frame,frameMs,cpuMs,activeObjects,totalObjects,created,destroyed,bossActive,buffersCreated,bufferCreateMs,poolGetCalls,poolScanSteps,poolGetMs
0,0.8598,2.5224,2,713,0,0,0,1,0.0449,0,0,0
1,5.2889,0.8953,2,713,0,0,0,0,0,0,0,0
2,4.7157,0.4542,2,713,0,0,0,0,0,0,0,0
3,3.8166,0.2526,2,713,0,0,0,0,0,0,0,0
4,3.9725,0.4221,2,713,0,0,0,0,0,0,0,0
5,4.1778,0.5903,2,713,0,0,0,0,0,0,0,0
6,4.2684,0.3311,2,713,0,0,0,0,0,0,0,0
7,4.0579,0.6236,2,713,0,0,0,0,0,0,0,0
8,4.1316,0.2906,2,713,0,0,0,0,0,0,0,0
9,4.1696,0.3506,2,713,0,0,0,0,0,0,0,0
10,4.3732,0.7974,2,713,0,0,0,0,0,0,0,0
11,3.9815,0.5316,2,713,0,0,0,0,0,0,0,0
12,4.204,0.4853,2,713,0,0,0,0,0,0,0,0
13,4.0851,0.6042,2,713,0,0,0,0,0,0,0,0
14,4.3,0.4081,2,713,0,0,0,0,0,0,0,0
15,4.0331,0.5225,2,713,0,0,0,0,0,0,0,0
16,4.3476,0.3885,2,713,0,0,0,0,0,0,0,0
17,3.9891,0.3871,2,713,0,0,0,0,0,0,0,0
18,4.2838,0.4275,2,713,0,0,0,0,0,0,0,0
19,4.0516,0.4428,2,713,0,0,0,0,0,0,0,0
20,4.2265,0.4095,2,713,0,0,0,0,0,0,0,0
21,4.1225,0.5166,2,713,0,0,0,0,0,0,0,0
22,4.4872,0.6576,2,713,0,0,0,0,0,0,0,0
23,3.8433,0.2731,2,713,0,0,0,0,0,0,0,0
24,4.1795,0.5661,2,713,0,0,0,0,0,0,0,0
25,4.1473,0.2124,2,713,0,0,0,0,0,0,0,0
26,4.218,0.4,2,713,0,0,0,0,0,0,0,0
27,4.16,0.2239,2,713,0,0,0,0,0,0,0,0
28,3.9904,0.2791,2,713,0,0,0,0,0,0,0,0
29,4.1844,0.2097,2,713,0,0,0,0,0,0,0,0
30,4.1486,0.5288,2,713,0,0,0,0,0,0,0,0
31,4.1467,0.2917,2,713,0,0,0,0,0,0,0,0
32,4.4129,0.6023,2,713,0,0,0,0,0,0,0,0
33,3.8948,0.4601,2,713,0,0,0,0,0,0,0,0
34,4.1874,0.2419,2,713,0,0,0,0,0,0,0,0
35,4.2395,0.2584,2,713,0,0,0,0,0,0,0,0
36,4.0924,0.5083,2,713,0,0,0,0,0,0,0,0
37,4.1665,0.6572,2,713,0,0,0,0,0,0,0,0
38,4.1782,0.5298,2,713,0,0,0,0,0,0,0,0
39,4.1608,0.3899,2,713,0,0,0,0,0,0,0,0
40,4.165,0.2358,2,713,0,0,0,0,0,0,0,0
41,4.1643,0.511,2,713,0,0,0,0,0,0,0,0
42,4.2043,0.5606,2,713,0,0,0,0,0,0,0,0
43,4.249,0.2142,2,713,0,0,0,0,0,0,0,0
44,4.0513,0.3102,2,713,0,0,0,0,0,0,0,0
45,4.2497,0.4268,2,713,0,0,0,0,0,0,0,0
46,4.5023,0.2444,2,713,0,0,0,0,0,0,0,0
47,4.1251,0.2337,2,713,0,0,0,0,0,0,0,0
48,4.151,0.2229,2,713,0,0,0,0,0,0,0,0
49,4.1492,0.2735,2,713,0,0,0,0,0,0,0,0
50,4.3424,0.2175,2,713,0,0,0,0,0,0,0,0
51,4.2092,0.2449,2,713,0,0,0,0,0,0,0,0
52,3.8673,0.2179,2,713,0,0,0,0,0,0,0,0
53,4.3036,0.2345,2,713,0,0,0,0,0,0,0,0
54,4.206,0.2293,2,713,0,0,0,0,0,0,0,0
55,4.1087,0.2176,2,713,0,0,0,0,0,0,0,0
56,4.1938,0.2183,2,713,0,0,0,0,0,0,0,0
57,4.0826,0.2305,2,713,0,0,0,0,0,0,0,0
58,4.2095,0.2175,2,713,0,0,0,0,0,0,0,0
59,4.2568,0.2475,2,713,0,0,0,0,0,0,0,0
60,4.1069,0.2192,2,713,0,0,0,0,0,0,0,0
61,4.0839,0.2168,2,713,0,0,0,0,0,0,0,0
62,4.132,0.212,2,713,0,0,0,0,0,0,0,0
63,4.3556,0.2224,2,713,0,0,0,0,0,0,0,0
64,4.0626,0.2226,2,713,0,0,0,0,0,0,0,0
65,4.093,0.2186,2,713,0,0,0,0,0,0,0,0
66,4.2927,0.2402,2,713,0,0,0,0,0,0,0,0
67,4.2756,0.3673,2,713,0,0,0,0,0,0,0,0
68,4.1488,0.3726,2,713,0,0,0,0,0,0,0,0
69,3.9762,0.2143,2,713,0,0,0,0,0,0,0,0
70,4.2014,0.2158,2,713,0,0,0,0,0,0,0,0
71,4.1359,0.2347,2,713,0,0,0,0,0,0,0,0
72,4.3645,0.2182,2,713,0,0,0,0,0,0,0,0
73,4.1242,0.248,2,713,0,0,0,0,0,0,0,0
74,4.2861,0.219,2,713,0,0,0,0,0,0,0,0
75,3.754,0.3132,2,713,0,0,0,0,0,0,0,0
76,4.3176,0.219,2,713,0,0,0,0,0,0,0,0
77,3.8328,0.2272,2,713,0,0,0,0,0,0,0,0
78,4.3202,0.3039,2,713,0,0,0,0,0,0,0,0
79,4.1971,0.5027,2,713,0,0,0,0,0,0,0,0
80,4.4717,0.2402,2,713,0,0,0,0,0,0,0,0
81,3.681,0.2102,2,713,0,0,0,0,0,0,0,0
82,4.314,0.3301,2,713,0,0,0,0,0,0,0,0
83,4.1785,0.2889,2,713,0,0,0,0,0,0,0,0
84,4.3113,0.2673,2,713,0,0,0,0,0,0,0,0
85,4.025,0.3341,2,713,0,0,0,0,0,0,0,0
86,3.9764,0.2389,2,713,0,0,0,0,0,0,0,0
87,4.2893,0.2538,2,713,0,0,0,0,0,0,0,0
88,4.0781,0.2116,2,713,0,0,0,0,0,0,0,0
89,4.2132,0.2551,2,713,0,0,0,0,0,0,0,0
90,4.3111,0.2648,2,713,0,0,0,0,0,0,0,0
91,4.1441,0.2517,2,713,0,0,0,0,0,0,0,0
92,4.1343,0.2711,2,713,0,0,0,0,0,0,0,0
93,4.0001,0.2954,2,713,0,0,0,0,0,0,0,0
94,4.3774,0.307,2,713,0,0,0,0,0,0,0,0
95,3.9638,0.2348,2,713,0,0,0,0,0,0,0,0
96,16.4573,0.2466,2,713,0,0,0,0,0,0,0,0
97,0.4998,0.4302,2,713,0,0,0,0,0,0,0,0
98,4.784,1.8262,2,713,0,0,0,0,0,0,0,0
99,3.753,0.2741,2,713,0,0,0,0,0,0,0,0
100,4.1851,0.3152,2,713,0,0,0,0,0,0,0,0
101,4.0974,0.3375,2,713,0,0,0,0,0,0,0,0
102,4.3777,0.3564,2,713,0,0,0,0,0,0,0,0
103,3.8643,0.2132,2,713,0,0,0,0,0,0,0,0
104,4.5281,0.3056,2,713,0,0,0,0,0,0,0,0
105,3.9924,0.434,2,713,0,0,0,0,0,0,0,0
106,4.2219,0.2923,2,713,0,0,0,0,0,0,0,0
107,4.0637,0.3072,2,713,0,0,0,0,0,0,0,0
108,4.0898,0.39,2,713,0,0,0,0,0,0,0,0
109,4.2702,0.497,2,713,0,0,0,0,0,0,0,0
110,3.9613,0.8958,2,713,0,0,0,0,0,0,0,0
111,4.3853,0.4294,2,713,0,0,0,0,0,0,0,0
112,4.353,0.2869,2,713,0,0,0,0,0,0,0,0
113,3.9988,0.2767,2,713,0,0,0,0,0,0,0,0
114,4.8359,0.3462,2,713,0,0,0,0,0,0,0,0
115,3.2468,0.2848,2,713,0,0,0,0,0,0,0,0
116,4.607,0.3075,2,713,0,0,0,0,0,0,0,0
117,3.7278,0.3555,2,713,0,0,0,0,0,0,0,0
118,4.4258,0.3548,2,713,0,0,0,0,0,0,0,0
119,4.0793,0.625,2,713,0,0,0,0,0,0,0,0
120,5.1946,0.217,2,713,0,0,0,0,0,0,0,0
121,2.9664,0.4543,2,713,0,0,0,0,0,0,0,0
122,4.0826,0.2737,2,713,0,0,0,0,0,0,0,0
123,4.2513,0.3132,2,713,0,0,0,0,0,0,0,0
124,4.2429,0.3676,2,713,0,0,0,0,0,0,0,0
125,4.0816,0.3157,2,713,0,0,0,0,0,0,0,0
126,4.147,0.3806,2,713,0,0,0,0,0,0,0,0
127,4.0933,0.3441,2,713,0,0,0,0,0,0,0,0
128,4.3608,0.3923,2,713,0,0,0,0,0,0,0,0
129,4.0693,0.2938,2,713,0,0,0,0,0,0,0,0
130,4.1083,0.285,2,713,0,0,0,0,0,0,0,0
131,4.2032,0.2585,2,713,0,0,0,0,0,0,0,0
132,4.2104,0.3259,2,713,0,0,0,0,0,0,0,0
133,4.0939,0.3344,2,713,0,0,0,0,0,0,0,0
134,4.1461,0.3917,2,713,0,0,0,0,0,0,0,0
135,4.1482,0.4055,2,713,0,0,0,0,0,0,0,0
136,4.5254,0.3504,2,713,0,0,0,0,0,0,0,0
137,4.7313,0.368,2,713,0,0,0,0,0,0,0,0
138,3.2962,0.4043,2,713,0,0,0,0,0,0,0,0
139,4.0991,0.3386,2,713,0,0,0,0,0,0,0,0
140,4.6844,0.2426,2,713,0,0,0,0,0,0,0,0
141,3.7946,0.434,2,713,0,0,0,0,0,0,0,0
142,4.3436,0.3876,2,713,0,0,0,0,0,0,0,0
143,4.4862,0.2211,2,713,0,0,0,0,0,0,0,0
144,4.1158,0.2485,2,713,0,0,0,0,0,0,0,0
145,3.9898,0.2296,2,713,0,0,0,0,0,0,0,0
146,4.0725,0.3595,2,713,0,0,0,0,0,0,0,0
147,4.6692,0.2146,2,713,0,0,0,0,0,0,0,0
148,4.1994,0.2308,2,713,0,0,0,0,0,0,0,0
149,3.551,0.2471,2,713,0,0,0,0,0,0,0,0
150,4.2469,0.3755,2,713,0,0,0,0,0,0,0,0
151,4.4269,0.2736,2,713,0,0,0,0,0,0,0,0
152,4.1301,0.2611,2,713,0,0,0,0,0,0,0,0
153,4.1637,0.2249,2,713,0,0,0,0,0,0,0,0
154,4.4868,0.2728,2,713,0,0,0,0,0,0,0,0
155,4.6495,0.2269,2,713,0,0,0,0,0,0,0,0
156,3.7494,0.2272,2,713,0,0,0,0,0,0,0,0
157,3.6325,0.2641,2,713,0,0,0,0,0,0,0,0
158,4.1027,0.3544,2,713,0,0,0,0,0,0,0,0
159,4.5827,0.2254,2,713,0,0,0,0,0,0,0,0
160,4.6803,0.2328,2,713,0,0,0,0,0,0,0,0
161,3.5263,0.2421,2,713,0,0,0,0,0,0,0,0
162,3.8951,0.3537,2,713,0,0,0,0,0,0,0,0
163,4.274,0.2716,2,713,0,0,0,0,0,0,0,0
164,4.1489,0.2836,2,713,0,0,0,0,0,0,0,0
165,4.046,0.2734,2,713,0,0,0,0,0,0,0,0
166,4.2483,0.2327,2,713,0,0,0,0,0,0,0,0
167,4.2454,0.2363,2,713,0,0,0,0,0,0,0,0
168,4.252,0.2453,2,713,0,0,0,0,0,0,0,0
169,4.2221,0.2154,2,713,0,0,0,0,0,0,0,0
170,4.0098,0.3206,2,713,0,0,0,0,0,0,0,0
171,4.1647,0.2149,2,713,0,0,0,0,0,0,0,0
172,4.2539,0.5266,2,713,0,0,0,0,0,0,0,0
173,4.2038,0.2819,2,713,0,0,0,0,0,0,0,0
174,3.6729,0.3609,2,713,0,0,0,0,0,0,0,0
175,4.1235,0.4178,2,713,0,0,0,0,0,0,0,0
176,4.5616,0.4773,2,713,0,0,0,0,0,0,0,0
177,3.9628,0.2966,2,713,0,0,0,0,0,0,0,0
178,4.3794,0.3951,2,713,0,0,0,0,0,0,0,0
179,3.9743,0.4754,2,713,0,0,0,0,0,0,0,0
180,4.4097,0.3661,2,713,0,0,0,0,0,0,0,0
181,3.705,0.4002,2,713,0,0,0,0,0,0,0,0
182,4.2153,0.4535,2,713,0,0,0,0,0,0,0,0
183,4.1481,0.25,2,713,0,0,0,0,0,0,0,0
184,4.1746,0.2558,2,713,0,0,0,0,0,0,0,0
185,3.9824,0.39,2,713,0,0,0,0,0,0,0,0
186,4.1579,0.2882,2,713,0,0,0,0,0,0,0,0
187,4.1056,0.2894,2,713,0,0,0,0,0,0,0,0
188,4.3856,0.3325,2,713,0,0,0,0,0,0,0,0
189,3.9515,0.2294,2,713,0,0,0,0,0,0,0,0
190,4.3647,0.3454,2,713,0,0,0,0,0,0,0,0
191,4.1092,0.4146,2,713,0,0,0,0,0,0,0,0
192,4.1991,0.3048,2,713,0,0,0,0,0,0,0,0
193,4.1653,0.3263,2,713,0,0,0,0,0,0,0,0
194,4.0419,0.2166,2,713,0,0,0,0,0,0,0,0
195,4.2463,0.2551,2,713,0,0,0,0,0,0,0,0
196,4.1727,0.1893,2,713,0,0,0,0,0,0,0,0
197,4.1758,0.3025,2,713,0,0,0,0,0,0,0,0
198,4.1371,0.379,2,713,0,0,0,0,0,0,0,0
199,4.0707,0.2512,2,713,0,0,0,0,0,0,0,0
200,4.2058,0.2858,2,713,0,0,0,0,0,0,0,0
201,4.2949,0.2615,2,713,0,0,0,0,0,0,0,0
202,4.2056,0.2669,2,713,0,0,0,0,0,0,0,0
203,4.203,0.3297,2,713,0,0,0,0,0,0,0,0
204,4.0742,0.3057,2,713,0,0,0,0,0,0,0,0
205,4.144,0.288,2,713,0,0,0,0,0,0,0,0
206,4.1944,0.282,2,713,0,0,0,0,0,0,0,0
207,4.1938,0.3048,2,713,0,0,0,0,0,0,0,0
208,4.1151,0.2267,2,713,0,0,0,0,0,0,0,0
209,4.4868,0.3333,2,713,0,0,0,0,0,0,0,0
210,3.8647,0.2809,2,713,0,0,0,0,0,0,0,0
211,4.1209,0.2784,2,713,0,0,0,0,0,0,0,0
212,4.2078,0.3324,2,713,0,0,0,0,0,0,0,0
213,4.0927,0.2302,2,713,0,0,0,0,0,0,0,0
214,4.2602,0.463,2,713,0,0,0,0,0,0,0,0
215,4.4616,0.5393,2,713,0,0,0,0,0,0,0,0
216,3.9428,0.5965,2,713,0,0,0,0,0,0,0,0
217,4.0594,0.2924,2,713,0,0,0,0,0,0,0,0
218,4.2076,0.3602,2,713,0,0,0,0,0,0,0,0
219,4.1475,0.4883,2,713,0,0,0,0,0,0,0,0
220,4.1251,0.2396,2,713,0,0,0,0,0,0,0,0
221,4.2157,0.4282,2,713,0,0,0,0,0,0,0,0
222,4.0976,0.2832,2,713,0,0,0,0,0,0,0,0
223,4.149,0.2267,2,713,0,0,0,0,0,0,0,0
224,4.2268,0.2965,2,713,0,0,0,0,0,0,0,0
225,4.2377,0.3356,2,713,0,0,0,0,0,0,0,0
226,4.0517,0.4023,2,713,0,0,0,0,0,0,0,0
227,4.1702,0.3726,2,713,0,0,0,0,0,0,0,0
228,4.3413,0.4366,2,713,0,0,0,0,0,0,0,0
229,4.2872,0.3746,2,713,0,0,0,0,0,0,0,0
230,3.8801,0.2638,2,713,0,0,0,0,0,0,0,0
231,4.2316,0.3361,2,713,0,0,0,0,0,0,0,0
232,4.1564,0.2466,2,713,0,0,0,0,0,0,0,0
233,4.1564,0.3774,2,713,0,0,0,0,0,0,0,0
234,4.4799,0.5006,2,713,0,0,0,0,0,0,0,0
235,3.7851,0.2626,2,713,0,0,0,0,0,0,0,0
236,4.2137,0.5311,2,713,0,0,0,0,0,0,0,0
237,4.1504,0.3258,2,713,0,0,0,0,0,0,0,0
238,4.6541,0.2955,2,713,0,0,0,0,0,0,0,0
239,3.7001,0.299,2,713,0,0,0,0,0,0,0,0
240,4.1352,0.2697,2,713,0,0,0,0,0,0,0,0
241,4.1647,0.3662,2,713,0,0,0,0,0,0,0,0
242,4.1693,0.289,2,713,0,0,0,0,0,0,0,0
243,4.199,0.314,2,713,0,0,0,0,0,0,0,0
244,4.092,0.26,2,713,0,0,0,0,0,0,0,0
245,4.2332,0.2874,2,713,0,0,0,0,0,0,0,0
246,4.1207,0.2917,2,713,0,0,0,0,0,0,0,0
247,4.1936,0.3668,2,713,0,0,0,0,0,0,0,0
248,4.261,0.2322,2,713,0,0,0,0,0,0,0,0
249,4.1687,0.32,2,713,0,0,0,0,0,0,0,0
250,4.4533,0.4214,2,713,0,0,0,0,0,0,0,0
251,3.8803,0.3845,2,713,0,0,0,0,0,0,0,0
252,4.0508,0.2668,2,713,0,0,0,0,0,0,0,0
253,4.3475,0.3625,2,713,0,0,0,0,0,0,0,0
254,4.0476,0.2725,2,713,0,0,0,0,0,0,0,0
255,4.1765,0.3303,2,713,0,0,0,0,0,0,0,0
256,4.0731,0.2277,2,713,0,0,0,0,0,0,0,0
257,4.2619,0.2904,2,713,0,0,0,0,0,0,0,0
258,4.1656,0.3584,2,713,0,0,0,0,0,0,0,0
259,4.0914,0.2659,2,713,0,0,0,0,0,0,0,0
260,4.2768,0.2999,2,713,0,0,0,0,0,0,0,0
261,4.1325,0.2512,2,713,0,0,0,0,0,0,0,0
262,4.1867,0.2568,2,713,0,0,0,0,0,0,0,0
263,4.0946,0.4707,2,713,0,0,0,0,0,0,0,0
264,4.1776,0.4478,2,713,0,0,0,0,0,0,0,0
265,4.1718,0.3561,2,713,0,0,0,0,0,0,0,0
266,4.1624,0.2586,2,713,0,0,0,0,0,0,0,0
267,4.187,0.2674,2,713,0,0,0,0,0,0,0,0
268,4.1709,0.294,2,713,0,0,0,0,0,0,0,0
269,4.4713,0.3122,2,713,0,0,0,0,0,0,0,0
270,3.8877,0.2615,2,713,0,0,0,0,0,0,0,0
271,4.1175,0.3038,2,713,0,0,0,0,0,0,0,0
272,4.3802,0.3288,2,713,0,0,0,0,0,0,0,0
273,3.9933,0.44,2,713,0,0,0,0,0,0,0,0
274,4.1667,0.2442,2,713,0,0,0,0,0,0,0,0
275,4.1934,0.3251,2,713,0,0,0,0,0,0,0,0
276,4.1076,0.3654,2,713,0,0,0,0,0,0,0,0
277,4.2592,0.4445,2,713,0,0,0,0,0,0,0,0
278,4.1992,0.3224,2,713,0,0,0,0,0,0,0,0
279,4.0733,0.3134,2,713,0,0,0,0,0,0,0,0
280,4.2233,0.3508,2,713,0,0,0,0,0,0,0,0
281,4.4248,0.2738,2,713,0,0,0,0,0,0,0,0
282,3.9727,0.5995,2,713,0,0,0,0,0,0,0,0
283,4.0201,0.2369,2,713,0,0,0,0,0,0,0,0
284,4.3051,0.285,2,713,0,0,0,0,0,0,0,0
285,4.0159,0.2276,2,713,0,0,0,0,0,0,0,0
286,4.2652,0.6207,2,713,0,0,0,0,0,0,0,0
287,4.0963,0.3462,2,713,0,0,0,0,0,0,0,0
288,4.125,0.3992,2,713,0,0,0,0,0,0,0,0
289,4.2676,0.3013,2,713,0,0,0,0,0,0,0,0
290,4.1418,0.509,2,713,0,0,0,0,0,0,0,0
291,4.1199,0.4418,2,713,0,0,0,0,0,0,0,0
292,4.2038,0.3166,2,713,0,0,0,0,0,0,0,0
293,4.0966,0.2388,2,713,0,0,0,0,0,0,0,0
294,4.1427,0.249,2,713,0,0,0,0,0,0,0,0
295,4.1804,0.2949,2,713,0,0,0,0,0,0,0,0
296,4.1691,0.3224,2,713,0,0,0,0,0,0,0,0
297,4.2152,0.2822,2,713,0,0,0,0,0,0,0,0
298,4.203,0.3006,2,713,0,0,0,0,0,0,0,0
299,4.1006,0.2434,2,713,0,0,0,0,0,0,0,0
300,4.1503,0.2147,2,713,0,0,0,0,0,0,0,0
301,4.2027,0.2993,2,713,0,0,0,0,0,0,0,0
302,4.1614,0.2575,2,713,0,0,0,0,0,0,0,0
303,4.2919,0.3665,2,713,0,0,0,0,0,0,0,0
304,4.0849,0.2606,2,713,0,0,0,0,0,0,0,0
305,4.1231,0.2755,2,713,0,0,0,0,0,0,0,0
306,4.1396,0.2383,2,713,0,0,0,0,0,0,0,0
307,4.1832,0.3649,2,713,0,0,0,0,0,0,0,0
308,4.1446,0.4144,2,713,0,0,0,0,0,0,0,0
309,4.1997,0.2344,2,713,0,0,0,0,0,0,0,0
310,4.3649,0.531,2,713,0,0,0,0,0,0,0,0
311,4.0334,0.3352,2,713,0,0,0,0,0,0,0,0
312,4.2003,0.3127,2,713,0,0,0,0,0,0,0,0
313,4.105,0.2583,2,713,0,0,0,0,0,0,0,0
314,4.1506,0.3501,2,713,0,0,0,0,0,0,0,0
315,4.1965,0.5506,2,713,0,0,0,0,0,0,0,0
316,4.3364,0.3908,2,713,0,0,0,0,0,0,0,0
317,4.2623,0.4165,2,713,0,0,0,0,0,0,0,0
318,3.8583,0.2388,2,713,0,0,0,0,0,0,0,0
319,4.1306,0.2603,2,713,0,0,0,0,0,0,0,0
320,4.2788,0.4893,2,713,0,0,0,0,0,0,0,0
321,4.1397,0.2669,2,713,0,0,0,0,0,0,0,0
322,4.3411,0.4912,2,713,0,0,0,0,0,0,0,0
323,3.9734,0.2487,2,713,0,0,0,0,0,0,0,0
324,4.2037,0.3074,2,713,0,0,0,0,0,0,0,0
325,4.1631,0.3318,2,713,0,0,0,0,0,0,0,0
326,4.1196,0.2462,2,713,0,0,0,0,0,0,0,0
327,4.2874,0.2878,2,713,0,0,0,0,0,0,0,0
328,4.0657,0.254,2,713,0,0,0,0,0,0,0,0
329,4.1423,0.2622,2,713,0,0,0,0,0,0,0,0
330,4.1628,0.2456,2,713,0,0,0,0,0,0,0,0
331,4.1346,0.2248,2,713,0,0,0,0,0,0,0,0
332,4.2196,0.2375,2,713,0,0,0,0,0,0,0,0
333,4.1975,0.5021,2,713,0,0,0,0,0,0,0,0
334,4.2031,0.5625,2,713,0,0,0,0,0,0,0,0
335,4.3097,0.3342,2,713,0,0,0,0,0,0,0,0
336,4.2584,0.4435,2,713,0,0,0,0,0,0,0,0
337,3.8765,0.2526,2,713,0,0,0,0,0,0,0,0
338,4.1339,0.2657,2,713,0,0,0,0,0,0,0,0
339,4.1886,0.3479,2,713,0,0,0,0,0,0,0,0
340,4.1089,0.2357,2,713,0,0,0,0,0,0,0,0
341,4.5715,0.4643,2,713,0,0,0,0,0,0,0,0
342,3.8947,0.2704,2,713,0,0,0,0,0,0,0,0
343,4.0686,0.3248,2,713,0,0,0,0,0,0,0,0
344,4.2549,0.3013,2,713,0,0,0,0,0,0,0,0
345,4.115,0.2446,2,713,0,0,0,0,0,0,0,0
346,4.1043,0.4659,2,713,0,0,0,0,0,0,0,0
347,4.2471,0.416,2,713,0,0,0,0,0,0,0,0
348,4.3772,0.5039,2,713,0,0,0,0,0,0,0,0
349,3.9641,0.5131,2,713,0,0,0,0,0,0,0,0
350,4.1303,0.3673,2,713,0,0,0,0,0,0,0,0
351,4.587,0.5015,2,713,0,0,0,0,0,0,0,0
352,3.9145,0.309,2,713,0,0,0,0,0,0,0,0
353,3.9732,0.2925,2,713,0,0,0,0,0,0,0,0
354,4.209,0.3175,2,713,0,0,0,0,0,0,0,0
355,4.1054,0.2828,2,713,0,0,0,0,0,0,0,0
356,4.2503,0.4466,2,713,0,0,0,0,0,0,0,0
357,4.1098,0.2729,2,713,0,0,0,0,0,0,0,0
358,4.5281,0.5043,2,713,0,0,0,0,0,0,0,0
359,3.9885,0.263,2,713,0,0,0,0,0,0,0,0
360,4.1396,0.4009,2,713,0,0,0,0,0,0,0,0
361,4.0719,0.4862,2,713,0,0,0,0,0,0,0,0
362,4.0878,0.2928,2,713,0,0,0,0,0,0,0,0
363,4.2336,0.3884,2,713,0,0,0,0,0,0,0,0
364,4.1498,0.5199,2,713,0,0,0,0,0,0,0,0
365,4.3964,0.2725,2,713,0,0,0,0,0,0,0,0
366,4.0951,0.5478,2,713,0,0,0,0,0,0,0,0
367,3.977,0.3347,2,713,0,0,0,0,0,0,0,0
368,4.1691,0.2601,2,713,0,0,0,0,0,0,0,0
369,4.4848,0.2511,2,713,0,0,0,0,0,0,0,0
370,4.2054,0.4794,2,713,0,0,0,0,0,0,0,0
371,4.0395,0.2643,2,713,0,0,0,0,0,0,0,0
372,3.9954,0.5139,2,713,0,0,0,0,0,0,0,0
373,4.1571,0.3044,2,713,0,0,0,0,0,0,0,0
374,4.1229,0.2779,2,713,0,0,0,0,0,0,0,0
375,4.1542,0.4441,2,713,0,0,0,0,0,0,0,0
376,4.1771,0.2617,2,713,0,0,0,0,0,0,0,0
377,4.3979,0.3174,2,713,0,0,0,0,0,0,0,0
378,4.0898,0.3181,2,713,0,0,0,0,0,0,0,0
379,4.0229,0.289,2,713,0,0,0,0,0,0,0,0
380,4.2735,0.483,2,713,0,0,0,0,0,0,0,0
381,4.1629,0.4219,2,713,0,0,0,0,0,0,0,0
382,4.6988,0.3762,2,713,0,0,0,0,0,0,0,0
383,3.8798,0.489,2,713,0,0,0,0,0,0,0,0
384,3.8587,0.4141,2,713,0,0,0,0,0,0,0,0
385,4.2745,0.4101,2,713,0,0,0,0,0,0,0,0
386,4.048,0.3943,2,713,0,0,0,0,0,0,0,0
387,4.1267,0.2617,2,713,0,0,0,0,0,0,0,0
388,4.7402,0.3402,2,713,0,0,0,0,0,0,0,0
389,3.7804,0.3167,2,713,0,0,0,0,0,0,0,0
390,4.4084,0.3743,2,713,0,0,0,0,0,0,0,0
391,3.7298,0.2523,2,713,0,0,0,0,0,0,0,0
392,4.4497,0.4684,2,713,0,0,0,0,0,0,0,0
393,3.8879,0.4383,2,713,0,0,0,0,0,0,0,0
394,4.2263,0.2997,2,713,0,0,0,0,0,0,0,0
395,4.1531,0.4451,2,713,0,0,0,0,0,0,0,0
396,4.0496,0.2378,2,713,0,0,0,0,0,0,0,0
397,4.3032,0.3759,2,713,0,0,0,0,0,0,0,0
398,4.1726,0.2745,2,713,0,0,0,0,0,0,0,0
399,4.1627,0.3348,2,713,0,0,0,0,0,0,0,0
400,4.1378,0.263,2,713,0,0,0,0,0,0,0,0
401,4.1683,0.2512,2,713,0,0,0,0,0,0,0,0
402,4.1522,0.4799,2,713,0,0,0,0,0,0,0,0
403,4.118,0.3945,2,713,0,0,0,0,0,0,0,0
404,4.3607,0.3646,2,713,0,0,0,0,0,0,0,0
405,4.024,0.3068,2,713,0,0,0,0,0,0,0,0
406,4.2164,0.3303,2,713,0,0,0,0,0,0,0,0
407,4.1131,0.3287,2,713,0,0,0,0,0,0,0,0
408,4.1695,0.2873,2,713,0,0,0,0,0,0,0,0
409,4.2207,0.2968,2,713,0,0,0,0,0,0,0,0
410,4.2817,0.404,2,713,0,0,0,0,0,0,0,0
411,4.3251,0.4651,2,713,0,0,0,0,0,0,0,0
412,3.8822,0.2607,2,713,0,0,0,0,0,0,0,0
413,4.4843,0.5169,2,713,0,0,0,0,0,0,0,0
414,3.7855,0.2474,2,713,0,0,0,0,0,0,0,0
415,4.1367,0.3453,2,713,0,0,0,0,0,0,0,0
416,4.2521,0.4489,2,713,0,0,0,0,0,0,0,0
417,4.0985,0.2883,2,713,0,0,0,0,0,0,0,0
418,4.499,0.4336,2,713,0,0,0,0,0,0,0,0
419,3.787,0.2917,2,713,0,0,0,0,0,0,0,0
420,4.2299,0.3996,2,713,0,0,0,0,0,0,0,0
421,4.2356,0.3941,2,713,0,0,0,0,0,0,0,0
422,4.0761,0.2559,2,713,0,0,0,0,0,0,0,0
423,4.4393,0.5424,2,713,0,0,0,0,0,0,0,0
424,3.9161,0.3274,2,713,0,0,0,0,0,0,0,0
425,4.4898,0.3214,2,713,0,0,0,0,0,0,0,0
426,3.8842,0.2521,2,713,0,0,0,0,0,0,0,0
427,4.0924,0.3548,2,713,0,0,0,0,0,0,0,0
428,4.1895,0.2896,2,713,0,0,0,0,0,0,0,0
429,4.1772,0.2945,2,713,0,0,0,0,0,0,0,0
430,4.3239,0.3529,2,713,0,0,0,0,0,0,0,0
431,4.0725,0.3124,2,713,0,0,0,0,0,0,0,0
432,4.1841,0.3252,2,713,0,0,0,0,0,0,0,0
433,4.4179,0.3235,2,713,0,0,0,0,0,0,0,0
434,3.856,0.4625,2,713,0,0,0,0,0,0,0,0
435,4.2025,0.4333,2,713,0,0,0,0,0,0,0,0
436,4.1385,0.3125,2,713,0,0,0,0,0,0,0,0
437,4.1796,0.2629,2,713,0,0,0,0,0,0,0,0
438,4.2108,0.3301,2,713,0,0,0,0,0,0,0,0
439,4.0852,0.2724,2,713,0,0,0,0,0,0,0,0
440,4.1993,0.3031,2,713,0,0,0,0,0,0,0,0
441,4.2165,0.2956,2,713,0,0,0,0,0,0,0,0
442,4.391,0.4893,2,713,0,0,0,0,0,0,0,0
443,3.8831,0.3053,2,713,0,0,0,0,0,0,0,0
444,4.1199,0.2218,2,713,0,0,0,0,0,0,0,0
445,4.2404,0.2988,2,713,0,0,0,0,0,0,0,0
446,4.1245,0.2646,2,713,0,0,0,0,0,0,0,0
447,4.215,0.5009,2,713,0,0,0,0,0,0,0,0
448,4.1901,0.4201,2,713,0,0,0,0,0,0,0,0
449,4.446,0.3254,2,713,0,0,0,0,0,0,0,0
450,3.925,0.3018,2,713,0,0,0,0,0,0,0,0
451,4.0276,0.271,2,713,0,0,0,0,0,0,0,0
452,4.1499,0.2478,2,713,0,0,0,0,0,0,0,0
453,4.1847,0.226,2,713,0,0,0,0,0,0,0,0
454,4.3717,0.3974,2,713,0,0,0,0,0,0,0,0
455,4.0261,0.3393,2,713,0,0,0,0,0,0,0,0
456,4.4679,0.4032,2,713,0,0,0,0,0,0,0,0
457,3.8704,0.2692,2,713,0,0,0,0,0,0,0,0
458,4.1158,0.238,2,713,0,0,0,0,0,0,0,0
459,4.124,0.2665,2,713,0,0,0,0,0,0,0,0
460,4.1677,0.2153,2,713,0,0,0,0,0,0,0,0
461,4.5878,0.3369,2,713,0,0,0,0,0,0,0,0
462,3.8393,0.3042,2,713,0,0,0,0,0,0,0,0
463,4.1301,0.2242,2,713,0,0,0,0,0,0,0,0
464,4.5655,0.3165,2,713,0,0,0,0,0,0,0,0
465,3.7663,0.2614,2,713,0,0,0,0,0,0,0,0
466,4.209,0.4117,2,713,0,0,0,0,0,0,0,0
467,4.3469,0.3675,2,713,0,0,0,0,0,0,0,0
468,3.9729,0.3331,2,713,0,0,0,0,0,0,0,0
469,4.2095,0.3061,2,713,0,0,0,0,0,0,0,0
470,4.136,0.3095,2,713,0,0,0,0,0,0,0,0
471,4.1471,0.2771,2,713,0,0,0,0,0,0,0,0
472,4.2481,0.42,2,713,0,0,0,0,0,0,0,0
473,4.2443,0.4991,2,713,0,0,0,0,0,0,0,0
474,4.1082,0.2498,2,713,0,0,0,0,0,0,0,0
475,4.015,0.2609,2,713,0,0,0,0,0,0,0,0
476,4.2578,0.4201,2,713,0,0,0,0,0,0,0,0
477,4.1208,0.2568,2,713,0,0,0,0,0,0,0,0
478,4.1923,0.3438,2,713,0,0,0,0,0,0,0,0
479,4.08,0.4071,2,713,0,0,0,0,0,0,0,0
480,4.4904,0.4697,2,713,0,0,0,0,0,0,0,0
481,3.8858,0.2628,2,713,0,0,0,0,0,0,0,0
482,4.243,0.2924,2,713,0,0,0,0,0,0,0,0
483,4.1501,0.3508,2,713,0,0,0,0,0,0,0,0
484,4.4352,0.4942,2,713,0,0,0,0,0,0,0,0
485,4.0261,0.4963,2,713,0,0,0,0,0,0,0,0
486,4.0693,0.2276,2,713,0,0,0,0,0,0,0,0
487,4.0661,0.4597,2,713,0,0,0,0,0,0,0,0
488,4.2141,0.3011,2,713,0,0,0,0,0,0,0,0
489,4.175,0.2568,2,713,0,0,0,0,0,0,0,0
490,4.1742,0.6047,2,713,0,0,0,0,0,0,0,0
491,4.2278,0.4585,2,713,0,0,0,0,0,0,0,0
492,4.2707,0.5041,2,713,0,0,0,0,0,0,0,0
493,3.9899,0.3008,2,713,0,0,0,0,0,0,0,0
494,4.2477,0.4828,2,713,0,0,0,0,0,0,0,0
495,4.3922,0.4993,2,713,0,0,0,0,0,0,0,0
496,4.4783,0.4725,2,713,0,0,0,0,0,0,0,0
497,3.915,0.2456,2,713,0,0,0,0,0,0,0,0
498,3.8808,0.4958,2,713,0,0,0,0,0,0,0,0
499,4.0231,0.2312,2,713,0,0,0,0,0,0,0,0
500,4.2262,0.2728,2,713,0,0,0,0,0,0,0,0
501,4.1744,0.2024,2,713,0,0,0,0,0,0,0,0
502,4.2235,0.2676,2,713,0,0,0,0,0,0,0,0
503,4.3541,0.275,2,713,0,0,0,0,0,0,0,0
504,4.03,0.2789,2,713,0,0,0,0,0,0,0,0
505,4.1096,0.2714,2,713,0,0,0,0,0,0,0,0
506,4.0976,0.2455,2,713,0,0,0,0,0,0,0,0
507,4.4376,0.3744,2,713,0,0,0,0,0,0,0,0
508,4.0724,0.2885,2,713,0,0,0,0,0,0,0,0
509,4.4684,0.2461,2,713,0,0,0,0,0,0,0,0
510,3.6881,0.3093,2,713,0,0,0,0,0,0,0,0
511,4.1169,0.2189,2,713,0,0,0,0,0,0,0,0
512,4.2291,0.4413,2,713,0,0,0,0,0,0,0,0
513,4.1887,0.264,2,713,0,0,0,0,0,0,0,0
514,4.2213,0.2903,2,713,0,0,0,0,0,0,0,0
515,4.0062,0.3912,2,713,0,0,0,0,0,0,0,0
516,4.1589,0.2034,2,713,0,0,0,0,0,0,0,0
517,4.1788,0.3407,2,713,0,0,0,0,0,0,0,0
518,4.1837,0.2651,2,713,0,0,0,0,0,0,0,0
519,4.2137,0.2901,2,713,0,0,0,0,0,0,0,0
520,4.1796,0.4974,2,713,0,0,0,0,0,0,0,0
521,4.1529,0.5783,2,713,0,0,0,0,0,0,0,0
522,4.4435,0.432,2,713,0,0,0,0,0,0,0,0
523,3.7911,0.1843,2,713,0,0,0,0,0,0,0,0
524,4.2837,0.288,2,713,0,0,0,0,0,0,0,0
525,4.1037,0.2475,2,713,0,0,0,0,0,0,0,0
526,4.6356,0.4171,2,713,0,0,0,0,0,0,0,0
527,3.8065,0.2626,2,713,0,0,0,0,0,0,0,0
528,4.0658,0.2886,2,713,0,0,0,0,0,0,0,0
529,4.2432,0.4469,2,713,0,0,0,0,0,0,0,0
530,4.0733,0.2028,2,713,0,0,0,0,0,0,0,0
531,4.2913,0.5265,2,713,0,0,0,0,0,0,0,0
532,4.186,0.3815,2,713,0,0,0,0,0,0,0,0
533,4.0422,0.2542,2,713,0,0,0,0,0,0,0,0
534,4.1992,0.3271,2,713,0,0,0,0,0,0,0,0
535,4.1745,0.2331,2,713,0,0,0,0,0,0,0,0
536,4.1266,0.235,2,713,0,0,0,0,0,0,0,0
537,4.1687,0.2489,2,713,0,0,0,0,0,0,0,0
538,4.2028,0.2197,2,713,0,0,0,0,0,0,0,0
539,4.128,0.3461,2,713,0,0,0,0,0,0,0,0
540,4.167,0.2978,2,713,0,0,0,0,0,0,0,0
541,4.1886,0.2975,2,713,0,0,0,0,0,0,0,0
542,4.1392,0.2948,2,713,0,0,0,0,0,0,0,0
543,4.2438,0.2991,2,713,0,0,0,0,0,0,0,0
544,4.1415,0.2626,2,713,0,0,0,0,0,0,0,0
545,4.184,0.3337,2,713,0,0,0,0,0,0,0,0
546,4.1432,0.3066,2,713,0,0,0,0,0,0,0,0
547,4.1456,0.2901,2,713,0,0,0,0,0,0,0,0
548,4.1971,0.2901,2,713,0,0,0,0,0,0,0,0
549,4.1661,0.256,2,713,0,0,0,0,0,0,0,0
550,4.1472,0.3281,2,713,0,0,0,0,0,0,0,0
551,4.1972,0.2808,2,713,0,0,0,0,0,0,0,0
552,4.4189,0.2447,2,713,0,0,0,0,0,0,0,0
553,3.9068,0.3229,2,713,0,0,0,0,0,0,0,0
554,4.1244,0.2472,2,713,0,0,0,0,0,0,0,0
555,4.1325,0.2191,2,713,0,0,0,0,0,0,0,0
556,4.1955,0.3757,2,713,0,0,0,0,0,0,0,0
557,4.536,0.4152,2,713,0,0,0,0,0,0,0,0
558,3.8397,0.2232,2,713,0,0,0,0,0,0,0,0
559,4.0977,0.2316,2,713,0,0,0,0,0,0,0,0
560,4.2397,0.3195,2,713,0,0,0,0,0,0,0,0
561,4.205,0.2565,2,713,0,0,0,0,0,0,0,0
562,4.1336,0.2827,2,713,0,0,0,0,0,0,0,0
563,4.1581,0.3369,2,713,0,0,0,0,0,0,0,0
564,4.143,0.3718,2,713,0,0,0,0,0,0,0,0
565,4.1593,0.3333,2,713,0,0,0,0,0,0,0,0
566,4.1271,0.2288,2,713,0,0,0,0,0,0,0,0
567,4.2876,0.446,2,713,0,0,0,0,0,0,0,0
568,4.1471,0.3109,2,713,0,0,0,0,0,0,0,0
569,4.239,0.295,2,713,0,0,0,0,0,0,0,0
570,4.0523,0.2178,2,713,0,0,0,0,0,0,0,0
571,4.1142,0.231,2,713,0,0,0,0,0,0,0,0
572,4.1979,0.2097,2,713,0,0,0,0,0,0,0,0
573,4.1605,0.2819,2,713,0,0,0,0,0,0,0,0
574,4.4536,0.4028,2,713,0,0,0,0,0,0,0,0
575,4.2476,0.4028,2,713,0,0,0,0,0,0,0,0
576,3.87,0.2508,2,713,0,0,0,0,0,0,0,0
577,4.1723,0.2584,2,713,0,0,0,0,0,0,0,0
578,4.0977,0.2613,2,713,0,0,0,0,0,0,0,0
579,4.2127,0.3733,2,713,0,0,0,0,0,0,0,0
580,4.1641,0.2891,2,713,0,0,0,0,0,0,0,0
581,4.1853,0.2583,2,713,0,0,0,0,0,0,0,0
582,4.097,0.209,2,713,0,0,0,0,0,0,0,0
583,4.164,0.2199,2,713,0,0,0,0,0,0,0,0
584,4.1624,0.2388,2,713,0,0,0,0,0,0,0,0
585,4.2169,0.2009,2,713,0,0,0,0,0,0,0,0
586,4.1831,0.3508,2,713,0,0,0,0,0,0,0,0
587,4.1411,0.3595,2,713,0,0,0,0,0,0,0,0
588,4.4878,0.3553,2,713,0,0,0,0,0,0,0,0
589,3.8869,0.2891,2,713,0,0,0,0,0,0,0,0
590,4.0668,0.2328,2,713,0,0,0,0,0,0,0,0
591,4.5038,0.4188,2,713,0,0,0,0,0,0,0,0
592,3.893,0.248,2,713,0,0,0,0,0,0,0,0
593,4.3068,0.5028,2,713,0,0,0,0,0,0,0,0
594,4.0965,0.283,2,713,0,0,0,0,0,0,0,0
595,4.0438,0.2677,2,713,0,0,0,0,0,0,0,0
596,4.1355,0.2645,2,713,0,0,0,0,0,0,0,0
597,4.1899,0.246,2,713,0,0,0,0,0,0,0,0
598,4.3446,0.3501,2,713,0,0,0,0,0,0,0,0
599,4.0457,0.3352,2,713,0,0,0,0,0,0,0,0
600,4.1917,0.2879,2,713,0,0,0,0,0,0,0,0
601,4.1476,0.2487,2,713,0,0,0,0,0,0,0,0
602,4.234,0.2457,2,713,0,0,0,0,0,0,0,0
603,4.1337,0.287,2,713,0,0,0,0,0,0,0,0
604,4.1572,0.2998,2,713,0,0,0,0,0,0,0,0
605,4.1774,0.3612,2,713,0,0,0,0,0,0,0,0
606,4.1465,0.3278,2,713,0,0,0,0,0,0,0,0
607,4.1295,0.2473,2,713,0,0,0,0,0,0,0,0
608,4.1757,0.2274,2,713,0,0,0,0,0,0,0,0
609,4.1552,0.3136,2,713,0,0,0,0,0,0,0,0
610,4.1874,0.584,2,713,0,0,0,0,0,0,0,0
611,4.2709,0.4239,2,713,0,0,0,0,0,0,0,0
612,4.1838,0.3783,2,713,0,0,0,0,0,0,0,0
613,4.0595,0.204,2,713,0,0,0,0,0,0,0,0
614,4.1522,0.3423,2,713,0,0,0,0,0,0,0,0
615,4.1884,0.2284,2,713,0,0,0,0,0,0,0,0
616,4.1901,0.3442,2,713,0,0,0,0,0,0,0,0
617,4.131,0.3481,2,713,0,0,0,0,0,0,0,0
618,4.3639,0.4216,2,713,0,0,0,0,0,0,0,0
619,3.9419,0.1908,2,713,0,0,0,0,0,0,0,0
620,4.1095,0.2074,2,713,0,0,0,0,0,0,0,0
621,4.2182,0.3175,2,713,0,0,0,0,0,0,0,0
622,4.2616,0.2874,2,713,0,0,0,0,0,0,0,0
623,4.115,0.2943,2,713,0,0,0,0,0,0,0,0
624,4.2599,0.3619,2,713,0,0,0,0,0,0,0,0
625,4.1722,0.4281,2,713,0,0,0,0,0,0,0,0
626,4.0726,0.2248,2,713,0,0,0,0,0,0,0,0
627,4.0559,0.3463,2,713,0,0,0,0,0,0,0,0
628,4.5214,0.6815,13,713,0,0,1,11,0.0613,10,145,0.0006
629,4.1335,0.2888,13,713,0,0,1,0,0,0,0,0
630,3.9432,0.3044,13,713,0,0,1,0,0,0,0,0
631,4.1011,0.2121,13,713,0,0,1,0,0,0,0,0
632,4.2481,0.4882,13,713,0,0,1,0,0,0,0,0
633,4.1204,0.2687,13,713,0,0,1,0,0,0,0,0
634,4.1898,0.2398,13,713,0,0,1,0,0,0,0,0
635,4.0902,0.2271,13,713,0,0,1,0,0,0,0,0
636,4.1821,0.309,13,713,0,0,1,0,0,0,0,0
637,4.3698,0.3551,13,713,0,0,1,0,0,0,0,0
638,4.116,0.2452,13,713,0,0,1,0,0,0,0,0
639,4.1073,0.3141,13,713,0,0,1,0,0,0,0,0
640,4.1495,0.4096,13,713,0,0,1,0,0,0,0,0
641,4.2026,0.273,13,713,0,0,1,0,0,0,0,0
642,4.069,0.3483,13,713,0,0,1,0,0,0,0,0
643,4.1996,0.2385,13,713,0,0,1,0,0,0,0,0
644,4.1914,0.3133,13,713,0,0,1,0,0,0,0,0
645,4.1153,0.2324,13,713,0,0,1,0,0,0,0,0
646,4.2231,0.2448,13,713,0,0,1,0,0,0,0,0
647,4.1224,0.3023,13,713,0,0,1,0,0,0,0,0
648,4.4925,0.3413,13,713,0,0,1,0,0,0,0,0
649,4.5016,0.3921,13,713,0,0,1,0,0,0,0,0
650,3.6344,0.2441,13,713,0,0,1,0,0,0,0,0
651,4.1093,0.2769,13,713,0,0,1,0,0,0,0,0
652,4.0963,0.2672,13,713,0,0,1,0,0,0,0,0
653,4.2432,0.2943,13,713,0,0,1,0,0,0,0,0
654,4.1148,0.2574,13,713,0,0,1,0,0,0,0,0
655,4.1449,0.258,13,713,0,0,1,0,0,0,0,0
656,4.2002,0.3874,13,713,0,0,1,0,0,0,0,0
657,4.1147,0.2182,13,713,0,0,1,0,0,0,0,0
658,4.2575,0.3076,13,713,0,0,1,0,0,0,0,0
659,4.1643,0.2679,13,713,0,0,1,0,0,0,0,0
660,4.1198,0.2748,13,713,0,0,1,0,0,0,0,0
661,4.1108,0.2942,13,713,0,0,1,0,0,0,0,0
662,4.1761,0.3601,13,713,0,0,1,0,0,0,0,0
663,4.2959,0.4894,13,713,0,0,1,0,0,0,0,0
664,4.0792,0.3213,13,713,0,0,1,0,0,0,0,0
665,4.5493,0.3843,15,713,0,0,1,2,0.0266,12,210,0.0008
666,3.7983,0.3206,15,713,0,0,1,0,0,0,0,0
667,4.134,0.3974,15,713,0,0,1,0,0,0,0,0
668,4.4615,0.3765,15,713,0,0,1,0,0,0,0,0
669,3.9433,0.2503,15,713,0,0,1,0,0,0,0,0
670,4.1755,0.3093,15,713,0,0,1,0,0,0,0,0
671,4.1313,0.3552,15,713,0,0,1,0,0,0,0,0
672,4.1079,0.2199,15,713,0,0,1,0,0,0,0,0
673,4.3575,0.394,15,713,0,0,1,0,0,0,0,0
674,4.0328,0.2817,15,713,0,0,1,0,0,0,0,0
675,4.2037,0.3066,15,713,0,0,1,0,0,0,0,0
676,4.1179,0.2445,15,713,0,0,1,0,0,0,0,0
677,4.253,0.3036,15,713,0,0,1,0,0,0,0,0
678,4.1284,0.311,15,713,0,0,1,0,0,0,0,0
679,4.1047,0.3558,15,713,0,0,1,0,0,0,0,0
680,4.2015,0.3786,15,713,0,0,1,0,0,0,0,0
681,4.2077,0.2627,15,713,0,0,1,0,0,0,0,0
682,4.1285,0.3331,15,713,0,0,1,0,0,0,0,0
683,4.8854,0.3914,15,713,0,0,1,0,0,0,0,0
684,3.5843,0.3835,15,713,0,0,1,0,0,0,0,0
685,4.0535,0.3071,15,713,0,0,1,0,0,0,0,0
686,4.1046,0.2437,15,713,0,0,1,0,0,0,0,0
687,4.3405,0.3665,15,713,0,0,1,0,0,0,0,0
688,4.0873,0.3044,15,713,0,0,1,0,0,0,0,0
689,4.6063,0.2478,15,713,0,0,1,0,0,0,0,0
690,3.6805,0.2605,15,713,0,0,1,0,0,0,0,0
691,4.1269,0.2757,15,713,0,0,1,0,0,0,0,0
692,4.1943,0.2219,15,713,0,0,1,0,0,0,0,0
693,4.1331,0.2608,15,713,0,0,1,0,0,0,0,0
694,4.2053,0.2458,15,713,0,0,1,0,0,0,0,0
695,4.0751,0.2266,15,713,0,0,1,0,0,0,0,0
696,4.1988,0.2521,15,713,0,0,1,0,0,0,0,0
697,4.5804,0.3408,10,713,0,0,1,0,0,7,70,0.0004
698,3.8142,0.4315,10,713,0,0,1,0,0,0,0,0
699,4.1611,0.2136,10,713,0,0,1,0,0,0,0,0
700,4.5889,0.4138,10,713,0,0,1,0,0,0,0,0
701,3.7737,0.3133,10,713,0,0,1,0,0,0,0,0
702,4.1082,0.2804,10,713,0,0,1,0,0,0,0,0
703,4.1578,0.2176,10,713,0,0,1,0,0,0,0,0
704,4.2185,0.3151,10,713,0,0,1,0,0,0,0,0
705,4.2195,0.2635,10,713,0,0,1,0,0,0,0,0
706,4.2235,0.5269,10,713,0,0,1,0,0,0,0,0
707,4.0893,0.3,10,713,0,0,1,0,0,0,0,0
708,4.1208,0.3411,10,713,0,0,1,0,0,0,0,0
709,4.1872,0.3088,10,713,0,0,1,0,0,0,0,0
710,4.1454,0.2337,10,713,0,0,1,0,0,0,0,0
711,4.1317,0.4678,10,713,0,0,1,0,0,0,0,0
712,4.3291,0.4606,10,713,0,0,1,0,0,0,0,0
713,4.2181,0.548,10,713,0,0,1,0,0,0,0,0
714,4.0358,0.3,10,713,0,0,1,0,0,0,0,0
715,4.0885,0.2405,10,713,0,0,1,0,0,0,0,0
716,4.2367,0.3405,10,713,0,0,1,0,0,0,0,0
717,4.1668,0.2314,10,713,0,0,1,0,0,0,0,0
718,4.7091,0.3109,10,713,0,0,1,0,0,0,0,0
719,3.8303,0.4127,10,713,0,0,1,0,0,0,0,0
720,4.245,0.4327,10,713,0,0,1,0,0,0,0,0
721,3.8884,0.2343,10,713,0,0,1,0,0,0,0,0
722,4.105,0.2388,10,713,0,0,1,0,0,0,0,0
723,4.1443,0.3976,10,713,0,0,1,0,0,0,0,0
724,4.1991,0.221,10,713,0,0,1,0,0,0,0,0
725,4.3218,0.3599,10,713,0,0,1,0,0,0,0,0
726,4.1242,0.3594,10,713,0,0,1,0,0,0,0,0
727,4.0147,0.2555,10,713,0,0,1,0,0,0,0,0
728,4.2364,0.311,10,713,0,0,1,0,0,0,0,0
729,4.1475,0.2625,10,713,0,0,1,0,0,0,0,0
730,4.5235,0.4261,15,713,0,0,1,0,0,12,210,0.0005
731,3.9311,0.3077,15,713,0,0,1,0,0,0,0,0
732,4.0638,0.5115,15,713,0,0,1,0,0,0,0,0
733,4.2232,0.2981,15,713,0,0,1,0,0,0,0,0
734,4.0327,0.2653,15,713,0,0,1,0,0,0,0,0
735,4.5413,0.4566,15,713,0,0,1,0,0,0,0,0
736,3.8512,0.3058,15,713,0,0,1,0,0,0,0,0
737,4.3183,0.3349,15,713,0,0,1,0,0,0,0,0
738,4.031,0.2764,15,713,0,0,1,0,0,0,0,0
739,4.1225,0.2685,15,713,0,0,1,0,0,0,0,0
740,4.1782,0.241,15,713,0,0,1,0,0,0,0,0
741,4.4567,0.2747,15,713,0,0,1,0,0,0,0,0
742,3.9494,0.3864,15,713,0,0,1,0,0,0,0,0
743,4.099,0.2194,15,713,0,0,1,0,0,0,0,0
744,4.272,0.3582,15,713,0,0,1,0,0,0,0,0
745,4.114,0.3681,15,713,0,0,1,0,0,0,0,0
746,4.0965,0.2824,15,713,0,0,1,0,0,0,0,0
747,4.2136,0.291,15,713,0,0,1,0,0,0,0,0
748,4.1946,0.3213,15,713,0,0,1,0,0,0,0,0
749,4.1603,0.4416,15,713,0,0,1,0,0,0,0,0
750,4.0877,0.3845,15,713,0,0,1,0,0,0,0,0
751,4.5114,0.3384,15,713,0,0,1,0,0,0,0,0
752,3.8491,0.2285,15,713,0,0,1,0,0,0,0,0
753,4.139,0.3829,15,713,0,0,1,0,0,0,0,0
754,4.2076,0.2283,15,713,0,0,1,0,0,0,0,0
755,4.1308,0.3137,15,713,0,0,1,0,0,0,0,0
756,4.2376,0.4513,15,713,0,0,1,0,0,0,0,0
757,4.3909,0.4741,15,713,0,0,1,0,0,0,0,0
758,3.9203,0.273,15,713,0,0,1,0,0,0,0,0
759,4.4876,0.3204,15,713,0,0,1,0,0,0,0,0
760,4.1036,0.3965,15,713,0,0,1,0,0,0,0,0
761,4.1168,0.274,15,713,0,0,1,0,0,0,0,0
762,4.1015,0.2635,15,713,0,0,1,0,0,0,0,0
763,3.9531,0.2447,15,713,0,0,1,0,0,0,0,0
764,4.4357,0.4859,24,713,0,0,1,9,0.0529,21,364,0.0011
765,4.1497,0.2613,24,713,0,0,1,0,0,0,0,0
766,4.2745,0.3257,24,713,0,0,1,0,0,0,0,0
767,4.1584,0.456,24,713,0,0,1,0,0,0,0,0
768,3.8079,0.3444,24,713,0,0,1,0,0,0,0,0
769,4.3936,0.4013,24,713,0,0,1,0,0,0,0,0
770,4.0107,0.2428,24,713,0,0,1,0,0,0,0,0
771,4.3583,0.4352,24,713,0,0,1,0,0,0,0,0
772,4.0262,0.4498,24,713,0,0,1,0,0,0,0,0
773,4.1239,0.4556,24,713,0,0,1,0,0,0,0,0
774,4.1271,0.4593,24,713,0,0,1,0,0,0,0,0
775,4.1333,0.2646,24,713,0,0,1,0,0,0,0,0
776,4.154,0.2702,24,713,0,0,1,0,0,0,0,0
777,4.1639,0.2692,24,713,0,0,1,0,0,0,0,0
778,4.2098,0.3893,24,713,0,0,1,0,0,0,0,0
779,4.4862,0.2633,24,713,0,0,1,0,0,0,0,0
780,3.7857,0.2989,24,713,0,0,1,0,0,0,0,0
781,4.3709,0.3842,24,713,0,0,1,0,0,0,0,0
782,4.0368,0.2752,24,713,0,0,1,0,0,0,0,0
783,4.4192,0.4309,24,713,0,0,1,0,0,0,0,0
784,4.1509,0.3964,24,713,0,0,1,0,0,0,0,0
785,4.2111,0.2817,24,713,0,0,1,0,0,0,0,0
786,4.2265,0.3302,24,713,0,0,1,0,0,0,0,0
787,3.9475,0.2668,24,713,0,0,1,0,0,0,0,0
788,4.2456,0.5113,24,713,0,0,1,0,0,0,0,0
789,4.0309,0.27,24,713,0,0,1,0,0,0,0,0
790,4.7444,0.2622,24,713,0,0,1,0,0,0,0,0
791,3.57,0.2579,24,713,0,0,1,0,0,0,0,0
792,4.1808,0.2856,24,713,0,0,1,0,0,0,0,0
793,4.1479,0.3171,24,713,0,0,1,0,0,0,0,0
794,4.2651,0.3539,24,713,0,0,1,0,0,0,0,0
795,4.1018,0.2848,24,713,0,0,1,0,0,0,0,0
796,4.1074,0.2925,24,713,0,0,1,0,0,0,0,0
797,4.155,0.2671,24,713,0,0,1,0,0,0,0,0
798,4.1716,0.3315,24,713,0,0,1,0,0,0,0,0
799,4.7047,0.4908,29,713,0,0,1,5,0.0441,26,409,0.0013
800,4.0142,0.4309,29,713,0,0,1,0,0,0,0,0
801,3.8347,0.3128,29,713,0,0,1,0,0,0,0,0
802,4.1656,0.2407,29,713,0,0,1,0,0,0,0,0
803,4.1032,0.431,29,713,0,0,1,0,0,0,0,0
804,4.2699,0.4207,29,713,0,0,1,0,0,0,0,0
805,4.1765,0.3856,29,713,0,0,1,0,0,0,0,0
806,4.0483,0.2202,29,713,0,0,1,0,0,0,0,0
807,4.2657,0.5211,29,713,0,0,1,0,0,0,0,0
808,4.0641,0.2611,29,713,0,0,1,0,0,0,0,0
809,4.3044,0.4455,29,713,0,0,1,0,0,0,0,0
810,4.1049,0.266,29,713,0,0,1,0,0,0,0,0
811,4.0918,0.2246,29,713,0,0,1,0,0,0,0,0
812,4.2018,0.4665,29,713,0,0,1,0,0,0,0,0
813,4.1983,0.2415,29,713,0,0,1,0,0,0,0,0
814,4.1834,0.4151,29,713,0,0,1,0,0,0,0,0
815,4.1823,0.3016,29,713,0,0,1,0,0,0,0,0
816,4.0737,0.236,29,713,0,0,1,0,0,0,0,0
817,4.3084,0.2921,29,713,0,0,1,0,0,0,0,0
818,4.0974,0.3394,29,713,0,0,1,0,0,0,0,0
819,4.4786,0.3671,29,713,0,0,1,0,0,0,0,0
820,4.1818,0.452,29,713,0,0,1,0,0,0,0,0
821,3.8195,0.2611,29,713,0,0,1,0,0,0,0,0
822,4.1744,0.4174,29,713,0,0,1,0,0,0,0,0
823,4.1329,0.2743,29,713,0,0,1,0,0,0,0,0
824,4.1295,0.2391,29,713,0,0,1,0,0,0,0,0
825,4.1788,0.2325,29,713,0,0,1,0,0,0,0,0
826,4.2449,0.3885,29,713,0,0,1,0,0,0,0,0
827,4.2033,0.3016,29,713,0,0,1,0,0,0,0,0
828,4.5036,0.4688,29,713,0,0,1,0,0,0,0,0
829,3.7039,0.2714,29,713,0,0,1,0,0,0,0,0
830,4.2386,0.2626,29,713,0,0,1,0,0,0,0,0
831,4.1999,0.2675,29,713,0,0,1,0,0,0,0,0
832,4.3097,0.5293,29,713,0,0,1,0,0,0,0,0
833,4.0252,0.311,29,713,0,0,1,0,0,0,0,0
834,4.1857,0.3961,29,713,0,0,1,0,0,0,0,0
835,4.0582,0.2388,29,713,0,0,1,0,0,0,0,0
836,4.1893,0.27,29,713,0,0,1,0,0,0,0,0
837,4.2417,0.2666,29,713,0,0,1,0,0,0,0,0
838,4.5124,0.5487,33,713,0,0,1,4,0.0541,30,547,0.0027
839,3.9432,0.3364,33,713,0,0,1,0,0,0,0,0
840,4.3177,0.4936,33,713,0,0,1,0,0,0,0,0
841,3.8142,0.2682,33,713,0,0,1,0,0,0,0,0
842,4.2817,0.2932,33,713,0,0,1,0,0,0,0,0
843,4.1196,0.4801,33,713,0,0,1,0,0,0,0,0
844,4.0501,0.4031,33,713,0,0,1,0,0,0,0,0
845,4.2653,0.3046,33,713,0,0,1,0,0,0,0,0
846,4.2044,0.4106,33,713,0,0,1,0,0,0,0,0
847,4.0795,0.2448,33,713,0,0,1,0,0,0,0,0
848,4.467,0.7102,33,713,0,0,1,0,0,0,0,0
849,4.0298,0.2762,33,713,0,0,1,0,0,0,0,0
850,4.2612,0.4414,33,713,0,0,1,0,0,0,0,0
851,4.2533,0.529,33,713,0,0,1,0,0,0,0,0
852,4.1358,0.3641,33,713,0,0,1,0,0,0,0,0
853,3.8623,0.305,33,713,0,0,1,0,0,0,0,0
854,4.4377,0.4394,33,713,0,0,1,0,0,0,0,0
855,4.001,0.3834,33,713,0,0,1,0,0,0,0,0
856,4.1663,0.3644,33,713,0,0,1,0,0,0,0,0
857,4.2115,0.3345,33,713,0,0,1,0,0,0,0,0
858,4.1024,0.508,33,713,0,0,1,0,0,0,0,0
859,4.1133,0.2418,33,713,0,0,1,0,0,0,0,0
860,4.1327,0.2861,33,713,0,0,1,0,0,0,0,0
861,4.2134,0.2653,33,713,0,0,1,0,0,0,0,0
862,4.1943,0.4369,33,713,0,0,1,0,0,0,0,0
863,4.1741,0.6253,33,713,0,0,1,0,0,0,0,0
864,4.1579,0.5124,33,713,0,0,1,0,0,0,0,0
865,4.0935,0.4556,33,713,0,0,1,0,0,0,0,0
866,4.1683,0.2028,33,713,0,0,1,0,0,0,0,0
867,4.1324,0.2461,33,713,0,0,1,0,0,0,0,0
868,4.2597,0.4056,33,713,0,0,1,0,0,0,0,0
869,4.5738,0.4905,37,713,0,0,1,4,0.0317,34,687,0.0015
870,3.8071,0.3079,37,713,0,0,1,0,0,0,0,0
871,4.0762,0.2837,37,713,0,0,1,0,0,0,0,0
872,4.1909,0.3388,37,713,0,0,1,0,0,0,0,0
873,4.1318,0.433,37,713,0,0,1,0,0,0,0,0
874,4.2565,0.387,37,713,0,0,1,0,0,0,0,0
875,4.1402,0.5018,37,713,0,0,1,0,0,0,0,0
876,4.1794,0.3717,37,713,0,0,1,0,0,0,0,0
877,4.1569,0.2967,37,713,0,0,1,0,0,0,0,0
878,4.1024,0.3812,37,713,0,0,1,0,0,0,0,0
879,4.2142,0.3525,37,713,0,0,1,0,0,0,0,0
880,4.2088,0.5171,37,713,0,0,1,0,0,0,0,0
881,4.1825,0.2738,37,713,0,0,1,0,0,0,0,0
882,4.1941,0.4293,37,713,0,0,1,0,0,0,0,0
883,4.0427,0.2706,37,713,0,0,1,0,0,0,0,0
884,4.2021,0.4448,37,713,0,0,1,0,0,0,0,0
885,4.2117,0.3217,37,713,0,0,1,0,0,0,0,0
886,4.156,0.38,37,713,0,0,1,0,0,0,0,0
887,4.1006,0.3153,37,713,0,0,1,0,0,0,0,0
888,4.2582,0.4155,37,713,0,0,1,0,0,0,0,0
889,4.1942,0.3016,37,713,0,0,1,0,0,0,0,0
890,4.067,0.3157,37,713,0,0,1,0,0,0,0,0
891,4.1543,0.2693,37,713,0,0,1,0,0,0,0,0
892,4.2305,0.2822,37,713,0,0,1,0,0,0,0,0
893,4.1811,0.2879,37,713,0,0,1,0,0,0,0,0
894,4.513,0.449,37,713,0,0,1,0,0,0,0,0
895,3.727,0.2695,37,713,0,0,1,0,0,0,0,0
896,4.1886,0.5411,37,713,0,0,1,0,0,0,0,0
897,4.4682,0.432,37,713,0,0,1,0,0,0,0,0
898,3.9519,0.3569,37,713,0,0,1,0,0,0,0,0
899,4.0768,0.2716,37,713,0,0,1,0,0,0,0,0
900,4.1423,0.3936,37,713,0,0,1,0,0,0,0,0
901,4.2882,0.4844,37,713,0,0,1,0,0,0,0,0
902,4.0712,0.3068,37,713,0,0,1,0,0,0,0,0
903,4.2076,0.3166,37,713,0,0,1,0,0,0,0,0
904,4.0876,0.4224,37,713,0,0,1,0,0,0,0,0
905,4.3076,0.2712,37,713,0,0,1,0,0,0,0,0
906,4.1144,0.404,37,713,0,0,1,0,0,0,0,0
907,4.1144,0.3928,37,713,0,0,1,0,0,0,0,0
908,4.2283,0.3254,37,713,0,0,1,0,0,0,0,0
909,4.1674,0.4656,37,713,0,0,1,0,0,0,0,0
910,4.1146,0.294,37,713,0,0,1,0,0,0,0,0
911,4.1675,0.2674,37,713,0,0,1,0,0,0,0,0
912,4.149,0.4346,37,713,0,0,1,0,0,0,0,0
913,4.1233,0.3633,37,713,0,0,1,0,0,0,0,0
914,4.3058,0.2876,37,713,0,0,1,0,0,0,0,0
915,4.1175,0.3231,37,713,0,0,1,0,0,0,0,0
916,4.1759,0.344,37,713,0,0,1,0,0,0,0,0
917,4.4815,0.271,37,713,0,0,1,0,0,0,0,0
918,3.8275,0.3735,37,713,0,0,1,0,0,0,0,0
919,4.1034,0.3469,37,713,0,0,1,0,0,0,0,0
920,4.3202,0.385,37,713,0,0,1,0,0,0,0,0
921,4.046,0.2782,37,713,0,0,1,0,0,0,0,0
922,4.2187,0.2984,37,713,0,0,1,0,0,0,0,0
923,4.1181,0.2684,37,713,0,0,1,0,0,0,0,0
924,4.1614,0.3451,37,713,0,0,1,0,0,0,0,0
925,4.2212,0.436,37,713,0,0,1,0,0,0,0,0
926,4.1178,0.3777,37,713,0,0,1,0,0,0,0,0
927,4.2199,0.3081,37,713,0,0,1,0,0,0,0,0
928,4.1742,0.4151,37,713,0,0,1,0,0,0,0,0
929,4.1807,0.3249,37,713,0,0,1,0,0,0,0,0
930,4.1574,0.3212,37,713,0,0,1,0,0,0,0,0
931,4.0948,0.2353,37,713,0,0,1,0,0,0,0,0
932,4.2279,0.3964,37,713,0,0,1,0,0,0,0,0
933,4.1487,0.2782,37,713,0,0,1,0,0,0,0,0
934,4.202,0.2767,37,713,0,0,1,0,0,0,0,0
935,4.1186,0.2856,37,713,0,0,1,0,0,0,0,0
936,4.4794,0.3668,37,713,0,0,1,0,0,0,0,0
937,3.8975,0.3858,37,713,0,0,1,0,0,0,0,0
938,4.2129,0.2657,37,713,0,0,1,0,0,0,0,0
939,4.1704,0.3794,37,713,0,0,1,0,0,0,0,0
940,4.1496,0.3179,37,713,0,0,1,0,0,0,0,0
941,4.1429,0.3081,37,713,0,0,1,0,0,0,0,0
942,4.4708,0.4764,37,713,0,0,1,0,0,0,0,0
943,3.7606,0.2614,37,713,0,0,1,0,0,0,0,0
944,4.3182,0.3793,37,713,0,0,1,0,0,0,0,0
945,4.0636,0.2439,37,713,0,0,1,0,0,0,0,0
946,4.2243,0.6011,37,713,0,0,1,0,0,0,0,0
947,4.1339,0.3032,37,713,0,0,1,0,0,0,0,0
948,4.1096,0.265,37,713,0,0,1,0,0,0,0,0
949,4.2179,0.3143,37,713,0,0,1,0,0,0,0,0
950,4.128,0.2868,37,713,0,0,1,0,0,0,0,0
951,4.1919,0.4064,37,713,0,0,1,0,0,0,0,0
952,4.5048,0.6724,71,713,0,0,1,34,0.2385,34,2049,0.0024
953,3.8188,0.3093,71,713,0,0,1,0,0,0,0,0
954,4.2118,0.5245,71,713,0,0,1,0,0,0,0,0
955,4.0774,0.2532,71,713,0,0,1,0,0,0,0,0
956,4.4138,0.7932,71,713,0,0,1,0,0,0,0,0
957,3.9901,0.3573,71,713,0,0,1,0,0,0,0,0
958,4.2345,0.3716,71,713,0,0,1,0,0,0,0,0
959,4.3977,0.3476,71,713,0,0,1,0,0,0,0,0
960,3.8643,0.3234,71,713,0,0,1,0,0,0,0,0
961,4.1771,0.3463,71,713,0,0,1,0,0,0,0,0
962,4.126,0.3102,71,713,0,0,1,0,0,0,0,0
963,4.2282,0.5034,71,713,0,0,1,0,0,0,0,0
964,4.1658,0.4217,71,713,0,0,1,0,0,0,0,0
965,4.1704,0.3337,71,713,0,0,1,0,0,0,0,0
966,4.1629,0.3587,71,713,0,0,1,0,0,0,0,0
967,4.1166,0.2953,71,713,0,0,1,0,0,0,0,0
968,4.1237,0.2908,71,713,0,0,1,0,0,0,0,0
969,4.1748,0.2659,71,713,0,0,1,0,0,0,0,0
970,4.2777,0.4927,71,713,0,0,1,0,0,0,0,0
971,4.1861,0.448,71,713,0,0,1,0,0,0,0,0
972,4.1153,0.4663,71,713,0,0,1,0,0,0,0,0
973,4.1373,0.3273,71,713,0,0,1,0,0,0,0,0
974,4.1847,0.3157,71,713,0,0,1,0,0,0,0,0
975,4.349,0.3312,71,713,0,0,1,0,0,0,0,0
976,4.0114,0.4747,71,713,0,0,1,0,0,0,0,0
977,4.2397,0.3314,71,713,0,0,1,0,0,0,0,0
978,4.1135,0.3663,71,713,0,0,1,0,0,0,0,0
979,4.1019,0.2978,71,713,0,0,1,0,0,0,0,0
980,4.1176,0.2504,71,713,0,0,1,0,0,0,0,0
981,4.1852,0.3141,71,713,0,0,1,0,0,0,0,0
982,4.3455,0.4811,71,713,0,0,1,0,0,0,0,0
983,4.0899,0.2944,71,713,0,0,1,0,0,0,0,0
984,4.4229,0.4644,71,713,0,0,1,0,0,0,0,0
985,3.9436,0.3401,71,713,0,0,1,0,0,0,0,0
986,4.0491,0.4007,71,713,0,0,1,0,0,0,0,0
987,4.2047,0.3529,71,713,0,0,1,0,0,0,0,0
988,4.1225,0.3091,71,713,0,0,1,0,0,0,0,0
989,4.2684,0.368,71,713,0,0,1,0,0,0,0,0
990,4.102,0.5133,71,713,0,0,1,0,0,0,0,0
991,4.1335,0.291,71,713,0,0,1,0,0,0,0,0
992,4.16,0.3057,71,713,0,0,1,0,0,0,0,0
993,4.2117,0.3155,71,713,0,0,1,0,0,0,0,0
994,4.2249,0.3025,71,713,0,0,1,0,0,0,0,0
995,4.114,0.3935,71,713,0,0,1,0,0,0,0,0
996,4.1664,0.3432,71,713,0,0,1,0,0,0,0,0
997,4.4916,0.399,71,713,0,0,1,0,0,0,0,0
998,3.8259,0.3651,71,713,0,0,1,0,0,0,0,0
999,4.1545,0.3067,71,713,0,0,1,0,0,0,0,0
1000,4.2747,0.5817,71,713,0,0,1,0,0,0,0,0
1001,4.1527,0.4393,71,713,0,0,1,0,0,0,0,0
1002,4.4365,0.5411,71,713,0,0,1,0,0,0,0,0
1003,3.8408,0.2996,71,713,0,0,1,0,0,0,0,0
1004,4.3402,0.3012,71,713,0,0,1,0,0,0,0,0
1005,3.9767,0.3271,71,713,0,0,1,0,0,0,0,0
1006,4.1464,0.392,71,713,0,0,1,0,0,0,0,0
1007,4.1716,0.4044,71,713,0,0,1,0,0,0,0,0
1008,4.149,0.3192,71,713,0,0,1,0,0,0,0,0
1009,4.2566,0.2908,71,713,0,0,1,0,0,0,0,0
1010,4.0611,0.2492,71,713,0,0,1,0,0,0,0,0
1011,4.1915,0.4737,71,713,0,0,1,0,0,0,0,0
1012,4.2282,0.3235,71,713,0,0,1,0,0,0,0,0
1013,4.118,0.4891,71,713,0,0,1,0,0,0,0,0
1014,4.1164,0.4002,71,713,0,0,1,0,0,0,0,0
1015,4.1568,0.259,71,713,0,0,1,0,0,0,0,0
1016,4.3131,0.5397,71,713,0,0,1,0,0,0,0,0
1017,4.3883,0.3011,71,713,0,0,1,0,0,0,0,0
1018,4.2869,0.3052,71,713,0,0,1,0,0,0,0,0
1019,3.9069,0.2764,71,713,0,0,1,0,0,0,0,0
1020,3.9862,0.3138,71,713,0,0,1,0,0,0,0,0
1021,4.2235,0.4345,71,713,0,0,1,0,0,0,0,0
1022,4.1068,0.2899,71,713,0,0,1,0,0,0,0,0
1023,4.1278,0.298,71,713,0,0,1,0,0,0,0,0
1024,4.2073,0.3212,71,713,0,0,1,0,0,0,0,0
1025,4.2019,0.4884,71,713,0,0,1,0,0,0,0,0
1026,4.0737,0.4445,71,713,0,0,1,0,0,0,0,0
1027,4.2334,0.2971,71,713,0,0,1,0,0,0,0,0
1028,4.1871,0.3462,71,713,0,0,1,0,0,0,0,0
1029,4.1127,0.2564,71,713,0,0,1,0,0,0,0,0
1030,4.2208,0.4581,71,713,0,0,1,0,0,0,0,0
1031,4.1942,0.2633,71,713,0,0,1,0,0,0,0,0
1032,4.3308,0.4628,71,713,0,0,1,0,0,0,0,0
1033,4.1445,0.3418,71,713,0,0,1,0,0,0,0,0
1034,3.9757,0.3211,71,713,0,0,1,0,0,0,0,0
1035,4.1718,0.2554,71,713,0,0,1,0,0,0,0,0
1036,4.1373,0.4432,71,713,0,0,1,0,0,0,0,0
1037,4.2375,0.6298,105,713,0,0,1,34,0.166,34,3411,0.0031
1038,4.1256,0.4841,105,713,0,0,1,0,0,0,0,0
1039,4.2022,0.6365,105,713,0,0,1,0,0,0,0,0
1040,4.1213,0.3788,105,713,0,0,1,0,0,0,0,0
1041,4.1889,0.5935,105,713,0,0,1,0,0,0,0,0
1042,4.2617,0.4401,105,713,0,0,1,0,0,0,0,0
1043,4.1124,0.3558,105,713,0,0,1,0,0,0,0,0
1044,4.0927,0.322,105,713,0,0,1,0,0,0,0,0
1045,4.2522,0.5227,105,713,0,0,1,0,0,0,0,0
1046,4.1441,0.402,105,713,0,0,1,0,0,0,0,0
1047,4.1597,0.5183,105,713,0,0,1,0,0,0,0,0
1048,4.1123,0.3683,105,713,0,0,1,0,0,0,0,0
1049,4.7137,0.3655,105,713,0,0,1,0,0,0,0,0
1050,3.9957,0.4562,105,713,0,0,1,0,0,0,0,0
1051,3.7826,0.4209,105,713,0,0,1,0,0,0,0,0
1052,4.2095,0.3218,105,713,0,0,1,0,0,0,0,0
1053,4.1417,0.322,105,713,0,0,1,0,0,0,0,0
1054,4.1654,0.2852,105,713,0,0,1,0,0,0,0,0
1055,4.1884,0.3283,105,713,0,0,1,0,0,0,0,0
1056,4.2829,0.519,105,713,0,0,1,0,0,0,0,0
1057,4.0606,0.3699,105,713,0,0,1,0,0,0,0,0
1058,4.2146,0.5145,105,713,0,0,1,0,0,0,0,0
1059,4.1422,0.3656,105,713,0,0,1,0,0,0,0,0
1060,4.1584,0.2872,105,713,0,0,1,0,0,0,0,0
1061,4.1255,0.4771,105,713,0,0,1,0,0,0,0,0
1062,4.2138,0.3475,105,713,0,0,1,0,0,0,0,0
1063,4.1118,0.4826,105,713,0,0,1,0,0,0,0,0
1064,4.2362,0.4442,105,713,0,0,1,0,0,0,0,0
1065,4.2036,0.4625,103,713,0,0,1,0,0,0,0,0
1066,4.0568,0.3235,103,713,0,0,1,0,0,0,0,0
1067,4.2458,0.3594,103,713,0,0,1,0,0,0,0,0
1068,4.1495,0.4174,103,713,0,0,1,0,0,0,0,0
1069,4.3829,0.3225,103,713,0,0,1,0,0,0,0,0
1070,3.9096,0.3549,103,713,0,0,1,0,0,0,0,0
1071,4.1117,0.287,103,713,0,0,1,0,0,0,0,0
1072,4.3028,0.4202,103,713,0,0,1,0,0,0,0,0
1073,4.1517,0.3275,103,713,0,0,1,0,0,0,0,0
1074,4.1249,0.3569,103,713,0,0,1,0,0,0,0,0
1075,4.1071,0.2886,103,713,0,0,1,0,0,0,0,0
1076,4.2169,0.3823,103,713,0,0,1,0,0,0,0,0
1077,4.1424,0.3243,103,713,0,0,1,0,0,0,0,0
1078,4.1573,0.3756,103,713,0,0,1,0,0,0,0,0
1079,4.2102,0.2985,103,713,0,0,1,0,0,0,0,0
1080,4.5467,0.5594,103,713,0,0,1,0,0,0,0,0
1081,3.8149,0.3554,103,713,0,0,1,0,0,0,0,0
1082,4.0864,0.3215,103,713,0,0,1,0,0,0,0,0
1083,4.2729,0.3993,103,713,0,0,1,0,0,0,0,0
1084,4.1132,0.3902,103,713,0,0,1,0,0,0,0,0
1085,4.2204,0.3679,103,713,0,0,1,0,0,0,0,0
1086,4.1091,0.3331,103,713,0,0,1,0,0,0,0,0
1087,4.1192,0.2769,103,713,0,0,1,0,0,0,0,0
1088,4.4417,0.3323,103,713,0,0,1,0,0,0,0,0
1089,3.9786,0.2907,103,713,0,0,1,0,0,0,0,0
1090,4.6141,0.4217,103,713,0,0,1,0,0,0,0,0
1091,4.0589,0.4808,103,713,0,0,1,0,0,0,0,0
1092,3.9186,0.4136,101,713,0,0,1,0,0,0,0,0
1093,4.039,0.3328,101,713,0,0,1,0,0,0,0,0
1094,4.1123,0.3937,101,713,0,0,1,0,0,0,0,0
1095,4.1466,0.4061,101,713,0,0,1,0,0,0,0,0
1096,4.2621,0.3605,101,713,0,0,1,0,0,0,0,0
1097,4.1881,0.3611,101,713,0,0,1,0,0,0,0,0
1098,4.1427,0.5276,101,713,0,0,1,0,0,0,0,0
1099,4.0996,0.2967,101,713,0,0,1,0,0,0,0,0
1100,4.176,0.3205,101,713,0,0,1,0,0,0,0,0
1101,4.1425,0.2953,101,713,0,0,1,0,0,0,0,0
1102,4.275,0.4534,101,713,0,0,1,0,0,0,0,0
1103,4.1562,0.3065,101,713,0,0,1,0,0,0,0,0
1104,4.1607,0.5188,101,713,0,0,1,0,0,0,0,0
1105,4.1409,0.3073,101,713,0,0,1,0,0,0,0,0
1106,4.1287,0.3171,101,713,0,0,1,0,0,0,0,0
1107,4.1489,0.4472,101,713,0,0,1,0,0,0,0,0
1108,4.2234,0.2571,101,713,0,0,1,0,0,0,0,0
1109,4.1972,0.371,101,713,0,0,1,0,0,0,0,0
1110,4.1161,0.5304,101,713,0,0,1,0,0,0,0,0
1111,4.1578,0.304,101,713,0,0,1,0,0,0,0,0
1112,4.2469,0.3849,101,713,0,0,1,0,0,0,0,0
1113,4.1712,0.3476,101,713,0,0,1,0,0,0,0,0
1114,4.1928,0.3418,101,713,0,0,1,0,0,0,0,0
1115,4.1934,0.3811,101,713,0,0,1,0,0,0,0,0
1116,4.0925,0.6169,101,713,0,0,1,0,0,0,0,0
1117,4.171,0.3623,101,713,0,0,1,0,0,0,0,0
1118,4.1237,0.3062,101,713,0,0,1,0,0,0,0,0
1119,4.1769,0.3211,101,713,0,0,1,0,0,0,0,0
1120,4.1997,0.8209,135,713,0,0,1,30,0.1851,34,4101,0.0066
1121,4.1973,0.3893,135,713,0,0,1,0,0,0,0,0
1122,4.1188,0.3782,135,713,0,0,1,0,0,0,0,0
1123,4.0907,0.2226,135,713,0,0,1,0,0,0,0,0
1124,4.1025,0.3725,135,713,0,0,1,0,0,0,0,0
1125,4.3328,0.3708,135,713,0,0,1,0,0,0,0,0
1126,4.1043,0.3378,135,713,0,0,1,0,0,0,0,0
1127,4.3813,0.4583,135,713,0,0,1,0,0,0,0,0
1128,3.9907,0.3388,135,713,0,0,1,0,0,0,0,0
1129,4.1433,0.4342,135,713,0,0,1,0,0,0,0,0
1130,4.1612,0.3628,135,713,0,0,1,0,0,0,0,0
1131,4.1199,0.4452,135,713,0,0,1,0,0,0,0,0
1132,4.2825,0.3749,135,713,0,0,1,0,0,0,0,0
1133,4.2718,0.3685,135,713,0,0,1,0,0,0,0,0
1134,3.9467,0.4998,135,713,0,0,1,0,0,0,0,0
1135,4.1595,0.3098,135,713,0,0,1,0,0,0,0,0
1136,4.1736,0.451,135,713,0,0,1,0,0,0,0,0
1137,4.2775,0.4118,135,713,0,0,1,0,0,0,0,0
1138,4.1611,0.4232,135,713,0,0,1,0,0,0,0,0
1139,4.4062,0.3384,135,713,0,0,1,0,0,0,0,0
1140,3.8649,0.3558,135,713,0,0,1,0,0,0,0,0
1141,4.2233,0.5262,135,713,0,0,1,0,0,0,0,0
1142,4.0749,0.3472,135,713,0,0,1,0,0,0,0,0
1143,4.5299,0.3067,135,713,0,0,1,0,0,0,0,0
1144,4.0784,0.5294,135,713,0,0,1,0,0,0,0,0
1145,4.1244,0.3473,135,713,0,0,1,0,0,0,0,0
1146,4.2585,0.5534,134,713,0,0,1,0,0,0,0,0
1147,3.8921,0.3344,134,713,0,0,1,0,0,0,0,0
1148,4.1392,0.343,134,713,0,0,1,0,0,0,0,0
1149,4.2011,0.4051,134,713,0,0,1,0,0,0,0,0
1150,4.2113,0.4934,134,713,0,0,1,0,0,0,0,0
1151,4.1186,0.3983,134,713,0,0,1,0,0,0,0,0
1152,4.1644,0.5548,134,713,0,0,1,0,0,0,0,0
1153,4.1465,0.4245,134,713,0,0,1,0,0,0,0,0
1154,4.2655,0.2945,134,713,0,0,1,0,0,0,0,0
1155,4.0919,0.4784,134,713,0,0,1,0,0,0,0,0
1156,4.1981,0.4097,133,713,0,0,1,0,0,0,0,0
1157,4.2222,0.5488,133,713,0,0,1,0,0,0,0,0
1158,4.0761,0.4391,133,713,0,0,1,0,0,0,0,0
1159,4.1381,0.279,133,713,0,0,1,0,0,0,0,0
1160,4.196,0.4296,132,713,0,0,1,0,0,0,0,0
1161,4.1527,0.3501,132,713,0,0,1,0,0,0,0,0
1162,4.2479,0.4718,132,713,0,0,1,0,0,0,0,0
1163,4.0907,0.3337,132,713,0,0,1,0,0,0,0,0
1164,4.1192,0.2616,132,713,0,0,1,0,0,0,0,0
1165,4.4129,0.5386,132,713,0,0,1,0,0,0,0,0
1166,3.9723,0.358,132,713,0,0,1,0,0,0,0,0
1167,4.2187,0.5462,132,713,0,0,1,0,0,0,0,0
1168,4.1419,0.4158,132,713,0,0,1,0,0,0,0,0
1169,4.1976,0.3948,132,713,0,0,1,0,0,0,0,0
1170,4.1523,0.3441,130,713,0,0,1,0,0,0,0,0
1171,4.1868,0.5859,130,713,0,0,1,0,0,0,0,0
1172,4.1086,0.3089,130,713,0,0,1,0,0,0,0,0
1173,4.1706,0.3784,130,713,0,0,1,0,0,0,0,0
1174,4.1506,0.4055,130,713,0,0,1,0,0,0,0,0
1175,4.1991,0.3636,130,713,0,0,1,0,0,0,0,0
1176,4.3866,0.5568,130,713,0,0,1,0,0,0,0,0
1177,3.8821,0.4503,130,713,0,0,1,0,0,0,0,0
1178,4.2995,0.3539,130,713,0,0,1,0,0,0,0,0
1179,4.1327,0.4084,130,713,0,0,1,0,0,0,0,0
1180,4.1736,0.3277,130,713,0,0,1,0,0,0,0,0
1181,4.1459,0.4086,130,713,0,0,1,0,0,0,0,0
1182,4.1437,0.3988,130,713,0,0,1,0,0,0,0,0
1183,4.1028,0.2794,130,713,0,0,1,0,0,0,0,0
1184,4.5637,0.4726,130,713,0,0,1,0,0,0,0,0
1185,3.8844,0.5223,130,713,0,0,1,0,0,0,0,0
1186,4.1137,0.3931,130,713,0,0,1,0,0,0,0,0
1187,4.2405,0.4345,130,713,0,0,1,0,0,0,0,0
1188,4.1145,0.5687,130,713,0,0,1,0,0,0,0,0
1189,4.1577,0.4889,130,713,0,0,1,0,0,0,0,0
1190,4.1796,0.3633,130,713,0,0,1,0,0,0,0,0
1191,4.3095,0.5619,130,713,0,0,1,0,0,0,0,0
1192,4.3081,0.5129,130,713,0,0,1,0,0,0,0,0
1193,3.8658,0.4092,130,713,0,0,1,0,0,0,0,0
1194,4.1018,0.3622,130,713,0,0,1,0,0,0,0,0
1195,4.1925,0.5009,130,713,0,0,1,0,0,0,0,0
1196,4.1479,0.3479,130,713,0,0,1,0,0,0,0,0
1197,4.2519,0.5824,130,713,0,0,1,0,0,0,0,0
1198,4.2284,0.4071,130,713,0,0,1,0,0,0,0,0
1199,4.0136,0.2835,130,713,0,0,1,0,0,0,0,0
1200,4.2126,0.3641,129,713,0,0,1,0,0,0,0,0
1201,4.2035,0.3934,129,713,0,0,1,0,0,0,0,0
1202,4.0944,0.3302,129,713,0,0,1,0,0,0,0,0
1203,4.2993,0.4945,129,713,0,0,1,0,0,0,0,0
1204,4.1119,0.5387,163,713,0,0,1,28,0.0971,34,4881,0.0038
1205,4.5869,0.4994,163,713,0,0,1,0,0,0,0,0
1206,3.751,0.4259,163,713,0,0,1,0,0,0,0,0
1207,4.1404,0.6089,163,713,0,0,1,0,0,0,0,0
1208,4.1834,0.566,163,713,0,0,1,0,0,0,0,0
1209,4.2148,0.4938,163,713,0,0,1,0,0,0,0,0
1210,4.1311,0.6466,162,713,0,0,1,0,0,0,0,0
1211,4.9065,0.4823,162,713,0,0,1,0,0,0,0,0
1212,3.9269,0.4164,162,713,0,0,1,0,0,0,0,0
1213,3.6161,0.3862,162,713,0,0,1,0,0,0,0,0
1214,4.1167,0.4665,162,713,0,0,1,0,0,0,0,0
1215,4.4406,0.4251,162,713,0,0,1,0,0,0,0,0
1216,4.2058,0.4309,162,713,0,0,1,0,0,0,0,0
1217,4.0144,0.5509,162,713,0,0,1,0,0,0,0,0
1218,4.0114,0.3909,162,713,0,0,1,0,0,0,0,0
1219,4.2043,0.2616,162,713,0,0,1,0,0,0,0,0
1220,4.1181,0.3866,162,713,0,0,1,0,0,0,0,0
1221,4.2822,0.3788,162,713,0,0,1,0,0,0,0,0
1222,4.1701,0.4139,162,713,0,0,1,0,0,0,0,0
1223,4.1316,0.4285,162,713,0,0,1,0,0,0,0,0
1224,4.5089,0.599,162,713,0,0,1,0,0,0,0,0
1225,3.813,0.3808,162,713,0,0,1,0,0,0,0,0
1226,4.2417,0.3181,162,713,0,0,1,0,0,0,0,0
1227,4.0732,0.454,162,713,0,0,1,0,0,0,0,0
1228,4.2495,0.5139,162,713,0,0,1,0,0,0,0,0
1229,4.1399,0.6395,162,713,0,0,1,0,0,0,0,0
1230,4.1615,0.342,162,713,0,0,1,0,0,0,0,0
1231,4.0778,0.3276,162,713,0,0,1,0,0,0,0,0
1232,4.2138,0.3878,161,713,0,0,1,0,0,0,0,0
1233,4.2178,0.3875,161,713,0,0,1,0,0,0,0,0
1234,4.3129,0.3718,161,713,0,0,1,0,0,0,0,0
1235,4.0303,0.6048,161,713,0,0,1,0,0,0,0,0
1236,4.1592,0.4247,160,713,0,0,1,0,0,0,0,0
1237,4.0887,0.3186,160,713,0,0,1,0,0,0,0,0
1238,4.1525,0.4794,160,713,0,0,1,0,0,0,0,0
1239,4.5804,0.3057,160,713,0,0,1,0,0,0,0,0
1240,4.2879,0.3865,160,713,0,0,1,0,0,0,0,0
1241,3.758,0.5302,160,713,0,0,1,0,0,0,0,0
1242,4.2986,0.3593,160,713,0,0,1,0,0,0,0,0
1243,4.1628,0.3524,160,713,0,0,1,0,0,0,0,0
1244,3.9713,0.4118,160,713,0,0,1,0,0,0,0,0
1245,4.1336,0.3712,160,713,0,0,1,0,0,0,0,0
1246,4.2175,0.5354,160,713,0,0,1,0,0,0,0,0
1247,4.2258,0.4876,160,713,0,0,1,0,0,0,0,0
1248,4.0609,0.3174,160,713,0,0,1,0,0,0,0,0
1249,4.1776,0.3812,160,713,0,0,1,0,0,0,0,0
1250,4.1362,0.3255,160,713,0,0,1,0,0,0,0,0
1251,4.4543,0.5146,160,713,0,0,1,0,0,0,0,0
1252,4.1474,0.3778,160,713,0,0,1,0,0,0,0,0
1253,4.1289,0.4843,160,713,0,0,1,0,0,0,0,0
1254,4.0151,0.4422,159,713,0,0,1,0,0,0,0,0
1255,4.0924,0.3151,159,713,0,0,1,0,0,0,0,0
1256,4.2269,0.547,159,713,0,0,1,0,0,0,0,0
1257,4.1879,0.3526,159,713,0,0,1,0,0,0,0,0
1258,4.1603,0.4582,159,713,0,0,1,0,0,0,0,0
1259,4.1453,0.4953,159,713,0,0,1,0,0,0,0,0
1260,4.1728,0.4263,159,713,0,0,1,0,0,0,0,0
1261,4.173,0.5728,159,713,0,0,1,0,0,0,0,0
1262,4.0799,0.4246,159,713,0,0,1,0,0,0,0,0
1263,4.2002,0.3766,159,713,0,0,1,0,0,0,0,0
1264,4.2236,0.3605,159,713,0,0,1,0,0,0,0,0
1265,4.303,0.4719,159,713,0,0,1,0,0,0,0,0
1266,3.9684,0.3749,159,713,0,0,1,0,0,0,0,0
1267,4.2001,0.3532,159,713,0,0,1,0,0,0,0,0
1268,4.1186,0.2895,158,713,0,0,1,0,0,0,0,0
1269,4.2426,0.5236,158,713,0,0,1,0,0,0,0,0
1270,4.136,0.4252,158,713,0,0,1,0,0,0,0,0
1271,4.1654,0.4643,157,713,0,0,1,0,0,0,0,0
1272,4.1855,0.5309,157,713,0,0,1,0,0,0,0,0
1273,4.2448,0.3908,157,713,0,0,1,0,0,0,0,0
1274,4.0855,0.4149,156,713,0,0,1,0,0,0,0,0
1275,4.1965,0.3432,156,713,0,0,1,0,0,0,0,0
1276,4.156,0.4002,156,713,0,0,1,0,0,0,0,0
1277,4.1581,0.3899,156,713,0,0,1,0,0,0,0,0
1278,4.1389,0.3872,156,713,0,0,1,0,0,0,0,0
1279,4.1426,0.3503,156,713,0,0,1,0,0,0,0,0
1280,4.2283,0.4604,156,713,0,0,1,0,0,0,0,0
1281,4.1193,0.3976,156,713,0,0,1,0,0,0,0,0
1282,4.1497,0.4318,156,713,0,0,1,0,0,0,0,0
1283,4.4194,0.3209,156,713,0,0,1,0,0,0,0,0
1284,3.9835,0.6718,156,713,0,0,1,0,0,0,0,0
1285,4.1533,0.3657,156,713,0,0,1,0,0,0,0,0
1286,4.1281,0.2606,156,713,0,0,1,0,0,0,0,0
1287,4.1487,0.5224,156,713,0,0,1,0,0,0,0,0
1288,4.3876,0.4554,190,713,0,0,1,27,0.0965,34,5823,0.0045
1289,4.2264,0.6146,190,713,0,0,1,0,0,0,0,0
1290,3.9431,0.5256,190,713,0,0,1,0,0,0,0,0
1291,4.1018,0.3493,190,713,0,0,1,0,0,0,0,0
1292,4.1871,0.6397,190,713,0,0,1,0,0,0,0,0
1293,4.1894,0.5697,190,713,0,0,1,0,0,0,0,0
1294,4.5169,0.5693,190,713,0,0,1,0,0,0,0,0
1295,4.051,0.3791,190,713,0,0,1,0,0,0,0,0
1296,3.9803,0.3378,190,713,0,0,1,0,0,0,0,0
1297,4.4171,0.501,190,713,0,0,1,0,0,0,0,0
1298,3.8619,0.3521,190,713,0,0,1,0,0,0,0,0
1299,4.2052,0.5915,190,713,0,0,1,0,0,0,0,0
1300,4.1226,0.3461,190,713,0,0,1,0,0,0,0,0
1301,4.228,0.4419,190,713,0,0,1,0,0,0,0,0
1302,4.1639,0.4618,190,713,0,0,1,0,0,0,0,0
1303,4.0704,0.5208,190,713,0,0,1,0,0,0,0,0
1304,4.2342,0.4709,190,713,0,0,1,0,0,0,0,0
1305,4.1658,0.3867,190,713,0,0,1,0,0,0,0,0
1306,4.2064,0.4575,190,713,0,0,1,0,0,0,0,0
1307,4.5999,0.516,190,713,0,0,1,0,0,0,0,0
1308,3.6668,0.6071,190,713,0,0,1,0,0,0,0,0
1309,4.1228,0.3748,190,713,0,0,1,0,0,0,0,0
1310,4.2084,0.4172,190,713,0,0,1,0,0,0,0,0
1311,4.196,0.2932,189,713,0,0,1,0,0,0,0,0
1312,4.2293,0.4613,189,713,0,0,1,0,0,0,0,0
1313,4.1395,0.3372,189,713,0,0,1,0,0,0,0,0
1314,4.2798,0.3923,188,713,0,0,1,0,0,0,0,0
1315,4.0257,0.5028,188,713,0,0,1,0,0,0,0,0
1316,4.1033,0.5859,188,713,0,0,1,0,0,0,0,0
1317,4.2405,0.405,188,713,0,0,1,0,0,0,0,0
1318,4.478,0.4399,188,713,0,0,1,0,0,0,0,0
1319,3.8417,0.4997,188,713,0,0,1,0,0,0,0,0
1320,4.4912,0.6659,188,713,0,0,1,0,0,0,0,0
1321,3.8263,0.3958,186,713,0,0,1,0,0,0,0,0
1322,4.1336,0.5123,185,713,0,0,1,0,0,0,0,0
1323,4.366,0.5006,184,713,0,0,1,0,0,0,0,0
1324,4.0147,0.4475,184,713,0,0,1,0,0,0,0,0
1325,4.1946,0.368,184,713,0,0,1,0,0,0,0,0
1326,4.4496,0.3832,184,713,0,0,1,0,0,0,0,0
1327,3.8173,0.416,184,713,0,0,1,0,0,0,0,0
1328,4.5301,0.5402,184,713,0,0,1,0,0,0,0,0
1329,3.8706,0.3468,184,713,0,0,1,0,0,0,0,0
1330,4.1236,0.3812,184,713,0,0,1,0,0,0,0,0
1331,4.395,0.495,184,713,0,0,1,0,0,0,0,0
1332,3.9914,0.4591,183,713,0,0,1,0,0,0,0,0
1333,4.1257,0.3121,183,713,0,0,1,0,0,0,0,0
1334,4.2014,0.3723,183,713,0,0,1,0,0,0,0,0
1335,4.2002,0.5222,182,713,0,0,1,0,0,0,0,0
1336,4.223,0.3936,182,713,0,0,1,0,0,0,0,0
1337,4.0407,0.3531,182,713,0,0,1,0,0,0,0,0
1338,4.1701,0.4656,182,713,0,0,1,0,0,0,0,0
1339,4.1392,0.42,182,713,0,0,1,0,0,0,0,0
1340,4.2131,0.5031,182,713,0,0,1,0,0,0,0,0
1341,4.1807,0.4766,182,713,0,0,1,0,0,0,0,0
1342,4.2518,0.4182,182,713,0,0,1,0,0,0,0,0
1343,4.0139,0.5594,182,713,0,0,1,0,0,0,0,0
1344,4.2164,0.4324,182,713,0,0,1,0,0,0,0,0
1345,4.1801,0.3751,182,713,0,0,1,0,0,0,0,0
1346,4.1001,0.5115,182,713,0,0,1,0,0,0,0,0
1347,4.2336,0.4877,182,713,0,0,1,0,0,0,0,0
1348,4.2495,0.674,182,713,0,0,1,0,0,0,0,0
1349,4.0276,0.3447,182,713,0,0,1,0,0,0,0,0
1350,4.1914,0.388,182,713,0,0,1,0,0,0,0,0
1351,4.1034,0.3062,182,713,0,0,1,0,0,0,0,0
1352,4.268,0.5,182,713,0,0,1,0,0,0,0,0
1353,4.1187,0.3453,182,713,0,0,1,0,0,0,0,0
1354,4.3522,0.6,182,713,0,0,1,0,0,0,0,0
1355,4.1712,0.3301,182,713,0,0,1,0,0,0,0,0
1356,4.0508,0.6197,182,713,0,0,1,0,0,0,0,0
1357,4.1598,0.3868,181,713,0,0,1,0,0,0,0,0
1358,4.0631,0.3452,179,713,0,0,1,0,0,0,0,0
1359,4.2275,0.4357,179,713,0,0,1,0,0,0,0,0
1360,4.288,0.5503,179,713,0,0,1,0,0,0,0,0
1361,4.0532,0.5799,179,713,0,0,1,0,0,0,0,0
1362,4.138,0.4657,179,713,0,0,1,0,0,0,0,0
1363,4.1288,0.3108,179,713,0,0,1,0,0,0,0,0
1364,4.1927,0.4471,179,713,0,0,1,0,0,0,0,0
1365,4.2175,0.5858,179,713,0,0,1,0,0,0,0,0
1366,4.2145,0.426,179,713,0,0,1,0,0,0,0,0
1367,4.1204,0.3953,179,713,0,0,1,0,0,0,0,0
1368,4.1031,0.396,179,713,0,0,1,0,0,0,0,0
1369,4.2331,0.4009,179,713,0,0,1,0,0,0,0,0
1370,4.1323,0.3973,179,713,0,0,1,0,0,0,0,0
1371,4.2005,0.525,178,713,0,0,1,0,0,0,0,0
1372,4.1877,0.5518,212,713,0,0,1,22,0.0879,34,5970,0.0042
1373,4.223,0.545,212,713,0,0,1,0,0,0,0,0
1374,4.1083,0.5312,212,713,0,0,1,0,0,0,0,0
1375,4.0997,0.3826,212,713,0,0,1,0,0,0,0,0
1376,4.1879,0.3853,212,713,0,0,1,0,0,0,0,0
1377,4.2057,0.5891,212,713,0,0,1,0,0,0,0,0
1378,4.1428,0.5458,212,713,0,0,1,0,0,0,0,0
1379,4.3873,0.3924,212,713,0,0,1,0,0,0,0,0
1380,3.9662,0.4679,212,713,0,0,1,0,0,0,0,0
1381,4.1363,0.3528,212,713,0,0,1,0,0,0,0,0
1382,4.1086,0.3615,212,713,0,0,1,0,0,0,0,0
1383,4.5453,0.5106,212,713,0,0,1,0,0,0,0,0
1384,3.9325,0.4966,211,713,0,0,1,0,0,0,0,0
1385,4.1239,0.5406,211,713,0,0,1,0,0,0,0,0
1386,4.1798,0.7383,211,713,0,0,1,0,0,0,0,0
1387,4.1514,0.6016,211,713,0,0,1,0,0,0,0,0
1388,4.1298,0.5551,211,713,0,0,1,0,0,0,0,0
1389,4.1765,0.503,211,713,0,0,1,0,0,0,0,0
1390,4.1778,0.4511,211,713,0,0,1,0,0,0,0,0
1391,4.1685,0.4079,210,713,0,0,1,0,0,0,0,0
1392,4.3842,0.6487,210,713,0,0,1,0,0,0,0,0
1393,3.9402,0.4401,210,713,0,0,1,0,0,0,0,0
1394,4.1566,0.4169,210,713,0,0,1,0,0,0,0,0
1395,4.2008,0.4236,210,713,0,0,1,0,0,0,0,0
1396,4.1608,0.4357,210,713,0,0,1,0,0,0,0,0
1397,4.2331,0.5455,210,713,0,0,1,0,0,0,0,0
1398,4.2273,0.5108,209,713,0,0,1,0,0,0,0,0
1399,3.9784,0.3221,209,713,0,0,1,0,0,0,0,0
1400,4.2234,0.5385,209,713,0,0,1,0,0,0,0,0
1401,4.1193,0.3637,209,713,0,0,1,0,0,0,0,0
1402,4.1969,0.5135,208,713,0,0,1,0,0,0,0,0
1403,4.4043,0.3853,208,713,0,0,1,0,0,0,0,0
1404,3.9243,0.5618,208,713,0,0,1,0,0,0,0,0
1405,4.2727,0.4876,207,713,0,0,1,0,0,0,0,0
1406,4.0362,0.328,207,713,0,0,1,0,0,0,0,0
1407,4.157,0.3816,207,713,0,0,1,0,0,0,0,0
1408,4.2419,0.3912,207,713,0,0,1,0,0,0,0,0
1409,4.1512,0.3991,207,713,0,0,1,0,0,0,0,0
1410,4.2991,0.5372,207,713,0,0,1,0,0,0,0,0
1411,3.9834,0.3058,207,713,0,0,1,0,0,0,0,0
1412,4.1861,0.5778,207,713,0,0,1,0,0,0,0,0
1413,4.3829,0.3199,207,713,0,0,1,0,0,0,0,0
1414,3.9856,0.4505,207,713,0,0,1,0,0,0,0,0
1415,4.1291,0.3188,207,713,0,0,1,0,0,0,0,0
1416,4.1556,0.7149,206,713,0,0,1,0,0,0,0,0
1417,4.2126,0.5049,206,713,0,0,1,0,0,0,0,0
1418,4.1274,0.4003,206,713,0,0,1,0,0,0,0,0
1419,4.1464,0.41,206,713,0,0,1,0,0,0,0,0
1420,4.2497,0.3743,206,713,0,0,1,0,0,0,0,0
1421,4.1638,0.484,206,713,0,0,1,0,0,0,0,0
1422,4.1436,0.4792,205,713,0,0,1,0,0,0,0,0
1423,4.0947,0.3618,205,713,0,0,1,0,0,0,0,0
1424,4.2439,0.4323,205,713,0,0,1,0,0,0,0,0
1425,4.1329,0.3881,205,713,0,0,1,0,0,0,0,0
1426,4.1805,0.4308,205,713,0,0,1,0,0,0,0,0
1427,4.1657,0.3825,205,713,0,0,1,0,0,0,0,0
1428,4.192,0.6859,205,713,0,0,1,0,0,0,0,0
1429,4.1688,0.5449,205,713,0,0,1,0,0,0,0,0
1430,4.0964,0.399,205,713,0,0,1,0,0,0,0,0
1431,4.601,0.4161,205,713,0,0,1,0,0,0,0,0
1432,3.804,0.4123,205,713,0,0,1,0,0,0,0,0
1433,4.2192,0.57,205,713,0,0,1,0,0,0,0,0
1434,4.0368,0.5349,205,713,0,0,1,0,0,0,0,0
1435,4.1735,0.3633,205,713,0,0,1,0,0,0,0,0
1436,4.2913,0.6011,203,713,0,0,1,0,0,0,0,0
1437,4.0683,0.3864,203,713,0,0,1,0,0,0,0,0
1438,4.2128,0.3471,203,713,0,0,1,0,0,0,0,0
1439,4.0923,0.4753,203,713,0,0,1,0,0,0,0,0
1440,4.2704,0.4868,203,713,0,0,1,0,0,0,0,0
1441,4.0718,0.5166,203,713,0,0,1,0,0,0,0,0
1442,4.1881,0.3569,203,713,0,0,1,0,0,0,0,0
1443,4.1347,0.3835,202,713,0,0,1,0,0,0,0,0
1444,4.2562,0.433,202,713,0,0,1,0,0,0,0,0
1445,4.1179,0.4357,201,713,0,0,1,0,0,0,0,0
1446,4.16,0.3824,201,713,0,0,1,0,0,0,0,0
1447,4.1715,0.3056,201,713,0,0,1,0,0,0,0,0
1448,4.2592,0.5277,201,713,0,0,1,0,0,0,0,0
1449,4.0979,0.306,201,713,0,0,1,0,0,0,0,0
1450,4.1484,0.4258,201,713,0,0,1,0,0,0,0,0
1451,4.6845,0.3079,201,713,0,0,1,0,0,0,0,0
1452,3.6327,0.4069,201,713,0,0,1,0,0,0,0,0
1453,4.1825,0.476,201,713,0,0,1,0,0,0,0,0
1454,4.1498,0.3991,201,713,0,0,1,0,0,0,0,0
1455,4.2391,0.3747,201,713,0,0,1,0,0,0,0,0
1456,4.1352,0.4967,235,713,0,0,1,23,0.0762,34,6732,0.0054
1457,4.2302,0.5762,235,713,0,0,1,0,0,0,0,0
1458,4.1323,0.487,234,713,0,0,1,0,0,0,0,0
1459,4.1011,0.3999,234,713,0,0,1,0,0,0,0,0
1460,4.1547,0.469,234,713,0,0,1,0,0,0,0,0
1461,4.2291,0.4516,234,713,0,0,1,0,0,0,0,0
1462,4.1804,0.6647,234,713,0,0,1,0,0,0,0,0
1463,4.1199,0.3993,233,713,0,0,1,0,0,0,0,0
1464,4.4303,0.5984,233,713,0,0,1,0,0,0,0,0
1465,3.9223,0.4377,233,713,0,0,1,0,0,0,0,0
1466,4.1399,0.351,233,713,0,0,1,0,0,0,0,0
1467,4.2853,0.6651,233,713,0,0,1,0,0,0,0,0
1468,4.1005,0.5506,226,713,0,0,1,0,0,0,0,0
1469,4.1736,0.3713,226,713,0,0,1,0,0,0,0,0
1470,4.1079,0.4209,226,713,0,0,1,0,0,0,0,0
1471,4.1192,0.325,226,713,0,0,1,0,0,0,0,0
1472,4.407,0.4937,226,713,0,0,1,0,0,0,0,0
1473,4.0208,0.416,226,713,0,0,1,0,0,0,0,0
1474,4.1763,0.5642,224,713,0,0,1,0,0,0,0,0
1475,4.4828,0.4804,224,713,0,0,1,0,0,0,0,0
1476,3.8838,0.4404,224,713,0,0,1,0,0,0,0,0
1477,4.0583,0.3177,224,713,0,0,1,0,0,0,0,0
1478,4.3469,0.4227,224,713,0,0,1,0,0,0,0,0
1479,4.3507,0.5331,224,713,0,0,1,0,0,0,0,0
1480,3.8156,0.4539,224,713,0,0,1,0,0,0,0,0
1481,4.2004,0.4121,224,713,0,0,1,0,0,0,0,0
1482,4.1283,0.3403,224,713,0,0,1,0,0,0,0,0
1483,4.1421,0.37,223,713,0,0,1,0,0,0,0,0
1484,4.2215,0.3554,223,713,0,0,1,0,0,0,0,0
1485,4.2023,0.4188,223,713,0,0,1,0,0,0,0,0
1486,4.2645,0.7166,222,713,0,0,1,0,0,0,0,0
1487,4.1497,0.3721,222,713,0,0,1,0,0,0,0,0
1488,4.3179,0.4678,222,713,0,0,1,0,0,0,0,0
1489,3.9116,0.3831,222,713,0,0,1,0,0,0,0,0
1490,4.1245,0.3804,221,713,0,0,1,0,0,0,0,0
1491,4.199,0.5761,221,713,0,0,1,0,0,0,0,0
1492,4.1987,0.4703,221,713,0,0,1,0,0,0,0,0
1493,4.1869,0.4715,221,713,0,0,1,0,0,0,0,0
1494,4.1083,0.384,221,713,0,0,1,0,0,0,0,0
1495,4.143,0.3891,221,713,0,0,1,0,0,0,0,0
1496,4.1777,0.4251,221,713,0,0,1,0,0,0,0,0
1497,4.2188,0.411,221,713,0,0,1,0,0,0,0,0
1498,4.1607,0.4563,221,713,0,0,1,0,0,0,0,0
1499,4.3829,0.3076,221,713,0,0,1,0,0,0,0,0
1500,4.1457,0.4635,221,713,0,0,1,0,0,0,0,0
1501,3.9477,0.3987,220,713,0,0,1,0,0,0,0,0
1502,4.182,0.4854,220,713,0,0,1,0,0,0,0,0
1503,4.129,0.3849,220,713,0,0,1,0,0,0,0,0
1504,4.5425,0.3984,220,713,0,0,1,0,0,0,0,0
1505,3.8568,0.6675,220,713,0,0,1,0,0,0,0,0
1506,4.098,0.3556,218,713,0,0,1,0,0,0,0,0
1507,4.1521,0.363,217,713,0,0,1,0,0,0,0,0
1508,4.1331,0.3991,217,713,0,0,1,0,0,0,0,0
1509,4.2172,0.3424,217,713,0,0,1,0,0,0,0,0
1510,4.4136,0.6163,217,713,0,0,1,0,0,0,0,0
1511,4.0063,0.535,217,713,0,0,1,0,0,0,0,0
1512,4.129,0.4868,217,713,0,0,1,0,0,0,0,0
1513,4.0887,0.5631,217,713,0,0,1,0,0,0,0,0
1514,4.2006,0.5112,217,713,0,0,1,0,0,0,0,0
1515,4.0794,0.3651,217,713,0,0,1,0,0,0,0,0
1516,4.3031,0.3719,217,713,0,0,1,0,0,0,0,0
1517,4.1701,0.9658,217,713,0,0,1,0,0,0,0,0
1518,4.1944,0.4246,215,713,0,0,1,0,0,0,0,0
1519,4.0559,0.3546,215,713,0,0,1,0,0,0,0,0
1520,4.2007,0.4581,214,713,0,0,1,0,0,0,0,0
1521,4.167,0.3461,214,713,0,0,1,0,0,0,0,0
1522,4.2134,0.6226,214,713,0,0,1,0,0,0,0,0
1523,4.1252,0.3106,214,713,0,0,1,0,0,0,0,0
1524,4.2036,0.8171,214,713,0,0,1,0,0,0,0,0
1525,4.157,0.4567,214,713,0,0,1,0,0,0,0,0
1526,4.0958,0.3475,214,713,0,0,1,0,0,0,0,0
1527,4.1678,0.5362,214,713,0,0,1,0,0,0,0,0
1528,4.3793,0.3628,213,713,0,0,1,0,0,0,0,0
1529,4.0397,0.6113,213,713,0,0,1,0,0,0,0,0
1530,4.4683,0.5592,213,713,0,0,1,0,0,0,0,0
1531,3.819,0.3855,213,713,0,0,1,0,0,0,0,0
1532,4.2647,0.4299,213,713,0,0,1,0,0,0,0,0
1533,4.1206,0.373,213,713,0,0,1,0,0,0,0,0
1534,4.2565,0.6288,213,713,0,0,1,0,0,0,0,0
1535,4.0778,0.3553,212,713,0,0,1,0,0,0,0,0
1536,4.2388,0.5592,212,713,0,0,1,0,0,0,0,0
1537,4.0798,0.4309,212,713,0,0,1,0,0,0,0,0
1538,4.1038,0.3519,212,713,0,0,1,0,0,0,0,0
1539,4.2,0.4504,212,713,0,0,1,0,0,0,0,0
1540,4.2074,0.467,246,713,0,0,1,11,0.0695,34,5268,0.0046
1541,4.2323,0.653,246,713,0,0,1,0,0,0,0,0
1542,4.1271,0.4455,246,713,0,0,1,0,0,0,0,0
1543,4.0649,0.3199,246,713,0,0,1,0,0,0,0,0
1544,4.1817,0.5315,246,713,0,0,1,0,0,0,0,0
1545,4.1892,0.4303,246,713,0,0,1,0,0,0,0,0
1546,4.2598,0.3696,246,713,0,0,1,0,0,0,0,0
1547,4.2058,0.4061,246,713,0,0,1,0,0,0,0,0
1548,4.0233,0.4154,245,713,0,0,1,0,0,0,0,0
1549,4.5075,0.5004,244,713,0,0,1,0,0,0,0,0
1550,3.8203,0.4376,244,713,0,0,1,0,0,0,0,0
1551,4.1605,0.3751,237,713,0,0,1,0,0,0,0,0
1552,4.2722,0.4101,237,713,0,0,1,0,0,0,0,0
1553,4.1096,0.4496,236,713,0,0,1,0,0,0,0,0
1554,4.2885,0.5931,236,713,0,0,1,0,0,0,0,0
1555,4.1301,0.5545,236,713,0,0,1,0,0,0,0,0
1556,4.0623,0.6557,236,713,0,0,1,0,0,0,0,0
1557,4.1639,0.3406,236,713,0,0,1,0,0,0,0,0
1558,4.1534,0.4305,236,713,0,0,1,0,0,0,0,0
1559,4.1577,0.39,235,713,0,0,1,0,0,0,0,0
1560,4.4162,0.5663,235,713,0,0,1,0,0,0,0,0
1561,3.8982,0.5784,235,713,0,0,1,0,0,0,0,0
1562,4.1985,0.4026,235,713,0,0,1,0,0,0,0,0
1563,4.2138,0.3865,235,713,0,0,1,0,0,0,0,0
1564,4.1682,0.4914,235,713,0,0,1,0,0,0,0,0
1565,4.1819,0.3789,235,713,0,0,1,0,0,0,0,0
1566,4.1754,0.4324,234,713,0,0,1,0,0,0,0,0
1567,4.1562,0.6736,234,713,0,0,1,0,0,0,0,0
1568,4.2222,0.8802,233,713,0,0,1,0,0,0,0,0
1569,4.0582,0.9237,233,713,0,0,1,0,0,0,0,0
1570,4.2604,0.597,233,713,0,0,1,0,0,0,0,0
1571,4.2052,0.3421,233,713,0,0,1,0,0,0,0,0
1572,4.0762,0.4584,233,713,0,0,1,0,0,0,0,0
1573,4.1806,0.3692,233,713,0,0,1,0,0,0,0,0
1574,4.0707,0.3685,232,713,0,0,1,0,0,0,0,0
1575,4.1874,0.4359,232,713,0,0,1,0,0,0,0,0
1576,4.1341,0.7093,231,713,0,0,1,0,0,0,0,0
1577,4.1882,0.6959,230,713,0,0,1,0,0,0,0,0
1578,4.2382,0.4933,230,713,0,0,1,0,0,0,0,0
1579,4.0917,0.4799,230,713,0,0,1,0,0,0,0,0
1580,4.2543,0.4275,229,713,0,0,1,0,0,0,0,0
1581,4.1091,0.3978,229,713,0,0,1,0,0,0,0,0
1582,4.2222,0.3766,229,713,0,0,1,0,0,0,0,0
1583,4.1677,0.4647,229,713,0,0,1,0,0,0,0,0
1584,4.1745,0.5243,228,713,0,0,1,0,0,0,0,0
1585,4.183,0.6135,228,713,0,0,1,0,0,0,0,0
1586,4.0881,0.4391,228,713,0,0,1,0,0,0,0,0
1587,4.1776,0.3534,228,713,0,0,1,0,0,0,0,0
1588,4.1579,0.4385,228,713,0,0,1,0,0,0,0,0
1589,4.3003,0.4425,228,713,0,0,1,0,0,0,0,0
1590,4.1047,0.3514,228,713,0,0,1,0,0,0,0,0
1591,4.0898,0.581,228,713,0,0,1,0,0,0,0,0
1592,4.2088,0.6482,227,713,0,0,1,0,0,0,0,0
1593,4.1702,0.3381,227,713,0,0,1,0,0,0,0,0
1594,4.1614,0.4522,226,713,0,0,1,0,0,0,0,0
1595,4.4594,0.3587,226,713,0,0,1,0,0,0,0,0
1596,3.8808,0.558,226,713,0,0,1,0,0,0,0,0
1597,4.1564,0.4159,226,713,0,0,1,0,0,0,0,0
1598,4.0926,0.4013,226,713,0,0,1,0,0,0,0,0
1599,4.3837,0.4372,226,713,0,0,1,0,0,0,0,0
1600,4.048,0.4427,226,713,0,0,1,0,0,0,0,0
1601,4.1098,0.3996,226,713,0,0,1,0,0,0,0,0
1602,4.2593,0.4733,226,713,0,0,1,0,0,0,0,0
1603,4.0873,0.3128,225,713,0,0,1,0,0,0,0,0
1604,4.1412,0.6103,225,713,0,0,1,0,0,0,0,0
1605,4.1756,0.433,225,713,0,0,1,0,0,0,0,0
1606,4.1484,0.4693,225,713,0,0,1,0,0,0,0,0
1607,4.1862,0.4047,224,713,0,0,1,0,0,0,0,0
1608,4.2989,0.5309,223,713,0,0,1,0,0,0,0,0
1609,4.0525,0.4276,223,713,0,0,1,0,0,0,0,0
1610,4.1986,0.4412,223,713,0,0,1,0,0,0,0,0
1611,4.1185,0.3113,223,713,0,0,1,0,0,0,0,0
1612,4.5518,0.491,223,713,0,0,1,0,0,0,0,0
1613,3.9065,0.4344,223,713,0,0,1,0,0,0,0,0
1614,4.0939,0.401,223,713,0,0,1,0,0,0,0,0
1615,4.1138,0.409,223,713,0,0,1,0,0,0,0,0
1616,4.1439,0.5372,223,713,0,0,1,0,0,0,0,0
1617,4.2649,0.5481,223,713,0,0,1,0,0,0,0,0
1618,4.164,0.3914,223,713,0,0,1,0,0,0,0,0
1619,4.2455,0.3149,223,713,0,0,1,0,0,0,0,0
1620,4.0925,0.4977,222,713,0,0,1,0,0,0,0,0
1621,4.1204,0.3707,221,713,0,0,1,0,0,0,0,0
1622,4.1483,0.432,220,713,0,0,1,0,0,0,0,0
1623,4.3737,0.6153,220,713,0,0,1,0,0,0,0,0
1624,3.9892,0.4187,254,713,0,0,1,8,0.0488,34,5247,0.004
1625,4.1919,0.4955,254,713,0,0,1,0,0,0,0,0
1626,4.175,0.498,254,713,0,0,1,0,0,0,0,0
1627,4.1105,0.3454,254,713,0,0,1,0,0,0,0,0
1628,4.136,0.3821,254,713,0,0,1,0,0,0,0,0
1629,4.2437,0.5842,253,713,0,0,1,0,0,0,0,0
1630,4.2713,0.3755,253,713,0,0,1,0,0,0,0,0
1631,4.311,0.4661,253,713,0,0,1,0,0,0,0,0
1632,4.0031,0.4893,253,713,0,0,1,0,0,0,0,0
1633,4.3808,0.4166,253,713,0,0,1,0,0,0,0,0
1634,3.8957,0.5298,252,713,0,0,1,0,0,0,0,0
1635,4.277,0.6431,252,713,0,0,1,0,0,0,0,0
1636,3.9748,0.4015,245,713,0,0,1,0,0,0,0,0
1637,4.3214,0.6014,245,713,0,0,1,0,0,0,0,0
1638,4.082,0.4865,245,713,0,0,1,0,0,0,0,0
1639,4.0922,0.3459,245,713,0,0,1,0,0,0,0,0
1640,4.2226,0.4154,245,713,0,0,1,0,0,0,0,0
1641,4.1556,0.4922,245,713,0,0,1,0,0,0,0,0
1642,4.1647,0.5363,245,713,0,0,1,0,0,0,0,0
1643,4.3787,0.4097,245,713,0,0,1,0,0,0,0,0
1644,4.198,0.5666,245,713,0,0,1,0,0,0,0,0
1645,3.9064,0.3908,245,713,0,0,1,0,0,0,0,0
1646,4.1746,0.463,245,713,0,0,1,0,0,0,0,0
1647,4.2051,0.459,244,713,0,0,1,0,0,0,0,0
1648,4.0861,0.3689,244,713,0,0,1,0,0,0,0,0
1649,4.4588,0.5406,244,713,0,0,1,0,0,0,0,0
1650,4.104,0.5424,244,713,0,0,1,0,0,0,0,0
1651,3.9572,0.3303,244,713,0,0,1,0,0,0,0,0
1652,4.2076,0.6018,243,713,0,0,1,0,0,0,0,0
1653,4.1282,0.4146,242,713,0,0,1,0,0,0,0,0
1654,4.2208,0.5129,242,713,0,0,1,0,0,0,0,0
1655,4.06,0.7178,242,713,0,0,1,0,0,0,0,0
1656,4.5603,0.5312,242,713,0,0,1,0,0,0,0,0
1657,4.0464,0.3715,242,713,0,0,1,0,0,0,0,0
1658,3.9726,0.4143,242,713,0,0,1,0,0,0,0,0
1659,4.4655,0.3769,242,713,0,0,1,0,0,0,0,0
1660,3.8902,0.3834,242,713,0,0,1,0,0,0,0,0
1661,4.1574,0.793,242,713,0,0,1,0,0,0,0,0
1662,4.2529,0.6146,242,713,0,0,1,0,0,0,0,0
1663,4.0459,0.3393,242,713,0,0,1,0,0,0,0,0
1664,4.1766,0.4742,242,713,0,0,1,0,0,0,0,0
1665,4.1555,0.4622,242,713,0,0,1,0,0,0,0,0
1666,4.2984,0.3392,242,713,0,0,1,0,0,0,0,0
1667,4.248,0.4949,242,713,0,0,1,0,0,0,0,0
1668,3.9895,0.6151,242,713,0,0,1,0,0,0,0,0
1669,4.17,0.6628,242,713,0,0,1,0,0,0,0,0
1670,4.1383,0.4377,242,713,0,0,1,0,0,0,0,0
1671,4.1868,0.5513,242,713,0,0,1,0,0,0,0,0
1672,4.1386,0.4629,242,713,0,0,1,0,0,0,0,0
1673,4.4203,0.6359,242,713,0,0,1,0,0,0,0,0
1674,3.9946,0.369,242,713,0,0,1,0,0,0,0,0
1675,4.0708,0.415,241,713,0,0,1,0,0,0,0,0
1676,4.1575,0.5918,241,713,0,0,1,0,0,0,0,0
1677,4.1817,0.336,241,713,0,0,1,0,0,0,0,0
1678,4.2592,0.4856,240,713,0,0,1,0,0,0,0,0
1679,4.1277,0.6772,238,713,0,0,1,0,0,0,0,0
1680,4.1105,0.5228,236,713,0,0,1,0,0,0,0,0
1681,4.2998,0.5549,236,713,0,0,1,0,0,0,0,0
1682,4.0721,0.3606,235,713,0,0,1,0,0,0,0,0
1683,4.1914,0.394,234,713,0,0,1,0,0,0,0,0
1684,4.186,0.4805,234,713,0,0,1,0,0,0,0,0
1685,4.1536,0.366,233,713,0,0,1,0,0,0,0,0
1686,4.1154,0.4261,233,713,0,0,1,0,0,0,0,0
1687,4.1669,0.6339,233,713,0,0,1,0,0,0,0,0
1688,4.1069,0.4363,233,713,0,0,1,0,0,0,0,0
1689,4.2247,0.4118,232,713,0,0,1,0,0,0,0,0
1690,4.2353,0.5177,231,713,0,0,1,0,0,0,0,0
1691,4.4008,0.346,231,713,0,0,1,0,0,0,0,0
1692,3.9057,0.743,231,713,0,0,1,0,0,0,0,0
1693,4.1676,0.601,231,713,0,0,1,0,0,0,0,0
1694,4.1307,0.4122,231,713,0,0,1,0,0,0,0,0
1695,4.2052,0.6743,231,713,0,0,1,0,0,0,0,0
1696,4.1942,0.4029,231,713,0,0,1,0,0,0,0,0
1697,4.1444,0.4464,231,713,0,0,1,0,0,0,0,0
1698,4.2764,0.4006,231,713,0,0,1,0,0,0,0,0
1699,4.0013,0.513,231,713,0,0,1,0,0,0,0,0
1700,4.3202,0.5505,231,713,0,0,1,0,0,0,0,0
1701,4.0247,0.4699,231,713,0,0,1,0,0,0,0,0
1702,4.1985,0.456,230,713,0,0,1,0,0,0,0,0
1703,4.1403,0.424,230,713,0,0,1,0,0,0,0,0
1704,4.2048,0.6329,230,713,0,0,1,0,0,0,0,0
1705,4.0927,0.5219,230,713,0,0,1,0,0,0,0,0
1706,4.2052,0.3826,230,713,0,0,1,0,0,0,0,0
1707,4.1639,0.3904,230,713,0,0,1,0,0,0,0,0
1708,4.2041,0.582,264,713,0,0,1,11,0.045,34,6267,0.0049
1709,4.184,0.4659,264,713,0,0,1,0,0,0,0,0
1710,4.136,0.3857,264,713,0,0,1,0,0,0,0,0
1711,4.1122,0.4183,264,713,0,0,1,0,0,0,0,0
1712,4.2381,0.6434,264,713,0,0,1,0,0,0,0,0
1713,4.1553,0.5434,264,713,0,0,1,0,0,0,0,0
1714,4.2027,0.4458,264,713,0,0,1,0,0,0,0,0
1715,4.1607,0.4701,264,713,0,0,1,0,0,0,0,0
1716,4.1482,0.6679,263,713,0,0,1,0,0,0,0,0
1717,4.1629,0.5076,263,713,0,0,1,0,0,0,0,0
1718,4.095,0.4023,263,713,0,0,1,0,0,0,0,0
1719,4.2969,0.6483,256,713,0,0,1,0,0,0,0,0
1720,4.0876,0.4575,256,713,0,0,1,0,0,0,0,0
1721,4.137,0.6255,256,713,0,0,1,0,0,0,0,0
1722,4.2821,0.68,255,713,0,0,1,0,0,0,0,0
1723,4.0969,0.3417,255,713,0,0,1,0,0,0,0,0
1724,4.1731,0.6765,255,713,0,0,1,0,0,0,0,0
1725,4.1145,0.4357,255,713,0,0,1,0,0,0,0,0
1726,4.1793,0.3478,255,713,0,0,1,0,0,0,0,0
1727,4.2667,0.6315,255,713,0,0,1,0,0,0,0,0
1728,4.1323,0.4648,255,713,0,0,1,0,0,0,0,0
1729,4.1489,0.4278,255,713,0,0,1,0,0,0,0,0
1730,4.1213,0.4532,255,713,0,0,1,0,0,0,0,0
1731,4.2162,0.6746,255,713,0,0,1,0,0,0,0,0
1732,4.1792,0.4151,255,713,0,0,1,0,0,0,0,0
1733,4.1546,0.3978,255,713,0,0,1,0,0,0,0,0
1734,4.1562,0.489,254,713,0,0,1,0,0,0,0,0
1735,4.1134,0.3452,253,713,0,0,1,0,0,0,0,0
1736,4.2105,0.5233,253,713,0,0,1,0,0,0,0,0
1737,4.1528,0.4224,253,713,0,0,1,0,0,0,0,0
1738,4.1842,0.3951,253,713,0,0,1,0,0,0,0,0
1739,4.1498,0.3581,253,713,0,0,1,0,0,0,0,0
1740,4.4366,0.5694,252,713,0,0,1,0,0,0,0,0
1741,3.9113,0.4499,251,713,0,0,1,0,0,0,0,0
1742,4.1015,0.3424,251,713,0,0,1,0,0,0,0,0
1743,4.2187,0.5752,251,713,0,0,1,0,0,0,0,0
1744,4.1793,0.3927,250,713,0,0,1,0,0,0,0,0
1745,4.2031,0.5137,249,713,0,0,1,0,0,0,0,0
1746,4.0782,0.4507,249,713,0,0,1,0,0,0,0,0
1747,4.1603,0.34,249,713,0,0,1,0,0,0,0,0
1748,4.1594,0.3931,248,713,0,0,1,0,0,0,0,0
1749,4.2662,0.4812,248,713,0,0,1,0,0,0,0,0
1750,4.1218,0.5191,248,713,0,0,1,0,0,0,0,0
1751,4.1548,0.433,248,713,0,0,1,0,0,0,0,0
1752,4.1713,0.4407,248,713,0,0,1,0,0,0,0,0
1753,4.1642,0.3694,248,713,0,0,1,0,0,0,0,0
1754,4.2024,0.4195,248,713,0,0,1,0,0,0,0,0
1755,4.1242,0.5168,248,713,0,0,1,0,0,0,0,0
1756,4.2911,0.6078,247,713,0,0,1,0,0,0,0,0
1757,4.0698,0.4849,247,713,0,0,1,0,0,0,0,0
1758,4.1029,0.4489,247,713,0,0,1,0,0,0,0,0
1759,4.1957,0.3345,246,713,0,0,1,0,0,0,0,0
1760,4.1951,0.4778,245,713,0,0,1,0,0,0,0,0
1761,4.2121,0.46,245,713,0,0,1,0,0,0,0,0
1762,4.1775,0.3487,245,713,0,0,1,0,0,0,0,0
1763,4.1221,0.4101,243,713,0,0,1,0,0,0,0,0
1764,4.1224,0.638,242,713,0,0,1,0,0,0,0,0
1765,4.4986,0.4893,241,713,0,0,1,0,0,0,0,0
1766,4.0201,0.452,241,713,0,0,1,0,0,0,0,0
1767,3.9958,0.3775,241,713,0,0,1,0,0,0,0,0
1768,4.157,0.3672,240,713,0,0,1,0,0,0,0,0
1769,4.2718,0.6194,240,713,0,0,1,0,0,0,0,0
1770,4.1801,0.41,239,713,0,0,1,0,0,0,0,0
1771,4.0501,0.3405,239,713,0,0,1,0,0,0,0,0
1772,4.2329,0.4862,239,713,0,0,1,0,0,0,0,0
1773,4.1586,0.3919,239,713,0,0,1,0,0,0,0,0
1774,4.1391,0.5265,238,713,0,0,1,0,0,0,0,0
1775,4.1704,0.5435,237,713,0,0,1,0,0,0,0,0
1776,4.2795,0.4903,236,713,0,0,1,0,0,0,0,0
1777,4.089,0.4733,236,713,0,0,1,0,0,0,0,0
1778,4.1722,0.4031,236,713,0,0,1,0,0,0,0,0
1779,4.1512,0.3658,236,713,0,0,1,0,0,0,0,0
1780,4.2574,0.4393,236,713,0,0,1,0,0,0,0,0
1781,4.1913,0.6531,235,713,0,0,1,0,0,0,0,0
1782,3.9925,0.3477,235,713,0,0,1,0,0,0,0,0
1783,4.2168,0.6715,235,713,0,0,1,0,0,0,0,0
1784,4.1743,0.4504,235,713,0,0,1,0,0,0,0,0
1785,4.1196,0.5281,235,713,0,0,1,0,0,0,0,0
1786,4.2931,0.4128,235,713,0,0,1,0,0,0,0,0
1787,4.0883,0.3189,234,713,0,0,1,0,0,0,0,0
1788,4.119,0.4362,232,713,0,0,1,0,0,0,0,0
1789,4.2295,0.4333,231,713,0,0,1,0,0,0,0,0
1790,4.1142,0.3329,230,713,0,0,1,0,0,0,0,0
1791,4.1394,0.4241,230,713,0,0,1,0,0,0,0,0
1792,4.256,0.4298,264,713,0,0,1,1,0.0193,34,4974,0.0037
1793,4.1291,0.3951,264,713,0,0,1,0,0,0,0,0
1794,4.2063,0.6308,264,713,0,0,1,0,0,0,0,0
1795,4.0897,0.3846,264,713,0,0,1,0,0,0,0,0
1796,4.4356,0.5982,264,713,0,0,1,0,0,0,0,0
1797,3.8999,0.4332,264,713,0,0,1,0,0,0,0,0
1798,4.231,0.4626,264,713,0,0,1,0,0,0,0,0
1799,4.1586,0.3409,263,713,0,0,1,0,0,0,0,0
1800,4.1968,0.5924,263,713,0,0,1,0,0,0,0,0
1801,4.1338,0.4811,263,713,0,0,1,0,0,0,0,0
1802,4.1388,0.361,263,713,0,0,1,0,0,0,0,0
1803,4.1603,0.3835,255,713,0,0,1,0,0,0,0,0
1804,4.2586,0.4852,255,713,0,0,1,0,0,0,0,0
1805,4.1121,0.5354,255,713,0,0,1,0,0,0,0,0
1806,4.1053,0.4907,255,713,0,0,1,0,0,0,0,0
1807,4.2353,0.6641,255,713,0,0,1,0,0,0,0,0
1808,4.1622,0.4327,255,713,0,0,1,0,0,0,0,0
1809,4.117,0.3442,255,713,0,0,1,0,0,0,0,0
1810,4.2071,0.4399,255,713,0,0,1,0,0,0,0,0
1811,4.1415,0.3597,255,713,0,0,1,0,0,0,0,0
1812,4.195,0.5405,255,713,0,0,1,0,0,0,0,0
1813,4.1733,0.4241,255,713,0,0,1,0,0,0,0,0
1814,4.1005,0.3649,255,713,0,0,1,0,0,0,0,0
1815,4.2411,0.4178,255,713,0,0,1,0,0,0,0,0
1816,4.0689,0.4413,255,713,0,0,1,0,0,0,0,0
1817,4.5013,0.6177,255,713,0,0,1,0,0,0,0,0
1818,3.8994,0.4276,255,713,0,0,1,0,0,0,0,0
1819,4.2289,0.5966,254,713,0,0,1,0,0,0,0,0
1820,4.1129,0.506,254,713,0,0,1,0,0,0,0,0
1821,4.1291,0.4162,254,713,0,0,1,0,0,0,0,0
1822,4.2455,0.5022,254,713,0,0,1,0,0,0,0,0
1823,4.1485,0.6694,253,713,0,0,1,0,0,0,0,0
1824,4.0783,0.4728,253,713,0,0,1,0,0,0,0,0
1825,4.2137,0.5929,253,713,0,0,1,0,0,0,0,0
1826,4.1788,0.4259,253,713,0,0,1,0,0,0,0,0
1827,4.1177,0.5238,253,713,0,0,1,0,0,0,0,0
1828,4.2427,0.421,253,713,0,0,1,0,0,0,0,0
1829,4.1675,0.4744,253,713,0,0,1,0,0,0,0,0
1830,4.1745,0.482,252,713,0,0,1,0,0,0,0,0
1831,4.1405,0.5156,252,713,0,0,1,0,0,0,0,0
1832,4.1377,0.5827,252,713,0,0,1,0,0,0,0,0
1833,4.154,0.4042,252,713,0,0,1,0,0,0,0,0
1834,4.241,0.38,252,713,0,0,1,0,0,0,0,0
1835,4.0709,0.4239,252,713,0,0,1,0,0,0,0,0
1836,4.4439,0.363,252,713,0,0,1,0,0,0,0,0
1837,3.939,0.6083,251,713,0,0,1,0,0,0,0,0
1838,4.1545,0.4093,251,713,0,0,1,0,0,0,0,0
1839,4.1642,0.3884,251,713,0,0,1,0,0,0,0,0
1840,4.1513,0.3824,251,713,0,0,1,0,0,0,0,0
1841,4.1727,0.4259,250,713,0,0,1,0,0,0,0,0
1842,4.1858,0.3943,250,713,0,0,1,0,0,0,0,0
1843,4.1428,0.4135,250,713,0,0,1,0,0,0,0,0
1844,4.2251,0.594,250,713,0,0,1,0,0,0,0,0
1845,4.1544,0.4317,250,713,0,0,1,0,0,0,0,0
1846,4.2049,0.543,250,713,0,0,1,0,0,0,0,0
1847,4.0786,0.4603,250,713,0,0,1,0,0,0,0,0
1848,4.4707,0.4803,249,713,0,0,1,0,0,0,0,0
1849,3.891,0.3799,249,713,0,0,1,0,0,0,0,0
1850,4.1347,0.4074,249,713,0,0,1,0,0,0,0,0
1851,4.2008,0.5534,249,713,0,0,1,0,0,0,0,0
1852,4.2209,0.4098,249,713,0,0,1,0,0,0,0,0
1853,4.1305,0.461,249,713,0,0,1,0,0,0,0,0
1854,4.1636,0.4186,249,713,0,0,1,0,0,0,0,0
1855,4.1304,0.3385,248,713,0,0,1,0,0,0,0,0
1856,4.2464,0.72,248,713,0,0,1,0,0,0,0,0
1857,4.1464,0.658,248,713,0,0,1,0,0,0,0,0
1858,4.1583,0.4613,248,713,0,0,1,0,0,0,0,0
1859,4.1663,0.4924,248,713,0,0,1,0,0,0,0,0
1860,4.1827,0.4903,248,713,0,0,1,0,0,0,0,0
1861,4.1582,0.3704,247,713,0,0,1,0,0,0,0,0
1862,4.0896,0.4112,247,713,0,0,1,0,0,0,0,0
1863,4.2509,0.4051,247,713,0,0,1,0,0,0,0,0
1864,4.1386,0.3728,246,713,0,0,1,0,0,0,0,0
1865,4.1552,0.4867,245,713,0,0,1,0,0,0,0,0
1866,4.1659,0.4571,245,713,0,0,1,0,0,0,0,0
1867,4.1633,0.3296,244,713,0,0,1,0,0,0,0,0
1868,4.1389,0.4391,244,713,0,0,1,0,0,0,0,0
1869,4.2916,0.4653,244,713,0,0,1,0,0,0,0,0
1870,4.1631,0.7217,244,713,0,0,1,0,0,0,0,0
1871,4.3115,0.5079,244,713,0,0,1,0,0,0,0,0
1872,3.9859,0.4979,244,713,0,0,1,0,0,0,0,0
1873,4.1279,0.3663,244,713,0,0,1,0,0,0,0,0
1874,4.1246,0.4343,244,713,0,0,1,0,0,0,0,0
1875,4.269,0.656,244,713,0,0,1,0,0,0,0,0
1876,4.2197,0.6569,278,713,0,0,1,12,0.1092,34,7905,0.0054
1877,4.0912,0.4192,278,713,0,0,1,0,0,0,0,0
1878,4.1504,0.7083,278,713,0,0,1,0,0,0,0,0
1879,4.112,0.4215,278,713,0,0,1,0,0,0,0,0
1880,4.1918,0.4386,278,713,0,0,1,0,0,0,0,0
1881,4.2246,0.3721,277,713,0,0,1,0,0,0,0,0
1882,4.2034,0.6734,277,713,0,0,1,0,0,0,0,0
1883,3.9992,0.3886,277,713,0,0,1,0,0,0,0,0
1884,4.5088,0.5915,277,713,0,0,1,0,0,0,0,0
1885,3.9416,0.4083,277,713,0,0,1,0,0,0,0,0
1886,4.0744,0.4191,277,713,0,0,1,0,0,0,0,0
1887,4.1856,0.4328,270,713,0,0,1,0,0,0,0,0
1888,4.3215,0.6654,270,713,0,0,1,0,0,0,0,0
1889,4.0391,0.3801,270,713,0,0,1,0,0,0,0,0
1890,4.1797,0.4672,270,713,0,0,1,0,0,0,0,0
1891,4.1087,0.3522,270,713,0,0,1,0,0,0,0,0
1892,4.1855,0.3974,270,713,0,0,1,0,0,0,0,0
1893,4.2318,0.5434,270,713,0,0,1,0,0,0,0,0
1894,4.1871,0.6518,270,713,0,0,1,0,0,0,0,0
1895,4.2169,0.5585,269,713,0,0,1,0,0,0,0,0
1896,4.0991,0.4959,269,713,0,0,1,0,0,0,0,0
1897,4.1511,0.4713,269,713,0,0,1,0,0,0,0,0
1898,4.102,0.3618,269,713,0,0,1,0,0,0,0,0
1899,4.2447,0.4297,269,713,0,0,1,0,0,0,0,0
1900,4.119,0.4561,269,713,0,0,1,0,0,0,0,0
1901,4.2105,0.4392,269,713,0,0,1,0,0,0,0,0
1902,4.1619,0.4111,268,713,0,0,1,0,0,0,0,0
1903,4.1011,0.3455,268,713,0,0,1,0,0,0,0,0
1904,4.2387,0.4494,266,713,0,0,1,0,0,0,0,0
1905,4.1758,0.5121,265,713,0,0,1,0,0,0,0,0
1906,4.2391,0.5605,265,713,0,0,1,0,0,0,0,0
1907,3.9874,0.7582,264,713,0,0,1,0,0,0,0,0
1908,4.3549,0.5789,264,713,0,0,1,0,0,0,0,0
1909,4.0315,0.4044,262,713,0,0,1,0,0,0,0,0
1910,4.2011,0.3564,262,713,0,0,1,0,0,0,0,0
1911,4.4759,0.4335,261,713,0,0,1,0,0,0,0,0
1912,3.8066,0.3837,261,713,0,0,1,0,0,0,0,0
1913,4.223,0.5248,261,713,0,0,1,0,0,0,0,0
1914,4.0885,0.4644,261,713,0,0,1,0,0,0,0,0
1915,4.2324,0.6431,261,713,0,0,1,0,0,0,0,0
1916,4.4257,0.6179,261,713,0,0,1,0,0,0,0,0
1917,3.8911,0.4375,260,713,0,0,1,0,0,0,0,0
1918,4.5563,0.4289,260,713,0,0,1,0,0,0,0,0
1919,4.158,0.5508,260,713,0,0,1,0,0,0,0,0
1920,3.8696,0.7023,260,713,0,0,1,0,0,0,0,0
1921,4.2094,0.6478,259,713,0,0,1,0,0,0,0,0
1922,4.0526,0.3975,257,713,0,0,1,0,0,0,0,0
1923,4.1886,0.3958,257,713,0,0,1,0,0,0,0,0
1924,4.1207,0.5879,257,713,0,0,1,0,0,0,0,0
1925,4.3402,0.3756,257,713,0,0,1,0,0,0,0,0
1926,4.0484,0.5269,256,713,0,0,1,0,0,0,0,0
1927,4.1351,0.4206,256,713,0,0,1,0,0,0,0,0
1928,4.2198,0.4847,255,713,0,0,1,0,0,0,0,0
1929,4.1009,0.3687,255,713,0,0,1,0,0,0,0,0
1930,4.1963,0.4689,255,713,0,0,1,0,0,0,0,0
1931,4.1182,0.3853,255,713,0,0,1,0,0,0,0,0
1932,4.2412,0.5668,254,713,0,0,1,0,0,0,0,0
1933,4.2369,0.4878,254,713,0,0,1,0,0,0,0,0
1934,4.006,0.3668,253,713,0,0,1,0,0,0,0,0
1935,4.189,0.3365,253,713,0,0,1,0,0,0,0,0
1936,4.1346,0.4433,253,713,0,0,1,0,0,0,0,0
1937,4.1861,0.4016,253,713,0,0,1,0,0,0,0,0
1938,4.2669,0.549,253,713,0,0,1,0,0,0,0,0
1939,4.0674,0.402,253,713,0,0,1,0,0,0,0,0
1940,4.2391,0.4708,253,713,0,0,1,0,0,0,0,0
1941,4.126,0.423,253,713,0,0,1,0,0,0,0,0
1942,4.2243,0.4926,253,713,0,0,1,0,0,0,0,0
1943,4.1193,0.4252,253,713,0,0,1,0,0,0,0,0
1944,4.4301,0.6047,253,713,0,0,1,0,0,0,0,0
1945,3.9625,0.6211,251,713,0,0,1,0,0,0,0,0
1946,4.0924,0.5579,251,713,0,0,1,0,0,0,0,0
1947,4.2177,0.3797,249,713,0,0,1,0,0,0,0,0
1948,4.0866,0.5114,249,713,0,0,1,0,0,0,0,0
1949,4.4439,0.4034,249,713,0,0,1,0,0,0,0,0
1950,3.9688,0.5054,249,713,0,0,1,0,0,0,0,0
1951,4.1985,0.5324,249,713,0,0,1,0,0,0,0,0
1952,4.1251,0.4962,248,713,0,0,1,0,0,0,0,0
1953,4.1559,0.4441,248,713,0,0,1,0,0,0,0,0
1954,4.1946,0.5016,248,713,0,0,1,0,0,0,0,0
1955,4.0457,0.3856,248,713,0,0,1,0,0,0,0,0
1956,4.234,0.3554,248,713,0,0,1,0,0,0,0,0
1957,4.218,0.6995,248,713,0,0,1,0,0,0,0,0
1958,4.2827,0.3895,248,713,0,0,1,0,0,0,0,0
1959,4.0522,0.3757,248,713,0,0,1,0,0,0,0,0
1960,4.1075,0.5053,282,713,0,0,1,4,0.0266,34,5769,0.0039
1961,4.1994,0.5481,282,713,0,0,1,0,0,0,0,0
1962,4.1652,0.3884,282,713,0,0,1,0,0,0,0,0
1963,4.1451,0.355,282,713,0,0,1,0,0,0,0,0
1964,4.2953,0.5178,282,713,0,0,1,0,0,0,0,0
1965,4.0355,0.4442,282,713,0,0,1,0,0,0,0,0
1966,4.2122,0.5572,282,713,0,0,1,0,0,0,0,0
1967,4.4745,0.4273,282,713,0,0,1,0,0,0,0,0
1968,3.8661,0.7075,282,713,0,0,1,0,0,0,0,0
1969,4.1253,0.5319,282,713,0,0,1,0,0,0,0,0
1970,4.144,0.349,282,713,0,0,1,0,0,0,0,0
1971,4.241,0.4297,275,713,0,0,1,0,0,0,0,0
1972,4.1676,0.6857,275,713,0,0,1,0,0,0,0,0
1973,4.1269,0.414,274,713,0,0,1,0,0,0,0,0
1974,4.1569,0.4452,274,713,0,0,1,0,0,0,0,0
1975,4.1431,0.6502,274,713,0,0,1,0,0,0,0,0
1976,4.1306,0.6179,274,713,0,0,1,0,0,0,0,0
1977,4.2137,0.3955,274,713,0,0,1,0,0,0,0,0
1978,4.5686,0.4771,274,713,0,0,1,0,0,0,0,0
1979,3.7521,0.4372,274,713,0,0,1,0,0,0,0,0
1980,4.4655,0.4632,273,713,0,0,1,0,0,0,0,0
1981,3.9159,0.4961,273,713,0,0,1,0,0,0,0,0
1982,4.1401,0.4721,273,713,0,0,1,0,0,0,0,0
1983,4.5058,0.5138,272,713,0,0,1,0,0,0,0,0
1984,3.8517,0.4496,271,713,0,0,1,0,0,0,0,0
1985,4.1613,0.4008,271,713,0,0,1,0,0,0,0,0
1986,4.1967,0.5237,269,713,0,0,1,0,0,0,0,0
1987,4.0933,0.3925,269,713,0,0,1,0,0,0,0,0
1988,4.1704,0.3569,269,713,0,0,1,0,0,0,0,0
1989,4.2644,0.5136,269,713,0,0,1,0,0,0,0,0
1990,4.1298,0.5016,268,713,0,0,1,0,0,0,0,0
1991,4.1319,0.3751,268,713,0,0,1,0,0,0,0,0
1992,4.1919,0.4256,268,713,0,0,1,0,0,0,0,0
1993,4.1117,0.4911,266,713,0,0,1,0,0,0,0,0
1994,4.155,0.3739,266,713,0,0,1,0,0,0,0,0
1995,4.3492,0.698,266,713,0,0,1,0,0,0,0,0
1996,3.9954,0.5055,265,713,0,0,1,0,0,0,0,0
1997,4.2256,0.5175,265,713,0,0,1,0,0,0,0,0
1998,4.1509,0.4331,265,713,0,0,1,0,0,0,0,0
1999,4.1139,0.4041,265,713,0,0,1,0,0,0,0,0
2000,4.4166,0.6713,265,713,0,0,1,0,0,0,0,0
2001,4.0266,0.3732,265,713,0,0,1,0,0,0,0,0
2002,4.0853,0.3668,265,713,0,0,1,0,0,0,0,0
2003,4.1092,0.4248,265,713,0,0,1,0,0,0,0,0
2004,4.5279,0.7594,264,713,0,0,1,0,0,0,0,0
2005,4.0982,0.5663,263,713,0,0,1,0,0,0,0,0
2006,3.9621,0.4677,262,713,0,0,1,0,0,0,0,0
2007,4.1817,0.6326,262,713,0,0,1,0,0,0,0,0
2008,4.1995,0.3868,261,713,0,0,1,0,0,0,0,0
2009,4.0923,0.74,261,713,0,0,1,0,0,0,0,0
2010,4.1708,0.4529,261,713,0,0,1,0,0,0,0,0
2011,4.1586,0.3562,261,713,0,0,1,0,0,0,0,0
2012,4.1904,0.3725,261,713,0,0,1,0,0,0,0,0
2013,4.2105,0.439,261,713,0,0,1,0,0,0,0,0
2014,4.2388,0.594,261,713,0,0,1,0,0,0,0,0
2015,4.0489,0.3817,261,713,0,0,1,0,0,0,0,0
2016,4.4779,0.4511,260,713,0,0,1,0,0,0,0,0
2017,3.8837,0.4499,259,713,0,0,1,0,0,0,0,0
2018,4.1017,0.3558,259,713,0,0,1,0,0,0,0,0
2019,4.3945,0.6281,259,713,0,0,1,0,0,0,0,0
2020,4.0613,0.8052,258,713,0,0,1,0,0,0,0,0
2021,4.1505,0.5449,257,713,0,0,1,0,0,0,0,0
2022,4.0569,0.4608,257,713,0,0,1,0,0,0,0,0
2023,4.1725,0.4047,257,713,0,0,1,0,0,0,0,0
2024,4.2096,0.4468,257,713,0,0,1,0,0,0,0,0
2025,4.2106,0.6955,257,713,0,0,1,0,0,0,0,0
2026,4.0951,0.4279,257,713,0,0,1,0,0,0,0,0
2027,4.1571,0.3473,257,713,0,0,1,0,0,0,0,0
2028,4.2426,0.4281,256,713,0,0,1,0,0,0,0,0
2029,4.1339,0.455,255,713,0,0,1,0,0,0,0,0
2030,4.1127,0.3598,254,713,0,0,1,0,0,0,0,0
2031,4.2315,0.4407,253,713,0,0,1,0,0,0,0,0
2032,4.1395,0.4323,253,713,0,0,1,0,0,0,0,0
2033,4.4302,0.5665,253,713,0,0,1,0,0,0,0,0
2034,3.9009,0.3414,253,713,0,0,1,0,0,0,0,0
2035,4.5305,0.4423,251,713,0,0,1,0,0,0,0,0
2036,3.8121,0.4067,251,713,0,0,1,0,0,0,0,0
2037,4.1597,0.4351,251,713,0,0,1,0,0,0,0,0
2038,4.1591,0.4272,250,713,0,0,1,0,0,0,0,0
2039,4.2361,0.606,250,713,0,0,1,0,0,0,0,0
2040,4.1461,0.4442,250,713,0,0,1,0,0,0,0,0
2041,4.1462,0.4737,250,713,0,0,1,0,0,0,0,0
2042,4.1445,0.4097,250,713,0,0,1,0,0,0,0,0
2043,4.1806,0.3751,250,713,0,0,1,0,0,0,0,0
2044,4.2039,0.6217,284,713,0,0,1,2,0.0216,34,6117,0.0046
2045,4.1237,0.432,284,713,0,0,1,0,0,0,0,0
2046,4.2701,0.6703,284,713,0,0,1,0,0,0,0,0
2047,4.0653,0.3704,284,713,0,0,1,0,0,0,0,0
2048,4.1755,0.5713,284,713,0,0,1,0,0,0,0,0
2049,4.1531,0.5004,282,713,0,0,1,0,0,0,0,0
2050,4.1494,0.4021,282,713,0,0,1,0,0,0,0,0
2051,4.1607,0.3681,280,713,0,0,1,0,0,0,0,0
2052,4.3189,0.6027,279,713,0,0,1,0,0,0,0,0
2053,4.0602,0.4854,279,713,0,0,1,0,0,0,0,0
2054,4.125,0.3789,279,713,0,0,1,0,0,0,0,0
2055,4.191,0.3941,272,713,0,0,1,0,0,0,0,0
2056,4.1404,0.4496,271,713,0,0,1,0,0,0,0,0
2057,4.2409,0.605,270,713,0,0,1,0,0,0,0,0
2058,4.2176,0.6845,269,713,0,0,1,0,0,0,0,0
2059,4.1135,0.5092,269,713,0,0,1,0,0,0,0,0
2060,4.429,0.5294,269,713,0,0,1,0,0,0,0,0
2061,3.8615,0.3693,268,713,0,0,1,0,0,0,0,0
2062,4.2394,0.3893,268,713,0,0,1,0,0,0,0,0
2063,4.1312,0.4863,268,713,0,0,1,0,0,0,0,0
2064,4.2976,0.3976,268,713,0,0,1,0,0,0,0,0
2065,4.0951,0.4092,268,713,0,0,1,0,0,0,0,0
2066,4.0741,0.4162,268,713,0,0,1,0,0,0,0,0
2067,4.1711,0.4593,264,713,0,0,1,0,0,0,0,0
2068,4.1514,0.3938,264,713,0,0,1,0,0,0,0,0
2069,4.1515,0.454,264,713,0,0,1,0,0,0,0,0
2070,4.167,0.5795,264,713,0,0,1,0,0,0,0,0
2071,4.1806,0.3923,263,713,0,0,1,0,0,0,0,0
2072,4.2238,0.7462,263,713,0,0,1,0,0,0,0,0
2073,4.1212,0.7053,263,713,0,0,1,0,0,0,0,0
2074,4.2052,0.5264,262,713,0,0,1,0,0,0,0,0
2075,4.0668,0.364,262,713,0,0,1,0,0,0,0,0
2076,4.2594,0.558,262,713,0,0,1,0,0,0,0,0
2077,4.2049,0.4552,262,713,0,0,1,0,0,0,0,0
2078,4.1059,0.4374,262,713,0,0,1,0,0,0,0,0
2079,4.1152,0.3303,262,713,0,0,1,0,0,0,0,0
2080,4.2544,0.5124,262,713,0,0,1,0,0,0,0,0
2081,4.1652,0.5596,262,713,0,0,1,0,0,0,0,0
2082,4.1077,0.3734,261,713,0,0,1,0,0,0,0,0
2083,4.166,0.3963,261,713,0,0,1,0,0,0,0,0
2084,4.1994,0.5212,261,713,0,0,1,0,0,0,0,0
2085,4.1773,0.4727,260,713,0,0,1,0,0,0,0,0
2086,4.1585,0.4064,260,713,0,0,1,0,0,0,0,0
2087,4.1584,0.4366,260,713,0,0,1,0,0,0,0,0
2088,4.4089,0.6999,260,713,0,0,1,0,0,0,0,0
2089,3.9172,0.5608,259,713,0,0,1,0,0,0,0,0
2090,4.1263,0.3629,259,713,0,0,1,0,0,0,0,0
2091,4.154,0.4824,259,713,0,0,1,0,0,0,0,0
2092,4.2796,0.4831,259,713,0,0,1,0,0,0,0,0
2093,4.1304,0.6631,259,713,0,0,1,0,0,0,0,0
2094,4.1651,0.4365,258,713,0,0,1,0,0,0,0,0
2095,4.1792,0.6866,258,713,0,0,1,0,0,0,0,0
2096,4.2396,0.4152,257,713,0,0,1,0,0,0,0,0
2097,4.0921,0.4519,257,713,0,0,1,0,0,0,0,0
2098,4.3311,0.5656,257,713,0,0,1,0,0,0,0,0
2099,3.9353,0.3891,255,713,0,0,1,0,0,0,0,0
2100,4.2429,0.3848,255,713,0,0,1,0,0,0,0,0
2101,4.0691,0.5058,254,713,0,0,1,0,0,0,0,0
2102,4.2168,0.4165,254,713,0,0,1,0,0,0,0,0
2103,4.1468,0.3798,254,713,0,0,1,0,0,0,0,0
2104,4.2423,0.5225,254,713,0,0,1,0,0,0,0,0
2105,4.1593,0.4763,253,713,0,0,1,0,0,0,0,0
2106,4.1356,0.3407,253,713,0,0,1,0,0,0,0,0
2107,4.1657,0.6714,252,713,0,0,1,0,0,0,0,0
2108,4.5003,0.5636,252,713,0,0,1,0,0,0,0,0
2109,3.8262,0.3786,252,713,0,0,1,0,0,0,0,0
2110,4.2205,0.4077,252,713,0,0,1,0,0,0,0,0
2111,4.1199,0.4657,250,713,0,0,1,0,0,0,0,0
2112,4.1533,0.3812,250,713,0,0,1,0,0,0,0,0
2113,4.1611,0.5076,250,713,0,0,1,0,0,0,0,0
2114,4.1603,0.4378,250,713,0,0,1,0,0,0,0,0
2115,4.2543,0.5398,250,713,0,0,1,0,0,0,0,0
2116,4.0697,0.4298,249,713,0,0,1,0,0,0,0,0
2117,4.2944,0.6092,248,713,0,0,1,0,0,0,0,0
2118,4.0565,0.3885,248,713,0,0,1,0,0,0,0,0
2119,4.1837,0.354,248,713,0,0,1,0,0,0,0,0
2120,4.1617,0.677,247,713,0,0,1,0,0,0,0,0
2121,4.1601,0.5276,247,713,0,0,1,0,0,0,0,0
2122,4.3251,0.6006,247,713,0,0,1,0,0,0,0,0
2123,3.9677,0.4191,247,713,0,0,1,0,0,0,0,0
2124,4.5207,0.4956,246,713,0,0,1,0,0,0,0,0
2125,3.9014,0.3709,246,713,0,0,1,0,0,0,0,0
2126,4.1329,0.4294,246,713,0,0,1,0,0,0,0,0
2127,4.2043,0.5469,246,713,0,0,1,0,0,0,0,0
2128,4.129,0.3772,280,713,0,0,1,0,0,34,5457,0.0038
2129,4.5101,0.4138,280,713,0,0,1,0,0,0,0,0
2130,3.8486,0.4993,280,713,0,0,1,0,0,0,0,0
2131,4.126,0.4214,279,713,0,0,1,0,0,0,0,0
2132,4.1718,0.363,278,713,0,0,1,0,0,0,0,0
2133,4.2401,0.4797,278,713,0,0,1,0,0,0,0,0
2134,4.2196,0.6176,277,713,0,0,1,0,0,0,0,0
2135,4.0824,0.4587,277,713,0,0,1,0,0,0,0,0
2136,4.1843,0.4116,277,713,0,0,1,0,0,0,0,0
2137,4.171,0.5064,277,713,0,0,1,0,0,0,0,0
2138,4.0838,0.431,277,713,0,0,1,0,0,0,0,0
2139,4.225,0.348,269,713,0,0,1,0,0,0,0,0
2140,4.2209,0.6098,269,713,0,0,1,0,0,0,0,0
2141,4.1662,0.5312,269,713,0,0,1,0,0,0,0,0
2142,4.0685,0.4435,269,713,0,0,1,0,0,0,0,0
2143,4.1578,0.3452,269,713,0,0,1,0,0,0,0,0
2144,4.1745,0.4442,268,713,0,0,1,0,0,0,0,0
2145,4.4079,0.4491,268,713,0,0,1,0,0,0,0,0
2146,4.0239,0.6397,268,713,0,0,1,0,0,0,0,0
2147,4.0597,0.3476,268,713,0,0,1,0,0,0,0,0
2148,4.2511,0.5281,268,713,0,0,1,0,0,0,0,0
2149,4.1522,0.487,268,713,0,0,1,0,0,0,0,0
2150,4.0837,0.3668,268,713,0,0,1,0,0,0,0,0
2151,4.2493,0.4347,266,713,0,0,1,0,0,0,0,0
2152,4.1204,0.4511,266,713,0,0,1,0,0,0,0,0
2153,4.2195,0.454,266,713,0,0,1,0,0,0,0,0
2154,4.139,0.3479,265,713,0,0,1,0,0,0,0,0
2155,4.1347,0.4319,265,713,0,0,1,0,0,0,0,0
2156,4.2065,0.4349,265,713,0,0,1,0,0,0,0,0
2157,4.1377,0.5992,265,713,0,0,1,0,0,0,0,0
2158,4.2102,0.5321,265,713,0,0,1,0,0,0,0,0
2159,4.1193,0.5958,265,713,0,0,1,0,0,0,0,0
2160,4.4362,0.4849,262,713,0,0,1,0,0,0,0,0
2161,3.9681,0.4293,262,713,0,0,1,0,0,0,0,0
2162,4.0986,0.4733,262,713,0,0,1,0,0,0,0,0
2163,4.208,0.4141,261,713,0,0,1,0,0,0,0,0
2164,4.1339,0.3794,261,713,0,0,1,0,0,0,0,0
2165,4.2537,0.7429,260,713,0,0,1,0,0,0,0,0
2166,4.1089,0.4899,260,713,0,0,1,0,0,0,0,0
2167,4.1123,0.3402,259,713,0,0,1,0,0,0,0,0
2168,4.1964,0.4209,259,713,0,0,1,0,0,0,0,0
2169,4.1615,0.7434,259,713,0,0,1,0,0,0,0,0
2170,4.2243,0.4052,259,713,0,0,1,0,0,0,0,0
2171,4.048,0.3553,259,713,0,0,1,0,0,0,0,0
2172,4.3833,0.7337,259,713,0,0,1,0,0,0,0,0
2173,4.0006,0.4188,259,713,0,0,1,0,0,0,0,0
2174,4.1338,0.3765,259,713,0,0,1,0,0,0,0,0
2175,4.1625,0.5755,259,713,0,0,1,0,0,0,0,0
2176,4.1915,0.6338,259,713,0,0,1,0,0,0,0,0
2177,4.185,0.692,259,713,0,0,1,0,0,0,0,0
2178,4.2999,0.6086,259,713,0,0,1,0,0,0,0,0
2179,4.0125,0.4268,258,713,0,0,1,0,0,0,0,0
2180,4.1871,0.6291,258,713,0,0,1,0,0,0,0,0
2181,4.173,0.3599,257,713,0,0,1,0,0,0,0,0
2182,4.2111,0.4678,256,713,0,0,1,0,0,0,0,0
2183,4.1704,0.4118,254,713,0,0,1,0,0,0,0,0
2184,4.3408,0.5796,253,713,0,0,1,0,0,0,0,0
2185,3.9769,0.5114,253,713,0,0,1,0,0,0,0,0
2186,4.1343,0.4193,253,713,0,0,1,0,0,0,0,0
2187,4.1738,0.3702,253,713,0,0,1,0,0,0,0,0
2188,4.1448,0.4373,253,713,0,0,1,0,0,0,0,0
2189,4.2362,0.4543,252,713,0,0,1,0,0,0,0,0
2190,4.171,0.635,252,713,0,0,1,0,0,0,0,0
2191,4.1514,0.6991,251,713,0,0,1,0,0,0,0,0
2192,4.1808,0.551,251,713,0,0,1,0,0,0,0,0
2193,4.1099,0.4877,249,713,0,0,1,0,0,0,0,0
2194,4.1531,0.5059,246,713,0,0,1,0,0,0,0,0
2195,4.1517,0.424,246,713,0,0,1,0,0,0,0,0
2196,4.2335,0.6734,246,713,0,0,1,0,0,0,0,0
2197,4.1412,0.4641,245,713,0,0,1,0,0,0,0,0
2198,4.1796,0.4587,245,713,0,0,1,0,0,0,0,0
2199,4.1335,0.342,245,713,0,0,1,0,0,0,0,0
2200,4.1551,0.4364,244,713,0,0,1,0,0,0,0,0
2201,4.1994,0.4893,244,713,0,0,1,0,0,0,0,0
2202,4.1256,0.5333,244,713,0,0,1,0,0,0,0,0
2203,4.1493,0.4353,244,713,0,0,1,0,0,0,0,0
2204,4.1952,0.4497,244,713,0,0,1,0,0,0,0,0
2205,4.172,0.4036,244,713,0,0,1,0,0,0,0,0
2206,4.2259,0.5493,244,713,0,0,1,0,0,0,0,0
2207,4.1631,0.4744,244,713,0,0,1,0,0,0,0,0
2208,4.1824,0.5394,244,713,0,0,1,0,0,0,0,0
2209,4.2018,0.5971,243,713,0,0,1,0,0,0,0,0
2210,4.0892,0.4238,243,713,0,0,1,0,0,0,0,0
2211,4.2569,0.5814,243,713,0,0,1,0,0,0,0,0
2212,4.1083,0.5082,277,713,0,0,1,1,0.0226,34,5217,0.0041
2213,4.4558,0.4625,277,713,0,0,1,0,0,0,0,0
2214,3.8175,0.4084,277,713,0,0,1,0,0,0,0,0
2215,4.2587,0.6007,277,713,0,0,1,0,0,0,0,0
2216,4.0834,0.6712,277,713,0,0,1,0,0,0,0,0
2217,4.1704,0.4356,276,713,0,0,1,0,0,0,0,0
2218,4.2234,0.4112,276,713,0,0,1,0,0,0,0,0
2219,3.9928,0.3551,276,713,0,0,1,0,0,0,0,0
2220,4.324,0.5163,276,713,0,0,1,0,0,0,0,0
2221,4.1132,0.4314,276,713,0,0,1,0,0,0,0,0
2222,4.1772,0.3706,276,713,0,0,1,0,0,0,0,0
2223,4.2386,0.4993,269,713,0,0,1,0,0,0,0,0
2224,4.1551,0.5107,269,713,0,0,1,0,0,0,0,0
2225,4.4379,0.3804,269,713,0,0,1,0,0,0,0,0
2226,4.035,0.3843,269,713,0,0,1,0,0,0,0,0
2227,3.9579,0.412,269,713,0,0,1,0,0,0,0,0
2228,4.2668,0.5663,269,713,0,0,1,0,0,0,0,0
2229,4.0944,0.3937,269,713,0,0,1,0,0,0,0,0
2230,4.1813,0.503,269,713,0,0,1,0,0,0,0,0
2231,4.1519,0.4995,268,713,0,0,1,0,0,0,0,0
2232,4.2801,0.6849,268,713,0,0,1,0,0,0,0,0
2233,4.2454,0.5297,268,713,0,0,1,0,0,0,0,0
2234,3.9627,0.4282,268,713,0,0,1,0,0,0,0,0
2235,4.3002,0.6788,268,713,0,0,1,0,0,0,0,0
2236,4.0293,0.4746,268,713,0,0,1,0,0,0,0,0
2237,4.2177,0.5052,268,713,0,0,1,0,0,0,0,0
2238,4.0954,0.5763,268,713,0,0,1,0,0,0,0,0
2239,4.151,0.3384,268,713,0,0,1,0,0,0,0,0
2240,4.1916,0.3582,267,713,0,0,1,0,0,0,0,0
2241,4.2336,0.5426,266,713,0,0,1,0,0,0,0,0
2242,4.191,0.4786,266,713,0,0,1,0,0,0,0,0
2243,4.0802,0.3365,265,713,0,0,1,0,0,0,0,0
2244,4.2441,0.4783,264,713,0,0,1,0,0,0,0,0
2245,4.1125,0.4523,264,713,0,0,1,0,0,0,0,0
2246,4.129,0.3528,264,713,0,0,1,0,0,0,0,0
2247,4.2034,0.75,264,713,0,0,1,0,0,0,0,0
2248,4.1992,0.5536,264,713,0,0,1,0,0,0,0,0
2249,4.1714,0.425,264,713,0,0,1,0,0,0,0,0
2250,4.4516,0.3556,263,713,0,0,1,0,0,0,0,0
2251,3.8851,0.5091,263,713,0,0,1,0,0,0,0,0
2252,4.0875,0.6334,263,713,0,0,1,0,0,0,0,0
2253,4.1684,0.4001,263,713,0,0,1,0,0,0,0,0
2254,4.486,0.6628,263,713,0,0,1,0,0,0,0,0
2255,3.8975,0.4067,263,713,0,0,1,0,0,0,0,0
2256,4.2234,0.353,263,713,0,0,1,0,0,0,0,0
2257,4.0964,0.4608,262,713,0,0,1,0,0,0,0,0
2258,4.3062,0.44,262,713,0,0,1,0,0,0,0,0
2259,4.0702,0.5817,260,713,0,0,1,0,0,0,0,0
2260,4.1749,0.5321,260,713,0,0,1,0,0,0,0,0
2261,4.356,0.6387,260,713,0,0,1,0,0,0,0,0
2262,3.8661,0.5958,260,713,0,0,1,0,0,0,0,0
2263,4.262,0.3456,259,713,0,0,1,0,0,0,0,0
2264,4.384,0.4303,259,713,0,0,1,0,0,0,0,0
2265,3.9791,0.3903,259,713,0,0,1,0,0,0,0,0
2266,4.2331,0.361,258,713,0,0,1,0,0,0,0,0
2267,4.05,0.4438,256,713,0,0,1,0,0,0,0,0
2268,4.2412,0.618,254,713,0,0,1,0,0,0,0,0
2269,4.4548,0.509,254,713,0,0,1,0,0,0,0,0
2270,3.8683,0.4655,254,713,0,0,1,0,0,0,0,0
2271,4.1194,0.404,254,713,0,0,1,0,0,0,0,0
2272,4.1386,0.3561,253,713,0,0,1,0,0,0,0,0
2273,4.5154,0.7232,251,713,0,0,1,0,0,0,0,0
2274,4.4202,0.4057,251,713,0,0,1,0,0,0,0,0
2275,3.5951,0.3363,250,713,0,0,1,0,0,0,0,0
2276,4.444,0.674,249,713,0,0,1,0,0,0,0,0
2277,3.9618,0.4111,249,713,0,0,1,0,0,0,0,0
2278,4.3098,0.4999,248,713,0,0,1,0,0,0,0,0
2279,4.0082,0.6105,247,713,0,0,1,0,0,0,0,0
2280,4.453,0.5707,247,713,0,0,1,0,0,0,0,0
2281,3.8309,0.3541,247,713,0,0,1,0,0,0,0,0
2282,4.274,0.5539,246,713,0,0,1,0,0,0,0,0
2283,4.2497,0.5335,246,713,0,0,1,0,0,0,0,0
2284,4.15,0.3715,246,713,0,0,1,0,0,0,0,0
2285,4.0311,0.6911,245,713,0,0,1,0,0,0,0,0
2286,4.1862,0.5496,244,713,0,0,1,0,0,0,0,0
2287,4.0901,0.3316,244,713,0,0,1,0,0,0,0,0
2288,4.5638,0.4539,244,713,0,0,1,0,0,0,0,0
2289,3.7349,0.3935,244,713,0,0,1,0,0,0,0,0
2290,4.3287,0.3601,244,713,0,0,1,0,0,0,0,0
2291,3.9813,0.4161,244,713,0,0,1,0,0,0,0,0
2292,4.1927,0.3439,243,713,0,0,1,0,0,0,0,0
2293,4.4531,0.5758,243,713,0,0,1,0,0,0,0,0
2294,3.8048,0.3884,243,713,0,0,1,0,0,0,0,0
2295,4.1511,0.3026,243,713,0,0,1,0,0,0,0,0
2296,4.4708,0.5021,277,713,0,0,1,0,0,34,4851,0.0031
2297,4.1918,0.6349,277,713,0,0,1,0,0,0,0,0
2298,4.1501,0.5716,277,713,0,0,1,0,0,0,0,0
2299,3.897,0.2994,277,713,0,0,1,0,0,0,0,0
2300,4.1472,0.3813,277,713,0,0,1,0,0,0,0,0
2301,4.1725,0.4058,277,713,0,0,1,0,0,0,0,0
2302,4.2925,0.3413,276,713,0,0,1,0,0,0,0,0
2303,4.131,0.2994,276,713,0,0,1,0,0,0,0,0
2304,4.2293,0.6914,276,713,0,0,1,0,0,0,0,0
2305,4.1267,0.4676,276,713,0,0,1,0,0,0,0,0
2306,4.0537,0.3273,276,713,0,0,1,0,0,0,0,0
2307,4.2265,0.5387,269,713,0,0,1,0,0,0,0,0
2308,4.244,0.4503,269,713,0,0,1,0,0,0,0,0
2309,4.159,0.5573,268,713,0,0,1,0,0,0,0,0
2310,4.1377,0.4494,268,713,0,0,1,0,0,0,0,0
2311,4.1663,0.6219,268,713,0,0,1,0,0,0,0,0
2312,4.1605,0.4206,268,713,0,0,1,0,0,0,0,0
2313,4.1275,0.3343,268,713,0,0,1,0,0,0,0,0
2314,4.1593,0.4025,267,713,0,0,1,0,0,0,0,0
2315,4.1746,0.4217,267,713,0,0,1,0,0,0,0,0
2316,4.2285,0.6595,267,713,0,0,1,0,0,0,0,0
2317,4.1606,0.4017,267,713,0,0,1,0,0,0,0,0
2318,4.1028,0.4108,267,713,0,0,1,0,0,0,0,0
2319,4.2527,0.5565,267,713,0,0,1,0,0,0,0,0
2320,4.1807,0.3887,267,713,0,0,1,0,0,0,0,0
2321,4.1276,0.6651,266,713,0,0,1,0,0,0,0,0
2322,4.1405,0.5586,265,713,0,0,1,0,0,0,0,0
2323,4.1703,0.3526,265,713,0,0,1,0,0,0,0,0
2324,4.1632,0.3632,265,713,0,0,1,0,0,0,0,0
2325,4.2405,0.5493,265,713,0,0,1,0,0,0,0,0
2326,4.09,0.4203,265,713,0,0,1,0,0,0,0,0
2327,4.172,0.3574,265,713,0,0,1,0,0,0,0,0
2328,4.2243,0.6978,265,713,0,0,1,0,0,0,0,0
2329,4.1227,0.5943,265,713,0,0,1,0,0,0,0,0
2330,4.1746,0.3429,265,713,0,0,1,0,0,0,0,0
2331,4.1237,0.4857,265,713,0,0,1,0,0,0,0,0
2332,4.2083,0.4561,264,713,0,0,1,0,0,0,0,0
2333,4.1353,0.582,264,713,0,0,1,0,0,0,0,0
2334,4.1849,0.3433,262,713,0,0,1,0,0,0,0,0
2335,4.1766,0.4357,262,713,0,0,1,0,0,0,0,0
2336,4.1308,0.5733,261,713,0,0,1,0,0,0,0,0
2337,4.1948,0.4889,260,713,0,0,1,0,0,0,0,0
2338,4.1639,0.4412,259,713,0,0,1,0,0,0,0,0
2339,4.1486,0.415,258,713,0,0,1,0,0,0,0,0
2340,4.1979,0.6005,257,713,0,0,1,0,0,0,0,0
2341,4.1683,0.3606,256,713,0,0,1,0,0,0,0,0
2342,4.2085,0.7017,256,713,0,0,1,0,0,0,0,0
2343,4.1081,0.3825,255,713,0,0,1,0,0,0,0,0
2344,4.1734,0.3623,255,713,0,0,1,0,0,0,0,0
2345,4.1733,0.5283,255,713,0,0,1,0,0,0,0,0
2346,4.1529,0.3716,255,713,0,0,1,0,0,0,0,0
2347,4.217,0.5583,255,713,0,0,1,0,0,0,0,0
2348,4.0668,0.47,254,713,0,0,1,0,0,0,0,0
2349,4.2396,0.4244,254,713,0,0,1,0,0,0,0,0
2350,4.1515,0.3696,254,713,0,0,1,0,0,0,0,0
2351,4.1587,0.4388,253,713,0,0,1,0,0,0,0,0
2352,4.1918,0.6863,253,713,0,0,1,0,0,0,0,0
2353,4.1863,0.6008,252,713,0,0,1,0,0,0,0,0
2354,4.1754,0.3644,252,713,0,0,1,0,0,0,0,0
2355,4.0843,0.3979,252,713,0,0,1,0,0,0,0,0
2356,4.258,0.5939,252,713,0,0,1,0,0,0,0,0
2357,4.1169,0.4994,252,713,0,0,1,0,0,0,0,0
2358,4.1332,0.4093,252,713,0,0,1,0,0,0,0,0
2359,4.1947,0.3884,252,713,0,0,1,0,0,0,0,0
2360,4.2606,0.5956,251,713,0,0,1,0,0,0,0,0
2361,4.0886,0.4778,251,713,0,0,1,0,0,0,0,0
2362,4.2911,0.6323,251,713,0,0,1,0,0,0,0,0
2363,4.0234,0.3559,251,713,0,0,1,0,0,0,0,0
2364,4.2249,0.4468,251,713,0,0,1,0,0,0,0,0
2365,4.1185,0.436,250,713,0,0,1,0,0,0,0,0
2366,4.2091,0.3341,250,713,0,0,1,0,0,0,0,0
2367,4.1168,0.4556,250,713,0,0,1,0,0,0,0,0
2368,4.1705,0.4684,249,713,0,0,1,0,0,0,0,0
2369,4.4503,0.4085,249,713,0,0,1,0,0,0,0,0
2370,3.9162,0.4358,249,713,0,0,1,0,0,0,0,0
2371,4.1615,0.43,249,713,0,0,1,0,0,0,0,0
2372,4.1285,0.3836,249,713,0,0,1,0,0,0,0,0
2373,4.2403,0.4026,249,713,0,0,1,0,0,0,0,0
2374,4.1975,0.4897,248,713,0,0,1,0,0,0,0,0
2375,4.1391,0.4094,248,713,0,0,1,0,0,0,0,0
2376,4.3961,0.4696,248,713,0,0,1,0,0,0,0,0
2377,3.8997,0.5292,248,713,0,0,1,0,0,0,0,0
2378,4.202,0.3894,248,713,0,0,1,0,0,0,0,0
2379,4.1986,0.5259,248,713,0,0,1,0,0,0,0,0
2380,4.0709,0.5494,282,713,0,0,1,0,0,34,4806,0.0044
2381,4.1961,0.6791,282,713,0,0,1,0,0,0,0,0
2382,4.1568,0.3564,282,713,0,0,1,0,0,0,0,0
2383,4.1169,0.3515,281,713,0,0,1,0,0,0,0,0
2384,4.3929,0.663,281,713,0,0,1,0,0,0,0,0
2385,4.0385,0.4999,281,713,0,0,1,0,0,0,0,0
2386,4.1516,0.3806,281,713,0,0,1,0,0,0,0,0
2387,4.1615,0.4111,280,713,0,0,1,0,0,0,0,0
2388,4.253,0.6229,278,713,0,0,1,0,0,0,0,0
2389,4.0815,0.4478,278,713,0,0,1,0,0,0,0,0
2390,4.1727,0.363,277,713,0,0,1,0,0,0,0,0
2391,4.1677,0.6781,270,713,0,0,1,0,0,0,0,0
2392,4.1614,0.5715,270,713,0,0,1,0,0,0,0,0
2393,4.2072,0.476,270,713,0,0,1,0,0,0,0,0
2394,4.159,0.4166,270,713,0,0,1,0,0,0,0,0
2395,4.0547,0.4076,270,713,0,0,1,0,0,0,0,0
2396,4.1715,0.6427,270,713,0,0,1,0,0,0,0,0
2397,4.2519,0.4392,270,713,0,0,1,0,0,0,0,0
2398,4.2389,0.6585,270,713,0,0,1,0,0,0,0,0
2399,3.9922,0.4972,270,713,0,0,1,0,0,0,0,0
2400,4.5014,0.4193,270,713,0,0,1,0,0,0,0,0
2401,3.9237,0.4112,269,713,0,0,1,0,0,0,0,0
2402,4.1804,0.4403,269,713,0,0,1,0,0,0,0,0
2403,4.1273,0.6547,269,713,0,0,1,0,0,0,0,0
2404,4.2094,0.7263,269,713,0,0,1,0,0,0,0,0
2405,4.1953,0.4273,269,713,0,0,1,0,0,0,0,0
2406,4.1736,0.5311,269,713,0,0,1,0,0,0,0,0
2407,4.0843,0.4139,267,713,0,0,1,0,0,0,0,0
2408,4.4625,0.3511,267,713,0,0,1,0,0,0,0,0
2409,3.8728,0.5206,267,713,0,0,1,0,0,0,0,0
2410,4.2526,0.4272,266,713,0,0,1,0,0,0,0,0
2411,4.0421,0.3713,264,713,0,0,1,0,0,0,0,0
2412,4.1795,0.3685,264,713,0,0,1,0,0,0,0,0
2413,4.1971,0.5065,264,713,0,0,1,0,0,0,0,0
2414,4.1898,0.38,264,713,0,0,1,0,0,0,0,0
2415,4.1429,0.3721,264,713,0,0,1,0,0,0,0,0
2416,4.1477,0.4531,263,713,0,0,1,0,0,0,0,0
2417,4.3072,0.6309,262,713,0,0,1,0,0,0,0,0
2418,4.1165,0.5743,262,713,0,0,1,0,0,0,0,0
2419,4.4382,0.6465,262,713,0,0,1,0,0,0,0,0
2420,3.8746,0.5086,262,713,0,0,1,0,0,0,0,0
2421,4.1127,0.4352,262,713,0,0,1,0,0,0,0,0
2422,4.2133,0.3551,262,713,0,0,1,0,0,0,0,0
2423,4.1551,0.4622,262,713,0,0,1,0,0,0,0,0
2424,4.1799,0.44,262,713,0,0,1,0,0,0,0,0
2425,4.1245,0.4152,262,713,0,0,1,0,0,0,0,0
2426,4.1788,0.4214,262,713,0,0,1,0,0,0,0,0
2427,4.2079,0.492,262,713,0,0,1,0,0,0,0,0
2428,4.1508,0.3538,262,713,0,0,1,0,0,0,0,0
2429,4.1654,0.4513,261,713,0,0,1,0,0,0,0,0
2430,4.2325,0.5675,261,713,0,0,1,0,0,0,0,0
2431,4.0542,0.3601,259,713,0,0,1,0,0,0,0,0
2432,4.1766,0.4175,258,713,0,0,1,0,0,0,0,0
2433,4.1253,0.4342,257,713,0,0,1,0,0,0,0,0
2434,4.4864,0.4275,257,713,0,0,1,0,0,0,0,0
2435,3.9009,0.3482,257,713,0,0,1,0,0,0,0,0
2436,4.1888,0.7219,257,713,0,0,1,0,0,0,0,0
2437,4.1602,0.4581,257,713,0,0,1,0,0,0,0,0
2438,4.1778,0.3506,257,713,0,0,1,0,0,0,0,0
2439,4.0856,0.42,257,713,0,0,1,0,0,0,0,0
2440,4.2553,0.5622,257,713,0,0,1,0,0,0,0,0
2441,4.2573,0.5856,257,713,0,0,1,0,0,0,0,0
2442,4.2843,0.5802,257,713,0,0,1,0,0,0,0,0
2443,3.9488,0.4455,257,713,0,0,1,0,0,0,0,0
2444,4.3407,0.3674,256,713,0,0,1,0,0,0,0,0
2445,3.9388,0.4021,256,713,0,0,1,0,0,0,0,0
2446,4.1743,0.4423,256,713,0,0,1,0,0,0,0,0
2447,4.207,0.4348,256,713,0,0,1,0,0,0,0,0
2448,4.2555,0.6137,256,713,0,0,1,0,0,0,0,0
2449,4.1102,0.7677,256,713,0,0,1,0,0,0,0,0
2450,4.1287,0.4379,256,713,0,0,1,0,0,0,0,0
2451,4.1986,0.5389,256,713,0,0,1,0,0,0,0,0
2452,4.1849,0.4665,256,713,0,0,1,0,0,0,0,0
2453,4.1417,0.4071,255,713,0,0,1,0,0,0,0,0
2454,4.201,0.3533,255,713,0,0,1,0,0,0,0,0
2455,4.3149,0.6942,255,713,0,0,1,0,0,0,0,0
2456,4.2769,0.6652,254,713,0,0,1,0,0,0,0,0
2457,3.8336,0.4764,254,713,0,0,1,0,0,0,0,0
2458,4.2266,0.5752,254,713,0,0,1,0,0,0,0,0
2459,4.1499,0.4699,253,713,0,0,1,0,0,0,0,0
2460,4.2058,0.6193,253,713,0,0,1,0,0,0,0,0
2461,4.0906,0.5836,253,713,0,0,1,0,0,0,0,0
2462,4.1834,0.4617,253,713,0,0,1,0,0,0,0,0
2463,4.1641,0.3813,253,713,0,0,1,0,0,0,0,0
2464,4.2044,0.4241,287,713,0,0,1,3,0.0361,34,5364,0.0048
2465,4.1617,0.584,287,713,0,0,1,0,0,0,0,0
2466,4.1648,0.6267,287,713,0,0,1,0,0,0,0,0
2467,4.1771,0.5946,287,713,0,0,1,0,0,0,0,0
2468,4.1258,0.4665,286,713,0,0,1,0,0,0,0,0
2469,4.1992,0.5214,286,713,0,0,1,0,0,0,0,0
2470,4.1821,0.4745,285,713,0,0,1,0,0,0,0,0
2471,4.1412,0.4067,285,713,0,0,1,0,0,0,0,0
2472,4.1609,0.3829,285,713,0,0,1,0,0,0,0,0
2473,4.1741,0.615,285,713,0,0,1,0,0,0,0,0
2474,4.1489,0.4347,285,713,0,0,1,0,0,0,0,0
2475,4.1417,0.6261,278,713,0,0,1,0,0,0,0,0
2476,4.2214,0.4366,278,713,0,0,1,0,0,0,0,0
2477,4.16,0.5053,278,713,0,0,1,0,0,0,0,0
2478,4.1661,0.3968,277,713,0,0,1,0,0,0,0,0
2479,4.1157,0.3465,277,713,0,0,1,0,0,0,0,0
2480,4.3473,0.7573,277,713,0,0,1,0,0,0,0,0
2481,4.0171,0.5445,277,713,0,0,1,0,0,0,0,0
2482,4.231,0.4195,277,713,0,0,1,0,0,0,0,0
2483,4.1322,0.46,276,713,0,0,1,0,0,0,0,0
2484,4.1345,0.4904,276,713,0,0,1,0,0,0,0,0
2485,4.1401,0.5574,275,713,0,0,1,0,0,0,0,0
2486,4.1837,0.3647,275,713,0,0,1,0,0,0,0,0
2487,4.1918,0.574,275,713,0,0,1,0,0,0,0,0
2488,4.1622,0.5228,275,713,0,0,1,0,0,0,0,0
2489,4.1931,0.4502,275,713,0,0,1,0,0,0,0,0
2490,4.1452,0.3976,274,713,0,0,1,0,0,0,0,0
2491,4.1275,0.7119,274,713,0,0,1,0,0,0,0,0
2492,4.161,0.5612,272,713,0,0,1,0,0,0,0,0
2493,4.2113,0.4459,272,713,0,0,1,0,0,0,0,0
2494,4.2269,0.4016,271,713,0,0,1,0,0,0,0,0
2495,4.1115,0.5659,270,713,0,0,1,0,0,0,0,0
2496,4.187,0.4711,269,713,0,0,1,0,0,0,0,0
2497,4.0977,0.5089,269,713,0,0,1,0,0,0,0,0
2498,4.1568,0.4222,268,713,0,0,1,0,0,0,0,0
2499,4.2871,0.5764,267,713,0,0,1,0,0,0,0,0
2500,4.1597,0.4368,267,713,0,0,1,0,0,0,0,0
2501,4.1178,0.4063,267,713,0,0,1,0,0,0,0,0
2502,4.1835,0.4815,267,713,0,0,1,0,0,0,0,0
2503,4.0955,0.6019,267,713,0,0,1,0,0,0,0,0
2504,4.1422,0.4538,267,713,0,0,1,0,0,0,0,0
2505,4.2485,0.4416,266,713,0,0,1,0,0,0,0,0
2506,4.1215,0.4367,266,713,0,0,1,0,0,0,0,0
2507,4.1874,0.3876,265,713,0,0,1,0,0,0,0,0
2508,4.2701,0.5528,265,713,0,0,1,0,0,0,0,0
2509,3.9959,0.4489,263,713,0,0,1,0,0,0,0,0
2510,4.2144,0.4228,262,713,0,0,1,0,0,0,0,0
2511,4.1034,0.34,260,713,0,0,1,0,0,0,0,0
2512,4.2723,0.5382,260,713,0,0,1,0,0,0,0,0
2513,4.0998,0.4007,260,713,0,0,1,0,0,0,0,0
2514,4.2638,0.3916,260,713,0,0,1,0,0,0,0,0
2515,4.0756,0.4328,260,713,0,0,1,0,0,0,0,0
2516,4.3762,0.5787,260,713,0,0,1,0,0,0,0,0
2517,3.9777,0.4114,259,713,0,0,1,0,0,0,0,0
2518,4.5037,0.4722,259,713,0,0,1,0,0,0,0,0
2519,3.8557,0.5724,258,713,0,0,1,0,0,0,0,0
2520,4.2027,0.4288,256,713,0,0,1,0,0,0,0,0
2521,4.1409,0.4176,255,713,0,0,1,0,0,0,0,0
2522,4.1103,0.4252,255,713,0,0,1,0,0,0,0,0
2523,4.2265,0.5268,255,713,0,0,1,0,0,0,0,0
2524,4.2154,0.5369,255,713,0,0,1,0,0,0,0,0
2525,4.1237,0.5206,255,713,0,0,1,0,0,0,0,0
2526,4.1779,0.4427,255,713,0,0,1,0,0,0,0,0
2527,4.1142,0.3529,255,713,0,0,1,0,0,0,0,0
2528,4.1356,0.5907,255,713,0,0,1,0,0,0,0,0
2529,4.1947,0.4744,255,713,0,0,1,0,0,0,0,0
2530,4.191,0.4136,254,713,0,0,1,0,0,0,0,0
2531,4.1404,0.454,254,713,0,0,1,0,0,0,0,0
2532,4.2292,0.4721,254,713,0,0,1,0,0,0,0,0
2533,4.1118,0.3855,251,713,0,0,1,0,0,0,0,0
2534,4.1657,0.4356,251,713,0,0,1,0,0,0,0,0
2535,4.1197,0.5969,251,713,0,0,1,0,0,0,0,0
2536,4.3003,0.5435,250,713,0,0,1,0,0,0,0,0
2537,4.0572,0.4628,249,713,0,0,1,0,0,0,0,0
2538,4.2229,0.425,249,713,0,0,1,0,0,0,0,0
2539,4.2044,0.4883,248,713,0,0,1,0,0,0,0,0
2540,4.1108,0.4367,248,713,0,0,1,0,0,0,0,0
2541,4.1441,0.382,248,713,0,0,1,0,0,0,0,0
2542,4.2868,0.5343,248,713,0,0,1,0,0,0,0,0
2543,4.1486,0.5905,248,713,0,0,1,0,0,0,0,0
2544,4.1102,0.6347,247,713,0,0,1,0,0,0,0,0
2545,4.1306,0.4083,247,713,0,0,1,0,0,0,0,0
2546,4.1794,0.4351,247,713,0,0,1,0,0,0,0,0
2547,4.149,0.3676,246,713,0,0,1,0,0,0,0,0
2548,4.1616,0.3925,280,713,0,0,1,0,0,34,3123,0.0026
2549,4.425,0.5553,280,713,0,0,1,0,0,0,0,0
2550,3.9275,0.5325,280,713,0,0,1,0,0,0,0,0
2551,4.1911,0.5596,280,713,0,0,1,0,0,0,0,0
2552,4.0789,0.5552,279,713,0,0,1,0,0,0,0,0
2553,4.2241,0.4964,279,713,0,0,1,0,0,0,0,0
2554,4.213,0.4495,279,713,0,0,1,0,0,0,0,0
2555,4.1958,0.5708,279,713,0,0,1,0,0,0,0,0
2556,4.1347,0.4468,278,713,0,0,1,0,0,0,0,0
2557,4.1384,0.4784,278,713,0,0,1,0,0,0,0,0
2558,4.1489,0.4198,278,713,0,0,1,0,0,0,0,0
2559,4.1324,0.5017,271,713,0,0,1,0,0,0,0,0
2560,4.1891,0.457,270,713,0,0,1,0,0,0,0,0
2561,4.2455,0.6171,269,713,0,0,1,0,0,0,0,0
2562,4.2735,0.5733,269,713,0,0,1,0,0,0,0,0
2563,4.357,0.4623,269,713,0,0,1,0,0,0,0,0
2564,4.2798,0.4244,269,713,0,0,1,0,0,0,0,0
2565,3.737,0.5101,269,713,0,0,1,0,0,0,0,0
2566,4.1741,0.4941,269,713,0,0,1,0,0,0,0,0
2567,4.1195,0.4132,269,713,0,0,1,0,0,0,0,0
2568,4.3026,0.5794,269,713,0,0,1,0,0,0,0,0
2569,4.0612,0.3844,267,713,0,0,1,0,0,0,0,0
2570,4.1015,0.3726,267,713,0,0,1,0,0,0,0,0
2571,4.2108,0.4672,267,713,0,0,1,0,0,0,0,0
2572,4.2278,0.4667,267,713,0,0,1,0,0,0,0,0
2573,4.0639,0.5709,267,713,0,0,1,0,0,0,0,0
2574,4.2332,0.5304,266,713,0,0,1,0,0,0,0,0
2575,4.1678,0.684,266,713,0,0,1,0,0,0,0,0
2576,4.148,0.8778,266,713,0,0,1,0,0,0,0,0
2577,4.1448,0.6337,266,713,0,0,1,0,0,0,0,0
2578,4.1331,0.5179,265,713,0,0,1,0,0,0,0,0
2579,4.1628,0.4588,265,713,0,0,1,0,0,0,0,0
2580,4.2416,0.8018,265,713,0,0,1,0,0,0,0,0
2581,4.1853,0.4058,265,713,0,0,1,0,0,0,0,0
2582,4.066,0.426,264,713,0,0,1,0,0,0,0,0
2583,4.2252,0.4294,264,713,0,0,1,0,0,0,0,0
2584,4.2208,0.404,264,713,0,0,1,0,0,0,0,0
2585,4.2923,0.446,264,713,0,0,1,0,0,0,0,0
2586,3.9919,0.4816,264,713,0,0,1,0,0,0,0,0
2587,4.1522,0.6969,263,713,0,0,1,0,0,0,0,0
2588,4.4599,0.3479,263,713,0,0,1,0,0,0,0,0
2589,3.8834,0.53,263,713,0,0,1,0,0,0,0,0
2590,4.1983,0.4688,263,713,0,0,1,0,0,0,0,0
2591,4.163,0.443,262,713,0,0,1,0,0,0,0,0
2592,4.3126,0.5957,261,713,0,0,1,0,0,0,0,0
2593,4.0825,0.6279,261,713,0,0,1,0,0,0,0,0
2594,4.0562,0.39,261,713,0,0,1,0,0,0,0,0
2595,4.2495,0.3961,261,713,0,0,1,0,0,0,0,0
2596,4.1385,0.62,259,713,0,0,1,0,0,0,0,0
2597,4.1638,0.5322,259,713,0,0,1,0,0,0,0,0
2598,4.0801,0.3869,259,713,0,0,1,0,0,0,0,0
2599,4.2618,0.6954,258,713,0,0,1,0,0,0,0,0
2600,4.168,0.6814,258,713,0,0,1,0,0,0,0,0
2601,4.1191,0.4223,256,713,0,0,1,0,0,0,0,0
2602,4.2461,0.4014,256,713,0,0,1,0,0,0,0,0
2603,4.1489,0.4893,255,713,0,0,1,0,0,0,0,0
2604,4.1703,0.6356,255,713,0,0,1,0,0,0,0,0
2605,4.143,0.5746,255,713,0,0,1,0,0,0,0,0
2606,4.0795,0.5054,255,713,0,0,1,0,0,0,0,0
2607,4.3013,0.6294,255,713,0,0,1,0,0,0,0,0
2608,4.1433,0.4018,255,713,0,0,1,0,0,0,0,0
2609,4.1251,0.4688,255,713,0,0,1,0,0,0,0,0
2610,4.3812,0.4454,255,713,0,0,1,0,0,0,0,0
2611,3.894,0.5225,255,713,0,0,1,0,0,0,0,0
2612,4.3404,0.5393,255,713,0,0,1,0,0,0,0,0
2613,4.0518,0.5442,254,713,0,0,1,0,0,0,0,0
2614,4.1885,0.45,253,713,0,0,1,0,0,0,0,0
2615,4.1714,0.4199,253,713,0,0,1,0,0,0,0,0
2616,4.1918,0.7019,253,713,0,0,1,0,0,0,0,0
2617,4.128,0.8263,252,713,0,0,1,0,0,0,0,0
2618,4.117,0.345,252,713,0,0,1,0,0,0,0,0
2619,4.2606,0.4584,252,713,0,0,1,0,0,0,0,0
2620,4.15,0.4987,251,713,0,0,1,0,0,0,0,0
2621,4.0731,0.37,251,713,0,0,1,0,0,0,0,0
2622,4.4835,0.4457,250,713,0,0,1,0,0,0,0,0
2623,3.8553,0.658,249,713,0,0,1,0,0,0,0,0
2624,4.272,0.5815,249,713,0,0,1,0,0,0,0,0
2625,4.0966,0.5353,249,713,0,0,1,0,0,0,0,0
2626,4.2131,0.6619,249,713,0,0,1,0,0,0,0,0
2627,4.1299,0.387,249,713,0,0,1,0,0,0,0,0
2628,4.2177,0.3887,249,713,0,0,1,0,0,0,0,0
2629,4.1577,0.6866,249,713,0,0,1,0,0,0,0,0
2630,4.101,0.4193,249,713,0,0,1,0,0,0,0,0
2631,4.335,0.3902,249,713,0,0,1,0,0,0,0,0
2632,4.0565,0.5571,283,713,0,0,1,0,0,34,5076,0.0036
2633,4.1763,0.4895,282,713,0,0,1,0,0,0,0,0
2634,4.1731,0.4474,281,713,0,0,1,0,0,0,0,0
2635,4.0636,0.3638,280,713,0,0,1,0,0,0,0,0
2636,4.4389,0.7375,280,713,0,0,1,0,0,0,0,0
2637,3.9055,0.4033,279,713,0,0,1,0,0,0,0,0
2638,4.3963,0.6457,278,713,0,0,1,0,0,0,0,0
2639,4.0502,0.4649,278,713,0,0,1,0,0,0,0,0
2640,4.2084,0.606,278,713,0,0,1,0,0,0,0,0
2641,3.999,0.4083,278,713,0,0,1,0,0,0,0,0
2642,4.2033,0.3698,278,713,0,0,1,0,0,0,0,0
2643,4.2204,0.3638,271,713,0,0,1,0,0,0,0,0
2644,4.1383,0.5041,271,713,0,0,1,0,0,0,0,0
2645,4.2073,0.4678,271,713,0,0,1,0,0,0,0,0
2646,4.1481,0.4358,270,713,0,0,1,0,0,0,0,0
2647,4.1242,0.4349,270,713,0,0,1,0,0,0,0,0
2648,4.213,0.5343,269,713,0,0,1,0,0,0,0,0
2649,4.1264,0.3874,269,713,0,0,1,0,0,0,0,0
2650,4.1831,0.5218,269,713,0,0,1,0,0,0,0,0
2651,4.1641,0.4638,269,713,0,0,1,0,0,0,0,0
2652,4.2284,0.5648,269,713,0,0,1,0,0,0,0,0
2653,4.146,0.3835,269,713,0,0,1,0,0,0,0,0
2654,4.0571,0.3802,269,713,0,0,1,0,0,0,0,0
2655,4.2148,0.4418,269,713,0,0,1,0,0,0,0,0
2656,4.161,0.4339,267,713,0,0,1,0,0,0,0,0
2657,4.3071,0.4329,266,713,0,0,1,0,0,0,0,0
2658,4.089,0.7382,266,713,0,0,1,0,0,0,0,0
2659,4.1023,0.4371,265,713,0,0,1,0,0,0,0,0
2660,4.396,0.3419,265,713,0,0,1,0,0,0,0,0
2661,3.9553,0.4562,265,713,0,0,1,0,0,0,0,0
2662,4.2028,0.744,263,713,0,0,1,0,0,0,0,0
2663,4.1695,0.4776,263,713,0,0,1,0,0,0,0,0
2664,4.1879,0.4335,263,713,0,0,1,0,0,0,0,0
2665,4.4369,0.437,263,713,0,0,1,0,0,0,0,0
2666,3.8122,0.4423,263,713,0,0,1,0,0,0,0,0
2667,4.2025,0.4413,263,713,0,0,1,0,0,0,0,0
2668,4.2005,0.449,263,713,0,0,1,0,0,0,0,0
2669,4.1413,0.5801,262,713,0,0,1,0,0,0,0,0
2670,4.1813,0.4418,262,713,0,0,1,0,0,0,0,0
2671,4.097,0.3446,261,713,0,0,1,0,0,0,0,0
2672,4.2146,0.4934,261,713,0,0,1,0,0,0,0,0
2673,4.1591,0.4043,261,713,0,0,1,0,0,0,0,0
2674,4.2484,0.6384,261,713,0,0,1,0,0,0,0,0
2675,4.0897,0.4863,261,713,0,0,1,0,0,0,0,0
2676,4.4358,0.4986,261,713,0,0,1,0,0,0,0,0
2677,3.8711,0.3566,261,713,0,0,1,0,0,0,0,0
2678,4.1313,0.3662,261,713,0,0,1,0,0,0,0,0
2679,4.453,0.6308,261,713,0,0,1,0,0,0,0,0
2680,3.9508,0.4299,261,713,0,0,1,0,0,0,0,0
2681,4.1882,0.3831,261,713,0,0,1,0,0,0,0,0
2682,4.1161,0.4186,261,713,0,0,1,0,0,0,0,0
2683,4.3701,0.3938,259,713,0,0,1,0,0,0,0,0
2684,4.0388,0.3813,259,713,0,0,1,0,0,0,0,0
2685,4.119,0.5022,259,713,0,0,1,0,0,0,0,0
2686,4.1863,0.7852,258,713,0,0,1,0,0,0,0,0
2687,4.3287,0.5362,257,713,0,0,1,0,0,0,0,0
2688,4.2021,0.5808,256,713,0,0,1,0,0,0,0,0
2689,4.3318,0.4315,254,713,0,0,1,0,0,0,0,0
2690,3.7543,0.3649,254,713,0,0,1,0,0,0,0,0
2691,4.4639,0.5553,253,713,0,0,1,0,0,0,0,0
2692,3.9372,0.4811,253,713,0,0,1,0,0,0,0,0
2693,4.2647,0.5937,252,713,0,0,1,0,0,0,0,0
2694,3.9946,0.3539,252,713,0,0,1,0,0,0,0,0
2695,4.2297,0.69,252,713,0,0,1,0,0,0,0,0
2696,4.1669,0.4475,251,713,0,0,1,0,0,0,0,0
2697,4.1368,0.3886,249,713,0,0,1,0,0,0,0,0
2698,4.2078,0.5825,248,713,0,0,1,0,0,0,0,0
2699,4.123,0.3607,248,713,0,0,1,0,0,0,0,0
2700,4.2919,0.577,247,713,0,0,1,0,0,0,0,0
2701,4.0151,0.4787,246,713,0,0,1,0,0,0,0,0
2702,4.1359,0.3526,245,713,0,0,1,0,0,0,0,0
2703,4.235,0.4932,245,713,0,0,1,0,0,0,0,0
2704,4.1408,0.4534,245,713,0,0,1,0,0,0,0,0
2705,4.2289,0.609,245,713,0,0,1,0,0,0,0,0
2706,4.2795,0.5163,245,713,0,0,1,0,0,0,0,0
2707,4.2938,0.5907,245,713,0,0,1,0,0,0,0,0
2708,4.1954,0.3989,245,713,0,0,1,0,0,0,0,0
2709,3.8664,0.4574,245,713,0,0,1,0,0,0,0,0
2710,4.4123,0.4072,245,713,0,0,1,0,0,0,0,0
2711,3.8991,0.3629,245,713,0,0,1,0,0,0,0,0
2712,4.2508,0.5739,245,713,0,0,1,0,0,0,0,0
2713,4.1991,0.4168,245,713,0,0,1,0,0,0,0,0
2714,4.0595,0.3566,245,713,0,0,1,0,0,0,0,0
2715,4.2374,0.5,245,713,0,0,1,0,0,0,0,0
2716,4.1518,0.5303,279,713,0,0,1,0,0,34,4959,0.0041
2717,4.0917,0.562,278,713,0,0,1,0,0,0,0,0
2718,4.1827,0.7164,278,713,0,0,1,0,0,0,0,0
2719,4.3777,0.7224,278,713,0,0,1,0,0,0,0,0
2720,4.0399,0.4669,278,713,0,0,1,0,0,0,0,0
2721,4.0887,0.4161,278,713,0,0,1,0,0,0,0,0
2722,4.1439,0.3982,278,713,0,0,1,0,0,0,0,0
2723,4.2301,0.4819,278,713,0,0,1,0,0,0,0,0
2724,4.1775,0.6782,277,713,0,0,1,0,0,0,0,0
2725,4.2087,0.6137,277,713,0,0,1,0,0,0,0,0
2726,4.0437,0.3676,277,713,0,0,1,0,0,0,0,0
2727,4.2294,0.482,270,713,0,0,1,0,0,0,0,0
2728,4.1877,0.4606,270,713,0,0,1,0,0,0,0,0
2729,4.1586,0.4128,269,713,0,0,1,0,0,0,0,0
2730,4.168,0.7061,269,713,0,0,1,0,0,0,0,0
2731,4.2094,0.6412,269,713,0,0,1,0,0,0,0,0
2732,4.2585,0.367,269,713,0,0,1,0,0,0,0,0
2733,4.0064,0.4023,269,713,0,0,1,0,0,0,0,0
2734,4.1998,0.4732,269,713,0,0,1,0,0,0,0,0
2735,4.1178,0.4084,269,713,0,0,1,0,0,0,0,0
2736,4.2225,0.5034,269,713,0,0,1,0,0,0,0,0
2737,4.3387,0.4367,269,713,0,0,1,0,0,0,0,0
2738,3.8786,0.4367,269,713,0,0,1,0,0,0,0,0
2739,4.1973,0.3853,269,713,0,0,1,0,0,0,0,0
2740,4.1648,0.517,269,713,0,0,1,0,0,0,0,0
2741,4.2781,0.6714,268,713,0,0,1,0,0,0,0,0
2742,4.0859,0.4744,268,713,0,0,1,0,0,0,0,0
2743,4.21,0.608,268,713,0,0,1,0,0,0,0,0
2744,4.4615,0.6316,268,713,0,0,1,0,0,0,0,0
2745,3.8678,0.4681,268,713,0,0,1,0,0,0,0,0
2746,4.1692,0.4235,268,713,0,0,1,0,0,0,0,0
2747,4.1096,0.523,268,713,0,0,1,0,0,0,0,0
2748,4.2195,0.4527,268,713,0,0,1,0,0,0,0,0
2749,4.1779,0.5942,267,713,0,0,1,0,0,0,0,0
2750,4.0662,0.3675,266,713,0,0,1,0,0,0,0,0
2751,4.2482,0.7786,265,713,0,0,1,0,0,0,0,0
2752,4.251,0.4558,264,713,0,0,1,0,0,0,0,0
2753,4.3368,0.5471,263,713,0,0,1,0,0,0,0,0
2754,3.9083,0.4456,263,713,0,0,1,0,0,0,0,0
2755,4.1389,0.6566,262,713,0,0,1,0,0,0,0,0
2756,4.3903,0.3667,262,713,0,0,1,0,0,0,0,0
2757,3.9506,0.4673,262,713,0,0,1,0,0,0,0,0
2758,4.1696,0.5037,262,713,0,0,1,0,0,0,0,0
2759,4.1658,0.4056,261,713,0,0,1,0,0,0,0,0
2760,4.2003,0.4466,261,713,0,0,1,0,0,0,0,0
2761,4.2994,0.4327,260,713,0,0,1,0,0,0,0,0
2762,3.9774,0.4069,259,713,0,0,1,0,0,0,0,0
2763,4.2238,0.3415,259,713,0,0,1,0,0,0,0,0
2764,4.1531,0.4651,259,713,0,0,1,0,0,0,0,0
2765,4.194,0.4657,259,713,0,0,1,0,0,0,0,0
2766,4.0803,0.3811,259,713,0,0,1,0,0,0,0,0
2767,4.2122,0.6342,257,713,0,0,1,0,0,0,0,0
2768,4.1561,0.5765,257,713,0,0,1,0,0,0,0,0
2769,4.229,0.373,256,713,0,0,1,0,0,0,0,0
2770,4.0819,0.5229,255,713,0,0,1,0,0,0,0,0
2771,4.2502,0.5109,252,713,0,0,1,0,0,0,0,0
2772,4.1452,0.4919,251,713,0,0,1,0,0,0,0,0
2773,4.1353,0.3722,251,713,0,0,1,0,0,0,0,0
2774,4.1146,0.5046,250,713,0,0,1,0,0,0,0,0
2775,4.2545,0.6132,250,713,0,0,1,0,0,0,0,0
2776,4.1063,0.3473,250,713,0,0,1,0,0,0,0,0
2777,4.2233,0.5168,250,713,0,0,1,0,0,0,0,0
2778,4.1162,0.363,250,713,0,0,1,0,0,0,0,0
2779,4.1503,0.3445,250,713,0,0,1,0,0,0,0,0
2780,4.3291,0.3967,249,713,0,0,1,0,0,0,0,0
2781,4.0579,0.3547,248,713,0,0,1,0,0,0,0,0
2782,4.1861,0.6865,248,713,0,0,1,0,0,0,0,0
2783,4.1234,0.4745,248,713,0,0,1,0,0,0,0,0
2784,4.4562,0.5627,245,713,0,0,1,0,0,0,0,0
2785,4.2932,0.4265,244,713,0,0,1,0,0,0,0,0
2786,3.7118,0.4321,244,713,0,0,1,0,0,0,0,0
2787,4.2219,0.4944,243,713,0,0,1,0,0,0,0,0
2788,4.1083,0.3951,243,713,0,0,1,0,0,0,0,0
2789,4.213,0.4046,243,713,0,0,1,0,0,0,0,0
2790,4.2057,0.3876,243,713,0,0,1,0,0,0,0,0
2791,4.1102,0.6323,243,713,0,0,1,0,0,0,0,0
2792,4.1335,0.3966,243,713,0,0,1,0,0,0,0,0
2793,4.222,0.3293,243,713,0,0,1,0,0,0,0,0
2794,4.2537,0.6799,242,713,0,0,1,0,0,0,0,0
2795,4.0396,0.3947,241,713,0,0,1,0,0,0,0,0
2796,4.2767,0.3868,241,713,0,0,1,0,0,0,0,0
2797,4.147,0.4722,241,713,0,0,1,0,0,0,0,0
2798,4.0664,0.3606,240,713,0,0,1,0,0,0,0,0
2799,4.4147,0.4942,240,713,0,0,1,0,0,0,0,0
2800,4.018,0.6206,274,713,0,0,1,0,0,34,4128,0.0032
2801,4.0908,0.5687,274,713,0,0,1,0,0,0,0,0
2802,4.151,0.5162,273,713,0,0,1,0,0,0,0,0
2803,4.1957,0.4344,273,713,0,0,1,0,0,0,0,0
2804,4.5354,0.5413,272,713,0,0,1,0,0,0,0,0
2805,3.8136,0.3765,272,713,0,0,1,0,0,0,0,0
2806,4.2858,0.3719,272,713,0,0,1,0,0,0,0,0
2807,4.1554,0.564,272,713,0,0,1,0,0,0,0,0
2808,4.0879,0.4353,272,713,0,0,1,0,0,0,0,0
2809,4.2668,0.342,272,713,0,0,1,0,0,0,0,0
2810,3.988,0.4457,272,713,0,0,1,0,0,0,0,0
2811,4.2672,0.5304,265,713,0,0,1,0,0,0,0,0
2812,4.1955,0.3573,265,713,0,0,1,0,0,0,0,0
2813,4.1724,0.5825,265,713,0,0,1,0,0,0,0,0
2814,4.0682,0.5345,265,713,0,0,1,0,0,0,0,0
2815,4.2559,0.627,265,713,0,0,1,0,0,0,0,0
2816,4.1038,0.412,264,713,0,0,1,0,0,0,0,0
2817,4.1731,0.4298,264,713,0,0,1,0,0,0,0,0
2818,4.1594,0.5062,263,713,0,0,1,0,0,0,0,0
2819,4.1899,0.3547,263,713,0,0,1,0,0,0,0,0
2820,4.3638,0.5163,263,713,0,0,1,0,0,0,0,0
2821,3.9586,0.4828,263,713,0,0,1,0,0,0,0,0
2822,4.1199,0.361,263,713,0,0,1,0,0,0,0,0
2823,4.4596,0.3539,262,713,0,0,1,0,0,0,0,0
2824,3.9515,0.466,262,713,0,0,1,0,0,0,0,0
2825,4.2633,0.5831,262,713,0,0,1,0,0,0,0,0
2826,4.0468,0.5627,262,713,0,0,1,0,0,0,0,0
2827,4.1997,0.493,262,713,0,0,1,0,0,0,0,0
2828,4.251,0.3942,261,713,0,0,1,0,0,0,0,0
2829,4.0176,0.3474,260,713,0,0,1,0,0,0,0,0
2830,4.143,0.4434,260,713,0,0,1,0,0,0,0,0
2831,4.3053,0.5767,260,713,0,0,1,0,0,0,0,0
2832,4.0939,0.6062,259,713,0,0,1,0,0,0,0,0
2833,4.3553,0.4387,259,713,0,0,1,0,0,0,0,0
2834,3.9197,0.449,259,713,0,0,1,0,0,0,0,0
2835,4.2354,0.4119,259,713,0,0,1,0,0,0,0,0
2836,4.1664,0.5384,259,713,0,0,1,0,0,0,0,0
2837,4.1358,0.9257,259,713,0,0,1,0,0,0,0,0
2838,4.2185,0.6021,259,713,0,0,1,0,0,0,0,0
2839,4.1121,0.387,258,713,0,0,1,0,0,0,0,0
2840,4.1996,0.4858,258,713,0,0,1,0,0,0,0,0
2841,4.0999,0.4403,257,713,0,0,1,0,0,0,0,0
2842,4.5024,0.5564,257,713,0,0,1,0,0,0,0,0
2843,3.8679,0.4284,257,713,0,0,1,0,0,0,0,0
2844,4.2173,0.6339,257,713,0,0,1,0,0,0,0,0
2845,4.1363,0.3886,257,713,0,0,1,0,0,0,0,0
2846,4.0841,0.4268,257,713,0,0,1,0,0,0,0,0
2847,4.2382,0.4775,257,713,0,0,1,0,0,0,0,0
2848,4.1673,0.4101,257,713,0,0,1,0,0,0,0,0
2849,4.1885,0.5036,257,713,0,0,1,0,0,0,0,0
2850,4.1376,0.657,257,713,0,0,1,0,0,0,0,0
2851,4.1928,0.5259,256,713,0,0,1,0,0,0,0,0
2852,4.4077,0.3625,256,713,0,0,1,0,0,0,0,0
2853,3.891,0.4732,256,713,0,0,1,0,0,0,0,0
2854,4.2022,0.434,255,713,0,0,1,0,0,0,0,0
2855,4.1861,0.3906,255,713,0,0,1,0,0,0,0,0
2856,4.1477,0.6517,255,713,0,0,1,0,0,0,0,0
2857,4.2433,0.3552,253,713,0,0,1,0,0,0,0,0
2858,4.0407,0.3495,253,713,0,0,1,0,0,0,0,0
2859,4.1951,0.4877,253,713,0,0,1,0,0,0,0,0
2860,4.1997,0.4479,253,713,0,0,1,0,0,0,0,0
2861,4.0955,0.5079,253,713,0,0,1,0,0,0,0,0
2862,4.1297,0.4985,253,713,0,0,1,0,0,0,0,0
2863,4.3377,0.5505,253,713,0,0,1,0,0,0,0,0
2864,4.0417,0.4057,253,713,0,0,1,0,0,0,0,0
2865,4.2245,0.429,253,713,0,0,1,0,0,0,0,0
2866,4.169,0.4981,252,713,0,0,1,0,0,0,0,0
2867,4.1105,0.3384,252,713,0,0,1,0,0,0,0,0
2868,4.2275,0.6471,252,713,0,0,1,0,0,0,0,0
2869,4.1594,0.4285,252,713,0,0,1,0,0,0,0,0
2870,4.0717,0.361,251,713,0,0,1,0,0,0,0,0
2871,4.2724,0.4974,251,713,0,0,1,0,0,0,0,0
2872,4.1569,0.4925,250,713,0,0,1,0,0,0,0,0
2873,4.2153,0.3735,250,713,0,0,1,0,0,0,0,0
2874,4.0961,0.5151,250,713,0,0,1,0,0,0,0,0
2875,4.1418,0.6244,250,713,0,0,1,0,0,0,0,0
2876,4.3205,0.3262,250,713,0,0,1,0,0,0,0,0
2877,4.1118,0.5422,250,713,0,0,1,0,0,0,0,0
2878,4.0506,0.4385,250,713,0,0,1,0,0,0,0,0
2879,4.2082,0.4106,250,713,0,0,1,0,0,0,0,0
2880,4.2517,0.6018,249,713,0,0,1,0,0,0,0,0
2881,4.2023,0.4265,248,713,0,0,1,0,0,0,0,0
2882,4.005,0.3596,248,713,0,0,1,0,0,0,0,0
2883,4.1963,0.3925,248,713,0,0,1,0,0,0,0,0
2884,4.1442,0.7008,282,713,0,0,1,0,0,34,5031,0.0074
2885,4.229,0.5727,282,713,0,0,1,0,0,0,0,0
2886,4.1661,0.4264,282,713,0,0,1,0,0,0,0,0
2887,4.1299,0.6844,282,713,0,0,1,0,0,0,0,0
2888,4.2163,0.5812,281,713,0,0,1,0,0,0,0,0
2889,4.1675,0.419,281,713,0,0,1,0,0,0,0,0
2890,4.1239,0.6127,281,713,0,0,1,0,0,0,0,0
2891,4.1194,0.5052,281,713,0,0,1,0,0,0,0,0
2892,4.2603,0.7012,280,713,0,0,1,0,0,0,0,0
2893,4.083,0.3889,280,713,0,0,1,0,0,0,0,0
2894,4.1688,0.3774,279,713,0,0,1,0,0,0,0,0
2895,4.5199,0.5538,272,713,0,0,1,0,0,0,0,0
2896,3.8841,0.7395,272,713,0,0,1,0,0,0,0,0
2897,4.12,0.3754,272,713,0,0,1,0,0,0,0,0
2898,4.1412,0.4301,272,713,0,0,1,0,0,0,0,0
2899,4.1476,0.459,272,713,0,0,1,0,0,0,0,0
2900,4.5242,0.6848,272,713,0,0,1,0,0,0,0,0
2901,3.85,0.3492,272,713,0,0,1,0,0,0,0,0
2902,4.1584,0.4278,272,713,0,0,1,0,0,0,0,0
2903,4.216,0.4781,272,713,0,0,1,0,0,0,0,0
2904,4.1355,0.377,272,713,0,0,1,0,0,0,0,0
2905,4.1106,0.3601,271,713,0,0,1,0,0,0,0,0
2906,4.1638,0.4129,271,713,0,0,1,0,0,0,0,0
2907,4.2672,0.5806,270,713,0,0,1,0,0,0,0,0
2908,4.1102,0.3406,270,713,0,0,1,0,0,0,0,0
2909,4.179,0.4705,269,713,0,0,1,0,0,0,0,0
2910,4.1505,0.7136,268,713,0,0,1,0,0,0,0,0
2911,4.1569,0.5889,268,713,0,0,1,0,0,0,0,0
2912,4.2336,0.4492,268,713,0,0,1,0,0,0,0,0
2913,4.0977,0.4171,268,713,0,0,1,0,0,0,0,0
2914,4.1939,0.6508,268,713,0,0,1,0,0,0,0,0
2915,4.1814,0.3453,268,713,0,0,1,0,0,0,0,0
2916,4.2227,0.5002,268,713,0,0,1,0,0,0,0,0
2917,4.1195,0.451,268,713,0,0,1,0,0,0,0,0
2918,4.1212,0.3748,268,713,0,0,1,0,0,0,0,0
2919,4.2301,0.5274,267,713,0,0,1,0,0,0,0,0
2920,4.1338,0.4447,267,713,0,0,1,0,0,0,0,0
2921,4.2013,0.4498,267,713,0,0,1,0,0,0,0,0
2922,4.1761,0.4509,266,713,0,0,1,0,0,0,0,0
2923,4.2079,0.5921,264,713,0,0,1,0,0,0,0,0
2924,4.3461,0.4355,264,713,0,0,1,0,0,0,0,0
2925,3.9357,0.4097,263,713,0,0,1,0,0,0,0,0
2926,4.1676,0.3612,262,713,0,0,1,0,0,0,0,0
2927,4.1418,0.456,261,713,0,0,1,0,0,0,0,0
2928,4.2422,0.6851,261,713,0,0,1,0,0,0,0,0
2929,4.0299,0.3422,259,713,0,0,1,0,0,0,0,0
2930,4.2815,0.4374,259,713,0,0,1,0,0,0,0,0
2931,4.1509,0.5462,259,713,0,0,1,0,0,0,0,0
2932,4.1529,0.3523,259,713,0,0,1,0,0,0,0,0
2933,4.2294,0.7642,258,713,0,0,1,0,0,0,0,0
2934,4.085,0.6451,258,713,0,0,1,0,0,0,0,0
2935,4.1224,0.3429,258,713,0,0,1,0,0,0,0,0
2936,4.2003,0.4333,258,713,0,0,1,0,0,0,0,0
2937,4.2031,0.4368,257,713,0,0,1,0,0,0,0,0
2938,4.2196,0.6262,256,713,0,0,1,0,0,0,0,0
2939,4.1398,0.5743,255,713,0,0,1,0,0,0,0,0
2940,4.1531,0.4937,255,713,0,0,1,0,0,0,0,0
2941,4.1098,0.3759,255,713,0,0,1,0,0,0,0,0
2942,4.1536,0.3636,255,713,0,0,1,0,0,0,0,0
2943,4.2469,0.4577,255,713,0,0,1,0,0,0,0,0
2944,4.1493,0.3695,255,713,0,0,1,0,0,0,0,0
2945,4.1859,0.5743,254,713,0,0,1,0,0,0,0,0
2946,4.1099,0.6872,254,713,0,0,1,0,0,0,0,0
2947,4.1683,0.4042,254,713,0,0,1,0,0,0,0,0
2948,4.2872,0.5528,254,713,0,0,1,0,0,0,0,0
2949,4.0383,0.4553,254,713,0,0,1,0,0,0,0,0
2950,4.2008,0.6191,253,713,0,0,1,0,0,0,0,0
2951,4.1803,0.5146,253,713,0,0,1,0,0,0,0,0
2952,4.1504,0.4275,253,713,0,0,1,0,0,0,0,0
2953,4.1846,0.3871,253,713,0,0,1,0,0,0,0,0
2954,4.1219,0.3661,253,713,0,0,1,0,0,0,0,0
2955,4.1565,0.475,253,713,0,0,1,0,0,0,0,0
2956,4.1736,0.4521,252,713,0,0,1,0,0,0,0,0
2957,4.2419,0.5636,252,713,0,0,1,0,0,0,0,0
2958,4.0775,0.6644,252,713,0,0,1,0,0,0,0,0
2959,4.2405,0.4669,251,713,0,0,1,0,0,0,0,0
2960,4.1226,0.5871,251,713,0,0,1,0,0,0,0,0
2961,4.1287,0.4086,250,713,0,0,1,0,0,0,0,0
2962,4.224,0.4696,250,713,0,0,1,0,0,0,0,0
2963,4.1579,0.5216,250,713,0,0,1,0,0,0,0,0
2964,4.3059,0.6745,250,713,0,0,1,0,0,0,0,0
2965,4.0156,0.4615,249,713,0,0,1,0,0,0,0,0
2966,4.099,0.3599,249,713,0,0,1,0,0,0,0,0
2967,4.31,0.6174,249,713,0,0,1,0,0,0,0,0
2968,4.1058,0.4582,283,713,0,0,1,0,0,34,4260,0.0034
2969,4.2031,0.4002,283,713,0,0,1,0,0,0,0,0
2970,4.2259,0.5256,283,713,0,0,1,0,0,0,0,0
2971,4.088,0.5402,283,713,0,0,1,0,0,0,0,0
2972,4.5918,0.4958,283,713,0,0,1,0,0,0,0,0
2973,3.6812,0.3758,283,713,0,0,1,0,0,0,0,0
2974,4.1857,0.413,283,713,0,0,1,0,0,0,0,0
2975,4.2284,0.598,283,713,0,0,1,0,0,0,0,0
2976,4.1431,0.6997,283,713,0,0,1,0,0,0,0,0
2977,4.142,0.3643,282,713,0,0,1,0,0,0,0,0
2978,4.1398,0.3606,282,713,0,0,1,0,0,0,0,0
2979,4.2307,0.5025,275,713,0,0,1,0,0,0,0,0
2980,4.1792,0.4904,275,713,0,0,1,0,0,0,0,0
2981,4.1608,0.5831,274,713,0,0,1,0,0,0,0,0
2982,4.1794,0.3537,273,713,0,0,1,0,0,0,0,0
2983,4.251,0.582,273,713,0,0,1,0,0,0,0,0
2984,4.0036,0.64,272,713,0,0,1,0,0,0,0,0
2985,4.1875,0.3789,272,713,0,0,1,0,0,0,0,0
2986,4.1199,0.3591,272,713,0,0,1,0,0,0,0,0
2987,4.2508,0.4919,272,713,0,0,1,0,0,0,0,0
2988,4.2206,0.6795,272,713,0,0,1,0,0,0,0,0
2989,4.1529,0.5863,272,713,0,0,1,0,0,0,0,0
2990,4.0664,0.3646,272,713,0,0,1,0,0,0,0,0
2991,4.1914,0.4991,272,713,0,0,1,0,0,0,0,0
2992,4.1499,0.5328,272,713,0,0,1,0,0,0,0,0
2993,4.2234,0.4334,272,713,0,0,1,0,0,0,0,0
2994,4.1502,0.732,272,713,0,0,1,0,0,0,0,0
2995,4.1818,0.6817,271,713,0,0,1,0,0,0,0,0
2996,4.4434,0.3523,271,713,0,0,1,0,0,0,0,0
2997,3.8481,0.3823,270,713,0,0,1,0,0,0,0,0
2998,4.1983,0.5284,269,713,0,0,1,0,0,0,0,0
2999,4.1421,0.4349,268,713,0,0,1,0,0,0,0,0
3000,4.2626,0.584,268,713,0,0,1,0,0,0,0,0
3001,4.2027,0.3883,268,713,0,0,1,0,0,0,0,0
3002,3.9774,0.4307,268,713,0,0,1,0,0,0,0,0
3003,4.2617,0.4611,268,713,0,0,1,0,0,0,0,0
3004,4.1458,0.3996,268,713,0,0,1,0,0,0,0,0
3005,4.2389,0.6669,267,713,0,0,1,0,0,0,0,0
3006,4.0823,0.4665,267,713,0,0,1,0,0,0,0,0
3007,4.171,0.5685,266,713,0,0,1,0,0,0,0,0
3008,4.5512,0.5453,265,713,0,0,1,0,0,0,0,0
3009,3.7598,0.4619,265,713,0,0,1,0,0,0,0,0
3010,4.4448,0.5137,265,713,0,0,1,0,0,0,0,0
3011,3.9094,0.3842,265,713,0,0,1,0,0,0,0,0
3012,4.1315,0.5074,265,713,0,0,1,0,0,0,0,0
3013,4.1989,0.5218,265,713,0,0,1,0,0,0,0,0
3014,4.1062,0.3782,264,713,0,0,1,0,0,0,0,0
3015,4.3566,0.4734,264,713,0,0,1,0,0,0,0,0
3016,4.0883,0.5161,262,713,0,0,1,0,0,0,0,0
3017,4.553,0.4622,262,713,0,0,1,0,0,0,0,0
3018,3.8055,0.3929,262,713,0,0,1,0,0,0,0,0
3019,4.0702,0.4252,262,713,0,0,1,0,0,0,0,0
3020,4.3869,0.3979,262,713,0,0,1,0,0,0,0,0
3021,4.1358,0.5558,262,713,0,0,1,0,0,0,0,0
3022,3.9804,0.71,261,713,0,0,1,0,0,0,0,0
3023,4.1782,0.6434,261,713,0,0,1,0,0,0,0,0
3024,4.2733,0.5896,260,713,0,0,1,0,0,0,0,0
3025,3.9962,0.3574,260,713,0,0,1,0,0,0,0,0
3026,4.1788,0.4177,260,713,0,0,1,0,0,0,0,0
3027,4.3599,0.5484,260,713,0,0,1,0,0,0,0,0
3028,4.0286,0.3457,259,713,0,0,1,0,0,0,0,0
3029,4.2194,0.4968,259,713,0,0,1,0,0,0,0,0
3030,4.1213,0.4771,259,713,0,0,1,0,0,0,0,0
3031,4.1597,0.3563,259,713,0,0,1,0,0,0,0,0
3032,4.3045,0.4461,257,713,0,0,1,0,0,0,0,0
3033,4.0733,0.4178,257,713,0,0,1,0,0,0,0,0
3034,4.1938,0.6131,257,713,0,0,1,0,0,0,0,0
3035,4.1321,0.4771,257,713,0,0,1,0,0,0,0,0
3036,4.2012,0.5602,257,713,0,0,1,0,0,0,0,0
3037,4.1244,0.3604,257,713,0,0,1,0,0,0,0,0
3038,4.1176,0.3552,256,713,0,0,1,0,0,0,0,0
3039,4.5332,0.5336,256,713,0,0,1,0,0,0,0,0
3040,3.8774,0.6147,256,713,0,0,1,0,0,0,0,0
3041,4.156,0.5114,256,713,0,0,1,0,0,0,0,0
3042,4.1598,0.4963,256,713,0,0,1,0,0,0,0,0
3043,4.1291,0.3913,256,713,0,0,1,0,0,0,0,0
3044,4.3354,0.3464,256,713,0,0,1,0,0,0,0,0
3045,4.013,0.4308,256,713,0,0,1,0,0,0,0,0
3046,4.2223,0.6826,255,713,0,0,1,0,0,0,0,0
3047,4.1203,0.3964,254,713,0,0,1,0,0,0,0,0
3048,4.1984,0.5007,254,713,0,0,1,0,0,0,0,0
3049,4.1197,0.4023,252,713,0,0,1,0,0,0,0,0
3050,4.1157,0.3601,251,713,0,0,1,0,0,0,0,0
3051,4.219,0.5886,251,713,0,0,1,0,0,0,0,0
3052,4.1785,0.4088,285,713,0,0,1,0,0,34,5403,0.0044
3053,4.1444,0.3735,284,713,0,0,1,0,0,0,0,0
3054,4.5071,0.4908,284,713,0,0,1,0,0,0,0,0
3055,3.8063,0.4511,284,713,0,0,1,0,0,0,0,0
3056,4.2075,0.4252,284,713,0,0,1,0,0,0,0,0
3057,4.1931,0.3729,283,713,0,0,1,0,0,0,0,0
3058,4.1449,0.5181,283,713,0,0,1,0,0,0,0,0
3059,4.141,0.6825,283,713,0,0,1,0,0,0,0,0
3060,4.2201,0.4887,283,713,0,0,1,0,0,0,0,0
3061,4.1643,0.4244,281,713,0,0,1,0,0,0,0,0
3062,4.0941,0.3786,281,713,0,0,1,0,0,0,0,0
3063,4.2031,0.5146,272,713,0,0,1,0,0,0,0,0
3064,4.2142,0.4512,272,713,0,0,1,0,0,0,0,0
3065,4.1243,0.3899,272,713,0,0,1,0,0,0,0,0
3066,4.1192,0.5157,271,713,0,0,1,0,0,0,0,0
3067,4.3482,0.5643,271,713,0,0,1,0,0,0,0,0
3068,4.1678,0.5331,270,713,0,0,1,0,0,0,0,0
3069,4.0162,0.3947,270,713,0,0,1,0,0,0,0,0
3070,4.1842,0.6543,270,713,0,0,1,0,0,0,0,0
3071,4.0666,0.8018,270,713,0,0,1,0,0,0,0,0
3072,4.313,0.6415,269,713,0,0,1,0,0,0,0,0
3073,4.0705,0.3512,268,713,0,0,1,0,0,0,0,0
3074,4.1506,0.4223,268,713,0,0,1,0,0,0,0,0
3075,4.4696,0.758,268,713,0,0,1,0,0,0,0,0
3076,3.9596,0.3897,266,713,0,0,1,0,0,0,0,0
3077,4.2139,0.7312,266,713,0,0,1,0,0,0,0,0
3078,4.1282,0.4556,265,713,0,0,1,0,0,0,0,0
3079,4.1086,0.5711,265,713,0,0,1,0,0,0,0,0
3080,4.2123,0.8622,265,713,0,0,1,0,0,0,0,0
3081,4.1214,0.4629,264,713,0,0,1,0,0,0,0,0
3082,4.2211,0.6681,264,713,0,0,1,0,0,0,0,0
3083,4.237,0.6361,264,713,0,0,1,0,0,0,0,0
3084,4.0886,0.4826,263,713,0,0,1,0,0,0,0,0
3085,4.1401,0.4849,263,713,0,0,1,0,0,0,0,0
3086,4.1088,0.3665,263,713,0,0,1,0,0,0,0,0
3087,4.268,0.3909,263,713,0,0,1,0,0,0,0,0
3088,4.2925,0.4486,263,713,0,0,1,0,0,0,0,0
3089,4.0317,0.4208,263,713,0,0,1,0,0,0,0,0
3090,4.1503,0.3563,263,713,0,0,1,0,0,0,0,0
3091,4.1343,0.3691,263,713,0,0,1,0,0,0,0,0
3092,4.5376,0.4822,263,713,0,0,1,0,0,0,0,0
3093,3.7986,0.4041,263,713,0,0,1,0,0,0,0,0
3094,4.1875,0.4342,263,713,0,0,1,0,0,0,0,0
3095,4.1568,0.4497,263,713,0,0,1,0,0,0,0,0
3096,4.1511,0.4408,261,713,0,0,1,0,0,0,0,0
3097,4.1848,0.3627,261,713,0,0,1,0,0,0,0,0
3098,4.225,0.3583,260,713,0,0,1,0,0,0,0,0
3099,4.1606,0.531,259,713,0,0,1,0,0,0,0,0
3100,4.1397,0.4076,259,713,0,0,1,0,0,0,0,0
3101,4.1238,0.6245,257,713,0,0,1,0,0,0,0,0
3102,4.2551,0.7221,257,713,0,0,1,0,0,0,0,0
3103,4.132,0.5066,257,713,0,0,1,0,0,0,0,0
3104,4.201,0.4334,257,713,0,0,1,0,0,0,0,0
3105,4.0851,0.4439,257,713,0,0,1,0,0,0,0,0
3106,4.1843,0.481,257,713,0,0,1,0,0,0,0,0
3107,4.1571,0.3686,255,713,0,0,1,0,0,0,0,0
3108,4.2222,0.3707,255,713,0,0,1,0,0,0,0,0
3109,4.1285,0.498,255,713,0,0,1,0,0,0,0,0
3110,4.0862,0.3625,255,713,0,0,1,0,0,0,0,0
3111,4.247,0.3856,255,713,0,0,1,0,0,0,0,0
3112,4.2094,0.5291,255,713,0,0,1,0,0,0,0,0
3113,4.1182,0.4676,255,713,0,0,1,0,0,0,0,0
3114,4.1626,0.4778,255,713,0,0,1,0,0,0,0,0
3115,4.2925,0.6013,255,713,0,0,1,0,0,0,0,0
3116,4.0865,0.4419,255,713,0,0,1,0,0,0,0,0
3117,4.1154,0.4088,255,713,0,0,1,0,0,0,0,0
3118,4.5337,0.3583,253,713,0,0,1,0,0,0,0,0
3119,3.8195,0.4618,253,713,0,0,1,0,0,0,0,0
3120,4.1537,0.6622,252,713,0,0,1,0,0,0,0,0
3121,4.4452,0.3498,252,713,0,0,1,0,0,0,0,0
3122,3.8496,0.4272,251,713,0,0,1,0,0,0,0,0
3123,4.1667,0.3644,251,713,0,0,1,0,0,0,0,0
3124,4.2208,0.3882,250,713,0,0,1,0,0,0,0,0
3125,4.2049,0.5252,250,713,0,0,1,0,0,0,0,0
3126,4.2036,0.7037,249,713,0,0,1,0,0,0,0,0
3127,4.1031,0.6213,249,713,0,0,1,0,0,0,0,0
3128,4.1778,0.5788,249,713,0,0,1,0,0,0,0,0
3129,4.1275,0.3918,249,713,0,0,1,0,0,0,0,0
3130,4.4437,0.414,247,713,0,0,1,0,0,0,0,0
3131,3.9122,0.5852,247,713,0,0,1,0,0,0,0,0
3132,4.2694,0.6403,247,713,0,0,1,0,0,0,0,0
3133,4.0538,0.3312,247,713,0,0,1,0,0,0,0,0
3134,4.1246,0.7357,247,713,0,0,1,0,0,0,0,0
3135,4.2484,0.4954,247,713,0,0,1,0,0,0,0,0
3136,4.081,0.4078,281,713,0,0,1,0,0,34,5622,0.0039
3137,4.2131,0.403,280,713,0,0,1,0,0,0,0,0
3138,4.1257,0.8225,280,713,0,0,1,0,0,0,0,0
3139,4.2056,0.45,280,713,0,0,1,0,0,0,0,0
3140,4.2501,0.612,279,713,0,0,1,0,0,0,0,0
3141,4.0766,0.4955,279,713,0,0,1,0,0,0,0,0
3142,4.1584,0.4519,279,713,0,0,1,0,0,0,0,0
3143,4.2188,0.4835,278,713,0,0,1,0,0,0,0,0
3144,4.2047,0.567,278,713,0,0,1,0,0,0,0,0
3145,4.0649,0.3621,278,713,0,0,1,0,0,0,0,0
3146,4.1673,0.4508,278,713,0,0,1,0,0,0,0,0
3147,4.1991,0.4679,271,713,0,0,1,0,0,0,0,0
3148,4.4684,0.5451,270,713,0,0,1,0,0,0,0,0
3149,3.8993,0.4862,270,713,0,0,1,0,0,0,0,0
3150,4.1606,0.4815,270,713,0,0,1,0,0,0,0,0
3151,4.1195,0.4711,270,713,0,0,1,0,0,0,0,0
3152,4.1852,0.5036,270,713,0,0,1,0,0,0,0,0
3153,4.181,0.4434,270,713,0,0,1,0,0,0,0,0
3154,4.1087,0.6736,270,713,0,0,1,0,0,0,0,0
3155,4.2049,0.3731,270,713,0,0,1,0,0,0,0,0
3156,4.4894,0.5798,270,713,0,0,1,0,0,0,0,0
3157,3.8465,0.612,270,713,0,0,1,0,0,0,0,0
3158,4.1073,0.3797,269,713,0,0,1,0,0,0,0,0
3159,4.3249,0.5889,268,713,0,0,1,0,0,0,0,0
3160,4.0666,0.4304,268,713,0,0,1,0,0,0,0,0
3161,4.2048,0.4306,268,713,0,0,1,0,0,0,0,0
3162,4.1831,0.4781,267,713,0,0,1,0,0,0,0,0
3163,4.0915,0.367,267,713,0,0,1,0,0,0,0,0
3164,4.5626,0.5905,267,713,0,0,1,0,0,0,0,0
3165,3.7838,0.5505,266,713,0,0,1,0,0,0,0,0
3166,4.254,0.6212,265,713,0,0,1,0,0,0,0,0
3167,4.0928,0.5007,265,713,0,0,1,0,0,0,0,0
3168,4.2413,0.5471,265,713,0,0,1,0,0,0,0,0
3169,4.0206,0.3409,265,713,0,0,1,0,0,0,0,0
3170,4.1755,0.3701,264,713,0,0,1,0,0,0,0,0
3171,4.2603,0.6133,263,713,0,0,1,0,0,0,0,0
3172,4.095,0.3919,263,713,0,0,1,0,0,0,0,0
3173,4.2415,0.4017,263,713,0,0,1,0,0,0,0,0
3174,4.0686,0.4225,263,713,0,0,1,0,0,0,0,0
3175,4.2216,0.4252,263,713,0,0,1,0,0,0,0,0
3176,4.4305,0.5839,263,713,0,0,1,0,0,0,0,0
3177,3.9416,0.4694,262,713,0,0,1,0,0,0,0,0
3178,4.1108,0.7055,262,713,0,0,1,0,0,0,0,0
3179,4.2706,0.4367,261,713,0,0,1,0,0,0,0,0
3180,4.1366,0.44,261,713,0,0,1,0,0,0,0,0
3181,4.1776,0.6332,261,713,0,0,1,0,0,0,0,0
3182,4.043,0.3705,259,713,0,0,1,0,0,0,0,0
3183,4.2528,0.5668,259,713,0,0,1,0,0,0,0,0
3184,4.247,0.8355,259,713,0,0,1,0,0,0,0,0
3185,4.1386,0.4472,259,713,0,0,1,0,0,0,0,0
3186,4.0541,0.5066,259,713,0,0,1,0,0,0,0,0
3187,4.3551,0.6687,258,713,0,0,1,0,0,0,0,0
3188,4.2927,0.44,258,713,0,0,1,0,0,0,0,0
3189,3.8599,0.3435,258,713,0,0,1,0,0,0,0,0
3190,4.1458,0.5068,257,713,0,0,1,0,0,0,0,0
3191,4.2498,0.5349,256,713,0,0,1,0,0,0,0,0
3192,4.1479,0.4017,256,713,0,0,1,0,0,0,0,0
3193,4.0837,0.3361,254,713,0,0,1,0,0,0,0,0
3194,4.3244,0.5025,253,713,0,0,1,0,0,0,0,0
3195,4.1454,0.6353,253,713,0,0,1,0,0,0,0,0
3196,4.1511,0.3897,253,713,0,0,1,0,0,0,0,0
3197,4.2767,0.7708,252,713,0,0,1,0,0,0,0,0
3198,3.9808,0.4366,251,713,0,0,1,0,0,0,0,0
3199,4.23,0.5701,251,713,0,0,1,0,0,0,0,0
3200,4.1724,0.4709,251,713,0,0,1,0,0,0,0,0
3201,4.1616,0.4004,250,713,0,0,1,0,0,0,0,0
3202,4.1926,0.5653,249,713,0,0,1,0,0,0,0,0
3203,4.2144,0.5707,247,713,0,0,1,0,0,0,0,0
3204,4.1835,0.4578,247,713,0,0,1,0,0,0,0,0
3205,4.0541,0.4028,247,713,0,0,1,0,0,0,0,0
3206,4.1114,0.4051,247,713,0,0,1,0,0,0,0,0
3207,4.4875,0.4209,247,713,0,0,1,0,0,0,0,0
3208,3.9099,0.3988,246,713,0,0,1,0,0,0,0,0
3209,4.1891,0.4374,245,713,0,0,1,0,0,0,0,0
3210,4.2288,0.64,244,713,0,0,1,0,0,0,0,0
3211,4.0971,0.3542,244,713,0,0,1,0,0,0,0,0
3212,4.1562,0.4051,244,713,0,0,1,0,0,0,0,0
3213,4.1401,0.4739,244,713,0,0,1,0,0,0,0,0
3214,4.1782,0.3341,244,713,0,0,1,0,0,0,0,0
3215,4.2159,0.68,244,713,0,0,1,0,0,0,0,0
3216,4.1872,0.4416,244,713,0,0,1,0,0,0,0,0
3217,4.0808,0.3733,243,713,0,0,1,0,0,0,0,0
3218,4.1222,0.4078,243,713,0,0,1,0,0,0,0,0
3219,4.2272,0.3791,243,713,0,0,1,0,0,0,0,0
3220,4.177,0.4082,276,713,0,0,1,0,0,34,5943,0.0042
3221,4.2003,0.7467,276,713,0,0,1,0,0,0,0,0
3222,4.1345,0.5931,275,713,0,0,1,0,0,0,0,0
3223,4.4666,0.5571,275,713,0,0,1,0,0,0,0,0
3224,3.8179,0.3954,275,713,0,0,1,0,0,0,0,0
3225,4.1973,0.4647,275,713,0,0,1,0,0,0,0,0
3226,4.1752,0.409,275,713,0,0,1,0,0,0,0,0
3227,4.1683,0.3747,275,713,0,0,1,0,0,0,0,0
3228,4.2671,0.5993,275,713,0,0,1,0,0,0,0,0
3229,4.0954,0.5113,275,713,0,0,1,0,0,0,0,0
3230,4.0835,0.3674,275,713,0,0,1,0,0,0,0,0
3231,4.23,0.397,268,713,0,0,1,0,0,0,0,0
3232,4.2206,0.5328,268,713,0,0,1,0,0,0,0,0
3233,4.1628,0.5999,268,713,0,0,1,0,0,0,0,0
3234,4.0793,0.4985,268,713,0,0,1,0,0,0,0,0
3235,4.2295,0.4362,267,713,0,0,1,0,0,0,0,0
3236,4.0822,0.4335,267,713,0,0,1,0,0,0,0,0
3237,4.234,0.3679,267,713,0,0,1,0,0,0,0,0
3238,4.1319,0.3536,267,713,0,0,1,0,0,0,0,0
3239,4.171,0.4519,267,713,0,0,1,0,0,0,0,0
3240,4.2202,0.6174,267,713,0,0,1,0,0,0,0,0
3241,5.2502,0.3333,267,713,0,0,1,0,0,0,0,0
3242,3.0387,0.4384,267,713,0,0,1,0,0,0,0,0
3243,4.454,0.4298,267,713,0,0,1,0,0,0,0,0
3244,3.9004,0.3563,267,713,0,0,1,0,0,0,0,0
3245,4.1027,0.3839,267,713,0,0,1,0,0,0,0,0
3246,4.1212,0.6532,266,713,0,0,1,0,0,0,0,0
3247,4.4313,0.6035,264,713,0,0,1,0,0,0,0,0
3248,4.0385,0.4113,264,713,0,0,1,0,0,0,0,0
3249,4.1258,0.4487,264,713,0,0,1,0,0,0,0,0
3250,4.1762,0.3984,263,713,0,0,1,0,0,0,0,0
3251,4.1183,0.3505,263,713,0,0,1,0,0,0,0,0
3252,4.165,0.5963,263,713,0,0,1,0,0,0,0,0
3253,4.2975,0.5897,262,713,0,0,1,0,0,0,0,0
3254,4.068,0.3642,262,713,0,0,1,0,0,0,0,0
3255,4.1332,0.354,262,713,0,0,1,0,0,0,0,0
3256,4.215,0.5081,261,713,0,0,1,0,0,0,0,0
3257,4.1528,0.4227,260,713,0,0,1,0,0,0,0,0
3258,4.1125,0.4219,260,713,0,0,1,0,0,0,0,0
3259,4.2689,0.6582,260,713,0,0,1,0,0,0,0,0
3260,4.134,0.3916,260,713,0,0,1,0,0,0,0,0
3261,4.2404,0.3497,259,713,0,0,1,0,0,0,0,0
3262,4.0693,0.4365,259,713,0,0,1,0,0,0,0,0
3263,4.1543,0.4325,259,713,0,0,1,0,0,0,0,0
3264,4.1892,0.5152,259,713,0,0,1,0,0,0,0,0
3265,4.9472,0.436,259,713,0,0,1,0,0,0,0,0
3266,3.3655,0.3876,259,713,0,0,1,0,0,0,0,0
3267,4.2069,0.3834,259,713,0,0,1,0,0,0,0,0
3268,4.2859,0.6061,259,713,0,0,1,0,0,0,0,0
3269,4.0234,0.4317,259,713,0,0,1,0,0,0,0,0
3270,4.1311,0.3816,259,713,0,0,1,0,0,0,0,0
3271,4.2584,0.5293,257,713,0,0,1,0,0,0,0,0
3272,4.0707,0.4924,257,713,0,0,1,0,0,0,0,0
3273,4.23,0.3735,256,713,0,0,1,0,0,0,0,0
3274,4.1374,0.5001,255,713,0,0,1,0,0,0,0,0
3275,4.5063,0.5174,254,713,0,0,1,0,0,0,0,0
3276,3.8444,0.4406,253,713,0,0,1,0,0,0,0,0
3277,4.1505,0.4762,252,713,0,0,1,0,0,0,0,0
3278,4.1384,0.4026,251,713,0,0,1,0,0,0,0,0
3279,4.1991,0.6516,250,713,0,0,1,0,0,0,0,0
3280,4.2037,0.3707,248,713,0,0,1,0,0,0,0,0
3281,4.1314,0.5854,248,713,0,0,1,0,0,0,0,0
3282,4.1253,0.3717,248,713,0,0,1,0,0,0,0,0
3283,4.201,0.3574,246,713,0,0,1,0,0,0,0,0
3284,4.246,0.6949,246,713,0,0,1,0,0,0,0,0
3285,4.0765,0.3385,246,713,0,0,1,0,0,0,0,0
3286,4.1778,0.4954,246,713,0,0,1,0,0,0,0,0
3287,4.2436,0.4888,246,713,0,0,1,0,0,0,0,0
3288,4.1614,0.3946,245,713,0,0,1,0,0,0,0,0
3289,4.0582,0.4397,245,713,0,0,1,0,0,0,0,0
3290,4.1727,0.413,243,713,0,0,1,0,0,0,0,0
3291,4.3381,0.5864,243,713,0,0,1,0,0,0,0,0
3292,4.079,0.4296,243,713,0,0,1,0,0,0,0,0
3293,4.1833,0.5063,242,713,0,0,1,0,0,0,0,0
3294,4.395,0.3605,241,713,0,0,1,0,0,0,0,0
3295,3.8819,0.5025,241,713,0,0,1,0,0,0,0,0
3296,4.1904,0.4972,241,713,0,0,1,0,0,0,0,0
3297,4.1563,0.3353,241,713,0,0,1,0,0,0,0,0
3298,4.1841,0.4191,240,713,0,0,1,0,0,0,0,0
3299,4.194,0.4788,240,713,0,0,1,0,0,0,0,0
3300,4.1784,0.4202,240,713,0,0,1,0,0,0,0,0
3301,4.1421,0.5478,240,713,0,0,1,0,0,0,0,0
3302,4.1092,0.4351,240,713,0,0,1,0,0,0,0,0
3303,4.2145,0.5017,240,713,0,0,1,0,0,0,0,0
3304,4.1468,0.4161,274,713,0,0,1,0,0,34,6084,0.0045
3305,4.4043,0.479,274,713,0,0,1,0,0,0,0,0
3306,3.932,0.5403,274,713,0,0,1,0,0,0,0,0
3307,4.3182,0.5057,273,713,0,0,1,0,0,0,0,0
3308,3.9801,0.4199,273,713,0,0,1,0,0,0,0,0
3309,4.2141,0.3582,273,713,0,0,1,0,0,0,0,0
3310,4.2414,0.5396,273,713,0,0,1,0,0,0,0,0
3311,4.0531,0.6361,273,713,0,0,1,0,0,0,0,0
3312,4.4704,0.5824,273,713,0,0,1,0,0,0,0,0
3313,3.8558,0.3813,273,713,0,0,1,0,0,0,0,0
3314,4.178,0.5208,273,713,0,0,1,0,0,0,0,0
3315,4.1911,0.5543,266,713,0,0,1,0,0,0,0,0
3316,4.2638,0.6817,266,713,0,0,1,0,0,0,0,0
3317,4.1109,0.4055,266,713,0,0,1,0,0,0,0,0
3318,4.1136,0.5994,266,713,0,0,1,0,0,0,0,0
3319,4.2157,0.5789,265,713,0,0,1,0,0,0,0,0
3320,4.1117,0.7642,265,713,0,0,1,0,0,0,0,0
3321,4.2147,0.4573,265,713,0,0,1,0,0,0,0,0
3322,4.2875,0.6111,265,713,0,0,1,0,0,0,0,0
3323,4.0181,0.7104,264,713,0,0,1,0,0,0,0,0
3324,4.1338,0.4318,264,713,0,0,1,0,0,0,0,0
3325,4.3888,0.4574,264,713,0,0,1,0,0,0,0,0
3326,3.9475,0.3622,264,713,0,0,1,0,0,0,0,0
3327,4.24,0.5031,264,713,0,0,1,0,0,0,0,0
3328,4.2486,0.8235,264,713,0,0,1,0,0,0,0,0
3329,4.0544,0.5675,264,713,0,0,1,0,0,0,0,0
3330,4.1228,0.4952,263,713,0,0,1,0,0,0,0,0
3331,4.3007,0.685,263,713,0,0,1,0,0,0,0,0
3332,4.0466,0.3843,263,713,0,0,1,0,0,0,0,0
3333,4.1535,0.3612,263,713,0,0,1,0,0,0,0,0
3334,4.1884,0.5462,263,713,0,0,1,0,0,0,0,0
3335,4.1927,0.4717,263,713,0,0,1,0,0,0,0,0
3336,4.2015,0.4314,263,713,0,0,1,0,0,0,0,0
3337,4.0689,0.3528,262,713,0,0,1,0,0,0,0,0
3338,4.1641,0.4371,262,713,0,0,1,0,0,0,0,0
3339,4.2566,0.4703,262,713,0,0,1,0,0,0,0,0
3340,4.1619,0.3727,262,713,0,0,1,0,0,0,0,0
3341,4.4625,0.5576,260,713,0,0,1,0,0,0,0,0
3342,3.8483,0.6752,260,713,0,0,1,0,0,0,0,0
3343,4.4392,0.5045,257,713,0,0,1,0,0,0,0,0
3344,3.8978,0.5201,256,713,0,0,1,0,0,0,0,0
3345,4.1888,0.4372,256,713,0,0,1,0,0,0,0,0
3346,4.1058,0.5392,256,713,0,0,1,0,0,0,0,0
3347,4.1955,0.3621,256,713,0,0,1,0,0,0,0,0
3348,4.502,0.5008,256,713,0,0,1,0,0,0,0,0
3349,3.8392,0.4255,256,713,0,0,1,0,0,0,0,0
3350,4.1313,0.3444,256,713,0,0,1,0,0,0,0,0
3351,4.1357,0.6267,256,713,0,0,1,0,0,0,0,0
3352,4.2622,0.3767,256,713,0,0,1,0,0,0,0,0
3353,4.1334,0.3431,256,713,0,0,1,0,0,0,0,0
3354,4.235,0.776,256,713,0,0,1,0,0,0,0,0
3355,4.1077,0.5003,256,713,0,0,1,0,0,0,0,0
3356,4.0907,0.3318,256,713,0,0,1,0,0,0,0,0
3357,4.5245,0.5521,256,713,0,0,1,0,0,0,0,0
3358,3.9508,0.7138,256,713,0,0,1,0,0,0,0,0
3359,4.1376,0.3724,256,713,0,0,1,0,0,0,0,0
3360,4.1823,0.5855,256,713,0,0,1,0,0,0,0,0
3361,4.1028,0.4651,256,713,0,0,1,0,0,0,0,0
3362,4.1443,0.3911,255,713,0,0,1,0,0,0,0,0
3363,4.2487,0.4067,255,713,0,0,1,0,0,0,0,0
3364,4.1258,0.4707,255,713,0,0,1,0,0,0,0,0
3365,4.4056,0.4121,255,713,0,0,1,0,0,0,0,0
3366,4.005,0.493,255,713,0,0,1,0,0,0,0,0
3367,4.1091,0.7207,254,713,0,0,1,0,0,0,0,0
3368,4.1191,0.7283,254,713,0,0,1,0,0,0,0,0
3369,4.169,0.343,254,713,0,0,1,0,0,0,0,0
3370,4.2028,0.6715,254,713,0,0,1,0,0,0,0,0
3371,4.1868,0.6817,253,713,0,0,1,0,0,0,0,0
3372,4.2036,0.6553,253,713,0,0,1,0,0,0,0,0
3373,4.1832,0.5745,252,713,0,0,1,0,0,0,0,0
3374,4.0233,0.4239,252,713,0,0,1,0,0,0,0,0
3375,4.218,0.3809,251,713,0,0,1,0,0,0,0,0
3376,4.4825,0.3871,251,713,0,0,1,0,0,0,0,0
3377,3.8842,0.4317,251,713,0,0,1,0,0,0,0,0
3378,4.1833,0.3695,251,713,0,0,1,0,0,0,0,0
3379,4.1052,0.3591,251,713,0,0,1,0,0,0,0,0
3380,4.1587,0.4526,251,713,0,0,1,0,0,0,0,0
3381,4.2205,0.3905,251,713,0,0,1,0,0,0,0,0
3382,4.1167,0.3445,251,713,0,0,1,0,0,0,0,0
3383,4.1713,0.4615,250,713,0,0,1,0,0,0,0,0
3384,4.3466,0.3828,250,713,0,0,1,0,0,0,0,0
3385,3.9217,0.3464,250,713,0,0,1,0,0,0,0,0
3386,4.2046,0.4652,250,713,0,0,1,0,0,0,0,0
3387,4.4947,0.6325,249,713,0,0,1,0,0,0,0,0
3388,3.9633,0.5441,283,713,0,0,1,0,0,34,6594,0.0088
3389,4.0816,0.6397,283,713,0,0,1,0,0,0,0,0
3390,4.4003,0.4566,283,713,0,0,1,0,0,0,0,0
3391,3.9985,0.6143,282,713,0,0,1,0,0,0,0,0
3392,4.3576,0.6241,282,713,0,0,1,0,0,0,0,0
3393,3.9261,0.4313,282,713,0,0,1,0,0,0,0,0
3394,4.1188,0.455,282,713,0,0,1,0,0,0,0,0
3395,4.1586,0.4129,282,713,0,0,1,0,0,0,0,0
3396,4.5124,0.5726,281,713,0,0,1,0,0,0,0,0
3397,3.9796,0.5689,280,713,0,0,1,0,0,0,0,0
3398,3.9992,0.4566,280,713,0,0,1,0,0,0,0,0
3399,4.4301,0.5588,273,713,0,0,1,0,0,0,0,0
3400,3.9176,0.4976,272,713,0,0,1,0,0,0,0,0
3401,4.4496,0.5681,272,713,0,0,1,0,0,0,0,0
3402,4.1839,0.6693,272,713,0,0,1,0,0,0,0,0
3403,3.9898,0.4078,271,713,0,0,1,0,0,0,0,0
3404,3.9928,0.3583,271,713,0,0,1,0,0,0,0,0
3405,4.1903,0.441,271,713,0,0,1,0,0,0,0,0
3406,4.2407,0.4225,271,713,0,0,1,0,0,0,0,0
3407,4.462,0.4194,271,713,0,0,1,0,0,0,0,0
3408,3.8706,0.4456,271,713,0,0,1,0,0,0,0,0
3409,4.1087,0.4329,269,713,0,0,1,0,0,0,0,0
3410,4.1911,0.3739,269,713,0,0,1,0,0,0,0,0
3411,4.4689,0.6127,268,713,0,0,1,0,0,0,0,0
3412,3.8463,0.439,268,713,0,0,1,0,0,0,0,0
3413,4.3634,0.5175,267,713,0,0,1,0,0,0,0,0
3414,3.9833,0.3453,267,713,0,0,1,0,0,0,0,0
3415,4.1571,0.3696,267,713,0,0,1,0,0,0,0,0
3416,4.3565,0.6138,266,713,0,0,1,0,0,0,0,0
3417,3.9702,0.3726,265,713,0,0,1,0,0,0,0,0
3418,4.2322,0.3753,265,713,0,0,1,0,0,0,0,0
3419,4.0654,0.4615,265,713,0,0,1,0,0,0,0,0
3420,4.2532,0.5334,264,713,0,0,1,0,0,0,0,0
3421,4.423,0.3399,264,713,0,0,1,0,0,0,0,0
3422,3.87,0.4352,264,713,0,0,1,0,0,0,0,0
3423,4.4932,0.6692,264,713,0,0,1,0,0,0,0,0
3424,3.8362,0.3497,264,713,0,0,1,0,0,0,0,0
3425,4.2004,0.4223,264,713,0,0,1,0,0,0,0,0
3426,4.1774,0.6384,264,713,0,0,1,0,0,0,0,0
3427,4.4688,0.6058,264,713,0,0,1,0,0,0,0,0
3428,3.8146,0.3586,264,713,0,0,1,0,0,0,0,0
3429,4.1724,0.4307,263,713,0,0,1,0,0,0,0,0
3430,4.2702,0.3858,263,713,0,0,1,0,0,0,0,0
3431,4.1104,0.5938,263,713,0,0,1,0,0,0,0,0
3432,4.2157,0.5498,263,713,0,0,1,0,0,0,0,0
3433,4.1633,0.4505,263,713,0,0,1,0,0,0,0,0
3434,4.0654,0.412,262,713,0,0,1,0,0,0,0,0
3435,4.1762,0.4178,261,713,0,0,1,0,0,0,0,0
3436,4.2457,0.4546,261,713,0,0,1,0,0,0,0,0
3437,4.1533,0.3812,261,713,0,0,1,0,0,0,0,0
3438,4.1213,0.3708,261,713,0,0,1,0,0,0,0,0
3439,4.181,0.6676,261,713,0,0,1,0,0,0,0,0
3440,4.2011,0.639,261,713,0,0,1,0,0,0,0,0
3441,4.1089,0.3428,261,713,0,0,1,0,0,0,0,0
3442,4.2205,0.5911,260,713,0,0,1,0,0,0,0,0
3443,4.2628,0.5257,260,713,0,0,1,0,0,0,0,0
3444,4.1708,0.5134,260,713,0,0,1,0,0,0,0,0
3445,4.0934,0.481,257,713,0,0,1,0,0,0,0,0
3446,4.0876,0.4275,257,713,0,0,1,0,0,0,0,0
3447,4.2533,0.6274,257,713,0,0,1,0,0,0,0,0
3448,4.1459,0.4433,257,713,0,0,1,0,0,0,0,0
3449,4.1359,0.4674,257,713,0,0,1,0,0,0,0,0
3450,4.2114,0.507,257,713,0,0,1,0,0,0,0,0
3451,4.5257,0.4364,257,713,0,0,1,0,0,0,0,0
3452,3.7214,0.4023,257,713,0,0,1,0,0,0,0,0
3453,4.2421,0.634,257,713,0,0,1,0,0,0,0,0
3454,4.1553,0.344,257,713,0,0,1,0,0,0,0,0
3455,4.1801,0.5291,257,713,0,0,1,0,0,0,0,0
3456,4.2029,0.5976,257,713,0,0,1,0,0,0,0,0
3457,4.0875,0.3523,257,713,0,0,1,0,0,0,0,0
3458,4.126,0.3989,257,713,0,0,1,0,0,0,0,0
3459,4.2035,0.5448,257,713,0,0,1,0,0,0,0,0
3460,4.2012,0.3695,257,713,0,0,1,0,0,0,0,0
3461,4.2806,0.5716,256,713,0,0,1,0,0,0,0,0
3462,4.0161,0.4656,256,713,0,0,1,0,0,0,0,0
3463,4.3041,0.5724,256,713,0,0,1,0,0,0,0,0
3464,4.0532,0.4717,255,713,0,0,1,0,0,0,0,0
3465,4.2518,0.5038,255,713,0,0,1,0,0,0,0,0
3466,4.3737,0.5349,254,713,0,0,1,0,0,0,0,0
3467,3.9477,0.5819,254,713,0,0,1,0,0,0,0,0
3468,4.1425,0.4556,254,713,0,0,1,0,0,0,0,0
3469,4.1373,0.3787,254,713,0,0,1,0,0,0,0,0
3470,4.1212,0.4265,253,713,0,0,1,0,0,0,0,0
3471,4.2322,0.4971,253,713,0,0,1,0,0,0,0,0
3472,4.2094,0.3789,285,713,0,0,1,0,0,34,6825,0.0043
3473,4.1393,0.5846,285,713,0,0,1,0,0,0,0,0
3474,4.1151,0.6749,285,713,0,0,1,0,0,0,0,0
3475,4.2512,0.6314,285,713,0,0,1,0,0,0,0,0
3476,4.0162,0.3506,285,713,0,0,1,0,0,0,0,0
3477,4.1985,0.3585,285,713,0,0,1,0,0,0,0,0
3478,4.2462,0.7193,285,713,0,0,1,0,0,0,0,0
3479,4.1604,0.4212,285,713,0,0,1,0,0,0,0,0
3480,4.2267,0.729,285,713,0,0,1,0,0,0,0,0
3481,4.0837,0.411,285,713,0,0,1,0,0,0,0,0
3482,4.1374,0.4622,285,713,0,0,1,0,0,0,0,0
3483,4.219,0.4518,278,713,0,0,1,0,0,0,0,0
3484,4.1457,0.3818,278,713,0,0,1,0,0,0,0,0
3485,4.2071,0.4365,276,713,0,0,1,0,0,0,0,0
3486,4.1373,0.453,276,713,0,0,1,0,0,0,0,0
3487,4.1879,0.6523,275,713,0,0,1,0,0,0,0,0
3488,4.1177,0.4244,275,713,0,0,1,0,0,0,0,0
3489,4.1516,0.4514,275,713,0,0,1,0,0,0,0,0
3490,4.1948,0.4327,275,713,0,0,1,0,0,0,0,0
3491,4.2157,0.547,275,713,0,0,1,0,0,0,0,0
3492,4.328,0.5923,275,713,0,0,1,0,0,0,0,0
3493,3.979,0.4949,275,713,0,0,1,0,0,0,0,0
3494,4.0881,0.3917,275,713,0,0,1,0,0,0,0,0
3495,4.42,0.3869,275,713,0,0,1,0,0,0,0,0
3496,4.0173,0.5835,275,713,0,0,1,0,0,0,0,0
3497,4.122,0.5892,275,713,0,0,1,0,0,0,0,0
3498,4.324,0.6467,274,713,0,0,1,0,0,0,0,0
3499,4.0229,0.4179,274,713,0,0,1,0,0,0,0,0
3500,4.0926,0.4307,274,713,0,0,1,0,0,0,0,0
3501,4.193,0.3892,273,713,0,0,1,0,0,0,0,0
3502,4.4814,0.3461,273,713,0,0,1,0,0,0,0,0
3503,3.9007,0.5262,272,713,0,0,1,0,0,0,0,0
3504,4.1791,0.6568,271,713,0,0,1,0,0,0,0,0
3505,4.0845,0.5516,271,713,0,0,1,0,0,0,0,0
3506,4.1535,0.3752,271,713,0,0,1,0,0,0,0,0
3507,4.2478,0.648,270,713,0,0,1,0,0,0,0,0
3508,4.1945,0.4884,270,713,0,0,1,0,0,0,0,0
3509,4.119,0.3759,270,713,0,0,1,0,0,0,0,0
3510,4.1514,0.5332,269,713,0,0,1,0,0,0,0,0
3511,4.3175,0.5927,267,713,0,0,1,0,0,0,0,0
3512,4.0435,0.4535,267,713,0,0,1,0,0,0,0,0
3513,4.1506,0.3529,265,713,0,0,1,0,0,0,0,0
3514,4.6956,0.4216,265,713,0,0,1,0,0,0,0,0
3515,3.6001,0.4438,265,713,0,0,1,0,0,0,0,0
3516,4.3081,0.615,264,713,0,0,1,0,0,0,0,0
3517,4.0321,0.6039,262,713,0,0,1,0,0,0,0,0
3518,4.1677,0.4299,262,713,0,0,1,0,0,0,0,0
3519,4.2462,0.4108,262,713,0,0,1,0,0,0,0,0
3520,4.1483,0.467,261,713,0,0,1,0,0,0,0,0
3521,4.1467,0.4489,260,713,0,0,1,0,0,0,0,0
3522,4.2017,0.3967,259,713,0,0,1,0,0,0,0,0
3523,4.1115,0.5356,258,713,0,0,1,0,0,0,0,0
3524,4.1483,0.4333,257,713,0,0,1,0,0,0,0,0
3525,4.2336,0.383,256,713,0,0,1,0,0,0,0,0
3526,4.0863,0.6869,255,713,0,0,1,0,0,0,0,0
3527,4.2562,0.4811,253,713,0,0,1,0,0,0,0,0
3528,4.2234,0.6114,253,713,0,0,1,0,0,0,0,0
3529,4.0221,0.4907,253,713,0,0,1,0,0,0,0,0
3530,4.1891,0.4465,253,713,0,0,1,0,0,0,0,0
3531,4.1745,0.4095,252,713,0,0,1,0,0,0,0,0
3532,4.1624,0.3571,252,713,0,0,1,0,0,0,0,0
3533,4.1874,0.445,252,713,0,0,1,0,0,0,0,0
3534,4.4066,0.3932,251,713,0,0,1,0,0,0,0,0
3535,3.9262,0.5461,251,713,0,0,1,0,0,0,0,0
3536,4.0879,0.6222,251,713,0,0,1,0,0,0,0,0
3537,4.2204,0.4078,251,713,0,0,1,0,0,0,0,0
3538,4.1967,0.3319,251,713,0,0,1,0,0,0,0,0
3539,4.2262,0.5331,251,713,0,0,1,0,0,0,0,0
3540,4.1307,0.6651,250,713,0,0,1,0,0,0,0,0
3541,4.1121,0.4835,250,713,0,0,1,0,0,0,0,0
3542,4.1376,0.4311,250,713,0,0,1,0,0,0,0,0
3543,4.4325,0.3563,249,713,0,0,1,0,0,0,0,0
3544,3.9276,0.3639,249,713,0,0,1,0,0,0,0,0
3545,4.2384,0.4825,249,713,0,0,1,0,0,0,0,0
3546,4.087,0.5028,249,713,0,0,1,0,0,0,0,0
3547,4.2563,0.4783,249,713,0,0,1,0,0,0,0,0
3548,4.0964,0.4844,249,713,0,0,1,0,0,0,0,0
3549,4.1825,0.3771,248,713,0,0,1,0,0,0,0,0
3550,4.1657,0.3873,248,713,0,0,1,0,0,0,0,0
3551,4.211,0.4949,248,713,0,0,1,0,0,0,0,0
3552,4.2626,0.4456,248,713,0,0,1,0,0,0,0,0
3553,4.0022,0.3498,248,713,0,0,1,0,0,0,0,0
3554,4.1563,0.4031,248,713,0,0,1,0,0,0,0,0
3555,4.2345,0.5407,246,713,0,0,1,0,0,0,0,0
3556,4.1712,0.3909,279,713,0,0,1,0,0,34,4131,0.0032
3557,4.1264,0.4896,279,713,0,0,1,0,0,0,0,0
3558,4.1516,0.5896,279,713,0,0,1,0,0,0,0,0
3559,4.1764,0.3806,278,713,0,0,1,0,0,0,0,0
3560,4.2991,0.5684,278,713,0,0,1,0,0,0,0,0
3561,4.0143,0.4417,278,713,0,0,1,0,0,0,0,0
3562,4.2719,0.3856,278,713,0,0,1,0,0,0,0,0
3563,4.0677,0.7104,278,713,0,0,1,0,0,0,0,0
3564,4.2585,0.42,278,713,0,0,1,0,0,0,0,0
3565,4.1114,0.4603,278,713,0,0,1,0,0,0,0,0
3566,4.1075,0.4692,275,713,0,0,1,0,0,0,0,0
3567,4.3875,0.363,267,713,0,0,1,0,0,0,0,0
3568,3.9822,0.6283,267,713,0,0,1,0,0,0,0,0
3569,4.1808,0.4491,267,713,0,0,1,0,0,0,0,0
3570,4.1741,0.3736,267,713,0,0,1,0,0,0,0,0
3571,4.2854,0.5459,267,713,0,0,1,0,0,0,0,0
3572,3.9378,0.4588,267,713,0,0,1,0,0,0,0,0
3573,4.2413,0.2643,2,713,0,0,0,0,0,0,0,0
3574,4.2266,0.4935,2,713,0,0,0,0,0,0,0,0
3575,4.3883,0.3319,2,713,0,0,0,0,0,0,0,0
3576,3.9792,0.2595,2,713,0,0,0,0,0,0,0,0
3577,4.0146,0.2007,2,713,0,0,0,0,0,0,0,0
3578,4.2088,0.204,2,713,0,0,0,0,0,0,0,0
3579,4.2731,0.4016,2,713,0,0,0,0,0,0,0,0
3580,4.1314,0.2003,2,713,0,0,0,0,0,0,0,0
3581,4.1715,0.2395,2,713,0,0,0,0,0,0,0,0
3582,4.1561,0.2561,2,713,0,0,0,0,0,0,0,0
3583,4.1391,0.3687,2,713,0,0,0,0,0,0,0,0
3584,4.1607,0.2988,2,713,0,0,0,0,0,0,0,0
3585,4.1747,0.2581,2,713,0,0,0,0,0,0,0,0
3586,4.2121,0.2316,2,713,0,0,0,0,0,0,0,0
3587,4.195,0.2674,2,713,0,0,0,0,0,0,0,0
3588,4.1661,0.4631,2,713,0,0,0,0,0,0,0,0
3589,4.0583,0.2164,2,713,0,0,0,0,0,0,0,0
3590,4.1819,0.2249,2,713,0,0,0,0,0,0,0,0
3591,4.2225,0.3354,2,713,0,0,0,0,0,0,0,0
3592,4.1817,0.34,2,713,0,0,0,0,0,0,0,0
3593,4.1332,0.1919,2,713,0,0,0,0,0,0,0,0
3594,4.0995,0.3498,2,713,0,0,0,0,0,0,0,0
3595,4.36,0.2691,2,713,0,0,0,0,0,0,0,0
3596,3.9356,0.1936,2,713,0,0,0,0,0,0,0,0
3597,4.2579,0.2558,2,713,0,0,0,0,0,0,0,0
3598,4.2189,0.2684,2,713,0,0,0,0,0,0,0,0
3599,4.3841,0.3129,2,713,0,0,0,0,0,0,0,0
3600,3.9668,0.2661,2,713,0,0,0,0,0,0,0,0
3601,4.1283,0.4285,2,713,0,0,0,0,0,0,0,0
3602,4.1258,0.2253,2,713,0,0,0,0,0,0,0,0
3603,4.2487,0.3676,2,713,0,0,0,0,0,0,0,0
3604,4.1227,0.2049,2,713,0,0,0,0,0,0,0,0
3605,4.2054,0.3491,2,713,0,0,0,0,0,0,0,0
3606,4.1411,0.2338,2,713,0,0,0,0,0,0,0,0
3607,4.1446,0.2329,2,713,0,0,0,0,0,0,0,0
3608,4.1641,0.2264,2,713,0,0,0,0,0,0,0,0
3609,4.2077,0.3391,2,713,0,0,0,0,0,0,0,0
3610,4.1788,0.34,2,713,0,0,0,0,0,0,0,0
3611,4.1596,0.2575,2,713,0,0,0,0,0,0,0,0
3612,4.2648,0.3371,2,713,0,0,0,0,0,0,0,0
3613,4.073,0.2877,2,713,0,0,0,0,0,0,0,0
3614,4.0637,0.2732,2,713,0,0,0,0,0,0,0,0
3615,4.2622,0.2593,2,713,0,0,0,0,0,0,0,0
3616,4.1738,0.277,2,713,0,0,0,0,0,0,0,0
3617,4.134,0.3608,2,713,0,0,0,0,0,0,0,0
3618,4.128,0.3799,2,713,0,0,0,0,0,0,0,0
3619,4.1977,0.2284,2,713,0,0,0,0,0,0,0,0
3620,4.1078,0.1873,2,713,0,0,0,0,0,0,0,0
3621,4.2169,0.2552,2,713,0,0,0,0,0,0,0,0
3622,4.4724,0.2513,2,713,0,0,0,0,0,0,0,0
3623,3.8342,0.2897,2,713,0,0,0,0,0,0,0,0
3624,4.4786,0.3761,2,713,0,0,0,0,0,0,0,0
3625,3.9041,0.2611,2,713,0,0,0,0,0,0,0,0
3626,4.1158,0.2162,2,713,0,0,0,0,0,0,0,0
3627,4.2089,0.2159,2,713,0,0,0,0,0,0,0,0
3628,4.1803,0.2106,2,713,0,0,0,0,0,0,0,0
3629,4.1657,0.2509,2,713,0,0,0,0,0,0,0,0
3630,4.0812,0.3829,2,713,0,0,0,0,0,0,0,0
3631,4.2601,0.2868,2,713,0,0,0,0,0,0,0,0
3632,4.2042,0.2795,2,713,0,0,0,0,0,0,0,0
3633,4.1269,0.2494,2,713,0,0,0,0,0,0,0,0
3634,4.5142,0.2254,2,713,0,0,0,0,0,0,0,0
3635,3.848,0.331,2,713,0,0,0,0,0,0,0,0
3636,4.1948,0.4259,2,713,0,0,0,0,0,0,0,0
3637,3.9985,0.3489,2,713,0,0,0,0,0,0,0,0
3638,4.2497,0.2188,2,713,0,0,0,0,0,0,0,0
3639,4.2048,0.2302,2,713,0,0,0,0,0,0,0,0
3640,4.1837,0.2524,2,713,0,0,0,0,0,0,0,0
3641,4.1236,0.2108,2,713,0,0,0,0,0,0,0,0
3642,4.2226,0.217,2,713,0,0,0,0,0,0,0,0
3643,4.1797,0.3724,2,713,0,0,0,0,0,0,0,0
3644,4.0808,0.2454,2,713,0,0,0,0,0,0,0,0
3645,4.1829,0.1922,2,713,0,0,0,0,0,0,0,0
3646,4.1761,0.3813,2,713,0,0,0,0,0,0,0,0
3647,4.1271,0.2304,2,713,0,0,0,0,0,0,0,0
3648,4.2449,0.36,2,713,0,0,0,0,0,0,0,0
3649,4.0668,0.2541,2,713,0,0,0,0,0,0,0,0
3650,4.188,0.2163,2,713,0,0,0,0,0,0,0,0
3651,4.2134,0.2064,2,713,0,0,0,0,0,0,0,0
3652,4.1348,0.3445,2,713,0,0,0,0,0,0,0,0
3653,4.164,0.2473,2,713,0,0,0,0,0,0,0,0
3654,4.1675,0.235,2,713,0,0,0,0,0,0,0,0
3655,4.1487,0.3265,2,713,0,0,0,0,0,0,0,0
3656,4.2255,0.3403,2,713,0,0,0,0,0,0,0,0
3657,4.1175,0.2243,2,713,0,0,0,0,0,0,0,0
3658,4.1752,0.3705,2,713,0,0,0,0,0,0,0,0
3659,4.2215,0.267,2,713,0,0,0,0,0,0,0,0
3660,4.4023,0.5624,2,713,0,0,0,0,0,0,0,0
3661,3.939,0.4051,2,713,0,0,0,0,0,0,0,0
3662,4.0899,0.2177,2,713,0,0,0,0,0,0,0,0
3663,4.6589,0.2778,2,713,0,0,0,0,0,0,0,0
3664,3.6798,0.2747,2,713,0,0,0,0,0,0,0,0
3665,4.2423,0.2849,2,713,0,0,0,0,0,0,0,0
3666,4.4215,0.2246,2,713,0,0,0,0,0,0,0,0
3667,3.8438,0.4048,2,713,0,0,0,0,0,0,0,0
3668,4.236,0.3429,2,713,0,0,0,0,0,0,0,0
3669,4.1071,0.226,2,713,0,0,0,0,0,0,0,0
3670,4.1648,0.2258,2,713,0,0,0,0,0,0,0,0
3671,4.2364,0.2608,2,713,0,0,0,0,0,0,0,0
3672,4.1442,0.2499,2,713,0,0,0,0,0,0,0,0
3673,4.0357,0.204,2,713,0,0,0,0,0,0,0,0
3674,4.2075,0.2363,2,713,0,0,0,0,0,0,0,0
3675,4.3971,0.3269,2,713,0,0,0,0,0,0,0,0
3676,4.1134,0.2326,2,713,0,0,0,0,0,0,0,0
3677,4.0911,0.286,2,713,0,0,0,0,0,0,0,0
3678,4.0897,0.3568,2,713,0,0,0,0,0,0,0,0
3679,4.2549,0.5414,2,713,0,0,0,0,0,0,0,0
3680,4.1339,0.4044,2,713,0,0,0,0,0,0,0,0
3681,4.1043,0.2023,2,713,0,0,0,0,0,0,0,0
3682,4.1772,0.3518,2,713,0,0,0,0,0,0,0,0
3683,4.1946,0.2461,2,713,0,0,0,0,0,0,0,0
3684,4.2152,0.2548,2,713,0,0,0,0,0,0,0,0
3685,4.08,0.2331,2,713,0,0,0,0,0,0,0,0
3686,4.1463,0.3148,2,713,0,0,0,0,0,0,0,0
3687,4.291,0.2488,2,713,0,0,0,0,0,0,0,0
3688,4.0648,0.1967,2,713,0,0,0,0,0,0,0,0
3689,4.2444,0.2653,2,713,0,0,0,0,0,0,0,0
3690,4.164,0.4072,2,713,0,0,0,0,0,0,0,0
3691,4.4366,0.4133,2,713,0,0,0,0,0,0,0,0
3692,3.7534,0.2246,2,713,0,0,0,0,0,0,0,0
3693,4.2294,0.1846,2,713,0,0,0,0,0,0,0,0
3694,4.2433,0.2185,2,713,0,0,0,0,0,0,0,0
3695,4.4808,0.3897,2,713,0,0,0,0,0,0,0,0
3696,3.826,0.2396,2,713,0,0,0,0,0,0,0,0
3697,4.0653,0.1814,2,713,0,0,0,0,0,0,0,0
3698,4.2496,0.2378,2,713,0,0,0,0,0,0,0,0
3699,4.1317,0.2862,2,713,0,0,0,0,0,0,0,0
3700,4.221,0.2345,2,713,0,0,0,0,0,0,0,0
3701,4.1989,0.2961,2,713,0,0,0,0,0,0,0,0
3702,4.1622,0.3664,2,713,0,0,0,0,0,0,0,0
3703,4.1296,0.3661,2,713,0,0,0,0,0,0,0,0
3704,4.1995,0.3719,2,713,0,0,0,0,0,0,0,0
3705,4.1588,0.2481,2,713,0,0,0,0,0,0,0,0
3706,4.1914,0.1882,2,713,0,0,0,0,0,0,0,0
3707,4.038,0.3514,2,713,0,0,0,0,0,0,0,0
3708,4.313,0.2607,2,713,0,0,0,0,0,0,0,0
3709,4.096,0.222,2,713,0,0,0,0,0,0,0,0
3710,4.1245,0.2524,2,713,0,0,0,0,0,0,0,0
3711,4.2615,0.3009,2,713,0,0,0,0,0,0,0,0
3712,4.1721,0.2556,2,713,0,0,0,0,0,0,0,0
3713,4.1554,0.2841,2,713,0,0,0,0,0,0,0,0
3714,4.1469,0.2268,2,713,0,0,0,0,0,0,0,0
3715,4.1959,0.2341,2,713,0,0,0,0,0,0,0,0
3716,4.41,0.2258,2,713,0,0,0,0,0,0,0,0
3717,3.8799,0.2251,2,713,0,0,0,0,0,0,0,0
3718,4.2023,0.229,2,713,0,0,0,0,0,0,0,0
3719,4.242,0.3045,2,713,0,0,0,0,0,0,0,0
3720,4.0722,0.427,2,713,0,0,0,0,0,0,0,0
3721,4.117,0.2263,2,713,0,0,0,0,0,0,0,0
3722,4.1799,0.2164,2,713,0,0,0,0,0,0,0,0
3723,4.1328,0.2182,2,713,0,0,0,0,0,0,0,0
3724,4.2921,0.226,2,713,0,0,0,0,0,0,0,0
3725,4.2125,0.4106,2,713,0,0,0,0,0,0,0,0
3726,3.9791,0.3509,2,713,0,0,0,0,0,0,0,0
3727,4.5335,0.2652,2,713,0,0,0,0,0,0,0,0
3728,3.899,0.2924,2,713,0,0,0,0,0,0,0,0
3729,4.1292,0.2798,3,713,0,0,0,1,0.0266,1,3,0.0001
3730,4.5236,0.2469,3,713,0,0,0,0,0,0,0,0
3731,3.8769,0.2467,3,713,0,0,0,0,0,0,0,0
3732,4.2814,0.3416,3,713,0,0,0,0,0,0,0,0
3733,4.0333,0.2305,3,713,0,0,0,0,0,0,0,0
3734,4.1116,0.2244,3,713,0,0,0,0,0,0,0,0
3735,4.1873,0.2254,3,713,0,0,0,0,0,0,0,0
3736,4.1702,0.2494,3,713,0,0,0,0,0,0,0,0
3737,4.1288,0.368,3,713,0,0,0,0,0,0,0,0
3738,4.2331,0.2288,3,713,0,0,0,0,0,0,0,0
3739,4.1851,0.2865,3,713,0,0,0,0,0,0,0,0
3740,4.0877,0.3729,3,713,0,0,0,0,0,0,0,0
3741,4.1894,0.2512,3,713,0,0,0,0,0,0,0,0
3742,4.452,0.2187,3,713,0,0,0,0,0,0,0,0
3743,3.9181,0.4442,3,713,0,0,0,0,0,0,0,0
3744,4.2447,0.3297,3,713,0,0,0,0,0,0,0,0
3745,3.9826,0.2202,3,713,0,0,0,0,0,0,0,0
3746,4.2257,0.2182,3,713,0,0,0,0,0,0,0,0
3747,4.1703,0.2588,3,713,0,0,0,0,0,0,0,0
3748,4.1728,0.2927,3,713,0,0,0,0,0,0,0,0
3749,4.2159,0.3889,3,713,0,0,0,0,0,0,0,0
3750,4.1401,0.2271,3,713,0,0,0,0,0,0,0,0
3751,4.2841,0.3422,3,713,0,0,0,0,0,0,0,0
3752,4.0863,0.4436,3,713,0,0,0,0,0,0,0,0
3753,4.1813,0.354,3,713,0,0,0,0,0,0,0,0
3754,4.2923,0.2298,3,713,0,0,0,0,0,0,0,0
3755,4.0352,0.2341,3,713,0,0,0,0,0,0,0,0
3756,4.1901,0.3187,3,713,0,0,0,0,0,0,0,0
3757,4.1255,0.2571,3,713,0,0,0,0,0,0,0,0
3758,4.1022,0.2192,3,713,0,0,0,0,0,0,0,0
3759,4.2301,0.2598,3,713,0,0,0,0,0,0,0,0
3760,4.1745,0.3326,3,713,0,0,0,0,0,0,0,0
3761,4.1632,0.4247,3,713,0,0,0,0,0,0,0,0
3762,4.1135,0.3932,3,713,0,0,0,0,0,0,0,0
3763,4.2684,0.3377,3,713,0,0,0,0,0,0,0,0
3764,4.1374,0.2761,3,713,0,0,0,0,0,0,0,0
3765,4.1569,0.2466,3,713,0,0,0,0,0,0,0,0
3766,4.0818,0.3623,3,713,0,0,0,0,0,0,0,0
3767,4.1889,0.2566,3,713,0,0,0,0,0,0,0,0
3768,4.2289,0.4509,3,713,0,0,0,0,0,0,0,0
3769,4.1313,0.3327,3,713,0,0,0,0,0,0,0,0
3770,4.1302,0.2101,3,713,0,0,0,0,0,0,0,0
3771,4.1912,0.2798,3,713,0,0,0,0,0,0,0,0
3772,4.391,0.3786,49,713,0,0,1,0,0,46,1233,0.0022
3773,3.996,0.3498,49,713,0,0,1,0,0,0,0,0
3774,4.0582,0.2954,49,713,0,0,1,0,0,0,0,0
3775,4.586,0.5228,49,713,0,0,1,0,0,0,0,0
3776,3.8593,0.3326,49,713,0,0,1,0,0,0,0,0
3777,4.1067,0.2984,49,713,0,0,1,0,0,0,0,0
3778,4.5807,0.2514,49,713,0,0,1,0,0,0,0,0
3779,3.7441,0.2902,49,713,0,0,1,0,0,0,0,0
3780,4.4539,0.2829,49,713,0,0,1,0,0,0,0,0
3781,3.9299,0.4206,49,713,0,0,1,0,0,0,0,0
3782,4.0969,0.253,49,713,0,0,1,0,0,0,0,0
3783,4.2487,0.2523,49,713,0,0,1,0,0,0,0,0
3784,4.0816,0.2611,49,713,0,0,1,0,0,0,0,0
3785,4.169,0.403,49,713,0,0,1,0,0,0,0,0
3786,4.4389,0.288,49,713,0,0,1,0,0,0,0,0
3787,3.917,0.4476,49,713,0,0,1,0,0,0,0,0
3788,4.2105,0.3794,49,713,0,0,1,0,0,0,0,0
3789,4.1282,0.2741,49,713,0,0,1,0,0,0,0,0
3790,4.1658,0.2837,49,713,0,0,1,0,0,0,0,0
3791,4.2444,0.3239,49,713,0,0,1,0,0,0,0,0
3792,4.1249,0.4759,49,713,0,0,1,0,0,0,0,0
3793,4.0413,0.344,49,713,0,0,1,0,0,0,0,0
3794,4.2532,0.244,49,713,0,0,1,0,0,0,0,0
3795,4.2049,0.4292,49,713,0,0,1,0,0,0,0,0
3796,4.4549,0.4443,49,713,0,0,1,0,0,0,0,0
3797,3.9308,0.3759,49,713,0,0,1,0,0,0,0,0
3798,4.0955,0.4327,49,713,0,0,1,0,0,0,0,0
3799,4.1344,0.383,49,713,0,0,1,0,0,0,0,0
3800,4.1831,0.3993,49,713,0,0,1,0,0,0,0,0
3801,4.1907,0.2892,49,713,0,0,1,0,0,0,0,0
3802,4.1915,0.2693,49,713,0,0,1,0,0,0,0,0
3803,4.4134,0.2774,49,713,0,0,1,0,0,0,0,0
3804,3.9897,0.4775,49,713,0,0,1,0,0,0,0,0
3805,4.0566,0.2695,49,713,0,0,1,0,0,0,0,0
3806,4.1432,0.4474,49,713,0,0,1,0,0,0,0,0
3807,4.4837,0.2579,49,713,0,0,1,0,0,0,0,0
3808,3.8343,0.2625,49,713,0,0,1,0,0,0,0,0
3809,4.5796,0.2819,49,713,0,0,1,0,0,0,0,0
3810,3.8177,0.3872,49,713,0,0,1,0,0,0,0,0
3811,4.1443,0.3703,49,713,0,0,1,0,0,0,0,0
3812,4.2134,0.2838,49,713,0,0,1,0,0,0,0,0
3813,4.1164,0.2918,49,713,0,0,1,0,0,0,0,0
3814,4.1783,0.2803,49,713,0,0,1,0,0,0,0,0
3815,4.2191,0.3082,49,713,0,0,1,0,0,0,0,0
3816,4.1914,0.3065,49,713,0,0,1,0,0,0,0,0
3817,4.0347,0.2487,49,713,0,0,1,0,0,0,0,0
3818,4.1978,0.2867,49,713,0,0,1,0,0,0,0,0
3819,4.2504,0.3774,49,713,0,0,1,0,0,0,0,0
3820,4.0872,0.2839,49,713,0,0,1,0,0,0,0,0
3821,4.1987,0.2409,49,713,0,0,1,0,0,0,0,0
3822,4.1072,0.4043,49,713,0,0,1,0,0,0,0,0
3823,4.2029,0.4187,49,713,0,0,1,0,0,0,0,0
3824,4.2266,0.3976,49,713,0,0,1,0,0,0,0,0
3825,4.0849,0.2609,49,713,0,0,1,0,0,0,0,0
3826,4.2444,0.2826,49,713,0,0,1,0,0,0,0,0
3827,4.1665,0.7001,49,713,0,0,1,0,0,0,0,0
3828,4.245,0.4278,49,713,0,0,1,0,0,0,0,0
3829,4.1049,0.3166,49,713,0,0,1,0,0,0,0,0
3830,4.0878,0.2873,49,713,0,0,1,0,0,0,0,0
3831,4.1905,0.2861,49,713,0,0,1,0,0,0,0,0
3832,4.2538,0.4705,49,713,0,0,1,0,0,0,0,0
3833,4.3295,0.4675,49,713,0,0,1,0,0,0,0,0
3834,3.8795,0.4236,49,713,0,0,1,0,0,0,0,0
3835,4.2624,0.2882,49,713,0,0,1,0,0,0,0,0
3836,4.0828,0.3404,49,713,0,0,1,0,0,0,0,0
3837,4.1822,0.2531,49,713,0,0,1,0,0,0,0,0
3838,4.3655,0.4735,49,713,0,0,1,0,0,0,0,0
3839,3.9738,0.346,49,713,0,0,1,0,0,0,0,0
3840,4.2334,0.3203,49,713,0,0,1,0,0,0,0,0
3841,4.1323,0.2848,49,713,0,0,1,0,0,0,0,0
3842,4.1185,0.2981,49,713,0,0,1,0,0,0,0,0
3843,4.2538,0.3905,49,713,0,0,1,0,0,0,0,0
3844,4.2313,0.3689,49,713,0,0,1,0,0,0,0,0
3845,4.0497,0.3201,49,713,0,0,1,0,0,0,0,0
3846,4.1508,0.2885,49,713,0,0,1,0,0,0,0,0
3847,4.2036,0.3021,49,713,0,0,1,0,0,0,0,0
3848,4.4204,0.4406,83,713,0,0,1,0,0,34,2373,0.005
3849,3.855,0.2923,83,713,0,0,1,0,0,0,0,0
3850,4.3361,0.3121,83,713,0,0,1,0,0,0,0,0
3851,4.1488,0.4253,83,713,0,0,1,0,0,0,0,0
3852,4.075,0.3222,83,713,0,0,1,0,0,0,0,0
3853,4.1295,0.3025,83,713,0,0,1,0,0,0,0,0
3854,4.1125,0.2828,83,713,0,0,1,0,0,0,0,0
3855,4.2773,0.3232,83,713,0,0,1,0,0,0,0,0
3856,4.1742,0.339,83,713,0,0,1,0,0,0,0,0
3857,4.1973,0.454,83,713,0,0,1,0,0,0,0,0
3858,4.1019,0.3146,83,713,0,0,1,0,0,0,0,0
3859,4.2602,0.4501,83,713,0,0,1,0,0,0,0,0
3860,4.0307,0.3074,83,713,0,0,1,0,0,0,0,0
3861,4.2341,0.3046,83,713,0,0,1,0,0,0,0,0
3862,4.4025,0.5382,83,713,0,0,1,0,0,0,0,0
3863,4.072,0.4226,83,713,0,0,1,0,0,0,0,0
3864,4.0882,0.3465,83,713,0,0,1,0,0,0,0,0
3865,4.1107,0.3587,83,713,0,0,1,0,0,0,0,0
3866,4.0833,0.2767,83,713,0,0,1,0,0,0,0,0
3867,4.2449,0.3148,83,713,0,0,1,0,0,0,0,0
3868,4.1896,0.3194,83,713,0,0,1,0,0,0,0,0
3869,4.19,0.5295,83,713,0,0,1,0,0,0,0,0
3870,4.0771,0.4429,83,713,0,0,1,0,0,0,0,0
3871,4.2151,0.3282,83,713,0,0,1,0,0,0,0,0
3872,4.3925,0.3775,83,713,0,0,1,0,0,0,0,0
3873,3.8779,0.3063,83,713,0,0,1,0,0,0,0,0
3874,4.4375,0.283,83,713,0,0,1,0,0,0,0,0
3875,3.9674,0.3042,83,713,0,0,1,0,0,0,0,0
3876,4.2095,0.5627,83,713,0,0,1,0,0,0,0,0
3877,4.0815,0.328,83,713,0,0,1,0,0,0,0,0
3878,4.0852,0.2726,83,713,0,0,1,0,0,0,0,0
3879,4.2712,0.5046,83,713,0,0,1,0,0,0,0,0
3880,4.1935,0.3428,83,713,0,0,1,0,0,0,0,0
3881,4.1559,0.4745,82,713,0,0,1,0,0,0,0,0
3882,4.1312,0.4163,82,713,0,0,1,0,0,0,0,0
3883,4.1853,0.3013,82,713,0,0,1,0,0,0,0,0
3884,4.176,0.3144,82,713,0,0,1,0,0,0,0,0
3885,4.1081,0.3096,82,713,0,0,1,0,0,0,0,0
3886,4.0945,0.3787,82,713,0,0,1,0,0,0,0,0
3887,4.2923,0.3183,82,713,0,0,1,0,0,0,0,0
3888,4.1536,0.5063,82,713,0,0,1,0,0,0,0,0
3889,4.1541,0.5501,82,713,0,0,1,0,0,0,0,0
3890,4.1259,0.2983,82,713,0,0,1,0,0,0,0,0
3891,4.2353,0.3558,82,713,0,0,1,0,0,0,0,0
3892,4.1254,0.3337,81,713,0,0,1,0,0,0,0,0
3893,4.2437,0.4036,81,713,0,0,1,0,0,0,0,0
3894,4.139,0.3044,81,713,0,0,1,0,0,0,0,0
3895,4.1622,0.5023,81,713,0,0,1,0,0,0,0,0
3896,4.1397,0.3155,81,713,0,0,1,0,0,0,0,0
3897,4.1499,0.3181,81,713,0,0,1,0,0,0,0,0
3898,4.1385,0.3001,81,713,0,0,1,0,0,0,0,0
3899,4.2322,0.3283,81,713,0,0,1,0,0,0,0,0
3900,4.1607,0.5108,81,713,0,0,1,0,0,0,0,0
3901,4.286,0.4454,81,713,0,0,1,0,0,0,0,0
3902,3.9929,0.3053,81,713,0,0,1,0,0,0,0,0
3903,4.7475,0.3081,81,713,0,0,1,0,0,0,0,0
3904,3.6077,0.3325,81,713,0,0,1,0,0,0,0,0
3905,4.1657,0.276,80,713,0,0,1,0,0,0,0,0
3906,4.3532,0.4403,80,713,0,0,1,0,0,0,0,0
3907,3.9564,0.5066,80,713,0,0,1,0,0,0,0,0
3908,4.1385,0.2699,80,713,0,0,1,0,0,0,0,0
3909,4.219,0.2799,80,713,0,0,1,0,0,0,0,0
3910,4.1598,0.306,80,713,0,0,1,0,0,0,0,0
3911,4.2399,0.3349,80,713,0,0,1,0,0,0,0,0
3912,4.2978,0.483,80,713,0,0,1,0,0,0,0,0
3913,3.9472,0.282,80,713,0,0,1,0,0,0,0,0
3914,4.1978,0.3092,80,713,0,0,1,0,0,0,0,0
3915,4.1258,0.2819,80,713,0,0,1,0,0,0,0,0
3916,4.204,0.3412,80,713,0,0,1,0,0,0,0,0
3917,4.435,0.3702,80,713,0,0,1,0,0,0,0,0
3918,3.914,0.4983,80,713,0,0,1,0,0,0,0,0
3919,4.1206,0.3914,80,713,0,0,1,0,0,0,0,0
3920,4.2129,0.3108,80,713,0,0,1,0,0,0,0,0
3921,4.118,0.2827,80,713,0,0,1,0,0,0,0,0
3922,4.2821,0.4261,80,713,0,0,1,0,0,0,0,0
3923,4.1288,0.3446,80,713,0,0,1,0,0,0,0,0
3924,4.1426,0.3231,80,713,0,0,1,0,0,0,0,0
3925,4.2,0.5614,126,713,0,0,1,0,0,46,5091,0.0082
3926,4.0795,0.268,126,713,0,0,1,0,0,0,0,0
3927,4.2118,0.2636,126,713,0,0,1,0,0,0,0,0
3928,4.1506,0.3673,126,713,0,0,1,0,0,0,0,0
3929,4.2211,0.3362,126,713,0,0,1,0,0,0,0,0
3930,4.1024,0.478,126,713,0,0,1,0,0,0,0,0
3931,4.4929,0.61,126,713,0,0,1,0,0,0,0,0
3932,3.9016,0.497,126,713,0,0,1,0,0,0,0,0
3933,4.1556,0.3674,126,713,0,0,1,0,0,0,0,0
3934,4.0935,0.4875,126,713,0,0,1,0,0,0,0,0
3935,4.2196,0.2782,126,713,0,0,1,0,0,0,0,0
3936,4.4533,0.3876,126,713,0,0,1,0,0,0,0,0
3937,3.8416,0.4442,126,713,0,0,1,0,0,0,0,0
3938,4.1624,0.3103,126,713,0,0,1,0,0,0,0,0
3939,4.3497,0.4781,126,713,0,0,1,0,0,0,0,0
3940,4.0887,0.6256,126,713,0,0,1,0,0,0,0,0
3941,4.143,0.3754,126,713,0,0,1,0,0,0,0,0
3942,4.1289,0.4704,126,713,0,0,1,0,0,0,0,0
3943,4.1907,0.508,126,713,0,0,1,0,0,0,0,0
3944,4.1762,0.3828,126,713,0,0,1,0,0,0,0,0
3945,4.104,0.3318,126,713,0,0,1,0,0,0,0,0
3946,4.5454,0.2844,126,713,0,0,1,0,0,0,0,0
3947,3.7946,0.342,126,713,0,0,1,0,0,0,0,0
3948,4.2075,0.3799,126,713,0,0,1,0,0,0,0,0
3949,4.1491,0.306,126,713,0,0,1,0,0,0,0,0
3950,4.1322,0.3752,126,713,0,0,1,0,0,0,0,0
3951,4.2812,0.4382,126,713,0,0,1,0,0,0,0,0
3952,4.169,0.4599,126,713,0,0,1,0,0,0,0,0
3953,4.1371,0.3733,126,713,0,0,1,0,0,0,0,0
3954,4.1041,0.2681,126,713,0,0,1,0,0,0,0,0
3955,4.1815,0.3669,126,713,0,0,1,0,0,0,0,0
3956,4.1489,0.3084,126,713,0,0,1,0,0,0,0,0
3957,4.363,0.3015,126,713,0,0,1,0,0,0,0,0
3958,3.9557,0.4995,126,713,0,0,1,0,0,0,0,0
3959,4.2523,0.3993,126,713,0,0,1,0,0,0,0,0
3960,4.0706,0.3228,126,713,0,0,1,0,0,0,0,0
3961,4.2051,0.3661,124,713,0,0,1,0,0,0,0,0
3962,4.1631,0.4382,124,713,0,0,1,0,0,0,0,0
3963,4.1701,0.3548,124,713,0,0,1,0,0,0,0,0
3964,4.2254,0.5801,124,713,0,0,1,0,0,0,0,0
3965,4.1522,0.3176,124,713,0,0,1,0,0,0,0,0
3966,4.1109,0.4892,124,713,0,0,1,0,0,0,0,0
3967,4.1647,0.3378,124,713,0,0,1,0,0,0,0,0
3968,4.1783,0.5046,124,713,0,0,1,0,0,0,0,0
3969,4.1669,0.3304,124,713,0,0,1,0,0,0,0,0
3970,4.1366,0.4918,124,713,0,0,1,0,0,0,0,0
3971,4.2388,0.3984,124,713,0,0,1,0,0,0,0,0
3972,4.1347,0.3386,124,713,0,0,1,0,0,0,0,0
3973,4.1702,0.3436,124,713,0,0,1,0,0,0,0,0
3974,4.1453,0.383,124,713,0,0,1,0,0,0,0,0
3975,4.5946,0.3104,124,713,0,0,1,0,0,0,0,0
3976,3.8318,0.3013,124,713,0,0,1,0,0,0,0,0
3977,4.4073,0.5833,124,713,0,0,1,0,0,0,0,0
3978,3.937,0.3505,124,713,0,0,1,0,0,0,0,0
3979,4.074,0.3045,124,713,0,0,1,0,0,0,0,0
3980,4.1617,0.3635,124,713,0,0,1,0,0,0,0,0
3981,4.1539,0.3177,124,713,0,0,1,0,0,0,0,0
3982,4.1818,0.4614,124,713,0,0,1,0,0,0,0,0
3983,4.1778,0.3391,124,713,0,0,1,0,0,0,0,0
3984,4.1439,0.6132,124,713,0,0,1,0,0,0,0,0
3985,4.1485,0.3148,124,713,0,0,1,0,0,0,0,0
3986,4.198,0.366,124,713,0,0,1,0,0,0,0,0
3987,4.1487,0.3793,122,713,0,0,1,0,0,0,0,0
3988,4.2031,0.3708,122,713,0,0,1,0,0,0,0,0
3989,4.3136,0.4154,122,713,0,0,1,0,0,0,0,0
3990,4.0162,0.5507,122,713,0,0,1,0,0,0,0,0
3991,4.1898,0.3699,122,713,0,0,1,0,0,0,0,0
3992,4.4223,0.4259,122,713,0,0,1,0,0,0,0,0
3993,3.8758,0.3354,122,713,0,0,1,0,0,0,0,0
3994,4.1904,0.3431,122,713,0,0,1,0,0,0,0,0
3995,4.1844,0.4751,122,713,0,0,1,0,0,0,0,0
3996,4.1893,0.3951,122,713,0,0,1,0,0,0,0,0
3997,4.0977,0.3352,122,713,0,0,1,0,0,0,0,0
3998,4.171,0.265,122,713,0,0,1,0,0,0,0,0
3999,4.1753,0.3412,122,713,0,0,1,0,0,0,0,0
4000,4.2206,0.5987,122,713,0,0,1,0,0,0,0,0
4001,4.1521,0.4936,122,713,0,0,1,0,0,0,0,0
4002,4.1374,0.6375,156,713,0,0,1,0,0,34,4668,0.0072
4003,4.4335,0.4068,156,713,0,0,1,0,0,0,0,0
4004,3.9195,0.4106,156,713,0,0,1,0,0,0,0,0
4005,4.1464,0.4033,156,713,0,0,1,0,0,0,0,0
4006,4.1785,0.562,156,713,0,0,1,0,0,0,0,0
4007,4.2846,0.363,156,713,0,0,1,0,0,0,0,0
4008,4.3183,0.4782,156,713,0,0,1,0,0,0,0,0
4009,3.8411,0.3845,156,713,0,0,1,0,0,0,0,0
4010,4.1544,0.3198,156,713,0,0,1,0,0,0,0,0
4011,4.2368,0.3699,156,713,0,0,1,0,0,0,0,0
4012,4.2038,0.4144,156,713,0,0,1,0,0,0,0,0
4013,4.0971,0.5724,156,713,0,0,1,0,0,0,0,0
4014,4.1953,0.5115,156,713,0,0,1,0,0,0,0,0
4015,4.1869,0.3865,156,713,0,0,1,0,0,0,0,0
4016,4.134,0.4094,156,713,0,0,1,0,0,0,0,0
4017,4.1574,0.3015,156,713,0,0,1,0,0,0,0,0
4018,4.1236,0.334,156,713,0,0,1,0,0,0,0,0
4019,4.2689,0.3017,156,713,0,0,1,0,0,0,0,0
4020,4.1942,0.6747,156,713,0,0,1,0,0,0,0,0
4021,4.1203,0.3954,156,713,0,0,1,0,0,0,0,0
4022,4.0785,0.3157,156,713,0,0,1,0,0,0,0,0
4023,4.2057,0.3682,156,713,0,0,1,0,0,0,0,0
4024,4.1818,0.3635,156,713,0,0,1,0,0,0,0,0
4025,4.1986,0.4463,156,713,0,0,1,0,0,0,0,0
4026,4.2926,0.3044,156,713,0,0,1,0,0,0,0,0
4027,4.0553,0.5101,156,713,0,0,1,0,0,0,0,0
4028,4.105,0.3748,156,713,0,0,1,0,0,0,0,0
4029,4.1507,0.3513,156,713,0,0,1,0,0,0,0,0
4030,4.1231,0.5093,156,713,0,0,1,0,0,0,0,0
4031,4.2992,0.389,156,713,0,0,1,0,0,0,0,0
4032,4.1724,0.5746,156,713,0,0,1,0,0,0,0,0
4033,4.0549,0.472,156,713,0,0,1,0,0,0,0,0
4034,4.1844,0.3516,155,713,0,0,1,0,0,0,0,0
4035,4.2976,0.321,155,713,0,0,1,0,0,0,0,0
4036,4.0608,0.3835,155,713,0,0,1,0,0,0,0,0
4037,4.219,0.5442,154,713,0,0,1,0,0,0,0,0
4038,4.0806,0.5061,154,713,0,0,1,0,0,0,0,0
4039,4.262,0.369,154,713,0,0,1,0,0,0,0,0
4040,4.1042,0.3235,154,713,0,0,1,0,0,0,0,0
4041,4.1958,0.3684,154,713,0,0,1,0,0,0,0,0
4042,4.1355,0.2848,154,713,0,0,1,0,0,0,0,0
4043,4.1583,0.3631,153,713,0,0,1,0,0,0,0,0
4044,4.183,0.6242,153,713,0,0,1,0,0,0,0,0
4045,4.1826,0.5036,153,713,0,0,1,0,0,0,0,0
4046,4.1155,0.5075,153,713,0,0,1,0,0,0,0,0
4047,4.2819,0.5626,152,713,0,0,1,0,0,0,0,0
4048,4.0928,0.6196,152,713,0,0,1,0,0,0,0,0
4049,4.1954,0.4188,151,713,0,0,1,0,0,0,0,0
4050,4.1968,0.4405,151,713,0,0,1,0,0,0,0,0
4051,4.0997,0.3852,151,713,0,0,1,0,0,0,0,0
4052,4.187,0.3615,151,713,0,0,1,0,0,0,0,0
4053,4.123,0.3376,151,713,0,0,1,0,0,0,0,0
4054,4.2044,0.5796,151,713,0,0,1,0,0,0,0,0
4055,4.1686,0.4066,151,713,0,0,1,0,0,0,0,0
4056,4.2044,0.3318,151,713,0,0,1,0,0,0,0,0
4057,4.0857,0.5053,151,713,0,0,1,0,0,0,0,0
4058,4.2042,0.391,151,713,0,0,1,0,0,0,0,0
4059,4.1736,0.3772,151,713,0,0,1,0,0,0,0,0
4060,4.2042,0.6111,151,713,0,0,1,0,0,0,0,0
4061,4.1724,0.4055,148,713,0,0,1,0,0,0,0,0
4062,4.0974,0.4714,148,713,0,0,1,0,0,0,0,0
4063,4.1689,0.4538,148,713,0,0,1,0,0,0,0,0
4064,4.2253,0.3921,148,713,0,0,1,0,0,0,0,0
4065,4.1221,0.3804,148,713,0,0,1,0,0,0,0,0
4066,4.1967,0.3635,148,713,0,0,1,0,0,0,0,0
4067,4.1924,0.4309,148,713,0,0,1,0,0,0,0,0
4068,4.145,0.3487,148,713,0,0,1,0,0,0,0,0
4069,4.2146,0.4341,148,713,0,0,1,0,0,0,0,0
4070,4.0891,0.2762,148,713,0,0,1,0,0,0,0,0
4071,4.2247,0.3641,148,713,0,0,1,0,0,0,0,0
4072,4.1319,0.3911,148,713,0,0,1,0,0,0,0,0
4073,4.1801,0.3904,148,713,0,0,1,0,0,0,0,0
4074,4.1074,0.5113,148,713,0,0,1,0,0,0,0,0
4075,4.1982,0.3395,148,713,0,0,1,0,0,0,0,0
4076,4.4014,0.3558,148,713,0,0,1,0,0,0,0,0
4077,4.0328,0.3292,148,713,0,0,1,0,0,0,0,0
4078,4.0769,0.3648,148,713,0,0,1,0,0,0,0,0
4079,4.1805,0.4811,194,713,0,0,1,0,0,46,7929,0.0061
4080,4.2066,0.4442,194,713,0,0,1,0,0,0,0,0
4081,4.068,0.458,194,713,0,0,1,0,0,0,0,0
4082,4.1503,0.4887,193,713,0,0,1,0,0,0,0,0
4083,4.2851,0.4921,193,713,0,0,1,0,0,0,0,0
4084,4.1891,0.4178,193,713,0,0,1,0,0,0,0,0
4085,4.1167,0.5181,193,713,0,0,1,0,0,0,0,0
4086,4.0978,0.5558,193,713,0,0,1,0,0,0,0,0
4087,4.3093,0.6164,193,713,0,0,1,0,0,0,0,0
4088,4.0999,0.5263,193,713,0,0,1,0,0,0,0,0
4089,4.084,0.3031,193,713,0,0,1,0,0,0,0,0
4090,4.1833,0.3941,193,713,0,0,1,0,0,0,0,0
4091,4.1924,0.3467,193,713,0,0,1,0,0,0,0,0
4092,4.2235,0.4403,193,713,0,0,1,0,0,0,0,0
4093,4.1115,0.3693,193,713,0,0,1,0,0,0,0,0
4094,4.0991,0.3858,193,713,0,0,1,0,0,0,0,0
4095,4.2579,0.4037,193,713,0,0,1,0,0,0,0,0
4096,4.1785,0.4149,193,713,0,0,1,0,0,0,0,0
4097,4.1332,0.4097,193,713,0,0,1,0,0,0,0,0
4098,4.1333,0.553,193,713,0,0,1,0,0,0,0,0
4099,4.1858,0.384,193,713,0,0,1,0,0,0,0,0
4100,4.1377,0.4488,192,713,0,0,1,0,0,0,0,0
4101,4.1814,0.3642,191,713,0,0,1,0,0,0,0,0
4102,4.1619,0.3091,191,713,0,0,1,0,0,0,0,0
4103,4.23,0.4357,191,713,0,0,1,0,0,0,0,0
4104,4.1532,0.3884,191,713,0,0,1,0,0,0,0,0
4105,4.2034,0.4499,191,713,0,0,1,0,0,0,0,0
4106,4.0886,0.3239,191,713,0,0,1,0,0,0,0,0
4107,4.2058,0.4464,191,713,0,0,1,0,0,0,0,0
4108,4.2068,0.3669,191,713,0,0,1,0,0,0,0,0
4109,4.1427,0.4358,191,713,0,0,1,0,0,0,0,0
4110,4.1298,0.5614,191,713,0,0,1,0,0,0,0,0
4111,4.4451,0.4946,190,713,0,0,1,0,0,0,0,0
4112,3.8721,0.48,190,713,0,0,1,0,0,0,0,0
4113,4.1778,0.3933,190,713,0,0,1,0,0,0,0,0
4114,4.1444,0.3663,190,713,0,0,1,0,0,0,0,0
4115,4.2848,0.6886,190,713,0,0,1,0,0,0,0,0
4116,4.2873,0.4706,190,713,0,0,1,0,0,0,0,0
4117,4.0231,0.4315,188,713,0,0,1,0,0,0,0,0
4118,4.0483,0.3547,188,713,0,0,1,0,0,0,0,0
4119,4.1685,0.3001,188,713,0,0,1,0,0,0,0,0
4120,4.2785,0.662,188,713,0,0,1,0,0,0,0,0
4121,4.1961,0.5221,188,713,0,0,1,0,0,0,0,0
4122,4.241,0.388,188,713,0,0,1,0,0,0,0,0
4123,4.3995,0.5216,188,713,0,0,1,0,0,0,0,0
4124,3.7417,0.3685,188,713,0,0,1,0,0,0,0,0
4125,4.1962,0.3004,188,713,0,0,1,0,0,0,0,0
4126,4.1547,0.391,188,713,0,0,1,0,0,0,0,0
4127,4.2388,0.5281,188,713,0,0,1,0,0,0,0,0
4128,4.1049,0.3905,188,713,0,0,1,0,0,0,0,0
4129,4.1952,0.2975,188,713,0,0,1,0,0,0,0,0
4130,4.0936,0.35,187,713,0,0,1,0,0,0,0,0
4131,4.2449,0.3505,187,713,0,0,1,0,0,0,0,0
4132,4.1415,0.3855,187,713,0,0,1,0,0,0,0,0
4133,4.262,0.5707,187,713,0,0,1,0,0,0,0,0
4134,4.141,0.6539,187,713,0,0,1,0,0,0,0,0
4135,4.1451,0.3803,187,713,0,0,1,0,0,0,0,0
4136,4.1655,0.4616,187,713,0,0,1,0,0,0,0,0
4137,4.0917,0.3095,186,713,0,0,1,0,0,0,0,0
4138,4.1373,0.3533,186,713,0,0,1,0,0,0,0,0
4139,4.2744,0.6101,186,713,0,0,1,0,0,0,0,0
4140,4.1748,0.6446,186,713,0,0,1,0,0,0,0,0
4141,4.115,0.3547,185,713,0,0,1,0,0,0,0,0
4142,4.2009,0.6179,185,713,0,0,1,0,0,0,0,0
4143,4.3375,0.3777,185,713,0,0,1,0,0,0,0,0
4144,4.042,0.4458,185,713,0,0,1,0,0,0,0,0
4145,4.0957,0.49,185,713,0,0,1,0,0,0,0,0
4146,4.2602,0.5502,185,713,0,0,1,0,0,0,0,0
4147,4.2623,0.5073,184,713,0,0,1,0,0,0,0,0
4148,4.0045,0.4621,184,713,0,0,1,0,0,0,0,0
4149,4.1725,0.3874,183,713,0,0,1,0,0,0,0,0
4150,4.0807,0.4808,183,713,0,0,1,0,0,0,0,0
4151,4.3391,0.6117,183,713,0,0,1,0,0,0,0,0
4152,4.1709,0.3925,182,713,0,0,1,0,0,0,0,0
4153,4.1824,0.6617,182,713,0,0,1,0,0,0,0,0
4154,3.9834,0.3498,181,713,0,0,1,0,0,0,0,0
4155,4.2012,0.3928,215,713,0,0,1,0,0,34,5682,0.004
4156,4.2109,0.4378,215,713,0,0,1,0,0,0,0,0
4157,4.1871,0.5423,215,713,0,0,1,0,0,0,0,0
4158,4.1138,0.3245,215,713,0,0,1,0,0,0,0,0
4159,4.2825,0.5195,215,713,0,0,1,0,0,0,0,0
4160,4.0451,0.406,215,713,0,0,1,0,0,0,0,0
4161,4.1254,0.3799,215,713,0,0,1,0,0,0,0,0
4162,4.193,0.4084,215,713,0,0,1,0,0,0,0,0
4163,4.2296,0.3509,215,713,0,0,1,0,0,0,0,0
4164,4.1633,0.6326,215,713,0,0,1,0,0,0,0,0
4165,4.1763,0.5488,215,713,0,0,1,0,0,0,0,0
4166,4.1305,0.6197,215,713,0,0,1,0,0,0,0,0
4167,4.0718,0.343,215,713,0,0,1,0,0,0,0,0
4168,4.2392,0.3272,215,713,0,0,1,0,0,0,0,0
4169,4.2248,0.439,215,713,0,0,1,0,0,0,0,0
4170,4.0908,0.5776,215,713,0,0,1,0,0,0,0,0
4171,4.4049,0.671,215,713,0,0,1,0,0,0,0,0
4172,3.9031,0.325,215,713,0,0,1,0,0,0,0,0
4173,4.21,0.4094,215,713,0,0,1,0,0,0,0,0
4174,4.1493,0.4093,215,713,0,0,1,0,0,0,0,0
4175,4.2188,0.3877,215,713,0,0,1,0,0,0,0,0
4176,4.3669,0.4036,215,713,0,0,1,0,0,0,0,0
4177,3.9897,0.5647,214,713,0,0,1,0,0,0,0,0
4178,4.1054,0.4033,214,713,0,0,1,0,0,0,0,0
4179,4.285,0.4318,214,713,0,0,1,0,0,0,0,0
4180,4.1234,0.6463,214,713,0,0,1,0,0,0,0,0
4181,4.1402,0.45,214,713,0,0,1,0,0,0,0,0
4182,4.0983,0.4095,214,713,0,0,1,0,0,0,0,0
4183,4.235,0.6681,214,713,0,0,1,0,0,0,0,0
4184,4.1393,0.3515,212,713,0,0,1,0,0,0,0,0
4185,4.1948,0.4011,212,713,0,0,1,0,0,0,0,0
4186,4.1244,0.3722,212,713,0,0,1,0,0,0,0,0
4187,4.214,0.3548,211,713,0,0,1,0,0,0,0,0
4188,4.116,0.4046,211,713,0,0,1,0,0,0,0,0
4189,4.2656,0.5515,210,713,0,0,1,0,0,0,0,0
4190,4.0335,0.5843,210,713,0,0,1,0,0,0,0,0
4191,4.227,0.3278,210,713,0,0,1,0,0,0,0,0
4192,4.2052,0.6796,209,713,0,0,1,0,0,0,0,0
4193,4.1661,0.455,208,713,0,0,1,0,0,0,0,0
4194,4.0973,0.4384,208,713,0,0,1,0,0,0,0,0
4195,4.2366,0.5295,208,713,0,0,1,0,0,0,0,0
4196,4.1121,0.325,208,713,0,0,1,0,0,0,0,0
4197,4.128,0.3984,208,713,0,0,1,0,0,0,0,0
4198,4.1895,0.5119,207,713,0,0,1,0,0,0,0,0
4199,4.2366,0.4576,207,713,0,0,1,0,0,0,0,0
4200,4.2003,0.4572,207,713,0,0,1,0,0,0,0,0
4201,4.0578,0.3846,207,713,0,0,1,0,0,0,0,0
4202,4.1448,0.3694,206,713,0,0,1,0,0,0,0,0
4203,4.2512,0.3145,206,713,0,0,1,0,0,0,0,0
4204,4.1604,0.4818,206,713,0,0,1,0,0,0,0,0
4205,4.4079,0.5004,206,713,0,0,1,0,0,0,0,0
4206,3.8839,0.5605,206,713,0,0,1,0,0,0,0,0
4207,4.2159,0.6266,206,713,0,0,1,0,0,0,0,0
4208,4.1674,0.4419,206,713,0,0,1,0,0,0,0,0
4209,4.1177,0.4206,204,713,0,0,1,0,0,0,0,0
4210,4.156,0.3211,204,713,0,0,1,0,0,0,0,0
4211,4.2234,0.4481,204,713,0,0,1,0,0,0,0,0
4212,4.153,0.3476,203,713,0,0,1,0,0,0,0,0
4213,4.1485,0.4089,202,713,0,0,1,0,0,0,0,0
4214,4.1312,0.3367,202,713,0,0,1,0,0,0,0,0
4215,4.2441,0.3888,202,713,0,0,1,0,0,0,0,0
4216,4.1205,0.4092,202,713,0,0,1,0,0,0,0,0
4217,4.2062,0.4735,202,713,0,0,1,0,0,0,0,0
4218,4.0917,0.3742,202,713,0,0,1,0,0,0,0,0
4219,4.4956,0.3064,202,713,0,0,1,0,0,0,0,0
4220,3.8943,0.4202,202,713,0,0,1,0,0,0,0,0
4221,4.1115,0.3194,201,713,0,0,1,0,0,0,0,0
4222,4.2056,0.6152,199,713,0,0,1,0,0,0,0,0
4223,4.1441,0.3686,198,713,0,0,1,0,0,0,0,0
4224,4.2037,0.472,198,713,0,0,1,0,0,0,0,0
4225,4.166,0.4093,198,713,0,0,1,0,0,0,0,0
4226,4.1408,0.5118,198,713,0,0,1,0,0,0,0,0
4227,4.1903,0.4748,198,713,0,0,1,0,0,0,0,0
4228,4.2051,0.42,197,713,0,0,1,0,0,0,0,0
4229,4.1104,0.3955,197,713,0,0,1,0,0,0,0,0
4230,4.214,0.4962,197,713,0,0,1,0,0,0,0,0
4231,4.1617,0.5733,197,713,0,0,1,0,0,0,0,0
4232,4.1388,0.4593,243,713,0,0,1,6,0.0564,46,8913,0.007
4233,4.1546,0.4412,243,713,0,0,1,0,0,0,0,0
4234,4.1184,0.3997,243,713,0,0,1,0,0,0,0,0
4235,4.2472,0.3745,243,713,0,0,1,0,0,0,0,0
4236,4.1439,0.674,243,713,0,0,1,0,0,0,0,0
4237,4.4874,0.4848,243,713,0,0,1,0,0,0,0,0
4238,3.7923,0.3516,243,713,0,0,1,0,0,0,0,0
4239,4.1958,0.4437,243,713,0,0,1,0,0,0,0,0
4240,4.2411,0.3779,243,713,0,0,1,0,0,0,0,0
4241,4.2731,0.5766,243,713,0,0,1,0,0,0,0,0
4242,4.0576,0.6662,242,713,0,0,1,0,0,0,0,0
4243,4.3947,0.4752,242,713,0,0,1,0,0,0,0,0
4244,3.8654,0.6914,242,713,0,0,1,0,0,0,0,0
4245,4.1794,0.4209,242,713,0,0,1,0,0,0,0,0
4246,4.1445,0.5131,242,713,0,0,1,0,0,0,0,0
4247,4.2786,0.707,242,713,0,0,1,0,0,0,0,0
4248,4.3237,0.4941,242,713,0,0,1,0,0,0,0,0
4249,3.9573,0.3824,242,713,0,0,1,0,0,0,0,0
4250,4.0964,0.4748,242,713,0,0,1,0,0,0,0,0
4251,4.2098,0.3966,241,713,0,0,1,0,0,0,0,0
4252,4.1868,0.3372,241,713,0,0,1,0,0,0,0,0
4253,4.2102,0.7083,241,713,0,0,1,0,0,0,0,0
4254,4.1159,0.6257,241,713,0,0,1,0,0,0,0,0
4255,4.2247,0.3863,241,713,0,0,1,0,0,0,0,0
4256,4.1634,0.4882,241,713,0,0,1,0,0,0,0,0
4257,4.095,0.4034,241,713,0,0,1,0,0,0,0,0
4258,4.1238,0.4111,241,713,0,0,1,0,0,0,0,0
4259,4.214,0.7363,241,713,0,0,1,0,0,0,0,0
4260,4.2926,0.3964,241,713,0,0,1,0,0,0,0,0
4261,4.0711,0.7275,241,713,0,0,1,0,0,0,0,0
4262,4.0849,0.3862,241,713,0,0,1,0,0,0,0,0
4263,4.2191,0.3443,241,713,0,0,1,0,0,0,0,0
4264,4.2428,0.6232,241,713,0,0,1,0,0,0,0,0
4265,4.1087,0.5649,240,713,0,0,1,0,0,0,0,0
4266,4.1293,0.4932,240,713,0,0,1,0,0,0,0,0
4267,4.2214,0.472,240,713,0,0,1,0,0,0,0,0
4268,4.1217,0.5482,240,713,0,0,1,0,0,0,0,0
4269,4.1765,0.3376,240,713,0,0,1,0,0,0,0,0
4270,4.1487,0.4366,240,713,0,0,1,0,0,0,0,0
4271,4.2193,0.3903,240,713,0,0,1,0,0,0,0,0
4272,4.2383,0.5485,240,713,0,0,1,0,0,0,0,0
4273,4.0507,0.7582,240,713,0,0,1,0,0,0,0,0
4274,4.1922,0.3534,239,713,0,0,1,0,0,0,0,0
4275,4.2094,0.4723,239,713,0,0,1,0,0,0,0,0
4276,4.4522,0.4526,238,713,0,0,1,0,0,0,0,0
4277,3.9849,0.3615,237,713,0,0,1,0,0,0,0,0
4278,3.9913,0.4189,237,713,0,0,1,0,0,0,0,0
4279,4.2912,0.5801,235,713,0,0,1,0,0,0,0,0
4280,4.0502,0.3922,234,713,0,0,1,0,0,0,0,0
4281,4.194,0.4234,234,713,0,0,1,0,0,0,0,0
4282,4.1527,0.3676,234,713,0,0,1,0,0,0,0,0
4283,4.4103,0.3972,234,713,0,0,1,0,0,0,0,0
4284,4.1039,0.6651,234,713,0,0,1,0,0,0,0,0
4285,4.1728,0.7197,234,713,0,0,1,0,0,0,0,0
4286,3.9521,0.392,234,713,0,0,1,0,0,0,0,0
4287,4.1789,0.3902,234,713,0,0,1,0,0,0,0,0
4288,4.1861,0.3677,234,713,0,0,1,0,0,0,0,0
4289,4.3981,0.4188,234,713,0,0,1,0,0,0,0,0
4290,3.9201,0.3775,234,713,0,0,1,0,0,0,0,0
4291,4.1734,0.3667,234,713,0,0,1,0,0,0,0,0
4292,4.228,0.4721,234,713,0,0,1,0,0,0,0,0
4293,4.0949,0.3372,234,713,0,0,1,0,0,0,0,0
4294,4.1319,0.6315,234,713,0,0,1,0,0,0,0,0
4295,4.2701,0.4243,234,713,0,0,1,0,0,0,0,0
4296,4.3518,0.5458,234,713,0,0,1,0,0,0,0,0
4297,4.0077,0.5637,234,713,0,0,1,0,0,0,0,0
4298,4.0889,0.3614,234,713,0,0,1,0,0,0,0,0
4299,4.1857,0.3737,234,713,0,0,1,0,0,0,0,0
4300,4.1529,0.4241,233,713,0,0,1,0,0,0,0,0
4301,4.1929,0.426,233,713,0,0,1,0,0,0,0,0
4302,4.1066,0.4286,233,713,0,0,1,0,0,0,0,0
4303,4.2346,0.6637,233,713,0,0,1,0,0,0,0,0
4304,4.301,0.4206,233,713,0,0,1,0,0,0,0,0
4305,3.9684,0.4119,232,713,0,0,1,0,0,0,0,0
4306,4.139,0.3355,231,713,0,0,1,0,0,0,0,0
4307,4.298,0.4353,231,713,0,0,1,0,0,0,0,0
4308,4.0654,0.5186,231,713,0,0,1,0,0,0,0,0
4309,4.1993,0.5971,265,713,0,0,1,4,0.0497,34,7542,0.0095
4310,4.1085,0.3599,265,713,0,0,1,0,0,0,0,0
4311,4.2338,0.4856,265,713,0,0,1,0,0,0,0,0
4312,4.1754,0.5759,265,713,0,0,1,0,0,0,0,0
4313,4.1816,0.3955,265,713,0,0,1,0,0,0,0,0
4314,4.1001,0.4872,265,713,0,0,1,0,0,0,0,0
4315,4.3903,0.4041,265,713,0,0,1,0,0,0,0,0
4316,4.0538,0.6067,263,713,0,0,1,0,0,0,0,0
4317,4.0595,0.4224,263,713,0,0,1,0,0,0,0,0
4318,4.1666,0.6488,263,713,0,0,1,0,0,0,0,0
4319,4.1964,0.3588,263,713,0,0,1,0,0,0,0,0
4320,4.4655,0.5411,262,713,0,0,1,0,0,0,0,0
4321,3.9248,0.612,262,713,0,0,1,0,0,0,0,0
4322,4.1377,0.6259,262,713,0,0,1,0,0,0,0,0
4323,4.1493,0.5311,261,713,0,0,1,0,0,0,0,0
4324,4.18,0.469,260,713,0,0,1,0,0,0,0,0
4325,4.3263,0.4235,260,713,0,0,1,0,0,0,0,0
4326,4.0236,0.451,260,713,0,0,1,0,0,0,0,0
4327,4.1946,0.6075,260,713,0,0,1,0,0,0,0,0
4328,4.3281,0.5663,260,713,0,0,1,0,0,0,0,0
4329,3.986,0.3453,260,713,0,0,1,0,0,0,0,0
4330,4.0759,0.4066,260,713,0,0,1,0,0,0,0,0
4331,4.3192,0.6616,260,713,0,0,1,0,0,0,0,0
4332,4.4814,0.6116,260,713,0,0,1,0,0,0,0,0
4333,3.7419,0.3718,259,713,0,0,1,0,0,0,0,0
4334,4.1645,0.4413,259,713,0,0,1,0,0,0,0,0
4335,4.1588,0.3663,259,713,0,0,1,0,0,0,0,0
4336,4.236,0.5861,259,713,0,0,1,0,0,0,0,0
4337,4.1612,0.4917,259,713,0,0,1,0,0,0,0,0
4338,4.1668,0.5128,259,713,0,0,1,0,0,0,0,0
4339,4.1742,0.4028,258,713,0,0,1,0,0,0,0,0
4340,4.2812,0.6527,258,713,0,0,1,0,0,0,0,0
4341,3.964,0.3639,258,713,0,0,1,0,0,0,0,0
4342,4.3074,0.5756,257,713,0,0,1,0,0,0,0,0
4343,4.1121,0.4923,257,713,0,0,1,0,0,0,0,0
4344,4.1509,0.4669,256,713,0,0,1,0,0,0,0,0
4345,4.1095,0.3551,256,713,0,0,1,0,0,0,0,0
4346,4.1936,0.6498,255,713,0,0,1,0,0,0,0,0
4347,4.2105,0.4223,255,713,0,0,1,0,0,0,0,0
4348,4.1588,0.3425,255,713,0,0,1,0,0,0,0,0
4349,4.1563,0.4413,255,713,0,0,1,0,0,0,0,0
4350,4.1218,0.4664,255,713,0,0,1,0,0,0,0,0
4351,4.5723,0.5743,255,713,0,0,1,0,0,0,0,0
4352,3.7981,0.4864,255,713,0,0,1,0,0,0,0,0
4353,4.143,0.432,255,713,0,0,1,0,0,0,0,0
4354,4.1623,0.359,254,713,0,0,1,0,0,0,0,0
4355,4.2002,0.4603,254,713,0,0,1,0,0,0,0,0
4356,4.45,0.6404,254,713,0,0,1,0,0,0,0,0
4357,3.9087,0.4092,254,713,0,0,1,0,0,0,0,0
4358,4.1158,0.3464,254,713,0,0,1,0,0,0,0,0
4359,4.1618,0.4553,254,713,0,0,1,0,0,0,0,0
4360,4.2316,0.863,254,713,0,0,1,0,0,0,0,0
4361,4.3332,0.6133,254,713,0,0,1,0,0,0,0,0
4362,3.9491,0.4293,253,713,0,0,1,0,0,0,0,0
4363,4.2204,0.4295,252,713,0,0,1,0,0,0,0,0
4364,4.4102,0.3553,252,713,0,0,1,0,0,0,0,0
4365,3.8318,0.4159,251,713,0,0,1,0,0,0,0,0
4366,4.1541,0.5388,251,713,0,0,1,0,0,0,0,0
4367,4.2684,0.404,251,713,0,0,1,0,0,0,0,0
4368,4.1501,0.5151,251,713,0,0,1,0,0,0,0,0
4369,4.1523,0.5055,251,713,0,0,1,0,0,0,0,0
4370,4.0958,0.362,251,713,0,0,1,0,0,0,0,0
4371,4.3478,0.6286,244,713,0,0,1,0,0,0,0,0
4372,4.1032,0.484,244,713,0,0,1,0,0,0,0,0
4373,4.2083,0.615,243,713,0,0,1,0,0,0,0,0
4374,4.0868,0.5177,242,713,0,0,1,0,0,0,0,0
4375,4.181,0.3936,242,713,0,0,1,0,0,0,0,0
4376,4.188,0.4661,242,713,0,0,1,0,0,0,0,0
4377,4.0624,0.4171,241,713,0,0,1,0,0,0,0,0
4378,4.1487,0.4847,240,713,0,0,1,0,0,0,0,0
4379,4.2193,0.427,240,713,0,0,1,0,0,0,0,0
4380,4.1868,0.7451,240,713,0,0,1,0,0,0,0,0
4381,4.1656,0.3793,240,713,0,0,1,0,0,0,0,0
4382,4.1062,0.3813,240,713,0,0,1,0,0,0,0,0
4383,4.2068,0.4642,240,713,0,0,1,0,0,0,0,0
4384,4.2335,0.5135,239,713,0,0,1,0,0,0,0,0
4385,4.1231,0.6585,239,713,0,0,1,0,0,0,0,0
4386,4.1431,0.9263,285,713,0,0,1,14,0.0865,46,9228,0.0122
4387,4.4556,0.4604,285,713,0,0,1,0,0,0,0,0
4388,3.8804,0.4497,285,713,0,0,1,0,0,0,0,0
4389,4.2084,0.4612,285,713,0,0,1,0,0,0,0,0
4390,4.1203,0.4769,285,713,0,0,1,0,0,0,0,0
4391,4.2391,0.3573,285,713,0,0,1,0,0,0,0,0
4392,4.4271,0.644,285,713,0,0,1,0,0,0,0,0
4393,3.8376,0.5057,284,713,0,0,1,0,0,0,0,0
4394,4.1752,0.4136,283,713,0,0,1,0,0,0,0,0
4395,4.2262,0.393,281,713,0,0,1,0,0,0,0,0
4396,4.1752,0.4766,281,713,0,0,1,0,0,0,0,0
4397,4.1524,0.8527,281,713,0,0,1,0,0,0,0,0
4398,4.1281,0.6373,281,713,0,0,1,0,0,0,0,0
4399,4.2032,0.4183,281,713,0,0,1,0,0,0,0,0
4400,4.1403,0.4767,281,713,0,0,1,0,0,0,0,0
4401,4.1605,0.4482,281,713,0,0,1,0,0,0,0,0
4402,4.1298,0.4131,281,713,0,0,1,0,0,0,0,0
4403,4.2176,0.3954,281,713,0,0,1,0,0,0,0,0
4404,4.2199,0.5773,281,713,0,0,1,0,0,0,0,0
4405,4.1921,0.454,281,713,0,0,1,0,0,0,0,0
4406,4.0328,0.3818,281,713,0,0,1,0,0,0,0,0
4407,4.2349,0.4121,281,713,0,0,1,0,0,0,0,0
4408,4.1183,0.499,281,713,0,0,1,0,0,0,0,0
4409,4.2228,0.5871,281,713,0,0,1,0,0,0,0,0
4410,4.0632,0.3845,281,713,0,0,1,0,0,0,0,0
4411,4.2541,0.4162,281,713,0,0,1,0,0,0,0,0
4412,4.1538,0.4758,281,713,0,0,1,0,0,0,0,0
4413,4.1436,0.4523,281,713,0,0,1,0,0,0,0,0
4414,4.1297,0.4891,281,713,0,0,1,0,0,0,0,0
4415,4.2551,0.3905,281,713,0,0,1,0,0,0,0,0
4416,4.1938,0.4963,281,713,0,0,1,0,0,0,0,0
4417,4.1139,0.6793,281,713,0,0,1,0,0,0,0,0
4418,4.1042,0.3552,280,713,0,0,1,0,0,0,0,0
4419,4.1524,0.3836,279,713,0,0,1,0,0,0,0,0
4420,4.1947,0.5163,279,713,0,0,1,0,0,0,0,0
4421,4.1017,0.3636,279,713,0,0,1,0,0,0,0,0
4422,4.2587,0.5156,279,713,0,0,1,0,0,0,0,0
4423,4.1852,0.655,279,713,0,0,1,0,0,0,0,0
4424,4.1894,0.5136,277,713,0,0,1,0,0,0,0,0
4425,4.1235,0.3989,277,713,0,0,1,0,0,0,0,0
4426,4.1196,0.3769,276,713,0,0,1,0,0,0,0,0
4427,4.4732,0.8205,275,713,0,0,1,0,0,0,0,0
4428,4.1393,0.6511,275,713,0,0,1,0,0,0,0,0
4429,3.9296,0.6288,275,713,0,0,1,0,0,0,0,0
4430,4.1594,0.3625,274,713,0,0,1,0,0,0,0,0
4431,4.3001,0.5044,274,713,0,0,1,0,0,0,0,0
4432,4.1079,0.5752,274,713,0,0,1,0,0,0,0,0
4433,4.1581,0.3839,273,713,0,0,1,0,0,0,0,0
4434,4.0857,0.5651,273,713,0,0,1,0,0,0,0,0
4435,4.1922,0.4785,272,713,0,0,1,0,0,0,0,0
4436,4.3037,0.9538,271,713,0,0,1,0,0,0,0,0
4437,4.0255,0.3561,271,713,0,0,1,0,0,0,0,0
4438,4.1381,0.6745,270,713,0,0,1,0,0,0,0,0
4439,4.1867,0.433,269,713,0,0,1,0,0,0,0,0
4440,4.2431,0.4907,269,713,0,0,1,0,0,0,0,0
4441,4.1528,0.5328,269,713,0,0,1,0,0,0,0,0
4442,4.1656,0.707,269,713,0,0,1,0,0,0,0,0
4443,4.1777,0.5002,268,713,0,0,1,0,0,0,0,0
4444,4.1228,0.3549,268,713,0,0,1,0,0,0,0,0
4445,4.2065,0.4765,266,713,0,0,1,0,0,0,0,0
4446,4.1285,0.5961,266,713,0,0,1,0,0,0,0,0
4447,4.2083,0.669,259,713,0,0,1,0,0,0,0,0
4448,4.4578,0.5441,259,713,0,0,1,0,0,0,0,0
4449,3.8205,0.466,259,713,0,0,1,0,0,0,0,0
4450,4.1793,0.4041,259,713,0,0,1,0,0,0,0,0
4451,4.1236,0.3549,259,713,0,0,1,0,0,0,0,0
4452,4.253,0.5129,259,713,0,0,1,0,0,0,0,0
4453,4.1611,0.4515,259,713,0,0,1,0,0,0,0,0
4454,4.1355,0.7305,258,713,0,0,1,0,0,0,0,0
4455,4.2129,0.4211,258,713,0,0,1,0,0,0,0,0
4456,4.1826,0.5972,257,713,0,0,1,0,0,0,0,0
4457,4.1395,0.4683,256,713,0,0,1,0,0,0,0,0
4458,4.154,0.4687,256,713,0,0,1,0,0,0,0,0
4459,4.1973,0.6174,256,713,0,0,1,0,0,0,0,0
4460,4.2123,0.374,256,713,0,0,1,0,0,0,0,0
4461,4.0755,0.3527,256,713,0,0,1,0,0,0,0,0
4462,4.1825,0.6219,256,713,0,0,1,0,0,0,0,0
4463,4.1776,0.5474,290,713,0,0,1,3,0.0295,34,5589,0.0046
4464,4.4031,0.6043,288,713,0,0,1,0,0,0,0,0
4465,3.9322,0.6158,288,713,0,0,1,0,0,0,0,0
4466,4.147,0.6798,288,713,0,0,1,0,0,0,0,0
4467,4.2163,0.594,288,713,0,0,1,0,0,0,0,0
4468,4.0539,0.4093,287,713,0,0,1,0,0,0,0,0
4469,4.2436,0.5719,287,713,0,0,1,0,0,0,0,0
4470,4.0974,0.5287,287,713,0,0,1,0,0,0,0,0
4471,4.2626,0.602,287,713,0,0,1,0,0,0,0,0
4472,4.3422,0.4537,287,713,0,0,1,0,0,0,0,0
4473,3.9783,0.3646,287,713,0,0,1,0,0,0,0,0
4474,4.065,0.3656,287,713,0,0,1,0,0,0,0,0
4475,4.236,0.4682,287,713,0,0,1,0,0,0,0,0
4476,4.1648,0.4429,286,713,0,0,1,0,0,0,0,0
4477,4.1638,0.4024,285,713,0,0,1,0,0,0,0,0
4478,4.1338,0.4969,285,713,0,0,1,0,0,0,0,0
4479,4.101,0.4388,285,713,0,0,1,0,0,0,0,0
4480,4.2585,0.5407,285,713,0,0,1,0,0,0,0,0
4481,4.2123,0.4618,285,713,0,0,1,0,0,0,0,0
4482,4.115,0.3574,285,713,0,0,1,0,0,0,0,0
4483,4.4522,0.5884,285,713,0,0,1,0,0,0,0,0
4484,3.8933,0.7079,285,713,0,0,1,0,0,0,0,0
4485,4.1245,0.4009,285,713,0,0,1,0,0,0,0,0
4486,4.2026,0.5641,285,713,0,0,1,0,0,0,0,0
4487,4.1948,0.3732,285,713,0,0,1,0,0,0,0,0
4488,4.185,0.5405,285,713,0,0,1,0,0,0,0,0
4489,4.1457,0.4591,285,713,0,0,1,0,0,0,0,0
4490,4.1347,0.3784,285,713,0,0,1,0,0,0,0,0
4491,4.2201,0.5624,285,713,0,0,1,0,0,0,0,0
4492,4.2243,0.7124,285,713,0,0,1,0,0,0,0,0
4493,4.0587,0.4973,285,713,0,0,1,0,0,0,0,0
4494,4.1225,0.3889,285,713,0,0,1,0,0,0,0,0
4495,4.5024,0.3761,282,713,0,0,1,0,0,0,0,0
4496,3.8852,0.5066,282,713,0,0,1,0,0,0,0,0
4497,4.1544,0.4557,282,713,0,0,1,0,0,0,0,0
4498,4.1649,0.3987,281,713,0,0,1,0,0,0,0,0
4499,4.2175,0.5644,280,713,0,0,1,0,0,0,0,0
4500,4.1164,0.4463,280,713,0,0,1,0,0,0,0,0
4501,4.2742,0.6025,280,713,0,0,1,0,0,0,0,0
4502,4.0417,0.371,280,713,0,0,1,0,0,0,0,0
4503,4.22,0.381,280,713,0,0,1,0,0,0,0,0
4504,4.2209,0.4699,279,713,0,0,1,0,0,0,0,0
4505,4.1819,0.6007,278,713,0,0,1,0,0,0,0,0
4506,4.1205,0.3808,278,713,0,0,1,0,0,0,0,0
4507,4.1522,0.4094,277,713,0,0,1,0,0,0,0,0
4508,4.1659,0.4625,277,713,0,0,1,0,0,0,0,0
4509,4.1001,0.3831,276,713,0,0,1,0,0,0,0,0
4510,4.183,0.6657,276,713,0,0,1,0,0,0,0,0
4511,4.2951,0.5999,276,713,0,0,1,0,0,0,0,0
4512,4.1662,0.5057,276,713,0,0,1,0,0,0,0,0
4513,4.1096,0.4695,276,713,0,0,1,0,0,0,0,0
4514,4.1017,0.3761,276,713,0,0,1,0,0,0,0,0
4515,4.2019,0.4553,276,713,0,0,1,0,0,0,0,0
4516,4.1862,0.5428,276,713,0,0,1,0,0,0,0,0
4517,4.162,0.3911,276,713,0,0,1,0,0,0,0,0
4518,4.0773,0.3719,276,713,0,0,1,0,0,0,0,0
4519,4.223,0.7332,276,713,0,0,1,0,0,0,0,0
4520,4.433,0.5263,276,713,0,0,1,0,0,0,0,0
4521,3.9141,0.3758,276,713,0,0,1,0,0,0,0,0
4522,4.2366,0.3781,276,713,0,0,1,0,0,0,0,0
4523,4.1815,0.7193,275,713,0,0,1,0,0,0,0,0
4524,4.0825,0.6672,268,713,0,0,1,0,0,0,0,0
4525,4.2219,0.5784,268,713,0,0,1,0,0,0,0,0
4526,4.1127,0.3634,268,713,0,0,1,0,0,0,0,0
4527,4.2068,0.4936,267,713,0,0,1,0,0,0,0,0
4528,4.1587,0.453,267,713,0,0,1,0,0,0,0,0
4529,4.153,0.5632,267,713,0,0,1,0,0,0,0,0
4530,4.1296,0.7133,267,713,0,0,1,0,0,0,0,0
4531,4.2266,0.7131,266,713,0,0,1,0,0,0,0,0
4532,4.1558,0.6036,266,713,0,0,1,0,0,0,0,0
4533,4.0996,0.3631,266,713,0,0,1,0,0,0,0,0
4534,4.1455,0.6449,266,713,0,0,1,0,0,0,0,0
4535,4.3188,0.3887,266,713,0,0,1,0,0,0,0,0
4536,4.2538,0.3829,265,713,0,0,1,0,0,0,0,0
4537,4.0116,0.8453,265,713,0,0,1,0,0,0,0,0
4538,4.1372,0.4253,265,713,0,0,1,0,0,0,0,0
4539,4.2064,0.5014,309,713,0,0,1,10,0.0456,46,10671,0.0077
4540,4.1189,0.4005,307,713,0,0,1,0,0,0,0,0
4541,4.2187,0.5443,306,713,0,0,1,0,0,0,0,0
4542,4.07,0.4725,306,713,0,0,1,0,0,0,0,0
4543,4.2196,0.6123,305,713,0,0,1,0,0,0,0,0
4544,4.205,0.456,305,713,0,0,1,0,0,0,0,0
4545,4.0932,0.3704,305,713,0,0,1,0,0,0,0,0
4546,4.144,0.3794,304,713,0,0,1,0,0,0,0,0
4547,4.4661,0.4838,304,713,0,0,1,0,0,0,0,0
4548,4.1908,0.7049,304,713,0,0,1,0,0,0,0,0
4549,4.0165,0.6379,304,713,0,0,1,0,0,0,0,0
4550,4.0757,0.5828,302,713,0,0,1,0,0,0,0,0
4551,4.2218,0.447,301,713,0,0,1,0,0,0,0,0
4552,4.1316,0.6306,301,713,0,0,1,0,0,0,0,0
4553,4.1603,0.5578,300,713,0,0,1,0,0,0,0,0
4554,4.1011,0.3679,300,713,0,0,1,0,0,0,0,0
4555,4.2345,0.6705,300,713,0,0,1,0,0,0,0,0
4556,4.1143,0.5239,299,713,0,0,1,0,0,0,0,0
4557,4.1388,0.4462,299,713,0,0,1,0,0,0,0,0
4558,4.1611,0.5835,297,713,0,0,1,0,0,0,0,0
4559,4.3328,0.6747,296,713,0,0,1,0,0,0,0,0
4560,4.1706,0.5675,296,713,0,0,1,0,0,0,0,0
4561,4.1295,0.6004,295,713,0,0,1,0,0,0,0,0
4562,4.0767,0.4409,295,713,0,0,1,0,0,0,0,0
4563,4.1834,0.4229,295,713,0,0,1,0,0,0,0,0
4564,4.2042,0.5363,295,713,0,0,1,0,0,0,0,0
4565,4.2145,0.5616,295,713,0,0,1,0,0,0,0,0
4566,4.0939,0.4936,295,713,0,0,1,0,0,0,0,0
4567,4.1828,0.7004,295,713,0,0,1,0,0,0,0,0
4568,4.1454,0.599,295,713,0,0,1,0,0,0,0,0
4569,4.1773,0.3972,295,713,0,0,1,0,0,0,0,0
4570,4.1744,0.6807,295,713,0,0,1,0,0,0,0,0
4571,4.169,0.6166,295,713,0,0,1,0,0,0,0,0
4572,4.1167,0.3918,293,713,0,0,1,0,0,0,0,0
4573,4.4364,0.3725,293,713,0,0,1,0,0,0,0,0
4574,3.9581,0.7068,292,713,0,0,1,0,0,0,0,0
4575,4.0951,0.689,290,713,0,0,1,0,0,0,0,0
4576,4.202,0.6532,290,713,0,0,1,0,0,0,0,0
4577,4.1946,0.5012,289,713,0,0,1,0,0,0,0,0
4578,4.1002,0.5183,289,713,0,0,1,0,0,0,0,0
4579,4.2601,0.6766,289,713,0,0,1,0,0,0,0,0
4580,4.2358,0.6306,289,713,0,0,1,0,0,0,0,0
4581,4.0174,0.3672,289,713,0,0,1,0,0,0,0,0
4582,4.1557,0.5189,289,713,0,0,1,0,0,0,0,0
4583,4.1702,0.6284,289,713,0,0,1,0,0,0,0,0
4584,4.2413,0.4585,289,713,0,0,1,0,0,0,0,0
4585,4.0713,0.46,288,713,0,0,1,0,0,0,0,0
4586,4.2541,0.5527,288,713,0,0,1,0,0,0,0,0
4587,4.1333,0.4867,288,713,0,0,1,0,0,0,0,0
4588,4.1599,0.4302,288,713,0,0,1,0,0,0,0,0
4589,4.2102,0.4233,288,713,0,0,1,0,0,0,0,0
4590,4.1017,0.5292,288,713,0,0,1,0,0,0,0,0
4591,4.3126,0.9035,288,713,0,0,1,0,0,0,0,0
4592,4.0609,0.646,288,713,0,0,1,0,0,0,0,0
4593,4.1526,0.3786,288,713,0,0,1,0,0,0,0,0
4594,4.126,0.5231,288,713,0,0,1,0,0,0,0,0
4595,4.5391,0.5402,288,713,0,0,1,0,0,0,0,0
4596,3.9537,0.5176,287,713,0,0,1,0,0,0,0,0
4597,4.0622,0.6326,286,713,0,0,1,0,0,0,0,0
4598,4.2132,0.5948,286,713,0,0,1,0,0,0,0,0
4599,4.2051,0.5935,284,713,0,0,1,0,0,0,0,0
4600,4.0947,0.4622,284,713,0,0,1,0,0,0,0,0
4601,4.1967,0.4851,277,713,0,0,1,0,0,0,0,0
4602,4.0747,0.4942,275,713,0,0,1,0,0,0,0,0
4603,4.2953,0.7068,275,713,0,0,1,0,0,0,0,0
4604,4.0553,0.6825,275,713,0,0,1,0,0,0,0,0
4605,4.1801,0.3653,275,713,0,0,1,0,0,0,0,0
4606,4.1692,0.4196,275,713,0,0,1,0,0,0,0,0
4607,4.2107,0.5954,275,713,0,0,1,0,0,0,0,0
4608,4.3917,0.4329,275,713,0,0,1,0,0,0,0,0
4609,3.918,0.3955,275,713,0,0,1,0,0,0,0,0
4610,4.1476,0.6154,274,713,0,0,1,0,0,0,0,0
4611,4.3515,0.5735,273,713,0,0,1,0,0,0,0,0
4612,3.9787,0.4221,273,713,0,0,1,0,0,0,0,0
4613,4.2026,0.3763,272,713,0,0,1,0,0,0,0,0
4614,4.1189,0.4482,271,713,0,0,1,0,0,0,0,0
4615,4.2482,0.4579,271,713,0,0,1,0,0,0,0,0
4616,4.1225,0.4147,304,713,0,0,1,0,0,34,5649,0.0045
4617,4.176,0.381,304,713,0,0,1,0,0,0,0,0
4618,4.22,0.6813,303,713,0,0,1,0,0,0,0,0
4619,4.2293,0.7248,303,713,0,0,1,0,0,0,0,0
4620,4.48,0.5027,302,713,0,0,1,0,0,0,0,0
4621,4.1007,0.6637,302,713,0,0,1,0,0,0,0,0
4622,3.7557,0.3804,302,713,0,0,1,0,0,0,0,0
4623,4.1624,0.4627,302,713,0,0,1,0,0,0,0,0
4624,4.3006,0.6674,302,713,0,0,1,0,0,0,0,0
4625,4.0596,0.441,301,713,0,0,1,0,0,0,0,0
4626,4.1388,0.5258,301,713,0,0,1,0,0,0,0,0
4627,4.4852,0.6067,300,713,0,0,1,0,0,0,0,0
4628,3.8625,0.4614,300,713,0,0,1,0,0,0,0,0
4629,4.1718,0.4404,299,713,0,0,1,0,0,0,0,0
4630,4.1501,0.3995,299,713,0,0,1,0,0,0,0,0
4631,4.2937,0.7675,299,713,0,0,1,0,0,0,0,0
4632,4.0841,0.4986,299,713,0,0,1,0,0,0,0,0
4633,4.2045,0.5377,299,713,0,0,1,0,0,0,0,0
4634,4.0947,0.4059,299,713,0,0,1,0,0,0,0,0
4635,4.2467,0.634,299,713,0,0,1,0,0,0,0,0
4636,4.1619,0.3829,298,713,0,0,1,0,0,0,0,0
4637,4.3842,0.5848,298,713,0,0,1,0,0,0,0,0
4638,3.867,0.4456,298,713,0,0,1,0,0,0,0,0
4639,4.2593,0.4621,298,713,0,0,1,0,0,0,0,0
4640,4.1137,0.5229,297,713,0,0,1,0,0,0,0,0
4641,4.134,0.3812,296,713,0,0,1,0,0,0,0,0
4642,4.1308,0.6084,296,713,0,0,1,0,0,0,0,0
4643,4.2852,0.5841,295,713,0,0,1,0,0,0,0,0
4644,4.3041,0.539,294,713,0,0,1,0,0,0,0,0
4645,4.0071,0.4399,294,713,0,0,1,0,0,0,0,0
4646,4.0998,0.4389,294,713,0,0,1,0,0,0,0,0
4647,4.2271,0.4976,294,713,0,0,1,0,0,0,0,0
4648,4.1992,0.4393,294,713,0,0,1,0,0,0,0,0
4649,4.1395,0.3666,293,713,0,0,1,0,0,0,0,0
4650,4.1116,0.7162,293,713,0,0,1,0,0,0,0,0
4651,4.1701,0.4798,293,713,0,0,1,0,0,0,0,0
4652,4.2014,0.4022,293,713,0,0,1,0,0,0,0,0
4653,4.1419,0.3645,292,713,0,0,1,0,0,0,0,0
4654,4.1347,0.5261,292,713,0,0,1,0,0,0,0,0
4655,4.2316,0.4562,292,713,0,0,1,0,0,0,0,0
4656,4.2798,0.5962,292,713,0,0,1,0,0,0,0,0
4657,4.1102,0.4211,291,713,0,0,1,0,0,0,0,0
4658,4.0548,0.4049,291,713,0,0,1,0,0,0,0,0
4659,4.2888,0.5522,290,713,0,0,1,0,0,0,0,0
4660,4.0683,0.5352,289,713,0,0,1,0,0,0,0,0
4661,4.213,0.6337,289,713,0,0,1,0,0,0,0,0
4662,4.0895,0.4926,288,713,0,0,1,0,0,0,0,0
4663,4.3585,0.5586,287,713,0,0,1,0,0,0,0,0
4664,4.0532,0.5213,287,713,0,0,1,0,0,0,0,0
4665,4.095,0.3762,286,713,0,0,1,0,0,0,0,0
4666,4.1782,0.4381,286,713,0,0,1,0,0,0,0,0
4667,4.2347,0.4539,286,713,0,0,1,0,0,0,0,0
4668,4.0972,0.6823,285,713,0,0,1,0,0,0,0,0
4669,4.187,0.4176,284,713,0,0,1,0,0,0,0,0
4670,4.1575,0.3621,283,713,0,0,1,0,0,0,0,0
4671,4.1493,0.3799,282,713,0,0,1,0,0,0,0,0
4672,4.1831,0.4931,281,713,0,0,1,0,0,0,0,0
4673,4.2386,0.4294,281,713,0,0,1,0,0,0,0,0
4674,4.0589,0.372,281,713,0,0,1,0,0,0,0,0
4675,4.3674,0.6397,281,713,0,0,1,0,0,0,0,0
4676,4.024,0.5759,281,713,0,0,1,0,0,0,0,0
4677,4.1471,0.4101,281,713,0,0,1,0,0,0,0,0
4678,4.1528,0.5088,274,713,0,0,1,0,0,0,0,0
4679,4.2432,0.4772,274,713,0,0,1,0,0,0,0,0
4680,4.1554,0.7639,273,713,0,0,1,0,0,0,0,0
4681,4.2453,0.598,272,713,0,0,1,0,0,0,0,0
4682,4.0444,0.3504,271,713,0,0,1,0,0,0,0,0
4683,4.1839,0.4913,270,713,0,0,1,0,0,0,0,0
4684,4.153,0.6435,270,713,0,0,1,0,0,0,0,0
4685,4.1784,0.4219,270,713,0,0,1,0,0,0,0,0
4686,4.1346,0.3733,269,713,0,0,1,0,0,0,0,0
4687,4.2902,0.5938,269,713,0,0,1,0,0,0,0,0
4688,4.233,0.3942,269,713,0,0,1,0,0,0,0,0
4689,3.977,0.3518,268,713,0,0,1,0,0,0,0,0
4690,4.1639,0.6791,268,713,0,0,1,0,0,0,0,0
4691,4.1774,0.4228,268,713,0,0,1,0,0,0,0,0
4692,4.2434,0.6153,268,713,0,0,1,0,0,0,0,0
4693,4.132,0.5667,313,713,0,0,1,0,0,46,9615,0.0129
4694,4.1108,0.6827,311,713,0,0,1,0,0,0,0,0
4695,4.2067,0.543,311,713,0,0,1,0,0,0,0,0
4696,4.1527,0.4824,311,713,0,0,1,0,0,0,0,0
4697,4.2131,0.433,310,713,0,0,1,0,0,0,0,0
4698,4.1003,0.4307,310,713,0,0,1,0,0,0,0,0
4699,4.2227,0.3918,310,713,0,0,1,0,0,0,0,0
4700,4.1483,0.4892,310,713,0,0,1,0,0,0,0,0
4701,4.1317,0.4245,309,713,0,0,1,0,0,0,0,0
4702,4.1418,0.5767,308,713,0,0,1,0,0,0,0,0
4703,4.2039,0.3799,307,713,0,0,1,0,0,0,0,0
4704,4.4738,0.5833,307,713,0,0,1,0,0,0,0,0
4705,3.8284,0.6428,307,713,0,0,1,0,0,0,0,0
4706,4.2489,0.7183,307,713,0,0,1,0,0,0,0,0
4707,4.1445,0.5164,307,713,0,0,1,0,0,0,0,0
4708,4.1437,0.4012,307,713,0,0,1,0,0,0,0,0
4709,4.298,0.5451,307,713,0,0,1,0,0,0,0,0
4710,4.0639,0.7217,307,713,0,0,1,0,0,0,0,0
4711,4.171,0.7294,307,713,0,0,1,0,0,0,0,0
4712,4.1895,0.614,307,713,0,0,1,0,0,0,0,0
4713,4.1045,0.3865,307,713,0,0,1,0,0,0,0,0
4714,4.1932,0.3697,307,713,0,0,1,0,0,0,0,0
4715,4.2089,0.4454,307,713,0,0,1,0,0,0,0,0
4716,4.1822,0.5211,307,713,0,0,1,0,0,0,0,0
4717,4.1004,0.5049,307,713,0,0,1,0,0,0,0,0
4718,4.2046,0.6537,307,713,0,0,1,0,0,0,0,0
4719,4.1186,0.5487,306,713,0,0,1,0,0,0,0,0
4720,4.1652,0.4562,305,713,0,0,1,0,0,0,0,0
4721,4.1842,0.4937,304,713,0,0,1,0,0,0,0,0
4722,4.1427,0.432,304,713,0,0,1,0,0,0,0,0
4723,4.2494,0.6031,304,713,0,0,1,0,0,0,0,0
4724,4.1425,0.3905,304,713,0,0,1,0,0,0,0,0
4725,4.1243,0.412,303,713,0,0,1,0,0,0,0,0
4726,4.4071,0.6007,302,713,0,0,1,0,0,0,0,0
4727,3.9808,0.5155,302,713,0,0,1,0,0,0,0,0
4728,4.1658,0.433,302,713,0,0,1,0,0,0,0,0
4729,4.4071,0.5802,302,713,0,0,1,0,0,0,0,0
4730,3.8553,0.5244,302,713,0,0,1,0,0,0,0,0
4731,4.2858,0.6344,302,713,0,0,1,0,0,0,0,0
4732,4.0708,0.4281,300,713,0,0,1,0,0,0,0,0
4733,4.2153,0.4424,300,713,0,0,1,0,0,0,0,0
4734,4.094,0.3613,300,713,0,0,1,0,0,0,0,0
4735,4.52,0.6753,300,713,0,0,1,0,0,0,0,0
4736,3.9144,0.496,300,713,0,0,1,0,0,0,0,0
4737,4.0582,0.4219,300,713,0,0,1,0,0,0,0,0
4738,4.1777,0.4437,300,713,0,0,1,0,0,0,0,0
4739,4.2443,0.4514,299,713,0,0,1,0,0,0,0,0
4740,4.1038,0.4696,299,713,0,0,1,0,0,0,0,0
4741,4.1887,0.5744,299,713,0,0,1,0,0,0,0,0
4742,4.1467,0.5674,297,713,0,0,1,0,0,0,0,0
4743,4.5158,0.5828,297,713,0,0,1,0,0,0,0,0
4744,3.8676,0.5041,297,713,0,0,1,0,0,0,0,0
4745,4.164,0.5481,296,713,0,0,1,0,0,0,0,0
4746,4.1142,0.6378,296,713,0,0,1,0,0,0,0,0
4747,4.2275,0.464,296,713,0,0,1,0,0,0,0,0
4748,4.1062,0.4457,295,713,0,0,1,0,0,0,0,0
4749,4.1794,0.3794,295,713,0,0,1,0,0,0,0,0
4750,4.2453,0.6847,295,713,0,0,1,0,0,0,0,0
4751,4.1125,0.5556,295,713,0,0,1,0,0,0,0,0
4752,4.1835,0.6206,294,713,0,0,1,0,0,0,0,0
4753,4.1685,0.4313,294,713,0,0,1,0,0,0,0,0
4754,4.1124,0.5267,287,713,0,0,1,0,0,0,0,0
4755,4.4165,0.457,286,713,0,0,1,0,0,0,0,0
4756,3.982,0.4653,286,713,0,0,1,0,0,0,0,0
4757,4.173,0.4046,286,713,0,0,1,0,0,0,0,0
4758,4.1378,0.7083,286,713,0,0,1,0,0,0,0,0
4759,4.1779,0.7255,286,713,0,0,1,0,0,0,0,0
4760,4.1657,0.4749,286,713,0,0,1,0,0,0,0,0
4761,4.1268,0.3725,286,713,0,0,1,0,0,0,0,0
4762,4.131,0.543,285,713,0,0,1,0,0,0,0,0
4763,4.3133,0.6083,285,713,0,0,1,0,0,0,0,0
4764,4.1174,0.6907,285,713,0,0,1,0,0,0,0,0
4765,4.1219,0.4282,285,713,0,0,1,0,0,0,0,0
4766,4.2095,0.3717,285,713,0,0,1,0,0,0,0,0
4767,4.1281,0.457,285,713,0,0,1,0,0,0,0,0
4768,4.2103,0.5161,284,713,0,0,1,0,0,0,0,0
4769,4.1531,0.5866,283,713,0,0,1,0,0,0,0,0
4770,4.1413,0.3966,317,713,0,0,1,0,0,34,7695,0.0048
4771,4.1576,0.4911,317,713,0,0,1,0,0,0,0,0
4772,4.1412,0.4825,317,713,0,0,1,0,0,0,0,0
4773,4.1881,0.4373,317,713,0,0,1,0,0,0,0,0
4774,4.1281,0.615,317,713,0,0,1,0,0,0,0,0
4775,4.287,0.6341,317,713,0,0,1,0,0,0,0,0
4776,4.0751,0.3894,317,713,0,0,1,0,0,0,0,0
4777,4.1481,0.4568,317,713,0,0,1,0,0,0,0,0
4778,4.1912,0.4965,317,713,0,0,1,0,0,0,0,0
4779,4.1105,0.4186,317,713,0,0,1,0,0,0,0,0
4780,4.2529,0.5333,317,713,0,0,1,0,0,0,0,0
4781,4.1219,0.377,316,713,0,0,1,0,0,0,0,0
4782,4.1408,0.3854,316,713,0,0,1,0,0,0,0,0
4783,4.2374,0.5362,314,713,0,0,1,0,0,0,0,0
4784,4.4183,0.5114,313,713,0,0,1,0,0,0,0,0
4785,3.8922,0.4403,312,713,0,0,1,0,0,0,0,0
4786,4.1629,0.5487,311,713,0,0,1,0,0,0,0,0
4787,4.1559,0.3915,311,713,0,0,1,0,0,0,0,0
4788,4.3065,0.7026,311,713,0,0,1,0,0,0,0,0
4789,4.0254,0.4703,311,713,0,0,1,0,0,0,0,0
4790,4.1814,0.4498,311,713,0,0,1,0,0,0,0,0
4791,4.1739,0.4023,311,713,0,0,1,0,0,0,0,0
4792,4.1376,0.4043,309,713,0,0,1,0,0,0,0,0
4793,4.2154,0.5709,308,713,0,0,1,0,0,0,0,0
4794,4.1585,0.6785,308,713,0,0,1,0,0,0,0,0
4795,4.19,0.6803,307,713,0,0,1,0,0,0,0,0
4796,4.1295,0.413,307,713,0,0,1,0,0,0,0,0
4797,4.1384,0.3653,306,713,0,0,1,0,0,0,0,0
4798,4.1428,0.3706,306,713,0,0,1,0,0,0,0,0
4799,4.2085,0.4638,306,713,0,0,1,0,0,0,0,0
4800,4.1738,0.4734,305,713,0,0,1,0,0,0,0,0
4801,4.1612,0.4185,303,713,0,0,1,0,0,0,0,0
4802,4.1706,0.3699,303,713,0,0,1,0,0,0,0,0
4803,4.1583,0.3945,303,713,0,0,1,0,0,0,0,0
4804,4.1838,0.4862,302,713,0,0,1,0,0,0,0,0
4805,4.704,0.6248,301,713,0,0,1,0,0,0,0,0
4806,3.5931,0.3664,301,713,0,0,1,0,0,0,0,0
4807,4.2393,0.5768,301,713,0,0,1,0,0,0,0,0
4808,4.1681,0.4525,301,713,0,0,1,0,0,0,0,0
4809,4.0978,0.43,300,713,0,0,1,0,0,0,0,0
4810,4.1691,0.4172,298,713,0,0,1,0,0,0,0,0
4811,4.2008,0.3612,298,713,0,0,1,0,0,0,0,0
4812,4.2,0.5506,298,713,0,0,1,0,0,0,0,0
4813,4.2321,0.6242,298,713,0,0,1,0,0,0,0,0
4814,4.0362,0.4566,298,713,0,0,1,0,0,0,0,0
4815,4.1955,0.4075,298,713,0,0,1,0,0,0,0,0
4816,4.1742,0.3963,298,713,0,0,1,0,0,0,0,0
4817,4.1377,0.4004,297,713,0,0,1,0,0,0,0,0
4818,4.1915,0.4611,296,713,0,0,1,0,0,0,0,0
4819,4.2315,0.6253,296,713,0,0,1,0,0,0,0,0
4820,4.076,0.3765,296,713,0,0,1,0,0,0,0,0
4821,4.1419,0.363,295,713,0,0,1,0,0,0,0,0
4822,4.1811,0.6785,294,713,0,0,1,0,0,0,0,0
4823,4.1599,0.5652,294,713,0,0,1,0,0,0,0,0
4824,4.4279,0.3948,294,713,0,0,1,0,0,0,0,0
4825,3.9193,0.5329,294,713,0,0,1,0,0,0,0,0
4826,4.217,0.571,293,713,0,0,1,0,0,0,0,0
4827,4.0827,0.6354,293,713,0,0,1,0,0,0,0,0
4828,4.233,0.5224,292,713,0,0,1,0,0,0,0,0
4829,4.2043,0.3961,292,713,0,0,1,0,0,0,0,0
4830,4.1626,0.5051,292,713,0,0,1,0,0,0,0,0
4831,4.1913,0.7463,285,713,0,0,1,0,0,0,0,0
4832,4.4534,0.5285,285,713,0,0,1,0,0,0,0,0
4833,3.7943,0.3542,285,713,0,0,1,0,0,0,0,0
4834,4.2197,0.533,284,713,0,0,1,0,0,0,0,0
4835,4.1515,0.5121,284,713,0,0,1,0,0,0,0,0
4836,4.2215,0.5854,283,713,0,0,1,0,0,0,0,0
4837,4.1261,0.357,282,713,0,0,1,0,0,0,0,0
4838,4.1937,0.7232,281,713,0,0,1,0,0,0,0,0
4839,4.0985,0.5314,281,713,0,0,1,0,0,0,0,0
4840,4.1421,0.4244,281,713,0,0,1,0,0,0,0,0
4841,4.6179,0.3643,279,713,0,0,1,0,0,0,0,0
4842,3.8123,0.3962,279,713,0,0,1,0,0,0,0,0
4843,4.3072,0.4519,279,713,0,0,1,0,0,0,0,0
4844,4.21,0.6549,279,713,0,0,1,0,0,0,0,0
4845,3.9212,0.3868,278,713,0,0,1,0,0,0,0,0
4846,4.4337,0.5281,277,713,0,0,1,0,0,0,0,0
4847,3.8863,0.6301,322,713,0,0,1,4,0.0336,46,9651,0.0073
4848,4.4874,0.707,322,713,0,0,1,0,0,0,0,0
4849,3.9102,0.5538,322,713,0,0,1,0,0,0,0,0
4850,4.1647,0.6026,322,713,0,0,1,0,0,0,0,0
4851,4.4941,0.5276,322,713,0,0,1,0,0,0,0,0
4852,3.8488,0.729,322,713,0,0,1,0,0,0,0,0
4853,4.1778,0.5344,322,713,0,0,1,0,0,0,0,0
4854,4.0729,0.6157,322,713,0,0,1,0,0,0,0,0
4855,4.1847,0.519,321,713,0,0,1,0,0,0,0,0
4856,4.1599,0.6476,321,713,0,0,1,0,0,0,0,0
4857,4.1568,0.3795,321,713,0,0,1,0,0,0,0,0
4858,4.1842,0.4823,321,713,0,0,1,0,0,0,0,0
4859,4.2127,0.7077,321,713,0,0,1,0,0,0,0,0
4860,4.2519,0.5543,321,713,0,0,1,0,0,0,0,0
4861,4.0552,0.4103,321,713,0,0,1,0,0,0,0,0
4862,4.1239,0.5174,321,713,0,0,1,0,0,0,0,0
4863,4.2843,0.4014,321,713,0,0,1,0,0,0,0,0
4864,4.1101,0.4209,321,713,0,0,1,0,0,0,0,0
4865,4.1268,0.7999,321,713,0,0,1,0,0,0,0,0
4866,4.1785,0.4528,321,713,0,0,1,0,0,0,0,0
4867,4.233,0.6976,320,713,0,0,1,0,0,0,0,0
4868,4.0685,0.5234,319,713,0,0,1,0,0,0,0,0
4869,4.1667,0.3793,319,713,0,0,1,0,0,0,0,0
4870,4.1603,0.6443,319,713,0,0,1,0,0,0,0,0
4871,4.2523,0.5604,319,713,0,0,1,0,0,0,0,0
4872,4.1782,0.5088,318,713,0,0,1,0,0,0,0,0
4873,4.1271,0.4275,318,713,0,0,1,0,0,0,0,0
4874,4.1373,0.5143,317,713,0,0,1,0,0,0,0,0
4875,4.2258,0.6078,317,713,0,0,1,0,0,0,0,0
4876,4.1292,0.4258,317,713,0,0,1,0,0,0,0,0
4877,4.1842,0.5127,315,713,0,0,1,0,0,0,0,0
4878,4.1717,0.9813,315,713,0,0,1,0,0,0,0,0
4879,4.5595,0.6728,313,713,0,0,1,0,0,0,0,0
4880,3.7277,0.534,313,713,0,0,1,0,0,0,0,0
4881,4.2062,0.3943,313,713,0,0,1,0,0,0,0,0
4882,4.2105,0.7035,313,713,0,0,1,0,0,0,0,0
4883,4.1703,0.5705,312,713,0,0,1,0,0,0,0,0
4884,4.2069,0.6516,312,713,0,0,1,0,0,0,0,0
4885,4.0644,0.439,312,713,0,0,1,0,0,0,0,0
4886,4.1681,0.4127,312,713,0,0,1,0,0,0,0,0
4887,4.1574,0.4109,311,713,0,0,1,0,0,0,0,0
4888,4.2266,0.579,311,713,0,0,1,0,0,0,0,0
4889,4.2054,0.729,309,713,0,0,1,0,0,0,0,0
4890,4.3923,0.589,309,713,0,0,1,0,0,0,0,0
4891,4.3838,0.3663,308,713,0,0,1,0,0,0,0,0
4892,3.5818,0.3986,307,713,0,0,1,0,0,0,0,0
4893,4.1826,0.452,306,713,0,0,1,0,0,0,0,0
4894,4.1101,0.6419,306,713,0,0,1,0,0,0,0,0
4895,4.3152,0.7774,305,713,0,0,1,0,0,0,0,0
4896,4.4255,0.5084,304,713,0,0,1,0,0,0,0,0
4897,4.1678,0.4372,302,713,0,0,1,0,0,0,0,0
4898,3.8108,0.4605,302,713,0,0,1,0,0,0,0,0
4899,4.4117,0.6392,302,713,0,0,1,0,0,0,0,0
4900,3.9403,0.4269,302,713,0,0,1,0,0,0,0,0
4901,4.3389,0.6764,302,713,0,0,1,0,0,0,0,0
4902,4.2175,0.6344,300,713,0,0,1,0,0,0,0,0
4903,3.9712,0.7119,300,713,0,0,1,0,0,0,0,0
4904,4.3915,0.878,299,713,0,0,1,0,0,0,0,0
4905,3.8929,0.4104,299,713,0,0,1,0,0,0,0,0
4906,4.1463,0.6785,298,713,0,0,1,0,0,0,0,0
4907,4.1829,0.3794,298,713,0,0,1,0,0,0,0,0
4908,4.2356,0.4658,291,713,0,0,1,0,0,0,0,0
4909,4.1775,0.6076,290,713,0,0,1,0,0,0,0,0
4910,4.081,0.3875,290,713,0,0,1,0,0,0,0,0
4911,4.1867,0.4955,290,713,0,0,1,0,0,0,0,0
4912,4.2005,0.4363,290,713,0,0,1,0,0,0,0,0
4913,4.3318,0.6924,289,713,0,0,1,0,0,0,0,0
4914,3.9339,0.6356,288,713,0,0,1,0,0,0,0,0
4915,4.2464,0.674,288,713,0,0,1,0,0,0,0,0
4916,4.1507,0.3802,288,713,0,0,1,0,0,0,0,0
4917,4.1046,0.4554,288,713,0,0,1,0,0,0,0,0
4918,4.1974,0.6479,288,713,0,0,1,0,0,0,0,0
4919,4.3448,0.5009,288,713,0,0,1,0,0,0,0,0
4920,4.4958,0.5201,288,713,0,0,1,0,0,0,0,0
4921,3.8622,0.6611,288,713,0,0,1,0,0,0,0,0
4922,3.9407,0.619,286,713,0,0,1,0,0,0,0,0
4923,4.495,0.4491,320,713,0,0,1,0,0,34,4920,0.0037
4924,3.8599,0.4041,318,713,0,0,1,0,0,0,0,0
4925,4.1843,0.6043,317,713,0,0,1,0,0,0,0,0
4926,4.1168,0.3945,316,713,0,0,1,0,0,0,0,0
4927,4.5049,0.6982,315,713,0,0,1,0,0,0,0,0
4928,4.1913,0.5934,315,713,0,0,1,0,0,0,0,0
4929,3.8388,0.4481,314,713,0,0,1,0,0,0,0,0
4930,4.1585,0.3995,314,713,0,0,1,0,0,0,0,0
4931,4.2692,0.3742,313,713,0,0,1,0,0,0,0,0
4932,4.3029,0.5836,313,713,0,0,1,0,0,0,0,0
4933,4.3401,0.7134,313,713,0,0,1,0,0,0,0,0
4934,3.7944,0.4702,312,713,0,0,1,0,0,0,0,0
4935,4.603,0.542,311,713,0,0,1,0,0,0,0,0
4936,3.7521,0.3771,311,713,0,0,1,0,0,0,0,0
4937,4.4995,0.5432,311,713,0,0,1,0,0,0,0,0
4938,3.8455,0.3512,311,713,0,0,1,0,0,0,0,0
4939,4.0785,0.432,310,713,0,0,1,0,0,0,0,0
4940,4.2998,0.4453,309,713,0,0,1,0,0,0,0,0
4941,4.0436,0.3653,309,713,0,0,1,0,0,0,0,0
4942,4.117,0.3302,309,713,0,0,1,0,0,0,0,0
4943,4.3325,0.3816,309,713,0,0,1,0,0,0,0,0
4944,4.0256,0.4054,308,713,0,0,1,0,0,0,0,0
4945,4.2102,0.5835,308,713,0,0,1,0,0,0,0,0
4946,4.2306,0.5607,308,713,0,0,1,0,0,0,0,0
4947,4.101,0.4303,308,713,0,0,1,0,0,0,0,0
4948,4.1222,0.3332,308,713,0,0,1,0,0,0,0,0
4949,4.1798,0.5294,308,713,0,0,1,0,0,0,0,0
4950,4.2094,0.4651,308,713,0,0,1,0,0,0,0,0
4951,4.1684,0.5747,308,713,0,0,1,0,0,0,0,0
4952,4.2861,0.5087,308,713,0,0,1,0,0,0,0,0
4953,4.0696,0.4218,308,713,0,0,1,0,0,0,0,0
4954,4.1868,0.529,308,713,0,0,1,0,0,0,0,0
4955,4.1037,0.3765,308,713,0,0,1,0,0,0,0,0
4956,4.2924,0.6742,307,713,0,0,1,0,0,0,0,0
4957,4.0829,0.7118,305,713,0,0,1,0,0,0,0,0
4958,4.216,0.6903,304,713,0,0,1,0,0,0,0,0
4959,4.115,0.4012,304,713,0,0,1,0,0,0,0,0
4960,4.2211,0.5693,303,713,0,0,1,0,0,0,0,0
4961,4.1721,0.5257,302,713,0,0,1,0,0,0,0,0
4962,4.0766,0.4089,300,713,0,0,1,0,0,0,0,0
4963,4.2436,0.7213,300,713,0,0,1,0,0,0,0,0
4964,4.1317,0.3764,300,713,0,0,1,0,0,0,0,0
4965,4.1663,0.3803,300,713,0,0,1,0,0,0,0,0
4966,4.1393,0.4719,300,713,0,0,1,0,0,0,0,0
4967,4.2395,0.5253,298,713,0,0,1,0,0,0,0,0
4968,4.2603,0.4762,298,713,0,0,1,0,0,0,0,0
4969,4.1054,0.8259,297,713,0,0,1,0,0,0,0,0
4970,4.2093,0.6495,296,713,0,0,1,0,0,0,0,0
4971,4.0949,0.5701,295,713,0,0,1,0,0,0,0,0
4972,4.1278,0.517,295,713,0,0,1,0,0,0,0,0
4973,4.5917,0.3837,295,713,0,0,1,0,0,0,0,0
4974,3.7201,0.6142,295,713,0,0,1,0,0,0,0,0
4975,4.3188,0.7716,295,713,0,0,1,0,0,0,0,0
4976,4.0929,0.6787,295,713,0,0,1,0,0,0,0,0
4977,4.0742,0.3858,294,713,0,0,1,0,0,0,0,0
4978,4.4784,0.5832,294,713,0,0,1,0,0,0,0,0
4979,3.9577,0.4461,294,713,0,0,1,0,0,0,0,0
4980,4.2151,0.8837,294,713,0,0,1,0,0,0,0,0
4981,4.1705,0.7653,294,713,0,0,1,0,0,0,0,0
4982,4.0712,0.6858,293,713,0,0,1,0,0,0,0,0
4983,4.2515,0.6074,293,713,0,0,1,0,0,0,0,0
4984,4.0592,0.4431,293,713,0,0,1,0,0,0,0,0
4985,4.1824,0.5386,285,713,0,0,1,0,0,0,0,0
4986,4.1467,0.4828,285,713,0,0,1,0,0,0,0,0
4987,4.2278,0.4883,285,713,0,0,1,0,0,0,0,0
4988,4.0715,0.5281,285,713,0,0,1,0,0,0,0,0
4989,4.1702,0.4335,285,713,0,0,1,0,0,0,0,0
4990,4.3808,0.7196,285,713,0,0,1,0,0,0,0,0
4991,4.0553,0.4589,285,713,0,0,1,0,0,0,0,0
4992,4.5338,0.3617,285,713,0,0,1,0,0,0,0,0
4993,3.7973,0.5532,285,713,0,0,1,0,0,0,0,0
4994,4.1087,0.4721,284,713,0,0,1,0,0,0,0,0
4995,4.2059,0.6046,284,713,0,0,1,0,0,0,0,0
4996,4.1423,0.3987,283,713,0,0,1,0,0,0,0,0
4997,4.1624,0.4251,282,713,0,0,1,0,0,0,0,0
4998,4.071,0.435,282,713,0,0,1,0,0,0,0,0
4999,4.2964,0.5389,279,713,0,0,1,0,0,0,0,0
5000,4.1648,0.4302,324,713,0,0,1,0,0,46,9078,0.0088
5001,4.0907,0.3807,324,713,0,0,1,0,0,0,0,0
5002,4.318,0.6885,324,713,0,0,1,0,0,0,0,0
5003,4.0973,0.5731,323,713,0,0,1,0,0,0,0,0
5004,4.1111,0.4815,323,713,0,0,1,0,0,0,0,0
5005,4.2136,0.485,323,713,0,0,1,0,0,0,0,0
5006,4.1286,0.5285,323,713,0,0,1,0,0,0,0,0
5007,4.363,0.3072,321,713,0,0,1,0,0,0,0,0
5008,4.0143,0.3811,321,713,0,0,1,0,0,0,0,0
5009,4.1575,0.5581,321,713,0,0,1,0,0,0,0,0
5010,4.4081,0.3769,321,713,0,0,1,0,0,0,0,0
5011,4.2722,0.3516,320,713,0,0,1,0,0,0,0,0
5012,3.7533,0.3377,320,713,0,0,1,0,0,0,0,0
5013,4.1901,0.3349,318,713,0,0,1,0,0,0,0,0
5014,4.2341,0.4689,317,713,0,0,1,0,0,0,0,0
5015,4.1571,0.4603,317,713,0,0,1,0,0,0,0,0
5016,4.2079,0.4877,316,713,0,0,1,0,0,0,0,0
5017,4.1465,0.6431,315,713,0,0,1,0,0,0,0,0
5018,4.0936,0.4635,315,713,0,0,1,0,0,0,0,0
5019,4.1391,0.4737,314,713,0,0,1,0,0,0,0,0
5020,4.2344,0.3744,314,713,0,0,1,0,0,0,0,0
5021,4.3632,0.6163,313,713,0,0,1,0,0,0,0,0
5022,3.9573,0.6064,313,713,0,0,1,0,0,0,0,0
5023,4.1794,0.5297,312,713,0,0,1,0,0,0,0,0
5024,4.1989,0.4765,312,713,0,0,1,0,0,0,0,0
5025,4.0656,0.3672,311,713,0,0,1,0,0,0,0,0
5026,4.2266,0.6087,310,713,0,0,1,0,0,0,0,0
5027,4.3002,0.6257,308,713,0,0,1,0,0,0,0,0
5028,4.3429,0.4828,308,713,0,0,1,0,0,0,0,0
5029,3.857,0.5191,307,713,0,0,1,0,0,0,0,0
5030,4.1152,0.3858,307,713,0,0,1,0,0,0,0,0
5031,4.2163,0.4021,307,713,0,0,1,0,0,0,0,0
5032,4.1615,0.3945,306,713,0,0,1,0,0,0,0,0
5033,4.4134,0.5917,306,713,0,0,1,0,0,0,0,0
5034,3.9337,0.5438,305,713,0,0,1,0,0,0,0,0
5035,4.2434,0.6702,305,713,0,0,1,0,0,0,0,0
5036,4.388,0.4461,305,713,0,0,1,0,0,0,0,0
5037,3.8353,0.3885,305,713,0,0,1,0,0,0,0,0
5038,4.1241,0.6671,303,713,0,0,1,0,0,0,0,0
5039,4.2303,0.4937,303,713,0,0,1,0,0,0,0,0
5040,4.2817,0.5144,303,713,0,0,1,0,0,0,0,0
5041,4.0861,0.417,303,713,0,0,1,0,0,0,0,0
5042,4.1312,0.3838,303,713,0,0,1,0,0,0,0,0
5043,4.1944,0.5168,302,713,0,0,1,0,0,0,0,0
5044,4.1215,0.5887,302,713,0,0,1,0,0,0,0,0
5045,4.4274,0.6651,302,713,0,0,1,0,0,0,0,0
5046,3.9225,0.6328,302,713,0,0,1,0,0,0,0,0
5047,4.1489,0.3856,302,713,0,0,1,0,0,0,0,0
5048,4.1268,0.4577,302,713,0,0,1,0,0,0,0,0
5049,4.2019,0.4386,302,713,0,0,1,0,0,0,0,0
5050,4.2171,0.4919,302,713,0,0,1,0,0,0,0,0
5051,4.3242,0.3984,301,713,0,0,1,0,0,0,0,0
5052,4.2367,0.5782,301,713,0,0,1,0,0,0,0,0
5053,3.9031,0.5233,301,713,0,0,1,0,0,0,0,0
5054,4.1674,0.4341,300,713,0,0,1,0,0,0,0,0
5055,4.1796,0.4085,299,713,0,0,1,0,0,0,0,0
5056,4.1507,0.3892,299,713,0,0,1,0,0,0,0,0
5057,4.3847,0.6837,299,713,0,0,1,0,0,0,0,0
5058,3.9528,0.4774,299,713,0,0,1,0,0,0,0,0
5059,4.3567,0.4134,298,713,0,0,1,0,0,0,0,0
5060,3.9761,0.6061,298,713,0,0,1,0,0,0,0,0
5061,4.1409,0.3724,297,713,0,0,1,0,0,0,0,0
5062,4.1924,0.5981,290,713,0,0,1,0,0,0,0,0
5063,4.2114,0.4612,290,713,0,0,1,0,0,0,0,0
5064,4.2615,0.4012,290,713,0,0,1,0,0,0,0,0
5065,4.0043,0.4003,290,713,0,0,1,0,0,0,0,0
5066,4.2156,0.6795,290,713,0,0,1,0,0,0,0,0
5067,4.1358,0.4794,290,713,0,0,1,0,0,0,0,0
5068,4.2191,0.5454,290,713,0,0,1,0,0,0,0,0
5069,4.1777,0.3907,290,713,0,0,1,0,0,0,0,0
5070,4.0917,0.4827,289,713,0,0,1,0,0,0,0,0
5071,4.3068,0.6153,289,713,0,0,1,0,0,0,0,0
5072,4.1307,0.482,289,713,0,0,1,0,0,0,0,0
5073,4.0824,0.3674,289,713,0,0,1,0,0,0,0,0
5074,4.1432,0.5686,289,713,0,0,1,0,0,0,0,0
5075,4.1989,0.5058,286,713,0,0,1,0,0,0,0,0
5076,4.2172,0.8123,286,713,0,0,1,0,0,0,0,0
5077,4.1652,0.6275,320,713,0,0,1,2,0.0278,34,5529,0.004
5078,4.1073,0.3816,320,713,0,0,1,0,0,0,0,0
5079,4.2103,0.4979,320,713,0,0,1,0,0,0,0,0
5080,4.1999,1.0751,318,713,0,0,1,0,0,0,0,0
5081,4.4233,0.3543,317,713,0,0,1,0,0,0,0,0
5082,3.8965,0.3589,316,713,0,0,1,0,0,0,0,0
5083,4.3979,0.3284,315,713,0,0,1,0,0,0,0,0
5084,3.887,0.2888,315,713,0,0,1,0,0,0,0,0
5085,4.1503,0.3684,313,713,0,0,1,0,0,0,0,0
5086,4.1263,0.5294,313,713,0,0,1,0,0,0,0,0
5087,4.2582,0.509,313,713,0,0,1,0,0,0,0,0
5088,4.3199,0.3724,313,713,0,0,1,0,0,0,0,0
5089,4.0294,0.5739,313,713,0,0,1,0,0,0,0,0
5090,4.2633,0.6448,313,713,0,0,1,0,0,0,0,0
5091,4.1711,0.534,313,713,0,0,1,0,0,0,0,0
5092,4.0092,0.5528,313,713,0,0,1,0,0,0,0,0
5093,4.2093,0.4471,313,713,0,0,1,0,0,0,0,0
5094,4.0797,0.5562,312,713,0,0,1,0,0,0,0,0
5095,4.1925,0.3863,312,713,0,0,1,0,0,0,0,0
5096,4.2784,0.7314,312,713,0,0,1,0,0,0,0,0
5097,4.0482,0.4595,312,713,0,0,1,0,0,0,0,0
5098,4.1992,0.4514,312,713,0,0,1,0,0,0,0,0
5099,4.2026,0.4318,311,713,0,0,1,0,0,0,0,0
5100,4.1754,0.4254,310,713,0,0,1,0,0,0,0,0
5101,4.1181,0.4522,310,713,0,0,1,0,0,0,0,0
5102,4.2297,0.7041,310,713,0,0,1,0,0,0,0,0
5103,4.1234,0.4632,310,713,0,0,1,0,0,0,0,0
5104,4.1465,0.4306,310,713,0,0,1,0,0,0,0,0
5105,4.2185,0.4274,310,713,0,0,1,0,0,0,0,0
5106,4.1251,0.4321,310,713,0,0,1,0,0,0,0,0
5107,4.2439,0.4926,310,713,0,0,1,0,0,0,0,0
5108,4.0376,0.662,310,713,0,0,1,0,0,0,0,0
5109,4.1646,0.3746,307,713,0,0,1,0,0,0,0,0
5110,4.1568,0.3949,307,713,0,0,1,0,0,0,0,0
5111,4.2421,0.5596,306,713,0,0,1,0,0,0,0,0
5112,4.1549,0.477,306,713,0,0,1,0,0,0,0,0
5113,4.1846,0.6348,306,713,0,0,1,0,0,0,0,0
5114,4.2629,0.4119,306,713,0,0,1,0,0,0,0,0
5115,4.1595,0.6302,306,713,0,0,1,0,0,0,0,0
5116,4.0384,0.4607,305,713,0,0,1,0,0,0,0,0
5117,4.2197,0.5276,303,713,0,0,1,0,0,0,0,0
5118,4.1585,0.6734,303,713,0,0,1,0,0,0,0,0
5119,4.428,0.6845,301,713,0,0,1,0,0,0,0,0
5120,3.862,0.3909,300,713,0,0,1,0,0,0,0,0
5121,4.2138,0.3765,300,713,0,0,1,0,0,0,0,0
5122,4.1234,0.498,299,713,0,0,1,0,0,0,0,0
5123,4.2195,0.6542,298,713,0,0,1,0,0,0,0,0
5124,4.1892,0.4926,298,713,0,0,1,0,0,0,0,0
5125,4.0946,0.4118,298,713,0,0,1,0,0,0,0,0
5126,4.1311,0.4747,298,713,0,0,1,0,0,0,0,0
5127,4.544,0.6072,296,713,0,0,1,0,0,0,0,0
5128,3.8325,0.5205,295,713,0,0,1,0,0,0,0,0
5129,4.2213,0.439,295,713,0,0,1,0,0,0,0,0
5130,4.0597,0.3839,295,713,0,0,1,0,0,0,0,0
5131,4.5343,0.4264,295,713,0,0,1,0,0,0,0,0
5132,3.8359,0.675,295,713,0,0,1,0,0,0,0,0
5133,4.1757,0.4132,293,713,0,0,1,0,0,0,0,0
5134,4.3076,0.636,293,713,0,0,1,0,0,0,0,0
5135,4.0874,0.45,293,713,0,0,1,0,0,0,0,0
5136,4.0895,0.4955,292,713,0,0,1,0,0,0,0,0
5137,4.253,0.4763,292,713,0,0,1,0,0,0,0,0
5138,4.0929,0.6094,285,713,0,0,1,0,0,0,0,0
5139,4.2226,0.3659,285,713,0,0,1,0,0,0,0,0
5140,4.1498,0.4627,285,713,0,0,1,0,0,0,0,0
5141,4.1466,0.4622,285,713,0,0,1,0,0,0,0,0
5142,4.2116,0.4282,285,713,0,0,1,0,0,0,0,0
5143,4.2479,0.4773,285,713,0,0,1,0,0,0,0,0
5144,4.0757,0.6119,284,713,0,0,1,0,0,0,0,0
5145,4.0932,0.4486,284,713,0,0,1,0,0,0,0,0
5146,4.1616,0.638,284,713,0,0,1,0,0,0,0,0
5147,4.2133,0.4302,283,713,0,0,1,0,0,0,0,0
5148,4.1973,0.5197,283,713,0,0,1,0,0,0,0,0
5149,4.1366,0.4843,283,713,0,0,1,0,0,0,0,0
5150,4.1542,0.3968,283,713,0,0,1,0,0,0,0,0
5151,4.2069,0.4132,282,713,0,0,1,0,0,0,0,0
5152,4.1345,0.5144,281,713,0,0,1,0,0,0,0,0
5153,4.2712,0.6058,281,713,0,0,1,0,0,0,0,0
5154,4.0893,0.7532,327,713,0,0,1,0,0,46,9216,0.0113
5155,4.7228,0.3933,326,713,0,0,1,0,0,0,0,0
5156,3.5725,0.3853,326,713,0,0,1,0,0,0,0,0
5157,4.1392,0.3854,326,713,0,0,1,0,0,0,0,0
5158,4.1539,0.6599,324,713,0,0,1,0,0,0,0,0
5159,4.2787,0.4745,323,713,0,0,1,0,0,0,0,0
5160,4.0799,0.4408,322,713,0,0,1,0,0,0,0,0
5161,4.2388,0.4476,321,713,0,0,1,0,0,0,0,0
5162,4.0976,0.3919,320,713,0,0,1,0,0,0,0,0
5163,4.253,0.4291,320,713,0,0,1,0,0,0,0,0
5164,4.1044,0.4496,320,713,0,0,1,0,0,0,0,0
5165,4.2444,0.6546,320,713,0,0,1,0,0,0,0,0
5166,4.1066,0.5142,319,713,0,0,1,0,0,0,0,0
5167,4.2112,0.4563,319,713,0,0,1,0,0,0,0,0
5168,4.1432,0.6033,319,713,0,0,1,0,0,0,0,0
5169,4.1225,0.3927,318,713,0,0,1,0,0,0,0,0
5170,4.2198,0.525,317,713,0,0,1,0,0,0,0,0
5171,4.1708,0.4759,317,713,0,0,1,0,0,0,0,0
5172,4.1716,0.5254,317,713,0,0,1,0,0,0,0,0
5173,4.1191,0.4099,315,713,0,0,1,0,0,0,0,0
5174,4.138,0.3897,315,713,0,0,1,0,0,0,0,0
5175,4.1995,0.423,315,713,0,0,1,0,0,0,0,0
5176,4.1493,0.5022,315,713,0,0,1,0,0,0,0,0
5177,4.2172,0.7572,313,713,0,0,1,0,0,0,0,0
5178,4.1487,0.4322,313,713,0,0,1,0,0,0,0,0
5179,4.615,0.44,313,713,0,0,1,0,0,0,0,0
5180,3.7203,0.397,312,713,0,0,1,0,0,0,0,0
5181,4.1688,0.4182,312,713,0,0,1,0,0,0,0,0
5182,4.1688,0.7036,312,713,0,0,1,0,0,0,0,0
5183,4.186,0.4512,312,713,0,0,1,0,0,0,0,0
5184,4.1613,0.4141,312,713,0,0,1,0,0,0,0,0
5185,4.2757,0.6775,312,713,0,0,1,0,0,0,0,0
5186,3.9966,0.4053,312,713,0,0,1,0,0,0,0,0
5187,4.1998,0.494,312,713,0,0,1,0,0,0,0,0
5188,4.1704,0.5417,311,713,0,0,1,0,0,0,0,0
5189,4.2064,0.5875,311,713,0,0,1,0,0,0,0,0
5190,4.0575,0.404,310,713,0,0,1,0,0,0,0,0
5191,4.2531,0.4421,310,713,0,0,1,0,0,0,0,0
5192,4.1869,0.4973,310,713,0,0,1,0,0,0,0,0
5193,4.1063,0.4628,309,713,0,0,1,0,0,0,0,0
5194,4.144,0.6253,309,713,0,0,1,0,0,0,0,0
5195,4.2515,0.3949,308,713,0,0,1,0,0,0,0,0
5196,4.3714,0.6458,308,713,0,0,1,0,0,0,0,0
5197,4.0103,0.63,308,713,0,0,1,0,0,0,0,0
5198,4.1061,0.5982,307,713,0,0,1,0,0,0,0,0
5199,4.3986,0.4393,307,713,0,0,1,0,0,0,0,0
5200,3.8878,0.6622,307,713,0,0,1,0,0,0,0,0
5201,4.2132,0.5636,306,713,0,0,1,0,0,0,0,0
5202,4.0766,0.3961,306,713,0,0,1,0,0,0,0,0
5203,4.5654,0.5351,305,713,0,0,1,0,0,0,0,0
5204,3.8083,0.4215,305,713,0,0,1,0,0,0,0,0
5205,4.1705,0.3679,305,713,0,0,1,0,0,0,0,0
5206,4.1415,0.3738,305,713,0,0,1,0,0,0,0,0
5207,4.2214,0.4793,305,713,0,0,1,0,0,0,0,0
5208,4.2088,0.5345,305,713,0,0,1,0,0,0,0,0
5209,4.1607,0.5822,305,713,0,0,1,0,0,0,0,0
5210,4.1237,0.3706,305,713,0,0,1,0,0,0,0,0
5211,4.1895,0.4307,304,713,0,0,1,0,0,0,0,0
5212,4.1232,0.4907,304,713,0,0,1,0,0,0,0,0
5213,4.518,0.7548,304,713,0,0,1,0,0,0,0,0
5214,3.8504,0.4256,304,713,0,0,1,0,0,0,0,0
5215,4.1149,0.3626,297,713,0,0,1,0,0,0,0,0
5216,4.1966,0.4569,297,713,0,0,1,0,0,0,0,0
5217,4.1682,0.4505,296,713,0,0,1,0,0,0,0,0
5218,4.209,0.5227,295,713,0,0,1,0,0,0,0,0
5219,4.111,0.4042,295,713,0,0,1,0,0,0,0,0
5220,4.2407,0.5105,295,713,0,0,1,0,0,0,0,0
5221,4.0612,0.563,293,713,0,0,1,0,0,0,0,0
5222,4.1898,0.4748,293,713,0,0,1,0,0,0,0,0
5223,4.2275,0.51,293,713,0,0,1,0,0,0,0,0
5224,4.1239,0.4233,293,713,0,0,1,0,0,0,0,0
5225,4.2091,0.4231,293,713,0,0,1,0,0,0,0,0
5226,4.095,0.9842,292,713,0,0,1,0,0,0,0,0
5227,4.5069,0.4158,291,713,0,0,1,0,0,0,0,0
5228,3.987,0.3817,291,713,0,0,1,0,0,0,0,0
5229,4.024,0.4102,290,713,0,0,1,0,0,0,0,0
5230,4.4751,0.5233,289,713,0,0,1,0,0,0,0,0
5231,3.868,0.4887,322,713,0,0,1,0,0,34,4896,0.0036
5232,4.1619,0.4402,322,713,0,0,1,0,0,0,0,0
5233,4.1014,0.557,321,713,0,0,1,0,0,0,0,0
5234,4.33,0.8725,321,713,0,0,1,0,0,0,0,0
5235,4.087,0.4499,320,713,0,0,1,0,0,0,0,0
5236,4.1833,0.395,319,713,0,0,1,0,0,0,0,0
5237,4.2312,0.5335,319,713,0,0,1,0,0,0,0,0
5238,4.0873,0.6118,319,713,0,0,1,0,0,0,0,0
5239,4.1525,0.4389,319,713,0,0,1,0,0,0,0,0
5240,4.2975,0.6461,319,713,0,0,1,0,0,0,0,0
5241,4.0448,0.3802,319,713,0,0,1,0,0,0,0,0
5242,4.1938,0.4539,319,713,0,0,1,0,0,0,0,0
5243,4.1983,0.5272,319,713,0,0,1,0,0,0,0,0
5244,4.1555,0.5224,318,713,0,0,1,0,0,0,0,0
5245,4.1692,0.7333,318,713,0,0,1,0,0,0,0,0
5246,4.0674,0.5069,318,713,0,0,1,0,0,0,0,0
5247,4.2964,0.613,318,713,0,0,1,0,0,0,0,0
5248,4.0885,0.4237,318,713,0,0,1,0,0,0,0,0
5249,4.2074,0.4609,318,713,0,0,1,0,0,0,0,0
5250,4.1073,0.6355,318,713,0,0,1,0,0,0,0,0
5251,4.1754,0.5662,318,713,0,0,1,0,0,0,0,0
5252,4.1869,0.4331,317,713,0,0,1,0,0,0,0,0
5253,4.1166,0.3727,317,713,0,0,1,0,0,0,0,0
5254,4.1785,0.4474,317,713,0,0,1,0,0,0,0,0
5255,4.2602,0.4554,316,713,0,0,1,0,0,0,0,0
5256,4.107,0.4777,316,713,0,0,1,0,0,0,0,0
5257,4.185,0.4942,316,713,0,0,1,0,0,0,0,0
5258,4.1076,0.5624,316,713,0,0,1,0,0,0,0,0
5259,4.1874,0.6406,316,713,0,0,1,0,0,0,0,0
5260,4.1744,0.3887,314,713,0,0,1,0,0,0,0,0
5261,4.1841,0.4294,314,713,0,0,1,0,0,0,0,0
5262,4.1552,0.5138,314,713,0,0,1,0,0,0,0,0
5263,4.2999,0.7695,313,713,0,0,1,0,0,0,0,0
5264,4.0334,0.4435,312,713,0,0,1,0,0,0,0,0
5265,4.1456,0.4001,312,713,0,0,1,0,0,0,0,0
5266,4.3042,0.6607,311,713,0,0,1,0,0,0,0,0
5267,4.1394,0.4369,311,713,0,0,1,0,0,0,0,0
5268,4.1397,0.5383,311,713,0,0,1,0,0,0,0,0
5269,4.1213,0.4965,311,713,0,0,1,0,0,0,0,0
5270,4.1358,0.5328,310,713,0,0,1,0,0,0,0,0
5271,4.3928,0.4012,310,713,0,0,1,0,0,0,0,0
5272,4.0145,0.4312,309,713,0,0,1,0,0,0,0,0
5273,4.1257,0.6986,308,713,0,0,1,0,0,0,0,0
5274,4.1664,0.5438,308,713,0,0,1,0,0,0,0,0
5275,4.431,0.5501,308,713,0,0,1,0,0,0,0,0
5276,3.8537,0.6764,308,713,0,0,1,0,0,0,0,0
5277,4.1844,0.3619,307,713,0,0,1,0,0,0,0,0
5278,4.154,0.6399,307,713,0,0,1,0,0,0,0,0
5279,4.2926,0.5735,306,713,0,0,1,0,0,0,0,0
5280,4.0826,0.4883,305,713,0,0,1,0,0,0,0,0
5281,4.2037,0.5248,304,713,0,0,1,0,0,0,0,0
5282,4.112,0.4982,302,713,0,0,1,0,0,0,0,0
5283,4.201,0.481,301,713,0,0,1,0,0,0,0,0
5284,4.1387,0.6517,301,713,0,0,1,0,0,0,0,0
5285,4.2722,0.6256,300,713,0,0,1,0,0,0,0,0
5286,4.3201,0.5919,300,713,0,0,1,0,0,0,0,0
5287,4.0315,0.5873,300,713,0,0,1,0,0,0,0,0
5288,4.0854,0.5577,300,713,0,0,1,0,0,0,0,0
5289,4.1077,0.3929,300,713,0,0,1,0,0,0,0,0
5290,4.2287,0.741,300,713,0,0,1,0,0,0,0,0
5291,4.2106,0.6932,299,713,0,0,1,0,0,0,0,0
5292,4.1307,0.4135,292,713,0,0,1,0,0,0,0,0
5293,4.1672,0.5286,291,713,0,0,1,0,0,0,0,0
5294,4.1042,0.4611,291,713,0,0,1,0,0,0,0,0
5295,4.1928,0.4457,291,713,0,0,1,0,0,0,0,0
5296,4.1608,0.6213,291,713,0,0,1,0,0,0,0,0
5297,4.2938,0.6209,291,713,0,0,1,0,0,0,0,0
5298,4.0926,0.715,291,713,0,0,1,0,0,0,0,0
5299,4.1214,0.6945,291,713,0,0,1,0,0,0,0,0
5300,4.0431,0.3612,290,713,0,0,1,0,0,0,0,0
5301,4.3411,0.3851,290,713,0,0,1,0,0,0,0,0
5302,4.1312,0.5512,290,713,0,0,1,0,0,0,0,0
5303,4.1141,0.4527,290,713,0,0,1,0,0,0,0,0
5304,4.2401,0.4314,290,713,0,0,1,0,0,0,0,0
5305,4.1424,0.413,288,713,0,0,1,0,0,0,0,0
5306,4.1426,0.5333,286,713,0,0,1,0,0,0,0,0
5307,4.1758,0.5856,332,713,0,0,1,6,0.0369,46,8670,0.0066
5308,4.1627,0.6285,332,713,0,0,1,0,0,0,0,0
5309,4.2224,0.7614,332,713,0,0,1,0,0,0,0,0
5310,4.1423,0.6968,332,713,0,0,1,0,0,0,0,0
5311,4.1774,0.4869,330,713,0,0,1,0,0,0,0,0
5312,4.1318,0.8074,330,713,0,0,1,0,0,0,0,0
5313,4.1462,0.4303,330,713,0,0,1,0,0,0,0,0
5314,4.137,0.7629,330,713,0,0,1,0,0,0,0,0
5315,4.2699,0.5412,330,713,0,0,1,0,0,0,0,0
5316,4.2237,0.6233,330,713,0,0,1,0,0,0,0,0
5317,4.0599,0.4561,330,713,0,0,1,0,0,0,0,0
5318,4.1939,0.6091,330,713,0,0,1,0,0,0,0,0
5319,4.1324,0.4486,330,713,0,0,1,0,0,0,0,0
5320,4.1676,0.4156,329,713,0,0,1,0,0,0,0,0
5321,4.1694,0.5903,329,713,0,0,1,0,0,0,0,0
5322,4.1066,0.4664,329,713,0,0,1,0,0,0,0,0
5323,4.4452,0.5106,329,713,0,0,1,0,0,0,0,0
5324,4.0289,0.7178,329,713,0,0,1,0,0,0,0,0
5325,4.0974,0.4019,328,713,0,0,1,0,0,0,0,0
5326,4.3751,0.3946,326,713,0,0,1,0,0,0,0,0
5327,4.0177,0.4626,326,713,0,0,1,0,0,0,0,0
5328,4.0734,0.4782,326,713,0,0,1,0,0,0,0,0
5329,4.3228,0.6393,326,713,0,0,1,0,0,0,0,0
5330,4.0501,0.704,326,713,0,0,1,0,0,0,0,0
5331,4.232,0.4857,326,713,0,0,1,0,0,0,0,0
5332,4.0858,0.4694,325,713,0,0,1,0,0,0,0,0
5333,4.1345,0.5907,324,713,0,0,1,0,0,0,0,0
5334,4.1638,0.7708,324,713,0,0,1,0,0,0,0,0
5335,4.3443,0.7289,324,713,0,0,1,0,0,0,0,0
5336,4.063,0.5426,324,713,0,0,1,0,0,0,0,0
5337,4.1278,0.4386,322,713,0,0,1,0,0,0,0,0
5338,4.1492,0.6206,322,713,0,0,1,0,0,0,0,0
5339,4.2633,0.4282,321,713,0,0,1,0,0,0,0,0
5340,4.1904,0.5946,320,713,0,0,1,0,0,0,0,0
5341,4.0076,0.6417,320,713,0,0,1,0,0,0,0,0
5342,4.2219,0.5439,320,713,0,0,1,0,0,0,0,0
5343,4.1916,0.5472,320,713,0,0,1,0,0,0,0,0
5344,4.1383,0.4639,320,713,0,0,1,0,0,0,0,0
5345,4.2179,0.4127,320,713,0,0,1,0,0,0,0,0
5346,4.15,0.5818,320,713,0,0,1,0,0,0,0,0
5347,4.2918,0.4037,320,713,0,0,1,0,0,0,0,0
5348,4.1331,0.757,318,713,0,0,1,0,0,0,0,0
5349,4.0384,0.4487,318,713,0,0,1,0,0,0,0,0
5350,4.2122,0.4781,318,713,0,0,1,0,0,0,0,0
5351,4.1477,0.4313,318,713,0,0,1,0,0,0,0,0
5352,4.1256,0.3921,316,713,0,0,1,0,0,0,0,0
5353,4.2507,0.389,316,713,0,0,1,0,0,0,0,0
5354,4.1121,0.4982,316,713,0,0,1,0,0,0,0,0
5355,4.2293,0.7056,314,713,0,0,1,0,0,0,0,0
5356,4.0919,0.424,313,713,0,0,1,0,0,0,0,0
5357,4.2243,0.4226,313,713,0,0,1,0,0,0,0,0
5358,4.0536,0.4238,312,713,0,0,1,0,0,0,0,0
5359,4.3464,0.7779,312,713,0,0,1,0,0,0,0,0
5360,4.0923,0.5062,312,713,0,0,1,0,0,0,0,0
5361,4.1557,0.4368,312,713,0,0,1,0,0,0,0,0
5362,4.5116,0.533,312,713,0,0,1,0,0,0,0,0
5363,3.8501,0.4504,312,713,0,0,1,0,0,0,0,0
5364,4.1443,0.5619,312,713,0,0,1,0,0,0,0,0
5365,4.1823,0.489,312,713,0,0,1,0,0,0,0,0
5366,4.1565,0.788,312,713,0,0,1,0,0,0,0,0
5367,4.256,0.4409,312,713,0,0,1,0,0,0,0,0
5368,4.0503,0.3835,312,713,0,0,1,0,0,0,0,0
5369,4.1609,0.4183,305,713,0,0,1,0,0,0,0,0
5370,4.121,0.636,305,713,0,0,1,0,0,0,0,0
5371,4.5165,0.4802,304,713,0,0,1,0,0,0,0,0
5372,3.8853,0.7103,304,713,0,0,1,0,0,0,0,0
5373,4.1034,0.3706,304,713,0,0,1,0,0,0,0,0
5374,4.1474,0.5306,304,713,0,0,1,0,0,0,0,0
5375,4.2822,0.4664,304,713,0,0,1,0,0,0,0,0
5376,4.1,0.4672,304,713,0,0,1,0,0,0,0,0
5377,4.1947,0.4741,302,713,0,0,1,0,0,0,0,0
5378,4.1799,0.6728,301,713,0,0,1,0,0,0,0,0
5379,4.244,0.7153,299,713,0,0,1,0,0,0,0,0
5380,4.0449,0.3965,299,713,0,0,1,0,0,0,0,0
5381,4.2267,0.5773,299,713,0,0,1,0,0,0,0,0
5382,4.1279,0.4638,299,713,0,0,1,0,0,0,0,0
5383,4.1491,0.4846,298,713,0,0,1,0,0,0,0,0
5384,4.2075,0.5578,330,713,0,0,1,0,0,34,5433,0.0075
5385,4.1054,0.3851,329,713,0,0,1,0,0,0,0,0
5386,4.1834,0.4739,328,713,0,0,1,0,0,0,0,0
5387,4.1715,0.5045,328,713,0,0,1,0,0,0,0,0
5388,4.2175,0.5237,328,713,0,0,1,0,0,0,0,0
5389,4.1274,0.456,328,713,0,0,1,0,0,0,0,0
5390,4.1541,0.693,327,713,0,0,1,0,0,0,0,0
5391,4.2791,0.394,327,713,0,0,1,0,0,0,0,0
5392,4.0991,0.4046,327,713,0,0,1,0,0,0,0,0
5393,4.1576,0.7029,327,713,0,0,1,0,0,0,0,0
5394,4.4499,0.5485,326,713,0,0,1,0,0,0,0,0
5395,3.8889,0.8172,324,713,0,0,1,0,0,0,0,0
5396,4.1294,0.4546,324,713,0,0,1,0,0,0,0,0
5397,4.2186,0.45,324,713,0,0,1,0,0,0,0,0
5398,4.2167,0.6708,324,713,0,0,1,0,0,0,0,0
5399,4.1402,0.4662,324,713,0,0,1,0,0,0,0,0
5400,4.0503,0.4176,323,713,0,0,1,0,0,0,0,0
5401,4.268,0.5333,323,713,0,0,1,0,0,0,0,0
5402,4.1166,0.6523,322,713,0,0,1,0,0,0,0,0
5403,4.3316,0.6585,321,713,0,0,1,0,0,0,0,0
5404,4.1047,0.7078,321,713,0,0,1,0,0,0,0,0
5405,4.1503,0.7219,321,713,0,0,1,0,0,0,0,0
5406,4.1427,0.4549,321,713,0,0,1,0,0,0,0,0
5407,4.3951,0.59,321,713,0,0,1,0,0,0,0,0
5408,3.8905,0.8136,321,713,0,0,1,0,0,0,0,0
5409,4.1383,0.6661,319,713,0,0,1,0,0,0,0,0
5410,4.2015,0.4771,319,713,0,0,1,0,0,0,0,0
5411,4.2323,0.7048,319,713,0,0,1,0,0,0,0,0
5412,4.1806,0.4328,317,713,0,0,1,0,0,0,0,0
5413,4.124,0.4383,316,713,0,0,1,0,0,0,0,0
5414,4.1135,0.3816,316,713,0,0,1,0,0,0,0,0
5415,4.1887,0.4863,316,713,0,0,1,0,0,0,0,0
5416,4.1863,0.6076,315,713,0,0,1,0,0,0,0,0
5417,4.2248,0.6312,315,713,0,0,1,0,0,0,0,0
5418,4.0981,0.4651,315,713,0,0,1,0,0,0,0,0
5419,4.0888,0.3771,313,713,0,0,1,0,0,0,0,0
5420,4.2341,0.3852,311,713,0,0,1,0,0,0,0,0
5421,4.1398,0.4964,311,713,0,0,1,0,0,0,0,0
5422,4.1611,0.6824,311,713,0,0,1,0,0,0,0,0
5423,4.133,0.4372,310,713,0,0,1,0,0,0,0,0
5424,4.194,0.3991,310,713,0,0,1,0,0,0,0,0
5425,4.1921,0.4359,309,713,0,0,1,0,0,0,0,0
5426,4.2127,0.5627,309,713,0,0,1,0,0,0,0,0
5427,4.1024,0.5223,308,713,0,0,1,0,0,0,0,0
5428,4.226,0.5351,308,713,0,0,1,0,0,0,0,0
5429,4.1723,0.644,308,713,0,0,1,0,0,0,0,0
5430,4.1119,0.4424,308,713,0,0,1,0,0,0,0,0
5431,4.2363,0.5942,308,713,0,0,1,0,0,0,0,0
5432,4.2102,0.7725,306,713,0,0,1,0,0,0,0,0
5433,4.0331,0.7543,306,713,0,0,1,0,0,0,0,0
5434,4.235,0.8864,305,713,0,0,1,0,0,0,0,0
5435,4.1151,0.4537,305,713,0,0,1,0,0,0,0,0
5436,4.4742,0.5349,304,713,0,0,1,0,0,0,0,0
5437,3.8684,0.4101,304,713,0,0,1,0,0,0,0,0
5438,4.2199,0.5825,304,713,0,0,1,0,0,0,0,0
5439,4.3952,0.4909,302,713,0,0,1,0,0,0,0,0
5440,3.8839,0.5567,302,713,0,0,1,0,0,0,0,0
5441,4.2112,0.7334,302,713,0,0,1,0,0,0,0,0
5442,4.1273,0.6867,302,713,0,0,1,0,0,0,0,0
5443,4.1743,0.3921,302,713,0,0,1,0,0,0,0,0
5444,4.1154,0.4558,301,713,0,0,1,0,0,0,0,0
5445,4.1646,0.4452,300,713,0,0,1,0,0,0,0,0
5446,4.2692,0.6979,300,713,0,0,1,0,0,0,0,0
5447,4.1631,0.3854,291,713,0,0,1,0,0,0,0,0
5448,4.9477,0.4619,291,713,0,0,1,0,0,0,0,0
5449,3.303,0.7494,291,713,0,0,1,0,0,0,0,0
5450,4.193,0.488,290,713,0,0,1,0,0,0,0,0
5451,4.2243,0.548,290,713,0,0,1,0,0,0,0,0
5452,4.1056,0.3712,290,713,0,0,1,0,0,0,0,0
5453,4.2147,0.4943,289,713,0,0,1,0,0,0,0,0
5454,4.0997,0.4772,289,713,0,0,1,0,0,0,0,0
5455,4.2233,0.5131,288,713,0,0,1,0,0,0,0,0
5456,4.1456,0.4307,288,713,0,0,1,0,0,0,0,0
5457,4.126,0.3604,288,713,0,0,1,0,0,0,0,0
5458,4.4678,0.6425,286,713,0,0,1,0,0,0,0,0
5459,3.9644,0.5007,286,713,0,0,1,0,0,0,0,0
5460,4.1633,0.6862,285,713,0,0,1,0,0,0,0,0
5461,4.1226,0.4159,329,713,0,0,1,0,0,46,7128,0.0048
5462,4.2069,0.744,329,713,0,0,1,0,0,0,0,0
5463,4.0798,0.5629,328,713,0,0,1,0,0,0,0,0
5464,4.2157,0.4341,327,713,0,0,1,0,0,0,0,0
5465,4.1708,0.5352,327,713,0,0,1,0,0,0,0,0
5466,4.1452,0.6799,327,713,0,0,1,0,0,0,0,0
5467,4.345,0.4479,326,713,0,0,1,0,0,0,0,0
5468,3.9442,0.4023,324,713,0,0,1,0,0,0,0,0
5469,4.2074,0.387,323,713,0,0,1,0,0,0,0,0
5470,4.1746,0.4782,323,713,0,0,1,0,0,0,0,0
5471,4.1764,0.4506,323,713,0,0,1,0,0,0,0,0
5472,4.1406,0.6182,322,713,0,0,1,0,0,0,0,0
5473,4.3575,0.6288,322,713,0,0,1,0,0,0,0,0
5474,4.0405,0.7189,322,713,0,0,1,0,0,0,0,0
5475,4.4466,0.6514,322,713,0,0,1,0,0,0,0,0
5476,3.8295,0.5515,321,713,0,0,1,0,0,0,0,0
5477,4.1947,0.4247,321,713,0,0,1,0,0,0,0,0
5478,4.1084,0.4543,320,713,0,0,1,0,0,0,0,0
5479,4.3132,0.7589,319,713,0,0,1,0,0,0,0,0
5480,4.2075,0.6194,319,713,0,0,1,0,0,0,0,0
5481,4.0159,0.461,319,713,0,0,1,0,0,0,0,0
5482,4.1998,0.6683,319,713,0,0,1,0,0,0,0,0
5483,4.1659,0.4384,317,713,0,0,1,0,0,0,0,0
5484,4.1584,0.4575,317,713,0,0,1,0,0,0,0,0
5485,4.1611,0.5189,316,713,0,0,1,0,0,0,0,0
5486,4.2498,0.679,316,713,0,0,1,0,0,0,0,0
5487,4.2048,0.5304,316,713,0,0,1,0,0,0,0,0
5488,4.0737,0.4361,315,713,0,0,1,0,0,0,0,0
5489,4.1701,0.4419,315,713,0,0,1,0,0,0,0,0
5490,4.0853,0.5056,315,713,0,0,1,0,0,0,0,0
5491,4.3258,0.4082,315,713,0,0,1,0,0,0,0,0
5492,3.9688,0.4593,315,713,0,0,1,0,0,0,0,0
5493,4.2069,0.4541,314,713,0,0,1,0,0,0,0,0
5494,4.1972,0.4538,313,713,0,0,1,0,0,0,0,0
5495,4.1615,0.4367,313,713,0,0,1,0,0,0,0,0
5496,4.1585,0.407,312,713,0,0,1,0,0,0,0,0
5497,4.1916,0.4214,311,713,0,0,1,0,0,0,0,0
5498,4.1981,0.7292,311,713,0,0,1,0,0,0,0,0
5499,4.2027,0.8034,311,713,0,0,1,0,0,0,0,0
5500,4.1163,0.4352,311,713,0,0,1,0,0,0,0,0
5501,4.1892,0.4331,311,713,0,0,1,0,0,0,0,0
5502,4.1443,0.3884,308,713,0,0,1,0,0,0,0,0
5503,4.2735,0.6334,307,713,0,0,1,0,0,0,0,0
5504,4.0797,0.5071,307,713,0,0,1,0,0,0,0,0
5505,4.0929,0.4451,307,713,0,0,1,0,0,0,0,0
5506,4.2385,0.6821,305,713,0,0,1,0,0,0,0,0
5507,4.1491,0.5722,304,713,0,0,1,0,0,0,0,0
5508,4.1894,0.5084,304,713,0,0,1,0,0,0,0,0
5509,4.1694,0.5739,303,713,0,0,1,0,0,0,0,0
5510,4.1124,0.7535,303,713,0,0,1,0,0,0,0,0
5511,4.2387,0.404,303,713,0,0,1,0,0,0,0,0
5512,4.1489,0.4892,303,713,0,0,1,0,0,0,0,0
5513,4.1807,0.4684,303,713,0,0,1,0,0,0,0,0
5514,4.1067,0.5287,303,713,0,0,1,0,0,0,0,0
5515,4.1244,0.4191,302,713,0,0,1,0,0,0,0,0
5516,4.2398,0.5022,302,713,0,0,1,0,0,0,0,0
5517,4.1285,0.4006,301,713,0,0,1,0,0,0,0,0
5518,4.1911,0.4286,300,713,0,0,1,0,0,0,0,0
5519,4.1668,0.4949,300,713,0,0,1,0,0,0,0,0
5520,4.2579,0.5363,300,713,0,0,1,0,0,0,0,0
5521,4.0677,0.4041,300,713,0,0,1,0,0,0,0,0
5522,4.1568,0.4199,292,713,0,0,1,0,0,0,0,0
5523,4.2216,0.6768,291,713,0,0,1,0,0,0,0,0
5524,4.212,0.4703,291,713,0,0,1,0,0,0,0,0
5525,4.0684,0.4298,291,713,0,0,1,0,0,0,0,0
5526,4.1906,0.4766,290,713,0,0,1,0,0,0,0,0
5527,4.2016,0.4262,290,713,0,0,1,0,0,0,0,0
5528,4.1026,0.5752,290,713,0,0,1,0,0,0,0,0
5529,4.1735,0.4226,289,713,0,0,1,0,0,0,0,0
5530,4.2272,0.6087,289,713,0,0,1,0,0,0,0,0
5531,4.149,0.5774,289,713,0,0,1,0,0,0,0,0
5532,4.1652,0.5202,289,713,0,0,1,0,0,0,0,0
5533,4.1452,0.4842,288,713,0,0,1,0,0,0,0,0
5534,4.1438,0.3897,288,713,0,0,1,0,0,0,0,0
5535,4.1835,0.5825,288,713,0,0,1,0,0,0,0,0
5536,4.1972,0.4698,286,713,0,0,1,0,0,0,0,0
5537,4.2608,0.6634,285,713,0,0,1,0,0,0,0,0
5538,3.9757,0.4067,319,713,0,0,1,0,0,34,5793,0.0041
5539,4.2374,0.3878,319,713,0,0,1,0,0,0,0,0
5540,4.1107,0.3828,319,713,0,0,1,0,0,0,0,0
5541,4.1818,0.5856,319,713,0,0,1,0,0,0,0,0
5542,4.1478,0.6835,319,713,0,0,1,0,0,0,0,0
5543,4.2934,0.4394,316,713,0,0,1,0,0,0,0,0
5544,4.1045,0.4094,316,713,0,0,1,0,0,0,0,0
5545,4.553,0.5514,316,713,0,0,1,0,0,0,0,0
5546,3.7772,0.3861,315,713,0,0,1,0,0,0,0,0
5547,4.1952,0.5942,315,713,0,0,1,0,0,0,0,0
5548,4.0917,0.448,315,713,0,0,1,0,0,0,0,0
5549,4.2452,0.6731,313,713,0,0,1,0,0,0,0,0
5550,4.1312,0.4377,313,713,0,0,1,0,0,0,0,0
5551,4.2238,0.4485,313,713,0,0,1,0,0,0,0,0
5552,4.434,0.5847,313,713,0,0,1,0,0,0,0,0
5553,3.8148,0.5325,313,713,0,0,1,0,0,0,0,0
5554,4.5025,0.4691,312,713,0,0,1,0,0,0,0,0
5555,3.8965,0.4286,312,713,0,0,1,0,0,0,0,0
5556,4.1596,0.4536,312,713,0,0,1,0,0,0,0,0
5557,4.1321,0.4233,311,713,0,0,1,0,0,0,0,0
5558,4.1646,0.4738,309,713,0,0,1,0,0,0,0,0
5559,4.2135,0.4831,309,713,0,0,1,0,0,0,0,0
5560,4.1259,0.5116,309,713,0,0,1,0,0,0,0,0
5561,4.2415,0.6348,309,713,0,0,1,0,0,0,0,0
5562,4.1803,0.3882,309,713,0,0,1,0,0,0,0,0
5563,4.0899,0.4682,309,713,0,0,1,0,0,0,0,0
5564,4.1273,0.5837,309,713,0,0,1,0,0,0,0,0
5565,4.1874,0.5,307,713,0,0,1,0,0,0,0,0
5566,4.1872,0.6939,307,713,0,0,1,0,0,0,0,0
5567,4.1802,0.3765,307,713,0,0,1,0,0,0,0,0
5568,4.1192,0.3932,307,713,0,0,1,0,0,0,0,0
5569,4.5283,0.6524,307,713,0,0,1,0,0,0,0,0
5570,3.8154,0.6608,306,713,0,0,1,0,0,0,0,0
5571,4.1945,0.442,305,713,0,0,1,0,0,0,0,0
5572,4.1795,0.3727,305,713,0,0,1,0,0,0,0,0
5573,4.1272,0.5748,305,713,0,0,1,0,0,0,0,0
5574,4.1612,0.6734,305,713,0,0,1,0,0,0,0,0
5575,4.2001,0.7934,304,713,0,0,1,0,0,0,0,0
5576,4.1552,0.448,303,713,0,0,1,0,0,0,0,0
5577,4.1496,0.378,302,713,0,0,1,0,0,0,0,0
5578,4.1468,0.5267,302,713,0,0,1,0,0,0,0,0
5579,4.2212,0.5033,301,713,0,0,1,0,0,0,0,0
5580,4.241,0.6288,300,713,0,0,1,0,0,0,0,0
5581,4.1141,0.4821,300,713,0,0,1,0,0,0,0,0
5582,4.1572,0.6536,300,713,0,0,1,0,0,0,0,0
5583,4.0972,0.3814,300,713,0,0,1,0,0,0,0,0
5584,4.1965,0.5011,299,713,0,0,1,0,0,0,0,0
5585,4.1984,0.6326,299,713,0,0,1,0,0,0,0,0
5586,4.1085,0.4179,299,713,0,0,1,0,0,0,0,0
5587,4.2932,0.3784,299,713,0,0,1,0,0,0,0,0
5588,4.1112,0.5945,299,713,0,0,1,0,0,0,0,0
5589,4.0961,0.4422,298,713,0,0,1,0,0,0,0,0
5590,4.1987,0.4647,297,713,0,0,1,0,0,0,0,0
5591,4.2429,0.486,297,713,0,0,1,0,0,0,0,0
5592,4.1371,0.5942,296,713,0,0,1,0,0,0,0,0
5593,4.1345,0.5839,294,713,0,0,1,0,0,0,0,0
5594,4.4567,0.5191,294,713,0,0,1,0,0,0,0,0
5595,3.8234,0.4318,294,713,0,0,1,0,0,0,0,0
5596,4.1986,0.3837,292,713,0,0,1,0,0,0,0,0
5597,4.1394,0.4101,291,713,0,0,1,0,0,0,0,0
5598,4.1662,0.4427,291,713,0,0,1,0,0,0,0,0
5599,4.251,0.5859,284,713,0,0,1,0,0,0,0,0
5600,4.0932,0.4318,284,713,0,0,1,0,0,0,0,0
5601,4.1625,0.3614,284,713,0,0,1,0,0,0,0,0
5602,4.2251,0.4812,284,713,0,0,1,0,0,0,0,0
5603,4.2136,0.4678,283,713,0,0,1,0,0,0,0,0
5604,4.1652,0.5944,283,713,0,0,1,0,0,0,0,0
5605,4.1236,0.5075,283,713,0,0,1,0,0,0,0,0
5606,4.4955,0.4845,283,713,0,0,1,0,0,0,0,0
5607,3.8448,0.7154,283,713,0,0,1,0,0,0,0,0
5608,4.0921,0.5438,283,713,0,0,1,0,0,0,0,0
5609,4.2575,0.3998,283,713,0,0,1,0,0,0,0,0
5610,4.421,0.4529,281,713,0,0,1,0,0,0,0,0
5611,3.8687,0.4505,280,713,0,0,1,0,0,0,0,0
5612,4.159,0.3531,280,713,0,0,1,0,0,0,0,0
5613,4.126,0.3687,280,713,0,0,1,0,0,0,0,0
5614,4.2041,0.4706,279,713,0,0,1,0,0,0,0,0
5615,4.1974,0.4636,325,713,0,0,1,0,0,46,7896,0.0067
5616,4.104,0.4639,325,713,0,0,1,0,0,0,0,0
5617,4.2136,0.3843,325,713,0,0,1,0,0,0,0,0
5618,4.2598,0.7023,325,713,0,0,1,0,0,0,0,0
5619,4.1907,0.4601,325,713,0,0,1,0,0,0,0,0
5620,4.0492,0.4932,325,713,0,0,1,0,0,0,0,0
5621,4.1939,0.5069,325,713,0,0,1,0,0,0,0,0
5622,4.4014,0.6684,325,713,0,0,1,0,0,0,0,0
5623,3.9586,0.5774,324,713,0,0,1,0,0,0,0,0
5624,4.154,0.6227,324,713,0,0,1,0,0,0,0,0
5625,4.1287,0.3934,323,713,0,0,1,0,0,0,0,0
5626,4.2347,0.4786,321,713,0,0,1,0,0,0,0,0
5627,4.1831,0.6822,319,713,0,0,1,0,0,0,0,0
5628,4.4586,0.638,318,713,0,0,1,0,0,0,0,0
5629,4.1456,0.689,316,713,0,0,1,0,0,0,0,0
5630,3.7916,0.3876,316,713,0,0,1,0,0,0,0,0
5631,4.1686,0.4093,316,713,0,0,1,0,0,0,0,0
5632,4.1663,0.4688,313,713,0,0,1,0,0,0,0,0
5633,4.2296,0.5466,313,713,0,0,1,0,0,0,0,0
5634,4.1303,0.4447,313,713,0,0,1,0,0,0,0,0
5635,4.1315,0.3778,312,713,0,0,1,0,0,0,0,0
5636,4.1786,0.3769,311,713,0,0,1,0,0,0,0,0
5637,4.1334,0.444,311,713,0,0,1,0,0,0,0,0
5638,4.1936,0.5019,311,713,0,0,1,0,0,0,0,0
5639,4.2034,0.4517,311,713,0,0,1,0,0,0,0,0
5640,4.1241,0.3877,311,713,0,0,1,0,0,0,0,0
5641,4.2157,0.3995,311,713,0,0,1,0,0,0,0,0
5642,4.154,0.5765,311,713,0,0,1,0,0,0,0,0
5643,4.2163,0.6491,310,713,0,0,1,0,0,0,0,0
5644,4.1095,0.4451,310,713,0,0,1,0,0,0,0,0
5645,4.2043,0.4489,309,713,0,0,1,0,0,0,0,0
5646,4.1562,0.4671,309,713,0,0,1,0,0,0,0,0
5647,4.2274,0.3842,307,713,0,0,1,0,0,0,0,0
5648,4.1218,0.6789,305,713,0,0,1,0,0,0,0,0
5649,4.0971,0.4234,305,713,0,0,1,0,0,0,0,0
5650,4.176,0.4751,305,713,0,0,1,0,0,0,0,0
5651,4.2297,0.4683,304,713,0,0,1,0,0,0,0,0
5652,4.1692,0.5533,304,713,0,0,1,0,0,0,0,0
5653,4.1332,0.4946,304,713,0,0,1,0,0,0,0,0
5654,4.1228,0.4153,303,713,0,0,1,0,0,0,0,0
5655,4.1854,0.4092,303,713,0,0,1,0,0,0,0,0
5656,4.1711,0.6361,303,713,0,0,1,0,0,0,0,0
5657,4.1925,0.5103,301,713,0,0,1,0,0,0,0,0
5658,4.1844,0.5019,301,713,0,0,1,0,0,0,0,0
5659,4.0654,0.4034,301,713,0,0,1,0,0,0,0,0
5660,4.1804,0.3604,300,713,0,0,1,0,0,0,0,0
5661,4.2054,0.376,299,713,0,0,1,0,0,0,0,0
5662,4.3337,0.7827,298,713,0,0,1,0,0,0,0,0
5663,3.9692,0.4883,298,713,0,0,1,0,0,0,0,0
5664,4.2045,0.6545,298,713,0,0,1,0,0,0,0,0
5665,4.084,0.3701,297,713,0,0,1,0,0,0,0,0
5666,4.2172,0.3685,297,713,0,0,1,0,0,0,0,0
5667,4.4047,0.594,297,713,0,0,1,0,0,0,0,0
5668,3.9263,0.4374,297,713,0,0,1,0,0,0,0,0
5669,4.5038,0.5807,297,713,0,0,1,0,0,0,0,0
5670,3.8628,0.376,295,713,0,0,1,0,0,0,0,0
5671,4.2562,0.6297,295,713,0,0,1,0,0,0,0,0
5672,4.4705,0.4553,295,713,0,0,1,0,0,0,0,0
5673,4.3605,0.4199,294,713,0,0,1,0,0,0,0,0
5674,3.6454,0.6571,294,713,0,0,1,0,0,0,0,0
5675,4.1353,0.4192,293,713,0,0,1,0,0,0,0,0
5676,4.5762,0.6707,286,713,0,0,1,0,0,0,0,0
5677,3.7311,0.4428,285,713,0,0,1,0,0,0,0,0
5678,4.2552,0.4978,285,713,0,0,1,0,0,0,0,0
5679,4.4147,0.381,284,713,0,0,1,0,0,0,0,0
5680,4.0177,0.5,283,713,0,0,1,0,0,0,0,0
5681,4.0742,0.6688,282,713,0,0,1,0,0,0,0,0
5682,4.2293,0.6324,281,713,0,0,1,0,0,0,0,0
5683,4.0471,0.3785,281,713,0,0,1,0,0,0,0,0
5684,4.1349,0.4424,281,713,0,0,1,0,0,0,0,0
5685,4.2176,0.4053,281,713,0,0,1,0,0,0,0,0
5686,4.1419,0.3591,281,713,0,0,1,0,0,0,0,0
5687,4.1592,0.4608,280,713,0,0,1,0,0,0,0,0
5688,4.9535,0.4455,280,713,0,0,1,0,0,0,0,0
5689,3.3911,0.622,279,713,0,0,1,0,0,0,0,0
5690,4.1116,0.3508,279,713,0,0,1,0,0,0,0,0
5691,4.18,0.4931,313,713,0,0,1,0,0,34,4191,0.0035
5692,4.1799,0.4781,313,713,0,0,1,0,0,0,0,0
5693,4.1275,0.428,313,713,0,0,1,0,0,0,0,0
5694,4.2201,0.7398,313,713,0,0,1,0,0,0,0,0
5695,4.4431,0.516,313,713,0,0,1,0,0,0,0,0
5696,3.8859,0.4208,313,713,0,0,1,0,0,0,0,0
5697,4.2118,0.4662,313,713,0,0,1,0,0,0,0,0
5698,4.2097,0.4633,313,713,0,0,1,0,0,0,0,0
5699,4.095,0.3969,312,713,0,0,1,0,0,0,0,0
5700,4.2238,0.5998,312,713,0,0,1,0,0,0,0,0
5701,4.0793,0.3719,311,713,0,0,1,0,0,0,0,0
5702,4.2032,0.4719,311,713,0,0,1,0,0,0,0,0
5703,4.1412,0.5106,311,713,0,0,1,0,0,0,0,0
5704,4.2372,0.5355,311,713,0,0,1,0,0,0,0,0
5705,4.1866,0.6148,311,713,0,0,1,0,0,0,0,0
5706,4.2151,0.5859,309,713,0,0,1,0,0,0,0,0
5707,4.3336,0.3937,309,713,0,0,1,0,0,0,0,0
5708,3.8583,0.4751,309,713,0,0,1,0,0,0,0,0
5709,4.1715,0.4341,309,713,0,0,1,0,0,0,0,0
5710,4.1488,0.3988,309,713,0,0,1,0,0,0,0,0
5711,4.1905,0.3796,309,713,0,0,1,0,0,0,0,0
5712,4.8283,0.5045,308,713,0,0,1,0,0,0,0,0
5713,3.4488,0.4441,308,713,0,0,1,0,0,0,0,0
5714,4.2229,0.4387,308,713,0,0,1,0,0,0,0,0
5715,4.132,0.3953,307,713,0,0,1,0,0,0,0,0
5716,4.2079,0.3744,307,713,0,0,1,0,0,0,0,0
5717,4.0978,0.4361,307,713,0,0,1,0,0,0,0,0
5718,4.2119,0.4817,307,713,0,0,1,0,0,0,0,0
5719,4.1713,0.6377,306,713,0,0,1,0,0,0,0,0
5720,4.1803,0.4466,306,713,0,0,1,0,0,0,0,0
5721,4.1807,0.3704,306,713,0,0,1,0,0,0,0,0
5722,4.1704,0.3975,306,713,0,0,1,0,0,0,0,0
5723,4.1126,0.4547,306,713,0,0,1,0,0,0,0,0
5724,4.1588,0.6108,305,713,0,0,1,0,0,0,0,0
5725,4.1792,0.5653,305,713,0,0,1,0,0,0,0,0
5726,4.2359,0.454,305,713,0,0,1,0,0,0,0,0
5727,4.1359,0.42,305,713,0,0,1,0,0,0,0,0
5728,4.1769,0.487,305,713,0,0,1,0,0,0,0,0
5729,4.0912,0.4573,305,713,0,0,1,0,0,0,0,0
5730,4.1957,0.3974,304,713,0,0,1,0,0,0,0,0
5731,4.2536,0.6002,303,713,0,0,1,0,0,0,0,0
5732,4.1264,0.4072,303,713,0,0,1,0,0,0,0,0
5733,4.118,0.4594,302,713,0,0,1,0,0,0,0,0
5734,4.1939,0.4489,302,713,0,0,1,0,0,0,0,0
5735,4.2239,0.4107,301,713,0,0,1,0,0,0,0,0
5736,4.1026,0.3894,299,713,0,0,1,0,0,0,0,0
5737,4.2095,0.7296,299,713,0,0,1,0,0,0,0,0
5738,4.3351,0.7258,299,713,0,0,1,0,0,0,0,0
5739,3.9845,0.4329,299,713,0,0,1,0,0,0,0,0
5740,4.1854,0.3817,299,713,0,0,1,0,0,0,0,0
5741,4.1824,0.4169,299,713,0,0,1,0,0,0,0,0
5742,4.0596,0.6709,299,713,0,0,1,0,0,0,0,0
5743,4.4183,0.6694,299,713,0,0,1,0,0,0,0,0
5744,4.0161,0.744,299,713,0,0,1,0,0,0,0,0
5745,4.3348,0.3613,298,713,0,0,1,0,0,0,0,0
5746,3.9589,0.4813,297,713,0,0,1,0,0,0,0,0
5747,4.2106,0.6404,297,713,0,0,1,0,0,0,0,0
5748,4.3651,0.4373,297,713,0,0,1,0,0,0,0,0
5749,3.9919,0.3581,297,713,0,0,1,0,0,0,0,0
5750,4.2072,0.6836,297,713,0,0,1,0,0,0,0,0
5751,4.3694,0.5015,296,713,0,0,1,0,0,0,0,0
5752,3.8159,0.5737,296,713,0,0,1,0,0,0,0,0
5753,4.2192,0.4307,289,713,0,0,1,0,0,0,0,0
5754,4.1612,0.4211,288,713,0,0,1,0,0,0,0,0
5755,4.1008,0.4399,288,713,0,0,1,0,0,0,0,0
5756,4.2792,0.5846,288,713,0,0,1,0,0,0,0,0
5757,4.097,0.4252,288,713,0,0,1,0,0,0,0,0
5758,4.1738,0.4296,288,713,0,0,1,0,0,0,0,0
5759,4.1995,0.4881,288,713,0,0,1,0,0,0,0,0
5760,4.1261,0.4839,288,713,0,0,1,0,0,0,0,0
5761,4.183,0.4598,288,713,0,0,1,0,0,0,0,0
5762,4.2013,0.6139,287,713,0,0,1,0,0,0,0,0
5763,4.1191,0.3803,286,713,0,0,1,0,0,0,0,0
5764,4.197,0.4546,286,713,0,0,1,0,0,0,0,0
5765,4.1671,0.4674,286,713,0,0,1,0,0,0,0,0
5766,4.5193,0.3661,286,713,0,0,1,0,0,0,0,0
5767,3.7872,0.4292,286,713,0,0,1,0,0,0,0,0
5768,4.3092,0.7377,330,713,0,0,1,0,0,46,10965,0.0138
5769,4.2398,0.5073,330,713,0,0,1,0,0,0,0,0
5770,3.926,0.7832,330,713,0,0,1,0,0,0,0,0
5771,4.1899,0.6522,330,713,0,0,1,0,0,0,0,0
5772,4.2317,0.4359,329,713,0,0,1,0,0,0,0,0
5773,4.1102,0.5922,328,713,0,0,1,0,0,0,0,0
5774,4.1783,0.3973,328,713,0,0,1,0,0,0,0,0
5775,4.1812,0.6971,328,713,0,0,1,0,0,0,0,0
5776,4.2212,0.7367,328,713,0,0,1,0,0,0,0,0
5777,4.122,0.5154,327,713,0,0,1,0,0,0,0,0
5778,4.146,0.4239,326,713,0,0,1,0,0,0,0,0
5779,4.1086,0.3782,326,713,0,0,1,0,0,0,0,0
5780,4.2034,0.5519,325,713,0,0,1,0,0,0,0,0
5781,4.1607,0.4247,324,713,0,0,1,0,0,0,0,0
5782,4.3225,0.7823,322,713,0,0,1,0,0,0,0,0
5783,4.1462,0.486,322,713,0,0,1,0,0,0,0,0
5784,4.0275,0.4454,322,713,0,0,1,0,0,0,0,0
5785,4.2422,0.6461,322,713,0,0,1,0,0,0,0,0
5786,4.1143,0.428,320,713,0,0,1,0,0,0,0,0
5787,4.2091,0.4069,320,713,0,0,1,0,0,0,0,0
5788,4.1244,0.4289,320,713,0,0,1,0,0,0,0,0
5789,4.2103,0.4746,319,713,0,0,1,0,0,0,0,0
5790,4.0902,0.4385,319,713,0,0,1,0,0,0,0,0
5791,4.2194,0.433,318,713,0,0,1,0,0,0,0,0
5792,4.1952,0.4714,318,713,0,0,1,0,0,0,0,0
5793,4.1154,0.3805,317,713,0,0,1,0,0,0,0,0
5794,4.2317,0.6969,317,713,0,0,1,0,0,0,0,0
5795,4.1275,0.4929,317,713,0,0,1,0,0,0,0,0
5796,4.2324,0.5277,314,713,0,0,1,0,0,0,0,0
5797,4.1315,0.4586,314,713,0,0,1,0,0,0,0,0
5798,4.1316,0.3721,314,713,0,0,1,0,0,0,0,0
5799,4.1687,0.3956,314,713,0,0,1,0,0,0,0,0
5800,4.2893,0.4779,314,713,0,0,1,0,0,0,0,0
5801,4.3387,0.7057,314,713,0,0,1,0,0,0,0,0
5802,3.9431,0.6972,313,713,0,0,1,0,0,0,0,0
5803,4.2781,0.4006,313,713,0,0,1,0,0,0,0,0
5804,3.9658,0.3808,313,713,0,0,1,0,0,0,0,0
5805,4.1739,0.5047,312,713,0,0,1,0,0,0,0,0
5806,4.1275,0.6618,312,713,0,0,1,0,0,0,0,0
5807,4.208,0.4538,312,713,0,0,1,0,0,0,0,0
5808,4.1753,0.6768,311,713,0,0,1,0,0,0,0,0
5809,4.1749,0.4113,311,713,0,0,1,0,0,0,0,0
5810,4.1429,0.5197,311,713,0,0,1,0,0,0,0,0
5811,4.1917,0.498,310,713,0,0,1,0,0,0,0,0
5812,4.1374,0.4988,309,713,0,0,1,0,0,0,0,0
5813,4.2437,0.6168,309,713,0,0,1,0,0,0,0,0
5814,4.0948,0.6889,309,713,0,0,1,0,0,0,0,0
5815,4.21,0.6046,308,713,0,0,1,0,0,0,0,0
5816,4.1348,0.4458,308,713,0,0,1,0,0,0,0,0
5817,4.2402,0.4611,308,713,0,0,1,0,0,0,0,0
5818,4.0528,0.6394,307,713,0,0,1,0,0,0,0,0
5819,4.3483,0.3931,307,713,0,0,1,0,0,0,0,0
5820,4.0679,0.7425,306,713,0,0,1,0,0,0,0,0
5821,4.1698,0.4336,304,713,0,0,1,0,0,0,0,0
5822,4.1039,0.4657,304,713,0,0,1,0,0,0,0,0
5823,4.1715,0.4828,304,713,0,0,1,0,0,0,0,0
5824,4.1391,0.3919,302,713,0,0,1,0,0,0,0,0
5825,4.2031,0.5218,302,713,0,0,1,0,0,0,0,0
5826,4.1544,0.756,302,713,0,0,1,0,0,0,0,0
5827,4.1557,0.4697,302,713,0,0,1,0,0,0,0,0
5828,4.1682,0.6593,302,713,0,0,1,0,0,0,0,0
5829,4.1485,0.3591,301,713,0,0,1,0,0,0,0,0
5830,4.5184,0.4002,292,713,0,0,1,0,0,0,0,0
5831,3.8815,0.4461,292,713,0,0,1,0,0,0,0,0
5832,4.0818,0.6258,290,713,0,0,1,0,0,0,0,0
5833,4.1839,0.7795,289,713,0,0,1,0,0,0,0,0
5834,4.6647,0.3773,289,713,0,0,1,0,0,0,0,0
5835,3.7748,0.4509,288,713,0,0,1,0,0,0,0,0
5836,4.1706,0.491,288,713,0,0,1,0,0,0,0,0
5837,4.1996,0.7647,288,713,0,0,1,0,0,0,0,0
5838,4.0672,0.635,288,713,0,0,1,0,0,0,0,0
5839,4.2319,0.4246,288,713,0,0,1,0,0,0,0,0
5840,4.135,0.4925,288,713,0,0,1,0,0,0,0,0
5841,4.1284,0.4517,287,713,0,0,1,0,0,0,0,0
5842,4.4693,0.4032,287,713,0,0,1,0,0,0,0,0
5843,4.065,0.3994,287,713,0,0,1,0,0,0,0,0
5844,4.0056,0.678,287,713,0,0,1,0,0,0,0,0
5845,4.1415,0.4976,320,713,0,0,1,0,0,34,6339,0.0043
5846,4.1772,0.7518,320,713,0,0,1,0,0,0,0,0
5847,4.1106,0.3906,320,713,0,0,1,0,0,0,0,0
5848,4.2585,0.3926,320,713,0,0,1,0,0,0,0,0
5849,4.1788,0.4974,319,713,0,0,1,0,0,0,0,0
5850,4.0747,0.5546,318,713,0,0,1,0,0,0,0,0
5851,4.1852,0.4841,318,713,0,0,1,0,0,0,0,0
5852,4.1409,0.7165,317,713,0,0,1,0,0,0,0,0
5853,4.1616,0.393,315,713,0,0,1,0,0,0,0,0
5854,4.6233,0.3739,315,713,0,0,1,0,0,0,0,0
5855,3.7849,0.388,315,713,0,0,1,0,0,0,0,0
5856,4.1224,0.4133,315,713,0,0,1,0,0,0,0,0
5857,4.2656,0.635,315,713,0,0,1,0,0,0,0,0
5858,4.355,0.6433,315,713,0,0,1,0,0,0,0,0
5859,3.9122,0.4482,315,713,0,0,1,0,0,0,0,0
5860,4.1359,0.3829,315,713,0,0,1,0,0,0,0,0
5861,4.1888,0.4094,315,713,0,0,1,0,0,0,0,0
5862,4.134,0.4056,314,713,0,0,1,0,0,0,0,0
5863,4.2795,0.764,314,713,0,0,1,0,0,0,0,0
5864,4.11,0.531,314,713,0,0,1,0,0,0,0,0
5865,4.2566,0.4065,314,713,0,0,1,0,0,0,0,0
5866,4.0692,0.5772,314,713,0,0,1,0,0,0,0,0
5867,4.1125,0.5259,313,713,0,0,1,0,0,0,0,0
5868,4.2885,0.5684,312,713,0,0,1,0,0,0,0,0
5869,4.0461,0.4772,312,713,0,0,1,0,0,0,0,0
5870,4.2738,0.6893,312,713,0,0,1,0,0,0,0,0
5871,4.1251,0.4284,311,713,0,0,1,0,0,0,0,0
5872,4.1262,0.4295,311,713,0,0,1,0,0,0,0,0
5873,4.2232,0.4207,310,713,0,0,1,0,0,0,0,0
5874,4.1608,0.439,310,713,0,0,1,0,0,0,0,0
5875,4.0965,0.7068,310,713,0,0,1,0,0,0,0,0
5876,4.2857,0.8378,310,713,0,0,1,0,0,0,0,0
5877,4.065,0.414,309,713,0,0,1,0,0,0,0,0
5878,4.2095,0.4166,309,713,0,0,1,0,0,0,0,0
5879,4.1907,0.4297,309,713,0,0,1,0,0,0,0,0
5880,4.0635,0.5234,309,713,0,0,1,0,0,0,0,0
5881,4.2581,0.4871,309,713,0,0,1,0,0,0,0,0
5882,4.0973,0.4523,309,713,0,0,1,0,0,0,0,0
5883,4.2006,0.425,307,713,0,0,1,0,0,0,0,0
5884,4.1872,0.6179,307,713,0,0,1,0,0,0,0,0
5885,4.1838,0.5591,307,713,0,0,1,0,0,0,0,0
5886,4.1235,0.5588,305,713,0,0,1,0,0,0,0,0
5887,4.2149,0.6836,305,713,0,0,1,0,0,0,0,0
5888,4.1502,0.865,305,713,0,0,1,0,0,0,0,0
5889,4.1282,0.3693,305,713,0,0,1,0,0,0,0,0
5890,4.4937,0.5471,304,713,0,0,1,0,0,0,0,0
5891,3.908,0.6189,304,713,0,0,1,0,0,0,0,0
5892,4.1216,0.4989,304,713,0,0,1,0,0,0,0,0
5893,4.1742,0.6794,304,713,0,0,1,0,0,0,0,0
5894,4.1785,0.3841,303,713,0,0,1,0,0,0,0,0
5895,4.2337,0.6354,303,713,0,0,1,0,0,0,0,0
5896,4.1427,0.5549,301,713,0,0,1,0,0,0,0,0
5897,4.0728,0.4716,300,713,0,0,1,0,0,0,0,0
5898,4.2206,0.498,299,713,0,0,1,0,0,0,0,0
5899,4.192,0.6049,299,713,0,0,1,0,0,0,0,0
5900,4.1095,0.6537,298,713,0,0,1,0,0,0,0,0
5901,4.1511,0.3793,298,713,0,0,1,0,0,0,0,0
5902,4.1786,0.5122,298,713,0,0,1,0,0,0,0,0
5903,4.1823,0.4775,298,713,0,0,1,0,0,0,0,0
5904,4.0896,0.3846,298,713,0,0,1,0,0,0,0,0
5905,4.4925,0.366,298,713,0,0,1,0,0,0,0,0
5906,3.8713,0.3997,289,713,0,0,1,0,0,0,0,0
5907,4.4265,0.6235,289,713,0,0,1,0,0,0,0,0
5908,3.9183,0.44,288,713,0,0,1,0,0,0,0,0
5909,4.2389,0.4293,287,713,0,0,1,0,0,0,0,0
5910,4.4918,0.3683,287,713,0,0,1,0,0,0,0,0
5911,3.8488,0.5179,287,713,0,0,1,0,0,0,0,0
5912,4.1324,0.5529,287,713,0,0,1,0,0,0,0,0
5913,4.3584,0.3817,286,713,0,0,1,0,0,0,0,0
5914,3.9748,0.6369,286,713,0,0,1,0,0,0,0,0
5915,4.169,0.3746,286,713,0,0,1,0,0,0,0,0
5916,4.2663,0.6162,286,713,0,0,1,0,0,0,0,0
5917,4.0853,0.4761,284,713,0,0,1,0,0,0,0,0
5918,4.1091,0.5029,284,713,0,0,1,0,0,0,0,0
5919,4.2075,0.3752,280,713,0,0,1,0,0,0,0,0
5920,4.1425,0.5889,280,713,0,0,1,0,0,0,0,0
5921,4.274,0.5122,278,713,0,0,1,0,0,0,0,0
5922,4.0738,0.4577,323,713,0,0,1,0,0,46,10011,0.0073
5923,4.128,0.41,321,713,0,0,1,0,0,0,0,0
5924,4.1455,0.3893,320,713,0,0,1,0,0,0,0,0
5925,4.1705,0.5305,319,713,0,0,1,0,0,0,0,0
5926,4.1851,0.5158,319,713,0,0,1,0,0,0,0,0
5927,4.1807,0.4723,319,713,0,0,1,0,0,0,0,0
5928,4.1498,0.5092,319,713,0,0,1,0,0,0,0,0
5929,4.2194,0.4338,319,713,0,0,1,0,0,0,0,0
5930,4.1417,0.4134,319,713,0,0,1,0,0,0,0,0
5931,4.2356,0.5016,319,713,0,0,1,0,0,0,0,0
5932,4.1054,0.4847,319,713,0,0,1,0,0,0,0,0
5933,4.2568,0.5617,319,713,0,0,1,0,0,0,0,0
5934,4.3798,0.627,318,713,0,0,1,0,0,0,0,0
5935,3.9211,0.4803,318,713,0,0,1,0,0,0,0,0
5936,4.1445,0.4298,317,713,0,0,1,0,0,0,0,0
5937,4.23,0.385,316,713,0,0,1,0,0,0,0,0
5938,4.0425,0.3931,315,713,0,0,1,0,0,0,0,0
5939,4.1938,0.4721,315,713,0,0,1,0,0,0,0,0
5940,4.1996,0.5497,314,713,0,0,1,0,0,0,0,0
5941,4.1471,0.5134,314,713,0,0,1,0,0,0,0,0
5942,4.1809,0.3724,313,713,0,0,1,0,0,0,0,0
5943,4.1538,0.4166,312,713,0,0,1,0,0,0,0,0
5944,4.1273,0.402,312,713,0,0,1,0,0,0,0,0
5945,4.5475,1.0012,312,713,0,0,1,0,0,0,0,0
5946,3.8455,0.5228,312,713,0,0,1,0,0,0,0,0
5947,4.1828,0.4755,312,713,0,0,1,0,0,0,0,0
5948,4.0881,0.378,312,713,0,0,1,0,0,0,0,0
5949,4.1734,0.3948,312,713,0,0,1,0,0,0,0,0
5950,4.1323,0.5492,312,713,0,0,1,0,0,0,0,0
5951,4.2285,0.4604,312,713,0,0,1,0,0,0,0,0
5952,4.1723,0.4945,312,713,0,0,1,0,0,0,0,0
5953,4.2461,0.7031,311,713,0,0,1,0,0,0,0,0
5954,4.1,0.5922,308,713,0,0,1,0,0,0,0,0
5955,4.0875,0.4517,307,713,0,0,1,0,0,0,0,0
5956,4.223,0.4732,307,713,0,0,1,0,0,0,0,0
5957,4.191,0.7241,307,713,0,0,1,0,0,0,0,0
5958,4.3285,0.6738,307,713,0,0,1,0,0,0,0,0
5959,3.9287,0.3706,307,713,0,0,1,0,0,0,0,0
5960,4.316,0.5322,305,713,0,0,1,0,0,0,0,0
5961,4.4001,0.4756,305,713,0,0,1,0,0,0,0,0
5962,4.14,0.7154,303,713,0,0,1,0,0,0,0,0
5963,3.8929,0.3701,302,713,0,0,1,0,0,0,0,0
5964,4.2502,0.6214,302,713,0,0,1,0,0,0,0,0
5965,4.0793,0.6605,301,713,0,0,1,0,0,0,0,0
5966,4.5175,0.5385,301,713,0,0,1,0,0,0,0,0
5967,3.7357,0.4059,301,713,0,0,1,0,0,0,0,0
5968,4.2258,0.3701,301,713,0,0,1,0,0,0,0,0
5969,4.1506,0.5674,300,713,0,0,1,0,0,0,0,0
5970,4.089,0.4732,298,713,0,0,1,0,0,0,0,0
5971,4.2968,0.799,298,713,0,0,1,0,0,0,0,0
5972,4.1007,0.3979,298,713,0,0,1,0,0,0,0,0
5973,4.1785,0.3661,298,713,0,0,1,0,0,0,0,0
5974,4.1887,0.4194,298,713,0,0,1,0,0,0,0,0
5975,4.4439,0.5035,297,713,0,0,1,0,0,0,0,0
5976,3.9774,0.6977,297,713,0,0,1,0,0,0,0,0
5977,4.2297,0.6299,296,713,0,0,1,0,0,0,0,0
5978,4.0581,0.6085,296,713,0,0,1,0,0,0,0,0
5979,4.1545,0.521,296,713,0,0,1,0,0,0,0,0
5980,4.1169,0.472,296,713,0,0,1,0,0,0,0,0
5981,4.1919,0.499,296,713,0,0,1,0,0,0,0,0
5982,4.1517,0.6427,296,713,0,0,1,0,0,0,0,0
5983,4.2572,0.5612,289,713,0,0,1,0,0,0,0,0
5984,4.037,0.4908,289,713,0,0,1,0,0,0,0,0
5985,4.2677,0.3932,289,713,0,0,1,0,0,0,0,0
5986,4.2011,0.3925,289,713,0,0,1,0,0,0,0,0
5987,4.1336,0.3941,288,713,0,0,1,0,0,0,0,0
5988,4.1561,0.6594,288,713,0,0,1,0,0,0,0,0
5989,4.1855,0.6016,287,713,0,0,1,0,0,0,0,0
5990,4.1024,0.4602,287,713,0,0,1,0,0,0,0,0
5991,4.2131,0.4262,287,713,0,0,1,0,0,0,0,0
5992,4.1056,0.6172,287,713,0,0,1,0,0,0,0,0
5993,4.242,0.5057,287,713,0,0,1,0,0,0,0,0
5994,4.13,0.3964,286,713,0,0,1,0,0,0,0,0
5995,4.1769,0.5577,286,713,0,0,1,0,0,0,0,0
5996,4.0632,0.4822,284,713,0,0,1,0,0,0,0,0
5997,4.2286,0.4233,284,713,0,0,1,0,0,0,0,0
5998,4.2112,0.4361,284,713,0,0,1,0,0,0,0,0
5999,4.1136,0.5777,318,713,0,0,1,0,0,34,7884,0.0104
6000,4.1242,0.4265,318,713,0,0,1,0,0,0,0,0
6001,4.2781,0.4988,318,713,0,0,1,0,0,0,0,0
6002,4.2772,0.6939,317,713,0,0,1,0,0,0,0,0
6003,4.0393,0.4346,316,713,0,0,1,0,0,0,0,0
6004,4.1324,0.377,315,713,0,0,1,0,0,0,0,0
6005,4.2232,0.431,315,713,0,0,1,0,0,0,0,0
6006,4.1357,0.46,315,713,0,0,1,0,0,0,0,0
6007,4.2084,0.7926,314,713,0,0,1,0,0,0,0,0
6008,4.1302,0.6485,314,713,0,0,1,0,0,0,0,0
6009,4.1566,0.3967,313,713,0,0,1,0,0,0,0,0
6010,4.1552,0.474,312,713,0,0,1,0,0,0,0,0
6011,4.1751,0.4399,312,713,0,0,1,0,0,0,0,0
6012,4.1911,0.7559,311,713,0,0,1,0,0,0,0,0
6013,4.1485,0.643,310,713,0,0,1,0,0,0,0,0
6014,4.3671,0.4269,309,713,0,0,1,0,0,0,0,0
6015,4.0144,0.4322,309,713,0,0,1,0,0,0,0,0
6016,4.0892,0.5729,308,713,0,0,1,0,0,0,0,0
6017,4.2194,0.4455,307,713,0,0,1,0,0,0,0,0
6018,4.1334,0.4958,307,713,0,0,1,0,0,0,0,0
6019,4.1313,0.6509,304,713,0,0,1,0,0,0,0,0
6020,4.1874,0.3897,304,713,0,0,1,0,0,0,0,0
6021,4.1748,0.3748,304,713,0,0,1,0,0,0,0,0
6022,4.1586,0.4403,303,713,0,0,1,0,0,0,0,0
6023,4.2241,0.5975,303,713,0,0,1,0,0,0,0,0
6024,4.1318,0.5459,303,713,0,0,1,0,0,0,0,0
6025,4.199,0.4056,303,713,0,0,1,0,0,0,0,0
6026,4.1451,0.3719,303,713,0,0,1,0,0,0,0,0
6027,4.1619,0.3976,303,713,0,0,1,0,0,0,0,0
6028,4.2162,0.5005,303,713,0,0,1,0,0,0,0,0
6029,4.1098,0.6682,303,713,0,0,1,0,0,0,0,0
6030,4.1999,0.4256,303,713,0,0,1,0,0,0,0,0
6031,4.1167,0.3951,303,713,0,0,1,0,0,0,0,0
6032,4.0962,0.6269,303,713,0,0,1,0,0,0,0,0
6033,4.2875,0.4587,302,713,0,0,1,0,0,0,0,0
6034,4.1477,0.708,300,713,0,0,1,0,0,0,0,0
6035,4.1872,0.6975,299,713,0,0,1,0,0,0,0,0
6036,4.1945,0.5048,299,713,0,0,1,0,0,0,0,0
6037,4.141,0.5043,299,713,0,0,1,0,0,0,0,0
6038,4.1975,0.5605,298,713,0,0,1,0,0,0,0,0
6039,4.1721,0.7052,297,713,0,0,1,0,0,0,0,0
6040,4.0825,0.4043,296,713,0,0,1,0,0,0,0,0
6041,4.2121,0.4274,296,713,0,0,1,0,0,0,0,0
6042,4.2041,0.5153,296,713,0,0,1,0,0,0,0,0
6043,4.397,0.5427,296,713,0,0,1,0,0,0,0,0
6044,3.8489,0.5498,296,713,0,0,1,0,0,0,0,0
6045,4.3718,0.3894,295,713,0,0,1,0,0,0,0,0
6046,3.9452,0.4662,294,713,0,0,1,0,0,0,0,0
6047,4.1743,0.4333,294,713,0,0,1,0,0,0,0,0
6048,4.2249,0.4608,294,713,0,0,1,0,0,0,0,0
6049,4.1646,0.405,293,713,0,0,1,0,0,0,0,0
6050,4.1281,0.3752,293,713,0,0,1,0,0,0,0,0
6051,4.2249,0.4758,292,713,0,0,1,0,0,0,0,0
6052,4.1547,0.4253,292,713,0,0,1,0,0,0,0,0
6053,4.1438,0.3617,292,713,0,0,1,0,0,0,0,0
6054,4.2055,0.4206,292,713,0,0,1,0,0,0,0,0
6055,4.2123,0.5949,292,713,0,0,1,0,0,0,0,0
6056,4.1675,0.4591,292,713,0,0,1,0,0,0,0,0
6057,4.1277,0.3808,292,713,0,0,1,0,0,0,0,0
6058,4.1397,0.6611,291,713,0,0,1,0,0,0,0,0
6059,4.1123,0.4646,290,713,0,0,1,0,0,0,0,0
6060,4.2101,0.6794,281,713,0,0,1,0,0,0,0,0
6061,4.1896,0.4701,281,713,0,0,1,0,0,0,0,0
6062,4.2429,0.3625,281,713,0,0,1,0,0,0,0,0
6063,4.0558,0.5892,280,713,0,0,1,0,0,0,0,0
6064,4.1536,0.5401,280,713,0,0,1,0,0,0,0,0
6065,4.3125,0.5887,279,713,0,0,1,0,0,0,0,0
6066,4.0724,0.4407,279,713,0,0,1,0,0,0,0,0
6067,4.1608,0.6808,278,713,0,0,1,0,0,0,0,0
6068,4.3901,0.4281,278,713,0,0,1,0,0,0,0,0
6069,3.8888,0.5072,277,713,0,0,1,0,0,0,0,0
6070,4.2128,0.5362,277,713,0,0,1,0,0,0,0,0
6071,4.1317,0.4264,277,713,0,0,1,0,0,0,0,0
6072,4.1531,0.5673,277,713,0,0,1,0,0,0,0,0
6073,4.1798,0.3896,275,713,0,0,1,0,0,0,0,0
6074,4.1296,0.4318,275,713,0,0,1,0,0,0,0,0
6075,4.1708,0.551,320,713,0,0,1,0,0,46,10110,0.0065
6076,4.1871,0.4469,319,713,0,0,1,0,0,0,0,0
6077,4.3542,0.6416,319,713,0,0,1,0,0,0,0,0
6078,4.0092,0.4285,319,713,0,0,1,0,0,0,0,0
6079,4.204,0.4873,318,713,0,0,1,0,0,0,0,0
6080,4.1828,0.6356,317,713,0,0,1,0,0,0,0,0
6081,4.0939,0.5353,317,713,0,0,1,0,0,0,0,0
6082,4.2344,0.4484,316,713,0,0,1,0,0,0,0,0
6083,4.1743,0.3994,316,713,0,0,1,0,0,0,0,0
6084,4.1084,0.4218,316,713,0,0,1,0,0,0,0,0
6085,4.1502,0.4378,316,713,0,0,1,0,0,0,0,0
6086,4.1426,0.4739,316,713,0,0,1,0,0,0,0,0
6087,4.2409,0.5704,316,713,0,0,1,0,0,0,0,0
6088,4.1566,0.4215,316,713,0,0,1,0,0,0,0,0
6089,4.3033,0.602,316,713,0,0,1,0,0,0,0,0
6090,4.1607,0.6922,316,713,0,0,1,0,0,0,0,0
6091,4.0249,0.6867,316,713,0,0,1,0,0,0,0,0
6092,4.1589,0.502,316,713,0,0,1,0,0,0,0,0
6093,4.1464,0.4472,315,713,0,0,1,0,0,0,0,0
6094,4.4244,0.413,315,713,0,0,1,0,0,0,0,0
6095,3.9395,0.3795,314,713,0,0,1,0,0,0,0,0
6096,4.2529,0.6487,313,713,0,0,1,0,0,0,0,0
6097,4.0883,0.5389,313,713,0,0,1,0,0,0,0,0
6098,4.1336,0.4804,313,713,0,0,1,0,0,0,0,0
6099,4.5203,0.443,313,713,0,0,1,0,0,0,0,0
6100,3.8206,0.383,312,713,0,0,1,0,0,0,0,0
6101,4.1739,0.4559,312,713,0,0,1,0,0,0,0,0
6102,4.1235,0.3972,312,713,0,0,1,0,0,0,0,0
6103,4.3733,0.7446,312,713,0,0,1,0,0,0,0,0
6104,4.029,0.5329,311,713,0,0,1,0,0,0,0,0
6105,4.1694,0.4101,311,713,0,0,1,0,0,0,0,0
6106,4.1711,0.4088,310,713,0,0,1,0,0,0,0,0
6107,4.2492,0.4303,310,713,0,0,1,0,0,0,0,0
6108,4.0543,0.6577,309,713,0,0,1,0,0,0,0,0
6109,4.1965,0.7124,309,713,0,0,1,0,0,0,0,0
6110,4.2164,0.4486,309,713,0,0,1,0,0,0,0,0
6111,4.1083,0.431,309,713,0,0,1,0,0,0,0,0
6112,4.1332,0.3775,306,713,0,0,1,0,0,0,0,0
6113,4.188,0.5622,306,713,0,0,1,0,0,0,0,0
6114,4.1417,0.6199,306,713,0,0,1,0,0,0,0,0
6115,4.2819,0.6834,306,713,0,0,1,0,0,0,0,0
6116,4.1097,0.4236,305,713,0,0,1,0,0,0,0,0
6117,4.0761,0.3679,304,713,0,0,1,0,0,0,0,0
6118,4.195,0.5016,304,713,0,0,1,0,0,0,0,0
6119,4.1883,0.4889,304,713,0,0,1,0,0,0,0,0
6120,4.1233,0.7189,304,713,0,0,1,0,0,0,0,0
6121,4.2187,0.5991,304,713,0,0,1,0,0,0,0,0
6122,4.1784,0.45,303,713,0,0,1,0,0,0,0,0
6123,4.1392,0.5042,303,713,0,0,1,0,0,0,0,0
6124,4.2076,0.4579,302,713,0,0,1,0,0,0,0,0
6125,4.4604,0.6792,302,713,0,0,1,0,0,0,0,0
6126,3.812,0.461,301,713,0,0,1,0,0,0,0,0
6127,4.3422,0.6832,301,713,0,0,1,0,0,0,0,0
6128,4.0236,0.5455,301,713,0,0,1,0,0,0,0,0
6129,4.1916,0.4665,301,713,0,0,1,0,0,0,0,0
6130,4.1786,0.4636,301,713,0,0,1,0,0,0,0,0
6131,4.104,0.3655,300,713,0,0,1,0,0,0,0,0
6132,4.2042,0.4259,299,713,0,0,1,0,0,0,0,0
6133,4.144,0.6296,297,713,0,0,1,0,0,0,0,0
6134,4.1398,0.4343,297,713,0,0,1,0,0,0,0,0
6135,4.2353,0.4376,297,713,0,0,1,0,0,0,0,0
6136,4.1612,0.3891,296,713,0,0,1,0,0,0,0,0
6137,4.1313,0.4757,289,713,0,0,1,0,0,0,0,0
6138,4.1777,0.5176,289,713,0,0,1,0,0,0,0,0
6139,4.27,0.6422,288,713,0,0,1,0,0,0,0,0
6140,4.1035,0.5208,288,713,0,0,1,0,0,0,0,0
6141,4.123,0.4335,286,713,0,0,1,0,0,0,0,0
6142,4.5383,0.6262,285,713,0,0,1,0,0,0,0,0
6143,3.8069,0.4278,285,713,0,0,1,0,0,0,0,0
6144,4.105,0.3749,285,713,0,0,1,0,0,0,0,0
6145,4.2055,0.5085,285,713,0,0,1,0,0,0,0,0
6146,4.2582,0.6667,285,713,0,0,1,0,0,0,0,0
6147,4.2017,0.4472,285,713,0,0,1,0,0,0,0,0
6148,4.0431,0.3586,285,713,0,0,1,0,0,0,0,0
6149,4.2436,0.6176,285,713,0,0,1,0,0,0,0,0
6150,4.1335,0.5103,284,713,0,0,1,0,0,0,0,0
6151,4.1552,0.6325,283,713,0,0,1,0,0,0,0,0
6152,4.1462,0.4184,317,713,0,0,1,0,0,34,5814,0.004
6153,4.1772,0.4049,317,713,0,0,1,0,0,0,0,0
6154,4.1796,0.6019,317,713,0,0,1,0,0,0,0,0
6155,4.1735,0.6866,316,713,0,0,1,0,0,0,0,0
6156,4.1696,0.451,315,713,0,0,1,0,0,0,0,0
6157,4.1141,0.5393,315,713,0,0,1,0,0,0,0,0
6158,4.2108,0.6588,315,713,0,0,1,0,0,0,0,0
6159,4.2423,0.6284,315,713,0,0,1,0,0,0,0,0
6160,4.1082,0.4742,314,713,0,0,1,0,0,0,0,0
6161,4.1715,0.5144,314,713,0,0,1,0,0,0,0,0
6162,4.1231,0.4941,314,713,0,0,1,0,0,0,0,0
6163,4.3512,0.3739,314,713,0,0,1,0,0,0,0,0
6164,4.1459,0.8627,314,713,0,0,1,0,0,0,0,0
6165,3.9808,0.4613,314,713,0,0,1,0,0,0,0,0
6166,4.1912,0.5335,314,713,0,0,1,0,0,0,0,0
6167,4.1602,0.4627,314,713,0,0,1,0,0,0,0,0
6168,4.1436,0.4172,313,713,0,0,1,0,0,0,0,0
6169,4.2267,0.4096,313,713,0,0,1,0,0,0,0,0
6170,4.124,0.4189,313,713,0,0,1,0,0,0,0,0
6171,4.1186,0.4824,313,713,0,0,1,0,0,0,0,0
6172,4.3097,0.7237,313,713,0,0,1,0,0,0,0,0
6173,4.1616,0.4695,313,713,0,0,1,0,0,0,0,0
6174,4.352,0.4877,312,713,0,0,1,0,0,0,0,0
6175,3.9423,0.6233,312,713,0,0,1,0,0,0,0,0
6176,4.0996,0.5404,311,713,0,0,1,0,0,0,0,0
6177,4.1896,0.4434,311,713,0,0,1,0,0,0,0,0
6178,4.2662,0.6747,310,713,0,0,1,0,0,0,0,0
6179,4.0902,0.377,310,713,0,0,1,0,0,0,0,0
6180,4.1715,0.4192,310,713,0,0,1,0,0,0,0,0
6181,4.1787,0.4354,310,713,0,0,1,0,0,0,0,0
6182,4.1211,0.4623,310,713,0,0,1,0,0,0,0,0
6183,4.1455,0.6966,310,713,0,0,1,0,0,0,0,0
6184,4.2234,0.3925,310,713,0,0,1,0,0,0,0,0
6185,4.1585,0.4294,308,713,0,0,1,0,0,0,0,0
6186,4.1704,0.4694,308,713,0,0,1,0,0,0,0,0
6187,4.1941,0.568,308,713,0,0,1,0,0,0,0,0
6188,4.0792,0.4593,308,713,0,0,1,0,0,0,0,0
6189,4.165,0.3663,308,713,0,0,1,0,0,0,0,0
6190,4.1541,0.5213,308,713,0,0,1,0,0,0,0,0
6191,4.207,0.4201,308,713,0,0,1,0,0,0,0,0
6192,4.216,0.5537,307,713,0,0,1,0,0,0,0,0
6193,4.1331,0.4709,307,713,0,0,1,0,0,0,0,0
6194,4.1828,0.3991,307,713,0,0,1,0,0,0,0,0
6195,4.1542,0.4002,303,713,0,0,1,0,0,0,0,0
6196,4.2043,0.4095,302,713,0,0,1,0,0,0,0,0
6197,4.2228,0.6241,301,713,0,0,1,0,0,0,0,0
6198,4.0378,0.4451,300,713,0,0,1,0,0,0,0,0
6199,4.2,0.3888,300,713,0,0,1,0,0,0,0,0
6200,4.1721,0.4154,300,713,0,0,1,0,0,0,0,0
6201,4.2016,0.2643,2,713,0,0,0,0,0,0,0,0
6202,4.1682,0.4463,2,713,0,0,0,0,0,0,0,0
6203,4.1432,0.1927,2,713,0,0,0,0,0,0,0,0
6204,4.1892,0.3346,2,713,0,0,0,0,0,0,0,0
6205,4.5149,0.3375,2,713,0,0,0,0,0,0,0,0
6206,3.7495,0.2318,2,713,0,0,0,0,0,0,0,0
6207,4.2541,0.2627,2,713,0,0,0,0,0,0,0,0
6208,4.1731,0.2502,2,713,0,0,0,0,0,0,0,0
6209,4.1639,0.3253,2,713,0,0,0,0,0,0,0,0
6210,4.1077,0.4277,2,713,0,0,0,0,0,0,0,0
6211,4.222,0.2644,2,713,0,0,0,0,0,0,0,0
6212,4.1012,0.2238,2,713,0,0,0,0,0,0,0,0
6213,4.1602,0.2445,2,713,0,0,0,0,0,0,0,0
6214,4.1877,0.2569,2,713,0,0,0,0,0,0,0,0
6215,4.211,0.2553,2,713,0,0,0,0,0,0,0,0
6216,4.2048,0.2872,2,713,0,0,0,0,0,0,0,0
6217,4.1131,0.292,2,713,0,0,0,0,0,0,0,0
6218,4.1761,0.4058,2,713,0,0,0,0,0,0,0,0
6219,4.0685,0.217,2,713,0,0,0,0,0,0,0,0
6220,4.2187,0.255,2,713,0,0,0,0,0,0,0,0
6221,4.2122,0.2356,2,713,0,0,0,0,0,0,0,0
6222,4.0861,0.3754,2,713,0,0,0,0,0,0,0,0
6223,4.2509,0.2629,2,713,0,0,0,0,0,0,0,0
6224,4.1535,0.423,2,713,0,0,0,0,0,0,0,0
6225,4.1255,0.1996,2,713,0,0,0,0,0,0,0,0
6226,4.1244,0.2595,2,713,0,0,0,0,0,0,0,0
6227,4.2289,0.1976,2,713,0,0,0,0,0,0,0,0
6228,4.224,0.3442,2,713,0,0,0,0,0,0,0,0
6229,4.1257,0.2661,2,713,0,0,0,0,0,0,0,0
6230,4.1122,0.2556,2,713,0,0,0,0,0,0,0,0
6231,4.1848,0.2542,2,713,0,0,0,0,0,0,0,0
6232,4.1832,0.2271,2,713,0,0,0,0,0,0,0,0
6233,4.3182,0.3579,2,713,0,0,0,0,0,0,0,0
6234,4.1527,0.4503,2,713,0,0,0,0,0,0,0,0
6235,3.9916,0.2563,2,713,0,0,0,0,0,0,0,0
6236,4.2003,0.225,2,713,0,0,0,0,0,0,0,0
6237,4.155,0.2559,2,713,0,0,0,0,0,0,0,0
6238,4.1724,0.261,2,713,0,0,0,0,0,0,0,0
6239,4.2353,0.2489,2,713,0,0,0,0,0,0,0,0
6240,4.0736,0.3605,2,713,0,0,0,0,0,0,0,0
6241,4.1946,0.3379,2,713,0,0,0,0,0,0,0,0
6242,4.2269,0.3616,2,713,0,0,0,0,0,0,0,0
6243,4.1688,0.3052,2,713,0,0,0,0,0,0,0,0
6244,4.1139,0.232,2,713,0,0,0,0,0,0,0,0
6245,4.1213,0.2138,2,713,0,0,0,0,0,0,0,0
6246,4.4818,0.2289,2,713,0,0,0,0,0,0,0,0
6247,3.9618,0.3483,2,713,0,0,0,0,0,0,0,0
6248,4.116,0.2962,2,713,0,0,0,0,0,0,0,0
6249,4.1372,0.2276,2,713,0,0,0,0,0,0,0,0
6250,4.2176,0.2634,2,713,0,0,0,0,0,0,0,0
6251,4.1484,0.2139,2,713,0,0,0,0,0,0,0,0
6252,4.1916,0.3607,2,713,0,0,0,0,0,0,0,0
6253,4.1979,0.4233,2,713,0,0,0,0,0,0,0,0
6254,4.1247,0.424,2,713,0,0,0,0,0,0,0,0
6255,4.0818,0.2119,2,713,0,0,0,0,0,0,0,0
6256,4.228,0.2232,2,713,0,0,0,0,0,0,0,0
6257,4.1019,0.2542,2,713,0,0,0,0,0,0,0,0
6258,4.2767,0.3507,2,713,0,0,0,0,0,0,0,0
6259,4.2439,0.2329,2,713,0,0,0,0,0,0,0,0
6260,4.1721,0.4432,2,713,0,0,0,0,0,0,0,0
6261,4.0354,0.2338,2,713,0,0,0,0,0,0,0,0
6262,4.1888,0.3732,2,713,0,0,0,0,0,0,0,0
6263,4.197,0.2818,2,713,0,0,0,0,0,0,0,0
6264,4.066,0.2526,2,713,0,0,0,0,0,0,0,0
6265,4.2466,0.4357,2,713,0,0,0,0,0,0,0,0
6266,4.171,0.4206,2,713,0,0,0,0,0,0,0,0
6267,4.1185,0.2639,2,713,0,0,0,0,0,0,0,0
6268,4.1395,0.1902,2,713,0,0,0,0,0,0,0,0
6269,4.2368,0.2616,2,713,0,0,0,0,0,0,0,0
6270,4.1749,0.2898,2,713,0,0,0,0,0,0,0,0
6271,4.228,0.4223,2,713,0,0,0,0,0,0,0,0
6272,4.0183,0.7756,2,713,0,0,0,0,0,0,0,0
6273,4.1857,0.2294,2,713,0,0,0,0,0,0,0,0
6274,4.2309,0.2599,2,713,0,0,0,0,0,0,0,0
6275,4.1538,0.2136,2,713,0,0,0,0,0,0,0,0
6276,4.1442,0.2571,2,713,0,0,0,0,0,0,0,0
6277,4.1546,0.2508,2,713,0,0,0,0,0,0,0,0
6278,4.1524,0.2258,2,713,0,0,0,0,0,0,0,0
6279,4.2826,0.2612,2,713,0,0,0,0,0,0,0,0
6280,4.1468,0.2658,2,713,0,0,0,0,0,0,0,0
6281,4.1027,0.2177,2,713,0,0,0,0,0,0,0,0
6282,4.2012,0.2548,2,713,0,0,0,0,0,0,0,0
6283,4.1836,0.3223,2,713,0,0,0,0,0,0,0,0
6284,4.407,0.4536,2,713,0,0,0,0,0,0,0,0
6285,3.8648,0.2268,2,713,0,0,0,0,0,0,0,0
6286,4.1127,0.2086,2,713,0,0,0,0,0,0,0,0
6287,4.2675,0.2468,2,713,0,0,0,0,0,0,0,0
6288,4.1814,0.2603,2,713,0,0,0,0,0,0,0,0
6289,4.1006,0.2611,2,713,0,0,0,0,0,0,0,0
6290,4.175,0.3603,2,713,0,0,0,0,0,0,0,0
6291,4.2946,0.3119,2,713,0,0,0,0,0,0,0,0
6292,4.3694,0.2266,2,713,0,0,0,0,0,0,0,0
6293,3.857,0.2596,2,713,0,0,0,0,0,0,0,0
6294,4.1747,0.2608,2,713,0,0,0,0,0,0,0,0
6295,4.2041,0.2717,2,713,0,0,0,0,0,0,0,0
6296,4.1389,0.2737,2,713,0,0,0,0,0,0,0,0
6297,4.1068,0.2264,2,713,0,0,0,0,0,0,0,0
6298,4.1291,0.2621,2,713,0,0,0,0,0,0,0,0
6299,4.238,0.2239,2,713,0,0,0,0,0,0,0,0
6300,4.8158,0.4959,53,713,0,0,1,0,0,50,1479,0.0028
6301,3.6288,0.2953,53,713,0,0,1,0,0,0,0,0
6302,4.0956,0.3432,53,713,0,0,1,0,0,0,0,0
6303,4.1498,0.5129,53,713,0,0,1,0,0,0,0,0
6304,4.1285,0.2943,53,713,0,0,1,0,0,0,0,0
6305,4.2204,0.3293,53,713,0,0,1,0,0,0,0,0
6306,4.2291,0.4089,53,713,0,0,1,0,0,0,0,0
6307,4.187,0.4878,53,713,0,0,1,0,0,0,0,0
6308,4.0879,0.3121,53,713,0,0,1,0,0,0,0,0
6309,4.0988,0.4309,53,713,0,0,1,0,0,0,0,0
6310,4.2045,0.4975,53,713,0,0,1,0,0,0,0,0
6311,4.1447,0.2482,53,713,0,0,1,0,0,0,0,0
6312,4.1882,0.302,53,713,0,0,1,0,0,0,0,0
6313,4.1499,0.5758,53,713,0,0,1,0,0,0,0,0
6314,4.172,0.3045,53,713,0,0,1,0,0,0,0,0
6315,4.1932,0.4407,53,713,0,0,1,0,0,0,0,0
6316,4.102,0.2956,53,713,0,0,1,0,0,0,0,0
6317,4.2333,0.2956,53,713,0,0,1,0,0,0,0,0
6318,4.0817,0.311,53,713,0,0,1,0,0,0,0,0
6319,4.2767,0.3251,53,713,0,0,1,0,0,0,0,0
6320,4.1148,0.3096,53,713,0,0,1,0,0,0,0,0
6321,4.1491,0.471,53,713,0,0,1,0,0,0,0,0
6322,4.2072,0.4919,53,713,0,0,1,0,0,0,0,0
6323,4.2136,0.487,53,713,0,0,1,0,0,0,0,0
6324,4.1127,0.3077,53,713,0,0,1,0,0,0,0,0
6325,4.2289,0.4398,53,713,0,0,1,0,0,0,0,0
6326,4.0628,0.3148,53,713,0,0,1,0,0,0,0,0
6327,4.2111,0.3012,53,713,0,0,1,0,0,0,0,0
6328,4.1258,0.2852,53,713,0,0,1,0,0,0,0,0
6329,4.9558,0.383,53,713,0,0,1,0,0,0,0,0
6330,3.631,0.3302,53,713,0,0,1,0,0,0,0,0
6331,3.9958,0.3256,53,713,0,0,1,0,0,0,0,0
6332,4.1154,0.2757,53,713,0,0,1,0,0,0,0,0
6333,4.1247,0.2564,53,713,0,0,1,0,0,0,0,0
6334,4.1932,0.3652,53,713,0,0,1,0,0,0,0,0
6335,4.1339,0.2534,53,713,0,0,1,0,0,0,0,0
6336,4.2769,0.3357,53,713,0,0,1,0,0,0,0,0
6337,4.1544,0.2858,53,713,0,0,1,0,0,0,0,0
6338,4.1569,0.4246,53,713,0,0,1,0,0,0,0,0
6339,4.1277,0.5418,53,713,0,0,1,0,0,0,0,0
6340,4.4971,0.2947,53,713,0,0,1,0,0,0,0,0
6341,3.8693,0.4027,53,713,0,0,1,0,0,0,0,0
6342,4.133,0.3483,53,713,0,0,1,0,0,0,0,0
6343,4.1538,0.2865,53,713,0,0,1,0,0,0,0,0
6344,4.1911,0.3335,53,713,0,0,1,0,0,0,0,0
6345,4.116,0.2629,53,713,0,0,1,0,0,0,0,0
6346,4.243,0.4392,53,713,0,0,1,0,0,0,0,0
6347,4.1094,0.3325,53,713,0,0,1,0,0,0,0,0
6348,4.2198,0.2945,53,713,0,0,1,0,0,0,0,0
6349,4.1668,0.3279,53,713,0,0,1,0,0,0,0,0
6350,4.1063,0.3008,53,713,0,0,1,0,0,0,0,0
6351,4.2569,0.3317,53,713,0,0,1,0,0,0,0,0
6352,4.3275,0.2863,53,713,0,0,1,0,0,0,0,0
6353,4.0064,0.4885,53,713,0,0,1,0,0,0,0,0
6354,4.1946,0.2903,53,713,0,0,1,0,0,0,0,0
6355,4.1048,0.3364,53,713,0,0,1,0,0,0,0,0
6356,4.1503,0.2984,53,713,0,0,1,0,0,0,0,0
6357,4.1476,0.2995,53,713,0,0,1,0,0,0,0,0
6358,4.155,0.269,53,713,0,0,1,0,0,0,0,0
6359,4.253,0.4802,53,713,0,0,1,0,0,0,0,0
6360,4.1638,0.4173,53,713,0,0,1,0,0,0,0,0
6361,4.1523,0.3265,53,713,0,0,1,0,0,0,0,0
6362,4.5144,0.501,53,713,0,0,1,0,0,0,0,0
6363,3.8096,0.2882,53,713,0,0,1,0,0,0,0,0
6364,4.1035,0.2805,53,713,0,0,1,0,0,0,0,0
6365,4.1906,0.4289,53,713,0,0,1,0,0,0,0,0
6366,4.3126,0.5298,53,713,0,0,1,0,0,0,0,0
6367,4.0619,0.5856,103,713,0,0,1,0,0,50,4413,0.0079
6368,4.0619,0.3596,103,713,0,0,1,0,0,0,0,0
6369,4.2053,0.32,103,713,0,0,1,0,0,0,0,0
6370,4.2261,0.4046,103,713,0,0,1,0,0,0,0,0
6371,4.1627,0.3371,103,713,0,0,1,0,0,0,0,0
6372,4.1562,0.4738,103,713,0,0,1,0,0,0,0,0
6373,4.2819,0.4314,103,713,0,0,1,0,0,0,0,0
6374,4.0117,0.3013,103,713,0,0,1,0,0,0,0,0
6375,4.2588,0.3629,103,713,0,0,1,0,0,0,0,0
6376,4.0937,0.3268,103,713,0,0,1,0,0,0,0,0
6377,4.2188,0.3602,103,713,0,0,1,0,0,0,0,0
6378,4.0745,0.3431,103,713,0,0,1,0,0,0,0,0
6379,4.4656,0.4272,103,713,0,0,1,0,0,0,0,0
6380,3.9593,0.3487,103,713,0,0,1,0,0,0,0,0
6381,4.1147,0.3264,103,713,0,0,1,0,0,0,0,0
6382,4.1953,0.3311,103,713,0,0,1,0,0,0,0,0
6383,4.213,0.3291,103,713,0,0,1,0,0,0,0,0
6384,4.1719,0.3337,103,713,0,0,1,0,0,0,0,0
6385,4.116,0.4633,103,713,0,0,1,0,0,0,0,0
6386,4.1894,0.3856,103,713,0,0,1,0,0,0,0,0
6387,4.2053,0.3675,103,713,0,0,1,0,0,0,0,0
6388,4.0814,0.3205,103,713,0,0,1,0,0,0,0,0
6389,4.1675,0.3494,103,713,0,0,1,0,0,0,0,0
6390,4.2121,0.3471,103,713,0,0,1,0,0,0,0,0
6391,4.2053,0.5371,103,713,0,0,1,0,0,0,0,0
6392,4.2371,0.4512,103,713,0,0,1,0,0,0,0,0
6393,3.9966,0.3029,103,713,0,0,1,0,0,0,0,0
6394,4.1384,0.3298,103,713,0,0,1,0,0,0,0,0
6395,4.2861,0.4157,103,713,0,0,1,0,0,0,0,0
6396,4.1741,0.3692,103,713,0,0,1,0,0,0,0,0
6397,4.1319,0.463,103,713,0,0,1,0,0,0,0,0
6398,4.1423,0.4982,103,713,0,0,1,0,0,0,0,0
6399,4.1719,0.2798,103,713,0,0,1,0,0,0,0,0
6400,4.1446,0.3158,103,713,0,0,1,0,0,0,0,0
6401,4.1604,0.3202,103,713,0,0,1,0,0,0,0,0
6402,4.2167,0.5357,103,713,0,0,1,0,0,0,0,0
6403,4.1717,0.4783,102,713,0,0,1,0,0,0,0,0
6404,4.1752,0.3978,102,713,0,0,1,0,0,0,0,0
6405,4.0964,0.3201,102,713,0,0,1,0,0,0,0,0
6406,4.2335,0.3533,102,713,0,0,1,0,0,0,0,0
6407,4.108,0.3286,102,713,0,0,1,0,0,0,0,0
6408,4.2109,0.3588,102,713,0,0,1,0,0,0,0,0
6409,4.1651,0.327,102,713,0,0,1,0,0,0,0,0
6410,4.1682,0.5647,102,713,0,0,1,0,0,0,0,0
6411,4.1689,0.3474,102,713,0,0,1,0,0,0,0,0
6412,4.0876,0.2284,101,713,0,0,1,0,0,0,0,0
6413,4.3948,0.4579,101,713,0,0,1,0,0,0,0,0
6414,4.015,0.3638,101,713,0,0,1,0,0,0,0,0
6415,4.0917,0.3715,101,713,0,0,1,0,0,0,0,0
6416,4.2556,0.524,101,713,0,0,1,0,0,0,0,0
6417,4.0996,0.3165,101,713,0,0,1,0,0,0,0,0
6418,4.212,0.3859,101,713,0,0,1,0,0,0,0,0
6419,4.1098,0.2929,101,713,0,0,1,0,0,0,0,0
6420,4.2473,0.3628,101,713,0,0,1,0,0,0,0,0
6421,4.1474,0.3424,101,713,0,0,1,0,0,0,0,0
6422,4.1428,0.5033,101,713,0,0,1,0,0,0,0,0
6423,4.36,0.4322,101,713,0,0,1,0,0,0,0,0
6424,3.9649,0.3351,100,713,0,0,1,0,0,0,0,0
6425,4.1391,0.2794,100,713,0,0,1,0,0,0,0,0
6426,4.2655,0.3713,100,713,0,0,1,0,0,0,0,0
6427,4.1137,0.3408,100,713,0,0,1,0,0,0,0,0
6428,4.1097,0.2802,100,713,0,0,1,0,0,0,0,0
6429,4.2034,0.3196,100,713,0,0,1,0,0,0,0,0
6430,4.1533,0.3564,100,713,0,0,1,0,0,0,0,0
6431,4.1564,0.2795,100,713,0,0,1,0,0,0,0,0
6432,4.1749,0.5072,100,713,0,0,1,0,0,0,0,0
6433,4.2369,0.4003,100,713,0,0,1,0,0,0,0,0
6434,4.1062,0.5846,150,713,0,0,1,0,0,50,6933,0.0095
6435,4.1416,0.4654,150,713,0,0,1,0,0,0,0,0
6436,4.1854,0.3295,150,713,0,0,1,0,0,0,0,0
6437,4.2055,0.3453,150,713,0,0,1,0,0,0,0,0
6438,4.1955,0.427,150,713,0,0,1,0,0,0,0,0
6439,4.3879,0.4656,150,713,0,0,1,0,0,0,0,0
6440,3.9425,0.5743,150,713,0,0,1,0,0,0,0,0
6441,4.1224,0.3645,150,713,0,0,1,0,0,0,0,0
6442,4.5169,0.4989,150,713,0,0,1,0,0,0,0,0
6443,3.7859,0.3484,150,713,0,0,1,0,0,0,0,0
6444,4.2404,0.4101,150,713,0,0,1,0,0,0,0,0
6445,4.16,0.4731,150,713,0,0,1,0,0,0,0,0
6446,4.0749,0.2782,150,713,0,0,1,0,0,0,0,0
6447,4.2948,0.3636,150,713,0,0,1,0,0,0,0,0
6448,4.0687,0.3718,150,713,0,0,1,0,0,0,0,0
6449,4.3238,0.5874,150,713,0,0,1,0,0,0,0,0
6450,4.034,0.5749,150,713,0,0,1,0,0,0,0,0
6451,4.1396,0.327,150,713,0,0,1,0,0,0,0,0
6452,4.2357,0.3977,150,713,0,0,1,0,0,0,0,0
6453,4.0992,0.3932,150,713,0,0,1,0,0,0,0,0
6454,4.1922,0.5186,150,713,0,0,1,0,0,0,0,0
6455,4.1656,0.3826,150,713,0,0,1,0,0,0,0,0
6456,4.2099,0.4468,150,713,0,0,1,0,0,0,0,0
6457,4.1367,0.3695,150,713,0,0,1,0,0,0,0,0
6458,4.2297,0.4201,150,713,0,0,1,0,0,0,0,0
6459,4.1371,0.4428,150,713,0,0,1,0,0,0,0,0
6460,4.1695,0.3557,150,713,0,0,1,0,0,0,0,0
6461,4.2343,0.4553,150,713,0,0,1,0,0,0,0,0
6462,4.3806,0.5436,150,713,0,0,1,0,0,0,0,0
6463,3.8928,0.4075,150,713,0,0,1,0,0,0,0,0
6464,4.1196,0.3968,150,713,0,0,1,0,0,0,0,0
6465,4.1474,0.353,150,713,0,0,1,0,0,0,0,0
6466,4.251,0.6173,150,713,0,0,1,0,0,0,0,0
6467,4.0876,0.2896,150,713,0,0,1,0,0,0,0,0
6468,4.1876,0.4449,150,713,0,0,1,0,0,0,0,0
6469,4.1269,0.3926,150,713,0,0,1,0,0,0,0,0
6470,4.1717,0.3879,150,713,0,0,1,0,0,0,0,0
6471,4.2207,0.3648,149,713,0,0,1,0,0,0,0,0
6472,4.5102,0.3518,149,713,0,0,1,0,0,0,0,0
6473,4.2316,0.5768,149,713,0,0,1,0,0,0,0,0
6474,3.7579,0.5313,148,713,0,0,1,0,0,0,0,0
6475,4.1997,0.4137,148,713,0,0,1,0,0,0,0,0
6476,4.1091,0.3936,148,713,0,0,1,0,0,0,0,0
6477,4.1804,0.3816,148,713,0,0,1,0,0,0,0,0
6478,4.1527,0.395,148,713,0,0,1,0,0,0,0,0
6479,4.2311,0.3289,148,713,0,0,1,0,0,0,0,0
6480,4.2102,0.5103,147,713,0,0,1,0,0,0,0,0
6481,4.0845,0.3041,147,713,0,0,1,0,0,0,0,0
6482,4.1848,0.3796,147,713,0,0,1,0,0,0,0,0
6483,4.1302,0.3664,145,713,0,0,1,0,0,0,0,0
6484,4.1601,0.4683,145,713,0,0,1,0,0,0,0,0
6485,4.1698,0.5067,145,713,0,0,1,0,0,0,0,0
6486,4.3185,0.6067,145,713,0,0,1,0,0,0,0,0
6487,4.0899,0.6152,145,713,0,0,1,0,0,0,0,0
6488,4.5108,0.3926,145,713,0,0,1,0,0,0,0,0
6489,3.7083,0.3542,145,713,0,0,1,0,0,0,0,0
6490,4.2134,0.3843,145,713,0,0,1,0,0,0,0,0
6491,4.2217,0.4319,145,713,0,0,1,0,0,0,0,0
6492,4.1771,0.497,144,713,0,0,1,0,0,0,0,0
6493,4.1923,0.2995,144,713,0,0,1,0,0,0,0,0
6494,4.1732,0.6324,144,713,0,0,1,0,0,0,0,0
6495,4.0285,0.3727,144,713,0,0,1,0,0,0,0,0
6496,4.2618,0.351,144,713,0,0,1,0,0,0,0,0
6497,4.0604,0.3699,144,713,0,0,1,0,0,0,0,0
6498,4.2963,0.5269,144,713,0,0,1,0,0,0,0,0
6499,4.1797,0.3582,144,713,0,0,1,0,0,0,0,0
6500,4.0862,0.4415,144,713,0,0,1,0,0,0,0,0
6501,4.1164,0.3773,194,713,0,0,1,0,0,50,9120,0.006
6502,4.2344,0.4286,194,713,0,0,1,0,0,0,0,0
6503,4.2623,0.4585,194,713,0,0,1,0,0,0,0,0
6504,4.0835,0.5347,194,713,0,0,1,0,0,0,0,0
6505,4.2209,0.5935,194,713,0,0,1,0,0,0,0,0
6506,4.1235,0.5218,194,713,0,0,1,0,0,0,0,0
6507,4.1785,0.4449,194,713,0,0,1,0,0,0,0,0
6508,4.0744,0.3048,194,713,0,0,1,0,0,0,0,0
6509,4.1959,0.4021,194,713,0,0,1,0,0,0,0,0
6510,4.2162,0.3866,194,713,0,0,1,0,0,0,0,0
6511,4.3271,0.5204,194,713,0,0,1,0,0,0,0,0
6512,3.9727,0.3842,194,713,0,0,1,0,0,0,0,0
6513,4.1276,0.3925,194,713,0,0,1,0,0,0,0,0
6514,4.2764,0.3772,194,713,0,0,1,0,0,0,0,0
6515,4.1488,0.4516,194,713,0,0,1,0,0,0,0,0
6516,4.1584,0.521,192,713,0,0,1,0,0,0,0,0
6517,4.1249,0.5405,192,713,0,0,1,0,0,0,0,0
6518,4.1435,0.4229,192,713,0,0,1,0,0,0,0,0
6519,4.1867,0.3898,192,713,0,0,1,0,0,0,0,0
6520,4.1507,0.3998,192,713,0,0,1,0,0,0,0,0
6521,4.2693,0.5061,192,713,0,0,1,0,0,0,0,0
6522,4.1718,0.6038,192,713,0,0,1,0,0,0,0,0
6523,4.1249,0.5383,192,713,0,0,1,0,0,0,0,0
6524,4.2125,0.6075,192,713,0,0,1,0,0,0,0,0
6525,4.0438,0.3077,192,713,0,0,1,0,0,0,0,0
6526,4.2259,0.4777,192,713,0,0,1,0,0,0,0,0
6527,4.1911,0.3662,192,713,0,0,1,0,0,0,0,0
6528,4.1409,0.4792,192,713,0,0,1,0,0,0,0,0
6529,4.1747,0.344,192,713,0,0,1,0,0,0,0,0
6530,4.2376,0.5637,192,713,0,0,1,0,0,0,0,0
6531,4.0959,0.3706,192,713,0,0,1,0,0,0,0,0
6532,4.1113,0.3889,192,713,0,0,1,0,0,0,0,0
6533,4.2061,0.43,192,713,0,0,1,0,0,0,0,0
6534,4.1767,0.4289,192,713,0,0,1,0,0,0,0,0
6535,4.1698,0.527,192,713,0,0,1,0,0,0,0,0
6536,4.1675,0.6238,192,713,0,0,1,0,0,0,0,0
6537,4.1092,0.4074,192,713,0,0,1,0,0,0,0,0
6538,4.1976,0.3736,192,713,0,0,1,0,0,0,0,0
6539,4.1015,0.3693,192,713,0,0,1,0,0,0,0,0
6540,4.229,0.3449,191,713,0,0,1,0,0,0,0,0
6541,4.1771,0.3702,191,713,0,0,1,0,0,0,0,0
6542,4.1185,0.3141,191,713,0,0,1,0,0,0,0,0
6543,4.31,0.4904,190,713,0,0,1,0,0,0,0,0
6544,4.0632,0.3106,189,713,0,0,1,0,0,0,0,0
6545,4.1605,0.419,188,713,0,0,1,0,0,0,0,0
6546,4.2279,0.3637,188,713,0,0,1,0,0,0,0,0
6547,4.2175,0.6657,188,713,0,0,1,0,0,0,0,0
6548,4.0624,0.4795,188,713,0,0,1,0,0,0,0,0
6549,4.1206,0.5438,188,713,0,0,1,0,0,0,0,0
6550,4.175,0.421,187,713,0,0,1,0,0,0,0,0
6551,4.142,0.3858,187,713,0,0,1,0,0,0,0,0
6552,4.2533,0.3754,187,713,0,0,1,0,0,0,0,0
6553,4.1313,0.3867,187,713,0,0,1,0,0,0,0,0
6554,4.1757,0.5627,187,713,0,0,1,0,0,0,0,0
6555,4.1323,0.4112,187,713,0,0,1,0,0,0,0,0
6556,4.2279,0.607,187,713,0,0,1,0,0,0,0,0
6557,4.222,0.5795,187,713,0,0,1,0,0,0,0,0
6558,4.1174,0.4019,187,713,0,0,1,0,0,0,0,0
6559,4.1371,0.5158,186,713,0,0,1,0,0,0,0,0
6560,4.1697,0.4242,185,713,0,0,1,0,0,0,0,0
6561,4.125,0.3689,184,713,0,0,1,0,0,0,0,0
6562,4.1909,0.3794,184,713,0,0,1,0,0,0,0,0
6563,4.139,0.378,184,713,0,0,1,0,0,0,0,0
6564,4.1679,0.5349,184,713,0,0,1,0,0,0,0,0
6565,4.1925,0.3958,184,713,0,0,1,0,0,0,0,0
6566,4.1837,0.397,184,713,0,0,1,0,0,0,0,0
6567,4.1596,0.5228,183,713,0,0,1,0,0,0,0,0
6568,4.1691,0.4235,233,713,0,0,1,0,0,50,10641,0.0068
6569,4.2034,0.3895,233,713,0,0,1,0,0,0,0,0
6570,4.119,0.4565,233,713,0,0,1,0,0,0,0,0
6571,4.2315,0.4318,233,713,0,0,1,0,0,0,0,0
6572,4.1354,0.3711,233,713,0,0,1,0,0,0,0,0
6573,4.1188,0.5826,233,713,0,0,1,0,0,0,0,0
6574,4.2931,0.6029,233,713,0,0,1,0,0,0,0,0
6575,4.0485,0.4303,233,713,0,0,1,0,0,0,0,0
6576,4.2483,0.4946,233,713,0,0,1,0,0,0,0,0
6577,4.1046,0.402,233,713,0,0,1,0,0,0,0,0
6578,4.1647,0.4539,233,713,0,0,1,0,0,0,0,0
6579,4.1693,0.451,232,713,0,0,1,0,0,0,0,0
6580,4.1299,0.3549,232,713,0,0,1,0,0,0,0,0
6581,4.2065,0.4302,232,713,0,0,1,0,0,0,0,0
6582,4.2049,0.3933,232,713,0,0,1,0,0,0,0,0
6583,4.3916,0.5344,232,713,0,0,1,0,0,0,0,0
6584,3.8627,0.4386,232,713,0,0,1,0,0,0,0,0
6585,4.172,0.3216,232,713,0,0,1,0,0,0,0,0
6586,4.2246,0.6643,232,713,0,0,1,0,0,0,0,0
6587,4.222,0.4978,232,713,0,0,1,0,0,0,0,0
6588,4.1117,0.7601,231,713,0,0,1,0,0,0,0,0
6589,4.1354,0.4101,231,713,0,0,1,0,0,0,0,0
6590,4.1144,0.3251,231,713,0,0,1,0,0,0,0,0
6591,4.2944,0.6483,231,713,0,0,1,0,0,0,0,0
6592,4.0933,0.4071,231,713,0,0,1,0,0,0,0,0
6593,4.2572,0.5523,231,713,0,0,1,0,0,0,0,0
6594,4.1115,0.4787,231,713,0,0,1,0,0,0,0,0
6595,4.1432,0.3784,231,713,0,0,1,0,0,0,0,0
6596,4.2153,0.4576,231,713,0,0,1,0,0,0,0,0
6597,4.1026,0.4923,229,713,0,0,1,0,0,0,0,0
6598,4.1699,0.4092,229,713,0,0,1,0,0,0,0,0
6599,4.2184,0.4459,229,713,0,0,1,0,0,0,0,0
6600,4.1451,0.4255,229,713,0,0,1,0,0,0,0,0
6601,4.1815,0.3728,229,713,0,0,1,0,0,0,0,0
6602,4.1889,0.4919,228,713,0,0,1,0,0,0,0,0
6603,4.1097,0.3573,228,713,0,0,1,0,0,0,0,0
6604,4.154,0.5038,227,713,0,0,1,0,0,0,0,0
6605,4.2151,0.3811,227,713,0,0,1,0,0,0,0,0
6606,4.1643,0.3975,227,713,0,0,1,0,0,0,0,0
6607,4.189,0.4671,227,713,0,0,1,0,0,0,0,0
6608,4.1275,0.4149,227,713,0,0,1,0,0,0,0,0
6609,4.1305,0.4082,226,713,0,0,1,0,0,0,0,0
6610,4.1595,0.439,226,713,0,0,1,0,0,0,0,0
6611,4.2541,0.3279,225,713,0,0,1,0,0,0,0,0
6612,4.185,0.5619,225,713,0,0,1,0,0,0,0,0
6613,4.112,0.4036,224,713,0,0,1,0,0,0,0,0
6614,4.42,0.4358,224,713,0,0,1,0,0,0,0,0
6615,3.8525,0.4114,224,713,0,0,1,0,0,0,0,0
6616,4.2168,0.3305,224,713,0,0,1,0,0,0,0,0
6617,4.1636,0.5595,224,713,0,0,1,0,0,0,0,0
6618,4.2347,0.5874,224,713,0,0,1,0,0,0,0,0
6619,4.2172,0.5222,223,713,0,0,1,0,0,0,0,0
6620,4.0731,0.4964,223,713,0,0,1,0,0,0,0,0
6621,4.1611,0.3165,222,713,0,0,1,0,0,0,0,0
6622,4.1329,0.4315,222,713,0,0,1,0,0,0,0,0
6623,4.172,0.3863,221,713,0,0,1,0,0,0,0,0
6624,4.5022,0.5556,221,713,0,0,1,0,0,0,0,0
6625,3.8121,0.453,220,713,0,0,1,0,0,0,0,0
6626,4.2482,0.3747,220,713,0,0,1,0,0,0,0,0
6627,4.1658,0.4607,220,713,0,0,1,0,0,0,0,0
6628,4.0792,0.3398,220,713,0,0,1,0,0,0,0,0
6629,4.2345,0.4259,220,713,0,0,1,0,0,0,0,0
6630,4.1688,0.655,220,713,0,0,1,0,0,0,0,0
6631,4.2005,0.5986,220,713,0,0,1,0,0,0,0,0
6632,4.0963,0.432,220,713,0,0,1,0,0,0,0,0
6633,4.1459,0.3604,219,713,0,0,1,0,0,0,0,0
6634,4.1759,0.408,219,713,0,0,1,0,0,0,0,0
6635,4.2293,0.5048,269,713,0,0,1,0,0,50,12156,0.0089
6636,4.1695,0.6047,269,713,0,0,1,0,0,0,0,0
6637,4.1252,0.5914,269,713,0,0,1,0,0,0,0,0
6638,4.4081,0.5249,268,713,0,0,1,0,0,0,0,0
6639,3.932,0.624,268,713,0,0,1,0,0,0,0,0
6640,4.1627,0.3462,268,713,0,0,1,0,0,0,0,0
6641,4.1457,0.4321,268,713,0,0,1,0,0,0,0,0
6642,4.2018,0.427,268,713,0,0,1,0,0,0,0,0
6643,4.2222,0.5922,268,713,0,0,1,0,0,0,0,0
6644,4.115,0.6506,268,713,0,0,1,0,0,0,0,0
6645,4.1418,0.4425,268,713,0,0,1,0,0,0,0,0
6646,4.145,0.423,268,713,0,0,1,0,0,0,0,0
6647,4.2369,0.5755,268,713,0,0,1,0,0,0,0,0
6648,4.0937,0.6261,268,713,0,0,1,0,0,0,0,0
6649,4.1837,0.4374,267,713,0,0,1,0,0,0,0,0
6650,4.3545,0.5651,267,713,0,0,1,0,0,0,0,0
6651,4.0238,0.4819,267,713,0,0,1,0,0,0,0,0
6652,4.1338,0.448,267,713,0,0,1,0,0,0,0,0
6653,4.1451,0.3906,267,713,0,0,1,0,0,0,0,0
6654,4.1148,0.4114,267,713,0,0,1,0,0,0,0,0
6655,4.268,0.6786,267,713,0,0,1,0,0,0,0,0
6656,4.2608,0.7158,266,713,0,0,1,0,0,0,0,0
6657,4.084,0.5604,266,713,0,0,1,0,0,0,0,0
6658,4.092,0.4236,266,713,0,0,1,0,0,0,0,0
6659,4.249,0.5562,266,713,0,0,1,0,0,0,0,0
6660,4.0997,0.3639,266,713,0,0,1,0,0,0,0,0
6661,4.1531,0.5068,266,713,0,0,1,0,0,0,0,0
6662,4.3204,0.6296,266,713,0,0,1,0,0,0,0,0
6663,4.0608,0.6015,265,713,0,0,1,0,0,0,0,0
6664,4.1482,0.3918,265,713,0,0,1,0,0,0,0,0
6665,4.1295,0.4226,264,713,0,0,1,0,0,0,0,0
6666,4.1652,0.4156,264,713,0,0,1,0,0,0,0,0
6667,4.1601,0.4666,263,713,0,0,1,0,0,0,0,0
6668,4.2085,0.6539,263,713,0,0,1,0,0,0,0,0
6669,4.2175,0.6561,263,713,0,0,1,0,0,0,0,0
6670,4.1088,0.5449,263,713,0,0,1,0,0,0,0,0
6671,4.2555,0.3554,263,713,0,0,1,0,0,0,0,0
6672,4.0821,0.5026,263,713,0,0,1,0,0,0,0,0
6673,4.166,0.411,263,713,0,0,1,0,0,0,0,0
6674,4.2239,0.55,263,713,0,0,1,0,0,0,0,0
6675,4.2722,0.5933,263,713,0,0,1,0,0,0,0,0
6676,4.036,0.4366,262,713,0,0,1,0,0,0,0,0
6677,4.0852,0.3348,262,713,0,0,1,0,0,0,0,0
6678,4.2944,0.5461,262,713,0,0,1,0,0,0,0,0
6679,4.1032,0.4358,262,713,0,0,1,0,0,0,0,0
6680,4.137,0.5712,262,713,0,0,1,0,0,0,0,0
6681,4.195,0.3506,261,713,0,0,1,0,0,0,0,0
6682,4.1499,0.4155,261,713,0,0,1,0,0,0,0,0
6683,4.181,0.4092,260,713,0,0,1,0,0,0,0,0
6684,4.1525,0.3539,259,713,0,0,1,0,0,0,0,0
6685,4.1678,0.434,259,713,0,0,1,0,0,0,0,0
6686,4.1643,0.7231,257,713,0,0,1,0,0,0,0,0
6687,4.2498,0.586,257,713,0,0,1,0,0,0,0,0
6688,4.1145,0.4344,257,713,0,0,1,0,0,0,0,0
6689,4.1134,0.5636,256,713,0,0,1,0,0,0,0,0
6690,4.2332,0.5837,255,713,0,0,1,0,0,0,0,0
6691,4.1702,0.7113,253,713,0,0,1,0,0,0,0,0
6692,4.1658,0.6025,253,713,0,0,1,0,0,0,0,0
6693,4.108,0.4947,253,713,0,0,1,0,0,0,0,0
6694,4.176,0.4601,253,713,0,0,1,0,0,0,0,0
6695,4.2606,0.529,252,713,0,0,1,0,0,0,0,0
6696,4.4074,0.4053,252,713,0,0,1,0,0,0,0,0
6697,3.8574,0.5048,252,713,0,0,1,0,0,0,0,0
6698,4.2048,0.6385,252,713,0,0,1,0,0,0,0,0
6699,4.0979,0.5029,252,713,0,0,1,0,0,0,0,0
6700,4.1911,0.4466,252,713,0,0,1,0,0,0,0,0
6701,4.1584,0.4072,251,713,0,0,1,0,0,0,0,0
6702,4.2196,0.3959,251,713,0,0,1,0,0,0,0,0
6703,4.1342,0.5164,301,713,0,0,1,7,0.0422,50,12687,0.0088
6704,4.1151,0.6383,300,713,0,0,1,0,0,0,0,0
6705,4.2065,0.6698,300,713,0,0,1,0,0,0,0,0
6706,4.4687,0.6798,299,713,0,0,1,0,0,0,0,0
6707,3.9392,0.5566,298,713,0,0,1,0,0,0,0,0
6708,4.1309,0.553,298,713,0,0,1,0,0,0,0,0
6709,4.1389,0.6108,298,713,0,0,1,0,0,0,0,0
6710,4.4006,0.6078,298,713,0,0,1,0,0,0,0,0
6711,3.9526,0.4474,298,713,0,0,1,0,0,0,0,0
6712,4.1167,0.6514,298,713,0,0,1,0,0,0,0,0
6713,4.2255,0.5123,297,713,0,0,1,0,0,0,0,0
6714,4.156,0.427,297,713,0,0,1,0,0,0,0,0
6715,4.1948,0.4269,297,713,0,0,1,0,0,0,0,0
6716,4.4795,0.3826,297,713,0,0,1,0,0,0,0,0
6717,3.7425,0.4984,297,713,0,0,1,0,0,0,0,0
6718,4.2391,0.6846,297,713,0,0,1,0,0,0,0,0
6719,4.2104,0.409,297,713,0,0,1,0,0,0,0,0
6720,4.1315,0.4568,296,713,0,0,1,0,0,0,0,0
6721,4.166,0.4096,295,713,0,0,1,0,0,0,0,0
6722,4.5404,0.7081,294,713,0,0,1,0,0,0,0,0
6723,3.7929,0.4965,294,713,0,0,1,0,0,0,0,0
6724,4.1351,0.383,294,713,0,0,1,0,0,0,0,0
6725,4.2522,0.6297,294,713,0,0,1,0,0,0,0,0
6726,4.1194,0.5145,294,713,0,0,1,0,0,0,0,0
6727,4.4233,0.4531,293,713,0,0,1,0,0,0,0,0
6728,3.9242,0.4446,292,713,0,0,1,0,0,0,0,0
6729,4.1112,0.4465,291,713,0,0,1,0,0,0,0,0
6730,4.197,0.4191,291,713,0,0,1,0,0,0,0,0
6731,4.2164,0.5499,291,713,0,0,1,0,0,0,0,0
6732,4.1455,0.5009,291,713,0,0,1,0,0,0,0,0
6733,4.1414,0.3951,291,713,0,0,1,0,0,0,0,0
6734,4.0943,0.3829,291,713,0,0,1,0,0,0,0,0
6735,4.2853,0.4836,290,713,0,0,1,0,0,0,0,0
6736,4.0819,0.3919,290,713,0,0,1,0,0,0,0,0
6737,4.1923,0.5173,290,713,0,0,1,0,0,0,0,0
6738,4.2266,0.37,290,713,0,0,1,0,0,0,0,0
6739,4.1467,0.5862,290,713,0,0,1,0,0,0,0,0
6740,4.1549,0.4612,290,713,0,0,1,0,0,0,0,0
6741,4.1268,0.3689,290,713,0,0,1,0,0,0,0,0
6742,4.5065,0.5644,290,713,0,0,1,0,0,0,0,0
6743,3.9056,0.4476,290,713,0,0,1,0,0,0,0,0
6744,4.2037,0.5863,289,713,0,0,1,0,0,0,0,0
6745,4.0603,0.4457,288,713,0,0,1,0,0,0,0,0
6746,4.4531,0.6534,288,713,0,0,1,0,0,0,0,0
6747,3.9315,0.4939,288,713,0,0,1,0,0,0,0,0
6748,4.1611,0.4826,288,713,0,0,1,0,0,0,0,0
6749,4.3817,0.6248,288,713,0,0,1,0,0,0,0,0
6750,4.0006,0.6858,288,713,0,0,1,0,0,0,0,0
6751,4.1026,0.482,288,713,0,0,1,0,0,0,0,0
6752,4.149,0.4915,288,713,0,0,1,0,0,0,0,0
6753,4.1475,0.4046,288,713,0,0,1,0,0,0,0,0
6754,4.4594,0.6351,288,713,0,0,1,0,0,0,0,0
6755,3.9491,0.3872,288,713,0,0,1,0,0,0,0,0
6756,4.1645,0.4534,288,713,0,0,1,0,0,0,0,0
6757,4.1022,0.404,288,713,0,0,1,0,0,0,0,0
6758,4.1838,0.5846,288,713,0,0,1,0,0,0,0,0
6759,4.1016,0.3736,288,713,0,0,1,0,0,0,0,0
6760,4.2128,0.512,287,713,0,0,1,0,0,0,0,0
6761,4.4627,0.5818,287,713,0,0,1,0,0,0,0,0
6762,3.9941,0.6713,286,713,0,0,1,0,0,0,0,0
6763,4.3303,0.5395,286,713,0,0,1,0,0,0,0,0
6764,4.2812,0.6161,286,713,0,0,1,0,0,0,0,0
6765,3.7614,0.413,285,713,0,0,1,0,0,0,0,0
6766,4.1734,0.4336,284,713,0,0,1,0,0,0,0,0
6767,4.2303,0.4011,284,713,0,0,1,0,0,0,0,0
6768,4.1339,0.7129,284,713,0,0,1,0,0,0,0,0
6769,4.1458,0.5858,284,713,0,0,1,0,0,0,0,0
6770,4.2077,0.5786,334,713,0,0,1,17,0.0959,50,14550,0.0106
6771,4.1586,0.4375,333,713,0,0,1,0,0,0,0,0
6772,4.1353,0.4353,333,713,0,0,1,0,0,0,0,0
6773,4.1817,0.4225,333,713,0,0,1,0,0,0,0,0
6774,4.1928,0.5222,332,713,0,0,1,0,0,0,0,0
6775,4.1803,0.679,332,713,0,0,1,0,0,0,0,0
6776,4.1459,0.4869,332,713,0,0,1,0,0,0,0,0
6777,4.121,0.3948,332,713,0,0,1,0,0,0,0,0
6778,4.1213,0.4069,332,713,0,0,1,0,0,0,0,0
6779,4.2073,0.391,332,713,0,0,1,0,0,0,0,0
6780,4.2212,0.4955,332,713,0,0,1,0,0,0,0,0
6781,4.1538,0.4451,332,713,0,0,1,0,0,0,0,0
6782,4.1168,0.4649,332,713,0,0,1,0,0,0,0,0
6783,4.1758,0.4361,331,713,0,0,1,0,0,0,0,0
6784,4.1719,0.4022,331,713,0,0,1,0,0,0,0,0
6785,4.1828,0.4138,330,713,0,0,1,0,0,0,0,0
6786,4.2316,0.4304,330,713,0,0,1,0,0,0,0,0
6787,4.1253,0.5841,329,713,0,0,1,0,0,0,0,0
6788,4.2457,0.6266,329,713,0,0,1,0,0,0,0,0
6789,4.0468,0.4528,329,713,0,0,1,0,0,0,0,0
6790,4.1785,0.4403,329,713,0,0,1,0,0,0,0,0
6791,4.1521,0.4034,328,713,0,0,1,0,0,0,0,0
6792,4.455,0.3893,328,713,0,0,1,0,0,0,0,0
6793,4.0492,0.6111,327,713,0,0,1,0,0,0,0,0
6794,4.0278,0.4176,327,713,0,0,1,0,0,0,0,0
6795,4.1617,0.8153,327,713,0,0,1,0,0,0,0,0
6796,4.1305,0.6514,326,713,0,0,1,0,0,0,0,0
6797,4.2773,0.5904,326,713,0,0,1,0,0,0,0,0
6798,4.1084,0.4631,326,713,0,0,1,0,0,0,0,0
6799,4.1765,0.3908,326,713,0,0,1,0,0,0,0,0
6800,4.0729,0.5737,326,713,0,0,1,0,0,0,0,0
6801,4.2836,0.4761,325,713,0,0,1,0,0,0,0,0
6802,4.0095,0.4785,324,713,0,0,1,0,0,0,0,0
6803,4.2437,0.432,324,713,0,0,1,0,0,0,0,0
6804,4.1539,0.5333,324,713,0,0,1,0,0,0,0,0
6805,4.1848,0.375,324,713,0,0,1,0,0,0,0,0
6806,4.1957,0.3861,324,713,0,0,1,0,0,0,0,0
6807,4.2349,0.6143,324,713,0,0,1,0,0,0,0,0
6808,4.0869,0.4661,324,713,0,0,1,0,0,0,0,0
6809,4.1958,0.6424,324,713,0,0,1,0,0,0,0,0
6810,4.1221,0.4154,322,713,0,0,1,0,0,0,0,0
6811,4.2108,0.6212,321,713,0,0,1,0,0,0,0,0
6812,4.0888,0.4183,320,713,0,0,1,0,0,0,0,0
6813,4.2627,0.4078,320,713,0,0,1,0,0,0,0,0
6814,4.332,0.7301,319,713,0,0,1,0,0,0,0,0
6815,3.9648,0.6733,318,713,0,0,1,0,0,0,0,0
6816,4.5063,0.5378,317,713,0,0,1,0,0,0,0,0
6817,3.9379,0.6004,317,713,0,0,1,0,0,0,0,0
6818,4.0923,0.568,316,713,0,0,1,0,0,0,0,0
6819,4.0661,0.4575,315,713,0,0,1,0,0,0,0,0
6820,4.201,0.5092,314,713,0,0,1,0,0,0,0,0
6821,4.6663,0.4815,314,713,0,0,1,0,0,0,0,0
6822,3.6751,0.5095,313,713,0,0,1,0,0,0,0,0
6823,4.2228,0.4872,313,713,0,0,1,0,0,0,0,0
6824,4.3782,0.5663,313,713,0,0,1,0,0,0,0,0
6825,3.8703,0.4582,313,713,0,0,1,0,0,0,0,0
6826,4.3022,0.7428,313,713,0,0,1,0,0,0,0,0
6827,4.0773,0.6803,313,713,0,0,1,0,0,0,0,0
6828,4.5614,0.7129,313,713,0,0,1,0,0,0,0,0
6829,4.0471,0.5093,313,713,0,0,1,0,0,0,0,0
6830,3.8119,0.4044,313,713,0,0,1,0,0,0,0,0
6831,4.1929,0.5288,313,713,0,0,1,0,0,0,0,0
6832,4.0987,0.3498,313,713,0,0,1,0,0,0,0,0
6833,4.1254,0.55,313,713,0,0,1,0,0,0,0,0
6834,4.2062,0.4639,313,713,0,0,1,0,0,0,0,0
6835,4.2094,0.554,312,713,0,0,1,0,0,0,0,0
6836,4.0924,0.3997,311,713,0,0,1,0,0,0,0,0
6837,4.1906,0.5703,361,713,0,0,1,15,0.0822,50,15012,0.0071
6838,4.3897,0.624,361,713,0,0,1,0,0,0,0,0
6839,4.0286,0.3886,360,713,0,0,1,0,0,0,0,0
6840,4.4735,0.5276,359,713,0,0,1,0,0,0,0,0
6841,4.1134,0.5146,359,713,0,0,1,0,0,0,0,0
6842,4.2771,0.705,358,713,0,0,1,0,0,0,0,0
6843,3.7651,0.3356,357,713,0,0,1,0,0,0,0,0
6844,4.154,0.3229,357,713,0,0,1,0,0,0,0,0
6845,4.5421,0.5464,357,713,0,0,1,0,0,0,0,0
6846,3.8424,0.4742,357,713,0,0,1,0,0,0,0,0
6847,4.2445,0.5006,357,713,0,0,1,0,0,0,0,0
6848,4.0819,0.5331,357,713,0,0,1,0,0,0,0,0
6849,4.1185,0.4147,357,713,0,0,1,0,0,0,0,0
6850,4.2415,0.4217,357,713,0,0,1,0,0,0,0,0
6851,4.2438,0.3938,357,713,0,0,1,0,0,0,0,0
6852,4.1879,0.4896,356,713,0,0,1,0,0,0,0,0
6853,4.1098,0.4432,355,713,0,0,1,0,0,0,0,0
6854,4.2792,0.3695,355,713,0,0,1,0,0,0,0,0
6855,4.0808,0.4062,355,713,0,0,1,0,0,0,0,0
6856,4.0061,0.3408,355,713,0,0,1,0,0,0,0,0
6857,4.3146,0.5947,355,713,0,0,1,0,0,0,0,0
6858,4.1843,0.4809,355,713,0,0,1,0,0,0,0,0
6859,4.1449,0.4545,354,713,0,0,1,0,0,0,0,0
6860,4.126,0.5576,354,713,0,0,1,0,0,0,0,0
6861,4.0992,0.392,353,713,0,0,1,0,0,0,0,0
6862,4.2984,0.5352,353,713,0,0,1,0,0,0,0,0
6863,4.1651,0.3636,352,713,0,0,1,0,0,0,0,0
6864,4.0708,0.4996,352,713,0,0,1,0,0,0,0,0
6865,4.1987,0.3303,352,713,0,0,1,0,0,0,0,0
6866,4.2721,0.4503,349,713,0,0,1,0,0,0,0,0
6867,4.0754,0.438,349,713,0,0,1,0,0,0,0,0
6868,4.0447,0.3199,347,713,0,0,1,0,0,0,0,0
6869,4.3352,0.432,347,713,0,0,1,0,0,0,0,0
6870,4.1765,0.6445,347,713,0,0,1,0,0,0,0,0
6871,4.2073,0.51,346,713,0,0,1,0,0,0,0,0
6872,4.1253,0.6177,346,713,0,0,1,0,0,0,0,0
6873,4.0193,0.3709,345,713,0,0,1,0,0,0,0,0
6874,4.1308,0.3441,344,713,0,0,1,0,0,0,0,0
6875,4.3793,0.3749,344,713,0,0,1,0,0,0,0,0
6876,4.1577,0.3161,344,713,0,0,1,0,0,0,0,0
6877,4.119,0.4383,343,713,0,0,1,0,0,0,0,0
6878,4.208,0.498,341,713,0,0,1,0,0,0,0,0
6879,3.9766,0.3183,340,713,0,0,1,0,0,0,0,0
6880,4.1949,0.3997,340,713,0,0,1,0,0,0,0,0
6881,4.3293,0.4491,340,713,0,0,1,0,0,0,0,0
6882,4.1205,0.6098,340,713,0,0,1,0,0,0,0,0
6883,4.2152,0.5531,337,713,0,0,1,0,0,0,0,0
6884,4.2806,0.5326,337,713,0,0,1,0,0,0,0,0
6885,3.8903,0.3071,337,713,0,0,1,0,0,0,0,0
6886,4.2743,0.4527,337,713,0,0,1,0,0,0,0,0
6887,4.2909,0.4143,337,713,0,0,1,0,0,0,0,0
6888,4.1263,0.3986,336,713,0,0,1,0,0,0,0,0
6889,3.9337,0.3666,336,713,0,0,1,0,0,0,0,0
6890,4.197,0.3939,334,713,0,0,1,0,0,0,0,0
6891,4.4552,0.6678,333,713,0,0,1,0,0,0,0,0
6892,3.8826,0.3442,333,713,0,0,1,0,0,0,0,0
6893,4.4375,0.3212,333,713,0,0,1,0,0,0,0,0
6894,4.0637,0.3617,333,713,0,0,1,0,0,0,0,0
6895,4.0828,0.3278,333,713,0,0,1,0,0,0,0,0
6896,4.2087,0.5447,333,713,0,0,1,0,0,0,0,0
6897,4.043,0.3728,333,713,0,0,1,0,0,0,0,0
6898,4.1652,0.3611,333,713,0,0,1,0,0,0,0,0
6899,4.3611,0.4113,326,713,0,0,1,0,0,0,0,0
6900,4.2216,0.4833,324,713,0,0,1,0,0,0,0,0
6901,4.0829,0.5282,324,713,0,0,1,0,0,0,0,0
6902,4.1347,0.5137,324,713,0,0,1,0,0,0,0,0
6903,4.3133,0.466,324,713,0,0,1,0,0,0,0,0
6904,3.9138,0.4836,374,713,0,0,1,6,0.0326,50,12627,0.0065
6905,4.2765,0.4594,374,713,0,0,1,0,0,0,0,0
6906,4.2448,0.4385,374,713,0,0,1,0,0,0,0,0
6907,4.1936,0.6487,374,713,0,0,1,0,0,0,0,0
6908,4.0118,0.4875,372,713,0,0,1,0,0,0,0,0
6909,4.1078,0.3573,370,713,0,0,1,0,0,0,0,0
6910,4.2996,0.4873,370,713,0,0,1,0,0,0,0,0
6911,4.1183,0.4715,368,713,0,0,1,0,0,0,0,0
6912,4.2311,0.5169,368,713,0,0,1,0,0,0,0,0
6913,4.1198,0.5093,368,713,0,0,1,0,0,0,0,0
6914,4.2378,0.6113,368,713,0,0,1,0,0,0,0,0
6915,4.0977,0.465,368,713,0,0,1,0,0,0,0,0
6916,4.129,0.4116,368,713,0,0,1,0,0,0,0,0
6917,4.1624,0.402,368,713,0,0,1,0,0,0,0,0
6918,4.2471,0.4454,368,713,0,0,1,0,0,0,0,0
6919,4.0882,0.5708,368,713,0,0,1,0,0,0,0,0
6920,4.2786,0.6455,367,713,0,0,1,0,0,0,0,0
6921,4.0971,0.4925,365,713,0,0,1,0,0,0,0,0
6922,4.1792,0.6272,364,713,0,0,1,0,0,0,0,0
6923,4.1452,0.5299,364,713,0,0,1,0,0,0,0,0
6924,4.1489,0.8228,362,713,0,0,1,0,0,0,0,0
6925,4.2336,0.4845,362,713,0,0,1,0,0,0,0,0
6926,4.1876,0.6188,362,713,0,0,1,0,0,0,0,0
6927,4.0758,0.4502,361,713,0,0,1,0,0,0,0,0
6928,4.1704,0.4233,360,713,0,0,1,0,0,0,0,0
6929,4.1919,0.4616,360,713,0,0,1,0,0,0,0,0
6930,4.2097,0.4408,360,713,0,0,1,0,0,0,0,0
6931,4.3639,0.6557,360,713,0,0,1,0,0,0,0,0
6932,3.9546,0.6618,360,713,0,0,1,0,0,0,0,0
6933,4.1208,0.5623,360,713,0,0,1,0,0,0,0,0
6934,4.2225,0.4667,360,713,0,0,1,0,0,0,0,0
6935,4.1145,0.4496,359,713,0,0,1,0,0,0,0,0
6936,4.2353,0.5109,357,713,0,0,1,0,0,0,0,0
6937,4.364,0.6043,357,713,0,0,1,0,0,0,0,0
6938,3.9576,0.6077,355,713,0,0,1,0,0,0,0,0
6939,4.2158,0.6727,354,713,0,0,1,0,0,0,0,0
6940,4.0633,0.5054,354,713,0,0,1,0,0,0,0,0
6941,4.1354,0.4537,354,713,0,0,1,0,0,0,0,0
6942,4.2541,0.5182,352,713,0,0,1,0,0,0,0,0
6943,4.1987,0.4993,352,713,0,0,1,0,0,0,0,0
6944,4.1379,0.651,352,713,0,0,1,0,0,0,0,0
6945,4.1099,0.4042,352,713,0,0,1,0,0,0,0,0
6946,4.1964,0.3936,351,713,0,0,1,0,0,0,0,0
6947,4.1962,0.4474,350,713,0,0,1,0,0,0,0,0
6948,4.1605,0.4878,350,713,0,0,1,0,0,0,0,0
6949,4.1213,0.4367,349,713,0,0,1,0,0,0,0,0
6950,4.1592,0.506,348,713,0,0,1,0,0,0,0,0
6951,4.1581,0.4306,348,713,0,0,1,0,0,0,0,0
6952,4.1807,0.4995,348,713,0,0,1,0,0,0,0,0
6953,4.1751,0.5329,348,713,0,0,1,0,0,0,0,0
6954,4.6654,0.636,348,713,0,0,1,0,0,0,0,0
6955,3.7194,0.498,346,713,0,0,1,0,0,0,0,0
6956,4.12,0.5098,345,713,0,0,1,0,0,0,0,0
6957,4.1382,0.5897,345,713,0,0,1,0,0,0,0,0
6958,4.2382,0.3962,344,713,0,0,1,0,0,0,0,0
6959,4.1714,0.5129,344,713,0,0,1,0,0,0,0,0
6960,4.1651,0.4819,344,713,0,0,1,0,0,0,0,0
6961,4.1259,0.4448,344,713,0,0,1,0,0,0,0,0
6962,4.1371,0.4197,343,713,0,0,1,0,0,0,0,0
6963,4.1734,0.6694,343,713,0,0,1,0,0,0,0,0
6964,4.1485,0.4725,342,713,0,0,1,0,0,0,0,0
6965,4.427,0.6873,341,713,0,0,1,0,0,0,0,0
6966,4.0115,0.5078,334,713,0,0,1,0,0,0,0,0
6967,4.0691,0.4098,332,713,0,0,1,0,0,0,0,0
6968,4.2325,0.4176,332,713,0,0,1,0,0,0,0,0
6969,4.1009,0.3966,332,713,0,0,1,0,0,0,0,0
6970,4.2442,0.6551,332,713,0,0,1,0,0,0,0,0
6971,4.1499,0.5874,382,713,0,0,1,4,0.0484,50,12111,0.0072
6972,4.1731,0.5091,382,713,0,0,1,0,0,0,0,0
6973,4.1572,0.4961,381,713,0,0,1,0,0,0,0,0
6974,4.1803,0.4815,379,713,0,0,1,0,0,0,0,0
6975,4.0836,0.4231,379,713,0,0,1,0,0,0,0,0
6976,4.1678,0.4433,379,713,0,0,1,0,0,0,0,0
6977,4.5307,0.6675,379,713,0,0,1,0,0,0,0,0
6978,3.8872,0.501,379,713,0,0,1,0,0,0,0,0
6979,4.1494,0.5094,378,713,0,0,1,0,0,0,0,0
6980,4.2085,0.8648,378,713,0,0,1,0,0,0,0,0
6981,4.1029,0.6812,378,713,0,0,1,0,0,0,0,0
6982,4.3261,0.7126,378,713,0,0,1,0,0,0,0,0
6983,4.4054,0.5806,378,713,0,0,1,0,0,0,0,0
6984,3.8225,0.5332,378,713,0,0,1,0,0,0,0,0
6985,4.3767,0.5139,377,713,0,0,1,0,0,0,0,0
6986,4.177,0.6846,377,713,0,0,1,0,0,0,0,0
6987,3.9088,0.5719,376,713,0,0,1,0,0,0,0,0
6988,4.1551,0.5172,374,713,0,0,1,0,0,0,0,0
6989,4.1904,0.6688,374,713,0,0,1,0,0,0,0,0
6990,4.1493,0.5948,374,713,0,0,1,0,0,0,0,0
6991,4.2125,0.5902,374,713,0,0,1,0,0,0,0,0
6992,4.1583,0.5685,374,713,0,0,1,0,0,0,0,0
6993,4.1132,0.5488,374,713,0,0,1,0,0,0,0,0
6994,4.131,0.6578,374,713,0,0,1,0,0,0,0,0
6995,4.3219,0.5699,373,713,0,0,1,0,0,0,0,0
6996,4.2316,0.5808,373,713,0,0,1,0,0,0,0,0
6997,4.028,0.595,373,713,0,0,1,0,0,0,0,0
6998,4.4009,0.6338,373,713,0,0,1,0,0,0,0,0
6999,3.9776,0.5479,372,713,0,0,1,0,0,0,0,0
7000,4.0746,0.5165,372,713,0,0,1,0,0,0,0,0
7001,4.5144,0.6415,371,713,0,0,1,0,0,0,0,0
7002,3.9466,0.6978,371,713,0,0,1,0,0,0,0,0
7003,4.0578,0.528,371,713,0,0,1,0,0,0,0,0
7004,4.458,0.606,371,713,0,0,1,0,0,0,0,0
7005,4.0482,0.543,371,713,0,0,1,0,0,0,0,0
7006,3.9878,0.4796,371,713,0,0,1,0,0,0,0,0
7007,4.1762,0.4736,371,713,0,0,1,0,0,0,0,0
7008,4.4368,0.595,369,713,0,0,1,0,0,0,0,0
7009,3.963,0.5316,368,713,0,0,1,0,0,0,0,0
7010,4.1602,0.5436,368,713,0,0,1,0,0,0,0,0
7011,4.1096,0.4506,367,713,0,0,1,0,0,0,0,0
7012,4.1129,0.396,366,713,0,0,1,0,0,0,0,0
7013,4.2201,0.4955,366,713,0,0,1,0,0,0,0,0
7014,4.2265,0.4116,365,713,0,0,1,0,0,0,0,0
7015,4.1424,0.4629,364,713,0,0,1,0,0,0,0,0
7016,4.1574,0.4773,362,713,0,0,1,0,0,0,0,0
7017,4.0961,0.4042,362,713,0,0,1,0,0,0,0,0
7018,4.1733,0.4506,361,713,0,0,1,0,0,0,0,0
7019,4.2497,0.4611,360,713,0,0,1,0,0,0,0,0
7020,4.1613,0.5947,358,713,0,0,1,0,0,0,0,0
7021,4.2585,0.6304,357,713,0,0,1,0,0,0,0,0
7022,4.0722,0.6163,353,713,0,0,1,0,0,0,0,0
7023,4.0965,0.7037,353,713,0,0,1,0,0,0,0,0
7024,4.1828,0.4948,353,713,0,0,1,0,0,0,0,0
7025,4.2541,0.6368,353,713,0,0,1,0,0,0,0,0
7026,4.4579,0.579,352,713,0,0,1,0,0,0,0,0
7027,3.9007,0.6605,351,713,0,0,1,0,0,0,0,0
7028,4.108,0.4471,351,713,0,0,1,0,0,0,0,0
7029,4.1263,0.405,351,713,0,0,1,0,0,0,0,0
7030,4.173,0.4713,349,713,0,0,1,0,0,0,0,0
7031,4.2233,0.4686,348,713,0,0,1,0,0,0,0,0
7032,4.3066,0.5935,348,713,0,0,1,0,0,0,0,0
7033,4.2351,0.7182,340,713,0,0,1,0,0,0,0,0
7034,3.8897,0.5013,340,713,0,0,1,0,0,0,0,0
7035,4.2155,0.595,340,713,0,0,1,0,0,0,0,0
7036,4.1759,0.4712,339,713,0,0,1,0,0,0,0,0
7037,4.0939,0.4117,339,713,0,0,1,0,0,0,0,0
7038,4.2216,0.4105,339,713,0,0,1,0,0,0,0,0
7039,4.2415,0.4397,389,713,0,0,1,3,0.0278,50,11211,0.0074
7040,4.063,0.4822,389,713,0,0,1,0,0,0,0,0
7041,4.1522,0.4278,389,713,0,0,1,0,0,0,0,0
7042,4.1808,0.4719,387,713,0,0,1,0,0,0,0,0
7043,4.2009,0.5205,387,713,0,0,1,0,0,0,0,0
7044,4.3719,0.6376,386,713,0,0,1,0,0,0,0,0
7045,3.9507,0.4217,386,713,0,0,1,0,0,0,0,0
7046,4.2744,0.657,385,713,0,0,1,0,0,0,0,0
7047,4.0853,0.5039,385,713,0,0,1,0,0,0,0,0
7048,4.1078,0.4355,384,713,0,0,1,0,0,0,0,0
7049,4.2296,0.4679,384,713,0,0,1,0,0,0,0,0
7050,4.1479,0.4814,384,713,0,0,1,0,0,0,0,0
7051,4.1596,0.5832,384,713,0,0,1,0,0,0,0,0
7052,4.227,0.6571,384,713,0,0,1,0,0,0,0,0
7053,4.0636,0.4375,384,713,0,0,1,0,0,0,0,0
7054,4.166,0.489,384,713,0,0,1,0,0,0,0,0
7055,4.1782,0.4923,384,713,0,0,1,0,0,0,0,0
7056,4.2719,0.5099,384,713,0,0,1,0,0,0,0,0
7057,4.0731,0.4314,384,713,0,0,1,0,0,0,0,0
7058,4.1347,0.596,383,713,0,0,1,0,0,0,0,0
7059,4.2031,0.4279,382,713,0,0,1,0,0,0,0,0
7060,4.118,0.4306,382,713,0,0,1,0,0,0,0,0
7061,4.1548,0.5816,382,713,0,0,1,0,0,0,0,0
7062,4.2548,0.4743,382,713,0,0,1,0,0,0,0,0
7063,4.0974,0.522,382,713,0,0,1,0,0,0,0,0
7064,4.1947,0.5938,381,713,0,0,1,0,0,0,0,0
7065,4.139,0.4335,381,713,0,0,1,0,0,0,0,0
7066,4.1975,0.4899,381,713,0,0,1,0,0,0,0,0
7067,4.1676,0.4434,381,713,0,0,1,0,0,0,0,0
7068,4.1827,0.5022,381,713,0,0,1,0,0,0,0,0
7069,4.1675,0.5053,381,713,0,0,1,0,0,0,0,0
7070,4.2512,0.8452,381,713,0,0,1,0,0,0,0,0
7071,4.3754,0.5954,381,713,0,0,1,0,0,0,0,0
7072,3.8646,0.5072,381,713,0,0,1,0,0,0,0,0
7073,4.4085,0.6741,381,713,0,0,1,0,0,0,0,0
7074,4.2669,0.5377,381,713,0,0,1,0,0,0,0,0
7075,4.1072,0.7931,380,713,0,0,1,0,0,0,0,0
7076,3.891,0.6519,379,713,0,0,1,0,0,0,0,0
7077,4.1366,0.5093,377,713,0,0,1,0,0,0,0,0
7078,4.182,0.5223,377,713,0,0,1,0,0,0,0,0
7079,4.1659,0.5093,376,713,0,0,1,0,0,0,0,0
7080,4.4347,0.673,376,713,0,0,1,0,0,0,0,0
7081,3.9417,0.571,375,713,0,0,1,0,0,0,0,0
7082,4.1216,0.7743,374,713,0,0,1,0,0,0,0,0
7083,4.3702,0.7392,372,713,0,0,1,0,0,0,0,0
7084,3.9199,0.4833,372,713,0,0,1,0,0,0,0,0
7085,4.4588,0.5137,370,713,0,0,1,0,0,0,0,0
7086,4.0011,0.5283,369,713,0,0,1,0,0,0,0,0
7087,4.107,0.4806,368,713,0,0,1,0,0,0,0,0
7088,4.3686,0.6215,367,713,0,0,1,0,0,0,0,0
7089,3.9355,0.428,367,713,0,0,1,0,0,0,0,0
7090,4.2764,0.7052,366,713,0,0,1,0,0,0,0,0
7091,4.0864,0.4472,364,713,0,0,1,0,0,0,0,0
7092,4.2051,0.4569,363,713,0,0,1,0,0,0,0,0
7093,4.1275,0.5727,362,713,0,0,1,0,0,0,0,0
7094,4.1415,0.4698,362,713,0,0,1,0,0,0,0,0
7095,4.2141,0.4119,361,713,0,0,1,0,0,0,0,0
7096,4.1171,0.4243,361,713,0,0,1,0,0,0,0,0
7097,4.2053,0.4461,360,713,0,0,1,0,0,0,0,0
7098,4.5387,0.4511,360,713,0,0,1,0,0,0,0,0
7099,4.0485,0.6546,360,713,0,0,1,0,0,0,0,0
7100,3.9461,0.5362,352,713,0,0,1,0,0,0,0,0
7101,4.0842,0.6321,352,713,0,0,1,0,0,0,0,0
7102,4.1942,0.7145,352,713,0,0,1,0,0,0,0,0
7103,4.1562,0.4681,351,713,0,0,1,0,0,0,0,0
7104,4.2298,0.5169,350,713,0,0,1,0,0,0,0,0
7105,4.1234,0.4553,350,713,0,0,1,0,0,0,0,0
7106,4.4246,0.7563,400,713,0,0,1,11,0.0743,50,14481,0.0165
7107,3.8441,0.4474,400,713,0,0,1,0,0,0,0,0
7108,4.2106,0.4623,399,713,0,0,1,0,0,0,0,0
7109,4.3077,0.6687,397,713,0,0,1,0,0,0,0,0
7110,4.0529,0.5902,397,713,0,0,1,0,0,0,0,0
7111,4.4443,0.4494,396,713,0,0,1,0,0,0,0,0
7112,4.1477,0.4351,396,713,0,0,1,0,0,0,0,0
7113,3.8734,0.5853,395,713,0,0,1,0,0,0,0,0
7114,4.2309,0.7264,395,713,0,0,1,0,0,0,0,0
7115,4.171,0.6192,395,713,0,0,1,0,0,0,0,0
7116,4.202,0.5247,394,713,0,0,1,0,0,0,0,0
7117,4.1018,0.4871,394,713,0,0,1,0,0,0,0,0
7118,4.2083,0.5741,394,713,0,0,1,0,0,0,0,0
7119,4.1385,0.5721,393,713,0,0,1,0,0,0,0,0
7120,4.0832,0.4523,393,713,0,0,1,0,0,0,0,0
7121,4.4845,0.6227,392,713,0,0,1,0,0,0,0,0
7122,4.2304,0.5169,392,713,0,0,1,0,0,0,0,0
7123,3.8428,0.5188,391,713,0,0,1,0,0,0,0,0
7124,4.1205,0.5101,390,713,0,0,1,0,0,0,0,0
7125,4.1718,0.456,390,713,0,0,1,0,0,0,0,0
7126,4.2602,0.5256,390,713,0,0,1,0,0,0,0,0
7127,4.4881,0.4814,389,713,0,0,1,0,0,0,0,0
7128,4.1197,0.7589,388,713,0,0,1,0,0,0,0,0
7129,3.8818,0.5634,388,713,0,0,1,0,0,0,0,0
7130,4.1823,0.6013,388,713,0,0,1,0,0,0,0,0
7131,4.183,0.5163,388,713,0,0,1,0,0,0,0,0
7132,4.0651,0.4884,388,713,0,0,1,0,0,0,0,0
7133,4.3428,0.7581,388,713,0,0,1,0,0,0,0,0
7134,4.1218,0.6861,388,713,0,0,1,0,0,0,0,0
7135,4.0981,0.5409,387,713,0,0,1,0,0,0,0,0
7136,4.1304,0.5143,386,713,0,0,1,0,0,0,0,0
7137,4.1594,0.643,385,713,0,0,1,0,0,0,0,0
7138,4.2654,0.5259,384,713,0,0,1,0,0,0,0,0
7139,4.144,0.4777,383,713,0,0,1,0,0,0,0,0
7140,4.1655,0.6973,382,713,0,0,1,0,0,0,0,0
7141,4.0987,0.4776,381,713,0,0,1,0,0,0,0,0
7142,4.4479,0.5354,381,713,0,0,1,0,0,0,0,0
7143,3.9571,0.5923,381,713,0,0,1,0,0,0,0,0
7144,4.1227,0.4607,381,713,0,0,1,0,0,0,0,0
7145,4.1055,0.6664,379,713,0,0,1,0,0,0,0,0
7146,4.5248,0.4888,379,713,0,0,1,0,0,0,0,0
7147,3.9405,0.508,378,713,0,0,1,0,0,0,0,0
7148,4.1053,0.5189,378,713,0,0,1,0,0,0,0,0
7149,4.1264,0.4339,376,713,0,0,1,0,0,0,0,0
7150,4.2146,0.4619,375,713,0,0,1,0,0,0,0,0
7151,4.1859,0.4302,375,713,0,0,1,0,0,0,0,0
7152,4.1704,0.7359,375,713,0,0,1,0,0,0,0,0
7153,4.2176,0.6285,375,713,0,0,1,0,0,0,0,0
7154,4.1117,0.4797,375,713,0,0,1,0,0,0,0,0
7155,4.1271,0.4561,374,713,0,0,1,0,0,0,0,0
7156,4.1467,0.4164,373,713,0,0,1,0,0,0,0,0
7157,4.3856,0.4226,373,713,0,0,1,0,0,0,0,0
7158,3.968,0.6766,373,713,0,0,1,0,0,0,0,0
7159,4.2351,0.6663,373,713,0,0,1,0,0,0,0,0
7160,4.0903,0.4844,373,713,0,0,1,0,0,0,0,0
7161,4.1598,0.4437,373,713,0,0,1,0,0,0,0,0
7162,4.1885,0.4685,373,713,0,0,1,0,0,0,0,0
7163,4.199,0.4739,371,713,0,0,1,0,0,0,0,0
7164,4.1388,0.5404,371,713,0,0,1,0,0,0,0,0
7165,4.126,0.7252,371,713,0,0,1,0,0,0,0,0
7166,4.3878,0.5751,370,713,0,0,1,0,0,0,0,0
7167,3.9798,0.6868,360,713,0,0,1,0,0,0,0,0
7168,4.1378,0.5225,359,713,0,0,1,0,0,0,0,0
7169,4.1843,0.5177,358,713,0,0,1,0,0,0,0,0
7170,4.2029,0.4877,358,713,0,0,1,0,0,0,0,0
7171,4.2488,0.4605,356,713,0,0,1,0,0,0,0,0
7172,4.076,0.5074,356,713,0,0,1,0,0,0,0,0
7173,4.1337,0.5014,406,713,0,0,1,6,0.0316,50,14280,0.0089
7174,4.4393,0.5291,405,713,0,0,1,0,0,0,0,0
7175,3.8808,0.52,404,713,0,0,1,0,0,0,0,0
7176,4.4872,0.769,404,713,0,0,1,0,0,0,0,0
7177,3.8622,0.481,404,713,0,0,1,0,0,0,0,0
7178,4.1961,0.7898,404,713,0,0,1,0,0,0,0,0
7179,4.1298,0.4987,404,713,0,0,1,0,0,0,0,0
7180,4.1548,0.5155,403,713,0,0,1,0,0,0,0,0
7181,4.4454,0.7017,403,713,0,0,1,0,0,0,0,0
7182,3.9515,0.5181,403,713,0,0,1,0,0,0,0,0
7183,4.2209,0.6913,403,713,0,0,1,0,0,0,0,0
7184,4.1207,0.7253,401,713,0,0,1,0,0,0,0,0
7185,4.1095,0.4484,400,713,0,0,1,0,0,0,0,0
7186,4.1934,0.4529,399,713,0,0,1,0,0,0,0,0
7187,4.1499,0.4404,399,713,0,0,1,0,0,0,0,0
7188,4.4096,0.4456,399,713,0,0,1,0,0,0,0,0
7189,3.9244,0.4536,399,713,0,0,1,0,0,0,0,0
7190,4.2189,0.6989,399,713,0,0,1,0,0,0,0,0
7191,4.1529,0.4998,399,713,0,0,1,0,0,0,0,0
7192,4.1036,0.4442,399,713,0,0,1,0,0,0,0,0
7193,4.2027,0.4842,399,713,0,0,1,0,0,0,0,0
7194,4.5725,0.4398,399,713,0,0,1,0,0,0,0,0
7195,3.7614,0.4756,399,713,0,0,1,0,0,0,0,0
7196,4.1485,0.5685,399,713,0,0,1,0,0,0,0,0
7197,4.1284,0.4659,399,713,0,0,1,0,0,0,0,0
7198,4.5311,0.5766,399,713,0,0,1,0,0,0,0,0
7199,3.7945,0.4435,399,713,0,0,1,0,0,0,0,0
7200,4.4991,0.4316,399,713,0,0,1,0,0,0,0,0
7201,3.8808,0.4294,399,713,0,0,1,0,0,0,0,0
7202,4.2517,0.6678,399,713,0,0,1,0,0,0,0,0
7203,4.2254,0.6239,398,713,0,0,1,0,0,0,0,0
7204,4.0569,0.427,398,713,0,0,1,0,0,0,0,0
7205,4.6044,0.8195,398,713,0,0,1,0,0,0,0,0
7206,3.7964,0.5509,398,713,0,0,1,0,0,0,0,0
7207,4.4241,0.6656,398,713,0,0,1,0,0,0,0,0
7208,4.0152,0.6418,397,713,0,0,1,0,0,0,0,0
7209,3.9714,0.4352,396,713,0,0,1,0,0,0,0,0
7210,4.5149,0.6089,395,713,0,0,1,0,0,0,0,0
7211,3.814,0.4368,394,713,0,0,1,0,0,0,0,0
7212,4.568,0.4341,394,713,0,0,1,0,0,0,0,0
7213,3.9714,0.4175,392,713,0,0,1,0,0,0,0,0
7214,4.0216,0.7553,392,713,0,0,1,0,0,0,0,0
7215,4.2605,0.7479,391,713,0,0,1,0,0,0,0,0
7216,4.0253,0.4386,391,713,0,0,1,0,0,0,0,0
7217,4.1046,0.6396,391,713,0,0,1,0,0,0,0,0
7218,4.2421,0.6494,391,713,0,0,1,0,0,0,0,0
7219,4.1492,0.5553,390,713,0,0,1,0,0,0,0,0
7220,4.3776,0.6886,390,713,0,0,1,0,0,0,0,0
7221,3.9679,0.69,390,713,0,0,1,0,0,0,0,0
7222,4.1451,0.7106,389,713,0,0,1,0,0,0,0,0
7223,4.1266,0.762,386,713,0,0,1,0,0,0,0,0
7224,4.6096,0.7104,384,713,0,0,1,0,0,0,0,0
7225,4.1374,0.4578,383,713,0,0,1,0,0,0,0,0
7226,3.8066,0.4286,383,713,0,0,1,0,0,0,0,0
7227,4.3703,0.4163,381,713,0,0,1,0,0,0,0,0
7228,3.9261,0.4012,381,713,0,0,1,0,0,0,0,0
7229,4.5859,0.5492,380,713,0,0,1,0,0,0,0,0
7230,3.8215,0.6606,379,713,0,0,1,0,0,0,0,0
7231,4.5133,0.4066,378,713,0,0,1,0,0,0,0,0
7232,4.0587,0.4369,378,713,0,0,1,0,0,0,0,0
7233,3.9151,0.4192,378,713,0,0,1,0,0,0,0,0
7234,4.1314,0.6927,371,713,0,0,1,0,0,0,0,0
7235,4.2226,0.5601,368,713,0,0,1,0,0,0,0,0
7236,4.1714,0.5888,368,713,0,0,1,0,0,0,0,0
7237,4.5207,0.4925,368,713,0,0,1,0,0,0,0,0
7238,3.7675,0.43,368,713,0,0,1,0,0,0,0,0
7239,4.4089,0.6576,368,713,0,0,1,0,0,0,0,0
7240,3.9167,0.4892,417,714,1,0,1,12,0.0762,50,15469,0.0098
7241,4.2775,0.4493,417,714,0,0,1,0,0,0,0,0
7242,4.5078,0.4614,416,714,0,0,1,0,0,0,0,0
7243,3.6539,0.5938,414,714,0,0,1,0,0,0,0,0
7244,4.3984,0.4606,413,714,0,0,1,0,0,0,0,0
7245,4.0015,0.4379,413,714,0,0,1,0,0,0,0,0
7246,4.2158,0.6591,413,714,0,0,1,0,0,0,0,0
7247,4.5683,0.4213,412,714,0,0,1,0,0,0,0,0
7248,3.7496,0.7843,411,714,0,0,1,0,0,0,0,0
7249,4.1117,0.4652,410,714,0,0,1,0,0,0,0,0
7250,4.2281,0.4894,410,714,0,0,1,0,0,0,0,0
7251,4.1025,0.4773,410,714,0,0,1,0,0,0,0,0
7252,4.1449,0.4644,410,714,0,0,1,0,0,0,0,0
7253,4.2336,0.7644,410,714,0,0,1,0,0,0,0,0
7254,4.1319,0.616,409,714,0,0,1,0,0,0,0,0
7255,4.225,0.5817,406,714,0,0,1,0,0,0,0,0
7256,4.1378,0.5663,406,714,0,0,1,0,0,0,0,0
7257,4.1599,0.4678,406,714,0,0,1,0,0,0,0,0
7258,4.2006,0.4456,405,714,0,0,1,0,0,0,0,0
7259,4.181,0.4547,405,714,0,0,1,0,0,0,0,0
7260,4.1483,0.4758,405,714,0,0,1,0,0,0,0,0
7261,4.1297,0.4907,405,714,0,0,1,0,0,0,0,0
7262,4.2294,0.5007,405,714,0,0,1,0,0,0,0,0
7263,4.0686,0.5927,404,714,0,0,1,0,0,0,0,0
7264,4.1861,0.4749,403,714,0,0,1,0,0,0,0,0
7265,4.1593,0.5971,403,714,0,0,1,0,0,0,0,0
7266,4.3274,0.7035,403,714,0,0,1,0,0,0,0,0
7267,4.0662,0.514,403,714,0,0,1,0,0,0,0,0
7268,4.1723,0.5187,403,714,0,0,1,0,0,0,0,0
7269,4.1268,0.4477,403,714,0,0,1,0,0,0,0,0
7270,4.1693,0.4599,403,714,0,0,1,0,0,0,0,0
7271,4.2262,0.7674,401,714,0,0,1,0,0,0,0,0
7272,4.1632,0.6905,401,714,0,0,1,0,0,0,0,0
7273,4.1541,0.4939,401,714,0,0,1,0,0,0,0,0
7274,4.1361,0.4302,401,714,0,0,1,0,0,0,0,0
7275,4.5383,0.4461,399,714,0,0,1,0,0,0,0,0
7276,3.7222,0.4214,398,714,0,0,1,0,0,0,0,0
7277,4.468,0.7864,398,714,0,0,1,0,0,0,0,0
7278,3.9628,0.4627,398,714,0,0,1,0,0,0,0,0
7279,4.1361,0.5558,396,714,0,0,1,0,0,0,0,0
7280,4.2014,0.5745,396,714,0,0,1,0,0,0,0,0
7281,4.1381,0.4724,396,714,0,0,1,0,0,0,0,0
7282,4.5165,0.7268,394,714,0,0,1,0,0,0,0,0
7283,3.7989,0.4878,394,714,0,0,1,0,0,0,0,0
7284,4.2289,0.7746,393,714,0,0,1,0,0,0,0,0
7285,4.2198,0.7085,391,714,0,0,1,0,0,0,0,0
7286,4.1086,0.5792,390,714,0,0,1,0,0,0,0,0
7287,4.1562,0.5457,389,714,0,0,1,0,0,0,0,0
7288,4.0885,0.4596,389,714,0,0,1,0,0,0,0,0
7289,4.2099,0.5316,389,714,0,0,1,0,0,0,0,0
7290,4.5518,0.5241,389,714,0,0,1,0,0,0,0,0
7291,3.7511,0.5017,388,714,0,0,1,0,0,0,0,0
7292,4.5686,0.5905,386,714,0,0,1,0,0,0,0,0
7293,3.7869,0.512,386,714,0,0,1,0,0,0,0,0
7294,4.1228,0.5016,386,714,0,0,1,0,0,0,0,0
7295,4.1937,0.4847,386,714,0,0,1,0,0,0,0,0
7296,4.2647,0.7349,386,714,0,0,1,0,0,0,0,0
7297,4.1467,0.6987,384,714,0,0,1,0,0,0,0,0
7298,4.1649,0.5398,383,714,0,0,1,0,0,0,0,0
7299,4.151,0.5375,382,714,0,0,1,0,0,0,0,0
7300,4.0816,0.4449,382,714,0,0,1,0,0,0,0,0
7301,4.1663,0.5481,382,714,0,0,1,0,0,0,0,0
7302,4.2697,0.5639,375,714,0,0,1,0,0,0,0,0
7303,4.1906,0.7483,375,714,0,0,1,0,0,0,0,0
7304,4.1031,0.6869,375,714,0,0,1,0,0,0,0,0
7305,4.1549,0.475,374,714,0,0,1,0,0,0,0,0
7306,4.1791,0.4581,374,714,0,0,1,0,0,0,0,0
7307,4.2033,0.613,422,719,5,0,1,6,0.0366,50,13454,0.0122
7308,4.1595,0.6008,422,719,0,0,1,0,0,0,0,0
7309,4.4889,0.7442,422,719,0,0,1,0,0,0,0,0
7310,3.9403,0.6975,422,719,0,0,1,0,0,0,0,0
7311,4.0998,0.754,422,719,0,0,1,0,0,0,0,0
7312,4.0942,0.6756,421,719,0,0,1,0,0,0,0,0
7313,4.2681,0.5529,420,719,0,0,1,0,0,0,0,0
7314,4.1087,0.5682,420,719,0,0,1,0,0,0,0,0
7315,4.3377,0.6818,419,719,0,0,1,0,0,0,0,0
7316,4.0144,0.6942,419,719,0,0,1,0,0,0,0,0
7317,4.1022,0.4548,418,719,0,0,1,0,0,0,0,0
7318,4.1983,0.4801,417,719,0,0,1,0,0,0,0,0
7319,4.4516,0.4285,417,719,0,0,1,0,0,0,0,0
7320,3.9189,0.6343,416,719,0,0,1,0,0,0,0,0
7321,4.1635,0.5206,415,719,0,0,1,0,0,0,0,0
7322,4.1576,0.7881,415,719,0,0,1,0,0,0,0,0
7323,4.1743,0.5095,414,719,0,0,1,0,0,0,0,0
7324,4.0934,0.4843,412,719,0,0,1,0,0,0,0,0
7325,4.2324,0.5472,412,719,0,0,1,0,0,0,0,0
7326,4.1698,0.5693,412,719,0,0,1,0,0,0,0,0
7327,4.1539,0.4693,410,719,0,0,1,0,0,0,0,0
7328,4.17,0.7046,410,719,0,0,1,0,0,0,0,0
7329,4.2641,0.6649,408,719,0,0,1,0,0,0,0,0
7330,4.0719,0.5194,406,719,0,0,1,0,0,0,0,0
7331,4.1585,0.4838,406,719,0,0,1,0,0,0,0,0
7332,4.1796,0.4818,406,719,0,0,1,0,0,0,0,0
7333,4.1652,0.5029,406,719,0,0,1,0,0,0,0,0
7334,4.2146,0.7098,406,719,0,0,1,0,0,0,0,0
7335,4.1718,0.6973,406,719,0,0,1,0,0,0,0,0
7336,4.0509,0.4418,405,719,0,0,1,0,0,0,0,0
7337,4.2546,0.5025,404,719,0,0,1,0,0,0,0,0
7338,4.6118,0.4639,403,719,0,0,1,0,0,0,0,0
7339,3.6822,0.5467,403,719,0,0,1,0,0,0,0,0
7340,4.1313,0.4953,403,719,0,0,1,0,0,0,0,0
7341,4.1923,0.4759,403,719,0,0,1,0,0,0,0,0
7342,4.1546,0.507,403,719,0,0,1,0,0,0,0,0
7343,4.5388,0.4886,400,719,0,0,1,0,0,0,0,0
7344,3.8935,0.6893,398,719,0,0,1,0,0,0,0,0
7345,4.0341,0.546,397,719,0,0,1,0,0,0,0,0
7346,4.1839,0.5045,396,719,0,0,1,0,0,0,0,0
7347,4.2483,0.756,396,719,0,0,1,0,0,0,0,0
7348,4.0587,0.5075,395,719,0,0,1,0,0,0,0,0
7349,4.2744,0.5361,394,719,0,0,1,0,0,0,0,0
7350,4.1638,0.5196,393,719,0,0,1,0,0,0,0,0
7351,4.3731,0.6734,393,719,0,0,1,0,0,0,0,0
7352,3.9826,0.6518,392,719,0,0,1,0,0,0,0,0
7353,4.0507,0.4434,391,719,0,0,1,0,0,0,0,0
7354,4.3108,0.6752,390,719,0,0,1,0,0,0,0,0
7355,4.0758,0.4411,389,719,0,0,1,0,0,0,0,0
7356,4.2112,0.5083,387,719,0,0,1,0,0,0,0,0
7357,4.1485,0.5393,387,719,0,0,1,0,0,0,0,0
7358,4.4677,0.6777,386,719,0,0,1,0,0,0,0,0
7359,4.0297,0.6619,386,719,0,0,1,0,0,0,0,0
7360,3.962,0.4492,385,719,0,0,1,0,0,0,0,0
7361,4.2028,0.5375,385,719,0,0,1,0,0,0,0,0
7362,4.2513,0.4599,385,719,0,0,1,0,0,0,0,0
7363,4.3416,0.5875,383,719,0,0,1,0,0,0,0,0
7364,3.8993,0.5733,382,719,0,0,1,0,0,0,0,0
7365,4.1153,0.7082,381,719,0,0,1,0,0,0,0,0
7366,4.2161,0.5249,381,719,0,0,1,0,0,0,0,0
7367,4.1258,0.5883,380,719,0,0,1,0,0,0,0,0
7368,4.2426,0.7914,380,719,0,0,1,0,0,0,0,0
7369,4.1959,0.7762,373,719,0,0,1,0,0,0,0,0
7370,4.1133,0.6512,373,719,0,0,1,0,0,0,0,0
7371,4.1936,0.5889,372,719,0,0,1,0,0,0,0,0
7372,4.0733,0.5278,372,719,0,0,1,0,0,0,0,0
7373,4.1831,0.5201,372,719,0,0,1,0,0,0,0,0
7374,4.2299,0.6187,372,719,0,0,1,0,0,0,0,0
7375,4.1542,0.5767,421,719,0,0,1,0,0,50,12150,0.0083
7376,4.1578,0.5816,421,719,0,0,1,0,0,0,0,0
7377,4.1266,0.5224,418,719,0,0,1,0,0,0,0,0
7378,4.1874,0.4563,417,719,0,0,1,0,0,0,0,0
7379,4.2191,0.4597,416,719,0,0,1,0,0,0,0,0
7380,4.1434,0.5129,416,719,0,0,1,0,0,0,0,0
7381,4.1961,0.7076,413,719,0,0,1,0,0,0,0,0
7382,4.0905,0.4516,413,719,0,0,1,0,0,0,0,0
7383,4.1688,0.4355,412,719,0,0,1,0,0,0,0,0
7384,4.1396,0.4391,411,719,0,0,1,0,0,0,0,0
7385,4.1548,0.6273,411,719,0,0,1,0,0,0,0,0
7386,4.5051,0.5483,410,719,0,0,1,0,0,0,0,0
7387,3.8643,0.4546,410,719,0,0,1,0,0,0,0,0
7388,4.1875,0.5002,410,719,0,0,1,0,0,0,0,0
7389,4.1457,0.4826,409,719,0,0,1,0,0,0,0,0
7390,4.4024,0.5044,408,719,0,0,1,0,0,0,0,0
7391,4.3716,0.5,407,719,0,0,1,0,0,0,0,0
7392,3.8519,0.6847,407,719,0,0,1,0,0,0,0,0
7393,4.0947,0.5478,407,719,0,0,1,0,0,0,0,0
7394,4.1761,0.5574,407,719,0,0,1,0,0,0,0,0
7395,4.1562,0.5222,407,719,0,0,1,0,0,0,0,0
7396,4.0867,0.4546,406,719,0,0,1,0,0,0,0,0
7397,4.4451,0.6233,406,719,0,0,1,0,0,0,0,0
7398,3.9806,0.4683,405,719,0,0,1,0,0,0,0,0
7399,4.1582,0.5127,404,719,0,0,1,0,0,0,0,0
7400,4.1382,0.5319,404,719,0,0,1,0,0,0,0,0
7401,4.1674,0.4329,404,719,0,0,1,0,0,0,0,0
7402,4.121,0.4455,404,719,0,0,1,0,0,0,0,0
7403,4.1867,0.6179,403,719,0,0,1,0,0,0,0,0
7404,4.2471,0.8771,402,719,0,0,1,0,0,0,0,0
7405,4.1108,0.4867,402,719,0,0,1,0,0,0,0,0
7406,4.1986,0.7964,401,719,0,0,1,0,0,0,0,0
7407,4.0842,0.4864,400,719,0,0,1,0,0,0,0,0
7408,4.1872,0.481,399,719,0,0,1,0,0,0,0,0
7409,4.2222,0.7835,398,719,0,0,1,0,0,0,0,0
7410,4.5419,0.5598,398,719,0,0,1,0,0,0,0,0
7411,3.822,0.8219,397,719,0,0,1,0,0,0,0,0
7412,4.1457,0.7947,396,719,0,0,1,0,0,0,0,0
7413,4.1158,0.7509,396,719,0,0,1,0,0,0,0,0
7414,4.206,0.6591,396,719,0,0,1,0,0,0,0,0
7415,4.256,0.4527,395,719,0,0,1,0,0,0,0,0
7416,4.1088,0.4966,395,719,0,0,1,0,0,0,0,0
7417,4.068,0.644,395,719,0,0,1,0,0,0,0,0
7418,4.2459,0.6561,394,719,0,0,1,0,0,0,0,0
7419,4.168,0.7332,393,719,0,0,1,0,0,0,0,0
7420,4.0736,0.4445,392,719,0,0,1,0,0,0,0,0
7421,4.2574,0.4603,391,719,0,0,1,0,0,0,0,0
7422,4.1918,0.4665,388,719,0,0,1,0,0,0,0,0
7423,4.3667,0.6614,388,719,0,0,1,0,0,0,0,0
7424,3.9439,0.5003,388,719,0,0,1,0,0,0,0,0
7425,4.4015,0.4774,387,719,0,0,1,0,0,0,0,0
7426,3.9156,0.6107,387,719,0,0,1,0,0,0,0,0
7427,4.1285,0.4782,387,719,0,0,1,0,0,0,0,0
7428,4.1642,0.6078,387,719,0,0,1,0,0,0,0,0
7429,4.2109,0.6086,387,719,0,0,1,0,0,0,0,0
7430,4.1814,0.4883,387,719,0,0,1,0,0,0,0,0
7431,4.4202,0.5007,386,719,0,0,1,0,0,0,0,0
7432,3.8558,0.4346,386,719,0,0,1,0,0,0,0,0
7433,4.2348,0.4585,385,719,0,0,1,0,0,0,0,0
7434,4.4266,0.4417,384,719,0,0,1,0,0,0,0,0
7435,3.8578,0.713,384,719,0,0,1,0,0,0,0,0
7436,4.2738,0.6744,376,719,0,0,1,0,0,0,0,0
7437,4.0991,0.6349,375,719,0,0,1,0,0,0,0,0
7438,4.1605,0.4746,375,719,0,0,1,0,0,0,0,0
7439,4.1545,0.4915,374,719,0,0,1,0,0,0,0,0
7440,4.4405,0.617,374,719,0,0,1,0,0,0,0,0
7441,3.8768,0.4139,374,719,0,0,1,0,0,0,0,0
7442,4.1901,0.7191,424,719,0,0,1,0,0,50,14191,0.0087
7443,4.19,0.4436,423,719,0,0,1,0,0,0,0,0
7444,4.0535,0.4485,422,719,0,0,1,0,0,0,0,0
7445,4.2183,0.4701,421,719,0,0,1,0,0,0,0,0
7446,4.2176,0.5589,421,719,0,0,1,0,0,0,0,0
7447,4.1002,0.7852,420,719,0,0,1,0,0,0,0,0
7448,4.2321,0.7017,420,719,0,0,1,0,0,0,0,0
7449,4.171,0.6956,420,719,0,0,1,0,0,0,0,0
7450,4.1131,0.4543,418,719,0,0,1,0,0,0,0,0
7451,4.1712,0.5999,417,719,0,0,1,0,0,0,0,0
7452,4.2265,0.5112,416,719,0,0,1,0,0,0,0,0
7453,4.1201,0.4725,416,719,0,0,1,0,0,0,0,0
7454,4.289,0.4939,415,719,0,0,1,0,0,0,0,0
7455,4.232,0.7712,415,719,0,0,1,0,0,0,0,0
7456,3.9626,0.445,415,719,0,0,1,0,0,0,0,0
7457,4.1823,0.6122,415,719,0,0,1,0,0,0,0,0
7458,4.6493,0.5285,414,719,0,0,1,0,0,0,0,0
7459,3.7205,0.5114,414,719,0,0,1,0,0,0,0,0
7460,4.0912,0.7565,413,719,0,0,1,0,0,0,0,0
7461,4.2583,0.7663,413,719,0,0,1,0,0,0,0,0
7462,4.1522,0.5228,413,719,0,0,1,0,0,0,0,0
7463,4.3328,0.5913,410,719,0,0,1,0,0,0,0,0
7464,3.9938,0.5352,409,719,0,0,1,0,0,0,0,0
7465,4.1678,0.6845,409,719,0,0,1,0,0,0,0,0
7466,4.1986,0.6051,409,719,0,0,1,0,0,0,0,0
7467,4.1318,0.6078,409,719,0,0,1,0,0,0,0,0
7468,4.1272,0.4723,409,719,0,0,1,0,0,0,0,0
7469,4.1864,0.4344,408,719,0,0,1,0,0,0,0,0
7470,4.1422,0.4355,408,719,0,0,1,0,0,0,0,0
7471,4.2261,0.4996,407,719,0,0,1,0,0,0,0,0
7472,4.1403,0.5336,406,719,0,0,1,0,0,0,0,0
7473,4.1513,0.4378,406,719,0,0,1,0,0,0,0,0
7474,4.2139,0.5137,406,719,0,0,1,0,0,0,0,0
7475,4.1316,0.5089,405,719,0,0,1,0,0,0,0,0
7476,4.2385,0.5285,404,719,0,0,1,0,0,0,0,0
7477,4.1291,0.5281,402,719,0,0,1,0,0,0,0,0
7478,4.471,0.757,400,719,0,0,1,0,0,0,0,0
7479,3.8365,0.7286,399,719,0,0,1,0,0,0,0,0
7480,4.0946,0.4816,399,719,0,0,1,0,0,0,0,0
7481,4.2425,0.7763,399,719,0,0,1,0,0,0,0,0
7482,4.7796,0.5417,399,719,0,0,1,0,0,0,0,0
7483,3.7141,0.6019,398,719,0,0,1,0,0,0,0,0
7484,3.957,0.641,396,719,0,0,1,0,0,0,0,0
7485,4.225,0.6254,394,719,0,0,1,0,0,0,0,0
7486,4.1545,0.4524,391,719,0,0,1,0,0,0,0,0
7487,4.1571,0.5096,391,719,0,0,1,0,0,0,0,0
7488,4.1469,0.4544,390,719,0,0,1,0,0,0,0,0
7489,4.2227,0.505,389,719,0,0,1,0,0,0,0,0
7490,4.238,0.6705,389,719,0,0,1,0,0,0,0,0
7491,4.1121,0.4647,389,719,0,0,1,0,0,0,0,0
7492,4.0907,0.4501,388,719,0,0,1,0,0,0,0,0
7493,4.2242,0.5033,387,719,0,0,1,0,0,0,0,0
7494,4.1705,0.4966,386,719,0,0,1,0,0,0,0,0
7495,4.1621,0.49,386,719,0,0,1,0,0,0,0,0
7496,4.1777,0.4948,386,719,0,0,1,0,0,0,0,0
7497,4.1046,0.4822,385,719,0,0,1,0,0,0,0,0
7498,4.3811,0.6709,385,719,0,0,1,0,0,0,0,0
7499,4.0869,0.4596,384,719,0,0,1,0,0,0,0,0
7500,4.0826,0.5103,383,719,0,0,1,0,0,0,0,0
7501,4.2207,0.6239,382,719,0,0,1,0,0,0,0,0
7502,4.1339,0.5356,381,719,0,0,1,0,0,0,0,0
7503,4.046,0.4844,380,719,0,0,1,0,0,0,0,0
7504,4.1846,0.488,371,719,0,0,1,0,0,0,0,0
7505,4.2154,0.6811,371,719,0,0,1,0,0,0,0,0
7506,4.6425,0.6036,369,719,0,0,1,0,0,0,0,0
7507,3.745,0.5704,369,719,0,0,1,0,0,0,0,0
7508,4.1452,0.7078,368,719,0,0,1,0,0,0,0,0
7509,4.0908,0.6156,417,719,0,0,1,1,0.036,50,11028,0.0075
7510,4.2021,0.5798,417,719,0,0,1,0,0,0,0,0
7511,4.2654,0.5033,417,719,0,0,1,0,0,0,0,0
7512,4.0974,0.5698,416,719,0,0,1,0,0,0,0,0
7513,4.1253,0.7849,416,719,0,0,1,0,0,0,0,0
7514,4.2462,0.6051,416,719,0,0,1,0,0,0,0,0
7515,4.1618,0.6848,414,719,0,0,1,0,0,0,0,0
7516,4.1012,0.4682,414,719,0,0,1,0,0,0,0,0
7517,4.1471,0.6537,414,719,0,0,1,0,0,0,0,0
7518,4.4259,0.6975,414,719,0,0,1,0,0,0,0,0
7519,3.975,0.492,414,719,0,0,1,0,0,0,0,0
7520,4.1603,0.5492,414,719,0,0,1,0,0,0,0,0
7521,4.1383,0.5126,413,719,0,0,1,0,0,0,0,0
7522,4.2087,0.6631,413,719,0,0,1,0,0,0,0,0
7523,4.1729,0.526,413,719,0,0,1,0,0,0,0,0
7524,4.0927,0.5194,412,719,0,0,1,0,0,0,0,0
7525,4.2059,0.528,411,719,0,0,1,0,0,0,0,0
7526,4.4395,0.7019,409,719,0,0,1,0,0,0,0,0
7527,3.9183,0.6102,409,719,0,0,1,0,0,0,0,0
7528,4.0824,0.4906,408,719,0,0,1,0,0,0,0,0
7529,4.1829,0.4448,408,719,0,0,1,0,0,0,0,0
7530,4.4196,0.5105,407,719,0,0,1,0,0,0,0,0
7531,3.9683,0.7361,407,719,0,0,1,0,0,0,0,0
7532,4.1857,0.4985,407,719,0,0,1,0,0,0,0,0
7533,4.103,0.4485,406,719,0,0,1,0,0,0,0,0
7534,4.191,0.4603,406,719,0,0,1,0,0,0,0,0
7535,4.1386,0.4413,406,719,0,0,1,0,0,0,0,0
7536,4.235,0.4481,406,719,0,0,1,0,0,0,0,0
7537,4.1388,0.4859,406,719,0,0,1,0,0,0,0,0
7538,4.2058,0.5028,406,719,0,0,1,0,0,0,0,0
7539,4.1277,0.4722,405,719,0,0,1,0,0,0,0,0
7540,4.1354,0.4304,405,719,0,0,1,0,0,0,0,0
7541,4.1897,0.5394,405,719,0,0,1,0,0,0,0,0
7542,4.2025,0.4957,404,719,0,0,1,0,0,0,0,0
7543,4.2382,0.6889,403,719,0,0,1,0,0,0,0,0
7544,4.1764,0.5445,402,719,0,0,1,0,0,0,0,0
7545,4.0356,0.4678,402,719,0,0,1,0,0,0,0,0
7546,4.4498,0.5024,402,719,0,0,1,0,0,0,0,0
7547,3.91,0.4793,402,719,0,0,1,0,0,0,0,0
7548,4.1675,0.7843,401,719,0,0,1,0,0,0,0,0
7549,4.2355,0.6946,399,719,0,0,1,0,0,0,0,0
7550,4.3499,0.5466,397,719,0,0,1,0,0,0,0,0
7551,3.9067,0.4951,397,719,0,0,1,0,0,0,0,0
7552,4.147,0.5227,395,719,0,0,1,0,0,0,0,0
7553,4.1313,0.5297,394,719,0,0,1,0,0,0,0,0
7554,4.4561,0.5661,394,719,0,0,1,0,0,0,0,0
7555,4.0157,0.7237,393,719,0,0,1,0,0,0,0,0
7556,4.1491,0.806,391,719,0,0,1,0,0,0,0,0
7557,4.1393,0.7127,390,719,0,0,1,0,0,0,0,0
7558,4.1596,0.6014,389,719,0,0,1,0,0,0,0,0
7559,4.1145,0.5089,388,719,0,0,1,0,0,0,0,0
7560,4.2307,0.7106,388,719,0,0,1,0,0,0,0,0
7561,4.128,0.5554,388,719,0,0,1,0,0,0,0,0
7562,4.634,0.7054,387,719,0,0,1,0,0,0,0,0
7563,4.0005,0.588,387,719,0,0,1,0,0,0,0,0
7564,3.8377,0.5573,387,719,0,0,1,0,0,0,0,0
7565,4.1948,0.5524,386,719,0,0,1,0,0,0,0,0
7566,4.1673,0.5351,385,719,0,0,1,0,0,0,0,0
7567,4.3418,0.793,385,719,0,0,1,0,0,0,0,0
7568,4.0718,0.6746,383,719,0,0,1,0,0,0,0,0
7569,4.0625,0.5376,383,719,0,0,1,0,0,0,0,0
7570,4.1657,0.5074,376,719,0,0,1,0,0,0,0,0
7571,4.1909,0.6122,374,719,0,0,1,0,0,0,0,0
7572,4.2003,0.6395,373,719,0,0,1,0,0,0,0,0
7573,4.1836,0.5203,373,719,0,0,1,0,0,0,0,0
7574,4.3632,0.6314,373,719,0,0,1,0,0,0,0,0
7575,3.9479,0.6149,372,719,0,0,1,0,0,0,0,0
7576,4.0933,0.5583,422,719,0,0,1,1,0.0219,50,12450,0.0085
7577,4.2507,0.6089,422,719,0,0,1,0,0,0,0,0
7578,4.481,0.4534,422,719,0,0,1,0,0,0,0,0
7579,4.0323,0.4487,421,719,0,0,1,0,0,0,0,0
7580,3.9925,0.6828,420,719,0,0,1,0,0,0,0,0
7581,4.1376,0.4452,419,719,0,0,1,0,0,0,0,0
7582,4.1758,0.5055,418,719,0,0,1,0,0,0,0,0
7583,4.1778,0.4375,417,719,0,0,1,0,0,0,0,0
7584,4.0904,0.4457,416,719,0,0,1,0,0,0,0,0
7585,4.244,0.4538,416,719,0,0,1,0,0,0,0,0
7586,4.1741,0.6912,416,719,0,0,1,0,0,0,0,0
7587,4.2259,0.6699,415,719,0,0,1,0,0,0,0,0
7588,4.0325,0.6214,415,719,0,0,1,0,0,0,0,0
7589,4.2363,0.5494,415,719,0,0,1,0,0,0,0,0
7590,4.1246,0.6203,414,719,0,0,1,0,0,0,0,0
7591,4.3857,0.5084,414,719,0,0,1,0,0,0,0,0
7592,3.9478,0.4704,413,719,0,0,1,0,0,0,0,0
7593,4.2702,0.6857,413,719,0,0,1,0,0,0,0,0
7594,4.0788,0.4516,411,719,0,0,1,0,0,0,0,0
7595,4.2018,0.5576,411,719,0,0,1,0,0,0,0,0
7596,4.1169,0.4553,411,719,0,0,1,0,0,0,0,0
7597,4.2135,0.5053,411,719,0,0,1,0,0,0,0,0
7598,4.3474,0.7105,411,719,0,0,1,0,0,0,0,0
7599,3.9396,0.8182,411,719,0,0,1,0,0,0,0,0
7600,4.1463,0.4837,410,719,0,0,1,0,0,0,0,0
7601,4.1661,0.5922,408,719,0,0,1,0,0,0,0,0
7602,4.2083,0.4267,407,719,0,0,1,0,0,0,0,0
7603,4.4035,0.4358,406,719,0,0,1,0,0,0,0,0
7604,3.9732,0.6161,406,719,0,0,1,0,0,0,0,0
7605,4.1056,0.6536,406,719,0,0,1,0,0,0,0,0
7606,4.2177,0.6425,404,719,0,0,1,0,0,0,0,0
7607,4.1044,0.5011,404,719,0,0,1,0,0,0,0,0
7608,4.218,0.558,404,719,0,0,1,0,0,0,0,0
7609,4.1485,0.543,403,719,0,0,1,0,0,0,0,0
7610,4.4116,0.8624,403,719,0,0,1,0,0,0,0,0
7611,3.9506,0.7601,402,719,0,0,1,0,0,0,0,0
7612,4.1065,0.5428,402,719,0,0,1,0,0,0,0,0
7613,4.2259,0.617,402,719,0,0,1,0,0,0,0,0
7614,4.1659,0.589,402,719,0,0,1,0,0,0,0,0
7615,4.1625,0.496,402,719,0,0,1,0,0,0,0,0
7616,4.0952,0.632,402,719,0,0,1,0,0,0,0,0
7617,4.1591,0.6105,401,719,0,0,1,0,0,0,0,0
7618,4.1825,0.445,401,719,0,0,1,0,0,0,0,0
7619,4.2209,0.4677,400,719,0,0,1,0,0,0,0,0
7620,4.5681,0.4869,400,719,0,0,1,0,0,0,0,0
7621,3.7531,0.5543,399,719,0,0,1,0,0,0,0,0
7622,4.1874,0.6457,396,719,0,0,1,0,0,0,0,0
7623,4.1085,0.436,396,719,0,0,1,0,0,0,0,0
7624,4.1476,0.4459,396,719,0,0,1,0,0,0,0,0
7625,4.2351,0.4604,396,719,0,0,1,0,0,0,0,0
7626,4.1951,0.54,396,719,0,0,1,0,0,0,0,0
7627,4.1578,0.5236,396,719,0,0,1,0,0,0,0,0
7628,4.141,0.4626,396,719,0,0,1,0,0,0,0,0
7629,4.1609,0.4413,394,719,0,0,1,0,0,0,0,0
7630,4.1887,0.4245,393,719,0,0,1,0,0,0,0,0
7631,4.1299,0.4273,393,719,0,0,1,0,0,0,0,0
7632,4.1715,0.5019,393,719,0,0,1,0,0,0,0,0
7633,4.1961,0.4976,392,719,0,0,1,0,0,0,0,0
7634,4.2012,0.4642,391,719,0,0,1,0,0,0,0,0
7635,4.104,0.4453,390,719,0,0,1,0,0,0,0,0
7636,4.2037,0.6962,390,719,0,0,1,0,0,0,0,0
7637,4.1999,0.7058,390,719,0,0,1,0,0,0,0,0
7638,4.1382,0.4748,383,719,0,0,1,0,0,0,0,0
7639,4.1557,0.4756,383,719,0,0,1,0,0,0,0,0
7640,4.1473,0.5125,382,719,0,0,1,0,0,0,0,0
7641,4.1649,0.5169,382,719,0,0,1,0,0,0,0,0
7642,4.1629,0.5116,380,719,0,0,1,0,0,0,0,0
7643,4.214,0.4919,429,723,4,0,1,4,0.0313,50,13341,0.0116
7644,4.1447,0.4581,425,723,0,0,1,0,0,0,0,0
7645,4.1676,0.6052,425,723,0,0,1,0,0,0,0,0
7646,4.1875,0.6025,425,723,0,0,1,0,0,0,0,0
7647,4.0868,0.512,424,723,0,0,1,0,0,0,0,0
7648,4.1819,0.492,423,723,0,0,1,0,0,0,0,0
7649,4.1932,0.6262,423,723,0,0,1,0,0,0,0,0
7650,4.1363,0.4532,421,723,0,0,1,0,0,0,0,0
7651,4.2261,0.5058,419,723,0,0,1,0,0,0,0,0
7652,4.1809,0.5097,419,723,0,0,1,0,0,0,0,0
7653,4.072,0.4265,419,723,0,0,1,0,0,0,0,0
7654,4.3029,0.4824,419,723,0,0,1,0,0,0,0,0
7655,4.0439,0.536,419,723,0,0,1,0,0,0,0,0
7656,4.3675,0.7276,419,723,0,0,1,0,0,0,0,0
7657,4.0391,0.5694,419,723,0,0,1,0,0,0,0,0
7658,4.4116,0.6851,417,723,0,0,1,0,0,0,0,0
7659,3.8531,0.5525,417,723,0,0,1,0,0,0,0,0
7660,4.1729,0.5175,417,723,0,0,1,0,0,0,0,0
7661,4.1724,0.6352,417,723,0,0,1,0,0,0,0,0
7662,4.2156,0.4539,417,723,0,0,1,0,0,0,0,0
7663,4.2261,0.533,416,723,0,0,1,0,0,0,0,0
7664,4.0184,0.5097,416,723,0,0,1,0,0,0,0,0
7665,4.2185,0.4743,415,723,0,0,1,0,0,0,0,0
7666,4.1304,0.6375,415,723,0,0,1,0,0,0,0,0
7667,4.2422,0.5728,414,723,0,0,1,0,0,0,0,0
7668,4.1727,0.71,414,723,0,0,1,0,0,0,0,0
7669,4.1033,0.485,414,723,0,0,1,0,0,0,0,0
7670,4.2535,0.6647,413,723,0,0,1,0,0,0,0,0
7671,4.1381,0.7274,413,723,0,0,1,0,0,0,0,0
7672,4.0796,0.4495,413,723,0,0,1,0,0,0,0,0
7673,4.3858,0.6854,412,723,0,0,1,0,0,0,0,0
7674,4.0994,0.5414,411,723,0,0,1,0,0,0,0,0
7675,4.3046,0.6468,411,723,0,0,1,0,0,0,0,0
7676,3.9546,0.7312,409,723,0,0,1,0,0,0,0,0
7677,4.177,0.6317,409,723,0,0,1,0,0,0,0,0
7678,4.16,0.5177,409,723,0,0,1,0,0,0,0,0
7679,4.1213,0.5622,408,723,0,0,1,0,0,0,0,0
7680,4.2339,0.6144,408,723,0,0,1,0,0,0,0,0
7681,4.1725,0.8139,407,723,0,0,1,0,0,0,0,0
7682,4.1394,0.5066,406,723,0,0,1,0,0,0,0,0
7683,4.0884,0.4787,404,723,0,0,1,0,0,0,0,0
7684,4.1747,0.4398,403,723,0,0,1,0,0,0,0,0
7685,4.213,0.4533,402,723,0,0,1,0,0,0,0,0
7686,4.1933,0.4344,401,723,0,0,1,0,0,0,0,0
7687,4.2726,0.6597,401,723,0,0,1,0,0,0,0,0
7688,4.0311,0.5227,401,723,0,0,1,0,0,0,0,0
7689,4.2117,0.7017,401,723,0,0,1,0,0,0,0,0
7690,4.1588,0.4774,401,723,0,0,1,0,0,0,0,0
7691,4.1252,0.4534,398,723,0,0,1,0,0,0,0,0
7692,4.2063,0.5693,397,723,0,0,1,0,0,0,0,0
7693,4.1399,0.4277,396,723,0,0,1,0,0,0,0,0
7694,4.2534,0.7692,395,723,0,0,1,0,0,0,0,0
7695,4.0779,0.4615,394,723,0,0,1,0,0,0,0,0
7696,4.1148,0.454,393,723,0,0,1,0,0,0,0,0
7697,4.1908,0.4206,393,723,0,0,1,0,0,0,0,0
7698,4.1806,0.4222,393,723,0,0,1,0,0,0,0,0
7699,4.3195,0.7005,392,723,0,0,1,0,0,0,0,0
7700,4.1049,0.5978,392,723,0,0,1,0,0,0,0,0
7701,4.1448,0.6725,391,723,0,0,1,0,0,0,0,0
7702,4.1099,0.4625,391,723,0,0,1,0,0,0,0,0
7703,4.139,0.4214,390,723,0,0,1,0,0,0,0,0
7704,4.3041,0.6204,388,723,0,0,1,0,0,0,0,0
7705,4.0981,0.4341,381,723,0,0,1,0,0,0,0,0
7706,4.1741,0.6973,380,723,0,0,1,0,0,0,0,0
7707,4.1572,0.474,379,723,0,0,1,0,0,0,0,0
7708,4.123,0.443,378,723,0,0,1,0,0,0,0,0
7709,4.2114,0.4751,377,723,0,0,1,0,0,0,0,0
7710,4.1614,0.4498,376,723,0,0,1,0,0,0,0,0
7711,4.2402,0.7054,425,723,0,0,1,0,0,50,10524,0.0133
7712,4.0784,0.7351,425,723,0,0,1,0,0,0,0,0
7713,4.1793,0.5297,425,723,0,0,1,0,0,0,0,0
7714,4.1769,0.7105,425,723,0,0,1,0,0,0,0,0
7715,4.1238,0.5491,424,723,0,0,1,0,0,0,0,0
7716,4.3246,0.8222,423,723,0,0,1,0,0,0,0,0
7717,3.9715,0.5003,423,723,0,0,1,0,0,0,0,0
7718,4.3193,0.6651,421,723,0,0,1,0,0,0,0,0
7719,4.2657,0.6679,421,723,0,0,1,0,0,0,0,0
7720,3.9419,0.478,421,723,0,0,1,0,0,0,0,0
7721,4.2265,0.6505,421,723,0,0,1,0,0,0,0,0
7722,4.1032,0.4621,419,723,0,0,1,0,0,0,0,0
7723,4.1858,0.7227,417,723,0,0,1,0,0,0,0,0
7724,4.3876,0.4346,416,723,0,0,1,0,0,0,0,0
7725,4.0656,0.704,416,723,0,0,1,0,0,0,0,0
7726,4.0739,0.7233,415,723,0,0,1,0,0,0,0,0
7727,4.1342,0.4854,415,723,0,0,1,0,0,0,0,0
7728,4.2172,0.5912,414,723,0,0,1,0,0,0,0,0
7729,4.103,0.5152,413,723,0,0,1,0,0,0,0,0
7730,4.2868,0.7566,413,723,0,0,1,0,0,0,0,0
7731,4.1698,0.7195,413,723,0,0,1,0,0,0,0,0
7732,4.0523,0.4872,413,723,0,0,1,0,0,0,0,0
7733,4.155,0.6279,413,723,0,0,1,0,0,0,0,0
7734,4.5633,0.4977,412,723,0,0,1,0,0,0,0,0
7735,3.8935,0.695,411,723,0,0,1,0,0,0,0,0
7736,4.1145,0.6292,410,723,0,0,1,0,0,0,0,0
7737,4.1612,0.726,409,723,0,0,1,0,0,0,0,0
7738,4.1379,0.4516,409,723,0,0,1,0,0,0,0,0
7739,4.1808,0.4982,408,723,0,0,1,0,0,0,0,0
7740,4.1871,0.5049,408,723,0,0,1,0,0,0,0,0
7741,4.1509,0.4974,407,723,0,0,1,0,0,0,0,0
7742,4.1638,0.76,407,723,0,0,1,0,0,0,0,0
7743,4.1577,0.4697,407,723,0,0,1,0,0,0,0,0
7744,4.1259,0.4553,406,723,0,0,1,0,0,0,0,0
7745,4.1944,0.5612,404,723,0,0,1,0,0,0,0,0
7746,4.1843,0.5176,403,723,0,0,1,0,0,0,0,0
7747,4.135,0.5131,403,723,0,0,1,0,0,0,0,0
7748,4.1631,0.5136,402,723,0,0,1,0,0,0,0,0
7749,4.1737,0.4836,401,723,0,0,1,0,0,0,0,0
7750,4.2677,0.7328,401,723,0,0,1,0,0,0,0,0
7751,4.0544,0.4758,400,723,0,0,1,0,0,0,0,0
7752,4.1453,0.4637,400,723,0,0,1,0,0,0,0,0
7753,4.1992,0.4649,399,723,0,0,1,0,0,0,0,0
7754,4.1857,0.4576,399,723,0,0,1,0,0,0,0,0
7755,4.1123,0.5378,399,723,0,0,1,0,0,0,0,0
7756,4.2182,0.4729,399,723,0,0,1,0,0,0,0,0
7757,4.1745,0.5033,397,723,0,0,1,0,0,0,0,0
7758,4.1426,0.4363,396,723,0,0,1,0,0,0,0,0
7759,4.137,0.532,393,723,0,0,1,0,0,0,0,0
7760,4.2102,0.4559,393,723,0,0,1,0,0,0,0,0
7761,4.1692,0.5575,391,723,0,0,1,0,0,0,0,0
7762,4.1461,0.5878,391,723,0,0,1,0,0,0,0,0
7763,4.1989,0.4943,391,723,0,0,1,0,0,0,0,0
7764,4.1357,0.4347,390,723,0,0,1,0,0,0,0,0
7765,4.1793,0.4456,390,723,0,0,1,0,0,0,0,0
7766,4.1612,0.438,389,723,0,0,1,0,0,0,0,0
7767,4.1592,0.4954,388,723,0,0,1,0,0,0,0,0
7768,4.1885,0.4285,388,723,0,0,1,0,0,0,0,0
7769,4.1522,0.5799,386,723,0,0,1,0,0,0,0,0
7770,5.2453,0.424,384,723,0,0,1,0,0,0,0,0
7771,3.1239,0.4134,383,723,0,0,1,0,0,0,0,0
7772,4.134,0.438,376,723,0,0,1,0,0,0,0,0
7773,4.1723,0.4524,375,723,0,0,1,0,0,0,0,0
7774,4.1543,0.5894,375,723,0,0,1,0,0,0,0,0
7775,4.1448,0.429,375,723,0,0,1,0,0,0,0,0
7776,4.2376,0.4942,374,723,0,0,1,0,0,0,0,0
7777,4.4184,0.5332,373,723,0,0,1,0,0,0,0,0
7778,3.8678,0.4954,423,723,0,0,1,0,0,50,9651,0.0066
7779,4.1454,0.4627,423,723,0,0,1,0,0,0,0,0
7780,4.2056,0.4482,422,723,0,0,1,0,0,0,0,0
7781,4.1295,0.4337,421,723,0,0,1,0,0,0,0,0
7782,4.391,0.702,419,723,0,0,1,0,0,0,0,0
7783,4.0209,0.679,419,723,0,0,1,0,0,0,0,0
7784,4.0788,0.4617,419,723,0,0,1,0,0,0,0,0
7785,4.2204,0.4819,418,723,0,0,1,0,0,0,0,0
7786,4.1909,0.51,418,723,0,0,1,0,0,0,0,0
7787,4.1478,0.5501,416,723,0,0,1,0,0,0,0,0
7788,4.2744,0.6714,416,723,0,0,1,0,0,0,0,0
7789,4.0719,0.5418,416,723,0,0,1,0,0,0,0,0
7790,4.1521,0.4636,416,723,0,0,1,0,0,0,0,0
7791,4.128,0.4491,415,723,0,0,1,0,0,0,0,0
7792,4.1792,0.4941,415,723,0,0,1,0,0,0,0,0
7793,4.2035,0.5505,415,723,0,0,1,0,0,0,0,0
7794,4.1727,0.6677,415,723,0,0,1,0,0,0,0,0
7795,4.1632,0.5061,413,723,0,0,1,0,0,0,0,0
7796,4.1719,0.6679,411,723,0,0,1,0,0,0,0,0
7797,4.0977,0.4345,409,723,0,0,1,0,0,0,0,0
7798,4.2538,0.4941,409,723,0,0,1,0,0,0,0,0
7799,4.0711,0.5234,408,723,0,0,1,0,0,0,0,0
7800,4.2536,0.4409,408,723,0,0,1,0,0,0,0,0
7801,4.2197,0.9134,408,723,0,0,1,0,0,0,0,0
7802,4.1217,0.5407,405,723,0,0,1,0,0,0,0,0
7803,4.1682,0.6168,404,723,0,0,1,0,0,0,0,0
7804,4.1266,0.4944,404,723,0,0,1,0,0,0,0,0
7805,4.1507,0.6712,403,723,0,0,1,0,0,0,0,0
7806,4.1822,0.5253,402,723,0,0,1,0,0,0,0,0
7807,4.4357,0.6097,402,723,0,0,1,0,0,0,0,0
7808,3.878,0.5197,402,723,0,0,1,0,0,0,0,0
7809,4.2311,0.6186,401,723,0,0,1,0,0,0,0,0
7810,4.1031,0.6438,399,723,0,0,1,0,0,0,0,0
7811,4.2614,0.5298,396,723,0,0,1,0,0,0,0,0
7812,4.1177,0.4455,396,723,0,0,1,0,0,0,0,0
7813,4.4455,0.4473,396,723,0,0,1,0,0,0,0,0
7814,3.9323,0.4979,396,723,0,0,1,0,0,0,0,0
7815,4.1319,0.5216,395,723,0,0,1,0,0,0,0,0
7816,4.1242,0.4399,393,723,0,0,1,0,0,0,0,0
7817,4.211,0.4654,393,723,0,0,1,0,0,0,0,0
7818,4.1276,0.4377,392,723,0,0,1,0,0,0,0,0
7819,4.2072,0.7403,392,723,0,0,1,0,0,0,0,0
7820,4.1669,0.5109,392,723,0,0,1,0,0,0,0,0
7821,4.1641,0.636,392,723,0,0,1,0,0,0,0,0
7822,4.1883,0.4838,390,723,0,0,1,0,0,0,0,0
7823,4.0918,0.4883,389,723,0,0,1,0,0,0,0,0
7824,4.4264,0.7287,389,723,0,0,1,0,0,0,0,0
7825,3.9686,0.6958,388,723,0,0,1,0,0,0,0,0
7826,4.1983,0.6686,386,723,0,0,1,0,0,0,0,0
7827,4.3885,0.5158,386,723,0,0,1,0,0,0,0,0
7828,3.8569,0.4284,385,723,0,0,1,0,0,0,0,0
7829,4.2327,0.4589,385,723,0,0,1,0,0,0,0,0
7830,4.1538,0.4595,384,723,0,0,1,0,0,0,0,0
7831,4.1809,0.6668,384,723,0,0,1,0,0,0,0,0
7832,4.2235,0.7008,383,723,0,0,1,0,0,0,0,0
7833,4.0541,0.7019,382,723,0,0,1,0,0,0,0,0
7834,4.2712,0.4688,382,723,0,0,1,0,0,0,0,0
7835,4.0617,0.4831,382,723,0,0,1,0,0,0,0,0
7836,4.2353,0.5371,381,723,0,0,1,0,0,0,0,0
7837,4.122,0.4219,380,723,0,0,1,0,0,0,0,0
7838,4.1816,0.7677,380,723,0,0,1,0,0,0,0,0
7839,4.1343,0.4684,378,723,0,0,1,0,0,0,0,0
7840,4.1495,0.4632,370,723,0,0,1,0,0,0,0,0
7841,4.4191,0.7777,369,723,0,0,1,0,0,0,0,0
7842,3.9189,0.4333,369,723,0,0,1,0,0,0,0,0
7843,4.2934,0.6963,369,723,0,0,1,0,0,0,0,0
7844,4.0682,0.5724,368,723,0,0,1,0,0,0,0,0
7845,4.1943,0.6628,418,723,0,0,1,0,0,50,10779,0.0089
7846,4.0803,0.7032,418,723,0,0,1,0,0,0,0,0
7847,4.2024,0.4954,416,723,0,0,1,0,0,0,0,0
7848,4.2157,0.5786,415,723,0,0,1,0,0,0,0,0
7849,4.3833,0.4774,414,723,0,0,1,0,0,0,0,0
7850,3.9612,0.7452,414,723,0,0,1,0,0,0,0,0
7851,4.4817,0.5876,412,723,0,0,1,0,0,0,0,0
7852,3.7873,0.4705,412,723,0,0,1,0,0,0,0,0
7853,4.1672,0.482,411,723,0,0,1,0,0,0,0,0
7854,4.2227,0.5623,411,723,0,0,1,0,0,0,0,0
7855,4.1526,0.4902,410,723,0,0,1,0,0,0,0,0
7856,4.1662,0.7696,410,723,0,0,1,0,0,0,0,0
7857,4.1376,0.44,410,723,0,0,1,0,0,0,0,0
7858,4.1922,0.4449,409,723,0,0,1,0,0,0,0,0
7859,4.1611,0.4634,408,723,0,0,1,0,0,0,0,0
7860,4.1375,0.4351,407,723,0,0,1,0,0,0,0,0
7861,4.2302,0.4888,406,723,0,0,1,0,0,0,0,0
7862,4.2386,0.7104,404,723,0,0,1,0,0,0,0,0
7863,4.0657,0.4327,403,723,0,0,1,0,0,0,0,0
7864,4.1316,0.5083,403,723,0,0,1,0,0,0,0,0
7865,4.192,0.5235,403,723,0,0,1,0,0,0,0,0
7866,4.1893,0.5011,403,723,0,0,1,0,0,0,0,0
7867,4.1851,0.6345,402,723,0,0,1,0,0,0,0,0
7868,4.133,1.0745,402,723,0,0,1,0,0,0,0,0
7869,4.1517,0.4522,401,723,0,0,1,0,0,0,0,0
7870,4.2412,0.6393,401,723,0,0,1,0,0,0,0,0
7871,4.0853,0.441,401,723,0,0,1,0,0,0,0,0
7872,4.2146,0.5522,401,723,0,0,1,0,0,0,0,0
7873,4.1696,0.5104,400,723,0,0,1,0,0,0,0,0
7874,4.1032,0.4499,397,723,0,0,1,0,0,0,0,0
7875,4.1739,0.6277,397,723,0,0,1,0,0,0,0,0
7876,4.1641,0.4593,396,723,0,0,1,0,0,0,0,0
7877,4.1608,0.4338,396,723,0,0,1,0,0,0,0,0
7878,4.2446,0.5503,395,723,0,0,1,0,0,0,0,0
7879,4.3892,0.6772,395,723,0,0,1,0,0,0,0,0
7880,3.8564,0.5059,395,723,0,0,1,0,0,0,0,0
7881,4.2062,0.5874,394,723,0,0,1,0,0,0,0,0
7882,4.2553,0.6967,394,723,0,0,1,0,0,0,0,0
7883,4.1038,0.4335,394,723,0,0,1,0,0,0,0,0
7884,4.1766,0.5059,393,723,0,0,1,0,0,0,0,0
7885,4.1413,0.5009,393,723,0,0,1,0,0,0,0,0
7886,4.21,0.4919,392,723,0,0,1,0,0,0,0,0
7887,4.1332,0.7277,391,723,0,0,1,0,0,0,0,0
7888,4.1343,0.4647,389,723,0,0,1,0,0,0,0,0
7889,4.277,0.8247,388,723,0,0,1,0,0,0,0,0
7890,4.0306,0.5059,386,723,0,0,1,0,0,0,0,0
7891,4.2565,0.6078,385,723,0,0,1,0,0,0,0,0
7892,4.1127,0.4798,384,723,0,0,1,0,0,0,0,0
7893,4.1587,0.6473,383,723,0,0,1,0,0,0,0,0
7894,4.2227,0.6314,383,723,0,0,1,0,0,0,0,0
7895,4.1215,0.5877,382,723,0,0,1,0,0,0,0,0
7896,4.2253,0.574,381,723,0,0,1,0,0,0,0,0
7897,4.1811,0.5244,381,723,0,0,1,0,0,0,0,0
7898,4.232,0.7769,380,723,0,0,1,0,0,0,0,0
7899,3.991,0.4596,379,723,0,0,1,0,0,0,0,0
7900,4.2036,0.4511,379,723,0,0,1,0,0,0,0,0
7901,4.2257,0.4832,379,723,0,0,1,0,0,0,0,0
7902,4.1496,0.5216,379,723,0,0,1,0,0,0,0,0
7903,4.1769,0.5237,378,723,0,0,1,0,0,0,0,0
7904,4.1295,0.5467,376,723,0,0,1,0,0,0,0,0
7905,4.1461,0.4497,375,723,0,0,1,0,0,0,0,0
7906,4.2048,0.5613,367,723,0,0,1,0,0,0,0,0
7907,4.1157,0.4542,367,723,0,0,1,0,0,0,0,0
7908,4.3226,0.7355,367,723,0,0,1,0,0,0,0,0
7909,4.0787,0.4886,367,723,0,0,1,0,0,0,0,0
7910,4.4523,0.6038,366,723,0,0,1,0,0,0,0,0
7911,3.9061,0.4563,364,723,0,0,1,0,0,0,0,0
7912,4.0841,0.4589,414,723,0,0,1,0,0,50,9852,0.0066
7913,4.1828,0.6244,414,723,0,0,1,0,0,0,0,0
7914,4.1518,0.4601,414,723,0,0,1,0,0,0,0,0
7915,4.2368,0.5097,414,723,0,0,1,0,0,0,0,0
7916,4.1399,0.5388,414,723,0,0,1,0,0,0,0,0
7917,4.1253,0.5156,413,723,0,0,1,0,0,0,0,0
7918,4.1847,0.5808,413,723,0,0,1,0,0,0,0,0
7919,4.1448,0.5363,411,723,0,0,1,0,0,0,0,0
7920,4.2812,0.7082,411,723,0,0,1,0,0,0,0,0
7921,4.0173,0.5422,410,723,0,0,1,0,0,0,0,0
7922,4.264,0.5179,409,723,0,0,1,0,0,0,0,0
7923,4.1801,0.4919,409,723,0,0,1,0,0,0,0,0
7924,4.0628,0.4391,408,723,0,0,1,0,0,0,0,0
7925,4.2259,0.5344,407,723,0,0,1,0,0,0,0,0
7926,4.2549,0.6631,406,723,0,0,1,0,0,0,0,0
7927,4.0284,0.4395,406,723,0,0,1,0,0,0,0,0
7928,4.2083,0.4853,405,723,0,0,1,0,0,0,0,0
7929,4.1248,0.4361,404,723,0,0,1,0,0,0,0,0
7930,4.2133,0.4669,404,723,0,0,1,0,0,0,0,0
7931,4.1585,0.4605,402,723,0,0,1,0,0,0,0,0
7932,4.1869,0.7498,401,723,0,0,1,0,0,0,0,0
7933,4.278,0.8851,400,723,0,0,1,0,0,0,0,0
7934,4.0881,0.723,398,723,0,0,1,0,0,0,0,0
7935,4.1161,0.4788,398,723,0,0,1,0,0,0,0,0
7936,4.1427,0.4704,398,723,0,0,1,0,0,0,0,0
7937,4.198,0.5423,398,723,0,0,1,0,0,0,0,0
7938,4.1561,0.4946,397,723,0,0,1,0,0,0,0,0
7939,4.2825,0.6787,397,723,0,0,1,0,0,0,0,0
7940,4.0196,0.5509,397,723,0,0,1,0,0,0,0,0
7941,4.2154,0.4887,396,723,0,0,1,0,0,0,0,0
7942,4.1895,0.5389,396,723,0,0,1,0,0,0,0,0
7943,4.1198,0.5569,396,723,0,0,1,0,0,0,0,0
7944,4.2152,0.7501,395,723,0,0,1,0,0,0,0,0
7945,4.1077,0.966,395,723,0,0,1,0,0,0,0,0
7946,4.3309,0.6896,395,723,0,0,1,0,0,0,0,0
7947,4.047,0.7927,394,723,0,0,1,0,0,0,0,0
7948,4.131,0.4703,393,723,0,0,1,0,0,0,0,0
7949,4.2305,0.577,393,723,0,0,1,0,0,0,0,0
7950,4.1744,0.4666,392,723,0,0,1,0,0,0,0,0
7951,4.2079,0.6065,392,723,0,0,1,0,0,0,0,0
7952,4.3731,0.4395,391,723,0,0,1,0,0,0,0,0
7953,3.8321,0.4453,390,723,0,0,1,0,0,0,0,0
7954,4.1808,0.5014,390,723,0,0,1,0,0,0,0,0
7955,4.1699,0.452,389,723,0,0,1,0,0,0,0,0
7956,4.2299,0.4865,387,723,0,0,1,0,0,0,0,0
7957,4.3284,0.4471,387,723,0,0,1,0,0,0,0,0
7958,4.1102,0.66,387,723,0,0,1,0,0,0,0,0
7959,4.0941,0.7618,387,723,0,0,1,0,0,0,0,0
7960,4.0433,0.4824,386,723,0,0,1,0,0,0,0,0
7961,4.5443,0.6767,384,723,0,0,1,0,0,0,0,0
7962,3.8328,0.4529,382,723,0,0,1,0,0,0,0,0
7963,4.207,0.6838,382,723,0,0,1,0,0,0,0,0
7964,4.1127,0.4424,382,723,0,0,1,0,0,0,0,0
7965,4.2373,0.6197,382,723,0,0,1,0,0,0,0,0
7966,4.1517,0.5558,380,723,0,0,1,0,0,0,0,0
7967,4.124,0.5678,380,723,0,0,1,0,0,0,0,0
7968,4.4522,0.7104,379,723,0,0,1,0,0,0,0,0
7969,4.0923,0.5407,378,723,0,0,1,0,0,0,0,0
7970,3.9212,0.5047,377,723,0,0,1,0,0,0,0,0
7971,4.4879,0.7762,377,723,0,0,1,0,0,0,0,0
7972,3.8468,0.5269,377,723,0,0,1,0,0,0,0,0
7973,4.1209,0.5129,375,723,0,0,1,0,0,0,0,0
7974,4.2202,0.5261,368,723,0,0,1,0,0,0,0,0
7975,4.4488,0.5199,368,723,0,0,1,0,0,0,0,0
7976,4.0669,0.6901,368,723,0,0,1,0,0,0,0,0
7977,4.1641,0.8813,367,723,0,0,1,0,0,0,0,0
7978,4.0568,0.5808,365,723,0,0,1,0,0,0,0,0
7979,4.1139,0.552,414,723,0,0,1,0,0,50,13734,0.0096
7980,4.1954,0.5501,413,723,0,0,1,0,0,0,0,0
7981,4.1522,0.5573,413,723,0,0,1,0,0,0,0,0
7982,4.1998,0.7025,413,723,0,0,1,0,0,0,0,0
7983,4.1026,0.4756,410,723,0,0,1,0,0,0,0,0
7984,4.1656,0.4611,410,723,0,0,1,0,0,0,0,0
7985,4.4598,0.7067,410,723,0,0,1,0,0,0,0,0
7986,3.9185,0.4582,409,723,0,0,1,0,0,0,0,0
7987,4.1793,0.4916,408,723,0,0,1,0,0,0,0,0
7988,4.1486,0.5349,408,723,0,0,1,0,0,0,0,0
7989,4.2518,0.7014,407,723,0,0,1,0,0,0,0,0
7990,4.2145,0.4925,407,723,0,0,1,0,0,0,0,0
7991,4.0189,0.4421,407,723,0,0,1,0,0,0,0,0
7992,4.221,0.5235,407,723,0,0,1,0,0,0,0,0
7993,4.1705,0.4793,407,723,0,0,1,0,0,0,0,0
7994,4.1259,0.4375,405,723,0,0,1,0,0,0,0,0
7995,4.1813,0.7118,405,723,0,0,1,0,0,0,0,0
7996,4.1752,0.7809,405,723,0,0,1,0,0,0,0,0
7997,4.1759,0.7874,403,723,0,0,1,0,0,0,0,0
7998,4.1803,0.7114,403,723,0,0,1,0,0,0,0,0
7999,4.1504,0.5558,402,723,0,0,1,0,0,0,0,0
8000,4.3065,0.5207,402,723,0,0,1,0,0,0,0,0
8001,3.9991,0.9792,401,723,0,0,1,0,0,0,0,0
8002,4.2938,0.7088,400,723,0,0,1,0,0,0,0,0
8003,4.0441,0.5792,400,723,0,0,1,0,0,0,0,0
8004,4.1918,0.5452,400,723,0,0,1,0,0,0,0,0
8005,4.3055,0.4948,400,723,0,0,1,0,0,0,0,0
8006,4.1029,0.648,400,723,0,0,1,0,0,0,0,0
8007,4.1136,0.6587,398,723,0,0,1,0,0,0,0,0
8008,4.0911,0.4654,398,723,0,0,1,0,0,0,0,0
8009,4.3239,0.5035,397,723,0,0,1,0,0,0,0,0
8010,4.028,0.459,396,723,0,0,1,0,0,0,0,0
8011,4.1986,0.4901,396,723,0,0,1,0,0,0,0,0
8012,4.1415,0.7848,395,723,0,0,1,0,0,0,0,0
8013,4.1534,0.4978,394,723,0,0,1,0,0,0,0,0
8014,4.5021,0.6154,394,723,0,0,1,0,0,0,0,0
8015,3.836,0.4393,394,723,0,0,1,0,0,0,0,0
8016,4.1544,0.4511,394,723,0,0,1,0,0,0,0,0
8017,4.2055,0.4996,393,723,0,0,1,0,0,0,0,0
8018,4.1464,0.466,391,723,0,0,1,0,0,0,0,0
8019,4.3518,0.417,391,723,0,0,1,0,0,0,0,0
8020,3.9712,0.4348,391,723,0,0,1,0,0,0,0,0
8021,4.1813,0.5926,390,723,0,0,1,0,0,0,0,0
8022,4.2273,0.6054,390,723,0,0,1,0,0,0,0,0
8023,4.1735,0.6444,388,723,0,0,1,0,0,0,0,0
8024,4.3675,0.4502,388,723,0,0,1,0,0,0,0,0
8025,3.8893,0.4353,386,723,0,0,1,0,0,0,0,0
8026,4.349,0.5911,386,723,0,0,1,0,0,0,0,0
8027,4.0278,0.4729,386,723,0,0,1,0,0,0,0,0
8028,4.2541,0.4932,385,723,0,0,1,0,0,0,0,0
8029,4.0923,0.5227,384,723,0,0,1,0,0,0,0,0
8030,4.1704,0.5317,382,723,0,0,1,0,0,0,0,0
8031,4.139,0.4884,381,723,0,0,1,0,0,0,0,0
8032,4.1247,0.4612,380,723,0,0,1,0,0,0,0,0
8033,4.2632,0.6739,378,723,0,0,1,0,0,0,0,0
8034,4.0855,0.443,378,723,0,0,1,0,0,0,0,0
8035,4.1982,0.6584,378,723,0,0,1,0,0,0,0,0
8036,4.1112,0.6073,378,723,0,0,1,0,0,0,0,0
8037,4.1861,0.5653,376,723,0,0,1,0,0,0,0,0
8038,4.2126,0.8071,376,723,0,0,1,0,0,0,0,0
8039,4.1314,0.5579,375,723,0,0,1,0,0,0,0,0
8040,4.3067,0.5211,374,723,0,0,1,0,0,0,0,0
8041,3.977,0.5065,367,723,0,0,1,0,0,0,0,0
8042,4.223,0.484,367,723,0,0,1,0,0,0,0,0
8043,4.1372,0.4843,367,723,0,0,1,0,0,0,0,0
8044,4.1384,0.4744,367,723,0,0,1,0,0,0,0,0
8045,4.2322,0.7965,366,723,0,0,1,0,0,0,0,0
8046,4.2198,0.6181,365,723,0,0,1,0,0,0,0,0
8047,4.2119,0.5269,414,723,0,0,1,0,0,50,13290,0.0095
8048,4.4386,0.5032,413,723,0,0,1,0,0,0,0,0
8049,3.774,0.8759,413,723,0,0,1,0,0,0,0,0
8050,4.2403,0.6717,412,723,0,0,1,0,0,0,0,0
8051,4.1135,0.5183,412,723,0,0,1,0,0,0,0,0
8052,4.2338,0.7024,412,723,0,0,1,0,0,0,0,0
8053,4.3641,0.5875,411,723,0,0,1,0,0,0,0,0
8054,3.9525,0.5222,410,723,0,0,1,0,0,0,0,0
8055,4.1598,0.4807,410,723,0,0,1,0,0,0,0,0
8056,4.098,0.4721,409,723,0,0,1,0,0,0,0,0
8057,4.1526,0.5886,408,723,0,0,1,0,0,0,0,0
8058,4.2471,0.6519,407,723,0,0,1,0,0,0,0,0
8059,4.1071,0.4898,407,723,0,0,1,0,0,0,0,0
8060,4.1894,0.4905,407,723,0,0,1,0,0,0,0,0
8061,4.1634,0.4388,407,723,0,0,1,0,0,0,0,0
8062,4.1603,0.4705,407,723,0,0,1,0,0,0,0,0
8063,4.1595,0.5144,407,723,0,0,1,0,0,0,0,0
8064,4.2333,0.6976,407,723,0,0,1,0,0,0,0,0
8065,4.2522,0.6954,406,723,0,0,1,0,0,0,0,0
8066,4.0803,0.4874,406,723,0,0,1,0,0,0,0,0
8067,4.1165,0.462,405,723,0,0,1,0,0,0,0,0
8068,4.1453,0.4512,405,723,0,0,1,0,0,0,0,0
8069,4.239,0.5917,404,723,0,0,1,0,0,0,0,0
8070,4.1265,0.4447,403,723,0,0,1,0,0,0,0,0
8071,4.2365,0.7066,403,723,0,0,1,0,0,0,0,0
8072,4.2674,0.5187,401,723,0,0,1,0,0,0,0,0
8073,3.9653,0.4802,401,723,0,0,1,0,0,0,0,0
8074,4.1299,0.5275,401,723,0,0,1,0,0,0,0,0
8075,4.1769,0.5049,400,723,0,0,1,0,0,0,0,0
8076,4.1933,0.4917,399,723,0,0,1,0,0,0,0,0
8077,4.2241,0.7189,399,723,0,0,1,0,0,0,0,0
8078,4.2106,0.8262,399,723,0,0,1,0,0,0,0,0
8079,4.0711,0.5853,399,723,0,0,1,0,0,0,0,0
8080,4.1363,0.491,399,723,0,0,1,0,0,0,0,0
8081,4.2096,0.4863,399,723,0,0,1,0,0,0,0,0
8082,4.1651,0.4621,398,723,0,0,1,0,0,0,0,0
8083,4.2433,0.4424,397,723,0,0,1,0,0,0,0,0
8084,4.0473,0.4981,397,723,0,0,1,0,0,0,0,0
8085,4.1897,0.6138,397,723,0,0,1,0,0,0,0,0
8086,4.5647,0.6212,396,723,0,0,1,0,0,0,0,0
8087,3.7863,0.504,395,723,0,0,1,0,0,0,0,0
8088,4.2127,0.5504,395,723,0,0,1,0,0,0,0,0
8089,4.1335,0.4717,395,723,0,0,1,0,0,0,0,0
8090,4.3057,0.6594,395,723,0,0,1,0,0,0,0,0
8091,4.086,0.5563,394,723,0,0,1,0,0,0,0,0
8092,4.0596,0.6239,393,723,0,0,1,0,0,0,0,0
8093,4.1883,0.6107,391,723,0,0,1,0,0,0,0,0
8094,4.2201,0.5028,390,723,0,0,1,0,0,0,0,0
8095,4.1862,0.4194,390,723,0,0,1,0,0,0,0,0
8096,4.3296,0.4296,390,723,0,0,1,0,0,0,0,0
8097,4.0083,0.5263,390,723,0,0,1,0,0,0,0,0
8098,4.1226,0.4941,390,723,0,0,1,0,0,0,0,0
8099,4.1586,0.4364,390,723,0,0,1,0,0,0,0,0
8100,4.2022,0.4686,390,723,0,0,1,0,0,0,0,0
8101,4.3095,0.4471,390,723,0,0,1,0,0,0,0,0
8102,3.9778,0.4445,389,723,0,0,1,0,0,0,0,0
8103,4.1921,0.476,388,723,0,0,1,0,0,0,0,0
8104,4.1036,0.4359,385,723,0,0,1,0,0,0,0,0
8105,4.2413,0.6367,385,723,0,0,1,0,0,0,0,0
8106,4.1457,0.4461,384,723,0,0,1,0,0,0,0,0
8107,4.1759,0.4729,383,723,0,0,1,0,0,0,0,0
8108,4.1594,0.5844,376,723,0,0,1,0,0,0,0,0
8109,4.3183,0.7683,376,723,0,0,1,0,0,0,0,0
8110,4.0133,0.4918,376,723,0,0,1,0,0,0,0,0
8111,4.1614,0.4846,376,723,0,0,1,0,0,0,0,0
8112,4.2055,0.4947,375,723,0,0,1,0,0,0,0,0
8113,4.4615,0.4367,375,723,0,0,1,0,0,0,0,0
8114,3.9941,0.4841,425,723,0,0,1,2,0.0245,50,13046,0.0082
8115,4.1942,0.6698,425,723,0,0,1,0,0,0,0,0
8116,3.9777,0.4705,424,723,0,0,1,0,0,0,0,0
8117,4.4808,0.5342,424,723,0,0,1,0,0,0,0,0
8118,3.9079,0.4967,424,723,0,0,1,0,0,0,0,0
8119,4.3555,0.4243,422,723,0,0,1,0,0,0,0,0
8120,4.14,0.7183,421,723,0,0,1,0,0,0,0,0
8121,4.0671,0.7401,420,723,0,0,1,0,0,0,0,0
8122,4.0951,0.5768,418,723,0,0,1,0,0,0,0,0
8123,4.1387,0.5475,417,723,0,0,1,0,0,0,0,0
8124,4.1332,0.466,416,723,0,0,1,0,0,0,0,0
8125,4.2257,0.657,414,723,0,0,1,0,0,0,0,0
8126,4.1451,0.5484,414,723,0,0,1,0,0,0,0,0
8127,4.2204,0.6201,414,723,0,0,1,0,0,0,0,0
8128,4.0773,0.4484,414,723,0,0,1,0,0,0,0,0
8129,4.2232,0.5136,414,723,0,0,1,0,0,0,0,0
8130,4.0967,0.4373,412,723,0,0,1,0,0,0,0,0
8131,4.1772,0.432,412,723,0,0,1,0,0,0,0,0
8132,4.2371,0.5802,412,723,0,0,1,0,0,0,0,0
8133,4.1034,1.153,412,723,0,0,1,0,0,0,0,0
8134,4.219,0.7193,411,723,0,0,1,0,0,0,0,0
8135,4.1422,0.5042,411,723,0,0,1,0,0,0,0,0
8136,4.4624,0.504,410,723,0,0,1,0,0,0,0,0
8137,3.8711,0.587,408,723,0,0,1,0,0,0,0,0
8138,4.2209,0.5294,408,723,0,0,1,0,0,0,0,0
8139,4.1027,0.6327,408,723,0,0,1,0,0,0,0,0
8140,4.154,0.4409,408,723,0,0,1,0,0,0,0,0
8141,4.1777,0.8988,407,723,0,0,1,0,0,0,0,0
8142,4.204,0.5083,406,723,0,0,1,0,0,0,0,0
8143,4.5264,0.7071,403,723,0,0,1,0,0,0,0,0
8144,3.793,0.4821,402,723,0,0,1,0,0,0,0,0
8145,4.1237,0.5503,402,723,0,0,1,0,0,0,0,0
8146,4.2244,0.6945,400,723,0,0,1,0,0,0,0,0
8147,4.1201,0.4226,398,723,0,0,1,0,0,0,0,0
8148,4.2323,0.5041,398,723,0,0,1,0,0,0,0,0
8149,4.1006,0.4489,398,723,0,0,1,0,0,0,0,0
8150,4.4501,0.4769,397,723,0,0,1,0,0,0,0,0
8151,3.9391,0.6641,397,723,0,0,1,0,0,0,0,0
8152,4.0849,0.4453,397,723,0,0,1,0,0,0,0,0
8153,4.4599,0.604,395,723,0,0,1,0,0,0,0,0
8154,3.9218,0.4942,395,723,0,0,1,0,0,0,0,0
8155,4.2044,0.5497,395,723,0,0,1,0,0,0,0,0
8156,4.1716,0.5396,395,723,0,0,1,0,0,0,0,0
8157,4.1002,0.5531,394,723,0,0,1,0,0,0,0,0
8158,4.2232,0.5195,394,723,0,0,1,0,0,0,0,0
8159,4.1258,0.7056,393,723,0,0,1,0,0,0,0,0
8160,4.1707,0.6024,393,723,0,0,1,0,0,0,0,0
8161,4.1637,0.5032,392,723,0,0,1,0,0,0,0,0
8162,4.236,0.5012,391,723,0,0,1,0,0,0,0,0
8163,4.0985,0.4699,391,723,0,0,1,0,0,0,0,0
8164,4.1516,0.4432,390,723,0,0,1,0,0,0,0,0
8165,4.222,0.7134,389,723,0,0,1,0,0,0,0,0
8166,4.2136,0.7794,389,723,0,0,1,0,0,0,0,0
8167,4.1278,0.515,389,723,0,0,1,0,0,0,0,0
8168,4.2175,0.5696,389,723,0,0,1,0,0,0,0,0
8169,4.0494,0.6924,389,723,0,0,1,0,0,0,0,0
8170,4.2522,0.649,388,723,0,0,1,0,0,0,0,0
8171,4.0991,0.4256,387,723,0,0,1,0,0,0,0,0
8172,4.2895,0.6567,387,723,0,0,1,0,0,0,0,0
8173,4.2869,0.4892,387,723,0,0,1,0,0,0,0,0
8174,3.9563,0.5137,386,723,0,0,1,0,0,0,0,0
8175,4.1863,0.4622,379,723,0,0,1,0,0,0,0,0
8176,4.0746,0.4408,379,723,0,0,1,0,0,0,0,0
8177,4.2799,0.7123,378,723,0,0,1,0,0,0,0,0
8178,4.0622,0.4309,375,723,0,0,1,0,0,0,0,0
8179,4.2496,0.7235,375,723,0,0,1,0,0,0,0,0
8180,4.2048,0.6714,375,723,0,0,1,0,0,0,0,0
8181,4.0891,0.6005,425,723,0,0,1,0,0,50,13917,0.0086
8182,4.1649,0.4977,425,723,0,0,1,0,0,0,0,0
8183,4.1494,0.4418,425,723,0,0,1,0,0,0,0,0
8184,4.2559,0.4753,424,723,0,0,1,0,0,0,0,0
8185,4.0972,0.5186,424,723,0,0,1,0,0,0,0,0
8186,4.4573,0.7058,424,723,0,0,1,0,0,0,0,0
8187,3.8502,0.57,424,723,0,0,1,0,0,0,0,0
8188,4.1723,0.529,424,723,0,0,1,0,0,0,0,0
8189,4.2469,0.5283,424,723,0,0,1,0,0,0,0,0
8190,4.1016,0.4722,422,723,0,0,1,0,0,0,0,0
8191,4.1945,0.6588,421,723,0,0,1,0,0,0,0,0
8192,4.2487,0.4693,421,723,0,0,1,0,0,0,0,0
8193,4.1134,0.5144,420,723,0,0,1,0,0,0,0,0
8194,4.1655,0.4825,419,723,0,0,1,0,0,0,0,0
8195,4.1632,0.6126,418,723,0,0,1,0,0,0,0,0
8196,4.3435,0.6602,417,723,0,0,1,0,0,0,0,0
8197,3.92,0.4478,416,723,0,0,1,0,0,0,0,0
8198,4.1926,0.4859,415,723,0,0,1,0,0,0,0,0
8199,4.1803,0.4904,413,723,0,0,1,0,0,0,0,0
8200,4.1089,0.4699,411,723,0,0,1,0,0,0,0,0
8201,4.2609,0.8467,410,723,0,0,1,0,0,0,0,0
8202,4.111,0.5371,410,723,0,0,1,0,0,0,0,0
8203,4.2116,0.8964,410,723,0,0,1,0,0,0,0,0
8204,4.3543,0.5908,410,723,0,0,1,0,0,0,0,0
8205,3.9251,0.4912,409,723,0,0,1,0,0,0,0,0
8206,4.2181,0.6481,409,723,0,0,1,0,0,0,0,0
8207,4.1205,0.4514,409,723,0,0,1,0,0,0,0,0
8208,4.2321,0.6138,408,723,0,0,1,0,0,0,0,0
8209,4.1629,0.7229,408,723,0,0,1,0,0,0,0,0
8210,4.1628,0.5292,408,723,0,0,1,0,0,0,0,0
8211,4.1187,0.717,408,723,0,0,1,0,0,0,0,0
8212,4.1657,0.4373,408,723,0,0,1,0,0,0,0,0
8213,4.1722,0.474,408,723,0,0,1,0,0,0,0,0
8214,4.1523,0.4477,408,723,0,0,1,0,0,0,0,0
8215,4.2014,0.6049,408,723,0,0,1,0,0,0,0,0
8216,4.238,0.4492,406,723,0,0,1,0,0,0,0,0
8217,4.06,0.4433,405,723,0,0,1,0,0,0,0,0
8218,4.1702,0.4584,404,723,0,0,1,0,0,0,0,0
8219,4.1765,0.4797,402,723,0,0,1,0,0,0,0,0
8220,4.204,0.6098,401,723,0,0,1,0,0,0,0,0
8221,4.1717,0.7923,401,723,0,0,1,0,0,0,0,0
8222,4.2625,0.6941,401,723,0,0,1,0,0,0,0,0
8223,4.0759,0.5534,399,723,0,0,1,0,0,0,0,0
8224,4.1097,0.5192,397,723,0,0,1,0,0,0,0,0
8225,4.5991,0.6978,397,723,0,0,1,0,0,0,0,0
8226,4.1604,0.5805,396,723,0,0,1,0,0,0,0,0
8227,3.7957,0.5031,395,723,0,0,1,0,0,0,0,0
8228,4.1816,0.6656,395,723,0,0,1,0,0,0,0,0
8229,4.1475,0.7146,394,723,0,0,1,0,0,0,0,0
8230,4.1762,0.7209,393,723,0,0,1,0,0,0,0,0
8231,4.1011,0.4947,393,723,0,0,1,0,0,0,0,0
8232,4.2478,0.5006,393,723,0,0,1,0,0,0,0,0
8233,4.1666,0.4678,393,723,0,0,1,0,0,0,0,0
8234,4.1392,0.7131,392,723,0,0,1,0,0,0,0,0
8235,4.0321,0.4365,392,723,0,0,1,0,0,0,0,0
8236,4.2966,0.6881,390,723,0,0,1,0,0,0,0,0
8237,4.1828,0.5111,390,723,0,0,1,0,0,0,0,0
8238,4.1052,0.6276,389,723,0,0,1,0,0,0,0,0
8239,4.2173,0.5123,389,723,0,0,1,0,0,0,0,0
8240,4.2993,0.4322,389,723,0,0,1,0,0,0,0,0
8241,4.0119,0.5917,387,723,0,0,1,0,0,0,0,0
8242,4.2022,0.5047,379,723,0,0,1,0,0,0,0,0
8243,4.1202,0.5533,378,723,0,0,1,0,0,0,0,0
8244,4.1979,0.559,378,723,0,0,1,0,0,0,0,0
8245,4.2177,0.6286,376,723,0,0,1,0,0,0,0,0
8246,4.1,0.8145,375,723,0,0,1,0,0,0,0,0
8247,4.4826,0.5894,374,723,0,0,1,0,0,0,0,0
8248,3.8192,0.4874,424,723,0,0,1,0,0,50,13929,0.0086
8249,4.1786,0.5744,423,723,0,0,1,0,0,0,0,0
8250,4.1395,0.4666,423,723,0,0,1,0,0,0,0,0
8251,4.516,0.4438,421,723,0,0,1,0,0,0,0,0
8252,3.8887,0.5891,420,723,0,0,1,0,0,0,0,0
8253,4.187,0.7307,419,723,0,0,1,0,0,0,0,0
8254,4.1413,0.5157,419,723,0,0,1,0,0,0,0,0
8255,4.1177,0.4464,417,723,0,0,1,0,0,0,0,0
8256,4.2808,0.6409,416,723,0,0,1,0,0,0,0,0
8257,4.0193,0.5093,416,723,0,0,1,0,0,0,0,0
8258,4.3289,0.792,414,723,0,0,1,0,0,0,0,0
8259,4.0656,0.5146,414,723,0,0,1,0,0,0,0,0
8260,4.1106,0.4787,412,723,0,0,1,0,0,0,0,0
8261,4.5432,0.6849,412,723,0,0,1,0,0,0,0,0
8262,3.8635,0.5538,412,723,0,0,1,0,0,0,0,0
8263,4.1926,0.5081,412,723,0,0,1,0,0,0,0,0
8264,4.289,0.4472,412,723,0,0,1,0,0,0,0,0
8265,3.996,0.4401,411,723,0,0,1,0,0,0,0,0
8266,4.3096,0.7071,409,723,0,0,1,0,0,0,0,0
8267,4.0587,0.4487,408,723,0,0,1,0,0,0,0,0
8268,4.171,0.4913,408,723,0,0,1,0,0,0,0,0
8269,4.1619,0.5862,408,723,0,0,1,0,0,0,0,0
8270,4.1988,0.5094,408,723,0,0,1,0,0,0,0,0
8271,4.075,0.7169,407,723,0,0,1,0,0,0,0,0
8272,4.1453,0.4616,407,723,0,0,1,0,0,0,0,0
8273,4.1542,0.5373,407,723,0,0,1,0,0,0,0,0
8274,4.2197,0.5214,406,723,0,0,1,0,0,0,0,0
8275,4.2231,0.5022,406,723,0,0,1,0,0,0,0,0
8276,4.2051,0.6209,406,723,0,0,1,0,0,0,0,0
8277,4.0711,0.5104,406,723,0,0,1,0,0,0,0,0
8278,4.3159,0.4782,406,723,0,0,1,0,0,0,0,0
8279,4.0253,0.4418,406,723,0,0,1,0,0,0,0,0
8280,4.2101,0.4981,405,723,0,0,1,0,0,0,0,0
8281,4.1443,0.4867,405,723,0,0,1,0,0,0,0,0
8282,4.2752,0.6567,403,723,0,0,1,0,0,0,0,0
8283,4.0483,0.463,403,723,0,0,1,0,0,0,0,0
8284,4.107,0.4366,403,723,0,0,1,0,0,0,0,0
8285,4.6141,0.7131,402,723,0,0,1,0,0,0,0,0
8286,3.8107,0.6871,401,723,0,0,1,0,0,0,0,0
8287,4.1308,0.4706,400,723,0,0,1,0,0,0,0,0
8288,4.3343,0.4907,400,723,0,0,1,0,0,0,0,0
8289,3.9999,0.4751,399,723,0,0,1,0,0,0,0,0
8290,4.1156,0.5944,398,723,0,0,1,0,0,0,0,0
8291,4.3455,0.486,397,723,0,0,1,0,0,0,0,0
8292,4.251,0.6947,396,723,0,0,1,0,0,0,0,0
8293,3.9028,0.7304,394,723,0,0,1,0,0,0,0,0
8294,4.2395,0.6615,391,723,0,0,1,0,0,0,0,0
8295,4.1457,0.5665,391,723,0,0,1,0,0,0,0,0
8296,4.118,0.5149,390,723,0,0,1,0,0,0,0,0
8297,4.2753,0.7059,388,723,0,0,1,0,0,0,0,0
8298,4.0997,0.4592,387,723,0,0,1,0,0,0,0,0
8299,4.2163,0.528,387,723,0,0,1,0,0,0,0,0
8300,4.124,0.5143,387,723,0,0,1,0,0,0,0,0
8301,4.2236,1.2176,386,723,0,0,1,0,0,0,0,0
8302,4.1573,0.8335,385,723,0,0,1,0,0,0,0,0
8303,4.129,0.4688,385,723,0,0,1,0,0,0,0,0
8304,4.1662,0.4701,385,723,0,0,1,0,0,0,0,0
8305,4.1671,0.5318,385,723,0,0,1,0,0,0,0,0
8306,4.1894,0.5056,385,723,0,0,1,0,0,0,0,0
8307,4.1759,0.4803,384,723,0,0,1,0,0,0,0,0
8308,4.112,0.4332,383,723,0,0,1,0,0,0,0,0
8309,4.1701,0.4375,383,723,0,0,1,0,0,0,0,0
8310,4.2752,0.6393,376,723,0,0,1,0,0,0,0,0
8311,4.1058,0.4809,375,723,0,0,1,0,0,0,0,0
8312,4.4578,0.4978,375,723,0,0,1,0,0,0,0,0
8313,3.8331,0.4257,374,723,0,0,1,0,0,0,0,0
8314,4.1714,0.4642,374,723,0,0,1,0,0,0,0,0
8315,4.1781,0.4641,422,723,0,0,1,0,0,50,14349,0.008
8316,4.2559,0.7268,422,723,0,0,1,0,0,0,0,0
8317,4.1994,0.4705,422,723,0,0,1,0,0,0,0,0
8318,4.0494,0.5167,422,723,0,0,1,0,0,0,0,0
8319,4.2182,0.4815,422,723,0,0,1,0,0,0,0,0
8320,4.085,0.4923,421,723,0,0,1,0,0,0,0,0
8321,4.1873,0.7351,419,723,0,0,1,0,0,0,0,0
8322,4.187,0.4796,418,723,0,0,1,0,0,0,0,0
8323,4.1647,0.6389,418,723,0,0,1,0,0,0,0,0
8324,4.0962,0.7858,418,723,0,0,1,0,0,0,0,0
8325,4.2041,0.4579,418,723,0,0,1,0,0,0,0,0
8326,4.1791,0.5002,417,723,0,0,1,0,0,0,0,0
8327,4.1539,0.4529,416,723,0,0,1,0,0,0,0,0
8328,4.1811,0.5777,414,723,0,0,1,0,0,0,0,0
8329,4.2658,0.711,414,723,0,0,1,0,0,0,0,0
8330,4.3065,0.6586,414,723,0,0,1,0,0,0,0,0
8331,4.0052,0.5136,414,723,0,0,1,0,0,0,0,0
8332,4.0643,0.4212,414,723,0,0,1,0,0,0,0,0
8333,4.4394,0.6782,414,723,0,0,1,0,0,0,0,0
8334,3.9051,0.5103,412,723,0,0,1,0,0,0,0,0
8335,4.2707,0.7473,411,723,0,0,1,0,0,0,0,0
8336,4.2253,0.5284,411,723,0,0,1,0,0,0,0,0
8337,4.0634,0.5599,411,723,0,0,1,0,0,0,0,0
8338,4.1879,0.5344,411,723,0,0,1,0,0,0,0,0
8339,4.1026,0.4659,411,723,0,0,1,0,0,0,0,0
8340,4.1769,0.5284,410,723,0,0,1,0,0,0,0,0
8341,4.0921,0.4765,409,723,0,0,1,0,0,0,0,0
8342,4.4979,0.7643,409,723,0,0,1,0,0,0,0,0
8343,4.3267,0.588,409,723,0,0,1,0,0,0,0,0
8344,3.7324,0.5842,409,723,0,0,1,0,0,0,0,0
8345,4.1509,0.4566,409,723,0,0,1,0,0,0,0,0
8346,4.222,0.5114,409,723,0,0,1,0,0,0,0,0
8347,4.2905,0.4667,407,723,0,0,1,0,0,0,0,0
8348,4.184,0.7374,407,723,0,0,1,0,0,0,0,0
8349,4.0394,0.7415,403,723,0,0,1,0,0,0,0,0
8350,4.3117,0.5967,400,723,0,0,1,0,0,0,0,0
8351,3.9358,0.506,399,723,0,0,1,0,0,0,0,0
8352,4.445,0.8766,399,723,0,0,1,0,0,0,0,0
8353,4.1329,0.5717,399,723,0,0,1,0,0,0,0,0
8354,4.0021,0.7024,399,723,0,0,1,0,0,0,0,0
8355,4.1079,0.6584,399,723,0,0,1,0,0,0,0,0
8356,4.1748,0.4398,398,723,0,0,1,0,0,0,0,0
8357,4.5873,0.6636,397,723,0,0,1,0,0,0,0,0
8358,3.8295,0.5632,397,723,0,0,1,0,0,0,0,0
8359,4.0686,0.6219,396,723,0,0,1,0,0,0,0,0
8360,4.4707,0.4256,396,723,0,0,1,0,0,0,0,0
8361,3.9064,0.4409,395,723,0,0,1,0,0,0,0,0
8362,4.4736,0.6418,393,723,0,0,1,0,0,0,0,0
8363,3.8405,0.4479,392,723,0,0,1,0,0,0,0,0
8364,4.537,0.4306,392,723,0,0,1,0,0,0,0,0
8365,4.0352,0.4822,392,723,0,0,1,0,0,0,0,0
8366,4.1976,0.6378,392,723,0,0,1,0,0,0,0,0
8367,4.1027,0.7061,390,723,0,0,1,0,0,0,0,0
8368,3.953,0.4304,389,723,0,0,1,0,0,0,0,0
8369,4.5111,0.5884,388,723,0,0,1,0,0,0,0,0
8370,3.8008,0.4141,386,723,0,0,1,0,0,0,0,0
8371,4.1976,0.4245,385,723,0,0,1,0,0,0,0,0
8372,4.4053,0.4229,384,723,0,0,1,0,0,0,0,0
8373,3.9791,0.7313,384,723,0,0,1,0,0,0,0,0
8374,4.3191,0.6129,384,723,0,0,1,0,0,0,0,0
8375,3.9745,0.4221,383,723,0,0,1,0,0,0,0,0
8376,4.5956,0.6242,383,723,0,0,1,0,0,0,0,0
8377,4.0569,0.6512,376,723,0,0,1,0,0,0,0,0
8378,4.1039,0.686,375,723,0,0,1,0,0,0,0,0
8379,4.1343,0.6085,374,723,0,0,1,0,0,0,0,0
8380,3.9322,0.4169,374,723,0,0,1,0,0,0,0,0
8381,4.5212,0.7419,374,723,0,0,1,0,0,0,0,0
8382,3.8328,0.8029,373,723,0,0,1,0,0,0,0,0
8383,4.1377,0.4891,423,723,0,0,1,3,0.0313,50,14313,0.0084
8384,4.4587,0.4739,421,723,0,0,1,0,0,0,0,0
8385,3.8678,0.4562,421,723,0,0,1,0,0,0,0,0
8386,4.1487,0.4403,420,723,0,0,1,0,0,0,0,0
8387,4.2156,0.4487,418,723,0,0,1,0,0,0,0,0
8388,4.3643,0.5938,417,723,0,0,1,0,0,0,0,0
8389,3.9269,0.4652,415,723,0,0,1,0,0,0,0,0
8390,4.1719,0.586,415,723,0,0,1,0,0,0,0,0
8391,4.2503,0.7989,414,723,0,0,1,0,0,0,0,0
8392,4.0722,0.4588,413,723,0,0,1,0,0,0,0,0
8393,4.2211,0.863,412,723,0,0,1,0,0,0,0,0
8394,4.2445,0.5225,412,723,0,0,1,0,0,0,0,0
8395,4.1213,0.4983,412,723,0,0,1,0,0,0,0,0
8396,4.1668,0.4966,411,723,0,0,1,0,0,0,0,0
8397,4.1308,0.494,410,723,0,0,1,0,0,0,0,0
8398,4.2446,0.6561,410,723,0,0,1,0,0,0,0,0
8399,4.0697,0.4438,410,723,0,0,1,0,0,0,0,0
8400,4.1861,0.5006,410,723,0,0,1,0,0,0,0,0
8401,4.2209,0.5016,410,723,0,0,1,0,0,0,0,0
8402,4.216,0.7048,409,723,0,0,1,0,0,0,0,0
8403,4.2606,0.6513,409,723,0,0,1,0,0,0,0,0
8404,3.9215,0.4188,407,723,0,0,1,0,0,0,0,0
8405,4.2386,0.4895,407,723,0,0,1,0,0,0,0,0
8406,4.1761,0.5012,406,723,0,0,1,0,0,0,0,0
8407,4.1473,0.4699,406,723,0,0,1,0,0,0,0,0
8408,4.2819,0.4555,406,723,0,0,1,0,0,0,0,0
8409,4.0294,0.7619,406,723,0,0,1,0,0,0,0,0
8410,4.3422,0.7088,405,723,0,0,1,0,0,0,0,0
8411,4.0084,0.4812,405,723,0,0,1,0,0,0,0,0
8412,4.2245,0.7851,404,723,0,0,1,0,0,0,0,0
8413,4.4346,0.6221,404,723,0,0,1,0,0,0,0,0
8414,3.8812,0.5878,404,723,0,0,1,0,0,0,0,0
8415,4.1232,0.5577,404,723,0,0,1,0,0,0,0,0
8416,4.1418,0.5273,404,723,0,0,1,0,0,0,0,0
8417,4.2958,0.7029,404,723,0,0,1,0,0,0,0,0
8418,4.0587,0.474,403,723,0,0,1,0,0,0,0,0
8419,4.2083,0.5372,403,723,0,0,1,0,0,0,0,0
8420,4.1319,0.5252,401,723,0,0,1,0,0,0,0,0
8421,4.1666,0.4546,400,723,0,0,1,0,0,0,0,0
8422,4.2051,0.6876,400,723,0,0,1,0,0,0,0,0
8423,4.1249,0.4383,400,723,0,0,1,0,0,0,0,0
8424,4.2009,0.4917,399,723,0,0,1,0,0,0,0,0
8425,4.1569,0.6028,398,723,0,0,1,0,0,0,0,0
8426,4.1877,0.6267,397,723,0,0,1,0,0,0,0,0
8427,4.1767,0.668,397,723,0,0,1,0,0,0,0,0
8428,4.0947,0.4569,395,723,0,0,1,0,0,0,0,0
8429,4.5254,0.6718,394,723,0,0,1,0,0,0,0,0
8430,3.7892,0.4412,393,723,0,0,1,0,0,0,0,0
8431,4.188,0.4414,392,723,0,0,1,0,0,0,0,0
8432,4.2508,0.4627,392,723,0,0,1,0,0,0,0,0
8433,4.0629,0.4301,392,723,0,0,1,0,0,0,0,0
8434,4.2412,0.5117,391,723,0,0,1,0,0,0,0,0
8435,4.1292,0.4279,390,723,0,0,1,0,0,0,0,0
8436,4.267,0.691,390,723,0,0,1,0,0,0,0,0
8437,4.131,0.4761,390,723,0,0,1,0,0,0,0,0
8438,4.1475,0.533,388,723,0,0,1,0,0,0,0,0
8439,4.1598,0.472,388,723,0,0,1,0,0,0,0,0
8440,4.0835,0.4799,387,723,0,0,1,0,0,0,0,0
8441,4.166,0.4918,387,723,0,0,1,0,0,0,0,0
8442,4.2459,0.4255,387,723,0,0,1,0,0,0,0,0
8443,4.2854,0.6354,386,723,0,0,1,0,0,0,0,0
8444,4.0087,0.5936,379,723,0,0,1,0,0,0,0,0
8445,4.4471,0.4995,377,723,0,0,1,0,0,0,0,0
8446,3.9272,0.4607,377,723,0,0,1,0,0,0,0,0
8447,4.1089,0.6222,376,723,0,0,1,0,0,0,0,0
8448,4.2403,0.6773,375,723,0,0,1,0,0,0,0,0
8449,4.1561,0.6389,375,723,0,0,1,0,0,0,0,0
8450,4.186,0.5652,423,723,0,0,1,0,0,50,13038,0.0085
8451,4.1485,0.526,423,723,0,0,1,0,0,0,0,0
8452,4.0934,0.4576,423,723,0,0,1,0,0,0,0,0
8453,4.2465,0.4805,422,723,0,0,1,0,0,0,0,0
8454,4.1734,0.719,420,723,0,0,1,0,0,0,0,0
8455,4.2279,0.7527,420,723,0,0,1,0,0,0,0,0
8456,4.1605,0.4844,418,723,0,0,1,0,0,0,0,0
8457,4.0978,0.5186,417,723,0,0,1,0,0,0,0,0
8458,4.0838,0.4925,415,723,0,0,1,0,0,0,0,0
8459,4.1708,0.4823,415,723,0,0,1,0,0,0,0,0
8460,4.2509,0.7872,414,723,0,0,1,0,0,0,0,0
8461,4.0775,0.4725,413,723,0,0,1,0,0,0,0,0
8462,4.2482,0.56,413,723,0,0,1,0,0,0,0,0
8463,4.1818,0.5142,412,723,0,0,1,0,0,0,0,0
8464,4.422,0.4407,411,723,0,0,1,0,0,0,0,0
8465,3.9084,0.6579,411,723,0,0,1,0,0,0,0,0
8466,4.1747,0.4484,410,723,0,0,1,0,0,0,0,0
8467,4.3099,0.6762,410,723,0,0,1,0,0,0,0,0
8468,3.9586,0.4316,410,723,0,0,1,0,0,0,0,0
8469,4.1807,0.4227,410,723,0,0,1,0,0,0,0,0
8470,4.2018,0.4807,410,723,0,0,1,0,0,0,0,0
8471,4.1211,0.4496,410,723,0,0,1,0,0,0,0,0
8472,4.1928,0.6304,410,723,0,0,1,0,0,0,0,0
8473,4.147,0.4651,409,723,0,0,1,0,0,0,0,0
8474,4.2345,0.5724,409,723,0,0,1,0,0,0,0,0
8475,4.0905,0.5319,409,723,0,0,1,0,0,0,0,0
8476,4.1642,0.5391,409,723,0,0,1,0,0,0,0,0
8477,4.2276,0.6462,408,723,0,0,1,0,0,0,0,0
8478,4.2077,0.6435,408,723,0,0,1,0,0,0,0,0
8479,4.1347,0.4572,408,723,0,0,1,0,0,0,0,0
8480,4.2508,0.4428,408,723,0,0,1,0,0,0,0,0
8481,4.0643,0.6173,406,723,0,0,1,0,0,0,0,0
8482,4.4886,0.6475,406,723,0,0,1,0,0,0,0,0
8483,3.8073,0.4571,406,723,0,0,1,0,0,0,0,0
8484,4.2156,0.5387,406,723,0,0,1,0,0,0,0,0
8485,4.0624,0.4506,406,723,0,0,1,0,0,0,0,0
8486,4.3265,0.7027,406,723,0,0,1,0,0,0,0,0
8487,4.1067,0.5095,406,723,0,0,1,0,0,0,0,0
8488,4.0868,0.4337,406,723,0,0,1,0,0,0,0,0
8489,4.1963,0.6879,406,723,0,0,1,0,0,0,0,0
8490,4.1536,0.5521,405,723,0,0,1,0,0,0,0,0
8491,4.4487,0.7347,405,723,0,0,1,0,0,0,0,0
8492,3.9328,0.8144,404,723,0,0,1,0,0,0,0,0
8493,4.3967,0.7206,403,723,0,0,1,0,0,0,0,0
8494,4.2155,0.6469,403,723,0,0,1,0,0,0,0,0
8495,3.8517,0.5643,402,723,0,0,1,0,0,0,0,0
8496,4.2029,0.5243,402,723,0,0,1,0,0,0,0,0
8497,4.1731,0.806,401,723,0,0,1,0,0,0,0,0
8498,4.1882,0.6675,399,723,0,0,1,0,0,0,0,0
8499,4.2305,0.6612,399,723,0,0,1,0,0,0,0,0
8500,4.0271,0.4465,398,723,0,0,1,0,0,0,0,0
8501,4.1982,0.499,398,723,0,0,1,0,0,0,0,0
8502,4.1571,0.553,397,723,0,0,1,0,0,0,0,0
8503,4.4322,0.6259,394,723,0,0,1,0,0,0,0,0
8504,4.0115,0.4142,393,723,0,0,1,0,0,0,0,0
8505,4.1167,0.7612,392,723,0,0,1,0,0,0,0,0
8506,4.1254,0.4864,390,723,0,0,1,0,0,0,0,0
8507,4.14,0.4376,390,723,0,0,1,0,0,0,0,0
8508,4.2362,0.4812,389,723,0,0,1,0,0,0,0,0
8509,4.4064,0.4529,388,723,0,0,1,0,0,0,0,0
8510,3.9154,0.6246,388,723,0,0,1,0,0,0,0,0
8511,4.245,1.0442,380,723,0,0,1,0,0,0,0,0
8512,4.0182,0.4309,380,723,0,0,1,0,0,0,0,0
8513,4.2382,0.5005,380,723,0,0,1,0,0,0,0,0
8514,4.0975,0.43,380,723,0,0,1,0,0,0,0,0
8515,4.2363,0.4567,380,723,0,0,1,0,0,0,0,0
8516,4.1375,0.5354,379,723,0,0,1,0,0,0,0,0
8517,4.1541,0.5786,425,723,0,0,1,0,0,50,13971,0.0082
8518,4.2085,0.4998,425,723,0,0,1,0,0,0,0,0
8519,4.1158,0.4431,425,723,0,0,1,0,0,0,0,0
8520,4.1514,0.4534,424,723,0,0,1,0,0,0,0,0
8521,4.2188,0.5434,423,723,0,0,1,0,0,0,0,0
8522,4.1733,0.5878,423,723,0,0,1,0,0,0,0,0
8523,4.0851,0.7111,423,723,0,0,1,0,0,0,0,0
8524,4.2036,0.4935,422,723,0,0,1,0,0,0,0,0
8525,4.1844,0.6302,421,723,0,0,1,0,0,0,0,0
8526,4.2753,0.6554,420,723,0,0,1,0,0,0,0,0
8527,4.1479,0.6186,420,723,0,0,1,0,0,0,0,0
8528,4.2738,0.4851,419,723,0,0,1,0,0,0,0,0
8529,3.9468,0.6076,419,723,0,0,1,0,0,0,0,0
8530,4.2583,0.7381,419,723,0,0,1,0,0,0,0,0
8531,4.0763,0.4289,418,723,0,0,1,0,0,0,0,0
8532,4.1883,0.4881,418,723,0,0,1,0,0,0,0,0
8533,4.101,0.4538,417,723,0,0,1,0,0,0,0,0
8534,4.3264,0.799,417,723,0,0,1,0,0,0,0,0
8535,4.0321,0.7763,417,723,0,0,1,0,0,0,0,0
8536,4.192,0.4582,415,723,0,0,1,0,0,0,0,0
8537,4.3848,0.7084,415,723,0,0,1,0,0,0,0,0
8538,3.9563,0.6342,415,723,0,0,1,0,0,0,0,0
8539,4.214,0.5093,414,723,0,0,1,0,0,0,0,0
8540,4.1256,0.4792,414,723,0,0,1,0,0,0,0,0
8541,4.164,0.673,414,723,0,0,1,0,0,0,0,0
8542,4.2891,0.7112,414,723,0,0,1,0,0,0,0,0
8543,4.0412,0.4424,414,723,0,0,1,0,0,0,0,0
8544,4.1751,0.5012,414,723,0,0,1,0,0,0,0,0
8545,4.2005,0.8147,414,723,0,0,1,0,0,0,0,0
8546,4.1671,0.6571,412,723,0,0,1,0,0,0,0,0
8547,4.1784,0.5106,409,723,0,0,1,0,0,0,0,0
8548,4.0774,0.4575,408,723,0,0,1,0,0,0,0,0
8549,4.2916,0.7201,408,723,0,0,1,0,0,0,0,0
8550,4.0835,0.5024,408,723,0,0,1,0,0,0,0,0
8551,4.1771,0.5903,408,723,0,0,1,0,0,0,0,0
8552,4.0922,0.4934,407,723,0,0,1,0,0,0,0,0
8553,4.2168,0.627,407,723,0,0,1,0,0,0,0,0
8554,4.4764,0.6651,407,723,0,0,1,0,0,0,0,0
8555,3.8396,0.4473,407,723,0,0,1,0,0,0,0,0
8556,4.2417,0.5385,405,723,0,0,1,0,0,0,0,0
8557,4.148,0.4497,405,723,0,0,1,0,0,0,0,0
8558,4.191,0.5162,402,723,0,0,1,0,0,0,0,0
8559,4.4161,0.6255,400,723,0,0,1,0,0,0,0,0
8560,3.8316,0.4735,400,723,0,0,1,0,0,0,0,0
8561,4.2482,0.7043,400,723,0,0,1,0,0,0,0,0
8562,4.1311,0.472,399,723,0,0,1,0,0,0,0,0
8563,4.2099,0.4886,399,723,0,0,1,0,0,0,0,0
8564,4.1655,0.4774,398,723,0,0,1,0,0,0,0,0
8565,4.0878,0.4297,398,723,0,0,1,0,0,0,0,0
8566,4.2043,0.4625,398,723,0,0,1,0,0,0,0,0
8567,4.1517,0.4207,398,723,0,0,1,0,0,0,0,0
8568,4.2952,0.7007,398,723,0,0,1,0,0,0,0,0
8569,4.3149,0.5439,397,723,0,0,1,0,0,0,0,0
8570,4.1745,0.6597,397,723,0,0,1,0,0,0,0,0
8571,3.9447,0.5712,397,723,0,0,1,0,0,0,0,0
8572,4.1043,0.4496,396,723,0,0,1,0,0,0,0,0
8573,4.197,0.6864,394,723,0,0,1,0,0,0,0,0
8574,4.1873,0.4603,394,723,0,0,1,0,0,0,0,0
8575,4.1545,0.7037,393,723,0,0,1,0,0,0,0,0
8576,4.0739,0.4846,392,723,0,0,1,0,0,0,0,0
8577,4.3425,0.5768,392,723,0,0,1,0,0,0,0,0
8578,4.0728,0.4591,383,723,0,0,1,0,0,0,0,0
8579,4.1529,0.4599,383,723,0,0,1,0,0,0,0,0
8580,4.2284,0.4484,383,723,0,0,1,0,0,0,0,0
8581,4.0817,0.4844,383,723,0,0,1,0,0,0,0,0
8582,4.2294,0.4988,383,723,0,0,1,0,0,0,0,0
8583,4.1384,0.4624,383,723,0,0,1,0,0,0,0,0
8584,4.1388,0.4827,432,723,0,0,1,0,0,50,14547,0.0084
8585,4.2301,0.694,431,723,0,0,1,0,0,0,0,0
8586,4.1645,0.4805,430,723,0,0,1,0,0,0,0,0
8587,4.2364,0.8017,427,723,0,0,1,0,0,0,0,0
8588,4.0776,0.5315,427,723,0,0,1,0,0,0,0,0
8589,4.4317,0.7667,427,723,0,0,1,0,0,0,0,0
8590,3.9089,0.5049,426,723,0,0,1,0,0,0,0,0
8591,4.1554,0.4778,425,723,0,0,1,0,0,0,0,0
8592,4.1928,0.6593,425,723,0,0,1,0,0,0,0,0
8593,4.2039,0.6949,424,723,0,0,1,0,0,0,0,0
8594,4.1205,0.483,424,723,0,0,1,0,0,0,0,0
8595,4.1224,0.4456,422,723,0,0,1,0,0,0,0,0
8596,4.1749,0.4842,422,723,0,0,1,0,0,0,0,0
8597,4.1751,0.4979,421,723,0,0,1,0,0,0,0,0
8598,4.2168,0.5428,421,723,0,0,1,0,0,0,0,0
8599,4.1818,0.7079,420,723,0,0,1,0,0,0,0,0
8600,4.1685,0.4801,419,723,0,0,1,0,0,0,0,0
8601,4.4116,0.534,419,723,0,0,1,0,0,0,0,0
8602,3.8837,0.5283,418,723,0,0,1,0,0,0,0,0
8603,4.1204,0.4822,418,723,0,0,1,0,0,0,0,0
8604,4.2261,0.465,418,723,0,0,1,0,0,0,0,0
8605,4.1091,0.6119,418,723,0,0,1,0,0,0,0,0
8606,4.2308,0.446,417,723,0,0,1,0,0,0,0,0
8607,4.0641,0.6249,417,723,0,0,1,0,0,0,0,0
8608,4.1862,0.441,417,723,0,0,1,0,0,0,0,0
8609,4.1522,0.4809,415,723,0,0,1,0,0,0,0,0
8610,4.1795,0.458,413,723,0,0,1,0,0,0,0,0
8611,4.1925,0.4752,413,723,0,0,1,0,0,0,0,0
8612,4.2693,0.7039,411,723,0,0,1,0,0,0,0,0
8613,4.1154,0.8037,411,723,0,0,1,0,0,0,0,0
8614,4.1782,0.6408,410,723,0,0,1,0,0,0,0,0
8615,4.1155,0.5197,410,723,0,0,1,0,0,0,0,0
8616,4.2039,0.4895,409,723,0,0,1,0,0,0,0,0
8617,4.1037,0.5829,409,723,0,0,1,0,0,0,0,0
8618,4.2358,0.7044,408,723,0,0,1,0,0,0,0,0
8619,4.0876,0.5166,406,723,0,0,1,0,0,0,0,0
8620,4.2028,0.4534,405,723,0,0,1,0,0,0,0,0
8621,4.1499,0.4614,404,723,0,0,1,0,0,0,0,0
8622,4.2005,0.4678,404,723,0,0,1,0,0,0,0,0
8623,4.1979,0.7785,402,723,0,0,1,0,0,0,0,0
8624,4.1679,0.4791,401,723,0,0,1,0,0,0,0,0
8625,4.1568,0.5766,400,723,0,0,1,0,0,0,0,0
8626,4.1325,0.4758,397,723,0,0,1,0,0,0,0,0
8627,4.1244,0.4647,397,723,0,0,1,0,0,0,0,0
8628,4.205,0.4626,396,723,0,0,1,0,0,0,0,0
8629,4.1402,0.4714,395,723,0,0,1,0,0,0,0,0
8630,4.3203,0.5996,395,723,0,0,1,0,0,0,0,0
8631,4.1807,0.7433,394,723,0,0,1,0,0,0,0,0
8632,4.0365,0.478,393,723,0,0,1,0,0,0,0,0
8633,4.2116,0.5009,392,723,0,0,1,0,0,0,0,0
8634,4.1065,0.5689,391,723,0,0,1,0,0,0,0,0
8635,4.1519,0.4257,391,723,0,0,1,0,0,0,0,0
8636,4.2058,0.6578,391,723,0,0,1,0,0,0,0,0
8637,4.2511,0.6796,391,723,0,0,1,0,0,0,0,0
8638,4.1045,0.4975,389,723,0,0,1,0,0,0,0,0
8639,4.0908,0.4215,389,723,0,0,1,0,0,0,0,0
8640,4.2391,0.4706,389,723,0,0,1,0,0,0,0,0
8641,4.117,0.5483,389,723,0,0,1,0,0,0,0,0
8642,4.2951,0.6974,386,723,0,0,1,0,0,0,0,0
8643,4.1079,0.8502,386,723,0,0,1,0,0,0,0,0
8644,4.1149,0.4243,386,723,0,0,1,0,0,0,0,0
8645,4.1654,0.4352,386,723,0,0,1,0,0,0,0,0
8646,4.2285,0.4627,379,723,0,0,1,0,0,0,0,0
8647,4.1399,0.4562,379,723,0,0,1,0,0,0,0,0
8648,4.0268,0.436,379,723,0,0,1,0,0,0,0,0
8649,4.2612,0.5949,379,723,0,0,1,0,0,0,0,0
8650,4.5011,0.6167,377,723,0,0,1,0,0,0,0,0
8651,3.8475,0.4598,427,723,0,0,1,0,0,50,14394,0.0084
8652,4.1699,0.4907,426,723,0,0,1,0,0,0,0,0
8653,4.1381,0.4639,425,723,0,0,1,0,0,0,0,0
8654,4.2381,0.6825,425,723,0,0,1,0,0,0,0,0
8655,4.1079,0.5252,424,723,0,0,1,0,0,0,0,0
8656,4.1429,0.5261,423,723,0,0,1,0,0,0,0,0
8657,4.2069,0.5197,421,723,0,0,1,0,0,0,0,0
8658,4.1916,0.5521,419,723,0,0,1,0,0,0,0,0
8659,4.1824,0.5291,419,723,0,0,1,0,0,0,0,0
8660,4.0989,0.4459,419,723,0,0,1,0,0,0,0,0
8661,4.1978,0.4434,418,723,0,0,1,0,0,0,0,0
8662,4.185,0.4454,417,723,0,0,1,0,0,0,0,0
8663,4.1239,0.4551,416,723,0,0,1,0,0,0,0,0
8664,4.235,0.496,416,723,0,0,1,0,0,0,0,0
8665,4.1209,0.5279,416,723,0,0,1,0,0,0,0,0
8666,4.1364,0.5504,415,723,0,0,1,0,0,0,0,0
8667,4.1426,0.5749,414,723,0,0,1,0,0,0,0,0
8668,4.2045,0.5116,411,723,0,0,1,0,0,0,0,0
8669,4.281,0.6143,411,723,0,0,1,0,0,0,0,0
8670,4.0545,0.4832,411,723,0,0,1,0,0,0,0,0
8671,4.2166,0.6661,408,723,0,0,1,0,0,0,0,0
8672,4.1733,0.4877,408,723,0,0,1,0,0,0,0,0
8673,4.104,0.9226,405,723,0,0,1,0,0,0,0,0
8674,4.2377,0.6538,404,723,0,0,1,0,0,0,0,0
8675,4.0937,0.4666,404,723,0,0,1,0,0,0,0,0
8676,4.2055,0.5259,404,723,0,0,1,0,0,0,0,0
8677,4.1293,0.4449,404,723,0,0,1,0,0,0,0,0
8678,4.2841,0.5243,402,723,0,0,1,0,0,0,0,0
8679,4.0822,0.4551,401,723,0,0,1,0,0,0,0,0
8680,4.1382,0.4456,401,723,0,0,1,0,0,0,0,0
8681,4.3076,0.7364,400,723,0,0,1,0,0,0,0,0
8682,3.9958,0.4472,399,723,0,0,1,0,0,0,0,0
8683,4.4939,0.5149,398,723,0,0,1,0,0,0,0,0
8684,3.9022,0.4686,397,723,0,0,1,0,0,0,0,0
8685,4.1447,0.4538,397,723,0,0,1,0,0,0,0,0
8686,4.2147,0.4751,396,723,0,0,1,0,0,0,0,0
8687,4.1046,0.4648,395,723,0,0,1,0,0,0,0,0
8688,4.2676,0.6437,393,723,0,0,1,0,0,0,0,0
8689,4.1328,0.5763,392,723,0,0,1,0,0,0,0,0
8690,4.1637,0.7231,392,723,0,0,1,0,0,0,0,0
8691,4.152,0.5089,390,723,0,0,1,0,0,0,0,0
8692,4.126,0.4877,390,723,0,0,1,0,0,0,0,0
8693,4.1688,0.6706,390,723,0,0,1,0,0,0,0,0
8694,4.1761,0.4959,390,723,0,0,1,0,0,0,0,0
8695,4.165,0.5377,390,723,0,0,1,0,0,0,0,0
8696,4.145,0.5201,390,723,0,0,1,0,0,0,0,0
8697,4.2585,0.7209,390,723,0,0,1,0,0,0,0,0
8698,4.1142,0.5788,389,723,0,0,1,0,0,0,0,0
8699,4.1246,0.5213,389,723,0,0,1,0,0,0,0,0
8700,4.3078,0.6405,388,723,0,0,1,0,0,0,0,0
8701,4.0939,0.5723,386,723,0,0,1,0,0,0,0,0
8702,4.2223,0.6765,386,723,0,0,1,0,0,0,0,0
8703,4.4924,0.536,386,723,0,0,1,0,0,0,0,0
8704,3.7387,0.5049,386,723,0,0,1,0,0,0,0,0
8705,4.2317,0.7232,385,723,0,0,1,0,0,0,0,0
8706,4.1466,0.4796,385,723,0,0,1,0,0,0,0,0
8707,4.1596,0.6221,385,723,0,0,1,0,0,0,0,0
8708,4.1421,0.5704,383,723,0,0,1,0,0,0,0,0
8709,4.2185,0.6381,383,723,0,0,1,0,0,0,0,0
8710,4.1402,0.5101,383,723,0,0,1,0,0,0,0,0
8711,4.1272,0.5096,381,723,0,0,1,0,0,0,0,0
8712,4.248,0.664,381,723,0,0,1,0,0,0,0,0
8713,4.0642,0.602,380,723,0,0,1,0,0,0,0,0
8714,4.1889,0.5113,371,723,0,0,1,0,0,0,0,0
8715,4.2063,0.545,370,723,0,0,1,0,0,0,0,0
8716,4.1771,0.5665,370,723,0,0,1,0,0,0,0,0
8717,4.3968,0.6977,370,723,0,0,1,0,0,0,0,0
8718,3.8921,0.4506,367,723,0,0,1,0,0,0,0,0
8719,4.1994,0.7685,417,723,0,0,1,0,0,50,11064,0.0138
8720,4.0886,0.4569,415,723,0,0,1,0,0,0,0,0
8721,4.2699,0.5438,415,723,0,0,1,0,0,0,0,0
8722,4.1905,0.5748,414,723,0,0,1,0,0,0,0,0
8723,4.0657,0.5447,413,723,0,0,1,0,0,0,0,0
8724,4.1958,0.576,412,723,0,0,1,0,0,0,0,0
8725,4.251,0.7781,412,723,0,0,1,0,0,0,0,0
8726,4.1243,0.5135,412,723,0,0,1,0,0,0,0,0
8727,4.1946,0.5253,411,723,0,0,1,0,0,0,0,0
8728,4.0858,0.4418,411,723,0,0,1,0,0,0,0,0
8729,4.2406,0.4938,411,723,0,0,1,0,0,0,0,0
8730,4.1315,0.435,411,723,0,0,1,0,0,0,0,0
8731,4.1917,0.7053,411,723,0,0,1,0,0,0,0,0
8732,4.143,0.4925,410,723,0,0,1,0,0,0,0,0
8733,4.5357,0.6939,409,723,0,0,1,0,0,0,0,0
8734,3.7841,0.4953,408,723,0,0,1,0,0,0,0,0
8735,4.1612,0.5259,408,723,0,0,1,0,0,0,0,0
8736,4.226,0.7734,408,723,0,0,1,0,0,0,0,0
8737,4.1322,0.5626,407,723,0,0,1,0,0,0,0,0
8738,4.4639,0.5704,406,723,0,0,1,0,0,0,0,0
8739,3.869,0.5529,406,723,0,0,1,0,0,0,0,0
8740,4.1371,0.4523,406,723,0,0,1,0,0,0,0,0
8741,4.2055,0.5492,405,723,0,0,1,0,0,0,0,0
8742,4.197,0.4656,405,723,0,0,1,0,0,0,0,0
8743,4.1926,0.6277,405,723,0,0,1,0,0,0,0,0
8744,4.0428,0.4409,405,723,0,0,1,0,0,0,0,0
8745,4.2184,0.6357,405,723,0,0,1,0,0,0,0,0
8746,4.1062,0.4807,404,723,0,0,1,0,0,0,0,0
8747,4.172,0.4406,404,723,0,0,1,0,0,0,0,0
8748,4.2355,0.5151,404,723,0,0,1,0,0,0,0,0
8749,4.1239,0.4178,403,723,0,0,1,0,0,0,0,0
8750,4.2129,0.6531,402,723,0,0,1,0,0,0,0,0
8751,4.1546,0.8269,402,723,0,0,1,0,0,0,0,0
8752,4.125,0.7696,402,723,0,0,1,0,0,0,0,0
8753,4.2019,0.5335,400,723,0,0,1,0,0,0,0,0
8754,4.2242,0.5206,398,723,0,0,1,0,0,0,0,0
8755,4.1473,0.513,398,723,0,0,1,0,0,0,0,0
8756,4.0656,0.6864,398,723,0,0,1,0,0,0,0,0
8757,4.2237,0.6195,398,723,0,0,1,0,0,0,0,0
8758,4.1263,0.7921,397,723,0,0,1,0,0,0,0,0
8759,4.1873,0.4955,396,723,0,0,1,0,0,0,0,0
8760,4.1819,0.4881,395,723,0,0,1,0,0,0,0,0
8761,4.1707,0.496,394,723,0,0,1,0,0,0,0,0
8762,4.2273,0.6702,391,723,0,0,1,0,0,0,0,0
8763,4.1814,0.6227,390,723,0,0,1,0,0,0,0,0
8764,4.0942,0.4406,389,723,0,0,1,0,0,0,0,0
8765,4.1887,0.5062,389,723,0,0,1,0,0,0,0,0
8766,4.4961,0.4626,387,723,0,0,1,0,0,0,0,0
8767,3.8574,0.5028,386,723,0,0,1,0,0,0,0,0
8768,4.055,0.4494,385,723,0,0,1,0,0,0,0,0
8769,4.2113,0.6395,383,723,0,0,1,0,0,0,0,0
8770,4.18,0.4292,382,723,0,0,1,0,0,0,0,0
8771,4.1628,0.51,381,723,0,0,1,0,0,0,0,0
8772,4.2164,0.495,381,723,0,0,1,0,0,0,0,0
8773,4.067,0.5501,381,723,0,0,1,0,0,0,0,0
8774,4.3373,0.6124,380,723,0,0,1,0,0,0,0,0
8775,4.1024,0.7055,380,723,0,0,1,0,0,0,0,0
8776,4.0961,0.4367,378,723,0,0,1,0,0,0,0,0
8777,4.2093,0.4385,378,723,0,0,1,0,0,0,0,0
8778,4.1804,0.4844,377,723,0,0,1,0,0,0,0,0
8779,4.2317,0.5003,376,723,0,0,1,0,0,0,0,0
8780,4.0228,0.6127,366,723,0,0,1,0,0,0,0,0
8781,4.2248,0.4795,366,723,0,0,1,0,0,0,0,0
8782,4.2692,0.6444,366,723,0,0,1,0,0,0,0,0
8783,4.04,0.5385,365,723,0,0,1,0,0,0,0,0
8784,4.1781,0.6138,365,723,0,0,1,0,0,0,0,0
8785,4.3053,0.7906,364,723,0,0,1,0,0,0,0,0
8786,4.0821,0.7277,414,723,0,0,1,0,0,50,12591,0.009
8787,4.1684,0.4868,414,723,0,0,1,0,0,0,0,0
8788,4.0723,0.4574,414,723,0,0,1,0,0,0,0,0
8789,4.2299,0.4974,414,723,0,0,1,0,0,0,0,0
8790,4.1801,0.8723,414,723,0,0,1,0,0,0,0,0
8791,4.1451,0.5174,414,723,0,0,1,0,0,0,0,0
8792,4.1299,0.4439,412,723,0,0,1,0,0,0,0,0
8793,4.1929,0.6666,410,723,0,0,1,0,0,0,0,0
8794,4.2406,0.7043,409,723,0,0,1,0,0,0,0,0
8795,4.0893,0.4566,408,723,0,0,1,0,0,0,0,0
8796,4.2156,0.4917,407,723,0,0,1,0,0,0,0,0
8797,4.1014,0.5842,407,723,0,0,1,0,0,0,0,0
8798,4.2297,0.574,407,723,0,0,1,0,0,0,0,0
8799,4.1315,0.6189,406,723,0,0,1,0,0,0,0,0
8800,4.148,0.5006,405,723,0,0,1,0,0,0,0,0
8801,4.1831,0.6079,405,723,0,0,1,0,0,0,0,0
8802,4.1205,0.4987,405,723,0,0,1,0,0,0,0,0
8803,4.6402,0.4594,405,723,0,0,1,0,0,0,0,0
8804,4.1023,0.7099,404,723,0,0,1,0,0,0,0,0
8805,3.7878,0.5657,404,723,0,0,1,0,0,0,0,0
8806,4.2245,0.446,404,723,0,0,1,0,0,0,0,0
8807,4.1289,0.4622,403,723,0,0,1,0,0,0,0,0
8808,4.1567,0.7181,402,723,0,0,1,0,0,0,0,0
8809,4.1353,0.5853,402,723,0,0,1,0,0,0,0,0
8810,4.3257,0.6297,402,723,0,0,1,0,0,0,0,0
8811,4.3371,0.4599,402,723,0,0,1,0,0,0,0,0
8812,3.8656,0.4447,402,723,0,0,1,0,0,0,0,0
8813,4.2425,0.6966,401,723,0,0,1,0,0,0,0,0
8814,4.1111,0.4168,401,723,0,0,1,0,0,0,0,0
8815,4.1969,0.4947,400,723,0,0,1,0,0,0,0,0
8816,4.1013,0.4446,397,723,0,0,1,0,0,0,0,0
8817,4.5103,0.6558,397,723,0,0,1,0,0,0,0,0
8818,3.9112,0.4449,397,723,0,0,1,0,0,0,0,0
8819,4.0651,0.4216,395,723,0,0,1,0,0,0,0,0
8820,4.2087,0.4632,393,723,0,0,1,0,0,0,0,0
8821,4.2006,0.5077,392,723,0,0,1,0,0,0,0,0
8822,4.1255,0.4304,391,723,0,0,1,0,0,0,0,0
8823,4.1586,0.4596,391,723,0,0,1,0,0,0,0,0
8824,4.1644,0.4466,391,723,0,0,1,0,0,0,0,0
8825,4.2353,0.47,391,723,0,0,1,0,0,0,0,0
8826,4.1258,0.4506,390,723,0,0,1,0,0,0,0,0
8827,4.2107,0.4876,390,723,0,0,1,0,0,0,0,0
8828,4.0612,0.47,389,723,0,0,1,0,0,0,0,0
8829,4.184,0.4678,386,723,0,0,1,0,0,0,0,0
8830,4.2243,0.5714,384,723,0,0,1,0,0,0,0,0
8831,4.117,0.4351,384,723,0,0,1,0,0,0,0,0
8832,4.2635,0.663,384,723,0,0,1,0,0,0,0,0
8833,4.109,0.5345,384,723,0,0,1,0,0,0,0,0
8834,4.2079,0.5196,383,723,0,0,1,0,0,0,0,0
8835,4.122,0.4667,381,723,0,0,1,0,0,0,0,0
8836,4.1984,0.6808,381,723,0,0,1,0,0,0,0,0
8837,4.1211,0.683,381,723,0,0,1,0,0,0,0,0
8838,4.1833,0.4025,379,723,0,0,1,0,0,0,0,0
8839,4.1439,0.4656,378,723,0,0,1,0,0,0,0,0
8840,4.1205,0.4394,377,723,0,0,1,0,0,0,0,0
8841,4.3661,0.5189,376,723,0,0,1,0,0,0,0,0
8842,4.0221,0.4457,376,723,0,0,1,0,0,0,0,0
8843,4.1674,0.4381,375,723,0,0,1,0,0,0,0,0
8844,4.5143,0.4389,375,723,0,0,1,0,0,0,0,0
8845,3.798,0.4438,373,723,0,0,1,0,0,0,0,0
8846,4.2343,0.4744,372,723,0,0,1,0,0,0,0,0
8847,4.1208,0.4714,372,723,0,0,1,0,0,0,0,0
8848,4.1574,0.4159,365,723,0,0,1,0,0,0,0,0
8849,4.1545,0.4375,365,723,0,0,1,0,0,0,0,0
8850,4.2256,0.7067,365,723,0,0,1,0,0,0,0,0
8851,4.2097,0.6033,365,723,0,0,1,0,0,0,0,0
8852,4.1383,0.5026,365,723,0,0,1,0,0,0,0,0
8853,4.5484,0.7315,412,723,0,0,1,0,0,50,13587,0.0163
8854,3.7455,0.5191,412,723,0,0,1,0,0,0,0,0
8855,4.1598,0.4515,410,723,0,0,1,0,0,0,0,0
8856,4.2311,0.6135,409,723,0,0,1,0,0,0,0,0
8857,4.2165,0.7896,409,723,0,0,1,0,0,0,0,0
8858,4.1131,0.4915,409,723,0,0,1,0,0,0,0,0
8859,4.1894,0.4941,408,723,0,0,1,0,0,0,0,0
8860,4.1003,0.4392,408,723,0,0,1,0,0,0,0,0
8861,4.1611,0.5591,408,723,0,0,1,0,0,0,0,0
8862,4.1724,0.4654,406,723,0,0,1,0,0,0,0,0
8863,4.1437,0.4649,405,723,0,0,1,0,0,0,0,0
8864,4.1196,0.4492,405,723,0,0,1,0,0,0,0,0
8865,4.2887,0.715,405,723,0,0,1,0,0,0,0,0
8866,4.1457,0.6213,405,723,0,0,1,0,0,0,0,0
8867,4.1328,0.4993,405,723,0,0,1,0,0,0,0,0
8868,4.1481,0.5812,405,723,0,0,1,0,0,0,0,0
8869,4.1343,0.6183,405,723,0,0,1,0,0,0,0,0
8870,4.333,0.8213,404,723,0,0,1,0,0,0,0,0
8871,4.1019,0.5358,404,723,0,0,1,0,0,0,0,0
8872,4.0657,0.461,404,723,0,0,1,0,0,0,0,0
8873,4.226,0.5005,404,723,0,0,1,0,0,0,0,0
8874,4.2009,0.514,404,723,0,0,1,0,0,0,0,0
8875,4.1496,0.6223,404,723,0,0,1,0,0,0,0,0
8876,4.1827,0.6794,403,723,0,0,1,0,0,0,0,0
8877,4.1594,0.6145,403,723,0,0,1,0,0,0,0,0
8878,4.1229,0.4429,403,723,0,0,1,0,0,0,0,0
8879,4.1777,0.4754,403,723,0,0,1,0,0,0,0,0
8880,4.1606,0.4731,402,723,0,0,1,0,0,0,0,0
8881,4.1562,0.4554,401,723,0,0,1,0,0,0,0,0
8882,4.2629,0.6576,399,723,0,0,1,0,0,0,0,0
8883,4.1259,0.5145,398,723,0,0,1,0,0,0,0,0
8884,4.0866,0.4167,398,723,0,0,1,0,0,0,0,0
8885,4.2703,0.4837,396,723,0,0,1,0,0,0,0,0
8886,4.2,0.4463,396,723,0,0,1,0,0,0,0,0
8887,4.2604,0.4287,394,723,0,0,1,0,0,0,0,0
8888,3.981,0.7377,394,723,0,0,1,0,0,0,0,0
8889,4.3896,0.7221,394,723,0,0,1,0,0,0,0,0
8890,3.969,0.4831,393,723,0,0,1,0,0,0,0,0
8891,4.0925,0.4149,393,723,0,0,1,0,0,0,0,0
8892,4.2518,0.5064,393,723,0,0,1,0,0,0,0,0
8893,4.182,0.4561,392,723,0,0,1,0,0,0,0,0
8894,4.1607,0.6903,391,723,0,0,1,0,0,0,0,0
8895,4.2578,0.4697,390,723,0,0,1,0,0,0,0,0
8896,3.9993,0.7887,389,723,0,0,1,0,0,0,0,0
8897,4.1724,0.4311,388,723,0,0,1,0,0,0,0,0
8898,5.3434,0.4333,388,723,0,0,1,0,0,0,0,0
8899,2.9927,0.4456,388,723,0,0,1,0,0,0,0,0
8900,4.3567,0.4286,386,723,0,0,1,0,0,0,0,0
8901,4.1311,0.7272,385,723,0,0,1,0,0,0,0,0
8902,4.0122,0.4316,384,723,0,0,1,0,0,0,0,0
8903,4.1542,0.4117,383,723,0,0,1,0,0,0,0,0
8904,4.1775,0.4318,381,723,0,0,1,0,0,0,0,0
8905,4.1835,0.4181,381,723,0,0,1,0,0,0,0,0
8906,4.1671,0.6319,381,723,0,0,1,0,0,0,0,0
8907,4.1533,0.4213,381,723,0,0,1,0,0,0,0,0
8908,4.1952,0.4158,378,723,0,0,1,0,0,0,0,0
8909,4.123,0.5072,376,723,0,0,1,0,0,0,0,0
8910,4.1633,0.411,374,723,0,0,1,0,0,0,0,0
8911,4.159,0.4278,374,723,0,0,1,0,0,0,0,0
8912,4.3196,0.4182,374,723,0,0,1,0,0,0,0,0
8913,4.0615,0.4115,373,723,0,0,1,0,0,0,0,0
8914,4.2061,0.5439,365,723,0,0,1,0,0,0,0,0
8915,4.1442,0.4339,365,723,0,0,1,0,0,0,0,0
8916,4.1229,0.4311,365,723,0,0,1,0,0,0,0,0
8917,4.2282,0.4585,364,723,0,0,1,0,0,0,0,0
8918,4.0984,0.5932,364,723,0,0,1,0,0,0,0,0
8919,4.1395,0.7036,364,723,0,0,1,0,0,0,0,0
8920,4.1982,0.5069,413,723,0,0,1,0,0,50,13806,0.0081
8921,4.1958,0.6353,413,723,0,0,1,0,0,0,0,0
8922,4.1484,0.4751,413,723,0,0,1,0,0,0,0,0
8923,4.2028,0.484,410,723,0,0,1,0,0,0,0,0
8924,4.1698,0.441,410,723,0,0,1,0,0,0,0,0
8925,4.1378,0.6075,409,723,0,0,1,0,0,0,0,0
8926,4.2999,0.6499,409,723,0,0,1,0,0,0,0,0
8927,4.0449,0.447,409,723,0,0,1,0,0,0,0,0
8928,4.158,0.6129,408,723,0,0,1,0,0,0,0,0
8929,4.126,0.5728,408,723,0,0,1,0,0,0,0,0
8930,4.2226,0.4646,407,723,0,0,1,0,0,0,0,0
8931,4.1331,0.5424,406,723,0,0,1,0,0,0,0,0
8932,4.1602,0.4149,406,723,0,0,1,0,0,0,0,0
8933,4.2943,0.7058,406,723,0,0,1,0,0,0,0,0
8934,4.0818,0.4293,406,723,0,0,1,0,0,0,0,0
8935,4.1168,0.43,406,723,0,0,1,0,0,0,0,0
8936,4.1577,0.4615,406,723,0,0,1,0,0,0,0,0
8937,4.1917,0.6081,406,723,0,0,1,0,0,0,0,0
8938,4.2087,0.747,405,723,0,0,1,0,0,0,0,0
8939,4.1329,0.4979,404,723,0,0,1,0,0,0,0,0
8940,4.449,0.5417,404,723,0,0,1,0,0,0,0,0
8941,3.8869,0.5479,403,723,0,0,1,0,0,0,0,0
8942,4.1439,0.4993,403,723,0,0,1,0,0,0,0,0
8943,4.1542,0.5956,401,723,0,0,1,0,0,0,0,0
8944,4.1818,0.5713,401,723,0,0,1,0,0,0,0,0
8945,4.2388,0.6271,400,723,0,0,1,0,0,0,0,0
8946,4.1478,0.4637,399,723,0,0,1,0,0,0,0,0
8947,4.1514,0.5013,399,723,0,0,1,0,0,0,0,0
8948,4.2078,0.5038,398,723,0,0,1,0,0,0,0,0
8949,4.171,0.5106,398,723,0,0,1,0,0,0,0,0
8950,4.1058,0.4885,398,723,0,0,1,0,0,0,0,0
8951,4.1543,0.4476,398,723,0,0,1,0,0,0,0,0
8952,4.3207,0.4447,396,723,0,0,1,0,0,0,0,0
8953,4.0712,0.7261,396,723,0,0,1,0,0,0,0,0
8954,4.1214,0.4446,396,723,0,0,1,0,0,0,0,0
8955,4.2634,0.4765,395,723,0,0,1,0,0,0,0,0
8956,4.0572,0.4592,395,723,0,0,1,0,0,0,0,0
8957,4.2158,0.5941,394,723,0,0,1,0,0,0,0,0
8958,4.1093,0.4342,394,723,0,0,1,0,0,0,0,0
8959,4.1767,0.6305,394,723,0,0,1,0,0,0,0,0
8960,4.1403,0.4323,394,723,0,0,1,0,0,0,0,0
8961,4.2227,0.5424,394,723,0,0,1,0,0,0,0,0
8962,4.1903,0.45,393,723,0,0,1,0,0,0,0,0
8963,4.1107,0.4283,392,723,0,0,1,0,0,0,0,0
8964,4.2753,0.6061,392,723,0,0,1,0,0,0,0,0
8965,4.0597,0.5424,392,723,0,0,1,0,0,0,0,0
8966,4.2215,0.4777,392,723,0,0,1,0,0,0,0,0
8967,4.2112,0.5026,391,723,0,0,1,0,0,0,0,0
8968,4.0891,0.4308,391,723,0,0,1,0,0,0,0,0
8969,4.2216,0.6666,391,723,0,0,1,0,0,0,0,0
8970,4.1709,0.4572,390,723,0,0,1,0,0,0,0,0
8971,4.0825,0.4223,390,723,0,0,1,0,0,0,0,0
8972,4.2028,0.4972,390,723,0,0,1,0,0,0,0,0
8973,4.1413,0.4624,390,723,0,0,1,0,0,0,0,0
8974,4.1876,0.4635,390,723,0,0,1,0,0,0,0,0
8975,4.1633,0.4447,390,723,0,0,1,0,0,0,0,0
8976,4.2083,0.5907,389,723,0,0,1,0,0,0,0,0
8977,4.2541,0.7258,389,723,0,0,1,0,0,0,0,0
8978,4.1098,0.5311,388,723,0,0,1,0,0,0,0,0
8979,4.0874,0.5248,388,723,0,0,1,0,0,0,0,0
8980,4.1725,0.428,386,723,0,0,1,0,0,0,0,0
8981,4.1539,0.583,385,723,0,0,1,0,0,0,0,0
8982,4.2543,0.4514,377,723,0,0,1,0,0,0,0,0
8983,4.2064,0.6646,375,723,0,0,1,0,0,0,0,0
8984,4.0411,0.4202,374,723,0,0,1,0,0,0,0,0
8985,4.6475,0.6564,374,723,0,0,1,0,0,0,0,0
8986,3.8128,0.5701,374,723,0,0,1,0,0,0,0,0
8987,4.0636,0.4831,424,723,0,0,1,0,0,50,15105,0.0088
8988,4.2175,0.5981,423,723,0,0,1,0,0,0,0,0
8989,4.2002,1.052,423,723,0,0,1,0,0,0,0,0
8990,4.3066,0.5502,422,723,0,0,1,0,0,0,0,0
8991,4.0182,0.5025,422,723,0,0,1,0,0,0,0,0
8992,4.0749,0.4483,421,723,0,0,1,0,0,0,0,0
8993,4.3292,0.7553,421,723,0,0,1,0,0,0,0,0
8994,4.0961,0.5345,420,723,0,0,1,0,0,0,0,0
8995,4.1139,0.7515,420,723,0,0,1,0,0,0,0,0
8996,4.1273,0.5302,420,723,0,0,1,0,0,0,0,0
8997,4.1643,0.46,420,723,0,0,1,0,0,0,0,0
8998,4.1453,0.5254,420,723,0,0,1,0,0,0,0,0
8999,4.1907,0.4617,420,723,0,0,1,0,0,0,0,0
9000,4.201,0.5151,417,723,0,0,1,0,0,0,0,0
9001,4.1279,0.7893,417,723,0,0,1,0,0,0,0,0
9002,4.3194,0.6716,415,723,0,0,1,0,0,0,0,0
9003,4.0617,0.4984,415,723,0,0,1,0,0,0,0,0
9004,4.1045,0.4211,414,723,0,0,1,0,0,0,0,0
9005,4.3075,0.5864,413,723,0,0,1,0,0,0,0,0
9006,4.1081,0.4696,412,723,0,0,1,0,0,0,0,0
9007,4.164,0.4964,412,723,0,0,1,0,0,0,0,0
9008,4.1245,0.493,412,723,0,0,1,0,0,0,0,0
9009,4.2138,0.8883,412,723,0,0,1,0,0,0,0,0
9010,4.1567,0.6153,411,723,0,0,1,0,0,0,0,0
9011,4.1412,0.4826,411,723,0,0,1,0,0,0,0,0
9012,4.2,0.4846,410,723,0,0,1,0,0,0,0,0
9013,4.1856,0.5247,408,723,0,0,1,0,0,0,0,0
9014,4.3836,0.6499,407,723,0,0,1,0,0,0,0,0
9015,3.9499,0.5916,407,723,0,0,1,0,0,0,0,0
9016,4.0868,0.4347,407,723,0,0,1,0,0,0,0,0
9017,4.6185,0.4554,406,723,0,0,1,0,0,0,0,0
9018,4.2351,0.4604,406,723,0,0,1,0,0,0,0,0
9019,3.9668,0.4717,406,723,0,0,1,0,0,0,0,0
9020,4.3925,0.5466,405,723,0,0,1,0,0,0,0,0
9021,6.7286,0.3798,404,723,0,0,1,0,0,0,0,0
9022,1.8849,0.4115,404,723,0,0,1,0,0,0,0,0
9023,3.7115,0.3782,403,723,0,0,1,0,0,0,0,0
9024,4.1204,0.4359,402,723,0,0,1,0,0,0,0,0
9025,4.6326,0.4425,401,723,0,0,1,0,0,0,0,0
9026,3.7723,0.4567,401,723,0,0,1,0,0,0,0,0
9027,4.2281,0.4433,400,723,0,0,1,0,0,0,0,0
9028,3.7167,0.3754,399,723,0,0,1,0,0,0,0,0
9029,4.195,0.405,398,723,0,0,1,0,0,0,0,0
9030,4.2234,0.3995,397,723,0,0,1,0,0,0,0,0
9031,4.6393,0.3828,397,723,0,0,1,0,0,0,0,0
9032,3.9107,0.3681,395,723,0,0,1,0,0,0,0,0
9033,4.3834,0.5739,394,723,0,0,1,0,0,0,0,0
9034,4.3316,0.5287,394,723,0,0,1,0,0,0,0,0
9035,3.8026,0.5279,394,723,0,0,1,0,0,0,0,0
9036,4.1941,0.4845,393,723,0,0,1,0,0,0,0,0
9037,4.2979,0.4494,392,723,0,0,1,0,0,0,0,0
9038,4.0115,0.4415,391,723,0,0,1,0,0,0,0,0
9039,4.1297,0.37,390,723,0,0,1,0,0,0,0,0
9040,4.2105,0.3428,389,723,0,0,1,0,0,0,0,0
9041,4.1975,0.3629,389,723,0,0,1,0,0,0,0,0
9042,3.8738,0.5443,389,723,0,0,1,0,0,0,0,0
9043,4.1552,0.3905,386,723,0,0,1,0,0,0,0,0
9044,4.123,0.406,385,723,0,0,1,0,0,0,0,0
9045,4.1431,0.679,385,723,0,0,1,0,0,0,0,0
9046,4.2584,0.7072,385,723,0,0,1,0,0,0,0,0
9047,4.1034,0.5264,384,723,0,0,1,0,0,0,0,0
9048,4.1886,0.5885,384,723,0,0,1,0,0,0,0,0
9049,4.1883,0.5837,376,723,0,0,1,0,0,0,0,0
9050,4.1239,0.6843,375,723,0,0,1,0,0,0,0,0
9051,4.2755,0.7316,375,723,0,0,1,0,0,0,0,0
9052,4.0276,0.512,375,723,0,0,1,0,0,0,0,0
9053,4.2319,0.5441,375,723,0,0,1,0,0,0,0,0
9054,4.1298,0.501,425,723,0,0,1,0,0,50,13769,0.008
9055,4.1556,0.646,424,723,0,0,1,0,0,0,0,0
9056,4.1629,0.4754,423,723,0,0,1,0,0,0,0,0
9057,4.1822,0.6136,422,723,0,0,1,0,0,0,0,0
9058,4.2421,0.7762,421,723,0,0,1,0,0,0,0,0
9059,4.0961,0.4663,419,723,0,0,1,0,0,0,0,0
9060,4.1815,0.596,418,723,0,0,1,0,0,0,0,0
9061,4.2074,0.4978,418,723,0,0,1,0,0,0,0,0
9062,4.3799,0.4263,417,723,0,0,1,0,0,0,0,0
9063,3.9475,0.6333,417,723,0,0,1,0,0,0,0,0
9064,4.1119,0.4649,417,723,0,0,1,0,0,0,0,0
9065,4.2532,0.7458,417,723,0,0,1,0,0,0,0,0
9066,4.1092,0.4998,416,723,0,0,1,0,0,0,0,0
9067,4.158,0.7039,416,723,0,0,1,0,0,0,0,0
9068,4.2616,0.6743,416,723,0,0,1,0,0,0,0,0
9069,4.1199,0.6396,416,723,0,0,1,0,0,0,0,0
9070,4.058,0.628,416,723,0,0,1,0,0,0,0,0
9071,4.1791,0.4645,415,723,0,0,1,0,0,0,0,0
9072,4.2303,0.5169,415,723,0,0,1,0,0,0,0,0
9073,4.1751,0.5168,415,723,0,0,1,0,0,0,0,0
9074,4.1576,0.4844,415,723,0,0,1,0,0,0,0,0
9075,4.1327,0.4332,415,723,0,0,1,0,0,0,0,0
9076,4.179,0.4398,415,723,0,0,1,0,0,0,0,0
9077,4.2003,0.8111,415,723,0,0,1,0,0,0,0,0
9078,4.1365,0.4175,413,723,0,0,1,0,0,0,0,0
9079,4.2179,0.8295,412,723,0,0,1,0,0,0,0,0
9080,4.0922,0.5002,412,723,0,0,1,0,0,0,0,0
9081,4.1683,0.4692,409,723,0,0,1,0,0,0,0,0
9082,4.2032,0.6001,409,723,0,0,1,0,0,0,0,0
9083,4.1255,0.4923,409,723,0,0,1,0,0,0,0,0
9084,4.8735,0.5344,408,723,0,0,1,0,0,0,0,0
9085,4.173,0.5856,408,723,0,0,1,0,0,0,0,0
9086,5.0525,0.4019,408,723,0,0,1,0,0,0,0,0
9087,2.8602,0.3828,407,723,0,0,1,0,0,0,0,0
9088,4.6775,0.3374,407,723,0,0,1,0,0,0,0,0
9089,3.7849,0.3667,406,723,0,0,1,0,0,0,0,0
9090,4.1198,0.4122,404,723,0,0,1,0,0,0,0,0
9091,5.1902,0.3349,403,723,0,0,1,0,0,0,0,0
9092,10.8801,0.411,402,723,0,0,1,0,0,0,0,0
9093,1.9032,0.4171,401,723,0,0,1,0,0,0,0,0
9094,2.2766,0.399,401,723,0,0,1,0,0,0,0,0
9095,0.7529,0.3875,401,723,0,0,1,0,0,0,0,0
9096,3.9831,0.4664,401,723,0,0,1,0,0,0,0,0
9097,6.472,0.369,399,723,0,0,1,0,0,0,0,0
9098,3.743,0.3844,398,723,0,0,1,0,0,0,0,0
9099,2.2155,0.3843,398,723,0,0,1,0,0,0,0,0
9100,6.5352,0.3708,394,723,0,0,1,0,0,0,0,0
9101,5.0426,0.4249,393,723,0,0,1,0,0,0,0,0
9102,3.6695,0.345,393,723,0,0,1,0,0,0,0,0
9103,2.2943,0.3726,393,723,0,0,1,0,0,0,0,0
9104,3.3111,0.4271,392,723,0,0,1,0,0,0,0,0
9105,4.3083,0.425,390,723,0,0,1,0,0,0,0,0
9106,6.1136,0.3593,388,723,0,0,1,0,0,0,0,0
9107,4.2696,0.4117,388,723,0,0,1,0,0,0,0,0
9108,2.0174,0.3862,388,723,0,0,1,0,0,0,0,0
9109,7.2011,0.3601,387,723,0,0,1,0,0,0,0,0
9110,4.2927,0.6038,386,723,0,0,1,0,0,0,0,0
9111,2.2372,0.3731,386,723,0,0,1,0,0,0,0,0
9112,2.7407,0.5449,386,723,0,0,1,0,0,0,0,0
9113,4.4023,1.6535,386,723,0,0,1,0,0,0,0,0
9114,3.9561,1.386,386,723,0,0,1,0,0,0,0,0
9115,4.3657,1.0752,385,723,0,0,1,0,0,0,0,0
9116,3.8711,1.0296,378,723,0,0,1,0,0,0,0,0
9117,4.1276,1.0578,378,723,0,0,1,0,0,0,0,0
9118,4.1531,1.2258,378,723,0,0,1,0,0,0,0,0
9119,4.1629,1.365,378,723,0,0,1,0,0,0,0,0
9120,4.1717,0.8306,378,723,0,0,1,0,0,0,0,0
9121,4.1754,1.1728,376,723,0,0,1,0,0,0,0,0
9122,4.1506,1.4632,425,723,0,0,1,0,0,50,13471,0.0085
9123,4.1854,0.9489,425,723,0,0,1,0,0,0,0,0
9124,4.1685,1.4219,425,723,0,0,1,0,0,0,0,0
9125,4.1792,1.3894,425,723,0,0,1,0,0,0,0,0
9126,4.243,1.2328,423,723,0,0,1,0,0,0,0,0
9127,4.2684,1.3244,422,723,0,0,1,0,0,0,0,0
9128,3.9837,1.6832,419,723,0,0,1,0,0,0,0,0
9129,4.1641,1.3108,418,723,0,0,1,0,0,0,0,0
9130,4.2343,1.2241,418,723,0,0,1,0,0,0,0,0
9131,4.2913,1.4034,418,723,0,0,1,0,0,0,0,0
9132,3.9671,1.0231,418,723,0,0,1,0,0,0,0,0
9133,4.2148,1.3303,418,723,0,0,1,0,0,0,0,0
9134,4.2796,1.2757,416,723,0,0,1,0,0,0,0,0
9135,4.1828,1.5604,416,723,0,0,1,0,0,0,0,0
9136,4.0114,0.9783,416,723,0,0,1,0,0,0,0,0
9137,4.1477,0.9187,416,723,0,0,1,0,0,0,0,0
9138,4.1713,1.4478,414,723,0,0,1,0,0,0,0,0
9139,4.1738,1.1544,414,723,0,0,1,0,0,0,0,0
9140,4.1564,1.4713,413,723,0,0,1,0,0,0,0,0
9141,4.1794,1.3194,413,723,0,0,1,0,0,0,0,0
9142,4.152,0.9679,413,723,0,0,1,0,0,0,0,0
9143,4.2119,1.1355,413,723,0,0,1,0,0,0,0,0
9144,4.128,1.0764,413,723,0,0,1,0,0,0,0,0
9145,4.1767,1.0724,412,723,0,0,1,0,0,0,0,0
9146,4.2666,1.1452,412,723,0,0,1,0,0,0,0,0
9147,4.0977,1.6298,411,723,0,0,1,0,0,0,0,0
9148,4.1219,1.505,411,723,0,0,1,0,0,0,0,0
9149,4.1679,1.465,411,723,0,0,1,0,0,0,0,0
9150,4.2712,1.4414,411,723,0,0,1,0,0,0,0,0
9151,4.2821,1.0789,411,723,0,0,1,0,0,0,0,0
9152,4.032,1.7085,410,723,0,0,1,0,0,0,0,0
9153,4.1735,1.4369,410,723,0,0,1,0,0,0,0,0
9154,4.198,1.7167,408,723,0,0,1,0,0,0,0,0
9155,4.317,1.0627,407,723,0,0,1,0,0,0,0,0
9156,4.0018,1.3493,405,723,0,0,1,0,0,0,0,0
9157,4.16,1.5256,403,723,0,0,1,0,0,0,0,0
9158,4.1781,1.2052,402,723,0,0,1,0,0,0,0,0
9159,4.2469,1.2238,400,723,0,0,1,0,0,0,0,0
9160,4.0256,1.0881,400,723,0,0,1,0,0,0,0,0
9161,4.1702,1.2492,400,723,0,0,1,0,0,0,0,0
9162,4.1285,1.2129,400,723,0,0,1,0,0,0,0,0
9163,4.3278,1.8202,397,723,0,0,1,0,0,0,0,0
9164,4.0279,1.6796,396,723,0,0,1,0,0,0,0,0
9165,4.1404,1.5469,395,723,0,0,1,0,0,0,0,0
9166,4.1954,1.3146,394,723,0,0,1,0,0,0,0,0
9167,4.2819,1.5817,394,723,0,0,1,0,0,0,0,0
9168,4.3009,1.2906,394,723,0,0,1,0,0,0,0,0
9169,3.9284,1.118,391,723,0,0,1,0,0,0,0,0
9170,4.1422,1.1089,391,723,0,0,1,0,0,0,0,0
9171,4.271,1.2852,391,723,0,0,1,0,0,0,0,0
9172,4.0496,1.5006,390,723,0,0,1,0,0,0,0,0
9173,4.1907,1.3624,390,723,0,0,1,0,0,0,0,0
9174,4.1646,1.4904,390,723,0,0,1,0,0,0,0,0
9175,4.2759,0.9406,390,723,0,0,1,0,0,0,0,0
9176,4.0492,1.1877,389,723,0,0,1,0,0,0,0,0
9177,4.3761,1.2682,389,723,0,0,1,0,0,0,0,0
9178,3.9478,1.3744,388,723,0,0,1,0,0,0,0,0
9179,4.3569,1.4137,387,723,0,0,1,0,0,0,0,0
9180,4.0095,1.3859,386,723,0,0,1,0,0,0,0,0
9181,4.1601,1.431,386,723,0,0,1,0,0,0,0,0
9182,4.1613,1.0169,384,723,0,0,1,0,0,0,0,0
9183,4.2578,1.4418,376,723,0,0,1,0,0,0,0,0
9184,4.0519,1.4671,374,723,0,0,1,0,0,0,0,0
9185,4.2391,0.9324,373,723,0,0,1,0,0,0,0,0
9186,4.1983,1.2971,373,723,0,0,1,0,0,0,0,0
9187,4.184,1.2903,372,723,0,0,1,0,0,0,0,0
9188,4.1259,0.9436,372,723,0,0,1,0,0,0,0,0
9189,4.1339,1.4163,421,723,0,0,1,0,0,50,12291,0.008
9190,4.116,1.446,421,723,0,0,1,0,0,0,0,0
9191,4.3307,1.1974,421,723,0,0,1,0,0,0,0,0
9192,4.03,1.1861,420,723,0,0,1,0,0,0,0,0
9193,4.3335,1.837,420,723,0,0,1,0,0,0,0,0
9194,4.0647,1.2217,420,723,0,0,1,0,0,0,0,0
9195,4.3373,1.6751,420,723,0,0,1,0,0,0,0,0
9196,4.0501,1.5156,420,723,0,0,1,0,0,0,0,0
9197,4.1931,1.3857,419,723,0,0,1,0,0,0,0,0
9198,4.0137,1.1403,419,723,0,0,1,0,0,0,0,0
9199,4.3575,1.0549,419,723,0,0,1,0,0,0,0,0
9200,3.9815,0.7346,418,723,0,0,1,0,0,0,0,0
9201,4.1838,1.1087,416,723,0,0,1,0,0,0,0,0
9202,4.1614,1.0681,414,723,0,0,1,0,0,0,0,0
9203,4.2594,0.9335,414,723,0,0,1,0,0,0,0,0
9204,4.0644,0.5749,412,723,0,0,1,0,0,0,0,0
9205,4.492,0.7016,410,723,0,0,1,0,0,0,0,0
9206,3.879,0.5006,410,723,0,0,1,0,0,0,0,0
9207,4.4962,0.3952,410,723,0,0,1,0,0,0,0,0
9208,3.7429,0.5646,410,723,0,0,1,0,0,0,0,0
9209,4.2094,0.4619,409,723,0,0,1,0,0,0,0,0
9210,4.1581,0.5263,409,723,0,0,1,0,0,0,0,0
9211,4.174,1.0299,409,723,0,0,1,0,0,0,0,0
9212,4.1943,0.7014,409,723,0,0,1,0,0,0,0,0
9213,4.1244,0.9288,408,723,0,0,1,0,0,0,0,0
9214,4.1874,0.6076,407,723,0,0,1,0,0,0,0,0
9215,4.2923,0.9636,407,723,0,0,1,0,0,0,0,0
9216,4.1349,0.6745,406,723,0,0,1,0,0,0,0,0
9217,4.1042,1.1439,404,723,0,0,1,0,0,0,0,0
9218,4.186,0.5173,404,723,0,0,1,0,0,0,0,0
9219,4.1725,0.4844,403,723,0,0,1,0,0,0,0,0
9220,4.0902,0.4998,403,723,0,0,1,0,0,0,0,0
9221,4.2495,1.1509,403,723,0,0,1,0,0,0,0,0
9222,4.0982,0.9361,403,723,0,0,1,0,0,0,0,0
9223,4.1942,0.6862,403,723,0,0,1,0,0,0,0,0
9224,4.1028,0.5616,403,723,0,0,1,0,0,0,0,0
9225,4.1949,0.6626,403,723,0,0,1,0,0,0,0,0
9226,4.5118,0.5339,403,723,0,0,1,0,0,0,0,0
9227,3.8065,0.4603,402,723,0,0,1,0,0,0,0,0
9228,4.2885,0.6386,402,723,0,0,1,0,0,0,0,0
9229,4.0713,0.6333,401,723,0,0,1,0,0,0,0,0
9230,4.205,0.6314,399,723,0,0,1,0,0,0,0,0
9231,4.2047,0.6788,397,723,0,0,1,0,0,0,0,0
9232,4.0493,0.4905,396,723,0,0,1,0,0,0,0,0
9233,4.7107,0.4358,395,723,0,0,1,0,0,0,0,0
9234,3.7881,0.4518,395,723,0,0,1,0,0,0,0,0
9235,4.1177,0.6788,395,723,0,0,1,0,0,0,0,0
9236,4.3326,0.7511,394,723,0,0,1,0,0,0,0,0
9237,3.9129,0.9609,392,723,0,0,1,0,0,0,0,0
9238,4.4999,0.4714,390,723,0,0,1,0,0,0,0,0
9239,3.8302,0.4315,389,723,0,0,1,0,0,0,0,0
9240,4.1459,0.4385,387,723,0,0,1,0,0,0,0,0
9241,4.1969,0.5541,385,723,0,0,1,0,0,0,0,0
9242,4.3321,0.981,383,723,0,0,1,0,0,0,0,0
9243,4.0513,0.6606,383,723,0,0,1,0,0,0,0,0
9244,4.1153,0.4328,383,723,0,0,1,0,0,0,0,0
9245,4.1799,0.454,383,723,0,0,1,0,0,0,0,0
9246,4.1925,0.4472,383,723,0,0,1,0,0,0,0,0
9247,4.1098,0.4203,381,723,0,0,1,0,0,0,0,0
9248,4.2287,0.6613,381,723,0,0,1,0,0,0,0,0
9249,4.5499,0.7538,381,723,0,0,1,0,0,0,0,0
9250,3.7631,0.4331,380,723,0,0,1,0,0,0,0,0
9251,4.1359,0.4777,373,723,0,0,1,0,0,0,0,0
9252,4.353,0.521,373,723,0,0,1,0,0,0,0,0
9253,4.0664,1.2161,370,723,0,0,1,0,0,0,0,0
9254,4.1523,0.7149,370,723,0,0,1,0,0,0,0,0
9255,4.4049,0.4308,370,723,0,0,1,0,0,0,0,0
9256,3.8631,0.5139,420,723,0,0,1,0,0,50,12810,0.008
9257,4.4928,0.4582,420,723,0,0,1,0,0,0,0,0
9258,3.8529,0.5333,420,723,0,0,1,0,0,0,0,0
9259,4.2086,0.4504,419,723,0,0,1,0,0,0,0,0
9260,4.2916,0.6823,416,723,0,0,1,0,0,0,0,0
9261,4.0684,0.7572,416,723,0,0,1,0,0,0,0,0
9262,4.1047,0.5082,416,723,0,0,1,0,0,0,0,0
9263,4.1553,0.5179,415,723,0,0,1,0,0,0,0,0
9264,4.235,0.5726,415,723,0,0,1,0,0,0,0,0
9265,4.1641,0.4931,414,723,0,0,1,0,0,0,0,0
9266,4.217,0.6926,414,723,0,0,1,0,0,0,0,0
9267,4.0988,0.8078,414,723,0,0,1,0,0,0,0,0
9268,4.0936,0.5013,414,723,0,0,1,0,0,0,0,0
9269,4.2503,0.9848,414,723,0,0,1,0,0,0,0,0
9270,4.1735,0.5708,414,723,0,0,1,0,0,0,0,0
9271,4.0728,0.445,414,723,0,0,1,0,0,0,0,0
9272,4.2354,0.7321,414,723,0,0,1,0,0,0,0,0
9273,4.1665,0.611,414,723,0,0,1,0,0,0,0,0
9274,4.1054,0.7472,414,723,0,0,1,0,0,0,0,0
9275,4.1949,0.4762,413,723,0,0,1,0,0,0,0,0
9276,4.181,0.5412,413,723,0,0,1,0,0,0,0,0
9277,4.2133,0.5362,412,723,0,0,1,0,0,0,0,0
9278,4.1539,0.5434,412,723,0,0,1,0,0,0,0,0
9279,4.1064,0.5482,412,723,0,0,1,0,0,0,0,0
9280,4.1434,0.4582,412,723,0,0,1,0,0,0,0,0
9281,9.7614,0.3294,412,723,0,0,1,0,0,0,0,0
9282,5.6892,0.5437,412,723,0,0,1,0,0,0,0,0
9283,0.6676,0.9644,412,723,0,0,1,0,0,0,0,0
9284,1.0782,0.3567,412,723,0,0,1,0,0,0,0,0
9285,3.7041,0.7504,411,723,0,0,1,0,0,0,0,0
9286,4.805,2.9484,411,723,0,0,1,0,0,0,0,0
9287,4.2961,0.4615,410,723,0,0,1,0,0,0,0,0
9288,3.8316,0.5609,410,723,0,0,1,0,0,0,0,0
9289,4.1036,0.621,409,723,0,0,1,0,0,0,0,0
9290,4.1133,0.5251,408,723,0,0,1,0,0,0,0,0
9291,4.5715,0.4783,408,723,0,0,1,0,0,0,0,0
9292,3.7511,0.4656,408,723,0,0,1,0,0,0,0,0
9293,4.7196,0.5731,408,723,0,0,1,0,0,0,0,0
9294,3.6748,0.4637,407,723,0,0,1,0,0,0,0,0
9295,4.3548,0.7144,407,723,0,0,1,0,0,0,0,0
9296,3.865,0.6348,407,723,0,0,1,0,0,0,0,0
9297,4.2591,0.6342,406,723,0,0,1,0,0,0,0,0
9298,4.0787,0.7623,405,723,0,0,1,0,0,0,0,0
9299,4.4099,0.5831,403,723,0,0,1,0,0,0,0,0
9300,7.1715,0.8712,399,723,0,0,1,0,0,0,0,0
9301,1.0745,0.9505,399,723,0,0,1,0,0,0,0,0
9302,4.1029,0.5368,399,723,0,0,1,0,0,0,0,0
9303,4.5014,0.5102,397,723,0,0,1,0,0,0,0,0
9304,3.8419,0.5285,395,723,0,0,1,0,0,0,0,0
9305,8.3417,0.5618,395,723,0,0,1,0,0,0,0,0
9306,4.5476,0.699,392,723,0,0,1,0,0,0,0,0
9307,3.8904,0.4908,392,723,0,0,1,0,0,0,0,0
9308,4.0329,0.6194,391,723,0,0,1,0,0,0,0,0
9309,8.4799,0.5631,390,723,0,0,1,0,0,0,0,0
9310,3.996,0.6482,389,723,0,0,1,0,0,0,0,0
9311,4.1386,0.632,387,723,0,0,1,0,0,0,0,0
9312,4.1573,0.6032,387,723,0,0,1,0,0,0,0,0
9313,4.3582,0.5725,385,723,0,0,1,0,0,0,0,0
9314,4.0123,0.5874,385,723,0,0,1,0,0,0,0,0
9315,4.1322,0.6569,385,723,0,0,1,0,0,0,0,0
9316,4.1887,0.6368,377,723,0,0,1,0,0,0,0,0
9317,4.2887,0.5972,377,723,0,0,1,0,0,0,0,0
9318,4.0366,0.6168,376,723,0,0,1,0,0,0,0,0
9319,4.1798,0.642,376,723,0,0,1,0,0,0,0,0
9320,4.1591,0.5892,376,723,0,0,1,0,0,0,0,0
9321,4.3034,0.6712,426,723,0,0,1,0,0,50,12804,0.0128
9322,4.0693,0.6375,425,723,0,0,1,0,0,0,0,0
9323,4.1212,0.7948,425,723,0,0,1,0,0,0,0,0
9324,4.2162,0.8095,423,723,0,0,1,0,0,0,0,0
9325,4.6897,0.8015,420,723,0,0,1,0,0,0,0,0
9326,3.6627,0.6892,419,723,0,0,1,0,0,0,0,0
9327,4.3944,1.0075,418,723,0,0,1,0,0,0,0,0
9328,4.1175,0.9943,417,723,0,0,1,0,0,0,0,0
9329,4.4885,5.1206,417,723,0,0,1,0,0,0,0,0
9330,5.2169,1.5967,417,723,0,0,1,0,0,0,0,0
9331,2.7287,0.6839,416,723,0,0,1,0,0,0,0,0
9332,4.2958,0.8387,416,723,0,0,1,0,0,0,0,0
9333,4.4333,1.1914,415,723,0,0,1,0,0,0,0,0
9334,3.78,0.6569,415,723,0,0,1,0,0,0,0,0
9335,4.0853,0.6048,414,723,0,0,1,0,0,0,0,0
9336,3.9343,0.5274,413,723,0,0,1,0,0,0,0,0
9337,4.4416,0.5191,412,723,0,0,1,0,0,0,0,0
9338,4.1019,0.479,412,723,0,0,1,0,0,0,0,0
9339,4.1627,0.6919,411,723,0,0,1,0,0,0,0,0
9340,4.0435,0.7394,410,723,0,0,1,0,0,0,0,0
9341,4.2199,0.5806,409,723,0,0,1,0,0,0,0,0
9342,4.2593,0.5211,408,723,0,0,1,0,0,0,0,0
9343,3.9753,0.5502,408,723,0,0,1,0,0,0,0,0
9344,4.2141,0.872,408,723,0,0,1,0,0,0,0,0
9345,4.6287,0.6246,408,723,0,0,1,0,0,0,0,0
9346,3.9069,0.8061,407,723,0,0,1,0,0,0,0,0
9347,3.925,0.7854,407,723,0,0,1,0,0,0,0,0
9348,4.1299,0.5922,407,723,0,0,1,0,0,0,0,0
9349,4.3341,1.1394,407,723,0,0,1,0,0,0,0,0
9350,4.3537,1.0068,405,723,0,0,1,0,0,0,0,0
9351,3.8624,1.2891,405,723,0,0,1,0,0,0,0,0
9352,4.2778,1.9508,405,723,0,0,1,0,0,0,0,0
9353,4.7325,1.5905,405,723,0,0,1,0,0,0,0,0
9354,3.4343,1.0941,405,723,0,0,1,0,0,0,0,0
9355,4.4219,2.6415,405,723,0,0,1,0,0,0,0,0
9356,8.2855,0.4202,404,723,0,0,1,0,0,0,0,0
9357,3.9782,0.808,404,723,0,0,1,0,0,0,0,0
9358,4.1658,0.9202,404,723,0,0,1,0,0,0,0,0
9359,4.1366,0.9657,404,723,0,0,1,0,0,0,0,0
9360,4.5531,1.3395,404,723,0,0,1,0,0,0,0,0
9361,3.846,1.3269,403,723,0,0,1,0,0,0,0,0
9362,4.1291,1.1735,401,723,0,0,1,0,0,0,0,0
9363,4.1772,0.9791,401,723,0,0,1,0,0,0,0,0
9364,4.5748,0.9868,399,723,0,0,1,0,0,0,0,0
9365,3.9865,1.2733,398,723,0,0,1,0,0,0,0,0
9366,3.9481,1.704,398,723,0,0,1,0,0,0,0,0
9367,4.2994,1.4668,398,723,0,0,1,0,0,0,0,0
9368,4.2408,1.1659,398,723,0,0,1,0,0,0,0,0
9369,3.7353,0.958,398,723,0,0,1,0,0,0,0,0
9370,4.106,1.119,397,723,0,0,1,0,0,0,0,0
9371,4.2442,0.8992,397,723,0,0,1,0,0,0,0,0
9372,4.322,0.9139,396,723,0,0,1,0,0,0,0,0
9373,3.9402,0.9956,396,723,0,0,1,0,0,0,0,0
9374,4.1543,1.1718,396,723,0,0,1,0,0,0,0,0
9375,4.2013,1.1233,395,723,0,0,1,0,0,0,0,0
9376,4.2151,0.9867,394,723,0,0,1,0,0,0,0,0
9377,4.1091,1.0556,394,723,0,0,1,0,0,0,0,0
9378,4.1991,1.3529,392,723,0,0,1,0,0,0,0,0
9379,4.1209,1.1037,392,723,0,0,1,0,0,0,0,0
9380,4.2558,1.4359,392,723,0,0,1,0,0,0,0,0
9381,4.0772,0.9516,392,723,0,0,1,0,0,0,0,0
9382,4.1883,1.006,385,723,0,0,1,0,0,0,0,0
9383,4.181,0.8138,384,723,0,0,1,0,0,0,0,0
9384,4.2239,0.3478,383,723,0,0,1,0,0,0,0,0
9385,4.0721,0.9297,382,723,0,0,1,0,0,0,0,0
9386,4.1645,1.1269,380,723,0,0,1,0,0,0,0,0
9387,4.1751,1.2477,429,723,0,0,1,0,0,50,13367,0.0072
9388,4.2371,0.5888,428,723,0,0,1,0,0,0,0,0
9389,4.0805,0.5833,428,723,0,0,1,0,0,0,0,0
9390,4.2161,0.8527,427,723,0,0,1,0,0,0,0,0
9391,4.1198,0.4706,426,723,0,0,1,0,0,0,0,0
9392,4.2402,0.7497,426,723,0,0,1,0,0,0,0,0
9393,4.0933,0.5138,426,723,0,0,1,0,0,0,0,0
9394,4.1788,0.6693,425,723,0,0,1,0,0,0,0,0
9395,4.2133,0.7647,425,723,0,0,1,0,0,0,0,0
9396,4.1894,0.4326,423,723,0,0,1,0,0,0,0,0
9397,4.2036,0.5177,422,723,0,0,1,0,0,0,0,0
9398,8.4746,0.5288,421,723,0,0,1,0,0,0,0,0
9399,4.0372,0.4129,420,723,0,0,1,0,0,0,0,0
9400,4.0765,0.519,420,723,0,0,1,0,0,0,0,0
9401,4.3988,0.6886,419,723,0,0,1,0,0,0,0,0
9402,3.9379,0.5418,417,723,0,0,1,0,0,0,0,0
9403,4.2652,1.0245,417,723,0,0,1,0,0,0,0,0
9404,4.0762,0.641,417,723,0,0,1,0,0,0,0,0
9405,4.2011,0.5187,416,723,0,0,1,0,0,0,0,0
9406,4.1288,0.8284,416,723,0,0,1,0,0,0,0,0
9407,4.2637,0.7659,416,723,0,0,1,0,0,0,0,0
9408,4.0582,0.5433,415,723,0,0,1,0,0,0,0,0
9409,4.1769,0.6852,415,723,0,0,1,0,0,0,0,0
9410,4.1715,0.4786,415,723,0,0,1,0,0,0,0,0
9411,4.187,0.4489,415,723,0,0,1,0,0,0,0,0
9412,4.1362,1.3907,415,723,0,0,1,0,0,0,0,0
9413,4.1137,0.4474,415,723,0,0,1,0,0,0,0,0
9414,4.1512,0.3567,415,723,0,0,1,0,0,0,0,0
9415,4.2137,0.3647,414,723,0,0,1,0,0,0,0,0
9416,4.1344,0.2994,414,723,0,0,1,0,0,0,0,0
9417,4.1786,0.2735,414,723,0,0,1,0,0,0,0,0
9418,4.2206,0.2805,412,723,0,0,1,0,0,0,0,0
9419,4.211,0.3511,412,723,0,0,1,0,0,0,0,0
9420,4.1225,0.3347,412,723,0,0,1,0,0,0,0,0
9421,4.1636,0.3986,412,723,0,0,1,0,0,0,0,0
9422,4.1465,0.3763,412,723,0,0,1,0,0,0,0,0
9423,4.2565,0.3714,409,723,0,0,1,0,0,0,0,0
9424,4.0884,0.3718,409,723,0,0,1,0,0,0,0,0
9425,4.1988,0.4745,408,723,0,0,1,0,0,0,0,0
9426,4.3179,0.5642,407,723,0,0,1,0,0,0,0,0
9427,4.0968,0.4332,404,723,0,0,1,0,0,0,0,0
9428,4.0595,0.5584,404,723,0,0,1,0,0,0,0,0
9429,4.2055,0.616,404,723,0,0,1,0,0,0,0,0
9430,4.1224,0.4387,403,723,0,0,1,0,0,0,0,0
9431,4.2941,0.5312,403,723,0,0,1,0,0,0,0,0
9432,4.08,0.4769,403,723,0,0,1,0,0,0,0,0
9433,4.1552,0.4482,403,723,0,0,1,0,0,0,0,0
9434,4.1556,0.5508,403,723,0,0,1,0,0,0,0,0
9435,4.274,0.5295,402,723,0,0,1,0,0,0,0,0
9436,4.0732,0.3816,400,723,0,0,1,0,0,0,0,0
9437,4.1527,0.4972,399,723,0,0,1,0,0,0,0,0
9438,4.1549,0.4045,398,723,0,0,1,0,0,0,0,0
9439,4.2491,0.4873,397,723,0,0,1,0,0,0,0,0
9440,4.3084,0.5004,396,723,0,0,1,0,0,0,0,0
9441,3.9461,0.3801,395,723,0,0,1,0,0,0,0,0
9442,4.3992,0.3855,394,723,0,0,1,0,0,0,0,0
9443,4.0094,0.3649,394,723,0,0,1,0,0,0,0,0
9444,4.1076,0.3829,393,723,0,0,1,0,0,0,0,0
9445,4.1813,0.6487,392,723,0,0,1,0,0,0,0,0
9446,4.1029,0.5911,391,723,0,0,1,0,0,0,0,0
9447,4.3085,0.3758,391,723,0,0,1,0,0,0,0,0
9448,4.0625,0.3889,383,723,0,0,1,0,0,0,0,0
9449,4.172,0.7303,382,723,0,0,1,0,0,0,0,0
9450,4.1607,0.3823,381,723,0,0,1,0,0,0,0,0
9451,4.2652,0.5772,381,723,0,0,1,0,0,0,0,0
9452,4.0703,0.3875,379,723,0,0,1,0,0,0,0,0
9453,4.1757,0.7522,379,723,0,0,1,0,0,0,0,0
9454,4.1562,0.4311,428,723,0,0,1,0,0,50,12308,0.0065
9455,4.2437,0.3886,427,723,0,0,1,0,0,0,0,0
9456,4.0881,0.4774,426,723,0,0,1,0,0,0,0,0
9457,4.1534,0.3744,425,723,0,0,1,0,0,0,0,0
9458,4.1309,0.388,422,723,0,0,1,0,0,0,0,0
9459,4.5594,0.4803,422,723,0,0,1,0,0,0,0,0
9460,3.8406,0.656,421,723,0,0,1,0,0,0,0,0
9461,4.1705,0.5424,420,723,0,0,1,0,0,0,0,0
9462,4.1586,0.5381,420,723,0,0,1,0,0,0,0,0
9463,4.1597,0.5061,420,723,0,0,1,0,0,0,0,0
9464,4.2863,0.6473,418,723,0,0,1,0,0,0,0,0
9465,4.2253,0.7373,418,723,0,0,1,0,0,0,0,0
9466,4.0131,0.5874,418,723,0,0,1,0,0,0,0,0
9467,4.2265,0.477,417,723,0,0,1,0,0,0,0,0
9468,4.0473,0.5341,414,723,0,0,1,0,0,0,0,0
9469,4.3334,0.4102,414,723,0,0,1,0,0,0,0,0
9470,4.2195,0.5007,414,723,0,0,1,0,0,0,0,0
9471,4.0135,0.5764,413,723,0,0,1,0,0,0,0,0
9472,4.1953,0.682,413,723,0,0,1,0,0,0,0,0
9473,4.0922,0.7991,413,723,0,0,1,0,0,0,0,0
9474,4.1253,0.4327,413,723,0,0,1,0,0,0,0,0
9475,4.1589,0.4608,413,723,0,0,1,0,0,0,0,0
9476,4.1826,0.3906,412,723,0,0,1,0,0,0,0,0
9477,4.4046,0.4331,412,723,0,0,1,0,0,0,0,0
9478,4.3688,0.748,411,723,0,0,1,0,0,0,0,0
9479,3.8895,0.3975,409,723,0,0,1,0,0,0,0,0
9480,4.094,0.6702,408,723,0,0,1,0,0,0,0,0
9481,4.121,0.4476,406,723,0,0,1,0,0,0,0,0
9482,4.3244,0.4632,405,723,0,0,1,0,0,0,0,0
9483,4.1313,0.6768,405,723,0,0,1,0,0,0,0,0
9484,4.0786,0.7598,405,723,0,0,1,0,0,0,0,0
9485,4.5204,0.4555,405,723,0,0,1,0,0,0,0,0
9486,3.7653,0.3988,405,723,0,0,1,0,0,0,0,0
9487,4.27,0.3837,403,723,0,0,1,0,0,0,0,0
9488,4.0888,0.4049,403,723,0,0,1,0,0,0,0,0
9489,4.2575,0.5609,402,723,0,0,1,0,0,0,0,0
9490,4.0695,0.3975,402,723,0,0,1,0,0,0,0,0
9491,4.263,0.3703,402,723,0,0,1,0,0,0,0,0
9492,4.0685,0.3891,401,723,0,0,1,0,0,0,0,0
9493,4.1706,0.3817,400,723,0,0,1,0,0,0,0,0
9494,4.1882,0.3656,400,723,0,0,1,0,0,0,0,0
9495,4.2684,0.7265,398,723,0,0,1,0,0,0,0,0
9496,4.0466,0.7478,397,723,0,0,1,0,0,0,0,0
9497,4.1961,0.3824,396,723,0,0,1,0,0,0,0,0
9498,4.1425,0.3819,396,723,0,0,1,0,0,0,0,0
9499,4.2081,0.3799,396,723,0,0,1,0,0,0,0,0
9500,4.1284,0.3832,396,723,0,0,1,0,0,0,0,0
9501,4.1537,0.3758,395,723,0,0,1,0,0,0,0,0
9502,4.1418,0.3686,395,723,0,0,1,0,0,0,0,0
9503,4.2968,0.4441,393,723,0,0,1,0,0,0,0,0
9504,4.0006,0.382,392,723,0,0,1,0,0,0,0,0
9505,4.2387,0.3584,391,723,0,0,1,0,0,0,0,0
9506,4.1011,0.3593,389,723,0,0,1,0,0,0,0,0
9507,4.3327,0.3595,388,723,0,0,1,0,0,0,0,0
9508,4.0565,0.344,388,723,0,0,1,0,0,0,0,0
9509,4.176,0.3575,387,723,0,0,1,0,0,0,0,0
9510,4.2022,0.5019,387,723,0,0,1,0,0,0,0,0
9511,4.2109,0.3466,386,723,0,0,1,0,0,0,0,0
9512,4.0547,0.3444,386,723,0,0,1,0,0,0,0,0
9513,4.2079,0.3474,386,723,0,0,1,0,0,0,0,0
9514,4.1538,0.3592,385,723,0,0,1,0,0,0,0,0
9515,4.4515,0.5173,378,723,0,0,1,0,0,0,0,0
9516,3.8273,0.3433,378,723,0,0,1,0,0,0,0,0
9517,4.3464,0.4485,378,723,0,0,1,0,0,0,0,0
9518,3.9745,0.3636,378,723,0,0,1,0,0,0,0,0
9519,4.1654,0.3421,378,723,0,0,1,0,0,0,0,0
9520,4.3613,0.5312,376,723,0,0,1,0,0,0,0,0
9521,4.1527,0.5538,426,723,0,0,1,0,0,50,12456,0.0087
9522,4.1678,0.5057,426,723,0,0,1,0,0,0,0,0
9523,3.9898,0.3594,426,723,0,0,1,0,0,0,0,0
9524,4.1823,0.5905,426,723,0,0,1,0,0,0,0,0
9525,4.1545,0.4468,426,723,0,0,1,0,0,0,0,0
9526,4.1702,0.451,426,723,0,0,1,0,0,0,0,0
9527,4.3133,0.3866,425,723,0,0,1,0,0,0,0,0
9528,4.1074,0.5169,423,723,0,0,1,0,0,0,0,0
9529,4.1495,0.386,422,723,0,0,1,0,0,0,0,0
9530,4.3636,0.5101,421,723,0,0,1,0,0,0,0,0
9531,4.0448,0.3639,421,723,0,0,1,0,0,0,0,0
9532,4.0823,0.3668,420,723,0,0,1,0,0,0,0,0
9533,4.1602,0.3681,420,723,0,0,1,0,0,0,0,0
9534,4.248,0.6143,419,723,0,0,1,0,0,0,0,0
9535,4.1736,0.5874,417,723,0,0,1,0,0,0,0,0
9536,4.0805,0.8157,417,723,0,0,1,0,0,0,0,0
9537,4.2144,0.5765,417,723,0,0,1,0,0,0,0,0
9538,4.1343,0.4887,417,723,0,0,1,0,0,0,0,0
9539,4.2348,0.3863,417,723,0,0,1,0,0,0,0,0
9540,4.086,0.382,414,723,0,0,1,0,0,0,0,0
9541,4.1678,0.4299,413,723,0,0,1,0,0,0,0,0
9542,4.1714,0.3958,413,723,0,0,1,0,0,0,0,0
9543,4.2484,0.3846,409,723,0,0,1,0,0,0,0,0
9544,4.1053,0.819,408,723,0,0,1,0,0,0,0,0
9545,4.1796,0.5505,407,723,0,0,1,0,0,0,0,0
9546,4.1359,0.3587,407,723,0,0,1,0,0,0,0,0
9547,4.2554,0.3729,407,723,0,0,1,0,0,0,0,0
9548,4.0756,0.3716,406,723,0,0,1,0,0,0,0,0
9549,4.2024,0.4361,405,723,0,0,1,0,0,0,0,0
9550,4.1497,0.3624,404,723,0,0,1,0,0,0,0,0
9551,4.2506,0.3544,402,723,0,0,1,0,0,0,0,0
9552,4.0183,0.3741,402,723,0,0,1,0,0,0,0,0
9553,4.2246,0.4259,402,723,0,0,1,0,0,0,0,0
9554,4.1573,0.402,402,723,0,0,1,0,0,0,0,0
9555,4.2375,0.4061,400,723,0,0,1,0,0,0,0,0
9556,4.094,0.4103,399,723,0,0,1,0,0,0,0,0
9557,4.1741,0.4243,397,723,0,0,1,0,0,0,0,0
9558,4.1508,0.4795,396,723,0,0,1,0,0,0,0,0
9559,4.341,0.4627,394,723,0,0,1,0,0,0,0,0
9560,4.0112,0.4309,394,723,0,0,1,0,0,0,0,0
9561,4.1705,0.4412,392,723,0,0,1,0,0,0,0,0
9562,4.159,0.4276,392,723,0,0,1,0,0,0,0,0
9563,4.3888,0.4043,392,723,0,0,1,0,0,0,0,0
9564,3.8936,0.4167,391,723,0,0,1,0,0,0,0,0
9565,4.3657,0.5757,388,723,0,0,1,0,0,0,0,0
9566,4.0146,0.4247,387,723,0,0,1,0,0,0,0,0
9567,4.4133,0.6301,387,723,0,0,1,0,0,0,0,0
9568,3.8461,0.395,387,723,0,0,1,0,0,0,0,0
9569,4.2303,0.6021,387,723,0,0,1,0,0,0,0,0
9570,4.2372,0.6583,385,723,0,0,1,0,0,0,0,0
9571,4.0427,0.415,384,723,0,0,1,0,0,0,0,0
9572,4.3676,0.5311,383,723,0,0,1,0,0,0,0,0
9573,4.0119,0.4507,383,723,0,0,1,0,0,0,0,0
9574,4.2584,0.5659,383,723,0,0,1,0,0,0,0,0
9575,4.0373,0.3869,383,723,0,0,1,0,0,0,0,0
9576,4.1747,0.4948,382,723,0,0,1,0,0,0,0,0
9577,4.1587,0.4122,382,723,0,0,1,0,0,0,0,0
9578,4.2853,0.4695,381,723,0,0,1,0,0,0,0,0
9579,4.1999,0.3856,381,723,0,0,1,0,0,0,0,0
9580,4.0708,0.4794,380,723,0,0,1,0,0,0,0,0
9581,4.1962,0.6067,380,723,0,0,1,0,0,0,0,0
9582,4.1787,0.631,372,723,0,0,1,0,0,0,0,0
9583,4.3446,0.4013,372,723,0,0,1,0,0,0,0,0
9584,3.9702,0.4047,371,723,0,0,1,0,0,0,0,0
9585,4.2286,0.5826,371,723,0,0,1,0,0,0,0,0
9586,4.0896,0.4766,371,723,0,0,1,0,0,0,0,0
9587,4.297,0.4231,371,723,0,0,1,0,0,0,0,0
9588,4.0802,0.4387,419,723,0,0,1,0,0,50,11067,0.0059
9589,4.1341,0.8741,417,723,0,0,1,0,0,0,0,0
9590,4.1661,0.4084,416,723,0,0,1,0,0,0,0,0
9591,4.2497,0.4222,415,723,0,0,1,0,0,0,0,0
9592,4.0766,0.4285,414,723,0,0,1,0,0,0,0,0
9593,4.2359,0.4527,413,723,0,0,1,0,0,0,0,0
9594,4.1199,0.5491,411,723,0,0,1,0,0,0,0,0
9595,4.246,0.4784,411,723,0,0,1,0,0,0,0,0
9596,4.1337,0.4089,410,723,0,0,1,0,0,0,0,0
9597,4.1619,0.4957,408,723,0,0,1,0,0,0,0,0
9598,4.1169,0.4106,408,723,0,0,1,0,0,0,0,0
9599,4.2549,0.4096,408,723,0,0,1,0,0,0,0,0
9600,4.0832,0.6617,408,723,0,0,1,0,0,0,0,0
9601,4.1611,0.7845,406,723,0,0,1,0,0,0,0,0
9602,4.1677,0.6586,406,723,0,0,1,0,0,0,0,0
9603,4.2878,0.4003,404,723,0,0,1,0,0,0,0,0
9604,4.0953,0.4146,404,723,0,0,1,0,0,0,0,0
9605,4.1513,0.3648,404,723,0,0,1,0,0,0,0,0
9606,4.2182,0.5013,404,723,0,0,1,0,0,0,0,0
9607,4.231,0.4275,404,723,0,0,1,0,0,0,0,0
9608,4.028,0.688,402,723,0,0,1,0,0,0,0,0
9609,4.1862,0.8052,400,723,0,0,1,0,0,0,0,0
9610,4.1445,0.4674,400,723,0,0,1,0,0,0,0,0
9611,4.2442,0.8023,400,723,0,0,1,0,0,0,0,0
9612,4.0919,0.5684,400,723,0,0,1,0,0,0,0,0
9613,4.1796,0.507,400,723,0,0,1,0,0,0,0,0
9614,4.1441,0.7215,400,723,0,0,1,0,0,0,0,0
9615,4.2411,0.4378,398,723,0,0,1,0,0,0,0,0
9616,4.0889,0.496,397,723,0,0,1,0,0,0,0,0
9617,4.2003,1.0633,397,723,0,0,1,0,0,0,0,0
9618,4.1394,0.5667,396,723,0,0,1,0,0,0,0,0
9619,4.257,0.4406,396,723,0,0,1,0,0,0,0,0
9620,4.0751,0.3967,395,723,0,0,1,0,0,0,0,0
9621,4.1579,0.4096,394,723,0,0,1,0,0,0,0,0
9622,4.1783,0.3978,392,723,0,0,1,0,0,0,0,0
9623,4.2756,0.3782,392,723,0,0,1,0,0,0,0,0
9624,4.0402,0.3999,392,723,0,0,1,0,0,0,0,0
9625,4.1896,0.3982,391,723,0,0,1,0,0,0,0,0
9626,4.1476,0.5242,389,723,0,0,1,0,0,0,0,0
9627,4.4275,0.6765,389,723,0,0,1,0,0,0,0,0
9628,4.1518,0.5081,388,723,0,0,1,0,0,0,0,0
9629,3.9516,0.4023,388,723,0,0,1,0,0,0,0,0
9630,4.1685,0.5071,388,723,0,0,1,0,0,0,0,0
9631,4.2061,0.7418,386,723,0,0,1,0,0,0,0,0
9632,4.1093,0.3686,385,723,0,0,1,0,0,0,0,0
9633,4.2783,0.6129,385,723,0,0,1,0,0,0,0,0
9634,4.1896,0.562,383,723,0,0,1,0,0,0,0,0
9635,4.3714,0.5037,381,723,0,0,1,0,0,0,0,0
9636,3.8134,0.3654,380,723,0,0,1,0,0,0,0,0
9637,4.1855,0.3512,380,723,0,0,1,0,0,0,0,0
9638,4.3538,0.3542,380,723,0,0,1,0,0,0,0,0
9639,4.0636,0.3784,378,723,0,0,1,0,0,0,0,0
9640,4.0595,0.653,377,723,0,0,1,0,0,0,0,0
9641,4.339,0.6297,376,723,0,0,1,0,0,0,0,0
9642,4.0022,0.3503,376,723,0,0,1,0,0,0,0,0
9643,4.2539,0.359,375,723,0,0,1,0,0,0,0,0
9644,4.0787,0.3714,375,723,0,0,1,0,0,0,0,0
9645,4.205,0.7417,374,723,0,0,1,0,0,0,0,0
9646,4.1287,0.3485,374,723,0,0,1,0,0,0,0,0
9647,4.6236,0.3901,374,723,0,0,1,0,0,0,0,0
9648,3.6883,0.7911,373,723,0,0,1,0,0,0,0,0
9649,4.1673,0.3827,366,723,0,0,1,0,0,0,0,0
9650,4.1579,0.3907,366,723,0,0,1,0,0,0,0,0
9651,4.2411,0.3615,364,723,0,0,1,0,0,0,0,0
9652,4.1553,0.8768,362,723,0,0,1,0,0,0,0,0
9653,4.4422,0.5097,362,723,0,0,1,0,0,0,0,0
9654,4.0043,0.4572,362,723,0,0,1,0,0,0,0,0
9655,4.0972,0.2794,412,723,0,0,1,0,0,50,11793,0.006
9656,4.1507,0.3253,411,723,0,0,1,0,0,0,0,0
9657,4.0961,0.2797,411,723,0,0,1,0,0,0,0,0
9658,4.3418,0.2752,411,723,0,0,1,0,0,0,0,0
9659,4.0398,0.4914,410,723,0,0,1,0,0,0,0,0
9660,4.0921,0.3717,408,723,0,0,1,0,0,0,0,0
9661,4.3747,0.5262,408,723,0,0,1,0,0,0,0,0
9662,3.9637,0.4205,408,723,0,0,1,0,0,0,0,0
9663,4.2733,0.4031,408,723,0,0,1,0,0,0,0,0
9664,4.0538,0.4555,407,723,0,0,1,0,0,0,0,0
9665,4.1946,0.8696,406,723,0,0,1,0,0,0,0,0
9666,4.341,0.5521,405,723,0,0,1,0,0,0,0,0
9667,3.9547,0.4135,405,723,0,0,1,0,0,0,0,0
9668,4.4273,0.4295,405,723,0,0,1,0,0,0,0,0
9669,3.9123,0.4321,405,723,0,0,1,0,0,0,0,0
9670,4.1657,0.4577,405,723,0,0,1,0,0,0,0,0
9671,4.2834,0.3955,405,723,0,0,1,0,0,0,0,0
9672,4.0443,0.4727,404,723,0,0,1,0,0,0,0,0
9673,4.4497,0.5831,403,723,0,0,1,0,0,0,0,0
9674,3.9346,0.5209,402,723,0,0,1,0,0,0,0,0
9675,4.1071,0.5414,401,723,0,0,1,0,0,0,0,0
9676,4.18,0.3918,401,723,0,0,1,0,0,0,0,0
9677,4.218,0.551,401,723,0,0,1,0,0,0,0,0
9678,4.2869,0.5501,401,723,0,0,1,0,0,0,0,0
9679,3.9975,0.3612,401,723,0,0,1,0,0,0,0,0
9680,4.2666,0.5493,401,723,0,0,1,0,0,0,0,0
9681,4.2572,0.7336,401,723,0,0,1,0,0,0,0,0
9682,4.1084,0.4541,399,723,0,0,1,0,0,0,0,0
9683,4.1982,0.5115,399,723,0,0,1,0,0,0,0,0
9684,3.9982,0.3587,399,723,0,0,1,0,0,0,0,0
9685,4.3353,0.5242,397,723,0,0,1,0,0,0,0,0
9686,4.0301,0.3649,397,723,0,0,1,0,0,0,0,0
9687,4.3911,0.3775,396,723,0,0,1,0,0,0,0,0
9688,4.1565,0.4346,396,723,0,0,1,0,0,0,0,0
9689,3.9225,0.3796,396,723,0,0,1,0,0,0,0,0
9690,4.3084,0.9809,394,723,0,0,1,0,0,0,0,0
9691,4.0229,0.6508,393,723,0,0,1,0,0,0,0,0
9692,4.238,0.5038,391,723,0,0,1,0,0,0,0,0
9693,4.2461,0.755,391,723,0,0,1,0,0,0,0,0
9694,4.1642,0.5817,391,723,0,0,1,0,0,0,0,0
9695,4.1865,0.448,391,723,0,0,1,0,0,0,0,0
9696,4.0461,0.6953,390,723,0,0,1,0,0,0,0,0
9697,4.2428,0.4036,388,723,0,0,1,0,0,0,0,0
9698,4.0475,0.671,386,723,0,0,1,0,0,0,0,0
9699,4.3317,0.5586,384,723,0,0,1,0,0,0,0,0
9700,4.0077,0.4034,383,723,0,0,1,0,0,0,0,0
9701,4.2987,0.6099,383,723,0,0,1,0,0,0,0,0
9702,4.008,0.5906,382,723,0,0,1,0,0,0,0,0
9703,4.182,0.395,382,723,0,0,1,0,0,0,0,0
9704,4.3488,0.5811,382,723,0,0,1,0,0,0,0,0
9705,4.1194,0.5618,381,723,0,0,1,0,0,0,0,0
9706,4.05,0.5139,381,723,0,0,1,0,0,0,0,0
9707,4.1758,0.5942,381,723,0,0,1,0,0,0,0,0
9708,4.1466,0.3876,380,723,0,0,1,0,0,0,0,0
9709,4.3077,0.7102,380,723,0,0,1,0,0,0,0,0
9710,4.0517,0.4155,379,723,0,0,1,0,0,0,0,0
9711,4.576,0.3874,378,723,0,0,1,0,0,0,0,0
9712,3.8282,0.5405,377,723,0,0,1,0,0,0,0,0
9713,4.3212,0.3661,377,723,0,0,1,0,0,0,0,0
9714,3.9717,0.4466,376,723,0,0,1,0,0,0,0,0
9715,4.108,0.3429,375,723,0,0,1,0,0,0,0,0
9716,4.3809,0.5696,374,723,0,0,1,0,0,0,0,0
9717,3.9384,0.3248,365,723,0,0,1,0,0,0,0,0
9718,4.2284,0.4967,365,723,0,0,1,0,0,0,0,0
9719,4.3092,0.4485,363,723,0,0,1,0,0,0,0,0
9720,3.9513,0.4106,363,723,0,0,1,0,0,0,0,0
9721,4.4081,0.5231,361,723,0,0,1,0,0,0,0,0
9722,4.0087,0.509,410,723,0,0,1,0,0,50,13494,0.0073
9723,4.2958,0.5604,410,723,0,0,1,0,0,0,0,0
9724,4.1659,0.5468,409,723,0,0,1,0,0,0,0,0
9725,4.1524,0.4713,409,723,0,0,1,0,0,0,0,0
9726,3.9807,0.4936,408,723,0,0,1,0,0,0,0,0
9727,4.1715,0.3542,408,723,0,0,1,0,0,0,0,0
9728,4.1736,0.358,407,723,0,0,1,0,0,0,0,0
9729,4.3064,0.5454,407,723,0,0,1,0,0,0,0,0
9730,4.1787,0.6224,407,723,0,0,1,0,0,0,0,0
9731,4.1921,0.5029,407,723,0,0,1,0,0,0,0,0
9732,4.0016,0.4266,407,723,0,0,1,0,0,0,0,0
9733,4.301,0.5571,407,723,0,0,1,0,0,0,0,0
9734,4.169,0.4357,407,723,0,0,1,0,0,0,0,0
9735,4.0723,0.3927,406,723,0,0,1,0,0,0,0,0
9736,4.2556,0.5228,406,723,0,0,1,0,0,0,0,0
9737,4.2161,0.9211,405,723,0,0,1,0,0,0,0,0
9738,4.3115,0.5276,405,723,0,0,1,0,0,0,0,0
9739,3.8784,0.4143,405,723,0,0,1,0,0,0,0,0
9740,4.1804,0.4173,404,723,0,0,1,0,0,0,0,0
9741,4.196,0.3995,403,723,0,0,1,0,0,0,0,0
9742,4.2618,0.5583,403,723,0,0,1,0,0,0,0,0
9743,4.0361,0.421,402,723,0,0,1,0,0,0,0,0
9744,4.17,0.4498,400,723,0,0,1,0,0,0,0,0
9745,4.3173,0.3835,400,723,0,0,1,0,0,0,0,0
9746,4.1238,0.4585,400,723,0,0,1,0,0,0,0,0
9747,4.1434,0.4965,400,723,0,0,1,0,0,0,0,0
9748,4.1256,0.4957,400,723,0,0,1,0,0,0,0,0
9749,4.2961,0.5392,400,723,0,0,1,0,0,0,0,0
9750,4.117,0.4513,400,723,0,0,1,0,0,0,0,0
9751,4.0702,0.4265,400,723,0,0,1,0,0,0,0,0
9752,4.2478,0.5921,399,723,0,0,1,0,0,0,0,0
9753,4.1575,0.4934,399,723,0,0,1,0,0,0,0,0
9754,4.1774,0.4995,399,723,0,0,1,0,0,0,0,0
9755,4.1208,0.4865,399,723,0,0,1,0,0,0,0,0
9756,4.149,0.4533,399,723,0,0,1,0,0,0,0,0
9757,4.2133,0.5795,399,723,0,0,1,0,0,0,0,0
9758,4.1976,0.5077,398,723,0,0,1,0,0,0,0,0
9759,4.2084,1.1079,397,723,0,0,1,0,0,0,0,0
9760,4.1093,0.4351,397,723,0,0,1,0,0,0,0,0
9761,4.1941,0.9444,397,723,0,0,1,0,0,0,0,0
9762,4.411,0.3929,394,723,0,0,1,0,0,0,0,0
9763,3.8516,0.3916,393,723,0,0,1,0,0,0,0,0
9764,4.1742,0.381,391,723,0,0,1,0,0,0,0,0
9765,4.1836,0.4736,391,723,0,0,1,0,0,0,0,0
9766,4.1995,0.4387,390,723,0,0,1,0,0,0,0,0
9767,4.5677,0.9836,388,723,0,0,1,0,0,0,0,0
9768,3.7026,0.4286,387,723,0,0,1,0,0,0,0,0
9769,4.1855,0.3618,387,723,0,0,1,0,0,0,0,0
9770,4.2262,0.7311,386,723,0,0,1,0,0,0,0,0
9771,4.2003,0.6716,386,723,0,0,1,0,0,0,0,0
9772,4.3421,0.5757,385,723,0,0,1,0,0,0,0,0
9773,3.9592,0.596,383,723,0,0,1,0,0,0,0,0
9774,4.0852,0.406,383,723,0,0,1,0,0,0,0,0
9775,4.173,0.3571,383,723,0,0,1,0,0,0,0,0
9776,4.2209,0.6438,382,723,0,0,1,0,0,0,0,0
9777,4.1739,0.3774,381,723,0,0,1,0,0,0,0,0
9778,4.387,0.4191,381,723,0,0,1,0,0,0,0,0
9779,3.9341,0.5569,381,723,0,0,1,0,0,0,0,0
9780,4.1244,0.5212,380,723,0,0,1,0,0,0,0,0
9781,4.2192,0.4615,380,723,0,0,1,0,0,0,0,0
9782,4.1406,0.4779,379,723,0,0,1,0,0,0,0,0
9783,4.2144,0.8503,379,723,0,0,1,0,0,0,0,0
9784,4.1125,0.5396,370,723,0,0,1,0,0,0,0,0
9785,4.321,0.6396,369,723,0,0,1,0,0,0,0,0
9786,4.036,0.6334,369,723,0,0,1,0,0,0,0,0
9787,4.1355,0.4531,368,723,0,0,1,0,0,0,0,0
9788,4.1816,0.6338,368,723,0,0,1,0,0,0,0,0
9789,4.2225,0.4825,367,723,0,0,1,0,0,0,0,0
9790,4.0963,0.9198,417,723,0,0,1,0,0,50,12189,0.015
9791,4.2089,0.6851,415,723,0,0,1,0,0,0,0,0
9792,4.1271,0.481,415,723,0,0,1,0,0,0,0,0
9793,4.1385,0.5103,414,723,0,0,1,0,0,0,0,0
9794,4.173,0.4989,413,723,0,0,1,0,0,0,0,0
9795,4.2715,0.4491,412,723,0,0,1,0,0,0,0,0
9796,4.0543,0.4326,412,723,0,0,1,0,0,0,0,0
9797,4.3676,0.7143,412,723,0,0,1,0,0,0,0,0
9798,3.9628,0.5446,412,723,0,0,1,0,0,0,0,0
9799,4.1798,0.4865,412,723,0,0,1,0,0,0,0,0
9800,4.1822,0.5383,411,723,0,0,1,0,0,0,0,0
9801,4.2194,0.5554,411,723,0,0,1,0,0,0,0,0
9802,4.1096,0.5095,411,723,0,0,1,0,0,0,0,0
9803,4.2252,0.5706,411,723,0,0,1,0,0,0,0,0
9804,4.1054,0.5424,410,723,0,0,1,0,0,0,0,0
9805,4.289,0.6319,409,723,0,0,1,0,0,0,0,0
9806,4.0526,0.7495,408,723,0,0,1,0,0,0,0,0
9807,4.4851,0.7938,408,723,0,0,1,0,0,0,0,0
9808,4.0199,0.8673,408,723,0,0,1,0,0,0,0,0
9809,3.99,0.6595,408,723,0,0,1,0,0,0,0,0
9810,4.1401,0.4994,408,723,0,0,1,0,0,0,0,0
9811,4.1972,0.5037,406,723,0,0,1,0,0,0,0,0
9812,4.1748,0.4909,406,723,0,0,1,0,0,0,0,0
9813,4.176,0.6231,405,723,0,0,1,0,0,0,0,0
9814,4.1714,0.8169,404,723,0,0,1,0,0,0,0,0
9815,4.2571,0.7265,404,723,0,0,1,0,0,0,0,0
9816,4.0994,0.9483,404,723,0,0,1,0,0,0,0,0
9817,4.1948,0.6441,403,723,0,0,1,0,0,0,0,0
9818,4.0903,1.0182,403,723,0,0,1,0,0,0,0,0
9819,4.158,0.4658,401,723,0,0,1,0,0,0,0,0
9820,4.1747,0.7578,401,723,0,0,1,0,0,0,0,0
9821,4.1776,0.409,401,723,0,0,1,0,0,0,0,0
9822,4.303,0.5302,400,723,0,0,1,0,0,0,0,0
9823,4.0186,0.4096,400,723,0,0,1,0,0,0,0,0
9824,4.1935,0.6147,397,723,0,0,1,0,0,0,0,0
9825,4.2105,0.7248,397,723,0,0,1,0,0,0,0,0
9826,4.1693,1.1869,395,723,0,0,1,0,0,0,0,0
9827,4.3059,0.5104,395,723,0,0,1,0,0,0,0,0
9828,3.9572,0.3876,395,723,0,0,1,0,0,0,0,0
9829,4.1724,0.3671,395,723,0,0,1,0,0,0,0,0
9830,4.1663,0.4997,394,723,0,0,1,0,0,0,0,0
9831,4.1466,0.3707,393,723,0,0,1,0,0,0,0,0
9832,4.1818,1.6048,392,723,0,0,1,0,0,0,0,0
9833,4.1659,0.3866,392,723,0,0,1,0,0,0,0,0
9834,4.104,0.3486,392,723,0,0,1,0,0,0,0,0
9835,4.2303,0.3686,392,723,0,0,1,0,0,0,0,0
9836,4.1803,0.5234,389,723,0,0,1,0,0,0,0,0
9837,4.3711,0.5177,389,723,0,0,1,0,0,0,0,0
9838,3.9282,0.5039,389,723,0,0,1,0,0,0,0,0
9839,4.1767,0.5301,388,723,0,0,1,0,0,0,0,0
9840,4.1724,0.5042,388,723,0,0,1,0,0,0,0,0
9841,4.4549,0.769,388,723,0,0,1,0,0,0,0,0
9842,3.9313,0.5347,387,723,0,0,1,0,0,0,0,0
9843,4.4873,0.7096,386,723,0,0,1,0,0,0,0,0
9844,3.8443,0.5956,385,723,0,0,1,0,0,0,0,0
9845,4.253,0.7695,385,723,0,0,1,0,0,0,0,0
9846,3.9935,0.6343,385,723,0,0,1,0,0,0,0,0
9847,4.2033,0.5062,383,723,0,0,1,0,0,0,0,0
9848,4.2266,0.5627,383,723,0,0,1,0,0,0,0,0
9849,4.1459,0.5646,382,723,0,0,1,0,0,0,0,0
9850,4.1982,0.5312,382,723,0,0,1,0,0,0,0,0
9851,4.3972,0.7359,373,723,0,0,1,0,0,0,0,0
9852,3.8677,0.7485,373,723,0,0,1,0,0,0,0,0
9853,4.5346,0.6003,373,723,0,0,1,0,0,0,0,0
9854,3.8381,0.5064,373,723,0,0,1,0,0,0,0,0
9855,4.199,0.6211,373,723,0,0,1,0,0,0,0,0
9856,4.1199,0.5134,373,723,0,0,1,0,0,0,0,0
9857,4.235,0.5162,420,723,0,0,1,0,0,50,13904,0.0091
9858,4.1203,0.7238,420,723,0,0,1,0,0,0,0,0
9859,4.1246,0.5084,417,723,0,0,1,0,0,0,0,0
9860,4.4606,0.7363,416,723,0,0,1,0,0,0,0,0
9861,3.9269,0.5366,415,723,0,0,1,0,0,0,0,0
9862,4.2392,0.6589,415,723,0,0,1,0,0,0,0,0
9863,4.0308,0.5329,411,723,0,0,1,0,0,0,0,0
9864,4.1782,0.6149,411,723,0,0,1,0,0,0,0,0
9865,4.1869,0.6284,411,723,0,0,1,0,0,0,0,0
9866,4.198,0.5033,411,723,0,0,1,0,0,0,0,0
9867,4.3891,0.6377,411,723,0,0,1,0,0,0,0,0
9868,3.9122,0.4473,411,723,0,0,1,0,0,0,0,0
9869,4.2355,0.8666,410,723,0,0,1,0,0,0,0,0
9870,4.1268,0.4893,410,723,0,0,1,0,0,0,0,0
9871,4.2707,0.4814,410,723,0,0,1,0,0,0,0,0
9872,4.2278,0.6771,410,723,0,0,1,0,0,0,0,0
9873,4.0325,0.7665,410,723,0,0,1,0,0,0,0,0
9874,4.1704,0.6705,410,723,0,0,1,0,0,0,0,0
9875,4.0987,0.5833,409,723,0,0,1,0,0,0,0,0
9876,4.149,0.526,408,723,0,0,1,0,0,0,0,0
9877,4.1629,0.8948,407,723,0,0,1,0,0,0,0,0
9878,4.1456,0.5609,407,723,0,0,1,0,0,0,0,0
9879,4.4038,1.1051,405,723,0,0,1,0,0,0,0,0
9880,4.1797,0.3246,404,723,0,0,1,0,0,0,0,0
9881,3.9755,0.442,404,723,0,0,1,0,0,0,0,0
9882,4.0841,0.3103,404,723,0,0,1,0,0,0,0,0
9883,4.2156,0.3616,404,723,0,0,1,0,0,0,0,0
9884,4.5247,0.647,404,723,0,0,1,0,0,0,0,0
9885,3.7889,0.4411,404,723,0,0,1,0,0,0,0,0
9886,4.14,0.5306,404,723,0,0,1,0,0,0,0,0
9887,4.2981,0.5084,404,723,0,0,1,0,0,0,0,0
9888,4.0521,0.4597,404,723,0,0,1,0,0,0,0,0
9889,4.2373,0.4621,404,723,0,0,1,0,0,0,0,0
9890,4.1985,0.5336,404,723,0,0,1,0,0,0,0,0
9891,4.1855,0.6506,403,723,0,0,1,0,0,0,0,0
9892,4.1146,0.4968,401,723,0,0,1,0,0,0,0,0
9893,4.1843,0.6073,399,723,0,0,1,0,0,0,0,0
9894,4.138,0.4803,399,723,0,0,1,0,0,0,0,0
9895,4.1719,0.4312,399,723,0,0,1,0,0,0,0,0
9896,4.1218,0.6718,399,723,0,0,1,0,0,0,0,0
9897,4.2237,0.7708,399,723,0,0,1,0,0,0,0,0
9898,4.2495,0.493,398,723,0,0,1,0,0,0,0,0
9899,4.1115,0.6656,395,723,0,0,1,0,0,0,0,0
9900,4.1074,0.4349,395,723,0,0,1,0,0,0,0,0
9901,4.5518,0.4336,395,723,0,0,1,0,0,0,0,0
9902,3.8502,0.4811,394,723,0,0,1,0,0,0,0,0
9903,4.1356,1.2196,394,723,0,0,1,0,0,0,0,0
9904,4.1791,0.6564,393,723,0,0,1,0,0,0,0,0
9905,4.1802,0.4183,392,723,0,0,1,0,0,0,0,0
9906,4.0435,0.3572,390,723,0,0,1,0,0,0,0,0
9907,4.2985,0.4619,389,723,0,0,1,0,0,0,0,0
9908,4.149,0.5121,387,723,0,0,1,0,0,0,0,0
9909,4.1926,0.3823,387,723,0,0,1,0,0,0,0,0
9910,4.276,0.7137,387,723,0,0,1,0,0,0,0,0
9911,3.9929,0.451,387,723,0,0,1,0,0,0,0,0
9912,4.2033,0.7095,387,723,0,0,1,0,0,0,0,0
9913,4.2138,0.4967,386,723,0,0,1,0,0,0,0,0
9914,4.1136,0.5252,384,723,0,0,1,0,0,0,0,0
9915,4.1194,0.4415,383,723,0,0,1,0,0,0,0,0
9916,4.329,0.6787,383,723,0,0,1,0,0,0,0,0
9917,4.0536,0.662,381,723,0,0,1,0,0,0,0,0
9918,4.1609,0.4839,380,723,0,0,1,0,0,0,0,0
9919,4.1316,0.4467,372,723,0,0,1,0,0,0,0,0
9920,4.1739,0.4607,372,723,0,0,1,0,0,0,0,0
9921,4.2774,0.6546,372,723,0,0,1,0,0,0,0,0
9922,4.0478,0.446,372,723,0,0,1,0,0,0,0,0
9923,4.215,0.5216,372,723,0,0,1,0,0,0,0,0
9924,4.1181,0.4672,422,723,0,0,1,0,0,50,10479,0.007
9925,4.1129,0.4602,422,723,0,0,1,0,0,0,0,0
9926,4.2233,0.4666,422,723,0,0,1,0,0,0,0,0
9927,4.2145,0.6383,421,723,0,0,1,0,0,0,0,0
9928,4.1048,0.4336,421,723,0,0,1,0,0,0,0,0
9929,4.3652,0.7239,421,723,0,0,1,0,0,0,0,0
9930,3.9875,0.5032,421,723,0,0,1,0,0,0,0,0
9931,4.1566,0.5381,420,723,0,0,1,0,0,0,0,0
9932,4.2051,0.5166,419,723,0,0,1,0,0,0,0,0
9933,4.1671,0.5007,419,723,0,0,1,0,0,0,0,0
9934,4.2334,0.6507,419,723,0,0,1,0,0,0,0,0
9935,4.1153,0.7161,418,723,0,0,1,0,0,0,0,0
9936,4.1085,0.4747,418,723,0,0,1,0,0,0,0,0
9937,4.2476,0.5073,417,723,0,0,1,0,0,0,0,0
9938,4.1512,0.5833,417,723,0,0,1,0,0,0,0,0
9939,4.158,0.6486,417,723,0,0,1,0,0,0,0,0
9940,4.1901,0.4382,416,723,0,0,1,0,0,0,0,0
9941,4.1959,0.7741,415,723,0,0,1,0,0,0,0,0
9942,4.1117,0.5532,415,723,0,0,1,0,0,0,0,0
9943,4.1227,0.495,413,723,0,0,1,0,0,0,0,0
9944,4.1507,0.6791,412,723,0,0,1,0,0,0,0,0
9945,4.2505,0.5851,412,723,0,0,1,0,0,0,0,0
9946,4.141,0.7024,411,723,0,0,1,0,0,0,0,0
9947,4.3125,0.6705,410,723,0,0,1,0,0,0,0,0
9948,3.9532,0.4581,410,723,0,0,1,0,0,0,0,0
9949,4.1597,0.6251,410,723,0,0,1,0,0,0,0,0
9950,4.2049,0.5433,410,723,0,0,1,0,0,0,0,0
9951,4.1708,0.4944,409,723,0,0,1,0,0,0,0,0
9952,4.1321,0.4737,409,723,0,0,1,0,0,0,0,0
9953,4.1953,0.63,408,723,0,0,1,0,0,0,0,0
9954,4.1476,0.4474,408,723,0,0,1,0,0,0,0,0
9955,4.184,0.4471,407,723,0,0,1,0,0,0,0,0
9956,4.2258,0.5166,407,723,0,0,1,0,0,0,0,0
9957,4.1671,0.4721,407,723,0,0,1,0,0,0,0,0
9958,4.1638,0.6511,405,723,0,0,1,0,0,0,0,0
9959,4.1864,0.4479,404,723,0,0,1,0,0,0,0,0
9960,4.1318,0.7157,403,723,0,0,1,0,0,0,0,0
9961,4.1491,0.5748,403,723,0,0,1,0,0,0,0,0
9962,4.178,0.5425,403,723,0,0,1,0,0,0,0,0
9963,4.122,0.4951,403,723,0,0,1,0,0,0,0,0
9964,4.1668,0.4956,403,723,0,0,1,0,0,0,0,0
9965,4.2538,0.8313,402,723,0,0,1,0,0,0,0,0
9966,4.0644,0.7193,402,723,0,0,1,0,0,0,0,0
9967,4.1896,0.521,401,723,0,0,1,0,0,0,0,0
9968,4.222,0.6022,401,723,0,0,1,0,0,0,0,0
9969,4.1357,0.6585,399,723,0,0,1,0,0,0,0,0
9970,4.2147,0.5672,398,723,0,0,1,0,0,0,0,0
9971,4.1445,0.5442,397,723,0,0,1,0,0,0,0,0
9972,4.1153,0.4763,394,723,0,0,1,0,0,0,0,0
9973,4.3704,0.4835,394,723,0,0,1,0,0,0,0,0
9974,3.9747,0.8944,394,723,0,0,1,0,0,0,0,0
9975,4.2181,0.5134,394,723,0,0,1,0,0,0,0,0
9976,4.0943,0.496,392,723,0,0,1,0,0,0,0,0
9977,4.2157,0.446,392,723,0,0,1,0,0,0,0,0
9978,4.1257,0.4681,392,723,0,0,1,0,0,0,0,0
9979,4.1448,0.4421,391,723,0,0,1,0,0,0,0,0
9980,4.1916,0.754,391,723,0,0,1,0,0,0,0,0
9981,4.2024,0.5128,390,723,0,0,1,0,0,0,0,0
9982,4.2082,0.4929,390,723,0,0,1,0,0,0,0,0
9983,4.1138,0.4852,387,723,0,0,1,0,0,0,0,0
9984,4.1106,0.486,386,723,0,0,1,0,0,0,0,0
9985,4.2014,0.6296,379,723,0,0,1,0,0,0,0,0
9986,4.2248,0.5291,378,723,0,0,1,0,0,0,0,0
9987,4.1664,0.5335,378,723,0,0,1,0,0,0,0,0
9988,4.128,0.5163,377,723,0,0,1,0,0,0,0,0
9989,4.5265,0.6011,376,723,0,0,1,0,0,0,0,0
9990,3.83,0.6288,375,723,0,0,1,0,0,0,0,0
9991,4.1086,0.5078,425,723,0,0,1,0,0,50,12675,0.008
9992,4.1987,0.5233,424,723,0,0,1,0,0,0,0,0
9993,4.308,0.6449,424,723,0,0,1,0,0,0,0,0
9994,4.0913,0.6159,423,723,0,0,1,0,0,0,0,0
9995,4.1061,0.9124,423,723,0,0,1,0,0,0,0,0
9996,4.1748,1.0638,422,723,0,0,1,0,0,0,0,0
9997,4.1971,0.4402,422,723,0,0,1,0,0,0,0,0
9998,4.2069,0.4978,422,723,0,0,1,0,0,0,0,0
9999,4.328,0.584,422,723,0,0,1,0,0,0,0,0
10000,3.9659,0.6085,421,723,0,0,1,0,0,0,0,0
10001,4.1851,0.6687,420,723,0,0,1,0,0,0,0,0
10002,4.0551,0.5732,420,723,0,0,1,0,0,0,0,0
10003,4.1718,0.4778,420,723,0,0,1,0,0,0,0,0
10004,4.2827,0.8798,420,723,0,0,1,0,0,0,0,0
10005,4.1753,0.5393,420,723,0,0,1,0,0,0,0,0
10006,4.1336,0.5344,420,723,0,0,1,0,0,0,0,0
10007,4.1888,0.5407,419,723,0,0,1,0,0,0,0,0
10008,4.1257,0.4768,419,723,0,0,1,0,0,0,0,0
10009,4.1903,0.4698,416,723,0,0,1,0,0,0,0,0
10010,4.1696,0.4462,416,723,0,0,1,0,0,0,0,0
10011,4.2948,0.7325,415,723,0,0,1,0,0,0,0,0
10012,3.9799,0.4824,415,723,0,0,1,0,0,0,0,0
10013,4.2513,0.5878,414,723,0,0,1,0,0,0,0,0
10014,4.1453,0.733,413,723,0,0,1,0,0,0,0,0
10015,4.1075,0.5329,412,723,0,0,1,0,0,0,0,0
10016,4.2633,0.8285,412,723,0,0,1,0,0,0,0,0
10017,4.1362,0.4726,411,723,0,0,1,0,0,0,0,0
10018,4.1467,0.5369,411,723,0,0,1,0,0,0,0,0
10019,4.2214,0.5137,411,723,0,0,1,0,0,0,0,0
10020,4.0567,0.4749,410,723,0,0,1,0,0,0,0,0
10021,4.1397,0.4611,410,723,0,0,1,0,0,0,0,0
10022,4.2691,0.5183,409,723,0,0,1,0,0,0,0,0
10023,4.1541,0.4566,407,723,0,0,1,0,0,0,0,0
10024,4.1344,0.5347,406,723,0,0,1,0,0,0,0,0
10025,4.3008,0.5934,406,723,0,0,1,0,0,0,0,0
10026,3.9818,0.4413,405,723,0,0,1,0,0,0,0,0
10027,4.2208,0.4525,405,723,0,0,1,0,0,0,0,0
10028,4.1608,0.5789,404,723,0,0,1,0,0,0,0,0
10029,4.2621,0.7555,402,723,0,0,1,0,0,0,0,0
10030,4.1921,0.5504,402,723,0,0,1,0,0,0,0,0
10031,4.0966,0.564,401,723,0,0,1,0,0,0,0,0
10032,4.1713,0.7328,400,723,0,0,1,0,0,0,0,0
10033,4.168,0.5397,400,723,0,0,1,0,0,0,0,0
10034,4.1794,0.5896,400,723,0,0,1,0,0,0,0,0
10035,4.102,0.8184,400,723,0,0,1,0,0,0,0,0
10036,4.1465,0.6077,398,723,0,0,1,0,0,0,0,0
10037,4.2486,0.5341,396,723,0,0,1,0,0,0,0,0
10038,4.106,0.8702,395,723,0,0,1,0,0,0,0,0
10039,4.1454,0.6824,393,723,0,0,1,0,0,0,0,0
10040,4.1503,0.5179,392,723,0,0,1,0,0,0,0,0
10041,4.2574,0.4519,392,723,0,0,1,0,0,0,0,0
10042,4.0777,0.4798,392,723,0,0,1,0,0,0,0,0
10043,4.1764,0.5257,392,723,0,0,1,0,0,0,0,0
10044,4.1738,0.4676,390,723,0,0,1,0,0,0,0,0
10045,4.2271,0.4827,390,723,0,0,1,0,0,0,0,0
10046,4.1096,0.4897,389,723,0,0,1,0,0,0,0,0
10047,4.2114,0.6293,389,723,0,0,1,0,0,0,0,0
10048,4.1429,0.4463,389,723,0,0,1,0,0,0,0,0
10049,4.1605,0.9537,388,723,0,0,1,0,0,0,0,0
10050,4.1838,0.477,387,723,0,0,1,0,0,0,0,0
10051,4.2515,0.4417,387,723,0,0,1,0,0,0,0,0
10052,4.078,0.4725,387,723,0,0,1,0,0,0,0,0
10053,4.2244,0.4573,379,723,0,0,1,0,0,0,0,0
10054,4.1602,0.6342,377,723,0,0,1,0,0,0,0,0
10055,4.1134,0.4784,377,723,0,0,1,0,0,0,0,0
10056,4.1378,0.4524,376,723,0,0,1,0,0,0,0,0
10057,4.2415,0.4764,375,723,0,0,1,0,0,0,0,0
10058,4.1001,0.5034,424,723,0,0,1,0,0,50,10700,0.0083
10059,4.1731,0.5857,424,723,0,0,1,0,0,0,0,0
10060,4.184,0.438,424,723,0,0,1,0,0,0,0,0
10061,4.19,0.7284,423,723,0,0,1,0,0,0,0,0
10062,4.1223,0.5182,423,723,0,0,1,0,0,0,0,0
10063,4.1384,0.5048,423,723,0,0,1,0,0,0,0,0
10064,4.2122,0.7878,422,723,0,0,1,0,0,0,0,0
10065,4.267,0.4827,419,723,0,0,1,0,0,0,0,0
10066,4.0418,0.4575,419,723,0,0,1,0,0,0,0,0
10067,4.3003,0.6863,418,723,0,0,1,0,0,0,0,0
10068,4.0353,0.4758,418,723,0,0,1,0,0,0,0,0
10069,4.1544,0.4603,418,723,0,0,1,0,0,0,0,0
10070,4.1836,0.749,417,723,0,0,1,0,0,0,0,0
10071,4.2076,0.7213,417,723,0,0,1,0,0,0,0,0
10072,4.1871,0.4675,416,723,0,0,1,0,0,0,0,0
10073,4.225,0.7478,416,723,0,0,1,0,0,0,0,0
10074,4.0337,0.5107,415,723,0,0,1,0,0,0,0,0
10075,4.1447,0.4996,414,723,0,0,1,0,0,0,0,0
10076,4.2798,0.8242,414,723,0,0,1,0,0,0,0,0
10077,4.1494,0.4914,412,723,0,0,1,0,0,0,0,0
10078,4.1366,0.539,412,723,0,0,1,0,0,0,0,0
10079,4.1843,0.702,412,723,0,0,1,0,0,0,0,0
10080,4.3413,0.7531,412,723,0,0,1,0,0,0,0,0
10081,3.9171,0.7811,411,723,0,0,1,0,0,0,0,0
10082,4.2251,0.4399,411,723,0,0,1,0,0,0,0,0
10083,4.134,0.4626,409,723,0,0,1,0,0,0,0,0
10084,4.1915,0.4546,409,723,0,0,1,0,0,0,0,0
10085,4.2046,0.7662,409,723,0,0,1,0,0,0,0,0
10086,4.2615,0.6756,409,723,0,0,1,0,0,0,0,0
10087,4.0222,0.5898,408,723,0,0,1,0,0,0,0,0
10088,4.3164,0.5152,405,723,0,0,1,0,0,0,0,0
10089,4.0397,0.5435,405,723,0,0,1,0,0,0,0,0
10090,4.1352,0.4843,405,723,0,0,1,0,0,0,0,0
10091,4.1752,0.4685,404,723,0,0,1,0,0,0,0,0
10092,4.1547,0.47,404,723,0,0,1,0,0,0,0,0
10093,4.343,0.4669,404,723,0,0,1,0,0,0,0,0
10094,4.0599,0.5061,402,723,0,0,1,0,0,0,0,0
10095,4.1311,0.5347,401,723,0,0,1,0,0,0,0,0
10096,4.1536,0.5071,401,723,0,0,1,0,0,0,0,0
10097,4.332,0.6445,400,723,0,0,1,0,0,0,0,0
10098,4.035,0.6566,400,723,0,0,1,0,0,0,0,0
10099,4.1143,0.4481,397,723,0,0,1,0,0,0,0,0
10100,4.1981,0.4901,396,723,0,0,1,0,0,0,0,0
10101,4.2048,0.5161,395,723,0,0,1,0,0,0,0,0
10102,4.1533,0.4884,393,723,0,0,1,0,0,0,0,0
10103,4.134,0.639,393,723,0,0,1,0,0,0,0,0
10104,4.1783,0.4865,392,723,0,0,1,0,0,0,0,0
10105,4.3458,0.4362,391,723,0,0,1,0,0,0,0,0
10106,3.9831,0.4684,390,723,0,0,1,0,0,0,0,0
10107,4.362,0.4915,390,723,0,0,1,0,0,0,0,0
10108,3.9152,0.5015,390,723,0,0,1,0,0,0,0,0
10109,4.269,0.4532,388,723,0,0,1,0,0,0,0,0
10110,4.13,0.8263,388,723,0,0,1,0,0,0,0,0
10111,4.1074,0.4297,387,723,0,0,1,0,0,0,0,0
10112,4.19,0.8207,387,723,0,0,1,0,0,0,0,0
10113,4.1448,0.4588,386,723,0,0,1,0,0,0,0,0
10114,4.2201,0.4637,386,723,0,0,1,0,0,0,0,0
10115,4.1883,0.5693,385,723,0,0,1,0,0,0,0,0
10116,4.1186,0.9258,384,723,0,0,1,0,0,0,0,0
10117,4.1993,0.9194,384,723,0,0,1,0,0,0,0,0
10118,4.1641,1.6216,383,723,0,0,1,0,0,0,0,0
10119,4.7151,0.4054,382,723,0,0,1,0,0,0,0,0
10120,3.7829,0.3855,375,723,0,0,1,0,0,0,0,0
10121,4.005,0.3974,374,723,0,0,1,0,0,0,0,0
10122,4.1313,0.5923,373,723,0,0,1,0,0,0,0,0
10123,4.1778,0.3532,373,723,0,0,1,0,0,0,0,0
10124,4.1709,0.3572,372,723,0,0,1,0,0,0,0,0
10125,4.2284,0.3994,370,723,0,0,1,0,0,0,0,0
10126,4.2109,0.6217,420,723,0,0,1,0,0,50,11529,0.0147
10127,4.1705,0.5339,420,723,0,0,1,0,0,0,0,0
10128,4.0442,0.6121,420,723,0,0,1,0,0,0,0,0
10129,4.1632,0.5337,420,723,0,0,1,0,0,0,0,0
10130,4.2461,0.5624,420,723,0,0,1,0,0,0,0,0
10131,4.1258,0.4774,420,723,0,0,1,0,0,0,0,0
10132,4.1918,0.5465,419,723,0,0,1,0,0,0,0,0
10133,4.1338,3.5023,418,723,0,0,1,0,0,0,0,0
10134,4.155,0.3503,418,723,0,0,1,0,0,0,0,0
10135,4.288,0.3688,417,723,0,0,1,0,0,0,0,0
10136,4.099,0.6499,417,723,0,0,1,0,0,0,0,0
10137,4.2247,0.4353,417,723,0,0,1,0,0,0,0,0
10138,4.0829,0.7141,416,723,0,0,1,0,0,0,0,0
10139,4.1728,0.6151,415,723,0,0,1,0,0,0,0,0
10140,4.1243,0.4904,414,723,0,0,1,0,0,0,0,0
10141,4.4868,0.3752,413,723,0,0,1,0,0,0,0,0
10142,3.8768,0.4753,412,723,0,0,1,0,0,0,0,0
10143,4.2538,0.5241,412,723,0,0,1,0,0,0,0,0
10144,4.0745,0.5286,412,723,0,0,1,0,0,0,0,0
10145,4.2071,0.5325,410,723,0,0,1,0,0,0,0,0
10146,4.078,0.4586,410,723,0,0,1,0,0,0,0,0
10147,4.2023,0.4675,407,723,0,0,1,0,0,0,0,0
10148,4.1796,0.6096,407,723,0,0,1,0,0,0,0,0
10149,4.3365,0.7084,407,723,0,0,1,0,0,0,0,0
10150,3.9905,0.4383,407,723,0,0,1,0,0,0,0,0
10151,4.1701,0.4821,407,723,0,0,1,0,0,0,0,0
10152,4.1979,0.5933,407,723,0,0,1,0,0,0,0,0
10153,4.1018,0.569,406,723,0,0,1,0,0,0,0,0
10154,4.2433,0.5273,406,723,0,0,1,0,0,0,0,0
10155,4.1614,0.6856,405,723,0,0,1,0,0,0,0,0
10156,4.1706,0.575,405,723,0,0,1,0,0,0,0,0
10157,4.4945,0.6435,405,723,0,0,1,0,0,0,0,0
10158,3.8574,0.5901,404,723,0,0,1,0,0,0,0,0
10159,4.0648,0.4571,404,723,0,0,1,0,0,0,0,0
10160,4.1511,0.4544,404,723,0,0,1,0,0,0,0,0
10161,4.2849,0.5162,404,723,0,0,1,0,0,0,0,0
10162,4.2851,0.7301,403,723,0,0,1,0,0,0,0,0
10163,4.2035,0.9222,403,723,0,0,1,0,0,0,0,0
10164,3.907,0.4677,403,723,0,0,1,0,0,0,0,0
10165,4.1617,0.4458,402,723,0,0,1,0,0,0,0,0
10166,4.2559,0.561,401,723,0,0,1,0,0,0,0,0
10167,4.1851,0.6918,400,723,0,0,1,0,0,0,0,0
10168,4.2206,0.67,400,723,0,0,1,0,0,0,0,0
10169,4.2648,0.584,399,723,0,0,1,0,0,0,0,0
10170,3.9225,0.4579,398,723,0,0,1,0,0,0,0,0
10171,4.1695,0.4207,397,723,0,0,1,0,0,0,0,0
10172,4.2279,0.449,396,723,0,0,1,0,0,0,0,0
10173,4.168,0.4551,394,723,0,0,1,0,0,0,0,0
10174,4.414,0.6547,391,723,0,0,1,0,0,0,0,0
10175,3.9403,0.5364,389,723,0,0,1,0,0,0,0,0
10176,4.1447,0.4688,388,723,0,0,1,0,0,0,0,0
10177,4.0874,0.4573,388,723,0,0,1,0,0,0,0,0
10178,4.2052,0.4768,388,723,0,0,1,0,0,0,0,0
10179,4.4921,0.4804,388,723,0,0,1,0,0,0,0,0
10180,3.8957,0.6679,388,723,0,0,1,0,0,0,0,0
10181,4.1721,0.7435,387,723,0,0,1,0,0,0,0,0
10182,4.1012,0.5438,385,723,0,0,1,0,0,0,0,0
10183,4.1379,0.4689,385,723,0,0,1,0,0,0,0,0
10184,4.2422,0.5389,384,723,0,0,1,0,0,0,0,0
10185,4.133,0.516,384,723,0,0,1,0,0,0,0,0
10186,4.2564,0.7983,384,723,0,0,1,0,0,0,0,0
10187,4.1981,0.5598,375,723,0,0,1,0,0,0,0,0
10188,4.037,0.4883,375,723,0,0,1,0,0,0,0,0
10189,4.0883,0.4853,375,723,0,0,1,0,0,0,0,0
10190,4.2537,0.4761,374,723,0,0,1,0,0,0,0,0
10191,4.1517,0.4716,374,723,0,0,1,0,0,0,0,0
10192,4.2454,0.4744,373,723,0,0,1,0,0,0,0,0
10193,4.2528,0.715,422,723,0,0,1,0,0,50,13862,0.0083
10194,3.9468,0.5324,421,723,0,0,1,0,0,0,0,0
10195,4.2395,0.5267,421,723,0,0,1,0,0,0,0,0
10196,4.4757,0.599,419,723,0,0,1,0,0,0,0,0
10197,3.8296,0.4616,418,723,0,0,1,0,0,0,0,0
10198,4.1987,0.893,418,723,0,0,1,0,0,0,0,0
10199,4.4978,0.6756,418,723,0,0,1,0,0,0,0,0
10200,3.7918,0.4438,418,723,0,0,1,0,0,0,0,0
10201,4.1508,0.6474,416,723,0,0,1,0,0,0,0,0
10202,4.1911,0.4977,416,723,0,0,1,0,0,0,0,0
10203,4.5035,0.7194,416,723,0,0,1,0,0,0,0,0
10204,4.048,0.4703,416,723,0,0,1,0,0,0,0,0
10205,4.1518,0.7692,415,723,0,0,1,0,0,0,0,0
10206,4.13,0.7412,414,723,0,0,1,0,0,0,0,0
10207,3.9987,0.5164,413,723,0,0,1,0,0,0,0,0
10208,4.2508,0.6414,413,723,0,0,1,0,0,0,0,0
10209,4.1292,0.6208,412,723,0,0,1,0,0,0,0,0
10210,4.3794,0.4614,411,723,0,0,1,0,0,0,0,0
10211,4.1771,0.7942,411,723,0,0,1,0,0,0,0,0
10212,3.9863,0.6326,410,723,0,0,1,0,0,0,0,0
10213,4.1256,0.4491,410,723,0,0,1,0,0,0,0,0
10214,4.1663,0.5906,410,723,0,0,1,0,0,0,0,0
10215,4.5563,0.6953,409,723,0,0,1,0,0,0,0,0
10216,3.9705,0.4313,409,723,0,0,1,0,0,0,0,0
10217,4.0023,0.4346,409,723,0,0,1,0,0,0,0,0
10218,4.091,0.4425,409,723,0,0,1,0,0,0,0,0
10219,4.2107,0.4653,409,723,0,0,1,0,0,0,0,0
10220,4.4757,0.7553,409,723,0,0,1,0,0,0,0,0
10221,3.8902,0.5095,409,723,0,0,1,0,0,0,0,0
10222,4.1486,0.7676,408,723,0,0,1,0,0,0,0,0
10223,4.35,0.7485,407,723,0,0,1,0,0,0,0,0
10224,4.0057,0.8603,406,723,0,0,1,0,0,0,0,0
10225,4.5405,0.6719,406,723,0,0,1,0,0,0,0,0
10226,3.756,0.5012,405,723,0,0,1,0,0,0,0,0
10227,4.5721,0.6386,405,723,0,0,1,0,0,0,0,0
10228,4.1362,0.4628,405,723,0,0,1,0,0,0,0,0
10229,3.8084,0.4472,405,723,0,0,1,0,0,0,0,0
10230,4.2951,0.6898,403,723,0,0,1,0,0,0,0,0
10231,4.0028,0.4553,402,723,0,0,1,0,0,0,0,0
10232,4.2079,0.4491,402,723,0,0,1,0,0,0,0,0
10233,4.1495,0.4637,402,723,0,0,1,0,0,0,0,0
10234,4.1932,0.5603,400,723,0,0,1,0,0,0,0,0
10235,4.3809,0.6187,400,723,0,0,1,0,0,0,0,0
10236,3.9229,0.4279,398,723,0,0,1,0,0,0,0,0
10237,4.1619,0.4221,398,723,0,0,1,0,0,0,0,0
10238,4.168,0.4303,397,723,0,0,1,0,0,0,0,0
10239,4.5032,0.648,395,723,0,0,1,0,0,0,0,0
10240,4.1402,0.6371,395,723,0,0,1,0,0,0,0,0
10241,4.1694,0.4096,395,723,0,0,1,0,0,0,0,0
10242,3.7987,0.6021,395,723,0,0,1,0,0,0,0,0
10243,4.2021,0.7093,394,723,0,0,1,0,0,0,0,0
10244,4.2169,0.5281,393,723,0,0,1,0,0,0,0,0
10245,4.1401,0.5273,392,723,0,0,1,0,0,0,0,0
10246,4.4175,0.6299,391,723,0,0,1,0,0,0,0,0
10247,3.9785,0.4823,390,723,0,0,1,0,0,0,0,0
10248,4.0517,0.5539,389,723,0,0,1,0,0,0,0,0
10249,4.3185,0.6614,388,723,0,0,1,0,0,0,0,0
10250,4.1107,0.5264,387,723,0,0,1,0,0,0,0,0
10251,4.4888,0.5056,386,723,0,0,1,0,0,0,0,0
10252,3.8542,0.5116,386,723,0,0,1,0,0,0,0,0
10253,4.1869,0.518,385,723,0,0,1,0,0,0,0,0
10254,4.103,0.5345,378,723,0,0,1,0,0,0,0,0
10255,4.1495,0.4443,378,723,0,0,1,0,0,0,0,0
10256,4.3831,0.408,378,723,0,0,1,0,0,0,0,0
10257,3.9611,0.4913,377,723,0,0,1,0,0,0,0,0
10258,4.2451,0.4732,376,723,0,0,1,0,0,0,0,0
10259,4.0708,0.4595,375,723,0,0,1,0,0,0,0,0
10260,4.1474,0.5333,423,723,0,0,1,0,0,50,13851,0.0086
10261,4.1469,0.4422,423,723,0,0,1,0,0,0,0,0
10262,4.2588,0.5189,423,723,0,0,1,0,0,0,0,0
10263,4.3373,0.74,423,723,0,0,1,0,0,0,0,0
10264,4.0076,0.617,423,723,0,0,1,0,0,0,0,0
10265,4.1905,0.5312,423,723,0,0,1,0,0,0,0,0
10266,4.0556,0.4707,422,723,0,0,1,0,0,0,0,0
10267,4.1762,0.4828,421,723,0,0,1,0,0,0,0,0
10268,4.4574,0.6592,420,723,0,0,1,0,0,0,0,0
10269,3.9645,0.5184,419,723,0,0,1,0,0,0,0,0
10270,4.1589,0.5174,419,723,0,0,1,0,0,0,0,0
10271,4.1371,0.4902,418,723,0,0,1,0,0,0,0,0
10272,4.1939,0.541,417,723,0,0,1,0,0,0,0,0
10273,4.1145,0.4487,417,723,0,0,1,0,0,0,0,0
10274,4.2404,0.4667,417,723,0,0,1,0,0,0,0,0
10275,4.4894,0.5149,417,723,0,0,1,0,0,0,0,0
10276,3.792,0.5574,417,723,0,0,1,0,0,0,0,0
10277,4.2367,0.5744,417,723,0,0,1,0,0,0,0,0
10278,4.0917,0.5276,417,723,0,0,1,0,0,0,0,0
10279,4.1185,0.6997,416,723,0,0,1,0,0,0,0,0
10280,4.2891,0.7919,415,723,0,0,1,0,0,0,0,0
10281,4.2134,0.7376,415,723,0,0,1,0,0,0,0,0
10282,4.0895,0.5142,415,723,0,0,1,0,0,0,0,0
10283,4.1615,0.5039,413,723,0,0,1,0,0,0,0,0
10284,4.101,0.4402,412,723,0,0,1,0,0,0,0,0
10285,4.1483,0.4481,412,723,0,0,1,0,0,0,0,0
10286,4.432,0.4615,410,723,0,0,1,0,0,0,0,0
10287,4.0092,0.7428,410,723,0,0,1,0,0,0,0,0
10288,4.1494,0.5215,410,723,0,0,1,0,0,0,0,0
10289,4.1798,0.5086,410,723,0,0,1,0,0,0,0,0
10290,4.0906,0.5559,407,723,0,0,1,0,0,0,0,0
10291,4.1447,0.4518,407,723,0,0,1,0,0,0,0,0
10292,4.2584,0.6758,407,723,0,0,1,0,0,0,0,0
10293,4.0937,0.5058,407,723,0,0,1,0,0,0,0,0
10294,4.2327,0.5956,406,723,0,0,1,0,0,0,0,0
10295,4.1757,0.8345,406,723,0,0,1,0,0,0,0,0
10296,4.1064,0.5134,405,723,0,0,1,0,0,0,0,0
10297,4.1534,0.5042,405,723,0,0,1,0,0,0,0,0
10298,4.197,0.4747,404,723,0,0,1,0,0,0,0,0
10299,4.2142,0.4875,404,723,0,0,1,0,0,0,0,0
10300,4.1391,0.4572,404,723,0,0,1,0,0,0,0,0
10301,4.3334,0.6135,401,723,0,0,1,0,0,0,0,0
10302,3.9596,0.537,401,723,0,0,1,0,0,0,0,0
10303,4.1689,0.4597,401,723,0,0,1,0,0,0,0,0
10304,4.2328,0.4801,400,723,0,0,1,0,0,0,0,0
10305,4.123,0.4676,398,723,0,0,1,0,0,0,0,0
10306,4.4465,0.6593,396,723,0,0,1,0,0,0,0,0
10307,3.9373,0.52,396,723,0,0,1,0,0,0,0,0
10308,4.0991,0.4646,396,723,0,0,1,0,0,0,0,0
10309,4.2089,0.5072,396,723,0,0,1,0,0,0,0,0
10310,4.1955,0.5963,396,723,0,0,1,0,0,0,0,0
10311,4.1552,0.4642,395,723,0,0,1,0,0,0,0,0
10312,4.1658,0.6369,395,723,0,0,1,0,0,0,0,0
10313,4.152,0.4951,395,723,0,0,1,0,0,0,0,0
10314,4.1128,0.4506,395,723,0,0,1,0,0,0,0,0
10315,4.1693,0.4436,395,723,0,0,1,0,0,0,0,0
10316,4.1934,0.4763,393,723,0,0,1,0,0,0,0,0
10317,4.1697,0.4482,393,723,0,0,1,0,0,0,0,0
10318,4.2238,0.8078,392,723,0,0,1,0,0,0,0,0
10319,4.09,0.7902,392,723,0,0,1,0,0,0,0,0
10320,4.4559,0.5157,392,723,0,0,1,0,0,0,0,0
10321,3.9599,0.4874,384,723,0,0,1,0,0,0,0,0
10322,4.124,0.4312,383,723,0,0,1,0,0,0,0,0
10323,4.3579,0.4207,383,723,0,0,1,0,0,0,0,0
10324,3.9838,0.4561,382,723,0,0,1,0,0,0,0,0
10325,4.3548,0.6501,381,723,0,0,1,0,0,0,0,0
10326,3.9791,0.4818,381,723,0,0,1,0,0,0,0,0
10327,4.1161,0.4789,431,723,0,0,1,0,0,50,14530,0.009
10328,4.1884,0.512,431,723,0,0,1,0,0,0,0,0
10329,4.2264,0.5064,430,723,0,0,1,0,0,0,0,0
10330,4.1506,0.7648,430,723,0,0,1,0,0,0,0,0
10331,4.2078,0.7226,429,723,0,0,1,0,0,0,0,0
10332,4.0608,0.5712,429,723,0,0,1,0,0,0,0,0
10333,4.2102,0.4796,428,723,0,0,1,0,0,0,0,0
10334,4.1276,0.4559,426,723,0,0,1,0,0,0,0,0
10335,4.2086,0.5002,424,723,0,0,1,0,0,0,0,0
10336,4.1984,0.471,421,723,0,0,1,0,0,0,0,0
10337,4.1813,0.7912,420,723,0,0,1,0,0,0,0,0
10338,4.0979,0.5026,420,723,0,0,1,0,0,0,0,0
10339,4.1171,0.4297,419,723,0,0,1,0,0,0,0,0
10340,4.518,0.7473,419,723,0,0,1,0,0,0,0,0
10341,3.9829,0.6005,418,723,0,0,1,0,0,0,0,0
10342,4.2453,0.52,417,723,0,0,1,0,0,0,0,0
10343,3.9756,0.7795,417,723,0,0,1,0,0,0,0,0
10344,4.1489,0.489,417,723,0,0,1,0,0,0,0,0
10345,4.556,0.8142,417,723,0,0,1,0,0,0,0,0
10346,3.7831,0.806,417,723,0,0,1,0,0,0,0,0
10347,4.2623,0.5941,417,723,0,0,1,0,0,0,0,0
10348,4.1162,0.4861,415,723,0,0,1,0,0,0,0,0
10349,4.2366,0.4561,413,723,0,0,1,0,0,0,0,0
10350,4.0666,0.6513,413,723,0,0,1,0,0,0,0,0
10351,4.159,0.9008,412,723,0,0,1,0,0,0,0,0
10352,4.2439,0.6893,410,723,0,0,1,0,0,0,0,0
10353,4.1346,0.5713,409,723,0,0,1,0,0,0,0,0
10354,4.1646,0.6477,407,723,0,0,1,0,0,0,0,0
10355,4.1641,0.5312,406,723,0,0,1,0,0,0,0,0
10356,4.1359,0.8518,406,723,0,0,1,0,0,0,0,0
10357,4.1625,0.5201,404,723,0,0,1,0,0,0,0,0
10358,4.1823,0.6137,402,723,0,0,1,0,0,0,0,0
10359,4.1163,0.4755,402,723,0,0,1,0,0,0,0,0
10360,4.4979,0.4563,401,723,0,0,1,0,0,0,0,0
10361,3.8575,0.44,401,723,0,0,1,0,0,0,0,0
10362,4.1725,0.6836,399,723,0,0,1,0,0,0,0,0
10363,4.1564,0.45,399,723,0,0,1,0,0,0,0,0
10364,4.1859,0.493,399,723,0,0,1,0,0,0,0,0
10365,4.2645,0.4909,399,723,0,0,1,0,0,0,0,0
10366,4.1092,0.5073,399,723,0,0,1,0,0,0,0,0
10367,4.226,0.6763,399,723,0,0,1,0,0,0,0,0
10368,4.0396,0.6651,398,723,0,0,1,0,0,0,0,0
10369,4.3564,0.6975,398,723,0,0,1,0,0,0,0,0
10370,4.0076,0.5419,397,723,0,0,1,0,0,0,0,0
10371,4.1362,0.4786,397,723,0,0,1,0,0,0,0,0
10372,4.2274,0.5718,396,723,0,0,1,0,0,0,0,0
10373,4.2102,0.5414,395,723,0,0,1,0,0,0,0,0
10374,4.1165,0.7116,395,723,0,0,1,0,0,0,0,0
10375,4.1232,0.6145,394,723,0,0,1,0,0,0,0,0
10376,4.1851,0.5702,394,723,0,0,1,0,0,0,0,0
10377,4.2593,0.6032,394,723,0,0,1,0,0,0,0,0
10378,4.0839,0.5474,392,723,0,0,1,0,0,0,0,0
10379,4.1932,0.521,392,723,0,0,1,0,0,0,0,0
10380,4.0912,0.5996,392,723,0,0,1,0,0,0,0,0
10381,4.3449,0.7274,392,723,0,0,1,0,0,0,0,0
10382,4.0765,0.4772,391,723,0,0,1,0,0,0,0,0
10383,4.1135,0.5339,391,723,0,0,1,0,0,0,0,0
10384,4.1658,0.5256,391,723,0,0,1,0,0,0,0,0
10385,4.1982,0.4761,390,723,0,0,1,0,0,0,0,0
10386,4.0799,0.5112,390,723,0,0,1,0,0,0,0,0
10387,4.2093,0.4495,390,723,0,0,1,0,0,0,0,0
10388,4.2767,0.6795,390,723,0,0,1,0,0,0,0,0
10389,4.1442,0.4438,382,723,0,0,1,0,0,0,0,0
10390,4.1028,0.457,381,723,0,0,1,0,0,0,0,0
10391,4.2473,0.466,378,723,0,0,1,0,0,0,0,0
10392,4.0876,0.7722,378,723,0,0,1,0,0,0,0,0
10393,4.2553,0.4409,378,723,0,0,1,0,0,0,0,0
10394,4.0684,0.4886,428,723,0,0,1,0,0,50,15363,0.009
10395,4.5749,0.5754,428,723,0,0,1,0,0,0,0,0
10396,3.8139,0.5312,428,723,0,0,1,0,0,0,0,0
10397,4.2033,0.5142,428,723,0,0,1,0,0,0,0,0
10398,4.0636,0.4646,427,723,0,0,1,0,0,0,0,0
10399,4.1679,0.4924,427,723,0,0,1,0,0,0,0,0
10400,4.2819,0.5344,427,723,0,0,1,0,0,0,0,0
10401,4.424,0.5383,427,723,0,0,1,0,0,0,0,0
10402,4.1922,0.6765,427,723,0,0,1,0,0,0,0,0
10403,3.8866,0.669,426,723,0,0,1,0,0,0,0,0
10404,4.0615,0.4756,424,723,0,0,1,0,0,0,0,0
10405,4.152,0.4559,423,723,0,0,1,0,0,0,0,0
10406,4.2457,0.4473,423,723,0,0,1,0,0,0,0,0
10407,4.1997,0.5197,421,723,0,0,1,0,0,0,0,0
10408,4.1741,0.5205,420,723,0,0,1,0,0,0,0,0
10409,4.2545,0.5704,420,723,0,0,1,0,0,0,0,0
10410,3.9573,0.4885,420,723,0,0,1,0,0,0,0,0
10411,4.1752,0.5201,419,723,0,0,1,0,0,0,0,0
10412,4.2539,0.5085,416,723,0,0,1,0,0,0,0,0
10413,4.3013,0.8023,415,723,0,0,1,0,0,0,0,0
10414,4.0286,0.5381,413,723,0,0,1,0,0,0,0,0
10415,4.155,0.5522,413,723,0,0,1,0,0,0,0,0
10416,4.0962,0.4697,412,723,0,0,1,0,0,0,0,0
10417,4.1956,0.4851,411,723,0,0,1,0,0,0,0,0
10418,4.1442,0.4553,410,723,0,0,1,0,0,0,0,0
10419,4.223,0.6749,410,723,0,0,1,0,0,0,0,0
10420,4.1013,0.5442,409,723,0,0,1,0,0,0,0,0
10421,4.2749,0.5003,407,723,0,0,1,0,0,0,0,0
10422,4.0856,0.6238,406,723,0,0,1,0,0,0,0,0
10423,4.136,0.4511,406,723,0,0,1,0,0,0,0,0
10424,4.223,0.6031,406,723,0,0,1,0,0,0,0,0
10425,4.2675,0.4436,405,723,0,0,1,0,0,0,0,0
10426,4.0626,0.4713,405,723,0,0,1,0,0,0,0,0
10427,4.1692,3.9296,405,723,0,0,1,0,0,0,0,0
10428,4.297,0.3547,404,723,0,0,1,0,0,0,0,0
10429,4.3035,0.3851,402,723,0,0,1,0,0,0,0,0
10430,3.8654,0.3847,401,723,0,0,1,0,0,0,0,0
10431,4.3367,0.5789,400,723,0,0,1,0,0,0,0,0
10432,4.015,0.6004,400,723,0,0,1,0,0,0,0,0
10433,4.1998,0.3922,398,723,0,0,1,0,0,0,0,0
10434,4.1032,0.5987,397,723,0,0,1,0,0,0,0,0
10435,4.1743,0.3811,397,723,0,0,1,0,0,0,0,0
10436,4.18,0.4205,395,723,0,0,1,0,0,0,0,0
10437,4.2798,0.6986,393,723,0,0,1,0,0,0,0,0
10438,4.1246,0.6749,393,723,0,0,1,0,0,0,0,0
10439,4.1244,0.6352,392,723,0,0,1,0,0,0,0,0
10440,4.1268,0.6967,392,723,0,0,1,0,0,0,0,0
10441,4.5613,0.5631,391,723,0,0,1,0,0,0,0,0
10442,3.8423,0.6151,391,723,0,0,1,0,0,0,0,0
10443,4.151,0.4671,390,723,0,0,1,0,0,0,0,0
10444,4.1668,0.6802,390,723,0,0,1,0,0,0,0,0
10445,4.3714,0.6311,389,723,0,0,1,0,0,0,0,0
10446,4.1526,0.4562,389,723,0,0,1,0,0,0,0,0
10447,3.919,0.4768,389,723,0,0,1,0,0,0,0,0
10448,4.2029,0.6564,388,723,0,0,1,0,0,0,0,0
10449,4.2068,0.4898,387,723,0,0,1,0,0,0,0,0
10450,4.2515,0.5021,387,723,0,0,1,0,0,0,0,0
10451,4.1879,0.5053,386,723,0,0,1,0,0,0,0,0
10452,3.9748,0.4885,386,723,0,0,1,0,0,0,0,0
10453,4.1926,0.4945,386,723,0,0,1,0,0,0,0,0
10454,4.1453,0.5372,384,723,0,0,1,0,0,0,0,0
10455,4.4747,0.6816,383,723,0,0,1,0,0,0,0,0
10456,3.8622,0.5804,376,723,0,0,1,0,0,0,0,0
10457,4.3935,0.6982,375,723,0,0,1,0,0,0,0,0
10458,3.9697,0.5745,373,723,0,0,1,0,0,0,0,0
10459,4.1581,0.5908,372,723,0,0,1,0,0,0,0,0
10460,4.1597,0.5821,370,723,0,0,1,0,0,0,0,0
10461,4.4791,0.5586,370,723,0,0,1,0,0,0,0,0
10462,3.9158,0.6114,419,723,0,0,1,0,0,50,13872,0.0082
10463,4.1313,0.6786,419,723,0,0,1,0,0,0,0,0
10464,4.1863,0.5605,418,723,0,0,1,0,0,0,0,0
10465,4.1187,0.6441,417,723,0,0,1,0,0,0,0,0
10466,4.1685,0.6165,417,723,0,0,1,0,0,0,0,0
10467,4.4908,0.7527,415,723,0,0,1,0,0,0,0,0
10468,3.832,0.4674,414,723,0,0,1,0,0,0,0,0
10469,4.3024,0.457,412,723,0,0,1,0,0,0,0,0
10470,4.0538,0.7883,410,723,0,0,1,0,0,0,0,0
10471,4.2583,0.6068,409,723,0,0,1,0,0,0,0,0
10472,4.1151,0.4803,409,723,0,0,1,0,0,0,0,0
10473,4.2384,0.5467,408,723,0,0,1,0,0,0,0,0
10474,4.1064,0.563,407,723,0,0,1,0,0,0,0,0
10475,4.2889,0.6845,407,723,0,0,1,0,0,0,0,0
10476,3.9778,0.787,407,723,0,0,1,0,0,0,0,0
10477,4.1351,0.4686,406,723,0,0,1,0,0,0,0,0
10478,4.2277,0.4582,406,723,0,0,1,0,0,0,0,0
10479,4.1928,0.514,404,723,0,0,1,0,0,0,0,0
10480,4.1618,0.5274,404,723,0,0,1,0,0,0,0,0
10481,4.1239,0.446,402,723,0,0,1,0,0,0,0,0
10482,4.1583,0.4634,401,723,0,0,1,0,0,0,0,0
10483,4.1435,0.4459,399,723,0,0,1,0,0,0,0,0
10484,4.2016,0.487,399,723,0,0,1,0,0,0,0,0
10485,4.4797,0.4417,398,723,0,0,1,0,0,0,0,0
10486,3.8569,0.5448,397,723,0,0,1,0,0,0,0,0
10487,4.385,0.5417,397,723,0,0,1,0,0,0,0,0
10488,3.9553,0.6502,397,723,0,0,1,0,0,0,0,0
10489,4.3742,0.8393,397,723,0,0,1,0,0,0,0,0
10490,3.9632,0.4781,397,723,0,0,1,0,0,0,0,0
10491,4.681,0.4643,396,723,0,0,1,0,0,0,0,0
10492,3.6745,0.7844,396,723,0,0,1,0,0,0,0,0
10493,4.2227,0.6329,396,723,0,0,1,0,0,0,0,0
10494,4.0502,0.6768,396,723,0,0,1,0,0,0,0,0
10495,4.1501,0.4913,396,723,0,0,1,0,0,0,0,0
10496,4.1441,0.4866,395,723,0,0,1,0,0,0,0,0
10497,4.3506,0.5913,394,723,0,0,1,0,0,0,0,0
10498,4.058,0.5208,394,723,0,0,1,0,0,0,0,0
10499,4.3692,0.5493,393,723,0,0,1,0,0,0,0,0
10500,3.9491,0.4683,392,723,0,0,1,0,0,0,0,0
10501,4.193,0.4539,392,723,0,0,1,0,0,0,0,0
10502,4.1725,0.4938,389,723,0,0,1,0,0,0,0,0
10503,4.2322,0.7379,389,723,0,0,1,0,0,0,0,0
10504,4.1632,0.4793,389,723,0,0,1,0,0,0,0,0
10505,4.1032,0.445,388,723,0,0,1,0,0,0,0,0
10506,4.1505,0.5482,385,723,0,0,1,0,0,0,0,0
10507,4.1452,0.4492,381,723,0,0,1,0,0,0,0,0
10508,4.4279,0.6482,381,723,0,0,1,0,0,0,0,0
10509,3.98,0.5437,381,723,0,0,1,0,0,0,0,0
10510,4.1212,0.9001,381,723,0,0,1,0,0,0,0,0
10511,4.2653,0.8106,381,723,0,0,1,0,0,0,0,0
10512,4.2163,0.4845,379,723,0,0,1,0,0,0,0,0
10513,4.3799,0.6414,378,723,0,0,1,0,0,0,0,0
10514,3.8322,0.4554,376,723,0,0,1,0,0,0,0,0
10515,4.6031,0.5385,374,723,0,0,1,0,0,0,0,0
10516,3.669,0.6279,374,723,0,0,1,0,0,0,0,0
10517,4.5037,0.4416,374,723,0,0,1,0,0,0,0,0
10518,3.8591,0.4608,374,723,0,0,1,0,0,0,0,0
10519,4.1577,0.4403,374,723,0,0,1,0,0,0,0,0
10520,4.4297,0.7774,373,723,0,0,1,0,0,0,0,0
10521,4.0068,0.5135,373,723,0,0,1,0,0,0,0,0
10522,4.084,1.5283,373,723,0,0,1,0,0,0,0,0
10523,4.3893,0.4016,366,723,0,0,1,0,0,0,0,0
10524,3.929,0.3333,365,723,0,0,1,0,0,0,0,0
10525,4.3754,0.3273,365,723,0,0,1,0,0,0,0,0
10526,4.0092,0.3721,365,723,0,0,1,0,0,0,0,0
10527,4.1593,0.407,364,723,0,0,1,0,0,0,0,0
10528,4.0827,0.414,364,723,0,0,1,0,0,0,0,0
10529,4.2762,0.3914,413,723,0,0,1,0,0,50,12597,0.0086
10530,4.0244,0.4041,412,723,0,0,1,0,0,0,0,0
10531,4.2333,0.347,411,723,0,0,1,0,0,0,0,0
10532,4.2255,0.7072,411,723,0,0,1,0,0,0,0,0
10533,4.5381,0.6232,410,723,0,0,1,0,0,0,0,0
10534,3.7814,0.4954,409,723,0,0,1,0,0,0,0,0
10535,4.179,0.549,409,723,0,0,1,0,0,0,0,0
10536,4.1071,0.4424,409,723,0,0,1,0,0,0,0,0
10537,4.1789,0.4656,409,723,0,0,1,0,0,0,0,0
10538,4.3278,0.7482,408,723,0,0,1,0,0,0,0,0
10539,4.3251,0.6967,408,723,0,0,1,0,0,0,0,0
10540,3.8896,0.7765,407,723,0,0,1,0,0,0,0,0
10541,4.4216,0.5769,407,723,0,0,1,0,0,0,0,0
10542,3.857,0.5349,406,723,0,0,1,0,0,0,0,0
10543,4.1397,0.6816,406,723,0,0,1,0,0,0,0,0
10544,4.1596,0.4883,406,723,0,0,1,0,0,0,0,0
10545,4.3432,0.5249,406,723,0,0,1,0,0,0,0,0
10546,4.221,0.6135,405,723,0,0,1,0,0,0,0,0
10547,4.0392,0.5245,404,723,0,0,1,0,0,0,0,0
10548,4.08,0.4547,404,723,0,0,1,0,0,0,0,0
10549,4.1549,0.4334,402,723,0,0,1,0,0,0,0,0
10550,4.2055,0.456,402,723,0,0,1,0,0,0,0,0
10551,4.377,0.7381,402,723,0,0,1,0,0,0,0,0
10552,3.9139,0.629,402,723,0,0,1,0,0,0,0,0
10553,4.469,0.5482,399,723,0,0,1,0,0,0,0,0
10554,3.9408,0.4861,399,723,0,0,1,0,0,0,0,0
10555,4.1517,1.9771,399,723,0,0,1,0,0,0,0,0
10556,4.1347,0.6558,399,723,0,0,1,0,0,0,0,0
10557,4.4206,0.3758,399,723,0,0,1,0,0,0,0,0
10558,4.1592,0.6705,398,723,0,0,1,0,0,0,0,0
10559,4.1246,0.4418,398,723,0,0,1,0,0,0,0,0
10560,3.9749,0.3827,397,723,0,0,1,0,0,0,0,0
10561,4.1453,0.4587,396,723,0,0,1,0,0,0,0,0
10562,4.1746,0.3853,393,723,0,0,1,0,0,0,0,0
10563,4.4986,0.5529,392,723,0,0,1,0,0,0,0,0
10564,3.965,0.6889,392,723,0,0,1,0,0,0,0,0
10565,4.1365,0.7667,392,723,0,0,1,0,0,0,0,0
10566,4.0704,0.5443,392,723,0,0,1,0,0,0,0,0
10567,4.1428,0.509,391,723,0,0,1,0,0,0,0,0
10568,4.2405,0.6246,390,723,0,0,1,0,0,0,0,0
10569,4.2129,0.5902,389,723,0,0,1,0,0,0,0,0
10570,4.1793,0.8958,389,723,0,0,1,0,0,0,0,0
10571,4.0566,0.4773,389,723,0,0,1,0,0,0,0,0
10572,4.1776,0.4487,388,723,0,0,1,0,0,0,0,0
10573,4.1774,0.5025,388,723,0,0,1,0,0,0,0,0
10574,4.1699,0.4524,386,723,0,0,1,0,0,0,0,0
10575,4.1549,0.4722,384,723,0,0,1,0,0,0,0,0
10576,4.1313,0.4632,383,723,0,0,1,0,0,0,0,0
10577,4.336,0.6929,383,723,0,0,1,0,0,0,0,0
10578,4.076,0.5356,383,723,0,0,1,0,0,0,0,0
10579,4.0917,0.477,383,723,0,0,1,0,0,0,0,0
10580,4.2707,0.4927,382,723,0,0,1,0,0,0,0,0
10581,4.199,0.4808,381,723,0,0,1,0,0,0,0,0
10582,4.2642,0.6842,380,723,0,0,1,0,0,0,0,0
10583,4.0907,0.6383,379,723,0,0,1,0,0,0,0,0
10584,4.3469,0.5195,379,723,0,0,1,0,0,0,0,0
10585,3.9023,0.8176,376,723,0,0,1,0,0,0,0,0
10586,4.1608,0.5583,376,723,0,0,1,0,0,0,0,0
10587,4.3857,0.6035,376,723,0,0,1,0,0,0,0,0
10588,4.087,0.5405,376,723,0,0,1,0,0,0,0,0
10589,4.0947,0.5429,376,723,0,0,1,0,0,0,0,0
10590,4.0671,0.5385,368,723,0,0,1,0,0,0,0,0
10591,4.1366,0.499,368,723,0,0,1,0,0,0,0,0
10592,4.1934,0.5481,367,723,0,0,1,0,0,0,0,0
10593,4.2795,0.6559,367,723,0,0,1,0,0,0,0,0
10594,4.0578,0.495,367,723,0,0,1,0,0,0,0,0
10595,4.1285,0.7308,366,723,0,0,1,0,0,0,0,0
10596,4.2008,0.5632,415,723,0,0,1,0,0,50,15540,0.0091
10597,4.2176,0.5998,413,723,0,0,1,0,0,0,0,0
10598,4.0995,0.5805,413,723,0,0,1,0,0,0,0,0
10599,4.4774,0.5449,413,723,0,0,1,0,0,0,0,0
10600,4.1503,0.467,411,723,0,0,1,0,0,0,0,0
10601,3.9549,0.446,410,723,0,0,1,0,0,0,0,0
10602,4.2524,0.655,408,723,0,0,1,0,0,0,0,0
10603,4.043,0.4641,407,723,0,0,1,0,0,0,0,0
10604,4.1699,0.498,407,723,0,0,1,0,0,0,0,0
10605,4.1139,0.4391,407,723,0,0,1,0,0,0,0,0
10606,4.4931,0.4379,407,723,0,0,1,0,0,0,0,0
10607,4.1742,0.6806,407,723,0,0,1,0,0,0,0,0
10608,3.9218,0.7215,406,723,0,0,1,0,0,0,0,0
10609,4.3965,0.5776,406,723,0,0,1,0,0,0,0,0
10610,3.881,0.4659,406,723,0,0,1,0,0,0,0,0
10611,4.1605,0.4851,406,723,0,0,1,0,0,0,0,0
10612,4.4478,0.7931,406,723,0,0,1,0,0,0,0,0
10613,4.1573,0.482,405,723,0,0,1,0,0,0,0,0
10614,4.0733,0.7482,405,723,0,0,1,0,0,0,0,0
10615,4.0035,0.517,405,723,0,0,1,0,0,0,0,0
10616,4.2485,0.5092,404,723,0,0,1,0,0,0,0,0
10617,4.0923,0.5461,404,723,0,0,1,0,0,0,0,0
10618,4.462,0.4707,403,723,0,0,1,0,0,0,0,0
10619,4.2193,0.7157,402,723,0,0,1,0,0,0,0,0
10620,3.8223,0.4877,402,723,0,0,1,0,0,0,0,0
10621,4.2394,0.6675,401,723,0,0,1,0,0,0,0,0
10622,4.1288,0.459,401,723,0,0,1,0,0,0,0,0
10623,4.456,0.6575,401,723,0,0,1,0,0,0,0,0
10624,4.1398,0.4678,400,723,0,0,1,0,0,0,0,0
10625,3.771,0.4365,399,723,0,0,1,0,0,0,0,0
10626,4.1443,0.4592,399,723,0,0,1,0,0,0,0,0
10627,4.2166,0.9466,399,723,0,0,1,0,0,0,0,0
10628,4.5319,0.607,399,723,0,0,1,0,0,0,0,0
10629,3.8843,0.7497,399,723,0,0,1,0,0,0,0,0
10630,4.1289,0.4438,399,723,0,0,1,0,0,0,0,0
10631,4.665,0.4974,398,723,0,0,1,0,0,0,0,0
10632,3.676,0.431,397,723,0,0,1,0,0,0,0,0
10633,4.3937,0.6575,396,723,0,0,1,0,0,0,0,0
10634,4.0541,0.5802,395,723,0,0,1,0,0,0,0,0
10635,4.2661,0.4259,395,723,0,0,1,0,0,0,0,0
10636,4.2082,0.5532,394,723,0,0,1,0,0,0,0,0
10637,4.185,0.4169,394,723,0,0,1,0,0,0,0,0
10638,4.1063,0.5051,393,723,0,0,1,0,0,0,0,0
10639,3.8781,0.3741,391,723,0,0,1,0,0,0,0,0
10640,4.0802,0.4901,391,723,0,0,1,0,0,0,0,0
10641,4.2565,0.4972,389,723,0,0,1,0,0,0,0,0
10642,4.408,0.5017,388,723,0,0,1,0,0,0,0,0
10643,4.1306,0.5123,387,723,0,0,1,0,0,0,0,0
10644,3.9238,0.4308,386,723,0,0,1,0,0,0,0,0
10645,4.3766,0.3351,386,723,0,0,1,0,0,0,0,0
10646,4.0069,0.4108,384,723,0,0,1,0,0,0,0,0
10647,4.4829,0.5568,383,723,0,0,1,0,0,0,0,0
10648,4.0668,0.5285,382,723,0,0,1,0,0,0,0,0
10649,4.1379,0.5793,382,723,0,0,1,0,0,0,0,0
10650,4.1158,0.4389,382,723,0,0,1,0,0,0,0,0
10651,3.9726,0.3665,381,723,0,0,1,0,0,0,0,0
10652,4.4356,0.5154,381,723,0,0,1,0,0,0,0,0
10653,4.1322,0.5607,380,723,0,0,1,0,0,0,0,0
10654,4.1227,0.4879,380,723,0,0,1,0,0,0,0,0
10655,4.1548,0.4979,380,723,0,0,1,0,0,0,0,0
10656,4.0158,0.3494,380,723,0,0,1,0,0,0,0,0
10657,4.3589,0.3429,372,723,0,0,1,0,0,0,0,0
10658,4.1773,0.3892,371,723,0,0,1,0,0,0,0,0
10659,4.2533,0.3571,370,723,0,0,1,0,0,0,0,0
10660,4.0424,0.6091,368,723,0,0,1,0,0,0,0,0
10661,3.9766,0.5122,368,723,0,0,1,0,0,0,0,0
10662,4.2131,0.4435,368,723,0,0,1,0,0,0,0,0
10663,4.2502,0.4173,416,723,0,0,1,0,0,50,12783,0.0066
10664,4.0873,0.4215,416,723,0,0,1,0,0,0,0,0
10665,4.2688,0.3836,416,723,0,0,1,0,0,0,0,0
10666,4.195,0.5217,415,723,0,0,1,0,0,0,0,0
10667,4.207,0.5525,415,723,0,0,1,0,0,0,0,0
10668,4.0013,0.4043,413,723,0,0,1,0,0,0,0,0
10669,4.4686,0.3871,411,723,0,0,1,0,0,0,0,0
10670,3.858,0.4265,411,723,0,0,1,0,0,0,0,0
10671,4.1802,0.6674,410,723,0,0,1,0,0,0,0,0
10672,4.2483,0.5115,409,723,0,0,1,0,0,0,0,0
10673,4.2063,0.5286,409,723,0,0,1,0,0,0,0,0
10674,4.132,0.49,408,723,0,0,1,0,0,0,0,0
10675,4.0795,0.4549,408,723,0,0,1,0,0,0,0,0
10676,4.1655,0.8146,407,723,0,0,1,0,0,0,0,0
10677,4.2868,0.4537,407,723,0,0,1,0,0,0,0,0
10678,4.2968,0.8069,406,723,0,0,1,0,0,0,0,0
10679,4.0601,0.549,405,723,0,0,1,0,0,0,0,0
10680,4.0404,0.4126,404,723,0,0,1,0,0,0,0,0
10681,4.2678,0.4923,404,723,0,0,1,0,0,0,0,0
10682,4.1025,0.4649,404,723,0,0,1,0,0,0,0,0
10683,4.3462,0.4499,404,723,0,0,1,0,0,0,0,0
10684,4.0188,0.5209,404,723,0,0,1,0,0,0,0,0
10685,4.3891,0.6201,404,723,0,0,1,0,0,0,0,0
10686,3.9872,0.4926,404,723,0,0,1,0,0,0,0,0
10687,4.0895,0.4258,404,723,0,0,1,0,0,0,0,0
10688,4.1607,0.4446,402,723,0,0,1,0,0,0,0,0
10689,4.2602,0.4498,401,723,0,0,1,0,0,0,0,0
10690,4.1982,0.7422,401,723,0,0,1,0,0,0,0,0
10691,4.137,0.5057,401,723,0,0,1,0,0,0,0,0
10692,4.0689,0.4247,401,723,0,0,1,0,0,0,0,0
10693,4.1981,3.2709,400,723,0,0,1,0,0,0,0,0
10694,4.2023,0.3832,400,723,0,0,1,0,0,0,0,0
10695,4.2711,0.3856,400,723,0,0,1,0,0,0,0,0
10696,4.0133,0.4365,400,723,0,0,1,0,0,0,0,0
10697,4.4939,0.3697,400,723,0,0,1,0,0,0,0,0
10698,3.8534,0.3752,400,723,0,0,1,0,0,0,0,0
10699,4.1408,0.4946,400,723,0,0,1,0,0,0,0,0
10700,4.2422,0.7724,399,723,0,0,1,0,0,0,0,0
10701,4.195,0.5565,399,723,0,0,1,0,0,0,0,0
10702,4.1795,0.7324,399,723,0,0,1,0,0,0,0,0
10703,4.0856,0.6725,399,723,0,0,1,0,0,0,0,0
10704,4.1612,0.5153,397,723,0,0,1,0,0,0,0,0
10705,4.1376,0.6389,397,723,0,0,1,0,0,0,0,0
10706,4.2075,0.5465,396,723,0,0,1,0,0,0,0,0
10707,8.3933,0.4579,395,723,0,0,1,0,0,0,0,0
10708,4.1332,0.4554,394,723,0,0,1,0,0,0,0,0
10709,4.1581,0.6366,393,723,0,0,1,0,0,0,0,0
10710,4.1435,0.4415,390,723,0,0,1,0,0,0,0,0
10711,4.5146,0.457,390,723,0,0,1,0,0,0,0,0
10712,3.8211,2.3571,390,723,0,0,1,0,0,0,0,0
10713,4.1825,0.3218,388,723,0,0,1,0,0,0,0,0
10714,4.3762,0.591,386,723,0,0,1,0,0,0,0,0
10715,4.0102,0.3726,386,723,0,0,1,0,0,0,0,0
10716,4.1084,0.409,386,723,0,0,1,0,0,0,0,0
10717,4.1473,0.326,385,723,0,0,1,0,0,0,0,0
10718,4.2252,0.4891,384,723,0,0,1,0,0,0,0,0
10719,4.2063,0.3208,380,723,0,0,1,0,0,0,0,0
10720,4.0487,0.5314,378,723,0,0,1,0,0,0,0,0
10721,4.2011,0.3446,376,723,0,0,1,0,0,0,0,0
10722,4.1327,0.2783,376,723,0,0,1,0,0,0,0,0
10723,4.2125,0.529,376,723,0,0,1,0,0,0,0,0
10724,4.1387,0.4353,369,723,0,0,1,0,0,0,0,0
10725,4.3658,0.4334,368,723,0,0,1,0,0,0,0,0
10726,4.0384,0.4982,368,723,0,0,1,0,0,0,0,0
10727,4.244,0.555,368,723,0,0,1,0,0,0,0,0
10728,4.0361,0.5279,368,723,0,0,1,0,0,0,0,0
10729,4.1802,0.5219,418,723,0,0,1,0,0,50,13488,0.0092
10730,4.1984,0.4946,418,723,0,0,1,0,0,0,0,0
10731,4.1694,0.5028,417,723,0,0,1,0,0,0,0,0
10732,4.2033,0.7223,417,723,0,0,1,0,0,0,0,0
10733,4.1633,0.6648,416,723,0,0,1,0,0,0,0,0
10734,4.0779,0.5103,415,723,0,0,1,0,0,0,0,0
10735,4.1434,0.4455,414,723,0,0,1,0,0,0,0,0
10736,4.2764,0.5264,413,723,0,0,1,0,0,0,0,0
10737,4.1344,0.4599,413,723,0,0,1,0,0,0,0,0
10738,4.166,0.7405,413,723,0,0,1,0,0,0,0,0
10739,4.1094,0.7227,412,723,0,0,1,0,0,0,0,0
10740,4.1685,0.7319,412,723,0,0,1,0,0,0,0,0
10741,4.2171,0.5949,412,723,0,0,1,0,0,0,0,0
10742,4.1773,0.6911,412,723,0,0,1,0,0,0,0,0
10743,4.2557,0.5143,412,723,0,0,1,0,0,0,0,0
10744,4.0606,0.5017,412,723,0,0,1,0,0,0,0,0
10745,4.1343,0.4658,410,723,0,0,1,0,0,0,0,0
10746,4.1652,0.4471,410,723,0,0,1,0,0,0,0,0
10747,4.2156,0.5523,409,723,0,0,1,0,0,0,0,0
10748,4.1878,0.5176,408,723,0,0,1,0,0,0,0,0
10749,4.0754,0.4434,406,723,0,0,1,0,0,0,0,0
10750,4.2193,0.4558,406,723,0,0,1,0,0,0,0,0
10751,4.1575,0.4472,405,723,0,0,1,0,0,0,0,0
10752,4.2348,0.776,404,723,0,0,1,0,0,0,0,0
10753,4.0872,0.4707,404,723,0,0,1,0,0,0,0,0
10754,4.1257,0.4293,404,723,0,0,1,0,0,0,0,0
10755,4.2514,0.5004,404,723,0,0,1,0,0,0,0,0
10756,4.1121,0.6472,404,723,0,0,1,0,0,0,0,0
10757,4.1908,0.6822,404,723,0,0,1,0,0,0,0,0
10758,4.1404,0.5017,403,723,0,0,1,0,0,0,0,0
10759,4.212,0.6921,401,723,0,0,1,0,0,0,0,0
10760,4.1998,0.5953,399,723,0,0,1,0,0,0,0,0
10761,4.1314,0.5414,399,723,0,0,1,0,0,0,0,0
10762,4.5665,0.4991,399,723,0,0,1,0,0,0,0,0
10763,3.729,0.5044,399,723,0,0,1,0,0,0,0,0
10764,4.1478,0.5345,399,723,0,0,1,0,0,0,0,0
10765,4.1871,0.524,396,723,0,0,1,0,0,0,0,0
10766,4.2215,0.594,396,723,0,0,1,0,0,0,0,0
10767,4.1947,0.5384,396,723,0,0,1,0,0,0,0,0
10768,4.0734,0.6453,396,723,0,0,1,0,0,0,0,0
10769,4.1498,0.4831,396,723,0,0,1,0,0,0,0,0
10770,4.1543,0.4491,395,723,0,0,1,0,0,0,0,0
10771,4.2705,0.5294,394,723,0,0,1,0,0,0,0,0
10772,4.0971,0.4803,394,723,0,0,1,0,0,0,0,0
10773,4.2194,0.5249,394,723,0,0,1,0,0,0,0,0
10774,4.1373,0.5069,392,723,0,0,1,0,0,0,0,0
10775,4.1532,0.4711,392,723,0,0,1,0,0,0,0,0
10776,4.1554,0.4836,391,723,0,0,1,0,0,0,0,0
10777,4.2357,0.4611,391,723,0,0,1,0,0,0,0,0
10778,4.1111,0.4555,391,723,0,0,1,0,0,0,0,0
10779,4.2126,0.5371,391,723,0,0,1,0,0,0,0,0
10780,4.2205,0.5335,391,723,0,0,1,0,0,0,0,0
10781,4.0781,0.4581,391,723,0,0,1,0,0,0,0,0
10782,4.1551,0.4445,391,723,0,0,1,0,0,0,0,0
10783,4.1236,0.4406,391,723,0,0,1,0,0,0,0,0
10784,4.2103,0.6532,390,723,0,0,1,0,0,0,0,0
10785,4.2153,0.4974,389,723,0,0,1,0,0,0,0,0
10786,4.1117,0.4461,387,723,0,0,1,0,0,0,0,0
10787,4.1544,0.4581,386,723,0,0,1,0,0,0,0,0
10788,4.1804,2.1242,386,723,0,0,1,0,0,0,0,0
10789,4.2141,0.3587,385,723,0,0,1,0,0,0,0,0
10790,4.6325,0.3811,384,723,0,0,1,0,0,0,0,0
10791,3.7311,0.5421,376,723,0,0,1,0,0,0,0,0
10792,4.4025,0.4413,375,723,0,0,1,0,0,0,0,0
10793,3.7866,0.6875,375,723,0,0,1,0,0,0,0,0
10794,4.2341,0.4644,375,723,0,0,1,0,0,0,0,0
10795,4.1804,0.6306,375,723,0,0,1,0,0,0,0,0
10796,4.1663,0.5017,375,723,0,0,1,0,0,0,0,0
10797,4.1669,0.4877,425,723,0,0,1,0,0,50,14198,0.0085
10798,4.1895,0.564,425,723,0,0,1,0,0,0,0,0
10799,4.1715,0.5238,423,723,0,0,1,0,0,0,0,0
10800,4.2281,0.5088,423,723,0,0,1,0,0,0,0,0
10801,4.0958,0.7686,423,723,0,0,1,0,0,0,0,0
10802,4.3185,0.4862,422,723,0,0,1,0,0,0,0,0
10803,4.0296,0.5336,421,723,0,0,1,0,0,0,0,0
10804,4.1813,0.5274,420,723,0,0,1,0,0,0,0,0
10805,4.1014,0.4663,420,723,0,0,1,0,0,0,0,0
10806,4.1952,0.4869,420,723,0,0,1,0,0,0,0,0
10807,4.095,0.7408,420,723,0,0,1,0,0,0,0,0
10808,4.2723,0.5188,420,723,0,0,1,0,0,0,0,0
10809,4.1204,0.5413,420,723,0,0,1,0,0,0,0,0
10810,4.1728,0.549,420,723,0,0,1,0,0,0,0,0
10811,4.1266,0.609,420,723,0,0,1,0,0,0,0,0
10812,4.1551,0.4629,419,723,0,0,1,0,0,0,0,0
10813,4.281,0.5583,419,723,0,0,1,0,0,0,0,0
10814,4.25,0.472,419,723,0,0,1,0,0,0,0,0
10815,4.0507,0.4568,417,723,0,0,1,0,0,0,0,0
10816,4.4448,0.5475,417,723,0,0,1,0,0,0,0,0
10817,3.9022,0.4944,417,723,0,0,1,0,0,0,0,0
10818,4.0805,0.4266,417,723,0,0,1,0,0,0,0,0
10819,4.1772,0.6633,416,723,0,0,1,0,0,0,0,0
10820,4.2146,0.4928,415,723,0,0,1,0,0,0,0,0
10821,4.2638,0.7005,415,723,0,0,1,0,0,0,0,0
10822,4.0838,0.576,415,723,0,0,1,0,0,0,0,0
10823,4.4621,0.5132,414,723,0,0,1,0,0,0,0,0
10824,3.9175,0.7539,414,723,0,0,1,0,0,0,0,0
10825,4.1062,0.496,413,723,0,0,1,0,0,0,0,0
10826,4.1804,2.5331,412,723,0,0,1,0,0,0,0,0
10827,4.2937,0.3441,412,723,0,0,1,0,0,0,0,0
10828,4.0465,0.6289,412,723,0,0,1,0,0,0,0,0
10829,4.1375,0.3344,412,723,0,0,1,0,0,0,0,0
10830,4.1519,0.3304,411,723,0,0,1,0,0,0,0,0
10831,4.1348,0.354,410,723,0,0,1,0,0,0,0,0
10832,4.232,0.3074,409,723,0,0,1,0,0,0,0,0
10833,4.1938,0.3998,409,723,0,0,1,0,0,0,0,0
10834,4.1555,0.3797,407,723,0,0,1,0,0,0,0,0
10835,4.1594,0.4356,405,723,0,0,1,0,0,0,0,0
10836,4.1929,0.5013,405,723,0,0,1,0,0,0,0,0
10837,4.1039,0.4484,404,723,0,0,1,0,0,0,0,0
10838,4.3133,0.9584,403,723,0,0,1,0,0,0,0,0
10839,4.1867,0.4842,401,723,0,0,1,0,0,0,0,0
10840,3.9894,0.4725,399,723,0,0,1,0,0,0,0,0
10841,4.2117,3.4273,398,723,0,0,1,0,0,0,0,0
10842,4.292,0.4053,397,723,0,0,1,0,0,0,0,0
10843,4.0694,0.4695,397,723,0,0,1,0,0,0,0,0
10844,4.1759,0.4233,397,723,0,0,1,0,0,0,0,0
10845,4.1717,0.3721,396,723,0,0,1,0,0,0,0,0
10846,4.2181,0.3992,395,723,0,0,1,0,0,0,0,0
10847,4.2151,0.6262,395,723,0,0,1,0,0,0,0,0
10848,4.0209,0.6069,394,723,0,0,1,0,0,0,0,0
10849,4.1404,0.5971,393,723,0,0,1,0,0,0,0,0
10850,4.1527,0.5127,393,723,0,0,1,0,0,0,0,0
10851,4.2468,0.5442,392,723,0,0,1,0,0,0,0,0
10852,4.2941,0.7914,392,723,0,0,1,0,0,0,0,0
10853,4.0324,0.6321,390,723,0,0,1,0,0,0,0,0
10854,4.1103,0.5487,389,723,0,0,1,0,0,0,0,0
10855,4.1225,0.5129,389,723,0,0,1,0,0,0,0,0
10856,4.2891,0.5116,388,723,0,0,1,0,0,0,0,0
10857,4.0981,0.4588,388,723,0,0,1,0,0,0,0,0
10858,4.4061,0.7454,379,723,0,0,1,0,0,0,0,0
10859,3.9946,0.6729,379,723,0,0,1,0,0,0,0,0
10860,4.118,0.764,379,723,0,0,1,0,0,0,0,0
10861,4.1656,0.5581,379,723,0,0,1,0,0,0,0,0
10862,4.1897,0.6107,378,723,0,0,1,0,0,0,0,0
10863,4.0854,0.5596,377,723,0,0,1,0,0,0,0,0
10864,4.4264,0.7248,427,723,0,0,1,0,0,50,14877,0.0187
10865,4.0154,0.7238,426,723,0,0,1,0,0,0,0,0
10866,4.1097,0.4623,426,723,0,0,1,0,0,0,0,0
10867,4.2079,0.5518,426,723,0,0,1,0,0,0,0,0
10868,4.2687,0.4971,426,723,0,0,1,0,0,0,0,0
10869,4.0255,0.4541,424,723,0,0,1,0,0,0,0,0
10870,4.2933,0.6915,424,723,0,0,1,0,0,0,0,0
10871,4.1337,0.8487,424,723,0,0,1,0,0,0,0,0
10872,4.1136,0.5182,423,723,0,0,1,0,0,0,0,0
10873,4.1497,0.5219,422,723,0,0,1,0,0,0,0,0
10874,4.0945,0.4733,421,723,0,0,1,0,0,0,0,0
10875,4.2283,0.6665,421,723,0,0,1,0,0,0,0,0
10876,4.134,0.6923,418,723,0,0,1,0,0,0,0,0
10877,4.261,0.6701,417,723,0,0,1,0,0,0,0,0
10878,4.0663,0.4649,417,723,0,0,1,0,0,0,0,0
10879,4.1497,0.4443,416,723,0,0,1,0,0,0,0,0
10880,4.1939,0.4614,415,723,0,0,1,0,0,0,0,0
10881,4.1738,0.4723,414,723,0,0,1,0,0,0,0,0
10882,4.2048,0.5258,414,723,0,0,1,0,0,0,0,0
10883,4.1779,1.2573,414,723,0,0,1,0,0,0,0,0
10884,4.1326,0.6271,412,723,0,0,1,0,0,0,0,0
10885,4.208,0.5363,411,723,0,0,1,0,0,0,0,0
10886,4.307,0.5912,410,723,0,0,1,0,0,0,0,0
10887,4.3653,0.4961,409,723,0,0,1,0,0,0,0,0
10888,4.0726,0.6684,409,723,0,0,1,0,0,0,0,0
10889,3.8969,0.6546,409,723,0,0,1,0,0,0,0,0
10890,4.1119,0.4839,408,723,0,0,1,0,0,0,0,0
10891,4.3067,0.4622,407,723,0,0,1,0,0,0,0,0
10892,4.348,0.5034,405,723,0,0,1,0,0,0,0,0
10893,3.9016,0.4957,405,723,0,0,1,0,0,0,0,0
10894,4.1375,0.6853,404,723,0,0,1,0,0,0,0,0
10895,4.1518,0.7405,404,723,0,0,1,0,0,0,0,0
10896,4.2808,0.7249,404,723,0,0,1,0,0,0,0,0
10897,4.1121,0.547,404,723,0,0,1,0,0,0,0,0
10898,4.1542,0.5785,404,723,0,0,1,0,0,0,0,0
10899,4.1555,0.7788,404,723,0,0,1,0,0,0,0,0
10900,4.4111,0.7821,402,723,0,0,1,0,0,0,0,0
10901,3.921,0.6578,402,723,0,0,1,0,0,0,0,0
10902,4.1459,0.5289,401,723,0,0,1,0,0,0,0,0
10903,4.1511,0.5512,400,723,0,0,1,0,0,0,0,0
10904,4.1854,0.5293,400,723,0,0,1,0,0,0,0,0
10905,4.436,0.6619,399,723,0,0,1,0,0,0,0,0
10906,3.911,0.4939,399,723,0,0,1,0,0,0,0,0
10907,4.1405,0.5628,399,723,0,0,1,0,0,0,0,0
10908,4.1571,0.4437,399,723,0,0,1,0,0,0,0,0
10909,4.3073,0.4407,399,723,0,0,1,0,0,0,0,0
10910,4.1518,0.6667,399,723,0,0,1,0,0,0,0,0
10911,4.4614,0.4839,398,723,0,0,1,0,0,0,0,0
10912,4.1719,0.6881,395,723,0,0,1,0,0,0,0,0
10913,3.7738,0.4338,394,723,0,0,1,0,0,0,0,0
10914,4.122,0.4606,394,723,0,0,1,0,0,0,0,0
10915,4.5549,0.7393,394,723,0,0,1,0,0,0,0,0
10916,3.8301,0.6768,393,723,0,0,1,0,0,0,0,0
10917,4.1164,0.4526,392,723,0,0,1,0,0,0,0,0
10918,4.5578,0.5222,391,723,0,0,1,0,0,0,0,0
10919,3.8065,0.4845,390,723,0,0,1,0,0,0,0,0
10920,4.2602,0.7333,390,723,0,0,1,0,0,0,0,0
10921,4.104,0.5148,390,723,0,0,1,0,0,0,0,0
10922,4.1193,0.5182,390,723,0,0,1,0,0,0,0,0
10923,4.5329,0.6103,387,723,0,0,1,0,0,0,0,0
10924,3.8356,0.6748,387,723,0,0,1,0,0,0,0,0
10925,4.1898,0.5968,379,723,0,0,1,0,0,0,0,0
10926,4.1277,0.6894,379,723,0,0,1,0,0,0,0,0
10927,4.1036,0.4981,379,723,0,0,1,0,0,0,0,0
10928,4.3037,0.4943,377,723,0,0,1,0,0,0,0,0
10929,4.4922,0.6252,375,723,0,0,1,0,0,0,0,0
10930,4.1721,0.8147,374,723,0,0,1,0,0,0,0,0
10931,3.7902,0.5979,424,723,0,0,1,0,0,50,12615,0.0073
10932,4.1165,0.7022,423,723,0,0,1,0,0,0,0,0
10933,4.2177,0.4915,421,723,0,0,1,0,0,0,0,0
10934,4.2136,0.7529,420,723,0,0,1,0,0,0,0,0
10935,4.1665,0.6721,420,723,0,0,1,0,0,0,0,0
10936,4.1641,0.4558,420,723,0,0,1,0,0,0,0,0
10937,4.1576,2.1798,419,723,0,0,1,0,0,0,0,0
10938,4.1015,0.3649,419,723,0,0,1,0,0,0,0,0
10939,4.4096,0.3746,419,723,0,0,1,0,0,0,0,0
10940,3.9287,0.3659,419,723,0,0,1,0,0,0,0,0
10941,4.2656,0.4253,419,723,0,0,1,0,0,0,0,0
10942,4.099,0.4088,419,723,0,0,1,0,0,0,0,0
10943,4.1284,0.3805,419,723,0,0,1,0,0,0,0,0
10944,4.2266,0.642,418,723,0,0,1,0,0,0,0,0
10945,4.1251,0.4922,418,723,0,0,1,0,0,0,0,0
10946,4.192,0.6518,417,723,0,0,1,0,0,0,0,0
10947,4.1431,0.905,417,723,0,0,1,0,0,0,0,0
10948,4.1819,0.6307,417,723,0,0,1,0,0,0,0,0
10949,4.1821,0.5076,417,723,0,0,1,0,0,0,0,0
10950,4.1188,0.4487,416,723,0,0,1,0,0,0,0,0
10951,4.3456,0.456,416,723,0,0,1,0,0,0,0,0
10952,4.0595,0.4593,416,723,0,0,1,0,0,0,0,0
10953,4.2001,0.8719,416,723,0,0,1,0,0,0,0,0
10954,4.0721,0.5051,416,723,0,0,1,0,0,0,0,0
10955,4.1702,0.5037,416,723,0,0,1,0,0,0,0,0
10956,4.1746,0.553,415,723,0,0,1,0,0,0,0,0
10957,4.1792,0.5524,415,723,0,0,1,0,0,0,0,0
10958,4.6195,0.6534,415,723,0,0,1,0,0,0,0,0
10959,3.7638,0.6668,415,723,0,0,1,0,0,0,0,0
10960,4.1188,0.6569,415,723,0,0,1,0,0,0,0,0
10961,4.149,0.508,413,723,0,0,1,0,0,0,0,0
10962,4.1879,0.45,413,723,0,0,1,0,0,0,0,0
10963,4.2433,0.4889,411,723,0,0,1,0,0,0,0,0
10964,4.1264,0.477,411,723,0,0,1,0,0,0,0,0
10965,4.2599,0.6755,410,723,0,0,1,0,0,0,0,0
10966,4.3069,0.6374,410,723,0,0,1,0,0,0,0,0
10967,3.9282,0.5212,410,723,0,0,1,0,0,0,0,0
10968,4.1568,0.6751,410,723,0,0,1,0,0,0,0,0
10969,4.1404,0.6406,410,723,0,0,1,0,0,0,0,0
10970,4.1037,0.4887,410,723,0,0,1,0,0,0,0,0
10971,4.1829,0.4796,410,723,0,0,1,0,0,0,0,0
10972,4.2241,0.5029,408,723,0,0,1,0,0,0,0,0
10973,4.24,0.5753,406,723,0,0,1,0,0,0,0,0
10974,4.0615,0.5546,405,723,0,0,1,0,0,0,0,0
10975,4.1226,0.4785,401,723,0,0,1,0,0,0,0,0
10976,4.24,0.5581,401,723,0,0,1,0,0,0,0,0
10977,4.311,0.4838,400,723,0,0,1,0,0,0,0,0
10978,4.0619,0.6655,400,723,0,0,1,0,0,0,0,0
10979,4.1552,0.5158,397,723,0,0,1,0,0,0,0,0
10980,4.3785,0.7359,395,723,0,0,1,0,0,0,0,0
10981,3.9285,0.456,395,723,0,0,1,0,0,0,0,0
10982,4.2201,0.4796,394,723,0,0,1,0,0,0,0,0
10983,4.2248,0.4811,394,723,0,0,1,0,0,0,0,0
10984,4.1308,0.6261,391,723,0,0,1,0,0,0,0,0
10985,4.0951,0.5116,391,723,0,0,1,0,0,0,0,0
10986,4.1299,0.4446,391,723,0,0,1,0,0,0,0,0
10987,4.2164,0.6079,391,723,0,0,1,0,0,0,0,0
10988,4.144,0.5209,390,723,0,0,1,0,0,0,0,0
10989,4.2284,0.6065,388,723,0,0,1,0,0,0,0,0
10990,4.1092,0.6186,388,723,0,0,1,0,0,0,0,0
10991,4.3588,0.7463,387,723,0,0,1,0,0,0,0,0
10992,3.9592,0.4418,378,723,0,0,1,0,0,0,0,0
10993,4.1839,0.4507,378,723,0,0,1,0,0,0,0,0
10994,4.0904,0.4627,376,723,0,0,1,0,0,0,0,0
10995,4.2254,0.463,376,723,0,0,1,0,0,0,0,0
10996,4.1806,0.6489,376,723,0,0,1,0,0,0,0,0
10997,4.2164,0.6714,376,723,0,0,1,0,0,0,0,0
10998,4.1158,2.0151,425,723,0,0,1,0,0,50,14708,0.0094
10999,4.2886,0.4991,425,723,0,0,1,0,0,0,0,0
11000,4.1032,0.5153,425,723,0,0,1,0,0,0,0,0
11001,4.3323,0.6389,424,723,0,0,1,0,0,0,0,0
11002,3.9776,0.6565,423,723,0,0,1,0,0,0,0,0
11003,4.2231,0.7786,423,723,0,0,1,0,0,0,0,0
11004,4.105,0.7673,423,723,0,0,1,0,0,0,0,0
11005,4.1383,0.5095,422,723,0,0,1,0,0,0,0,0
11006,4.1954,0.6509,421,723,0,0,1,0,0,0,0,0
11007,4.183,0.5594,421,723,0,0,1,0,0,0,0,0
11008,4.2952,0.4845,420,723,0,0,1,0,0,0,0,0
11009,4.0036,0.6808,418,723,0,0,1,0,0,0,0,0
11010,4.1007,0.4795,418,723,0,0,1,0,0,0,0,0
11011,4.2874,0.5331,417,723,0,0,1,0,0,0,0,0
11012,4.1667,0.6009,415,723,0,0,1,0,0,0,0,0
11013,4.3527,0.6747,415,723,0,0,1,0,0,0,0,0
11014,3.9381,0.4467,415,723,0,0,1,0,0,0,0,0
11015,4.1682,0.7152,415,723,0,0,1,0,0,0,0,0
11016,4.2554,0.6388,415,723,0,0,1,0,0,0,0,0
11017,3.9994,0.5755,415,723,0,0,1,0,0,0,0,0
11018,4.2237,0.4864,415,723,0,0,1,0,0,0,0,0
11019,4.1601,0.5488,415,723,0,0,1,0,0,0,0,0
11020,4.2064,0.6766,415,723,0,0,1,0,0,0,0,0
11021,4.157,0.744,412,723,0,0,1,0,0,0,0,0
11022,4.1018,0.4915,412,723,0,0,1,0,0,0,0,0
11023,4.1825,0.5234,412,723,0,0,1,0,0,0,0,0
11024,4.2321,0.7139,411,723,0,0,1,0,0,0,0,0
11025,4.1661,0.5011,411,723,0,0,1,0,0,0,0,0
11026,4.1895,0.4923,411,723,0,0,1,0,0,0,0,0
11027,4.108,0.4591,411,723,0,0,1,0,0,0,0,0
11028,4.275,0.6468,409,723,0,0,1,0,0,0,0,0
11029,4.3663,0.5604,407,723,0,0,1,0,0,0,0,0
11030,4.024,0.4981,407,723,0,0,1,0,0,0,0,0
11031,3.954,0.4552,406,723,0,0,1,0,0,0,0,0
11032,4.2364,0.5218,406,723,0,0,1,0,0,0,0,0
11033,4.1163,0.4423,405,723,0,0,1,0,0,0,0,0
11034,4.1732,0.4851,405,723,0,0,1,0,0,0,0,0
11035,4.5473,0.5398,404,723,0,0,1,0,0,0,0,0
11036,3.7734,0.4661,403,723,0,0,1,0,0,0,0,0
11037,4.1587,0.4899,403,723,0,0,1,0,0,0,0,0
11038,4.152,0.5544,400,723,0,0,1,0,0,0,0,0
11039,4.1703,0.5417,399,723,0,0,1,0,0,0,0,0
11040,4.2297,0.5414,398,723,0,0,1,0,0,0,0,0
11041,4.166,0.5062,396,723,0,0,1,0,0,0,0,0
11042,4.3344,0.776,396,723,0,0,1,0,0,0,0,0
11043,4.0382,0.6241,395,723,0,0,1,0,0,0,0,0
11044,4.1647,0.6034,394,723,0,0,1,0,0,0,0,0
11045,4.1292,0.5062,394,723,0,0,1,0,0,0,0,0
11046,4.1167,0.4801,393,723,0,0,1,0,0,0,0,0
11047,4.54,0.6019,392,723,0,0,1,0,0,0,0,0
11048,3.832,0.5277,392,723,0,0,1,0,0,0,0,0
11049,4.1729,0.5541,392,723,0,0,1,0,0,0,0,0
11050,4.1588,0.5102,391,723,0,0,1,0,0,0,0,0
11051,4.1612,0.465,391,723,0,0,1,0,0,0,0,0
11052,4.1435,0.5885,390,723,0,0,1,0,0,0,0,0
11053,4.1529,0.4607,389,723,0,0,1,0,0,0,0,0
11054,4.2562,0.6754,387,723,0,0,1,0,0,0,0,0
11055,4.1705,0.9777,386,723,0,0,1,0,0,0,0,0
11056,4.4303,0.522,385,723,0,0,1,0,0,0,0,0
11057,3.8937,0.4852,383,723,0,0,1,0,0,0,0,0
11058,4.0949,0.4959,380,723,0,0,1,0,0,0,0,0
11059,4.1713,0.7727,380,723,0,0,1,0,0,0,0,0
11060,4.22,0.4572,380,723,0,0,1,0,0,0,0,0
11061,4.1448,0.5926,373,723,0,0,1,0,0,0,0,0
11062,4.1768,0.5701,373,723,0,0,1,0,0,0,0,0
11063,4.1391,0.5421,372,723,0,0,1,0,0,0,0,0
11064,4.1808,0.5619,372,723,0,0,1,0,0,0,0,0
11065,4.1616,0.4815,422,723,0,0,1,0,0,50,14259,0.0089
11066,4.1353,0.4902,422,723,0,0,1,0,0,0,0,0
11067,4.2404,0.543,420,723,0,0,1,0,0,0,0,0
11068,4.0925,0.6448,418,723,0,0,1,0,0,0,0,0
11069,4.3012,0.6184,418,723,0,0,1,0,0,0,0,0
11070,4.0781,0.4733,418,723,0,0,1,0,0,0,0,0
11071,4.1534,0.6532,418,723,0,0,1,0,0,0,0,0
11072,4.1942,0.5236,418,723,0,0,1,0,0,0,0,0
11073,4.2416,0.7427,416,723,0,0,1,0,0,0,0,0
11074,4.2887,0.5239,415,723,0,0,1,0,0,0,0,0
11075,3.9825,0.6888,415,723,0,0,1,0,0,0,0,0
11076,4.126,0.4944,415,723,0,0,1,0,0,0,0,0
11077,4.1435,0.4975,415,723,0,0,1,0,0,0,0,0
11078,4.2357,0.5146,415,723,0,0,1,0,0,0,0,0
11079,4.0613,0.7554,415,723,0,0,1,0,0,0,0,0
11080,4.2092,0.6974,415,723,0,0,1,0,0,0,0,0
11081,4.207,0.5158,415,723,0,0,1,0,0,0,0,0
11082,4.1682,0.4636,414,723,0,0,1,0,0,0,0,0
11083,4.1575,2.65,413,723,0,0,1,0,0,0,0,0
11084,4.162,0.3271,412,723,0,0,1,0,0,0,0,0
11085,4.2472,0.4237,412,723,0,0,1,0,0,0,0,0
11086,4.2733,0.4005,412,723,0,0,1,0,0,0,0,0
11087,4.2589,0.3732,412,723,0,0,1,0,0,0,0,0
11088,3.9855,0.4897,411,723,0,0,1,0,0,0,0,0
11089,4.0796,0.3423,411,723,0,0,1,0,0,0,0,0
11090,4.1318,0.6877,411,723,0,0,1,0,0,0,0,0
11091,4.2599,0.71,411,723,0,0,1,0,0,0,0,0
11092,4.0831,0.4462,409,723,0,0,1,0,0,0,0,0
11093,4.1703,0.5852,408,723,0,0,1,0,0,0,0,0
11094,4.1539,0.4838,408,723,0,0,1,0,0,0,0,0
11095,4.0952,0.4558,408,723,0,0,1,0,0,0,0,0
11096,4.3475,0.5256,406,723,0,0,1,0,0,0,0,0
11097,4.0947,0.5124,405,723,0,0,1,0,0,0,0,0
11098,4.3373,0.5303,405,723,0,0,1,0,0,0,0,0
11099,3.9831,0.5556,404,723,0,0,1,0,0,0,0,0
11100,4.4402,0.9056,403,723,0,0,1,0,0,0,0,0
11101,3.8861,0.4664,403,723,0,0,1,0,0,0,0,0
11102,4.1967,0.5213,403,723,0,0,1,0,0,0,0,0
11103,4.1586,0.4596,403,723,0,0,1,0,0,0,0,0
11104,4.1605,0.6569,403,723,0,0,1,0,0,0,0,0
11105,4.1702,0.4928,402,723,0,0,1,0,0,0,0,0
11106,4.1147,0.4634,401,723,0,0,1,0,0,0,0,0
11107,4.2192,0.5154,401,723,0,0,1,0,0,0,0,0
11108,4.1718,2.6659,401,723,0,0,1,0,0,0,0,0
11109,4.1422,0.3083,399,723,0,0,1,0,0,0,0,0
11110,4.8,0.3582,398,723,0,0,1,0,0,0,0,0
11111,3.5853,0.3648,398,723,0,0,1,0,0,0,0,0
11112,4.1518,0.5573,398,723,0,0,1,0,0,0,0,0
11113,4.1329,0.4537,396,723,0,0,1,0,0,0,0,0
11114,4.1657,0.469,394,723,0,0,1,0,0,0,0,0
11115,4.1776,0.6128,393,723,0,0,1,0,0,0,0,0
11116,4.2627,0.6622,390,723,0,0,1,0,0,0,0,0
11117,4.0779,0.4832,390,723,0,0,1,0,0,0,0,0
11118,4.1592,0.4569,389,723,0,0,1,0,0,0,0,0
11119,4.4448,0.7727,388,723,0,0,1,0,0,0,0,0
11120,3.9454,0.4494,385,723,0,0,1,0,0,0,0,0
11121,4.1456,0.4192,384,723,0,0,1,0,0,0,0,0
11122,4.329,0.4474,384,723,0,0,1,0,0,0,0,0
11123,4.0412,0.6676,383,723,0,0,1,0,0,0,0,0
11124,4.1813,0.6556,382,723,0,0,1,0,0,0,0,0
11125,4.0816,0.4309,381,723,0,0,1,0,0,0,0,0
11126,4.2405,0.5137,380,723,0,0,1,0,0,0,0,0
11127,4.2273,0.4285,373,723,0,0,1,0,0,0,0,0
11128,4.2232,0.4358,373,723,0,0,1,0,0,0,0,0
11129,4.0583,0.6817,370,723,0,0,1,0,0,0,0,0
11130,4.0857,0.454,370,723,0,0,1,0,0,0,0,0
11131,4.1607,0.6179,370,723,0,0,1,0,0,0,0,0
11132,4.2464,0.5565,370,723,0,0,1,0,0,0,0,0
11133,4.1298,0.5481,420,723,0,0,1,0,0,50,13654,0.0095
11134,4.1699,0.6062,420,723,0,0,1,0,0,0,0,0
11135,4.2133,0.7065,419,723,0,0,1,0,0,0,0,0
11136,4.1225,0.6651,418,723,0,0,1,0,0,0,0,0
11137,4.1299,0.4687,417,723,0,0,1,0,0,0,0,0
11138,4.141,0.453,417,723,0,0,1,0,0,0,0,0
11139,4.2007,0.4791,416,723,0,0,1,0,0,0,0,0
11140,4.3873,0.6971,416,723,0,0,1,0,0,0,0,0
11141,3.9976,0.4527,416,723,0,0,1,0,0,0,0,0
11142,4.0656,0.4384,416,723,0,0,1,0,0,0,0,0
11143,4.152,0.4336,414,723,0,0,1,0,0,0,0,0
11144,4.5091,0.4901,413,723,0,0,1,0,0,0,0,0
11145,3.8723,0.4882,413,723,0,0,1,0,0,0,0,0
11146,4.1879,0.5716,413,723,0,0,1,0,0,0,0,0
11147,4.1107,0.6703,413,723,0,0,1,0,0,0,0,0
11148,4.2708,0.4968,413,723,0,0,1,0,0,0,0,0
11149,4.1248,0.4846,412,723,0,0,1,0,0,0,0,0
11150,4.3435,0.7268,412,723,0,0,1,0,0,0,0,0
11151,4.3605,0.4591,411,723,0,0,1,0,0,0,0,0
11152,3.825,0.5418,411,723,0,0,1,0,0,0,0,0
11153,4.1989,0.4556,410,723,0,0,1,0,0,0,0,0
11154,4.0462,0.4426,409,723,0,0,1,0,0,0,0,0
11155,4.1622,0.5136,409,723,0,0,1,0,0,0,0,0
11156,4.2179,0.4376,407,723,0,0,1,0,0,0,0,0
11157,4.1795,0.4892,407,723,0,0,1,0,0,0,0,0
11158,4.1454,0.4665,407,723,0,0,1,0,0,0,0,0
11159,4.1301,0.6171,406,723,0,0,1,0,0,0,0,0
11160,4.2263,0.642,404,723,0,0,1,0,0,0,0,0
11161,4.1955,0.4409,403,723,0,0,1,0,0,0,0,0
11162,4.0908,0.4228,403,723,0,0,1,0,0,0,0,0
11163,4.246,0.5303,403,723,0,0,1,0,0,0,0,0
11164,4.1117,0.4736,402,723,0,0,1,0,0,0,0,0
11165,4.1912,0.614,402,723,0,0,1,0,0,0,0,0
11166,4.1359,0.5072,401,723,0,0,1,0,0,0,0,0
11167,4.2041,0.5035,401,723,0,0,1,0,0,0,0,0
11168,4.156,0.5402,401,723,0,0,1,0,0,0,0,0
11169,4.2113,0.5615,401,723,0,0,1,0,0,0,0,0
11170,4.1418,2.0726,401,723,0,0,1,0,0,0,0,0
11171,4.2783,0.4246,401,723,0,0,1,0,0,0,0,0
11172,4.0345,0.3206,401,723,0,0,1,0,0,0,0,0
11173,4.1502,0.3155,401,723,0,0,1,0,0,0,0,0
11174,4.229,0.5225,400,723,0,0,1,0,0,0,0,0
11175,4.1114,0.3207,398,723,0,0,1,0,0,0,0,0
11176,4.4676,0.3297,398,723,0,0,1,0,0,0,0,0
11177,3.8906,0.394,398,723,0,0,1,0,0,0,0,0
11178,4.1122,0.2795,398,723,0,0,1,0,0,0,0,0
11179,4.2011,0.3229,398,723,0,0,1,0,0,0,0,0
11180,4.1955,0.4525,395,723,0,0,1,0,0,0,0,0
11181,4.1831,0.4931,395,723,0,0,1,0,0,0,0,0
11182,4.1761,0.5048,395,723,0,0,1,0,0,0,0,0
11183,4.0934,0.4531,395,723,0,0,1,0,0,0,0,0
11184,4.1422,0.6142,395,723,0,0,1,0,0,0,0,0
11185,4.2063,0.4411,395,723,0,0,1,0,0,0,0,0
11186,4.2433,2.6623,395,723,0,0,1,0,0,0,0,0
11187,4.079,0.3564,394,723,0,0,1,0,0,0,0,0
11188,4.1843,0.3506,394,723,0,0,1,0,0,0,0,0
11189,4.276,0.4007,393,723,0,0,1,0,0,0,0,0
11190,4.1494,0.3561,392,723,0,0,1,0,0,0,0,0
11191,4.0766,0.3516,392,723,0,0,1,0,0,0,0,0
11192,4.2009,0.3783,390,723,0,0,1,0,0,0,0,0
11193,4.1633,0.424,390,723,0,0,1,0,0,0,0,0
11194,4.1952,0.3879,383,723,0,0,1,0,0,0,0,0
11195,4.1039,0.3436,383,723,0,0,1,0,0,0,0,0
11196,4.1199,0.4236,380,723,0,0,1,0,0,0,0,0
11197,4.2458,0.4314,380,723,0,0,1,0,0,0,0,0
11198,4.1346,0.4333,379,723,0,0,1,0,0,0,0,0
11199,4.2051,0.4892,379,723,0,0,1,0,0,0,0,0
11200,4.1166,0.4613,428,723,0,0,1,0,0,50,16392,0.0094
11201,4.1376,0.4589,428,723,0,0,1,0,0,0,0,0
11202,4.2191,0.4699,428,723,0,0,1,0,0,0,0,0
11203,4.1853,0.5061,427,723,0,0,1,0,0,0,0,0
11204,4.1435,0.512,426,723,0,0,1,0,0,0,0,0
11205,4.1733,0.5468,426,723,0,0,1,0,0,0,0,0
11206,4.3221,0.5466,425,723,0,0,1,0,0,0,0,0
11207,4.0064,0.4789,425,723,0,0,1,0,0,0,0,0
11208,4.1149,0.5044,424,723,0,0,1,0,0,0,0,0
11209,4.2332,0.5049,423,723,0,0,1,0,0,0,0,0
11210,4.497,0.4494,423,723,0,0,1,0,0,0,0,0
11211,3.7682,0.4789,423,723,0,0,1,0,0,0,0,0
11212,4.2083,0.4334,421,723,0,0,1,0,0,0,0,0
11213,4.1569,0.4456,421,723,0,0,1,0,0,0,0,0
11214,4.1843,0.4795,421,723,0,0,1,0,0,0,0,0
11215,4.2902,0.4682,419,723,0,0,1,0,0,0,0,0
11216,4.0318,0.9633,418,723,0,0,1,0,0,0,0,0
11217,4.2513,0.5146,417,723,0,0,1,0,0,0,0,0
11218,4.2811,0.6635,417,723,0,0,1,0,0,0,0,0
11219,3.9689,0.4754,416,723,0,0,1,0,0,0,0,0
11220,4.1561,0.4495,416,723,0,0,1,0,0,0,0,0
11221,4.219,0.4682,416,723,0,0,1,0,0,0,0,0
11222,4.0946,0.6214,415,723,0,0,1,0,0,0,0,0
11223,4.2252,0.4584,415,723,0,0,1,0,0,0,0,0
11224,4.191,0.6558,414,723,0,0,1,0,0,0,0,0
11225,4.0875,0.4346,414,723,0,0,1,0,0,0,0,0
11226,4.1828,0.4427,411,723,0,0,1,0,0,0,0,0
11227,4.1815,0.695,410,723,0,0,1,0,0,0,0,0
11228,4.2038,0.4369,409,723,0,0,1,0,0,0,0,0
11229,4.1293,0.6479,409,723,0,0,1,0,0,0,0,0
11230,4.3302,0.6984,409,723,0,0,1,0,0,0,0,0
11231,4.0155,0.4796,408,723,0,0,1,0,0,0,0,0
11232,4.1353,0.4735,407,723,0,0,1,0,0,0,0,0
11233,4.2041,0.4874,406,723,0,0,1,0,0,0,0,0
11234,4.1968,0.4953,405,723,0,0,1,0,0,0,0,0
11235,4.2867,0.5312,405,723,0,0,1,0,0,0,0,0
11236,4.0393,0.5251,405,723,0,0,1,0,0,0,0,0
11237,4.1282,0.5344,404,723,0,0,1,0,0,0,0,0
11238,4.1699,0.5298,402,723,0,0,1,0,0,0,0,0
11239,4.2208,0.5974,401,723,0,0,1,0,0,0,0,0
11240,4.1249,0.4931,399,723,0,0,1,0,0,0,0,0
11241,4.1514,0.6429,399,723,0,0,1,0,0,0,0,0
11242,4.3251,0.715,399,723,0,0,1,0,0,0,0,0
11243,4.0606,0.5265,399,723,0,0,1,0,0,0,0,0
11244,4.0869,0.6326,399,723,0,0,1,0,0,0,0,0
11245,4.1987,0.4727,398,723,0,0,1,0,0,0,0,0
11246,4.1692,0.4813,397,723,0,0,1,0,0,0,0,0
11247,4.2005,0.5861,395,723,0,0,1,0,0,0,0,0
11248,4.244,0.6488,395,723,0,0,1,0,0,0,0,0
11249,4.0796,0.5368,394,723,0,0,1,0,0,0,0,0
11250,4.142,0.4588,393,723,0,0,1,0,0,0,0,0
11251,4.5192,0.6205,393,723,0,0,1,0,0,0,0,0
11252,3.9033,2.2991,393,723,0,0,1,0,0,0,0,0
11253,4.1108,0.3186,391,723,0,0,1,0,0,0,0,0
11254,4.3435,0.316,391,723,0,0,1,0,0,0,0,0
11255,4.1011,0.4083,390,723,0,0,1,0,0,0,0,0
11256,4.3976,0.3212,390,723,0,0,1,0,0,0,0,0
11257,3.8335,0.4239,390,723,0,0,1,0,0,0,0,0
11258,4.2551,0.4565,390,723,0,0,1,0,0,0,0,0
11259,4.0773,0.4758,390,723,0,0,1,0,0,0,0,0
11260,4.1408,0.4438,388,723,0,0,1,0,0,0,0,0
11261,4.5931,0.6116,380,723,0,0,1,0,0,0,0,0
11262,3.6935,0.4649,380,723,0,0,1,0,0,0,0,0
11263,4.1904,0.5191,379,723,0,0,1,0,0,0,0,0
11264,4.5124,0.7327,379,723,0,0,1,0,0,0,0,0
11265,3.8862,0.4841,378,723,0,0,1,0,0,0,0,0
11266,4.1465,0.5545,378,723,0,0,1,0,0,0,0,0
11267,4.1333,2.6973,427,723,0,0,1,0,0,50,11682,0.008
11268,4.2137,1.4122,427,723,0,0,1,0,0,0,0,0
11269,4.1459,0.3225,427,723,0,0,1,0,0,0,0,0
11270,4.3372,0.3949,426,723,0,0,1,0,0,0,0,0
11271,4.0123,0.3901,425,723,0,0,1,0,0,0,0,0
11272,4.1832,0.3702,423,723,0,0,1,0,0,0,0,0
11273,4.1272,0.5521,423,723,0,0,1,0,0,0,0,0
11274,4.1348,0.369,423,723,0,0,1,0,0,0,0,0
11275,4.5099,0.4672,421,723,0,0,1,0,0,0,0,0
11276,3.8636,2.2381,421,723,0,0,1,0,0,0,0,0
11277,4.1328,0.5257,421,723,0,0,1,0,0,0,0,0
11278,4.4012,0.6266,419,723,0,0,1,0,0,0,0,0
11279,3.9514,0.498,418,723,0,0,1,0,0,0,0,0
11280,4.2346,0.6316,418,723,0,0,1,0,0,0,0,0
11281,4.133,0.5612,418,723,0,0,1,0,0,0,0,0
11282,4.1182,0.4784,418,723,0,0,1,0,0,0,0,0
11283,4.2059,0.8164,417,723,0,0,1,0,0,0,0,0
11284,4.3926,0.4357,417,723,0,0,1,0,0,0,0,0
11285,3.9213,0.5519,417,723,0,0,1,0,0,0,0,0
11286,4.1182,0.4321,415,723,0,0,1,0,0,0,0,0
11287,4.1933,0.446,414,723,0,0,1,0,0,0,0,0
11288,4.2009,0.4705,414,723,0,0,1,0,0,0,0,0
11289,4.2018,0.5271,413,723,0,0,1,0,0,0,0,0
11290,4.0842,0.532,413,723,0,0,1,0,0,0,0,0
11291,4.1955,0.8198,413,723,0,0,1,0,0,0,0,0
11292,4.1739,0.5455,409,723,0,0,1,0,0,0,0,0
11293,4.2969,0.5438,407,723,0,0,1,0,0,0,0,0
11294,4.2169,0.9417,406,723,0,0,1,0,0,0,0,0
11295,4.0742,0.6093,406,723,0,0,1,0,0,0,0,0
11296,4.1818,0.6835,405,723,0,0,1,0,0,0,0,0
11297,4.0666,0.5071,404,723,0,0,1,0,0,0,0,0
11298,4.1851,0.4823,404,723,0,0,1,0,0,0,0,0
11299,4.2578,0.7172,404,723,0,0,1,0,0,0,0,0
11300,4.0953,0.7042,403,723,0,0,1,0,0,0,0,0
11301,4.1627,0.5038,402,723,0,0,1,0,0,0,0,0
11302,4.1207,0.4448,401,723,0,0,1,0,0,0,0,0
11303,4.1627,0.4493,400,723,0,0,1,0,0,0,0,0
11304,4.1794,0.5535,399,723,0,0,1,0,0,0,0,0
11305,4.1949,0.4333,399,723,0,0,1,0,0,0,0,0
11306,4.2762,0.4425,397,723,0,0,1,0,0,0,0,0
11307,4.0481,0.5087,395,723,0,0,1,0,0,0,0,0
11308,4.4462,0.4325,391,723,0,0,1,0,0,0,0,0
11309,3.9065,0.4779,391,723,0,0,1,0,0,0,0,0
11310,4.1472,0.4846,391,723,0,0,1,0,0,0,0,0
11311,4.1615,0.6058,390,723,0,0,1,0,0,0,0,0
11312,4.1385,0.4422,390,723,0,0,1,0,0,0,0,0
11313,4.2588,0.5836,388,723,0,0,1,0,0,0,0,0
11314,4.1386,0.4899,386,723,0,0,1,0,0,0,0,0
11315,4.1043,0.4261,386,723,0,0,1,0,0,0,0,0
11316,4.1821,0.4713,386,723,0,0,1,0,0,0,0,0
11317,4.1547,0.4434,386,723,0,0,1,0,0,0,0,0
11318,4.1805,0.4713,385,723,0,0,1,0,0,0,0,0
11319,4.3672,0.5741,384,723,0,0,1,0,0,0,0,0
11320,3.9618,0.4225,382,723,0,0,1,0,0,0,0,0
11321,4.145,0.4338,382,723,0,0,1,0,0,0,0,0
11322,4.1709,0.4515,382,723,0,0,1,0,0,0,0,0
11323,4.3805,0.4613,382,723,0,0,1,0,0,0,0,0
11324,3.9866,0.7336,382,723,0,0,1,0,0,0,0,0
11325,4.2312,0.5149,382,723,0,0,1,0,0,0,0,0
11326,4.0666,0.5142,382,723,0,0,1,0,0,0,0,0
11327,4.481,0.6567,381,723,0,0,1,0,0,0,0,0
11328,3.8571,0.4937,374,723,0,0,1,0,0,0,0,0
11329,4.1948,0.4406,374,723,0,0,1,0,0,0,0,0
11330,4.2642,0.4678,374,723,0,0,1,0,0,0,0,0
11331,4.1806,0.5354,373,723,0,0,1,0,0,0,0,0
11332,4.0836,0.7625,372,723,0,0,1,0,0,0,0,0
11333,4.2243,0.7128,370,723,0,0,1,0,0,0,0,0
11334,4.037,0.4984,419,723,0,0,1,0,0,50,11700,0.0072
11335,4.1566,0.5822,419,723,0,0,1,0,0,0,0,0
11336,4.267,0.4904,418,723,0,0,1,0,0,0,0,0
11337,4.1605,0.5272,418,723,0,0,1,0,0,0,0,0
11338,4.1193,0.7278,415,723,0,0,1,0,0,0,0,0
11339,4.1843,0.4798,414,723,0,0,1,0,0,0,0,0
11340,4.4164,0.7619,414,723,0,0,1,0,0,0,0,0
11341,3.9066,0.4382,412,723,0,0,1,0,0,0,0,0
11342,4.2103,0.7289,412,723,0,0,1,0,0,0,0,0
11343,4.1448,0.4859,410,723,0,0,1,0,0,0,0,0
11344,4.1662,0.7552,409,723,0,0,1,0,0,0,0,0
11345,4.1398,0.5672,409,723,0,0,1,0,0,0,0,0
11346,4.1358,0.5038,409,723,0,0,1,0,0,0,0,0
11347,4.2131,2.851,409,723,0,0,1,0,0,0,0,0
11348,4.1925,0.3297,409,723,0,0,1,0,0,0,0,0
11349,4.1422,0.6828,409,723,0,0,1,0,0,0,0,0
11350,4.3717,0.5496,408,723,0,0,1,0,0,0,0,0
11351,3.9989,0.5705,408,723,0,0,1,0,0,0,0,0
11352,4.1422,0.5162,408,723,0,0,1,0,0,0,0,0
11353,4.1338,0.599,407,723,0,0,1,0,0,0,0,0
11354,4.1301,0.5904,406,723,0,0,1,0,0,0,0,0
11355,4.2317,0.4478,404,723,0,0,1,0,0,0,0,0
11356,4.182,0.6286,404,723,0,0,1,0,0,0,0,0
11357,4.1213,0.4798,402,723,0,0,1,0,0,0,0,0
11358,4.1586,0.6956,402,723,0,0,1,0,0,0,0,0
11359,4.2324,0.5281,401,723,0,0,1,0,0,0,0,0
11360,4.2117,0.4921,400,723,0,0,1,0,0,0,0,0
11361,4.1872,0.719,400,723,0,0,1,0,0,0,0,0
11362,4.0977,0.4829,400,723,0,0,1,0,0,0,0,0
11363,4.1645,0.7624,399,723,0,0,1,0,0,0,0,0
11364,4.1037,0.7166,399,723,0,0,1,0,0,0,0,0
11365,4.1812,0.5135,399,723,0,0,1,0,0,0,0,0
11366,4.151,0.6683,398,723,0,0,1,0,0,0,0,0
11367,4.1504,0.5224,397,723,0,0,1,0,0,0,0,0
11368,4.3263,0.7325,394,723,0,0,1,0,0,0,0,0
11369,4.1011,0.6515,393,723,0,0,1,0,0,0,0,0
11370,4.1081,0.4616,392,723,0,0,1,0,0,0,0,0
11371,4.2055,0.5046,391,723,0,0,1,0,0,0,0,0
11372,4.1647,1.0147,391,723,0,0,1,0,0,0,0,0
11373,4.2405,0.5437,391,723,0,0,1,0,0,0,0,0
11374,4.4009,0.6899,391,723,0,0,1,0,0,0,0,0
11375,3.9636,0.6381,390,723,0,0,1,0,0,0,0,0
11376,4.0355,0.4549,389,723,0,0,1,0,0,0,0,0
11377,4.2448,1.0034,388,723,0,0,1,0,0,0,0,0
11378,4.0852,0.721,386,723,0,0,1,0,0,0,0,0
11379,4.1691,0.4468,385,723,0,0,1,0,0,0,0,0
11380,4.1334,0.5961,385,723,0,0,1,0,0,0,0,0
11381,4.1699,0.4283,385,723,0,0,1,0,0,0,0,0
11382,4.1876,0.4484,384,723,0,0,1,0,0,0,0,0
11383,4.5836,0.6995,384,723,0,0,1,0,0,0,0,0
11384,4.1205,0.6973,383,723,0,0,1,0,0,0,0,0
11385,3.7981,0.5777,383,723,0,0,1,0,0,0,0,0
11386,4.2105,0.6442,382,723,0,0,1,0,0,0,0,0
11387,4.183,0.7123,381,723,0,0,1,0,0,0,0,0
11388,4.1665,0.709,381,723,0,0,1,0,0,0,0,0
11389,4.123,0.4714,380,723,0,0,1,0,0,0,0,0
11390,4.1591,0.4702,379,723,0,0,1,0,0,0,0,0
11391,4.1601,0.4694,378,723,0,0,1,0,0,0,0,0
11392,4.2492,0.6633,378,723,0,0,1,0,0,0,0,0
11393,4.1149,0.5917,378,723,0,0,1,0,0,0,0,0
11394,4.142,0.4556,378,723,0,0,1,0,0,0,0,0
11395,4.4267,0.8755,377,723,0,0,1,0,0,0,0,0
11396,3.8951,0.4184,370,723,0,0,1,0,0,0,0,0
11397,4.487,0.6141,368,723,0,0,1,0,0,0,0,0
11398,3.8601,0.4287,366,723,0,0,1,0,0,0,0,0
11399,4.2286,0.6514,365,723,0,0,1,0,0,0,0,0
11400,4.1288,0.6271,364,723,0,0,1,0,0,0,0,0
11401,4.1557,0.481,413,723,0,0,1,0,0,50,12219,0.0076
11402,4.1553,0.5047,413,723,0,0,1,0,0,0,0,0
11403,4.2452,0.4843,412,723,0,0,1,0,0,0,0,0
11404,4.0931,0.4471,412,723,0,0,1,0,0,0,0,0
11405,4.1379,0.6185,412,723,0,0,1,0,0,0,0,0
11406,4.1551,0.4505,412,723,0,0,1,0,0,0,0,0
11407,4.2095,0.4922,412,723,0,0,1,0,0,0,0,0
11408,4.8115,0.5316,412,723,0,0,1,0,0,0,0,0
11409,3.5028,0.4911,412,723,0,0,1,0,0,0,0,0
11410,4.3832,0.5671,412,723,0,0,1,0,0,0,0,0
11411,3.9987,0.7057,411,723,0,0,1,0,0,0,0,0
11412,4.1537,0.6466,410,723,0,0,1,0,0,0,0,0
11413,4.2507,0.4655,410,723,0,0,1,0,0,0,0,0
11414,4.0739,0.5372,409,723,0,0,1,0,0,0,0,0
11415,4.1978,0.5541,407,723,0,0,1,0,0,0,0,0
11416,4.2333,0.4884,407,723,0,0,1,0,0,0,0,0
11417,4.1082,0.4724,406,723,0,0,1,0,0,0,0,0
11418,4.0842,0.4617,405,723,0,0,1,0,0,0,0,0
11419,4.2405,0.4989,403,723,0,0,1,0,0,0,0,0
11420,4.097,0.5028,403,723,0,0,1,0,0,0,0,0
11421,4.2081,0.4866,403,723,0,0,1,0,0,0,0,0
11422,4.4227,0.5387,403,723,0,0,1,0,0,0,0,0
11423,3.9293,0.4839,403,723,0,0,1,0,0,0,0,0
11424,4.1923,0.4739,403,723,0,0,1,0,0,0,0,0
11425,4.1261,0.4925,403,723,0,0,1,0,0,0,0,0
11426,4.2768,0.5235,403,723,0,0,1,0,0,0,0,0
11427,4.0122,0.564,401,723,0,0,1,0,0,0,0,0
11428,4.4735,0.7315,400,723,0,0,1,0,0,0,0,0
11429,3.9574,0.5524,399,723,0,0,1,0,0,0,0,0
11430,4.0999,0.4549,399,723,0,0,1,0,0,0,0,0
11431,4.1887,0.6903,399,723,0,0,1,0,0,0,0,0
11432,4.176,0.4659,397,723,0,0,1,0,0,0,0,0
11433,4.1488,0.5417,397,723,0,0,1,0,0,0,0,0
11434,4.2133,0.4914,396,723,0,0,1,0,0,0,0,0
11435,4.1024,0.502,395,723,0,0,1,0,0,0,0,0
11436,4.1495,0.5406,395,723,0,0,1,0,0,0,0,0
11437,4.2114,0.472,395,723,0,0,1,0,0,0,0,0
11438,4.1683,0.4575,395,723,0,0,1,0,0,0,0,0
11439,4.1546,0.4979,395,723,0,0,1,0,0,0,0,0
11440,4.1471,0.4446,393,723,0,0,1,0,0,0,0,0
11441,4.1573,0.4486,393,723,0,0,1,0,0,0,0,0
11442,4.158,0.4602,392,723,0,0,1,0,0,0,0,0
11443,4.1743,0.8199,392,723,0,0,1,0,0,0,0,0
11444,4.3302,0.4357,392,723,0,0,1,0,0,0,0,0
11445,4.0712,0.5101,389,723,0,0,1,0,0,0,0,0
11446,4.1958,0.4975,388,723,0,0,1,0,0,0,0,0
11447,4.0571,0.4299,387,723,0,0,1,0,0,0,0,0
11448,4.1522,0.7483,386,723,0,0,1,0,0,0,0,0
11449,4.2132,0.4593,383,723,0,0,1,0,0,0,0,0
11450,4.3064,0.6376,381,723,0,0,1,0,0,0,0,0
11451,4.0275,0.5105,381,723,0,0,1,0,0,0,0,0
11452,4.2118,0.6295,380,723,0,0,1,0,0,0,0,0
11453,4.1408,0.4791,378,723,0,0,1,0,0,0,0,0
11454,4.1121,0.4258,377,723,0,0,1,0,0,0,0,0
11455,4.1967,0.6002,377,723,0,0,1,0,0,0,0,0
11456,4.139,0.4601,377,723,0,0,1,0,0,0,0,0
11457,4.2339,0.5265,375,723,0,0,1,0,0,0,0,0
11458,4.178,0.5296,375,723,0,0,1,0,0,0,0,0
11459,4.1071,0.4487,375,723,0,0,1,0,0,0,0,0
11460,4.208,0.4645,374,723,0,0,1,0,0,0,0,0
11461,4.1416,0.4428,374,723,0,0,1,0,0,0,0,0
11462,4.2267,0.665,374,723,0,0,1,0,0,0,0,0
11463,4.1125,0.6279,366,723,0,0,1,0,0,0,0,0
11464,4.2041,0.7578,365,723,0,0,1,0,0,0,0,0
11465,4.1375,0.6017,365,723,0,0,1,0,0,0,0,0
11466,4.2703,0.6531,365,723,0,0,1,0,0,0,0,0
11467,4.0799,0.5618,363,723,0,0,1,0,0,0,0,0
11468,4.2019,0.6219,363,723,0,0,1,0,0,0,0,0
11469,4.1154,0.586,413,723,0,0,1,0,0,50,12558,0.0081
11470,4.4006,0.6028,411,723,0,0,1,0,0,0,0,0
11471,3.9999,0.5356,411,723,0,0,1,0,0,0,0,0
11472,4.3288,0.4818,410,723,0,0,1,0,0,0,0,0
11473,4.2184,0.4669,408,723,0,0,1,0,0,0,0,0
11474,3.8655,0.6682,408,723,0,0,1,0,0,0,0,0
11475,4.2854,0.6986,408,723,0,0,1,0,0,0,0,0
11476,4.1436,0.6444,407,723,0,0,1,0,0,0,0,0
11477,4.1534,0.5107,407,723,0,0,1,0,0,0,0,0
11478,4.101,0.6048,406,723,0,0,1,0,0,0,0,0
11479,4.3261,0.4665,406,723,0,0,1,0,0,0,0,0
11480,4.1066,0.4873,406,723,0,0,1,0,0,0,0,0
11481,4.1442,0.7394,406,723,0,0,1,0,0,0,0,0
11482,4.1255,0.4532,406,723,0,0,1,0,0,0,0,0
11483,4.4068,0.4907,406,723,0,0,1,0,0,0,0,0
11484,3.8803,0.6906,406,723,0,0,1,0,0,0,0,0
11485,4.1871,0.599,406,723,0,0,1,0,0,0,0,0
11486,4.1523,0.7791,406,723,0,0,1,0,0,0,0,0
11487,4.216,0.8216,406,723,0,0,1,0,0,0,0,0
11488,4.1123,0.7573,405,723,0,0,1,0,0,0,0,0
11489,4.188,0.5855,405,723,0,0,1,0,0,0,0,0
11490,4.1632,0.4783,405,723,0,0,1,0,0,0,0,0
11491,4.1929,0.5084,405,723,0,0,1,0,0,0,0,0
11492,4.2331,0.4617,405,723,0,0,1,0,0,0,0,0
11493,4.1197,0.7395,405,723,0,0,1,0,0,0,0,0
11494,4.2289,0.6802,404,723,0,0,1,0,0,0,0,0
11495,4.0535,0.453,404,723,0,0,1,0,0,0,0,0
11496,4.1381,0.6317,403,723,0,0,1,0,0,0,0,0
11497,4.247,0.5925,403,723,0,0,1,0,0,0,0,0
11498,4.2159,0.6705,402,723,0,0,1,0,0,0,0,0
11499,4.0815,0.4541,402,723,0,0,1,0,0,0,0,0
11500,4.236,0.7066,402,723,0,0,1,0,0,0,0,0
11501,4.0991,0.4536,401,723,0,0,1,0,0,0,0,0
11502,4.2803,0.4657,401,723,0,0,1,0,0,0,0,0
11503,4.0044,0.4327,400,723,0,0,1,0,0,0,0,0
11504,4.4844,0.48,399,723,0,0,1,0,0,0,0,0
11505,3.9271,0.6962,399,723,0,0,1,0,0,0,0,0
11506,4.3808,0.6536,399,723,0,0,1,0,0,0,0,0
11507,3.963,0.6428,398,723,0,0,1,0,0,0,0,0
11508,4.4452,0.5526,398,723,0,0,1,0,0,0,0,0
11509,3.8657,0.5851,396,723,0,0,1,0,0,0,0,0
11510,4.15,0.5904,395,723,0,0,1,0,0,0,0,0
11511,4.4692,0.4651,395,723,0,0,1,0,0,0,0,0
11512,3.8905,0.6619,393,723,0,0,1,0,0,0,0,0
11513,4.2046,0.7145,392,723,0,0,1,0,0,0,0,0
11514,4.0868,0.4687,391,723,0,0,1,0,0,0,0,0
11515,4.1593,0.5191,389,723,0,0,1,0,0,0,0,0
11516,4.1434,0.4456,388,723,0,0,1,0,0,0,0,0
11517,4.1986,0.4534,388,723,0,0,1,0,0,0,0,0
11518,4.1686,0.6598,385,723,0,0,1,0,0,0,0,0
11519,4.3167,0.65,384,723,0,0,1,0,0,0,0,0
11520,4.059,0.4635,384,723,0,0,1,0,0,0,0,0
11521,4.1201,0.4468,383,723,0,0,1,0,0,0,0,0
11522,4.2057,0.5879,382,723,0,0,1,0,0,0,0,0
11523,4.1927,0.4784,381,723,0,0,1,0,0,0,0,0
11524,4.1446,0.651,379,723,0,0,1,0,0,0,0,0
11525,4.1524,1.2111,378,723,0,0,1,0,0,0,0,0
11526,4.3053,0.4577,378,723,0,0,1,0,0,0,0,0
11527,4.0505,0.5046,378,723,0,0,1,0,0,0,0,0
11528,4.167,0.6927,378,723,0,0,1,0,0,0,0,0
11529,4.3879,0.6572,378,723,0,0,1,0,0,0,0,0
11530,3.9056,0.5374,378,723,0,0,1,0,0,0,0,0
11531,4.2123,0.7751,369,723,0,0,1,0,0,0,0,0
11532,4.1795,0.6154,368,723,0,0,1,0,0,0,0,0
11533,4.1516,0.5138,368,723,0,0,1,0,0,0,0,0
11534,4.3393,0.775,368,723,0,0,1,0,0,0,0,0
11535,3.9983,0.6269,368,723,0,0,1,0,0,0,0,0
11536,4.1204,0.5411,418,723,0,0,1,0,0,50,13227,0.0083
11537,4.243,0.7119,418,723,0,0,1,0,0,0,0,0
11538,4.0844,0.4882,416,723,0,0,1,0,0,0,0,0
11539,4.2257,0.5683,415,723,0,0,1,0,0,0,0,0
11540,4.0835,0.467,412,723,0,0,1,0,0,0,0,0
11541,4.2576,0.4932,411,723,0,0,1,0,0,0,0,0
11542,4.1833,0.5275,409,723,0,0,1,0,0,0,0,0
11543,4.0921,0.589,408,723,0,0,1,0,0,0,0,0
11544,4.1848,0.6588,407,723,0,0,1,0,0,0,0,0
11545,4.1383,0.4647,407,723,0,0,1,0,0,0,0,0
11546,4.1972,0.5134,407,723,0,0,1,0,0,0,0,0
11547,4.1342,0.5136,406,723,0,0,1,0,0,0,0,0
11548,4.1658,0.4372,406,723,0,0,1,0,0,0,0,0
11549,4.1917,0.4616,406,723,0,0,1,0,0,0,0,0
11550,4.117,0.4407,406,723,0,0,1,0,0,0,0,0
11551,4.1826,0.5087,404,723,0,0,1,0,0,0,0,0
11552,4.204,0.5243,403,723,0,0,1,0,0,0,0,0
11553,4.1466,0.5001,403,723,0,0,1,0,0,0,0,0
11554,4.1273,0.5363,403,723,0,0,1,0,0,0,0,0
11555,4.1813,0.5415,403,723,0,0,1,0,0,0,0,0
11556,4.263,0.7735,402,723,0,0,1,0,0,0,0,0
11557,4.1298,3.769,402,723,0,0,1,0,0,0,0,0
11558,4.1357,0.3067,400,723,0,0,1,0,0,0,0,0
11559,4.4112,0.3533,400,723,0,0,1,0,0,0,0,0
11560,3.9851,0.4122,400,723,0,0,1,0,0,0,0,0
11561,4.1298,0.3161,400,723,0,0,1,0,0,0,0,0
11562,4.2363,0.3188,399,723,0,0,1,0,0,0,0,0
11563,4.0638,0.4847,399,723,0,0,1,0,0,0,0,0
11564,4.2371,0.5787,398,723,0,0,1,0,0,0,0,0
11565,4.3908,0.6692,397,723,0,0,1,0,0,0,0,0
11566,3.8693,0.4645,397,723,0,0,1,0,0,0,0,0
11567,4.1804,0.4488,396,723,0,0,1,0,0,0,0,0
11568,4.1488,0.6564,395,723,0,0,1,0,0,0,0,0
11569,4.196,0.4391,395,723,0,0,1,0,0,0,0,0
11570,4.1846,3.823,395,723,0,0,1,0,0,0,0,0
11571,4.3189,0.3605,394,723,0,0,1,0,0,0,0,0
11572,3.9742,0.3219,394,723,0,0,1,0,0,0,0,0
11573,4.2168,0.4498,394,723,0,0,1,0,0,0,0,0
11574,4.1267,0.3216,393,723,0,0,1,0,0,0,0,0
11575,4.2021,0.5191,393,723,0,0,1,0,0,0,0,0
11576,4.1699,0.3524,392,723,0,0,1,0,0,0,0,0
11577,4.1495,0.3267,391,723,0,0,1,0,0,0,0,0
11578,4.215,0.4941,391,723,0,0,1,0,0,0,0,0
11579,4.3429,0.4308,388,723,0,0,1,0,0,0,0,0
11580,4.0128,0.6164,388,723,0,0,1,0,0,0,0,0
11581,4.1034,0.4586,388,723,0,0,1,0,0,0,0,0
11582,4.2417,0.6139,387,723,0,0,1,0,0,0,0,0
11583,4.0653,0.4671,386,723,0,0,1,0,0,0,0,0
11584,4.2053,0.6922,385,723,0,0,1,0,0,0,0,0
11585,4.1614,0.4649,384,723,0,0,1,0,0,0,0,0
11586,4.2828,0.443,384,723,0,0,1,0,0,0,0,0
11587,4.0232,0.4384,384,723,0,0,1,0,0,0,0,0
11588,4.2229,0.4636,384,723,0,0,1,0,0,0,0,0
11589,4.1007,0.4396,384,723,0,0,1,0,0,0,0,0
11590,4.2266,0.5325,383,723,0,0,1,0,0,0,0,0
11591,4.1612,0.6129,382,723,0,0,1,0,0,0,0,0
11592,4.3174,0.4523,382,723,0,0,1,0,0,0,0,0
11593,3.9711,0.4446,381,723,0,0,1,0,0,0,0,0
11594,4.515,0.8078,380,723,0,0,1,0,0,0,0,0
11595,3.8967,0.5751,379,723,0,0,1,0,0,0,0,0
11596,4.1179,0.4612,379,723,0,0,1,0,0,0,0,0
11597,4.1869,0.5806,371,723,0,0,1,0,0,0,0,0
11598,4.1156,0.5403,370,723,0,0,1,0,0,0,0,0
11599,4.1662,0.592,370,723,0,0,1,0,0,0,0,0
11600,4.3083,0.5673,370,723,0,0,1,0,0,0,0,0
11601,4.0717,0.5405,368,723,0,0,1,0,0,0,0,0
11602,4.2598,0.5382,368,723,0,0,1,0,0,0,0,0
11603,4.3354,0.5249,416,723,0,0,1,0,0,50,13521,0.0082
11604,4.1415,0.5381,414,723,0,0,1,0,0,0,0,0
11605,3.8886,0.5054,414,723,0,0,1,0,0,0,0,0
11606,4.2081,0.6863,414,723,0,0,1,0,0,0,0,0
11607,4.2255,0.745,414,723,0,0,1,0,0,0,0,0
11608,4.3201,0.5471,414,723,0,0,1,0,0,0,0,0
11609,3.9122,0.4582,414,723,0,0,1,0,0,0,0,0
11610,4.168,0.4535,414,723,0,0,1,0,0,0,0,0
11611,4.2902,0.4726,414,723,0,0,1,0,0,0,0,0
11612,4.2877,0.6118,413,723,0,0,1,0,0,0,0,0
11613,3.9669,0.6917,412,723,0,0,1,0,0,0,0,0
11614,4.1146,0.4899,412,723,0,0,1,0,0,0,0,0
11615,4.4246,0.5965,412,723,0,0,1,0,0,0,0,0
11616,3.9154,0.4789,411,723,0,0,1,0,0,0,0,0
11617,4.2612,0.6015,410,723,0,0,1,0,0,0,0,0
11618,4.0812,0.7751,410,723,0,0,1,0,0,0,0,0
11619,4.2289,0.732,410,723,0,0,1,0,0,0,0,0
11620,4.1743,0.8149,408,723,0,0,1,0,0,0,0,0
11621,4.1248,0.5655,408,723,0,0,1,0,0,0,0,0
11622,4.0951,0.5112,407,723,0,0,1,0,0,0,0,0
11623,4.1752,0.6209,406,723,0,0,1,0,0,0,0,0
11624,4.2101,0.4606,404,723,0,0,1,0,0,0,0,0
11625,4.1819,0.6301,404,723,0,0,1,0,0,0,0,0
11626,4.3338,0.6722,404,723,0,0,1,0,0,0,0,0
11627,8.1684,0.7598,404,723,0,0,1,0,0,0,0,0
11628,4.1466,0.4851,404,723,0,0,1,0,0,0,0,0
11629,4.1988,0.5163,404,723,0,0,1,0,0,0,0,0
11630,4.3637,0.4502,404,723,0,0,1,0,0,0,0,0
11631,4.2696,0.4606,404,723,0,0,1,0,0,0,0,0
11632,4.0906,0.6149,404,723,0,0,1,0,0,0,0,0
11633,3.9063,0.4358,404,723,0,0,1,0,0,0,0,0
11634,4.1136,0.4347,404,723,0,0,1,0,0,0,0,0
11635,4.1816,0.4396,403,723,0,0,1,0,0,0,0,0
11636,4.2447,0.6525,403,723,0,0,1,0,0,0,0,0
11637,4.1778,0.7194,402,723,0,0,1,0,0,0,0,0
11638,4.1141,0.4709,400,723,0,0,1,0,0,0,0,0
11639,4.1534,0.6707,399,723,0,0,1,0,0,0,0,0
11640,4.2186,0.482,399,723,0,0,1,0,0,0,0,0
11641,4.3526,0.5691,399,723,0,0,1,0,0,0,0,0
11642,4.0189,0.4964,398,723,0,0,1,0,0,0,0,0
11643,4.1401,0.5261,397,723,0,0,1,0,0,0,0,0
11644,4.3919,0.603,397,723,0,0,1,0,0,0,0,0
11645,3.9683,0.7652,397,723,0,0,1,0,0,0,0,0
11646,4.1418,0.5911,397,723,0,0,1,0,0,0,0,0
11647,4.1,0.5168,396,723,0,0,1,0,0,0,0,0
11648,4.1936,0.5929,396,723,0,0,1,0,0,0,0,0
11649,4.1936,0.7842,396,723,0,0,1,0,0,0,0,0
11650,4.2357,0.5326,394,723,0,0,1,0,0,0,0,0
11651,4.0518,0.6473,393,723,0,0,1,0,0,0,0,0
11652,4.1591,0.4596,389,723,0,0,1,0,0,0,0,0
11653,4.1901,0.4964,388,723,0,0,1,0,0,0,0,0
11654,4.1656,0.487,387,723,0,0,1,0,0,0,0,0
11655,4.4448,0.4475,386,723,0,0,1,0,0,0,0,0
11656,3.8994,0.5224,386,723,0,0,1,0,0,0,0,0
11657,4.169,0.4537,385,723,0,0,1,0,0,0,0,0
11658,4.3124,0.4916,385,723,0,0,1,0,0,0,0,0
11659,4.0583,0.7324,384,723,0,0,1,0,0,0,0,0
11660,4.4021,0.5293,382,723,0,0,1,0,0,0,0,0
11661,4.1794,0.6136,382,723,0,0,1,0,0,0,0,0
11662,3.8658,0.5304,382,723,0,0,1,0,0,0,0,0
11663,4.2399,0.7555,375,723,0,0,1,0,0,0,0,0
11664,4.0986,0.5483,375,723,0,0,1,0,0,0,0,0
11665,4.5072,0.7815,375,723,0,0,1,0,0,0,0,0
11666,3.7833,0.5751,374,723,0,0,1,0,0,0,0,0
11667,4.1911,0.7455,373,723,0,0,1,0,0,0,0,0
11668,4.5578,0.6372,372,723,0,0,1,0,0,0,0,0
11669,3.7813,0.5149,421,723,0,0,1,0,0,50,11949,0.0076
11670,4.2542,0.479,421,723,0,0,1,0,0,0,0,0
11671,4.0904,0.8507,421,723,0,0,1,0,0,0,0,0
11672,4.203,0.6447,418,723,0,0,1,0,0,0,0,0
11673,4.1456,0.515,418,723,0,0,1,0,0,0,0,0
11674,4.1526,0.5792,418,723,0,0,1,0,0,0,0,0
11675,4.2057,0.4329,418,723,0,0,1,0,0,0,0,0
11676,4.112,0.4407,418,723,0,0,1,0,0,0,0,0
11677,4.1961,0.4935,415,723,0,0,1,0,0,0,0,0
11678,4.2161,0.5353,415,723,0,0,1,0,0,0,0,0
11679,4.3268,0.5266,415,723,0,0,1,0,0,0,0,0
11680,4.0786,0.826,415,723,0,0,1,0,0,0,0,0
11681,4.0818,0.7904,415,723,0,0,1,0,0,0,0,0
11682,4.1513,0.5944,414,723,0,0,1,0,0,0,0,0
11683,4.1956,0.4963,413,723,0,0,1,0,0,0,0,0
11684,4.0975,0.4536,412,723,0,0,1,0,0,0,0,0
11685,4.2356,0.5009,411,723,0,0,1,0,0,0,0,0
11686,4.0873,0.5879,410,723,0,0,1,0,0,0,0,0
11687,4.2049,0.6486,410,723,0,0,1,0,0,0,0,0
11688,4.1247,0.4677,410,723,0,0,1,0,0,0,0,0
11689,4.3952,0.6731,410,723,0,0,1,0,0,0,0,0
11690,3.9626,0.4457,410,723,0,0,1,0,0,0,0,0
11691,4.1969,0.694,410,723,0,0,1,0,0,0,0,0
11692,4.1613,0.5056,409,723,0,0,1,0,0,0,0,0
11693,4.1781,0.702,407,723,0,0,1,0,0,0,0,0
11694,4.2669,0.6895,407,723,0,0,1,0,0,0,0,0
11695,4.0579,0.4992,405,723,0,0,1,0,0,0,0,0
11696,4.214,0.5522,405,723,0,0,1,0,0,0,0,0
11697,4.1298,0.548,405,723,0,0,1,0,0,0,0,0
11698,4.1186,0.6318,405,723,0,0,1,0,0,0,0,0
11699,4.229,0.7323,405,723,0,0,1,0,0,0,0,0
11700,4.1343,0.517,405,723,0,0,1,0,0,0,0,0
11701,4.2737,0.5338,404,723,0,0,1,0,0,0,0,0
11702,4.114,0.5355,404,723,0,0,1,0,0,0,0,0
11703,4.38,0.5479,404,723,0,0,1,0,0,0,0,0
11704,3.8937,0.5344,404,723,0,0,1,0,0,0,0,0
11705,4.167,0.4877,403,723,0,0,1,0,0,0,0,0
11706,4.2232,0.4608,402,723,0,0,1,0,0,0,0,0
11707,4.1243,0.4492,401,723,0,0,1,0,0,0,0,0
11708,4.2571,0.517,400,723,0,0,1,0,0,0,0,0
11709,4.1044,0.501,400,723,0,0,1,0,0,0,0,0
11710,4.1253,0.4471,399,723,0,0,1,0,0,0,0,0
11711,4.405,0.6591,398,723,0,0,1,0,0,0,0,0
11712,3.8908,0.5335,398,723,0,0,1,0,0,0,0,0
11713,4.3572,0.6341,397,723,0,0,1,0,0,0,0,0
11714,3.9944,0.6813,396,723,0,0,1,0,0,0,0,0
11715,4.2357,0.6059,396,723,0,0,1,0,0,0,0,0
11716,4.1938,0.493,396,723,0,0,1,0,0,0,0,0
11717,4.0522,0.419,395,723,0,0,1,0,0,0,0,0
11718,4.213,0.4301,395,723,0,0,1,0,0,0,0,0
11719,4.1676,0.4407,394,723,0,0,1,0,0,0,0,0
11720,4.1622,0.4539,394,723,0,0,1,0,0,0,0,0
11721,4.3599,0.484,393,723,0,0,1,0,0,0,0,0
11722,4.1503,0.4353,392,723,0,0,1,0,0,0,0,0
11723,3.9425,0.6441,392,723,0,0,1,0,0,0,0,0
11724,4.2056,0.4392,392,723,0,0,1,0,0,0,0,0
11725,4.2381,0.4645,391,723,0,0,1,0,0,0,0,0
11726,4.1223,0.5188,388,723,0,0,1,0,0,0,0,0
11727,4.2204,0.5038,388,723,0,0,1,0,0,0,0,0
11728,4.1093,0.5021,388,723,0,0,1,0,0,0,0,0
11729,4.1538,0.4782,387,723,0,0,1,0,0,0,0,0
11730,4.1741,0.5333,387,723,0,0,1,0,0,0,0,0
11731,4.2161,0.7288,380,723,0,0,1,0,0,0,0,0
11732,4.2673,0.642,380,723,0,0,1,0,0,0,0,0
11733,4.0585,0.4918,380,723,0,0,1,0,0,0,0,0
11734,4.1828,0.5553,379,723,0,0,1,0,0,0,0,0
11735,4.1166,0.4505,379,723,0,0,1,0,0,0,0,0
11736,4.17,0.4872,427,723,0,0,1,0,0,50,13519,0.0108
11737,4.4708,0.5027,427,723,0,0,1,0,0,0,0,0
11738,3.9188,0.5507,426,723,0,0,1,0,0,0,0,0
11739,4.17,0.7936,426,723,0,0,1,0,0,0,0,0
11740,4.1597,0.5454,426,723,0,0,1,0,0,0,0,0
11741,4.0554,0.4966,426,723,0,0,1,0,0,0,0,0
11742,4.2016,0.4943,425,723,0,0,1,0,0,0,0,0
11743,4.1977,0.7374,423,723,0,0,1,0,0,0,0,0
11744,4.19,0.7232,423,723,0,0,1,0,0,0,0,0
11745,4.1658,0.511,422,723,0,0,1,0,0,0,0,0
11746,4.1392,0.4568,422,723,0,0,1,0,0,0,0,0
11747,4.1273,0.6051,421,723,0,0,1,0,0,0,0,0
11748,4.1889,0.4999,421,723,0,0,1,0,0,0,0,0
11749,4.1285,0.5729,420,723,0,0,1,0,0,0,0,0
11750,4.3301,0.5099,419,723,0,0,1,0,0,0,0,0
11751,4.1609,0.5706,419,723,0,0,1,0,0,0,0,0
11752,4.0437,0.7766,418,723,0,0,1,0,0,0,0,0
11753,4.1633,0.4813,418,723,0,0,1,0,0,0,0,0
11754,4.1823,0.5234,418,723,0,0,1,0,0,0,0,0
11755,4.1306,0.5099,418,723,0,0,1,0,0,0,0,0
11756,4.2097,0.6386,418,723,0,0,1,0,0,0,0,0
11757,4.1834,0.79,416,723,0,0,1,0,0,0,0,0
11758,4.1821,0.5148,414,723,0,0,1,0,0,0,0,0
11759,4.038,0.6407,412,723,0,0,1,0,0,0,0,0
11760,4.2323,0.4363,410,723,0,0,1,0,0,0,0,0
11761,4.2485,0.4932,409,723,0,0,1,0,0,0,0,0
11762,4.1634,0.4808,409,723,0,0,1,0,0,0,0,0
11763,4.101,0.4821,408,723,0,0,1,0,0,0,0,0
11764,4.2393,0.617,408,723,0,0,1,0,0,0,0,0
11765,4.0897,0.5269,407,723,0,0,1,0,0,0,0,0
11766,4.1324,0.5736,407,723,0,0,1,0,0,0,0,0
11767,4.1678,0.4913,406,723,0,0,1,0,0,0,0,0
11768,4.1921,0.6065,405,723,0,0,1,0,0,0,0,0
11769,4.2087,0.645,405,723,0,0,1,0,0,0,0,0
11770,4.4212,0.4603,403,723,0,0,1,0,0,0,0,0
11771,3.8447,0.6239,402,723,0,0,1,0,0,0,0,0
11772,4.233,0.7853,402,723,0,0,1,0,0,0,0,0
11773,4.1893,0.5046,401,723,0,0,1,0,0,0,0,0
11774,4.1754,0.4634,401,723,0,0,1,0,0,0,0,0
11775,4.3584,0.6922,400,723,0,0,1,0,0,0,0,0
11776,4.2703,0.5764,400,723,0,0,1,0,0,0,0,0
11777,3.8368,0.4573,399,723,0,0,1,0,0,0,0,0
11778,4.2075,0.5237,398,723,0,0,1,0,0,0,0,0
11779,4.1506,0.8302,397,723,0,0,1,0,0,0,0,0
11780,4.1435,0.4737,397,723,0,0,1,0,0,0,0,0
11781,4.1996,0.4363,396,723,0,0,1,0,0,0,0,0
11782,4.1651,0.7427,396,723,0,0,1,0,0,0,0,0
11783,4.1543,0.6887,395,723,0,0,1,0,0,0,0,0
11784,4.1785,0.6707,395,723,0,0,1,0,0,0,0,0
11785,4.1521,0.4968,394,723,0,0,1,0,0,0,0,0
11786,4.0965,0.5584,393,723,0,0,1,0,0,0,0,0
11787,4.3881,0.4646,391,723,0,0,1,0,0,0,0,0
11788,4.0448,0.6965,391,723,0,0,1,0,0,0,0,0
11789,4.0976,0.4765,391,723,0,0,1,0,0,0,0,0
11790,4.1787,0.4791,390,723,0,0,1,0,0,0,0,0
11791,4.1498,0.5058,390,723,0,0,1,0,0,0,0,0
11792,4.2284,0.5898,388,723,0,0,1,0,0,0,0,0
11793,4.1575,0.6908,388,723,0,0,1,0,0,0,0,0
11794,4.3902,0.4906,388,723,0,0,1,0,0,0,0,0
11795,3.8505,0.6888,385,723,0,0,1,0,0,0,0,0
11796,4.1965,0.4844,385,723,0,0,1,0,0,0,0,0
11797,4.5082,0.6817,385,723,0,0,1,0,0,0,0,0
11798,3.8631,0.5205,378,723,0,0,1,0,0,0,0,0
11799,4.2983,0.5262,378,723,0,0,1,0,0,0,0,0
11800,4.0892,0.6741,377,723,0,0,1,0,0,0,0,0
11801,4.1404,0.823,377,723,0,0,1,0,0,0,0,0
11802,4.1801,0.5318,375,723,0,0,1,0,0,0,0,0
11803,4.0765,0.8717,375,723,0,0,1,0,0,0,0,0
11804,4.2558,0.8636,424,723,0,0,1,0,0,50,9825,0.0076
11805,4.188,0.5563,422,723,0,0,1,0,0,0,0,0
11806,4.0483,0.6482,421,723,0,0,1,0,0,0,0,0
11807,4.2293,0.4648,420,723,0,0,1,0,0,0,0,0
11808,4.1227,0.5015,420,723,0,0,1,0,0,0,0,0
11809,4.2313,0.5236,420,723,0,0,1,0,0,0,0,0
11810,4.2022,0.6084,419,723,0,0,1,0,0,0,0,0
11811,4.1205,0.7188,418,723,0,0,1,0,0,0,0,0
11812,4.4195,0.7564,418,723,0,0,1,0,0,0,0,0
11813,3.8882,0.5081,417,723,0,0,1,0,0,0,0,0
11814,4.326,0.5785,416,723,0,0,1,0,0,0,0,0
11815,3.9937,0.8046,414,723,0,0,1,0,0,0,0,0
11816,4.2399,0.8016,414,723,0,0,1,0,0,0,0,0
11817,4.1602,0.4987,414,723,0,0,1,0,0,0,0,0
11818,4.3373,0.4606,413,723,0,0,1,0,0,0,0,0
11819,3.9821,0.6765,413,723,0,0,1,0,0,0,0,0
11820,4.1697,0.4633,413,723,0,0,1,0,0,0,0,0
11821,4.1439,0.4994,412,723,0,0,1,0,0,0,0,0
11822,4.1569,0.4988,410,723,0,0,1,0,0,0,0,0
11823,4.3135,0.5271,410,723,0,0,1,0,0,0,0,0
11824,4.054,0.5663,408,723,0,0,1,0,0,0,0,0
11825,4.0949,0.4323,408,723,0,0,1,0,0,0,0,0
11826,4.2694,0.7699,408,723,0,0,1,0,0,0,0,0
11827,4.1088,0.6204,408,723,0,0,1,0,0,0,0,0
11828,4.1538,0.5373,408,723,0,0,1,0,0,0,0,0
11829,4.2178,0.5806,406,723,0,0,1,0,0,0,0,0
11830,4.4217,0.8263,406,723,0,0,1,0,0,0,0,0
11831,4.1393,0.4798,405,723,0,0,1,0,0,0,0,0
11832,3.8839,0.4891,405,723,0,0,1,0,0,0,0,0
11833,4.1976,0.5137,405,723,0,0,1,0,0,0,0,0
11834,4.1391,0.8734,404,723,0,0,1,0,0,0,0,0
11835,4.1927,0.453,404,723,0,0,1,0,0,0,0,0
11836,4.1624,0.4842,404,723,0,0,1,0,0,0,0,0
11837,4.1117,0.5353,402,723,0,0,1,0,0,0,0,0
11838,4.2787,0.4483,401,723,0,0,1,0,0,0,0,0
11839,4.1933,0.6937,400,723,0,0,1,0,0,0,0,0
11840,4.1608,0.7139,400,723,0,0,1,0,0,0,0,0
11841,4.1251,0.4872,400,723,0,0,1,0,0,0,0,0
11842,4.2224,0.4365,400,723,0,0,1,0,0,0,0,0
11843,4.0422,0.4394,399,723,0,0,1,0,0,0,0,0
11844,4.1952,0.6583,398,723,0,0,1,0,0,0,0,0
11845,4.2495,0.6207,398,723,0,0,1,0,0,0,0,0
11846,4.1305,0.5416,398,723,0,0,1,0,0,0,0,0
11847,4.0993,0.482,396,723,0,0,1,0,0,0,0,0
11848,4.2306,0.5278,394,723,0,0,1,0,0,0,0,0
11849,4.0802,0.5124,394,723,0,0,1,0,0,0,0,0
11850,4.2031,0.6469,394,723,0,0,1,0,0,0,0,0
11851,4.2937,0.7604,392,723,0,0,1,0,0,0,0,0
11852,4.145,0.5683,392,723,0,0,1,0,0,0,0,0
11853,4.1368,0.8768,388,723,0,0,1,0,0,0,0,0
11854,4.372,0.6003,387,723,0,0,1,0,0,0,0,0
11855,3.8642,0.5853,387,723,0,0,1,0,0,0,0,0
11856,4.1706,0.5074,387,723,0,0,1,0,0,0,0,0
11857,4.1914,0.5053,387,723,0,0,1,0,0,0,0,0
11858,4.1891,0.6195,387,723,0,0,1,0,0,0,0,0
11859,4.2316,0.739,387,723,0,0,1,0,0,0,0,0
11860,4.0902,0.5925,386,723,0,0,1,0,0,0,0,0
11861,4.1362,0.5357,386,723,0,0,1,0,0,0,0,0
11862,4.1908,0.6125,386,723,0,0,1,0,0,0,0,0
11863,4.2232,0.7315,386,723,0,0,1,0,0,0,0,0
11864,4.1034,0.5255,384,723,0,0,1,0,0,0,0,0
11865,4.3944,0.6305,376,723,0,0,1,0,0,0,0,0
11866,4.2977,0.5263,376,723,0,0,1,0,0,0,0,0
11867,3.777,0.7001,375,723,0,0,1,0,0,0,0,0
11868,4.1954,0.5985,375,723,0,0,1,0,0,0,0,0
11869,4.2279,0.7735,375,723,0,0,1,0,0,0,0,0
11870,4.3377,0.6817,375,723,0,0,1,0,0,0,0,0
11871,3.9399,0.5498,424,723,0,0,1,0,0,50,12269,0.0081
11872,4.1881,0.5379,423,723,0,0,1,0,0,0,0,0
11873,4.1359,0.4785,423,723,0,0,1,0,0,0,0,0
11874,4.1843,0.4951,422,723,0,0,1,0,0,0,0,0
11875,4.4032,0.4523,421,723,0,0,1,0,0,0,0,0
11876,4.0718,0.6848,421,723,0,0,1,0,0,0,0,0
11877,3.9982,0.4906,421,723,0,0,1,0,0,0,0,0
11878,4.1926,0.4866,421,723,0,0,1,0,0,0,0,0
11879,4.084,0.4492,420,723,0,0,1,0,0,0,0,0
11880,4.2337,0.4719,420,723,0,0,1,0,0,0,0,0
11881,4.1851,0.6354,418,723,0,0,1,0,0,0,0,0
11882,4.1595,0.6727,416,723,0,0,1,0,0,0,0,0
11883,4.2431,0.6605,415,723,0,0,1,0,0,0,0,0
11884,4.1017,0.5181,415,723,0,0,1,0,0,0,0,0
11885,4.1192,0.4693,415,723,0,0,1,0,0,0,0,0
11886,4.1429,0.8084,415,723,0,0,1,0,0,0,0,0
11887,4.2288,0.967,415,723,0,0,1,0,0,0,0,0
11888,4.2228,0.4645,414,723,0,0,1,0,0,0,0,0
11889,4.2864,0.6637,413,723,0,0,1,0,0,0,0,0
11890,4.325,0.4447,412,723,0,0,1,0,0,0,0,0
11891,3.7927,0.6385,411,723,0,0,1,0,0,0,0,0
11892,4.1969,0.4479,411,723,0,0,1,0,0,0,0,0
11893,4.1834,0.4872,411,723,0,0,1,0,0,0,0,0
11894,4.1842,0.4889,410,723,0,0,1,0,0,0,0,0
11895,4.3013,0.5096,408,723,0,0,1,0,0,0,0,0
11896,4.0099,0.5407,408,723,0,0,1,0,0,0,0,0
11897,4.156,0.5496,408,723,0,0,1,0,0,0,0,0
11898,4.2221,0.5995,407,723,0,0,1,0,0,0,0,0
11899,4.1093,0.5594,407,723,0,0,1,0,0,0,0,0
11900,4.1772,0.5322,407,723,0,0,1,0,0,0,0,0
11901,4.2209,0.4731,407,723,0,0,1,0,0,0,0,0
11902,4.1016,0.8358,407,723,0,0,1,0,0,0,0,0
11903,4.1633,0.6308,407,723,0,0,1,0,0,0,0,0
11904,4.1403,0.4574,407,723,0,0,1,0,0,0,0,0
11905,4.2229,0.5202,406,723,0,0,1,0,0,0,0,0
11906,4.4593,0.4479,405,723,0,0,1,0,0,0,0,0
11907,4.063,0.4333,405,723,0,0,1,0,0,0,0,0
11908,4.0825,0.6301,405,723,0,0,1,0,0,0,0,0
11909,4.0379,0.4447,405,723,0,0,1,0,0,0,0,0
11910,4.2578,0.5015,404,723,0,0,1,0,0,0,0,0
11911,4.05,0.4437,403,723,0,0,1,0,0,0,0,0
11912,4.2288,0.6124,402,723,0,0,1,0,0,0,0,0
11913,4.1703,0.442,401,723,0,0,1,0,0,0,0,0
11914,4.4047,0.5312,400,723,0,0,1,0,0,0,0,0
11915,3.8675,0.6656,398,723,0,0,1,0,0,0,0,0
11916,4.2003,0.4645,396,723,0,0,1,0,0,0,0,0
11917,4.2163,0.5215,395,723,0,0,1,0,0,0,0,0
11918,4.1688,0.495,394,723,0,0,1,0,0,0,0,0
11919,4.2725,0.4347,394,723,0,0,1,0,0,0,0,0
11920,4.0281,0.737,394,723,0,0,1,0,0,0,0,0
11921,4.1125,0.4486,393,723,0,0,1,0,0,0,0,0
11922,4.2173,0.5334,393,723,0,0,1,0,0,0,0,0
11923,4.1169,0.4499,393,723,0,0,1,0,0,0,0,0
11924,4.4866,0.5267,392,723,0,0,1,0,0,0,0,0
11925,3.9252,0.6581,392,723,0,0,1,0,0,0,0,0
11926,4.1152,0.7603,390,723,0,0,1,0,0,0,0,0
11927,4.2223,0.9406,387,723,0,0,1,0,0,0,0,0
11928,4.1188,0.6605,386,723,0,0,1,0,0,0,0,0
11929,4.469,0.7303,385,723,0,0,1,0,0,0,0,0
11930,3.9069,0.5162,383,723,0,0,1,0,0,0,0,0
11931,4.1786,0.595,382,723,0,0,1,0,0,0,0,0
11932,4.2996,0.5141,374,723,0,0,1,0,0,0,0,0
11933,3.993,0.4596,371,723,0,0,1,0,0,0,0,0
11934,4.1189,0.6984,369,723,0,0,1,0,0,0,0,0
11935,4.1944,0.4277,369,723,0,0,1,0,0,0,0,0
11936,4.2208,0.5589,369,723,0,0,1,0,0,0,0,0
11937,4.1119,0.5406,369,723,0,0,1,0,0,0,0,0
11938,4.4563,0.4719,419,723,0,0,1,0,0,50,11145,0.0076
11939,3.9764,0.6876,418,723,0,0,1,0,0,0,0,0
11940,4.0934,0.4633,418,723,0,0,1,0,0,0,0,0
11941,4.4561,0.6138,418,723,0,0,1,0,0,0,0,0
11942,3.9255,0.9564,418,723,0,0,1,0,0,0,0,0
11943,8.3084,0.514,415,723,0,0,1,0,0,0,0,0
11944,4.1374,0.9529,413,723,0,0,1,0,0,0,0,0
11945,4.4001,0.8095,413,723,0,0,1,0,0,0,0,0
11946,3.9606,0.4625,413,723,0,0,1,0,0,0,0,0
11947,4.1752,0.7031,413,723,0,0,1,0,0,0,0,0
11948,4.1397,0.5038,413,723,0,0,1,0,0,0,0,0
11949,4.2062,0.7136,411,723,0,0,1,0,0,0,0,0
11950,4.355,0.6411,411,723,0,0,1,0,0,0,0,0
11951,3.95,0.4447,411,723,0,0,1,0,0,0,0,0
11952,4.2077,0.5514,411,723,0,0,1,0,0,0,0,0
11953,4.1787,0.4979,410,723,0,0,1,0,0,0,0,0
11954,4.1561,0.9104,410,723,0,0,1,0,0,0,0,0
11955,4.1248,0.5014,409,723,0,0,1,0,0,0,0,0
11956,4.1362,0.7175,409,723,0,0,1,0,0,0,0,0
11957,4.2512,0.6924,408,723,0,0,1,0,0,0,0,0
11958,4.1563,1.4776,408,723,0,0,1,0,0,0,0,0
11959,4.1984,0.4055,407,723,0,0,1,0,0,0,0,0
11960,4.2854,0.4137,407,723,0,0,1,0,0,0,0,0
11961,4.133,0.3831,406,723,0,0,1,0,0,0,0,0
11962,4.0174,0.6093,406,723,0,0,1,0,0,0,0,0
11963,4.1679,0.4263,406,723,0,0,1,0,0,0,0,0
11964,4.1505,0.3988,406,723,0,0,1,0,0,0,0,0
11965,4.1354,0.6285,405,723,0,0,1,0,0,0,0,0
11966,4.1691,0.5619,405,723,0,0,1,0,0,0,0,0
11967,4.1494,0.5502,405,723,0,0,1,0,0,0,0,0
11968,4.1621,0.5447,405,723,0,0,1,0,0,0,0,0
11969,4.1824,0.4691,405,723,0,0,1,0,0,0,0,0
11970,4.2811,0.6379,405,723,0,0,1,0,0,0,0,0
11971,4.0987,0.5175,404,723,0,0,1,0,0,0,0,0
11972,4.1685,0.524,404,723,0,0,1,0,0,0,0,0
11973,4.4976,0.6321,402,723,0,0,1,0,0,0,0,0
11974,3.7605,0.6426,402,723,0,0,1,0,0,0,0,0
11975,4.2327,0.4405,401,723,0,0,1,0,0,0,0,0
11976,4.1846,0.6214,401,723,0,0,1,0,0,0,0,0
11977,4.2042,0.4957,400,723,0,0,1,0,0,0,0,0
11978,4.1537,0.644,398,723,0,0,1,0,0,0,0,0
11979,4.1267,0.5092,397,723,0,0,1,0,0,0,0,0
11980,4.0994,0.7217,396,723,0,0,1,0,0,0,0,0
11981,4.4302,0.4841,395,723,0,0,1,0,0,0,0,0
11982,3.9641,0.4874,395,723,0,0,1,0,0,0,0,0
11983,4.4823,0.6291,392,723,0,0,1,0,0,0,0,0
11984,3.9084,0.6103,392,723,0,0,1,0,0,0,0,0
11985,4.2613,0.463,392,723,0,0,1,0,0,0,0,0
11986,3.9537,0.505,392,723,0,0,1,0,0,0,0,0
11987,4.2135,0.4545,391,723,0,0,1,0,0,0,0,0
11988,4.1871,0.6062,391,723,0,0,1,0,0,0,0,0
11989,4.326,0.6731,390,723,0,0,1,0,0,0,0,0
11990,3.9844,0.446,389,723,0,0,1,0,0,0,0,0
11991,4.2097,0.6461,388,723,0,0,1,0,0,0,0,0
11992,4.1289,0.432,387,723,0,0,1,0,0,0,0,0
11993,4.1574,0.5333,386,723,0,0,1,0,0,0,0,0
11994,4.3358,0.6344,386,723,0,0,1,0,0,0,0,0
11995,4.0723,0.4287,385,723,0,0,1,0,0,0,0,0
11996,4.1183,0.544,385,723,0,0,1,0,0,0,0,0
11997,4.1459,0.4591,385,723,0,0,1,0,0,0,0,0
11998,4.1369,0.6144,377,723,0,0,1,0,0,0,0,0
11999,4.2228,0.8837,377,723,0,0,1,0,0,0,0,0
12000,4.1787,0.51,377,723,0,0,1,0,0,0,0,0
12001,4.4976,0.6463,374,723,0,0,1,0,0,0,0,0
12002,3.8738,0.667,374,723,0,0,1,0,0,0,0,0
12003,4.1638,0.5006,373,723,0,0,1,0,0,0,0,0
12004,4.2327,0.5081,423,723,0,0,1,0,0,50,10956,0.0069
12005,4.0722,0.4901,423,723,0,0,1,0,0,0,0,0
12006,4.1261,0.4683,423,723,0,0,1,0,0,0,0,0
12007,4.267,0.7262,422,723,0,0,1,0,0,0,0,0
12008,4.1085,0.8346,421,723,0,0,1,0,0,0,0,0
12009,4.1703,0.4553,420,723,0,0,1,0,0,0,0,0
12010,4.1285,0.4955,419,723,0,0,1,0,0,0,0,0
12011,4.184,0.642,418,723,0,0,1,0,0,0,0,0
12012,4.2279,0.5149,418,723,0,0,1,0,0,0,0,0
12013,4.1426,0.5215,417,723,0,0,1,0,0,0,0,0
12014,4.1976,0.4716,415,723,0,0,1,0,0,0,0,0
12015,4.1627,0.5304,415,723,0,0,1,0,0,0,0,0
12016,4.0789,0.4528,414,723,0,0,1,0,0,0,0,0
12017,4.1969,0.5247,413,723,0,0,1,0,0,0,0,0
12018,4.1427,0.4519,413,723,0,0,1,0,0,0,0,0
12019,4.3258,0.4724,413,723,0,0,1,0,0,0,0,0
12020,4.0635,0.7233,413,723,0,0,1,0,0,0,0,0
12021,4.2911,0.6146,413,723,0,0,1,0,0,0,0,0
12022,4.0268,0.7442,412,723,0,0,1,0,0,0,0,0
12023,4.1309,0.4408,411,723,0,0,1,0,0,0,0,0
12024,4.2135,0.5488,411,723,0,0,1,0,0,0,0,0
12025,4.1719,0.4982,411,723,0,0,1,0,0,0,0,0
12026,4.197,0.7646,411,723,0,0,1,0,0,0,0,0
12027,4.1083,0.5073,410,723,0,0,1,0,0,0,0,0
12028,4.1381,0.5519,410,723,0,0,1,0,0,0,0,0
12029,4.2123,0.5134,408,723,0,0,1,0,0,0,0,0
12030,4.176,0.6396,406,723,0,0,1,0,0,0,0,0
12031,4.2523,0.629,406,723,0,0,1,0,0,0,0,0
12032,4.1221,0.6503,406,723,0,0,1,0,0,0,0,0
12033,4.3609,2.2864,406,723,0,0,1,0,0,0,0,0
12034,3.8624,0.3445,406,723,0,0,1,0,0,0,0,0
12035,4.2218,0.3318,406,723,0,0,1,0,0,0,0,0
12036,4.3332,0.3821,406,723,0,0,1,0,0,0,0,0
12037,4.0062,0.3793,405,723,0,0,1,0,0,0,0,0
12038,4.122,0.357,405,723,0,0,1,0,0,0,0,0
12039,4.1092,0.5698,405,723,0,0,1,0,0,0,0,0
12040,4.2264,0.3541,405,723,0,0,1,0,0,0,0,0
12041,4.1548,0.3856,405,723,0,0,1,0,0,0,0,0
12042,4.1777,0.482,405,723,0,0,1,0,0,0,0,0
12043,4.2017,0.6814,404,723,0,0,1,0,0,0,0,0
12044,4.182,0.6467,403,723,0,0,1,0,0,0,0,0
12045,4.1569,0.7472,401,723,0,0,1,0,0,0,0,0
12046,4.1576,0.5027,401,723,0,0,1,0,0,0,0,0
12047,4.1355,0.5089,401,723,0,0,1,0,0,0,0,0
12048,4.2226,0.5766,400,723,0,0,1,0,0,0,0,0
12049,4.1196,0.5806,400,723,0,0,1,0,0,0,0,0
12050,4.1966,0.6504,400,723,0,0,1,0,0,0,0,0
12051,4.3006,0.6587,399,723,0,0,1,0,0,0,0,0
12052,4.0003,0.455,397,723,0,0,1,0,0,0,0,0
12053,4.1567,0.4511,395,723,0,0,1,0,0,0,0,0
12054,4.1824,0.4646,395,723,0,0,1,0,0,0,0,0
12055,4.2052,0.5174,395,723,0,0,1,0,0,0,0,0
12056,4.2352,0.5637,394,723,0,0,1,0,0,0,0,0
12057,4.0743,0.4517,392,723,0,0,1,0,0,0,0,0
12058,4.2133,0.4519,391,723,0,0,1,0,0,0,0,0
12059,4.0873,0.4398,391,723,0,0,1,0,0,0,0,0
12060,4.2127,0.5751,391,723,0,0,1,0,0,0,0,0
12061,4.1717,0.4782,391,723,0,0,1,0,0,0,0,0
12062,4.1048,0.4702,390,723,0,0,1,0,0,0,0,0
12063,4.2003,0.5548,390,723,0,0,1,0,0,0,0,0
12064,4.2709,0.4647,390,723,0,0,1,0,0,0,0,0
12065,4.1114,0.499,389,723,0,0,1,0,0,0,0,0
12066,4.1595,0.5732,382,723,0,0,1,0,0,0,0,0
12067,4.1041,0.4507,381,723,0,0,1,0,0,0,0,0
12068,4.2071,0.6666,380,723,0,0,1,0,0,0,0,0
12069,4.1406,0.4813,380,723,0,0,1,0,0,0,0,0
12070,4.2674,0.6149,380,723,0,0,1,0,0,0,0,0
12071,4.1335,0.476,430,723,0,0,1,0,0,50,13408,0.0083
12072,4.1476,0.5285,427,723,0,0,1,0,0,0,0,0
12073,4.1175,0.5087,426,723,0,0,1,0,0,0,0,0
12074,4.2184,0.5668,426,723,0,0,1,0,0,0,0,0
12075,4.1027,0.6823,426,723,0,0,1,0,0,0,0,0
12076,4.1675,0.7312,425,723,0,0,1,0,0,0,0,0
12077,4.2369,0.7031,423,723,0,0,1,0,0,0,0,0
12078,4.1957,0.7358,421,723,0,0,1,0,0,0,0,0
12079,4.139,0.5547,420,723,0,0,1,0,0,0,0,0
12080,4.1118,0.5878,419,723,0,0,1,0,0,0,0,0
12081,4.1652,0.4668,419,723,0,0,1,0,0,0,0,0
12082,4.1448,0.7146,417,723,0,0,1,0,0,0,0,0
12083,4.1716,0.4699,415,723,0,0,1,0,0,0,0,0
12084,4.2729,0.5261,413,723,0,0,1,0,0,0,0,0
12085,4.0846,0.5204,413,723,0,0,1,0,0,0,0,0
12086,4.2362,0.4494,413,723,0,0,1,0,0,0,0,0
12087,4.3593,0.4347,413,723,0,0,1,0,0,0,0,0
12088,4.0437,0.4644,413,723,0,0,1,0,0,0,0,0
12089,4.1423,0.746,412,723,0,0,1,0,0,0,0,0
12090,4.0601,0.4613,412,723,0,0,1,0,0,0,0,0
12091,4.213,0.497,411,723,0,0,1,0,0,0,0,0
12092,4.322,0.639,411,723,0,0,1,0,0,0,0,0
12093,4.2719,0.7463,410,723,0,0,1,0,0,0,0,0
12094,3.8301,0.5012,409,723,0,0,1,0,0,0,0,0
12095,4.1814,0.5189,409,723,0,0,1,0,0,0,0,0
12096,4.1519,0.5802,409,723,0,0,1,0,0,0,0,0
12097,4.2093,0.682,409,723,0,0,1,0,0,0,0,0
12098,4.1754,0.6853,409,723,0,0,1,0,0,0,0,0
12099,4.1793,0.647,409,723,0,0,1,0,0,0,0,0
12100,4.101,0.5293,409,723,0,0,1,0,0,0,0,0
12101,4.2492,0.6476,407,723,0,0,1,0,0,0,0,0
12102,4.1699,0.5497,407,723,0,0,1,0,0,0,0,0
12103,4.1614,0.4953,407,723,0,0,1,0,0,0,0,0
12104,4.1456,0.5029,407,723,0,0,1,0,0,0,0,0
12105,4.1877,0.609,406,723,0,0,1,0,0,0,0,0
12106,4.0532,0.4806,404,723,0,0,1,0,0,0,0,0
12107,4.2461,0.4463,404,723,0,0,1,0,0,0,0,0
12108,4.1726,0.4453,402,723,0,0,1,0,0,0,0,0
12109,4.1907,0.6838,401,723,0,0,1,0,0,0,0,0
12110,4.8849,0.4489,400,723,0,0,1,0,0,0,0,0
12111,3.352,0.4228,400,723,0,0,1,0,0,0,0,0
12112,4.2013,0.4404,399,723,0,0,1,0,0,0,0,0
12113,4.1591,0.4655,397,723,0,0,1,0,0,0,0,0
12114,4.2603,0.6414,396,723,0,0,1,0,0,0,0,0
12115,4.2849,0.5935,396,723,0,0,1,0,0,0,0,0
12116,3.971,0.4989,395,723,0,0,1,0,0,0,0,0
12117,4.2236,0.6839,394,723,0,0,1,0,0,0,0,0
12118,4.1062,0.4883,394,723,0,0,1,0,0,0,0,0
12119,4.2129,0.4915,393,723,0,0,1,0,0,0,0,0
12120,4.1848,0.7349,392,723,0,0,1,0,0,0,0,0
12121,4.2689,0.6368,391,723,0,0,1,0,0,0,0,0
12122,4.0527,0.7484,390,723,0,0,1,0,0,0,0,0
12123,4.2232,0.6908,390,723,0,0,1,0,0,0,0,0
12124,4.1064,2.0967,389,723,0,0,1,0,0,0,0,0
12125,4.5559,0.4968,389,723,0,0,1,0,0,0,0,0
12126,3.717,0.5104,389,723,0,0,1,0,0,0,0,0
12127,4.1871,0.4997,389,723,0,0,1,0,0,0,0,0
12128,4.1562,0.5324,389,723,0,0,1,0,0,0,0,0
12129,4.2592,0.5798,387,723,0,0,1,0,0,0,0,0
12130,4.049,0.4751,387,723,0,0,1,0,0,0,0,0
12131,4.2305,0.5155,387,723,0,0,1,0,0,0,0,0
12132,4.0866,0.6526,385,723,0,0,1,0,0,0,0,0
12133,4.3734,0.8597,377,723,0,0,1,0,0,0,0,0
12134,4.5237,0.5003,375,723,0,0,1,0,0,0,0,0
12135,3.6554,0.5099,374,723,0,0,1,0,0,0,0,0
12136,4.1835,0.469,374,723,0,0,1,0,0,0,0,0
12137,4.1209,0.5959,374,723,0,0,1,0,0,0,0,0
12138,4.2409,0.6763,424,723,0,0,1,0,0,50,10464,0.0077
12139,4.1738,0.7602,424,723,0,0,1,0,0,0,0,0
12140,4.1271,0.5268,421,723,0,0,1,0,0,0,0,0
12141,4.2198,0.6606,420,723,0,0,1,0,0,0,0,0
12142,4.1118,0.461,419,723,0,0,1,0,0,0,0,0
12143,4.1694,0.485,419,723,0,0,1,0,0,0,0,0
12144,4.1311,0.5191,419,723,0,0,1,0,0,0,0,0
12145,4.151,0.4591,419,723,0,0,1,0,0,0,0,0
12146,4.2577,0.6745,419,723,0,0,1,0,0,0,0,0
12147,4.1429,0.4943,419,723,0,0,1,0,0,0,0,0
12148,4.1255,0.4291,417,723,0,0,1,0,0,0,0,0
12149,4.6293,0.4734,417,723,0,0,1,0,0,0,0,0
12150,3.7404,0.4944,417,723,0,0,1,0,0,0,0,0
12151,4.1047,0.754,416,723,0,0,1,0,0,0,0,0
12152,4.2965,0.7194,415,723,0,0,1,0,0,0,0,0
12153,4.0788,0.5275,415,723,0,0,1,0,0,0,0,0
12154,4.1678,0.464,414,723,0,0,1,0,0,0,0,0
12155,4.2039,0.606,413,723,0,0,1,0,0,0,0,0
12156,4.3454,0.4911,413,723,0,0,1,0,0,0,0,0
12157,4.0339,0.4758,413,723,0,0,1,0,0,0,0,0
12158,4.0447,0.4528,412,723,0,0,1,0,0,0,0,0
12159,4.2154,0.7586,411,723,0,0,1,0,0,0,0,0
12160,4.12,0.483,411,723,0,0,1,0,0,0,0,0
12161,4.2341,0.5003,409,723,0,0,1,0,0,0,0,0
12162,4.186,0.5357,408,723,0,0,1,0,0,0,0,0
12163,4.2182,0.6823,408,723,0,0,1,0,0,0,0,0
12164,4.1302,0.4349,408,723,0,0,1,0,0,0,0,0
12165,4.1829,0.6803,406,723,0,0,1,0,0,0,0,0
12166,4.083,0.7194,405,723,0,0,1,0,0,0,0,0
12167,4.2151,0.5208,405,723,0,0,1,0,0,0,0,0
12168,4.238,0.4757,405,723,0,0,1,0,0,0,0,0
12169,4.0734,0.5088,405,723,0,0,1,0,0,0,0,0
12170,4.1405,0.5092,405,723,0,0,1,0,0,0,0,0
12171,4.2581,0.6997,404,723,0,0,1,0,0,0,0,0
12172,4.0792,0.5021,402,723,0,0,1,0,0,0,0,0
12173,4.1645,0.5842,400,723,0,0,1,0,0,0,0,0
12174,4.1694,0.5147,399,723,0,0,1,0,0,0,0,0
12175,4.2716,0.5513,399,723,0,0,1,0,0,0,0,0
12176,4.0974,0.5469,399,723,0,0,1,0,0,0,0,0
12177,4.1031,0.476,398,723,0,0,1,0,0,0,0,0
12178,4.1527,0.646,397,723,0,0,1,0,0,0,0,0
12179,4.2978,0.7734,395,723,0,0,1,0,0,0,0,0
12180,4.2093,0.5058,394,723,0,0,1,0,0,0,0,0
12181,4.0407,0.4522,392,723,0,0,1,0,0,0,0,0
12182,4.1591,0.473,391,723,0,0,1,0,0,0,0,0
12183,4.1803,0.4481,391,723,0,0,1,0,0,0,0,0
12184,4.172,0.4641,391,723,0,0,1,0,0,0,0,0
12185,4.2386,0.5332,390,723,0,0,1,0,0,0,0,0
12186,4.1038,0.4772,386,723,0,0,1,0,0,0,0,0
12187,4.1349,0.5969,386,723,0,0,1,0,0,0,0,0
12188,4.1599,0.4777,386,723,0,0,1,0,0,0,0,0
12189,4.2351,0.679,386,723,0,0,1,0,0,0,0,0
12190,4.2445,0.4574,383,723,0,0,1,0,0,0,0,0
12191,4.0396,0.5215,383,723,0,0,1,0,0,0,0,0
12192,4.1919,0.5275,383,723,0,0,1,0,0,0,0,0
12193,4.1976,0.5182,383,723,0,0,1,0,0,0,0,0
12194,4.0844,0.4751,382,723,0,0,1,0,0,0,0,0
12195,4.1895,0.5394,381,723,0,0,1,0,0,0,0,0
12196,4.1901,0.4413,380,723,0,0,1,0,0,0,0,0
12197,4.1766,0.4831,380,723,0,0,1,0,0,0,0,0
12198,4.1679,0.4586,379,723,0,0,1,0,0,0,0,0
12199,4.195,0.5349,379,723,0,0,1,0,0,0,0,0
12200,4.5548,0.5361,371,723,0,0,1,0,0,0,0,0
12201,3.7066,0.5289,371,723,0,0,1,0,0,0,0,0
12202,4.147,0.7255,371,723,0,0,1,0,0,0,0,0
12203,4.201,0.8038,370,723,0,0,1,0,0,0,0,0
12204,4.2411,0.9353,370,723,0,0,1,0,0,0,0,0
12205,4.0966,0.5311,370,723,0,0,1,0,0,0,0,0
12206,4.156,0.521,420,723,0,0,1,0,0,50,13470,0.0086
12207,4.2144,0.5143,418,723,0,0,1,0,0,0,0,0
12208,4.2783,0.5491,418,723,0,0,1,0,0,0,0,0
12209,4.0465,0.4481,417,723,0,0,1,0,0,0,0,0
12210,4.1676,0.4535,417,723,0,0,1,0,0,0,0,0
12211,4.1236,0.9019,416,723,0,0,1,0,0,0,0,0
12212,4.2341,0.6769,415,723,0,0,1,0,0,0,0,0
12213,4.1699,0.5515,413,723,0,0,1,0,0,0,0,0
12214,4.1395,0.7686,412,723,0,0,1,0,0,0,0,0
12215,4.1113,0.5194,411,723,0,0,1,0,0,0,0,0
12216,4.2303,0.853,411,723,0,0,1,0,0,0,0,0
12217,4.2339,0.5558,411,723,0,0,1,0,0,0,0,0
12218,4.0579,0.4629,411,723,0,0,1,0,0,0,0,0
12219,4.1908,0.4925,410,723,0,0,1,0,0,0,0,0
12220,4.3774,0.4576,410,723,0,0,1,0,0,0,0,0
12221,3.9965,0.7179,410,723,0,0,1,0,0,0,0,0
12222,4.1665,0.6042,408,723,0,0,1,0,0,0,0,0
12223,4.1597,0.5197,408,723,0,0,1,0,0,0,0,0
12224,4.2196,0.7528,408,723,0,0,1,0,0,0,0,0
12225,4.0462,0.4534,406,723,0,0,1,0,0,0,0,0
12226,4.2257,0.7842,404,723,0,0,1,0,0,0,0,0
12227,4.1018,0.4757,404,723,0,0,1,0,0,0,0,0
12228,4.3203,0.6953,403,723,0,0,1,0,0,0,0,0
12229,4.0694,0.5934,403,723,0,0,1,0,0,0,0,0
12230,4.0897,0.5081,401,723,0,0,1,0,0,0,0,0
12231,4.2659,0.5293,400,723,0,0,1,0,0,0,0,0
12232,4.1194,0.5584,399,723,0,0,1,0,0,0,0,0
12233,4.2028,2.064,398,723,0,0,1,0,0,0,0,0
12234,4.1277,0.3516,398,723,0,0,1,0,0,0,0,0
12235,4.2649,0.4812,398,723,0,0,1,0,0,0,0,0
12236,4.2432,0.4711,397,723,0,0,1,0,0,0,0,0
12237,4.0649,0.3953,397,723,0,0,1,0,0,0,0,0
12238,4.0788,0.346,397,723,0,0,1,0,0,0,0,0
12239,4.2029,0.3485,397,723,0,0,1,0,0,0,0,0
12240,4.2168,0.6801,397,723,0,0,1,0,0,0,0,0
12241,4.1423,0.4366,397,723,0,0,1,0,0,0,0,0
12242,4.1663,0.6873,397,723,0,0,1,0,0,0,0,0
12243,4.1472,0.4548,397,723,0,0,1,0,0,0,0,0
12244,4.2236,0.4882,394,723,0,0,1,0,0,0,0,0
12245,4.2238,0.6274,394,723,0,0,1,0,0,0,0,0
12246,4.0285,0.4702,393,723,0,0,1,0,0,0,0,0
12247,4.3215,0.5076,393,723,0,0,1,0,0,0,0,0
12248,4.0741,0.5355,391,723,0,0,1,0,0,0,0,0
12249,4.0862,0.4612,391,723,0,0,1,0,0,0,0,0
12250,4.1767,0.5754,390,723,0,0,1,0,0,0,0,0
12251,4.1454,0.4363,389,723,0,0,1,0,0,0,0,0
12252,4.2789,0.6373,388,723,0,0,1,0,0,0,0,0
12253,4.2092,0.6799,387,723,0,0,1,0,0,0,0,0
12254,4.042,0.4747,386,723,0,0,1,0,0,0,0,0
12255,4.2181,0.5645,386,723,0,0,1,0,0,0,0,0
12256,4.1113,0.5109,384,723,0,0,1,0,0,0,0,0
12257,4.2035,0.5293,384,723,0,0,1,0,0,0,0,0
12258,4.1273,0.5014,384,723,0,0,1,0,0,0,0,0
12259,4.2364,0.4954,383,723,0,0,1,0,0,0,0,0
12260,4.199,0.5472,382,723,0,0,1,0,0,0,0,0
12261,4.1624,0.5417,382,723,0,0,1,0,0,0,0,0
12262,4.0462,0.6406,381,723,0,0,1,0,0,0,0,0
12263,4.2204,0.4711,381,723,0,0,1,0,0,0,0,0
12264,4.2006,0.5864,380,723,0,0,1,0,0,0,0,0
12265,4.1877,0.6567,380,723,0,0,1,0,0,0,0,0
12266,4.1185,0.4679,379,723,0,0,1,0,0,0,0,0
12267,4.1805,0.5287,379,723,0,0,1,0,0,0,0,0
12268,4.1318,0.4582,371,723,0,0,1,0,0,0,0,0
12269,4.2582,0.5464,369,723,0,0,1,0,0,0,0,0
12270,4.1239,0.8492,367,723,0,0,1,0,0,0,0,0
12271,4.1961,0.4164,367,723,0,0,1,0,0,0,0,0
12272,4.2553,0.7284,367,723,0,0,1,0,0,0,0,0
12273,3.9861,0.4746,416,723,0,0,1,0,0,50,12363,0.0071
12274,4.1614,0.4639,416,723,0,0,1,0,0,0,0,0
12275,4.1546,0.4441,415,723,0,0,1,0,0,0,0,0
12276,4.1976,0.4894,414,723,0,0,1,0,0,0,0,0
12277,4.1986,0.5019,413,723,0,0,1,0,0,0,0,0
12278,4.1238,0.5266,413,723,0,0,1,0,0,0,0,0
12279,4.1874,0.902,412,723,0,0,1,0,0,0,0,0
12280,4.2928,0.5093,412,723,0,0,1,0,0,0,0,0
12281,4.082,0.6682,410,723,0,0,1,0,0,0,0,0
12282,4.1353,0.4884,409,723,0,0,1,0,0,0,0,0
12283,4.1763,0.5021,408,723,0,0,1,0,0,0,0,0
12284,4.5108,0.6011,406,723,0,0,1,0,0,0,0,0
12285,3.9049,0.7367,406,723,0,0,1,0,0,0,0,0
12286,4.1221,0.6557,405,723,0,0,1,0,0,0,0,0
12287,4.1305,0.4597,405,723,0,0,1,0,0,0,0,0
12288,4.5881,0.7811,404,723,0,0,1,0,0,0,0,0
12289,3.6876,0.4753,402,723,0,0,1,0,0,0,0,0
12290,4.2033,0.7134,402,723,0,0,1,0,0,0,0,0
12291,4.3703,0.7931,402,723,0,0,1,0,0,0,0,0
12292,3.9261,0.4315,402,723,0,0,1,0,0,0,0,0
12293,4.2626,0.5036,402,723,0,0,1,0,0,0,0,0
12294,4.104,0.4658,402,723,0,0,1,0,0,0,0,0
12295,4.2301,0.63,402,723,0,0,1,0,0,0,0,0
12296,4.0889,0.4508,401,723,0,0,1,0,0,0,0,0
12297,4.1721,0.5058,400,723,0,0,1,0,0,0,0,0
12298,4.2002,0.738,400,723,0,0,1,0,0,0,0,0
12299,4.1595,0.5319,400,723,0,0,1,0,0,0,0,0
12300,4.2121,0.578,400,723,0,0,1,0,0,0,0,0
12301,4.1631,2.2324,398,723,0,0,1,0,0,0,0,0
12302,4.1447,0.5209,397,723,0,0,1,0,0,0,0,0
12303,4.2483,0.8304,396,723,0,0,1,0,0,0,0,0
12304,4.1787,0.5425,395,723,0,0,1,0,0,0,0,0
12305,4.0648,0.5454,395,723,0,0,1,0,0,0,0,0
12306,4.1242,0.4659,395,723,0,0,1,0,0,0,0,0
12307,4.1847,0.5083,394,723,0,0,1,0,0,0,0,0
12308,4.1412,0.4757,394,723,0,0,1,0,0,0,0,0
12309,4.2374,0.6643,394,723,0,0,1,0,0,0,0,0
12310,4.1437,0.4466,394,723,0,0,1,0,0,0,0,0
12311,4.1467,0.4607,393,723,0,0,1,0,0,0,0,0
12312,4.1855,0.8029,393,723,0,0,1,0,0,0,0,0
12313,4.3605,0.5265,392,723,0,0,1,0,0,0,0,0
12314,4.0207,0.4673,391,723,0,0,1,0,0,0,0,0
12315,4.1317,0.4534,391,723,0,0,1,0,0,0,0,0
12316,4.4164,0.4591,388,723,0,0,1,0,0,0,0,0
12317,3.9471,0.5373,387,723,0,0,1,0,0,0,0,0
12318,4.1073,0.5682,385,723,0,0,1,0,0,0,0,0
12319,4.2155,0.5006,383,723,0,0,1,0,0,0,0,0
12320,4.0796,0.4723,383,723,0,0,1,0,0,0,0,0
12321,4.2456,0.6307,383,723,0,0,1,0,0,0,0,0
12322,4.2225,0.4557,382,723,0,0,1,0,0,0,0,0
12323,4.072,0.4363,381,723,0,0,1,0,0,0,0,0
12324,4.3814,0.7684,381,723,0,0,1,0,0,0,0,0
12325,3.9359,0.4606,380,723,0,0,1,0,0,0,0,0
12326,4.2187,0.4985,380,723,0,0,1,0,0,0,0,0
12327,4.166,0.4486,379,723,0,0,1,0,0,0,0,0
12328,4.4165,0.4617,378,723,0,0,1,0,0,0,0,0
12329,4.0114,0.5462,378,723,0,0,1,0,0,0,0,0
12330,4.0541,0.5384,376,723,0,0,1,0,0,0,0,0
12331,4.2035,0.5866,376,723,0,0,1,0,0,0,0,0
12332,4.1112,0.5424,374,723,0,0,1,0,0,0,0,0
12333,4.2982,1.0365,374,723,0,0,1,0,0,0,0,0
12334,4.0654,0.7936,367,723,0,0,1,0,0,0,0,0
12335,4.1393,0.6224,367,723,0,0,1,0,0,0,0,0
12336,4.2437,0.5393,366,723,0,0,1,0,0,0,0,0
12337,4.2601,0.5475,366,723,0,0,1,0,0,0,0,0
12338,4.0387,0.6782,365,723,0,0,1,0,0,0,0,0
12339,4.0892,0.4629,364,723,0,0,1,0,0,0,0,0
12340,4.2656,0.6451,413,723,0,0,1,0,0,50,11088,0.0085
12341,4.2423,0.6785,413,723,0,0,1,0,0,0,0,0
12342,4.0337,0.5397,410,723,0,0,1,0,0,0,0,0
12343,4.5713,0.5531,410,723,0,0,1,0,0,0,0,0
12344,4.1463,0.5618,408,723,0,0,1,0,0,0,0,0
12345,3.7733,0.4997,408,723,0,0,1,0,0,0,0,0
12346,4.1552,0.4825,407,723,0,0,1,0,0,0,0,0
12347,4.1978,0.5074,407,723,0,0,1,0,0,0,0,0
12348,4.199,0.5304,407,723,0,0,1,0,0,0,0,0
12349,4.38,0.4968,405,723,0,0,1,0,0,0,0,0
12350,3.887,0.4493,405,723,0,0,1,0,0,0,0,0
12351,4.1709,0.4569,405,723,0,0,1,0,0,0,0,0
12352,4.1839,0.658,405,723,0,0,1,0,0,0,0,0
12353,4.2263,0.6645,405,723,0,0,1,0,0,0,0,0
12354,4.1966,0.4471,405,723,0,0,1,0,0,0,0,0
12355,4.1316,0.5022,405,723,0,0,1,0,0,0,0,0
12356,4.1309,0.4597,404,723,0,0,1,0,0,0,0,0
12357,4.3161,0.4576,403,723,0,0,1,0,0,0,0,0
12358,4.028,0.4539,403,723,0,0,1,0,0,0,0,0
12359,4.1591,0.4419,402,723,0,0,1,0,0,0,0,0
12360,4.2226,0.843,400,723,0,0,1,0,0,0,0,0
12361,4.0727,0.4681,398,723,0,0,1,0,0,0,0,0
12362,4.2357,0.6842,398,723,0,0,1,0,0,0,0,0
12363,4.1786,0.523,397,723,0,0,1,0,0,0,0,0
12364,4.413,0.4434,397,723,0,0,1,0,0,0,0,0
12365,4.0072,0.7188,396,723,0,0,1,0,0,0,0,0
12366,4.0212,0.5217,396,723,0,0,1,0,0,0,0,0
12367,4.1581,0.7029,396,723,0,0,1,0,0,0,0,0
12368,4.1832,0.5101,395,723,0,0,1,0,0,0,0,0
12369,4.2231,0.5705,395,723,0,0,1,0,0,0,0,0
12370,4.0984,0.506,395,723,0,0,1,0,0,0,0,0
12371,4.1742,0.4997,395,723,0,0,1,0,0,0,0,0
12372,4.2545,0.6799,395,723,0,0,1,0,0,0,0,0
12373,4.0776,0.5791,395,723,0,0,1,0,0,0,0,0
12374,4.1603,0.5416,395,723,0,0,1,0,0,0,0,0
12375,4.1841,0.5764,395,723,0,0,1,0,0,0,0,0
12376,4.1154,0.4736,395,723,0,0,1,0,0,0,0,0
12377,4.2592,0.5103,394,723,0,0,1,0,0,0,0,0
12378,4.13,0.4742,394,723,0,0,1,0,0,0,0,0
12379,4.2006,0.5446,394,723,0,0,1,0,0,0,0,0
12380,4.2521,0.6691,393,723,0,0,1,0,0,0,0,0
12381,4.0737,0.6461,392,723,0,0,1,0,0,0,0,0
12382,4.1006,0.6345,392,723,0,0,1,0,0,0,0,0
12383,4.1642,0.4982,391,723,0,0,1,0,0,0,0,0
12384,4.1512,0.5674,389,723,0,0,1,0,0,0,0,0
12385,4.3534,0.6763,388,723,0,0,1,0,0,0,0,0
12386,4.0507,0.6752,388,723,0,0,1,0,0,0,0,0
12387,4.5832,0.5525,385,723,0,0,1,0,0,0,0,0
12388,3.7425,0.4872,385,723,0,0,1,0,0,0,0,0
12389,4.2368,0.4801,384,723,0,0,1,0,0,0,0,0
12390,4.1341,0.5795,381,723,0,0,1,0,0,0,0,0
12391,4.1819,0.623,379,723,0,0,1,0,0,0,0,0
12392,4.0969,0.4466,379,723,0,0,1,0,0,0,0,0
12393,4.1451,0.4535,379,723,0,0,1,0,0,0,0,0
12394,4.203,0.4986,377,723,0,0,1,0,0,0,0,0
12395,4.1897,0.544,377,723,0,0,1,0,0,0,0,0
12396,4.4928,0.5576,377,723,0,0,1,0,0,0,0,0
12397,3.8401,0.5525,375,723,0,0,1,0,0,0,0,0
12398,4.1723,0.5303,375,723,0,0,1,0,0,0,0,0
12399,4.2123,0.6305,375,723,0,0,1,0,0,0,0,0
12400,4.077,0.559,375,723,0,0,1,0,0,0,0,0
12401,4.4874,0.7447,375,723,0,0,1,0,0,0,0,0
12402,3.8594,0.6986,367,723,0,0,1,0,0,0,0,0
12403,4.209,0.8059,366,723,0,0,1,0,0,0,0,0
12404,4.2186,0.6229,365,723,0,0,1,0,0,0,0,0
12405,4.0651,0.4708,364,723,0,0,1,0,0,0,0,0
12406,4.1334,0.4594,363,723,0,0,1,0,0,0,0,0
12407,4.2032,0.5164,412,723,0,0,1,0,0,50,12240,0.0071
12408,4.1883,0.5582,411,723,0,0,1,0,0,0,0,0
12409,4.1408,0.5126,409,723,0,0,1,0,0,0,0,0
12410,4.2538,0.8204,409,723,0,0,1,0,0,0,0,0
12411,4.138,0.5851,408,723,0,0,1,0,0,0,0,0
12412,4.3462,0.5212,407,723,0,0,1,0,0,0,0,0
12413,3.9876,0.5109,407,723,0,0,1,0,0,0,0,0
12414,4.1012,0.4665,407,723,0,0,1,0,0,0,0,0
12415,4.1976,0.5671,407,723,0,0,1,0,0,0,0,0
12416,4.2042,0.8438,406,723,0,0,1,0,0,0,0,0
12417,4.093,0.4652,406,723,0,0,1,0,0,0,0,0
12418,4.1437,0.4494,406,723,0,0,1,0,0,0,0,0
12419,4.2332,0.4513,406,723,0,0,1,0,0,0,0,0
12420,4.1634,0.4695,406,723,0,0,1,0,0,0,0,0
12421,4.351,0.4696,405,723,0,0,1,0,0,0,0,0
12422,3.9225,0.4598,405,723,0,0,1,0,0,0,0,0
12423,4.3966,0.7397,404,723,0,0,1,0,0,0,0,0
12424,3.9409,0.48,404,723,0,0,1,0,0,0,0,0
12425,4.283,0.5012,404,723,0,0,1,0,0,0,0,0
12426,4.0828,0.639,404,723,0,0,1,0,0,0,0,0
12427,4.186,0.6268,401,723,0,0,1,0,0,0,0,0
12428,4.0989,0.6037,401,723,0,0,1,0,0,0,0,0
12429,4.2283,0.4926,401,723,0,0,1,0,0,0,0,0
12430,4.1515,0.7029,401,723,0,0,1,0,0,0,0,0
12431,4.1512,0.6246,401,723,0,0,1,0,0,0,0,0
12432,4.1313,0.5468,401,723,0,0,1,0,0,0,0,0
12433,4.2727,0.5868,401,723,0,0,1,0,0,0,0,0
12434,4.1648,0.8257,400,723,0,0,1,0,0,0,0,0
12435,4.0997,0.6728,400,723,0,0,1,0,0,0,0,0
12436,4.1971,0.4543,399,723,0,0,1,0,0,0,0,0
12437,4.1709,0.4573,398,723,0,0,1,0,0,0,0,0
12438,4.1568,0.4637,396,723,0,0,1,0,0,0,0,0
12439,4.1848,0.5007,395,723,0,0,1,0,0,0,0,0
12440,4.4277,0.453,395,723,0,0,1,0,0,0,0,0
12441,3.8731,0.4619,395,723,0,0,1,0,0,0,0,0
12442,4.1986,0.6228,394,723,0,0,1,0,0,0,0,0
12443,4.1674,0.4819,394,723,0,0,1,0,0,0,0,0
12444,4.1754,0.6158,394,723,0,0,1,0,0,0,0,0
12445,4.1836,0.4897,392,723,0,0,1,0,0,0,0,0
12446,4.0951,0.5399,391,723,0,0,1,0,0,0,0,0
12447,4.3019,0.7155,391,723,0,0,1,0,0,0,0,0
12448,4.1282,0.6904,391,723,0,0,1,0,0,0,0,0
12449,4.1642,0.5129,390,723,0,0,1,0,0,0,0,0
12450,4.1248,0.5167,390,723,0,0,1,0,0,0,0,0
12451,4.1473,0.4643,388,723,0,0,1,0,0,0,0,0
12452,4.3072,0.4497,387,723,0,0,1,0,0,0,0,0
12453,4.0261,0.467,385,723,0,0,1,0,0,0,0,0
12454,4.1225,0.6332,384,723,0,0,1,0,0,0,0,0
12455,4.2109,0.4548,383,723,0,0,1,0,0,0,0,0
12456,4.1385,0.6076,383,723,0,0,1,0,0,0,0,0
12457,4.2261,0.4878,382,723,0,0,1,0,0,0,0,0
12458,4.1587,0.6222,382,723,0,0,1,0,0,0,0,0
12459,4.1848,0.5627,380,723,0,0,1,0,0,0,0,0
12460,4.2028,0.4572,380,723,0,0,1,0,0,0,0,0
12461,4.1509,0.6386,380,723,0,0,1,0,0,0,0,0
12462,4.1615,0.6792,378,723,0,0,1,0,0,0,0,0
12463,4.1312,0.4788,377,723,0,0,1,0,0,0,0,0
12464,4.3412,0.4487,373,723,0,0,1,0,0,0,0,0
12465,3.9647,0.4502,373,723,0,0,1,0,0,0,0,0
12466,4.1944,0.4533,372,723,0,0,1,0,0,0,0,0
12467,4.1078,0.5102,372,723,0,0,1,0,0,0,0,0
12468,4.2559,0.5477,372,723,0,0,1,0,0,0,0,0
12469,4.1417,0.5878,372,723,0,0,1,0,0,0,0,0
12470,4.0948,0.5271,365,723,0,0,1,0,0,0,0,0
12471,4.2317,0.7255,365,723,0,0,1,0,0,0,0,0
12472,4.1566,0.4968,365,723,0,0,1,0,0,0,0,0
12473,4.2619,0.646,365,723,0,0,1,0,0,0,0,0
12474,4.069,0.5888,414,723,0,0,1,0,0,50,13470,0.008
12475,4.2655,0.6767,414,723,0,0,1,0,0,0,0,0
12476,4.1245,0.6118,414,723,0,0,1,0,0,0,0,0
12477,4.1898,0.5216,414,723,0,0,1,0,0,0,0,0
12478,4.0473,0.6733,414,723,0,0,1,0,0,0,0,0
12479,4.2368,2.1157,411,723,0,0,1,0,0,0,0,0
12480,4.3354,0.3673,411,723,0,0,1,0,0,0,0,0
12481,3.957,0.3229,411,723,0,0,1,0,0,0,0,0
12482,4.1545,0.4955,411,723,0,0,1,0,0,0,0,0
12483,4.2011,0.3396,410,723,0,0,1,0,0,0,0,0
12484,4.1309,0.4964,410,723,0,0,1,0,0,0,0,0
12485,4.2427,0.6857,409,723,0,0,1,0,0,0,0,0
12486,4.1167,0.4379,408,723,0,0,1,0,0,0,0,0
12487,4.2093,0.4748,408,723,0,0,1,0,0,0,0,0
12488,4.179,0.5237,408,723,0,0,1,0,0,0,0,0
12489,4.093,0.4868,408,723,0,0,1,0,0,0,0,0
12490,4.1585,0.6799,408,723,0,0,1,0,0,0,0,0
12491,4.1689,0.4943,408,723,0,0,1,0,0,0,0,0
12492,4.3524,0.6548,408,723,0,0,1,0,0,0,0,0
12493,4.0119,0.582,408,723,0,0,1,0,0,0,0,0
12494,4.156,0.5216,408,723,0,0,1,0,0,0,0,0
12495,4.2352,0.6669,407,723,0,0,1,0,0,0,0,0
12496,4.0941,0.4813,406,723,0,0,1,0,0,0,0,0
12497,4.3384,0.4682,406,723,0,0,1,0,0,0,0,0
12498,4.0076,0.5492,405,723,0,0,1,0,0,0,0,0
12499,4.2226,0.5191,403,723,0,0,1,0,0,0,0,0
12500,4.1745,0.54,401,723,0,0,1,0,0,0,0,0
12501,4.0959,0.4585,399,723,0,0,1,0,0,0,0,0
12502,4.1428,0.6724,399,723,0,0,1,0,0,0,0,0
12503,4.2149,2.2951,399,723,0,0,1,0,0,0,0,0
12504,4.4752,0.4209,398,723,0,0,1,0,0,0,0,0
12505,3.8427,0.3694,398,723,0,0,1,0,0,0,0,0
12506,4.1516,0.3395,397,723,0,0,1,0,0,0,0,0
12507,4.27,0.5317,397,723,0,0,1,0,0,0,0,0
12508,4.1094,0.3311,396,723,0,0,1,0,0,0,0,0
12509,4.2142,0.3496,396,723,0,0,1,0,0,0,0,0
12510,4.0818,0.3391,395,723,0,0,1,0,0,0,0,0
12511,4.2812,0.4236,394,723,0,0,1,0,0,0,0,0
12512,4.1168,0.4898,393,723,0,0,1,0,0,0,0,0
12513,4.0844,0.458,393,723,0,0,1,0,0,0,0,0
12514,4.159,0.6137,393,723,0,0,1,0,0,0,0,0
12515,4.2082,3.3941,392,723,0,0,1,0,0,0,0,0
12516,4.1727,0.375,392,723,0,0,1,0,0,0,0,0
12517,4.5894,0.5022,392,723,0,0,1,0,0,0,0,0
12518,3.76,0.3565,392,723,0,0,1,0,0,0,0,0
12519,4.5588,0.412,390,723,0,0,1,0,0,0,0,0
12520,3.8724,0.3465,390,723,0,0,1,0,0,0,0,0
12521,4.0824,0.4191,390,723,0,0,1,0,0,0,0,0
12522,4.1671,0.4368,390,723,0,0,1,0,0,0,0,0
12523,4.2315,0.7091,390,723,0,0,1,0,0,0,0,0
12524,4.1427,0.5493,390,723,0,0,1,0,0,0,0,0
12525,4.1289,0.6403,390,723,0,0,1,0,0,0,0,0
12526,4.0984,0.4318,390,723,0,0,1,0,0,0,0,0
12527,4.1872,0.4425,390,723,0,0,1,0,0,0,0,0
12528,4.1806,0.5022,389,723,0,0,1,0,0,0,0,0
12529,4.203,0.4313,389,723,0,0,1,0,0,0,0,0
12530,4.4124,0.6235,388,723,0,0,1,0,0,0,0,0
12531,4.1504,0.5135,387,723,0,0,1,0,0,0,0,0
12532,3.8659,0.4189,386,723,0,0,1,0,0,0,0,0
12533,4.1942,0.4802,385,723,0,0,1,0,0,0,0,0
12534,4.2318,0.5907,385,723,0,0,1,0,0,0,0,0
12535,4.1335,0.6658,385,723,0,0,1,0,0,0,0,0
12536,4.1746,0.6634,377,723,0,0,1,0,0,0,0,0
12537,4.1851,0.5042,377,723,0,0,1,0,0,0,0,0
12538,4.0893,0.4238,377,723,0,0,1,0,0,0,0,0
12539,4.2067,0.4263,377,723,0,0,1,0,0,0,0,0
12540,4.1759,0.4405,376,723,0,0,1,0,0,0,0,0
12541,4.1828,0.444,376,723,0,0,1,0,0,0,0,0
12542,4.168,3.0054,426,723,0,0,1,0,0,50,14325,0.0089
12543,4.144,0.3509,425,723,0,0,1,0,0,0,0,0
12544,4.2733,0.3649,425,723,0,0,1,0,0,0,0,0
12545,4.0604,0.4176,424,723,0,0,1,0,0,0,0,0
12546,4.2023,0.4958,423,723,0,0,1,0,0,0,0,0
12547,4.1762,0.4051,422,723,0,0,1,0,0,0,0,0
12548,4.1253,0.3795,421,723,0,0,1,0,0,0,0,0
12549,4.1752,0.5625,420,723,0,0,1,0,0,0,0,0
12550,4.1742,0.4644,418,723,0,0,1,0,0,0,0,0
12551,8.4362,0.5145,416,723,0,0,1,0,0,0,0,0
12552,4.0891,0.4955,416,723,0,0,1,0,0,0,0,0
12553,4.0674,0.4611,413,723,0,0,1,0,0,0,0,0
12554,4.2832,0.6993,413,723,0,0,1,0,0,0,0,0
12555,4.0596,0.4641,413,723,0,0,1,0,0,0,0,0
12556,4.1683,0.6505,413,723,0,0,1,0,0,0,0,0
12557,4.1906,0.4668,413,723,0,0,1,0,0,0,0,0
12558,4.2118,0.5774,412,723,0,0,1,0,0,0,0,0
12559,4.1309,0.44,412,723,0,0,1,0,0,0,0,0
12560,4.138,0.47,412,723,0,0,1,0,0,0,0,0
12561,4.1656,0.4966,412,723,0,0,1,0,0,0,0,0
12562,4.1581,0.5079,412,723,0,0,1,0,0,0,0,0
12563,4.5637,1.0714,411,723,0,0,1,0,0,0,0,0
12564,3.8458,0.657,411,723,0,0,1,0,0,0,0,0
12565,4.1531,0.654,411,723,0,0,1,0,0,0,0,0
12566,4.129,0.4708,411,723,0,0,1,0,0,0,0,0
12567,4.2139,0.632,408,723,0,0,1,0,0,0,0,0
12568,4.1654,0.5643,407,723,0,0,1,0,0,0,0,0
12569,4.159,0.5007,407,723,0,0,1,0,0,0,0,0
12570,4.2061,0.5144,406,723,0,0,1,0,0,0,0,0
12571,4.2941,0.4765,405,723,0,0,1,0,0,0,0,0
12572,3.9605,0.4645,405,723,0,0,1,0,0,0,0,0
12573,4.1403,0.6272,405,723,0,0,1,0,0,0,0,0
12574,4.1721,0.4684,405,723,0,0,1,0,0,0,0,0
12575,4.2976,0.5879,404,723,0,0,1,0,0,0,0,0
12576,4.0926,0.471,401,723,0,0,1,0,0,0,0,0
12577,4.1256,0.5073,401,723,0,0,1,0,0,0,0,0
12578,4.2409,0.4409,399,723,0,0,1,0,0,0,0,0
12579,4.0922,0.6432,399,723,0,0,1,0,0,0,0,0
12580,4.1877,1.9941,399,723,0,0,1,0,0,0,0,0
12581,4.1818,0.3417,398,723,0,0,1,0,0,0,0,0
12582,4.183,0.3585,398,723,0,0,1,0,0,0,0,0
12583,4.5612,0.4798,398,723,0,0,1,0,0,0,0,0
12584,3.7205,0.3779,398,723,0,0,1,0,0,0,0,0
12585,4.2563,0.5164,397,723,0,0,1,0,0,0,0,0
12586,4.1222,0.3869,397,723,0,0,1,0,0,0,0,0
12587,4.1519,0.3999,397,723,0,0,1,0,0,0,0,0
12588,4.1526,0.3501,395,723,0,0,1,0,0,0,0,0
12589,4.1654,0.358,394,723,0,0,1,0,0,0,0,0
12590,4.2204,0.5582,394,723,0,0,1,0,0,0,0,0
12591,4.1817,0.4097,393,723,0,0,1,0,0,0,0,0
12592,4.1577,0.7034,393,723,0,0,1,0,0,0,0,0
12593,4.1046,0.5161,393,723,0,0,1,0,0,0,0,0
12594,4.2274,0.5757,393,723,0,0,1,0,0,0,0,0
12595,4.126,0.5602,393,723,0,0,1,0,0,0,0,0
12596,4.409,0.7657,393,723,0,0,1,0,0,0,0,0
12597,3.8982,0.4925,392,723,0,0,1,0,0,0,0,0
12598,4.5243,0.5001,392,723,0,0,1,0,0,0,0,0
12599,3.8933,0.5766,392,723,0,0,1,0,0,0,0,0
12600,4.1595,0.5589,391,723,0,0,1,0,0,0,0,0
12601,4.1282,0.6838,389,723,0,0,1,0,0,0,0,0
12602,4.1952,0.558,382,723,0,0,1,0,0,0,0,0
12603,8.3362,0.5174,379,723,0,0,1,0,0,0,0,0
12604,4.1123,0.517,379,723,0,0,1,0,0,0,0,0
12605,4.2193,0.5538,379,723,0,0,1,0,0,0,0,0
12606,4.1438,0.5417,378,723,0,0,1,0,0,0,0,0
12607,4.1434,0.5238,428,723,0,0,1,0,0,50,14473,0.0088
12608,4.1711,0.7736,428,723,0,0,1,0,0,0,0,0
12609,4.1351,0.5017,426,723,0,0,1,0,0,0,0,0
12610,4.1902,0.6643,425,723,0,0,1,0,0,0,0,0
12611,4.1865,0.7139,425,723,0,0,1,0,0,0,0,0
12612,4.1499,0.4499,423,723,0,0,1,0,0,0,0,0
12613,4.2113,0.5078,423,723,0,0,1,0,0,0,0,0
12614,4.0861,0.5036,423,723,0,0,1,0,0,0,0,0
12615,4.2682,0.6344,423,723,0,0,1,0,0,0,0,0
12616,4.1032,0.489,423,723,0,0,1,0,0,0,0,0
12617,4.4385,0.6748,422,723,0,0,1,0,0,0,0,0
12618,3.8874,0.5278,422,723,0,0,1,0,0,0,0,0
12619,4.2407,0.5122,422,723,0,0,1,0,0,0,0,0
12620,4.0421,0.5223,421,723,0,0,1,0,0,0,0,0
12621,4.2015,0.488,420,723,0,0,1,0,0,0,0,0
12622,4.3233,0.6941,419,723,0,0,1,0,0,0,0,0
12623,4.0882,0.5164,419,723,0,0,1,0,0,0,0,0
12624,4.1412,0.6353,418,723,0,0,1,0,0,0,0,0
12625,4.1485,0.538,418,723,0,0,1,0,0,0,0,0
12626,4.1552,0.5111,416,723,0,0,1,0,0,0,0,0
12627,4.1951,0.6522,416,723,0,0,1,0,0,0,0,0
12628,4.1374,0.5014,415,723,0,0,1,0,0,0,0,0
12629,4.1604,0.5217,415,723,0,0,1,0,0,0,0,0
12630,4.159,0.7144,414,723,0,0,1,0,0,0,0,0
12631,4.1669,0.4854,413,723,0,0,1,0,0,0,0,0
12632,4.1534,0.6485,413,723,0,0,1,0,0,0,0,0
12633,4.1946,0.4694,413,723,0,0,1,0,0,0,0,0
12634,4.2674,2.6748,412,723,0,0,1,0,0,0,0,0
12635,4.0654,0.3489,411,723,0,0,1,0,0,0,0,0
12636,4.1835,0.371,411,723,0,0,1,0,0,0,0,0
12637,4.193,0.4081,409,723,0,0,1,0,0,0,0,0
12638,4.243,0.371,408,723,0,0,1,0,0,0,0,0
12639,4.0079,0.4703,408,723,0,0,1,0,0,0,0,0
12640,4.2453,0.4316,408,723,0,0,1,0,0,0,0,0
12641,4.2452,0.5678,408,723,0,0,1,0,0,0,0,0
12642,4.1173,0.43,408,723,0,0,1,0,0,0,0,0
12643,4.0818,0.3828,408,723,0,0,1,0,0,0,0,0
12644,4.1802,0.3664,407,723,0,0,1,0,0,0,0,0
12645,4.5395,0.4669,406,723,0,0,1,0,0,0,0,0
12646,3.7913,0.5751,404,723,0,0,1,0,0,0,0,0
12647,4.2757,0.7194,404,723,0,0,1,0,0,0,0,0
12648,4.1,0.9901,403,723,0,0,1,0,0,0,0,0
12649,4.1692,1.1606,401,723,0,0,1,0,0,0,0,0
12650,4.2707,0.3275,401,723,0,0,1,0,0,0,0,0
12651,4.0757,0.3862,399,723,0,0,1,0,0,0,0,0
12652,4.1148,0.3538,399,723,0,0,1,0,0,0,0,0
12653,4.228,0.3869,399,723,0,0,1,0,0,0,0,0
12654,4.1461,0.6446,398,723,0,0,1,0,0,0,0,0
12655,4.0897,0.3374,397,723,0,0,1,0,0,0,0,0
12656,4.2267,0.5532,395,723,0,0,1,0,0,0,0,0
12657,4.1489,0.3527,395,723,0,0,1,0,0,0,0,0
12658,4.1366,0.5954,395,723,0,0,1,0,0,0,0,0
12659,4.4202,3.4623,395,723,0,0,1,0,0,0,0,0
12660,3.9599,0.434,394,723,0,0,1,0,0,0,0,0
12661,4.2307,0.6627,392,723,0,0,1,0,0,0,0,0
12662,4.234,0.3865,391,723,0,0,1,0,0,0,0,0
12663,3.9975,0.375,391,723,0,0,1,0,0,0,0,0
12664,4.1881,0.375,391,723,0,0,1,0,0,0,0,0
12665,4.1948,0.5893,390,723,0,0,1,0,0,0,0,0
12666,4.2443,0.4112,388,723,0,0,1,0,0,0,0,0
12667,4.0591,0.379,387,723,0,0,1,0,0,0,0,0
12668,4.1509,0.3832,380,723,0,0,1,0,0,0,0,0
12669,4.1969,0.5564,380,723,0,0,1,0,0,0,0,0
12670,4.1676,0.5983,378,723,0,0,1,0,0,0,0,0
12671,4.2247,0.5446,377,723,0,0,1,0,0,0,0,0
12672,4.1049,0.5329,377,723,0,0,1,0,0,0,0,0
12673,4.1862,2.0736,377,723,0,0,1,0,0,0,0,0
12674,4.1412,0.3437,427,723,0,0,1,0,0,50,14049,0.0083
12675,4.3968,0.4225,426,723,0,0,1,0,0,0,0,0
12676,3.9518,0.3733,424,723,0,0,1,0,0,0,0,0
12677,4.1948,0.3444,423,723,0,0,1,0,0,0,0,0
12678,4.1609,0.4738,423,723,0,0,1,0,0,0,0,0
12679,4.4125,0.447,421,723,0,0,1,0,0,0,0,0
12680,3.924,0.6011,418,723,0,0,1,0,0,0,0,0
12681,4.1566,0.5251,417,723,0,0,1,0,0,0,0,0
12682,4.2389,0.5535,417,723,0,0,1,0,0,0,0,0
12683,4.112,0.5561,416,723,0,0,1,0,0,0,0,0
12684,4.1463,0.6505,416,723,0,0,1,0,0,0,0,0
12685,4.2501,0.4607,414,723,0,0,1,0,0,0,0,0
12686,4.046,0.4946,414,723,0,0,1,0,0,0,0,0
12687,4.2519,0.6375,414,723,0,0,1,0,0,0,0,0
12688,4.1474,0.5297,414,723,0,0,1,0,0,0,0,0
12689,4.1666,0.7334,413,723,0,0,1,0,0,0,0,0
12690,4.2295,0.7038,413,723,0,0,1,0,0,0,0,0
12691,4.1134,0.719,413,723,0,0,1,0,0,0,0,0
12692,4.0563,0.4431,411,723,0,0,1,0,0,0,0,0
12693,4.5366,0.4937,411,723,0,0,1,0,0,0,0,0
12694,3.8676,0.5337,410,723,0,0,1,0,0,0,0,0
12695,4.1591,0.5593,410,723,0,0,1,0,0,0,0,0
12696,4.1866,0.7876,410,723,0,0,1,0,0,0,0,0
12697,4.2137,0.7069,408,723,0,0,1,0,0,0,0,0
12698,4.1245,0.5137,406,723,0,0,1,0,0,0,0,0
12699,4.2086,0.6717,406,723,0,0,1,0,0,0,0,0
12700,4.119,0.5027,406,723,0,0,1,0,0,0,0,0
12701,4.4353,0.4634,404,723,0,0,1,0,0,0,0,0
12702,4.0262,0.4559,404,723,0,0,1,0,0,0,0,0
12703,4.0073,0.4626,403,723,0,0,1,0,0,0,0,0
12704,4.3103,0.7244,403,723,0,0,1,0,0,0,0,0
12705,4.0225,0.4713,402,723,0,0,1,0,0,0,0,0
12706,4.1711,0.4442,402,723,0,0,1,0,0,0,0,0
12707,4.224,0.487,401,723,0,0,1,0,0,0,0,0
12708,4.1139,0.6341,401,723,0,0,1,0,0,0,0,0
12709,4.2018,0.6707,401,723,0,0,1,0,0,0,0,0
12710,4.2579,0.6872,400,723,0,0,1,0,0,0,0,0
12711,4.1647,0.558,400,723,0,0,1,0,0,0,0,0
12712,4.0966,0.9814,400,723,0,0,1,0,0,0,0,0
12713,4.162,0.5563,399,723,0,0,1,0,0,0,0,0
12714,4.1512,0.5498,397,723,0,0,1,0,0,0,0,0
12715,4.2628,1.033,395,723,0,0,1,0,0,0,0,0
12716,4.0599,0.662,395,723,0,0,1,0,0,0,0,0
12717,4.5231,0.4706,394,723,0,0,1,0,0,0,0,0
12718,3.7923,0.5165,394,723,0,0,1,0,0,0,0,0
12719,4.2468,0.5422,394,723,0,0,1,0,0,0,0,0
12720,4.1242,0.6751,393,723,0,0,1,0,0,0,0,0
12721,4.1787,0.577,392,723,0,0,1,0,0,0,0,0
12722,4.1638,0.6677,391,723,0,0,1,0,0,0,0,0
12723,4.3228,0.6111,391,723,0,0,1,0,0,0,0,0
12724,3.9592,0.5374,389,723,0,0,1,0,0,0,0,0
12725,4.2151,0.5265,387,723,0,0,1,0,0,0,0,0
12726,4.1417,0.5126,387,723,0,0,1,0,0,0,0,0
12727,4.1334,0.551,387,723,0,0,1,0,0,0,0,0
12728,4.1399,0.615,386,723,0,0,1,0,0,0,0,0
12729,4.234,0.9231,386,723,0,0,1,0,0,0,0,0
12730,4.1439,0.4507,385,723,0,0,1,0,0,0,0,0
12731,4.3981,0.4799,384,723,0,0,1,0,0,0,0,0
12732,3.9833,0.5735,384,723,0,0,1,0,0,0,0,0
12733,4.1253,0.4586,384,723,0,0,1,0,0,0,0,0
12734,4.2548,0.6822,384,723,0,0,1,0,0,0,0,0
12735,4.1855,0.6832,377,723,0,0,1,0,0,0,0,0
12736,4.0696,0.7418,376,723,0,0,1,0,0,0,0,0
12737,4.6018,0.508,376,723,0,0,1,0,0,0,0,0
12738,3.8185,0.4782,376,723,0,0,1,0,0,0,0,0
12739,4.1221,0.4951,375,723,0,0,1,0,0,0,0,0
12740,4.0815,0.6261,373,723,0,0,1,0,0,0,0,0
12741,4.5163,0.5052,423,723,0,0,1,0,0,50,13664,0.0079
12742,3.8803,0.5461,423,723,0,0,1,0,0,0,0,0
12743,4.1831,0.5465,423,723,0,0,1,0,0,0,0,0
12744,4.1474,0.6085,423,723,0,0,1,0,0,0,0,0
12745,4.1505,0.5234,422,723,0,0,1,0,0,0,0,0
12746,4.1246,0.4604,422,723,0,0,1,0,0,0,0,0
12747,4.2426,0.6897,419,723,0,0,1,0,0,0,0,0
12748,4.1099,0.5647,419,723,0,0,1,0,0,0,0,0
12749,4.1832,0.5202,419,723,0,0,1,0,0,0,0,0
12750,4.1843,0.5649,418,723,0,0,1,0,0,0,0,0
12751,4.1385,0.4723,418,723,0,0,1,0,0,0,0,0
12752,4.1568,0.468,416,723,0,0,1,0,0,0,0,0
12753,4.2077,0.5039,416,723,0,0,1,0,0,0,0,0
12754,4.25,0.4635,416,723,0,0,1,0,0,0,0,0
12755,4.0759,0.5213,416,723,0,0,1,0,0,0,0,0
12756,4.1247,0.4326,416,723,0,0,1,0,0,0,0,0
12757,4.2012,0.4655,416,723,0,0,1,0,0,0,0,0
12758,4.1425,0.4542,415,723,0,0,1,0,0,0,0,0
12759,4.1819,0.749,415,723,0,0,1,0,0,0,0,0
12760,4.1559,0.6484,415,723,0,0,1,0,0,0,0,0
12761,4.5745,0.6542,415,723,0,0,1,0,0,0,0,0
12762,3.7548,0.6168,415,723,0,0,1,0,0,0,0,0
12763,4.4663,0.6997,414,723,0,0,1,0,0,0,0,0
12764,3.8753,0.5152,413,723,0,0,1,0,0,0,0,0
12765,4.4497,0.4673,413,723,0,0,1,0,0,0,0,0
12766,3.8759,0.4572,413,723,0,0,1,0,0,0,0,0
12767,4.2406,0.5186,411,723,0,0,1,0,0,0,0,0
12768,4.0821,0.4603,410,723,0,0,1,0,0,0,0,0
12769,4.1613,0.6292,408,723,0,0,1,0,0,0,0,0
12770,4.1598,0.4367,407,723,0,0,1,0,0,0,0,0
12771,4.1704,0.464,407,723,0,0,1,0,0,0,0,0
12772,4.2199,0.6809,406,723,0,0,1,0,0,0,0,0
12773,4.2014,0.7123,406,723,0,0,1,0,0,0,0,0
12774,4.3813,0.5643,406,723,0,0,1,0,0,0,0,0
12775,4.0327,0.5916,405,723,0,0,1,0,0,0,0,0
12776,4.0281,0.5978,404,723,0,0,1,0,0,0,0,0
12777,4.1643,0.4353,403,723,0,0,1,0,0,0,0,0
12778,4.1946,0.4332,403,723,0,0,1,0,0,0,0,0
12779,4.215,0.4854,402,723,0,0,1,0,0,0,0,0
12780,4.1184,0.5501,402,723,0,0,1,0,0,0,0,0
12781,4.1969,0.5843,402,723,0,0,1,0,0,0,0,0
12782,4.1215,0.5025,400,723,0,0,1,0,0,0,0,0
12783,4.1577,0.6126,400,723,0,0,1,0,0,0,0,0
12784,4.2081,0.5635,398,723,0,0,1,0,0,0,0,0
12785,4.3222,0.5202,398,723,0,0,1,0,0,0,0,0
12786,3.9693,0.5741,396,723,0,0,1,0,0,0,0,0
12787,4.1704,0.5455,395,723,0,0,1,0,0,0,0,0
12788,4.1955,0.5268,394,723,0,0,1,0,0,0,0,0
12789,8.4139,0.5298,393,723,0,0,1,0,0,0,0,0
12790,4.0492,0.5114,393,723,0,0,1,0,0,0,0,0
12791,4.1761,0.5163,393,723,0,0,1,0,0,0,0,0
12792,4.1593,0.5026,392,723,0,0,1,0,0,0,0,0
12793,4.2115,0.4823,390,723,0,0,1,0,0,0,0,0
12794,4.1874,0.5227,389,723,0,0,1,0,0,0,0,0
12795,4.1061,0.5641,388,723,0,0,1,0,0,0,0,0
12796,4.1734,0.7038,387,723,0,0,1,0,0,0,0,0
12797,4.1903,0.5222,387,723,0,0,1,0,0,0,0,0
12798,4.4165,0.5672,385,723,0,0,1,0,0,0,0,0
12799,3.8724,0.5193,383,723,0,0,1,0,0,0,0,0
12800,4.1709,0.5057,383,723,0,0,1,0,0,0,0,0
12801,4.176,0.7041,383,723,0,0,1,0,0,0,0,0
12802,4.2559,0.5289,376,723,0,0,1,0,0,0,0,0
12803,4.108,0.7581,375,723,0,0,1,0,0,0,0,0
12804,4.1838,0.5861,375,723,0,0,1,0,0,0,0,0
12805,4.1775,0.7707,374,723,0,0,1,0,0,0,0,0
12806,4.14,0.6717,373,723,0,0,1,0,0,0,0,0
12807,4.1509,0.6432,423,723,0,0,1,0,0,50,15798,0.0099
12808,4.2165,0.8165,422,723,0,0,1,0,0,0,0,0
12809,4.2309,1.2517,422,723,0,0,1,0,0,0,0,0
12810,4.2072,0.3777,422,723,0,0,1,0,0,0,0,0
12811,4.241,0.4191,422,723,0,0,1,0,0,0,0,0
12812,8.2731,0.37,419,723,0,0,1,0,0,0,0,0
12813,4.0297,0.3476,419,723,0,0,1,0,0,0,0,0
12814,4.1642,0.6004,416,723,0,0,1,0,0,0,0,0
12815,4.2313,0.4364,416,723,0,0,1,0,0,0,0,0
12816,4.115,0.6079,414,723,0,0,1,0,0,0,0,0
12817,4.1818,0.4351,414,723,0,0,1,0,0,0,0,0
12818,4.0971,0.46,414,723,0,0,1,0,0,0,0,0
12819,4.3005,0.6195,414,723,0,0,1,0,0,0,0,0
12820,4.0856,0.4924,414,723,0,0,1,0,0,0,0,0
12821,4.2451,0.7147,413,723,0,0,1,0,0,0,0,0
12822,4.067,0.7037,413,723,0,0,1,0,0,0,0,0
12823,4.147,0.4916,412,723,0,0,1,0,0,0,0,0
12824,4.1296,0.5204,412,723,0,0,1,0,0,0,0,0
12825,4.2348,0.4988,411,723,0,0,1,0,0,0,0,0
12826,4.1461,0.4497,410,723,0,0,1,0,0,0,0,0
12827,4.3404,0.6944,410,723,0,0,1,0,0,0,0,0
12828,3.9833,0.8467,409,723,0,0,1,0,0,0,0,0
12829,4.3305,0.5024,408,723,0,0,1,0,0,0,0,0
12830,4.0117,0.5296,408,723,0,0,1,0,0,0,0,0
12831,4.2208,0.4932,408,723,0,0,1,0,0,0,0,0
12832,4.1713,0.7218,408,723,0,0,1,0,0,0,0,0
12833,4.2883,0.7128,408,723,0,0,1,0,0,0,0,0
12834,4.1046,0.7044,408,723,0,0,1,0,0,0,0,0
12835,4.4644,0.4429,407,723,0,0,1,0,0,0,0,0
12836,3.7183,0.6395,406,723,0,0,1,0,0,0,0,0
12837,4.2605,0.506,406,723,0,0,1,0,0,0,0,0
12838,4.1299,0.7326,405,723,0,0,1,0,0,0,0,0
12839,4.1478,0.6607,402,723,0,0,1,0,0,0,0,0
12840,4.1277,0.5199,402,723,0,0,1,0,0,0,0,0
12841,4.2506,0.664,402,723,0,0,1,0,0,0,0,0
12842,4.1278,0.5085,402,723,0,0,1,0,0,0,0,0
12843,4.2033,0.6684,400,723,0,0,1,0,0,0,0,0
12844,4.5422,0.658,399,723,0,0,1,0,0,0,0,0
12845,3.7605,0.474,399,723,0,0,1,0,0,0,0,0
12846,4.1569,0.4651,399,723,0,0,1,0,0,0,0,0
12847,4.1584,0.4894,399,723,0,0,1,0,0,0,0,0
12848,4.2637,0.7422,398,723,0,0,1,0,0,0,0,0
12849,4.119,0.5545,397,723,0,0,1,0,0,0,0,0
12850,4.115,0.8735,394,723,0,0,1,0,0,0,0,0
12851,4.1973,0.5488,394,723,0,0,1,0,0,0,0,0
12852,4.1324,0.4397,393,723,0,0,1,0,0,0,0,0
12853,4.1742,0.4927,393,723,0,0,1,0,0,0,0,0
12854,4.1653,0.4676,393,723,0,0,1,0,0,0,0,0
12855,4.1794,0.5244,392,723,0,0,1,0,0,0,0,0
12856,4.1297,0.4435,391,723,0,0,1,0,0,0,0,0
12857,4.1873,0.9288,391,723,0,0,1,0,0,0,0,0
12858,4.1872,0.4824,390,723,0,0,1,0,0,0,0,0
12859,4.1989,0.4536,390,723,0,0,1,0,0,0,0,0
12860,4.2305,0.5042,390,723,0,0,1,0,0,0,0,0
12861,4.033,0.4463,390,723,0,0,1,0,0,0,0,0
12862,4.1466,0.4325,388,723,0,0,1,0,0,0,0,0
12863,4.4576,0.7661,388,723,0,0,1,0,0,0,0,0
12864,3.9303,1.4786,388,723,0,0,1,0,0,0,0,0
12865,4.1034,0.341,387,723,0,0,1,0,0,0,0,0
12866,4.2639,0.4141,386,723,0,0,1,0,0,0,0,0
12867,4.1281,0.3497,384,723,0,0,1,0,0,0,0,0
12868,4.252,0.3965,377,723,0,0,1,0,0,0,0,0
12869,4.1442,0.4622,375,723,0,0,1,0,0,0,0,0
12870,4.0458,0.5429,374,723,0,0,1,0,0,0,0,0
12871,4.2057,0.6928,374,723,0,0,1,0,0,0,0,0
12872,4.2147,0.4895,373,723,0,0,1,0,0,0,0,0
12873,4.1555,0.4947,373,723,0,0,1,0,0,0,0,0
12874,4.1219,0.9491,423,723,0,0,1,0,0,50,12966,0.0094
12875,4.2441,0.5486,423,723,0,0,1,0,0,0,0,0
12876,4.107,0.7017,422,723,0,0,1,0,0,0,0,0
12877,4.1929,0.499,421,723,0,0,1,0,0,0,0,0
12878,4.163,0.5491,421,723,0,0,1,0,0,0,0,0
12879,4.2151,0.6485,420,723,0,0,1,0,0,0,0,0
12880,4.1447,0.5821,419,723,0,0,1,0,0,0,0,0
12881,4.1922,0.5086,418,723,0,0,1,0,0,0,0,0
12882,4.1369,0.644,416,723,0,0,1,0,0,0,0,0
12883,4.3104,0.4766,415,723,0,0,1,0,0,0,0,0
12884,4.114,0.4567,415,723,0,0,1,0,0,0,0,0
12885,4.0939,0.5425,415,723,0,0,1,0,0,0,0,0
12886,4.1042,0.438,415,723,0,0,1,0,0,0,0,0
12887,4.2026,0.6006,414,723,0,0,1,0,0,0,0,0
12888,4.0895,0.4673,413,723,0,0,1,0,0,0,0,0
12889,4.2875,0.5134,413,723,0,0,1,0,0,0,0,0
12890,4.1161,0.5199,412,723,0,0,1,0,0,0,0,0
12891,4.1708,0.561,412,723,0,0,1,0,0,0,0,0
12892,4.2156,0.6011,412,723,0,0,1,0,0,0,0,0
12893,4.2338,0.4954,412,723,0,0,1,0,0,0,0,0
12894,3.9576,0.4589,412,723,0,0,1,0,0,0,0,0
12895,4.2785,0.4638,412,723,0,0,1,0,0,0,0,0
12896,4.1662,0.4597,412,723,0,0,1,0,0,0,0,0
12897,4.2488,0.795,411,723,0,0,1,0,0,0,0,0
12898,4.0839,0.495,411,723,0,0,1,0,0,0,0,0
12899,4.1691,0.628,411,723,0,0,1,0,0,0,0,0
12900,4.1315,0.4428,411,723,0,0,1,0,0,0,0,0
12901,4.1394,0.6064,411,723,0,0,1,0,0,0,0,0
12902,4.1925,0.5055,411,723,0,0,1,0,0,0,0,0
12903,4.2707,0.6988,409,723,0,0,1,0,0,0,0,0
12904,4.1096,0.6299,409,723,0,0,1,0,0,0,0,0
12905,4.2713,0.6856,409,723,0,0,1,0,0,0,0,0
12906,4.0069,0.9146,408,723,0,0,1,0,0,0,0,0
12907,4.2068,0.4945,408,723,0,0,1,0,0,0,0,0
12908,4.2533,0.4865,407,723,0,0,1,0,0,0,0,0
12909,4.1655,0.8541,407,723,0,0,1,0,0,0,0,0
12910,4.0912,0.648,407,723,0,0,1,0,0,0,0,0
12911,4.135,0.7847,405,723,0,0,1,0,0,0,0,0
12912,4.1746,0.4468,404,723,0,0,1,0,0,0,0,0
12913,4.2168,0.4795,404,723,0,0,1,0,0,0,0,0
12914,4.1378,0.4796,403,723,0,0,1,0,0,0,0,0
12915,4.2052,0.4548,403,723,0,0,1,0,0,0,0,0
12916,4.235,0.5016,402,723,0,0,1,0,0,0,0,0
12917,4.8083,0.4467,401,723,0,0,1,0,0,0,0,0
12918,3.3397,0.4399,400,723,0,0,1,0,0,0,0,0
12919,4.2265,0.4525,399,723,0,0,1,0,0,0,0,0
12920,4.1205,0.4498,397,723,0,0,1,0,0,0,0,0
12921,4.1537,0.428,396,723,0,0,1,0,0,0,0,0
12922,4.3623,0.7367,396,723,0,0,1,0,0,0,0,0
12923,4.074,0.4919,396,723,0,0,1,0,0,0,0,0
12924,4.115,0.4461,395,723,0,0,1,0,0,0,0,0
12925,4.182,0.4329,393,723,0,0,1,0,0,0,0,0
12926,4.1627,0.4424,392,723,0,0,1,0,0,0,0,0
12927,4.1478,0.641,391,723,0,0,1,0,0,0,0,0
12928,4.1681,0.4712,389,723,0,0,1,0,0,0,0,0
12929,4.219,0.5204,389,723,0,0,1,0,0,0,0,0
12930,4.1259,0.4367,389,723,0,0,1,0,0,0,0,0
12931,4.1668,0.4359,388,723,0,0,1,0,0,0,0,0
12932,4.1188,0.4522,388,723,0,0,1,0,0,0,0,0
12933,4.1982,0.4181,388,723,0,0,1,0,0,0,0,0
12934,4.192,2.4232,385,723,0,0,1,0,0,0,0,0
12935,4.2452,0.7277,377,723,0,0,1,0,0,0,0,0
12936,8.3128,0.582,377,723,0,0,1,0,0,0,0,0
12937,4.1148,0.5586,376,723,0,0,1,0,0,0,0,0
12938,4.1952,0.5765,376,723,0,0,1,0,0,0,0,0
12939,4.2583,0.4196,375,723,0,0,1,0,0,0,0,0
12940,4.1138,0.701,425,723,0,0,1,0,0,50,12413,0.0153
12941,4.0751,0.4473,425,723,0,0,1,0,0,0,0,0
12942,4.1881,0.4555,422,723,0,0,1,0,0,0,0,0
12943,4.1466,0.4957,421,723,0,0,1,0,0,0,0,0
12944,4.1791,0.5008,420,723,0,0,1,0,0,0,0,0
12945,4.1408,0.7268,419,723,0,0,1,0,0,0,0,0
12946,4.315,0.7078,419,723,0,0,1,0,0,0,0,0
12947,4.0945,0.5783,419,723,0,0,1,0,0,0,0,0
12948,4.0889,0.4663,418,723,0,0,1,0,0,0,0,0
12949,4.2065,0.5327,418,723,0,0,1,0,0,0,0,0
12950,4.1127,0.4665,418,723,0,0,1,0,0,0,0,0
12951,4.1648,0.4789,418,723,0,0,1,0,0,0,0,0
12952,4.3508,0.6632,418,723,0,0,1,0,0,0,0,0
12953,4.051,0.4999,417,723,0,0,1,0,0,0,0,0
12954,4.142,0.4491,417,723,0,0,1,0,0,0,0,0
12955,4.2175,0.52,417,723,0,0,1,0,0,0,0,0
12956,4.107,0.4628,416,723,0,0,1,0,0,0,0,0
12957,4.1726,0.5319,415,723,0,0,1,0,0,0,0,0
12958,4.1515,0.6961,415,723,0,0,1,0,0,0,0,0
12959,4.1875,0.4999,414,723,0,0,1,0,0,0,0,0
12960,4.1757,0.5325,412,723,0,0,1,0,0,0,0,0
12961,4.2156,0.6037,412,723,0,0,1,0,0,0,0,0
12962,4.0818,0.4869,410,723,0,0,1,0,0,0,0,0
12963,4.1502,0.4726,409,723,0,0,1,0,0,0,0,0
12964,4.4368,0.6362,409,723,0,0,1,0,0,0,0,0
12965,4.0688,0.7431,408,723,0,0,1,0,0,0,0,0
12966,4.033,0.4532,408,723,0,0,1,0,0,0,0,0
12967,4.2305,0.516,408,723,0,0,1,0,0,0,0,0
12968,4.152,0.4965,407,723,0,0,1,0,0,0,0,0
12969,4.127,0.4491,407,723,0,0,1,0,0,0,0,0
12970,4.232,0.6606,407,723,0,0,1,0,0,0,0,0
12971,4.1357,0.6822,405,723,0,0,1,0,0,0,0,0
12972,4.3058,0.6374,403,723,0,0,1,0,0,0,0,0
12973,3.992,0.5416,403,723,0,0,1,0,0,0,0,0
12974,4.1654,0.4531,402,723,0,0,1,0,0,0,0,0
12975,4.2139,0.4679,401,723,0,0,1,0,0,0,0,0
12976,4.2278,0.6795,400,723,0,0,1,0,0,0,0,0
12977,4.0412,0.4225,400,723,0,0,1,0,0,0,0,0
12978,4.212,0.4269,398,723,0,0,1,0,0,0,0,0
12979,4.5301,0.6945,398,723,0,0,1,0,0,0,0,0
12980,3.8447,0.4936,397,723,0,0,1,0,0,0,0,0
12981,4.1524,0.5217,396,723,0,0,1,0,0,0,0,0
12982,4.1296,0.6354,396,723,0,0,1,0,0,0,0,0
12983,4.0929,0.4275,396,723,0,0,1,0,0,0,0,0
12984,4.4284,0.6366,395,723,0,0,1,0,0,0,0,0
12985,3.9575,0.4724,393,723,0,0,1,0,0,0,0,0
12986,4.2443,0.5776,392,723,0,0,1,0,0,0,0,0
12987,4.1615,0.5339,392,723,0,0,1,0,0,0,0,0
12988,4.1349,0.5777,392,723,0,0,1,0,0,0,0,0
12989,4.1896,0.7529,392,723,0,0,1,0,0,0,0,0
12990,4.0797,0.4381,389,723,0,0,1,0,0,0,0,0
12991,4.2984,0.5956,389,723,0,0,1,0,0,0,0,0
12992,4.1136,0.5654,388,723,0,0,1,0,0,0,0,0
12993,4.1095,0.4982,388,723,0,0,1,0,0,0,0,0
12994,4.4553,0.4651,387,723,0,0,1,0,0,0,0,0
12995,3.8807,0.6209,386,723,0,0,1,0,0,0,0,0
12996,4.2144,0.4551,385,723,0,0,1,0,0,0,0,0
12997,4.154,0.6316,385,723,0,0,1,0,0,0,0,0
12998,4.2601,0.7644,384,723,0,0,1,0,0,0,0,0
12999,4.2627,0.4967,384,723,0,0,1,0,0,0,0,0
13000,3.979,0.5322,384,723,0,0,1,0,0,0,0,0
13001,4.1326,0.68,377,723,0,0,1,0,0,0,0,0
13002,4.2707,0.4319,377,723,0,0,1,0,0,0,0,0
13003,4.0795,0.4654,376,723,0,0,1,0,0,0,0,0
13004,4.2091,0.4534,376,723,0,0,1,0,0,0,0,0
13005,4.1435,0.4716,375,723,0,0,1,0,0,0,0,0
13006,4.2192,0.47,375,723,0,0,1,0,0,0,0,0
13007,4.2142,0.5037,425,723,0,0,1,0,0,50,13236,0.0082
13008,4.0814,0.4577,424,723,0,0,1,0,0,0,0,0
13009,4.139,0.4864,424,723,0,0,1,0,0,0,0,0
13010,4.1903,0.5337,422,723,0,0,1,0,0,0,0,0
13011,4.1708,0.6437,421,723,0,0,1,0,0,0,0,0
13012,4.1487,0.5077,421,723,0,0,1,0,0,0,0,0
13013,4.1377,0.5265,420,723,0,0,1,0,0,0,0,0
13014,4.1862,0.4759,420,723,0,0,1,0,0,0,0,0
13015,4.2347,0.6478,418,723,0,0,1,0,0,0,0,0
13016,4.1368,0.5233,418,723,0,0,1,0,0,0,0,0
13017,4.1535,0.5731,417,723,0,0,1,0,0,0,0,0
13018,4.1196,0.4816,417,723,0,0,1,0,0,0,0,0
13019,4.1566,0.4885,417,723,0,0,1,0,0,0,0,0
13020,4.1805,0.5231,417,723,0,0,1,0,0,0,0,0
13021,4.2204,0.6047,416,723,0,0,1,0,0,0,0,0
13022,4.145,0.523,415,723,0,0,1,0,0,0,0,0
13023,4.2033,0.508,415,723,0,0,1,0,0,0,0,0
13024,4.2326,0.4892,413,723,0,0,1,0,0,0,0,0
13025,4.0656,0.5689,413,723,0,0,1,0,0,0,0,0
13026,4.1251,0.5271,412,723,0,0,1,0,0,0,0,0
13027,4.2281,0.5206,411,723,0,0,1,0,0,0,0,0
13028,4.1397,0.7413,411,723,0,0,1,0,0,0,0,0
13029,4.2099,0.7225,410,723,0,0,1,0,0,0,0,0
13030,4.1702,0.5619,410,723,0,0,1,0,0,0,0,0
13031,4.0796,0.4899,410,723,0,0,1,0,0,0,0,0
13032,4.1948,0.5401,410,723,0,0,1,0,0,0,0,0
13033,4.179,1.619,409,723,0,0,1,0,0,0,0,0
13034,4.2244,0.3452,408,723,0,0,1,0,0,0,0,0
13035,4.2558,0.3321,406,723,0,0,1,0,0,0,0,0
13036,3.9645,0.3265,405,723,0,0,1,0,0,0,0,0
13037,4.1639,0.4812,405,723,0,0,1,0,0,0,0,0
13038,4.1987,0.3442,405,723,0,0,1,0,0,0,0,0
13039,4.1929,0.498,405,723,0,0,1,0,0,0,0,0
13040,4.2153,0.6831,405,723,0,0,1,0,0,0,0,0
13041,4.0819,0.4945,403,723,0,0,1,0,0,0,0,0
13042,4.238,0.5073,403,723,0,0,1,0,0,0,0,0
13043,4.0864,0.424,400,723,0,0,1,0,0,0,0,0
13044,4.2676,0.4734,399,723,0,0,1,0,0,0,0,0
13045,4.1262,0.6942,399,723,0,0,1,0,0,0,0,0
13046,4.207,0.7147,398,723,0,0,1,0,0,0,0,0
13047,4.0625,0.5064,397,723,0,0,1,0,0,0,0,0
13048,4.4855,0.5139,397,723,0,0,1,0,0,0,0,0
13049,3.876,0.5112,396,723,0,0,1,0,0,0,0,0
13050,4.1682,0.4853,393,723,0,0,1,0,0,0,0,0
13051,4.215,0.7211,390,723,0,0,1,0,0,0,0,0
13052,4.1662,0.5228,388,723,0,0,1,0,0,0,0,0
13053,4.1977,0.7382,388,723,0,0,1,0,0,0,0,0
13054,4.1109,0.5507,388,723,0,0,1,0,0,0,0,0
13055,4.1401,0.5695,387,723,0,0,1,0,0,0,0,0
13056,4.4041,0.5685,387,723,0,0,1,0,0,0,0,0
13057,3.9517,0.7027,386,723,0,0,1,0,0,0,0,0
13058,4.1564,0.4983,386,723,0,0,1,0,0,0,0,0
13059,4.2736,0.6638,385,723,0,0,1,0,0,0,0,0
13060,4.0501,0.4941,385,723,0,0,1,0,0,0,0,0
13061,4.171,0.5321,382,723,0,0,1,0,0,0,0,0
13062,4.1644,0.689,381,723,0,0,1,0,0,0,0,0
13063,4.2243,0.7764,381,723,0,0,1,0,0,0,0,0
13064,4.1349,1.2068,380,723,0,0,1,0,0,0,0,0
13065,4.1679,0.5262,380,723,0,0,1,0,0,0,0,0
13066,4.2032,0.5705,378,723,0,0,1,0,0,0,0,0
13067,4.2351,0.5282,378,723,0,0,1,0,0,0,0,0
13068,4.0467,0.4942,371,723,0,0,1,0,0,0,0,0
13069,4.1587,0.492,371,723,0,0,1,0,0,0,0,0
13070,4.2072,0.6731,371,723,0,0,1,0,0,0,0,0
13071,4.2061,0.4903,371,723,0,0,1,0,0,0,0,0
13072,4.2583,0.659,370,723,0,0,1,0,0,0,0,0
13073,4.0142,0.7037,368,723,0,0,1,0,0,0,0,0
13074,4.1498,0.5075,417,723,0,0,1,0,0,50,12285,0.0081
13075,4.1606,0.5181,415,723,0,0,1,0,0,0,0,0
13076,4.2121,0.5593,415,723,0,0,1,0,0,0,0,0
13077,4.1486,0.6733,415,723,0,0,1,0,0,0,0,0
13078,4.1953,0.7312,415,723,0,0,1,0,0,0,0,0
13079,4.0971,0.4957,415,723,0,0,1,0,0,0,0,0
13080,4.2106,0.5414,414,723,0,0,1,0,0,0,0,0
13081,4.1308,0.4535,414,723,0,0,1,0,0,0,0,0
13082,4.2633,0.5129,413,723,0,0,1,0,0,0,0,0
13083,4.1625,0.489,413,723,0,0,1,0,0,0,0,0
13084,4.1116,0.4746,411,723,0,0,1,0,0,0,0,0
13085,4.2169,0.7195,409,723,0,0,1,0,0,0,0,0
13086,4.1251,0.4752,409,723,0,0,1,0,0,0,0,0
13087,4.3251,0.643,408,723,0,0,1,0,0,0,0,0
13088,3.961,0.7614,408,723,0,0,1,0,0,0,0,0
13089,4.2272,0.7588,408,723,0,0,1,0,0,0,0,0
13090,4.114,0.5577,406,723,0,0,1,0,0,0,0,0
13091,4.4205,0.7412,405,723,0,0,1,0,0,0,0,0
13092,3.9825,0.5733,405,723,0,0,1,0,0,0,0,0
13093,4.1146,0.4643,404,723,0,0,1,0,0,0,0,0
13094,4.1407,0.4439,402,723,0,0,1,0,0,0,0,0
13095,4.1936,0.4982,402,723,0,0,1,0,0,0,0,0
13096,4.1589,0.4645,402,723,0,0,1,0,0,0,0,0
13097,4.1566,0.4316,401,723,0,0,1,0,0,0,0,0
13098,4.1705,0.461,399,723,0,0,1,0,0,0,0,0
13099,4.1745,0.445,399,723,0,0,1,0,0,0,0,0
13100,4.1819,0.4484,398,723,0,0,1,0,0,0,0,0
13101,4.1532,0.4448,398,723,0,0,1,0,0,0,0,0
13102,4.2533,0.4492,397,723,0,0,1,0,0,0,0,0
13103,4.1971,0.4441,396,723,0,0,1,0,0,0,0,0
13104,4.067,0.4994,395,723,0,0,1,0,0,0,0,0
13105,4.1294,0.447,395,723,0,0,1,0,0,0,0,0
13106,4.2081,0.4834,395,723,0,0,1,0,0,0,0,0
13107,4.1678,2.587,395,723,0,0,1,0,0,0,0,0
13108,4.1319,0.4919,394,723,0,0,1,0,0,0,0,0
13109,4.2491,0.9689,394,723,0,0,1,0,0,0,0,0
13110,4.132,0.6445,393,723,0,0,1,0,0,0,0,0
13111,4.3871,0.4367,392,723,0,0,1,0,0,0,0,0
13112,3.9278,0.3717,390,723,0,0,1,0,0,0,0,0
13113,4.1998,0.462,390,723,0,0,1,0,0,0,0,0
13114,4.4015,0.591,389,723,0,0,1,0,0,0,0,0
13115,3.9231,0.6438,389,723,0,0,1,0,0,0,0,0
13116,4.2685,0.5229,388,723,0,0,1,0,0,0,0,0
13117,4.036,0.5546,387,723,0,0,1,0,0,0,0,0
13118,4.2079,0.6307,387,723,0,0,1,0,0,0,0,0
13119,4.099,0.5135,387,723,0,0,1,0,0,0,0,0
13120,4.3184,0.6482,387,723,0,0,1,0,0,0,0,0
13121,4.064,1.1255,387,723,0,0,1,0,0,0,0,0
13122,4.1687,0.4406,387,723,0,0,1,0,0,0,0,0
13123,4.401,0.727,386,723,0,0,1,0,0,0,0,0
13124,4.227,0.5723,385,723,0,0,1,0,0,0,0,0
13125,3.8764,0.6124,385,723,0,0,1,0,0,0,0,0
13126,4.151,0.4852,385,723,0,0,1,0,0,0,0,0
13127,4.1112,0.6365,385,723,0,0,1,0,0,0,0,0
13128,4.292,0.6374,384,723,0,0,1,0,0,0,0,0
13129,4.0823,0.4289,382,723,0,0,1,0,0,0,0,0
13130,4.2251,0.5368,381,723,0,0,1,0,0,0,0,0
13131,4.1798,0.683,380,723,0,0,1,0,0,0,0,0
13132,4.3354,0.4673,378,723,0,0,1,0,0,0,0,0
13133,3.9111,0.4778,377,723,0,0,1,0,0,0,0,0
13134,4.1924,0.5316,376,723,0,0,1,0,0,0,0,0
13135,4.3302,0.8298,374,723,0,0,1,0,0,0,0,0
13136,4.0393,0.8059,367,723,0,0,1,0,0,0,0,0
13137,4.1674,0.5788,365,723,0,0,1,0,0,0,0,0
13138,4.1849,0.5486,365,723,0,0,1,0,0,0,0,0
13139,4.1005,0.6014,365,723,0,0,1,0,0,0,0,0
13140,4.1664,0.509,364,723,0,0,1,0,0,0,0,0
13141,4.1852,0.7071,414,723,0,0,1,0,0,50,13518,0.0096
13142,4.5125,0.7296,413,723,0,0,1,0,0,0,0,0
13143,4.0028,0.7026,413,723,0,0,1,0,0,0,0,0
13144,4.1108,0.698,413,723,0,0,1,0,0,0,0,0
13145,4.0194,0.5481,412,723,0,0,1,0,0,0,0,0
13146,4.1674,0.4541,412,723,0,0,1,0,0,0,0,0
13147,4.2444,0.81,411,723,0,0,1,0,0,0,0,0
13148,4.2117,0.6646,411,723,0,0,1,0,0,0,0,0
13149,4.0471,0.4609,411,723,0,0,1,0,0,0,0,0
13150,4.517,0.4558,411,723,0,0,1,0,0,0,0,0
13151,3.9317,0.4854,411,723,0,0,1,0,0,0,0,0
13152,4.0531,0.4842,411,723,0,0,1,0,0,0,0,0
13153,4.2209,0.6022,410,723,0,0,1,0,0,0,0,0
13154,4.1845,0.5994,409,723,0,0,1,0,0,0,0,0
13155,4.1549,0.6229,406,723,0,0,1,0,0,0,0,0
13156,4.2152,0.6847,405,723,0,0,1,0,0,0,0,0
13157,4.058,0.5323,404,723,0,0,1,0,0,0,0,0
13158,4.2142,0.9082,404,723,0,0,1,0,0,0,0,0
13159,4.1621,0.6427,404,723,0,0,1,0,0,0,0,0
13160,4.2328,0.7308,404,723,0,0,1,0,0,0,0,0
13161,4.109,0.5498,404,723,0,0,1,0,0,0,0,0
13162,4.102,0.6489,404,723,0,0,1,0,0,0,0,0
13163,4.1484,0.4701,403,723,0,0,1,0,0,0,0,0
13164,4.3403,0.5481,403,723,0,0,1,0,0,0,0,0
13165,4.0811,0.4858,403,723,0,0,1,0,0,0,0,0
13166,4.3406,0.6339,403,723,0,0,1,0,0,0,0,0
13167,3.939,0.5121,403,723,0,0,1,0,0,0,0,0
13168,4.2176,0.6437,403,723,0,0,1,0,0,0,0,0
13169,4.111,0.4287,402,723,0,0,1,0,0,0,0,0
13170,4.144,0.4135,402,723,0,0,1,0,0,0,0,0
13171,4.2471,0.4714,401,723,0,0,1,0,0,0,0,0
13172,4.2055,0.7099,401,723,0,0,1,0,0,0,0,0
13173,4.0619,0.5188,400,723,0,0,1,0,0,0,0,0
13174,4.1935,0.8265,398,723,0,0,1,0,0,0,0,0
13175,4.1993,0.4937,397,723,0,0,1,0,0,0,0,0
13176,4.6418,0.5809,397,723,0,0,1,0,0,0,0,0
13177,3.6408,0.4938,396,723,0,0,1,0,0,0,0,0
13178,4.611,0.77,395,723,0,0,1,0,0,0,0,0
13179,3.8853,0.7405,395,723,0,0,1,0,0,0,0,0
13180,4.0906,0.7812,394,723,0,0,1,0,0,0,0,0
13181,4.3703,0.5264,394,723,0,0,1,0,0,0,0,0
13182,3.8958,0.5232,393,723,0,0,1,0,0,0,0,0
13183,4.184,0.5177,392,723,0,0,1,0,0,0,0,0
13184,4.3075,0.5403,392,723,0,0,1,0,0,0,0,0
13185,3.9828,0.7784,390,723,0,0,1,0,0,0,0,0
13186,4.3255,0.6339,390,723,0,0,1,0,0,0,0,0
13187,4.036,0.7429,388,723,0,0,1,0,0,0,0,0
13188,4.6611,0.5171,385,723,0,0,1,0,0,0,0,0
13189,3.6699,0.5693,385,723,0,0,1,0,0,0,0,0
13190,4.2299,0.5443,385,723,0,0,1,0,0,0,0,0
13191,4.2079,0.7042,385,723,0,0,1,0,0,0,0,0
13192,4.1864,0.8025,384,723,0,0,1,0,0,0,0,0
13193,4.0852,0.6195,382,723,0,0,1,0,0,0,0,0
13194,4.1484,0.5274,382,723,0,0,1,0,0,0,0,0
13195,4.1952,0.6558,382,723,0,0,1,0,0,0,0,0
13196,4.1567,0.5735,380,723,0,0,1,0,0,0,0,0
13197,4.099,0.5318,379,723,0,0,1,0,0,0,0,0
13198,4.2019,0.5122,377,723,0,0,1,0,0,0,0,0
13199,4.1313,0.5298,375,723,0,0,1,0,0,0,0,0
13200,4.2031,0.5737,375,723,0,0,1,0,0,0,0,0
13201,4.1497,0.5331,375,723,0,0,1,0,0,0,0,0
13202,4.2636,0.7861,374,723,0,0,1,0,0,0,0,0
13203,4.228,0.5482,367,723,0,0,1,0,0,0,0,0
13204,4.1645,0.6574,367,723,0,0,1,0,0,0,0,0
13205,3.9936,0.6011,367,723,0,0,1,0,0,0,0,0
13206,4.1946,0.5271,367,723,0,0,1,0,0,0,0,0
13207,4.1816,0.5569,367,723,0,0,1,0,0,0,0,0
13208,4.3022,0.5564,366,723,0,0,1,0,0,0,0,0
13209,4.0616,0.5449,416,723,0,0,1,0,0,50,13677,0.0086
13210,4.1409,0.6951,415,723,0,0,1,0,0,0,0,0
13211,4.1902,0.5578,414,723,0,0,1,0,0,0,0,0
13212,4.1189,0.4593,414,723,0,0,1,0,0,0,0,0
13213,4.2382,1.6087,413,723,0,0,1,0,0,0,0,0
13214,4.1889,0.3748,412,723,0,0,1,0,0,0,0,0
13215,4.2963,0.3344,412,723,0,0,1,0,0,0,0,0
13216,3.9729,0.6124,412,723,0,0,1,0,0,0,0,0
13217,4.1346,0.3583,409,723,0,0,1,0,0,0,0,0
13218,4.1662,0.347,409,723,0,0,1,0,0,0,0,0
13219,4.1238,0.3806,409,723,0,0,1,0,0,0,0,0
13220,4.2814,0.3907,409,723,0,0,1,0,0,0,0,0
13221,4.0942,0.6512,408,723,0,0,1,0,0,0,0,0
13222,4.1976,0.9346,408,723,0,0,1,0,0,0,0,0
13223,4.1462,0.8683,408,723,0,0,1,0,0,0,0,0
13224,4.3123,0.4984,408,723,0,0,1,0,0,0,0,0
13225,4.012,0.5762,408,723,0,0,1,0,0,0,0,0
13226,4.2127,0.6138,407,723,0,0,1,0,0,0,0,0
13227,4.21,0.6162,407,723,0,0,1,0,0,0,0,0
13228,4.1476,0.6715,407,723,0,0,1,0,0,0,0,0
13229,4.2063,0.7191,407,723,0,0,1,0,0,0,0,0
13230,4.0498,0.4747,406,723,0,0,1,0,0,0,0,0
13231,4.1666,0.636,406,723,0,0,1,0,0,0,0,0
13232,4.2674,0.6075,405,723,0,0,1,0,0,0,0,0
13233,4.0833,0.4563,403,723,0,0,1,0,0,0,0,0
13234,4.1958,0.5981,402,723,0,0,1,0,0,0,0,0
13235,4.4159,0.7014,401,723,0,0,1,0,0,0,0,0
13236,3.8703,0.4461,399,723,0,0,1,0,0,0,0,0
13237,4.2212,0.61,399,723,0,0,1,0,0,0,0,0
13238,4.209,0.5942,398,723,0,0,1,0,0,0,0,0
13239,4.3167,0.4979,397,723,0,0,1,0,0,0,0,0
13240,4.0076,0.464,396,723,0,0,1,0,0,0,0,0
13241,4.0621,0.4429,395,723,0,0,1,0,0,0,0,0
13242,4.2095,0.4345,394,723,0,0,1,0,0,0,0,0
13243,4.1511,0.4757,394,723,0,0,1,0,0,0,0,0
13244,4.2491,0.5935,394,723,0,0,1,0,0,0,0,0
13245,4.0693,0.6359,394,723,0,0,1,0,0,0,0,0
13246,4.2318,0.6345,393,723,0,0,1,0,0,0,0,0
13247,4.117,0.4432,392,723,0,0,1,0,0,0,0,0
13248,4.2889,0.6722,392,723,0,0,1,0,0,0,0,0
13249,4.0552,0.5759,390,723,0,0,1,0,0,0,0,0
13250,4.2092,0.4532,390,723,0,0,1,0,0,0,0,0
13251,4.2907,0.4796,390,723,0,0,1,0,0,0,0,0
13252,4.0688,0.5004,389,723,0,0,1,0,0,0,0,0
13253,4.0968,0.4723,385,723,0,0,1,0,0,0,0,0
13254,4.2001,0.4666,383,723,0,0,1,0,0,0,0,0
13255,4.3851,0.6988,383,723,0,0,1,0,0,0,0,0
13256,3.9444,0.5565,382,723,0,0,1,0,0,0,0,0
13257,4.4334,0.6543,381,723,0,0,1,0,0,0,0,0
13258,3.8636,0.6286,381,723,0,0,1,0,0,0,0,0
13259,4.1458,0.6529,380,723,0,0,1,0,0,0,0,0
13260,4.5841,0.5749,379,723,0,0,1,0,0,0,0,0
13261,3.7874,0.4694,378,723,0,0,1,0,0,0,0,0
13262,4.2309,0.4348,377,723,0,0,1,0,0,0,0,0
13263,4.1111,0.4804,377,723,0,0,1,0,0,0,0,0
13264,4.216,0.4626,376,723,0,0,1,0,0,0,0,0
13265,4.0948,0.5388,374,723,0,0,1,0,0,0,0,0
13266,4.1654,0.4363,373,723,0,0,1,0,0,0,0,0
13267,4.5225,0.5527,373,723,0,0,1,0,0,0,0,0
13268,3.9073,0.4675,372,723,0,0,1,0,0,0,0,0
13269,4.1822,0.509,372,723,0,0,1,0,0,0,0,0
13270,4.116,0.5418,364,723,0,0,1,0,0,0,0,0
13271,4.1003,0.5073,364,723,0,0,1,0,0,0,0,0
13272,4.1962,0.8981,363,723,0,0,1,0,0,0,0,0
13273,4.2147,0.4518,361,723,0,0,1,0,0,0,0,0
13274,4.2004,0.51,361,723,0,0,1,0,0,0,0,0
13275,4.2725,0.5345,361,723,0,0,1,0,0,0,0,0
13276,4.0401,0.5317,410,723,0,0,1,0,0,50,12843,0.009
13277,4.1418,0.5738,409,723,0,0,1,0,0,0,0,0
13278,4.1158,0.4471,409,723,0,0,1,0,0,0,0,0
13279,4.2159,0.696,409,723,0,0,1,0,0,0,0,0
13280,4.1864,0.5471,408,723,0,0,1,0,0,0,0,0
13281,4.0863,0.4399,408,723,0,0,1,0,0,0,0,0
13282,4.1774,0.4882,407,723,0,0,1,0,0,0,0,0
13283,4.1307,0.4346,405,723,0,0,1,0,0,0,0,0
13284,4.2234,0.5525,405,723,0,0,1,0,0,0,0,0
13285,4.1519,0.5233,405,723,0,0,1,0,0,0,0,0
13286,4.2158,0.4914,405,723,0,0,1,0,0,0,0,0
13287,4.0775,0.4767,405,723,0,0,1,0,0,0,0,0
13288,4.2629,0.6969,405,723,0,0,1,0,0,0,0,0
13289,4.0981,0.6373,405,723,0,0,1,0,0,0,0,0
13290,4.1703,0.4913,405,723,0,0,1,0,0,0,0,0
13291,4.1852,0.6687,405,723,0,0,1,0,0,0,0,0
13292,4.2305,0.5246,404,723,0,0,1,0,0,0,0,0
13293,4.3494,0.6954,403,723,0,0,1,0,0,0,0,0
13294,3.9701,0.5778,403,723,0,0,1,0,0,0,0,0
13295,4.089,0.544,402,723,0,0,1,0,0,0,0,0
13296,4.1883,0.5328,402,723,0,0,1,0,0,0,0,0
13297,4.1652,0.5208,402,723,0,0,1,0,0,0,0,0
13298,4.2254,0.4482,401,723,0,0,1,0,0,0,0,0
13299,4.1875,0.547,401,723,0,0,1,0,0,0,0,0
13300,4.1701,0.679,401,723,0,0,1,0,0,0,0,0
13301,4.0989,0.4963,401,723,0,0,1,0,0,0,0,0
13302,4.1337,0.441,399,723,0,0,1,0,0,0,0,0
13303,4.254,0.6113,398,723,0,0,1,0,0,0,0,0
13304,4.1558,0.4498,398,723,0,0,1,0,0,0,0,0
13305,4.1363,0.833,398,723,0,0,1,0,0,0,0,0
13306,4.1556,0.4983,398,723,0,0,1,0,0,0,0,0
13307,4.1575,0.4523,397,723,0,0,1,0,0,0,0,0
13308,4.1973,0.487,396,723,0,0,1,0,0,0,0,0
13309,4.1501,0.4766,396,723,0,0,1,0,0,0,0,0
13310,4.1869,0.6446,396,723,0,0,1,0,0,0,0,0
13311,4.3029,0.6844,395,723,0,0,1,0,0,0,0,0
13312,4.054,0.5267,395,723,0,0,1,0,0,0,0,0
13313,4.063,0.4317,395,723,0,0,1,0,0,0,0,0
13314,4.2221,0.5809,393,723,0,0,1,0,0,0,0,0
13315,4.2507,0.636,392,723,0,0,1,0,0,0,0,0
13316,4.0984,0.4668,392,723,0,0,1,0,0,0,0,0
13317,4.2613,0.6536,392,723,0,0,1,0,0,0,0,0
13318,4.0715,0.4401,391,723,0,0,1,0,0,0,0,0
13319,4.1258,0.4571,389,723,0,0,1,0,0,0,0,0
13320,4.2041,0.461,386,723,0,0,1,0,0,0,0,0
13321,4.1541,0.4445,386,723,0,0,1,0,0,0,0,0
13322,4.1629,0.4592,386,723,0,0,1,0,0,0,0,0
13323,4.2267,0.6969,384,723,0,0,1,0,0,0,0,0
13324,4.1406,0.4912,383,723,0,0,1,0,0,0,0,0
13325,4.1362,0.4992,382,723,0,0,1,0,0,0,0,0
13326,4.1522,0.4316,381,723,0,0,1,0,0,0,0,0
13327,4.147,0.5594,380,723,0,0,1,0,0,0,0,0
13328,4.2503,0.4482,380,723,0,0,1,0,0,0,0,0
13329,4.1093,0.4549,379,723,0,0,1,0,0,0,0,0
13330,4.2233,0.7829,377,723,0,0,1,0,0,0,0,0
13331,4.0865,0.4558,376,723,0,0,1,0,0,0,0,0
13332,4.5042,0.6048,376,723,0,0,1,0,0,0,0,0
13333,3.8675,0.5608,376,723,0,0,1,0,0,0,0,0
13334,4.184,0.484,376,723,0,0,1,0,0,0,0,0
13335,4.1389,0.8214,374,723,0,0,1,0,0,0,0,0
13336,4.3115,0.6966,373,723,0,0,1,0,0,0,0,0
13337,4.3029,0.6026,366,723,0,0,1,0,0,0,0,0
13338,3.887,0.5064,365,723,0,0,1,0,0,0,0,0
13339,4.2194,0.597,364,723,0,0,1,0,0,0,0,0
13340,4.1798,0.5597,364,723,0,0,1,0,0,0,0,0
13341,4.1238,0.7397,364,723,0,0,1,0,0,0,0,0
13342,4.2233,0.6547,363,723,0,0,1,0,0,0,0,0
13343,4.1024,3.0746,413,723,0,0,1,0,0,50,14775,0.009
13344,4.3211,0.3839,413,723,0,0,1,0,0,0,0,0
13345,4.0092,0.5207,413,723,0,0,1,0,0,0,0,0
13346,4.138,0.3021,412,723,0,0,1,0,0,0,0,0
13347,4.2243,0.3197,410,723,0,0,1,0,0,0,0,0
13348,4.1242,0.4645,410,723,0,0,1,0,0,0,0,0
13349,4.1477,0.522,409,723,0,0,1,0,0,0,0,0
13350,4.1903,0.4481,409,723,0,0,1,0,0,0,0,0
13351,4.134,0.4555,409,723,0,0,1,0,0,0,0,0
13352,4.2588,0.5346,409,723,0,0,1,0,0,0,0,0
13353,4.0943,0.4426,409,723,0,0,1,0,0,0,0,0
13354,4.1993,0.6667,408,723,0,0,1,0,0,0,0,0
13355,4.308,0.6902,408,723,0,0,1,0,0,0,0,0
13356,4.0661,0.4993,407,723,0,0,1,0,0,0,0,0
13357,4.2968,0.4386,405,723,0,0,1,0,0,0,0,0
13358,4.0309,0.4832,405,723,0,0,1,0,0,0,0,0
13359,4.3936,0.4459,405,723,0,0,1,0,0,0,0,0
13360,3.874,0.6695,404,723,0,0,1,0,0,0,0,0
13361,4.2619,0.7355,404,723,0,0,1,0,0,0,0,0
13362,4.1103,0.4746,403,723,0,0,1,0,0,0,0,0
13363,4.1817,0.5071,403,723,0,0,1,0,0,0,0,0
13364,4.1878,0.6026,403,723,0,0,1,0,0,0,0,0
13365,4.1367,0.756,401,723,0,0,1,0,0,0,0,0
13366,4.1915,0.5053,401,723,0,0,1,0,0,0,0,0
13367,4.1666,0.7741,401,723,0,0,1,0,0,0,0,0
13368,4.0824,0.5972,401,723,0,0,1,0,0,0,0,0
13369,4.2097,0.5535,401,723,0,0,1,0,0,0,0,0
13370,4.2023,0.5841,401,723,0,0,1,0,0,0,0,0
13371,4.186,0.4919,401,723,0,0,1,0,0,0,0,0
13372,4.159,0.5564,398,723,0,0,1,0,0,0,0,0
13373,4.1249,0.4412,398,723,0,0,1,0,0,0,0,0
13374,4.1669,0.4498,397,723,0,0,1,0,0,0,0,0
13375,4.2019,0.541,396,723,0,0,1,0,0,0,0,0
13376,4.1895,0.5301,396,723,0,0,1,0,0,0,0,0
13377,4.0762,0.4413,396,723,0,0,1,0,0,0,0,0
13378,4.2307,0.4717,396,723,0,0,1,0,0,0,0,0
13379,4.1049,0.5707,395,723,0,0,1,0,0,0,0,0
13380,4.2303,0.6262,395,723,0,0,1,0,0,0,0,0
13381,4.1279,0.4876,395,723,0,0,1,0,0,0,0,0
13382,4.1785,0.519,395,723,0,0,1,0,0,0,0,0
13383,4.1134,0.5017,395,723,0,0,1,0,0,0,0,0
13384,4.2694,0.4988,394,723,0,0,1,0,0,0,0,0
13385,4.0668,0.606,393,723,0,0,1,0,0,0,0,0
13386,4.1907,0.464,392,723,0,0,1,0,0,0,0,0
13387,4.2157,0.6349,392,723,0,0,1,0,0,0,0,0
13388,4.1805,0.5024,392,723,0,0,1,0,0,0,0,0
13389,4.2364,0.4894,391,723,0,0,1,0,0,0,0,0
13390,4.0908,0.4787,391,723,0,0,1,0,0,0,0,0
13391,4.1101,0.4423,391,723,0,0,1,0,0,0,0,0
13392,4.1553,0.7091,391,723,0,0,1,0,0,0,0,0
13393,4.2311,0.6232,391,723,0,0,1,0,0,0,0,0
13394,4.1248,0.4401,391,723,0,0,1,0,0,0,0,0
13395,4.1762,0.5083,391,723,0,0,1,0,0,0,0,0
13396,4.4529,0.4419,391,723,0,0,1,0,0,0,0,0
13397,3.8723,0.6524,390,723,0,0,1,0,0,0,0,0
13398,4.1323,0.4484,390,723,0,0,1,0,0,0,0,0
13399,4.18,0.6337,389,723,0,0,1,0,0,0,0,0
13400,4.2749,0.7365,388,723,0,0,1,0,0,0,0,0
13401,4.0869,0.4309,386,723,0,0,1,0,0,0,0,0
13402,4.1895,0.4592,386,723,0,0,1,0,0,0,0,0
13403,4.4153,0.5213,385,723,0,0,1,0,0,0,0,0
13404,3.9226,0.4465,377,723,0,0,1,0,0,0,0,0
13405,4.1727,0.6171,377,723,0,0,1,0,0,0,0,0
13406,4.156,0.4774,377,723,0,0,1,0,0,0,0,0
13407,4.1496,0.5352,376,723,0,0,1,0,0,0,0,0
13408,4.4421,0.4661,375,723,0,0,1,0,0,0,0,0
13409,3.9152,0.5027,375,723,0,0,1,0,0,0,0,0
13410,4.2089,0.6885,425,723,0,0,1,0,0,50,16940,0.0159
13411,4.1566,0.743,424,723,0,0,1,0,0,0,0,0
13412,4.4709,0.5492,424,723,0,0,1,0,0,0,0,0
13413,4.0895,0.5424,424,723,0,0,1,0,0,0,0,0
13414,4.1392,0.4666,423,723,0,0,1,0,0,0,0,0
13415,4.3446,0.6463,423,723,0,0,1,0,0,0,0,0
13416,4.03,0.5312,423,723,0,0,1,0,0,0,0,0
13417,4.0715,0.5954,422,723,0,0,1,0,0,0,0,0
13418,4.2953,0.5179,421,723,0,0,1,0,0,0,0,0
13419,4.3567,0.5507,420,723,0,0,1,0,0,0,0,0
13420,3.8714,0.6006,420,723,0,0,1,0,0,0,0,0
13421,4.0422,0.37,419,723,0,0,1,0,0,0,0,0
13422,4.2259,0.4826,418,723,0,0,1,0,0,0,0,0
13423,4.4144,0.3708,418,723,0,0,1,0,0,0,0,0
13424,3.8532,0.3849,418,723,0,0,1,0,0,0,0,0
13425,4.1731,0.4277,417,723,0,0,1,0,0,0,0,0
13426,4.1601,0.3839,416,723,0,0,1,0,0,0,0,0
13427,4.2968,0.3798,415,723,0,0,1,0,0,0,0,0
13428,4.0317,0.4806,414,723,0,0,1,0,0,0,0,0
13429,4.1762,0.5631,414,723,0,0,1,0,0,0,0,0
13430,4.4363,0.6735,412,723,0,0,1,0,0,0,0,0
13431,4.2981,0.823,411,723,0,0,1,0,0,0,0,0
13432,3.9006,0.6961,410,723,0,0,1,0,0,0,0,0
13433,4.1529,0.8215,409,723,0,0,1,0,0,0,0,0
13434,4.2126,0.6744,409,723,0,0,1,0,0,0,0,0
13435,4.337,0.8081,409,723,0,0,1,0,0,0,0,0
13436,3.9169,0.7128,408,723,0,0,1,0,0,0,0,0
13437,4.1654,0.7589,408,723,0,0,1,0,0,0,0,0
13438,4.1569,0.661,408,723,0,0,1,0,0,0,0,0
13439,4.2963,0.6094,408,723,0,0,1,0,0,0,0,0
13440,4.0786,0.5332,408,723,0,0,1,0,0,0,0,0
13441,3.9803,1.0905,407,723,0,0,1,0,0,0,0,0
13442,4.2438,0.5302,406,723,0,0,1,0,0,0,0,0
13443,4.3892,0.4892,406,723,0,0,1,0,0,0,0,0
13444,4.1044,0.5872,406,723,0,0,1,0,0,0,0,0
13445,3.9241,0.4136,406,723,0,0,1,0,0,0,0,0
13446,4.1497,0.3952,405,723,0,0,1,0,0,0,0,0
13447,4.2677,0.6331,402,723,0,0,1,0,0,0,0,0
13448,4.0418,0.414,402,723,0,0,1,0,0,0,0,0
13449,4.2054,0.5907,401,723,0,0,1,0,0,0,0,0
13450,4.1714,0.6271,400,723,0,0,1,0,0,0,0,0
13451,4.6013,0.4057,396,723,0,0,1,0,0,0,0,0
13452,3.6875,0.4182,396,723,0,0,1,0,0,0,0,0
13453,4.4529,0.5294,396,723,0,0,1,0,0,0,0,0
13454,4.0497,0.5251,396,723,0,0,1,0,0,0,0,0
13455,4.1664,0.6399,395,723,0,0,1,0,0,0,0,0
13456,4.1033,0.4239,394,723,0,0,1,0,0,0,0,0
13457,4.2364,0.6014,394,723,0,0,1,0,0,0,0,0
13458,4.0383,0.6071,394,723,0,0,1,0,0,0,0,0
13459,4.4327,0.4889,393,723,0,0,1,0,0,0,0,0
13460,3.8582,0.4489,392,723,0,0,1,0,0,0,0,0
13461,4.1696,0.4654,392,723,0,0,1,0,0,0,0,0
13462,4.2627,0.5833,391,723,0,0,1,0,0,0,0,0
13463,4.2387,0.6752,391,723,0,0,1,0,0,0,0,0
13464,4.1337,0.6323,390,723,0,0,1,0,0,0,0,0
13465,4.0553,0.4716,389,723,0,0,1,0,0,0,0,0
13466,4.3015,0.4884,389,723,0,0,1,0,0,0,0,0
13467,4.1456,0.6354,388,723,0,0,1,0,0,0,0,0
13468,4.1446,0.6934,388,723,0,0,1,0,0,0,0,0
13469,4.1732,0.621,387,723,0,0,1,0,0,0,0,0
13470,4.1453,0.7507,387,723,0,0,1,0,0,0,0,0
13471,4.6353,0.5095,386,723,0,0,1,0,0,0,0,0
13472,3.6697,0.5296,378,723,0,0,1,0,0,0,0,0
13473,4.1586,0.8598,378,723,0,0,1,0,0,0,0,0
13474,4.338,0.5031,378,723,0,0,1,0,0,0,0,0
13475,4.1623,0.5441,377,723,0,0,1,0,0,0,0,0
13476,4.0957,0.5981,377,723,0,0,1,0,0,0,0,0
13477,4.0863,0.4969,427,723,0,0,1,0,0,50,14976,0.0085
13478,4.2566,0.473,426,723,0,0,1,0,0,0,0,0
13479,4.3019,0.5772,425,723,0,0,1,0,0,0,0,0
13480,3.935,0.4715,425,723,0,0,1,0,0,0,0,0
13481,4.2417,0.5926,425,723,0,0,1,0,0,0,0,0
13482,4.1346,0.4372,423,723,0,0,1,0,0,0,0,0
13483,4.3555,0.5141,422,723,0,0,1,0,0,0,0,0
13484,4.0449,0.4973,421,723,0,0,1,0,0,0,0,0
13485,4.0732,0.5188,421,723,0,0,1,0,0,0,0,0
13486,4.2604,0.5357,420,723,0,0,1,0,0,0,0,0
13487,4.5349,1.1575,2,723,0,0,0,0,0,0,0,0
13488,3.7719,0.388,2,723,0,0,0,0,0,0,0,0
13489,4.1135,0.4034,2,723,0,0,0,0,0,0,0,0
13490,4.1795,0.3881,2,723,0,0,0,0,0,0,0,0
13491,4.3461,0.3398,2,723,0,0,0,0,0,0,0,0
13492,8.1445,0.3491,2,723,0,0,0,0,0,0,0,0
13493,4.2062,0.3694,2,723,0,0,0,0,0,0,0,0
13494,4.2832,0.5299,2,723,0,0,0,0,0,0,0,0
13495,4.3696,0.3499,2,723,0,0,0,0,0,0,0,0
13496,3.8818,0.3562,2,723,0,0,0,0,0,0,0,0
13497,4.2686,0.3635,2,723,0,0,0,0,0,0,0,0
13498,4.3496,0.4021,2,723,0,0,0,0,0,0,0,0
13499,3.8743,0.5803,2,723,0,0,0,0,0,0,0,0
13500,4.1173,0.5033,2,723,0,0,0,0,0,0,0,0
13501,4.4919,0.3349,2,723,0,0,0,0,0,0,0,0
13502,4.2281,0.3208,2,723,0,0,0,0,0,0,0,0
13503,3.7669,0.3259,2,723,0,0,0,0,0,0,0,0
13504,4.1868,0.6103,2,723,0,0,0,0,0,0,0,0
13505,4.1486,0.4804,2,723,0,0,0,0,0,0,0,0
13506,4.3466,0.535,2,723,0,0,0,0,0,0,0,0
13507,4.3868,0.3419,2,723,0,0,0,0,0,0,0,0
13508,3.8433,0.3953,2,723,0,0,0,0,0,0,0,0
13509,4.1243,0.3413,2,723,0,0,0,0,0,0,0,0
13510,4.2539,0.3813,2,723,0,0,0,0,0,0,0,0
13511,4.0891,0.6002,2,723,0,0,0,0,0,0,0,0
13512,4.1324,0.3555,2,723,0,0,0,0,0,0,0,0
13513,4.2235,0.4003,2,723,0,0,0,0,0,0,0,0
13514,4.3101,0.343,2,723,0,0,0,0,0,0,0,0
13515,3.9948,0.6456,2,723,0,0,0,0,0,0,0,0
13516,4.1121,0.3238,2,723,0,0,0,0,0,0,0,0
13517,4.1985,0.3464,2,723,0,0,0,0,0,0,0,0
13518,4.3263,0.429,2,723,0,0,0,0,0,0,0,0
13519,3.9598,0.3461,2,723,0,0,0,0,0,0,0,0
13520,4.5534,0.3499,2,723,0,0,0,0,0,0,0,0
13521,3.7667,0.3284,2,723,0,0,0,0,0,0,0,0
13522,4.3064,0.3472,2,723,0,0,0,0,0,0,0,0
13523,4.0255,0.3418,2,723,0,0,0,0,0,0,0,0
13524,4.1476,0.4926,2,723,0,0,0,0,0,0,0,0
13525,4.4773,0.3813,2,723,0,0,0,0,0,0,0,0
13526,4.0244,0.545,2,723,0,0,0,0,0,0,0,0
13527,3.9914,0.3495,2,723,0,0,0,0,0,0,0,0
13528,4.2038,0.3186,2,723,0,0,0,0,0,0,0,0
13529,4.1684,0.3487,2,723,0,0,0,0,0,0,0,0
13530,4.843,0.3785,2,723,0,0,0,0,0,0,0,0
13531,3.5445,0.3683,2,723,0,0,0,0,0,0,0,0
13532,4.1274,0.3657,2,723,0,0,0,0,0,0,0,0
13533,4.203,0.3595,2,723,0,0,0,0,0,0,0,0
13534,4.197,0.3375,2,723,0,0,0,0,0,0,0,0
13535,4.1036,0.3498,2,723,0,0,0,0,0,0,0,0
13536,4.242,0.3409,2,723,0,0,0,0,0,0,0,0
13537,4.0914,0.3441,2,723,0,0,0,0,0,0,0,0
13538,4.7408,0.3821,2,723,0,0,0,0,0,0,0,0
13539,3.692,0.4043,2,723,0,0,0,0,0,0,0,0
13540,4.0113,0.3299,2,723,0,0,0,0,0,0,0,0
13541,4.2139,0.3398,2,723,0,0,0,0,0,0,0,0
13542,4.4336,0.373,2,723,0,0,0,0,0,0,0,0
13543,3.9673,0.5989,2,723,0,0,0,0,0,0,0,0
13544,4.1245,0.6225,2,723,0,0,0,0,0,0,0,0
13545,4.1726,0.415,2,723,0,0,0,0,0,0,0,0
13546,4.3943,0.4954,2,723,0,0,0,0,0,0,0,0
13547,3.9388,0.3521,2,723,0,0,0,0,0,0,0,0
13548,4.0793,0.4136,2,723,0,0,0,0,0,0,0,0
13549,4.2548,0.62,2,723,0,0,0,0,0,0,0,0
13550,4.3074,0.3723,2,723,0,0,0,0,0,0,0,0
13551,4.0151,0.4972,2,723,0,0,0,0,0,0,0,0
13552,4.1439,0.331,2,723,0,0,0,0,0,0,0,0
13553,4.176,0.3355,2,723,0,0,0,0,0,0,0,0
13554,4.321,0.3202,2,723,0,0,0,0,0,0,0,0
13555,4.0399,0.3415,2,723,0,0,0,0,0,0,0,0
13556,4.218,0.6138,2,723,0,0,0,0,0,0,0,0
13557,4.1364,0.402,2,723,0,0,0,0,0,0,0,0
13558,4.2071,0.3409,2,723,0,0,0,0,0,0,0,0
13559,4.0931,0.3703,2,723,0,0,0,0,0,0,0,0
13560,4.1627,0.3486,2,723,0,0,0,0,0,0,0,0
13561,4.1258,0.3445,2,723,0,0,0,0,0,0,0,0
13562,4.4621,0.3914,2,723,0,0,0,0,0,0,0,0
13563,4.1961,0.3988,2,723,0,0,0,0,0,0,0,0
13564,3.908,0.394,2,723,0,0,0,0,0,0,0,0
13565,4.1129,0.3214,2,723,0,0,0,0,0,0,0,0
13566,4.2924,0.3405,2,723,0,0,0,0,0,0,0,0
13567,4.1092,0.3849,2,723,0,0,0,0,0,0,0,0
13568,4.1422,0.4349,2,723,0,0,0,0,0,0,0,0
13569,4.1949,0.3954,2,723,0,0,0,0,0,0,0,0
13570,4.6179,0.375,2,723,0,0,0,0,0,0,0,0
13571,3.6234,0.3428,2,723,0,0,0,0,0,0,0,0
13572,4.178,0.3472,2,723,0,0,0,0,0,0,0,0
13573,4.2251,0.3188,2,723,0,0,0,0,0,0,0,0
13574,4.5543,0.6307,2,723,0,0,0,0,0,0,0,0
13575,3.9515,0.3623,2,723,0,0,0,0,0,0,0,0
13576,4.0141,0.4348,2,723,0,0,0,0,0,0,0,0
13577,4.1576,0.4424,2,723,0,0,0,0,0,0,0,0
13578,4.2961,0.3247,2,723,0,0,0,0,0,0,0,0
13579,4.1978,0.3417,2,723,0,0,0,0,0,0,0,0
13580,4.0539,0.4375,2,723,0,0,0,0,0,0,0,0
13581,4.1983,0.3658,2,723,0,0,0,0,0,0,0,0
13582,4.1266,0.322,2,723,0,0,0,0,0,0,0,0
13583,4.1269,0.4693,2,723,0,0,0,0,0,0,0,0
13584,4.1014,0.3222,2,723,0,0,0,0,0,0,0,0
13585,4.239,0.3458,2,723,0,0,0,0,0,0,0,0
13586,4.4095,0.6837,2,723,0,0,0,0,0,0,0,0
13587,4.1446,0.3677,2,723,0,0,0,0,0,0,0,0
13588,3.9315,0.577,2,723,0,0,0,0,0,0,0,0
13589,4.1314,0.3206,2,723,0,0,0,0,0,0,0,0
13590,4.3428,0.3584,2,723,0,0,0,0,0,0,0,0
13591,4.0442,0.3546,2,723,0,0,0,0,0,0,0,0
13592,4.0828,0.3574,2,723,0,0,0,0,0,0,0,0
13593,4.3028,0.3747,2,723,0,0,0,0,0,0,0,0
13594,4.2336,0.3695,2,723,0,0,0,0,0,0,0,0
13595,3.9621,0.3202,2,723,0,0,0,0,0,0,0,0
13596,4.4943,0.3247,2,723,0,0,0,0,0,0,0,0
13597,4.1224,0.3166,2,723,0,0,0,0,0,0,0,0
13598,4.0237,0.3266,2,723,0,0,0,0,0,0,0,0
13599,4.3689,0.3909,2,723,0,0,0,0,0,0,0,0
13600,3.8856,0.3971,2,723,0,0,0,0,0,0,0,0
13601,4.1814,0.5278,2,723,0,0,0,0,0,0,0,0
13602,4.5556,0.3727,2,723,0,0,0,0,0,0,0,0
13603,3.7932,0.3655,2,723,0,0,0,0,0,0,0,0
13604,4.1076,0.3467,2,723,0,0,0,0,0,0,0,0
13605,4.2488,0.3561,2,723,0,0,0,0,0,0,0,0
13606,4.5022,0.4366,2,723,0,0,0,0,0,0,0,0
13607,3.7271,0.3635,2,723,0,0,0,0,0,0,0,0
13608,4.1758,0.3484,2,723,0,0,0,0,0,0,0,0
13609,4.2293,0.3552,2,723,0,0,0,0,0,0,0,0
13610,4.2892,0.3221,2,723,0,0,0,0,0,0,0,0
13611,4.1139,0.5991,2,723,0,0,0,0,0,0,0,0
13612,4.0735,0.5953,2,723,0,0,0,0,0,0,0,0
13613,4.1553,0.3477,2,723,0,0,0,0,0,0,0,0
13614,4.3301,0.3615,2,723,0,0,0,0,0,0,0,0
13615,4.0462,0.3533,2,723,0,0,0,0,0,0,0,0
13616,4.0758,0.3313,2,723,0,0,0,0,0,0,0,0
13617,4.2441,0.3243,2,723,0,0,0,0,0,0,0,0
13618,4.2478,0.3186,2,723,0,0,0,0,0,0,0,0
13619,4.0531,0.3416,2,723,0,0,0,0,0,0,0,0
13620,4.1301,0.3402,2,723,0,0,0,0,0,0,0,0
13621,4.2335,0.3668,2,723,0,0,0,0,0,0,0,0
13622,4.2372,0.3572,2,723,0,0,0,0,0,0,0,0
13623,4.0494,0.3463,2,723,0,0,0,0,0,0,0,0
13624,4.3268,0.6122,2,723,0,0,0,0,0,0,0,0
13625,4.0015,0.3172,2,723,0,0,0,0,0,0,0,0
13626,4.7472,0.3139,2,723,0,0,0,0,0,0,0,0
13627,3.8777,0.344,2,723,0,0,0,0,0,0,0,0
13628,4.193,0.345,2,723,0,0,0,0,0,0,0,0
13629,3.9235,0.3444,2,723,0,0,0,0,0,0,0,0
13630,4.219,0.3638,2,723,0,0,0,0,0,0,0,0
13631,4.1144,0.6924,2,723,0,0,0,0,0,0,0,0
13632,4.108,0.32,2,723,0,0,0,0,0,0,0,0
13633,4.2206,0.4904,2,723,0,0,0,0,0,0,0,0
13634,4.5438,0.3497,2,723,0,0,0,0,0,0,0,0
13635,3.9758,0.3213,2,723,0,0,0,0,0,0,0,0
13636,3.918,0.3526,2,723,0,0,0,0,0,0,0,0
13637,4.2468,0.6027,2,723,0,0,0,0,0,0,0,0
13638,4.2468,0.5685,2,723,0,0,0,0,0,0,0,0
13639,4.0061,0.3765,2,723,0,0,0,0,0,0,0,0
13640,4.2485,0.3849,2,723,0,0,0,0,0,0,0,0
13641,4.1193,0.3417,2,723,0,0,0,0,0,0,0,0
13642,4.2233,0.3177,2,723,0,0,0,0,0,0,0,0
13643,4.1104,0.3569,2,723,0,0,0,0,0,0,0,0
13644,4.1264,0.4874,2,723,0,0,0,0,0,0,0,0
13645,4.249,0.3702,2,723,0,0,0,0,0,0,0,0
13646,4.2161,0.3585,2,723,0,0,0,0,0,0,0,0
13647,4.0951,0.3855,2,723,0,0,0,0,0,0,0,0
13648,4.146,0.6264,2,723,0,0,0,0,0,0,0,0
13649,4.1261,0.3373,2,723,0,0,0,0,0,0,0,0
13650,4.4619,0.3906,2,723,0,0,0,0,0,0,0,0
13651,3.9525,0.3632,2,723,0,0,0,0,0,0,0,0
13652,4.1532,0.4085,2,723,0,0,0,0,0,0,0,0
13653,4.1426,0.3771,2,723,0,0,0,0,0,0,0,0
13654,4.2449,0.3444,2,723,0,0,0,0,0,0,0,0
13655,4.0977,0.3228,2,723,0,0,0,0,0,0,0,0
13656,4.2357,0.35,2,723,0,0,0,0,0,0,0,0
13657,4.0788,0.3897,2,723,0,0,0,0,0,0,0,0
13658,4.3967,0.3946,2,723,0,0,0,0,0,0,0,0
13659,3.9729,0.3548,2,723,0,0,0,0,0,0,0,0
13660,4.1105,0.3406,2,723,0,0,0,0,0,0,0,0
13661,4.1625,0.3417,2,723,0,0,0,0,0,0,0,0
13662,4.5469,0.4082,2,723,0,0,0,0,0,0,0,0
13663,3.8375,0.5801,2,723,0,0,0,0,0,0,0,0
13664,4.1694,0.4331,2,723,0,0,0,0,0,0,0,0
13665,4.1376,0.3891,2,723,0,0,0,0,0,0,0,0
13666,4.2589,0.3487,2,723,0,0,0,0,0,0,0,0
13667,4.1076,0.3423,2,723,0,0,0,0,0,0,0,0
13668,4.1099,0.3432,2,723,0,0,0,0,0,0,0,0
13669,4.4329,0.5714,2,723,0,0,0,0,0,0,0,0
13670,4.1798,0.4099,2,723,0,0,0,0,0,0,0,0
13671,4.2016,0.365,2,723,0,0,0,0,0,0,0,0
13672,3.9036,0.4908,2,723,0,0,0,0,0,0,0,0
13673,4.1523,0.3341,2,723,0,0,0,0,0,0,0,0
13674,4.2536,0.3443,2,723,0,0,0,0,0,0,0,0
13675,4.104,0.3159,2,723,0,0,0,0,0,0,0,0
13676,4.0938,0.3482,2,723,0,0,0,0,0,0,0,0
13677,4.2431,0.391,2,723,0,0,0,0,0,0,0,0
13678,4.2775,0.3376,2,723,0,0,0,0,0,0,0,0
13679,3.9879,0.3199,2,723,0,0,0,0,0,0,0,0
13680,4.1966,0.3421,2,723,0,0,0,0,0,0,0,0
13681,4.2054,0.5982,2,723,0,0,0,0,0,0,0,0
13682,4.3007,0.3912,2,723,0,0,0,0,0,0,0,0
13683,4.0499,0.3617,2,723,0,0,0,0,0,0,0,0
13684,4.1441,0.4302,2,723,0,0,0,0,0,0,0,0
13685,4.1312,0.3382,2,723,0,0,0,0,0,0,0,0
13686,4.2453,0.3388,2,723,0,0,0,0,0,0,0,0
13687,4.1295,0.3441,2,723,0,0,0,0,0,0,0,0
13688,4.1817,0.4372,2,723,0,0,0,0,0,0,0,0
13689,4.1489,0.3833,2,723,0,0,0,0,0,0,0,0
13690,4.2288,0.3667,2,723,0,0,0,0,0,0,0,0
13691,4.0956,0.3679,2,723,0,0,0,0,0,0,0,0
13692,8.3431,0.3408,2,723,0,0,0,0,0,0,0,0
13693,4.3097,0.3933,2,723,0,0,0,0,0,0,0,0
13694,4.0352,0.3937,2,723,0,0,0,0,0,0,0,0
13695,4.0944,0.3404,2,723,0,0,0,0,0,0,0,0
13696,4.2311,0.4334,2,723,0,0,0,0,0,0,0,0
13697,4.3012,0.3405,2,723,0,0,0,0,0,0,0,0
13698,4.0547,0.3408,2,723,0,0,0,0,0,0,0,0
13699,4.1269,0.5963,2,723,0,0,0,0,0,0,0,0
13700,4.1818,0.3449,2,723,0,0,0,0,0,0,0,0
13701,4.2823,0.417,2,723,0,0,0,0,0,0,0,0
13702,4.0303,0.3808,2,723,0,0,0,0,0,0,0,0
13703,4.1257,0.3183,2,723,0,0,0,0,0,0,0,0
13704,4.1608,0.3232,2,723,0,0,0,0,0,0,0,0
13705,4.5786,0.5707,2,723,0,0,0,0,0,0,0,0
13706,3.9266,0.3923,2,723,0,0,0,0,0,0,0,0
13707,4.0664,0.3884,2,723,0,0,0,0,0,0,0,0
13708,4.1222,0.3373,2,723,0,0,0,0,0,0,0,0
13709,4.3628,0.3421,2,723,0,0,0,0,0,0,0,0
13710,4.0235,0.3255,2,723,0,0,0,0,0,0,0,0
13711,4.3035,0.9915,2,723,0,0,0,0,0,0,0,0
13712,4.2023,0.549,2,723,0,0,0,0,0,0,0,0
13713,4.0265,0.3288,2,723,0,0,0,0,0,0,0,0
13714,4.247,0.3191,2,723,0,0,0,0,0,0,0,0
13715,3.9867,0.3403,2,723,0,0,0,0,0,0,0,0
13716,4.2239,0.3285,2,723,0,0,0,0,0,0,0,0
13717,4.4248,0.3455,2,723,0,0,0,0,0,0,0,0
13718,3.8897,0.3916,2,723,0,0,0,0,0,0,0,0
13719,4.1892,0.3953,2,723,0,0,0,0,0,0,0,0
13720,4.117,0.3436,2,723,0,0,0,0,0,0,0,0
13721,4.3537,0.3429,2,723,0,0,0,0,0,0,0,0
13722,4.0603,0.3288,2,723,0,0,0,0,0,0,0,0
13723,4.0437,0.3466,2,723,0,0,0,0,0,0,0,0
13724,4.436,0.6084,2,723,0,0,0,0,0,0,0,0
13725,4.1332,0.3934,2,723,0,0,0,0,0,0,0,0
13726,4.0158,0.4856,2,723,0,0,0,0,0,0,0,0
13727,4.1395,0.3411,2,723,0,0,0,0,0,0,0,0
13728,4.2289,0.3641,2,723,0,0,0,0,0,0,0,0
13729,4.2741,0.3462,2,723,0,0,0,0,0,0,0,0
13730,4.0154,0.3401,2,723,0,0,0,0,0,0,0,0
13731,4.348,0.4544,2,723,0,0,0,0,0,0,0,0
13732,4.0193,0.5447,2,723,0,0,0,0,0,0,0,0
13733,4.305,0.3668,2,723,0,0,0,0,0,0,0,0
13734,4.0501,0.3664,2,723,0,0,0,0,0,0,0,0
13735,4.106,0.3755,2,723,0,0,0,0,0,0,0,0
13736,4.5045,0.3998,2,723,0,0,0,0,0,0,0,0
13737,3.9992,0.5048,2,723,0,0,0,0,0,0,0,0
13738,3.9434,0.3181,2,723,0,0,0,0,0,0,0,0
13739,4.2272,0.5814,2,723,0,0,0,0,0,0,0,0
13740,4.1268,0.3429,2,723,0,0,0,0,0,0,0,0
13741,4.367,0.3748,2,723,0,0,0,0,0,0,0,0
13742,4.1354,0.376,2,723,0,0,0,0,0,0,0,0
13743,4.1463,0.3774,2,723,0,0,0,0,0,0,0,0
13744,4.0776,0.6121,2,723,0,0,0,0,0,0,0,0
13745,4.3175,0.3586,2,723,0,0,0,0,0,0,0,0
13746,4.0433,0.3816,2,723,0,0,0,0,0,0,0,0
13747,4.1882,0.3468,2,723,0,0,0,0,0,0,0,0
13748,4.153,0.3397,2,723,0,0,0,0,0,0,0,0
13749,4.4317,0.4086,2,723,0,0,0,0,0,0,0,0
13750,3.8144,0.3869,2,723,0,0,0,0,0,0,0,0
13751,4.1653,0.3436,2,723,0,0,0,0,0,0,0,0
13752,4.2663,0.3996,2,723,0,0,0,0,0,0,0,0
13753,4.2491,0.3498,2,723,0,0,0,0,0,0,0,0
13754,4.3168,0.6046,2,723,0,0,0,0,0,0,0,0
13755,3.9034,0.4215,2,723,0,0,0,0,0,0,0,0
13756,4.115,0.3436,2,723,0,0,0,0,0,0,0,0
13757,4.3492,0.3906,2,723,0,0,0,0,0,0,0,0
13758,4.0413,0.3885,2,723,0,0,0,0,0,0,0,0
13759,4.1621,0.3491,2,723,0,0,0,0,0,0,0,0
13760,4.173,0.3943,2,723,0,0,0,0,0,0,0,0
13761,4.2186,0.333,2,723,0,0,0,0,0,0,0,0
13762,4.1241,0.6062,2,723,0,0,0,0,0,0,0,0
13763,4.0851,0.4493,2,723,0,0,0,0,0,0,0,0
13764,4.2038,0.3896,2,723,0,0,0,0,0,0,0,0
13765,4.3256,0.3784,2,723,0,0,0,0,0,0,0,0
13766,4.0851,0.3428,2,723,0,0,0,0,0,0,0,0
13767,4.0595,0.3341,2,723,0,0,0,0,0,0,0,0
13768,4.1639,0.3398,2,723,0,0,0,0,0,0,0,0
13769,4.3054,0.3866,2,723,0,0,0,0,0,0,0,0
13770,4.0994,0.3899,2,723,0,0,0,0,0,0,0,0
13771,4.1011,0.3398,2,723,0,0,0,0,0,0,0,0
13772,4.1779,0.3638,2,723,0,0,0,0,0,0,0,0
13773,4.2436,0.3215,2,723,0,0,0,0,0,0,0,0
13774,4.2079,0.3701,2,723,0,0,0,0,0,0,0,0
13775,4.0559,0.3426,2,723,0,0,0,0,0,0,0,0
13776,4.1495,0.3532,2,723,0,0,0,0,0,0,0,0
13777,4.3753,0.3691,2,723,0,0,0,0,0,0,0,0
13778,4.0954,0.412,2,723,0,0,0,0,0,0,0,0
13779,4.0127,0.3196,2,723,0,0,0,0,0,0,0,0
13780,4.1873,0.3307,2,723,0,0,0,0,0,0,0,0
13781,4.3572,0.5562,2,723,0,0,0,0,0,0,0,0
13782,3.9734,0.3478,2,723,0,0,0,0,0,0,0,0
13783,4.257,0.5152,2,723,0,0,0,0,0,0,0,0
13784,4.1364,0.415,2,723,0,0,0,0,0,0,0,0
13785,4.2227,0.3691,2,723,0,0,0,0,0,0,0,0
13786,4.032,0.3184,2,723,0,0,0,0,0,0,0,0
13787,4.1849,0.3677,2,723,0,0,0,0,0,0,0,0
13788,4.2224,0.3887,2,723,0,0,0,0,0,0,0,0
13789,4.2827,0.3893,2,723,0,0,0,0,0,0,0,0
13790,4.149,0.4543,2,723,0,0,0,0,0,0,0,0
13791,4.0624,0.338,2,723,0,0,0,0,0,0,0,0
13792,4.1421,0.3358,2,723,0,0,0,0,0,0,0,0
13793,4.3179,0.3443,2,723,0,0,0,0,0,0,0,0
13794,4.0227,0.3175,2,723,0,0,0,0,0,0,0,0
13795,4.1926,0.3908,2,723,0,0,0,0,0,0,0,0
13796,4.1878,0.3583,2,723,0,0,0,0,0,0,0,0
13797,4.1992,0.3437,2,723,0,0,0,0,0,0,0,0
13798,4.1132,0.3446,2,723,0,0,0,0,0,0,0,0
13799,4.1031,0.3695,2,723,0,0,0,0,0,0,0,0
13800,4.3622,0.3766,2,723,0,0,0,0,0,0,0,0
13801,4.2676,0.3774,2,723,0,0,0,0,0,0,0,0
13802,4.326,0.3167,2,723,0,0,0,0,0,0,0,0
13803,3.7166,0.3811,2,723,0,0,0,0,0,0,0,0
13804,4.2079,0.3172,2,723,0,0,0,0,0,0,0,0
13805,4.2631,0.3206,2,723,0,0,0,0,0,0,0,0
13806,4.0339,0.3405,2,723,0,0,0,0,0,0,0,0
13807,4.55,0.4729,2,723,0,0,0,0,0,0,0,0
13808,4.18,0.3814,2,723,0,0,0,0,0,0,0,0
13809,3.8885,0.3188,2,723,0,0,0,0,0,0,0,0
13810,4.0884,0.324,2,723,0,0,0,0,0,0,0,0
13811,4.1484,0.3446,2,723,0,0,0,0,0,0,0,0
13812,4.2667,0.667,2,723,0,0,0,0,0,0,0,0
13813,4.2227,0.3941,2,723,0,0,0,0,0,0,0,0
13814,4.0997,0.5001,2,723,0,0,0,0,0,0,0,0
13815,4.1277,0.3801,2,723,0,0,0,0,0,0,0,0
13816,4.1034,0.3426,2,723,0,0,0,0,0,0,0,0
13817,4.3403,0.319,2,723,0,0,0,0,0,0,0,0
13818,4.0436,0.3391,2,723,0,0,0,0,0,0,0,0
13819,4.4466,0.4661,2,723,0,0,0,0,0,0,0,0
13820,3.8215,0.3283,2,723,0,0,0,0,0,0,0,0
13821,4.27,0.3166,2,723,0,0,0,0,0,0,0,0
13822,4.0769,0.3776,2,723,0,0,0,0,0,0,0,0
13823,4.1997,0.3416,2,723,0,0,0,0,0,0,0,0
13824,4.1184,0.3547,2,723,0,0,0,0,0,0,0,0
13825,4.4049,0.5696,2,723,0,0,0,0,0,0,0,0
13826,4.2509,0.3499,2,723,0,0,0,0,0,0,0,0
13827,3.905,0.3878,2,723,0,0,0,0,0,0,0,0
13828,4.1208,0.3395,2,723,0,0,0,0,0,0,0,0
13829,4.27,0.3445,2,723,0,0,0,0,0,0,0,0
13830,4.1878,0.3443,2,723,0,0,0,0,0,0,0,0
13831,4.0579,0.6208,2,723,0,0,0,0,0,0,0,0
13832,4.188,0.3896,2,723,0,0,0,0,0,0,0,0
13833,4.6666,0.343,2,723,0,0,0,0,0,0,0,0
13834,3.7096,0.4002,2,723,0,0,0,0,0,0,0,0
13835,4.1003,0.428,2,723,0,0,0,0,0,0,0,0
13836,4.2245,0.4609,2,723,0,0,0,0,0,0,0,0
13837,4.4588,0.3829,2,723,0,0,0,0,0,0,0,0
13838,3.8049,0.3163,2,723,0,0,0,0,0,0,0,0
13839,4.2208,0.3875,2,723,0,0,0,0,0,0,0,0
13840,4.1148,0.3413,2,723,0,0,0,0,0,0,0,0
13841,4.3498,0.4773,2,723,0,0,0,0,0,0,0,0
13842,4.0764,0.3442,2,723,0,0,0,0,0,0,0,0
13843,4.1064,0.6067,2,723,0,0,0,0,0,0,0,0
13844,4.187,0.3927,2,723,0,0,0,0,0,0,0,0
13845,4.3261,0.6059,2,723,0,0,0,0,0,0,0,0
13846,4.024,0.3645,2,723,0,0,0,0,0,0,0,0
13847,4.0948,0.3357,2,723,0,0,0,0,0,0,0,0
13848,4.2423,0.3548,2,723,0,0,0,0,0,0,0,0
13849,8.6133,0.5192,2,723,0,0,0,0,0,0,0,0
13850,4.1409,0.4269,2,723,0,0,0,0,0,0,0,0
13851,3.9231,0.4943,2,723,0,0,0,0,0,0,0,0
13852,4.2886,0.3616,2,723,0,0,0,0,0,0,0,0
13853,4.0373,0.3607,2,723,0,0,0,0,0,0,0,0
13854,4.0709,0.3471,2,723,0,0,0,0,0,0,0,0
13855,4.6246,0.5079,2,723,0,0,0,0,0,0,0,0
13856,3.9397,0.3913,2,723,0,0,0,0,0,0,0,0
13857,4.0187,0.3402,2,723,0,0,0,0,0,0,0,0
13858,4.1136,0.3393,2,723,0,0,0,0,0,0,0,0
13859,4.237,0.3559,2,723,0,0,0,0,0,0,0,0
13860,4.2647,0.3448,2,723,0,0,0,0,0,0,0,0
13861,4.1375,0.632,2,723,0,0,0,0,0,0,0,0
13862,4.0384,0.4369,2,723,0,0,0,0,0,0,0,0
13863,4.201,0.6062,2,723,0,0,0,0,0,0,0,0
13864,4.3292,0.3752,2,723,0,0,0,0,0,0,0,0
13865,3.9588,0.362,2,723,0,0,0,0,0,0,0,0
13866,4.3537,0.338,2,723,0,0,0,0,0,0,0,0
13867,3.9753,0.3159,2,723,0,0,0,0,0,0,0,0
13868,4.3568,0.5638,2,723,0,0,0,0,0,0,0,0
13869,3.9698,0.3885,2,723,0,0,0,0,0,0,0,0
13870,4.1962,0.3456,2,723,0,0,0,0,0,0,0,0
13871,4.1956,0.3528,2,723,0,0,0,0,0,0,0,0
13872,4.3211,0.3777,2,723,0,0,0,0,0,0,0,0
13873,3.9735,0.3336,2,723,0,0,0,0,0,0,0,0
13874,4.3122,0.4187,2,723,0,0,0,0,0,0,0,0
13875,4.0135,0.3412,2,723,0,0,0,0,0,0,0,0
13876,4.2887,0.3196,2,723,0,0,0,0,0,0,0,0
13877,4.0925,0.4427,2,723,0,0,0,0,0,0,0,0
13878,4.1094,0.3378,2,723,0,0,0,0,0,0,0,0
13879,4.1826,0.3261,2,723,0,0,0,0,0,0,0,0
13880,4.2835,0.3178,2,723,0,0,0,0,0,0,0,0
13881,4.1132,0.3915,2,723,0,0,0,0,0,0,0,0
13882,4.112,0.3382,2,723,0,0,0,0,0,0,0,0
13883,4.4955,0.3577,2,723,0,0,0,0,0,0,0,0
13884,4.2317,0.349,2,723,0,0,0,0,0,0,0,0
13885,3.9858,0.5991,2,723,0,0,0,0,0,0,0,0
13886,4.1355,0.6268,2,723,0,0,0,0,0,0,0,0
13887,3.9897,0.3425,2,723,0,0,0,0,0,0,0,0
13888,4.3041,0.3917,2,723,0,0,0,0,0,0,0,0
13889,4.0915,0.368,2,723,0,0,0,0,0,0,0,0
13890,4.1877,0.3585,2,723,0,0,0,0,0,0,0,0
13891,4.1258,0.3543,2,723,0,0,0,0,0,0,0,0
13892,4.2391,0.4023,2,723,0,0,0,0,0,0,0,0
13893,4.1989,0.3184,2,723,0,0,0,0,0,0,0,0
13894,4.0246,0.3453,2,723,0,0,0,0,0,0,0,0
13895,4.2406,0.5173,2,723,0,0,0,0,0,0,0,0
13896,8.2619,0.3198,2,723,0,0,0,0,0,0,0,0
13897,4.1306,0.3313,2,723,0,0,0,0,0,0,0,0
13898,4.1614,0.3382,2,723,0,0,0,0,0,0,0,0
13899,4.2939,0.3467,2,723,0,0,0,0,0,0,0,0
13900,4.3616,0.3484,2,723,0,0,0,0,0,0,0,0
13901,4.2226,0.3391,2,723,0,0,0,0,0,0,0,0
13902,4.0073,0.3423,2,723,0,0,0,0,0,0,0,0
13903,4.058,0.5406,2,723,0,0,0,0,0,0,0,0
13904,4.2148,0.3207,2,723,0,0,0,0,0,0,0,0
13905,4.0261,0.3376,2,723,0,0,0,0,0,0,0,0
13906,4.469,0.3493,2,723,0,0,0,0,0,0,0,0
13907,4.4616,0.3214,2,723,0,0,0,0,0,0,0,0
13908,3.8397,0.3274,2,723,0,0,0,0,0,0,0,0
13909,3.9537,0.6258,2,723,0,0,0,0,0,0,0,0
13910,4.1339,0.3397,2,723,0,0,0,0,0,0,0,0
13911,4.5734,0.4507,2,723,0,0,0,0,0,0,0,0
13912,3.7369,0.5914,2,723,0,0,0,0,0,0,0,0
13913,4.4659,0.4146,2,723,0,0,0,0,0,0,0,0
13914,3.8495,0.3506,2,723,0,0,0,0,0,0,0,0
13915,4.4041,0.3453,2,723,0,0,0,0,0,0,0,0
13916,4.1263,0.3294,2,723,0,0,0,0,0,0,0,0
13917,3.9508,0.4058,2,723,0,0,0,0,0,0,0,0
13918,4.5176,0.3495,2,723,0,0,0,0,0,0,0,0
13919,8.393,0.3399,2,723,0,0,0,0,0,0,0,0
13920,4.1345,0.384,2,723,0,0,0,0,0,0,0,0
13921,3.8528,0.324,2,723,0,0,0,0,0,0,0,0
13922,4.7141,0.3438,2,723,0,0,0,0,0,0,0,0
13923,8.3402,0.3759,2,723,0,0,0,0,0,0,0,0
13924,3.9493,0.3218,2,723,0,0,0,0,0,0,0,0
13925,3.9258,0.3748,2,723,0,0,0,0,0,0,0,0
13926,4.0319,0.3448,2,723,0,0,0,0,0,0,0,0
13927,4.193,0.5025,2,723,0,0,0,0,0,0,0,0
13928,4.4952,0.536,2,723,0,0,0,0,0,0,0,0
13929,4.259,0.4339,2,723,0,0,0,0,0,0,0,0
13930,4.1333,0.3722,2,723,0,0,0,0,0,0,0,0
13931,4.1448,0.3454,2,723,0,0,0,0,0,0,0,0
13932,3.8659,0.3205,2,723,0,0,0,0,0,0,0,0
13933,4.5801,0.3737,2,723,0,0,0,0,0,0,0,0
13934,3.688,0.344,2,723,0,0,0,0,0,0,0,0
13935,4.1614,0.3486,2,723,0,0,0,0,0,0,0,0
13936,4.5402,0.358,2,723,0,0,0,0,0,0,0,0
13937,3.8964,0.3179,2,723,0,0,0,0,0,0,0,0
13938,4.369,0.3869,2,723,0,0,0,0,0,0,0,0
13939,3.8766,0.335,2,723,0,0,0,0,0,0,0,0
13940,4.5427,0.3741,2,723,0,0,0,0,0,0,0,0
13941,8.0491,0.5176,2,723,0,0,0,0,0,0,0,0
13942,4.119,0.4092,2,723,0,0,0,0,0,0,0,0
13943,4.1238,0.3424,2,723,0,0,0,0,0,0,0,0
13944,4.372,0.3224,2,723,0,0,0,0,0,0,0,0
13945,3.9546,0.3442,2,723,0,0,0,0,0,0,0,0
13946,4.3824,0.6542,2,723,0,0,0,0,0,0,0,0
13947,4.3399,0.3246,2,723,0,0,0,0,0,0,0,0
13948,4.0142,0.3829,2,723,0,0,0,0,0,0,0,0
13949,3.9877,0.4216,2,723,0,0,0,0,0,0,0,0
13950,4.1359,0.3134,2,723,0,0,0,0,0,0,0,0
13951,4.2511,0.6058,2,723,0,0,0,0,0,0,0,0
13952,4.268,0.3977,2,723,0,0,0,0,0,0,0,0
13953,4.0176,0.3877,2,723,0,0,0,0,0,0,0,0
13954,4.1758,0.3871,2,723,0,0,0,0,0,0,0,0
13955,4.1366,0.3388,2,723,0,0,0,0,0,0,0,0
13956,4.3267,0.3172,2,723,0,0,0,0,0,0,0,0
13957,3.956,0.344,2,723,0,0,0,0,0,0,0,0
13958,4.2989,0.4617,2,723,0,0,0,0,0,0,0,0
13959,4.0916,0.3885,2,723,0,0,0,0,0,0,0,0
13960,4.241,0.3588,2,723,0,0,0,0,0,0,0,0
13961,4.0869,0.3611,2,723,0,0,0,0,0,0,0,0
13962,4.1268,0.3426,2,723,0,0,0,0,0,0,0,0
13963,4.2776,0.6092,2,723,0,0,0,0,0,0,0,0
13964,8.2835,0.396,2,723,0,0,0,0,0,0,0,0
13965,4.0856,0.3257,2,723,0,0,0,0,0,0,0,0
13966,4.2598,0.4573,2,723,0,0,0,0,0,0,0,0
13967,4.1847,0.3446,2,723,0,0,0,0,0,0,0,0
13968,4.1499,0.3694,2,723,0,0,0,0,0,0,0,0
13969,4.1328,0.6004,2,723,0,0,0,0,0,0,0,0
13970,4.1429,0.4238,2,723,0,0,0,0,0,0,0,0
13971,4.7441,0.4055,2,723,0,0,0,0,0,0,0,0
13972,3.5514,0.3414,2,723,0,0,0,0,0,0,0,0
13973,4.2197,0.3383,2,723,0,0,0,0,0,0,0,0
13974,4.1352,0.3536,2,723,0,0,0,0,0,0,0,0
13975,4.4159,0.3232,2,723,0,0,0,0,0,0,0,0
13976,4.2394,0.404,2,723,0,0,0,0,0,0,0,0
13977,3.9,0.3921,2,723,0,0,0,0,0,0,0,0
13978,4.1385,0.3194,2,723,0,0,0,0,0,0,0,0
13979,4.2862,0.3476,2,723,0,0,0,0,0,0,0,0
13980,4.0537,0.3481,2,723,0,0,0,0,0,0,0,0
13981,4.2992,0.3281,2,723,0,0,0,0,0,0,0,0
13982,4.0723,0.5985,2,723,0,0,0,0,0,0,0,0
13983,4.2954,0.3659,2,723,0,0,0,0,0,0,0,0
13984,4.011,0.3883,2,723,0,0,0,0,0,0,0,0
13985,4.1605,0.3945,2,723,0,0,0,0,0,0,0,0
13986,4.1942,0.3406,2,723,0,0,0,0,0,0,0,0
13987,8.3332,0.3222,2,723,0,0,0,0,0,0,0,0
13988,4.1216,0.3423,2,723,0,0,0,0,0,0,0,0
13989,4.1509,0.3419,2,723,0,0,0,0,0,0,0,0
13990,4.3479,0.3532,2,723,0,0,0,0,0,0,0,0
13991,4.0617,0.5548,2,723,0,0,0,0,0,0,0,0
13992,4.1037,0.4251,2,723,0,0,0,0,0,0,0,0
13993,4.3345,0.359,2,723,0,0,0,0,0,0,0,0
13994,4.4892,0.4348,2,723,0,0,0,0,0,0,0,0
13995,3.6831,0.4265,2,723,0,0,0,0,0,0,0,0
13996,4.2234,0.5175,2,723,0,0,0,0,0,0,0,0
13997,4.1006,0.3484,2,723,0,0,0,0,0,0,0,0
13998,4.3615,0.3479,2,723,0,0,0,0,0,0,0,0
13999,4.0314,0.3182,2,723,0,0,0,0,0,0,0,0
14000,4.1923,0.413,2,723,0,0,0,0,0,0,0,0
14001,4.1456,0.5686,2,723,0,0,0,0,0,0,0,0
14002,4.2215,0.3694,2,723,0,0,0,0,0,0,0,0
14003,4.0357,0.3443,2,723,0,0,0,0,0,0,0,0
14004,4.2796,0.6283,2,723,0,0,0,0,0,0,0,0
14005,4.1176,0.3505,2,723,0,0,0,0,0,0,0,0
14006,4.3875,0.373,2,723,0,0,0,0,0,0,0,0
14007,3.9436,0.3655,2,723,0,0,0,0,0,0,0,0
14008,4.1289,0.3849,2,723,0,0,0,0,0,0,0,0
14009,4.2081,0.5157,2,723,0,0,0,0,0,0,0,0
14010,8.4952,0.3423,2,723,0,0,0,0,0,0,0,0
14011,3.885,0.3197,2,723,0,0,0,0,0,0,0,0
14012,4.295,0.6245,2,723,0,0,0,0,0,0,0,0
14013,4.2244,0.3424,2,723,0,0,0,0,0,0,0,0
14014,4.1249,0.4888,2,723,0,0,0,0,0,0,0,0
14015,4.1425,0.3764,2,723,0,0,0,0,0,0,0,0
14016,4.1668,0.3466,2,723,0,0,0,0,0,0,0,0
14017,4.2035,0.3401,2,723,0,0,0,0,0,0,0,0
14018,4.2145,0.5926,2,723,0,0,0,0,0,0,0,0
14019,4.0514,0.3472,2,723,0,0,0,0,0,0,0,0
14020,4.5338,0.5448,2,723,0,0,0,0,0,0,0,0
14021,4.218,0.3499,2,723,0,0,0,0,0,0,0,0
14022,3.7878,0.6277,2,723,0,0,0,0,0,0,0,0
14023,4.109,0.3496,2,723,0,0,0,0,0,0,0,0
14024,4.2365,0.3443,2,723,0,0,0,0,0,0,0,0
14025,4.5198,0.3749,2,723,0,0,0,0,0,0,0,0
14026,4.202,0.3578,2,723,0,0,0,0,0,0,0,0
14027,4.0256,0.3506,2,723,0,0,0,0,0,0,0,0
14028,3.8246,0.3459,2,723,0,0,0,0,0,0,0,0
14029,4.2946,0.3455,2,723,0,0,0,0,0,0,0,0
14030,4.3715,0.5462,2,723,0,0,0,0,0,0,0,0
14031,3.8554,0.3479,2,723,0,0,0,0,0,0,0,0
14032,4.1648,0.3196,2,723,0,0,0,0,0,0,0,0
14033,4.333,0.4035,2,723,0,0,0,0,0,0,0,0
14034,4.2756,0.3418,2,723,0,0,0,0,0,0,0,0
14035,3.8452,0.3713,2,723,0,0,0,0,0,0,0,0
14036,4.2653,0.6169,2,723,0,0,0,0,0,0,0,0
14037,4.5411,0.4564,2,723,0,0,0,0,0,0,0,0
14038,8.4542,0.3421,2,723,0,0,0,0,0,0,0,0
14039,3.9516,0.32,2,723,0,0,0,0,0,0,0,0
14040,3.9569,0.3359,2,723,0,0,0,0,0,0,0,0
14041,4.0865,0.3507,2,723,0,0,0,0,0,0,0,0
14042,4.1682,0.422,2,723,0,0,0,0,0,0,0,0
14043,4.4914,0.5124,2,723,0,0,0,0,0,0,0,0
14044,4.2219,0.3253,2,723,0,0,0,0,0,0,0,0
14045,3.944,0.3044,2,723,0,0,0,0,0,0,0,0
14046,4.2629,0.2893,2,723,0,0,0,0,0,0,0,0
14047,3.7867,0.2662,2,723,0,0,0,0,0,0,0,0
14048,4.4583,0.2818,2,723,0,0,0,0,0,0,0,0
14049,3.9551,0.307,2,723,0,0,0,0,0,0,0,0
14050,4.3286,0.4316,2,723,0,0,0,0,0,0,0,0
14051,4.0801,0.3727,2,723,0,0,0,0,0,0,0,0
14052,4.0906,0.2543,2,723,0,0,0,0,0,0,0,0
14053,4.3209,0.2689,2,723,0,0,0,0,0,0,0,0
14054,3.9307,0.254,2,723,0,0,0,0,0,0,0,0
14055,4.2656,0.4834,2,723,0,0,0,0,0,0,0,0
14056,4.4756,0.2637,2,723,0,0,0,0,0,0,0,0
14057,3.7095,0.2704,2,723,0,0,0,0,0,0,0,0
14058,4.1516,0.2545,2,723,0,0,0,0,0,0,0,0
14059,4.2008,0.2492,2,723,0,0,0,0,0,0,0,0
14060,4.2564,0.2708,2,723,0,0,0,0,0,0,0,0
14061,8.5174,0.4679,2,723,0,0,0,0,0,0,0,0
14062,4.1843,0.4088,2,723,0,0,0,0,0,0,0,0
14063,4.3923,0.2726,2,723,0,0,0,0,0,0,0,0
14064,3.9345,0.2601,2,723,0,0,0,0,0,0,0,0
14065,3.902,0.3754,2,723,0,0,0,0,0,0,0,0
14066,4.2501,0.3119,2,723,0,0,0,0,0,0,0,0
14067,4.1982,0.272,2,723,0,0,0,0,0,0,0,0
14068,4.4061,0.3552,2,723,0,0,0,0,0,0,0,0
14069,4.0618,0.3241,2,723,0,0,0,0,0,0,0,0
14070,3.9473,0.4253,2,723,0,0,0,0,0,0,0,0
14071,4.25,0.2548,2,723,0,0,0,0,0,0,0,0
14072,4.2188,0.2719,2,723,0,0,0,0,0,0,0,0
14073,4.1127,0.3488,2,723,0,0,0,0,0,0,0,0
14074,4.0649,1.0114,2,723,0,0,0,0,0,0,0,0
14075,4.2522,0.9142,2,723,0,0,0,0,0,0,0,0
14076,4.0837,0.7684,2,723,0,0,0,0,0,0,0,0
14077,4.1978,0.9055,2,723,0,0,0,0,0,0,0,0
14078,4.133,1.2447,2,723,0,0,0,0,0,0,0,0
14079,4.2848,1.103,2,723,0,0,0,0,0,0,0,0
14080,4.0465,0.9018,2,723,0,0,0,0,0,0,0,0
14081,4.1766,0.6681,2,723,0,0,0,0,0,0,0,0
14082,4.1733,0.6739,2,723,0,0,0,0,0,0,0,0
14083,4.2383,0.8356,2,723,0,0,0,0,0,0,0,0
14084,4.0843,0.483,2,723,0,0,0,0,0,0,0,0
14085,4.182,0.4731,2,723,0,0,0,0,0,0,0,0
14086,4.1456,0.5222,2,723,0,0,0,0,0,0,0,0
14087,4.2596,0.918,2,723,0,0,0,0,0,0,0,0
14088,4.0803,0.4775,2,723,0,0,0,0,0,0,0,0
14089,4.1743,1.0488,2,723,0,0,0,0,0,0,0,0
14090,4.1455,0.499,2,723,0,0,0,0,0,0,0,0
14091,4.2821,0.7156,2,723,0,0,0,0,0,0,0,0
14092,4.0709,0.5821,2,723,0,0,0,0,0,0,0,0
14093,4.1837,0.7543,2,723,0,0,0,0,0,0,0,0
14094,4.1367,0.5574,2,723,0,0,0,0,0,0,0,0
14095,4.3018,0.5443,2,723,0,0,0,0,0,0,0,0
14096,4.0376,0.2772,2,723,0,0,0,0,0,0,0,0
14097,4.1735,0.2801,2,723,0,0,0,0,0,0,0,0
14098,4.2852,0.396,2,723,0,0,0,0,0,0,0,0
14099,4.3323,0.393,2,723,0,0,0,0,0,0,0,0
14100,3.8893,0.4695,2,723,0,0,0,0,0,0,0,0
14101,4.1588,0.276,2,723,0,0,0,0,0,0,0,0
14102,4.2491,0.3037,2,723,0,0,0,0,0,0,0,0
14103,8.4052,0.273,2,723,0,0,0,0,0,0,0,0
14104,4.1072,0.3659,2,723,0,0,0,0,0,0,0,0
14105,4.1179,0.4745,2,723,0,0,0,0,0,0,0,0
14106,4.2959,0.3392,2,723,0,0,0,0,0,0,0,0
14107,3.9897,0.2739,2,723,0,0,0,0,0,0,0,0
14108,4.1556,0.2749,2,723,0,0,0,0,0,0,0,0
14109,4.1691,0.9328,2,723,0,0,0,0,0,0,0,0
14110,4.2622,0.9305,2,723,0,0,0,0,0,0,0,0
14111,4.0998,0.7858,2,723,0,0,0,0,0,0,0,0
14112,4.1404,0.7382,2,723,0,0,0,0,0,0,0,0
14113,4.164,0.7235,2,723,0,0,0,0,0,0,0,0
14114,4.263,1.6522,2,723,0,0,0,0,0,0,0,0
14115,4.0649,0.7338,2,723,0,0,0,0,0,0,0,0
14116,4.193,0.7466,2,723,0,0,0,0,0,0,0,0
14117,4.1523,1.3156,2,723,0,0,0,0,0,0,0,0
14118,4.2856,1.2203,2,723,0,0,0,0,0,0,0,0
14119,4.0521,0.9117,2,723,0,0,0,0,0,0,0,0
14120,4.2116,0.8208,2,723,0,0,0,0,0,0,0,0
14121,4.115,0.4354,2,723,0,0,0,0,0,0,0,0
14122,4.3262,1.7889,2,723,0,0,0,0,0,0,0,0
14123,4.0152,0.9897,2,723,0,0,0,0,0,0,0,0
14124,4.1839,0.9536,2,723,0,0,0,0,0,0,0,0
14125,4.1454,0.2987,2,723,0,0,0,0,0,0,0,0
14126,4.2738,0.3989,2,723,0,0,0,0,0,0,0,0
14127,4.0631,0.6217,2,723,0,0,0,0,0,0,0,0
14128,4.1652,0.5599,2,723,0,0,0,0,0,0,0,0
14129,4.1826,0.5605,2,723,0,0,0,0,0,0,0,0
14130,4.2557,0.882,2,723,0,0,0,0,0,0,0,0
14131,4.3458,0.3645,2,723,0,0,0,0,0,0,0,0
14132,3.9006,0.2779,2,723,0,0,0,0,0,0,0,0
14133,4.1916,0.662,2,723,0,0,0,0,0,0,0,0
14134,4.2207,0.7591,2,723,0,0,0,0,0,0,0,0
14135,4.1077,0.585,2,723,0,0,0,0,0,0,0,0
14136,4.1507,0.6183,2,723,0,0,0,0,0,0,0,0
14137,4.1909,0.5242,2,723,0,0,0,0,0,0,0,0
14138,4.2698,0.4652,2,723,0,0,0,0,0,0,0,0
14139,4.0271,0.8442,2,723,0,0,0,0,0,0,0,0
14140,4.1952,0.9359,2,723,0,0,0,0,0,0,0,0
14141,4.1589,0.8013,2,723,0,0,0,0,0,0,0,0
14142,4.2308,0.8979,2,723,0,0,0,0,0,0,0,0
14143,4.0778,1.0871,2,723,0,0,0,0,0,0,0,0
14144,4.1936,0.7941,2,723,0,0,0,0,0,0,0,0
14145,4.1366,0.338,2,723,0,0,0,0,0,0,0,0
14146,4.2591,0.9434,2,723,0,0,0,0,0,0,0,0
14147,4.0986,0.96,2,723,0,0,0,0,0,0,0,0
14148,4.142,0.796,2,723,0,0,0,0,0,0,0,0
14149,4.1713,0.7128,2,723,0,0,0,0,0,0,0,0
14150,8.3375,0.9488,2,723,0,0,0,0,0,0,0,0
14151,4.1645,1.0682,2,723,0,0,0,0,0,0,0,0
14152,4.1757,1.0227,2,723,0,0,0,0,0,0,0,0
14153,4.2934,0.7355,2,723,0,0,0,0,0,0,0,0
14154,4.0545,1.2174,2,723,0,0,0,0,0,0,0,0
14155,4.1619,0.8702,2,723,0,0,0,0,0,0,0,0
14156,4.1453,0.8435,2,723,0,0,0,0,0,0,0,0
14157,4.3567,0.8405,2,723,0,0,0,0,0,0,0,0
14158,4.0294,0.9511,2,723,0,0,0,0,0,0,0,0
14159,4.1427,0.7363,2,723,0,0,0,0,0,0,0,0
14160,4.196,0.9354,2,723,0,0,0,0,0,0,0,0
14161,4.4608,0.9862,2,723,0,0,0,0,0,0,0,0
14162,3.8288,0.6798,2,723,0,0,0,0,0,0,0,0
14163,4.1762,0.7123,2,723,0,0,0,0,0,0,0,0
14164,4.1475,1.2358,2,723,0,0,0,0,0,0,0,0
14165,4.3019,0.3698,2,723,0,0,0,0,0,0,0,0
14166,4.0358,0.5382,2,723,0,0,0,0,0,0,0,0
14167,4.2067,0.9924,2,723,0,0,0,0,0,0,0,0
14168,4.1185,0.7439,2,723,0,0,0,0,0,0,0,0
14169,4.5023,0.3087,2,723,0,0,0,0,0,0,0,0
14170,3.8616,0.3158,2,723,0,0,0,0,0,0,0,0
14171,4.186,0.3078,2,723,0,0,0,0,0,0,0,0
14172,4.1213,0.3284,2,723,0,0,0,0,0,0,0,0
14173,8.3842,0.6604,2,723,0,0,0,0,0,0,0,0
14174,4.1171,0.6138,2,723,0,0,0,0,0,0,0,0
14175,4.1835,0.9093,2,723,0,0,0,0,0,0,0,0
14176,4.4313,0.6226,2,723,0,0,0,0,0,0,0,0
14177,3.8799,0.3303,2,723,0,0,0,0,0,0,0,0
14178,4.1816,0.3533,2,723,0,0,0,0,0,0,0,0
14179,4.2101,0.2885,2,723,0,0,0,0,0,0,0,0
14180,4.2684,0.2827,2,723,0,0,0,0,0,0,0,0
14181,4.0648,0.2878,2,723,0,0,0,0,0,0,0,0
14182,4.3692,0.7224,2,723,0,0,0,0,0,0,0,0
14183,4.0879,0.9532,2,723,0,0,0,0,0,0,0,0
14184,4.1639,0.3131,2,723,0,0,0,0,0,0,0,0
14185,4.0519,0.3388,2,723,0,0,0,0,0,0,0,0
14186,4.1601,0.3281,2,723,0,0,0,0,0,0,0,0
14187,4.1931,0.4908,2,723,0,0,0,0,0,0,0,0
14188,4.2433,0.7627,2,723,0,0,0,0,0,0,0,0
14189,4.0627,0.6991,2,723,0,0,0,0,0,0,0,0
14190,4.2841,0.4266,2,723,0,0,0,0,0,0,0,0
14191,4.0654,0.3021,2,723,0,0,0,0,0,0,0,0
14192,4.6193,0.5412,2,723,0,0,0,0,0,0,0,0
14193,3.7124,0.3068,2,723,0,0,0,0,0,0,0,0
14194,4.1747,0.3141,2,723,0,0,0,0,0,0,0,0
14195,4.1609,0.3601,2,723,0,0,0,0,0,0,0,0
14196,8.5308,0.4006,2,723,0,0,0,0,0,0,0,0
14197,4.3448,0.3285,2,723,0,0,0,0,0,0,0,0
14198,3.8347,0.6832,2,723,0,0,0,0,0,0,0,0
14199,4.2529,0.6732,2,723,0,0,0,0,0,0,0,0
14200,8.5822,0.4991,2,723,0,0,0,0,0,0,0,0
14201,4.1336,0.3308,2,723,0,0,0,0,0,0,0,0
14202,4.0655,0.5598,2,723,0,0,0,0,0,0,0,0
14203,4.0966,0.3255,2,723,0,0,0,0,0,0,0,0
14204,4.0697,0.3328,2,723,0,0,0,0,0,0,0,0
14205,4.1291,0.3235,2,723,0,0,0,0,0,0,0,0
14206,4.4039,0.3171,2,723,0,0,0,0,0,0,0,0
14207,3.9199,0.3672,2,723,0,0,0,0,0,0,0,0
14208,4.1545,0.3875,2,723,0,0,0,0,0,0,0,0
14209,4.1624,0.4473,2,723,0,0,0,0,0,0,0,0
14210,4.4227,0.2997,2,723,0,0,0,0,0,0,0,0
14211,3.9137,0.3388,2,723,0,0,0,0,0,0,0,0
14212,4.1961,0.35,2,723,0,0,0,0,0,0,0,0
14213,4.1571,0.3499,2,723,0,0,0,0,0,0,0,0
14214,4.2831,0.3342,2,723,0,0,0,0,0,0,0,0
14215,4.0768,0.6329,2,723,0,0,0,0,0,0,0,0
14216,4.1866,0.8998,2,723,0,0,0,0,0,0,0,0
14217,4.1288,0.658,2,723,0,0,0,0,0,0,0,0
14218,8.4224,1.1333,2,723,0,0,0,0,0,0,0,0
14219,4.1542,0.3486,2,723,0,0,0,0,0,0,0,0
14220,4.1565,0.67,2,723,0,0,0,0,0,0,0,0
14221,4.2721,0.789,2,723,0,0,0,0,0,0,0,0
14222,4.1057,0.8006,2,723,0,0,0,0,0,0,0,0
14223,4.1391,0.8654,2,723,0,0,0,0,0,0,0,0
14224,4.1929,1.0493,2,723,0,0,0,0,0,0,0,0
14225,4.237,0.4137,2,723,0,0,0,0,0,0,0,0
14226,4.0623,0.5349,2,723,0,0,0,0,0,0,0,0
14227,4.1512,0.623,2,723,0,0,0,0,0,0,0,0
14228,4.1542,0.3983,2,723,0,0,0,0,0,0,0,0
14229,4.3142,0.4569,2,723,0,0,0,0,0,0,0,0
14230,4.0269,0.3319,2,723,0,0,0,0,0,0,0,0
14231,4.163,0.3072,2,723,0,0,0,0,0,0,0,0
14232,4.1573,0.3265,2,723,0,0,0,0,0,0,0,0
14233,4.3569,0.3268,2,723,0,0,0,0,0,0,0,0
14234,3.9733,0.3311,2,723,0,0,0,0,0,0,0,0
14235,4.1659,0.3227,2,723,0,0,0,0,0,0,0,0
14236,4.1816,0.3313,2,723,0,0,0,0,0,0,0,0
14237,4.2589,0.5413,2,723,0,0,0,0,0,0,0,0
14238,4.0863,0.3264,2,723,0,0,0,0,0,0,0,0
14239,4.1528,0.3108,2,723,0,0,0,0,0,0,0,0
14240,4.1584,0.3089,2,723,0,0,0,0,0,0,0,0
14241,4.3882,0.3553,2,723,0,0,0,0,0,0,0,0
14242,3.9418,0.3236,2,723,0,0,0,0,0,0,0,0
14243,4.2739,0.399,2,723,0,0,0,0,0,0,0,0
14244,4.0532,0.3147,2,723,0,0,0,0,0,0,0,0
14245,4.3634,0.3756,2,723,0,0,0,0,0,0,0,0
14246,3.8868,0.2717,2,723,0,0,0,0,0,0,0,0
14247,4.2215,0.2927,2,723,0,0,0,0,0,0,0,0
14248,4.2012,0.5126,2,723,0,0,0,0,0,0,0,0
14249,4.5078,0.2924,2,723,0,0,0,0,0,0,0,0
14250,3.8231,0.5218,2,723,0,0,0,0,0,0,0,0
14251,4.4537,0.2904,2,723,0,0,0,0,0,0,0,0
14252,3.8317,0.2746,2,723,0,0,0,0,0,0,0,0
14253,4.3007,0.2823,2,723,0,0,0,0,0,0,0,0
14254,4.0614,0.5103,2,723,0,0,0,0,0,0,0,0
14255,4.2057,0.5107,2,723,0,0,0,0,0,0,0,0
14256,4.1228,0.2907,2,723,0,0,0,0,0,0,0,0
14257,4.2318,0.3885,2,723,0,0,0,0,0,0,0,0
14258,4.0706,0.2858,2,723,0,0,0,0,0,0,0,0
14259,4.1754,0.2848,2,723,0,0,0,0,0,0,0,0
14260,4.1638,0.3226,2,723,0,0,0,0,0,0,0,0
14261,4.3117,0.4999,2,723,0,0,0,0,0,0,0,0
14262,4.0082,0.2739,2,723,0,0,0,0,0,0,0,0
14263,4.1625,0.2773,2,723,0,0,0,0,0,0,0,0
14264,4.2023,0.4477,2,723,0,0,0,0,0,0,0,0
14265,4.2006,0.3813,2,723,0,0,0,0,0,0,0,0
14266,4.1007,0.278,2,723,0,0,0,0,0,0,0,0
14267,4.2369,0.2735,2,723,0,0,0,0,0,0,0,0
14268,4.1291,0.488,2,723,0,0,0,0,0,0,0,0
14269,4.4155,0.3671,2,723,0,0,0,0,0,0,0,0
14270,3.9,0.2758,2,723,0,0,0,0,0,0,0,0
14271,4.1656,0.27,2,723,0,0,0,0,0,0,0,0
14272,4.1542,0.3204,2,723,0,0,0,0,0,0,0,0
14273,4.2603,0.2747,2,723,0,0,0,0,0,0,0,0
14274,4.1711,0.362,2,723,0,0,0,0,0,0,0,0
14275,4.0647,0.2793,2,723,0,0,0,0,0,0,0,0
14276,4.168,0.2631,2,723,0,0,0,0,0,0,0,0
14277,4.3138,0.4869,2,723,0,0,0,0,0,0,0,0
14278,4.1102,0.3305,2,723,0,0,0,0,0,0,0,0
14279,4.1007,0.2789,2,723,0,0,0,0,0,0,0,0
14280,4.1705,0.5005,2,723,0,0,0,0,0,0,0,0
14281,4.2467,0.3087,2,723,0,0,0,0,0,0,0,0
14282,4.0685,0.3476,2,723,0,0,0,0,0,0,0,0
14283,4.1753,0.2727,2,723,0,0,0,0,0,0,0,0
14284,4.2029,0.4402,2,723,0,0,0,0,0,0,0,0
14285,4.2203,0.2805,2,723,0,0,0,0,0,0,0,0
14286,4.088,0.2702,2,723,0,0,0,0,0,0,0,0
14287,4.1689,0.2846,2,723,0,0,0,0,0,0,0,0
14288,4.1864,0.5083,2,723,0,0,0,0,0,0,0,0
14289,4.2472,0.2747,2,723,0,0,0,0,0,0,0,0
14290,4.0646,0.4844,2,723,0,0,0,0,0,0,0,0
14291,4.158,0.2692,2,723,0,0,0,0,0,0,0,0
14292,4.1692,0.2691,2,723,0,0,0,0,0,0,0,0
14293,4.2936,0.3244,2,723,0,0,0,0,0,0,0,0
14294,3.9901,0.2757,2,723,0,0,0,0,0,0,0,0
14295,4.2226,0.7946,2,723,0,0,0,0,0,0,0,0
14296,4.2107,0.4868,2,723,0,0,0,0,0,0,0,0
14297,4.2243,0.2918,2,723,0,0,0,0,0,0,0,0
14298,4.1002,0.9819,2,723,0,0,0,0,0,0,0,0
14299,4.1493,0.2714,2,723,0,0,0,0,0,0,0,0
14300,4.2682,0.4038,2,723,0,0,0,0,0,0,0,0
14301,4.6053,0.2928,2,723,0,0,0,0,0,0,0,0
14302,3.6159,0.5017,2,723,0,0,0,0,0,0,0,0
14303,4.1197,0.3472,2,723,0,0,0,0,0,0,0,0
14304,4.2247,0.3209,2,723,0,0,0,0,0,0,0,0
14305,4.269,0.533,2,723,0,0,0,0,0,0,0,0
14306,4.0214,0.2809,2,723,0,0,0,0,0,0,0,0
14307,4.2255,0.6208,2,723,0,0,0,0,0,0,0,0
14308,4.2995,0.3824,2,723,0,0,0,0,0,0,0,0
14309,4.1331,0.2904,2,723,0,0,0,0,0,0,0,0
14310,4.0231,0.2869,2,723,0,0,0,0,0,0,0,0
14311,4.168,0.2925,2,723,0,0,0,0,0,0,0,0
14312,4.2146,0.5613,2,723,0,0,0,0,0,0,0,0
14313,4.3581,0.3626,2,723,0,0,0,0,0,0,0,0
14314,3.9361,0.3136,2,723,0,0,0,0,0,0,0,0
14315,4.2097,0.4441,2,723,0,0,0,0,0,0,0,0
14316,4.1933,0.3004,2,723,0,0,0,0,0,0,0,0
14317,4.2676,0.3053,2,723,0,0,0,0,0,0,0,0
14318,8.2418,0.5854,2,723,0,0,0,0,0,0,0,0
14319,4.2226,0.3888,2,723,0,0,0,0,0,0,0,0
14320,4.1807,0.4721,2,723,0,0,0,0,0,0,0,0
14321,4.046,0.349,2,723,0,0,0,0,0,0,0,0
14322,4.1979,0.4321,2,723,0,0,0,0,0,0,0,0
14323,4.2828,0.6045,2,723,0,0,0,0,0,0,0,0
14324,4.2495,0.3686,2,723,0,0,0,0,0,0,0,0
14325,4.0232,0.3902,2,723,0,0,0,0,0,0,0,0
14326,4.111,0.3232,2,723,0,0,0,0,0,0,0,0
14327,4.1578,0.3219,2,723,0,0,0,0,0,0,0,0
14328,4.3588,0.3215,2,723,0,0,0,0,0,0,0,0
14329,3.9781,0.351,2,723,0,0,0,0,0,0,0,0
14330,4.1573,0.3309,2,723,0,0,0,0,0,0,0,0
14331,4.2227,0.318,2,723,0,0,0,0,0,0,0,0
14332,4.435,0.8582,2,723,0,0,0,0,0,0,0,0
14333,3.9073,0.467,2,723,0,0,0,0,0,0,0,0
14334,4.1133,0.3218,2,723,0,0,0,0,0,0,0,0
14335,4.2599,0.3395,2,723,0,0,0,0,0,0,0,0
14336,9.4005,0.3876,2,723,0,0,0,0,0,0,0,0
14337,3.3998,0.3195,2,723,0,0,0,0,0,0,0,0
14338,3.8632,0.3146,2,723,0,0,0,0,0,0,0,0
14339,4.1624,0.6211,2,723,0,0,0,0,0,0,0,0
14340,8.2584,1.0037,2,723,0,0,0,0,0,0,0,0
14341,4.3187,0.4291,2,723,0,0,0,0,0,0,0,0
14342,4.126,0.507,2,723,0,0,0,0,0,0,0,0
14343,4.0563,0.3494,2,723,0,0,0,0,0,0,0,0
14344,4.1624,0.3543,2,723,0,0,0,0,0,0,0,0
14345,4.3056,0.4006,2,723,0,0,0,0,0,0,0,0
14346,4.2355,0.3798,2,723,0,0,0,0,0,0,0,0
14347,3.9796,0.3226,2,723,0,0,0,0,0,0,0,0
14348,4.1298,0.3533,2,723,0,0,0,0,0,0,0,0
14349,4.334,0.3457,2,723,0,0,0,0,0,0,0,0
14350,4.3066,0.4171,2,723,0,0,0,0,0,0,0,0
14351,3.9329,0.3485,2,723,0,0,0,0,0,0,0,0
14352,4.3019,0.4841,2,723,0,0,0,0,0,0,0,0
14353,4.4661,0.3405,2,723,0,0,0,0,0,0,0,0
14354,3.7537,0.4587,2,723,0,0,0,0,0,0,0,0
14355,4.1204,0.3194,2,723,0,0,0,0,0,0,0,0
14356,4.1243,0.3483,2,723,0,0,0,0,0,0,0,0
14357,4.2667,0.3181,2,723,0,0,0,0,0,0,0,0
14358,4.2166,0.3757,2,723,0,0,0,0,0,0,0,0
14359,4.049,0.436,2,723,0,0,0,0,0,0,0,0
14360,4.1258,0.345,2,723,0,0,0,0,0,0,0,0
14361,4.3047,0.5212,2,723,0,0,0,0,0,0,0,0
14362,4.083,0.5134,2,723,0,0,0,0,0,0,0,0
14363,4.1617,0.327,2,723,0,0,0,0,0,0,0,0
14364,4.1914,0.3034,2,723,0,0,0,0,0,0,0,0
14365,4.1695,0.423,2,723,0,0,0,0,0,0,0,0
14366,4.0452,0.291,2,723,0,0,0,0,0,0,0,0
14367,4.2382,0.3072,2,723,0,0,0,0,0,0,0,0
14368,4.1696,0.4163,2,723,0,0,0,0,0,0,0,0
14369,4.2556,1.1644,2,723,0,0,0,0,0,0,0,0
14370,4.0726,0.2964,2,723,0,0,0,0,0,0,0,0
14371,4.1266,0.2915,2,723,0,0,0,0,0,0,0,0
14372,4.2011,0.7552,2,723,0,0,0,0,0,0,0,0
14373,4.2285,0.2682,2,723,0,0,0,0,0,0,0,0
14374,4.4256,0.3457,2,723,0,0,0,0,0,0,0,0
14375,3.8016,0.7912,2,723,0,0,0,0,0,0,0,0
14376,4.2731,0.3328,2,723,0,0,0,0,0,0,0,0
14377,4.263,0.4439,2,723,0,0,0,0,0,0,0,0
14378,4.0085,0.3676,2,723,0,0,0,0,0,0,0,0
14379,4.252,0.3992,2,723,0,0,0,0,0,0,0,0
14380,4.1614,0.6333,2,723,0,0,0,0,0,0,0,0
14381,4.2748,0.3344,2,723,0,0,0,0,0,0,0,0
14382,3.9597,0.3668,2,723,0,0,0,0,0,0,0,0
14383,4.1334,0.3619,2,723,0,0,0,0,0,0,0,0
14384,4.2794,0.2776,2,723,0,0,0,0,0,0,0,0
14385,4.2345,0.4539,2,723,0,0,0,0,0,0,0,0
14386,4.0493,0.3344,2,723,0,0,0,0,0,0,0,0
14387,4.1017,0.2817,2,723,0,0,0,0,0,0,0,0
14388,4.1898,0.2753,2,723,0,0,0,0,0,0,0,0
14389,4.2615,0.2774,2,723,0,0,0,0,0,0,0,0
14390,4.0595,0.281,2,723,0,0,0,0,0,0,0,0
14391,4.3184,0.3079,2,723,0,0,0,0,0,0,0,0
14392,4.0071,0.34,2,723,0,0,0,0,0,0,0,0
14393,4.2609,0.2594,2,723,0,0,0,0,0,0,0,0
14394,4.0756,0.7156,2,723,0,0,0,0,0,0,0,0
14395,4.2514,0.3185,2,723,0,0,0,0,0,0,0,0
14396,4.073,0.2787,2,723,0,0,0,0,0,0,0,0
14397,4.2589,0.2724,2,723,0,0,0,0,0,0,0,0
14398,4.3719,0.2554,2,723,0,0,0,0,0,0,0,0
14399,3.9056,0.2724,2,723,0,0,0,0,0,0,0,0
14400,4.1317,0.2833,2,723,0,0,0,0,0,0,0,0
14401,4.2419,0.6112,2,723,0,0,0,0,0,0,0,0
14402,4.0969,0.4574,2,723,0,0,0,0,0,0,0,0
14403,4.1898,0.2737,2,723,0,0,0,0,0,0,0,0
14404,4.1422,0.274,2,723,0,0,0,0,0,0,0,0
14405,4.2447,0.2585,2,723,0,0,0,0,0,0,0,0
14406,4.0162,0.2791,2,723,0,0,0,0,0,0,0,0
14407,4.234,0.2774,2,723,0,0,0,0,0,0,0,0
14408,4.1572,0.4751,2,723,0,0,0,0,0,0,0,0
14409,4.3012,0.4778,2,723,0,0,0,0,0,0,0,0
14410,4.1908,0.8507,2,723,0,0,0,0,0,0,0,0
14411,4.0534,0.2766,2,723,0,0,0,0,0,0,0,0
14412,4.1296,0.2732,2,723,0,0,0,0,0,0,0,0
14413,4.4567,0.2815,2,723,0,0,0,0,0,0,0,0
14414,3.8918,0.2786,2,723,0,0,0,0,0,0,0,0
14415,4.1636,0.2726,2,723,0,0,0,0,0,0,0,0
14416,4.163,0.2717,2,723,0,0,0,0,0,0,0,0
14417,4.3061,0.5022,2,723,0,0,0,0,0,0,0,0
14418,4.0435,0.2857,2,723,0,0,0,0,0,0,0,0
14419,4.1576,0.2773,2,723,0,0,0,0,0,0,0,0
14420,4.1603,0.2804,2,723,0,0,0,0,0,0,0,0
14421,4.2439,0.2792,2,723,0,0,0,0,0,0,0,0
14422,4.0875,0.3079,2,723,0,0,0,0,0,0,0,0
14423,4.1673,0.2767,2,723,0,0,0,0,0,0,0,0
14424,4.1566,0.27,2,723,0,0,0,0,0,0,0,0
14425,4.308,0.3098,2,723,0,0,0,0,0,0,0,0
14426,4.0825,0.3774,2,723,0,0,0,0,0,0,0,0
14427,4.1182,0.2748,2,723,0,0,0,0,0,0,0,0
14428,4.1781,0.5701,2,723,0,0,0,0,0,0,0,0
14429,4.2367,0.4889,2,723,0,0,0,0,0,0,0,0
14430,4.4103,0.2924,2,723,0,0,0,0,0,0,0,0
14431,3.8426,0.2762,2,723,0,0,0,0,0,0,0,0
14432,4.163,0.2795,2,723,0,0,0,0,0,0,0,0
14433,4.276,0.2759,2,723,0,0,0,0,0,0,0,0
14434,4.0909,0.2708,2,723,0,0,0,0,0,0,0,0
14435,4.0927,0.2636,2,723,0,0,0,0,0,0,0,0
14436,4.2147,0.2659,2,723,0,0,0,0,0,0,0,0
14437,4.2516,0.2557,2,723,0,0,0,0,0,0,0,0
14438,4.0798,0.2772,2,723,0,0,0,0,0,0,0,0
14439,4.1672,0.2774,2,723,0,0,0,0,0,0,0,0
14440,4.1775,0.2945,2,723,0,0,0,0,0,0,0,0
14441,4.3868,0.2881,2,723,0,0,0,0,0,0,0,0
14442,4.2856,0.4576,2,723,0,0,0,0,0,0,0,0
14443,3.8212,0.2786,2,723,0,0,0,0,0,0,0,0
14444,4.1626,0.2721,2,723,0,0,0,0,0,0,0,0
14445,4.2536,0.2758,2,723,0,0,0,0,0,0,0,0
14446,4.0722,0.2725,2,723,0,0,0,0,0,0,0,0
14447,4.1874,0.2689,2,723,0,0,0,0,0,0,0,0
14448,4.1754,0.2741,2,723,0,0,0,0,0,0,0,0
14449,4.2299,0.2756,2,723,0,0,0,0,0,0,0,0
14450,4.0696,0.2727,2,723,0,0,0,0,0,0,0,0
14451,4.1835,0.272,2,723,0,0,0,0,0,0,0,0
14452,4.1572,0.2763,2,723,0,0,0,0,0,0,0,0
14453,4.3727,0.3094,2,723,0,0,0,0,0,0,0,0
14454,3.993,0.2786,2,723,0,0,0,0,0,0,0,0
14455,4.1503,0.2779,2,723,0,0,0,0,0,0,0,0
14456,4.1599,0.2751,2,723,0,0,0,0,0,0,0,0
14457,4.2739,0.3109,2,723,0,0,0,0,0,0,0,0
14458,4.0148,0.2739,2,723,0,0,0,0,0,0,0,0
14459,4.145,0.2719,2,723,0,0,0,0,0,0,0,0
14460,4.1782,0.2742,2,723,0,0,0,0,0,0,0,0
14461,4.4442,0.3904,2,723,0,0,0,0,0,0,0,0
14462,3.8903,0.2729,2,723,0,0,0,0,0,0,0,0
14463,4.1787,0.3518,2,723,0,0,0,0,0,0,0,0
14464,4.1618,0.2538,2,723,0,0,0,0,0,0,0,0
14465,4.2395,0.2755,2,723,0,0,0,0,0,0,0,0
14466,4.1401,0.5037,2,723,0,0,0,0,0,0,0,0
14467,4.1103,0.2769,2,723,0,0,0,0,0,0,0,0
14468,4.1853,0.2743,2,723,0,0,0,0,0,0,0,0
14469,4.2419,0.2704,2,723,0,0,0,0,0,0,0,0
14470,4.1065,0.2682,2,723,0,0,0,0,0,0,0,0
14471,4.1453,0.2526,2,723,0,0,0,0,0,0,0,0
14472,4.1617,0.2723,2,723,0,0,0,0,0,0,0,0
14473,4.2271,0.2536,2,723,0,0,0,0,0,0,0,0
14474,4.1056,0.268,2,723,0,0,0,0,0,0,0,0
14475,4.3532,0.4021,2,723,0,0,0,0,0,0,0,0
14476,3.9834,0.2528,2,723,0,0,0,0,0,0,0,0
14477,4.2434,0.2732,2,723,0,0,0,0,0,0,0,0
14478,4.1079,0.2663,2,723,0,0,0,0,0,0,0,0
14479,4.2875,0.2733,2,723,0,0,0,0,0,0,0,0
14480,4.1783,0.3943,2,723,0,0,0,0,0,0,0,0
14481,4.2063,0.2751,2,723,0,0,0,0,0,0,0,0
14482,3.9718,0.272,2,723,0,0,0,0,0,0,0,0
14483,4.1808,0.2746,2,723,0,0,0,0,0,0,0,0
14484,4.1748,0.2808,2,723,0,0,0,0,0,0,0,0
14485,4.2531,0.3165,2,723,0,0,0,0,0,0,0,0
14486,4.2107,0.4083,2,723,0,0,0,0,0,0,0,0
14487,4.2112,0.3609,2,723,0,0,0,0,0,0,0,0
14488,4.0087,0.2735,2,723,0,0,0,0,0,0,0,0
14489,4.2374,0.2957,2,723,0,0,0,0,0,0,0,0
14490,4.0899,0.2743,2,723,0,0,0,0,0,0,0,0
14491,4.2118,0.5203,2,723,0,0,0,0,0,0,0,0
14492,4.2187,0.395,2,723,0,0,0,0,0,0,0,0
14493,4.2119,0.2993,2,723,0,0,0,0,0,0,0,0
14494,4.0445,0.3071,2,723,0,0,0,0,0,0,0,0
14495,4.1822,0.3041,2,723,0,0,0,0,0,0,0,0
14496,4.1949,0.3072,2,723,0,0,0,0,0,0,0,0
14497,4.3374,0.3825,2,723,0,0,0,0,0,0,0,0
14498,3.965,0.3003,2,723,0,0,0,0,0,0,0,0
14499,4.2819,0.3977,2,723,0,0,0,0,0,0,0,0
14500,4.1002,0.3218,2,723,0,0,0,0,0,0,0,0
14501,4.2373,0.3265,2,723,0,0,0,0,0,0,0,0
14502,4.0759,0.3088,2,723,0,0,0,0,0,0,0,0
14503,4.179,0.3331,2,723,0,0,0,0,0,0,0,0
14504,4.3546,0.6358,2,723,0,0,0,0,0,0,0,0
14505,4.0823,0.3403,2,723,0,0,0,0,0,0,0,0
14506,4.0731,0.3505,2,723,0,0,0,0,0,0,0,0
14507,4.1694,0.4913,2,723,0,0,0,0,0,0,0,0
14508,4.244,0.3533,2,723,0,0,0,0,0,0,0,0
14509,4.1954,0.3461,2,723,0,0,0,0,0,0,0,0
14510,4.0519,0.3423,2,723,0,0,0,0,0,0,0,0
14511,4.185,0.3212,2,723,0,0,0,0,0,0,0,0
14512,4.1738,0.4088,2,723,0,0,0,0,0,0,0,0
14513,4.3236,0.3682,2,723,0,0,0,0,0,0,0,0
14514,4.001,0.3149,2,723,0,0,0,0,0,0,0,0
14515,4.1525,0.3386,2,723,0,0,0,0,0,0,0,0
14516,4.2739,0.4573,2,723,0,0,0,0,0,0,0,0
14517,4.1612,0.3473,2,723,0,0,0,0,0,0,0,0
14518,4.0767,0.3185,2,723,0,0,0,0,0,0,0,0
14519,4.1822,1.1478,2,723,0,0,0,0,0,0,0,0
14520,4.227,0.3171,2,723,0,0,0,0,0,0,0,0
14521,4.254,0.8113,2,723,0,0,0,0,0,0,0,0
14522,4.0735,0.9563,2,723,0,0,0,0,0,0,0,0
14523,4.1977,0.7556,2,723,0,0,0,0,0,0,0,0
14524,4.1316,0.3759,2,723,0,0,0,0,0,0,0,0
14525,4.2701,1.1372,2,723,0,0,0,0,0,0,0,0
14526,4.0608,1.4516,2,723,0,0,0,0,0,0,0,0
14527,4.1639,0.9824,2,723,0,0,0,0,0,0,0,0
14528,4.1636,0.9769,2,723,0,0,0,0,0,0,0,0
14529,4.2913,1.2902,2,723,0,0,0,0,0,0,0,0
14530,4.0082,1.0134,2,723,0,0,0,0,0,0,0,0
14531,4.2091,1.1793,2,723,0,0,0,0,0,0,0,0
14532,4.1999,1.4104,2,723,0,0,0,0,0,0,0,0
14533,4.2283,1.2046,2,723,0,0,0,0,0,0,0,0
14534,4.062,0.7869,2,723,0,0,0,0,0,0,0,0
14535,4.2032,1.1747,2,723,0,0,0,0,0,0,0,0
14536,4.1635,1.3109,2,723,0,0,0,0,0,0,0,0
14537,4.2428,1.3162,2,723,0,0,0,0,0,0,0,0
14538,4.1152,0.8918,2,723,0,0,0,0,0,0,0,0
14539,4.1197,0.9259,2,723,0,0,0,0,0,0,0,0
14540,4.1576,1.4095,2,723,0,0,0,0,0,0,0,0
14541,4.3967,0.9128,2,723,0,0,0,0,0,0,0,0
14542,3.9506,1.2527,2,723,0,0,0,0,0,0,0,0
14543,4.1596,1.3624,2,723,0,0,0,0,0,0,0,0
14544,4.1731,0.8864,2,723,0,0,0,0,0,0,0,0
14545,4.2706,1.2432,2,723,0,0,0,0,0,0,0,0
14546,4.0543,1.3669,2,723,0,0,0,0,0,0,0,0
14547,4.2125,1.1985,2,723,0,0,0,0,0,0,0,0
14548,4.1436,1.06,2,723,0,0,0,0,0,0,0,0
14549,4.2972,1.2003,2,723,0,0,0,0,0,0,0,0
14550,4.0126,0.6091,2,723,0,0,0,0,0,0,0,0
14551,4.1733,1.405,2,723,0,0,0,0,0,0,0,0
14552,4.1578,1.4875,2,723,0,0,0,0,0,0,0,0
14553,4.3209,1.2355,2,723,0,0,0,0,0,0,0,0
14554,4.0198,1.1287,2,723,0,0,0,0,0,0,0,0
14555,4.173,1.0117,2,723,0,0,0,0,0,0,0,0
14556,4.1824,0.9153,2,723,0,0,0,0,0,0,0,0
14557,4.2475,0.9887,2,723,0,0,0,0,0,0,0,0
14558,4.0608,1.2436,2,723,0,0,0,0,0,0,0,0
14559,4.2291,0.9441,2,723,0,0,0,0,0,0,0,0
14560,4.0998,0.9426,2,723,0,0,0,0,0,0,0,0
14561,4.2795,0.4217,2,723,0,0,0,0,0,0,0,0
14562,4.1011,1.7554,2,723,0,0,0,0,0,0,0,0
14563,4.1415,0.8134,2,723,0,0,0,0,0,0,0,0
14564,6.6932,0.4053,2,723,0,0,0,0,0,0,0,0
14565,2.6931,0.349,2,723,0,0,0,0,0,0,0,0
14566,4.7576,0.3883,2,723,0,0,0,0,0,0,0,0
14567,4.8634,0.3645,2,723,0,0,0,0,0,0,0,0
14568,2.3528,0.4905,2,723,0,0,0,0,0,0,0,0
14569,4.2383,0.4637,2,723,0,0,0,0,0,0,0,0
14570,4.4578,0.4096,2,723,0,0,0,0,0,0,0,0
14571,3.7018,0.4111,2,723,0,0,0,0,0,0,0,0
14572,4.5116,0.3901,2,723,0,0,0,0,0,0,0,0
14573,4.6643,0.3716,2,723,0,0,0,0,0,0,0,0
14574,4.7275,0.3939,2,723,0,0,0,0,0,0,0,0
14575,2.7364,0.4685,2,723,0,0,0,0,0,0,0,0
14576,4.1634,0.3599,2,723,0,0,0,0,0,0,0,0
14577,4.989,0.4877,2,723,0,0,0,0,0,0,0,0
14578,3.6057,0.395,2,723,0,0,0,0,0,0,0,0
14579,4.4412,0.3831,2,723,0,0,0,0,0,0,0,0
14580,4.2529,0.4374,2,723,0,0,0,0,0,0,0,0
14581,4.0321,0.382,2,723,0,0,0,0,0,0,0,0
14582,4.2541,0.3934,2,723,0,0,0,0,0,0,0,0
14583,4.2457,0.3732,2,723,0,0,0,0,0,0,0,0
14584,3.5516,0.3499,2,723,0,0,0,0,0,0,0,0
14585,4.6815,0.4895,2,723,0,0,0,0,0,0,0,0
14586,3.8537,0.4844,2,723,0,0,0,0,0,0,0,0
14587,5.0746,0.3773,2,723,0,0,0,0,0,0,0,0
14588,3.3717,0.5167,2,723,0,0,0,0,0,0,0,0
14589,4.025,0.6825,2,723,0,0,0,0,0,0,0,0
14590,5.0693,0.3666,2,723,0,0,0,0,0,0,0,0
14591,4.1865,0.4009,2,723,0,0,0,0,0,0,0,0
14592,3.3796,0.3693,2,723,0,0,0,0,0,0,0,0
14593,6.1936,0.3641,2,723,0,0,0,0,0,0,0,0
14594,1.7716,0.4601,2,723,0,0,0,0,0,0,0,0
14595,4.1829,0.3738,2,723,0,0,0,0,0,0,0,0
14596,4.164,0.3853,2,723,0,0,0,0,0,0,0,0
14597,4.2703,0.5454,2,723,0,0,0,0,0,0,0,0
14598,4.2159,0.4322,2,723,0,0,0,0,0,0,0,0
14599,4.3694,0.3419,2,723,0,0,0,0,0,0,0,0
14600,4.2098,0.393,2,723,0,0,0,0,0,0,0,0
14601,3.8876,0.5928,2,723,0,0,0,0,0,0,0,0
14602,4.3163,0.3531,2,723,0,0,0,0,0,0,0,0
14603,3.917,0.3591,2,723,0,0,0,0,0,0,0,0
14604,4.2564,0.3828,2,723,0,0,0,0,0,0,0,0
14605,4.1601,0.4227,2,723,0,0,0,0,0,0,0,0
14606,4.252,0.4428,2,723,0,0,0,0,0,0,0,0
14607,4.0927,0.3821,2,723,0,0,0,0,0,0,0,0
14608,4.0482,0.4989,2,723,0,0,0,0,0,0,0,0
14609,4.2534,0.4328,2,723,0,0,0,0,0,0,0,0
14610,4.4717,0.3511,2,723,0,0,0,0,0,0,0,0
14611,3.8009,0.4384,2,723,0,0,0,0,0,0,0,0
14612,4.1416,0.4169,2,723,0,0,0,0,0,0,0,0
14613,4.3362,0.3829,2,723,0,0,0,0,0,0,0,0
14614,4.0988,0.5609,2,723,0,0,0,0,0,0,0,0
14615,3.7866,0.3547,2,723,0,0,0,0,0,0,0,0
14616,4.0699,0.3496,2,723,0,0,0,0,0,0,0,0
14617,4.5928,0.4052,2,723,0,0,0,0,0,0,0,0
14618,3.7348,0.3421,2,723,0,0,0,0,0,0,0,0
14619,4.2501,0.572,2,723,0,0,0,0,0,0,0,0
14620,4.1073,0.3668,2,723,0,0,0,0,0,0,0,0
14621,4.2956,0.3622,2,723,0,0,0,0,0,0,0,0
14622,4.0719,0.325,2,723,0,0,0,0,0,0,0,0
14623,4.1753,0.3477,2,723,0,0,0,0,0,0,0,0
14624,4.4455,0.4538,2,723,0,0,0,0,0,0,0,0
14625,3.9166,0.3233,2,723,0,0,0,0,0,0,0,0
14626,4.1261,0.36,2,723,0,0,0,0,0,0,0,0
14627,4.5912,0.3419,2,723,0,0,0,0,0,0,0,0
14628,4.1621,0.361,2,723,0,0,0,0,0,0,0,0
14629,4.7965,0.3519,2,723,0,0,0,0,0,0,0,0
14630,3.6063,0.391,2,723,0,0,0,0,0,0,0,0
14631,4.0092,0.3847,2,723,0,0,0,0,0,0,0,0
14632,4.1873,0.3865,2,723,0,0,0,0,0,0,0,0
14633,4.3578,0.3981,2,723,0,0,0,0,0,0,0,0
14634,3.9165,0.3647,2,723,0,0,0,0,0,0,0,0
14635,4.2367,0.3603,2,723,0,0,0,0,0,0,0,0
14636,4.4781,0.4054,2,723,0,0,0,0,0,0,0,0
14637,4.2133,0.3976,2,723,0,0,0,0,0,0,0,0
14638,4.1183,0.3381,2,723,0,0,0,0,0,0,0,0
14639,3.9564,0.3771,2,723,0,0,0,0,0,0,0,0
14640,4.0768,0.3492,2,723,0,0,0,0,0,0,0,0
14641,4.4408,0.3821,2,723,0,0,0,0,0,0,0,0
14642,4.0074,0.4626,2,723,0,0,0,0,0,0,0,0
14643,4.0197,0.431,2,723,0,0,0,0,0,0,0,0
14644,4.2132,0.3713,2,723,0,0,0,0,0,0,0,0
14645,4.2353,0.3571,2,723,0,0,0,0,0,0,0,0
14646,4.1361,0.3991,2,723,0,0,0,0,0,0,0,0
14647,4.4642,0.3581,2,723,0,0,0,0,0,0,0,0
14648,3.7886,0.3515,2,723,0,0,0,0,0,0,0,0
14649,4.4185,0.3814,2,723,0,0,0,0,0,0,0,0
14650,3.9487,0.3735,2,723,0,0,0,0,0,0,0,0
14651,4.1105,0.4021,2,723,0,0,0,0,0,0,0,0
14652,4.1362,0.6185,2,723,0,0,0,0,0,0,0,0
14653,4.5854,0.3819,2,723,0,0,0,0,0,0,0,0
14654,3.7803,0.3825,2,723,0,0,0,0,0,0,0,0
14655,4.3267,0.3598,2,723,0,0,0,0,0,0,0,0
14656,4.0192,0.4653,2,723,0,0,0,0,0,0,0,0
14657,4.3504,0.3665,2,723,0,0,0,0,0,0,0,0
14658,4.142,0.3458,2,723,0,0,0,0,0,0,0,0
14659,4.2232,0.3459,2,723,0,0,0,0,0,0,0,0
14660,3.9404,0.3824,2,723,0,0,0,0,0,0,0,0
14661,4.6456,0.388,2,723,0,0,0,0,0,0,0,0
14662,3.7582,0.3396,2,723,0,0,0,0,0,0,0,0
14663,4.1617,0.3425,2,723,0,0,0,0,0,0,0,0
14664,4.1478,0.3372,2,723,0,0,0,0,0,0,0,0
14665,4.1872,0.4115,2,723,0,0,0,0,0,0,0,0
14666,4.0793,0.3448,2,723,0,0,0,0,0,0,0,0
14667,4.1807,0.4171,2,723,0,0,0,0,0,0,0,0
14668,4.2645,0.3486,2,723,0,0,0,0,0,0,0,0
14669,4.129,0.3373,2,723,0,0,0,0,0,0,0,0
14670,4.19,0.3678,2,723,0,0,0,0,0,0,0,0
14671,4.1589,0.3529,2,723,0,0,0,0,0,0,0,0
14672,4.1506,0.3654,2,723,0,0,0,0,0,0,0,0
14673,4.4161,0.623,2,723,0,0,0,0,0,0,0,0
14674,4.2725,0.3946,2,723,0,0,0,0,0,0,0,0
14675,3.3881,0.3475,2,723,0,0,0,0,0,0,0,0
14676,4.6875,0.4138,2,723,0,0,0,0,0,0,0,0
14677,3.8507,0.3643,2,723,0,0,0,0,0,0,0,0
14678,3.9838,0.4008,2,723,0,0,0,0,0,0,0,0
14679,4.2623,0.5698,2,723,0,0,0,0,0,0,0,0
14680,4.0676,0.396,2,723,0,0,0,0,0,0,0,0
14681,13.6502,0.3962,2,723,0,0,0,0,0,0,0,0
14682,0.4638,4.4177,2,723,0,0,0,0,0,0,0,0
14683,5.1759,1.7953,2,723,0,0,0,0,0,0,0,0
14684,2.7153,0.5762,2,723,0,0,0,0,0,0,0,0
14685,3.2982,1.4325,2,723,0,0,0,0,0,0,0,0
14686,4.2137,0.4734,2,723,0,0,0,0,0,0,0,0
14687,4.1506,0.4852,2,723,0,0,0,0,0,0,0,0
14688,4.8856,0.4979,2,723,0,0,0,0,0,0,0,0
14689,3.4101,0.4987,2,723,0,0,0,0,0,0,0,0
14690,4.1683,0.4745,2,723,0,0,0,0,0,0,0,0
14691,4.1631,0.4922,2,723,0,0,0,0,0,0,0,0
14692,5.0422,0.6952,2,723,0,0,0,0,0,0,0,0
14693,3.2603,0.4244,2,723,0,0,0,0,0,0,0,0
14694,4.3172,0.5967,2,723,0,0,0,0,0,0,0,0
14695,4.4447,0.558,2,723,0,0,0,0,0,0,0,0
14696,6.9007,0.5667,2,723,0,0,0,0,0,0,0,0
14697,1.114,0.6423,2,723,0,0,0,0,0,0,0,0
14698,4.6643,0.4966,2,723,0,0,0,0,0,0,0,0
14699,3.5682,0.4899,2,723,0,0,0,0,0,0,0,0
14700,4.5958,0.5197,2,723,0,0,0,0,0,0,0,0
14701,3.7148,0.4732,2,723,0,0,0,0,0,0,0,0
14702,4.25,0.5556,2,723,0,0,0,0,0,0,0,0
14703,4.7075,0.6969,2,723,0,0,0,0,0,0,0,0
14704,3.9155,0.445,2,723,0,0,0,0,0,0,0,0
14705,3.781,0.6761,2,723,0,0,0,0,0,0,0,0
14706,4.388,0.3242,2,723,0,0,0,0,0,0,0,0
14707,3.9277,0.4492,2,723,0,0,0,0,0,0,0,0
14708,4.9577,0.4257,2,723,0,0,0,0,0,0,0,0
14709,3.7623,0.3877,2,723,0,0,0,0,0,0,0,0
14710,4.2677,0.3415,2,723,0,0,0,0,0,0,0,0
14711,4.0919,0.5315,2,723,0,0,0,0,0,0,0,0
14712,4.5417,0.3342,2,723,0,0,0,0,0,0,0,0
14713,3.3741,0.4826,2,723,0,0,0,0,0,0,0,0
14714,4.1774,0.4987,2,723,0,0,0,0,0,0,0,0
14715,4.2035,0.4668,2,723,0,0,0,0,0,0,0,0
14716,4.4409,0.4958,2,723,0,0,0,0,0,0,0,0
14717,3.8701,0.4902,2,723,0,0,0,0,0,0,0,0
14718,4.1678,0.4859,2,723,0,0,0,0,0,0,0,0
14719,4.1543,0.4655,2,723,0,0,0,0,0,0,0,0
14720,4.4902,0.5182,2,723,0,0,0,0,0,0,0,0
14721,3.884,0.6256,2,723,0,0,0,0,0,0,0,0
14722,4.1642,0.6723,2,723,0,0,0,0,0,0,0,0
14723,4.5828,0.5985,2,723,0,0,0,0,0,0,0,0
14724,4.5447,0.4586,2,723,0,0,0,0,0,0,0,0
14725,3.3087,0.5846,2,723,0,0,0,0,0,0,0,0
14726,4.3087,0.476,2,723,0,0,0,0,0,0,0,0
14727,4.3408,0.4649,2,723,0,0,0,0,0,0,0,0
14728,4.2438,0.4705,2,723,0,0,0,0,0,0,0,0
14729,4.144,0.5487,2,723,0,0,0,0,0,0,0,0
14730,4.5755,0.3961,2,723,0,0,0,0,0,0,0,0
14731,3.4968,0.5023,2,723,0,0,0,0,0,0,0,0
14732,4.4348,0.4689,2,723,0,0,0,0,0,0,0,0
14733,3.821,0.627,2,723,0,0,0,0,0,0,0,0
14734,4.1893,0.4757,2,723,0,0,0,0,0,0,0,0
14735,4.125,0.4925,2,723,0,0,0,0,0,0,0,0
14736,4.6883,0.5806,2,723,0,0,0,0,0,0,0,0
14737,3.6775,0.4893,2,723,0,0,0,0,0,0,0,0
14738,4.6122,0.5419,2,723,0,0,0,0,0,0,0,0
14739,3.7701,0.6007,2,723,0,0,0,0,0,0,0,0
14740,4.4687,0.642,2,723,0,0,0,0,0,0,0,0
14741,3.8277,0.476,2,723,0,0,0,0,0,0,0,0
14742,4.2466,0.5247,2,723,0,0,0,0,0,0,0,0
14743,4.104,0.5318,2,723,0,0,0,0,0,0,0,0
14744,4.4802,0.609,2,723,0,0,0,0,0,0,0,0
14745,3.8655,0.5912,2,723,0,0,0,0,0,0,0,0
14746,4.1064,0.5845,2,723,0,0,0,0,0,0,0,0
14747,4.2945,0.5841,2,723,0,0,0,0,0,0,0,0
14748,4.9493,0.5131,2,723,0,0,0,0,0,0,0,0
14749,3.255,0.5131,2,723,0,0,0,0,0,0,0,0
14750,4.2899,0.5581,2,723,0,0,0,0,0,0,0,0
14751,4.1022,0.4792,2,723,0,0,0,0,0,0,0,0
14752,4.5251,0.4573,2,723,0,0,0,0,0,0,0,0
14753,3.7242,0.4678,2,723,0,0,0,0,0,0,0,0
14754,4.618,0.5177,2,723,0,0,0,0,0,0,0,0
14755,3.8405,0.4844,2,723,0,0,0,0,0,0,0,0
14756,4.4173,0.4439,2,723,0,0,0,0,0,0,0,0
14757,3.8218,0.5495,2,723,0,0,0,0,0,0,0,0
14758,4.4624,0.4767,2,723,0,0,0,0,0,0,0,0
14759,4.1554,0.5459,2,723,0,0,0,0,0,0,0,0
14760,4.2182,0.4551,2,723,0,0,0,0,0,0,0,0
14761,3.9143,0.5222,2,723,0,0,0,0,0,0,0,0
14762,4.1551,0.4596,2,723,0,0,0,0,0,0,0,0
14763,4.1275,0.4348,2,723,0,0,0,0,0,0,0,0
14764,4.4863,0.5918,2,723,0,0,0,0,0,0,0,0
14765,3.7502,0.6949,2,723,0,0,0,0,0,0,0,0
14766,4.2893,0.5754,2,723,0,0,0,0,0,0,0,0
14767,4.129,0.5393,2,723,0,0,0,0,0,0,0,0
14768,4.4954,0.5109,2,723,0,0,0,0,0,0,0,0
14769,4.107,0.5823,2,723,0,0,0,0,0,0,0,0
14770,3.7144,0.4336,2,723,0,0,0,0,0,0,0,0
14771,4.3996,0.4268,2,723,0,0,0,0,0,0,0,0
