frame,frameMs,cpuMs,activeObjects,totalObjects,created,destroyed,bossActive
0,0.723,2.3684,2,713,0,0,0
1,5.1677,0.8356,2,713,0,0,0
2,3.8966,0.3461,2,713,0,0,0
3,3.7969,0.3354,2,713,0,0,0
4,4.0941,0.4805,2,713,0,0,0
5,3.8842,0.3769,2,713,0,0,0
6,4.3032,0.5537,2,713,0,0,0
7,4.3254,0.3854,2,713,0,0,0
8,4.1302,0.4746,2,713,0,0,0
9,4.1772,0.3758,2,713,0,0,0
10,4.1831,0.4187,2,713,0,0,0
11,4.1856,0.3805,2,713,0,0,0
12,3.8411,0.5331,2,713,0,0,0
13,4.4554,0.4618,2,713,0,0,0
14,3.9807,0.4013,2,713,0,0,0
15,4.6929,0.3313,2,713,0,0,0
16,3.8684,0.3354,2,713,0,0,0
17,3.8595,0.3832,2,713,0,0,0
18,4.1763,0.2333,2,713,0,0,0
19,4.4269,0.3858,2,713,0,0,0
20,4.1471,0.4596,2,713,0,0,0
21,4.2116,0.4217,2,713,0,0,0
22,3.8766,0.21,2,713,0,0,0
23,4.5914,0.4379,2,713,0,0,0
24,3.5469,0.2752,2,713,0,0,0
25,4.4297,0.3974,2,713,0,0,0
26,4.1171,0.8196,2,713,0,0,0
27,4.103,0.3478,2,713,0,0,0
28,4.3792,0.3773,2,713,0,0,0
29,3.8229,0.2268,2,713,0,0,0
30,4.1595,0.3107,2,713,0,0,0
31,4.502,0.3698,2,713,0,0,0
32,3.7973,0.3039,2,713,0,0,0
33,4.2488,0.227,2,713,0,0,0
34,4.5046,0.3979,2,713,0,0,0
35,4.1108,0.2675,2,713,0,0,0
36,3.8334,0.2432,2,713,0,0,0
37,4.1347,0.2429,2,713,0,0,0
38,4.4364,0.3155,2,713,0,0,0
39,4.2446,0.3284,2,713,0,0,0
40,4.0524,0.3647,2,713,0,0,0
41,3.9727,0.3651,2,713,0,0,0
42,4.1467,0.2361,2,713,0,0,0
43,4.3998,0.274,2,713,0,0,0
44,4.2008,0.4072,2,713,0,0,0
45,4.0974,0.3021,2,713,0,0,0
46,4.1867,0.3346,2,713,0,0,0
47,4.4444,0.233,2,713,0,0,0
48,3.6586,0.2382,2,713,0,0,0
49,4.3742,0.2396,2,713,0,0,0
50,4.307,0.3982,2,713,0,0,0
51,4.2868,0.3451,2,713,0,0,0
52,3.6807,0.2912,2,713,0,0,0
53,4.1682,0.2351,2,713,0,0,0
54,4.3438,0.3221,2,713,0,0,0
55,4.1396,0.2426,2,713,0,0,0
56,4.2235,0.4018,2,713,0,0,0
57,4.0076,0.4165,2,713,0,0,0
58,4.4308,0.3442,2,713,0,0,0
59,4.1874,0.8645,2,713,0,0,0
60,3.956,0.2261,2,713,0,0,0
61,4.2778,0.416,2,713,0,0,0
62,3.9962,0.4104,2,713,0,0,0
63,4.2723,0.4378,2,713,0,0,0
64,4.0388,0.3553,2,713,0,0,0
65,4.1657,0.2554,2,713,0,0,0
66,4.5322,0.211,2,713,0,0,0
67,3.8962,0.3263,2,713,0,0,0
68,4.3535,0.4065,2,713,0,0,0
69,4.261,0.4094,2,713,0,0,0
70,3.7998,0.2106,2,713,0,0,0
71,4.4653,0.3442,2,713,0,0,0
72,3.8515,0.2379,2,713,0,0,0
73,4.3725,0.288,2,713,0,0,0
74,3.9552,0.2341,2,713,0,0,0
75,4.318,0.4206,2,713,0,0,0
76,4.1712,0.3338,2,713,0,0,0
77,4.0086,0.2577,2,713,0,0,0
78,4.3635,0.3061,2,713,0,0,0
79,4.3073,0.3095,2,713,0,0,0
80,4.0156,0.2446,2,713,0,0,0
81,4.1607,0.2113,2,713,0,0,0
82,4.1205,0.3611,2,713,0,0,0
83,4.3877,0.3116,2,713,0,0,0
84,3.842,0.3193,2,713,0,0,0
85,4.3608,0.3086,2,713,0,0,0
86,4.0489,0.4514,2,713,0,0,0
87,4.3662,0.2279,2,713,0,0,0
88,3.9446,0.3298,2,713,0,0,0
89,4.093,0.2315,2,713,0,0,0
90,4.1886,0.2127,2,713,0,0,0
91,4.5572,0.2632,2,713,0,0,0
92,3.9088,0.2934,2,713,0,0,0
93,4.1826,0.232,2,713,0,0,0
94,4.0339,0.4071,2,713,0,0,0
95,4.4216,0.3071,2,713,0,0,0
96,3.9098,0.2095,2,713,0,0,0
97,4.3088,0.4579,2,713,0,0,0
98,4.1768,0.2905,2,713,0,0,0
99,4.0763,0.2656,2,713,0,0,0
100,4.0798,0.2121,2,713,0,0,0
101,4.1606,0.2515,2,713,0,0,0
102,4.3191,0.2962,2,713,0,0,0
103,4.1059,0.2313,2,713,0,0,0
104,4.4012,0.222,2,713,0,0,0
105,3.8254,0.2375,2,713,0,0,0
106,4.212,0.2146,2,713,0,0,0
107,4.4144,0.326,2,713,0,0,0
108,3.9142,0.2327,2,713,0,0,0
109,4.3182,0.382,2,713,0,0,0
110,4.0277,0.3726,2,713,0,0,0
111,4.2189,0.2363,2,713,0,0,0
112,4.2302,0.2306,2,713,0,0,0
113,4.02,0.2349,2,713,0,0,0
114,4.4837,0.3022,2,713,0,0,0
115,3.9618,0.2503,2,713,0,0,0
116,4.1994,0.3352,2,713,0,0,0
117,4.1958,0.2799,2,713,0,0,0
118,4.1824,0.3922,2,713,0,0,0
119,4.4229,0.4196,2,713,0,0,0
120,3.794,0.2164,2,713,0,0,0
121,4.266,0.3035,2,713,0,0,0
122,4.1827,0.3014,2,713,0,0,0
123,4.3687,0.3106,2,713,0,0,0
124,4.0406,0.229,2,713,0,0,0
125,3.8942,0.2106,2,713,0,0,0
126,4.2966,0.2303,2,713,0,0,0
127,4.2199,0.4394,2,713,0,0,0
128,4.1659,0.3095,2,713,0,0,0
129,4.1816,0.3204,2,713,0,0,0
130,3.9924,0.3326,2,713,0,0,0
131,4.4664,0.4017,2,713,0,0,0
132,3.8572,0.2298,2,713,0,0,0
133,4.4047,0.3289,2,713,0,0,0
134,4.0586,0.3126,2,713,0,0,0
135,4.166,0.291,2,713,0,0,0
136,4.1729,0.3231,2,713,0,0,0
137,4.0237,0.2295,2,713,0,0,0
138,4.3127,0.4245,2,713,0,0,0
139,4.3195,0.2553,2,713,0,0,0
140,4.2529,0.3325,2,713,0,0,0
141,4.2525,0.2124,2,713,0,0,0
142,3.701,0.3287,2,713,0,0,0
143,4.2452,0.2878,2,713,0,0,0
144,4.1128,0.2612,2,713,0,0,0
145,4.1984,0.5195,2,713,0,0,0
146,4.3105,0.3199,2,713,0,0,0
147,4.4318,0.3247,2,713,0,0,0
148,3.904,0.2951,2,713,0,0,0
149,3.9971,0.2204,2,713,0,0,0
150,4.4002,0.3197,2,713,0,0,0
151,4.0414,0.2162,2,713,0,0,0
152,4.2372,0.3334,2,713,0,0,0
153,4.3157,0.2337,2,713,0,0,0
154,4.1597,0.2695,2,713,0,0,0
155,4.1267,0.3141,2,713,0,0,0
156,3.9135,0.2509,2,713,0,0,0
157,4.2612,0.3107,2,713,0,0,0
158,4.3164,0.378,2,713,0,0,0
159,4.4208,0.2284,2,713,0,0,0
160,3.6407,0.2444,2,713,0,0,0
161,4.1721,0.2083,2,713,0,0,0
162,4.3171,0.2657,2,713,0,0,0
163,4.244,0.2673,2,713,0,0,0
164,3.9315,0.2323,2,713,0,0,0
165,4.3462,0.3105,2,713,0,0,0
166,4.3661,0.2299,2,713,0,0,0
167,4.126,0.257,2,713,0,0,0
168,3.8235,0.2338,2,713,0,0,0
169,4.1666,0.2375,2,713,0,0,0
170,4.1951,0.4053,2,713,0,0,0
171,4.7052,0.2309,2,713,0,0,0
172,3.7693,0.33,2,713,0,0,0
173,4.0031,0.2107,2,713,0,0,0
174,4.3274,0.2783,2,713,0,0,0
175,4.3269,0.2522,2,713,0,0,0
176,4.1107,0.4186,2,713,0,0,0
177,4.164,0.3033,2,713,0,0,0
178,3.9621,0.4063,2,713,0,0,0
179,4.2528,0.2973,2,713,0,0,0
180,4.0244,0.2362,2,713,0,0,0
181,4.353,0.2358,2,713,0,0,0
182,4.2037,0.336,2,713,0,0,0
183,4.4645,0.3271,2,713,0,0,0
184,3.7783,0.3045,2,713,0,0,0
185,4.0371,0.231,2,713,0,0,0
186,4.1393,0.2414,2,713,0,0,0
187,4.3086,0.2297,2,713,0,0,0
188,4.0857,0.4074,2,713,0,0,0
189,4.3214,0.306,2,713,0,0,0
190,4.4389,0.3004,2,713,0,0,0
191,4.0393,0.3116,2,713,0,0,0
192,3.8353,0.2334,2,713,0,0,0
193,4.1691,0.2342,2,713,0,0,0
194,4.3246,0.2187,2,713,0,0,0
195,4.1207,0.3173,2,713,0,0,0
196,4.2568,0.8123,2,713,0,0,0
197,3.9908,0.216,2,713,0,0,0
198,4.3631,0.2725,2,713,0,0,0
199,4.0802,0.2665,2,713,0,0,0
200,4.066,0.2276,2,713,0,0,0
201,4.3632,0.3389,2,713,0,0,0
202,4.3067,0.5399,2,713,0,0,0
203,4.1769,0.3037,2,713,0,0,0
204,3.8439,0.2778,2,713,0,0,0
205,4.3512,0.2579,2,713,0,0,0
206,4.0903,0.4273,2,713,0,0,0
207,4.1718,0.2522,2,713,0,0,0
208,4.115,0.2637,2,713,0,0,0
209,4.1396,0.2863,2,713,0,0,0
210,4.1718,0.4012,2,713,0,0,0
211,4.3941,0.2567,2,713,0,0,0
212,4.076,0.2744,2,713,0,0,0
213,4.5268,0.4487,2,713,0,0,0
214,3.7452,0.3376,2,713,0,0,0
215,4.3054,0.338,2,713,0,0,0
216,3.9459,0.2878,2,713,0,0,0
217,4.5858,0.2848,2,713,0,0,0
218,4.0221,0.2887,2,713,0,0,0
219,4.1938,0.5122,2,713,0,0,0
220,3.9115,0.3152,2,713,0,0,0
221,4.1301,0.4434,2,713,0,0,0
222,4.5943,0.4353,2,713,0,0,0
223,3.8848,0.3143,2,713,0,0,0
224,4.3137,0.2489,2,713,0,0,0
225,4.0634,0.2462,2,713,0,0,0
226,4.0669,0.5186,2,713,0,0,0
227,4.7069,0.2684,2,713,0,0,0
228,3.5876,0.2762,2,713,0,0,0
229,4.2395,0.3206,2,713,0,0,0
230,4.3817,0.2884,2,713,0,0,0
231,4.0357,0.4981,2,713,0,0,0
232,4.0408,0.3702,2,713,0,0,0
233,4.175,0.5153,2,713,0,0,0
234,4.2316,0.3036,2,713,0,0,0
235,4.5681,0.3608,2,713,0,0,0
236,4.0152,0.5017,2,713,0,0,0
237,4.0332,0.2754,2,713,0,0,0
238,4.104,0.5096,2,713,0,0,0
239,4.4881,0.3994,2,713,0,0,0
240,3.7185,0.4817,2,713,0,0,0
241,4.1773,0.2818,2,713,0,0,0
242,4.1063,0.2816,2,713,0,0,0
243,4.3588,0.4181,2,713,0,0,0
244,3.9192,0.569,2,713,0,0,0
245,4.2079,0.517,2,713,0,0,0
246,4.1719,0.9274,2,713,0,0,0
247,4.2538,0.2739,2,713,0,0,0
248,4.4078,0.5086,2,713,0,0,0
249,4.0327,0.2435,2,713,0,0,0
250,3.952,0.2781,2,713,0,0,0
251,4.6945,0.3419,2,713,0,0,0
252,3.6568,0.2694,2,713,0,0,0
253,4.1601,0.2692,2,713,0,0,0
254,4.2071,0.3801,2,713,0,0,0
255,4.3531,0.9135,2,713,0,0,0
256,3.9809,0.4715,2,713,0,0,0
257,4.1201,0.3556,2,713,0,0,0
258,4.4317,0.4897,2,713,0,0,0
259,4.0228,0.5087,2,713,0,0,0
260,4.4485,0.6049,2,713,0,0,0
261,3.8686,0.5992,2,713,0,0,0
262,4.3492,0.2739,2,713,0,0,0
263,4.2447,0.5111,2,713,0,0,0
264,3.8931,0.5422,2,713,0,0,0
265,4.2764,0.306,2,713,0,0,0
266,4.4806,0.315,2,713,0,0,0
267,3.9035,0.3195,2,713,0,0,0
268,3.9775,0.44,2,713,0,0,0
269,4.1167,0.2697,2,713,0,0,0
270,4.2377,0.5061,2,713,0,0,0
271,4.3258,0.5013,2,713,0,0,0
272,4.4464,0.291,2,713,0,0,0
273,3.9814,0.5797,2,713,0,0,0
274,3.908,0.298,2,713,0,0,0
275,4.5148,0.3019,2,713,0,0,0
276,3.7656,0.3028,2,713,0,0,0
277,4.557,0.332,2,713,0,0,0
278,3.8047,0.3902,2,713,0,0,0
279,4.2989,0.2705,2,713,0,0,0
280,4.3401,0.2723,2,713,0,0,0
281,3.7755,0.2952,2,713,0,0,0
282,4.3742,0.2999,2,713,0,0,0
283,4.1604,0.346,2,713,0,0,0
284,4.251,0.4509,2,713,0,0,0
285,3.8649,0.2488,2,713,0,0,0
286,4.1884,0.2982,2,713,0,0,0
287,4.6251,0.2709,2,713,0,0,0
288,3.7364,0.2712,2,713,0,0,0
289,4.4259,0.339,2,713,0,0,0
290,3.8136,0.3035,2,713,0,0,0
291,4.8044,0.2436,2,713,0,0,0
292,3.9131,0.2298,2,713,0,0,0
293,3.7915,0.2313,2,713,0,0,0
294,4.3563,0.4208,2,713,0,0,0
295,4.1335,0.3072,2,713,0,0,0
296,4.0976,0.294,2,713,0,0,0
297,4.2393,0.3374,2,713,0,0,0
298,4.0222,0.2619,2,713,0,0,0
299,4.6462,0.2829,2,713,0,0,0
300,3.7072,0.2613,2,713,0,0,0
301,4.2126,0.3028,2,713,0,0,0
302,4.1388,0.3525,2,713,0,0,0
303,4.3239,0.4373,2,713,0,0,0
304,4.0473,0.5268,2,713,0,0,0
305,4.1469,0.2804,2,713,0,0,0
306,4.1523,0.3246,2,713,0,0,0
307,4.2939,0.431,2,713,0,0,0
308,4.0285,0.4863,2,713,0,0,0
309,4.1709,0.7204,2,713,0,0,0
310,4.1851,0.4841,2,713,0,0,0
311,4.3061,0.2873,2,713,0,0,0
312,4.0549,0.3019,2,713,0,0,0
313,4.2026,0.7187,2,713,0,0,0
314,4.1507,0.2755,2,713,0,0,0
315,4.2587,0.6357,2,713,0,0,0
316,4.0512,0.7446,2,713,0,0,0
317,4.1681,0.5128,2,713,0,0,0
318,4.1996,0.484,2,713,0,0,0
319,4.2299,0.5769,2,713,0,0,0
320,4.1023,0.4511,2,713,0,0,0
321,4.1346,0.9019,2,713,0,0,0
322,4.1607,0.2617,2,713,0,0,0
323,4.4707,0.4875,2,713,0,0,0
324,3.9105,0.4686,2,713,0,0,0
325,4.18,0.5033,2,713,0,0,0
326,4.1732,0.5977,2,713,0,0,0
327,4.3823,0.6755,2,713,0,0,0
328,3.92,0.2932,2,713,0,0,0
329,4.2365,0.4124,2,713,0,0,0
330,4.1385,0.5384,2,713,0,0,0
331,4.3401,0.851,2,713,0,0,0
332,3.9657,0.5206,2,713,0,0,0
333,4.17,0.6122,2,713,0,0,0
334,4.1546,0.5324,2,713,0,0,0
335,4.2668,0.8532,2,713,0,0,0
336,4.0492,0.4135,2,713,0,0,0
337,4.2037,0.4411,2,713,0,0,0
338,4.4183,1.0048,2,713,0,0,0
339,4.0924,0.4186,2,713,0,0,0
340,3.9738,0.5865,2,713,0,0,0
341,4.1673,0.3228,2,713,0,0,0
342,4.1421,0.7516,2,713,0,0,0
343,4.3435,0.8411,2,713,0,0,0
344,4.0048,0.5027,2,713,0,0,0
345,4.1795,0.8596,2,713,0,0,0
346,4.2027,0.6337,2,713,0,0,0
347,4.2513,0.8114,2,713,0,0,0
348,4.0647,0.8131,2,713,0,0,0
349,4.2058,0.4879,2,713,0,0,0
350,4.1301,0.7246,2,713,0,0,0
351,4.2579,0.468,2,713,0,0,0
352,4.0523,0.3997,2,713,0,0,0
353,4.136,0.6213,2,713,0,0,0
354,4.1983,0.497,2,713,0,0,0
355,4.2933,0.9021,2,713,0,0,0
356,4.0742,0.8034,2,713,0,0,0
357,4.1666,1.2248,2,713,0,0,0
358,4.1661,0.9441,2,713,0,0,0
359,4.3643,0.7717,2,713,0,0,0
360,3.946,1.0659,2,713,0,0,0
361,4.2949,0.8485,2,713,0,0,0
362,4.2891,0.2911,2,713,0,0,0
363,4.0237,0.5852,2,713,0,0,0
364,4.0425,0.2907,2,713,0,0,0
365,4.2335,1.0476,2,713,0,0,0
366,4.1208,0.3004,2,713,0,0,0
367,4.2572,0.8964,2,713,0,0,0
368,4.1174,0.9655,2,713,0,0,0
369,4.1003,0.8361,2,713,0,0,0
370,4.1858,0.5673,2,713,0,0,0
371,4.311,1.0693,2,713,0,0,0
372,4.0069,0.5873,2,713,0,0,0
373,4.2162,0.4126,2,713,0,0,0
374,4.1626,0.3645,2,713,0,0,0
375,4.267,0.2785,2,713,0,0,0
376,4.0658,0.5736,2,713,0,0,0
377,4.1702,0.4527,2,713,0,0,0
378,4.1612,0.3039,2,713,0,0,0
379,4.284,0.2762,2,713,0,0,0
380,3.9821,0.2934,2,713,0,0,0
381,4.2661,0.4462,2,713,0,0,0
382,4.269,0.571,2,713,0,0,0
383,4.58,0.4765,2,713,0,0,0
384,3.6485,0.516,2,713,0,0,0
385,4.6023,0.2941,2,713,0,0,0
386,3.718,0.3977,2,713,0,0,0
387,4.353,0.5089,2,713,0,0,0
388,3.9816,0.2709,2,713,0,0,0
389,4.1426,0.769,2,713,0,0,0
390,4.2084,0.5018,2,713,0,0,0
391,4.1972,0.3051,2,713,0,0,0
392,4.1265,0.4219,2,713,0,0,0
393,4.4821,0.7796,2,713,0,0,0
394,3.7952,0.3109,2,713,0,0,0
395,4.2813,0.2673,2,713,0,0,0
396,4.0197,0.2962,2,713,0,0,0
397,4.2006,0.2701,2,713,0,0,0
398,4.1991,0.3658,2,713,0,0,0
399,4.2714,0.6916,2,713,0,0,0
400,4.3607,0.5298,2,713,0,0,0
401,3.8504,0.2879,2,713,0,0,0
402,4.146,0.4531,2,713,0,0,0
403,4.3118,0.2938,2,713,0,0,0
404,4.0367,0.2723,2,713,0,0,0
405,4.6008,0.4088,2,713,0,0,0
406,4.0325,0.4772,2,713,0,0,0
407,4.0544,0.2914,2,713,0,0,0
408,4.1062,0.3157,2,713,0,0,0
409,4.072,0.3357,2,713,0,0,0
410,4.4853,0.3036,2,713,0,0,0
411,4.3215,0.3148,2,713,0,0,0
412,3.9506,0.3987,2,713,0,0,0
413,4.0975,0.5148,2,713,0,0,0
414,3.9892,0.6586,2,713,0,0,0
415,4.3116,0.9266,2,713,0,0,0
416,4.0486,0.657,2,713,0,0,0
417,4.0894,0.3247,2,713,0,0,0
418,4.1995,0.5933,2,713,0,0,0
419,4.2859,0.9024,2,713,0,0,0
420,4.0147,0.4356,2,713,0,0,0
421,4.2037,0.567,2,713,0,0,0
422,4.3371,0.8994,2,713,0,0,0
423,4.0575,0.6336,2,713,0,0,0
424,4.1009,0.591,2,713,0,0,0
425,4.1261,0.74,2,713,0,0,0
426,4.1751,0.9319,2,713,0,0,0
427,4.286,0.6758,2,713,0,0,0
428,4.0651,0.5551,2,713,0,0,0
429,4.1975,0.779,2,713,0,0,0
430,4.5082,0.8941,2,713,0,0,0
431,3.8994,0.9867,2,713,0,0,0
432,4.0554,0.9897,2,713,0,0,0
433,4.1776,0.7315,2,713,0,0,0
434,4.1905,1.3216,2,713,0,0,0
435,4.2353,0.6668,2,713,0,0,0
436,4.0987,0.9593,2,713,0,0,0
437,4.1528,0.7655,2,713,0,0,0
438,4.1523,0.7849,2,713,0,0,0
439,4.321,1.0096,2,713,0,0,0
440,4.0722,0.9546,2,713,0,0,0
441,4.1463,0.9795,2,713,0,0,0
442,4.0931,0.5225,2,713,0,0,0
443,4.3256,0.5199,2,713,0,0,0
444,4.1017,0.9483,2,713,0,0,0
445,4.1554,0.9573,2,713,0,0,0
446,4.1308,0.3272,2,713,0,0,0
447,4.2393,1.0441,2,713,0,0,0
448,4.0301,0.8837,2,713,0,0,0
449,4.1856,0.7204,2,713,0,0,0
450,4.2145,0.8354,2,713,0,0,0
451,4.2501,0.5458,2,713,0,0,0
452,4.0556,0.7562,2,713,0,0,0
453,4.1469,0.8092,2,713,0,0,0
454,4.1857,0.8453,2,713,0,0,0
455,4.2354,1.4713,2,713,0,0,0
456,4.8757,0.322,2,713,0,0,0
457,3.7628,0.5216,2,713,0,0,0
458,4.261,0.326,2,713,0,0,0
459,4.2328,0.2956,2,713,0,0,0
460,4.3484,0.2957,2,713,0,0,0
461,4.001,0.3981,2,713,0,0,0
462,3.984,0.2829,2,713,0,0,0
463,4.2948,0.3097,2,713,0,0,0
464,4.468,0.3098,2,713,0,0,0
465,4.8689,0.2747,2,713,0,0,0
466,3.3155,0.2721,2,713,0,0,0
467,4.3536,0.3525,2,713,0,0,0
468,4.1825,0.2869,2,713,0,0,0
469,3.683,0.2891,2,713,0,0,0
470,4.1702,0.387,2,713,0,0,0
471,4.6633,0.2875,2,713,0,0,0
472,3.6863,0.3471,2,713,0,0,0
473,4.1766,0.4425,2,713,0,0,0
474,4.2669,0.2872,2,713,0,0,0
475,4.149,0.2867,2,713,0,0,0
476,4.0506,0.2747,2,713,0,0,0
477,3.8659,0.2631,2,713,0,0,0
478,4.4162,0.4507,2,713,0,0,0
479,4.4514,0.3695,2,713,0,0,0
480,3.5447,0.2701,2,713,0,0,0
481,4.1664,0.2716,2,713,0,0,0
482,17.0907,0.2959,2,713,0,0,0
483,0.5925,0.309,2,713,0,0,0
484,5.1587,1.0017,2,713,0,0,0
485,3.0947,0.5816,2,713,0,0,0
486,3.6867,1.9048,2,713,0,0,0
487,4.0563,0.4781,2,713,0,0,0
488,4.2231,0.5172,2,713,0,0,0
489,4.6479,0.5605,2,713,0,0,0
490,3.617,0.3698,2,713,0,0,0
491,4.1694,0.4678,2,713,0,0,0
492,4.1366,0.3748,2,713,0,0,0
493,4.5545,0.4604,2,713,0,0,0
494,3.9232,0.4548,2,713,0,0,0
495,3.9449,0.4531,2,713,0,0,0
496,4.2643,0.3899,2,713,0,0,0
497,4.2939,0.5005,2,713,0,0,0
498,4.9615,0.4299,2,713,0,0,0
499,3.3023,0.4402,2,713,0,0,0
500,4.5207,0.3061,2,713,0,0,0
501,4.0458,0.4206,2,713,0,0,0
502,3.7706,0.4655,2,713,0,0,0
503,4.1911,0.3448,2,713,0,0,0
504,4.1403,0.4598,2,713,0,0,0
505,4.3675,0.645,2,713,0,0,0
506,3.9269,0.4374,2,713,0,0,0
507,4.2032,0.5355,2,713,0,0,0
508,4.124,0.4598,2,713,0,0,0
509,5.7458,0.2897,2,713,0,0,0
510,2.5999,0.4543,2,713,0,0,0
511,4.2927,0.4777,2,713,0,0,0
512,4.7408,0.3257,2,713,0,0,0
513,3.9923,0.3278,2,713,0,0,0
514,4.118,0.3065,2,713,0,0,0
515,4.3484,0.3191,2,713,0,0,0
516,4.3585,0.3196,2,713,0,0,0
517,4.1166,0.35,2,713,0,0,0
518,3.8213,0.3335,2,713,0,0,0
519,7.8692,0.5395,2,713,0,0,0
520,5.1458,0.2752,2,713,0,0,0
521,0.3291,0.2446,2,713,0,0,0
522,3.7361,0.3191,2,713,0,0,0
523,6.6933,0.5673,2,713,0,0,0
524,1.3494,0.6466,2,713,0,0,0
525,4.7165,0.2961,2,713,0,0,0
526,3.4627,0.3382,2,713,0,0,0
527,4.6389,0.2813,2,713,0,0,0
528,3.3625,0.4539,2,713,0,0,0
529,4.3955,0.6212,2,713,0,0,0
530,4.5518,0.2966,2,713,0,0,0
531,3.6623,0.2849,2,713,0,0,0
532,4.1584,0.3981,2,713,0,0,0
533,4.4049,0.3593,2,713,0,0,0
534,3.7908,0.5954,2,713,0,0,0
535,4.2179,0.4351,2,713,0,0,0
536,4.1807,0.4487,2,713,0,0,0
537,4.4866,0.4831,2,713,0,0,0
538,3.7486,0.3747,2,713,0,0,0
539,4.1678,0.5006,2,713,0,0,0
540,4.1994,0.62,2,713,0,0,0
541,4.6006,0.528,2,713,0,0,0
542,3.8427,1.103,2,713,0,0,0
543,4.027,0.4625,2,713,0,0,0
544,4.3777,0.5218,2,713,0,0,0
545,4.1271,0.4785,2,713,0,0,0
546,3.9759,0.4649,2,713,0,0,0
547,4.6429,0.5426,2,713,0,0,0
548,3.7071,0.3514,2,713,0,0,0
549,4.5968,0.4616,2,713,0,0,0
550,3.7477,0.4438,2,713,0,0,0
551,4.2464,0.6994,2,713,0,0,0
552,4.2508,0.3257,2,713,0,0,0
553,4.2928,0.5025,2,713,0,0,0
554,3.9488,0.4268,2,713,0,0,0
555,4.0824,0.4516,2,713,0,0,0
556,4.135,0.3838,2,713,0,0,0
557,4.9814,0.4647,2,713,0,0,0
558,3.5756,0.6102,2,713,0,0,0
559,4.0524,0.5604,2,713,0,0,0
560,4.1888,0.4889,2,713,0,0,0
561,4.3456,0.4312,2,713,0,0,0
562,3.8689,0.5104,2,713,0,0,0
563,4.2399,0.3903,2,713,0,0,0
564,4.174,0.5874,2,713,0,0,0
565,4.483,0.4715,2,713,0,0,0
566,3.8178,0.5465,2,713,0,0,0
567,4.1575,0.6748,2,713,0,0,0
568,4.1991,0.5768,2,713,0,0,0
569,4.1637,0.2892,2,713,0,0,0
570,3.9028,0.4924,2,713,0,0,0
571,4.1653,0.2553,2,713,0,0,0
572,4.1762,0.2698,2,713,0,0,0
573,4.3929,0.3097,2,713,0,0,0
574,3.9188,0.2873,2,713,0,0,0
575,4.1852,0.261,2,713,0,0,0
576,4.2274,0.2866,2,713,0,0,0
577,4.2346,0.4396,2,713,0,0,0
578,4.1004,0.3244,2,713,0,0,0
579,4.1165,0.3197,2,713,0,0,0
580,4.2019,0.2585,2,713,0,0,0
581,4.2737,0.402,2,713,0,0,0
582,4.2167,0.4747,2,713,0,0,0
583,4.0567,0.3466,2,713,0,0,0
584,4.0826,0.2628,2,713,0,0,0
585,4.3314,0.3164,2,713,0,0,0
586,4.0079,0.2969,2,713,0,0,0
587,4.4128,0.2615,2,713,0,0,0
588,4.1881,0.5838,2,713,0,0,0
589,4.0283,0.5523,2,713,0,0,0
590,4.0261,0.3103,2,713,0,0,0
591,4.1691,0.2821,2,713,0,0,0
592,4.2155,0.4438,2,713,0,0,0
593,4.3024,0.342,2,713,0,0,0
594,4.0796,0.3557,2,713,0,0,0
595,4.1059,0.52,2,713,0,0,0
596,4.2891,0.3266,2,713,0,0,0
597,4.1926,0.4271,2,713,0,0,0
598,3.995,0.2895,2,713,0,0,0
599,4.2135,0.2992,2,713,0,0,0
600,4.1582,0.2955,2,713,0,0,0
601,4.2752,0.4916,2,713,0,0,0
602,4.3371,0.4589,2,713,0,0,0
603,3.8585,0.2605,2,713,0,0,0
604,4.156,0.3315,2,713,0,0,0
605,4.2895,0.2826,2,713,0,0,0
606,4.2868,0.26,2,713,0,0,0
607,4.2614,0.3175,2,713,0,0,0
608,3.8943,0.3289,2,713,0,0,0
609,4.3165,0.3343,2,713,0,0,0
610,3.9965,0.4573,2,713,0,0,0
611,4.1269,0.2648,2,713,0,0,0
612,4.4268,0.3059,2,713,0,0,0
613,4.0407,0.4919,2,713,0,0,0
614,4.0882,0.4893,2,713,0,0,0
615,4.1037,0.442,2,713,0,0,0
616,4.2367,0.3299,2,713,0,0,0
617,4.1951,0.2613,2,713,0,0,0
618,4.1013,0.3112,2,713,0,0,0
619,4.2131,0.2948,2,713,0,0,0
620,4.3162,0.6958,2,713,0,0,0
621,4.4346,0.3373,2,713,0,0,0
622,3.6818,0.2665,2,713,0,0,0
623,4.1972,0.328,2,713,0,0,0
624,4.1362,0.288,2,713,0,0,0
625,4.285,0.2865,2,713,0,0,0
626,4.0298,0.2696,2,713,0,0,0
627,4.2272,0.4913,2,713,0,0,0
628,4.1137,0.2846,2,713,0,0,0
629,4.2757,0.2822,2,713,0,0,0
630,4.0774,0.3568,2,713,0,0,0
631,4.2376,0.2871,2,713,0,0,0
632,4.0824,0.2953,2,713,0,0,0
633,4.3024,0.4623,2,713,0,0,0
634,4.0103,0.2331,2,713,0,0,0
635,4.2667,0.3254,2,713,0,0,0
636,4.1328,0.3287,2,713,0,0,0
637,4.5101,0.2605,2,713,0,0,0
638,3.801,0.4679,2,713,0,0,0
639,4.1897,0.4935,2,713,0,0,0
640,4.1171,0.2969,2,713,0,0,0
641,4.2726,0.3814,2,713,0,0,0
642,4.4283,0.2754,2,713,0,0,0
643,3.7921,0.2598,2,713,0,0,0
644,4.233,0.4249,2,713,0,0,0
645,4.2107,0.4362,2,713,0,0,0
646,4.0818,0.2954,2,713,0,0,0
647,4.2398,0.3217,2,713,0,0,0
648,4.1323,0.3282,2,713,0,0,0
649,4.3011,0.3676,2,713,0,0,0
650,4.0606,0.5015,2,713,0,0,0
651,4.0935,0.2888,2,713,0,0,0
652,4.3063,0.4264,2,713,0,0,0
653,4.1863,0.2521,2,713,0,0,0
654,4.4254,0.3384,2,713,0,0,0
655,3.7671,0.3191,2,713,0,0,0
656,4.4269,0.2777,2,713,0,0,0
657,4.0896,0.295,2,713,0,0,0
658,3.9634,0.263,2,713,0,0,0
659,4.3789,0.3166,2,713,0,0,0
660,4.0076,0.3305,2,713,0,0,0
661,4.3334,0.3014,2,713,0,0,0
662,4.2391,0.3003,2,713,0,0,0
663,3.9047,0.2858,2,713,0,0,0
664,4.3256,0.4415,2,713,0,0,0
665,4.5649,0.2641,2,713,0,0,0
666,3.5878,0.2889,2,713,0,0,0
667,4.2464,0.2972,2,713,0,0,0
668,4.1902,0.3066,2,713,0,0,0
669,4.2677,0.2849,2,713,0,0,0
670,3.9576,0.2572,2,713,0,0,0
671,4.1892,0.2499,2,713,0,0,0
672,4.225,0.3249,2,713,0,0,0
673,4.2949,0.3497,2,713,0,0,0
674,4.2399,0.3007,2,713,0,0,0
675,3.97,0.5225,2,713,0,0,0
676,4.1408,0.2958,2,713,0,0,0
677,4.2645,0.3037,2,713,0,0,0
678,4.0611,0.2962,2,713,0,0,0
679,4.1887,0.3346,2,713,0,0,0
680,4.4831,0.2829,2,713,0,0,0
681,3.9172,0.3773,2,713,0,0,0
682,4.0573,0.2833,2,713,0,0,0
683,4.3417,0.6173,2,713,0,0,0
684,3.9743,0.2853,2,713,0,0,0
685,4.3681,0.381,2,713,0,0,0
686,4.2903,0.2685,2,713,0,0,0
687,3.8887,0.5223,2,713,0,0,0
688,4.1737,0.2952,2,713,0,0,0
689,4.3103,0.436,2,713,0,0,0
690,3.9791,0.2705,2,713,0,0,0
691,4.1968,0.3209,2,713,0,0,0
692,4.1954,0.39,2,713,0,0,0
693,4.2348,0.2831,2,713,0,0,0
694,4.016,0.2288,2,713,0,0,0
695,4.1883,0.2792,2,713,0,0,0
696,4.2432,0.5259,2,713,0,0,0
697,4.2488,0.2856,2,713,0,0,0
698,4.0387,0.325,2,713,0,0,0
699,4.1351,0.2951,2,713,0,0,0
700,4.4324,0.2336,2,713,0,0,0
701,4.0012,0.5128,2,713,0,0,0
702,4.3443,0.276,2,713,0,0,0
703,3.9648,0.3004,2,713,0,0,0
704,4.1711,0.324,2,713,0,0,0
705,4.3141,0.2931,2,713,0,0,0
706,3.9253,0.374,2,713,0,0,0
707,4.2131,0.4599,2,713,0,0,0
708,4.2317,0.2843,2,713,0,0,0
709,4.2628,0.3206,2,713,0,0,0
710,3.9727,0.2784,2,713,0,0,0
711,4.1846,0.2824,2,713,0,0,0
712,4.2127,0.2879,2,713,0,0,0
713,4.3305,0.3803,2,713,0,0,0
714,3.9631,0.3581,2,713,0,0,0
715,4.1952,0.2966,2,713,0,0,0
716,4.1557,0.5138,2,713,0,0,0
717,4.28,0.3601,2,713,0,0,0
718,4.0186,0.2803,2,713,0,0,0
719,4.2167,0.5013,2,713,0,0,0
720,4.2967,0.2618,2,713,0,0,0
721,4.1127,0.4549,2,713,0,0,0
722,4.4438,0.3906,2,713,0,0,0
723,3.7611,0.4351,2,713,0,0,0
724,4.5072,0.3122,2,713,0,0,0
725,3.9272,0.2581,2,713,0,0,0
726,4.271,0.2539,2,713,0,0,0
727,4.145,0.533,2,713,0,0,0
728,4.0403,0.4831,2,713,0,0,0
729,4.2925,0.3514,2,713,0,0,0
730,3.9787,0.3308,2,713,0,0,0
731,4.1667,0.3276,2,713,0,0,0
732,4.2417,0.3093,2,713,0,0,0
733,4.2442,0.5167,2,713,0,0,0
734,4.0939,0.297,2,713,0,0,0
735,4.0781,0.2611,2,713,0,0,0
736,4.2444,0.4602,2,713,0,0,0
737,4.2319,0.2885,2,713,0,0,0
738,4.028,0.279,2,713,0,0,0
739,4.2333,0.2591,2,713,0,0,0
740,4.115,0.2637,2,713,0,0,0
741,4.6942,0.2536,2,713,0,0,0
742,4.0944,0.2847,2,713,0,0,0
743,3.7964,0.3209,2,713,0,0,0
744,4.1518,0.2744,2,713,0,0,0
745,4.2622,0.2835,2,713,0,0,0
746,3.9956,0.4357,2,713,0,0,0
747,4.1771,0.4312,2,713,0,0,0
748,4.2206,0.2967,2,713,0,0,0
749,4.1955,0.281,2,713,0,0,0
750,4.1501,0.282,2,713,0,0,0
751,4.4048,0.432,2,713,0,0,0
752,3.9116,0.5133,2,713,0,0,0
753,4.3222,0.303,2,713,0,0,0
754,3.9468,0.3429,2,713,0,0,0
755,4.1932,0.2789,2,713,0,0,0
756,4.1474,0.2895,2,713,0,0,0
757,4.2669,0.2718,2,713,0,0,0
758,4.1743,0.4879,2,713,0,0,0
759,4.1363,0.3218,2,713,0,0,0
760,4.2042,0.3233,2,713,0,0,0
761,4.1859,0.3023,2,713,0,0,0
762,4.0868,0.535,2,713,0,0,0
763,4.1225,0.2807,2,713,0,0,0
764,4.432,0.4858,2,713,0,0,0
765,4.0266,0.4248,2,713,0,0,0
766,4.0367,0.2772,2,713,0,0,0
767,4.1795,0.291,2,713,0,0,0
768,4.2027,0.2972,2,713,0,0,0
769,4.3173,0.2983,2,713,0,0,0
770,3.9779,0.3148,2,713,0,0,0
771,4.2751,0.264,2,713,0,0,0
772,4.1312,0.2985,2,713,0,0,0
773,4.2293,0.3117,2,713,0,0,0
774,4.0742,0.4035,2,713,0,0,0
775,4.1859,0.2938,2,713,0,0,0
776,4.1516,0.4852,2,713,0,0,0
777,4.3255,0.4887,2,713,0,0,0
778,4.0092,0.4896,2,713,0,0,0
779,4.1487,0.2923,2,713,0,0,0
780,4.1902,0.3409,2,713,0,0,0
781,4.2559,0.2603,2,713,0,0,0
782,4.0716,0.4145,2,713,0,0,0
783,4.1291,0.2726,2,713,0,0,0
784,4.1561,0.4259,2,713,0,0,0
785,4.3819,0.4508,2,713,0,0,0
786,3.9057,0.2489,2,713,0,0,0
787,4.4395,0.275,2,713,0,0,0
788,4.2573,0.3098,2,713,0,0,0
789,3.9463,0.2838,2,713,0,0,0
790,4.1144,0.482,2,713,0,0,0
791,4.1684,0.2903,2,713,0,0,0
792,4.1885,0.2985,2,713,0,0,0
793,4.1966,0.3076,2,713,0,0,0
794,4.0557,0.2661,2,713,0,0,0
795,4.193,0.4198,2,713,0,0,0
796,4.2033,0.4119,2,713,0,0,0
797,4.2265,0.2834,2,713,0,0,0
798,4.1075,0.2989,2,713,0,0,0
799,4.1486,0.2633,2,713,0,0,0
800,4.2023,0.3206,2,713,0,0,0
801,4.2856,0.3257,2,713,0,0,0
802,3.9961,0.2595,2,713,0,0,0
803,4.2031,0.2537,2,713,0,0,0
804,4.1677,0.2603,2,713,0,0,0
805,4.6341,0.2596,2,713,0,0,0
806,3.9984,0.4104,2,713,0,0,0
807,3.8683,0.4844,2,713,0,0,0
808,4.2209,0.4817,2,713,0,0,0
809,4.5431,0.5492,2,713,0,0,0
810,3.6881,0.3125,2,713,0,0,0
811,4.2115,0.3186,2,713,0,0,0
812,4.109,0.2818,2,713,0,0,0
813,4.3382,0.2702,2,713,0,0,0
814,4.0471,0.4794,2,713,0,0,0
815,4.1264,0.2771,2,713,0,0,0
816,4.2751,0.3946,2,713,0,0,0
817,4.2987,0.349,2,713,0,0,0
818,3.9845,0.2936,2,713,0,0,0
819,4.1314,0.2583,2,713,0,0,0
820,4.1969,0.2929,2,713,0,0,0
821,4.2788,0.2826,2,713,0,0,0
822,4.0025,0.2623,2,713,0,0,0
823,4.2253,0.3388,2,713,0,0,0
824,4.1032,0.43,2,713,0,0,0
825,4.3389,0.3028,2,713,0,0,0
826,8.2349,0.2807,2,713,0,0,0
827,4.247,0.3283,2,713,0,0,0
828,4.3956,0.413,2,713,0,0,0
829,3.8089,0.2826,2,713,0,0,0
830,4.1589,0.2814,2,713,0,0,0
831,4.1971,0.3494,2,713,0,0,0
832,4.252,0.3844,2,713,0,0,0
833,4.0889,0.4802,2,713,0,0,0
834,4.2064,0.2583,2,713,0,0,0
835,4.0614,0.4238,2,713,0,0,0
836,4.7128,0.314,2,713,0,0,0
837,3.6444,0.3648,2,713,0,0,0
838,4.1567,0.4111,2,713,0,0,0
839,4.2509,0.4797,2,713,0,0,0
840,4.4276,0.3929,2,713,0,0,0
841,3.8713,0.3282,2,713,0,0,0
842,4.1325,0.4141,2,713,0,0,0
843,4.1665,0.2515,2,713,0,0,0
844,4.2776,0.2644,2,713,0,0,0
845,4.0669,0.4155,2,713,0,0,0
846,4.4989,0.4298,2,713,0,0,0
847,3.9046,0.3259,2,713,0,0,0
848,4.2655,0.299,2,713,0,0,0
849,3.9696,0.2604,2,713,0,0,0
850,4.2059,0.2972,2,713,0,0,0
851,4.188,0.2839,2,713,0,0,0
852,4.2042,0.2876,2,713,0,0,0
853,4.4306,0.2952,2,713,0,0,0
854,3.8058,0.2836,2,713,0,0,0
855,4.6007,0.2832,2,713,0,0,0
856,3.8907,0.2594,2,713,0,0,0
857,3.9844,0.4187,2,713,0,0,0
858,4.5368,0.5387,2,713,0,0,0
859,3.821,0.2796,2,713,0,0,0
860,4.7135,0.322,2,713,0,0,0
861,3.6786,0.4494,2,713,0,0,0
862,4.4525,0.4247,2,713,0,0,0
863,3.8325,0.2594,2,713,0,0,0
864,4.2484,0.5442,2,713,0,0,0
865,4.0873,0.2821,2,713,0,0,0
866,4.1384,0.2253,2,713,0,0,0
867,4.2075,0.294,2,713,0,0,0
868,4.2678,0.2852,2,713,0,0,0
869,4.1105,0.4867,2,713,0,0,0
870,4.1765,0.2638,2,713,0,0,0
871,4.1069,0.4286,2,713,0,0,0
872,4.3347,0.3226,2,713,0,0,0
873,8.1633,0.2766,2,713,0,0,0
874,4.17,0.2843,2,713,0,0,0
875,4.347,0.2886,2,713,0,0,0
876,3.9674,0.4679,2,713,0,0,0
877,4.4638,0.375,2,713,0,0,0
878,3.9226,0.2853,2,713,0,0,0
879,4.2317,0.3513,2,713,0,0,0
880,4.1479,0.3625,2,713,0,0,0
881,4.1271,0.2742,2,713,0,0,0
882,4.1242,0.4716,2,713,0,0,0
883,4.3122,0.2988,2,713,0,0,0
884,4.0189,0.2793,2,713,0,0,0
885,4.188,0.2541,2,713,0,0,0
886,4.2121,0.2952,2,713,0,0,0
887,4.2747,0.2876,2,713,0,0,0
888,4.0102,0.2838,2,713,0,0,0
889,4.2023,0.4781,2,713,0,0,0
890,4.105,0.2538,2,713,0,0,0
891,4.2776,0.3678,2,713,0,0,0
892,4.1109,0.3186,2,713,0,0,0
893,4.0979,0.2642,2,713,0,0,0
894,4.2503,0.4887,2,713,0,0,0
895,4.3942,0.2811,2,713,0,0,0
896,3.9287,0.4826,2,713,0,0,0
897,4.4786,0.2906,2,713,0,0,0
898,3.9265,0.3446,2,713,0,0,0
899,4.1674,0.2783,2,713,0,0,0
900,4.3618,0.2604,2,713,0,0,0
901,4.0285,0.5758,2,713,0,0,0
902,4.1081,0.2856,2,713,0,0,0
903,4.1639,0.3784,2,713,0,0,0
904,4.1031,0.4158,2,713,0,0,0
905,4.4535,0.3918,2,713,0,0,0
906,3.837,0.4989,2,713,0,0,0
907,4.3129,0.2866,2,713,0,0,0
908,4.0161,0.4316,2,713,0,0,0
909,4.1635,0.2874,2,713,0,0,0
910,4.2797,0.3041,2,713,0,0,0
911,4.2369,0.3061,2,713,0,0,0
912,4.0216,0.3826,2,713,0,0,0
913,4.1382,0.4241,2,713,0,0,0
914,4.2752,0.2785,2,713,0,0,0
915,4.1288,0.2865,2,713,0,0,0
916,4.1249,0.2965,2,713,0,0,0
917,4.1418,0.2528,2,713,0,0,0
918,4.2333,0.389,2,713,0,0,0
919,4.2393,0.2597,2,713,0,0,0
920,8.2964,0.33,2,713,0,0,0
921,4.1438,0.3206,2,713,0,0,0
922,4.2632,0.318,2,713,0,0,0
923,3.968,0.2952,2,713,0,0,0
924,4.1976,0.28,2,713,0,0,0
925,4.1597,0.4545,2,713,0,0,0
926,4.2668,0.3235,2,713,0,0,0
927,4.1113,0.3219,2,713,0,0,0
928,4.5838,0.2601,2,713,0,0,0
929,3.6645,0.2654,2,713,0,0,0
930,4.3606,0.2806,2,713,0,0,0
931,4.3795,0.2865,2,713,0,0,0
932,3.7848,0.613,2,713,0,0,0
933,4.4977,0.2858,2,713,0,0,0
934,4.0135,0.3964,2,713,0,0,0
935,4.0083,0.259,2,713,0,0,0
936,4.2073,0.4811,2,713,0,0,0
937,4.1812,0.4131,2,713,0,0,0
938,4.1862,0.2345,2,713,0,0,0
939,4.0926,0.2598,2,713,0,0,0
940,4.5377,0.247,2,713,0,0,0
941,3.8211,0.2372,2,713,0,0,0
942,4.3311,0.272,2,713,0,0,0
943,3.9735,0.2779,2,713,0,0,0
944,4.2003,0.4304,2,713,0,0,0
945,4.1792,0.3241,2,713,0,0,0
946,4.2964,0.3188,2,713,0,0,0
947,4.5505,0.489,2,713,0,0,0
948,3.6365,0.253,2,713,0,0,0
949,4.1534,0.2846,2,713,0,0,0
950,4.4729,0.2291,2,713,0,0,0
951,3.956,0.2876,2,713,0,0,0
952,4.3372,0.2301,2,713,0,0,0
953,3.8771,0.2451,2,713,0,0,0
954,4.2478,0.2242,2,713,0,0,0
955,4.0933,0.3725,2,713,0,0,0
956,4.1632,0.339,2,713,0,0,0
957,4.3849,0.2712,2,713,0,0,0
958,4.4922,0.2442,2,713,0,0,0
959,3.6706,0.2813,2,713,0,0,0
960,4.1102,0.1966,2,713,0,0,0
961,4.1719,0.2457,2,713,0,0,0
962,8.3944,0.2271,2,713,0,0,0
963,4.162,0.3002,2,713,0,0,0
964,4.6218,0.2498,2,713,0,0,0
965,3.8139,0.255,2,713,0,0,0
966,4.0102,0.2424,2,713,0,0,0
967,4.3731,0.355,2,713,0,0,0
968,4.0557,0.2934,2,713,0,0,0
969,4.6168,0.2304,2,713,0,0,0
970,3.6684,0.283,2,713,0,0,0
971,4.1168,0.238,2,713,0,0,0
972,4.2656,0.27,2,713,0,0,0
973,4.2345,0.3489,2,713,0,0,0
974,4.1661,0.2437,2,713,0,0,0
975,4.0778,0.5652,2,713,0,0,0
976,4.3994,0.2908,2,713,0,0,0
977,4.0709,0.2829,2,713,0,0,0
978,3.9646,0.2493,2,713,0,0,0
979,4.4419,0.2284,2,713,0,0,0
980,3.8965,0.2612,2,713,0,0,0
981,4.4506,0.3274,2,713,0,0,0
982,3.9475,0.2425,2,713,0,0,0
983,4.1095,0.2279,2,713,0,0,0
984,4.6324,0.3398,2,713,0,0,0
985,7.9639,0.2228,2,713,0,0,0
986,4.0998,0.4589,2,713,0,0,0
987,4.1391,0.2194,2,713,0,0,0
988,4.3013,0.2571,2,713,0,0,0
989,4.0914,0.3511,2,713,0,0,0
990,4.1529,0.2773,2,713,0,0,0
991,4.1656,0.2568,2,713,0,0,0
992,4.2767,0.2449,2,713,0,0,0
993,4.0454,0.2462,2,713,0,0,0
994,4.137,0.3261,2,713,0,0,0
995,4.5371,0.1931,2,713,0,0,0
996,3.9225,0.2584,2,713,0,0,0
997,4.2784,0.2231,2,713,0,0,0
998,3.9492,0.2529,2,713,0,0,0
999,4.1352,0.3631,2,713,0,0,0
1000,4.3334,0.2893,2,713,0,0,0
1001,4.0548,0.3934,2,713,0,0,0
1002,4.4571,0.3512,2,713,0,0,0
1003,3.8865,0.2419,2,713,0,0,0
1004,4.2597,0.2495,2,713,0,0,0
1005,4.1211,0.3993,2,713,0,0,0
1006,4.4542,0.6635,13,713,0,0,1
1007,3.8429,0.3467,13,713,0,0,1
1008,8.3349,0.3282,13,713,0,0,1
1009,4.1393,0.2546,13,713,0,0,1
1010,4.2341,0.4898,13,713,0,0,1
1011,4.2177,0.3034,13,713,0,0,1
1012,4.0097,0.2707,13,713,0,0,1
1013,4.2437,0.3043,13,713,0,0,1
1014,4.1349,0.3034,13,713,0,0,1
1015,4.2852,0.2399,13,713,0,0,1
1016,4.0704,0.4549,13,713,0,0,1
1017,4.1558,0.6161,13,713,0,0,1
1018,4.1913,0.5345,13,713,0,0,1
1019,4.2336,0.3731,13,713,0,0,1
1020,4.3143,0.2663,13,713,0,0,1
1021,3.94,0.36,13,713,0,0,1
1022,4.1123,0.2616,13,713,0,0,1
1023,4.258,0.3986,13,713,0,0,1
1024,4.0523,0.3907,13,713,0,0,1
1025,4.1919,0.2284,13,713,0,0,1
1026,4.2028,0.4321,13,713,0,0,1
1027,4.2979,0.2423,13,713,0,0,1
1028,3.9696,0.3302,13,713,0,0,1
1029,4.1758,0.5583,13,713,0,0,1
1030,4.535,0.3447,13,713,0,0,1
1031,7.9888,0.2748,13,713,0,0,1
1032,4.2073,0.2942,13,713,0,0,1
1033,4.1219,0.265,13,713,0,0,1
1034,4.3004,0.2619,13,713,0,0,1
1035,4.063,0.4456,13,713,0,0,1
1036,4.2058,0.3285,13,713,0,0,1
1037,4.1442,0.2815,13,713,0,0,1
1038,4.201,0.2432,13,713,0,0,1
1039,4.0881,0.3156,13,713,0,0,1
1040,4.2132,0.4945,13,713,0,0,1
1041,4.2032,0.3847,13,713,0,0,1
1042,4.2251,0.2805,13,713,0,0,1
1043,4.0705,0.2889,13,713,0,0,1
1044,4.403,0.3859,15,713,0,0,1
1045,3.8658,0.242,15,713,0,0,1
1046,4.3056,0.2691,15,713,0,0,1
1047,4.0895,0.4447,15,713,0,0,1
1048,4.1781,0.3134,15,713,0,0,1
1049,4.1454,0.3041,15,713,0,0,1
1050,4.3003,0.2931,15,713,0,0,1
1051,4.0523,0.3282,15,713,0,0,1
1052,4.1372,0.2693,15,713,0,0,1
1053,4.175,0.3845,15,713,0,0,1
1054,4.2524,0.2624,15,713,0,0,1
1055,4.0255,0.2674,15,713,0,0,1
1056,4.1812,0.2683,15,713,0,0,1
1057,4.5126,0.2665,15,713,0,0,1
1058,3.9996,0.2553,15,713,0,0,1
1059,3.9733,0.2688,15,713,0,0,1
1060,4.2079,0.4017,15,713,0,0,1
1061,4.1864,0.3084,15,713,0,0,1
1062,4.2863,0.2978,15,713,0,0,1
1063,4.0634,0.398,15,713,0,0,1
1064,4.1104,0.2797,15,713,0,0,1
1065,4.5308,0.3022,15,713,0,0,1
1066,4.3212,0.4985,15,713,0,0,1
1067,3.7309,0.4188,15,713,0,0,1
1068,4.0999,0.2312,15,713,0,0,1
1069,4.1093,0.2031,15,713,0,0,1
1070,4.3108,0.2623,15,713,0,0,1
1071,4.0794,0.453,15,713,0,0,1
1072,4.2441,0.4563,15,713,0,0,1
1073,4.1298,0.2753,15,713,0,0,1
1074,4.2713,0.3005,15,713,0,0,1
1075,4.0336,0.4287,15,713,0,0,1
1076,4.1542,0.2665,15,713,0,0,1
1077,4.3604,0.3555,15,713,0,0,1
1078,4.0874,0.2737,15,713,0,0,1
1079,4.1586,0.4097,15,713,0,0,1
1080,4.0955,0.3068,15,713,0,0,1
1081,4.5649,0.2482,15,713,0,0,1
1082,3.8917,0.2815,15,713,0,0,1
1083,4.018,0.2664,15,713,0,0,1
1084,4.2281,0.2669,15,713,0,0,1
1085,4.0612,0.2644,15,713,0,0,1
1086,4.3485,0.2889,15,713,0,0,1
1087,4.0441,0.3059,15,713,0,0,1
1088,4.153,0.271,15,713,0,0,1
1089,4.473,0.3448,10,713,0,0,1
1090,4.0123,0.3992,10,713,0,0,1
1091,4.0659,0.4394,10,713,0,0,1
1092,4.1959,0.2342,10,713,0,0,1
1093,4.4476,0.2345,10,713,0,0,1
1094,3.9272,0.3049,10,713,0,0,1
1095,4.0288,0.2609,10,713,0,0,1
1096,4.3349,0.4024,10,713,0,0,1
1097,4.0318,0.2657,10,713,0,0,1
1098,4.4064,0.3008,10,713,0,0,1
1099,3.8728,0.2402,10,713,0,0,1
1100,4.1883,0.2738,10,713,0,0,1
1101,4.2035,0.3021,10,713,0,0,1
1102,8.5039,0.242,10,713,0,0,1
1103,4.1915,0.4557,10,713,0,0,1
1104,4.1695,0.3403,10,713,0,0,1
1105,4.0769,0.2976,10,713,0,0,1
1106,4.0251,0.3046,10,713,0,0,1
1107,4.2206,0.3039,10,713,0,0,1
1108,4.159,0.2686,10,713,0,0,1
1109,4.3313,0.3952,10,713,0,0,1
1110,4.0044,0.2334,10,713,0,0,1
1111,4.1211,0.332,10,713,0,0,1
1112,4.4993,0.3806,10,713,0,0,1
1113,3.9748,0.3457,10,713,0,0,1
1114,4.0624,0.4474,10,713,0,0,1
1115,4.2139,0.3444,10,713,0,0,1
1116,4.3558,0.3618,10,713,0,0,1
1117,4.0334,0.3037,10,713,0,0,1
1118,4.0282,0.2547,10,713,0,0,1
1119,4.1744,0.2331,10,713,0,0,1
1120,4.2077,0.277,10,713,0,0,1
1121,4.2738,0.293,10,713,0,0,1
1122,4.2137,0.5013,10,713,0,0,1
1123,4.0244,0.4515,10,713,0,0,1
1124,4.4705,0.2612,10,713,0,0,1
1125,7.9859,0.2629,10,713,0,0,1
1126,4.2045,0.2823,10,713,0,0,1
1127,4.1571,0.4385,10,713,0,0,1
1128,4.28,0.2765,10,713,0,0,1
1129,4.2573,0.3614,15,713,0,0,1
1130,4.3468,0.2758,15,713,0,0,1
1131,3.7896,0.2921,15,713,0,0,1
1132,4.4854,0.2587,15,713,0,0,1
1133,3.9927,0.4966,15,713,0,0,1
1134,4.0195,0.3135,15,713,0,0,1
1135,4.1708,0.3142,15,713,0,0,1
1136,4.2616,0.2838,15,713,0,0,1
1137,3.9917,0.2717,15,713,0,0,1
1138,4.4741,0.2735,15,713,0,0,1
1139,3.9087,0.2629,15,713,0,0,1
1140,4.5702,0.4587,15,713,0,0,1
1141,3.7881,0.4478,15,713,0,0,1
1142,4.2006,0.3136,15,713,0,0,1
1143,4.1677,0.3146,15,713,0,0,1
1144,4.1924,0.3508,15,713,0,0,1
1145,4.1182,0.4536,15,713,0,0,1
1146,4.1656,0.4777,15,713,0,0,1
1147,4.1239,0.2655,15,713,0,0,1
1148,4.2592,0.2732,15,713,0,0,1
1149,4.096,0.3065,15,713,0,0,1
1150,4.5069,0.2935,15,713,0,0,1
1151,4.0175,0.2638,15,713,0,0,1
1152,4.0618,0.4742,15,713,0,0,1
1153,4.0813,0.2723,15,713,0,0,1
1154,4.2107,0.4085,15,713,0,0,1
1155,4.114,0.2374,15,713,0,0,1
1156,4.3121,0.2832,15,713,0,0,1
1157,4.0248,0.4088,15,713,0,0,1
1158,4.207,0.4615,15,713,0,0,1
1159,4.1622,0.2969,15,713,0,0,1
1160,4.2282,0.3536,15,713,0,0,1
1161,4.4082,0.2424,15,713,0,0,1
1162,3.8626,0.3385,15,713,0,0,1
1163,4.098,0.2707,15,713,0,0,1
1164,4.2737,0.2724,15,713,0,0,1
1165,4.4543,0.4067,24,713,0,0,1
1166,3.8785,0.342,24,713,0,0,1
1167,4.1501,0.3319,24,713,0,0,1
1168,4.2726,0.2854,24,713,0,0,1
1169,4.0345,0.3546,24,713,0,0,1
1170,4.1264,0.5035,24,713,0,0,1
1171,4.1663,0.3999,24,713,0,0,1
1172,8.4064,0.3165,24,713,0,0,1
1173,4.1941,0.3227,24,713,0,0,1
1174,4.0553,0.2639,24,713,0,0,1
1175,4.3069,0.335,24,713,0,0,1
1176,4.0367,0.2684,24,713,0,0,1
1177,4.2222,0.2743,24,713,0,0,1
1178,4.1865,0.332,24,713,0,0,1
1179,4.2729,0.2979,24,713,0,0,1
1180,4.0133,0.2469,24,713,0,0,1
1181,4.1166,0.4171,24,713,0,0,1
1182,4.4555,0.4547,24,713,0,0,1
1183,4.0176,0.2763,24,713,0,0,1
1184,4.0707,0.3075,24,713,0,0,1
1185,4.1184,0.5052,24,713,0,0,1
1186,4.4325,0.3332,24,713,0,0,1
1187,4.4302,0.4592,24,713,0,0,1
1188,3.7023,0.4524,24,713,0,0,1
1189,4.1333,0.4472,24,713,0,0,1
1190,4.2311,0.3259,24,713,0,0,1
1191,4.2588,0.2988,24,713,0,0,1
1192,4.0135,0.2499,24,713,0,0,1
1193,4.1612,0.2938,24,713,0,0,1
1194,4.1715,0.3613,24,713,0,0,1
1195,8.3979,0.2775,24,713,0,0,1
1196,4.075,0.5224,24,713,0,0,1
1197,4.5452,0.283,24,713,0,0,1
1198,4.1529,0.2629,24,713,0,0,1
1199,3.7759,0.2758,24,713,0,0,1
1200,4.6513,0.5778,29,713,0,0,1
1201,4.4753,0.3782,29,713,0,0,1
1202,3.6015,0.4517,29,713,0,0,1
1203,3.9964,0.2666,29,713,0,0,1
1204,4.2013,0.4824,29,713,0,0,1
1205,4.338,0.4007,29,713,0,0,1
1206,4.1771,0.3787,29,713,0,0,1
1207,3.9601,0.4279,29,713,0,0,1
1208,4.1627,0.3611,29,713,0,0,1
1209,4.5853,0.2776,29,713,0,0,1
1210,3.8675,0.3036,29,713,0,0,1
1211,4.0314,0.3922,29,713,0,0,1
1212,4.3777,0.3906,29,713,0,0,1
1213,4.0706,0.4592,29,713,0,0,1
1214,4.2605,0.3154,29,713,0,0,1
1215,4.0034,0.3234,29,713,0,0,1
1216,4.1587,0.4593,29,713,0,0,1
1217,4.3948,0.4054,29,713,0,0,1
1218,3.987,0.2788,29,713,0,0,1
1219,4.12,0.4517,29,713,0,0,1
1220,4.159,0.2576,29,713,0,0,1
1221,4.9506,0.3492,29,713,0,0,1
1222,3.5628,0.3065,29,713,0,0,1
1223,4.002,0.3851,29,713,0,0,1
1224,4.1747,0.4204,29,713,0,0,1
1225,4.1578,0.229,29,713,0,0,1
1226,4.397,0.316,29,713,0,0,1
1227,3.964,0.3096,29,713,0,0,1
1228,4.6752,0.2796,29,713,0,0,1
1229,3.6508,0.3027,29,713,0,0,1
1230,4.1847,0.3483,29,713,0,0,1
1231,4.1499,0.4632,29,713,0,0,1
1232,4.2133,0.4569,29,713,0,0,1
1233,4.0431,0.3877,29,713,0,0,1
1234,4.497,0.4116,33,713,0,0,1
1235,4.0584,0.2835,33,713,0,0,1
1236,4.2188,0.458,33,713,0,0,1
1237,3.8887,0.2478,33,713,0,0,1
1238,4.4062,0.7231,33,713,0,0,1
1239,4.1392,0.3292,33,713,0,0,1
1240,4.021,0.4916,33,713,0,0,1
1241,4.1917,0.3136,33,713,0,0,1
1242,4.2138,0.2735,33,713,0,0,1
1243,4.0968,0.4214,33,713,0,0,1
1244,4.184,0.4031,33,713,0,0,1
1245,4.121,0.3056,33,713,0,0,1
1246,4.3337,0.3174,33,713,0,0,1
1247,3.94,0.2694,33,713,0,0,1
1248,4.2071,0.2662,33,713,0,0,1
1249,4.2148,0.2584,33,713,0,0,1
1250,4.2775,0.2695,33,713,0,0,1
1251,4.0169,0.4072,33,713,0,0,1
1252,4.1526,0.4796,33,713,0,0,1
1253,4.2163,0.313,33,713,0,0,1
1254,4.2297,0.2865,33,713,0,0,1
1255,4.0795,0.2798,33,713,0,0,1
1256,4.6872,0.5281,33,713,0,0,1
1257,4.0472,0.4997,33,713,0,0,1
1258,3.8936,0.2388,33,713,0,0,1
1259,4.0375,0.2769,33,713,0,0,1
1260,4.2538,1.1721,33,713,0,0,1
1261,4.3321,0.3697,33,713,0,0,1
1262,4.0529,0.2984,33,713,0,0,1
1263,4.0553,0.4679,33,713,0,0,1
1264,4.1573,0.2701,33,713,0,0,1
1265,4.1901,0.2307,33,713,0,0,1
1266,4.2681,0.3179,33,713,0,0,1
1267,4.061,0.3047,33,713,0,0,1
1268,4.4373,0.3141,33,713,0,0,1
1269,3.8866,0.4489,33,713,0,0,1
1270,4.2948,0.3195,33,713,0,0,1
1271,3.9856,0.2351,33,713,0,0,1
1272,4.2437,0.2597,33,713,0,0,1
1273,4.0966,0.3409,33,713,0,0,1
1274,4.5488,0.3377,33,713,0,0,1
1275,3.8512,0.2742,33,713,0,0,1
1276,4.166,0.4714,33,713,0,0,1
1277,4.1552,0.3182,33,713,0,0,1
1278,4.2622,0.2957,33,713,0,0,1
1279,4.0638,0.2789,33,713,0,0,1
1280,4.4136,0.3228,33,713,0,0,1
1281,3.8881,0.4795,33,713,0,0,1
1282,4.2697,0.4808,33,713,0,0,1
1283,4.0658,0.2716,33,713,0,0,1
1284,4.2349,0.3617,33,713,0,0,1
1285,4.1649,0.341,33,713,0,0,1
1286,4.2814,0.3481,33,713,0,0,1
1287,4.0363,0.4218,33,713,0,0,1
1288,4.1296,0.3653,33,713,0,0,1
1289,4.1894,0.3156,33,713,0,0,1
1290,4.2457,0.2869,33,713,0,0,1
1291,4.0904,0.3046,33,713,0,0,1
1292,4.1428,0.346,33,713,0,0,1
1293,4.4581,0.2639,33,713,0,0,1
1294,3.9388,0.2678,33,713,0,0,1
1295,4.0984,0.2739,33,713,0,0,1
1296,4.1986,0.4593,33,713,0,0,1
1297,4.1737,0.3213,33,713,0,0,1
1298,4.5531,0.2784,33,713,0,0,1
1299,3.7723,0.3462,33,713,0,0,1
1300,4.1589,0.2375,33,713,0,0,1
1301,4.1874,0.2777,33,713,0,0,1
1302,4.2576,0.3529,33,713,0,0,1
1303,4.0896,0.3121,33,713,0,0,1
1304,4.4711,0.308,33,713,0,0,1
1305,4.0891,0.2812,33,713,0,0,1
1306,3.9823,0.281,33,713,0,0,1
1307,4.0702,0.2729,33,713,0,0,1
1308,4.193,0.3365,33,713,0,0,1
1309,4.1977,0.3258,33,713,0,0,1
1310,4.3164,0.313,33,713,0,0,1
1311,3.9885,0.2988,33,713,0,0,1
1312,4.1755,0.3504,33,713,0,0,1
1313,4.1551,0.4373,33,713,0,0,1
1314,4.2661,0.271,33,713,0,0,1
1315,4.0278,0.2627,33,713,0,0,1
1316,4.184,0.2866,33,713,0,0,1
1317,4.2301,0.3148,33,713,0,0,1
1318,4.517,0.4409,33,713,0,0,1
1319,3.7416,0.4021,33,713,0,0,1
1320,4.2469,0.4824,33,713,0,0,1
1321,4.1516,0.3291,33,713,0,0,1
1322,4.2421,0.2815,33,713,0,0,1
1323,4.0544,0.5289,33,713,0,0,1
1324,4.1203,0.4674,33,713,0,0,1
1325,4.1564,0.6397,63,713,0,0,1
1326,4.4543,0.2464,63,713,0,0,1
1327,3.9124,0.361,63,713,0,0,1
1328,4.3969,0.3821,63,713,0,0,1
1329,4.0251,0.4036,63,713,0,0,1
1330,4.2477,0.3244,63,713,0,0,1
1331,4.0376,0.4612,63,713,0,0,1
1332,4.2393,0.4819,63,713,0,0,1
1333,4.0575,0.3801,63,713,0,0,1
1334,4.3347,0.3308,63,713,0,0,1
1335,4.0471,0.3979,63,713,0,0,1
1336,4.1224,0.4152,63,713,0,0,1
1337,4.1137,0.2596,63,713,0,0,1
1338,4.2822,0.2923,63,713,0,0,1
1339,4.2734,0.3764,63,713,0,0,1
1340,3.9884,0.274,63,713,0,0,1
1341,4.1651,0.4423,63,713,0,0,1
1342,4.3434,0.3172,63,713,0,0,1
1343,3.9841,0.3913,63,713,0,0,1
1344,4.1716,0.3929,63,713,0,0,1
1345,4.2188,0.3044,63,713,0,0,1
1346,4.2824,0.288,63,713,0,0,1
1347,4.4008,0.3178,63,713,0,0,1
1348,3.8131,0.4777,63,713,0,0,1
1349,4.1363,0.2544,63,713,0,0,1
1350,4.2487,0.3242,63,713,0,0,1
1351,4.1622,0.4366,63,713,0,0,1
1352,4.2076,0.3416,63,713,0,0,1
1353,4.0689,0.3224,63,713,0,0,1
1354,4.5882,0.3723,63,713,0,0,1
1355,3.7087,0.2918,63,713,0,0,1
1356,4.2195,0.4807,63,713,0,0,1
1357,4.19,0.3084,63,713,0,0,1
1358,4.2704,0.5614,63,713,0,0,1
1359,3.9783,0.5128,63,713,0,0,1
1360,4.164,0.4173,63,713,0,0,1
1361,4.1439,0.3211,63,713,0,0,1
1362,8.4299,0.3005,63,713,0,0,1
1363,4.2306,0.5244,63,713,0,0,1
1364,4.0973,0.3412,63,713,0,0,1
1365,4.2808,0.45,63,713,0,0,1
1366,3.9741,0.2967,63,713,0,0,1
1367,4.2155,0.4376,63,713,0,0,1
1368,4.2321,0.2841,63,713,0,0,1
1369,4.3471,0.4619,63,713,0,0,1
1370,3.9513,0.3432,63,713,0,0,1
1371,4.1724,0.4943,63,713,0,0,1
1372,4.1269,0.2382,63,713,0,0,1
1373,4.2966,0.3777,63,713,0,0,1
1374,4.2648,0.4868,63,713,0,0,1
1375,3.9495,0.3184,63,713,0,0,1
1376,4.2428,0.5328,63,713,0,0,1
1377,4.223,0.3284,63,713,0,0,1
1378,4.0682,0.4904,63,713,0,0,1
1379,4.0982,0.3118,63,713,0,0,1
1380,4.2448,0.3095,63,713,0,0,1
1381,4.2615,0.2889,63,713,0,0,1
1382,4.0451,0.3019,63,713,0,0,1
1383,4.1166,0.4433,63,713,0,0,1
1384,4.1834,0.2969,63,713,0,0,1
1385,4.2333,0.2932,63,713,0,0,1
1386,4.098,0.2456,63,713,0,0,1
1387,4.173,0.4576,63,713,0,0,1
1388,4.2851,0.38,63,713,0,0,1
1389,4.1665,0.5309,63,713,0,0,1
1390,4.0401,0.2854,63,713,0,0,1
1391,4.5637,0.3066,63,713,0,0,1
1392,4.0418,0.3023,63,713,0,0,1
1393,3.9848,0.3012,63,713,0,0,1
1394,4.1668,0.3856,63,713,0,0,1
1395,4.1303,0.4762,63,713,0,0,1
1396,4.1712,0.4896,63,713,0,0,1
1397,4.2236,0.3391,63,713,0,0,1
1398,4.1178,0.3339,63,713,0,0,1
1399,4.272,0.3066,63,713,0,0,1
1400,4.1487,0.4823,63,713,0,0,1
1401,4.3778,0.4607,63,713,0,0,1
1402,3.8069,0.298,63,713,0,0,1
1403,4.24,0.3475,63,713,0,0,1
1404,4.1863,0.3329,63,713,0,0,1
1405,4.2382,0.2928,63,713,0,0,1
1406,4.0874,0.4908,63,713,0,0,1
1407,4.2335,0.5924,63,713,0,0,1
1408,4.0485,0.3415,63,713,0,0,1
1409,4.2335,0.3353,63,713,0,0,1
1410,4.0975,0.3404,63,713,0,0,1
1411,4.195,0.3195,63,713,0,0,1
1412,4.1863,0.2937,63,713,0,0,1
1413,4.3972,0.3991,63,713,0,0,1
1414,3.8265,0.2988,63,713,0,0,1
1415,4.5399,0.541,93,713,0,0,1
1416,3.9105,0.3705,93,713,0,0,1
1417,4.2744,0.5672,93,713,0,0,1
1418,4.0327,0.4741,93,713,0,0,1
1419,4.1424,0.5607,93,713,0,0,1
1420,4.1615,0.359,93,713,0,0,1
1421,4.2878,0.3726,93,713,0,0,1
1422,4.0699,0.366,93,713,0,0,1
1423,4.1032,0.442,93,713,0,0,1
1424,4.2291,0.2566,93,713,0,0,1
1425,4.2615,0.6921,93,713,0,0,1
1426,4.0826,0.5123,93,713,0,0,1
1427,4.4261,0.4451,93,713,0,0,1
1428,3.9197,0.4229,93,713,0,0,1
1429,4.2581,0.5998,93,713,0,0,1
1430,4.0684,0.5617,93,713,0,0,1
1431,4.16,0.5015,93,713,0,0,1
1432,4.1914,0.5647,93,713,0,0,1
1433,4.2432,0.3077,93,713,0,0,1
1434,4.4145,0.3392,93,713,0,0,1
1435,3.8176,0.3662,92,713,0,0,1
1436,4.2263,0.5151,92,713,0,0,1
1437,4.1909,0.3115,92,713,0,0,1
1438,4.0587,0.2865,92,713,0,0,1
1439,4.1854,0.3979,92,713,0,0,1
1440,4.2294,0.3221,92,713,0,0,1
1441,4.1424,0.2984,92,713,0,0,1
1442,4.3827,0.3237,92,713,0,0,1
1443,3.9091,0.5225,92,713,0,0,1
1444,4.2344,0.285,92,713,0,0,1
1445,4.2218,0.4289,92,713,0,0,1
1446,4.0411,0.5183,92,713,0,0,1
1447,4.6161,0.3856,37,713,0,0,1
1448,3.9646,0.2834,37,713,0,0,1
1449,3.968,0.2844,37,713,0,0,1
1450,4.1324,0.4636,37,713,0,0,1
1451,4.5548,0.4321,37,713,0,0,1
1452,3.7831,0.2726,37,713,0,0,1
1453,4.6073,0.2919,37,713,0,0,1
1454,3.7415,0.33,37,713,0,0,1
1455,4.141,0.3436,37,713,0,0,1
1456,4.3434,0.2665,37,713,0,0,1
1457,4.009,0.2877,37,713,0,0,1
1458,4.1495,0.3247,37,713,0,0,1
1459,4.134,0.335,37,713,0,0,1
1460,4.2345,0.3133,37,713,0,0,1
1461,4.2345,0.2931,37,713,0,0,1
1462,4.0248,0.4792,37,713,0,0,1
1463,4.5854,0.3251,37,713,0,0,1
1464,4.0437,0.3456,37,713,0,0,1
1465,4.0284,0.3385,37,713,0,0,1
1466,4.079,0.318,37,713,0,0,1
1467,4.1611,0.5097,37,713,0,0,1
1468,4.0974,0.3477,37,713,0,0,1
1469,4.2634,0.2754,37,713,0,0,1
1470,4.1795,0.4251,37,713,0,0,1
1471,4.093,0.4755,37,713,0,0,1
1472,4.1072,0.3783,37,713,0,0,1
1473,4.3533,0.4204,37,713,0,0,1
1474,4.0602,0.3034,37,713,0,0,1
1475,4.3755,0.5108,37,713,0,0,1
1476,3.8981,0.269,37,713,0,0,1
1477,4.611,0.5414,37,713,0,0,1
1478,4.0942,0.3898,37,713,0,0,1
1479,3.8473,0.414,37,713,0,0,1
1480,4.1814,0.3122,37,713,0,0,1
1481,4.2044,0.2891,37,713,0,0,1
1482,4.1838,0.4699,37,713,0,0,1
1483,4.066,0.2839,37,713,0,0,1
1484,4.2373,0.5464,37,713,0,0,1
1485,4.2528,0.3082,37,713,0,0,1
1486,4.0498,0.3562,37,713,0,0,1
1487,4.1117,0.3568,37,713,0,0,1
1488,4.3266,0.3124,37,713,0,0,1
1489,4.537,0.3625,37,713,0,0,1
1490,3.6408,0.3233,37,713,0,0,1
1491,4.2153,0.469,37,713,0,0,1
1492,4.182,0.3215,37,713,0,0,1
1493,4.1949,0.412,37,713,0,0,1
1494,4.2318,0.2779,37,713,0,0,1
1495,4.06,0.5024,37,713,0,0,1
1496,4.4614,0.3775,37,713,0,0,1
1497,4.2138,0.3433,37,713,0,0,1
1498,3.7908,0.2894,37,713,0,0,1
1499,4.2206,0.3062,37,713,0,0,1
1500,4.146,0.2978,37,713,0,0,1
1501,4.3802,0.4424,37,713,0,0,1
1502,4.3402,0.4058,37,713,0,0,1
1503,3.7659,0.4622,37,713,0,0,1
1504,4.1258,0.3336,37,713,0,0,1
1505,4.3026,0.2685,37,713,0,0,1
1506,4.084,0.4082,37,713,0,0,1
1507,4.2214,0.4865,37,713,0,0,1
1508,4.0492,0.3044,37,713,0,0,1
1509,4.2889,0.2957,37,713,0,0,1
1510,4.0694,0.2768,37,713,0,0,1
1511,4.2271,0.4594,37,713,0,0,1
1512,4.3373,0.2875,37,713,0,0,1
1513,4.0753,0.2839,37,713,0,0,1
1514,4.1272,0.3622,37,713,0,0,1
1515,4.1359,0.273,37,713,0,0,1
1516,4.1046,0.2858,37,713,0,0,1
1517,4.2621,0.3956,37,713,0,0,1
1518,4.1057,0.3109,37,713,0,0,1
1519,4.1971,0.3965,37,713,0,0,1
1520,4.1394,0.4703,37,713,0,0,1
1521,4.2267,0.3281,37,713,0,0,1
1522,4.1147,0.4642,37,713,0,0,1
1523,4.1881,0.3194,37,713,0,0,1
1524,4.4482,0.4009,37,713,0,0,1
1525,4.0118,0.34,37,713,0,0,1
1526,4.3086,0.3166,37,713,0,0,1
1527,3.8527,0.2938,37,713,0,0,1
1528,4.2233,0.3365,37,713,0,0,1
1529,4.1931,0.2711,37,713,0,0,1
1530,4.1027,0.4205,71,713,0,0,1
1531,4.1918,0.3143,71,713,0,0,1
1532,4.1539,0.3152,71,713,0,0,1
1533,4.4485,0.3879,71,713,0,0,1
1534,3.8283,0.478,71,713,0,0,1
1535,4.1697,0.4577,71,713,0,0,1
1536,4.281,0.4604,71,713,0,0,1
1537,4.2115,0.3586,71,713,0,0,1
1538,4.0685,0.3215,71,713,0,0,1
1539,4.1635,0.5344,71,713,0,0,1
1540,4.1499,0.3511,71,713,0,0,1
1541,4.6173,0.3134,71,713,0,0,1
1542,3.7275,0.35,71,713,0,0,1
1543,4.1705,0.5069,71,713,0,0,1
1544,4.2935,0.4193,71,713,0,0,1
1545,4.5334,0.4234,71,713,0,0,1
1546,3.6165,0.3048,71,713,0,0,1
1547,4.6326,0.3185,71,713,0,0,1
1548,3.698,0.3321,71,713,0,0,1
1549,4.3801,0.3328,71,713,0,0,1
1550,4.1895,0.456,71,713,0,0,1
1551,3.9009,0.393,71,713,0,0,1
1552,4.3627,0.6593,71,713,0,0,1
1553,4.1655,0.3557,71,713,0,0,1
1554,4.0695,0.4145,71,713,0,0,1
1555,4.1659,0.3324,71,713,0,0,1
1556,4.1913,0.325,71,713,0,0,1
1557,4.3056,0.6426,71,713,0,0,1
1558,3.9946,0.4824,71,713,0,0,1
1559,4.3997,0.3776,71,713,0,0,1
1560,3.8944,0.314,71,713,0,0,1
1561,4.3504,0.4049,71,713,0,0,1
1562,4.0234,0.2583,71,713,0,0,1
1563,4.1049,0.4882,71,713,0,0,1
1564,4.2848,0.3817,71,713,0,0,1
1565,4.19,0.315,71,713,0,0,1
1566,4.101,0.3531,71,713,0,0,1
1567,4.1604,0.4933,71,713,0,0,1
1568,4.2391,0.3542,71,713,0,0,1
1569,4.1903,0.3078,71,713,0,0,1
1570,4.0812,0.5019,71,713,0,0,1
1571,4.157,0.2983,71,713,0,0,1
1572,4.1589,0.5067,71,713,0,0,1
1573,4.2918,0.3369,71,713,0,0,1
1574,4.0603,0.399,71,713,0,0,1
1575,4.1088,0.2686,71,713,0,0,1
1576,4.2689,0.5096,71,713,0,0,1
1577,4.1227,0.3953,71,713,0,0,1
1578,4.1701,0.3554,71,713,0,0,1
1579,4.1442,0.2845,71,713,0,0,1
1580,4.195,0.3026,71,713,0,0,1
1581,4.2562,0.3069,71,713,0,0,1
1582,4.0016,0.3012,71,713,0,0,1
1583,4.3228,0.4715,71,713,0,0,1
1584,4.0933,0.5309,71,713,0,0,1
1585,4.2683,0.3376,71,713,0,0,1
1586,3.9932,0.311,71,713,0,0,1
1587,4.1583,0.292,71,713,0,0,1
1588,4.2057,0.5076,71,713,0,0,1
1589,4.2184,0.3335,71,713,0,0,1
1590,4.1365,0.3506,71,713,0,0,1
1591,4.1629,0.3341,71,713,0,0,1
1592,4.4603,0.299,71,713,0,0,1
1593,3.974,0.3163,71,713,0,0,1
1594,4.0134,0.312,71,713,0,0,1
1595,4.1469,0.3175,71,713,0,0,1
1596,4.1856,0.3367,71,713,0,0,1
1597,4.4138,0.505,71,713,0,0,1
1598,3.9793,0.3957,71,713,0,0,1
1599,4.1154,0.4083,71,713,0,0,1
1600,4.2128,0.2602,71,713,0,0,1
1601,4.2669,0.4052,71,713,0,0,1
1602,4.1338,0.3882,71,713,0,0,1
1603,4.1052,0.4721,71,713,0,0,1
1604,4.1769,0.3406,71,713,0,0,1
1605,4.5732,0.2993,71,713,0,0,1
1606,3.6783,0.31,71,713,0,0,1
1607,4.2272,0.4755,71,713,0,0,1
1608,4.1716,0.3129,71,713,0,0,1
1609,4.2697,0.3563,71,713,0,0,1
1610,4.0654,0.3477,71,713,0,0,1
1611,4.2128,0.4736,71,713,0,0,1
1612,4.1309,0.4412,71,713,0,0,1
1613,4.2181,0.2916,71,713,0,0,1
1614,4.0955,0.4182,105,713,0,0,1
1615,4.2059,0.521,105,713,0,0,1
1616,4.0747,0.5323,105,713,0,0,1
1617,4.6765,0.3269,105,713,0,0,1
1618,3.6798,0.3523,105,713,0,0,1
1619,4.4854,0.2491,105,713,0,0,1
1620,3.8312,0.3505,105,713,0,0,1
1621,4.3453,0.5496,105,713,0,0,1
1622,4.0458,0.4224,105,713,0,0,1
1623,4.151,0.5022,105,713,0,0,1
1624,4.2088,0.3643,105,713,0,0,1
1625,4.183,0.4426,105,713,0,0,1
1626,4.5864,0.375,105,713,0,0,1
1627,3.9454,0.5007,105,713,0,0,1
1628,4.1541,0.4526,105,713,0,0,1
1629,4.0008,0.5436,105,713,0,0,1
1630,4.1194,0.3601,105,713,0,0,1
1631,4.1776,0.3296,105,713,0,0,1
1632,4.3063,0.4695,105,713,0,0,1
1633,4.1049,0.4171,105,713,0,0,1
1634,4.1037,0.8525,105,713,0,0,1
1635,5.1356,0.4333,105,713,0,0,1
1636,3.2863,0.7397,105,713,0,0,1
1637,4.6536,0.3368,105,713,0,0,1
1638,3.4943,0.5855,105,713,0,0,1
1639,4.2439,0.5648,105,713,0,0,1
1640,4.113,0.4294,105,713,0,0,1
1641,4.3379,0.4685,105,713,0,0,1
1642,3.9755,0.4044,105,713,0,0,1
1643,4.2159,0.3167,103,713,0,0,1
1644,8.4903,0.2641,103,713,0,0,1
1645,3.9626,0.4594,103,713,0,0,1
1646,4.1987,0.3477,103,713,0,0,1
1647,4.0912,0.2665,103,713,0,0,1
1648,4.3945,0.6859,103,713,0,0,1
1649,3.9583,0.3617,103,713,0,0,1
1650,4.5732,0.6053,103,713,0,0,1
1651,4.7559,1.6829,103,713,0,0,1
1652,4.3779,0.4156,103,713,0,0,1
1653,3.0802,0.4097,103,713,0,0,1
1654,4.1331,0.2611,103,713,0,0,1
1655,4.1604,0.3063,103,713,0,0,1
1656,4.2497,0.2748,103,713,0,0,1
1657,4.1029,0.2037,103,713,0,0,1
1658,4.1107,0.2982,103,713,0,0,1
1659,4.1721,0.2633,103,713,0,0,1
1660,4.2983,0.2873,103,713,0,0,1
1661,4.1341,0.2632,103,713,0,0,1
1662,4.0966,0.42,103,713,0,0,1
1663,4.1645,0.3069,103,713,0,0,1
1664,4.3714,0.3267,103,713,0,0,1
1665,3.9604,0.279,103,713,0,0,1
1666,4.1301,0.3286,103,713,0,0,1
1667,4.2422,0.2843,103,713,0,0,1
1668,4.1861,0.2663,103,713,0,0,1
1669,4.0949,0.323,101,713,0,0,1
1670,4.1756,0.2644,101,713,0,0,1
1671,4.2086,0.2584,101,713,0,0,1
1672,4.1774,0.2722,101,713,0,0,1
1673,4.1249,0.2624,101,713,0,0,1
1674,4.223,0.2623,101,713,0,0,1
1675,4.0789,0.26,101,713,0,0,1
1676,4.3154,0.2239,101,713,0,0,1
1677,4.0378,0.2701,101,713,0,0,1
1678,4.1113,0.3054,101,713,0,0,1
1679,4.3113,0.2919,101,713,0,0,1
1680,4.2497,0.2712,101,713,0,0,1
1681,3.9773,0.2685,101,713,0,0,1
1682,4.1906,0.357,101,713,0,0,1
1683,4.1582,0.2532,101,713,0,0,1
1684,4.1951,0.2686,101,713,0,0,1
1685,4.1377,0.2603,101,713,0,0,1
1686,4.1632,0.2857,101,713,0,0,1
1687,4.1849,0.2636,101,713,0,0,1
1688,4.1864,0.2693,101,713,0,0,1
1689,4.0888,0.2005,101,713,0,0,1
1690,4.1662,0.2845,101,713,0,0,1
1691,4.2004,0.2833,101,713,0,0,1
1692,4.2594,0.2012,101,713,0,0,1
1693,4.04,0.2726,101,713,0,0,1
1694,4.1986,0.2706,101,713,0,0,1
1695,4.1907,0.2802,101,713,0,0,1
1696,4.3162,0.2681,101,713,0,0,1
1697,4.0069,0.4265,135,713,0,0,1
1698,4.1726,0.2847,135,713,0,0,1
1699,4.1539,0.2979,135,713,0,0,1
1700,4.2142,0.2339,135,713,0,0,1
1701,4.1139,0.273,135,713,0,0,1
1702,4.2157,0.4244,135,713,0,0,1
1703,4.1385,0.2295,135,713,0,0,1
1704,4.2782,0.3012,135,713,0,0,1
1705,4.1106,0.3064,135,713,0,0,1
1706,4.1094,0.4032,135,713,0,0,1
1707,4.1658,0.2713,135,713,0,0,1
1708,4.3313,0.2833,135,713,0,0,1
1709,4.0505,0.3758,135,713,0,0,1
1710,4.1655,0.3387,135,713,0,0,1
1711,4.1948,0.2526,135,713,0,0,1
1712,4.2312,0.2825,135,713,0,0,1
1713,4.0366,0.5081,135,713,0,0,1
1714,4.2242,0.3221,135,713,0,0,1
1715,4.0714,0.4549,135,713,0,0,1
1716,4.1802,0.2511,135,713,0,0,1
1717,4.1471,0.3056,135,713,0,0,1
1718,4.0678,0.3813,135,713,0,0,1
1719,4.2038,0.2713,135,713,0,0,1
1720,4.239,0.2946,135,713,0,0,1
1721,4.0424,0.2258,135,713,0,0,1
1722,4.2236,0.3153,135,713,0,0,1
1723,4.1462,0.2777,134,713,0,0,1
1724,4.221,0.3932,134,713,0,0,1
1725,4.0954,0.2993,134,713,0,0,1
1726,4.1945,0.2127,134,713,0,0,1
1727,4.1655,0.2954,134,713,0,0,1
1728,4.2055,0.3149,134,713,0,0,1
1729,4.1151,0.255,134,713,0,0,1
1730,4.1949,0.306,134,713,0,0,1
1731,4.1085,0.2746,134,713,0,0,1
1732,4.2864,0.3329,134,713,0,0,1
1733,4.0898,0.3179,133,713,0,0,1
1734,4.1215,0.2839,133,713,0,0,1
1735,4.2171,0.964,133,713,0,0,1
1736,4.4521,0.2364,133,713,0,0,1
1737,3.8544,0.3143,132,713,0,0,1
1738,4.2054,0.3088,132,713,0,0,1
1739,4.155,0.2132,132,713,0,0,1
1740,4.2479,0.3028,132,713,0,0,1
1741,4.0859,0.315,132,713,0,0,1
1742,4.1406,0.3072,132,713,0,0,1
1743,4.2039,0.7927,132,713,0,0,1
1744,4.1873,0.2852,132,713,0,0,1
1745,4.0796,0.3037,132,713,0,0,1
1746,4.2198,0.3352,132,713,0,0,1
1747,4.1276,0.2505,130,713,0,0,1
1748,4.2121,0.2833,130,713,0,0,1
1749,4.1033,0.3005,130,713,0,0,1
1750,4.2302,0.2989,130,713,0,0,1
1751,4.1282,0.2753,130,713,0,0,1
1752,4.1576,0.2578,130,713,0,0,1
1753,4.1867,0.3191,130,713,0,0,1
1754,4.2014,0.4218,130,713,0,0,1
1755,4.1244,0.3437,130,713,0,0,1
1756,4.1477,0.2763,130,713,0,0,1
1757,4.2131,0.2941,130,713,0,0,1
1758,4.1552,0.285,130,713,0,0,1
1759,4.1571,0.4494,130,713,0,0,1
1760,4.1456,0.3363,130,713,0,0,1
1761,4.1851,0.2949,130,713,0,0,1
1762,4.1427,0.3041,130,713,0,0,1
1763,4.199,0.3347,130,713,0,0,1
1764,4.2905,0.4163,130,713,0,0,1
1765,4.0073,0.3961,130,713,0,0,1
1766,4.485,0.4465,130,713,0,0,1
1767,4.1634,0.4506,130,713,0,0,1
1768,3.8578,0.2292,130,713,0,0,1
1769,4.4719,0.278,130,713,0,0,1
1770,3.9182,0.3161,130,713,0,0,1
1771,4.4133,0.3471,130,713,0,0,1
1772,3.9432,0.297,130,713,0,0,1
1773,4.1227,0.2803,130,713,0,0,1
1774,4.1388,0.3058,130,713,0,0,1
1775,4.1522,0.2728,130,713,0,0,1
1776,4.1588,0.2407,130,713,0,0,1
1777,4.1607,0.3707,129,713,0,0,1
1778,4.1955,0.309,129,713,0,0,1
1779,4.5158,0.4099,129,713,0,0,1
1780,3.8347,0.2801,129,713,0,0,1
1781,4.197,0.3028,129,713,0,0,1
1782,4.1401,0.7205,163,713,0,0,1
1783,4.1498,0.3808,163,713,0,0,1
1784,4.2058,0.5317,163,713,0,0,1
1785,4.1376,0.2916,163,713,0,0,1
1786,4.4582,0.4282,163,713,0,0,1
1787,3.9403,0.4377,162,713,0,0,1
1788,4.3684,0.2621,162,713,0,0,1
1789,4.079,0.4742,162,713,0,0,1
1790,4.01,0.4114,162,713,0,0,1
1791,4.4502,0.4506,162,713,0,0,1
1792,3.8567,0.2599,162,713,0,0,1
1793,4.4754,0.4596,162,713,0,0,1
1794,4.111,0.3444,162,713,0,0,1
1795,4.1942,0.45,162,713,0,0,1
1796,3.8768,0.2924,162,713,0,0,1
1797,4.168,0.2693,162,713,0,0,1
1798,4.5184,0.4812,162,713,0,0,1
1799,4.0773,0.4525,162,713,0,0,1
1800,3.9087,0.308,162,713,0,0,1
1801,4.2272,0.4213,162,713,0,0,1
1802,4.1536,0.5393,162,713,0,0,1
1803,4.2329,0.2552,162,713,0,0,1
1804,4.2415,0.317,162,713,0,0,1
1805,4.2599,0.5284,162,713,0,0,1
1806,4.3231,0.3223,162,713,0,0,1
1807,4.0074,0.304,162,713,0,0,1
1808,4.291,0.4756,161,713,0,0,1
1809,3.8265,0.4443,161,713,0,0,1
1810,4.3828,0.3746,161,713,0,0,1
1811,3.9588,0.3055,161,713,0,0,1
1812,4.4413,0.4746,160,713,0,0,1
1813,4.0385,0.3565,160,713,0,0,1
1814,4.0608,0.2752,160,713,0,0,1
1815,4.142,0.4717,160,713,0,0,1
1816,4.2102,0.2658,160,713,0,0,1
1817,4.2489,0.3878,160,713,0,0,1
1818,4.2977,0.3998,160,713,0,0,1
1819,4.1821,0.2822,160,713,0,0,1
1820,3.9956,0.4666,160,713,0,0,1
1821,4.0466,0.3946,160,713,0,0,1
1822,4.1872,0.2976,160,713,0,0,1
1823,4.3173,0.311,160,713,0,0,1
1824,4.3018,0.4017,160,713,0,0,1
1825,4.0658,0.3921,160,713,0,0,1
1826,3.9675,0.3492,160,713,0,0,1
1827,4.3696,0.4604,160,713,0,0,1
1828,4.1243,0.2738,160,713,0,0,1
1829,4.0114,0.3085,160,713,0,0,1
1830,4.1795,0.4484,159,713,0,0,1
1831,4.4739,0.3703,159,713,0,0,1
1832,4.1949,0.4557,159,713,0,0,1
1833,3.8648,0.4882,159,713,0,0,1
1834,4.5117,0.4161,159,713,0,0,1
1835,8.3657,0.4477,159,713,0,0,1
1836,3.8915,0.4271,159,713,0,0,1
1837,4.0561,0.3771,159,713,0,0,1
1838,4.2987,0.4549,159,713,0,0,1
1839,4.0883,0.2744,159,713,0,0,1
1840,4.3323,0.4681,159,713,0,0,1
1841,4.2157,0.3395,159,713,0,0,1
1842,4.0439,0.4157,159,713,0,0,1
1843,4.0399,0.2794,158,713,0,0,1
1844,4.0855,0.2815,158,713,0,0,1
1845,4.3416,0.4289,158,713,0,0,1
1846,3.9833,0.3046,158,713,0,0,1
1847,4.5256,0.4774,157,713,0,0,1
1848,4.0203,0.3701,157,713,0,0,1
1849,4.0235,0.4684,157,713,0,0,1
1850,4.3014,0.4278,156,713,0,0,1
1851,4.0902,0.2985,156,713,0,0,1
1852,4.2972,0.4008,156,713,0,0,1
1853,4.1896,0.466,156,713,0,0,1
1854,4.1187,0.4355,156,713,0,0,1
1855,4.2188,0.3498,156,713,0,0,1
1856,3.9218,0.3026,156,713,0,0,1
1857,4.3682,0.3713,156,713,0,0,1
1858,4.0999,0.3102,156,713,0,0,1
1859,4.1054,0.4173,156,713,0,0,1
1860,4.1258,0.5569,156,713,0,0,1
1861,4.2073,0.3586,156,713,0,0,1
1862,4.2938,0.4375,156,713,0,0,1
1863,4.0641,0.2898,156,713,0,0,1
1864,4.2812,0.6898,190,713,0,0,1
1865,3.9244,0.5823,190,713,0,0,1
1866,4.5821,0.5069,190,713,0,0,1
1867,4.2142,0.2377,190,713,0,0,1
1868,3.7717,0.5577,190,713,0,0,1
1869,4.2301,0.2954,190,713,0,0,1
1870,4.0737,0.3168,190,713,0,0,1
1871,4.3733,0.3292,190,713,0,0,1
1872,4.1124,0.428,190,713,0,0,1
1873,3.987,0.2706,190,713,0,0,1
1874,4.1953,0.3091,190,713,0,0,1
1875,4.2395,0.3131,190,713,0,0,1
1876,4.0999,0.518,190,713,0,0,1
1877,4.3479,0.4544,190,713,0,0,1
1878,4.1309,0.4359,190,713,0,0,1
1879,4.3213,0.3182,190,713,0,0,1
1880,3.8421,0.4479,190,713,0,0,1
1881,4.4785,0.2756,190,713,0,0,1
1882,4.0567,0.3106,190,713,0,0,1
1883,4.2008,0.6022,190,713,0,0,1
1884,4.3213,0.4927,190,713,0,0,1
1885,3.836,0.4638,190,713,0,0,1
1886,4.374,0.4633,190,713,0,0,1
1887,3.9979,0.3202,189,713,0,0,1
1888,4.1695,0.3627,189,713,0,0,1
1889,4.2167,0.6069,189,713,0,0,1
1890,4.1378,0.3903,188,713,0,0,1
1891,4.5321,0.3025,188,713,0,0,1
1892,3.6378,0.2514,188,713,0,0,1
1893,4.3062,0.4216,188,713,0,0,1
1894,4.2285,0.2955,188,713,0,0,1
1895,4.2485,0.2969,188,713,0,0,1
1896,4.0281,0.4034,187,713,0,0,1
1897,4.2869,0.4187,186,713,0,0,1
1898,4.0419,0.3564,185,713,0,0,1
1899,4.0454,0.5885,184,713,0,0,1
1900,4.2905,0.3528,184,713,0,0,1
1901,4.0233,0.3707,184,713,0,0,1
1902,4.3474,0.4472,184,713,0,0,1
1903,4.0782,0.2971,184,713,0,0,1
1904,4.0719,0.2643,184,713,0,0,1
1905,4.3329,0.4408,184,713,0,0,1
1906,4.1777,0.3356,184,713,0,0,1
1907,3.9784,0.2976,184,713,0,0,1
1908,4.309,0.2492,184,713,0,0,1
1909,4.1524,0.4566,183,713,0,0,1
1910,4.1712,0.3441,183,713,0,0,1
1911,4.0507,0.2868,182,713,0,0,1
1912,4.3133,0.3519,182,713,0,0,1
1913,4.0548,0.5586,182,713,0,0,1
1914,4.2932,0.2606,182,713,0,0,1
1915,4.1531,0.4175,182,713,0,0,1
1916,4.0184,0.2502,182,713,0,0,1
1917,4.293,0.4497,182,713,0,0,1
1918,4.0301,0.2821,182,713,0,0,1
1919,4.3413,0.3558,182,713,0,0,1
1920,4.1528,0.2753,182,713,0,0,1
1921,4.0522,0.4668,182,713,0,0,1
1922,4.4385,0.4927,182,713,0,0,1
1923,3.9144,0.3069,182,713,0,0,1
1924,4.2659,0.3596,182,713,0,0,1
1925,4.2549,0.3722,182,713,0,0,1
1926,3.9573,0.4303,182,713,0,0,1
1927,4.3228,0.5297,182,713,0,0,1
1928,3.9787,0.2517,182,713,0,0,1
1929,4.2376,0.3511,182,713,0,0,1
1930,4.2643,0.3656,181,713,0,0,1
1931,4.1608,0.392,181,713,0,0,1
1932,4.1184,0.4671,181,713,0,0,1
1933,4.0975,0.6092,180,713,0,0,1
1934,4.2695,0.3659,179,713,0,0,1
1935,4.0448,0.3107,179,713,0,0,1
1936,4.2477,0.3528,179,713,0,0,1
1937,4.2304,0.4256,179,713,0,0,1
1938,4.1433,0.3981,179,713,0,0,1
1939,4.1891,0.3002,179,713,0,0,1
1940,3.9909,0.2462,179,713,0,0,1
1941,4.3043,0.4338,179,713,0,0,1
1942,4.2086,0.3613,179,713,0,0,1
1943,4.1299,0.4027,179,713,0,0,1
1944,4.21,0.345,178,713,0,0,1
1945,3.9855,0.3981,178,713,0,0,1
1946,4.3315,0.4178,178,713,0,0,1
1947,4.1195,0.3056,178,713,0,0,1
1948,4.0303,0.2403,178,713,0,0,1
1949,4.5169,0.4947,212,713,0,0,1
1950,4.0071,0.3683,212,713,0,0,1
1951,4.1019,0.4409,212,713,0,0,1
1952,4.0642,0.2938,212,713,0,0,1
1953,4.4866,0.5306,212,713,0,0,1
1954,3.8508,0.3473,212,713,0,0,1
1955,4.3608,0.3392,212,713,0,0,1
1956,4.1244,0.442,211,713,0,0,1
1957,4.009,0.2732,211,713,0,0,1
1958,4.2691,0.3226,211,713,0,0,1
1959,4.0745,0.2927,211,713,0,0,1
1960,4.2732,0.4084,211,713,0,0,1
1961,4.155,0.6041,211,713,0,0,1
1962,4.0988,0.4059,211,713,0,0,1
1963,4.4196,0.3134,211,713,0,0,1
1964,3.8938,0.436,211,713,0,0,1
1965,4.2598,0.5428,211,713,0,0,1
1966,4.1371,0.3471,211,713,0,0,1
1967,4.2297,0.4104,210,713,0,0,1
1968,4.348,0.4474,210,713,0,0,1
1969,3.8779,0.2889,210,713,0,0,1
1970,4.3032,0.3578,210,713,0,0,1
1971,4.0561,0.375,210,713,0,0,1
1972,4.3265,0.6933,210,713,0,0,1
1973,4.2174,0.4545,210,713,0,0,1
1974,3.9404,0.3403,210,713,0,0,1
1975,4.2333,0.3899,209,713,0,0,1
1976,4.1106,0.2963,209,713,0,0,1
1977,4.2487,0.5929,209,713,0,0,1
1978,4.1706,0.3076,208,713,0,0,1
1979,4.1335,0.3506,208,713,0,0,1
1980,4.1898,0.3587,208,713,0,0,1
1981,4.1648,0.6,208,713,0,0,1
1982,4.1953,0.5095,207,713,0,0,1
1983,4.0818,0.2828,207,713,0,0,1
1984,4.3067,0.3893,207,713,0,0,1
1985,4.0584,0.611,207,713,0,0,1
1986,4.2284,0.4739,207,713,0,0,1
1987,4.1678,0.3879,207,713,0,0,1
1988,4.1121,0.518,207,713,0,0,1
1989,4.1718,0.3807,207,713,0,0,1
1990,4.187,0.3226,207,713,0,0,1
1991,4.3429,0.4549,207,713,0,0,1
1992,3.9743,0.4295,207,713,0,0,1
1993,4.165,0.3957,206,713,0,0,1
1994,4.1449,0.504,206,713,0,0,1
1995,4.1883,0.4065,206,713,0,0,1
1996,4.3485,0.3589,205,713,0,0,1
1997,3.9949,0.4802,205,713,0,0,1
1998,4.5146,0.5129,205,713,0,0,1
1999,3.8457,0.4597,205,713,0,0,1
2000,4.1262,0.3822,205,713,0,0,1
2001,4.2615,0.319,205,713,0,0,1
2002,4.1314,0.3997,205,713,0,0,1
2003,4.1127,0.3444,205,713,0,0,1
2004,4.2269,0.4528,205,713,0,0,1
2005,4.1056,0.5432,205,713,0,0,1
2006,4.1869,0.4573,204,713,0,0,1
2007,4.1461,0.3971,204,713,0,0,1
2008,4.2295,0.4871,204,713,0,0,1
2009,4.2297,0.5918,204,713,0,0,1
2010,4.0651,0.5426,204,713,0,0,1
2011,4.1006,0.5075,204,713,0,0,1
2012,4.2044,0.3335,202,713,0,0,1
2013,4.2639,0.506,202,713,0,0,1
2014,4.1376,0.3742,202,713,0,0,1
2015,4.1276,0.6298,202,713,0,0,1
2016,4.1484,0.4403,202,713,0,0,1
2017,4.256,0.3519,202,713,0,0,1
2018,4.0889,0.4439,202,713,0,0,1
2019,4.1737,0.372,202,713,0,0,1
2020,4.1808,0.5493,201,713,0,0,1
2021,4.2175,0.6211,201,713,0,0,1
2022,4.1456,0.4577,201,713,0,0,1
2023,4.1257,0.4253,201,713,0,0,1
2024,4.112,0.3983,201,713,0,0,1
2025,4.2314,0.4412,201,713,0,0,1
2026,4.1713,0.5656,201,713,0,0,1
2027,4.4082,0.6527,201,713,0,0,1
2028,4.2153,0.4933,201,713,0,0,1
2029,3.9236,0.4438,201,713,0,0,1
2030,4.4617,0.3811,201,713,0,0,1
2031,3.7962,0.3853,201,713,0,0,1
2032,4.3683,0.7816,235,713,0,0,1
2033,3.9868,0.3449,235,713,0,0,1
2034,4.1596,0.4664,235,713,0,0,1
2035,4.1906,0.3788,234,713,0,0,1
2036,4.0943,0.4472,234,713,0,0,1
2037,4.3346,0.4287,234,713,0,0,1
2038,4.0745,0.3881,234,713,0,0,1
2039,4.1303,0.5249,233,713,0,0,1
2040,4.2663,0.5508,233,713,0,0,1
2041,4.1468,0.4063,233,713,0,0,1
2042,4.1373,0.4694,233,713,0,0,1
2043,4.1092,0.3297,233,713,0,0,1
2044,4.192,0.4288,226,713,0,0,1
2045,4.2015,0.4245,225,713,0,0,1
2046,4.1334,0.3271,225,713,0,0,1
2047,4.1672,0.4517,225,713,0,0,1
2048,4.1329,0.3392,225,713,0,0,1
2049,4.5893,0.4111,225,713,0,0,1
2050,3.7837,0.4361,225,713,0,0,1
2051,4.1866,0.3209,224,713,0,0,1
2052,4.1214,0.5066,224,713,0,0,1
2053,4.2019,0.6902,224,713,0,0,1
2054,4.1185,0.4183,224,713,0,0,1
2055,4.172,0.4202,224,713,0,0,1
2056,4.2433,0.376,223,713,0,0,1
2057,4.0488,0.4518,223,713,0,0,1
2058,4.2588,0.5938,223,713,0,0,1
2059,4.114,0.648,222,713,0,0,1
2060,4.1648,0.4082,222,713,0,0,1
2061,4.2446,0.353,222,713,0,0,1
2062,4.1608,0.5979,221,713,0,0,1
2063,4.1452,0.4165,220,713,0,0,1
2064,4.2058,0.652,220,713,0,0,1
2065,4.1267,0.6803,220,713,0,0,1
2066,4.1494,0.3824,220,713,0,0,1
2067,4.2095,0.4097,220,713,0,0,1
2068,4.142,0.3945,220,713,0,0,1
2069,4.2077,0.4573,220,713,0,0,1
2070,4.3282,0.4225,220,713,0,0,1
2071,3.9713,0.5151,220,713,0,0,1
2072,4.0905,0.3892,220,713,0,0,1
2073,4.2549,0.3921,220,713,0,0,1
2074,4.1732,0.4903,220,713,0,0,1
2075,4.1688,0.4284,220,713,0,0,1
2076,4.1119,0.423,220,713,0,0,1
2077,4.1607,0.4215,220,713,0,0,1
2078,4.1749,0.3417,220,713,0,0,1
2079,4.1645,0.4014,220,713,0,0,1
2080,4.2075,0.4424,220,713,0,0,1
2081,4.1631,0.3668,220,713,0,0,1
2082,4.0943,0.5079,218,713,0,0,1
2083,4.2257,0.3318,217,713,0,0,1
2084,4.1341,0.4,217,713,0,0,1
2085,4.2177,0.4525,217,713,0,0,1
2086,4.0865,0.3323,217,713,0,0,1
2087,4.1916,0.3966,217,713,0,0,1
2088,4.2095,0.3791,217,713,0,0,1
2089,4.1347,0.5852,217,713,0,0,1
2090,4.214,0.7891,217,713,0,0,1
2091,4.1207,0.4501,217,713,0,0,1
2092,4.421,0.5271,217,713,0,0,1
2093,4.355,0.3407,217,713,0,0,1
2094,3.7226,0.411,214,713,0,0,1
2095,4.2076,0.4482,214,713,0,0,1
2096,4.0913,0.4012,214,713,0,0,1
2097,4.2344,0.5945,214,713,0,0,1
2098,4.1205,0.339,214,713,0,0,1
2099,4.2451,0.4704,214,713,0,0,1
2100,4.0991,0.3556,214,713,0,0,1
2101,4.1945,0.5118,214,713,0,0,1
2102,4.1155,0.3682,214,713,0,0,1
2103,4.1864,0.4102,213,713,0,0,1
2104,4.2171,0.4784,213,713,0,0,1
2105,4.179,0.393,213,713,0,0,1
2106,4.4784,0.5263,213,713,0,0,1
2107,4.0678,0.3158,213,713,0,0,1
2108,3.8919,0.4329,213,713,0,0,1
2109,4.2423,0.5506,213,713,0,0,1
2110,4.0941,0.4058,212,713,0,0,1
2111,4.2858,0.4283,212,713,0,0,1
2112,4.0491,0.3255,212,713,0,0,1
2113,4.1719,0.4078,212,713,0,0,1
2114,4.2103,0.3468,212,713,0,0,1
2115,4.1187,0.5431,212,713,0,0,1
2116,4.3273,0.7659,246,713,0,0,1
2117,4.0014,0.6118,246,713,0,0,1
2118,4.5258,0.4974,246,713,0,0,1
2119,3.867,0.4172,246,713,0,0,1
2120,4.1043,0.3945,246,713,0,0,1
2121,4.3975,0.4292,246,713,0,0,1
2122,3.9379,0.3824,246,713,0,0,1
2123,4.2503,0.3697,246,713,0,0,1
2124,4.1069,0.4492,244,713,0,0,1
2125,4.1677,0.357,244,713,0,0,1
2126,4.2109,0.421,243,713,0,0,1
2127,4.1118,0.4275,235,713,0,0,1
2128,4.195,0.6089,235,713,0,0,1
2129,4.376,0.5694,235,713,0,0,1
2130,3.9858,0.4763,235,713,0,0,1
2131,4.1815,0.3552,235,713,0,0,1
2132,4.0664,0.4194,235,713,0,0,1
2133,4.5982,0.4351,235,713,0,0,1
2134,3.8201,0.3156,235,713,0,0,1
2135,4.129,0.3995,234,713,0,0,1
2136,4.4521,0.4197,234,713,0,0,1
2137,4.2606,0.4246,234,713,0,0,1
2138,3.7936,0.4047,234,713,0,0,1
2139,4.187,0.321,234,713,0,0,1
2140,4.0911,0.5796,234,713,0,0,1
2141,4.2652,0.7491,234,713,0,0,1
2142,4.0993,0.6033,234,713,0,0,1
2143,4.1932,0.6635,233,713,0,0,1
2144,4.1112,0.803,232,713,0,0,1
2145,4.4798,0.8659,232,713,0,0,1
2146,3.8655,0.4203,232,713,0,0,1
2147,4.2475,0.5765,232,713,0,0,1
2148,4.1714,0.4357,232,713,0,0,1
2149,4.1706,0.4556,232,713,0,0,1
2150,4.5107,0.4562,231,713,0,0,1
2151,3.7175,0.43,231,713,0,0,1
2152,4.2596,0.4225,231,713,0,0,1
2153,4.2387,0.5806,230,713,0,0,1
2154,4.1089,0.4839,230,713,0,0,1
2155,4.0847,0.3764,230,713,0,0,1
2156,4.1544,0.3395,230,713,0,0,1
2157,4.2631,0.4604,229,713,0,0,1
2158,4.0926,0.3595,228,713,0,0,1
2159,4.2151,0.4095,228,713,0,0,1
2160,4.3474,0.4141,228,713,0,0,1
2161,4.2755,0.4471,228,713,0,0,1
2162,3.8598,0.4884,228,713,0,0,1
2163,4.1507,0.3785,228,713,0,0,1
2164,4.126,0.4149,228,713,0,0,1
2165,4.3017,0.4175,228,713,0,0,1
2166,4.036,0.3731,228,713,0,0,1
2167,4.2226,0.47,227,713,0,0,1
2168,4.101,0.4252,227,713,0,0,1
2169,4.2453,0.3433,227,713,0,0,1
2170,4.1382,0.5821,227,713,0,0,1
2171,4.1761,0.5077,227,713,0,0,1
2172,4.2143,0.5675,226,713,0,0,1
2173,4.1553,0.4306,226,713,0,0,1
2174,4.1592,0.4279,226,713,0,0,1
2175,4.1203,0.4319,226,713,0,0,1
2176,4.4632,0.7284,226,713,0,0,1
2177,3.9421,0.534,226,713,0,0,1
2178,4.1339,0.6994,226,713,0,0,1
2179,4.1712,0.4432,226,713,0,0,1
2180,4.1103,0.3367,226,713,0,0,1
2181,4.2053,0.4717,226,713,0,0,1
2182,4.1158,0.5377,226,713,0,0,1
2183,4.173,0.4246,225,713,0,0,1
2184,4.2875,0.6795,223,713,0,0,1
2185,4.1474,0.6608,223,713,0,0,1
2186,4.1844,0.4685,223,713,0,0,1
2187,4.0878,0.4036,223,713,0,0,1
2188,4.2032,0.3794,223,713,0,0,1
2189,4.2015,0.4366,223,713,0,0,1
2190,4.1147,0.6294,223,713,0,0,1
2191,4.2177,0.6757,223,713,0,0,1
2192,4.0434,0.406,223,713,0,0,1
2193,4.5681,0.384,223,713,0,0,1
2194,3.8477,0.4706,223,713,0,0,1
2195,4.1955,0.3783,223,713,0,0,1
2196,4.1351,0.6486,223,713,0,0,1
2197,4.1524,0.5823,222,713,0,0,1
2198,4.3365,0.4319,221,713,0,0,1
2199,3.9806,0.3971,221,713,0,0,1
2200,4.2013,0.5208,255,713,0,0,1
2201,4.1996,0.3863,255,713,0,0,1
2202,4.3427,0.4506,255,713,0,0,1
2203,3.9676,0.3843,255,713,0,0,1
2204,4.1051,0.3548,254,713,0,0,1
2205,4.1817,0.4799,254,713,0,0,1
2206,4.1627,0.4281,253,713,0,0,1
2207,4.1381,0.3254,253,713,0,0,1
2208,4.2021,0.4605,253,713,0,0,1
2209,4.1726,0.7904,253,713,0,0,1
2210,4.2893,0.5991,252,713,0,0,1
2211,4.0357,0.4281,245,713,0,0,1
2212,4.2016,0.6056,245,713,0,0,1
2213,4.1989,0.3843,245,713,0,0,1
2214,4.113,0.712,245,713,0,0,1
2215,4.2262,0.7996,245,713,0,0,1
2216,4.2794,0.3396,245,713,0,0,1
2217,4.0626,0.4894,245,713,0,0,1
2218,4.0353,0.3552,244,713,0,0,1
2219,4.2668,0.3858,244,713,0,0,1
2220,4.1212,0.4497,244,713,0,0,1
2221,4.1752,0.3646,244,713,0,0,1
2222,4.2921,0.5004,244,713,0,0,1
2223,3.9979,0.4086,244,713,0,0,1
2224,4.2475,0.4505,244,713,0,0,1
2225,4.1734,0.4069,244,713,0,0,1
2226,4.1564,0.4789,244,713,0,0,1
2227,4.1816,0.4795,244,713,0,0,1
2228,4.1047,0.549,243,713,0,0,1
2229,4.7876,0.5555,242,713,0,0,1
2230,3.5343,0.3472,242,713,0,0,1
2231,4.1429,0.3954,242,713,0,0,1
2232,4.2647,0.4802,242,713,0,0,1
2233,4.4561,0.5714,242,713,0,0,1
2234,3.8229,0.5549,241,713,0,0,1
2235,4.2516,0.654,241,713,0,0,1
2236,4.1156,0.3964,241,713,0,0,1
2237,4.2082,0.4975,241,713,0,0,1
2238,4.4235,0.5375,241,713,0,0,1
2239,3.8372,0.39,241,713,0,0,1
2240,4.1208,0.4614,241,713,0,0,1
2241,4.3948,0.5829,241,713,0,0,1
2242,4.0114,0.3326,241,713,0,0,1
2243,4.1323,0.428,241,713,0,0,1
2244,4.2015,0.4336,241,713,0,0,1
2245,4.2096,0.4719,241,713,0,0,1
2246,4.1247,0.4295,241,713,0,0,1
2247,4.1269,0.3575,241,713,0,0,1
2248,4.2358,0.5173,241,713,0,0,1
2249,4.163,0.4849,241,713,0,0,1
2250,4.1746,0.4027,241,713,0,0,1
2251,4.1505,0.4512,240,713,0,0,1
2252,4.1037,0.5434,240,713,0,0,1
2253,4.1824,0.5987,240,713,0,0,1
2254,4.1935,0.4718,239,713,0,0,1
2255,4.1819,0.4686,237,713,0,0,1
2256,4.4468,0.3647,235,713,0,0,1
2257,3.8717,0.4407,235,713,0,0,1
2258,4.1956,0.4336,235,713,0,0,1
2259,4.1781,0.5648,235,713,0,0,1
2260,4.1766,0.7114,235,713,0,0,1
2261,4.0997,0.4043,234,713,0,0,1
2262,4.421,0.4218,234,713,0,0,1
2263,3.9468,0.4622,234,713,0,0,1
2264,4.1164,0.3875,234,713,0,0,1
2265,4.3941,0.6114,233,713,0,0,1
2266,3.9309,0.4339,232,713,0,0,1
2267,4.3187,0.6365,232,713,0,0,1
2268,4.0155,0.4533,232,713,0,0,1
2269,4.6411,0.4232,232,713,0,0,1
2270,3.7546,0.383,232,713,0,0,1
2271,4.0967,0.3942,232,713,0,0,1
2272,4.1631,0.5334,232,713,0,0,1
2273,4.4187,0.6688,232,713,0,0,1
2274,3.9444,0.4176,231,713,0,0,1
2275,4.4813,0.5744,231,713,0,0,1
2276,3.8552,0.4271,231,713,0,0,1
2277,4.1801,0.4754,231,713,0,0,1
2278,4.1485,0.3462,230,713,0,0,1
2279,4.1867,0.5924,230,713,0,0,1
2280,4.5381,0.4028,230,713,0,0,1
2281,4.153,0.4263,230,713,0,0,1
2282,3.8438,0.4648,230,713,0,0,1
2283,4.115,0.546,230,713,0,0,1
2284,4.1635,0.5168,264,713,0,0,1
2285,4.2242,0.4584,264,713,0,0,1
2286,4.1765,0.5989,264,713,0,0,1
2287,4.1118,0.4273,264,713,0,0,1
2288,4.1474,0.4549,264,713,0,0,1
2289,4.2284,0.4275,264,713,0,0,1
2290,4.0903,0.4753,264,713,0,0,1
2291,4.2423,0.4805,264,713,0,0,1
2292,4.1642,0.7081,263,713,0,0,1
2293,4.1924,0.4257,263,713,0,0,1
2294,4.0721,0.4282,263,713,0,0,1
2295,4.1914,0.4419,263,713,0,0,1
2296,4.2055,0.4225,256,713,0,0,1
2297,4.3442,0.3561,256,713,0,0,1
2298,4.027,0.7593,255,713,0,0,1
2299,4.1112,0.4007,255,713,0,0,1
2300,4.1247,0.3624,255,713,0,0,1
2301,4.2191,0.4393,255,713,0,0,1
2302,4.1534,0.3726,255,713,0,0,1
2303,4.1984,0.4712,255,713,0,0,1
2304,4.0883,0.6359,255,713,0,0,1
2305,4.3869,0.5576,255,713,0,0,1
2306,4.0366,0.4184,255,713,0,0,1
2307,4.0877,0.4222,255,713,0,0,1
2308,4.4977,0.3962,255,713,0,0,1
2309,4.5764,0.3464,253,713,0,0,1
2310,3.4149,0.4204,253,713,0,0,1
2311,4.2787,0.642,252,713,0,0,1
2312,4.0427,0.3435,252,713,0,0,1
2313,4.6478,0.4447,252,713,0,0,1
2314,3.7247,0.3842,251,713,0,0,1
2315,4.2003,0.3535,251,713,0,0,1
2316,4.1486,0.5861,251,713,0,0,1
2317,4.2308,0.6609,251,713,0,0,1
2318,4.1354,0.3889,251,713,0,0,1
2319,4.1325,0.4162,251,713,0,0,1
2320,4.2043,0.4589,250,713,0,0,1
2321,4.1854,0.3552,250,713,0,0,1
2322,4.3978,0.5113,249,713,0,0,1
2323,3.8736,0.7644,249,713,0,0,1
2324,4.1597,0.3517,248,713,0,0,1
2325,4.1819,0.4656,248,713,0,0,1
2326,4.2109,0.4597,248,713,0,0,1
2327,4.1265,0.3606,248,713,0,0,1
2328,4.1322,0.4401,248,713,0,0,1
2329,4.2896,0.6101,248,713,0,0,1
2330,4.1714,0.333,248,713,0,0,1
2331,4.0729,0.4418,248,713,0,0,1
2332,4.149,0.4329,247,713,0,0,1
2333,4.4231,0.3428,247,713,0,0,1
2334,3.9808,0.6089,247,713,0,0,1
2335,4.0872,0.5001,245,713,0,0,1
2336,4.1787,0.36,245,713,0,0,1
2337,4.251,0.6317,245,713,0,0,1
2338,4.0746,0.3589,244,713,0,0,1
2339,4.2435,0.4619,242,713,0,0,1
2340,4.0909,0.4414,241,713,0,0,1
2341,4.2457,0.63,241,713,0,0,1
2342,4.1354,0.4161,241,713,0,0,1
2343,4.0959,0.599,241,713,0,0,1
2344,4.288,0.3941,240,713,0,0,1
2345,4.1556,0.4658,240,713,0,0,1
2346,4.4382,0.6424,239,713,0,0,1
2347,3.8792,0.341,239,713,0,0,1
2348,4.1098,0.4687,239,713,0,0,1
2349,4.1915,0.3706,238,713,0,0,1
2350,4.1944,0.4994,237,713,0,0,1
2351,4.4452,0.5276,237,713,0,0,1
2352,4.2068,0.3635,236,713,0,0,1
2353,3.8078,0.6287,236,713,0,0,1
2354,4.352,0.6945,236,713,0,0,1
2355,3.9706,0.5404,236,713,0,0,1
2356,4.2029,0.4817,236,713,0,0,1
2357,4.2513,0.3959,235,713,0,0,1
2358,4.0971,0.3717,235,713,0,0,1
2359,4.1734,0.6065,235,713,0,0,1
2360,4.1187,0.3676,235,713,0,0,1
2361,4.2755,0.4961,235,713,0,0,1
2362,4.009,0.4785,235,713,0,0,1
2363,4.2027,0.3309,234,713,0,0,1
2364,4.2081,0.4394,232,713,0,0,1
2365,4.1434,0.4106,231,713,0,0,1
2366,4.1325,0.391,230,713,0,0,1
2367,4.1842,0.402,230,713,0,0,1
2368,4.2204,0.4925,264,713,0,0,1
2369,4.1744,0.4131,264,713,0,0,1
2370,4.1631,0.5738,264,713,0,0,1
2371,4.4276,0.3956,264,713,0,0,1
2372,3.8801,0.3687,264,713,0,0,1
2373,4.2125,0.6054,264,713,0,0,1
2374,4.1319,0.45,264,713,0,0,1
2375,4.1833,0.3984,263,713,0,0,1
2376,4.1372,0.4038,263,713,0,0,1
2377,4.5493,0.4254,263,713,0,0,1
2378,4.0833,0.3766,263,713,0,0,1
2379,3.8727,0.4586,262,713,0,0,1
2380,4.2066,0.6814,255,713,0,0,1
2381,4.1614,0.3857,255,713,0,0,1
2382,4.4412,0.6319,255,713,0,0,1
2383,3.8686,0.4672,255,713,0,0,1
2384,4.0989,0.4059,255,713,0,0,1
2385,4.4113,0.3329,255,713,0,0,1
2386,4.1461,0.4163,255,713,0,0,1
2387,4.3752,0.6622,255,713,0,0,1
2388,3.8121,0.3902,255,713,0,0,1
2389,4.134,0.4306,255,713,0,0,1
2390,4.1665,0.4362,255,713,0,0,1
2391,4.145,0.3227,255,713,0,0,1
2392,4.4521,0.715,255,713,0,0,1
2393,3.8707,0.6201,255,713,0,0,1
2394,4.2574,0.3949,255,713,0,0,1
2395,4.0882,0.4504,254,713,0,0,1
2396,4.1658,0.4594,254,713,0,0,1
2397,4.2575,0.5425,254,713,0,0,1
2398,4.1122,0.369,254,713,0,0,1
2399,4.1663,0.7485,253,713,0,0,1
2400,4.2922,0.3875,253,713,0,0,1
2401,4.0259,0.3499,253,713,0,0,1
2402,4.2107,0.4852,253,713,0,0,1
2403,4.1131,0.398,253,713,0,0,1
2404,4.389,0.3604,253,713,0,0,1
2405,4.2438,0.4343,253,713,0,0,1
2406,3.9152,0.4395,252,713,0,0,1
2407,4.1516,0.3591,252,713,0,0,1
2408,4.1471,0.4352,252,713,0,0,1
2409,4.2099,0.442,252,713,0,0,1
2410,4.068,0.3376,252,713,0,0,1
2411,4.33,0.7469,252,713,0,0,1
2412,4.0832,0.4768,252,713,0,0,1
2413,4.5241,0.4361,251,713,0,0,1
2414,3.82,0.5576,251,713,0,0,1
2415,4.1707,0.6581,251,713,0,0,1
2416,4.386,0.6301,251,713,0,0,1
2417,3.9962,0.706,250,713,0,0,1
2418,4.0952,0.4798,250,713,0,0,1
2419,4.1427,0.3328,250,713,0,0,1
2420,4.1631,0.4412,250,713,0,0,1
2421,4.4618,0.4086,250,713,0,0,1
2422,3.9445,0.5342,250,713,0,0,1
2423,4.071,0.4314,250,713,0,0,1
2424,4.3145,0.4507,249,713,0,0,1
2425,4.098,0.5809,249,713,0,0,1
2426,4.1199,0.6451,249,713,0,0,1
2427,4.1567,0.4382,249,713,0,0,1
2428,4.1637,0.4671,249,713,0,0,1
2429,4.2964,0.343,249,713,0,0,1
2430,4.0562,0.4284,249,713,0,0,1
2431,4.1749,0.3982,248,713,0,0,1
2432,4.1191,0.4037,248,713,0,0,1
2433,4.596,0.4337,248,713,0,0,1
2434,3.8103,0.546,248,713,0,0,1
2435,4.1813,0.3628,248,713,0,0,1
2436,4.1977,0.8697,248,713,0,0,1
2437,4.1389,0.6359,247,713,0,0,1
2438,4.1101,0.5272,247,713,0,0,1
2439,4.1526,0.4083,247,713,0,0,1
2440,4.195,0.3874,246,713,0,0,1
2441,4.2424,0.3486,245,713,0,0,1
2442,4.1611,0.7436,245,713,0,0,1
2443,4.2022,0.3616,244,713,0,0,1
2444,4.0161,0.3454,244,713,0,0,1
2445,4.285,0.5024,244,713,0,0,1
2446,4.1485,0.4122,244,713,0,0,1
2447,4.126,0.5211,244,713,0,0,1
2448,4.5706,0.7394,244,713,0,0,1
2449,3.7941,0.6053,244,713,0,0,1
2450,4.1012,0.382,244,713,0,0,1
2451,4.1857,0.4383,244,713,0,0,1
2452,4.1302,0.4702,278,713,0,0,1
2453,4.3864,0.3666,278,713,0,0,1
2454,3.9555,0.5016,278,713,0,0,1
2455,4.2505,0.796,278,713,0,0,1
2456,4.0976,0.4182,278,713,0,0,1
2457,4.2343,0.4069,277,713,0,0,1
2458,4.0935,0.6516,277,713,0,0,1
2459,4.2027,0.4621,277,713,0,0,1
2460,4.2015,0.5676,277,713,0,0,1
2461,4.0966,0.5151,277,713,0,0,1
2462,4.1947,0.5049,277,713,0,0,1
2463,4.1097,0.4691,270,713,0,0,1
2464,4.2504,0.4316,270,713,0,0,1
2465,4.1938,0.3926,270,713,0,0,1
2466,4.1744,0.4744,270,713,0,0,1
2467,4.3384,0.4271,270,713,0,0,1
2468,3.9151,0.4587,270,713,0,0,1
2469,4.2273,0.414,270,713,0,0,1
2470,4.0705,0.4301,270,713,0,0,1
2471,4.2728,0.4246,269,713,0,0,1
2472,4.1418,0.4897,269,713,0,0,1
2473,4.1931,0.6031,269,713,0,0,1
2474,4.2021,0.7123,269,713,0,0,1
2475,4.0622,0.3358,269,713,0,0,1
2476,4.2082,0.4466,269,713,0,0,1
2477,4.1726,0.5865,269,713,0,0,1
2478,4.173,0.5508,268,713,0,0,1
2479,4.4346,0.5735,268,713,0,0,1
2480,3.826,0.4471,266,713,0,0,1
2481,4.2379,0.7335,265,713,0,0,1
2482,4.1342,0.3557,265,713,0,0,1
2483,4.2082,0.4638,264,713,0,0,1
2484,4.1114,0.6908,264,713,0,0,1
2485,4.2454,0.3832,262,713,0,0,1
2486,4.1556,0.5827,262,713,0,0,1
2487,4.0914,0.4545,261,713,0,0,1
2488,4.5668,0.5843,261,713,0,0,1
2489,3.9196,0.3797,261,713,0,0,1
2490,4.079,0.4673,261,713,0,0,1
2491,4.1669,0.4379,261,713,0,0,1
2492,4.1467,0.6416,261,713,0,0,1
2493,4.1933,0.7011,260,713,0,0,1
2494,4.1337,0.614,260,713,0,0,1
2495,4.1231,0.3758,260,713,0,0,1
2496,4.2007,0.3507,260,713,0,0,1
2497,4.2647,0.4585,259,713,0,0,1
2498,4.2408,0.3431,257,713,0,0,1
2499,3.9837,0.3414,257,713,0,0,1
2500,4.1759,0.7641,257,713,0,0,1
2501,4.3483,0.395,257,713,0,0,1
2502,4.0191,0.3933,256,713,0,0,1
2503,4.1089,0.4345,256,713,0,0,1
2504,4.1318,0.4064,255,713,0,0,1
2505,4.1893,0.4935,255,713,0,0,1
2506,4.2957,0.595,255,713,0,0,1
2507,4.3099,0.4803,254,713,0,0,1
2508,3.9651,0.3943,254,713,0,0,1
2509,4.1878,0.5227,254,713,0,0,1
2510,4.0872,0.4501,253,713,0,0,1
2511,4.1583,0.3793,253,713,0,0,1
2512,4.2573,0.7038,253,713,0,0,1
2513,4.116,0.4247,253,713,0,0,1
2514,4.2283,0.3986,253,713,0,0,1
2515,4.066,0.423,253,713,0,0,1
2516,4.1776,0.4589,253,713,0,0,1
2517,4.2578,0.3677,253,713,0,0,1
2518,4.1793,0.5759,253,713,0,0,1
2519,4.0648,0.4181,253,713,0,0,1
2520,4.2812,0.3508,253,713,0,0,1
2521,4.4561,0.3543,251,713,0,0,1
2522,3.7649,0.4686,251,713,0,0,1
2523,4.1943,0.4104,250,713,0,0,1
2524,4.1933,0.5208,250,713,0,0,1
2525,4.1897,0.4887,249,713,0,0,1
2526,4.1168,0.3511,249,713,0,0,1
2527,4.1602,0.4684,249,713,0,0,1
2528,4.1098,0.4276,248,713,0,0,1
2529,4.2363,0.3436,248,713,0,0,1
2530,4.1107,0.6386,248,713,0,0,1
2531,4.286,0.6689,248,713,0,0,1
2532,4.058,0.3764,248,713,0,0,1
2533,4.2902,0.4828,248,713,0,0,1
2534,4.0417,0.4222,248,713,0,0,1
2535,4.1691,0.3206,248,713,0,0,1
2536,4.1623,0.5816,282,713,0,0,1
2537,4.2914,0.7625,282,713,0,0,1
2538,4.1116,0.5027,282,713,0,0,1
2539,4.1809,0.4001,282,713,0,0,1
2540,4.0983,0.3968,282,713,0,0,1
2541,4.5073,0.4595,282,713,0,0,1
2542,3.9033,0.5791,282,713,0,0,1
2543,4.1371,0.3539,282,713,0,0,1
2544,4.2934,0.4648,282,713,0,0,1
2545,4.0399,0.4453,282,713,0,0,1
2546,4.0845,0.552,282,713,0,0,1
2547,4.2128,0.3403,282,713,0,0,1
2548,4.2044,0.5842,275,713,0,0,1
2549,4.1711,0.4355,275,713,0,0,1
2550,4.2618,0.6658,275,713,0,0,1
2551,4.0218,0.3896,274,713,0,0,1
2552,4.1428,0.4147,274,713,0,0,1
2553,4.2636,0.5593,274,713,0,0,1
2554,4.1034,0.3425,274,713,0,0,1
2555,4.2222,0.4084,274,713,0,0,1
2556,4.1545,0.4401,273,713,0,0,1
2557,4.2052,0.6055,272,713,0,0,1
2558,4.1224,0.4027,272,713,0,0,1
2559,4.1381,0.4451,272,713,0,0,1
2560,4.4808,0.6394,271,713,0,0,1
2561,3.9101,0.3665,271,713,0,0,1
2562,4.0857,0.52,270,713,0,0,1
2563,4.2539,0.426,270,713,0,0,1
2564,4.0959,0.4014,269,713,0,0,1
2565,4.2168,0.3979,269,713,0,0,1
2566,4.1181,0.4618,268,713,0,0,1
2567,4.1628,0.401,268,713,0,0,1
2568,4.2497,0.5776,268,713,0,0,1
2569,4.1571,0.4915,266,713,0,0,1
2570,4.1107,0.4613,266,713,0,0,1
2571,4.1569,0.36,266,713,0,0,1
2572,4.1819,0.3963,266,713,0,0,1
2573,4.172,0.4313,265,713,0,0,1
2574,4.2477,0.6668,265,713,0,0,1
2575,4.0769,0.496,265,713,0,0,1
2576,4.1171,0.4397,265,713,0,0,1
2577,4.258,0.5933,265,713,0,0,1
2578,4.1587,0.3758,265,713,0,0,1
2579,4.3952,0.6169,265,713,0,0,1
2580,3.9016,0.6188,264,713,0,0,1
2581,4.2228,0.5976,264,713,0,0,1
2582,4.1198,0.4037,264,713,0,0,1
2583,4.1446,0.4269,263,713,0,0,1
2584,4.1753,0.4157,261,713,0,0,1
2585,4.2249,0.3839,261,713,0,0,1
2586,4.0915,0.4493,261,713,0,0,1
2587,4.2847,0.722,261,713,0,0,1
2588,4.0653,0.354,260,713,0,0,1
2589,4.1907,0.6105,260,713,0,0,1
2590,4.1409,0.4433,260,713,0,0,1
2591,4.1516,0.3476,260,713,0,0,1
2592,4.343,0.352,260,713,0,0,1
2593,4.0038,0.4279,258,713,0,0,1
2594,4.1795,0.5703,258,713,0,0,1
2595,4.1583,0.3638,258,713,0,0,1
2596,4.526,0.6133,257,713,0,0,1
2597,3.8001,0.3772,257,713,0,0,1
2598,4.4899,0.5946,257,713,0,0,1
2599,3.891,0.4217,257,713,0,0,1
2600,4.0944,0.3824,257,713,0,0,1
2601,4.2043,0.3453,257,713,0,0,1
2602,4.1044,0.5624,257,713,0,0,1
2603,4.2974,0.4754,257,713,0,0,1
2604,4.1493,0.3869,256,713,0,0,1
2605,4.1292,0.4453,255,713,0,0,1
2606,4.2616,0.6352,255,713,0,0,1
2607,4.0205,0.33,254,713,0,0,1
2608,4.1537,0.48,254,713,0,0,1
2609,4.2677,0.4716,254,713,0,0,1
2610,4.203,0.3867,254,713,0,0,1
2611,4.311,0.4273,254,713,0,0,1
2612,3.9323,0.4384,252,713,0,0,1
2613,4.1909,0.4001,252,713,0,0,1
2614,4.2134,0.5378,252,713,0,0,1
2615,4.1473,0.5914,252,713,0,0,1
2616,4.1751,0.4023,251,713,0,0,1
2617,4.1161,0.4692,250,713,0,0,1
2618,4.16,0.6688,250,713,0,0,1
2619,4.2064,0.3509,250,713,0,0,1
2620,4.1378,0.4071,284,713,0,0,1
2621,4.1723,0.4697,284,713,0,0,1
2622,4.1201,0.5798,284,713,0,0,1
2623,4.4729,0.3574,284,713,0,0,1
2624,3.8853,0.4939,284,713,0,0,1
2625,4.1638,0.6774,283,713,0,0,1
2626,4.1815,0.4192,281,713,0,0,1
2627,4.5034,0.454,281,713,0,0,1
2628,3.8395,0.4563,280,713,0,0,1
2629,4.1573,0.5044,279,713,0,0,1
2630,4.1935,0.4937,279,713,0,0,1
2631,4.1342,0.423,272,713,0,0,1
2632,4.3177,0.7024,271,713,0,0,1
2633,4.0739,0.5287,270,713,0,0,1
2634,4.1021,0.3878,269,713,0,0,1
2635,4.218,0.4084,269,713,0,0,1
2636,4.1137,0.7077,269,713,0,0,1
2637,4.2065,0.5959,268,713,0,0,1
2638,4.1394,0.3728,268,713,0,0,1
2639,4.2207,0.5195,268,713,0,0,1
2640,4.3294,0.5585,268,713,0,0,1
2641,4.0493,0.4301,268,713,0,0,1
2642,4.1369,0.4786,268,713,0,0,1
2643,4.0952,0.48,264,713,0,0,1
2644,4.1696,0.4154,264,713,0,0,1
2645,4.2594,0.611,264,713,0,0,1
2646,4.4444,0.5344,264,713,0,0,1
2647,4.1213,0.6642,263,713,0,0,1
2648,3.8061,0.7966,263,713,0,0,1
2649,4.2387,0.6357,263,713,0,0,1
2650,4.1398,0.467,262,713,0,0,1
2651,4.1434,0.4239,262,713,0,0,1
2652,4.4832,0.5938,262,713,0,0,1
2653,3.9109,0.5227,262,713,0,0,1
2654,4.1346,0.479,262,713,0,0,1
2655,4.1501,0.3914,262,713,0,0,1
2656,4.3679,0.5038,262,713,0,0,1
2657,3.9692,0.4982,261,713,0,0,1
2658,4.2029,0.7091,261,713,0,0,1
2659,4.4745,0.5509,261,713,0,0,1
2660,3.8158,0.3626,261,713,0,0,1
2661,4.2479,0.6683,260,713,0,0,1
2662,4.1376,0.6758,260,713,0,0,1
2663,4.1289,0.3436,260,713,0,0,1
2664,4.1929,0.4523,260,713,0,0,1
2665,4.1179,0.4456,259,713,0,0,1
2666,4.1378,0.3336,259,713,0,0,1
2667,4.2342,0.3737,259,713,0,0,1
2668,4.1622,0.4539,259,713,0,0,1
2669,5.279,0.5022,259,713,0,0,1
2670,3.0309,0.3398,257,713,0,0,1
2671,4.1399,0.4276,257,713,0,0,1
2672,4.2235,0.4105,256,713,0,0,1
2673,4.1772,0.3413,256,713,0,0,1
2674,4.1508,0.7108,256,713,0,0,1
2675,4.2024,0.6919,256,713,0,0,1
2676,4.1525,0.431,254,713,0,0,1
2677,4.1697,0.5132,254,713,0,0,1
2678,4.0984,0.4305,254,713,0,0,1
2679,4.2302,0.3799,254,713,0,0,1
2680,4.1367,0.5024,254,713,0,0,1
2681,4.1427,0.4133,253,713,0,0,1
2682,4.1826,0.5787,253,713,0,0,1
2683,4.1889,0.3703,253,713,0,0,1
2684,4.1713,0.437,253,713,0,0,1
2685,4.1081,0.3809,252,713,0,0,1
2686,4.2795,0.4555,252,713,0,0,1
2687,4.1133,0.4246,252,713,0,0,1
2688,4.1862,0.8205,251,713,0,0,1
2689,4.1574,0.3671,250,713,0,0,1
2690,4.1062,0.3842,250,713,0,0,1
2691,4.2296,0.4464,250,713,0,0,1
2692,4.1366,0.5275,249,713,0,0,1
2693,5.4101,0.372,248,713,0,0,1
2694,2.9372,0.712,248,713,0,0,1
2695,4.4185,0.5666,248,713,0,0,1
2696,3.8929,0.3686,247,713,0,0,1
2697,4.2233,0.4906,247,713,0,0,1
2698,4.1941,0.4379,247,713,0,0,1
2699,4.1071,0.5232,247,713,0,0,1
2700,4.1188,0.6255,246,713,0,0,1
2701,4.4035,0.6483,246,713,0,0,1
2702,3.9783,0.3548,246,713,0,0,1
2703,4.1593,0.4151,246,713,0,0,1
2704,4.1519,0.4421,280,713,0,0,1
2705,4.172,0.3776,280,713,0,0,1
2706,4.1453,0.4437,280,713,0,0,1
2707,4.239,0.7006,279,713,0,0,1
2708,4.1338,0.4154,279,713,0,0,1
2709,4.1266,0.3738,279,713,0,0,1
2710,4.2367,0.5867,278,713,0,0,1
2711,4.1335,0.5568,278,713,0,0,1
2712,4.1189,0.5761,278,713,0,0,1
2713,4.2008,0.2876,278,713,0,0,1
2714,4.1938,0.4478,278,713,0,0,1
2715,4.1451,0.3592,269,713,0,0,1
2716,4.2247,0.3784,269,713,0,0,1
2717,4.184,0.3159,269,713,0,0,1
2718,4.0713,0.5329,269,713,0,0,1
2719,4.1673,0.5203,269,713,0,0,1
2720,4.1582,0.3,268,713,0,0,1
2721,4.285,0.4197,268,713,0,0,1
2722,4.1319,0.4381,268,713,0,0,1
2723,4.4407,0.3105,268,713,0,0,1
2724,3.9078,0.4549,268,713,0,0,1
2725,4.1248,0.4381,268,713,0,0,1
2726,4.1669,0.7311,268,713,0,0,1
2727,4.1343,0.2926,266,713,0,0,1
2728,4.2383,0.3204,266,713,0,0,1
2729,4.1766,0.4093,265,713,0,0,1
2730,4.3178,0.3429,265,713,0,0,1
2731,4.0051,0.297,265,713,0,0,1
2732,4.0855,0.438,265,713,0,0,1
2733,4.2577,0.5381,265,713,0,0,1
2734,4.1575,0.4598,265,713,0,0,1
2735,4.1095,0.3364,265,713,0,0,1
2736,4.1606,0.3647,263,713,0,0,1
2737,4.2553,0.3285,262,713,0,0,1
2738,4.2061,0.5021,262,713,0,0,1
2739,4.0531,0.6323,261,713,0,0,1
2740,4.1974,0.4057,261,713,0,0,1
2741,4.1336,0.3266,260,713,0,0,1
2742,4.2172,0.3874,260,713,0,0,1
2743,4.3283,0.4384,259,713,0,0,1
2744,3.9132,0.5564,259,713,0,0,1
2745,4.6187,0.4493,259,713,0,0,1
2746,3.8279,0.5904,259,713,0,0,1
2747,4.1289,0.5564,259,713,0,0,1
2748,4.434,0.5313,259,713,0,0,1
2749,3.8723,0.4454,259,713,0,0,1
2750,4.2237,0.4502,259,713,0,0,1
2751,4.0939,0.3387,259,713,0,0,1
2752,4.2197,0.4926,259,713,0,0,1
2753,4.1753,0.4978,259,713,0,0,1
2754,4.1135,0.3663,259,713,0,0,1
2755,4.246,0.3836,258,713,0,0,1
2756,4.0681,0.45,258,713,0,0,1
2757,4.2542,0.3942,257,713,0,0,1
2758,4.0957,0.35,257,713,0,0,1
2759,4.5563,0.5316,255,713,0,0,1
2760,3.7656,0.4315,254,713,0,0,1
2761,4.2164,0.672,253,713,0,0,1
2762,4.1965,0.6208,253,713,0,0,1
2763,4.336,0.3965,253,713,0,0,1
2764,4.0783,0.389,253,713,0,0,1
2765,4.0099,0.4336,252,713,0,0,1
2766,4.1745,0.4193,252,713,0,0,1
2767,4.1904,0.3763,252,713,0,0,1
2768,4.1083,0.4459,252,713,0,0,1
2769,4.6593,0.4572,248,713,0,0,1
2770,3.7031,0.3521,246,713,0,0,1
2771,4.1624,0.4562,246,713,0,0,1
2772,4.5089,0.7511,246,713,0,0,1
2773,4.1676,0.3695,245,713,0,0,1
2774,3.845,0.4379,245,713,0,0,1
2775,4.1505,0.4936,245,713,0,0,1
2776,4.2151,0.3981,244,713,0,0,1
2777,4.1903,0.7174,244,713,0,0,1
2778,4.1809,0.5033,244,713,0,0,1
2779,4.0922,0.3452,244,713,0,0,1
2780,4.162,0.4258,244,713,0,0,1
2781,4.2425,0.4397,244,713,0,0,1
2782,4.2013,0.6089,244,713,0,0,1
2783,4.2684,0.6554,244,713,0,0,1
2784,3.9517,0.3973,244,713,0,0,1
2785,4.2742,0.3986,243,713,0,0,1
2786,4.1437,0.4468,243,713,0,0,1
2787,4.056,0.3943,243,713,0,0,1
2788,4.2483,0.6226,277,713,0,0,1
2789,4.1393,0.469,277,713,0,0,1
2790,4.1967,0.6587,277,713,0,0,1
2791,4.1419,0.4005,277,713,0,0,1
2792,4.1349,0.4005,277,713,0,0,1
2793,4.1985,0.4592,276,713,0,0,1
2794,4.2251,0.457,276,713,0,0,1
2795,4.1068,0.3609,276,713,0,0,1
2796,4.1538,0.4062,276,713,0,0,1
2797,4.2153,0.5235,276,713,0,0,1
2798,4.1751,0.4447,276,713,0,0,1
2799,4.109,0.341,269,713,0,0,1
2800,4.3515,0.629,269,713,0,0,1
2801,4.0354,0.7656,269,713,0,0,1
2802,4.136,0.4128,269,713,0,0,1
2803,4.4197,0.5043,269,713,0,0,1
2804,3.8787,0.4362,269,713,0,0,1
2805,4.4837,0.4289,269,713,0,0,1
2806,3.9118,0.5834,269,713,0,0,1
2807,4.2028,0.6533,268,713,0,0,1
2808,4.099,0.5243,268,713,0,0,1
2809,4.2232,0.4156,268,713,0,0,1
2810,4.0961,0.3611,268,713,0,0,1
2811,4.1523,0.4402,268,713,0,0,1
2812,4.1544,0.4354,268,713,0,0,1
2813,4.2031,0.3449,268,713,0,0,1
2814,4.1634,0.4286,268,713,0,0,1
2815,4.2028,0.5171,268,713,0,0,1
2816,4.0836,0.3443,267,713,0,0,1
2817,4.2662,0.4097,266,713,0,0,1
2818,4.168,0.5961,266,713,0,0,1
2819,4.1504,0.6144,265,713,0,0,1
2820,4.3429,0.5666,265,713,0,0,1
2821,4.0144,0.5475,264,713,0,0,1
2822,4.1076,0.4414,264,713,0,0,1
2823,4.1113,0.3365,264,713,0,0,1
2824,4.1863,0.4581,264,713,0,0,1
2825,4.5073,0.4576,264,713,0,0,1
2826,3.9295,0.5805,264,713,0,0,1
2827,4.1421,0.4107,264,713,0,0,1
2828,4.0875,0.4384,263,713,0,0,1
2829,4.2269,0.4152,263,713,0,0,1
2830,4.2112,0.3983,263,713,0,0,1
2831,4.1136,0.5121,263,713,0,0,1
2832,4.1024,0.3677,263,713,0,0,1
2833,4.2971,0.6475,262,713,0,0,1
2834,4.1359,0.481,262,713,0,0,1
2835,4.4066,0.4395,260,713,0,0,1
2836,3.9416,0.394,260,713,0,0,1
2837,4.1049,0.3628,260,713,0,0,1
2838,4.1941,0.6999,260,713,0,0,1
2839,4.1967,0.6718,259,713,0,0,1
2840,4.0911,0.4228,259,713,0,0,1
2841,4.2323,0.505,259,713,0,0,1
2842,4.1233,0.4149,258,713,0,0,1
2843,4.1716,0.3669,256,713,0,0,1
2844,4.1619,0.4336,254,713,0,0,1
2845,4.2407,0.6177,254,713,0,0,1
2846,4.0915,0.381,254,713,0,0,1
2847,4.1619,0.4209,254,713,0,0,1
2848,4.2198,0.4897,252,713,0,0,1
2849,4.2333,0.3586,251,713,0,0,1
2850,4.2778,0.4323,251,713,0,0,1
2851,3.9222,0.3866,250,713,0,0,1
2852,4.1768,0.334,249,713,0,0,1
2853,4.2583,0.4751,249,713,0,0,1
2854,4.0953,0.3801,248,713,0,0,1
2855,4.1736,0.3823,247,713,0,0,1
2856,4.1433,0.477,247,713,0,0,1
2857,4.2189,0.3997,247,713,0,0,1
2858,4.1815,0.5421,247,713,0,0,1
2859,4.1044,0.4185,246,713,0,0,1
2860,4.2143,0.4022,246,713,0,0,1
2861,4.1415,0.3376,246,713,0,0,1
2862,4.1313,0.5254,245,713,0,0,1
2863,4.2034,0.6157,245,713,0,0,1
2864,4.1042,0.3369,245,713,0,0,1
2865,4.2518,0.4835,244,713,0,0,1
2866,4.1697,0.3716,244,713,0,0,1
2867,4.1614,0.472,244,713,0,0,1
2868,4.1538,0.4762,243,713,0,0,1
2869,4.1755,0.3851,243,713,0,0,1
2870,4.2116,0.7243,243,713,0,0,1
2871,4.0595,0.406,243,713,0,0,1
2872,4.1603,0.4024,277,713,0,0,1
2873,4.2416,0.3848,277,713,0,0,1
2874,4.2625,0.4877,277,713,0,0,1
2875,4.0329,0.4789,277,713,0,0,1
2876,4.1509,0.5603,277,713,0,0,1
2877,4.2581,0.6929,277,713,0,0,1
2878,4.1063,0.4303,276,713,0,0,1
2879,4.1888,0.4495,276,713,0,0,1
2880,4.0913,0.3562,276,713,0,0,1
2881,4.3134,0.4536,276,713,0,0,1
2882,4.1483,0.6522,276,713,0,0,1
2883,4.0362,0.3375,269,713,0,0,1
2884,4.2198,0.3616,269,713,0,0,1
2885,4.1984,0.5181,268,713,0,0,1
2886,4.1669,0.4311,268,713,0,0,1
2887,4.1361,0.3957,268,713,0,0,1
2888,4.1511,0.6556,268,713,0,0,1
2889,4.299,0.7092,268,713,0,0,1
2890,4.0341,0.3444,267,713,0,0,1
2891,4.2182,0.6171,267,713,0,0,1
2892,4.487,0.4869,267,713,0,0,1
2893,3.8933,0.4143,267,713,0,0,1
2894,4.0722,0.4071,267,713,0,0,1
2895,4.1569,0.4255,267,713,0,0,1
2896,4.2129,0.4805,267,713,0,0,1
2897,4.2246,0.3928,266,713,0,0,1
2898,4.1347,0.5035,265,713,0,0,1
2899,4.0667,0.4368,265,713,0,0,1
2900,4.1687,0.3432,265,713,0,0,1
2901,4.2476,0.3749,265,713,0,0,1
2902,4.1544,0.4857,265,713,0,0,1
2903,4.1447,0.4563,265,713,0,0,1
2904,4.1334,0.4023,265,713,0,0,1
2905,4.6189,0.6092,265,713,0,0,1
2906,3.803,0.4507,265,713,0,0,1
2907,4.1023,0.3367,265,713,0,0,1
2908,4.1774,0.6055,263,713,0,0,1
2909,4.1741,0.43,263,713,0,0,1
2910,4.1795,0.4285,261,713,0,0,1
2911,4.4694,0.4527,261,713,0,0,1
2912,3.8023,0.4245,260,713,0,0,1
2913,4.4361,0.427,259,713,0,0,1
2914,3.9172,0.3543,259,713,0,0,1
2915,4.1867,0.4893,258,713,0,0,1
2916,4.4204,0.5846,257,713,0,0,1
2917,3.9955,0.4039,257,713,0,0,1
2918,4.0919,0.4552,256,713,0,0,1
2919,4.16,0.4371,255,713,0,0,1
2920,4.1792,0.5689,255,713,0,0,1
2921,4.2537,0.5451,255,713,0,0,1
2922,4.1245,0.5169,255,713,0,0,1
2923,4.4884,0.3784,255,713,0,0,1
2924,3.7691,0.3825,254,713,0,0,1
2925,4.2659,0.4783,254,713,0,0,1
2926,4.139,0.4031,254,713,0,0,1
2927,4.1697,0.565,253,713,0,0,1
2928,4.0723,0.4576,253,713,0,0,1
2929,4.1751,0.4227,252,713,0,0,1
2930,4.1838,0.3781,252,713,0,0,1
2931,4.1244,0.4248,252,713,0,0,1
2932,4.397,0.6167,252,713,0,0,1
2933,4.0018,0.3781,252,713,0,0,1
2934,4.1594,0.3472,252,713,0,0,1
2935,4.2129,0.4942,252,713,0,0,1
2936,4.0804,0.3618,251,713,0,0,1
2937,4.2241,0.3815,251,713,0,0,1
2938,4.2215,0.5715,251,713,0,0,1
2939,4.1045,0.6132,251,713,0,0,1
2940,4.2165,0.4288,251,713,0,0,1
2941,4.3527,0.5078,250,713,0,0,1
2942,3.9583,0.4554,250,713,0,0,1
2943,4.0962,0.3305,250,713,0,0,1
2944,4.1458,0.4582,249,713,0,0,1
2945,4.2877,0.4112,249,713,0,0,1
2946,4.3725,0.5686,249,713,0,0,1
2947,3.9065,0.4972,249,713,0,0,1
2948,4.1273,0.4362,249,713,0,0,1
2949,4.2423,0.4183,249,713,0,0,1
2950,4.1729,0.4706,248,713,0,0,1
2951,4.2986,0.6911,248,713,0,0,1
2952,3.9529,0.3594,248,713,0,0,1
2953,4.2475,0.5005,248,713,0,0,1
2954,4.2032,0.5563,248,713,0,0,1
2955,4.0745,0.5279,248,713,0,0,1
2956,4.4996,0.5677,282,713,0,0,1
2957,3.8377,0.4659,282,713,0,0,1
2958,4.2439,0.6935,282,713,0,0,1
2959,4.0721,0.3472,281,713,0,0,1
2960,4.1437,0.3951,281,713,0,0,1
2961,4.2304,0.4932,281,713,0,0,1
2962,4.1998,0.587,281,713,0,0,1
2963,4.1024,0.3448,280,713,0,0,1
2964,4.2015,0.5179,278,713,0,0,1
2965,4.152,0.4471,278,713,0,0,1
2966,4.1955,0.6861,277,713,0,0,1
2967,4.114,0.3407,270,713,0,0,1
2968,4.184,0.5074,270,713,0,0,1
2969,4.2087,0.456,270,713,0,0,1
2970,4.1582,0.3912,270,713,0,0,1
2971,4.1399,0.6935,270,713,0,0,1
2972,4.1213,0.4442,270,713,0,0,1
2973,4.2225,0.4277,270,713,0,0,1
2974,4.1389,0.339,270,713,0,0,1
2975,4.2115,0.4943,270,713,0,0,1
2976,4.0787,0.4074,270,713,0,0,1
2977,4.2531,0.7237,269,713,0,0,1
2978,4.1542,0.4274,269,713,0,0,1
2979,4.1413,0.4366,269,713,0,0,1
2980,4.5215,0.4171,269,713,0,0,1
2981,3.8205,0.3409,269,713,0,0,1
2982,4.4504,0.5857,269,713,0,0,1
2983,3.8996,0.6571,267,713,0,0,1
2984,4.1035,0.3553,267,713,0,0,1
2985,4.2331,0.3477,267,713,0,0,1
2986,4.153,0.4349,267,713,0,0,1
2987,4.1914,0.4465,265,713,0,0,1
2988,4.1461,0.3846,265,713,0,0,1
2989,4.0894,0.6954,265,713,0,0,1
2990,4.2515,0.6716,265,713,0,0,1
2991,4.1147,0.3424,265,713,0,0,1
2992,4.2448,0.3974,264,713,0,0,1
2993,4.1625,0.4814,263,713,0,0,1
2994,4.2114,0.421,263,713,0,0,1
2995,4.1216,0.5303,262,713,0,0,1
2996,4.1003,0.4357,262,713,0,0,1
2997,4.2332,0.501,262,713,0,0,1
2998,4.1361,0.3723,262,713,0,0,1
2999,4.1957,0.4218,262,713,0,0,1
3000,4.101,0.4638,262,713,0,0,1
3001,4.2504,0.407,262,713,0,0,1
3002,4.2175,0.5557,262,713,0,0,1
3003,4.051,0.6691,262,713,0,0,1
3004,4.2002,0.4875,262,713,0,0,1
3005,4.1251,0.3619,261,713,0,0,1
3006,4.4953,0.4325,261,713,0,0,1
3007,3.9095,0.4437,259,713,0,0,1
3008,4.0981,0.5504,258,713,0,0,1
3009,4.2743,0.5108,257,713,0,0,1
3010,4.125,0.5741,257,713,0,0,1
3011,4.169,0.6063,257,713,0,0,1
3012,4.164,0.3971,257,713,0,0,1
3013,4.134,0.4642,257,713,0,0,1
3014,4.3415,0.4104,257,713,0,0,1
3015,3.9738,0.3397,257,713,0,0,1
3016,4.2133,0.5167,257,713,0,0,1
3017,4.2113,0.4747,257,713,0,0,1
3018,4.1336,0.4695,257,713,0,0,1
3019,4.0973,0.4441,257,713,0,0,1
3020,4.1727,0.5646,256,713,0,0,1
3021,4.2191,0.5606,256,713,0,0,1
3022,4.1213,0.3505,256,713,0,0,1
3023,4.2509,0.4811,256,713,0,0,1
3024,4.0749,0.4147,256,713,0,0,1
3025,4.163,0.3436,256,713,0,0,1
3026,4.2393,0.4417,256,713,0,0,1
3027,4.0906,0.4208,256,713,0,0,1
3028,4.1458,0.5007,256,713,0,0,1
3029,4.2238,0.4361,255,713,0,0,1
3030,4.4806,0.6169,255,713,0,0,1
3031,3.8844,0.4368,255,713,0,0,1
3032,4.1098,0.4816,254,713,0,0,1
3033,4.2178,0.6911,254,713,0,0,1
3034,4.1726,0.3365,254,713,0,0,1
3035,4.1448,0.6564,253,713,0,0,1
3036,4.1879,0.5086,253,713,0,0,1
3037,4.4728,0.3481,253,713,0,0,1
3038,4.1231,0.4384,253,713,0,0,1
3039,3.8389,0.4076,253,713,0,0,1
3040,4.3201,0.4445,287,713,0,0,1
3041,4.0956,0.6244,287,713,0,0,1
3042,4.1626,0.7598,287,713,0,0,1
3043,4.1233,0.4747,287,713,0,0,1
3044,4.1426,0.4666,287,713,0,0,1
3045,4.2074,0.3915,286,713,0,0,1
3046,4.1937,0.5235,285,713,0,0,1
3047,4.251,0.5073,285,713,0,0,1
3048,3.9754,0.3898,285,713,0,0,1
3049,4.2538,0.4484,285,713,0,0,1
3050,4.1311,0.4622,285,713,0,0,1
3051,4.2346,0.6935,278,713,0,0,1
3052,4.1518,0.616,278,713,0,0,1
3053,4.1074,0.3568,278,713,0,0,1
3054,4.2506,0.6861,277,713,0,0,1
3055,4.0837,0.418,277,713,0,0,1
3056,4.1635,0.3653,277,713,0,0,1
3057,4.4802,0.5346,277,713,0,0,1
3058,4.248,0.469,277,713,0,0,1
3059,3.8546,0.7566,277,713,0,0,1
3060,4.1359,0.4049,276,713,0,0,1
3061,4.0901,0.3768,276,713,0,0,1
3062,4.2371,0.491,275,713,0,0,1
3063,4.1224,0.4086,275,713,0,0,1
3064,4.1842,0.4299,275,713,0,0,1
3065,4.2278,0.7274,275,713,0,0,1
3066,4.1265,0.6188,274,713,0,0,1
3067,4.4095,0.3339,274,713,0,0,1
3068,3.8926,0.3721,272,713,0,0,1
3069,4.1557,0.6689,272,713,0,0,1
3070,4.1616,0.4209,271,713,0,0,1
3071,4.2684,0.5528,270,713,0,0,1
3072,4.074,0.4727,270,713,0,0,1
3073,4.453,0.5643,269,713,0,0,1
3074,3.9529,0.4079,268,713,0,0,1
3075,4.0957,0.3553,267,713,0,0,1
3076,4.2209,0.4674,267,713,0,0,1
3077,4.1205,0.3933,267,713,0,0,1
3078,4.3335,0.6214,267,713,0,0,1
3079,4.0381,0.487,267,713,0,0,1
3080,4.1003,0.4037,267,713,0,0,1
3081,4.1606,0.3626,266,713,0,0,1
3082,4.2538,0.4524,266,713,0,0,1
3083,4.3155,0.4231,265,713,0,0,1
3084,4.1723,0.6699,265,713,0,0,1
3085,3.9342,0.3516,263,713,0,0,1
3086,4.2582,0.4873,262,713,0,0,1
3087,4.0728,0.3574,260,713,0,0,1
3088,4.1852,0.4425,260,713,0,0,1
3089,4.1632,0.4323,260,713,0,0,1
3090,4.3156,0.7092,260,713,0,0,1
3091,4.0467,0.379,260,713,0,0,1
3092,4.1262,0.4207,260,713,0,0,1
3093,4.5413,0.6207,259,713,0,0,1
3094,3.823,0.354,259,713,0,0,1
3095,4.2013,0.4276,258,713,0,0,1
3096,4.1114,0.4444,256,713,0,0,1
3097,4.2051,0.6439,255,713,0,0,1
3098,4.2625,0.392,255,713,0,0,1
3099,4.0898,0.4238,255,713,0,0,1
3100,4.123,0.3697,255,713,0,0,1
3101,4.1792,0.3705,255,713,0,0,1
3102,4.2135,0.6772,255,713,0,0,1
3103,4.1403,0.5632,255,713,0,0,1
3104,4.1394,0.3453,255,713,0,0,1
3105,4.2496,0.4919,255,713,0,0,1
3106,4.1525,0.5235,254,713,0,0,1
3107,4.4124,0.7467,254,713,0,0,1
3108,3.9049,0.4635,254,713,0,0,1
3109,4.1114,0.3883,251,713,0,0,1
3110,4.2506,0.4081,251,713,0,0,1
3111,4.0964,0.4257,251,713,0,0,1
3112,4.1439,0.3983,250,713,0,0,1
3113,4.2407,0.3802,249,713,0,0,1
3114,4.2135,0.4288,249,713,0,0,1
3115,4.1973,0.4038,248,713,0,0,1
3116,4.0032,0.3423,248,713,0,0,1
3117,4.469,0.5795,248,713,0,0,1
3118,3.903,0.4001,248,713,0,0,1
3119,4.2194,0.3769,248,713,0,0,1
3120,4.093,0.4543,247,713,0,0,1
3121,4.1659,0.6744,247,713,0,0,1
3122,4.3723,0.3714,247,713,0,0,1
3123,3.9802,0.4268,246,713,0,0,1
3124,4.1837,0.4205,280,713,0,0,1
3125,4.1244,0.3644,280,713,0,0,1
3126,4.1859,0.4377,280,713,0,0,1
3127,4.2032,0.6653,280,713,0,0,1
3128,4.1285,0.3838,279,713,0,0,1
3129,4.2417,0.5258,279,713,0,0,1
3130,4.1148,0.4385,279,713,0,0,1
3131,4.1985,0.5241,279,713,0,0,1
3132,4.1308,0.391,278,713,0,0,1
3133,4.2193,0.509,278,713,0,0,1
3134,4.0818,0.4539,278,713,0,0,1
3135,4.1533,0.4268,271,713,0,0,1
3136,4.4501,0.5206,270,713,0,0,1
3137,3.8851,0.3552,269,713,0,0,1
3138,4.2625,0.4925,269,713,0,0,1
3139,4.1246,0.3906,269,713,0,0,1
3140,4.1681,0.5689,269,713,0,0,1
3141,4.177,0.7209,269,713,0,0,1
3142,4.1324,0.4399,269,713,0,0,1
3143,4.2202,0.4425,269,713,0,0,1
3144,4.114,0.4045,269,713,0,0,1
3145,4.2235,0.6274,268,713,0,0,1
3146,4.1764,0.5925,267,713,0,0,1
3147,4.0868,0.3462,267,713,0,0,1
3148,4.3114,0.5275,267,713,0,0,1
3149,4.0288,0.442,267,713,0,0,1
3150,4.5501,0.4512,266,713,0,0,1
3151,3.8419,0.7737,266,713,0,0,1
3152,4.0894,0.7206,266,713,0,0,1
3153,4.1996,0.6728,266,713,0,0,1
3154,4.2152,0.3675,265,713,0,0,1
3155,4.1904,0.408,265,713,0,0,1
3156,4.1352,0.8234,265,713,0,0,1
3157,4.781,0.6598,264,713,0,0,1
3158,7.8693,0.3786,264,713,0,0,1
3159,4.1923,0.6945,264,713,0,0,1
3160,4.577,0.4731,264,713,0,0,1
3161,3.8083,0.4587,263,713,0,0,1
3162,8.2353,0.374,263,713,0,0,1
3163,4.212,0.4536,263,713,0,0,1
3164,4.1344,0.4231,263,713,0,0,1
3165,4.15,0.3541,262,713,0,0,1
3166,4.1548,0.4849,261,713,0,0,1
3167,4.2622,0.4749,261,713,0,0,1
3168,4.0643,0.389,261,713,0,0,1
3169,4.1844,0.365,261,713,0,0,1
3170,4.3698,0.5886,259,713,0,0,1
3171,3.9537,0.4105,259,713,0,0,1
3172,4.3338,0.3853,259,713,0,0,1
3173,4.0721,0.4756,258,713,0,0,1
3174,4.1116,0.44,258,713,0,0,1
3175,4.2281,0.369,257,713,0,0,1
3176,4.1217,0.4253,257,713,0,0,1
3177,4.4859,0.5449,256,713,0,0,1
3178,4.3434,0.6755,256,713,0,0,1
3179,4.006,0.343,255,713,0,0,1
3180,7.9956,0.4984,255,713,0,0,1
3181,4.1281,0.4206,255,713,0,0,1
3182,4.4967,0.5467,255,713,0,0,1
3183,4.6006,0.448,255,713,0,0,1
3184,3.4874,0.481,255,713,0,0,1
3185,4.0987,0.3787,255,713,0,0,1
3186,4.1545,0.3607,254,713,0,0,1
3187,4.2342,0.5391,253,713,0,0,1
3188,4.1453,0.6343,253,713,0,0,1
3189,8.3696,0.4552,252,713,0,0,1
3190,4.1541,0.4832,252,713,0,0,1
3191,4.0867,0.3973,252,713,0,0,1
3192,4.2438,0.5311,251,713,0,0,1
3193,4.0904,0.448,251,713,0,0,1
3194,4.2477,0.4795,250,713,0,0,1
3195,4.0918,0.6076,249,713,0,0,1
3196,4.2832,1.7371,249,713,0,0,1
3197,4.42,0.538,249,713,0,0,1
3198,3.7682,0.5525,249,713,0,0,1
3199,4.1063,0.3355,249,713,0,0,1
3200,4.1712,0.3431,249,713,0,0,1
3201,4.1398,0.5612,249,713,0,0,1
3202,4.1218,0.3628,249,713,0,0,1
3203,4.1979,0.4343,249,713,0,0,1
3204,4.2276,0.5314,283,713,0,0,1
3205,4.1487,0.3681,282,713,0,0,1
3206,4.2678,0.6815,281,713,0,0,1
3207,4.1335,0.4663,280,713,0,0,1
3208,4.0488,0.3894,280,713,0,0,1
3209,4.21,0.4052,279,713,0,0,1
3210,4.1774,0.7141,278,713,0,0,1
3211,4.1777,0.453,278,713,0,0,1
3212,4.1618,0.6466,278,713,0,0,1
3213,4.0878,0.3496,278,713,0,0,1
3214,4.2349,0.5591,278,713,0,0,1
3215,4.1225,0.4497,271,713,0,0,1
3216,4.1593,0.3937,271,713,0,0,1
3217,4.1623,0.3547,271,713,0,0,1
3218,4.373,0.8079,270,713,0,0,1
3219,4.1238,0.7604,270,713,0,0,1
3220,4.0011,0.3669,269,713,0,0,1
3221,4.2135,0.42,269,713,0,0,1
3222,4.1918,0.6162,269,713,0,0,1
3223,4.125,0.5224,269,713,0,0,1
3224,4.1438,0.3601,269,713,0,0,1
3225,4.1997,0.6973,269,713,0,0,1
3226,4.1464,0.4334,269,713,0,0,1
3227,4.15,0.3711,269,713,0,0,1
3228,4.1204,0.5133,267,713,0,0,1
3229,4.246,0.4899,266,713,0,0,1
3230,4.1543,0.4037,266,713,0,0,1
3231,4.1822,0.5115,265,713,0,0,1
3232,4.1361,0.4404,265,713,0,0,1
3233,4.1918,0.5327,265,713,0,0,1
3234,4.1418,0.3957,263,713,0,0,1
3235,4.2503,0.4047,263,713,0,0,1
3236,4.0718,0.4671,263,713,0,0,1
3237,4.2482,0.6515,263,713,0,0,1
3238,4.1502,0.3862,263,713,0,0,1
3239,4.1099,0.471,263,713,0,0,1
3240,4.2245,0.5016,263,713,0,0,1
3241,4.0864,0.3913,262,713,0,0,1
3242,4.2146,0.381,262,713,0,0,1
3243,4.1604,0.661,261,713,0,0,1
3244,4.1443,0.603,261,713,0,0,1
3245,4.2327,0.5755,261,713,0,0,1
3246,4.1395,0.4653,261,713,0,0,1
3247,4.1932,0.4779,261,713,0,0,1
3248,4.1356,0.3838,261,713,0,0,1
3249,4.1474,0.376,261,713,0,0,1
3250,4.1969,0.7082,261,713,0,0,1
3251,4.105,0.3487,261,713,0,0,1
3252,4.261,0.4184,261,713,0,0,1
3253,4.1066,0.4529,261,713,0,0,1
3254,4.4317,0.4034,261,713,0,0,1
3255,3.9491,0.3452,259,713,0,0,1
3256,4.1073,0.5711,259,713,0,0,1
3257,4.1992,0.7187,259,713,0,0,1
3258,4.1617,0.3892,258,713,0,0,1
3259,4.1937,0.4943,257,713,0,0,1
3260,4.0952,0.4329,256,713,0,0,1
3261,4.1757,0.5432,254,713,0,0,1
3262,4.244,0.3496,254,713,0,0,1
3263,4.0958,0.4583,254,713,0,0,1
3264,4.2247,0.4442,253,713,0,0,1
3265,4.1089,0.3682,252,713,0,0,1
3266,4.1886,0.471,252,713,0,0,1
3267,4.2236,0.413,252,713,0,0,1
3268,4.0988,0.3467,251,713,0,0,1
3269,4.1919,0.6532,249,713,0,0,1
3270,4.1874,0.4704,248,713,0,0,1
3271,4.4201,0.3984,248,713,0,0,1
3272,3.9082,0.4666,247,713,0,0,1
3273,4.4551,0.6031,246,713,0,0,1
3274,4.3298,0.5269,245,713,0,0,1
3275,3.6968,0.4285,245,713,0,0,1
3276,4.287,0.7246,245,713,0,0,1
3277,4.1129,0.3921,245,713,0,0,1
3278,4.1603,0.4907,245,713,0,0,1
3279,4.1481,0.4469,245,713,0,0,1
3280,4.0973,0.4959,245,713,0,0,1
3281,4.2176,0.4394,245,713,0,0,1
3282,4.1768,0.4058,245,713,0,0,1
3283,4.1587,0.4694,245,713,0,0,1
3284,4.0735,0.4204,245,713,0,0,1
3285,4.5833,0.8011,245,713,0,0,1
3286,3.8619,0.5373,245,713,0,0,1
3287,4.0938,0.4326,245,713,0,0,1
3288,4.1686,0.6326,279,713,0,0,1
3289,4.1645,0.3982,278,713,0,0,1
3290,4.1995,0.4478,278,713,0,0,1
3291,4.199,0.4558,278,713,0,0,1
3292,4.1131,0.364,278,713,0,0,1
3293,4.366,0.3701,278,713,0,0,1
3294,4.0382,0.4451,278,713,0,0,1
3295,4.1907,0.417,278,713,0,0,1
3296,4.0591,0.4146,277,713,0,0,1
3297,4.232,0.4907,277,713,0,0,1
3298,4.0747,0.408,277,713,0,0,1
3299,4.1815,0.3587,270,713,0,0,1
3300,4.2232,0.3528,270,713,0,0,1
3301,4.2131,0.6852,269,713,0,0,1
3302,4.1567,0.4792,269,713,0,0,1
3303,4.1326,0.338,269,713,0,0,1
3304,4.1388,0.4178,269,713,0,0,1
3305,4.2101,0.6902,269,713,0,0,1
3306,4.2477,0.4649,269,713,0,0,1
3307,4.1882,0.5374,269,713,0,0,1
3308,4.0001,0.464,269,713,0,0,1
3309,4.2194,0.6563,269,713,0,0,1
3310,4.199,0.3977,269,713,0,0,1
3311,4.3856,0.4382,269,713,0,0,1
3312,3.9408,0.6783,269,713,0,0,1
3313,4.1027,0.3741,269,713,0,0,1
3314,4.262,0.3974,268,713,0,0,1
3315,4.504,0.4616,268,713,0,0,1
3316,3.7408,0.5766,268,713,0,0,1
3317,4.2155,0.4098,268,713,0,0,1
3318,4.3575,0.4534,268,713,0,0,1
3319,3.9064,0.4337,268,713,0,0,1
3320,4.2794,0.4491,268,713,0,0,1
3321,4.0565,0.3564,267,713,0,0,1
3322,4.5601,0.4807,266,713,0,0,1
3323,3.7897,0.3943,265,713,0,0,1
3324,4.1889,0.4254,264,713,0,0,1
3325,4.2086,0.4517,263,713,0,0,1
3326,4.3191,0.4633,263,713,0,0,1
3327,4.2504,0.3359,262,713,0,0,1
3328,3.8775,0.4315,262,713,0,0,1
3329,4.2065,0.4761,262,713,0,0,1
3330,4.1506,0.4768,261,713,0,0,1
3331,4.1736,0.5414,261,713,0,0,1
3332,4.1159,0.4243,261,713,0,0,1
3333,4.1706,0.3822,261,713,0,0,1
3334,4.2369,0.3956,259,713,0,0,1
3335,4.1039,0.4139,259,713,0,0,1
3336,4.1686,0.3926,259,713,0,0,1
3337,4.1571,0.3418,259,713,0,0,1
3338,4.2163,0.7346,258,713,0,0,1
3339,4.1264,0.4329,257,713,0,0,1
3340,4.1447,0.3331,257,713,0,0,1
3341,4.149,0.5481,256,713,0,0,1
3342,4.2248,0.4526,254,713,0,0,1
3343,4.2103,0.3404,252,713,0,0,1
3344,4.1787,0.5527,251,713,0,0,1
3345,4.1281,0.6682,251,713,0,0,1
3346,4.2913,0.4338,250,713,0,0,1
3347,4.0077,0.4471,250,713,0,0,1
3348,4.2253,0.4715,250,713,0,0,1
3349,4.1602,0.3686,250,713,0,0,1
3350,4.1344,0.4186,250,713,0,0,1
3351,4.1808,0.4465,250,713,0,0,1
3352,4.139,0.3462,249,713,0,0,1
3353,4.216,0.4984,248,713,0,0,1
3354,4.1739,0.5197,248,713,0,0,1
3355,4.1584,0.455,247,713,0,0,1
3356,4.1252,0.4457,245,713,0,0,1
3357,4.1899,0.6956,245,713,0,0,1
3358,4.1857,0.3936,244,713,0,0,1
3359,4.1221,0.4436,243,713,0,0,1
3360,4.187,0.4223,243,713,0,0,1
3361,4.1503,0.3482,243,713,0,0,1
3362,4.3666,0.6868,243,713,0,0,1
3363,3.9744,0.6011,243,713,0,0,1
3364,4.1582,0.3333,243,713,0,0,1
3365,4.191,0.6737,243,713,0,0,1
3366,4.1632,0.3939,242,713,0,0,1
3367,4.16,0.3634,241,713,0,0,1
3368,4.1807,0.4784,241,713,0,0,1
3369,4.1685,0.5996,241,713,0,0,1
3370,4.2373,0.3283,240,713,0,0,1
3371,4.0431,0.4003,240,713,0,0,1
3372,4.5673,0.442,274,713,0,0,1
3373,3.8417,0.3918,274,713,0,0,1
3374,4.1838,0.4906,273,713,0,0,1
3375,4.1312,0.4386,273,713,0,0,1
3376,4.1372,0.3861,272,713,0,0,1
3377,4.1658,0.5885,272,713,0,0,1
3378,4.2138,0.5087,272,713,0,0,1
3379,4.1877,0.4595,272,713,0,0,1
3380,4.0608,0.348,272,713,0,0,1
3381,4.4673,0.6943,272,713,0,0,1
3382,3.999,0.694,272,713,0,0,1
3383,4.0868,0.3447,265,713,0,0,1
3384,4.1698,0.4555,265,713,0,0,1
3385,4.1234,0.4351,265,713,0,0,1
3386,4.2254,0.6517,265,713,0,0,1
3387,4.2021,0.3614,265,713,0,0,1
3388,4.1432,0.6899,264,713,0,0,1
3389,4.2296,0.5865,264,713,0,0,1
3390,4.1002,0.4405,263,713,0,0,1
3391,4.48,0.4384,263,713,0,0,1
3392,3.8611,0.4546,263,713,0,0,1
3393,4.1453,0.5656,263,713,0,0,1
3394,4.3673,0.5177,263,713,0,0,1
3395,3.9347,0.4158,262,713,0,0,1
3396,4.1918,0.4141,262,713,0,0,1
3397,4.2036,0.3986,262,713,0,0,1
3398,4.123,0.4279,262,713,0,0,1
3399,4.3342,0.3932,262,713,0,0,1
3400,4.0425,0.5542,261,713,0,0,1
3401,4.129,0.4262,260,713,0,0,1
3402,4.1635,0.4755,260,713,0,0,1
3403,4.2096,0.3995,260,713,0,0,1
3404,4.1532,0.649,259,713,0,0,1
3405,4.1031,0.4171,259,713,0,0,1
3406,4.2297,0.4051,259,713,0,0,1
3407,4.1206,0.4372,259,713,0,0,1
3408,4.1523,0.5028,259,713,0,0,1
3409,4.2272,0.3633,259,713,0,0,1
3410,4.4514,0.5119,259,713,0,0,1
3411,3.8008,0.4318,258,713,0,0,1
3412,4.2102,0.5697,258,713,0,0,1
3413,4.1515,0.3484,257,713,0,0,1
3414,4.1949,0.5455,257,713,0,0,1
3415,4.2076,0.469,257,713,0,0,1
3416,4.1508,0.5577,257,713,0,0,1
3417,4.4972,0.6848,257,713,0,0,1
3418,4.0716,0.3826,257,713,0,0,1
3419,3.8788,0.3395,257,713,0,0,1
3420,4.1745,0.4352,257,713,0,0,1
3421,4.1935,0.442,257,713,0,0,1
3422,4.2259,0.4167,257,713,0,0,1
3423,4.2707,0.39,256,713,0,0,1
3424,3.975,0.5337,256,713,0,0,1
3425,4.3557,0.5451,256,713,0,0,1
3426,3.9931,0.5308,255,713,0,0,1
3427,4.2005,0.5122,255,713,0,0,1
3428,4.1666,0.7518,255,713,0,0,1
3429,4.1505,0.4465,253,713,0,0,1
3430,4.2287,0.4772,253,713,0,0,1
3431,4.0694,0.4402,253,713,0,0,1
3432,4.2273,0.526,253,713,0,0,1
3433,4.1094,0.4401,253,713,0,0,1
3434,4.2112,0.396,253,713,0,0,1
3435,4.1409,0.3496,253,713,0,0,1
3436,4.1348,0.5271,253,713,0,0,1
3437,4.1919,0.3923,253,713,0,0,1
3438,4.2475,0.3675,252,713,0,0,1
3439,4.1615,0.7054,252,713,0,0,1
3440,4.1237,0.4615,252,713,0,0,1
3441,4.182,0.3887,252,713,0,0,1
3442,4.4714,0.5694,251,713,0,0,1
3443,3.8189,0.4259,251,713,0,0,1
3444,4.194,0.5472,250,713,0,0,1
3445,4.1638,0.4262,250,713,0,0,1
3446,4.1734,0.4405,250,713,0,0,1
3447,4.149,0.369,250,713,0,0,1
3448,4.1328,0.4235,250,713,0,0,1
3449,4.1982,0.4342,250,713,0,0,1
3450,4.242,0.4146,250,713,0,0,1
3451,4.1689,0.6464,250,713,0,0,1
3452,4.0718,0.4706,249,713,0,0,1
3453,4.1653,0.3657,248,713,0,0,1
3454,4.2446,0.4499,248,713,0,0,1
3455,4.1101,0.4213,248,713,0,0,1
3456,4.1119,0.4094,282,713,0,0,1
3457,4.2484,0.3535,282,713,0,0,1
3458,4.3428,0.7363,282,713,0,0,1
3459,3.9864,0.4874,282,713,0,0,1
3460,4.134,0.3676,281,713,0,0,1
3461,4.1867,0.4816,281,713,0,0,1
3462,4.171,0.4992,281,713,0,0,1
3463,4.2023,0.7276,281,713,0,0,1
3464,4.2226,0.6507,280,713,0,0,1
3465,4.0389,0.3565,280,713,0,0,1
3466,4.2357,0.5109,279,713,0,0,1
3467,4.0961,0.3974,272,713,0,0,1
3468,4.4173,0.7747,272,713,0,0,1
3469,3.9275,0.4171,272,713,0,0,1
3470,4.239,0.4362,272,713,0,0,1
3471,4.1555,0.4439,272,713,0,0,1
3472,4.1176,0.4024,272,713,0,0,1
3473,4.151,0.4833,272,713,0,0,1
3474,4.2404,0.6032,272,713,0,0,1
3475,4.1533,0.3724,272,713,0,0,1
3476,4.0763,0.3632,272,713,0,0,1
3477,4.2301,0.7227,271,713,0,0,1
3478,4.2785,0.4419,271,713,0,0,1
3479,4.0082,0.3498,270,713,0,0,1
3480,4.2273,0.4902,270,713,0,0,1
3481,4.0996,0.4237,269,713,0,0,1
3482,4.2485,0.3542,268,713,0,0,1
3483,4.1374,0.6755,268,713,0,0,1
3484,4.1477,0.4389,268,713,0,0,1
3485,4.1842,0.5579,268,713,0,0,1
3486,4.1666,0.4486,268,713,0,0,1
3487,4.1273,0.5376,268,713,0,0,1
3488,4.1991,0.3929,268,713,0,0,1
3489,4.1399,0.3719,268,713,0,0,1
3490,4.405,0.4328,268,713,0,0,1
3491,3.9435,0.4567,267,713,0,0,1
3492,4.2304,0.4252,267,713,0,0,1
3493,4.1604,0.3951,267,713,0,0,1
3494,4.3785,0.5714,266,713,0,0,1
3495,3.9035,0.7723,264,713,0,0,1
3496,4.2131,0.439,264,713,0,0,1
3497,4.0839,0.6481,263,713,0,0,1
3498,4.2043,0.483,262,713,0,0,1
3499,4.2038,0.3909,261,713,0,0,1
3500,4.1703,0.4371,261,713,0,0,1
3501,4.3363,0.4258,259,713,0,0,1
3502,4.0067,0.6269,259,713,0,0,1
3503,4.0831,0.3459,259,713,0,0,1
3504,4.2297,0.5359,259,713,0,0,1
3505,4.1854,0.5273,258,713,0,0,1
3506,4.1722,0.4417,258,713,0,0,1
3507,4.1502,0.6074,258,713,0,0,1
3508,4.1315,0.3822,258,713,0,0,1
3509,4.1786,0.3415,257,713,0,0,1
3510,4.1757,0.4311,256,713,0,0,1
3511,4.1547,0.4077,255,713,0,0,1
3512,4.2159,0.3744,255,713,0,0,1
3513,4.1332,0.6952,255,713,0,0,1
3514,4.2956,0.4027,255,713,0,0,1
3515,4.003,0.3384,255,713,0,0,1
3516,4.3934,0.7144,255,713,0,0,1
3517,3.9968,0.5776,254,713,0,0,1
3518,4.1765,0.3967,254,713,0,0,1
3519,4.3101,0.409,254,713,0,0,1
3520,3.9696,0.4314,254,713,0,0,1
3521,4.1649,0.3569,254,713,0,0,1
3522,4.2012,0.3712,253,713,0,0,1
3523,4.1875,0.4931,253,713,0,0,1
3524,4.1829,0.4276,253,713,0,0,1
3525,4.3994,0.5284,253,713,0,0,1
3526,3.9392,0.4368,253,713,0,0,1
3527,4.0828,0.402,253,713,0,0,1
3528,4.5084,0.4917,252,713,0,0,1
3529,3.8646,0.6822,252,713,0,0,1
3530,4.4942,0.3898,251,713,0,0,1
3531,3.8232,0.3673,251,713,0,0,1
3532,4.1518,0.585,251,713,0,0,1
3533,4.3155,0.5792,250,713,0,0,1
3534,4.07,0.3739,250,713,0,0,1
3535,4.2113,0.5159,250,713,0,0,1
3536,4.1285,0.4684,250,713,0,0,1
3537,4.1609,0.3788,249,713,0,0,1
3538,4.4489,0.4362,249,713,0,0,1
3539,3.8402,0.3974,249,713,0,0,1
3540,4.2209,0.4162,283,713,0,0,1
3541,4.1384,0.7082,283,713,0,0,1
3542,4.2037,0.5205,283,713,0,0,1
3543,4.0788,0.4217,283,713,0,0,1
3544,4.1883,0.5259,283,713,0,0,1
3545,4.3148,0.534,283,713,0,0,1
3546,4.0712,0.474,283,713,0,0,1
3547,4.1244,0.4271,283,713,0,0,1
3548,4.1821,0.4062,283,713,0,0,1
3549,4.498,0.3775,282,713,0,0,1
3550,3.8249,0.4701,282,713,0,0,1
3551,4.1635,0.4153,275,713,0,0,1
3552,4.2364,0.6061,275,713,0,0,1
3553,4.4646,0.473,274,713,0,0,1
3554,3.8487,0.5046,273,713,0,0,1
3555,4.1592,0.4815,273,713,0,0,1
3556,4.092,0.5601,272,713,0,0,1
3557,4.2393,0.4631,272,713,0,0,1
3558,4.1966,0.4866,272,713,0,0,1
3559,4.1402,0.4274,272,713,0,0,1
3560,4.1488,0.4709,272,713,0,0,1
3561,4.2266,0.5789,272,713,0,0,1
3562,4.2419,0.4329,272,713,0,0,1
3563,3.9702,0.3449,272,713,0,0,1
3564,4.1813,0.5346,272,713,0,0,1
3565,4.1543,0.4449,272,713,0,0,1
3566,4.2489,0.4562,272,713,0,0,1
3567,4.2125,0.3734,271,713,0,0,1
3568,4.0675,0.4497,271,713,0,0,1
3569,4.2083,0.5724,270,713,0,0,1
3570,4.2049,0.446,269,713,0,0,1
3571,4.0829,0.3548,268,713,0,0,1
3572,4.2181,0.5392,268,713,0,0,1
3573,4.1511,0.7355,268,713,0,0,1
3574,4.1987,0.3913,268,713,0,0,1
3575,4.1022,0.3707,268,713,0,0,1
3576,4.1484,0.619,268,713,0,0,1
3577,4.1726,0.4218,267,713,0,0,1
3578,4.2033,0.3991,267,713,0,0,1
3579,4.1334,0.6151,265,713,0,0,1
3580,4.1542,0.6077,265,713,0,0,1
3581,4.2515,0.4179,265,713,0,0,1
3582,4.3677,0.4538,265,713,0,0,1
3583,4.1546,0.7376,265,713,0,0,1
3584,3.9337,0.4049,265,713,0,0,1
3585,4.1363,0.3468,265,713,0,0,1
3586,4.2878,0.4389,264,713,0,0,1
3587,4.0289,0.3985,264,713,0,0,1
3588,4.1786,0.4913,262,713,0,0,1
3589,4.2204,0.4368,262,713,0,0,1
3590,4.2469,0.6692,262,713,0,0,1
3591,4.04,0.3716,262,713,0,0,1
3592,4.5424,0.472,262,713,0,0,1
3593,3.8403,0.4766,262,713,0,0,1
3594,4.149,0.4162,261,713,0,0,1
3595,4.1916,0.3559,261,713,0,0,1
3596,4.4065,0.5772,260,713,0,0,1
3597,3.8875,0.6621,260,713,0,0,1
3598,4.2479,0.3828,260,713,0,0,1
3599,4.0799,0.4406,260,713,0,0,1
3600,4.1898,0.4612,259,713,0,0,1
3601,4.1341,0.3679,259,713,0,0,1
3602,4.2124,0.53,259,713,0,0,1
3603,4.1583,0.498,259,713,0,0,1
3604,4.1179,0.356,257,713,0,0,1
3605,4.1614,0.8098,257,713,0,0,1
3606,4.637,0.5237,257,713,0,0,1
3607,3.8213,0.6676,257,713,0,0,1
3608,4.088,0.3524,257,713,0,0,1
3609,4.1426,0.4382,257,713,0,0,1
3610,4.3813,0.6283,256,713,0,0,1
3611,3.9638,0.345,256,713,0,0,1
3612,4.4792,0.613,256,713,0,0,1
3613,3.9203,0.4608,256,713,0,0,1
3614,4.1964,0.3638,256,713,0,0,1
3615,4.0515,0.3645,256,713,0,0,1
3616,4.2056,0.4752,256,713,0,0,1
3617,4.1519,0.5579,256,713,0,0,1
3618,4.1762,0.3546,255,713,0,0,1
3619,4.1098,0.4659,254,713,0,0,1
3620,4.1749,0.5471,254,713,0,0,1
3621,4.2138,0.3313,252,713,0,0,1
3622,4.1713,0.4255,251,713,0,0,1
3623,4.1669,0.4022,251,713,0,0,1
3624,4.1227,0.4191,285,713,0,0,1
3625,4.4711,0.4866,284,713,0,0,1
3626,3.893,0.7003,284,713,0,0,1
3627,4.1569,0.5965,284,713,0,0,1
3628,4.1846,0.3553,284,713,0,0,1
3629,4.5366,0.4676,283,713,0,0,1
3630,3.8267,0.5749,283,713,0,0,1
3631,4.1364,0.4329,283,713,0,0,1
3632,4.1295,0.4631,283,713,0,0,1
3633,4.2455,0.681,281,713,0,0,1
3634,4.0915,0.636,281,713,0,0,1
3635,4.2298,0.3905,272,713,0,0,1
3636,4.1368,0.3492,272,713,0,0,1
3637,4.1624,0.4571,272,713,0,0,1
3638,4.1829,0.4196,271,713,0,0,1
3639,4.1539,0.3694,271,713,0,0,1
3640,4.2046,0.527,270,713,0,0,1
3641,4.1285,0.4367,270,713,0,0,1
3642,4.197,0.4488,270,713,0,0,1
3643,4.1318,0.3845,270,713,0,0,1
3644,4.1759,0.4771,269,713,0,0,1
3645,4.1676,0.6979,268,713,0,0,1
3646,4.161,0.595,268,713,0,0,1
3647,4.1693,0.3685,267,713,0,0,1
3648,4.1381,0.4446,266,713,0,0,1
3649,4.1749,0.4258,266,713,0,0,1
3650,4.2327,0.4382,265,713,0,0,1
3651,4.1296,0.7943,265,713,0,0,1
3652,4.159,0.6822,265,713,0,0,1
3653,4.1693,0.3915,264,713,0,0,1
3654,4.2139,0.3528,264,713,0,0,1
3655,4.1145,0.4715,264,713,0,0,1
3656,4.1402,0.3961,263,713,0,0,1
3657,4.1941,0.5097,263,713,0,0,1
3658,4.1686,0.3658,263,713,0,0,1
3659,4.1845,0.4513,263,713,0,0,1
3660,4.1406,0.6041,263,713,0,0,1
3661,4.1849,0.369,263,713,0,0,1
3662,4.1751,0.4443,263,713,0,0,1
3663,4.1419,0.4593,263,713,0,0,1
3664,4.2427,0.6271,263,713,0,0,1
3665,4.1107,0.5217,263,713,0,0,1
3666,4.189,0.5781,263,713,0,0,1
3667,4.1654,0.6779,263,713,0,0,1
3668,4.1613,0.3934,261,713,0,0,1
3669,4.4851,0.7262,260,713,0,0,1
3670,3.9116,0.4579,260,713,0,0,1
3671,4.0794,0.3715,259,713,0,0,1
3672,4.2847,0.4384,259,713,0,0,1
3673,4.0386,0.4522,257,713,0,0,1
3674,4.5548,0.5713,257,713,0,0,1
3675,4.1644,0.5691,257,713,0,0,1
3676,3.8029,0.4424,257,713,0,0,1
3677,4.1588,0.4231,257,713,0,0,1
3678,4.2428,0.5813,256,713,0,0,1
3679,4.1646,0.5269,255,713,0,0,1
3680,4.12,0.5692,255,713,0,0,1
3681,4.3766,0.3897,255,713,0,0,1
3682,3.8595,0.3432,255,713,0,0,1
3683,4.2039,0.4277,255,713,0,0,1
3684,4.2602,0.3988,255,713,0,0,1
3685,4.1662,0.3362,255,713,0,0,1
3686,4.4462,0.703,255,713,0,0,1
3687,3.8244,0.4217,255,713,0,0,1
3688,4.1796,0.4527,255,713,0,0,1
3689,4.1205,0.4443,254,713,0,0,1
3690,4.3243,0.5257,253,713,0,0,1
3691,4.1053,0.4123,253,713,0,0,1
3692,4.5582,0.4818,252,713,0,0,1
3693,3.7127,0.4335,252,713,0,0,1
3694,4.2305,0.6647,251,713,0,0,1
3695,4.1288,0.5463,251,713,0,0,1
3696,4.2507,0.6534,250,713,0,0,1
3697,4.0968,0.6301,250,713,0,0,1
3698,4.2506,0.4526,249,713,0,0,1
3699,4.0031,0.4213,249,713,0,0,1
3700,4.1859,0.3984,249,713,0,0,1
3701,4.2378,0.4568,249,713,0,0,1
3702,4.2153,0.4767,247,713,0,0,1
3703,4.0856,0.6955,247,713,0,0,1
3704,4.1811,0.4369,247,713,0,0,1
3705,4.1739,0.8329,247,713,0,0,1
3706,4.1003,0.4628,247,713,0,0,1
3707,4.1943,0.3342,247,713,0,0,1
3708,4.3472,0.6498,280,713,0,0,1
3709,4.047,0.4907,280,713,0,0,1
3710,4.144,0.4264,280,713,0,0,1
3711,4.4557,0.459,280,713,0,0,1
3712,3.8502,0.4761,279,713,0,0,1
3713,4.2231,0.5074,279,713,0,0,1
3714,4.1261,0.4559,279,713,0,0,1
3715,4.249,0.6377,279,713,0,0,1
3716,4.1398,0.8857,278,713,0,0,1
3717,4.0634,0.6882,278,713,0,0,1
3718,4.5795,0.42,278,713,0,0,1
3719,3.7887,0.3513,271,713,0,0,1
3720,4.1858,0.5237,270,713,0,0,1
3721,4.2423,0.7049,270,713,0,0,1
3722,4.164,0.6828,270,713,0,0,1
3723,4.0988,0.4019,270,713,0,0,1
3724,4.1441,0.44,270,713,0,0,1
3725,4.5191,0.4017,270,713,0,0,1
3726,3.8281,0.3471,270,713,0,0,1
3727,4.3582,0.4442,270,713,0,0,1
3728,4.0449,0.6455,270,713,0,0,1
3729,4.0665,0.4014,270,713,0,0,1
3730,4.196,0.3722,269,713,0,0,1
3731,4.153,0.4323,269,713,0,0,1
3732,4.1583,0.4136,268,713,0,0,1
3733,4.1986,0.3601,268,713,0,0,1
3734,4.1467,0.5724,267,713,0,0,1
3735,4.1717,0.462,267,713,0,0,1
3736,4.2285,0.6681,267,713,0,0,1
3737,4.1186,0.5141,266,713,0,0,1
3738,4.1614,0.5153,265,713,0,0,1
3739,4.1879,0.5703,265,713,0,0,1
3740,4.1346,0.3506,265,713,0,0,1
3741,4.1454,0.6834,265,713,0,0,1
3742,4.251,0.5353,264,713,0,0,1
3743,4.0974,0.3883,263,713,0,0,1
3744,4.2366,0.4082,263,713,0,0,1
3745,4.1426,0.4857,263,713,0,0,1
3746,4.096,0.4073,263,713,0,0,1
3747,4.321,0.7421,263,713,0,0,1
3748,4.0882,0.6861,263,713,0,0,1
3749,4.0707,0.6173,263,713,0,0,1
3750,4.2375,0.4692,262,713,0,0,1
3751,4.1434,0.4012,261,713,0,0,1
3752,4.1831,0.4519,261,713,0,0,1
3753,4.1776,0.6217,261,713,0,0,1
3754,4.2233,0.3432,259,713,0,0,1
3755,4.0983,0.4452,259,713,0,0,1
3756,4.2101,0.4813,259,713,0,0,1
3757,4.2229,0.6449,259,713,0,0,1
3758,4.3094,0.6058,259,713,0,0,1
3759,3.8936,0.4506,258,713,0,0,1
3760,4.242,0.6599,258,713,0,0,1
3761,4.1188,0.3527,258,713,0,0,1
3762,4.1732,0.4946,257,713,0,0,1
3763,4.2059,0.4419,256,713,0,0,1
3764,4.3569,0.5134,256,713,0,0,1
3765,3.8905,0.6076,254,713,0,0,1
3766,4.259,0.66,253,713,0,0,1
3767,4.1066,0.3595,253,713,0,0,1
3768,4.2417,0.5146,253,713,0,0,1
3769,4.3747,0.505,252,713,0,0,1
3770,3.874,0.4232,252,713,0,0,1
3771,4.212,0.5985,251,713,0,0,1
3772,4.1831,0.6571,251,713,0,0,1
3773,4.1601,0.3339,250,713,0,0,1
3774,4.1453,0.4599,249,713,0,0,1
3775,4.2062,0.457,247,713,0,0,1
3776,4.1686,0.379,247,713,0,0,1
3777,4.1527,0.5939,247,713,0,0,1
3778,4.0863,0.4022,247,713,0,0,1
3779,4.2477,0.5741,247,713,0,0,1
3780,4.1935,0.5098,246,713,0,0,1
3781,4.1285,0.8126,245,713,0,0,1
3782,4.2203,0.3628,244,713,0,0,1
3783,4.1294,0.4311,244,713,0,0,1
3784,4.165,0.6315,244,713,0,0,1
3785,4.2815,0.3573,244,713,0,0,1
3786,3.9824,0.4742,244,713,0,0,1
3787,4.4483,0.6511,244,713,0,0,1
3788,4.1495,0.5159,244,713,0,0,1
3789,3.8898,0.5249,243,713,0,0,1
3790,4.3967,0.3808,243,713,0,0,1
3791,3.9361,0.3376,243,713,0,0,1
3792,4.5138,0.6568,276,713,0,0,1
3793,3.8892,0.6697,276,713,0,0,1
3794,4.4475,0.5483,275,713,0,0,1
3795,4.089,0.371,275,713,0,0,1
3796,3.8918,0.6431,275,713,0,0,1
3797,4.5374,0.4944,275,713,0,0,1
3798,3.9722,0.3667,275,713,0,0,1
3799,4.2247,0.6182,275,713,0,0,1
3800,4.3556,0.4496,275,713,0,0,1
3801,3.8151,0.6016,275,713,0,0,1
3802,4.0917,0.3484,275,713,0,0,1
3803,4.2113,0.438,268,713,0,0,1
3804,4.3037,0.4354,268,713,0,0,1
3805,4.056,0.5542,268,713,0,0,1
3806,4.1409,0.5051,268,713,0,0,1
3807,4.1488,0.4352,267,713,0,0,1
3808,4.1907,0.5503,267,713,0,0,1
3809,4.4118,0.5932,267,713,0,0,1
3810,3.9258,0.4495,267,713,0,0,1
3811,4.5476,0.5388,267,713,0,0,1
3812,4.1239,0.4708,267,713,0,0,1
3813,3.856,0.6281,267,713,0,0,1
3814,4.4219,0.4355,267,713,0,0,1
3815,3.8697,0.3689,267,713,0,0,1
3816,4.4608,0.5879,267,713,0,0,1
3817,3.8858,0.4748,267,713,0,0,1
3818,4.4423,0.5445,266,713,0,0,1
3819,4.1955,0.414,264,713,0,0,1
3820,3.8143,0.532,264,713,0,0,1
3821,4.4328,0.608,264,713,0,0,1
3822,3.9114,0.398,263,713,0,0,1
3823,4.3044,0.4323,263,713,0,0,1
3824,4.3464,0.6045,263,713,0,0,1
3825,3.8996,0.5431,262,713,0,0,1
3826,4.1008,0.4905,262,713,0,0,1
3827,4.2169,0.4226,262,713,0,0,1
3828,4.1347,0.3893,261,713,0,0,1
3829,4.1712,0.3413,260,713,0,0,1
3830,4.534,0.652,260,713,0,0,1
3831,3.8243,0.4251,260,713,0,0,1
3832,4.1761,0.3589,260,713,0,0,1
3833,4.2174,0.4584,259,713,0,0,1
3834,4.1554,0.4161,259,713,0,0,1
3835,4.402,0.4333,259,713,0,0,1
3836,3.9666,0.5223,259,713,0,0,1
3837,4.0774,0.4252,259,713,0,0,1
3838,4.307,0.3907,259,713,0,0,1
3839,4.0376,0.3567,259,713,0,0,1
3840,4.4321,0.6101,259,713,0,0,1
3841,3.9359,0.3937,259,713,0,0,1
3842,4.1543,0.4087,259,713,0,0,1
3843,4.1779,0.4825,257,713,0,0,1
3844,4.1394,0.4074,257,713,0,0,1
3845,4.1475,0.5054,256,713,0,0,1
3846,4.1807,0.4591,255,713,0,0,1
3847,4.1647,0.6749,254,713,0,0,1
3848,4.204,0.4127,253,713,0,0,1
3849,4.1634,0.6568,252,713,0,0,1
3850,4.1425,0.3871,250,713,0,0,1
3851,4.1867,0.455,250,713,0,0,1
3852,4.1016,0.4136,248,713,0,0,1
3853,4.1903,0.3865,248,713,0,0,1
3854,4.2207,0.5502,247,713,0,0,1
3855,4.1104,0.4217,246,713,0,0,1
3856,4.5055,0.4347,246,713,0,0,1
3857,3.8684,0.5379,246,713,0,0,1
3858,4.1422,0.4623,246,713,0,0,1
3859,4.231,0.605,246,713,0,0,1
3860,4.2797,0.5527,245,713,0,0,1
3861,3.9861,0.4243,245,713,0,0,1
3862,4.2334,0.5641,243,713,0,0,1
3863,4.0932,0.4238,243,713,0,0,1
3864,4.477,0.4692,243,713,0,0,1
3865,4.0484,0.3507,242,713,0,0,1
3866,4.0431,0.6777,241,713,0,0,1
3867,4.1417,0.4756,241,713,0,0,1
3868,4.148,0.4039,241,713,0,0,1
3869,4.1857,0.6454,241,713,0,0,1
3870,4.1659,0.4187,240,713,0,0,1
3871,4.4303,0.5676,240,713,0,0,1
3872,3.9427,0.4145,240,713,0,0,1
3873,4.1422,0.6028,240,713,0,0,1
3874,4.123,0.3424,240,713,0,0,1
3875,4.1898,0.4155,240,713,0,0,1
3876,4.1292,0.4102,274,713,0,0,1
3877,4.2307,0.3956,274,713,0,0,1
3878,4.3782,0.691,274,713,0,0,1
3879,3.8694,0.396,273,713,0,0,1
3880,4.264,0.4503,273,713,0,0,1
3881,4.0938,0.5261,273,713,0,0,1
3882,4.2028,0.4948,273,713,0,0,1
3883,4.1693,0.4582,273,713,0,0,1
3884,4.2094,0.3734,273,713,0,0,1
3885,4.194,0.7195,273,713,0,0,1
3886,4.1577,0.5101,273,713,0,0,1
3887,4.0674,0.3444,266,713,0,0,1
3888,4.2209,0.5114,266,713,0,0,1
3889,4.4363,0.5229,266,713,0,0,1
3890,4.1529,0.4264,266,713,0,0,1
3891,3.945,0.6665,265,713,0,0,1
3892,4.095,0.4408,265,713,0,0,1
3893,4.1155,0.3827,265,713,0,0,1
3894,4.237,0.3522,265,713,0,0,1
3895,4.134,0.4472,264,713,0,0,1
3896,4.1908,0.4625,264,713,0,0,1
3897,4.1475,0.5531,264,713,0,0,1
3898,4.1469,0.3446,264,713,0,0,1
3899,4.2054,0.4358,264,713,0,0,1
3900,4.1946,0.413,264,713,0,0,1
3901,4.1412,0.3752,263,713,0,0,1
3902,4.2304,0.4635,263,713,0,0,1
3903,4.0544,0.4393,263,713,0,0,1
3904,4.2585,0.6697,263,713,0,0,1
3905,4.1907,0.685,263,713,0,0,1
3906,4.0808,0.4154,263,713,0,0,1
3907,4.2485,0.4129,263,713,0,0,1
3908,4.1479,0.393,263,713,0,0,1
3909,4.3112,0.4363,262,713,0,0,1
3910,4.0474,0.4284,262,713,0,0,1
3911,4.0974,0.3472,262,713,0,0,1
3912,4.4165,0.5995,262,713,0,0,1
3913,3.8888,0.4114,260,713,0,0,1
3914,4.1947,0.3444,260,713,0,0,1
3915,4.1609,0.5182,257,713,0,0,1
3916,4.1801,0.4343,256,713,0,0,1
3917,4.241,0.6548,256,713,0,0,1
3918,4.0755,0.3748,256,713,0,0,1
3919,4.8844,0.4838,256,713,0,0,1
3920,3.5212,0.4505,256,713,0,0,1
3921,4.1217,0.3889,256,713,0,0,1
3922,4.1357,0.4367,256,713,0,0,1
3923,4.2035,0.42,256,713,0,0,1
3924,4.1641,0.3551,256,713,0,0,1
3925,4.1591,0.6501,256,713,0,0,1
3926,4.2253,0.4565,256,713,0,0,1
3927,4.0627,0.3418,256,713,0,0,1
3928,4.2234,0.7122,256,713,0,0,1
3929,4.3608,0.4661,256,713,0,0,1
3930,3.9911,0.4219,256,713,0,0,1
3931,4.1838,0.398,256,713,0,0,1
3932,4.131,0.479,256,713,0,0,1
3933,4.1305,0.4196,256,713,0,0,1
3934,4.4197,0.5147,255,713,0,0,1
3935,3.9202,0.4217,255,713,0,0,1
3936,4.3141,0.6404,255,713,0,0,1
3937,4.0818,0.5804,255,713,0,0,1
3938,4.1497,0.4882,255,713,0,0,1
3939,4.4609,0.4456,254,713,0,0,1
3940,3.8149,0.3363,254,713,0,0,1
3941,4.4653,0.7207,254,713,0,0,1
3942,3.9485,0.4536,254,713,0,0,1
3943,4.3654,0.5445,253,713,0,0,1
3944,4.0032,0.5039,253,713,0,0,1
3945,4.1081,0.575,252,713,0,0,1
3946,4.4336,0.3711,252,713,0,0,1
3947,3.8795,0.3849,251,713,0,0,1
3948,4.1753,0.7282,251,713,0,0,1
3949,4.1829,0.7206,251,713,0,0,1
3950,4.2313,0.3908,251,713,0,0,1
3951,4.0522,0.4533,251,713,0,0,1
3952,4.1987,0.4998,251,713,0,0,1
3953,4.4127,0.5949,251,713,0,0,1
3954,3.9647,0.4328,251,713,0,0,1
3955,4.3561,0.6365,250,713,0,0,1
3956,3.9487,0.4171,250,713,0,0,1
3957,4.1625,0.7107,250,713,0,0,1
3958,4.2313,0.4617,250,713,0,0,1
3959,4.0716,0.422,249,713,0,0,1
3960,4.1643,0.7387,283,713,0,0,1
3961,4.2177,0.6773,283,713,0,0,1
3962,4.151,0.4224,283,713,0,0,1
3963,4.1999,0.409,282,713,0,0,1
3964,4.1118,0.4611,282,713,0,0,1
3965,4.2011,0.5114,282,713,0,0,1
3966,4.1421,0.4695,282,713,0,0,1
3967,4.1823,0.7061,282,713,0,0,1
3968,4.1494,0.4777,282,713,0,0,1
3969,4.186,0.5038,280,713,0,0,1
3970,4.1313,0.4105,280,713,0,0,1
3971,4.1685,0.3576,273,713,0,0,1
3972,4.3845,0.6246,272,713,0,0,1
3973,3.9865,0.4559,272,713,0,0,1
3974,4.1586,0.4081,272,713,0,0,1
3975,4.1615,0.4023,271,713,0,0,1
3976,4.5253,0.468,271,713,0,0,1
3977,4.0737,0.5137,271,713,0,0,1
3978,3.8741,0.3454,271,713,0,0,1
3979,4.1592,0.5256,271,713,0,0,1
3980,4.3313,0.5965,271,713,0,0,1
3981,4.0425,0.734,269,713,0,0,1
3982,4.184,0.3978,269,713,0,0,1
3983,4.1838,0.5962,268,713,0,0,1
3984,4.1029,0.4813,268,713,0,0,1
3985,4.3015,0.8752,267,713,0,0,1
3986,4.0306,0.5205,267,713,0,0,1
3987,4.24,0.5019,267,713,0,0,1
3988,4.1015,0.3914,266,713,0,0,1
3989,4.1439,0.3525,265,713,0,0,1
3990,4.2615,0.4718,265,713,0,0,1
3991,4.1587,0.6603,265,713,0,0,1
3992,4.1705,0.6022,264,713,0,0,1
3993,4.108,0.6367,264,713,0,0,1
3994,4.1352,0.4514,264,713,0,0,1
3995,4.2057,0.3661,264,713,0,0,1
3996,4.1674,0.3814,264,713,0,0,1
3997,4.2374,0.4653,264,713,0,0,1
3998,4.1547,0.6878,264,713,0,0,1
3999,4.073,0.3517,264,713,0,0,1
4000,4.2655,0.5362,264,713,0,0,1
4001,4.0558,0.6468,263,713,0,0,1
4002,4.2102,0.3665,263,713,0,0,1
4003,4.1854,0.7115,263,713,0,0,1
4004,4.1375,0.4365,263,713,0,0,1
4005,4.3605,0.6466,263,713,0,0,1
4006,4.0238,0.3946,262,713,0,0,1
4007,4.0833,0.421,261,713,0,0,1
4008,4.2038,0.3773,261,713,0,0,1
4009,4.2016,0.3863,261,713,0,0,1
4010,4.1805,0.695,261,713,0,0,1
4011,4.2918,0.5942,261,713,0,0,1
4012,4.0401,0.5675,261,713,0,0,1
4013,4.0989,0.6271,261,713,0,0,1
4014,4.241,0.5516,260,713,0,0,1
4015,4.1617,0.486,260,713,0,0,1
4016,4.1668,0.428,260,713,0,0,1
4017,4.1476,0.6657,257,713,0,0,1
4018,4.099,0.3272,257,713,0,0,1
4019,4.1794,0.3477,257,713,0,0,1
4020,4.1997,0.4786,257,713,0,0,1
4021,4.123,0.409,257,713,0,0,1
4022,4.2531,0.3729,257,713,0,0,1
4023,4.1091,0.4502,257,713,0,0,1
4024,4.169,0.6035,257,713,0,0,1
4025,4.1913,0.4972,257,713,0,0,1
4026,4.17,0.4752,257,713,0,0,1
4027,4.1416,0.4061,257,713,0,0,1
4028,4.196,0.3754,257,713,0,0,1
4029,4.1934,0.7005,257,713,0,0,1
4030,4.2428,0.7579,257,713,0,0,1
4031,4.0407,0.3396,257,713,0,0,1
4032,4.5265,0.4573,257,713,0,0,1
4033,3.8601,0.5554,256,713,0,0,1
4034,4.2045,0.4177,256,713,0,0,1
4035,4.1431,0.4483,256,713,0,0,1
4036,4.1072,0.4271,255,713,0,0,1
4037,4.2235,0.6277,255,713,0,0,1
4038,4.1501,0.732,255,713,0,0,1
4039,4.172,0.4897,254,713,0,0,1
4040,4.1531,0.4191,254,713,0,0,1
4041,4.1577,0.52,254,713,0,0,1
4042,4.1633,0.6693,253,713,0,0,1
4043,4.118,0.3399,253,713,0,0,1
4044,4.2617,0.4242,285,713,0,0,1
4045,4.4168,0.4709,285,713,0,0,1
4046,4.2237,0.638,285,713,0,0,1
4047,3.7449,0.366,285,713,0,0,1
4048,4.2202,0.3771,285,713,0,0,1
4049,4.1288,0.4472,285,713,0,0,1
4050,4.2864,0.5341,285,713,0,0,1
4051,4.1346,0.3988,285,713,0,0,1
4052,4.1695,0.4102,285,713,0,0,1
4053,4.1413,0.6734,285,713,0,0,1
4054,4.2076,0.5076,285,713,0,0,1
4055,4.1059,0.3538,278,713,0,0,1
4056,4.2456,0.3997,278,713,0,0,1
4057,4.0734,0.4653,276,713,0,0,1
4058,4.157,0.389,276,713,0,0,1
4059,4.2456,0.4063,275,713,0,0,1
4060,4.1368,0.6615,275,713,0,0,1
4061,4.2549,0.7239,275,713,0,0,1
4062,4.3119,0.5035,275,713,0,0,1
4063,4.4005,0.5109,275,713,0,0,1
4064,3.6444,0.4725,275,713,0,0,1
4065,4.1676,0.5345,275,713,0,0,1
4066,4.1699,0.4982,275,713,0,0,1
4067,4.1911,0.3619,275,713,0,0,1
4068,4.2516,0.4354,275,713,0,0,1
4069,4.0689,0.4478,275,713,0,0,1
4070,4.6139,0.3376,274,713,0,0,1
4071,4.0802,0.5017,274,713,0,0,1
4072,3.7841,0.4614,274,713,0,0,1
4073,4.1951,0.6832,274,713,0,0,1
4074,4.2178,0.3634,273,713,0,0,1
4075,4.1579,0.4463,272,713,0,0,1
4076,4.148,0.4588,271,713,0,0,1
4077,4.1215,0.5307,271,713,0,0,1
4078,4.239,0.4282,271,713,0,0,1
4079,4.1111,0.4433,270,713,0,0,1
4080,4.3004,0.5769,270,713,0,0,1
4081,4.0474,0.4083,270,713,0,0,1
4082,4.5312,0.5496,269,713,0,0,1
4083,3.8707,0.4589,267,713,0,0,1
4084,4.0858,0.3697,267,713,0,0,1
4085,4.2496,0.4575,265,713,0,0,1
4086,4.0944,0.633,265,713,0,0,1
4087,4.9292,0.456,265,713,0,0,1
4088,3.481,0.4377,264,713,0,0,1
4089,4.1179,0.6185,262,713,0,0,1
4090,4.1228,0.3802,262,713,0,0,1
4091,4.1578,0.3501,262,713,0,0,1
4092,4.3485,0.6536,260,713,0,0,1
4093,4.0245,0.3756,260,713,0,0,1
4094,4.1979,0.5499,259,713,0,0,1
4095,4.406,0.4449,258,713,0,0,1
4096,3.8754,0.4442,257,713,0,0,1
4097,4.1356,0.4961,256,713,0,0,1
4098,4.1803,0.4551,255,713,0,0,1
4099,4.2289,0.8349,253,713,0,0,1
4100,4.164,0.4122,253,713,0,0,1
4101,4.1735,0.6966,253,713,0,0,1
4102,4.5626,0.4647,253,713,0,0,1
4103,3.7039,0.3389,252,713,0,0,1
4104,4.1849,0.4282,252,713,0,0,1
4105,4.2751,0.4325,252,713,0,0,1
4106,4.2138,0.3965,251,713,0,0,1
4107,4.043,0.4439,251,713,0,0,1
4108,4.2103,0.5799,251,713,0,0,1
4109,4.0887,0.3581,251,713,0,0,1
4110,4.2563,0.4756,251,713,0,0,1
4111,4.1051,0.6975,251,713,0,0,1
4112,4.1487,0.6653,250,713,0,0,1
4113,4.1718,0.6024,250,713,0,0,1
4114,4.1177,0.4013,250,713,0,0,1
4115,4.1941,0.3347,249,713,0,0,1
4116,4.4643,0.4215,249,713,0,0,1
4117,4.0862,0.452,249,713,0,0,1
4118,4.1479,0.6176,249,713,0,0,1
4119,3.9867,0.4613,249,713,0,0,1
4120,4.1687,0.4239,249,713,0,0,1
4121,4.1186,0.5006,248,713,0,0,1
4122,4.2382,0.4534,248,713,0,0,1
4123,4.1641,0.5357,248,713,0,0,1
4124,4.1888,0.6749,248,713,0,0,1
4125,4.1602,0.7292,248,713,0,0,1
4126,4.1844,0.4795,248,713,0,0,1
4127,4.0912,0.3333,246,713,0,0,1
4128,4.4617,0.4042,279,713,0,0,1
4129,3.8956,0.6257,279,713,0,0,1
4130,4.5853,0.6994,278,713,0,0,1
4131,3.7849,0.4027,278,713,0,0,1
4132,4.1309,0.447,278,713,0,0,1
4133,4.1325,0.6876,278,713,0,0,1
4134,4.2226,0.3883,278,713,0,0,1
4135,4.1442,0.3748,278,713,0,0,1
4136,4.1912,0.4463,278,713,0,0,1
4137,4.1659,0.6801,278,713,0,0,1
4138,4.1,0.3513,275,713,0,0,1
4139,4.2072,0.3681,267,713,0,0,1
4140,4.1847,0.502,267,713,0,0,1
4141,4.142,0.5139,267,713,0,0,1
4142,4.1805,0.5735,267,713,0,0,1
4143,4.1824,0.371,267,713,0,0,1
4144,4.1907,0.7055,267,713,0,0,1
4145,4.1018,0.4424,2,713,0,0,0
4146,4.1944,0.3537,2,713,0,0,0
4147,4.1946,0.2881,2,713,0,0,0
4148,4.2365,0.2507,2,713,0,0,0
4149,4.0934,0.4324,2,713,0,0,0
4150,4.225,0.2679,2,713,0,0,0
4151,4.0852,0.2319,2,713,0,0,0
4152,4.217,0.2705,2,713,0,0,0
4153,4.1655,0.39,2,713,0,0,0
4154,4.0924,0.284,2,713,0,0,0
4155,4.2399,0.2351,2,713,0,0,0
4156,4.1721,0.4333,2,713,0,0,0
4157,4.1377,0.2268,2,713,0,0,0
4158,4.177,0.233,2,713,0,0,0
4159,4.1952,0.2634,2,713,0,0,0
4160,4.1849,0.2748,2,713,0,0,0
4161,4.0529,0.428,2,713,0,0,0
4162,4.224,0.4288,2,713,0,0,0
4163,4.1188,0.2343,2,713,0,0,0
4164,4.2192,0.2264,2,713,0,0,0
4165,4.1178,0.2244,2,713,0,0,0
4166,4.1951,0.392,2,713,0,0,0
4167,4.1845,0.2064,2,713,0,0,0
4168,4.1703,0.4291,2,713,0,0,0
4169,4.1269,0.234,2,713,0,0,0
4170,4.2027,0.3142,2,713,0,0,0
4171,4.1786,0.2686,2,713,0,0,0
4172,4.1963,0.2889,2,713,0,0,0
4173,4.0821,0.2636,2,713,0,0,0
4174,4.2502,0.3121,2,713,0,0,0
4175,4.1129,0.2365,2,713,0,0,0
4176,4.1802,0.23,2,713,0,0,0
4177,4.1195,0.2287,2,713,0,0,0
4178,4.2429,0.2646,2,713,0,0,0
4179,4.101,0.3757,2,713,0,0,0
4180,4.1999,0.4248,2,713,0,0,0
4181,4.116,0.2273,2,713,0,0,0
4182,4.2366,0.2501,2,713,0,0,0
4183,4.1582,0.2571,2,713,0,0,0
4184,4.2075,0.2581,2,713,0,0,0
4185,4.0714,0.3712,2,713,0,0,0
4186,4.1838,0.2374,2,713,0,0,0
4187,4.1471,0.2639,2,713,0,0,0
4188,4.2465,0.2638,2,713,0,0,0
4189,4.1234,0.2357,2,713,0,0,0
4190,4.1886,0.2386,2,713,0,0,0
4191,4.5025,0.2286,2,713,0,0,0
4192,3.7864,0.2614,2,713,0,0,0
4193,4.2176,0.366,2,713,0,0,0
4194,4.1794,0.2234,2,713,0,0,0
4195,4.3931,0.3258,2,713,0,0,0
4196,4.2176,0.3833,2,713,0,0,0
4197,3.8851,0.3477,2,713,0,0,0
4198,4.3921,0.2784,2,713,0,0,0
4199,3.8993,0.2537,2,713,0,0,0
4200,4.4129,0.3881,2,713,0,0,0
4201,3.8754,0.357,2,713,0,0,0
4202,4.5308,0.4415,2,713,0,0,0
4203,4.1441,0.4464,2,713,0,0,0
4204,3.8367,0.282,2,713,0,0,0
4205,4.3547,0.3564,2,713,0,0,0
4206,4.0323,0.2519,2,713,0,0,0
4207,4.3018,0.4198,2,713,0,0,0
4208,4.4309,0.4328,2,713,0,0,0
4209,3.743,0.2314,2,713,0,0,0
4210,4.1784,0.2266,2,713,0,0,0
4211,4.1611,0.2227,2,713,0,0,0
4212,4.302,0.3541,2,713,0,0,0
4213,4.0476,0.2221,2,713,0,0,0
4214,4.5603,0.4358,2,713,0,0,0
4215,4.0441,0.2236,2,713,0,0,0
4216,3.8775,0.2225,2,713,0,0,0
4217,4.1603,0.2503,2,713,0,0,0
4218,4.1631,0.3294,2,713,0,0,0
4219,4.2775,0.4183,2,713,0,0,0
4220,4.1674,0.4254,2,713,0,0,0
4221,4.3808,0.3273,2,713,0,0,0
4222,4.197,0.4115,2,713,0,0,0
4223,3.7648,0.1895,2,713,0,0,0
4224,4.4131,0.4156,2,713,0,0,0
4225,3.9743,0.2172,2,713,0,0,0
4226,4.4679,0.3873,2,713,0,0,0
4227,4.181,0.3165,2,713,0,0,0
4228,3.8239,0.2256,2,713,0,0,0
4229,4.1681,0.2177,2,713,0,0,0
4230,4.1772,0.2215,2,713,0,0,0
4231,4.2671,0.3505,2,713,0,0,0
4232,4.1546,0.4797,2,713,0,0,0
4233,4.0931,0.2173,2,713,0,0,0
4234,4.5939,0.4267,2,713,0,0,0
4235,3.7745,0.2432,2,713,0,0,0
4236,4.3866,0.2463,2,713,0,0,0
4237,3.8967,0.2251,2,713,0,0,0
4238,4.6266,0.4379,2,713,0,0,0
4239,3.7185,0.2128,2,713,0,0,0
4240,4.1914,0.2257,2,713,0,0,0
4241,4.2032,0.2273,2,713,0,0,0
4242,4.1157,0.2592,2,713,0,0,0
4243,4.25,0.4214,2,713,0,0,0
4244,4.2434,0.3502,2,713,0,0,0
4245,4.0336,0.2183,2,713,0,0,0
4246,4.2318,0.2697,2,713,0,0,0
4247,4.0839,0.2534,2,713,0,0,0
4248,4.2483,0.2969,2,713,0,0,0
4249,4.1233,0.2496,2,713,0,0,0
4250,4.2459,0.4211,2,713,0,0,0
4251,4.2332,0.5416,2,713,0,0,0
4252,3.9882,0.239,2,713,0,0,0
4253,4.1996,0.4336,2,713,0,0,0
4254,4.1608,0.2468,2,713,0,0,0
4255,4.4284,0.2252,2,713,0,0,0
4256,3.9294,0.3543,2,713,0,0,0
4257,4.0966,0.2187,2,713,0,0,0
4258,4.2429,0.2834,2,713,0,0,0
4259,4.1048,0.222,2,713,0,0,0
4260,4.21,0.2554,2,713,0,0,0
4261,4.3605,0.2294,2,713,0,0,0
4262,3.9342,0.3131,2,713,0,0,0
4263,4.3431,0.3269,2,713,0,0,0
4264,4.0532,0.2575,2,713,0,0,0
4265,4.1428,0.4293,2,713,0,0,0
4266,4.1827,0.3347,2,713,0,0,0
4267,4.1782,0.3125,2,713,0,0,0
4268,4.1197,0.1934,2,713,0,0,0
4269,4.1782,0.4659,2,713,0,0,0
4270,4.2153,0.2757,2,713,0,0,0
4271,4.082,0.2234,2,713,0,0,0
4272,4.2414,0.2771,2,713,0,0,0
4273,4.0754,0.2233,2,713,0,0,0
4274,4.1861,0.224,2,713,0,0,0
4275,4.2598,0.4112,2,713,0,0,0
4276,4.0832,0.2316,2,713,0,0,0
4277,4.1641,0.3754,2,713,0,0,0
4278,4.193,0.2321,2,713,0,0,0
4279,4.1793,0.2082,2,713,0,0,0
4280,4.2015,0.3077,2,713,0,0,0
4281,4.1693,0.4141,2,713,0,0,0
4282,4.1253,0.412,2,713,0,0,0
4283,4.1061,0.1847,2,713,0,0,0
4284,4.2187,0.2558,2,713,0,0,0
4285,4.1846,0.3354,2,713,0,0,0
4286,4.1778,0.269,2,713,0,0,0
4287,4.1651,0.2314,2,713,0,0,0
4288,4.1669,0.4148,2,713,0,0,0
4289,4.0771,0.2225,2,713,0,0,0
4290,4.2066,0.269,2,713,0,0,0
4291,4.2203,0.2552,2,713,0,0,0
4292,4.1017,0.3709,2,713,0,0,0
4293,4.205,0.4124,2,713,0,0,0
4294,4.3176,0.3546,2,713,0,0,0
4295,3.9726,0.1898,2,713,0,0,0
4296,4.173,0.2267,2,713,0,0,0
4297,4.1491,0.2037,2,713,0,0,0
4298,4.4127,0.42,49,713,0,0,1
4299,4.1514,0.2877,49,713,0,0,1
4300,4.0116,0.4747,49,713,0,0,1
4301,4.1187,0.4666,49,713,0,0,1
4302,4.2606,0.5025,49,713,0,0,1
4303,4.4282,0.2876,49,713,0,0,1
4304,3.8701,0.3151,49,713,0,0,1
4305,4.1079,0.4516,49,713,0,0,1
4306,4.1707,0.288,49,713,0,0,1
4307,4.1415,0.27,49,713,0,0,1
4308,4.4301,0.3723,49,713,0,0,1
4309,3.9228,0.3043,49,713,0,0,1
4310,4.2526,0.3272,49,713,0,0,1
4311,4.1479,0.465,49,713,0,0,1
4312,4.1351,0.4545,49,713,0,0,1
4313,4.254,0.4068,49,713,0,0,1
4314,4.0942,0.3613,49,713,0,0,1
4315,4.4584,0.3576,49,713,0,0,1
4316,3.886,0.3375,49,713,0,0,1
4317,4.4696,0.3408,49,713,0,0,1
4318,4.1142,0.2885,49,713,0,0,1
4319,3.8599,0.2796,49,713,0,0,1
4320,4.357,0.3748,49,713,0,0,1
4321,3.9739,0.2968,49,713,0,0,1
4322,4.2569,0.3636,49,713,0,0,1
4323,4.146,0.3068,49,713,0,0,1
4324,4.0864,0.387,49,713,0,0,1
4325,4.2516,0.2808,49,713,0,0,1
4326,4.1091,0.277,49,713,0,0,1
4327,4.5832,0.349,49,713,0,0,1
4328,3.7657,0.3299,49,713,0,0,1
4329,4.1286,0.2766,49,713,0,0,1
4330,4.2523,0.3776,49,713,0,0,1
4331,4.0787,0.2778,49,713,0,0,1
4332,4.3017,0.4075,49,713,0,0,1
4333,4.0503,0.298,49,713,0,0,1
4334,4.5104,0.3023,49,713,0,0,1
4335,3.8062,0.4156,49,713,0,0,1
4336,4.2,0.3715,49,713,0,0,1
4337,4.1656,0.2875,49,713,0,0,1
4338,4.1582,0.3601,49,713,0,0,1
4339,4.2065,0.3044,49,713,0,0,1
4340,4.1667,0.2997,49,713,0,0,1
4341,4.1011,0.2768,49,713,0,0,1
4342,4.5061,0.3559,49,713,0,0,1
4343,3.8478,0.2868,49,713,0,0,1
4344,4.2098,0.4942,49,713,0,0,1
4345,4.1123,0.2924,49,713,0,0,1
4346,4.2724,0.3332,49,713,0,0,1
4347,4.0973,0.2908,49,713,0,0,1
4348,4.1226,0.4241,49,713,0,0,1
4349,4.2072,0.4742,49,713,0,0,1
4350,4.1615,0.2743,49,713,0,0,1
4351,4.1875,0.4767,49,713,0,0,1
4352,4.1488,0.2817,49,713,0,0,1
4353,4.1759,0.4704,49,713,0,0,1
4354,4.169,0.282,49,713,0,0,1
4355,4.1455,0.2591,49,713,0,0,1
4356,4.1535,0.4794,49,713,0,0,1
4357,4.1924,0.2492,49,713,0,0,1
4358,4.2209,0.3171,49,713,0,0,1
4359,4.1608,0.323,49,713,0,0,1
4360,4.1711,0.3247,49,713,0,0,1
4361,4.0511,0.4037,49,713,0,0,1
4362,4.2849,0.2959,49,713,0,0,1
4363,4.1865,0.5113,49,713,0,0,1
4364,4.1211,0.3439,49,713,0,0,1
4365,4.1084,0.2786,49,713,0,0,1
4366,4.2548,0.3223,49,713,0,0,1
4367,4.3858,0.2775,49,713,0,0,1
4368,4.2068,0.3547,49,713,0,0,1
4369,3.868,0.2709,49,713,0,0,1
4370,4.3614,0.3163,49,713,0,0,1
4371,3.938,0.2801,49,713,0,0,1
4372,4.2718,0.4162,49,713,0,0,1
4373,4.064,0.2825,49,713,0,0,1
4374,4.1758,0.3392,83,713,0,0,1
4375,4.1803,0.5091,83,713,0,0,1
4376,4.2078,0.4391,83,713,0,0,1
4377,4.1322,0.5142,83,713,0,0,1
4378,4.5194,0.314,83,713,0,0,1
4379,3.7821,0.3048,83,713,0,0,1
4380,4.2037,0.278,83,713,0,0,1
4381,4.1262,0.3232,83,713,0,0,1
4382,4.286,0.4029,83,713,0,0,1
4383,4.1868,0.3525,83,713,0,0,1
4384,4.0043,0.2609,83,713,0,0,1
4385,4.1792,0.3093,83,713,0,0,1
4386,4.1933,0.3041,83,713,0,0,1
4387,4.1879,0.3689,83,713,0,0,1
4388,4.1704,0.458,83,713,0,0,1
4389,4.0998,0.4533,83,713,0,0,1
4390,4.2512,0.3429,83,713,0,0,1
4391,4.0924,0.2234,83,713,0,0,1
4392,4.1733,0.3073,83,713,0,0,1
4393,4.2239,0.3875,83,713,0,0,1
4394,4.2169,0.5097,83,713,0,0,1
4395,4.1663,0.4746,83,713,0,0,1
4396,4.1169,0.53,83,713,0,0,1
4397,4.1435,0.3102,83,713,0,0,1
4398,4.154,0.315,83,713,0,0,1
4399,4.2286,0.3765,83,713,0,0,1
4400,4.0993,0.3309,83,713,0,0,1
4401,4.1335,0.3026,83,713,0,0,1
4402,4.2241,0.3673,83,713,0,0,1
4403,4.1212,0.2886,83,713,0,0,1
4404,4.2182,0.3145,83,713,0,0,1
4405,4.1298,0.3167,83,713,0,0,1
4406,4.1833,0.4049,83,713,0,0,1
4407,4.1614,0.4961,82,713,0,0,1
4408,4.1547,0.2995,82,713,0,0,1
4409,4.156,0.316,82,713,0,0,1
4410,4.2084,0.2968,82,713,0,0,1
4411,4.2162,0.3355,82,713,0,0,1
4412,4.084,0.3993,82,713,0,0,1
4413,4.2178,0.5073,82,713,0,0,1
4414,4.367,0.5228,82,713,0,0,1
4415,3.95,0.305,82,713,0,0,1
4416,4.2169,0.3494,82,713,0,0,1
4417,4.0668,0.2655,82,713,0,0,1
4418,4.2273,0.298,81,713,0,0,1
4419,4.1543,0.5614,81,713,0,0,1
4420,4.197,0.4987,81,713,0,0,1
4421,4.1832,0.3037,81,713,0,0,1
4422,4.132,0.3145,81,713,0,0,1
4423,4.1196,0.3013,81,713,0,0,1
4424,4.2224,0.3355,81,713,0,0,1
4425,4.1226,0.4416,81,713,0,0,1
4426,4.2057,0.4711,81,713,0,0,1
4427,4.1368,0.312,81,713,0,0,1
4428,4.4356,0.3935,81,713,0,0,1
4429,3.8756,0.3881,81,713,0,0,1
4430,4.2955,0.3246,81,713,0,0,1
4431,4.0549,0.4699,80,713,0,0,1
4432,4.1428,0.4465,80,713,0,0,1
4433,4.1956,0.4093,80,713,0,0,1
4434,4.1762,0.4268,80,713,0,0,1
4435,4.2297,0.343,80,713,0,0,1
4436,4.1139,0.3132,80,713,0,0,1
4437,4.1915,0.4798,80,713,0,0,1
4438,4.2124,0.5587,80,713,0,0,1
4439,4.082,0.3014,80,713,0,0,1
4440,4.223,0.3452,80,713,0,0,1
4441,4.092,0.2897,80,713,0,0,1
4442,4.2243,0.3278,80,713,0,0,1
4443,4.1313,0.3208,80,713,0,0,1
4444,4.1573,0.4544,80,713,0,0,1
4445,4.1597,0.4262,80,713,0,0,1
4446,4.2269,0.3103,80,713,0,0,1
4447,4.4831,0.5121,80,713,0,0,1
4448,3.8413,0.513,80,713,0,0,1
4449,4.1162,0.2965,80,713,0,0,1
4450,4.1775,0.3519,80,713,0,0,1
4451,4.1509,0.3764,126,713,0,0,1
4452,4.2109,0.2725,126,713,0,0,1
4453,4.1417,0.2904,126,713,0,0,1
4454,4.2532,0.3591,126,713,0,0,1
4455,4.3776,0.3025,126,713,0,0,1
4456,3.8747,0.4955,126,713,0,0,1
4457,4.2122,0.2782,126,713,0,0,1
4458,4.1687,0.4562,126,713,0,0,1
4459,4.1675,0.3884,126,713,0,0,1
4460,4.1884,0.3496,126,713,0,0,1
4461,4.127,0.4619,126,713,0,0,1
4462,4.1942,0.3832,126,713,0,0,1
4463,4.1228,0.3202,126,713,0,0,1
4464,4.1836,0.5466,126,713,0,0,1
4465,4.1423,0.3034,126,713,0,0,1
4466,4.1928,0.3861,126,713,0,0,1
4467,4.1348,0.3465,126,713,0,0,1
4468,4.1679,0.3639,126,713,0,0,1
4469,4.1765,0.3761,126,713,0,0,1
4470,4.163,0.464,126,713,0,0,1
4471,4.205,0.3546,126,713,0,0,1
4472,4.2159,0.4493,126,713,0,0,1
4473,4.0958,0.5412,126,713,0,0,1
4474,4.2209,0.3759,126,713,0,0,1
4475,4.1054,0.3431,126,713,0,0,1
4476,4.2912,0.4729,126,713,0,0,1
4477,4.125,0.5787,126,713,0,0,1
4478,4.0964,0.3372,126,713,0,0,1
4479,4.2093,0.3467,126,713,0,0,1
4480,4.1033,0.3409,126,713,0,0,1
4481,4.1914,0.5921,126,713,0,0,1
4482,4.1359,0.3472,126,713,0,0,1
4483,4.1944,0.5153,126,713,0,0,1
4484,4.1909,0.3815,126,713,0,0,1
4485,4.1541,0.6513,126,713,0,0,1
4486,4.5734,0.6711,124,713,0,0,1
4487,3.7012,0.2638,124,713,0,0,1
4488,4.204,0.4381,124,713,0,0,1
4489,4.1718,0.3709,124,713,0,0,1
4490,4.1868,0.3091,124,713,0,0,1
4491,4.1461,0.3731,124,713,0,0,1
4492,4.1232,0.3363,124,713,0,0,1
4493,4.201,0.4514,124,713,0,0,1
4494,4.1728,0.3446,124,713,0,0,1
4495,4.2046,0.6267,124,713,0,0,1
4496,4.1333,0.5416,124,713,0,0,1
4497,4.1778,0.5898,124,713,0,0,1
4498,4.1797,0.3139,124,713,0,0,1
4499,4.1537,0.3377,124,713,0,0,1
4500,4.3805,0.3637,124,713,0,0,1
4501,3.9587,0.3036,124,713,0,0,1
4502,4.2822,0.5726,124,713,0,0,1
4503,4.0376,0.3846,124,713,0,0,1
4504,4.1242,0.3237,124,713,0,0,1
4505,4.1744,0.3404,124,713,0,0,1
4506,4.2401,0.441,124,713,0,0,1
4507,4.1367,0.3043,124,713,0,0,1
4508,4.2868,0.475,124,713,0,0,1
4509,4.0424,0.3035,124,713,0,0,1
4510,4.2199,0.3822,124,713,0,0,1
4511,4.0903,0.3404,124,713,0,0,1
4512,4.2064,0.3429,124,713,0,0,1
4513,4.0975,0.2989,122,713,0,0,1
4514,4.3446,0.3386,122,713,0,0,1
4515,4.0296,0.3141,122,713,0,0,1
4516,4.157,0.496,122,713,0,0,1
4517,4.1146,0.4843,122,713,0,0,1
4518,4.2251,0.3548,122,713,0,0,1
4519,4.2183,0.5915,122,713,0,0,1
4520,4.1386,0.3503,122,713,0,0,1
4521,4.1757,0.5394,122,713,0,0,1
4522,4.1892,0.3608,122,713,0,0,1
4523,4.106,0.2812,122,713,0,0,1
4524,4.2169,0.3852,122,713,0,0,1
4525,4.1207,0.3518,122,713,0,0,1
4526,4.2521,0.534,122,713,0,0,1
4527,4.1239,0.6377,122,713,0,0,1
4528,4.1282,0.3825,156,713,0,0,1
4529,4.1146,0.5352,156,713,0,0,1
4530,4.2238,0.4755,156,713,0,0,1
4531,4.6053,0.3468,156,713,0,0,1
4532,3.7301,0.3588,156,713,0,0,1
4533,4.3288,0.4938,156,713,0,0,1
4534,4.0664,0.4224,156,713,0,0,1
4535,4.1112,0.2859,156,713,0,0,1
4536,4.5467,0.3737,156,713,0,0,1
4537,3.7951,0.3603,156,713,0,0,1
4538,4.3797,0.4633,156,713,0,0,1
4539,4.019,0.6476,156,713,0,0,1
4540,4.1299,0.3742,156,713,0,0,1
4541,4.1317,0.3579,156,713,0,0,1
4542,4.1633,0.3016,156,713,0,0,1
4543,4.2083,0.4063,156,713,0,0,1
4544,4.1255,0.3218,156,713,0,0,1
4545,4.1386,0.546,156,713,0,0,1
4546,4.2659,0.5348,156,713,0,0,1
4547,4.058,0.3493,156,713,0,0,1
4548,4.2998,0.4062,156,713,0,0,1
4549,4.0289,0.3179,156,713,0,0,1
4550,4.2963,0.3839,156,713,0,0,1
4551,4.1201,0.5058,156,713,0,0,1
4552,4.1618,0.6517,156,713,0,0,1
4553,4.1077,0.4075,156,713,0,0,1
4554,4.2047,0.4193,156,713,0,0,1
4555,4.5102,0.3388,156,713,0,0,1
4556,3.8094,0.3474,156,713,0,0,1
4557,4.142,0.3665,156,713,0,0,1
4558,4.4478,0.5828,156,713,0,0,1
4559,3.9032,0.3623,156,713,0,0,1
4560,4.6081,0.3114,155,713,0,0,1
4561,3.6932,0.3355,155,713,0,0,1
4562,4.2508,0.3904,155,713,0,0,1
4563,4.4464,0.635,154,713,0,0,1
4564,3.8861,0.5651,154,713,0,0,1
4565,4.1246,0.4799,154,713,0,0,1
4566,4.1984,0.3857,154,713,0,0,1
4567,4.206,0.3398,154,713,0,0,1
4568,4.4757,0.5849,154,713,0,0,1
4569,3.8098,0.4806,153,713,0,0,1
4570,4.1744,0.5335,153,713,0,0,1
4571,4.1299,0.3602,153,713,0,0,1
4572,4.3498,0.5067,153,713,0,0,1
4573,3.9669,0.5278,152,713,0,0,1
4574,4.5426,0.3377,152,713,0,0,1
4575,4.0885,0.3541,151,713,0,0,1
4576,3.9384,0.4871,151,713,0,0,1
4577,4.121,0.5363,151,713,0,0,1
4578,4.2127,0.3588,151,713,0,0,1
4579,4.1214,0.3596,151,713,0,0,1
4580,4.1499,0.3414,151,713,0,0,1
4581,4.1784,0.2988,151,713,0,0,1
4582,4.1575,0.4375,151,713,0,0,1
4583,4.1883,0.2684,151,713,0,0,1
4584,4.1645,0.4228,151,713,0,0,1
4585,4.1631,0.5561,151,713,0,0,1
4586,4.1915,0.34,151,713,0,0,1
4587,4.0808,0.3447,148,713,0,0,1
4588,4.2144,0.4084,148,713,0,0,1
4589,4.1658,0.3805,148,713,0,0,1
4590,4.2067,0.3535,148,713,0,0,1
4591,4.2031,0.4157,148,713,0,0,1
4592,4.103,0.3588,148,713,0,0,1
4593,4.1701,0.3131,148,713,0,0,1
4594,4.1581,0.4534,148,713,0,0,1
4595,4.2059,0.2821,148,713,0,0,1
4596,4.1168,0.5572,148,713,0,0,1
4597,4.195,0.3852,148,713,0,0,1
4598,4.139,0.3326,148,713,0,0,1
4599,4.1992,0.3641,148,713,0,0,1
4600,4.1635,0.5599,148,713,0,0,1
4601,4.1426,0.5804,148,713,0,0,1
4602,4.1751,0.3037,148,713,0,0,1
4603,4.1757,0.4094,148,713,0,0,1
4604,4.1572,0.3617,148,713,0,0,1
4605,4.1734,0.4169,194,713,0,0,1
4606,4.1801,0.3957,194,713,0,0,1
4607,4.1667,0.3916,194,713,0,0,1
4608,4.1619,0.5503,193,713,0,0,1
4609,4.1766,0.395,193,713,0,0,1
4610,4.3552,0.3118,193,713,0,0,1
4611,3.9759,0.4366,193,713,0,0,1
4612,4.1578,0.3073,193,713,0,0,1
4613,4.127,0.4557,193,713,0,0,1
4614,4.2246,0.3255,193,713,0,0,1
4615,4.1389,0.8898,193,713,0,0,1
4616,4.2334,0.4003,193,713,0,0,1
4617,4.0698,0.3745,193,713,0,0,1
4618,4.5827,0.3644,193,713,0,0,1
4619,3.8008,0.4849,193,713,0,0,1
4620,4.1149,0.5253,193,713,0,0,1
4621,4.2732,0.6532,193,713,0,0,1
4622,4.1604,0.4494,193,713,0,0,1
4623,4.1527,0.5994,193,713,0,0,1
4624,4.1439,0.3875,193,713,0,0,1
4625,4.1536,0.3428,193,713,0,0,1
4626,4.1333,0.3942,192,713,0,0,1
4627,4.4301,0.4337,191,713,0,0,1
4628,3.9948,0.425,191,713,0,0,1
4629,4.0997,0.5046,191,713,0,0,1
4630,4.2757,0.4321,191,713,0,0,1
4631,4.0515,0.314,191,713,0,0,1
4632,4.461,0.3871,191,713,0,0,1
4633,3.8717,0.3245,191,713,0,0,1
4634,4.1543,0.3921,191,713,0,0,1
4635,4.2141,0.3546,191,713,0,0,1
4636,4.1965,0.6043,191,713,0,0,1
4637,4.0838,0.4738,190,713,0,0,1
4638,4.1995,0.4058,190,713,0,0,1
4639,4.2134,0.3567,190,713,0,0,1
4640,4.241,0.5839,190,713,0,0,1
4641,4.0522,0.6356,190,713,0,0,1
4642,4.2176,0.465,190,713,0,0,1
4643,4.0741,0.3586,188,713,0,0,1
4644,4.2295,0.4265,188,713,0,0,1
4645,4.147,0.385,188,713,0,0,1
4646,4.2028,0.5716,188,713,0,0,1
4647,4.2274,0.6188,188,713,0,0,1
4648,4.0592,0.3162,188,713,0,0,1
4649,4.4837,0.5804,188,713,0,0,1
4650,3.8877,0.3807,188,713,0,0,1
4651,4.4189,0.3878,188,713,0,0,1
4652,3.8256,0.4987,188,713,0,0,1
4653,4.2021,0.3785,188,713,0,0,1
4654,4.2454,0.3407,188,713,0,0,1
4655,4.1193,0.3861,188,713,0,0,1
4656,4.2912,0.4178,187,713,0,0,1
4657,3.9964,0.3542,187,713,0,0,1
4658,4.2145,0.4772,187,713,0,0,1
4659,4.1575,0.5539,187,713,0,0,1
4660,4.156,0.5324,187,713,0,0,1
4661,4.1243,0.5546,187,713,0,0,1
4662,4.2214,0.3198,187,713,0,0,1
4663,4.2117,0.5334,186,713,0,0,1
4664,4.168,0.3445,186,713,0,0,1
4665,4.0975,0.3805,186,713,0,0,1
4666,4.2392,0.3893,186,713,0,0,1
4667,4.0868,0.3682,185,713,0,0,1
4668,4.2521,0.4231,185,713,0,0,1
4669,4.0794,0.3508,185,713,0,0,1
4670,4.2694,0.358,185,713,0,0,1
4671,4.258,0.376,185,713,0,0,1
4672,4.0021,0.3486,185,713,0,0,1
4673,4.2144,0.641,184,713,0,0,1
4674,4.1304,0.3846,184,713,0,0,1
4675,4.3012,0.3831,183,713,0,0,1
4676,4.0246,0.3495,183,713,0,0,1
4677,4.1107,0.3627,183,713,0,0,1
4678,4.3272,0.6582,182,713,0,0,1
4679,4.0594,0.3755,182,713,0,0,1
4680,4.442,0.518,181,713,0,0,1
4681,3.8621,0.4209,215,713,0,0,1
4682,4.2961,0.4193,215,713,0,0,1
4683,4.1184,0.5389,215,713,0,0,1
4684,4.1684,0.6553,215,713,0,0,1
4685,4.1041,0.3386,215,713,0,0,1
4686,4.1797,0.4292,215,713,0,0,1
4687,4.1796,0.4283,215,713,0,0,1
4688,4.2006,0.3488,215,713,0,0,1
4689,4.1618,0.6631,215,713,0,0,1
4690,4.1667,0.6027,215,713,0,0,1
4691,4.0963,0.4039,215,713,0,0,1
4692,4.1977,0.3712,215,713,0,0,1
4693,4.1266,0.3852,215,713,0,0,1
4694,4.2572,0.4451,215,713,0,0,1
4695,4.1419,0.4182,215,713,0,0,1
4696,4.1478,0.6246,215,713,0,0,1
4697,4.2006,0.3374,215,713,0,0,1
4698,4.1181,0.401,215,713,0,0,1
4699,4.1431,0.3363,215,713,0,0,1
4700,4.174,0.3963,215,713,0,0,1
4701,4.1761,0.3944,215,713,0,0,1
4702,4.2511,0.5128,215,713,0,0,1
4703,4.0933,0.4103,214,713,0,0,1
4704,4.2949,0.3483,214,713,0,0,1
4705,4.0844,0.6388,214,713,0,0,1
4706,4.1376,0.4481,214,713,0,0,1
4707,4.2021,0.3664,214,713,0,0,1
4708,4.097,0.4906,214,713,0,0,1
4709,4.2108,0.615,214,713,0,0,1
4710,4.2024,0.4189,212,713,0,0,1
4711,4.1423,0.6131,212,713,0,0,1
4712,4.2209,0.4755,212,713,0,0,1
4713,4.0788,0.4313,211,713,0,0,1
4714,4.5478,0.3455,211,713,0,0,1
4715,3.8053,0.3975,210,713,0,0,1
4716,4.1627,0.3805,210,713,0,0,1
4717,4.1429,0.3654,210,713,0,0,1
4718,4.188,0.5107,209,713,0,0,1
4719,4.215,0.4369,208,713,0,0,1
4720,4.1148,0.5717,208,713,0,0,1
4721,4.1435,0.3225,208,713,0,0,1
4722,4.1604,0.4032,208,713,0,0,1
4723,4.2634,0.3039,208,713,0,0,1
4724,4.1838,0.4805,207,713,0,0,1
4725,4.1134,0.5257,207,713,0,0,1
4726,4.1884,0.4222,207,713,0,0,1
4727,4.0789,0.396,207,713,0,0,1
4728,4.1846,0.3102,206,713,0,0,1
4729,4.1803,0.3626,206,713,0,0,1
4730,4.2002,0.3492,206,713,0,0,1
4731,4.1095,0.3993,206,713,0,0,1
4732,4.1847,0.3554,206,713,0,0,1
4733,4.1418,0.5618,206,713,0,0,1
4734,4.1726,0.4201,206,713,0,0,1
4735,4.2379,0.6341,204,713,0,0,1
4736,4.1326,0.4198,204,713,0,0,1
4737,4.1866,0.4592,204,713,0,0,1
4738,4.1532,0.4129,203,713,0,0,1
4739,4.1471,0.3136,202,713,0,0,1
4740,4.1977,0.395,202,713,0,0,1
4741,4.1548,0.3555,202,713,0,0,1
4742,4.1878,0.3898,202,713,0,0,1
4743,4.1857,0.4112,202,713,0,0,1
4744,4.107,0.4142,202,713,0,0,1
4745,4.1691,0.4018,202,713,0,0,1
4746,4.1846,0.3091,202,713,0,0,1
4747,4.1982,0.4193,201,713,0,0,1
4748,4.1761,0.3487,199,713,0,0,1
4749,4.179,0.7767,198,713,0,0,1
4750,4.143,0.344,198,713,0,0,1
4751,4.0965,0.4156,198,713,0,0,1
4752,4.4106,0.3445,198,713,0,0,1
4753,3.9305,0.375,198,713,0,0,1
4754,4.3312,0.4395,197,713,0,0,1
4755,4.0813,0.4429,197,713,0,0,1
4756,4.1589,0.542,197,713,0,0,1
4757,4.0754,0.3115,197,713,0,0,1
4758,4.2155,0.5093,243,713,0,0,1
4759,4.3461,0.3541,243,713,0,0,1
4760,4.0352,0.5192,243,713,0,0,1
4761,4.1195,0.6871,243,713,0,0,1
4762,4.1628,0.3866,243,713,0,0,1
4763,4.1567,0.4468,243,713,0,0,1
4764,4.2607,0.4397,243,713,0,0,1
4765,4.0795,0.3362,243,713,0,0,1
4766,4.2842,0.4208,243,713,0,0,1
4767,4.0548,0.6195,243,713,0,0,1
4768,4.2395,0.3813,242,713,0,0,1
4769,4.048,0.576,242,713,0,0,1
4770,4.1752,0.3912,242,713,0,0,1
4771,4.4492,0.3203,242,713,0,0,1
4772,3.8957,0.4538,242,713,0,0,1
4773,4.215,0.3422,242,713,0,0,1
4774,4.1873,0.4006,242,713,0,0,1
4775,4.1265,0.4091,242,713,0,0,1
4776,4.1474,0.357,242,713,0,0,1
4777,4.1499,0.3837,241,713,0,0,1
4778,4.2346,0.6515,241,713,0,0,1
4779,4.3035,0.3879,241,713,0,0,1
4780,4.0433,0.6596,241,713,0,0,1
4781,4.0869,0.6155,241,713,0,0,1
4782,4.2046,0.3783,241,713,0,0,1
4783,4.2051,0.457,241,713,0,0,1
4784,4.1382,0.4038,241,713,0,0,1
4785,4.1434,0.3242,241,713,0,0,1
4786,4.221,0.4805,241,713,0,0,1
4787,4.1195,0.4112,241,713,0,0,1
4788,4.2223,0.3882,241,713,0,0,1
4789,4.0882,0.3913,241,713,0,0,1
4790,4.2388,0.6494,241,713,0,0,1
4791,4.2138,0.5074,240,713,0,0,1
4792,4.1244,0.5231,240,713,0,0,1
4793,4.0955,0.5468,240,713,0,0,1
4794,4.1924,0.4339,240,713,0,0,1
4795,4.1491,0.4208,240,713,0,0,1
4796,4.2293,0.3418,240,713,0,0,1
4797,4.1384,0.6842,240,713,0,0,1
4798,4.2663,0.488,240,713,0,0,1
4799,4.0438,0.3351,240,713,0,0,1
4800,4.1421,0.4143,239,713,0,0,1
4801,4.1505,0.3832,239,713,0,0,1
4802,4.2761,0.449,238,713,0,0,1
4803,4.0913,0.4128,237,713,0,0,1
4804,4.1463,0.3512,237,713,0,0,1
4805,4.2148,0.4262,235,713,0,0,1
4806,4.1523,0.4418,234,713,0,0,1
4807,4.4749,0.5781,234,713,0,0,1
4808,3.8819,0.5452,234,713,0,0,1
4809,4.1485,0.3776,234,713,0,0,1
4810,4.3384,0.4878,234,713,0,0,1
4811,3.9567,0.414,234,713,0,0,1
4812,4.5403,0.5844,234,713,0,0,1
4813,3.7999,0.4108,234,713,0,0,1
4814,4.224,0.4534,234,713,0,0,1
4815,4.1411,0.4463,234,713,0,0,1
4816,4.1632,0.4228,234,713,0,0,1
4817,4.2621,0.6636,234,713,0,0,1
4818,4.0782,0.361,234,713,0,0,1
4819,4.4283,0.4312,234,713,0,0,1
4820,3.974,0.5435,234,713,0,0,1
4821,4.0778,0.3899,234,713,0,0,1
4822,4.2808,0.7543,234,713,0,0,1
4823,4.0419,0.3146,234,713,0,0,1
4824,4.2873,0.4667,234,713,0,0,1
4825,4.0362,0.3891,234,713,0,0,1
4826,4.247,0.3657,233,713,0,0,1
4827,4.1319,0.4619,233,713,0,0,1
4828,4.1632,0.5629,233,713,0,0,1
4829,4.1294,0.5547,233,713,0,0,1
4830,4.1988,0.465,233,713,0,0,1
4831,4.2674,0.3733,232,713,0,0,1
4832,4.1293,0.4751,231,713,0,0,1
4833,4.1208,0.43,231,713,0,0,1
4834,4.1502,0.5568,231,713,0,0,1
4835,4.1907,0.5214,265,713,0,0,1
4836,4.1556,0.465,265,713,0,0,1
4837,4.1303,0.3781,265,713,0,0,1
4838,4.5662,0.4645,265,713,0,0,1
4839,4.1309,0.7592,265,713,0,0,1
4840,3.8308,0.5815,265,713,0,0,1
4841,4.116,0.6356,265,713,0,0,1
4842,4.2209,0.4478,263,713,0,0,1
4843,4.1737,0.3724,263,713,0,0,1
4844,4.228,0.5341,263,713,0,0,1
4845,4.1203,0.5305,263,713,0,0,1
4846,4.2255,0.4016,262,713,0,0,1
4847,4.0908,0.347,262,713,0,0,1
4848,4.1104,0.4664,262,713,0,0,1
4849,4.2037,0.3791,261,713,0,0,1
4850,4.1677,0.3377,260,713,0,0,1
4851,4.2338,0.477,260,713,0,0,1
4852,4.1621,0.7368,260,713,0,0,1
4853,4.0851,0.356,260,713,0,0,1
4854,4.2023,0.36,260,713,0,0,1
4855,4.1846,0.4856,260,713,0,0,1
4856,4.1506,0.3715,260,713,0,0,1
4857,4.1664,0.3666,260,713,0,0,1
4858,4.2193,0.5877,260,713,0,0,1
4859,4.0813,0.3595,259,713,0,0,1
4860,4.2783,0.4912,259,713,0,0,1
4861,4.0958,0.4414,259,713,0,0,1
4862,4.2304,0.4851,259,713,0,0,1
4863,4.1449,0.4171,259,713,0,0,1
4864,4.1644,0.4943,259,713,0,0,1
4865,4.1354,0.6635,259,713,0,0,1
4866,4.1226,0.343,258,713,0,0,1
4867,4.2405,0.4022,258,713,0,0,1
4868,4.1772,0.5895,257,713,0,0,1
4869,4.1452,0.6211,257,713,0,0,1
4870,4.1986,0.4498,256,713,0,0,1
4871,4.065,0.4217,256,713,0,0,1
4872,4.164,0.4011,255,713,0,0,1
4873,4.5766,0.3932,255,713,0,0,1
4874,3.8753,0.5379,255,713,0,0,1
4875,4.1329,0.4565,255,713,0,0,1
4876,4.1303,0.35,255,713,0,0,1
4877,4.1052,0.4172,255,713,0,0,1
4878,4.1874,0.3609,255,713,0,0,1
4879,4.3598,0.598,255,713,0,0,1
4880,4.0358,0.5405,254,713,0,0,1
4881,4.1609,0.6486,254,713,0,0,1
4882,4.1984,0.4016,254,713,0,0,1
4883,4.1258,0.4508,254,713,0,0,1
4884,4.2056,0.4061,254,713,0,0,1
4885,4.0832,0.3666,254,713,0,0,1
4886,4.3588,0.5119,254,713,0,0,1
4887,4.0005,0.3969,254,713,0,0,1
4888,4.2544,0.4299,253,713,0,0,1
4889,4.0588,0.6263,253,713,0,0,1
4890,4.1614,0.4125,252,713,0,0,1
4891,4.2081,0.3577,251,713,0,0,1
4892,4.2103,0.7316,251,713,0,0,1
4893,4.1337,0.4002,251,713,0,0,1
4894,4.2531,0.4258,251,713,0,0,1
4895,4.0445,0.4278,251,713,0,0,1
4896,4.1554,0.4033,251,713,0,0,1
4897,4.1586,0.358,244,713,0,0,1
4898,4.2032,0.4189,244,713,0,0,1
4899,4.4375,0.6387,243,713,0,0,1
4900,4.1953,0.5225,242,713,0,0,1
4901,3.9104,0.639,242,713,0,0,1
4902,4.1377,0.4029,242,713,0,0,1
4903,4.1801,0.4795,240,713,0,0,1
4904,4.1815,0.6906,240,713,0,0,1
4905,4.1945,0.7295,240,713,0,0,1
4906,4.1513,0.4633,240,713,0,0,1
4907,4.1116,0.4243,240,713,0,0,1
4908,4.1876,0.365,240,713,0,0,1
4909,4.4174,0.5546,240,713,0,0,1
4910,3.9797,0.399,239,713,0,0,1
4911,4.1342,0.3663,239,713,0,0,1
4912,4.1648,0.7675,285,713,0,0,1
4913,4.1044,0.4525,285,713,0,0,1
4914,4.1517,0.732,285,713,0,0,1
4915,4.182,0.358,285,713,0,0,1
4916,4.2634,0.7918,285,713,0,0,1
4917,4.0845,0.4504,285,713,0,0,1
4918,4.247,0.4455,285,713,0,0,1
4919,4.0863,0.3549,284,713,0,0,1
4920,4.1528,0.4462,283,713,0,0,1
4921,4.1591,0.4459,281,713,0,0,1
4922,4.2344,0.4191,281,713,0,0,1
4923,4.1532,0.502,281,713,0,0,1
4924,4.1924,0.5461,281,713,0,0,1
4925,4.1269,0.4437,281,713,0,0,1
4926,4.1498,0.3749,281,713,0,0,1
4927,4.1719,0.5641,281,713,0,0,1
4928,4.4198,0.4421,281,713,0,0,1
4929,3.91,0.4541,281,713,0,0,1
4930,4.3307,0.5896,281,713,0,0,1
4931,4.0038,0.3589,281,713,0,0,1
4932,4.2529,0.4953,281,713,0,0,1
4933,4.0872,0.4407,281,713,0,0,1
4934,4.1488,0.6283,281,713,0,0,1
4935,4.225,0.371,281,713,0,0,1
4936,4.112,0.4894,281,713,0,0,1
4937,4.1614,0.4169,281,713,0,0,1
4938,4.1907,0.3494,281,713,0,0,1
4939,4.1227,0.3551,281,713,0,0,1
4940,4.2608,0.6103,281,713,0,0,1
4941,4.1383,0.6825,281,713,0,0,1
4942,4.1902,0.6283,281,713,0,0,1
4943,4.0867,0.3577,281,713,0,0,1
4944,4.2394,0.4702,280,713,0,0,1
4945,4.1111,0.5366,279,713,0,0,1
4946,4.2627,0.378,279,713,0,0,1
4947,4.1424,0.4575,279,713,0,0,1
4948,4.098,0.657,279,713,0,0,1
4949,4.1383,0.3918,279,713,0,0,1
4950,4.2221,0.3568,277,713,0,0,1
4951,4.1705,0.6299,277,713,0,0,1
4952,4.2292,0.4873,276,713,0,0,1
4953,4.1114,0.6276,275,713,0,0,1
4954,4.1876,0.5923,275,713,0,0,1
4955,4.1319,0.4416,275,713,0,0,1
4956,4.4472,0.5366,274,713,0,0,1
4957,3.8647,0.5089,274,713,0,0,1
4958,4.2667,0.494,274,713,0,0,1
4959,4.0989,0.4476,273,713,0,0,1
4960,4.1491,0.4053,273,713,0,0,1
4961,4.1323,0.5423,272,713,0,0,1
4962,4.2373,0.7321,271,713,0,0,1
4963,4.144,0.4242,271,713,0,0,1
4964,4.2001,0.4205,270,713,0,0,1
4965,4.1424,0.6058,269,713,0,0,1
4966,4.1749,0.4543,269,713,0,0,1
4967,4.1336,0.4105,269,713,0,0,1
4968,4.1295,0.3516,269,713,0,0,1
4969,4.1677,0.4051,268,713,0,0,1
4970,4.255,0.7437,268,713,0,0,1
4971,4.4419,0.3578,266,713,0,0,1
4972,3.81,0.3617,266,713,0,0,1
4973,4.1919,0.4364,259,713,0,0,1
4974,4.187,0.4064,259,713,0,0,1
4975,4.1722,0.6054,259,713,0,0,1
4976,4.105,0.441,259,713,0,0,1
4977,4.2003,0.4422,259,713,0,0,1
4978,4.1579,0.5519,259,713,0,0,1
4979,4.1226,0.3428,259,713,0,0,1
4980,4.4552,0.6887,258,713,0,0,1
4981,3.923,0.3961,258,713,0,0,1
4982,4.4276,0.4939,257,713,0,0,1
4983,4.1441,0.6314,256,713,0,0,1
4984,3.9059,0.4149,256,713,0,0,1
4985,4.1927,0.52,256,713,0,0,1
4986,4.1935,0.435,256,713,0,0,1
4987,4.2625,0.4387,256,713,0,0,1
4988,4.0806,0.3728,256,713,0,0,1
4989,4.1819,0.5163,290,713,0,0,1
4990,4.1183,0.6493,288,713,0,0,1
4991,4.1557,0.4694,288,713,0,0,1
4992,4.1802,0.4122,288,713,0,0,1
4993,4.1893,0.3632,288,713,0,0,1
4994,4.1346,0.6558,287,713,0,0,1
4995,4.1688,0.6556,287,713,0,0,1
4996,4.1941,0.4209,287,713,0,0,1
4997,4.1235,0.5392,287,713,0,0,1
4998,4.2152,0.3962,287,713,0,0,1
4999,4.4232,0.7354,287,713,0,0,1
5000,3.8816,0.6491,287,713,0,0,1
5001,4.1739,0.3802,287,713,0,0,1
5002,4.2126,0.512,286,713,0,0,1
5003,4.1296,0.4556,285,713,0,0,1
5004,4.1649,0.6391,285,713,0,0,1
5005,4.1352,0.3848,285,713,0,0,1
5006,4.2459,0.6099,285,713,0,0,1
5007,4.1073,0.3631,285,713,0,0,1
5008,4.2321,0.6534,285,713,0,0,1
5009,4.0974,0.4175,285,713,0,0,1
5010,4.168,0.3508,285,713,0,0,1
5011,4.2375,0.3745,285,713,0,0,1
5012,4.1762,0.55,285,713,0,0,1
5013,4.1551,0.6932,285,713,0,0,1
5014,4.1255,0.4004,285,713,0,0,1
5015,4.1675,0.3761,285,713,0,0,1
5016,4.1412,0.4569,285,713,0,0,1
5017,4.148,0.409,285,713,0,0,1
5018,4.1957,0.3857,285,713,0,0,1
5019,4.4992,0.4648,285,713,0,0,1
5020,3.8469,0.4457,285,713,0,0,1
5021,4.1583,0.5467,282,713,0,0,1
5022,4.1869,0.393,282,713,0,0,1
5023,4.3676,0.6382,282,713,0,0,1
5024,4.0772,0.6265,281,713,0,0,1
5025,4.0222,0.4811,281,713,0,0,1
5026,4.5074,0.393,280,713,0,0,1
5027,3.8494,0.3631,280,713,0,0,1
5028,4.1927,0.4835,280,713,0,0,1
5029,4.1572,0.4609,280,713,0,0,1
5030,4.2018,0.7713,279,713,0,0,1
5031,4.1382,0.4068,278,713,0,0,1
5032,4.2083,0.5492,278,713,0,0,1
5033,4.0963,0.4377,277,713,0,0,1
5034,4.1617,0.3689,277,713,0,0,1
5035,4.136,0.3529,276,713,0,0,1
5036,4.322,0.8309,276,713,0,0,1
5037,4.0781,0.6664,276,713,0,0,1
5038,4.2144,0.3927,276,713,0,0,1
5039,4.0731,0.3603,276,713,0,0,1
5040,4.2212,0.4478,276,713,0,0,1
5041,4.1027,0.4091,276,713,0,0,1
5042,4.2369,0.5817,276,713,0,0,1
5043,4.1715,0.4341,276,713,0,0,1
5044,4.1281,0.4423,276,713,0,0,1
5045,4.1623,0.3882,276,713,0,0,1
5046,4.2305,0.4235,276,713,0,0,1
5047,4.1562,0.5869,276,713,0,0,1
5048,4.1065,0.472,276,713,0,0,1
5049,4.1409,0.5861,275,713,0,0,1
5050,4.2706,0.4009,268,713,0,0,1
5051,4.0632,0.44,268,713,0,0,1
5052,4.2581,0.4602,268,713,0,0,1
5053,4.1155,0.3449,267,713,0,0,1
5054,4.2297,0.4128,267,713,0,0,1
5055,4.2098,0.726,267,713,0,0,1
5056,4.3358,0.6283,267,713,0,0,1
5057,3.8757,0.3471,266,713,0,0,1
5058,4.1569,0.4506,266,713,0,0,1
5059,4.1875,0.4324,266,713,0,0,1
5060,4.4832,0.6074,266,713,0,0,1
5061,3.849,0.4421,266,713,0,0,1
5062,4.6039,0.6234,265,713,0,0,1
5063,3.7364,0.3873,265,713,0,0,1
5064,4.1309,0.4019,265,713,0,0,1
5065,4.1996,0.5483,309,713,0,0,1
5066,4.2113,0.6226,307,713,0,0,1
5067,4.1716,0.4524,306,713,0,0,1
5068,4.1678,0.6461,306,713,0,0,1
5069,4.0821,0.5504,305,713,0,0,1
5070,4.1877,0.4556,305,713,0,0,1
5071,4.534,0.4684,305,713,0,0,1
5072,3.8761,0.5445,304,713,0,0,1
5073,4.142,0.6902,304,713,0,0,1
5074,4.2094,0.6035,304,713,0,0,1
5075,4.0784,0.3874,304,713,0,0,1
5076,4.194,0.5086,302,713,0,0,1
5077,4.112,0.3961,301,713,0,0,1
5078,4.2178,0.378,301,713,0,0,1
5079,4.2079,0.3766,300,713,0,0,1
5080,4.1591,0.8979,300,713,0,0,1
5081,4.0972,0.7877,300,713,0,0,1
5082,4.188,0.4401,299,713,0,0,1
5083,4.1659,0.3705,299,713,0,0,1
5084,4.2327,0.4459,297,713,0,0,1
5085,4.1323,0.6212,296,713,0,0,1
5086,4.2079,0.4617,296,713,0,0,1
5087,4.0976,0.3961,295,713,0,0,1
5088,4.1555,0.3719,295,713,0,0,1
5089,4.2704,0.7729,295,713,0,0,1
5090,4.4577,0.5887,295,713,0,0,1
5091,3.8027,0.6,295,713,0,0,1
5092,4.3574,0.3772,295,713,0,0,1
5093,3.9365,0.5663,295,713,0,0,1
5094,4.1728,0.4541,295,713,0,0,1
5095,4.5908,0.6656,295,713,0,0,1
5096,3.8214,0.4475,295,713,0,0,1
5097,4.1349,0.5849,295,713,0,0,1
5098,4.3353,0.5369,293,713,0,0,1
5099,3.9442,0.4503,293,713,0,0,1
5100,4.2866,0.4899,292,713,0,0,1
5101,4.0769,0.3847,290,713,0,0,1
5102,4.2312,0.4106,290,713,0,0,1
5103,4.151,0.4878,289,713,0,0,1
5104,4.134,0.4508,289,713,0,0,1
5105,4.1535,0.4017,289,713,0,0,1
5106,4.1394,0.364,289,713,0,0,1
5107,4.5014,0.5445,289,713,0,0,1
5108,3.9253,0.5066,289,713,0,0,1
5109,4.0834,0.3998,289,713,0,0,1
5110,4.2449,0.5198,289,713,0,0,1
5111,4.1008,0.3769,288,713,0,0,1
5112,4.1537,0.4512,288,713,0,0,1
5113,4.1771,0.4035,288,713,0,0,1
5114,4.2002,0.3986,288,713,0,0,1
5115,4.1513,0.53,288,713,0,0,1
5116,4.1586,0.5749,288,713,0,0,1
5117,4.1329,0.4223,288,713,0,0,1
5118,4.1828,0.6255,288,713,0,0,1
5119,4.2098,0.428,288,713,0,0,1
5120,4.1938,0.5673,288,713,0,0,1
5121,4.0993,0.4225,288,713,0,0,1
5122,4.213,0.4046,287,713,0,0,1
5123,4.1205,0.3802,286,713,0,0,1
5124,4.2268,0.6559,286,713,0,0,1
5125,4.0836,0.3915,284,713,0,0,1
5126,4.2708,0.398,284,713,0,0,1
5127,4.1474,0.4088,277,713,0,0,1
5128,4.249,0.4764,275,713,0,0,1
5129,4.0133,0.4182,275,713,0,0,1
5130,4.5596,0.3836,275,713,0,0,1
5131,3.7871,0.4488,275,713,0,0,1
5132,4.28,0.4957,275,713,0,0,1
5133,4.0543,0.3862,275,713,0,0,1
5134,4.1888,0.3584,275,713,0,0,1
5135,4.1649,0.5785,275,713,0,0,1
5136,4.1285,0.4203,273,713,0,0,1
5137,4.1532,0.373,273,713,0,0,1
5138,4.2637,0.4107,273,713,0,0,1
5139,4.1433,0.5033,272,713,0,0,1
5140,4.1304,0.3914,271,713,0,0,1
5141,4.1485,0.6076,271,713,0,0,1
5142,4.1857,0.492,304,713,0,0,1
5143,4.2039,0.6913,304,713,0,0,1
5144,4.1844,0.4619,303,713,0,0,1
5145,4.1491,0.6371,303,713,0,0,1
5146,4.174,0.4231,302,713,0,0,1
5147,4.1005,0.4611,302,713,0,0,1
5148,4.208,0.5499,302,713,0,0,1
5149,4.153,0.4459,302,713,0,0,1
5150,4.2453,0.4073,302,713,0,0,1
5151,4.1106,0.4219,301,713,0,0,1
5152,4.1445,0.6602,301,713,0,0,1
5153,4.1424,0.5677,300,713,0,0,1
5154,4.165,0.368,300,713,0,0,1
5155,4.1498,0.3615,299,713,0,0,1
5156,4.2835,0.405,299,713,0,0,1
5157,4.1236,0.7101,299,713,0,0,1
5158,4.2172,0.5,299,713,0,0,1
5159,4.0385,0.36,299,713,0,0,1
5160,4.2169,0.3871,299,713,0,0,1
5161,4.174,0.4686,299,713,0,0,1
5162,4.3987,0.7909,298,713,0,0,1
5163,4.05,0.4792,298,713,0,0,1
5164,4.0977,0.5702,298,713,0,0,1
5165,4.1509,0.5324,298,713,0,0,1
5166,4.1117,0.4498,297,713,0,0,1
5167,4.4108,0.5636,296,713,0,0,1
5168,4.144,0.5731,296,713,0,0,1
5169,3.948,0.3749,295,713,0,0,1
5170,4.2388,0.5747,294,713,0,0,1
5171,4.1127,0.4467,294,713,0,0,1
5172,4.1949,0.4443,294,713,0,0,1
5173,4.1091,0.3862,294,713,0,0,1
5174,4.2542,0.3786,294,713,0,0,1
5175,4.1478,0.7402,293,713,0,0,1
5176,4.207,0.6942,293,713,0,0,1
5177,4.0612,0.5367,293,713,0,0,1
5178,4.1792,0.415,293,713,0,0,1
5179,4.1607,0.4505,292,713,0,0,1
5180,4.2958,0.7075,292,713,0,0,1
5181,4.032,0.6811,292,713,0,0,1
5182,4.2197,0.3661,292,713,0,0,1
5183,4.1364,0.4598,291,713,0,0,1
5184,4.1248,0.4503,291,713,0,0,1
5185,4.1801,0.4037,290,713,0,0,1
5186,4.1909,0.3583,289,713,0,0,1
5187,4.1786,0.5552,289,713,0,0,1
5188,4.2133,0.7358,288,713,0,0,1
5189,4.0915,0.6233,287,713,0,0,1
5190,4.2051,0.3472,287,713,0,0,1
5191,4.1878,0.4044,286,713,0,0,1
5192,4.1816,0.4836,286,713,0,0,1
5193,4.13,0.4409,286,713,0,0,1
5194,4.2141,0.4265,285,713,0,0,1
5195,4.1492,0.3606,284,713,0,0,1
5196,4.1492,0.4917,283,713,0,0,1
5197,4.1117,0.4565,282,713,0,0,1
5198,4.272,0.4987,281,713,0,0,1
5199,4.1153,0.6142,281,713,0,0,1
5200,4.1894,0.787,281,713,0,0,1
5201,4.1254,0.6528,281,713,0,0,1
5202,4.1421,0.3781,281,713,0,0,1
5203,4.182,0.3766,281,713,0,0,1
5204,4.2947,0.4792,274,713,0,0,1
5205,4.0804,0.7259,274,713,0,0,1
5206,4.1911,0.5382,273,713,0,0,1
5207,4.0791,0.3578,272,713,0,0,1
5208,4.1725,0.4416,271,713,0,0,1
5209,4.1629,0.3836,270,713,0,0,1
5210,4.5321,0.5678,270,713,0,0,1
5211,3.8819,0.4897,270,713,0,0,1
5212,4.1437,0.7102,269,713,0,0,1
5213,4.1503,0.4174,269,713,0,0,1
5214,4.17,0.3549,269,713,0,0,1
5215,4.186,0.4907,268,713,0,0,1
5216,4.1947,0.4264,268,713,0,0,1
5217,4.0841,0.5128,268,713,0,0,1
5218,4.2347,0.4416,268,713,0,0,1
5219,4.1337,0.4821,313,713,0,0,1
5220,4.1517,0.4639,311,713,0,0,1
5221,4.1461,0.4164,311,713,0,0,1
5222,4.2506,0.5169,311,713,0,0,1
5223,4.081,0.4348,310,713,0,0,1
5224,4.2447,0.4632,310,713,0,0,1
5225,4.0888,0.6468,310,713,0,0,1
5226,4.2026,0.3972,310,713,0,0,1
5227,4.1404,0.3888,309,713,0,0,1
5228,4.2352,0.4294,308,713,0,0,1
5229,4.1512,0.7289,307,713,0,0,1
5230,4.2046,0.7085,307,713,0,0,1
5231,4.0918,0.4198,307,713,0,0,1
5232,4.4229,0.6195,307,713,0,0,1
5233,3.8808,0.3976,307,713,0,0,1
5234,4.179,0.4566,307,713,0,0,1
5235,4.1919,0.5304,307,713,0,0,1
5236,4.1686,0.6283,307,713,0,0,1
5237,4.1192,0.5507,307,713,0,0,1
5238,4.2237,0.3992,307,713,0,0,1
5239,4.44,0.5986,307,713,0,0,1
5240,3.9549,0.5242,307,713,0,0,1
5241,4.0805,0.5352,307,713,0,0,1
5242,4.2294,0.5315,307,713,0,0,1
5243,4.0954,0.3666,307,713,0,0,1
5244,4.2018,0.7335,307,713,0,0,1
5245,4.1865,0.4706,306,713,0,0,1
5246,4.214,0.5096,305,713,0,0,1
5247,4.1447,0.4349,304,713,0,0,1
5248,4.1372,0.3852,304,713,0,0,1
5249,4.1977,0.5923,304,713,0,0,1
5250,4.1075,0.4615,304,713,0,0,1
5251,4.1559,0.4363,303,713,0,0,1
5252,4.245,0.6555,302,713,0,0,1
5253,4.0978,0.5308,302,713,0,0,1
5254,4.2194,0.422,302,713,0,0,1
5255,4.1205,0.6662,302,713,0,0,1
5256,4.1315,0.6381,302,713,0,0,1
5257,4.1959,0.386,302,713,0,0,1
5258,4.1745,0.5393,300,713,0,0,1
5259,4.5129,0.3994,300,713,0,0,1
5260,3.8193,0.4564,300,713,0,0,1
5261,4.1534,0.4367,300,713,0,0,1
5262,4.1537,0.3973,300,713,0,0,1
5263,4.2018,0.5512,300,713,0,0,1
5264,4.2153,0.5195,300,713,0,0,1
5265,4.1363,0.6515,299,713,0,0,1
5266,4.1789,0.4553,299,713,0,0,1
5267,4.1348,0.4183,299,713,0,0,1
5268,4.196,0.5533,297,713,0,0,1
5269,4.0998,0.4437,297,713,0,0,1
5270,4.5401,0.5448,297,713,0,0,1
5271,3.8476,0.4523,296,713,0,0,1
5272,4.2178,0.4068,296,713,0,0,1
5273,4.0549,0.5269,296,713,0,0,1
5274,4.2161,0.4616,295,713,0,0,1
5275,4.1447,0.5128,295,713,0,0,1
5276,4.2363,0.4359,295,713,0,0,1
5277,4.1055,0.3715,295,713,0,0,1
5278,4.5631,0.45,294,713,0,0,1
5279,3.7737,0.4612,294,713,0,0,1
5280,4.1516,0.6044,294,713,0,0,1
5281,4.1909,0.3607,286,713,0,0,1
5282,4.2109,0.4965,286,713,0,0,1
5283,4.1621,0.5079,286,713,0,0,1
5284,4.1652,0.485,286,713,0,0,1
5285,4.112,0.3889,286,713,0,0,1
5286,4.1901,0.3687,286,713,0,0,1
5287,4.2013,0.7021,286,713,0,0,1
5288,4.2444,0.4182,285,713,0,0,1
5289,4.0756,0.4299,285,713,0,0,1
5290,4.1828,0.4295,285,713,0,0,1
5291,4.0928,0.4377,285,713,0,0,1
5292,4.1709,0.4378,285,713,0,0,1
5293,4.2428,0.6848,285,713,0,0,1
5294,4.2175,0.6136,284,713,0,0,1
5295,4.0972,0.5072,283,713,0,0,1
5296,4.1899,0.6909,317,713,0,0,1
5297,4.1541,0.6208,317,713,0,0,1
5298,4.0987,0.374,317,713,0,0,1
5299,4.1363,0.4703,317,713,0,0,1
5300,4.4434,0.5628,317,713,0,0,1
5301,3.9357,0.4711,317,713,0,0,1
5302,4.2011,0.569,317,713,0,0,1
5303,4.1065,0.3837,317,713,0,0,1
5304,4.128,0.4005,317,713,0,0,1
5305,4.2497,0.3807,317,713,0,0,1
5306,4.1713,0.5603,317,713,0,0,1
5307,4.1657,0.7038,316,713,0,0,1
5308,4.1759,0.4945,316,713,0,0,1
5309,4.11,0.4142,314,713,0,0,1
5310,4.21,0.4118,313,713,0,0,1
5311,4.1992,0.4295,312,713,0,0,1
5312,4.1751,0.774,311,713,0,0,1
5313,4.1528,0.7667,311,713,0,0,1
5314,4.2045,0.4935,311,713,0,0,1
5315,4.0852,0.3629,311,713,0,0,1
5316,4.1536,0.38,311,713,0,0,1
5317,4.198,0.4048,311,713,0,0,1
5318,4.5596,0.4636,309,713,0,0,1
5319,3.7854,0.6895,308,713,0,0,1
5320,4.1299,0.4367,308,713,0,0,1
5321,4.1712,0.6228,307,713,0,0,1
5322,4.1721,0.4134,307,713,0,0,1
5323,4.1171,0.4356,306,713,0,0,1
5324,4.2745,0.4524,306,713,0,0,1
5325,4.1476,0.6752,306,713,0,0,1
5326,4.3488,0.6546,305,713,0,0,1
5327,3.9519,0.4102,303,713,0,0,1
5328,4.1611,0.4735,303,713,0,0,1
5329,4.2482,0.5273,303,713,0,0,1
5330,4.3677,0.4304,302,713,0,0,1
5331,4.0482,0.356,301,713,0,0,1
5332,4.0636,0.7069,301,713,0,0,1
5333,4.1366,0.5171,301,713,0,0,1
5334,4.1573,0.4913,301,713,0,0,1
5335,4.1564,0.3587,300,713,0,0,1
5336,4.2152,0.4369,298,713,0,0,1
5337,4.1076,0.4707,298,713,0,0,1
5338,4.2581,0.7532,298,713,0,0,1
5339,4.0863,0.4011,298,713,0,0,1
5340,4.2531,0.4099,298,713,0,0,1
5341,4.1428,0.5976,298,713,0,0,1
5342,4.1919,0.5016,298,713,0,0,1
5343,4.0902,0.5072,297,713,0,0,1
5344,4.2214,0.6295,296,713,0,0,1
5345,4.1494,0.4318,296,713,0,0,1
5346,4.1313,0.4491,296,713,0,0,1
5347,4.153,0.4504,295,713,0,0,1
5348,4.1672,0.4421,294,713,0,0,1
5349,4.2058,0.6668,294,713,0,0,1
5350,4.1901,0.5776,294,713,0,0,1
5351,4.1084,0.4709,294,713,0,0,1
5352,4.1211,0.4025,293,713,0,0,1
5353,4.2707,0.5243,293,713,0,0,1
5354,4.1523,0.4237,292,713,0,0,1
5355,4.378,0.692,292,713,0,0,1
5356,3.9622,0.6974,292,713,0,0,1
5357,4.1204,0.382,285,713,0,0,1
5358,4.1732,0.3897,285,713,0,0,1
5359,4.2155,0.4982,285,713,0,0,1
5360,4.1776,0.4706,284,713,0,0,1
5361,4.4869,0.375,284,713,0,0,1
5362,3.7684,0.4107,283,713,0,0,1
5363,4.1797,0.4475,282,713,0,0,1
5364,4.1847,0.4238,281,713,0,0,1
5365,4.13,0.3672,281,713,0,0,1
5366,4.4879,0.4383,280,713,0,0,1
5367,3.9139,0.4777,279,713,0,0,1
5368,4.2066,0.4137,279,713,0,0,1
5369,4.0464,0.3454,279,713,0,0,1
5370,4.2054,0.3828,279,713,0,0,1
5371,4.1633,0.4496,278,713,0,0,1
5372,4.1661,0.4089,277,713,0,0,1
5373,4.1974,0.5147,322,713,0,0,1
5374,4.4187,0.5918,322,713,0,0,1
5375,3.8923,0.4185,322,713,0,0,1
5376,4.1628,0.6972,322,713,0,0,1
5377,4.1406,0.4883,322,713,0,0,1
5378,4.2466,0.4787,322,713,0,0,1
5379,4.118,0.8801,322,713,0,0,1
5380,4.2094,0.5652,322,713,0,0,1
5381,4.0861,0.558,321,713,0,0,1
5382,4.2044,0.4654,321,713,0,0,1
5383,4.1951,0.4344,321,713,0,0,1
5384,4.3997,0.5054,321,713,0,0,1
5385,4.2485,0.3796,321,713,0,0,1
5386,3.8529,0.4182,321,713,0,0,1
5387,4.1311,0.4294,321,713,0,0,1
5388,4.3219,0.6577,321,713,0,0,1
5389,4.0682,0.5533,321,713,0,0,1
5390,4.1803,0.4891,321,713,0,0,1
5391,4.1458,0.4181,321,713,0,0,1
5392,4.0871,0.396,321,713,0,0,1
5393,4.1748,0.3989,320,713,0,0,1
5394,4.1972,0.4792,319,713,0,0,1
5395,4.109,0.4316,319,713,0,0,1
5396,4.2172,0.5994,319,713,0,0,1
5397,4.1996,0.6493,319,713,0,0,1
5398,4.2127,0.4261,318,713,0,0,1
5399,4.0879,0.4405,318,713,0,0,1
5400,4.1349,0.6743,317,713,0,0,1
5401,4.2493,0.8077,317,713,0,0,1
5402,4.1636,0.4899,317,713,0,0,1
5403,4.4187,0.5947,315,713,0,0,1
5404,4.2471,0.3867,315,713,0,0,1
5405,3.8454,0.5108,313,713,0,0,1
5406,4.1171,0.4905,313,713,0,0,1
5407,4.2885,0.6554,313,713,0,0,1
5408,4.1119,0.6616,313,713,0,0,1
5409,4.1028,0.3905,312,713,0,0,1
5410,4.1501,0.4253,312,713,0,0,1
5411,4.1691,0.5121,312,713,0,0,1
5412,4.4203,0.6505,312,713,0,0,1
5413,3.9739,0.7335,311,713,0,0,1
5414,4.1944,0.6729,311,713,0,0,1
5415,4.1488,0.4293,309,713,0,0,1
5416,4.1062,0.401,309,713,0,0,1
5417,4.1449,0.4633,309,713,0,0,1
5418,4.1893,0.4637,307,713,0,0,1
5419,4.1359,0.5767,306,713,0,0,1
5420,4.2821,0.6766,306,713,0,0,1
5421,4.0863,0.5783,305,713,0,0,1
5422,4.4404,0.6069,304,713,0,0,1
5423,3.8847,0.436,302,713,0,0,1
5424,4.167,0.4205,302,713,0,0,1
5425,4.1684,0.3938,302,713,0,0,1
5426,4.3166,0.3901,302,713,0,0,1
5427,4.0312,0.5137,302,713,0,0,1
5428,4.1624,0.4372,300,713,0,0,1
5429,4.116,0.592,299,713,0,0,1
5430,4.1894,0.6474,299,713,0,0,1
5431,4.1646,0.5382,299,713,0,0,1
5432,4.1701,0.5121,298,713,0,0,1
5433,4.5,0.4597,298,713,0,0,1
5434,3.9017,0.4338,291,713,0,0,1
5435,4.1042,0.3699,290,713,0,0,1
5436,4.1995,0.5678,290,713,0,0,1
5437,4.1753,0.6242,290,713,0,0,1
5438,4.2063,0.6093,290,713,0,0,1
5439,4.1446,0.3624,290,713,0,0,1
5440,4.4069,0.4853,288,713,0,0,1
5441,3.9154,0.9713,288,713,0,0,1
5442,4.1153,0.4451,288,713,0,0,1
5443,4.1759,0.5075,288,713,0,0,1
5444,4.2229,0.3747,288,713,0,0,1
5445,4.1615,0.7672,288,713,0,0,1
5446,4.1617,0.5194,288,713,0,0,1
5447,4.129,0.4188,288,713,0,0,1
5448,4.0976,0.481,286,713,0,0,1
5449,4.2299,0.4049,320,713,0,0,1
5450,4.2382,0.4843,318,713,0,0,1
5451,4.1458,0.8056,317,713,0,0,1
5452,4.1723,0.5276,316,713,0,0,1
5453,4.102,0.4417,315,713,0,0,1
5454,4.1996,0.3772,315,713,0,0,1
5455,4.1508,0.4169,314,713,0,0,1
5456,4.2453,0.523,314,713,0,0,1
5457,4.5654,0.5053,313,713,0,0,1
5458,3.7029,0.7221,313,713,0,0,1
5459,4.1284,0.3721,313,713,0,0,1
5460,4.4702,0.6025,311,713,0,0,1
5461,3.9336,0.5676,311,713,0,0,1
5462,4.132,0.6078,311,713,0,0,1
5463,4.1895,0.7087,311,713,0,0,1
5464,4.218,0.683,311,713,0,0,1
5465,4.1396,0.4495,310,713,0,0,1
5466,4.0868,0.3694,309,713,0,0,1
5467,4.1378,0.3685,309,713,0,0,1
5468,4.2752,0.4969,309,713,0,0,1
5469,4.1495,0.6983,309,713,0,0,1
5470,4.167,0.7109,308,713,0,0,1
5471,4.1307,0.3636,308,713,0,0,1
5472,4.1878,0.411,308,713,0,0,1
5473,4.1524,0.4935,308,713,0,0,1
5474,4.1724,0.507,308,713,0,0,1
5475,4.1599,0.4242,308,713,0,0,1
5476,4.1445,0.3906,308,713,0,0,1
5477,4.1503,0.4391,308,713,0,0,1
5478,4.2204,0.4198,308,713,0,0,1
5479,4.1736,0.5495,308,713,0,0,1
5480,4.2336,0.5083,308,713,0,0,1
5481,4.2117,0.4364,308,713,0,0,1
5482,4.0504,0.5114,307,713,0,0,1
5483,4.116,0.4182,305,713,0,0,1
5484,4.2467,0.5414,304,713,0,0,1
5485,4.1344,0.4708,304,713,0,0,1
5486,4.186,0.461,303,713,0,0,1
5487,4.4161,0.3691,302,713,0,0,1
5488,3.8807,0.4208,300,713,0,0,1
5489,4.2029,0.8686,300,713,0,0,1
5490,4.162,0.5249,300,713,0,0,1
5491,4.2086,0.4771,300,713,0,0,1
5492,4.0675,0.3619,300,713,0,0,1
5493,4.2064,0.4028,298,713,0,0,1
5494,4.1697,0.6211,298,713,0,0,1
5495,4.1968,0.4713,297,713,0,0,1
5496,4.3528,0.3841,296,713,0,0,1
5497,4.012,0.456,295,713,0,0,1
5498,4.0902,0.3822,295,713,0,0,1
5499,4.1593,0.4412,295,713,0,0,1
5500,4.1541,0.47,295,713,0,0,1
5501,4.1864,0.6105,295,713,0,0,1
5502,4.207,0.3628,295,713,0,0,1
5503,4.4731,0.5026,294,713,0,0,1
5504,3.8306,0.4628,294,713,0,0,1
5505,4.1506,0.4188,294,713,0,0,1
5506,4.1749,0.6102,294,713,0,0,1
5507,4.1862,0.3589,294,713,0,0,1
5508,4.2229,0.5602,293,713,0,0,1
5509,4.1173,0.6615,293,713,0,0,1
5510,4.1809,0.428,293,713,0,0,1
5511,4.2379,0.4702,285,713,0,0,1
5512,4.0739,0.4277,285,713,0,0,1
5513,4.1468,0.4542,285,713,0,0,1
5514,4.192,0.4462,285,713,0,0,1
5515,4.44,0.5684,285,713,0,0,1
5516,3.8915,0.3628,285,713,0,0,1
5517,4.1814,0.4525,285,713,0,0,1
5518,4.168,0.4678,285,713,0,0,1
5519,4.1451,0.6082,285,713,0,0,1
5520,4.413,0.3398,284,713,0,0,1
5521,3.9632,0.573,284,713,0,0,1
5522,4.1557,0.7049,283,713,0,0,1
5523,4.1619,0.4331,282,713,0,0,1
5524,4.1118,0.3548,282,713,0,0,1
5525,4.2163,0.3748,279,713,0,0,1
5526,4.167,0.4951,324,713,0,0,1
5527,4.1297,0.8239,324,713,0,0,1
5528,4.1846,0.4674,324,713,0,0,1
5529,4.1661,0.3933,323,713,0,0,1
5530,4.1608,0.3901,323,713,0,0,1
5531,4.1794,0.45,323,713,0,0,1
5532,4.1627,0.4015,323,713,0,0,1
5533,4.188,0.469,321,713,0,0,1
5534,4.1867,0.525,321,713,0,0,1
5535,4.2174,0.6741,321,713,0,0,1
5536,4.1037,0.3811,321,713,0,0,1
5537,4.0897,0.374,320,713,0,0,1
5538,4.1976,0.3928,320,713,0,0,1
5539,4.3637,0.6857,318,713,0,0,1
5540,4.0367,0.5434,317,713,0,0,1
5541,4.1681,0.5022,317,713,0,0,1
5542,4.1573,0.4571,316,713,0,0,1
5543,4.1333,0.3738,315,713,0,0,1
5544,4.1253,0.4278,315,713,0,0,1
5545,4.2148,0.4875,314,713,0,0,1
5546,4.1838,0.4695,314,713,0,0,1
5547,4.1793,0.4939,313,713,0,0,1
5548,4.5096,0.6467,313,713,0,0,1
5549,3.7889,0.5318,312,713,0,0,1
5550,4.1616,0.3986,312,713,0,0,1
5551,4.2318,0.4744,311,713,0,0,1
5552,4.2201,0.7121,310,713,0,0,1
5553,4.2379,0.4778,308,713,0,0,1
5554,4.0229,0.4686,308,713,0,0,1
5555,4.1456,0.3694,307,713,0,0,1
5556,4.1257,0.4173,307,713,0,0,1
5557,4.1932,0.6181,307,713,0,0,1
5558,4.1499,0.4245,306,713,0,0,1
5559,4.1937,0.4344,306,713,0,0,1
5560,4.2115,0.4265,305,713,0,0,1
5561,4.0797,0.3962,305,713,0,0,1
5562,4.1856,0.4859,305,713,0,0,1
5563,4.1464,0.5337,305,713,0,0,1
5564,4.2393,0.392,303,713,0,0,1
5565,4.1296,0.6789,303,713,0,0,1
5566,4.2165,0.4384,303,713,0,0,1
5567,4.0739,0.4338,303,713,0,0,1
5568,4.2481,0.4653,303,713,0,0,1
5569,4.1292,0.372,302,713,0,0,1
5570,4.458,0.5904,302,713,0,0,1
5571,4.0107,0.6208,302,713,0,0,1
5572,4.0697,0.5473,302,713,0,0,1
5573,4.465,0.6617,302,713,0,0,1
5574,3.7961,0.3598,302,713,0,0,1
5575,4.2406,0.4058,302,713,0,0,1
5576,4.1734,0.4616,302,713,0,0,1
5577,4.2099,0.4605,301,713,0,0,1
5578,4.1164,0.4792,301,713,0,0,1
5579,4.086,0.3674,301,713,0,0,1
5580,4.2566,0.4394,300,713,0,0,1
5581,4.1176,0.4806,299,713,0,0,1
5582,4.2351,0.4754,299,713,0,0,1
5583,4.1716,0.6622,299,713,0,0,1
5584,4.0674,0.3756,299,713,0,0,1
5585,4.1777,0.4357,298,713,0,0,1
5586,4.1409,0.4562,298,713,0,0,1
5587,4.1472,0.3739,297,713,0,0,1
5588,4.1994,0.3574,290,713,0,0,1
5589,4.1719,0.3849,290,713,0,0,1
5590,4.2636,0.7466,290,713,0,0,1
5591,4.0525,0.4257,290,713,0,0,1
5592,4.2277,0.4593,290,713,0,0,1
5593,4.1468,0.3714,290,713,0,0,1
5594,4.2013,0.4851,290,713,0,0,1
5595,4.1882,0.6867,290,713,0,0,1
5596,4.1447,0.6324,289,713,0,0,1
5597,4.1242,0.4262,289,713,0,0,1
5598,4.143,0.4501,289,713,0,0,1
5599,4.1746,0.4635,289,713,0,0,1
5600,4.2598,0.493,289,713,0,0,1
5601,4.1523,0.3852,286,713,0,0,1
5602,4.1333,0.7909,286,713,0,0,1
5603,4.1398,0.4972,320,713,0,0,1
5604,4.1831,0.4596,320,713,0,0,1
5605,4.1598,0.403,320,713,0,0,1
5606,4.4629,0.3846,318,713,0,0,1
5607,3.8339,0.4215,317,713,0,0,1
5608,4.1911,0.4628,316,713,0,0,1
5609,4.3483,0.7531,315,713,0,0,1
5610,3.9883,0.4428,315,713,0,0,1
5611,4.1557,0.3927,313,713,0,0,1
5612,4.2405,0.4269,313,713,0,0,1
5613,4.131,0.8379,313,713,0,0,1
5614,4.2118,0.6085,313,713,0,0,1
5615,4.1124,0.4374,313,713,0,0,1
5616,4.1575,0.4281,313,713,0,0,1
5617,4.1755,0.3775,313,713,0,0,1
5618,4.2022,0.4353,313,713,0,0,1
5619,4.1669,0.4935,313,713,0,0,1
5620,4.1725,0.7407,312,713,0,0,1
5621,4.1193,0.7564,312,713,0,0,1
5622,4.1687,0.3798,312,713,0,0,1
5623,4.1742,0.4227,312,713,0,0,1
5624,4.2357,0.4375,312,713,0,0,1
5625,4.2266,0.5588,311,713,0,0,1
5626,4.2905,0.5941,310,713,0,0,1
5627,3.9419,0.6799,310,713,0,0,1
5628,4.2151,0.4363,310,713,0,0,1
5629,4.1359,0.5672,310,713,0,0,1
5630,4.3467,0.5162,310,713,0,0,1
5631,3.905,0.6087,310,713,0,0,1
5632,4.2687,0.4661,310,713,0,0,1
5633,4.1082,0.6142,310,713,0,0,1
5634,4.114,0.3772,310,713,0,0,1
5635,4.2482,0.5255,307,713,0,0,1
5636,4.1384,0.4592,307,713,0,0,1
5637,4.1889,0.5565,306,713,0,0,1
5638,4.1955,0.5624,306,713,0,0,1
5639,4.0785,0.4731,306,713,0,0,1
5640,4.2322,0.677,306,713,0,0,1
5641,4.1268,0.5574,306,713,0,0,1
5642,4.2124,0.4813,305,713,0,0,1
5643,4.4288,0.5968,303,713,0,0,1
5644,3.8516,0.4187,303,713,0,0,1
5645,4.1663,0.6153,302,713,0,0,1
5646,4.1765,0.4743,300,713,0,0,1
5647,4.1823,0.437,300,713,0,0,1
5648,4.17,0.3952,299,713,0,0,1
5649,4.132,0.3932,298,713,0,0,1
5650,4.2354,0.4937,298,713,0,0,1
5651,4.0818,0.4676,298,713,0,0,1
5652,4.2244,0.5879,298,713,0,0,1
5653,4.1449,0.3697,296,713,0,0,1
5654,4.1895,0.3995,295,713,0,0,1
5655,4.1312,0.4741,295,713,0,0,1
5656,4.1725,0.432,295,713,0,0,1
5657,4.2002,0.6236,295,713,0,0,1
5658,4.1384,0.3672,295,713,0,0,1
5659,4.2202,0.7285,293,713,0,0,1
5660,4.1823,0.5213,293,713,0,0,1
5661,4.1458,0.4709,293,713,0,0,1
5662,4.2065,0.407,292,713,0,0,1
5663,4.0655,0.4035,292,713,0,0,1
5664,4.1162,0.6119,285,713,0,0,1
5665,4.233,0.4482,285,713,0,0,1
5666,4.1558,0.3553,285,713,0,0,1
5667,4.4483,0.5035,285,713,0,0,1
5668,3.9635,0.4968,285,713,0,0,1
5669,4.0659,0.4345,285,713,0,0,1
5670,4.2076,0.3664,284,713,0,0,1
5671,4.1896,0.5217,284,713,0,0,1
5672,4.1859,0.5017,284,713,0,0,1
5673,4.1694,0.5821,283,713,0,0,1
5674,4.1089,0.3678,283,713,0,0,1
5675,4.1594,0.3636,283,713,0,0,1
5676,4.1782,0.4902,283,713,0,0,1
5677,4.1565,0.4246,282,713,0,0,1
5678,4.4262,0.366,281,713,0,0,1
5679,3.9515,0.3709,281,713,0,0,1
5680,4.1525,0.4899,327,713,0,0,1
5681,4.1705,0.6097,326,713,0,0,1
5682,4.1173,0.4322,326,713,0,0,1
5683,4.1454,0.6551,326,713,0,0,1
5684,4.3284,0.6986,324,713,0,0,1
5685,4.0894,0.6188,323,713,0,0,1
5686,4.423,0.4507,322,713,0,0,1
5687,3.8475,0.4483,321,713,0,0,1
5688,4.1728,0.4474,320,713,0,0,1
5689,4.1784,0.4576,320,713,0,0,1
5690,4.2254,0.6124,320,713,0,0,1
5691,4.125,0.4225,320,713,0,0,1
5692,4.1544,0.4029,319,713,0,0,1
5693,4.2219,0.5417,319,713,0,0,1
5694,4.093,0.4665,319,713,0,0,1
5695,4.2447,0.4614,318,713,0,0,1
5696,4.2231,0.6259,317,713,0,0,1
5697,4.1052,0.3795,317,713,0,0,1
5698,4.0964,0.3851,317,713,0,0,1
5699,4.1805,0.5024,315,713,0,0,1
5700,4.2277,0.4737,315,713,0,0,1
5701,4.1251,0.4053,315,713,0,0,1
5702,4.2037,0.3727,315,713,0,0,1
5703,4.1482,0.4067,313,713,0,0,1
5704,4.2056,0.5382,313,713,0,0,1
5705,4.1654,0.5365,313,713,0,0,1
5706,4.1031,0.4203,312,713,0,0,1
5707,4.1614,0.3774,312,713,0,0,1
5708,4.163,0.3785,312,713,0,0,1
5709,4.1932,0.6286,312,713,0,0,1
5710,4.2034,0.5274,312,713,0,0,1
5711,4.1097,0.438,312,713,0,0,1
5712,4.1866,0.46,312,713,0,0,1
5713,4.1567,0.3815,312,713,0,0,1
5714,4.2131,0.3985,311,713,0,0,1
5715,4.2874,0.7253,311,713,0,0,1
5716,4.1613,0.6572,310,713,0,0,1
5717,4.0366,0.5698,310,713,0,0,1
5718,4.114,0.3654,310,713,0,0,1
5719,4.2054,0.4483,309,713,0,0,1
5720,4.2251,0.4626,309,713,0,0,1
5721,4.0854,0.4522,308,713,0,0,1
5722,4.2187,0.85,308,713,0,0,1
5723,4.0898,0.3592,308,713,0,0,1
5724,4.1783,0.555,308,713,0,0,1
5725,4.198,0.3924,307,713,0,0,1
5726,4.5645,0.5398,307,713,0,0,1
5727,3.8,0.4261,306,713,0,0,1
5728,4.1684,0.6319,306,713,0,0,1
5729,4.2243,0.4259,305,713,0,0,1
5730,4.0626,0.4328,305,713,0,0,1
5731,4.2032,0.5097,305,713,0,0,1
5732,4.1264,0.4175,305,713,0,0,1
5733,4.167,0.3617,305,713,0,0,1
5734,4.2131,0.3738,305,713,0,0,1
5735,4.1395,0.5048,305,713,0,0,1
5736,4.5207,0.5747,305,713,0,0,1
5737,3.7987,0.4246,304,713,0,0,1
5738,4.2013,0.4006,304,713,0,0,1
5739,4.1139,0.4064,304,713,0,0,1
5740,4.2079,0.4525,304,713,0,0,1
5741,4.1527,0.745,297,713,0,0,1
5742,4.1359,0.385,297,713,0,0,1
5743,4.2079,0.4086,296,713,0,0,1
5744,4.1529,0.4203,295,713,0,0,1
5745,4.1955,0.4869,295,713,0,0,1
5746,4.152,0.432,295,713,0,0,1
5747,4.1202,0.3593,293,713,0,0,1
5748,4.2694,0.4294,293,713,0,0,1
5749,4.1277,0.5465,293,713,0,0,1
5750,4.1407,0.4561,293,713,0,0,1
5751,4.221,0.61,293,713,0,0,1
5752,4.111,0.6153,292,713,0,0,1
5753,4.1615,0.5651,291,713,0,0,1
5754,4.1405,0.4702,291,713,0,0,1
5755,4.5829,0.5111,290,713,0,0,1
5756,3.7617,0.3656,289,713,0,0,1
5757,4.1603,0.3998,322,713,0,0,1
5758,4.2641,0.6441,322,713,0,0,1
5759,4.1395,0.7459,321,713,0,0,1
5760,4.2581,0.8483,321,713,0,0,1
5761,4.0294,0.4841,320,713,0,0,1
5762,4.2258,0.477,319,713,0,0,1
5763,4.1486,0.4148,319,713,0,0,1
5764,4.1586,0.5764,319,713,0,0,1
5765,4.1333,0.3987,319,713,0,0,1
5766,4.176,0.5382,319,713,0,0,1
5767,4.4949,0.4951,319,713,0,0,1
5768,3.8946,0.6414,319,713,0,0,1
5769,4.0806,0.38,319,713,0,0,1
5770,4.2558,0.4054,318,713,0,0,1
5771,4.112,0.5741,318,713,0,0,1
5772,4.1436,0.6875,318,713,0,0,1
5773,4.2251,0.736,318,713,0,0,1
5774,4.1453,0.4734,318,713,0,0,1
5775,4.2029,0.4532,318,713,0,0,1
5776,4.1795,0.4713,318,713,0,0,1
5777,4.0666,0.5956,318,713,0,0,1
5778,4.1917,0.3975,317,713,0,0,1
5779,4.1918,0.5538,317,713,0,0,1
5780,4.228,0.7513,317,713,0,0,1
5781,4.4741,0.6802,316,713,0,0,1
5782,4.1443,0.602,316,713,0,0,1
5783,3.7946,0.4302,316,713,0,0,1
5784,4.136,0.4091,316,713,0,0,1
5785,4.2114,0.4981,316,713,0,0,1
5786,4.2067,0.5401,314,713,0,0,1
5787,4.1668,0.4944,314,713,0,0,1
5788,4.5117,0.7361,314,713,0,0,1
5789,3.8142,0.471,313,713,0,0,1
5790,4.1313,0.4104,312,713,0,0,1
5791,4.3295,0.753,312,713,0,0,1
5792,4.0197,0.4722,311,713,0,0,1
5793,4.2075,0.3996,311,713,0,0,1
5794,4.1593,0.4302,311,713,0,0,1
5795,4.1059,0.3786,311,713,0,0,1
5796,4.1746,0.6232,310,713,0,0,1
5797,4.1831,0.4912,310,713,0,0,1
5798,4.185,0.4705,309,713,0,0,1
5799,4.216,0.7369,308,713,0,0,1
5800,4.1053,0.5367,308,713,0,0,1
5801,4.0934,0.5524,308,713,0,0,1
5802,4.2163,0.3886,308,713,0,0,1
5803,4.215,0.5018,307,713,0,0,1
5804,4.1784,0.7578,307,713,0,0,1
5805,4.1142,0.4388,306,713,0,0,1
5806,4.1836,0.4178,305,713,0,0,1
5807,4.141,0.4553,304,713,0,0,1
5808,4.1562,0.643,302,713,0,0,1
5809,4.1866,0.4891,301,713,0,0,1
5810,4.221,0.6559,301,713,0,0,1
5811,4.1126,0.3687,300,713,0,0,1
5812,4.2082,0.5328,300,713,0,0,1
5813,4.1428,0.6872,300,713,0,0,1
5814,4.1513,0.4618,300,713,0,0,1
5815,4.2167,0.6611,300,713,0,0,1
5816,4.1582,0.4527,300,713,0,0,1
5817,4.11,0.3879,299,713,0,0,1
5818,4.241,0.5525,292,713,0,0,1
5819,4.0985,0.437,291,713,0,0,1
5820,4.2266,0.437,291,713,0,0,1
5821,4.1264,0.5605,291,713,0,0,1
5822,4.3298,0.4677,291,713,0,0,1
5823,4.0256,0.555,291,713,0,0,1
5824,4.471,0.432,291,713,0,0,1
5825,3.8746,0.4195,291,713,0,0,1
5826,4.1155,0.3962,290,713,0,0,1
5827,4.1977,0.5264,290,713,0,0,1
5828,4.1943,0.7299,290,713,0,0,1
5829,4.0907,0.5524,290,713,0,0,1
5830,4.2477,0.5766,290,713,0,0,1
5831,4.0848,0.4537,288,713,0,0,1
5832,4.2425,0.4987,286,713,0,0,1
5833,4.1272,0.4329,332,713,0,0,1
5834,4.3837,0.6249,332,713,0,0,1
5835,4.0315,0.66,332,713,0,0,1
5836,4.1142,0.4524,332,713,0,0,1
5837,4.1986,0.6146,330,713,0,0,1
5838,4.1055,0.4894,330,713,0,0,1
5839,4.1735,0.4252,330,713,0,0,1
5840,4.207,0.4155,330,713,0,0,1
5841,4.0882,0.3962,330,713,0,0,1
5842,4.2197,0.4498,330,713,0,0,1
5843,4.1034,0.4071,330,713,0,0,1
5844,4.1951,0.5154,330,713,0,0,1
5845,4.1491,0.4649,330,713,0,0,1
5846,4.1947,0.4605,329,713,0,0,1
5847,4.1579,0.4009,329,713,0,0,1
5848,4.1663,0.3845,329,713,0,0,1
5849,4.1922,0.5772,329,713,0,0,1
5850,4.1195,0.3958,329,713,0,0,1
5851,4.5193,0.5477,328,713,0,0,1
5852,3.9243,0.4958,326,713,0,0,1
5853,4.0671,0.6996,326,713,0,0,1
5854,4.2164,0.677,326,713,0,0,1
5855,4.1219,0.3795,326,713,0,0,1
5856,4.1848,0.3926,326,713,0,0,1
5857,4.1674,0.531,326,713,0,0,1
5858,4.2134,0.5249,325,713,0,0,1
5859,4.1673,0.4836,324,713,0,0,1
5860,4.1593,0.7294,324,713,0,0,1
5861,4.1375,0.493,324,713,0,0,1
5862,4.1617,0.3806,324,713,0,0,1
5863,4.5312,0.4649,322,713,0,0,1
5864,3.8504,0.434,322,713,0,0,1
5865,4.0822,0.477,321,713,0,0,1
5866,4.2367,0.4471,320,713,0,0,1
5867,4.1252,0.41,320,713,0,0,1
5868,4.2223,0.426,320,713,0,0,1
5869,4.1145,0.4177,320,713,0,0,1
5870,4.184,0.3911,320,713,0,0,1
5871,4.1645,0.472,320,713,0,0,1
5872,4.2557,0.5802,320,713,0,0,1
5873,4.0379,0.7599,320,713,0,0,1
5874,4.1684,0.3749,318,713,0,0,1
5875,4.2699,0.4363,318,713,0,0,1
5876,4.1269,0.5161,318,713,0,0,1
5877,4.1015,0.724,318,713,0,0,1
5878,4.2626,0.5053,316,713,0,0,1
5879,4.1355,0.6686,316,713,0,0,1
5880,4.1157,0.4208,316,713,0,0,1
5881,4.1446,0.3972,314,713,0,0,1
5882,4.2012,0.3891,313,713,0,0,1
5883,4.223,0.56,313,713,0,0,1
5884,4.0849,0.479,312,713,0,0,1
5885,4.1724,0.6707,312,713,0,0,1
5886,4.1954,0.3969,312,713,0,0,1
5887,4.2168,0.4341,312,713,0,0,1
5888,4.1658,0.6591,312,713,0,0,1
5889,4.1309,0.5018,312,713,0,0,1
5890,4.1917,0.7208,312,713,0,0,1
5891,4.1229,0.5621,312,713,0,0,1
5892,4.1568,0.7539,312,713,0,0,1
5893,4.1835,0.5172,312,713,0,0,1
5894,4.1611,0.4725,312,713,0,0,1
5895,4.2065,0.6043,305,713,0,0,1
5896,4.4557,0.7135,305,713,0,0,1
5897,3.8267,0.3738,304,713,0,0,1
5898,4.1492,0.3715,304,713,0,0,1
5899,4.2862,0.4297,304,713,0,0,1
5900,4.166,0.5306,304,713,0,0,1
5901,4.3804,0.6757,304,713,0,0,1
5902,3.8855,0.4204,304,713,0,0,1
5903,4.1388,0.4947,302,713,0,0,1
5904,4.2253,0.7394,301,713,0,0,1
5905,4.1096,0.495,299,713,0,0,1
5906,4.2183,0.6827,299,713,0,0,1
5907,4.1812,0.4444,299,713,0,0,1
5908,4.1001,0.3915,299,713,0,0,1
5909,4.1595,0.4015,298,713,0,0,1
5910,4.1874,0.5101,330,713,0,0,1
5911,4.2429,0.6971,329,713,0,0,1
5912,4.1309,0.5172,328,713,0,0,1
5913,4.0745,0.3966,328,713,0,0,1
5914,4.244,0.4253,328,713,0,0,1
5915,4.1497,0.4204,328,713,0,0,1
5916,4.3655,0.5632,327,713,0,0,1
5917,3.9716,0.5209,327,713,0,0,1
5918,4.1817,0.4768,327,713,0,0,1
5919,4.1773,0.7786,327,713,0,0,1
5920,4.5065,0.6341,326,713,0,0,1
5921,3.82,1.1122,324,713,0,0,1
5922,4.1209,0.2897,324,713,0,0,1
5923,4.2813,0.3271,324,713,0,0,1
5924,4.0863,0.2927,324,713,0,0,1
5925,4.4793,0.5919,324,713,0,0,1
5926,3.9284,0.3881,323,713,0,0,1
5927,4.0703,0.3678,323,713,0,0,1
5928,4.1608,0.3306,322,713,0,0,1
5929,4.1822,0.356,321,713,0,0,1
5930,4.3848,0.578,321,713,0,0,1
5931,4.0025,0.3468,321,713,0,0,1
5932,4.4802,0.6345,321,713,0,0,1
5933,3.7825,0.6698,321,713,0,0,1
5934,4.186,0.7342,321,713,0,0,1
5935,4.2365,0.9931,319,713,0,0,1
5936,4.2621,0.6229,319,713,0,0,1
5937,3.9784,0.397,319,713,0,0,1
5938,4.233,0.6066,317,713,0,0,1
5939,4.1077,0.4987,316,713,0,0,1
5940,4.1834,0.5169,316,713,0,0,1
5941,4.1675,0.4215,316,713,0,0,1
5942,4.1546,0.3787,315,713,0,0,1
5943,4.232,0.6195,315,713,0,0,1
5944,4.1756,0.4372,315,713,0,0,1
5945,4.5283,0.5493,313,713,0,0,1
5946,3.7326,0.4779,311,713,0,0,1
5947,4.1874,0.6167,311,713,0,0,1
5948,4.2309,0.6725,311,713,0,0,1
5949,4.0679,0.3933,310,713,0,0,1
5950,4.238,0.4559,310,713,0,0,1
5951,4.1105,0.4764,309,713,0,0,1
5952,4.2071,0.5063,309,713,0,0,1
5953,4.1793,0.4673,308,713,0,0,1
5954,4.1954,0.6549,308,713,0,0,1
5955,4.1075,0.7705,308,713,0,0,1
5956,4.2033,0.5559,308,713,0,0,1
5957,4.158,0.6744,308,713,0,0,1
5958,4.1265,0.6211,306,713,0,0,1
5959,4.4189,0.992,305,713,0,0,1
5960,3.973,0.6183,305,713,0,0,1
5961,4.0843,0.7331,305,713,0,0,1
5962,4.2622,0.6187,304,713,0,0,1
5963,4.087,0.4935,304,713,0,0,1
5964,4.2084,0.5093,304,713,0,0,1
5965,4.166,0.5271,303,713,0,0,1
5966,4.1798,0.5955,302,713,0,0,1
5967,4.2683,0.5823,302,713,0,0,1
5968,4.2218,0.5458,302,713,0,0,1
5969,4.2473,0.5768,302,713,0,0,1
5970,3.8928,0.418,300,713,0,0,1
5971,4.163,0.3627,300,713,0,0,1
5972,4.2212,0.3835,293,713,0,0,1
5973,4.0871,0.712,291,713,0,0,1
5974,4.253,0.5466,291,713,0,0,1
5975,4.1095,0.4144,291,713,0,0,1
5976,4.1775,0.3983,290,713,0,0,1
5977,4.2031,0.531,290,713,0,0,1
5978,4.1478,0.6477,290,713,0,0,1
5979,4.1108,0.4378,289,713,0,0,1
5980,4.2187,0.6525,289,713,0,0,1
5981,4.1661,0.3708,288,713,0,0,1
5982,4.2196,0.7022,288,713,0,0,1
5983,4.3751,0.4769,288,713,0,0,1
5984,3.9188,0.4288,286,713,0,0,1
5985,4.0724,0.3539,286,713,0,0,1
5986,4.2425,0.3705,285,713,0,0,1
5987,4.1021,0.4967,329,713,0,0,1
5988,4.2666,0.5641,329,713,0,0,1
5989,4.1492,0.5669,328,713,0,0,1
5990,4.1025,0.6333,327,713,0,0,1
5991,4.527,0.4645,327,713,0,0,1
5992,3.8323,0.4218,327,713,0,0,1
5993,4.1612,0.5902,326,713,0,0,1
5994,4.1651,0.4158,324,713,0,0,1
5995,4.4946,0.7526,323,713,0,0,1
5996,3.8885,0.5607,323,713,0,0,1
5997,4.1477,0.7031,323,713,0,0,1
5998,4.1886,0.4557,322,713,0,0,1
5999,4.1444,0.3921,322,713,0,0,1
6000,4.2371,0.4338,322,713,0,0,1
6001,4.0672,0.421,322,713,0,0,1
6002,4.2165,0.5987,321,713,0,0,1
6003,4.1223,0.5204,321,713,0,0,1
6004,4.1569,0.7257,320,713,0,0,1
6005,4.3281,0.6952,319,713,0,0,1
6006,4.0017,0.6273,319,713,0,0,1
6007,4.1601,0.4491,319,713,0,0,1
6008,4.3057,0.539,319,713,0,0,1
6009,4.0218,0.484,317,713,0,0,1
6010,4.2481,0.4978,317,713,0,0,1
6011,4.094,0.7183,316,713,0,0,1
6012,4.3154,0.6654,316,713,0,0,1
6013,4.0865,0.4656,316,713,0,0,1
6014,4.0971,0.415,315,713,0,0,1
6015,4.4676,0.4643,315,713,0,0,1
6016,3.8822,0.7463,315,713,0,0,1
6017,4.1254,0.6247,315,713,0,0,1
6018,4.1807,0.3798,315,713,0,0,1
6019,4.2015,0.4172,314,713,0,0,1
6020,4.2296,0.4343,313,713,0,0,1
6021,4.1393,0.4396,313,713,0,0,1
6022,4.1527,0.5798,312,713,0,0,1
6023,4.1265,0.6969,311,713,0,0,1
6024,4.5235,0.5549,311,713,0,0,1
6025,3.8235,0.3725,311,713,0,0,1
6026,4.2287,0.4686,311,713,0,0,1
6027,4.0833,0.4685,311,713,0,0,1
6028,4.256,0.6782,308,713,0,0,1
6029,4.0883,0.4271,307,713,0,0,1
6030,4.1699,0.3719,307,713,0,0,1
6031,4.2105,0.7155,307,713,0,0,1
6032,4.1829,0.4745,305,713,0,0,1
6033,4.0967,0.4655,305,713,0,0,1
6034,4.1912,0.7273,304,713,0,0,1
6035,4.1648,0.4814,303,713,0,0,1
6036,4.2037,0.626,303,713,0,0,1
6037,4.1235,0.4286,303,713,0,0,1
6038,4.1738,0.4853,303,713,0,0,1
6039,4.1451,0.6763,303,713,0,0,1
6040,4.268,0.4525,303,713,0,0,1
6041,4.0826,0.5718,302,713,0,0,1
6042,4.1606,0.3889,302,713,0,0,1
6043,4.2845,0.8158,301,713,0,0,1
6044,4.094,0.4604,300,713,0,0,1
6045,4.1468,0.4367,300,713,0,0,1
6046,4.2148,0.4199,300,713,0,0,1
6047,4.0966,0.6595,299,713,0,0,1
6048,4.2971,0.6548,292,713,0,0,1
6049,4.0939,0.7657,291,713,0,0,1
6050,4.5946,0.533,291,713,0,0,1
6051,3.6865,0.3815,291,713,0,0,1
6052,4.2398,0.4876,290,713,0,0,1
6053,4.1039,0.4171,290,713,0,0,1
6054,4.2007,0.355,290,713,0,0,1
6055,4.1474,0.5404,289,713,0,0,1
6056,4.1699,0.5332,289,713,0,0,1
6057,4.1266,0.5332,289,713,0,0,1
6058,4.241,0.4429,289,713,0,0,1
6059,4.1042,0.3938,288,713,0,0,1
6060,4.2221,0.4826,288,713,0,0,1
6061,4.119,0.5275,288,713,0,0,1
6062,4.2126,0.4284,286,713,0,0,1
6063,4.1237,0.3956,285,713,0,0,1
6064,4.2969,0.7954,319,713,0,0,1
6065,4.071,0.5101,319,713,0,0,1
6066,4.0967,0.4462,319,713,0,0,1
6067,4.2239,0.675,319,713,0,0,1
6068,4.196,0.8009,318,713,0,0,1
6069,4.1456,0.4671,316,713,0,0,1
6070,4.1653,0.533,316,713,0,0,1
6071,4.1014,0.4637,316,713,0,0,1
6072,4.263,0.4607,315,713,0,0,1
6073,4.1082,0.3835,315,713,0,0,1
6074,4.2405,0.6349,315,713,0,0,1
6075,4.1357,0.4995,313,713,0,0,1
6076,4.093,0.4734,313,713,0,0,1
6077,4.2046,0.5035,313,713,0,0,1
6078,4.1324,0.4713,313,713,0,0,1
6079,4.2022,0.4746,313,713,0,0,1
6080,4.2718,0.6134,313,713,0,0,1
6081,4.0477,0.3913,312,713,0,0,1
6082,4.2243,0.558,312,713,0,0,1
6083,4.0844,0.4463,312,713,0,0,1
6084,4.2439,0.4298,309,713,0,0,1
6085,4.1212,0.4434,309,713,0,0,1
6086,4.1947,0.6065,309,713,0,0,1
6087,4.2944,0.7695,309,713,0,0,1
6088,4.0652,0.5646,309,713,0,0,1
6089,4.1308,0.482,309,713,0,0,1
6090,4.1118,0.3656,309,713,0,0,1
6091,4.2825,0.4927,307,713,0,0,1
6092,4.1338,0.3941,307,713,0,0,1
6093,4.2168,0.6892,307,713,0,0,1
6094,4.1266,0.52,307,713,0,0,1
6095,4.1251,0.389,307,713,0,0,1
6096,4.1682,0.4308,306,713,0,0,1
6097,4.1521,0.4652,305,713,0,0,1
6098,4.2147,0.7457,305,713,0,0,1
6099,4.2046,0.6598,305,713,0,0,1
6100,4.1321,0.6317,305,713,0,0,1
6101,4.1626,0.6293,304,713,0,0,1
6102,4.1696,0.3853,303,713,0,0,1
6103,4.1292,0.4937,302,713,0,0,1
6104,4.2078,0.471,302,713,0,0,1
6105,4.1198,0.3851,301,713,0,0,1
6106,4.1435,0.3664,300,713,0,0,1
6107,4.1757,0.4076,300,713,0,0,1
6108,4.1863,0.5028,300,713,0,0,1
6109,4.1689,0.5468,300,713,0,0,1
6110,4.1758,0.4669,299,713,0,0,1
6111,4.1643,0.3736,299,713,0,0,1
6112,4.3578,0.5992,299,713,0,0,1
6113,4.0318,0.5604,299,713,0,0,1
6114,4.0862,0.4217,299,713,0,0,1
6115,4.188,0.4061,298,713,0,0,1
6116,4.2208,0.3984,297,713,0,0,1
6117,4.0843,0.4741,297,713,0,0,1
6118,4.2758,0.5958,295,713,0,0,1
6119,4.0684,0.425,294,713,0,0,1
6120,4.223,0.4228,294,713,0,0,1
6121,4.1314,0.4865,294,713,0,0,1
6122,4.1959,0.6008,292,713,0,0,1
6123,4.0733,0.4766,291,713,0,0,1
6124,4.3016,0.7575,291,713,0,0,1
6125,4.1059,0.4469,284,713,0,0,1
6126,4.1236,0.4549,284,713,0,0,1
6127,4.1905,0.4493,284,713,0,0,1
6128,4.1545,0.3732,284,713,0,0,1
6129,4.2025,0.3589,283,713,0,0,1
6130,4.1376,0.4718,283,713,0,0,1
6131,4.2195,0.7702,283,713,0,0,1
6132,4.0716,0.3497,283,713,0,0,1
6133,4.2128,0.4367,283,713,0,0,1
6134,4.1542,0.4737,283,713,0,0,1
6135,4.1631,0.4403,283,713,0,0,1
6136,4.2172,0.5729,281,713,0,0,1
6137,4.0972,0.5459,280,713,0,0,1
6138,4.1929,0.4597,280,713,0,0,1
6139,4.2454,0.4871,280,713,0,0,1
6140,4.1527,0.5195,279,713,0,0,1
6141,4.3552,0.41,325,713,0,0,1
6142,3.9564,0.7163,325,713,0,0,1
6143,4.1254,0.9223,325,713,0,0,1
6144,4.3188,0.502,325,713,0,0,1
6145,4.0258,0.3992,325,713,0,0,1
6146,4.4715,0.6226,325,713,0,0,1
6147,3.8273,0.4076,325,713,0,0,1
6148,4.193,0.545,325,713,0,0,1
6149,4.1404,0.7249,324,713,0,0,1
6150,4.1991,0.4778,324,713,0,0,1
6151,4.2054,0.4808,323,713,0,0,1
6152,4.1856,0.4295,321,713,0,0,1
6153,4.0732,0.378,319,713,0,0,1
6154,4.2562,0.412,318,713,0,0,1
6155,4.1717,0.7115,316,713,0,0,1
6156,4.2111,0.6742,316,713,0,0,1
6157,4.0747,0.5094,316,713,0,0,1
6158,4.1255,0.8162,313,713,0,0,1
6159,4.1844,0.3906,313,713,0,0,1
6160,4.2152,0.7016,313,713,0,0,1
6161,4.0888,0.4653,312,713,0,0,1
6162,4.2774,0.4351,311,713,0,0,1
6163,4.1268,0.6491,311,713,0,0,1
6164,4.1991,0.4281,311,713,0,0,1
6165,4.1534,0.4372,311,713,0,0,1
6166,4.2571,0.7623,311,713,0,0,1
6167,4.0104,0.6769,311,713,0,0,1
6168,4.3643,0.6098,311,713,0,0,1
6169,3.9993,0.3986,310,713,0,0,1
6170,4.2211,0.4516,310,713,0,0,1
6171,4.1285,0.5025,309,713,0,0,1
6172,4.2698,0.7123,309,713,0,0,1
6173,4.0158,0.3995,307,713,0,0,1
6174,4.2011,0.3798,305,713,0,0,1
6175,4.2295,0.6215,305,713,0,0,1
6176,4.3788,0.5539,305,713,0,0,1
6177,3.8622,0.4438,304,713,0,0,1
6178,4.2064,0.4113,304,713,0,0,1
6179,4.1483,0.469,304,713,0,0,1
6180,4.2278,0.4103,303,713,0,0,1
6181,4.119,0.4692,303,713,0,0,1
6182,4.1143,0.4813,303,713,0,0,1
6183,4.1937,0.3609,301,713,0,0,1
6184,4.5739,0.4093,301,713,0,0,1
6185,3.8376,0.418,300,713,0,0,1
6186,4.0786,0.4325,300,713,0,0,1
6187,4.1802,0.4306,299,713,0,0,1
6188,4.1903,0.3598,298,713,0,0,1
6189,4.1616,0.4642,298,713,0,0,1
6190,4.1312,0.6354,298,713,0,0,1
6191,4.2089,0.4543,297,713,0,0,1
6192,4.2147,0.5497,297,713,0,0,1
6193,4.116,0.5628,297,713,0,0,1
6194,4.2533,0.6995,297,713,0,0,1
6195,4.0757,0.4907,297,713,0,0,1
6196,4.2908,0.6595,295,713,0,0,1
6197,4.0454,0.4224,295,713,0,0,1
6198,4.1494,0.3925,295,713,0,0,1
6199,4.1905,0.5942,294,713,0,0,1
6200,4.2795,0.6023,294,713,0,0,1
6201,4.0253,0.4077,293,713,0,0,1
6202,4.2027,0.409,286,713,0,0,1
6203,4.1812,0.4405,285,713,0,0,1
6204,4.1856,0.5341,285,713,0,0,1
6205,4.1338,0.5189,284,713,0,0,1
6206,4.1068,0.3967,284,713,0,0,1
6207,4.2261,0.4501,282,713,0,0,1
6208,4.2626,0.6676,281,713,0,0,1
6209,4.0574,0.4304,281,713,0,0,1
6210,4.1708,0.3545,281,713,0,0,1
6211,4.1521,0.7009,281,713,0,0,1
6212,4.164,0.4532,281,713,0,0,1
6213,4.35,0.6183,280,713,0,0,1
6214,4.0507,0.4075,280,713,0,0,1
6215,4.133,0.4423,279,713,0,0,1
6216,4.4166,0.5865,279,713,0,0,1
6217,3.9023,0.6931,313,713,0,0,1
6218,4.2174,0.405,313,713,0,0,1
6219,4.2235,0.6259,313,713,0,0,1
6220,4.3357,0.5404,313,713,0,0,1
6221,3.9383,0.5354,313,713,0,0,1
6222,4.1128,0.4245,313,713,0,0,1
6223,4.1286,0.4144,313,713,0,0,1
6224,4.2527,0.388,313,713,0,0,1
6225,4.0776,0.4419,312,713,0,0,1
6226,4.1831,0.4628,312,713,0,0,1
6227,4.1828,0.4456,311,713,0,0,1
6228,4.1886,0.4071,311,713,0,0,1
6229,4.1842,0.4167,311,713,0,0,1
6230,4.1466,0.3989,311,713,0,0,1
6231,4.4299,0.6219,311,713,0,0,1
6232,3.927,0.7643,309,713,0,0,1
6233,4.1343,0.3905,309,713,0,0,1
6234,4.1829,0.37,309,713,0,0,1
6235,4.1063,0.3767,309,713,0,0,1
6236,4.27,0.4756,309,713,0,0,1
6237,4.1515,0.7165,309,713,0,0,1
6238,4.176,0.4699,308,713,0,0,1
6239,4.1157,0.3813,308,713,0,0,1
6240,4.1426,0.5281,308,713,0,0,1
6241,4.1748,0.574,307,713,0,0,1
6242,4.4315,0.7213,307,713,0,0,1
6243,3.9376,0.3702,307,713,0,0,1
6244,4.1835,0.5787,307,713,0,0,1
6245,4.1821,0.4404,306,713,0,0,1
6246,4.0884,0.4678,306,713,0,0,1
6247,4.2032,0.4614,306,713,0,0,1
6248,4.1988,0.5181,306,713,0,0,1
6249,4.1759,0.6126,306,713,0,0,1
6250,4.4194,0.6212,305,713,0,0,1
6251,4.0426,0.5663,305,713,0,0,1
6252,4.074,0.4962,305,713,0,0,1
6253,4.093,0.5023,305,713,0,0,1
6254,4.1493,0.3978,305,713,0,0,1
6255,4.1878,0.3887,305,713,0,0,1
6256,4.1305,0.459,304,713,0,0,1
6257,4.1701,0.4573,303,713,0,0,1
6258,4.1538,0.3592,303,713,0,0,1
6259,4.2158,0.408,302,713,0,0,1
6260,4.2276,0.4211,302,713,0,0,1
6261,4.2999,0.4602,301,713,0,0,1
6262,4.0158,0.7152,299,713,0,0,1
6263,4.1862,0.6078,299,713,0,0,1
6264,4.1401,0.4383,299,713,0,0,1
6265,4.1228,0.6333,299,713,0,0,1
6266,4.177,0.5191,299,713,0,0,1
6267,4.4447,0.4232,299,713,0,0,1
6268,4.1899,0.5937,299,713,0,0,1
6269,4.0201,0.6728,299,713,0,0,1
6270,3.9616,0.5563,299,713,0,0,1
6271,4.5451,0.4997,298,713,0,0,1
6272,3.8714,0.5221,297,713,0,0,1
6273,4.1461,0.4486,297,713,0,0,1
6274,4.2441,0.7965,297,713,0,0,1
6275,4.1321,0.6996,297,713,0,0,1
6276,4.1116,0.4189,297,713,0,0,1
6277,4.1151,0.4795,296,713,0,0,1
6278,4.2092,0.4051,296,713,0,0,1
6279,4.2105,0.7433,289,713,0,0,1
6280,4.1948,0.6193,288,713,0,0,1
6281,4.0748,0.362,288,713,0,0,1
6282,4.2198,0.3732,288,713,0,0,1
6283,4.1187,0.4612,288,713,0,0,1
6284,4.1483,0.448,288,713,0,0,1
6285,4.2931,0.6354,288,713,0,0,1
6286,4.1199,0.4171,288,713,0,0,1
6287,4.1235,0.4521,288,713,0,0,1
6288,4.5383,0.53,287,713,0,0,1
6289,3.8636,0.3958,286,713,0,0,1
6290,4.1247,0.5237,286,713,0,0,1
6291,4.198,0.505,286,713,0,0,1
6292,4.1772,0.5453,286,713,0,0,1
6293,4.0858,0.4004,286,713,0,0,1
6294,4.1853,0.4039,330,713,0,0,1
6295,4.1776,0.4359,330,713,0,0,1
6296,4.1956,0.4951,330,713,0,0,1
6297,4.1107,0.4882,330,713,0,0,1
6298,4.436,0.5143,329,713,0,0,1
6299,3.9036,0.7293,328,713,0,0,1
6300,4.2016,0.4878,328,713,0,0,1
6301,4.1508,0.4025,328,713,0,0,1
6302,4.1436,0.4166,328,713,0,0,1
6303,4.1923,0.4474,327,713,0,0,1
6304,4.1865,0.5104,326,713,0,0,1
6305,4.3982,0.7278,326,713,0,0,1
6306,3.8694,0.4443,325,713,0,0,1
6307,4.3276,0.636,324,713,0,0,1
6308,4.0763,0.668,322,713,0,0,1
6309,4.1211,0.407,322,713,0,0,1
6310,4.4639,0.6034,322,713,0,0,1
6311,3.8798,0.5001,322,713,0,0,1
6312,4.3204,0.4914,320,713,0,0,1
6313,4.0141,0.4343,320,713,0,0,1
6314,4.1577,0.4199,319,713,0,0,1
6315,4.1845,0.3779,319,713,0,0,1
6316,4.2315,0.4444,319,713,0,0,1
6317,4.1016,0.4894,318,713,0,0,1
6318,4.1624,0.6149,318,713,0,0,1
6319,4.1294,0.4364,317,713,0,0,1
6320,4.2749,0.4481,317,713,0,0,1
6321,4.0461,0.3741,317,713,0,0,1
6322,4.263,0.4986,314,713,0,0,1
6323,4.1085,0.4909,314,713,0,0,1
6324,4.2028,0.5441,314,713,0,0,1
6325,4.1406,0.5347,314,713,0,0,1
6326,4.1655,0.3871,314,713,0,0,1
6327,4.2206,0.448,314,713,0,0,1
6328,4.205,0.4354,313,713,0,0,1
6329,4.1366,0.5133,313,713,0,0,1
6330,4.1,0.4877,313,713,0,0,1
6331,4.1633,0.4326,312,713,0,0,1
6332,4.228,0.6462,312,713,0,0,1
6333,4.1141,0.4751,312,713,0,0,1
6334,4.2317,0.4455,311,713,0,0,1
6335,4.1137,0.4729,311,713,0,0,1
6336,4.2141,0.5043,311,713,0,0,1
6337,4.1153,0.6025,310,713,0,0,1
6338,4.3567,0.6225,309,713,0,0,1
6339,3.9788,0.4384,309,713,0,0,1
6340,4.2681,0.6816,309,713,0,0,1
6341,4.0516,0.4679,308,713,0,0,1
6342,4.1489,0.3997,308,713,0,0,1
6343,4.4247,0.3779,308,713,0,0,1
6344,3.9343,0.3728,307,713,0,0,1
6345,4.1478,0.4741,307,713,0,0,1
6346,4.2028,0.501,306,713,0,0,1
6347,4.1477,0.4224,304,713,0,0,1
6348,4.1801,0.3958,304,713,0,0,1
6349,4.1631,0.3732,304,713,0,0,1
6350,4.2329,0.4636,302,713,0,0,1
6351,4.2605,0.6461,302,713,0,0,1
6352,4.0548,0.6302,302,713,0,0,1
6353,4.1513,0.561,302,713,0,0,1
6354,4.1386,0.3782,302,713,0,0,1
6355,5.2087,0.4482,301,713,0,0,1
6356,3.1148,0.4782,292,713,0,0,1
6357,4.2982,0.6238,291,713,0,0,1
6358,4.3149,0.5459,290,713,0,0,1
6359,3.889,0.3808,289,713,0,0,1
6360,4.1575,0.4744,289,713,0,0,1
6361,4.2014,0.4434,288,713,0,0,1
6362,4.1143,0.5114,288,713,0,0,1
6363,4.2577,0.6139,288,713,0,0,1
6364,4.1511,0.6878,288,713,0,0,1
6365,4.1308,0.6184,288,713,0,0,1
6366,4.1794,0.4104,288,713,0,0,1
6367,4.1106,0.6208,287,713,0,0,1
6368,4.2153,0.5076,287,713,0,0,1
6369,4.4737,0.4833,287,713,0,0,1
6370,4.0276,0.5942,287,713,0,0,1
6371,3.9857,0.403,320,713,0,0,1
6372,4.1149,0.3948,320,713,0,0,1
6373,4.2401,0.4675,320,713,0,0,1
6374,4.1419,0.5026,320,713,0,0,1
6375,4.1383,0.7523,319,713,0,0,1
6376,4.2463,0.6541,318,713,0,0,1
6377,4.1011,0.5677,318,713,0,0,1
6378,4.1722,0.3769,317,713,0,0,1
6379,4.1756,0.4167,315,713,0,0,1
6380,4.1741,0.4519,315,713,0,0,1
6381,4.1644,0.7167,315,713,0,0,1
6382,4.2562,0.7323,315,713,0,0,1
6383,4.1078,0.6259,315,713,0,0,1
6384,4.1424,0.418,315,713,0,0,1
6385,4.1887,0.4759,315,713,0,0,1
6386,4.1599,0.4977,315,713,0,0,1
6387,4.1147,0.4706,315,713,0,0,1
6388,4.2425,0.672,314,713,0,0,1
6389,4.1224,0.423,314,713,0,0,1
6390,4.1818,0.3942,314,713,0,0,1
6391,4.178,0.4618,314,713,0,0,1
6392,4.1427,0.4998,314,713,0,0,1
6393,4.1717,0.4767,312,713,0,0,1
6394,4.2123,0.6762,312,713,0,0,1
6395,4.1412,0.6105,312,713,0,0,1
6396,4.1476,0.3862,312,713,0,0,1
6397,4.2562,0.5899,311,713,0,0,1
6398,4.9299,0.5148,311,713,0,0,1
6399,3.302,0.4807,310,713,0,0,1
6400,4.1808,0.6771,310,713,0,0,1
6401,4.2372,0.7859,310,713,0,0,1
6402,4.0786,0.7272,310,713,0,0,1
6403,4.2299,0.4487,310,713,0,0,1
6404,4.1603,0.5393,309,713,0,0,1
6405,4.1697,0.6125,309,713,0,0,1
6406,4.1226,0.4847,309,713,0,0,1
6407,4.2308,0.6517,309,713,0,0,1
6408,4.1618,0.4242,309,713,0,0,1
6409,4.1144,0.5789,307,713,0,0,1
6410,4.2213,0.5287,307,713,0,0,1
6411,4.1149,0.4995,307,713,0,0,1
6412,4.1543,0.6262,305,713,0,0,1
6413,4.1357,0.6436,305,713,0,0,1
6414,4.186,0.5517,305,713,0,0,1
6415,4.1923,0.5136,305,713,0,0,1
6416,4.2188,0.5538,304,713,0,0,1
6417,4.0994,0.435,304,713,0,0,1
6418,4.1789,0.4243,304,713,0,0,1
6419,4.1226,0.4444,304,713,0,0,1
6420,4.2523,0.6253,303,713,0,0,1
6421,4.1234,0.5016,303,713,0,0,1
6422,4.2102,0.7022,301,713,0,0,1
6423,4.1015,0.4475,300,713,0,0,1
6424,4.2468,0.4795,299,713,0,0,1
6425,4.2212,0.9057,299,713,0,0,1
6426,4.0272,0.4474,298,713,0,0,1
6427,4.2158,0.7584,298,713,0,0,1
6428,4.12,0.4076,298,713,0,0,1
6429,4.2865,0.5539,298,713,0,0,1
6430,4.0255,0.4216,298,713,0,0,1
6431,4.2039,0.7098,298,713,0,0,1
6432,4.2154,0.6248,289,713,0,0,1
6433,4.1331,0.4152,289,713,0,0,1
6434,4.2617,0.4821,288,713,0,0,1
6435,4.0795,0.4363,287,713,0,0,1
6436,4.45,0.464,287,713,0,0,1
6437,3.8777,0.5236,287,713,0,0,1
6438,4.1565,0.3648,287,713,0,0,1
6439,4.2653,0.5799,286,713,0,0,1
6440,4.0838,0.5463,286,713,0,0,1
6441,4.1384,0.4369,286,713,0,0,1
6442,4.4404,0.5959,286,713,0,0,1
6443,3.8995,0.4298,285,713,0,0,1
6444,4.1427,0.5614,284,713,0,0,1
6445,4.204,0.576,280,713,0,0,1
6446,4.1305,0.4335,280,713,0,0,1
6447,4.2114,0.4457,278,713,0,0,1
6448,4.265,0.5659,323,713,0,0,1
6449,4.064,0.5086,321,713,0,0,1
6450,4.2083,0.4857,320,713,0,0,1
6451,4.1901,0.7042,319,713,0,0,1
6452,4.1756,0.4909,319,713,0,0,1
6453,4.1537,0.4305,319,713,0,0,1
6454,4.1275,0.4296,319,713,0,0,1
6455,4.1519,0.3951,319,713,0,0,1
6456,4.1248,0.6565,319,713,0,0,1
6457,4.2128,0.4765,319,713,0,0,1
6458,4.3492,0.6804,319,713,0,0,1
6459,4.3812,0.5147,319,713,0,0,1
6460,4.2238,0.3793,318,713,0,0,1
6461,3.7412,0.384,318,713,0,0,1
6462,4.2185,0.4644,317,713,0,0,1
6463,4.3312,0.7272,316,713,0,0,1
6464,4.0234,0.5039,315,713,0,0,1
6465,4.3691,0.6031,315,713,0,0,1
6466,4.2342,0.5497,314,713,0,0,1
6467,3.8027,0.385,314,713,0,0,1
6468,4.2728,0.4807,313,713,0,0,1
6469,4.0955,0.6559,312,713,0,0,1
6470,4.3405,0.4392,312,713,0,0,1
6471,4.2736,0.5517,312,713,0,0,1
6472,3.8702,0.3816,312,713,0,0,1
6473,4.1441,0.5801,312,713,0,0,1
6474,4.1569,0.4804,312,713,0,0,1
6475,4.4014,0.7113,312,713,0,0,1
6476,4.0905,0.4402,312,713,0,0,1
6477,4.304,0.6069,312,713,0,0,1
6478,4.3349,0.4369,312,713,0,0,1
6479,3.7351,0.4003,311,713,0,0,1
6480,4.5056,0.4562,308,713,0,0,1
6481,3.8404,0.4546,307,713,0,0,1
6482,4.3173,0.5928,307,713,0,0,1
6483,3.96,0.5871,307,713,0,0,1
6484,4.2586,0.543,307,713,0,0,1
6485,4.4635,0.6707,307,713,0,0,1
6486,3.8001,0.4842,306,713,0,0,1
6487,4.5432,0.6186,305,713,0,0,1
6488,3.7796,0.3649,303,713,0,0,1
6489,4.1866,0.3992,302,713,0,0,1
6490,4.4115,0.6975,302,713,0,0,1
6491,3.9003,0.4333,301,713,0,0,1
6492,4.2349,0.5226,301,713,0,0,1
6493,4.2003,0.4312,301,713,0,0,1
6494,4.1473,0.388,301,713,0,0,1
6495,4.0725,0.4572,300,713,0,0,1
6496,4.4916,0.6835,298,713,0,0,1
6497,4.0896,0.5906,298,713,0,0,1
6498,3.9401,0.3685,298,713,0,0,1
6499,4.174,0.4315,298,713,0,0,1
6500,4.4,0.4388,298,713,0,0,1
6501,3.9356,0.5654,297,713,0,0,1
6502,4.8542,0.3578,297,713,0,0,1
6503,3.4229,0.3312,296,713,0,0,1
6504,4.2159,0.7051,296,713,0,0,1
6505,4.0762,0.3565,296,713,0,0,1
6506,4.451,0.3193,296,713,0,0,1
6507,4.0292,0.3721,296,713,0,0,1
6508,4.0613,0.5362,296,713,0,0,1
6509,4.2108,0.5173,289,713,0,0,1
6510,4.1051,0.5375,289,713,0,0,1
6511,4.2735,0.4133,289,713,0,0,1
6512,4.1708,0.4876,289,713,0,0,1
6513,4.1648,0.4317,289,713,0,0,1
6514,4.168,0.5527,288,713,0,0,1
6515,4.09,0.3407,287,713,0,0,1
6516,4.2167,0.6414,287,713,0,0,1
6517,4.1395,0.5114,287,713,0,0,1
6518,4.1739,0.5565,287,713,0,0,1
6519,4.1765,0.3925,287,713,0,0,1
6520,4.2481,0.5219,286,713,0,0,1
6521,4.189,0.7645,286,713,0,0,1
6522,4.0503,0.3967,284,713,0,0,1
6523,4.2238,0.3986,284,713,0,0,1
6524,4.1591,0.4713,284,713,0,0,1
6525,4.347,0.7356,318,713,0,0,1
6526,4.0033,0.6376,318,713,0,0,1
6527,4.1364,0.6077,318,713,0,0,1
6528,4.1743,0.7724,317,713,0,0,1
6529,4.0912,0.449,316,713,0,0,1
6530,4.4811,0.6763,315,713,0,0,1
6531,4.2961,0.6479,315,713,0,0,1
6532,3.7473,0.4433,315,713,0,0,1
6533,4.2423,0.7488,314,713,0,0,1
6534,4.1031,0.3803,314,713,0,0,1
6535,4.1786,0.4409,313,713,0,0,1
6536,4.2252,0.5275,312,713,0,0,1
6537,4.1548,0.5089,312,713,0,0,1
6538,4.1318,0.5336,311,713,0,0,1
6539,4.1945,0.6777,310,713,0,0,1
6540,4.1592,0.4359,309,713,0,0,1
6541,4.1743,0.538,309,713,0,0,1
6542,4.155,0.7411,308,713,0,0,1
6543,4.2237,0.6644,307,713,0,0,1
6544,4.0745,0.4564,307,713,0,0,1
6545,4.1462,0.5235,304,713,0,0,1
6546,4.1803,0.3842,304,713,0,0,1
6547,4.2137,0.8029,304,713,0,0,1
6548,4.1665,0.7334,303,713,0,0,1
6549,4.1362,0.443,303,713,0,0,1
6550,4.2158,0.449,303,713,0,0,1
6551,4.1307,0.5657,303,713,0,0,1
6552,4.238,0.6306,303,713,0,0,1
6553,4.0911,0.5865,303,713,0,0,1
6554,4.1974,0.5006,303,713,0,0,1
6555,4.1671,0.4281,303,713,0,0,1
6556,4.2503,0.5652,303,713,0,0,1
6557,4.0125,0.4961,303,713,0,0,1
6558,4.1949,0.4603,303,713,0,0,1
6559,4.1687,0.4074,302,713,0,0,1
6560,4.2422,0.4787,300,713,0,0,1
6561,4.1297,0.4616,299,713,0,0,1
6562,4.1534,0.5729,299,713,0,0,1
6563,4.1294,0.5174,299,713,0,0,1
6564,4.1829,0.5467,298,713,0,0,1
6565,4.1665,0.3969,297,713,0,0,1
6566,4.1658,0.479,296,713,0,0,1
6567,4.1429,0.4741,296,713,0,0,1
6568,4.1862,0.4475,296,713,0,0,1
6569,4.2319,0.3793,296,713,0,0,1
6570,4.0898,0.4029,296,713,0,0,1
6571,4.2669,0.594,295,713,0,0,1
6572,4.116,0.4915,294,713,0,0,1
6573,4.1118,0.3828,294,713,0,0,1
6574,4.2143,0.4165,294,713,0,0,1
6575,4.1484,0.4546,293,713,0,0,1
6576,4.1691,0.5733,293,713,0,0,1
6577,4.2104,0.6612,292,713,0,0,1
6578,4.2214,0.5774,292,713,0,0,1
6579,4.0472,0.5559,292,713,0,0,1
6580,4.2142,0.5299,292,713,0,0,1
6581,4.1625,0.4522,292,713,0,0,1
6582,4.1072,0.3613,292,713,0,0,1
6583,4.2863,0.545,292,713,0,0,1
6584,4.1097,0.4619,291,713,0,0,1
6585,4.1704,0.5016,290,713,0,0,1
6586,4.1424,0.4082,281,713,0,0,1
6587,4.1501,0.3613,281,713,0,0,1
6588,4.2267,0.5863,281,713,0,0,1
6589,4.1688,0.4665,280,713,0,0,1
6590,4.1648,0.6318,280,713,0,0,1
6591,4.1076,0.7106,279,713,0,0,1
6592,4.2895,0.6739,279,713,0,0,1
6593,4.0432,0.4228,278,713,0,0,1
6594,4.168,0.3587,278,713,0,0,1
6595,4.3679,0.7385,277,713,0,0,1
6596,3.9847,0.4483,277,713,0,0,1
6597,4.1696,0.4353,277,713,0,0,1
6598,4.1911,0.5365,277,713,0,0,1
6599,4.1083,0.437,275,713,0,0,1
6600,4.2354,0.4789,275,713,0,0,1
6601,4.1094,0.4022,320,713,0,0,1
6602,4.2257,0.6723,319,713,0,0,1
6603,4.377,0.6271,319,713,0,0,1
6604,3.9349,0.7206,319,713,0,0,1
6605,4.1682,0.5047,318,713,0,0,1
6606,4.0946,0.4402,317,713,0,0,1
6607,4.2457,0.4081,317,713,0,0,1
6608,4.1766,0.4293,316,713,0,0,1
6609,4.0929,0.403,316,713,0,0,1
6610,4.2567,0.5433,316,713,0,0,1
6611,4.0921,0.4838,316,713,0,0,1
6612,4.1795,0.43,316,713,0,0,1
6613,4.1516,0.4409,316,713,0,0,1
6614,4.1749,0.4105,316,713,0,0,1
6615,4.284,0.6274,316,713,0,0,1
6616,4.098,0.7802,316,713,0,0,1
6617,4.1293,0.4703,316,713,0,0,1
6618,4.1126,0.4273,316,713,0,0,1
6619,4.1795,0.3684,315,713,0,0,1
6620,4.3069,0.399,315,713,0,0,1
6621,4.1246,0.6958,314,713,0,0,1
6622,4.1255,0.6948,313,713,0,0,1
6623,4.1398,0.4238,313,713,0,0,1
6624,4.1891,0.5631,313,713,0,0,1
6625,4.1628,0.5207,313,713,0,0,1
6626,4.1961,0.471,312,713,0,0,1
6627,4.1795,0.5289,312,713,0,0,1
6628,4.1635,0.8091,312,713,0,0,1
6629,4.1681,0.4546,312,713,0,0,1
6630,4.0915,0.3705,311,713,0,0,1
6631,4.1992,0.4212,311,713,0,0,1
6632,4.1861,0.4553,310,713,0,0,1
6633,4.1522,0.5125,310,713,0,0,1
6634,5.1451,0.4291,309,713,0,0,1
6635,3.3648,0.3899,309,713,0,0,1
6636,4.0442,0.4342,309,713,0,0,1
6637,4.1654,0.5576,309,713,0,0,1
6638,4.0899,0.4592,306,713,0,0,1
6639,4.2016,0.4564,306,713,0,0,1
6640,4.2091,0.3839,306,713,0,0,1
6641,4.0827,0.4528,306,713,0,0,1
6642,4.1502,0.4292,305,713,0,0,1
6643,4.1667,0.6069,304,713,0,0,1
6644,4.2174,0.4243,304,713,0,0,1
6645,4.2437,0.3783,304,713,0,0,1
6646,4.128,0.3882,304,713,0,0,1
6647,4.158,0.7635,304,713,0,0,1
6648,4.1862,0.5607,303,713,0,0,1
6649,4.1054,0.4201,303,713,0,0,1
6650,4.2405,0.3978,302,713,0,0,1
6651,4.1048,0.392,302,713,0,0,1
6652,4.1746,0.4833,301,713,0,0,1
6653,4.126,0.6542,301,713,0,0,1
6654,4.1577,0.3862,301,713,0,0,1
6655,4.2382,0.4673,301,713,0,0,1
6656,4.1628,0.4402,301,713,0,0,1
6657,4.1836,0.6301,300,713,0,0,1
6658,4.1755,0.7013,299,713,0,0,1
6659,4.103,0.3812,297,713,0,0,1
6660,4.1777,0.4103,297,713,0,0,1
6661,4.1834,0.5192,297,713,0,0,1
6662,4.4798,0.6898,296,713,0,0,1
6663,4.1171,0.4235,289,713,0,0,1
6664,3.9873,0.5974,289,713,0,0,1
6665,4.0841,0.6553,289,713,0,0,1
6666,4.1384,0.4502,288,713,0,0,1
6667,4.2179,0.4962,286,713,0,0,1
6668,4.1639,0.4358,285,713,0,0,1
6669,4.1013,0.3703,285,713,0,0,1
6670,4.2514,0.659,285,713,0,0,1
6671,4.1013,0.6402,285,713,0,0,1
6672,4.1648,0.4425,285,713,0,0,1
6673,4.1823,0.501,285,713,0,0,1
6674,4.1545,0.469,285,713,0,0,1
6675,4.1808,0.4285,285,713,0,0,1
6676,4.1501,0.4776,284,713,0,0,1
6677,4.1918,0.6362,283,713,0,0,1
6678,4.1446,0.4819,317,713,0,0,1
6679,4.2287,0.4585,317,713,0,0,1
6680,4.1528,0.4885,317,713,0,0,1
6681,4.166,0.4632,316,713,0,0,1
6682,4.186,0.4121,315,713,0,0,1
6683,4.1153,0.7471,315,713,0,0,1
6684,4.1428,0.619,315,713,0,0,1
6685,4.2171,0.9273,315,713,0,0,1
6686,4.1292,0.3886,314,713,0,0,1
6687,4.1416,0.5359,314,713,0,0,1
6688,4.2388,0.5967,314,713,0,0,1
6689,4.1022,0.4616,314,713,0,0,1
6690,4.1838,0.4465,314,713,0,0,1
6691,4.2779,0.4297,314,713,0,0,1
6692,4.1211,0.4359,314,713,0,0,1
6693,4.6108,0.6823,314,713,0,0,1
6694,3.7677,0.6911,313,713,0,0,1
6695,4.3809,0.5177,313,713,0,0,1
6696,3.8921,0.8596,313,713,0,0,1
6697,4.1234,0.4473,313,713,0,0,1
6698,4.2073,0.6841,313,713,0,0,1
6699,4.1285,0.4245,313,713,0,0,1
6700,4.1554,0.4597,312,713,0,0,1
6701,4.1899,0.5461,312,713,0,0,1
6702,4.1157,0.3724,311,713,0,0,1
6703,4.2983,0.5137,311,713,0,0,1
6704,4.1216,0.5464,310,713,0,0,1
6705,4.166,0.5728,310,713,0,0,1
6706,4.1804,0.5143,310,713,0,0,1
6707,4.1014,0.4139,310,713,0,0,1
6708,4.23,0.5324,310,713,0,0,1
6709,4.2905,0.4638,310,713,0,0,1
6710,4.0158,0.4468,310,713,0,0,1
6711,4.1009,0.4393,308,713,0,0,1
6712,4.2667,0.5213,308,713,0,0,1
6713,4.0484,0.3832,308,713,0,0,1
6714,4.4565,0.3717,308,713,0,0,1
6715,3.9675,0.617,308,713,0,0,1
6716,4.1777,0.8826,308,713,0,0,1
6717,4.1635,0.4944,308,713,0,0,1
6718,4.1694,0.6573,307,713,0,0,1
6719,4.1273,0.3839,307,713,0,0,1
6720,4.1247,0.4313,307,713,0,0,1
6721,4.1986,0.4629,303,713,0,0,1
6722,4.2672,0.6983,302,713,0,0,1
6723,4.0979,0.3903,301,713,0,0,1
6724,4.1871,0.5295,300,713,0,0,1
6725,4.1479,0.5413,300,713,0,0,1
6726,4.139,0.4534,300,713,0,0,1
6727,4.1469,0.3388,2,713,0,0,0
6728,4.2293,0.1936,2,713,0,0,0
6729,4.1488,0.2627,2,713,0,0,0
6730,4.134,0.2488,2,713,0,0,0
6731,4.138,0.1957,2,713,0,0,0
6732,4.2999,0.4212,2,713,0,0,0
6733,4.1371,0.3711,2,713,0,0,0
6734,4.1319,0.4172,2,713,0,0,0
6735,4.3503,0.5556,2,713,0,0,0
6736,3.987,0.426,2,713,0,0,0
6737,4.1229,0.251,2,713,0,0,0
6738,4.2669,0.2252,2,713,0,0,0
6739,4.0205,0.2115,2,713,0,0,0
6740,4.2392,0.2514,2,713,0,0,0
6741,4.129,0.2208,2,713,0,0,0
6742,4.2209,0.2616,2,713,0,0,0
6743,4.2065,0.2072,2,713,0,0,0
6744,4.1447,0.2665,2,713,0,0,0
6745,4.1222,0.2211,2,713,0,0,0
6746,4.2827,0.4186,2,713,0,0,0
6747,4.0465,0.3202,2,713,0,0,0
6748,4.16,0.2281,2,713,0,0,0
6749,4.2368,0.2612,2,713,0,0,0
6750,4.127,0.2261,2,713,0,0,0
6751,4.1671,0.2706,2,713,0,0,0
6752,4.2608,0.4406,2,713,0,0,0
6753,4.1416,0.2216,2,713,0,0,0
6754,4.0618,0.2274,2,713,0,0,0
6755,4.2928,0.4342,2,713,0,0,0
6756,4.0935,0.2944,2,713,0,0,0
6757,4.1376,0.4121,2,713,0,0,0
6758,4.2206,0.2285,2,713,0,0,0
6759,4.1156,0.1984,2,713,0,0,0
6760,4.2357,0.2202,2,713,0,0,0
6761,4.0906,0.256,2,713,0,0,0
6762,4.306,0.2296,2,713,0,0,0
6763,4.3997,0.4161,2,713,0,0,0
6764,3.8287,0.256,2,713,0,0,0
6765,4.2228,0.4188,2,713,0,0,0
6766,4.0471,0.3108,2,713,0,0,0
6767,4.1936,0.2262,2,713,0,0,0
6768,4.2058,0.4351,2,713,0,0,0
6769,4.0944,0.5749,2,713,0,0,0
6770,4.4744,0.2528,2,713,0,0,0
6771,3.9695,0.2504,2,713,0,0,0
6772,4.3508,0.3566,2,713,0,0,0
6773,3.9006,0.3998,2,713,0,0,0
6774,4.1367,0.2247,2,713,0,0,0
6775,4.1872,0.226,2,713,0,0,0
6776,4.2526,0.285,2,713,0,0,0
6777,4.1893,0.4206,2,713,0,0,0
6778,4.0478,0.3467,2,713,0,0,0
6779,4.2343,0.2551,2,713,0,0,0
6780,4.1307,0.2083,2,713,0,0,0
6781,4.2358,0.444,2,713,0,0,0
6782,4.1593,0.2577,2,713,0,0,0
6783,4.0971,0.3439,2,713,0,0,0
6784,4.2488,0.4135,2,713,0,0,0
6785,4.1287,0.3796,2,713,0,0,0
6786,4.1193,0.2273,2,713,0,0,0
6787,4.2281,0.41,2,713,0,0,0
6788,4.1154,0.2235,2,713,0,0,0
6789,4.1834,0.2972,2,713,0,0,0
6790,4.2356,0.2511,2,713,0,0,0
6791,4.3294,0.3941,53,713,0,0,1
6792,4.1408,0.3409,53,713,0,0,1
6793,4.0025,0.4913,53,713,0,0,1
6794,4.1018,0.2857,53,713,0,0,1
6795,4.1983,0.3489,53,713,0,0,1
6796,4.2034,0.4427,53,713,0,0,1
6797,4.1011,0.5575,53,713,0,0,1
6798,4.1704,0.2947,53,713,0,0,1
6799,4.2191,0.3235,53,713,0,0,1
6800,4.1935,0.3306,53,713,0,0,1
6801,4.1806,0.7072,53,713,0,0,1
6802,4.1429,0.2949,53,713,0,0,1
6803,4.0913,0.2945,53,713,0,0,1
6804,4.2951,0.3922,53,713,0,0,1
6805,4.0606,0.3118,53,713,0,0,1
6806,4.2199,0.3183,53,713,0,0,1
6807,4.3896,0.2917,53,713,0,0,1
6808,3.9887,0.4766,53,713,0,0,1
6809,4.1192,0.2593,53,713,0,0,1
6810,4.5959,0.4365,53,713,0,0,1
6811,3.8867,0.3281,53,713,0,0,1
6812,3.9875,0.3441,53,713,0,0,1
6813,4.1652,0.3198,53,713,0,0,1
6814,4.1867,0.3166,53,713,0,0,1
6815,4.1433,0.3211,53,713,0,0,1
6816,4.2731,0.416,53,713,0,0,1
6817,4.0438,0.3786,53,713,0,0,1
6818,4.2529,0.315,53,713,0,0,1
6819,4.0759,0.332,53,713,0,0,1
6820,4.1534,0.2885,53,713,0,0,1
6821,4.2344,0.3434,53,713,0,0,1
6822,4.4897,0.2701,53,713,0,0,1
6823,3.7996,0.3351,53,713,0,0,1
6824,4.2055,0.353,53,713,0,0,1
6825,4.1689,0.3151,53,713,0,0,1
6826,4.1809,0.3862,53,713,0,0,1
6827,4.0965,0.291,53,713,0,0,1
6828,4.2044,0.4185,53,713,0,0,1
6829,4.2469,0.2801,53,713,0,0,1
6830,4.3455,0.4381,53,713,0,0,1
6831,3.9255,0.2939,53,713,0,0,1
6832,4.1518,0.4067,53,713,0,0,1
6833,4.1416,0.2828,53,713,0,0,1
6834,4.1533,0.2809,53,713,0,0,1
6835,4.2409,0.4053,53,713,0,0,1
6836,4.1417,0.3303,53,713,0,0,1
6837,4.1759,0.3218,53,713,0,0,1
6838,4.1717,0.3303,53,713,0,0,1
6839,4.1091,0.316,53,713,0,0,1
6840,4.217,0.4113,53,713,0,0,1
6841,4.161,0.2836,53,713,0,0,1
6842,4.2626,0.3206,53,713,0,0,1
6843,4.1178,0.3527,53,713,0,0,1
6844,4.1309,0.3195,53,713,0,0,1
6845,4.1431,0.2858,53,713,0,0,1
6846,4.1435,0.2809,53,713,0,0,1
6847,4.1805,0.5128,53,713,0,0,1
6848,4.1928,0.2485,53,713,0,0,1
6849,4.1093,0.2914,53,713,0,0,1
6850,4.1692,0.2937,53,713,0,0,1
6851,4.1701,0.2934,53,713,0,0,1
6852,4.5461,0.29,53,713,0,0,1
6853,3.8677,0.2989,53,713,0,0,1
6854,4.3851,0.3409,53,713,0,0,1
6855,3.9106,0.3358,53,713,0,0,1
6856,4.1995,0.3222,53,713,0,0,1
6857,4.1354,0.3253,53,713,0,0,1
6858,4.4823,0.3133,103,713,0,0,1
6859,3.8615,0.3387,103,713,0,0,1
6860,4.0945,0.2883,103,713,0,0,1
6861,4.452,0.4542,103,713,0,0,1
6862,3.9651,0.3635,103,713,0,0,1
6863,4.1054,0.3292,103,713,0,0,1
6864,4.1972,0.3394,103,713,0,0,1
6865,4.2002,0.3287,103,713,0,0,1
6866,4.1202,0.4482,103,713,0,0,1
6867,4.152,0.5313,103,713,0,0,1
6868,4.2502,0.5421,103,713,0,0,1
6869,4.1332,0.3809,103,713,0,0,1
6870,4.1079,0.3042,103,713,0,0,1
6871,4.2467,0.3438,103,713,0,0,1
6872,4.1357,0.3165,103,713,0,0,1
6873,4.3966,0.4981,103,713,0,0,1
6874,3.8933,0.291,103,713,0,0,1
6875,4.1892,0.3221,103,713,0,0,1
6876,4.1435,0.3251,103,713,0,0,1
6877,4.2639,0.2769,103,713,0,0,1
6878,4.2484,0.3189,103,713,0,0,1
6879,4.1003,0.4316,103,713,0,0,1
6880,4.1099,0.2837,103,713,0,0,1
6881,4.1591,0.3596,103,713,0,0,1
6882,4.3859,0.2945,103,713,0,0,1
6883,3.9101,0.3027,103,713,0,0,1
6884,4.2497,0.3163,103,713,0,0,1
6885,4.2043,0.5787,103,713,0,0,1
6886,4.0316,0.3388,103,713,0,0,1
6887,4.2066,0.3586,103,713,0,0,1
6888,4.1756,0.5039,103,713,0,0,1
6889,4.1508,0.3245,103,713,0,0,1
6890,4.3651,0.2933,103,713,0,0,1
6891,3.992,0.3328,103,713,0,0,1
6892,4.3157,0.4298,103,713,0,0,1
6893,4.019,0.6481,103,713,0,0,1
6894,4.1256,0.3134,102,713,0,0,1
6895,4.2369,0.3558,102,713,0,0,1
6896,4.1567,0.2728,102,713,0,0,1
6897,4.1295,0.4458,102,713,0,0,1
6898,4.1729,0.5174,102,713,0,0,1
6899,4.1253,0.2896,102,713,0,0,1
6900,4.2944,0.4869,102,713,0,0,1
6901,4.0937,0.321,102,713,0,0,1
6902,4.1978,0.3345,102,713,0,0,1
6903,4.0635,0.3554,101,713,0,0,1
6904,4.4307,0.4752,101,713,0,0,1
6905,3.9734,0.3597,101,713,0,0,1
6906,4.4168,0.2902,101,713,0,0,1
6907,3.931,0.3575,101,713,0,0,1
6908,4.1904,0.3639,101,713,0,0,1
6909,4.3267,0.4566,101,713,0,0,1
6910,3.9358,0.5198,101,713,0,0,1
6911,4.3781,0.297,101,713,0,0,1
6912,3.9598,0.3979,101,713,0,0,1
6913,4.191,0.3126,101,713,0,0,1
6914,4.1343,0.3092,101,713,0,0,1
6915,4.193,0.4374,100,713,0,0,1
6916,4.2288,0.3272,100,713,0,0,1
6917,4.214,0.5917,100,713,0,0,1
6918,4.0367,0.323,100,713,0,0,1
6919,4.2059,0.4748,100,713,0,0,1
6920,4.1729,0.3778,100,713,0,0,1
6921,4.1819,0.3429,100,713,0,0,1
6922,4.1226,0.2404,100,713,0,0,1
6923,4.1643,0.5796,100,713,0,0,1
6924,4.2081,0.3626,100,713,0,0,1
6925,4.1223,0.3311,150,713,0,0,1
6926,4.4242,0.349,150,713,0,0,1
6927,3.8617,0.2994,150,713,0,0,1
6928,4.1877,0.4573,150,713,0,0,1
6929,4.2658,0.5841,150,713,0,0,1
6930,4.4498,0.3202,150,713,0,0,1
6931,3.8146,0.3982,150,713,0,0,1
6932,4.1305,0.4208,150,713,0,0,1
6933,4.2455,0.5499,150,713,0,0,1
6934,4.1596,0.3674,150,713,0,0,1
6935,4.1077,0.39,150,713,0,0,1
6936,4.2257,0.4969,150,713,0,0,1
6937,4.12,0.3211,150,713,0,0,1
6938,4.2177,0.3997,150,713,0,0,1
6939,4.1675,0.4201,150,713,0,0,1
6940,4.3482,0.3721,150,713,0,0,1
6941,3.9618,0.3369,150,713,0,0,1
6942,4.1039,0.3309,150,713,0,0,1
6943,4.3205,0.549,150,713,0,0,1
6944,4.0928,0.3747,150,713,0,0,1
6945,4.1319,0.3729,150,713,0,0,1
6946,4.1546,0.3452,150,713,0,0,1
6947,4.1678,0.3825,150,713,0,0,1
6948,4.3596,0.484,150,713,0,0,1
6949,3.991,0.4839,150,713,0,0,1
6950,4.1823,0.4084,150,713,0,0,1
6951,4.1636,0.4082,150,713,0,0,1
6952,4.2079,0.3846,150,713,0,0,1
6953,4.1256,0.3007,150,713,0,0,1
6954,4.3722,0.3542,150,713,0,0,1
6955,3.9901,0.4121,150,713,0,0,1
6956,4.1005,0.3297,150,713,0,0,1
6957,4.1988,0.3827,150,713,0,0,1
6958,4.1417,0.4001,150,713,0,0,1
6959,4.244,0.3536,150,713,0,0,1
6960,4.1047,0.4167,150,713,0,0,1
6961,4.2114,0.3633,149,713,0,0,1
6962,4.1508,0.398,149,713,0,0,1
6963,4.1227,0.3925,149,713,0,0,1
6964,4.23,0.422,149,713,0,0,1
6965,4.2591,0.3137,148,713,0,0,1
6966,4.0156,0.3509,148,713,0,0,1
6967,4.2443,0.5013,148,713,0,0,1
6968,4.152,0.6486,148,713,0,0,1
6969,4.0907,0.3645,148,713,0,0,1
6970,4.1717,0.3503,148,713,0,0,1
6971,4.1725,0.3997,147,713,0,0,1
6972,4.227,0.3067,147,713,0,0,1
6973,4.1217,0.3841,147,713,0,0,1
6974,4.2242,0.6973,145,713,0,0,1
6975,4.1073,0.3691,145,713,0,0,1
6976,4.4449,0.3798,145,713,0,0,1
6977,3.9238,0.3586,145,713,0,0,1
6978,4.5032,0.3538,145,713,0,0,1
6979,3.7924,0.4132,145,713,0,0,1
6980,4.2306,0.3494,145,713,0,0,1
6981,4.1058,0.373,145,713,0,0,1
6982,4.2115,0.3835,145,713,0,0,1
6983,4.1931,0.3308,144,713,0,0,1
6984,4.1289,0.3168,144,713,0,0,1
6985,4.1367,0.4171,144,713,0,0,1
6986,4.3534,0.6052,144,713,0,0,1
6987,4.0474,0.533,144,713,0,0,1
6988,4.1959,0.5336,144,713,0,0,1
6989,4.49,0.3039,144,713,0,0,1
6990,3.7612,0.336,144,713,0,0,1
6991,4.3652,0.4933,144,713,0,0,1
6992,3.9769,0.3868,194,713,0,0,1
6993,4.1305,0.327,194,713,0,0,1
6994,4.2669,0.3999,194,713,0,0,1
6995,4.442,0.3718,194,713,0,0,1
6996,4.1783,0.5626,194,713,0,0,1
6997,3.802,0.3126,194,713,0,0,1
6998,4.1637,0.6194,194,713,0,0,1
6999,4.3608,0.603,194,713,0,0,1
7000,3.9827,0.5643,194,713,0,0,1
7001,4.4669,0.5141,194,713,0,0,1
7002,4.2031,0.3643,194,713,0,0,1
7003,4.1258,0.5685,194,713,0,0,1
7004,3.8626,0.3808,194,713,0,0,1
7005,4.4715,0.5807,194,713,0,0,1
7006,4.1433,1.0105,194,713,0,0,1
7007,4.0203,0.3999,192,713,0,0,1
7008,3.9982,0.3044,192,713,0,0,1
7009,4.2061,0.3887,192,713,0,0,1
7010,4.4735,0.3341,192,713,0,0,1
7011,3.9349,0.6401,192,713,0,0,1
7012,4.1734,0.5115,192,713,0,0,1
7013,4.5111,0.5528,192,713,0,0,1
7014,3.7659,0.3099,192,713,0,0,1
7015,4.4895,0.5558,192,713,0,0,1
7016,3.9037,0.3608,192,713,0,0,1
7017,4.0557,0.3643,192,713,0,0,1
7018,4.2106,0.3439,192,713,0,0,1
7019,4.2143,0.6079,192,713,0,0,1
7020,4.5031,0.3523,192,713,0,0,1
7021,3.7712,0.3901,192,713,0,0,1
7022,4.1461,0.4922,192,713,0,0,1
7023,4.1602,0.5344,192,713,0,0,1
7024,4.2421,0.6216,192,713,0,0,1
7025,4.4283,0.4952,192,713,0,0,1
7026,3.9825,0.3839,192,713,0,0,1
7027,4.4468,0.4617,192,713,0,0,1
7028,3.7689,0.4792,192,713,0,0,1
7029,4.2033,0.3105,192,713,0,0,1
7030,4.2977,0.6231,192,713,0,0,1
7031,3.9895,0.2981,191,713,0,0,1
7032,4.5518,0.4054,191,713,0,0,1
7033,3.7718,0.3163,191,713,0,0,1
7034,4.5994,0.6165,189,713,0,0,1
7035,3.6971,0.4912,189,713,0,0,1
7036,4.4087,0.3604,188,713,0,0,1
7037,4.1605,0.2933,188,713,0,0,1
7038,3.9489,0.3354,188,713,0,0,1
7039,4.4918,0.3986,188,713,0,0,1
7040,3.8279,0.3377,188,713,0,0,1
7041,4.1228,0.2811,187,713,0,0,1
7042,4.1689,0.461,187,713,0,0,1
7043,4.1496,0.258,187,713,0,0,1
7044,4.1593,0.3043,187,713,0,0,1
7045,4.1737,0.4087,187,713,0,0,1
7046,4.2203,0.4687,187,713,0,0,1
7047,4.4626,0.287,187,713,0,0,1
7048,4.0949,0.3124,187,713,0,0,1
7049,3.9106,0.4455,187,713,0,0,1
7050,4.4691,0.3077,186,713,0,0,1
7051,3.8904,0.5409,185,713,0,0,1
7052,4.1433,0.4605,184,713,0,0,1
7053,4.2309,0.3744,184,713,0,0,1
7054,4.3426,0.4318,184,713,0,0,1
7055,3.9383,0.3063,184,713,0,0,1
7056,4.4282,0.4714,184,713,0,0,1
7057,3.8777,0.3798,184,713,0,0,1
7058,4.5398,0.3303,183,713,0,0,1
7059,4.1556,0.5435,233,713,0,0,1
7060,3.8534,0.4417,233,713,0,0,1
7061,4.3912,0.33,233,713,0,0,1
7062,3.8849,0.3298,233,713,0,0,1
7063,4.1716,0.5088,233,713,0,0,1
7064,4.1728,0.5055,233,713,0,0,1
7065,4.5008,0.5132,233,713,0,0,1
7066,3.8332,0.2738,233,713,0,0,1
7067,4.1639,0.4762,233,713,0,0,1
7068,4.3302,0.4169,233,713,0,0,1
7069,4.0106,0.3478,233,713,0,0,1
7070,4.5088,0.4083,232,713,0,0,1
7071,4.1837,0.3185,232,713,0,0,1
7072,3.8524,0.4944,232,713,0,0,1
7073,4.3078,0.4277,232,713,0,0,1
7074,4.049,0.33,232,713,0,0,1
7075,4.309,0.584,232,713,0,0,1
7076,4.1211,0.3535,232,713,0,0,1
7077,4.1638,0.4706,232,713,0,0,1
7078,4.0715,0.4157,232,713,0,0,1
7079,4.0723,0.2624,231,713,0,0,1
7080,4.36,0.471,231,713,0,0,1
7081,3.9906,0.2817,231,713,0,0,1
7082,4.3148,0.5029,231,713,0,0,1
7083,4.1334,0.4642,231,713,0,0,1
7084,4.1342,0.3676,231,713,0,0,1
7085,4.169,0.408,231,713,0,0,1
7086,4.0553,0.3014,231,713,0,0,1
7087,4.2542,0.4917,231,713,0,0,1
7088,4.3249,0.4858,229,713,0,0,1
7089,3.9896,0.2817,229,713,0,0,1
7090,4.1444,0.3285,229,713,0,0,1
7091,4.1674,0.3293,229,713,0,0,1
7092,4.3015,0.2937,229,713,0,0,1
7093,4.0379,0.3714,228,713,0,0,1
7094,4.2163,0.4355,228,713,0,0,1
7095,4.2355,0.3855,227,713,0,0,1
7096,4.1889,0.4645,227,713,0,0,1
7097,4.1103,0.3852,227,713,0,0,1
7098,4.1567,0.3006,227,713,0,0,1
7099,4.1905,0.4441,227,713,0,0,1
7100,4.1732,0.2707,226,713,0,0,1
7101,4.1528,0.442,226,713,0,0,1
7102,4.1816,0.3978,225,713,0,0,1
7103,4.0804,0.3297,225,713,0,0,1
7104,4.1239,0.3613,224,713,0,0,1
7105,4.1862,0.2678,224,713,0,0,1
7106,4.3012,0.533,224,713,0,0,1
7107,4.0403,0.2793,224,713,0,0,1
7108,4.1357,0.3364,224,713,0,0,1
7109,4.2038,0.4725,224,713,0,0,1
7110,4.1071,0.2685,223,713,0,0,1
7111,4.3666,0.4704,223,713,0,0,1
7112,4.1225,0.2776,222,713,0,0,1
7113,4.2812,0.559,222,713,0,0,1
7114,3.9545,0.2797,222,713,0,0,1
7115,4.136,0.2627,221,713,0,0,1
7116,4.316,0.4105,220,713,0,0,1
7117,4.0284,0.3056,220,713,0,0,1
7118,4.2986,0.3252,220,713,0,0,1
7119,4.0572,0.4936,220,713,0,0,1
7120,4.1325,0.3916,220,713,0,0,1
7121,4.1686,0.3356,220,713,0,0,1
7122,4.1852,0.2571,220,713,0,0,1
7123,4.1572,0.3161,220,713,0,0,1
7124,4.1756,0.3114,219,713,0,0,1
7125,4.2486,0.4778,219,713,0,0,1
7126,4.2403,0.5303,269,713,0,0,1
7127,4.0107,0.3188,269,713,0,0,1
7128,4.3832,0.4748,269,713,0,0,1
7129,3.99,0.3652,268,713,0,0,1
7130,4.1318,0.3265,268,713,0,0,1
7131,4.2096,0.4492,268,713,0,0,1
7132,4.1134,0.3492,268,713,0,0,1
7133,4.1637,0.3431,268,713,0,0,1
7134,4.2446,0.3133,268,713,0,0,1
7135,4.1314,0.279,268,713,0,0,1
7136,4.1524,0.3422,268,713,0,0,1
7137,4.1551,0.3178,268,713,0,0,1
7138,4.1531,0.2812,268,713,0,0,1
7139,4.4847,0.5633,268,713,0,0,1
7140,4.0343,0.4942,267,713,0,0,1
7141,3.9967,0.2874,267,713,0,0,1
7142,4.1241,0.2829,267,713,0,0,1
7143,4.1994,0.3493,267,713,0,0,1
7144,4.1596,0.3589,267,713,0,0,1
7145,4.2854,0.4022,267,713,0,0,1
7146,4.0599,0.343,267,713,0,0,1
7147,4.1613,0.3324,266,713,0,0,1
7148,4.1707,0.2702,266,713,0,0,1
7149,4.1665,0.3534,266,713,0,0,1
7150,4.207,0.484,266,713,0,0,1
7151,4.2731,0.4277,266,713,0,0,1
7152,4.1907,0.472,266,713,0,0,1
7153,3.9918,0.3263,265,713,0,0,1
7154,4.1763,0.3263,265,713,0,0,1
7155,4.342,0.295,265,713,0,0,1
7156,4.0296,0.5324,264,713,0,0,1
7157,4.1333,0.3655,263,713,0,0,1
7158,4.1838,0.283,263,713,0,0,1
7159,4.165,0.3504,263,713,0,0,1
7160,4.1586,0.3621,263,713,0,0,1
7161,4.1409,0.3482,263,713,0,0,1
7162,4.2347,0.5228,263,713,0,0,1
7163,4.2438,0.5066,263,713,0,0,1
7164,4.1503,0.4813,263,713,0,0,1
7165,4.084,0.3119,263,713,0,0,1
7166,4.1364,0.5626,263,713,0,0,1
7167,4.3201,0.3999,262,713,0,0,1
7168,4.0722,0.5129,262,713,0,0,1
7169,4.1881,0.6526,262,713,0,0,1
7170,4.1116,0.398,262,713,0,0,1
7171,4.246,0.3993,262,713,0,0,1
7172,4.1763,0.3827,261,713,0,0,1
7173,4.179,0.5197,261,713,0,0,1
7174,4.1899,0.5821,260,713,0,0,1
7175,4.0693,0.3399,259,713,0,0,1
7176,4.2097,0.4811,259,713,0,0,1
7177,4.1645,0.4157,257,713,0,0,1
7178,4.1283,0.4915,257,713,0,0,1
7179,4.2571,0.4792,256,713,0,0,1
7180,4.1731,0.5643,256,713,0,0,1
7181,4.2839,0.5545,255,713,0,0,1
7182,3.9544,0.4101,253,713,0,0,1
7183,4.2175,0.4103,253,713,0,0,1
7184,4.2453,0.6275,253,713,0,0,1
7185,4.3566,0.6646,253,713,0,0,1
7186,3.9004,0.4953,252,713,0,0,1
7187,4.2487,0.5358,252,713,0,0,1
7188,4.0816,0.4302,252,713,0,0,1
7189,4.2083,0.663,252,713,0,0,1
7190,4.1903,0.3913,252,713,0,0,1
7191,4.1012,0.4713,252,713,0,0,1
7192,4.151,0.5888,251,713,0,0,1
7193,4.1753,0.4883,251,713,0,0,1
7194,4.1461,0.4671,301,713,0,0,1
7195,4.2532,0.5489,300,713,0,0,1
7196,4.1491,0.4922,300,713,0,0,1
7197,4.1399,0.4351,299,713,0,0,1
7198,4.1771,0.3968,298,713,0,0,1
7199,4.164,0.4631,298,713,0,0,1
7200,4.2407,0.592,298,713,0,0,1
7201,4.1361,0.3975,298,713,0,0,1
7202,4.0734,0.6592,298,713,0,0,1
7203,4.1569,0.3906,298,713,0,0,1
7204,4.2577,0.5505,297,713,0,0,1
7205,4.145,0.5795,297,713,0,0,1
7206,4.0966,0.3546,297,713,0,0,1
7207,4.2385,0.437,297,713,0,0,1
7208,4.1449,0.5528,297,713,0,0,1
7209,4.1889,0.697,297,713,0,0,1
7210,4.1372,0.9771,297,713,0,0,1
7211,4.1496,0.444,296,713,0,0,1
7212,4.1933,0.5483,295,713,0,0,1
7213,4.2655,0.5487,294,713,0,0,1
7214,4.3393,0.5665,294,713,0,0,1
7215,3.8427,0.4089,294,713,0,0,1
7216,4.4914,0.3871,294,713,0,0,1
7217,3.9179,0.5761,294,713,0,0,1
7218,4.0574,0.448,293,713,0,0,1
7219,4.343,0.6037,292,713,0,0,1
7220,4.1127,0.5389,291,713,0,0,1
7221,4.1267,0.4343,291,713,0,0,1
7222,4.2051,0.5027,291,713,0,0,1
7223,4.1084,0.439,291,713,0,0,1
7224,4.3711,0.3882,291,713,0,0,1
7225,4.0615,0.4216,291,713,0,0,1
7226,4.1209,0.5728,290,713,0,0,1
7227,4.1036,0.4497,290,713,0,0,1
7228,4.2082,0.3917,290,713,0,0,1
7229,4.2365,0.5248,290,713,0,0,1
7230,4.0408,0.4284,290,713,0,0,1
7231,4.2567,0.5739,290,713,0,0,1
7232,4.0965,0.3964,290,713,0,0,1
7233,4.1528,0.3716,290,713,0,0,1
7234,4.1484,0.4381,290,713,0,0,1
7235,4.209,0.4544,289,713,0,0,1
7236,4.1779,0.4569,288,713,0,0,1
7237,4.169,0.3631,288,713,0,0,1
7238,4.2838,0.596,288,713,0,0,1
7239,4.0718,0.531,288,713,0,0,1
7240,4.1944,0.4507,288,713,0,0,1
7241,4.1343,0.3963,288,713,0,0,1
7242,4.1337,0.4284,288,713,0,0,1
7243,4.232,0.4499,288,713,0,0,1
7244,4.1239,0.3673,288,713,0,0,1
7245,4.2052,0.401,288,713,0,0,1
7246,4.1352,0.4232,288,713,0,0,1
7247,4.1076,0.5247,288,713,0,0,1
7248,4.333,0.5254,288,713,0,0,1
7249,4.101,0.4459,288,713,0,0,1
7250,4.2918,0.4272,288,713,0,0,1
7251,4.2919,0.5102,287,713,0,0,1
7252,3.9352,0.6411,287,713,0,0,1
7253,4.1694,0.4103,286,713,0,0,1
7254,4.0563,0.3787,286,713,0,0,1
7255,4.4479,0.6487,286,713,0,0,1
7256,3.9707,0.3963,285,713,0,0,1
7257,4.1396,0.7341,284,713,0,0,1
7258,4.1276,0.5908,284,713,0,0,1
7259,4.1744,0.4479,284,713,0,0,1
7260,4.2301,0.4626,284,713,0,0,1
7261,4.1836,0.7517,334,713,0,0,1
7262,4.1588,0.6038,333,713,0,0,1
7263,4.2611,0.6248,333,713,0,0,1
7264,4.0506,0.4848,333,713,0,0,1
7265,4.1889,0.5702,332,713,0,0,1
7266,4.0755,0.4595,332,713,0,0,1
7267,4.2176,0.5371,332,713,0,0,1
7268,4.1629,0.3782,332,713,0,0,1
7269,4.2251,0.719,332,713,0,0,1
7270,4.0972,0.3939,332,713,0,0,1
7271,4.1313,0.4111,332,713,0,0,1
7272,4.2059,0.5466,332,713,0,0,1
7273,4.1521,0.487,332,713,0,0,1
7274,4.1331,0.6297,331,713,0,0,1
7275,4.1567,0.6188,331,713,0,0,1
7276,4.2304,0.4303,330,713,0,0,1
7277,4.2042,0.707,330,713,0,0,1
7278,4.1141,0.4001,329,713,0,0,1
7279,4.2205,0.5424,329,713,0,0,1
7280,4.1571,0.4738,329,713,0,0,1
7281,4.1723,0.4624,329,713,0,0,1
7282,4.1978,0.6576,328,713,0,0,1
7283,4.1274,0.439,328,713,0,0,1
7284,4.1319,0.4397,328,713,0,0,1
7285,4.2598,0.3915,327,713,0,0,1
7286,4.1185,0.534,327,713,0,0,1
7287,4.1611,0.456,326,713,0,0,1
7288,4.1033,0.591,326,713,0,0,1
7289,4.2092,0.6572,326,713,0,0,1
7290,4.1051,0.3812,326,713,0,0,1
7291,4.2162,0.4409,326,713,0,0,1
7292,4.2216,0.5106,324,713,0,0,1
7293,4.1008,0.4937,324,713,0,0,1
7294,4.2514,0.6358,324,713,0,0,1
7295,4.0643,0.3905,324,713,0,0,1
7296,4.2487,0.4721,324,713,0,0,1
7297,4.0791,0.3865,324,713,0,0,1
7298,4.1488,0.567,324,713,0,0,1
7299,4.2126,0.4583,324,713,0,0,1
7300,4.2247,0.651,324,713,0,0,1
7301,4.1334,0.7043,322,713,0,0,1
7302,4.1088,0.3747,321,713,0,0,1
7303,4.2103,0.4385,320,713,0,0,1
7304,4.2262,0.4361,320,713,0,0,1
7305,4.1354,0.6247,319,713,0,0,1
7306,4.08,0.5523,318,713,0,0,1
7307,4.2575,0.6738,317,713,0,0,1
7308,4.1529,0.4348,317,713,0,0,1
7309,4.1628,0.4104,316,713,0,0,1
7310,4.206,0.5426,315,713,0,0,1
7311,4.0966,0.492,314,713,0,0,1
7312,4.1694,0.4438,314,713,0,0,1
7313,4.2202,0.396,313,713,0,0,1
7314,4.1025,0.3807,313,713,0,0,1
7315,4.2762,0.4418,313,713,0,0,1
7316,4.1471,0.5071,313,713,0,0,1
7317,4.1336,0.689,313,713,0,0,1
7318,4.1773,0.4151,313,713,0,0,1
7319,4.0771,0.3698,313,713,0,0,1
7320,4.2576,0.4608,313,713,0,0,1
7321,4.1818,0.4769,313,713,0,0,1
7322,4.1385,0.6239,313,713,0,0,1
7323,4.1629,0.4221,313,713,0,0,1
7324,4.1727,0.3833,313,713,0,0,1
7325,4.4317,0.3824,313,713,0,0,1
7326,3.8399,0.3822,312,713,0,0,1
7327,4.2529,0.7282,311,713,0,0,1
7328,4.2,0.6723,361,713,0,0,1
7329,4.0435,0.4386,361,713,0,0,1
7330,4.1769,0.5401,360,713,0,0,1
7331,4.2179,0.7171,359,713,0,0,1
7332,4.155,0.4909,359,713,0,0,1
7333,4.4987,0.4148,358,713,0,0,1
7334,3.7856,0.4049,357,713,0,0,1
7335,4.2173,0.4502,357,713,0,0,1
7336,4.1684,0.4803,357,713,0,0,1
7337,4.1434,0.4837,357,713,0,0,1
7338,4.1152,0.4142,357,713,0,0,1
7339,4.2885,0.5139,357,713,0,0,1
7340,4.1113,0.7054,357,713,0,0,1
7341,4.5846,0.4994,357,713,0,0,1
7342,3.7546,0.5213,357,713,0,0,1
7343,4.1063,0.5566,356,713,0,0,1
7344,4.2218,0.5992,355,713,0,0,1
7345,4.1567,0.3887,355,713,0,0,1
7346,4.3403,0.6263,355,713,0,0,1
7347,4.0113,0.4362,355,713,0,0,1
7348,4.1274,0.559,355,713,0,0,1
7349,4.2337,0.4728,355,713,0,0,1
7350,4.0887,0.4079,354,713,0,0,1
7351,4.288,0.6649,354,713,0,0,1
7352,4.1074,0.5112,353,713,0,0,1
7353,4.175,0.5479,353,713,0,0,1
7354,4.1789,0.5615,352,713,0,0,1
7355,4.132,0.5535,352,713,0,0,1
7356,4.266,0.4265,352,713,0,0,1
7357,4.1177,0.5507,349,713,0,0,1
7358,4.1268,0.4513,349,713,0,0,1
7359,4.1489,0.4737,347,713,0,0,1
7360,4.4246,0.6435,347,713,0,0,1
7361,3.9423,0.4619,347,713,0,0,1
7362,4.0802,0.4701,346,713,0,0,1
7363,4.2762,0.6963,346,713,0,0,1
7364,4.1557,0.6479,344,713,0,0,1
7365,4.5578,0.5936,344,713,0,0,1
7366,3.8629,0.5546,344,713,0,0,1
7367,4.0105,0.3922,344,713,0,0,1
7368,4.2387,0.5044,343,713,0,0,1
7369,4.1177,0.3943,341,713,0,0,1
7370,4.1983,0.611,340,713,0,0,1
7371,4.1813,0.5824,340,713,0,0,1
7372,4.0781,0.4553,340,713,0,0,1
7373,4.235,0.5613,340,713,0,0,1
7374,4.1023,0.4029,337,713,0,0,1
7375,4.2282,0.6239,337,713,0,0,1
7376,4.171,0.3979,337,713,0,0,1
7377,4.1854,0.459,337,713,0,0,1
7378,4.2646,0.6874,337,713,0,0,1
7379,3.9884,0.454,336,713,0,0,1
7380,4.2368,0.5077,336,713,0,0,1
7381,4.5158,0.4662,334,713,0,0,1
7382,3.9611,0.4196,333,713,0,0,1
7383,3.9876,0.4447,333,713,0,0,1
7384,4.4705,0.6313,333,713,0,0,1
7385,3.9154,0.4494,333,713,0,0,1
7386,4.1086,0.4032,333,713,0,0,1
7387,4.406,0.4771,333,713,0,0,1
7388,3.997,0.5266,333,713,0,0,1
7389,4.2136,0.7626,333,713,0,0,1
7390,4.1145,0.4556,326,713,0,0,1
7391,4.09,0.3829,325,713,0,0,1
7392,4.2449,0.4318,324,713,0,0,1
7393,4.1028,0.5081,324,713,0,0,1
7394,4.2108,0.7489,324,713,0,0,1
7395,4.2411,0.7051,374,713,0,0,1
7396,4.1003,0.5394,374,713,0,0,1
7397,4.5336,0.585,374,713,0,0,1
7398,3.7199,0.4202,374,713,0,0,1
7399,4.2131,0.4596,372,713,0,0,1
7400,4.1972,0.4484,370,713,0,0,1
7401,4.1571,0.3985,370,713,0,0,1
7402,4.2739,0.6844,368,713,0,0,1
7403,4.0771,0.4544,368,713,0,0,1
7404,4.1801,0.4504,368,713,0,0,1
7405,4.2118,0.4397,368,713,0,0,1
7406,4.116,0.4198,368,713,0,0,1
7407,4.0982,0.6239,368,713,0,0,1
7408,4.1851,0.4535,368,713,0,0,1
7409,4.1799,0.5038,368,713,0,0,1
7410,4.1347,0.4225,368,713,0,0,1
7411,4.1925,0.4719,366,713,0,0,1
7412,4.4232,0.5397,365,713,0,0,1
7413,3.9928,0.8272,364,713,0,0,1
7414,4.19,0.6453,364,713,0,0,1
7415,4.0466,0.477,362,713,0,0,1
7416,4.2247,0.5629,362,713,0,0,1
7417,4.1108,0.4811,362,713,0,0,1
7418,4.4827,0.7452,361,713,0,0,1
7419,3.8751,0.4248,360,713,0,0,1
7420,4.4395,0.6008,360,713,0,0,1
7421,4.2796,0.6123,360,713,0,0,1
7422,3.7563,0.3965,360,713,0,0,1
7423,4.194,0.4876,360,713,0,0,1
7424,4.1939,0.4292,360,713,0,0,1
7425,4.6213,0.4775,360,713,0,0,1
7426,3.7462,0.647,359,713,0,0,1
7427,4.2941,0.5826,357,713,0,0,1
7428,4.0036,0.49,357,713,0,0,1
7429,4.2195,0.4155,355,713,0,0,1
7430,4.1293,0.6137,354,713,0,0,1
7431,4.1403,0.5577,354,713,0,0,1
7432,4.3096,0.7161,354,713,0,0,1
7433,4.0366,0.5582,352,713,0,0,1
7434,4.113,0.4494,352,713,0,0,1
7435,4.2227,0.6037,352,713,0,0,1
7436,4.19,0.4425,352,713,0,0,1
7437,4.1511,0.523,351,713,0,0,1
7438,4.2443,0.4179,350,713,0,0,1
7439,3.9865,0.4045,350,713,0,0,1
7440,4.3282,0.4608,349,713,0,0,1
7441,4.0321,0.4122,348,713,0,0,1
7442,4.2278,0.4695,348,713,0,0,1
7443,4.1759,0.5246,348,713,0,0,1
7444,4.1728,0.7736,348,713,0,0,1
7445,4.486,0.678,348,713,0,0,1
7446,3.7875,0.4562,346,713,0,0,1
7447,4.1827,0.4575,345,713,0,0,1
7448,4.1544,0.4631,345,713,0,0,1
7449,4.481,0.3991,344,713,0,0,1
7450,4.12,0.3989,344,713,0,0,1
7451,3.9651,0.7099,344,713,0,0,1
7452,4.153,0.4774,344,713,0,0,1
7453,4.2185,0.4353,343,713,0,0,1
7454,4.1083,0.6183,343,713,0,0,1
7455,4.1724,0.5471,342,713,0,0,1
7456,4.3888,0.7359,341,713,0,0,1
7457,3.9672,0.6985,334,713,0,0,1
7458,4.099,0.4043,332,713,0,0,1
7459,4.3613,0.5736,332,713,0,0,1
7460,4.0873,0.475,332,713,0,0,1
7461,4.075,0.4653,332,713,0,0,1
7462,4.1989,0.4653,382,713,0,0,1
7463,4.0758,0.6694,382,713,0,0,1
7464,4.2195,0.4424,381,713,0,0,1
7465,4.1795,0.4595,379,713,0,0,1
7466,4.206,0.4941,379,713,0,0,1
7467,4.1767,0.4846,379,713,0,0,1
7468,4.3903,0.6586,379,713,0,0,1
7469,3.8769,0.5242,379,713,0,0,1
7470,4.1244,0.4513,378,713,0,0,1
7471,4.3212,0.8054,378,713,0,0,1
7472,4.0685,0.8297,378,713,0,0,1
7473,4.4271,0.7431,378,713,0,0,1
7474,3.942,0.6234,378,713,0,0,1
7475,4.1122,0.88,378,713,0,0,1
7476,4.2932,0.683,377,713,0,0,1
7477,4.0533,0.5463,377,713,0,0,1
7478,4.563,0.5366,376,713,0,0,1
7479,3.7664,0.5758,374,713,0,0,1
7480,4.5312,0.5239,374,713,0,0,1
7481,3.7684,0.5144,374,713,0,0,1
7482,4.1811,0.536,374,713,0,0,1
7483,4.2795,0.6962,374,713,0,0,1
7484,4.0836,0.5233,374,713,0,0,1
7485,4.162,0.5793,374,713,0,0,1
7486,4.2057,0.5667,373,713,0,0,1
7487,4.1502,0.5197,373,713,0,0,1
7488,4.1974,0.5778,373,713,0,0,1
7489,4.3508,0.5859,373,713,0,0,1
7490,3.9578,0.5139,372,713,0,0,1
7491,4.1695,0.6027,372,713,0,0,1
7492,4.4098,0.6676,371,713,0,0,1
7493,3.9351,0.6527,371,713,0,0,1
7494,4.1558,0.5115,371,713,0,0,1
7495,4.2149,0.7799,371,713,0,0,1
7496,4.0882,0.4509,371,713,0,0,1
7497,4.2021,0.7409,371,713,0,0,1
7498,4.1545,0.4895,371,713,0,0,1
7499,4.1304,0.4803,370,713,0,0,1
7500,4.1837,0.5117,369,713,0,0,1
7501,4.1643,0.4582,368,713,0,0,1
7502,4.1807,0.4269,367,713,0,0,1
7503,4.1999,0.4709,366,713,0,0,1
7504,4.1675,0.447,366,713,0,0,1
7505,4.1913,0.4497,365,713,0,0,1
7506,4.0656,0.4107,364,713,0,0,1
7507,4.3612,0.5729,362,713,0,0,1
7508,4.0023,0.4291,362,713,0,0,1
7509,4.1484,0.4144,361,713,0,0,1
7510,4.188,0.4627,360,713,0,0,1
7511,4.1118,0.421,358,713,0,0,1
7512,4.1761,0.6403,357,713,0,0,1
7513,4.1956,0.4964,353,713,0,0,1
7514,4.1591,0.6817,353,713,0,0,1
7515,4.1384,0.6703,353,713,0,0,1
7516,4.277,0.5147,353,713,0,0,1
7517,4.1908,0.6738,352,713,0,0,1
7518,4.0335,0.3946,351,713,0,0,1
7519,4.2149,0.4461,351,713,0,0,1
7520,4.1679,0.4378,350,713,0,0,1
7521,4.3134,0.6744,349,713,0,0,1
7522,4.0236,0.4047,348,713,0,0,1
7523,4.1476,0.4156,348,713,0,0,1
7524,4.2447,0.5308,341,713,0,0,1
7525,4.0768,0.5062,340,713,0,0,1
7526,4.2393,0.4523,340,713,0,0,1
7527,4.1055,0.6766,340,713,0,0,1
7528,4.2116,0.5963,339,713,0,0,1
7529,4.1732,0.4367,339,713,0,0,1
7530,4.0943,0.4404,389,713,0,0,1
7531,4.1918,0.7311,389,713,0,0,1
7532,4.1713,0.4409,389,713,0,0,1
7533,4.3927,0.7143,387,713,0,0,1
7534,3.9555,0.4776,387,713,0,0,1
7535,4.1475,0.4151,386,713,0,0,1
7536,4.2219,0.5405,386,713,0,0,1
7537,4.089,0.4572,385,713,0,0,1
7538,4.2453,0.6412,385,713,0,0,1
7539,4.1635,0.6099,384,713,0,0,1
7540,4.1481,0.5107,384,713,0,0,1
7541,4.1984,0.4941,384,713,0,0,1
7542,4.0783,0.4361,384,713,0,0,1
7543,4.2234,0.4734,384,713,0,0,1
7544,4.4915,0.4263,384,713,0,0,1
7545,3.8654,0.6535,384,713,0,0,1
7546,4.1328,0.6337,384,713,0,0,1
7547,4.2009,0.4816,384,713,0,0,1
7548,4.1665,0.4935,384,713,0,0,1
7549,4.1267,0.4506,383,713,0,0,1
7550,4.4796,0.4833,382,713,0,0,1
7551,3.8531,0.4538,382,713,0,0,1
7552,4.3829,0.6984,382,713,0,0,1
7553,3.9824,0.4822,382,713,0,0,1
7554,4.4755,0.4756,382,713,0,0,1
7555,3.8321,0.4822,381,713,0,0,1
7556,4.182,0.4704,381,713,0,0,1
7557,4.1486,0.6636,381,713,0,0,1
7558,4.259,0.7787,381,713,0,0,1
7559,4.094,0.5035,381,713,0,0,1
7560,4.1472,0.5036,381,713,0,0,1
7561,4.1756,0.5547,381,713,0,0,1
7562,4.1851,0.743,381,713,0,0,1
7563,4.1652,0.8007,381,713,0,0,1
7564,4.4118,0.7978,381,713,0,0,1
7565,4.0792,0.735,380,713,0,0,1
7566,3.9755,0.5081,380,713,0,0,1
7567,4.1955,0.5422,378,713,0,0,1
7568,4.52,0.7275,377,713,0,0,1
7569,3.7899,0.6504,377,713,0,0,1
7570,4.2158,0.5492,376,713,0,0,1
7571,4.1476,0.7745,376,713,0,0,1
7572,4.1625,0.5809,375,713,0,0,1
7573,4.5559,0.5696,374,713,0,0,1
7574,3.781,0.6692,372,713,0,0,1
7575,4.1415,0.5201,372,713,0,0,1
7576,4.2299,0.6874,370,713,0,0,1
7577,4.1114,0.7191,369,713,0,0,1
7578,4.1558,0.4466,368,713,0,0,1
7579,4.2192,0.5805,367,713,0,0,1
7580,4.1079,0.4385,367,713,0,0,1
7581,4.2718,0.7088,366,713,0,0,1
7582,4.0236,0.4328,364,713,0,0,1
7583,4.2138,0.3954,363,713,0,0,1
7584,4.1949,0.512,362,713,0,0,1
7585,4.126,0.4042,362,713,0,0,1
7586,4.1877,0.6683,361,713,0,0,1
7587,4.163,0.4611,361,713,0,0,1
7588,4.3747,0.4344,360,713,0,0,1
7589,3.9869,0.8036,360,713,0,0,1
7590,4.0888,0.501,360,713,0,0,1
7591,4.5219,0.6876,352,713,0,0,1
7592,4.0958,0.4672,352,713,0,0,1
7593,4.2242,0.4976,352,713,0,0,1
7594,4.0955,0.434,351,713,0,0,1
7595,3.989,0.3988,350,713,0,0,1
7596,4.3163,0.5914,350,713,0,0,1
7597,4.0677,0.4515,400,713,0,0,1
7598,4.4885,0.532,400,713,0,0,1
7599,4.1723,0.6041,399,713,0,0,1
7600,3.9997,0.4335,397,713,0,0,1
7601,4.1764,0.4401,397,713,0,0,1
7602,4.0289,0.4272,396,713,0,0,1
7603,4.2439,0.6633,396,713,0,0,1
7604,3.9179,0.4607,395,713,0,0,1
7605,4.445,0.6442,395,713,0,0,1
7606,4.1555,0.7349,395,713,0,0,1
7607,3.9246,0.6372,395,713,0,0,1
7608,4.2819,0.7045,394,713,0,0,1
7609,4.025,0.4994,394,713,0,0,1
7610,4.269,0.4674,393,713,0,0,1
7611,4.1238,0.7005,393,713,0,0,1
7612,4.46,0.7081,392,713,0,0,1
7613,3.8364,0.472,392,713,0,0,1
7614,4.2235,0.4786,391,713,0,0,1
7615,4.2635,0.6827,390,713,0,0,1
7616,4.3416,0.5023,390,713,0,0,1
7617,4.3015,0.6015,390,713,0,0,1
7618,3.7475,0.7104,389,713,0,0,1
7619,4.1532,0.5603,388,713,0,0,1
7620,4.4285,0.6805,388,713,0,0,1
7621,4.1044,0.4953,388,713,0,0,1
7622,4.3994,0.67,388,713,0,0,1
7623,3.7285,0.6907,388,713,0,0,1
7624,4.2484,0.6273,388,713,0,0,1
7625,4.1359,0.577,388,713,0,0,1
7626,4.1496,0.4757,387,713,0,0,1
7627,4.4338,0.7575,386,713,0,0,1
7628,3.859,0.4336,385,713,0,0,1
7629,4.531,0.6617,384,713,0,0,1
7630,4.1973,0.6316,383,713,0,0,1
7631,3.7236,0.4318,382,713,0,0,1
7632,4.4889,0.6499,381,713,0,0,1
7633,3.8688,0.4009,381,713,0,0,1
7634,4.3117,0.5875,381,713,0,0,1
7635,4.1111,0.411,381,713,0,0,1
7636,4.0422,0.3676,379,713,0,0,1
7637,4.1131,0.3962,379,713,0,0,1
7638,4.1866,0.3811,378,713,0,0,1
7639,4.3992,0.3657,378,713,0,0,1
7640,3.9495,0.3773,376,713,0,0,1
7641,4.2992,0.4698,375,713,0,0,1
7642,4.1477,0.4519,375,713,0,0,1
7643,4.0601,0.3417,375,713,0,0,1
7644,4.3187,0.4323,375,713,0,0,1
7645,4.0613,0.4098,375,713,0,0,1
7646,4.2438,0.5898,374,713,0,0,1
7647,4.1456,0.3699,373,713,0,0,1
7648,4.1892,0.4643,373,713,0,0,1
7649,4.1808,0.4623,373,713,0,0,1
7650,4.0485,0.3809,373,713,0,0,1
7651,4.2941,0.4179,373,713,0,0,1
7652,4.1369,0.3793,373,713,0,0,1
7653,4.2198,0.5795,373,713,0,0,1
7654,4.1325,0.5073,371,713,0,0,1
7655,4.0788,0.4053,371,713,0,0,1
7656,4.221,0.4634,371,713,0,0,1
7657,4.0889,0.4064,370,713,0,0,1
7658,4.2344,0.6217,367,713,0,0,1
7659,4.2509,0.7828,359,713,0,0,1
7660,4.0598,0.4687,358,713,0,0,1
7661,4.2257,0.7098,358,713,0,0,1
7662,4.0857,0.5135,356,713,0,0,1
7663,4.2516,0.5374,356,713,0,0,1
7664,4.4684,0.5511,406,713,0,0,1
7665,3.8787,0.6023,405,713,0,0,1
7666,4.1257,0.4832,404,713,0,0,1
7667,4.1426,0.4707,404,713,0,0,1
7668,4.1802,0.5614,404,713,0,0,1
7669,4.3506,0.4825,404,713,0,0,1
7670,4.0468,0.7376,404,713,0,0,1
7671,4.1824,0.7732,403,713,0,0,1
7672,4.1635,0.8072,403,713,0,0,1
7673,4.0878,0.6106,403,713,0,0,1
7674,4.157,0.4503,403,713,0,0,1
7675,4.5065,0.4535,401,713,0,0,1
7676,3.9001,0.4983,400,713,0,0,1
7677,4.1618,0.4533,399,713,0,0,1
7678,4.194,0.6544,399,713,0,0,1
7679,4.1194,0.5332,399,713,0,0,1
7680,4.1531,0.5023,399,713,0,0,1
7681,4.1424,0.4357,399,713,0,0,1
7682,4.1552,0.4395,399,713,0,0,1
7683,4.1989,0.6144,399,713,0,0,1
7684,4.2156,0.4374,399,713,0,0,1
7685,4.1682,0.5026,399,713,0,0,1
7686,4.0955,0.4316,399,713,0,0,1
7687,4.1663,0.4353,399,713,0,0,1
7688,4.5301,0.5342,399,713,0,0,1
7689,3.8172,0.4984,399,713,0,0,1
7690,4.3171,0.6484,399,713,0,0,1
7691,4.0354,0.4782,399,713,0,0,1
7692,4.1655,0.4232,399,713,0,0,1
7693,4.2261,0.4222,399,713,0,0,1
7694,4.1263,0.4911,398,713,0,0,1
7695,4.1767,0.5676,398,713,0,0,1
7696,4.0705,0.4378,398,713,0,0,1
7697,4.255,0.4289,398,713,0,0,1
7698,4.1032,0.4197,398,713,0,0,1
7699,4.2127,0.4755,397,713,0,0,1
7700,4.2267,0.516,396,713,0,0,1
7701,4.0995,0.5905,395,713,0,0,1
7702,4.2021,0.4408,394,713,0,0,1
7703,4.1293,0.7369,394,713,0,0,1
7704,4.1877,0.4917,392,713,0,0,1
7705,4.1096,0.4118,392,713,0,0,1
7706,4.2015,0.4526,391,713,0,0,1
7707,4.2921,0.7336,391,713,0,0,1
7708,4.1333,0.6809,391,713,0,0,1
7709,4.0611,0.7713,391,713,0,0,1
7710,4.1242,0.4191,390,713,0,0,1
7711,4.2026,0.4344,390,713,0,0,1
7712,4.3583,0.7268,390,713,0,0,1
7713,4.0146,0.4732,389,713,0,0,1
7714,4.1826,0.4668,386,713,0,0,1
7715,4.1042,0.4251,385,713,0,0,1
7716,4.3515,0.7115,384,713,0,0,1
7717,4.0362,0.4574,383,713,0,0,1
7718,4.132,0.4535,382,713,0,0,1
7719,4.1513,0.4125,381,713,0,0,1
7720,4.222,0.5265,380,713,0,0,1
7721,4.1775,0.4131,379,713,0,0,1
7722,4.105,0.4072,378,713,0,0,1
7723,4.2141,0.4754,378,713,0,0,1
7724,4.1199,0.4442,378,713,0,0,1
7725,4.1881,0.4688,371,713,0,0,1
7726,4.1945,1.1938,369,713,0,0,1
7727,4.1537,0.4278,368,713,0,0,1
7728,4.2072,0.8744,368,713,0,0,1
7729,4.3153,0.4909,368,713,0,0,1
7730,4.027,0.4869,368,713,0,0,1
7731,4.1464,0.5326,417,714,1,0,1
7732,4.2317,0.6768,417,714,0,0,1
7733,4.0252,0.5012,416,714,0,0,1
7734,4.235,0.6933,414,714,0,0,1
7735,4.1494,0.7609,413,714,0,0,1
7736,4.4435,0.512,413,714,0,0,1
7737,3.8758,0.6611,413,714,0,0,1
7738,4.485,0.4246,412,714,0,0,1
7739,3.8287,0.513,411,714,0,0,1
7740,4.1848,0.6221,410,714,0,0,1
7741,4.2291,0.4583,410,714,0,0,1
7742,4.17,0.7309,410,714,0,0,1
7743,4.1452,0.576,410,714,0,0,1
7744,4.2148,0.5977,410,714,0,0,1
7745,4.0524,0.5019,409,714,0,0,1
7746,4.1716,0.5224,406,714,0,0,1
7747,4.2923,0.6894,406,714,0,0,1
7748,4.0571,0.4651,406,714,0,0,1
7749,4.2014,0.6399,405,714,0,0,1
7750,4.0791,0.5002,405,714,0,0,1
7751,4.1872,0.4628,405,714,0,0,1
7752,4.1569,0.6022,405,714,0,0,1
7753,4.2463,0.6726,404,714,0,0,1
7754,4.1956,0.5257,404,714,0,0,1
7755,4.0971,0.6084,403,714,0,0,1
7756,4.2296,0.486,403,714,0,0,1
7757,4.1483,0.5873,403,714,0,0,1
7758,4.078,0.4944,403,714,0,0,1
7759,4.2508,0.4353,403,714,0,0,1
7760,4.2874,0.4315,403,714,0,0,1
7761,4.0537,0.5083,403,714,0,0,1
7762,4.188,0.5505,402,714,0,0,1
7763,4.1677,0.6833,401,714,0,0,1
7764,4.1445,0.5439,401,714,0,0,1
7765,4.2739,0.4309,401,714,0,0,1
7766,4.1,0.6773,399,714,0,0,1
7767,4.1491,0.719,398,714,0,0,1
7768,4.2168,0.628,398,714,0,0,1
7769,4.0682,0.468,398,714,0,0,1
7770,4.1232,0.4557,396,714,0,0,1
7771,4.1811,0.4645,396,714,0,0,1
7772,4.1923,0.4216,396,714,0,0,1
7773,4.2212,0.5631,394,714,0,0,1
7774,4.1052,0.5118,394,714,0,0,1
7775,4.154,0.4729,393,714,0,0,1
7776,4.1813,0.4855,392,714,0,0,1
7777,4.1228,0.4541,390,714,0,0,1
7778,4.2221,0.7475,390,714,0,0,1
7779,4.1939,0.5645,389,714,0,0,1
7780,4.1567,0.748,389,714,0,0,1
7781,4.1601,0.5286,389,714,0,0,1
7782,4.1333,0.4776,388,714,0,0,1
7783,4.2215,0.4993,386,714,0,0,1
7784,4.4366,0.5794,386,714,0,0,1
7785,3.949,0.6622,386,714,0,0,1
7786,4.1146,0.5474,386,714,0,0,1
7787,4.1832,0.5433,386,714,0,0,1
7788,4.1586,0.543,384,714,0,0,1
7789,4.457,0.4725,383,714,0,0,1
7790,3.8786,0.7338,382,714,0,0,1
7791,4.154,0.7864,382,714,0,0,1
7792,4.1714,0.5293,382,714,0,0,1
7793,4.1595,0.6993,375,714,0,0,1
7794,4.114,0.4526,375,714,0,0,1
7795,4.2211,0.5713,374,714,0,0,1
7796,4.1819,0.4769,374,714,0,0,1
7797,4.1469,0.5096,374,714,0,0,1
7798,4.1704,0.5603,422,719,5,0,1
7799,4.1442,0.7637,422,719,0,0,1
7800,4.1561,0.5326,422,719,0,0,1
7801,4.1537,0.5081,422,719,0,0,1
7802,4.1783,0.5246,422,719,0,0,1
7803,4.2832,0.7281,421,719,0,0,1
7804,4.3709,0.6543,420,719,0,0,1
7805,3.8953,0.6464,420,719,0,0,1
7806,4.0816,0.4413,419,719,0,0,1
7807,4.2251,0.5147,419,719,0,0,1
7808,4.7106,0.5542,418,719,0,0,1
7809,3.6241,0.7342,417,719,0,0,1
7810,4.2246,0.7135,417,719,0,0,1
7811,4.0688,0.4753,416,719,0,0,1
7812,4.2284,0.5935,415,719,0,0,1
7813,4.1916,0.5432,415,719,0,0,1
7814,4.1362,0.5406,414,719,0,0,1
7815,4.1855,0.5534,412,719,0,0,1
7816,4.1875,0.4564,412,719,0,0,1
7817,4.0898,0.5041,412,719,0,0,1
7818,4.149,0.4552,410,719,0,0,1
7819,4.2128,0.603,410,719,0,0,1
7820,4.1402,0.4408,408,719,0,0,1
7821,4.2619,0.6355,406,719,0,0,1
7822,4.0868,0.5304,406,719,0,0,1
7823,4.164,0.494,406,719,0,0,1
7824,4.1817,0.5374,406,719,0,0,1
7825,4.1261,0.428,406,719,0,0,1
7826,4.1835,0.4657,406,719,0,0,1
7827,4.2064,0.5847,405,719,0,0,1
7828,4.1527,0.7249,404,719,0,0,1
7829,4.1558,0.4114,403,719,0,0,1
7830,4.0997,0.4308,403,719,0,0,1
7831,4.1736,0.4712,403,719,0,0,1
7832,4.2483,0.6216,403,719,0,0,1
7833,4.1541,0.6404,403,719,0,0,1
7834,4.0818,0.5811,400,719,0,0,1
7835,4.2434,0.4959,399,719,0,0,1
7836,4.1532,0.527,397,719,0,0,1
7837,4.1787,0.5128,396,719,0,0,1
7838,4.1943,0.6008,396,719,0,0,1
7839,4.1528,0.5785,395,719,0,0,1
7840,4.135,0.8088,394,719,0,0,1
7841,4.157,0.5052,393,719,0,0,1
7842,4.1963,0.4624,393,719,0,0,1
7843,4.4304,0.4389,392,719,0,0,1
7844,3.8561,0.4307,391,719,0,0,1
7845,4.1776,0.6761,390,719,0,0,1
7846,4.2003,0.4539,389,719,0,0,1
7847,4.3106,0.4406,387,719,0,0,1
7848,4.16,0.6576,387,719,0,0,1
7849,4.0102,0.502,387,719,0,0,1
7850,4.2264,0.6778,386,719,0,0,1
7851,4.4521,0.5095,385,719,0,0,1
7852,3.7885,0.5697,385,719,0,0,1
7853,4.1743,0.7051,385,719,0,0,1
7854,4.2049,0.5412,383,719,0,0,1
7855,4.1681,0.5804,382,719,0,0,1
7856,4.1344,0.502,381,719,0,0,1
7857,4.2827,0.5591,381,719,0,0,1
7858,4.0673,0.6426,380,719,0,0,1
7859,4.1397,0.7204,380,719,0,0,1
7860,4.2855,0.6949,373,719,0,0,1
7861,4.8347,0.5296,373,719,0,0,1
7862,3.3835,0.504,372,719,0,0,1
7863,4.2021,0.5044,372,719,0,0,1
7864,4.1576,0.5806,372,719,0,0,1
7865,4.1542,0.4898,372,719,0,0,1
7866,4.2403,0.7925,421,719,0,0,1
7867,4.104,0.5582,421,719,0,0,1
7868,4.148,0.4428,418,719,0,0,1
7869,4.2665,0.5087,417,719,0,0,1
7870,4.0951,0.4497,417,719,0,0,1
7871,4.4189,0.4629,416,719,0,0,1
7872,3.9274,0.4668,413,719,0,0,1
7873,4.1329,0.4254,413,719,0,0,1
7874,4.5066,0.5803,412,719,0,0,1
7875,3.9142,0.4872,412,719,0,0,1
7876,4.0795,0.4337,411,719,0,0,1
7877,4.196,0.7101,411,719,0,0,1
7878,4.162,0.4945,410,719,0,0,1
7879,4.1461,0.7257,410,719,0,0,1
7880,4.1991,0.4982,409,719,0,0,1
7881,4.1778,0.5706,408,719,0,0,1
7882,4.0537,0.4647,407,719,0,0,1
7883,4.2654,0.4637,407,719,0,0,1
7884,4.1342,0.576,407,719,0,0,1
7885,4.1955,0.7155,407,719,0,0,1
7886,4.3597,0.6669,407,719,0,0,1
7887,4.0364,0.504,406,719,0,0,1
7888,4.0791,0.4974,406,719,0,0,1
7889,4.1873,0.4653,405,719,0,0,1
7890,4.1329,0.511,404,719,0,0,1
7891,4.2486,0.7141,404,719,0,0,1
7892,4.0815,0.4073,404,719,0,0,1
7893,4.2536,0.4845,404,719,0,0,1
7894,4.1355,0.8592,403,719,0,0,1
7895,4.573,1.1234,402,719,0,0,1
7896,3.7152,0.393,402,719,0,0,1
7897,4.2427,0.5714,402,719,0,0,1
7898,4.1189,0.3734,400,719,0,0,1
7899,4.2211,0.4164,399,719,0,0,1
7900,4.1772,0.4428,398,719,0,0,1
7901,4.1161,0.4067,398,719,0,0,1
7902,4.1427,0.6305,397,719,0,0,1
7903,4.2143,1.0244,396,719,0,0,1
7904,4.1906,0.7026,396,719,0,0,1
7905,4.1539,0.5097,396,719,0,0,1
7906,4.1563,0.512,395,719,0,0,1
7907,4.5341,0.5832,395,719,0,0,1
7908,3.7792,0.4588,395,719,0,0,1
7909,4.1432,0.687,394,719,0,0,1
7910,4.2859,0.6283,393,719,0,0,1
7911,4.1013,0.4938,392,719,0,0,1
7912,4.2411,0.4886,391,719,0,0,1
7913,4.0612,0.4831,388,719,0,0,1
7914,4.1472,0.4219,388,719,0,0,1
7915,4.1879,0.4462,388,719,0,0,1
7916,4.2435,0.5632,387,719,0,0,1
7917,4.1069,0.4311,387,719,0,0,1
7918,4.1529,0.4746,387,719,0,0,1
7919,4.2051,0.5008,387,719,0,0,1
7920,4.1198,0.4782,387,719,0,0,1
7921,4.1506,0.4171,387,719,0,0,1
7922,4.1787,0.5374,386,719,0,0,1
7923,4.1506,0.7202,386,719,0,0,1
7924,4.2407,0.5906,385,719,0,0,1
7925,4.1919,0.4715,384,719,0,0,1
7926,4.0691,0.4236,384,719,0,0,1
7927,4.1852,0.4399,376,719,0,0,1
7928,4.155,0.4565,375,719,0,0,1
7929,4.2489,0.796,375,719,0,0,1
7930,4.132,0.8864,374,719,0,0,1
7931,4.1745,0.4727,374,719,0,0,1
7932,4.2432,0.5456,374,719,0,0,1
7933,4.1277,0.4936,424,719,0,0,1
7934,4.1193,0.6136,423,719,0,0,1
7935,4.1069,0.6328,422,719,0,0,1
7936,4.2989,0.7016,421,719,0,0,1
7937,4.0819,0.5742,421,719,0,0,1
7938,4.1418,0.5222,420,719,0,0,1
7939,4.1551,0.4639,420,719,0,0,1
7940,4.26,0.5843,420,719,0,0,1
7941,4.1271,0.6696,418,719,0,0,1
7942,4.2059,0.6957,417,719,0,0,1
7943,4.0735,0.4362,416,719,0,0,1
7944,4.1651,0.6014,416,719,0,0,1
7945,4.1429,0.4201,415,719,0,0,1
7946,4.2522,0.4831,415,719,0,0,1
7947,4.0964,0.7607,415,719,0,0,1
7948,4.2337,0.5092,415,719,0,0,1
7949,4.1318,0.6107,415,719,0,0,1
7950,4.1238,0.4976,414,719,0,0,1
7951,4.2258,0.5228,413,719,0,0,1
7952,4.3069,0.5547,413,719,0,0,1
7953,4.0299,0.6522,413,719,0,0,1
7954,4.0967,0.729,410,719,0,0,1
7955,4.2695,0.8516,409,719,0,0,1
7956,4.1232,0.4864,409,719,0,0,1
7957,4.1546,0.4528,409,719,0,0,1
7958,4.1555,0.4281,409,719,0,0,1
7959,4.2269,0.4488,409,719,0,0,1
7960,4.2222,0.7266,408,719,0,0,1
7961,4.0999,0.4312,408,719,0,0,1
7962,4.1226,0.4417,407,719,0,0,1
7963,4.1366,0.667,406,719,0,0,1
7964,4.2625,0.5562,406,719,0,0,1
7965,4.1155,0.605,406,719,0,0,1
7966,4.1932,0.5103,405,719,0,0,1
7967,4.2149,0.6676,404,719,0,0,1
7968,4.1777,0.7818,402,719,0,0,1
7969,4.0725,0.5122,400,719,0,0,1
7970,4.4223,0.5324,399,719,0,0,1
7971,3.9973,0.6658,399,719,0,0,1
7972,4.3401,0.4663,399,719,0,0,1
7973,3.9189,0.4458,399,719,0,0,1
7974,4.1219,0.4682,398,719,0,0,1
7975,4.2293,0.4902,396,719,0,0,1
7976,4.0971,0.4512,394,719,0,0,1
7977,4.2533,0.4843,391,719,0,0,1
7978,4.2082,0.4253,391,719,0,0,1
7979,4.0799,0.6574,390,719,0,0,1
7980,4.4265,0.6054,389,719,0,0,1
7981,3.9655,0.4397,389,719,0,0,1
7982,4.3533,0.6071,389,719,0,0,1
7983,3.9222,0.5307,388,719,0,0,1
7984,4.1625,0.5154,387,719,0,0,1
7985,4.2501,0.4393,386,719,0,0,1
7986,4.081,0.4634,386,719,0,0,1
7987,4.3452,0.7259,386,719,0,0,1
7988,3.9817,0.4557,385,719,0,0,1
7989,4.4573,0.7005,385,719,0,0,1
7990,3.9315,0.4766,384,719,0,0,1
7991,4.1183,0.4856,383,719,0,0,1
7992,4.5173,0.634,382,719,0,0,1
7993,3.8171,0.4462,381,719,0,0,1
7994,4.1427,0.492,373,719,0,0,1
7995,4.1949,0.4487,371,719,0,0,1
7996,4.2262,0.5501,371,719,0,0,1
7997,4.1275,0.5238,370,719,0,0,1
7998,4.1271,0.4909,369,719,0,0,1
7999,4.2977,0.7545,368,719,0,0,1
8000,4.1963,0.5477,417,719,0,0,1
8001,4.4821,0.673,417,719,0,0,1
8002,4.1273,0.5483,417,719,0,0,1
8003,3.8405,0.6739,416,719,0,0,1
8004,4.4088,0.5551,416,719,0,0,1
8005,3.8579,0.4589,416,719,0,0,1
8006,4.6015,0.6891,414,719,0,0,1
8007,3.8098,0.6745,414,719,0,0,1
8008,4.1472,0.5429,414,719,0,0,1
8009,4.1079,0.6697,414,719,0,0,1
8010,4.2009,0.4661,414,719,0,0,1
8011,4.4716,0.6078,414,719,0,0,1
8012,3.8544,0.5145,413,719,0,0,1
8013,4.6611,0.7535,413,719,0,0,1
8014,3.6664,0.5229,413,719,0,0,1
8015,4.1801,0.7144,412,719,0,0,1
8016,4.4044,0.6335,411,719,0,0,1
8017,3.8863,0.4682,409,719,0,0,1
8018,4.6272,0.6526,409,719,0,0,1
8019,3.7321,0.4832,408,719,0,0,1
8020,4.2071,0.6027,408,719,0,0,1
8021,4.5268,0.7923,407,719,0,0,1
8022,3.7101,0.5984,407,719,0,0,1
8023,4.4595,0.6529,407,719,0,0,1
8024,3.9446,0.4465,406,719,0,0,1
8025,4.4715,0.6329,406,719,0,0,1
8026,4.2091,0.4641,406,719,0,0,1
8027,3.8547,0.5611,406,719,0,0,1
8028,4.4585,0.4243,406,719,0,0,1
8029,3.8168,0.4216,406,719,0,0,1
8030,4.2999,0.6708,405,719,0,0,1
8031,4.1613,0.7459,405,719,0,0,1
8032,4.4568,0.7529,405,719,0,0,1
8033,3.8261,0.6337,404,719,0,0,1
8034,4.1179,0.6083,403,719,0,0,1
8035,4.3713,0.4897,402,719,0,0,1
8036,3.974,0.517,402,719,0,0,1
8037,4.6022,0.6004,402,719,0,0,1
8038,3.7425,0.494,402,719,0,0,1
8039,4.5602,0.7751,401,719,0,0,1
8040,4.1093,0.8046,400,719,0,0,1
8041,3.7974,0.5521,397,719,0,0,1
8042,4.4413,0.7899,397,719,0,0,1
8043,3.8791,0.516,395,719,0,0,1
8044,4.2579,0.421,394,719,0,0,1
8045,4.0319,0.4265,394,719,0,0,1
8046,4.1611,0.4267,393,719,0,0,1
8047,4.1348,0.5817,391,719,0,0,1
8048,4.2326,0.4179,390,719,0,0,1
8049,4.1285,0.4208,389,719,0,0,1
8050,4.2185,0.5013,388,719,0,0,1
8051,4.4101,0.7072,388,719,0,0,1
8052,3.9616,0.5034,388,719,0,0,1
8053,4.1063,0.447,387,719,0,0,1
8054,4.192,0.5353,387,719,0,0,1
8055,4.2551,0.6556,387,719,0,0,1
8056,4.0993,0.8856,386,719,0,0,1
8057,4.1495,0.6103,385,719,0,0,1
8058,4.1114,0.5289,385,719,0,0,1
8059,4.199,0.5818,383,719,0,0,1
8060,4.3159,0.5373,383,719,0,0,1
8061,4.0663,0.751,376,719,0,0,1
8062,4.1798,0.5754,374,719,0,0,1
8063,4.1554,0.6411,373,719,0,0,1
8064,4.1334,0.5371,373,719,0,0,1
8065,4.1607,0.5304,373,719,0,0,1
8066,4.2252,0.7487,372,719,0,0,1
8067,4.1554,0.5514,422,719,0,0,1
8068,4.2158,0.6652,422,719,0,0,1
8069,4.1191,0.5164,422,719,0,0,1
8070,4.1089,0.5309,421,719,0,0,1
8071,4.1855,0.5888,420,719,0,0,1
8072,4.1341,0.4912,419,719,0,0,1
8073,4.2418,0.6789,418,719,0,0,1
8074,4.1283,0.44,417,719,0,0,1
8075,4.4033,0.5756,416,719,0,0,1
8076,3.9299,0.4917,416,719,0,0,1
8077,4.2292,0.4523,416,719,0,0,1
8078,4.1563,0.6193,415,719,0,0,1
8079,4.148,0.5151,415,719,0,0,1
8080,4.1776,0.7308,415,719,0,0,1
8081,4.2439,0.6721,414,719,0,0,1
8082,4.0395,0.5179,414,719,0,0,1
8083,4.1693,0.5157,413,719,0,0,1
8084,4.2224,0.5252,413,719,0,0,1
8085,4.1688,0.4891,411,719,0,0,1
8086,4.1428,0.461,411,719,0,0,1
8087,4.2502,0.6687,411,719,0,0,1
8088,4.074,0.5732,411,719,0,0,1
8089,4.1314,0.4604,411,719,0,0,1
8090,4.1902,0.4821,411,719,0,0,1
8091,4.1987,0.451,410,719,0,0,1
8092,4.2687,0.4431,408,719,0,0,1
8093,4.073,0.7116,407,719,0,0,1
8094,4.1,0.4289,406,719,0,0,1
8095,4.1394,0.4251,406,719,0,0,1
8096,4.2494,0.5945,406,719,0,0,1
8097,4.1849,0.4674,404,719,0,0,1
8098,4.1376,0.7171,404,719,0,0,1
8099,4.2153,0.7462,404,719,0,0,1
8100,4.187,0.4749,403,719,0,0,1
8101,4.0478,0.5097,403,719,0,0,1
8102,4.1686,0.5514,402,719,0,0,1
8103,4.1831,0.5443,402,719,0,0,1
8104,4.1528,0.7632,402,719,0,0,1
8105,4.21,0.7093,402,719,0,0,1
8106,4.1808,0.6859,402,719,0,0,1
8107,4.129,0.5137,402,719,0,0,1
8108,4.155,0.4512,401,719,0,0,1
8109,4.1998,0.4933,401,719,0,0,1
8110,4.2723,0.4383,400,719,0,0,1
8111,4.0169,0.4456,400,719,0,0,1
8112,4.2845,0.6837,399,719,0,0,1
8113,4.0694,0.4376,397,719,0,0,1
8114,4.4271,0.5976,396,719,0,0,1
8115,3.9679,0.4788,396,719,0,0,1
8116,4.1628,0.4849,396,719,0,0,1
8117,4.3433,0.584,396,719,0,0,1
8118,3.9715,0.6539,396,719,0,0,1
8119,4.3081,0.6524,395,719,0,0,1
8120,3.988,0.4229,394,719,0,0,1
8121,4.2099,0.4768,393,719,0,0,1
8122,4.0872,0.5357,393,719,0,0,1
8123,4.1941,0.5294,393,719,0,0,1
8124,4.2227,0.6959,392,719,0,0,1
8125,4.1313,0.4431,391,719,0,0,1
8126,4.2331,0.4948,390,719,0,0,1
8127,4.1085,0.4735,390,719,0,0,1
8128,4.4295,0.4345,390,719,0,0,1
8129,3.9622,0.602,383,719,0,0,1
8130,4.1468,0.4322,383,719,0,0,1
8131,4.0672,0.6027,382,719,0,0,1
8132,4.28,0.5167,382,719,0,0,1
8133,4.1499,0.4969,380,719,0,0,1
8134,4.0809,0.4675,429,723,4,0,1
8135,4.2619,0.7351,425,723,0,0,1
8136,4.1502,0.7545,425,723,0,0,1
8137,4.0983,0.4648,425,723,0,0,1
8138,4.2069,0.5948,424,723,0,0,1
8139,4.1883,0.5413,423,723,0,0,1
8140,4.1857,0.5205,423,723,0,0,1
8141,4.4052,0.6721,421,723,0,0,1
8142,3.8548,0.668,419,723,0,0,1
8143,4.2362,0.7254,419,723,0,0,1
8144,4.1625,0.7039,419,723,0,0,1
8145,4.2198,0.4821,419,723,0,0,1
8146,4.1095,0.4831,419,723,0,0,1
8147,4.1083,0.5385,419,723,0,0,1
8148,4.1924,0.5771,419,723,0,0,1
8149,4.1616,0.5557,418,723,0,0,1
8150,4.2154,0.6312,417,723,0,0,1
8151,4.158,0.5777,417,723,0,0,1
8152,4.178,0.5039,417,723,0,0,1
8153,4.1553,0.4947,417,723,0,0,1
8154,4.0827,0.4548,416,723,0,0,1
8155,4.2105,0.5748,416,723,0,0,1
8156,4.2127,0.5766,415,723,0,0,1
8157,4.1919,0.503,415,723,0,0,1
8158,4.1353,0.5055,414,723,0,0,1
8159,4.1821,0.5486,414,723,0,0,1
8160,4.4232,0.4178,414,723,0,0,1
8161,3.8421,0.4287,413,723,0,0,1
8162,4.2605,0.6509,413,723,0,0,1
8163,4.1317,0.5391,412,723,0,0,1
8164,4.1639,0.7586,412,723,0,0,1
8165,4.1694,0.5696,411,723,0,0,1
8166,4.0804,0.5151,411,723,0,0,1
8167,4.2418,0.5253,409,723,0,0,1
8168,4.1304,0.4774,409,723,0,0,1
8169,4.212,0.5751,409,723,0,0,1
8170,4.3921,0.5218,408,723,0,0,1
8171,3.9727,0.5613,408,723,0,0,1
8172,4.0483,0.4834,407,723,0,0,1
8173,4.21,0.472,406,723,0,0,1
8174,4.1703,0.6358,404,723,0,0,1
8175,4.274,0.714,403,723,0,0,1
8176,4.1181,0.4907,402,723,0,0,1
8177,4.1071,0.4746,401,723,0,0,1
8178,4.1331,0.4265,401,723,0,0,1
8179,4.2446,0.4575,401,723,0,0,1
8180,4.2073,0.4191,401,723,0,0,1
8181,4.1597,0.653,401,723,0,0,1
8182,4.1127,0.5069,398,723,0,0,1
8183,4.1896,0.6549,397,723,0,0,1
8184,4.1319,0.481,396,723,0,0,1
8185,4.2114,0.4189,395,723,0,0,1
8186,4.0962,0.6539,394,723,0,0,1
8187,4.2576,0.6947,393,723,0,0,1
8188,4.2013,0.4703,393,723,0,0,1
8189,4.0818,0.5025,393,723,0,0,1
8190,4.1365,0.4291,392,723,0,0,1
8191,4.2263,0.5829,392,723,0,0,1
8192,4.16,0.4306,391,723,0,0,1
8193,4.2847,0.7782,391,723,0,0,1
8194,4.7742,0.4713,389,723,0,0,1
8195,3.4539,0.7074,388,723,0,0,1
8196,4.1151,0.4597,388,723,0,0,1
8197,4.1667,0.4546,380,723,0,0,1
8198,4.1981,0.4873,379,723,0,0,1
8199,4.1798,0.4256,378,723,0,0,1
8200,4.3732,0.6208,377,723,0,0,1
8201,3.9055,0.4295,376,723,0,0,1
8202,4.1364,0.4519,426,723,0,0,1
8203,4.2048,0.5021,425,723,0,0,1
8204,4.2269,0.5109,425,723,0,0,1
8205,4.115,0.6541,425,723,0,0,1
8206,4.1053,0.7796,424,723,0,0,1
8207,4.205,0.7532,423,723,0,0,1
8208,4.188,0.5974,423,723,0,0,1
8209,4.2027,0.4549,421,723,0,0,1
8210,4.466,0.5318,421,723,0,0,1
8211,4.0889,0.4777,421,723,0,0,1
8212,3.9402,0.4451,421,723,0,0,1
8213,4.1287,0.4918,419,723,0,0,1
8214,4.1272,0.4388,417,723,0,0,1
8215,4.2125,0.4724,416,723,0,0,1
8216,4.1667,0.4576,416,723,0,0,1
8217,4.201,0.4944,415,723,0,0,1
8218,4.1722,0.5214,415,723,0,0,1
8219,4.1657,0.7906,414,723,0,0,1
8220,4.1525,0.6125,413,723,0,0,1
8221,4.1237,0.4644,413,723,0,0,1
8222,4.1925,0.5267,413,723,0,0,1
8223,4.2025,0.4702,413,723,0,0,1
8224,4.1603,0.4665,413,723,0,0,1
8225,4.2311,0.6887,412,723,0,0,1
8226,4.053,0.4632,411,723,0,0,1
8227,4.2573,0.5371,410,723,0,0,1
8228,4.0867,0.4371,409,723,0,0,1
8229,4.182,0.6009,409,723,0,0,1
8230,4.1817,0.4402,408,723,0,0,1
8231,4.1321,0.4913,408,723,0,0,1
8232,4.1888,0.556,407,723,0,0,1
8233,4.115,0.4307,407,723,0,0,1
8234,4.2044,0.5013,407,723,0,0,1
8235,4.216,0.5416,406,723,0,0,1
8236,4.2244,0.7687,404,723,0,0,1
8237,4.0994,0.7364,403,723,0,0,1
8238,4.0904,0.5257,403,723,0,0,1
8239,4.2518,0.6164,402,723,0,0,1
8240,4.1348,0.6273,401,723,0,0,1
8241,4.1977,0.6206,401,723,0,0,1
8242,4.1588,0.503,400,723,0,0,1
8243,4.1686,0.6567,400,723,0,0,1
8244,4.2237,0.6382,399,723,0,0,1
8245,4.091,0.4686,399,723,0,0,1
8246,4.1284,0.4336,399,723,0,0,1
8247,4.2107,0.4926,398,723,0,0,1
8248,4.1522,0.4925,397,723,0,0,1
8249,4.1595,0.5094,396,723,0,0,1
8250,4.1485,0.4634,393,723,0,0,1
8251,4.2051,0.4801,393,723,0,0,1
8252,4.1599,0.429,391,723,0,0,1
8253,4.2033,0.5321,391,723,0,0,1
8254,4.2106,0.4645,391,723,0,0,1
8255,4.1212,0.6527,390,723,0,0,1
8256,4.1303,0.5791,390,723,0,0,1
8257,4.1446,0.4517,389,723,0,0,1
8258,4.1819,0.5184,388,723,0,0,1
8259,4.2025,0.4819,387,723,0,0,1
8260,4.3973,0.6743,386,723,0,0,1
8261,3.8929,0.5399,385,723,0,0,1
8262,4.1569,0.6613,383,723,0,0,1
8263,4.1748,0.6756,376,723,0,0,1
8264,4.2342,0.4103,375,723,0,0,1
8265,4.1589,0.4729,375,723,0,0,1
8266,4.1265,0.4766,375,723,0,0,1
8267,4.2596,0.6188,374,723,0,0,1
8268,4.0741,0.7205,373,723,0,0,1
8269,4.1387,0.4809,423,723,0,0,1
8270,4.246,0.5196,423,723,0,0,1
8271,4.1619,0.7198,422,723,0,0,1
8272,4.0779,0.4424,421,723,0,0,1
8273,4.2259,0.5167,419,723,0,0,1
8274,4.1077,0.5134,419,723,0,0,1
8275,4.2558,0.6733,419,723,0,0,1
8276,4.0778,0.5469,418,723,0,0,1
8277,4.2179,0.747,418,723,0,0,1
8278,4.2004,0.5901,416,723,0,0,1
8279,4.1226,0.6914,416,723,0,0,1
8280,4.1989,0.5425,416,723,0,0,1
8281,4.1186,0.4622,416,723,0,0,1
8282,4.3004,0.6781,415,723,0,0,1
8283,4.0403,0.4544,415,723,0,0,1
8284,4.2252,0.5521,415,723,0,0,1
8285,4.164,0.699,415,723,0,0,1
8286,4.0702,0.4602,413,723,0,0,1
8287,4.2399,0.6446,411,723,0,0,1
8288,4.1735,0.573,409,723,0,0,1
8289,4.0821,0.4573,409,723,0,0,1
8290,4.2661,0.5105,408,723,0,0,1
8291,4.4059,0.6837,408,723,0,0,1
8292,3.8636,0.4575,408,723,0,0,1
8293,4.1603,0.4526,405,723,0,0,1
8294,4.552,0.5983,404,723,0,0,1
8295,3.8516,0.5679,404,723,0,0,1
8296,4.1567,0.5664,404,723,0,0,1
8297,4.083,0.4825,402,723,0,0,1
8298,4.2097,0.5063,402,723,0,0,1
8299,4.2063,0.5421,402,723,0,0,1
8300,4.2238,0.4544,401,723,0,0,1
8301,4.0761,0.4975,399,723,0,0,1
8302,4.2391,0.4529,396,723,0,0,1
8303,4.1424,0.6279,396,723,0,0,1
8304,4.0604,0.4892,396,723,0,0,1
8305,4.226,0.4384,396,723,0,0,1
8306,4.2056,0.6341,394,723,0,0,1
8307,4.175,0.4692,393,723,0,0,1
8308,4.1685,0.5056,393,723,0,0,1
8309,4.13,0.5526,392,723,0,0,1
8310,4.1398,0.4617,392,723,0,0,1
8311,4.1911,0.4501,392,723,0,0,1
8312,4.1597,0.4872,392,723,0,0,1
8313,4.2139,0.4291,390,723,0,0,1
8314,4.1238,0.4766,389,723,0,0,1
8315,4.2356,1.0133,388,723,0,0,1
8316,4.1054,0.8199,388,723,0,0,1
8317,4.1497,0.4366,386,723,0,0,1
8318,4.15,0.6988,386,723,0,0,1
8319,4.2382,0.6745,385,723,0,0,1
8320,4.1682,0.4863,385,723,0,0,1
8321,4.1482,0.475,384,723,0,0,1
8322,4.0891,0.4082,384,723,0,0,1
8323,4.2142,0.4485,383,723,0,0,1
8324,4.2249,0.5015,382,723,0,0,1
8325,4.1817,0.696,382,723,0,0,1
8326,4.2313,0.6805,382,723,0,0,1
8327,4.3032,0.496,381,723,0,0,1
8328,3.8783,0.4142,380,723,0,0,1
8329,4.1858,0.4184,380,723,0,0,1
8330,4.4204,0.4125,370,723,0,0,1
8331,3.9642,0.4254,370,723,0,0,1
8332,4.1072,0.4123,369,723,0,0,1
8333,4.2199,0.7736,369,723,0,0,1
8334,4.1063,0.4089,369,723,0,0,1
8335,4.2256,0.461,368,723,0,0,1
8336,4.1638,0.4688,418,723,0,0,1
8337,4.0981,0.4351,418,723,0,0,1
8338,4.2507,0.6841,416,723,0,0,1
8339,4.1381,0.5232,415,723,0,0,1
8340,4.1737,0.5592,414,723,0,0,1
8341,4.1034,0.5239,414,723,0,0,1
8342,4.2112,0.581,413,723,0,0,1
8343,4.2107,0.5364,412,723,0,0,1
8344,4.1281,0.6673,411,723,0,0,1
8345,4.1731,0.8701,411,723,0,0,1
8346,4.1037,0.4891,410,723,0,0,1
8347,4.5763,0.4769,410,723,0,0,1
8348,3.8067,0.5115,410,723,0,0,1
8349,4.2029,0.5391,409,723,0,0,1
8350,4.1244,0.4271,408,723,0,0,1
8351,4.2034,0.7208,407,723,0,0,1
8352,4.1653,0.7282,406,723,0,0,1
8353,4.0854,0.4126,404,723,0,0,1
8354,4.1605,0.4269,403,723,0,0,1
8355,4.2564,0.5004,403,723,0,0,1
8356,4.1725,0.8571,403,723,0,0,1
8357,4.4393,0.6978,403,723,0,0,1
8358,3.8444,0.5463,402,723,0,0,1
8359,4.1717,0.8995,402,723,0,0,1
8360,4.1742,0.4849,401,723,0,0,1
8361,4.2495,0.6692,401,723,0,0,1
8362,4.1078,0.501,401,723,0,0,1
8363,4.1606,0.6788,401,723,0,0,1
8364,4.1453,0.4886,400,723,0,0,1
8365,4.1577,0.4581,398,723,0,0,1
8366,4.2125,0.5017,397,723,0,0,1
8367,4.1749,0.478,396,723,0,0,1
8368,4.067,0.4769,396,723,0,0,1
8369,4.2468,0.7052,395,723,0,0,1
8370,4.121,0.4339,395,723,0,0,1
8371,4.2209,0.4931,395,723,0,0,1
8372,4.1217,0.4434,394,723,0,0,1
8373,4.164,0.4422,394,723,0,0,1
8374,4.1852,0.4419,394,723,0,0,1
8375,4.2011,0.687,393,723,0,0,1
8376,4.4569,0.6022,393,723,0,0,1
8377,3.8066,0.4501,392,723,0,0,1
8378,4.2221,0.5301,391,723,0,0,1
8379,4.259,0.4937,389,723,0,0,1
8380,4.0997,0.7118,388,723,0,0,1
8381,4.1492,0.7243,386,723,0,0,1
8382,4.1235,0.4681,385,723,0,0,1
8383,4.1843,0.4943,384,723,0,0,1
8384,4.1383,0.6027,383,723,0,0,1
8385,4.2877,0.644,383,723,0,0,1
8386,4.0823,0.4639,382,723,0,0,1
8387,4.1415,0.6288,381,723,0,0,1
8388,4.2109,0.6906,381,723,0,0,1
8389,4.1431,0.4856,380,723,0,0,1
8390,4.1703,0.4806,379,723,0,0,1
8391,4.2092,0.5108,379,723,0,0,1
8392,4.1566,0.5162,379,723,0,0,1
8393,4.1444,0.7042,379,723,0,0,1
8394,4.102,0.4132,378,723,0,0,1
8395,4.2254,0.4366,376,723,0,0,1
8396,4.1674,0.4412,375,723,0,0,1
8397,4.2015,0.4687,367,723,0,0,1
8398,4.1741,0.4591,367,723,0,0,1
8399,4.3936,0.6631,367,723,0,0,1
8400,3.8826,0.5117,367,723,0,0,1
8401,4.1351,0.4115,366,723,0,0,1
8402,4.3351,0.7081,364,723,0,0,1
8403,4.0532,0.5126,414,723,0,0,1
8404,4.4201,0.7104,414,723,0,0,1
8405,3.963,0.5409,414,723,0,0,1
8406,4.0526,0.7799,414,723,0,0,1
8407,4.224,0.5991,414,723,0,0,1
8408,4.1486,0.5288,413,723,0,0,1
8409,4.2083,0.648,413,723,0,0,1
8410,4.2442,0.9593,411,723,0,0,1
8411,4.121,0.5015,411,723,0,0,1
8412,4.3418,0.4674,410,723,0,0,1
8413,3.8977,0.7196,409,723,0,0,1
8414,4.3271,0.4802,409,723,0,0,1
8415,4.0875,0.5086,408,723,0,0,1
8416,4.1744,0.5209,407,723,0,0,1
8417,4.108,0.4746,406,723,0,0,1
8418,4.1501,0.5419,406,723,0,0,1
8419,4.1881,0.5405,405,723,0,0,1
8420,4.217,0.4482,405,723,0,0,1
8421,4.0782,0.6767,404,723,0,0,1
8422,4.2152,0.4801,402,723,0,0,1
8423,4.1419,0.4241,400,723,0,0,1
8424,4.222,0.5506,400,723,0,0,1
8425,4.1118,0.4621,398,723,0,0,1
8426,4.2161,0.7087,398,723,0,0,1
8427,4.1718,0.529,398,723,0,0,1
8428,4.1683,0.5634,398,723,0,0,1
8429,4.1937,0.5958,397,723,0,0,1
8430,4.048,0.4753,397,723,0,0,1
8431,4.2181,0.5464,397,723,0,0,1
8432,4.1539,0.5187,396,723,0,0,1
8433,4.3821,0.7694,396,723,0,0,1
8434,3.9284,0.831,396,723,0,0,1
8435,4.5075,0.693,395,723,0,0,1
8436,3.9045,0.5959,395,723,0,0,1
8437,4.1218,0.5364,395,723,0,0,1
8438,4.1991,0.521,394,723,0,0,1
8439,4.2331,0.6638,393,723,0,0,1
8440,4.0521,0.4719,393,723,0,0,1
8441,4.1821,0.5217,392,723,0,0,1
8442,4.1558,0.4477,392,723,0,0,1
8443,4.1873,0.4704,391,723,0,0,1
8444,4.1583,0.4472,390,723,0,0,1
8445,4.4887,0.6714,390,723,0,0,1
8446,3.8825,0.5231,389,723,0,0,1
8447,4.1812,0.5186,387,723,0,0,1
8448,4.146,0.5375,387,723,0,0,1
8449,4.1735,0.4475,387,723,0,0,1
8450,4.3307,0.5029,387,723,0,0,1
8451,4.0195,0.4734,386,723,0,0,1
8452,4.1718,0.5069,384,723,0,0,1
8453,4.1151,0.5345,383,723,0,0,1
8454,4.1501,0.4442,382,723,0,0,1
8455,4.4844,0.439,382,723,0,0,1
8456,3.8531,0.7032,382,723,0,0,1
8457,4.1509,0.4942,381,723,0,0,1
8458,4.2965,0.7914,380,723,0,0,1
8459,4.0501,0.6123,379,723,0,0,1
8460,4.1832,0.5738,378,723,0,0,1
8461,4.2376,0.5146,377,723,0,0,1
8462,4.3915,0.787,377,723,0,0,1
8463,3.915,0.5161,377,723,0,0,1
8464,4.1931,0.7731,375,723,0,0,1
8465,4.0875,0.5826,368,723,0,0,1
8466,4.1578,0.8209,368,723,0,0,1
8467,4.2839,0.6652,368,723,0,0,1
8468,4.0944,0.6285,367,723,0,0,1
8469,4.1972,0.7097,365,723,0,0,1
8470,4.0783,0.5073,414,723,0,0,1
8471,4.3032,0.6537,413,723,0,0,1
8472,4.103,0.5371,413,723,0,0,1
8473,4.1271,0.5127,413,723,0,0,1
8474,4.126,0.4721,410,723,0,0,1
8475,4.2547,0.4648,410,723,0,0,1
8476,4.2839,0.6486,410,723,0,0,1
8477,4.099,0.6646,409,723,0,0,1
8478,4.0202,0.4318,408,723,0,0,1
8479,4.2309,0.4761,408,723,0,0,1
8480,4.1578,0.4323,407,723,0,0,1
8481,4.3751,0.4403,407,723,0,0,1
8482,4.048,0.6984,407,723,0,0,1
8483,4.1708,0.7163,407,723,0,0,1
8484,4.1493,0.4963,406,723,0,0,1
8485,4.1758,0.452,405,723,0,0,1
8486,4.1202,0.5156,405,723,0,0,1
8487,4.1589,0.499,405,723,0,0,1
8488,4.1752,0.8538,404,723,0,0,1
8489,4.1879,0.7054,403,723,0,0,1
8490,4.1309,0.4891,402,723,0,0,1
8491,4.5745,0.6379,402,723,0,0,1
8492,3.7261,0.8364,401,723,0,0,1
8493,4.2138,0.6145,400,723,0,0,1
8494,4.0843,0.5224,400,723,0,0,1
8495,4.2367,0.6946,400,723,0,0,1
8496,4.1663,0.5221,400,723,0,0,1
8497,4.1219,0.4737,400,723,0,0,1
8498,4.229,0.485,398,723,0,0,1
8499,4.1638,0.4808,398,723,0,0,1
8500,4.1584,0.4592,397,723,0,0,1
8501,4.1506,0.6806,396,723,0,0,1
8502,4.1068,0.4305,396,723,0,0,1
8503,4.2453,0.5645,395,723,0,0,1
8504,4.1449,0.4542,394,723,0,0,1
8505,4.1931,0.4696,394,723,0,0,1
8506,4.1644,0.4703,394,723,0,0,1
8507,4.1278,0.425,394,723,0,0,1
8508,4.2379,0.6933,393,723,0,0,1
8509,4.0976,0.4593,391,723,0,0,1
8510,4.4426,0.5937,391,723,0,0,1
8511,3.9425,0.4806,391,723,0,0,1
8512,4.107,0.5201,390,723,0,0,1
8513,4.1658,0.4295,390,723,0,0,1
8514,4.2237,0.6062,388,723,0,0,1
8515,4.1155,0.478,388,723,0,0,1
8516,4.1873,0.4676,386,723,0,0,1
8517,4.212,0.5519,386,723,0,0,1
8518,4.0956,0.4618,386,723,0,0,1
8519,4.1695,0.5467,385,723,0,0,1
8520,4.1133,0.6119,384,723,0,0,1
8521,4.2396,0.4475,382,723,0,0,1
8522,4.1647,0.4577,381,723,0,0,1
8523,4.2186,0.4758,380,723,0,0,1
8524,4.0957,0.4353,378,723,0,0,1
8525,4.1503,0.4392,378,723,0,0,1
8526,4.2398,0.6006,378,723,0,0,1
8527,4.2512,0.6699,378,723,0,0,1
8528,4.0446,0.4778,376,723,0,0,1
8529,4.2146,0.7382,376,723,0,0,1
8530,4.1081,0.4997,375,723,0,0,1
8531,4.1754,0.6372,374,723,0,0,1
8532,4.1206,0.6787,367,723,0,0,1
8533,4.312,0.5237,367,723,0,0,1
8534,4.1068,0.5475,367,723,0,0,1
8535,4.1849,0.5373,366,723,0,0,1
8536,4.0991,0.4598,366,723,0,0,1
8537,4.1856,0.4486,365,723,0,0,1
8538,4.1549,0.4884,414,723,0,0,1
8539,4.1295,0.4366,413,723,0,0,1
8540,4.2934,0.5965,413,723,0,0,1
8541,4.192,0.504,413,723,0,0,1
8542,4.0655,0.4935,412,723,0,0,1
8543,4.1883,0.4607,412,723,0,0,1
8544,4.1125,0.5776,411,723,0,0,1
8545,4.2013,0.4611,410,723,0,0,1
8546,4.2396,0.6439,410,723,0,0,1
8547,4.1554,0.5093,409,723,0,0,1
8548,4.0604,0.4782,407,723,0,0,1
8549,4.174,0.5329,407,723,0,0,1
8550,4.1953,0.5025,407,723,0,0,1
8551,4.1539,0.4433,407,723,0,0,1
8552,4.1857,0.347,407,723,0,0,1
8553,4.2114,0.3962,407,723,0,0,1
8554,4.0702,0.3165,407,723,0,0,1
8555,4.2622,0.4724,407,723,0,0,1
8556,4.1025,0.3453,406,723,0,0,1
8557,4.1992,0.3435,406,723,0,0,1
8558,4.2287,0.4115,405,723,0,0,1
8559,4.0848,0.3474,405,723,0,0,1
8560,4.4887,0.4996,404,723,0,0,1
8561,3.8639,0.3996,403,723,0,0,1
8562,4.1398,0.4754,403,723,0,0,1
8563,4.2378,0.535,401,723,0,0,1
8564,4.1652,0.5432,401,723,0,0,1
8565,4.2478,0.7573,400,723,0,0,1
8566,4.0066,0.4934,400,723,0,0,1
8567,4.1568,0.4988,399,723,0,0,1
8568,4.2298,0.8073,399,723,0,0,1
8569,4.1063,0.5138,399,723,0,0,1
8570,4.2174,0.6768,399,723,0,0,1
8571,4.2187,0.6816,399,723,0,0,1
8572,4.2138,0.5462,399,723,0,0,1
8573,4.026,0.6749,398,723,0,0,1
8574,4.1457,0.4306,397,723,0,0,1
8575,4.3093,0.614,397,723,0,0,1
8576,4.0573,0.4712,397,723,0,0,1
8577,4.2474,0.6739,396,723,0,0,1
8578,4.1072,0.5411,395,723,0,0,1
8579,4.1904,0.6065,395,723,0,0,1
8580,4.1073,0.4983,395,723,0,0,1
8581,4.1617,0.4489,395,723,0,0,1
8582,4.4575,0.4354,394,723,0,0,1
8583,3.9953,0.4398,392,723,0,0,1
8584,4.1783,0.5437,391,723,0,0,1
8585,4.0885,0.4793,390,723,0,0,1
8586,4.1301,0.4323,390,723,0,0,1
8587,4.1557,0.4654,390,723,0,0,1
8588,4.1815,0.4537,390,723,0,0,1
8589,4.281,0.4946,390,723,0,0,1
8590,4.1624,0.6729,390,723,0,0,1
8591,4.1342,0.4922,390,723,0,0,1
8592,4.1329,0.6558,390,723,0,0,1
8593,4.1351,0.4513,389,723,0,0,1
8594,4.2034,0.4543,388,723,0,0,1
8595,4.1439,0.4388,385,723,0,0,1
8596,4.2428,0.732,385,723,0,0,1
8597,4.128,0.4579,384,723,0,0,1
8598,4.1617,0.6012,383,723,0,0,1
8599,4.133,0.4898,376,723,0,0,1
8600,4.1379,0.4604,376,723,0,0,1
8601,4.2375,0.4388,376,723,0,0,1
8602,4.151,0.4341,376,723,0,0,1
8603,4.123,0.4282,375,723,0,0,1
8604,4.2392,0.7731,375,723,0,0,1
8605,4.1063,0.4793,425,723,0,0,1
8606,4.1637,0.4905,425,723,0,0,1
8607,4.1646,0.4555,424,723,0,0,1
8608,4.1356,0.4595,424,723,0,0,1
8609,4.3079,0.6783,424,723,0,0,1
8610,4.047,0.4268,422,723,0,0,1
8611,4.1895,0.4881,421,723,0,0,1
8612,4.1278,0.4919,420,723,0,0,1
8613,4.232,0.8365,418,723,0,0,1
8614,4.0741,0.5042,417,723,0,0,1
8615,4.2671,0.6795,416,723,0,0,1
8616,4.1658,0.5312,414,723,0,0,1
8617,4.1591,0.4804,414,723,0,0,1
8618,4.0834,0.6544,414,723,0,0,1
8619,4.2662,0.4731,414,723,0,0,1
8620,4.1733,0.7544,414,723,0,0,1
8621,4.1402,0.6674,412,723,0,0,1
8622,4.1372,0.4862,412,723,0,0,1
8623,4.2179,0.4939,412,723,0,0,1
8624,4.1626,0.9619,412,723,0,0,1
8625,4.1596,0.975,411,723,0,0,1
8626,4.1689,0.5704,411,723,0,0,1
8627,4.1736,0.7949,410,723,0,0,1
8628,4.2163,0.8607,408,723,0,0,1
8629,4.0885,0.4792,408,723,0,0,1
8630,4.1719,0.4998,408,723,0,0,1
8631,4.2084,0.4838,408,723,0,0,1
8632,4.13,0.495,407,723,0,0,1
8633,4.1942,0.4442,406,723,0,0,1
8634,4.0985,0.8227,403,723,0,0,1
8635,4.2052,0.5088,402,723,0,0,1
8636,4.1847,0.7931,402,723,0,0,1
8637,4.1719,0.4696,402,723,0,0,1
8638,4.1126,0.4336,398,723,0,0,1
8639,4.1619,0.6576,398,723,0,0,1
8640,4.1938,0.8305,398,723,0,0,1
8641,4.1117,0.4416,397,723,0,0,1
8642,4.2005,0.5152,397,723,0,0,1
8643,4.1613,0.4783,397,723,0,0,1
8644,4.2121,0.9441,396,723,0,0,1
8645,4.1636,0.6698,395,723,0,0,1
8646,4.1177,0.5307,395,723,0,0,1
8647,4.3293,0.584,395,723,0,0,1
8648,4.0166,0.5545,394,723,0,0,1
8649,4.1875,0.5317,394,723,0,0,1
8650,4.1839,0.7254,393,723,0,0,1
8651,4.2541,0.6267,393,723,0,0,1
8652,4.006,0.571,392,723,0,0,1
8653,4.2031,0.4672,391,723,0,0,1
8654,4.2387,0.4844,391,723,0,0,1
8655,4.1449,0.4946,390,723,0,0,1
8656,4.172,0.581,389,723,0,0,1
8657,4.0924,0.4282,389,723,0,0,1
8658,4.2126,0.6562,389,723,0,0,1
8659,4.4807,0.5923,389,723,0,0,1
8660,3.8831,0.8568,389,723,0,0,1
8661,4.1637,0.5284,388,723,0,0,1
8662,4.129,0.4695,387,723,0,0,1
8663,4.2206,0.4665,387,723,0,0,1
8664,4.3727,0.5011,387,723,0,0,1
8665,3.861,0.4117,386,723,0,0,1
8666,4.2056,0.4754,379,723,0,0,1
8667,4.2084,0.4912,379,723,0,0,1
8668,4.1159,0.4574,378,723,0,0,1
8669,4.2024,0.55,375,723,0,0,1
8670,4.0998,0.4964,375,723,0,0,1
8671,4.2102,0.5852,375,723,0,0,1
8672,4.1693,0.5323,425,723,0,0,1
8673,4.211,0.5291,425,723,0,0,1
8674,4.1675,0.4989,425,723,0,0,1
8675,4.1172,0.4358,424,723,0,0,1
8676,4.431,0.8092,424,723,0,0,1
8677,3.9093,0.5546,424,723,0,0,1
8678,4.3071,0.6908,424,723,0,0,1
8679,4.1064,0.5764,424,723,0,0,1
8680,4.1915,0.636,424,723,0,0,1
8681,4.0941,0.5203,422,723,0,0,1
8682,4.1207,0.4811,421,723,0,0,1
8683,4.1956,0.4513,421,723,0,0,1
8684,4.1996,0.5013,420,723,0,0,1
8685,4.5037,0.6788,419,723,0,0,1
8686,4.1999,0.5348,417,723,0,0,1
8687,3.7245,0.477,417,723,0,0,1
8688,4.4363,0.4583,417,723,0,0,1
8689,3.926,0.4678,415,723,0,0,1
8690,4.2294,0.4763,413,723,0,0,1
8691,4.1449,0.6309,411,723,0,0,1
8692,4.1654,0.7322,410,723,0,0,1
8693,4.1348,0.608,410,723,0,0,1
8694,4.1459,0.4652,410,723,0,0,1
8695,4.4187,0.4791,410,723,0,0,1
8696,3.9197,0.4843,409,723,0,0,1
8697,4.2556,0.6745,409,723,0,0,1
8698,4.1259,0.5079,409,723,0,0,1
8699,4.187,0.5085,408,723,0,0,1
8700,4.0575,0.4583,408,723,0,0,1
8701,4.2425,0.4754,408,723,0,0,1
8702,4.3358,0.6482,408,723,0,0,1
8703,3.9503,0.7009,408,723,0,0,1
8704,4.2972,0.4977,408,723,0,0,1
8705,4.1281,0.4788,408,723,0,0,1
8706,4.0537,0.4121,408,723,0,0,1
8707,4.2562,0.4809,406,723,0,0,1
8708,4.1728,0.6455,405,723,0,0,1
8709,4.2569,0.746,404,723,0,0,1
8710,4.0154,0.5038,402,723,0,0,1
8711,4.1958,0.7477,401,723,0,0,1
8712,4.1631,0.533,401,723,0,0,1
8713,4.1431,0.5068,401,723,0,0,1
8714,4.1516,0.5594,399,723,0,0,1
8715,4.1855,0.4995,397,723,0,0,1
8716,4.2754,0.6162,397,723,0,0,1
8717,4.064,0.6371,396,723,0,0,1
8718,4.1276,0.5332,395,723,0,0,1
8719,4.2091,0.5094,395,723,0,0,1
8720,4.1635,0.4776,394,723,0,0,1
8721,4.2039,0.651,393,723,0,0,1
8722,4.2162,0.6926,393,723,0,0,1
8723,4.123,0.7447,393,723,0,0,1
8724,4.0911,0.4524,393,723,0,0,1
8725,4.2018,0.537,392,723,0,0,1
8726,4.2072,0.4712,392,723,0,0,1
8727,4.1431,0.4589,390,723,0,0,1
8728,4.4874,0.6089,390,723,0,0,1
8729,3.8505,0.5,389,723,0,0,1
8730,4.1339,0.4399,389,723,0,0,1
8731,4.2335,0.4774,389,723,0,0,1
8732,4.1102,0.5827,387,723,0,0,1
8733,4.2176,0.5594,379,723,0,0,1
8734,4.1276,0.4317,378,723,0,0,1
8735,4.2068,0.5492,378,723,0,0,1
8736,4.0716,0.5069,376,723,0,0,1
8737,4.1698,0.4482,375,723,0,0,1
8738,4.2076,0.5338,375,723,0,0,1
8739,4.2131,0.5099,424,723,0,0,1
8740,4.1818,0.7663,423,723,0,0,1
8741,4.2153,0.6903,423,723,0,0,1
8742,4.1056,0.5168,421,723,0,0,1
8743,4.1428,0.5199,420,723,0,0,1
8744,4.1822,0.5552,419,723,0,0,1
8745,4.1418,0.538,419,723,0,0,1
8746,4.1218,0.4431,417,723,0,0,1
8747,4.2162,0.7528,416,723,0,0,1
8748,4.2146,0.8917,416,723,0,0,1
8749,4.0959,0.547,414,723,0,0,1
8750,4.2217,0.5815,414,723,0,0,1
8751,4.0963,0.4944,412,723,0,0,1
8752,4.2778,0.6739,412,723,0,0,1
8753,4.1299,0.8212,412,723,0,0,1
8754,4.1243,0.4499,412,723,0,0,1
8755,4.2414,0.5048,412,723,0,0,1
8756,4.0765,0.4678,411,723,0,0,1
8757,4.3418,0.5716,409,723,0,0,1
8758,4.2949,0.4316,408,723,0,0,1
8759,3.8749,0.4297,408,723,0,0,1
8760,4.2351,0.6893,408,723,0,0,1
8761,4.1262,0.4661,408,723,0,0,1
8762,4.176,0.5707,407,723,0,0,1
8763,4.1055,0.4924,407,723,0,0,1
8764,4.2453,0.8317,407,723,0,0,1
8765,4.1851,0.8197,406,723,0,0,1
8766,4.1143,0.7069,406,723,0,0,1
8767,4.2016,0.5125,406,723,0,0,1
8768,4.1615,0.7181,406,723,0,0,1
8769,4.1256,0.4614,406,723,0,0,1
8770,4.9683,0.4659,406,723,0,0,1
8771,3.3879,0.4413,405,723,0,0,1
8772,4.3624,0.4926,405,723,0,0,1
8773,4.02,0.4292,403,723,0,0,1
8774,4.458,0.6968,403,723,0,0,1
8775,3.8553,0.6299,403,723,0,0,1
8776,4.483,0.9287,402,723,0,0,1
8777,4.1031,0.432,401,723,0,0,1
8778,3.9102,0.738,400,723,0,0,1
8779,4.5327,0.6215,400,723,0,0,1
8780,3.8241,0.4781,399,723,0,0,1
8781,4.6107,0.7577,398,723,0,0,1
8782,3.6707,0.6637,397,723,0,0,1
8783,4.2322,0.5262,396,723,0,0,1
8784,4.0924,0.5333,394,723,0,0,1
8785,4.1534,0.5143,391,723,0,0,1
8786,4.5187,0.7312,391,723,0,0,1
8787,4.1047,0.5278,390,723,0,0,1
8788,3.9408,0.5978,388,723,0,0,1
8789,4.1428,0.4464,387,723,0,0,1
8790,4.126,0.4302,387,723,0,0,1
8791,4.3796,0.446,387,723,0,0,1
8792,4.0089,0.7665,386,723,0,0,1
8793,4.5168,1.0244,385,723,0,0,1
8794,4.1392,0.4538,385,723,0,0,1
8795,4.2268,0.6705,385,723,0,0,1
8796,3.9893,0.552,385,723,0,0,1
8797,3.9884,0.4474,385,723,0,0,1
8798,4.5553,0.6171,384,723,0,0,1
8799,3.7722,0.6065,383,723,0,0,1
8800,4.1064,0.6517,383,723,0,0,1
8801,4.4411,0.6201,376,723,0,0,1
8802,3.9581,0.6133,375,723,0,0,1
8803,4.1576,0.6047,375,723,0,0,1
8804,4.1398,0.4971,374,723,0,0,1
8805,4.6619,0.6062,374,723,0,0,1
8806,4.1722,0.5124,422,723,0,0,1
8807,3.6428,0.4477,422,723,0,0,1
8808,4.4763,0.4553,422,723,0,0,1
8809,3.8418,0.415,422,723,0,0,1
8810,4.4071,0.6928,422,723,0,0,1
8811,4.1156,0.7024,421,723,0,0,1
8812,4.4154,0.6358,419,723,0,0,1
8813,3.7921,0.5033,418,723,0,0,1
8814,4.1256,0.5374,418,723,0,0,1
8815,4.3739,0.6164,418,723,0,0,1
8816,3.9295,0.5014,418,723,0,0,1
8817,4.2937,0.5194,417,723,0,0,1
8818,4.1093,0.5141,416,723,0,0,1
8819,4.1017,0.4606,414,723,0,0,1
8820,4.1841,0.4782,414,723,0,0,1
8821,4.1279,0.4421,414,723,0,0,1
8822,4.2347,0.4516,414,723,0,0,1
8823,4.175,0.5161,414,723,0,0,1
8824,4.1662,0.6108,414,723,0,0,1
8825,4.1247,0.5243,412,723,0,0,1
8826,4.1259,0.5107,412,723,0,0,1
8827,4.2058,0.6058,411,723,0,0,1
8828,4.1632,0.5467,411,723,0,0,1
8829,4.3276,0.714,411,723,0,0,1
8830,4.0118,0.5076,411,723,0,0,1
8831,4.2191,0.5308,410,723,0,0,1
8832,4.1407,0.6329,409,723,0,0,1
8833,4.1433,0.4407,409,723,0,0,1
8834,4.1595,0.5327,409,723,0,0,1
8835,4.1501,0.7221,409,723,0,0,1
8836,4.2209,0.7903,409,723,0,0,1
8837,4.1088,0.4251,409,723,0,0,1
8838,4.1463,0.4381,407,723,0,0,1
8839,4.2191,0.4857,407,723,0,0,1
8840,4.1839,0.6846,403,723,0,0,1
8841,4.192,0.6645,399,723,0,0,1
8842,4.1186,0.5672,399,723,0,0,1
8843,4.7052,0.5095,399,723,0,0,1
8844,3.6752,0.5965,399,723,0,0,1
8845,4.0907,0.4861,399,723,0,0,1
8846,4.1973,0.4936,399,723,0,0,1
8847,4.1602,0.4568,398,723,0,0,1
8848,4.3165,0.6649,397,723,0,0,1
8849,4.0726,0.5379,397,723,0,0,1
8850,4.0793,0.4492,396,723,0,0,1
8851,4.2605,0.4822,396,723,0,0,1
8852,4.1068,0.4415,395,723,0,0,1
8853,4.1885,0.7419,393,723,0,0,1
8854,4.2833,0.7852,392,723,0,0,1
8855,4.2217,0.5834,392,723,0,0,1
8856,3.9579,0.6513,392,723,0,0,1
8857,4.1808,0.4348,392,723,0,0,1
8858,4.462,0.4246,390,723,0,0,1
8859,3.9213,0.4487,389,723,0,0,1
8860,4.3918,0.6385,388,723,0,0,1
8861,4.13,0.6879,386,723,0,0,1
8862,3.9278,0.4263,385,723,0,0,1
8863,4.5357,0.6235,384,723,0,0,1
8864,3.8046,0.6853,384,723,0,0,1
8865,4.1838,0.5576,384,723,0,0,1
8866,4.1151,0.6644,383,723,0,0,1
8867,4.1963,0.478,383,723,0,0,1
8868,4.2258,0.4683,376,723,0,0,1
8869,4.1046,0.4487,375,723,0,0,1
8870,4.1949,0.4564,374,723,0,0,1
8871,4.2087,0.4392,374,723,0,0,1
8872,4.151,0.6516,374,723,0,0,1
8873,4.2112,0.6913,373,723,0,0,1
8874,4.0825,0.4613,423,723,0,0,1
8875,4.1735,0.5166,421,723,0,0,1
8876,4.1481,0.4704,421,723,0,0,1
8877,4.2416,0.5267,420,723,0,0,1
8878,4.1536,0.4589,418,723,0,0,1
8879,4.2275,0.6726,417,723,0,0,1
8880,4.2026,0.6096,415,723,0,0,1
8881,4.0091,0.4734,415,723,0,0,1
8882,4.2176,0.5827,414,723,0,0,1
8883,4.12,0.5876,413,723,0,0,1
8884,4.2469,0.6606,412,723,0,0,1
8885,4.0875,0.7483,412,723,0,0,1
8886,4.3679,0.714,412,723,0,0,1
8887,4.0165,0.513,411,723,0,0,1
8888,4.0966,0.4665,410,723,0,0,1
8889,4.1644,0.4726,410,723,0,0,1
8890,4.2019,0.4768,410,723,0,0,1
8891,4.2722,0.5727,410,723,0,0,1
8892,4.0823,0.6364,410,723,0,0,1
8893,4.1078,0.4282,409,723,0,0,1
8894,4.2068,0.5943,409,723,0,0,1
8895,4.2221,0.4612,407,723,0,0,1
8896,4.1521,0.5471,407,723,0,0,1
8897,4.1535,0.6177,406,723,0,0,1
8898,4.1055,0.6507,406,723,0,0,1
8899,4.2686,0.4467,406,723,0,0,1
8900,4.1172,0.5165,406,723,0,0,1
8901,4.1753,0.5702,405,723,0,0,1
8902,4.1344,0.5455,405,723,0,0,1
8903,4.14,0.4772,404,723,0,0,1
8904,4.2424,0.6933,404,723,0,0,1
8905,4.1223,0.4843,404,723,0,0,1
8906,4.1961,0.6101,404,723,0,0,1
8907,4.1665,0.5618,404,723,0,0,1
8908,4.1787,0.5022,404,723,0,0,1
8909,4.1671,0.5589,403,723,0,0,1
8910,4.1209,0.6578,403,723,0,0,1
8911,4.3361,0.7189,401,723,0,0,1
8912,3.9898,0.4678,400,723,0,0,1
8913,4.2151,0.5094,400,723,0,0,1
8914,4.1065,0.4615,400,723,0,0,1
8915,4.4706,0.6492,399,723,0,0,1
8916,3.9249,0.6553,398,723,0,0,1
8917,4.0915,0.7007,397,723,0,0,1
8918,4.2182,0.4944,396,723,0,0,1
8919,4.1955,0.4935,395,723,0,0,1
8920,4.3849,0.7281,394,723,0,0,1
8921,4.212,0.7098,393,723,0,0,1
8922,3.8462,0.6009,392,723,0,0,1
8923,4.2338,0.6664,392,723,0,0,1
8924,4.1386,0.6409,392,723,0,0,1
8925,4.1286,0.4441,391,723,0,0,1
8926,4.1986,0.5273,390,723,0,0,1
8927,4.201,0.4905,390,723,0,0,1
8928,4.1715,0.4519,390,723,0,0,1
8929,4.1625,0.4233,388,723,0,0,1
8930,4.442,0.7085,388,723,0,0,1
8931,3.901,0.605,387,723,0,0,1
8932,4.5817,0.4395,387,723,0,0,1
8933,3.7329,0.4668,387,723,0,0,1
8934,4.0838,0.4243,386,723,0,0,1
8935,4.5417,0.6297,379,723,0,0,1
8936,3.8257,0.5022,377,723,0,0,1
8937,4.2315,0.6263,377,723,0,0,1
8938,4.1512,0.4657,376,723,0,0,1
8939,4.1812,0.4782,375,723,0,0,1
8940,4.1513,0.6456,375,723,0,0,1
8941,4.1232,0.4765,423,723,0,0,1
8942,4.1512,0.4776,423,723,0,0,1
8943,4.2093,0.5261,423,723,0,0,1
8944,4.1396,0.4605,422,723,0,0,1
8945,4.208,0.6015,420,723,0,0,1
8946,4.1157,0.5238,420,723,0,0,1
8947,4.222,0.45,418,723,0,0,1
8948,4.1862,0.4982,417,723,0,0,1
8949,4.1616,0.5874,415,723,0,0,1
8950,4.1242,0.5441,415,723,0,0,1
8951,4.4734,0.8008,414,723,0,0,1
8952,3.9373,0.7686,413,723,0,0,1
8953,4.0738,0.5012,413,723,0,0,1
8954,4.2024,0.6385,412,723,0,0,1
8955,4.1689,0.4552,412,723,0,0,1
8956,4.1954,0.5705,411,723,0,0,1
8957,4.1132,0.5088,410,723,0,0,1
8958,4.1133,0.4308,410,723,0,0,1
8959,4.2449,0.4493,410,723,0,0,1
8960,4.1421,0.5734,410,723,0,0,1
8961,4.2317,0.6936,410,723,0,0,1
8962,4.1265,0.5265,410,723,0,0,1
8963,4.1209,0.457,410,723,0,0,1
8964,4.2235,0.5635,409,723,0,0,1
8965,4.1251,0.513,409,723,0,0,1
8966,4.1791,0.4879,409,723,0,0,1
8967,4.2079,0.8063,409,723,0,0,1
8968,4.2044,0.5319,408,723,0,0,1
8969,4.315,0.6301,408,723,0,0,1
8970,3.9361,0.4499,408,723,0,0,1
8971,4.2098,0.4678,408,723,0,0,1
8972,4.1147,0.4425,406,723,0,0,1
8973,4.1942,0.6436,406,723,0,0,1
8974,4.1482,0.5232,406,723,0,0,1
8975,4.2252,0.514,406,723,0,0,1
8976,4.1132,0.5373,406,723,0,0,1
8977,4.1158,0.4183,406,723,0,0,1
8978,4.2711,0.6172,406,723,0,0,1
8979,4.1536,0.4391,406,723,0,0,1
8980,4.2302,0.6799,406,723,0,0,1
8981,4.0838,0.5898,405,723,0,0,1
8982,4.1202,0.4766,405,723,0,0,1
8983,4.1856,0.5363,404,723,0,0,1
8984,4.1611,0.5187,403,723,0,0,1
8985,4.3339,0.5008,403,723,0,0,1
8986,4.0639,0.706,402,723,0,0,1
8987,4.0902,0.5294,402,723,0,0,1
8988,4.1857,0.6277,401,723,0,0,1
8989,4.1622,0.5819,399,723,0,0,1
8990,4.4494,0.616,399,723,0,0,1
8991,3.8582,0.5362,399,723,0,0,1
8992,4.2684,0.4847,398,723,0,0,1
8993,4.8413,0.4309,396,723,0,0,1
8994,3.4113,0.4437,394,723,0,0,1
8995,4.1781,0.4811,394,723,0,0,1
8996,4.2173,0.6381,392,723,0,0,1
8997,4.3683,0.6117,390,723,0,0,1
8998,4.2219,0.4335,390,723,0,0,1
8999,4.0202,0.6384,389,723,0,0,1
9000,4.03,0.4374,388,723,0,0,1
9001,4.1294,0.4516,388,723,0,0,1
9002,4.1677,0.6286,380,723,0,0,1
9003,4.2319,0.4492,380,723,0,0,1
9004,4.1554,0.6823,380,723,0,0,1
9005,4.2333,0.6737,380,723,0,0,1
9006,4.0449,0.4513,380,723,0,0,1
9007,4.1973,0.4749,379,723,0,0,1
9008,4.148,0.6328,425,723,0,0,1
9009,4.1513,0.435,425,723,0,0,1
9010,4.2331,0.4618,425,723,0,0,1
9011,4.1501,0.4388,424,723,0,0,1
9012,4.2214,0.9019,423,723,0,0,1
9013,4.0557,0.6572,423,723,0,0,1
9014,4.1783,0.5143,423,723,0,0,1
9015,4.2083,0.6079,421,723,0,0,1
9016,4.1808,0.5617,421,723,0,0,1
9017,4.1323,0.6263,420,723,0,0,1
9018,4.2022,0.6423,420,723,0,0,1
9019,4.16,0.5086,419,723,0,0,1
9020,4.1488,0.4748,419,723,0,0,1
9021,4.1441,0.4424,419,723,0,0,1
9022,4.5616,0.4333,418,723,0,0,1
9023,3.7686,0.4542,418,723,0,0,1
9024,4.2793,0.7069,417,723,0,0,1
9025,4.0549,0.4918,417,723,0,0,1
9026,4.1411,0.4921,417,723,0,0,1
9027,4.254,0.5435,415,723,0,0,1
9028,4.2197,0.6972,415,723,0,0,1
9029,4.0692,0.5575,415,723,0,0,1
9030,4.1947,0.6607,414,723,0,0,1
9031,4.1875,0.5064,414,723,0,0,1
9032,4.1177,0.4794,414,723,0,0,1
9033,4.2126,0.5078,414,723,0,0,1
9034,4.161,0.4715,414,723,0,0,1
9035,4.1975,0.6536,414,723,0,0,1
9036,4.1314,0.7197,414,723,0,0,1
9037,4.125,0.6301,412,723,0,0,1
9038,4.154,0.7129,409,723,0,0,1
9039,4.22,0.7178,408,723,0,0,1
9040,4.2187,0.746,408,723,0,0,1
9041,4.4735,0.5496,408,723,0,0,1
9042,3.8086,0.7645,408,723,0,0,1
9043,4.237,0.6699,407,723,0,0,1
9044,4.0777,0.6824,407,723,0,0,1
9045,4.4596,0.7042,407,723,0,0,1
9046,3.8446,0.4906,407,723,0,0,1
9047,4.1659,0.4396,405,723,0,0,1
9048,4.2341,0.4735,405,723,0,0,1
9049,4.0832,0.4673,402,723,0,0,1
9050,4.2259,0.5147,400,723,0,0,1
9051,4.1809,0.5321,400,723,0,0,1
9052,4.1793,0.5251,400,723,0,0,1
9053,4.1387,0.4575,399,723,0,0,1
9054,4.1205,0.4294,399,723,0,0,1
9055,4.2468,0.7506,398,723,0,0,1
9056,4.1444,0.5992,398,723,0,0,1
9057,4.1428,0.4788,398,723,0,0,1
9058,4.1531,0.501,398,723,0,0,1
9059,4.3236,0.4454,398,723,0,0,1
9060,4.0132,0.5035,397,723,0,0,1
9061,4.1704,0.4221,397,723,0,0,1
9062,4.1711,0.4842,397,723,0,0,1
9063,4.1565,0.4357,396,723,0,0,1
9064,4.2647,0.6053,394,723,0,0,1
9065,4.5473,0.558,394,723,0,0,1
9066,3.6821,0.4575,393,723,0,0,1
9067,4.1741,0.4459,392,723,0,0,1
9068,4.2154,0.5036,392,723,0,0,1
9069,4.165,0.5484,383,723,0,0,1
9070,4.4083,0.4803,383,723,0,0,1
9071,4.0018,0.7046,383,723,0,0,1
9072,4.0055,0.6343,383,723,0,0,1
9073,4.18,0.685,383,723,0,0,1
9074,4.252,0.8567,383,723,0,0,1
9075,4.1694,0.5214,432,723,0,0,1
9076,4.1471,0.5683,431,723,0,0,1
9077,4.0841,0.6931,430,723,0,0,1
9078,4.1905,0.6457,427,723,0,0,1
9079,4.2292,0.7446,427,723,0,0,1
9080,4.1954,0.5218,427,723,0,0,1
9081,4.1247,0.511,426,723,0,0,1
9082,4.1638,0.693,425,723,0,0,1
9083,4.1912,0.4998,425,723,0,0,1
9084,4.127,0.6381,424,723,0,0,1
9085,4.1316,0.7335,424,723,0,0,1
9086,4.2291,0.7093,422,723,0,0,1
9087,4.2295,0.7146,422,723,0,0,1
9088,4.0813,0.6242,421,723,0,0,1
9089,4.5384,0.5148,421,723,0,0,1
9090,3.7674,0.5148,420,723,0,0,1
9091,4.2199,0.4827,419,723,0,0,1
9092,4.1363,0.569,419,723,0,0,1
9093,4.2338,0.7201,418,723,0,0,1
9094,4.2249,0.4572,418,723,0,0,1
9095,4.153,0.6186,418,723,0,0,1
9096,4.082,0.5185,418,723,0,0,1
9097,4.1219,0.4348,417,723,0,0,1
9098,4.1885,0.5265,417,723,0,0,1
9099,4.209,0.6668,417,723,0,0,1
9100,4.2326,0.6287,415,723,0,0,1
9101,4.0839,0.5292,413,723,0,0,1
9102,4.1149,0.4734,413,723,0,0,1
9103,4.1706,0.4854,411,723,0,0,1
9104,4.1756,0.588,411,723,0,0,1
9105,4.237,0.8963,410,723,0,0,1
9106,4.11,0.5443,410,723,0,0,1
9107,4.1912,0.6378,409,723,0,0,1
9108,4.1687,0.511,409,723,0,0,1
9109,4.1052,0.4409,408,723,0,0,1
9110,4.2513,0.4658,406,723,0,0,1
9111,4.242,0.4975,405,723,0,0,1
9112,4.1302,0.7195,404,723,0,0,1
9113,4.232,0.4379,404,723,0,0,1
9114,3.9647,0.4365,402,723,0,0,1
9115,4.1784,0.4359,401,723,0,0,1
9116,4.1984,0.623,400,723,0,0,1
9117,4.2544,0.6215,397,723,0,0,1
9118,4.3794,0.4349,397,723,0,0,1
9119,3.8953,0.4868,396,723,0,0,1
9120,4.4705,0.4652,395,723,0,0,1
9121,3.8255,0.4228,395,723,0,0,1
9122,4.1672,0.4645,394,723,0,0,1
9123,4.2328,0.4357,393,723,0,0,1
9124,4.1462,0.4608,392,723,0,0,1
9125,4.1953,0.5018,391,723,0,0,1
9126,4.1652,0.6884,391,723,0,0,1
9127,4.1523,0.4883,391,723,0,0,1
9128,4.1355,0.5824,391,723,0,0,1
9129,4.1621,0.469,389,723,0,0,1
9130,4.2028,0.4435,389,723,0,0,1
9131,4.1555,0.6683,389,723,0,0,1
9132,4.1355,0.4826,389,723,0,0,1
9133,4.1224,0.4104,387,723,0,0,1
9134,4.2727,0.5223,386,723,0,0,1
9135,4.1416,0.4489,386,723,0,0,1
9136,4.1772,0.5526,386,723,0,0,1
9137,4.527,0.5788,379,723,0,0,1
9138,3.7978,0.6584,379,723,0,0,1
9139,4.1452,0.48,379,723,0,0,1
9140,4.157,0.4162,379,723,0,0,1
9141,4.1984,0.4687,377,723,0,0,1
9142,4.2713,0.4771,427,723,0,0,1
9143,4.0642,0.7138,426,723,0,0,1
9144,4.1282,0.5474,425,723,0,0,1
9145,4.166,0.4809,425,723,0,0,1
9146,4.1408,0.5077,424,723,0,0,1
9147,4.2342,0.5563,423,723,0,0,1
9148,4.3548,0.7317,421,723,0,0,1
9149,3.9876,0.6719,419,723,0,0,1
9150,4.2683,0.6732,419,723,0,0,1
9151,4.052,0.5109,419,723,0,0,1
9152,4.1087,0.5995,418,723,0,0,1
9153,4.2637,0.5751,417,723,0,0,1
9154,4.1081,0.4672,416,723,0,0,1
9155,4.2171,0.6951,416,723,0,0,1
9156,4.1871,0.7062,415,723,0,0,1
9157,4.0657,0.4727,415,723,0,0,1
9158,4.4648,0.7009,413,723,0,0,1
9159,3.8875,0.7456,411,723,0,0,1
9160,4.1969,0.6197,411,723,0,0,1
9161,4.4643,0.5032,411,723,0,0,1
9162,3.8292,0.715,408,723,0,0,1
9163,4.1501,0.5589,408,723,0,0,1
9164,4.1959,0.4411,404,723,0,0,1
9165,4.2026,0.5291,404,723,0,0,1
9166,4.3323,0.4466,404,723,0,0,1
9167,4.0009,0.6606,404,723,0,0,1
9168,4.1037,0.4324,404,723,0,0,1
9169,4.3982,0.4649,402,723,0,0,1
9170,4.403,0.5647,401,723,0,0,1
9171,3.767,0.4892,401,723,0,0,1
9172,4.3922,0.542,400,723,0,0,1
9173,3.934,0.5646,399,723,0,0,1
9174,4.1213,0.4251,397,723,0,0,1
9175,4.2721,0.6567,397,723,0,0,1
9176,4.0897,0.5616,397,723,0,0,1
9177,4.1551,0.5112,396,723,0,0,1
9178,4.4965,0.4928,394,723,0,0,1
9179,3.879,0.9017,392,723,0,0,1
9180,4.316,0.7018,392,723,0,0,1
9181,3.9531,0.464,392,723,0,0,1
9182,4.1555,0.7331,390,723,0,0,1
9183,4.2486,0.5652,390,723,0,0,1
9184,4.1329,0.5931,390,723,0,0,1
9185,4.7178,0.5106,390,723,0,0,1
9186,3.5782,0.6267,390,723,0,0,1
9187,4.2261,0.6638,390,723,0,0,1
9188,4.1979,0.6188,390,723,0,0,1
9189,4.4339,0.5931,389,723,0,0,1
9190,3.8713,0.5521,389,723,0,0,1
9191,4.1759,0.6049,388,723,0,0,1
9192,4.3324,0.6996,386,723,0,0,1
9193,3.9477,0.5298,386,723,0,0,1
9194,4.2901,0.6546,386,723,0,0,1
9195,4.0878,0.5686,386,723,0,0,1
9196,4.1673,0.6546,385,723,0,0,1
9197,4.1581,0.5556,385,723,0,0,1
9198,4.0973,0.6185,385,723,0,0,1
9199,4.2519,0.5145,383,723,0,0,1
9200,4.1621,0.5669,383,723,0,0,1
9201,4.5629,0.6223,383,723,0,0,1
9202,4.1036,0.5924,381,723,0,0,1
9203,3.8517,0.6045,381,723,0,0,1
9204,4.1852,0.7288,373,723,0,0,1
9205,4.0569,0.5867,371,723,0,0,1
9206,4.5251,0.5933,370,723,0,0,1
9207,3.8733,0.5557,370,723,0,0,1
9208,4.0901,0.625,370,723,0,0,1
9209,4.4855,0.5505,417,723,0,0,1
9210,3.8536,0.511,417,723,0,0,1
9211,4.1975,0.8902,415,723,0,0,1
9212,4.2223,0.7725,415,723,0,0,1
9213,4.1431,0.5541,414,723,0,0,1
9214,4.1724,0.4631,413,723,0,0,1
9215,4.5667,0.4774,412,723,0,0,1
9216,3.7401,0.599,412,723,0,0,1
9217,4.1519,0.443,412,723,0,0,1
9218,4.1989,0.4312,411,723,0,0,1
9219,4.1346,0.4336,411,723,0,0,1
9220,4.1956,0.5402,411,723,0,0,1
9221,4.1552,0.6749,411,723,0,0,1
9222,4.1303,0.429,411,723,0,0,1
9223,4.2508,0.6108,410,723,0,0,1
9224,4.1144,0.5892,409,723,0,0,1
9225,4.2344,0.7113,408,723,0,0,1
9226,4.1045,0.7189,408,723,0,0,1
9227,4.4402,0.6912,408,723,0,0,1
9228,3.9079,0.5296,407,723,0,0,1
9229,4.147,0.4804,406,723,0,0,1
9230,4.436,0.453,406,723,0,0,1
9231,3.9912,0.7192,406,723,0,0,1
9232,4.0843,0.8207,405,723,0,0,1
9233,4.2705,0.4343,405,723,0,0,1
9234,4.0377,0.4575,405,723,0,0,1
9235,4.221,0.4683,405,723,0,0,1
9236,4.1326,0.5175,405,723,0,0,1
9237,4.2043,0.74,404,723,0,0,1
9238,4.3442,0.4735,404,723,0,0,1
9239,4.1221,0.5768,404,723,0,0,1
9240,4.0172,0.5052,403,723,0,0,1
9241,4.1422,0.4708,402,723,0,0,1
9242,4.21,0.6365,402,723,0,0,1
9243,4.1661,0.7711,402,723,0,0,1
9244,4.3966,0.6821,400,723,0,0,1
9245,3.9349,0.6597,398,723,0,0,1
9246,4.1633,0.7646,398,723,0,0,1
9247,4.1691,0.7462,398,723,0,0,1
9248,4.1246,0.4818,398,723,0,0,1
9249,4.1551,0.6364,397,723,0,0,1
9250,4.2399,0.721,396,723,0,0,1
9251,4.1325,0.5452,395,723,0,0,1
9252,4.178,0.7778,394,723,0,0,1
9253,4.1352,0.4369,391,723,0,0,1
9254,4.1941,0.5154,390,723,0,0,1
9255,4.1638,0.4887,389,723,0,0,1
9256,4.1096,0.4652,389,723,0,0,1
9257,4.399,0.4716,387,723,0,0,1
9258,3.9586,0.4299,386,723,0,0,1
9259,4.1627,0.4837,385,723,0,0,1
9260,4.1842,0.4468,383,723,0,0,1
9261,4.1609,0.6168,382,723,0,0,1
9262,4.1988,0.4351,381,723,0,0,1
9263,4.177,0.7536,381,723,0,0,1
9264,4.1688,0.6701,381,723,0,0,1
9265,4.097,0.4239,380,723,0,0,1
9266,4.1949,0.4863,380,723,0,0,1
9267,4.2363,0.5478,379,723,0,0,1
9268,4.1396,0.5935,378,723,0,0,1
9269,4.2107,0.6824,377,723,0,0,1
9270,4.2116,0.6104,376,723,0,0,1
9271,4.0556,0.4044,366,723,0,0,1
9272,4.149,0.4552,366,723,0,0,1
9273,4.4549,0.623,366,723,0,0,1
9274,3.917,0.4492,365,723,0,0,1
9275,4.4484,0.6247,365,723,0,0,1
9276,3.8719,0.5134,364,723,0,0,1
9277,4.1362,0.6462,414,723,0,0,1
9278,4.552,0.7174,414,723,0,0,1
9279,3.8275,0.5759,414,723,0,0,1
9280,4.0877,0.5956,414,723,0,0,1
9281,4.1861,0.599,414,723,0,0,1
9282,4.1677,0.4444,414,723,0,0,1
9283,4.1426,0.4209,412,723,0,0,1
9284,4.2302,0.546,410,723,0,0,1
9285,4.1365,0.4437,409,723,0,0,1
9286,4.1809,0.5755,408,723,0,0,1
9287,4.1969,0.4996,407,723,0,0,1
9288,4.2193,0.5164,407,723,0,0,1
9289,4.1154,0.6836,407,723,0,0,1
9290,4.1901,0.6136,406,723,0,0,1
9291,4.1316,0.549,405,723,0,0,1
9292,4.1809,0.5422,405,723,0,0,1
9293,4.1338,0.4763,405,723,0,0,1
9294,4.2855,0.7214,405,723,0,0,1
9295,4.0944,0.7442,404,723,0,0,1
9296,4.1285,0.5355,404,723,0,0,1
9297,4.1831,0.6167,404,723,0,0,1
9298,4.1381,0.449,403,723,0,0,1
9299,4.1551,0.5774,402,723,0,0,1
9300,4.1703,0.7752,402,723,0,0,1
9301,4.1968,0.4306,402,723,0,0,1
9302,4.1456,0.4234,402,723,0,0,1
9303,4.2589,0.5139,402,723,0,0,1
9304,4.1002,0.4401,401,723,0,0,1
9305,4.1052,0.4196,401,723,0,0,1
9306,4.2494,0.6743,400,723,0,0,1
9307,4.4767,0.5493,397,723,0,0,1
9308,3.8284,0.4338,397,723,0,0,1
9309,4.221,0.5086,397,723,0,0,1
9310,5.1452,0.4752,395,723,0,0,1
9311,3.1072,0.4599,393,723,0,0,1
9312,4.2197,0.7055,392,723,0,0,1
9313,4.1428,0.4617,391,723,0,0,1
9314,4.4225,0.6511,391,723,0,0,1
9315,4.1875,0.5575,391,723,0,0,1
9316,3.869,0.4766,391,723,0,0,1
9317,4.1614,0.5072,390,723,0,0,1
9318,4.1682,0.6932,390,723,0,0,1
9319,4.1617,0.4648,389,723,0,0,1
9320,4.2055,0.5344,385,723,0,0,1
9321,4.166,0.5637,384,723,0,0,1
9322,4.1372,0.4879,384,723,0,0,1
9323,4.1603,0.472,384,723,0,0,1
9324,4.1382,0.5753,384,723,0,0,1
9325,4.234,0.6706,383,723,0,0,1
9326,4.2913,0.834,381,723,0,0,1
9327,4.0648,0.7251,381,723,0,0,1
9328,4.1292,0.7336,380,723,0,0,1
9329,4.1909,0.5447,379,723,0,0,1
9330,4.1437,0.452,377,723,0,0,1
9331,4.1611,0.5859,377,723,0,0,1
9332,4.2203,0.5756,376,723,0,0,1
9333,4.1203,0.5029,376,723,0,0,1
9334,4.1132,0.4578,375,723,0,0,1
9335,4.5071,0.4071,375,723,0,0,1
9336,3.9092,0.5593,373,723,0,0,1
9337,4.1129,0.44,372,723,0,0,1
9338,4.4012,0.7146,365,723,0,0,1
9339,4.0065,0.4691,365,723,0,0,1
9340,4.1501,0.5929,365,723,0,0,1
9341,4.1337,0.4746,365,723,0,0,1
9342,4.1501,0.4368,365,723,0,0,1
9343,4.3841,0.5961,364,723,0,0,1
9344,4.083,0.5018,412,723,0,0,1
9345,4.2622,0.6741,411,723,0,0,1
9346,3.9704,0.5077,411,723,0,0,1
9347,4.416,0.6848,409,723,0,0,1
9348,3.9401,0.4945,409,723,0,0,1
9349,4.2171,0.4474,409,723,0,0,1
9350,4.1306,0.6845,408,723,0,0,1
9351,4.1693,0.4523,408,723,0,0,1
9352,4.1369,0.76,408,723,0,0,1
9353,4.4518,0.5761,406,723,0,0,1
9354,3.813,0.4424,405,723,0,0,1
9355,4.2536,0.5865,405,723,0,0,1
9356,4.1151,0.4998,405,723,0,0,1
9357,4.2622,0.7012,405,723,0,0,1
9358,4.0814,0.5032,405,723,0,0,1
9359,4.258,0.742,405,723,0,0,1
9360,4.044,0.5064,405,723,0,0,1
9361,4.1901,0.4626,404,723,0,0,1
9362,4.208,0.5889,404,723,0,0,1
9363,4.102,0.5429,404,723,0,0,1
9364,4.2004,0.5373,404,723,0,0,1
9365,4.2177,0.5025,404,723,0,0,1
9366,4.0716,0.4876,404,723,0,0,1
9367,4.2045,0.4702,403,723,0,0,1
9368,4.2105,0.5617,403,723,0,0,1
9369,4.1643,0.6636,403,723,0,0,1
9370,4.1593,0.4444,403,723,0,0,1
9371,4.1736,0.4313,402,723,0,0,1
9372,4.1391,0.4839,401,723,0,0,1
9373,4.1256,0.4116,399,723,0,0,1
9374,4.2196,0.7595,398,723,0,0,1
9375,4.1072,0.4094,397,723,0,0,1
9376,4.3309,0.8061,396,723,0,0,1
9377,4.0801,0.4226,396,723,0,0,1
9378,4.1582,0.7122,394,723,0,0,1
9379,4.13,0.4385,394,723,0,0,1
9380,4.1854,0.52,394,723,0,0,1
9381,4.2002,0.6856,393,723,0,0,1
9382,4.1021,0.8117,393,723,0,0,1
9383,4.2221,0.5196,393,723,0,0,1
9384,4.1823,0.5556,391,723,0,0,1
9385,4.0952,0.4777,391,723,0,0,1
9386,4.4999,0.4906,390,723,0,0,1
9387,3.9055,0.475,389,723,0,0,1
9388,4.2829,0.7165,388,723,0,0,1
9389,4.1738,0.8241,388,723,0,0,1
9390,4.051,0.5179,388,723,0,0,1
9391,4.3726,0.4549,385,723,0,0,1
9392,3.9606,0.5936,385,723,0,0,1
9393,4.1596,0.6545,384,723,0,0,1
9394,4.1706,0.4621,382,723,0,0,1
9395,4.2607,0.6939,381,723,0,0,1
9396,4.0584,0.5775,381,723,0,0,1
9397,4.128,0.4228,381,723,0,0,1
9398,4.1971,0.4552,381,723,0,0,1
9399,4.1939,0.4403,378,723,0,0,1
9400,4.3661,0.6406,375,723,0,0,1
9401,3.9017,0.4242,374,723,0,0,1
9402,4.2124,0.6294,374,723,0,0,1
9403,4.1772,0.6702,374,723,0,0,1
9404,4.1194,0.5211,373,723,0,0,1
9405,4.2118,0.4515,372,723,0,0,1
9406,4.4658,0.4331,365,723,0,0,1
9407,3.824,0.5965,365,723,0,0,1
9408,4.1743,0.5324,364,723,0,0,1
9409,4.2052,0.4469,364,723,0,0,1
9410,4.4867,0.5434,363,723,0,0,1
9411,4.2257,0.5013,413,723,0,0,1
9412,3.8324,0.4933,413,723,0,0,1
9413,4.0981,0.4665,413,723,0,0,1
9414,4.3076,0.6553,410,723,0,0,1
9415,4.0345,0.5306,410,723,0,0,1
9416,4.1416,0.4766,409,723,0,0,1
9417,4.1832,0.4872,409,723,0,0,1
9418,4.1573,0.4744,409,723,0,0,1
9419,4.2173,0.6604,408,723,0,0,1
9420,4.182,0.6557,408,723,0,0,1
9421,4.081,0.4256,406,723,0,0,1
9422,4.4255,0.5861,406,723,0,0,1
9423,3.9957,0.491,406,723,0,0,1
9424,4.0474,0.5567,406,723,0,0,1
9425,4.2947,0.4198,406,723,0,0,1
9426,4.0531,0.683,406,723,0,0,1
9427,4.1974,0.4341,406,723,0,0,1
9428,4.1877,0.4955,406,723,0,0,1
9429,4.1862,0.6401,404,723,0,0,1
9430,4.0712,0.4859,404,723,0,0,1
9431,4.214,0.7269,404,723,0,0,1
9432,4.2384,0.5177,403,723,0,0,1
9433,4.0674,0.4802,403,723,0,0,1
9434,4.1939,0.7484,401,723,0,0,1
9435,4.2674,0.6719,401,723,0,0,1
9436,4.0649,0.4423,400,723,0,0,1
9437,4.2285,0.4924,399,723,0,0,1
9438,4.1511,0.728,399,723,0,0,1
9439,4.2268,0.694,398,723,0,0,1
9440,4.1244,0.5794,398,723,0,0,1
9441,4.1268,0.4981,398,723,0,0,1
9442,4.1223,0.4598,398,723,0,0,1
9443,4.4775,0.6162,396,723,0,0,1
9444,3.876,0.4495,396,723,0,0,1
9445,4.1764,0.6863,396,723,0,0,1
9446,4.167,0.4914,395,723,0,0,1
9447,4.2281,0.5094,395,723,0,0,1
9448,4.1233,0.5729,394,723,0,0,1
9449,4.0908,0.4222,394,723,0,0,1
9450,4.2217,0.5659,394,723,0,0,1
9451,4.1707,0.4335,394,723,0,0,1
9452,4.2179,0.4382,394,723,0,0,1
9453,4.2023,0.5568,393,723,0,0,1
9454,4.0685,0.4745,392,723,0,0,1
9455,4.3121,0.6057,392,723,0,0,1
9456,4.0753,0.4802,392,723,0,0,1
9457,4.1213,0.455,392,723,0,0,1
9458,4.264,0.7178,391,723,0,0,1
9459,4.173,0.5694,391,723,0,0,1
9460,4.1209,0.5396,391,723,0,0,1
9461,4.16,0.4989,390,723,0,0,1
9462,4.122,0.4413,390,723,0,0,1
9463,4.3495,0.5992,390,723,0,0,1
9464,3.9542,0.4743,390,723,0,0,1
9465,4.2297,0.4821,390,723,0,0,1
9466,4.181,0.5047,390,723,0,0,1
9467,4.1853,0.511,389,723,0,0,1
9468,4.1133,0.5369,389,723,0,0,1
9469,4.1398,0.4513,388,723,0,0,1
9470,4.218,0.4362,388,723,0,0,1
9471,4.2122,0.7017,386,723,0,0,1
9472,4.1464,0.6521,385,723,0,0,1
9473,4.1589,0.4844,377,723,0,0,1
9474,4.1035,0.4309,375,723,0,0,1
9475,4.1739,0.4184,374,723,0,0,1
9476,4.2117,0.6062,374,723,0,0,1
9477,4.2956,0.6073,374,723,0,0,1
9478,3.9569,0.7013,423,723,0,0,1
9479,4.2881,0.6348,423,723,0,0,1
9480,4.1328,0.5907,423,723,0,0,1
9481,4.0939,0.4358,422,723,0,0,1
9482,4.3896,0.4446,422,723,0,0,1
9483,4.0189,0.4376,421,723,0,0,1
9484,4.6075,0.591,421,723,0,0,1
9485,3.7633,0.6038,420,723,0,0,1
9486,4.1265,0.6588,420,723,0,0,1
9487,4.1603,0.6725,420,723,0,0,1
9488,4.3688,0.5357,420,723,0,0,1
9489,4.0281,0.7364,420,723,0,0,1
9490,4.115,0.5138,420,723,0,0,1
9491,4.1042,0.4418,419,723,0,0,1
9492,4.1936,0.502,417,723,0,0,1
9493,4.1267,0.4405,415,723,0,0,1
9494,4.242,0.4429,415,723,0,0,1
9495,4.1147,0.4356,414,723,0,0,1
9496,4.3514,0.712,412,723,0,0,1
9497,4.0369,0.4674,412,723,0,0,1
9498,4.1662,0.7747,412,723,0,0,1
9499,4.2024,0.7299,412,723,0,0,1
9500,4.1057,0.509,412,723,0,0,1
9501,4.171,0.676,412,723,0,0,1
9502,4.1391,0.4695,411,723,0,0,1
9503,4.2122,0.8723,409,723,0,0,1
9504,4.1608,0.5992,408,723,0,0,1
9505,4.0927,0.4397,407,723,0,0,1
9506,4.1725,0.4796,407,723,0,0,1
9507,4.2275,0.4445,407,723,0,0,1
9508,4.1786,0.4417,406,723,0,0,1
9509,4.1857,0.4818,406,723,0,0,1
9510,4.1041,0.4429,406,723,0,0,1
9511,4.2096,0.5686,405,723,0,0,1
9512,4.1292,0.499,405,723,0,0,1
9513,4.4354,0.8008,404,723,0,0,1
9514,3.9565,0.7182,402,723,0,0,1
9515,4.2682,0.5358,402,723,0,0,1
9516,4.026,0.5618,401,723,0,0,1
9517,4.1384,0.4889,400,723,0,0,1
9518,4.2046,0.746,400,723,0,0,1
9519,4.1968,0.5483,399,723,0,0,1
9520,4.1689,0.7326,398,723,0,0,1
9521,4.0748,0.4962,397,723,0,0,1
9522,4.2493,0.5738,397,723,0,0,1
9523,4.1562,0.6898,395,723,0,0,1
9524,4.1293,0.6506,394,723,0,0,1
9525,4.1975,0.612,394,723,0,0,1
9526,4.118,0.5608,394,723,0,0,1
9527,4.2749,0.6607,393,723,0,0,1
9528,4.2408,0.804,392,723,0,0,1
9529,3.9937,0.5149,391,723,0,0,1
9530,4.1953,0.5197,390,723,0,0,1
9531,4.199,0.4794,390,723,0,0,1
9532,4.3664,0.4845,389,723,0,0,1
9533,3.9403,0.6217,388,723,0,0,1
9534,4.305,0.7696,387,723,0,0,1
9535,3.9861,0.8411,385,723,0,0,1
9536,4.145,0.5958,385,723,0,0,1
9537,4.222,0.5499,385,723,0,0,1
9538,4.1562,0.6204,384,723,0,0,1
9539,4.1542,0.7575,384,723,0,0,1
9540,4.2245,0.6058,376,723,0,0,1
9541,4.0922,0.492,375,723,0,0,1
9542,4.2444,0.5796,375,723,0,0,1
9543,4.1558,0.7303,375,723,0,0,1
9544,4.1767,0.6598,375,723,0,0,1
9545,4.1445,0.7072,375,723,0,0,1
9546,4.2769,0.7341,424,723,0,0,1
9547,4.0765,0.523,423,723,0,0,1
9548,4.1636,0.5779,422,723,0,0,1
9549,4.1326,0.4984,422,723,0,0,1
9550,4.1181,0.4616,419,723,0,0,1
9551,4.3756,0.4338,418,723,0,0,1
9552,4.2737,0.6849,418,723,0,0,1
9553,3.8583,0.5285,417,723,0,0,1
9554,4.2515,0.4884,417,723,0,0,1
9555,4.1814,0.4923,417,723,0,0,1
9556,4.3921,0.7709,417,723,0,0,1
9557,3.8851,0.7106,416,723,0,0,1
9558,4.1481,0.5243,416,723,0,0,1
9559,4.1965,0.5372,416,723,0,0,1
9560,4.2439,0.4715,416,723,0,0,1
9561,4.1171,0.5236,416,723,0,0,1
9562,4.1456,0.5243,415,723,0,0,1
9563,4.2005,0.4646,415,723,0,0,1
9564,4.1493,0.7453,415,723,0,0,1
9565,4.1285,0.446,415,723,0,0,1
9566,4.1805,0.5114,415,723,0,0,1
9567,4.1501,0.4419,415,723,0,0,1
9568,4.1977,0.6521,415,723,0,0,1
9569,4.1398,0.4305,413,723,0,0,1
9570,4.1546,0.6118,412,723,0,0,1
9571,4.254,0.7126,412,723,0,0,1
9572,4.1092,0.524,409,723,0,0,1
9573,4.1601,0.4975,409,723,0,0,1
9574,4.1062,0.4418,409,723,0,0,1
9575,4.2974,0.5918,408,723,0,0,1
9576,4.1322,0.6436,408,723,0,0,1
9577,4.1099,0.505,408,723,0,0,1
9578,4.2317,0.4642,407,723,0,0,1
9579,4.1366,0.5456,407,723,0,0,1
9580,4.1799,0.5837,406,723,0,0,1
9581,4.1467,0.5602,404,723,0,0,1
9582,4.1481,0.5852,404,723,0,0,1
9583,4.1985,0.6188,403,723,0,0,1
9584,4.3711,0.7031,403,723,0,0,1
9585,3.9758,0.4893,402,723,0,0,1
9586,4.1472,0.5061,401,723,0,0,1
9587,4.384,0.6902,401,723,0,0,1
9588,3.9218,0.5153,400,723,0,0,1
9589,4.1509,0.4257,399,723,0,0,1
9590,4.2979,0.6906,398,723,0,0,1
9591,4.1111,0.5098,397,723,0,0,1
9592,4.1462,0.6097,394,723,0,0,1
9593,4.1097,0.4156,393,723,0,0,1
9594,4.1635,0.4496,393,723,0,0,1
9595,4.2455,0.5967,392,723,0,0,1
9596,4.1643,0.4726,391,723,0,0,1
9597,4.174,0.4961,389,723,0,0,1
9598,4.1743,0.5031,388,723,0,0,1
9599,4.0975,0.4207,388,723,0,0,1
9600,4.192,0.639,388,723,0,0,1
9601,4.1404,0.4212,387,723,0,0,1
9602,4.1908,0.5928,386,723,0,0,1
9603,4.2017,0.6565,386,723,0,0,1
9604,4.4245,0.6127,386,723,0,0,1
9605,3.8956,0.4706,386,723,0,0,1
9606,4.1204,0.428,385,723,0,0,1
9607,4.1971,0.4391,378,723,0,0,1
9608,4.1626,0.571,378,723,0,0,1
9609,4.2601,0.6553,378,723,0,0,1
9610,4.1116,0.7525,378,723,0,0,1
9611,4.3773,0.7007,378,723,0,0,1
9612,3.8967,0.4852,376,723,0,0,1
9613,4.1419,0.4645,425,723,0,0,1
9614,4.1708,0.6345,425,723,0,0,1
9615,4.2085,0.4496,425,723,0,0,1
9616,4.3475,0.6944,425,723,0,0,1
9617,3.946,0.4367,423,723,0,0,1
9618,4.1652,0.4256,422,723,0,0,1
9619,4.2054,0.4645,419,723,0,0,1
9620,4.175,0.5918,418,723,0,0,1
9621,4.3336,0.8018,418,723,0,0,1
9622,3.9166,0.4808,418,723,0,0,1
9623,4.2226,0.4682,418,723,0,0,1
9624,4.2171,0.5541,418,723,0,0,1
9625,4.1262,0.442,417,723,0,0,1
9626,4.205,0.4753,416,723,0,0,1
9627,4.1577,0.4433,416,723,0,0,1
9628,4.1752,0.6221,416,723,0,0,1
9629,4.2162,0.4966,414,723,0,0,1
9630,4.1181,0.539,414,723,0,0,1
9631,4.1736,0.4621,413,723,0,0,1
9632,4.1794,0.4763,413,723,0,0,1
9633,4.1387,0.7123,413,723,0,0,1
9634,4.2612,0.7056,413,723,0,0,1
9635,4.0982,0.5649,413,723,0,0,1
9636,4.4644,0.5052,412,723,0,0,1
9637,3.8163,0.5389,412,723,0,0,1
9638,4.148,0.4732,411,723,0,0,1
9639,4.2183,0.4737,411,723,0,0,1
9640,4.2139,0.5757,411,723,0,0,1
9641,4.0285,0.4369,411,723,0,0,1
9642,4.2007,0.9682,410,723,0,0,1
9643,4.4718,0.9498,409,723,0,0,1
9644,3.9039,0.5627,409,723,0,0,1
9645,4.1941,0.586,407,723,0,0,1
9646,4.1074,0.4569,407,723,0,0,1
9647,4.2609,0.7243,405,723,0,0,1
9648,4.1896,0.7047,403,723,0,0,1
9649,4.0802,0.6886,402,723,0,0,1
9650,4.4123,0.4978,401,723,0,0,1
9651,3.9488,0.4982,400,723,0,0,1
9652,4.1852,0.7817,400,723,0,0,1
9653,4.1811,0.5328,400,723,0,0,1
9654,4.0637,0.5234,398,723,0,0,1
9655,4.2729,0.5727,396,723,0,0,1
9656,4.0943,0.5423,395,723,0,0,1
9657,4.1855,0.4749,394,723,0,0,1
9658,4.1502,0.5927,394,723,0,0,1
9659,4.4423,0.6236,394,723,0,0,1
9660,3.9328,0.6101,392,723,0,0,1
9661,4.0986,0.4364,391,723,0,0,1
9662,4.2475,0.4943,391,723,0,0,1
9663,4.1601,0.4965,390,723,0,0,1
9664,4.1251,0.6322,390,723,0,0,1
9665,4.1292,0.4269,390,723,0,0,1
9666,4.1858,0.4376,390,723,0,0,1
9667,4.1629,0.6039,389,723,0,0,1
9668,4.1921,0.4359,389,723,0,0,1
9669,4.1722,0.5861,388,723,0,0,1
9670,4.1347,0.4423,387,723,0,0,1
9671,4.2805,0.6108,387,723,0,0,1
9672,4.2,0.7068,386,723,0,0,1
9673,4.01,0.4162,385,723,0,0,1
9674,4.4384,0.6459,376,723,0,0,1
9675,3.9842,0.4668,373,723,0,0,1
9676,4.1463,0.4827,373,723,0,0,1
9677,4.1842,0.6166,373,723,0,0,1
9678,4.0947,0.7014,372,723,0,0,1
9679,4.2043,0.4968,372,723,0,0,1
9680,4.1677,0.5834,420,723,0,0,1
9681,4.1216,0.4671,420,723,0,0,1
9682,4.1945,0.4668,420,723,0,0,1
9683,4.1257,0.6161,420,723,0,0,1
9684,4.2657,0.7974,420,723,0,0,1
9685,4.107,0.4837,420,723,0,0,1
9686,4.4375,0.7922,420,723,0,0,1
9687,3.9384,0.6907,420,723,0,0,1
9688,4.1193,0.6093,419,723,0,0,1
9689,4.2051,0.4768,419,723,0,0,1
9690,4.1311,0.6431,419,723,0,0,1
9691,4.6173,0.5599,418,723,0,0,1
9692,3.7177,0.5801,416,723,0,0,1
9693,4.231,0.7056,414,723,0,0,1
9694,4.0153,0.4387,413,723,0,0,1
9695,4.4785,0.4363,412,723,0,0,1
9696,3.9291,0.7119,410,723,0,0,1
9697,4.1478,0.4959,409,723,0,0,1
9698,4.2489,0.5778,409,723,0,0,1
9699,4.1424,0.5598,409,723,0,0,1
9700,4.1836,0.6507,409,723,0,0,1
9701,4.1691,0.5264,409,723,0,0,1
9702,4.1135,0.5495,409,723,0,0,1
9703,4.243,0.7757,409,723,0,0,1
9704,4.1356,0.589,409,723,0,0,1
9705,4.1909,0.5246,407,723,0,0,1
9706,4.1173,0.5078,407,723,0,0,1
9707,4.202,0.4628,406,723,0,0,1
9708,4.1686,0.618,404,723,0,0,1
9709,4.0999,0.4391,404,723,0,0,1
9710,4.2099,0.5318,403,723,0,0,1
9711,4.2069,0.5123,403,723,0,0,1
9712,4.1594,0.6298,403,723,0,0,1
9713,4.0569,0.4462,403,723,0,0,1
9714,4.2158,0.717,403,723,0,0,1
9715,4.2266,0.7509,402,723,0,0,1
9716,4.1904,0.4978,402,723,0,0,1
9717,4.0713,0.5058,402,723,0,0,1
9718,4.1793,0.628,401,723,0,0,1
9719,4.4037,0.442,401,723,0,0,1
9720,3.9909,0.5919,401,723,0,0,1
9721,4.0786,0.4462,399,723,0,0,1
9722,4.3528,0.4435,397,723,0,0,1
9723,3.9957,0.617,395,723,0,0,1
9724,4.2292,0.5067,394,723,0,0,1
9725,4.1552,0.5621,394,723,0,0,1
9726,4.1288,0.4711,394,723,0,0,1
9727,4.1876,0.5141,394,723,0,0,1
9728,4.1685,0.4801,391,723,0,0,1
9729,4.1475,0.4308,389,723,0,0,1
9730,4.1866,0.4793,388,723,0,0,1
9731,4.2966,0.5256,385,723,0,0,1
9732,4.4643,0.4326,385,723,0,0,1
9733,3.7331,0.4546,383,723,0,0,1
9734,4.3245,0.6528,383,723,0,0,1
9735,4.0357,0.4458,383,723,0,0,1
9736,4.1696,0.4937,383,723,0,0,1
9737,4.1026,0.4309,383,723,0,0,1
9738,4.1796,0.4263,381,723,0,0,1
9739,4.222,0.4496,381,723,0,0,1
9740,4.1829,0.6167,381,723,0,0,1
9741,4.1852,0.6058,373,723,0,0,1
9742,4.0626,0.6118,373,723,0,0,1
9743,4.2541,0.4705,373,723,0,0,1
9744,4.4028,1.0886,371,723,0,0,1
9745,3.875,0.4788,371,723,0,0,1
9746,4.1137,0.4827,371,723,0,0,1
9747,4.3188,0.8153,420,723,0,0,1
9748,4.0625,0.5417,420,723,0,0,1
9749,4.4463,0.4903,420,723,0,0,1
9750,3.9299,0.5933,419,723,0,0,1
9751,4.3744,0.6512,416,723,0,0,1
9752,3.9254,0.4428,416,723,0,0,1
9753,4.2141,0.7408,416,723,0,0,1
9754,4.1774,0.7766,415,723,0,0,1
9755,4.2021,0.9326,415,723,0,0,1
9756,4.3677,0.7583,415,723,0,0,1
9757,3.8667,0.4963,414,723,0,0,1
9758,4.2186,0.4809,414,723,0,0,1
9759,4.1142,0.4963,414,723,0,0,1
9760,4.2828,0.8164,414,723,0,0,1
9761,4.0258,0.4336,414,723,0,0,1
9762,4.1882,0.4414,414,723,0,0,1
9763,4.5069,0.6082,414,723,0,0,1
9764,3.8366,0.4322,414,723,0,0,1
9765,4.2159,0.7237,414,723,0,0,1
9766,4.1116,0.4728,414,723,0,0,1
9767,4.2235,0.5748,413,723,0,0,1
9768,4.1354,0.7037,412,723,0,0,1
9769,4.1203,0.5077,412,723,0,0,1
9770,4.243,0.8626,412,723,0,0,1
9771,4.0972,0.4559,412,723,0,0,1
9772,4.42,0.7381,412,723,0,0,1
9773,4.0829,0.5166,412,723,0,0,1
9774,4.1094,0.6174,412,723,0,0,1
9775,4.1007,0.4903,412,723,0,0,1
9776,4.1467,0.6525,411,723,0,0,1
9777,4.2002,0.6286,411,723,0,0,1
9778,4.2465,0.4491,410,723,0,0,1
9779,4.1635,0.4851,410,723,0,0,1
9780,4.3557,0.451,409,723,0,0,1
9781,3.8388,0.4752,408,723,0,0,1
9782,4.2372,0.6835,408,723,0,0,1
9783,4.1465,0.5043,408,723,0,0,1
9784,4.1927,0.7826,408,723,0,0,1
9785,4.1274,0.5144,407,723,0,0,1
9786,4.1984,0.7397,407,723,0,0,1
9787,4.1153,0.6332,407,723,0,0,1
9788,4.2214,0.4825,406,723,0,0,1
9789,4.1904,0.5052,405,723,0,0,1
9790,4.0451,0.4573,403,723,0,0,1
9791,4.48,0.6342,401,723,0,0,1
9792,4.1032,0.7692,399,723,0,0,1
9793,3.9618,0.4504,399,723,0,0,1
9794,4.1864,0.4792,397,723,0,0,1
9795,4.2287,0.4419,395,723,0,0,1
9796,4.1603,0.5626,394,723,0,0,1
9797,4.2052,0.4875,394,723,0,0,1
9798,4.0515,0.4406,391,723,0,0,1
9799,4.4646,0.5292,391,723,0,0,1
9800,3.9397,0.4487,390,723,0,0,1
9801,4.1216,0.4571,390,723,0,0,1
9802,4.1792,0.4933,389,723,0,0,1
9803,4.2332,0.706,388,723,0,0,1
9804,4.1542,0.7128,388,723,0,0,1
9805,4.09,0.4282,387,723,0,0,1
9806,4.2092,0.5115,386,723,0,0,1
9807,4.2035,0.4618,385,723,0,0,1
9808,4.3046,0.6394,378,723,0,0,1
9809,3.888,0.6006,377,723,0,0,1
9810,4.3431,0.692,377,723,0,0,1
9811,4.1384,0.4125,376,723,0,0,1
9812,4.0747,0.5222,376,723,0,0,1
9813,4.1936,0.4882,376,723,0,0,1
9814,4.1023,0.4756,426,723,0,0,1
9815,4.2049,0.9073,425,723,0,0,1
9816,4.136,0.5256,425,723,0,0,1
9817,4.1786,0.5344,423,723,0,0,1
9818,4.2112,0.5234,420,723,0,0,1
9819,4.2106,0.5151,420,723,0,0,1
9820,4.1226,0.4949,418,723,0,0,1
9821,4.1574,0.4999,417,723,0,0,1
9822,4.1615,0.6789,417,723,0,0,1
9823,4.3267,0.7328,416,723,0,0,1
9824,4.1691,0.4699,416,723,0,0,1
9825,4.0361,0.4993,416,723,0,0,1
9826,4.4804,0.4625,415,723,0,0,1
9827,3.8039,0.5826,414,723,0,0,1
9828,4.3983,0.5406,414,723,0,0,1
9829,3.9226,0.5497,413,723,0,0,1
9830,4.2378,0.5281,413,723,0,0,1
9831,4.1904,0.5116,412,723,0,0,1
9832,4.1185,0.6493,411,723,0,0,1
9833,4.0997,0.4436,410,723,0,0,1
9834,4.2085,0.6908,410,723,0,0,1
9835,4.2361,0.7255,408,723,0,0,1
9836,4.1903,0.6096,408,723,0,0,1
9837,4.1327,0.5005,408,723,0,0,1
9838,4.1025,0.4543,408,723,0,0,1
9839,4.2356,0.519,407,723,0,0,1
9840,4.1345,0.6065,407,723,0,0,1
9841,4.1418,0.4722,407,723,0,0,1
9842,4.2182,0.5537,407,723,0,0,1
9843,4.1842,0.5561,405,723,0,0,1
9844,4.121,0.5342,405,723,0,0,1
9845,4.2344,0.6545,405,723,0,0,1
9846,4.0453,0.6116,405,723,0,0,1
9847,4.2098,0.6253,405,723,0,0,1
9848,4.1631,0.6252,405,723,0,0,1
9849,4.2114,0.508,404,723,0,0,1
9850,4.1682,0.5043,404,723,0,0,1
9851,4.1764,0.4809,404,723,0,0,1
9852,4.0803,0.5744,404,723,0,0,1
9853,4.1963,0.4538,404,723,0,0,1
9854,4.2494,0.7045,404,723,0,0,1
9855,4.0959,0.4436,403,723,0,0,1
9856,4.1995,0.6015,401,723,0,0,1
9857,4.0637,0.4126,400,723,0,0,1
9858,4.2162,0.5109,398,723,0,0,1
9859,4.2173,0.4389,398,723,0,0,1
9860,4.1337,0.4836,398,723,0,0,1
9861,4.3115,0.6739,398,723,0,0,1
9862,3.9972,0.4763,398,723,0,0,1
9863,4.6291,0.4538,397,723,0,0,1
9864,3.8963,0.4857,396,723,0,0,1
9865,3.9939,0.4827,396,723,0,0,1
9866,4.5047,0.6357,396,723,0,0,1
9867,3.8175,0.498,396,723,0,0,1
9868,4.2292,0.7291,396,723,0,0,1
9869,4.1828,0.5526,395,723,0,0,1
9870,4.0842,0.4614,394,723,0,0,1
9871,4.2243,0.5074,394,723,0,0,1
9872,4.3061,0.5942,392,723,0,0,1
9873,4.0762,0.7057,392,723,0,0,1
9874,4.1273,0.5931,392,723,0,0,1
9875,4.1617,0.5134,392,723,0,0,1
9876,4.1775,0.5725,384,723,0,0,1
9877,4.1145,0.6664,384,723,0,0,1
9878,4.2589,1.0519,383,723,0,0,1
9879,4.0661,0.5291,382,723,0,0,1
9880,4.2012,0.6284,380,723,0,0,1
9881,4.0781,0.4908,379,723,0,0,1
9882,4.218,0.4952,428,723,0,0,1
9883,4.2305,0.4936,428,723,0,0,1
9884,4.1241,0.4786,426,723,0,0,1
9885,4.2038,0.6122,426,723,0,0,1
9886,4.1421,0.4527,426,723,0,0,1
9887,4.1257,0.4357,426,723,0,0,1
9888,4.3404,0.4859,424,723,0,0,1
9889,4.0122,0.4796,424,723,0,0,1
9890,4.2098,0.7762,424,723,0,0,1
9891,4.3243,0.5072,423,723,0,0,1
9892,4.3352,0.7414,423,723,0,0,1
9893,3.8617,0.6519,422,723,0,0,1
9894,4.1371,0.4678,419,723,0,0,1
9895,4.5475,0.4585,419,723,0,0,1
9896,3.7467,0.5868,419,723,0,0,1
9897,4.3856,0.4556,417,723,0,0,1
9898,4.0635,0.7117,417,723,0,0,1
9899,4.3219,0.5857,417,723,0,0,1
9900,3.9534,0.5194,416,723,0,0,1
9901,4.2114,0.4262,416,723,0,0,1
9902,4.3765,0.7042,416,723,0,0,1
9903,3.9403,0.4921,415,723,0,0,1
9904,4.2832,0.7304,415,723,0,0,1
9905,3.9813,0.5093,415,723,0,0,1
9906,4.1213,0.5102,415,723,0,0,1
9907,4.1629,0.4737,415,723,0,0,1
9908,4.1759,0.4675,415,723,0,0,1
9909,4.5236,0.695,414,723,0,0,1
9910,3.8109,0.6208,414,723,0,0,1
9911,4.2349,0.4423,414,723,0,0,1
9912,4.3231,0.4753,414,723,0,0,1
9913,4.0107,0.4511,412,723,0,0,1
9914,4.4909,0.439,412,723,0,0,1
9915,3.8977,0.4898,412,723,0,0,1
9916,4.2538,0.4444,412,723,0,0,1
9917,4.1333,0.6912,412,723,0,0,1
9918,4.1116,0.6815,409,723,0,0,1
9919,4.5068,0.5859,408,723,0,0,1
9920,3.7605,0.506,407,723,0,0,1
9921,4.5379,0.7573,406,723,0,0,1
9922,4.0959,0.7581,404,723,0,0,1
9923,3.9141,0.7968,404,723,0,0,1
9924,4.3048,0.4875,403,723,0,0,1
9925,4.0577,0.5069,403,723,0,0,1
9926,4.4071,0.702,403,723,0,0,1
9927,3.9064,0.6521,403,723,0,0,1
9928,4.4525,0.6541,403,723,0,0,1
9929,3.8067,0.7032,403,723,0,0,1
9930,4.4699,0.7669,402,723,0,0,1
9931,4.2738,0.617,401,723,0,0,1
9932,3.765,0.5397,400,723,0,0,1
9933,4.6092,0.4394,398,723,0,0,1
9934,3.7009,0.5776,398,723,0,0,1
9935,4.2884,0.6549,396,723,0,0,1
9936,4.313,0.6457,396,723,0,0,1
9937,3.9481,0.4349,394,723,0,0,1
9938,4.128,0.4322,393,723,0,0,1
9939,4.1165,0.6702,393,723,0,0,1
9940,4.4206,0.6073,392,723,0,0,1
9941,4.1014,0.5565,391,723,0,0,1
9942,3.9958,0.4475,391,723,0,0,1
9943,4.1564,0.6629,390,723,0,0,1
9944,4.175,0.4586,382,723,0,0,1
9945,4.5013,0.5116,381,723,0,0,1
9946,3.9181,0.4738,381,723,0,0,1
9947,4.1869,0.5846,379,723,0,0,1
9948,4.1187,0.633,379,723,0,0,1
9949,4.1186,0.7017,428,723,0,0,1
9950,4.2618,0.572,427,723,0,0,1
9951,4.127,0.4984,426,723,0,0,1
9952,4.1918,0.6709,424,723,0,0,1
9953,4.1016,0.7436,422,723,0,0,1
9954,4.1874,0.4324,422,723,0,0,1
9955,4.2512,0.6725,421,723,0,0,1
9956,4.1224,0.5251,420,723,0,0,1
9957,4.1053,0.4883,420,723,0,0,1
9958,4.1782,0.5319,420,723,0,0,1
9959,4.2847,0.7418,418,723,0,0,1
9960,4.116,0.7503,418,723,0,0,1
9961,4.1137,0.4653,418,723,0,0,1
9962,4.1731,0.5029,417,723,0,0,1
9963,4.2197,0.5036,414,723,0,0,1
9964,4.1276,0.5673,414,723,0,0,1
9965,4.1889,0.4892,414,723,0,0,1
9966,4.1247,0.6353,413,723,0,0,1
9967,4.4781,0.4436,413,723,0,0,1
9968,3.9658,0.6485,413,723,0,0,1
9969,4.0426,0.4481,413,723,0,0,1
9970,4.1904,0.5262,413,723,0,0,1
9971,4.2261,0.7362,412,723,0,0,1
9972,4.1044,0.5019,411,723,0,0,1
9973,4.1313,0.7234,411,723,0,0,1
9974,4.4656,0.6371,409,723,0,0,1
9975,3.9034,0.513,408,723,0,0,1
9976,4.2513,0.7251,406,723,0,0,1
9977,4.0655,0.5249,405,723,0,0,1
9978,4.1398,0.5127,405,723,0,0,1
9979,4.1711,0.4815,405,723,0,0,1
9980,4.2237,0.4788,405,723,0,0,1
9981,4.2583,0.5379,405,723,0,0,1
9982,3.9961,0.4432,404,723,0,0,1
9983,4.2868,0.4865,403,723,0,0,1
9984,4.1731,0.7739,402,723,0,0,1
9985,4.0934,0.4306,402,723,0,0,1
9986,4.2406,0.7004,402,723,0,0,1
9987,4.0805,0.4542,401,723,0,0,1
9988,4.2052,0.4321,400,723,0,0,1
9989,4.1818,0.6079,400,723,0,0,1
9990,4.1696,0.6503,398,723,0,0,1
9991,4.1867,0.5687,397,723,0,0,1
9992,4.1151,0.7656,396,723,0,0,1
9993,4.3391,0.6785,396,723,0,0,1
9994,3.9909,0.4652,396,723,0,0,1
9995,4.2872,0.5779,396,723,0,0,1
9996,4.1101,0.5793,395,723,0,0,1
9997,4.0978,0.7052,394,723,0,0,1
9998,4.2569,0.4197,393,723,0,0,1
9999,4.1202,0.4091,392,723,0,0,1
10000,4.4006,0.6337,391,723,0,0,1
10001,3.8407,0.4001,389,723,0,0,1
10002,4.2611,0.4237,388,723,0,0,1
10003,4.179,0.5304,388,723,0,0,1
10004,4.1096,0.742,387,723,0,0,1
10005,4.552,0.7061,386,723,0,0,1
10006,3.8229,0.4752,385,723,0,0,1
10007,4.4082,0.6524,385,723,0,0,1
10008,3.9384,0.485,385,723,0,0,1
10009,4.1309,0.427,384,723,0,0,1
10010,4.2232,0.4382,384,723,0,0,1
10011,4.1155,0.4372,377,723,0,0,1
10012,4.2607,0.4727,377,723,0,0,1
10013,4.1307,0.6341,377,723,0,0,1
10014,4.1546,0.4975,377,723,0,0,1
10015,4.291,0.4153,376,723,0,0,1
10016,3.9681,0.485,426,723,0,0,1
10017,4.2766,0.6911,426,723,0,0,1
10018,4.0833,0.5038,426,723,0,0,1
10019,4.1912,0.5591,426,723,0,0,1
10020,4.2103,0.8762,426,723,0,0,1
10021,4.0932,0.4651,426,723,0,0,1
10022,4.2142,0.4927,425,723,0,0,1
10023,4.1713,0.4715,424,723,0,0,1
10024,4.1235,0.4628,422,723,0,0,1
10025,4.1412,0.4398,421,723,0,0,1
10026,4.4516,0.7073,421,723,0,0,1
10027,4.0054,0.5233,420,723,0,0,1
10028,4.0492,0.4615,420,723,0,0,1
10029,4.2231,0.7059,418,723,0,0,1
10030,4.2077,0.7122,418,723,0,0,1
10031,4.102,0.58,417,723,0,0,1
10032,4.2107,0.6153,417,723,0,0,1
10033,4.0849,0.4581,417,723,0,0,1
10034,4.2216,0.4973,417,723,0,0,1
10035,4.2056,0.4617,414,723,0,0,1
10036,4.1146,0.6577,414,723,0,0,1
10037,4.1912,0.4968,413,723,0,0,1
10038,4.3905,0.5072,409,723,0,0,1
10039,4.0992,0.4536,408,723,0,0,1
10040,3.9662,0.5453,407,723,0,0,1
10041,4.1606,0.5235,407,723,0,0,1
10042,4.1701,0.4362,407,723,0,0,1
10043,4.2741,0.7257,406,723,0,0,1
10044,4.7917,0.4495,405,723,0,0,1
10045,3.4296,0.4888,405,723,0,0,1
10046,4.491,0.5354,403,723,0,0,1
10047,3.8937,0.5184,402,723,0,0,1
10048,4.2979,0.6813,402,723,0,0,1
10049,4.073,0.701,402,723,0,0,1
10050,4.3296,0.5241,400,723,0,0,1
10051,3.9414,0.5456,399,723,0,0,1
10052,4.1319,0.5873,398,723,0,0,1
10053,4.1916,0.586,396,723,0,0,1
10054,4.1292,0.5323,394,723,0,0,1
10055,4.2835,0.7021,394,723,0,0,1
10056,4.1076,0.5162,393,723,0,0,1
10057,4.1001,0.4424,392,723,0,0,1
10058,4.26,0.5222,392,723,0,0,1
10059,4.1305,0.4714,391,723,0,0,1
10060,4.2548,0.6621,391,723,0,0,1
10061,4.1177,0.4391,387,723,0,0,1
10062,4.2589,0.6448,387,723,0,0,1
10063,4.2571,0.4426,387,723,0,0,1
10064,3.8909,0.4706,387,723,0,0,1
10065,4.1809,0.4926,385,723,0,0,1
10066,4.1923,0.6168,385,723,0,0,1
10067,4.2066,0.7584,384,723,0,0,1
10068,4.207,0.5404,384,723,0,0,1
10069,4.0783,0.5121,384,723,0,0,1
10070,4.5242,0.5575,384,723,0,0,1
10071,3.8643,0.574,383,723,0,0,1
10072,4.2233,0.5484,382,723,0,0,1
10073,4.0506,0.5082,381,723,0,0,1
10074,4.2541,0.7059,381,723,0,0,1
10075,4.1866,0.5822,380,723,0,0,1
10076,4.0606,0.5862,380,723,0,0,1
10077,4.1832,0.5618,372,723,0,0,1
10078,4.1824,0.7946,371,723,0,0,1
10079,4.3307,0.5441,371,723,0,0,1
10080,4.0309,0.8067,371,723,0,0,1
10081,4.1217,0.498,371,723,0,0,1
10082,4.2336,0.5679,369,723,0,0,1
10083,4.1448,0.735,418,723,0,0,1
10084,4.2197,0.5698,418,723,0,0,1
10085,4.1209,0.564,416,723,0,0,1
10086,4.1109,0.465,415,723,0,0,1
10087,4.3526,0.4794,414,723,0,0,1
10088,3.9973,0.5538,413,723,0,0,1
10089,4.1945,0.4987,411,723,0,0,1
10090,4.1674,0.4846,411,723,0,0,1
10091,4.1667,0.4997,411,723,0,0,1
10092,4.148,0.568,408,723,0,0,1
10093,4.139,0.4244,408,723,0,0,1
10094,4.2551,0.6676,408,723,0,0,1
10095,4.0853,0.4645,408,723,0,0,1
10096,4.2151,0.6233,406,723,0,0,1
10097,4.1129,0.4584,406,723,0,0,1
10098,4.19,0.4731,404,723,0,0,1
10099,4.2336,0.6522,404,723,0,0,1
10100,4.179,0.7505,404,723,0,0,1
10101,4.3988,0.7071,404,723,0,0,1
10102,3.9492,0.5111,403,723,0,0,1
10103,4.0513,0.59,402,723,0,0,1
10104,4.2247,0.6437,400,723,0,0,1
10105,4.1207,0.6242,400,723,0,0,1
10106,4.1539,0.4525,400,723,0,0,1
10107,4.1367,0.4498,400,723,0,0,1
10108,4.2416,0.6182,400,723,0,0,1
10109,4.0921,0.418,400,723,0,0,1
10110,4.181,0.5124,399,723,0,0,1
10111,4.1834,0.4379,397,723,0,0,1
10112,4.1924,0.5005,397,723,0,0,1
10113,4.1448,0.6038,397,723,0,0,1
10114,4.1019,0.4646,396,723,0,0,1
10115,4.2097,0.4205,395,723,0,0,1
10116,4.234,0.6925,392,723,0,0,1
10117,4.1621,0.6719,392,723,0,0,1
10118,4.2144,0.7366,392,723,0,0,1
10119,4.0806,0.4447,392,723,0,0,1
10120,4.1299,0.7077,391,723,0,0,1
10121,4.1935,0.5258,389,723,0,0,1
10122,4.1682,0.8584,389,723,0,0,1
10123,4.1437,0.5897,389,723,0,0,1
10124,4.2353,0.4362,388,723,0,0,1
10125,4.3447,0.474,388,723,0,0,1
10126,4.2788,0.4522,386,723,0,0,1
10127,3.832,0.4538,385,723,0,0,1
10128,4.2065,0.8396,385,723,0,0,1
10129,4.1206,0.5011,384,723,0,0,1
10130,4.1425,0.7429,381,723,0,0,1
10131,4.429,0.5886,380,723,0,0,1
10132,3.9241,0.4612,380,723,0,0,1
10133,4.2006,0.5243,380,723,0,0,1
10134,4.148,0.4556,378,723,0,0,1
10135,4.1755,0.5936,377,723,0,0,1
10136,4.1932,0.4974,376,723,0,0,1
10137,4.2462,0.6596,376,723,0,0,1
10138,4.0504,0.471,376,723,0,0,1
10139,4.1643,0.4445,375,723,0,0,1
10140,4.2374,0.4924,374,723,0,0,1
10141,4.1179,0.5232,374,723,0,0,1
10142,4.1215,0.5795,374,723,0,0,1
10143,4.1899,0.4136,373,723,0,0,1
10144,4.1796,0.7354,373,723,0,0,1
10145,4.2227,0.4681,366,723,0,0,1
10146,4.1024,0.6309,364,723,0,0,1
10147,4.2098,0.4439,364,723,0,0,1
10148,4.2165,0.5786,362,723,0,0,1
10149,4.168,0.6135,362,723,0,0,1
10150,4.0524,0.4708,412,723,0,0,1
10151,4.2336,0.6773,411,723,0,0,1
10152,4.1285,0.435,411,723,0,0,1
10153,4.1603,0.4389,410,723,0,0,1
10154,4.1625,0.6015,410,723,0,0,1
10155,4.1441,0.4422,408,723,0,0,1
10156,4.2801,0.4829,408,723,0,0,1
10157,4.1496,0.5622,408,723,0,0,1
10158,4.1647,0.5828,408,723,0,0,1
10159,4.3005,0.5129,407,723,0,0,1
10160,3.9844,0.5928,406,723,0,0,1
10161,4.2064,0.6676,405,723,0,0,1
10162,4.3888,0.6691,405,723,0,0,1
10163,3.9584,0.5323,405,723,0,0,1
10164,4.112,0.445,405,723,0,0,1
10165,4.1444,0.4703,405,723,0,0,1
10166,4.2278,0.4687,405,723,0,0,1
10167,4.1783,0.4581,404,723,0,0,1
10168,4.1697,0.6032,403,723,0,0,1
10169,4.1416,0.4916,402,723,0,0,1
10170,4.4131,0.5086,401,723,0,0,1
10171,3.9161,0.482,401,723,0,0,1
10172,4.1963,0.6518,401,723,0,0,1
10173,4.1007,0.6197,401,723,0,0,1
10174,4.1227,0.4685,401,723,0,0,1
10175,4.5127,0.6004,401,723,0,0,1
10176,3.9224,0.5646,401,723,0,0,1
10177,4.1126,0.4867,399,723,0,0,1
10178,4.2082,0.5938,399,723,0,0,1
10179,4.2052,0.5341,399,723,0,0,1
10180,4.1984,0.5188,397,723,0,0,1
10181,4.0846,0.8372,397,723,0,0,1
10182,4.1877,0.5326,397,723,0,0,1
10183,4.1455,0.4716,396,723,0,0,1
10184,4.1596,0.4761,396,723,0,0,1
10185,4.2107,0.4727,395,723,0,0,1
10186,4.1434,0.5678,391,723,0,0,1
10187,4.1799,0.7089,391,723,0,0,1
10188,4.1459,0.4321,391,723,0,0,1
10189,4.1162,0.4614,391,723,0,0,1
10190,4.2561,0.5076,391,723,0,0,1
10191,4.0717,0.4884,390,723,0,0,1
10192,4.2688,0.5639,388,723,0,0,1
10193,4.1322,0.4293,386,723,0,0,1
10194,4.2752,0.6485,385,723,0,0,1
10195,4.0123,0.4418,383,723,0,0,1
10196,4.1931,0.4312,383,723,0,0,1
10197,4.1705,0.4726,383,723,0,0,1
10198,4.1217,0.5623,383,723,0,0,1
10199,4.2479,0.6555,382,723,0,0,1
10200,4.2341,0.7643,382,723,0,0,1
10201,4.0376,0.4313,381,723,0,0,1
10202,4.1931,0.442,381,723,0,0,1
10203,4.1687,0.48,380,723,0,0,1
10204,4.1742,0.4619,380,723,0,0,1
10205,4.1673,0.4903,378,723,0,0,1
10206,4.1243,0.4663,378,723,0,0,1
10207,4.2516,0.435,378,723,0,0,1
10208,4.2117,0.7166,377,723,0,0,1
10209,4.1013,0.67,376,723,0,0,1
10210,4.1529,0.5386,374,723,0,0,1
10211,4.3258,0.5073,374,723,0,0,1
10212,3.9167,0.4977,366,723,0,0,1
10213,4.2352,0.5244,365,723,0,0,1
10214,4.2399,0.5728,363,723,0,0,1
10215,4.1396,0.5545,363,723,0,0,1
10216,4.1933,0.5193,361,723,0,0,1
10217,4.0518,0.4897,410,723,0,0,1
10218,4.2447,0.7451,410,723,0,0,1
10219,4.4832,0.5884,409,723,0,0,1
10220,3.9485,0.7954,409,723,0,0,1
10221,4.0439,0.5639,409,723,0,0,1
10222,4.0899,0.4579,408,723,0,0,1
10223,4.2667,0.4919,408,723,0,0,1
10224,4.1385,0.6109,407,723,0,0,1
10225,4.1199,0.4352,407,723,0,0,1
10226,4.1836,0.6965,407,723,0,0,1
10227,4.2339,0.6257,407,723,0,0,1
10228,4.1261,0.4288,407,723,0,0,1
10229,4.2042,0.4695,407,723,0,0,1
10230,4.086,0.5987,406,723,0,0,1
10231,4.4561,0.4101,406,723,0,0,1
10232,3.9655,0.5665,405,723,0,0,1
10233,4.0955,0.4236,405,723,0,0,1
10234,4.2222,0.4937,405,723,0,0,1
10235,4.1991,0.5411,404,723,0,0,1
10236,4.0549,0.4977,403,723,0,0,1
10237,4.2602,0.7716,403,723,0,0,1
10238,4.2309,0.7127,402,723,0,0,1
10239,4.0631,0.5337,400,723,0,0,1
10240,4.2266,0.591,400,723,0,0,1
10241,4.096,0.5098,400,723,0,0,1
10242,4.1571,0.5042,400,723,0,0,1
10243,4.2351,0.5272,400,723,0,0,1
10244,4.119,0.4692,400,723,0,0,1
10245,4.4063,0.6528,400,723,0,0,1
10246,3.9961,0.5594,400,723,0,0,1
10247,4.0599,0.4479,400,723,0,0,1
10248,4.235,0.4665,399,723,0,0,1
10249,4.1113,0.6284,399,723,0,0,1
10250,4.3316,0.4554,399,723,0,0,1
10251,3.9829,0.4678,399,723,0,0,1
10252,4.3185,0.6491,399,723,0,0,1
10253,3.996,0.5156,398,723,0,0,1
10254,4.2657,0.4405,397,723,0,0,1
10255,4.1507,0.6394,397,723,0,0,1
10256,4.1288,0.4778,397,723,0,0,1
10257,4.1749,0.7896,394,723,0,0,1
10258,4.1808,0.4374,393,723,0,0,1
10259,4.2041,0.4863,391,723,0,0,1
10260,4.1073,0.4235,391,723,0,0,1
10261,4.1701,0.431,390,723,0,0,1
10262,4.1666,0.427,388,723,0,0,1
10263,4.2108,0.4218,387,723,0,0,1
10264,4.1619,0.7785,387,723,0,0,1
10265,4.1608,0.5874,386,723,0,0,1
10266,4.182,0.5634,386,723,0,0,1
10267,4.1656,0.4471,385,723,0,0,1
10268,4.136,0.4345,383,723,0,0,1
10269,4.1525,0.4483,383,723,0,0,1
10270,4.1769,0.8247,383,723,0,0,1
10271,4.6185,0.4911,382,723,0,0,1
10272,3.7362,0.4943,381,723,0,0,1
10273,4.131,0.4345,381,723,0,0,1
10274,4.2285,0.4439,381,723,0,0,1
10275,4.1647,0.4633,380,723,0,0,1
10276,4.1366,0.4967,380,723,0,0,1
10277,4.4675,0.518,379,723,0,0,1
10278,4.128,0.6672,379,723,0,0,1
10279,4.105,0.5178,370,723,0,0,1
10280,3.9798,0.5555,369,723,0,0,1
10281,4.211,0.7462,369,723,0,0,1
10282,4.2544,0.8245,368,723,0,0,1
10283,4.0645,0.5433,368,723,0,0,1
10284,4.104,0.4793,367,723,0,0,1
10285,4.1663,0.5278,417,723,0,0,1
10286,4.2259,0.5482,415,723,0,0,1
10287,4.1381,0.498,414,723,0,0,1
10288,4.2575,0.7457,414,723,0,0,1
10289,4.0761,0.538,413,723,0,0,1
10290,4.2038,0.5256,412,723,0,0,1
10291,4.0959,0.4549,412,723,0,0,1
10292,4.1864,0.4462,412,723,0,0,1
10293,4.1662,0.6961,412,723,0,0,1
10294,4.2736,0.859,412,723,0,0,1
10295,4.0766,0.4395,411,723,0,0,1
10296,4.1781,0.5368,411,723,0,0,1
10297,4.1244,0.4417,411,723,0,0,1
10298,4.2139,0.4575,411,723,0,0,1
10299,4.5772,0.4878,410,723,0,0,1
10300,3.8142,0.7031,409,723,0,0,1
10301,4.1793,0.7946,408,723,0,0,1
10302,4.3494,0.5315,408,723,0,0,1
10303,3.8488,0.4705,408,723,0,0,1
10304,4.1981,0.5191,408,723,0,0,1
10305,4.3799,0.4904,408,723,0,0,1
10306,3.9587,0.9662,406,723,0,0,1
10307,4.2186,0.7131,406,723,0,0,1
10308,4.1039,0.5178,405,723,0,0,1
10309,4.1633,0.4749,404,723,0,0,1
10310,4.1662,0.4556,404,723,0,0,1
10311,4.2212,0.5043,404,723,0,0,1
10312,4.1676,0.6248,404,723,0,0,1
10313,4.1744,0.7277,403,723,0,0,1
10314,4.2863,0.5993,402,723,0,0,1
10315,3.997,0.5219,402,723,0,0,1
10316,4.3299,0.4705,402,723,0,0,1
10317,4.0168,0.4937,401,723,0,0,1
10318,4.1395,0.4518,400,723,0,0,1
10319,4.452,0.6515,397,723,0,0,1
10320,3.9202,0.4931,397,723,0,0,1
10321,4.1494,0.4315,395,723,0,0,1
10322,4.2003,0.4896,395,723,0,0,1
10323,4.1819,0.4764,395,723,0,0,1
10324,4.2976,0.6118,395,723,0,0,1
10325,4.0482,0.4363,394,723,0,0,1
10326,4.102,0.4295,394,723,0,0,1
10327,4.1306,0.414,392,723,0,0,1
10328,4.3247,0.4946,392,723,0,0,1
10329,4.089,0.4645,392,723,0,0,1
10330,4.1779,0.5487,392,723,0,0,1
10331,4.1704,0.6541,389,723,0,0,1
10332,4.2969,0.4376,389,723,0,0,1
10333,3.9552,0.6918,388,723,0,0,1
10334,4.224,0.4788,388,723,0,0,1
10335,4.3983,0.4924,388,723,0,0,1
10336,3.8769,0.4219,388,723,0,0,1
10337,4.2227,0.6149,387,723,0,0,1
10338,4.1689,0.6799,386,723,0,0,1
10339,4.1696,0.4772,385,723,0,0,1
10340,4.1557,0.4115,385,723,0,0,1
10341,4.5276,0.6542,385,723,0,0,1
10342,3.7995,0.4476,383,723,0,0,1
10343,4.191,0.6163,383,723,0,0,1
10344,4.1775,0.5938,382,723,0,0,1
10345,4.0668,0.4136,381,723,0,0,1
10346,4.4417,0.6041,373,723,0,0,1
10347,3.9819,0.4637,373,723,0,0,1
10348,4.1631,0.452,373,723,0,0,1
10349,4.1798,0.5055,373,723,0,0,1
10350,4.1005,0.4275,373,723,0,0,1
10351,4.127,0.4458,373,723,0,0,1
10352,4.3467,0.4554,421,723,0,0,1
10353,4.089,0.5045,421,723,0,0,1
10354,4.1301,0.4985,418,723,0,0,1
10355,4.1553,0.536,417,723,0,0,1
10356,4.1383,0.7149,416,723,0,0,1
10357,4.1847,0.434,416,723,0,0,1
10358,4.2574,0.7895,412,723,0,0,1
10359,4.0904,0.4819,411,723,0,0,1
10360,4.1759,0.5672,411,723,0,0,1
10361,4.1522,0.5222,411,723,0,0,1
10362,4.1607,0.7307,411,723,0,0,1
10363,4.2357,0.6738,411,723,0,0,1
10364,4.0943,0.4411,410,723,0,0,1
10365,4.2013,0.5322,410,723,0,0,1
10366,4.2111,0.4386,410,723,0,0,1
10367,4.4994,0.4708,410,723,0,0,1
10368,3.9457,0.5099,410,723,0,0,1
10369,3.9798,0.4964,410,723,0,0,1
10370,4.1555,0.4431,409,723,0,0,1
10371,4.2843,0.4316,408,723,0,0,1
10372,4.1275,0.4826,407,723,0,0,1
10373,4.4564,0.4309,407,723,0,0,1
10374,3.8051,0.5561,405,723,0,0,1
10375,4.16,0.4285,404,723,0,0,1
10376,4.1824,0.4387,404,723,0,0,1
10377,4.3753,0.6027,404,723,0,0,1
10378,4.0101,0.5366,404,723,0,0,1
10379,4.3988,0.6926,404,723,0,0,1
10380,3.8641,0.4786,404,723,0,0,1
10381,4.1868,0.4892,404,723,0,0,1
10382,4.5187,0.6363,404,723,0,0,1
10383,3.8427,0.4973,404,723,0,0,1
10384,4.1449,0.5472,404,723,0,0,1
10385,4.1886,0.5661,404,723,0,0,1
10386,4.1924,0.5479,403,723,0,0,1
10387,4.1566,0.4613,402,723,0,0,1
10388,4.1201,0.4459,399,723,0,0,1
10389,4.2979,0.6595,399,723,0,0,1
10390,4.087,0.5174,399,723,0,0,1
10391,4.1578,0.6105,399,723,0,0,1
10392,4.1824,0.4718,399,723,0,0,1
10393,4.0993,0.5197,398,723,0,0,1
10394,4.2073,0.6033,395,723,0,0,1
10395,4.1513,0.4813,395,723,0,0,1
10396,4.2179,0.5231,395,723,0,0,1
10397,4.1195,0.5171,394,723,0,0,1
10398,4.2214,0.4862,394,723,0,0,1
10399,4.096,0.9626,393,723,0,0,1
10400,4.186,0.4663,393,723,0,0,1
10401,4.2132,0.6866,391,723,0,0,1
10402,4.1447,0.4964,390,723,0,0,1
10403,4.1726,0.433,389,723,0,0,1
10404,4.0863,0.4447,389,723,0,0,1
10405,4.1882,0.4831,388,723,0,0,1
10406,4.1889,0.4875,387,723,0,0,1
10407,4.2143,0.4526,386,723,0,0,1
10408,4.1736,0.5236,385,723,0,0,1
10409,4.1458,0.6995,384,723,0,0,1
10410,4.4753,0.4499,383,723,0,0,1
10411,3.85,0.4755,383,723,0,0,1
10412,4.1472,0.422,382,723,0,0,1
10413,4.1365,0.6769,374,723,0,0,1
10414,4.1618,0.4477,373,723,0,0,1
10415,4.279,0.7047,373,723,0,0,1
10416,4.1311,0.5495,373,723,0,0,1
10417,4.1119,0.5056,373,723,0,0,1
10418,4.1331,0.7029,372,723,0,0,1
10419,4.1785,0.498,422,723,0,0,1
10420,4.2774,0.9066,422,723,0,0,1
10421,4.127,0.5443,422,723,0,0,1
10422,4.407,0.5085,421,723,0,0,1
10423,3.8496,0.4614,421,723,0,0,1
10424,4.2417,0.6809,421,723,0,0,1
10425,4.4521,0.669,421,723,0,0,1
10426,3.9013,0.6783,420,723,0,0,1
10427,4.1432,0.4374,419,723,0,0,1
10428,4.1204,0.481,419,723,0,0,1
10429,4.1716,0.5011,419,723,0,0,1
10430,4.235,0.579,418,723,0,0,1
10431,4.1611,0.5146,418,723,0,0,1
10432,4.0957,0.6387,417,723,0,0,1
10433,4.3321,0.6951,417,723,0,0,1
10434,4.0533,0.5233,416,723,0,0,1
10435,4.1418,0.4939,415,723,0,0,1
10436,4.1524,0.4992,415,723,0,0,1
10437,4.1917,0.4576,415,723,0,0,1
10438,4.197,0.6659,413,723,0,0,1
10439,4.2377,0.4288,412,723,0,0,1
10440,4.0612,0.4666,412,723,0,0,1
10441,4.1213,0.425,411,723,0,0,1
10442,4.2467,0.56,410,723,0,0,1
10443,4.1356,0.4852,410,723,0,0,1
10444,4.3192,0.4802,410,723,0,0,1
10445,4.1041,0.7132,410,723,0,0,1
10446,4.1711,0.6606,409,723,0,0,1
10447,4.0156,0.4992,408,723,0,0,1
10448,4.2207,0.4568,407,723,0,0,1
10449,4.1526,0.4486,407,723,0,0,1
10450,4.4021,0.4538,407,723,0,0,1
10451,4.0578,0.6523,407,723,0,0,1
10452,4.0395,0.4523,407,723,0,0,1
10453,4.1461,0.7032,405,723,0,0,1
10454,4.4927,0.4658,404,723,0,0,1
10455,4.1395,0.4675,403,723,0,0,1
10456,3.8805,0.4789,403,723,0,0,1
10457,4.3327,0.4412,403,723,0,0,1
10458,4.0644,0.6045,403,723,0,0,1
10459,4.1707,0.5069,403,723,0,0,1
10460,4.1897,0.5519,402,723,0,0,1
10461,4.1425,0.5049,401,723,0,0,1
10462,4.3885,0.425,401,723,0,0,1
10463,3.9173,0.4307,401,723,0,0,1
10464,4.2266,0.7409,399,723,0,0,1
10465,4.0774,0.4452,398,723,0,0,1
10466,4.5407,0.7224,396,723,0,0,1
10467,3.8338,0.5915,394,723,0,0,1
10468,4.3514,0.4322,394,723,0,0,1
10469,4.004,0.6839,394,723,0,0,1
10470,4.0858,0.4738,394,723,0,0,1
10471,4.1463,0.4484,392,723,0,0,1
10472,4.3485,0.4427,392,723,0,0,1
10473,4.041,0.5303,392,723,0,0,1
10474,4.2232,0.5254,392,723,0,0,1
10475,4.172,0.7027,392,723,0,0,1
10476,4.2654,0.4771,390,723,0,0,1
10477,3.9978,0.7128,389,723,0,0,1
10478,4.2085,0.5531,387,723,0,0,1
10479,4.1197,0.4758,386,723,0,0,1
10480,4.1825,0.5091,386,723,0,0,1
10481,4.2805,0.5492,378,723,0,0,1
10482,4.0472,0.686,378,723,0,0,1
10483,4.2478,0.6639,377,723,0,0,1
10484,4.0712,0.4438,377,723,0,0,1
10485,4.5121,0.7005,376,723,0,0,1
10486,3.8752,0.6711,426,723,0,0,1
10487,4.4575,0.743,425,723,0,0,1
10488,3.913,0.4957,425,723,0,0,1
10489,4.0862,0.5283,425,723,0,0,1
10490,4.317,0.5493,424,723,0,0,1
10491,4.0457,0.4677,422,723,0,0,1
10492,4.2422,0.4939,422,723,0,0,1
10493,4.0846,0.5059,422,723,0,0,1
10494,4.1349,0.5861,422,723,0,0,1
10495,4.1638,0.457,421,723,0,0,1
10496,4.1457,0.4391,420,723,0,0,1
10497,4.2678,0.4902,420,723,0,0,1
10498,4.1465,0.5125,420,723,0,0,1
10499,4.3916,0.6784,419,723,0,0,1
10500,3.855,0.5121,419,723,0,0,1
10501,4.2114,0.4996,419,723,0,0,1
10502,4.2661,0.7014,419,723,0,0,1
10503,4.0784,0.4986,419,723,0,0,1
10504,4.2203,0.5393,416,723,0,0,1
10505,4.1526,0.5128,416,723,0,0,1
10506,4.106,0.4836,415,723,0,0,1
10507,4.2324,0.4544,415,723,0,0,1
10508,4.1003,0.454,414,723,0,0,1
10509,4.2293,0.4983,413,723,0,0,1
10510,4.1652,0.5042,412,723,0,0,1
10511,4.092,0.4518,412,723,0,0,1
10512,4.2573,0.4912,412,723,0,0,1
10513,4.0675,0.5287,412,723,0,0,1
10514,4.2895,0.8411,411,723,0,0,1
10515,4.0397,0.5653,410,723,0,0,1
10516,4.261,0.621,410,723,0,0,1
10517,4.1354,0.5403,409,723,0,0,1
10518,4.1695,0.4608,407,723,0,0,1
10519,4.1263,0.4747,406,723,0,0,1
10520,4.1835,0.4498,406,723,0,0,1
10521,4.2706,0.6789,405,723,0,0,1
10522,4.1005,0.5227,405,723,0,0,1
10523,4.4084,0.4956,404,723,0,0,1
10524,3.9284,0.471,402,723,0,0,1
10525,4.1201,0.5233,402,723,0,0,1
10526,4.212,0.6808,401,723,0,0,1
10527,4.1315,0.4333,400,723,0,0,1
10528,4.1889,0.5267,400,723,0,0,1
10529,4.1334,0.4268,400,723,0,0,1
10530,4.2262,0.482,400,723,0,0,1
10531,4.3992,0.4474,396,723,0,0,1
10532,3.8745,0.6912,395,723,0,0,1
10533,4.2186,0.8842,394,723,0,0,1
10534,4.114,0.5776,392,723,0,0,1
10535,4.2524,0.5698,392,723,0,0,1
10536,4.1279,0.5466,392,723,0,0,1
10537,4.1189,0.5626,392,723,0,0,1
10538,4.1886,0.577,392,723,0,0,1
10539,4.3414,0.4857,390,723,0,0,1
10540,4.2269,0.7792,390,723,0,0,1
10541,3.9868,0.5803,389,723,0,0,1
10542,4.1695,0.5718,389,723,0,0,1
10543,4.0701,0.5151,389,723,0,0,1
10544,4.2154,0.5184,388,723,0,0,1
10545,4.1782,0.6585,386,723,0,0,1
10546,4.2241,0.7016,386,723,0,0,1
10547,4.1336,0.515,386,723,0,0,1
10548,4.0947,0.4505,379,723,0,0,1
10549,4.1844,0.5532,377,723,0,0,1
10550,4.1957,0.6077,377,723,0,0,1
10551,4.159,0.5409,376,723,0,0,1
10552,4.2396,0.7502,375,723,0,0,1
10553,4.0841,0.543,424,723,0,0,1
10554,4.2166,0.5243,424,723,0,0,1
10555,4.0812,0.4493,424,723,0,0,1
10556,4.1804,0.4429,423,723,0,0,1
10557,4.4114,0.6655,423,723,0,0,1
10558,3.9683,0.7102,423,723,0,0,1
10559,4.1253,0.4505,422,723,0,0,1
10560,4.1841,0.5604,419,723,0,0,1
10561,4.1265,0.4721,418,723,0,0,1
10562,4.1961,0.5653,417,723,0,0,1
10563,4.2127,0.586,417,723,0,0,1
10564,4.1743,0.5083,417,723,0,0,1
10565,4.24,1.0277,417,723,0,0,1
10566,4.0676,0.5537,417,723,0,0,1
10567,4.1206,0.4466,416,723,0,0,1
10568,4.178,0.463,416,723,0,0,1
10569,4.222,0.4571,414,723,0,0,1
10570,4.2217,0.4398,414,723,0,0,1
10571,4.1696,0.7168,414,723,0,0,1
10572,4.1491,0.5627,412,723,0,0,1
10573,4.0631,0.6728,412,723,0,0,1
10574,4.5832,0.5754,412,723,0,0,1
10575,3.8463,0.5347,412,723,0,0,1
10576,4.1392,0.6266,411,723,0,0,1
10577,4.1724,0.6981,411,723,0,0,1
10578,4.1447,0.5425,409,723,0,0,1
10579,4.1432,0.4956,409,723,0,0,1
10580,4.1454,0.4445,409,723,0,0,1
10581,4.1943,0.5128,409,723,0,0,1
10582,4.2098,0.4481,407,723,0,0,1
10583,4.1773,0.6999,405,723,0,0,1
10584,4.2145,0.7919,405,723,0,0,1
10585,4.0461,0.6846,404,723,0,0,1
10586,4.2189,0.51,403,723,0,0,1
10587,4.0821,0.4803,403,723,0,0,1
10588,4.2433,0.5174,403,723,0,0,1
10589,4.1982,0.5328,402,723,0,0,1
10590,4.1321,0.7454,401,723,0,0,1
10591,4.1318,0.5358,401,723,0,0,1
10592,4.25,0.44,400,723,0,0,1
10593,4.1259,0.4949,400,723,0,0,1
10594,4.1825,0.4804,397,723,0,0,1
10595,4.1094,0.6512,396,723,0,0,1
10596,4.2333,0.8548,395,723,0,0,1
10597,4.0976,0.6793,393,723,0,0,1
10598,4.2088,0.5204,393,723,0,0,1
10599,4.1505,0.5721,392,723,0,0,1
10600,4.1972,0.462,391,723,0,0,1
10601,4.1562,0.447,390,723,0,0,1
10602,4.1223,0.642,390,723,0,0,1
10603,4.2085,0.4906,390,723,0,0,1
10604,4.1435,0.5386,388,723,0,0,1
10605,4.4241,0.6233,388,723,0,0,1
10606,3.9537,0.4695,387,723,0,0,1
10607,4.1577,0.5197,387,723,0,0,1
10608,4.2238,0.4624,386,723,0,0,1
10609,4.1227,0.4354,386,723,0,0,1
10610,4.1807,0.4962,385,723,0,0,1
10611,4.1966,0.5936,384,723,0,0,1
10612,4.1132,0.4664,383,723,0,0,1
10613,4.1336,0.4683,383,723,0,0,1
10614,4.149,0.6421,382,723,0,0,1
10615,4.1208,0.4167,382,723,0,0,1
10616,4.2143,0.4615,374,723,0,0,1
10617,4.1756,0.5011,373,723,0,0,1
10618,4.4379,0.4557,373,723,0,0,1
10619,4.2193,0.4187,371,723,0,0,1
10620,3.7895,0.4211,370,723,0,0,1
10621,4.2089,0.7245,420,723,0,0,1
10622,4.185,0.4982,420,723,0,0,1
10623,4.1482,0.4347,420,723,0,0,1
10624,4.194,0.5436,420,723,0,0,1
10625,4.1707,0.4819,420,723,0,0,1
10626,4.1084,0.6628,420,723,0,0,1
10627,4.2683,0.7785,419,723,0,0,1
10628,4.0667,0.5062,418,723,0,0,1
10629,4.5016,0.6114,418,723,0,0,1
10630,3.8123,0.476,417,723,0,0,1
10631,4.268,0.5221,417,723,0,0,1
10632,4.1357,0.4882,417,723,0,0,1
10633,4.1248,0.4298,416,723,0,0,1
10634,4.3149,0.6951,415,723,0,0,1
10635,4.1066,0.4442,414,723,0,0,1
10636,4.1417,0.6578,413,723,0,0,1
10637,4.1899,0.5158,412,723,0,0,1
10638,4.1418,0.8289,412,723,0,0,1
10639,4.1118,0.4926,411,723,0,0,1
10640,4.3077,0.5146,410,723,0,0,1
10641,4.0727,0.4692,410,723,0,0,1
10642,4.197,0.5143,407,723,0,0,1
10643,4.1521,0.5098,407,723,0,0,1
10644,4.0738,0.4465,407,723,0,0,1
10645,4.3148,0.7124,407,723,0,0,1
10646,4.1249,0.4449,407,723,0,0,1
10647,4.2071,0.6448,407,723,0,0,1
10648,4.129,0.5178,406,723,0,0,1
10649,4.16,0.4917,406,723,0,0,1
10650,4.1533,0.5372,405,723,0,0,1
10651,4.1859,0.457,405,723,0,0,1
10652,4.1088,0.4373,404,723,0,0,1
10653,4.4539,0.6783,404,723,0,0,1
10654,3.9379,0.5466,404,723,0,0,1
10655,4.1055,0.4945,404,723,0,0,1
10656,4.1361,0.4833,404,723,0,0,1
10657,4.1688,0.4773,403,723,0,0,1
10658,4.2502,0.7556,403,723,0,0,1
10659,4.2152,0.651,403,723,0,0,1
10660,4.1262,0.5859,403,723,0,0,1
10661,4.129,0.5345,401,723,0,0,1
10662,4.1458,0.481,400,723,0,0,1
10663,4.1544,0.6766,400,723,0,0,1
10664,4.2622,0.4775,399,723,0,0,1
10665,4.1384,0.7168,398,723,0,0,1
10666,4.233,0.766,397,723,0,0,1
10667,4.0625,0.4463,397,723,0,0,1
10668,4.1798,0.4904,396,723,0,0,1
10669,4.1434,0.4546,393,723,0,0,1
10670,4.2308,0.4354,390,723,0,0,1
10671,4.0673,0.4159,390,723,0,0,1
10672,4.2164,0.6084,389,723,0,0,1
10673,4.2887,0.4342,389,723,0,0,1
10674,4.0603,0.4722,389,723,0,0,1
10675,4.1819,0.4722,389,723,0,0,1
10676,4.1226,0.4193,388,723,0,0,1
10677,4.1852,0.6297,385,723,0,0,1
10678,4.1787,0.695,385,723,0,0,1
10679,4.1946,0.4751,384,723,0,0,1
10680,4.1376,0.5387,384,723,0,0,1
10681,4.1287,0.418,384,723,0,0,1
10682,4.1721,0.513,375,723,0,0,1
10683,4.1792,0.4218,375,723,0,0,1
10684,4.2415,0.6244,375,723,0,0,1
10685,4.122,0.4832,374,723,0,0,1
10686,4.4132,0.4909,373,723,0,0,1
10687,3.8776,0.4129,373,723,0,0,1
10688,4.1887,0.4582,422,723,0,0,1
10689,4.2038,0.7214,421,723,0,0,1
10690,4.1579,0.45,421,723,0,0,1
10691,4.1455,0.5693,419,723,0,0,1
10692,4.1187,0.6963,418,723,0,0,1
10693,4.1545,0.5088,418,723,0,0,1
10694,4.2645,0.5108,418,723,0,0,1
10695,4.1736,0.5106,418,723,0,0,1
10696,4.1223,0.6056,416,723,0,0,1
10697,4.4182,0.6198,416,723,0,0,1
10698,4.2244,0.6323,416,723,0,0,1
10699,3.9339,0.6166,416,723,0,0,1
10700,4.0831,0.4484,415,723,0,0,1
10701,4.4936,0.4291,414,723,0,0,1
10702,4.081,0.4431,414,723,0,0,1
10703,4.1829,0.6682,413,723,0,0,1
10704,4.1057,0.6283,412,723,0,0,1
10705,3.9551,0.525,411,723,0,0,1
10706,4.2722,0.6183,411,723,0,0,1
10707,4.1285,0.5036,410,723,0,0,1
10708,4.1533,0.7324,410,723,0,0,1
10709,4.217,0.807,410,723,0,0,1
10710,4.1067,0.5097,409,723,0,0,1
10711,4.1117,0.4496,409,723,0,0,1
10712,4.1851,0.546,409,723,0,0,1
10713,4.2114,0.495,409,723,0,0,1
10714,4.1745,0.5686,409,723,0,0,1
10715,4.2033,0.6589,409,723,0,0,1
10716,4.0422,0.4248,409,723,0,0,1
10717,4.2018,0.4195,408,723,0,0,1
10718,4.2174,0.5027,407,723,0,0,1
10719,4.1898,0.5195,406,723,0,0,1
10720,4.1422,0.5459,406,723,0,0,1
10721,4.1376,0.6595,405,723,0,0,1
10722,4.1852,0.7082,405,723,0,0,1
10723,4.1551,0.5258,405,723,0,0,1
10724,4.1416,0.5085,405,723,0,0,1
10725,4.5029,0.7699,403,723,0,0,1
10726,3.8952,0.486,402,723,0,0,1
10727,4.0995,0.6489,402,723,0,0,1
10728,4.2275,0.7811,402,723,0,0,1
10729,4.1097,0.4701,400,723,0,0,1
10730,4.4679,0.4529,400,723,0,0,1
10731,3.8632,0.4519,398,723,0,0,1
10732,4.2962,0.4933,398,723,0,0,1
10733,4.0619,0.5014,397,723,0,0,1
10734,4.1511,0.7235,395,723,0,0,1
10735,4.1414,0.4597,395,723,0,0,1
10736,4.2613,0.4687,395,723,0,0,1
10737,4.1285,0.5715,395,723,0,0,1
10738,4.6396,0.4517,394,723,0,0,1
10739,3.6357,0.4282,394,723,0,0,1
10740,4.1514,0.4252,393,723,0,0,1
10741,4.2164,0.4243,390,723,0,0,1
10742,4.1305,0.4263,389,723,0,0,1
10743,4.2037,0.4221,388,723,0,0,1
10744,4.2074,0.5011,387,723,0,0,1
10745,4.1852,0.6972,386,723,0,0,1
10746,4.0828,0.5591,386,723,0,0,1
10747,4.2204,0.4169,386,723,0,0,1
10748,4.1299,0.4845,385,723,0,0,1
10749,4.2414,0.5106,378,723,0,0,1
10750,4.1505,0.4757,378,723,0,0,1
10751,4.1566,0.4587,378,723,0,0,1
10752,4.1327,0.4683,377,723,0,0,1
10753,4.1918,0.6065,376,723,0,0,1
10754,4.2308,0.4839,375,723,0,0,1
10755,4.0847,0.4679,423,723,0,0,1
10756,4.2765,0.5808,423,723,0,0,1
10757,4.0673,0.4815,423,723,0,0,1
10758,4.0992,0.5201,423,723,0,0,1
10759,4.1641,0.6302,423,723,0,0,1
10760,4.1929,0.5409,423,723,0,0,1
10761,4.2141,0.5648,422,723,0,0,1
10762,4.1833,0.57,421,723,0,0,1
10763,4.085,0.5146,420,723,0,0,1
10764,4.526,0.4614,419,723,0,0,1
10765,3.8274,0.6287,419,723,0,0,1
10766,4.1567,0.4623,418,723,0,0,1
10767,4.2607,0.5509,417,723,0,0,1
10768,4.1443,0.5232,417,723,0,0,1
10769,4.1712,0.4854,417,723,0,0,1
10770,4.1303,0.5084,417,723,0,0,1
10771,4.1958,0.4489,417,723,0,0,1
10772,4.1221,0.4341,417,723,0,0,1
10773,4.188,0.4839,417,723,0,0,1
10774,4.1749,0.5442,416,723,0,0,1
10775,4.2173,0.5416,415,723,0,0,1
10776,4.1738,0.5346,415,723,0,0,1
10777,4.0584,0.5203,415,723,0,0,1
10778,4.3878,0.4598,413,723,0,0,1
10779,4.0166,0.6394,412,723,0,0,1
10780,4.2272,0.5116,412,723,0,0,1
10781,4.1011,0.5284,410,723,0,0,1
10782,4.1593,0.4859,410,723,0,0,1
10783,4.1131,0.5022,410,723,0,0,1
10784,4.229,0.4615,410,723,0,0,1
10785,4.2189,0.699,407,723,0,0,1
10786,4.1305,0.7532,407,723,0,0,1
10787,4.1683,0.4953,407,723,0,0,1
10788,4.1559,0.4632,407,723,0,0,1
10789,4.0915,0.5915,406,723,0,0,1
10790,4.4234,0.4397,406,723,0,0,1
10791,3.9873,0.4504,405,723,0,0,1
10792,4.127,0.542,405,723,0,0,1
10793,4.1661,0.492,404,723,0,0,1
10794,4.1589,0.4732,404,723,0,0,1
10795,4.216,0.7116,404,723,0,0,1
10796,4.0887,0.5013,402,723,0,0,1
10797,4.5261,0.764,401,723,0,0,1
10798,3.8358,0.5062,401,723,0,0,1
10799,4.2107,0.662,400,723,0,0,1
10800,4.1354,0.5853,398,723,0,0,1
10801,4.123,0.4994,396,723,0,0,1
10802,4.2267,0.594,396,723,0,0,1
10803,4.1989,0.6908,396,723,0,0,1
10804,4.1248,0.6742,396,723,0,0,1
10805,4.2444,0.5238,396,723,0,0,1
10806,4.0665,0.4642,395,723,0,0,1
10807,4.1339,0.4385,395,723,0,0,1
10808,4.2815,0.4597,395,723,0,0,1
10809,4.1576,0.4452,395,723,0,0,1
10810,4.1902,0.7432,395,723,0,0,1
10811,4.1529,0.5072,393,723,0,0,1
10812,4.1145,0.6153,393,723,0,0,1
10813,4.1469,0.5459,392,723,0,0,1
10814,4.2097,0.4703,392,723,0,0,1
10815,4.1825,0.4496,392,723,0,0,1
10816,4.2471,0.7578,384,723,0,0,1
10817,4.0396,0.5159,383,723,0,0,1
10818,4.1814,0.646,383,723,0,0,1
10819,4.1516,0.4775,382,723,0,0,1
10820,4.1873,0.4409,381,723,0,0,1
10821,4.1827,0.5172,381,723,0,0,1
10822,4.1787,0.468,431,723,0,0,1
10823,4.2236,0.6638,431,723,0,0,1
10824,4.1655,0.57,430,723,0,0,1
10825,4.0464,0.4341,430,723,0,0,1
10826,4.1835,0.4704,429,723,0,0,1
10827,4.2188,0.5285,429,723,0,0,1
10828,4.1612,0.4979,429,723,0,0,1
10829,4.1552,0.6928,426,723,0,0,1
10830,4.1654,0.6538,424,723,0,0,1
10831,4.1056,0.479,421,723,0,0,1
10832,4.2196,0.5688,420,723,0,0,1
10833,4.0939,0.6503,420,723,0,0,1
10834,4.265,0.6284,419,723,0,0,1
10835,4.2279,0.7319,419,723,0,0,1
10836,4.128,0.4945,418,723,0,0,1
10837,4.0683,0.4384,418,723,0,0,1
10838,4.2311,0.5442,417,723,0,0,1
10839,4.1821,0.7583,417,723,0,0,1
10840,4.2051,0.7659,417,723,0,0,1
10841,4.1051,1.1612,417,723,0,0,1
10842,4.1418,0.3401,417,723,0,0,1
10843,4.1707,0.3512,415,723,0,0,1
10844,4.197,0.3641,413,723,0,0,1
10845,4.1353,0.3667,413,723,0,0,1
10846,4.248,0.3453,412,723,0,0,1
10847,4.0488,0.4031,410,723,0,0,1
10848,4.3143,0.3566,409,723,0,0,1
10849,4.0417,0.3562,408,723,0,0,1
10850,4.249,0.4263,406,723,0,0,1
10851,4.1786,0.5165,406,723,0,0,1
10852,4.1911,0.4147,404,723,0,0,1
10853,4.1107,0.3806,402,723,0,0,1
10854,4.0976,0.3712,402,723,0,0,1
10855,4.1267,0.3832,401,723,0,0,1
10856,4.2642,0.4087,401,723,0,0,1
10857,4.1644,0.4928,399,723,0,0,1
10858,4.2007,0.4572,399,723,0,0,1
10859,4.192,0.6439,399,723,0,0,1
10860,4.2021,0.7462,399,723,0,0,1
10861,4.0553,0.6553,399,723,0,0,1
10862,4.1034,0.4335,399,723,0,0,1
10863,4.1986,0.4355,398,723,0,0,1
10864,4.2401,0.5375,398,723,0,0,1
10865,4.1264,0.4921,397,723,0,0,1
10866,4.1126,0.6041,397,723,0,0,1
10867,4.2278,0.4277,396,723,0,0,1
10868,4.143,0.463,395,723,0,0,1
10869,4.5746,0.4882,395,723,0,0,1
10870,3.816,0.4963,394,723,0,0,1
10871,4.366,0.7524,394,723,0,0,1
10872,3.9284,0.4825,394,723,0,0,1
10873,4.1196,0.4654,392,723,0,0,1
10874,4.207,0.5564,392,723,0,0,1
10875,4.2021,0.6232,392,723,0,0,1
10876,4.2107,0.5442,392,723,0,0,1
10877,4.1408,0.5211,391,723,0,0,1
10878,4.0864,0.6481,391,723,0,0,1
10879,4.2383,0.6657,391,723,0,0,1
10880,4.1425,0.7647,390,723,0,0,1
10881,4.1693,0.6669,390,723,0,0,1
10882,4.177,0.6436,390,723,0,0,1
10883,4.1309,0.492,390,723,0,0,1
10884,4.4277,0.4537,382,723,0,0,1
10885,3.8934,0.6743,381,723,0,0,1
10886,4.2062,0.5855,378,723,0,0,1
10887,4.1459,0.5763,378,723,0,0,1
10888,4.1638,0.5676,378,723,0,0,1
10889,4.1978,0.5202,428,723,0,0,1
10890,4.0835,0.5141,428,723,0,0,1
10891,4.2479,0.6327,428,723,0,0,1
10892,4.1585,0.4703,428,723,0,0,1
10893,4.1843,0.5599,427,723,0,0,1
10894,4.1746,0.6618,427,723,0,0,1
10895,4.1979,0.5453,427,723,0,0,1
10896,4.0866,0.4819,427,723,0,0,1
10897,4.126,0.7745,427,723,0,0,1
10898,4.2699,0.7399,426,723,0,0,1
10899,4.1696,0.6818,424,723,0,0,1
10900,4.1843,0.5182,423,723,0,0,1
10901,4.1051,0.5872,423,723,0,0,1
10902,4.1288,0.4561,421,723,0,0,1
10903,4.1334,0.4453,420,723,0,0,1
10904,4.2363,0.4376,420,723,0,0,1
10905,4.2753,0.4928,420,723,0,0,1
10906,4.0818,0.4894,419,723,0,0,1
10907,4.0868,0.4553,417,723,0,0,1
10908,4.1989,0.4923,415,723,0,0,1
10909,4.1368,0.7205,413,723,0,0,1
10910,4.5495,0.6847,412,723,0,0,1
10911,3.8411,0.5325,412,723,0,0,1
10912,4.1931,0.7857,411,723,0,0,1
10913,4.1203,0.5134,410,723,0,0,1
10914,4.5614,0.4514,409,723,0,0,1
10915,3.7424,0.6941,409,723,0,0,1
10916,4.2119,0.4738,407,723,0,0,1
10917,4.2527,0.6927,406,723,0,0,1
10918,4.0985,0.8564,406,723,0,0,1
10919,4.1708,0.5586,406,723,0,0,1
10920,4.1034,0.4671,405,723,0,0,1
10921,4.1689,0.447,405,723,0,0,1
10922,4.3541,0.4273,405,723,0,0,1
10923,4.0536,0.4382,404,723,0,0,1
10924,4.1919,0.7111,403,723,0,0,1
10925,4.1348,0.6789,401,723,0,0,1
10926,4.1736,0.4728,401,723,0,0,1
10927,4.094,0.4366,400,723,0,0,1
10928,4.414,0.4512,398,723,0,0,1
10929,3.9632,0.8097,397,723,0,0,1
10930,4.1902,0.5209,397,723,0,0,1
10931,4.1483,0.5155,395,723,0,0,1
10932,4.1576,0.5131,393,723,0,0,1
10933,4.1422,0.4921,393,723,0,0,1
10934,4.2097,0.4772,392,723,0,0,1
10935,4.1662,0.7321,392,723,0,0,1
10936,4.2794,0.7456,391,723,0,0,1
10937,4.0379,0.534,391,723,0,0,1
10938,4.4161,0.6732,390,723,0,0,1
10939,3.9913,0.5733,390,723,0,0,1
10940,4.0887,0.4796,389,723,0,0,1
10941,4.204,0.6837,389,723,0,0,1
10942,4.1585,0.7482,389,723,0,0,1
10943,4.1675,0.5629,388,723,0,0,1
10944,4.4077,0.519,387,723,0,0,1
10945,3.875,0.4761,387,723,0,0,1
10946,4.2244,0.51,386,723,0,0,1
10947,4.16,0.7511,386,723,0,0,1
10948,4.5058,0.5889,386,723,0,0,1
10949,3.9242,0.5833,384,723,0,0,1
10950,4.0132,0.4722,383,723,0,0,1
10951,4.134,0.449,376,723,0,0,1
10952,4.213,0.4594,375,723,0,0,1
10953,4.2145,0.585,373,723,0,0,1
10954,4.1686,0.4604,372,723,0,0,1
10955,4.1038,0.4419,370,723,0,0,1
10956,4.2389,0.5073,370,723,0,0,1
10957,4.0971,0.4727,419,723,0,0,1
10958,4.211,0.5149,419,723,0,0,1
10959,4.1145,0.5084,418,723,0,0,1
10960,4.1674,0.5151,417,723,0,0,1
10961,4.2574,0.7099,417,723,0,0,1
10962,4.0792,0.4657,416,723,0,0,1
10963,4.1544,0.4739,413,723,0,0,1
10964,4.209,0.4538,412,723,0,0,1
10965,4.1191,0.7012,410,723,0,0,1
10966,4.2693,0.4434,409,723,0,0,1
10967,4.1127,0.4391,409,723,0,0,1
10968,4.1241,0.4719,408,723,0,0,1
10969,4.2232,0.429,407,723,0,0,1
10970,4.1403,0.448,407,723,0,0,1
10971,4.2197,0.6845,407,723,0,0,1
10972,4.1072,0.4564,406,723,0,0,1
10973,4.1967,0.7154,406,723,0,0,1
10974,4.3255,0.6403,404,723,0,0,1
10975,4.0756,0.4934,404,723,0,0,1
10976,4.0944,0.528,402,723,0,0,1
10977,4.1108,0.643,401,723,0,0,1
10978,4.2087,0.4502,399,723,0,0,1
10979,4.1517,0.6344,399,723,0,0,1
10980,4.2023,0.4574,399,723,0,0,1
10981,4.1307,0.4423,398,723,0,0,1
10982,4.1485,0.4315,397,723,0,0,1
10983,4.2087,0.4457,397,723,0,0,1
10984,4.1516,0.5462,397,723,0,0,1
10985,4.1745,0.4325,397,723,0,0,1
10986,4.2642,0.698,397,723,0,0,1
10987,4.0547,0.4558,396,723,0,0,1
10988,4.1783,0.4413,396,723,0,0,1
10989,4.1646,0.5533,396,723,0,0,1
10990,4.1784,0.4247,396,723,0,0,1
10991,4.1468,0.6282,394,723,0,0,1
10992,4.1767,0.7362,394,723,0,0,1
10993,4.1735,0.423,394,723,0,0,1
10994,4.1246,0.407,393,723,0,0,1
10995,4.2205,0.4311,392,723,0,0,1
10996,4.1477,0.4333,392,723,0,0,1
10997,4.1408,0.582,389,723,0,0,1
10998,4.1846,0.6743,389,723,0,0,1
10999,4.3227,0.4454,389,723,0,0,1
11000,4.0695,0.512,388,723,0,0,1
11001,4.099,0.6444,385,723,0,0,1
11002,4.1834,0.4568,381,723,0,0,1
11003,4.6105,0.4821,381,723,0,0,1
11004,3.7896,0.708,381,723,0,0,1
11005,4.1173,0.484,381,723,0,0,1
11006,4.1745,0.4864,381,723,0,0,1
11007,4.2004,0.7385,379,723,0,0,1
11008,4.3859,0.7763,378,723,0,0,1
11009,3.9163,0.4979,376,723,0,0,1
11010,4.1306,0.9211,374,723,0,0,1
11011,4.1745,0.4478,374,723,0,0,1
11012,4.16,0.4283,374,723,0,0,1
11013,4.1969,0.4475,374,723,0,0,1
11014,4.179,0.5096,374,723,0,0,1
11015,4.2774,0.6918,373,723,0,0,1
11016,3.9773,0.5297,373,723,0,0,1
11017,4.2216,0.4105,373,723,0,0,1
11018,4.5692,0.6194,366,723,0,0,1
11019,3.7898,0.4245,365,723,0,0,1
11020,4.2159,0.4646,365,723,0,0,1
11021,4.1497,0.5621,365,723,0,0,1
11022,4.1734,0.4492,364,723,0,0,1
11023,4.077,0.418,364,723,0,0,1
11024,4.1698,0.4884,413,723,0,0,1
11025,4.2382,0.493,412,723,0,0,1
11026,4.1879,0.487,411,723,0,0,1
11027,4.1436,0.4851,411,723,0,0,1
11028,4.132,0.4924,410,723,0,0,1
11029,4.1281,0.6119,409,723,0,0,1
11030,4.1769,0.6984,409,723,0,0,1
11031,4.2178,0.4967,409,723,0,0,1
11032,4.1485,0.5931,409,723,0,0,1
11033,4.1417,0.5098,408,723,0,0,1
11034,4.2408,0.493,408,723,0,0,1
11035,4.115,0.4808,407,723,0,0,1
11036,4.1652,0.7655,407,723,0,0,1
11037,4.171,0.5267,406,723,0,0,1
11038,4.2144,0.5166,406,723,0,0,1
11039,4.2049,0.6841,406,723,0,0,1
11040,4.0345,0.4659,406,723,0,0,1
11041,4.1856,0.4605,405,723,0,0,1
11042,4.1842,0.6068,404,723,0,0,1
11043,4.2531,0.7123,404,723,0,0,1
11044,4.0941,0.4284,402,723,0,0,1
11045,4.6544,0.4318,402,723,0,0,1
11046,3.6593,0.4499,402,723,0,0,1
11047,4.1698,0.7447,402,723,0,0,1
11048,4.154,0.472,400,723,0,0,1
11049,4.2575,0.6954,399,723,0,0,1
11050,4.1395,0.5505,399,723,0,0,1
11051,4.1651,0.5713,399,723,0,0,1
11052,4.1742,0.7081,399,723,0,0,1
11053,4.1089,0.6608,398,723,0,0,1
11054,4.1879,0.5365,398,723,0,0,1
11055,4.204,0.518,397,723,0,0,1
11056,4.32,0.7078,396,723,0,0,1
11057,3.9908,0.5175,393,723,0,0,1
11058,4.1997,0.4823,392,723,0,0,1
11059,4.089,0.4527,392,723,0,0,1
11060,4.1706,0.4549,392,723,0,0,1
11061,4.2271,0.6368,392,723,0,0,1
11062,4.2107,0.704,391,723,0,0,1
11063,4.126,0.6976,390,723,0,0,1
11064,4.1377,0.4878,389,723,0,0,1
11065,4.1337,0.4259,389,723,0,0,1
11066,4.1582,0.4373,389,723,0,0,1
11067,4.2528,0.4689,388,723,0,0,1
11068,4.1826,0.6296,388,723,0,0,1
11069,4.0888,0.4716,386,723,0,0,1
11070,4.2457,0.5916,384,723,0,0,1
11071,4.1337,0.494,383,723,0,0,1
11072,4.1177,0.4233,383,723,0,0,1
11073,4.2159,0.4408,383,723,0,0,1
11074,4.1698,0.5325,383,723,0,0,1
11075,4.1628,0.5412,383,723,0,0,1
11076,4.1505,0.4965,381,723,0,0,1
11077,4.1031,0.5749,380,723,0,0,1
11078,4.2562,0.4688,379,723,0,0,1
11079,4.1771,0.4773,379,723,0,0,1
11080,4.1372,0.6132,376,723,0,0,1
11081,4.1604,0.482,376,723,0,0,1
11082,4.1997,0.7039,376,723,0,0,1
11083,4.0883,0.4525,376,723,0,0,1
11084,4.1721,0.5119,376,723,0,0,1
11085,4.1915,0.9358,375,723,0,0,1
11086,4.2011,0.5171,368,723,0,0,1
11087,4.2052,0.8164,367,723,0,0,1
11088,4.157,0.6309,367,723,0,0,1
11089,4.0968,0.7163,367,723,0,0,1
11090,4.4888,0.5892,366,723,0,0,1
11091,3.8244,0.6146,415,723,0,0,1
11092,4.2397,0.7965,413,723,0,0,1
11093,4.1445,0.4606,413,723,0,0,1
11094,4.2139,0.7564,413,723,0,0,1
11095,4.1338,0.5305,411,723,0,0,1
11096,4.0834,0.4971,410,723,0,0,1
11097,4.1731,0.4355,408,723,0,0,1
11098,4.2108,0.4452,407,723,0,0,1
11099,4.2387,0.8078,407,723,0,0,1
11100,4.031,0.4386,407,723,0,0,1
11101,4.2314,0.4475,407,723,0,0,1
11102,4.4747,0.6913,407,723,0,0,1
11103,3.8364,0.4417,406,723,0,0,1
11104,4.2133,0.6404,406,723,0,0,1
11105,4.1738,0.4438,406,723,0,0,1
11106,4.1564,0.7032,406,723,0,0,1
11107,4.1421,0.4572,406,723,0,0,1
11108,4.1356,0.5043,405,723,0,0,1
11109,4.1976,0.4664,405,723,0,0,1
11110,4.1881,0.51,405,723,0,0,1
11111,4.1979,0.8118,404,723,0,0,1
11112,4.0776,0.5066,404,723,0,0,1
11113,4.1575,0.5021,403,723,0,0,1
11114,4.2134,0.5774,402,723,0,0,1
11115,4.1538,0.5025,402,723,0,0,1
11116,4.1287,0.5708,401,723,0,0,1
11117,4.275,0.6578,401,723,0,0,1
11118,4.1355,0.6632,401,723,0,0,1
11119,4.1284,0.5362,400,723,0,0,1
11120,4.1656,0.4555,399,723,0,0,1
11121,4.1798,0.4862,399,723,0,0,1
11122,4.2158,0.4724,399,723,0,0,1
11123,4.167,0.4627,399,723,0,0,1
11124,4.1437,0.4311,399,723,0,0,1
11125,4.1352,0.6777,399,723,0,0,1
11126,4.2172,0.5,398,723,0,0,1
11127,4.1205,0.4578,397,723,0,0,1
11128,4.2039,0.4924,396,723,0,0,1
11129,4.165,0.4412,395,723,0,0,1
11130,4.1199,0.5705,395,723,0,0,1
11131,4.2363,0.4389,394,723,0,0,1
11132,4.0846,0.4385,394,723,0,0,1
11133,4.2107,0.4754,393,723,0,0,1
11134,4.2105,0.4705,391,723,0,0,1
11135,4.1784,0.5361,391,723,0,0,1
11136,4.0653,0.4694,389,723,0,0,1
11137,4.1953,0.4219,388,723,0,0,1
11138,4.1784,0.4173,387,723,0,0,1
11139,4.1647,0.4429,386,723,0,0,1
11140,4.1973,0.4675,386,723,0,0,1
11141,4.1417,0.449,384,723,0,0,1
11142,4.136,0.5765,383,723,0,0,1
11143,4.1611,0.4339,382,723,0,0,1
11144,4.1453,0.4681,382,723,0,0,1
11145,4.4278,0.6189,382,723,0,0,1
11146,3.9916,0.4925,381,723,0,0,1
11147,4.3848,0.4558,381,723,0,0,1
11148,4.0114,0.6152,380,723,0,0,1
11149,4.0431,0.4605,380,723,0,0,1
11150,4.2389,0.6638,380,723,0,0,1
11151,4.135,0.4423,380,723,0,0,1
11152,4.2263,0.7194,372,723,0,0,1
11153,4.0745,0.4961,371,723,0,0,1
11154,4.2143,0.7378,370,723,0,0,1
11155,4.1771,0.5043,369,723,0,0,1
11156,4.0933,0.5297,368,723,0,0,1
11157,4.4208,0.5621,368,723,0,0,1
11158,4.0261,0.8481,416,723,0,0,1
11159,4.1805,0.6443,416,723,0,0,1
11160,4.0394,0.4522,416,723,0,0,1
11161,4.1997,0.6503,415,723,0,0,1
11162,4.4994,0.6112,414,723,0,0,1
11163,3.8662,0.5233,413,723,0,0,1
11164,4.1761,0.5611,411,723,0,0,1
11165,4.1689,0.6137,411,723,0,0,1
11166,4.1788,0.5154,410,723,0,0,1
11167,4.1711,0.4472,409,723,0,0,1
11168,4.2379,0.4521,409,723,0,0,1
11169,4.0105,0.4685,408,723,0,0,1
11170,4.2473,0.521,408,723,0,0,1
11171,4.1599,0.5474,407,723,0,0,1
11172,4.0634,0.48,407,723,0,0,1
11173,4.2153,0.5751,406,723,0,0,1
11174,4.2119,0.4994,405,723,0,0,1
11175,4.1188,0.5371,404,723,0,0,1
11176,4.4148,0.6584,404,723,0,0,1
11177,3.9489,0.5245,404,723,0,0,1
11178,4.2612,0.5402,404,723,0,0,1
11179,4.0618,0.5067,404,723,0,0,1
11180,4.1874,0.4355,404,723,0,0,1
11181,4.2137,0.7213,404,723,0,0,1
11182,4.112,0.4402,404,723,0,0,1
11183,4.2471,0.6629,402,723,0,0,1
11184,4.0012,0.4828,401,723,0,0,1
11185,4.1879,0.4216,401,723,0,0,1
11186,4.2217,0.4939,401,723,0,0,1
11187,4.1277,0.4556,401,723,0,0,1
11188,4.3102,0.4196,400,723,0,0,1
11189,4.0872,0.6827,400,723,0,0,1
11190,4.121,0.4205,400,723,0,0,1
11191,4.2033,0.5265,400,723,0,0,1
11192,4.1264,0.4489,400,723,0,0,1
11193,4.2282,0.6703,400,723,0,0,1
11194,4.2312,0.6921,400,723,0,0,1
11195,4.0892,0.561,399,723,0,0,1
11196,4.183,0.5941,399,723,0,0,1
11197,4.0913,0.4929,399,723,0,0,1
11198,4.4879,0.5131,398,723,0,0,1
11199,3.9405,0.599,397,723,0,0,1
11200,4.1115,0.7722,397,723,0,0,1
11201,4.1963,0.6046,396,723,0,0,1
11202,4.2025,0.5945,395,723,0,0,1
11203,4.0683,0.4747,395,723,0,0,1
11204,4.1594,0.4755,394,723,0,0,1
11205,4.2477,0.6036,393,723,0,0,1
11206,4.2088,0.7017,390,723,0,0,1
11207,4.1792,0.5638,390,723,0,0,1
11208,4.0361,0.6267,390,723,0,0,1
11209,4.1831,0.5511,388,723,0,0,1
11210,4.2488,0.5025,386,723,0,0,1
11211,4.1363,0.5997,386,723,0,0,1
11212,4.208,0.6219,386,723,0,0,1
11213,4.0557,0.4394,385,723,0,0,1
11214,4.2474,0.6749,383,723,0,0,1
11215,4.13,0.4566,380,723,0,0,1
11216,4.1312,0.4602,378,723,0,0,1
11217,4.489,0.6697,376,723,0,0,1
11218,3.9214,0.4928,376,723,0,0,1
11219,4.3831,0.617,376,723,0,0,1
11220,3.844,0.5516,369,723,0,0,1
11221,4.2149,0.5156,368,723,0,0,1
11222,4.1754,0.5346,368,723,0,0,1
11223,4.507,0.5776,368,723,0,0,1
11224,3.9682,0.5038,368,723,0,0,1
11225,4.4718,0.606,418,723,0,0,1
11226,3.7548,0.5253,418,723,0,0,1
11227,4.1735,0.5152,417,723,0,0,1
11228,4.093,0.4601,417,723,0,0,1
11229,4.2118,0.5151,416,723,0,0,1
11230,4.2024,0.4566,415,723,0,0,1
11231,4.3185,0.7717,414,723,0,0,1
11232,3.9573,0.6799,413,723,0,0,1
11233,4.1725,0.4361,413,723,0,0,1
11234,4.212,0.4729,413,723,0,0,1
11235,4.1621,0.5148,412,723,0,0,1
11236,4.1619,0.5997,412,723,0,0,1
11237,4.1483,0.6718,412,723,0,0,1
11238,4.1816,0.7412,412,723,0,0,1
11239,4.1288,0.5153,412,723,0,0,1
11240,4.1255,0.4858,412,723,0,0,1
11241,4.2171,0.4885,410,723,0,0,1
11242,4.1915,0.5453,410,723,0,0,1
11243,4.1705,0.631,409,723,0,0,1
11244,4.2062,0.4327,408,723,0,0,1
11245,4.0714,0.6978,406,723,0,0,1
11246,4.2339,0.4993,406,723,0,0,1
11247,4.0917,0.4844,405,723,0,0,1
11248,4.23,0.4821,404,723,0,0,1
11249,4.1765,0.4502,404,723,0,0,1
11250,4.1371,0.4274,404,723,0,0,1
11251,4.2268,0.6877,404,723,0,0,1
11252,4.0732,0.4165,404,723,0,0,1
11253,4.6843,0.64,404,723,0,0,1
11254,3.6641,0.4269,403,723,0,0,1
11255,4.1721,0.6931,401,723,0,0,1
11256,4.144,0.4716,399,723,0,0,1
11257,4.2697,0.8205,399,723,0,0,1
11258,4.138,0.5379,399,723,0,0,1
11259,4.1266,0.4714,399,723,0,0,1
11260,4.1771,0.5955,399,723,0,0,1
11261,4.1713,0.578,396,723,0,0,1
11262,4.1905,0.7562,396,723,0,0,1
11263,4.1509,0.705,396,723,0,0,1
11264,4.1244,0.5175,396,723,0,0,1
11265,4.1857,0.4928,396,723,0,0,1
11266,4.2147,0.5505,395,723,0,0,1
11267,4.1746,0.6392,394,723,0,0,1
11268,4.1088,0.6624,394,723,0,0,1
11269,4.185,0.5189,394,723,0,0,1
11270,4.247,0.8637,392,723,0,0,1
11271,4.0927,0.5564,392,723,0,0,1
11272,4.6068,0.4687,391,723,0,0,1
11273,3.7388,0.4777,391,723,0,0,1
11274,4.1691,0.6183,391,723,0,0,1
11275,4.1659,0.4463,391,723,0,0,1
11276,4.079,0.4415,391,723,0,0,1
11277,4.3729,0.4345,391,723,0,0,1
11278,4.0729,0.5056,391,723,0,0,1
11279,4.1485,0.494,391,723,0,0,1
11280,4.0597,0.6775,390,723,0,0,1
11281,4.2525,0.6556,389,723,0,0,1
11282,4.249,0.6746,387,723,0,0,1
11283,4.128,0.573,386,723,0,0,1
11284,4.1649,0.5104,386,723,0,0,1
11285,4.1247,0.4998,385,723,0,0,1
11286,4.2625,0.6147,384,723,0,0,1
11287,4.0978,0.6887,376,723,0,0,1
11288,4.1,0.5316,375,723,0,0,1
11289,4.283,0.659,375,723,0,0,1
11290,4.1271,0.5694,375,723,0,0,1
11291,4.0871,0.5076,375,723,0,0,1
11292,4.2032,0.6913,375,723,0,0,1
11293,4.1271,0.6536,425,723,0,0,1
11294,4.2323,0.7164,425,723,0,0,1
11295,4.1202,0.4975,424,723,0,0,1
11296,4.2641,0.4729,423,723,0,0,1
11297,4.0923,0.5084,423,723,0,0,1
11298,4.2196,0.4787,422,723,0,0,1
11299,4.4042,0.4477,421,723,0,0,1
11300,3.8339,0.4396,420,723,0,0,1
11301,4.3869,0.6538,420,723,0,0,1
11302,4.0371,0.5186,420,723,0,0,1
11303,4.1485,0.5416,420,723,0,0,1
11304,4.0994,0.4915,420,723,0,0,1
11305,4.1824,0.5475,420,723,0,0,1
11306,4.3555,0.5163,420,723,0,0,1
11307,4.0333,0.5037,420,723,0,0,1
11308,4.1948,0.6724,419,723,0,0,1
11309,4.1467,0.5277,419,723,0,0,1
11310,4.1734,0.516,419,723,0,0,1
11311,4.1217,0.4811,417,723,0,0,1
11312,4.1362,0.4565,417,723,0,0,1
11313,4.2403,0.7237,417,723,0,0,1
11314,4.1733,0.4941,417,723,0,0,1
11315,4.1323,0.4814,415,723,0,0,1
11316,4.1463,0.4872,415,723,0,0,1
11317,4.1322,0.7228,415,723,0,0,1
11318,4.189,0.6782,415,723,0,0,1
11319,4.2745,0.766,414,723,0,0,1
11320,4.0402,0.4974,414,723,0,0,1
11321,4.2687,0.5805,413,723,0,0,1
11322,4.3433,0.4589,412,723,0,0,1
11323,3.9579,0.516,412,723,0,0,1
11324,4.1013,0.4896,412,723,0,0,1
11325,4.2453,0.4798,412,723,0,0,1
11326,4.2198,0.7018,411,723,0,0,1
11327,4.1253,0.5637,410,723,0,0,1
11328,4.3591,0.75,409,723,0,0,1
11329,3.9028,0.4566,409,723,0,0,1
11330,4.208,0.4865,407,723,0,0,1
11331,4.1816,0.5366,406,723,0,0,1
11332,4.2365,0.6185,405,723,0,0,1
11333,4.1354,0.4146,404,723,0,0,1
11334,4.1093,0.4342,403,723,0,0,1
11335,4.2297,0.606,402,723,0,0,1
11336,4.0831,0.8635,399,723,0,0,1
11337,4.2282,0.6353,398,723,0,0,1
11338,4.159,0.6715,397,723,0,0,1
11339,4.1748,0.5292,397,723,0,0,1
11340,4.0507,0.4625,397,723,0,0,1
11341,4.1919,0.4539,396,723,0,0,1
11342,4.1893,0.4733,395,723,0,0,1
11343,4.2301,0.5365,395,723,0,0,1
11344,4.2015,0.4727,393,723,0,0,1
11345,4.0924,0.4698,393,723,0,0,1
11346,4.194,0.5417,393,723,0,0,1
11347,4.0965,0.5159,392,723,0,0,1
11348,4.1659,0.4861,392,723,0,0,1
11349,4.379,0.4728,390,723,0,0,1
11350,4.0253,0.4804,389,723,0,0,1
11351,4.2408,0.6778,389,723,0,0,1
11352,4.061,0.7191,388,723,0,0,1
11353,4.121,0.4904,388,723,0,0,1
11354,4.1989,0.5285,379,723,0,0,1
11355,4.2052,0.5564,379,723,0,0,1
11356,4.1545,0.6842,379,723,0,0,1
11357,4.1956,0.7106,379,723,0,0,1
11358,4.1461,0.7898,378,723,0,0,1
11359,4.1768,0.5346,377,723,0,0,1
11360,4.0668,0.6137,427,723,0,0,1
11361,4.2393,0.5322,426,723,0,0,1
11362,4.2113,0.5161,426,723,0,0,1
11363,4.2275,0.47,426,723,0,0,1
11364,4.1013,0.6568,426,723,0,0,1
11365,4.1544,0.6444,424,723,0,0,1
11366,4.1802,0.5204,424,723,0,0,1
11367,4.1113,0.4499,424,723,0,0,1
11368,4.2028,0.6435,423,723,0,0,1
11369,4.1362,0.6902,421,723,0,0,1
11370,4.2902,0.6833,421,723,0,0,1
11371,4.0477,0.5025,421,723,0,0,1
11372,4.1277,0.5115,418,723,0,0,1
11373,4.242,0.4993,417,723,0,0,1
11374,4.1112,0.4607,417,723,0,0,1
11375,4.2257,0.641,416,723,0,0,1
11376,4.0577,0.4904,415,723,0,0,1
11377,4.1896,0.7378,414,723,0,0,1
11378,4.2443,0.4995,414,723,0,0,1
11379,4.1621,0.5732,414,723,0,0,1
11380,4.4123,0.6551,412,723,0,0,1
11381,3.8831,0.4479,411,723,0,0,1
11382,4.2397,0.7503,410,723,0,0,1
11383,4.1553,0.889,409,723,0,0,1
11384,4.0617,0.496,409,723,0,0,1
11385,4.2617,0.6045,409,723,0,0,1
11386,4.1705,0.5371,408,723,0,0,1
11387,4.1666,0.6772,407,723,0,0,1
11388,4.1169,0.6927,405,723,0,0,1
11389,4.2154,0.6551,405,723,0,0,1
11390,4.1063,0.803,404,723,0,0,1
11391,4.2277,0.5135,404,723,0,0,1
11392,4.2113,0.4963,404,723,0,0,1
11393,4.3647,0.4505,404,723,0,0,1
11394,3.9503,0.652,404,723,0,0,1
11395,4.2655,0.6515,404,723,0,0,1
11396,4.0182,0.7592,402,723,0,0,1
11397,4.1559,0.4268,402,723,0,0,1
11398,4.2185,0.6437,401,723,0,0,1
11399,4.163,0.6633,400,723,0,0,1
11400,4.1168,0.4577,400,723,0,0,1
11401,4.2373,0.7247,399,723,0,0,1
11402,4.54,0.6237,399,723,0,0,1
11403,3.7519,0.4776,399,723,0,0,1
11404,4.5014,0.7374,399,723,0,0,1
11405,4.1834,0.6835,399,723,0,0,1
11406,4.0976,0.468,399,723,0,0,1
11407,4.0307,0.9203,398,723,0,0,1
11408,3.9717,0.5258,397,723,0,0,1
11409,4.2365,0.7665,394,723,0,0,1
11410,4.196,0.7545,394,723,0,0,1
11411,4.1187,0.6312,394,723,0,0,1
11412,4.438,0.5064,393,723,0,0,1
11413,3.9375,0.6767,392,723,0,0,1
11414,4.2453,0.8181,391,723,0,0,1
11415,4.0565,0.5498,390,723,0,0,1
11416,4.1149,0.5716,390,723,0,0,1
11417,4.5413,0.5543,390,723,0,0,1
11418,3.8213,0.484,390,723,0,0,1
11419,4.4048,0.6337,388,723,0,0,1
11420,3.9079,0.4387,387,723,0,0,1
11421,4.2774,0.6519,379,723,0,0,1
11422,4.1277,0.7747,379,723,0,0,1
11423,4.1225,0.5794,379,723,0,0,1
11424,4.1383,0.6559,376,723,0,0,1
11425,4.1681,0.5018,375,723,0,0,1
11426,4.4675,0.7838,374,723,0,0,1
11427,3.9076,0.5185,424,723,0,0,1
11428,4.2353,0.6426,423,723,0,0,1
11429,4.5568,0.6784,421,723,0,0,1
11430,3.6898,0.4468,420,723,0,0,1
11431,4.2152,0.5352,420,723,0,0,1
11432,4.0924,0.422,420,723,0,0,1
11433,4.1658,0.4077,419,723,0,0,1
11434,4.1849,0.4083,419,723,0,0,1
11435,4.1286,0.6424,419,723,0,0,1
11436,4.4963,0.5073,419,723,0,0,1
11437,3.8679,0.479,419,723,0,0,1
11438,4.1373,1.0127,419,723,0,0,1
11439,4.1471,0.3862,419,723,0,0,1
11440,4.3083,0.3749,418,723,0,0,1
11441,4.0188,0.3722,418,723,0,0,1
11442,4.2744,0.5066,417,723,0,0,1
11443,4.1363,0.4594,417,723,0,0,1
11444,4.0406,0.3601,417,723,0,0,1
11445,4.2347,0.365,417,723,0,0,1
11446,4.2361,0.6302,416,723,0,0,1
11447,4.285,0.5191,416,723,0,0,1
11448,4.0597,0.5298,416,723,0,0,1
11449,4.0581,0.4516,416,723,0,0,1
11450,4.1427,0.4578,416,723,0,0,1
11451,4.2995,0.4123,416,723,0,0,1
11452,4.1261,0.4107,415,723,0,0,1
11453,4.2123,0.5318,415,723,0,0,1
11454,4.0989,0.5736,415,723,0,0,1
11455,4.231,0.476,415,723,0,0,1
11456,4.0895,0.4386,415,723,0,0,1
11457,4.1103,0.4022,413,723,0,0,1
11458,4.3643,0.6344,412,723,0,0,1
11459,4.1037,0.5215,411,723,0,0,1
11460,4.0679,0.8258,411,723,0,0,1
11461,4.1821,0.7049,410,723,0,0,1
11462,4.2471,0.5284,410,723,0,0,1
11463,4.1858,0.5699,410,723,0,0,1
11464,4.3807,0.4849,410,723,0,0,1
11465,3.9081,0.5182,410,723,0,0,1
11466,4.1808,0.6947,410,723,0,0,1
11467,4.1388,0.4924,410,723,0,0,1
11468,4.1203,0.447,408,723,0,0,1
11469,4.2524,0.5749,406,723,0,0,1
11470,4.1575,0.435,405,723,0,0,1
11471,4.221,0.7488,401,723,0,0,1
11472,4.0726,0.4274,401,723,0,0,1
11473,4.1631,0.4362,400,723,0,0,1
11474,4.3571,0.6926,399,723,0,0,1
11475,3.974,0.4742,397,723,0,0,1
11476,4.277,0.7428,395,723,0,0,1
11477,4.1905,0.699,395,723,0,0,1
11478,4.0956,0.5506,394,723,0,0,1
11479,4.483,0.5264,394,723,0,0,1
11480,3.7677,0.4941,391,723,0,0,1
11481,4.1018,0.5145,391,723,0,0,1
11482,4.2243,0.5119,391,723,0,0,1
11483,4.2892,0.7528,391,723,0,0,1
11484,4.0973,0.5337,390,723,0,0,1
11485,4.1527,0.6322,388,723,0,0,1
11486,4.1633,0.517,388,723,0,0,1
11487,4.1569,0.4892,388,723,0,0,1
11488,4.2815,0.4974,378,723,0,0,1
11489,4.119,0.7072,378,723,0,0,1
11490,4.16,0.7711,376,723,0,0,1
11491,4.1338,0.5185,376,723,0,0,1
11492,4.1132,0.5529,376,723,0,0,1
11493,4.201,0.5612,376,723,0,0,1
11494,4.2476,0.5026,425,723,0,0,1
11495,4.1445,0.4601,425,723,0,0,1
11496,4.0955,0.4937,425,723,0,0,1
11497,4.183,0.4538,424,723,0,0,1
11498,4.2378,0.4967,423,723,0,0,1
11499,4.0984,0.4603,423,723,0,0,1
11500,4.1951,0.7208,423,723,0,0,1
11501,4.1691,0.497,422,723,0,0,1
11502,4.2569,0.7488,421,723,0,0,1
11503,4.2903,0.6181,421,723,0,0,1
11504,3.9106,0.4578,420,723,0,0,1
11505,4.1731,0.4864,419,723,0,0,1
11506,4.2268,0.4933,418,723,0,0,1
11507,4.2176,0.6208,417,723,0,0,1
11508,4.099,0.4394,415,723,0,0,1
11509,4.2037,0.6735,415,723,0,0,1
11510,4.1457,0.616,415,723,0,0,1
11511,4.154,0.5202,415,723,0,0,1
11512,4.1512,0.4305,415,723,0,0,1
11513,4.197,0.4679,415,723,0,0,1
11514,4.1541,0.7477,415,723,0,0,1
11515,4.1195,0.5558,415,723,0,0,1
11516,4.1565,0.5215,415,723,0,0,1
11517,4.1409,0.5303,412,723,0,0,1
11518,4.2931,0.5098,412,723,0,0,1
11519,4.1528,0.5026,412,723,0,0,1
11520,4.0794,0.6207,411,723,0,0,1
11521,4.3428,0.7023,411,723,0,0,1
11522,4.0666,0.5131,411,723,0,0,1
11523,4.1188,0.4555,411,723,0,0,1
11524,4.1443,0.4111,409,723,0,0,1
11525,4.2532,0.5198,407,723,0,0,1
11526,4.1162,0.7285,407,723,0,0,1
11527,4.1737,0.4268,406,723,0,0,1
11528,4.1172,0.4697,406,723,0,0,1
11529,4.4494,0.5941,405,723,0,0,1
11530,4.1989,0.4412,405,723,0,0,1
11531,3.8646,0.5436,403,723,0,0,1
11532,4.2221,0.4611,403,723,0,0,1
11533,4.1379,0.7316,403,723,0,0,1
11534,4.214,0.5206,400,723,0,0,1
11535,4.0999,0.502,399,723,0,0,1
11536,4.3867,0.6108,398,723,0,0,1
11537,3.9317,0.521,396,723,0,0,1
11538,4.2847,0.4964,396,723,0,0,1
11539,4.0646,0.4951,395,723,0,0,1
11540,4.1498,0.5394,394,723,0,0,1
11541,4.1927,0.6737,394,723,0,0,1
11542,4.1434,0.5233,393,723,0,0,1
11543,4.2969,0.5925,392,723,0,0,1
11544,4.0046,0.5812,392,723,0,0,1
11545,4.2051,0.6534,392,723,0,0,1
11546,4.2622,0.7012,391,723,0,0,1
11547,4.1132,0.4843,391,723,0,0,1
11548,4.0954,0.4393,390,723,0,0,1
11549,4.2424,0.5754,389,723,0,0,1
11550,4.2087,0.5089,387,723,0,0,1
11551,4.2535,0.6236,386,723,0,0,1
11552,3.9859,0.4603,386,723,0,0,1
11553,4.5477,0.6123,383,723,0,0,1
11554,3.8834,0.5414,380,723,0,0,1
11555,4.1573,0.6053,380,723,0,0,1
11556,4.1363,0.5523,373,723,0,0,1
11557,4.133,0.5352,373,723,0,0,1
11558,4.19,0.708,372,723,0,0,1
11559,4.1831,0.5381,372,723,0,0,1
11560,4.1247,0.8766,372,723,0,0,1
11561,4.2197,0.5354,422,723,0,0,1
11562,4.1853,0.5124,422,723,0,0,1
11563,4.1146,0.4756,420,723,0,0,1
11564,4.1299,0.4416,418,723,0,0,1
11565,4.3116,0.689,418,723,0,0,1
11566,4.3406,0.5631,417,723,0,0,1
11567,3.8842,0.4892,417,723,0,0,1
11568,4.1177,0.4738,416,723,0,0,1
11569,4.2087,0.5709,415,723,0,0,1
11570,4.3085,0.6802,414,723,0,0,1
11571,4.0839,0.5545,414,723,0,0,1
11572,4.104,0.735,414,723,0,0,1
11573,4.2358,0.784,414,723,0,0,1
11574,4.1084,0.5353,414,723,0,0,1
11575,4.3825,0.5373,414,723,0,0,1
11576,3.9158,0.4805,414,723,0,0,1
11577,4.5457,0.6364,413,723,0,0,1
11578,3.9049,0.693,413,723,0,0,1
11579,4.1046,0.4688,412,723,0,0,1
11580,4.4085,0.5567,412,723,0,0,1
11581,3.898,0.4707,412,723,0,0,1
11582,4.1867,0.4518,412,723,0,0,1
11583,4.1245,0.4444,412,723,0,0,1
11584,4.2555,0.4246,411,723,0,0,1
11585,4.1614,0.5154,411,723,0,0,1
11586,4.1628,0.5149,411,723,0,0,1
11587,4.4016,0.4543,411,723,0,0,1
11588,3.85,0.4718,409,723,0,0,1
11589,4.3916,0.4772,408,723,0,0,1
11590,4.0221,0.4955,408,723,0,0,1
11591,4.1567,0.5738,408,723,0,0,1
11592,4.1029,0.7154,406,723,0,0,1
11593,4.1894,0.5024,405,723,0,0,1
11594,4.223,0.6031,405,723,0,0,1
11595,4.1796,0.4714,404,723,0,0,1
11596,4.1295,0.4681,403,723,0,0,1
11597,4.1778,0.5704,402,723,0,0,1
11598,4.1271,0.4468,402,723,0,0,1
11599,4.2498,0.58,402,723,0,0,1
11600,4.0263,0.4588,402,723,0,0,1
11601,4.5178,0.6302,401,723,0,0,1
11602,3.9215,0.467,400,723,0,0,1
11603,4.2174,0.4893,400,723,0,0,1
11604,4.0713,0.4302,400,723,0,0,1
11605,4.1453,0.4612,398,723,0,0,1
11606,4.185,0.467,397,723,0,0,1
11607,4.2066,0.5385,397,723,0,0,1
11608,4.2356,0.4275,397,723,0,0,1
11609,4.0527,0.4407,395,723,0,0,1
11610,4.2248,0.4893,393,723,0,0,1
11611,4.0901,0.416,393,723,0,0,1
11612,4.18,0.4141,389,723,0,0,1
11613,4.2292,0.5157,389,723,0,0,1
11614,4.1118,0.432,388,723,0,0,1
11615,4.3735,0.6554,387,723,0,0,1
11616,3.9699,0.4301,386,723,0,0,1
11617,4.5551,0.4399,384,723,0,0,1
11618,4.0649,0.4297,384,723,0,0,1
11619,3.9149,0.4887,382,723,0,0,1
11620,4.1533,0.7127,382,723,0,0,1
11621,4.1956,0.6543,381,723,0,0,1
11622,4.1532,0.493,380,723,0,0,1
11623,4.1788,0.4609,373,723,0,0,1
11624,4.0919,0.4148,373,723,0,0,1
11625,4.2381,0.4698,370,723,0,0,1
11626,4.171,0.4587,370,723,0,0,1
11627,4.1756,0.6482,370,723,0,0,1
11628,4.0858,0.4304,370,723,0,0,1
11629,4.1842,0.4962,420,723,0,0,1
11630,4.197,0.5,420,723,0,0,1
11631,4.1373,0.4468,419,723,0,0,1
11632,4.2892,0.5617,418,723,0,0,1
11633,4.0551,0.4572,417,723,0,0,1
11634,4.1958,0.6415,416,723,0,0,1
11635,4.2298,0.4892,416,723,0,0,1
11636,4.0398,0.4279,416,723,0,0,1
11637,4.1439,0.4511,416,723,0,0,1
11638,4.2679,0.4831,415,723,0,0,1
11639,4.1009,0.7733,413,723,0,0,1
11640,4.1386,0.7196,412,723,0,0,1
11641,4.2019,0.4985,412,723,0,0,1
11642,4.5082,0.5457,412,723,0,0,1
11643,3.8184,0.5877,412,723,0,0,1
11644,4.2468,0.6228,412,723,0,0,1
11645,4.1289,0.5239,411,723,0,0,1
11646,4.1406,0.449,411,723,0,0,1
11647,4.2102,0.5017,410,723,0,0,1
11648,4.129,0.4772,410,723,0,0,1
11649,4.1279,0.4691,409,723,0,0,1
11650,4.2067,0.4398,409,723,0,0,1
11651,4.3653,0.6436,408,723,0,0,1
11652,3.9811,0.4672,407,723,0,0,1
11653,4.2538,0.7479,407,723,0,0,1
11654,4.0533,0.4249,407,723,0,0,1
11655,4.1866,0.5035,405,723,0,0,1
11656,4.115,0.4508,403,723,0,0,1
11657,4.2498,0.479,402,723,0,0,1
11658,4.1586,0.7109,402,723,0,0,1
11659,4.2245,0.7049,402,723,0,0,1
11660,4.0549,0.4837,401,723,0,0,1
11661,4.2064,0.4742,401,723,0,0,1
11662,4.4311,0.5843,401,723,0,0,1
11663,4.1662,0.4633,401,723,0,0,1
11664,3.919,0.634,401,723,0,0,1
11665,4.1394,0.4782,401,723,0,0,1
11666,4.3058,0.6636,401,723,0,0,1
11667,4.0404,0.5588,401,723,0,0,1
11668,4.4138,0.7336,401,723,0,0,1
11669,3.8959,0.5351,401,723,0,0,1
11670,4.1657,0.751,400,723,0,0,1
11671,4.1211,0.662,398,723,0,0,1
11672,4.1798,0.4852,398,723,0,0,1
11673,4.4166,0.5474,398,723,0,0,1
11674,3.9662,0.4467,398,723,0,0,1
11675,4.4371,0.6569,397,723,0,0,1
11676,3.9128,0.4898,396,723,0,0,1
11677,4.1885,0.6621,396,723,0,0,1
11678,4.3595,0.7066,396,723,0,0,1
11679,3.9282,0.5262,396,723,0,0,1
11680,4.19,0.4339,395,723,0,0,1
11681,4.1479,0.5076,395,723,0,0,1
11682,4.1428,0.4467,395,723,0,0,1
11683,4.1973,0.5319,394,723,0,0,1
11684,4.1381,0.429,394,723,0,0,1
11685,4.2113,0.4309,394,723,0,0,1
11686,4.235,0.4976,393,723,0,0,1
11687,4.1223,0.4892,393,723,0,0,1
11688,4.1599,0.4641,391,723,0,0,1
11689,4.0907,0.5596,391,723,0,0,1
11690,4.2354,0.661,391,723,0,0,1
11691,4.1737,0.5226,383,723,0,0,1
11692,4.1655,0.6236,379,723,0,0,1
11693,4.1461,0.5036,379,723,0,0,1
11694,4.1889,0.4894,378,723,0,0,1
11695,4.4611,0.6506,378,723,0,0,1
11696,3.8238,0.4866,428,723,0,0,1
11697,4.4402,0.6471,428,723,0,0,1
11698,3.949,0.7256,428,723,0,0,1
11699,4.1824,0.5041,427,723,0,0,1
11700,4.3704,0.6597,426,723,0,0,1
11701,3.9173,0.7416,426,723,0,0,1
11702,4.1937,0.5403,425,723,0,0,1
11703,4.1849,0.5366,425,723,0,0,1
11704,4.5167,0.6234,424,723,0,0,1
11705,3.8165,0.5337,423,723,0,0,1
11706,4.4821,0.4873,423,723,0,0,1
11707,3.8385,0.5026,423,723,0,0,1
11708,4.0708,0.4723,421,723,0,0,1
11709,4.1992,0.446,421,723,0,0,1
11710,4.2656,0.6411,420,723,0,0,1
11711,4.1335,0.4999,418,723,0,0,1
11712,4.0964,0.4716,417,723,0,0,1
11713,4.1801,0.54,416,723,0,0,1
11714,4.4256,0.7698,416,723,0,0,1
11715,4.0782,0.5844,415,723,0,0,1
11716,4.0796,0.7634,415,723,0,0,1
11717,4.2982,0.5977,415,723,0,0,1
11718,4.0029,0.6523,414,723,0,0,1
11719,4.1825,0.5373,414,723,0,0,1
11720,4.1278,0.4552,413,723,0,0,1
11721,4.1696,0.6458,413,723,0,0,1
11722,4.2408,0.6968,411,723,0,0,1
11723,4.3439,0.6419,411,723,0,0,1
11724,3.8732,0.4225,410,723,0,0,1
11725,4.1964,0.4558,410,723,0,0,1
11726,4.1674,0.4534,410,723,0,0,1
11727,4.3477,0.4395,409,723,0,0,1
11728,4.1382,0.5681,408,723,0,0,1
11729,4.0236,0.6122,408,723,0,0,1
11730,4.1813,0.7458,406,723,0,0,1
11731,4.4642,0.7042,406,723,0,0,1
11732,3.8155,0.5015,405,723,0,0,1
11733,4.1526,0.5047,405,723,0,0,1
11734,4.2536,0.5488,403,723,0,0,1
11735,4.2847,0.7616,401,723,0,0,1
11736,3.9608,0.4836,399,723,0,0,1
11737,4.2063,0.4513,399,723,0,0,1
11738,4.2197,0.4911,399,723,0,0,1
11739,4.115,0.4599,399,723,0,0,1
11740,4.2099,0.6287,399,723,0,0,1
11741,4.2541,0.685,398,723,0,0,1
11742,4.2135,0.6138,397,723,0,0,1
11743,4.0471,0.714,395,723,0,0,1
11744,4.1007,0.4251,395,723,0,0,1
11745,4.2201,0.4569,394,723,0,0,1
11746,4.1647,0.4393,393,723,0,0,1
11747,4.1675,0.4384,393,723,0,0,1
11748,4.1223,0.5913,393,723,0,0,1
11749,4.2331,0.6038,391,723,0,0,1
11750,4.1641,0.4661,391,723,0,0,1
11751,4.111,0.5101,391,723,0,0,1
11752,4.1304,0.4508,391,723,0,0,1
11753,4.2264,0.7713,391,723,0,0,1
11754,4.1773,0.488,391,723,0,0,1
11755,4.1837,0.4843,391,723,0,0,1
11756,4.1273,0.4159,389,723,0,0,1
11757,4.1078,0.4354,388,723,0,0,1
11758,4.2648,0.6062,381,723,0,0,1
11759,4.1733,0.6429,381,723,0,0,1
11760,4.0632,0.5718,380,723,0,0,1
11761,4.41,0.5944,379,723,0,0,1
11762,3.9637,0.4239,379,723,0,0,1
11763,4.2193,0.6104,428,723,0,0,1
11764,4.1256,0.5099,428,723,0,0,1
11765,4.2352,0.4508,427,723,0,0,1
11766,4.2097,0.7061,426,723,0,0,1
11767,4.4064,0.6096,425,723,0,0,1
11768,3.7997,0.4815,422,723,0,0,1
11769,4.2383,0.5517,422,723,0,0,1
11770,4.1598,0.5551,422,723,0,0,1
11771,4.2085,0.6994,420,723,0,0,1
11772,4.109,0.47,420,723,0,0,1
11773,4.1852,0.6614,420,723,0,0,1
11774,4.1921,0.512,418,723,0,0,1
11775,4.141,0.6363,417,723,0,0,1
11776,4.0955,0.4425,417,723,0,0,1
11777,4.2125,0.5072,417,723,0,0,1
11778,4.1844,0.6591,417,723,0,0,1
11779,4.2735,0.6705,416,723,0,0,1
11780,3.9912,0.4357,416,723,0,0,1
11781,4.1648,0.4806,416,723,0,0,1
11782,4.2445,0.5307,415,723,0,0,1
11783,4.2128,0.9529,413,723,0,0,1
11784,4.0703,0.7372,413,723,0,0,1
11785,4.1667,0.5286,412,723,0,0,1
11786,4.278,0.5329,412,723,0,0,1
11787,4.0814,0.4785,412,723,0,0,1
11788,4.4239,0.4835,408,723,0,0,1
11789,3.9336,0.4899,407,723,0,0,1
11790,4.1775,0.6068,406,723,0,0,1
11791,4.1711,0.7117,406,723,0,0,1
11792,4.0946,0.4248,405,723,0,0,1
11793,4.2276,0.4924,404,723,0,0,1
11794,4.1805,0.4923,404,723,0,0,1
11795,4.1433,0.4868,404,723,0,0,1
11796,4.1426,0.5235,403,723,0,0,1
11797,4.1948,0.668,402,723,0,0,1
11798,4.1412,0.4737,401,723,0,0,1
11799,4.1644,0.7085,400,723,0,0,1
11800,4.117,0.4136,399,723,0,0,1
11801,4.2575,0.4662,399,723,0,0,1
11802,4.1669,0.5556,399,723,0,0,1
11803,4.1822,0.4309,396,723,0,0,1
11804,4.0469,0.4267,392,723,0,0,1
11805,4.1629,0.4572,392,723,0,0,1
11806,4.3196,0.6877,392,723,0,0,1
11807,4.046,0.4196,391,723,0,0,1
11808,4.1946,0.5029,390,723,0,0,1
11809,4.1732,0.6117,389,723,0,0,1
11810,4.1653,0.7113,388,723,0,0,1
11811,4.2042,0.5076,386,723,0,0,1
11812,4.1425,0.4121,386,723,0,0,1
11813,4.3383,0.4116,386,723,0,0,1
11814,4.0213,0.4863,384,723,0,0,1
11815,4.1732,0.5913,384,723,0,0,1
11816,4.1092,0.4318,382,723,0,0,1
11817,4.2011,0.4811,382,723,0,0,1
11818,4.1435,0.4352,382,723,0,0,1
11819,4.141,0.4095,382,723,0,0,1
11820,4.1993,0.4618,382,723,0,0,1
11821,4.1264,0.4292,382,723,0,0,1
11822,4.253,0.4459,382,723,0,0,1
11823,4.1432,0.4728,381,723,0,0,1
11824,4.1413,0.4307,374,723,0,0,1
11825,4.1205,0.4129,374,723,0,0,1
11826,4.268,0.4819,374,723,0,0,1
11827,4.0921,0.4305,373,723,0,0,1
11828,4.1714,0.4304,372,723,0,0,1
11829,4.4068,0.663,370,723,0,0,1
11830,3.9827,0.6581,419,723,0,0,1
11831,4.0853,0.4544,419,723,0,0,1
11832,4.4776,0.462,418,723,0,0,1
11833,3.8845,0.4782,418,723,0,0,1
11834,4.1312,0.5637,415,723,0,0,1
11835,4.2279,0.4724,414,723,0,0,1
11836,4.1456,0.667,414,723,0,0,1
11837,4.176,0.4525,412,723,0,0,1
11838,4.2688,0.5669,412,723,0,0,1
11839,4.0416,0.4615,411,723,0,0,1
11840,4.1898,0.5053,409,723,0,0,1
11841,4.1599,0.4832,409,723,0,0,1
11842,4.2054,0.5639,409,723,0,0,1
11843,4.1915,0.7404,409,723,0,0,1
11844,4.4767,0.5286,409,723,0,0,1
11845,4.3944,0.4808,409,723,0,0,1
11846,3.9298,0.4804,408,723,0,0,1
11847,4.1387,0.5019,408,723,0,0,1
11848,4.5724,0.551,408,723,0,0,1
11849,3.748,0.5298,407,723,0,0,1
11850,4.249,0.5105,406,723,0,0,1
11851,5.5689,0.5837,405,723,0,0,1
11852,2.7378,0.4744,405,723,0,0,1
11853,5.2949,0.4829,403,723,0,0,1
11854,3.0143,0.4997,403,723,0,0,1
11855,4.2251,0.4815,403,723,0,0,1
11856,9.7348,0.4239,402,723,0,0,1
11857,4.2725,0.4845,402,723,0,0,1
11858,1.1014,0.3813,402,723,0,0,1
11859,1.5492,0.7144,401,723,0,0,1
11860,8.2602,0.4339,400,723,0,0,1
11861,0.7751,0.4032,399,723,0,0,1
11862,5.8141,0.4121,398,723,0,0,1
11863,2.6624,0.4679,398,723,0,0,1
11864,4.056,0.4216,395,723,0,0,1
11865,5.1275,0.3881,392,723,0,0,1
11866,2.2684,1.6329,392,723,0,0,1
11867,4.0092,1.5977,391,723,0,0,1
11868,4.2037,0.7446,391,723,0,0,1
11869,4.115,0.9046,391,723,0,0,1
11870,4.1549,0.9681,391,723,0,0,1
11871,4.1935,0.8953,390,723,0,0,1
11872,4.1265,0.5476,390,723,0,0,1
11873,4.1593,0.5972,388,723,0,0,1
11874,4.1782,0.5467,386,723,0,0,1
11875,4.1646,1.0308,385,723,0,0,1
11876,4.2367,0.8187,385,723,0,0,1
11877,4.1031,0.555,385,723,0,0,1
11878,4.1756,0.8014,384,723,0,0,1
11879,4.1524,0.8352,384,723,0,0,1
11880,4.182,0.9785,384,723,0,0,1
11881,4.1658,0.97,383,723,0,0,1
11882,4.1463,0.7836,382,723,0,0,1
11883,4.1762,0.9972,381,723,0,0,1
11884,4.2085,0.8723,381,723,0,0,1
11885,4.1996,0.8751,380,723,0,0,1
11886,4.1078,0.6136,380,723,0,0,1
11887,4.1525,0.8978,379,723,0,0,1
11888,4.156,0.5725,379,723,0,0,1
11889,4.1835,1.0612,379,723,0,0,1
11890,4.1632,0.481,379,723,0,0,1
11891,4.1677,0.6813,378,723,0,0,1
11892,4.2128,0.7416,371,723,0,0,1
11893,4.1662,0.6767,369,723,0,0,1
11894,4.1064,0.5961,367,723,0,0,1
11895,4.1744,0.6121,366,723,0,0,1
11896,4.1685,0.5067,365,723,0,0,1
11897,4.2221,0.5038,414,723,0,0,1
11898,4.1081,0.4522,414,723,0,0,1
11899,4.202,0.5126,412,723,0,0,1
11900,4.153,0.4395,412,723,0,0,1
11901,4.1112,0.4416,412,723,0,0,1
11902,4.2147,0.4508,412,723,0,0,1
11903,4.2633,0.4734,412,723,0,0,1
11904,4.0559,0.4711,412,723,0,0,1
11905,4.3762,0.6184,412,723,0,0,1
11906,4.0067,0.5258,412,723,0,0,1
11907,4.164,0.7426,411,723,0,0,1
11908,4.1303,0.7137,410,723,0,0,1
11909,4.2009,0.8522,410,723,0,0,1
11910,4.1231,0.9255,409,723,0,0,1
11911,4.191,1.042,407,723,0,0,1
11912,4.1572,0.7487,407,723,0,0,1
11913,4.1529,0.6356,406,723,0,0,1
11914,4.1963,0.4501,405,723,0,0,1
11915,4.1454,0.5879,403,723,0,0,1
11916,4.2065,0.9456,403,723,0,0,1
11917,4.1333,0.5701,403,723,0,0,1
11918,4.1954,0.9434,403,723,0,0,1
11919,4.1279,0.4359,403,723,0,0,1
11920,4.1678,0.4233,403,723,0,0,1
11921,4.2054,0.5064,403,723,0,0,1
11922,4.357,0.7244,403,723,0,0,1
11923,4.0026,0.8958,401,723,0,0,1
11924,4.0981,0.5142,400,723,0,0,1
11925,4.127,0.5466,399,723,0,0,1
11926,7.3179,0.4217,399,723,0,0,1
11927,2.9763,0.4659,397,723,0,0,1
11928,2.6889,1.1594,397,723,0,0,1
11929,3.8348,1.8114,397,723,0,0,1
11930,5.3331,2.3296,396,723,0,0,1
11931,3.232,0.474,396,723,0,0,1
11932,4.1361,0.4022,396,723,0,0,1
11933,4.1445,0.4213,396,723,0,0,1
11934,4.359,0.4393,396,723,0,0,1
11935,4.0181,0.4324,396,723,0,0,1
11936,4.1241,0.6018,394,723,0,0,1
11937,4.1457,0.7387,394,723,0,0,1
11938,4.4024,0.4437,393,723,0,0,1
11939,4.0229,0.6526,393,723,0,0,1
11940,4.1644,0.6457,393,723,0,0,1
11941,4.1334,0.701,390,723,0,0,1
11942,5.7695,0.5929,388,723,0,0,1
11943,2.5842,0.3819,387,723,0,0,1
11944,4.2364,0.4397,386,723,0,0,1
11945,4.1679,0.9075,383,723,0,0,1
11946,4.3738,0.7282,382,723,0,0,1
11947,3.8286,0.4283,382,723,0,0,1
11948,4.2875,0.3516,380,723,0,0,1
11949,4.041,0.5483,377,723,0,0,1
11950,4.3635,0.5662,377,723,0,0,1
11951,3.9384,0.6417,377,723,0,0,1
11952,4.1328,0.6918,377,723,0,0,1
11953,4.307,0.5636,375,723,0,0,1
11954,4.2181,0.5684,375,723,0,0,1
11955,3.9949,0.467,374,723,0,0,1
11956,4.1631,0.4847,374,723,0,0,1
11957,4.1639,0.4448,374,723,0,0,1
11958,4.3087,0.6272,374,723,0,0,1
11959,4.0162,0.59,366,723,0,0,1
11960,4.1762,0.6148,365,723,0,0,1
11961,4.1564,0.669,365,723,0,0,1
11962,4.3554,0.5447,364,723,0,0,1
11963,3.9747,0.7562,363,723,0,0,1
11964,4.1846,0.7126,413,723,0,0,1
11965,4.1855,0.4684,413,723,0,0,1
11966,4.2714,0.5505,411,723,0,0,1
11967,4.085,0.471,411,723,0,0,1
11968,4.0873,0.547,410,723,0,0,1
11969,4.1989,0.472,408,723,0,0,1
11970,4.3375,0.6035,408,723,0,0,1
11971,3.997,0.4593,408,723,0,0,1
11972,4.1628,0.45,407,723,0,0,1
11973,4.1698,0.633,407,723,0,0,1
11974,4.8712,0.5262,406,723,0,0,1
11975,3.4877,0.5919,406,723,0,0,1
11976,4.1381,0.7191,406,723,0,0,1
11977,4.1874,0.7245,406,723,0,0,1
11978,4.4032,0.709,406,723,0,0,1
11979,3.9396,0.6976,406,723,0,0,1
11980,4.1874,0.8034,406,723,0,0,1
11981,4.1908,0.78,406,723,0,0,1
11982,8.3667,0.8125,406,723,0,0,1
11983,4.0643,0.6951,405,723,0,0,1
11984,4.1884,0.7457,405,723,0,0,1
11985,4.3654,0.5864,405,723,0,0,1
11986,3.9754,0.5682,405,723,0,0,1
11987,4.1184,0.6767,405,723,0,0,1
11988,4.2031,0.5185,405,723,0,0,1
11989,4.3247,0.6468,405,723,0,0,1
11990,4.0155,0.6611,405,723,0,0,1
11991,4.1386,0.6792,404,723,0,0,1
11992,4.6222,0.6893,404,723,0,0,1
11993,3.9857,0.7093,403,723,0,0,1
11994,3.9974,0.59,403,723,0,0,1
11995,4.0504,0.6428,403,723,0,0,1
11996,4.2029,0.4862,402,723,0,0,1
11997,4.4271,0.4685,402,723,0,0,1
11998,4.3746,1.0093,401,723,0,0,1
11999,3.7246,0.6429,400,723,0,0,1
12000,4.2083,0.7989,400,723,0,0,1
12001,4.3938,0.6938,400,723,0,0,1
12002,3.8797,0.6398,399,723,0,0,1
12003,4.1553,0.6878,399,723,0,0,1
12004,4.4976,0.7907,397,723,0,0,1
12005,4.0948,0.6966,396,723,0,0,1
12006,3.9908,0.6723,396,723,0,0,1
12007,4.0974,0.552,394,723,0,0,1
12008,4.2414,0.8816,392,723,0,0,1
12009,4.2201,0.7591,392,723,0,0,1
12010,4.1096,0.7983,390,723,0,0,1
12011,4.1848,0.5658,389,723,0,0,1
12012,4.0654,0.6988,389,723,0,0,1
12013,4.6792,0.6893,384,723,0,0,1
12014,3.5368,0.5238,384,723,0,0,1
12015,4.0918,0.5014,383,723,0,0,1
12016,4.1908,0.5125,383,723,0,0,1
12017,4.1474,0.4863,382,723,0,0,1
12018,4.2501,0.5463,381,723,0,0,1
12019,4.068,0.4878,380,723,0,0,1
12020,4.2496,0.8526,379,723,0,0,1
12021,4.0682,0.66,379,723,0,0,1
12022,4.3816,0.4852,379,723,0,0,1
12023,4.0661,0.7306,379,723,0,0,1
12024,4.0854,0.5052,379,723,0,0,1
12025,4.1595,0.5417,379,723,0,0,1
12026,4.1765,0.7477,370,723,0,0,1
12027,4.1734,0.7465,369,723,0,0,1
12028,4.1708,0.6959,368,723,0,0,1
12029,4.2026,0.4436,368,723,0,0,1
12030,4.125,0.6161,368,723,0,0,1
12031,4.1645,1.0772,418,723,0,0,1
12032,4.1644,0.679,418,723,0,0,1
12033,4.194,0.976,417,723,0,0,1
12034,4.1712,0.5091,415,723,0,0,1
12035,4.1469,0.9351,413,723,0,0,1
12036,4.1536,1.0569,411,723,0,0,1
12037,4.1715,1.0281,409,723,0,0,1
12038,4.1887,0.7365,408,723,0,0,1
12039,4.1568,0.7837,407,723,0,0,1
12040,4.1675,1.0008,407,723,0,0,1
12041,4.2295,0.7309,407,723,0,0,1
12042,4.1007,0.8076,406,723,0,0,1
12043,4.1593,0.9035,406,723,0,0,1
12044,4.1808,0.7878,406,723,0,0,1
12045,4.6939,1.2171,406,723,0,0,1
12046,3.6438,0.4593,404,723,0,0,1
12047,4.1573,0.7979,404,723,0,0,1
12048,4.1715,0.7888,404,723,0,0,1
12049,4.1741,0.7448,403,723,0,0,1
12050,4.1678,0.9058,403,723,0,0,1
12051,4.1498,0.8591,402,723,0,0,1
12052,4.1432,0.3896,402,723,0,0,1
12053,4.3245,1.2565,400,723,0,0,1
12054,5.7248,0.43,400,723,0,0,1
12055,3.159,0.435,400,723,0,0,1
12056,4.2418,0.4284,400,723,0,0,1
12057,3.8577,0.4167,399,723,0,0,1
12058,4.6412,0.4915,399,723,0,0,1
12059,4.1231,0.3866,398,723,0,0,1
12060,4.1132,0.3746,397,723,0,0,1
12061,3.6925,0.355,397,723,0,0,1
12062,4.1427,0.3609,395,723,0,0,1
12063,4.1711,0.3386,395,723,0,0,1
12064,4.1942,0.3659,395,723,0,0,1
12065,4.1845,0.3734,395,723,0,0,1
12066,4.0732,0.3554,394,723,0,0,1
12067,4.279,0.3724,393,723,0,0,1
12068,4.1489,0.3567,393,723,0,0,1
12069,4.8383,0.5038,393,723,0,0,1
12070,3.4278,0.3756,393,723,0,0,1
12071,4.1835,0.403,393,723,0,0,1
12072,4.1428,0.3505,392,723,0,0,1
12073,4.2575,0.3757,392,723,0,0,1
12074,4.1218,0.4236,389,723,0,0,1
12075,4.5182,0.3758,388,723,0,0,1
12076,4.0725,0.3879,388,723,0,0,1
12077,3.9209,0.3472,387,723,0,0,1
12078,4.1335,0.3637,387,723,0,0,1
12079,4.18,0.3833,386,723,0,0,1
12080,4.2008,0.3293,385,723,0,0,1
12081,4.1466,0.347,384,723,0,0,1
12082,4.4532,0.4734,384,723,0,0,1
12083,3.8797,0.3523,384,723,0,0,1
12084,4.3784,0.3462,384,723,0,0,1
12085,4.0808,0.6066,384,723,0,0,1
12086,4.049,0.3571,383,723,0,0,1
12087,4.1428,0.3607,383,723,0,0,1
12088,4.2878,0.3427,382,723,0,0,1
12089,4.0981,0.3205,381,723,0,0,1
12090,4.1215,0.3199,381,723,0,0,1
12091,3.8111,0.3035,381,723,0,0,1
12092,4.758,0.5184,374,723,0,0,1
12093,3.9927,0.3472,372,723,0,0,1
12094,3.7837,0.4014,371,723,0,0,1
12095,4.123,0.3735,371,723,0,0,1
12096,4.1654,0.3526,369,723,0,0,1
12097,4.2138,0.5016,369,723,0,0,1
12098,4.1408,0.5859,417,723,0,0,1
12099,4.208,0.7358,416,723,0,0,1
12100,4.1834,0.5615,416,723,0,0,1
12101,13.3944,3.7657,416,723,0,0,1
12102,4.4903,1.8813,416,723,0,0,1
12103,4.0387,0.593,415,723,0,0,1
12104,3.2188,0.5182,415,723,0,0,1
12105,4.198,0.3887,414,723,0,0,1
12106,4.1339,0.5581,413,723,0,0,1
12107,4.3532,0.488,412,723,0,0,1
12108,3.987,0.4646,412,723,0,0,1
12109,4.1986,0.5516,410,723,0,0,1
12110,4.2733,0.4613,409,723,0,0,1
12111,4.3281,0.6082,409,723,0,0,1
12112,4.2365,0.6396,409,723,0,0,1
12113,3.7808,0.5417,408,723,0,0,1
12114,4.1829,0.6337,408,723,0,0,1
12115,5.5076,0.5928,407,723,0,0,1
12116,3.0301,0.5634,406,723,0,0,1
12117,4.4607,0.3799,405,723,0,0,1
12118,3.6975,0.4811,405,723,0,0,1
12119,4.3214,0.3739,405,723,0,0,1
12120,3.992,0.4782,405,723,0,0,1
12121,4.1607,0.3651,405,723,0,0,1
12122,4.1241,0.4976,405,723,0,0,1
12123,8.3045,0.4671,405,723,0,0,1
12124,4.2172,0.3807,405,723,0,0,1
12125,4.2032,0.4519,404,723,0,0,1
12126,4.2889,0.585,404,723,0,0,1
12127,8.1018,0.4848,403,723,0,0,1
12128,4.2342,0.5558,403,723,0,0,1
12129,4.2758,0.51,402,723,0,0,1
12130,4.027,0.5864,400,723,0,0,1
12131,4.1365,0.715,400,723,0,0,1
12132,4.2009,0.4544,399,723,0,0,1
12133,4.3513,0.5892,398,723,0,0,1
12134,4.0006,0.4671,398,723,0,0,1
12135,4.1806,0.5897,397,723,0,0,1
12136,4.1804,0.4185,397,723,0,0,1
12137,4.2849,0.569,397,723,0,0,1
12138,3.9927,0.4785,397,723,0,0,1
12139,4.1913,0.6077,396,723,0,0,1
12140,4.1728,0.4504,396,723,0,0,1
12141,4.3546,0.6242,396,723,0,0,1
12142,4.0123,0.5836,395,723,0,0,1
12143,4.1593,0.609,393,723,0,0,1
12144,4.1717,0.7404,390,723,0,0,1
12145,8.3257,0.4961,388,723,0,0,1
12146,4.249,0.6354,387,723,0,0,1
12147,4.4139,0.734,386,723,0,0,1
12148,4.1033,0.5536,386,723,0,0,1
12149,3.9537,0.5488,386,723,0,0,1
12150,4.1704,0.7154,385,723,0,0,1
12151,4.5821,0.51,384,723,0,0,1
12152,3.8148,0.5845,384,723,0,0,1
12153,4.0278,0.555,384,723,0,0,1
12154,4.1504,0.7213,377,723,0,0,1
12155,4.2081,0.6627,375,723,0,0,1
12156,4.6805,0.5725,375,723,0,0,1
12157,3.6812,0.6184,374,723,0,0,1
12158,4.1015,0.5922,374,723,0,0,1
12159,4.1314,0.5686,373,723,0,0,1
12160,4.9253,0.8422,421,723,0,0,1
12161,3.653,0.7073,421,723,0,0,1
12162,4.0176,0.6138,421,723,0,0,1
12163,4.5092,0.8124,418,723,0,0,1
12164,3.9381,0.6079,418,723,0,0,1
12165,4.0119,0.6235,418,723,0,0,1
12166,4.1545,0.6321,418,723,0,0,1
12167,4.246,0.7186,418,723,0,0,1
12168,4.9803,0.7061,415,723,0,0,1
12169,3.5828,0.7324,415,723,0,0,1
12170,3.8826,0.6172,415,723,0,0,1
12171,4.1764,1.0039,415,723,0,0,1
12172,4.3849,0.7581,415,723,0,0,1
12173,3.9203,0.6315,413,723,0,0,1
12174,4.2551,0.5864,412,723,0,0,1
12175,4.0875,0.5014,410,723,0,0,1
12176,4.9058,0.5123,410,723,0,0,1
12177,3.4265,0.5471,410,723,0,0,1
12178,4.6229,0.5685,410,723,0,0,1
12179,4.0708,0.5655,410,723,0,0,1
12180,4.4027,0.5387,410,723,0,0,1
12181,4.1207,0.5634,410,723,0,0,1
12182,3.9806,0.4744,409,723,0,0,1
12183,3.7959,0.6079,408,723,0,0,1
12184,4.7358,0.579,408,723,0,0,1
12185,3.5032,0.5238,408,723,0,0,1
12186,4.3499,0.8424,407,723,0,0,1
12187,3.8875,0.7711,407,723,0,0,1
12188,4.7671,0.7148,407,723,0,0,1
12189,3.6182,0.4841,407,723,0,0,1
12190,4.0918,0.4563,407,723,0,0,1
12191,4.4651,0.7118,407,723,0,0,1
12192,3.9619,0.4738,406,723,0,0,1
12193,4.3792,0.6466,406,723,0,0,1
12194,3.8635,0.4386,405,723,0,0,1
12195,4.5307,0.5753,405,723,0,0,1
12196,3.8868,0.5007,404,723,0,0,1
12197,4.1555,0.492,403,723,0,0,1
12198,4.1522,0.6329,402,723,0,0,1
12199,4.1307,0.6362,401,723,0,0,1
12200,4.2211,0.7103,401,723,0,0,1
12201,4.148,0.6527,401,723,0,0,1
12202,4.1149,0.4246,400,723,0,0,1
12203,4.2345,0.5276,400,723,0,0,1
12204,4.1933,0.4611,399,723,0,0,1
12205,4.2965,0.6187,398,723,0,0,1
12206,3.9667,0.4168,397,723,0,0,1
12207,4.3535,0.7042,397,723,0,0,1
12208,4.0743,0.5151,396,723,0,0,1
12209,4.0642,0.4436,395,723,0,0,1
12210,4.1363,0.5659,394,723,0,0,1
12211,4.1728,0.5374,393,723,0,0,1
12212,4.278,0.9732,393,723,0,0,1
12213,4.4713,0.5167,392,723,0,0,1
12214,3.8194,0.7229,392,723,0,0,1
12215,4.5524,0.5086,391,723,0,0,1
12216,4.0792,0.5421,391,723,0,0,1
12217,4.2651,0.4928,388,723,0,0,1
12218,3.7304,0.4735,388,723,0,0,1
12219,4.6783,0.5654,387,723,0,0,1
12220,3.6562,0.4832,387,723,0,0,1
12221,4.5764,0.5623,387,723,0,0,1
12222,4.2002,0.532,380,723,0,0,1
12223,4.0701,0.5217,380,723,0,0,1
12224,3.8194,0.6739,380,723,0,0,1
12225,4.4962,0.4551,379,723,0,0,1
12226,4.2171,0.5063,379,723,0,0,1
12227,4.2294,0.5701,428,723,0,0,1
12228,4.1599,0.6218,428,723,0,0,1
12229,3.7669,0.7079,428,723,0,0,1
12230,4.4907,0.4811,428,723,0,0,1
12231,4.1299,0.4692,428,723,0,0,1
12232,4.1984,0.5011,427,723,0,0,1
12233,4.5949,0.4997,426,723,0,0,1
12234,3.8552,0.5894,425,723,0,0,1
12235,3.9998,0.4586,425,723,0,0,1
12236,4.6977,0.7046,423,723,0,0,1
12237,3.6802,0.5245,423,723,0,0,1
12238,4.1862,0.5777,421,723,0,0,1
12239,4.2258,0.585,421,723,0,0,1
12240,4.1604,0.5894,419,723,0,0,1
12241,4.3526,0.506,419,723,0,0,1
12242,3.9323,0.5709,419,723,0,0,1
12243,4.5006,0.5059,418,723,0,0,1
12244,3.7684,0.4624,418,723,0,0,1
12245,4.3231,0.489,418,723,0,0,1
12246,4.1995,0.4982,418,723,0,0,1
12247,4.0638,0.4697,417,723,0,0,1
12248,4.4192,0.6615,417,723,0,0,1
12249,3.8746,0.4483,416,723,0,0,1
12250,4.3594,0.5502,414,723,0,0,1
12251,4.5509,0.6096,413,723,0,0,1
12252,3.643,0.4293,413,723,0,0,1
12253,4.1966,0.3872,412,723,0,0,1
12254,4.3359,0.3982,412,723,0,0,1
12255,3.9728,0.3827,412,723,0,0,1
12256,4.0972,0.3717,412,723,0,0,1
12257,4.4314,0.373,412,723,0,0,1
12258,3.965,0.5306,409,723,0,0,1
12259,4.5292,0.5126,409,723,0,0,1
12260,3.8399,0.5008,408,723,0,0,1
12261,4.0767,0.4879,408,723,0,0,1
12262,4.7518,0.5726,407,723,0,0,1
12263,3.7219,0.4223,406,723,0,0,1
12264,4.097,0.376,404,723,0,0,1
12265,4.0985,0.3701,403,723,0,0,1
12266,4.156,0.3877,401,723,0,0,1
12267,5.0265,0.3816,401,723,0,0,1
12268,3.4544,0.4299,400,723,0,0,1
12269,4.1903,1.1959,399,723,0,0,1
12270,3.6964,0.432,397,723,0,0,1
12271,4.1512,1.2218,397,723,0,0,1
12272,4.1711,1.0596,396,723,0,0,1
12273,4.1472,0.8857,396,723,0,0,1
12274,4.1515,1.1571,395,723,0,0,1
12275,4.1813,1.8818,394,723,0,0,1
12276,4.1633,1.0162,393,723,0,0,1
12277,4.1743,1.1028,392,723,0,0,1
12278,4.1754,1.3295,390,723,0,0,1
12279,4.1565,1.0999,390,723,0,0,1
12280,4.1754,1.6765,390,723,0,0,1
12281,4.1634,0.5468,390,723,0,0,1
12282,4.1388,1.0561,390,723,0,0,1
12283,4.2082,1.676,388,723,0,0,1
12284,4.1546,1.4303,388,723,0,0,1
12285,4.1343,1.7383,388,723,0,0,1
12286,4.2146,1.9106,385,723,0,0,1
12287,4.1525,1.1678,384,723,0,0,1
12288,4.2124,0.4856,384,723,0,0,1
12289,4.2728,0.572,384,723,0,0,1
12290,4.0094,1.5807,377,723,0,0,1
12291,4.1675,0.556,376,723,0,0,1
12292,4.4791,0.8279,376,723,0,0,1
12293,3.8517,0.9918,375,723,0,0,1
12294,4.1628,0.3783,375,723,0,0,1
12295,4.195,0.4508,425,723,0,0,1
12296,4.141,0.3861,422,723,0,0,1
12297,4.2345,0.8599,421,723,0,0,1
12298,4.2191,0.728,420,723,0,0,1
12299,4.0386,0.8434,420,723,0,0,1
12300,4.1745,0.8015,419,723,0,0,1
12301,4.1504,0.4455,418,723,0,0,1
12302,4.1574,1.4898,417,723,0,0,1
12303,4.2132,0.8925,416,723,0,0,1
12304,4.186,0.7733,415,723,0,0,1
12305,4.1403,0.9361,415,723,0,0,1
12306,4.1539,1.1419,413,723,0,0,1
12307,4.2606,0.662,413,723,0,0,1
12308,4.0768,0.8408,413,723,0,0,1
12309,4.2322,1.119,412,723,0,0,1
12310,4.1256,1.3319,412,723,0,0,1
12311,4.1274,0.4152,412,723,0,0,1
12312,4.3099,0.8771,412,723,0,0,1
12313,4.0737,0.3379,411,723,0,0,1
12314,4.1373,1.3011,411,723,0,0,1
12315,4.1685,0.4687,410,723,0,0,1
12316,4.1631,0.457,410,723,0,0,1
12317,4.1791,1.0794,410,723,0,0,1
12318,4.1498,1.1661,410,723,0,0,1
12319,4.2279,0.9793,410,723,0,0,1
12320,4.1112,1.2784,409,723,0,0,1
12321,4.1713,0.7066,409,723,0,0,1
12322,4.1562,1.425,408,723,0,0,1
12323,4.1661,0.6439,408,723,0,0,1
12324,4.1664,0.6275,408,723,0,0,1
12325,4.1846,0.8353,407,723,0,0,1
12326,4.1574,1.1931,406,723,0,0,1
12327,4.1747,0.4309,405,723,0,0,1
12328,4.1834,1.2028,404,723,0,0,1
12329,4.1378,0.7147,403,723,0,0,1
12330,4.1572,0.7518,402,723,0,0,1
12331,4.1864,0.3584,401,723,0,0,1
12332,4.1599,1.2227,401,723,0,0,1
12333,4.1732,0.7625,401,723,0,0,1
12334,4.1683,1.3423,400,723,0,0,1
12335,4.1733,1.2699,399,723,0,0,1
12336,4.1425,0.3585,399,723,0,0,1
12337,4.1802,0.3532,399,723,0,0,1
12338,4.167,0.3581,398,723,0,0,1
12339,4.1739,0.3646,397,723,0,0,1
12340,4.2122,0.3933,396,723,0,0,1
12341,4.4195,0.4181,395,723,0,0,1
12342,3.8526,0.3982,392,723,0,0,1
12343,4.213,0.4423,392,723,0,0,1
12344,4.33,0.3715,389,723,0,0,1
12345,3.9735,0.4864,388,723,0,0,1
12346,4.1912,0.498,388,723,0,0,1
12347,4.1668,0.5313,388,723,0,0,1
12348,4.1948,0.598,388,723,0,0,1
12349,4.1637,0.6666,388,723,0,0,1
12350,4.0895,1.2459,388,723,0,0,1
12351,4.1879,0.512,386,723,0,0,1
12352,4.2136,0.7248,386,723,0,0,1
12353,4.1778,0.589,386,723,0,0,1
12354,4.0943,0.5979,385,723,0,0,1
12355,4.6045,0.8927,384,723,0,0,1
12356,4.1785,0.4854,376,723,0,0,1
12357,3.9167,0.5451,375,723,0,0,1
12358,4.2036,0.525,374,723,0,0,1
12359,4.2081,0.7458,374,723,0,0,1
12360,8.349,0.9451,374,723,0,0,1
12361,4.0954,0.476,424,723,0,0,1
12362,4.1919,0.4579,423,723,0,0,1
12363,4.1372,0.4946,423,723,0,0,1
12364,4.1343,0.4515,421,723,0,0,1
12365,4.2223,0.9717,421,723,0,0,1
12366,4.1291,0.507,420,723,0,0,1
12367,4.1907,0.7215,420,723,0,0,1
12368,4.1473,0.8597,420,723,0,0,1
12369,4.1517,0.4933,420,723,0,0,1
12370,4.2244,0.8013,420,723,0,0,1
12371,4.1185,0.5516,418,723,0,0,1
12372,4.1925,0.4683,418,723,0,0,1
12373,4.1491,0.6674,417,723,0,0,1
12374,4.1308,0.4527,417,723,0,0,1
12375,4.2298,0.7589,417,723,0,0,1
12376,4.1176,0.5354,417,723,0,0,1
12377,4.0443,0.6765,417,723,0,0,1
12378,4.1328,0.4445,416,723,0,0,1
12379,4.2124,0.5251,415,723,0,0,1
12380,4.1109,0.4923,414,723,0,0,1
12381,4.2501,0.5505,413,723,0,0,1
12382,4.1586,0.7752,413,723,0,0,1
12383,4.0812,0.4645,412,723,0,0,1
12384,4.4952,0.637,412,723,0,0,1
12385,3.8513,0.438,411,723,0,0,1
12386,4.1535,0.4393,411,723,0,0,1
12387,4.2471,0.4547,411,723,0,0,1
12388,4.1402,0.7319,409,723,0,0,1
12389,4.1755,0.6592,409,723,0,0,1
12390,4.1215,0.6969,408,723,0,0,1
12391,4.1469,0.4258,408,723,0,0,1
12392,4.1994,0.4363,408,723,0,0,1
12393,4.1365,0.4656,408,723,0,0,1
12394,4.2464,0.6696,408,723,0,0,1
12395,4.105,0.5964,405,723,0,0,1
12396,4.1919,0.5609,404,723,0,0,1
12397,4.1024,0.4928,403,723,0,0,1
12398,4.1632,0.5107,403,723,0,0,1
12399,4.2423,0.5735,403,723,0,0,1
12400,4.1318,0.4772,402,723,0,0,1
12401,4.3585,0.4506,401,723,0,0,1
12402,4.0647,0.6758,400,723,0,0,1
12403,4.0496,0.6258,399,723,0,0,1
12404,4.1911,0.4666,398,723,0,0,1
12405,4.2521,0.4586,396,723,0,0,1
12406,4.1475,0.4435,393,723,0,0,1
12407,4.1681,0.4272,393,723,0,0,1
12408,4.1661,0.5021,392,723,0,0,1
12409,4.0755,0.4278,392,723,0,0,1
12410,4.2202,0.428,392,723,0,0,1
12411,4.1913,0.4602,391,723,0,0,1
12412,4.0815,0.427,391,723,0,0,1
12413,4.1791,0.5951,391,723,0,0,1
12414,4.2529,0.5004,390,723,0,0,1
12415,4.442,0.6088,390,723,0,0,1
12416,3.8423,0.4465,389,723,0,0,1
12417,4.1843,0.7758,387,723,0,0,1
12418,4.211,0.4389,386,723,0,0,1
12419,4.1899,0.6692,385,723,0,0,1
12420,4.2293,0.4839,383,723,0,0,1
12421,4.0151,0.4274,383,723,0,0,1
12422,4.227,0.4784,374,723,0,0,1
12423,4.1464,0.4675,372,723,0,0,1
12424,4.1769,0.4684,371,723,0,0,1
12425,4.4593,1.0222,371,723,0,0,1
12426,4.3175,0.7282,370,723,0,0,1
12427,3.8471,0.4514,370,723,0,0,1
12428,4.1677,0.5048,419,723,0,0,1
12429,4.1392,0.453,418,723,0,0,1
12430,4.1938,0.457,418,723,0,0,1
12431,8.3419,0.4527,418,723,0,0,1
12432,4.1576,0.4809,418,723,0,0,1
12433,4.6285,0.6871,416,723,0,0,1
12434,3.7152,0.969,415,723,0,0,1
12435,8.3681,0.6962,415,723,0,0,1
12436,4.3827,0.6228,415,723,0,0,1
12437,3.9512,0.704,415,723,0,0,1
12438,4.1528,0.5012,413,723,0,0,1
12439,4.1833,0.8089,413,723,0,0,1
12440,4.2395,0.7961,413,723,0,0,1
12441,4.0434,0.5208,413,723,0,0,1
12442,4.2723,0.6295,412,723,0,0,1
12443,4.1034,0.9787,412,723,0,0,1
12444,4.1963,0.716,411,723,0,0,1
12445,4.4435,0.4691,410,723,0,0,1
12446,3.6387,0.4364,410,723,0,0,1
12447,4.1417,0.598,409,723,0,0,1
12448,4.2084,1.2993,408,723,0,0,1
12449,4.3028,0.7165,408,723,0,0,1
12450,4.0529,0.4392,407,723,0,0,1
12451,4.1332,0.6491,407,723,0,0,1
12452,4.1945,0.4853,407,723,0,0,1
12453,4.2868,0.4646,407,723,0,0,1
12454,4.0844,0.4973,407,723,0,0,1
12455,4.0946,0.4562,407,723,0,0,1
12456,4.2166,0.4655,407,723,0,0,1
12457,4.1324,0.6905,407,723,0,0,1
12458,4.1158,0.4871,407,723,0,0,1
12459,4.1843,0.6947,407,723,0,0,1
12460,4.2179,0.7506,406,723,0,0,1
12461,4.2018,0.7333,406,723,0,0,1
12462,4.173,0.4568,405,723,0,0,1
12463,4.1733,0.695,405,723,0,0,1
12464,4.1153,0.5147,404,723,0,0,1
12465,4.2592,0.6168,403,723,0,0,1
12466,4.1098,0.4606,402,723,0,0,1
12467,4.2795,0.4264,399,723,0,0,1
12468,4.1186,0.6971,399,723,0,0,1
12469,4.1592,0.678,397,723,0,0,1
12470,4.0508,0.4669,396,723,0,0,1
12471,4.1448,0.4171,396,723,0,0,1
12472,4.2063,0.4877,394,723,0,0,1
12473,4.1774,0.5534,393,723,0,0,1
12474,4.1594,0.4593,393,723,0,0,1
12475,4.189,0.6236,393,723,0,0,1
12476,4.1529,0.5053,391,723,0,0,1
12477,4.1653,0.4409,391,723,0,0,1
12478,4.1694,0.4988,391,723,0,0,1
12479,4.1485,0.4412,390,723,0,0,1
12480,4.1565,0.4948,389,723,0,0,1
12481,4.2241,0.432,389,723,0,0,1
12482,4.1379,0.4311,388,723,0,0,1
12483,4.123,0.6079,387,723,0,0,1
12484,4.1911,0.4326,386,723,0,0,1
12485,4.2173,0.6128,386,723,0,0,1
12486,4.1201,0.4545,386,723,0,0,1
12487,4.1623,0.4283,378,723,0,0,1
12488,4.1929,0.6126,376,723,0,0,1
12489,4.1969,0.6231,376,723,0,0,1
12490,4.1538,0.4744,374,723,0,0,1
12491,4.1394,0.5305,374,723,0,0,1
12492,4.1794,0.5814,373,723,0,0,1
12493,4.134,0.475,423,723,0,0,1
12494,4.2336,0.5245,423,723,0,0,1
12495,4.1179,0.4513,422,723,0,0,1
12496,4.1616,0.4562,422,723,0,0,1
12497,4.2089,0.4767,421,723,0,0,1
12498,4.2152,0.6666,420,723,0,0,1
12499,4.1104,0.6696,419,723,0,0,1
12500,4.1514,0.4942,418,723,0,0,1
12501,4.2712,0.6028,418,723,0,0,1
12502,4.0921,0.5265,418,723,0,0,1
12503,4.115,0.5365,417,723,0,0,1
12504,4.1826,0.5521,416,723,0,0,1
12505,4.2358,0.7523,416,723,0,0,1
12506,4.0604,0.4658,416,723,0,0,1
12507,4.2417,0.6617,415,723,0,0,1
12508,4.099,0.4563,414,723,0,0,1
12509,4.1935,0.4385,414,723,0,0,1
12510,4.2264,0.4595,413,723,0,0,1
12511,4.1017,0.4351,413,723,0,0,1
12512,4.2723,0.6757,412,723,0,0,1
12513,4.1032,0.4925,412,723,0,0,1
12514,4.1341,0.4822,412,723,0,0,1
12515,4.116,0.446,411,723,0,0,1
12516,4.1618,0.4462,411,723,0,0,1
12517,4.2405,0.4357,411,723,0,0,1
12518,4.1051,0.4269,409,723,0,0,1
12519,4.2463,0.4691,407,723,0,0,1
12520,4.1842,0.6068,407,723,0,0,1
12521,4.5024,0.7466,407,723,0,0,1
12522,3.7778,0.4833,407,723,0,0,1
12523,4.248,0.7634,407,723,0,0,1
12524,4.0672,0.5092,407,723,0,0,1
12525,4.2605,0.505,407,723,0,0,1
12526,4.6305,0.5098,405,723,0,0,1
12527,3.6197,0.4454,405,723,0,0,1
12528,4.4071,0.4926,405,723,0,0,1
12529,4.106,0.4612,405,723,0,0,1
12530,3.9953,0.451,405,723,0,0,1
12531,4.2342,0.6143,405,723,0,0,1
12532,4.1425,0.6378,403,723,0,0,1
12533,4.172,0.4939,403,723,0,0,1
12534,4.0885,0.4345,401,723,0,0,1
12535,4.2532,0.6303,401,723,0,0,1
12536,4.1609,0.6954,400,723,0,0,1
12537,4.2024,0.7613,400,723,0,0,1
12538,4.0887,0.4235,400,723,0,0,1
12539,4.1462,0.4356,399,723,0,0,1
12540,4.1986,0.4887,398,723,0,0,1
12541,4.2243,0.4561,397,723,0,0,1
12542,4.2795,0.4216,396,723,0,0,1
12543,3.9259,0.4483,396,723,0,0,1
12544,4.4608,0.5883,396,723,0,0,1
12545,3.9647,0.5014,395,723,0,0,1
12546,4.1445,0.4585,394,723,0,0,1
12547,4.138,0.5358,392,723,0,0,1
12548,4.2307,0.476,392,723,0,0,1
12549,4.2172,0.4548,392,723,0,0,1
12550,4.1352,0.5229,392,723,0,0,1
12551,4.0496,0.4461,391,723,0,0,1
12552,4.2298,0.5115,390,723,0,0,1
12553,4.2014,0.5502,390,723,0,0,1
12554,4.0642,0.4393,388,723,0,0,1
12555,4.2491,0.6567,381,723,0,0,1
12556,4.1761,0.7251,380,723,0,0,1
12557,4.1977,0.692,380,723,0,0,1
12558,4.0838,0.4511,380,723,0,0,1
12559,4.2066,0.573,380,723,0,0,1
12560,4.2123,0.5209,430,723,0,0,1
12561,4.1575,0.5074,427,723,0,0,1
12562,4.1556,0.51,425,723,0,0,1
12563,4.1363,0.7366,425,723,0,0,1
12564,4.125,0.4622,425,723,0,0,1
12565,4.2937,0.5607,424,723,0,0,1
12566,4.0579,0.4533,422,723,0,0,1
12567,4.1519,0.4335,421,723,0,0,1
12568,4.2204,0.815,419,723,0,0,1
12569,4.2085,0.8161,419,723,0,0,1
12570,4.0967,0.49,419,723,0,0,1
12571,4.1522,0.6662,417,723,0,0,1
12572,4.216,0.5225,415,723,0,0,1
12573,4.1705,0.4737,415,723,0,0,1
12574,4.525,1.0318,414,723,0,0,1
12575,3.7605,0.5276,414,723,0,0,1
12576,4.2237,1.3044,414,723,0,0,1
12577,4.1746,0.4233,414,723,0,0,1
12578,4.0996,0.3091,413,723,0,0,1
12579,4.2578,0.3789,413,723,0,0,1
12580,4.1429,0.3181,412,723,0,0,1
12581,4.0922,0.5234,412,723,0,0,1
12582,4.1769,0.3394,410,723,0,0,1
12583,4.1773,1.2506,409,723,0,0,1
12584,4.2354,0.4768,409,723,0,0,1
12585,4.0954,0.5085,409,723,0,0,1
12586,4.1695,0.6757,409,723,0,0,1
12587,4.1734,0.4295,409,723,0,0,1
12588,4.1948,0.7162,409,723,0,0,1
12589,4.1291,0.6878,408,723,0,0,1
12590,4.2168,1.3374,408,723,0,0,1
12591,4.1082,0.4925,408,723,0,0,1
12592,4.181,0.6009,408,723,0,0,1
12593,4.2031,0.7234,408,723,0,0,1
12594,4.1956,0.5098,407,723,0,0,1
12595,4.1635,0.8258,405,723,0,0,1
12596,4.1673,0.5182,405,723,0,0,1
12597,4.0869,0.4852,404,723,0,0,1
12598,4.1798,0.5334,403,723,0,0,1
12599,4.173,0.4463,402,723,0,0,1
12600,4.1898,0.712,402,723,0,0,1
12601,4.5672,0.5159,401,723,0,0,1
12602,3.9281,0.4462,399,723,0,0,1
12603,4.154,0.4963,398,723,0,0,1
12604,4.1711,0.5499,398,723,0,0,1
12605,4.1583,0.7047,398,723,0,0,1
12606,4.1662,0.4646,397,723,0,0,1
12607,4.1454,0.615,397,723,0,0,1
12608,4.195,0.463,396,723,0,0,1
12609,4.2795,0.6879,395,723,0,0,1
12610,4.1663,0.4429,392,723,0,0,1
12611,4.0773,0.4486,390,723,0,0,1
12612,4.3889,0.9073,390,723,0,0,1
12613,3.9238,0.59,389,723,0,0,1
12614,4.1939,0.5961,389,723,0,0,1
12615,4.1204,0.883,388,723,0,0,1
12616,4.194,0.4611,388,723,0,0,1
12617,4.1918,0.6104,388,723,0,0,1
12618,4.2371,0.803,386,723,0,0,1
12619,4.0595,0.5596,386,723,0,0,1
12620,4.25,0.4492,386,723,0,0,1
12621,4.0894,0.4641,385,723,0,0,1
12622,4.3121,0.5736,377,723,0,0,1
12623,4.176,0.5216,374,723,0,0,1
12624,4.0982,0.7673,374,723,0,0,1
12625,4.1199,0.4346,374,723,0,0,1
12626,4.1288,0.5607,374,723,0,0,1
12627,4.6636,0.5085,424,723,0,0,1
12628,3.6847,0.5144,424,723,0,0,1
12629,4.244,0.8415,422,723,0,0,1
12630,4.0816,0.4451,421,723,0,0,1
12631,4.1713,0.4764,421,723,0,0,1
12632,4.1589,0.6388,421,723,0,0,1
12633,4.2052,0.8524,421,723,0,0,1
12634,4.2208,0.5777,420,723,0,0,1
12635,4.1039,0.5162,420,723,0,0,1
12636,4.2129,0.5365,420,723,0,0,1
12637,4.1744,0.7128,417,723,0,0,1
12638,4.1321,0.5184,417,723,0,0,1
12639,4.1169,0.6106,417,723,0,0,1
12640,4.1939,0.4623,416,723,0,0,1
12641,4.1953,0.5299,415,723,0,0,1
12642,4.1392,0.4354,415,723,0,0,1
12643,4.1826,0.7884,414,723,0,0,1
12644,4.1717,0.6755,413,723,0,0,1
12645,4.0131,0.4341,413,723,0,0,1
12646,4.1419,0.487,412,723,0,0,1
12647,4.1109,0.4361,411,723,0,0,1
12648,4.2264,0.5366,410,723,0,0,1
12649,4.1802,0.4795,410,723,0,0,1
12650,4.0878,0.5176,408,723,0,0,1
12651,4.2235,0.7938,407,723,0,0,1
12652,4.1969,0.6101,407,723,0,0,1
12653,4.1083,0.5714,407,723,0,0,1
12654,4.4566,0.4993,404,723,0,0,1
12655,3.9072,0.4732,404,723,0,0,1
12656,4.1658,0.6883,403,723,0,0,1
12657,4.147,0.7875,403,723,0,0,1
12658,4.2545,0.5167,403,723,0,0,1
12659,4.0522,0.4503,403,723,0,0,1
12660,4.197,0.4786,403,723,0,0,1
12661,4.1694,0.4565,402,723,0,0,1
12662,4.1835,0.7362,400,723,0,0,1
12663,4.1916,0.6203,399,723,0,0,1
12664,4.1558,0.6208,399,723,0,0,1
12665,4.0885,0.4542,399,723,0,0,1
12666,4.2257,0.4421,398,723,0,0,1
12667,4.1236,0.5752,398,723,0,0,1
12668,4.2256,0.4431,396,723,0,0,1
12669,4.1048,0.7928,396,723,0,0,1
12670,4.2757,0.4806,394,723,0,0,1
12671,4.0789,0.4221,393,723,0,0,1
12672,4.2153,0.7967,392,723,0,0,1
12673,4.0769,0.4341,392,723,0,0,1
12674,4.1913,0.652,392,723,0,0,1
12675,4.3441,0.732,388,723,0,0,1
12676,3.9947,0.4205,388,723,0,0,1
12677,4.2411,0.482,388,723,0,0,1
12678,4.1493,0.4079,388,723,0,0,1
12679,4.1015,0.4172,386,723,0,0,1
12680,4.1612,0.7146,386,723,0,0,1
12681,4.1745,0.4034,386,723,0,0,1
12682,4.3954,0.6633,386,723,0,0,1
12683,3.9645,0.4158,385,723,0,0,1
12684,4.1396,0.409,384,723,0,0,1
12685,4.2009,0.4863,383,723,0,0,1
12686,4.2445,0.654,382,723,0,0,1
12687,4.0498,0.4092,380,723,0,0,1
12688,4.23,0.6506,380,723,0,0,1
12689,4.0859,0.4161,372,723,0,0,1
12690,4.2121,0.4352,372,723,0,0,1
12691,4.1836,0.5939,372,723,0,0,1
12692,4.1907,0.4528,371,723,0,0,1
12693,4.0983,0.4364,370,723,0,0,1
12694,4.2508,0.6745,369,723,0,0,1
12695,4.103,0.4953,419,723,0,0,1
12696,4.2136,0.487,417,723,0,0,1
12697,4.1497,0.501,417,723,0,0,1
12698,4.1334,0.4369,416,723,0,0,1
12699,4.2388,0.8454,416,723,0,0,1
12700,4.2096,0.7894,415,723,0,0,1
12701,4.4954,0.5751,415,723,0,0,1
12702,3.7627,0.4722,415,723,0,0,1
12703,4.1567,0.4765,414,723,0,0,1
12704,4.19,0.5311,412,723,0,0,1
12705,4.1768,0.6423,412,723,0,0,1
12706,4.1528,0.4998,412,723,0,0,1
12707,4.1316,0.452,412,723,0,0,1
12708,4.2687,0.9232,412,723,0,0,1
12709,4.1273,0.5857,412,723,0,0,1
12710,4.0914,0.462,412,723,0,0,1
12711,4.1951,0.8073,411,723,0,0,1
12712,4.1445,0.5648,411,723,0,0,1
12713,4.5406,0.594,410,723,0,0,1
12714,3.8613,0.5243,408,723,0,0,1
12715,4.1586,0.7844,405,723,0,0,1
12716,4.204,0.5442,405,723,0,0,1
12717,4.0225,0.4216,404,723,0,0,1
12718,4.3024,0.8796,404,723,0,0,1
12719,4.355,0.4612,403,723,0,0,1
12720,4.326,0.6958,402,723,0,0,1
12721,3.8725,0.7327,401,723,0,0,1
12722,4.7975,0.6412,401,723,0,0,1
12723,3.7065,0.7145,400,723,0,0,1
12724,4.2352,0.4763,399,723,0,0,1
12725,4.0363,0.411,399,723,0,0,1
12726,4.0504,0.4595,398,723,0,0,1
12727,8.4656,0.5748,397,723,0,0,1
12728,4.2469,0.5652,397,723,0,0,1
12729,4.1666,0.3755,397,723,0,0,1
12730,4.0739,0.5043,397,723,0,0,1
12731,4.5049,0.5102,396,723,0,0,1
12732,4.1495,0.5044,394,723,0,0,1
12733,3.9341,0.3749,394,723,0,0,1
12734,4.0629,0.3464,393,723,0,0,1
12735,4.2069,0.375,393,723,0,0,1
12736,4.1348,0.4143,392,723,0,0,1
12737,4.2265,0.6367,392,723,0,0,1
12738,4.1296,0.652,391,723,0,0,1
12739,4.2541,0.7508,389,723,0,0,1
12740,4.0634,1.0243,388,723,0,0,1
12741,4.2286,0.5922,387,723,0,0,1
12742,4.1077,0.6383,385,723,0,0,1
12743,4.2567,0.5155,385,723,0,0,1
12744,4.1265,0.6491,385,723,0,0,1
12745,4.1119,0.5189,385,723,0,0,1
12746,4.1484,0.7554,384,723,0,0,1
12747,4.1976,0.4848,383,723,0,0,1
12748,4.2292,0.5583,382,723,0,0,1
12749,4.0911,0.4808,382,723,0,0,1
12750,4.1672,0.511,381,723,0,0,1
12751,4.1265,0.5608,381,723,0,0,1
12752,4.307,0.5133,380,723,0,0,1
12753,4.0357,0.5166,380,723,0,0,1
12754,4.0901,0.7289,379,723,0,0,1
12755,4.2522,0.689,372,723,0,0,1
12756,4.1213,0.6943,372,723,0,0,1
12757,4.1564,0.7507,369,723,0,0,1
12758,4.1304,0.5948,367,723,0,0,1
12759,4.278,0.5001,367,723,0,0,1
12760,4.0821,0.4521,367,723,0,0,1
12761,4.1336,0.5546,416,723,0,0,1
12762,4.2304,0.7102,416,723,0,0,1
12763,4.142,0.5149,415,723,0,0,1
12764,4.5309,0.5951,414,723,0,0,1
12765,3.881,0.5683,413,723,0,0,1
12766,4.062,0.5092,413,723,0,0,1
12767,4.2534,0.6763,411,723,0,0,1
12768,4.1172,0.6366,411,723,0,0,1
12769,4.1369,0.5374,410,723,0,0,1
12770,4.1991,0.7654,409,723,0,0,1
12771,4.0982,0.7282,409,723,0,0,1
12772,4.2585,0.8096,408,723,0,0,1
12773,4.1038,0.5289,408,723,0,0,1
12774,4.173,0.6183,407,723,0,0,1
12775,4.3744,0.7588,406,723,0,0,1
12776,3.9802,0.6614,405,723,0,0,1
12777,4.2678,0.6077,403,723,0,0,1
12778,4.0176,0.7445,403,723,0,0,1
12779,4.4839,0.7049,403,723,0,0,1
12780,3.9416,0.6121,403,723,0,0,1
12781,4.2495,0.7614,403,723,0,0,1
12782,4.0314,0.6775,403,723,0,0,1
12783,4.142,0.6365,403,723,0,0,1
12784,4.2657,0.7363,402,723,0,0,1
12785,4.0334,0.4578,401,723,0,0,1
12786,4.1227,0.4874,401,723,0,0,1
12787,4.1796,0.5113,401,723,0,0,1
12788,4.0833,0.4983,401,723,0,0,1
12789,4.265,0.5872,399,723,0,0,1
12790,4.0982,0.5304,396,723,0,0,1
12791,4.2164,0.5201,395,723,0,0,1
12792,4.2262,0.5155,395,723,0,0,1
12793,4.0281,0.6273,395,723,0,0,1
12794,4.255,0.6252,395,723,0,0,1
12795,4.1624,0.5458,394,723,0,0,1
12796,4.1488,0.527,394,723,0,0,1
12797,4.239,0.5329,393,723,0,0,1
12798,4.0818,0.6513,393,723,0,0,1
12799,4.1312,0.4577,393,723,0,0,1
12800,4.2888,0.7173,393,723,0,0,1
12801,4.1035,0.6326,393,723,0,0,1
12802,4.132,0.4617,392,723,0,0,1
12803,4.153,0.4379,392,723,0,0,1
12804,4.2179,0.464,389,723,0,0,1
12805,4.078,0.4494,388,723,0,0,1
12806,4.1942,0.4163,386,723,0,0,1
12807,4.1886,0.4279,384,723,0,0,1
12808,4.205,0.5309,384,723,0,0,1
12809,4.1377,0.4321,384,723,0,0,1
12810,4.1695,0.6014,383,723,0,0,1
12811,4.211,0.4375,382,723,0,0,1
12812,4.0839,0.4279,381,723,0,0,1
12813,4.2303,0.4209,380,723,0,0,1
12814,4.124,1.7443,380,723,0,0,1
12815,4.4812,0.5543,379,723,0,0,1
12816,4.1041,0.3687,379,723,0,0,1
12817,4.0606,0.3367,379,723,0,0,1
12818,4.184,0.4315,377,723,0,0,1
12819,4.4559,0.3729,377,723,0,0,1
12820,3.9184,0.3623,375,723,0,0,1
12821,4.0732,0.3152,374,723,0,0,1
12822,4.191,0.565,374,723,0,0,1
12823,4.1624,0.5044,367,723,0,0,1
12824,4.2539,0.2999,367,723,0,0,1
12825,4.3006,0.4011,367,723,0,0,1
12826,3.9781,0.3758,366,723,0,0,1
12827,4.2154,0.9009,364,723,0,0,1
12828,4.2051,0.5584,413,723,0,0,1
12829,4.1331,0.4872,413,723,0,0,1
12830,4.0936,0.4371,412,723,0,0,1
12831,4.1417,0.4535,412,723,0,0,1
12832,4.4687,0.7102,411,723,0,0,1
12833,3.8117,0.4461,411,723,0,0,1
12834,4.2981,0.5949,410,723,0,0,1
12835,4.051,0.4507,410,723,0,0,1
12836,4.2191,0.4368,410,723,0,0,1
12837,4.1324,0.418,408,723,0,0,1
12838,4.2217,0.4541,408,723,0,0,1
12839,4.1741,0.4961,408,723,0,0,1
12840,4.1415,0.7109,408,723,0,0,1
12841,4.198,0.5187,408,723,0,0,1
12842,4.1429,0.7754,407,723,0,0,1
12843,4.1735,0.5273,407,723,0,0,1
12844,4.1362,0.7586,406,723,0,0,1
12845,4.141,0.5204,405,723,0,0,1
12846,4.2552,0.636,404,723,0,0,1
12847,4.1424,0.8047,402,723,0,0,1
12848,4.2433,0.462,400,723,0,0,1
12849,4.0895,0.4291,399,723,0,0,1
12850,4.108,0.4287,398,723,0,0,1
12851,4.5882,0.5436,397,723,0,0,1
12852,4.0711,0.4353,397,723,0,0,1
12853,4.1903,0.4382,396,723,0,0,1
12854,4.0337,0.4533,396,723,0,0,1
12855,4.1858,0.4784,396,723,0,0,1
12856,4.1456,0.4278,395,723,0,0,1
12857,4.1008,0.4152,394,723,0,0,1
12858,4.1677,0.4199,394,723,0,0,1
12859,4.1932,0.4603,393,723,0,0,1
12860,4.2099,0.4345,393,723,0,0,1
12861,4.2609,0.4276,393,723,0,0,1
12862,3.9831,0.4062,393,723,0,0,1
12863,4.2516,0.4238,393,723,0,0,1
12864,4.2081,0.4389,393,723,0,0,1
12865,4.2326,0.4459,392,723,0,0,1
12866,4.0679,0.7047,392,723,0,0,1
12867,4.1758,0.4307,392,723,0,0,1
12868,4.0547,0.416,391,723,0,0,1
12869,4.2958,0.4722,390,723,0,0,1
12870,4.1585,0.4428,390,723,0,0,1
12871,8.3275,0.6907,388,723,0,0,1
12872,3.9316,0.4485,388,723,0,0,1
12873,4.2617,0.564,388,723,0,0,1
12874,4.1841,0.7852,386,723,0,0,1
12875,4.3495,0.6998,385,723,0,0,1
12876,3.9466,0.4716,383,723,0,0,1
12877,4.1681,0.7775,380,723,0,0,1
12878,4.137,0.5633,379,723,0,0,1
12879,4.1819,0.6951,379,723,0,0,1
12880,4.1858,0.6615,379,723,0,0,1
12881,4.2961,0.4075,378,723,0,0,1
12882,4.0393,0.4566,378,723,0,0,1
12883,8.4214,0.5234,377,723,0,0,1
12884,4.0731,0.4074,376,723,0,0,1
12885,4.2044,0.7368,376,723,0,0,1
12886,4.1429,0.4067,376,723,0,0,1
12887,4.4962,0.4142,375,723,0,0,1
12888,3.7827,0.4292,367,723,0,0,1
12889,4.1283,0.4338,366,723,0,0,1
12890,4.161,0.4233,366,723,0,0,1
12891,4.1595,0.6111,363,723,0,0,1
12892,4.2946,1.6212,363,723,0,0,1
12893,4.1264,0.5389,412,723,0,0,1
12894,4.1395,0.64,410,723,0,0,1
12895,4.0562,0.4436,410,723,0,0,1
12896,4.2711,1.2647,409,723,0,0,1
12897,4.4802,0.7995,409,723,0,0,1
12898,3.9917,1.3477,409,723,0,0,1
12899,4.4821,0.5762,409,723,0,0,1
12900,3.7722,0.4278,409,723,0,0,1
12901,4.0882,0.4368,408,723,0,0,1
12902,4.2482,0.5984,407,723,0,0,1
12903,4.1368,0.4788,407,723,0,0,1
12904,4.1605,0.4958,407,723,0,0,1
12905,4.1011,0.4927,407,723,0,0,1
12906,8.4613,0.5414,406,723,0,0,1
12907,4.1769,0.5339,406,723,0,0,1
12908,4.1312,0.5149,405,723,0,0,1
12909,4.2319,0.653,405,723,0,0,1
12910,4.3522,0.6699,405,723,0,0,1
12911,3.9454,0.6649,405,723,0,0,1
12912,4.3827,0.5442,402,723,0,0,1
12913,3.9377,0.4673,402,723,0,0,1
12914,4.0389,0.5802,401,723,0,0,1
12915,4.2947,0.4381,401,723,0,0,1
12916,4.2569,0.4634,401,723,0,0,1
12917,4.1002,0.6478,401,723,0,0,1
12918,4.1344,0.613,401,723,0,0,1
12919,4.1691,0.6262,400,723,0,0,1
12920,4.1518,0.4907,400,723,0,0,1
12921,4.3023,0.6786,400,723,0,0,1
12922,4.0261,0.4597,400,723,0,0,1
12923,4.3232,0.6644,398,723,0,0,1
12924,3.9529,0.4237,397,723,0,0,1
12925,4.2306,0.4698,397,723,0,0,1
12926,4.0499,0.4137,396,723,0,0,1
12927,4.3619,0.699,396,723,0,0,1
12928,4.022,0.7114,396,723,0,0,1
12929,4.1503,0.4249,396,723,0,0,1
12930,4.1809,0.43,394,723,0,0,1
12931,4.1745,0.4448,392,723,0,0,1
12932,4.2419,1.0407,392,723,0,0,1
12933,3.9933,0.4663,392,723,0,0,1
12934,4.2454,0.4438,391,723,0,0,1
12935,4.0825,0.453,391,723,0,0,1
12936,4.3276,0.8932,389,723,0,0,1
12937,4.023,0.6288,389,723,0,0,1
12938,4.25,0.4733,385,723,0,0,1
12939,4.1578,0.6547,384,723,0,0,1
12940,4.1272,0.7203,384,723,0,0,1
12941,4.3473,0.4509,383,723,0,0,1
12942,4.2345,0.5304,383,723,0,0,1
12943,3.9638,0.4169,383,723,0,0,1
12944,4.1802,1.2312,381,723,0,0,1
12945,4.3077,0.745,381,723,0,0,1
12946,4.1313,0.4137,379,723,0,0,1
12947,4.0578,0.4333,378,723,0,0,1
12948,4.2369,0.4255,377,723,0,0,1
12949,4.2062,0.4986,375,723,0,0,1
12950,4.3721,0.4178,375,723,0,0,1
12951,3.9387,0.4954,374,723,0,0,1
12952,4.105,0.6036,374,723,0,0,1
12953,4.1664,0.4481,374,723,0,0,1
12954,4.3692,0.6015,367,723,0,0,1
12955,3.992,0.4491,367,723,0,0,1
12956,4.228,0.6213,367,723,0,0,1
12957,4.1722,0.6277,367,723,0,0,1
12958,4.0683,0.4934,366,723,0,0,1
12959,4.1567,0.5361,415,723,0,0,1
12960,4.1993,0.4781,414,723,0,0,1
12961,4.2649,0.5787,413,723,0,0,1
12962,3.9801,0.4852,413,723,0,0,1
12963,4.2915,0.6668,413,723,0,0,1
12964,4.239,0.6662,412,723,0,0,1
12965,4.0472,0.4398,412,723,0,0,1
12966,4.2194,0.4371,412,723,0,0,1
12967,4.1283,0.4254,412,723,0,0,1
12968,4.1651,0.6158,411,723,0,0,1
12969,4.2352,0.5929,410,723,0,0,1
12970,4.1327,0.474,409,723,0,0,1
12971,4.147,0.4535,408,723,0,0,1
12972,4.1525,0.4843,408,723,0,0,1
12973,4.3553,0.6212,408,723,0,0,1
12974,3.8904,0.4723,408,723,0,0,1
12975,4.2881,0.6659,408,723,0,0,1
12976,4.2095,0.5365,408,723,0,0,1
12977,4.0761,0.5239,408,723,0,0,1
12978,4.1808,0.5132,408,723,0,0,1
12979,4.1794,0.4784,407,723,0,0,1
12980,4.3318,0.5337,406,723,0,0,1
12981,4.0068,0.5172,405,723,0,0,1
12982,4.1816,0.6482,405,723,0,0,1
12983,4.1213,0.4986,404,723,0,0,1
12984,4.1866,0.4353,403,723,0,0,1
12985,4.1772,0.4668,401,723,0,0,1
12986,4.0592,0.4261,400,723,0,0,1
12987,4.2338,0.6087,400,723,0,0,1
12988,4.1469,0.7071,400,723,0,0,1
12989,4.1651,0.4341,399,723,0,0,1
12990,4.1337,0.4578,399,723,0,0,1
12991,4.1032,0.425,398,723,0,0,1
12992,4.2559,0.5954,398,723,0,0,1
12993,4.1117,0.4491,397,723,0,0,1
12994,4.1751,0.4735,397,723,0,0,1
12995,4.092,0.597,396,723,0,0,1
12996,4.2742,0.766,396,723,0,0,1
12997,4.0647,0.4215,396,723,0,0,1
12998,4.1532,0.4184,396,723,0,0,1
12999,4.3068,0.6946,396,723,0,0,1
13000,4.101,0.5289,394,723,0,0,1
13001,4.1135,0.4234,394,723,0,0,1
13002,4.3075,0.5878,394,723,0,0,1
13003,4.0582,0.4173,394,723,0,0,1
13004,4.2023,0.4237,393,723,0,0,1
13005,4.1888,0.4203,392,723,0,0,1
13006,4.0548,0.4059,390,723,0,0,1
13007,4.1831,0.5956,390,723,0,0,1
13008,4.2406,0.5288,390,723,0,0,1
13009,4.1765,0.4456,390,723,0,0,1
13010,4.0827,0.4294,390,723,0,0,1
13011,4.402,0.7389,390,723,0,0,1
13012,3.9727,0.7465,389,723,0,0,1
13013,4.2196,0.4834,389,723,0,0,1
13014,4.1666,0.5303,389,723,0,0,1
13015,4.1358,0.4424,388,723,0,0,1
13016,4.197,0.4891,387,723,0,0,1
13017,4.1082,0.4223,385,723,0,0,1
13018,4.2176,0.5076,384,723,0,0,1
13019,4.1133,0.6805,384,723,0,0,1
13020,4.1637,0.4265,384,723,0,0,1
13021,4.1499,0.4034,384,723,0,0,1
13022,4.1576,0.4314,377,723,0,0,1
13023,4.2119,0.6612,377,723,0,0,1
13024,4.1962,0.412,377,723,0,0,1
13025,4.1057,0.4247,377,723,0,0,1
13026,4.1958,0.451,377,723,0,0,1
13027,4.1624,0.4589,427,723,0,0,1
13028,4.2199,0.6557,426,723,0,0,1
13029,4.1349,0.4453,426,723,0,0,1
13030,4.1343,0.8498,426,723,0,0,1
13031,4.175,0.5082,426,723,0,0,1
13032,4.2371,0.532,424,723,0,0,1
13033,4.1464,0.504,424,723,0,0,1
13034,4.1131,0.4612,422,723,0,0,1
13035,4.1854,0.6238,419,723,0,0,1
13036,4.2738,0.7761,419,723,0,0,1
13037,4.1069,0.5139,418,723,0,0,1
13038,4.1495,0.4979,418,723,0,0,1
13039,4.134,0.4309,416,723,0,0,1
13040,4.2016,0.5659,416,723,0,0,1
13041,4.1659,0.5288,416,723,0,0,1
13042,4.1171,0.5204,416,723,0,0,1
13043,4.3543,0.6651,415,723,0,0,1
13044,4.3468,0.6673,414,723,0,0,1
13045,3.7762,0.4541,414,723,0,0,1
13046,4.2405,1.3185,414,723,0,0,1
13047,4.1583,0.8656,414,723,0,0,1
13048,4.1904,0.6325,414,723,0,0,1
13049,4.0852,0.447,413,723,0,0,1
13050,4.201,0.4914,411,723,0,0,1
13051,4.1605,0.4277,411,723,0,0,1
13052,4.1697,0.4663,411,723,0,0,1
13053,4.1563,0.4485,408,723,0,0,1
13054,4.1774,0.776,406,723,0,0,1
13055,4.0719,0.7186,406,723,0,0,1
13056,4.3265,0.7722,405,723,0,0,1
13057,4.1411,0.5985,405,723,0,0,1
13058,4.0844,0.5222,403,723,0,0,1
13059,4.1636,0.7234,403,723,0,0,1
13060,4.4773,0.4481,403,723,0,0,1
13061,3.9914,0.7085,402,723,0,0,1
13062,4.0643,0.4481,400,723,0,0,1
13063,4.1708,0.4393,400,723,0,0,1
13064,4.2371,0.6059,400,723,0,0,1
13065,4.1875,0.73,399,723,0,0,1
13066,4.1319,0.544,399,723,0,0,1
13067,4.0865,0.6631,398,723,0,0,1
13068,4.2401,0.6687,398,723,0,0,1
13069,4.445,0.5933,398,723,0,0,1
13070,3.8414,0.4406,398,723,0,0,1
13071,4.4975,0.4226,397,723,0,0,1
13072,3.9762,0.4252,397,723,0,0,1
13073,4.046,0.6783,397,723,0,0,1
13074,4.2533,0.6631,395,723,0,0,1
13075,4.0668,0.4413,395,723,0,0,1
13076,4.2054,0.5238,395,723,0,0,1
13077,4.193,0.9332,394,723,0,0,1
13078,4.1268,0.7677,394,723,0,0,1
13079,4.1355,0.4666,394,723,0,0,1
13080,4.1702,0.6882,394,723,0,0,1
13081,4.2157,0.5417,394,723,0,0,1
13082,4.1293,0.5212,394,723,0,0,1
13083,4.1854,0.7218,392,723,0,0,1
13084,4.1434,0.4875,392,723,0,0,1
13085,4.2266,0.6982,392,723,0,0,1
13086,4.1714,0.4903,391,723,0,0,1
13087,4.0974,0.5341,389,723,0,0,1
13088,4.2655,0.6303,382,723,0,0,1
13089,4.0995,0.6578,382,723,0,0,1
13090,4.1139,0.4779,379,723,0,0,1
13091,4.1719,0.7023,379,723,0,0,1
13092,4.1834,0.7339,379,723,0,0,1
13093,4.278,0.6497,379,723,0,0,1
13094,4.0542,0.5172,429,723,0,0,1
13095,4.2075,0.6394,429,723,0,0,1
13096,4.1917,0.5212,429,723,0,0,1
13097,4.0818,0.7473,428,723,0,0,1
13098,4.222,0.6233,428,723,0,0,1
13099,4.1365,0.4438,427,723,0,0,1
13100,4.2674,0.8309,427,723,0,0,1
13101,4.0603,0.4574,427,723,0,0,1
13102,4.1592,0.4325,427,723,0,0,1
13103,4.1477,0.4668,426,723,0,0,1
13104,4.1675,0.6008,426,723,0,0,1
13105,4.2739,0.7558,425,723,0,0,1
13106,4.1097,0.4965,425,723,0,0,1
13107,4.1403,0.4426,422,723,0,0,1
13108,4.2757,0.6781,421,723,0,0,1
13109,4.6133,0.6351,420,723,0,0,1
13110,4.0138,0.4352,420,723,0,0,1
13111,4.1372,0.4356,419,723,0,0,1
13112,4.0296,0.4717,418,723,0,0,1
13113,4.2705,0.5123,416,723,0,0,1
13114,4.2495,0.4494,416,723,0,0,1
13115,4.0501,0.7035,415,723,0,0,1
13116,4.1952,0.6197,415,723,0,0,1
13117,4.2046,0.511,415,723,0,0,1
13118,4.0532,0.4902,415,723,0,0,1
13119,4.2256,0.8592,415,723,0,0,1
13120,4.178,0.6302,415,723,0,0,1
13121,4.1746,0.4604,413,723,0,0,1
13122,4.2464,0.4488,412,723,0,0,1
13123,3.9959,0.4439,412,723,0,0,1
13124,4.5993,0.4642,410,723,0,0,1
13125,3.8247,0.4517,410,723,0,0,1
13126,4.2411,0.4899,410,723,0,0,1
13127,4.0744,0.4687,410,723,0,0,1
13128,4.1824,0.4414,410,723,0,0,1
13129,4.223,0.4371,409,723,0,0,1
13130,4.0969,0.7398,409,723,0,0,1
13131,4.0609,0.7184,408,723,0,0,1
13132,4.4363,0.5506,407,723,0,0,1
13133,3.9241,0.7755,404,723,0,0,1
13134,4.0524,0.4931,404,723,0,0,1
13135,4.1415,1.0086,403,723,0,0,1
13136,4.4374,0.8917,400,723,0,0,1
13137,3.9599,0.4936,400,723,0,0,1
13138,4.1862,0.4935,399,723,0,0,1
13139,4.1274,0.5045,399,723,0,0,1
13140,4.2751,0.6091,399,723,0,0,1
13141,4.1462,0.5728,398,723,0,0,1
13142,4.0005,0.4995,397,723,0,0,1
13143,4.49,0.6248,396,723,0,0,1
13144,3.8481,0.436,396,723,0,0,1
13145,4.331,0.5452,396,723,0,0,1
13146,4.1876,0.4787,396,723,0,0,1
13147,4.0746,0.693,395,723,0,0,1
13148,4.2252,0.4505,393,723,0,0,1
13149,4.0982,0.865,393,723,0,0,1
13150,4.1301,0.5056,393,723,0,0,1
13151,4.1004,0.8563,393,723,0,0,1
13152,4.7391,0.8207,392,723,0,0,1
13153,3.6272,0.6279,390,723,0,0,1
13154,4.0879,0.4639,388,723,0,0,1
13155,4.1935,0.4354,381,723,0,0,1
13156,4.3067,0.8628,381,723,0,0,1
13157,4.0937,0.5347,379,723,0,0,1
13158,4.2567,1.4947,379,723,0,0,1
13159,4.2193,0.4332,378,723,0,0,1
13160,4.2711,0.626,378,723,0,0,1
13161,4.3883,0.7529,427,723,0,0,1
13162,3.8103,0.4728,426,723,0,0,1
13163,4.599,0.8972,424,723,0,0,1
13164,3.7268,0.4455,422,723,0,0,1
13165,4.1734,0.4422,422,723,0,0,1
13166,4.0785,0.7997,422,723,0,0,1
13167,4.2234,0.4605,419,723,0,0,1
13168,4.2668,0.7383,418,723,0,0,1
13169,4.0176,0.8842,418,723,0,0,1
13170,4.2912,0.5783,417,723,0,0,1
13171,4.1191,0.7803,416,723,0,0,1
13172,4.1513,0.4825,414,723,0,0,1
13173,4.264,0.7506,413,723,0,0,1
13174,4.0541,0.4406,413,723,0,0,1
13175,4.4587,0.5604,413,723,0,0,1
13176,3.9684,0.6216,413,723,0,0,1
13177,4.1125,0.9908,413,723,0,0,1
13178,4.0428,0.4922,413,723,0,0,1
13179,4.2833,0.6548,411,723,0,0,1
13180,4.1797,0.8869,411,723,0,0,1
13181,4.036,0.5201,410,723,0,0,1
13182,4.2853,0.6723,410,723,0,0,1
13183,4.0908,0.5287,410,723,0,0,1
13184,4.2129,0.7988,408,723,0,0,1
13185,4.4904,0.5469,406,723,0,0,1
13186,4.1227,0.9104,406,723,0,0,1
13187,3.9807,0.7626,406,723,0,0,1
13188,4.1589,0.45,406,723,0,0,1
13189,4.1946,0.5639,406,723,0,0,1
13190,4.147,0.4535,405,723,0,0,1
13191,4.4882,0.4734,404,723,0,0,1
13192,3.8457,0.4364,404,723,0,0,1
13193,4.1263,0.4413,404,723,0,0,1
13194,4.1881,0.6347,403,723,0,0,1
13195,4.1751,0.4531,403,723,0,0,1
13196,4.1979,0.5091,403,723,0,0,1
13197,4.2316,0.6598,403,723,0,0,1
13198,4.1892,0.86,402,723,0,0,1
13199,4.0664,0.484,402,723,0,0,1
13200,4.6105,0.9275,402,723,0,0,1
13201,3.7179,0.9143,400,723,0,0,1
13202,4.1561,0.5279,398,723,0,0,1
13203,4.1665,0.5342,398,723,0,0,1
13204,4.1658,0.7269,397,723,0,0,1
13205,4.2401,0.7775,396,723,0,0,1
13206,4.0798,0.7786,394,723,0,0,1
13207,4.2037,0.443,391,723,0,0,1
13208,4.2515,0.5051,391,723,0,0,1
13209,4.0544,0.5186,391,723,0,0,1
13210,4.1529,0.4822,391,723,0,0,1
13211,4.1812,0.833,388,723,0,0,1
13212,4.5068,0.7065,388,723,0,0,1
13213,3.8895,0.4944,388,723,0,0,1
13214,4.093,0.458,387,723,0,0,1
13215,4.1318,0.6288,386,723,0,0,1
13216,4.3083,0.6418,386,723,0,0,1
13217,4.155,0.7148,386,723,0,0,1
13218,4.1063,0.6326,386,723,0,0,1
13219,4.1408,1.1114,385,723,0,0,1
13220,4.0138,0.4347,385,723,0,0,1
13221,4.1727,0.6123,385,723,0,0,1
13222,4.1068,0.4652,378,723,0,0,1
13223,4.144,0.5376,377,723,0,0,1
13224,4.1687,0.4422,377,723,0,0,1
13225,4.317,0.6955,377,723,0,0,1
13226,4.0128,0.425,377,723,0,0,1
13227,4.2088,0.6288,375,723,0,0,1
13228,4.2256,0.6745,423,723,0,0,1
13229,4.2033,0.7037,423,723,0,0,1
13230,4.053,0.5591,423,723,0,0,1
13231,4.2092,0.436,423,723,0,0,1
13232,4.1559,0.544,422,723,0,0,1
13233,4.1557,0.5051,421,723,0,0,1
13234,4.1557,0.6774,420,723,0,0,1
13235,4.1264,0.9311,420,723,0,0,1
13236,4.2006,0.6498,420,723,0,0,1
13237,4.1949,0.736,419,723,0,0,1
13238,4.1198,0.4449,419,723,0,0,1
13239,4.5138,0.4459,419,723,0,0,1
13240,4.4231,0.467,418,723,0,0,1
13241,3.8059,0.7126,417,723,0,0,1
13242,4.2118,0.6464,417,723,0,0,1
13243,4.174,0.7066,417,723,0,0,1
13244,4.4915,0.5027,417,723,0,0,1
13245,3.7835,0.7031,416,723,0,0,1
13246,4.1775,0.871,416,723,0,0,1
13247,4.1614,0.6626,416,723,0,0,1
13248,4.1466,0.6507,415,723,0,0,1
13249,4.1558,0.7024,415,723,0,0,1
13250,4.19,0.7154,414,723,0,0,1
13251,4.2568,0.4985,413,723,0,0,1
13252,4.1597,0.4762,413,723,0,0,1
13253,4.1302,0.5087,413,723,0,0,1
13254,4.1445,0.6846,411,723,0,0,1
13255,4.1922,0.7067,411,723,0,0,1
13256,4.3633,0.6179,411,723,0,0,1
13257,3.9181,0.6394,410,723,0,0,1
13258,4.2618,0.5359,410,723,0,0,1
13259,4.108,0.5771,409,723,0,0,1
13260,4.2103,0.9737,409,723,0,0,1
13261,4.1367,0.4693,409,723,0,0,1
13262,3.9034,0.4689,406,723,0,0,1
13263,4.1715,0.5035,405,723,0,0,1
13264,4.1969,0.632,403,723,0,0,1
13265,4.5868,0.4355,402,723,0,0,1
13266,3.7506,0.4709,402,723,0,0,1
13267,4.1284,0.5683,402,723,0,0,1
13268,4.1754,0.5851,402,723,0,0,1
13269,4.1788,0.4319,400,723,0,0,1
13270,4.1634,0.507,400,723,0,0,1
13271,4.1079,0.6167,399,723,0,0,1
13272,4.5071,0.4463,399,723,0,0,1
13273,3.9038,0.6985,397,723,0,0,1
13274,4.0949,0.4238,396,723,0,0,1
13275,4.1649,0.785,395,723,0,0,1
13276,4.5548,0.555,394,723,0,0,1
13277,4.1674,0.5367,394,723,0,0,1
13278,4.0368,0.5045,394,723,0,0,1
13279,4.206,0.7283,394,723,0,0,1
13280,4.1863,0.5334,393,723,0,0,1
13281,4.2091,0.6832,390,723,0,0,1
13282,4.1057,0.5904,389,723,0,0,1
13283,4.0951,0.6675,388,723,0,0,1
13284,4.2442,0.785,387,723,0,0,1
13285,4.1933,0.5363,386,723,0,0,1
13286,4.0922,0.5034,385,723,0,0,1
13287,4.143,0.8185,384,723,0,0,1
13288,4.5102,0.5442,384,723,0,0,1
13289,3.8398,0.4876,384,723,0,0,1
13290,4.2174,0.6693,377,723,0,0,1
13291,4.1327,0.7981,376,723,0,0,1
13292,4.135,0.8954,376,723,0,0,1
13293,4.2562,0.5113,375,723,0,0,1
13294,4.1003,0.4554,374,723,0,0,1
13295,4.6229,0.5084,423,723,0,0,1
13296,3.8375,0.639,422,723,0,0,1
13297,4.1181,0.7441,422,723,0,0,1
13298,3.9411,0.4863,422,723,0,0,1
13299,4.0781,0.4533,422,723,0,0,1
13300,4.2476,0.8334,420,723,0,0,1
13301,4.15,0.6364,419,723,0,0,1
13302,4.1718,0.5093,419,723,0,0,1
13303,4.0897,0.4233,416,723,0,0,1
13304,4.2072,0.5015,416,723,0,0,1
13305,4.2238,0.469,416,723,0,0,1
13306,4.2463,0.6956,416,723,0,0,1
13307,4.0074,0.5212,416,723,0,0,1
13308,4.2335,0.5541,416,723,0,0,1
13309,4.1181,0.5377,416,723,0,0,1
13310,4.1606,0.4971,415,723,0,0,1
13311,4.2187,0.6519,415,723,0,0,1
13312,4.1717,0.4662,414,723,0,0,1
13313,4.2146,0.7275,414,723,0,0,1
13314,4.1152,0.5124,413,723,0,0,1
13315,4.1176,0.452,412,723,0,0,1
13316,4.1748,0.443,412,723,0,0,1
13317,4.2049,0.7147,411,723,0,0,1
13318,4.3615,0.6289,410,723,0,0,1
13319,3.9885,0.8155,410,723,0,0,1
13320,4.1473,0.8115,410,723,0,0,1
13321,4.1045,0.4269,410,723,0,0,1
13322,4.1599,0.4608,410,723,0,0,1
13323,4.1647,0.6437,410,723,0,0,1
13324,4.2398,0.477,409,723,0,0,1
13325,4.325,0.4987,408,723,0,0,1
13326,4.4442,1.3843,408,723,0,0,1
13327,8.5635,0.7051,406,723,0,0,1
13328,3.7669,0.5783,406,723,0,0,1
13329,4.1553,0.6468,406,723,0,0,1
13330,4.0414,0.5272,406,723,0,0,1
13331,4.2223,0.8697,404,723,0,0,1
13332,4.1743,0.5391,403,723,0,0,1
13333,4.0032,0.6072,402,723,0,0,1
13334,4.2999,0.4842,402,723,0,0,1
13335,4.0625,0.4706,402,723,0,0,1
13336,4.3046,0.4417,401,723,0,0,1
13337,4.1362,0.6151,400,723,0,0,1
13338,4.1389,0.4413,398,723,0,0,1
13339,4.2365,0.5114,397,723,0,0,1
13340,4.1676,0.4877,396,723,0,0,1
13341,4.1682,0.4697,395,723,0,0,1
13342,4.0382,0.5653,394,723,0,0,1
13343,4.2543,0.6176,394,723,0,0,1
13344,4.2991,0.4962,394,723,0,0,1
13345,8.1784,0.5198,392,723,0,0,1
13346,4.1066,0.4959,392,723,0,0,1
13347,4.2805,0.6232,392,723,0,0,1
13348,4.0252,0.6278,392,723,0,0,1
13349,4.1537,0.7092,390,723,0,0,1
13350,4.2452,0.5979,389,723,0,0,1
13351,4.1119,0.4443,389,723,0,0,1
13352,4.1892,0.5227,388,723,0,0,1
13353,4.1249,0.4276,388,723,0,0,1
13354,4.1955,0.4501,387,723,0,0,1
13355,4.3413,0.5991,380,723,0,0,1
13356,3.892,0.4782,378,723,0,0,1
13357,4.299,0.9612,377,723,0,0,1
13358,4.1839,0.6055,376,723,0,0,1
13359,4.1492,0.426,375,723,0,0,1
13360,4.1098,0.4267,375,723,0,0,1
13361,4.1802,0.4754,424,723,0,0,1
13362,4.6562,0.6373,424,723,0,0,1
13363,3.6851,0.45,423,723,0,0,1
13364,4.2197,0.4997,423,723,0,0,1
13365,4.0919,0.685,423,723,0,0,1
13366,4.1852,0.4503,422,723,0,0,1
13367,4.2935,0.5317,421,723,0,0,1
13368,3.9375,0.4903,419,723,0,0,1
13369,4.3412,0.5811,417,723,0,0,1
13370,4.1703,0.5539,416,723,0,0,1
13371,3.9818,0.9027,416,723,0,0,1
13372,4.3373,0.4713,415,723,0,0,1
13373,4.1261,1.0019,415,723,0,0,1
13374,4.3539,0.6123,413,723,0,0,1
13375,3.8517,0.958,413,723,0,0,1
13376,4.1572,0.4391,413,723,0,0,1
13377,4.2604,0.9751,412,723,0,0,1
13378,4.2096,0.4356,412,723,0,0,1
13379,4.196,0.4419,412,723,0,0,1
13380,4.0575,0.6974,412,723,0,0,1
13381,4.2782,0.5591,412,723,0,0,1
13382,4.3575,0.6261,412,723,0,0,1
13383,4.0021,0.5832,412,723,0,0,1
13384,4.17,0.6607,411,723,0,0,1
13385,4.0865,0.4843,411,723,0,0,1
13386,4.1714,0.6891,411,723,0,0,1
13387,4.1591,0.6321,411,723,0,0,1
13388,4.1144,0.5082,411,723,0,0,1
13389,4.0915,0.7008,411,723,0,0,1
13390,4.2231,0.5376,410,723,0,0,1
13391,4.153,0.4963,410,723,0,0,1
13392,4.1156,0.4342,410,723,0,0,1
13393,4.2307,0.4188,410,723,0,0,1
13394,4.1949,0.4879,410,723,0,0,1
13395,4.2131,0.6989,409,723,0,0,1
13396,4.0535,0.5841,409,723,0,0,1
13397,4.1873,0.6811,409,723,0,0,1
13398,4.1747,0.6632,407,723,0,0,1
13399,4.279,0.8172,406,723,0,0,1
13400,4.2662,0.7599,406,723,0,0,1
13401,3.9606,0.6753,405,723,0,0,1
13402,4.2715,0.5486,405,723,0,0,1
13403,4.0591,0.4931,404,723,0,0,1
13404,4.1943,0.5186,402,723,0,0,1
13405,4.0868,0.717,401,723,0,0,1
13406,4.2586,0.4993,400,723,0,0,1
13407,4.1612,0.5267,399,723,0,0,1
13408,4.1139,0.4375,398,723,0,0,1
13409,4.1656,0.4364,397,723,0,0,1
13410,4.1836,0.4989,397,723,0,0,1
13411,4.2121,0.4274,396,723,0,0,1
13412,4.1432,0.5042,394,723,0,0,1
13413,4.1473,0.5004,393,723,0,0,1
13414,4.1714,0.411,392,723,0,0,1
13415,4.2118,0.5486,391,723,0,0,1
13416,4.0909,0.4357,391,723,0,0,1
13417,4.1437,0.5947,390,723,0,0,1
13418,4.5474,0.6148,389,723,0,0,1
13419,3.8148,0.4196,388,723,0,0,1
13420,4.1905,0.4611,388,723,0,0,1
13421,4.1611,0.5548,385,723,0,0,1
13422,4.2038,0.4405,377,723,0,0,1
13423,4.1489,0.7167,377,723,0,0,1
13424,4.2467,0.607,377,723,0,0,1
13425,4.0533,0.427,377,723,0,0,1
13426,4.5942,0.6446,377,723,0,0,1
13427,3.78,0.4705,376,723,0,0,1
13428,4.1532,0.8499,426,723,0,0,1
13429,4.1936,0.7207,426,723,0,0,1
13430,4.2376,1.1232,424,723,0,0,1
13431,4.1615,0.559,423,723,0,0,1
13432,4.0546,0.5437,422,723,0,0,1
13433,4.1729,0.9212,422,723,0,0,1
13434,4.1562,0.464,421,723,0,0,1
13435,4.2262,0.6541,421,723,0,0,1
13436,4.1387,0.6274,419,723,0,0,1
13437,4.1288,0.4732,419,723,0,0,1
13438,4.2379,0.5006,419,723,0,0,1
13439,4.1466,0.6591,419,723,0,0,1
13440,4.4856,0.44,419,723,0,0,1
13441,3.7927,0.4296,419,723,0,0,1
13442,4.2478,0.7149,419,723,0,0,1
13443,4.0925,0.4756,419,723,0,0,1
13444,4.2432,0.4861,418,723,0,0,1
13445,4.1079,0.6488,417,723,0,0,1
13446,4.5468,0.459,417,723,0,0,1
13447,3.8473,0.5362,416,723,0,0,1
13448,4.2153,0.7133,413,723,0,0,1
13449,4.1424,0.7569,413,723,0,0,1
13450,4.0774,0.4424,412,723,0,0,1
13451,4.2124,0.5028,410,723,0,0,1
13452,4.1302,0.4425,410,723,0,0,1
13453,4.144,0.7952,410,723,0,0,1
13454,4.2328,0.4544,409,723,0,0,1
13455,4.2141,0.7073,409,723,0,0,1
13456,4.1031,0.5238,408,723,0,0,1
13457,4.1275,0.4325,407,723,0,0,1
13458,4.2341,0.5242,406,723,0,0,1
13459,4.1932,0.5099,404,723,0,0,1
13460,4.1159,0.6009,402,723,0,0,1
13461,4.1011,0.7243,402,723,0,0,1
13462,4.1875,0.7102,402,723,0,0,1
13463,4.1865,1.0252,401,723,0,0,1
13464,4.1511,0.4965,400,723,0,0,1
13465,4.154,0.5241,400,723,0,0,1
13466,4.2357,0.5939,399,723,0,0,1
13467,4.1231,0.4976,399,723,0,0,1
13468,4.4187,0.7811,397,723,0,0,1
13469,8.334,0.5453,397,723,0,0,1
13470,4.1253,0.7905,397,723,0,0,1
13471,4.1696,0.4589,396,723,0,0,1
13472,4.0057,0.501,395,723,0,0,1
13473,4.3256,0.6235,394,723,0,0,1
13474,4.2736,0.7585,394,723,0,0,1
13475,3.9095,0.5551,394,723,0,0,1
13476,4.229,0.4766,394,723,0,0,1
13477,4.2788,0.8899,392,723,0,0,1
13478,3.9622,0.4243,392,723,0,0,1
13479,4.2831,0.4433,391,723,0,0,1
13480,4.1713,0.4611,391,723,0,0,1
13481,4.1543,0.6793,390,723,0,0,1
13482,4.1784,0.8654,389,723,0,0,1
13483,4.1912,0.479,387,723,0,0,1
13484,4.1313,0.7948,386,723,0,0,1
13485,4.1469,0.4394,386,723,0,0,1
13486,4.1643,0.6947,386,723,0,0,1
13487,8.7388,0.4607,378,723,0,0,1
13488,3.7017,0.7786,378,723,0,0,1
13489,4.2742,0.434,378,723,0,0,1
13490,4.1276,0.7355,378,723,0,0,1
13491,8.7344,0.8988,377,723,0,0,1
13492,3.9654,0.5503,427,723,0,0,1
13493,4.1524,0.3304,427,723,0,0,1
13494,4.1145,0.6827,426,723,0,0,1
13495,4.2673,0.576,424,723,0,0,1
13496,4.0617,0.6141,423,723,0,0,1
13497,4.2062,0.4515,423,723,0,0,1
13498,4.1396,0.5377,422,723,0,0,1
13499,4.1154,0.4675,421,723,0,0,1
13500,4.1769,0.8621,419,723,0,0,1
13501,4.2889,0.5163,419,723,0,0,1
13502,4.1498,0.5396,418,723,0,0,1
13503,4.117,0.719,418,723,0,0,1
13504,4.2249,0.9034,418,723,0,0,1
13505,4.1563,0.5246,418,723,0,0,1
13506,4.0611,0.4995,417,723,0,0,1
13507,4.1788,0.4653,416,723,0,0,1
13508,4.1535,0.5966,416,723,0,0,1
13509,8.4143,0.4943,416,723,0,0,1
13510,4.1698,0.6265,414,723,0,0,1
13511,4.187,0.8919,413,723,0,0,1
13512,3.9813,3.2449,413,723,0,0,1
13513,5.0184,0.4333,411,723,0,0,1
13514,8.0855,0.494,411,723,0,0,1
13515,0.5502,0.3366,411,723,0,0,1
13516,3.262,0.5625,410,723,0,0,1
13517,4.0468,0.5711,410,723,0,0,1
13518,4.2914,0.5277,409,723,0,0,1
13519,4.3776,0.7954,407,723,0,0,1
13520,3.8465,0.4253,406,723,0,0,1
13521,4.4489,0.5164,406,723,0,0,1
13522,3.9436,0.4904,406,723,0,0,1
13523,4.3611,0.3831,406,723,0,0,1
13524,3.9841,0.3638,405,723,0,0,1
13525,4.1036,0.3172,404,723,0,0,1
13526,4.2016,0.5029,404,723,0,0,1
13527,4.3334,0.6062,402,723,0,0,1
13528,3.9296,2.8006,400,723,0,0,1
13529,4.4054,2.8567,400,723,0,0,1
13530,10.8553,3.4696,398,723,0,0,1
13531,3.5593,2.1691,397,723,0,0,1
13532,2.2653,0.9963,397,723,0,0,1
13533,3.9254,0.7647,396,723,0,0,1
13534,4.8724,0.4881,393,723,0,0,1
13535,3.5805,0.4702,391,723,0,0,1
13536,4.0571,0.373,391,723,0,0,1
13537,4.0789,0.615,391,723,0,0,1
13538,4.5821,1.2555,390,723,0,0,1
13539,3.8931,0.3903,390,723,0,0,1
13540,4.1382,0.4117,387,723,0,0,1
13541,4.194,0.3607,387,723,0,0,1
13542,4.3363,0.5823,386,723,0,0,1
13543,3.9153,0.4152,386,723,0,0,1
13544,4.257,0.4292,383,723,0,0,1
13545,4.0952,1.1863,383,723,0,0,1
13546,4.4771,0.5024,383,723,0,0,1
13547,4.0411,0.6054,383,723,0,0,1
13548,4.1097,0.5561,382,723,0,0,1
13549,4.1183,0.5831,382,723,0,0,1
13550,4.4593,0.5113,382,723,0,0,1
13551,3.8283,0.4367,375,723,0,0,1
13552,4.1527,0.6904,375,723,0,0,1
13553,4.2332,0.6937,375,723,0,0,1
13554,4.3318,0.6764,375,723,0,0,1
13555,8.0781,0.5066,373,723,0,0,1
13556,4.2678,1.6695,422,723,0,0,1
13557,4.3693,1.1343,420,723,0,0,1
13558,3.9258,0.5016,420,723,0,0,1
13559,8.3239,0.6582,419,723,0,0,1
13560,4.3631,1.2974,418,723,0,0,1
13561,3.9295,1.6831,417,723,0,0,1
13562,4.1328,0.5723,416,723,0,0,1
13563,4.1337,1.5962,416,723,0,0,1
13564,4.3274,0.8682,415,723,0,0,1
13565,4.0728,1.36,414,723,0,0,1
13566,4.1182,1.1523,413,723,0,0,1
13567,4.1619,0.5562,412,723,0,0,1
13568,4.3056,1.379,411,723,0,0,1
13569,4.1027,0.483,411,723,0,0,1
13570,4.0992,1.0353,411,723,0,0,1
13571,4.1651,1.3495,410,723,0,0,1
13572,4.3347,1.2824,408,723,0,0,1
13573,3.9929,1.2036,408,723,0,0,1
13574,4.1934,1.2273,407,723,0,0,1
13575,4.1545,1.7855,404,723,0,0,1
13576,4.3154,0.949,404,723,0,0,1
13577,9.4487,0.4235,400,723,0,0,1
13578,5.4853,0.4718,400,723,0,0,1
13579,5.123,0.3987,399,723,0,0,1
13580,0.6034,0.4765,399,723,0,0,1
13581,4.5433,0.3914,398,723,0,0,1
13582,4.1631,0.3944,396,723,0,0,1
13583,7.4435,0.4684,396,723,0,0,1
13584,1.8563,0.4701,395,723,0,0,1
13585,4.1523,0.343,395,723,0,0,1
13586,7.2049,0.4817,395,723,0,0,1
13587,0.9296,0.352,395,723,0,0,1
13588,3.6558,0.3669,395,723,0,0,1
13589,5.2044,0.3691,395,723,0,0,1
13590,3.1903,0.842,394,723,0,0,1
13591,4.0636,0.3725,393,723,0,0,1
13592,4.2958,0.3893,392,723,0,0,1
13593,3.8854,0.3736,392,723,0,0,1
13594,4.5293,0.4306,391,723,0,0,1
13595,3.9167,0.4671,391,723,0,0,1
13596,4.3524,0.5185,390,723,0,0,1
13597,4.0051,0.4577,389,723,0,0,1
13598,3.9713,0.5049,389,723,0,0,1
13599,4.332,0.5004,389,723,0,0,1
13600,8.19,0.5315,389,723,0,0,1
13601,4.4062,0.4502,389,723,0,0,1
13602,4.0789,0.6333,388,723,0,0,1
13603,4.0168,0.477,387,723,0,0,1
13604,4.1708,0.4655,387,723,0,0,1
13605,4.2,0.4652,387,723,0,0,1
13606,3.8849,0.5881,386,723,0,0,1
13607,4.0935,0.47,385,723,0,0,1
13608,4.1363,0.9063,383,723,0,0,1
13609,4.2472,0.5967,383,723,0,0,1
13610,4.2133,0.6243,382,723,0,0,1
13611,4.0836,0.4818,380,723,0,0,1
13612,4.0801,0.4163,379,723,0,0,1
13613,4.269,0.4561,378,723,0,0,1
13614,4.3039,0.8572,377,723,0,0,1
13615,3.8224,0.432,370,723,0,0,1
13616,4.5229,0.4417,369,723,0,0,1
13617,4.1179,0.5136,366,723,0,0,1
13618,4.6653,0.5226,366,723,0,0,1
13619,3.7158,0.4478,365,723,0,0,1
13620,4.0891,0.6031,414,723,0,0,1
13621,4.2998,0.5428,413,723,0,0,1
13622,4.3684,0.5003,412,723,0,0,1
13623,4.0828,0.5216,412,723,0,0,1
13624,4.2843,0.4869,411,723,0,0,1
13625,3.7885,0.5813,411,723,0,0,1
13626,4.191,0.6229,411,723,0,0,1
13627,4.4139,0.4874,410,723,0,0,1
13628,3.9617,0.4551,410,723,0,0,1
13629,4.9223,0.5827,410,723,0,0,1
13630,3.9386,0.4621,410,723,0,0,1
13631,3.5855,0.4283,410,723,0,0,1
13632,4.4104,0.4737,410,723,0,0,1
13633,3.8872,0.4147,408,723,0,0,1
13634,4.1781,0.4955,407,723,0,0,1
13635,4.1828,0.4343,406,723,0,0,1
13636,7.6839,0.3516,405,723,0,0,1
13637,0.7363,0.4031,405,723,0,0,1
13638,5.1861,0.3797,405,723,0,0,1
13639,4.2563,0.4141,404,723,0,0,1
13640,4.9447,0.394,404,723,0,0,1
13641,2.2688,0.4159,404,723,0,0,1
13642,5.1664,0.4412,404,723,0,0,1
13643,6.2976,0.3916,404,723,0,0,1
13644,1.0519,0.4727,404,723,0,0,1
13645,5.4276,0.3538,404,723,0,0,1
13646,2.8467,0.413,404,723,0,0,1
13647,7.2378,0.4193,403,723,0,0,1
13648,0.7388,0.449,403,723,0,0,1
13649,4.49,0.4704,403,723,0,0,1
13650,4.2886,0.434,402,723,0,0,1
13651,4.4851,0.3974,401,723,0,0,1
13652,3.7914,0.4644,401,723,0,0,1
13653,4.1443,0.394,399,723,0,0,1
13654,5.1109,0.4028,399,723,0,0,1
13655,4.6993,0.6973,399,723,0,0,1
13656,2.8496,0.4823,398,723,0,0,1
13657,4.0438,0.4629,398,723,0,0,1
13658,4.1224,0.3376,398,723,0,0,1
13659,4.5329,0.3629,398,723,0,0,1
13660,4.4392,0.456,398,723,0,0,1
13661,3.8896,0.3863,396,723,0,0,1
13662,3.8308,0.4077,395,723,0,0,1
13663,4.1324,0.3613,395,723,0,0,1
13664,4.2479,0.5143,391,723,0,0,1
13665,4.012,0.4488,391,723,0,0,1
13666,4.4705,0.4626,390,723,0,0,1
13667,3.8816,0.5043,388,723,0,0,1
13668,4.2156,0.5554,388,723,0,0,1
13669,4.2281,0.4942,387,723,0,0,1
13670,4.0732,0.4413,385,723,0,0,1
13671,4.8941,0.5096,384,723,0,0,1
13672,3.7858,0.4642,384,723,0,0,1
13673,3.8343,0.604,384,723,0,0,1
13674,4.153,0.5362,383,723,0,0,1
13675,4.283,0.5631,382,723,0,0,1
13676,4.1357,0.5123,382,723,0,0,1
13677,4.1463,0.5653,380,723,0,0,1
13678,4.1859,0.4879,378,723,0,0,1
13679,4.1184,0.471,378,723,0,0,1
13680,4.2265,0.5003,378,723,0,0,1
13681,4.0945,0.4878,376,723,0,0,1
13682,4.7258,0.5259,367,723,0,0,1
13683,3.586,0.3487,367,723,0,0,1
13684,4.29,0.4371,367,723,0,0,1
13685,4.0405,0.3862,367,723,0,0,1
13686,4.2186,0.3973,367,723,0,0,1
13687,4.1841,0.3783,366,723,0,0,1
13688,4.1255,0.4008,416,723,0,0,1
13689,4.1279,0.3682,416,723,0,0,1
13690,4.22,0.3652,415,723,0,0,1
13691,3.8744,0.618,415,723,0,0,1
13692,4.2192,0.7239,415,723,0,0,1
13693,4.3775,0.678,414,723,0,0,1
13694,4.2436,0.5879,413,723,0,0,1
13695,3.7699,0.553,412,723,0,0,1
13696,4.5477,0.5315,409,723,0,0,1
13697,4.1945,0.5513,409,723,0,0,1
13698,4.1426,0.4765,408,723,0,0,1
13699,4.0779,0.4688,408,723,0,0,1
13700,4.2289,0.5219,408,723,0,0,1
13701,4.2149,0.4876,407,723,0,0,1
13702,4.1264,0.4926,406,723,0,0,1
13703,4.2165,0.45,406,723,0,0,1
13704,4.1703,0.477,406,723,0,0,1
13705,4.4388,0.6284,406,723,0,0,1
13706,3.8659,0.5256,406,723,0,0,1
13707,4.1526,0.4585,406,723,0,0,1
13708,4.2292,0.4764,406,723,0,0,1
13709,4.1008,0.5541,406,723,0,0,1
13710,4.1695,0.4966,406,723,0,0,1
13711,4.1405,0.5367,405,723,0,0,1
13712,4.174,0.492,403,723,0,0,1
13713,4.2368,0.7345,402,723,0,0,1
13714,4.0564,0.5185,402,723,0,0,1
13715,4.2506,0.7213,401,723,0,0,1
13716,3.7362,0.5657,401,723,0,0,1
13717,4.7022,0.6015,400,723,0,0,1
13718,3.9718,0.5499,397,723,0,0,1
13719,4.2237,0.5715,396,723,0,0,1
13720,3.7871,0.7304,395,723,0,0,1
13721,4.4837,0.508,394,723,0,0,1
13722,4.1711,0.4675,394,723,0,0,1
13723,4.1832,0.5349,394,723,0,0,1
13724,4.1283,0.5373,394,723,0,0,1
13725,4.2653,0.4977,393,723,0,0,1
13726,4.1893,0.5996,392,723,0,0,1
13727,4.1225,0.5141,392,723,0,0,1
13728,4.2203,0.5759,390,723,0,0,1
13729,4.1033,0.5524,390,723,0,0,1
13730,4.3683,0.5062,390,723,0,0,1
13731,3.9466,0.4798,388,723,0,0,1
13732,4.4962,0.4839,386,723,0,0,1
13733,3.9374,0.62,384,723,0,0,1
13734,4.0591,0.5152,384,723,0,0,1
13735,4.1942,0.4853,384,723,0,0,1
13736,4.1855,0.4764,383,723,0,0,1
13737,4.1689,0.5846,382,723,0,0,1
13738,4.1357,0.4926,382,723,0,0,1
13739,3.9124,0.4866,380,723,0,0,1
13740,4.4854,0.5011,380,723,0,0,1
13741,4.1277,0.6546,379,723,0,0,1
13742,3.8387,0.5449,379,723,0,0,1
13743,4.2957,0.518,378,723,0,0,1
13744,4.0483,0.6635,377,723,0,0,1
13745,4.5521,0.5498,376,723,0,0,1
13746,4.3246,0.6144,376,723,0,0,1
13747,3.8615,0.5175,374,723,0,0,1
13748,4.2341,0.6026,372,723,0,0,1
13749,4.2301,0.6084,365,723,0,0,1
13750,4.3784,0.5695,364,723,0,0,1
13751,3.9525,0.4934,363,723,0,0,1
13752,4.126,0.7066,362,723,0,0,1
13753,4.1244,0.6311,362,723,0,0,1
13754,4.1427,0.6348,362,723,0,0,1
13755,4.164,0.5278,412,723,0,0,1
13756,4.4732,0.4881,411,723,0,0,1
13757,3.9324,0.5843,410,723,0,0,1
13758,4.1614,0.5488,410,723,0,0,1
13759,4.2491,0.7226,410,723,0,0,1
13760,4.0966,0.5487,410,723,0,0,1
13761,4.0996,0.6443,408,723,0,0,1
13762,4.2301,0.5334,407,723,0,0,1
13763,4.2088,0.4877,406,723,0,0,1
13764,4.0211,0.6904,406,723,0,0,1
13765,4.2972,0.4674,406,723,0,0,1
13766,3.8031,0.4927,406,723,0,0,1
13767,4.2562,0.4779,406,723,0,0,1
13768,4.2719,0.6514,406,723,0,0,1
13769,3.9825,0.4979,406,723,0,0,1
13770,4.1894,0.5876,406,723,0,0,1
13771,4.1531,0.4706,405,723,0,0,1
13772,4.1108,0.4347,405,723,0,0,1
13773,4.206,0.4398,405,723,0,0,1
13774,4.1779,0.436,404,723,0,0,1
13775,4.4229,0.5643,404,723,0,0,1
13776,3.9366,0.449,404,723,0,0,1
13777,4.1005,0.4742,404,723,0,0,1
13778,4.2159,0.487,404,723,0,0,1
13779,4.1081,0.4834,404,723,0,0,1
13780,4.1842,0.5262,404,723,0,0,1
13781,4.3772,0.6001,402,723,0,0,1
13782,3.9744,0.7955,401,723,0,0,1
13783,4.1588,0.6009,401,723,0,0,1
13784,4.1426,0.6914,401,723,0,0,1
13785,4.1617,0.5253,401,723,0,0,1
13786,4.2318,0.6092,400,723,0,0,1
13787,4.1398,0.9049,399,723,0,0,1
13788,4.177,0.5212,399,723,0,0,1
13789,4.2023,0.5076,397,723,0,0,1
13790,4.0736,0.4397,396,723,0,0,1
13791,4.2603,0.4672,396,723,0,0,1
13792,4.0775,0.4441,395,723,0,0,1
13793,4.2376,0.5165,394,723,0,0,1
13794,4.1576,0.6689,394,723,0,0,1
13795,4.1886,0.4551,393,723,0,0,1
13796,4.0561,0.4711,393,723,0,0,1
13797,4.2522,0.6231,392,723,0,0,1
13798,4.1275,0.4586,390,723,0,0,1
13799,4.2372,0.4499,388,723,0,0,1
13800,4.1077,0.5348,387,723,0,0,1
13801,4.1808,0.4471,387,723,0,0,1
13802,4.1475,0.4861,385,723,0,0,1
13803,4.1516,0.461,384,723,0,0,1
13804,4.3298,0.4736,383,723,0,0,1
13805,4.0631,0.5015,382,723,0,0,1
13806,4.8492,0.464,381,723,0,0,1
13807,3.4056,0.509,381,723,0,0,1
13808,4.2052,0.5286,381,723,0,0,1
13809,4.2244,0.554,380,723,0,0,1
13810,4.0718,0.5381,377,723,0,0,1
13811,14.3581,3.9013,376,723,0,0,1
13812,4.613,1.8679,374,723,0,0,1
13813,2.465,0.5599,373,723,0,0,1
13814,4.0375,0.6273,366,723,0,0,1
13815,4.1412,1.2152,365,723,0,0,1
13816,4.3415,0.4821,365,723,0,0,1
13817,3.8745,0.5012,365,723,0,0,1
13818,4.1207,0.5056,365,723,0,0,1
13819,4.1513,0.3929,364,723,0,0,1
13820,4.3853,0.4992,414,723,0,0,1
13821,3.9356,0.4835,414,723,0,0,1
13822,4.1392,0.5224,414,723,0,0,1
13823,4.2248,0.5046,413,723,0,0,1
13824,4.3108,0.5256,411,723,0,0,1
13825,3.9941,0.6312,410,723,0,0,1
13826,6.8617,0.6022,409,723,0,0,1
13827,1.4807,0.443,409,723,0,0,1
13828,4.6559,0.363,408,723,0,0,1
13829,7.8585,0.5123,408,723,0,0,1
13830,4.1478,0.4556,407,723,0,0,1
13831,4.3786,0.475,407,723,0,0,1
13832,4.1985,0.3398,406,723,0,0,1
13833,3.9286,0.5898,405,723,0,0,1
13834,4.2174,0.4,405,723,0,0,1
13835,4.2306,0.4059,405,723,0,0,1
13836,4.037,0.3359,404,723,0,0,1
13837,4.1507,0.4499,404,723,0,0,1
13838,4.1696,0.5021,404,723,0,0,1
13839,4.3085,0.5752,404,723,0,0,1
13840,4.0033,0.4907,404,723,0,0,1
13841,8.3029,0.4127,402,723,0,0,1
13842,4.3793,0.5535,402,723,0,0,1
13843,3.9718,0.611,402,723,0,0,1
13844,4.1908,0.5136,401,723,0,0,1
13845,4.1695,0.4465,401,723,0,0,1
13846,4.31,0.4805,401,723,0,0,1
13847,4.0817,0.5368,400,723,0,0,1
13848,4.1073,0.7209,399,723,0,0,1
13849,4.1717,0.5997,398,723,0,0,1
13850,4.351,0.724,396,723,0,0,1
13851,4.016,0.5912,396,723,0,0,1
13852,4.1433,0.6119,396,723,0,0,1
13853,4.1541,0.6302,396,723,0,0,1
13854,4.3756,0.761,395,723,0,0,1
13855,3.9433,0.5731,395,723,0,0,1
13856,4.149,0.686,395,723,0,0,1
13857,4.3818,0.6521,395,723,0,0,1
13858,4.5885,0.5407,395,723,0,0,1
13859,4.0462,0.5507,395,723,0,0,1
13860,4.1361,0.5301,394,723,0,0,1
13861,4.4559,0.6405,393,723,0,0,1
13862,4.2548,0.3734,393,723,0,0,1
13863,3.7805,0.4301,393,723,0,0,1
13864,4.0743,0.4192,392,723,0,0,1
13865,4.1965,0.3795,392,723,0,0,1
13866,4.3848,0.6438,392,723,0,0,1
13867,3.9161,0.3705,392,723,0,0,1
13868,4.2147,0.4349,391,723,0,0,1
13869,4.2475,0.4235,391,723,0,0,1
13870,5.192,0.3679,391,723,0,0,1
13871,2.9879,0.4243,391,723,0,0,1
13872,4.3332,0.5119,391,723,0,0,1
13873,4.045,0.4387,390,723,0,0,1
13874,4.3009,0.4375,390,723,0,0,1
13875,3.9925,0.5808,389,723,0,0,1
13876,4.5603,0.5793,387,723,0,0,1
13877,3.7777,0.4046,387,723,0,0,1
13878,4.0032,0.5551,386,723,0,0,1
13879,4.0382,0.5463,378,723,0,0,1
13880,4.097,0.5559,377,723,0,0,1
13881,4.2718,0.6767,377,723,0,0,1
13882,4.2666,0.5195,376,723,0,0,1
13883,4.0088,0.537,375,723,0,0,1
13884,4.1823,1.1606,375,723,0,0,1
13885,4.2981,0.5701,425,723,0,0,1
13886,4.2554,0.6953,425,723,0,0,1
13887,3.9576,0.638,425,723,0,0,1
13888,4.1186,0.6122,425,723,0,0,1
13889,4.4549,0.6262,423,723,0,0,1
13890,4.1238,0.7622,423,723,0,0,1
13891,4.3604,0.5761,423,723,0,0,1
13892,3.7447,0.5327,423,723,0,0,1
13893,4.259,0.7508,422,723,0,0,1
13894,4.2802,0.7785,422,723,0,0,1
13895,3.9708,0.7219,421,723,0,0,1
13896,4.1034,0.5949,420,723,0,0,1
13897,4.1033,0.5104,419,723,0,0,1
13898,4.3046,0.5198,418,723,0,0,1
13899,4.0226,0.4781,416,723,0,0,1
13900,4.0861,0.4705,416,723,0,0,1
13901,4.1385,0.7129,415,723,0,0,1
13902,4.1954,0.4577,414,723,0,0,1
13903,4.2027,0.4861,413,723,0,0,1
13904,4.1603,0.5382,413,723,0,0,1
13905,4.2682,0.7489,411,723,0,0,1
13906,4.0816,0.4927,411,723,0,0,1
13907,4.1237,0.4906,410,723,0,0,1
13908,4.2622,0.7576,410,723,0,0,1
13909,4.1312,0.6751,410,723,0,0,1
13910,4.231,0.6888,410,723,0,0,1
13911,4.0902,0.499,410,723,0,0,1
13912,4.1092,0.4674,408,723,0,0,1
13913,4.5179,0.4842,408,723,0,0,1
13914,4.2039,0.5292,408,723,0,0,1
13915,4.2186,0.5229,408,723,0,0,1
13916,4.1455,0.4831,406,723,0,0,1
13917,4.1037,0.4496,406,723,0,0,1
13918,3.8975,0.664,406,723,0,0,1
13919,4.4036,0.4374,406,723,0,0,1
13920,4.2192,0.4723,406,723,0,0,1
13921,4.1971,0.5719,404,723,0,0,1
13922,4.2016,0.4838,403,723,0,0,1
13923,4.1438,0.4832,402,723,0,0,1
13924,4.3597,0.4913,401,723,0,0,1
13925,3.8941,0.5098,401,723,0,0,1
13926,4.1892,0.5196,397,723,0,0,1
13927,5.1603,0.5055,397,723,0,0,1
13928,3.562,0.4218,397,723,0,0,1
13929,4.2926,0.4256,397,723,0,0,1
13930,4.2985,0.3943,396,723,0,0,1
13931,3.4782,0.4262,395,723,0,0,1
13932,7.7743,0.537,395,723,0,0,1
13933,0.8981,0.4704,395,723,0,0,1
13934,5.335,0.3975,393,723,0,0,1
13935,6.2802,0.5949,393,723,0,0,1
13936,1.7777,0.3751,392,723,0,0,1
13937,4.9862,0.3687,392,723,0,0,1
13938,2.1662,0.4954,392,723,0,0,1
13939,5.3519,0.4723,391,723,0,0,1
13940,8.1685,0.459,390,723,0,0,1
13941,2.6002,0.4859,390,723,0,0,1
13942,0.8476,0.4043,390,723,0,0,1
13943,3.8187,0.3899,389,723,0,0,1
13944,4.2775,0.455,389,723,0,0,1
13945,9.175,0.4263,388,723,0,0,1
13946,0.8721,0.4558,388,723,0,0,1
13947,5.9289,0.4453,379,723,0,0,1
13948,2.2109,0.4533,379,723,0,0,1
13949,2.5495,0.4138,379,723,0,0,1
13950,4.2471,0.4537,378,723,0,0,1
13951,4.4211,0.4268,378,723,0,0,1
13952,4.2247,0.5843,427,723,0,0,1
13953,4.1622,0.4391,425,723,0,0,1
13954,4.1396,0.3739,425,723,0,0,1
13955,3.8213,0.3968,425,723,0,0,1
13956,4.7765,0.4983,423,723,0,0,1
13957,3.6252,0.3647,422,723,0,0,1
13958,4.4164,0.4017,420,723,0,0,1
13959,4.166,0.347,420,723,0,0,1
13960,3.8194,0.4392,420,723,0,0,1
13961,4.7385,0.4905,420,723,0,0,1
13962,3.6655,1.0878,2,723,0,0,0
13963,4.1261,0.4072,2,723,0,0,0
13964,4.4525,0.3758,2,723,0,0,0
13965,3.9389,0.3557,2,723,0,0,0
13966,4.1254,0.3469,2,723,0,0,0
13967,4.1657,0.3991,2,723,0,0,0
13968,4.249,0.3261,2,723,0,0,0
13969,4.0615,0.3963,2,723,0,0,0
13970,4.2119,0.3413,2,723,0,0,0
13971,4.1688,0.3721,2,723,0,0,0
13972,4.4083,0.3316,2,723,0,0,0
13973,3.9555,0.4231,2,723,0,0,0
13974,4.0897,0.3721,2,723,0,0,0
13975,4.1708,0.3424,2,723,0,0,0
13976,4.2388,0.3989,2,723,0,0,0
13977,4.1441,0.3438,2,723,0,0,0
13978,4.1753,0.3267,2,723,0,0,0
13979,4.0871,0.3289,2,723,0,0,0
13980,4.2028,0.3341,2,723,0,0,0
13981,4.4405,0.3325,2,723,0,0,0
13982,3.9086,0.4293,2,723,0,0,0
13983,4.1422,0.3296,2,723,0,0,0
13984,4.13,0.3305,2,723,0,0,0
13985,4.1985,0.3323,2,723,0,0,0
13986,4.2917,0.379,2,723,0,0,0
13987,4.1215,0.3313,2,723,0,0,0
13988,4.1143,0.3646,2,723,0,0,0
13989,3.8716,0.6262,2,723,0,0,0
13990,4.2436,0.3519,2,723,0,0,0
13991,4.0263,0.2894,2,723,0,0,0
13992,4.1391,0.2711,2,723,0,0,0
13993,4.2499,0.3553,2,723,0,0,0
13994,4.1898,0.4661,2,723,0,0,0
13995,4.1528,0.3391,2,723,0,0,0
13996,4.1211,0.314,2,723,0,0,0
13997,4.1757,0.3445,2,723,0,0,0
13998,4.1585,0.3405,2,723,0,0,0
13999,4.2133,0.3446,2,723,0,0,0
14000,4.081,0.3146,2,723,0,0,0
14001,4.2727,0.5884,2,723,0,0,0
14002,4.1752,0.3672,2,723,0,0,0
14003,4.0979,0.3894,2,723,0,0,0
14004,4.2122,0.3582,2,723,0,0,0
14005,4.1439,0.5485,2,723,0,0,0
14006,4.2233,0.3714,2,723,0,0,0
14007,4.4912,0.3389,2,723,0,0,0
14008,3.8049,0.6036,2,723,0,0,0
14009,4.1764,0.3614,2,723,0,0,0
14010,4.5218,0.4197,2,723,0,0,0
14011,3.8093,0.3536,2,723,0,0,0
14012,4.4767,0.4022,2,723,0,0,0
14013,3.9274,0.5984,2,723,0,0,0
14014,4.4589,0.352,2,723,0,0,0
14015,3.7644,0.317,2,723,0,0,0
14016,4.1428,0.3784,2,723,0,0,0
14017,4.5734,0.3773,2,723,0,0,0
14018,3.9013,0.5756,2,723,0,0,0
14019,4.0974,0.4425,2,723,0,0,0
14020,4.5392,0.4067,2,723,0,0,0
14021,4.1407,0.3781,2,723,0,0,0
14022,3.9699,0.3169,2,723,0,0,0
14023,4.0463,0.6433,2,723,0,0,0
14024,4.48,0.3993,2,723,0,0,0
14025,3.8336,0.3428,2,723,0,0,0
14026,4.4471,0.3302,2,723,0,0,0
14027,3.8207,0.3111,2,723,0,0,0
14028,4.5678,0.3781,2,723,0,0,0
14029,4.1649,0.4189,2,723,0,0,0
14030,3.8563,0.4863,2,723,0,0,0
14031,4.4899,0.3256,2,723,0,0,0
14032,3.7308,0.3314,2,723,0,0,0
14033,4.5337,0.332,2,723,0,0,0
14034,3.8722,0.3503,2,723,0,0,0
14035,4.1437,0.3331,2,723,0,0,0
14036,4.5677,0.4152,2,723,0,0,0
14037,3.7749,0.4189,2,723,0,0,0
14038,4.2032,0.355,2,723,0,0,0
14039,4.4076,0.3304,2,723,0,0,0
14040,3.9604,0.4456,2,723,0,0,0
14041,4.2635,0.3719,2,723,0,0,0
14042,4.3789,0.3563,2,723,0,0,0
14043,3.7912,0.3783,2,723,0,0,0
14044,4.5013,0.3588,2,723,0,0,0
14045,3.8289,0.3466,2,723,0,0,0
14046,4.4632,0.3283,2,723,0,0,0
14047,3.8866,0.3789,2,723,0,0,0
14048,4.4067,0.3657,2,723,0,0,0
14049,4.6379,0.369,2,723,0,0,0
14050,3.7973,0.3469,2,723,0,0,0
14051,4.0862,0.3331,2,723,0,0,0
14052,4.2134,0.3964,2,723,0,0,0
14053,4.1582,0.3668,2,723,0,0,0
14054,4.1298,0.3399,2,723,0,0,0
14055,4.2576,0.5154,2,723,0,0,0
14056,4.0859,0.3673,2,723,0,0,0
14057,4.1551,0.3313,2,723,0,0,0
14058,4.2203,0.3566,2,723,0,0,0
14059,4.1106,0.3578,2,723,0,0,0
14060,4.8012,0.3294,2,723,0,0,0
14061,3.776,0.3565,2,723,0,0,0
14062,3.9055,0.3498,2,723,0,0,0
14063,4.2382,0.389,2,723,0,0,0
14064,4.1592,0.3532,2,723,0,0,0
14065,4.1736,0.3763,2,723,0,0,0
14066,4.2289,0.4402,2,723,0,0,0
14067,4.0917,0.3591,2,723,0,0,0
14068,4.1617,0.3815,2,723,0,0,0
14069,4.2038,0.3295,2,723,0,0,0
14070,4.169,0.3286,2,723,0,0,0
14071,4.139,0.3284,2,723,0,0,0
14072,4.1266,0.3629,2,723,0,0,0
14073,3.913,0.626,2,723,0,0,0
14074,4.1968,0.355,2,723,0,0,0
14075,4.408,0.3324,2,723,0,0,0
14076,3.8499,0.3286,2,723,0,0,0
14077,4.2183,0.3364,2,723,0,0,0
14078,4.2669,0.366,2,723,0,0,0
14079,4.0185,0.3748,2,723,0,0,0
14080,4.1147,0.2879,2,723,0,0,0
14081,4.2239,0.3444,2,723,0,0,0
14082,4.1473,0.3162,2,723,0,0,0
14083,4.2387,0.3143,2,723,0,0,0
14084,4.184,0.647,2,723,0,0,0
14085,4.0937,0.6926,2,723,0,0,0
14086,4.4518,0.3343,2,723,0,0,0
14087,3.8828,0.3127,2,723,0,0,0
14088,4.379,0.3743,2,723,0,0,0
14089,4.037,0.4216,2,723,0,0,0
14090,4.1684,0.3286,2,723,0,0,0
14091,4.1303,0.3426,2,723,0,0,0
14092,4.4694,0.3347,2,723,0,0,0
14093,4.2,0.328,2,723,0,0,0
14094,4.4517,0.3311,2,723,0,0,0
14095,3.8781,0.3869,2,723,0,0,0
14096,4.1152,0.4479,2,723,0,0,0
14097,4.1163,0.3809,2,723,0,0,0
14098,4.3679,0.3482,2,723,0,0,0
14099,4.2526,0.3799,2,723,0,0,0
14100,3.9939,0.3528,2,723,0,0,0
14101,4.089,0.3474,2,723,0,0,0
14102,4.1569,0.3645,2,723,0,0,0
14103,4.4477,0.4106,2,723,0,0,0
14104,4.0854,0.3703,2,723,0,0,0
14105,3.9864,0.3528,2,723,0,0,0
14106,4.1555,0.3444,2,723,0,0,0
14107,4.2111,0.3306,2,723,0,0,0
14108,4.1727,0.3323,2,723,0,0,0
14109,3.9555,0.6058,2,723,0,0,0
14110,4.069,0.6289,2,723,0,0,0
14111,4.1087,0.3093,2,723,0,0,0
14112,4.5452,0.3548,2,723,0,0,0
14113,3.7771,0.3092,2,723,0,0,0
14114,4.2767,0.5932,2,723,0,0,0
14115,4.1195,0.3101,2,723,0,0,0
14116,4.1199,0.3112,2,723,0,0,0
14117,4.4277,0.4613,2,723,0,0,0
14118,3.9685,0.3077,2,723,0,0,0
14119,4.1247,0.3525,2,723,0,0,0
14120,4.1003,0.3259,2,723,0,0,0
14121,4.2676,0.586,2,723,0,0,0
14122,4.2105,0.3747,2,723,0,0,0
14123,4.0689,0.308,2,723,0,0,0
14124,4.2024,0.3549,2,723,0,0,0
14125,4.1853,0.4496,2,723,0,0,0
14126,4.2276,0.5796,2,723,0,0,0
14127,4.0402,0.3095,2,723,0,0,0
14128,4.213,0.5824,2,723,0,0,0
14129,4.1794,0.3145,2,723,0,0,0
14130,4.1373,0.3339,2,723,0,0,0
14131,4.5301,0.3327,2,723,0,0,0
14132,3.806,0.3641,2,723,0,0,0
14133,4.2294,0.5586,2,723,0,0,0
14134,4.0988,0.3661,2,723,0,0,0
14135,4.152,0.3122,2,723,0,0,0
14136,4.1828,0.2879,2,723,0,0,0
14137,4.1783,0.3521,2,723,0,0,0
14138,4.1914,0.3637,2,723,0,0,0
14139,4.4337,0.3337,2,723,0,0,0
14140,4.2305,0.3899,2,723,0,0,0
14141,4.1701,0.3349,2,723,0,0,0
14142,4.2894,0.3797,2,723,0,0,0
14143,4.0569,0.3497,2,723,0,0,0
14144,4.2084,0.3331,2,723,0,0,0
14145,4.2105,0.3542,2,723,0,0,0
14146,3.9972,0.3294,2,723,0,0,0
14147,4.1917,0.3288,2,723,0,0,0
14148,3.8265,0.3559,2,723,0,0,0
14149,4.1882,0.5743,2,723,0,0,0
14150,4.142,0.3094,2,723,0,0,0
14151,4.2475,0.338,2,723,0,0,0
14152,4.0776,0.5898,2,723,0,0,0
14153,4.1611,0.3112,2,723,0,0,0
14154,4.2245,0.3638,2,723,0,0,0
14155,4.12,0.3211,2,723,0,0,0
14156,4.2285,0.3834,2,723,0,0,0
14157,4.475,0.6119,2,723,0,0,0
14158,3.8475,0.5084,2,723,0,0,0
14159,4.1125,0.2804,2,723,0,0,0
14160,4.254,0.6349,2,723,0,0,0
14161,4.1363,0.3559,2,723,0,0,0
14162,4.195,0.4523,2,723,0,0,0
14163,4.2048,0.5937,2,723,0,0,0
14164,4.0598,0.5039,2,723,0,0,0
14165,4.2173,0.5749,2,723,0,0,0
14166,4.4099,0.457,2,723,0,0,0
14167,4.2995,0.3676,2,723,0,0,0
14168,4.207,0.3672,2,723,0,0,0
14169,4.1088,0.3213,2,723,0,0,0
14170,3.6891,0.321,2,723,0,0,0
14171,4.5473,0.3323,2,723,0,0,0
14172,4.2075,0.3707,2,723,0,0,0
14173,4.2424,0.3745,2,723,0,0,0
14174,4.1409,0.3992,2,723,0,0,0
14175,4.1638,0.3394,2,723,0,0,0
14176,4.11,0.3542,2,723,0,0,0
14177,4.3863,0.3457,2,723,0,0,0
14178,4.0008,0.3662,2,723,0,0,0
14179,4.1442,0.3171,2,723,0,0,0
14180,4.2632,0.3764,2,723,0,0,0
14181,3.8469,0.4529,2,723,0,0,0
14182,4.0717,0.3497,2,723,0,0,0
14183,4.4625,0.3886,2,723,0,0,0
14184,3.8267,0.5958,2,723,0,0,0
14185,4.1388,0.3123,2,723,0,0,0
14186,4.3573,0.3356,2,723,0,0,0
14187,4.0455,0.36,2,723,0,0,0
14188,4.1272,0.3105,2,723,0,0,0
14189,4.3516,0.3475,2,723,0,0,0
14190,4.0396,0.384,2,723,0,0,0
14191,4.0805,0.3357,2,723,0,0,0
14192,4.1813,0.323,2,723,0,0,0
14193,4.2468,0.3538,2,723,0,0,0
14194,4.0983,0.3139,2,723,0,0,0
14195,4.1591,0.3089,2,723,0,0,0
14196,4.1719,0.3163,2,723,0,0,0
14197,4.301,0.5901,2,723,0,0,0
14198,4.0552,0.5353,2,723,0,0,0
14199,4.2077,0.3576,2,723,0,0,0
14200,4.0811,0.2879,2,723,0,0,0
14201,4.1752,0.3071,2,723,0,0,0
14202,4.2673,0.3205,2,723,0,0,0
14203,4.063,0.3095,2,723,0,0,0
14204,4.1741,0.3786,2,723,0,0,0
14205,4.221,0.6188,2,723,0,0,0
14206,4.1916,0.381,2,723,0,0,0
14207,4.0955,0.3082,2,723,0,0,0
14208,4.0763,0.2779,2,723,0,0,0
14209,4.2841,0.3123,2,723,0,0,0
14210,4.1913,0.3103,2,723,0,0,0
14211,4.2096,0.3704,2,723,0,0,0
14212,4.0812,0.3376,2,723,0,0,0
14213,4.2251,0.3528,2,723,0,0,0
14214,4.2292,0.3472,2,723,0,0,0
14215,4.174,0.5874,2,723,0,0,0
14216,3.978,0.3962,2,723,0,0,0
14217,4.2888,0.6249,2,723,0,0,0
14218,4.1077,0.3117,2,723,0,0,0
14219,4.1512,0.3305,2,723,0,0,0
14220,4.2772,0.3443,2,723,0,0,0
14221,4.1258,0.3416,2,723,0,0,0
14222,4.3519,0.3531,2,723,0,0,0
14223,3.9171,0.3511,2,723,0,0,0
14224,4.1724,0.3531,2,723,0,0,0
14225,4.1487,0.3348,2,723,0,0,0
14226,4.2117,0.3962,2,723,0,0,0
14227,4.4479,0.3235,2,723,0,0,0
14228,3.8409,0.3375,2,723,0,0,0
14229,4.2362,0.5955,2,723,0,0,0
14230,4.1418,0.3134,2,723,0,0,0
14231,4.1495,0.3066,2,723,0,0,0
14232,4.57,0.332,2,723,0,0,0
14233,4.0365,0.3405,2,723,0,0,0
14234,3.9536,0.5872,2,723,0,0,0
14235,4.172,0.5088,2,723,0,0,0
14236,4.0946,0.3842,2,723,0,0,0
14237,4.1976,0.327,2,723,0,0,0
14238,4.146,0.3346,2,723,0,0,0
14239,4.2677,0.5819,2,723,0,0,0
14240,4.0831,0.3098,2,723,0,0,0
14241,4.2615,0.3608,2,723,0,0,0
14242,4.0609,0.3074,2,723,0,0,0
14243,4.1535,0.3357,2,723,0,0,0
14244,4.1479,0.3116,2,723,0,0,0
14245,4.2477,0.3856,2,723,0,0,0
14246,4.1346,0.4827,2,723,0,0,0
14247,4.1291,0.5691,2,723,0,0,0
14248,4.1981,0.3476,2,723,0,0,0
14249,4.2422,0.5847,2,723,0,0,0
14250,4.0995,0.3886,2,723,0,0,0
14251,4.4909,0.3181,2,723,0,0,0
14252,4.0708,0.37,2,723,0,0,0
14253,3.9291,0.5855,2,723,0,0,0
14254,4.2475,0.5396,2,723,0,0,0
14255,4.0736,0.3092,2,723,0,0,0
14256,4.1978,0.5621,2,723,0,0,0
14257,4.3967,0.3977,2,723,0,0,0
14258,4.2332,0.3089,2,723,0,0,0
14259,3.8158,0.3194,2,723,0,0,0
14260,4.1811,0.2865,2,723,0,0,0
14261,4.4841,0.5058,2,723,0,0,0
14262,4.1282,0.3316,2,723,0,0,0
14263,3.8653,0.3098,2,723,0,0,0
14264,4.4945,0.3395,2,723,0,0,0
14265,3.9008,0.3119,2,723,0,0,0
14266,4.352,0.3081,2,723,0,0,0
14267,3.9571,0.3353,2,723,0,0,0
14268,4.1348,0.5225,2,723,0,0,0
14269,4.1861,0.3162,2,723,0,0,0
14270,4.1506,0.3133,2,723,0,0,0
14271,4.5067,0.314,2,723,0,0,0
14272,3.8865,0.5833,2,723,0,0,0
14273,4.1845,0.6149,2,723,0,0,0
14274,4.1179,0.3379,2,723,0,0,0
14275,4.554,0.5889,2,723,0,0,0
14276,4.0813,0.5177,2,723,0,0,0
14277,4.1667,0.3613,2,723,0,0,0
14278,3.8632,0.6509,2,723,0,0,0
14279,4.1363,0.2755,2,723,0,0,0
14280,4.4734,0.5429,2,723,0,0,0
14281,3.9843,0.5192,2,723,0,0,0
14282,4.4607,0.5743,2,723,0,0,0
14283,4.0785,0.3256,2,723,0,0,0
14284,3.8231,0.3877,2,723,0,0,0
14285,4.2268,0.5717,2,723,0,0,0
14286,4.101,0.2929,2,723,0,0,0
14287,4.2267,0.2876,2,723,0,0,0
14288,4.4022,0.4874,2,723,0,0,0
14289,4.169,0.3204,2,723,0,0,0
14290,4.1452,0.4658,2,723,0,0,0
14291,4.1095,0.2446,2,723,0,0,0
14292,4.0228,0.4821,2,723,0,0,0
14293,4.0627,0.2485,2,723,0,0,0
14294,4.164,0.2482,2,723,0,0,0
14295,4.4469,0.2739,2,723,0,0,0
14296,3.8633,0.246,2,723,0,0,0
14297,4.1832,0.4515,2,723,0,0,0
14298,4.3126,0.2741,2,723,0,0,0
14299,4.0077,0.2474,2,723,0,0,0
14300,4.3252,0.363,2,723,0,0,0
14301,4.2196,0.378,2,723,0,0,0
14302,4.2139,0.41,2,723,0,0,0
14303,3.9115,0.2482,2,723,0,0,0
14304,4.1608,0.2482,2,723,0,0,0
14305,4.4446,0.2225,2,723,0,0,0
14306,4.0627,0.3552,2,723,0,0,0
14307,4.1271,0.3554,2,723,0,0,0
14308,4.0366,0.2617,2,723,0,0,0
14309,4.1654,0.4168,2,723,0,0,0
14310,4.4675,0.2443,2,723,0,0,0
14311,3.9359,0.3554,2,723,0,0,0
14312,4.2344,0.3619,2,723,0,0,0
14313,4.179,0.3481,2,723,0,0,0
14314,4.172,0.3544,2,723,0,0,0
14315,4.012,0.2457,2,723,0,0,0
14316,4.1802,0.2467,2,723,0,0,0
14317,4.3849,0.5167,2,723,0,0,0
14318,4.2433,0.4639,2,723,0,0,0
14319,4.2009,0.4409,2,723,0,0,0
14320,3.8351,0.2648,2,723,0,0,0
14321,4.5014,0.4702,2,723,0,0,0
14322,3.8377,0.2497,2,723,0,0,0
14323,4.3202,0.2455,2,723,0,0,0
14324,4.2037,0.4728,2,723,0,0,0
14325,4.02,0.4612,2,723,0,0,0
14326,4.3712,0.4023,2,723,0,0,0
14327,3.9105,0.2482,2,723,0,0,0
14328,4.1851,0.4636,2,723,0,0,0
14329,4.2801,0.246,2,723,0,0,0
14330,4.2174,0.4795,2,723,0,0,0
14331,4.0378,0.464,2,723,0,0,0
14332,4.0934,0.2441,2,723,0,0,0
14333,4.1988,0.27,2,723,0,0,0
14334,4.2548,0.2986,2,723,0,0,0
14335,4.0502,0.2743,2,723,0,0,0
14336,4.1502,0.4187,2,723,0,0,0
14337,4.9763,0.2805,2,723,0,0,0
14338,3.3707,0.2631,2,723,0,0,0
14339,4.1867,0.2629,2,723,0,0,0
14340,4.4883,0.2681,2,723,0,0,0
14341,3.8894,0.248,2,723,0,0,0
14342,4.5173,0.2945,2,723,0,0,0
14343,4.1136,0.4383,2,723,0,0,0
14344,3.8374,0.2474,2,723,0,0,0
14345,4.4578,0.3191,2,723,0,0,0
14346,3.8887,0.2702,2,723,0,0,0
14347,4.3515,0.2404,2,723,0,0,0
14348,3.988,0.4699,2,723,0,0,0
14349,4.363,0.5447,2,723,0,0,0
14350,3.9404,0.2647,2,723,0,0,0
14351,4.171,0.2644,2,723,0,0,0
14352,4.4274,0.4163,2,723,0,0,0
14353,4.2683,0.2712,2,723,0,0,0
14354,4.0073,0.4706,2,723,0,0,0
14355,4.0978,0.3462,2,723,0,0,0
14356,4.0329,0.2472,2,723,0,0,0
14357,4.1982,0.4599,2,723,0,0,0
14358,4.1473,0.2337,2,723,0,0,0
14359,4.2626,0.331,2,723,0,0,0
14360,4.0217,0.2895,2,723,0,0,0
14361,4.2154,0.3123,2,723,0,0,0
14362,4.3015,0.3854,2,723,0,0,0
14363,4.017,0.2664,2,723,0,0,0
14364,4.3461,0.3571,2,723,0,0,0
14365,4.1553,0.3506,2,723,0,0,0
14366,4.0748,0.2432,2,723,0,0,0
14367,4.1598,0.3846,2,723,0,0,0
14368,4.1291,0.462,2,723,0,0,0
14369,4.2053,0.3127,2,723,0,0,0
14370,4.1093,0.2657,2,723,0,0,0
14371,4.3144,0.3641,2,723,0,0,0
14372,4.0377,0.3036,2,723,0,0,0
14373,4.3067,0.4672,2,723,0,0,0
14374,4.1706,0.358,2,723,0,0,0
14375,3.9979,0.2433,2,723,0,0,0
14376,4.321,0.4074,2,723,0,0,0
14377,4.0168,0.2442,2,723,0,0,0
14378,4.1671,0.2443,2,723,0,0,0
14379,4.3446,0.374,2,723,0,0,0
14380,4.0278,0.4675,2,723,0,0,0
14381,4.2222,0.4428,2,723,0,0,0
14382,4.1155,0.2443,2,723,0,0,0
14383,4.1194,0.2458,2,723,0,0,0
14384,4.2776,0.3086,2,723,0,0,0
14385,4.2318,0.4303,2,723,0,0,0
14386,4.1031,0.4187,2,723,0,0,0
14387,4.0604,0.273,2,723,0,0,0
14388,4.1962,0.4772,2,723,0,0,0
14389,4.186,0.4577,2,723,0,0,0
14390,4.1651,0.3949,2,723,0,0,0
14391,4.2812,0.4144,2,723,0,0,0
14392,4.0409,0.4604,2,723,0,0,0
14393,4.2337,0.3588,2,723,0,0,0
14394,4.1502,0.3022,2,723,0,0,0
14395,4.1894,0.3561,2,723,0,0,0
14396,4.1472,0.3093,2,723,0,0,0
14397,4.4901,0.2674,2,723,0,0,0
14398,3.7422,0.2468,2,723,0,0,0
14399,4.1747,0.2616,2,723,0,0,0
14400,4.3007,0.4073,2,723,0,0,0
14401,4.4728,0.5366,2,723,0,0,0
14402,4.0628,0.4516,2,723,0,0,0
14403,3.8179,0.3956,2,723,0,0,0
14404,4.1832,0.4451,2,723,0,0,0
14405,4.4942,0.2773,2,723,0,0,0
