frame,frameMs,cpuMs,activeObjects,totalObjects,created,destroyed,bossActive
0,8.8598,3.1697,2,23,0,0,0
1,6.9838,1.5877,2,23,0,0,0
2,2.565,0.3114,2,23,0,0,0
3,4.2002,0.3486,2,23,0,0,0
4,4.2007,0.4559,2,23,0,0,0
5,3.8215,0.3708,2,23,0,0,0
6,4.1841,0.4095,2,23,0,0,0
7,4.4929,0.4096,2,23,0,0,0
8,4.4826,0.4604,2,23,0,0,0
9,3.5518,0.3683,2,23,0,0,0
10,4.0656,0.5572,2,23,0,0,0
11,4.432,0.4563,2,23,0,0,0
12,4.2501,0.3303,2,23,0,0,0
13,4.1666,0.5125,2,23,0,0,0
14,4.0417,0.3076,2,23,0,0,0
15,5.0129,0.376,2,23,0,0,0
16,3.5079,0.3912,2,23,0,0,0
17,3.764,0.3838,2,23,0,0,0
18,4.348,0.3737,2,23,0,0,0
19,4.2361,0.397,2,23,0,0,0
20,4.1556,0.3627,2,23,0,0,0
21,4.1059,0.5009,2,23,0,0,0
22,4.004,0.3829,2,23,0,0,0
23,5.4135,0.2166,2,23,0,0,0
24,3.265,0.3703,2,23,0,0,0
25,3.8627,0.3968,2,23,0,0,0
26,4.232,0.3056,2,23,0,0,0
27,4.0657,0.3951,2,23,0,0,0
28,4.4969,0.3327,2,23,0,0,0
29,3.8709,0.2666,2,23,0,0,0
30,4.0776,0.2756,2,23,0,0,0
31,4.3736,0.3924,2,23,0,0,0
32,4.4922,0.4478,2,23,0,0,0
33,3.8721,0.4831,2,23,0,0,0
34,3.9398,0.3668,2,23,0,0,0
35,4.1944,0.3648,2,23,0,0,0
36,4.5855,0.3191,2,23,0,0,0
37,3.9553,0.3387,2,23,0,0,0
38,5.2326,0.4137,2,23,0,0,0
39,3.0105,0.2922,2,23,0,0,0
40,4.3688,0.3908,2,23,0,0,0
41,3.8547,0.4538,2,23,0,0,0
42,4.3362,0.5452,2,23,0,0,0
43,4.1766,0.3287,2,23,0,0,0
44,4.6197,0.3604,2,23,0,0,0
45,3.63,0.2121,2,23,0,0,0
46,4.0275,0.3192,2,23,0,0,0
47,4.3534,0.4892,2,23,0,0,0
48,4.3898,0.3276,2,23,0,0,0
49,4.2157,0.2146,2,23,0,0,0
50,3.9263,0.3388,2,23,0,0,0
51,4.131,0.302,2,23,0,0,0
52,4.3571,0.3392,2,23,0,0,0
53,3.8519,0.2816,2,23,0,0,0
54,4.1517,0.3917,2,23,0,0,0
55,4.7523,0.2271,2,23,0,0,0
56,4.3282,0.3798,2,23,0,0,0
57,3.801,0.2383,2,23,0,0,0
58,4.0751,0.2136,2,23,0,0,0
59,4.2126,0.221,2,23,0,0,0
60,4.2233,0.2287,2,23,0,0,0
61,4.079,0.2123,2,23,0,0,0
62,4.1215,0.2351,2,23,0,0,0
63,4.2429,0.2305,2,23,0,0,0
64,4.3686,0.2676,2,23,0,0,0
65,3.9257,0.2402,2,23,0,0,0
66,4.2387,0.2361,2,23,0,0,0
67,4.1905,0.2132,2,23,0,0,0
68,4.4398,0.2194,2,23,0,0,0
69,3.8359,0.2255,2,23,0,0,0
70,4.2094,0.232,2,23,0,0,0
71,4.4412,0.2153,2,23,0,0,0
72,3.9223,0.2503,2,23,0,0,0
73,4.0452,0.2646,2,23,0,0,0
74,4.3821,0.3263,2,23,0,0,0
75,4.0002,0.213,2,23,0,0,0
76,4.3356,0.2163,2,23,0,0,0
77,3.9569,0.2274,2,23,0,0,0
78,4.1612,0.2167,2,23,0,0,0
79,4.187,0.2102,2,23,0,0,0
80,4.2555,0.3964,2,23,0,0,0
81,4.0045,0.3959,2,23,0,0,0
82,3.8989,0.5037,2,23,0,0,0
83,4.8871,0.2546,2,23,0,0,0
84,3.6175,0.3841,2,23,0,0,0
85,4.1207,0.3265,2,23,0,0,0
86,3.9081,0.2155,2,23,0,0,0
87,4.1501,0.3461,2,23,0,0,0
88,4.3205,0.3843,2,23,0,0,0
89,4.0464,0.2089,2,23,0,0,0
90,4.2724,0.3221,2,23,0,0,0
91,4.2297,0.2962,2,23,0,0,0
92,4.1176,0.2955,2,23,0,0,0
93,4.1431,0.2856,2,23,0,0,0
94,4.0834,0.3108,2,23,0,0,0
95,4.2659,0.464,2,23,0,0,0
96,4.1484,0.2914,2,23,0,0,0
97,4.3982,0.3624,2,23,0,0,0
98,3.979,0.3072,2,23,0,0,0
99,4.222,0.3095,2,23,0,0,0
100,4.1024,0.2815,2,23,0,0,0
101,4.0415,0.2057,2,23,0,0,0
102,4.3006,0.2938,2,23,0,0,0
103,4.1968,0.3042,2,23,0,0,0
104,4.1837,0.3042,2,23,0,0,0
105,4.1387,0.3103,2,23,0,0,0
106,4.0085,0.2483,2,23,0,0,0
107,4.5228,0.261,2,23,0,0,0
108,3.9389,0.2077,2,23,0,0,0
109,4.1702,0.3118,2,23,0,0,0
110,4.2023,0.2833,2,23,0,0,0
111,4.1204,0.3961,2,23,0,0,0
112,4.1149,0.2987,2,23,0,0,0
113,4.1032,0.2136,2,23,0,0,0
114,4.1946,0.2964,2,23,0,0,0
115,4.2999,0.3054,2,23,0,0,0
116,4.4192,0.3425,2,23,0,0,0
117,3.9364,0.3021,2,23,0,0,0
118,3.9692,0.1784,2,23,0,0,0
119,4.2077,0.245,2,23,0,0,0
120,4.1175,0.2041,2,23,0,0,0
121,4.3021,0.2763,2,23,0,0,0
122,4.1502,0.3295,2,23,0,0,0
123,4.2375,0.497,2,23,0,0,0
124,4.127,0.307,2,23,0,0,0
125,4.0466,0.2317,2,23,0,0,0
126,4.2974,0.3943,2,23,0,0,0
127,4.0174,0.2029,2,23,0,0,0
128,4.2971,0.4175,2,23,0,0,0
129,4.1757,0.2705,2,23,0,0,0
130,4.0284,0.2514,2,23,0,0,0
131,4.3179,0.3178,2,23,0,0,0
132,4.1983,0.211,2,23,0,0,0
133,4.1754,0.3114,2,23,0,0,0
134,4.3605,0.5197,2,23,0,0,0
135,3.9851,0.2929,2,23,0,0,0
136,4.3313,0.2547,2,23,0,0,0
137,3.8261,0.2112,2,23,0,0,0
138,4.3124,0.2388,2,23,0,0,0
139,4.1506,0.3953,2,23,0,0,0
140,4.3239,0.2571,2,23,0,0,0
141,4.2199,0.3246,2,23,0,0,0
142,3.8259,0.2111,2,23,0,0,0
143,4.294,0.3321,2,23,0,0,0
144,4.3466,0.2203,2,23,0,0,0
145,4.0145,0.3337,2,23,0,0,0
146,4.1594,0.2767,2,23,0,0,0
147,4.0698,0.4061,2,23,0,0,0
148,4.2577,0.2655,2,23,0,0,0
149,4.0076,0.236,2,23,0,0,0
150,4.1292,0.2307,2,23,0,0,0
151,4.3838,0.3935,2,23,0,0,0
152,4.1798,0.3311,2,23,0,0,0
153,4.0374,0.2509,2,23,0,0,0
154,4.1299,0.2301,2,23,0,0,0
155,4.1513,0.3266,2,23,0,0,0
156,4.3387,0.2827,2,23,0,0,0
157,4.5836,0.2456,2,23,0,0,0
158,3.8113,0.4193,2,23,0,0,0
159,4.2258,0.4166,2,23,0,0,0
160,4.0357,0.3045,2,23,0,0,0
161,4.0262,0.203,2,23,0,0,0
162,4.1842,0.4387,2,23,0,0,0
163,4.2958,0.2584,2,23,0,0,0
164,4.3685,0.2627,2,23,0,0,0
165,3.8604,0.4155,2,23,0,0,0
166,4.7783,0.4711,2,23,0,0,0
167,3.8892,0.251,2,23,0,0,0
168,3.7819,0.2351,2,23,0,0,0
169,4.3725,0.3345,2,23,0,0,0
170,4.1458,0.331,2,23,0,0,0
171,4.0105,0.3598,2,23,0,0,0
172,4.3386,0.2515,2,23,0,0,0
173,4.0035,0.1768,2,23,0,0,0
174,4.2113,0.223,2,23,0,0,0
175,4.2485,0.2271,2,23,0,0,0
176,3.9851,0.1812,2,23,0,0,0
177,4.1141,0.2951,2,23,0,0,0
178,4.2479,0.1973,2,23,0,0,0
179,4.2028,0.2246,2,23,0,0,0
180,4.0895,0.2452,2,23,0,0,0
181,4.2465,0.3068,2,23,0,0,0
182,4.2357,0.2491,2,23,0,0,0
183,4.0538,0.1749,2,23,0,0,0
184,4.2488,0.2208,2,23,0,0,0
185,4.0611,0.1528,2,23,0,0,0
186,4.1471,0.2704,2,23,0,0,0
187,4.2407,0.184,2,23,0,0,0
188,4.2338,0.3103,2,23,0,0,0
189,4.4156,0.2817,2,23,0,0,0
190,3.8483,0.1873,2,23,0,0,0
191,4.2068,0.4026,2,23,0,0,0
192,4.1521,0.2312,2,23,0,0,0
193,4.5321,0.258,2,23,0,0,0
194,3.9094,0.2321,2,23,0,0,0
195,4.1002,0.38,2,23,0,0,0
196,4.1723,0.4072,2,23,0,0,0
197,4.1076,0.1731,2,23,0,0,0
198,4.2706,0.2683,2,23,0,0,0
199,4.1535,0.254,2,23,0,0,0
200,4.0874,0.224,2,23,0,0,0
201,4.3143,0.2689,2,23,0,0,0
202,4.5371,0.737,2,23,0,0,0
203,3.7876,0.2596,2,23,0,0,0
204,4.0703,0.2207,2,23,0,0,0
205,4.2162,0.2895,2,23,0,0,0
206,4.3997,0.2468,2,23,0,0,0
207,3.9375,0.4288,2,23,0,0,0
208,4.3249,0.3164,2,23,0,0,0
209,4.0312,0.3208,2,23,0,0,0
210,4.4492,0.2958,2,23,0,0,0
211,3.8525,0.397,2,23,0,0,0
212,4.2108,0.4589,2,23,0,0,0
213,4.4552,0.2736,2,23,0,0,0
214,4.3569,0.3551,2,23,0,0,0
215,3.6814,0.3238,2,23,0,0,0
216,4.1082,0.2503,2,23,0,0,0
217,4.197,0.4096,2,23,0,0,0
218,4.1677,0.2731,2,23,0,0,0
219,4.4426,0.4171,2,23,0,0,0
220,3.9218,0.2262,2,23,0,0,0
221,4.0755,0.2037,2,23,0,0,0
222,4.1954,0.2198,2,23,0,0,0
223,4.148,0.2496,2,23,0,0,0
224,4.1693,0.3545,2,23,0,0,0
225,4.1987,0.2504,2,23,0,0,0
226,4.1305,0.3783,2,23,0,0,0
227,4.3721,0.338,2,23,0,0,0
228,3.9693,0.227,2,23,0,0,0
229,4.2403,0.3501,2,23,0,0,0
230,4.4144,0.2254,2,23,0,0,0
231,3.8509,0.3736,2,23,0,0,0
232,4.2304,0.4199,2,23,0,0,0
233,4.0688,0.2401,2,23,0,0,0
234,4.3323,0.2865,2,23,0,0,0
235,4.092,0.2486,2,23,0,0,0
236,4.4979,0.3048,2,23,0,0,0
237,3.8063,0.2951,2,23,0,0,0
238,4.1107,0.3469,2,23,0,0,0
239,4.2771,0.2336,2,23,0,0,0
240,4.0563,0.225,2,23,0,0,0
241,4.2173,0.3951,2,23,0,0,0
242,4.4195,0.2244,2,23,0,0,0
243,3.9027,0.2235,2,23,0,0,0
244,4.1439,0.2867,2,23,0,0,0
245,4.1613,0.2179,2,23,0,0,0
246,4.2178,0.2716,2,23,0,0,0
247,4.1823,0.3594,2,23,0,0,0
248,4.1516,0.4002,2,23,0,0,0
249,4.1719,0.2239,2,23,0,0,0
250,4.1107,0.3061,2,23,0,0,0
251,4.1725,0.3738,2,23,0,0,0
252,4.2337,0.231,2,23,0,0,0
253,4.2269,0.2862,2,23,0,0,0
254,4.0682,0.2419,2,23,0,0,0
255,4.2575,0.3017,2,23,0,0,0
256,4.0632,0.2748,2,23,0,0,0
257,4.1053,0.1902,2,23,0,0,0
258,4.631,0.332,2,23,0,0,0
259,3.8265,0.2603,2,23,0,0,0
260,4.1672,0.3511,2,23,0,0,0
261,4.1613,0.2623,2,23,0,0,0
262,4.1362,0.2266,2,23,0,0,0
263,4.0936,0.283,2,23,0,0,0
264,4.3306,0.2918,2,23,0,0,0
265,4.1127,0.3219,2,23,0,0,0
266,4.1846,0.2688,2,23,0,0,0
267,4.4738,0.4203,2,23,0,0,0
268,3.834,0.2348,2,23,0,0,0
269,4.1207,0.3161,2,23,0,0,0
270,4.1814,0.3767,2,23,0,0,0
271,4.4896,0.3625,2,23,0,0,0
272,3.8272,0.4049,2,23,0,0,0
273,4.1657,0.4152,2,23,0,0,0
274,4.14,0.356,2,23,0,0,0
275,4.2318,0.2844,2,23,0,0,0
276,4.1917,0.6567,2,23,0,0,0
277,4.3205,0.4126,2,23,0,0,0
278,4.1908,0.3615,2,23,0,0,0
279,3.9967,0.2615,2,23,0,0,0
280,4.1054,0.2299,2,23,0,0,0
281,4.1537,0.2539,2,23,0,0,0
282,4.2178,0.3798,2,23,0,0,0
283,4.2224,0.425,2,23,0,0,0
284,4.1185,0.2633,2,23,0,0,0
285,4.1404,0.2282,2,23,0,0,0
286,4.1961,0.2504,2,23,0,0,0
287,4.3971,0.3826,2,23,0,0,0
288,3.8777,0.2474,2,23,0,0,0
289,4.209,0.4052,2,23,0,0,0
290,4.3108,0.3474,2,23,0,0,0
291,4.0301,0.5289,2,23,0,0,0
292,4.2164,0.2936,2,23,0,0,0
293,4.0719,0.2307,2,23,0,0,0
294,4.3662,0.3392,2,23,0,0,0
295,4.0001,0.2191,2,23,0,0,0
296,4.2312,0.3608,2,23,0,0,0
297,4.098,0.2211,2,23,0,0,0
298,4.1183,0.2771,2,23,0,0,0
299,4.1631,0.2193,2,23,0,0,0
300,4.4047,0.3342,2,23,0,0,0
301,4.0592,0.2488,2,23,0,0,0
302,4.45,0.4412,2,23,0,0,0
303,3.7921,0.2553,2,23,0,0,0
304,4.3037,0.3389,2,23,0,0,0
305,4.0091,0.2155,2,23,0,0,0
306,4.2272,0.403,2,23,0,0,0
307,4.1859,0.3519,2,23,0,0,0
308,4.4205,0.2962,2,23,0,0,0
309,3.8342,0.2518,2,23,0,0,0
310,4.1776,0.2253,2,23,0,0,0
311,4.5823,0.2878,2,23,0,0,0
312,3.753,0.2359,2,23,0,0,0
313,4.2373,0.3415,2,23,0,0,0
314,4.0783,0.3572,2,23,0,0,0
315,4.4112,0.4208,2,23,0,0,0
316,3.9357,0.3647,2,23,0,0,0
317,4.5439,0.5645,13,33,10,0,1
318,3.8658,0.3186,13,33,0,0,1
319,4.2793,0.3281,13,33,0,0,1
320,4.2789,0.3033,13,33,0,0,1
321,3.9093,0.4314,13,33,0,0,1
322,4.135,0.2819,13,33,0,0,1
323,4.3027,0.3309,13,33,0,0,1
324,4.0112,0.2853,13,33,0,0,1
325,4.1405,0.2649,13,33,0,0,1
326,4.135,0.3119,13,33,0,0,1
327,4.2467,0.4635,13,33,0,0,1
328,4.141,0.3213,13,33,0,0,1
329,4.1413,0.3029,13,33,0,0,1
330,4.516,0.4669,13,33,0,0,1
331,3.8318,0.3845,13,33,0,0,1
332,4.272,0.5126,13,33,0,0,1
333,4.0787,0.4569,13,33,0,0,1
334,4.1186,0.2573,13,33,0,0,1
335,4.4163,0.3622,13,33,0,0,1
336,4.2999,0.3628,13,33,0,0,1
337,3.9561,0.3077,13,33,0,0,1
338,4.0445,0.3047,13,33,0,0,1
339,4.1403,0.3749,13,33,0,0,1
340,4.3413,0.4565,13,33,0,0,1
341,3.9915,0.2794,13,33,0,0,1
342,4.2199,0.2697,13,33,0,0,1
343,4.0963,0.3161,13,33,0,0,1
344,4.2529,0.3117,13,33,0,0,1
345,4.0654,0.339,13,33,0,0,1
346,4.2587,0.4554,13,33,0,0,1
347,4.1984,0.24,13,33,0,0,1
348,4.102,0.2433,13,33,0,0,1
349,4.1926,0.3058,13,33,0,0,1
350,4.3895,0.4256,15,45,12,0,1
351,3.9225,0.4753,15,35,0,10,1
352,4.2151,0.4312,15,35,0,0,1
353,4.0562,0.198,15,35,0,0,1
354,4.1647,0.2875,15,35,0,0,1
355,4.5043,0.2801,15,35,0,0,1
356,3.9768,0.3051,15,35,0,0,1
357,4.0743,0.3252,15,35,0,0,1
358,4.2124,0.2739,15,35,0,0,1
359,4.4119,0.4651,15,35,0,0,1
360,3.922,0.2925,15,35,0,0,1
361,4.1742,0.3707,15,35,0,0,1
362,4.1084,0.3075,15,35,0,0,1
363,4.4376,0.3968,15,35,0,0,1
364,3.8451,0.2575,15,35,0,0,1
365,4.2045,0.2698,15,35,0,0,1
366,4.1994,0.2963,15,35,0,0,1
367,4.1254,0.3265,15,35,0,0,1
368,4.6024,0.4555,15,35,0,0,1
369,3.8515,0.2915,15,35,0,0,1
370,4.3918,0.323,15,35,0,0,1
371,4.292,0.3313,15,35,0,0,1
372,3.7032,0.3161,15,35,0,0,1
373,4.2296,0.2963,15,35,0,0,1
374,4.1788,0.3087,15,35,0,0,1
375,4.1141,0.3063,15,35,0,0,1
376,4.1736,0.2579,15,35,0,0,1
377,4.1262,0.2058,15,35,0,0,1
378,4.2532,0.4617,15,35,0,0,1
379,4.0782,0.3167,15,35,0,0,1
380,4.546,0.3195,15,35,0,0,1
381,3.8025,0.2392,15,35,0,0,1
382,4.1713,0.2717,15,35,0,0,1
383,4.2858,0.3745,15,35,0,0,1
384,4.1003,0.2704,15,35,0,0,1
385,4.7571,0.3831,10,42,7,0,1
386,3.7223,0.3048,10,30,0,12,1
387,4.0415,0.324,10,30,0,0,1
388,4.0663,0.2363,10,30,0,0,1
389,4.1962,0.3262,10,30,0,0,1
390,4.2349,0.4224,10,30,0,0,1
391,4.5398,0.4411,10,30,0,0,1
392,3.8356,0.4362,10,30,0,0,1
393,4.0649,0.3762,10,30,0,0,1
394,4.183,0.2728,10,30,0,0,1
395,4.1937,0.3334,10,30,0,0,1
396,4.1154,0.2456,10,30,0,0,1
397,4.3268,0.569,10,30,0,0,1
398,4.0737,0.2263,10,30,0,0,1
399,4.4155,0.3884,10,30,0,0,1
400,3.9682,0.3007,10,30,0,0,1
401,4.0196,0.2662,10,30,0,0,1
402,4.2451,0.3229,10,30,0,0,1
403,4.4128,0.3147,10,30,0,0,1
404,4.0482,0.4671,10,30,0,0,1
405,3.997,0.2344,10,30,0,0,1
406,4.1379,0.2065,10,30,0,0,1
407,4.1746,0.2447,10,30,0,0,1
408,4.1758,0.369,10,30,0,0,1
409,4.3243,0.4207,10,30,0,0,1
410,4.1236,0.3042,10,30,0,0,1
411,4.13,0.2947,10,30,0,0,1
412,4.0898,0.3949,10,30,0,0,1
413,4.1561,0.2132,10,30,0,0,1
414,4.2018,0.2516,10,30,0,0,1
415,4.2021,0.2787,10,30,0,0,1
416,4.5046,0.4683,15,42,12,0,1
417,3.8515,0.4724,15,35,0,7,1
418,4.0836,0.3083,15,35,0,0,1
419,4.2173,0.2942,15,35,0,0,1
420,4.2007,0.3279,15,35,0,0,1
421,4.0988,0.4289,15,35,0,0,1
422,4.5378,0.4559,15,35,0,0,1
423,3.8954,0.5376,15,35,0,0,1
424,4.1568,0.2344,15,35,0,0,1
425,4.0823,0.2613,15,35,0,0,1
426,4.1447,0.3021,15,35,0,0,1
427,4.1766,0.3334,15,35,0,0,1
428,4.3248,0.3685,15,35,0,0,1
429,4.0443,0.3485,15,35,0,0,1
430,4.1176,0.2137,15,35,0,0,1
431,4.1661,0.2948,15,35,0,0,1
432,4.1864,0.2774,15,35,0,0,1
433,4.2243,0.3951,15,35,0,0,1
434,4.2218,0.57,15,35,0,0,1
435,4.4215,0.3872,15,35,0,0,1
436,3.8981,0.3101,15,35,0,0,1
437,4.0713,0.2366,15,35,0,0,1
438,4.117,0.282,15,35,0,0,1
439,4.2814,0.2974,15,35,0,0,1
440,4.3262,0.4867,15,35,0,0,1
441,4.0202,0.2486,15,35,0,0,1
442,4.5002,0.2505,15,35,0,0,1
443,3.8053,0.3069,15,35,0,0,1
444,4.1212,0.3623,15,35,0,0,1
445,4.211,0.3423,15,35,0,0,1
446,4.1857,0.2847,15,35,0,0,1
447,4.2868,0.4544,15,35,0,0,1
448,4.0552,0.3394,15,35,0,0,1
449,4.4008,0.4199,24,56,21,0,1
450,4.1432,0.315,24,44,0,12,1
451,3.9333,0.4457,24,44,0,0,1
452,4.1386,0.3456,24,44,0,0,1
453,4.1999,0.4096,24,44,0,0,1
454,4.1078,0.2585,24,44,0,0,1
455,4.16,0.4107,24,44,0,0,1
456,4.157,0.2978,24,44,0,0,1
457,4.2629,0.3112,24,44,0,0,1
458,4.1202,0.2766,24,44,0,0,1
459,4.2381,0.5171,24,44,0,0,1
460,4.2579,0.3068,24,44,0,0,1
461,3.9936,0.262,24,44,0,0,1
462,4.1717,0.2443,24,44,0,0,1
463,4.1476,0.4267,24,44,0,0,1
464,4.4877,0.4879,24,44,0,0,1
465,4.0349,0.3889,24,44,0,0,1
466,3.9806,0.4174,24,44,0,0,1
467,4.1767,0.3448,24,44,0,0,1
468,4.1692,0.2973,24,44,0,0,1
469,4.2191,0.3251,24,44,0,0,1
470,4.5649,0.3625,24,44,0,0,1
471,3.9158,0.3292,24,44,0,0,1
472,4.1136,0.389,24,44,0,0,1
473,4.0387,0.3084,24,44,0,0,1
474,4.4069,0.4025,24,44,0,0,1
475,3.9371,0.2711,24,44,0,0,1
476,4.1914,0.3125,24,44,0,0,1
477,4.1143,0.3528,24,44,0,0,1
478,4.1237,0.5865,24,44,0,0,1
479,4.348,0.5198,24,44,0,0,1
480,4.04,0.2993,24,44,0,0,1
481,4.1856,0.3146,24,44,0,0,1
482,4.1972,0.3087,24,44,0,0,1
483,4.0805,0.279,24,44,0,0,1
484,4.232,0.3405,24,44,0,0,1
485,4.0948,0.2642,24,44,0,0,1
486,4.4155,0.5791,29,70,26,0,1
487,4.0834,0.3311,29,49,0,21,1
488,4.0927,0.359,29,49,0,0,1
489,4.1039,0.2565,29,49,0,0,1
490,4.158,0.4871,29,49,0,0,1
491,4.1595,0.4073,29,49,0,0,1
492,4.1772,0.3612,29,49,0,0,1
493,4.213,0.3189,29,49,0,0,1
494,4.1871,0.3213,29,49,0,0,1
495,4.2179,0.5284,29,49,0,0,1
496,4.0984,0.3477,29,49,0,0,1
497,4.1985,0.4411,29,49,0,0,1
498,4.151,0.3037,29,49,0,0,1
499,4.4002,0.4366,29,49,0,0,1
500,3.9026,0.2887,29,49,0,0,1
501,4.1232,0.2628,29,49,0,0,1
502,4.1625,0.3732,29,49,0,0,1
503,4.2368,0.393,29,49,0,0,1
504,4.1512,0.2773,29,49,0,0,1
505,4.188,0.3228,29,49,0,0,1
506,4.0854,0.3298,29,49,0,0,1
507,4.6495,0.3023,29,49,0,0,1
508,3.801,0.3773,29,49,0,0,1
509,4.055,0.2382,29,49,0,0,1
510,4.3233,0.4185,29,49,0,0,1
511,4.1167,0.3045,29,49,0,0,1
512,4.1427,0.3036,29,49,0,0,1
513,4.5542,0.3604,29,49,0,0,1
514,3.7556,0.3727,29,49,0,0,1
515,4.0867,0.2902,29,49,0,0,1
516,4.1864,0.4253,29,49,0,0,1
517,4.2545,0.3221,29,49,0,0,1
518,4.1628,0.3645,29,49,0,0,1
519,4.4648,0.517,29,49,0,0,1
520,3.8328,0.2637,29,49,0,0,1
521,4.1389,0.2645,29,49,0,0,1
522,4.2753,0.5632,29,49,0,0,1
523,4.1174,0.3224,29,49,0,0,1
524,4.1379,0.2807,29,49,0,0,1
525,4.1326,0.3041,29,49,0,0,1
526,4.1443,0.3401,29,49,0,0,1
527,4.1878,0.3833,29,49,0,0,1
528,4.2349,0.3443,29,49,0,0,1
529,4.2638,0.392,29,49,0,0,1
530,4.1119,0.2969,29,49,0,0,1
531,4.197,0.5069,29,49,0,0,1
532,4.0705,0.3386,29,49,0,0,1
533,4.0968,0.2499,29,49,0,0,1
534,4.2014,0.3779,29,49,0,0,1
535,4.2986,0.4038,29,49,0,0,1
536,4.1355,0.5731,29,49,0,0,1
537,4.071,0.2917,29,49,0,0,1
538,4.1563,0.2852,29,49,0,0,1
539,4.9148,0.2726,29,49,0,0,1
540,3.4651,0.2771,29,49,0,0,1
541,4.3665,0.3922,29,49,0,0,1
542,3.9733,0.3011,29,49,0,0,1
543,4.4925,0.4635,29,49,0,0,1
544,3.905,0.403,29,49,0,0,1
545,4.0531,0.258,29,49,0,0,1
546,4.1634,0.35,29,49,0,0,1
547,4.1886,0.264,29,49,0,0,1
548,4.1863,0.4577,29,49,0,0,1
549,4.1164,0.406,29,49,0,0,1
550,4.1828,0.2682,29,49,0,0,1
551,4.1936,0.3883,29,49,0,0,1
552,4.3678,0.3082,29,49,0,0,1
553,3.9857,0.3519,29,49,0,0,1
554,4.2874,0.3353,29,49,0,0,1
555,4.0484,0.337,29,49,0,0,1
556,4.101,0.3952,29,49,0,0,1
557,4.1809,0.2704,29,49,0,0,1
558,4.1468,0.2604,29,49,0,0,1
559,4.1905,0.2805,29,49,0,0,1
560,4.5812,0.4038,29,49,0,0,1
561,4.0591,0.5086,29,49,0,0,1
562,3.9637,0.403,29,49,0,0,1
563,4.0989,0.2948,29,49,0,0,1
564,4.1288,0.3016,29,49,0,0,1
565,4.2409,0.3477,29,49,0,0,1
566,4.1397,0.2688,29,49,0,0,1
567,4.1152,0.4564,29,49,0,0,1
568,4.2333,0.2787,29,49,0,0,1
569,4.1497,0.4663,29,49,0,0,1
570,4.5184,0.2737,29,49,0,0,1
571,3.8356,0.308,29,49,0,0,1
572,4.0868,0.3131,29,49,0,0,1
573,4.2352,0.3832,29,49,0,0,1
574,4.1172,0.3701,29,49,0,0,1
575,4.1788,0.2644,29,49,0,0,1
576,4.1554,0.3225,29,49,0,0,1
577,4.5679,0.4947,33,79,30,0,1
578,3.8821,0.5197,33,53,0,26,1
579,4.073,0.3913,33,53,0,0,1
580,4.1778,0.3287,33,53,0,0,1
581,4.1059,0.2907,33,53,0,0,1
582,4.5308,0.4953,33,53,0,0,1
583,3.8506,0.2582,33,53,0,0,1
584,4.3149,0.2814,33,53,0,0,1
585,4.0465,0.2738,33,53,0,0,1
586,4.1337,0.2743,33,53,0,0,1
587,4.1938,0.3241,33,53,0,0,1
588,4.1251,0.3009,33,53,0,0,1
589,4.2297,0.3187,33,53,0,0,1
590,4.074,0.2627,33,53,0,0,1
591,4.2515,0.4588,33,53,0,0,1
592,4.1252,0.3693,33,53,0,0,1
593,4.1276,0.2568,33,53,0,0,1
594,4.277,0.4585,33,53,0,0,1
595,4.7421,0.3605,33,53,0,0,1
596,3.7357,0.2739,33,53,0,0,1
597,3.9659,0.4331,33,53,0,0,1
598,4.177,0.2629,33,53,0,0,1
599,4.1056,0.2354,33,53,0,0,1
600,4.2261,0.2914,33,53,0,0,1
601,4.2034,0.3217,33,53,0,0,1
602,4.1942,0.3129,33,53,0,0,1
603,4.2483,0.4106,33,53,0,0,1
604,4.0188,0.4605,33,53,0,0,1
605,4.1809,0.2732,33,53,0,0,1
606,4.1926,0.267,33,53,0,0,1
607,4.1218,0.3098,33,53,0,0,1
608,4.1952,0.2715,33,53,0,0,1
609,4.4313,0.3416,33,53,0,0,1
610,3.8965,0.4692,33,53,0,0,1
611,4.154,0.2646,33,53,0,0,1
612,4.1809,0.3423,33,53,0,0,1
613,4.117,0.2402,33,53,0,0,1
614,4.1723,0.3138,33,53,0,0,1
615,4.482,0.4249,37,87,34,0,1
616,4.1873,0.3409,37,57,0,30,1
617,3.8483,0.3356,37,57,0,0,1
618,4.2926,0.4881,37,57,0,0,1
619,4.0919,0.3461,37,57,0,0,1
620,4.1603,0.4137,37,57,0,0,1
621,4.1668,0.3223,37,57,0,0,1
622,4.1193,0.3488,37,57,0,0,1
623,4.2444,0.357,37,57,0,0,1
624,4.1608,0.318,37,57,0,0,1
625,4.1476,0.3097,37,57,0,0,1
626,4.1415,0.3254,37,57,0,0,1
627,4.1061,0.2398,37,57,0,0,1
628,4.1965,0.4728,37,57,0,0,1
629,4.1469,0.2646,37,57,0,0,1
630,4.2087,0.276,37,57,0,0,1
631,4.4447,0.3662,37,57,0,0,1
632,3.9498,0.3034,37,57,0,0,1
633,4.335,0.3308,37,57,0,0,1
634,4.1404,0.369,37,57,0,0,1
635,3.9962,0.273,37,57,0,0,1
636,4.2355,0.2779,37,57,0,0,1
637,4.0698,0.3044,37,57,0,0,1
638,4.1137,0.26,37,57,0,0,1
639,4.5463,0.2752,37,57,0,0,1
640,3.8806,0.2977,37,57,0,0,1
641,4.1032,0.2773,37,57,0,0,1
642,4.3174,0.4901,37,57,0,0,1
643,4.0446,0.2768,37,57,0,0,1
644,4.1848,0.2882,37,57,0,0,1
645,4.1245,0.3093,37,57,0,0,1
646,4.1734,0.3281,37,57,0,0,1
647,4.2294,0.4436,37,57,0,0,1
648,4.1633,0.3569,37,57,0,0,1
649,4.1536,0.3171,37,57,0,0,1
650,4.1801,0.3243,37,57,0,0,1
651,4.5281,0.2725,37,57,0,0,1
652,4.0577,0.4504,37,57,0,0,1
653,3.8304,0.2497,37,57,0,0,1
654,4.2621,0.3411,37,57,0,0,1
655,4.1448,0.3184,37,57,0,0,1
656,4.1777,0.3181,37,57,0,0,1
657,4.1565,0.3163,37,57,0,0,1
658,4.1226,0.2439,37,57,0,0,1
659,4.204,0.369,37,57,0,0,1
660,4.2027,0.2749,37,57,0,0,1
661,4.201,0.3373,37,57,0,0,1
662,4.386,0.4426,37,57,0,0,1
663,3.8328,0.4273,37,57,0,0,1
664,4.2436,0.3182,37,57,0,0,1
665,4.0606,0.2507,37,57,0,0,1
666,4.2663,0.515,37,57,0,0,1
667,4.4052,0.388,37,57,0,0,1
668,3.9296,0.3116,37,57,0,0,1
669,4.1562,0.3081,37,57,0,0,1
670,4.0894,0.2671,37,57,0,0,1
671,4.2027,0.246,37,57,0,0,1
672,4.343,0.3701,37,57,0,0,1
673,4.1126,0.2628,37,57,0,0,1
674,4.0985,0.3179,37,57,0,0,1
675,4.1938,0.4996,37,57,0,0,1
676,4.09,0.2742,37,57,0,0,1
677,4.1473,0.2803,37,57,0,0,1
678,4.2218,0.2817,37,57,0,0,1
679,4.1597,0.2826,37,57,0,0,1
680,4.4961,0.4511,37,57,0,0,1
681,3.8053,0.2727,37,57,0,0,1
682,4.1669,0.2804,37,57,0,0,1
683,4.2052,0.3096,37,57,0,0,1
684,4.1162,0.2647,37,57,0,0,1
685,4.2051,0.3937,37,57,0,0,1
686,4.2441,0.2733,37,57,0,0,1
687,4.0883,0.3167,37,57,0,0,1
688,4.1372,0.2698,37,57,0,0,1
689,4.1277,0.2353,37,57,0,0,1
690,4.4721,0.3923,37,57,0,0,1
691,4.0595,0.2866,37,57,0,0,1
692,4.0641,0.3778,37,57,0,0,1
693,4.1367,0.3025,37,57,0,0,1
694,4.2007,0.3656,37,57,0,0,1
695,4.1085,0.2742,37,57,0,0,1
696,4.1633,0.2627,37,57,0,0,1
697,4.2256,0.3815,37,57,0,0,1
698,4.0968,0.4159,71,91,34,0,1
699,4.2164,0.3364,71,91,0,0,1
700,4.2416,0.3917,71,91,0,0,1
701,4.0115,0.2273,71,91,0,0,1
702,4.2227,0.4015,71,91,0,0,1
703,4.2418,0.541,71,91,0,0,1
704,4.1381,0.5165,71,91,0,0,1
705,4.3566,0.4095,71,91,0,0,1
706,3.9236,0.3497,71,91,0,0,1
707,4.1356,0.2931,71,91,0,0,1
708,4.1909,0.3779,71,91,0,0,1
709,4.1826,0.3205,71,91,0,0,1
710,4.1141,0.2724,71,91,0,0,1
711,4.3247,0.5863,71,91,0,0,1
712,4.2537,0.3954,71,91,0,0,1
713,3.966,0.2994,71,91,0,0,1
714,5.1854,0.3347,71,91,0,0,1
715,3.2521,0.3201,71,91,0,0,1
716,4.2412,0.3677,71,91,0,0,1
717,4.0332,0.3831,71,91,0,0,1
718,4.1404,0.2534,71,91,0,0,1
719,4.5127,0.3778,71,91,0,0,1
720,3.7973,0.3861,71,91,0,0,1
721,4.2435,0.3347,71,91,0,0,1
722,4.0964,0.3944,71,91,0,0,1
723,4.2394,0.5202,71,91,0,0,1
724,4.2106,0.3827,71,91,0,0,1
725,4.0372,0.279,71,91,0,0,1
726,4.4737,0.4302,71,91,0,0,1
727,3.8928,0.3456,71,91,0,0,1
728,4.1997,0.3616,71,91,0,0,1
729,4.089,0.2831,71,91,0,0,1
730,4.2486,0.5173,71,91,0,0,1
731,4.1542,0.2913,71,91,0,0,1
732,4.1808,0.5282,71,91,0,0,1
733,4.375,0.364,71,91,0,0,1
734,4.1809,0.4249,71,91,0,0,1
735,4.0976,0.2928,71,91,0,0,1
736,4.0203,0.3835,71,91,0,0,1
737,4.0946,0.2852,71,91,0,0,1
738,4.1864,0.2934,71,91,0,0,1
739,4.1858,0.2787,71,91,0,0,1
740,4.2207,0.3152,71,91,0,0,1
741,4.0525,0.4331,71,91,0,0,1
742,4.1658,0.2824,71,91,0,0,1
743,4.2188,0.2804,71,91,0,0,1
744,4.1728,0.3099,71,91,0,0,1
745,4.1869,0.3425,71,91,0,0,1
746,4.095,0.5541,71,91,0,0,1
747,4.5122,0.5644,71,91,0,0,1
748,3.8325,0.2831,71,91,0,0,1
749,4.1747,0.2855,71,91,0,0,1
750,4.285,0.4577,71,91,0,0,1
751,4.0574,0.2909,71,91,0,0,1
752,4.295,0.4975,71,91,0,0,1
753,4.0441,0.4264,71,91,0,0,1
754,4.1503,0.4795,71,91,0,0,1
755,4.1787,0.3855,71,91,0,0,1
756,4.1689,0.3143,71,91,0,0,1
757,4.231,0.3326,71,91,0,0,1
758,4.0602,0.3074,71,91,0,0,1
759,4.1814,0.2903,71,91,0,0,1
760,4.2346,0.4299,71,91,0,0,1
761,4.1149,0.2859,71,91,0,0,1
762,4.1879,0.2893,71,91,0,0,1
763,4.2217,0.3522,71,91,0,0,1
764,4.1535,0.306,71,91,0,0,1
765,4.0491,0.3987,71,91,0,0,1
766,4.2319,0.3378,71,91,0,0,1
767,4.2124,0.5456,71,91,0,0,1
768,4.1169,0.2961,71,91,0,0,1
769,4.2142,0.3375,71,91,0,0,1
770,4.1739,0.3302,71,91,0,0,1
771,4.1095,0.3074,71,91,0,0,1
772,4.4532,0.2984,71,91,0,0,1
773,3.8568,0.241,71,91,0,0,1
774,4.2947,0.4075,71,91,0,0,1
775,4.0625,0.3387,71,91,0,0,1
776,4.2467,0.3344,71,91,0,0,1
777,4.1111,0.2408,71,91,0,0,1
778,4.1773,0.2999,71,91,0,0,1
779,4.1445,0.2973,71,91,0,0,1
780,4.3595,0.3012,71,91,0,0,1
781,4.229,0.3942,71,91,0,0,1
782,3.9935,0.5225,105,125,34,0,1
783,4.1988,0.4526,105,125,0,0,1
784,4.103,0.3292,105,125,0,0,1
785,4.1077,0.3158,105,125,0,0,1
786,4.2054,0.5512,105,125,0,0,1
787,4.1504,0.5288,105,125,0,0,1
788,4.1663,0.3059,105,125,0,0,1
789,4.2205,0.3453,105,125,0,0,1
790,4.1067,0.3384,105,125,0,0,1
791,4.1661,0.3275,105,125,0,0,1
792,4.2324,0.3381,105,125,0,0,1
793,4.1928,0.4197,105,125,0,0,1
794,4.0604,0.3599,105,125,0,0,1
795,4.2496,0.3657,105,125,0,0,1
796,4.1527,0.35,105,125,0,0,1
797,4.0969,0.2986,105,125,0,0,1
798,4.2302,0.367,105,125,0,0,1
799,4.225,0.4382,105,125,0,0,1
800,4.1561,0.3946,105,125,0,0,1
801,4.4011,0.441,105,125,0,0,1
802,3.8691,0.4329,105,125,0,0,1
803,4.2537,0.2873,105,125,0,0,1
804,4.0958,0.5436,105,125,0,0,1
805,4.1753,0.4077,105,125,0,0,1
806,4.154,0.2739,105,125,0,0,1
807,4.188,0.3558,105,125,0,0,1
808,4.1075,0.3043,105,125,0,0,1
809,4.155,0.323,105,125,0,0,1
810,4.4507,0.3267,105,125,0,0,1
811,3.9097,0.4657,103,125,0,0,1
812,4.2647,0.548,103,123,0,2,1
813,4.0994,0.353,103,123,0,0,1
814,4.1152,0.3248,103,123,0,0,1
815,4.1465,0.3081,103,123,0,0,1
816,4.1895,0.3187,103,123,0,0,1
817,4.2703,0.4437,103,123,0,0,1
818,4.066,0.5052,103,123,0,0,1
819,4.1797,0.5133,103,123,0,0,1
820,4.186,0.3507,103,123,0,0,1
821,4.1187,0.3105,103,123,0,0,1
822,4.4769,0.5687,103,123,0,0,1
823,3.923,0.3207,103,123,0,0,1
824,4.3369,0.4497,103,123,0,0,1
825,3.9823,0.3211,103,123,0,0,1
826,4.1729,0.5276,103,123,0,0,1
827,4.0918,0.3013,103,123,0,0,1
828,4.1788,0.3129,103,123,0,0,1
829,4.1534,0.3109,103,123,0,0,1
830,4.2583,0.5292,103,123,0,0,1
831,4.2481,0.5579,103,123,0,0,1
832,4.3503,0.4529,103,123,0,0,1
833,4.1149,0.647,103,123,0,0,1
834,3.9933,0.3764,103,123,0,0,1
835,4.0985,0.4995,103,123,0,0,1
836,4.2071,0.511,103,123,0,0,1
837,4.1338,0.3111,103,123,0,0,1
838,4.1036,0.2515,101,123,0,0,1
839,4.1883,0.3664,101,121,0,2,1
840,4.2201,0.4463,101,121,0,0,1
841,4.1101,0.3319,101,121,0,0,1
842,4.1576,0.442,101,121,0,0,1
843,4.2942,0.4576,101,121,0,0,1
844,4.1956,0.3493,101,121,0,0,1
845,4.0273,0.3012,101,121,0,0,1
846,4.227,0.4241,101,121,0,0,1
847,4.1895,0.346,101,121,0,0,1
848,4.1836,0.3067,101,121,0,0,1
849,4.1354,0.5273,101,121,0,0,1
850,4.1037,0.3261,101,121,0,0,1
851,4.1341,0.2497,101,121,0,0,1
852,4.2402,0.3648,101,121,0,0,1
853,4.1967,0.3357,101,121,0,0,1
854,4.1536,0.2696,101,121,0,0,1
855,4.1711,0.5142,101,121,0,0,1
856,4.2043,0.3748,101,121,0,0,1
857,4.0916,0.3015,101,121,0,0,1
858,4.4812,0.5357,101,121,0,0,1
859,3.8276,0.3879,101,121,0,0,1
860,4.1985,0.4942,101,121,0,0,1
861,4.1908,0.4919,101,121,0,0,1
862,4.8058,0.4636,101,121,0,0,1
863,3.6162,0.3128,101,121,0,0,1
864,4.0395,0.3931,101,121,0,0,1
865,4.2685,0.4044,101,121,0,0,1
866,4.07,0.4861,135,155,34,0,1
867,4.1216,0.2803,135,155,0,0,1
868,4.2669,0.3959,135,155,0,0,1
869,4.0834,0.26,135,155,0,0,1
870,4.2244,0.5689,135,155,0,0,1
871,4.1563,0.5801,135,155,0,0,1
872,4.1633,0.3176,135,155,0,0,1
873,4.0855,0.3416,135,155,0,0,1
874,4.2054,0.8178,135,155,0,0,1
875,4.3199,0.3332,135,155,0,0,1
876,4.0222,0.3303,135,155,0,0,1
877,4.2478,0.347,135,155,0,0,1
878,4.0796,0.4953,135,155,0,0,1
879,4.2944,0.5988,135,155,0,0,1
880,4.0012,0.4253,135,155,0,0,1
881,4.179,0.3182,135,155,0,0,1
882,4.2186,0.378,135,155,0,0,1
883,4.2032,0.4017,135,155,0,0,1
884,4.2458,0.5445,135,155,0,0,1
885,4.1298,0.5282,135,155,0,0,1
886,4.0725,0.3522,135,155,0,0,1
887,4.1582,0.4637,135,155,0,0,1
888,4.2047,0.3589,135,155,0,0,1
889,4.1528,0.3394,135,155,0,0,1
890,4.1294,0.4322,135,155,0,0,1
891,4.3149,0.6094,135,155,0,0,1
892,4.0097,0.2812,134,155,0,0,1
893,4.1939,0.3331,134,154,0,1,1
894,4.244,0.4175,134,154,0,0,1
895,4.0882,0.3465,134,154,0,0,1
896,4.2738,0.6019,134,154,0,0,1
897,4.0304,0.3084,134,154,0,0,1
898,4.21,0.5584,134,154,0,0,1
899,4.1078,0.37,134,154,0,0,1
900,4.1974,0.2877,134,154,0,0,1
901,4.2344,0.394,134,154,0,0,1
902,4.0942,0.5246,133,154,0,0,1
903,4.4947,0.4633,133,153,0,1,1
904,4.1383,0.3626,133,153,0,0,1
905,3.896,0.2718,133,153,0,0,1
906,4.2616,0.5753,132,153,0,0,1
907,4.1861,0.6801,132,152,0,1,1
908,4.1033,0.3545,132,152,0,0,1
909,4.0728,0.3571,132,152,0,0,1
910,4.1669,0.2671,132,152,0,0,1
911,4.1907,0.3423,132,152,0,0,1
912,4.2966,0.4253,132,152,0,0,1
913,4.1539,0.4911,132,152,0,0,1
914,4.0746,0.3793,132,152,0,0,1
915,4.1567,0.3773,132,152,0,0,1
916,4.2039,0.379,130,152,0,0,1
917,4.0968,0.3314,130,150,0,2,1
918,4.2287,0.5351,130,150,0,0,1
919,4.2745,0.485,130,150,0,0,1
920,4.0934,0.4006,130,150,0,0,1
921,4.159,0.3371,130,150,0,0,1
922,4.1361,0.4619,130,150,0,0,1
923,4.1227,0.3561,130,150,0,0,1
924,4.2689,0.4283,130,150,0,0,1
925,4.1595,0.4085,130,150,0,0,1
926,4.1182,0.3267,130,150,0,0,1
927,4.2019,0.5303,130,150,0,0,1
928,4.1061,0.4245,130,150,0,0,1
929,4.1383,0.2724,130,150,0,0,1
930,4.1948,0.5601,130,150,0,0,1
931,4.1975,0.501,130,150,0,0,1
932,4.4942,0.4341,130,150,0,0,1
933,3.927,0.3956,130,150,0,0,1
934,4.0544,0.2865,130,150,0,0,1
935,4.1545,0.3783,130,150,0,0,1
936,4.1887,0.3678,130,150,0,0,1
937,4.2401,0.5156,130,150,0,0,1
938,4.1626,0.4214,130,150,0,0,1
939,4.1421,0.2831,130,150,0,0,1
940,4.1674,0.3742,130,150,0,0,1
941,4.0874,0.3269,130,150,0,0,1
942,4.2557,0.4308,130,150,0,0,1
943,4.0626,0.3714,130,150,0,0,1
944,4.3176,0.5191,130,150,0,0,1
945,4.1133,0.3589,130,150,0,0,1
946,4.0948,0.3529,129,150,0,0,1
947,4.1945,0.4243,129,149,0,1,1
948,4.151,0.3283,129,149,0,0,1
949,4.3486,0.3236,129,149,0,0,1
950,4.0762,0.6886,163,183,34,0,1
951,4.3358,0.5428,163,183,0,0,1
952,3.9406,0.5953,163,183,0,0,1
953,4.1404,0.35,163,183,0,0,1
954,4.1486,0.5613,163,183,0,0,1
955,4.149,0.5671,163,183,0,0,1
956,4.2704,0.5376,162,183,0,0,1
957,4.153,0.4087,162,182,0,1,1
958,4.1127,0.4055,162,182,0,0,1
959,4.1778,0.4041,162,182,0,0,1
960,4.1617,0.3715,162,182,0,0,1
961,4.2524,0.5267,162,182,0,0,1
962,4.085,0.4933,162,182,0,0,1
963,4.212,0.2922,162,182,0,0,1
964,4.161,0.4081,162,182,0,0,1
965,4.1677,0.4936,162,182,0,0,1
966,4.1815,0.4988,162,182,0,0,1
967,4.0746,0.2954,162,182,0,0,1
968,4.243,0.5938,162,182,0,0,1
969,4.1009,0.467,162,182,0,0,1
970,4.2358,0.5871,162,182,0,0,1
971,4.0783,0.3649,162,182,0,0,1
972,4.2152,0.321,162,182,0,0,1
973,4.4556,0.4459,162,182,0,0,1
974,3.8721,0.5213,162,182,0,0,1
975,4.2553,0.5419,162,182,0,0,1
976,4.127,0.3231,162,182,0,0,1
977,4.0771,0.3458,161,182,0,0,1
978,4.2059,0.2993,161,181,0,1,1
979,4.1704,0.4473,161,181,0,0,1
980,4.2233,0.499,161,181,0,0,1
981,4.1274,0.489,160,181,0,0,1
982,4.3666,0.5888,160,180,0,1,1
983,3.9933,0.3704,160,180,0,0,1
984,4.1725,0.453,160,180,0,0,1
985,4.4799,0.445,160,180,0,0,1
986,3.8699,0.3951,160,180,0,0,1
987,4.1153,0.2614,160,180,0,0,1
988,4.1964,0.5227,160,180,0,0,1
989,4.0984,0.3468,160,180,0,0,1
990,4.1849,0.6109,160,180,0,0,1
991,4.1933,0.3895,160,180,0,0,1
992,4.1833,0.5322,160,180,0,0,1
993,4.1436,0.5681,160,180,0,0,1
994,4.2703,0.5028,160,180,0,0,1
995,3.9825,0.3474,160,180,0,0,1
996,4.2551,0.3144,160,180,0,0,1
997,4.1938,0.5408,160,180,0,0,1
998,4.1312,0.4918,160,180,0,0,1
999,4.3864,0.5599,159,180,0,0,1
1000,3.8559,0.5019,159,179,0,1,1
1001,4.243,0.3953,159,179,0,0,1
1002,4.1985,0.4798,159,179,0,0,1
1003,4.183,0.3896,159,179,0,0,1
1004,4.2005,0.4046,159,179,0,0,1
1005,4.1409,0.2954,159,179,0,0,1
1006,4.1698,0.6387,159,179,0,0,1
1007,4.2158,0.4801,159,179,0,0,1
1008,4.1098,0.3619,159,179,0,0,1
1009,4.5126,0.5751,159,179,0,0,1
1010,3.7479,0.5748,159,179,0,0,1
1011,4.2598,0.4673,159,179,0,0,1
1012,4.3159,0.5795,159,179,0,0,1
1013,3.9193,0.3264,158,179,0,0,1
1014,4.2108,0.4452,158,178,0,1,1
1015,4.209,0.4165,158,178,0,0,1
1016,4.1793,0.3877,158,178,0,0,1
1017,4.1101,0.349,157,178,0,0,1
1018,4.1601,0.5179,157,177,0,1,1
1019,4.2469,1.1264,157,177,0,0,1
1020,4.122,0.373,156,177,0,0,1
1021,4.0937,0.488,156,176,0,1,1
1022,4.2616,0.4817,156,176,0,0,1
1023,4.2482,0.3084,156,176,0,0,1
1024,3.9908,0.3525,156,176,0,0,1
1025,4.1709,0.3209,156,176,0,0,1
1026,4.2201,0.5209,156,176,0,0,1
1027,4.1928,0.3568,156,176,0,0,1
1028,4.1741,0.3701,156,176,0,0,1
1029,4.1656,0.3831,156,176,0,0,1
1030,4.1178,0.3695,156,176,0,0,1
1031,4.2079,0.5589,156,176,0,0,1
1032,4.1856,0.3427,156,176,0,0,1
1033,4.2252,0.3905,156,176,0,0,1
1034,4.0891,0.7337,190,210,34,0,1
1035,4.177,0.5026,190,210,0,0,1
1036,4.1575,0.4572,190,210,0,0,1
1037,4.0899,0.3635,190,210,0,0,1
1038,4.1774,0.3829,190,210,0,0,1
1039,4.4664,0.5832,190,210,0,0,1
1040,3.9981,0.5007,190,210,0,0,1
1041,4.1111,0.415,190,210,0,0,1
1042,4.1294,0.4152,190,210,0,0,1
1043,4.1176,0.3745,190,210,0,0,1
1044,4.2479,0.3341,190,210,0,0,1
1045,4.1933,0.614,190,210,0,0,1
1046,4.1466,0.4806,190,210,0,0,1
1047,4.1963,0.4465,190,210,0,0,1
1048,4.0414,0.3348,190,210,0,0,1
1049,4.1828,0.3349,190,210,0,0,1
1050,4.322,0.6483,190,210,0,0,1
1051,4.0906,0.4833,190,210,0,0,1
1052,4.1664,0.4162,190,210,0,0,1
1053,4.1196,0.3902,190,210,0,0,1
1054,4.1415,0.4854,190,210,0,0,1
1055,4.1792,0.2926,190,210,0,0,1
1056,4.2223,0.3925,190,210,0,0,1
1057,4.4836,0.5014,189,210,0,0,1
1058,3.9325,0.5026,189,209,0,1,1
1059,4.1586,0.4747,189,209,0,0,1
1060,4.0883,0.6527,188,209,0,0,1
1061,4.1259,0.2883,188,208,0,1,1
1062,4.2259,0.5095,188,208,0,0,1
1063,4.4368,0.4012,188,208,0,0,1
1064,3.9935,0.3814,188,208,0,0,1
1065,4.0591,0.5285,188,208,0,0,1
1066,4.1053,0.4342,187,208,0,0,1
1067,4.1788,0.3315,186,207,0,1,1
1068,4.1696,0.4069,185,206,0,1,1
1069,4.3184,0.5624,184,205,0,1,1
1070,4.1725,0.7391,184,204,0,1,1
1071,4.0646,0.3743,184,204,0,0,1
1072,4.1853,0.4671,184,204,0,0,1
1073,4.0578,0.2875,184,204,0,0,1
1074,4.4565,0.5006,184,204,0,0,1
1075,3.9554,0.3591,184,204,0,0,1
1076,4.3762,0.5106,184,204,0,0,1
1077,3.9674,0.6137,184,204,0,0,1
1078,4.1691,0.5907,183,204,0,0,1
1079,4.0931,0.3359,183,203,0,1,1
1080,4.2373,0.448,183,203,0,0,1
1081,4.1651,0.5019,182,203,0,0,1
1082,4.1108,0.6184,182,202,0,1,1
1083,4.2203,0.4045,182,202,0,0,1
1084,4.0815,0.4334,182,202,0,0,1
1085,4.2143,0.4468,182,202,0,0,1
1086,4.1881,0.452,182,202,0,0,1
1087,4.1947,0.3496,182,202,0,0,1
1088,4.2456,0.4945,182,202,0,0,1
1089,4.0881,0.3696,182,202,0,0,1
1090,4.1365,0.7115,182,202,0,0,1
1091,4.1206,0.3482,182,202,0,0,1
1092,4.2358,0.5092,182,202,0,0,1
1093,4.1644,0.4461,182,202,0,0,1
1094,4.1825,0.4048,182,202,0,0,1
1095,4.1248,0.6038,182,202,0,0,1
1096,4.1889,0.4563,182,202,0,0,1
1097,4.0916,0.2958,182,202,0,0,1
1098,4.1819,0.5099,182,202,0,0,1
1099,4.185,0.3672,182,202,0,0,1
1100,4.3195,0.5161,181,202,0,0,1
1101,4.1554,0.4998,181,201,0,1,1
1102,4.1067,0.4724,181,201,0,0,1
1103,4.2578,0.4503,180,201,0,0,1
1104,4.002,0.3881,179,200,0,1,1
1105,4.215,0.3769,179,199,0,1,1
1106,4.1434,0.4127,179,199,0,0,1
1107,4.22,0.5003,179,199,0,0,1
1108,4.0743,0.4129,179,199,0,0,1
1109,4.1692,0.3264,179,199,0,0,1
1110,4.231,0.4671,179,199,0,0,1
1111,4.1726,0.3813,179,199,0,0,1
1112,4.1507,0.5102,179,199,0,0,1
1113,4.1405,0.5966,179,199,0,0,1
1114,4.3743,0.6998,178,199,0,0,1
1115,3.9277,0.3592,178,198,0,1,1
1116,4.1825,0.3864,178,198,0,0,1
1117,4.2616,0.3421,178,198,0,0,1
1118,4.0838,0.5845,212,232,34,0,1
1119,4.1947,0.6473,212,232,0,0,1
1120,4.2779,0.5512,212,232,0,0,1
1121,4.0078,0.3837,212,232,0,0,1
1122,4.1986,0.3943,212,232,0,0,1
1123,4.2131,0.4448,212,232,0,0,1
1124,4.1443,0.4195,212,232,0,0,1
1125,4.1235,0.591,212,232,0,0,1
1126,4.2651,0.6557,212,232,0,0,1
1127,4.0512,0.3477,211,232,0,0,1
1128,4.2524,0.5625,211,231,0,1,1
1129,4.1546,0.3315,211,231,0,0,1
1130,4.1321,0.663,211,231,0,0,1
1131,4.3848,0.6049,211,231,0,0,1
1132,3.9541,0.3545,211,231,0,0,1
1133,4.14,0.359,211,231,0,0,1
1134,4.18,0.4048,211,231,0,0,1
1135,4.1763,0.3922,211,231,0,0,1
1136,4.1333,0.3493,211,231,0,0,1
1137,4.2789,0.5912,210,231,0,0,1
1138,4.0644,0.5944,210,230,0,1,1
1139,4.1559,0.3902,210,230,0,0,1
1140,4.184,0.3849,210,230,0,0,1
1141,4.2116,0.4595,210,230,0,0,1
1142,4.182,0.5905,210,230,0,0,1
1143,4.1671,0.4052,210,230,0,0,1
1144,4.0663,0.416,209,230,0,0,1
1145,4.2298,0.3208,209,229,0,1,1
1146,4.1835,0.6746,209,229,0,0,1
1147,4.1968,0.6116,209,229,0,0,1
1148,4.1402,0.4526,208,229,0,0,1
1149,4.1839,0.4123,208,228,0,1,1
1150,4.1074,0.5265,208,228,0,0,1
1151,4.2211,0.3771,207,228,0,0,1
1152,4.1521,0.3422,207,227,0,1,1
1153,4.2024,0.4497,207,227,0,0,1
1154,4.1104,0.3822,207,227,0,0,1
1155,4.1258,0.3896,207,227,0,0,1
1156,4.251,0.5285,207,227,0,0,1
1157,4.0698,0.2927,207,227,0,0,1
1158,4.3251,0.685,207,227,0,0,1
1159,4.0904,0.3738,207,227,0,0,1
1160,4.1661,0.4945,207,227,0,0,1
1161,4.1297,0.334,207,227,0,0,1
1162,4.1603,0.7479,206,227,0,0,1
1163,4.1956,0.6348,206,226,0,1,1
1164,4.1308,0.3816,206,226,0,0,1
1165,4.2191,0.4383,206,226,0,0,1
1166,4.113,0.4492,205,226,0,0,1
1167,4.2061,0.5152,205,225,0,1,1
1168,4.1762,0.4364,205,225,0,0,1
1169,4.0886,0.3476,205,225,0,0,1
1170,4.5453,0.6387,205,225,0,0,1
1171,3.8927,0.4348,205,225,0,0,1
1172,4.1677,0.4099,205,225,0,0,1
1173,4.1429,0.441,205,225,0,0,1
1174,4.1278,0.4792,205,225,0,0,1
1175,4.3229,0.4547,205,225,0,0,1
1176,4.2215,0.3983,205,225,0,0,1
1177,3.9986,0.3636,205,225,0,0,1
1178,4.222,0.4976,205,225,0,0,1
1179,4.1308,0.3945,205,225,0,0,1
1180,4.1088,0.3846,205,225,0,0,1
1181,4.1726,0.3549,205,225,0,0,1
1182,4.2097,0.4984,202,225,0,0,1
1183,4.2074,0.6216,202,222,0,3,1
1184,4.0833,0.3494,202,222,0,0,1
1185,4.1611,0.3688,202,222,0,0,1
1186,4.1834,0.3277,202,222,0,0,1
1187,4.0506,0.3587,202,222,0,0,1
1188,4.2646,0.3676,202,222,0,0,1
1189,4.354,0.5443,201,222,0,0,1
1190,4.0235,0.4643,201,221,0,1,1
1191,4.1684,0.4309,201,221,0,0,1
1192,4.0934,0.7142,201,221,0,0,1
1193,4.1804,0.2899,201,221,0,0,1
1194,4.2353,0.6629,201,221,0,0,1
1195,4.1573,0.3026,201,221,0,0,1
1196,4.1459,0.3769,201,221,0,0,1
1197,4.1493,0.322,201,221,0,0,1
1198,4.1517,0.4443,201,221,0,0,1
1199,4.1903,0.3455,201,221,0,0,1
1200,4.1486,0.4785,201,221,0,0,1
1201,4.2393,0.5777,201,221,0,0,1
1202,4.1304,0.7791,235,255,34,0,1
1203,4.4137,0.4996,235,255,0,0,1
1204,3.928,0.4876,235,255,0,0,1
1205,4.1659,0.5585,234,255,0,0,1
1206,4.1533,0.8078,234,254,0,1,1
1207,4.2127,0.3655,234,254,0,0,1
1208,4.2202,0.5846,234,254,0,0,1
1209,4.0153,0.4186,233,254,0,0,1
1210,4.1805,0.4252,233,253,0,1,1
1211,4.1566,0.3984,233,253,0,0,1
1212,4.1928,0.4399,233,253,0,0,1
1213,4.2315,0.6087,233,253,0,0,1
1214,4.161,0.7464,226,253,0,0,1
1215,4.1494,0.3734,225,246,0,7,1
1216,4.0685,0.3695,225,245,0,1,1
1217,4.2109,0.3835,225,245,0,0,1
1218,4.2418,0.4355,225,245,0,0,1
1219,4.1663,0.4072,225,245,0,0,1
1220,4.1303,0.4957,224,245,0,0,1
1221,4.1993,0.4489,224,244,0,1,1
1222,4.103,0.4904,224,244,0,0,1
1223,4.2094,0.348,224,244,0,0,1
1224,4.1315,0.4414,224,244,0,0,1
1225,4.1526,0.3995,224,244,0,0,1
1226,4.2244,0.4495,224,244,0,0,1
1227,4.2328,0.5317,224,244,0,0,1
1228,4.1621,0.5526,224,244,0,0,1
1229,4.0285,0.3611,223,244,0,0,1
1230,4.2405,0.5445,223,243,0,1,1
1231,4.1889,0.4305,223,243,0,0,1
1232,4.1137,0.4816,222,243,0,0,1
1233,4.1876,0.3087,222,242,0,1,1
1234,4.1919,0.6382,220,242,0,0,1
1235,4.0188,0.3931,220,240,0,2,1
1236,4.2452,0.4012,220,240,0,0,1
1237,4.2426,0.3818,220,240,0,0,1
1238,4.1555,0.4586,220,240,0,0,1
1239,4.1202,0.382,220,240,0,0,1
1240,4.1919,0.7272,220,240,0,0,1
1241,4.1275,0.3882,220,240,0,0,1
1242,4.2192,0.532,220,240,0,0,1
1243,4.198,0.363,220,240,0,0,1
1244,4.1376,0.6415,220,240,0,0,1
1245,4.1877,0.5181,220,240,0,0,1
1246,4.3933,0.6381,220,240,0,0,1
1247,4.15,0.4805,220,240,0,0,1
1248,3.9017,0.4179,220,240,0,0,1
1249,4.2115,0.4299,220,240,0,0,1
1250,4.1515,0.5252,220,240,0,0,1
1251,4.1953,0.648,220,240,0,0,1
1252,4.2548,0.5422,218,240,0,0,1
1253,4.0021,0.3853,217,238,0,2,1
1254,4.1913,0.4327,217,237,0,1,1
1255,4.2301,0.4556,217,237,0,0,1
1256,4.3748,0.4209,217,237,0,0,1
1257,3.9219,0.4824,217,237,0,0,1
1258,4.1348,0.4199,217,237,0,0,1
1259,4.1304,0.629,217,237,0,0,1
1260,4.2147,0.3372,217,237,0,0,1
1261,4.5232,0.4015,217,237,0,0,1
1262,3.8432,0.3829,217,237,0,0,1
1263,4.1343,0.3889,217,237,0,0,1
1264,4.12,0.4751,215,237,0,0,1
1265,4.1727,0.3615,215,235,0,2,1
1266,4.3316,0.4998,214,235,0,0,1
1267,4.0554,0.3107,214,234,0,1,1
1268,4.2024,0.4192,214,234,0,0,1
1269,4.1476,0.45,214,234,0,0,1
1270,4.0884,0.5248,214,234,0,0,1
1271,4.5025,0.5148,214,234,0,0,1
1272,3.8714,0.4901,214,234,0,0,1
1273,4.4688,0.591,214,234,0,0,1
1274,3.9183,0.4733,213,234,0,0,1
1275,4.2152,0.8523,213,233,0,1,1
1276,4.4482,0.4838,213,233,0,0,1
1277,3.8087,0.3835,213,233,0,0,1
1278,4.354,0.7026,213,233,0,0,1
1279,4.0199,0.3467,213,233,0,0,1
1280,4.1146,0.4305,212,233,0,0,1
1281,4.4025,0.3649,212,232,0,1,1
1282,4.0928,0.4256,212,232,0,0,1
1283,3.9448,0.5693,212,232,0,0,1
1284,4.2132,0.4834,212,232,0,0,1
1285,4.1785,0.4378,212,232,0,0,1
1286,4.2352,0.6383,246,266,34,0,1
1287,4.0671,0.4058,246,266,0,0,1
1288,4.521,0.686,246,266,0,0,1
1289,3.7974,0.3116,246,266,0,0,1
1290,4.2857,0.7895,246,266,0,0,1
1291,4.119,0.4543,246,266,0,0,1
1292,4.1794,0.3593,246,266,0,0,1
1293,4.1884,0.4866,246,266,0,0,1
1294,4.0882,0.411,245,266,0,0,1
1295,4.1301,0.387,244,265,0,1,1
1296,4.268,0.6025,244,264,0,1,1
1297,4.1508,0.3545,237,264,0,0,1
1298,4.1415,0.4644,237,257,0,7,1
1299,4.195,0.5718,236,257,0,0,1
1300,4.0709,0.3497,236,256,0,1,1
1301,4.1918,0.3814,236,256,0,0,1
1302,4.2467,0.6549,236,256,0,0,1
1303,4.1707,0.5915,236,256,0,0,1
1304,4.1204,0.4089,236,256,0,0,1
1305,4.2018,0.4064,234,256,0,0,1
1306,4.1274,0.458,234,254,0,2,1
1307,4.066,0.4378,234,254,0,0,1
1308,4.2372,0.3688,234,254,0,0,1
1309,4.2182,0.4782,234,254,0,0,1
1310,4.1531,0.5695,234,254,0,0,1
1311,4.2858,0.4569,234,254,0,0,1
1312,4.3784,0.3839,233,254,0,0,1
1313,3.8155,0.6797,233,253,0,1,1
1314,4.1611,1.2132,232,253,0,0,1
1315,4.2367,0.8486,232,252,0,1,1
1316,4.1589,0.4068,232,252,0,0,1
1317,4.1247,0.4233,232,252,0,0,1
1318,4.1685,0.4715,232,252,0,0,1
1319,4.1742,0.3572,232,252,0,0,1
1320,4.1459,0.4243,231,252,0,0,1
1321,4.5235,0.5093,231,251,0,1,1
1322,3.8269,0.3988,230,251,0,0,1
1323,4.2211,0.4632,230,250,0,1,1
1324,4.0636,0.3845,230,250,0,0,1
1325,4.256,0.4714,230,250,0,0,1
1326,4.1666,0.6253,229,250,0,0,1
1327,4.3091,0.3792,229,249,0,1,1
1328,4.116,0.5664,229,249,0,0,1
1329,4.0578,0.4367,229,249,0,0,1
1330,4.1817,0.6229,228,249,0,0,1
1331,4.0836,0.4054,228,248,0,1,1
1332,4.2199,0.4728,228,248,0,0,1
1333,4.2468,0.4942,228,248,0,0,1
1334,4.108,0.9173,228,248,0,0,1
1335,4.1905,0.6105,228,248,0,0,1
1336,4.1459,0.3097,228,248,0,0,1
1337,4.1047,0.3141,227,248,0,0,1
1338,4.1706,0.426,227,247,0,1,1
1339,4.2283,0.3948,227,247,0,0,1
1340,4.2528,0.6195,227,247,0,0,1
1341,4.1324,0.5116,226,247,0,0,1
1342,4.209,0.7131,226,246,0,1,1
1343,4.0486,0.4058,226,246,0,0,1
1344,4.1826,0.3344,226,246,0,0,1
1345,4.192,0.4231,226,246,0,0,1
1346,4.1089,0.7199,226,246,0,0,1
1347,4.1697,0.4159,226,246,0,0,1
1348,4.2132,0.4573,226,246,0,0,1
1349,4.118,0.3047,226,246,0,0,1
1350,4.2768,0.5309,226,246,0,0,1
1351,4.0901,0.4065,226,246,0,0,1
1352,4.2967,0.5358,225,246,0,0,1
1353,4.1746,0.723,224,245,0,1,1
1354,3.9829,0.3624,223,244,0,1,1
1355,4.1444,0.5287,223,243,0,1,1
1356,4.2245,0.408,223,243,0,0,1
1357,4.4091,0.4765,223,243,0,0,1
1358,3.9179,0.4411,223,243,0,0,1
1359,4.2859,0.5605,223,243,0,0,1
1360,4.012,0.3554,223,243,0,0,1
1361,4.1768,0.399,223,243,0,0,1
1362,4.2003,0.4374,223,243,0,0,1
1363,4.2089,0.4092,223,243,0,0,1
1364,4.0823,0.3735,223,243,0,0,1
1365,4.2795,0.5897,223,243,0,0,1
1366,4.1418,0.7383,222,243,0,0,1
1367,4.0731,0.3525,222,242,0,1,1
1368,4.2212,0.4084,221,242,0,0,1
1369,4.451,0.3746,221,241,0,1,1
1370,3.919,0.7676,255,275,34,0,1
1371,4.251,0.4102,254,275,0,0,1
1372,4.1014,0.5976,254,274,0,1,1
1373,4.0797,0.3214,254,274,0,0,1
1374,4.2085,0.5134,254,274,0,0,1
1375,4.1316,0.4676,254,274,0,0,1
1376,4.4226,0.6029,253,274,0,0,1
1377,3.9248,0.5168,253,273,0,1,1
1378,4.3173,0.6289,253,273,0,0,1
1379,4.3336,0.4988,253,273,0,0,1
1380,3.8476,0.3223,252,273,0,0,1
1381,4.111,0.3979,252,272,0,1,1
1382,4.2295,0.4173,245,272,0,0,1
1383,4.2205,0.5162,245,265,0,7,1
1384,4.1856,0.5755,245,265,0,0,1
1385,4.0667,0.3276,245,265,0,0,1
1386,4.1953,0.4184,245,265,0,0,1
1387,4.2121,0.6081,245,265,0,0,1
1388,4.0784,0.501,245,265,0,0,1
1389,4.1509,0.4245,245,265,0,0,1
1390,4.2136,0.5111,245,265,0,0,1
1391,4.1717,0.3718,245,265,0,0,1
1392,4.2065,0.4833,245,265,0,0,1
1393,4.1739,0.4348,245,265,0,0,1
1394,4.1363,0.4759,245,265,0,0,1
1395,4.1432,0.3987,245,265,0,0,1
1396,4.2491,0.6115,245,265,0,0,1
1397,4.0783,0.3128,245,265,0,0,1
1398,4.2223,0.5279,244,265,0,0,1
1399,4.1505,0.4472,242,264,0,1,1
1400,4.2322,0.4021,242,262,0,2,1
1401,4.1421,0.9195,242,262,0,0,1
1402,4.12,0.6059,241,262,0,0,1
1403,4.2487,0.5396,241,261,0,1,1
1404,4.0625,0.4199,241,261,0,0,1
1405,4.1434,0.3161,241,261,0,0,1
1406,4.1482,0.5866,241,261,0,0,1
1407,4.188,0.4919,241,261,0,0,1
1408,4.2481,0.5478,241,261,0,0,1
1409,4.0721,0.4003,241,261,0,0,1
1410,4.2545,0.5493,241,261,0,0,1
1411,4.1756,0.397,241,261,0,0,1
1412,4.4739,0.3993,241,261,0,0,1
1413,3.8434,0.4406,241,261,0,0,1
1414,4.1038,0.5179,241,261,0,0,1
1415,4.2217,0.648,241,261,0,0,1
1416,4.1483,0.6359,241,261,0,0,1
1417,4.212,0.355,241,261,0,0,1
1418,4.1295,0.5018,241,261,0,0,1
1419,4.1797,0.4153,241,261,0,0,1
1420,4.1839,0.5429,241,261,0,0,1
1421,4.0833,0.3872,240,261,0,0,1
1422,4.2803,0.6811,240,260,0,1,1
1423,4.0904,0.3025,240,260,0,0,1
1424,4.2042,0.5076,239,260,0,0,1
1425,4.1656,0.4156,237,259,0,1,1
1426,4.1232,0.448,235,257,0,2,1
1427,4.1494,0.7188,235,255,0,2,1
1428,4.3474,0.3512,235,255,0,0,1
1429,4.0409,0.7518,235,255,0,0,1
1430,4.3313,0.5321,235,255,0,0,1
1431,4.0264,0.3825,234,255,0,0,1
1432,4.1409,0.4527,234,254,0,1,1
1433,4.1246,0.3777,234,254,0,0,1
1434,4.5955,0.3743,234,254,0,0,1
1435,3.8289,0.7119,233,254,0,0,1
1436,4.1056,0.4476,232,253,0,1,1
1437,4.1611,0.3487,232,252,0,1,1
1438,4.463,0.4497,231,252,0,0,1
1439,3.8945,0.3679,231,251,0,1,1
1440,4.192,0.5637,231,251,0,0,1
1441,4.2246,0.5318,231,251,0,0,1
1442,4.0474,0.3557,231,251,0,0,1
1443,4.1615,0.4,231,251,0,0,1
1444,4.2142,0.4137,231,251,0,0,1
1445,4.1178,0.3126,231,251,0,0,1
1446,4.1481,0.5859,231,251,0,0,1
1447,4.2508,0.347,231,251,0,0,1
1448,4.1465,0.4698,230,251,0,0,1
1449,4.0869,0.4146,230,250,0,1,1
1450,4.2293,0.3446,230,250,0,0,1
1451,4.145,0.4044,230,250,0,0,1
1452,4.1598,0.3987,230,250,0,0,1
1453,4.5428,0.5085,230,250,0,0,1
1454,3.9995,0.6615,264,284,34,0,1
1455,4.0307,0.4821,264,284,0,0,1
1456,4.0759,0.6078,264,284,0,0,1
1457,4.1879,0.4128,264,284,0,0,1
1458,4.1902,0.6545,264,284,0,0,1
1459,4.1813,0.3439,264,284,0,0,1
1460,4.2499,0.382,264,284,0,0,1
1461,4.0759,0.4645,264,284,0,0,1
1462,4.1387,0.469,263,284,0,0,1
1463,4.2011,0.3656,263,283,0,1,1
1464,4.1603,0.433,263,283,0,0,1
1465,4.1578,0.5102,256,283,0,0,1
1466,4.3466,0.615,256,276,0,7,1
1467,4.0292,0.4697,256,276,0,0,1
1468,4.1641,0.435,255,276,0,0,1
1469,4.1036,0.3301,255,275,0,1,1
1470,4.1915,0.551,255,275,0,0,1
1471,4.1807,0.4002,255,275,0,0,1
1472,4.2395,0.5544,255,275,0,0,1
1473,4.1293,0.4617,255,275,0,0,1
1474,4.1057,0.6383,255,275,0,0,1
1475,4.1564,0.4001,255,275,0,0,1
1476,4.1767,0.4218,255,275,0,0,1
1477,4.2179,0.696,255,275,0,0,1
1478,4.3119,0.6363,255,275,0,0,1
1479,3.9721,0.3341,255,275,0,0,1
1480,4.1544,0.563,253,275,0,0,1
1481,4.1405,0.3218,252,273,0,2,1
1482,4.4594,0.5527,252,272,0,1,1
1483,3.9124,0.4306,252,272,0,0,1
1484,4.3424,0.6164,252,272,0,0,1
1485,3.9923,0.5834,252,272,0,0,1
1486,4.2179,0.6017,252,272,0,0,1
1487,4.1675,0.4441,251,272,0,0,1
1488,4.1231,0.3176,251,271,0,1,1
1489,4.1724,0.419,251,271,0,0,1
1490,4.1378,0.3892,250,271,0,0,1
1491,4.2355,0.6144,249,270,0,1,1
1492,4.2511,0.4626,249,269,0,1,1
1493,3.9936,0.3158,249,269,0,0,1
1494,4.1913,0.697,248,269,0,0,1
1495,4.249,0.4322,248,268,0,1,1
1496,4.1274,0.5982,248,268,0,0,1
1497,4.1978,0.5437,248,268,0,0,1
1498,4.1333,0.4666,248,268,0,0,1
1499,4.4586,0.5036,248,268,0,0,1
1500,3.8505,0.4073,248,268,0,0,1
1501,4.2135,0.4388,248,268,0,0,1
1502,4.1159,0.5573,247,268,0,0,1
1503,4.2162,0.5574,247,267,0,1,1
1504,4.08,0.74,247,267,0,0,1
1505,4.164,0.3071,245,267,0,0,1
1506,4.2827,0.529,245,265,0,2,1
1507,4.139,0.4131,245,265,0,0,1
1508,4.1289,0.3683,244,265,0,0,1
1509,4.1249,0.8235,242,264,0,1,1
1510,4.3892,0.6231,241,262,0,2,1
1511,3.9908,0.5931,241,261,0,1,1
1512,4.1702,0.4214,241,261,0,0,1
1513,4.5573,0.3929,241,261,0,0,1
1514,3.7834,0.5652,240,261,0,0,1
1515,4.3136,0.4136,240,260,0,1,1
1516,4.0647,0.5451,239,260,0,0,1
1517,4.0878,0.4236,239,259,0,1,1
1518,4.229,0.662,239,259,0,0,1
1519,4.178,0.3872,238,259,0,0,1
1520,4.3536,0.6633,237,258,0,1,1
1521,3.959,0.5076,236,257,0,1,1
1522,4.3089,0.6063,236,256,0,1,1
1523,4.0076,0.4487,236,256,0,0,1
1524,4.2245,0.3831,236,256,0,0,1
1525,4.1843,0.502,236,256,0,0,1
1526,4.0157,0.521,236,256,0,0,1
1527,4.2571,0.4218,235,256,0,0,1
1528,4.1147,0.3931,235,255,0,1,1
1529,4.16,0.3738,235,255,0,0,1
1530,4.258,0.7094,235,255,0,0,1
1531,4.1334,0.7693,235,255,0,0,1
1532,4.1815,0.4417,235,255,0,0,1
1533,4.1202,0.3487,234,255,0,0,1
1534,4.1325,0.5559,232,254,0,1,1
1535,4.3294,0.3668,231,252,0,2,1
1536,4.0705,0.4007,230,251,0,1,1
1537,4.1657,0.4194,230,250,0,1,1
1538,4.1122,0.5659,264,284,34,0,1
1539,4.1869,0.3733,264,284,0,0,1
1540,4.2153,0.7511,264,284,0,0,1
1541,4.0953,0.3411,264,284,0,0,1
1542,4.1371,0.4328,264,284,0,0,1
1543,4.2884,0.5054,264,284,0,0,1
1544,4.1168,0.4065,264,284,0,0,1
1545,4.1992,0.66,263,284,0,0,1
1546,4.1254,0.7994,263,283,0,1,1
1547,4.148,0.7024,263,283,0,0,1
1548,4.2269,0.3377,263,283,0,0,1
1549,4.3124,0.6035,255,283,0,0,1
1550,4.4099,0.4697,255,275,0,8,1
1551,4.02,0.5389,255,275,0,0,1
1552,3.8715,0.3867,255,275,0,0,1
1553,4.1479,0.3821,255,275,0,0,1
1554,4.3877,0.6853,255,275,0,0,1
1555,4.2155,0.3155,255,275,0,0,1
1556,3.9815,0.4599,255,275,0,0,1
1557,4.1574,0.4045,255,275,0,0,1
1558,4.1095,0.409,255,275,0,0,1
1559,4.223,0.619,255,275,0,0,1
1560,4.1163,0.3742,255,275,0,0,1
1561,4.1778,0.3236,255,275,0,0,1
1562,4.2133,0.7227,255,275,0,0,1
1563,4.1859,0.4537,255,275,0,0,1
1564,4.1033,0.3522,255,275,0,0,1
1565,4.2128,0.7549,254,275,0,0,1
1566,4.1803,0.5527,254,274,0,1,1
1567,4.1467,0.3435,254,274,0,0,1
1568,4.3369,0.6483,254,274,0,0,1
1569,3.991,0.4427,253,274,0,0,1
1570,4.1209,0.4763,253,273,0,1,1
1571,4.2293,0.4317,253,273,0,0,1
1572,4.1128,0.5612,253,273,0,0,1
1573,4.285,0.5516,253,273,0,0,1
1574,4.0467,0.4512,253,273,0,0,1
1575,4.2365,0.4675,253,273,0,0,1
1576,4.0911,0.348,252,273,0,0,1
1577,4.1721,0.4096,252,272,0,1,1
1578,4.2285,0.7059,252,272,0,0,1
1579,4.1292,0.3411,252,272,0,0,1
1580,4.1626,0.3629,252,272,0,0,1
1581,4.2047,0.619,252,272,0,0,1
1582,4.5488,0.6513,252,272,0,0,1
1583,3.7403,0.358,251,272,0,0,1
1584,4.1582,0.4882,251,271,0,1,1
1585,4.2448,0.6533,251,271,0,0,1
1586,4.1074,0.4673,251,271,0,0,1
1587,4.2082,0.6333,250,271,0,0,1
1588,4.142,0.4368,250,270,0,1,1
1589,4.1215,0.3195,250,270,0,0,1
1590,4.3945,0.6342,250,270,0,0,1
1591,3.9598,0.4111,250,270,0,0,1
1592,4.1237,0.321,250,270,0,0,1
1593,4.2877,0.6575,250,270,0,0,1
1594,4.0824,0.6097,249,270,0,0,1
1595,4.2152,0.3655,249,269,0,1,1
1596,4.1035,0.4325,249,269,0,0,1
1597,4.2445,0.3936,249,269,0,0,1
1598,4.1121,0.6799,249,269,0,0,1
1599,4.2085,0.4636,249,269,0,0,1
1600,4.0182,0.3602,249,269,0,0,1
1601,4.2567,0.3236,248,269,0,0,1
1602,4.2266,0.5067,248,268,0,1,1
1603,4.1423,0.3806,248,268,0,0,1
1604,4.2174,0.558,248,268,0,0,1
1605,4.2105,0.4584,248,268,0,0,1
1606,4.0716,0.6692,248,268,0,0,1
1607,4.1068,0.5751,247,268,0,0,1
1608,4.2476,0.6574,247,267,0,1,1
1609,4.3872,0.6524,247,267,0,0,1
1610,3.8975,0.4842,246,267,0,0,1
1611,4.2243,0.5011,245,266,0,1,1
1612,4.5293,0.644,245,265,0,1,1
1613,3.7154,0.3157,244,265,0,0,1
1614,4.2525,0.5399,244,264,0,1,1
1615,4.1393,0.457,244,264,0,0,1
1616,4.2114,0.588,244,264,0,0,1
1617,4.2326,0.5445,244,264,0,0,1
1618,4.4254,0.6167,244,264,0,0,1
1619,3.8096,0.5347,244,264,0,0,1
1620,4.1343,0.4101,244,264,0,0,1
1621,4.1643,0.4338,244,264,0,0,1
1622,4.242,0.6781,278,298,34,0,1
1623,4.0845,0.3439,278,298,0,0,1
1624,4.2305,0.5714,278,298,0,0,1
1625,4.0987,0.4291,278,298,0,0,1
1626,4.2499,0.5148,278,298,0,0,1
1627,4.1844,0.3913,277,298,0,0,1
1628,4.105,0.4337,277,297,0,1,1
1629,4.0962,0.5946,277,297,0,0,1
1630,4.2464,0.4627,277,297,0,0,1
1631,4.1364,0.3917,277,297,0,0,1
1632,4.1737,0.4648,277,297,0,0,1
1633,4.1981,0.4555,270,297,0,0,1
1634,4.1897,0.5499,270,290,0,7,1
1635,4.1619,0.5269,270,290,0,0,1
1636,4.1051,0.4286,270,290,0,0,1
1637,4.1572,0.3942,270,290,0,0,1
1638,4.2198,0.5721,270,290,0,0,1
1639,4.1448,0.4611,270,290,0,0,1
1640,4.1917,0.5825,270,290,0,0,1
1641,4.147,0.4804,269,290,0,0,1
1642,4.2981,0.6302,269,289,0,1,1
1643,4.0175,0.4218,269,289,0,0,1
1644,4.1845,0.4042,269,289,0,0,1
1645,4.1527,0.3642,269,289,0,0,1
1646,4.1896,0.5059,269,289,0,0,1
1647,4.1359,0.6523,269,289,0,0,1
1648,4.3777,0.5609,268,289,0,0,1
1649,3.9402,0.3396,268,288,0,1,1
1650,4.5462,0.6499,265,288,0,0,1
1651,3.8326,0.4519,265,285,0,3,1
1652,4.1516,0.3585,265,285,0,0,1
1653,4.1026,0.4343,264,285,0,0,1
1654,4.368,0.445,264,284,0,1,1
1655,4.0655,0.3948,262,284,0,0,1
1656,4.1207,0.402,262,282,0,2,1
1657,4.5102,0.4134,261,282,0,0,1
1658,3.8009,0.5382,261,281,0,1,1
1659,4.3825,0.4927,261,281,0,0,1
1660,3.9936,0.589,261,281,0,0,1
1661,4.1352,0.3756,261,281,0,0,1
1662,4.2365,0.459,261,281,0,0,1
1663,4.529,0.4568,260,281,0,0,1
1664,4.0209,0.5948,260,280,0,1,1
1665,3.885,0.41,260,280,0,0,1
1666,4.2027,0.5628,260,280,0,0,1
1667,4.2178,0.5581,259,280,0,0,1
1668,4.1174,0.3483,257,279,0,1,1
1669,4.1956,0.4927,257,277,0,2,1
1670,4.0775,0.6068,257,277,0,0,1
1671,4.1628,0.3887,257,277,0,0,1
1672,4.2629,0.487,256,277,0,0,1
1673,4.1048,0.4372,256,276,0,1,1
1674,4.2206,0.4951,255,276,0,0,1
1675,4.1819,0.3667,255,275,0,1,1
1676,4.4482,0.4145,255,275,0,0,1
1677,3.826,0.3753,255,275,0,0,1
1678,4.1533,0.7113,254,275,0,0,1
1679,4.2192,0.412,254,274,0,1,1
1680,4.1553,0.5355,253,274,0,0,1
1681,4.1203,0.3234,253,273,0,1,1
1682,4.253,0.5409,253,273,0,0,1
1683,4.133,0.5598,253,273,0,0,1
1684,4.1902,0.425,253,273,0,0,1
1685,4.0987,0.409,253,273,0,0,1
1686,4.2955,0.6874,253,273,0,0,1
1687,4.0498,0.3445,253,273,0,0,1
1688,4.2004,0.4882,253,273,0,0,1
1689,4.1316,0.4007,253,273,0,0,1
1690,4.1685,0.3789,253,273,0,0,1
1691,4.1935,0.4056,253,273,0,0,1
1692,4.1833,0.6698,251,273,0,0,1
1693,4.3373,0.5538,249,271,0,2,1
1694,4.0324,0.5343,249,269,0,2,1
1695,4.0833,0.4057,249,269,0,0,1
1696,4.1287,0.4846,249,269,0,0,1
1697,4.1685,0.3815,249,269,0,0,1
1698,4.2699,0.598,248,269,0,0,1
1699,4.1669,0.6017,248,268,0,1,1
1700,4.2005,0.4599,248,268,0,0,1
1701,4.0432,0.56,248,268,0,0,1
1702,4.2143,0.7821,248,268,0,0,1
1703,4.1826,0.501,248,268,0,0,1
1704,4.1353,0.386,248,268,0,0,1
1705,4.4112,0.5265,248,268,0,0,1
1706,4.0624,0.5928,282,302,34,0,1
1707,4.0871,0.5552,282,302,0,0,1
1708,4.125,0.4814,282,302,0,0,1
1709,4.1093,0.3321,282,302,0,0,1
1710,4.2134,0.7451,282,302,0,0,1
1711,4.1829,0.5048,282,302,0,0,1
1712,4.1893,0.4554,282,302,0,0,1
1713,4.1721,0.386,282,302,0,0,1
1714,4.1404,0.537,282,302,0,0,1
1715,4.126,0.4838,282,302,0,0,1
1716,4.1403,0.3323,282,302,0,0,1
1717,4.2876,0.5935,275,302,0,0,1
1718,4.4614,0.665,275,295,0,7,1
1719,4.052,0.4405,274,295,0,0,1
1720,3.8932,0.3825,274,294,0,1,1
1721,4.1709,0.4213,274,294,0,0,1
1722,4.3285,0.7483,274,294,0,0,1
1723,4.0725,0.3827,274,294,0,0,1
1724,4.4408,0.3484,274,294,0,0,1
1725,3.8452,0.4766,274,294,0,0,1
1726,4.2102,0.7531,273,294,0,0,1
1727,4.158,0.3981,273,293,0,1,1
1728,4.3677,0.4311,273,293,0,0,1
1729,3.9273,0.6346,272,293,0,0,1
1730,4.2494,0.7332,271,292,0,1,1
1731,4.1332,0.6198,271,291,0,1,1
1732,4.1255,0.4357,269,291,0,0,1
1733,4.1197,0.4108,269,289,0,2,1
1734,4.3083,0.5351,269,289,0,0,1
1735,4.1176,0.34,269,289,0,0,1
1736,4.1119,0.4736,268,289,0,0,1
1737,4.2841,0.6117,268,288,0,1,1
1738,4.0199,0.3744,268,288,0,0,1
1739,4.1346,0.4787,266,288,0,0,1
1740,4.2355,0.4451,266,286,0,2,1
1741,4.151,0.3416,266,286,0,0,1
1742,4.2765,0.3872,265,286,0,0,1
1743,4.1468,0.4728,265,285,0,1,1
1744,4.132,0.4138,265,285,0,0,1
1745,4.0867,0.3265,265,285,0,0,1
1746,4.2571,0.5675,265,285,0,0,1
1747,4.1914,0.4165,265,285,0,0,1
1748,4.1017,0.4712,265,285,0,0,1
1749,4.2497,0.55,265,285,0,0,1
1750,4.0657,0.4919,264,285,0,0,1
1751,4.2368,0.4068,264,284,0,1,1
1752,4.0919,0.3764,263,284,0,0,1
1753,4.3518,0.4381,262,283,0,1,1
1754,4.0145,0.8553,261,282,0,1,1
1755,4.3905,0.6089,261,281,0,1,1
1756,3.9683,0.4669,261,281,0,0,1
1757,4.0846,0.3802,261,281,0,0,1
1758,4.1917,0.4154,261,281,0,0,1
1759,4.2103,0.4465,261,281,0,0,1
1760,4.1345,0.484,261,281,0,0,1
1761,4.2076,0.5402,261,281,0,0,1
1762,4.1993,0.445,260,281,0,0,1
1763,4.1311,0.4979,259,280,0,1,1
1764,4.1379,0.345,259,279,0,1,1
1765,4.2114,0.5784,259,279,0,0,1
1766,4.1723,0.6115,258,279,0,0,1
1767,4.0989,0.3649,257,278,0,1,1
1768,4.2867,0.6306,257,277,0,1,1
1769,4.0445,0.404,257,277,0,0,1
1770,4.2018,0.4666,257,277,0,0,1
1771,4.1653,0.3636,257,277,0,0,1
1772,4.1849,0.4934,257,277,0,0,1
1773,4.3679,0.3664,257,277,0,0,1
1774,3.9825,0.6536,256,277,0,0,1
1775,4.1676,0.6572,255,276,0,1,1
1776,4.0982,0.3838,254,275,0,1,1
1777,4.4649,0.3562,253,274,0,1,1
1778,3.9098,0.5344,253,273,0,1,1
1779,4.1123,0.6702,253,273,0,0,1
1780,4.1821,0.5749,253,273,0,0,1
1781,4.1599,0.4065,252,273,0,0,1
1782,4.2565,0.4413,251,272,0,1,1
1783,4.1259,0.3737,251,271,0,1,1
1784,4.1894,0.4338,250,271,0,0,1
1785,4.0673,0.3895,250,270,0,1,1
1786,4.2329,0.4924,250,270,0,0,1
1787,4.1518,0.4645,250,270,0,0,1
1788,4.1515,0.4209,250,270,0,0,1
1789,4.1884,0.3492,250,270,0,0,1
1790,4.1708,0.5753,284,304,34,0,1
1791,4.4104,0.6665,284,304,0,0,1
1792,3.914,0.4451,284,304,0,0,1
1793,4.1614,0.3673,284,304,0,0,1
1794,4.2621,0.5151,284,304,0,0,1
1795,4.0949,0.468,283,304,0,0,1
1796,4.635,0.4957,282,303,0,1,1
1797,3.6888,0.3869,280,302,0,1,1
1798,4.1751,0.3936,279,300,0,2,1
1799,4.1713,0.4266,279,299,0,1,1
1800,4.1412,0.4303,279,299,0,0,1
1801,4.2967,0.3711,272,299,0,0,1
1802,4.0635,0.4705,271,292,0,7,1
1803,4.1179,0.4257,270,291,0,1,1
1804,4.2386,0.5249,269,290,0,1,1
1805,4.1618,0.5474,269,289,0,1,1
1806,4.229,0.7747,269,289,0,0,1
1807,4.1124,0.6377,268,289,0,0,1
1808,4.3898,0.577,268,288,0,1,1
1809,3.8861,0.4864,268,288,0,0,1
1810,4.1825,0.7398,268,288,0,0,1
1811,4.176,0.6426,268,288,0,0,1
1812,4.1419,0.3304,268,288,0,0,1
1813,4.2546,0.4411,264,288,0,0,1
1814,4.0794,0.4712,264,284,0,4,1
1815,4.2052,0.3567,264,284,0,0,1
1816,4.0978,0.466,264,284,0,0,1
1817,4.1912,0.4324,263,284,0,0,1
1818,4.2972,0.8207,263,283,0,1,1
1819,4.0472,0.5866,263,283,0,0,1
1820,4.4127,0.4288,262,283,0,0,1
1821,3.9471,0.5678,262,282,0,1,1
1822,4.2044,0.4993,262,282,0,0,1
1823,4.1151,0.4154,262,282,0,0,1
1824,4.1287,0.4231,262,282,0,0,1
1825,4.397,0.3722,262,282,0,0,1
1826,4.0214,0.4596,262,282,0,0,1
1827,4.3876,0.5359,261,282,0,0,1
1828,3.8868,0.4567,261,281,0,1,1
1829,4.1613,0.3315,261,281,0,0,1
1830,4.2189,0.545,261,281,0,0,1
1831,4.1359,0.3934,260,281,0,0,1
1832,4.1205,0.5609,260,280,0,1,1
1833,4.2813,0.3785,260,280,0,0,1
1834,4.1418,0.5685,260,280,0,0,1
1835,4.0652,0.4166,259,280,0,0,1
1836,4.2301,0.3408,259,279,0,1,1
1837,4.3146,0.5888,259,279,0,0,1
1838,4.0404,0.7001,259,279,0,0,1
1839,4.1775,0.4339,259,279,0,0,1
1840,4.0936,0.3382,258,279,0,0,1
1841,4.1639,0.45,258,278,0,1,1
1842,4.1824,0.697,257,278,0,0,1
1843,4.2304,0.6415,257,277,0,1,1
1844,4.3957,0.4262,256,277,0,0,1
1845,3.8954,0.449,255,276,0,1,1
1846,4.2665,0.5586,254,275,0,1,1
1847,4.12,0.3626,254,274,0,1,1
1848,4.152,0.6542,254,274,0,0,1
1849,4.1596,0.3569,254,274,0,0,1
1850,4.1098,0.4422,254,274,0,0,1
1851,4.2585,0.4647,253,274,0,0,1
1852,4.3892,0.3758,253,273,0,1,1
1853,3.8658,0.324,252,273,0,0,1
1854,4.2139,0.5595,252,272,0,1,1
1855,4.1222,0.3988,252,272,0,0,1
1856,4.2885,0.5891,252,272,0,0,1
1857,4.0933,0.4695,250,272,0,0,1
1858,4.126,0.6805,250,270,0,2,1
1859,4.443,0.4962,250,270,0,0,1
1860,3.884,0.4114,250,270,0,0,1
1861,4.2185,0.5984,250,270,0,0,1
1862,4.2279,0.6737,249,270,0,0,1
1863,4.1879,0.5162,248,269,0,1,1
1864,4.0541,0.4618,248,268,0,1,1
1865,4.1353,0.3111,248,268,0,0,1
1866,4.1779,0.3699,247,268,0,0,1
1867,4.183,0.4618,247,267,0,1,1
1868,4.3516,0.3642,247,267,0,0,1
1869,4.0431,0.4565,247,267,0,0,1
1870,4.1477,0.546,246,267,0,0,1
1871,4.1252,0.3797,246,266,0,1,1
1872,4.1595,0.4929,246,266,0,0,1
1873,4.4516,0.451,246,266,0,0,1
1874,3.9115,0.575,280,300,34,0,1
1875,4.2707,0.6259,280,300,0,0,1
1876,4.1358,0.6237,280,300,0,0,1
1877,4.045,0.4268,279,300,0,0,1
1878,4.2443,0.5373,278,299,0,1,1
1879,4.1333,0.3608,278,298,0,1,1
1880,4.1487,0.5589,277,298,0,0,1
1881,4.2533,0.5731,277,297,0,1,1
1882,4.1557,0.4688,277,297,0,0,1
1883,4.421,0.5039,277,297,0,0,1
1884,3.824,0.4488,277,297,0,0,1
1885,4.1965,0.4497,269,297,0,0,1
1886,4.199,0.6187,269,289,0,8,1
1887,4.1042,0.5444,269,289,0,0,1
1888,4.2755,0.4486,269,289,0,0,1
1889,4.0808,0.3944,269,289,0,0,1
1890,4.1468,0.475,268,289,0,0,1
1891,4.1684,0.3884,268,288,0,1,1
1892,4.3681,0.4147,268,288,0,0,1
1893,4.0532,0.6569,268,288,0,0,1
1894,4.1426,0.6817,268,288,0,0,1
1895,4.1311,0.4699,268,288,0,0,1
1896,4.1477,0.5318,268,288,0,0,1
1897,4.2673,0.3396,266,288,0,0,1
1898,4.0545,0.4272,266,286,0,2,1
1899,4.3507,0.7514,266,286,0,0,1
1900,4.0998,0.5859,265,286,0,0,1
1901,4.0484,0.3371,265,285,0,1,1
1902,4.2124,0.5011,265,285,0,0,1
1903,4.4685,0.4692,265,285,0,0,1
1904,3.8732,0.4808,265,285,0,0,1
1905,4.1346,0.4332,265,285,0,0,1
1906,4.2074,0.7149,262,285,0,0,1
1907,4.1289,0.4488,262,282,0,3,1
1908,4.1649,0.325,262,282,0,0,1
1909,4.1911,0.5275,261,282,0,0,1
1910,4.1102,0.4541,261,281,0,1,1
1911,4.304,0.6008,260,281,0,0,1
1912,4.1424,0.6233,260,280,0,1,1
1913,4.0531,0.429,259,280,0,0,1
1914,4.2302,0.3941,259,279,0,1,1
1915,4.1978,0.3969,259,279,0,0,1
1916,4.3411,0.4684,259,279,0,0,1
1917,3.9961,0.3742,259,279,0,0,1
1918,4.1501,0.6456,259,279,0,0,1
1919,4.2303,0.5568,259,279,0,0,1
1920,4.09,0.681,259,279,0,0,1
1921,4.2258,0.3477,259,279,0,0,1
1922,4.1032,0.4296,259,279,0,0,1
1923,4.1569,0.4717,259,279,0,0,1
1924,4.1016,0.4483,259,279,0,0,1
1925,4.1929,0.3328,258,279,0,0,1
1926,4.2395,0.5593,258,278,0,1,1
1927,4.5477,0.4201,257,278,0,0,1
1928,3.7331,0.3989,256,277,0,1,1
1929,4.2227,0.4685,254,276,0,1,1
1930,4.1169,0.6016,253,274,0,2,1
1931,4.2027,0.5809,253,273,0,1,1
1932,4.1124,0.4138,253,273,0,0,1
1933,4.1662,0.6116,253,273,0,0,1
1934,4.1505,0.3696,253,273,0,0,1
1935,4.2534,0.4842,252,273,0,0,1
1936,4.1241,0.5006,252,272,0,1,1
1937,4.1441,0.3456,251,272,0,0,1
1938,4.1944,0.4719,251,271,0,1,1
1939,4.1593,0.4103,249,271,0,0,1
1940,4.5161,0.366,246,269,0,2,1
1941,3.9195,0.6697,246,266,0,3,1
1942,4.0657,0.5087,246,266,0,0,1
1943,4.1072,0.4422,245,266,0,0,1
1944,4.2018,0.4082,245,265,0,1,1
1945,4.2335,0.3703,245,265,0,0,1
1946,4.0896,0.4563,244,265,0,0,1
1947,4.245,0.4462,244,264,0,1,1
1948,4.3816,0.5364,244,264,0,0,1
1949,3.8805,0.3148,244,264,0,0,1
1950,4.2596,0.7004,244,264,0,0,1
1951,4.1095,0.3947,244,264,0,0,1
1952,4.1932,0.3705,244,264,0,0,1
1953,4.0732,0.4458,244,264,0,0,1
1954,4.204,0.5096,244,264,0,0,1
1955,4.2156,0.3198,243,264,0,0,1
1956,4.1127,0.4311,243,263,0,1,1
1957,4.2104,0.6072,243,263,0,0,1
1958,4.1457,0.4839,277,297,34,0,1
1959,4.1321,0.4075,277,297,0,0,1
1960,4.1512,0.5491,277,297,0,0,1
1961,4.1993,0.3569,277,297,0,0,1
1962,4.2153,0.7654,277,297,0,0,1
1963,4.1427,0.4444,276,297,0,0,1
1964,4.3543,0.4216,276,296,0,1,1
1965,4.0155,0.5656,276,296,0,0,1
1966,4.1961,0.4751,276,296,0,0,1
1967,4.121,0.5165,276,296,0,0,1
1968,4.1126,0.3683,276,296,0,0,1
1969,4.2423,0.3178,276,296,0,0,1
1970,4.1077,0.4022,269,296,0,0,1
1971,4.1936,0.4457,269,289,0,7,1
1972,4.133,0.5172,269,289,0,0,1
1973,4.1661,0.3659,269,289,0,0,1
1974,4.1864,0.7241,269,289,0,0,1
1975,4.1793,0.3696,269,289,0,0,1
1976,4.2102,0.4588,269,289,0,0,1
1977,4.1048,0.6597,268,289,0,0,1
1978,4.2073,0.4847,268,288,0,1,1
1979,4.0914,0.6239,268,288,0,0,1
1980,4.1983,0.4989,268,288,0,0,1
1981,4.2767,0.6918,268,288,0,0,1
1982,4.0955,0.4262,268,288,0,0,1
1983,4.161,0.3727,268,288,0,0,1
1984,4.1469,0.5079,268,288,0,0,1
1985,4.3006,0.5573,268,288,0,0,1
1986,4.0073,0.709,267,288,0,0,1
1987,4.2256,0.3706,266,287,0,1,1
1988,4.2724,0.5874,266,286,0,1,1
1989,3.9975,0.3699,265,286,0,0,1
1990,4.1971,0.3773,264,285,0,1,1
1991,4.1189,0.3849,264,284,0,1,1
1992,4.2305,0.4461,264,284,0,0,1
1993,4.1484,0.3248,264,284,0,0,1
1994,4.3364,0.6801,264,284,0,0,1
1995,3.9906,0.4312,264,284,0,0,1
1996,4.1778,0.3604,264,284,0,0,1
1997,4.138,0.3636,264,284,0,0,1
1998,4.1919,0.4784,263,284,0,0,1
1999,4.1712,0.4161,263,283,0,1,1
2000,4.1628,0.3489,263,283,0,0,1
2001,4.1975,0.6609,263,283,0,0,1
2002,4.1649,0.4292,263,283,0,0,1
2003,4.128,0.3394,262,283,0,0,1
2004,4.1969,0.4171,262,282,0,1,1
2005,4.1396,0.5558,260,282,0,0,1
2006,4.1323,0.4285,260,280,0,2,1
2007,4.2732,0.5283,260,280,0,0,1
2008,4.1053,0.611,260,280,0,0,1
2009,4.1751,0.3932,259,280,0,0,1
2010,4.1224,0.5589,259,279,0,1,1
2011,4.2106,0.4135,259,279,0,0,1
2012,4.204,0.5956,258,279,0,0,1
2013,4.2494,0.5768,256,278,0,1,1
2014,4.0871,0.5556,254,276,0,2,1
2015,4.0909,0.3977,254,274,0,2,1
2016,4.201,0.3205,254,274,0,0,1
2017,4.1704,0.4935,254,274,0,0,1
2018,4.1283,0.6064,252,274,0,0,1
2019,4.2669,0.5494,251,272,0,2,1
2020,4.0432,0.4021,251,271,0,1,1
2021,4.2211,0.3803,250,271,0,0,1
2022,4.1494,0.3632,249,270,0,1,1
2023,4.1888,0.4225,249,269,0,1,1
2024,4.1616,0.5882,248,269,0,0,1
2025,4.1561,0.3262,247,268,0,1,1
2026,4.2489,0.7754,247,267,0,1,1
2027,4.0855,0.4109,247,267,0,0,1
2028,4.1759,0.3554,246,267,0,0,1
2029,4.1246,0.3705,246,266,0,1,1
2030,4.2157,0.4093,246,266,0,0,1
2031,4.1501,0.4702,245,266,0,0,1
2032,4.344,0.5856,244,265,0,1,1
2033,4.0086,0.5863,244,264,0,1,1
2034,4.3968,0.3657,244,264,0,0,1
2035,3.9698,0.5413,244,264,0,0,1
2036,4.1635,0.4024,244,264,0,0,1
2037,4.1188,0.4061,244,264,0,0,1
2038,4.195,0.4501,243,264,0,0,1
2039,4.457,0.5519,243,263,0,1,1
2040,3.8353,0.4475,243,263,0,0,1
2041,4.1742,0.4234,243,263,0,0,1
2042,4.5392,0.8608,277,297,34,0,1
2043,3.9015,0.5804,277,297,0,0,1
2044,4.1024,0.7423,277,297,0,0,1
2045,4.1421,0.3945,277,297,0,0,1
2046,4.453,0.7511,277,297,0,0,1
2047,3.9329,0.4309,277,297,0,0,1
2048,4.1662,0.4491,276,297,0,0,1
2049,4.1716,0.5064,276,296,0,1,1
2050,4.1244,0.6151,276,296,0,0,1
2051,4.2481,0.4225,276,296,0,0,1
2052,4.0632,0.4123,276,296,0,0,1
2053,4.2227,0.3974,276,296,0,0,1
2054,4.3957,0.6062,269,296,0,0,1
2055,3.9525,0.4548,268,289,0,7,1
2056,4.3733,0.4573,268,288,0,1,1
2057,3.8693,0.3268,268,288,0,0,1
2058,4.1657,0.4784,268,288,0,0,1
2059,4.1836,0.5916,268,288,0,0,1
2060,4.243,0.3492,267,288,0,0,1
2061,4.1916,0.3795,267,287,0,1,1
2062,4.0958,0.683,267,287,0,0,1
2063,4.2244,0.6449,267,287,0,0,1
2064,4.091,0.3234,267,287,0,0,1
2065,4.148,0.3987,267,287,0,0,1
2066,4.157,0.7797,267,287,0,0,1
2067,4.1722,0.3427,266,287,0,0,1
2068,4.2045,0.4553,265,286,0,1,1
2069,4.1176,0.4137,265,285,0,1,1
2070,4.193,0.4815,265,285,0,0,1
2071,4.1544,0.3506,265,285,0,0,1
2072,4.2875,0.6783,265,285,0,0,1
2073,4.0908,0.3979,265,285,0,0,1
2074,4.1318,0.716,265,285,0,0,1
2075,4.2425,0.4145,265,285,0,0,1
2076,4.0968,0.4399,265,285,0,0,1
2077,4.2551,0.396,265,285,0,0,1
2078,4.0979,0.3912,264,285,0,0,1
2079,4.2676,0.5554,264,284,0,1,1
2080,4.0758,0.4632,263,284,0,0,1
2081,4.1101,0.335,262,283,0,1,1
2082,4.3557,0.8491,261,282,0,1,1
2083,4.0256,0.4219,260,281,0,1,1
2084,4.1358,0.5013,259,280,0,1,1
2085,4.2045,0.4486,258,279,0,1,1
2086,4.3067,0.4834,257,278,0,1,1
2087,4.0037,0.4079,256,277,0,1,1
2088,4.2152,0.3536,256,276,0,1,1
2089,4.0946,0.512,255,276,0,0,1
2090,4.2631,0.4924,255,275,0,1,1
2091,4.2383,0.5524,255,275,0,0,1
2092,4.088,0.4635,255,275,0,0,1
2093,4.0782,0.3717,255,275,0,0,1
2094,4.2435,0.6021,254,275,0,0,1
2095,4.1662,0.4301,254,274,0,1,1
2096,4.124,0.803,254,274,0,0,1
2097,4.1781,0.3403,253,274,0,0,1
2098,4.155,0.5078,253,273,0,1,1
2099,4.2137,0.4433,252,273,0,0,1
2100,4.0849,0.346,252,272,0,1,1
2101,4.3147,0.329,252,272,0,0,1
2102,4.083,0.5489,252,272,0,0,1
2103,4.201,0.6054,252,272,0,0,1
2104,4.046,0.4485,252,272,0,0,1
2105,4.2258,0.4166,252,272,0,0,1
2106,4.1343,0.5828,251,272,0,0,1
2107,4.2312,0.3545,251,271,0,1,1
2108,4.1775,0.4352,251,271,0,0,1
2109,4.1648,0.442,251,271,0,0,1
2110,4.1994,0.4159,251,271,0,0,1
2111,4.0593,0.5556,251,271,0,0,1
2112,4.1929,0.434,250,271,0,0,1
2113,4.157,0.3584,250,270,0,1,1
2114,4.3934,0.6654,249,270,0,0,1
2115,4.0162,0.7809,249,269,0,1,1
2116,4.1231,0.5332,249,269,0,0,1
2117,4.1175,0.3753,249,269,0,0,1
2118,4.2186,0.4467,249,269,0,0,1
2119,4.3978,0.4036,249,269,0,0,1
2120,4.196,0.5459,248,269,0,0,1
2121,4.0183,0.4662,248,268,0,1,1
2122,4.1367,0.4425,248,268,0,0,1
2123,4.0618,0.322,248,268,0,0,1
2124,4.1855,0.4362,248,268,0,0,1
2125,4.1691,0.4791,248,268,0,0,1
2126,4.2655,0.4651,282,302,34,0,1
2127,4.1242,0.6407,282,302,0,0,1
2128,4.1807,0.6036,282,302,0,0,1
2129,4.0738,0.3754,281,302,0,0,1
2130,4.2081,0.5044,281,301,0,1,1
2131,4.1886,0.4319,281,301,0,0,1
2132,4.3175,0.4272,281,301,0,0,1
2133,4.0144,0.4211,280,301,0,0,1
2134,4.1873,0.5925,278,300,0,1,1
2135,4.1293,0.5061,278,298,0,2,1
2136,4.1305,0.4431,277,298,0,0,1
2137,4.1405,0.3296,270,297,0,1,1
2138,4.433,0.387,270,290,0,7,1
2139,3.9831,0.8018,270,290,0,0,1
2140,4.4475,0.5181,270,290,0,0,1
2141,3.8323,0.3319,270,290,0,0,1
2142,4.4327,0.3883,270,290,0,0,1
2143,3.9669,0.4577,270,290,0,0,1
2144,4.1495,0.6227,270,290,0,0,1
2145,4.0732,0.4994,270,290,0,0,1
2146,4.2698,0.7278,270,290,0,0,1
2147,4.1154,0.4393,269,290,0,0,1
2148,4.1292,0.3257,269,289,0,1,1
2149,4.2309,0.3518,269,289,0,0,1
2150,4.1884,0.5124,269,289,0,0,1
2151,4.1892,0.3924,269,289,0,0,1
2152,4.1235,0.3986,269,289,0,0,1
2153,4.1457,0.4393,267,289,0,0,1
2154,4.2532,0.6513,267,287,0,2,1
2155,4.1372,0.4338,267,287,0,0,1
2156,4.0978,0.3277,266,287,0,0,1
2157,4.2269,0.693,264,286,0,1,1
2158,4.1025,0.6899,264,284,0,2,1
2159,4.1402,0.3632,264,284,0,0,1
2160,4.2015,0.4375,264,284,0,0,1
2161,4.1298,0.4063,264,284,0,0,1
2162,4.2975,0.5481,263,284,0,0,1
2163,4.144,0.5194,262,283,0,1,1
2164,4.3253,0.6787,262,282,0,1,1
2165,3.9404,0.3525,262,282,0,0,1
2166,4.1636,0.3723,262,282,0,0,1
2167,4.252,0.4848,262,282,0,0,1
2168,4.4265,0.4266,262,282,0,0,1
2169,3.7817,0.3714,262,282,0,0,1
2170,4.2876,0.7958,262,282,0,0,1
2171,4.1627,0.4161,262,282,0,0,1
2172,4.0877,0.3449,262,282,0,0,1
2173,4.2152,0.4681,262,282,0,0,1
2174,4.1936,0.4957,262,282,0,0,1
2175,4.1874,0.6909,261,282,0,0,1
2176,4.1154,0.5405,261,281,0,1,1
2177,4.1033,0.4171,259,281,0,0,1
2178,4.517,0.6236,258,279,0,2,1
2179,3.8442,0.324,257,278,0,1,1
2180,4.1552,0.4139,257,277,0,1,1
2181,4.2374,0.4073,257,277,0,0,1
2182,4.1157,0.5767,257,277,0,0,1
2183,4.2746,0.566,257,277,0,0,1
2184,4.0589,0.4359,257,277,0,0,1
2185,4.1303,0.3112,257,277,0,0,1
2186,4.2912,0.4253,257,277,0,0,1
2187,4.116,0.5048,257,277,0,0,1
2188,4.0804,0.4524,257,277,0,0,1
2189,4.1981,0.3525,257,277,0,0,1
2190,4.1595,0.6781,256,277,0,0,1
2191,4.1926,0.418,256,276,0,1,1
2192,4.1782,0.4183,256,276,0,0,1
2193,4.1017,0.4165,256,276,0,0,1
2194,4.218,0.4312,256,276,0,0,1
2195,4.1642,0.591,256,276,0,0,1
2196,4.1604,0.4248,256,276,0,0,1
2197,4.2372,0.4712,256,276,0,0,1
2198,4.1844,0.6017,256,276,0,0,1
2199,4.1393,0.4586,255,276,0,0,1
2200,4.069,0.4787,255,275,0,1,1
2201,4.1781,0.3272,254,275,0,0,1
2202,4.5655,0.5309,254,274,0,1,1
2203,3.7641,0.3847,254,274,0,0,1
2204,4.1686,0.318,254,274,0,0,1
2205,4.2653,0.3775,253,274,0,0,1
2206,4.1232,0.4575,253,273,0,1,1
2207,4.1102,0.4731,253,273,0,0,1
2208,4.1854,0.3953,253,273,0,0,1
2209,4.1674,0.4307,253,273,0,0,1
2210,4.2565,0.6842,287,307,34,0,1
2211,4.1416,0.3889,287,307,0,0,1
2212,4.4029,0.6241,287,307,0,0,1
2213,3.9069,0.424,287,307,0,0,1
2214,4.4088,0.6656,286,307,0,0,1
2215,3.9026,0.3582,286,306,0,1,1
2216,4.2161,0.6302,285,306,0,0,1
2217,4.5693,0.8405,285,305,0,1,1
2218,3.748,0.4669,285,305,0,0,1
2219,4.1318,0.3577,285,305,0,0,1
2220,4.1752,0.3523,285,305,0,0,1
2221,4.1891,0.7906,278,305,0,0,1
2222,4.158,0.5282,278,298,0,7,1
2223,4.2177,0.3787,278,298,0,0,1
2224,4.0759,0.422,277,298,0,0,1
2225,4.1815,0.5695,277,297,0,1,1
2226,4.3514,0.7,277,297,0,0,1
2227,4.0558,0.3354,277,297,0,0,1
2228,4.0819,0.438,277,297,0,0,1
2229,4.2142,0.4425,276,297,0,0,1
2230,4.2054,0.4319,276,296,0,1,1
2231,4.0674,0.4932,275,296,0,0,1
2232,4.192,0.4234,275,295,0,1,1
2233,4.1658,0.3778,275,295,0,0,1
2234,4.1586,0.4497,275,295,0,0,1
2235,4.1788,0.3381,275,295,0,0,1
2236,4.1995,0.6005,274,295,0,0,1
2237,4.1229,0.335,274,294,0,1,1
2238,4.2388,0.4045,272,294,0,0,1
2239,4.1166,0.4337,272,292,0,2,1
2240,4.2314,0.4525,271,292,0,0,1
2241,4.1233,0.3329,270,291,0,1,1
2242,4.2127,0.6007,269,290,0,1,1
2243,4.1258,0.4768,269,289,0,1,1
2244,4.1022,0.3367,268,289,0,0,1
2245,4.1912,0.3425,267,288,0,1,1
2246,4.42,0.7254,267,287,0,1,1
2247,3.9905,0.6957,267,287,0,0,1
2248,4.0637,0.4236,267,287,0,0,1
2249,4.1972,0.436,267,287,0,0,1
2250,4.1565,0.4744,267,287,0,0,1
2251,4.1869,0.3692,266,287,0,0,1
2252,4.1707,0.3268,266,286,0,1,1
2253,4.211,0.4803,265,286,0,0,1
2254,4.188,0.4876,265,285,0,1,1
2255,4.1047,0.3585,263,285,0,0,1
2256,4.1387,0.413,262,283,0,2,1
2257,4.2129,0.3892,260,282,0,1,1
2258,4.1386,0.6981,260,280,0,2,1
2259,4.1918,0.4392,260,280,0,0,1
2260,4.193,0.4793,260,280,0,0,1
2261,4.1159,0.3385,260,280,0,0,1
2262,4.2415,0.4732,260,280,0,0,1
2263,4.118,0.5709,259,280,0,0,1
2264,4.1536,0.5194,259,279,0,1,1
2265,4.2164,0.3732,259,279,0,0,1
2266,4.1721,0.5393,256,279,0,0,1
2267,4.1627,0.4361,255,276,0,3,1
2268,4.4187,0.3379,255,275,0,1,1
2269,3.9196,0.4191,255,275,0,0,1
2270,4.1676,0.438,255,275,0,0,1
2271,4.2485,0.5323,255,275,0,0,1
2272,4.053,0.4165,255,275,0,0,1
2273,4.1334,0.3894,255,275,0,0,1
2274,4.1591,0.4186,255,275,0,0,1
2275,4.264,0.5197,255,275,0,0,1
2276,4.0585,0.3813,254,275,0,0,1
2277,4.2803,0.5395,254,274,0,1,1
2278,4.2347,0.7189,254,274,0,0,1
2279,4.0588,0.4782,251,274,0,0,1
2280,4.1086,0.3239,251,271,0,3,1
2281,4.1723,0.4026,251,271,0,0,1
2282,4.2255,0.639,250,271,0,0,1
2283,4.1497,0.3264,249,270,0,1,1
2284,4.1881,0.4703,249,269,0,1,1
2285,4.1008,0.4109,248,269,0,0,1
2286,4.2334,0.4107,248,268,0,1,1
2287,4.1732,0.5687,248,268,0,0,1
2288,4.1185,0.4559,248,268,0,0,1
2289,4.1965,0.3259,248,268,0,0,1
2290,4.3354,0.7303,247,268,0,0,1
2291,3.9926,0.4752,247,267,0,1,1
2292,4.1045,0.3148,247,267,0,0,1
2293,4.2375,0.4486,246,267,0,0,1
2294,4.1459,0.8316,280,300,34,1,1
2295,4.1204,0.3606,280,300,0,0,1
2296,4.2703,0.611,280,300,0,0,1
2297,4.067,0.4149,280,300,0,0,1
2298,4.2022,0.4962,279,300,0,0,1
2299,4.1696,0.3791,279,299,0,1,1
2300,4.0985,0.3477,279,299,0,0,1
2301,4.2001,0.4261,279,299,0,0,1
2302,4.2042,0.7026,278,299,0,0,1
2303,4.2681,0.3892,278,298,0,1,1
2304,4.031,0.3627,278,298,0,0,1
2305,4.1148,0.4182,278,298,0,0,1
2306,4.2996,0.4432,270,298,0,0,1
2307,4.1568,0.4941,269,290,0,8,1
2308,4.1672,0.4297,269,289,0,1,1
2309,4.0757,0.4187,269,289,0,0,1
2310,4.2619,0.4431,269,289,0,0,1
2311,4.0939,0.3253,269,289,0,0,1
2312,4.2385,0.4909,269,289,0,0,1
2313,4.1432,0.5071,269,289,0,0,1
2314,4.2155,0.4681,269,289,0,0,1
2315,4.4184,0.5108,267,289,0,0,1
2316,3.8424,0.4891,267,287,0,2,1
2317,4.2338,0.4017,267,287,0,0,1
2318,4.4434,0.411,267,287,0,0,1
2319,3.8409,0.6656,267,287,0,0,1
2320,4.3696,0.6137,266,287,0,0,1
2321,3.9638,0.3554,266,286,0,1,1
2322,4.4452,0.7596,266,286,0,0,1
2323,3.8804,0.7688,266,286,0,0,1
2324,4.1666,0.4094,265,286,0,0,1
2325,4.2166,0.5766,265,285,0,1,1
2326,4.105,0.5443,265,285,0,0,1
2327,4.1381,0.6937,265,285,0,0,1
2328,4.2032,0.3838,264,285,0,0,1
2329,4.1728,0.3565,264,284,0,1,1
2330,4.1921,0.515,264,284,0,0,1
2331,4.5311,0.6579,264,284,0,0,1
2332,4.0596,0.3401,264,284,0,0,1
2333,3.8651,0.4632,263,284,0,0,1
2334,4.2937,0.7476,263,283,0,1,1
2335,4.0427,0.4248,263,283,0,0,1
2336,4.5345,0.5566,263,283,0,0,1
2337,4.06,0.6229,262,283,0,0,1
2338,3.9829,0.4673,262,282,0,1,1
2339,4.3574,0.3604,261,282,0,0,1
2340,3.8759,0.4278,261,281,0,1,1
2341,4.528,0.637,261,281,0,0,1
2342,3.8494,0.4287,259,281,0,0,1
2343,4.1244,0.3326,259,279,0,2,1
2344,4.1767,0.6577,259,279,0,0,1
2345,4.1779,0.397,258,279,0,0,1
2346,4.3649,0.6166,258,278,0,1,1
2347,4.0065,0.4469,256,278,0,0,1
2348,4.137,0.4662,256,276,0,2,1
2349,4.1369,0.5397,255,276,0,0,1
2350,4.58,0.3863,255,275,0,1,1
2351,4.0315,0.4336,255,275,0,0,1
2352,3.894,0.3742,255,275,0,0,1
2353,4.1469,0.3219,255,275,0,0,1
2354,4.2807,0.7012,255,275,0,0,1
2355,4.0834,0.4281,255,275,0,0,1
2356,4.5003,0.5744,255,275,0,0,1
2357,3.8569,0.4419,255,275,0,0,1
2358,4.5935,0.5012,255,275,0,0,1
2359,3.7277,0.3726,254,275,0,0,1
2360,4.1742,0.3254,253,274,0,1,1
2361,4.4748,0.4186,253,273,0,1,1
2362,3.9358,0.5696,253,273,0,0,1
2363,4.0352,0.3171,252,273,0,0,1
2364,4.1618,0.4086,252,272,0,1,1
2365,4.3856,0.3952,252,272,0,0,1
2366,4.0403,0.5945,251,272,0,0,1
2367,4.4432,0.5646,251,271,0,1,1
2368,3.7926,0.3549,250,271,0,0,1
2369,4.2151,0.3295,249,270,0,1,1
2370,4.2118,0.5538,249,269,0,1,1
2371,4.1015,0.4226,249,269,0,0,1
2372,4.142,0.3149,249,269,0,0,1
2373,4.5427,0.5446,249,269,0,0,1
2374,3.8669,0.6389,249,269,0,0,1
2375,4.1088,0.3654,249,269,0,0,1
2376,4.2244,0.3401,249,269,0,0,1
2377,4.1669,0.6988,249,269,0,0,1
2378,4.388,0.8676,283,303,34,0,1
2379,4.2899,0.5567,282,303,0,0,1
2380,3.8002,0.4312,281,302,0,1,1
2381,4.1425,0.4177,280,301,0,1,1
2382,4.489,0.5296,280,300,0,1,1
2383,3.8511,0.411,279,300,0,0,1
2384,4.3627,0.5288,278,299,0,1,1
2385,4.1577,0.6662,278,298,0,1,1
2386,4.0436,0.6466,278,298,0,0,1
2387,4.5248,0.3679,278,298,0,0,1
2388,3.7501,0.3382,278,298,0,0,1
2389,4.3196,0.5311,271,298,0,0,1
2390,3.9896,0.4713,271,291,0,7,1
2391,4.2657,0.3131,271,291,0,0,1
2392,4.3863,0.583,270,291,0,0,1
2393,3.7768,0.3671,270,290,0,1,1
2394,4.561,0.3866,269,290,0,0,1
2395,3.8103,0.3046,269,289,0,1,1
2396,4.1414,0.4848,269,289,0,0,1
2397,4.2743,0.514,269,289,0,0,1
2398,4.1932,0.4294,269,289,0,0,1
2399,4.0979,0.5597,269,289,0,0,1
2400,4.1082,0.3532,269,289,0,0,1
2401,4.161,0.2977,269,289,0,0,1
2402,4.3593,0.347,267,289,0,0,1
2403,4.1481,0.5581,266,287,0,2,1
2404,4.141,0.5069,266,286,0,1,1
2405,4.0761,0.3101,265,286,0,0,1
2406,4.2538,0.432,265,285,0,1,1
2407,4.1252,0.4042,265,285,0,0,1
2408,4.2156,0.4355,263,285,0,0,1
2409,4.1763,0.538,263,283,0,2,1
2410,4.1233,0.8782,263,283,0,0,1
2411,4.1589,0.4444,263,283,0,0,1
2412,4.1662,0.4082,263,283,0,0,1
2413,4.4757,0.3426,263,283,0,0,1
2414,3.9167,0.4985,263,283,0,0,1
2415,4.2271,0.641,262,283,0,0,1
2416,4.0418,0.3958,262,282,0,1,1
2417,4.1928,0.4189,261,282,0,0,1
2418,4.5036,0.4402,261,281,0,1,1
2419,3.8717,0.3893,261,281,0,0,1
2420,4.0959,0.4162,261,281,0,0,1
2421,4.222,0.6606,261,281,0,0,1
2422,4.1721,0.6839,261,281,0,0,1
2423,4.1217,0.3661,261,281,0,0,1
2424,4.165,0.4308,261,281,0,0,1
2425,4.1071,0.3744,261,281,0,0,1
2426,4.3027,0.3984,261,281,0,0,1
2427,4.2036,0.7237,261,281,0,0,1
2428,4.1588,0.5566,261,281,0,0,1
2429,4.0412,0.3267,259,281,0,0,1
2430,4.2151,0.4684,259,279,0,2,1
2431,4.4259,0.4461,259,279,0,0,1
2432,3.8369,0.3578,258,279,0,0,1
2433,4.24,0.4478,257,278,0,1,1
2434,4.1715,0.7681,257,277,0,1,1
2435,4.2172,0.4631,254,277,0,0,1
2436,4.0946,0.3252,254,274,0,3,1
2437,4.2142,0.4645,254,274,0,0,1
2438,4.1105,0.4521,253,274,0,0,1
2439,4.1536,0.3199,252,273,0,1,1
2440,4.1808,0.5688,252,272,0,1,1
2441,4.1248,0.3707,252,272,0,0,1
2442,4.1915,0.6931,251,272,0,0,1
2443,4.1735,0.4324,249,271,0,1,1
2444,4.1575,0.4194,248,269,0,2,1
2445,4.226,0.3406,248,268,0,1,1
2446,4.168,0.8205,247,268,0,0,1
2447,4.2205,0.5565,246,267,0,1,1
2448,4.0634,0.3838,245,266,0,1,1
2449,4.162,0.4105,245,265,0,1,1
2450,4.1624,0.4858,245,265,0,0,1
2451,4.2918,0.5942,245,265,0,0,1
2452,4.0934,0.5292,245,265,0,0,1
2453,4.112,0.3972,245,265,0,0,1
2454,4.2153,0.4153,245,265,0,0,1
2455,4.1533,0.4145,245,265,0,0,1
2456,4.2054,0.43,245,265,0,0,1
2457,4.1463,0.3663,245,265,0,0,1
2458,4.3053,0.4736,245,265,0,0,1
2459,4.0937,0.3781,245,265,0,0,1
2460,4.0847,0.3282,245,265,0,0,1
2461,4.4302,0.4512,245,265,0,0,1
2462,3.9331,0.6351,279,299,34,0,1
2463,4.2957,0.3832,278,299,0,0,1
2464,4,0.6545,278,298,0,1,1
2465,4.1268,0.4391,278,298,0,0,1
2466,4.2401,0.6945,278,298,0,0,1
2467,4.2279,0.4555,278,298,0,0,1
2468,4.0436,0.449,278,298,0,0,1
2469,4.2459,0.4637,278,298,0,0,1
2470,4.1587,0.401,277,298,0,0,1
2471,4.1195,0.4361,277,297,0,1,1
2472,4.1312,0.4678,277,297,0,0,1
2473,4.2058,0.5787,277,297,0,0,1
2474,4.1641,0.441,270,297,0,0,1
2475,4.195,0.4892,269,290,0,7,1
2476,4.4897,0.4428,269,289,0,1,1
2477,3.7724,0.492,269,289,0,0,1
2478,4.2453,0.5091,269,289,0,0,1
2479,4.1624,0.4105,269,289,0,0,1
2480,4.1322,0.4514,269,289,0,0,1
2481,4.1779,0.3841,269,289,0,0,1
2482,4.3792,0.6108,269,289,0,0,1
2483,3.9808,0.8161,269,289,0,0,1
2484,4.1219,0.3765,269,289,0,0,1
2485,4.1368,0.4901,269,289,0,0,1
2486,4.3212,0.5333,269,289,0,0,1
2487,4.2713,0.4116,268,289,0,0,1
2488,3.8975,0.424,268,288,0,1,1
2489,4.1786,0.3302,268,288,0,0,1
2490,4.3477,0.4972,268,288,0,0,1
2491,4.0136,0.4335,268,288,0,0,1
2492,4.1573,0.3455,268,288,0,0,1
2493,4.2318,0.461,268,288,0,0,1
2494,4.1802,0.4589,268,288,0,0,1
2495,4.1456,0.3724,267,288,0,0,1
2496,4.1202,0.4357,266,287,0,1,1
2497,4.258,0.6146,265,286,0,1,1
2498,4.1553,0.396,264,285,0,1,1
2499,4.114,0.5113,263,284,0,1,1
2500,4.1967,0.4865,263,283,0,1,1
2501,4.1069,0.3713,262,283,0,0,1
2502,4.221,0.3774,262,282,0,1,1
2503,4.1861,0.5599,262,282,0,0,1
2504,4.1616,0.4409,262,282,0,0,1
2505,4.1659,0.3629,261,282,0,0,1
2506,4.2195,0.6306,261,281,0,1,1
2507,4.033,0.5311,260,281,0,0,1
2508,4.1527,0.3496,259,280,0,1,1
2509,4.1707,0.5866,259,279,0,1,1
2510,4.6318,0.5389,259,279,0,0,1
2511,3.7505,0.3629,259,279,0,0,1
2512,4.1311,0.4092,259,279,0,0,1
2513,4.1764,0.43,257,279,0,0,1
2514,4.2298,0.4711,257,277,0,2,1
2515,4.1897,0.3332,256,277,0,0,1
2516,4.0782,0.4101,254,276,0,1,1
2517,4.1745,0.3697,253,274,0,2,1
2518,4.3503,0.6513,251,273,0,1,1
2519,4.0016,0.4791,251,271,0,2,1
2520,4.1332,0.3897,251,271,0,0,1
2521,4.1716,0.438,250,271,0,0,1
2522,4.6338,0.6459,250,270,0,1,1
2523,4.0664,0.553,250,270,0,0,1
2524,3.8379,0.3182,250,270,0,0,1
2525,4.185,0.6437,250,270,0,0,1
2526,4.297,0.6824,248,270,0,0,1
2527,4.0831,0.3384,248,268,0,2,1
2528,4.1705,0.6717,248,268,0,0,1
2529,4.0904,0.5543,248,268,0,0,1
2530,4.3361,0.3897,245,268,0,0,1
2531,4.0059,0.4316,245,265,0,3,1
2532,4.1399,0.3677,244,265,0,0,1
2533,4.3866,0.4756,243,264,0,1,1
2534,4.093,0.7304,243,263,0,1,1
2535,4.2844,0.3465,243,263,0,0,1
2536,3.9643,0.4774,243,263,0,0,1
2537,4.088,0.3731,243,263,0,0,1
2538,4.3125,0.4065,243,263,0,0,1
2539,4.0004,0.5915,243,263,0,0,1
2540,4.206,0.669,243,263,0,0,1
2541,4.1342,0.4572,241,263,0,0,1
2542,4.5407,0.7088,241,261,0,2,1
2543,3.8711,0.4814,241,261,0,0,1
2544,4.1139,0.3125,240,261,0,0,1
2545,4.1353,0.3981,240,260,0,1,1
2546,4.3344,0.9233,274,294,34,0,1
2547,4.1205,0.6005,274,294,0,0,1
2548,4.2634,0.6506,273,294,0,0,1
2549,3.9692,0.4258,273,293,0,1,1
2550,4.3093,0.5876,272,293,0,0,1
2551,4.0563,0.4876,272,292,0,1,1
2552,4.1568,0.4766,272,292,0,0,1
2553,4.197,0.5662,272,292,0,0,1
2554,4.4063,0.4445,272,292,0,0,1
2555,3.8954,0.3671,272,292,0,0,1
2556,4.1757,0.4912,272,292,0,0,1
2557,4.5196,0.5899,265,292,0,0,1
2558,3.8179,0.3726,265,285,0,7,1
2559,4.2232,0.4372,265,285,0,0,1
2560,4.1784,0.5681,265,285,0,0,1
2561,4.0889,0.3396,265,285,0,0,1
2562,4.2603,0.4292,264,285,0,0,1
2563,4.1418,0.6312,264,284,0,1,1
2564,4.0982,0.3977,263,284,0,0,1
2565,4.2597,0.3376,263,283,0,1,1
2566,4.1641,0.6862,263,283,0,0,1
2567,4.0875,0.4468,263,283,0,0,1
2568,4.1622,0.3886,262,283,0,0,1
2569,4.169,0.4084,262,282,0,1,1
2570,4.2839,0.4659,262,282,0,0,1
2571,4.1002,0.4629,262,282,0,0,1
2572,4.1488,0.5528,262,282,0,0,1
2573,4.132,0.407,262,282,0,0,1
2574,4.5826,0.5128,261,282,0,0,1
2575,3.7564,0.3415,260,281,0,1,1
2576,4.2173,0.5828,260,280,0,1,1
2577,4.1615,0.6752,260,280,0,0,1
2578,4.1611,0.3949,259,280,0,0,1
2579,4.2185,0.594,259,279,0,1,1
2580,4.0713,0.385,259,279,0,0,1
2581,4.1318,0.3556,259,279,0,0,1
2582,4.2872,0.5066,259,279,0,0,1
2583,4.2026,0.4387,259,279,0,0,1
2584,4.0621,0.3374,259,279,0,0,1
2585,4.1279,0.3881,258,279,0,0,1
2586,4.2867,0.5591,258,278,0,1,1
2587,4.137,0.6152,257,278,0,0,1
2588,4.1093,0.3534,257,277,0,1,1
2589,4.2276,0.6812,257,277,0,0,1
2590,4.1725,0.454,257,277,0,0,1
2591,4.2176,0.3231,257,277,0,0,1
2592,4.0652,0.4083,257,277,0,0,1
2593,4.1268,0.4085,257,277,0,0,1
2594,4.2795,0.4231,257,277,0,0,1
2595,4.1579,0.4988,257,277,0,0,1
2596,4.0927,0.4633,257,277,0,0,1
2597,4.1301,0.507,256,277,0,0,1
2598,4.2511,0.5667,256,276,0,1,1
2599,4.129,0.41,256,276,0,0,1
2600,4.1992,0.3948,255,276,0,0,1
2601,4.075,0.4163,255,275,0,1,1
2602,4.5369,0.7072,255,275,0,0,1
2603,3.8509,0.5108,253,275,0,0,1
2604,4.1189,0.3224,253,273,0,2,1
2605,4.2569,0.4901,253,273,0,0,1
2606,4.2003,0.4481,253,273,0,0,1
2607,4.137,0.3679,253,273,0,0,1
2608,4.1222,0.4558,253,273,0,0,1
2609,4.1664,0.4617,253,273,0,0,1
2610,4.2793,0.5613,253,273,0,0,1
2611,4.0882,0.4056,253,273,0,0,1
2612,4.0946,0.345,252,273,0,0,1
2613,4.1156,0.4731,252,272,0,1,1
2614,4.2566,0.4638,252,272,0,0,1
2615,4.2226,0.5704,252,272,0,0,1
2616,4.0719,0.3214,251,272,0,0,1
2617,4.3429,0.6772,250,271,0,1,1
2618,4.0898,0.5169,250,270,0,1,1
2619,4.1468,0.3632,250,270,0,0,1
2620,4.1373,0.4831,250,270,0,0,1
2621,4.1396,0.472,250,270,0,0,1
2622,4.2355,0.3678,250,270,0,0,1
2623,4.1971,0.429,250,270,0,0,1
2624,4.1244,0.4865,250,270,0,0,1
2625,4.1597,0.3634,250,270,0,0,1
2626,4.412,0.5201,249,270,0,0,1
2627,3.8913,0.6766,249,269,0,1,1
2628,4.1279,0.3569,248,269,0,0,1
2629,4.2554,0.5566,248,268,0,1,1
2630,4.2882,0.6729,282,302,34,0,1
2631,4.0689,0.412,282,302,0,0,1
2632,4.1636,0.4663,282,302,0,0,1
2633,4.0546,0.4173,282,302,0,0,1
2634,4.2406,0.5789,281,302,0,0,1
2635,4.2083,0.5507,281,301,0,1,1
2636,4.0804,0.3363,281,301,0,0,1
2637,4.183,0.4438,281,301,0,0,1
2638,4.2298,0.5545,280,301,0,0,1
2639,4.104,0.3899,280,300,0,1,1
2640,4.163,0.4071,279,300,0,0,1
2641,4.0784,0.391,272,299,0,1,1
2642,4.272,0.4773,272,292,0,7,1
2643,4.2132,0.3923,272,292,0,0,1
2644,4.1566,0.5309,272,292,0,0,1
2645,4.1057,0.4175,272,292,0,0,1
2646,4.1406,0.4663,272,292,0,0,1
2647,4.3063,0.3294,272,292,0,0,1
2648,4.1212,0.5695,272,292,0,0,1
2649,4.1813,0.6771,272,292,0,0,1
2650,4.1909,0.4423,272,292,0,0,1
2651,4.0403,0.3402,271,292,0,0,1
2652,4.1579,0.3936,271,291,0,1,1
2653,4.1593,0.387,270,291,0,0,1
2654,4.2742,0.4369,270,290,0,1,1
2655,4.5086,0.4136,269,290,0,0,1
2656,3.8056,0.4719,268,289,0,1,1
2657,4.085,0.3216,268,288,0,1,1
2658,4.2319,0.4741,268,288,0,0,1
2659,4.1948,0.5317,268,288,0,0,1
2660,4.0866,0.4146,268,288,0,0,1
2661,4.2904,0.4834,268,288,0,0,1
2662,4.1698,0.7517,268,288,0,0,1
2663,4.1052,0.4718,268,288,0,0,1
2664,4.1252,0.3395,268,288,0,0,1
2665,4.1506,0.3969,267,288,0,0,1
2666,4.2375,0.4829,267,287,0,1,1
2667,4.3173,0.5373,267,287,0,0,1
2668,3.9451,0.3722,266,287,0,0,1
2669,4.1839,0.4132,264,286,0,1,1
2670,4.2488,0.4777,264,284,0,2,1
2671,4.1271,0.5579,263,284,0,0,1
2672,4.1775,0.5925,262,283,0,1,1
2673,4.0623,0.7076,261,282,0,1,1
2674,4.4255,0.4481,261,281,0,1,1
2675,3.9998,0.3722,259,281,0,0,1
2676,4.0924,0.3893,259,279,0,2,1
2677,4.2875,0.3756,259,279,0,0,1
2678,4.1725,0.3839,259,279,0,0,1
2679,4.3284,0.4882,258,279,0,0,1
2680,4.0212,0.5663,258,278,0,1,1
2681,4.0561,0.3247,258,278,0,0,1
2682,4.1993,0.5149,258,278,0,0,1
2683,4.1794,0.4958,257,278,0,0,1
2684,4.1095,0.431,257,277,0,1,1
2685,4.21,0.7049,255,277,0,0,1
2686,4.1914,0.7143,255,275,0,2,1
2687,4.1276,0.3795,255,275,0,0,1
2688,4.1937,0.4097,255,275,0,0,1
2689,4.0864,0.379,255,275,0,0,1
2690,4.2239,0.4127,255,275,0,0,1
2691,4.2031,0.4633,254,275,0,0,1
2692,4.1112,0.4139,254,274,0,1,1
2693,4.1677,0.3455,254,274,0,0,1
2694,4.1471,0.5389,254,274,0,0,1
2695,4.19,0.4425,254,274,0,0,1
2696,4.1907,0.3564,253,274,0,0,1
2697,4.4334,0.33,253,273,0,1,1
2698,8.3863,0.6709,253,273,0,0,1
2699,3.8429,0.4082,253,273,0,0,1
2700,4.5528,0.5256,253,273,0,0,1
2701,3.8226,0.3847,252,273,0,0,1
2702,4.1756,0.3532,252,272,0,1,1
2703,4.1673,0.4601,252,272,0,0,1
2704,4.0955,0.3129,251,272,0,0,1
2705,4.3374,0.4872,251,271,0,1,1
2706,4.0257,0.3644,250,271,0,0,1
2707,4.1003,0.4545,250,270,0,1,1
2708,4.3018,0.4062,250,270,0,0,1
2709,4.0659,0.3183,250,270,0,0,1
2710,4.2425,0.6744,250,270,0,0,1
2711,4.0917,0.4113,249,270,0,0,1
2712,4.1321,0.3458,249,269,0,1,1
2713,4.277,0.7591,283,303,34,0,1
2714,4.132,0.5878,283,303,0,0,1
2715,4.434,0.7619,283,303,0,0,1
2716,3.8627,0.3352,283,303,0,0,1
2717,4.164,0.3945,283,303,0,0,1
2718,4.2258,0.5848,283,303,0,0,1
2719,4.1654,0.4567,283,303,0,0,1
2720,4.1322,0.4183,283,303,0,0,1
2721,4.1419,0.4562,283,303,0,0,1
2722,4.196,0.7198,282,303,0,0,1
2723,4.1549,0.4352,282,302,0,1,1
2724,4.3399,0.5366,275,302,0,0,1
2725,4.0548,0.4803,275,295,0,7,1
2726,4.4768,0.4916,274,295,0,0,1
2727,3.8402,0.4242,273,294,0,1,1
2728,4.0885,0.3621,273,293,0,1,1
2729,4.2435,0.8671,272,293,0,0,1
2730,4.1521,0.4986,272,292,0,1,1
2731,4.0905,0.5704,272,292,0,0,1
2732,4.2333,0.3871,272,292,0,0,1
2733,4.1949,0.4581,272,292,0,0,1
2734,4.0716,0.5271,272,292,0,0,1
2735,4.2551,0.6065,272,292,0,0,1
2736,4.1573,0.4021,272,292,0,0,1
2737,4.1978,0.5803,272,292,0,0,1
2738,4.1341,0.6497,272,292,0,0,1
2739,4.1094,0.4464,272,292,0,0,1
2740,4.1891,0.369,271,292,0,0,1
2741,4.2321,0.6461,271,291,0,1,1
2742,4.1516,0.4498,270,291,0,0,1
2743,4.1326,0.598,269,290,0,1,1
2744,4.1933,0.482,268,289,0,1,1
2745,4.1697,0.4815,268,288,0,1,1
2746,4.0791,0.462,268,288,0,0,1
2747,4.2036,0.3314,268,288,0,0,1
2748,4.2047,0.6002,268,288,0,0,1
2749,4.4257,0.5975,268,288,0,0,1
2750,4.2472,0.4098,267,288,0,0,1
2751,3.857,0.3825,267,287,0,1,1
2752,4.0818,0.4352,265,287,0,0,1
2753,4.1826,0.447,265,285,0,2,1
2754,4.2537,0.4148,265,285,0,0,1
2755,4.0875,0.4211,265,285,0,0,1
2756,4.1941,0.4356,265,285,0,0,1
2757,4.1289,0.3322,265,285,0,0,1
2758,4.2578,0.4263,265,285,0,0,1
2759,4.0975,0.4206,264,285,0,0,1
2760,4.1405,0.546,264,284,0,1,1
2761,4.165,0.3371,262,284,0,0,1
2762,4.1814,0.4604,262,282,0,2,1
2763,4.1454,0.4857,262,282,0,0,1
2764,4.2036,0.3257,262,282,0,0,1
2765,4.177,0.4295,262,282,0,0,1
2766,4.1752,0.4263,262,282,0,0,1
2767,4.2547,0.5806,261,282,0,0,1
2768,4.0395,0.4939,261,281,0,1,1
2769,4.2738,0.6475,260,281,0,0,1
2770,4.0928,0.412,260,280,0,1,1
2771,4.1198,0.3333,260,280,0,0,1
2772,4.3973,0.4363,260,280,0,0,1
2773,4.0172,0.3821,259,280,0,0,1
2774,4.1412,0.3686,259,279,0,1,1
2775,4.1068,0.4257,259,279,0,0,1
2776,4.1658,0.3618,259,279,0,0,1
2777,4.1504,0.3685,257,279,0,0,1
2778,4.2926,0.456,257,277,0,2,1
2779,4.1239,0.6831,257,277,0,0,1
2780,4.1135,0.3604,257,277,0,0,1
2781,4.2688,0.6566,257,277,0,0,1
2782,4.0548,0.4807,257,277,0,0,1
2783,4.1693,0.3307,256,277,0,0,1
2784,4.2134,0.3242,256,276,0,1,1
2785,4.1928,0.423,256,276,0,0,1
2786,4.3454,0.6632,256,276,0,0,1
2787,3.9725,0.3595,256,276,0,0,1
2788,4.1366,0.4283,256,276,0,0,1
2789,4.1821,0.4086,256,276,0,0,1
2790,4.2358,0.4038,256,276,0,0,1
2791,4.1319,0.6428,255,276,0,0,1
2792,4.1555,0.6278,254,275,0,1,1
2793,4.3046,0.3233,254,274,0,1,1
2794,3.9903,0.4445,252,274,0,0,1
2795,4.174,0.4363,251,272,0,2,1
2796,4.2345,0.4656,251,271,0,1,1
2797,4.1517,0.5429,285,305,34,0,1
2798,4.1712,0.473,284,305,0,0,1
2799,4.1137,0.4341,284,304,0,1,1
2800,4.142,0.4021,284,304,0,0,1
2801,4.5106,0.6054,284,304,0,0,1
2802,3.9025,0.5591,283,304,0,0,1
2803,4.107,0.6824,283,303,0,1,1
2804,4.2117,0.4948,283,303,0,0,1
2805,4.1563,0.5285,283,303,0,0,1
2806,4.1995,0.6175,281,303,0,0,1
2807,4.1098,0.4186,281,301,0,2,1
2808,4.1422,0.3706,272,301,0,0,1
2809,4.233,0.5308,272,292,0,9,1
2810,4.2029,0.4567,272,292,0,0,1
2811,4.1396,0.556,271,292,0,0,1
2812,4.0773,0.3302,271,291,0,1,1
2813,4.2617,0.4933,270,291,0,0,1
2814,4.0843,0.4377,270,290,0,1,1
2815,4.2412,0.4434,270,290,0,0,1
2816,4.0711,0.3959,270,290,0,0,1
2817,4.3723,0.6752,269,290,0,0,1
2818,4.1247,0.5115,269,289,0,1,1
2819,4.0338,0.6634,268,289,0,0,1
2820,4.1508,0.4743,268,288,0,1,1
2821,4.2043,0.6111,266,288,0,0,1
2822,4.2491,0.3979,266,286,0,2,1
2823,4.0332,0.4736,265,286,0,0,1
2824,4.1805,0.5835,265,285,0,1,1
2825,4.1778,0.6538,265,285,0,0,1
2826,4.1992,0.3699,264,285,0,0,1
2827,4.1441,0.5665,264,284,0,1,1
2828,4.1846,0.4541,264,284,0,0,1
2829,4.2021,0.6628,263,284,0,0,1
2830,4.2473,0.6108,263,283,0,1,1
2831,4.0451,0.4242,263,283,0,0,1
2832,4.1177,0.3777,263,283,0,0,1
2833,4.217,0.3464,263,283,0,0,1
2834,4.2351,0.4407,263,283,0,0,1
2835,4.1197,0.6518,263,283,0,0,1
2836,4.1139,0.3635,263,283,0,0,1
2837,4.3724,0.5841,263,283,0,0,1
2838,4.0319,0.5381,263,283,0,0,1
2839,4.1386,0.4704,263,283,0,0,1
2840,4.2214,0.3788,263,283,0,0,1
2841,4.2396,0.3445,261,283,0,0,1
2842,4.1144,0.5839,261,281,0,2,1
2843,4.1587,0.5118,260,281,0,0,1
2844,4.129,0.371,259,280,0,1,1
2845,4.1901,0.4904,259,279,0,1,1
2846,4.4948,0.4618,257,279,0,0,1
2847,3.7061,0.5995,257,277,0,2,1
2848,4.2727,0.4562,257,277,0,0,1
2849,4.1303,0.655,257,277,0,0,1
2850,4.1995,0.4024,257,277,0,0,1
2851,4.1195,0.3234,257,277,0,0,1
2852,4.2011,0.4398,255,277,0,0,1
2853,4.2028,0.6189,255,275,0,2,1
2854,4.1238,0.488,255,275,0,0,1
2855,4.1575,0.4303,255,275,0,0,1
2856,4.2219,0.659,255,275,0,0,1
2857,4.12,0.4102,255,275,0,0,1
2858,4.2065,0.4132,255,275,0,0,1
2859,4.1451,0.4611,255,275,0,0,1
2860,4.1231,0.5528,255,275,0,0,1
2861,4.2021,0.4936,255,275,0,0,1
2862,4.1829,0.4491,254,275,0,0,1
2863,4.2042,0.4519,253,274,0,1,1
2864,4.1159,0.4326,253,273,0,1,1
2865,4.255,0.4685,252,273,0,0,1
2866,4.0344,0.428,252,272,0,1,1
2867,4.1897,0.3277,251,272,0,0,1
2868,4.3588,0.7051,251,271,0,1,1
2869,4.036,0.4868,250,271,0,0,1
2870,4.0825,0.368,250,270,0,1,1
2871,4.183,0.3872,249,270,0,0,1
2872,4.1459,0.3873,249,269,0,1,1
2873,4.3673,0.3844,249,269,0,0,1
2874,4.043,0.3705,249,269,0,0,1
2875,4.0981,0.6679,247,269,0,0,1
2876,4.2057,0.3893,247,267,0,2,1
2877,4.2301,0.3707,247,267,0,0,1
2878,4.1126,0.5392,247,267,0,0,1
2879,4.1532,0.3829,247,267,0,0,1
2880,4.2671,0.5722,247,267,0,0,1
2881,4.0506,0.5605,281,301,34,0,1
2882,4.2384,0.507,280,301,0,0,1
2883,4.1694,0.5092,280,300,0,1,1
2884,4.0929,0.3361,280,300,0,0,1
2885,4.2196,0.762,279,300,0,0,1
2886,4.2013,0.5528,279,299,0,1,1
2887,4.1824,0.434,279,299,0,0,1
2888,4.0837,0.5324,278,299,0,0,1
2889,4.2943,0.4981,278,298,0,1,1
2890,4.0688,0.4748,278,298,0,0,1
2891,4.0958,0.3687,278,298,0,0,1
2892,4.2399,0.338,271,298,0,0,1
2893,4.1512,0.4468,270,291,0,7,1
2894,4.1257,0.4126,270,290,0,1,1
2895,4.1429,0.3664,270,290,0,0,1
2896,4.2217,0.418,270,290,0,0,1
2897,4.1038,0.4874,270,290,0,0,1
2898,4.2262,0.3994,270,290,0,0,1
2899,4.308,0.5877,270,290,0,0,1
2900,4.0487,0.6567,270,290,0,0,1
2901,4.1383,0.4018,270,290,0,0,1
2902,4.1565,0.3555,270,290,0,0,1
2903,4.1971,0.5924,269,290,0,0,1
2904,4.4803,0.4109,268,289,0,1,1
2905,3.7816,0.3781,268,288,0,1,1
2906,4.2625,0.4227,268,288,0,0,1
2907,4.1309,0.4414,267,288,0,0,1
2908,4.1582,0.4272,267,287,0,1,1
2909,4.1306,0.4052,267,287,0,0,1
2910,4.2199,0.3737,266,287,0,0,1
2911,4.2112,0.5834,265,286,0,1,1
2912,4.0917,0.4137,265,285,0,1,1
2913,4.1661,0.4966,265,285,0,0,1
2914,4.1752,0.4906,265,285,0,0,1
2915,4.1832,0.4233,264,285,0,0,1
2916,4.1702,0.3341,263,284,0,1,1
2917,4.1442,0.4416,263,283,0,1,1
2918,4.1596,0.4445,263,283,0,0,1
2919,4.2033,0.4448,263,283,0,0,1
2920,4.1392,0.3562,263,283,0,0,1
2921,4.1341,0.408,263,283,0,0,1
2922,4.2014,0.4443,263,283,0,0,1
2923,4.155,0.3477,262,283,0,0,1
2924,4.3174,0.6116,261,282,0,1,1
2925,4.0733,0.7422,261,281,0,1,1
2926,4.1139,0.3729,261,281,0,0,1
2927,4.1928,0.3308,259,281,0,0,1
2928,4.2125,0.4091,259,279,0,2,1
2929,4.0871,0.3901,259,279,0,0,1
2930,4.271,0.6435,259,279,0,0,1
2931,4.134,0.473,259,279,0,0,1
2932,4.1254,0.3951,258,279,0,0,1
2933,4.143,0.3397,258,278,0,1,1
2934,4.2002,0.4875,258,278,0,0,1
2935,4.1396,0.5931,257,278,0,0,1
2936,4.1162,0.644,256,277,0,1,1
2937,4.2341,0.3682,256,276,0,1,1
2938,4.1474,0.4457,254,276,0,0,1
2939,4.2013,0.385,253,274,0,2,1
2940,4.143,0.3195,253,273,0,1,1
2941,4.1652,0.4345,253,273,0,0,1
2942,4.1409,0.3866,252,273,0,0,1
2943,4.1732,0.4781,251,272,0,1,1
2944,4.1923,0.4555,251,271,0,1,1
2945,4.1208,0.551,251,271,0,0,1
2946,4.2274,0.352,250,271,0,0,1
2947,4.138,0.5268,249,270,0,1,1
2948,4.1914,0.4977,247,269,0,1,1
2949,4.2002,0.5925,247,267,0,2,1
2950,4.1344,0.4717,247,267,0,0,1
2951,4.1478,0.4009,247,267,0,0,1
2952,4.1979,0.4078,247,267,0,0,1
2953,4.1843,0.4837,246,267,0,0,1
2954,4.1594,0.6479,245,266,0,1,1
2955,4.2484,0.5429,244,265,0,1,1
2956,4.0254,0.3863,244,264,0,1,1
2957,4.4875,0.5253,244,264,0,0,1
2958,3.8711,0.3524,244,264,0,0,1
2959,4.2207,0.4439,244,264,0,0,1
2960,4.1583,0.3763,244,264,0,0,1
2961,4.0938,0.3427,244,264,0,0,1
2962,4.3228,0.7598,243,264,0,0,1
2963,4.0896,0.3664,243,263,0,1,1
2964,4.1588,0.429,243,263,0,0,1
2965,4.1786,0.6256,276,297,34,0,1
2966,4.1024,0.4336,276,296,0,1,1
2967,4.1563,0.535,275,296,0,0,1
2968,4.158,0.4219,275,295,0,1,1
2969,4.1979,0.6742,275,295,0,0,1
2970,4.1942,0.4942,275,295,0,0,1
2971,4.1274,0.3303,275,295,0,0,1
2972,4.2254,0.5203,275,295,0,0,1
2973,4.1744,0.6604,275,295,0,0,1
2974,4.2211,0.7551,275,295,0,0,1
2975,4.0481,0.3346,275,295,0,0,1
2976,4.5068,0.5923,268,295,0,0,1
2977,3.8878,0.4578,268,288,0,7,1
2978,4.1484,0.3864,268,288,0,0,1
2979,4.1649,0.4774,268,288,0,0,1
2980,4.1713,0.6403,267,288,0,0,1
2981,4.1561,0.6222,267,287,0,1,1
2982,4.1745,0.3593,267,287,0,0,1
2983,4.2126,0.4682,267,287,0,0,1
2984,4.1535,0.6601,267,287,0,0,1
2985,4.1775,0.3811,267,287,0,0,1
2986,4.1075,0.6169,267,287,0,0,1
2987,4.1822,0.3927,267,287,0,0,1
2988,4.1463,0.3713,267,287,0,0,1
2989,4.2136,0.4999,267,287,0,0,1
2990,4.0621,0.433,267,287,0,0,1
2991,4.1954,0.3742,266,287,0,0,1
2992,4.1942,0.52,264,286,0,1,1
2993,4.1947,0.619,264,284,0,2,1
2994,4.1777,0.4227,264,284,0,0,1
2995,4.5224,0.4368,263,284,0,0,1
2996,3.8202,0.4817,263,283,0,1,1
2997,4.1684,0.4632,262,283,0,0,1
2998,4.1229,0.413,262,282,0,1,1
2999,4.1452,0.4219,262,282,0,0,1
3000,4.1999,0.5225,262,282,0,0,1
3001,4.3553,0.5225,261,282,0,0,1
3002,4.0204,0.4101,260,281,0,1,1
3003,4.1495,0.472,260,280,0,1,1
3004,4.124,0.5621,260,280,0,0,1
3005,4.21,0.5405,260,280,0,0,1
3006,4.1749,0.4453,259,280,0,0,1
3007,4.2226,0.4368,259,279,0,1,1
3008,4.0155,0.3857,259,279,0,0,1
3009,4.1787,0.4307,259,279,0,0,1
3010,4.3106,0.7897,259,279,0,0,1
3011,4.0466,0.316,259,279,0,0,1
3012,4.262,0.5363,259,279,0,0,1
3013,4.0523,0.4155,259,279,0,0,1
3014,4.1769,0.3494,259,279,0,0,1
3015,4.2317,0.4814,259,279,0,0,1
3016,4.0917,0.4082,257,279,0,0,1
3017,4.3846,0.5509,257,277,0,2,1
3018,3.9753,0.3891,256,277,0,0,1
3019,4.1978,0.6874,255,276,0,1,1
3020,4.1449,0.3581,254,275,0,1,1
3021,4.2484,0.4125,252,274,0,1,1
3022,4.3524,0.4337,252,272,0,2,1
3023,3.8891,0.3874,251,272,0,0,1
3024,4.2287,0.3661,250,271,0,1,1
3025,4.0974,0.4652,248,270,0,1,1
3026,4.2258,0.4502,248,268,0,2,1
3027,4.1435,0.3727,247,268,0,0,1
3028,4.1401,0.4087,246,267,0,1,1
3029,4.2418,0.3974,246,266,0,1,1
3030,4.1874,0.5289,246,266,0,0,1
3031,4.1734,0.5882,246,266,0,0,1
3032,4.0906,0.5663,246,266,0,0,1
3033,4.0995,0.4517,245,266,0,0,1
3034,4.1839,0.5635,245,265,0,1,1
3035,4.1671,0.3279,243,265,0,0,1
3036,4.4,0.6133,243,263,0,2,1
3037,3.9967,0.4106,243,263,0,0,1
3038,4.1556,0.3313,242,263,0,0,1
3039,4.199,0.4531,242,262,0,1,1
3040,4.1259,0.4137,241,262,0,0,1
3041,4.1968,0.3755,241,261,0,1,1
3042,4.1867,0.4788,241,261,0,0,1
3043,4.1471,0.6579,241,261,0,0,1
3044,4.1454,0.3532,240,261,0,0,1
3045,4.1286,0.4305,240,260,0,1,1
3046,4.2843,0.5566,240,260,0,0,1
3047,4.0704,0.3739,240,260,0,0,1
3048,4.2015,0.4557,240,260,0,0,1
3049,4.1779,0.4846,274,294,34,0,1
3050,4.3759,0.5776,274,294,0,0,1
3051,3.9742,0.5846,274,294,0,0,1
3052,4.0969,0.3911,273,294,0,0,1
3053,4.1689,0.4476,273,293,0,1,1
3054,4.2574,0.403,273,293,0,0,1
3055,4.1232,0.4241,273,293,0,0,1
3056,4.1344,0.5582,273,293,0,0,1
3057,4.1955,0.3929,273,293,0,0,1
3058,4.204,0.4941,273,293,0,0,1
3059,4.089,0.437,273,293,0,0,1
3060,4.2178,0.3792,273,293,0,0,1
3061,4.1756,0.3694,266,293,0,0,1
3062,4.0615,0.4198,266,286,0,7,1
3063,4.2389,0.4233,266,286,0,0,1
3064,4.134,0.327,265,286,0,0,1
3065,4.2543,0.6423,265,285,0,1,1
3066,4.0991,0.4198,265,285,0,0,1
3067,4.2597,0.5536,265,285,0,0,1
3068,4.1126,0.5853,264,285,0,0,1
3069,4.1472,0.6988,264,284,0,1,1
3070,4.21,0.4189,264,284,0,0,1
3071,4.059,0.3283,264,284,0,0,1
3072,4.1663,0.4488,264,284,0,0,1
3073,4.3029,0.5263,264,284,0,0,1
3074,4.0752,0.3779,264,284,0,0,1
3075,4.4634,0.5299,263,284,0,0,1
3076,3.8578,0.43,263,283,0,1,1
3077,4.4642,0.5004,263,283,0,0,1
3078,3.8743,0.4748,263,283,0,0,1
3079,4.2098,0.4904,263,283,0,0,1
3080,4.1825,0.3475,263,283,0,0,1
3081,4.0771,0.3952,263,283,0,0,1
3082,4.2381,0.5162,262,283,0,0,1
3083,4.1288,0.4253,262,282,0,1,1
3084,4.1894,0.3704,262,282,0,0,1
3085,4.1167,0.443,262,282,0,0,1
3086,4.1694,0.4473,260,282,0,0,1
3087,4.195,0.6394,260,280,0,2,1
3088,4.1563,0.4149,257,280,0,0,1
3089,4.1425,0.4375,256,277,0,3,1
3090,4.203,0.3657,256,276,0,1,1
3091,4.1652,0.3299,256,276,0,0,1
3092,4.1816,0.436,256,276,0,0,1
3093,4.1937,0.6851,256,276,0,0,1
3094,4.2289,0.5714,256,276,0,0,1
3095,4.0492,0.4206,256,276,0,0,1
3096,4.1405,0.3702,256,276,0,0,1
3097,4.2023,0.3993,256,276,0,0,1
3098,4.2427,0.5383,256,276,0,0,1
3099,4.1151,0.6137,256,276,0,0,1
3100,4.1352,0.3251,256,276,0,0,1
3101,4.1789,0.6897,256,276,0,0,1
3102,4.1814,0.4347,256,276,0,0,1
3103,4.1923,0.3914,256,276,0,0,1
3104,4.1828,0.4456,256,276,0,0,1
3105,4.1114,0.4424,256,276,0,0,1
3106,4.2183,0.5675,256,276,0,0,1
3107,4.126,0.3361,255,276,0,0,1
3108,4.2038,0.507,255,275,0,1,1
3109,4.1703,0.4586,255,275,0,0,1
3110,4.1106,0.3688,255,275,0,0,1
3111,4.1582,0.6396,255,275,0,0,1
3112,4.1524,0.5282,254,275,0,0,1
3113,4.1897,0.4979,254,274,0,1,1
3114,4.1731,0.5219,254,274,0,0,1
3115,4.1961,0.6248,254,274,0,0,1
3116,4.1304,0.4474,253,274,0,0,1
3117,4.2676,0.6987,253,273,0,1,1
3118,4.1512,0.592,252,273,0,0,1
3119,4.0644,0.3468,252,272,0,1,1
3120,4.4408,0.6519,251,272,0,0,1
3121,4.1302,0.4728,251,271,0,1,1
3122,3.9307,0.3695,251,271,0,0,1
3123,4.1582,0.3976,251,271,0,0,1
3124,4.2043,0.4171,251,271,0,0,1
3125,4.197,0.3843,251,271,0,0,1
3126,4.1982,0.4419,251,271,0,0,1
3127,4.1746,0.4948,251,271,0,0,1
3128,4.1283,0.494,250,271,0,0,1
3129,4.1126,0.358,250,270,0,1,1
3130,4.2386,0.6495,250,270,0,0,1
3131,4.1296,0.4076,250,270,0,0,1
3132,4.162,0.3564,249,270,0,0,1
3133,4.1616,0.7258,283,303,34,1,1
3134,4.1515,0.4541,283,303,0,0,1
3135,4.1375,0.4592,283,303,0,0,1
3136,4.1744,0.377,282,303,0,0,1
3137,4.1688,0.6263,282,302,0,1,1
3138,4.2982,0.554,282,302,0,0,1
3139,4.1167,0.4506,282,302,0,0,1
3140,4.1054,0.3921,282,302,0,0,1
3141,4.1928,0.3947,281,302,0,0,1
3142,4.1314,0.4734,280,301,0,1,1
3143,4.1917,0.4022,280,300,0,1,1
3144,4.1385,0.3585,273,300,0,0,1
3145,4.1616,0.4495,272,293,0,7,1
3146,4.2429,0.7091,272,292,0,1,1
3147,4.0992,0.4679,272,292,0,0,1
3148,4.1795,0.3603,271,292,0,0,1
3149,4.13,0.5918,271,291,0,1,1
3150,4.3305,0.7132,271,291,0,0,1
3151,4.0927,0.3928,271,291,0,0,1
3152,4.2258,0.4191,271,291,0,0,1
3153,4.0604,0.4528,271,291,0,0,1
3154,4.1366,0.5015,269,291,0,0,1
3155,4.2306,0.3334,269,289,0,2,1
3156,4.2093,0.4251,268,289,0,0,1
3157,4.122,0.436,268,288,0,1,1
3158,4.1269,0.3546,267,288,0,0,1
3159,4.175,0.331,267,287,0,1,1
3160,4.1644,0.418,267,287,0,0,1
3161,4.1856,0.4079,266,287,0,0,1
3162,4.2256,0.3499,265,286,0,1,1
3163,4.4439,0.5247,265,285,0,1,1
3164,3.8451,0.7577,265,285,0,0,1
3165,4.4077,0.6442,264,285,0,0,1
3166,3.9049,0.6641,264,284,0,1,1
3167,4.1595,0.4159,264,284,0,0,1
3168,4.1826,0.4358,264,284,0,0,1
3169,4.191,0.3616,264,284,0,0,1
3170,4.1651,0.4438,264,284,0,0,1
3171,4.1333,0.4437,264,284,0,0,1
3172,4.1591,0.3404,264,284,0,0,1
3173,4.1751,0.4562,264,284,0,0,1
3174,4.1682,0.411,263,284,0,0,1
3175,4.2585,0.5932,263,283,0,1,1
3176,4.09,0.7279,263,283,0,0,1
3177,4.134,0.4311,263,283,0,0,1
3178,4.1679,0.3982,263,283,0,0,1
3179,4.1463,0.627,261,283,0,0,1
3180,4.562,0.6714,261,281,0,2,1
3181,4.0815,0.4152,261,281,0,0,1
3182,3.9747,0.3473,261,281,0,0,1
3183,4.4462,0.5522,261,281,0,0,1
3184,3.7853,0.3412,261,281,0,0,1
3185,4.1532,0.3564,261,281,0,0,1
3186,4.2746,0.479,261,281,0,0,1
3187,4.203,0.6711,260,281,0,0,1
3188,4.0794,0.4881,260,280,0,1,1
3189,4.1976,0.6982,260,280,0,0,1
3190,4.1272,0.4865,257,280,0,0,1
3191,4.1268,0.3208,257,277,0,3,1
3192,4.1397,0.461,257,277,0,0,1
3193,4.4267,0.4362,257,277,0,0,1
3194,4.0242,0.6106,257,277,0,0,1
3195,4.162,0.3715,257,277,0,0,1
3196,4.1036,0.4059,257,277,0,0,1
3197,4.4531,0.526,257,277,0,0,1
3198,3.936,0.4098,257,277,0,0,1
3199,4.148,0.5946,257,277,0,0,1
3200,4.1762,0.636,257,277,0,0,1
3201,4.1224,0.3791,257,277,0,0,1
3202,4.1846,0.4698,257,277,0,0,1
3203,4.1615,0.4076,257,277,0,0,1
3204,4.2489,0.3915,257,277,0,0,1
3205,4.1341,0.4729,257,277,0,0,1
3206,4.0723,0.5714,256,277,0,0,1
3207,4.2091,0.5479,256,276,0,1,1
3208,4.1575,0.4345,256,276,0,0,1
3209,4.17,0.4254,255,276,0,0,1
3210,4.2166,0.4403,255,275,0,1,1
3211,4.1821,0.4913,254,275,0,0,1
3212,4.1423,0.4199,254,274,0,1,1
3213,4.2072,0.6339,254,274,0,0,1
3214,4.099,0.3836,254,274,0,0,1
3215,4.1407,0.6779,254,274,0,0,1
3216,4.5448,0.338,253,274,0,0,1
3217,3.7916,0.436,285,307,34,1,1
3218,4.2471,0.7123,285,305,0,2,1
3219,4.1523,0.7648,285,305,0,0,1
3220,4.0908,0.3393,285,305,0,0,1
3221,4.2382,0.6257,285,305,0,0,1
3222,4.1358,0.4973,285,305,0,0,1
3223,4.2233,0.4432,285,305,0,0,1
3224,4.0755,0.393,285,305,0,0,1
3225,4.1811,0.3834,285,305,0,0,1
3226,4.2133,0.6491,285,305,0,0,1
3227,4.1287,0.4064,285,305,0,0,1
3228,4.1391,0.4988,278,305,0,0,1
3229,4.2458,0.4279,278,298,0,7,1
3230,4.0947,0.4335,276,298,0,0,1
3231,4.2581,0.6604,276,296,0,2,1
3232,4.0955,0.4823,275,296,0,0,1
3233,4.1581,0.5299,275,295,0,1,1
3234,4.1769,0.4566,275,295,0,0,1
3235,4.2339,0.4316,275,295,0,0,1
3236,4.111,0.3651,275,295,0,0,1
3237,4.2036,0.69,275,295,0,0,1
3238,4.2112,0.7208,275,295,0,0,1
3239,4.045,0.3385,275,295,0,0,1
3240,4.1986,0.4413,275,295,0,0,1
3241,4.1656,0.6145,275,295,0,0,1
3242,4.1735,0.3997,275,295,0,0,1
3243,4.1196,0.3688,274,295,0,0,1
3244,4.1852,0.5783,274,294,0,1,1
3245,4.1847,0.4669,274,294,0,0,1
3246,4.1731,0.3685,274,294,0,0,1
3247,4.4541,0.3893,273,294,0,0,1
3248,3.8716,0.4429,271,293,0,1,1
3249,4.1481,0.4229,271,291,0,2,1
3250,4.2051,0.4506,271,291,0,0,1
3251,4.1307,0.4223,271,291,0,0,1
3252,4.2758,0.5191,270,291,0,0,1
3253,4.0669,0.3938,270,290,0,1,1
3254,4.1822,0.3527,270,290,0,0,1
3255,4.181,0.4408,270,290,0,0,1
3256,4.1487,0.4025,268,290,0,0,1
3257,4.1376,0.5266,267,288,0,2,1
3258,4.2516,0.4929,265,287,0,1,1
3259,4.1645,0.4994,265,285,0,2,1
3260,4.2472,0.4659,265,285,0,0,1
3261,4.1082,0.4221,264,285,0,0,1
3262,4.0696,0.45,262,284,0,1,1
3263,4.1645,0.6211,262,282,0,2,1
3264,4.2249,0.3331,262,282,0,0,1
3265,4.104,0.4548,261,282,0,0,1
3266,4.3253,0.5875,260,281,0,1,1
3267,4.2046,0.4218,259,280,0,1,1
3268,3.9803,0.4805,258,279,0,1,1
3269,4.2007,0.5522,257,278,0,1,1
3270,4.2115,0.3449,256,277,0,1,1
3271,4.1057,0.4358,255,276,0,1,1
3272,4.2262,0.5263,253,275,0,1,1
3273,4.0972,0.3619,253,273,0,2,1
3274,4.2255,0.5557,253,273,0,0,1
3275,4.1394,0.5637,253,273,0,0,1
3276,4.2588,0.6202,252,273,0,0,1
3277,4.0821,0.3697,252,272,0,1,1
3278,4.0992,0.4433,252,272,0,0,1
3279,4.2469,0.4996,251,272,0,0,1
3280,4.1282,0.447,251,271,0,1,1
3281,4.1797,0.5221,251,271,0,0,1
3282,4.225,0.4046,251,271,0,0,1
3283,4.2607,0.4016,251,271,0,0,1
3284,4.0605,0.4793,251,271,0,0,1
3285,4.1493,0.5984,250,271,0,0,1
3286,4.1227,0.3453,250,270,0,1,1
3287,4.1779,0.408,250,270,0,0,1
3288,4.187,0.5039,249,270,0,0,1
3289,4.1763,0.3608,249,269,0,1,1
3290,4.1773,0.4831,249,269,0,0,1
3291,4.1821,0.388,249,269,0,0,1
3292,4.0779,0.3994,249,269,0,0,1
3293,4.202,0.533,249,269,0,0,1
3294,4.2482,0.3502,248,269,0,0,1
3295,4.0832,0.5759,248,268,0,1,1
3296,4.2217,0.7162,248,268,0,0,1
3297,4.1399,0.362,248,268,0,0,1
3298,4.2,0.4392,248,268,0,0,1
3299,4.0967,0.3849,247,268,0,0,1
3300,4.4606,0.6061,246,267,0,1,1
3301,3.9149,0.4696,279,300,34,1,1
3302,4.1817,0.5124,279,299,0,1,1
3303,4.133,0.4872,279,299,0,0,1
3304,4.131,0.3512,278,299,0,0,1
3305,4.2388,0.4462,278,298,0,1,1
3306,4.3598,0.504,278,298,0,0,1
3307,4.0541,0.6901,278,298,0,0,1
3308,4.0535,0.5882,278,298,0,0,1
3309,4.1791,0.6221,278,298,0,0,1
3310,4.1913,0.5037,278,298,0,0,1
3311,4.1164,0.3773,275,298,0,0,1
3312,4.2336,0.3866,267,295,0,3,1
3313,4.1374,0.4768,267,287,0,8,1
3314,4.2599,0.6821,267,287,0,0,1
3315,4.0693,0.4675,267,287,0,0,1
3316,4.1324,0.3621,267,287,0,0,1
3317,4.2682,0.624,267,287,0,0,1
3318,4.074,0.2975,2,287,0,0,0
3319,4.198,0.8729,2,23,0,264,0
3320,4.2207,0.3324,2,23,0,0,0
3321,4.0792,0.2397,2,23,0,0,0
3322,4.2229,0.2621,2,23,0,0,0
3323,4.0843,0.3587,2,23,0,0,0
3324,4.2448,0.2746,2,23,0,0,0
3325,4.1132,0.2519,2,23,0,0,0
3326,4.1723,0.2316,2,23,0,0,0
3327,4.227,0.2294,2,23,0,0,0
3328,4.077,0.2023,2,23,0,0,0
3329,4.1627,0.363,2,23,0,0,0
3330,4.2005,0.2325,2,23,0,0,0
3331,4.1467,0.3326,2,23,0,0,0
3332,4.2171,0.1957,2,23,0,0,0
3333,4.114,0.3682,2,23,0,0,0
3334,4.2245,0.286,2,23,0,0,0
3335,4.1007,0.2181,2,23,0,0,0
3336,4.195,0.2676,2,23,0,0,0
3337,4.1605,0.2336,2,23,0,0,0
3338,4.3091,0.2894,2,23,0,0,0
3339,4.1904,0.4314,2,23,0,0,0
3340,4.005,0.2353,2,23,0,0,0
3341,4.1038,0.3607,2,23,0,0,0
3342,4.2208,0.2849,2,23,0,0,0
3343,4.2344,0.2733,2,23,0,0,0
3344,4.1819,0.2916,2,23,0,0,0
3345,4.0489,0.1972,2,23,0,0,0
3346,4.6457,0.3085,2,23,0,0,0
3347,3.7125,0.3484,2,23,0,0,0
3348,4.205,0.29,2,23,0,0,0
3349,4.2279,0.2559,2,23,0,0,0
3350,4.1571,0.2453,2,23,0,0,0
3351,4.1812,0.2306,2,23,0,0,0
3352,4.0874,0.2733,2,23,0,0,0
3353,4.1541,0.2303,2,23,0,0,0
3354,4.1824,0.2402,2,23,0,0,0
3355,4.1917,0.2533,2,23,0,0,0
3356,4.2399,0.2312,2,23,0,0,0
3357,4.218,0.2206,2,23,0,0,0
3358,4.1121,0.3435,2,23,0,0,0
3359,4.069,0.2311,2,23,0,0,0
3360,4.4828,0.277,2,23,0,0,0
3361,4.0273,0.3316,2,23,0,0,0
3362,4.3043,0.2384,2,23,0,0,0
3363,4.0975,0.3312,2,23,0,0,0
3364,3.9448,0.2337,2,23,0,0,0
3365,4.2478,0.418,2,23,0,0,0
3366,4.1001,0.2284,2,23,0,0,0
3367,4.191,0.2838,2,23,0,0,0
3368,4.1557,0.3209,2,23,0,0,0
3369,4.1034,0.2267,2,23,0,0,0
3370,4.2587,0.4143,2,23,0,0,0
3371,4.073,0.194,2,23,0,0,0
3372,4.2146,0.26,2,23,0,0,0
3373,4.1257,0.2196,2,23,0,0,0
3374,4.2421,0.2565,2,23,0,0,0
3375,4.1732,0.3232,2,23,0,0,0
3376,4.1005,0.3895,2,23,0,0,0
3377,4.1783,0.4136,2,23,0,0,0
3378,4.1883,0.2425,2,23,0,0,0
3379,4.1317,0.2473,2,23,0,0,0
3380,4.1971,0.2599,2,23,0,0,0
3381,4.1701,0.2555,2,23,0,0,0
3382,4.2795,0.3563,2,23,0,0,0
3383,4.0043,0.2356,2,23,0,0,0
3384,4.1757,0.2674,2,23,0,0,0
3385,4.1755,0.2236,2,23,0,0,0
3386,4.2277,0.3048,2,23,0,0,0
3387,4.1556,0.2828,2,23,0,0,0
3388,4.1168,0.3794,2,23,0,0,0
3389,4.1443,0.3537,2,23,0,0,0
3390,4.1787,0.2227,2,23,0,0,0
3391,4.4759,0.3441,2,23,0,0,0
3392,3.8586,0.4274,2,23,0,0,0
3393,4.1728,0.2235,2,23,0,0,0
3394,4.1494,0.3116,2,23,0,0,0
3395,4.1908,0.2485,2,23,0,0,0
3396,4.4125,0.4234,2,23,0,0,0
3397,3.9037,0.216,2,23,0,0,0
3398,4.4689,0.3141,2,23,0,0,0
3399,3.9315,0.2798,2,23,0,0,0
3400,4.1124,0.2992,2,23,0,0,0
3401,4.1342,0.2246,2,23,0,0,0
3402,4.2683,0.2428,2,23,0,0,0
3403,4.1717,0.2848,2,23,0,0,0
3404,4.1551,0.3078,2,23,0,0,0
3405,4.4259,0.2672,2,23,0,0,0
3406,3.8475,0.275,2,23,0,0,0
3407,4.1714,0.2215,2,23,0,0,0
3408,4.2047,0.2678,2,23,0,0,0
3409,4.2087,0.223,2,23,0,0,0
3410,4.1354,0.281,2,23,0,0,0
3411,4.1915,0.277,2,23,0,0,0
3412,4.0877,0.2291,2,23,0,0,0
3413,4.2222,0.233,2,23,0,0,0
3414,4.1952,0.2534,2,23,0,0,0
3415,4.6221,0.7049,49,69,46,0,1
3416,4.1928,0.3462,49,69,0,0,1
3417,3.537,0.3563,49,69,0,0,1
3418,4.2484,0.3196,49,69,0,0,1
3419,4.1513,0.3618,49,69,0,0,1
3420,4.2412,0.2746,49,69,0,0,1
3421,4.1349,0.2849,49,69,0,0,1
3422,4.1766,0.2895,49,69,0,0,1
3423,4.1613,0.2552,49,69,0,0,1
3424,4.1266,0.3726,49,69,0,0,1
3425,4.1157,0.2844,49,69,0,0,1
3426,4.2565,0.324,49,69,0,0,1
3427,4.12,0.394,49,69,0,0,1
3428,4.1788,0.2728,49,69,0,0,1
3429,4.1521,0.4563,49,69,0,0,1
3430,4.1285,0.7319,49,69,0,0,1
3431,4.2114,0.2854,49,69,0,0,1
3432,4.3524,0.403,49,69,0,0,1
3433,3.9786,0.2743,49,69,0,0,1
3434,4.2208,0.316,49,69,0,0,1
3435,4.094,0.3502,49,69,0,0,1
3436,4.1624,0.2563,49,69,0,0,1
3437,4.242,0.3087,49,69,0,0,1
3438,4.1424,0.2762,49,69,0,0,1
3439,4.1478,0.2508,49,69,0,0,1
3440,4.1616,0.4234,49,69,0,0,1
3441,4.1431,0.2569,49,69,0,0,1
3442,4.4926,0.4236,49,69,0,0,1
3443,3.9113,0.3148,49,69,0,0,1
3444,4.1971,0.298,49,69,0,0,1
3445,4.1512,0.2872,49,69,0,0,1
3446,4.1866,0.3782,49,69,0,0,1
3447,4.0943,0.3231,49,69,0,0,1
3448,4.1347,0.2608,49,69,0,0,1
3449,4.1587,0.2748,49,69,0,0,1
3450,4.2185,0.2758,49,69,0,0,1
3451,4.2033,0.4309,49,69,0,0,1
3452,4.15,0.4011,49,69,0,0,1
3453,4.1661,0.4686,49,69,0,0,1
3454,4.1992,0.3285,49,69,0,0,1
3455,4.1059,0.2662,49,69,0,0,1
3456,4.2416,0.3533,49,69,0,0,1
3457,4.1544,0.2908,49,69,0,0,1
3458,4.1862,0.4689,49,69,0,0,1
3459,4.1703,0.6399,49,69,0,0,1
3460,4.0876,0.2792,49,69,0,0,1
3461,4.1553,0.241,49,69,0,0,1
3462,4.1833,0.3662,49,69,0,0,1
3463,4.1735,0.3398,49,69,0,0,1
3464,4.1515,0.2862,49,69,0,0,1
3465,4.1921,0.4698,49,69,0,0,1
3466,4.1622,0.2756,49,69,0,0,1
3467,4.1468,0.2921,49,69,0,0,1
3468,4.2163,0.323,49,69,0,0,1
3469,4.1205,0.3052,49,69,0,0,1
3470,4.1168,0.4039,49,69,0,0,1
3471,4.3777,0.5854,49,69,0,0,1
3472,4.051,0.4494,49,69,0,0,1
3473,4.111,0.276,49,69,0,0,1
3474,4.1777,0.2903,49,69,0,0,1
3475,4.1704,0.3207,49,69,0,0,1
3476,4.1761,0.2593,49,69,0,0,1
3477,4.1274,0.4503,49,69,0,0,1
3478,4.204,0.2981,49,69,0,0,1
3479,4.1524,0.2844,49,69,0,0,1
3480,4.1987,0.2908,49,69,0,0,1
3481,4.4625,0.291,49,69,0,0,1
3482,3.9467,0.3016,49,69,0,0,1
3483,4.1332,0.4575,49,69,0,0,1
3484,4.1449,0.4759,49,69,0,0,1
3485,4.1661,0.4681,49,69,0,0,1
3486,4.1713,0.482,49,69,0,0,1
3487,4.1668,0.3196,49,69,0,0,1
3488,4.0848,0.3862,49,69,0,0,1
3489,4.1991,0.4696,49,69,0,0,1
3490,4.282,0.3868,49,69,0,0,1
3491,4.0479,0.4448,83,103,34,0,1
3492,4.4981,0.4969,83,103,0,0,1
3493,3.821,0.3928,83,103,0,0,1
3494,4.1645,0.3058,83,103,0,0,1
3495,4.1594,0.3877,83,103,0,0,1
3496,4.2661,0.4304,83,103,0,0,1
3497,4.108,0.2911,83,103,0,0,1
3498,4.1756,0.3338,83,103,0,0,1
3499,4.1805,0.3601,83,103,0,0,1
3500,4.4064,0.2429,83,103,0,0,1
3501,3.8964,0.2931,83,103,0,0,1
3502,4.2407,0.2942,83,103,0,0,1
3503,4.0794,0.3191,83,103,0,0,1
3504,4.1937,0.2942,83,103,0,0,1
3505,4.1159,0.3005,83,103,0,0,1
3506,4.4869,0.4059,83,103,0,0,1
3507,3.8841,0.3635,83,103,0,0,1
3508,4.114,0.3753,83,103,0,0,1
3509,4.375,0.4366,83,103,0,0,1
3510,4.0375,0.378,83,103,0,0,1
3511,4.2172,0.2747,83,103,0,0,1
3512,4.4916,0.3008,83,103,0,0,1
3513,3.7188,0.2629,83,103,0,0,1
3514,4.2319,0.3694,83,103,0,0,1
3515,4.1515,0.2477,83,103,0,0,1
3516,4.2059,0.3304,83,103,0,0,1
3517,4.1264,0.2908,83,103,0,0,1
3518,4.1398,0.444,83,103,0,0,1
3519,4.2429,0.317,83,103,0,0,1
3520,4.1095,0.3544,83,103,0,0,1
3521,4.0799,0.4186,83,103,0,0,1
3522,4.3066,0.3138,83,103,0,0,1
3523,4.4286,0.5199,83,103,0,0,1
3524,3.9188,0.3627,82,103,0,0,1
3525,4.1333,0.4021,82,102,0,1,1
3526,4.195,0.4378,82,102,0,0,1
3527,4.1071,0.3156,82,102,0,0,1
3528,4.3011,0.4116,82,102,0,0,1
3529,4.0224,0.2922,82,102,0,0,1
3530,4.1946,0.2395,82,102,0,0,1
3531,4.5468,0.5277,82,102,0,0,1
3532,3.7673,0.3702,82,102,0,0,1
3533,4.1513,0.4347,82,102,0,0,1
3534,4.1932,0.2488,82,102,0,0,1
3535,4.2231,0.3589,81,102,0,0,1
3536,4.1624,0.3077,81,101,0,1,1
3537,4.058,0.2647,81,101,0,0,1
3538,4.2917,0.299,81,101,0,0,1
3539,4.072,0.3219,81,101,0,0,1
3540,4.1808,0.5103,81,101,0,0,1
3541,4.212,0.3878,81,101,0,0,1
3542,4.4146,0.3517,81,101,0,0,1
3543,3.9374,0.3542,81,101,0,0,1
3544,4.1109,0.2932,81,101,0,0,1
3545,4.1797,0.3042,81,101,0,0,1
3546,4.297,0.4046,81,101,0,0,1
3547,4.2054,0.5812,81,101,0,0,1
3548,4.0156,0.3095,80,101,0,0,1
3549,4.1375,0.292,80,100,0,1,1
3550,4.2752,0.4874,80,100,0,0,1
3551,4.0579,0.3078,80,100,0,0,1
3552,4.2285,0.3352,80,100,0,0,1
3553,4.207,0.2337,80,100,0,0,1
3554,4.0613,0.2885,80,100,0,0,1
3555,4.2307,0.3628,80,100,0,0,1
3556,4.0574,0.2826,80,100,0,0,1
3557,4.198,0.2518,80,100,0,0,1
3558,4.3683,0.3031,80,100,0,0,1
3559,4.0712,0.3069,80,100,0,0,1
3560,4.1071,0.3675,80,100,0,0,1
3561,4.1494,0.2517,80,100,0,0,1
3562,4.1723,0.3105,80,100,0,0,1
3563,4.207,0.5067,80,100,0,0,1
3564,4.1831,0.2889,80,100,0,0,1
3565,4.0998,0.2632,80,100,0,0,1
3566,4.1549,0.3015,80,100,0,0,1
3567,4.1411,0.3046,80,100,0,0,1
3568,4.2085,0.5017,126,146,46,0,1
3569,4.4532,0.3098,126,146,0,0,1
3570,3.9331,0.4057,126,146,0,0,1
3571,4.1731,0.5095,126,146,0,0,1
3572,4.2144,0.466,126,146,0,0,1
3573,4.0809,0.5788,126,146,0,0,1
3574,4.2033,0.4938,126,146,0,0,1
3575,4.0748,0.35,126,146,0,0,1
3576,4.5791,0.5788,126,146,0,0,1
3577,3.834,0.3351,126,146,0,0,1
3578,4.3967,0.4989,126,146,0,0,1
3579,3.8906,0.2731,126,146,0,0,1
3580,4.1367,0.3141,126,146,0,0,1
3581,4.156,0.4586,126,146,0,0,1
3582,4.2124,0.2913,126,146,0,0,1
3583,4.159,0.5172,126,146,0,0,1
3584,4.1976,0.4933,126,146,0,0,1
3585,4.1119,0.474,126,146,0,0,1
3586,4.1522,0.3254,126,146,0,0,1
3587,4.1942,0.4385,126,146,0,0,1
3588,4.1474,0.3493,126,146,0,0,1
3589,4.2603,0.3467,126,146,0,0,1
3590,4.1343,0.3519,126,146,0,0,1
3591,4.2956,0.5079,126,146,0,0,1
3592,4.0054,0.3182,126,146,0,0,1
3593,4.1146,0.3185,126,146,0,0,1
3594,4.2099,0.5088,126,146,0,0,1
3595,4.2403,0.4256,126,146,0,0,1
3596,4.1294,0.4824,126,146,0,0,1
3597,4.2118,0.4984,126,146,0,0,1
3598,4.1463,0.4789,126,146,0,0,1
3599,4.1223,0.345,126,146,0,0,1
3600,4.1874,0.3581,126,146,0,0,1
3601,4.1455,0.3208,126,146,0,0,1
3602,4.3434,0.3312,126,146,0,0,1
3603,4.1051,0.6655,126,146,0,0,1
3604,4.1522,0.5853,124,146,0,0,1
3605,4.1138,0.6058,124,144,0,2,1
3606,4.1453,0.2823,124,144,0,0,1
3607,4.4308,0.5565,124,144,0,0,1
3608,3.8356,0.3755,124,144,0,0,1
3609,4.1772,0.2764,124,144,0,0,1
3610,4.1924,0.3789,124,144,0,0,1
3611,4.1589,0.459,124,144,0,0,1
3612,4.181,0.4902,124,144,0,0,1
3613,4.4567,0.3685,124,144,0,0,1
3614,4.1405,0.5614,124,144,0,0,1
3615,3.9218,0.5266,124,144,0,0,1
3616,4.1311,0.5201,124,144,0,0,1
3617,4.22,0.4738,124,144,0,0,1
3618,4.1554,0.3431,124,144,0,0,1
3619,4.1848,0.4662,124,144,0,0,1
3620,4.1939,0.3064,124,144,0,0,1
3621,4.1068,0.3297,124,144,0,0,1
3622,4.2335,0.4856,124,144,0,0,1
3623,4.0956,0.3319,124,144,0,0,1
3624,4.1728,0.3863,124,144,0,0,1
3625,4.1412,0.3287,124,144,0,0,1
3626,4.2473,0.3543,124,144,0,0,1
3627,4.1313,0.4416,124,144,0,0,1
3628,4.3898,0.2734,124,144,0,0,1
3629,3.8932,0.4904,124,144,0,0,1
3630,4.1993,0.4051,122,144,0,0,1
3631,4.51,0.3555,122,142,0,2,1
3632,3.7808,0.3946,122,142,0,0,1
3633,4.1839,0.4373,122,142,0,0,1
3634,4.1616,0.4414,122,142,0,0,1
3635,4.2018,0.3639,122,142,0,0,1
3636,4.185,0.343,122,142,0,0,1
3637,4.0911,0.3199,122,142,0,0,1
3638,4.3228,0.5212,122,142,0,0,1
3639,4.1287,0.3804,122,142,0,0,1
3640,4.0969,0.4792,122,142,0,0,1
3641,4.1777,0.4593,122,142,0,0,1
3642,4.1999,0.26,122,142,0,0,1
3643,4.1968,0.4163,122,142,0,0,1
3644,4.146,0.4293,122,142,0,0,1
3645,4.1498,0.8048,156,176,34,0,1
3646,4.1541,0.4613,156,176,0,0,1
3647,4.1487,0.3543,156,176,0,0,1
3648,4.1866,0.376,156,176,0,0,1
3649,4.1291,0.3106,156,176,0,0,1
3650,4.2733,0.4818,156,176,0,0,1
3651,4.1589,0.4005,156,176,0,0,1
3652,4.0561,0.449,156,176,0,0,1
3653,4.3805,0.5107,156,176,0,0,1
3654,4.0155,0.5759,156,176,0,0,1
3655,4.1583,0.4159,156,176,0,0,1
3656,4.1083,0.3893,156,176,0,0,1
3657,4.1755,0.3777,156,176,0,0,1
3658,4.2059,0.3405,156,176,0,0,1
3659,4.1381,0.379,156,176,0,0,1
3660,4.1736,0.36,156,176,0,0,1
3661,4.156,0.3259,156,176,0,0,1
3662,4.2361,0.3982,156,176,0,0,1
3663,4.1347,0.3155,156,176,0,0,1
3664,4.1505,0.3544,156,176,0,0,1
3665,4.1813,0.5174,156,176,0,0,1
3666,4.2406,0.3939,156,176,0,0,1
3667,4.1345,0.4083,156,176,0,0,1
3668,4.0695,0.4415,156,176,0,0,1
3669,4.1666,0.3749,156,176,0,0,1
3670,4.2289,0.3238,156,176,0,0,1
3671,4.1246,0.3329,156,176,0,0,1
3672,4.4516,0.5158,156,176,0,0,1
3673,3.9493,0.5977,156,176,0,0,1
3674,4.1456,0.3002,156,176,0,0,1
3675,4.1586,0.4636,156,176,0,0,1
3676,4.1591,0.3832,156,176,0,0,1
3677,4.2071,0.3754,155,176,0,0,1
3678,4.1854,0.367,155,175,0,1,1
3679,4.257,0.4963,155,175,0,0,1
3680,4.0734,0.4425,154,175,0,0,1
3681,4.1515,0.4943,154,174,0,1,1
3682,4.0855,0.351,154,174,0,0,1
3683,4.1733,0.296,154,174,0,0,1
3684,4.2259,0.3606,154,174,0,0,1
3685,4.2801,0.5934,154,174,0,0,1
3686,4.1068,0.3894,153,174,0,0,1
3687,4.0771,0.3706,153,173,0,1,1
3688,4.1724,0.2991,153,173,0,0,1
3689,4.4169,0.3599,153,173,0,0,1
3690,3.9276,0.2544,152,173,0,0,1
3691,4.2999,0.6664,152,172,0,1,1
3692,3.9856,0.3704,151,172,0,0,1
3693,4.2434,0.5449,151,171,0,1,1
3694,4.1396,0.3571,151,171,0,0,1
3695,4.1508,0.2968,151,171,0,0,1
3696,4.2449,0.5018,151,171,0,0,1
3697,4.1057,0.2921,151,171,0,0,1
3698,4.1784,0.3378,151,171,0,0,1
3699,4.1868,0.5576,151,171,0,0,1
3700,4.3106,0.3346,151,171,0,0,1
3701,3.9406,0.4669,151,171,0,0,1
3702,4.2217,0.3278,151,171,0,0,1
3703,4.1964,0.5759,151,171,0,0,1
3704,4.2255,0.5373,148,171,0,0,1
3705,4.084,0.6148,148,168,0,3,1
3706,4.1741,0.3852,148,168,0,0,1
3707,4.1483,0.3271,148,168,0,0,1
3708,4.4251,0.3306,148,168,0,0,1
3709,3.9534,0.2986,148,168,0,0,1
3710,4.3952,0.475,148,168,0,0,1
3711,3.9686,0.5573,148,168,0,0,1
3712,4.0848,0.3905,148,168,0,0,1
3713,4.1645,0.3491,148,168,0,0,1
3714,4.1969,0.408,148,168,0,0,1
3715,5.0205,0.3561,148,168,0,0,1
3716,3.2565,0.2789,148,168,0,0,1
3717,4.195,0.3593,148,168,0,0,1
3718,4.1475,0.5072,148,168,0,0,1
3719,4.1736,0.3088,148,168,0,0,1
3720,4.1427,0.3285,148,168,0,0,1
3721,4.2095,0.3065,148,168,0,0,1
3722,4.1626,0.8816,194,214,46,0,1
3723,4.174,0.3604,194,214,0,0,1
3724,4.1722,0.7713,194,214,0,0,1
3725,4.1641,0.5489,193,214,0,0,1
3726,4.2294,0.5192,193,213,0,1,1
3727,4.0935,0.4728,193,213,0,0,1
3728,4.1876,0.4003,193,213,0,0,1
3729,4.1889,0.5899,193,213,0,0,1
3730,4.1795,0.3518,193,213,0,0,1
3731,4.1069,0.545,193,213,0,0,1
3732,4.1721,0.2923,193,213,0,0,1
3733,4.1221,0.4049,193,213,0,0,1
3734,4.2129,0.3057,193,213,0,0,1
3735,4.1459,0.5823,193,213,0,0,1
3736,4.1988,0.3409,193,213,0,0,1
3737,4.136,0.5455,193,213,0,0,1
3738,4.2416,0.332,193,213,0,0,1
3739,4.1372,0.441,193,213,0,0,1
3740,4.1109,0.2978,193,213,0,0,1
3741,4.2086,0.3829,193,213,0,0,1
3742,4.3176,0.585,192,213,0,0,1
3743,4.0227,0.3828,192,212,0,1,1
3744,4.1168,0.3551,191,212,0,0,1
3745,4.1913,0.3866,191,211,0,1,1
3746,4.1533,0.5195,191,211,0,0,1
3747,4.2168,0.5347,191,211,0,0,1
3748,4.1356,0.5616,191,211,0,0,1
3749,4.1443,0.4407,191,211,0,0,1
3750,4.1869,0.4564,191,211,0,0,1
3751,4.1798,0.2967,191,211,0,0,1
3752,4.1676,0.4403,191,211,0,0,1
3753,4.5822,0.2921,191,211,0,0,1
3754,3.8519,0.5247,190,211,0,0,1
3755,4.0827,0.5287,190,210,0,1,1
3756,4.131,0.3439,190,210,0,0,1
3757,4.1718,0.3165,190,210,0,0,1
3758,4.1698,0.4174,190,210,0,0,1
3759,4.1421,0.4665,190,210,0,0,1
3760,4.2049,0.5548,188,210,0,0,1
3761,4.1198,0.6183,188,208,0,2,1
3762,4.283,0.5069,188,208,0,0,1
3763,4.1519,0.4225,188,208,0,0,1
3764,4.1616,0.4372,188,208,0,0,1
3765,4.0961,0.3469,188,208,0,0,1
3766,4.1996,0.5095,188,208,0,0,1
3767,4.1501,0.3581,188,208,0,0,1
3768,4.1856,0.3947,188,208,0,0,1
3769,4.1342,0.39,188,208,0,0,1
3770,4.2011,0.3954,188,208,0,0,1
3771,4.1814,0.418,188,208,0,0,1
3772,4.1583,0.5782,188,208,0,0,1
3773,4.1606,0.3703,187,208,0,0,1
3774,4.1828,0.298,187,207,0,1,1
3775,4.14,0.3845,187,207,0,0,1
3776,4.2137,0.4233,187,207,0,0,1
3777,4.1418,0.577,187,207,0,0,1
3778,4.3227,0.2974,187,207,0,0,1
3779,3.9854,0.386,187,207,0,0,1
3780,4.2096,0.3288,186,207,0,0,1
3781,4.1284,0.396,186,206,0,1,1
3782,4.4435,0.3473,186,206,0,0,1
3783,3.9347,0.4184,186,206,0,0,1
3784,4.1063,0.4475,185,206,0,0,1
3785,4.1903,0.6212,185,205,0,1,1
3786,4.2443,0.299,185,205,0,0,1
3787,4.1417,0.6964,185,205,0,0,1
3788,4.1156,0.5018,185,205,0,0,1
3789,4.1206,0.5101,185,205,0,0,1
3790,4.2397,0.4631,185,205,0,0,1
3791,4.1179,0.3771,184,205,0,0,1
3792,4.2829,0.5298,183,204,0,1,1
3793,4.0728,0.5213,183,203,0,1,1
3794,4.22,0.4316,183,203,0,0,1
3795,4.178,0.4374,182,203,0,0,1
3796,4.0869,0.414,182,202,0,1,1
3797,4.1766,0.4411,181,202,0,0,1
3798,4.2187,0.5159,215,235,34,1,1
3799,4.1512,0.7479,215,235,0,0,1
3800,4.0886,0.4825,215,235,0,0,1
3801,4.2427,0.4526,215,235,0,0,1
3802,4.2123,0.4637,215,235,0,0,1
3803,4.0857,0.3706,215,235,0,0,1
3804,4.2314,0.5463,215,235,0,0,1
3805,4.0775,0.3521,215,235,0,0,1
3806,4.245,0.363,215,235,0,0,1
3807,4.1692,0.4517,215,235,0,0,1
3808,4.1059,0.3278,215,235,0,0,1
3809,4.3743,0.5424,215,235,0,0,1
3810,4.2801,0.3542,215,235,0,0,1
3811,3.9674,0.5353,215,235,0,0,1
3812,4.1158,0.6075,215,235,0,0,1
3813,4.1356,0.5369,215,235,0,0,1
3814,4.1801,0.4669,215,235,0,0,1
3815,4.0887,0.3051,215,235,0,0,1
3816,4.3582,0.5463,215,235,0,0,1
3817,4.1171,0.3768,215,235,0,0,1
3818,4.1689,0.3582,215,235,0,0,1
3819,4.1099,0.4425,215,235,0,0,1
3820,4.1078,0.31,214,235,0,0,1
3821,4.158,0.3921,214,234,0,1,1
3822,4.186,0.3572,214,234,0,0,1
3823,4.2209,0.5379,214,234,0,0,1
3824,4.1622,0.4739,214,234,0,0,1
3825,4.1405,0.5072,214,234,0,0,1
3826,4.4173,0.5033,214,234,0,0,1
3827,3.8755,0.3176,212,234,0,0,1
3828,4.2726,0.5563,212,232,0,2,1
3829,4.0785,0.3556,212,232,0,0,1
3830,4.3029,0.5387,211,232,0,0,1
3831,4.0318,0.4493,211,231,0,1,1
3832,4.1583,0.3428,210,231,0,0,1
3833,4.1561,0.5233,210,230,0,1,1
3834,4.3596,0.5087,210,230,0,0,1
3835,4.0171,0.5831,209,230,0,0,1
3836,4.1629,0.3796,208,229,0,1,1
3837,4.1232,0.3838,208,228,0,1,1
3838,4.2554,0.4756,208,228,0,0,1
3839,4.0679,0.3253,208,228,0,0,1
3840,4.1743,0.4235,208,228,0,0,1
3841,4.2565,0.3347,207,228,0,0,1
3842,4.1622,0.5514,207,227,0,1,1
3843,4.1584,0.3993,207,227,0,0,1
3844,4.1154,0.393,207,227,0,0,1
3845,4.198,0.5785,206,227,0,0,1
3846,4.1483,0.3238,206,226,0,1,1
3847,4.2304,0.3954,206,226,0,0,1
3848,4.1035,0.3459,206,226,0,0,1
3849,4.1869,0.6584,206,226,0,0,1
3850,4.0823,0.3602,206,226,0,0,1
3851,4.2217,0.413,206,226,0,0,1
3852,4.4904,0.356,204,226,0,0,1
3853,4.1395,0.4125,204,224,0,2,1
3854,3.8441,0.5593,204,224,0,0,1
3855,4.3337,0.5287,203,224,0,0,1
3856,4.0642,0.6871,202,223,0,1,1
3857,4.1028,0.3266,202,222,0,1,1
3858,4.3478,0.3885,202,222,0,0,1
3859,4.0581,0.4038,202,222,0,0,1
3860,4.1273,0.405,202,222,0,0,1
3861,4.159,0.3497,202,222,0,0,1
3862,4.2251,0.4468,202,222,0,0,1
3863,4.1029,0.3795,201,222,0,0,1
3864,4.1859,0.4075,201,221,0,1,1
3865,4.1137,0.3607,199,221,0,0,1
3866,4.3259,0.3073,198,219,0,2,1
3867,4.2374,0.6145,198,218,0,1,1
3868,3.9726,0.3194,198,218,0,0,1
3869,4.1111,0.341,198,218,0,0,1
3870,4.2174,0.3392,198,218,0,0,1
3871,4.2194,0.4238,198,218,0,0,1
3872,4.1449,0.4004,197,218,0,0,1
3873,4.1738,0.596,197,217,0,1,1
3874,4.26,0.5502,197,217,0,0,1
3875,4.0387,0.5872,243,263,46,0,1
3876,4.5565,0.4517,243,263,0,0,1
3877,3.7883,0.4911,243,263,0,0,1
3878,4.2035,0.3784,243,263,0,0,1
3879,4.1772,0.4955,243,263,0,0,1
3880,4.1149,0.3613,243,263,0,0,1
3881,4.1836,0.7811,243,263,0,0,1
3882,4.1649,0.4269,243,263,0,0,1
3883,4.2132,0.3956,243,263,0,0,1
3884,4.1332,0.4293,243,263,0,0,1
3885,4.1944,0.3999,242,263,0,0,1
3886,4.0947,0.5021,242,262,0,1,1
3887,4.1889,0.4186,242,262,0,0,1
3888,4.3689,0.442,242,262,0,0,1
3889,3.9709,0.3275,242,262,0,0,1
3890,4.431,0.5338,242,262,0,0,1
3891,3.9656,0.542,242,262,0,0,1
3892,4.0888,0.5013,242,262,0,0,1
3893,4.1776,0.4041,242,262,0,0,1
3894,4.1697,0.4423,241,262,0,0,1
3895,4.3881,0.461,241,261,0,1,1
3896,4.078,0.4501,241,261,0,0,1
3897,4.0892,0.4534,241,261,0,0,1
3898,4.11,0.4607,241,261,0,0,1
3899,4.1683,0.4224,241,261,0,0,1
3900,4.1372,0.3399,241,261,0,0,1
3901,4.1816,0.5982,241,261,0,0,1
3902,4.1648,0.4153,241,261,0,0,1
3903,4.4641,0.7091,241,261,0,0,1
3904,3.8831,0.6905,241,261,0,0,1
3905,4.1827,0.6254,241,261,0,0,1
3906,4.2029,0.4078,241,261,0,0,1
3907,4.2042,0.495,241,261,0,0,1
3908,4.0866,0.4485,240,261,0,0,1
3909,4.1887,0.4539,240,260,0,1,1
3910,4.0931,0.4454,240,260,0,0,1
3911,4.2022,0.4048,240,260,0,0,1
3912,4.2406,0.3799,240,260,0,0,1
3913,4.1005,0.414,240,260,0,0,1
3914,4.5684,0.5748,240,260,0,0,1
3915,3.8192,0.3794,240,260,0,0,1
3916,4.0969,0.4196,240,260,0,0,1
3917,4.1877,0.4751,239,260,0,0,1
3918,4.2235,0.4267,239,259,0,1,1
3919,4.148,0.7206,238,259,0,0,1
3920,4.1549,0.4248,237,258,0,1,1
3921,4.1823,0.5155,237,257,0,1,1
3922,4.3036,0.5977,235,257,0,0,1
3923,3.9925,0.3323,234,255,0,2,1
3924,4.2806,0.4061,234,254,0,1,1
3925,4.1385,0.6645,234,254,0,0,1
3926,4.0513,0.4284,234,254,0,0,1
3927,4.2465,0.462,234,254,0,0,1
3928,4.097,0.3481,234,254,0,0,1
3929,4.144,0.5612,234,254,0,0,1
3930,4.4989,0.3778,234,254,0,0,1
3931,3.9052,0.6722,234,254,0,0,1
3932,4.1905,0.5128,234,254,0,0,1
3933,4.1324,0.5163,234,254,0,0,1
3934,4.4187,0.5571,234,254,0,0,1
3935,4.397,0.4344,234,254,0,0,1
3936,3.8092,0.3662,234,254,0,0,1
3937,4.1018,0.3919,234,254,0,0,1
3938,4.1433,0.4406,234,254,0,0,1
3939,4.1359,0.3823,234,254,0,0,1
3940,4.1074,0.3987,234,254,0,0,1
3941,4.1812,0.3452,234,254,0,0,1
3942,4.1873,0.3394,234,254,0,0,1
3943,4.3557,0.635,233,254,0,0,1
3944,4.0058,0.3558,233,253,0,1,1
3945,4.111,0.3926,233,253,0,0,1
3946,4.1937,0.4138,233,253,0,0,1
3947,4.1528,0.3403,233,253,0,0,1
3948,4.3677,0.57,232,253,0,0,1
3949,3.9961,0.3646,231,252,0,1,1
3950,4.1319,0.4225,231,251,0,1,1
3951,4.1656,0.4352,231,251,0,0,1
3952,4.1822,0.5034,265,285,34,0,1
3953,4.1924,0.5085,265,285,0,0,1
3954,4.1695,0.541,265,285,0,0,1
3955,4.138,0.6556,265,285,0,0,1
3956,4.179,0.3849,265,285,0,0,1
3957,4.1852,0.6331,265,285,0,0,1
3958,4.2101,0.453,265,285,0,0,1
3959,4.2992,0.3438,263,285,0,0,1
3960,4.0372,0.5806,263,283,0,2,1
3961,4.2582,0.427,263,283,0,0,1
3962,4.3025,0.5541,263,283,0,0,1
3963,3.9322,0.3948,262,283,0,0,1
3964,4.1664,0.6905,262,282,0,1,1
3965,4.139,0.5404,262,282,0,0,1
3966,4.1589,0.3457,261,282,0,0,1
3967,4.343,0.4304,260,281,0,1,1
3968,3.9701,0.5534,260,280,0,1,1
3969,4.1923,0.5986,260,280,0,0,1
3970,4.1062,0.5976,260,280,0,0,1
3971,4.2099,0.4686,260,280,0,0,1
3972,4.2076,0.3669,260,280,0,0,1
3973,4.1855,0.6905,260,280,0,0,1
3974,4.0813,0.4407,260,280,0,0,1
3975,4.1499,0.3291,260,280,0,0,1
3976,4.2445,0.6446,259,280,0,0,1
3977,4.0858,0.5913,259,279,0,1,1
3978,4.4579,0.3703,259,279,0,0,1
3979,3.8842,0.5081,259,279,0,0,1
3980,4.2043,0.4136,259,279,0,0,1
3981,4.2842,0.6169,259,279,0,0,1
3982,4.3179,0.497,259,279,0,0,1
3983,4.0323,0.45,258,279,0,0,1
3984,4.3109,0.5555,258,278,0,1,1
3985,3.8848,0.3674,257,278,0,0,1
3986,4.2322,0.4221,257,277,0,1,1
3987,4.1231,0.5856,256,277,0,0,1
3988,4.1373,0.3509,256,276,0,1,1
3989,4.134,0.5845,255,276,0,0,1
3990,4.239,0.6026,255,275,0,1,1
3991,4.1739,0.3785,255,275,0,0,1
3992,4.1837,0.3396,255,275,0,0,1
3993,4.1499,0.4357,255,275,0,0,1
3994,4.0998,0.3512,255,275,0,0,1
3995,4.1958,0.5522,255,275,0,0,1
3996,4.2402,0.4776,255,275,0,0,1
3997,4.1365,0.4791,254,275,0,0,1
3998,4.114,0.4888,254,274,0,1,1
3999,4.2057,0.6152,254,274,0,0,1
4000,4.1664,0.4614,254,274,0,0,1
4001,4.1159,0.4941,254,274,0,0,1
4002,4.7612,0.4164,254,274,0,0,1
4003,3.6458,0.4494,254,274,0,0,1
4004,4.0741,0.4015,254,274,0,0,1
4005,4.2626,0.4133,253,274,0,0,1
4006,4.3869,0.5248,252,273,0,1,1
4007,3.9972,0.3425,252,272,0,1,1
4008,4.1108,0.4744,251,272,0,0,1
4009,4.1163,0.3863,251,271,0,1,1
4010,4.2136,0.359,251,271,0,0,1
4011,4.2277,0.4253,251,271,0,0,1
4012,4.1935,0.5533,251,271,0,0,1
4013,4.0867,0.5201,251,271,0,0,1
4014,4.1308,0.4082,244,271,0,0,1
4015,4.2008,0.4281,244,264,0,7,1
4016,4.1309,0.4922,243,264,0,0,1
4017,4.1746,0.4083,242,263,0,1,1
4018,4.1933,0.5669,242,262,0,1,1
4019,4.108,0.3361,242,262,0,0,1
4020,4.1755,0.413,241,262,0,0,1
4021,4.1436,0.3403,240,261,0,1,1
4022,4.1894,0.4097,240,260,0,1,1
4023,4.2196,0.5373,240,260,0,0,1
4024,4.1195,0.3567,240,260,0,0,1
4025,4.1163,0.3698,240,260,0,0,1
4026,4.2649,0.4248,240,260,0,0,1
4027,4.1732,0.3688,239,260,0,0,1
4028,4.1697,0.4734,239,259,0,1,1
4029,4.1365,0.6422,285,305,46,0,1
4030,4.1056,0.5188,285,305,0,0,1
4031,4.2716,0.4552,285,305,0,0,1
4032,4.1117,0.5113,285,305,0,0,1
4033,4.1058,0.5102,285,305,0,0,1
4034,4.305,0.4579,285,305,0,0,1
4035,4.3822,0.3885,285,305,0,0,1
4036,3.8489,0.7219,284,305,0,0,1
4037,4.1619,0.4233,283,304,0,1,1
4038,4.2301,0.421,281,303,0,1,1
4039,4.1781,0.495,281,301,0,2,1
4040,4.1276,0.4834,281,301,0,0,1
4041,4.2058,0.5211,281,301,0,0,1
4042,4.1226,0.401,281,301,0,0,1
4043,4.1555,0.3878,281,301,0,0,1
4044,4.3377,0.6048,281,301,0,0,1
4045,4.0644,0.7816,281,301,0,0,1
4046,4.1132,0.3428,281,301,0,0,1
4047,4.4663,0.424,281,301,0,0,1
4048,3.8159,0.4153,281,301,0,0,1
4049,4.341,0.3767,281,301,0,0,1
4050,4.147,0.4231,281,301,0,0,1
4051,4.0769,0.5394,281,301,0,0,1
4052,4.1518,0.543,281,301,0,0,1
4053,4.2171,0.4852,281,301,0,0,1
4054,4.079,0.3922,281,301,0,0,1
4055,4.1518,0.4379,281,301,0,0,1
4056,4.3447,0.6063,281,301,0,0,1
4057,4.0348,0.3826,281,301,0,0,1
4058,4.2273,0.4107,281,301,0,0,1
4059,4.1465,0.6673,281,301,0,0,1
4060,4.1205,0.477,281,301,0,0,1
4061,4.1495,0.4182,280,301,0,0,1
4062,4.2067,0.3628,279,300,0,1,1
4063,4.2098,0.4883,279,299,0,1,1
4064,4.1251,0.4209,279,299,0,0,1
4065,4.1279,0.5979,279,299,0,0,1
4066,4.2363,0.3893,278,299,0,0,1
4067,4.1253,0.4491,277,298,0,1,1
4068,4.1705,0.5753,277,297,0,1,1
4069,4.1982,0.3539,276,297,0,0,1
4070,4.1507,0.4973,275,296,0,1,1
4071,4.1702,0.4655,275,295,0,1,1
4072,4.1033,0.3885,275,295,0,0,1
4073,4.1603,0.3496,274,295,0,0,1
4074,4.2648,0.4474,274,294,0,1,1
4075,4.1681,0.6686,274,294,0,0,1
4076,4.0688,0.386,273,294,0,0,1
4077,4.2301,0.5639,273,293,0,1,1
4078,4.196,0.7845,272,293,0,0,1
4079,4.0821,0.7136,272,292,0,1,1
4080,4.1943,0.5111,271,292,0,0,1
4081,4.1578,0.4585,270,291,0,1,1
4082,4.241,0.521,270,290,0,1,1
4083,4.1919,0.4744,269,290,0,0,1
4084,4.1397,0.5308,269,289,0,1,1
4085,4.1297,0.6404,269,289,0,0,1
4086,4.1557,0.4106,268,289,0,0,1
4087,4.2301,0.6617,268,288,0,1,1
4088,4.2058,0.3789,266,288,0,0,1
4089,4.0566,0.6941,266,286,0,2,1
4090,4.1204,0.4014,259,286,0,0,1
4091,4.2063,0.3477,259,279,0,7,1
4092,4.1459,0.5529,259,279,0,0,1
4093,4.3122,0.4106,259,279,0,0,1
4094,4.042,0.3359,259,279,0,0,1
4095,4.2195,0.4933,259,279,0,0,1
4096,4.1124,0.4532,259,279,0,0,1
4097,4.1509,0.3693,258,279,0,0,1
4098,4.2285,0.3627,258,278,0,1,1
4099,4.1893,0.7179,257,278,0,0,1
4100,4.14,0.5597,256,277,0,1,1
4101,4.2081,0.5683,256,276,0,1,1
4102,4.1065,0.4562,256,276,0,0,1
4103,4.1947,0.4254,256,276,0,0,1
4104,4.1095,0.3771,256,276,0,0,1
4105,4.1581,0.4299,256,276,0,0,1
4106,4.2781,0.9494,290,310,34,0,1
4107,4.2595,0.6902,288,310,0,0,1
4108,3.9881,0.4402,288,308,0,2,1
4109,4.1429,0.4003,288,308,0,0,1
4110,4.2091,0.519,288,308,0,0,1
4111,4.2048,0.5615,287,308,0,0,1
4112,4.0695,0.4447,287,307,0,1,1
4113,4.1941,0.3531,287,307,0,0,1
4114,4.227,0.4666,287,307,0,0,1
4115,4.1228,0.4714,287,307,0,0,1
4116,4.1939,0.4108,287,307,0,0,1
4117,4.1508,0.3807,287,307,0,0,1
4118,4.1871,0.5373,287,307,0,0,1
4119,4.205,0.4504,286,307,0,0,1
4120,4.1378,0.7264,285,306,0,1,1
4121,4.0953,0.5366,285,305,0,1,1
4122,4.4345,0.3578,285,305,0,0,1
4123,3.97,0.5247,285,305,0,0,1
4124,4.1786,0.453,285,305,0,0,1
4125,4.1596,0.3712,285,305,0,0,1
4126,4.1682,0.4442,285,305,0,0,1
4127,4.1161,0.4349,285,305,0,0,1
4128,4.5293,0.6569,285,305,0,0,1
4129,3.8085,0.3851,285,305,0,0,1
4130,4.2659,0.5795,285,305,0,0,1
4131,4.1281,0.5316,285,305,0,0,1
4132,4.1451,0.531,285,305,0,0,1
4133,4.1895,0.6333,285,305,0,0,1
4134,4.1141,0.4599,285,305,0,0,1
4135,4.1808,0.4104,285,305,0,0,1
4136,4.3973,0.4661,285,305,0,0,1
4137,3.9765,0.7394,285,305,0,0,1
4138,4.2562,0.5762,282,305,0,0,1
4139,4.0234,0.3613,282,302,0,3,1
4140,4.5409,0.4742,282,302,0,0,1
4141,3.7778,0.4451,281,302,0,0,1
4142,4.1741,0.4554,280,301,0,1,1
4143,4.1815,0.4489,280,300,0,1,1
4144,4.2576,0.6575,280,300,0,0,1
4145,4.1127,0.6237,280,300,0,0,1
4146,4.2652,0.3912,280,300,0,0,1
4147,4.0886,0.4278,279,300,0,0,1
4148,4.1564,0.4949,278,299,0,1,1
4149,4.0937,0.3857,278,298,0,1,1
4150,4.2309,0.5568,277,298,0,0,1
4151,4.1037,0.44,277,297,0,1,1
4152,4.2448,0.606,276,297,0,0,1
4153,4.1058,0.3893,276,296,0,1,1
4154,4.2229,0.4661,276,296,0,0,1
4155,4.3912,0.6832,276,296,0,0,1
4156,3.9212,0.6686,276,296,0,0,1
4157,4.16,0.3677,276,296,0,0,1
4158,4.1588,0.5103,276,296,0,0,1
4159,4.1606,0.6809,276,296,0,0,1
4160,4.1795,0.4418,276,296,0,0,1
4161,4.1276,0.4536,276,296,0,0,1
4162,4.2095,0.3594,276,296,0,0,1
4163,4.1429,0.5812,276,296,0,0,1
4164,4.1674,0.4793,276,296,0,0,1
4165,4.2203,0.5367,276,296,0,0,1
4166,4.1449,0.4882,275,296,0,0,1
4167,4.1758,0.4657,268,295,0,1,1
4168,4.114,0.3736,268,288,0,7,1
4169,4.1517,0.4188,268,288,0,0,1
4170,4.1781,0.4573,267,288,0,0,1
4171,4.2032,0.4685,267,287,0,1,1
4172,4.1902,0.4093,267,287,0,0,1
4173,4.1302,0.4286,267,287,0,0,1
4174,4.1752,0.5529,266,287,0,0,1
4175,4.1362,0.3768,266,286,0,1,1
4176,4.2534,0.6956,266,286,0,0,1
4177,4.1065,0.4453,266,286,0,0,1
4178,4.2153,0.4586,266,286,0,0,1
4179,4.1635,0.3668,265,286,0,0,1
4180,4.4555,0.5061,265,285,0,1,1
4181,3.8405,0.7085,265,285,0,0,1
4182,4.2114,0.6531,309,331,46,0,1
4183,4.1153,0.4126,307,329,0,2,1
4184,4.1848,0.7051,306,327,0,2,1
4185,4.1259,0.4541,306,326,0,1,1
4186,4.2022,0.6033,305,326,0,0,1
4187,4.1132,0.4361,305,325,0,1,1
4188,4.2495,0.3631,305,325,0,0,1
4189,4.1126,0.3972,304,325,0,0,1
4190,4.2347,0.4457,304,324,0,1,1
4191,4.1427,0.4789,304,324,0,0,1
4192,4.1174,0.4445,304,324,0,0,1
4193,4.1531,0.3711,302,324,0,0,1
4194,4.1936,0.3841,301,322,0,2,1
4195,4.1822,0.7051,301,321,0,1,1
4196,4.1615,0.5337,300,321,0,0,1
4197,4.2044,0.5716,300,320,0,1,1
4198,4.0743,0.4042,300,320,0,0,1
4199,4.5181,0.3686,299,320,0,0,1
4200,3.9231,0.7119,299,319,0,1,1
4201,4.1127,0.4706,297,319,0,0,1
4202,4.1795,0.4414,296,317,0,2,1
4203,4.1398,0.3519,296,316,0,1,1
4204,4.1852,0.3551,295,316,0,0,1
4205,4.1618,0.5007,295,315,0,1,1
4206,4.1617,0.4632,295,315,0,0,1
4207,4.2348,0.5856,295,315,0,0,1
4208,4.0854,0.4037,295,315,0,0,1
4209,4.1527,0.4263,295,315,0,0,1
4210,4.2702,0.5051,295,315,0,0,1
4211,4.1119,0.4025,295,315,0,0,1
4212,4.1603,0.514,295,315,0,0,1
4213,4.1681,0.3782,295,315,0,0,1
4214,4.1295,0.4565,294,315,0,0,1
4215,4.141,0.4728,293,314,0,1,1
4216,4.2791,0.5046,293,313,0,1,1
4217,4.0481,0.4963,292,313,0,0,1
4218,4.3741,0.4023,290,312,0,1,1
4219,3.9879,0.7066,290,310,0,2,1
4220,4.2035,0.6149,289,310,0,0,1
4221,4.1885,0.5762,289,309,0,1,1
4222,4.1802,0.4274,289,309,0,0,1
4223,4.1528,0.4334,289,309,0,0,1
4224,4.1838,0.6028,289,309,0,0,1
4225,4.1565,0.3749,289,309,0,0,1
4226,4.2239,0.6161,289,309,0,0,1
4227,4.1277,0.4893,289,309,0,0,1
4228,4.2016,0.6636,289,309,0,0,1
4229,4.3882,0.4473,288,309,0,0,1
4230,3.8653,0.3666,288,308,0,1,1
4231,4.4215,0.4379,288,308,0,0,1
4232,4.1137,0.6173,288,308,0,0,1
4233,3.9476,0.3648,288,308,0,0,1
4234,4.2638,0.5497,288,308,0,0,1
4235,4.0713,0.4365,288,308,0,0,1
4236,4.2054,0.4494,288,308,0,0,1
4237,4.1122,0.3907,288,308,0,0,1
4238,4.2171,0.63,288,308,0,0,1
4239,4.1475,0.4617,287,308,0,0,1
4240,4.1429,0.4756,286,307,0,1,1
4241,4.2074,0.5613,286,306,0,1,1
4242,4.331,0.6098,284,306,0,0,1
4243,3.9382,0.5065,284,304,0,2,1
4244,4.218,0.7438,277,304,0,0,1
4245,4.1884,0.3701,276,297,0,7,1
4246,4.2368,0.6489,275,296,0,1,1
4247,4.0479,0.4338,275,295,0,1,1
4248,4.1802,0.403,275,295,0,0,1
4249,4.128,0.3689,275,295,0,0,1
4250,4.2483,0.4954,275,295,0,0,1
4251,4.2491,0.5867,275,295,0,0,1
4252,4.1967,0.5497,275,295,0,0,1
4253,4.0421,0.5777,273,295,0,0,1
4254,4.1364,0.4419,273,293,0,2,1
4255,4.2435,0.6932,273,293,0,0,1
4256,4.1492,0.3796,272,293,0,0,1
4257,4.2156,0.5192,271,292,0,1,1
4258,4.0854,0.5082,271,291,0,1,1
4259,4.1526,0.5387,304,325,34,0,1
4260,4.2158,0.5343,304,324,0,1,1
4261,4.1197,0.4067,303,324,0,0,1
4262,4.1516,0.4974,303,323,0,1,1
4263,4.2622,0.7651,302,323,0,0,1
4264,4.2592,0.5867,302,322,0,1,1
4265,4.0239,0.597,302,322,0,0,1
4266,4.1869,0.3698,302,322,0,0,1
4267,4.1526,0.4467,302,322,0,0,1
4268,4.0817,0.45,301,322,0,0,1
4269,4.2146,0.4045,301,321,0,1,1
4270,4.2556,0.7431,300,321,0,0,1
4271,4.0557,0.3732,300,320,0,1,1
4272,4.2298,0.4992,299,320,0,0,1
4273,4.0831,0.4652,299,319,0,1,1
4274,4.2268,0.469,299,319,0,0,1
4275,4.1958,0.5428,299,319,0,0,1
4276,4.2055,0.5883,299,319,0,0,1
4277,4.121,0.6918,299,319,0,0,1
4278,4.1788,0.6448,299,319,0,0,1
4279,4.1465,0.4852,298,319,0,0,1
4280,4.1236,0.48,298,318,0,1,1
4281,4.215,0.4968,298,318,0,0,1
4282,4.1556,0.7326,298,318,0,0,1
4283,4.1055,0.6296,297,318,0,0,1
4284,4.2416,0.3913,296,317,0,1,1
4285,4.0995,0.5554,296,316,0,1,1
4286,4.2233,0.4931,295,316,0,0,1
4287,4.1765,0.5442,294,315,0,1,1
4288,4.1104,0.5571,294,314,0,1,1
4289,4.2436,0.3646,294,314,0,0,1
4290,4.3885,0.52,294,314,0,0,1
4291,3.9232,0.5207,294,314,0,0,1
4292,4.1496,0.4149,293,314,0,0,1
4293,4.1044,0.3525,293,313,0,1,1
4294,4.4114,0.3804,293,313,0,0,1
4295,3.941,0.4695,293,313,0,0,1
4296,4.2596,0.4605,292,313,0,0,1
4297,4.0806,0.3584,292,312,0,1,1
4298,4.2298,0.4204,292,312,0,0,1
4299,4.0852,0.4859,292,312,0,0,1
4300,4.1914,0.7778,291,312,0,0,1
4301,4.3691,0.6503,291,311,0,1,1
4302,4.0087,0.4226,290,311,0,0,1
4303,4.141,0.4803,289,310,0,1,1
4304,4.1461,0.4733,289,309,0,1,1
4305,4.1622,0.3817,288,309,0,0,1
4306,4.2948,0.6243,287,308,0,1,1
4307,4.0325,0.3803,287,307,0,1,1
4308,4.3152,0.6018,286,307,0,0,1
4309,4.0282,0.4342,286,306,0,1,1
4310,4.2811,0.5745,286,306,0,0,1
4311,4.4025,0.4208,285,306,0,0,1
4312,3.8265,0.4636,284,305,0,1,1
4313,4.1338,0.6,283,304,0,1,1
4314,4.3321,0.3571,282,303,0,1,1
4315,4.0286,0.3636,281,302,0,1,1
4316,4.1897,0.4991,281,301,0,1,1
4317,4.1219,0.5522,281,301,0,0,1
4318,4.2311,0.6381,281,301,0,0,1
4319,4.1249,0.3599,281,301,0,0,1
4320,4.2187,0.604,281,301,0,0,1
4321,4.1182,0.386,274,301,0,0,1
4322,4.2932,0.6032,274,294,0,7,1
4323,4.1125,0.46,273,294,0,0,1
4324,4.1065,0.4334,272,293,0,1,1
4325,4.1988,0.6509,271,292,0,1,1
4326,4.1215,0.3584,270,291,0,1,1
4327,4.1889,0.4884,270,290,0,1,1
4328,4.1552,0.729,270,290,0,0,1
4329,4.1878,0.5801,269,290,0,0,1
4330,4.1399,0.3652,269,289,0,1,1
4331,4.1719,0.4587,269,289,0,0,1
4332,4.1825,0.5464,268,289,0,0,1
4333,4.1673,0.6877,268,288,0,1,1
4334,4.2181,0.5319,268,288,0,0,1
4335,4.1314,0.6881,268,288,0,0,1
4336,4.1039,0.5199,313,334,46,0,1
4337,4.2406,0.4247,311,333,0,1,1
4338,4.4386,0.4239,311,331,0,2,1
4339,3.9846,0.6996,311,331,0,0,1
4340,4.104,0.5464,310,331,0,0,1
4341,4.1464,0.6866,310,330,0,1,1
4342,4.1292,0.4085,310,330,0,0,1
4343,4.1258,0.3625,310,330,0,0,1
4344,4.3998,0.5252,309,330,0,0,1
4345,4.1435,0.4895,308,329,0,1,1
4346,4.0413,0.473,307,328,0,1,1
4347,4.1809,0.4664,307,327,0,1,1
4348,4.1072,0.6675,307,327,0,0,1
4349,4.1652,0.4766,307,327,0,0,1
4350,4.1632,0.4717,307,327,0,0,1
4351,4.2119,0.457,307,327,0,0,1
4352,4.161,0.4217,307,327,0,0,1
4353,4.146,0.5436,307,327,0,0,1
4354,4.185,0.6872,307,327,0,0,1
4355,4.1018,0.5508,307,327,0,0,1
4356,4.1991,0.4599,307,327,0,0,1
4357,4.1693,0.4135,307,327,0,0,1
4358,4.5379,0.369,307,327,0,0,1
4359,3.8559,0.4192,307,327,0,0,1
4360,4.448,0.5173,307,327,0,0,1
4361,3.7856,0.6424,307,327,0,0,1
4362,4.2126,0.4798,306,327,0,0,1
4363,4.2245,0.3888,305,326,0,1,1
4364,4.0721,0.7304,304,325,0,1,1
4365,4.2189,0.5258,304,324,0,1,1
4366,4.1435,0.5072,304,324,0,0,1
4367,4.1506,0.4287,304,324,0,0,1
4368,4.2003,0.4231,303,324,0,0,1
4369,4.1422,0.3617,302,323,0,1,1
4370,4.1717,0.4049,302,322,0,1,1
4371,4.2441,0.5481,302,322,0,0,1
4372,4.0867,0.6344,302,322,0,0,1
4373,4.1571,0.3764,302,322,0,0,1
4374,4.2654,0.4755,302,322,0,0,1
4375,4.1797,0.3807,300,322,0,0,1
4376,4.0364,0.5904,300,320,0,2,1
4377,4.3318,0.6274,300,320,0,0,1
4378,4.1088,0.6398,300,320,0,0,1
4379,4.1119,0.361,300,320,0,0,1
4380,4.1969,0.5467,300,320,0,0,1
4381,4.0875,0.4205,300,320,0,0,1
4382,4.178,0.6972,299,320,0,0,1
4383,4.4033,0.6232,299,319,0,1,1
4384,3.9844,0.422,299,319,0,0,1
4385,4.1323,0.5888,297,319,0,0,1
4386,4.1824,0.5297,297,317,0,2,1
4387,4.2078,0.5863,297,317,0,0,1
4388,4.1642,0.3792,296,317,0,0,1
4389,4.1794,0.5376,296,316,0,1,1
4390,4.1138,0.4929,296,316,0,0,1
4391,4.1176,0.3948,295,316,0,0,1
4392,4.2044,0.4318,295,315,0,1,1
4393,4.2114,0.4827,295,315,0,0,1
4394,4.1433,0.5268,295,315,0,0,1
4395,4.1154,0.6181,294,315,0,0,1
4396,4.3418,0.5773,294,314,0,1,1
4397,3.9934,0.3743,287,314,0,0,1
4398,4.2084,0.3788,286,307,0,7,1
4399,4.538,0.7284,286,306,0,1,1
4400,3.7952,0.486,286,306,0,0,1
4401,4.1443,0.5179,286,306,0,0,1
4402,4.2626,0.5693,286,306,0,0,1
4403,4.0856,0.4682,286,306,0,0,1
4404,4.3051,0.7708,286,306,0,0,1
4405,4.0858,0.5647,285,306,0,0,1
4406,4.4099,0.5318,285,305,0,1,1
4407,3.9213,0.4486,285,305,0,0,1
4408,4.112,0.4258,285,305,0,0,1
4409,4.1659,0.5514,285,305,0,0,1
4410,4.1851,0.4504,285,305,0,0,1
4411,4.1623,0.5201,284,305,0,0,1
4412,4.1298,0.45,283,304,0,1,1
4413,4.2157,0.874,317,337,34,1,1
4414,4.1722,0.5427,317,337,0,0,1
4415,4.1325,0.4164,317,337,0,0,1
4416,4.2118,0.3806,317,337,0,0,1
4417,4.1414,0.7187,317,337,0,0,1
4418,4.137,0.4438,317,337,0,0,1
4419,4.2168,0.5334,317,337,0,0,1
4420,4.1865,0.5142,317,337,0,0,1
4421,4.1747,0.5574,317,337,0,0,1
4422,4.1391,0.3911,317,337,0,0,1
4423,4.189,0.6283,317,337,0,0,1
4424,4.1033,0.6241,316,337,0,0,1
4425,4.1987,0.6969,316,336,0,1,1
4426,4.1551,0.4687,314,336,0,0,1
4427,4.2156,0.6193,313,334,0,2,1
4428,4.1579,0.5727,312,333,0,1,1
4429,4.1138,0.5027,311,332,0,1,1
4430,4.1957,0.4575,311,331,0,1,1
4431,4.2029,0.4079,311,331,0,0,1
4432,4.1046,0.4492,311,331,0,0,1
4433,4.124,0.5407,311,331,0,0,1
4434,4.3469,0.6089,311,331,0,0,1
4435,4.0841,0.551,309,331,0,0,1
4436,4.1356,0.4188,308,329,0,2,1
4437,4.1183,0.5196,308,328,0,1,1
4438,4.2352,0.4042,307,328,0,0,1
4439,4.0856,0.4434,307,327,0,1,1
4440,4.5532,0.5336,306,327,0,0,1
4441,3.8068,0.3931,306,326,0,1,1
4442,4.1628,0.3622,306,326,0,0,1
4443,4.5584,0.6158,305,326,0,0,1
4444,3.8437,0.7626,303,325,0,1,1
4445,4.1301,0.7134,303,323,0,2,1
4446,4.1659,0.3827,303,323,0,0,1
4447,4.1683,0.4057,302,323,0,0,1
4448,4.161,0.4696,301,322,0,1,1
4449,4.1742,0.4562,301,321,0,1,1
4450,4.4482,0.4144,301,321,0,0,1
4451,3.832,0.3754,301,321,0,0,1
4452,4.1655,0.3689,300,321,0,0,1
4453,4.1648,0.4596,298,320,0,1,1
4454,4.1371,0.4405,298,318,0,2,1
4455,4.1636,0.4349,298,318,0,0,1
4456,4.2441,0.3615,298,318,0,0,1
4457,4.1908,0.5395,298,318,0,0,1
4458,4.1384,0.4565,298,318,0,0,1
4459,4.3431,0.7233,298,318,0,0,1
4460,3.9792,0.7347,297,318,0,0,1
4461,4.2181,0.5265,296,317,0,1,1
4462,4.1783,0.5005,296,316,0,1,1
4463,4.107,0.4469,296,316,0,0,1
4464,4.2716,0.4008,295,316,0,0,1
4465,4.1281,0.4196,294,315,0,1,1
4466,4.121,0.4172,294,314,0,1,1
4467,4.189,0.6414,294,314,0,0,1
4468,4.1337,0.4501,294,314,0,0,1
4469,4.1341,0.5337,293,314,0,0,1
4470,4.2022,0.3978,293,313,0,1,1
4471,4.25,0.6267,292,313,0,0,1
4472,4.122,0.5511,292,312,0,1,1
4473,4.1217,0.6345,292,312,0,0,1
4474,4.1896,0.3981,285,312,0,0,1
4475,4.1662,0.4913,285,305,0,7,1
4476,4.1833,0.5215,285,305,0,0,1
4477,4.0981,0.3947,284,305,0,0,1
4478,4.3056,0.4154,284,304,0,1,1
4479,4.0809,0.4307,283,304,0,0,1
4480,4.231,0.5946,282,303,0,1,1
4481,4.0422,0.5582,281,302,0,1,1
4482,4.3486,0.3605,281,301,0,1,1
4483,4.0586,0.4467,281,301,0,0,1
4484,4.1507,0.4524,279,301,0,0,1
4485,4.1395,0.6091,279,299,0,2,1
4486,4.2873,0.6773,279,299,0,0,1
4487,4.0429,0.44,279,299,0,0,1
4488,4.2023,0.4213,278,299,0,0,1
4489,4.1146,0.3864,277,298,0,1,1
4490,4.2569,0.4988,322,343,46,1,1
4491,4.1466,0.4498,322,342,0,1,1
4492,4.1301,0.5685,322,342,0,0,1
4493,4.1421,0.641,322,342,0,0,1
4494,4.1878,0.513,322,342,0,0,1
4495,4.1957,0.4945,322,342,0,0,1
4496,4.1949,0.3818,322,342,0,0,1
4497,4.2533,0.4277,321,342,0,0,1
4498,4.0546,0.5217,321,341,0,1,1
4499,4.1189,0.4591,321,341,0,0,1
4500,4.2198,0.4259,321,341,0,0,1
4501,4.1963,0.389,321,341,0,0,1
4502,4.1837,0.6449,321,341,0,0,1
4503,4.2233,0.6249,321,341,0,0,1
4504,4.2952,0.69,321,341,0,0,1
4505,3.9314,0.6743,321,341,0,0,1
4506,4.1558,0.5154,321,341,0,0,1
4507,4.2199,0.5714,321,341,0,0,1
4508,4.0681,0.3832,321,341,0,0,1
4509,4.2705,0.6584,321,341,0,0,1
4510,4.1964,0.549,320,341,0,0,1
4511,4.0369,0.4821,319,340,0,1,1
4512,4.2024,0.5209,319,339,0,1,1
4513,4.2046,0.5222,319,339,0,0,1
4514,4.1559,0.5052,319,339,0,0,1
4515,4.1893,0.5428,318,339,0,0,1
4516,4.0896,0.4452,318,338,0,1,1
4517,4.1312,0.6647,317,338,0,0,1
4518,4.2359,0.4744,317,337,0,1,1
4519,4.1711,0.4652,317,337,0,0,1
4520,4.191,0.3672,315,337,0,0,1
4521,4.1343,0.3767,315,335,0,2,1
4522,4.222,0.5315,313,335,0,0,1
4523,4.082,0.6691,313,333,0,2,1
4524,4.2179,0.6426,313,333,0,0,1
4525,4.1113,0.4201,313,333,0,0,1
4526,4.2055,0.3953,312,333,0,0,1
4527,4.2063,0.3813,312,332,0,1,1
4528,4.1809,0.6492,312,332,0,0,1
4529,4.0876,0.6665,312,332,0,0,1
4530,4.1927,0.4897,311,332,0,0,1
4531,4.2169,0.4878,311,331,0,1,1
4532,4.1632,0.48,309,331,0,0,1
4533,4.1504,0.7427,309,329,0,2,1
4534,4.1328,0.6232,309,329,0,0,1
4535,4.1788,0.4188,307,329,0,0,1
4536,4.1826,0.4752,306,327,0,2,1
4537,4.0979,0.4068,306,326,0,1,1
4538,4.223,0.4527,305,326,0,0,1
4539,4.2164,0.6762,304,325,0,1,1
4540,4.0891,0.4316,302,324,0,1,1
4541,4.2546,0.6438,302,322,0,2,1
4542,4.1191,0.4,302,322,0,0,1
4543,4.1898,0.4374,302,322,0,0,1
4544,4.1354,0.5149,302,322,0,0,1
4545,4.1702,0.7009,300,322,0,0,1
4546,4.125,0.3937,299,320,0,2,1
4547,4.1918,0.3663,299,319,0,1,1
4548,4.2219,0.6515,299,319,0,0,1
4549,4.1761,0.767,298,319,0,0,1
4550,4.1306,0.5917,298,318,0,1,1
4551,4.1772,0.4379,291,318,0,0,1
4552,4.1188,0.5083,290,311,0,7,1
4553,4.1732,0.7214,290,310,0,1,1
4554,4.1984,0.4467,290,310,0,0,1
4555,4.167,0.4655,290,310,0,0,1
4556,4.1388,0.4064,290,310,0,0,1
4557,4.1653,0.4688,288,310,0,0,1
4558,4.1733,0.8236,288,308,0,2,1
4559,4.1227,0.5386,288,308,0,0,1
4560,4.1948,0.7245,288,308,0,0,1
4561,4.1678,0.386,288,308,0,0,1
4562,4.2217,0.5203,288,308,0,0,1
4563,4.1691,0.6733,288,308,0,0,1
4564,4.1267,0.3711,288,308,0,0,1
4565,4.1867,0.5692,286,308,0,0,1
4566,4.1553,0.5088,320,340,34,2,1
4567,4.3651,0.6085,318,340,0,0,1
4568,3.9597,0.5519,317,338,0,2,1
4569,4.1815,0.5275,316,337,0,1,1
4570,4.1717,0.4988,315,336,0,1,1
4571,4.1027,0.3727,315,335,0,1,1
4572,4.2352,0.3824,314,335,0,0,1
4573,4.1638,0.4965,314,334,0,1,1
4574,4.1863,0.5238,313,334,0,0,1
4575,4.0755,0.4153,313,333,0,1,1
4576,4.2078,0.4851,313,333,0,0,1
4577,4.1233,0.5127,311,333,0,0,1
4578,4.2567,0.4298,311,331,0,2,1
4579,4.1199,0.5076,311,331,0,0,1
4580,4.1613,0.4738,311,331,0,0,1
4581,4.1581,0.4006,311,331,0,0,1
4582,4.1823,0.4424,310,331,0,0,1
4583,5.0625,0.3767,309,330,0,1,1
4584,3.2349,0.6459,309,329,0,1,1
4585,4.2195,0.4746,309,329,0,0,1
4586,4.2533,0.6582,309,329,0,0,1
4587,4.0877,0.3796,308,329,0,0,1
4588,4.1173,0.3692,308,328,0,1,1
4589,4.167,0.4312,308,328,0,0,1
4590,4.2139,0.4581,308,328,0,0,1
4591,4.3426,0.744,308,328,0,0,1
4592,3.9859,0.4984,308,328,0,0,1
4593,4.3375,0.3561,308,328,0,0,1
4594,3.9404,0.4209,308,328,0,0,1
4595,4.233,0.4883,308,328,0,0,1
4596,4.1455,0.6458,308,328,0,0,1
4597,4.1787,0.4524,308,328,0,0,1
4598,4.1468,0.4002,308,328,0,0,1
4599,4.2062,0.3994,307,328,0,0,1
4600,4.1207,0.438,305,327,0,1,1
4601,4.1429,0.4455,304,325,0,2,1
4602,4.89,0.449,304,324,0,1,1
4603,3.5131,0.4075,303,324,0,0,1
4604,4.1437,0.4463,302,323,0,1,1
4605,4.1218,0.3761,300,322,0,1,1
4606,4.2018,0.5211,300,320,0,2,1
4607,5.203,0.4076,300,320,0,0,1
4608,3.0492,0.4165,300,320,0,0,1
4609,4.2862,0.3639,300,320,0,0,1
4610,4.3599,0.6512,298,320,0,0,1
4611,3.9845,0.5664,298,318,0,2,1
4612,4.1201,0.5564,297,318,0,0,1
4613,4.1689,0.3829,296,317,0,1,1
4614,4.1802,0.376,295,316,0,1,1
4615,4.1456,0.5527,295,315,0,1,1
4616,4.3761,0.7047,295,315,0,0,1
4617,3.9482,0.4203,295,315,0,0,1
4618,4.1108,0.3976,295,315,0,0,1
4619,4.2533,0.3704,295,315,0,0,1
4620,4.1556,0.6254,294,315,0,0,1
4621,4.1779,0.4526,294,314,0,1,1
4622,4.2589,0.6348,294,314,0,0,1
4623,4.1016,0.4421,294,314,0,0,1
4624,4.1307,0.361,294,314,0,0,1
4625,4.1404,0.4565,293,314,0,0,1
4626,4.2065,0.4562,293,313,0,1,1
4627,4.1765,0.5049,293,313,0,0,1
4628,4.1286,0.3597,285,313,0,0,1
4629,4.2154,0.7017,285,305,0,8,1
4630,4.1641,0.5067,285,305,0,0,1
4631,4.1235,0.4046,285,305,0,0,1
4632,4.2344,0.4334,285,305,0,0,1
4633,4.0745,0.3886,285,305,0,0,1
4634,4.2181,0.6328,285,305,0,0,1
4635,4.2222,0.4108,285,305,0,0,1
4636,4.4593,0.5445,285,305,0,0,1
4637,3.7904,0.5132,284,305,0,0,1
4638,4.1929,0.4854,284,304,0,1,1
4639,4.1465,0.5198,283,304,0,0,1
4640,4.3596,0.3676,282,303,0,1,1
4641,4.0491,0.6238,282,302,0,1,1
4642,4.5109,0.6349,279,302,0,0,1
4643,3.7767,0.684,324,345,46,3,1
4644,4.5283,0.5238,324,344,0,1,1
4645,4.0331,0.5098,324,344,0,0,1
4646,3.9309,0.5671,323,344,0,0,1
4647,4.3425,0.7062,323,343,0,1,1
4648,4.0293,0.561,323,343,0,0,1
4649,4.1003,0.5361,323,343,0,0,1
4650,4.2101,0.6122,321,343,0,0,1
4651,4.3879,0.4831,321,341,0,2,1
4652,4.1609,0.408,321,341,0,0,1
4653,3.9433,0.604,321,341,0,0,1
4654,4.1624,0.3998,320,341,0,0,1
4655,4.1106,0.4132,320,340,0,1,1
4656,4.5425,0.8038,318,340,0,0,1
4657,3.8597,0.6342,317,338,0,2,1
4658,4.1252,0.5725,317,337,0,1,1
4659,4.2111,0.6651,316,337,0,0,1
4660,4.2668,0.675,315,336,0,1,1
4661,4.0144,0.6563,315,335,0,1,1
4662,4.1988,0.4546,314,335,0,0,1
4663,4.4971,0.6704,314,334,0,1,1
4664,4.3258,0.4648,313,334,0,0,1
4665,3.7045,0.6777,313,333,0,1,1
4666,4.1135,0.6198,312,333,0,0,1
4667,4.2088,0.4049,312,332,0,1,1
4668,4.5618,0.5629,310,332,0,0,1
4669,3.7976,0.6964,310,330,0,2,1
4670,4.4653,0.6347,308,330,0,0,1
4671,4.0478,0.5505,308,328,0,2,1
4672,3.993,0.5702,307,328,0,0,1
4673,4.1485,0.5577,307,327,0,1,1
4674,4.1439,0.4589,307,327,0,0,1
4675,4.5956,0.4821,306,327,0,0,1
4676,4.1411,0.6946,306,326,0,1,1
4677,3.757,0.3606,305,326,0,0,1
4678,4.1889,0.5538,305,325,0,1,1
4679,4.1089,0.438,305,325,0,0,1
4680,4.3005,0.4316,305,325,0,0,1
4681,4.0462,0.3609,303,325,0,0,1
4682,4.5143,0.5334,303,323,0,2,1
4683,4.1447,0.5416,303,323,0,0,1
4684,3.8217,0.3918,303,323,0,0,1
4685,4.1563,0.5806,303,323,0,0,1
4686,4.1507,0.339,302,323,0,0,1
4687,4.49,0.5116,302,322,0,1,1
4688,4.3709,0.4058,302,322,0,0,1
4689,3.6514,0.4072,302,322,0,0,1
4690,4.2341,0.4706,302,322,0,0,1
4691,4.1311,0.3304,302,322,0,0,1
4692,4.2137,0.4032,302,322,0,0,1
4693,4.2,0.6709,302,322,0,0,1
4694,4.0626,0.3977,301,322,0,0,1
4695,4.1903,0.4148,301,321,0,1,1
4696,4.1712,0.4283,301,321,0,0,1
4697,4.158,0.3707,301,321,0,0,1
4698,4.1892,0.449,299,321,0,0,1
4699,4.2298,0.6903,299,319,0,2,1
4700,4.0748,0.4766,299,319,0,0,1
4701,4.2101,0.3696,299,319,0,0,1
4702,4.2141,0.4583,298,319,0,0,1
4703,4.167,0.7303,298,318,0,1,1
4704,4.2281,0.5864,297,318,0,0,1
4705,4.0496,0.3635,290,317,0,1,1
4706,4.266,0.5319,290,310,0,7,1
4707,4.1361,0.6066,290,310,0,0,1
4708,4.098,0.4336,290,310,0,0,1
4709,4.1409,0.512,290,310,0,0,1
4710,4.2029,0.377,290,310,0,0,1
4711,4.1687,0.4701,290,310,0,0,1
4712,4.5635,0.4651,290,310,0,0,1
4713,3.7823,0.5244,289,310,0,0,1
4714,4.1411,0.3822,289,309,0,1,1
4715,4.1855,0.5955,289,309,0,0,1
4716,4.4637,0.5962,289,309,0,0,1
4717,3.8804,0.3729,289,309,0,0,1
4718,4.2126,0.4108,286,309,0,0,1
4719,4.1611,0.5564,286,306,0,3,1
4720,4.4571,0.5678,320,340,34,0,1
4721,3.8733,0.4428,320,340,0,0,1
4722,4.8122,0.4869,320,340,0,0,1
4723,3.782,0.5276,318,340,0,0,1
4724,3.8469,0.4344,317,338,0,2,1
4725,4.193,0.6828,316,337,0,1,1
4726,4.1871,0.5908,315,336,0,1,1
4727,4.1156,0.5059,315,335,0,1,1
4728,4.2566,0.7732,313,335,0,0,1
4729,4.0957,0.3776,313,333,0,2,1
4730,4.1822,0.4367,313,333,0,0,1
4731,4.1667,0.5818,313,333,0,0,1
4732,4.1415,0.4436,313,333,0,0,1
4733,4.1298,0.652,313,333,0,0,1
4734,4.1796,0.3854,313,333,0,0,1
4735,4.1525,0.5522,313,333,0,0,1
4736,4.2041,0.463,313,333,0,0,1
4737,4.1978,0.7245,312,333,0,0,1
4738,4.1948,0.568,312,332,0,1,1
4739,4.0909,0.3764,312,332,0,0,1
4740,4.2019,0.3976,312,332,0,0,1
4741,4.2046,0.3926,312,332,0,0,1
4742,4.2388,0.6248,311,332,0,0,1
4743,4.1386,0.5148,310,331,0,1,1
4744,4.078,0.4091,310,330,0,1,1
4745,4.1245,0.5313,310,330,0,0,1
4746,4.1966,0.4027,310,330,0,0,1
4747,4.1804,0.4738,310,330,0,0,1
4748,4.2542,0.646,310,330,0,0,1
4749,4.1138,0.6899,310,330,0,0,1
4750,4.0952,0.5397,310,330,0,0,1
4751,4.1812,0.3754,310,330,0,0,1
4752,4.452,0.5796,307,330,0,0,1
4753,3.8777,0.4391,307,327,0,3,1
4754,4.2653,0.9163,306,327,0,0,1
4755,4.1488,0.4348,306,326,0,1,1
4756,4.1447,0.4188,306,326,0,0,1
4757,4.1063,0.3758,306,326,0,0,1
4758,4.1886,0.4709,306,326,0,0,1
4759,4.23,0.6639,305,326,0,0,1
4760,4.1162,0.3829,303,325,0,1,1
4761,4.2024,0.7182,303,323,0,2,1
4762,4.2489,0.6345,302,323,0,0,1
4763,4.0085,0.4333,300,322,0,1,1
4764,4.2592,0.4792,300,320,0,2,1
4765,4.0847,0.3837,299,320,0,0,1
4766,4.2598,0.6229,298,319,0,1,1
4767,4.2018,0.6303,298,318,0,1,1
4768,4.394,0.62,298,318,0,0,1
4769,3.822,0.402,298,318,0,0,1
4770,4.1861,0.3582,296,318,0,0,1
4771,4.1724,0.3904,295,316,0,2,1
4772,4.169,0.4623,295,315,0,1,1
4773,4.1845,0.4649,295,315,0,0,1
4774,4.2326,0.4886,295,315,0,0,1
4775,4.0496,0.3563,295,315,0,0,1
4776,4.2638,0.4648,293,315,0,0,1
4777,4.08,0.4565,293,313,0,2,1
4778,4.2,0.6297,293,313,0,0,1
4779,4.2018,0.5928,292,313,0,0,1
4780,4.1549,0.4201,292,312,0,1,1
4781,4.107,0.6542,285,312,0,0,1
4782,4.1693,0.4056,285,305,0,7,1
4783,4.1915,0.4678,285,305,0,0,1
4784,4.2026,0.5344,285,305,0,0,1
4785,4.1023,0.4397,285,305,0,0,1
4786,4.2179,0.7376,285,305,0,0,1
4787,4.1003,0.3563,284,305,0,0,1
4788,4.2537,0.4224,284,304,0,1,1
4789,4.1965,0.4563,284,304,0,0,1
4790,4.1375,0.4463,283,304,0,0,1
4791,4.1699,0.3728,283,303,0,1,1
4792,4.2288,0.6236,283,303,0,0,1
4793,4.0802,0.7073,283,303,0,0,1
4794,4.1752,0.4401,282,303,0,0,1
4795,4.1241,0.3697,281,302,0,1,1
4796,4.1825,0.5103,281,301,0,1,1
4797,4.1836,0.9869,327,347,46,0,1
4798,4.1891,0.662,326,347,0,0,1
4799,4.1088,0.5223,326,346,0,1,1
4800,4.1768,0.4177,326,346,0,0,1
4801,4.1558,0.6335,324,346,0,0,1
4802,4.2321,0.4231,323,344,0,2,1
4803,4.1258,0.4462,322,343,0,1,1
4804,4.1477,0.5214,321,342,0,1,1
4805,4.2765,0.7466,320,341,0,1,1
4806,4.0687,0.4376,320,340,0,1,1
4807,4.172,0.4087,320,340,0,0,1
4808,4.4122,0.6893,320,340,0,0,1
4809,3.9247,0.5368,319,340,0,0,1
4810,4.2379,0.7893,319,339,0,1,1
4811,4.0491,0.4364,319,339,0,0,1
4812,4.2019,0.4394,318,339,0,0,1
4813,4.1486,0.6703,317,338,0,1,1
4814,4.2245,0.5039,317,337,0,1,1
4815,4.1792,0.4063,317,337,0,0,1
4816,4.1073,0.5013,315,337,0,0,1
4817,4.1761,0.4682,315,335,0,2,1
4818,4.1886,0.4489,315,335,0,0,1
4819,4.1984,0.4293,315,335,0,0,1
4820,4.0681,0.4218,313,335,0,0,1
4821,4.2047,0.3956,313,333,0,2,1
4822,4.2236,0.4771,313,333,0,0,1
4823,4.0816,0.4163,312,333,0,0,1
4824,4.1957,0.4641,312,332,0,1,1
4825,4.1174,0.4246,312,332,0,0,1
4826,4.244,0.4329,312,332,0,0,1
4827,4.144,0.4999,312,332,0,0,1
4828,4.1535,0.6625,312,332,0,0,1
4829,4.1991,0.6741,312,332,0,0,1
4830,4.1503,0.3796,312,332,0,0,1
4831,4.1774,0.4131,311,332,0,0,1
4832,4.244,0.3961,311,331,0,1,1
4833,4.0585,0.4868,310,331,0,0,1
4834,4.2174,0.5286,310,330,0,1,1
4835,4.1046,0.3645,310,330,0,0,1
4836,4.3172,0.6214,309,330,0,0,1
4837,4.15,0.4002,309,329,0,1,1
4838,4.1627,0.6399,308,329,0,0,1
4839,4.0827,0.495,308,328,0,1,1
4840,4.1372,0.4609,308,328,0,0,1
4841,4.1414,0.5233,307,328,0,0,1
4842,4.2342,0.4041,307,327,0,1,1
4843,4.1899,0.8285,307,327,0,0,1
4844,4.181,0.498,306,327,0,0,1
4845,4.0961,0.5723,306,326,0,1,1
4846,4.2239,0.3956,305,326,0,0,1
4847,4.1341,0.3727,305,325,0,1,1
4848,4.2386,0.7478,305,325,0,0,1
4849,4.042,0.4025,305,325,0,0,1
4850,4.1909,0.7097,305,325,0,0,1
4851,4.1791,0.3538,305,325,0,0,1
4852,4.1642,0.5658,305,325,0,0,1
4853,4.177,0.4501,305,325,0,0,1
4854,4.1541,0.4528,304,325,0,0,1
4855,4.2544,0.6747,304,324,0,1,1
4856,4.1873,0.4081,304,324,0,0,1
4857,4.2452,0.4034,304,324,0,0,1
4858,4.0041,0.4817,297,324,0,0,1
4859,4.1587,0.4251,296,317,0,7,1
4860,4.3485,0.5282,296,316,0,1,1
4861,3.9846,0.3795,295,316,0,0,1
4862,4.2545,0.7117,295,315,0,1,1
4863,4.123,0.7883,294,315,0,0,1
4864,4.2424,0.5699,293,314,0,1,1
4865,4.006,0.5222,293,313,0,1,1
4866,4.2163,0.3774,293,313,0,0,1
4867,4.1252,0.6929,293,313,0,0,1
4868,4.3017,0.7083,293,313,0,0,1
4869,4.0398,0.4829,292,313,0,0,1
4870,4.2306,0.3992,291,312,0,1,1
4871,4.1129,0.4823,291,311,0,1,1
4872,4.2438,0.5042,291,311,0,0,1
4873,4.1338,0.3912,289,311,0,0,1
4874,4.2703,0.7342,322,343,34,2,1
4875,4.0863,0.4533,322,342,0,1,1
4876,4.1838,0.5017,321,342,0,0,1
4877,4.1407,0.9799,321,341,0,1,1
4878,4.1242,0.5994,320,341,0,0,1
4879,4.1786,0.5995,319,340,0,1,1
4880,4.2933,0.4025,319,339,0,1,1
4881,4.0529,0.4048,319,339,0,0,1
4882,4.1705,0.4353,319,339,0,0,1
4883,4.1041,0.3773,319,339,0,0,1
4884,4.2518,0.5009,319,339,0,0,1
4885,4.0614,0.4617,319,339,0,0,1
4886,4.2113,0.4336,319,339,0,0,1
4887,4.1854,0.4038,318,339,0,0,1
4888,4.1422,0.5709,318,338,0,1,1
4889,4.2005,0.5376,318,338,0,0,1
4890,4.1751,0.4798,318,338,0,0,1
4891,4.1352,0.6998,318,338,0,0,1
4892,4.3529,0.4331,318,338,0,0,1
4893,4.1694,0.7553,318,338,0,0,1
4894,3.9859,0.4216,318,338,0,0,1
4895,4.1519,0.3846,317,338,0,0,1
4896,4.2611,0.4474,317,337,0,1,1
4897,4.0506,0.4429,317,337,0,0,1
4898,4.3002,0.733,316,337,0,0,1
4899,4.1913,0.6379,316,336,0,1,1
4900,4.0424,0.3624,316,336,0,0,1
4901,4.1604,0.367,316,336,0,0,1
4902,4.1725,0.3927,316,336,0,0,1
4903,4.2801,0.4845,314,336,0,0,1
4904,4.0935,0.4528,314,334,0,2,1
4905,4.1879,0.6915,314,334,0,0,1
4906,4.1631,0.4268,313,334,0,0,1
4907,4.1089,0.3712,312,333,0,1,1
4908,4.1885,0.4237,312,332,0,1,1
4909,4.1453,0.517,311,332,0,0,1
4910,4.2137,0.4901,311,331,0,1,1
4911,4.2272,0.621,311,331,0,0,1
4912,4.2934,0.6393,311,331,0,0,1
4913,3.9066,0.5407,310,331,0,0,1
4914,4.2272,0.4253,310,330,0,1,1
4915,4.1044,0.4715,309,330,0,0,1
4916,4.271,0.4845,308,329,0,1,1
4917,4.076,0.6002,308,328,0,1,1
4918,4.2994,0.6718,308,328,0,0,1
4919,4.0488,0.3749,308,328,0,0,1
4920,4.1464,0.6628,307,328,0,0,1
4921,4.1526,0.4402,307,327,0,1,1
4922,4.2825,0.543,306,327,0,0,1
4923,4.1019,0.509,305,326,0,1,1
4924,4.2292,0.6956,304,325,0,1,1
4925,4.1093,0.4726,302,324,0,1,1
4926,4.1536,0.4547,301,322,0,2,1
4927,4.5048,0.6003,301,321,0,1,1
4928,3.8789,0.461,300,321,0,0,1
4929,4.1484,0.362,300,320,0,1,1
4930,4.2032,0.5799,300,320,0,0,1
4931,4.0932,0.4429,300,320,0,0,1
4932,4.1733,0.4818,300,320,0,0,1
4933,4.1735,0.4501,300,320,0,0,1
4934,4.1522,0.3686,299,320,0,0,1
4935,4.1889,0.523,292,319,0,1,1
4936,4.1931,0.7916,291,312,0,7,1
4937,4.2263,0.6825,291,311,0,1,1
4938,4.0943,0.3907,291,311,0,0,1
4939,4.1704,0.5208,291,311,0,0,1
4940,4.1281,0.4475,291,311,0,0,1
4941,4.1806,0.3905,291,311,0,0,1
4942,4.2667,0.4009,291,311,0,0,1
4943,4.0578,0.3614,290,311,0,0,1
4944,4.1697,0.463,290,310,0,1,1
4945,4.1435,0.4198,290,310,0,0,1
4946,4.4971,0.3925,290,310,0,0,1
4947,4.1493,0.3663,290,310,0,0,1
4948,3.8769,0.4653,288,310,0,0,1
4949,4.1431,0.6795,286,308,0,2,1
4950,4.1616,0.5624,332,352,46,2,1
4951,4.5414,0.535,332,352,0,0,1
4952,3.9331,0.4708,332,352,0,0,1
4953,4.0804,0.5761,332,352,0,0,1
4954,4.2032,0.7918,330,352,0,0,1
4955,4.1517,0.6972,330,350,0,2,1
4956,4.1051,0.5313,330,350,0,0,1
4957,4.4109,0.4685,330,350,0,0,1
4958,3.9911,0.6575,330,350,0,0,1
4959,4.1462,0.4203,330,350,0,0,1
4960,4.106,0.4139,330,350,0,0,1
4961,4.1508,0.6318,330,350,0,0,1
4962,4.1926,0.5097,330,350,0,0,1
4963,4.219,0.4628,329,350,0,0,1
4964,4.1989,0.5172,329,349,0,1,1
4965,4.1351,0.497,329,349,0,0,1
4966,4.4157,0.4206,329,349,0,0,1
4967,3.8599,0.3748,329,349,0,0,1
4968,4.1953,0.6422,328,349,0,0,1
4969,4.1689,0.4981,326,348,0,1,1
4970,4.2258,0.5276,326,346,0,2,1
4971,4.1742,0.4687,326,346,0,0,1
4972,4.0913,0.6263,326,346,0,0,1
4973,4.1335,0.5381,326,346,0,0,1
4974,4.2207,0.4265,326,346,0,0,1
4975,4.1645,0.5499,325,346,0,0,1
4976,4.2283,0.7342,324,345,0,1,1
4977,4.1638,0.7304,324,344,0,1,1
4978,4.1505,0.449,324,344,0,0,1
4979,4.0775,0.4723,324,344,0,0,1
4980,4.2153,0.5298,322,344,0,0,1
4981,4.1271,0.398,322,342,0,2,1
4982,4.2387,0.5679,321,342,0,0,1
4983,4.1056,0.6955,320,341,0,1,1
4984,4.1847,0.581,320,340,0,1,1
4985,4.1639,0.6127,320,340,0,0,1
4986,4.2058,0.4103,320,340,0,0,1
4987,4.2555,0.593,320,340,0,0,1
4988,4.1011,0.5565,320,340,0,0,1
4989,4.1404,0.6865,320,340,0,0,1
4990,4.1877,0.4936,320,340,0,0,1
4991,4.1293,0.4973,318,340,0,0,1
4992,4.2212,0.391,318,338,0,2,1
4993,4.0984,0.4085,318,338,0,0,1
4994,4.2379,0.4844,318,338,0,0,1
4995,4.1084,0.5099,316,338,0,0,1
4996,4.1595,0.4301,316,336,0,2,1
4997,4.1936,0.6473,316,336,0,0,1
4998,4.1348,0.3884,314,336,0,0,1
4999,4.3401,0.3915,313,334,0,2,1
5000,4.0292,0.6354,313,333,0,1,1
5001,4.1962,0.5997,312,333,0,0,1
5002,4.1646,0.5014,312,332,0,1,1
5003,4.1063,0.3863,312,332,0,0,1
5004,4.1916,0.3899,312,332,0,0,1
5005,4.1558,0.3737,312,332,0,0,1
5006,4.2595,0.6437,312,332,0,0,1
5007,4.1885,0.5449,312,332,0,0,1
5008,4.1052,0.4576,312,332,0,0,1
5009,4.0614,0.5376,312,332,0,0,1
5010,4.223,0.3918,312,332,0,0,1
5011,4.124,0.3757,312,332,0,0,1
5012,4.3181,0.8372,305,332,0,0,1
5013,4.0708,0.5362,305,325,0,7,1
5014,4.1598,0.4258,304,325,0,0,1
5015,4.1551,0.3664,304,324,0,1,1
5016,4.1654,0.4117,304,324,0,0,1
5017,4.1317,0.4224,304,324,0,0,1
5018,4.3586,0.7381,304,324,0,0,1
5019,4.0454,0.4703,304,324,0,0,1
5020,4.4727,0.5095,301,324,0,0,1
5021,3.771,0.5246,301,321,0,3,1
5022,4.2134,0.4699,299,321,0,0,1
5023,4.1284,0.496,299,319,0,2,1
5024,4.2931,0.4116,299,319,0,0,1
5025,4.2176,0.6371,299,319,0,0,1
5026,4.0886,0.471,298,319,0,0,1
5027,4.0814,0.5045,330,352,34,1,1
5028,4.2039,0.4906,329,350,0,2,1
5029,4.1468,0.5691,328,349,0,1,1
5030,4.2266,0.742,328,348,0,1,1
5031,4.2408,0.6853,328,348,0,0,1
5032,4.0298,0.3686,328,348,0,0,1
5033,4.1658,0.3689,327,348,0,0,1
5034,4.2124,0.4273,327,347,0,1,1
5035,4.4596,0.7417,327,347,0,0,1
5036,3.9064,0.491,327,347,0,0,1
5037,4.1088,0.7538,326,347,0,0,1
5038,4.1255,0.8649,324,346,0,1,1
5039,4.2033,0.3829,324,344,0,2,1
5040,4.5163,0.5487,324,344,0,0,1
5041,3.8026,0.3815,324,344,0,0,1
5042,4.4088,0.5767,324,344,0,0,1
5043,3.9034,0.6791,323,344,0,0,1
5044,4.2519,0.6529,323,343,0,1,1
5045,4.1679,0.5712,322,343,0,0,1
5046,4.1291,0.3921,322,342,0,1,1
5047,4.4319,0.5893,321,342,0,0,1
5048,3.9476,0.5482,321,341,0,1,1
5049,4.1399,0.7488,321,341,0,0,1
5050,4.1525,0.7453,321,341,0,0,1
5051,4.1154,0.578,321,341,0,0,1
5052,4.2684,0.7176,319,341,0,0,1
5053,4.1148,0.3847,319,339,0,2,1
5054,4.2095,0.4703,319,339,0,0,1
5055,4.1266,0.4757,317,339,0,0,1
5056,4.1825,0.6866,316,337,0,2,1
5057,4.1625,0.5422,316,336,0,1,1
5058,4.1656,0.4768,316,336,0,0,1
5059,4.2205,0.4588,315,336,0,0,1
5060,4.0979,0.4074,315,335,0,1,1
5061,4.1722,0.3875,315,335,0,0,1
5062,4.1998,0.6284,314,335,0,0,1
5063,4.1681,0.7608,311,334,0,1,1
5064,4.138,0.4967,311,331,0,3,1
5065,4.1125,0.3981,311,331,0,0,1
5066,4.2624,0.4216,310,331,0,0,1
5067,4.1516,0.4783,310,330,0,1,1
5068,4.1253,0.4357,309,330,0,0,1
5069,4.2838,0.6911,309,329,0,1,1
5070,4.0443,0.441,308,329,0,0,1
5071,4.2376,0.5004,308,328,0,1,1
5072,4.4286,0.3747,308,328,0,0,1
5073,3.822,0.3636,308,328,0,0,1
5074,4.2177,0.7426,308,328,0,0,1
5075,4.1299,0.6545,306,328,0,0,1
5076,4.1466,1.0438,306,326,0,2,1
5077,4.3548,0.3844,305,326,0,0,1
5078,4.0081,0.3839,305,325,0,1,1
5079,4.1543,0.3794,304,325,0,0,1
5080,4.1672,0.7234,304,324,0,1,1
5081,4.1362,0.6637,304,324,0,0,1
5082,4.2505,0.4799,303,324,0,0,1
5083,4.1742,0.4431,302,323,0,1,1
5084,4.1725,0.4222,302,322,0,1,1
5085,4.0947,0.3706,302,322,0,0,1
5086,4.2349,0.666,302,322,0,0,1
5087,4.1024,0.7282,300,322,0,0,1
5088,4.1892,0.4305,300,320,0,2,1
5089,4.1171,0.495,293,320,0,0,1
5090,4.6206,0.4122,291,313,0,7,1
5091,3.8004,0.6081,291,311,0,2,1
5092,4.1071,0.4297,291,311,0,0,1
5093,4.1787,0.3788,290,311,0,0,1
5094,4.1345,0.3728,290,310,0,1,1
5095,4.2761,0.6439,290,310,0,0,1
5096,4.3221,0.4662,289,310,0,0,1
5097,3.9249,0.4214,289,309,0,1,1
5098,4.1766,0.366,288,309,0,0,1
5099,4.3636,0.3776,288,308,0,1,1
5100,3.9785,0.7915,288,308,0,0,1
5101,4.1626,0.4323,286,308,0,0,1
5102,4.2081,0.4182,286,306,0,2,1
5103,4.095,0.3935,285,306,0,0,1
5104,4.4748,0.5086,329,351,46,1,1
5105,3.8773,0.5,329,349,0,2,1
5106,4.1759,0.617,328,349,0,0,1
5107,4.1773,0.5389,327,348,0,1,1
5108,4.2181,0.564,327,347,0,1,1
5109,4.127,0.5785,327,347,0,0,1
5110,4.1524,0.4191,326,347,0,0,1
5111,4.1298,0.5519,324,346,0,1,1
5112,4.2118,0.5651,323,344,0,2,1
5113,4.1657,0.4966,323,343,0,1,1
5114,4.2046,0.5846,323,343,0,0,1
5115,4.1092,0.4518,322,343,0,0,1
5116,4.2051,0.5412,322,342,0,1,1
5117,4.1072,0.4427,322,342,0,0,1
5118,4.2084,0.4123,322,342,0,0,1
5119,4.1983,0.578,321,342,0,0,1
5120,4.1273,0.4309,321,341,0,1,1
5121,4.4772,0.518,320,341,0,0,1
5122,3.9122,0.5455,319,340,0,1,1
5123,4.1113,0.4321,319,339,0,1,1
5124,4.176,0.4873,319,339,0,0,1
5125,4.1568,0.3813,319,339,0,0,1
5126,4.2233,0.3893,317,339,0,0,1
5127,4.4658,0.9212,317,337,0,2,1
5128,4.0866,0.5545,316,337,0,0,1
5129,3.8725,0.4311,316,336,0,1,1
5130,4.2191,0.4374,316,336,0,0,1
5131,4.1992,0.613,316,336,0,0,1
5132,4.2961,0.6406,315,336,0,0,1
5133,4.2523,0.5085,315,335,0,1,1
5134,3.9337,0.5345,315,335,0,0,1
5135,4.1198,0.4367,315,335,0,0,1
5136,4.1495,0.4467,314,335,0,0,1
5137,4.1473,0.407,313,334,0,1,1
5138,4.3036,0.6077,313,333,0,1,1
5139,4.1203,0.4446,312,333,0,0,1
5140,4.1757,0.5534,311,332,0,1,1
5141,4.0105,0.6103,311,331,0,1,1
5142,4.2592,0.4001,311,331,0,0,1
5143,4.1787,0.4616,311,331,0,0,1
5144,4.317,0.4155,311,331,0,0,1
5145,4.0309,0.5865,308,331,0,0,1
5146,4.1951,0.587,307,328,0,3,1
5147,4.1069,0.4209,307,327,0,1,1
5148,4.23,0.5185,307,327,0,0,1
5149,4.1868,0.6547,305,327,0,0,1
5150,4.1684,0.6183,304,325,0,2,1
5151,4.0989,0.4971,304,324,0,1,1
5152,4.21,0.4814,303,324,0,0,1
5153,4.0848,0.3806,303,323,0,1,1
5154,4.2208,0.4016,303,323,0,0,1
5155,4.1919,0.4452,303,323,0,0,1
5156,4.179,0.4621,303,323,0,0,1
5157,4.2305,0.6499,303,323,0,0,1
5158,4.0473,0.4222,302,323,0,0,1
5159,4.1579,0.3702,302,322,0,1,1
5160,4.1827,0.699,301,322,0,0,1
5161,4.1523,0.459,300,321,0,1,1
5162,4.1966,0.6126,300,320,0,1,1
5163,4.2247,0.5773,300,320,0,0,1
5164,4.1212,0.5712,299,320,0,0,1
5165,4.1489,0.5705,292,319,0,1,1
5166,4.1584,0.4655,291,312,0,7,1
5167,4.4252,0.5859,291,311,0,1,1
5168,3.8774,0.6392,291,311,0,0,1
5169,4.2399,0.6784,290,311,0,0,1
5170,4.1289,0.5805,290,310,0,1,1
5171,4.1441,0.4077,290,310,0,0,1
5172,4.2897,0.4898,289,310,0,0,1
5173,4.0571,0.363,289,309,0,1,1
5174,4.1056,0.5398,289,309,0,0,1
5175,4.5625,0.5958,289,309,0,0,1
5176,3.8787,0.6455,288,309,0,0,1
5177,4.1156,0.4293,288,308,0,1,1
5178,4.1892,0.4687,288,308,0,0,1
5179,4.1461,0.4449,286,308,0,0,1
5180,4.2207,0.3989,285,306,0,2,1
5181,4.1624,0.6871,319,339,34,1,1
5182,4.1555,0.6004,319,339,0,0,1
5183,4.1228,0.5144,319,339,0,0,1
5184,4.2291,0.6207,319,339,0,0,1
5185,4.1024,0.4996,318,339,0,0,1
5186,4.2286,0.5618,316,338,0,1,1
5187,4.1713,0.3747,316,336,0,2,1
5188,4.2144,0.6993,316,336,0,0,1
5189,4.0835,0.5845,315,336,0,0,1
5190,4.1682,0.4481,315,335,0,1,1
5191,4.2022,0.4565,315,335,0,0,1
5192,4.4148,0.385,313,335,0,0,1
5193,3.8828,0.591,313,333,0,2,1
5194,4.1415,0.645,313,333,0,0,1
5195,4.1398,0.4703,313,333,0,0,1
5196,4.2722,0.4449,313,333,0,0,1
5197,4.0512,0.4042,313,333,0,0,1
5198,4.2619,0.4177,312,333,0,0,1
5199,4.1267,0.5167,312,332,0,1,1
5200,4.1507,0.708,311,332,0,0,1
5201,4.1234,0.4534,309,331,0,1,1
5202,4.192,0.4404,309,329,0,2,1
5203,4.5335,0.5898,309,329,0,0,1
5204,3.8791,0.4215,309,329,0,0,1
5205,4.0899,0.3991,309,329,0,0,1
5206,4.2036,0.6117,309,329,0,0,1
5207,4.115,0.4017,309,329,0,0,1
5208,4.3463,0.6685,307,329,0,0,1
5209,4.0815,0.4911,307,327,0,2,1
5210,4.2131,0.5215,307,327,0,0,1
5211,4.095,0.4664,307,327,0,0,1
5212,4.1051,0.4879,307,327,0,0,1
5213,4.1544,0.4143,306,327,0,0,1
5214,4.2053,0.398,305,326,0,1,1
5215,4.2223,0.4141,305,325,0,1,1
5216,4.1342,0.4656,305,325,0,0,1
5217,4.1923,0.5549,305,325,0,0,1
5218,4.3921,0.4207,304,325,0,0,1
5219,3.8902,0.3586,303,324,0,1,1
5220,4.2083,0.5861,302,323,0,1,1
5221,4.1375,0.4856,302,322,0,1,1
5222,4.5623,0.7303,301,322,0,0,1
5223,4.1208,0.6016,300,321,0,1,1
5224,3.8492,0.6048,300,320,0,1,1
5225,4.0976,0.5336,300,320,0,0,1
5226,4.2263,0.4654,300,320,0,0,1
5227,4.5383,0.7638,299,320,0,0,1
5228,3.7673,0.5303,299,319,0,1,1
5229,4.2009,0.4997,299,319,0,0,1
5230,4.4528,0.5278,299,319,0,0,1
5231,3.8536,0.4455,299,319,0,0,1
5232,4.3321,0.7197,298,319,0,0,1
5233,3.9815,0.3827,297,318,0,1,1
5234,4.2603,0.5741,297,317,0,1,1
5235,4.0953,0.3686,296,317,0,0,1
5236,4.2101,0.709,294,316,0,1,1
5237,4.1014,0.4418,294,314,0,2,1
5238,4.1603,0.3578,294,314,0,0,1
5239,4.3581,0.6135,291,314,0,0,1
5240,4.0591,0.4796,291,311,0,3,1
5241,4.1651,0.6693,291,311,0,0,1
5242,4.4525,0.6488,284,311,0,0,1
5243,3.8261,0.4978,284,304,0,7,1
5244,4.3853,0.6638,284,304,0,0,1
5245,3.9774,0.4677,284,304,0,0,1
5246,4.5783,0.5518,283,304,0,0,1
5247,4.1209,0.573,283,303,0,1,1
5248,3.7832,0.6084,283,303,0,0,1
5249,4.1305,0.6442,283,303,0,0,1
5250,4.19,0.4066,283,303,0,0,1
5251,4.3348,0.5149,283,303,0,0,1
5252,4.1436,0.7127,283,303,0,0,1
5253,4.2399,0.6458,281,303,0,0,1
5254,4.2594,0.5428,280,301,0,2,1
5255,3.759,0.2933,280,300,0,1,1
5256,4.222,0.5441,280,300,0,0,1
5257,4.1019,0.4114,279,300,0,0,1
5258,4.1853,0.5395,325,345,46,1,1
5259,4.475,0.4574,325,345,0,0,1
5260,4.1528,0.6353,325,345,0,0,1
5261,4.4682,0.3715,325,345,0,0,1
5262,3.566,0.447,325,345,0,0,1
5263,4.3779,0.5314,325,345,0,0,1
5264,4.1366,0.3513,325,345,0,0,1
5265,3.9657,0.313,325,345,0,0,1
5266,4.487,0.4107,324,345,0,0,1
5267,3.8651,0.3022,324,344,0,1,1
5268,4.2515,0.4536,323,344,0,0,1
5269,4.0918,0.3952,321,343,0,1,1
5270,4.1579,0.5186,319,341,0,2,1
5271,4.322,0.4637,318,339,0,2,1
5272,4.1789,0.4493,316,338,0,1,1
5273,3.9736,0.4258,316,336,0,2,1
5274,4.1803,0.3202,316,336,0,0,1
5275,4.3739,0.4993,313,336,0,0,1
5276,4.1483,0.5625,313,333,0,3,1
5277,4.0799,0.4332,313,333,0,0,1
5278,4.1904,0.4481,313,333,0,0,1
5279,4.052,0.3212,311,333,0,0,1
5280,4.3384,0.4966,311,331,0,2,1
5281,4.001,0.5141,311,331,0,0,1
5282,4.3271,0.5025,311,331,0,0,1
5283,4.0683,0.4921,311,331,0,0,1
5284,4.255,0.4941,311,331,0,0,1
5285,4.1653,0.541,311,331,0,0,1
5286,4.0265,0.369,310,331,0,0,1
5287,4.2187,0.6405,310,330,0,1,1
5288,4.2678,0.3004,309,330,0,0,1
5289,4.0261,0.4498,309,329,0,1,1
5290,4.3088,0.4446,307,329,0,0,1
5291,4.0037,0.3602,305,327,0,2,1
5292,4.2322,0.4325,305,325,0,2,1
5293,4.0756,0.3212,305,325,0,0,1
5294,4.3496,0.4029,304,325,0,0,1
5295,4.1864,0.7164,304,324,0,1,1
5296,4.0966,0.5694,304,324,0,0,1
5297,4.2774,0.5184,303,324,0,0,1
5298,3.9619,0.2931,303,323,0,1,1
5299,4.3762,0.4849,303,323,0,0,1
5300,3.9831,0.5808,301,323,0,0,1
5301,4.1808,0.5671,301,321,0,2,1
5302,4.2175,0.3696,300,321,0,0,1
5303,4.0598,0.2901,300,320,0,1,1
5304,4.2905,0.4355,299,320,0,0,1
5305,4.0927,0.466,298,319,0,1,1
5306,4.4407,0.614,298,318,0,1,1
5307,3.9605,0.4865,298,318,0,0,1
5308,4.1241,0.4993,297,318,0,0,1
5309,4.1847,0.4294,297,317,0,1,1
5310,4.13,0.4068,297,317,0,0,1
5311,4.1795,0.4138,297,317,0,0,1
5312,4.1591,0.5467,297,317,0,0,1
5313,4.1752,0.3379,295,317,0,0,1
5314,4.2288,0.7643,295,315,0,2,1
5315,4.0913,0.408,294,315,0,0,1
5316,4.3106,0.4337,294,314,0,1,1
5317,4.0156,0.3529,294,314,0,0,1
5318,4.179,0.6738,293,314,0,0,1
5319,4.1727,0.4956,286,313,0,1,1
5320,4.1671,0.5773,285,306,0,7,1
5321,4.3604,0.6316,285,305,0,1,1
5322,4.0381,0.4674,284,305,0,0,1
5323,4.2713,0.5729,284,304,0,1,1
5324,4.0313,0.5627,282,304,0,0,1
5325,4.2022,0.5768,281,302,0,2,1
5326,4.1851,0.4524,281,301,0,1,1
5327,4.0987,0.4276,281,301,0,0,1
5328,4.2794,0.6453,281,301,0,0,1
5329,4.0627,0.3646,281,301,0,0,1
5330,4.2431,0.5058,280,301,0,0,1
5331,4.1226,0.5259,280,300,0,1,1
5332,4.1563,0.3676,279,300,0,0,1
5333,4.1429,0.3584,279,299,0,1,1
5334,4.1604,0.5582,313,333,34,0,1
5335,4.1997,0.5117,313,333,0,0,1
5336,4.1649,0.5704,313,333,0,0,1
5337,4.2044,0.4331,313,333,0,0,1
5338,4.317,0.4645,313,333,0,0,1
5339,4.0356,0.5401,313,333,0,0,1
5340,4.2847,0.5774,313,333,0,0,1
5341,3.9862,0.4388,313,333,0,0,1
5342,4.2199,0.4622,312,333,0,0,1
5343,4.2472,0.3999,312,332,0,1,1
5344,4.0329,0.5261,311,332,0,0,1
5345,4.2383,0.6884,311,331,0,1,1
5346,4.1353,0.4729,311,331,0,0,1
5347,4.1381,0.4405,311,331,0,0,1
5348,4.241,0.4313,311,331,0,0,1
5349,4.078,0.3736,309,331,0,0,1
5350,4.1321,0.4387,309,329,0,2,1
5351,4.2648,0.6722,309,329,0,0,1
5352,4.2854,0.5877,309,329,0,0,1
5353,4.0572,0.5644,309,329,0,0,1
5354,4.1742,0.4481,309,329,0,0,1
5355,4.0978,0.3763,308,329,0,0,1
5356,4.1568,0.5918,308,328,0,1,1
5357,4.1457,0.6009,308,328,0,0,1
5358,4.2075,0.3941,307,328,0,0,1
5359,4.1376,0.5218,307,327,0,1,1
5360,5.0653,0.3593,307,327,0,0,1
5361,3.3007,0.4561,307,327,0,0,1
5362,4.1265,0.6319,306,327,0,0,1
5363,4.2262,0.6251,306,326,0,1,1
5364,4.2298,0.6312,306,326,0,0,1
5365,4.1276,0.7475,306,326,0,0,1
5366,4.1601,0.6883,306,326,0,0,1
5367,4.1007,0.6018,305,326,0,0,1
5368,4.1513,0.4365,305,325,0,1,1
5369,4.1951,0.3595,305,325,0,0,1
5370,4.2082,0.4141,305,325,0,0,1
5371,4.3552,0.6854,305,325,0,0,1
5372,3.9494,0.4845,305,325,0,0,1
5373,4.156,0.3721,304,325,0,0,1
5374,4.1675,0.388,303,324,0,1,1
5375,4.18,0.4459,303,323,0,1,1
5376,4.1577,0.6226,302,323,0,0,1
5377,4.2074,0.6565,302,322,0,1,1
5378,4.1975,0.4327,301,322,0,0,1
5379,4.1258,0.4031,299,321,0,1,1
5380,4.1362,0.4613,299,319,0,2,1
5381,4.1589,0.5247,299,319,0,0,1
5382,4.1835,0.4463,299,319,0,0,1
5383,4.2663,0.6301,299,319,0,0,1
5384,4.8361,0.3625,299,319,0,0,1
5385,3.4051,0.4488,299,319,0,0,1
5386,4.1231,0.4273,299,319,0,0,1
5387,4.2046,0.4435,299,319,0,0,1
5388,4.1568,0.5343,298,319,0,0,1
5389,4.2309,0.5033,297,318,0,1,1
5390,4.1397,0.5505,297,317,0,1,1
5391,4.1254,0.5989,297,317,0,0,1
5392,4.1533,0.3809,297,317,0,0,1
5393,4.1474,0.5004,297,317,0,0,1
5394,4.2405,0.46,296,317,0,0,1
5395,4.1944,0.4455,296,316,0,1,1
5396,4.2238,0.6141,289,316,0,0,1
5397,4.0818,0.4033,288,309,0,7,1
5398,4.1621,0.4714,288,308,0,1,1
5399,4.1343,0.4574,288,308,0,0,1
5400,4.2008,0.439,288,308,0,0,1
5401,4.187,0.6315,288,308,0,0,1
5402,4.1977,0.5652,288,308,0,0,1
5403,4.1362,0.5266,288,308,0,0,1
5404,4.1768,0.641,288,308,0,0,1
5405,4.3791,0.4795,287,308,0,0,1
5406,3.9122,0.4144,286,307,0,1,1
5407,4.1964,0.6317,286,306,0,1,1
5408,4.0572,0.4295,286,306,0,0,1
5409,4.2624,0.3929,286,306,0,0,1
5410,4.1409,0.3797,286,306,0,0,1
5411,4.1288,0.6786,330,352,46,0,1
5412,4.2113,0.523,330,350,0,2,1
5413,4.18,0.8412,330,350,0,0,1
5414,4.1887,0.7167,330,350,0,0,1
5415,4.2518,0.6466,329,350,0,0,1
5416,4.0853,0.5935,328,349,0,1,1
5417,4.1283,0.4722,328,348,0,1,1
5418,4.1592,0.425,328,348,0,0,1
5419,4.1788,0.5135,328,348,0,0,1
5420,4.3094,0.4467,327,348,0,0,1
5421,4.2105,0.8012,326,347,0,1,1
5422,4.0108,0.4455,326,346,0,1,1
5423,4.0946,0.3692,325,346,0,0,1
5424,4.2458,0.468,324,345,0,1,1
5425,4.1474,0.6138,323,344,0,1,1
5426,4.1841,0.6511,322,343,0,1,1
5427,4.2026,0.639,322,342,0,1,1
5428,4.1289,0.4615,322,342,0,0,1
5429,4.1722,0.4113,320,342,0,0,1
5430,4.0922,0.3837,320,340,0,2,1
5431,4.1634,0.4124,320,340,0,0,1
5432,4.1948,0.518,319,340,0,0,1
5433,4.1894,0.7354,319,339,0,1,1
5434,4.5912,0.6496,318,339,0,0,1
5435,3.6889,0.3725,318,338,0,1,1
5436,4.1975,0.3714,317,338,0,0,1
5437,4.2184,0.5043,317,337,0,1,1
5438,4.1681,0.5232,316,337,0,0,1
5439,4.0738,0.4725,314,336,0,1,1
5440,4.2412,0.6619,314,334,0,2,1
5441,4.0795,0.4479,314,334,0,0,1
5442,4.2011,0.3887,314,334,0,0,1
5443,4.2316,0.5452,314,334,0,0,1
5444,4.1957,0.5018,314,334,0,0,1
5445,4.0813,0.4267,313,334,0,0,1
5446,4.2611,0.607,313,333,0,1,1
5447,4.0737,0.3721,313,333,0,0,1
5448,4.2174,0.5548,312,333,0,0,1
5449,4.13,0.4899,312,332,0,1,1
5450,4.2406,0.6367,312,332,0,0,1
5451,4.1804,0.4342,311,332,0,0,1
5452,4.1005,0.6591,311,331,0,1,1
5453,4.1165,0.4404,311,331,0,0,1
5454,4.1896,0.391,310,331,0,0,1
5455,4.2327,0.52,309,330,0,1,1
5456,4.099,0.553,309,329,0,1,1
5457,4.2047,0.6739,309,329,0,0,1
5458,4.2297,0.64,308,329,0,0,1
5459,4.0703,0.3974,308,328,0,1,1
5460,4.1819,0.5061,308,328,0,0,1
5461,4.1994,0.5615,307,328,0,0,1
5462,4.1965,0.4616,307,327,0,1,1
5463,4.1507,0.3862,306,327,0,0,1
5464,4.1474,0.6221,304,326,0,1,1
5465,4.217,0.6687,304,324,0,2,1
5466,4.0962,0.4713,304,324,0,0,1
5467,4.1812,0.4393,302,324,0,0,1
5468,4.1925,0.413,302,322,0,2,1
5469,4.1331,0.5677,302,322,0,0,1
5470,4.2069,0.7024,302,322,0,0,1
5471,4.0738,0.4303,302,322,0,0,1
5472,4.1643,0.4215,301,322,0,0,1
5473,4.2465,0.6351,292,321,0,1,1
5474,4.193,0.5167,292,312,0,9,1
5475,4.0579,0.494,290,312,0,0,1
5476,4.2144,0.7029,289,310,0,2,1
5477,4.1547,0.3779,289,309,0,1,1
5478,4.1601,0.4105,288,309,0,0,1
5479,4.1578,0.7027,288,308,0,1,1
5480,4.1192,0.4896,288,308,0,0,1
5481,4.2475,0.3892,288,308,0,0,1
5482,4.1155,0.516,288,308,0,0,1
5483,4.2423,0.5476,288,308,0,0,1
5484,4.2619,0.6049,287,308,0,0,1
5485,4.0465,0.7211,287,307,0,1,1
5486,4.2207,0.4189,287,307,0,0,1
5487,4.1136,0.4037,287,307,0,0,1
5488,4.1499,0.6189,320,341,34,0,1
5489,4.1979,0.7659,320,340,0,1,1
5490,4.1179,0.6728,320,340,0,0,1
5491,4.182,0.4472,320,340,0,0,1
5492,4.1771,0.4105,319,340,0,0,1
5493,4.1754,0.398,318,339,0,1,1
5494,4.1754,0.4197,317,338,0,1,1
5495,4.1207,0.5404,317,337,0,1,1
5496,4.2925,0.6543,315,337,0,0,1
5497,4.0708,0.4292,315,335,0,2,1
5498,4.224,0.4365,315,335,0,0,1
5499,4.1209,0.4114,315,335,0,0,1
5500,4.1686,0.3941,315,335,0,0,1
5501,4.1893,0.7805,315,335,0,0,1
5502,4.0965,0.457,315,335,0,0,1
5503,4.3482,0.8135,315,335,0,0,1
5504,4.0072,0.395,315,335,0,0,1
5505,4.194,0.4281,314,335,0,0,1
5506,4.1158,0.4785,314,334,0,1,1
5507,4.1655,0.5022,314,334,0,0,1
5508,4.2311,0.6161,314,334,0,0,1
5509,4.1515,0.4519,314,334,0,0,1
5510,4.1653,0.4167,313,334,0,0,1
5511,4.1482,0.3694,312,333,0,1,1
5512,4.2962,0.4972,312,332,0,1,1
5513,4.0293,0.4594,312,332,0,0,1
5514,4.2074,0.4966,311,332,0,0,1
5515,4.1544,0.7184,311,331,0,1,1
5516,4.1517,0.4351,310,331,0,0,1
5517,4.2074,0.4108,310,330,0,1,1
5518,4.1367,0.6475,310,330,0,0,1
5519,4.154,0.8387,310,330,0,0,1
5520,4.498,0.9023,309,330,0,0,1
5521,3.8428,0.4321,309,329,0,1,1
5522,4.214,0.3836,309,329,0,0,1
5523,4.2237,0.3674,309,329,0,0,1
5524,4.1437,0.487,309,329,0,0,1
5525,4.1002,0.623,309,329,0,0,1
5526,4.1683,0.4634,307,329,0,0,1
5527,4.1962,0.6181,307,327,0,2,1
5528,4.0715,0.3615,307,327,0,0,1
5529,4.2465,0.6361,305,327,0,0,1
5530,4.2032,0.5062,305,325,0,2,1
5531,4.092,0.6411,305,325,0,0,1
5532,4.2284,0.4589,305,325,0,0,1
5533,4.1027,0.421,304,325,0,0,1
5534,4.2743,0.5456,304,324,0,1,1
5535,4.1195,0.4579,304,324,0,0,1
5536,4.1846,0.5486,304,324,0,0,1
5537,4.0864,0.4387,303,324,0,0,1
5538,4.1873,0.4478,303,323,0,1,1
5539,4.1786,0.3743,301,323,0,0,1
5540,4.2015,0.6106,300,321,0,2,1
5541,4.162,0.539,299,320,0,1,1
5542,4.1051,0.6805,299,319,0,1,1
5543,4.1775,0.4541,298,319,0,0,1
5544,4.2466,0.4058,298,318,0,1,1
5545,4.0959,0.383,298,318,0,0,1
5546,4.1887,0.7094,298,318,0,0,1
5547,4.1,0.7464,298,318,0,0,1
5548,4.2031,0.4258,298,318,0,0,1
5549,4.1832,0.4206,289,318,0,0,1
5550,4.1607,0.467,289,309,0,9,1
5551,4.2151,0.5877,288,309,0,0,1
5552,4.1051,0.4623,287,308,0,1,1
5553,4.161,0.3958,287,307,0,1,1
5554,4.2454,0.4095,287,307,0,0,1
5555,4.1102,0.5411,287,307,0,0,1
5556,4.215,0.5071,286,307,0,0,1
5557,4.1394,0.4288,286,306,0,1,1
5558,4.1833,0.5987,286,306,0,0,1
5559,4.2027,0.4673,286,306,0,0,1
5560,4.1062,0.5234,284,306,0,0,1
5561,4.1877,0.5041,284,304,0,2,1
5562,4.156,0.4232,280,304,0,0,1
5563,4.1368,0.3806,280,300,0,4,1
5564,4.2877,0.7698,278,300,0,0,1
5565,4.064,1.0413,323,344,46,2,1
5566,4.1723,0.5236,321,343,0,1,1
5567,4.1429,0.5055,320,341,0,2,1
5568,4.1966,0.4541,319,340,0,1,1
5569,4.1471,0.43,319,339,0,1,1
5570,4.2207,0.4694,319,339,0,0,1
5571,4.3558,0.4734,319,339,0,0,1
5572,3.8954,0.4794,319,339,0,0,1
5573,4.2223,0.6945,319,339,0,0,1
5574,4.1326,0.4205,319,339,0,0,1
5575,4.217,0.4904,319,339,0,0,1
5576,4.1071,0.3868,319,339,0,0,1
5577,4.2109,0.5552,318,339,0,0,1
5578,4.1387,0.4973,318,338,0,1,1
5579,4.1504,0.4785,316,338,0,0,1
5580,4.4257,0.518,316,336,0,2,1
5581,3.9064,0.367,315,336,0,0,1
5582,4.2468,0.4483,315,335,0,1,1
5583,4.1052,0.4455,314,335,0,0,1
5584,4.1687,0.5249,314,334,0,1,1
5585,4.3412,0.6947,313,334,0,0,1
5586,4.0493,0.4387,312,333,0,1,1
5587,4.144,0.5905,312,332,0,1,1
5588,4.1947,0.4079,312,332,0,0,1
5589,4.0809,0.3745,312,332,0,0,1
5590,4.1672,0.69,312,332,0,0,1
5591,4.1827,0.6735,312,332,0,0,1
5592,4.1819,0.4625,312,332,0,0,1
5593,4.144,0.3989,312,332,0,0,1
5594,4.2446,0.4332,312,332,0,0,1
5595,4.1238,0.3934,312,332,0,0,1
5596,4.144,0.4557,311,332,0,0,1
5597,4.1749,0.6925,308,331,0,1,1
5598,4.1597,0.4506,307,328,0,3,1
5599,4.2204,0.4106,307,327,0,1,1
5600,4.1286,0.369,307,327,0,0,1
5601,4.1522,0.453,307,327,0,0,1
5602,4.2553,0.7037,307,327,0,0,1
5603,4.1511,0.6124,305,327,0,0,1
5604,4.1261,0.3935,305,325,0,2,1
5605,4.1416,0.3687,303,325,0,0,1
5606,4.223,0.5798,302,323,0,2,1
5607,4.1288,0.471,302,322,0,1,1
5608,4.1405,0.5716,301,322,0,0,1
5609,4.1389,0.5118,301,321,0,1,1
5610,4.1826,0.3843,301,321,0,0,1
5611,4.2049,0.5533,301,321,0,0,1
5612,4.1925,0.474,298,321,0,0,1
5613,4.1757,0.4186,298,318,0,3,1
5614,4.0782,0.5461,298,318,0,0,1
5615,4.1968,0.4483,298,318,0,0,1
5616,4.31,0.6245,298,318,0,0,1
5617,4.0373,0.405,298,318,0,0,1
5618,4.2159,0.4473,297,318,0,0,1
5619,4.1156,0.3791,297,317,0,1,1
5620,4.4665,0.7012,296,317,0,0,1
5621,3.8609,0.721,296,316,0,1,1
5622,4.1415,0.3517,296,316,0,0,1
5623,4.2441,0.4186,296,316,0,0,1
5624,4.1043,0.4477,296,316,0,0,1
5625,4.5589,0.4905,296,316,0,0,1
5626,3.8355,0.4602,289,316,0,0,1
5627,4.0851,0.4761,289,309,0,7,1
5628,4.5625,0.7468,289,309,0,0,1
5629,3.8179,0.4658,289,309,0,0,1
5630,4.4756,0.5986,288,309,0,0,1
5631,3.9094,0.4054,288,308,0,1,1
5632,4.1672,0.4147,287,308,0,0,1
5633,4.0615,0.7214,287,307,0,1,1
5634,4.2036,0.4331,287,307,0,0,1
5635,4.2137,0.606,287,307,0,0,1
5636,4.1805,0.4255,287,307,0,0,1
5637,4.1601,0.4992,286,307,0,0,1
5638,4.1689,0.46,286,306,0,1,1
5639,4.0883,0.4049,284,306,0,0,1
5640,4.1956,0.47,284,304,0,2,1
5641,4.171,0.5508,284,304,0,0,1
5642,4.1629,0.6271,318,338,34,0,1
5643,4.1926,0.4248,318,338,0,0,1
5644,4.2135,0.4923,318,338,0,0,1
5645,4.1156,0.5661,317,338,0,0,1
5646,4.1416,0.4462,316,337,0,1,1
5647,4.127,0.6467,315,336,0,1,1
5648,4.1914,0.4675,315,335,0,1,1
5649,4.232,0.4457,315,335,0,0,1
5650,4.0821,0.4306,314,335,0,0,1
5651,4.1989,0.3888,314,334,0,1,1
5652,4.187,0.4654,312,334,0,0,1
5653,4.154,0.5022,312,332,0,2,1
5654,4.2845,0.3955,312,332,0,0,1
5655,4.0106,0.4217,311,332,0,0,1
5656,4.3286,0.5634,310,331,0,1,1
5657,4.3667,0.4041,309,330,0,1,1
5658,3.8023,0.4547,309,329,0,1,1
5659,4.3483,0.4424,308,329,0,0,1
5660,4.0013,0.4042,307,328,0,1,1
5661,4.1694,0.3786,307,327,0,1,1
5662,4.1194,0.3716,304,327,0,0,1
5663,4.2397,0.489,304,324,0,3,1
5664,4.1489,0.4852,304,324,0,0,1
5665,4.2292,0.4351,303,324,0,0,1
5666,4.3755,0.6531,303,323,0,1,1
5667,3.932,0.3701,303,323,0,0,1
5668,4.209,0.5817,303,323,0,0,1
5669,4.1143,0.4592,303,323,0,0,1
5670,4.125,0.3735,303,323,0,0,1
5671,4.2878,0.5571,303,323,0,0,1
5672,4.0531,0.5299,303,323,0,0,1
5673,4.2054,0.5197,303,323,0,0,1
5674,4.2031,0.5878,303,323,0,0,1
5675,4.1146,0.4211,303,323,0,0,1
5676,4.2305,0.5027,302,323,0,0,1
5677,4.1144,0.4239,300,322,0,1,1
5678,4.1947,0.7681,299,320,0,2,1
5679,4.2594,0.6096,299,319,0,1,1
5680,4.0918,0.4462,299,319,0,0,1
5681,4.1197,0.4316,297,319,0,0,1
5682,4.2092,0.3844,297,317,0,2,1
5683,4.1731,0.6198,296,317,0,0,1
5684,4.1617,0.7444,296,316,0,1,1
5685,4.2134,0.6759,296,316,0,0,1
5686,4.1133,0.4283,296,316,0,0,1
5687,4.1203,0.4395,296,316,0,0,1
5688,4.1354,0.4719,295,316,0,0,1
5689,4.2081,0.4007,294,315,0,1,1
5690,4.1689,0.5808,294,314,0,1,1
5691,4.2502,0.651,294,314,0,0,1
5692,4.07,0.4398,293,314,0,0,1
5693,4.21,0.5698,293,313,0,1,1
5694,4.1812,0.549,292,313,0,0,1
5695,4.473,0.5413,292,312,0,1,1
5696,3.7963,0.4415,292,312,0,0,1
5697,4.179,0.4225,292,312,0,0,1
5698,4.3152,0.6756,292,312,0,0,1
5699,4.0166,0.3657,292,312,0,0,1
5700,4.469,0.6401,292,312,0,0,1
5701,3.88,0.4438,291,312,0,0,1
5702,4.2044,0.543,290,311,0,1,1
5703,4.136,0.3514,281,310,0,1,1
5704,4.2945,0.6149,281,301,0,9,1
5705,4.0326,0.5185,281,301,0,0,1
5706,4.1484,0.4112,280,301,0,0,1
5707,4.1761,0.3859,280,300,0,1,1
5708,4.1697,0.4727,279,300,0,0,1
5709,4.1823,0.6952,279,299,0,1,1
5710,4.2106,0.5941,278,299,0,0,1
5711,4.0938,0.347,278,298,0,1,1
5712,4.507,0.579,277,298,0,0,1
5713,3.841,0.5488,277,297,0,1,1
5714,4.2223,0.4117,277,297,0,0,1
5715,4.1289,0.3599,277,297,0,0,1
5716,4.1899,0.7215,275,297,0,0,1
5717,4.0977,0.4402,274,295,0,2,1
5718,4.1693,0.5008,320,340,46,1,1
5719,4.2265,0.4174,319,340,0,0,1
5720,4.109,0.4298,319,339,0,1,1
5721,4.2356,0.8168,319,339,0,0,1
5722,4.4833,0.7094,318,339,0,0,1
5723,3.7877,0.4079,317,338,0,1,1
5724,4.2167,0.411,317,337,0,1,1
5725,4.1394,0.3793,316,337,0,0,1
5726,4.205,0.4695,316,336,0,1,1
5727,4.2116,0.5315,316,336,0,0,1
5728,4.2459,0.4267,316,336,0,0,1
5729,4.0716,0.6552,316,336,0,0,1
5730,4.1087,0.378,316,336,0,0,1
5731,4.1532,0.3778,316,336,0,0,1
5732,4.4511,0.4666,316,336,0,0,1
5733,3.8868,0.5227,316,336,0,0,1
5734,4.174,0.6044,316,336,0,0,1
5735,4.1966,0.6093,316,336,0,0,1
5736,4.1603,0.4676,315,336,0,0,1
5737,4.1368,0.3732,315,335,0,1,1
5738,4.6073,0.7494,314,335,0,0,1
5739,3.7992,0.5179,313,334,0,1,1
5740,4.0882,0.4833,313,333,0,1,1
5741,4.1353,0.5273,313,333,0,0,1
5742,4.2087,0.3886,313,333,0,0,1
5743,4.2555,0.6552,312,333,0,0,1
5744,4.0753,0.4515,312,332,0,1,1
5745,4.2886,0.6988,312,332,0,0,1
5746,4.0994,0.6838,312,332,0,0,1
5747,4.0883,0.5267,312,332,0,0,1
5748,4.2825,0.6021,311,332,0,0,1
5749,4.0775,0.5685,310,331,0,1,1
5750,4.2082,0.5502,310,330,0,1,1
5751,4.1573,0.4124,309,330,0,0,1
5752,4.1247,0.4228,309,329,0,1,1
5753,4.1602,0.3633,309,329,0,0,1
5754,4.1834,0.4916,309,329,0,0,1
5755,4.1901,0.4766,306,329,0,0,1
5756,4.1389,0.4613,306,326,0,3,1
5757,4.1729,0.3593,306,326,0,0,1
5758,4.2123,0.4243,306,326,0,0,1
5759,4.0854,0.4193,305,326,0,0,1
5760,4.2225,0.7006,304,325,0,1,1
5761,4.1503,0.4437,304,324,0,1,1
5762,4.2179,0.4262,304,324,0,0,1
5763,4.1235,0.4064,304,324,0,0,1
5764,4.3316,0.4935,304,324,0,0,1
5765,4.0013,0.7307,303,324,0,0,1
5766,4.1375,0.4015,303,323,0,1,1
5767,4.438,0.5667,302,323,0,0,1
5768,3.8784,0.4053,302,322,0,1,1
5769,4.2312,0.7007,301,322,0,0,1
5770,4.1502,0.4965,301,321,0,1,1
5771,4.1134,0.4217,301,321,0,0,1
5772,4.4466,0.5704,301,321,0,0,1
5773,3.933,0.4014,301,321,0,0,1
5774,4.2463,0.6017,300,321,0,0,1
5775,4.1174,0.4526,299,320,0,1,1
5776,4.1958,0.426,297,319,0,1,1
5777,4.1049,0.44,297,317,0,2,1
5778,4.1351,0.4579,297,317,0,0,1
5779,4.3152,0.606,296,317,0,0,1
5780,4.1053,0.3916,289,316,0,1,1
5781,4.1875,0.5789,289,309,0,7,1
5782,4.1382,0.4355,289,309,0,0,1
5783,4.1112,0.4308,288,309,0,0,1
5784,4.2287,0.5263,286,308,0,1,1
5785,4.1102,0.4714,285,306,0,2,1
5786,4.2953,0.6133,285,305,0,1,1
5787,4.0945,0.4903,285,305,0,0,1
5788,4.1833,0.4621,285,305,0,0,1
5789,4.1038,0.4311,285,305,0,0,1
5790,4.1514,0.4034,285,305,0,0,1
5791,4.232,0.6418,285,305,0,0,1
5792,4.2034,0.6762,285,305,0,0,1
5793,4.1036,0.3884,284,305,0,0,1
5794,4.2241,0.4348,283,304,0,1,1
5795,4.046,0.566,317,337,34,1,1
5796,4.2339,0.431,317,337,0,0,1
5797,4.1383,0.4879,317,337,0,0,1
5798,4.2041,0.648,316,337,0,0,1
5799,4.1717,0.4403,315,336,0,1,1
5800,4.1635,0.7229,315,335,0,1,1
5801,4.129,0.4717,315,335,0,0,1
5802,4.2024,0.4633,315,335,0,0,1
5803,4.1706,0.5265,314,335,0,0,1
5804,4.1703,0.3736,314,334,0,1,1
5805,4.1081,0.4414,314,334,0,0,1
5806,4.2814,0.589,314,334,0,0,1
5807,4.0585,0.4566,314,334,0,0,1
5808,4.1337,0.447,314,334,0,0,1
5809,4.2637,0.6489,314,334,0,0,1
5810,4.1614,0.6335,314,334,0,0,1
5811,4.2498,0.7056,313,334,0,0,1
5812,4.0934,0.526,313,333,0,1,1
5813,4.0861,0.4184,313,333,0,0,1
5814,4.1846,0.3907,313,333,0,0,1
5815,4.1272,0.423,313,333,0,0,1
5816,4.261,0.4295,313,333,0,0,1
5817,4.1985,0.8592,312,333,0,0,1
5818,4.0883,0.5014,312,332,0,1,1
5819,4.1253,0.4433,311,332,0,0,1
5820,4.2103,0.4011,311,331,0,1,1
5821,4.1399,0.47,310,331,0,0,1
5822,4.2377,0.6876,310,330,0,1,1
5823,4.2727,0.4585,310,330,0,0,1
5824,4.0722,0.7389,310,330,0,0,1
5825,4.3733,0.5427,310,330,0,0,1
5826,3.9177,0.3862,310,330,0,0,1
5827,4.4459,0.5567,310,330,0,0,1
5828,3.8735,0.4488,308,330,0,0,1
5829,4.1353,0.6674,308,328,0,2,1
5830,4.3272,0.6471,308,328,0,0,1
5831,4.0238,0.3593,308,328,0,0,1
5832,4.222,0.4228,308,328,0,0,1
5833,4.1238,0.4436,308,328,0,0,1
5834,4.2191,0.5494,308,328,0,0,1
5835,4.1456,0.3709,307,328,0,0,1
5836,4.1355,0.364,307,327,0,1,1
5837,4.1798,0.7143,307,327,0,0,1
5838,4.1656,0.4617,303,327,0,0,1
5839,4.1458,0.4583,302,323,0,4,1
5840,4.1648,0.4129,302,322,0,1,1
5841,4.2265,0.6101,300,322,0,0,1
5842,4.1583,0.6735,300,320,0,2,1
5843,4.175,0.5345,300,320,0,0,1
5844,4.1299,0.2675,2,320,0,0,0
5845,4.1523,0.3648,2,23,0,297,0
5846,4.5187,0.4536,2,23,0,0,0
5847,3.8146,0.2328,2,23,0,0,0
5848,4.1671,0.283,2,23,0,0,0
5849,4.3436,0.4284,2,23,0,0,0
5850,4.0208,0.2529,2,23,0,0,0
5851,4.1651,0.2211,2,23,0,0,0
5852,4.1873,0.2618,2,23,0,0,0
5853,4.1806,0.44,2,23,0,0,0
5854,4.0988,0.2456,2,23,0,0,0
5855,4.1643,0.3908,2,23,0,0,0
5856,4.1597,0.2953,2,23,0,0,0
5857,4.2388,0.4397,2,23,0,0,0
5858,4.1253,0.2594,2,23,0,0,0
5859,4.2073,0.2793,2,23,0,0,0
5860,4.1292,0.4173,2,23,0,0,0
5861,4.1156,0.4058,2,23,0,0,0
5862,4.2026,0.2521,2,23,0,0,0
5863,4.1885,0.245,2,23,0,0,0
5864,4.4206,0.2211,2,23,0,0,0
5865,3.9532,0.2516,2,23,0,0,0
5866,4.1644,0.3578,2,23,0,0,0
5867,4.0811,0.2016,2,23,0,0,0
5868,4.2078,0.2089,2,23,0,0,0
5869,4.1894,0.2248,2,23,0,0,0
5870,4.4148,0.3101,2,23,0,0,0
5871,3.8973,0.3418,2,23,0,0,0
5872,4.2201,0.3228,2,23,0,0,0
5873,4.0672,0.2206,2,23,0,0,0
5874,4.2188,0.2523,2,23,0,0,0
5875,4.1563,0.2265,2,23,0,0,0
5876,4.1519,0.2599,2,23,0,0,0
5877,4.2373,0.2524,2,23,0,0,0
5878,4.154,0.2498,2,23,0,0,0
5879,4.091,0.3702,2,23,0,0,0
5880,4.1851,0.6186,2,23,0,0,0
5881,4.221,0.34,2,23,0,0,0
5882,4.1815,0.2818,2,23,0,0,0
5883,4.1252,0.2212,2,23,0,0,0
5884,4.5148,0.2309,2,23,0,0,0
5885,3.7875,0.2571,3,24,1,0,0
5886,4.1888,0.2551,3,24,0,0,0
5887,4.1657,0.2274,3,24,0,0,0
5888,4.1419,0.2711,3,24,0,0,0
5889,4.2329,0.2558,3,24,0,0,0
5890,4.0816,0.2915,3,24,0,0,0
5891,4.1716,0.1932,3,24,0,0,0
5892,4.2471,0.4178,3,24,0,0,0
5893,4.1216,0.2317,3,24,0,0,0
5894,4.2438,0.2911,3,24,0,0,0
5895,4.1171,0.438,3,24,0,0,0
5896,4.1383,0.2182,3,24,0,0,0
5897,4.1162,0.2605,3,24,0,0,0
5898,4.2256,0.3314,3,24,0,0,0
5899,4.2109,0.2254,3,24,0,0,0
5900,4.1043,0.2584,3,24,0,0,0
5901,4.2105,0.2825,3,24,0,0,0
5902,4.1031,0.3433,3,24,0,0,0
5903,4.192,0.2838,3,24,0,0,0
5904,4.2011,0.2875,3,24,0,0,0
5905,4.1332,0.229,3,24,0,0,0
5906,4.2053,0.7017,3,24,0,0,0
5907,4.188,0.2774,3,24,0,0,0
5908,4.1878,0.2516,3,24,0,0,0
5909,4.1403,0.2492,3,24,0,0,0
5910,4.1895,0.4386,3,24,0,0,0
5911,4.1993,0.4142,3,24,0,0,0
5912,4.0325,0.2886,3,24,0,0,0
5913,4.4823,0.3414,3,24,0,0,0
5914,3.9676,0.3026,3,24,0,0,0
5915,4.0575,0.1935,3,24,0,0,0
5916,4.4096,0.3436,3,24,0,0,0
5917,3.9505,0.3166,3,24,0,0,0
5918,4.2979,0.3283,3,24,0,0,0
5919,4.0964,0.2562,3,24,0,0,0
5920,4.1744,0.2873,3,24,0,0,0
5921,4.1749,0.2486,3,24,0,0,0
5922,4.0935,0.2503,3,24,0,0,0
5923,4.1773,0.3066,3,24,0,0,0
5924,4.2612,0.3262,3,24,0,0,0
5925,4.353,0.524,53,74,50,0,1
5926,4.055,0.315,53,73,0,1,1
5927,3.9817,0.3887,53,73,0,0,1
5928,4.158,0.3171,53,73,0,0,1
5929,4.2049,0.3754,53,73,0,0,1
5930,4.2468,0.4722,53,73,0,0,1
5931,4.1096,0.296,53,73,0,0,1
5932,4.1743,0.3438,53,73,0,0,1
5933,4.1329,0.3278,53,73,0,0,1
5934,4.1392,0.2903,53,73,0,0,1
5935,4.2223,0.2942,53,73,0,0,1
5936,4.1851,0.2742,53,73,0,0,1
5937,4.0835,0.2855,53,73,0,0,1
5938,4.2351,0.3184,53,73,0,0,1
5939,4.0871,0.2436,53,73,0,0,1
5940,4.2476,0.314,53,73,0,0,1
5941,4.1647,0.3612,53,73,0,0,1
5942,4.1753,0.4731,53,73,0,0,1
5943,4.1126,0.4637,53,73,0,0,1
5944,4.2124,0.3166,53,73,0,0,1
5945,4.1232,0.2935,53,73,0,0,1
5946,4.1845,0.2832,53,73,0,0,1
5947,4.4625,0.2474,53,73,0,0,1
5948,3.9045,0.2816,53,73,0,0,1
5949,4.1832,0.4474,53,73,0,0,1
5950,4.2057,0.4685,53,73,0,0,1
5951,4.0568,0.2781,53,73,0,0,1
5952,4.1916,0.2875,53,73,0,0,1
5953,4.1412,0.2795,53,73,0,0,1
5954,4.2127,0.4444,53,73,0,0,1
5955,4.1626,0.2837,53,73,0,0,1
5956,4.1318,0.305,53,73,0,0,1
5957,4.1628,0.3137,53,73,0,0,1
5958,4.3441,0.3682,53,73,0,0,1
5959,4.0883,0.3086,53,73,0,0,1
5960,4.1285,0.6761,53,73,0,0,1
5961,4.1409,0.4863,53,73,0,0,1
5962,4.2596,0.3855,53,73,0,0,1
5963,4.0336,0.2886,53,73,0,0,1
5964,4.1843,0.274,53,73,0,0,1
5965,4.2057,0.4275,53,73,0,0,1
5966,4.1513,0.3135,53,73,0,0,1
5967,4.1965,0.275,53,73,0,0,1
5968,4.2135,0.5422,53,73,0,0,1
5969,4.1767,0.3273,53,73,0,0,1
5970,4.066,0.28,53,73,0,0,1
5971,4.4912,0.4252,53,73,0,0,1
5972,3.8256,0.2836,53,73,0,0,1
5973,4.2307,0.4892,53,73,0,0,1
5974,4.1079,0.2705,53,73,0,0,1
5975,4.2224,0.4699,53,73,0,0,1
5976,4.0337,0.2901,53,73,0,0,1
5977,4.2285,0.3019,53,73,0,0,1
5978,4.1915,0.2909,53,73,0,0,1
5979,4.1132,0.2387,53,73,0,0,1
5980,4.207,0.3269,53,73,0,0,1
5981,4.3398,0.3536,53,73,0,0,1
5982,3.9912,0.2711,53,73,0,0,1
5983,4.152,0.4204,53,73,0,0,1
5984,4.239,0.3912,53,73,0,0,1
5985,4.1275,0.2487,53,73,0,0,1
5986,4.219,0.4821,53,73,0,0,1
5987,4.2602,0.3994,53,73,0,0,1
5988,4.0399,0.2767,53,73,0,0,1
5989,4.1929,0.4493,53,73,0,0,1
5990,4.1438,0.2675,53,73,0,0,1
5991,4.0665,0.25,53,73,0,0,1
5992,4.2278,0.8599,103,123,50,0,1
5993,4.1694,0.4663,103,123,0,0,1
5994,4.191,0.4736,103,123,0,0,1
5995,4.5251,0.7172,103,123,0,0,1
5996,3.8647,0.4364,103,123,0,0,1
5997,4.0928,0.3169,103,123,0,0,1
5998,4.1607,0.4569,103,123,0,0,1
5999,4.1947,0.3033,103,123,0,0,1
6000,4.1832,0.2886,103,123,0,0,1
6001,4.1312,0.35,103,123,0,0,1
6002,4.5895,0.527,103,123,0,0,1
6003,3.7368,0.2835,103,123,0,0,1
6004,4.174,0.3233,103,123,0,0,1
6005,4.1362,0.4653,103,123,0,0,1
6006,4.2206,0.3011,103,123,0,0,1
6007,4.157,0.3459,103,123,0,0,1
6008,4.148,0.3227,103,123,0,0,1
6009,4.1563,0.3137,103,123,0,0,1
6010,4.1575,0.5167,103,123,0,0,1
6011,4.2018,0.306,103,123,0,0,1
6012,4.2657,0.4279,103,123,0,0,1
6013,4.0761,0.3487,103,123,0,0,1
6014,4.1402,0.3111,103,123,0,0,1
6015,4.2129,0.4624,103,123,0,0,1
6016,4.1572,0.3557,103,123,0,0,1
6017,4.1122,0.3186,103,123,0,0,1
6018,4.1947,0.3153,103,123,0,0,1
6019,4.2275,0.2795,103,123,0,0,1
6020,4.1649,0.3749,103,123,0,0,1
6021,4.5019,0.3237,103,123,0,0,1
6022,3.8317,0.311,103,123,0,0,1
6023,4.1067,0.324,103,123,0,0,1
6024,4.1648,0.3114,103,123,0,0,1
6025,4.1912,0.4286,103,123,0,0,1
6026,4.1813,0.3734,103,123,0,0,1
6027,4.1107,0.3513,103,123,0,0,1
6028,4.231,0.4847,102,123,0,0,1
6029,4.1196,0.302,102,122,0,1,1
6030,4.1321,0.2881,102,122,0,0,1
6031,4.2832,0.4204,102,122,0,0,1
6032,4.0678,0.3267,102,122,0,0,1
6033,4.1707,0.3108,102,122,0,0,1
6034,4.234,0.3603,102,122,0,0,1
6035,4.1108,0.3118,102,122,0,0,1
6036,4.2223,0.4139,102,122,0,0,1
6037,4.1121,0.3368,101,122,0,0,1
6038,4.3019,0.4907,101,121,0,1,1
6039,4.0895,0.3446,101,121,0,0,1
6040,4.1326,0.3165,101,121,0,0,1
6041,4.1523,0.317,101,121,0,0,1
6042,4.136,0.3041,101,121,0,0,1
6043,4.2141,0.2678,101,121,0,0,1
6044,4.3347,0.4224,101,121,0,0,1
6045,4.0173,0.3255,101,121,0,0,1
6046,4.1763,0.3445,101,121,0,0,1
6047,4.1203,0.3097,101,121,0,0,1
6048,4.1445,0.2619,101,121,0,0,1
6049,4.1859,0.3864,100,121,0,0,1
6050,4.3443,0.6031,100,120,0,1,1
6051,4.0219,0.296,100,120,0,0,1
6052,4.2048,0.3559,100,120,0,0,1
6053,4.0766,0.4381,100,120,0,0,1
6054,4.1706,0.3136,100,120,0,0,1
6055,4.2601,1.059,100,120,0,0,1
6056,4.1081,0.6674,100,120,0,0,1
6057,4.1499,0.4533,100,120,0,0,1
6058,4.2108,0.471,100,120,0,0,1
6059,4.1642,0.5998,150,170,50,0,1
6060,4.1457,0.3214,150,170,0,0,1
6061,4.2306,0.4802,150,170,0,0,1
6062,4.1619,0.5031,150,170,0,0,1
6063,4.1068,0.7936,150,170,0,0,1
6064,4.2127,0.4111,150,170,0,0,1
6065,4.1552,0.364,150,170,0,0,1
6066,4.1226,0.3376,150,170,0,0,1
6067,4.2079,0.2997,150,170,0,0,1
6068,4.1578,0.5815,150,170,0,0,1
6069,4.2844,0.5625,150,170,0,0,1
6070,4.0035,0.3955,150,170,0,0,1
6071,4.1676,0.369,150,170,0,0,1
6072,4.1906,0.3442,150,170,0,0,1
6073,4.1498,0.3549,150,170,0,0,1
6074,4.2366,0.2768,150,170,0,0,1
6075,4.0999,0.4885,150,170,0,0,1
6076,4.2107,0.582,150,170,0,0,1
6077,4.1282,0.3772,150,170,0,0,1
6078,4.1588,0.3427,150,170,0,0,1
6079,4.1785,0.3203,150,170,0,0,1
6080,4.2059,0.4059,150,170,0,0,1
6081,4.1903,0.5791,150,170,0,0,1
6082,4.267,0.5014,150,170,0,0,1
6083,4.0297,0.3798,150,170,0,0,1
6084,4.1499,0.3703,150,170,0,0,1
6085,4.1883,0.402,150,170,0,0,1
6086,4.3215,0.6002,150,170,0,0,1
6087,4.0857,0.5462,150,170,0,0,1
6088,4.2362,0.6094,150,170,0,0,1
6089,4.2409,0.3756,150,170,0,0,1
6090,3.9234,0.3363,150,170,0,0,1
6091,4.4807,0.3774,150,170,0,0,1
6092,3.8886,0.3805,150,170,0,0,1
6093,4.1599,0.5211,150,170,0,0,1
6094,4.196,0.4828,150,170,0,0,1
6095,4.0916,0.2837,149,170,0,0,1
6096,4.1538,0.3784,149,169,0,1,1
6097,4.1864,0.3513,149,169,0,0,1
6098,4.4933,0.5974,149,169,0,0,1
6099,3.8638,0.3359,148,169,0,0,1
6100,4.1779,0.504,148,168,0,1,1
6101,4.1498,0.4054,148,168,0,0,1
6102,4.1293,0.3284,148,168,0,0,1
6103,4.2406,0.3955,148,168,0,0,1
6104,4.1238,0.4337,148,168,0,0,1
6105,4.216,0.4806,147,168,0,0,1
6106,4.2145,0.5211,147,167,0,1,1
6107,4.1012,0.3449,147,167,0,0,1
6108,4.1663,0.3958,145,167,0,0,1
6109,4.127,0.2654,145,165,0,2,1
6110,4.1838,0.395,145,165,0,0,1
6111,4.1531,0.3636,145,165,0,0,1
6112,4.3343,0.5083,145,165,0,0,1
6113,4.2272,0.372,145,165,0,0,1
6114,3.9211,0.2635,145,165,0,0,1
6115,4.1867,0.3534,145,165,0,0,1
6116,4.2194,0.4164,144,165,0,0,1
6117,4.3769,0.5766,144,164,0,1,1
6118,4.1482,0.4614,144,164,0,0,1
6119,3.9251,0.3025,144,164,0,0,1
6120,4.1821,0.4435,144,164,0,0,1
6121,4.1565,0.4055,144,164,0,0,1
6122,4.1467,0.3929,144,164,0,0,1
6123,4.4764,0.3719,144,164,0,0,1
6124,3.9249,0.3261,144,164,0,0,1
6125,4.1379,0.5895,144,164,0,0,1
6126,4.1847,0.7149,194,214,50,0,1
6127,4.1561,0.4471,194,214,0,0,1
6128,4.118,0.4183,194,214,0,0,1
6129,4.1501,0.5034,194,214,0,0,1
6130,4.4535,0.4127,194,214,0,0,1
6131,3.9623,0.6068,194,214,0,0,1
6132,4.1451,0.7182,194,214,0,0,1
6133,4.1858,0.4246,194,214,0,0,1
6134,4.1302,0.3925,194,214,0,0,1
6135,4.5102,0.4913,194,214,0,0,1
6136,4.1415,0.3777,194,214,0,0,1
6137,4.4026,0.3028,194,214,0,0,1
6138,3.6183,0.4013,194,214,0,0,1
6139,4.4083,0.4442,194,214,0,0,1
6140,3.936,0.6592,194,214,0,0,1
6141,4.5586,0.3455,192,214,0,0,1
6142,4.3172,0.3708,192,212,0,2,1
6143,3.6041,0.4543,192,212,0,0,1
6144,4.2812,0.5586,192,212,0,0,1
6145,4.0621,0.3287,192,212,0,0,1
6146,4.5291,0.596,192,212,0,0,1
6147,4.1252,0.4084,192,212,0,0,1
6148,3.8834,0.5608,192,212,0,0,1
6149,4.1095,0.3551,192,212,0,0,1
6150,4.1806,0.3788,192,212,0,0,1
6151,4.4908,0.5803,192,212,0,0,1
6152,3.9482,0.4872,192,212,0,0,1
6153,4.0873,0.5949,192,212,0,0,1
6154,4.5327,0.4881,192,212,0,0,1
6155,3.7711,0.3795,192,212,0,0,1
6156,4.455,0.5154,192,212,0,0,1
6157,3.8945,0.377,192,212,0,0,1
6158,4.5372,0.473,192,212,0,0,1
6159,4.202,0.451,192,212,0,0,1
6160,4.1326,0.3328,192,212,0,0,1
6161,4.2562,0.3734,192,212,0,0,1
6162,3.7031,0.3589,192,212,0,0,1
6163,4.1277,0.6184,192,212,0,0,1
6164,4.2343,0.5761,192,212,0,0,1
6165,4.4674,0.568,191,212,0,0,1
6166,4.321,0.3172,191,211,0,1,1
6167,3.6727,0.3788,191,211,0,0,1
6168,4.3447,0.3516,190,211,0,0,1
6169,3.9568,0.3851,189,210,0,1,1
6170,4.5027,0.6454,188,209,0,1,1
6171,4.246,0.5284,188,208,0,1,1
6172,3.7679,0.5458,188,208,0,0,1
6173,4.1982,0.4004,188,208,0,0,1
6174,4.1196,0.379,188,208,0,0,1
6175,4.3738,0.293,187,208,0,0,1
6176,4.1349,0.6835,187,207,0,1,1
6177,4.3129,0.4308,187,207,0,0,1
6178,3.8492,0.3813,187,207,0,0,1
6179,4.197,0.2933,187,207,0,0,1
6180,4.4603,0.5833,187,207,0,0,1
6181,4.0778,0.3082,187,207,0,0,1
6182,4.0599,0.5895,187,207,0,0,1
6183,4.1703,0.5595,187,207,0,0,1
6184,4.061,0.5547,186,207,0,0,1
6185,4.5197,0.295,185,206,0,1,1
6186,3.8472,0.3847,184,205,0,1,1
6187,4.1469,0.4162,184,204,0,1,1
6188,4.2522,0.6207,184,204,0,0,1
6189,4.0636,0.3748,184,204,0,0,1
6190,4.5407,0.3751,184,204,0,0,1
6191,3.7994,0.3533,184,204,0,0,1
6192,4.1819,0.408,183,204,0,0,1
6193,4.2007,0.5904,233,253,50,1,1
6194,4.1884,0.6515,233,253,0,0,1
6195,4.0887,0.5556,233,253,0,0,1
6196,4.235,0.3737,233,253,0,0,1
6197,4.1843,0.5732,233,253,0,0,1
6198,4.0797,0.3859,233,253,0,0,1
6199,4.1315,0.3995,233,253,0,0,1
6200,4.2679,0.3972,233,253,0,0,1
6201,4.252,0.6457,233,253,0,0,1
6202,4.3126,0.4946,233,253,0,0,1
6203,3.8865,0.4021,233,253,0,0,1
6204,4.4358,0.3228,232,253,0,0,1
6205,3.8985,0.4723,232,252,0,1,1
6206,4.1737,0.5474,232,252,0,0,1
6207,4.1333,0.5165,232,252,0,0,1
6208,4.341,0.5646,232,252,0,0,1
6209,3.9932,0.3564,232,252,0,0,1
6210,4.1974,0.3913,232,252,0,0,1
6211,4.4426,0.5918,232,252,0,0,1
6212,4.1155,0.3497,232,252,0,0,1
6213,3.9523,0.5924,231,252,0,0,1
6214,4.2581,0.6127,231,251,0,1,1
6215,4.0549,0.3201,231,251,0,0,1
6216,4.2669,0.4943,231,251,0,0,1
6217,4.0664,0.3469,231,251,0,0,1
6218,4.2249,0.5297,231,251,0,0,1
6219,4.0825,0.3814,231,251,0,0,1
6220,4.1718,0.3067,231,251,0,0,1
6221,4.2104,0.6703,231,251,0,0,1
6222,4.1237,0.3758,229,251,0,0,1
6223,4.1966,0.385,229,249,0,2,1
6224,4.224,0.4661,229,249,0,0,1
6225,4.311,0.608,229,249,0,0,1
6226,3.9531,0.5731,229,249,0,0,1
6227,4.1464,0.3739,228,249,0,0,1
6228,4.5781,0.5489,228,248,0,1,1
6229,3.7749,0.4454,227,248,0,0,1
6230,4.1589,0.4593,227,247,0,1,1
6231,4.2805,0.4183,227,247,0,0,1
6232,4.2342,0.5724,227,247,0,0,1
6233,4.1277,0.3145,227,247,0,0,1
6234,4.0238,0.5868,226,247,0,0,1
6235,4.2633,0.4227,226,246,0,1,1
6236,4.3639,0.3199,225,246,0,0,1
6237,3.9055,0.4946,225,245,0,1,1
6238,4.4353,0.3212,224,245,0,0,1
6239,4.0267,0.6759,224,244,0,1,1
6240,4.102,0.4121,224,244,0,0,1
6241,4.1035,0.3329,224,244,0,0,1
6242,4.5268,0.4034,224,244,0,0,1
6243,4.061,0.3133,224,244,0,0,1
6244,3.9175,0.392,223,244,0,0,1
6245,4.2822,0.6238,223,243,0,1,1
6246,4.0508,0.3198,222,243,0,0,1
6247,4.1572,0.4508,222,242,0,1,1
6248,4.2199,0.3544,221,242,0,0,1
6249,4.0989,0.5018,221,241,0,1,1
6250,4.2445,0.5972,220,241,0,0,1
6251,4.0966,0.4592,220,240,0,1,1
6252,4.1708,0.6014,220,240,0,0,1
6253,4.1679,0.3293,220,240,0,0,1
6254,4.2117,0.4606,220,240,0,0,1
6255,4.1324,0.3584,220,240,0,0,1
6256,4.2621,0.6005,220,240,0,0,1
6257,4.2413,0.4055,220,240,0,0,1
6258,3.9874,0.3046,219,240,0,0,1
6259,4.1858,0.4559,219,239,0,1,1
6260,4.1966,0.6329,269,289,50,0,1
6261,4.1327,0.3753,269,289,0,0,1
6262,4.4508,0.5057,269,289,0,0,1
6263,3.866,0.6954,268,289,0,0,1
6264,4.5168,0.577,268,288,0,1,1
6265,3.8122,0.3959,268,288,0,0,1
6266,4.2277,0.4918,268,288,0,0,1
6267,4.1622,0.707,268,288,0,0,1
6268,4.1529,0.3939,268,288,0,0,1
6269,4.1651,0.4344,268,288,0,0,1
6270,4.1374,0.4153,268,288,0,0,1
6271,4.2794,0.4408,268,288,0,0,1
6272,4.1199,0.5192,268,288,0,0,1
6273,4.0804,0.4275,268,288,0,0,1
6274,4.1848,0.4344,267,288,0,0,1
6275,4.1625,0.4361,267,287,0,1,1
6276,4.2581,0.6057,267,287,0,0,1
6277,4.1004,0.5761,267,287,0,0,1
6278,4.1911,0.3952,267,287,0,0,1
6279,4.1226,0.407,267,287,0,0,1
6280,4.4479,0.473,267,287,0,0,1
6281,4.0679,0.386,266,287,0,0,1
6282,3.9863,0.3618,266,286,0,1,1
6283,4.2453,0.4839,266,286,0,0,1
6284,4.4006,0.4967,266,286,0,0,1
6285,4.2308,0.5621,266,286,0,0,1
6286,4.04,0.4251,266,286,0,0,1
6287,3.9221,0.6564,266,286,0,0,1
6288,4.2115,0.3632,265,286,0,0,1
6289,4.1292,0.3442,265,285,0,1,1
6290,4.2053,0.4784,264,285,0,0,1
6291,4.2061,0.4571,264,284,0,1,1
6292,4.139,0.3842,263,284,0,0,1
6293,4.1708,0.4621,263,283,0,1,1
6294,4.0702,0.4177,263,283,0,0,1
6295,4.4486,0.5651,263,283,0,0,1
6296,3.9674,0.7027,263,283,0,0,1
6297,4.3013,0.4689,263,283,0,0,1
6298,4.0432,0.4033,263,283,0,0,1
6299,4.1013,0.3376,263,283,0,0,1
6300,4.3822,0.6162,263,283,0,0,1
6301,3.9644,0.4679,262,283,0,0,1
6302,4.1471,0.5461,262,282,0,1,1
6303,4.1917,0.4622,262,282,0,0,1
6304,4.2184,0.4876,262,282,0,0,1
6305,4.3615,0.3822,262,282,0,0,1
6306,3.9222,0.4162,261,282,0,0,1
6307,4.1227,0.6236,261,281,0,1,1
6308,4.3307,0.6068,260,281,0,0,1
6309,4.3828,0.4886,259,280,0,1,1
6310,3.8343,0.4201,259,279,0,1,1
6311,4.1594,0.3758,257,279,0,0,1
6312,4.2716,0.3876,257,277,0,2,1
6313,4.0589,0.4611,256,277,0,0,1
6314,4.2389,0.6845,256,276,0,1,1
6315,4.1035,0.3692,255,276,0,0,1
6316,4.4372,0.6008,253,275,0,1,1
6317,3.9025,0.4369,253,273,0,2,1
6318,4.1509,0.327,253,273,0,0,1
6319,4.1725,0.5041,253,273,0,0,1
6320,4.2066,0.3702,252,273,0,0,1
6321,4.1606,0.4053,252,272,0,1,1
6322,4.1047,0.506,252,272,0,0,1
6323,4.1524,0.3465,252,272,0,0,1
6324,4.1999,0.3465,252,272,0,0,1
6325,4.1755,0.5106,252,272,0,0,1
6326,4.2057,0.6329,251,272,0,0,1
6327,4.0979,0.3357,251,271,0,1,1
6328,4.2464,0.7139,301,321,50,0,1
6329,4.1605,0.4502,300,321,0,0,1
6330,4.093,0.5085,300,320,0,1,1
6331,4.2212,0.486,299,320,0,0,1
6332,4.1218,0.3968,298,319,0,1,1
6333,4.2884,0.6679,298,318,0,1,1
6334,4.0672,0.4294,298,318,0,0,1
6335,4.1591,0.4189,298,318,0,0,1
6336,4.1983,0.467,298,318,0,0,1
6337,4.1436,0.4093,298,318,0,0,1
6338,4.2191,0.698,297,318,0,0,1
6339,4.1637,0.576,297,317,0,1,1
6340,4.156,0.6887,297,317,0,0,1
6341,4.131,0.4251,297,317,0,0,1
6342,4.1515,0.4346,297,317,0,0,1
6343,4.2215,0.5022,297,317,0,0,1
6344,4.1525,0.4687,297,317,0,0,1
6345,4.1963,0.6195,296,317,0,0,1
6346,4.1969,0.4243,295,316,0,1,1
6347,4.1432,0.7488,294,315,0,1,1
6348,4.1191,0.4585,294,314,0,1,1
6349,4.1507,0.4077,294,314,0,0,1
6350,4.1321,0.4336,294,314,0,0,1
6351,4.2348,0.4259,294,314,0,0,1
6352,4.1924,0.6639,293,314,0,0,1
6353,4.1974,0.3958,292,313,0,1,1
6354,4.0714,0.3474,291,312,0,1,1
6355,4.459,0.419,291,311,0,1,1
6356,3.9259,0.4758,291,311,0,0,1
6357,4.3311,0.846,291,311,0,0,1
6358,4.0386,0.6288,291,311,0,0,1
6359,4.0716,0.532,291,311,0,0,1
6360,4.2127,0.5124,290,311,0,0,1
6361,4.1142,0.422,290,310,0,1,1
6362,4.2446,0.4431,290,310,0,0,1
6363,4.1871,0.3981,290,310,0,0,1
6364,4.1658,0.6555,290,310,0,0,1
6365,4.1052,0.4929,290,310,0,0,1
6366,4.1644,0.3626,290,310,0,0,1
6367,4.2019,0.3981,290,310,0,0,1
6368,4.1167,0.5222,290,310,0,0,1
6369,4.1878,0.551,289,310,0,0,1
6370,4.1664,0.5721,288,309,0,1,1
6371,4.3266,0.5894,288,308,0,1,1
6372,4.319,0.6792,288,308,0,0,1
6373,3.8431,0.4605,288,308,0,0,1
6374,4.1478,0.4085,288,308,0,0,1
6375,4.2191,0.4078,288,308,0,0,1
6376,4.1709,0.5441,288,308,0,0,1
6377,4.1192,0.4161,288,308,0,0,1
6378,4.172,0.5894,288,308,0,0,1
6379,4.1262,0.3821,288,308,0,0,1
6380,4.1934,0.4039,288,308,0,0,1
6381,4.2387,0.5172,288,308,0,0,1
6382,4.2746,0.3607,288,308,0,0,1
6383,4.1508,0.5986,288,308,0,0,1
6384,4.2786,0.4629,287,308,0,0,1
6385,3.911,0.4494,287,307,0,1,1
6386,4.226,0.4938,287,307,0,0,1
6387,4.1017,0.3386,286,307,0,0,1
6388,4.3665,0.3741,286,306,0,1,1
6389,4.0409,0.7078,286,306,0,0,1
6390,4.0905,0.3979,285,306,0,0,1
6391,4.2078,0.6167,284,305,0,1,1
6392,4.199,0.4353,284,304,0,1,1
6393,4.3656,0.6371,284,304,0,0,1
6394,3.948,0.5716,284,304,0,0,1
6395,4.1568,0.9224,334,354,50,0,1
6396,4.2618,0.6535,333,354,0,0,1
6397,4.0848,0.5742,333,353,0,1,1
6398,4.1615,0.4469,333,353,0,0,1
6399,4.1346,0.5861,332,353,0,0,1
6400,4.2238,0.5848,332,352,0,1,1
6401,4.346,0.4112,332,352,0,0,1
6402,3.9246,0.3858,332,352,0,0,1
6403,4.176,0.4464,332,352,0,0,1
6404,4.2027,0.4542,332,352,0,0,1
6405,4.1288,0.444,332,352,0,0,1
6406,4.1954,0.5114,332,352,0,0,1
6407,4.1007,0.4463,332,352,0,0,1
6408,4.1982,0.478,331,352,0,0,1
6409,4.1593,0.4557,331,351,0,1,1
6410,4.2234,0.6415,330,351,0,0,1
6411,4.1537,0.4403,330,350,0,1,1
6412,4.1614,0.4942,329,350,0,0,1
6413,4.1366,0.5855,329,349,0,1,1
6414,4.1743,0.4543,329,349,0,0,1
6415,4.2699,0.6393,329,349,0,0,1
6416,4.0988,0.4608,328,349,0,0,1
6417,4.1205,0.396,328,348,0,1,1
6418,4.1459,0.427,328,348,0,0,1
6419,4.1489,0.3766,327,348,0,0,1
6420,4.2497,0.4931,327,347,0,1,1
6421,4.1058,0.4659,326,347,0,0,1
6422,4.2318,0.4873,326,346,0,1,1
6423,4.1337,0.4249,326,346,0,0,1
6424,4.4395,0.7395,326,346,0,0,1
6425,3.9875,0.3928,326,346,0,0,1
6426,4.0519,0.3816,325,346,0,0,1
6427,4.2338,0.5885,324,345,0,1,1
6428,4.1187,0.4558,324,344,0,1,1
6429,4.1273,0.6093,324,344,0,0,1
6430,4.1352,0.3572,324,344,0,0,1
6431,4.2285,0.3988,324,344,0,0,1
6432,4.1522,0.5172,324,344,0,0,1
6433,4.3091,0.721,324,344,0,0,1
6434,4.1175,0.6829,324,344,0,0,1
6435,4.1371,0.5629,322,344,0,0,1
6436,4.1198,0.4274,321,342,0,2,1
6437,4.1756,0.4454,320,341,0,1,1
6438,4.1571,0.3738,320,340,0,1,1
6439,4.1788,0.6802,319,340,0,0,1
6440,4.2842,0.6445,318,339,0,1,1
6441,4.084,0.4957,317,338,0,1,1
6442,4.1889,0.4325,317,337,0,1,1
6443,4.0914,0.3966,316,337,0,0,1
6444,4.1999,0.4276,315,336,0,1,1
6445,4.1509,0.5132,314,335,0,1,1
6446,4.2571,0.6313,314,334,0,1,1
6447,4.0374,0.4699,313,334,0,0,1
6448,4.256,0.477,313,333,0,1,1
6449,4.0571,0.3666,313,333,0,0,1
6450,4.2257,0.6027,313,333,0,0,1
6451,4.1405,0.4518,313,333,0,0,1
6452,4.2309,0.4398,313,333,0,0,1
6453,4.1413,0.446,313,333,0,0,1
6454,4.5653,0.3831,313,333,0,0,1
6455,3.7853,0.5304,313,333,0,0,1
6456,4.1594,0.5232,313,333,0,0,1
6457,4.1431,0.5548,313,333,0,0,1
6458,4.2592,0.6827,313,333,0,0,1
6459,4.2148,0.6279,313,333,0,0,1
6460,4.207,0.5428,312,333,0,0,1
6461,4.0171,0.4638,311,332,0,1,1
6462,4.1296,0.6445,361,381,50,1,1
6463,4.1848,0.5415,361,381,0,0,1
6464,4.1989,0.5894,360,381,0,0,1
6465,4.4007,0.6313,359,380,0,1,1
6466,3.9135,0.6834,359,379,0,1,1
6467,4.1259,0.4465,358,379,0,0,1
6468,4.2217,0.4508,357,378,0,1,1
6469,4.1279,0.4355,357,377,0,1,1
6470,4.4,0.3823,357,377,0,0,1
6471,4.0271,0.6641,357,377,0,0,1
6472,4.1088,0.4587,357,377,0,0,1
6473,4.3334,0.3859,357,377,0,0,1
6474,3.9727,0.4047,357,377,0,0,1
6475,4.1703,0.4373,357,377,0,0,1
6476,4.1586,0.4491,357,377,0,0,1
6477,4.2036,0.707,356,377,0,0,1
6478,4.0827,0.468,355,376,0,1,1
6479,4.2042,0.6946,355,375,0,1,1
6480,4.2263,0.5951,355,375,0,0,1
6481,4.1208,0.4639,355,375,0,0,1
6482,4.2134,0.5866,355,375,0,0,1
6483,4.1375,0.4299,355,375,0,0,1
6484,4.1595,0.3996,354,375,0,0,1
6485,4.179,0.4448,354,374,0,1,1
6486,4.1223,0.3941,353,374,0,0,1
6487,4.4888,0.6215,353,373,0,1,1
6488,3.8551,0.4521,352,373,0,0,1
6489,4.1985,0.7664,352,372,0,1,1
6490,4.3935,0.6785,352,372,0,0,1
6491,3.9472,0.7724,349,372,0,0,1
6492,4.1902,0.5073,349,369,0,3,1
6493,4.1136,0.4272,347,369,0,0,1
6494,4.1723,0.4118,347,367,0,2,1
6495,4.1448,0.6917,347,367,0,0,1
6496,4.3703,0.6742,346,367,0,0,1
6497,3.9878,0.4488,346,366,0,1,1
6498,4.1737,0.4254,344,366,0,0,1
6499,4.1987,0.63,344,364,0,2,1
6500,4.1649,0.5228,344,364,0,0,1
6501,4.2291,0.7002,344,364,0,0,1
6502,4.2918,0.3958,343,364,0,0,1
6503,3.9477,0.3966,341,363,0,1,1
6504,4.266,0.4405,340,361,0,2,1
6505,4.0536,0.3946,340,360,0,1,1
6506,4.1357,0.4776,340,360,0,0,1
6507,4.1911,0.4296,340,360,0,0,1
6508,4.2128,0.7189,337,360,0,0,1
6509,4.128,0.6881,337,357,0,3,1
6510,4.1634,0.4648,337,357,0,0,1
6511,4.2802,0.6413,337,357,0,0,1
6512,4.0507,0.4526,337,357,0,0,1
6513,4.2225,0.4288,336,357,0,0,1
6514,4.1499,0.4765,336,356,0,1,1
6515,4.2196,0.6153,334,356,0,0,1
6516,4.0823,0.5751,333,354,0,2,1
6517,4.1823,0.5142,333,353,0,1,1
6518,4.1256,0.4457,333,353,0,0,1
6519,4.1812,0.4442,333,353,0,0,1
6520,4.298,0.6039,333,353,0,0,1
6521,4.0951,0.3677,333,353,0,0,1
6522,4.1319,0.6315,333,353,0,0,1
6523,4.1575,0.5024,333,353,0,0,1
6524,4.2322,0.541,326,353,0,0,1
6525,4.1157,0.5647,324,346,0,7,1
6526,4.3798,0.4264,324,344,0,2,1
6527,3.9338,0.5497,324,344,0,0,1
6528,4.3051,0.6345,324,344,0,0,1
6529,4.1737,0.8,374,394,50,0,1
6530,4.0801,0.587,374,394,0,0,1
6531,4.114,0.4609,374,394,0,0,1
6532,4.2971,0.6407,374,394,0,0,1
6533,4.0503,0.7203,372,394,0,0,1
6534,4.1168,0.4111,370,392,0,2,1
6535,4.2252,0.6573,370,390,0,2,1
6536,4.1657,0.6065,368,390,0,0,1
6537,4.1962,0.7157,368,388,0,2,1
6538,4.4448,0.5458,368,388,0,0,1
6539,4.0498,0.4735,368,388,0,0,1
6540,4.1145,0.4592,368,388,0,0,1
6541,4.011,0.5502,368,388,0,0,1
6542,4.2316,0.5614,368,388,0,0,1
6543,4.1564,0.4794,368,388,0,0,1
6544,4.1092,0.4175,368,388,0,0,1
6545,4.52,0.3855,366,388,0,0,1
6546,3.8282,0.4005,365,386,0,2,1
6547,4.2428,0.6467,364,385,0,1,1
6548,4.0687,0.613,364,384,0,1,1
6549,4.5082,0.5534,362,384,0,0,1
6550,3.7915,0.3955,362,382,0,2,1
6551,4.2142,0.4284,362,382,0,0,1
6552,4.392,0.606,361,382,0,0,1
6553,3.943,0.4525,360,381,0,1,1
6554,4.2479,0.5185,360,380,0,1,1
6555,4.077,0.4982,360,380,0,0,1
6556,4.4672,0.6476,360,380,0,0,1
6557,3.9209,0.6496,360,380,0,0,1
6558,4.0963,0.4603,360,380,0,0,1
6559,4.2692,0.6241,360,380,0,0,1
6560,4.1442,0.5574,359,380,0,0,1
6561,4.1653,0.738,357,379,0,1,1
6562,4.1731,0.5222,357,377,0,2,1
6563,4.1,0.4016,355,377,0,0,1
6564,4.3982,0.6623,354,375,0,2,1
6565,4.1385,0.5532,354,374,0,1,1
6566,4.1279,0.756,354,374,0,0,1
6567,4.0628,0.5003,352,374,0,0,1
6568,4.3912,0.4475,352,372,0,2,1
6569,3.9181,0.4006,352,372,0,0,1
6570,4.179,0.4349,352,372,0,0,1
6571,4.3723,0.7291,351,372,0,0,1
6572,4.0284,0.6895,350,371,0,1,1
6573,4.0884,0.7429,350,370,0,1,1
6574,4.1153,0.4822,348,370,0,0,1
6575,4.1634,0.4461,348,368,0,2,1
6576,4.268,0.5462,348,368,0,0,1
6577,4.0851,0.3915,348,368,0,0,1
6578,4.3182,0.6339,348,368,0,0,1
6579,3.9842,0.4489,348,368,0,0,1
6580,4.2603,0.4486,346,368,0,0,1
6581,4.1557,0.4513,345,366,0,2,1
6582,4.1159,0.429,345,365,0,1,1
6583,4.2232,0.4969,344,365,0,0,1
6584,4.1723,0.5169,344,364,0,1,1
6585,4.1594,0.4749,344,364,0,0,1
6586,4.0785,0.5417,344,364,0,0,1
6587,4.2026,0.4213,344,364,0,0,1
6588,4.2375,0.4243,343,364,0,0,1
6589,4.1026,0.4195,342,363,0,1,1
6590,4.2018,0.6027,341,362,0,1,1
6591,4.3146,0.6644,334,361,0,1,1
6592,4.2656,0.5517,332,354,0,7,1
6593,3.9468,0.5487,332,352,0,2,1
6594,4.1222,0.4586,332,352,0,0,1
6595,4.1205,0.4557,332,352,0,0,1
6596,4.2078,0.6285,382,402,50,0,1
6597,4.3475,0.6554,382,402,0,0,1
6598,3.9682,0.5284,381,402,0,0,1
6599,4.184,0.6544,379,401,0,1,1
6600,4.1466,0.5359,379,399,0,2,1
6601,4.1983,0.5329,379,399,0,0,1
6602,4.0914,0.4403,379,399,0,0,1
6603,4.2917,0.8148,379,399,0,0,1
6604,4.1015,0.4171,378,399,0,0,1
6605,4.1799,0.4547,378,398,0,1,1
6606,4.1518,0.4355,378,398,0,0,1
6607,4.1797,0.3939,378,398,0,0,1
6608,4.1625,0.4058,378,398,0,0,1
6609,4.1477,0.6598,378,398,0,0,1
6610,4.334,0.5919,377,398,0,0,1
6611,4.016,0.4064,377,397,0,1,1
6612,4.1235,0.4071,376,397,0,0,1
6613,4.2688,0.498,374,396,0,1,1
6614,4.1118,0.4156,374,394,0,2,1
6615,4.1505,0.4347,374,394,0,0,1
6616,4.3031,0.6605,374,394,0,0,1
6617,4.0632,0.469,374,394,0,0,1
6618,4.1352,0.547,374,394,0,0,1
6619,4.2206,0.5425,374,394,0,0,1
6620,4.1311,0.4372,373,394,0,0,1
6621,4.1325,0.5755,373,393,0,1,1
6622,5.1169,0.4463,373,393,0,0,1
6623,3.2553,0.4109,373,393,0,0,1
6624,4.1468,0.4309,372,393,0,0,1
6625,4.1864,0.516,372,392,0,1,1
6626,4.1406,0.4347,371,392,0,0,1
6627,4.1459,0.5026,371,391,0,1,1
6628,4.2424,0.7498,371,391,0,0,1
6629,4.1213,0.9182,371,391,0,0,1
6630,4.173,0.4734,371,391,0,0,1
6631,4.1429,0.5275,371,391,0,0,1
6632,4.1993,0.5907,371,391,0,0,1
6633,4.1702,0.6644,369,391,0,0,1
6634,4.0919,0.6424,369,389,0,2,1
6635,4.3993,0.6262,368,389,0,0,1
6636,4.0061,0.4544,367,388,0,1,1
6637,4.1753,0.444,366,387,0,1,1
6638,4.1816,0.6051,366,386,0,1,1
6639,4.0754,0.393,365,386,0,0,1
6640,4.2847,0.7067,364,385,0,1,1
6641,4.1962,0.7172,362,384,0,1,1
6642,4.0776,0.397,362,382,0,2,1
6643,4.2169,0.4569,361,382,0,0,1
6644,4.2204,0.467,360,381,0,1,1
6645,4.3555,0.5985,357,380,0,1,1
6646,3.8547,0.4224,357,377,0,3,1
6647,4.2608,0.6884,353,377,0,0,1
6648,4.3021,0.625,353,373,0,4,1
6649,3.9563,0.4889,353,373,0,0,1
6650,4.2278,0.5595,353,373,0,0,1
6651,4.1864,0.4906,352,373,0,0,1
6652,4.1578,0.6537,351,372,0,1,1
6653,4.1045,0.6659,351,371,0,1,1
6654,4.1253,0.3791,350,371,0,0,1
6655,4.2654,0.7784,349,370,0,1,1
6656,4.1696,0.4522,348,369,0,1,1
6657,4.1124,0.4494,348,368,0,1,1
6658,4.1538,0.4303,340,368,0,0,1
6659,4.193,0.6668,340,360,0,8,1
6660,4.2393,0.7035,340,360,0,0,1
6661,4.0768,0.5945,339,360,0,0,1
6662,4.1728,0.487,339,359,0,1,1
6663,4.1273,0.4084,339,359,0,0,1
6664,4.7911,0.574,389,409,50,0,1
6665,3.5223,0.4158,389,409,0,0,1
6666,4.2064,0.4775,389,409,0,0,1
6667,4.2145,0.4573,388,409,0,0,1
6668,4.1909,0.7512,387,408,0,1,1
6669,4.122,0.4683,386,407,0,1,1
6670,4.0978,0.4626,386,406,0,1,1
6671,4.213,0.5321,385,406,0,0,1
6672,4.1905,0.6807,385,405,0,1,1
6673,4.1516,0.4286,384,405,0,0,1
6674,4.1633,0.4128,384,404,0,1,1
6675,4.221,0.459,384,404,0,0,1
6676,4.1764,0.5606,384,404,0,0,1
6677,4.1378,0.5246,384,404,0,0,1
6678,4.1311,0.3982,384,404,0,0,1
6679,4.2718,0.6666,384,404,0,0,1
6680,4.2081,0.473,384,404,0,0,1
6681,4.015,0.6645,384,404,0,0,1
6682,4.2662,0.5293,384,404,0,0,1
6683,4.0756,0.401,383,404,0,0,1
6684,4.1362,0.6056,382,403,0,1,1
6685,4.2279,0.5094,382,402,0,1,1
6686,4.193,0.7402,382,402,0,0,1
6687,4.0731,0.462,382,402,0,0,1
6688,4.2763,0.5082,382,402,0,0,1
6689,4.0626,0.4078,381,402,0,0,1
6690,4.2029,0.6704,381,401,0,1,1
6691,4.1239,0.5777,381,401,0,0,1
6692,4.2512,0.4887,381,401,0,0,1
6693,4.1645,0.5882,381,401,0,0,1
6694,4.0676,0.4016,381,401,0,0,1
6695,4.2253,0.4137,381,401,0,0,1
6696,4.2189,0.7474,381,401,0,0,1
6697,4.1151,0.4605,381,401,0,0,1
6698,4.2563,0.5466,381,401,0,0,1
6699,4.0491,0.4859,381,401,0,0,1
6700,4.1754,0.4374,380,401,0,0,1
6701,4.1947,0.4588,379,400,0,1,1
6702,4.1635,0.4228,377,399,0,1,1
6703,4.1772,0.6673,377,397,0,2,1
6704,4.2447,0.8677,376,397,0,0,1
6705,4.1019,0.5628,376,396,0,1,1
6706,4.1682,0.5523,375,396,0,0,1
6707,4.1337,0.5479,374,395,0,1,1
6708,4.2608,0.7469,372,394,0,1,1
6709,4.0658,0.5052,372,392,0,2,1
6710,4.4517,0.6263,370,392,0,0,1
6711,3.963,0.6406,369,390,0,2,1
6712,4.362,0.4995,368,389,0,1,1
6713,3.8864,0.4608,367,388,0,1,1
6714,4.187,0.4607,367,387,0,1,1
6715,4.2328,0.6312,366,387,0,0,1
6716,4.1403,0.5936,364,386,0,1,1
6717,4.1232,0.4706,363,384,0,2,1
6718,4.1156,0.4134,362,383,0,1,1
6719,4.2155,0.395,362,382,0,1,1
6720,4.4934,0.6063,361,382,0,0,1
6721,3.8483,0.4054,361,381,0,1,1
6722,4.3412,0.4036,360,381,0,0,1
6723,4.1065,0.6748,360,380,0,1,1
6724,4.1076,0.5714,360,380,0,0,1
6725,4.1557,0.5603,352,380,0,0,1
6726,4.1172,0.4662,352,372,0,8,1
6727,4.2282,0.6266,352,372,0,0,1
6728,4.138,0.4296,351,372,0,0,1
6729,4.2065,0.7851,350,371,0,1,1
6730,4.1298,0.4336,350,370,0,1,1
6731,4.128,0.5824,400,420,50,0,1
6732,4.1951,0.484,400,420,0,0,1
6733,4.1527,0.5372,399,420,0,0,1
6734,4.2142,0.6992,398,419,0,1,1
6735,4.1613,0.7201,397,418,0,1,1
6736,4.4847,0.5483,396,417,0,1,1
6737,3.7931,0.4606,396,416,0,1,1
6738,4.172,0.4163,395,416,0,0,1
6739,4.4814,0.7135,395,415,0,1,1
6740,3.8539,0.4719,395,415,0,0,1
6741,4.2267,0.7004,394,415,0,0,1
6742,4.0305,0.6919,394,414,0,1,1
6743,4.2957,0.5598,394,414,0,0,1
6744,4.1598,0.6177,393,414,0,0,1
6745,4.1287,0.6092,393,413,0,1,1
6746,4.1576,0.5829,392,413,0,0,1
6747,4.1276,0.622,392,412,0,1,1
6748,4.2965,0.748,391,412,0,0,1
6749,4.1115,0.6027,390,411,0,1,1
6750,4.1009,0.5053,390,410,0,1,1
6751,4.2329,0.6516,390,410,0,0,1
6752,4.1398,0.5128,389,410,0,0,1
6753,4.2106,0.786,388,409,0,1,1
6754,4.1874,0.6686,388,408,0,1,1
6755,4.1365,0.5829,388,408,0,0,1
6756,4.2113,0.5618,388,408,0,0,1
6757,4.0815,0.5235,388,408,0,0,1
6758,4.2203,0.6137,388,408,0,0,1
6759,4.1339,0.6853,388,408,0,0,1
6760,4.1869,0.7608,387,408,0,0,1
6761,4.0702,0.4715,386,407,0,1,1
6762,4.2318,0.6851,385,406,0,1,1
6763,4.2469,0.6268,384,405,0,1,1
6764,4.1492,0.5226,383,404,0,1,1
6765,4.1127,0.5748,382,403,0,1,1
6766,4.0661,0.485,381,402,0,1,1
6767,4.3911,0.7419,381,401,0,1,1
6768,4.0784,0.59,381,401,0,0,1
6769,4.1406,0.5293,381,401,0,0,1
6770,4.1622,0.5408,379,401,0,0,1
6771,4.4431,0.542,379,399,0,2,1
6772,3.938,0.7539,378,399,0,0,1
6773,4.0774,0.8946,378,398,0,1,1
6774,4.1653,0.4979,376,398,0,0,1
6775,4.6122,0.6565,375,396,0,2,1
6776,3.7577,0.5962,375,395,0,1,1
6777,4.4759,0.7653,375,395,0,0,1
6778,3.941,0.563,375,395,0,0,1
6779,4.1061,0.7202,375,395,0,0,1
6780,4.1606,0.6277,374,395,0,0,1
6781,4.176,0.6303,373,394,0,1,1
6782,4.131,0.4633,373,393,0,1,1
6783,4.1834,0.4731,373,393,0,0,1
6784,4.2202,0.6267,373,393,0,0,1
6785,4.0379,0.415,373,393,0,0,1
6786,4.272,0.4326,373,393,0,0,1
6787,4.4523,0.5721,373,393,0,0,1
6788,3.9229,0.4724,371,393,0,0,1
6789,4.1579,0.462,371,391,0,2,1
6790,4.0564,0.4453,371,391,0,0,1
6791,4.226,0.7051,370,391,0,0,1
6792,4.2451,0.6922,360,390,0,1,1
6793,4.0711,0.4285,359,380,0,10,1
6794,4.15,0.709,358,379,0,1,1
6795,4.1913,0.4523,358,378,0,1,1
6796,4.221,0.515,356,378,0,0,1
6797,4.1275,0.6153,356,376,0,2,1
6798,4.106,0.5336,406,426,50,0,1
6799,4.2526,0.5072,405,426,0,0,1
6800,4.1319,0.6805,404,425,0,1,1
6801,4.1861,0.5111,404,424,0,1,1
6802,4.1688,0.5035,404,424,0,0,1
6803,4.1055,0.4158,404,424,0,0,1
6804,4.44,0.4492,404,424,0,0,1
6805,3.981,0.4566,403,424,0,0,1
6806,4.1532,0.4987,403,423,0,1,1
6807,4.1917,0.7849,403,423,0,0,1
6808,4.1323,0.5409,403,423,0,0,1
6809,4.0744,0.4028,401,423,0,0,1
6810,4.2276,0.4384,400,421,0,2,1
6811,4.335,0.4323,399,420,0,1,1
6812,4.0136,0.4932,399,419,0,1,1
6813,4.1887,0.4712,399,419,0,0,1
6814,4.1081,0.4192,399,419,0,0,1
6815,4.1717,0.5252,399,419,0,0,1
6816,4.2498,0.4573,399,419,0,0,1
6817,4.1037,0.4441,399,419,0,0,1
6818,4.1911,0.6269,399,419,0,0,1
6819,4.1312,0.4502,399,419,0,0,1
6820,4.4372,0.4636,399,419,0,0,1
6821,4.2394,0.7439,399,419,0,0,1
6822,3.8005,0.4785,399,419,0,0,1
6823,4.2694,0.7622,399,419,0,0,1
6824,4.1708,0.805,399,419,0,0,1
6825,4.1241,0.6083,399,419,0,0,1
6826,4.1809,0.6034,399,419,0,0,1
6827,4.0922,0.4691,399,419,0,0,1
6828,4.2382,0.6824,398,419,0,0,1
6829,4.1343,0.6713,398,418,0,1,1
6830,4.2638,0.6861,398,418,0,0,1
6831,4.0741,0.4975,398,418,0,0,1
6832,4.2067,0.5441,398,418,0,0,1
6833,4.0444,0.4167,396,418,0,0,1
6834,4.2362,0.4593,396,416,0,2,1
6835,4.1499,0.5315,395,416,0,0,1
6836,4.1982,0.4539,394,415,0,1,1
6837,4.1559,0.4405,394,414,0,1,1
6838,4.1256,0.4208,392,414,0,0,1
6839,4.202,0.4292,392,412,0,2,1
6840,4.1857,0.5352,391,412,0,0,1
6841,4.1625,0.4472,391,411,0,1,1
6842,4.1866,0.4334,391,411,0,0,1
6843,4.0991,0.5126,391,411,0,0,1
6844,4.304,1.0692,390,411,0,0,1
6845,4.1833,0.5536,390,410,0,1,1
6846,4.0406,0.4325,390,410,0,0,1
6847,4.2104,0.6049,389,410,0,0,1
6848,4.1639,0.5077,386,409,0,1,1
6849,4.3942,0.6682,385,406,0,3,1
6850,3.9474,0.482,384,405,0,1,1
6851,4.2312,0.6356,383,404,0,1,1
6852,4.0404,0.4338,381,403,0,1,1
6853,4.2165,0.4893,381,401,0,2,1
6854,4.1887,0.6007,380,401,0,0,1
6855,4.2178,0.6903,379,400,0,1,1
6856,4.1027,0.6086,378,399,0,1,1
6857,4.0739,0.4774,378,398,0,1,1
6858,4.1935,0.547,378,398,0,0,1
6859,4.2371,0.5508,371,398,0,0,1
6860,4.1589,0.5049,368,391,0,7,1
6861,4.2227,0.7698,368,388,0,3,1
6862,4.0763,0.5292,368,388,0,0,1
6863,4.2027,0.445,368,388,0,0,1
6864,4.1194,0.4419,368,388,0,0,1
6865,4.1939,0.6132,417,438,50,0,1
6866,4.1528,0.4841,417,437,0,1,1
6867,4.1831,0.5907,416,437,0,0,1
6868,4.2043,0.8072,414,436,0,1,1
6869,4.1243,0.5092,413,434,0,2,1
6870,4.1329,0.4345,413,433,0,1,1
6871,4.186,0.4579,413,433,0,0,1
6872,4.165,0.4546,412,433,0,0,1
6873,4.209,0.6237,411,432,0,1,1
6874,4.3507,0.6345,410,431,0,1,1
6875,3.9599,0.4326,410,430,0,1,1
6876,4.1912,0.4935,410,430,0,0,1
6877,4.154,0.4333,410,430,0,0,1
6878,4.1943,0.4461,410,430,0,0,1
6879,4.174,0.4182,409,430,0,0,1
6880,4.2823,0.6802,406,429,0,1,1
6881,3.9787,0.4346,406,426,0,3,1
6882,4.187,0.4246,406,426,0,0,1
6883,4.1334,0.4927,405,426,0,0,1
6884,4.2338,0.4661,405,425,0,1,1
6885,4.1378,0.5578,405,425,0,0,1
6886,4.2094,0.6828,405,425,0,0,1
6887,4.1567,0.5319,405,425,0,0,1
6888,4.1697,0.5596,404,425,0,0,1
6889,4.133,0.5508,403,424,0,1,1
6890,4.2238,0.7712,403,423,0,1,1
6891,4.1735,0.5421,403,423,0,0,1
6892,4.1911,0.7445,403,423,0,0,1
6893,4.1201,0.4302,403,423,0,0,1
6894,4.0847,0.4549,403,423,0,0,1
6895,4.2029,0.4803,403,423,0,0,1
6896,4.1832,0.5396,402,423,0,0,1
6897,4.1382,0.499,401,422,0,1,1
6898,4.1994,0.6127,401,421,0,1,1
6899,4.188,0.692,401,421,0,0,1
6900,4.2981,0.4791,399,421,0,0,1
6901,3.9895,0.4257,398,419,0,2,1
6902,4.1908,0.5014,398,418,0,1,1
6903,4.1515,0.453,398,418,0,0,1
6904,4.1556,0.4585,396,418,0,0,1
6905,4.1187,0.408,396,416,0,2,1
6906,4.2265,0.4169,396,416,0,0,1
6907,4.1666,0.5123,394,416,0,0,1
6908,4.1754,0.4778,394,414,0,2,1
6909,4.1952,0.4751,393,414,0,0,1
6910,4.0701,0.4866,392,413,0,1,1
6911,4.2221,0.4843,390,412,0,1,1
6912,4.2239,0.5002,389,410,0,2,1
6913,4.1059,0.4358,389,409,0,1,1
6914,4.5332,0.7403,389,409,0,0,1
6915,3.8476,0.5939,389,409,0,0,1
6916,4.3469,0.4709,388,409,0,0,1
6917,3.9801,0.6903,386,408,0,1,1
6918,4.1267,0.4122,386,406,0,2,1
6919,4.2257,0.4783,386,406,0,0,1
6920,4.1831,0.5149,386,406,0,0,1
6921,4.1653,0.5559,385,406,0,0,1
6922,4.1539,0.4317,384,405,0,1,1
6923,4.0879,0.6348,383,404,0,1,1
6924,4.2813,0.7078,382,403,0,1,1
6925,4.0989,0.4399,382,402,0,1,1
6926,4.2138,0.5244,382,402,0,0,1
6927,4.1477,0.5767,375,402,0,0,1
6928,4.1528,0.5104,375,395,0,7,1
6929,4.0741,0.4909,374,395,0,0,1
6930,4.2807,0.6336,374,394,0,1,1
6931,4.1519,0.499,374,394,0,0,1
6932,4.1588,0.5801,422,444,50,0,1
6933,4.1772,0.6306,422,442,0,2,1
6934,4.0999,0.7615,422,442,0,0,1
6935,4.1571,0.562,422,442,0,0,1
6936,4.27,0.6012,422,442,0,0,1
6937,4.1376,0.5189,421,442,0,0,1
6938,4.1822,0.784,420,441,0,1,1
6939,4.1338,0.5295,419,440,0,1,1
6940,4.4364,0.7107,419,439,0,1,1
6941,3.9609,0.4708,419,439,0,0,1
6942,4.0598,0.4677,418,439,0,0,1
6943,4.2702,0.7356,417,438,0,1,1
6944,4.177,0.693,417,437,0,1,1
6945,4.063,0.4235,416,437,0,0,1
6946,4.2358,0.5887,415,436,0,1,1
6947,4.0891,0.4805,415,435,0,1,1
6948,4.4871,0.4301,414,435,0,0,1
6949,3.8687,0.4901,412,434,0,1,1
6950,4.3009,0.7477,412,432,0,2,1
6951,4.0565,0.4869,412,432,0,0,1
6952,4.427,0.5905,410,432,0,0,1
6953,3.8802,0.5114,409,430,0,2,1
6954,4.1752,0.53,407,429,0,1,1
6955,4.1461,0.7247,406,427,0,2,1
6956,4.2499,0.4839,406,426,0,1,1
6957,4.1235,0.4826,406,426,0,0,1
6958,4.038,0.4293,406,426,0,0,1
6959,4.237,0.4234,406,426,0,0,1
6960,4.1654,0.4976,406,426,0,0,1
6961,4.2076,0.4276,405,426,0,0,1
6962,4.3018,0.7492,404,425,0,1,1
6963,4.08,0.4905,403,424,0,1,1
6964,4.1753,0.6359,403,423,0,1,1
6965,4.15,0.4614,403,423,0,0,1
6966,4.1341,0.4181,403,423,0,0,1
6967,4.2146,0.4756,403,423,0,0,1
6968,4.218,0.7285,400,423,0,0,1
6969,4.0998,0.4734,399,420,0,3,1
6970,4.1847,0.4724,397,419,0,1,1
6971,4.1345,0.4196,396,417,0,2,1
6972,4.1902,0.5219,396,416,0,1,1
6973,4.1238,0.4732,395,416,0,0,1
6974,4.246,0.7704,394,415,0,1,1
6975,4.0752,0.481,393,414,0,1,1
6976,4.1712,0.5116,393,413,0,1,1
6977,4.1397,0.4507,392,413,0,0,1
6978,4.1967,0.4602,391,412,0,1,1
6979,4.1548,0.7001,390,411,0,1,1
6980,4.2194,0.4292,389,410,0,1,1
6981,4.165,0.4554,387,409,0,1,1
6982,4.0304,0.4297,387,407,0,2,1
6983,4.309,0.6276,387,407,0,0,1
6984,4.1342,0.5062,386,407,0,0,1
6985,4.1175,0.4267,385,406,0,1,1
6986,4.2529,0.697,385,405,0,1,1
6987,4.1707,0.7014,385,405,0,0,1
6988,4.198,0.7534,383,405,0,0,1
6989,4.0959,0.548,382,403,0,2,1
6990,4.1556,0.5725,381,402,0,1,1
6991,4.6079,0.4257,381,401,0,1,1
6992,3.7584,0.4702,380,401,0,0,1
6993,4.1562,0.4143,380,400,0,1,1
6994,4.1349,0.6698,373,400,0,0,1
6995,4.2451,0.4691,373,393,0,7,1
6996,4.628,0.4128,372,393,0,0,1
6997,3.68,0.49,372,392,0,1,1
6998,4.1721,0.6547,372,392,0,0,1
6999,4.1319,0.419,372,392,0,0,1
7000,4.2702,0.6274,421,442,50,0,1
7001,3.9978,0.4267,421,441,0,1,1
7002,4.2292,0.5288,418,441,0,0,1
7003,4.1616,0.5137,417,438,0,3,1
7004,4.2028,0.5529,416,437,0,1,1
7005,4.1972,0.5068,416,436,0,1,1
7006,4.0881,0.5118,413,436,0,0,1
7007,4.1819,0.6877,413,433,0,3,1
7008,4.2288,0.5532,412,433,0,0,1
7009,4.0955,0.4361,411,432,0,1,1
7010,4.4454,0.771,411,431,0,1,1
7011,3.9709,0.4832,411,431,0,0,1
7012,4.2957,0.5261,410,431,0,0,1
7013,3.9905,0.672,410,430,0,1,1
7014,4.1212,0.411,409,430,0,0,1
7015,4.3285,0.5664,408,429,0,1,1
7016,4.1222,0.518,407,428,0,1,1
7017,4.3778,0.4355,407,427,0,1,1
7018,3.9088,0.7074,407,427,0,0,1
7019,4.1205,0.448,407,427,0,0,1
7020,4.1934,0.4816,407,427,0,0,1
7021,4.1411,0.4823,406,427,0,0,1
7022,4.1591,0.5027,406,426,0,1,1
7023,4.228,0.6994,405,426,0,0,1
7024,4.1607,0.7707,404,425,0,1,1
7025,4.0744,0.6041,404,424,0,1,1
7026,4.1999,0.4812,404,424,0,0,1
7027,4.1947,0.4822,404,424,0,0,1
7028,4.3095,0.8679,403,424,0,0,1
7029,4.0064,0.9147,402,423,0,1,1
7030,4.1259,0.658,402,422,0,1,1
7031,4.2147,0.4296,401,422,0,0,1
7032,4.1785,0.5464,400,421,0,1,1
7033,4.147,0.4387,399,420,0,1,1
7034,4.2304,0.4617,398,419,0,1,1
7035,4.1699,0.4429,398,418,0,1,1
7036,4.1733,0.6623,397,418,0,0,1
7037,4.1516,0.9367,396,417,0,1,1
7038,4.1153,0.7056,396,416,0,1,1
7039,4.2,0.5022,396,416,0,0,1
7040,4.4762,0.6788,395,416,0,0,1
7041,3.8735,0.4814,395,415,0,1,1
7042,4.1372,0.6453,395,415,0,0,1
7043,4.1846,0.7121,394,415,0,0,1
7044,4.2345,0.4694,393,414,0,1,1
7045,4.0545,0.6362,392,413,0,1,1
7046,4.1777,0.484,391,412,0,1,1
7047,4.2109,0.5438,388,411,0,1,1
7048,4.1245,0.6046,388,408,0,3,1
7049,4.1235,0.7561,388,408,0,0,1
7050,4.2117,0.697,387,408,0,0,1
7051,4.1626,0.5732,387,407,0,1,1
7052,4.1973,0.5125,387,407,0,0,1
7053,4.097,0.5954,387,407,0,0,1
7054,4.197,0.4681,387,407,0,0,1
7055,4.1828,0.6003,387,407,0,0,1
7056,4.2676,0.728,386,407,0,0,1
7057,4.1319,0.4248,386,406,0,1,1
7058,4.122,0.4817,385,406,0,0,1
7059,4.1813,0.5262,384,405,0,1,1
7060,4.1943,0.5041,384,404,0,1,1
7061,4.0883,0.6437,376,404,0,0,1
7062,4.1449,0.4467,375,396,0,8,1
7063,4.3314,0.4596,375,395,0,1,1
7064,4.0556,0.5352,374,395,0,0,1
7065,4.1877,0.4698,374,394,0,1,1
7066,4.1493,0.5533,374,394,0,0,1
7067,4.1015,0.7378,424,444,50,0,1
7068,4.2237,0.6806,423,444,0,0,1
7069,4.1545,0.4799,422,443,0,1,1
7070,4.1864,0.4448,421,442,0,1,1
7071,4.5884,0.5786,421,441,0,1,1
7072,3.8357,0.4924,420,441,0,0,1
7073,4.3201,0.4757,420,440,0,1,1
7074,3.8758,0.4899,420,440,0,0,1
7075,4.5566,0.5941,418,440,0,0,1
7076,3.8018,0.5507,417,438,0,2,1
7077,4.1123,0.4896,416,437,0,1,1
7078,4.2177,0.439,416,436,0,1,1
7079,4.5136,0.4639,415,436,0,0,1
7080,3.8946,0.6958,415,435,0,1,1
7081,4.0852,0.4289,415,435,0,0,1
7082,4.3223,0.6473,415,435,0,0,1
7083,3.9937,0.5812,415,435,0,0,1
7084,4.5556,0.4988,414,435,0,0,1
7085,3.8373,0.4862,413,434,0,1,1
7086,4.1294,0.4242,413,433,0,1,1
7087,4.2308,0.5235,413,433,0,0,1
7088,4.1225,0.5277,410,433,0,0,1
7089,4.1957,0.5762,409,430,0,3,1
7090,4.1767,0.5708,409,429,0,1,1
7091,4.1109,0.4383,409,429,0,0,1
7092,4.2724,0.4749,409,429,0,0,1
7093,4.0554,0.5053,409,429,0,0,1
7094,4.2206,0.6569,408,429,0,0,1
7095,4.2934,0.6062,408,428,0,1,1
7096,4.0599,0.5114,407,428,0,0,1
7097,4.0527,0.4172,406,427,0,1,1
7098,4.2256,0.4376,406,426,0,1,1
7099,4.1582,0.702,406,426,0,0,1
7100,4.1959,0.4314,405,426,0,0,1
7101,4.1995,0.4729,404,425,0,1,1
7102,4.1545,0.6464,402,424,0,1,1
7103,4.1624,0.5765,400,422,0,2,1
7104,4.1395,0.5264,399,420,0,2,1
7105,4.1642,0.747,399,419,0,1,1
7106,4.159,0.4759,399,419,0,0,1
7107,4.166,0.4866,399,419,0,0,1
7108,4.1993,0.5092,398,419,0,0,1
7109,4.1299,0.4953,396,418,0,1,1
7110,4.1685,0.4681,394,416,0,2,1
7111,4.2176,0.5035,391,414,0,2,1
7112,4.2055,0.7414,391,411,0,3,1
7113,4.2172,0.6488,390,411,0,0,1
7114,4.151,0.6196,389,410,0,1,1
7115,4.3322,0.4738,389,409,0,1,1
7116,3.9338,0.5278,389,409,0,0,1
7117,4.1734,0.5104,388,409,0,0,1
7118,4.1665,0.4783,387,408,0,1,1
7119,4.1879,0.7521,386,407,0,1,1
7120,4.2206,0.6183,386,406,0,1,1
7121,4.0136,0.4761,386,406,0,0,1
7122,4.1613,0.4765,385,406,0,0,1
7123,4.483,0.5291,385,405,0,1,1
7124,3.9177,0.4992,384,405,0,0,1
7125,4.1669,0.4691,383,404,0,1,1
7126,4.1435,0.5562,382,403,0,1,1
7127,4.1469,0.7564,381,402,0,1,1
7128,4.1868,0.5946,373,401,0,1,1
7129,4.1555,0.459,371,393,0,8,1
7130,4.2767,0.4813,371,391,0,2,1
7131,4.1082,0.6214,370,391,0,0,1
7132,4.1982,0.4317,368,390,0,1,1
7133,4.1203,0.515,368,388,0,2,1
7134,4.1261,0.5847,417,438,50,0,1
7135,4.2076,0.5392,417,437,0,1,1
7136,4.1248,0.7025,417,437,0,0,1
7137,4.2048,0.7872,416,437,0,0,1
7138,4.252,0.8152,416,436,0,1,1
7139,4.0916,0.547,416,436,0,0,1
7140,4.1251,0.4646,414,436,0,0,1
7141,4.1461,0.4419,414,434,0,2,1
7142,4.1656,0.4515,414,434,0,0,1
7143,4.2402,0.4494,414,434,0,0,1
7144,4.1845,0.7447,414,434,0,0,1
7145,4.0673,0.4202,414,434,0,0,1
7146,4.2116,0.4262,413,434,0,0,1
7147,4.2102,0.4934,413,433,0,1,1
7148,4.1353,0.471,413,433,0,0,1
7149,4.1791,0.4394,412,433,0,0,1
7150,4.1116,0.7125,411,432,0,1,1
7151,4.2153,0.5323,409,431,0,1,1
7152,4.1487,0.5038,409,429,0,2,1
7153,4.1174,0.4569,408,429,0,0,1
7154,4.5874,0.568,408,428,0,1,1
7155,3.7898,0.6716,407,428,0,0,1
7156,4.3534,0.6913,407,427,0,1,1
7157,4.0703,0.6798,407,427,0,0,1
7158,4.0666,0.4443,406,427,0,0,1
7159,4.2341,0.4489,406,426,0,1,1
7160,4.0734,0.6303,406,426,0,0,1
7161,4.2186,0.4503,406,426,0,0,1
7162,4.2018,0.6141,406,426,0,0,1
7163,4.1013,0.4317,406,426,0,0,1
7164,4.4642,0.4317,405,426,0,0,1
7165,3.8734,0.4427,405,425,0,1,1
7166,4.2174,0.4744,405,425,0,0,1
7167,4.1496,0.5209,404,425,0,0,1
7168,4.212,0.6027,403,424,0,1,1
7169,4.0801,0.4318,402,423,0,1,1
7170,4.1849,0.4138,402,422,0,1,1
7171,4.1853,0.4553,402,422,0,0,1
7172,4.1824,0.4963,402,422,0,0,1
7173,4.1077,0.4041,401,422,0,0,1
7174,4.1655,0.6055,399,421,0,1,1
7175,4.2288,0.7299,397,419,0,2,1
7176,4.2279,0.6957,397,417,0,2,1
7177,4.0567,0.4202,395,417,0,0,1
7178,4.2026,0.4896,394,415,0,2,1
7179,4.1159,0.4666,394,414,0,1,1
7180,4.2573,0.6725,392,414,0,0,1
7181,4.1396,0.7404,391,412,0,2,1
7182,4.0922,0.4151,390,411,0,1,1
7183,4.2139,0.458,389,410,0,1,1
7184,4.1583,0.4497,388,409,0,1,1
7185,4.1818,0.4557,388,408,0,1,1
7186,4.2255,0.5816,388,408,0,0,1
7187,4.0917,0.5854,387,408,0,0,1
7188,4.3216,0.4421,387,407,0,1,1
7189,4.0285,0.4016,387,407,0,0,1
7190,4.1945,0.572,386,407,0,0,1
7191,4.1633,0.4746,385,406,0,1,1
7192,4.2483,0.7141,385,405,0,1,1
7193,3.9767,0.5068,383,405,0,0,1
7194,4.2089,0.4117,383,403,0,2,1
7195,4.3301,0.3945,376,403,0,0,1
7196,4.1072,0.424,374,396,0,7,1
7197,4.4205,0.5669,373,394,0,2,1
7198,3.8309,0.4071,373,393,0,1,1
7199,4.1683,0.5333,373,393,0,0,1
7200,4.217,0.5951,372,393,0,0,1
7201,4.084,0.5398,422,442,50,1,1
7202,4.2317,0.5156,422,442,0,0,1
7203,4.1779,0.5948,422,442,0,0,1
7204,4.1969,0.4948,421,442,0,0,1
7205,4.1363,0.628,420,441,0,1,1
7206,4.1165,0.5198,419,440,0,1,1
7207,4.3864,0.5947,418,439,0,1,1
7208,3.9504,0.4809,417,438,0,1,1
7209,4.2338,0.5658,416,437,0,1,1
7210,4.0929,0.4721,416,436,0,1,1
7211,4.1467,0.4299,416,436,0,0,1
7212,4.2154,0.5165,415,436,0,0,1
7213,4.1557,0.5355,415,435,0,1,1
7214,4.2079,0.6689,415,435,0,0,1
7215,4.1494,0.4813,414,435,0,0,1
7216,4.1972,0.5112,414,434,0,1,1
7217,4.1945,0.4728,413,434,0,0,1
7218,4.0852,0.6889,413,433,0,1,1
7219,4.23,0.7206,411,433,0,0,1
7220,4.1248,0.4255,411,431,0,2,1
7221,4.2376,0.5266,411,431,0,0,1
7222,4.0741,0.4912,411,431,0,0,1
7223,4.1493,0.4736,411,431,0,0,1
7224,4.1452,0.488,411,431,0,0,1
7225,4.2069,0.4984,410,431,0,0,1
7226,4.3493,0.8521,408,430,0,1,1
7227,3.9912,0.6221,407,428,0,2,1
7228,4.2789,0.8671,406,427,0,1,1
7229,4.0723,0.4854,406,426,0,1,1
7230,4.1429,0.4553,406,426,0,0,1
7231,4.339,0.4259,404,426,0,0,1
7232,4.0469,0.4639,404,424,0,2,1
7233,4.1052,0.4741,404,424,0,0,1
7234,4.1445,0.5148,403,424,0,0,1
7235,4.2621,0.4976,403,423,0,1,1
7236,4.1193,0.4279,402,423,0,0,1
7237,4.3802,0.4387,402,422,0,1,1
7238,3.9075,0.5897,402,422,0,0,1
7239,4.203,0.4974,402,422,0,0,1
7240,4.1345,0.4236,402,422,0,0,1
7241,4.2062,0.477,402,422,0,0,1
7242,4.1393,0.4124,401,422,0,0,1
7243,4.4907,0.6783,401,421,0,1,1
7244,3.9233,0.4439,400,421,0,0,1
7245,4.1947,0.7046,400,420,0,1,1
7246,4.1077,0.5539,399,420,0,0,1
7247,4.5653,0.8398,396,419,0,1,1
7248,3.7805,0.4869,396,416,0,3,1
7249,4.1572,0.4773,396,416,0,0,1
7250,4.0718,0.6868,396,416,0,0,1
7251,4.2031,0.481,396,416,0,0,1
7252,4.2411,0.6158,396,416,0,0,1
7253,4.1882,0.5789,395,416,0,0,1
7254,4.0899,0.5268,394,415,0,1,1
7255,4.197,0.5181,393,414,0,1,1
7256,4.1317,0.5995,393,413,0,1,1
7257,4.1801,0.5014,393,413,0,0,1
7258,4.2209,0.5623,392,413,0,0,1
7259,4.194,0.6253,391,412,0,1,1
7260,4.1518,0.4353,390,411,0,1,1
7261,4.0701,0.4598,390,410,0,1,1
7262,4.1482,0.493,390,410,0,0,1
7263,4.2889,0.6152,383,410,0,0,1
7264,4.2044,0.6564,383,403,0,7,1
7265,4.0676,0.4752,382,403,0,0,1
7266,4.1879,0.4442,382,402,0,1,1
7267,4.1508,0.5371,380,402,0,0,1
7268,4.1847,0.7073,429,450,50,2,1
7269,4.151,0.6786,425,449,0,1,1
7270,4.2286,0.7437,425,445,0,4,1
7271,4.1394,0.7365,425,445,0,0,1
7272,4.171,0.6047,424,445,0,0,1
7273,4.112,0.437,423,444,0,1,1
7274,4.1644,0.5945,423,443,0,1,1
7275,4.2089,0.5101,421,443,0,0,1
7276,4.2096,0.7065,419,441,0,2,1
7277,4.1342,0.6215,419,439,0,2,1
7278,4.1096,0.4466,419,439,0,0,1
7279,4.4284,0.4965,419,439,0,0,1
7280,3.9124,0.6144,419,439,0,0,1
7281,4.1608,0.4375,419,439,0,0,1
7282,4.3156,0.6105,419,439,0,0,1
7283,4.0163,0.6633,418,439,0,0,1
7284,4.1713,0.626,417,438,0,1,1
7285,4.1176,0.4146,417,437,0,1,1
7286,4.1658,0.4349,417,437,0,0,1
7287,4.4632,0.4634,417,437,0,0,1
7288,4.1652,0.745,416,437,0,0,1
7289,4.111,0.7216,416,436,0,1,1
7290,4.0671,0.507,415,436,0,0,1
7291,4.4867,0.7585,415,435,0,1,1
7292,3.8378,0.618,414,435,0,0,1
7293,4.4415,0.4376,414,434,0,1,1
7294,3.8032,0.6714,414,434,0,0,1
7295,4.2474,0.6055,413,434,0,0,1
7296,4.1252,0.4757,413,433,0,1,1
7297,4.0684,0.4225,413,433,0,0,1
7298,4.535,0.5009,412,433,0,0,1
7299,4.0137,0.7027,411,432,0,1,1
7300,4.0403,0.4284,411,431,0,1,1
7301,4.3629,0.7503,409,431,0,0,1
7302,3.9597,0.4156,409,429,0,2,1
7303,4.7252,0.5132,409,429,0,0,1
7304,3.6778,0.7,408,429,0,0,1
7305,4.4694,0.4764,408,428,0,1,1
7306,4.1502,0.6344,407,428,0,0,1
7307,3.8347,0.4795,406,427,0,1,1
7308,4.4328,0.4988,404,426,0,1,1
7309,3.9119,0.5709,403,424,0,2,1
7310,4.1838,0.7537,402,423,0,1,1
7311,4.5096,0.4319,401,422,0,1,1
7312,4.1657,0.6489,401,421,0,1,1
7313,4.034,0.6613,401,421,0,0,1
7314,3.9944,0.4413,401,421,0,0,1
7315,4.3977,0.7643,401,421,0,0,1
7316,3.9202,0.6653,398,421,0,0,1
7317,4.4592,0.6125,397,418,0,3,1
7318,3.8151,0.4893,396,417,0,1,1
7319,4.1826,0.5207,395,416,0,1,1
7320,4.3505,0.6485,394,415,0,1,1
7321,3.9696,0.4381,393,414,0,1,1
7322,4.2588,0.4519,393,413,0,1,1
7323,4.1012,0.6019,393,413,0,0,1
7324,4.1751,0.4482,392,413,0,0,1
7325,4.3968,0.6187,392,412,0,1,1
7326,3.9191,0.4199,391,412,0,0,1
7327,4.3795,0.4123,391,411,0,1,1
7328,3.9145,0.4403,390,411,0,0,1
7329,4.1569,0.5077,388,410,0,1,1
7330,4.2855,0.6531,381,408,0,2,1
7331,4.1306,0.5721,379,401,0,7,1
7332,4.0896,0.6225,379,399,0,2,1
7333,4.1858,0.4372,378,399,0,0,1
7334,4.1506,0.4334,377,398,0,1,1
7335,4.1826,0.635,376,397,0,1,1
7336,4.4485,0.7973,425,446,50,1,1
7337,3.8515,0.472,425,445,0,1,1
7338,4.1923,0.7844,425,445,0,0,1
7339,4.1784,0.687,425,445,0,0,1
7340,4.2459,0.5102,424,445,0,0,1
7341,4.1673,0.5458,423,444,0,1,1
7342,4.1322,0.5209,423,443,0,1,1
7343,4.1199,0.5455,421,443,0,0,1
7344,4.192,0.7799,421,441,0,2,1
7345,4.1282,0.4764,421,441,0,0,1
7346,4.1705,0.508,421,441,0,0,1
7347,4.1904,0.5182,419,441,0,0,1
7348,4.3179,0.6737,417,439,0,2,1
7349,4.0239,0.4659,416,437,0,2,1
7350,4.1066,0.4828,416,436,0,1,1
7351,4.3031,0.4208,416,436,0,0,1
7352,4.1087,0.4472,415,436,0,0,1
7353,4.1358,0.4219,414,435,0,1,1
7354,4.2079,0.54,413,434,0,1,1
7355,4.1847,0.5055,413,433,0,1,1
7356,4.1703,0.5175,413,433,0,0,1
7357,4.0922,0.4909,413,433,0,0,1
7358,4.3774,0.7157,413,433,0,0,1
7359,3.9162,0.4432,412,433,0,0,1
7360,4.1856,0.514,411,432,0,1,1
7361,5.2522,0.4655,410,431,0,1,1
7362,3.1367,0.4618,409,430,0,1,1
7363,4.1308,0.426,409,429,0,1,1
7364,4.1601,0.4412,408,429,0,0,1
7365,4.1794,0.4221,408,428,0,1,1
7366,4.1747,0.4681,407,428,0,0,1
7367,4.1809,0.4257,407,427,0,1,1
7368,4.1374,0.4685,407,427,0,0,1
7369,4.1633,0.4058,406,427,0,0,1
7370,4.2379,0.7032,404,426,0,1,1
7371,4.1652,0.4371,403,424,0,2,1
7372,4.1684,0.58,403,423,0,1,1
7373,4.1305,0.4761,402,423,0,0,1
7374,4.2024,0.6218,401,422,0,1,1
7375,4.1454,0.6539,401,421,0,1,1
7376,4.158,0.5577,400,421,0,0,1
7377,4.2601,0.6964,400,420,0,1,1
7378,4.0827,0.5433,399,420,0,0,1
7379,4.2249,0.6613,399,419,0,1,1
7380,4.0656,0.7333,399,419,0,0,1
7381,4.19,0.4611,399,419,0,0,1
7382,4.1642,0.4856,397,419,0,0,1
7383,4.2161,0.6598,396,417,0,2,1
7384,4.1682,0.6453,393,416,0,1,1
7385,4.1369,0.4834,393,413,0,3,1
7386,4.1816,0.4873,391,413,0,0,1
7387,4.1267,0.4532,391,411,0,2,1
7388,4.1797,0.4515,391,411,0,0,1
7389,4.2138,0.6011,390,411,0,0,1
7390,4.0968,0.4875,390,410,0,1,1
7391,4.426,0.4865,389,410,0,0,1
7392,3.9068,0.4625,388,409,0,1,1
7393,4.1797,0.4341,388,408,0,1,1
7394,4.1847,0.4441,386,408,0,0,1
7395,4.166,0.4664,385,406,0,2,1
7396,4.1432,0.6429,383,405,0,1,1
7397,4.1737,0.4419,376,403,0,2,1
7398,4.1784,0.4264,375,396,0,7,1
7399,4.1197,0.4888,375,395,0,1,1
7400,4.16,0.4794,375,395,0,0,1
7401,4.2632,0.7412,374,395,0,0,1
7402,4.2318,0.6959,373,394,0,1,1
7403,4.3101,0.7126,423,443,50,1,1
7404,3.895,0.5229,423,443,0,0,1
7405,4.2387,0.5116,422,443,0,0,1
7406,4.0926,0.4599,421,442,0,1,1
7407,4.114,0.4649,419,441,0,1,1
7408,4.2268,0.4881,419,439,0,2,1
7409,4.3649,0.651,419,439,0,0,1
7410,3.9735,0.4214,418,439,0,0,1
7411,4.4841,0.649,417,438,0,1,1
7412,3.8942,0.5749,416,437,0,1,1
7413,4.1448,0.5666,416,436,0,1,1
7414,4.1186,0.7236,416,436,0,0,1
7415,4.257,0.8578,416,436,0,0,1
7416,4.1733,0.5534,415,436,0,0,1
7417,4.1167,0.4691,415,435,0,1,1
7418,4.1613,0.516,415,435,0,0,1
7419,4.201,0.684,415,435,0,0,1
7420,4.169,0.6235,413,435,0,0,1
7421,4.1917,0.693,412,433,0,2,1
7422,4.0738,0.4503,409,432,0,1,1
7423,4.1728,0.4314,409,429,0,3,1
7424,4.2387,0.4917,408,429,0,0,1
7425,4.1317,0.4526,408,428,0,1,1
7426,4.287,0.4333,407,428,0,0,1
7427,4.0795,0.716,405,427,0,1,1
7428,4.0805,0.5097,404,425,0,2,1
7429,4.2054,0.4849,404,424,0,1,1
7430,4.1603,0.5249,403,424,0,0,1
7431,4.4383,0.5331,402,423,0,1,1
7432,3.9412,0.7016,402,422,0,1,1
7433,4.0734,0.7574,402,422,0,0,1
7434,4.1802,0.7772,401,422,0,0,1
7435,4.2363,0.5193,399,421,0,1,1
7436,4.1619,0.5342,396,419,0,2,1
7437,4.142,0.4829,396,416,0,3,1
7438,4.2264,0.5175,396,416,0,0,1
7439,4.1308,0.4328,395,416,0,0,1
7440,4.274,0.6779,394,415,0,1,1
7441,4.0516,0.4289,393,414,0,1,1
7442,4.1939,0.4831,393,413,0,1,1
7443,4.1092,0.4742,392,413,0,0,1
7444,4.311,0.4824,392,412,0,1,1
7445,4.098,0.4195,392,412,0,0,1
7446,4.1076,0.4143,392,412,0,0,1
7447,4.2862,0.4106,390,412,0,0,1
7448,4.0962,0.6637,389,410,0,2,1
7449,4.1439,0.9264,389,409,0,1,1
7450,4.1982,0.8985,388,409,0,0,1
7451,4.0954,0.6641,386,408,0,1,1
7452,4.3014,0.4303,386,406,0,2,1
7453,4.0481,0.4107,385,406,0,0,1
7454,4.2001,0.744,385,405,0,1,1
7455,4.175,0.4864,384,405,0,0,1
7456,4.2245,0.6665,384,404,0,1,1
7457,4.0483,0.6502,383,404,0,0,1
7458,4.1499,0.3965,382,403,0,1,1
7459,4.2194,0.43,382,402,0,1,1
7460,4.1329,0.4133,382,402,0,0,1
7461,4.273,0.4571,381,402,0,0,1
7462,4.0787,0.4439,380,401,0,1,1
7463,4.2019,0.4975,380,400,0,1,1
7464,4.2486,0.646,371,400,0,0,1
7465,4.0064,0.4139,370,391,0,9,1
7466,4.2116,0.452,369,390,0,1,1
7467,4.1602,0.4645,369,389,0,1,1
7468,4.1568,0.4228,369,389,0,0,1
7469,4.231,0.644,368,389,0,0,1
7470,4.0759,0.8759,418,438,50,1,1
7471,4.3443,0.4319,418,438,0,0,1
7472,4.0609,0.5612,416,438,0,0,1
7473,4.2148,0.514,415,436,0,2,1
7474,4.1263,0.6056,414,435,0,1,1
7475,4.2095,0.6066,414,434,0,1,1
7476,4.0914,0.5146,413,434,0,0,1
7477,4.1557,0.5802,412,433,0,1,1
7478,4.1795,0.5355,411,432,0,1,1
7479,4.1419,0.4594,411,431,0,1,1
7480,4.246,0.6238,410,431,0,0,1
7481,4.1418,0.4895,410,430,0,1,1
7482,4.0964,0.4311,410,430,0,0,1
7483,4.2703,0.6637,409,430,0,0,1
7484,4.1035,0.4352,409,429,0,1,1
7485,4.1542,0.4664,407,429,0,0,1
7486,4.207,0.6568,406,427,0,2,1
7487,4.1705,0.7422,404,426,0,1,1
7488,4.159,0.5403,403,424,0,2,1
7489,4.138,0.4717,403,423,0,1,1
7490,4.2222,0.5087,403,423,0,0,1
7491,4.1554,0.5533,403,423,0,0,1
7492,4.1991,0.8004,402,423,0,0,1
7493,4.0775,1.0856,402,422,0,1,1
7494,4.1726,0.4839,401,422,0,0,1
7495,4.2429,0.3323,401,421,0,1,1
7496,4.1492,0.3254,401,421,0,0,1
7497,4.256,0.3608,401,421,0,0,1
7498,4.0462,0.3987,400,421,0,0,1
7499,4.1944,0.5956,398,420,0,1,1
7500,4.1668,0.3509,397,418,0,2,1
7501,4.3151,0.4236,396,417,0,1,1
7502,4.0568,0.6098,396,416,0,1,1
7503,4.1675,0.4361,395,416,0,0,1
7504,4.1191,0.5616,395,415,0,1,1
7505,4.1109,0.4134,395,415,0,0,1
7506,4.2221,0.4172,394,415,0,0,1
7507,4.1698,0.681,394,414,0,1,1
7508,4.1525,0.4217,394,414,0,0,1
7509,4.1196,0.4194,393,414,0,0,1
7510,4.2096,0.4958,393,413,0,1,1
7511,4.2071,0.5156,392,413,0,0,1
7512,4.1208,0.5011,391,412,0,1,1
7513,4.1464,0.4743,389,411,0,1,1
7514,4.1387,0.5382,388,409,0,2,1
7515,4.2985,0.8275,386,408,0,1,1
7516,4.1186,0.6006,385,406,0,2,1
7517,4.1469,0.7303,384,405,0,1,1
7518,4.1311,0.4677,383,404,0,1,1
7519,4.1328,0.4954,383,403,0,1,1
7520,4.2421,0.536,382,403,0,0,1
7521,4.1832,0.6902,381,402,0,1,1
7522,4.1651,0.847,381,401,0,1,1
7523,4.173,0.535,380,401,0,0,1
7524,4.0731,0.77,379,400,0,1,1
7525,4.2119,0.4879,379,399,0,1,1
7526,4.1886,0.7783,379,399,0,0,1
7527,4.1417,0.4265,379,399,0,0,1
7528,4.2708,0.719,378,399,0,0,1
7529,4.0534,0.4439,376,398,0,1,1
7530,4.1736,0.4652,375,396,0,2,1
7531,4.2332,0.4916,367,395,0,1,1
7532,4.1648,0.4527,367,387,0,8,1
7533,4.1244,0.5989,367,387,0,0,1
7534,4.2147,0.6059,367,387,0,0,1
7535,4.1369,0.7382,366,387,0,0,1
7536,4.154,0.4901,364,386,0,1,1
7537,4.1704,0.5843,414,434,50,2,1
7538,4.4649,0.4347,414,434,0,0,1
7539,4.0847,0.6624,414,434,0,0,1
7540,4.0299,0.4752,414,434,0,0,1
7541,4.1099,0.623,414,434,0,0,1
7542,4.1086,0.5027,413,434,0,0,1
7543,4.1393,0.517,413,433,0,1,1
7544,4.2579,0.5546,411,433,0,0,1
7545,4.3553,0.6817,411,431,0,2,1
7546,3.9706,0.4427,410,431,0,0,1
7547,4.1954,0.7028,409,430,0,1,1
7548,4.1005,0.448,409,429,0,1,1
7549,4.1253,0.4201,408,429,0,0,1
7550,4.2771,0.4769,407,428,0,1,1
7551,4.3802,0.4446,406,427,0,1,1
7552,4.0099,0.6645,406,426,0,1,1
7553,4.1143,0.7417,405,426,0,0,1
7554,4.0853,0.4212,404,425,0,1,1
7555,4.1738,0.4631,404,424,0,1,1
7556,4.1871,0.4732,402,424,0,0,1
7557,4.2172,0.5084,401,422,0,2,1
7558,4.0978,0.5746,400,421,0,1,1
7559,4.1857,0.79,398,420,0,1,1
7560,4.1546,0.7157,398,418,0,2,1
7561,4.1418,0.5103,398,418,0,0,1
7562,4.1944,0.5648,398,418,0,0,1
7563,4.1923,0.5255,397,418,0,0,1
7564,4.1891,0.7193,397,417,0,1,1
7565,4.2091,0.6961,397,417,0,0,1
7566,4.0637,0.5039,396,417,0,0,1
7567,4.1398,0.4609,396,416,0,1,1
7568,4.5822,0.547,396,416,0,0,1
7569,3.8176,0.4943,395,416,0,0,1
7570,4.1614,0.4814,395,415,0,1,1
7571,4.1192,0.5607,395,415,0,0,1
7572,4.1504,0.4375,394,415,0,0,1
7573,4.2471,0.4364,393,414,0,1,1
7574,4.1019,0.4401,393,413,0,1,1
7575,4.2214,0.4816,392,413,0,0,1
7576,4.0999,0.4792,392,412,0,1,1
7577,4.2054,0.6181,392,412,0,0,1
7578,4.1275,0.4578,390,412,0,0,1
7579,4.1774,0.4766,390,410,0,2,1
7580,4.1422,0.4395,389,410,0,0,1
7581,4.2363,0.5012,387,409,0,1,1
7582,4.1791,0.4609,387,407,0,2,1
7583,4.1748,0.6249,387,407,0,0,1
7584,4.1586,0.6617,387,407,0,0,1
7585,4.0918,0.417,386,407,0,0,1
7586,4.4886,0.4456,384,406,0,1,1
7587,3.8839,0.451,383,404,0,2,1
7588,4.2199,0.5201,382,403,0,1,1
7589,4.2344,0.6449,382,402,0,1,1
7590,4.0369,0.4214,382,402,0,0,1
7591,4.1191,0.4143,380,402,0,0,1
7592,4.2063,0.4769,380,400,0,2,1
7593,4.2213,0.4736,379,400,0,0,1
7594,4.1738,0.4677,378,399,0,1,1
7595,4.1107,0.4874,377,398,0,1,1
7596,4.1824,0.4391,377,397,0,1,1
7597,4.132,0.4539,377,397,0,0,1
7598,4.226,0.7308,375,397,0,0,1
7599,4.1922,0.6096,368,395,0,2,1
7600,4.2222,0.6099,368,388,0,7,1
7601,4.0595,0.5335,368,388,0,0,1
7602,4.165,0.8413,366,388,0,0,1
7603,4.2413,0.7004,365,386,0,2,1
7604,4.1156,0.6548,414,435,50,1,1
7605,4.19,0.6038,413,434,0,1,1
7606,4.096,0.501,413,433,0,1,1
7607,4.1797,0.4585,413,433,0,0,1
7608,4.2765,0.725,410,433,0,0,1
7609,4.0369,0.4632,410,430,0,3,1
7610,4.4199,0.6952,410,430,0,0,1
7611,4.0628,0.4897,409,430,0,0,1
7612,4.1405,0.568,408,429,0,1,1
7613,4.1272,0.4725,408,428,0,1,1
7614,4.1251,0.5728,407,428,0,0,1
7615,4.3183,0.4186,407,427,0,1,1
7616,4.0765,0.4798,407,427,0,0,1
7617,4.1758,0.4229,407,427,0,0,1
7618,4.1371,0.5029,407,427,0,0,1
7619,4.1883,0.4931,405,427,0,0,1
7620,4.0491,0.5231,405,425,0,2,1
7621,4.2383,0.5055,405,425,0,0,1
7622,4.2166,0.6886,403,425,0,0,1
7623,4.1394,0.5674,403,423,0,2,1
7624,4.2006,0.5983,402,423,0,0,1
7625,4.1346,0.5836,402,422,0,1,1
7626,4.1105,0.4528,401,422,0,0,1
7627,4.1882,0.5162,400,421,0,1,1
7628,4.172,0.4869,400,420,0,1,1
7629,4.2227,0.496,400,420,0,0,1
7630,4.1259,0.4965,400,420,0,0,1
7631,4.2088,0.4882,400,420,0,0,1
7632,4.1611,0.5242,398,420,0,0,1
7633,4.1255,0.4343,398,418,0,2,1
7634,4.1705,0.7256,397,418,0,0,1
7635,4.3216,0.6718,396,417,0,1,1
7636,4.0115,0.5234,396,416,0,1,1
7637,4.1569,0.486,395,416,0,0,1
7638,4.1185,0.4277,394,415,0,1,1
7639,4.1424,0.4135,394,414,0,1,1
7640,4.292,0.4799,394,414,0,0,1
7641,4.1456,0.4113,394,414,0,0,1
7642,4.083,0.5108,393,414,0,0,1
7643,4.5352,0.8391,391,413,0,1,1
7644,3.8108,0.432,391,411,0,2,1
7645,4.2,0.4155,391,411,0,0,1
7646,4.1033,0.5254,390,411,0,0,1
7647,4.2778,0.4305,390,410,0,1,1
7648,4.2215,0.563,388,410,0,0,1
7649,4.0552,0.783,388,408,0,2,1
7650,4.139,0.4189,386,408,0,0,1
7651,4.2309,0.4784,386,406,0,2,1
7652,4.196,0.4366,386,406,0,0,1
7653,4.1144,0.579,385,406,0,0,1
7654,4.3336,0.7607,384,405,0,1,1
7655,4.0539,0.4846,382,404,0,1,1
7656,4.2444,0.6472,381,402,0,2,1
7657,3.9896,0.4081,380,401,0,1,1
7658,4.5317,0.4441,378,400,0,1,1
7659,3.8751,0.5884,378,398,0,2,1
7660,4.2696,0.6885,378,398,0,0,1
7661,4.0602,0.5006,378,398,0,0,1
7662,4.1274,0.4186,376,398,0,0,1
7663,4.1488,0.4361,376,396,0,2,1
7664,4.2304,0.4743,375,396,0,0,1
7665,4.1701,0.8059,374,395,0,1,1
7666,4.1979,0.6477,367,394,0,1,1
7667,4.1351,0.8026,367,387,0,7,1
7668,4.082,0.4779,367,387,0,0,1
7669,4.5152,0.5136,366,387,0,0,1
7670,3.8393,0.4727,366,386,0,1,1
7671,4.2429,0.4766,365,386,0,0,1
7672,4.2969,0.8602,413,435,50,1,1
7673,3.9934,0.5788,413,433,0,2,1
7674,4.1546,0.545,413,433,0,0,1
7675,4.1937,0.4996,413,433,0,0,1
7676,4.1207,0.6511,412,433,0,0,1
7677,4.2334,0.5367,412,432,0,1,1
7678,4.1828,0.4555,411,432,0,0,1
7679,4.1042,0.4274,410,431,0,1,1
7680,4.1922,0.5793,410,430,0,1,1
7681,4.2006,0.5187,409,430,0,0,1
7682,4.1539,0.4798,408,429,0,1,1
7683,4.1772,0.4658,407,428,0,1,1
7684,4.2028,0.706,407,427,0,1,1
7685,4.0982,0.6591,407,427,0,0,1
7686,4.1596,0.4122,407,427,0,0,1
7687,4.1531,0.3999,407,427,0,0,1
7688,4.2451,0.573,407,427,0,0,1
7689,4.17,0.4697,407,427,0,0,1
7690,4.137,0.4815,406,427,0,0,1
7691,4.1377,0.7428,406,426,0,1,1
7692,4.1087,0.515,405,426,0,0,1
7693,4.1942,0.5285,405,425,0,1,1
7694,4.1256,0.5036,404,425,0,0,1
7695,4.2499,0.5608,403,424,0,1,1
7696,4.1914,0.7281,403,423,0,1,1
7697,4.2625,0.7327,401,423,0,0,1
7698,4.0252,0.4423,401,421,0,2,1
7699,4.124,0.4297,400,421,0,0,1
7700,4.203,0.486,400,420,0,1,1
7701,4.223,0.4707,399,420,0,0,1
7702,4.0559,0.452,399,419,0,1,1
7703,4.1946,0.5218,399,419,0,0,1
7704,4.2173,0.8066,399,419,0,0,1
7705,4.1033,0.4629,399,419,0,0,1
7706,4.2271,0.6432,399,419,0,0,1
7707,4.1847,0.499,398,419,0,0,1
7708,4.2946,0.7313,397,418,0,1,1
7709,4.0103,0.5306,397,417,0,1,1
7710,4.1455,0.4418,397,417,0,0,1
7711,4.0862,0.4043,396,417,0,0,1
7712,4.242,0.483,395,416,0,1,1
7713,4.4608,0.4214,395,415,0,1,1
7714,3.9605,0.4744,395,415,0,0,1
7715,4.1392,0.5978,395,415,0,0,1
7716,4.1055,0.5918,394,415,0,0,1
7717,4.2334,0.4293,393,414,0,1,1
7718,4.0866,0.4401,391,413,0,1,1
7719,4.2613,0.531,390,411,0,2,1
7720,4.2092,0.6765,390,410,0,1,1
7721,4.1131,0.4305,390,410,0,0,1
7722,4.1757,0.6619,390,410,0,0,1
7723,4.373,0.6617,390,410,0,0,1
7724,3.9409,0.4654,390,410,0,0,1
7725,4.2003,0.4674,390,410,0,0,1
7726,4.1307,0.4572,390,410,0,0,1
7727,4.0999,0.4115,389,410,0,0,1
7728,4.2124,0.5427,388,409,0,1,1
7729,4.1417,0.4126,385,408,0,1,1
7730,4.19,0.4636,385,405,0,3,1
7731,4.2296,0.4676,384,405,0,0,1
7732,4.1446,0.4759,383,404,0,1,1
7733,4.1595,0.4549,376,403,0,1,1
7734,4.0946,0.454,376,396,0,7,1
7735,4.1334,0.4052,376,396,0,0,1
7736,4.2586,0.4536,376,396,0,0,1
7737,4.5464,0.5244,375,396,0,0,1
7738,4.316,0.5359,375,395,0,1,1
7739,3.6076,0.5423,425,445,50,0,1
7740,4.125,0.5747,425,445,0,0,1
7741,4.2666,0.5113,424,445,0,0,1
7742,4.2536,0.7048,424,444,0,1,1
7743,4.072,0.6091,424,444,0,0,1
7744,4.521,0.6539,422,444,0,0,1
7745,3.8306,0.7786,421,442,0,2,1
7746,4.0926,0.5289,420,441,0,1,1
7747,4.1857,0.5885,418,440,0,1,1
7748,4.1525,0.4877,417,438,0,2,1
7749,4.1937,0.9027,416,437,0,1,1
7750,4.1866,0.4963,414,436,0,1,1
7751,4.0925,0.4572,414,434,0,2,1
7752,4.2114,0.4902,414,434,0,0,1
7753,4.1072,0.4369,414,434,0,0,1
7754,4.2794,0.7406,414,434,0,0,1
7755,4.1415,0.5615,412,434,0,0,1
7756,4.2167,0.5627,412,432,0,2,1
7757,4.1273,0.5394,412,432,0,0,1
7758,4.1055,1.1827,412,432,0,0,1
7759,4.1503,0.6781,411,432,0,0,1
7760,4.321,0.4595,411,431,0,1,1
7761,4.2447,0.7666,410,431,0,0,1
7762,3.9401,0.4209,408,430,0,1,1
7763,4.2243,0.4982,408,428,0,2,1
7764,4.0807,0.4347,408,428,0,0,1
7765,4.1665,0.4386,408,428,0,0,1
7766,4.2505,0.6835,407,428,0,0,1
7767,4.2228,0.7123,406,427,0,1,1
7768,4.1274,0.5962,403,426,0,1,1
7769,4.0915,0.7277,403,423,0,3,1
7770,4.1978,0.4907,402,423,0,0,1
7771,4.1594,0.6374,402,422,0,1,1
7772,4.2388,0.5083,398,422,0,0,1
7773,4.1315,0.5286,398,418,0,4,1
7774,4.1335,0.7806,398,418,0,0,1
7775,4.2373,0.5755,397,418,0,0,1
7776,4.139,0.5225,397,417,0,1,1
7777,4.111,0.4612,397,417,0,0,1
7778,4.2056,0.6823,396,417,0,0,1
7779,4.247,0.6314,395,416,0,1,1
7780,4.143,0.8161,395,415,0,1,1
7781,4.4553,0.5757,395,415,0,0,1
7782,3.7753,0.4142,394,415,0,0,1
7783,4.0857,0.4212,394,414,0,1,1
7784,4.3342,0.8587,393,414,0,0,1
7785,4.1266,0.4239,393,413,0,1,1
7786,4.275,0.6131,392,413,0,0,1
7787,4.0917,0.4849,391,412,0,1,1
7788,4.1073,0.4384,391,411,0,1,1
7789,4.1443,0.4042,390,411,0,0,1
7790,4.1726,0.5124,389,410,0,1,1
7791,4.257,0.4221,389,409,0,1,1
7792,4.2253,0.6987,389,409,0,0,1
7793,4.0857,0.7366,389,409,0,0,1
7794,4.1253,0.4118,389,409,0,0,1
7795,4.1804,0.4589,388,409,0,0,1
7796,4.216,0.5459,387,408,0,1,1
7797,4.1819,0.4214,387,407,0,1,1
7798,4.1338,0.7419,387,407,0,0,1
7799,4.0907,0.4106,386,407,0,0,1
7800,4.2435,0.4799,379,406,0,1,1
7801,4.1225,0.4083,379,399,0,7,1
7802,4.1931,0.4471,378,399,0,0,1
7803,4.1756,0.4233,375,398,0,1,1
7804,4.2057,0.4206,375,395,0,3,1
7805,4.2262,0.6609,375,395,0,0,1
7806,4.0449,0.6233,425,445,50,0,1
7807,4.1285,0.4419,425,445,0,0,1
7808,4.2648,0.6044,425,445,0,0,1
7809,4.1389,0.5373,424,445,0,0,1
7810,4.1919,0.8225,424,444,0,1,1
7811,4.141,0.6418,424,444,0,0,1
7812,4.1245,0.5126,424,444,0,0,1
7813,4.1781,0.4398,424,444,0,0,1
7814,4.1582,0.4433,424,444,0,0,1
7815,4.2064,0.4843,422,444,0,0,1
7816,4.2379,0.6806,421,442,0,2,1
7817,4.0177,0.424,421,441,0,1,1
7818,4.1999,0.4398,420,441,0,0,1
7819,4.1354,0.7056,419,440,0,1,1
7820,4.1811,0.6741,418,439,0,1,1
7821,4.2664,0.5226,417,438,0,1,1
7822,4.1322,0.5724,417,437,0,1,1
7823,4.1517,0.6197,415,437,0,0,1
7824,4.2388,0.5153,413,435,0,2,1
7825,4.1011,0.504,411,433,0,2,1
7826,4.1543,0.5084,410,431,0,2,1
7827,4.1875,0.4679,410,430,0,1,1
7828,4.1906,0.5898,410,430,0,0,1
7829,4.0938,0.4188,410,430,0,0,1
7830,4.1651,0.4438,409,430,0,0,1
7831,4.1811,0.4716,409,429,0,1,1
7832,4.2184,0.4679,409,429,0,0,1
7833,4.1639,0.454,408,429,0,0,1
7834,4.0919,0.6979,408,428,0,1,1
7835,4.2582,0.7531,408,428,0,0,1
7836,4.2064,0.7058,408,428,0,0,1
7837,4.0397,0.5068,408,428,0,0,1
7838,4.1898,0.5044,408,428,0,0,1
7839,4.2068,0.5334,408,428,0,0,1
7840,4.176,0.6663,408,428,0,0,1
7841,4.1373,0.7559,406,428,0,0,1
7842,4.1468,0.4712,405,426,0,2,1
7843,4.2128,0.7802,404,425,0,1,1
7844,4.0927,0.4474,402,424,0,1,1
7845,4.2328,0.4867,401,422,0,2,1
7846,4.0786,0.5568,401,421,0,1,1
7847,4.2244,0.4435,401,421,0,0,1
7848,4.2575,0.6495,399,421,0,0,1
7849,4.0322,0.4167,397,419,0,2,1
7850,4.1597,0.5191,397,417,0,2,1
7851,4.2292,0.4175,396,417,0,0,1
7852,4.1991,0.5696,395,416,0,1,1
7853,4.0714,0.4411,395,415,0,1,1
7854,4.1696,0.4167,394,415,0,0,1
7855,4.1795,0.4254,393,414,0,1,1
7856,4.2183,0.4374,393,413,0,1,1
7857,4.1827,0.4702,393,413,0,0,1
7858,4.2025,0.5187,393,413,0,0,1
7859,4.1282,0.6317,392,413,0,0,1
7860,4.074,0.5679,392,412,0,1,1
7861,4.2249,0.4135,390,412,0,0,1
7862,4.2162,0.4315,390,410,0,2,1
7863,4.1635,0.4684,389,410,0,0,1
7864,4.1496,0.6189,389,409,0,1,1
7865,4.2,0.4331,389,409,0,0,1
7866,4.109,0.4153,387,409,0,0,1
7867,4.1812,0.588,378,407,0,2,1
7868,4.1854,0.4268,378,398,0,9,1
7869,4.1986,0.7096,378,398,0,0,1
7870,4.1348,0.495,376,398,0,0,1
7871,4.1697,0.5641,375,396,0,2,1
7872,4.1715,0.5826,374,395,0,1,1
7873,4.1168,0.5661,424,444,50,1,1
7874,4.3219,0.7219,423,444,0,0,1
7875,4.0643,0.5963,423,443,0,1,1
7876,4.1761,0.5527,421,443,0,0,1
7877,4.101,0.5518,420,441,0,2,1
7878,4.1484,0.484,419,440,0,1,1
7879,4.1925,0.4701,419,439,0,1,1
7880,4.2731,0.4787,417,439,0,0,1
7881,4.1067,0.4991,416,437,0,2,1
7882,4.1722,0.5242,416,436,0,1,1
7883,4.112,0.4464,414,436,0,0,1
7884,4.2274,0.5918,414,434,0,2,1
7885,4.1426,0.4312,412,434,0,0,1
7886,4.1845,0.6801,412,432,0,2,1
7887,4.1635,0.5098,412,432,0,0,1
7888,4.1738,0.5614,412,432,0,0,1
7889,4.1866,0.5275,412,432,0,0,1
7890,4.1037,0.5114,411,432,0,0,1
7891,4.1578,0.7666,409,431,0,1,1
7892,4.1701,0.5219,408,429,0,2,1
7893,4.1877,0.6404,408,428,0,1,1
7894,4.15,0.4992,408,428,0,0,1
7895,4.2288,0.5445,408,428,0,0,1
7896,4.1737,0.4803,407,428,0,0,1
7897,4.1023,0.4358,407,427,0,1,1
7898,4.1799,0.7447,407,427,0,0,1
7899,4.1783,0.4363,406,427,0,0,1
7900,4.1821,0.5248,406,426,0,1,1
7901,4.1575,0.4651,406,426,0,0,1
7902,4.1028,0.4193,406,426,0,0,1
7903,4.1846,0.5399,406,426,0,0,1
7904,4.239,0.4655,406,426,0,0,1
7905,4.169,0.6664,405,426,0,0,1
7906,4.0847,0.5823,405,425,0,1,1
7907,4.1748,0.4748,403,425,0,0,1
7908,4.1382,0.5315,403,423,0,2,1
7909,4.167,0.501,403,423,0,0,1
7910,4.2524,0.8059,402,423,0,0,1
7911,4.1595,0.6812,401,422,0,1,1
7912,4.1733,0.6074,400,421,0,1,1
7913,4.1595,0.797,400,420,0,1,1
7914,4.1023,0.6337,399,420,0,0,1
7915,4.23,0.5673,398,419,0,1,1
7916,4.197,0.477,397,418,0,1,1
7917,4.1016,0.6345,396,417,0,1,1
7918,4.1736,0.4269,394,416,0,1,1
7919,4.2079,0.4794,391,414,0,2,1
7920,4.1325,0.4856,391,411,0,3,1
7921,4.1406,0.4217,390,411,0,0,1
7922,4.1797,0.5092,388,410,0,1,1
7923,4.4454,0.659,387,408,0,2,1
7924,4.0194,0.6884,387,407,0,1,1
7925,4.0405,0.4545,387,407,0,0,1
7926,4.1759,0.6391,387,407,0,0,1
7927,4.105,0.5775,385,407,0,0,1
7928,4.2814,0.4543,385,405,0,2,1
7929,4.0609,0.7396,385,405,0,0,1
7930,4.2657,0.6985,385,405,0,0,1
7931,4.1377,0.4883,385,405,0,0,1
7932,4.1297,0.4312,384,405,0,0,1
7933,4.2345,0.4536,383,404,0,1,1
7934,4.0692,0.5392,383,403,0,1,1
7935,4.2473,0.4637,376,403,0,0,1
7936,4.1484,0.6873,375,396,0,7,1
7937,4.2384,0.4774,375,395,0,1,1
7938,4.1504,0.4384,374,395,0,0,1
7939,4.0957,0.6224,374,394,0,1,1
7940,4.2044,0.7802,422,444,50,0,1
7941,4.2119,0.737,422,442,0,2,1
7942,4.1209,0.5826,422,442,0,0,1
7943,4.1071,0.4549,422,442,0,0,1
7944,4.2136,0.7162,422,442,0,0,1
7945,4.1284,0.4499,421,442,0,0,1
7946,4.1903,0.4862,419,441,0,1,1
7947,4.1948,0.4804,418,439,0,2,1
7948,4.2006,0.4531,418,438,0,1,1
7949,4.1298,0.7238,418,438,0,0,1
7950,4.125,0.4307,418,438,0,0,1
7951,4.21,0.4762,417,438,0,0,1
7952,4.1239,0.5064,416,437,0,1,1
7953,4.2103,0.6286,414,436,0,1,1
7954,4.1061,0.7739,414,434,0,2,1
7955,4.1941,0.6364,414,434,0,0,1
7956,4.1993,0.5458,414,434,0,0,1
7957,4.1456,0.4688,414,434,0,0,1
7958,4.1123,0.6204,414,434,0,0,1
7959,4.2669,0.4824,412,434,0,0,1
7960,4.1609,0.6701,412,432,0,2,1
7961,4.156,0.7013,411,432,0,0,1
7962,4.1665,0.6956,411,431,0,1,1
7963,4.2492,0.4908,411,431,0,0,1
7964,4.0405,0.4783,411,431,0,0,1
7965,4.2106,0.555,410,431,0,0,1
7966,4.1359,0.5578,409,430,0,1,1
7967,4.1576,0.8036,409,429,0,1,1
7968,4.2313,0.7289,409,429,0,0,1
7969,4.124,0.7044,409,429,0,0,1
7970,4.1532,0.5406,409,429,0,0,1
7971,4.2241,0.4957,409,429,0,0,1
7972,4.1675,0.4746,407,429,0,0,1
7973,4.0991,0.4961,407,427,0,2,1
7974,4.1273,0.4469,403,427,0,0,1
7975,4.168,0.4346,399,423,0,4,1
7976,4.2931,0.7806,399,419,0,4,1
7977,4.1279,0.4671,399,419,0,0,1
7978,4.4561,0.4323,399,419,0,0,1
7979,3.8105,0.5871,399,419,0,0,1
7980,4.2355,0.6644,399,419,0,0,1
7981,4.1111,0.424,398,419,0,0,1
7982,4.1139,0.4281,397,418,0,1,1
7983,4.2632,0.516,397,417,0,1,1
7984,4.1908,0.5579,396,417,0,0,1
7985,4.0353,0.4322,396,416,0,1,1
7986,4.3043,0.7376,395,416,0,0,1
7987,4.2849,0.6801,393,415,0,1,1
7988,4.0314,0.5969,392,413,0,2,1
7989,4.1875,0.5405,392,412,0,1,1
7990,4.0574,0.5027,392,412,0,0,1
7991,4.2429,0.7688,392,412,0,0,1
7992,4.0845,0.5586,390,412,0,0,1
7993,4.2069,0.4947,389,410,0,2,1
7994,4.1699,0.5583,388,409,0,1,1
7995,4.1467,0.4944,386,408,0,1,1
7996,4.2528,0.6471,385,406,0,2,1
7997,4.1489,0.5502,384,405,0,1,1
7998,4.0906,0.4758,384,404,0,1,1
7999,4.1792,0.4925,384,404,0,0,1
8000,4.2328,0.4964,383,404,0,0,1
8001,4.4594,0.6509,383,403,0,1,1
8002,4.1829,0.503,376,403,0,0,1
8003,3.873,0.519,375,396,0,7,1
8004,4.1021,0.6502,374,395,0,1,1
8005,4.2131,0.4597,374,394,0,1,1
8006,4.1947,0.7038,374,394,0,0,1
8007,4.1279,0.5317,373,394,0,0,1
8008,4.1963,0.7447,423,443,50,1,1
8009,4.0868,0.6835,421,443,0,0,1
8010,4.1925,0.8309,421,441,0,2,1
8011,4.1233,0.7065,420,441,0,0,1
8012,4.2576,0.5337,418,440,0,1,1
8013,4.135,0.5174,417,438,0,2,1
8014,4.1583,0.4835,415,437,0,1,1
8015,4.1462,0.4326,415,435,0,2,1
8016,4.2073,0.5093,414,435,0,0,1
8017,4.1331,0.4247,413,434,0,1,1
8018,4.1951,0.7516,412,433,0,1,1
8019,4.1454,0.4973,412,432,0,1,1
8020,4.2728,0.5649,412,432,0,0,1
8021,4.0655,0.4736,411,432,0,0,1
8022,4.1159,0.4335,410,431,0,1,1
8023,4.1985,0.4797,410,430,0,1,1
8024,4.1714,0.5353,410,430,0,0,1
8025,4.2804,0.6619,410,430,0,0,1
8026,4.0826,0.6671,410,430,0,0,1
8027,4.1439,0.4509,409,430,0,0,1
8028,4.1336,0.5186,409,429,0,1,1
8029,4.2369,0.4429,407,429,0,0,1
8030,4.1512,0.6772,407,427,0,2,1
8031,4.2525,0.7325,406,427,0,0,1
8032,4.168,0.6178,406,426,0,1,1
8033,4.095,0.5073,406,426,0,0,1
8034,4.1329,0.4397,406,426,0,0,1
8035,4.4724,0.4268,405,426,0,0,1
8036,3.9091,0.4511,405,425,0,1,1
8037,4.3205,0.6899,404,425,0,0,1
8038,4.1112,0.5071,404,424,0,1,1
8039,4.0772,0.4721,404,424,0,0,1
8040,4.5122,0.8501,404,424,0,0,1
8041,3.7604,0.4163,404,424,0,0,1
8042,4.2126,0.4411,404,424,0,0,1
8043,4.1734,0.4182,403,424,0,0,1
8044,4.3348,0.7221,403,423,0,1,1
8045,4.0074,0.4489,401,423,0,0,1
8046,4.1232,0.4613,400,421,0,2,1
8047,4.1072,0.4872,400,420,0,1,1
8048,4.2859,0.5222,400,420,0,0,1
8049,4.3018,0.7418,399,420,0,0,1
8050,4.0641,0.7024,398,419,0,1,1
8051,4.1031,0.7798,397,418,0,1,1
8052,4.1813,0.7783,397,417,0,1,1
8053,4.1369,0.513,395,417,0,0,1
8054,4.1243,0.6787,394,415,0,2,1
8055,4.2322,0.4969,393,414,0,1,1
8056,4.1034,0.5234,392,413,0,1,1
8057,4.138,0.5222,392,412,0,1,1
8058,4.185,0.4975,392,412,0,0,1
8059,4.2388,0.5754,391,412,0,0,1
8060,4.1698,0.6944,390,411,0,1,1
8061,4.1745,0.7009,390,410,0,1,1
8062,4.0729,0.7109,390,410,0,0,1
8063,4.2083,0.5225,388,410,0,0,1
8064,4.2187,0.5831,388,408,0,2,1
8065,4.1077,0.4517,387,408,0,0,1
8066,4.1384,0.5394,387,407,0,1,1
8067,4.2778,0.5288,387,407,0,0,1
8068,4.2202,0.7849,386,407,0,0,1
8069,4.0933,0.6587,379,406,0,1,1
8070,4.1018,0.5037,377,399,0,7,1
8071,4.15,0.4978,377,397,0,2,1
8072,4.2479,0.5079,376,397,0,0,1
8073,4.1983,0.7692,375,396,0,1,1
8074,4.1235,0.4906,375,395,0,1,1
8075,4.1679,1.0376,423,445,50,0,1
8076,4.2096,0.8629,423,443,0,2,1
8077,4.1107,0.545,423,443,0,0,1
8078,4.2006,0.5113,422,443,0,0,1
8079,4.1001,0.4831,420,442,0,1,1
8080,4.1797,0.6991,420,440,0,2,1
8081,4.3286,0.4234,418,440,0,0,1
8082,4.0161,0.4254,417,438,0,2,1
8083,4.2182,0.5029,415,437,0,1,1
8084,4.088,0.5237,415,435,0,2,1
8085,4.1572,0.4798,414,435,0,0,1
8086,4.1811,0.4874,413,434,0,1,1
8087,4.1765,0.5268,413,433,0,1,1
8088,4.2087,0.6483,412,433,0,0,1
8089,4.1323,0.4763,412,432,0,1,1
8090,4.2375,0.5146,411,432,0,0,1
8091,4.1096,0.4364,410,431,0,1,1
8092,4.1135,0.5241,410,430,0,1,1
8093,4.186,0.4249,410,430,0,0,1
8094,4.1811,0.4415,410,430,0,0,1
8095,4.174,0.4842,410,430,0,0,1
8096,4.2156,0.5238,410,430,0,0,1
8097,4.1088,0.4257,410,430,0,0,1
8098,4.1412,0.5675,410,430,0,0,1
8099,4.2201,0.7369,409,430,0,0,1
8100,4.2426,0.7267,409,429,0,1,1
8101,4.0667,0.4824,409,429,0,0,1
8102,4.2255,0.5574,408,429,0,0,1
8103,4.1058,0.5446,408,428,0,1,1
8104,4.1512,0.4649,408,428,0,0,1
8105,4.1717,0.5882,408,428,0,0,1
8106,4.2538,0.6156,406,428,0,0,1
8107,4.0829,0.5253,406,426,0,2,1
8108,4.1846,0.4476,406,426,0,0,1
8109,4.1551,0.4296,406,426,0,0,1
8110,4.1159,0.4189,406,426,0,0,1
8111,4.1893,0.4937,406,426,0,0,1
8112,4.271,0.4808,406,426,0,0,1
8113,4.1149,0.4103,406,426,0,0,1
8114,5.2412,0.6194,405,426,0,0,1
8115,3.0404,0.4377,405,425,0,1,1
8116,4.1743,0.4778,405,425,0,0,1
8117,4.1522,0.5065,404,425,0,0,1
8118,4.2412,0.719,403,424,0,1,1
8119,4.107,0.7007,403,423,0,1,1
8120,4.3216,0.7873,402,423,0,0,1
8121,4.0581,0.498,402,422,0,1,1
8122,4.1013,0.5132,401,422,0,0,1
8123,4.5251,0.4567,399,421,0,1,1
8124,3.8487,0.4591,399,419,0,2,1
8125,4.1827,0.4394,398,419,0,0,1
8126,4.0818,0.4151,398,418,0,1,1
8127,4.285,0.6491,397,418,0,0,1
8128,4.219,0.6087,394,417,0,1,1
8129,4.1322,0.644,394,414,0,3,1
8130,4.1033,0.6948,392,414,0,0,1
8131,4.2062,0.6323,390,412,0,2,1
8132,4.1815,0.4536,390,410,0,2,1
8133,4.1429,0.6615,389,410,0,0,1
8134,4.203,0.6861,388,409,0,1,1
8135,4.1634,0.4831,388,408,0,1,1
8136,4.37,0.8952,380,408,0,0,1
8137,3.8977,0.4188,380,400,0,8,1
8138,4.5245,0.5697,380,400,0,0,1
8139,3.8596,0.4781,380,400,0,0,1
8140,4.1883,0.612,380,400,0,0,1
8141,4.1413,0.4844,379,400,0,0,1
8142,4.1242,0.5618,425,449,50,1,1
8143,4.1156,0.6516,425,445,0,4,1
8144,4.2305,0.5122,425,445,0,0,1
8145,4.1873,0.5006,424,445,0,0,1
8146,4.1911,0.6985,423,444,0,1,1
8147,4.1667,0.5474,423,443,0,1,1
8148,4.1249,0.5374,423,443,0,0,1
8149,4.4499,0.5623,421,443,0,0,1
8150,3.8872,0.6579,421,441,0,2,1
8151,4.1982,0.5093,420,441,0,0,1
8152,4.1729,0.632,420,440,0,1,1
8153,4.1174,0.4454,419,440,0,0,1
8154,4.1626,0.4713,419,439,0,1,1
8155,4.2119,0.5952,419,439,0,0,1
8156,4.1824,0.5767,418,439,0,0,1
8157,4.248,0.6635,418,438,0,1,1
8158,4.0712,0.5471,417,438,0,0,1
8159,4.2005,0.7264,417,437,0,1,1
8160,4.1023,0.5964,417,437,0,0,1
8161,4.1371,0.4675,415,437,0,0,1
8162,4.3695,0.6361,415,435,0,2,1
8163,4.0515,0.7196,415,435,0,0,1
8164,4.1618,0.4563,414,435,0,0,1
8165,4.2144,0.6076,414,434,0,1,1
8166,4.0447,0.4255,414,434,0,0,1
8167,4.1477,0.4256,414,434,0,0,1
8168,4.22,0.5822,414,434,0,0,1
8169,4.1788,0.4362,414,434,0,0,1
8170,4.1498,0.4761,414,434,0,0,1
8171,4.1463,0.4338,413,434,0,0,1
8172,4.2192,0.5278,409,433,0,1,1
8173,4.126,0.4708,408,429,0,4,1
8174,4.1337,0.6531,408,428,0,1,1
8175,4.1699,0.7955,408,428,0,0,1
8176,4.3285,0.6827,408,428,0,0,1
8177,4.0686,0.5176,407,428,0,0,1
8178,4.1289,0.4702,407,427,0,1,1
8179,4.5421,0.5192,407,427,0,0,1
8180,3.8748,0.7353,407,427,0,0,1
8181,4.1811,0.6469,405,427,0,0,1
8182,4.0983,0.4304,405,425,0,2,1
8183,4.182,0.4888,402,425,0,0,1
8184,4.1297,0.5054,400,422,0,3,1
8185,4.148,0.4363,400,420,0,2,1
8186,4.2176,0.7197,400,420,0,0,1
8187,4.1708,0.4341,399,420,0,0,1
8188,4.1799,0.4315,399,419,0,1,1
8189,4.1214,0.4531,398,419,0,0,1
8190,4.1104,0.5321,398,418,0,1,1
8191,4.2538,0.4839,398,418,0,0,1
8192,4.1565,0.5788,398,418,0,0,1
8193,4.1905,0.4364,398,418,0,0,1
8194,4.1401,0.6798,397,418,0,0,1
8195,4.1291,0.7956,397,417,0,1,1
8196,4.196,0.4755,397,417,0,0,1
8197,4.1773,0.4697,396,417,0,0,1
8198,4.1271,0.4623,394,416,0,1,1
8199,4.2323,0.4815,394,414,0,2,1
8200,4.2553,0.7673,393,414,0,0,1
8201,4.1391,0.6876,392,413,0,1,1
8202,4.0535,0.4571,392,412,0,1,1
8203,4.2078,0.5132,383,412,0,0,1
8204,4.1526,0.4555,383,403,0,9,1
8205,4.1583,0.5203,383,403,0,0,1
8206,4.1068,0.4335,383,403,0,0,1
8207,4.3172,0.6925,383,403,0,0,1
8208,4.1878,0.4879,383,403,0,0,1
8209,4.0248,0.6112,432,453,50,0,1
8210,4.2214,0.6744,431,452,0,1,1
8211,4.1821,0.6889,430,451,0,1,1
8212,4.1758,0.5428,427,450,0,1,1
8213,4.0707,0.7656,427,447,0,3,1
8214,4.1851,0.4614,427,447,0,0,1
8215,4.1748,0.5162,426,447,0,0,1
8216,4.1729,0.4501,425,446,0,1,1
8217,4.5531,0.4992,425,445,0,1,1
8218,3.8691,0.4276,424,445,0,0,1
8219,4.0749,0.6503,424,444,0,1,1
8220,4.315,0.6598,422,444,0,0,1
8221,4.0132,0.4845,422,442,0,2,1
8222,4.1627,0.4964,421,442,0,0,1
8223,4.2172,0.4962,421,441,0,1,1
8224,4.0972,0.4623,420,441,0,0,1
8225,4.2167,0.6313,419,440,0,1,1
8226,4.1523,0.6184,419,439,0,1,1
8227,4.1589,0.4837,418,439,0,0,1
8228,4.1341,0.4723,418,438,0,1,1
8229,4.3272,0.5382,418,438,0,0,1
8230,4.0466,0.4524,418,438,0,0,1
8231,4.1907,0.5881,417,438,0,0,1
8232,4.1883,0.6675,417,437,0,1,1
8233,4.0975,0.5004,417,437,0,0,1
8234,4.1991,0.5467,415,437,0,0,1
8235,4.1483,0.4962,413,435,0,2,1
8236,4.3757,0.6822,413,433,0,2,1
8237,3.975,0.5872,411,433,0,0,1
8238,4.1491,0.6853,411,431,0,2,1
8239,4.3361,0.7465,410,431,0,0,1
8240,4.0329,0.499,410,430,0,1,1
8241,4.137,0.4654,409,430,0,0,1
8242,4.1826,0.5471,409,429,0,1,1
8243,4.2128,0.5215,408,429,0,0,1
8244,4.1241,0.6156,406,428,0,1,1
8245,4.1516,0.4259,405,426,0,2,1
8246,4.1944,0.5567,404,425,0,1,1
8247,4.1871,0.488,404,424,0,1,1
8248,4.1737,0.5455,402,424,0,0,1
8249,4.0865,0.6471,401,422,0,2,1
8250,4.1905,0.4166,400,421,0,1,1
8251,4.1715,0.6897,397,420,0,1,1
8252,4.2038,0.4247,397,417,0,3,1
8253,4.1689,0.4641,396,417,0,0,1
8254,4.1395,0.4628,395,416,0,1,1
8255,4.2183,0.4414,395,415,0,1,1
8256,4.1338,0.5179,394,415,0,0,1
8257,4.2629,0.7142,393,414,0,1,1
8258,4.0978,0.5217,392,413,0,1,1
8259,4.146,0.495,391,412,0,1,1
8260,4.2046,0.4819,391,411,0,1,1
8261,4.0827,0.4302,391,411,0,0,1
8262,4.1454,0.533,391,411,0,0,1
8263,4.1738,0.4591,389,411,0,0,1
8264,4.308,0.7775,389,409,0,2,1
8265,4.0258,0.465,389,409,0,0,1
8266,4.2042,0.4628,389,409,0,0,1
8267,4.281,0.6801,386,409,0,0,1
8268,3.9988,0.4445,386,406,0,3,1
8269,4.2014,0.4721,386,406,0,0,1
8270,4.2746,0.6776,386,406,0,0,1
8271,4.1142,0.4833,379,406,0,0,1
8272,4.2171,0.4983,379,399,0,7,1
8273,4.0977,0.4858,379,399,0,0,1
8274,4.1397,0.6009,379,399,0,0,1
8275,4.1258,0.5061,377,399,0,0,1
8276,4.3169,0.6497,427,447,50,2,1
8277,4.1413,0.5506,426,447,0,0,1
8278,4.1495,0.6758,425,446,0,1,1
8279,4.1632,0.5753,425,445,0,1,1
8280,4.1417,0.5373,424,445,0,0,1
8281,4.105,0.4451,423,444,0,1,1
8282,4.2163,0.6305,421,443,0,1,1
8283,4.2545,0.68,419,441,0,2,1
8284,4.1296,0.516,419,439,0,2,1
8285,4.1347,0.4914,419,439,0,0,1
8286,4.1491,0.4253,418,439,0,0,1
8287,4.2266,0.4604,417,438,0,1,1
8288,4.0851,0.5289,416,437,0,1,1
8289,4.3006,0.6976,416,436,0,1,1
8290,4.0764,0.5892,415,436,0,0,1
8291,4.1096,0.5185,415,435,0,1,1
8292,4.2214,0.5226,414,435,0,0,1
8293,4.1099,0.455,411,434,0,1,1
8294,4.1195,0.5946,411,431,0,3,1
8295,4.2962,0.7275,411,431,0,0,1
8296,4.1301,0.7209,408,431,0,0,1
8297,4.1381,0.4787,408,428,0,3,1
8298,4.1402,0.4234,404,428,0,0,1
8299,4.2478,0.4914,404,424,0,4,1
8300,4.18,0.5461,404,424,0,0,1
8301,4.069,0.6716,404,424,0,0,1
8302,4.2661,0.4795,404,424,0,0,1
8303,4.1339,0.6715,402,424,0,0,1
8304,4.1392,0.5055,402,422,0,2,1
8305,4.1477,0.4619,401,422,0,0,1
8306,4.2796,0.4698,400,421,0,1,1
8307,4.1055,0.4735,399,420,0,1,1
8308,4.4447,0.663,398,419,0,1,1
8309,3.871,0.5736,397,418,0,1,1
8310,4.1219,0.5223,397,417,0,1,1
8311,4.518,0.4854,396,417,0,0,1
8312,3.965,0.7032,395,416,0,1,1
8313,3.9937,1.0932,393,415,0,1,1
8314,4.2596,0.6689,392,413,0,2,1
8315,4.1645,0.5443,391,412,0,1,1
8316,4.1502,0.5005,390,411,0,1,1
8317,4.4354,0.4311,390,410,0,1,1
8318,3.8485,0.4293,390,410,0,0,1
8319,4.1808,0.6099,390,410,0,0,1
8320,4.2214,0.6536,390,410,0,0,1
8321,4.1469,0.45,390,410,0,0,1
8322,4.121,0.4392,390,410,0,0,1
8323,4.1514,0.4727,389,410,0,0,1
8324,4.205,0.523,389,409,0,1,1
8325,4.3523,0.4228,388,409,0,0,1
8326,4.0672,0.6914,386,408,0,1,1
8327,4.1179,0.6046,386,406,0,2,1
8328,4.1311,0.7511,386,406,0,0,1
8329,4.1515,0.4516,386,406,0,0,1
8330,4.2218,0.5512,385,406,0,0,1
8331,4.0877,0.4373,385,405,0,1,1
8332,4.2403,0.4583,385,405,0,0,1
8333,4.2099,0.6795,383,405,0,0,1
8334,4.0702,0.4506,383,403,0,2,1
8335,4.1896,0.4621,383,403,0,0,1
8336,4.1692,0.4739,381,403,0,0,1
8337,4.1538,0.4227,381,401,0,2,1
8338,4.1883,0.4658,380,401,0,0,1
8339,4.1326,0.6209,371,400,0,1,1
8340,4.2403,0.5254,370,391,0,9,1
8341,4.1073,0.4265,370,390,0,1,1
8342,4.5955,0.776,370,390,0,0,1
8343,3.7875,0.5211,367,390,0,0,1
8344,4.356,0.7427,417,437,50,3,1
8345,3.9466,0.6817,415,437,0,0,1
8346,4.1479,0.488,415,435,0,2,1
8347,4.205,0.5281,414,435,0,0,1
8348,4.1448,0.5292,413,434,0,1,1
8349,4.1974,0.4661,412,433,0,1,1
8350,4.1346,0.8155,412,432,0,1,1
8351,4.1991,0.7045,412,432,0,0,1
8352,4.2275,0.7587,411,432,0,0,1
8353,4.0612,0.4623,411,431,0,1,1
8354,4.1787,0.5122,411,431,0,0,1
8355,4.2033,0.6747,411,431,0,0,1
8356,4.1803,0.6007,411,431,0,0,1
8357,4.17,0.5048,410,431,0,0,1
8358,4.0868,0.5365,409,430,0,1,1
8359,4.1955,0.5112,408,429,0,1,1
8360,4.173,0.4799,408,428,0,1,1
8361,4.2161,0.4852,408,428,0,0,1
8362,4.2175,0.4525,407,428,0,0,1
8363,4.1842,0.6354,406,427,0,1,1
8364,4.092,0.7264,406,426,0,1,1
8365,4.1289,0.4171,406,426,0,0,1
8366,4.1511,0.4136,405,426,0,0,1
8367,4.2058,0.4754,405,425,0,1,1
8368,4.5088,0.6143,405,425,0,0,1
8369,3.7904,0.7237,405,425,0,0,1
8370,4.1367,0.7096,405,425,0,0,1
8371,4.2537,0.6797,404,425,0,0,1
8372,4.1303,0.5038,404,424,0,1,1
8373,4.1732,0.7815,404,424,0,0,1
8374,4.2337,0.6431,403,424,0,0,1
8375,4.1023,0.7952,402,423,0,1,1
8376,4.1839,0.7599,402,422,0,1,1
8377,4.1013,0.706,402,422,0,0,1
8378,4.4587,0.699,400,422,0,0,1
8379,3.9192,0.688,398,420,0,2,1
8380,4.1274,0.4477,398,418,0,2,1
8381,4.2112,0.4603,398,418,0,0,1
8382,4.1042,0.6029,398,418,0,0,1
8383,4.5665,0.6148,397,418,0,0,1
8384,3.7966,0.4831,396,417,0,1,1
8385,4.243,0.4975,395,416,0,1,1
8386,4.1064,0.4643,394,415,0,1,1
8387,4.2118,0.5567,391,414,0,1,1
8388,4.1544,0.7127,390,411,0,3,1
8389,4.0994,0.4002,389,410,0,1,1
8390,4.2259,0.4778,389,409,0,1,1
8391,4.1644,0.4153,387,409,0,0,1
8392,4.1364,0.6493,386,407,0,2,1
8393,4.173,0.4505,385,406,0,1,1
8394,4.1574,0.6433,383,405,0,1,1
8395,4.1974,0.6898,382,403,0,2,1
8396,4.2026,0.4653,381,402,0,1,1
8397,4.3206,0.4049,381,401,0,1,1
8398,3.952,0.4617,381,401,0,0,1
8399,4.2878,0.6595,380,401,0,0,1
8400,4.09,0.4755,380,400,0,1,1
8401,4.1433,0.4269,378,400,0,0,1
8402,4.2838,0.4205,378,398,0,2,1
8403,4.0688,0.4629,377,398,0,0,1
8404,4.1898,0.492,376,397,0,1,1
8405,4.1304,0.4544,366,396,0,1,1
8406,4.1522,0.4033,366,386,0,10,1
8407,4.2128,0.6474,366,386,0,0,1
8408,4.1682,0.4712,365,386,0,0,1
8409,4.1339,0.4507,365,385,0,1,1
8410,4.2004,0.4803,364,385,0,0,1
8411,4.2258,0.6776,414,434,50,1,1
8412,4.0581,0.4884,414,434,0,0,1
8413,4.15,0.7847,414,434,0,0,1
8414,4.2373,0.7246,414,434,0,0,1
8415,4.1697,0.7279,414,434,0,0,1
8416,4.2089,0.5475,414,434,0,0,1
8417,4.0262,0.4987,412,434,0,0,1
8418,4.2002,0.5389,410,432,0,2,1
8419,4.2216,0.4765,409,430,0,2,1
8420,4.19,0.5297,408,429,0,1,1
8421,4.4559,0.4302,407,428,0,1,1
8422,3.8478,0.6139,407,427,0,1,1
8423,4.2372,0.6063,407,427,0,0,1
8424,4.0874,0.6757,406,427,0,0,1
8425,4.1194,0.4253,405,426,0,1,1
8426,4.1922,0.6831,405,425,0,1,1
8427,4.1641,0.6949,405,425,0,0,1
8428,4.1701,0.4296,405,425,0,0,1
8429,4.1879,0.4878,404,425,0,0,1
8430,4.1242,0.4218,404,424,0,1,1
8431,4.2123,0.4732,404,424,0,0,1
8432,4.0979,0.4771,403,424,0,0,1
8433,4.2366,0.4588,402,423,0,1,1
8434,4.2897,0.7686,402,422,0,1,1
8435,4.0473,0.7735,402,422,0,0,1
8436,4.1764,0.5663,402,422,0,0,1
8437,4.103,0.4973,402,422,0,0,1
8438,4.392,0.4929,401,422,0,0,1
8439,3.9908,0.5008,401,421,0,1,1
8440,4.3502,0.5217,400,421,0,0,1
8441,3.9641,0.5153,397,420,0,1,1
8442,4.1185,0.4313,397,417,0,3,1
8443,4.4966,0.4374,397,417,0,0,1
8444,4.2157,0.5134,395,417,0,0,1
8445,3.9078,0.4333,393,415,0,2,1
8446,4.1355,0.6806,392,413,0,2,1
8447,4.1556,0.6079,391,412,0,1,1
8448,4.1327,0.5081,391,411,0,1,1
8449,4.1154,0.4084,391,411,0,0,1
8450,4.55,0.4254,391,411,0,0,1
8451,3.8801,0.4355,390,411,0,0,1
8452,4.298,0.6756,390,410,0,1,1
8453,4.0232,0.4821,389,410,0,0,1
8454,4.102,0.422,386,409,0,1,1
8455,4.1998,0.4808,384,406,0,3,1
8456,4.1461,0.5097,384,404,0,2,1
8457,4.2126,0.5021,384,404,0,0,1
8458,4.1007,0.4063,384,404,0,0,1
8459,4.1533,0.432,383,404,0,0,1
8460,4.1956,0.5215,381,403,0,1,1
8461,4.1385,0.5197,381,401,0,2,1
8462,4.2488,0.4692,380,401,0,0,1
8463,4.1681,0.475,379,400,0,1,1
8464,4.2573,0.4618,378,399,0,1,1
8465,4.0741,0.6311,377,398,0,1,1
8466,4.1445,0.4433,376,397,0,1,1
8467,4.1981,0.5019,376,396,0,1,1
8468,4.1124,0.4689,375,396,0,0,1
8469,4.2605,0.5272,375,395,0,1,1
8470,4.0621,0.6303,373,395,0,0,1
8471,4.2178,0.8199,372,393,0,2,1
8472,4.1424,0.6124,365,392,0,1,1
8473,4.1528,0.5009,365,385,0,7,1
8474,4.202,0.5038,365,385,0,0,1
8475,4.1986,0.5318,365,385,0,0,1
8476,4.1734,0.4717,365,385,0,0,1
8477,4.1419,0.45,365,385,0,0,1
8478,4.2899,0.9356,412,435,50,0,1
8479,4.0049,0.5396,411,432,0,3,1
8480,4.1599,0.6357,410,431,0,1,1
8481,4.2865,0.835,409,430,0,1,1
8482,4.0197,0.6696,409,429,0,1,1
8483,4.2358,0.6129,409,429,0,0,1
8484,4.159,0.7182,408,429,0,0,1
8485,4.1357,0.4326,408,428,0,1,1
8486,4.2028,0.4874,408,428,0,0,1
8487,4.2138,0.4637,406,428,0,0,1
8488,4.1566,0.5608,405,426,0,2,1
8489,4.089,0.4197,405,425,0,1,1
8490,4.1746,0.7594,405,425,0,0,1
8491,4.1758,0.4225,405,425,0,0,1
8492,4.1723,0.4803,405,425,0,0,1
8493,4.2273,0.4108,405,425,0,0,1
8494,4.1413,0.4717,405,425,0,0,1
8495,4.1149,0.436,404,425,0,0,1
8496,4.497,0.6223,404,424,0,1,1
8497,3.8267,0.4886,404,424,0,0,1
8498,4.2424,0.5639,404,424,0,0,1
8499,4.1511,0.5613,404,424,0,0,1
8500,4.1732,0.6293,404,424,0,0,1
8501,4.1337,0.5829,403,424,0,0,1
8502,4.1826,0.7832,403,423,0,1,1
8503,4.148,0.7072,403,423,0,0,1
8504,4.2239,0.5606,403,423,0,0,1
8505,4.0831,0.4569,402,423,0,0,1
8506,4.4463,0.4337,401,422,0,1,1
8507,4.0494,0.6194,399,421,0,1,1
8508,3.9923,0.6332,398,419,0,2,1
8509,4.2247,0.4256,397,418,0,1,1
8510,4.162,0.5027,396,417,0,1,1
8511,4.2113,0.4909,396,416,0,1,1
8512,4.2006,0.6054,394,416,0,0,1
8513,4.0921,0.4277,394,414,0,2,1
8514,4.1352,0.5003,394,414,0,0,1
8515,4.5314,0.5691,393,414,0,0,1
8516,4.1913,0.5615,393,413,0,1,1
8517,3.8434,0.4106,393,413,0,0,1
8518,4.1229,0.5922,392,413,0,0,1
8519,4.2758,0.6151,391,412,0,1,1
8520,4.0559,0.6291,390,411,0,1,1
8521,4.124,0.4177,389,410,0,1,1
8522,4.1777,0.4627,388,409,0,1,1
8523,4.2259,0.8756,388,408,0,1,1
8524,4.164,0.5964,388,408,0,0,1
8525,4.1466,0.5255,387,408,0,0,1
8526,4.1303,0.408,385,407,0,1,1
8527,4.1931,0.5606,384,405,0,2,1
8528,4.2138,0.4352,383,404,0,1,1
8529,4.1391,0.4227,381,403,0,1,1
8530,4.1472,0.4696,381,401,0,2,1
8531,4.2198,0.4842,381,401,0,0,1
8532,4.2238,0.6104,381,401,0,0,1
8533,4.0439,0.7067,378,401,0,0,1
8534,4.175,0.6185,376,398,0,3,1
8535,4.2122,0.6422,374,396,0,2,1
8536,4.1538,0.4343,374,394,0,2,1
8537,4.1708,0.6309,374,394,0,0,1
8538,4.1402,0.5184,373,394,0,0,1
8539,4.1604,0.4946,365,393,0,1,1
8540,4.2868,0.5812,365,385,0,8,1
8541,4.074,0.5262,365,385,0,0,1
8542,4.119,0.5315,364,385,0,0,1
8543,4.3015,0.5925,364,384,0,1,1
8544,4.0366,0.4633,363,384,0,0,1
8545,4.2043,0.6348,413,433,50,1,1
8546,4.166,0.9139,413,433,0,0,1
8547,4.2412,0.821,413,433,0,0,1
8548,4.1063,0.8257,410,433,0,0,1
8549,4.1479,0.5859,410,430,0,3,1
8550,4.1137,0.4442,409,430,0,0,1
8551,4.1511,0.4723,409,429,0,1,1
8552,4.2736,0.5918,409,429,0,0,1
8553,4.1802,0.4591,408,429,0,0,1
8554,4.1459,0.6564,408,428,0,1,1
8555,4.1898,0.5167,407,428,0,0,1
8556,4.1205,0.4894,406,427,0,1,1
8557,4.1315,0.435,406,426,0,1,1
8558,4.1318,0.4214,406,426,0,0,1
8559,4.2863,0.6453,406,426,0,0,1
8560,4.4371,0.4733,406,426,0,0,1
8561,3.8694,0.4672,406,426,0,0,1
8562,4.1155,0.4341,406,426,0,0,1
8563,4.1617,0.4165,405,426,0,0,1
8564,4.4352,0.4792,404,425,0,1,1
8565,3.9596,0.469,404,424,0,1,1
8566,4.2185,0.5748,403,424,0,0,1
8567,4.0539,0.4585,403,423,0,1,1
8568,4.2291,0.558,401,423,0,0,1
8569,4.1087,0.4748,401,421,0,2,1
8570,4.0949,0.6255,400,421,0,0,1
8571,4.2534,0.7842,399,420,0,1,1
8572,4.3858,0.6559,399,419,0,1,1
8573,3.9797,0.5562,398,419,0,0,1
8574,4.0942,0.4728,398,418,0,1,1
8575,4.1726,0.532,398,418,0,0,1
8576,4.1922,0.8204,398,418,0,0,1
8577,4.1513,0.6349,397,418,0,0,1
8578,4.2482,0.7191,396,417,0,1,1
8579,4.1429,0.777,396,416,0,1,1
8580,4.1359,0.4422,395,416,0,0,1
8581,4.1272,0.4285,395,415,0,1,1
8582,4.1063,0.4406,394,415,0,0,1
8583,4.2981,0.4725,394,414,0,1,1
8584,4.2098,0.4638,394,414,0,0,1
8585,4.0969,0.4705,394,414,0,0,1
8586,4.1425,0.6928,394,414,0,0,1
8587,4.193,0.4966,393,414,0,0,1
8588,4.1526,0.4756,392,413,0,1,1
8589,4.4057,0.4295,392,412,0,1,1
8590,3.9241,0.4212,392,412,0,0,1
8591,4.2561,0.6505,392,412,0,0,1
8592,4.102,0.6899,391,412,0,0,1
8593,4.1412,0.4262,391,411,0,1,1
8594,4.1877,0.4657,391,411,0,0,1
8595,4.1824,0.4555,390,411,0,0,1
8596,4.1872,0.6612,390,410,0,1,1
8597,4.1951,0.6594,390,410,0,0,1
8598,4.0482,0.421,390,410,0,0,1
8599,4.2416,0.5673,390,410,0,0,1
8600,4.174,0.6949,390,410,0,0,1
8601,4.0991,0.4243,389,410,0,0,1
8602,4.2506,0.5898,389,409,0,1,1
8603,4.187,0.6796,388,409,0,0,1
8604,4.0704,0.5328,388,408,0,1,1
8605,4.1595,0.4331,386,408,0,0,1
8606,4.1787,0.4342,385,406,0,2,1
8607,4.2327,0.4679,377,405,0,1,1
8608,4.3029,0.4299,375,397,0,8,1
8609,4.0224,0.429,374,395,0,2,1
8610,4.1771,0.607,374,394,0,1,1
8611,4.1424,0.5602,374,394,0,0,1
8612,4.1854,0.6665,424,444,50,0,1
8613,4.1573,0.4726,423,444,0,0,1
8614,4.2306,0.7763,423,443,0,1,1
8615,4.0686,0.4303,422,443,0,0,1
8616,4.2784,0.7842,422,442,0,1,1
8617,4.047,0.4325,421,442,0,0,1
8618,4.1921,0.4894,421,441,0,1,1
8619,4.1885,0.51,420,441,0,0,1
8620,4.2395,0.7733,420,440,0,1,1
8621,4.0534,0.6734,420,440,0,0,1
8622,4.1644,0.6874,420,440,0,0,1
8623,4.2121,0.5199,420,440,0,0,1
8624,4.1522,0.4697,420,440,0,0,1
8625,4.1405,0.443,417,440,0,0,1
8626,4.175,0.5006,417,437,0,3,1
8627,4.1416,0.4283,415,437,0,0,1
8628,4.2719,0.7521,415,435,0,2,1
8629,4.0687,0.4407,414,435,0,0,1
8630,4.4288,0.5565,413,434,0,1,1
8631,3.9829,0.4847,412,433,0,1,1
8632,4.1845,0.4968,412,432,0,1,1
8633,4.0926,0.5539,412,432,0,0,1
8634,4.1488,0.6954,412,432,0,0,1
8635,4.2027,0.6954,411,432,0,0,1
8636,4.1768,0.7715,410,431,0,1,1
8637,4.1733,0.4535,410,430,0,1,1
8638,4.1609,0.4958,408,430,0,0,1
8639,4.1944,0.5093,407,428,0,2,1
8640,4.1442,0.6413,407,427,0,1,1
8641,4.091,0.4261,406,427,0,0,1
8642,4.2019,0.6682,406,426,0,1,1
8643,4.2425,0.4881,406,426,0,0,1
8644,4.1345,0.6452,406,426,0,0,1
8645,4.1428,0.4471,405,426,0,0,1
8646,4.1549,0.6702,405,425,0,1,1
8647,4.191,0.4236,404,425,0,0,1
8648,4.1372,0.4831,403,424,0,1,1
8649,4.2503,0.4716,402,423,0,1,1
8650,4.0948,0.483,401,422,0,1,1
8651,4.44,0.4183,401,421,0,1,1
8652,3.909,0.6121,400,421,0,0,1
8653,4.1347,0.4583,399,420,0,1,1
8654,4.2938,0.7174,398,419,0,1,1
8655,4.0857,0.5321,397,418,0,1,1
8656,4.7326,0.5461,397,417,0,1,1
8657,3.5905,0.516,395,417,0,0,1
8658,4.134,0.5101,394,415,0,2,1
8659,4.2194,0.7167,394,414,0,1,1
8660,4.1648,0.495,394,414,0,0,1
8661,4.1418,0.5056,393,414,0,0,1
8662,4.1585,0.9448,392,413,0,1,1
8663,4.1305,0.6292,391,412,0,1,1
8664,4.2467,0.5639,390,411,0,1,1
8665,4.075,0.4763,390,410,0,1,1
8666,4.2818,0.8702,389,410,0,0,1
8667,4.1407,0.6004,389,409,0,1,1
8668,4.1529,0.5728,386,409,0,0,1
8669,4.1694,0.6445,385,406,0,3,1
8670,4.1225,0.4839,385,405,0,1,1
8671,4.1795,0.4967,385,405,0,0,1
8672,4.1277,0.5221,384,405,0,0,1
8673,4.2359,0.4782,384,404,0,1,1
8674,4.1345,0.5607,376,404,0,0,1
8675,4.2207,0.537,375,396,0,8,1
8676,4.0889,0.4805,375,395,0,1,1
8677,4.1734,0.453,375,395,0,0,1
8678,4.1585,0.4416,375,395,0,0,1
8679,4.2564,0.7076,375,395,0,0,1
8680,4.2215,0.6824,424,445,50,0,1
8681,4.0861,0.5318,423,444,0,1,1
8682,4.1209,0.6499,422,443,0,1,1
8683,4.1851,0.5268,421,442,0,1,1
8684,4.219,0.5688,419,441,0,1,1
8685,4.1212,0.4505,418,439,0,2,1
8686,4.1717,0.4945,418,438,0,1,1
8687,4.2413,0.6179,417,438,0,0,1
8688,4.2048,0.5877,417,437,0,1,1
8689,4.0524,0.4292,417,437,0,0,1
8690,4.3518,0.594,417,437,0,0,1
8691,4.0453,0.7043,416,437,0,0,1
8692,4.1526,0.6997,416,436,0,1,1
8693,4.1435,0.5162,416,436,0,0,1
8694,4.0795,0.4832,416,436,0,0,1
8695,4.2536,0.5236,416,436,0,0,1
8696,4.3413,0.6698,415,436,0,0,1
8697,3.9065,0.5087,415,435,0,1,1
8698,4.3353,0.7046,415,435,0,0,1
8699,4.0072,0.4414,415,435,0,0,1
8700,4.1615,0.6353,415,435,0,0,1
8701,4.1944,0.4854,415,435,0,0,1
8702,4.0705,0.4445,415,435,0,0,1
8703,4.3232,0.4559,413,435,0,0,1
8704,4.2054,0.7409,412,433,0,2,1
8705,4.092,0.4835,412,432,0,1,1
8706,4.165,0.5378,409,432,0,0,1
8707,4.1343,0.4191,409,429,0,3,1
8708,4.1839,0.4496,409,429,0,0,1
8709,4.3079,0.4171,408,429,0,0,1
8710,4.0892,0.4541,408,428,0,1,1
8711,4.3243,0.5848,408,428,0,0,1
8712,4.0153,0.7536,407,428,0,0,1
8713,4.0993,0.4722,407,427,0,1,1
8714,4.2326,0.5735,406,427,0,0,1
8715,4.1516,0.4993,404,426,0,1,1
8716,4.1625,0.5661,403,424,0,2,1
8717,4.1296,0.6956,403,423,0,1,1
8718,4.153,0.5522,403,423,0,0,1
8719,4.1784,0.5842,402,423,0,0,1
8720,4.1544,0.4959,401,422,0,1,1
8721,4.209,0.4579,401,421,0,1,1
8722,4.1725,0.4997,400,421,0,0,1
8723,4.1676,0.661,399,420,0,1,1
8724,4.1002,0.5252,398,419,0,1,1
8725,4.2054,0.4323,397,418,0,1,1
8726,4.124,0.4279,393,417,0,1,1
8727,4.2268,0.5019,393,413,0,4,1
8728,4.2713,0.51,393,413,0,0,1
8729,4.0699,0.6299,392,413,0,0,1
8730,4.1725,0.6188,392,412,0,1,1
8731,4.128,0.4237,389,412,0,0,1
8732,4.1651,0.4955,388,409,0,3,1
8733,4.1559,0.4179,388,408,0,1,1
8734,4.2294,0.4342,388,408,0,0,1
8735,4.1761,0.7045,387,408,0,0,1
8736,4.112,0.5917,386,407,0,1,1
8737,4.1501,0.4274,386,406,0,1,1
8738,4.2085,0.4645,386,406,0,0,1
8739,4.1754,0.4663,386,406,0,0,1
8740,4.1963,0.5245,385,406,0,0,1
8741,4.1287,0.4188,378,405,0,1,1
8742,4.3058,0.6219,378,398,0,7,1
8743,3.9882,0.475,378,398,0,0,1
8744,4.1699,0.7203,378,398,0,0,1
8745,4.1525,0.601,378,398,0,0,1
8746,4.1425,0.5705,376,398,0,0,1
8747,4.2273,0.9027,425,446,50,2,1
8748,4.4881,0.5518,425,445,0,1,1
8749,3.819,0.4834,425,445,0,0,1
8750,4.2226,0.4898,425,445,0,0,1
8751,4.2047,0.515,423,445,0,0,1
8752,4.2428,0.6395,422,443,0,2,1
8753,4.0203,0.5377,419,442,0,1,1
8754,4.199,0.6883,418,439,0,3,1
8755,4.1551,0.7225,418,438,0,1,1
8756,4.1575,0.5689,418,438,0,0,1
8757,4.0672,0.5116,418,438,0,0,1
8758,4.2874,0.5251,418,438,0,0,1
8759,4.2487,0.6968,417,438,0,0,1
8760,4.0244,0.6989,416,437,0,1,1
8761,4.1803,0.4418,416,436,0,1,1
8762,4.5961,0.586,416,436,0,0,1
8763,3.7871,0.4949,414,436,0,0,1
8764,4.1832,0.5356,414,434,0,2,1
8765,4.1299,0.5102,413,434,0,0,1
8766,4.1612,0.4227,413,433,0,1,1
8767,4.1954,0.6915,413,433,0,0,1
8768,4.1202,0.6581,413,433,0,0,1
8769,4.1261,0.455,413,433,0,0,1
8770,4.2637,0.5109,412,433,0,0,1
8771,4.2338,0.7571,412,432,0,1,1
8772,4.0143,0.5022,411,432,0,0,1
8773,4.1944,0.581,411,431,0,1,1
8774,4.137,0.5062,411,431,0,0,1
8775,4.1348,0.6871,411,431,0,0,1
8776,4.2292,0.6762,411,431,0,0,1
8777,4.4653,0.6179,410,431,0,0,1
8778,3.8357,0.6231,410,430,0,1,1
8779,4.1428,0.6088,408,430,0,0,1
8780,4.1753,0.502,407,428,0,2,1
8781,4.2615,0.6565,405,427,0,1,1
8782,4.3507,0.6126,403,425,0,2,1
8783,4.2237,0.6841,402,423,0,2,1
8784,4.0648,0.7398,401,422,0,1,1
8785,3.9257,0.4792,400,421,0,1,1
8786,4.2823,0.7479,400,420,0,1,1
8787,4.133,0.8154,400,420,0,0,1
8788,4.1146,0.4896,397,420,0,0,1
8789,4.4887,0.5454,395,417,0,3,1
8790,3.8342,0.5864,395,415,0,2,1
8791,4.3359,0.6891,394,415,0,0,1
8792,4.0216,0.5241,394,414,0,1,1
8793,4.1297,0.5321,394,414,0,0,1
8794,4.444,0.6057,392,414,0,0,1
8795,3.9304,0.6133,391,412,0,2,1
8796,4.1828,0.456,391,411,0,1,1
8797,4.1089,0.428,390,411,0,0,1
8798,4.2178,0.6101,390,410,0,1,1
8799,4.1773,0.6133,390,410,0,0,1
8800,4.257,0.6157,390,410,0,0,1
8801,4.3525,0.5206,389,410,0,0,1
8802,3.9646,0.4737,389,409,0,1,1
8803,4.0805,0.5637,388,409,0,0,1
8804,4.2399,0.5703,387,408,0,1,1
8805,4.1305,0.4346,387,407,0,1,1
8806,4.5129,0.5679,386,407,0,0,1
8807,3.8059,0.4332,384,406,0,1,1
8808,4.1856,0.5107,376,404,0,2,1
8809,4.1799,0.432,373,396,0,8,1
8810,4.1962,0.6325,373,393,0,3,1
8811,4.1481,0.4278,373,393,0,0,1
8812,4.0952,0.8001,372,393,0,0,1
8813,4.5573,0.5346,372,392,0,1,1
8814,3.7819,0.5185,421,442,50,0,1
8815,4.1993,0.6286,421,441,0,1,1
8816,4.1947,0.6153,421,441,0,0,1
8817,4.1465,0.4341,420,441,0,0,1
8818,4.559,0.6827,420,440,0,1,1
8819,4.1905,0.9368,420,440,0,0,1
8820,3.7365,0.6648,420,440,0,0,1
8821,4.1549,0.4845,420,440,0,0,1
8822,4.1332,0.4428,419,440,0,0,1
8823,4.1885,0.44,419,439,0,1,1
8824,4.2187,0.6903,419,439,0,0,1
8825,4.1344,0.4752,418,439,0,0,1
8826,4.175,0.4553,416,438,0,1,1
8827,4.1378,0.5714,414,436,0,2,1
8828,4.2047,0.5399,414,434,0,2,1
8829,4.7905,0.4349,412,434,0,0,1
8830,3.4714,0.4369,410,432,0,2,1
8831,4.2498,0.7496,410,430,0,2,1
8832,4.1135,0.5182,410,430,0,0,1
8833,4.1951,0.5045,410,430,0,0,1
8834,4.1248,0.7084,409,430,0,0,1
8835,4.1887,0.449,409,429,0,1,1
8836,4.1784,0.527,409,429,0,0,1
8837,4.2051,0.498,409,429,0,0,1
8838,4.1273,0.4342,409,429,0,0,1
8839,4.1279,0.4214,407,429,0,0,1
8840,4.2836,0.5867,407,427,0,2,1
8841,4.0955,0.6523,406,427,0,0,1
8842,4.1946,0.8273,404,426,0,1,1
8843,4.1716,0.4848,404,424,0,2,1
8844,4.1847,0.5149,403,424,0,0,1
8845,4.1145,0.4602,403,423,0,1,1
8846,4.1263,0.4669,403,423,0,0,1
8847,4.2252,0.5007,403,423,0,0,1
8848,4.1885,0.5629,403,423,0,0,1
8849,4.2482,0.6557,403,423,0,0,1
8850,4.0485,0.6812,403,423,0,0,1
8851,4.1844,0.5632,403,423,0,0,1
8852,4.1463,0.4622,402,423,0,0,1
8853,4.1622,0.4429,402,422,0,1,1
8854,4.1873,0.6057,402,422,0,0,1
8855,4.1815,0.6299,398,422,0,0,1
8856,4.179,0.7585,397,418,0,4,1
8857,4.0908,0.4154,396,417,0,1,1
8858,4.2224,0.47,395,416,0,1,1
8859,4.1827,0.4673,395,415,0,1,1
8860,4.1369,0.4378,395,415,0,0,1
8861,4.3329,0.6473,395,415,0,0,1
8862,3.9753,0.4489,392,415,0,0,1
8863,4.2282,0.4827,390,412,0,3,1
8864,4.1372,0.4582,389,410,0,2,1
8865,4.1521,0.4601,388,409,0,1,1
8866,4.1749,0.4265,385,408,0,1,1
8867,4.197,0.6691,383,405,0,3,1
8868,4.1698,0.5759,383,403,0,2,1
8869,4.1344,0.4238,383,403,0,0,1
8870,4.1739,0.4573,383,403,0,0,1
8871,4.2253,0.4531,383,403,0,0,1
8872,4.0777,0.4495,381,403,0,0,1
8873,4.2443,0.422,381,401,0,2,1
8874,4.3243,0.6357,381,401,0,0,1
8875,3.9727,0.4681,373,401,0,0,1
8876,4.1498,0.517,373,393,0,8,1
8877,4.1294,0.3942,373,393,0,0,1
8878,4.1795,0.4321,370,393,0,0,1
8879,4.1907,0.4354,370,390,0,3,1
8880,4.2065,0.6491,370,390,0,0,1
8881,4.1187,0.5269,420,440,50,0,1
8882,4.218,0.5211,420,440,0,0,1
8883,4.1715,0.5401,420,440,0,0,1
8884,4.1728,0.5756,419,440,0,0,1
8885,4.1489,0.7882,416,439,0,1,1
8886,4.2357,0.6635,416,436,0,3,1
8887,4.0417,0.5608,416,436,0,0,1
8888,4.1857,0.5264,415,436,0,0,1
8889,4.2505,0.5936,415,435,0,1,1
8890,4.543,0.4709,415,435,0,0,1
8891,3.6907,0.5584,414,435,0,0,1
8892,4.2097,0.6832,414,434,0,1,1
8893,4.1325,0.4493,414,434,0,0,1
8894,4.1452,0.6246,414,434,0,0,1
8895,4.2373,0.5004,414,434,0,0,1
8896,4.1005,0.4582,414,434,0,0,1
8897,4.2263,0.5399,414,434,0,0,1
8898,4.1452,0.6308,414,434,0,0,1
8899,4.4102,0.6172,414,434,0,0,1
8900,3.949,0.4888,414,434,0,0,1
8901,4.1233,0.486,413,434,0,0,1
8902,4.1719,0.5533,412,433,0,1,1
8903,4.2311,0.6256,412,432,0,1,1
8904,4.1909,0.4632,412,432,0,0,1
8905,4.0504,0.4386,412,432,0,0,1
8906,4.2113,0.4904,412,432,0,0,1
8907,4.1651,0.5006,412,432,0,0,1
8908,4.2265,0.5031,412,432,0,0,1
8909,4.1365,0.6008,412,432,0,0,1
8910,4.0893,0.5306,411,432,0,0,1
8911,4.5303,0.6516,411,431,0,1,1
8912,3.839,0.4761,410,431,0,0,1
8913,4.1345,0.4386,410,430,0,1,1
8914,4.2302,0.491,409,430,0,0,1
8915,4.2116,0.5096,408,429,0,1,1
8916,4.1516,0.6437,408,428,0,1,1
8917,4.1142,0.4955,408,428,0,0,1
8918,4.2707,0.6673,408,428,0,0,1
8919,4.0811,0.4562,407,428,0,0,1
8920,4.1184,0.4828,407,427,0,1,1
8921,4.2031,0.5017,407,427,0,0,1
8922,4.1503,0.486,406,427,0,0,1
8923,4.2154,0.5898,405,426,0,1,1
8924,4.118,0.4457,403,425,0,1,1
8925,4.1583,0.4342,401,423,0,2,1
8926,4.4848,0.4842,399,421,0,2,1
8927,3.9949,0.5613,399,419,0,2,1
8928,4.0475,0.5877,397,419,0,0,1
8929,4.1197,0.4103,395,417,0,2,1
8930,4.1832,0.4269,395,415,0,2,1
8931,4.2275,0.4729,395,415,0,0,1
8932,4.4587,0.5626,392,415,0,0,1
8933,3.8943,0.4807,392,412,0,3,1
8934,4.11,0.4189,391,412,0,0,1
8935,4.4074,0.4354,391,411,0,1,1
8936,3.9946,0.4952,390,411,0,0,1
8937,4.2376,0.6097,389,410,0,1,1
8938,4.091,0.5076,388,409,0,1,1
8939,4.4002,0.7877,387,408,0,1,1
8940,4.4399,0.509,385,407,0,1,1
8941,3.571,0.6909,385,405,0,2,1
8942,4.1971,0.6536,385,405,0,0,1
8943,4.2687,0.663,377,405,0,0,1
8944,4.0402,0.4657,377,397,0,8,1
8945,4.2455,0.5195,376,397,0,0,1
8946,4.1257,0.4769,376,396,0,1,1
8947,4.496,0.4412,376,396,0,0,1
8948,3.8593,0.6828,426,446,50,0,1
8949,4.1025,0.498,425,446,0,0,1
8950,4.2061,0.7199,425,445,0,1,1
8951,4.183,0.5309,423,445,0,0,1
8952,4.2087,0.6039,420,443,0,2,1
8953,4.0717,0.4466,419,440,0,3,1
8954,4.2288,0.6907,418,439,0,1,1
8955,4.1654,0.7156,417,438,0,1,1
8956,4.1282,0.4998,417,437,0,1,1
8957,4.1531,0.6343,417,437,0,0,1
8958,4.172,0.4644,417,437,0,0,1
8959,4.2147,0.5139,416,437,0,0,1
8960,4.1086,0.5765,415,436,0,1,1
8961,4.1699,0.5082,415,435,0,1,1
8962,4.3642,0.7164,414,435,0,0,1
8963,4.0259,0.8073,413,434,0,1,1
8964,4.1853,0.5608,413,433,0,1,1
8965,4.1031,0.4359,412,433,0,0,1
8966,4.4667,0.4368,411,432,0,1,1
8967,3.926,0.446,410,431,0,1,1
8968,4.09,0.4309,409,430,0,1,1
8969,4.3612,0.5885,408,429,0,1,1
8970,3.9933,0.4177,408,428,0,1,1
8971,4.1645,0.4232,408,428,0,0,1
8972,4.1802,0.5881,408,428,0,0,1
8973,4.141,0.7305,407,428,0,0,1
8974,4.1856,0.4705,407,427,0,1,1
8975,4.1801,0.5822,407,427,0,0,1
8976,4.1844,0.6247,407,427,0,0,1
8977,4.1281,0.4598,405,427,0,0,1
8978,4.1456,0.6255,405,425,0,2,1
8979,4.2467,0.4631,405,425,0,0,1
8980,4.1738,0.4512,405,425,0,0,1
8981,4.2085,0.6681,405,425,0,0,1
8982,4.0612,0.4357,405,425,0,0,1
8983,4.1672,0.4338,404,425,0,0,1
8984,4.1872,0.4507,404,424,0,1,1
8985,4.1236,0.4994,404,424,0,0,1
8986,4.483,0.7082,404,424,0,0,1
8987,4.238,0.5959,404,424,0,0,1
8988,3.8482,0.6007,404,424,0,0,1
8989,4.1213,0.4207,403,424,0,0,1
8990,4.5492,0.4425,401,423,0,1,1
8991,3.8718,0.4995,401,421,0,2,1
8992,4.0649,0.5457,399,421,0,0,1
8993,4.2362,0.4827,398,419,0,2,1
8994,4.0986,0.4564,398,418,0,1,1
8995,4.1427,0.4984,398,418,0,0,1
8996,4.2153,0.5007,398,418,0,0,1
8997,4.1231,0.494,398,418,0,0,1
8998,4.2102,0.4946,397,418,0,0,1
8999,4.2054,0.7454,397,417,0,1,1
9000,4.2131,0.6828,396,417,0,0,1
9001,4.0794,0.455,396,416,0,1,1
9002,4.1575,0.4891,396,416,0,0,1
9003,4.2211,0.4903,395,416,0,0,1
9004,4.1826,0.5439,394,415,0,1,1
9005,4.0966,0.5475,394,414,0,1,1
9006,4.1653,0.4299,392,414,0,0,1
9007,4.2394,0.4729,392,412,0,2,1
9008,4.1168,0.4701,392,412,0,0,1
9009,4.1068,0.4268,392,412,0,0,1
9010,4.2382,0.4506,385,412,0,0,1
9011,4.2166,0.5846,385,405,0,7,1
9012,4.1873,0.7701,383,405,0,0,1
9013,4.1133,0.4451,382,403,0,2,1
9014,4.1955,0.485,380,402,0,1,1
9015,4.1535,0.5628,429,450,50,2,1
9016,4.0729,0.5068,428,449,0,1,1
9017,4.2665,0.5053,428,448,0,1,1
9018,4.1611,0.6917,427,448,0,0,1
9019,4.1396,0.592,426,447,0,1,1
9020,4.1679,0.5835,426,446,0,1,1
9021,4.1609,0.4846,426,446,0,0,1
9022,4.4253,0.5414,425,446,0,0,1
9023,3.8698,0.5718,425,445,0,1,1
9024,4.5656,0.714,423,445,0,0,1
9025,3.779,0.4522,422,443,0,2,1
9026,4.2203,0.5311,422,442,0,1,1
9027,4.1649,0.5167,421,442,0,0,1
9028,4.1954,0.5991,420,441,0,1,1
9029,4.1353,0.535,420,440,0,1,1
9030,4.1669,0.7297,419,440,0,0,1
9031,4.2077,0.6984,417,439,0,1,1
9032,4.189,0.6116,417,437,0,2,1
9033,4.0586,0.4941,417,437,0,0,1
9034,4.2204,0.5445,416,437,0,0,1
9035,4.1152,0.6323,416,436,0,1,1
9036,4.2321,0.5827,416,436,0,0,1
9037,4.0994,0.5632,415,436,0,0,1
9038,4.2184,0.531,415,435,0,1,1
9039,4.1721,0.5092,415,435,0,0,1
9040,4.103,0.4662,415,435,0,0,1
9041,4.1538,0.4245,415,435,0,0,1
9042,4.1933,0.5861,415,435,0,0,1
9043,4.2137,0.4148,414,435,0,0,1
9044,4.1843,0.5084,414,434,0,1,1
9045,4.0664,0.4317,414,434,0,0,1
9046,4.2593,0.5045,414,434,0,0,1
9047,4.1753,0.4976,412,434,0,0,1
9048,4.0953,0.6234,412,432,0,2,1
9049,4.1687,0.4853,412,432,0,0,1
9050,4.4344,0.6094,412,432,0,0,1
9051,3.9709,0.6523,412,432,0,0,1
9052,4.1308,0.4879,410,432,0,0,1
9053,4.1649,0.4959,409,430,0,2,1
9054,4.1376,0.4436,408,429,0,1,1
9055,4.1527,0.5213,406,428,0,1,1
9056,4.243,0.511,404,426,0,2,1
9057,4.169,0.6093,404,424,0,2,1
9058,4.1628,0.4992,403,424,0,0,1
9059,4.1801,0.4816,403,423,0,1,1
9060,4.1679,0.5316,403,423,0,0,1
9061,4.0661,0.4116,403,423,0,0,1
9062,4.1394,0.5471,403,423,0,0,1
9063,4.2698,0.4848,403,423,0,0,1
9064,4.1007,0.4662,402,423,0,0,1
9065,4.2372,0.4878,400,422,0,1,1
9066,4.144,0.4677,399,420,0,2,1
9067,4.2021,0.4363,397,419,0,1,1
9068,4.1151,0.5209,397,417,0,2,1
9069,4.291,0.6625,396,417,0,0,1
9070,4.0579,0.4534,395,416,0,1,1
9071,4.1907,0.4757,394,415,0,1,1
9072,4.136,0.5654,393,414,0,1,1
9073,4.1486,0.4152,393,413,0,1,1
9074,4.1636,0.6601,392,413,0,0,1
9075,4.349,0.6762,391,412,0,1,1
9076,4.0595,0.5253,391,411,0,1,1
9077,4.1218,0.4554,383,411,0,0,1
9078,4.1353,0.4079,382,403,0,8,1
9079,4.1968,0.4671,381,402,0,1,1
9080,4.1535,0.4763,381,401,0,1,1
9081,4.2268,0.6898,379,401,0,0,1
9082,4.1249,0.4343,379,399,0,2,1
9083,4.227,0.8652,428,449,50,0,1
9084,4.1367,0.5132,427,448,0,1,1
9085,4.1071,0.5525,426,447,0,1,1
9086,4.1581,0.6748,425,446,0,1,1
9087,4.2298,0.6062,422,445,0,1,1
9088,4.096,0.4991,422,442,0,3,1
9089,4.2024,0.6378,421,442,0,0,1
9090,4.1624,0.4652,420,441,0,1,1
9091,4.1683,0.4877,420,440,0,1,1
9092,4.156,0.4398,420,440,0,0,1
9093,4.1754,0.6525,418,440,0,0,1
9094,4.2494,0.7083,418,438,0,2,1
9095,4.0631,0.6672,418,438,0,0,1
9096,4.2433,0.5212,417,438,0,0,1
9097,4.1054,0.4505,414,437,0,1,1
9098,4.178,0.4649,414,434,0,3,1
9099,4.203,0.5261,414,434,0,0,1
9100,4.2202,0.7688,413,434,0,0,1
9101,4.1083,0.5951,413,433,0,1,1
9102,4.1186,0.4978,413,433,0,0,1
9103,4.2235,0.5391,413,433,0,0,1
9104,4.1183,0.5182,413,433,0,0,1
9105,4.1862,0.5189,412,433,0,0,1
9106,4.1542,0.4323,411,432,0,1,1
9107,4.4475,0.4586,411,431,0,1,1
9108,3.8758,0.4792,409,431,0,0,1
9109,4.1445,0.4252,408,429,0,2,1
9110,4.4964,0.6123,406,428,0,1,1
9111,3.9464,0.4789,405,426,0,2,1
9112,4.0401,0.5634,405,425,0,1,1
9113,4.2453,0.6774,405,425,0,0,1
9114,4.1301,0.4122,405,425,0,0,1
9115,4.1749,0.4739,405,425,0,0,1
9116,4.1714,0.5359,404,425,0,0,1
9117,4.0834,0.5054,403,424,0,1,1
9118,4.2372,0.4376,402,423,0,1,1
9119,4.1748,0.4751,402,422,0,1,1
9120,4.2168,0.5565,402,422,0,0,1
9121,4.0975,0.4787,401,422,0,0,1
9122,4.1861,0.4788,400,421,0,1,1
9123,4.1466,0.4956,400,420,0,1,1
9124,4.2647,0.6561,398,420,0,0,1
9125,4.132,0.6499,397,418,0,2,1
9126,4.3236,0.6445,396,417,0,1,1
9127,4.0201,0.5662,396,416,0,1,1
9128,4.1126,0.6803,396,416,0,0,1
9129,4.1399,0.5172,396,416,0,0,1
9130,4.2043,0.5641,395,416,0,0,1
9131,4.1856,0.4686,395,415,0,1,1
9132,4.3023,0.6825,393,415,0,0,1
9133,3.9976,0.438,392,413,0,2,1
9134,4.2166,0.482,391,412,0,1,1
9135,4.163,0.482,389,411,0,1,1
9136,4.1072,0.4757,388,409,0,2,1
9137,4.2352,0.4466,388,408,0,1,1
9138,4.144,0.4516,387,408,0,0,1
9139,4.1866,0.5041,387,407,0,1,1
9140,4.1309,0.4918,386,407,0,0,1
9141,4.0676,0.4109,386,406,0,1,1
9142,4.2345,0.4298,386,406,0,0,1
9143,4.2525,0.5837,385,406,0,0,1
9144,4.1681,0.7715,378,405,0,1,1
9145,4.0899,0.4513,378,398,0,7,1
9146,4.275,0.6167,378,398,0,0,1
9147,4.1152,0.5775,378,398,0,0,1
9148,4.4389,0.7534,378,398,0,0,1
9149,3.897,0.8121,376,398,0,0,1
9150,4.1122,0.5797,426,446,50,2,1
9151,4.3364,0.7178,426,446,0,0,1
9152,4.0285,0.4892,426,446,0,0,1
9153,4.2517,0.6457,426,446,0,0,1
9154,4.0751,0.5888,426,446,0,0,1
9155,4.4076,0.4261,426,446,0,0,1
9156,3.9386,0.648,425,446,0,0,1
9157,4.1337,0.4839,423,445,0,1,1
9158,4.1983,0.5645,422,443,0,2,1
9159,4.1841,0.5929,421,442,0,1,1
9160,4.1178,0.5791,421,441,0,1,1
9161,4.1938,0.4699,420,441,0,0,1
9162,4.146,0.5631,420,440,0,1,1
9163,4.247,0.7314,419,440,0,0,1
9164,4.1821,0.5667,417,439,0,1,1
9165,4.0412,0.4445,417,437,0,2,1
9166,4.2548,0.4824,417,437,0,0,1
9167,4.097,0.5123,417,437,0,0,1
9168,4.1674,0.6969,417,437,0,0,1
9169,4.1442,0.4306,414,437,0,0,1
9170,4.3589,0.5732,413,434,0,3,1
9171,4.0604,0.5654,413,433,0,1,1
9172,4.47,0.7696,409,433,0,0,1
9173,3.8348,0.5479,408,429,0,4,1
9174,4.1365,0.5665,407,428,0,1,1
9175,4.5156,0.9183,407,427,0,1,1
9176,3.789,0.5652,407,427,0,0,1
9177,4.1972,0.6893,406,427,0,0,1
9178,4.42,0.4786,405,426,0,1,1
9179,3.8941,0.4431,405,425,0,1,1
9180,4.2202,0.5873,403,425,0,0,1
9181,4.1108,0.4118,402,423,0,2,1
9182,4.2221,0.6753,402,422,0,1,1
9183,4.1603,0.7803,402,422,0,0,1
9184,4.1428,0.568,400,422,0,0,1
9185,4.1385,0.4668,399,420,0,2,1
9186,4.2191,0.4246,397,419,0,1,1
9187,4.1669,0.6868,396,417,0,2,1
9188,4.1629,0.4648,394,416,0,1,1
9189,4.1758,0.6602,394,414,0,2,1
9190,4.1431,0.4064,392,414,0,0,1
9191,4.177,0.5904,392,412,0,2,1
9192,4.1444,0.5758,392,412,0,0,1
9193,4.1783,0.4072,391,412,0,0,1
9194,4.3571,0.6787,389,411,0,1,1
9195,4.1391,0.7579,387,409,0,2,1
9196,4.0251,0.6683,387,407,0,2,1
9197,4.1466,0.4718,387,407,0,0,1
9198,4.1543,0.4157,387,407,0,0,1
9199,4.2353,0.4423,385,407,0,0,1
9200,4.1212,0.4744,384,405,0,2,1
9201,4.3033,0.6834,383,404,0,1,1
9202,4.0724,0.5175,383,403,0,1,1
9203,4.1968,0.4172,383,403,0,0,1
9204,4.1477,0.5583,383,403,0,0,1
9205,4.0993,0.4013,382,403,0,0,1
9206,4.2263,0.4194,382,402,0,1,1
9207,4.1414,0.7598,381,402,0,0,1
9208,4.121,0.4192,381,401,0,1,1
9209,4.2257,0.4545,380,401,0,0,1
9210,4.125,0.4213,380,400,0,1,1
9211,4.2138,0.4488,372,400,0,0,1
9212,4.117,0.4098,371,392,0,8,1
9213,4.2468,0.6345,371,391,0,1,1
9214,4.1377,0.6312,371,391,0,0,1
9215,4.5232,0.4414,371,391,0,0,1
9216,3.8658,0.5057,370,391,0,0,1
9217,4.0559,0.5357,419,440,50,1,1
9218,4.2305,0.7143,417,439,0,1,1
9219,4.1569,0.486,416,437,0,2,1
9220,4.2797,0.7167,415,436,0,1,1
9221,4.0676,0.5616,414,435,0,1,1
9222,4.2605,0.4297,413,434,0,1,1
9223,4.4189,0.4757,411,433,0,1,1
9224,3.7702,0.5395,411,431,0,2,1
9225,4.195,0.6133,411,431,0,0,1
9226,4.1907,0.6094,408,431,0,0,1
9227,4.1761,0.5844,408,428,0,3,1
9228,4.0948,0.4967,408,428,0,0,1
9229,4.1425,0.454,408,428,0,0,1
9230,4.2502,0.6183,406,428,0,0,1
9231,4.1922,0.652,406,426,0,2,1
9232,4.1774,0.7794,404,426,0,0,1
9233,4.1411,0.6364,404,424,0,2,1
9234,4.1565,0.6145,404,424,0,0,1
9235,4.0991,0.4355,404,424,0,0,1
9236,4.2005,0.4326,403,424,0,0,1
9237,4.1331,0.5888,402,423,0,1,1
9238,4.1879,0.4334,400,422,0,1,1
9239,4.1404,0.4209,400,420,0,2,1
9240,4.2353,0.6889,400,420,0,0,1
9241,4.1123,0.4201,400,420,0,0,1
9242,4.4444,0.6212,400,420,0,0,1
9243,4.1262,0.4655,400,420,0,0,1
9244,4.1423,0.809,398,420,0,0,1
9245,4.0321,0.6961,397,418,0,2,1
9246,4.4086,0.63,397,417,0,1,1
9247,3.9104,0.8464,396,417,0,0,1
9248,4.1028,0.557,396,416,0,1,1
9249,4.2215,0.5946,395,416,0,0,1
9250,4.3984,0.5319,393,415,0,1,1
9251,3.9518,0.5139,392,413,0,2,1
9252,4.1261,0.5873,392,412,0,1,1
9253,4.117,0.4788,392,412,0,0,1
9254,4.1664,0.4515,391,412,0,0,1
9255,4.2441,0.5675,389,411,0,1,1
9256,4.0825,0.7588,389,409,0,2,1
9257,4.2599,0.6556,389,409,0,0,1
9258,4.1608,0.6371,388,409,0,0,1
9259,4.1145,0.4858,388,408,0,1,1
9260,4.1662,0.4889,386,408,0,0,1
9261,4.1936,0.4402,385,406,0,2,1
9262,4.1498,0.462,385,405,0,1,1
9263,4.2513,0.6171,384,405,0,0,1
9264,4.1423,0.7583,381,404,0,1,1
9265,4.1366,0.4473,380,401,0,3,1
9266,4.1327,0.638,380,400,0,1,1
9267,4.199,0.4972,380,400,0,0,1
9268,4.1788,0.5067,378,400,0,0,1
9269,4.1739,0.5795,377,398,0,2,1
9270,4.2701,0.4153,376,397,0,1,1
9271,4.0237,0.4726,376,396,0,1,1
9272,4.1842,0.9678,375,396,0,0,1
9273,4.5357,0.6074,375,395,0,1,1
9274,4.0728,0.4574,374,395,0,0,1
9275,3.9666,0.6153,374,394,0,1,1
9276,4.1663,0.5354,374,394,0,0,1
9277,4.0632,0.4263,373,394,0,0,1
9278,4.5084,0.5264,373,393,0,1,1
9279,3.8639,0.5635,366,393,0,0,1
9280,4.1291,0.5674,364,386,0,7,1
9281,4.1684,0.7058,363,384,0,2,1
9282,4.1695,0.5107,362,383,0,1,1
9283,4.3174,0.7929,362,382,0,1,1
9284,4.0207,0.6869,412,432,50,0,1
9285,4.1442,0.4657,411,432,0,0,1
9286,4.4543,0.5037,411,431,0,1,1
9287,3.96,0.5127,411,431,0,0,1
9288,4.1374,0.5271,410,431,0,0,1
9289,4.1295,0.4379,408,430,0,1,1
9290,4.1445,0.6939,408,428,0,2,1
9291,4.2052,0.4353,408,428,0,0,1
9292,4.2166,0.6169,408,428,0,0,1
9293,4.1205,0.448,407,428,0,0,1
9294,4.1525,0.4483,406,427,0,1,1
9295,4.1391,0.4988,405,426,0,1,1
9296,4.2321,0.5147,405,425,0,1,1
9297,4.1298,0.7394,405,425,0,0,1
9298,4.2262,0.5699,405,425,0,0,1
9299,4.1533,0.5379,405,425,0,0,1
9300,4.3075,0.4784,405,425,0,0,1
9301,3.9938,0.6257,404,425,0,0,1
9302,4.1438,0.525,403,424,0,1,1
9303,4.227,0.5158,402,423,0,1,1
9304,4.0634,0.5879,401,422,0,1,1
9305,4.2218,0.4651,401,421,0,1,1
9306,4.2561,0.4552,401,421,0,0,1
9307,4.1403,0.6446,401,421,0,0,1
9308,4.1527,0.4534,401,421,0,0,1
9309,4.0917,0.6321,401,421,0,0,1
9310,4.1685,0.4231,401,421,0,0,1
9311,4.1833,0.4225,399,421,0,0,1
9312,4.4113,0.4576,399,419,0,2,1
9313,3.9228,0.4554,399,419,0,0,1
9314,4.2529,0.7112,397,419,0,0,1
9315,4.1495,0.4996,397,417,0,2,1
9316,4.095,0.6869,397,417,0,0,1
9317,4.1462,0.5026,396,417,0,0,1
9318,4.4459,0.538,396,416,0,1,1
9319,3.931,0.6338,394,416,0,0,1
9320,4.2048,0.7425,393,414,0,2,1
9321,4.3716,0.5972,391,413,0,1,1
9322,3.9588,0.5854,391,411,0,2,1
9323,4.1801,0.5621,391,411,0,0,1
9324,4.1788,0.5387,391,411,0,0,1
9325,4.0853,0.4957,390,411,0,0,1
9326,4.1127,0.7219,388,410,0,1,1
9327,4.3121,0.7701,387,408,0,2,1
9328,4.0388,0.4649,385,407,0,1,1
9329,4.2365,0.5387,383,405,0,2,1
9330,4.151,0.4864,383,403,0,2,1
9331,4.1732,0.5651,383,403,0,0,1
9332,4.2014,0.5385,383,403,0,0,1
9333,4.2276,0.6422,382,403,0,0,1
9334,4.1052,0.5853,382,402,0,1,1
9335,4.2317,0.6846,381,402,0,0,1
9336,4.0499,0.6303,381,401,0,1,1
9337,4.1749,0.5683,380,401,0,0,1
9338,4.1962,0.6551,380,400,0,1,1
9339,4.2956,0.4607,378,400,0,0,1
9340,3.9827,0.527,378,398,0,2,1
9341,4.1493,0.4707,378,398,0,0,1
9342,4.3346,0.4095,377,398,0,0,1
9343,4.079,0.6655,376,397,0,1,1
9344,4.1329,0.5203,375,396,0,1,1
9345,4.1526,0.7022,374,395,0,1,1
9346,4.2283,0.4714,366,394,0,1,1
9347,4.4188,0.4897,364,386,0,8,1
9348,3.8924,0.5979,363,384,0,2,1
9349,4.1185,0.3941,363,383,0,1,1
9350,4.1584,0.421,361,383,0,0,1
9351,4.2081,0.5655,410,431,50,2,1
9352,4.1299,0.6202,410,430,0,1,1
9353,4.2204,0.5587,409,430,0,0,1
9354,4.2019,0.647,409,429,0,1,1
9355,4.1683,0.5823,408,429,0,0,1
9356,4.1541,0.5287,408,428,0,1,1
9357,4.1184,0.7356,408,428,0,0,1
9358,4.2308,0.7293,407,428,0,0,1
9359,4.149,0.5741,407,427,0,1,1
9360,4.1448,0.7118,407,427,0,0,1
9361,4.1418,0.5403,407,427,0,0,1
9362,4.2164,0.4808,407,427,0,0,1
9363,4.1829,0.4629,407,427,0,0,1
9364,4.0971,0.4487,406,427,0,0,1
9365,4.1722,0.5247,406,426,0,1,1
9366,4.3674,0.4364,405,426,0,0,1
9367,4.0171,0.5026,405,425,0,1,1
9368,4.1128,0.5445,405,425,0,0,1
9369,4.1654,0.7422,404,425,0,0,1
9370,4.2059,0.6697,403,424,0,1,1
9371,4.2563,0.6721,403,423,0,1,1
9372,4.0949,0.7011,402,423,0,0,1
9373,4.1563,0.4112,400,422,0,1,1
9374,4.2284,0.5055,400,420,0,2,1
9375,4.1196,0.4458,400,420,0,0,1
9376,4.1098,0.6191,400,420,0,0,1
9377,4.2525,0.6549,400,420,0,0,1
9378,4.1504,0.4795,400,420,0,0,1
9379,4.1456,0.5104,400,420,0,0,1
9380,4.1211,0.4631,400,420,0,0,1
9381,4.1641,0.4582,400,420,0,0,1
9382,4.2059,0.4627,399,420,0,0,1
9383,4.2137,0.6737,399,419,0,1,1
9384,4.1578,1.131,399,419,0,0,1
9385,4.095,0.4713,399,419,0,0,1
9386,4.1724,0.6631,399,419,0,0,1
9387,4.2192,0.5529,398,419,0,0,1
9388,4.1577,0.4964,397,418,0,1,1
9389,4.1537,0.6937,397,417,0,1,1
9390,4.2058,0.4572,397,417,0,0,1
9391,4.4848,0.6005,394,417,0,0,1
9392,3.7643,0.5762,393,414,0,3,1
9393,4.1208,0.4885,391,413,0,1,1
9394,4.2727,0.5398,391,411,0,2,1
9395,4.1756,0.7234,390,411,0,0,1
9396,4.299,0.7936,389,410,0,1,1
9397,3.973,0.5035,387,409,0,1,1
9398,4.2159,0.6944,387,407,0,2,1
9399,4.1873,0.5761,386,407,0,0,1
9400,4.0774,0.6304,386,406,0,1,1
9401,4.2354,0.5008,385,406,0,0,1
9402,4.2877,0.8037,383,405,0,1,1
9403,4.0286,0.5256,383,403,0,2,1
9404,4.1572,0.5099,383,403,0,0,1
9405,4.1725,0.5478,382,403,0,0,1
9406,4.1439,0.5311,381,402,0,1,1
9407,4.1624,0.7716,381,401,0,1,1
9408,4.3637,0.5093,381,401,0,0,1
9409,3.9977,0.503,380,401,0,0,1
9410,4.6348,0.5917,380,400,0,1,1
9411,3.7492,0.5875,379,400,0,0,1
9412,4.1778,0.5823,379,399,0,1,1
9413,4.1057,0.6314,377,399,0,0,1
9414,4.3664,0.5174,369,397,0,2,1
9415,4.1217,0.6041,369,389,0,8,1
9416,3.982,0.5567,368,389,0,0,1
9417,4.146,0.6824,368,388,0,1,1
9418,4.2005,0.4397,367,388,0,0,1
9419,4.5714,0.6799,417,437,50,1,1
9420,3.9512,0.4978,415,437,0,0,1
9421,3.9829,0.6283,415,435,0,2,1
9422,4.1708,0.5084,414,435,0,0,1
9423,4.1856,0.5788,413,434,0,1,1
9424,4.0716,0.4661,412,433,0,1,1
9425,4.2826,0.4699,412,432,0,1,1
9426,4.1545,0.6286,412,432,0,0,1
9427,4.4797,0.6136,412,432,0,0,1
9428,3.8439,0.5808,412,432,0,0,1
9429,4.1234,0.4928,411,432,0,0,1
9430,4.2153,0.4785,411,431,0,1,1
9431,4.2097,0.5347,411,431,0,0,1
9432,4.141,0.5815,411,431,0,0,1
9433,4.0753,0.4194,410,431,0,0,1
9434,4.2547,0.6917,409,430,0,1,1
9435,4.2088,0.4964,408,429,0,1,1
9436,4.3865,0.466,408,428,0,1,1
9437,3.9059,0.5689,408,428,0,0,1
9438,4.3497,0.4655,408,428,0,0,1
9439,3.9859,0.7755,408,428,0,0,1
9440,4.172,0.5676,406,428,0,0,1
9441,4.1762,0.5948,406,426,0,2,1
9442,4.1632,0.5488,405,426,0,0,1
9443,4.0892,0.4636,404,425,0,1,1
9444,4.244,0.4663,404,424,0,1,1
9445,4.1014,0.4342,404,424,0,0,1
9446,4.1884,0.5993,404,424,0,0,1
9447,4.3406,0.5991,402,424,0,0,1
9448,4.0297,0.7216,401,422,0,2,1
9449,4.1594,0.4933,401,421,0,1,1
9450,4.1291,0.4187,401,421,0,0,1
9451,4.1481,0.4869,400,421,0,0,1
9452,4.1817,0.4451,400,420,0,1,1
9453,4.3091,0.7242,397,420,0,0,1
9454,4.0338,0.4835,397,417,0,3,1
9455,4.2814,0.7156,395,417,0,0,1
9456,4.1101,0.5584,395,415,0,2,1
9457,4.0737,0.4076,395,415,0,0,1
9458,4.2338,0.6629,395,415,0,0,1
9459,4.1932,0.4489,394,415,0,0,1
9460,4.0915,0.4363,393,414,0,1,1
9461,4.1994,0.4697,392,413,0,1,1
9462,4.1886,0.6317,392,412,0,1,1
9463,4.12,0.4288,392,412,0,0,1
9464,4.166,0.5037,392,412,0,0,1
9465,4.2341,0.5997,389,412,0,0,1
9466,4.1151,0.4629,389,409,0,3,1
9467,4.2145,0.5032,389,409,0,0,1
9468,4.4881,0.6044,388,409,0,0,1
9469,3.7871,0.4052,388,408,0,1,1
9470,4.2028,0.5838,388,408,0,0,1
9471,4.2007,0.4296,387,408,0,0,1
9472,4.3619,0.6356,386,407,0,1,1
9473,3.9338,0.4623,385,406,0,1,1
9474,4.1634,0.4172,385,405,0,1,1
9475,4.1605,0.4564,385,405,0,0,1
9476,4.322,0.4003,383,405,0,0,1
9477,3.9732,0.4107,383,403,0,2,1
9478,4.354,0.6431,382,403,0,0,1
9479,4.0503,0.7274,381,402,0,1,1
9480,4.1325,0.5244,373,401,0,1,1
9481,4.1284,0.3972,373,393,0,8,1
9482,4.2625,0.4152,373,393,0,0,1
9483,4.2607,0.4158,373,393,0,0,1
9484,4.0744,0.7206,373,393,0,0,1
9485,4.1552,0.4905,373,393,0,0,1
9486,4.3416,0.5536,420,443,50,0,1
9487,3.9667,0.5036,420,440,0,3,1
9488,4.124,0.4874,417,440,0,0,1
9489,4.2279,0.4335,417,437,0,3,1
9490,4.5401,0.6892,415,437,0,0,1
9491,3.7522,0.5238,415,435,0,2,1
9492,4.1645,0.6756,411,435,0,0,1
9493,4.1511,0.5235,411,431,0,4,1
9494,4.4761,0.7133,411,431,0,0,1
9495,3.9295,0.4962,411,431,0,0,1
9496,4.2876,0.7588,411,431,0,0,1
9497,4.0062,0.502,411,431,0,0,1
9498,4.1417,0.4369,410,431,0,0,1
9499,4.2087,0.5097,410,430,0,1,1
9500,4.2874,0.4609,410,430,0,0,1
9501,3.9936,0.5469,410,430,0,0,1
9502,4.2135,0.4261,410,430,0,0,1
9503,4.2749,0.7117,410,430,0,0,1
9504,4.0163,0.5465,409,430,0,0,1
9505,4.1541,0.4074,408,429,0,1,1
9506,4.2015,0.4572,407,428,0,1,1
9507,4.1737,0.4606,407,427,0,1,1
9508,4.1386,0.704,405,427,0,0,1
9509,4.2814,0.6777,404,425,0,2,1
9510,4.0312,0.493,404,424,0,1,1
9511,4.1888,0.606,404,424,0,0,1
9512,4.1528,0.5952,404,424,0,0,1
9513,4.2279,0.5678,404,424,0,0,1
9514,4.1356,0.6275,404,424,0,0,1
9515,4.4296,0.5303,404,424,0,0,1
9516,3.8953,0.6095,404,424,0,0,1
9517,4.1377,0.4399,404,424,0,0,1
9518,4.2004,0.4887,404,424,0,0,1
9519,4.1149,0.4568,404,424,0,0,1
9520,4.2611,0.5611,403,424,0,0,1
9521,4.1543,0.6043,402,423,0,1,1
9522,4.3923,0.6618,399,422,0,1,1
9523,3.9562,0.5102,399,419,0,3,1
9524,4.2331,0.4255,399,419,0,0,1
9525,4.0309,0.4209,399,419,0,0,1
9526,4.2218,0.4926,399,419,0,0,1
9527,4.1242,0.558,398,419,0,0,1
9528,4.2094,0.81,395,418,0,1,1
9529,4.1245,0.4246,395,415,0,3,1
9530,4.5245,0.5364,395,415,0,0,1
9531,3.8659,0.4758,394,415,0,0,1
9532,4.347,0.4178,394,414,0,1,1
9533,4.141,0.6576,393,414,0,0,1
9534,3.9642,0.4236,392,413,0,1,1
9535,4.1439,0.4761,390,412,0,1,1
9536,4.2082,0.4439,389,410,0,2,1
9537,4.174,0.5704,387,409,0,1,1
9538,4.1441,0.4366,387,407,0,2,1
9539,4.153,0.4301,387,407,0,0,1
9540,4.2441,0.6037,386,407,0,0,1
9541,4.0923,0.4114,386,406,0,1,1
9542,4.2043,0.4789,385,406,0,0,1
9543,4.1596,0.4952,384,405,0,1,1
9544,4.2128,0.4606,383,404,0,1,1
9545,4.1093,0.439,383,403,0,1,1
9546,4.2572,0.4081,381,403,0,0,1
9547,4.2318,0.6051,373,401,0,2,1
9548,3.9947,0.5147,372,393,0,8,1
9549,4.6443,0.4785,372,392,0,1,1
9550,4.0781,0.421,372,392,0,0,1
9551,3.8557,0.4619,372,392,0,0,1
9552,4.419,0.721,372,392,0,0,1
9553,4.5562,0.5989,422,442,50,0,1
9554,3.7985,0.6986,422,442,0,0,1
9555,3.8301,0.7429,422,442,0,0,1
9556,4.3024,0.4234,421,442,0,0,1
9557,4.3881,0.7496,421,441,0,1,1
9558,3.9631,0.4423,421,441,0,0,1
9559,4.2151,0.6894,421,441,0,0,1
9560,4.0769,0.4513,420,441,0,0,1
9561,4.4169,0.7723,419,440,0,1,1
9562,4.2723,0.5469,419,439,0,1,1
9563,3.7565,0.8117,419,439,0,0,1
9564,4.5257,0.6954,418,439,0,0,1
9565,3.7464,0.4308,418,438,0,1,1
9566,4.1919,0.6458,417,438,0,0,1
9567,4.1604,0.434,417,437,0,1,1
9568,4.3728,0.5897,417,437,0,0,1
9569,3.9079,0.4444,416,437,0,0,1
9570,4.2886,0.6466,415,436,0,1,1
9571,4.154,0.743,415,435,0,1,1
9572,4.0987,0.5152,413,435,0,0,1
9573,4.1942,0.4379,412,433,0,2,1
9574,4.173,0.4494,412,432,0,1,1
9575,4.6054,0.4734,411,432,0,0,1
9576,3.888,0.4683,410,431,0,1,1
9577,4.0169,0.4955,410,430,0,1,1
9578,4.2384,0.7358,410,430,0,0,1
9579,4.093,0.5487,410,430,0,0,1
9580,4.3466,0.6207,409,430,0,0,1
9581,3.9699,0.5295,409,429,0,1,1
9582,4.14,0.4397,408,429,0,0,1
9583,4.196,0.4377,408,428,0,1,1
9584,4.1441,0.5718,407,428,0,0,1
9585,4.1619,0.4212,407,427,0,1,1
9586,4.22,0.456,407,427,0,0,1
9587,5.4078,0.4322,405,427,0,0,1
9588,3.0542,0.6429,404,425,0,2,1
9589,4.0268,0.4172,403,424,0,1,1
9590,4.1418,0.4698,403,423,0,1,1
9591,4.1841,0.4448,403,423,0,0,1
9592,4.1911,0.4808,403,423,0,0,1
9593,4.1348,0.4843,403,423,0,0,1
9594,4.1662,0.4245,402,423,0,0,1
9595,4.1408,0.4709,401,422,0,1,1
9596,4.1732,0.5244,401,421,0,1,1
9597,4.1774,0.4633,401,421,0,0,1
9598,4.1347,0.6609,399,421,0,0,1
9599,4.1554,0.4733,398,419,0,2,1
9600,4.1102,0.4371,397,418,0,1,1
9601,4.2642,0.4858,394,417,0,1,1
9602,4.1285,0.7405,394,414,0,3,1
9603,4.1701,0.4995,394,414,0,0,1
9604,4.2508,0.5657,394,414,0,0,1
9605,4.1982,0.632,392,414,0,0,1
9606,4.0959,0.492,392,412,0,2,1
9607,4.1474,0.5079,392,412,0,0,1
9608,4.1749,0.6492,392,412,0,0,1
9609,4.1753,0.5145,392,412,0,0,1
9610,4.3466,0.6442,391,412,0,0,1
9611,4.0143,0.5798,390,411,0,1,1
9612,4.044,0.5639,387,410,0,1,1
9613,4.263,0.5146,386,407,0,3,1
9614,4.1063,0.4758,379,406,0,1,1
9615,4.2746,0.5645,378,399,0,7,1
9616,4.1929,0.73,378,398,0,1,1
9617,4.535,0.6074,377,398,0,0,1
9618,3.7689,0.7476,376,397,0,1,1
9619,4.1113,0.578,375,396,0,1,1
9620,4.1843,0.626,425,445,50,1,1
9621,4.1881,0.5788,425,445,0,0,1
9622,4.1642,0.7257,424,445,0,0,1
9623,4.15,0.5207,424,444,0,1,1
9624,4.128,0.4775,423,444,0,0,1
9625,4.1548,0.4266,422,443,0,1,1
9626,4.1679,0.612,422,442,0,1,1
9627,4.2562,0.4827,422,442,0,0,1
9628,4.1285,0.7347,422,442,0,0,1
9629,4.3481,0.721,421,442,0,0,1
9630,4.0094,0.547,420,441,0,1,1
9631,4.1564,0.5886,420,440,0,1,1
9632,4.1908,0.643,420,440,0,0,1
9633,4.1276,0.6725,420,440,0,0,1
9634,4.1705,0.6143,420,440,0,0,1
9635,4.1324,0.4737,420,440,0,0,1
9636,4.2657,0.5155,419,440,0,0,1
9637,4.0713,0.4403,419,439,0,1,1
9638,4.1948,0.4591,416,439,0,0,1
9639,4.1502,0.442,416,436,0,3,1
9640,4.3687,0.7612,415,436,0,0,1
9641,4.0243,0.5711,415,435,0,1,1
9642,4.1609,0.5707,414,435,0,0,1
9643,4.1443,0.5617,413,434,0,1,1
9644,4.1212,0.6016,412,433,0,1,1
9645,4.1953,0.5766,412,432,0,1,1
9646,4.1468,0.4442,412,432,0,0,1
9647,4.211,0.8144,412,432,0,0,1
9648,4.1194,0.5849,411,432,0,0,1
9649,4.1673,0.445,410,431,0,1,1
9650,4.1515,0.6023,410,430,0,1,1
9651,4.2795,0.4634,409,430,0,0,1
9652,4.161,0.4367,407,429,0,1,1
9653,4.142,0.672,406,427,0,2,1
9654,4.0988,0.7614,406,426,0,1,1
9655,4.5788,0.4936,405,426,0,0,1
9656,3.7531,0.4774,405,425,0,1,1
9657,4.4527,0.5037,404,425,0,0,1
9658,4.2316,0.4626,402,424,0,1,1
9659,3.8755,0.4924,402,422,0,2,1
9660,4.1093,0.8309,401,422,0,0,1
9661,4.1703,0.5264,400,421,0,1,1
9662,4.2405,0.5634,400,420,0,1,1
9663,4.1248,0.5666,400,420,0,0,1
9664,4.1189,0.7428,400,420,0,0,1
9665,4.2211,0.6394,398,420,0,0,1
9666,4.3135,0.8573,397,418,0,2,1
9667,4.0111,0.722,395,417,0,1,1
9668,4.1746,0.6749,393,415,0,2,1
9669,4.1738,0.5472,392,413,0,2,1
9670,4.1715,0.4661,392,412,0,1,1
9671,4.189,0.5445,392,412,0,0,1
9672,4.165,0.4164,392,412,0,0,1
9673,4.0997,0.427,390,412,0,0,1
9674,4.1875,0.5849,390,410,0,2,1
9675,4.2411,0.6589,389,410,0,0,1
9676,4.0703,0.4479,389,409,0,1,1
9677,4.4148,0.4158,389,409,0,0,1
9678,3.957,0.6539,388,409,0,0,1
9679,4.1878,0.4228,387,408,0,1,1
9680,4.1663,0.4477,387,407,0,1,1
9681,4.4299,0.6721,387,407,0,0,1
9682,3.8416,0.4943,380,407,0,0,1
9683,4.1566,0.5314,377,400,0,7,1
9684,4.3201,0.4392,377,397,0,3,1
9685,4.0437,0.4163,376,397,0,0,1
9686,4.2132,0.4738,375,396,0,1,1
9687,4.1248,0.7796,424,445,50,1,1
9688,4.1707,0.5073,424,444,0,1,1
9689,4.2548,0.8903,424,444,0,0,1
9690,4.0571,0.7014,423,444,0,0,1
9691,4.2115,0.9799,423,443,0,1,1
9692,4.264,0.5162,423,443,0,0,1
9693,4.0757,0.511,422,443,0,0,1
9694,4.1719,0.5155,419,442,0,1,1
9695,4.4123,0.5307,419,439,0,3,1
9696,3.9796,0.4282,418,439,0,0,1
9697,4.0592,0.4367,418,438,0,1,1
9698,4.3171,0.6797,418,438,0,0,1
9699,4.0619,1.0126,417,438,0,0,1
9700,4.184,0.5499,417,437,0,1,1
9701,4.158,0.5385,416,437,0,0,1
9702,4.1059,0.5135,416,436,0,1,1
9703,4.242,0.6874,414,436,0,0,1
9704,4.177,0.7207,414,434,0,2,1
9705,4.1128,0.5276,414,434,0,0,1
9706,4.1506,0.5538,412,434,0,0,1
9707,4.1438,0.4539,412,432,0,2,1
9708,4.2353,0.6107,412,432,0,0,1
9709,4.1202,0.4458,412,432,0,0,1
9710,4.2554,0.5704,411,432,0,0,1
9711,4.1052,0.4463,411,431,0,1,1
9712,4.1914,0.5409,409,431,0,0,1
9713,4.1653,0.5354,409,429,0,2,1
9714,4.1272,0.5108,409,429,0,0,1
9715,4.1664,0.6162,409,429,0,0,1
9716,4.1651,0.5138,408,429,0,0,1
9717,4.291,0.6384,405,428,0,1,1
9718,4.4106,0.5713,405,425,0,3,1
9719,3.8307,0.5167,405,425,0,0,1
9720,4.2508,0.5118,404,425,0,0,1
9721,4.037,0.4679,404,424,0,1,1
9722,4.2157,0.4424,404,424,0,0,1
9723,4.0875,0.442,402,424,0,0,1
9724,4.2933,0.6529,401,422,0,2,1
9725,4.0733,0.4261,401,421,0,1,1
9726,4.1674,0.429,400,421,0,0,1
9727,4.1804,0.4547,400,420,0,1,1
9728,4.1584,0.4262,397,420,0,0,1
9729,4.2192,0.6647,396,417,0,3,1
9730,4.1648,0.4885,395,416,0,1,1
9731,4.0849,0.4138,393,415,0,1,1
9732,4.2752,0.4766,393,413,0,2,1
9733,4.0829,0.45,392,413,0,0,1
9734,4.142,0.6617,391,412,0,1,1
9735,4.2516,0.4426,390,411,0,1,1
9736,4.2182,0.5641,390,410,0,1,1
9737,4.0939,0.51,390,410,0,0,1
9738,4.1866,0.6785,388,410,0,0,1
9739,4.139,0.5029,388,408,0,2,1
9740,4.1527,0.4955,387,408,0,0,1
9741,4.1824,0.8004,387,407,0,1,1
9742,4.2525,0.6531,386,407,0,0,1
9743,4.1026,0.5525,386,406,0,1,1
9744,4.2144,0.5718,385,406,0,0,1
9745,4.0674,0.5035,384,405,0,1,1
9746,4.1912,0.5479,384,404,0,1,1
9747,4.1175,0.5476,383,404,0,0,1
9748,4.2458,0.4899,382,403,0,1,1
9749,4.1267,0.5437,375,402,0,1,1
9750,4.1204,0.4357,374,395,0,7,1
9751,4.2716,0.5343,373,394,0,1,1
9752,4.0975,0.4873,373,393,0,1,1
9753,4.1277,0.5237,372,393,0,0,1
9754,4.2354,0.6929,370,392,0,1,1
9755,4.1404,0.6876,420,440,50,2,1
9756,4.2322,0.589,420,440,0,0,1
9757,4.1016,0.5194,420,440,0,0,1
9758,4.1974,0.4782,420,440,0,0,1
9759,4.2056,0.5275,420,440,0,0,1
9760,4.1006,0.4264,420,440,0,0,1
9761,4.2345,0.6703,419,440,0,0,1
9762,4.155,0.6271,419,439,0,1,1
9763,4.1269,0.5134,418,439,0,0,1
9764,4.141,0.5433,417,438,0,1,1
9765,4.2442,0.6631,417,437,0,1,1
9766,4.1528,0.5223,417,437,0,0,1
9767,4.4021,0.6202,416,437,0,0,1
9768,3.9097,0.5478,415,436,0,1,1
9769,4.1055,0.4491,414,435,0,1,1
9770,4.3211,0.6238,413,434,0,1,1
9771,4.1044,0.6587,412,433,0,1,1
9772,4.1087,0.4235,412,432,0,1,1
9773,4.267,0.7231,411,432,0,0,1
9774,4.0501,0.4243,410,431,0,1,1
9775,4.232,0.5074,410,430,0,1,1
9776,4.1128,0.4289,408,430,0,0,1
9777,4.1733,0.4603,407,428,0,2,1
9778,4.2069,0.4837,407,427,0,1,1
9779,4.107,0.4866,407,427,0,0,1
9780,4.2647,0.5537,407,427,0,0,1
9781,4.0753,0.5238,407,427,0,0,1
9782,4.2256,0.5612,406,427,0,0,1
9783,4.1826,0.5006,406,426,0,1,1
9784,4.1801,0.5663,405,426,0,0,1
9785,4.1387,0.6405,405,425,0,1,1
9786,4.1135,0.4538,405,425,0,0,1
9787,4.1177,0.4996,404,425,0,0,1
9788,4.2522,0.4278,404,424,0,1,1
9789,4.1087,0.4498,404,424,0,0,1
9790,4.2338,0.4503,404,424,0,0,1
9791,4.1905,0.7039,403,424,0,0,1
9792,4.2507,0.6967,403,423,0,1,1
9793,4.0382,0.4298,403,423,0,0,1
9794,4.2708,0.628,402,423,0,0,1
9795,4.1152,0.6992,401,422,0,1,1
9796,4.2053,0.5923,400,421,0,1,1
9797,4.1002,0.4738,400,420,0,1,1
9798,4.1016,0.4753,399,420,0,0,1
9799,4.1993,0.7375,398,419,0,1,1
9800,4.2023,0.7612,397,418,0,1,1
9801,4.1316,0.5175,397,417,0,1,1
9802,4.1683,0.5212,395,417,0,0,1
9803,4.1175,0.4866,392,415,0,2,1
9804,4.1853,0.7036,389,412,0,3,1
9805,4.1605,0.499,389,409,0,3,1
9806,4.1579,0.7001,388,409,0,0,1
9807,4.2072,0.4694,388,408,0,1,1
9808,4.2928,0.5288,388,408,0,0,1
9809,4.0875,0.4496,388,408,0,0,1
9810,4.1715,0.6487,387,408,0,0,1
9811,4.2395,0.6776,385,407,0,1,1
9812,4.2803,0.5537,385,405,0,2,1
9813,3.9846,0.5041,384,405,0,0,1
9814,4.119,0.4682,384,404,0,1,1
9815,4.1603,0.4359,384,404,0,0,1
9816,4.2048,0.6067,375,404,0,0,1
9817,4.0961,0.4295,375,395,0,9,1
9818,4.2418,0.4187,375,395,0,0,1
9819,4.1849,0.5185,374,395,0,0,1
9820,4.2512,0.5434,373,394,0,1,1
9821,3.9671,0.5217,373,393,0,1,1
9822,4.2025,0.5609,422,443,50,0,1
9823,4.1653,0.4641,421,442,0,1,1
9824,4.2511,0.6213,421,441,0,1,1
9825,4.1437,0.4767,419,441,0,0,1
9826,4.1894,0.5421,418,439,0,2,1
9827,4.0831,0.4564,418,438,0,1,1
9828,4.2283,0.5643,418,438,0,0,1
9829,4.091,0.4366,418,438,0,0,1
9830,4.2017,0.6733,416,438,0,0,1
9831,4.2124,0.5405,416,436,0,2,1
9832,4.2591,0.6581,416,436,0,0,1
9833,4.0179,0.4395,416,436,0,0,1
9834,4.1992,0.4583,415,436,0,0,1
9835,4.1786,0.6146,414,435,0,1,1
9836,4.1817,0.502,413,434,0,1,1
9837,4.1455,0.481,413,433,0,1,1
9838,4.1789,0.495,412,433,0,0,1
9839,4.418,0.4373,411,432,0,1,1
9840,3.951,0.4902,411,431,0,1,1
9841,4.0851,0.4269,410,431,0,0,1
9842,4.5492,0.6051,410,430,0,1,1
9843,3.8306,0.4833,410,430,0,0,1
9844,4.2215,0.5872,409,430,0,0,1
9845,4.1232,0.5506,409,429,0,1,1
9846,4.1053,0.4862,409,429,0,0,1
9847,4.1586,0.4928,409,429,0,0,1
9848,4.2411,0.5703,409,429,0,0,1
9849,4.2349,0.6371,409,429,0,0,1
9850,4.0796,0.5029,409,429,0,0,1
9851,4.1402,0.4474,408,429,0,0,1
9852,4.2109,0.4648,407,428,0,1,1
9853,4.1126,0.4239,406,427,0,1,1
9854,4.2228,0.4339,406,426,0,1,1
9855,4.1586,0.4512,405,426,0,0,1
9856,4.1539,0.568,405,425,0,1,1
9857,4.0776,0.4762,405,425,0,0,1
9858,4.2015,0.4263,405,425,0,0,1
9859,4.1761,0.4482,403,425,0,0,1
9860,4.1976,0.4621,402,423,0,2,1
9861,4.2321,0.6275,402,422,0,1,1
9862,4.1132,0.5294,402,422,0,0,1
9863,4.2454,0.6794,400,422,0,0,1
9864,4.0754,0.5117,400,420,0,2,1
9865,4.1636,0.5544,398,420,0,0,1
9866,4.3848,0.7967,398,418,0,2,1
9867,3.9932,0.514,397,418,0,0,1
9868,4.0963,0.492,395,417,0,1,1
9869,4.2874,0.5788,395,415,0,2,1
9870,4.0603,0.5258,395,415,0,0,1
9871,4.186,0.5016,395,415,0,0,1
9872,4.1493,0.4445,394,415,0,0,1
9873,4.143,0.4309,394,414,0,1,1
9874,4.2214,0.6381,393,414,0,0,1
9875,4.1062,0.6478,391,413,0,1,1
9876,4.2447,0.4848,390,411,0,2,1
9877,4.0915,0.412,389,410,0,1,1
9878,4.2572,0.4775,388,409,0,1,1
9879,4.1459,0.4729,387,408,0,1,1
9880,4.1727,0.6088,386,407,0,1,1
9881,4.1887,0.4765,386,406,0,1,1
9882,4.1732,0.486,386,406,0,0,1
9883,4.3845,0.6088,378,406,0,0,1
9884,3.8966,0.5203,378,398,0,8,1
9885,4.1419,0.6592,378,398,0,0,1
9886,4.6858,0.5332,377,398,0,0,1
9887,3.6828,0.5935,376,397,0,1,1
9888,4.1346,0.5519,375,396,0,1,1
9889,4.1715,0.5681,423,445,50,1,1
9890,4.4962,0.7136,423,443,0,2,1
9891,3.8808,0.5129,423,443,0,0,1
9892,4.204,0.6353,423,443,0,0,1
9893,4.1943,0.7152,423,443,0,0,1
9894,4.051,0.4319,423,443,0,0,1
9895,4.1903,0.4845,422,443,0,0,1
9896,4.172,0.4695,421,442,0,1,1
9897,4.2953,0.6994,420,441,0,1,1
9898,4.0474,0.498,419,440,0,1,1
9899,4.2788,0.517,419,439,0,1,1
9900,4.0652,0.62,418,439,0,0,1
9901,4.1257,0.4487,417,438,0,1,1
9902,4.1778,0.4931,417,437,0,1,1
9903,4.2281,0.5104,417,437,0,0,1
9904,4.0891,0.4186,417,437,0,0,1
9905,4.213,0.707,417,437,0,0,1
9906,4.2022,0.4913,417,437,0,0,1
9907,4.0889,0.4569,417,437,0,0,1
9908,4.1894,0.4462,416,437,0,0,1
9909,4.1686,0.4755,415,436,0,1,1
9910,4.1926,0.4904,415,435,0,1,1
9911,4.1223,0.4779,415,435,0,0,1
9912,4.2977,0.7285,413,435,0,0,1
9913,4.0213,0.5025,412,433,0,2,1
9914,4.4989,0.8796,412,432,0,1,1
9915,3.9195,0.5084,410,432,0,0,1
9916,4.0613,0.5025,410,430,0,2,1
9917,4.2385,0.607,410,430,0,0,1
9918,4.0798,0.4287,410,430,0,0,1
9919,4.2628,0.6231,407,430,0,0,1
9920,4.1565,0.4592,407,427,0,3,1
9921,4.1972,0.4615,407,427,0,0,1
9922,4.1685,0.4941,407,427,0,0,1
9923,4.0636,0.602,406,427,0,0,1
9924,4.2697,0.705,406,426,0,1,1
9925,4.0655,0.4159,405,426,0,0,1
9926,4.2703,0.4997,405,425,0,1,1
9927,4.1353,0.4869,404,425,0,0,1
9928,4.2098,0.5303,404,424,0,1,1
9929,4.239,0.622,404,424,0,0,1
9930,4.0715,0.6927,401,424,0,0,1
9931,4.1002,0.4912,401,421,0,3,1
9932,4.1814,0.4554,401,421,0,0,1
9933,4.1844,0.6413,401,421,0,0,1
9934,4.197,0.5092,398,421,0,0,1
9935,4.1542,0.7277,396,418,0,3,1
9936,4.203,0.6039,396,416,0,2,1
9937,4.0949,0.4737,396,416,0,0,1
9938,4.1335,0.6027,396,416,0,0,1
9939,4.2642,0.6118,396,416,0,0,1
9940,4.1732,0.7292,395,416,0,0,1
9941,4.0913,0.6341,395,415,0,1,1
9942,4.1197,0.4927,395,415,0,0,1
9943,4.4883,0.6589,395,415,0,0,1
9944,3.9132,0.5479,395,415,0,0,1
9945,4.2135,0.6098,393,415,0,0,1
9946,4.1172,0.522,393,413,0,2,1
9947,4.1355,0.4656,392,413,0,0,1
9948,4.185,0.5034,392,412,0,1,1
9949,4.1311,0.4248,392,412,0,0,1
9950,4.2523,0.5026,384,412,0,0,1
9951,4.1596,0.4776,383,404,0,8,1
9952,4.245,0.5633,383,403,0,1,1
9953,4.4543,0.4314,382,403,0,0,1
9954,3.8362,0.4792,381,402,0,1,1
9955,4.3216,0.6443,381,401,0,1,1
9956,3.9415,0.5496,431,451,50,0,1
9957,4.5965,0.6498,431,451,0,0,1
9958,4.11,0.5965,430,451,0,0,1
9959,4.1807,0.6941,430,450,0,1,1
9960,4.1609,0.7806,429,450,0,0,1
9961,3.8114,0.4468,429,449,0,1,1
9962,4.4078,0.7347,428,449,0,0,1
9963,3.9575,0.5049,426,448,0,1,1
9964,4.6281,0.5462,424,446,0,2,1
9965,3.9313,0.4832,421,444,0,2,1
9966,3.9044,0.4655,420,441,0,3,1
9967,4.4348,0.4504,420,440,0,1,1
9968,3.8656,0.4732,419,440,0,0,1
9969,4.5969,0.5633,419,439,0,1,1
9970,4.2554,0.5206,418,439,0,0,1
9971,3.6401,0.4331,417,438,0,1,1
9972,4.3775,0.4914,417,437,0,1,1
9973,3.9657,0.4643,417,437,0,0,1
9974,4.4645,0.9267,417,437,0,0,1
9975,3.8588,0.7748,417,437,0,0,1
9976,4.2018,0.8209,417,437,0,0,1
9977,4.3707,0.6211,415,437,0,0,1
9978,3.9063,0.4428,414,435,0,2,1
9979,4.3896,0.4445,413,434,0,1,1
9980,3.9356,0.4583,412,433,0,1,1
9981,4.4647,0.6603,410,432,0,1,1
9982,3.9518,0.4383,409,430,0,2,1
9983,4.1309,0.6335,407,429,0,1,1
9984,4.4563,0.4749,406,427,0,2,1
9985,3.8515,0.4409,406,426,0,1,1
9986,4.2151,0.7351,405,426,0,0,1
9987,4.1085,0.4785,402,425,0,1,1
9988,4.4236,0.7204,402,422,0,3,1
9989,3.8818,0.858,401,422,0,0,1
9990,4.2449,0.5047,401,421,0,1,1
9991,4.4653,0.5949,399,421,0,0,1
9992,4.0115,0.503,399,419,0,2,1
9993,4.0605,0.733,399,419,0,0,1
9994,4.3783,0.5877,399,419,0,0,1
9995,3.8884,0.4159,399,419,0,0,1
9996,4.6817,0.4523,398,419,0,0,1
9997,3.6399,0.3879,398,418,0,1,1
9998,4.472,0.3658,398,418,0,0,1
9999,3.8408,0.4415,397,418,0,0,1
10000,4.4627,0.588,397,417,0,1,1
10001,4.0034,0.554,396,417,0,0,1
10002,4.1006,0.5802,395,416,0,1,1
10003,4.0964,0.5162,395,415,0,1,1
10004,4.1316,0.3382,394,415,0,0,1
10005,4.28,0.5017,394,414,0,1,1
10006,4.1515,0.5338,394,414,0,0,1
10007,4.2713,0.4846,392,414,0,0,1
10008,4.008,0.3892,392,412,0,2,1
10009,4.1495,0.3795,392,412,0,0,1
10010,4.2149,0.5502,392,412,0,0,1
10011,4.2825,0.4403,391,412,0,0,1
10012,4.1468,0.6489,391,411,0,1,1
10013,4.0515,0.6492,391,411,0,0,1
10014,4.1416,0.4134,390,411,0,0,1
10015,4.2867,0.7906,390,410,0,1,1
10016,4.0692,0.4891,390,410,0,0,1
10017,4.1411,0.5289,390,410,0,0,1
10018,4.2469,0.4672,382,410,0,0,1
10019,4.0938,0.4844,381,402,0,8,1
10020,4.2438,0.8116,378,401,0,1,1
10021,4.1255,0.4809,378,398,0,3,1
10022,4.4955,0.6662,378,398,0,0,1
10023,3.841,0.658,428,448,50,0,1
10024,4.1605,0.747,428,448,0,0,1
10025,4.2343,0.6987,428,448,0,0,1
10026,4.216,0.603,428,448,0,0,1
10027,4.4808,0.7722,427,448,0,0,1
10028,3.7678,0.4361,427,447,0,1,1
10029,4.185,0.4548,427,447,0,0,1
10030,4.221,0.4434,427,447,0,0,1
10031,4.1518,0.7471,427,447,0,0,1
10032,4.1027,0.5729,426,447,0,0,1
10033,4.1439,0.4897,424,446,0,1,1
10034,4.3833,0.5464,423,444,0,2,1
10035,4.0578,0.4916,423,443,0,1,1
10036,4.1009,0.4534,421,443,0,0,1
10037,4.1862,0.6745,420,441,0,2,1
10038,4.1225,0.4407,420,440,0,1,1
10039,4.2307,0.4998,420,440,0,0,1
10040,4.1595,0.6409,419,440,0,0,1
10041,4.1664,0.7217,416,439,0,1,1
10042,4.1335,0.6259,415,436,0,3,1
10043,4.157,0.478,413,435,0,1,1
10044,4.294,0.6948,413,433,0,2,1
10045,4.0418,0.5565,412,433,0,0,1
10046,4.2334,0.55,411,432,0,1,1
10047,4.1463,0.6173,410,431,0,1,1
10048,4.078,0.4814,410,430,0,1,1
10049,4.2514,0.435,409,430,0,0,1
10050,4.2258,0.7767,407,429,0,1,1
10051,4.1403,0.5147,406,427,0,2,1
10052,4.1093,0.4623,406,426,0,1,1
10053,4.1286,0.4253,406,426,0,0,1
10054,4.2615,0.4548,405,426,0,0,1
10055,4.1609,0.6318,405,425,0,1,1
10056,4.1816,0.4336,405,425,0,0,1
10057,4.0705,0.4388,404,425,0,0,1
10058,4.4503,0.6713,403,424,0,1,1
10059,3.9777,0.4929,401,423,0,1,1
10060,4.1428,0.4484,400,421,0,2,1
10061,4.1531,0.6001,400,420,0,1,1
10062,4.1043,0.4168,398,420,0,0,1
10063,4.245,0.4924,397,418,0,2,1
10064,4.1065,0.436,397,417,0,1,1
10065,4.1988,0.4561,395,417,0,0,1
10066,4.1565,0.5083,393,415,0,2,1
10067,4.0992,0.5175,393,413,0,2,1
10068,4.2611,0.6939,392,413,0,0,1
10069,4.098,0.4223,392,412,0,1,1
10070,4.1602,0.4621,391,412,0,0,1
10071,4.2479,0.4911,391,411,0,1,1
10072,4.171,0.5631,390,411,0,0,1
10073,4.1719,0.6615,390,410,0,1,1
10074,4.1314,0.7218,389,410,0,0,1
10075,4.2869,0.7687,389,409,0,1,1
10076,4.033,0.4775,389,409,0,0,1
10077,4.1494,0.5295,388,409,0,0,1
10078,4.1829,0.4744,387,408,0,1,1
10079,4.1582,0.483,387,407,0,1,1
10080,4.2232,0.65,386,407,0,0,1
10081,4.1039,0.4912,386,406,0,1,1
10082,4.2263,0.6857,386,406,0,0,1
10083,4.1761,0.4861,384,406,0,0,1
10084,4.09,0.4998,383,404,0,2,1
10085,4.2365,0.504,376,403,0,1,1
10086,4.0932,0.6391,375,396,0,7,1
10087,4.2798,0.7118,373,395,0,1,1
10088,4.0961,0.432,371,393,0,2,1
10089,4.1699,0.5353,370,391,0,2,1
10090,4.1667,0.4074,370,390,0,1,1
10091,4.1033,0.6042,419,440,50,0,1
10092,4.2667,0.474,419,439,0,1,1
10093,4.0779,0.5412,418,439,0,0,1
10094,4.3253,0.7023,417,438,0,1,1
10095,4.0635,0.5523,417,437,0,1,1
10096,4.1651,0.5292,416,437,0,0,1
10097,4.1055,0.4929,413,436,0,1,1
10098,4.2172,0.4449,412,433,0,3,1
10099,4.2086,0.6094,410,432,0,1,1
10100,4.1304,0.4242,409,430,0,2,1
10101,4.2541,0.5024,408,429,0,1,1
10102,4.0907,0.5176,408,428,0,1,1
10103,4.1987,0.5501,407,428,0,0,1
10104,4.164,0.4863,407,427,0,1,1
10105,4.1146,0.9681,407,427,0,0,1
10106,4.2729,0.8366,406,427,0,0,1
10107,4.1846,0.787,406,426,0,1,1
10108,4.0984,0.7569,404,426,0,0,1
10109,4.2326,0.6341,404,424,0,2,1
10110,4.0319,0.4877,403,424,0,0,1
10111,4.1398,0.5847,401,423,0,1,1
10112,4.2473,0.6771,399,421,0,2,1
10113,4.1565,0.8238,399,419,0,2,1
10114,4.1727,0.473,399,419,0,0,1
10115,4.1117,0.4592,397,419,0,0,1
10116,4.6171,0.4569,397,417,0,2,1
10117,3.7096,0.4183,397,417,0,0,1
10118,4.3314,0.8209,397,417,0,0,1
10119,4.0563,0.4481,397,417,0,0,1
10120,4.2203,0.4752,397,417,0,0,1
10121,4.1672,0.4788,396,417,0,0,1
10122,4.138,0.5868,396,416,0,1,1
10123,4.135,0.4816,396,416,0,0,1
10124,4.1433,0.4026,396,416,0,0,1
10125,4.2491,0.6826,394,416,0,0,1
10126,4.1481,0.4958,394,414,0,2,1
10127,4.092,0.4353,394,414,0,0,1
10128,4.2019,0.5119,393,414,0,0,1
10129,4.1426,0.4275,392,413,0,1,1
10130,4.191,0.5973,392,412,0,1,1
10131,4.232,0.4753,389,412,0,0,1
10132,4.1225,0.7295,389,409,0,3,1
10133,4.1373,0.4627,389,409,0,0,1
10134,4.1085,0.4729,388,409,0,0,1
10135,4.3417,0.7656,385,408,0,1,1
10136,4.0325,0.6975,381,405,0,3,1
10137,4.3651,0.465,381,401,0,4,1
10138,4.2409,0.7504,381,401,0,0,1
10139,3.9585,0.5303,381,401,0,0,1
10140,4.1721,0.5189,381,401,0,0,1
10141,4.1611,0.4076,379,401,0,0,1
10142,4.0785,0.4769,378,399,0,2,1
10143,4.2635,0.4523,376,398,0,1,1
10144,4.1705,0.9268,374,396,0,2,1
10145,4.0978,0.4929,374,394,0,2,1
10146,4.522,0.5415,374,394,0,0,1
10147,3.8298,0.4653,374,394,0,0,1
10148,4.1816,0.417,373,394,0,0,1
10149,4.1456,0.4127,373,393,0,1,1
10150,4.1469,0.407,373,393,0,0,1
10151,4.5403,0.5489,373,393,0,0,1
10152,3.8523,0.4891,373,393,0,0,1
10153,4.1188,0.3961,365,393,0,0,1
10154,4.202,0.522,365,385,0,8,1
10155,4.1616,0.4499,365,385,0,0,1
10156,4.1664,0.419,364,385,0,0,1
10157,4.1744,0.4109,364,384,0,1,1
10158,4.1208,0.6146,413,434,50,0,1
10159,4.2347,0.5231,412,433,0,1,1
10160,4.1236,0.5386,411,432,0,1,1
10161,4.2239,0.4309,411,431,0,1,1
10162,4.1131,0.5772,410,431,0,0,1
10163,4.2086,0.7637,409,430,0,1,1
10164,4.1107,0.4935,409,429,0,1,1
10165,4.1613,0.4976,409,429,0,0,1
10166,4.182,0.5394,409,429,0,0,1
10167,4.1993,0.4955,408,429,0,0,1
10168,4.3931,0.5257,408,428,0,1,1
10169,3.9815,0.4337,407,428,0,0,1
10170,4.0878,0.457,407,427,0,1,1
10171,4.1576,0.7556,406,427,0,0,1
10172,4.199,0.4336,406,426,0,1,1
10173,4.1542,0.4754,406,426,0,0,1
10174,4.1946,0.4513,406,426,0,0,1
10175,4.1936,0.8152,405,426,0,0,1
10176,4.2668,0.7018,404,425,0,1,1
10177,3.983,0.4236,404,424,0,1,1
10178,4.2098,0.4619,402,424,0,0,1
10179,4.1834,0.6208,402,422,0,2,1
10180,4.1011,0.4459,402,422,0,0,1
10181,4.1474,0.5748,402,422,0,0,1
10182,4.1798,0.688,400,422,0,0,1
10183,4.2381,0.824,399,420,0,2,1
10184,4.1013,0.4731,399,419,0,1,1
10185,4.2362,0.5585,399,419,0,0,1
10186,4.1409,0.5564,399,419,0,0,1
10187,4.1318,0.4652,398,419,0,0,1
10188,4.2554,0.7542,398,418,0,1,1
10189,4.0898,0.4284,397,418,0,0,1
10190,4.1929,0.5684,396,417,0,1,1
10191,4.2291,0.5243,393,416,0,1,1
10192,4.0834,0.4688,392,413,0,3,1
10193,4.2009,0.4314,392,412,0,1,1
10194,4.1473,0.4321,392,412,0,0,1
10195,4.2874,0.6564,392,412,0,0,1
10196,4.0491,0.4161,391,412,0,0,1
10197,4.2028,0.4852,390,411,0,1,1
10198,4.1958,0.4698,389,410,0,1,1
10199,4.1379,0.465,389,409,0,1,1
10200,4.1284,0.5603,389,409,0,0,1
10201,4.1228,0.417,388,409,0,0,1
10202,4.2994,0.4783,388,408,0,1,1
10203,4.0484,0.6027,386,408,0,0,1
10204,4.2502,0.4824,384,406,0,2,1
10205,4.3964,0.4118,383,404,0,2,1
10206,3.9116,0.6179,383,403,0,1,1
10207,4.2132,0.7059,383,403,0,0,1
10208,4.111,0.4087,383,403,0,0,1
10209,4.1971,0.4715,382,403,0,0,1
10210,4.1788,0.4895,381,402,0,1,1
10211,4.1428,0.4645,380,401,0,1,1
10212,4.165,0.5736,379,400,0,1,1
10213,4.1281,0.4205,379,399,0,1,1
10214,4.2719,0.5097,376,399,0,0,1
10215,4.0455,0.4334,376,396,0,3,1
10216,4.1509,0.4256,376,396,0,0,1
10217,4.1873,0.4627,376,396,0,0,1
10218,4.1788,0.4483,376,396,0,0,1
10219,4.2145,0.6397,368,396,0,0,1
10220,4.0971,0.524,368,388,0,8,1
10221,4.2534,0.5866,367,388,0,0,1
10222,4.099,0.5527,367,387,0,1,1
10223,4.2529,0.6141,367,387,0,0,1
10224,4.1287,0.5222,366,387,0,0,1
10225,4.1015,0.6488,415,436,50,1,1
10226,4.1916,0.6252,413,435,0,1,1
10227,4.1569,0.51,413,433,0,2,1
10228,4.1891,0.5991,413,433,0,0,1
10229,4.1929,0.5022,411,433,0,0,1
10230,4.1051,0.455,410,431,0,2,1
10231,4.1822,0.4437,408,430,0,1,1
10232,4.1929,0.4604,407,428,0,2,1
10233,4.1889,0.4791,407,427,0,1,1
10234,4.1698,0.4859,407,427,0,0,1
10235,4.1697,0.4844,407,427,0,0,1
10236,4.1476,0.4591,407,427,0,0,1
10237,4.1281,0.4296,406,427,0,0,1
10238,4.214,0.6671,406,426,0,1,1
10239,4.1687,0.4636,406,426,0,0,1
10240,4.1889,0.508,406,426,0,0,1
10241,4.0592,0.5225,406,426,0,0,1
10242,4.2159,0.4903,405,426,0,0,1
10243,4.1136,0.52,405,425,0,1,1
10244,4.2104,0.5193,405,425,0,0,1
10245,4.2677,0.6835,404,425,0,0,1
10246,4.107,0.5366,404,424,0,1,1
10247,4.4123,0.4725,403,424,0,0,1
10248,3.8898,0.4832,402,423,0,1,1
10249,4.1507,0.4564,402,422,0,1,1
10250,4.3955,0.6892,401,422,0,0,1
10251,4.0149,0.477,401,421,0,1,1
10252,4.5022,0.5891,401,421,0,0,1
10253,4.2681,0.5153,400,421,0,0,1
10254,3.6732,0.4306,399,420,0,1,1
10255,4.2048,0.6626,399,419,0,1,1
10256,4.1648,0.4673,399,419,0,0,1
10257,4.121,0.4378,399,419,0,0,1
10258,4.1904,0.4837,399,419,0,0,1
10259,4.1241,0.4348,399,419,0,0,1
10260,4.2001,0.4919,398,419,0,0,1
10261,4.1542,0.4234,397,418,0,1,1
10262,4.1808,0.4436,396,417,0,1,1
10263,4.1872,0.4159,395,416,0,1,1
10264,4.261,0.6976,395,415,0,1,1
10265,4.0317,0.4126,394,415,0,0,1
10266,4.2507,0.5076,394,414,0,1,1
10267,4.1384,0.4676,393,414,0,0,1
10268,4.0879,0.4175,391,413,0,1,1
10269,4.2549,0.632,391,411,0,2,1
10270,4.1755,0.7212,389,411,0,0,1
10271,4.1504,0.4832,388,409,0,2,1
10272,4.1654,0.5091,386,408,0,1,1
10273,4.1115,0.4102,386,406,0,2,1
10274,4.213,0.4317,386,406,0,0,1
10275,4.1679,0.4362,384,406,0,0,1
10276,4.1031,0.4075,383,404,0,2,1
10277,4.2328,0.4724,382,403,0,1,1
10278,4.0753,0.4038,382,402,0,1,1
10279,4.2832,0.5241,382,402,0,0,1
10280,4.1289,0.4903,381,402,0,0,1
10281,4.2018,0.5321,381,401,0,1,1
10282,4.1846,0.6177,380,401,0,0,1
10283,4.09,0.6638,380,400,0,1,1
10284,4.1809,0.4705,380,400,0,0,1
10285,4.1164,0.4045,380,400,0,0,1
10286,4.437,0.574,372,400,0,0,1
10287,3.9287,0.439,371,392,0,8,1
10288,4.2416,0.6103,370,391,0,1,1
10289,4.1978,0.6628,368,390,0,1,1
10290,4.0654,0.4642,368,388,0,2,1
10291,4.2195,0.523,368,388,0,0,1
10292,4.1076,0.5601,417,438,50,0,1
10293,4.1637,0.4848,416,437,0,1,1
10294,4.1294,0.7863,416,436,0,1,1
10295,4.4999,0.6669,415,436,0,0,1
10296,3.9127,0.8245,414,435,0,1,1
10297,4.1006,0.4304,413,434,0,1,1
10298,4.2865,0.489,411,433,0,1,1
10299,4.1197,0.4911,411,431,0,2,1
10300,4.0865,0.4358,410,431,0,0,1
10301,4.1625,0.6153,409,430,0,1,1
10302,4.206,0.472,409,429,0,1,1
10303,4.1893,0.4707,408,429,0,0,1
10304,4.1751,0.4933,408,428,0,1,1
10305,4.1573,0.5139,407,428,0,0,1
10306,4.2214,0.6947,407,427,0,1,1
10307,4.1616,0.6388,406,427,0,0,1
10308,4.1718,0.7297,405,426,0,1,1
10309,4.0878,0.4573,404,425,0,1,1
10310,4.2596,0.4997,404,424,0,1,1
10311,4.1386,0.4837,404,424,0,0,1
10312,4.1755,0.4618,404,424,0,0,1
10313,4.1464,0.4509,404,424,0,0,1
10314,4.248,0.7568,404,424,0,0,1
10315,4.0277,0.4838,404,424,0,0,1
10316,4.1869,0.4418,404,424,0,0,1
10317,4.1403,0.4248,402,424,0,0,1
10318,4.2171,0.4725,401,422,0,2,1
10319,4.3281,0.4454,401,421,0,1,1
10320,3.9607,0.5462,401,421,0,0,1
10321,4.1751,0.4305,401,421,0,0,1
10322,4.4217,0.5695,400,421,0,0,1
10323,3.9961,0.5346,400,420,0,1,1
10324,4.1156,0.7201,400,420,0,0,1
10325,4.1914,0.4833,400,420,0,0,1
10326,4.1637,0.7514,400,420,0,0,1
10327,4.2702,0.6363,400,420,0,0,1
10328,4.0313,0.4848,400,420,0,0,1
10329,4.1793,0.7439,399,420,0,0,1
10330,4.174,0.5144,399,419,0,1,1
10331,4.4097,0.6703,399,419,0,0,1
10332,3.8651,0.4306,399,419,0,0,1
10333,4.1857,0.4369,397,419,0,0,1
10334,4.2254,0.5044,397,417,0,2,1
10335,4.1292,0.5516,396,417,0,0,1
10336,4.7481,0.4739,395,416,0,1,1
10337,3.6177,0.4559,395,415,0,1,1
10338,4.1339,0.7081,394,415,0,0,1
10339,4.165,1.0431,393,414,0,1,1
10340,4.1642,0.4334,390,413,0,1,1
10341,4.2465,0.4852,390,410,0,3,1
10342,4.1359,0.4745,390,410,0,0,1
10343,4.0925,0.6572,388,410,0,0,1
10344,4.3653,0.4323,386,408,0,2,1
10345,3.9593,0.4277,386,406,0,2,1
10346,4.3127,0.7053,386,406,0,0,1
10347,4.0508,0.4367,385,406,0,0,1
10348,4.1992,0.491,385,405,0,1,1
10349,4.1497,0.4711,380,405,0,0,1
10350,4.1344,0.4506,378,400,0,5,1
10351,4.2894,0.6543,376,398,0,2,1
10352,4.0294,0.4426,376,396,0,2,1
10353,4.4972,0.6423,376,396,0,0,1
10354,3.9374,0.607,369,396,0,0,1
10355,4.2051,0.5397,368,389,0,7,1
10356,4.1018,0.4425,368,388,0,1,1
10357,4.0999,0.5793,368,388,0,0,1
10358,4.2947,0.6342,368,388,0,0,1
10359,4.1012,0.5607,418,438,50,0,1
10360,4.1801,0.6123,418,438,0,0,1
10361,4.0684,0.5204,417,438,0,0,1
10362,4.2173,0.4732,417,437,0,1,1
10363,4.3976,0.4847,416,437,0,0,1
10364,3.9158,0.4343,415,436,0,1,1
10365,4.2389,0.7159,414,435,0,1,1
10366,4.3031,0.6596,413,434,0,1,1
10367,4.0437,0.6106,413,433,0,1,1
10368,4.4926,0.4844,413,433,0,0,1
10369,3.7768,0.4819,412,433,0,0,1
10370,4.4176,0.8241,412,432,0,1,1
10371,3.9693,0.5475,412,432,0,0,1
10372,4.141,0.5066,412,432,0,0,1
10373,4.1188,0.4473,412,432,0,0,1
10374,4.1872,0.4513,412,432,0,0,1
10375,4.171,0.467,410,432,0,0,1
10376,4.294,0.7605,410,430,0,2,1
10377,4.1149,0.6721,409,430,0,0,1
10378,4.2226,0.422,408,429,0,1,1
10379,4.2372,0.4635,406,428,0,1,1
10380,3.9847,0.6038,406,426,0,2,1
10381,4.1622,0.5564,405,426,0,0,1
10382,4.1146,0.4194,404,425,0,1,1
10383,4.1907,0.4401,404,424,0,1,1
10384,4.1772,0.4252,404,424,0,0,1
10385,4.1811,0.4774,404,424,0,0,1
10386,4.1801,0.468,404,424,0,0,1
10387,4.1431,0.4895,404,424,0,0,1
10388,4.2272,0.5682,404,424,0,0,1
10389,4.1599,0.7475,401,424,0,0,1
10390,4.1286,0.5261,399,421,0,3,1
10391,4.2083,0.6131,399,419,0,2,1
10392,4.0893,0.4913,399,419,0,0,1
10393,4.2018,0.4944,399,419,0,0,1
10394,4.1257,0.7094,399,419,0,0,1
10395,4.2503,0.5224,396,419,0,0,1
10396,4.1317,0.4308,396,416,0,3,1
10397,4.1562,0.4946,396,416,0,0,1
10398,4.1673,0.4468,396,416,0,0,1
10399,4.1582,0.4425,396,416,0,0,1
10400,4.2104,0.4374,395,416,0,0,1
10401,4.1416,0.4404,394,415,0,1,1
10402,4.2898,0.6441,394,414,0,1,1
10403,4.3138,0.6205,394,414,0,0,1
10404,3.8762,0.4411,392,414,0,0,1
10405,4.1783,0.4321,392,412,0,2,1
10406,4.1266,0.4159,391,412,0,0,1
10407,4.2194,0.4484,391,411,0,1,1
10408,4.1317,0.5968,391,411,0,0,1
10409,4.1744,0.4704,391,411,0,0,1
10410,4.199,0.425,391,411,0,0,1
10411,4.1438,0.4322,391,411,0,0,1
10412,4.1633,0.428,391,411,0,0,1
10413,4.1679,0.4326,391,411,0,0,1
10414,4.1665,0.4457,390,411,0,0,1
10415,4.3205,0.6624,389,410,0,1,1
10416,4.0783,0.4701,387,409,0,1,1
10417,4.1154,0.4225,386,407,0,2,1
10418,4.1326,0.4463,386,406,0,1,1
10419,4.1986,0.4276,385,406,0,0,1
10420,4.1309,0.4251,384,405,0,1,1
10421,4.3114,0.6775,376,404,0,1,1
10422,4.0866,0.5967,375,396,0,8,1
10423,4.1112,0.4309,375,395,0,1,1
10424,4.2753,0.404,375,395,0,0,1
10425,4.0923,0.4463,375,395,0,0,1
10426,4.1605,0.528,375,395,0,0,1
10427,4.3026,0.8755,425,445,50,0,1
10428,4.0448,0.5439,425,445,0,0,1
10429,4.1335,0.5099,423,445,0,0,1
10430,4.1992,0.4834,423,443,0,2,1
10431,4.2033,0.5068,423,443,0,0,1
10432,4.0672,0.4684,422,443,0,0,1
10433,4.1954,0.7136,421,442,0,1,1
10434,4.1399,0.4554,420,441,0,1,1
10435,4.3117,0.5919,420,440,0,1,1
10436,4.0367,0.4591,420,440,0,0,1
10437,4.2224,0.5728,420,440,0,0,1
10438,4.4038,0.5103,420,440,0,0,1
10439,3.9291,0.6413,420,440,0,0,1
10440,4.1822,0.4769,420,440,0,0,1
10441,4.0954,0.4264,420,440,0,0,1
10442,4.2196,0.5007,419,440,0,0,1
10443,4.1655,0.5393,419,439,0,1,1
10444,4.1401,0.4879,419,439,0,0,1
10445,4.1,0.4832,417,439,0,0,1
10446,4.2866,0.6686,417,437,0,2,1
10447,4.1396,0.499,417,437,0,0,1
10448,4.203,0.4668,417,437,0,0,1
10449,4.1631,0.5286,415,437,0,0,1
10450,4.1712,0.6149,415,435,0,2,1
10451,4.1689,0.7284,415,435,0,0,1
10452,4.1543,0.5032,415,435,0,0,1
10453,4.1179,0.4349,414,435,0,0,1
10454,4.2074,0.7854,414,434,0,1,1
10455,4.1332,0.4796,413,434,0,0,1
10456,4.2383,0.5134,412,433,0,1,1
10457,4.1403,0.4507,412,432,0,1,1
10458,4.1244,0.4205,412,432,0,0,1
10459,4.3077,0.6755,412,432,0,0,1
10460,4.0597,0.4501,411,432,0,0,1
10461,4.1607,0.4882,410,431,0,1,1
10462,4.1844,0.4622,409,430,0,1,1
10463,4.2282,0.683,409,429,0,1,1
10464,4.1318,0.4385,407,429,0,0,1
10465,4.0973,0.4389,405,427,0,2,1
10466,4.2609,0.5504,405,425,0,2,1
10467,4.0735,0.4738,405,425,0,0,1
10468,4.2043,0.4599,403,425,0,0,1
10469,4.7822,0.527,401,423,0,2,1
10470,3.5433,0.7436,399,421,0,2,1
10471,4.0972,0.7241,398,419,0,2,1
10472,4.2403,0.5068,397,418,0,1,1
10473,4.1835,0.7374,397,417,0,1,1
10474,4.1828,0.5516,397,417,0,0,1
10475,4.1246,0.6004,396,417,0,0,1
10476,4.2585,0.5323,395,416,0,1,1
10477,4.0394,0.558,395,415,0,1,1
10478,4.2115,0.5006,394,415,0,0,1
10479,4.1556,0.474,393,414,0,1,1
10480,4.2051,0.5559,393,413,0,1,1
10481,4.2459,0.5375,392,413,0,0,1
10482,4.0241,0.6783,392,412,0,1,1
10483,4.2227,0.4532,390,412,0,0,1
10484,4.1561,0.4217,389,410,0,2,1
10485,4.154,0.4313,389,409,0,1,1
10486,4.1925,0.4833,388,409,0,0,1
10487,4.1616,0.5005,388,408,0,1,1
10488,4.2183,0.4336,379,408,0,0,1
10489,4.0346,0.4254,379,399,0,9,1
10490,4.2934,0.8997,379,399,0,0,1
10491,4.1344,0.4477,379,399,0,0,1
10492,4.5996,0.6737,378,399,0,0,1
10493,4.0207,0.5459,377,398,0,1,1
10494,3.8102,0.5633,427,447,50,1,1
10495,4.1891,0.6545,426,447,0,0,1
10496,4.1785,0.4906,426,446,0,1,1
10497,4.195,0.4845,426,446,0,0,1
10498,4.1687,0.5455,426,446,0,0,1
10499,4.1666,0.5295,424,446,0,0,1
10500,4.2382,0.5467,424,444,0,2,1
10501,4.0419,0.5649,424,444,0,0,1
10502,4.3214,0.505,423,444,0,0,1
10503,4.0663,0.4863,421,443,0,1,1
10504,4.2128,0.6439,421,441,0,2,1
10505,4.0792,0.5027,421,441,0,0,1
10506,4.2523,0.5357,417,441,0,0,1
10507,4.1032,0.4931,417,437,0,4,1
10508,4.1844,0.464,417,437,0,0,1
10509,4.2181,0.6605,416,437,0,0,1
10510,4.0972,0.4911,415,436,0,1,1
10511,4.1719,0.7141,414,435,0,1,1
10512,4.1687,0.5391,414,434,0,1,1
10513,4.1296,0.4963,414,434,0,0,1
10514,4.2141,0.7087,412,434,0,0,1
10515,4.1863,0.5184,411,432,0,2,1
10516,4.1549,0.5139,410,431,0,1,1
10517,4.1616,0.5057,409,430,0,1,1
10518,4.1777,0.5511,409,429,0,1,1
10519,4.1574,0.4885,409,429,0,0,1
10520,4.1402,0.4371,408,429,0,0,1
10521,4.1402,0.4212,407,428,0,1,1
10522,4.2398,0.6075,405,427,0,1,1
10523,4.1244,0.5086,405,425,0,2,1
10524,4.1886,0.5089,404,425,0,0,1
10525,4.0797,0.4065,404,424,0,1,1
10526,4.2423,0.4452,404,424,0,0,1
10527,4.1937,0.4288,404,424,0,0,1
10528,4.1674,0.4311,404,424,0,0,1
10529,4.2137,0.5231,404,424,0,0,1
10530,4.4478,1.0384,402,424,0,0,1
10531,3.8121,0.5601,402,422,0,2,1
10532,4.1522,0.588,401,422,0,0,1
10533,4.3443,0.4752,400,421,0,1,1
10534,4.012,0.7086,399,420,0,1,1
10535,4.1648,0.5915,399,419,0,1,1
10536,4.1853,0.591,399,419,0,0,1
10537,4.1054,0.4938,399,419,0,0,1
10538,4.4297,0.7981,399,419,0,0,1
10539,3.9734,0.497,399,419,0,0,1
10540,4.2139,0.4223,399,419,0,0,1
10541,4.2443,0.7007,398,419,0,0,1
10542,4.0144,0.4914,397,418,0,1,1
10543,4.1383,0.5033,394,417,0,1,1
10544,4.1836,0.4187,394,414,0,3,1
10545,4.1316,0.4415,394,414,0,0,1
10546,4.2278,0.4394,393,414,0,0,1
10547,4.2594,0.6729,392,413,0,1,1
10548,4.094,0.4771,391,412,0,1,1
10549,4.0703,0.403,390,411,0,1,1
10550,4.2376,0.4743,390,410,0,1,1
10551,4.3549,0.5198,390,410,0,0,1
10552,3.9426,0.4092,390,410,0,0,1
10553,4.2251,0.7277,388,410,0,0,1
10554,4.1557,0.4929,387,408,0,2,1
10555,4.1797,0.4793,379,407,0,1,1
10556,4.1103,0.408,379,399,0,8,1
10557,4.1358,0.5697,379,399,0,0,1
10558,4.3011,0.6272,376,399,0,0,1
10559,4.1038,0.4582,375,396,0,3,1
10560,4.2924,0.6425,374,395,0,1,1
10561,3.97,0.5319,424,444,50,1,1
10562,4.1916,0.5023,423,444,0,0,1
10563,4.2029,0.7712,421,443,0,1,1
10564,4.2125,0.4411,420,441,0,2,1
10565,4.0966,0.7883,420,440,0,1,1
10566,4.1502,0.4829,420,440,0,0,1
10567,4.188,0.5697,419,440,0,0,1
10568,4.1658,0.5221,419,439,0,1,1
10569,4.2545,0.675,419,439,0,0,1
10570,4.3788,0.4447,419,439,0,0,1
10571,3.8642,0.706,419,439,0,0,1
10572,4.1892,0.6995,419,439,0,0,1
10573,4.1309,0.434,419,439,0,0,1
10574,4.221,0.492,418,439,0,0,1
10575,4.4718,0.5526,418,438,0,1,1
10576,3.8579,0.5522,417,438,0,0,1
10577,4.1498,0.4879,417,437,0,1,1
10578,4.1827,0.811,417,437,0,0,1
10579,4.084,0.5527,417,437,0,0,1
10580,4.38,0.4588,416,437,0,0,1
10581,4.069,0.5018,416,436,0,1,1
10582,4.1278,0.4783,416,436,0,0,1
10583,4.2002,0.4535,416,436,0,0,1
10584,4.0848,0.4204,416,436,0,0,1
10585,4.1592,0.4337,416,436,0,0,1
10586,4.2893,0.4959,415,436,0,0,1
10587,4.0691,0.4595,415,435,0,1,1
10588,4.2104,0.4908,415,435,0,0,1
10589,4.3746,0.4723,415,435,0,0,1
10590,3.9125,0.7399,415,435,0,0,1
10591,4.4156,0.6531,413,435,0,0,1
10592,3.9063,0.6455,413,433,0,2,1
10593,4.2133,0.5029,412,433,0,0,1
10594,4.1797,0.6473,411,432,0,1,1
10595,4.1709,0.7555,410,431,0,1,1
10596,4.1538,0.4408,410,430,0,1,1
10597,4.1186,0.4461,410,430,0,0,1
10598,4.1771,0.4741,410,430,0,0,1
10599,4.268,0.4379,410,430,0,0,1
10600,4.1244,0.4702,410,430,0,0,1
10601,4.1421,0.4648,410,430,0,0,1
10602,4.173,0.8617,408,430,0,0,1
10603,4.1542,0.4921,406,428,0,2,1
10604,4.1465,0.5446,405,426,0,2,1
10605,4.3165,0.6984,401,425,0,1,1
10606,4.0487,0.573,401,421,0,4,1
10607,4.2428,0.7144,400,421,0,0,1
10608,4.0775,0.5121,399,420,0,1,1
10609,4.1807,0.6213,397,419,0,1,1
10610,4.4251,0.6011,395,417,0,2,1
10611,3.8609,0.4877,395,415,0,2,1
10612,4.1891,0.4755,394,415,0,0,1
10613,4.1048,0.4683,394,414,0,1,1
10614,4.204,0.4283,391,414,0,0,1
10615,4.1331,0.4405,391,411,0,3,1
10616,4.2919,0.4638,391,411,0,0,1
10617,4.0829,0.7616,391,411,0,0,1
10618,4.2239,0.4777,390,411,0,0,1
10619,4.1542,0.5157,388,410,0,1,1
10620,4.122,0.5046,388,408,0,2,1
10621,4.1353,0.5577,388,408,0,0,1
10622,4.3281,0.6776,378,408,0,0,1
10623,4.1707,0.4652,378,398,0,10,1
10624,4.0897,0.5679,376,398,0,0,1
10625,4.1722,0.4736,376,396,0,2,1
10626,4.18,0.4225,376,396,0,0,1
10627,4.1432,0.561,376,396,0,0,1
10628,4.1609,0.5452,425,446,50,0,1
10629,4.2571,0.686,425,445,0,1,1
10630,4.3052,0.583,425,445,0,0,1
10631,4.0088,0.6333,424,445,0,0,1
10632,4.1102,0.6441,423,444,0,1,1
10633,4.0906,0.577,423,443,0,1,1
10634,4.2116,0.6181,423,443,0,0,1
10635,4.2362,0.6522,422,443,0,0,1
10636,4.1332,0.5001,421,442,0,1,1
10637,4.0879,0.4567,421,441,0,1,1
10638,4.3178,0.6733,420,441,0,0,1
10639,4.0824,0.4602,419,440,0,1,1
10640,4.1268,0.4841,418,439,0,1,1
10641,4.2864,0.6778,417,438,0,1,1
10642,4.0989,0.6264,415,437,0,1,1
10643,4.1883,0.567,415,435,0,2,1
10644,4.1485,0.7492,415,435,0,0,1
10645,4.0738,0.4582,415,435,0,0,1
10646,4.3983,0.4504,415,435,0,0,1
10647,4.1466,0.4517,415,435,0,0,1
10648,4.1774,0.6569,415,435,0,0,1
10649,4.032,0.5368,415,435,0,0,1
10650,4.1823,0.4836,415,435,0,0,1
10651,4.1195,0.4725,412,435,0,0,1
10652,4.3539,0.4579,412,432,0,3,1
10653,3.9955,0.4166,412,432,0,0,1
10654,4.3039,0.7001,411,432,0,0,1
10655,4.0539,0.5048,411,431,0,1,1
10656,4.0552,0.4465,411,431,0,0,1
10657,4.2091,0.4698,411,431,0,0,1
10658,4.1924,0.6118,409,431,0,0,1
10659,4.2094,0.7446,407,429,0,2,1
10660,4.1317,0.7447,407,427,0,2,1
10661,4.1881,0.573,406,427,0,0,1
10662,4.1837,0.6106,406,426,0,1,1
10663,4.0684,0.4401,405,426,0,0,1
10664,4.1856,0.4696,405,425,0,1,1
10665,4.3779,0.6459,403,425,0,0,1
10666,4.0095,0.6894,403,423,0,2,1
10667,4.1412,0.4477,403,423,0,0,1
10668,4.1332,0.4804,400,423,0,0,1
10669,4.1769,0.4299,399,420,0,3,1
10670,4.1884,0.4636,398,419,0,1,1
10671,4.2256,0.6941,397,418,0,1,1
10672,4.1736,0.6303,396,417,0,1,1
10673,4.2091,0.6679,395,416,0,1,1
10674,4.1124,0.4957,394,415,0,1,1
10675,4.157,0.4921,394,414,0,1,1
10676,4.1789,0.414,393,414,0,0,1
10677,4.1225,0.6673,392,413,0,1,1
10678,4.2214,0.645,392,412,0,1,1
10679,4.392,0.6024,391,412,0,0,1
10680,3.9395,0.4658,391,411,0,1,1
10681,4.0562,0.4082,391,411,0,0,1
10682,4.2036,0.4105,390,411,0,0,1
10683,4.2889,0.458,389,410,0,1,1
10684,4.1566,0.4022,387,409,0,1,1
10685,4.1103,0.6712,386,407,0,2,1
10686,4.1822,0.4869,386,406,0,1,1
10687,4.1444,0.476,383,406,0,0,1
10688,4.0905,0.4585,380,403,0,3,1
10689,4.294,0.4519,380,400,0,3,1
10690,4.1844,0.6466,373,400,0,0,1
10691,4.2586,0.6961,373,393,0,7,1
10692,3.9669,0.5997,372,393,0,0,1
10693,4.1326,0.4089,372,392,0,1,1
10694,4.2469,0.4946,372,392,0,0,1
10695,4.257,0.6723,422,442,50,0,1
10696,4.0596,0.6653,422,442,0,0,1
10697,4.105,0.4914,420,442,0,0,1
10698,4.4002,0.6342,418,440,0,2,1
10699,4.046,0.6092,418,438,0,2,1
10700,4.2222,0.4935,417,438,0,0,1
10701,4.1127,0.5383,417,437,0,1,1
10702,4.1327,0.5245,416,437,0,0,1
10703,4.1943,0.4936,415,436,0,1,1
10704,4.17,0.7028,414,435,0,1,1
10705,4.075,0.4733,414,434,0,1,1
10706,4.2247,0.4878,414,434,0,0,1
10707,4.1595,0.668,414,434,0,0,1
10708,4.0795,0.4409,414,434,0,0,1
10709,4.2303,0.5127,414,434,0,0,1
10710,4.1731,0.7996,414,434,0,0,1
10711,4.1592,0.4888,414,434,0,0,1
10712,4.1898,0.4481,413,434,0,0,1
10713,4.1139,0.4299,412,433,0,1,1
10714,4.1793,0.4447,412,432,0,1,1
10715,4.1931,0.8296,412,432,0,0,1
10716,4.2409,0.7644,412,432,0,0,1
10717,4.07,0.4779,412,432,0,0,1
10718,4.2132,0.5645,411,432,0,0,1
10719,4.2389,0.5402,411,431,0,1,1
10720,4.0656,0.5059,411,431,0,0,1
10721,4.1989,0.4832,411,431,0,0,1
10722,4.1835,0.6349,409,431,0,0,1
10723,4.1853,0.71,408,429,0,2,1
10724,4.0796,0.4276,408,428,0,1,1
10725,4.2242,0.491,408,428,0,0,1
10726,4.1559,0.4758,405,428,0,0,1
10727,4.18,0.4947,405,425,0,3,1
10728,4.1338,0.5181,405,425,0,0,1
10729,4.192,0.6407,404,425,0,0,1
10730,4.2377,0.7955,403,424,0,1,1
10731,4.1256,0.5224,402,423,0,1,1
10732,4.1209,0.4679,402,422,0,1,1
10733,4.1888,0.4476,402,422,0,0,1
10734,4.0894,0.411,402,422,0,0,1
10735,4.2059,0.433,401,422,0,0,1
10736,4.1363,0.5242,400,421,0,1,1
10737,4.536,0.6815,400,420,0,1,1
10738,3.9243,0.4391,400,420,0,0,1
10739,4.1211,0.5431,398,420,0,0,1
10740,4.3182,0.6626,397,418,0,2,1
10741,3.978,0.4653,397,417,0,1,1
10742,4.1696,0.7195,397,417,0,0,1
10743,4.1567,0.4758,395,417,0,0,1
10744,4.4182,0.5488,393,415,0,2,1
10745,4.2077,0.4769,392,413,0,2,1
10746,3.8574,0.4674,389,412,0,1,1
10747,4.3064,0.4799,389,409,0,3,1
10748,4.0114,0.4685,388,409,0,0,1
10749,4.1861,0.4721,387,408,0,1,1
10750,4.6423,0.4843,385,407,0,1,1
10751,3.6919,0.6344,384,405,0,2,1
10752,4.3698,0.7484,384,404,0,1,1
10753,3.9911,0.7203,382,404,0,0,1
10754,4.2524,0.8231,382,402,0,2,1
10755,4.098,0.4883,381,402,0,0,1
10756,4.5332,0.7061,380,401,0,1,1
10757,4.1644,0.7235,373,400,0,1,1
10758,4.1156,0.4269,373,393,0,7,1
10759,4.1167,0.655,370,393,0,0,1
10760,3.8035,0.5368,370,390,0,3,1
10761,4.5668,0.5627,370,390,0,0,1
10762,3.8575,0.6162,370,390,0,0,1
10763,4.46,0.7392,420,440,50,0,1
10764,4.1233,0.4464,420,440,0,0,1
10765,3.86,0.5382,419,440,0,0,1
10766,4.1343,0.6636,418,439,0,1,1
10767,4.3639,0.6594,417,438,0,1,1
10768,4.2206,0.6551,416,437,0,1,1
10769,4.1806,0.6409,416,436,0,1,1
10770,4.1912,0.6624,416,436,0,0,1
10771,4.1151,0.6169,416,436,0,0,1
10772,3.9845,0.46,415,436,0,0,1
10773,4.381,0.6443,413,435,0,1,1
10774,4.1023,0.6357,412,433,0,2,1
10775,4.4225,0.8266,412,432,0,1,1
10776,4.1695,0.4478,412,432,0,0,1
10777,3.7869,0.4746,412,432,0,0,1
10778,4.4326,0.6668,412,432,0,0,1
10779,3.9136,0.4323,411,432,0,0,1
10780,4.2151,0.7001,411,431,0,1,1
10781,4.1424,0.4848,410,431,0,0,1
10782,4.1048,0.4339,410,430,0,1,1
10783,4.483,0.666,409,430,0,0,1
10784,3.8475,0.4935,408,429,0,1,1
10785,4.196,0.6994,408,428,0,1,1
10786,4.31,0.8179,407,428,0,0,1
10787,4.0581,0.5884,407,427,0,1,1
10788,4.1381,0.5354,407,427,0,0,1
10789,4.1327,0.5137,405,427,0,0,1
10790,4.2235,0.54,403,425,0,2,1
10791,4.2402,0.5552,402,423,0,2,1
10792,4.0755,0.427,402,422,0,1,1
10793,4.1618,0.4912,402,422,0,0,1
10794,4.259,0.6084,401,422,0,0,1
10795,4.0059,0.5012,401,421,0,1,1
10796,4.2407,0.4239,401,421,0,0,1
10797,4.1912,0.6232,401,421,0,0,1
10798,4.1484,0.7653,401,421,0,0,1
10799,4.203,0.5031,401,421,0,0,1
10800,4.1099,0.5271,401,421,0,0,1
10801,4.1053,0.464,401,421,0,0,1
10802,4.2749,0.4628,401,421,0,0,1
10803,4.1751,0.4635,401,421,0,0,1
10804,4.1356,0.4141,400,421,0,0,1
10805,4.1408,0.4171,398,420,0,1,1
10806,4.2116,0.6993,398,418,0,2,1
10807,4.1517,0.4972,398,418,0,0,1
10808,4.1206,0.4575,398,418,0,0,1
10809,4.2161,0.4408,398,418,0,0,1
10810,4.1815,0.6462,396,418,0,0,1
10811,4.1274,0.7375,396,416,0,2,1
10812,4.3193,0.6435,396,416,0,0,1
10813,4.0121,0.4059,396,416,0,0,1
10814,4.133,0.4515,395,416,0,0,1
10815,4.2621,0.4638,395,415,0,1,1
10816,4.1228,0.4285,395,415,0,0,1
10817,4.1869,0.6478,394,415,0,0,1
10818,4.3761,0.6203,394,414,0,1,1
10819,3.9024,0.4689,394,414,0,0,1
10820,4.1752,0.4523,393,414,0,0,1
10821,4.2351,0.5527,393,413,0,1,1
10822,4.1302,0.4788,391,413,0,0,1
10823,4.2081,0.8588,391,411,0,2,1
10824,4.0502,0.4206,384,411,0,0,1
10825,4.1677,0.4147,383,404,0,7,1
10826,4.2714,0.5264,379,403,0,1,1
10827,4.1024,0.4626,379,399,0,4,1
10828,4.4115,0.4743,378,399,0,0,1
10829,3.9448,0.4085,378,398,0,1,1
10830,4.2886,0.8812,428,448,50,0,1
10831,4.0621,0.6243,428,448,0,0,1
10832,4.1176,0.5872,428,448,0,0,1
10833,4.4455,0.6621,427,448,0,0,1
10834,4.2187,0.4875,426,447,0,1,1
10835,3.883,0.7022,426,446,0,1,1
10836,4.1561,0.4331,425,446,0,0,1
10837,4.1323,0.4339,425,445,0,1,1
10838,4.1382,0.423,424,445,0,0,1
10839,4.1946,0.4881,423,444,0,1,1
10840,4.1699,0.525,423,443,0,1,1
10841,4.1626,0.4479,423,443,0,0,1
10842,4.2166,0.7445,421,443,0,0,1
10843,4.1819,0.6918,421,441,0,2,1
10844,4.1402,0.4459,420,441,0,0,1
10845,4.3557,0.9579,418,440,0,1,1
10846,4.35,0.477,417,438,0,2,1
10847,3.8898,0.6341,416,437,0,1,1
10848,4.0187,0.5636,416,436,0,1,1
10849,4.1817,0.4301,415,436,0,0,1
10850,4.1867,0.4839,415,435,0,1,1
10851,4.1843,0.4454,415,435,0,0,1
10852,4.1759,0.5018,414,435,0,0,1
10853,4.1114,0.4539,414,434,0,1,1
10854,4.276,0.7327,413,434,0,0,1
10855,4.1086,0.5057,413,433,0,1,1
10856,4.1083,0.5292,411,433,0,0,1
10857,4.3534,0.7317,411,431,0,2,1
10858,4.114,0.9356,410,431,0,0,1
10859,4.3063,0.4803,410,430,0,1,1
10860,3.979,0.4841,410,430,0,0,1
10861,4.0998,0.4399,409,430,0,0,1
10862,4.216,0.4929,408,429,0,1,1
10863,4.1493,0.4524,407,428,0,1,1
10864,4.1364,0.4663,406,427,0,1,1
10865,4.1797,0.4641,406,426,0,1,1
10866,4.1877,0.6206,405,426,0,0,1
10867,4.1517,0.6598,405,425,0,1,1
10868,4.1464,0.4184,403,425,0,0,1
10869,4.2273,0.4743,401,423,0,2,1
10870,4.1606,0.4771,399,421,0,2,1
10871,4.1644,0.6225,399,419,0,2,1
10872,4.1613,0.5004,399,419,0,0,1
10873,4.111,0.6708,399,419,0,0,1
10874,4.1958,0.758,399,419,0,0,1
10875,4.185,0.4658,398,419,0,0,1
10876,4.1709,0.561,397,418,0,1,1
10877,4.1458,0.4771,395,417,0,1,1
10878,4.1524,0.625,395,415,0,2,1
10879,4.1418,0.7294,394,415,0,0,1
10880,4.1546,0.4658,393,414,0,1,1
10881,4.2235,0.7692,393,413,0,1,1
10882,4.2056,0.5951,393,413,0,0,1
10883,4.1782,0.639,391,413,0,0,1
10884,4.0537,0.57,391,411,0,2,1
10885,4.2088,0.5921,391,411,0,0,1
10886,4.1865,0.4797,391,411,0,0,1
10887,4.1598,0.4996,391,411,0,0,1
10888,4.4533,0.5403,391,411,0,0,1
10889,3.9016,0.5528,391,411,0,0,1
10890,4.5079,0.7325,389,411,0,0,1
10891,3.8362,0.7098,381,409,0,2,1
10892,4.1137,0.5067,381,401,0,8,1
10893,4.2767,0.7108,381,401,0,0,1
10894,4.1203,0.5448,380,401,0,0,1
10895,4.1809,0.5528,379,400,0,1,1
10896,4.1581,0.5091,379,399,0,1,1
10897,4.1097,0.9528,428,449,50,0,1
10898,4.2226,0.8028,428,448,0,1,1
10899,4.1648,0.5334,427,448,0,0,1
10900,4.1154,0.6296,426,447,0,1,1
10901,4.2332,0.6391,425,446,0,1,1
10902,4.1752,0.4817,422,445,0,1,1
10903,4.1114,0.4682,422,442,0,3,1
10904,4.1262,0.4233,422,442,0,0,1
10905,4.2329,0.7096,421,442,0,0,1
10906,4.1655,0.5068,420,441,0,1,1
10907,4.1465,0.691,420,440,0,1,1
10908,4.1554,0.5131,418,440,0,0,1
10909,4.1482,0.5528,417,438,0,2,1
10910,4.1405,0.6943,417,437,0,1,1
10911,4.2792,0.6028,417,437,0,0,1
10912,4.1386,0.4877,417,437,0,0,1
10913,4.1304,0.5093,416,437,0,0,1
10914,4.3066,0.6265,416,436,0,1,1
10915,4.0374,0.4828,416,436,0,0,1
10916,4.1258,0.4192,415,436,0,0,1
10917,4.1962,0.5648,413,435,0,1,1
10918,4.2464,0.7613,413,433,0,2,1
10919,4.1489,0.7463,412,433,0,0,1
10920,4.1365,0.4726,412,432,0,1,1
10921,4.0978,0.4097,412,432,0,0,1
10922,4.2307,0.5055,408,432,0,0,1
10923,4.2035,0.4906,407,428,0,4,1
10924,4.1407,0.8568,406,427,0,1,1
10925,4.1624,0.5418,406,426,0,1,1
10926,4.2184,0.5395,405,426,0,0,1
10927,4.14,0.6253,404,425,0,1,1
10928,4.088,0.4836,404,424,0,1,1
10929,4.2064,0.6062,404,424,0,0,1
10930,4.1866,0.5154,404,424,0,0,1
10931,4.1617,0.5192,402,424,0,0,1
10932,4.4122,0.5739,401,422,0,2,1
10933,3.9142,0.4335,400,421,0,1,1
10934,4.2183,0.6218,399,420,0,1,1
10935,4.0539,0.4617,399,419,0,1,1
10936,4.2514,0.6419,399,419,0,0,1
10937,4.217,0.699,396,419,0,0,1
10938,4.1191,0.7547,392,416,0,3,1
10939,4.2343,0.5951,392,412,0,4,1
10940,4.1366,0.4253,392,412,0,0,1
10941,4.3607,0.596,391,412,0,0,1
10942,3.9314,0.6237,391,411,0,1,1
10943,4.1921,0.6656,389,411,0,0,1
10944,4.1257,0.622,387,409,0,2,1
10945,4.1038,0.4256,386,407,0,2,1
10946,4.1781,0.4526,386,406,0,1,1
10947,4.2432,0.6108,386,406,0,0,1
10948,4.1426,0.5253,384,406,0,0,1
10949,4.1774,0.6773,384,404,0,2,1
10950,4.1618,0.6009,382,404,0,0,1
10951,4.1131,0.5035,382,402,0,2,1
10952,4.1278,0.4384,382,402,0,0,1
10953,4.2653,0.5213,382,402,0,0,1
10954,4.1766,0.4451,382,402,0,0,1
10955,4.3059,0.6666,382,402,0,0,1
10956,3.9689,0.6926,382,402,0,0,1
10957,4.1406,0.5274,381,402,0,0,1
10958,4.2085,0.5324,374,401,0,1,1
10959,4.1849,0.5353,374,394,0,7,1
10960,4.177,0.6507,374,394,0,0,1
10961,4.109,0.5002,373,394,0,0,1
10962,4.3709,0.7774,372,393,0,1,1
10963,3.9998,0.5193,370,392,0,1,1
10964,4.1675,0.6515,419,440,50,2,1
10965,4.1971,0.564,419,439,0,1,1
10966,4.1775,0.5298,418,439,0,0,1
10967,4.1436,0.636,418,438,0,1,1
10968,4.2198,0.5043,415,438,0,0,1
10969,4.1235,0.6403,414,435,0,3,1
10970,4.151,0.4847,414,434,0,1,1
10971,4.2045,0.6808,412,434,0,0,1
10972,4.0823,0.4533,412,432,0,2,1
10973,4.1877,0.4358,410,432,0,0,1
10974,4.131,0.5187,409,430,0,2,1
10975,4.2721,0.6784,409,429,0,1,1
10976,4.0734,0.44,409,429,0,0,1
10977,4.1854,0.444,409,429,0,0,1
10978,4.2765,0.5248,409,429,0,0,1
10979,4.1121,0.751,409,429,0,0,1
10980,4.162,0.7245,408,429,0,0,1
10981,4.1219,0.485,408,428,0,1,1
10982,4.2418,0.78,408,428,0,0,1
10983,4.0788,0.5423,407,428,0,0,1
10984,4.2683,0.5799,406,427,0,1,1
10985,4.1169,0.4812,405,426,0,1,1
10986,4.2003,0.6502,405,425,0,1,1
10987,4.1632,0.6981,403,425,0,0,1
10988,4.0858,0.434,403,423,0,2,1
10989,4.2283,0.5047,403,423,0,0,1
10990,4.1701,0.4779,402,423,0,0,1
10991,4.1066,0.4674,402,422,0,1,1
10992,4.156,0.4372,402,422,0,0,1
10993,4.1531,0.6137,401,422,0,0,1
10994,4.2546,0.9767,401,421,0,1,1
10995,4.1358,0.431,401,421,0,0,1
10996,4.1853,0.4799,399,421,0,0,1
10997,4.0804,0.4355,398,419,0,2,1
10998,4.2572,0.4727,396,418,0,1,1
10999,4.2118,0.7175,394,416,0,2,1
11000,4.1392,0.4895,392,414,0,2,1
11001,4.1722,0.5524,391,412,0,2,1
11002,4.1567,0.6463,391,411,0,1,1
11003,4.1621,0.521,391,411,0,0,1
11004,4.1665,0.5125,391,411,0,0,1
11005,4.1096,0.721,390,411,0,0,1
11006,4.22,0.6885,389,410,0,1,1
11007,4.3313,0.5118,388,409,0,1,1
11008,4.228,0.5449,386,408,0,1,1
11009,3.9607,0.5584,385,406,0,2,1
11010,4.147,0.7975,385,405,0,1,1
11011,4.1216,0.713,385,405,0,0,1
11012,4.1452,0.5018,384,405,0,0,1
11013,4.2259,0.5986,384,404,0,1,1
11014,4.1861,0.5819,384,404,0,0,1
11015,4.1751,0.5736,383,404,0,0,1
11016,4.1192,0.542,382,403,0,1,1
11017,4.143,0.7497,381,402,0,1,1
11018,4.4853,0.7803,381,401,0,1,1
11019,3.9017,0.6421,380,401,0,0,1
11020,4.177,0.7597,380,400,0,1,1
11021,4.148,0.7439,379,400,0,0,1
11022,4.1289,0.527,379,399,0,1,1
11023,4.179,0.5778,379,399,0,0,1
11024,4.1338,0.5077,379,399,0,0,1
11025,4.219,0.6273,378,399,0,0,1
11026,4.3149,0.7556,371,398,0,1,1
11027,3.9983,0.5372,369,391,0,7,1
11028,4.5708,0.7956,367,389,0,2,1
11029,3.7618,0.6465,366,387,0,2,1
11030,4.1923,0.5026,365,386,0,1,1
11031,4.2684,1.0871,414,435,50,1,1
11032,4.0465,0.6419,414,434,0,1,1
11033,4.1695,0.5304,412,434,0,0,1
11034,4.1978,0.6109,412,432,0,2,1
11035,4.4225,0.476,412,432,0,0,1
11036,3.8454,0.4414,412,432,0,0,1
11037,4.1631,0.4312,412,432,0,0,1
11038,4.2384,0.4783,412,432,0,0,1
11039,4.1828,0.5143,412,432,0,0,1
11040,4.1412,0.539,412,432,0,0,1
11041,4.1003,0.4837,411,432,0,0,1
11042,4.2269,0.6284,410,431,0,1,1
11043,4.2001,0.7498,410,430,0,1,1
11044,4.1332,0.8025,409,430,0,0,1
11045,4.1727,0.9428,407,429,0,1,1
11046,4.2898,0.6001,407,427,0,2,1
11047,4.0602,0.4961,406,427,0,0,1
11048,4.0787,0.4783,404,426,0,1,1
11049,4.3279,0.5909,403,424,0,2,1
11050,4.0783,0.4296,403,423,0,1,1
11051,4.2488,0.6595,403,423,0,0,1
11052,4.0695,0.638,403,423,0,0,1
11053,4.117,0.4132,403,423,0,0,1
11054,4.2631,0.5503,403,423,0,0,1
11055,4.1014,0.4724,403,423,0,0,1
11056,4.2071,0.7571,403,423,0,0,1
11057,4.133,0.5915,401,423,0,0,1
11058,4.4823,0.5857,400,421,0,2,1
11059,3.8569,0.6586,399,420,0,1,1
11060,4.1343,0.5399,399,419,0,1,1
11061,4.4452,0.4447,398,419,0,0,1
11062,3.9192,0.4389,397,418,0,1,1
11063,4.5018,0.7021,396,417,0,1,1
11064,3.7833,0.6053,396,416,0,1,1
11065,4.2002,0.4463,396,416,0,0,1
11066,4.1919,0.4668,396,416,0,0,1
11067,4.2204,0.6997,396,416,0,0,1
11068,4.1402,0.4329,396,416,0,0,1
11069,4.1891,0.6844,396,416,0,0,1
11070,4.1553,0.4788,394,416,0,0,1
11071,4.1287,0.4831,394,414,0,2,1
11072,4.1283,0.4502,393,414,0,0,1
11073,4.289,0.4353,393,413,0,1,1
11074,4.1263,0.4088,393,413,0,0,1
11075,4.1763,0.7203,390,413,0,0,1
11076,4.1119,0.4403,389,410,0,3,1
11077,4.1277,0.4091,387,409,0,1,1
11078,4.1385,0.3997,387,407,0,2,1
11079,4.2375,0.4205,384,407,0,0,1
11080,4.1319,0.4053,382,404,0,3,1
11081,4.2543,0.7038,382,402,0,2,1
11082,4.1448,0.661,380,402,0,0,1
11083,4.1342,0.5103,378,400,0,2,1
11084,4.1266,0.406,377,398,0,2,1
11085,4.2381,0.4594,377,397,0,1,1
11086,4.183,0.651,377,397,0,0,1
11087,4.2929,0.4218,375,397,0,0,1
11088,4.0458,0.669,375,395,0,2,1
11089,4.0995,0.4093,374,395,0,0,1
11090,4.1547,0.4581,374,394,0,1,1
11091,4.1989,0.5422,374,394,0,0,1
11092,4.1791,0.4668,374,394,0,0,1
11093,4.1879,0.416,373,394,0,0,1
11094,4.2331,0.7077,365,393,0,1,1
11095,4.3639,0.7444,365,385,0,8,1
11096,3.8737,0.4104,365,385,0,0,1
11097,4.3323,0.4295,363,385,0,0,1
11098,4.0447,0.6909,363,383,0,2,1
11099,4.2007,0.8554,413,433,50,0,1
11100,4.0432,0.4411,411,433,0,0,1
11101,4.1894,0.5366,411,431,0,2,1
11102,4.1702,0.4201,410,431,0,0,1
11103,4.1716,0.6169,408,430,0,1,1
11104,4.2106,0.4626,408,428,0,2,1
11105,4.1575,0.4374,408,428,0,0,1
11106,4.1858,0.5624,407,428,0,0,1
11107,4.1479,0.6894,407,427,0,1,1
11108,4.1088,0.4281,406,427,0,0,1
11109,4.2404,0.5207,406,426,0,1,1
11110,4.1544,0.5094,406,426,0,0,1
11111,4.245,0.7524,406,426,0,0,1
11112,4.0905,0.7393,406,426,0,0,1
11113,4.2587,0.9039,406,426,0,0,1
11114,4.0925,0.6305,406,426,0,0,1
11115,4.1615,0.7528,406,426,0,0,1
11116,4.1241,0.5323,406,426,0,0,1
11117,4.4323,0.4525,406,426,0,0,1
11118,3.9727,0.4434,405,426,0,0,1
11119,4.1041,0.7083,405,425,0,1,1
11120,4.1351,0.4325,405,425,0,0,1
11121,4.3013,0.6546,405,425,0,0,1
11122,4.1926,0.5298,405,425,0,0,1
11123,4.0361,0.45,405,425,0,0,1
11124,4.1171,0.6435,405,425,0,0,1
11125,4.2361,0.6187,405,425,0,0,1
11126,4.1574,0.4144,404,425,0,0,1
11127,4.1694,0.5335,404,424,0,1,1
11128,4.1856,0.5114,403,424,0,0,1
11129,4.1227,0.4499,403,423,0,1,1
11130,4.1686,0.6245,403,423,0,0,1
11131,4.1437,0.4379,402,423,0,0,1
11132,4.1814,0.4493,402,422,0,1,1
11133,4.196,0.5093,401,422,0,0,1
11134,4.1913,0.5156,400,421,0,1,1
11135,4.1639,0.5534,400,420,0,1,1
11136,4.1538,0.4859,400,420,0,0,1
11137,4.1215,0.5,399,420,0,0,1
11138,4.5329,0.5711,399,419,0,1,1
11139,3.8204,0.5263,397,419,0,0,1
11140,4.449,0.5049,396,417,0,2,1
11141,3.9207,0.5808,396,416,0,1,1
11142,4.188,0.582,394,416,0,0,1
11143,4.071,0.5072,392,414,0,2,1
11144,4.2364,0.5267,392,412,0,2,1
11145,4.1427,0.5584,391,412,0,0,1
11146,4.2143,0.6101,389,411,0,1,1
11147,4.1551,0.5149,389,409,0,2,1
11148,4.0899,0.4191,386,409,0,0,1
11149,4.1864,0.6647,384,406,0,3,1
11150,4.1752,0.5143,383,404,0,2,1
11151,4.1749,0.4768,383,403,0,1,1
11152,4.1967,0.76,382,403,0,0,1
11153,4.1498,0.5453,381,402,0,1,1
11154,4.1679,0.5125,380,401,0,1,1
11155,4.0937,0.5767,379,400,0,1,1
11156,4.2034,0.51,379,399,0,1,1
11157,4.1882,0.6512,379,399,0,0,1
11158,4.1734,0.5242,379,399,0,0,1
11159,4.2027,0.6538,379,399,0,0,1
11160,4.1162,0.528,372,399,0,0,1
11161,4.128,0.7291,370,392,0,7,1
11162,4.2146,0.7787,369,390,0,2,1
11163,4.2259,0.5222,368,389,0,1,1
11164,4.1821,0.7767,368,388,0,1,1
11165,4.1196,0.5311,368,388,0,0,1
11166,4.1953,0.9106,418,438,50,0,1
11167,4.1014,0.4917,418,438,0,0,1
11168,4.1279,0.51,418,438,0,0,1
11169,4.2311,0.6592,416,438,0,0,1
11170,4.2163,0.5354,413,436,0,2,1
11171,4.1532,0.6546,411,433,0,3,1
11172,4.0898,0.4451,409,431,0,2,1
11173,4.2735,0.5171,408,429,0,2,1
11174,4.3358,0.431,407,428,0,1,1
11175,3.9955,0.4463,407,427,0,1,1
11176,4.2234,0.6815,407,427,0,0,1
11177,4.0298,0.4394,406,427,0,0,1
11178,4.2415,0.5434,406,426,0,1,1
11179,4.0706,0.496,406,426,0,0,1
11180,4.1681,0.5084,406,426,0,0,1
11181,4.2034,0.4789,404,426,0,0,1
11182,4.235,0.7754,404,424,0,2,1
11183,4.1068,0.5793,404,424,0,0,1
11184,4.0534,0.6153,403,424,0,0,1
11185,4.2409,0.4586,403,423,0,1,1
11186,4.2364,0.4758,402,423,0,0,1
11187,4.1713,0.469,402,422,0,1,1
11188,4.2143,0.6434,400,422,0,0,1
11189,4.0572,0.4748,400,420,0,2,1
11190,4.2531,0.6602,400,420,0,0,1
11191,4.1205,0.6355,400,420,0,0,1
11192,4.1153,0.446,399,420,0,0,1
11193,4.2287,0.5188,399,419,0,1,1
11194,4.162,0.4417,398,419,0,0,1
11195,4.409,0.6351,397,418,0,1,1
11196,3.9497,0.6388,397,417,0,1,1
11197,4.1015,0.5127,397,417,0,0,1
11198,4.1804,0.4173,395,417,0,0,1
11199,4.2689,0.6386,395,415,0,2,1
11200,4.084,0.655,395,415,0,0,1
11201,4.1233,0.4017,394,415,0,0,1
11202,4.2275,0.6665,394,414,0,1,1
11203,4.1224,0.4241,394,414,0,0,1
11204,5.183,0.4146,393,414,0,0,1
11205,3.1101,0.39,393,413,0,1,1
11206,4.1938,0.4196,393,413,0,0,1
11207,4.2237,0.6739,392,413,0,0,1
11208,4.1294,0.6857,392,412,0,1,1
11209,4.168,0.4264,389,412,0,0,1
11210,4.3028,0.4764,388,409,0,3,1
11211,4.0974,0.5055,388,408,0,1,1
11212,4.142,0.7366,388,408,0,0,1
11213,4.1158,0.4398,387,408,0,0,1
11214,4.1659,0.435,386,407,0,1,1
11215,4.167,0.442,385,406,0,1,1
11216,4.1691,0.4766,384,405,0,1,1
11217,4.1545,0.4114,384,404,0,1,1
11218,4.1741,0.4169,384,404,0,0,1
11219,4.211,0.6706,384,404,0,0,1
11220,4.1376,0.4379,384,404,0,0,1
11221,4.168,0.4025,383,404,0,0,1
11222,4.2963,0.5617,383,403,0,1,1
11223,4.5019,0.4149,382,403,0,0,1
11224,3.6723,0.5441,382,402,0,1,1
11225,4.1511,0.7694,381,402,0,0,1
11226,4.2648,0.6553,381,401,0,1,1
11227,4.0615,0.4086,374,401,0,0,1
11228,5.2911,0.3982,372,394,0,7,1
11229,3.098,0.4023,371,392,0,2,1
11230,4.1392,0.4529,371,391,0,1,1
11231,4.1694,0.5779,369,391,0,0,1
11232,4.1527,0.5797,369,389,0,2,1
11233,4.197,0.5235,417,439,50,0,1
11234,4.1603,0.6304,416,437,0,2,1
11235,4.226,0.6365,416,436,0,1,1
11236,4.1176,0.423,416,436,0,0,1
11237,4.1511,0.4751,416,436,0,0,1
11238,4.2221,0.7022,416,436,0,0,1
11239,4.2901,0.6499,416,436,0,0,1
11240,4.0686,0.4661,415,436,0,0,1
11241,4.1145,0.4808,415,435,0,1,1
11242,4.1471,0.5289,414,435,0,0,1
11243,4.1284,0.5879,413,434,0,1,1
11244,4.1975,0.4867,412,433,0,1,1
11245,4.193,0.4483,412,432,0,1,1
11246,4.1643,0.4862,410,432,0,0,1
11247,4.1508,0.46,409,430,0,2,1
11248,4.1266,0.4396,409,429,0,1,1
11249,4.1823,0.4319,409,429,0,0,1
11250,4.2464,0.6029,408,429,0,0,1
11251,4.19,0.7517,408,428,0,1,1
11252,4.0668,0.4198,407,428,0,0,1
11253,4.1787,0.4744,406,427,0,1,1
11254,4.219,0.4831,405,426,0,1,1
11255,4.1739,0.482,405,425,0,1,1
11256,4.1847,0.4403,405,425,0,0,1
11257,4.0931,0.6151,405,425,0,0,1
11258,4.1906,0.465,405,425,0,0,1
11259,4.197,0.7585,405,425,0,0,1
11260,4.3856,0.4764,405,425,0,0,1
11261,3.9567,0.5006,405,425,0,0,1
11262,4.2489,0.7935,405,425,0,0,1
11263,4.095,0.4818,404,425,0,0,1
11264,4.1015,0.5003,404,424,0,1,1
11265,4.2845,0.5452,404,424,0,0,1
11266,4.3829,0.5353,403,424,0,0,1
11267,3.8779,0.5778,403,423,0,1,1
11268,4.1182,0.5297,402,423,0,0,1
11269,4.141,0.614,400,422,0,1,1
11270,4.1656,0.4526,400,420,0,2,1
11271,4.2248,0.5051,399,420,0,0,1
11272,4.171,0.6271,399,419,0,1,1
11273,4.188,0.5988,398,419,0,0,1
11274,4.1843,0.4699,397,418,0,1,1
11275,4.1135,0.5357,397,417,0,1,1
11276,4.131,0.4689,397,417,0,0,1
11277,4.2307,0.4562,397,417,0,0,1
11278,4.1684,0.4942,396,417,0,0,1
11279,4.1833,0.4998,396,416,0,1,1
11280,4.1206,0.4536,396,416,0,0,1
11281,4.1479,0.4299,395,416,0,0,1
11282,4.186,0.5878,394,415,0,1,1
11283,4.1924,0.4749,391,414,0,1,1
11284,4.134,0.4342,389,411,0,3,1
11285,4.1899,0.4799,387,409,0,2,1
11286,4.234,0.462,387,407,0,2,1
11287,4.0814,0.4506,387,407,0,0,1
11288,4.176,0.4533,386,407,0,0,1
11289,4.1887,0.6475,386,406,0,1,1
11290,4.1558,0.5045,385,406,0,0,1
11291,4.1554,0.4872,384,405,0,1,1
11292,4.4275,0.4317,384,404,0,1,1
11293,3.8801,0.4367,384,404,0,0,1
11294,4.1691,0.4188,377,404,0,0,1
11295,4.2198,0.5135,376,397,0,7,1
11296,4.0747,0.4052,375,396,0,1,1
11297,4.2309,0.4861,374,395,0,1,1
11298,4.2858,0.6302,374,394,0,1,1
11299,3.9581,0.4733,373,394,0,0,1
11300,4.2501,0.5788,421,443,50,1,1
11301,4.2192,0.6371,421,441,0,2,1
11302,4.2659,0.8557,421,441,0,0,1
11303,4.1385,0.7285,418,441,0,0,1
11304,4.0514,0.6611,418,438,0,3,1
11305,4.1243,0.4814,418,438,0,0,1
11306,4.2161,0.6239,418,438,0,0,1
11307,4.1877,0.6375,418,438,0,0,1
11308,4.1901,0.6871,415,438,0,0,1
11309,4.1275,0.5281,415,435,0,3,1
11310,4.1993,0.6697,415,435,0,0,1
11311,4.4948,0.5313,415,435,0,0,1
11312,3.7548,0.489,415,435,0,0,1
11313,4.18,0.5132,414,435,0,0,1
11314,4.2775,0.6322,412,434,0,1,1
11315,4.1707,0.6569,411,432,0,2,1
11316,4.0736,0.615,410,431,0,1,1
11317,4.1535,0.4345,410,430,0,1,1
11318,4.1787,0.4318,410,430,0,0,1
11319,4.2177,0.5037,410,430,0,0,1
11320,4.1843,0.6259,410,430,0,0,1
11321,4.0911,0.7754,410,430,0,0,1
11322,4.1704,0.4489,410,430,0,0,1
11323,4.1675,0.4873,409,430,0,0,1
11324,4.1274,0.4227,408,429,0,1,1
11325,4.2206,0.5869,408,428,0,1,1
11326,4.1871,0.4171,407,428,0,0,1
11327,4.2559,0.6823,407,427,0,1,1
11328,4.0096,0.4945,407,427,0,0,1
11329,4.2408,0.6481,407,427,0,0,1
11330,4.1643,0.5213,407,427,0,0,1
11331,4.1974,0.512,407,427,0,0,1
11332,4.1006,0.6558,406,427,0,0,1
11333,4.2793,0.5322,406,426,0,1,1
11334,4.2342,0.7592,405,426,0,0,1
11335,4.044,0.6108,405,425,0,1,1
11336,4.0725,0.4739,404,425,0,0,1
11337,4.2359,0.439,403,424,0,1,1
11338,4.2087,0.4378,402,423,0,1,1
11339,4.3822,0.6529,401,422,0,1,1
11340,3.8873,0.4325,401,421,0,1,1
11341,4.1492,0.4289,401,421,0,0,1
11342,4.1402,0.6,400,421,0,0,1
11343,4.1965,0.4936,400,420,0,1,1
11344,4.2287,0.4285,399,420,0,0,1
11345,4.0761,0.4368,398,419,0,1,1
11346,4.468,0.6342,397,418,0,1,1
11347,3.9386,0.491,397,417,0,1,1
11348,4.0847,0.4139,395,417,0,0,1
11349,4.2418,0.4566,395,415,0,2,1
11350,4.1652,0.4407,394,415,0,0,1
11351,4.1997,0.6753,393,414,0,1,1
11352,4.1745,0.6809,393,413,0,1,1
11353,4.0981,0.41,392,413,0,0,1
11354,4.2111,0.5164,392,412,0,1,1
11355,4.1373,0.59,392,412,0,0,1
11356,4.1633,0.4844,391,412,0,0,1
11357,4.1563,0.4214,388,411,0,1,1
11358,4.4531,0.6119,388,408,0,3,1
11359,3.9045,0.4205,388,408,0,0,1
11360,4.1021,0.445,387,408,0,0,1
11361,4.2531,0.4629,387,407,0,1,1
11362,4.1248,0.6027,380,407,0,0,1
11363,4.1566,0.6377,380,400,0,7,1
11364,4.2175,0.4195,380,400,0,0,1
11365,4.1185,0.405,379,400,0,0,1
11366,4.1839,0.4073,379,399,0,1,1
11367,4.133,0.5804,428,449,50,0,1
11368,4.2269,0.5449,428,448,0,1,1
11369,4.172,0.7778,428,448,0,0,1
11370,4.1967,0.7347,428,448,0,0,1
11371,4.0987,0.5638,428,448,0,0,1
11372,4.1548,0.4724,427,448,0,0,1
11373,4.1509,0.4498,426,447,0,1,1
11374,4.1925,0.4429,424,446,0,1,1
11375,4.4455,0.6649,424,444,0,2,1
11376,3.9491,0.4503,423,444,0,0,1
11377,4.2092,0.711,423,443,0,1,1
11378,4.1156,0.4837,421,443,0,0,1
11379,4.1245,0.4598,421,441,0,2,1
11380,4.135,0.4769,419,441,0,0,1
11381,4.1496,0.5332,419,439,0,2,1
11382,4.255,0.7547,419,439,0,0,1
11383,4.1671,0.7161,418,439,0,0,1
11384,4.1047,0.4357,418,438,0,1,1
11385,4.2391,0.7596,418,438,0,0,1
11386,4.155,0.5313,418,438,0,0,1
11387,4.1889,0.4883,418,438,0,0,1
11388,4.1367,0.5476,416,438,0,0,1
11389,4.1698,0.6615,415,436,0,2,1
11390,4.1625,0.415,414,435,0,1,1
11391,4.1237,0.6451,413,434,0,1,1
11392,4.1817,0.6657,413,433,0,1,1
11393,4.2023,0.5322,413,433,0,0,1
11394,4.4005,0.7157,412,433,0,0,1
11395,3.9082,0.5506,412,432,0,1,1
11396,4.1245,0.5003,412,432,0,0,1
11397,4.2408,0.5931,412,432,0,0,1
11398,4.1483,0.513,410,432,0,0,1
11399,4.18,0.5348,409,430,0,2,1
11400,4.1224,0.5099,409,429,0,1,1
11401,4.1501,0.5173,408,429,0,0,1
11402,4.5174,0.6648,407,428,0,1,1
11403,3.8583,0.4729,406,427,0,1,1
11404,4.1438,0.4334,404,426,0,1,1
11405,4.3771,0.5135,403,424,0,2,1
11406,4.219,0.6421,401,423,0,1,1
11407,3.9032,0.5035,401,421,0,2,1
11408,4.1604,0.421,400,421,0,0,1
11409,4.3265,0.4655,399,420,0,1,1
11410,4.0734,0.4919,397,419,0,1,1
11411,4.378,0.5658,397,417,0,2,1
11412,3.9399,0.4494,396,417,0,0,1
11413,4.0927,0.512,396,416,0,1,1
11414,4.1567,0.4048,395,416,0,0,1
11415,4.1828,0.5236,394,415,0,1,1
11416,4.2158,0.6689,393,414,0,1,1
11417,4.1892,0.4949,392,413,0,1,1
11418,4.2555,0.7164,391,412,0,1,1
11419,4.0174,0.572,390,411,0,1,1
11420,4.1725,0.5655,390,410,0,1,1
11421,4.2056,0.6679,390,410,0,0,1
11422,4.1639,0.4868,390,410,0,0,1
11423,4.1856,0.5014,388,410,0,0,1
11424,4.0652,0.4321,388,408,0,2,1
11425,4.2198,0.4428,388,408,0,0,1
11426,4.2012,0.647,385,408,0,0,1
11427,4.2006,0.5519,384,405,0,3,1
11428,4.177,0.6984,384,404,0,1,1
11429,4.1395,0.4903,377,404,0,0,1
11430,4.4545,0.4228,377,397,0,7,1
11431,3.892,0.4585,376,397,0,0,1
11432,4.0998,0.4327,376,396,0,1,1
11433,4.5249,0.5986,375,396,0,0,1
11434,3.9768,1.0059,425,445,50,1,1
11435,4.0674,0.5445,425,445,0,0,1
11436,4.0843,0.7691,422,445,0,0,1
11437,4.1774,0.5013,421,442,0,3,1
11438,4.2222,0.5345,419,441,0,1,1
11439,4.1237,0.5429,419,439,0,2,1
11440,4.1897,0.4319,419,439,0,0,1
11441,4.1859,0.7205,418,439,0,0,1
11442,4.4726,0.6506,417,438,0,1,1
11443,3.8684,0.5705,416,437,0,1,1
11444,4.0721,0.4421,415,436,0,1,1
11445,4.3275,0.4273,415,435,0,1,1
11446,4.1091,0.6766,413,435,0,0,1
11447,4.2094,0.5441,413,433,0,2,1
11448,4.1051,0.7408,413,433,0,0,1
11449,4.1229,0.5103,412,433,0,0,1
11450,4.1993,0.7892,412,432,0,1,1
11451,4.1905,0.6459,412,432,0,0,1
11452,4.1866,0.6183,412,432,0,0,1
11453,4.2973,0.4607,411,432,0,0,1
11454,4.0295,0.5252,411,431,0,1,1
11455,4.069,0.662,410,431,0,0,1
11456,4.1954,0.4716,410,430,0,1,1
11457,4.2049,0.4425,410,430,0,0,1
11458,4.3571,0.4982,410,430,0,0,1
11459,4.0717,0.6813,410,430,0,0,1
11460,4.0138,0.6291,409,430,0,0,1
11461,4.2015,0.4304,409,429,0,1,1
11462,4.2035,0.4957,408,429,0,0,1
11463,4.1335,0.5477,408,428,0,1,1
11464,4.2255,0.9304,408,428,0,0,1
11465,4.1686,0.6877,407,428,0,0,1
11466,4.145,0.8288,406,427,0,1,1
11467,4.0965,0.5212,405,426,0,1,1
11468,4.1735,0.457,404,425,0,1,1
11469,4.2376,0.4788,403,424,0,1,1
11470,4.1571,0.4486,402,423,0,1,1
11471,4.1964,0.7148,401,422,0,1,1
11472,4.1164,0.7635,401,421,0,1,1
11473,4.1852,0.9294,401,421,0,0,1
11474,4.1587,0.489,399,421,0,0,1
11475,4.1257,0.4674,399,419,0,2,1
11476,4.1509,0.6001,399,419,0,0,1
11477,4.227,0.4142,399,419,0,0,1
11478,4.3017,0.6459,398,419,0,0,1
11479,4.0781,0.5894,397,418,0,1,1
11480,4.0767,0.4603,396,417,0,1,1
11481,4.2123,0.4853,395,416,0,1,1
11482,4.1849,0.5038,392,415,0,1,1
11483,4.0853,0.5162,392,412,0,3,1
11484,4.2823,0.8374,389,412,0,0,1
11485,4.0749,0.509,388,409,0,3,1
11486,4.1919,0.5443,388,408,0,1,1
11487,4.1474,0.5478,388,408,0,0,1
11488,4.1752,0.5998,388,408,0,0,1
11489,4.1617,0.5267,388,408,0,0,1
11490,4.2141,0.8595,388,408,0,0,1
11491,4.1425,0.4974,387,408,0,0,1
11492,4.1317,0.44,386,407,0,1,1
11493,4.1735,0.4342,386,406,0,1,1
11494,4.2147,0.4738,385,406,0,0,1
11495,4.1783,0.4896,384,405,0,1,1
11496,4.1604,0.6051,376,404,0,1,1
11497,4.1543,0.6254,375,396,0,8,1
11498,4.1625,0.5025,374,395,0,1,1
11499,4.1318,0.4915,374,394,0,1,1
11500,4.4421,0.6694,374,394,0,0,1
11501,4.1156,0.4597,374,394,0,0,1
11502,4.1178,0.792,424,444,50,0,1
11503,4.0525,0.716,423,444,0,0,1
11504,4.0948,0.5271,423,443,0,1,1
11505,4.2539,0.6235,422,443,0,0,1
11506,4.1653,0.6703,421,442,0,1,1
11507,4.1024,0.8235,420,441,0,1,1
11508,4.4192,0.6451,420,440,0,1,1
11509,3.9317,0.4838,420,440,0,0,1
11510,4.5666,0.7148,420,440,0,0,1
11511,3.8054,0.471,420,440,0,0,1
11512,4.1423,0.6311,418,440,0,0,1
11513,4.1536,0.4989,418,438,0,2,1
11514,4.216,0.4401,417,438,0,0,1
11515,4.1797,0.7411,417,437,0,1,1
11516,4.0527,0.4297,417,437,0,0,1
11517,4.4554,0.5556,417,437,0,0,1
11518,3.951,0.5296,417,437,0,0,1
11519,4.1904,0.5539,416,437,0,0,1
11520,4.1879,0.5707,415,436,0,1,1
11521,4.1019,0.5004,414,435,0,1,1
11522,4.4067,0.7647,413,434,0,1,1
11523,3.9879,0.6234,413,433,0,1,1
11524,4.0589,0.4443,413,433,0,0,1
11525,4.6968,0.4637,412,433,0,0,1
11526,3.6674,0.5452,411,432,0,1,1
11527,4.4273,0.6692,411,431,0,1,1
11528,3.887,0.4811,410,431,0,0,1
11529,4.6037,0.5687,409,430,0,1,1
11530,3.8843,0.6572,409,429,0,1,1
11531,4.4682,0.4283,408,429,0,0,1
11532,4.1047,0.7476,408,428,0,1,1
11533,3.8097,0.4558,408,428,0,0,1
11534,4.3918,0.727,408,428,0,0,1
11535,3.9294,0.5884,408,428,0,0,1
11536,4.2044,0.7193,405,428,0,0,1
11537,4.4814,0.7278,403,425,0,3,1
11538,3.9294,0.4924,403,423,0,2,1
11539,4.0416,0.5838,403,423,0,0,1
11540,4.151,0.4452,403,423,0,0,1
11541,4.476,0.6401,402,423,0,0,1
11542,3.8651,0.6694,401,422,0,1,1
11543,4.2452,0.6584,400,421,0,1,1
11544,4.1555,0.6039,399,420,0,1,1
11545,4.1359,0.5585,398,419,0,1,1
11546,4.2033,0.4535,395,418,0,1,1
11547,4.1504,0.4822,394,415,0,3,1
11548,4.1353,0.6469,393,414,0,1,1
11549,4.6243,0.4269,392,413,0,1,1
11550,3.7662,0.4723,392,412,0,1,1
11551,4.1381,0.6216,392,412,0,0,1
11552,4.1379,0.4462,391,412,0,0,1
11553,4.2499,0.6332,391,411,0,1,1
11554,4.1628,0.4378,391,411,0,0,1
11555,4.1762,0.4949,390,411,0,0,1
11556,4.0107,0.5913,390,410,0,1,1
11557,4.2412,0.4197,388,410,0,0,1
11558,4.2088,0.5959,387,408,0,2,1
11559,4.1037,0.4495,386,407,0,1,1
11560,4.2293,0.6575,385,406,0,1,1
11561,4.097,0.4136,383,405,0,1,1
11562,4.3005,0.6182,382,403,0,2,1
11563,4.0934,0.452,374,402,0,1,1
11564,4.1258,0.4319,371,394,0,8,1
11565,4.1814,0.5936,370,391,0,3,1
11566,4.2217,0.6656,370,390,0,1,1
11567,4.1431,0.487,370,390,0,0,1
11568,4.0643,0.6572,370,390,0,0,1
11569,4.217,0.5303,418,440,50,0,1
11570,4.1934,0.5052,418,438,0,2,1
11571,4.2308,0.5384,418,438,0,0,1
11572,4.2051,0.4344,418,438,0,0,1
11573,4.165,0.5583,418,438,0,0,1
11574,4.0954,0.6667,418,438,0,0,1
11575,4.1634,0.5263,416,438,0,0,1
11576,4.0678,0.4843,415,436,0,2,1
11577,4.359,0.7068,415,435,0,1,1
11578,4.0449,0.5835,415,435,0,0,1
11579,4.4402,0.558,415,435,0,0,1
11580,3.8855,0.6582,415,435,0,0,1
11581,4.1496,0.4427,413,435,0,0,1
11582,4.1911,0.4929,413,433,0,2,1
11583,4.1402,0.5097,413,433,0,0,1
11584,4.235,0.6183,413,433,0,0,1
11585,4.2625,0.658,412,433,0,0,1
11586,4.0724,0.5213,412,432,0,1,1
11587,4.1484,0.4868,411,432,0,0,1
11588,4.1195,0.4281,410,431,0,1,1
11589,4.2196,0.6295,410,430,0,1,1
11590,4.1714,0.4444,409,430,0,0,1
11591,4.1387,0.4691,408,429,0,1,1
11592,4.2075,0.7119,408,428,0,1,1
11593,4.0643,0.441,407,428,0,0,1
11594,4.2567,0.5656,407,427,0,1,1
11595,4.1656,0.6107,407,427,0,0,1
11596,4.1471,0.7302,407,427,0,0,1
11597,4.2583,0.4819,407,427,0,0,1
11598,4.0455,0.4778,407,427,0,0,1
11599,4.2095,0.5092,407,427,0,0,1
11600,4.1033,0.4265,407,427,0,0,1
11601,4.2485,0.4654,407,427,0,0,1
11602,4.1617,0.4799,407,427,0,0,1
11603,4.1882,0.6328,406,427,0,0,1
11604,4.1006,0.4439,406,426,0,1,1
11605,4.1484,0.4334,405,426,0,0,1
11606,4.2016,0.5079,405,425,0,1,1
11607,4.1392,0.4824,404,425,0,0,1
11608,4.1988,0.4714,403,424,0,1,1
11609,4.2124,0.4188,401,423,0,1,1
11610,4.1306,0.6641,399,421,0,2,1
11611,4.1158,0.6016,399,419,0,2,1
11612,4.1527,0.4208,398,419,0,0,1
11613,4.591,0.6985,396,418,0,1,1
11614,3.8036,0.5234,395,416,0,2,1
11615,4.2325,0.6874,394,415,0,1,1
11616,4.0465,0.6124,393,414,0,1,1
11617,4.1818,0.419,393,413,0,1,1
11618,4.1911,0.4665,393,413,0,0,1
11619,4.1516,0.4772,391,413,0,0,1
11620,4.4504,0.6787,391,411,0,2,1
11621,4.0491,0.4188,391,411,0,0,1
11622,4.0668,0.6818,389,411,0,0,1
11623,4.1673,0.4898,389,409,0,2,1
11624,4.0591,0.4667,389,409,0,0,1
11625,4.2644,0.4762,388,409,0,0,1
11626,4.4312,0.4387,387,408,0,1,1
11627,3.8971,0.6248,386,407,0,1,1
11628,4.1652,0.4079,386,406,0,1,1
11629,4.0851,0.3965,386,406,0,0,1
11630,4.2037,0.492,378,406,0,0,1
11631,4.1718,0.4082,376,398,0,8,1
11632,4.1225,0.4155,376,396,0,2,1
11633,4.216,0.4321,374,396,0,0,1
11634,4.1973,0.6382,374,394,0,2,1
11635,4.2213,0.6556,373,394,0,0,1
11636,4.1014,0.5663,423,443,50,1,1
11637,4.3978,0.4961,423,443,0,0,1
11638,3.9265,0.5759,423,443,0,0,1
11639,4.2298,0.4779,422,443,0,0,1
11640,4.3399,0.6955,421,442,0,1,1
11641,3.9224,0.8095,420,441,0,1,1
11642,4.2091,0.5916,419,440,0,1,1
11643,4.1118,0.6013,418,439,0,1,1
11644,4.1356,0.64,418,438,0,1,1
11645,4.2051,0.502,418,438,0,0,1
11646,4.261,0.4539,417,438,0,0,1
11647,4.4156,0.6231,417,437,0,1,1
11648,3.8088,0.4404,417,437,0,0,1
11649,4.2212,0.4808,416,437,0,0,1
11650,4.1216,0.4527,415,436,0,1,1
11651,4.2651,0.7105,415,435,0,1,1
11652,4.1106,0.4481,414,435,0,0,1
11653,4.1108,0.4422,414,434,0,1,1
11654,4.2206,0.4921,413,434,0,0,1
11655,4.1272,0.4684,412,433,0,1,1
11656,4.1852,0.7496,412,432,0,1,1
11657,4.1575,0.5008,412,432,0,0,1
11658,4.1603,0.6434,412,432,0,0,1
11659,4.204,0.6178,411,432,0,0,1
11660,4.1203,0.4431,410,431,0,1,1
11661,4.2411,0.5192,408,430,0,1,1
11662,4.1317,0.6759,407,428,0,2,1
11663,4.191,0.4866,407,427,0,1,1
11664,4.298,0.4419,407,427,0,0,1
11665,3.9642,0.5423,407,427,0,0,1
11666,4.2731,0.6697,407,427,0,0,1
11667,4.112,0.504,407,427,0,0,1
11668,4.1243,0.6261,407,427,0,0,1
11669,4.2965,0.4227,405,427,0,0,1
11670,4.1001,0.4746,405,425,0,2,1
11671,4.0851,0.4397,405,425,0,0,1
11672,4.1604,0.4581,405,425,0,0,1
11673,4.3678,0.63,405,425,0,0,1
11674,4.0439,0.4933,405,425,0,0,1
11675,4.1816,0.5029,404,425,0,0,1
11676,4.0775,0.468,403,424,0,1,1
11677,4.1832,0.5023,401,423,0,1,1
11678,4.2166,0.4884,401,421,0,2,1
11679,4.1187,0.7034,401,421,0,0,1
11680,4.2503,0.731,400,421,0,0,1
11681,4.1271,0.5693,400,420,0,1,1
11682,4.2613,0.5904,399,420,0,0,1
11683,4.11,0.5384,398,419,0,1,1
11684,4.0679,0.4949,397,418,0,1,1
11685,4.2684,0.6542,396,417,0,1,1
11686,4.1195,0.5159,396,416,0,1,1
11687,4.2385,0.509,396,416,0,0,1
11688,4.096,0.6197,395,416,0,0,1
11689,4.1326,0.4503,393,415,0,1,1
11690,4.4128,0.6828,392,413,0,2,1
11691,3.9437,0.4708,392,412,0,1,1
11692,4.1677,0.6029,392,412,0,0,1
11693,4.236,0.4307,392,412,0,0,1
11694,4.1453,0.5006,391,412,0,0,1
11695,4.1815,0.4638,390,411,0,1,1
11696,4.1203,0.4197,390,410,0,1,1
11697,4.1157,0.4143,389,410,0,0,1
11698,4.2584,0.4473,382,409,0,1,1
11699,4.4821,0.6284,381,402,0,7,1
11700,3.7855,0.4231,380,401,0,1,1
11701,4.1762,0.4348,380,400,0,1,1
11702,4.211,0.4721,380,400,0,0,1
11703,4.0954,0.5221,430,450,50,0,1
11704,4.2004,0.6727,427,450,0,0,1
11705,4.2062,0.5777,425,447,0,3,1
11706,4.2322,0.7069,425,445,0,2,1
11707,4.3039,0.5273,425,445,0,0,1
11708,3.8821,0.5049,423,445,0,0,1
11709,4.3598,0.7159,422,443,0,2,1
11710,4.036,0.4958,421,442,0,1,1
11711,4.1804,0.5915,419,441,0,1,1
11712,4.1,0.5042,418,439,0,2,1
11713,4.1811,0.4477,417,438,0,1,1
11714,4.2251,0.6837,416,437,0,1,1
11715,4.1183,0.5035,415,436,0,1,1
11716,4.1787,0.6298,414,435,0,1,1
11717,4.2909,0.4441,414,434,0,1,1
11718,4.0373,0.7219,414,434,0,0,1
11719,4.162,0.4767,414,434,0,0,1
11720,4.1379,0.4412,414,434,0,0,1
11721,4.1689,0.4894,413,434,0,0,1
11722,4.2429,0.4613,413,433,0,1,1
11723,4.3465,0.6411,412,433,0,0,1
11724,3.9481,0.7532,412,432,0,1,1
11725,4.1219,0.4811,410,432,0,0,1
11726,4.1604,0.5563,409,430,0,2,1
11727,4.1859,0.5568,409,429,0,1,1
11728,4.2099,0.569,409,429,0,0,1
11729,4.2036,0.6593,409,429,0,0,1
11730,4.149,0.6189,409,429,0,0,1
11731,4.1455,0.5001,409,429,0,0,1
11732,4.1352,0.4416,409,429,0,0,1
11733,4.2186,0.4843,408,429,0,0,1
11734,4.1918,0.4513,408,428,0,1,1
11735,4.2994,0.4332,408,428,0,0,1
11736,3.9757,0.7897,408,428,0,0,1
11737,4.1501,0.4469,406,428,0,0,1
11738,4.1936,0.4785,404,426,0,2,1
11739,4.1413,0.5319,404,424,0,2,1
11740,4.1534,0.4061,403,424,0,0,1
11741,4.338,0.4283,402,423,0,1,1
11742,4.0175,0.4235,402,422,0,1,1
11743,4.2189,0.6796,402,422,0,0,1
11744,4.1104,0.4556,401,422,0,0,1
11745,4.2309,0.6615,399,421,0,1,1
11746,4.2155,0.5154,398,419,0,2,1
11747,4.1026,0.696,398,418,0,1,1
11748,4.1313,0.4654,398,418,0,0,1
11749,4.1535,0.468,397,418,0,0,1
11750,4.1496,0.6649,397,417,0,1,1
11751,4.1928,0.6965,396,417,0,0,1
11752,4.1748,0.7244,396,416,0,1,1
11753,4.2058,0.4951,393,416,0,0,1
11754,4.163,0.7562,391,413,0,3,1
11755,4.2359,0.5526,391,411,0,2,1
11756,4.048,0.5098,389,411,0,0,1
11757,4.1835,0.5517,389,409,0,2,1
11758,4.1902,0.5164,389,409,0,0,1
11759,4.1213,0.6549,389,409,0,0,1
11760,4.2125,0.4878,389,409,0,0,1
11761,4.2991,0.6207,386,409,0,0,1
11762,4.0448,0.5778,386,406,0,3,1
11763,4.1245,0.5522,386,406,0,0,1
11764,4.1623,0.5956,385,406,0,0,1
11765,4.3523,0.5016,377,405,0,1,1
11766,4.0439,0.4612,374,397,0,8,1
11767,4.1829,0.6855,374,394,0,3,1
11768,4.0835,0.4317,373,394,0,0,1
11769,4.2223,0.4868,373,393,0,1,1
11770,4.2917,0.6367,423,443,50,0,1
11771,4.0125,0.5266,423,443,0,0,1
11772,4.0981,0.7401,422,443,0,0,1
11773,4.2488,0.8848,421,442,0,1,1
11774,4.1761,0.7031,421,441,0,1,1
11775,4.1693,0.6476,421,441,0,0,1
11776,4.0619,0.453,421,441,0,0,1
11777,4.2959,0.6571,421,441,0,0,1
11778,4.1509,0.7035,420,441,0,0,1
11779,4.1001,0.4459,420,440,0,1,1
11780,4.1931,0.4529,418,440,0,0,1
11781,4.1749,0.4295,418,438,0,2,1
11782,4.1746,0.6852,417,438,0,0,1
11783,4.2412,0.7543,416,437,0,1,1
11784,4.2648,0.4945,415,436,0,1,1
11785,4.0072,0.9619,415,435,0,1,1
11786,4.3834,0.7389,414,435,0,0,1
11787,3.9317,0.7,413,434,0,1,1
11788,4.1342,0.461,413,433,0,1,1
11789,4.173,0.4515,412,433,0,0,1
11790,4.2342,0.4695,411,432,0,1,1
11791,4.1466,0.5997,410,431,0,1,1
11792,4.1046,0.4323,410,430,0,1,1
11793,4.236,0.4848,408,430,0,0,1
11794,4.1369,0.4763,407,428,0,2,1
11795,4.2184,0.4826,407,427,0,1,1
11796,4.0613,0.4146,407,427,0,0,1
11797,4.1938,0.6344,405,427,0,0,1
11798,4.2548,0.7008,404,425,0,2,1
11799,4.0872,0.4442,404,424,0,1,1
11800,4.1869,0.7131,404,424,0,0,1
11801,4.1893,0.591,403,424,0,0,1
11802,4.1951,0.5578,403,423,0,1,1
11803,4.1427,0.5205,403,423,0,0,1
11804,4.1814,0.482,402,423,0,0,1
11805,4.2199,0.6674,400,422,0,1,1
11806,4.0956,0.6324,399,420,0,2,1
11807,4.1219,0.5486,399,419,0,1,1
11808,4.1822,0.6411,399,419,0,0,1
11809,4.1514,0.6382,398,419,0,0,1
11810,4.2082,0.6071,397,418,0,1,1
11811,4.2478,0.5153,396,417,0,1,1
11812,4.0928,0.5971,396,416,0,1,1
11813,4.1249,0.4865,394,416,0,0,1
11814,4.3031,0.5357,393,414,0,2,1
11815,4.064,0.4432,393,413,0,1,1
11816,4.1611,0.7152,393,413,0,0,1
11817,4.7233,0.4889,391,413,0,0,1
11818,3.7212,0.5261,388,411,0,2,1
11819,4.116,0.522,388,408,0,3,1
11820,4.061,0.4342,388,408,0,0,1
11821,4.1826,0.4234,388,408,0,0,1
11822,4.4101,0.4419,386,408,0,0,1
11823,4.0025,0.5316,386,406,0,2,1
11824,4.1089,0.4624,386,406,0,0,1
11825,4.185,0.4978,386,406,0,0,1
11826,4.1334,0.4584,385,406,0,0,1
11827,4.1575,0.479,384,405,0,1,1
11828,4.1592,0.4706,383,404,0,1,1
11829,4.3594,0.6344,382,403,0,1,1
11830,3.9574,0.6768,381,402,0,1,1
11831,4.3179,0.5125,380,401,0,1,1
11832,4.0268,0.4737,372,400,0,1,1
11833,4.1874,0.5022,371,392,0,8,1
11834,4.2449,0.7667,371,391,0,1,1
11835,4.1174,0.5413,370,391,0,0,1
11836,4.1705,0.6822,370,390,0,1,1
11837,4.2369,0.4981,369,390,0,0,1
11838,4.1306,0.7848,418,439,50,1,1
11839,4.0693,0.684,417,438,0,1,1
11840,4.1916,0.5031,417,437,0,1,1
11841,4.2343,0.5473,416,437,0,0,1
11842,4.0725,0.4821,416,436,0,1,1
11843,4.2457,0.5007,415,436,0,0,1
11844,4.1286,0.4288,415,435,0,1,1
11845,4.1583,0.4364,415,435,0,0,1
11846,4.2085,0.6128,415,435,0,0,1
11847,4.1255,0.5247,412,435,0,0,1
11848,4.2382,0.7073,412,432,0,3,1
11849,4.3598,0.6165,412,432,0,0,1
11850,3.905,0.4853,412,432,0,0,1
11851,4.4244,0.6681,412,432,0,0,1
11852,3.9008,0.5112,412,432,0,0,1
11853,4.1879,0.5144,412,432,0,0,1
11854,4.1977,0.6875,411,432,0,0,1
11855,4.2387,0.6576,411,431,0,1,1
11856,4.0918,0.6129,410,431,0,0,1
11857,4.1183,0.4446,407,430,0,1,1
11858,4.2039,0.5145,405,427,0,3,1
11859,4.1644,0.6756,405,425,0,2,1
11860,4.1777,0.5436,404,425,0,0,1
11861,4.1725,0.6575,404,424,0,1,1
11862,4.1667,0.5066,402,424,0,0,1
11863,4.1511,0.4517,402,422,0,2,1
11864,4.14,0.5728,401,422,0,0,1
11865,4.177,0.4528,401,421,0,1,1
11866,4.3982,0.4551,400,421,0,0,1
11867,3.9636,0.7146,400,420,0,1,1
11868,4.1571,0.427,399,420,0,0,1
11869,4.1343,0.4224,399,419,0,1,1
11870,4.1988,0.4838,397,419,0,0,1
11871,4.1483,0.541,396,417,0,2,1
11872,4.1424,0.9269,396,416,0,1,1
11873,4.1327,0.4264,395,416,0,0,1
11874,4.2811,0.7543,395,415,0,1,1
11875,4.1139,0.5278,395,415,0,0,1
11876,4.1527,0.5303,394,415,0,0,1
11877,4.1747,0.5207,394,414,0,1,1
11878,4.4383,0.4946,393,414,0,0,1
11879,3.9348,0.6532,393,413,0,1,1
11880,4.1095,0.5448,392,413,0,0,1
11881,4.2316,0.7541,392,412,0,1,1
11882,4.167,0.7899,391,412,0,0,1
11883,4.1763,0.6741,389,411,0,1,1
11884,4.0552,0.792,389,409,0,2,1
11885,4.3005,0.7319,387,409,0,0,1
11886,4.0945,0.6358,385,407,0,2,1
11887,4.1423,0.4813,385,405,0,2,1
11888,4.153,0.4286,385,405,0,0,1
11889,4.5707,0.6127,384,405,0,0,1
11890,3.808,0.498,383,404,0,1,1
11891,4.2429,0.5933,382,403,0,1,1
11892,4.0661,0.5786,381,402,0,1,1
11893,4.2312,0.625,381,401,0,1,1
11894,4.1154,0.4472,381,401,0,0,1
11895,4.1639,0.5222,381,401,0,0,1
11896,4.1425,0.4565,380,401,0,0,1
11897,4.1634,0.446,380,400,0,1,1
11898,4.3055,0.6434,379,400,0,0,1
11899,4.1238,0.6325,372,399,0,1,1
11900,4.0988,0.5551,372,392,0,7,1
11901,4.2329,0.5591,369,392,0,0,1
11902,4.1465,0.6141,367,389,0,3,1
11903,4.2238,0.7572,367,387,0,2,1
11904,4.2657,0.7702,367,387,0,0,1
11905,4.0511,0.9889,416,437,50,0,1
11906,4.4201,0.6825,416,436,0,1,1
11907,3.8421,0.5179,415,436,0,0,1
11908,4.1742,0.4511,413,435,0,1,1
11909,4.3233,0.674,413,433,0,2,1
11910,4.0301,0.7404,413,433,0,0,1
11911,4.1237,0.7468,411,433,0,0,1
11912,4.2017,0.4666,411,431,0,2,1
11913,4.1395,0.7033,409,431,0,0,1
11914,4.2211,0.7265,409,429,0,2,1
11915,4.1837,0.8245,409,429,0,0,1
11916,4.0998,0.9516,408,429,0,0,1
11917,4.1522,0.5029,408,428,0,1,1
11918,4.1728,0.6891,408,428,0,0,1
11919,4.2147,0.4455,408,428,0,0,1
11920,4.1438,0.6316,406,428,0,0,1
11921,4.4772,0.7101,404,426,0,2,1
11922,4.2648,0.4556,403,424,0,2,1
11923,3.9402,0.4812,403,423,0,1,1
11924,3.9722,0.4227,403,423,0,0,1
11925,4.2358,0.6795,403,423,0,0,1
11926,4.3533,0.5928,402,423,0,0,1
11927,3.9002,0.4395,402,422,0,1,1
11928,4.1893,0.5567,401,422,0,0,1
11929,4.1065,0.6151,401,421,0,1,1
11930,4.3717,0.441,401,421,0,0,1
11931,4.0432,0.5302,401,421,0,0,1
11932,4.1743,0.7162,401,421,0,0,1
11933,4.2154,0.4844,399,421,0,0,1
11934,4.1058,0.6836,396,419,0,2,1
11935,4.453,0.7121,395,416,0,3,1
11936,3.8723,0.5182,395,415,0,1,1
11937,4.1222,0.7421,395,415,0,0,1
11938,4.4873,0.5128,395,415,0,0,1
11939,3.9253,0.6091,394,415,0,0,1
11940,4.1127,0.4278,394,414,0,1,1
11941,4.1852,0.5234,393,414,0,0,1
11942,4.1818,0.6386,393,413,0,1,1
11943,4.171,0.4333,393,413,0,0,1
11944,4.1182,0.4341,393,413,0,0,1
11945,4.224,0.6675,393,413,0,0,1
11946,4.2548,0.6357,392,413,0,0,1
11947,4.081,0.6144,392,412,0,1,1
11948,4.1432,0.4121,389,412,0,0,1
11949,4.1538,0.4815,388,409,0,3,1
11950,4.2184,0.8031,386,408,0,1,1
11951,4.1591,0.6042,384,406,0,2,1
11952,4.0974,0.594,384,404,0,2,1
11953,4.1951,0.4194,384,404,0,0,1
11954,4.2089,0.5304,383,404,0,0,1
11955,4.1117,0.4445,382,403,0,1,1
11956,4.1835,0.6317,381,402,0,1,1
11957,4.3178,0.6576,381,401,0,1,1
11958,3.9896,0.6111,380,401,0,0,1
11959,4.2228,0.4593,379,400,0,1,1
11960,4.1258,0.4149,379,399,0,1,1
11961,4.2018,0.5929,379,399,0,0,1
11962,4.1758,0.4333,377,399,0,0,1
11963,4.2298,0.5099,377,397,0,2,1
11964,4.0648,0.4485,375,397,0,0,1
11965,4.1522,0.4198,374,395,0,2,1
11966,4.2171,0.4768,367,394,0,1,1
11967,4.1109,0.4961,367,387,0,7,1
11968,4.2322,0.4971,367,387,0,0,1
11969,4.2401,0.6188,367,387,0,0,1
11970,4.0983,0.6058,366,387,0,0,1
11971,4.1713,0.5475,364,386,0,1,1
11972,4.0679,0.6329,413,434,50,2,1
11973,4.2554,0.6341,413,433,0,1,1
11974,4.156,0.5037,411,433,0,0,1
11975,4.2489,0.4996,411,431,0,2,1
11976,4.018,0.4455,410,431,0,0,1
11977,4.1949,0.4311,410,430,0,1,1
11978,4.2135,0.6049,409,430,0,0,1
11979,4.1172,0.4891,409,429,0,1,1
11980,4.144,0.4227,409,429,0,0,1
11981,4.1855,0.4167,409,429,0,0,1
11982,4.221,0.5427,408,429,0,0,1
11983,4.0872,0.4746,407,428,0,1,1
11984,4.1952,0.4924,407,427,0,1,1
11985,4.1513,0.489,407,427,0,0,1
11986,4.18,0.5537,407,427,0,0,1
11987,4.149,0.7089,407,427,0,0,1
11988,4.1398,0.5904,405,427,0,0,1
11989,4.2113,0.4439,405,425,0,2,1
11990,4.2312,0.7685,405,425,0,0,1
11991,4.1022,0.425,403,425,0,0,1
11992,4.3983,0.6279,401,423,0,2,1
11993,3.9675,0.4362,399,421,0,2,1
11994,4.178,0.7848,398,419,0,2,1
11995,4.1768,0.4766,397,418,0,1,1
11996,4.1253,0.4172,397,417,0,1,1
11997,4.1402,0.4211,396,417,0,0,1
11998,4.1887,0.4417,396,416,0,1,1
11999,4.1887,0.6256,395,416,0,0,1
12000,4.1431,0.7432,394,415,0,1,1
12001,4.1655,0.4146,394,414,0,1,1
12002,4.2206,0.4811,394,414,0,0,1
12003,4.1176,0.4226,394,414,0,0,1
12004,4.19,0.6726,393,414,0,0,1
12005,4.3017,0.4499,393,413,0,1,1
12006,4.1213,0.6652,393,413,0,0,1
12007,4.114,0.4729,393,413,0,0,1
12008,4.0958,0.48,393,413,0,0,1
12009,4.1565,0.4188,392,413,0,0,1
12010,4.2597,0.4828,392,412,0,1,1
12011,4.1413,0.4524,392,412,0,0,1
12012,4.1529,0.7235,391,412,0,0,1
12013,4.1407,0.442,390,411,0,1,1
12014,4.1832,0.5026,390,410,0,1,1
12015,4.1564,0.5302,389,410,0,0,1
12016,4.14,0.5203,388,409,0,1,1
12017,4.1559,0.4884,388,408,0,1,1
12018,4.2423,0.7258,388,408,0,0,1
12019,4.2782,0.683,386,408,0,0,1
12020,4.0153,0.4561,385,406,0,2,1
12021,4.1696,0.4643,383,405,0,1,1
12022,4.1569,0.4816,380,403,0,2,1
12023,4.1688,0.6309,379,400,0,3,1
12024,4.2176,0.6894,379,399,0,1,1
12025,4.2545,0.6363,379,399,0,0,1
12026,4.0669,0.4944,378,399,0,0,1
12027,4.1365,0.4941,378,398,0,1,1
12028,4.1344,0.434,378,398,0,0,1
12029,4.1758,0.4171,377,398,0,0,1
12030,4.2018,0.6739,376,397,0,1,1
12031,4.2484,0.6568,376,396,0,1,1
12032,4.0801,0.414,376,396,0,0,1
12033,4.1419,0.409,375,396,0,0,1
12034,4.183,0.4136,367,395,0,1,1
12035,4.2063,0.4071,366,387,0,8,1
12036,4.0949,0.4009,366,386,0,1,1
12037,4.2722,0.668,364,386,0,0,1
12038,4.1059,0.5019,364,384,0,2,1
12039,4.1508,0.5779,413,434,50,0,1
12040,4.1272,0.4447,412,433,0,1,1
12041,4.1873,0.4755,410,432,0,1,1
12042,4.1729,0.7308,410,430,0,2,1
12043,4.204,0.4703,409,430,0,0,1
12044,4.1544,0.5768,409,429,0,1,1
12045,4.1453,0.4132,409,429,0,0,1
12046,4.3104,0.6273,409,429,0,0,1
12047,3.9975,0.4741,408,429,0,0,1
12048,4.1577,0.5316,407,428,0,1,1
12049,4.2495,0.7363,407,427,0,1,1
12050,4.2769,0.7151,407,427,0,0,1
12051,4.0366,0.568,407,427,0,0,1
12052,4.1051,0.4475,407,427,0,0,1
12053,5.1944,0.4378,406,427,0,0,1
12054,3.1511,0.4575,406,426,0,1,1
12055,4.1903,0.6052,405,426,0,0,1
12056,4.1837,0.4376,405,425,0,1,1
12057,4.1688,0.4546,405,425,0,0,1
12058,4.3178,0.6189,404,425,0,0,1
12059,4.0133,0.5329,403,424,0,1,1
12060,4.351,0.6965,402,423,0,1,1
12061,3.9722,0.4291,401,422,0,1,1
12062,4.1945,0.5927,401,421,0,1,1
12063,4.1796,0.4208,401,421,0,0,1
12064,4.1202,0.4624,401,421,0,0,1
12065,4.2506,0.47,401,421,0,0,1
12066,4.2273,0.4983,400,421,0,0,1
12067,4.0778,0.6792,400,420,0,1,1
12068,4.1283,0.4606,400,420,0,0,1
12069,4.2214,0.6905,400,420,0,0,1
12070,4.1651,0.5075,398,420,0,0,1
12071,4.0969,0.4585,397,418,0,2,1
12072,4.1283,0.6293,397,417,0,1,1
12073,4.2191,0.5732,396,417,0,0,1
12074,4.2135,0.6891,396,416,0,1,1
12075,4.1901,0.5262,396,416,0,0,1
12076,4.149,0.4815,396,416,0,0,1
12077,4.0691,0.4534,394,416,0,0,1
12078,4.2652,0.5312,392,414,0,2,1
12079,4.1564,0.5228,392,412,0,2,1
12080,4.1089,0.4787,392,412,0,0,1
12081,4.2035,0.6683,391,412,0,0,1
12082,4.1447,0.5328,390,411,0,1,1
12083,4.2303,0.5478,389,410,0,1,1
12084,4.0685,0.4871,388,409,0,1,1
12085,4.1973,0.4839,385,408,0,1,1
12086,4.2205,0.4955,384,405,0,3,1
12087,4.1034,0.5115,384,404,0,1,1
12088,4.2192,0.489,384,404,0,0,1
12089,4.4606,0.6348,383,404,0,0,1
12090,3.8987,0.6715,383,403,0,1,1
12091,4.1226,0.5658,382,403,0,0,1
12092,4.145,0.4792,380,402,0,1,1
12093,4.2437,0.4524,380,400,0,2,1
12094,4.1965,0.6957,378,400,0,0,1
12095,4.1057,0.448,377,398,0,2,1
12096,4.0673,0.4306,375,397,0,1,1
12097,4.2732,0.6483,375,395,0,2,1
12098,4.1388,0.5039,374,395,0,0,1
12099,4.1485,0.411,374,394,0,1,1
12100,4.215,0.4035,374,394,0,0,1
12101,4.1456,0.4066,374,394,0,0,1
12102,4.1695,0.6975,367,394,0,0,1
12103,4.1784,0.4675,366,387,0,7,1
12104,4.1241,0.408,366,386,0,1,1
12105,4.222,0.4296,365,386,0,0,1
12106,4.1074,0.5261,414,435,50,1,1
12107,4.3101,0.6824,414,434,0,1,1
12108,4.0178,0.4585,413,434,0,0,1
12109,4.1792,0.4288,413,433,0,1,1
12110,4.2455,0.5745,413,433,0,0,1
12111,4.0898,0.5162,412,433,0,0,1
12112,4.3471,0.7523,412,432,0,1,1
12113,4.029,0.465,412,432,0,0,1
12114,4.1775,0.5385,412,432,0,0,1
12115,4.1445,0.5154,411,432,0,0,1
12116,4.1182,0.4806,410,431,0,1,1
12117,4.2406,0.6216,410,430,0,1,1
12118,4.1097,0.5045,408,430,0,0,1
12119,4.2505,0.6929,408,428,0,2,1
12120,4.1117,0.6067,408,428,0,0,1
12121,4.2291,0.4988,408,428,0,0,1
12122,4.0538,0.5253,408,428,0,0,1
12123,4.2357,0.5542,408,428,0,0,1
12124,4.0929,0.4426,408,428,0,0,1
12125,4.1966,0.4608,407,428,0,0,1
12126,4.3021,0.4953,406,427,0,1,1
12127,4.0832,0.4884,406,426,0,1,1
12128,4.1165,0.4604,405,426,0,0,1
12129,4.195,0.4692,405,425,0,1,1
12130,4.1111,0.4326,404,425,0,0,1
12131,4.2545,0.6935,403,424,0,1,1
12132,4.1085,0.447,401,423,0,1,1
12133,4.1596,0.4221,400,421,0,2,1
12134,4.2197,0.5078,400,420,0,1,1
12135,4.1534,0.5991,400,420,0,0,1
12136,4.1088,0.4494,399,420,0,0,1
12137,4.3838,0.4404,399,419,0,1,1
12138,4.0338,0.7078,398,419,0,0,1
12139,4.1193,0.4866,398,418,0,1,1
12140,4.1693,0.4519,397,418,0,0,1
12141,4.1591,0.5126,397,417,0,1,1
12142,4.1402,0.6237,396,417,0,0,1
12143,4.2957,0.7206,396,416,0,1,1
12144,4.0803,0.4544,396,416,0,0,1
12145,4.1383,0.474,396,416,0,0,1
12146,4.4754,0.6517,396,416,0,0,1
12147,3.8936,0.5893,394,416,0,0,1
12148,4.1133,0.4862,394,414,0,2,1
12149,4.2836,0.4884,394,414,0,0,1
12150,4.1578,0.7437,394,414,0,0,1
12151,4.2747,0.617,392,414,0,0,1
12152,3.9762,0.4823,392,412,0,2,1
12153,4.1506,0.5382,390,412,0,0,1
12154,4.1544,0.5451,390,410,0,2,1
12155,4.2878,0.4938,390,410,0,0,1
12156,4.0943,0.7435,390,410,0,0,1
12157,4.1949,0.6388,390,410,0,0,1
12158,4.1193,0.4981,390,410,0,0,1
12159,4.1592,0.5381,390,410,0,0,1
12160,4.1443,0.6687,389,410,0,0,1
12161,4.1998,0.5011,389,409,0,1,1
12162,4.3026,0.7694,388,409,0,0,1
12163,4.1156,0.6962,387,408,0,1,1
12164,4.0844,0.492,385,407,0,1,1
12165,4.1837,0.5533,384,405,0,2,1
12166,4.2229,0.596,384,404,0,1,1
12167,4.1736,0.5724,384,404,0,0,1
12168,4.0623,0.4779,377,404,0,0,1
12169,4.1967,0.479,377,397,0,7,1
12170,4.1448,0.5625,377,397,0,0,1
12171,4.2384,0.6541,377,397,0,0,1
12172,4.1196,0.6999,377,397,0,0,1
12173,4.1281,0.4622,377,397,0,0,1
12174,4.1898,0.8624,427,447,50,0,1
12175,4.1844,0.7292,426,447,0,0,1
12176,4.1363,0.5501,426,446,0,1,1
12177,4.2251,0.5006,426,446,0,0,1
12178,4.0995,0.5154,426,446,0,0,1
12179,4.2591,0.4923,425,446,0,0,1
12180,4.1405,0.5441,424,445,0,1,1
12181,4.1552,0.6853,423,444,0,1,1
12182,4.481,0.6225,419,443,0,1,1
12183,3.9308,0.6816,419,439,0,4,1
12184,4.049,0.519,418,439,0,0,1
12185,4.5344,0.5403,417,438,0,1,1
12186,3.8964,0.705,416,437,0,1,1
12187,4.0709,0.615,416,436,0,1,1
12188,4.1849,0.4364,416,436,0,0,1
12189,4.2931,0.6583,416,436,0,0,1
12190,4.0688,0.5363,415,436,0,0,1
12191,4.2073,0.4823,414,435,0,1,1
12192,4.0049,0.46,414,434,0,1,1
12193,4.2446,0.78,414,434,0,0,1
12194,4.5319,1.0344,414,434,0,0,1
12195,3.8174,0.4401,414,434,0,0,1
12196,4.2189,0.7235,413,434,0,0,1
12197,4.0852,0.7028,411,433,0,1,1
12198,4.3307,0.9938,411,431,0,2,1
12199,4.0744,0.5327,411,431,0,0,1
12200,4.1345,0.5291,409,431,0,0,1
12201,4.4991,0.5793,407,429,0,2,1
12202,3.8109,0.4913,407,427,0,2,1
12203,4.2978,0.6141,406,427,0,0,1
12204,4.0321,0.4262,406,426,0,1,1
12205,4.167,0.4196,404,426,0,0,1
12206,4.2462,0.4524,404,424,0,2,1
12207,4.1464,0.4223,404,424,0,0,1
12208,4.1206,0.6087,403,424,0,0,1
12209,4.1784,0.4611,400,423,0,1,1
12210,4.1644,0.4382,400,420,0,3,1
12211,4.18,0.4656,399,420,0,0,1
12212,4.1569,0.4582,399,419,0,1,1
12213,4.1283,0.4595,399,419,0,0,1
12214,4.1922,0.4771,398,419,0,0,1
12215,4.2943,0.5448,398,418,0,1,1
12216,3.9721,0.716,398,418,0,0,1
12217,4.253,0.4754,398,418,0,0,1
12218,4.2056,0.549,397,418,0,0,1
12219,4.1078,0.5106,397,417,0,1,1
12220,4.1855,0.5158,397,417,0,0,1
12221,4.1451,0.8051,395,417,0,0,1
12222,4.3104,0.6104,395,415,0,2,1
12223,4.0957,0.5686,395,415,0,0,1
12224,4.1084,0.4741,393,415,0,0,1
12225,4.2115,0.4366,393,413,0,2,1
12226,4.124,0.5065,393,413,0,0,1
12227,4.2081,0.4954,393,413,0,0,1
12228,4.1108,0.4207,393,413,0,0,1
12229,4.1752,0.421,393,413,0,0,1
12230,4.1711,0.4828,391,413,0,0,1
12231,4.1536,0.4302,391,411,0,2,1
12232,4.329,0.6029,391,411,0,0,1
12233,4.0023,0.4289,391,411,0,0,1
12234,4.2352,0.7181,389,411,0,0,1
12235,4.1689,0.4782,382,409,0,2,1
12236,4.1203,0.4429,381,402,0,7,1
12237,4.4502,0.4122,379,401,0,1,1
12238,3.9684,0.6322,379,399,0,2,1
12239,4.3879,0.5767,379,399,0,0,1
12240,3.846,0.4096,379,399,0,0,1
12241,4.1736,0.5262,429,449,50,0,1
12242,4.1926,0.5027,429,449,0,0,1
12243,4.1407,0.5292,429,449,0,0,1
12244,4.1229,0.4336,428,449,0,0,1
12245,4.1426,0.7578,428,448,0,1,1
12246,4.2852,0.6193,427,448,0,0,1
12247,4.1818,0.6063,427,447,0,1,1
12248,4.1016,0.4514,427,447,0,0,1
12249,4.4053,0.4603,427,447,0,0,1
12250,4.2922,0.5278,426,447,0,0,1
12251,3.9115,0.4328,426,446,0,1,1
12252,4.1854,0.6693,425,446,0,0,1
12253,4.0531,0.4426,425,445,0,1,1
12254,4.2087,0.4883,422,445,0,0,1
12255,4.1035,0.5044,421,442,0,3,1
12256,4.1448,0.7338,420,441,0,1,1
12257,4.1534,0.6796,420,440,0,1,1
12258,4.3934,0.7548,419,440,0,0,1
12259,4.0178,0.5139,419,439,0,1,1
12260,4.1835,0.4413,416,439,0,0,1
12261,4.2125,0.5169,416,436,0,3,1
12262,4.1342,0.5445,415,436,0,0,1
12263,4.1603,0.6183,415,435,0,1,1
12264,4.1893,0.4354,415,435,0,0,1
12265,4.4105,0.6236,415,435,0,0,1
12266,3.8611,0.4478,415,435,0,0,1
12267,4.148,0.5609,415,435,0,0,1
12268,4.1791,0.486,414,435,0,0,1
12269,4.1282,0.439,412,434,0,1,1
12270,4.1792,0.4564,412,432,0,2,1
12271,4.2313,0.5671,410,432,0,0,1
12272,4.116,0.4773,410,430,0,2,1
12273,4.2269,0.5972,410,430,0,0,1
12274,4.0912,0.5417,410,430,0,0,1
12275,4.304,0.7763,410,430,0,0,1
12276,4.1452,0.4426,409,430,0,0,1
12277,4.2983,0.7361,409,429,0,1,1
12278,3.9884,0.5259,408,429,0,0,1
12279,4.1625,0.4442,407,428,0,1,1
12280,4.0722,0.4555,404,427,0,1,1
12281,4.633,0.6599,404,424,0,3,1
12282,3.8023,0.6135,403,424,0,0,1
12283,4.2787,0.6633,400,423,0,1,1
12284,4.006,0.4206,400,420,0,3,1
12285,4.4683,0.5525,399,420,0,0,1
12286,3.9199,0.4949,399,419,0,1,1
12287,4.1002,0.4166,399,419,0,0,1
12288,4.2054,0.6636,398,419,0,0,1
12289,4.2336,0.6965,397,418,0,1,1
12290,4.2099,0.5284,396,417,0,1,1
12291,4.0777,0.4477,396,416,0,1,1
12292,4.0965,0.5587,396,416,0,0,1
12293,4.1772,0.4543,396,416,0,0,1
12294,4.4651,0.6919,395,416,0,0,1
12295,4.2355,0.611,393,415,0,1,1
12296,3.8587,0.4389,393,413,0,2,1
12297,4.114,0.6758,393,413,0,0,1
12298,4.1681,0.4514,393,413,0,0,1
12299,4.4173,0.5191,392,413,0,0,1
12300,3.8818,0.4853,390,412,0,1,1
12301,4.2559,0.7595,388,410,0,2,1
12302,4.2454,0.6603,381,408,0,2,1
12303,4.0326,0.6753,381,401,0,7,1
12304,4.1625,0.4309,379,401,0,0,1
12305,4.267,0.4877,379,399,0,2,1
12306,4.214,0.7436,378,399,0,0,1
12307,4.0502,0.648,378,398,0,1,1
12308,4.151,0.6145,428,448,50,0,1
12309,4.2235,0.5779,426,448,0,0,1
12310,4.1508,0.6931,424,446,0,2,1
12311,4.1884,0.5176,422,444,0,2,1
12312,4.0841,0.6384,422,442,0,2,1
12313,4.2219,0.726,422,442,0,0,1
12314,4.1299,0.824,421,442,0,0,1
12315,4.2114,0.4372,420,441,0,1,1
12316,4.1205,0.433,419,440,0,1,1
12317,4.1289,0.4236,418,439,0,1,1
12318,4.2744,0.6333,416,438,0,1,1
12319,4.1569,0.7106,413,436,0,2,1
12320,4.11,0.4706,413,433,0,3,1
12321,4.2086,0.5458,413,433,0,0,1
12322,4.1905,0.6996,413,433,0,0,1
12323,4.087,0.463,413,433,0,0,1
12324,4.1649,0.4473,413,433,0,0,1
12325,4.1908,0.562,413,433,0,0,1
12326,4.3489,0.4794,411,433,0,0,1
12327,4.0551,0.4461,411,431,0,2,1
12328,4.0487,0.459,410,431,0,0,1
12329,4.2305,0.4847,410,430,0,1,1
12330,4.1992,0.4805,410,430,0,0,1
12331,4.1306,0.4523,408,430,0,0,1
12332,4.1538,0.4368,406,428,0,2,1
12333,4.2524,0.7366,406,426,0,2,1
12334,4.0954,0.7514,406,426,0,0,1
12335,4.198,0.5076,406,426,0,0,1
12336,4.0984,0.5464,406,426,0,0,1
12337,4.1942,0.4924,405,426,0,0,1
12338,4.3962,0.5372,405,425,0,1,1
12339,3.9248,0.4939,404,425,0,0,1
12340,4.1754,0.6267,404,424,0,1,1
12341,4.1196,0.4974,403,424,0,0,1
12342,4.2985,0.6453,403,423,0,1,1
12343,4.1359,0.4629,403,423,0,0,1
12344,4.1088,0.6114,402,423,0,0,1
12345,4.2549,0.9729,402,422,0,1,1
12346,4.0636,0.4655,402,422,0,0,1
12347,4.2381,0.6863,402,422,0,0,1
12348,4.105,0.7917,400,422,0,0,1
12349,4.1819,0.4397,398,420,0,2,1
12350,4.1952,0.502,398,418,0,2,1
12351,4.143,0.4171,397,418,0,0,1
12352,4.2437,0.4288,396,417,0,1,1
12353,4.0692,0.4708,394,416,0,1,1
12354,4.2593,0.5175,391,414,0,2,1
12355,4.1367,0.609,391,411,0,3,1
12356,4.1144,0.4564,391,411,0,0,1
12357,4.3806,0.7108,391,411,0,0,1
12358,3.9792,0.4479,389,411,0,0,1
12359,4.1566,0.4632,388,409,0,2,1
12360,4.2014,0.6908,388,408,0,1,1
12361,4.0917,0.5035,387,408,0,0,1
12362,4.2148,0.8355,386,407,0,1,1
12363,4.1859,0.5069,386,406,0,1,1
12364,4.1579,0.7578,386,406,0,0,1
12365,4.0946,0.4621,386,406,0,0,1
12366,4.3266,0.5658,385,406,0,0,1
12367,4.0416,0.5171,385,405,0,1,1
12368,4.1736,0.4975,385,405,0,0,1
12369,4.2219,0.5116,378,405,0,0,1
12370,4.0769,0.5291,377,398,0,7,1
12371,4.3113,0.6694,377,397,0,1,1
12372,4.0671,0.7568,377,397,0,0,1
12373,4.1634,0.5338,377,397,0,0,1
12374,4.2173,0.5653,375,397,0,0,1
12375,4.0895,0.9018,423,445,50,2,1
12376,4.1857,0.6999,423,443,0,2,1
12377,4.2513,0.7898,423,443,0,0,1
12378,4.0771,0.8779,423,443,0,0,1
12379,4.2095,0.5206,422,443,0,0,1
12380,4.1506,0.4356,420,442,0,1,1
12381,4.4311,0.6295,420,440,0,2,1
12382,3.8919,0.4599,420,440,0,0,1
12383,4.193,0.7421,420,440,0,0,1
12384,4.1358,0.524,419,440,0,0,1
12385,4.2229,0.6662,419,439,0,1,1
12386,4.1312,0.5412,419,439,0,0,1
12387,4.1729,0.4499,418,439,0,0,1
12388,4.1105,0.618,417,438,0,1,1
12389,4.1839,0.5117,417,437,0,1,1
12390,4.3301,0.6835,417,437,0,0,1
12391,4.0189,0.5204,417,437,0,0,1
12392,4.1603,0.5712,416,437,0,0,1
12393,4.2296,0.4842,416,436,0,1,1
12394,4.1874,0.5674,416,436,0,0,1
12395,4.1238,0.6795,415,436,0,0,1
12396,4.246,0.8053,415,435,0,1,1
12397,4.1048,0.5988,414,435,0,0,1
12398,4.1656,0.5217,413,434,0,1,1
12399,4.1154,0.4536,413,433,0,1,1
12400,4.188,0.6909,413,433,0,0,1
12401,4.1641,0.689,411,433,0,0,1
12402,4.2507,0.6463,411,431,0,2,1
12403,4.1053,0.4811,411,431,0,0,1
12404,4.1414,0.4187,410,431,0,0,1
12405,4.4905,0.6381,410,430,0,1,1
12406,3.8379,0.4801,409,430,0,0,1
12407,4.218,0.7179,409,429,0,1,1
12408,4.0912,0.5484,408,429,0,0,1
12409,4.1861,0.7585,406,428,0,1,1
12410,4.219,0.5351,405,426,0,2,1
12411,4.175,0.824,403,425,0,1,1
12412,4.0644,0.5129,403,423,0,2,1
12413,4.1891,0.4703,402,423,0,0,1
12414,4.3315,0.7091,402,422,0,1,1
12415,4.0981,0.6956,402,422,0,0,1
12416,4.0815,0.4783,400,422,0,0,1
12417,4.1933,0.4765,400,420,0,2,1
12418,4.2118,0.4814,399,420,0,0,1
12419,4.1676,0.4499,399,419,0,1,1
12420,4.124,0.6442,397,419,0,0,1
12421,4.2794,0.7077,396,417,0,2,1
12422,4.1078,0.4896,395,416,0,1,1
12423,4.0914,0.4404,394,415,0,1,1
12424,4.1347,0.6279,394,414,0,1,1
12425,4.2189,0.4602,394,414,0,0,1
12426,4.4816,0.6601,394,414,0,0,1
12427,3.9099,0.6765,393,414,0,0,1
12428,4.0906,0.4168,390,413,0,1,1
12429,4.1654,0.4651,389,410,0,3,1
12430,4.1675,0.4732,388,409,0,1,1
12431,4.1722,0.4167,387,408,0,1,1
12432,4.1242,0.6173,386,407,0,1,1
12433,4.2269,0.4386,385,406,0,1,1
12434,4.3838,0.6077,384,405,0,1,1
12435,4.0178,0.5145,384,404,0,1,1
12436,4.0939,0.6175,384,404,0,0,1
12437,4.1101,0.4159,377,404,0,0,1
12438,4.2525,0.4433,376,397,0,7,1
12439,4.1458,0.5552,376,396,0,1,1
12440,4.1657,0.4481,375,396,0,0,1
12441,4.1655,0.4651,374,395,0,1,1
12442,4.1356,0.5943,424,444,50,1,1
12443,4.2445,0.4829,422,444,0,0,1
12444,4.0922,0.6158,422,442,0,2,1
12445,4.179,0.6654,422,442,0,0,1
12446,4.1641,0.5778,422,442,0,0,1
12447,4.1929,0.4861,420,442,0,0,1
12448,4.1689,0.6656,419,440,0,2,1
12449,4.1907,0.4968,418,439,0,1,1
12450,4.2434,0.6745,416,438,0,1,1
12451,4.0908,0.4608,416,436,0,2,1
12452,4.1146,0.4398,416,436,0,0,1
12453,4.2103,0.4895,416,436,0,0,1
12454,4.4318,0.6829,416,436,0,0,1
12455,3.9274,0.4853,416,436,0,0,1
12456,4.0804,0.4341,416,436,0,0,1
12457,4.1823,0.4911,415,436,0,0,1
12458,4.2401,0.5141,415,435,0,1,1
12459,4.0947,0.5362,414,435,0,0,1
12460,4.1903,0.7541,414,434,0,1,1
12461,4.1198,0.5411,413,434,0,0,1
12462,4.2805,0.5089,412,433,0,1,1
12463,4.1501,0.4717,412,432,0,1,1
12464,4.1069,0.497,411,432,0,0,1
12465,4.1954,0.6545,410,431,0,1,1
12466,4.1377,0.4919,410,430,0,1,1
12467,4.195,0.5967,410,430,0,0,1
12468,4.0968,0.4796,410,430,0,0,1
12469,4.2354,0.453,410,430,0,0,1
12470,4.1663,0.4378,410,430,0,0,1
12471,4.0958,0.4185,409,430,0,0,1
12472,4.2097,0.4674,408,429,0,1,1
12473,4.1672,0.7756,408,428,0,1,1
12474,4.2902,0.5575,408,428,0,0,1
12475,4.0945,0.6832,406,428,0,0,1
12476,4.1405,0.7085,406,426,0,2,1
12477,4.4838,0.6154,406,426,0,0,1
12478,3.826,0.4654,406,426,0,0,1
12479,4.2225,0.4773,404,426,0,0,1
12480,4.1297,0.7149,403,424,0,2,1
12481,4.1299,0.5566,402,423,0,1,1
12482,4.507,0.6154,402,422,0,1,1
12483,3.8691,0.5378,402,422,0,0,1
12484,4.2117,0.7229,401,422,0,0,1
12485,4.1657,0.6728,400,421,0,1,1
12486,4.1681,0.65,398,420,0,1,1
12487,4.4607,0.4504,397,418,0,2,1
12488,3.8217,0.4879,396,417,0,1,1
12489,4.1255,0.5954,395,416,0,1,1
12490,4.2708,0.5888,394,415,0,1,1
12491,4.2607,0.6526,394,414,0,1,1
12492,4.0103,0.6389,394,414,0,0,1
12493,4.177,0.4255,394,414,0,0,1
12494,4.4959,0.4498,392,414,0,0,1
12495,3.789,0.4302,392,412,0,2,1
12496,4.1921,0.74,392,412,0,0,1
12497,4.3342,0.6089,392,412,0,0,1
12498,4.3172,0.6793,389,412,0,0,1
12499,4.2089,0.6626,389,409,0,3,1
12500,3.822,0.4125,389,409,0,0,1
12501,4.4897,0.4109,388,409,0,0,1
12502,3.8025,0.4681,388,408,0,1,1
12503,4.3669,0.5349,387,408,0,0,1
12504,3.8894,0.3866,387,407,0,1,1
12505,4.1852,0.3561,378,407,0,0,1
12506,4.5896,0.4838,377,398,0,9,1
12507,3.7163,0.3508,376,397,0,1,1
12508,4.1741,0.3494,375,396,0,1,1
12509,4.1872,0.3942,375,395,0,1,1
12510,4.3097,0.68,424,445,50,0,1
12511,4.3457,0.5731,424,444,0,1,1
12512,3.8377,0.4304,423,444,0,0,1
12513,4.4839,0.5589,423,443,0,1,1
12514,3.9381,0.4647,423,443,0,0,1
12515,4.3318,0.5824,422,443,0,0,1
12516,3.8959,0.5303,421,442,0,1,1
12517,4.4505,0.5247,418,441,0,1,1
12518,4.192,0.5026,417,438,0,3,1
12519,3.8622,0.4302,417,437,0,1,1
12520,4.1667,0.4127,416,437,0,0,1
12521,4.3153,0.3992,415,436,0,1,1
12522,4.2311,0.524,415,435,0,1,1
12523,4.1277,0.5218,414,435,0,0,1
12524,4.0072,0.3486,413,434,0,1,1
12525,4.3148,0.4846,413,433,0,1,1
12526,4.2058,0.4303,412,433,0,0,1
12527,3.9698,0.3363,412,432,0,1,1
12528,4.1506,0.6114,412,432,0,0,1
12529,4.3167,0.4829,412,432,0,0,1
12530,4.1732,0.4953,412,432,0,0,1
12531,4.1321,0.5276,412,432,0,0,1
12532,4.0919,0.5009,412,432,0,0,1
12533,4.089,0.3794,412,432,0,0,1
12534,4.3707,0.572,411,432,0,0,1
12535,4.1052,0.5985,411,431,0,1,1
12536,4.0441,0.3561,411,431,0,0,1
12537,4.165,0.3541,411,431,0,0,1
12538,4.3651,0.3951,411,431,0,0,1
12539,4.1724,0.4256,410,431,0,0,1
12540,3.9847,0.3477,410,430,0,1,1
12541,4.2638,0.5587,410,430,0,0,1
12542,4.1959,0.5529,410,430,0,0,1
12543,4.0514,0.3426,410,430,0,0,1
12544,4.1465,0.3918,409,430,0,0,1
12545,4.3133,0.4224,409,429,0,1,1
12546,4.1059,0.3899,409,429,0,0,1
12547,4.2674,0.577,407,429,0,0,1
12548,4.0136,0.3998,406,427,0,2,1
12549,4.421,0.5198,406,426,0,1,1
12550,3.8813,0.4072,405,426,0,0,1
12551,4.3468,0.4531,405,425,0,1,1
12552,3.9833,0.356,404,425,0,0,1
12553,4.2246,0.582,402,424,0,1,1
12554,4.2235,0.5234,401,422,0,2,1
12555,4.1862,0.4916,400,421,0,1,1
12556,4.0429,0.3381,399,420,0,1,1
12557,4.1663,0.352,398,419,0,1,1
12558,4.2736,0.5143,397,418,0,1,1
12559,4.2227,0.5203,397,417,0,1,1
12560,4.0406,0.3729,396,417,0,0,1
12561,4.3119,0.4598,394,416,0,1,1
12562,4.1891,0.4948,393,414,0,2,1
12563,4.0972,0.4356,392,413,0,1,1
12564,4.0173,0.4929,391,412,0,1,1
12565,4.2245,0.5264,391,411,0,1,1
12566,4.4358,0.5825,389,411,0,0,1
12567,3.9612,0.4002,389,409,0,2,1
12568,4.1148,0.3752,388,409,0,0,1
12569,4.4093,0.6103,388,408,0,1,1
12570,4.0648,0.5162,385,408,0,0,1
12571,4.133,0.3853,377,405,0,3,1
12572,4.0889,0.3718,377,397,0,8,1
12573,4.2335,0.4506,377,397,0,0,1
12574,4.1646,0.4745,377,397,0,0,1
12575,4.0965,0.3864,377,397,0,0,1
12576,4.1654,0.429,376,397,0,0,1
12577,4.1839,0.8765,426,446,50,1,1
12578,4.2514,0.8269,426,446,0,0,1
12579,4.1384,0.7011,424,446,0,0,1
12580,4.161,0.7277,423,444,0,2,1
12581,4.1121,0.5581,422,443,0,1,1
12582,4.3029,0.6863,421,442,0,1,1
12583,4.106,0.4649,421,441,0,1,1
12584,4.0864,0.4774,421,441,0,0,1
12585,4.5554,0.5633,419,441,0,0,1
12586,3.8421,0.68,419,439,0,2,1
12587,4.2051,0.4853,419,439,0,0,1
12588,4.1158,0.6012,419,439,0,0,1
12589,4.1523,0.5707,419,439,0,0,1
12590,4.2292,0.6731,419,439,0,0,1
12591,4.095,0.4554,419,439,0,0,1
12592,4.1756,0.7718,419,439,0,0,1
12593,4.1749,0.5473,418,439,0,0,1
12594,4.258,0.7401,417,438,0,1,1
12595,4.1376,0.5767,417,437,0,1,1
12596,4.094,0.4334,415,437,0,0,1
12597,4.2921,0.6807,413,435,0,2,1
12598,4.0076,0.456,413,433,0,2,1
12599,4.2465,0.6057,412,433,0,0,1
12600,4.0537,0.4347,411,432,0,1,1
12601,4.2361,0.4485,411,431,0,1,1
12602,4.3912,0.5751,410,431,0,0,1
12603,3.9485,0.4368,410,430,0,1,1
12604,4.1839,0.663,410,430,0,0,1
12605,4.1639,0.4873,408,430,0,0,1
12606,4.1476,0.4578,407,428,0,2,1
12607,4.1872,0.5163,406,427,0,1,1
12608,4.1513,0.4535,404,426,0,1,1
12609,4.2286,0.4851,402,424,0,2,1
12610,4.1129,0.5271,402,422,0,2,1
12611,4.3344,0.6233,402,422,0,0,1
12612,3.8953,0.6759,401,422,0,0,1
12613,4.2598,0.56,400,421,0,1,1
12614,4.2309,0.701,400,420,0,1,1
12615,4.1004,0.5214,399,420,0,0,1
12616,4.2482,0.7973,399,419,0,1,1
12617,4.3398,0.6742,398,419,0,0,1
12618,3.913,0.478,397,418,0,1,1
12619,4.5172,0.5644,397,417,0,1,1
12620,3.8417,0.4613,397,417,0,0,1
12621,4.1464,0.5975,396,417,0,0,1
12622,4.1878,0.4417,395,416,0,1,1
12623,4.1832,0.4865,394,415,0,1,1
12624,4.1057,0.5962,394,414,0,1,1
12625,4.2594,0.4824,394,414,0,0,1
12626,4.1165,0.5654,394,414,0,0,1
12627,4.1943,0.6206,392,414,0,0,1
12628,4.1475,0.7066,392,412,0,2,1
12629,4.2898,0.6402,391,412,0,0,1
12630,4.0782,0.4988,391,411,0,1,1
12631,4.1591,0.4748,390,411,0,0,1
12632,4.1203,0.4224,389,410,0,1,1
12633,4.1405,0.4239,387,409,0,1,1
12634,4.1922,0.4554,386,407,0,2,1
12635,4.4367,0.6206,386,406,0,1,1
12636,3.8514,0.4078,386,406,0,0,1
12637,4.2069,0.4232,386,406,0,0,1
12638,4.1559,0.5848,378,406,0,0,1
12639,4.1541,0.4237,378,398,0,8,1
12640,4.1768,0.4546,378,398,0,0,1
12641,4.2509,0.645,378,398,0,0,1
12642,4.1041,0.4519,377,398,0,0,1
12643,4.1778,0.6151,377,397,0,1,1
12644,4.1643,0.5012,427,447,50,0,1
12645,4.1918,0.4848,427,447,0,0,1
12646,4.1553,0.509,426,447,0,0,1
12647,4.1357,0.4472,424,446,0,1,1
12648,4.1415,0.4893,423,444,0,2,1
12649,4.2326,0.697,423,443,0,1,1
12650,4.214,0.5118,422,443,0,0,1
12651,4.0838,0.5631,421,442,0,1,1
12652,4.2367,0.7577,419,441,0,1,1
12653,4.1419,0.5571,419,439,0,2,1
12654,4.3887,0.6492,418,439,0,0,1
12655,4.2352,0.6527,418,438,0,1,1
12656,3.8365,0.4448,418,438,0,0,1
12657,4.1925,0.4917,418,438,0,0,1
12658,4.1751,0.5285,417,438,0,0,1
12659,4.1578,0.5726,416,437,0,1,1
12660,4.2065,0.7614,416,436,0,1,1
12661,4.1474,0.4839,416,436,0,0,1
12662,4.4963,0.5033,416,436,0,0,1
12663,3.8448,0.4331,414,436,0,0,1
12664,4.0957,0.4735,413,434,0,2,1
12665,4.2268,0.6665,413,433,0,1,1
12666,4.2483,0.7492,411,433,0,0,1
12667,4.1136,0.6581,411,431,0,2,1
12668,4.0961,0.4783,411,431,0,0,1
12669,4.1668,0.5516,410,431,0,0,1
12670,4.2262,0.5916,410,430,0,1,1
12671,4.0917,0.6484,409,430,0,0,1
12672,4.1502,0.4597,407,429,0,1,1
12673,4.3689,0.7414,406,427,0,2,1
12674,4.0586,0.5172,406,426,0,1,1
12675,4.1028,0.4329,406,426,0,0,1
12676,4.1948,0.5798,405,426,0,0,1
12677,4.1726,0.4375,405,425,0,1,1
12678,4.4343,0.6376,404,425,0,0,1
12679,3.9847,0.6382,404,424,0,1,1
12680,4.0588,0.4997,401,424,0,0,1
12681,4.1972,0.4263,400,421,0,3,1
12682,4.2589,0.6219,400,420,0,1,1
12683,4.3421,0.4137,399,420,0,0,1
12684,3.8673,0.4382,398,419,0,1,1
12685,4.1469,0.4212,398,418,0,1,1
12686,4.4814,0.6182,397,418,0,0,1
12687,3.8326,0.4084,396,417,0,1,1
12688,4.2132,0.7547,393,416,0,1,1
12689,4.5109,0.4167,391,413,0,3,1
12690,3.9272,0.7642,391,411,0,2,1
12691,4.2212,0.6716,391,411,0,0,1
12692,4.0374,0.4179,390,411,0,0,1
12693,4.4754,0.6028,390,410,0,1,1
12694,3.8196,0.6121,387,410,0,0,1
12695,4.5166,0.6928,387,407,0,3,1
12696,3.8623,0.6945,386,407,0,0,1
12697,4.146,0.6656,386,406,0,1,1
12698,4.3072,0.6512,384,406,0,0,1
12699,4.0431,0.4236,383,404,0,2,1
12700,4.1736,0.605,383,403,0,1,1
12701,4.5001,0.4005,383,403,0,0,1
12702,4.1472,0.6589,382,403,0,0,1
12703,4.0174,0.4017,382,402,0,1,1
12704,3.9755,0.4513,382,402,0,0,1
12705,4.574,0.6349,375,402,0,0,1
12706,3.8455,0.6427,375,395,0,7,1
12707,4.0302,0.3809,375,395,0,0,1
12708,4.1568,0.3767,375,395,0,0,1
12709,4.1669,0.3908,375,395,0,0,1
12710,4.371,0.8684,373,395,0,0,1
12711,3.9778,0.4969,422,443,50,2,1
12712,4.2102,0.4211,420,442,0,1,1
12713,4.4512,0.5754,420,440,0,2,1
12714,3.8848,0.6036,420,440,0,0,1
12715,4.3759,0.6832,419,440,0,0,1
12716,3.8589,0.532,418,439,0,1,1
12717,4.1989,0.5099,417,438,0,1,1
12718,4.1338,0.3837,416,437,0,1,1
12719,4.4966,0.5011,415,436,0,1,1
12720,3.8227,0.3804,415,435,0,1,1
12721,4.1723,0.3557,414,435,0,0,1
12722,4.163,0.4846,413,434,0,1,1
12723,4.1607,0.3753,412,433,0,1,1
12724,4.1785,0.5524,412,432,0,1,1
12725,4.3246,0.4858,411,432,0,0,1
12726,4.1075,0.5192,411,431,0,1,1
12727,4.2255,0.4858,410,431,0,0,1
12728,4.0015,0.3921,408,430,0,1,1
12729,4.4284,0.5765,408,428,0,2,1
12730,3.9047,0.4348,407,428,0,0,1
12731,4.3544,0.524,404,427,0,1,1
12732,3.9966,0.4988,404,424,0,3,1
12733,4.1857,0.4944,404,424,0,0,1
12734,4.2174,0.4346,402,424,0,0,1
12735,4.0934,0.3516,400,422,0,2,1
12736,4.2389,0.6909,400,420,0,2,1
12737,4.2228,0.496,399,420,0,0,1
12738,4.2132,0.5021,398,419,0,1,1
12739,4.1127,0.4477,397,418,0,1,1
12740,4.0677,0.3676,396,417,0,1,1
12741,4.704,0.4162,396,416,0,1,1
12742,3.5955,0.3804,395,416,0,0,1
12743,4.2771,0.4673,395,415,0,1,1
12744,4.1092,0.3737,395,415,0,0,1
12745,4.2898,0.4429,395,415,0,0,1
12746,4.1137,0.5522,395,415,0,0,1
12747,4.3472,0.5502,394,415,0,0,1
12748,3.8822,0.7618,393,414,0,1,1
12749,4.3396,0.408,392,413,0,1,1
12750,4.1416,0.4184,392,412,0,1,1
12751,4.1176,0.3687,391,412,0,0,1
12752,4.1168,0.3447,391,411,0,1,1
12753,4.1965,0.4339,390,411,0,0,1
12754,4.2097,0.3328,389,410,0,1,1
12755,4.3289,0.6714,389,409,0,1,1
12756,3.9954,0.3637,389,409,0,0,1
12757,4.1754,0.5363,389,409,0,0,1
12758,4.0918,0.5666,389,409,0,0,1
12759,4.2194,0.3476,389,409,0,0,1
12760,4.1655,0.6063,388,409,0,0,1
12761,4.2553,0.678,387,408,0,1,1
12762,4.4129,0.6161,387,407,0,1,1
12763,3.9443,0.6574,387,407,0,0,1
12764,4.0447,0.4784,386,407,0,0,1
12765,4.434,0.4837,385,406,0,1,1
12766,3.9782,0.5169,383,405,0,1,1
12767,4.2565,0.8415,383,403,0,2,1
12768,4.2281,0.6677,382,403,0,0,1
12769,4.0048,0.5443,380,402,0,1,1
12770,4.1295,0.4962,379,400,0,2,1
12771,4.1352,0.5387,378,399,0,1,1
12772,4.1504,0.4719,377,398,0,1,1
12773,4.2666,0.6076,370,397,0,1,1
12774,4.1037,0.4621,369,390,0,7,1
12775,4.3713,0.6029,366,389,0,1,1
12776,3.9284,0.454,366,386,0,3,1
12777,4.2369,0.4179,365,386,0,0,1
12778,4.3524,0.5851,413,435,50,1,1
12779,3.9179,0.4543,413,433,0,2,1
12780,4.2023,0.8581,412,433,0,0,1
12781,4.2068,0.7649,412,432,0,1,1
12782,4.1304,0.6251,411,432,0,0,1
12783,4.1692,0.5511,411,431,0,1,1
12784,4.1333,0.5196,411,431,0,0,1
12785,4.2054,0.4583,410,431,0,0,1
12786,4.3246,0.6555,410,430,0,1,1
12787,3.9531,0.6145,410,430,0,0,1
12788,4.2022,0.426,410,430,0,0,1
12789,4.1406,0.4504,410,430,0,0,1
12790,4.1614,0.435,410,430,0,0,1
12791,4.1864,0.4367,409,430,0,0,1
12792,4.2582,0.7651,407,429,0,1,1
12793,4.1165,0.7329,406,427,0,2,1
12794,4.1068,0.6572,405,426,0,1,1
12795,4.2189,0.4847,405,425,0,1,1
12796,4.0911,0.4943,405,425,0,0,1
12797,4.3512,0.4878,404,425,0,0,1
12798,4.0926,0.7073,404,424,0,1,1
12799,4.0803,0.6105,404,424,0,0,1
12800,4.2074,0.6336,404,424,0,0,1
12801,4.1312,0.4268,404,424,0,0,1
12802,4.1882,0.4865,404,424,0,0,1
12803,4.1564,0.5416,404,424,0,0,1
12804,4.2044,0.4381,404,424,0,0,1
12805,4.2868,0.6496,404,424,0,0,1
12806,3.9929,0.5058,403,424,0,0,1
12807,4.2026,0.4322,403,423,0,1,1
12808,4.1402,0.4519,402,423,0,0,1
12809,4.1414,0.4183,402,422,0,1,1
12810,4.2236,0.6302,401,422,0,0,1
12811,4.2528,0.8096,399,421,0,1,1
12812,4.0877,0.6267,399,419,0,2,1
12813,4.1157,0.4203,399,419,0,0,1
12814,4.2655,0.5338,398,419,0,0,1
12815,4.099,0.4831,398,418,0,1,1
12816,4.161,0.7235,398,418,0,0,1
12817,4.2118,0.7284,398,418,0,0,1
12818,4.0819,0.6264,398,418,0,0,1
12819,4.5241,0.5,396,418,0,0,1
12820,3.8448,0.5476,395,416,0,2,1
12821,4.1277,0.5069,395,415,0,1,1
12822,4.1878,0.5671,392,415,0,0,1
12823,4.2363,0.6354,391,412,0,3,1
12824,4.1405,0.4536,390,411,0,1,1
12825,4.1165,0.4175,388,410,0,1,1
12826,4.216,0.4369,388,408,0,2,1
12827,4.0867,0.4353,387,408,0,0,1
12828,4.2131,0.6079,386,407,0,1,1
12829,4.2118,0.6287,384,406,0,1,1
12830,4.108,0.4492,384,404,0,2,1
12831,4.2341,0.4289,384,404,0,0,1
12832,4.1199,0.588,384,404,0,0,1
12833,4.2485,0.5205,383,404,0,0,1
12834,4.1794,0.4893,382,403,0,1,1
12835,4.1396,0.428,380,402,0,1,1
12836,4.1187,0.45,378,400,0,2,1
12837,4.2443,0.4429,378,398,0,2,1
12838,4.0863,0.6092,378,398,0,0,1
12839,4.1809,0.4639,376,398,0,0,1
12840,4.1326,0.4669,367,396,0,2,1
12841,4.1746,0.4423,367,387,0,9,1
12842,4.4563,0.4384,367,387,0,0,1
12843,3.9084,0.4198,367,387,0,0,1
12844,4.1945,0.7527,367,387,0,0,1
12845,4.1894,0.5838,366,387,0,0,1
12846,4.1365,0.6641,416,436,50,1,1
12847,4.1095,0.4481,416,436,0,0,1
12848,4.1931,0.4729,415,436,0,0,1
12849,4.2767,0.6697,415,435,0,1,1
12850,4.0822,0.4986,415,435,0,0,1
12851,4.1548,0.4877,414,435,0,0,1
12852,4.2293,0.4576,413,434,0,1,1
12853,4.0658,0.5347,412,433,0,1,1
12854,4.519,0.7547,409,432,0,1,1
12855,3.8316,0.487,409,429,0,3,1
12856,4.1559,0.5998,408,429,0,0,1
12857,4.1765,0.5836,408,428,0,1,1
12858,4.327,0.6081,408,428,0,0,1
12859,4.4283,0.5253,407,428,0,0,1
12860,3.7684,0.5031,406,427,0,1,1
12861,4.2179,0.66,406,426,0,1,1
12862,4.0809,0.4455,406,426,0,0,1
12863,4.2337,0.5299,406,426,0,0,1
12864,4.1507,0.6091,406,426,0,0,1
12865,4.1302,0.4261,406,426,0,0,1
12866,4.2155,0.4694,406,426,0,0,1
12867,4.1416,0.4665,406,426,0,0,1
12868,4.2799,0.7447,406,426,0,0,1
12869,4.3203,0.6872,405,426,0,0,1
12870,3.9422,0.665,403,425,0,1,1
12871,4.0977,0.4192,402,423,0,2,1
12872,4.1888,0.5916,402,422,0,1,1
12873,4.3274,0.5909,401,422,0,0,1
12874,4.012,0.4315,401,421,0,1,1
12875,4.1764,0.4179,400,421,0,0,1
12876,4.1676,0.7362,397,420,0,1,1
12877,4.1333,0.4358,396,417,0,3,1
12878,4.3572,0.5151,395,416,0,1,1
12879,4.0161,0.4357,394,415,0,1,1
12880,4.1028,0.777,394,414,0,1,1
12881,4.2042,0.4761,394,414,0,0,1
12882,4.2388,0.5673,394,414,0,0,1
12883,4.2515,0.4729,393,414,0,0,1
12884,4.0046,0.545,392,413,0,1,1
12885,4.1927,0.572,392,412,0,1,1
12886,4.1299,0.6975,390,412,0,0,1
12887,4.1599,0.5134,390,410,0,2,1
12888,4.1396,0.6795,390,410,0,0,1
12889,4.5514,0.7216,388,410,0,0,1
12890,3.9161,0.5918,386,408,0,2,1
12891,4.0844,0.4719,384,406,0,2,1
12892,4.1443,0.5166,384,404,0,2,1
12893,4.3742,0.8514,384,404,0,0,1
12894,4.0564,0.7734,383,404,0,0,1
12895,4.1114,0.5419,382,403,0,1,1
12896,4.1379,0.465,381,402,0,1,1
12897,4.1636,0.5915,380,401,0,1,1
12898,4.2123,0.4635,380,400,0,1,1
12899,4.2018,0.6944,379,400,0,0,1
12900,4.0399,0.5506,379,399,0,1,1
12901,4.2307,0.4298,378,399,0,0,1
12902,4.3165,0.4524,377,398,0,1,1
12903,3.9854,0.4288,376,397,0,1,1
12904,4.1627,0.4439,376,396,0,1,1
12905,4.3173,0.4046,374,396,0,0,1
12906,4.0959,0.4403,372,394,0,2,1
12907,4.4283,0.5416,365,392,0,2,1
12908,3.8613,0.4061,365,385,0,7,1
12909,4.1948,0.4288,364,385,0,0,1
12910,4.1904,0.4354,362,384,0,1,1
12911,4.1574,0.4088,362,382,0,2,1
12912,4.1096,0.4074,362,382,0,0,1
12913,4.226,0.5941,412,432,50,0,1
12914,4.1678,0.5115,411,432,0,0,1
12915,4.0909,0.4713,410,431,0,1,1
12916,4.1524,0.4216,410,430,0,1,1
12917,4.2538,0.4659,410,430,0,0,1
12918,4.2267,0.7088,410,430,0,0,1
12919,4.1787,0.4838,409,430,0,0,1
12920,4.078,0.4417,407,429,0,1,1
12921,4.1152,0.6077,407,427,0,2,1
12922,4.2252,0.5491,406,427,0,0,1
12923,4.187,0.5002,406,426,0,1,1
12924,4.1714,0.7409,406,426,0,0,1
12925,4.3593,0.6248,406,426,0,0,1
12926,4.0173,0.5901,406,426,0,0,1
12927,4.0462,0.4473,406,426,0,0,1
12928,4.1427,0.5594,406,426,0,0,1
12929,4.2047,0.643,405,426,0,0,1
12930,4.2345,0.4637,405,425,0,1,1
12931,4.1918,0.4384,405,425,0,0,1
12932,4.0671,0.4808,404,425,0,0,1
12933,4.1528,0.4776,404,424,0,1,1
12934,4.2576,0.5551,404,424,0,0,1
12935,4.1104,0.4407,404,424,0,0,1
12936,4.0972,0.4124,404,424,0,0,1
12937,4.3728,0.6777,404,424,0,0,1
12938,4.3605,0.577,404,424,0,0,1
12939,3.8333,0.4205,402,424,0,0,1
12940,4.1754,0.5554,401,422,0,2,1
12941,4.2078,0.5334,401,421,0,1,1
12942,4.1389,0.6955,401,421,0,0,1
12943,4.2126,0.6798,401,421,0,0,1
12944,4.0907,0.4616,400,421,0,0,1
12945,4.1657,0.4657,399,420,0,1,1
12946,4.1559,0.4492,399,419,0,1,1
12947,4.2345,0.4658,397,419,0,0,1
12948,4.0845,0.6741,396,417,0,2,1
12949,4.2844,0.749,396,416,0,1,1
12950,4.267,0.469,395,416,0,0,1
12951,4.0767,0.6315,394,415,0,1,1
12952,4.0898,0.6407,394,414,0,1,1
12953,4.1536,0.744,393,414,0,0,1
12954,4.2354,0.6387,393,413,0,1,1
12955,4.4049,0.4269,392,413,0,0,1
12956,3.854,0.4681,390,412,0,1,1
12957,4.2206,0.5692,388,410,0,2,1
12958,4.1715,0.6681,387,408,0,2,1
12959,4.0962,0.4647,387,407,0,1,1
12960,4.1583,0.5021,385,407,0,0,1
12961,4.2171,0.7359,384,405,0,2,1
12962,4.1669,0.6667,383,404,0,1,1
12963,4.1408,0.4457,382,403,0,1,1
12964,4.1973,0.6824,381,402,0,1,1
12965,4.4525,0.4366,381,401,0,1,1
12966,3.9619,0.4518,381,401,0,0,1
12967,4.0673,0.5321,379,401,0,0,1
12968,4.1499,0.4516,377,399,0,2,1
12969,4.1896,0.4663,377,397,0,2,1
12970,4.117,0.4311,376,397,0,0,1
12971,4.2869,0.5393,376,396,0,1,1
12972,4.0651,0.3904,374,396,0,0,1
12973,4.1745,0.5775,373,394,0,2,1
12974,4.3109,0.4136,366,393,0,1,1
12975,4.0556,0.4073,365,386,0,7,1
12976,4.1496,0.713,365,385,0,1,1
12977,4.2055,0.4677,365,385,0,0,1
12978,4.243,0.5965,365,385,0,0,1
12979,4.153,0.4801,364,385,0,0,1
12980,4.0763,0.5413,414,434,50,1,1
12981,4.2649,0.5584,414,434,0,0,1
12982,4.0554,0.589,414,434,0,0,1
12983,4.2536,0.4891,413,434,0,0,1
12984,4.4725,0.5719,411,433,0,1,1
12985,3.8271,0.5,410,431,0,2,1
12986,4.1843,0.7337,409,430,0,1,1
12987,4.0845,0.431,409,429,0,1,1
12988,4.1926,0.4915,408,429,0,0,1
12989,4.1949,0.4803,408,428,0,1,1
12990,4.1821,0.4958,408,428,0,0,1
12991,4.2405,0.7249,407,428,0,0,1
12992,4.0321,0.4607,407,427,0,1,1
12993,4.1349,0.6998,406,427,0,0,1
12994,4.167,0.7587,405,426,0,1,1
12995,4.2718,0.5539,405,425,0,1,1
12996,4.0309,0.6951,405,425,0,0,1
12997,4.2254,0.4963,404,425,0,0,1
12998,4.4907,0.509,404,424,0,1,1
12999,3.8717,0.5089,404,424,0,0,1
13000,4.2595,0.7118,404,424,0,0,1
13001,4.0858,0.5041,404,424,0,0,1
13002,4.1319,0.4735,402,424,0,0,1
13003,4.1674,0.4094,402,422,0,2,1
13004,4.1673,0.4938,402,422,0,0,1
13005,4.1758,0.605,402,422,0,0,1
13006,4.2102,0.4719,401,422,0,0,1
13007,4.1417,0.4751,401,421,0,1,1
13008,4.096,0.5892,401,421,0,0,1
13009,4.2411,0.507,400,421,0,0,1
13010,4.2563,0.6258,399,420,0,1,1
13011,4.0212,0.5188,398,419,0,1,1
13012,4.1972,0.617,396,418,0,1,1
13013,4.167,0.4518,396,416,0,2,1
13014,4.2398,0.4899,396,416,0,0,1
13015,4.1202,0.475,396,416,0,0,1
13016,4.102,0.4813,395,416,0,0,1
13017,4.2402,0.4172,395,415,0,1,1
13018,4.2037,0.4538,395,415,0,0,1
13019,4.5304,0.5298,395,415,0,0,1
13020,3.7583,0.4679,395,415,0,0,1
13021,4.2184,0.4705,395,415,0,0,1
13022,4.0696,0.5759,394,415,0,0,1
13023,4.1862,0.4046,393,414,0,1,1
13024,4.1914,0.4227,393,413,0,1,1
13025,4.2594,0.7024,393,413,0,0,1
13026,4.0964,0.5031,392,413,0,0,1
13027,4.1207,0.4219,392,412,0,1,1
13028,4.1664,0.4062,392,412,0,0,1
13029,4.172,0.441,392,412,0,0,1
13030,4.2279,0.4339,391,412,0,0,1
13031,4.1566,0.7185,391,411,0,1,1
13032,4.14,0.6483,391,411,0,0,1
13033,4.434,0.5509,391,411,0,0,1
13034,3.9316,0.4729,391,411,0,0,1
13035,4.1358,0.3983,390,411,0,0,1
13036,4.1439,0.6947,390,410,0,1,1
13037,4.2403,0.7204,389,410,0,0,1
13038,4.1108,0.7226,388,409,0,1,1
13039,4.1929,0.4591,387,408,0,1,1
13040,4.1292,0.4295,386,407,0,1,1
13041,4.439,0.5995,378,406,0,1,1
13042,3.8678,0.4635,377,398,0,8,1
13043,4.1811,0.3962,377,397,0,1,1
13044,4.2268,0.6926,376,397,0,0,1
13045,4.1626,0.49,375,396,0,1,1
13046,4.5352,0.4177,375,395,0,1,1
13047,3.7512,0.5656,425,445,50,0,1
13048,4.1416,0.4733,425,445,0,0,1
13049,4.2217,0.8264,425,445,0,0,1
13050,4.2827,0.7768,424,445,0,0,1
13051,4.0635,0.5507,423,444,0,1,1
13052,4.1213,0.5164,423,443,0,1,1
13053,4.4424,0.6741,423,443,0,0,1
13054,3.9516,0.5103,423,443,0,0,1
13055,4.1424,0.5531,422,443,0,0,1
13056,4.1007,0.4899,421,442,0,1,1
13057,4.4105,0.6102,421,441,0,1,1
13058,4.0028,0.4957,420,441,0,0,1
13059,4.1593,0.5945,419,440,0,1,1
13060,4.1409,0.5399,418,439,0,1,1
13061,4.1584,0.625,416,438,0,1,1
13062,4.2414,0.7456,416,436,0,2,1
13063,4.1905,0.6767,415,436,0,0,1
13064,4.0585,0.5083,414,435,0,1,1
13065,4.1495,0.4551,413,434,0,1,1
13066,4.2512,0.5457,413,433,0,1,1
13067,4.1174,0.4748,412,433,0,0,1
13068,4.1273,0.4425,411,432,0,1,1
13069,4.2329,0.6315,410,431,0,1,1
13070,4.1945,0.547,410,430,0,1,1
13071,4.1512,0.4281,410,430,0,0,1
13072,4.0899,0.4413,410,430,0,0,1
13073,4.2338,0.5162,410,430,0,0,1
13074,4.1247,0.5791,408,430,0,0,1
13075,4.2639,0.4051,408,428,0,2,1
13076,4.0706,0.4754,408,428,0,0,1
13077,4.1741,0.5117,408,428,0,0,1
13078,4.1853,0.5096,406,428,0,0,1
13079,4.1459,0.4933,406,426,0,2,1
13080,4.1368,0.7453,406,426,0,0,1
13081,4.2342,0.7669,406,426,0,0,1
13082,4.1248,0.5768,406,426,0,0,1
13083,4.1583,0.4478,405,426,0,0,1
13084,4.1547,0.4317,403,425,0,1,1
13085,4.2437,0.4825,402,423,0,2,1
13086,4.1647,0.522,401,422,0,1,1
13087,4.1731,0.4306,401,421,0,1,1
13088,4.1024,0.4779,397,421,0,0,1
13089,4.2184,0.487,397,417,0,4,1
13090,4.1023,0.4417,397,417,0,0,1
13091,4.1514,0.4269,397,417,0,0,1
13092,4.1635,0.5901,396,417,0,0,1
13093,4.2171,0.6537,395,416,0,1,1
13094,4.1086,0.4267,395,415,0,1,1
13095,4.1998,0.4329,395,415,0,0,1
13096,4.2178,0.5058,393,415,0,0,1
13097,4.188,0.469,393,413,0,2,1
13098,4.1976,0.4443,393,413,0,0,1
13099,4.3022,0.4277,392,413,0,0,1
13100,3.9677,0.4312,392,412,0,1,1
13101,4.4233,0.6011,391,412,0,0,1
13102,3.8906,0.4482,391,411,0,1,1
13103,4.1365,0.5734,391,411,0,0,1
13104,4.1484,0.5746,390,411,0,0,1
13105,4.2399,0.4233,389,410,0,1,1
13106,4.2024,0.6425,389,409,0,1,1
13107,4.4102,0.4017,388,409,0,0,1
13108,3.8898,0.4791,388,408,0,1,1
13109,4.4007,0.5376,380,408,0,0,1
13110,4.0086,0.6623,379,400,0,8,1
13111,4.0696,0.4283,379,399,0,1,1
13112,4.1525,0.4116,379,399,0,0,1
13113,4.2304,0.4044,378,399,0,0,1
13114,4.1558,0.5698,427,448,50,1,1
13115,4.1723,0.485,425,447,0,1,1
13116,4.094,0.5148,425,445,0,2,1
13117,4.1647,0.4435,425,445,0,0,1
13118,4.273,0.5884,424,445,0,0,1
13119,4.0717,0.5027,422,444,0,1,1
13120,4.1923,0.758,421,442,0,2,1
13121,4.209,0.5176,420,441,0,1,1
13122,4.1761,0.5123,420,440,0,1,1
13123,4.05,0.4292,420,440,0,0,1
13124,4.1997,1.1729,2,440,0,0,0
13125,4.1908,0.4987,2,23,0,417,0
13126,4.1526,0.4976,2,23,0,0,0
13127,4.2207,0.3596,2,23,0,0,0
13128,4.0789,0.5199,2,23,0,0,0
13129,4.2803,0.3777,2,23,0,0,0
13130,4.3686,0.524,2,23,0,0,0
13131,3.8913,0.4128,2,23,0,0,0
13132,4.2946,0.4227,2,23,0,0,0
13133,4.0935,0.3969,2,23,0,0,0
13134,4.1784,0.3892,2,23,0,0,0
13135,4.1491,0.3577,2,23,0,0,0
13136,4.1075,0.3347,2,23,0,0,0
13137,4.2516,0.3008,2,23,0,0,0
13138,4.1277,0.3546,2,23,0,0,0
13139,4.2005,0.3843,2,23,0,0,0
13140,4.1427,0.384,2,23,0,0,0
13141,4.1208,0.3102,2,23,0,0,0
13142,4.2213,0.382,2,23,0,0,0
13143,4.1108,0.3124,2,23,0,0,0
13144,4.2086,0.5878,2,23,0,0,0
13145,4.1942,0.3883,2,23,0,0,0
13146,4.1677,0.3858,2,23,0,0,0
13147,4.1676,0.6572,2,23,0,0,0
13148,4.0887,0.3089,2,23,0,0,0
13149,4.185,0.3491,2,23,0,0,0
13150,4.233,0.5647,2,23,0,0,0
13151,4.1264,0.3352,2,23,0,0,0
13152,4.1803,0.3766,2,23,0,0,0
13153,4.1101,0.3095,2,23,0,0,0
13154,4.2076,0.3944,2,23,0,0,0
13155,4.1336,0.31,2,23,0,0,0
13156,4.1957,0.6113,2,23,0,0,0
13157,4.1962,0.3175,2,23,0,0,0
13158,4.3341,0.3733,2,23,0,0,0
13159,3.99,0.3555,2,23,0,0,0
13160,4.1348,0.3318,2,23,0,0,0
13161,4.1798,0.3589,2,23,0,0,0
13162,4.2347,0.3382,2,23,0,0,0
13163,4.3127,0.3724,2,23,0,0,0
13164,3.9302,0.3569,2,23,0,0,0
13165,4.1645,0.3482,2,23,0,0,0
13166,4.1595,0.3267,2,23,0,0,0
13167,4.1754,0.3123,2,23,0,0,0
13168,4.1504,0.3209,2,23,0,0,0
13169,4.2285,0.3268,2,23,0,0,0
13170,4.169,0.3678,2,23,0,0,0
13171,4.114,0.3107,2,23,0,0,0
13172,4.1536,0.3177,2,23,0,0,0
13173,4.2066,0.3113,2,23,0,0,0
13174,4.2204,0.3414,2,23,0,0,0
13175,4.1825,0.5847,2,23,0,0,0
13176,4.1087,0.5859,2,23,0,0,0
13177,4.4478,0.4683,2,23,0,0,0
13178,3.8999,0.3851,2,23,0,0,0
13179,4.1079,0.2917,2,23,0,0,0
13180,4.2215,0.6066,2,23,0,0,0
13181,4.0972,0.3168,2,23,0,0,0
13182,4.3044,0.6226,2,23,0,0,0
13183,4.3597,0.4899,2,23,0,0,0
13184,3.828,0.3208,2,23,0,0,0
13185,4.2581,0.3608,2,23,0,0,0
13186,4.195,0.3478,2,23,0,0,0
13187,4.1054,0.4221,2,23,0,0,0
13188,4.2819,0.3236,2,23,0,0,0
13189,4.0683,0.354,2,23,0,0,0
13190,4.3801,0.4731,2,23,0,0,0
13191,3.9224,0.3103,2,23,0,0,0
13192,4.142,0.3134,2,23,0,0,0
13193,4.2174,0.3336,2,23,0,0,0
13194,4.2532,0.5891,2,23,0,0,0
13195,4.15,0.316,2,23,0,0,0
13196,4.073,0.3212,2,23,0,0,0
13197,4.4575,0.3241,2,23,0,0,0
13198,3.9621,0.3556,2,23,0,0,0
13199,4.1009,0.4202,2,23,0,0,0
13200,4.1029,0.3273,2,23,0,0,0
13201,4.2542,0.6007,2,23,0,0,0
13202,4.1447,0.3931,2,23,0,0,0
13203,4.4561,0.3114,2,23,0,0,0
13204,3.834,0.3229,2,23,0,0,0
13205,4.2344,0.4418,2,23,0,0,0
13206,4.1676,0.3374,2,23,0,0,0
13207,4.0957,0.3111,2,23,0,0,0
13208,4.1875,0.3118,2,23,0,0,0
13209,4.199,0.3594,2,23,0,0,0
13210,4.1381,0.4619,2,23,0,0,0
13211,4.2846,0.4045,2,23,0,0,0
13212,3.9687,0.3135,2,23,0,0,0
13213,4.243,0.3143,2,23,0,0,0
13214,4.2758,0.3123,2,23,0,0,0
13215,4.0996,0.3106,2,23,0,0,0
13216,4.3836,0.3123,2,23,0,0,0
13217,3.9531,0.3521,2,23,0,0,0
13218,4.1773,0.3281,2,23,0,0,0
13219,4.0822,0.2673,2,23,0,0,0
13220,4.2261,0.3174,2,23,0,0,0
13221,4.2108,0.5036,2,23,0,0,0
13222,4.1102,0.3192,2,23,0,0,0
13223,4.1763,0.3242,2,23,0,0,0
13224,4.1275,0.3285,2,23,0,0,0
13225,4.2461,0.3091,2,23,0,0,0
13226,4.0809,0.3184,2,23,0,0,0
13227,4.1939,0.3147,2,23,0,0,0
13228,4.2212,0.3624,2,23,0,0,0
13229,4.1116,0.3237,2,23,0,0,0
13230,4.2212,0.3495,2,23,0,0,0
13231,4.1379,0.4178,2,23,0,0,0
13232,4.1443,0.3194,2,23,0,0,0
13233,4.205,0.3549,2,23,0,0,0
13234,4.1255,0.3521,2,23,0,0,0
13235,4.2468,0.3611,2,23,0,0,0
13236,4.0706,0.3849,2,23,0,0,0
13237,4.183,0.4132,2,23,0,0,0
13238,4.2653,0.3121,2,23,0,0,0
13239,4.1133,0.4009,2,23,0,0,0
13240,4.0776,0.3154,2,23,0,0,0
13241,4.2082,0.3658,2,23,0,0,0
13242,4.3186,0.5819,2,23,0,0,0
13243,3.9753,0.3219,2,23,0,0,0
13244,4.2102,0.3191,2,23,0,0,0
13245,4.2556,0.3256,2,23,0,0,0
13246,4.1528,0.5958,2,23,0,0,0
13247,4.1225,0.3113,2,23,0,0,0
13248,4.1282,0.356,2,23,0,0,0
13249,4.3189,0.5819,2,23,0,0,0
13250,4.0726,0.3476,2,23,0,0,0
13251,4.1158,0.3027,2,23,0,0,0
13252,4.2434,0.6517,2,23,0,0,0
13253,4.1486,0.3557,2,23,0,0,0
13254,4.425,0.364,2,23,0,0,0
13255,3.913,0.7002,2,23,0,0,0
13256,4.063,0.3322,2,23,0,0,0
13257,4.5622,0.313,2,23,0,0,0
13258,3.8728,0.3149,2,23,0,0,0
13259,4.1229,0.3127,2,23,0,0,0
13260,4.4357,0.3839,2,23,0,0,0
13261,3.8871,0.3348,2,23,0,0,0
13262,4.331,0.3338,2,23,0,0,0
13263,3.977,0.3137,2,23,0,0,0
13264,4.3148,0.4457,2,23,0,0,0
13265,4.0456,0.3209,2,23,0,0,0
13266,4.2879,0.5544,2,23,0,0,0
13267,4.0327,0.3375,2,23,0,0,0
13268,4.173,0.3113,2,23,0,0,0
13269,4.1998,0.4776,2,23,0,0,0
13270,4.1907,0.385,2,23,0,0,0
13271,4.1636,0.3518,2,23,0,0,0
13272,4.165,0.3613,2,23,0,0,0
13273,4.4035,0.3235,2,23,0,0,0
13274,4.1919,0.3365,2,23,0,0,0
13275,3.8751,0.4142,2,23,0,0,0
13276,4.1773,0.6463,2,23,0,0,0
13277,4.163,0.3546,2,23,0,0,0
13278,4.2203,0.358,2,23,0,0,0
13279,4.1481,0.3594,2,23,0,0,0
13280,4.1295,0.3765,2,23,0,0,0
13281,4.207,0.5018,2,23,0,0,0
13282,4.1873,0.3721,2,23,0,0,0
13283,4.2015,0.3699,2,23,0,0,0
13284,4.0138,0.3452,2,23,0,0,0
13285,4.1911,0.3088,2,23,0,0,0
13286,4.1545,0.3342,2,23,0,0,0
13287,4.2203,0.337,2,23,0,0,0
13288,4.1231,0.3575,2,23,0,0,0
13289,4.3147,0.3712,2,23,0,0,0
13290,4.144,0.3834,2,23,0,0,0
13291,4.0344,0.3148,2,23,0,0,0
13292,4.1968,0.3712,2,23,0,0,0
13293,4.2346,0.3377,2,23,0,0,0
13294,4.1826,0.3844,2,23,0,0,0
13295,4.173,0.3412,2,23,0,0,0
13296,4.0548,0.3557,2,23,0,0,0
13297,4.1857,0.3334,2,23,0,0,0
13298,4.5059,0.5914,2,23,0,0,0
13299,3.8239,0.3286,2,23,0,0,0
13300,4.1564,0.5255,2,23,0,0,0
13301,4.2194,0.3334,2,23,0,0,0
13302,4.3064,0.6436,2,23,0,0,0
13303,4.0447,0.3762,2,23,0,0,0
13304,4.1187,0.311,2,23,0,0,0
13305,4.1886,0.3588,2,23,0,0,0
13306,4.2257,0.3357,2,23,0,0,0
13307,4.1291,0.305,2,23,0,0,0
13308,4.144,0.4126,2,23,0,0,0
13309,4.1941,0.606,2,23,0,0,0
13310,4.1671,0.3004,2,23,0,0,0
13311,4.148,0.4895,2,23,0,0,0
13312,4.162,0.5851,2,23,0,0,0
13313,4.1875,0.3231,2,23,0,0,0
13314,4.1908,0.3152,2,23,0,0,0
13315,4.1103,0.311,2,23,0,0,0
13316,4.1521,0.3096,2,23,0,0,0
13317,4.1542,0.3119,2,23,0,0,0
13318,4.2495,0.4574,2,23,0,0,0
13319,4.1647,0.5299,2,23,0,0,0
13320,4.0855,0.3573,2,23,0,0,0
13321,4.1827,0.3084,2,23,0,0,0
13322,4.2571,0.5618,2,23,0,0,0
13323,4.0678,0.3168,2,23,0,0,0
13324,4.2159,0.4664,2,23,0,0,0
13325,4.2024,0.3268,2,23,0,0,0
13326,4.0956,0.309,2,23,0,0,0
13327,4.2269,0.3132,2,23,0,0,0
13328,4.0986,0.3348,2,23,0,0,0
13329,4.2273,0.357,2,23,0,0,0
13330,4.0977,0.335,2,23,0,0,0
13331,4.205,0.3569,2,23,0,0,0
13332,4.1077,0.5046,2,23,0,0,0
13333,4.3164,0.4312,2,23,0,0,0
13334,4.0751,0.3112,2,23,0,0,0
13335,4.4565,0.3333,2,23,0,0,0
13336,3.8967,0.4555,2,23,0,0,0
13337,4.4363,0.32,2,23,0,0,0
13338,4.1774,0.5826,2,23,0,0,0
13339,3.9152,0.3191,2,23,0,0,0
13340,4.1187,0.328,2,23,0,0,0
13341,4.1152,0.4102,2,23,0,0,0
13342,4.2422,0.5321,2,23,0,0,0
13343,4.1353,0.3162,2,23,0,0,0
13344,4.0635,0.5021,2,23,0,0,0
13345,4.2342,0.3128,2,23,0,0,0
13346,4.3302,0.5916,2,23,0,0,0
13347,4.0247,0.3151,2,23,0,0,0
13348,4.2177,0.364,2,23,0,0,0
13349,4.4072,0.3284,2,23,0,0,0
13350,3.8996,0.5224,2,23,0,0,0
13351,4.1826,0.5978,2,23,0,0,0
13352,4.158,0.3317,2,23,0,0,0
13353,4.1782,0.3571,2,23,0,0,0
13354,4.1451,0.3149,2,23,0,0,0
13355,4.2182,0.3599,2,23,0,0,0
13356,4.0881,0.3229,2,23,0,0,0
13357,4.1811,0.49,2,23,0,0,0
13358,4.2518,0.3152,2,23,0,0,0
13359,4.0777,0.3159,2,23,0,0,0
13360,4.2059,0.3856,2,23,0,0,0
13361,4.1891,0.3517,2,23,0,0,0
13362,4.2294,0.5928,2,23,0,0,0
13363,4.0064,0.273,2,23,0,0,0
13364,4.2228,0.3127,2,23,0,0,0
13365,4.3022,0.352,2,23,0,0,0
13366,4.0472,0.3435,2,23,0,0,0
13367,4.3366,0.474,2,23,0,0,0
13368,3.914,0.3239,2,23,0,0,0
13369,4.2674,0.6113,2,23,0,0,0
13370,4.2936,0.5024,2,23,0,0,0
13371,4.029,0.31,2,23,0,0,0
13372,4.0927,0.5312,2,23,0,0,0
13373,4.2053,0.3113,2,23,0,0,0
13374,4.205,0.3772,2,23,0,0,0
13375,4.1898,0.456,2,23,0,0,0
13376,4.0991,0.33,2,23,0,0,0
13377,4.3448,0.4689,2,23,0,0,0
13378,4.0326,0.3552,2,23,0,0,0
13379,4.196,0.379,2,23,0,0,0
13380,4.0643,0.4517,2,23,0,0,0
13381,4.1939,0.5191,2,23,0,0,0
13382,4.2214,0.308,2,23,0,0,0
13383,4.1507,0.4167,2,23,0,0,0
13384,4.1983,0.6326,2,23,0,0,0
13385,4.1649,0.3786,2,23,0,0,0
13386,4.0957,0.3358,2,23,0,0,0
13387,4.1321,0.2754,2,23,0,0,0
13388,4.2114,0.5245,2,23,0,0,0
13389,4.2236,0.316,2,23,0,0,0
13390,4.1153,0.3798,2,23,0,0,0
13391,4.2129,0.3561,2,23,0,0,0
13392,4.1526,0.4652,2,23,0,0,0
13393,4.2095,0.3839,2,23,0,0,0
13394,4.3689,0.3172,2,23,0,0,0
13395,3.8787,0.3121,2,23,0,0,0
13396,4.2627,0.4193,2,23,0,0,0
13397,4.0883,0.5926,2,23,0,0,0
13398,4.2296,0.3582,2,23,0,0,0
13399,4.1637,0.4433,2,23,0,0,0
13400,4.1188,0.455,2,23,0,0,0
13401,4.1966,0.3382,2,23,0,0,0
13402,4.1744,0.3673,2,23,0,0,0
13403,4.2156,0.3442,2,23,0,0,0
13404,4.0869,0.3245,2,23,0,0,0
13405,4.1459,0.3087,2,23,0,0,0
13406,4.1174,0.3158,2,23,0,0,0
13407,4.206,0.3138,2,23,0,0,0
13408,4.1548,0.3616,2,23,0,0,0
13409,4.3992,0.6127,2,23,0,0,0
13410,3.9887,0.5804,2,23,0,0,0
13411,4.1642,0.3124,2,23,0,0,0
13412,4.1338,0.3931,2,23,0,0,0
13413,4.2288,0.4746,2,23,0,0,0
13414,4.1759,0.3314,2,23,0,0,0
13415,4.2506,0.3452,2,23,0,0,0
13416,3.9996,0.3344,2,23,0,0,0
13417,4.1886,0.5251,2,23,0,0,0
13418,4.1853,0.3983,2,23,0,0,0
13419,4.1367,0.3217,2,23,0,0,0
13420,4.1708,0.5874,2,23,0,0,0
13421,4.269,0.3829,2,23,0,0,0
13422,4.1814,0.357,2,23,0,0,0
13423,4.0786,0.5286,2,23,0,0,0
13424,4.145,0.3114,2,23,0,0,0
13425,4.173,0.3268,2,23,0,0,0
13426,4.2314,0.3939,2,23,0,0,0
13427,4.1281,0.3183,2,23,0,0,0
13428,4.1336,0.3579,2,23,0,0,0
13429,4.2462,0.5355,2,23,0,0,0
13430,4.0765,0.3272,2,23,0,0,0
13431,4.1706,0.3359,2,23,0,0,0
13432,4.1573,0.3566,2,23,0,0,0
13433,4.2368,0.3072,2,23,0,0,0
13434,4.1595,0.3308,2,23,0,0,0
13435,4.1091,0.3109,2,23,0,0,0
13436,4.1738,0.3095,2,23,0,0,0
13437,4.2394,0.3751,2,23,0,0,0
13438,4.1559,0.4994,2,23,0,0,0
13439,4.1407,0.5824,2,23,0,0,0
13440,4.2284,0.4434,2,23,0,0,0
13441,4.0708,0.3081,2,23,0,0,0
13442,4.1795,0.3276,2,23,0,0,0
13443,4.193,0.3344,2,23,0,0,0
13444,4.1681,0.6218,2,23,0,0,0
13445,4.2057,0.3366,2,23,0,0,0
13446,4.0597,0.3098,2,23,0,0,0
13447,4.3315,0.3532,2,23,0,0,0
13448,4.0315,0.311,2,23,0,0,0
13449,4.1461,0.3103,2,23,0,0,0
13450,4.227,0.4705,2,23,0,0,0
13451,4.2003,0.5154,2,23,0,0,0
13452,4.0769,0.3145,2,23,0,0,0
13453,4.2312,0.617,2,23,0,0,0
13454,4.0978,0.3118,2,23,0,0,0
13455,4.1879,0.3166,2,23,0,0,0
13456,4.1861,0.4874,2,23,0,0,0
13457,4.2078,0.3322,2,23,0,0,0
13458,4.1651,0.5825,2,23,0,0,0
13459,4.0929,0.3135,2,23,0,0,0
13460,4.1973,0.3166,2,23,0,0,0
13461,4.1785,0.5395,2,23,0,0,0
13462,4.1932,0.4942,2,23,0,0,0
13463,4.1802,0.451,2,23,0,0,0
13464,4.0872,0.3588,2,23,0,0,0
13465,4.1724,0.3099,2,23,0,0,0
13466,4.1588,0.3992,2,23,0,0,0
13467,4.1491,0.2932,2,23,0,0,0
13468,4.2249,0.3058,2,23,0,0,0
13469,4.4479,0.3275,2,23,0,0,0
13470,3.8614,0.3105,2,23,0,0,0
13471,4.2692,0.5933,2,23,0,0,0
13472,4.0702,0.3779,2,23,0,0,0
13473,4.2061,0.5294,2,23,0,0,0
13474,4.14,0.3413,2,23,0,0,0
13475,4.1875,0.3353,2,23,0,0,0
13476,4.1586,0.3345,2,23,0,0,0
13477,4.1421,0.3093,2,23,0,0,0
13478,4.1583,0.3308,2,23,0,0,0
13479,4.1705,0.3278,2,23,0,0,0
13480,4.2297,0.3867,2,23,0,0,0
13481,4.179,0.3531,2,23,0,0,0
13482,4.1866,0.3512,2,23,0,0,0
13483,4.129,0.5737,2,23,0,0,0
13484,4.167,0.5854,2,23,0,0,0
13485,4.1679,0.3446,2,23,0,0,0
13486,4.1247,0.3451,2,23,0,0,0
13487,4.5291,0.3159,2,23,0,0,0
13488,3.7755,0.5069,2,23,0,0,0
13489,4.2597,0.548,2,23,0,0,0
13490,4.1811,0.5298,2,23,0,0,0
13491,4.3795,0.3328,2,23,0,0,0
13492,3.9123,0.3844,2,23,0,0,0
13493,4.186,0.3559,2,23,0,0,0
13494,4.1761,0.408,2,23,0,0,0
13495,4.0818,0.3177,2,23,0,0,0
13496,4.1822,0.3238,2,23,0,0,0
13497,4.5563,0.3556,2,23,0,0,0
13498,3.7601,0.3045,2,23,0,0,0
13499,4.259,0.3842,2,23,0,0,0
13500,4.3408,0.3315,2,23,0,0,0
13501,3.9597,0.5822,2,23,0,0,0
13502,4.1139,0.3356,2,23,0,0,0
13503,4.1476,0.3087,2,23,0,0,0
13504,4.2221,0.4093,2,23,0,0,0
13505,4.203,0.3916,2,23,0,0,0
13506,4.0845,0.3317,2,23,0,0,0
13507,4.1028,0.3123,2,23,0,0,0
13508,4.2728,0.5844,2,23,0,0,0
13509,4.2588,0.3431,2,23,0,0,0
13510,4.1009,0.4252,2,23,0,0,0
13511,4.5168,0.6559,2,23,0,0,0
13512,3.8171,0.3658,2,23,0,0,0
13513,4.1215,0.3212,2,23,0,0,0
13514,4.2248,0.5268,2,23,0,0,0
13515,4.0964,0.3161,2,23,0,0,0
13516,4.1898,0.386,2,23,0,0,0
13517,4.2328,0.5902,2,23,0,0,0
13518,4.1531,0.3541,2,23,0,0,0
13519,4.0834,0.3121,2,23,0,0,0
13520,4.1996,0.3168,2,23,0,0,0
13521,4.1313,0.3094,2,23,0,0,0
13522,4.3087,0.4435,2,23,0,0,0
13523,4.1271,0.5499,2,23,0,0,0
13524,4.0817,0.3124,2,23,0,0,0
13525,4.2602,0.405,2,23,0,0,0
13526,4.0087,0.3105,2,23,0,0,0
13527,4.2791,0.3298,2,23,0,0,0
13528,4.1473,0.6213,2,23,0,0,0
13529,4.1214,0.3124,2,23,0,0,0
13530,4.3276,0.5075,2,23,0,0,0
13531,4.0135,0.3147,2,23,0,0,0
13532,4.1848,0.3184,2,23,0,0,0
13533,4.2281,0.5358,2,23,0,0,0
13534,4.2006,0.6605,2,23,0,0,0
13535,4.0868,0.3128,2,23,0,0,0
13536,4.1796,0.3562,2,23,0,0,0
13537,4.2278,0.354,2,23,0,0,0
13538,4.0689,0.5101,2,23,0,0,0
13539,4.1435,0.3151,2,23,0,0,0
13540,4.1795,0.3146,2,23,0,0,0
13541,4.306,0.3747,2,23,0,0,0
13542,4.1043,0.5552,2,23,0,0,0
13543,4.17,0.3802,2,23,0,0,0
13544,4.1079,0.3113,2,23,0,0,0
13545,4.1727,0.3525,2,23,0,0,0
13546,4.2357,0.3454,2,23,0,0,0
13547,4.2624,0.3378,2,23,0,0,0
13548,3.9769,0.339,2,23,0,0,0
13549,4.1889,0.3096,2,23,0,0,0
13550,4.2491,0.3663,2,23,0,0,0
13551,4.0903,0.3131,2,23,0,0,0
13552,4.1214,0.4858,2,23,0,0,0
13553,4.2916,0.3732,2,23,0,0,0
13554,4.1385,0.6111,2,23,0,0,0
13555,4.1071,0.3124,2,23,0,0,0
13556,4.1866,0.31,2,23,0,0,0
13557,4.0673,0.2679,2,23,0,0,0
13558,4.3115,0.4912,2,23,0,0,0
13559,4.1485,0.5812,2,23,0,0,0
13560,4.1101,0.3237,2,23,0,0,0
13561,4.2473,0.5495,2,23,0,0,0
13562,4.0937,0.312,2,23,0,0,0
13563,4.1883,0.3121,2,23,0,0,0
13564,4.1657,0.3306,2,23,0,0,0
13565,4.1621,0.3264,2,23,0,0,0
13566,4.3122,0.3299,2,23,0,0,0
13567,4.0513,0.3554,2,23,0,0,0
13568,4.1376,0.3341,2,23,0,0,0
13569,4.1498,0.3172,2,23,0,0,0
13570,4.2057,0.3357,2,23,0,0,0
13571,4.1472,0.3111,2,23,0,0,0
13572,4.2645,0.373,2,23,0,0,0
13573,4.1043,0.3197,2,23,0,0,0
13574,4.5566,0.3215,2,23,0,0,0
13575,3.7511,0.3369,2,23,0,0,0
13576,4.1404,0.366,2,23,0,0,0
13577,4.1666,0.3225,2,23,0,0,0
13578,4.2263,0.5969,2,23,0,0,0
13579,4.2587,0.3131,2,23,0,0,0
13580,4.0471,0.3318,2,23,0,0,0
13581,4.1425,0.3093,2,23,0,0,0
13582,4.1867,0.3091,2,23,0,0,0
13583,4.1402,0.3296,2,23,0,0,0
13584,4.1524,0.3174,2,23,0,0,0
13585,4.241,0.6073,2,23,0,0,0
13586,4.0786,0.3959,2,23,0,0,0
13587,4.2469,0.3352,2,23,0,0,0
13588,4.0878,0.2982,2,23,0,0,0
13589,4.2031,0.3105,2,23,0,0,0
13590,4.211,0.4874,2,23,0,0,0
13591,4.2536,0.344,2,23,0,0,0
13592,4.0556,0.3671,2,23,0,0,0
13593,4.1451,0.3115,2,23,0,0,0
13594,4.1909,0.3354,2,23,0,0,0
13595,4.1452,0.3135,2,23,0,0,0
13596,4.1737,0.3146,2,23,0,0,0
13597,4.2062,0.5808,2,23,0,0,0
13598,4.1474,0.3559,2,23,0,0,0
13599,4.1225,0.3069,2,23,0,0,0
13600,4.3158,0.4213,2,23,0,0,0
13601,4.0828,0.345,2,23,0,0,0
13602,4.2311,0.5809,2,23,0,0,0
13603,4.0328,0.3224,2,23,0,0,0
13604,4.2425,0.585,2,23,0,0,0
13605,4.1085,0.355,2,23,0,0,0
13606,4.1802,0.3356,2,23,0,0,0
13607,4.2019,0.3524,2,23,0,0,0
13608,4.1449,0.339,2,23,0,0,0
13609,4.1426,0.3087,2,23,0,0,0
13610,4.339,0.5865,2,23,0,0,0
13611,3.986,0.3092,2,23,0,0,0
13612,4.2233,0.364,2,23,0,0,0
13613,4.1583,0.3539,2,23,0,0,0
13614,4.1925,0.4818,2,23,0,0,0
13615,4.145,0.3192,2,23,0,0,0
13616,4.1256,0.3352,2,23,0,0,0
13617,4.456,0.3095,2,23,0,0,0
13618,3.9546,0.4227,2,23,0,0,0
13619,4.1742,0.3521,2,23,0,0,0
13620,4.0566,0.3153,2,23,0,0,0
13621,4.2035,0.3134,2,23,0,0,0
13622,4.1422,0.3845,2,23,0,0,0
13623,4.179,0.3117,2,23,0,0,0
13624,4.1109,0.3132,2,23,0,0,0
13625,4.2918,0.3772,2,23,0,0,0
13626,4.093,0.31,2,23,0,0,0
13627,4.1343,0.3111,2,23,0,0,0
13628,4.247,0.5831,2,23,0,0,0
13629,4.1833,0.332,2,23,0,0,0
13630,4.1228,0.3218,2,23,0,0,0
13631,4.2586,0.5239,2,23,0,0,0
13632,4.1593,0.3976,2,23,0,0,0
13633,4.1978,0.6669,2,23,0,0,0
13634,4.1101,0.5196,2,23,0,0,0
13635,4.0962,0.3144,2,23,0,0,0
13636,4.1999,0.38,2,23,0,0,0
13637,4.2026,0.6168,2,23,0,0,0
13638,4.2167,0.4076,2,23,0,0,0
13639,4.1195,0.3374,2,23,0,0,0
13640,4.1164,0.3156,2,23,0,0,0
13641,4.2404,0.3664,2,23,0,0,0
13642,4.1293,0.3084,2,23,0,0,0
13643,4.1639,0.3826,2,23,0,0,0
13644,4.1395,0.3691,2,23,0,0,0
13645,4.1343,0.3925,2,23,0,0,0
13646,4.1747,0.5348,2,23,0,0,0
13647,4.1419,0.2762,2,23,0,0,0
13648,4.4207,0.5595,2,23,0,0,0
13649,3.9974,0.3541,2,23,0,0,0
13650,4.1134,0.3114,2,23,0,0,0
13651,4.1439,0.3135,2,23,0,0,0
13652,4.1894,0.5029,2,23,0,0,0
13653,4.2112,0.3144,2,23,0,0,0
13654,4.1689,0.3328,2,23,0,0,0
13655,4.1651,0.3133,2,23,0,0,0
13656,4.1392,0.3559,2,23,0,0,0
13657,4.2766,0.6085,2,23,0,0,0
13658,4.066,0.3528,2,23,0,0,0
13659,4.1597,0.3166,2,23,0,0,0
13660,4.21,0.4304,2,23,0,0,0
13661,4.1357,0.3517,2,23,0,0,0
13662,4.1913,0.3267,2,23,0,0,0
13663,4.1601,0.531,2,23,0,0,0
13664,4.091,0.3107,2,23,0,0,0
13665,4.4207,0.3107,2,23,0,0,0
13666,4.0089,0.3404,2,23,0,0,0
13667,4.1372,0.3635,2,23,0,0,0
13668,4.1641,0.3759,2,23,0,0,0
13669,4.1826,0.4702,2,23,0,0,0
13670,4.1158,0.3133,2,23,0,0,0
13671,4.1645,0.3122,2,23,0,0,0
13672,4.1327,0.3504,2,23,0,0,0
13673,4.3114,0.3309,2,23,0,0,0
13674,4.1445,0.4071,2,23,0,0,0
13675,4.0438,0.3099,2,23,0,0,0
13676,4.2087,0.3107,2,23,0,0,0
13677,4.2218,0.3353,2,23,0,0,0
13678,4.1642,0.3268,2,23,0,0,0
13679,4.3848,0.3665,2,23,0,0,0
13680,3.9162,0.4044,2,23,0,0,0
13681,4.2094,0.383,2,23,0,0,0
13682,4.165,0.3819,2,23,0,0,0
13683,4.0638,0.3088,2,23,0,0,0
13684,4.192,0.3148,2,23,0,0,0
13685,4.2689,0.415,2,23,0,0,0
13686,4.1358,0.3535,2,23,0,0,0
13687,4.1001,0.5492,2,23,0,0,0
13688,4.184,0.3282,2,23,0,0,0
13689,4.5123,0.3136,2,23,0,0,0
13690,3.8938,0.3551,2,23,0,0,0
13691,4.1049,0.3201,2,23,0,0,0
13692,4.1834,0.4299,2,23,0,0,0
13693,4.1982,0.561,2,23,0,0,0
13694,4.0215,0.302,2,23,0,0,0
13695,4.2467,0.3109,2,23,0,0,0
13696,4.1478,0.3572,2,23,0,0,0
13697,4.2361,0.3341,2,23,0,0,0
13698,4.2717,0.3713,2,23,0,0,0
13699,4.024,0.3485,2,23,0,0,0
13700,4.1774,0.3235,2,23,0,0,0
13701,4.2069,0.3777,2,23,0,0,0
13702,4.1854,0.3318,2,23,0,0,0
13703,4.1316,0.5504,2,23,0,0,0
13704,4.1172,0.338,2,23,0,0,0
13705,4.2188,0.3543,2,23,0,0,0
13706,4.1654,0.3107,2,23,0,0,0
13707,4.1215,0.3147,2,23,0,0,0
13708,4.4247,0.3176,2,23,0,0,0
13709,3.9724,0.322,2,23,0,0,0
13710,4.2852,0.3755,2,23,0,0,0
13711,4.0359,0.357,2,23,0,0,0
13712,4.1191,0.3153,2,23,0,0,0
13713,4.2551,0.4675,2,23,0,0,0
13714,4.1332,0.3986,2,23,0,0,0
13715,4.1498,0.4241,2,23,0,0,0
13716,4.0705,0.3017,2,23,0,0,0
13717,4.3035,0.3657,2,23,0,0,0
13718,4.078,0.3284,2,23,0,0,0
13719,4.1575,0.3143,2,23,0,0,0
13720,4.1868,0.3648,2,23,0,0,0
13721,4.2035,0.335,2,23,0,0,0
13722,4.1981,0.5745,2,23,0,0,0
13723,4.0643,0.3289,2,23,0,0,0
13724,4.254,0.5856,2,23,0,0,0
13725,4.1006,0.3541,2,23,0,0,0
13726,4.184,0.308,2,23,0,0,0
13727,4.4753,0.5882,2,23,0,0,0
13728,3.8234,0.3257,2,23,0,0,0
13729,4.2424,0.6183,2,23,0,0,0
13730,4.1521,0.6503,2,23,0,0,0
13731,4.1133,0.2956,2,23,0,0,0
13732,4.5865,0.4974,2,23,0,0,0
13733,3.8158,0.3472,2,23,0,0,0
13734,4.2207,0.5773,2,23,0,0,0
13735,4.1827,0.4183,2,23,0,0,0
13736,4.0378,0.3576,2,23,0,0,0
13737,4.2282,0.3581,2,23,0,0,0
13738,4.1096,0.344,2,23,0,0,0
13739,4.1978,0.4478,2,23,0,0,0
13740,4.1665,0.3511,2,23,0,0,0
13741,4.202,0.6479,2,23,0,0,0
13742,4.2606,0.371,2,23,0,0,0
13743,4.0144,0.3235,2,23,0,0,0
13744,4.1272,0.3157,2,23,0,0,0
13745,4.2149,0.3289,2,23,0,0,0
13746,4.2984,0.594,2,23,0,0,0
13747,3.9375,0.3168,2,23,0,0,0
13748,4.3737,0.4197,2,23,0,0,0
13749,4.0741,0.3648,2,23,0,0,0
13750,4.1716,0.3303,2,23,0,0,0
13751,4.1914,0.3438,2,23,0,0,0
13752,4.0986,0.3563,2,23,0,0,0
13753,4.2395,0.6,2,23,0,0,0
13754,4.1579,0.5079,2,23,0,0,0
13755,4.1331,0.312,2,23,0,0,0
13756,4.5704,0.365,2,23,0,0,0
13757,3.8084,0.3536,2,23,0,0,0
13758,4.1587,0.4017,2,23,0,0,0
13759,4.1483,0.3349,2,23,0,0,0
13760,4.2205,0.5914,2,23,0,0,0
13761,4.2207,0.3009,2,23,0,0,0
13762,4.0392,0.3868,2,23,0,0,0
13763,4.1636,0.5284,2,23,0,0,0
13764,4.1681,0.3322,2,23,0,0,0
13765,4.1669,0.5463,2,23,0,0,0
13766,4.159,0.3601,2,23,0,0,0
13767,4.1517,0.309,2,23,0,0,0
13768,4.1573,0.334,2,23,0,0,0
13769,4.2575,0.3531,2,23,0,0,0
13770,4.1736,0.3818,2,23,0,0,0
13771,4.0378,0.3153,2,23,0,0,0
13772,4.2172,0.5728,2,23,0,0,0
13773,4.158,0.3136,2,23,0,0,0
13774,4.1899,0.3356,2,23,0,0,0
13775,4.1988,0.3171,2,23,0,0,0
13776,4.169,0.3615,2,23,0,0,0
13777,4.2006,0.405,2,23,0,0,0
13778,4.1551,0.2664,2,23,0,0,0
13779,4.093,0.3317,2,23,0,0,0
13780,4.3794,0.2995,2,23,0,0,0
13781,4.0181,0.3549,2,23,0,0,0
13782,4.1892,0.3526,2,23,0,0,0
13783,4.1816,0.4029,2,23,0,0,0
13784,4.0804,0.4673,2,23,0,0,0
13785,4.2335,0.31,2,23,0,0,0
13786,4.1684,0.336,2,23,0,0,0
13787,4.2287,0.3773,2,23,0,0,0
13788,4.082,0.374,2,23,0,0,0
13789,4.1984,0.353,2,23,0,0,0
13790,4.093,0.3221,2,23,0,0,0
13791,4.1694,0.3106,2,23,0,0,0
13792,4.0791,0.3626,2,23,0,0,0
13793,4.2829,0.3071,2,23,0,0,0
13794,4.2216,0.3618,2,23,0,0,0
13795,4.0662,0.3096,2,23,0,0,0
13796,4.1904,0.3165,2,23,0,0,0
13797,4.1458,0.3325,2,23,0,0,0
13798,4.1799,0.3417,2,23,0,0,0
13799,4.3314,0.6334,2,23,0,0,0
13800,4.0366,0.3564,2,23,0,0,0
13801,4.45,0.3317,2,23,0,0,0
13802,3.9067,0.3847,2,23,0,0,0
13803,4.0991,0.2847,2,23,0,0,0
13804,4.2913,0.2901,2,23,0,0,0
13805,4.1808,0.3154,2,23,0,0,0
13806,4.1246,0.3803,2,23,0,0,0
13807,4.1091,0.3549,2,23,0,0,0
13808,4.1456,0.3117,2,23,0,0,0
13809,4.1712,0.3125,2,23,0,0,0
13810,4.2698,0.3275,2,23,0,0,0
13811,4.3075,0.5811,2,23,0,0,0
13812,4.1713,0.5627,2,23,0,0,0
13813,3.9268,0.3939,2,23,0,0,0
13814,4.1337,0.3391,2,23,0,0,0
13815,4.1887,0.4408,2,23,0,0,0
13816,4.1921,0.4123,2,23,0,0,0
13817,4.4231,0.6214,2,23,0,0,0
13818,4.015,0.5846,2,23,0,0,0
13819,3.9951,0.3196,2,23,0,0,0
13820,4.2232,0.3328,2,23,0,0,0
13821,4.1985,0.359,2,23,0,0,0
13822,4.3894,0.34,2,23,0,0,0
13823,4.0801,0.5839,2,23,0,0,0
13824,3.9418,0.3583,2,23,0,0,0
13825,4.2716,0.3522,2,23,0,0,0
13826,4.1277,0.3031,2,23,0,0,0
13827,4.1452,0.4178,2,23,0,0,0
13828,4.4403,0.5937,2,23,0,0,0
13829,3.9519,0.3143,2,23,0,0,0
13830,4.2086,0.5902,2,23,0,0,0
13831,4.1039,0.3156,2,23,0,0,0
13832,4.1367,0.329,2,23,0,0,0
13833,4.2044,0.3814,2,23,0,0,0
13834,4.3798,0.3322,2,23,0,0,0
13835,3.9449,0.5872,2,23,0,0,0
13836,4.0929,0.3828,2,23,0,0,0
13837,4.2425,0.5996,2,23,0,0,0
13838,4.1127,0.3549,2,23,0,0,0
13839,4.179,0.3194,2,23,0,0,0
13840,4.4789,0.3305,2,23,0,0,0
13841,3.9087,0.326,2,23,0,0,0
13842,4.3306,0.5812,2,23,0,0,0
13843,3.9796,0.3707,2,23,0,0,0
13844,4.1229,0.3156,2,23,0,0,0
13845,4.2544,0.3717,2,23,0,0,0
13846,4.0974,0.3331,2,23,0,0,0
13847,4.2277,0.4642,2,23,0,0,0
13848,4.0663,0.3372,2,23,0,0,0
13849,4.2606,0.3699,2,23,0,0,0
13850,4.4409,0.3432,2,23,0,0,0
13851,3.8479,0.3096,2,23,0,0,0
13852,4.46,0.3305,2,23,0,0,0
13853,3.926,0.3341,2,23,0,0,0
13854,4.1656,0.568,2,23,0,0,0
13855,4.1604,0.3741,2,23,0,0,0
13856,4.1049,0.4005,2,23,0,0,0
13857,4.1905,0.3907,2,23,0,0,0
13858,4.1627,0.3311,2,23,0,0,0
13859,4.2069,0.4459,2,23,0,0,0
13860,4.0961,0.3123,2,23,0,0,0
13861,4.1656,0.3373,2,23,0,0,0
13862,4.1418,0.2793,2,23,0,0,0
13863,4.2151,0.3095,2,23,0,0,0
13864,4.2158,0.3687,2,23,0,0,0
13865,4.1919,0.3655,2,23,0,0,0
13866,4.1611,0.5079,2,23,0,0,0
13867,4.0807,0.3125,2,23,0,0,0
13868,4.179,0.3381,2,23,0,0,0
13869,4.1926,0.3574,2,23,0,0,0
13870,4.1438,0.3652,2,23,0,0,0
13871,4.1892,0.355,2,23,0,0,0
13872,4.1984,0.3957,2,23,0,0,0
13873,4.1563,0.6666,2,23,0,0,0
13874,4.2131,0.5399,2,23,0,0,0
13875,4.0745,0.3353,2,23,0,0,0
13876,4.2567,0.356,2,23,0,0,0
13877,4.1321,0.3773,2,23,0,0,0
13878,4.3781,0.308,2,23,0,0,0
13879,3.9591,0.5345,2,23,0,0,0
13880,4.1385,0.3556,2,23,0,0,0
13881,4.4275,0.3359,2,23,0,0,0
13882,3.9671,0.3814,2,23,0,0,0
13883,4.1451,0.3305,2,23,0,0,0
13884,4.1375,0.3675,2,23,0,0,0
13885,4.38,0.5217,2,23,0,0,0
13886,3.9045,0.3113,2,23,0,0,0
13887,4.1896,0.3111,2,23,0,0,0
13888,4.2154,0.3637,2,23,0,0,0
13889,4.1547,0.3525,2,23,0,0,0
13890,4.1894,0.3869,2,23,0,0,0
13891,4.088,0.3093,2,23,0,0,0
13892,4.1839,0.5389,2,23,0,0,0
13893,4.2611,0.3675,2,23,0,0,0
13894,4.0742,0.3123,2,23,0,0,0
13895,4.249,0.3603,2,23,0,0,0
13896,4.1136,0.36,2,23,0,0,0
13897,4.2029,0.4487,2,23,0,0,0
13898,4.1251,0.513,2,23,0,0,0
13899,4.1418,0.3302,2,23,0,0,0
13900,4.1753,0.3098,2,23,0,0,0
13901,4.186,0.3537,2,23,0,0,0
13902,4.1857,0.3605,2,23,0,0,0
13903,4.1859,0.3527,2,23,0,0,0
13904,4.0834,0.5444,2,23,0,0,0
13905,4.2694,0.4112,2,23,0,0,0
13906,4.0785,0.3543,2,23,0,0,0
13907,4.1599,0.3094,2,23,0,0,0
13908,4.214,0.3582,2,23,0,0,0
13909,4.1984,0.462,2,23,0,0,0
13910,4.1065,0.5032,2,23,0,0,0
13911,4.1343,0.305,2,23,0,0,0
13912,4.2908,0.4411,2,23,0,0,0
13913,4.2112,0.3531,2,23,0,0,0
13914,4.0173,0.3307,2,23,0,0,0
13915,4.1571,0.3279,2,23,0,0,0
13916,4.1799,0.4515,2,23,0,0,0
13917,4.2073,0.5859,2,23,0,0,0
13918,4.1328,0.3415,2,23,0,0,0
13919,4.2204,0.3842,2,23,0,0,0
13920,4.0763,0.5295,2,23,0,0,0
13921,4.2735,0.3844,2,23,0,0,0
13922,4.1157,0.3467,2,23,0,0,0
13923,4.1373,0.3096,2,23,0,0,0
13924,4.2558,0.317,2,23,0,0,0
13925,4.1676,0.356,2,23,0,0,0
13926,4.1446,0.3532,2,23,0,0,0
13927,4.0605,0.3099,2,23,0,0,0
13928,4.2186,0.594,2,23,0,0,0
13929,4.5864,0.3286,2,23,0,0,0
13930,3.8161,0.3356,2,23,0,0,0
13931,4.2484,0.366,2,23,0,0,0
13932,3.9796,0.3127,2,23,0,0,0
13933,4.4953,0.3262,2,23,0,0,0
13934,3.8404,0.3124,2,23,0,0,0
13935,4.202,0.3086,2,23,0,0,0
13936,4.1212,0.3551,2,23,0,0,0
13937,4.3542,0.3513,2,23,0,0,0
13938,4.1004,0.5829,2,23,0,0,0
13939,4.1258,0.3615,2,23,0,0,0
13940,4.145,0.3306,2,23,0,0,0
13941,4.2133,0.3368,2,23,0,0,0
13942,4.1794,0.3347,2,23,0,0,0
13943,4.1411,0.3678,2,23,0,0,0
13944,4.1034,0.3768,2,23,0,0,0
13945,4.4693,0.3037,2,23,0,0,0
13946,3.8767,0.3527,2,23,0,0,0
13947,4.1592,0.3342,2,23,0,0,0
13948,4.1897,0.3108,2,23,0,0,0
13949,4.1893,0.3079,2,23,0,0,0
13950,4.245,0.3864,2,23,0,0,0
13951,4.1203,0.3824,2,23,0,0,0
13952,4.0988,0.3156,2,23,0,0,0
13953,4.153,0.3101,2,23,0,0,0
13954,4.2017,0.3137,2,23,0,0,0
13955,4.1445,0.3671,2,23,0,0,0
13956,4.2939,0.4149,2,23,0,0,0
13957,4.1015,0.4026,2,23,0,0,0
13958,4.1244,0.3072,2,23,0,0,0
13959,4.1899,0.3344,2,23,0,0,0
13960,4.4094,0.306,2,23,0,0,0
13961,3.9369,0.3145,2,23,0,0,0
13962,4.2726,0.6619,2,23,0,0,0
13963,4.0353,0.5852,2,23,0,0,0
13964,4.1449,0.3128,2,23,0,0,0
13965,4.234,0.3545,2,23,0,0,0
13966,4.1414,0.4002,2,23,0,0,0
13967,4.1841,0.3183,2,23,0,0,0
13968,4.1464,0.4427,2,23,0,0,0
13969,4.3426,0.3577,2,23,0,0,0
13970,4.0402,0.3746,2,23,0,0,0
13971,4.068,0.2863,2,23,0,0,0
13972,4.1967,0.3156,2,23,0,0,0
13973,4.1288,0.3102,2,23,0,0,0
13974,4.2609,0.6145,2,23,0,0,0
13975,4.2677,0.3661,2,23,0,0,0
13976,4.026,0.5839,2,23,0,0,0
13977,4.7502,0.3107,2,23,0,0,0
13978,3.512,0.3459,2,23,0,0,0
13979,4.2393,0.4363,2,23,0,0,0
13980,4.1135,0.3132,2,23,0,0,0
13981,4.1894,0.338,2,23,0,0,0
13982,4.1756,0.3485,2,23,0,0,0
13983,4.157,0.3098,2,23,0,0,0
13984,4.1969,0.371,2,23,0,0,0
13985,4.203,0.3371,2,23,0,0,0
13986,4.2247,0.5797,2,23,0,0,0
13987,4.1027,0.3726,2,23,0,0,0
13988,4.1112,0.3849,2,23,0,0,0
13989,4.2077,0.3521,2,23,0,0,0
13990,4.1249,0.3416,2,23,0,0,0
13991,4.1765,0.3385,2,23,0,0,0
13992,4.2095,0.3218,2,23,0,0,0
13993,4.318,0.5936,2,23,0,0,0
13994,3.9644,0.3048,2,23,0,0,0
13995,4.1723,0.3119,2,23,0,0,0
13996,4.1948,0.3551,2,23,0,0,0
13997,4.1686,0.3632,2,23,0,0,0
13998,4.162,0.5796,2,23,0,0,0
13999,4.1177,0.3199,2,23,0,0,0
14000,4.2477,0.5872,2,23,0,0,0
14001,4.0889,0.3108,2,23,0,0,0
14002,4.2432,0.4213,2,23,0,0,0
14003,4.2369,0.3823,2,23,0,0,0
14004,4.0719,0.3492,2,23,0,0,0
14005,4.1747,0.5792,2,23,0,0,0
14006,4.1113,0.3667,2,23,0,0,0
14007,4.1803,0.308,2,23,0,0,0
14008,4.3558,0.5042,2,23,0,0,0
14009,4.0231,0.3534,2,23,0,0,0
14010,4.259,0.6527,2,23,0,0,0
14011,4.0116,0.3097,2,23,0,0,0
14012,4.2622,0.419,2,23,0,0,0
14013,4.1158,0.3311,2,23,0,0,0
14014,4.1382,0.3647,2,23,0,0,0
14015,4.2622,0.5741,2,23,0,0,0
14016,4.3802,0.3736,2,23,0,0,0
14017,3.8592,0.3154,2,23,0,0,0
14018,4.5301,0.3801,2,23,0,0,0
14019,4.4122,0.3356,2,23,0,0,0
14020,3.8497,0.3974,2,23,0,0,0
14021,4.9192,0.3299,2,23,0,0,0
14022,3.4921,0.3377,2,23,0,0,0
14023,6.0624,0.3546,2,23,0,0,0
14024,4.0482,0.3374,2,23,0,0,0
14025,5.4314,0.389,2,23,0,0,0
14026,1.0782,0.3691,2,23,0,0,0
14027,5.2433,0.3798,2,23,0,0,0
14028,4.5746,0.3359,2,23,0,0,0
14029,2.7215,0.4325,2,23,0,0,0
14030,7.3641,0.3975,2,23,0,0,0
14031,2.9581,0.3319,2,23,0,0,0
14032,2.5387,0.3546,2,23,0,0,0
14033,3.7474,0.3293,2,23,0,0,0
14034,4.8633,0.3789,2,23,0,0,0
14035,3.5128,0.3646,2,23,0,0,0
14036,4.3775,0.417,2,23,0,0,0
14037,4.7162,0.332,2,23,0,0,0
14038,3.4465,0.462,2,23,0,0,0
14039,4.137,0.4088,2,23,0,0,0
14040,4.1276,0.3482,2,23,0,0,0
14041,4.2354,0.3293,2,23,0,0,0
14042,4.1531,0.3284,2,23,0,0,0
14043,3.7737,0.33,2,23,0,0,0
14044,4.8144,0.3368,2,23,0,0,0
14045,3.5923,0.605,2,23,0,0,0
14046,4.1309,0.5468,2,23,0,0,0
14047,4.1857,0.3571,2,23,0,0,0
14048,4.1735,0.3348,2,23,0,0,0
14049,4.1055,0.3165,2,23,0,0,0
14050,4.5263,0.3335,2,23,0,0,0
14051,3.8913,0.3572,2,23,0,0,0
14052,4.4371,0.3305,2,23,0,0,0
14053,3.8349,0.3378,2,23,0,0,0
14054,4.2069,0.4081,2,23,0,0,0
14055,4.4541,0.3871,2,23,0,0,0
14056,3.9208,0.444,2,23,0,0,0
14057,4.1517,0.3789,2,23,0,0,0
14058,4.1757,0.3526,2,23,0,0,0
14059,4.1273,0.344,2,23,0,0,0
14060,4.1547,0.3978,2,23,0,0,0
14061,4.179,0.4013,2,23,0,0,0
14062,4.204,0.3192,2,23,0,0,0
14063,4.1077,0.4664,2,23,0,0,0
14064,4.5722,0.4442,2,23,0,0,0
14065,4.0992,0.3294,2,23,0,0,0
14066,4.2906,0.3689,2,23,0,0,0
14067,3.9861,0.3305,2,23,0,0,0
14068,4.1931,0.3256,2,23,0,0,0
14069,4.4955,0.3814,2,23,0,0,0
14070,4.3896,0.4723,2,23,0,0,0
14071,4.4983,0.3966,2,23,0,0,0
14072,3.4421,0.3914,2,23,0,0,0
14073,4.3569,0.3655,2,23,0,0,0
14074,4.1342,0.4687,2,23,0,0,0
14075,4.0516,0.5404,2,23,0,0,0
14076,4.0895,0.3356,2,23,0,0,0
14077,4.51,0.3382,2,23,0,0,0
14078,4.1166,0.3453,2,23,0,0,0
14079,3.9666,0.333,2,23,0,0,0
14080,4.366,0.3298,2,23,0,0,0
14081,3.8837,0.3993,2,23,0,0,0
14082,4.1317,0.3304,2,23,0,0,0
14083,4.1111,0.3302,2,23,0,0,0
14084,4.2244,0.3428,2,23,0,0,0
14085,4.4442,0.3323,2,23,0,0,0
14086,3.8511,0.3704,2,23,0,0,0
14087,4.3685,0.3303,2,23,0,0,0
14088,4.0298,0.375,2,23,0,0,0
14089,4.3693,0.3287,2,23,0,0,0
14090,3.8617,0.3294,2,23,0,0,0
14091,3.8338,0.4121,2,23,0,0,0
14092,4.5609,0.3315,2,23,0,0,0
14093,4.254,0.398,2,23,0,0,0
14094,3.7889,0.3422,2,23,0,0,0
14095,4.4451,0.4311,2,23,0,0,0
14096,3.7924,0.3134,2,23,0,0,0
14097,4.4819,0.3768,2,23,0,0,0
14098,3.875,0.4144,2,23,0,0,0
14099,4.5019,0.3718,2,23,0,0,0
14100,4.2332,0.335,2,23,0,0,0
14101,4.1303,0.3791,2,23,0,0,0
14102,3.8298,0.3574,2,23,0,0,0
14103,4.1459,0.601,2,23,0,0,0
14104,4.4732,0.3634,2,23,0,0,0
14105,4.2099,0.3458,2,23,0,0,0
14106,4.1977,0.3261,2,23,0,0,0
14107,4.0629,0.382,2,23,0,0,0
14108,3.8403,0.3413,2,23,0,0,0
14109,4.9733,0.3439,2,23,0,0,0
14110,3.4665,0.478,2,23,0,0,0
14111,4.4113,0.3315,2,23,0,0,0
14112,4.1886,0.3519,2,23,0,0,0
14113,4.1057,0.3384,2,23,0,0,0
14114,4.0192,0.3797,2,23,0,0,0
14115,4.0181,0.3359,2,23,0,0,0
14116,4.549,0.3393,2,23,0,0,0
14117,4.1808,0.3418,2,23,0,0,0
14118,3.8134,0.625,2,23,0,0,0
14119,4.1721,0.6414,2,23,0,0,0
14120,4.4878,0.3229,2,23,0,0,0
14121,3.9239,0.3092,2,23,0,0,0
14122,4.3883,0.3329,2,23,0,0,0
14123,3.8695,0.5901,2,23,0,0,0
14124,4.1737,0.3309,2,23,0,0,0
14125,4.4371,0.3321,2,23,0,0,0
14126,4.0812,0.7103,2,23,0,0,0
14127,4.2609,0.3401,2,23,0,0,0
14128,4.1399,0.4133,2,23,0,0,0
14129,3.9209,0.3756,2,23,0,0,0
14130,4.2238,0.3326,2,23,0,0,0
14131,4.3882,0.4247,2,23,0,0,0
14132,3.8362,0.3134,2,23,0,0,0
14133,4.1976,0.3069,2,23,0,0,0
14134,4.1262,0.3446,2,23,0,0,0
14135,4.1703,0.3307,2,23,0,0,0
14136,4.1703,0.3039,2,23,0,0,0
14137,4.231,0.5632,2,23,0,0,0
14138,4.2013,0.3742,2,23,0,0,0
14139,4.0738,0.317,2,23,0,0,0
14140,4.233,0.3115,2,23,0,0,0
14141,4.186,0.3522,2,23,0,0,0
14142,4.1428,0.3395,2,23,0,0,0
14143,4.1552,0.5286,2,23,0,0,0
14144,4.1416,0.6092,2,23,0,0,0
14145,4.172,0.3289,2,23,0,0,0
14146,4.1612,0.4109,2,23,0,0,0
14147,4.1178,0.5137,2,23,0,0,0
14148,4.2086,0.4109,2,23,0,0,0
14149,4.2033,0.5825,2,23,0,0,0
14150,4.5312,0.3345,2,23,0,0,0
14151,3.7377,0.3379,2,23,0,0,0
14152,4.3327,0.5659,2,23,0,0,0
14153,4.0654,0.3533,2,23,0,0,0
14154,4.4459,0.5887,2,23,0,0,0
14155,3.7667,0.3405,2,23,0,0,0
14156,4.2117,0.3104,2,23,0,0,0
14157,4.2582,0.3648,2,23,0,0,0
14158,4.132,0.3638,2,23,0,0,0
14159,4.4291,0.3293,2,23,0,0,0
14160,3.9098,0.3565,2,23,0,0,0
14161,4.1217,0.3809,2,23,0,0,0
14162,4.1935,0.4372,2,23,0,0,0
14163,4.1457,0.3207,2,23,0,0,0
14164,4.6201,0.3102,2,23,0,0,0
14165,3.7282,0.3657,2,23,0,0,0
14166,4.2087,0.3511,2,23,0,0,0
14167,4.0903,0.4806,2,23,0,0,0
14168,4.1806,0.5207,2,23,0,0,0
14169,4.2295,0.3122,2,23,0,0,0
14170,4.2071,0.3176,2,23,0,0,0
14171,4.0883,0.331,2,23,0,0,0
14172,4.123,0.2872,2,23,0,0,0
14173,4.1985,0.3156,2,23,0,0,0
14174,4.1615,0.3113,2,23,0,0,0
14175,4.2945,0.3359,2,23,0,0,0
14176,4.197,0.3346,2,23,0,0,0
14177,4.0571,0.3551,2,23,0,0,0
14178,4.1967,0.4109,2,23,0,0,0
14179,4.0923,0.3307,2,23,0,0,0
14180,4.1827,0.4633,2,23,0,0,0
14181,4.1029,0.4863,2,23,0,0,0
14182,4.2049,0.3617,2,23,0,0,0
14183,4.4601,0.5728,2,23,0,0,0
14184,3.8591,0.3306,2,23,0,0,0
14185,4.193,0.3086,2,23,0,0,0
14186,4.1601,0.4133,2,23,0,0,0
14187,4.1837,0.3081,2,23,0,0,0
14188,4.0922,0.3197,2,23,0,0,0
14189,4.2603,0.3547,2,23,0,0,0
14190,4.5176,0.3243,2,23,0,0,0
14191,3.7908,0.3084,2,23,0,0,0
14192,4.1494,0.3519,2,23,0,0,0
14193,4.7982,0.3105,2,23,0,0,0
14194,3.6264,0.5742,2,23,0,0,0
14195,4.0997,0.3126,2,23,0,0,0
14196,4.1855,0.5933,2,23,0,0,0
14197,4.185,0.5653,2,23,0,0,0
14198,4.1778,0.4215,2,23,0,0,0
14199,4.1268,0.3223,2,23,0,0,0
14200,4.1586,0.3241,2,23,0,0,0
14201,4.3425,0.3614,2,23,0,0,0
14202,4.2955,0.4741,2,23,0,0,0
14203,3.8936,0.333,2,23,0,0,0
14204,4.1825,0.3606,2,23,0,0,0
14205,4.1509,0.4937,2,23,0,0,0
14206,4.2267,0.3635,2,23,0,0,0
14207,4.1099,0.4332,2,23,0,0,0
14208,4.5593,0.4822,2,23,0,0,0
14209,3.7991,0.3204,2,23,0,0,0
14210,4.1754,0.3321,2,23,0,0,0
14211,4.1385,0.3178,2,23,0,0,0
14212,4.1579,0.3162,2,23,0,0,0
14213,4.194,0.6033,2,23,0,0,0
14214,4.1726,0.3828,2,23,0,0,0
14215,4.4653,0.4248,2,23,0,0,0
14216,3.802,0.3296,2,23,0,0,0
14217,4.2147,0.4589,2,23,0,0,0
14218,4.3021,0.3392,2,23,0,0,0
14219,4.0197,0.3235,2,23,0,0,0
14220,4.7447,0.6147,2,23,0,0,0
14221,3.5851,0.3574,2,23,0,0,0
14222,4.1505,0.318,2,23,0,0,0
14223,4.1235,0.2885,2,23,0,0,0
14224,4.5393,0.5975,2,23,0,0,0
14225,3.8947,0.3247,2,23,0,0,0
14226,4.2431,0.6058,2,23,0,0,0
14227,4.0274,0.3215,2,23,0,0,0
14228,4.1699,0.3892,2,23,0,0,0
14229,4.1954,0.4252,2,23,0,0,0
14230,4.1206,0.3186,2,23,0,0,0
14231,4.1088,0.4314,2,23,0,0,0
14232,4.2059,0.3675,2,23,0,0,0
14233,4.2279,0.3625,2,23,0,0,0
14234,4.2178,0.3175,2,23,0,0,0
14235,4.0872,0.3108,2,23,0,0,0
14236,4.0581,0.2717,2,23,0,0,0
14237,4.3285,0.3504,2,23,0,0,0
14238,4.2009,0.6281,2,23,0,0,0
14239,4.5924,0.3467,2,23,0,0,0
14240,3.6611,0.3327,2,23,0,0,0
14241,4.4333,0.3732,2,23,0,0,0
14242,4.2098,0.3341,2,23,0,0,0
14243,4.1937,0.4137,2,23,0,0,0
14244,3.8106,0.3733,2,23,0,0,0
14245,4.72,0.3592,2,23,0,0,0
14246,3.6307,0.3823,2,23,0,0,0
14247,4.1775,0.43,2,23,0,0,0
14248,4.6182,0.3261,2,23,0,0,0
14249,3.7539,0.606,2,23,0,0,0
14250,4.1857,0.5515,2,23,0,0,0
14251,4.055,0.3111,2,23,0,0,0
14252,4.2464,0.6502,2,23,0,0,0
14253,4.1183,0.3108,2,23,0,0,0
14254,4.2113,0.3614,2,23,0,0,0
14255,4.1951,0.4021,2,23,0,0,0
14256,4.1268,0.3319,2,23,0,0,0
14257,4.5513,0.3326,2,23,0,0,0
14258,3.803,0.5933,2,23,0,0,0
14259,4.0975,0.2846,2,23,0,0,0
14260,4.2149,0.3301,2,23,0,0,0
14261,4.1847,0.3513,2,23,0,0,0
14262,4.247,0.5919,2,23,0,0,0
14263,4.034,0.3376,2,23,0,0,0
14264,4.148,0.4057,2,23,0,0,0
14265,4.142,0.3345,2,23,0,0,0
14266,4.228,0.3348,2,23,0,0,0
14267,4.1967,0.3571,2,23,0,0,0
14268,4.1312,0.3315,2,23,0,0,0
14269,4.2287,0.6011,2,23,0,0,0
14270,4.1558,0.5878,2,23,0,0,0
14271,4.1386,0.3328,2,23,0,0,0
14272,4.1182,0.3385,2,23,0,0,0
14273,4.4599,0.3374,2,23,0,0,0
14274,3.9757,0.4254,2,23,0,0,0
14275,4.1628,0.3431,2,23,0,0,0
14276,4.0926,0.3101,2,23,0,0,0
14277,4.1355,0.3066,2,23,0,0,0
14278,4.2254,0.3784,2,23,0,0,0
14279,4.1794,0.4849,2,23,0,0,0
14280,4.0679,0.4145,2,23,0,0,0
14281,4.2943,0.5013,2,23,0,0,0
14282,4.0998,0.4818,2,23,0,0,0
14283,4.1991,0.3091,2,23,0,0,0
14284,4.1587,0.3685,2,23,0,0,0
14285,4.2193,0.3796,2,23,0,0,0
14286,4.1544,0.3508,2,23,0,0,0
14287,4.1247,0.3401,2,23,0,0,0
14288,4.1803,0.5916,2,23,0,0,0
14289,4.1219,0.3284,2,23,0,0,0
14290,4.1904,0.4001,2,23,0,0,0
14291,4.1881,0.3559,2,23,0,0,0
14292,4.4705,0.3153,2,23,0,0,0
14293,3.892,0.4178,2,23,0,0,0
14294,4.1364,0.3379,2,23,0,0,0
14295,4.1264,0.3348,2,23,0,0,0
14296,4.1922,0.3547,2,23,0,0,0
14297,4.2304,0.3747,2,23,0,0,0
14298,4.1222,0.3808,2,23,0,0,0
14299,4.1546,0.3541,2,23,0,0,0
14300,4.1655,0.6696,2,23,0,0,0
14301,4.3194,0.318,2,23,0,0,0
14302,4.0375,0.3187,2,23,0,0,0
14303,4.0933,0.5504,2,23,0,0,0
14304,4.2356,0.3866,2,23,0,0,0
14305,4.1746,0.4117,2,23,0,0,0
14306,4.1461,0.5074,2,23,0,0,0
14307,4.1363,0.3094,2,23,0,0,0
14308,4.1468,0.3272,2,23,0,0,0
14309,4.2339,0.3544,2,23,0,0,0
14310,4.123,0.5581,2,23,0,0,0
14311,4.2175,0.3578,2,23,0,0,0
14312,4.1146,0.3161,2,23,0,0,0
14313,4.1503,0.3144,2,23,0,0,0
14314,4.3199,0.5801,2,23,0,0,0
14315,4.0967,0.3778,2,23,0,0,0
14316,4.0998,0.311,2,23,0,0,0
14317,4.3041,0.4165,2,23,0,0,0
14318,4.0191,0.328,2,23,0,0,0
14319,4.179,0.3173,2,23,0,0,0
14320,4.2415,0.6185,2,23,0,0,0
14321,4.1481,0.3554,2,23,0,0,0
14322,4.1829,0.3521,2,23,0,0,0
14323,4.1587,0.3811,2,23,0,0,0
14324,4.1041,0.3118,2,23,0,0,0
14325,4.1915,0.3368,2,23,0,0,0
14326,4.2278,0.3526,2,23,0,0,0
14327,4.1247,0.3215,2,23,0,0,0
14328,4.1545,0.3576,2,23,0,0,0
14329,4.26,0.4695,2,23,0,0,0
14330,4.0223,0.3444,2,23,0,0,0
14331,4.1919,0.309,2,23,0,0,0
14332,4.3303,0.3131,2,23,0,0,0
14333,3.9965,0.4728,2,23,0,0,0
14334,4.3011,0.3831,2,23,0,0,0
14335,4.0948,0.3532,2,23,0,0,0
14336,4.134,0.3113,2,23,0,0,0
14337,4.0978,0.3126,2,23,0,0,0
14338,4.2449,0.3805,2,23,0,0,0
14339,4.4264,0.3707,2,23,0,0,0
14340,3.8681,0.3607,2,23,0,0,0
14341,4.2551,0.5331,2,23,0,0,0
14342,4.0614,0.4141,2,23,0,0,0
14343,4.1861,0.337,2,23,0,0,0
14344,4.2156,0.3773,2,23,0,0,0
14345,4.1833,0.3308,2,23,0,0,0
14346,4.147,0.3348,2,23,0,0,0
14347,4.1797,0.3739,2,23,0,0,0
14348,4.1132,0.3355,2,23,0,0,0
14349,4.1922,0.3204,2,23,0,0,0
14350,4.1908,0.3481,2,23,0,0,0
14351,4.1346,0.5518,2,23,0,0,0
14352,4.1376,0.4228,2,23,0,0,0
14353,4.2026,0.6245,2,23,0,0,0
14354,4.1694,0.3458,2,23,0,0,0
14355,4.1392,0.3074,2,23,0,0,0
14356,4.1365,0.3144,2,23,0,0,0
14357,4.2682,0.3208,2,23,0,0,0
14358,4.1904,0.5812,2,23,0,0,0
14359,4.092,0.3563,2,23,0,0,0
14360,4.1658,0.3289,2,23,0,0,0
14361,4.1456,0.3103,2,23,0,0,0
14362,4.1523,0.316,2,23,0,0,0
14363,4.2968,0.5785,2,23,0,0,0
14364,4.0855,0.3269,2,23,0,0,0
14365,4.1353,0.3112,2,23,0,0,0
14366,4.1292,0.3122,2,23,0,0,0
14367,4.2029,0.3104,2,23,0,0,0
14368,4.1598,0.3262,2,23,0,0,0
14369,4.2356,0.3602,2,23,0,0,0
14370,4.3478,0.5808,2,23,0,0,0
14371,3.9339,0.3675,2,23,0,0,0
14372,4.1441,0.3114,2,23,0,0,0
14373,4.2226,0.5127,2,23,0,0,0
14374,4.1296,0.3388,2,23,0,0,0
14375,4.2537,0.4719,2,23,0,0,0
14376,4.0826,0.3212,2,23,0,0,0
14377,4.2624,0.3715,2,23,0,0,0
14378,4.0952,0.363,2,23,0,0,0
14379,4.1395,0.3278,2,23,0,0,0
14380,4.1402,0.3117,2,23,0,0,0
14381,4.2976,0.3983,2,23,0,0,0
14382,4.0857,0.4219,2,23,0,0,0
14383,4.152,0.3318,2,23,0,0,0
14384,4.2123,0.5843,2,23,0,0,0
14385,4.0757,0.3094,2,23,0,0,0
14386,4.2707,0.5267,2,23,0,0,0
14387,4.0866,0.312,2,23,0,0,0
14388,4.1088,0.3926,2,23,0,0,0
14389,4.2765,0.3778,2,23,0,0,0
14390,4.2751,0.3269,2,23,0,0,0
14391,4.0215,0.3099,2,23,0,0,0
14392,4.1509,0.3547,2,23,0,0,0
14393,4.2389,0.3519,2,23,0,0,0
14394,4.1999,0.3344,2,23,0,0,0
14395,4.1317,0.341,2,23,0,0,0
14396,4.2419,0.4208,2,23,0,0,0
14397,4.143,0.3574,2,23,0,0,0
14398,4.0881,0.4624,2,23,0,0,0
14399,4.1905,0.3562,2,23,0,0,0
14400,4.1231,0.3047,2,23,0,0,0
14401,4.2833,0.5822,2,23,0,0,0
14402,4.1791,0.6058,2,23,0,0,0
14403,4.0298,0.3108,2,23,0,0,0
14404,4.1524,0.317,2,23,0,0,0
14405,4.2465,0.362,2,23,0,0,0
14406,4.2096,0.6164,2,23,0,0,0
14407,4.1029,0.3476,2,23,0,0,0
14408,4.1757,0.584,2,23,0,0,0
14409,4.1378,0.3286,2,23,0,0,0
14410,4.1847,0.3861,2,23,0,0,0
14411,4.147,0.3528,2,23,0,0,0
14412,4.1552,0.3094,2,23,0,0,0
14413,4.1706,0.366,2,23,0,0,0
14414,4.2167,0.5657,2,23,0,0,0
14415,4.1076,0.3066,2,23,0,0,0
14416,4.1411,0.4064,2,23,0,0,0
14417,4.2175,0.3782,2,23,0,0,0
14418,4.2573,0.5003,2,23,0,0,0
14419,4.0989,0.3386,2,23,0,0,0
14420,4.1334,0.3314,2,23,0,0,0
14421,4.2324,0.3647,2,23,0,0,0
14422,4.1035,0.3842,2,23,0,0,0
14423,4.1648,0.3579,2,23,0,0,0
14424,4.2177,0.37,2,23,0,0,0
14425,4.0893,0.3867,2,23,0,0,0
14426,4.2102,0.4201,2,23,0,0,0
14427,4.1115,0.3112,2,23,0,0,0
14428,4.1724,0.3313,2,23,0,0,0
14429,4.2361,0.3562,2,23,0,0,0
14430,4.214,0.4524,2,23,0,0,0
14431,4.0562,0.4628,2,23,0,0,0
14432,4.1842,0.5139,2,23,0,0,0
14433,4.0955,0.3118,2,23,0,0,0
14434,4.3121,0.3498,2,23,0,0,0
14435,4.1334,0.3567,2,23,0,0,0
14436,4.1695,0.3558,2,23,0,0,0
14437,4.2611,0.3761,2,23,0,0,0
14438,4.2807,0.3893,2,23,0,0,0
