frame,frameMs,cpuMs,activeObjects,totalObjects,created,destroyed,bossActive
0,1.0513,2.361,2,23,0,0,0
1,5.0335,0.6801,2,23,0,0,0
2,3.7048,1.1164,2,23,0,0,0
3,3.7371,0.2218,2,23,0,0,0
4,3.9665,0.5066,2,23,0,0,0
5,4.809,0.2183,2,23,0,0,0
6,4.081,0.2234,2,23,0,0,0
7,3.7801,0.3789,2,23,0,0,0
8,3.9593,0.355,2,23,0,0,0
9,4.3487,0.4487,2,23,0,0,0
10,4.3455,0.2685,2,23,0,0,0
11,4.1478,0.3758,2,23,0,0,0
12,4.0228,0.3732,2,23,0,0,0
13,3.9181,0.2109,2,23,0,0,0
14,4.5783,0.3851,2,23,0,0,0
15,4.0033,0.4504,2,23,0,0,0
16,4.1751,0.3571,2,23,0,0,0
17,4.2232,0.4174,2,23,0,0,0
18,3.9548,0.3117,2,23,0,0,0
19,4.279,0.365,2,23,0,0,0
20,3.9926,0.2633,2,23,0,0,0
21,4.3732,0.3377,2,23,0,0,0
22,4.2493,0.2693,2,23,0,0,0
23,4.177,0.6801,2,23,0,0,0
24,14.2434,0.2276,2,23,0,0,0
25,0.3847,0.2244,2,23,0,0,0
26,1.9432,0.2192,2,23,0,0,0
27,4.286,0.3128,2,23,0,0,0
28,3.9553,0.322,2,23,0,0,0
29,4.6438,0.455,2,23,0,0,0
30,3.7641,0.5448,2,23,0,0,0
31,3.9812,0.2109,2,23,0,0,0
32,4.3898,0.4675,2,23,0,0,0
33,4.3334,0.3759,2,23,0,0,0
34,4.0419,0.3949,2,23,0,0,0
35,4.0499,0.3426,2,23,0,0,0
36,4.0442,0.3577,2,23,0,0,0
37,4.3297,0.3182,2,23,0,0,0
38,4.2197,0.4184,2,23,0,0,0
39,4.1914,0.2915,2,23,0,0,0
40,4.1399,0.3886,2,23,0,0,0
41,4.0282,0.2523,2,23,0,0,0
42,4.2201,0.2206,2,23,0,0,0
43,4.9349,0.3638,2,23,0,0,0
44,3.4557,0.3142,2,23,0,0,0
45,4.1294,0.2365,2,23,0,0,0
46,4.0043,0.2925,2,23,0,0,0
47,4.1584,0.2432,2,23,0,0,0
48,4.1515,0.6127,2,23,0,0,0
49,5.287,0.2163,2,23,0,0,0
50,3.0711,0.3799,2,23,0,0,0
51,4.2284,0.3733,2,23,0,0,0
52,4.0775,0.396,2,23,0,0,0
53,4.5619,0.2211,2,23,0,0,0
54,3.7691,0.4639,2,23,0,0,0
55,4.1633,0.3932,2,23,0,0,0
56,4.5547,0.2368,2,23,0,0,0
57,3.9826,0.3553,2,23,0,0,0
58,3.9912,0.3428,2,23,0,0,0
59,4.6496,0.317,2,23,0,0,0
60,3.9361,0.2159,2,23,0,0,0
61,4.6877,0.2291,2,23,0,0,0
62,4.4892,0.3578,2,23,0,0,0
63,3.5231,0.2228,2,23,0,0,0
64,4.2661,0.22,2,23,0,0,0
65,4.0747,0.2158,2,23,0,0,0
66,4.2546,0.2153,2,23,0,0,0
67,3.9518,0.2258,2,23,0,0,0
68,4.4751,0.2508,2,23,0,0,0
69,3.9129,0.235,2,23,0,0,0
70,4.3556,0.2196,2,23,0,0,0
71,3.8741,0.2393,2,23,0,0,0
72,4.1827,0.2271,2,23,0,0,0
73,4.3008,0.2192,2,23,0,0,0
74,4.2001,0.2191,2,23,0,0,0
75,4.5032,0.2278,2,23,0,0,0
76,3.6438,0.2152,2,23,0,0,0
77,4.2365,0.2682,2,23,0,0,0
78,4.099,0.2284,2,23,0,0,0
79,4.155,0.2377,2,23,0,0,0
80,4.653,0.2201,2,23,0,0,0
81,4.0149,0.2397,2,23,0,0,0
82,3.8874,0.229,2,23,0,0,0
83,4.101,0.2297,2,23,0,0,0
84,4.2047,0.2226,2,23,0,0,0
85,4.3045,0.2903,2,23,0,0,0
86,4.0728,0.3138,2,23,0,0,0
87,4.3138,0.22,2,23,0,0,0
88,4.3189,0.2298,2,23,0,0,0
89,3.9194,0.2147,2,23,0,0,0
90,4.0278,0.2388,2,23,0,0,0
91,3.8571,0.3968,2,23,0,0,0
92,4.8452,0.2176,2,23,0,0,0
93,4.0817,0.2631,2,23,0,0,0
94,3.6728,0.2543,2,23,0,0,0
95,4.3263,0.3892,2,23,0,0,0
96,3.9201,0.2807,2,23,0,0,0
97,4.4359,0.3865,2,23,0,0,0
98,4.0436,0.4538,2,23,0,0,0
99,4.2548,0.2244,2,23,0,0,0
100,4.2291,0.4529,2,23,0,0,0
101,3.9825,0.2984,2,23,0,0,0
102,4.2525,0.5253,2,23,0,0,0
103,4.0584,0.3033,2,23,0,0,0
104,4.3242,0.4154,2,23,0,0,0
105,4.3457,0.4672,2,23,0,0,0
106,3.7924,0.2171,2,23,0,0,0
107,4.3548,0.4283,2,23,0,0,0
108,3.9606,0.2193,2,23,0,0,0
109,4.4463,0.3433,2,23,0,0,0
110,4.1218,0.4014,2,23,0,0,0
111,4.2478,0.4948,2,23,0,0,0
112,3.9259,0.3021,2,23,0,0,0
113,4.4696,0.5171,2,23,0,0,0
114,3.8248,0.3046,2,23,0,0,0
115,3.9634,0.2568,2,23,0,0,0
116,4.2692,0.2937,2,23,0,0,0
117,4.2104,0.2189,2,23,0,0,0
118,4.2565,0.3593,2,23,0,0,0
119,4.1263,0.3041,2,23,0,0,0
120,3.9946,0.2528,2,23,0,0,0
121,4.1307,0.2541,2,23,0,0,0
122,4.304,0.2687,2,23,0,0,0
123,4.3423,0.4216,2,23,0,0,0
124,3.9914,0.2995,2,23,0,0,0
125,4.4229,0.3177,2,23,0,0,0
126,3.876,0.2438,2,23,0,0,0
127,4.0894,0.1955,2,23,0,0,0
128,4.3257,0.2777,2,23,0,0,0
129,4.1849,0.3931,2,23,0,0,0
130,4.1804,0.4039,2,23,0,0,0
131,4.0673,0.2476,2,23,0,0,0
132,4.0873,0.2064,2,23,0,0,0
133,4.2778,0.4003,2,23,0,0,0
134,4.2255,0.2457,2,23,0,0,0
135,3.9785,0.3146,2,23,0,0,0
136,4.2682,0.4153,2,23,0,0,0
137,4.2348,0.3042,2,23,0,0,0
138,4.1636,0.2633,2,23,0,0,0
139,4.0724,0.3488,2,23,0,0,0
140,4.2615,0.3218,2,23,0,0,0
141,4.1055,0.2482,2,23,0,0,0
142,4.2879,0.4026,2,23,0,0,0
143,4.2364,0.2506,2,23,0,0,0
144,3.9359,0.2299,2,23,0,0,0
145,4.2419,0.3076,2,23,0,0,0
146,4.2237,0.3019,2,23,0,0,0
147,3.9961,0.3139,2,23,0,0,0
148,4.2269,0.3989,2,23,0,0,0
149,4.3165,0.4079,2,23,0,0,0
150,3.9649,0.3195,2,23,0,0,0
151,4.1296,0.2818,2,23,0,0,0
152,4.277,0.3051,2,23,0,0,0
153,4.3852,0.2618,2,23,0,0,0
154,4.0517,0.4094,2,23,0,0,0
155,4.0753,0.3757,2,23,0,0,0
156,4.0688,0.2497,2,23,0,0,0
157,4.3362,0.324,2,23,0,0,0
158,4.0064,0.2239,2,23,0,0,0
159,4.2994,0.3163,2,23,0,0,0
160,4.0201,0.3248,2,23,0,0,0
161,4.1469,0.1713,2,23,0,0,0
162,4.338,0.3232,2,23,0,0,0
163,4.0721,0.2633,2,23,0,0,0
164,4.2426,0.368,2,23,0,0,0
165,4.2366,0.3356,2,23,0,0,0
166,4.0776,0.3805,2,23,0,0,0
167,4.1419,0.4438,2,23,0,0,0
168,4.0776,0.1994,2,23,0,0,0
169,4.1437,0.2067,2,23,0,0,0
170,4.3122,0.3172,2,23,0,0,0
171,4.1211,0.3261,2,23,0,0,0
172,4.2206,0.264,2,23,0,0,0
173,4.0798,0.3967,2,23,0,0,0
174,4.2,0.2499,2,23,0,0,0
175,4.4714,0.3756,2,23,0,0,0
176,3.9292,0.2709,2,23,0,0,0
177,4.2085,0.2998,2,23,0,0,0
178,4.1429,0.5218,2,23,0,0,0
179,4.0801,0.2612,2,23,0,0,0
180,4.1835,0.2297,2,23,0,0,0
181,4.4585,0.4102,2,23,0,0,0
182,3.9875,0.3071,2,23,0,0,0
183,4.1454,0.3491,2,23,0,0,0
184,4.1778,0.3791,2,23,0,0,0
185,4.0312,0.3547,2,23,0,0,0
186,4.2551,0.4588,2,23,0,0,0
187,4.1547,0.2544,2,23,0,0,0
188,4.197,0.3114,2,23,0,0,0
189,4.1444,0.3628,2,23,0,0,0
190,4.1296,0.2816,2,23,0,0,0
191,4.141,0.3519,2,23,0,0,0
192,4.2051,0.265,2,23,0,0,0
193,4.2417,0.4163,2,23,0,0,0
194,4.0906,0.409,2,23,0,0,0
195,4.2786,0.3326,2,23,0,0,0
196,4.5461,0.2705,2,23,0,0,0
197,3.694,0.4533,2,23,0,0,0
198,4.3586,0.4999,2,23,0,0,0
199,3.9331,0.2886,2,23,0,0,0
200,4.1772,0.3056,2,23,0,0,0
201,4.2386,0.3008,2,23,0,0,0
202,4.2055,0.355,2,23,0,0,0
203,4.1082,0.3068,2,23,0,0,0
204,4.1036,0.399,2,23,0,0,0
205,4.3583,0.4104,2,23,0,0,0
206,4.0112,0.248,2,23,0,0,0
207,4.1675,0.2857,2,23,0,0,0
208,4.2398,0.3031,2,23,0,0,0
209,4.064,0.2213,2,23,0,0,0
210,4.1647,0.3228,2,23,0,0,0
211,4.2497,0.504,2,23,0,0,0
212,4.1661,0.3922,2,23,0,0,0
213,4.1367,0.4459,2,23,0,0,0
214,4.2384,0.3248,2,23,0,0,0
215,4.1236,0.3367,2,23,0,0,0
216,4.0948,0.2833,2,23,0,0,0
217,4.2843,0.5001,2,23,0,0,0
218,4.1177,0.2579,2,23,0,0,0
219,4.2161,0.3269,2,23,0,0,0
220,4.1224,0.3088,2,23,0,0,0
221,4.1134,0.2873,2,23,0,0,0
222,4.206,0.3611,2,23,0,0,0
223,4.1423,0.3179,2,23,0,0,0
224,4.253,0.4809,2,23,0,0,0
225,4.1297,0.4399,2,23,0,0,0
226,4.1572,0.4634,2,23,0,0,0
227,4.1545,0.264,2,23,0,0,0
228,4.0995,0.2227,2,23,0,0,0
229,4.2887,0.4836,2,23,0,0,0
230,4.1081,0.3261,2,23,0,0,0
231,4.2092,0.2968,2,23,0,0,0
232,4.1259,0.2554,2,23,0,0,0
233,4.6089,0.2962,2,23,0,0,0
234,3.7125,0.2869,2,23,0,0,0
235,4.1751,0.2884,2,23,0,0,0
236,4.2106,0.452,2,23,0,0,0
237,4.1078,0.3746,2,23,0,0,0
238,4.1893,0.269,2,23,0,0,0
239,4.115,0.38,2,23,0,0,0
240,4.1782,0.297,2,23,0,0,0
241,4.1507,0.4402,2,23,0,0,0
242,4.2285,0.7417,2,23,0,0,0
243,4.5055,0.4481,2,23,0,0,0
244,4.2282,1.1731,2,23,0,0,0
245,3.7082,0.3219,2,23,0,0,0
246,4.2027,0.263,2,23,0,0,0
247,4.1165,0.3294,2,23,0,0,0
248,4.1693,0.2702,2,23,0,0,0
249,4.3693,0.5011,2,23,0,0,0
250,4.0786,0.2951,2,23,0,0,0
251,4.093,0.2581,2,23,0,0,0
252,4.1553,0.286,2,23,0,0,0
253,4.2119,0.2578,2,23,0,0,0
254,4.1746,0.2867,2,23,0,0,0
255,4.2075,0.5314,2,23,0,0,0
256,4.1312,0.2996,2,23,0,0,0
257,4.391,0.3662,2,23,0,0,0
258,3.8853,0.2795,2,23,0,0,0
259,4.1817,0.2644,2,23,0,0,0
260,4.171,0.2966,2,23,0,0,0
261,4.2591,0.5217,2,23,0,0,0
262,4.0776,0.2886,2,23,0,0,0
263,4.1469,0.2862,2,23,0,0,0
264,4.176,0.2892,2,23,0,0,0
265,4.2179,0.2669,2,23,0,0,0
266,4.1809,0.2794,2,23,0,0,0
267,4.1459,0.4851,2,23,0,0,0
268,4.4346,0.481,2,23,0,0,0
269,3.8868,0.2803,2,23,0,0,0
270,4.0191,0.4039,2,23,0,0,0
271,4.2469,0.2707,2,23,0,0,0
272,4.4108,0.5089,2,23,0,0,0
273,4.0332,0.4338,2,23,0,0,0
274,4.1884,0.2697,2,23,0,0,0
275,4.0756,0.4102,2,23,0,0,0
276,4.1276,0.2376,2,23,0,0,0
277,4.2116,0.2327,2,23,0,0,0
278,4.148,0.2754,2,23,0,0,0
279,4.2178,0.3361,2,23,0,0,0
280,4.2051,0.528,2,23,0,0,0
281,4.0451,0.2315,2,23,0,0,0
282,4.2611,0.3041,2,23,0,0,0
283,4.1357,0.2865,2,23,0,0,0
284,4.128,0.3015,2,23,0,0,0
285,4.2433,0.6039,2,23,0,0,0
286,4.3124,0.4803,2,23,0,0,0
287,4.3342,0.4482,2,23,0,0,0
288,3.8275,0.2625,2,23,0,0,0
289,4.1401,0.2653,2,23,0,0,0
290,4.154,0.2694,2,23,0,0,0
291,4.1993,0.3445,2,23,0,0,0
292,4.1715,0.379,2,23,0,0,0
293,4.098,0.2678,2,23,0,0,0
294,4.5018,0.4675,2,23,0,0,0
295,3.8898,0.292,2,23,0,0,0
296,4.156,0.2578,2,23,0,0,0
297,4.2214,0.2905,2,23,0,0,0
298,4.0639,0.4245,2,23,0,0,0
299,4.241,0.399,2,23,0,0,0
300,4.1501,0.272,2,23,0,0,0
301,4.6188,0.4417,2,23,0,0,0
302,4.0416,0.2654,2,23,0,0,0
303,3.9291,0.4506,2,23,0,0,0
304,4.0533,0.469,2,23,0,0,0
305,4.1395,0.2164,2,23,0,0,0
306,4.2915,0.5633,2,23,0,0,0
307,4.1145,0.4594,2,23,0,0,0
308,4.1995,0.3258,2,23,0,0,0
309,4.1664,0.3448,2,23,0,0,0
310,4.0921,0.4303,2,23,0,0,0
311,4.2312,0.3672,2,23,0,0,0
312,4.1051,0.2658,2,23,0,0,0
313,4.4471,0.4686,2,23,0,0,0
314,3.9422,0.3212,2,23,0,0,0
315,4.2648,0.3711,2,23,0,0,0
316,4.0531,0.2914,2,23,0,0,0
317,4.0993,0.3323,2,23,0,0,0
318,4.2313,0.3987,2,23,0,0,0
319,4.1636,0.265,2,23,0,0,0
320,4.1306,0.4306,2,23,0,0,0
321,4.2015,0.2793,2,23,0,0,0
322,4.2069,0.3413,2,23,0,0,0
323,4.3838,0.4836,2,23,0,0,0
324,3.8492,0.2214,2,23,0,0,0
325,4.2795,0.3689,2,23,0,0,0
326,4.1461,0.2986,2,23,0,0,0
327,4.1836,0.3236,2,23,0,0,0
328,4.1062,0.3245,2,23,0,0,0
329,4.1122,0.2527,2,23,0,0,0
330,4.2432,0.4859,2,23,0,0,0
331,4.1443,0.2253,2,23,0,0,0
332,4.4208,0.4901,2,23,0,0,0
333,3.9609,0.3146,2,23,0,0,0
334,4.094,0.2635,2,23,0,0,0
335,4.4988,0.3876,2,23,0,0,0
336,3.8156,0.2343,2,23,0,0,0
337,4.6334,0.7513,2,23,0,0,0
338,3.7101,0.2759,2,23,0,0,0
339,4.1926,0.3172,2,23,0,0,0
340,4.2468,0.3311,2,23,0,0,0
341,4.0877,0.2635,2,23,0,0,0
342,4.1532,0.4125,2,23,0,0,0
343,4.1806,0.2727,2,23,0,0,0
344,4.1672,0.2485,2,23,0,0,0
345,4.1805,0.3002,2,23,0,0,0
346,4.216,0.3011,2,23,0,0,0
347,4.1072,0.251,2,23,0,0,0
348,4.1271,0.3137,2,23,0,0,0
349,4.3144,0.5193,2,23,0,0,0
350,4.0582,0.2263,2,23,0,0,0
351,4.2149,0.2735,2,23,0,0,0
352,4.1336,0.3058,2,23,0,0,0
353,4.2126,0.3047,2,23,0,0,0
354,4.1293,0.2948,2,23,0,0,0
355,4.1628,0.2738,2,23,0,0,0
356,4.2234,0.3341,2,23,0,0,0
357,4.0969,0.344,2,23,0,0,0
358,4.456,0.2916,2,23,0,0,0
359,3.9314,0.3342,2,23,0,0,0
360,4.0977,0.3787,2,23,0,0,0
361,4.2061,0.4088,2,23,0,0,0
362,4.0915,0.2068,2,23,0,0,0
363,4.2349,0.3127,2,23,0,0,0
364,4.4159,0.252,2,23,0,0,0
365,3.9754,0.3838,2,23,0,0,0
366,4.4415,0.4052,2,23,0,0,0
367,3.8527,0.3251,2,23,0,0,0
368,4.3057,0.4019,2,23,0,0,0
369,4.0196,0.2578,2,23,0,0,0
370,4.148,0.4965,2,23,0,0,0
371,4.1588,0.2852,2,23,0,0,0
372,4.1226,0.2687,2,23,0,0,0
373,4.2089,0.5912,2,23,0,0,0
374,4.3966,0.2674,2,23,0,0,0
375,3.9313,0.284,2,23,0,0,0
376,4.1606,0.277,2,23,0,0,0
377,4.2076,0.264,2,23,0,0,0
378,4.1491,0.2438,2,23,0,0,0
379,4.1507,0.2809,2,23,0,0,0
380,4.2129,0.4866,2,23,0,0,0
381,4.1972,0.5458,2,23,0,0,0
382,4.188,0.2913,2,23,0,0,0
383,4.4015,0.3558,2,23,0,0,0
384,3.8284,0.2642,2,23,0,0,0
385,4.1638,0.3382,2,23,0,0,0
386,4.1726,0.2845,2,23,0,0,0
387,4.3502,0.4966,2,23,0,0,0
388,4.0117,0.3814,2,23,0,0,0
389,4.2119,0.2888,2,23,0,0,0
390,4.1332,0.2844,2,23,0,0,0
391,4.1324,0.438,2,23,0,0,0
392,4.2159,0.411,2,23,0,0,0
393,4.1598,0.2646,2,23,0,0,0
394,4.3822,0.4323,2,23,0,0,0
395,3.9509,0.416,2,23,0,0,0
396,4.105,0.3847,2,23,0,0,0
397,4.2042,0.4123,2,23,0,0,0
398,4.2118,0.3,2,23,0,0,0
399,4.1035,0.4025,2,23,0,0,0
400,4.1563,0.4196,2,23,0,0,0
401,4.4822,0.4114,2,23,0,0,0
402,3.9271,0.3011,2,23,0,0,0
403,4.1391,0.2835,2,23,0,0,0
404,4.1514,0.2952,2,23,0,0,0
405,4.1718,0.4876,2,23,0,0,0
406,4.5385,0.4951,2,23,0,0,0
407,3.8315,0.303,2,23,0,0,0
408,4.0807,0.2623,2,23,0,0,0
409,4.2571,0.2913,2,23,0,0,0
410,4.0871,0.3948,2,23,0,0,0
411,4.2134,0.3553,2,23,0,0,0
412,4.607,0.4244,2,23,0,0,0
413,3.73,0.266,2,23,0,0,0
414,4.1555,0.3236,2,23,0,0,0
415,4.2031,0.2657,2,23,0,0,0
416,4.1022,0.277,2,23,0,0,0
417,4.2692,0.452,2,23,0,0,0
418,4.1903,0.4956,2,23,0,0,0
419,4.188,0.4281,2,23,0,0,0
420,4.0188,0.309,2,23,0,0,0
421,4.5157,0.3434,2,23,0,0,0
422,4.152,0.2843,2,23,0,0,0
423,3.9198,0.3969,2,23,0,0,0
424,4.1068,0.407,2,23,0,0,0
425,4.1288,0.4002,2,23,0,0,0
426,4.1457,0.2988,2,23,0,0,0
427,4.2229,0.3148,2,23,0,0,0
428,4.1581,0.2864,2,23,0,0,0
429,4.2487,0.2606,2,23,0,0,0
430,4.1762,0.2628,2,23,0,0,0
431,4.4602,0.4762,2,23,0,0,0
432,3.7628,0.2574,2,23,0,0,0
433,4.2137,0.2453,2,23,0,0,0
434,4.4627,0.3933,2,23,0,0,0
435,3.8404,0.2828,2,23,0,0,0
436,4.3895,0.2247,2,23,0,0,0
437,4.1153,0.2551,2,23,0,0,0
438,3.9678,0.4261,2,23,0,0,0
439,4.1961,0.2634,2,23,0,0,0
440,4.1293,0.4067,2,23,0,0,0
441,4.2493,0.2992,2,23,0,0,0
442,4.2046,0.4301,2,23,0,0,0
443,4.0797,0.3501,2,23,0,0,0
444,4.1663,0.2631,2,23,0,0,0
445,4.2315,0.3001,2,23,0,0,0
446,4.1745,0.4657,2,23,0,0,0
447,4.1358,0.3078,2,23,0,0,0
448,4.1847,0.4282,2,23,0,0,0
449,4.0909,0.3171,2,23,0,0,0
450,4.3809,0.4909,2,23,0,0,0
451,4.008,0.2558,2,23,0,0,0
452,4.1528,0.2956,2,23,0,0,0
453,4.222,0.3044,2,23,0,0,0
454,4.1591,0.3295,2,23,0,0,0
455,4.0856,0.4092,2,23,0,0,0
456,4.1475,0.2469,2,23,0,0,0
457,4.2701,0.3013,2,23,0,0,0
458,4.0793,0.2181,2,23,0,0,0
459,4.2306,0.358,2,23,0,0,0
460,4.1335,0.3402,2,23,0,0,0
461,4.1535,0.4663,2,23,0,0,0
462,4.2073,0.409,2,23,0,0,0
463,4.1443,0.3134,2,23,0,0,0
464,4.204,0.2899,2,23,0,0,0
465,4.1561,0.4417,2,23,0,0,0
466,4.5303,0.5312,2,23,0,0,0
467,3.7943,0.3067,2,23,0,0,0
468,4.1185,0.5908,2,23,0,0,0
469,4.5746,0.4522,2,23,0,0,0
470,3.7784,0.2854,2,23,0,0,0
471,4.2017,0.6167,2,23,0,0,0
472,4.1363,0.3004,2,23,0,0,0
473,4.1201,0.3029,2,23,0,0,0
474,4.1802,0.3198,2,23,0,0,0
475,4.1658,0.2886,2,23,0,0,0
476,4.1994,0.5902,2,23,0,0,0
477,4.2289,0.3107,2,23,0,0,0
478,4.4335,0.4917,2,23,0,0,0
479,3.791,0.3882,2,23,0,0,0
480,4.1484,0.2436,2,23,0,0,0
481,4.143,0.3455,2,23,0,0,0
482,4.2505,0.302,2,23,0,0,0
483,4.1751,0.4917,2,23,0,0,0
484,4.1283,0.318,2,23,0,0,0
485,4.1664,0.2921,2,23,0,0,0
486,4.1808,0.3371,2,23,0,0,0
487,4.1517,0.2864,2,23,0,0,0
488,4.3983,0.5009,2,23,0,0,0
489,4.0685,0.5033,2,23,0,0,0
490,4.1193,0.3016,2,23,0,0,0
491,4.1187,0.2551,2,23,0,0,0
492,4.0878,0.2264,2,23,0,0,0
493,4.3385,0.5035,2,23,0,0,0
494,4.0552,0.212,2,23,0,0,0
495,4.2098,0.2916,2,23,0,0,0
496,4.0903,0.3526,2,23,0,0,0
497,4.2145,0.324,2,23,0,0,0
498,4.171,0.2883,2,23,0,0,0
499,4.1111,0.2304,2,23,0,0,0
500,4.1355,0.3546,2,23,0,0,0
501,4.1782,0.2933,2,23,0,0,0
502,4.235,0.3198,2,23,0,0,0
503,4.148,0.2657,2,23,0,0,0
504,4.1268,0.2267,2,23,0,0,0
505,4.1806,0.3171,2,23,0,0,0
506,4.2466,0.2627,2,23,0,0,0
507,4.1831,0.5175,2,23,0,0,0
508,4.1231,0.3143,2,23,0,0,0
509,4.1306,0.2661,2,23,0,0,0
510,4.1387,0.2419,2,23,0,0,0
511,4.1992,0.2813,2,23,0,0,0
512,4.2965,0.4161,2,23,0,0,0
513,4.062,0.5517,2,23,0,0,0
514,4.2142,0.5136,2,23,0,0,0
515,4.0884,0.2265,2,23,0,0,0
516,4.1637,0.2842,2,23,0,0,0
517,4.4889,0.485,2,23,0,0,0
518,3.9392,0.2922,2,23,0,0,0
519,4.0559,0.4333,2,23,0,0,0
520,4.2037,0.3276,2,23,0,0,0
521,4.1777,0.3068,2,23,0,0,0
522,4.2068,0.321,2,23,0,0,0
523,4.114,0.2799,2,23,0,0,0
524,4.1973,0.2831,2,23,0,0,0
525,4.1804,0.313,2,23,0,0,0
526,4.3397,0.492,2,23,0,0,0
527,4.03,0.2804,2,23,0,0,0
528,4.0731,0.2815,2,23,0,0,0
529,4.1321,0.2514,2,23,0,0,0
530,4.2309,0.2381,2,23,0,0,0
531,4.3176,0.5167,2,23,0,0,0
532,4.1831,0.4877,2,23,0,0,0
533,4.2737,0.456,2,23,0,0,0
534,3.8911,0.4236,2,23,0,0,0
535,4.2381,0.3323,2,23,0,0,0
536,4.1492,0.4809,2,23,0,0,0
537,4.1879,0.2968,2,23,0,0,0
538,5.1084,0.4463,2,23,0,0,0
539,3.4056,0.2672,2,23,0,0,0
540,3.8806,0.2278,2,23,0,0,0
541,4.2228,0.2966,2,23,0,0,0
542,4.2529,0.252,2,23,0,0,0
543,4.105,0.3622,2,23,0,0,0
544,4.1583,0.4857,2,23,0,0,0
545,4.2734,0.5695,2,23,0,0,0
546,4.3671,0.3525,2,23,0,0,0
547,3.8119,0.1938,2,23,0,0,0
548,4.3819,0.3492,2,23,0,0,0
549,3.885,0.2128,2,23,0,0,0
550,4.2764,0.2891,2,23,0,0,0
551,4.2467,0.3078,2,23,0,0,0
552,4.0643,0.2239,2,23,0,0,0
553,4.1208,0.3022,2,23,0,0,0
554,4.1727,0.2527,2,23,0,0,0
555,4.2095,0.2218,2,23,0,0,0
556,4.1125,0.3299,2,23,0,0,0
557,4.3022,0.3487,2,23,0,0,0
558,4.2207,0.2597,2,23,0,0,0
559,4.0138,0.2448,2,23,0,0,0
560,4.199,0.2555,2,23,0,0,0
561,4.1897,0.2804,2,23,0,0,0
562,4.1593,0.3556,2,23,0,0,0
563,4.155,0.3988,2,23,0,0,0
564,4.0952,0.2115,2,23,0,0,0
565,4.276,0.2669,2,23,0,0,0
566,4.3673,0.2865,2,23,0,0,0
567,4.2765,0.4093,2,23,0,0,0
568,3.7596,0.2615,2,23,0,0,0
569,4.2137,0.4405,2,23,0,0,0
570,4.3356,0.4363,2,23,0,0,0
571,4.3563,0.4813,2,23,0,0,0
572,4.5262,0.2722,2,23,0,0,0
573,3.5242,0.2624,2,23,0,0,0
574,4.3394,0.4278,2,23,0,0,0
575,3.9164,0.3921,2,23,0,0,0
576,4.141,0.3028,2,23,0,0,0
577,4.3475,0.3695,2,23,0,0,0
578,4.0443,0.2893,2,23,0,0,0
579,4.471,0.4241,2,23,0,0,0
580,3.8184,0.2231,2,23,0,0,0
581,4.1372,0.4017,2,23,0,0,0
582,4.0861,0.3458,2,23,0,0,0
583,4.2349,0.2285,2,23,0,0,0
584,4.2512,0.2508,2,23,0,0,0
585,4.4224,0.6141,13,33,10,0,1
586,4.1905,0.26,13,33,0,0,1
587,4.0484,0.5435,13,33,0,0,1
588,3.9355,0.319,13,33,0,0,1
589,4.5421,0.4448,13,33,0,0,1
590,3.8782,0.3065,13,33,0,0,1
591,4.4681,0.3314,13,33,0,0,1
592,3.7312,0.2628,13,33,0,0,1
593,4.1893,0.2524,13,33,0,0,1
594,4.2053,0.3866,13,33,0,0,1
595,4.3905,0.265,13,33,0,0,1
596,3.9876,0.3125,13,33,0,0,1
597,4.1732,0.352,13,33,0,0,1
598,4.4873,0.4463,13,33,0,0,1
599,3.9131,0.356,13,33,0,0,1
600,4.0395,0.2991,13,33,0,0,1
601,4.1389,0.3852,13,33,0,0,1
602,4.202,0.2823,13,33,0,0,1
603,4.2381,0.3153,13,33,0,0,1
604,4.0879,0.4615,13,33,0,0,1
605,4.2146,0.515,13,33,0,0,1
606,4.4686,0.3067,13,33,0,0,1
607,3.869,0.271,13,33,0,0,1
608,4.2856,0.3524,13,33,0,0,1
609,4.0516,0.3352,13,33,0,0,1
610,4.2613,0.3935,13,33,0,0,1
611,4.0841,0.276,13,33,0,0,1
612,4.0744,0.2425,13,33,0,0,1
613,4.4431,0.5159,13,33,0,0,1
614,3.9586,0.2145,13,33,0,0,1
615,4.5044,0.389,13,33,0,0,1
616,4.1152,0.2826,13,33,0,0,1
617,3.8647,0.2316,13,33,0,0,1
618,4.3968,0.2454,13,33,0,0,1
619,3.9272,0.208,13,33,0,0,1
620,4.3,0.498,13,33,0,0,1
621,4.3294,0.408,15,45,12,0,1
622,4.0656,0.3313,15,35,0,10,1
623,3.9643,0.286,15,35,0,0,1
624,4.1668,0.2798,15,35,0,0,1
625,4.1656,0.4225,15,35,0,0,1
626,4.204,0.2008,15,35,0,0,1
627,4.4028,0.4368,15,35,0,0,1
628,4.0298,0.3083,15,35,0,0,1
629,4.072,0.4579,15,35,0,0,1
630,4.0793,0.3592,15,35,0,0,1
631,4.2361,0.2657,15,35,0,0,1
632,4.235,0.3084,15,35,0,0,1
633,4.2943,0.4734,15,35,0,0,1
634,4.0559,0.3203,15,35,0,0,1
635,4.0803,0.2458,15,35,0,0,1
636,4.1462,0.2626,15,35,0,0,1
637,4.1855,0.2605,15,35,0,0,1
638,4.1787,0.2066,15,35,0,0,1
639,4.3451,0.4817,15,35,0,0,1
640,4.4178,0.4435,15,35,0,0,1
641,3.8295,0.4429,15,35,0,0,1
642,4.045,0.3171,15,35,0,0,1
643,4.2175,0.3101,15,35,0,0,1
644,4.1007,0.3632,15,35,0,0,1
645,4.2275,0.5185,15,35,0,0,1
646,4.4257,0.4367,15,35,0,0,1
647,3.8887,0.2957,15,35,0,0,1
648,4.1967,0.3585,15,35,0,0,1
649,4.1556,0.3012,15,35,0,0,1
650,4.1584,0.2266,15,35,0,0,1
651,4.1728,0.549,15,35,0,0,1
652,4.1415,0.2395,15,35,0,0,1
653,4.5388,0.4095,15,35,0,0,1
654,3.8344,0.4769,15,35,0,0,1
655,4.1391,0.308,15,35,0,0,1
656,4.1606,0.2606,15,35,0,0,1
657,4.1002,0.2234,15,35,0,0,1
658,4.4314,0.4691,15,35,0,0,1
659,4.2183,0.3668,10,42,7,0,1
660,4.0248,0.2808,10,30,0,12,1
661,4.1088,0.3299,10,30,0,0,1
662,4.1013,0.266,10,30,0,0,1
663,4.2005,0.3773,10,30,0,0,1
664,4.2056,0.5292,10,30,0,0,1
665,4.1411,0.3036,10,30,0,0,1
666,4.1903,0.3229,10,30,0,0,1
667,4.0679,0.2022,10,30,0,0,1
668,4.1387,0.2681,10,30,0,0,1
669,4.2719,0.3339,10,30,0,0,1
670,4.2831,0.473,10,30,0,0,1
671,4.0909,0.304,10,30,0,0,1
672,4.0801,0.4433,10,30,0,0,1
673,4.1646,0.2526,10,30,0,0,1
674,4.192,0.2285,10,30,0,0,1
675,4.1711,0.2669,10,30,0,0,1
676,4.0823,0.3511,10,30,0,0,1
677,4.5065,0.3761,10,30,0,0,1
678,4.0924,0.3142,10,30,0,0,1
679,3.9414,0.2573,10,30,0,0,1
680,4.2511,0.2781,10,30,0,0,1
681,4.1448,0.2967,10,30,0,0,1
682,4.371,0.4415,10,30,0,0,1
683,3.9224,0.6043,10,30,0,0,1
684,4.1703,0.2368,10,30,0,0,1
685,4.4599,0.4013,10,30,0,0,1
686,3.9864,0.2743,10,30,0,0,1
687,4.0758,0.2291,10,30,0,0,1
688,4.3245,0.3135,10,30,0,0,1
689,3.9617,0.3979,10,30,0,0,1
690,4.2391,0.3064,10,30,0,0,1
691,4.1687,0.2852,10,30,0,0,1
692,4.1811,0.2973,10,30,0,0,1
693,4.1013,0.278,10,30,0,0,1
694,4.1565,0.4027,10,30,0,0,1
695,4.5472,0.4202,15,42,12,0,1
696,3.8414,0.2971,15,35,0,7,1
697,4.1397,0.2958,15,35,0,0,1
698,4.1979,0.4472,15,35,0,0,1
699,4.0914,0.5583,15,35,0,0,1
700,4.2444,0.2767,15,35,0,0,1
701,4.0874,0.2122,15,35,0,0,1
702,4.198,0.4668,15,35,0,0,1
703,4.2034,0.2581,15,35,0,0,1
704,4.1064,0.4101,15,35,0,0,1
705,4.2044,0.3533,15,35,0,0,1
706,4.203,0.3448,15,35,0,0,1
707,4.1848,0.5248,15,35,0,0,1
708,4.059,0.2476,15,35,0,0,1
709,4.2843,0.281,15,35,0,0,1
710,4.1174,0.6507,15,35,0,0,1
711,4.1895,0.2994,15,35,0,0,1
712,4.5272,0.3632,15,35,0,0,1
713,3.8571,0.2678,15,35,0,0,1
714,4.0941,0.4412,15,35,0,0,1
715,4.1287,0.2064,15,35,0,0,1
716,4.1593,0.3131,15,35,0,0,1
717,4.248,0.3119,15,35,0,0,1
718,4.2235,0.4476,15,35,0,0,1
719,4.0088,0.2367,15,35,0,0,1
720,4.1695,0.3283,15,35,0,0,1
721,4.3908,0.5157,15,35,0,0,1
722,4.0447,0.2703,15,35,0,0,1
723,4.1739,0.3549,15,35,0,0,1
724,4.1344,0.3475,15,35,0,0,1
725,4.1609,0.2763,15,35,0,0,1
726,4.1201,0.3603,15,35,0,0,1
727,4.1598,0.2135,15,35,0,0,1
728,4.2842,0.3352,15,35,0,0,1
729,4.0467,0.2343,15,35,0,0,1
730,4.2535,0.3018,15,35,0,0,1
731,4.4772,0.4084,24,56,21,0,1
732,3.8109,0.28,24,44,0,12,1
733,4.2363,0.8133,24,44,0,0,1
734,4.1522,0.3136,24,44,0,0,1
735,4.1649,0.4367,24,44,0,0,1
736,4.0878,0.3369,24,44,0,0,1
737,4.2014,0.2412,24,44,0,0,1
738,4.1256,0.3958,24,44,0,0,1
739,4.1661,0.2673,24,44,0,0,1
740,4.1564,0.2744,24,44,0,0,1
741,4.2205,0.3406,24,44,0,0,1
742,4.2118,0.35,24,44,0,0,1
743,4.1615,0.4259,24,44,0,0,1
744,4.0954,0.372,24,44,0,0,1
745,4.2079,0.2118,24,44,0,0,1
746,4.1843,0.3307,24,44,0,0,1
747,4.1637,0.3052,24,44,0,0,1
748,4.5243,0.3214,24,44,0,0,1
749,3.7841,0.2641,24,44,0,0,1
750,4.1691,0.2553,24,44,0,0,1
751,4.1905,0.3041,24,44,0,0,1
752,4.2667,0.5095,24,44,0,0,1
753,4.1155,0.3019,24,44,0,0,1
754,4.1756,0.4314,24,44,0,0,1
755,4.0656,0.3119,24,44,0,0,1
756,4.1492,0.2513,24,44,0,0,1
757,4.1928,0.2843,24,44,0,0,1
758,4.1736,0.2027,24,44,0,0,1
759,4.1964,0.4645,24,44,0,0,1
760,4.405,0.5271,29,70,26,0,1
761,3.9792,0.2803,29,49,0,21,1
762,4.1343,0.3834,29,49,0,0,1
763,4.1372,0.2713,29,49,0,0,1
764,4.1821,0.5173,29,49,0,0,1
765,4.2619,0.5483,29,49,0,0,1
766,4.0185,0.3103,29,49,0,0,1
767,4.2035,0.3169,29,49,0,0,1
768,4.1388,0.3128,29,49,0,0,1
769,4.1765,0.2606,29,49,0,0,1
770,4.1471,0.2997,29,49,0,0,1
771,4.2695,0.5378,29,49,0,0,1
772,4.1075,0.2743,29,49,0,0,1
773,4.1694,0.2717,29,49,0,0,1
774,4.1156,0.4165,29,49,0,0,1
775,4.1996,0.3085,29,49,0,0,1
776,4.1849,0.3468,29,49,0,0,1
777,4.238,0.2746,29,49,0,0,1
778,4.1664,0.4983,29,49,0,0,1
779,4.1076,0.4044,29,49,0,0,1
780,4.4169,0.3495,29,49,0,0,1
781,3.8904,0.2837,29,49,0,0,1
782,4.1742,0.2577,29,49,0,0,1
783,4.2348,0.3974,29,49,0,0,1
784,4.328,0.5359,29,49,0,0,1
785,3.9391,0.2646,29,49,0,0,1
786,4.149,0.3094,29,49,0,0,1
787,4.1585,0.2742,29,49,0,0,1
788,4.4304,0.3719,29,49,0,0,1
789,3.9508,0.3363,29,49,0,0,1
790,4.3199,0.3981,29,49,0,0,1
791,4.0571,0.3515,29,49,0,0,1
792,4.0641,0.2738,29,49,0,0,1
793,4.1978,0.325,29,49,0,0,1
794,4.2035,0.2832,29,49,0,0,1
795,4.2227,0.454,29,49,0,0,1
796,4.0514,0.3524,29,49,0,0,1
797,4.5103,0.5405,33,79,30,0,1
798,3.9016,0.3566,33,53,0,26,1
799,4.0695,0.3079,33,53,0,0,1
800,4.2517,0.3506,33,53,0,0,1
801,4.1488,0.4568,33,53,0,0,1
802,4.2152,0.4568,33,53,0,0,1
803,4.2534,0.3927,33,53,0,0,1
804,3.9758,0.279,33,53,0,0,1
805,4.242,0.3994,33,53,0,0,1
806,4.3876,0.3668,33,53,0,0,1
807,3.9203,0.4417,33,53,0,0,1
808,4.0802,0.3744,33,53,0,0,1
809,4.1787,0.2539,33,53,0,0,1
810,4.2187,0.2924,33,53,0,0,1
811,4.1467,0.2251,33,53,0,0,1
812,4.1245,0.2686,33,53,0,0,1
813,4.2749,0.3487,33,53,0,0,1
814,4.1712,0.4902,33,53,0,0,1
815,4.5391,0.4697,33,53,0,0,1
816,3.9056,0.2784,33,53,0,0,1
817,4.0234,0.3045,33,53,0,0,1
818,4.4822,0.337,33,53,0,0,1
819,3.8626,0.2989,33,53,0,0,1
820,4.1082,0.2631,33,53,0,0,1
821,4.2301,0.4625,33,53,0,0,1
822,4.0958,0.4601,33,53,0,0,1
823,4.1927,0.2765,33,53,0,0,1
824,4.1971,0.3168,33,53,0,0,1
825,4.1338,0.2744,33,53,0,0,1
826,4.2859,0.4574,33,53,0,0,1
827,4.0757,0.3632,33,53,0,0,1
828,4.107,0.3048,33,53,0,0,1
829,4.5568,0.4762,33,53,0,0,1
830,3.907,0.458,33,53,0,0,1
831,4.465,0.5408,33,53,0,0,1
832,3.8232,0.3872,33,53,0,0,1
833,4.154,0.4663,33,53,0,0,1
834,4.2185,0.3986,33,53,0,0,1
835,4.0783,0.2602,33,53,0,0,1
836,4.1649,0.2916,33,53,0,0,1
837,4.211,0.33,33,53,0,0,1
838,4.1833,0.3122,33,53,0,0,1
839,4.0173,0.2845,33,53,0,0,1
840,4.2283,0.2453,33,53,0,0,1
841,4.2392,0.3277,33,53,0,0,1
842,4.1309,0.2864,33,53,0,0,1
843,4.2107,0.4407,33,53,0,0,1
844,4.207,0.3456,33,53,0,0,1
845,4.0457,0.2578,33,53,0,0,1
846,4.3891,0.3822,33,53,0,0,1
847,3.9469,0.4339,33,53,0,0,1
848,4.2236,0.2769,33,53,0,0,1
849,4.126,0.3438,33,53,0,0,1
850,4.2586,0.3263,33,53,0,0,1
851,4.1015,0.2536,33,53,0,0,1
852,4.1332,0.3326,33,53,0,0,1
853,4.1652,0.3221,33,53,0,0,1
854,4.1839,0.2896,33,53,0,0,1
855,4.252,0.4687,33,53,0,0,1
856,4.0648,0.3286,33,53,0,0,1
857,4.1816,0.275,33,53,0,0,1
858,4.1945,0.4007,33,53,0,0,1
859,4.1386,0.3807,33,53,0,0,1
860,4.2119,0.3189,33,53,0,0,1
861,4.1785,0.4075,33,53,0,0,1
862,4.1556,0.4078,33,53,0,0,1
863,4.2028,0.3068,33,53,0,0,1
864,4.0601,0.3615,33,53,0,0,1
865,4.255,0.3174,33,53,0,0,1
866,4.1499,0.2793,33,53,0,0,1
867,4.1841,0.4317,33,53,0,0,1
868,4.1586,0.3354,33,53,0,0,1
869,4.1612,0.4136,33,53,0,0,1
870,4.1672,0.2747,33,53,0,0,1
871,4.1284,0.346,33,53,0,0,1
872,4.3502,0.3485,33,53,0,0,1
873,4.0163,0.3412,33,53,0,0,1
874,4.1276,0.2669,33,53,0,0,1
875,4.1697,0.2705,33,53,0,0,1
876,4.127,0.2741,33,53,0,0,1
877,4.1627,0.4242,33,53,0,0,1
878,4.256,0.2842,33,53,0,0,1
879,4.2274,0.4543,33,53,0,0,1
880,4.1441,0.4136,33,53,0,0,1
881,4.0782,0.2655,33,53,0,0,1
882,4.2304,0.31,33,53,0,0,1
883,4.098,0.2854,33,53,0,0,1
884,4.2332,0.423,33,53,0,0,1
885,4.1901,0.3049,33,53,0,0,1
886,4.0978,0.2593,33,53,0,0,1
887,4.2082,0.2408,33,53,0,0,1
888,4.1147,0.4892,63,83,30,0,1
889,4.149,0.3769,63,83,0,0,1
890,4.2574,0.432,63,83,0,0,1
891,4.165,0.4317,63,83,0,0,1
892,4.1114,0.5954,63,83,0,0,1
893,4.5169,0.3718,63,83,0,0,1
894,3.8483,0.3705,63,83,0,0,1
895,4.1255,0.2595,63,83,0,0,1
896,4.3579,0.3979,63,83,0,0,1
897,4.1094,0.5443,63,83,0,0,1
898,4.1081,0.5494,63,83,0,0,1
899,4.4605,0.5153,37,117,34,0,1
900,3.8251,0.3321,37,57,0,60,1
901,4.1731,0.6937,37,57,0,0,1
902,4.1968,0.278,37,57,0,0,1
903,4.5094,0.588,37,57,0,0,1
904,3.8374,0.4903,37,57,0,0,1
905,4.0841,0.2786,37,57,0,0,1
906,4.2393,0.3574,37,57,0,0,1
907,4.1351,0.4034,37,57,0,0,1
908,4.1865,0.3856,37,57,0,0,1
909,4.1729,0.3139,37,57,0,0,1
910,4.1449,0.3007,37,57,0,0,1
911,4.2198,0.3262,37,57,0,0,1
912,4.0919,0.2745,37,57,0,0,1
913,4.1517,0.3467,37,57,0,0,1
914,4.2282,0.4112,37,57,0,0,1
915,4.0805,0.4175,37,57,0,0,1
916,4.2626,0.4597,37,57,0,0,1
917,4.1186,0.3079,37,57,0,0,1
918,4.1521,0.2891,37,57,0,0,1
919,4.4202,0.4279,37,57,0,0,1
920,3.9024,0.3624,37,57,0,0,1
921,4.1974,0.2544,37,57,0,0,1
922,4.1442,0.4564,37,57,0,0,1
923,4.1816,0.4784,37,57,0,0,1
924,4.1149,0.2644,37,57,0,0,1
925,4.1905,0.4251,37,57,0,0,1
926,4.1209,0.3933,37,57,0,0,1
927,4.2785,0.4702,37,57,0,0,1
928,4.0939,0.2658,37,57,0,0,1
929,4.121,0.3116,37,57,0,0,1
930,4.2357,0.4616,37,57,0,0,1
931,4.1271,0.2856,37,57,0,0,1
932,4.0996,0.4102,37,57,0,0,1
933,4.2531,0.3468,37,57,0,0,1
934,4.5895,0.3063,37,57,0,0,1
935,4.6219,0.3458,37,57,0,0,1
936,3.3742,0.2771,37,57,0,0,1
937,4.6109,0.2877,37,57,0,0,1
938,3.7044,0.2699,37,57,0,0,1
939,4.4263,0.4244,37,57,0,0,1
940,4.0749,0.3994,37,57,0,0,1
941,4.0192,0.4622,37,57,0,0,1
942,4.3776,0.375,37,57,0,0,1
943,3.9742,0.2955,37,57,0,0,1
944,4.0563,0.4238,37,57,0,0,1
945,4.5235,0.2472,37,57,0,0,1
946,4.1239,0.2652,37,57,0,0,1
947,4.1065,0.4598,37,57,0,0,1
948,3.9104,0.2616,37,57,0,0,1
949,4.2437,0.2992,37,57,0,0,1
950,4.1353,0.4351,37,57,0,0,1
951,4.1086,0.4391,37,57,0,0,1
952,4.1765,0.4408,37,57,0,0,1
953,4.1895,0.2739,37,57,0,0,1
954,4.1189,0.4152,37,57,0,0,1
955,4.1959,0.2726,37,57,0,0,1
956,4.1682,0.5312,37,57,0,0,1
957,4.2429,0.4132,37,57,0,0,1
958,4.491,0.3503,37,57,0,0,1
959,3.7993,0.2911,37,57,0,0,1
960,4.1191,0.2416,37,57,0,0,1
961,4.2126,0.4587,37,57,0,0,1
962,4.0926,0.23,37,57,0,0,1
963,4.1844,0.4011,37,57,0,0,1
964,4.297,0.2694,37,57,0,0,1
965,4.0248,0.2915,37,57,0,0,1
966,4.1761,0.3891,37,57,0,0,1
967,4.2093,0.4057,37,57,0,0,1
968,4.2898,0.4491,37,57,0,0,1
969,4.1347,0.3056,37,57,0,0,1
970,4.2552,0.4659,37,57,0,0,1
971,4.2599,0.2907,37,57,0,0,1
972,3.9195,0.2782,37,57,0,0,1
973,4.3142,0.2717,37,57,0,0,1
974,4.1445,0.3966,37,57,0,0,1
975,4.1307,0.3426,37,57,0,0,1
976,4.1344,0.3016,37,57,0,0,1
977,4.0772,0.3497,37,57,0,0,1
978,4.15,0.4516,37,57,0,0,1
979,4.2208,0.2726,37,57,0,0,1
980,4.2134,0.3072,37,57,0,0,1
981,4.1875,0.3087,37,57,0,0,1
982,4.0822,0.2627,37,57,0,0,1
983,4.2302,0.5949,71,91,34,0,1
984,4.1425,0.4916,71,91,0,0,1
985,4.2554,0.6694,71,91,0,0,1
986,4.0528,0.4253,71,91,0,0,1
987,4.2411,0.523,71,91,0,0,1
988,4.1504,0.4401,71,91,0,0,1
989,4.159,0.3266,71,91,0,0,1
990,4.3351,0.4787,71,91,0,0,1
991,3.9332,0.3706,71,91,0,0,1
992,4.2801,0.2898,71,91,0,0,1
993,4.1459,0.3462,71,91,0,0,1
994,4.153,0.327,71,91,0,0,1
995,4.1416,0.4292,71,91,0,0,1
996,4.1276,0.2946,71,91,0,0,1
997,4.3216,0.4626,71,91,0,0,1
998,4.0648,0.291,71,91,0,0,1
999,4.1984,0.5336,71,91,0,0,1
1000,4.1644,0.3275,71,91,0,0,1
1001,4.0893,0.2702,71,91,0,0,1
1002,4.2242,0.3041,71,91,0,0,1
1003,4.276,0.4126,71,91,0,0,1
1004,4.1791,0.4063,71,91,0,0,1
1005,4.0552,0.3263,71,91,0,0,1
1006,4.1666,0.3295,71,91,0,0,1
1007,4.1444,0.4831,71,91,0,0,1
1008,4.0938,0.2595,71,91,0,0,1
1009,4.2592,0.303,71,91,0,0,1
1010,4.2002,0.3,71,91,0,0,1
1011,4.167,0.4989,71,91,0,0,1
1012,4.1321,0.6188,71,91,0,0,1
1013,4.2118,0.439,71,91,0,0,1
1014,4.0913,0.247,71,91,0,0,1
1015,4.1618,0.3023,71,91,0,0,1
1016,4.1508,0.2843,71,91,0,0,1
1017,4.2087,0.3212,71,91,0,0,1
1018,4.188,0.2631,71,91,0,0,1
1019,4.0959,0.441,71,91,0,0,1
1020,4.2254,0.3679,71,91,0,0,1
1021,4.1689,0.4099,71,91,0,0,1
1022,4.0848,0.2701,71,91,0,0,1
1023,4.4045,0.5513,71,91,0,0,1
1024,4.0001,0.3793,71,91,0,0,1
1025,4.0885,0.2805,71,91,0,0,1
1026,4.2592,0.3313,71,91,0,0,1
1027,4.0985,0.4229,71,91,0,0,1
1028,4.1777,0.2994,71,91,0,0,1
1029,4.2835,0.4037,71,91,0,0,1
1030,4.2011,0.3246,71,91,0,0,1
1031,4.0313,0.4002,71,91,0,0,1
1032,4.1168,0.2548,71,91,0,0,1
1033,4.2606,0.3227,71,91,0,0,1
1034,4.1906,0.2988,71,91,0,0,1
1035,4.1925,0.4854,71,91,0,0,1
1036,4.14,0.3267,71,91,0,0,1
1037,4.1497,0.3415,71,91,0,0,1
1038,4.1512,0.3366,71,91,0,0,1
1039,4.1336,0.2378,71,91,0,0,1
1040,4.1331,0.4685,71,91,0,0,1
1041,4.3956,0.4822,71,91,0,0,1
1042,4.0354,0.3001,71,91,0,0,1
1043,4.1581,0.4747,71,91,0,0,1
1044,4.0605,0.2689,71,91,0,0,1
1045,4.2782,0.3359,71,91,0,0,1
1046,4.1433,0.4944,71,91,0,0,1
1047,4.1577,0.4948,71,91,0,0,1
1048,4.2713,0.4706,71,91,0,0,1
1049,4.0783,0.3275,71,91,0,0,1
1050,4.1364,0.3282,71,91,0,0,1
1051,4.1336,0.3259,71,91,0,0,1
1052,4.2453,0.4144,71,91,0,0,1
1053,4.0931,0.4728,71,91,0,0,1
1054,4.274,0.3962,71,91,0,0,1
1055,4.174,0.5674,71,91,0,0,1
1056,4.0278,0.2458,71,91,0,0,1
1057,4.2101,0.2845,71,91,0,0,1
1058,4.1949,0.4123,71,91,0,0,1
1059,4.1853,0.4641,71,91,0,0,1
1060,4.2184,0.3937,71,91,0,0,1
1061,4.0956,0.3259,71,91,0,0,1
1062,4.1182,0.462,71,91,0,0,1
1063,4.1843,0.3287,71,91,0,0,1
1064,4.1714,0.4389,71,91,0,0,1
1065,4.2385,0.2966,71,91,0,0,1
1066,4.2384,0.5445,105,125,34,0,1
1067,4.0711,0.5052,105,125,0,0,1
1068,4.1346,0.3538,105,125,0,0,1
1069,4.1542,0.3418,105,125,0,0,1
1070,4.1997,0.4768,105,125,0,0,1
1071,4.1703,0.6048,105,125,0,0,1
1072,4.0874,0.3517,105,125,0,0,1
1073,4.3635,0.4308,105,125,0,0,1
1074,4.0618,0.2878,105,125,0,0,1
1075,4.1526,0.367,105,125,0,0,1
1076,4.4158,0.4023,105,125,0,0,1
1077,3.9226,0.2654,105,125,0,0,1
1078,4.1102,0.5104,105,125,0,0,1
1079,4.165,0.4749,105,125,0,0,1
1080,4.1625,0.3061,105,125,0,0,1
1081,4.2309,0.3537,105,125,0,0,1
1082,4.1117,0.3173,105,125,0,0,1
1083,4.1598,0.4306,105,125,0,0,1
1084,4.1886,0.3061,105,125,0,0,1
1085,4.1842,0.5006,105,125,0,0,1
1086,4.1953,0.3676,105,125,0,0,1
1087,4.1228,0.3917,105,125,0,0,1
1088,4.209,0.3609,105,125,0,0,1
1089,4.1748,0.3403,105,125,0,0,1
1090,4.1838,0.4062,105,125,0,0,1
1091,4.151,0.5291,105,125,0,0,1
1092,4.0991,0.3078,105,125,0,0,1
1093,4.238,0.3085,105,125,0,0,1
1094,4.1005,0.3105,105,125,0,0,1
1095,4.2914,0.6209,103,125,0,0,1
1096,4.0851,0.3167,103,123,0,2,1
1097,4.111,0.4346,103,123,0,0,1
1098,4.3002,0.4341,103,123,0,0,1
1099,4.0539,0.2423,103,123,0,0,1
1100,4.1886,0.451,103,123,0,0,1
1101,4.1805,0.3552,103,123,0,0,1
1102,4.4177,0.5289,103,123,0,0,1
1103,3.8809,0.4862,103,123,0,0,1
1104,4.155,0.3048,103,123,0,0,1
1105,4.3476,0.3552,103,123,0,0,1
1106,3.9977,0.292,103,123,0,0,1
1107,4.216,0.3829,103,123,0,0,1
1108,4.1723,0.3441,103,123,0,0,1
1109,4.103,0.4267,103,123,0,0,1
1110,4.3429,0.3109,103,123,0,0,1
1111,4.0131,0.4491,103,123,0,0,1
1112,4.1591,0.2865,103,123,0,0,1
1113,4.2224,0.3479,103,123,0,0,1
1114,4.1508,0.3353,103,123,0,0,1
1115,4.1293,0.3814,103,123,0,0,1
1116,4.1426,0.4894,103,123,0,0,1
1117,4.28,0.4312,103,123,0,0,1
1118,4.1614,0.5406,103,123,0,0,1
1119,4.1199,0.3809,103,123,0,0,1
1120,4.1221,0.312,103,123,0,0,1
1121,4.2077,0.3092,103,123,0,0,1
1122,4.0946,0.3602,103,123,0,0,1
1123,4.1693,0.3183,101,123,0,0,1
1124,4.2342,0.6108,101,121,0,2,1
1125,4.1141,0.479,101,121,0,0,1
1126,4.2516,0.4341,101,121,0,0,1
1127,4.116,0.379,101,121,0,0,1
1128,4.1409,0.2463,101,121,0,0,1
1129,4.207,0.511,101,121,0,0,1
1130,4.1237,0.3335,101,121,0,0,1
1131,4.2035,0.3515,101,121,0,0,1
1132,4.1619,0.3273,101,121,0,0,1
1133,4.1871,0.3939,101,121,0,0,1
1134,4.1887,0.3252,101,121,0,0,1
1135,4.1205,0.3263,101,121,0,0,1
1136,4.219,0.4385,101,121,0,0,1
1137,4.1419,0.3477,101,121,0,0,1
1138,4.1773,0.3235,101,121,0,0,1
1139,4.1546,0.3703,101,121,0,0,1
1140,4.0849,0.2952,101,121,0,0,1
1141,4.2066,0.4725,101,121,0,0,1
1142,4.2128,0.3228,101,121,0,0,1
1143,4.1712,0.6035,101,121,0,0,1
1144,4.1705,0.2713,101,121,0,0,1
1145,4.1695,0.3452,101,121,0,0,1
1146,4.1694,0.3467,101,121,0,0,1
1147,4.108,0.3193,101,121,0,0,1
1148,4.3929,0.3774,101,121,0,0,1
1149,3.9552,0.3061,101,121,0,0,1
1150,4.2145,0.4946,135,155,34,0,1
1151,4.1597,0.3655,135,155,0,0,1
1152,4.0746,0.3397,135,155,0,0,1
1153,4.1709,0.2665,135,155,0,0,1
1154,4.2599,0.5416,135,155,0,0,1
1155,4.5051,0.4173,135,155,0,0,1
1156,3.8123,0.4087,135,155,0,0,1
1157,4.1809,0.827,135,155,0,0,1
1158,4.1267,0.3513,135,155,0,0,1
1159,4.1502,0.4279,135,155,0,0,1
1160,4.3081,0.5001,135,155,0,0,1
1161,4.0046,0.549,135,155,0,0,1
1162,4.1916,0.5794,135,155,0,0,1
1163,4.4949,0.3606,135,155,0,0,1
1164,3.8348,0.3443,135,155,0,0,1
1165,4.2933,0.5951,135,155,0,0,1
1166,4.0726,0.3472,135,155,0,0,1
1167,4.1699,0.5982,135,155,0,0,1
1168,4.1803,0.6912,135,155,0,0,1
1169,4.1091,0.3399,135,155,0,0,1
1170,4.1887,0.3702,135,155,0,0,1
1171,4.1935,0.3041,135,155,0,0,1
1172,4.1704,0.359,135,155,0,0,1
1173,4.1734,0.2596,135,155,0,0,1
1174,4.2315,0.4035,135,155,0,0,1
1175,4.0694,0.459,135,155,0,0,1
1176,4.1539,0.3166,135,155,0,0,1
1177,4.4528,0.8744,134,155,0,0,1
1178,3.944,0.7515,134,154,0,1,1
1179,4.169,0.5303,134,154,0,0,1
1180,4.2776,0.4707,134,154,0,0,1
1181,4.0389,0.352,134,154,0,0,1
1182,4.1365,0.3339,134,154,0,0,1
1183,4.1523,0.2732,134,154,0,0,1
1184,4.153,0.3064,134,154,0,0,1
1185,4.172,0.4425,134,154,0,0,1
1186,4.2517,0.4898,134,154,0,0,1
1187,4.1141,0.4274,133,154,0,0,1
1188,4.105,0.5765,133,153,0,1,1
1189,4.2328,0.4908,133,153,0,0,1
1190,4.2014,0.4352,133,153,0,0,1
1191,4.3888,0.6238,132,153,0,0,1
1192,3.9416,0.4835,132,152,0,1,1
1193,4.1488,0.534,132,152,0,0,1
1194,4.1253,0.6569,132,152,0,0,1
1195,4.2189,0.2641,132,152,0,0,1
1196,4.1621,0.3805,132,152,0,0,1
1197,4.1554,0.363,132,152,0,0,1
1198,4.1247,0.3254,132,152,0,0,1
1199,4.3007,0.6009,132,152,0,0,1
1200,4.0318,0.2594,130,152,0,0,1
1201,4.1265,0.3923,130,150,0,2,1
1202,4.2086,0.365,130,150,0,0,1
1203,4.1969,0.3787,130,150,0,0,1
1204,4.1528,0.3493,130,150,0,0,1
1205,4.1933,0.551,130,150,0,0,1
1206,4.212,0.384,130,150,0,0,1
1207,4.054,0.4419,130,150,0,0,1
1208,4.5167,0.316,130,150,0,0,1
1209,3.8456,0.3453,130,150,0,0,1
1210,4.2731,0.4874,130,150,0,0,1
1211,4.0533,0.5426,130,150,0,0,1
1212,4.145,0.3189,130,150,0,0,1
1213,4.5205,0.4011,130,150,0,0,1
1214,3.8204,0.3733,130,150,0,0,1
1215,4.1526,0.2844,130,150,0,0,1
1216,4.2234,0.5108,130,150,0,0,1
1217,4.194,0.5554,130,150,0,0,1
1218,4.1507,0.4796,130,150,0,0,1
1219,4.1218,0.4031,130,150,0,0,1
1220,4.1656,0.363,130,150,0,0,1
1221,4.239,0.3788,130,150,0,0,1
1222,4.1663,0.4546,130,150,0,0,1
1223,4.1802,0.3677,130,150,0,0,1
1224,4.0823,0.3635,130,150,0,0,1
1225,4.2157,0.3538,130,150,0,0,1
1226,4.1512,0.3545,130,150,0,0,1
1227,4.5764,0.591,130,150,0,0,1
1228,3.8591,0.5327,130,150,0,0,1
1229,4.0584,0.5373,130,150,0,0,1
1230,4.2373,0.4859,129,150,0,0,1
1231,4.1039,0.3807,129,149,0,1,1
1232,4.1762,0.4017,129,149,0,0,1
1233,4.1704,0.4626,129,149,0,0,1
1234,4.1991,0.7703,163,183,34,0,1
1235,4.0988,0.4766,163,183,0,0,1
1236,4.2511,0.5347,163,183,0,0,1
1237,4.126,0.4093,163,183,0,0,1
1238,4.1465,0.6212,163,183,0,0,1
1239,4.2627,0.5176,163,183,0,0,1
1240,4.0736,0.4017,163,183,0,0,1
1241,4.2484,0.5458,162,183,0,0,1
1242,4.0817,0.6378,162,182,0,1,1
1243,4.1727,0.5395,162,182,0,0,1
1244,4.1963,0.3713,162,182,0,0,1
1245,4.1853,0.4098,162,182,0,0,1
1246,4.0981,0.3008,162,182,0,0,1
1247,4.1799,0.4219,162,182,0,0,1
1248,4.1116,0.3107,162,182,0,0,1
1249,4.2569,0.4914,162,182,0,0,1
1250,4.1183,0.4013,162,182,0,0,1
1251,4.2252,0.5037,162,182,0,0,1
1252,4.1533,0.364,162,182,0,0,1
1253,4.0702,0.2906,162,182,0,0,1
1254,4.262,0.5285,162,182,0,0,1
1255,4.1502,0.3581,162,182,0,0,1
1256,4.1556,0.3986,162,182,0,0,1
1257,4.224,0.3286,162,182,0,0,1
1258,4.1987,0.5061,162,182,0,0,1
1259,4.0839,0.4823,162,182,0,0,1
1260,4.1086,0.3135,162,182,0,0,1
1261,4.3005,0.5643,161,182,0,0,1
1262,4.1548,0.4017,161,181,0,1,1
1263,4.0871,0.6105,161,181,0,0,1
1264,4.174,0.3419,161,181,0,0,1
1265,4.285,0.5539,160,181,0,0,1
1266,4.0537,0.3437,160,180,0,1,1
1267,4.1578,0.3768,160,180,0,0,1
1268,4.5173,0.6556,160,180,0,0,1
1269,3.8948,0.4092,160,180,0,0,1
1270,4.1511,0.3366,160,180,0,0,1
1271,4.1335,0.3998,160,180,0,0,1
1272,4.1292,0.5315,160,180,0,0,1
1273,4.4155,0.6243,160,180,0,0,1
1274,3.9261,0.3782,160,180,0,0,1
1275,4.1904,0.5405,160,180,0,0,1
1276,4.5447,0.4264,160,180,0,0,1
1277,3.7521,0.2974,160,180,0,0,1
1278,4.193,0.4181,160,180,0,0,1
1279,4.1362,0.5766,160,180,0,0,1
1280,4.1943,0.5345,160,180,0,0,1
1281,4.2137,0.4055,160,180,0,0,1
1282,4.2083,0.4249,160,180,0,0,1
1283,4.0891,0.3726,159,180,0,0,1
1284,4.1414,0.3572,159,179,0,1,1
1285,4.1986,0.3883,159,179,0,0,1
1286,4.1971,0.3662,159,179,0,0,1
1287,4.2781,0.681,159,179,0,0,1
1288,4.0361,0.6934,159,179,0,0,1
1289,4.2017,0.394,159,179,0,0,1
1290,4.1066,0.3254,159,179,0,0,1
1291,4.1431,0.3824,159,179,0,0,1
1292,4.1903,0.4608,159,179,0,0,1
1293,4.3946,0.4503,159,179,0,0,1
1294,3.9823,0.4491,159,179,0,0,1
1295,4.7604,0.3299,159,179,0,0,1
1296,3.5626,0.3561,159,179,0,0,1
1297,4.2171,0.5006,158,179,0,0,1
1298,4.1514,0.4811,158,178,0,1,1
1299,4.3129,0.5264,158,178,0,0,1
1300,3.9939,0.4039,157,178,0,0,1
1301,4.0996,0.5541,157,177,0,1,1
1302,4.5614,0.4397,157,177,0,0,1
1303,3.7934,0.3664,156,177,0,0,1
1304,4.1509,0.3496,156,176,0,1,1
1305,4.2274,0.3468,156,176,0,0,1
1306,4.0892,0.3095,156,176,0,0,1
1307,4.2465,0.4985,156,176,0,0,1
1308,4.0902,0.2786,156,176,0,0,1
1309,4.2033,0.3766,156,176,0,0,1
1310,4.2214,0.4595,156,176,0,0,1
1311,4.1503,0.3863,156,176,0,0,1
1312,4.2286,0.5058,156,176,0,0,1
1313,4.1025,0.6249,156,176,0,0,1
1314,4.1382,0.4144,156,176,0,0,1
1315,4.1472,0.4444,156,176,0,0,1
1316,4.175,0.3502,156,176,0,0,1
1317,4.2274,0.3276,156,176,0,0,1
1318,4.3219,0.6363,190,210,34,0,1
1319,4.0265,0.5167,190,210,0,0,1
1320,4.0583,0.4513,190,210,0,0,1
1321,4.2409,0.3325,190,210,0,0,1
1322,4.1662,0.5122,190,210,0,0,1
1323,4.1351,0.4254,190,210,0,0,1
1324,4.1765,0.6292,190,210,0,0,1
1325,4.3156,0.5052,190,210,0,0,1
1326,4.3841,0.6621,190,210,0,0,1
1327,3.7442,0.5554,190,210,0,0,1
1328,4.3096,0.4238,190,210,0,0,1
1329,4.1167,0.3595,190,210,0,0,1
1330,4.1136,0.5715,190,210,0,0,1
1331,4.3706,0.615,190,210,0,0,1
1332,3.9548,0.3735,190,210,0,0,1
1333,4.2313,0.4365,190,210,0,0,1
1334,4.1138,0.3225,190,210,0,0,1
1335,4.2187,0.5142,190,210,0,0,1
1336,4.1931,0.3282,190,210,0,0,1
1337,4.12,0.5822,190,210,0,0,1
1338,4.1358,0.6393,190,210,0,0,1
1339,4.1321,0.7072,190,210,0,0,1
1340,4.2228,0.3387,189,210,0,0,1
1341,4.1731,0.4997,189,209,0,1,1
1342,4.2155,0.3342,189,209,0,0,1
1343,4.1493,0.4073,189,209,0,0,1
1344,4.0896,0.3269,188,209,0,0,1
1345,4.2079,0.5158,188,208,0,1,1
1346,4.1431,0.5095,188,208,0,0,1
1347,4.1623,0.4275,188,208,0,0,1
1348,4.2263,0.3735,188,208,0,0,1
1349,4.1135,0.368,188,208,0,0,1
1350,4.2335,0.6066,186,208,0,0,1
1351,4.1033,0.5645,185,206,0,2,1
1352,4.5518,0.4397,185,205,0,1,1
1353,3.8498,0.4025,185,205,0,0,1
1354,4.2282,0.6647,184,205,0,0,1
1355,4.0829,0.5199,184,204,0,1,1
1356,4.0808,0.3976,184,204,0,0,1
1357,4.2744,0.3224,184,204,0,0,1
1358,4.0966,0.4424,184,204,0,0,1
1359,4.2198,0.3722,184,204,0,0,1
1360,4.142,0.3636,184,204,0,0,1
1361,4.1615,0.3848,184,204,0,0,1
1362,4.1204,0.3969,183,204,0,0,1
1363,4.3037,0.3404,183,203,0,1,1
1364,4.1435,0.4299,183,203,0,0,1
1365,4.13,0.3435,183,203,0,0,1
1366,4.173,0.4473,183,203,0,0,1
1367,4.1287,0.3956,183,203,0,0,1
1368,4.1801,0.5776,183,203,0,0,1
1369,4.1191,0.4224,183,203,0,0,1
1370,4.1998,0.3916,183,203,0,0,1
1371,4.5751,0.5479,183,203,0,0,1
1372,3.7455,0.402,183,203,0,0,1
1373,4.161,0.4864,183,203,0,0,1
1374,4.1816,0.563,183,203,0,0,1
1375,4.1326,0.6032,183,203,0,0,1
1376,4.3037,0.4639,183,203,0,0,1
1377,4.0979,0.3876,183,203,0,0,1
1378,4.2416,0.6728,183,203,0,0,1
1379,4.0659,0.4726,183,203,0,0,1
1380,4.1702,0.7442,183,203,0,0,1
1381,4.2185,0.5495,183,203,0,0,1
1382,4.1178,0.4192,183,203,0,0,1
1383,4.2118,0.4957,183,203,0,0,1
1384,4.0733,0.4075,182,203,0,0,1
1385,4.315,0.5625,182,202,0,1,1
1386,4.0481,0.4742,182,202,0,0,1
1387,4.1195,0.4509,181,202,0,0,1
1388,4.1893,0.5036,180,201,0,1,1
1389,4.4854,0.4511,180,200,0,1,1
1390,3.9799,0.5134,180,200,0,0,1
1391,4.0549,0.4227,180,200,0,0,1
1392,4.156,0.5883,180,200,0,0,1
1393,4.2185,1.5135,180,200,0,0,1
1394,4.1202,0.7538,180,200,0,0,1
1395,4.3104,1.0372,180,200,0,0,1
1396,4.0674,0.7099,180,200,0,0,1
1397,4.1207,0.3212,180,200,0,0,1
1398,4.1856,0.3654,179,200,0,0,1
1399,4.1772,0.4389,179,199,0,1,1
1400,4.3185,0.2973,179,199,0,0,1
1401,4.21,0.3256,179,199,0,0,1
1402,4.2512,0.5524,213,233,34,0,1
1403,3.9388,0.395,213,233,0,0,1
1404,4.0586,0.4752,213,233,0,0,1
1405,4.1754,0.4573,213,233,0,0,1
1406,4.3328,0.7109,213,233,0,0,1
1407,4.0222,0.7709,213,233,0,0,1
1408,4.1556,0.4071,213,233,0,0,1
1409,4.2579,0.4655,213,233,0,0,1
1410,4.1014,0.6631,213,233,0,0,1
1411,4.2124,0.4465,212,233,0,0,1
1412,4.4658,0.8746,212,232,0,1,1
1413,3.8488,0.7767,212,232,0,0,1
1414,4.1619,0.3503,212,232,0,0,1
1415,4.1696,0.4783,212,232,0,0,1
1416,4.1287,0.4083,212,232,0,0,1
1417,4.1826,0.3882,212,232,0,0,1
1418,4.1796,0.5682,212,232,0,0,1
1419,4.3171,0.7151,212,232,0,0,1
1420,3.9751,0.5026,212,232,0,0,1
1421,4.2191,0.4495,211,232,0,0,1
1422,4.1744,0.4728,211,231,0,1,1
1423,4.0999,0.4587,211,231,0,0,1
1424,4.1862,0.6518,211,231,0,0,1
1425,4.2371,0.3532,211,231,0,0,1
1426,4.1702,0.6944,211,231,0,0,1
1427,4.133,0.6449,211,231,0,0,1
1428,4.1003,0.757,210,231,0,0,1
1429,4.2037,1.2804,210,230,0,1,1
1430,4.2347,0.4991,210,230,0,0,1
1431,4.2086,0.6025,210,230,0,0,1
1432,4.1298,0.4589,210,230,0,0,1
1433,4.1554,0.3934,210,230,0,0,1
1434,4.1173,0.357,210,230,0,0,1
1435,4.1445,0.438,209,230,0,0,1
1436,4.1563,0.4642,209,229,0,1,1
1437,4.2321,0.5657,209,229,0,0,1
1438,4.2516,0.5807,209,229,0,0,1
1439,4.0652,0.4603,209,229,0,0,1
1440,4.1564,0.3484,209,229,0,0,1
1441,4.1673,0.4479,209,229,0,0,1
1442,4.2228,0.4104,209,229,0,0,1
1443,4.1989,0.5055,209,229,0,0,1
1444,4.0524,0.4418,209,229,0,0,1
1445,4.1542,0.587,209,229,0,0,1
1446,4.1687,0.7488,208,229,0,0,1
1447,4.1371,0.5373,208,228,0,1,1
1448,4.2807,0.4033,208,228,0,0,1
1449,4.1503,0.4236,208,228,0,0,1
1450,4.3472,0.5726,208,228,0,0,1
1451,3.9091,0.4753,208,228,0,0,1
1452,4.2368,0.4274,208,228,0,0,1
1453,4.545,0.5848,208,228,0,0,1
1454,3.7512,0.5265,208,228,0,0,1
1455,4.2619,0.6139,208,228,0,0,1
1456,4.186,0.345,208,228,0,0,1
1457,4.0396,0.7733,208,228,0,0,1
1458,4.1918,0.3738,208,228,0,0,1
1459,4.1544,0.4345,208,228,0,0,1
1460,4.1855,0.4134,208,228,0,0,1
1461,4.2166,0.3465,208,228,0,0,1
1462,4.1591,0.434,208,228,0,0,1
1463,4.2685,0.6399,208,228,0,0,1
1464,3.9938,0.3925,208,228,0,0,1
1465,4.6147,0.4328,208,228,0,0,1
1466,3.729,0.4652,206,228,0,0,1
1467,4.2228,0.5329,206,226,0,2,1
1468,4.1702,0.4937,206,226,0,0,1
1469,4.2181,0.5214,206,226,0,0,1
1470,4.1044,0.4197,206,226,0,0,1
1471,4.0988,0.4118,206,226,0,0,1
1472,4.2437,0.5418,206,226,0,0,1
1473,4.1646,0.3281,205,226,0,0,1
1474,4.1803,0.7088,205,225,0,1,1
1475,4.2251,0.3501,205,225,0,0,1
1476,4.2224,0.6967,205,225,0,0,1
1477,3.9955,0.6429,205,225,0,0,1
1478,4.1569,0.4587,205,225,0,0,1
1479,4.2367,0.4559,205,225,0,0,1
1480,4.1312,0.362,205,225,0,0,1
1481,4.132,0.4132,205,225,0,0,1
1482,4.2816,0.5859,205,225,0,0,1
1483,4.2191,0.4247,205,225,0,0,1
1484,4.0757,0.4282,205,225,0,0,1
1485,4.1696,0.4107,205,225,0,0,1
1486,4.1699,0.8617,238,259,34,0,1
1487,4.0681,0.5548,238,258,0,1,1
1488,4.2148,0.5841,238,258,0,0,1
1489,4.1771,0.4785,238,258,0,0,1
1490,4.1394,0.4534,238,258,0,0,1
1491,4.2485,0.6148,238,258,0,0,1
1492,4.1492,0.4343,238,258,0,0,1
1493,4.1419,0.5616,237,258,0,0,1
1494,4.1059,0.5957,237,257,0,1,1
1495,4.1864,0.4378,237,257,0,0,1
1496,4.2271,0.3654,237,257,0,0,1
1497,4.1569,0.4575,237,257,0,0,1
1498,4.1337,0.4294,230,257,0,0,1
1499,4.191,0.6409,229,250,0,7,1
1500,4.1596,0.7176,229,249,0,1,1
1501,4.5382,0.5482,229,249,0,0,1
1502,3.7536,0.3582,229,249,0,0,1
1503,4.2367,0.4694,229,249,0,0,1
1504,4.4269,0.3401,228,249,0,0,1
1505,3.8313,0.4306,228,248,0,1,1
1506,4.1868,0.546,228,248,0,0,1
1507,4.1587,0.452,228,248,0,0,1
1508,4.1858,0.4468,228,248,0,0,1
1509,4.2074,0.4,228,248,0,0,1
1510,4.1408,0.4055,228,248,0,0,1
1511,4.1392,0.4249,228,248,0,0,1
1512,4.1182,0.5301,228,248,0,0,1
1513,4.2486,0.5307,227,248,0,0,1
1514,4.1243,0.4061,227,247,0,1,1
1515,4.2136,0.3879,227,247,0,0,1
1516,4.1355,0.4851,226,247,0,0,1
1517,4.283,0.6939,226,246,0,1,1
1518,4.0539,0.6018,226,246,0,0,1
1519,4.1583,0.5415,226,246,0,0,1
1520,4.2236,0.5892,226,246,0,0,1
1521,4.1613,0.4525,226,246,0,0,1
1522,4.2149,0.5294,226,246,0,0,1
1523,4.0884,0.4725,226,246,0,0,1
1524,4.1214,0.4346,226,246,0,0,1
1525,4.5683,0.5299,226,246,0,0,1
1526,3.8775,0.5118,226,246,0,0,1
1527,4.1274,0.4003,226,246,0,0,1
1528,4.1314,0.4028,226,246,0,0,1
1529,4.5749,0.607,226,246,0,0,1
1530,3.7664,0.4449,226,246,0,0,1
1531,4.105,0.4688,226,246,0,0,1
1532,4.2896,0.6286,226,246,0,0,1
1533,4.1219,0.452,226,246,0,0,1
1534,4.1317,0.4334,226,246,0,0,1
1535,4.2201,0.448,226,246,0,0,1
1536,4.1078,0.3756,225,246,0,0,1
1537,4.2298,0.4332,224,245,0,1,1
1538,4.0974,0.3631,224,244,0,1,1
1539,4.3713,0.4807,224,244,0,0,1
1540,4.0291,0.4899,224,244,0,0,1
1541,4.0865,0.305,224,244,0,0,1
1542,4.239,0.521,224,244,0,0,1
1543,4.1101,0.5061,224,244,0,0,1
1544,4.2278,0.3648,224,244,0,0,1
1545,4.2951,0.5756,224,244,0,0,1
1546,4.0289,0.5966,224,244,0,0,1
1547,4.1605,0.5807,224,244,0,0,1
1548,4.1707,0.3736,222,244,0,0,1
1549,4.1712,0.4058,222,242,0,2,1
1550,4.2026,0.4441,221,242,0,0,1
1551,4.3028,0.6259,221,241,0,1,1
1552,3.9734,0.3933,221,241,0,0,1
1553,4.272,0.5455,221,241,0,0,1
1554,4.0494,0.3866,221,241,0,0,1
1555,4.1685,0.5289,221,241,0,0,1
1556,4.2203,0.5543,221,241,0,0,1
1557,4.184,0.5525,221,241,0,0,1
1558,4.1588,0.6972,220,241,0,0,1
1559,4.1206,0.3863,220,240,0,1,1
1560,4.1337,0.3923,220,240,0,0,1
1561,4.2248,0.3763,220,240,0,0,1
1562,4.1911,0.441,220,240,0,0,1
1563,4.1235,0.5601,220,240,0,0,1
1564,4.1522,0.4541,219,240,0,0,1
1565,4.1863,0.6325,219,239,0,1,1
1566,4.1808,0.4259,219,239,0,0,1
1567,4.3299,0.4068,219,239,0,0,1
1568,4.008,0.4548,219,239,0,0,1
1569,4.2042,0.5398,219,239,0,0,1
1570,4.1889,0.7258,253,273,34,0,1
1571,4.0392,0.4117,253,273,0,0,1
1572,4.1504,0.4067,253,273,0,0,1
1573,4.1344,0.3917,253,273,0,0,1
1574,4.1747,0.5007,253,273,0,0,1
1575,4.1881,0.6612,253,273,0,0,1
1576,4.1278,0.5084,253,273,0,0,1
1577,4.2964,0.6496,253,273,0,0,1
1578,4.1847,0.539,252,273,0,0,1
1579,4.1003,0.3417,251,272,0,1,1
1580,4.1816,0.4476,251,271,0,1,1
1581,4.2019,0.3844,251,271,0,0,1
1582,4.2007,0.3702,244,271,0,0,1
1583,4.1245,0.6777,243,264,0,7,1
1584,4.0817,0.3975,243,263,0,1,1
1585,4.2318,0.3582,243,263,0,0,1
1586,4.1403,0.456,243,263,0,0,1
1587,4.2158,0.5074,243,263,0,0,1
1588,4.1664,0.3762,243,263,0,0,1
1589,4.1016,0.601,242,263,0,0,1
1590,4.2163,0.461,242,262,0,1,1
1591,4.1089,0.5836,242,262,0,0,1
1592,4.1841,0.4428,242,262,0,0,1
1593,4.2239,0.3825,242,262,0,0,1
1594,4.1472,0.3637,242,262,0,0,1
1595,4.2527,0.6997,242,262,0,0,1
1596,4.0433,0.356,241,262,0,0,1
1597,4.2414,0.4587,241,261,0,1,1
1598,4.1454,0.5994,240,261,0,0,1
1599,4.1628,0.5874,240,260,0,1,1
1600,4.1588,0.4283,240,260,0,0,1
1601,4.1274,0.4229,240,260,0,0,1
1602,4.3823,0.6137,240,260,0,0,1
1603,3.949,0.4088,240,260,0,0,1
1604,4.1727,0.4995,239,260,0,0,1
1605,4.2388,0.3521,239,259,0,1,1
1606,4.161,0.6109,238,259,0,0,1
1607,4.1073,0.5235,238,258,0,1,1
1608,4.1587,0.3137,238,258,0,0,1
1609,4.2155,0.4871,238,258,0,0,1
1610,4.1181,0.4259,237,258,0,0,1
1611,4.2421,0.3738,237,257,0,1,1
1612,4.1015,0.5847,237,257,0,0,1
1613,4.2636,0.6101,237,257,0,0,1
1614,4.1792,0.6497,236,257,0,0,1
1615,4.0657,0.4409,236,256,0,1,1
1616,4.5483,0.45,236,256,0,0,1
1617,3.8071,0.5365,236,256,0,0,1
1618,4.1522,0.4858,236,256,0,0,1
1619,4.177,0.5996,236,256,0,0,1
1620,4.2488,0.5568,236,256,0,0,1
1621,4.0418,0.427,236,256,0,0,1
1622,4.215,0.4226,235,256,0,0,1
1623,4.5616,0.4417,235,255,0,1,1
1624,3.7562,0.4253,235,255,0,0,1
1625,4.277,0.5399,234,255,0,0,1
1626,4.0853,0.5782,234,254,0,1,1
1627,4.1839,0.474,233,254,0,0,1
1628,4.1607,0.3718,233,253,0,1,1
1629,4.1414,0.4646,233,253,0,0,1
1630,4.2741,0.6123,233,253,0,0,1
1631,4.0399,0.5483,233,253,0,0,1
1632,4.2077,0.6239,233,253,0,0,1
1633,4.2387,0.5648,233,253,0,0,1
1634,4.0393,0.4939,233,253,0,0,1
1635,4.3209,0.47,232,253,0,0,1
1636,4.107,0.5393,232,252,0,1,1
1637,4.1343,0.418,231,252,0,0,1
1638,4.121,0.861,230,251,0,1,1
1639,4.3859,0.3299,229,250,0,1,1
1640,3.9679,0.7924,229,249,0,1,1
1641,4.1959,0.3704,229,249,0,0,1
1642,4.1772,0.5029,229,249,0,0,1
1643,4.2362,0.4769,229,249,0,0,1
1644,4.0426,1.4881,229,249,0,0,1
1645,4.1955,1.065,229,249,0,0,1
1646,4.1303,0.7348,229,249,0,0,1
1647,4.1481,0.5994,229,249,0,0,1
1648,4.1807,0.3584,229,249,0,0,1
1649,4.2549,0.5741,229,249,0,0,1
1650,4.0563,0.3334,228,249,0,0,1
1651,4.1845,0.421,228,248,0,1,1
1652,4.3361,0.3758,227,248,0,0,1
1653,4.055,0.3709,226,247,0,1,1
1654,4.1773,0.5548,260,280,34,1,1
1655,4.4898,0.6682,260,280,0,0,1
1656,3.7448,0.6284,260,280,0,0,1
1657,4.2107,0.83,260,280,0,0,1
1658,4.1852,0.635,260,280,0,0,1
1659,4.1897,0.4632,259,280,0,0,1
1660,4.195,0.3822,258,279,0,1,1
1661,4.0868,0.3352,258,278,0,1,1
1662,4.1918,0.5546,258,278,0,0,1
1663,4.1117,0.3931,258,278,0,0,1
1664,4.2876,0.6792,257,278,0,0,1
1665,4.1227,0.8778,250,277,0,1,1
1666,4.1643,0.6313,250,270,0,7,1
1667,4.2372,0.5348,250,270,0,0,1
1668,4.0518,0.4018,250,270,0,0,1
1669,4.1674,0.3059,250,270,0,0,1
1670,4.2473,0.4704,250,270,0,0,1
1671,4.2316,0.4818,250,270,0,0,1
1672,4.1051,0.4654,250,270,0,0,1
1673,4.1611,0.4914,250,270,0,0,1
1674,4.0405,0.6489,250,270,0,0,1
1675,4.6524,0.4072,250,270,0,0,1
1676,3.8071,0.3323,250,270,0,0,1
1677,4.2294,0.558,250,270,0,0,1
1678,4.0802,0.5804,250,270,0,0,1
1679,4.27,0.4414,250,270,0,0,1
1680,4.0141,0.7407,2,270,0,0,0
1681,4.162,1.084,2,23,0,247,0
1682,4.2245,0.4106,2,23,0,0,0
1683,4.2117,0.4597,2,23,0,0,0
1684,4.1379,0.5321,2,23,0,0,0
1685,4.1949,0.4434,2,23,0,0,0
1686,4.1395,0.3105,2,23,0,0,0
1687,4.0998,0.3716,2,23,0,0,0
1688,4.266,0.485,2,23,0,0,0
1689,4.1176,0.4847,2,23,0,0,0
1690,4.1933,0.2782,2,23,0,0,0
1691,4.382,0.3726,2,23,0,0,0
1692,4.083,0.3735,2,23,0,0,0
1693,4.255,0.2798,2,23,0,0,0
1694,3.9099,0.2735,2,23,0,0,0
1695,4.1817,0.501,2,23,0,0,0
1696,4.2186,0.6533,2,23,0,0,0
1697,4.1091,0.4926,2,23,0,0,0
1698,4.2411,0.4174,2,23,0,0,0
1699,4.0343,0.3165,2,23,0,0,0
1700,4.2352,0.2844,2,23,0,0,0
1701,4.1705,0.2846,2,23,0,0,0
1702,4.2346,0.3496,2,23,0,0,0
1703,4.1992,0.4557,2,23,0,0,0
1704,4.0052,0.2477,2,23,0,0,0
1705,4.1462,0.2262,2,23,0,0,0
1706,4.1946,0.2526,2,23,0,0,0
1707,4.2684,0.3542,2,23,0,0,0
1708,4.1601,0.3645,2,23,0,0,0
1709,4.0693,0.2458,2,23,0,0,0
1710,4.1456,0.2456,2,23,0,0,0
1711,4.203,0.2451,2,23,0,0,0
1712,4.1265,0.3,2,23,0,0,0
1713,4.1897,0.2414,2,23,0,0,0
1714,4.2275,0.3532,2,23,0,0,0
1715,4.2772,0.2774,2,23,0,0,0
1716,3.9909,0.2399,2,23,0,0,0
1717,4.2029,0.2729,2,23,0,0,0
1718,4.15,0.3135,2,23,0,0,0
1719,4.2851,0.42,2,23,0,0,0
1720,4.1109,0.2361,2,23,0,0,0
1721,4.1632,0.3749,2,23,0,0,0
1722,4.0793,0.2675,2,23,0,0,0
1723,4.37,0.2355,2,23,0,0,0
1724,3.9782,0.2362,2,23,0,0,0
1725,4.2264,0.2574,2,23,0,0,0
1726,4.1867,0.2362,2,23,0,0,0
1727,4.1942,0.4692,2,23,0,0,0
1728,4.1053,0.4307,2,23,0,0,0
1729,4.0956,0.2183,2,23,0,0,0
1730,4.1601,0.3184,2,23,0,0,0
1731,4.2648,0.5954,2,23,0,0,0
1732,4.1698,0.24,2,23,0,0,0
1733,4.1855,0.34,2,23,0,0,0
1734,4.1391,0.2638,2,23,0,0,0
1735,4.2028,0.232,2,23,0,0,0
1736,4.3732,0.307,2,23,0,0,0
1737,3.9585,0.2567,2,23,0,0,0
1738,4.2942,0.2231,2,23,0,0,0
1739,3.9444,0.2217,2,23,0,0,0
1740,4.1632,0.2539,2,23,0,0,0
1741,4.5872,0.3037,2,23,0,0,0
1742,3.7554,0.2494,2,23,0,0,0
1743,4.2396,0.2522,2,23,0,0,0
1744,4.0973,0.2211,2,23,0,0,0
1745,4.1585,0.332,2,23,0,0,0
1746,4.2229,0.2453,2,23,0,0,0
1747,4.1013,0.2197,2,23,0,0,0
1748,4.1303,0.2583,2,23,0,0,0
1749,4.2783,0.2552,2,23,0,0,0
1750,4.1983,0.4403,2,23,0,0,0
1751,4.1719,0.4202,2,23,0,0,0
1752,4.1149,0.4133,2,23,0,0,0
1753,4.1129,0.2584,2,23,0,0,0
1754,4.2189,0.2789,2,23,0,0,0
1755,4.2106,0.2484,2,23,0,0,0
1756,4.0772,0.2579,2,23,0,0,0
1757,4.4179,0.413,2,23,0,0,0
1758,4.1322,0.3417,2,23,0,0,0
1759,4.0283,0.246,2,23,0,0,0
1760,4.399,0.3634,2,23,0,0,0
1761,4.3653,0.2348,2,23,0,0,0
1762,3.9462,0.2242,2,23,0,0,0
1763,3.935,0.3151,2,23,0,0,0
1764,4.1637,0.412,2,23,0,0,0
1765,4.2483,0.2236,2,23,0,0,0
1766,4.066,0.2619,2,23,0,0,0
1767,4.2293,0.3995,2,23,0,0,0
1768,4.1365,0.2552,2,23,0,0,0
1769,4.2209,0.2532,2,23,0,0,0
1770,4.1044,0.393,2,23,0,0,0
1771,4.1648,0.2431,2,23,0,0,0
1772,4.2543,0.2718,2,23,0,0,0
1773,4.334,0.3089,2,23,0,0,0
1774,4.1565,0.315,2,23,0,0,0
1775,3.9748,0.2918,2,23,0,0,0
1776,4.0617,0.4109,2,23,0,0,0
1777,4.2372,0.323,2,23,0,0,0
1778,4.1497,0.2226,2,23,0,0,0
1779,4.1641,0.2473,2,23,0,0,0
1780,4.1299,0.3027,2,23,0,0,0
1781,4.1866,0.3717,2,23,0,0,0
1782,4.2599,0.4205,2,23,0,0,0
1783,4.0642,0.249,2,23,0,0,0
1784,4.3392,0.333,2,23,0,0,0
1785,4.4695,0.2723,2,23,0,0,0
1786,3.6892,0.2141,2,23,0,0,0
1787,4.2281,0.2554,2,23,0,0,0
1788,4.0932,0.3442,2,23,0,0,0
1789,4.1276,0.3485,2,23,0,0,0
1790,4.2137,0.3164,2,23,0,0,0
1791,4.4851,0.3737,2,23,0,0,0
1792,3.871,0.3074,2,23,0,0,0
1793,4.4451,0.3185,2,23,0,0,0
1794,3.9211,0.2775,2,23,0,0,0
1795,4.2959,0.2217,2,23,0,0,0
1796,4.0705,0.3292,2,23,0,0,0
1797,4.1326,0.2824,2,23,0,0,0
1798,4.1282,0.2347,2,23,0,0,0
1799,4.2385,0.2469,2,23,0,0,0
1800,4.072,0.2161,2,23,0,0,0
1801,4.1275,0.2117,2,23,0,0,0
1802,4.2703,0.2213,2,23,0,0,0
1803,4.1818,0.2458,2,23,0,0,0
1804,4.0563,0.207,2,23,0,0,0
1805,4.2787,0.2699,2,23,0,0,0
1806,4.1557,0.2811,2,23,0,0,0
1807,4.093,0.2216,2,23,0,0,0
1808,4.1886,0.3458,2,23,0,0,0
1809,4.5815,0.2216,2,23,0,0,0
1810,3.7405,0.2221,2,23,0,0,0
1811,4.1469,0.2556,2,23,0,0,0
1812,4.1696,0.2211,2,23,0,0,0
1813,4.3757,0.3501,2,23,0,0,0
1814,3.9776,0.2459,2,23,0,0,0
1815,4.2844,0.3578,2,23,0,0,0
1816,4.035,0.2465,2,23,0,0,0
1817,4.2358,0.2263,2,23,0,0,0
1818,4.112,0.2061,2,23,0,0,0
1819,4.1631,0.2136,2,23,0,0,0
1820,4.2684,0.4111,2,23,0,0,0
1821,4.1621,0.3201,2,23,0,0,0
1822,4.1036,0.2547,2,23,0,0,0
1823,4.1634,0.3772,2,23,0,0,0
1824,4.1332,0.241,2,23,0,0,0
1825,4.4674,0.2232,2,23,0,0,0
1826,3.9208,0.2569,2,23,0,0,0
1827,4.2235,0.5751,2,23,0,0,0
1828,4.0984,0.3975,2,23,0,0,0
1829,4.181,0.408,2,23,0,0,0
1830,4.1405,0.2542,2,23,0,0,0
1831,4.2041,0.361,2,23,0,0,0
1832,4.2113,0.5263,2,23,0,0,0
1833,4.1176,0.2237,2,23,0,0,0
1834,4.3537,0.1863,2,23,0,0,0
1835,3.9295,0.2465,2,23,0,0,0
1836,4.1547,0.2412,2,23,0,0,0
1837,4.2354,0.2542,2,23,0,0,0
1838,4.1553,0.3098,2,23,0,0,0
1839,4.1984,0.4093,2,23,0,0,0
1840,4.1089,0.4191,2,23,0,0,0
1841,4.2908,0.3291,2,23,0,0,0
1842,4.068,0.2525,2,23,0,0,0
1843,4.1322,0.2248,2,23,0,0,0
1844,4.1282,0.348,2,23,0,0,0
1845,4.1951,0.2389,2,23,0,0,0
1846,4.1972,0.4094,2,23,0,0,0
1847,4.1935,0.6838,2,23,0,0,0
1848,4.1029,0.245,2,23,0,0,0
1849,4.1525,0.2223,2,23,0,0,0
1850,4.1896,0.2211,2,23,0,0,0
1851,4.4355,0.2228,2,23,0,0,0
1852,3.907,0.1847,2,23,0,0,0
1853,4.2298,0.3414,2,23,0,0,0
1854,4.1438,0.4072,2,23,0,0,0
1855,4.136,0.2155,2,23,0,0,0
1856,4.1088,0.2099,2,23,0,0,0
1857,4.1901,0.2552,2,23,0,0,0
1858,4.2017,0.3129,2,23,0,0,0
1859,4.1569,0.3869,2,23,0,0,0
1860,4.1508,0.2484,2,23,0,0,0
1861,4.2375,0.2706,2,23,0,0,0
1862,4.1094,0.2465,2,23,0,0,0
1863,4.2155,0.2454,2,23,0,0,0
1864,4.0435,0.3506,2,23,0,0,0
1865,4.3172,0.2721,2,23,0,0,0
1866,4.1146,0.3482,2,23,0,0,0
1867,4.1335,0.215,2,23,0,0,0
1868,4.5543,0.2224,2,23,0,0,0
1869,3.8493,0.2524,2,23,0,0,0
1870,4.1942,0.2196,2,23,0,0,0
1871,4.1352,0.3407,2,23,0,0,0
1872,4.2756,0.348,2,23,0,0,0
1873,4.0747,0.4078,2,23,0,0,0
1874,4.1056,0.2858,2,23,0,0,0
1875,4.4536,0.2334,2,23,0,0,0
1876,3.8633,0.2505,2,23,0,0,0
1877,4.2128,0.4257,2,23,0,0,0
1878,4.4973,0.3231,2,23,0,0,0
1879,4.0304,0.2157,2,23,0,0,0
1880,3.9292,0.3992,2,23,0,0,0
1881,4.2196,0.4758,2,23,0,0,0
1882,4.2265,0.2417,2,23,0,0,0
1883,4.108,0.3753,2,23,0,0,0
1884,4.1547,0.3579,2,23,0,0,0
1885,4.2548,0.2211,2,23,0,0,0
1886,4.4919,0.2254,2,23,0,0,0
1887,3.7613,0.2248,2,23,0,0,0
1888,4.1914,0.3279,2,23,0,0,0
1889,4.086,0.3817,2,23,0,0,0
1890,4.198,0.3471,2,23,0,0,0
1891,4.1503,0.2137,2,23,0,0,0
1892,4.1497,0.2912,2,23,0,0,0
1893,4.2151,0.3897,2,23,0,0,0
1894,4.1783,0.2775,2,23,0,0,0
1895,4.1952,0.3214,2,23,0,0,0
1896,4.0867,0.2274,2,23,0,0,0
1897,4.1952,0.3701,2,23,0,0,0
1898,4.1706,0.2454,2,23,0,0,0
1899,4.2143,0.2533,2,23,0,0,0
1900,4.2357,0.3071,2,23,0,0,0
1901,4.1406,0.406,2,23,0,0,0
1902,4.0591,0.343,2,23,0,0,0
1903,4.157,0.282,2,23,0,0,0
1904,4.2229,0.3028,2,23,0,0,0
1905,4.6061,0.2404,2,23,0,0,0
1906,3.7649,0.3359,2,23,0,0,0
1907,4.1456,0.2461,2,23,0,0,0
1908,4.0908,0.2433,2,23,0,0,0
1909,4.1586,0.2221,2,23,0,0,0
1910,4.3974,0.302,2,23,0,0,0
1911,4.0085,0.4094,2,23,0,0,0
1912,4.0711,0.2175,2,23,0,0,0
1913,4.2296,0.2037,2,23,0,0,0
1914,4.21,0.3353,2,23,0,0,0
1915,4.1148,0.215,2,23,0,0,0
1916,4.2658,0.3469,2,23,0,0,0
1917,4.1623,0.2521,2,23,0,0,0
1918,4.1108,0.2481,2,23,0,0,0
1919,4.1866,0.2444,2,23,0,0,0
1920,4.0882,0.3034,2,23,0,0,0
1921,4.1619,0.2612,3,24,1,0,0
1922,4.2415,0.2507,3,24,0,0,0
1923,4.1312,0.2573,3,24,0,0,0
1924,4.1635,0.2132,3,24,0,0,0
1925,4.2661,0.3701,3,24,0,0,0
1926,4.1118,0.3566,3,24,0,0,0
1927,4.1082,0.2207,3,24,0,0,0
1928,4.2302,0.3639,3,24,0,0,0
1929,4.1549,0.2772,3,24,0,0,0
1930,4.1666,0.2524,3,24,0,0,0
1931,4.0894,0.2486,3,24,0,0,0
1932,4.1789,0.2237,3,24,0,0,0
1933,4.185,0.2833,3,24,0,0,0
1934,4.4097,0.2566,3,24,0,0,0
1935,3.9214,0.2829,3,24,0,0,0
1936,4.2067,0.3195,3,24,0,0,0
1937,4.1624,0.2472,3,24,0,0,0
1938,4.5057,0.2461,3,24,0,0,0
1939,3.7881,0.2165,3,24,0,0,0
1940,4.5622,0.3334,3,24,0,0,0
1941,3.781,0.243,3,24,0,0,0
1942,4.1874,0.2188,3,24,0,0,0
1943,4.1504,0.2478,3,24,0,0,0
1944,4.1607,0.2256,3,24,0,0,0
1945,4.4447,0.2322,3,24,0,0,0
1946,3.928,0.2356,3,24,0,0,0
1947,4.1949,0.4003,3,24,0,0,0
1948,4.109,0.2291,3,24,0,0,0
1949,4.1793,0.2171,3,24,0,0,0
1950,4.4281,0.2947,3,24,0,0,0
1951,3.8556,0.2306,3,24,0,0,0
1952,4.1826,0.4037,3,24,0,0,0
1953,4.2236,0.3678,3,24,0,0,0
1954,4.2254,0.4313,3,24,0,0,0
1955,4.073,0.258,3,24,0,0,0
1956,4.1424,0.2239,3,24,0,0,0
1957,4.1227,0.2075,3,24,0,0,0
1958,4.5479,0.2265,3,24,0,0,0
1959,3.9139,0.2242,3,24,0,0,0
1960,4.2211,0.3226,3,24,0,0,0
1961,4.0988,0.2554,3,24,0,0,0
1962,4.1558,0.2543,3,24,0,0,0
1963,4.1108,0.2205,3,24,0,0,0
1964,4.1531,0.2102,3,24,0,0,0
1965,4.2189,0.2311,3,24,0,0,0
1966,4.6694,0.5979,49,70,46,0,1
1967,3.8921,0.3458,49,69,0,1,1
1968,3.872,0.3656,49,69,0,0,1
1969,4.1604,0.2732,49,69,0,0,1
1970,4.1999,0.4015,49,69,0,0,1
1971,4.2262,0.4402,49,69,0,0,1
1972,4.2382,0.4105,49,69,0,0,1
1973,4.1745,0.3771,49,69,0,0,1
1974,4.1623,0.3309,49,69,0,0,1
1975,4.055,0.3995,49,69,0,0,1
1976,4.2143,0.3194,49,69,0,0,1
1977,4.4834,0.2872,49,69,0,0,1
1978,3.7859,0.2369,49,69,0,0,1
1979,4.3855,0.5288,49,69,0,0,1
1980,3.9717,0.2998,49,69,0,0,1
1981,4.4956,0.4186,49,69,0,0,1
1982,4.043,0.3062,49,69,0,0,1
1983,3.9126,0.302,49,69,0,0,1
1984,4.206,0.2588,49,69,0,0,1
1985,4.2977,0.3873,49,69,0,0,1
1986,4.0729,0.3215,49,69,0,0,1
1987,4.1353,0.2773,49,69,0,0,1
1988,4.1307,0.3979,49,69,0,0,1
1989,4.5716,0.242,49,69,0,0,1
1990,3.8594,0.2811,49,69,0,0,1
1991,4.1743,0.4095,49,69,0,0,1
1992,4.0674,0.4638,49,69,0,0,1
1993,4.245,0.3192,49,69,0,0,1
1994,4.1086,0.2945,49,69,0,0,1
1995,4.6392,0.3479,49,69,0,0,1
1996,3.7857,0.3024,49,69,0,0,1
1997,4.0763,0.2769,49,69,0,0,1
1998,4.1821,0.3395,49,69,0,0,1
1999,4.1308,0.2513,49,69,0,0,1
2000,4.2823,0.3087,49,69,0,0,1
2001,4.138,0.3164,49,69,0,0,1
2002,4.2138,0.4795,49,69,0,0,1
2003,4.0694,0.4036,49,69,0,0,1
2004,4.1417,0.2755,49,69,0,0,1
2005,4.2182,0.2813,49,69,0,0,1
2006,4.3799,0.2839,49,69,0,0,1
2007,3.9762,0.4407,49,69,0,0,1
2008,4.1528,0.3105,49,69,0,0,1
2009,4.3674,0.4666,49,69,0,0,1
2010,3.9987,0.3905,49,69,0,0,1
2011,4.0947,0.2731,49,69,0,0,1
2012,4.2321,0.3226,49,69,0,0,1
2013,4.1463,0.3319,49,69,0,0,1
2014,4.4074,0.4812,49,69,0,0,1
2015,3.8798,0.4831,49,69,0,0,1
2016,4.1424,0.4004,49,69,0,0,1
2017,4.2343,0.3186,49,69,0,0,1
2018,4.4528,0.6391,53,119,50,0,1
2019,4.1249,0.3758,53,73,0,46,1
2020,3.9138,0.399,53,73,0,0,1
2021,4.1892,0.3955,53,73,0,0,1
2022,4.1424,0.5137,53,73,0,0,1
2023,4.1213,0.2823,53,73,0,0,1
2024,4.1823,0.2981,53,73,0,0,1
2025,4.6883,0.2767,53,73,0,0,1
2026,3.7042,0.326,53,73,0,0,1
2027,4.0909,0.2954,53,73,0,0,1
2028,4.157,0.4227,53,73,0,0,1
2029,4.2797,0.3854,53,73,0,0,1
2030,4.282,0.2888,53,73,0,0,1
2031,4.3255,0.3469,53,73,0,0,1
2032,3.8124,0.2954,53,73,0,0,1
2033,4.1108,0.257,53,73,0,0,1
2034,4.2513,0.3001,53,73,0,0,1
2035,4.1157,0.2854,53,73,0,0,1
2036,4.1371,0.4212,53,73,0,0,1
2037,4.2237,0.2753,53,73,0,0,1
2038,4.2045,0.3373,53,73,0,0,1
2039,4.4179,0.3369,53,73,0,0,1
2040,3.8782,0.4592,53,73,0,0,1
2041,4.1839,0.4674,53,73,0,0,1
2042,4.1878,0.3555,53,73,0,0,1
2043,4.1635,0.33,53,73,0,0,1
2044,4.1408,0.2813,53,73,0,0,1
2045,4.2054,0.3237,53,73,0,0,1
2046,4.11,0.2986,53,73,0,0,1
2047,4.1456,0.2225,53,73,0,0,1
2048,4.1542,0.394,53,73,0,0,1
2049,4.355,0.2978,53,73,0,0,1
2050,4.0678,0.3284,53,73,0,0,1
2051,4.4319,0.2523,53,73,0,0,1
2052,3.8601,0.2369,53,73,0,0,1
2053,4.1829,0.4509,53,73,0,0,1
2054,4.2097,0.3624,53,73,0,0,1
2055,4.1562,0.3271,53,73,0,0,1
2056,4.1565,0.3353,53,73,0,0,1
2057,4.1676,0.319,53,73,0,0,1
2058,4.4206,0.3498,13,83,10,0,1
2059,3.848,0.3042,13,33,0,50,1
2060,4.2149,0.4778,13,33,0,0,1
2061,4.3026,0.4499,13,33,0,0,1
2062,4.0538,0.3079,13,33,0,0,1
2063,4.1409,0.3343,13,33,0,0,1
2064,4.1235,0.2601,13,33,0,0,1
2065,4.2131,0.2923,13,33,0,0,1
2066,4.1956,0.2556,13,33,0,0,1
2067,4.119,0.2588,13,33,0,0,1
2068,4.1493,0.2868,13,33,0,0,1
2069,4.2386,0.4066,13,33,0,0,1
2070,4.1312,0.3676,13,33,0,0,1
2071,4.121,0.2356,13,33,0,0,1
2072,4.1495,0.3075,13,33,0,0,1
2073,4.2496,0.4502,13,33,0,0,1
2074,4.3035,0.256,13,33,0,0,1
2075,3.9637,0.4002,13,33,0,0,1
2076,4.1744,0.2463,13,33,0,0,1
2077,4.0896,0.2002,13,33,0,0,1
2078,4.5595,0.3407,13,33,0,0,1
2079,4.3624,0.4411,13,33,0,0,1
2080,3.6579,0.4906,13,33,0,0,1
2081,4.1702,0.2405,13,33,0,0,1
2082,4.1653,0.2672,13,33,0,0,1
2083,4.1832,0.2538,13,33,0,0,1
2084,4.1144,0.3378,13,33,0,0,1
2085,4.1489,0.2392,13,33,0,0,1
2086,4.2082,0.355,13,33,0,0,1
2087,4.2104,0.2948,13,33,0,0,1
2088,4.1297,0.2407,13,33,0,0,1
2089,4.1685,0.3527,13,33,0,0,1
2090,4.1893,0.2655,13,33,0,0,1
2091,4.1838,0.4477,13,33,0,0,1
2092,4.1925,0.334,13,33,0,0,1
2093,4.1615,0.2866,13,33,0,0,1
2094,4.1218,0.256,13,33,0,0,1
2095,4.1436,0.3779,13,33,0,0,1
2096,4.1759,0.2881,13,33,0,0,1
2097,4.2408,0.2611,13,33,0,0,1
2098,4.2139,0.3561,13,33,0,0,1
2099,4.101,0.2979,13,33,0,0,1
2100,4.1159,0.2419,13,33,0,0,1
2101,4.1632,0.2564,13,33,0,0,1
2102,4.1885,0.3176,13,33,0,0,1
2103,4.1621,0.4506,13,33,0,0,1
2104,4.2486,0.3488,13,33,0,0,1
2105,4.0836,0.2401,13,33,0,0,1
2106,4.065,0.2303,13,33,0,0,1
2107,4.3305,0.2451,13,33,0,0,1
2108,4.0974,0.2421,13,33,0,0,1
2109,4.1617,0.2477,13,33,0,0,1
2110,4.1779,0.2423,13,33,0,0,1
2111,4.26,0.3985,13,33,0,0,1
2112,4.063,0.2348,13,33,0,0,1
2113,4.1474,0.247,13,33,0,0,1
2114,4.2051,0.3472,13,33,0,0,1
2115,4.1291,0.2335,13,33,0,0,1
2116,4.1775,0.2424,13,33,0,0,1
2117,4.3373,0.3221,13,33,0,0,1
2118,4.0644,0.3014,13,33,0,0,1
2119,4.1397,0.2355,13,33,0,0,1
2120,4.1339,0.2837,13,33,0,0,1
2121,4.216,0.316,13,33,0,0,1
2122,4.1894,0.2848,13,33,0,0,1
2123,4.349,0.4425,13,33,0,0,1
2124,3.9829,0.2805,13,33,0,0,1
2125,4.2956,0.3586,13,33,0,0,1
2126,3.9582,0.2703,13,33,0,0,1
2127,4.2739,0.2687,13,33,0,0,1
2128,4.1136,0.2632,13,33,0,0,1
2129,4.1719,0.4417,13,33,0,0,1
2130,4.0796,0.2297,13,33,0,0,1
2131,4.2646,0.2348,13,33,0,0,1
2132,4.1686,0.2972,13,33,0,0,1
2133,4.1741,0.2989,13,33,0,0,1
2134,4.1231,0.2893,13,33,0,0,1
2135,4.1783,0.4425,13,33,0,0,1
2136,4.2781,0.3382,13,33,0,0,1
2137,4.0612,0.2939,13,33,0,0,1
2138,4.136,0.2546,13,33,0,0,1
2139,4.2391,0.2537,13,33,0,0,1
2140,4.1153,0.2276,13,33,0,0,1
2141,4.3036,0.3802,13,33,0,0,1
2142,4.0286,0.5802,13,33,0,0,1
2143,4.1615,0.2554,13,33,0,0,1
2144,4.18,0.2922,13,33,0,0,1
2145,4.2022,0.2741,13,33,0,0,1
2146,4.0791,0.2494,13,33,0,0,1
2147,4.3106,0.4465,13,33,0,0,1
2148,4.0399,0.2418,13,33,0,0,1
2149,4.141,0.2286,13,33,0,0,1
2150,4.2378,0.3722,13,33,0,0,1
2151,4.5965,0.2629,13,33,0,0,1
2152,3.743,0.3132,13,33,0,0,1
2153,4.2403,0.4965,13,33,0,0,1
2154,4.1205,0.3946,13,33,0,0,1
2155,4.4076,0.4601,15,45,12,0,1
2156,3.9899,0.3019,15,35,0,10,1
2157,4.0381,0.2782,15,35,0,0,1
2158,4.2809,0.4465,15,35,0,0,1
2159,4.0872,0.3198,15,35,0,0,1
2160,4.0981,0.3924,15,35,0,0,1
2161,4.193,0.2429,15,35,0,0,1
2162,4.2,0.2987,15,35,0,0,1
2163,4.1566,0.4457,15,35,0,0,1
2164,4.1057,0.2289,15,35,0,0,1
2165,4.274,0.3053,15,35,0,0,1
2166,4.2021,0.4435,15,35,0,0,1
2167,4.0816,0.2389,15,35,0,0,1
2168,4.2593,0.2948,15,35,0,0,1
2169,4.2271,0.2719,15,35,0,0,1
2170,4.0581,0.3023,15,35,0,0,1
2171,4.1605,0.3026,15,35,0,0,1
2172,4.1359,0.4403,15,35,0,0,1
2173,4.2089,0.3811,15,35,0,0,1
2174,4.4973,0.3082,15,35,0,0,1
2175,3.8491,0.3058,15,35,0,0,1
2176,4.092,0.2371,15,35,0,0,1
2177,4.1453,0.2613,15,35,0,0,1
2178,4.2445,0.2486,15,35,0,0,1
2179,4.1144,0.2185,15,35,0,0,1
2180,4.3325,0.3602,15,35,0,0,1
2181,4.0505,0.5001,15,35,0,0,1
2182,4.1872,0.2758,15,35,0,0,1
2183,4.1036,0.3767,15,35,0,0,1
2184,4.1571,0.237,15,35,0,0,1
2185,4.1403,0.2873,15,35,0,0,1
2186,4.2193,0.3093,15,35,0,0,1
2187,4.2459,0.3085,15,35,0,0,1
2188,4.1853,0.4683,15,35,0,0,1
2189,4.1142,0.2584,15,35,0,0,1
2190,4.0461,0.2277,15,35,0,0,1
2191,4.2456,0.269,15,35,0,0,1
2192,4.212,0.3804,15,35,0,0,1
2193,4.5062,0.3631,15,35,0,0,1
2194,4.1517,0.343,10,42,7,0,1
2195,3.8754,0.3065,10,30,0,12,1
2196,4.0198,0.2441,10,30,0,0,1
2197,4.2574,0.3527,10,30,0,0,1
2198,4.1267,0.3032,10,30,0,0,1
2199,4.2106,0.3543,10,30,0,0,1
2200,4.1967,0.3103,10,30,0,0,1
2201,4.1473,0.301,10,30,0,0,1
2202,4.1293,0.2351,10,30,0,0,1
2203,4.1388,0.2404,10,30,0,0,1
2204,4.2449,0.2024,10,30,0,0,1
2205,4.1319,0.2426,10,30,0,0,1
2206,4.2161,0.482,10,30,0,0,1
2207,4.1181,0.2752,10,30,0,0,1
2208,4.0897,0.3061,10,30,0,0,1
2209,4.2579,0.2675,10,30,0,0,1
2210,4.1108,0.267,10,30,0,0,1
2211,4.2565,0.3871,10,30,0,0,1
2212,4.4144,0.3768,10,30,0,0,1
2213,3.9786,0.447,10,30,0,0,1
2214,4.0815,0.2946,10,30,0,0,1
2215,4.1246,0.2407,10,30,0,0,1
2216,4.2139,0.2995,10,30,0,0,1
2217,4.2069,0.2453,10,30,0,0,1
2218,4.0967,0.4275,10,30,0,0,1
2219,4.1197,0.2739,10,30,0,0,1
2220,4.1426,0.1986,10,30,0,0,1
2221,4.1795,0.2394,10,30,0,0,1
2222,4.1762,0.2616,10,30,0,0,1
2223,4.226,0.4389,10,30,0,0,1
2224,4.1486,0.3871,10,30,0,0,1
2225,4.1912,0.2703,10,30,0,0,1
2226,4.082,0.2637,10,30,0,0,1
2227,4.5065,0.376,15,42,12,0,1
2228,4.1183,0.2999,15,35,0,7,1
2229,4.0117,0.3052,15,35,0,0,1
2230,4.3106,0.3638,15,35,0,0,1
2231,3.9899,0.3299,15,35,0,0,1
2232,4.0987,0.2901,15,35,0,0,1
2233,4.2867,0.3626,15,35,0,0,1
2234,4.053,0.2618,15,35,0,0,1
2235,4.2241,0.2785,15,35,0,0,1
2236,4.0968,0.2669,15,35,0,0,1
2237,4.218,0.3024,15,35,0,0,1
2238,4.1315,0.4057,15,35,0,0,1
2239,4.139,0.2209,15,35,0,0,1
2240,4.1795,0.2364,15,35,0,0,1
2241,4.3962,0.2726,15,35,0,0,1
2242,4.0334,0.4427,15,35,0,0,1
2243,4.2209,0.4443,15,35,0,0,1
2244,4.3789,0.4232,15,35,0,0,1
2245,3.8417,0.2378,15,35,0,0,1
2246,4.1868,0.3682,15,35,0,0,1
2247,4.3966,0.2956,15,35,0,0,1
2248,4.3577,0.3196,15,35,0,0,1
2249,4.0314,0.3195,15,35,0,0,1
2250,3.9412,0.4415,15,35,0,0,1
2251,4.0533,0.2236,15,35,0,0,1
2252,4.5395,0.272,15,35,0,0,1
2253,3.87,0.2853,15,35,0,0,1
2254,4.0885,0.2412,15,35,0,0,1
2255,4.3034,0.4855,15,35,0,0,1
2256,4.0116,0.2511,15,35,0,0,1
2257,4.4717,0.3014,15,35,0,0,1
2258,3.8708,0.3074,15,35,0,0,1
2259,4.264,0.2681,15,35,0,0,1
2260,4.1313,0.2209,15,35,0,0,1
2261,4.2335,0.4206,15,35,0,0,1
2262,4.0872,0.2405,15,35,0,0,1
2263,4.4497,0.4092,24,56,21,0,1
2264,3.9495,0.3169,24,44,0,12,1
2265,4.0562,0.2954,24,44,0,0,1
2266,4.1723,0.3503,24,44,0,0,1
2267,4.2377,0.3053,24,44,0,0,1
2268,4.2257,0.3647,24,44,0,0,1
2269,4.0892,0.294,24,44,0,0,1
2270,4.1331,0.2897,24,44,0,0,1
2271,4.2031,0.3285,24,44,0,0,1
2272,4.1206,0.2705,24,44,0,0,1
2273,4.2624,0.4705,24,44,0,0,1
2274,4.1537,0.2633,24,44,0,0,1
2275,4.0831,0.2769,24,44,0,0,1
2276,4.2363,0.2983,24,44,0,0,1
2277,4.1094,0.2724,24,44,0,0,1
2278,4.2263,0.2894,24,44,0,0,1
2279,4.1451,0.3825,24,44,0,0,1
2280,4.1714,0.4518,24,44,0,0,1
2281,4.3323,0.5695,24,44,0,0,1
2282,3.9756,0.2677,24,44,0,0,1
2283,4.5734,0.2649,24,44,0,0,1
2284,4.741,0.3844,24,44,0,0,1
2285,3.3273,0.269,24,44,0,0,1
2286,4.014,0.4401,24,44,0,0,1
2287,4.1589,0.2596,24,44,0,0,1
2288,4.2598,0.2414,24,44,0,0,1
2289,4.062,0.2098,24,44,0,0,1
2290,4.4649,0.3313,24,44,0,0,1
2291,3.9449,0.2903,24,44,0,0,1
2292,4.0933,0.2721,24,44,0,0,1
2293,4.2616,0.3652,24,44,0,0,1
2294,4.0808,0.3352,24,44,0,0,1
2295,4.2431,0.306,24,44,0,0,1
2296,4.3971,0.2721,24,44,0,0,1
2297,3.9307,0.312,24,44,0,0,1
2298,4.0698,0.3692,24,44,0,0,1
2299,4.2184,0.2631,24,44,0,0,1
2300,4.4212,0.54,29,70,26,0,1
2301,4.1392,0.3103,29,49,0,21,1
2302,3.9681,0.3569,29,49,0,0,1
2303,4.1203,0.4256,29,49,0,0,1
2304,4.1498,0.4184,29,49,0,0,1
2305,4.1378,0.3426,29,49,0,0,1
2306,4.203,0.3063,29,49,0,0,1
2307,4.2161,0.4065,29,49,0,0,1
2308,4.1813,0.3347,29,49,0,0,1
2309,4.1756,0.2984,29,49,0,0,1
2310,4.13,0.2573,29,49,0,0,1
2311,4.1366,0.2585,29,49,0,0,1
2312,4.264,0.3534,29,49,0,0,1
2313,4.0675,0.2206,29,49,0,0,1
2314,4.2353,0.5302,29,49,0,0,1
2315,4.1608,0.308,29,49,0,0,1
2316,4.1003,0.3156,29,49,0,0,1
2317,4.2429,0.2664,29,49,0,0,1
2318,4.1048,0.2661,29,49,0,0,1
2319,4.2421,0.3017,29,49,0,0,1
2320,4.4296,0.4432,29,49,0,0,1
2321,4.1705,0.307,29,49,0,0,1
2322,3.885,0.3021,29,49,0,0,1
2323,4.079,0.2687,29,49,0,0,1
2324,4.2455,0.2668,29,49,0,0,1
2325,4.1656,0.2763,29,49,0,0,1
2326,4.1432,0.4518,29,49,0,0,1
2327,4.1084,0.3229,29,49,0,0,1
2328,4.1906,0.2706,29,49,0,0,1
2329,4.1292,0.3806,29,49,0,0,1
2330,4.2186,0.3623,29,49,0,0,1
2331,4.4506,0.3775,29,49,0,0,1
2332,4.4263,0.286,29,49,0,0,1
2333,3.6116,0.265,29,49,0,0,1
2334,4.2394,0.3063,29,49,0,0,1
2335,4.0721,0.3034,29,49,0,0,1
2336,4.2435,0.3125,29,49,0,0,1
2337,4.3136,0.4828,33,79,30,0,1
2338,4.1749,0.3387,33,53,0,26,1
2339,4.0327,0.5138,33,53,0,0,1
2340,4.0921,0.2654,33,53,0,0,1
2341,4.2243,0.3626,33,53,0,0,1
2342,4.1194,0.2893,33,53,0,0,1
2343,4.2331,0.4004,33,53,0,0,1
2344,4.126,0.2596,33,53,0,0,1
2345,4.1872,0.3045,33,53,0,0,1
2346,4.1325,0.2859,33,53,0,0,1
2347,4.1485,0.2691,33,53,0,0,1
2348,4.167,0.406,33,53,0,0,1
2349,4.2169,0.248,33,53,0,0,1
2350,4.2511,0.3672,33,53,0,0,1
2351,4.1528,0.2512,33,53,0,0,1
2352,4.0214,0.305,33,53,0,0,1
2353,4.2285,0.3182,33,53,0,0,1
2354,4.1276,0.2659,33,53,0,0,1
2355,4.1675,0.5051,33,53,0,0,1
2356,4.2882,0.3153,33,53,0,0,1
2357,4.2366,0.353,33,53,0,0,1
2358,4.0113,0.2718,33,53,0,0,1
2359,4.7822,0.3323,33,53,0,0,1
2360,4.0288,0.2839,33,53,0,0,1
2361,3.9033,0.2832,33,53,0,0,1
2362,3.9096,0.2646,33,53,0,0,1
2363,4.2148,0.2786,33,53,0,0,1
2364,4.2446,0.4847,33,53,0,0,1
2365,4.445,0.2384,33,53,0,0,1
2366,3.7734,0.3416,33,53,0,0,1
2367,4.3329,0.4647,33,53,0,0,1
2368,4.0363,0.2895,33,53,0,0,1
2369,4.2033,0.3266,33,53,0,0,1
2370,4.1689,0.3763,33,53,0,0,1
2371,4.0924,0.2781,33,53,0,0,1
2372,4.2415,0.2708,33,53,0,0,1
2373,4.1306,0.2595,33,53,0,0,1
2374,4.1904,0.2749,33,53,0,0,1
2375,4.2802,0.4094,33,53,0,0,1
2376,4.1818,0.4477,33,53,0,0,1
2377,3.9898,0.4484,33,53,0,0,1
2378,4.1423,0.2921,33,53,0,0,1
2379,4.2404,0.2833,33,53,0,0,1
2380,4.132,0.2323,33,53,0,0,1
2381,4.2563,0.378,33,53,0,0,1
2382,4.0807,0.2996,33,53,0,0,1
2383,4.1436,0.2665,33,53,0,0,1
2384,4.1977,0.2777,33,53,0,0,1
2385,4.26,0.2928,33,53,0,0,1
2386,4.0404,0.4285,33,53,0,0,1
2387,4.133,0.3906,33,53,0,0,1
2388,4.1976,0.4666,33,53,0,0,1
2389,4.1873,0.2675,33,53,0,0,1
2390,4.1449,0.2735,33,53,0,0,1
2391,4.2482,0.302,33,53,0,0,1
2392,4.1023,0.2625,33,53,0,0,1
2393,4.3686,0.2447,33,53,0,0,1
2394,4.1485,0.3451,33,53,0,0,1
2395,3.9704,0.2783,33,53,0,0,1
2396,4.1997,0.2636,33,53,0,0,1
2397,4.1262,0.276,33,53,0,0,1
2398,4.2184,0.4735,33,53,0,0,1
2399,4.1322,0.2775,33,53,0,0,1
2400,4.2909,0.3825,33,53,0,0,1
2401,4.0812,0.3101,33,53,0,0,1
2402,4.1261,0.3001,33,53,0,0,1
2403,4.1891,0.2955,33,53,0,0,1
2404,4.1566,0.4257,33,53,0,0,1
2405,4.2105,0.4285,33,53,0,0,1
2406,4.0705,0.3937,33,53,0,0,1
2407,4.5398,0.2578,33,53,0,0,1
2408,3.8216,0.276,33,53,0,0,1
2409,4.1963,0.2741,33,53,0,0,1
2410,4.2219,0.4286,33,53,0,0,1
2411,4.1291,0.2815,33,53,0,0,1
2412,4.1055,0.4021,33,53,0,0,1
2413,4.1794,0.3034,33,53,0,0,1
2414,4.248,0.2624,33,53,0,0,1
2415,4.1678,0.6209,33,53,0,0,1
2416,4.4507,0.4679,33,53,0,0,1
2417,3.8433,0.4198,33,53,0,0,1
2418,4.1672,0.4479,33,53,0,0,1
2419,4.1349,0.2768,33,53,0,0,1
2420,4.2277,0.3112,33,53,0,0,1
2421,4.1497,0.302,33,53,0,0,1
2422,4.1948,0.3162,33,53,0,0,1
2423,4.1451,0.2926,33,53,0,0,1
2424,4.1296,0.3928,33,53,0,0,1
2425,4.2449,0.3827,33,53,0,0,1
2426,4.1899,0.2832,33,53,0,0,1
2427,4.1104,0.4273,33,53,0,0,1
2428,4.1122,0.4673,63,83,30,0,1
2429,4.4889,0.4956,63,83,0,0,1
2430,3.8212,0.5213,63,83,0,0,1
2431,4.1697,0.4643,63,83,0,0,1
2432,4.6029,0.5382,63,83,0,0,1
2433,3.7673,0.3301,63,83,0,0,1
2434,4.1475,0.273,63,83,0,0,1
2435,4.521,0.2558,63,83,0,0,1
2436,3.8137,0.4227,63,83,0,0,1
2437,4.1385,0.3752,63,83,0,0,1
2438,4.265,0.3736,63,83,0,0,1
2439,4.1908,0.3289,63,83,0,0,1
2440,4.1191,0.3517,63,83,0,0,1
2441,4.2091,0.289,63,83,0,0,1
2442,4.1195,0.344,63,83,0,0,1
2443,4.1213,0.2849,63,83,0,0,1
2444,4.149,0.2599,63,83,0,0,1
2445,4.2181,0.3154,63,83,0,0,1
2446,4.7123,0.4826,37,117,34,0,1
2447,3.8849,0.3367,37,57,0,60,1
2448,3.8807,0.4144,37,57,0,0,1
2449,4.159,0.4019,37,57,0,0,1
2450,4.1991,0.3157,37,57,0,0,1
2451,4.2071,0.3061,37,57,0,0,1
2452,4.1717,0.3414,37,57,0,0,1
2453,4.1725,0.3039,37,57,0,0,1
2454,4.176,0.313,37,57,0,0,1
2455,4.0592,0.2519,37,57,0,0,1
2456,4.2132,0.409,37,57,0,0,1
2457,4.1856,0.2936,37,57,0,0,1
2458,4.189,0.2663,37,57,0,0,1
2459,4.1913,0.2695,37,57,0,0,1
2460,4.0551,0.2541,37,57,0,0,1
2461,4.2169,0.2546,37,57,0,0,1
2462,4.5667,0.3624,37,57,0,0,1
2463,3.9077,0.4122,37,57,0,0,1
2464,4.0542,0.3241,37,57,0,0,1
2465,4.4165,0.3224,37,57,0,0,1
2466,3.8626,0.308,37,57,0,0,1
2467,4.2155,0.2729,37,57,0,0,1
2468,4.1146,0.265,37,57,0,0,1
2469,4.2409,0.2912,37,57,0,0,1
2470,4.187,0.3164,37,57,0,0,1
2471,4.4875,0.2371,37,57,0,0,1
2472,3.766,0.2774,37,57,0,0,1
2473,4.1907,0.272,37,57,0,0,1
2474,4.1657,0.2882,37,57,0,0,1
2475,4.2017,0.2667,37,57,0,0,1
2476,4.1145,0.3208,37,57,0,0,1
2477,4.2207,0.3059,37,57,0,0,1
2478,4.1322,0.2753,37,57,0,0,1
2479,4.1923,0.2812,37,57,0,0,1
2480,4.165,0.3294,37,57,0,0,1
2481,4.0761,0.2455,37,57,0,0,1
2482,4.4039,0.5333,37,57,0,0,1
2483,4.0374,0.3099,37,57,0,0,1
2484,4.2334,0.3836,37,57,0,0,1
2485,3.996,0.2777,37,57,0,0,1
2486,4.2133,0.3744,37,57,0,0,1
2487,4.2622,0.4244,37,57,0,0,1
2488,4.2937,0.417,37,57,0,0,1
2489,4.0687,0.3684,37,57,0,0,1
2490,4.0792,0.3082,37,57,0,0,1
2491,4.1672,0.2724,37,57,0,0,1
2492,4.1099,0.2741,37,57,0,0,1
2493,4.2481,0.4975,37,57,0,0,1
2494,4.3876,0.3759,37,57,0,0,1
2495,4.0138,0.5194,37,57,0,0,1
2496,4.0118,0.2723,37,57,0,0,1
2497,4.1803,0.2394,37,57,0,0,1
2498,4.1655,0.2749,37,57,0,0,1
2499,4.3026,0.2736,37,57,0,0,1
2500,4.0615,0.2275,37,57,0,0,1
2501,4.1468,0.2772,37,57,0,0,1
2502,4.1728,0.2744,37,57,0,0,1
2503,4.1874,0.309,37,57,0,0,1
2504,4.1198,0.3081,37,57,0,0,1
2505,4.1821,0.2889,37,57,0,0,1
2506,4.2014,0.4703,37,57,0,0,1
2507,4.1671,0.3275,37,57,0,0,1
2508,4.2001,0.321,37,57,0,0,1
2509,4.114,0.2665,37,57,0,0,1
2510,4.1443,0.2748,37,57,0,0,1
2511,4.315,0.2834,37,57,0,0,1
2512,4.2461,0.2779,37,57,0,0,1
2513,4.059,0.366,37,57,0,0,1
2514,4.1562,0.3157,37,57,0,0,1
2515,4.0864,0.2366,37,57,0,0,1
2516,4.265,0.378,37,57,0,0,1
2517,4.076,0.2814,37,57,0,0,1
2518,4.1975,0.3968,37,57,0,0,1
2519,4.1891,0.4325,37,57,0,0,1
2520,4.1269,0.4593,37,57,0,0,1
2521,4.1458,0.2689,37,57,0,0,1
2522,4.2031,0.2846,37,57,0,0,1
2523,4.2501,0.2618,37,57,0,0,1
2524,4.0368,0.2589,37,57,0,0,1
2525,4.3574,0.4613,37,57,0,0,1
2526,3.9332,0.4004,37,57,0,0,1
2527,4.2319,0.2465,37,57,0,0,1
2528,4.1968,0.3149,37,57,0,0,1
2529,4.1984,0.4008,71,91,34,0,1
2530,4.3152,0.2997,71,91,0,0,1
2531,4.0144,0.36,71,91,0,0,1
2532,4.0652,0.4425,71,91,0,0,1
2533,4.2357,0.3582,71,91,0,0,1
2534,4.0979,0.3228,71,91,0,0,1
2535,4.2644,0.341,71,91,0,0,1
2536,4.1446,0.3348,71,91,0,0,1
2537,4.3406,0.4879,71,91,0,0,1
2538,3.9944,0.3089,71,91,0,0,1
2539,4.1429,0.3012,71,91,0,0,1
2540,4.436,0.3968,71,91,0,0,1
2541,3.8442,0.4588,71,91,0,0,1
2542,4.179,0.2991,71,91,0,0,1
2543,4.2323,0.4038,71,91,0,0,1
2544,4.181,0.4849,71,91,0,0,1
2545,4.3626,0.3993,71,91,0,0,1
2546,3.9154,0.2761,71,91,0,0,1
2547,4.2564,0.3315,71,91,0,0,1
2548,4.1376,0.343,71,91,0,0,1
2549,4.1675,0.3942,71,91,0,0,1
2550,4.1041,0.377,71,91,0,0,1
2551,4.1913,0.4243,71,91,0,0,1
2552,4.2483,0.3837,71,91,0,0,1
2553,4.0593,0.2927,71,91,0,0,1
2554,4.206,0.2691,71,91,0,0,1
2555,4.2635,0.29,71,91,0,0,1
2556,4.0207,0.4907,71,91,0,0,1
2557,4.2245,0.4112,71,91,0,0,1
2558,4.1192,0.3872,71,91,0,0,1
2559,4.2765,0.3318,71,91,0,0,1
2560,4.0714,0.3008,71,91,0,0,1
2561,4.2085,0.3341,71,91,0,0,1
2562,4.1186,0.3464,71,91,0,0,1
2563,4.1714,0.2899,71,91,0,0,1
2564,4.1588,0.3854,71,91,0,0,1
2565,4.1978,0.3492,71,91,0,0,1
2566,4.1196,0.2912,71,91,0,0,1
2567,4.1943,0.2888,71,91,0,0,1
2568,4.1203,0.3261,71,91,0,0,1
2569,4.3161,0.4037,71,91,0,0,1
2570,4.0521,0.2984,71,91,0,0,1
2571,4.1444,0.4562,71,91,0,0,1
2572,4.3004,0.4426,71,91,0,0,1
2573,4.1227,0.3289,71,91,0,0,1
2574,4.1311,0.3553,71,91,0,0,1
2575,4.1157,0.2973,71,91,0,0,1
2576,4.4618,0.4144,71,91,0,0,1
2577,3.8674,0.3113,71,91,0,0,1
2578,4.2274,0.3416,71,91,0,0,1
2579,4.2187,0.3266,71,91,0,0,1
2580,4.0478,0.2988,71,91,0,0,1
2581,4.2358,0.4378,71,91,0,0,1
2582,4.1,0.3358,71,91,0,0,1
2583,4.4956,0.4892,71,91,0,0,1
2584,3.8466,0.3809,71,91,0,0,1
2585,4.2465,0.334,71,91,0,0,1
2586,4.1159,0.3084,71,91,0,0,1
2587,4.1762,0.2897,71,91,0,0,1
2588,4.1728,0.4013,71,91,0,0,1
2589,4.184,0.2699,71,91,0,0,1
2590,4.141,0.2924,71,91,0,0,1
2591,4.2293,0.3463,71,91,0,0,1
2592,4.082,0.2291,71,91,0,0,1
2593,4.2183,0.3258,71,91,0,0,1
2594,4.1326,0.3002,71,91,0,0,1
2595,4.4629,0.4628,71,91,0,0,1
2596,3.8918,0.3468,71,91,0,0,1
2597,4.439,0.4065,71,91,0,0,1
2598,4.2425,0.3102,71,91,0,0,1
2599,3.7944,0.2864,71,91,0,0,1
2600,4.206,0.3333,71,91,0,0,1
2601,4.1858,0.3,71,91,0,0,1
2602,4.1618,0.3314,71,91,0,0,1
2603,4.2038,0.3448,71,91,0,0,1
2604,4.0636,0.2886,71,91,0,0,1
2605,4.4334,0.292,71,91,0,0,1
2606,3.9003,0.3902,71,91,0,0,1
2607,4.3093,0.4862,71,91,0,0,1
2608,4.0545,0.3991,71,91,0,0,1
2609,4.1987,0.2867,71,91,0,0,1
2610,4.0592,0.3209,71,91,0,0,1
2611,4.1838,0.2581,71,91,0,0,1
2612,4.2518,0.5146,71,91,0,0,1
2613,4.1578,0.3979,105,125,34,0,1
2614,4.3742,0.4459,105,125,0,0,1
2615,4.0002,0.6401,105,125,0,0,1
2616,4.1225,0.4663,105,125,0,0,1
2617,4.0761,0.4393,105,125,0,0,1
2618,4.1952,0.3287,105,125,0,0,1
2619,4.2773,0.2613,105,125,0,0,1
2620,4.2039,0.4327,105,125,0,0,1
2621,4.0834,0.6472,105,125,0,0,1
2622,4.1354,0.3113,105,125,0,0,1
2623,4.1418,0.3449,105,125,0,0,1
2624,4.2596,0.3559,105,125,0,0,1
2625,4.0466,0.3035,105,125,0,0,1
2626,4.261,0.4151,105,125,0,0,1
2627,4.3563,0.4916,105,125,0,0,1
2628,3.9236,0.3367,105,125,0,0,1
2629,4.1942,0.304,105,125,0,0,1
2630,4.1512,0.4199,105,125,0,0,1
2631,4.4459,0.3209,105,125,0,0,1
2632,4.0334,0.4398,105,125,0,0,1
2633,4.3032,0.3934,105,125,0,0,1
2634,3.8859,0.3667,105,125,0,0,1
2635,4.1458,0.2897,105,125,0,0,1
2636,4.228,0.3444,105,125,0,0,1
2637,4.2009,0.3392,105,125,0,0,1
2638,4.1025,0.4767,105,125,0,0,1
2639,4.2725,0.4963,105,125,0,0,1
2640,4.0732,0.5964,105,125,0,0,1
2641,4.1854,0.2835,105,125,0,0,1
2642,4.4473,0.3161,103,125,0,0,1
2643,3.9535,0.3862,103,123,0,2,1
2644,4.0728,0.2918,103,123,0,0,1
2645,4.2367,0.4282,103,123,0,0,1
2646,4.0926,0.3585,103,123,0,0,1
2647,4.1323,0.2935,103,123,0,0,1
2648,4.2359,0.3333,103,123,0,0,1
2649,4.0962,0.3103,103,123,0,0,1
2650,4.4646,0.5111,103,123,0,0,1
2651,3.9984,0.4824,103,123,0,0,1
2652,4.0844,0.5004,103,123,0,0,1
2653,4.4944,0.489,103,123,0,0,1
2654,3.8046,0.3212,103,123,0,0,1
2655,4.2452,0.3534,103,123,0,0,1
2656,4.1444,0.3785,103,123,0,0,1
2657,4.1767,0.2441,103,123,0,0,1
2658,4.2264,0.4199,103,123,0,0,1
2659,4.0491,0.317,103,123,0,0,1
2660,4.2379,0.3509,103,123,0,0,1
2661,4.0919,0.3452,103,123,0,0,1
2662,4.1425,0.4585,103,123,0,0,1
2663,4.3648,0.5106,103,123,0,0,1
2664,4.0362,0.4035,103,123,0,0,1
2665,4.1901,0.3763,103,123,0,0,1
2666,4.1194,0.3274,103,123,0,0,1
2667,4.2165,0.3442,103,123,0,0,1
2668,4.4718,0.3212,103,123,0,0,1
2669,3.7795,0.4919,103,123,0,0,1
2670,4.252,0.4236,101,123,0,0,1
2671,4.0939,0.3137,101,121,0,2,1
2672,4.2024,0.3564,101,121,0,0,1
2673,4.238,0.3961,101,121,0,0,1
2674,4.3506,0.3065,101,121,0,0,1
2675,3.9223,0.3998,101,121,0,0,1
2676,4.1125,0.485,101,121,0,0,1
2677,4.3953,0.4796,101,121,0,0,1
2678,3.9729,0.3235,101,121,0,0,1
2679,4.1656,0.3144,101,121,0,0,1
2680,4.1626,0.326,101,121,0,0,1
2681,4.1689,0.3292,101,121,0,0,1
2682,4.1673,0.4155,101,121,0,0,1
2683,4.1546,0.2829,101,121,0,0,1
2684,4.29,0.3501,101,121,0,0,1
2685,4.1216,0.3608,101,121,0,0,1
2686,4.2067,0.3709,101,121,0,0,1
2687,4.5106,0.3163,101,121,0,0,1
2688,3.6589,0.4314,101,121,0,0,1
2689,4.2422,0.4675,101,121,0,0,1
2690,4.2356,0.3655,101,121,0,0,1
2691,4.1302,0.5288,101,121,0,0,1
2692,4.1854,0.3755,101,121,0,0,1
2693,4.1494,0.365,101,121,0,0,1
2694,4.3695,0.3175,101,121,0,0,1
2695,3.9079,0.5084,101,121,0,0,1
2696,4.1791,0.5072,101,121,0,0,1
2697,4.1621,0.4804,135,155,34,0,1
2698,4.218,0.3064,135,155,0,0,1
2699,4.0508,0.3612,135,155,0,0,1
2700,4.2088,0.398,135,155,0,0,1
2701,4.1865,0.5603,135,155,0,0,1
2702,4.1499,0.3472,135,155,0,0,1
2703,4.4402,0.5576,135,155,0,0,1
2704,3.9468,0.4086,135,155,0,0,1
2705,4.417,0.3766,135,155,0,0,1
2706,3.9189,0.378,135,155,0,0,1
2707,4.0707,0.3063,135,155,0,0,1
2708,4.5684,0.4874,135,155,0,0,1
2709,3.8004,0.3359,135,155,0,0,1
2710,4.1925,0.4556,135,155,0,0,1
2711,4.3762,0.338,135,155,0,0,1
2712,3.9398,0.3392,135,155,0,0,1
2713,4.1909,0.4381,135,155,0,0,1
2714,4.1151,0.3696,135,155,0,0,1
2715,4.3477,0.5261,135,155,0,0,1
2716,4.2124,0.3204,135,155,0,0,1
2717,4.2465,0.3669,135,155,0,0,1
2718,4.2989,0.5573,135,155,0,0,1
2719,3.7151,0.322,135,155,0,0,1
2720,4.2516,0.5435,135,155,0,0,1
2721,4.0922,0.2876,135,155,0,0,1
2722,4.2519,0.4204,135,155,0,0,1
2723,4.2008,0.4382,134,155,0,0,1
2724,4.078,0.5985,134,154,0,1,1
2725,4.1997,1.2218,134,154,0,0,1
2726,4.1247,0.3518,134,154,0,0,1
2727,4.2223,0.3796,134,154,0,0,1
2728,4.1303,0.4457,134,154,0,0,1
2729,4.2159,0.4379,134,154,0,0,1
2730,4.1281,0.4574,134,154,0,0,1
2731,4.1569,0.3279,134,154,0,0,1
2732,4.1611,0.4206,134,154,0,0,1
2733,4.189,0.2997,133,154,0,0,1
2734,4.1511,0.6514,133,153,0,1,1
2735,4.5919,0.4614,133,153,0,0,1
2736,3.7275,0.357,133,153,0,0,1
2737,4.2361,0.4046,132,153,0,0,1
2738,4.0814,0.2901,132,152,0,1,1
2739,4.256,0.5765,132,152,0,0,1
2740,4.2875,0.4443,132,152,0,0,1
2741,4.0305,0.662,132,152,0,0,1
2742,4.1163,0.3796,132,152,0,0,1
2743,4.1618,0.3166,132,152,0,0,1
2744,4.1676,0.3522,132,152,0,0,1
2745,4.1367,0.2934,132,152,0,0,1
2746,4.2497,0.5644,132,152,0,0,1
2747,4.2853,0.5343,130,152,0,0,1
2748,4.5089,0.3405,130,150,0,2,1
2749,4.0838,0.6296,130,150,0,0,1
2750,3.7422,0.3311,130,150,0,0,1
2751,4.4837,0.6186,130,150,0,0,1
2752,3.9338,0.4811,130,150,0,0,1
2753,4.1333,0.3749,130,150,0,0,1
2754,4.2252,0.408,130,150,0,0,1
2755,4.0074,0.2884,130,150,0,0,1
2756,4.259,0.5181,130,150,0,0,1
2757,4.1519,0.3378,130,150,0,0,1
2758,4.2329,0.5379,130,150,0,0,1
2759,4.404,0.5234,130,150,0,0,1
2760,4.1934,0.4431,130,150,0,0,1
2761,3.9425,0.5471,130,150,0,0,1
2762,4.0202,0.3978,130,150,0,0,1
2763,4.2513,0.4335,130,150,0,0,1
2764,4.5088,0.3538,130,150,0,0,1
2765,3.8897,0.4899,130,150,0,0,1
2766,4.0876,0.5657,130,150,0,0,1
2767,4.0831,0.3153,130,150,0,0,1
2768,4.2586,0.3912,130,150,0,0,1
2769,4.1112,0.3811,130,150,0,0,1
2770,4.4217,0.622,130,150,0,0,1
2771,3.8837,0.5119,130,150,0,0,1
2772,4.2399,0.4517,130,150,0,0,1
2773,4.1311,0.3501,130,150,0,0,1
2774,4.1651,0.4505,130,150,0,0,1
2775,4.2107,0.4269,130,150,0,0,1
2776,4.1731,0.357,130,150,0,0,1
2777,4.3579,0.5682,129,150,0,0,1
2778,3.9447,0.3763,129,149,0,1,1
2779,4.0818,0.3125,129,149,0,0,1
2780,4.2149,0.355,129,149,0,0,1
2781,4.1456,0.5244,163,183,34,0,1
2782,4.1713,0.5184,163,183,0,0,1
2783,4.141,0.4068,163,183,0,0,1
2784,4.3731,0.5184,163,183,0,0,1
2785,4.2348,0.5563,163,183,0,0,1
2786,3.8789,0.3746,163,183,0,0,1
2787,4.2318,0.3568,162,183,0,0,1
2788,4.3993,0.3842,162,182,0,1,1
2789,4.0899,0.3087,162,182,0,0,1
2790,4.3209,0.5926,162,182,0,0,1
2791,3.8318,0.2984,162,182,0,0,1
2792,4.5075,0.5559,162,182,0,0,1
2793,3.7859,0.324,162,182,0,0,1
2794,4.494,0.4691,162,182,0,0,1
2795,4.1195,0.5962,162,182,0,0,1
2796,3.9446,0.539,162,182,0,0,1
2797,4.3794,0.6045,162,182,0,0,1
2798,3.9383,0.324,162,182,0,0,1
2799,4.5419,0.5673,162,182,0,0,1
2800,4.0547,0.5144,162,182,0,0,1
2801,3.8943,0.5346,162,182,0,0,1
2802,4.3184,0.2856,162,182,0,0,1
2803,4.0094,0.345,162,182,0,0,1
2804,4.408,0.5035,162,182,0,0,1
2805,3.9058,0.5511,162,182,0,0,1
2806,4.2329,0.471,162,182,0,0,1
2807,4.5445,0.5164,162,182,0,0,1
2808,3.7842,0.5566,161,182,0,0,1
2809,4.3815,0.5671,161,181,0,1,1
2810,3.9135,0.3825,161,181,0,0,1
2811,4.5245,0.523,160,181,0,0,1
2812,4.3119,0.3561,160,180,0,1,1
2813,3.7624,0.3374,160,180,0,0,1
2814,4.2731,0.5173,160,180,0,0,1
2815,3.9452,0.5531,160,180,0,0,1
2816,4.3741,0.5669,160,180,0,0,1
2817,4.027,0.6205,160,180,0,0,1
2818,4.1556,0.5241,160,180,0,0,1
2819,4.3985,0.5338,160,180,0,0,1
2820,3.893,0.4651,160,180,0,0,1
2821,4.4029,0.3757,160,180,0,0,1
2822,3.9154,0.3007,160,180,0,0,1
2823,4.5269,0.4959,160,180,0,0,1
2824,3.8497,0.4559,160,180,0,0,1
2825,4.5106,0.5882,160,180,0,0,1
2826,3.9976,0.4999,160,180,0,0,1
2827,3.9274,0.3385,160,180,0,0,1
2828,4.4411,0.5912,160,180,0,0,1
2829,3.9884,0.3438,160,180,0,0,1
2830,4.2158,0.4138,159,180,0,0,1
2831,4.1306,0.3543,159,179,0,1,1
2832,4.1965,0.4293,159,179,0,0,1
2833,4.089,0.5064,159,179,0,0,1
2834,4.1679,0.3313,159,179,0,0,1
2835,4.3822,0.5185,159,179,0,0,1
2836,3.9897,0.3814,159,179,0,0,1
2837,4.2857,0.5119,159,179,0,0,1
2838,3.9868,0.346,159,179,0,0,1
2839,4.1859,0.3279,159,179,0,0,1
2840,4.4908,0.5406,159,179,0,0,1
2841,3.8951,0.7015,159,179,0,0,1
2842,4.44,0.3308,159,179,0,0,1
2843,3.9367,0.4232,159,179,0,0,1
2844,4.1171,0.3565,158,179,0,0,1
2845,4.1766,0.4516,158,178,0,1,1
2846,4.1503,0.4556,158,178,0,0,1
2847,4.2101,0.3376,158,178,0,0,1
2848,4.1352,0.3619,157,178,0,0,1
2849,4.2694,0.4787,157,177,0,1,1
2850,4.099,0.3938,157,177,0,0,1
2851,4.0945,0.4231,156,177,0,0,1
2852,4.2732,0.3642,156,176,0,1,1
2853,4.0959,0.3223,156,176,0,0,1
2854,4.2693,0.4435,156,176,0,0,1
2855,4.5635,0.3564,156,176,0,0,1
2856,3.648,0.3242,156,176,0,0,1
2857,4.1865,0.3779,156,176,0,0,1
2858,4.1875,0.3056,156,176,0,0,1
2859,4.1887,0.3693,156,176,0,0,1
2860,4.2131,0.2799,156,176,0,0,1
2861,4.1311,0.42,156,176,0,0,1
2862,4.0927,0.382,156,176,0,0,1
2863,4.151,0.3388,156,176,0,0,1
2864,4.1797,0.3921,156,176,0,0,1
2865,4.1365,0.4553,190,210,34,0,1
2866,4.2441,0.443,190,210,0,0,1
2867,4.3849,0.4701,190,210,0,0,1
2868,3.9096,0.3725,190,210,0,0,1
2869,4.112,0.5861,190,210,0,0,1
2870,4.2249,0.3414,190,210,0,0,1
2871,4.2065,0.605,190,210,0,0,1
2872,4.2632,0.5495,190,210,0,0,1
2873,4.084,0.4078,190,210,0,0,1
2874,4.1533,0.3439,190,210,0,0,1
2875,4.0705,0.3447,190,210,0,0,1
2876,4.2478,0.3203,190,210,0,0,1
2877,4.1381,0.4257,190,210,0,0,1
2878,4.4582,0.5188,190,210,0,0,1
2879,4.0124,0.3809,190,210,0,0,1
2880,4.1093,0.3869,190,210,0,0,1
2881,4.1864,0.5132,190,210,0,0,1
2882,4.0737,0.3647,190,210,0,0,1
2883,4.2225,0.3461,190,210,0,0,1
2884,4.9443,0.3985,190,210,0,0,1
2885,3.363,0.5215,190,210,0,0,1
2886,4.0966,0.4087,190,210,0,0,1
2887,4.171,0.5004,190,210,0,0,1
2888,4.3275,0.4642,189,210,0,0,1
2889,4.0515,0.3238,189,209,0,1,1
2890,4.2788,0.5405,189,209,0,0,1
2891,4.0743,0.316,188,209,0,0,1
2892,4.1965,0.4295,188,208,0,1,1
2893,4.1653,0.386,188,208,0,0,1
2894,4.0943,0.3762,188,208,0,0,1
2895,4.242,0.3293,188,208,0,0,1
2896,4.1735,0.4007,188,208,0,0,1
2897,4.2317,0.5187,187,208,0,0,1
2898,4.1202,0.4417,186,207,0,1,1
2899,4.0865,0.3615,185,206,0,1,1
2900,4.2689,0.4672,184,205,0,1,1
2901,4.1027,0.3692,184,204,0,1,1
2902,4.1841,0.381,184,204,0,0,1
2903,4.4226,0.3929,184,204,0,0,1
2904,3.9151,0.5173,184,204,0,0,1
2905,4.1638,0.6249,184,204,0,0,1
2906,4.088,0.2934,184,204,0,0,1
2907,4.4421,0.3915,184,204,0,0,1
2908,4.016,0.3107,184,204,0,0,1
2909,4.2316,0.6731,183,204,0,0,1
2910,4.0136,0.5681,183,203,0,1,1
2911,4.1393,0.4038,183,203,0,0,1
2912,4.2401,0.3464,183,203,0,0,1
2913,4.0753,0.3898,183,203,0,0,1
2914,4.2716,0.3123,183,203,0,0,1
2915,4.1084,0.518,183,203,0,0,1
2916,4.2117,0.4973,183,203,0,0,1
2917,4.1565,0.4509,183,203,0,0,1
2918,4.126,0.4079,183,203,0,0,1
2919,4.2351,0.4444,183,203,0,0,1
2920,4.1059,0.3478,183,203,0,0,1
2921,4.3185,0.5059,183,203,0,0,1
2922,4.1269,0.5049,183,203,0,0,1
2923,4.0252,0.3676,183,203,0,0,1
2924,4.3016,0.5111,183,203,0,0,1
2925,4.1242,0.4763,183,203,0,0,1
2926,4.1463,0.3984,183,203,0,0,1
2927,4.1361,0.4605,183,203,0,0,1
2928,4.2278,0.6229,183,203,0,0,1
2929,4.1017,0.4045,183,203,0,0,1
2930,4.1659,0.3312,183,203,0,0,1
2931,4.214,0.4249,182,203,0,0,1
2932,4.1179,0.3287,182,202,0,1,1
2933,4.1524,0.5713,182,202,0,0,1
2934,4.2429,0.3348,181,202,0,0,1
2935,4.0926,0.3912,180,201,0,1,1
2936,4.1491,0.4799,180,200,0,1,1
2937,4.1959,0.4233,180,200,0,0,1
2938,4.1495,0.3542,180,200,0,0,1
2939,4.1306,0.4551,180,200,0,0,1
2940,4.2014,0.8939,180,200,0,0,1
2941,4.1555,0.8536,180,200,0,0,1
2942,4.2008,0.7602,180,200,0,0,1
2943,4.1553,0.747,180,200,0,0,1
2944,4.175,0.4025,180,200,0,0,1
2945,4.1569,0.3179,179,200,0,0,1
2946,4.1311,0.5765,179,199,0,1,1
2947,4.167,0.325,179,199,0,0,1
2948,4.1996,0.3948,179,199,0,0,1
2949,4.1963,0.5195,213,233,34,0,1
2950,4.14,0.4498,213,233,0,0,1
2951,4.1847,0.6034,213,233,0,0,1
2952,4.1502,0.5528,213,233,0,0,1
2953,4.146,1.1566,213,233,0,0,1
2954,4.2561,0.6517,213,233,0,0,1
2955,4.1002,0.3375,213,233,0,0,1
2956,4.1514,0.3962,213,233,0,0,1
2957,4.1506,0.3626,212,233,0,0,1
2958,4.1557,0.4032,212,232,0,1,1
2959,4.2182,0.6938,212,232,0,0,1
2960,4.1221,0.5515,212,232,0,0,1
2961,4.3237,0.8011,212,232,0,0,1
2962,4.0406,0.4539,212,232,0,0,1
2963,4.1699,0.3323,212,232,0,0,1
2964,4.237,0.4175,212,232,0,0,1
2965,4.166,0.7059,212,232,0,0,1
2966,4.3142,0.5052,212,232,0,0,1
2967,4.0022,0.6844,212,232,0,0,1
2968,4.1205,0.4343,211,232,0,0,1
2969,4.1634,0.3727,211,231,0,1,1
2970,4.1817,0.4488,211,231,0,0,1
2971,4.1622,0.3963,211,231,0,0,1
2972,4.1519,0.6025,211,231,0,0,1
2973,4.1478,0.4031,211,231,0,0,1
2974,4.2617,0.3793,211,231,0,0,1
2975,4.0782,0.7802,210,231,0,0,1
2976,4.1842,1.0243,210,230,0,1,1
2977,4.1054,0.4549,210,230,0,0,1
2978,4.2489,0.4377,210,230,0,0,1
2979,4.1686,0.3959,210,230,0,0,1
2980,4.1446,0.3575,210,230,0,0,1
2981,4.201,0.4575,210,230,0,0,1
2982,4.1256,0.4028,209,230,0,0,1
2983,4.1761,0.4422,209,229,0,1,1
2984,4.3551,0.4682,209,229,0,0,1
2985,3.9759,0.3758,209,229,0,0,1
2986,4.2147,0.473,209,229,0,0,1
2987,4.0739,0.4458,209,229,0,0,1
2988,4.249,0.3412,209,229,0,0,1
2989,4.1726,0.7021,209,229,0,0,1
2990,4.1446,0.5114,209,229,0,0,1
2991,4.2282,0.5575,209,229,0,0,1
2992,4.0582,0.4766,209,229,0,0,1
2993,4.2621,0.4608,208,229,0,0,1
2994,4.1761,0.4818,208,228,0,1,1
2995,4.0513,0.4446,208,228,0,0,1
2996,4.2681,0.5645,208,228,0,0,1
2997,4.1714,0.471,208,228,0,0,1
2998,4.1861,0.4146,208,228,0,0,1
2999,4.7127,0.3839,208,228,0,0,1
3000,3.5931,0.5741,208,228,0,0,1
3001,4.1225,0.385,208,228,0,0,1
3002,4.1543,0.4182,208,228,0,0,1
3003,4.1866,0.5707,208,228,0,0,1
3004,4.1189,0.3261,208,228,0,0,1
3005,4.1863,0.6316,208,228,0,0,1
3006,4.2296,0.4385,208,228,0,0,1
3007,4.1056,0.4741,208,228,0,0,1
3008,4.2413,0.5232,208,228,0,0,1
3009,4.1501,0.372,208,228,0,0,1
3010,4.1567,0.5838,208,228,0,0,1
3011,4.117,0.6884,208,228,0,0,1
3012,4.1663,0.3965,208,228,0,0,1
3013,4.1949,0.4637,206,228,0,0,1
3014,4.1726,0.4005,206,226,0,2,1
3015,4.3849,0.3961,206,226,0,0,1
3016,3.9738,0.6713,206,226,0,0,1
3017,4.1985,0.4699,206,226,0,0,1
3018,4.0997,0.4181,206,226,0,0,1
3019,4.1364,0.3112,206,226,0,0,1
3020,4.2004,0.3996,205,226,0,0,1
3021,4.1899,0.3823,205,225,0,1,1
3022,4.2271,0.6732,205,225,0,0,1
3023,4.2008,0.4011,205,225,0,0,1
3024,4.1093,0.4441,205,225,0,0,1
3025,4.1428,0.4995,205,225,0,0,1
3026,4.0905,0.3074,205,225,0,0,1
3027,4.2164,0.4301,205,225,0,0,1
3028,4.3416,0.3117,205,225,0,0,1
3029,4.3506,0.4907,205,225,0,0,1
3030,3.8559,0.4045,205,225,0,0,1
3031,4.0543,0.3632,205,225,0,0,1
3032,4.2271,0.422,205,225,0,0,1
3033,4.218,0.5474,239,259,34,0,1
3034,4.1494,0.6069,239,259,0,0,1
3035,4.1672,0.4513,239,259,0,0,1
3036,4.1544,0.3635,238,259,0,0,1
3037,4.2461,0.5802,238,258,0,1,1
3038,4.1149,0.4084,238,258,0,0,1
3039,4.1742,0.3772,238,258,0,0,1
3040,4.142,0.57,237,258,0,0,1
3041,4.2013,0.7012,237,257,0,1,1
3042,4.1566,0.3757,237,257,0,0,1
3043,4.0789,0.5928,237,257,0,0,1
3044,4.2438,0.3905,237,257,0,0,1
3045,4.1715,0.4956,230,257,0,0,1
3046,4.1162,0.4716,229,250,0,7,1
3047,4.3182,0.33,229,249,0,1,1
3048,4.1808,0.5681,229,249,0,0,1
3049,4.0492,0.4468,229,249,0,0,1
3050,4.1117,0.3246,229,249,0,0,1
3051,4.1449,0.4252,228,249,0,0,1
3052,4.3055,0.3367,228,248,0,1,1
3053,4.1273,0.4353,228,248,0,0,1
3054,4.156,0.5028,228,248,0,0,1
3055,4.1024,0.3275,228,248,0,0,1
3056,4.1412,0.462,228,248,0,0,1
3057,4.2397,0.4618,228,248,0,0,1
3058,4.1616,0.3638,228,248,0,0,1
3059,4.1654,0.4854,228,248,0,0,1
3060,4.2024,0.5434,227,248,0,0,1
3061,4.1506,0.7347,227,247,0,1,1
3062,4.1022,0.4275,227,247,0,0,1
3063,4.1533,0.3231,226,247,0,0,1
3064,4.1996,0.4704,226,246,0,1,1
3065,4.1731,0.4349,226,246,0,0,1
3066,4.1646,0.5545,226,246,0,0,1
3067,4.129,0.4136,226,246,0,0,1
3068,4.2365,0.3501,226,246,0,0,1
3069,4.1974,0.5048,226,246,0,0,1
3070,4.1339,0.4396,226,246,0,0,1
3071,4.2529,0.3202,226,246,0,0,1
3072,4.0769,0.6466,226,246,0,0,1
3073,4.4071,0.5538,226,246,0,0,1
3074,3.892,0.3979,226,246,0,0,1
3075,4.1499,0.3704,226,246,0,0,1
3076,4.1936,0.3102,226,246,0,0,1
3077,4.2069,0.5383,226,246,0,0,1
3078,4.2287,0.3725,226,246,0,0,1
3079,4.0068,0.5362,226,246,0,0,1
3080,4.2935,0.443,226,246,0,0,1
3081,4.2947,0.3587,226,246,0,0,1
3082,3.9349,0.3985,226,246,0,0,1
3083,4.232,0.4076,225,246,0,0,1
3084,4.1027,0.5147,224,245,0,1,1
3085,4.2052,0.649,224,244,0,1,1
3086,4.1507,0.3319,224,244,0,0,1
3087,4.1981,0.6635,224,244,0,0,1
3088,4.4899,0.3638,224,244,0,0,1
3089,3.9322,0.4084,224,244,0,0,1
3090,4.0888,0.4229,224,244,0,0,1
3091,4.0976,0.3401,224,244,0,0,1
3092,4.3589,0.5701,224,244,0,0,1
3093,3.9964,0.4306,224,244,0,0,1
3094,4.2194,0.3513,224,244,0,0,1
3095,4.1515,0.4139,222,244,0,0,1
3096,4.1295,0.4548,222,242,0,2,1
3097,4.1961,0.365,221,242,0,0,1
3098,4.1889,0.4159,221,241,0,1,1
3099,4.1909,0.5326,221,241,0,0,1
3100,4.1013,0.4257,221,241,0,0,1
3101,4.225,0.4347,221,241,0,0,1
3102,4.1519,0.3492,221,241,0,0,1
3103,4.1029,0.5922,221,241,0,0,1
3104,4.2504,0.5491,221,241,0,0,1
3105,4.1404,0.4634,220,241,0,0,1
3106,4.1376,0.4176,220,240,0,1,1
3107,4.2009,0.4542,220,240,0,0,1
3108,4.1149,0.3942,220,240,0,0,1
3109,4.182,0.3828,220,240,0,0,1
3110,4.2347,0.3965,220,240,0,0,1
3111,4.0977,0.5458,219,240,0,0,1
3112,4.2184,0.5014,219,239,0,1,1
3113,4.1636,0.4895,219,239,0,0,1
3114,4.1784,0.3633,219,239,0,0,1
3115,4.0755,0.3919,219,239,0,0,1
3116,4.2333,0.5755,219,239,0,0,1
3117,4.1371,0.4297,253,273,34,0,1
3118,4.204,0.4931,253,273,0,0,1
3119,4.1721,0.5398,253,273,0,0,1
3120,4.155,0.4855,253,273,0,0,1
3121,4.1868,0.7604,253,273,0,0,1
3122,4.1061,0.4555,253,273,0,0,1
3123,4.1305,0.3333,253,273,0,0,1
3124,4.2338,0.4788,253,273,0,0,1
3125,4.2569,0.7021,252,273,0,0,1
3126,4.0041,0.3893,251,272,0,1,1
3127,4.1977,0.3456,251,271,0,1,1
3128,4.1923,0.4798,244,271,0,0,1
3129,4.1888,0.3925,244,264,0,7,1
3130,4.1955,0.7131,243,264,0,0,1
3131,4.1105,0.6855,243,263,0,1,1
3132,4.2168,0.4408,243,263,0,0,1
3133,4.1183,0.4229,243,263,0,0,1
3134,4.1917,0.4373,243,263,0,0,1
3135,4.1425,0.5021,243,263,0,0,1
3136,4.4497,0.5254,242,263,0,0,1
3137,3.9523,0.5278,242,262,0,1,1
3138,4.1109,0.3566,242,262,0,0,1
3139,4.1221,0.3355,242,262,0,0,1
3140,4.4352,0.4202,242,262,0,0,1
3141,3.9759,0.3786,242,262,0,0,1
3142,4.21,0.5531,242,262,0,0,1
3143,4.127,0.4135,241,262,0,0,1
3144,4.1668,0.5738,241,261,0,1,1
3145,4.1178,0.8632,240,261,0,0,1
3146,4.1604,0.4247,240,260,0,1,1
3147,4.1794,0.4345,240,260,0,0,1
3148,4.145,0.4173,240,260,0,0,1
3149,4.2096,0.4563,240,260,0,0,1
3150,4.1828,0.3715,240,260,0,0,1
3151,4.0756,0.379,239,260,0,0,1
3152,4.2669,0.4627,239,259,0,1,1
3153,4.1113,0.3499,238,259,0,0,1
3154,4.2378,0.7007,238,258,0,1,1
3155,4.0543,0.5408,238,258,0,0,1
3156,4.1997,0.3183,238,258,0,0,1
3157,4.1401,0.4442,237,258,0,0,1
3158,4.2013,0.3806,237,257,0,1,1
3159,4.2163,0.3572,237,257,0,0,1
3160,4.1586,0.4398,237,257,0,0,1
3161,4.1213,0.3701,236,257,0,0,1
3162,4.1816,0.4502,236,256,0,1,1
3163,4.1336,0.4134,236,256,0,0,1
3164,4.2656,0.3128,236,256,0,0,1
3165,4.1328,0.4653,236,256,0,0,1
3166,4.1272,0.5075,236,256,0,0,1
3167,4.3203,0.3274,236,256,0,0,1
3168,4.0531,0.4805,236,256,0,0,1
3169,4.2041,0.4737,235,256,0,0,1
3170,4.0839,0.3167,235,255,0,1,1
3171,4.2698,0.4642,235,255,0,0,1
3172,4.0334,0.3415,234,255,0,0,1
3173,4.3661,0.5861,234,254,0,1,1
3174,4.0901,0.5126,233,254,0,0,1
3175,4.0585,0.3815,233,253,0,1,1
3176,4.2375,0.4594,233,253,0,0,1
3177,4.1457,0.5855,233,253,0,0,1
3178,4.1803,0.4678,233,253,0,0,1
3179,4.1476,0.6809,233,253,0,0,1
3180,4.1358,0.3818,233,253,0,0,1
3181,4.2184,0.4321,233,253,0,0,1
3182,4.1194,0.4325,232,253,0,0,1
3183,4.2134,0.4029,232,252,0,1,1
3184,4.181,0.4896,231,252,0,0,1
3185,4.1724,0.6193,230,251,0,1,1
3186,4.1327,0.3404,229,250,0,1,1
3187,4.1165,0.4224,229,249,0,1,1
3188,4.2308,0.4172,229,249,0,0,1
3189,4.1709,0.4179,229,249,0,0,1
3190,4.4371,0.4309,229,249,0,0,1
3191,4.0734,1.1167,229,249,0,0,1
3192,3.944,1.1229,229,249,0,0,1
3193,4.2142,0.9799,229,249,0,0,1
3194,4.1303,0.645,229,249,0,0,1
3195,4.4108,0.5606,229,249,0,0,1
3196,3.9962,0.4044,229,249,0,0,1
3197,4.188,0.3587,228,249,0,0,1
3198,4.0759,0.4901,228,248,0,1,1
3199,4.1119,0.6304,227,248,0,0,1
3200,4.2366,0.5498,226,247,0,1,1
3201,4.1364,0.5084,260,280,34,1,1
3202,4.2199,0.6108,260,280,0,0,1
3203,4.138,0.5522,260,280,0,0,1
3204,4.2049,1.1267,260,280,0,0,1
3205,4.2311,0.8569,260,280,0,0,1
3206,4.035,0.538,258,280,0,0,1
3207,4.1724,0.6872,258,278,0,2,1
3208,4.1702,0.4066,258,278,0,0,1
3209,4.2371,0.4508,258,278,0,0,1
3210,4.0185,0.6543,258,278,0,0,1
3211,4.1876,0.6668,257,278,0,0,1
3212,4.2357,0.5981,250,277,0,1,1
3213,4.1726,0.41,250,270,0,7,1
3214,4.2092,0.5214,250,270,0,0,1
3215,4.0545,0.3778,250,270,0,0,1
3216,4.2017,0.3755,250,270,0,0,1
3217,4.217,0.6007,250,270,0,0,1
3218,4.1091,0.4378,250,270,0,0,1
3219,4.1405,0.3767,250,270,0,0,1
3220,4.2105,0.3304,250,270,0,0,1
3221,4.5156,0.4894,250,270,0,0,1
3222,3.8513,0.5039,250,270,0,0,1
3223,4.1027,0.3944,250,270,0,0,1
3224,4.3644,0.3465,250,270,0,0,1
3225,4.0325,0.5067,250,270,0,0,1
3226,4.1938,0.4858,250,270,0,0,1
3227,4.1899,0.966,2,270,0,0,0
3228,4.0905,1.0998,2,23,0,247,0
3229,4.1548,0.4291,2,23,0,0,0
3230,4.1764,0.3054,2,23,0,0,0
3231,4.1873,0.6514,2,23,0,0,0
3232,4.4167,0.3102,2,23,0,0,0
3233,3.9689,0.318,2,23,0,0,0
3234,4.1311,0.2883,2,23,0,0,0
3235,4.1213,0.2792,2,23,0,0,0
3236,4.2575,0.3592,2,23,0,0,0
3237,4.1235,0.2717,2,23,0,0,0
3238,4.1772,0.3201,2,23,0,0,0
3239,4.1399,0.2886,2,23,0,0,0
3240,4.1901,0.3722,2,23,0,0,0
3241,4.1538,0.3163,2,23,0,0,0
3242,4.2397,0.3666,2,23,0,0,0
3243,4.1523,0.4756,2,23,0,0,0
3244,3.9976,0.2532,2,23,0,0,0
3245,4.3167,0.2942,2,23,0,0,0
3246,4.1618,0.2931,2,23,0,0,0
3247,4.0701,0.2388,2,23,0,0,0
3248,4.2096,0.3117,2,23,0,0,0
3249,4.2575,0.2738,2,23,0,0,0
3250,4.1212,0.2867,2,23,0,0,0
3251,4.1141,0.4695,2,23,0,0,0
3252,4.2132,0.3886,2,23,0,0,0
3253,4.1911,0.2967,2,23,0,0,0
3254,4.1024,0.255,2,23,0,0,0
3255,4.3577,0.4624,2,23,0,0,0
3256,3.9197,0.2762,2,23,0,0,0
3257,4.3079,0.458,2,23,0,0,0
3258,4.0314,0.2317,2,23,0,0,0
3259,4.1785,0.2175,2,23,0,0,0
3260,4.3877,0.2485,2,23,0,0,0
3261,3.9757,0.2631,2,23,0,0,0
3262,4.3384,0.3577,2,23,0,0,0
3263,4.0245,0.3018,2,23,0,0,0
3264,4.2298,0.301,2,23,0,0,0
3265,4.1319,0.2678,2,23,0,0,0
3266,4.0936,0.2132,2,23,0,0,0
3267,4.1754,0.2491,2,23,0,0,0
3268,4.1549,0.5673,2,23,0,0,0
3269,4.2632,0.2314,2,23,0,0,0
3270,4.1236,0.2177,2,23,0,0,0
3271,4.1199,0.3787,2,23,0,0,0
3272,4.4861,0.2296,2,23,0,0,0
3273,3.8953,0.1975,2,23,0,0,0
3274,4.2214,0.3501,2,23,0,0,0
3275,4.1821,0.4208,2,23,0,0,0
3276,4.1374,0.2616,2,23,0,0,0
3277,4.1238,0.2167,2,23,0,0,0
3278,4.1829,0.2281,2,23,0,0,0
3279,4.2103,0.3755,2,23,0,0,0
3280,4.1988,0.434,2,23,0,0,0
3281,4.0871,0.2632,2,23,0,0,0
3282,4.0919,0.2094,2,23,0,0,0
3283,4.1614,0.2629,2,23,0,0,0
3284,4.2834,0.2597,2,23,0,0,0
3285,4.1632,0.2416,2,23,0,0,0
3286,4.1325,0.3436,2,23,0,0,0
3287,4.1678,0.2399,2,23,0,0,0
3288,4.1818,0.4142,2,23,0,0,0
3289,4.1553,0.2559,2,23,0,0,0
3290,4.1415,0.2257,2,23,0,0,0
3291,4.1401,0.279,2,23,0,0,0
3292,4.0928,0.1849,2,23,0,0,0
3293,4.3374,0.2246,2,23,0,0,0
3294,4.1735,0.4373,2,23,0,0,0
3295,4.0708,0.3891,2,23,0,0,0
3296,4.2073,0.2163,2,23,0,0,0
3297,4.207,0.269,2,23,0,0,0
3298,4.1628,0.4454,2,23,0,0,0
3299,4.1924,0.431,2,23,0,0,0
3300,4.0667,0.224,2,23,0,0,0
3301,4.1309,0.2075,2,23,0,0,0
3302,4.2439,0.2243,2,23,0,0,0
3303,4.1728,0.3843,2,23,0,0,0
3304,4.1015,0.3052,2,23,0,0,0
3305,4.3529,0.349,2,23,0,0,0
3306,4.1704,0.3101,2,23,0,0,0
3307,3.9878,0.2273,2,23,0,0,0
3308,4.5591,0.3239,2,23,0,0,0
3309,3.8893,0.3156,2,23,0,0,0
3310,4.1479,0.3077,2,23,0,0,0
3311,4.0065,0.2376,2,23,0,0,0
3312,4.3856,0.3636,2,23,0,0,0
3313,4.4717,0.3379,2,23,0,0,0
3314,3.7082,0.2267,2,23,0,0,0
3315,4.1698,0.2155,2,23,0,0,0
3316,4.1358,0.2034,2,23,0,0,0
3317,4.2619,0.233,2,23,0,0,0
3318,4.3217,0.2227,2,23,0,0,0
3319,3.9589,0.216,2,23,0,0,0
3320,4.2282,0.3057,2,23,0,0,0
3321,4.1079,0.2226,2,23,0,0,0
3322,4.2378,0.2552,2,23,0,0,0
3323,4.1228,0.2407,2,23,0,0,0
3324,4.1955,0.4119,2,23,0,0,0
3325,4.4653,0.4577,2,23,0,0,0
3326,3.8564,0.2439,2,23,0,0,0
3327,4.1142,0.3911,2,23,0,0,0
3328,4.2092,0.4343,2,23,0,0,0
3329,4.2711,0.4077,2,23,0,0,0
3330,3.9855,0.2745,2,23,0,0,0
3331,4.1832,0.1968,2,23,0,0,0
3332,4.2588,0.2562,2,23,0,0,0
3333,4.0803,0.1896,2,23,0,0,0
3334,4.261,0.2562,2,23,0,0,0
3335,4.3217,0.2472,2,23,0,0,0
3336,3.9654,0.4369,2,23,0,0,0
3337,4.2623,0.3486,2,23,0,0,0
3338,4.0806,0.2219,2,23,0,0,0
3339,4.0991,0.2307,2,23,0,0,0
3340,4.2006,0.3516,2,23,0,0,0
3341,4.2184,0.2596,2,23,0,0,0
3342,4.083,0.2103,2,23,0,0,0
3343,4.1889,0.248,2,23,0,0,0
3344,4.1973,0.218,2,23,0,0,0
3345,4.1728,0.2245,2,23,0,0,0
3346,4.215,0.2548,2,23,0,0,0
3347,4.157,0.2542,2,23,0,0,0
3348,4.1066,0.3554,2,23,0,0,0
3349,4.3387,0.345,2,23,0,0,0
3350,3.997,0.261,2,23,0,0,0
3351,4.2233,0.4092,2,23,0,0,0
3352,4.1677,0.2897,2,23,0,0,0
3353,4.1657,0.252,2,23,0,0,0
3354,4.1962,0.2596,2,23,0,0,0
3355,4.0356,0.2606,2,23,0,0,0
3356,4.2276,0.3459,2,23,0,0,0
3357,4.1464,0.2437,2,23,0,0,0
3358,4.171,0.226,2,23,0,0,0
3359,4.1612,0.2164,2,23,0,0,0
3360,4.1704,0.2181,2,23,0,0,0
3361,4.1309,0.2234,2,23,0,0,0
3362,4.2008,0.2409,2,23,0,0,0
3363,4.1945,0.2253,2,23,0,0,0
3364,4.1578,0.2607,2,23,0,0,0
3365,4.261,0.401,2,23,0,0,0
3366,4.1121,0.2519,2,23,0,0,0
3367,4.1037,0.2666,2,23,0,0,0
3368,4.2376,0.2692,2,23,0,0,0
3369,4.165,0.2233,2,23,0,0,0
3370,4.2333,0.4305,2,23,0,0,0
3371,4.0431,0.2227,2,23,0,0,0
3372,4.2333,0.2539,2,23,0,0,0
3373,4.1359,0.2303,2,23,0,0,0
3374,4.1084,0.1873,2,23,0,0,0
3375,4.2083,0.3443,2,23,0,0,0
3376,4.2056,0.2563,2,23,0,0,0
3377,4.233,0.3818,2,23,0,0,0
3378,3.9971,0.2069,2,23,0,0,0
3379,4.2074,0.2151,2,23,0,0,0
3380,4.3245,0.2248,2,23,0,0,0
3381,4.0619,0.2462,2,23,0,0,0
3382,4.1843,0.2794,2,23,0,0,0
3383,4.0933,0.1998,2,23,0,0,0
3384,4.2807,0.2569,2,23,0,0,0
3385,4.0287,0.2056,2,23,0,0,0
3386,4.2959,0.3169,2,23,0,0,0
3387,4.1248,0.2145,2,23,0,0,0
3388,4.1673,0.4319,2,23,0,0,0
3389,4.1792,0.2563,2,23,0,0,0
3390,4.1652,0.2544,2,23,0,0,0
3391,4.0998,0.2241,2,23,0,0,0
3392,4.1733,0.352,2,23,0,0,0
3393,4.239,0.2231,2,23,0,0,0
3394,4.2124,0.3397,2,23,0,0,0
3395,4.1105,0.4092,2,23,0,0,0
3396,4.233,0.2354,2,23,0,0,0
3397,4.0311,0.2053,2,23,0,0,0
3398,4.1795,0.2389,2,23,0,0,0
3399,4.2815,0.4199,2,23,0,0,0
3400,4.1909,0.4202,2,23,0,0,0
3401,4.0947,0.4294,2,23,0,0,0
3402,4.0602,0.2036,2,23,0,0,0
3403,4.1886,0.2285,2,23,0,0,0
3404,4.2297,0.2695,2,23,0,0,0
3405,4.1875,0.2304,2,23,0,0,0
3406,4.1701,0.3399,2,23,0,0,0
3407,4.0906,0.2243,2,23,0,0,0
3408,4.2364,0.2529,2,23,0,0,0
3409,4.0708,0.2071,2,23,0,0,0
3410,4.1746,0.1883,2,23,0,0,0
3411,4.2342,0.233,2,23,0,0,0
3412,4.2496,0.4177,2,23,0,0,0
3413,4.0724,0.4059,2,23,0,0,0
3414,4.2499,0.2337,2,23,0,0,0
3415,4.0338,0.2436,2,23,0,0,0
3416,4.2508,0.3029,2,23,0,0,0
3417,4.4848,0.4105,2,23,0,0,0
3418,3.8283,0.4084,2,23,0,0,0
3419,4.151,0.3399,2,23,0,0,0
3420,4.1722,0.4303,2,23,0,0,0
3421,4.1416,0.3003,2,23,0,0,0
3422,4.192,0.2221,2,23,0,0,0
3423,4.1548,0.26,2,23,0,0,0
3424,4.1859,0.3882,2,23,0,0,0
3425,4.1821,0.2441,2,23,0,0,0
3426,4.3636,0.1962,2,23,0,0,0
3427,3.8692,0.2253,2,23,0,0,0
3428,4.2233,0.2018,2,23,0,0,0
3429,4.1676,0.2187,2,23,0,0,0
3430,4.1859,0.3461,2,23,0,0,0
3431,4.1228,0.2466,2,23,0,0,0
3432,4.2257,0.4284,2,23,0,0,0
3433,4.1439,0.2218,2,23,0,0,0
3434,4.1501,0.2226,2,23,0,0,0
3435,4.1541,0.3753,2,23,0,0,0
3436,4.1842,0.3362,2,23,0,0,0
3437,4.2219,0.4093,2,23,0,0,0
3438,4.125,0.3381,2,23,0,0,0
3439,4.1215,0.2042,2,23,0,0,0
3440,4.5956,0.2718,2,23,0,0,0
3441,3.8352,0.2544,2,23,0,0,0
3442,4.1238,0.2068,2,23,0,0,0
3443,4.1241,0.2295,2,23,0,0,0
3444,4.2931,0.4269,2,23,0,0,0
3445,4.1575,0.2782,2,23,0,0,0
3446,4.0751,0.1939,2,23,0,0,0
3447,4.2716,0.3501,2,23,0,0,0
3448,4.1119,0.2526,2,23,0,0,0
3449,4.121,0.2219,2,23,0,0,0
3450,4.1048,0.3446,2,23,0,0,0
3451,4.1956,0.2148,2,23,0,0,0
3452,4.1812,0.2561,2,23,0,0,0
3453,4.1924,0.3299,2,23,0,0,0
3454,4.2031,0.253,2,23,0,0,0
3455,4.0951,0.3665,2,23,0,0,0
3456,4.2294,0.4278,2,23,0,0,0
3457,4.4877,0.342,2,23,0,0,0
3458,3.7959,0.2442,2,23,0,0,0
3459,4.1722,0.2217,2,23,0,0,0
3460,4.1974,0.3365,2,23,0,0,0
3461,4.1752,0.2211,2,23,0,0,0
3462,4.1908,0.2456,2,23,0,0,0
3463,4.064,0.265,2,23,0,0,0
3464,4.2603,0.4193,2,23,0,0,0
3465,4.1015,0.2429,2,23,0,0,0
3466,4.2426,0.2775,2,23,0,0,0
3467,4.1978,0.2903,2,23,0,0,0
3468,4.0655,0.3174,2,23,0,0,0
3469,4.1593,0.344,3,24,1,0,0
3470,4.1737,0.3353,3,24,0,0,0
3471,4.1251,0.2391,3,24,0,0,0
3472,4.1996,0.3508,3,24,0,0,0
3473,4.2347,0.4726,3,24,0,0,0
3474,4.1837,0.3609,3,24,0,0,0
3475,4.0856,0.2162,3,24,0,0,0
3476,4.2256,0.3539,3,24,0,0,0
3477,4.1224,0.2439,3,24,0,0,0
3478,4.1985,0.2499,3,24,0,0,0
3479,4.0894,0.374,3,24,0,0,0
3480,4.2064,0.3404,3,24,0,0,0
3481,4.2055,0.4117,3,24,0,0,0
3482,4.1107,0.1882,3,24,0,0,0
3483,4.1123,0.2185,3,24,0,0,0
3484,4.2368,0.3289,3,24,0,0,0
3485,4.247,0.2553,3,24,0,0,0
3486,4.0594,0.2179,3,24,0,0,0
3487,4.1949,0.2168,3,24,0,0,0
3488,4.1744,0.3622,3,24,0,0,0
3489,4.214,0.2271,3,24,0,0,0
3490,4.1721,0.2808,3,24,0,0,0
3491,4.1119,0.3881,3,24,0,0,0
3492,4.2827,0.2494,3,24,0,0,0
3493,4.0472,0.3175,3,24,0,0,0
3494,4.2204,0.2426,3,24,0,0,0
3495,4.1296,0.3558,3,24,0,0,0
3496,4.1639,0.225,3,24,0,0,0
3497,4.2198,0.2803,3,24,0,0,0
3498,4.121,0.2144,3,24,0,0,0
3499,4.1251,0.2234,3,24,0,0,0
3500,4.2366,0.4128,3,24,0,0,0
3501,4.0905,0.245,3,24,0,0,0
3502,4.2679,0.2807,3,24,0,0,0
3503,4.0505,0.2179,3,24,0,0,0
3504,4.2387,0.2835,3,24,0,0,0
3505,4.1956,0.3011,3,24,0,0,0
3506,4.1126,0.2228,3,24,0,0,0
3507,4.1373,0.4913,3,24,0,0,0
3508,4.1952,0.2202,3,24,0,0,0
3509,4.2272,0.4224,3,24,0,0,0
3510,4.1688,0.3028,3,24,0,0,0
3511,4.0994,0.2677,3,24,0,0,0
3512,4.1497,0.2765,3,24,0,0,0
3513,4.2952,0.4251,3,24,0,0,0
3514,4.1206,0.2309,3,24,0,0,0
3515,4.1116,0.2254,3,24,0,0,0
3516,4.2362,0.2766,3,24,0,0,0
3517,4.1495,0.2779,3,24,0,0,0
3518,4.1403,0.1931,3,24,0,0,0
3519,4.2516,0.4112,3,24,0,0,0
3520,4.1133,0.2841,3,24,0,0,0
3521,4.1568,0.4379,3,24,0,0,0
3522,4.2084,0.2811,3,24,0,0,0
3523,4.0463,0.2546,3,24,0,0,0
3524,4.2356,0.236,3,24,0,0,0
3525,4.1996,0.2229,3,24,0,0,0
3526,4.092,0.2241,3,24,0,0,0
3527,4.1474,0.2241,3,24,0,0,0
3528,4.3254,0.3755,3,24,0,0,0
3529,4.0039,0.2085,3,24,0,0,0
3530,4.2039,0.29,3,24,0,0,0
3531,4.1995,0.2231,3,24,0,0,0
3532,4.2308,0.3553,3,24,0,0,0
3533,4.1402,0.2554,3,24,0,0,0
3534,4.1418,0.268,3,24,0,0,0
3535,4.1172,0.2227,3,24,0,0,0
3536,4.135,0.2146,3,24,0,0,0
3537,4.233,0.2231,3,24,0,0,0
3538,4.2003,0.3426,3,24,0,0,0
3539,4.1613,0.4106,3,24,0,0,0
3540,4.1892,0.4135,3,24,0,0,0
3541,4.0854,0.2266,3,24,0,0,0
3542,4.163,0.2416,3,24,0,0,0
3543,4.184,0.2922,3,24,0,0,0
3544,4.2992,0.3764,3,24,0,0,0
3545,4.2018,0.3529,3,24,0,0,0
3546,4.0359,0.256,3,24,0,0,0
3547,4.0969,0.224,3,24,0,0,0
3548,4.5082,0.2235,3,24,0,0,0
3549,3.9429,0.2647,3,24,0,0,0
3550,4.1323,0.2265,3,24,0,0,0
3551,4.0637,0.2343,3,24,0,0,0
3552,4.2644,0.5626,3,24,0,0,0
3553,4.4499,0.3538,3,24,0,0,0
3554,3.7987,0.2234,3,24,0,0,0
3555,4.1602,0.2271,3,24,0,0,0
3556,4.4331,0.2302,3,24,0,0,0
3557,4.0754,0.239,3,24,0,0,0
3558,4.0054,0.4123,3,24,0,0,0
3559,4.1392,0.2159,3,24,0,0,0
3560,4.2375,0.2441,3,24,0,0,0
3561,4.1523,0.2494,3,24,0,0,0
3562,4.39,0.3891,3,24,0,0,0
3563,4.0925,0.2251,3,24,0,0,0
3564,4.0736,0.4213,3,24,0,0,0
3565,4.4267,0.3939,3,24,0,0,0
3566,3.7982,0.201,3,24,0,0,0
3567,4.1747,0.3571,3,24,0,0,0
3568,4.1889,0.2253,3,24,0,0,0
3569,4.2261,0.4135,3,24,0,0,0
3570,4.1934,0.2228,3,24,0,0,0
3571,4.0741,0.2537,3,24,0,0,0
3572,4.6091,0.2618,3,24,0,0,0
3573,4.2227,0.3093,3,24,0,0,0
3574,4.0434,0.3522,3,24,0,0,0
3575,3.9224,0.2216,3,24,0,0,0
3576,4.1023,0.4173,3,24,0,0,0
3577,4.4365,0.3949,3,24,0,0,0
3578,3.7972,0.1867,3,24,0,0,0
3579,4.2287,0.2212,3,24,0,0,0
3580,4.2033,0.4305,3,24,0,0,0
3581,4.1416,0.4116,3,24,0,0,0
3582,4.2371,0.2227,3,24,0,0,0
3583,4.1515,0.2469,3,24,0,0,0
3584,4.9651,0.5874,49,70,46,0,1
3585,3.5264,0.3053,49,69,0,1,1
3586,4.3516,0.3565,49,69,0,0,1
3587,4.1221,0.5531,49,69,0,0,1
3588,3.826,0.5569,49,69,0,0,1
3589,4.2239,0.4423,49,69,0,0,1
3590,4.0938,0.2728,49,69,0,0,1
3591,4.2384,0.2805,49,69,0,0,1
3592,4.1905,0.4149,49,69,0,0,1
3593,4.4227,0.4665,49,69,0,0,1
3594,3.8833,0.276,49,69,0,0,1
3595,4.088,0.2828,49,69,0,0,1
3596,4.1464,0.4339,49,69,0,0,1
3597,4.1602,0.2942,49,69,0,0,1
3598,4.5536,0.466,49,69,0,0,1
3599,3.801,0.2756,49,69,0,0,1
3600,4.1887,0.2904,49,69,0,0,1
3601,4.1872,0.4854,49,69,0,0,1
3602,4.1541,0.2788,49,69,0,0,1
3603,4.1353,0.412,49,69,0,0,1
3604,4.1636,0.4935,49,69,0,0,1
3605,4.2794,0.3283,49,69,0,0,1
3606,4.3033,0.2796,49,69,0,0,1
3607,3.916,0.4304,49,69,0,0,1
3608,4.4942,0.5596,49,69,0,0,1
3609,4.1624,0.3914,49,69,0,0,1
3610,4.0512,0.3825,49,69,0,0,1
3611,3.9601,0.385,49,69,0,0,1
3612,4.1898,0.4059,49,69,0,0,1
3613,4.2173,0.4778,49,69,0,0,1
3614,4.0883,0.2437,49,69,0,0,1
3615,4.2191,0.4323,49,69,0,0,1
3616,4.2343,0.3718,49,69,0,0,1
3617,4.1979,0.4726,49,69,0,0,1
3618,4.0602,0.2729,49,69,0,0,1
3619,4.1151,0.4139,49,69,0,0,1
3620,4.1841,0.2915,49,69,0,0,1
3621,4.2242,0.2822,49,69,0,0,1
3622,4.2038,0.311,49,69,0,0,1
3623,4.0824,0.2857,49,69,0,0,1
3624,4.2375,0.4815,49,69,0,0,1
3625,4.3163,0.3985,49,69,0,0,1
3626,3.9584,0.2569,49,69,0,0,1
3627,4.205,0.2847,49,69,0,0,1
3628,4.183,0.3371,49,69,0,0,1
3629,4.1749,0.3121,49,69,0,0,1
3630,4.148,0.3031,49,69,0,0,1
3631,4.1152,0.3984,49,69,0,0,1
3632,4.1935,0.3352,49,69,0,0,1
3633,4.1891,0.2621,49,69,0,0,1
3634,4.1759,0.325,49,69,0,0,1
3635,4.4433,0.5668,53,119,50,0,1
3636,4.0302,0.5265,53,73,0,46,1
3637,3.9687,0.3832,53,73,0,0,1
3638,4.2203,0.2492,53,73,0,0,1
3639,4.1717,0.57,53,73,0,0,1
3640,4.2238,0.4049,53,73,0,0,1
3641,4.1196,0.3151,53,73,0,0,1
3642,4.0977,0.2757,53,73,0,0,1
3643,4.1296,0.291,53,73,0,0,1
3644,4.2697,0.4513,53,73,0,0,1
3645,4.0807,0.2821,53,73,0,0,1
3646,4.2521,0.3318,53,73,0,0,1
3647,4.0691,0.2939,53,73,0,0,1
3648,4.2868,0.2825,53,73,0,0,1
3649,4.1112,0.332,53,73,0,0,1
3650,4.1407,0.2647,53,73,0,0,1
3651,4.2183,0.2877,53,73,0,0,1
3652,4.3323,0.4822,53,73,0,0,1
3653,3.955,0.2756,53,73,0,0,1
3654,4.2115,0.282,53,73,0,0,1
3655,4.4641,0.3778,53,73,0,0,1
3656,3.9103,0.3694,53,73,0,0,1
3657,4.139,0.4636,53,73,0,0,1
3658,4.2398,0.3842,53,73,0,0,1
3659,4.0927,0.4836,53,73,0,0,1
3660,4.1043,0.5297,53,73,0,0,1
3661,4.2418,0.3113,53,73,0,0,1
3662,4.1452,0.2834,53,73,0,0,1
3663,4.1423,0.3285,53,73,0,0,1
3664,4.3566,0.2874,53,73,0,0,1
3665,3.9815,0.4599,53,73,0,0,1
3666,4.2274,0.3229,53,73,0,0,1
3667,4.0589,0.288,53,73,0,0,1
3668,4.2208,0.2766,53,73,0,0,1
3669,4.2306,0.2954,53,73,0,0,1
3670,4.1588,0.4705,53,73,0,0,1
3671,4.096,0.3254,53,73,0,0,1
3672,4.2173,0.5512,53,73,0,0,1
3673,4.1306,0.2898,53,73,0,0,1
3674,4.1927,0.247,53,73,0,0,1
3675,4.4186,0.2886,53,73,0,0,1
3676,3.8604,0.2776,53,73,0,0,1
3677,4.4824,0.3646,53,73,0,0,1
3678,3.8623,0.2973,53,73,0,0,1
3679,4.1457,0.4508,53,73,0,0,1
3680,4.2321,0.38,53,73,0,0,1
3681,4.2434,0.2863,53,73,0,0,1
3682,4.0925,0.2736,53,73,0,0,1
3683,4.1558,0.2828,53,73,0,0,1
3684,4.1936,0.2676,53,73,0,0,1
3685,4.0487,0.276,53,73,0,0,1
3686,4.2304,0.2977,53,73,0,0,1
3687,4.1838,0.3584,53,73,0,0,1
3688,4.1949,0.4737,53,73,0,0,1
3689,4.1992,0.4706,53,73,0,0,1
3690,4.0775,0.2855,53,73,0,0,1
3691,4.1442,0.2886,53,73,0,0,1
3692,4.5477,0.4156,53,73,0,0,1
3693,3.8755,0.3089,53,73,0,0,1
3694,4.1626,0.4054,53,73,0,0,1
3695,4.1346,0.4843,53,73,0,0,1
3696,4.1459,0.3177,53,73,0,0,1
3697,4.1734,0.2756,53,73,0,0,1
3698,4.1263,0.2558,53,73,0,0,1
3699,4.2017,0.2967,53,73,0,0,1
3700,4.1513,0.2901,53,73,0,0,1
3701,4.1654,0.2871,53,73,0,0,1
3702,4.286,0.6177,103,123,50,0,1
3703,4.0504,0.3088,103,123,0,0,1
3704,4.5291,0.4892,103,123,0,0,1
3705,3.8739,0.3074,103,123,0,0,1
3706,4.1597,0.6124,103,123,0,0,1
3707,4.1706,0.5329,103,123,0,0,1
3708,4.0913,0.4618,103,123,0,0,1
3709,4.212,0.3473,103,123,0,0,1
3710,4.1585,0.3077,103,123,0,0,1
3711,4.1151,0.4678,103,123,0,0,1
3712,4.2612,0.3532,103,123,0,0,1
3713,4.1975,0.4837,103,123,0,0,1
3714,4.0801,0.3241,103,123,0,0,1
3715,4.1558,0.3294,103,123,0,0,1
3716,4.2105,0.4719,103,123,0,0,1
3717,4.1505,0.3085,103,123,0,0,1
3718,4.2008,0.3598,103,123,0,0,1
3719,4.0624,0.2804,103,123,0,0,1
3720,4.2518,0.499,103,123,0,0,1
3721,4.264,0.4337,103,123,0,0,1
3722,4.0236,0.3178,103,123,0,0,1
3723,4.177,0.319,103,123,0,0,1
3724,4.2024,0.421,103,123,0,0,1
3725,4.364,0.4225,103,123,0,0,1
3726,3.9425,0.4019,103,123,0,0,1
3727,4.1424,0.3299,103,123,0,0,1
3728,4.2487,0.4009,103,123,0,0,1
3729,4.1676,0.4109,103,123,0,0,1
3730,4.1453,0.3737,103,123,0,0,1
3731,4.1466,0.5243,103,123,0,0,1
3732,4.1348,0.4648,103,123,0,0,1
3733,4.1652,0.45,103,123,0,0,1
3734,4.2349,0.3126,103,123,0,0,1
3735,4.1652,0.4657,103,123,0,0,1
3736,4.1764,0.3626,103,123,0,0,1
3737,4.1473,0.3478,103,123,0,0,1
3738,4.1106,0.4476,102,123,0,0,1
3739,4.1424,0.2995,102,122,0,1,1
3740,4.3514,0.4421,102,122,0,0,1
3741,4.0582,0.53,102,122,0,0,1
3742,4.4058,0.4063,102,122,0,0,1
3743,3.8773,0.3296,102,122,0,0,1
3744,4.2345,0.3313,102,122,0,0,1
3745,4.1157,0.3887,102,122,0,0,1
3746,4.3643,0.3594,13,132,10,0,1
3747,4.0046,0.2987,13,33,0,99,1
3748,4.1822,0.3226,13,33,0,0,1
3749,4.1933,0.3512,13,33,0,0,1
3750,4.0617,0.2694,13,33,0,0,1
3751,4.1674,0.2929,13,33,0,0,1
3752,4.259,0.3433,13,33,0,0,1
3753,4.1623,0.4357,13,33,0,0,1
3754,4.5214,0.4484,13,33,0,0,1
3755,3.7309,0.2482,13,33,0,0,1
3756,4.2589,0.4521,13,33,0,0,1
3757,4.1532,0.3875,13,33,0,0,1
3758,4.0736,0.2093,13,33,0,0,1
3759,4.1699,0.3708,13,33,0,0,1
3760,4.2439,0.3443,13,33,0,0,1
3761,4.1433,0.3777,13,33,0,0,1
3762,4.1757,0.3716,13,33,0,0,1
3763,4.0939,0.2964,13,33,0,0,1
3764,4.2471,0.4252,13,33,0,0,1
3765,4.1756,0.2468,13,33,0,0,1
3766,4.0709,0.3718,13,33,0,0,1
3767,4.494,0.3154,13,33,0,0,1
3768,3.8874,0.242,13,33,0,0,1
3769,4.1829,0.2855,13,33,0,0,1
3770,4.1492,0.2588,13,33,0,0,1
3771,4.1248,0.3902,13,33,0,0,1
3772,4.2571,0.2747,13,33,0,0,1
3773,4.1472,0.2411,13,33,0,0,1
3774,4.171,0.2276,13,33,0,0,1
3775,4.1077,0.2657,13,33,0,0,1
3776,4.2317,0.4434,13,33,0,0,1
3777,4.1902,0.2471,13,33,0,0,1
3778,4.1513,0.3032,13,33,0,0,1
3779,4.1501,0.2688,13,33,0,0,1
3780,4.2616,0.3672,13,33,0,0,1
3781,3.9945,0.227,13,33,0,0,1
3782,4.2115,0.2662,13,33,0,0,1
3783,4.4802,0.3947,15,45,12,0,1
3784,4.0171,0.3114,15,35,0,10,1
3785,4.0772,0.5085,15,35,0,0,1
3786,4.1235,0.2352,15,35,0,0,1
3787,4.1209,0.2741,15,35,0,0,1
3788,4.2386,0.2663,15,35,0,0,1
3789,4.2054,0.2637,15,35,0,0,1
3790,4.1267,0.2476,15,35,0,0,1
3791,4.1435,0.4562,15,35,0,0,1
3792,4.2055,0.3016,15,35,0,0,1
3793,4.1285,0.2734,15,35,0,0,1
3794,4.1398,0.2289,15,35,0,0,1
3795,4.1291,0.2401,15,35,0,0,1
3796,4.2764,0.382,15,35,0,0,1
3797,4.1781,0.477,15,35,0,0,1
3798,4.1288,0.2408,15,35,0,0,1
3799,4.1963,0.2596,15,35,0,0,1
3800,4.2797,0.2324,15,35,0,0,1
3801,4.0753,0.2801,15,35,0,0,1
3802,4.0927,0.54,15,35,0,0,1
3803,4.5444,0.332,15,35,0,0,1
3804,3.9026,0.2439,15,35,0,0,1
3805,4.0235,0.2724,15,35,0,0,1
3806,4.177,0.2396,15,35,0,0,1
3807,4.3797,0.4439,15,35,0,0,1
3808,3.9387,0.282,15,35,0,0,1
3809,4.2808,0.4414,15,35,0,0,1
3810,4.0167,0.227,15,35,0,0,1
3811,4.1713,0.2347,15,35,0,0,1
3812,4.229,0.2458,15,35,0,0,1
3813,4.5207,0.323,15,35,0,0,1
3814,3.8539,0.4054,15,35,0,0,1
3815,4.0471,0.4148,15,35,0,0,1
3816,4.5089,0.3494,10,42,7,0,1
3817,3.9888,0.316,10,30,0,12,1
3818,4.1158,0.2716,10,30,0,0,1
3819,4.1233,0.2432,10,30,0,0,1
3820,4.2298,0.2872,10,30,0,0,1
3821,4.1947,0.4395,10,30,0,0,1
3822,4.0473,0.2252,10,30,0,0,1
3823,4.1556,0.2597,10,30,0,0,1
3824,4.5992,0.2573,10,30,0,0,1
3825,3.8842,0.3463,10,30,0,0,1
3826,4.0668,0.2402,10,30,0,0,1
3827,4.1528,0.2481,10,30,0,0,1
3828,4.1662,0.267,10,30,0,0,1
3829,4.1653,0.426,10,30,0,0,1
3830,4.1647,0.2621,10,30,0,0,1
3831,4.1392,0.3598,10,30,0,0,1
3832,4.2658,0.2568,10,30,0,0,1
3833,4.1265,0.3626,10,30,0,0,1
3834,4.2169,0.4397,10,30,0,0,1
3835,4.3851,0.496,10,30,0,0,1
3836,4.4955,0.2804,10,30,0,0,1
3837,3.5223,0.245,10,30,0,0,1
3838,4.5425,0.454,10,30,0,0,1
3839,3.8709,0.2728,10,30,0,0,1
3840,4.2013,0.3662,10,30,0,0,1
3841,4.2127,0.2681,10,30,0,0,1
3842,4.0028,0.206,10,30,0,0,1
3843,4.2195,0.4028,10,30,0,0,1
3844,4.0819,0.2604,10,30,0,0,1
3845,4.2853,0.3633,10,30,0,0,1
3846,4.1566,0.2594,10,30,0,0,1
3847,4.1058,0.263,10,30,0,0,1
3848,4.2957,0.4422,10,30,0,0,1
3849,4.3545,0.4246,15,42,12,0,1
3850,3.9614,0.2982,15,35,0,7,1
3851,4.2822,0.4548,15,35,0,0,1
3852,4.019,0.3781,15,35,0,0,1
3853,4.1227,0.4177,15,35,0,0,1
3854,4.1496,0.2411,15,35,0,0,1
3855,4.1761,0.443,15,35,0,0,1
3856,4.4496,0.2644,15,35,0,0,1
3857,3.864,0.2636,15,35,0,0,1
3858,4.2638,0.2471,15,35,0,0,1
3859,4.1073,0.4435,15,35,0,0,1
3860,4.0721,0.2266,15,35,0,0,1
3861,4.2659,0.2635,15,35,0,0,1
3862,4.1997,0.3021,15,35,0,0,1
3863,4.0759,0.3895,15,35,0,0,1
3864,4.2092,0.3811,15,35,0,0,1
3865,4.1906,0.2487,15,35,0,0,1
3866,4.1194,0.2647,15,35,0,0,1
3867,4.1823,0.2501,15,35,0,0,1
3868,4.2031,0.3088,15,35,0,0,1
3869,4.1057,0.25,15,35,0,0,1
3870,4.2458,0.4615,15,35,0,0,1
3871,4.3761,0.2944,15,35,0,0,1
3872,4.1328,0.3415,15,35,0,0,1
3873,3.9677,0.267,15,35,0,0,1
3874,4.1663,0.2267,15,35,0,0,1
3875,4.1739,0.3653,15,35,0,0,1
3876,4.1561,0.2283,15,35,0,0,1
3877,4.1292,0.3176,15,35,0,0,1
3878,4.168,0.2659,15,35,0,0,1
3879,4.173,0.3945,15,35,0,0,1
3880,4.1961,0.2612,15,35,0,0,1
3881,4.3381,0.3928,24,56,21,0,1
3882,4.0246,0.3208,24,44,0,12,1
3883,4.1448,0.2961,24,44,0,0,1
3884,4.128,0.4084,24,44,0,0,1
3885,4.2068,0.3162,24,44,0,0,1
3886,4.1757,0.3,24,44,0,0,1
3887,4.0935,0.4023,24,44,0,0,1
3888,4.3254,0.451,24,44,0,0,1
3889,4.0618,0.2837,24,44,0,0,1
3890,4.1429,0.2635,24,44,0,0,1
3891,4.1898,0.2606,24,44,0,0,1
3892,4.1961,0.3095,24,44,0,0,1
3893,4.1041,0.2652,24,44,0,0,1
3894,4.2273,0.2769,24,44,0,0,1
3895,4.1225,0.3821,24,44,0,0,1
3896,4.189,0.4512,24,44,0,0,1
3897,4.1612,0.261,24,44,0,0,1
3898,4.2097,0.3006,24,44,0,0,1
3899,4.0854,0.2423,24,44,0,0,1
3900,4.1855,0.2598,24,44,0,0,1
3901,4.1782,0.2646,24,44,0,0,1
3902,4.1766,0.2697,24,44,0,0,1
3903,4.5113,0.3277,24,44,0,0,1
3904,3.8913,0.2995,24,44,0,0,1
3905,4.3886,0.3404,24,44,0,0,1
3906,3.8658,0.2661,24,44,0,0,1
3907,4.151,0.26,24,44,0,0,1
3908,4.1547,0.4188,24,44,0,0,1
3909,4.2209,0.2892,24,44,0,0,1
3910,4.1737,0.2967,24,44,0,0,1
3911,4.1226,0.2214,24,44,0,0,1
3912,4.1795,0.3061,24,44,0,0,1
3913,4.1537,0.3001,24,44,0,0,1
3914,4.1763,0.2711,24,44,0,0,1
3915,4.393,0.4128,29,70,26,0,1
3916,4.1541,0.3569,29,49,0,21,1
3917,3.9371,0.3213,29,49,0,0,1
3918,4.172,0.2612,29,49,0,0,1
3919,4.168,0.3249,29,49,0,0,1
3920,4.1688,0.2661,29,49,0,0,1
3921,4.1869,0.2726,29,49,0,0,1
3922,4.2914,0.3251,29,49,0,0,1
3923,4.0263,0.2678,29,49,0,0,1
3924,4.1979,0.3299,29,49,0,0,1
3925,4.1396,0.2699,29,49,0,0,1
3926,4.156,0.2488,29,49,0,0,1
3927,4.1766,0.472,29,49,0,0,1
3928,4.2953,0.4586,29,49,0,0,1
3929,4.0445,0.2602,29,49,0,0,1
3930,4.2126,0.3008,29,49,0,0,1
3931,4.0822,0.2427,29,49,0,0,1
3932,4.2092,0.2831,29,49,0,0,1
3933,4.1755,0.2592,29,49,0,0,1
3934,4.1952,0.4047,29,49,0,0,1
3935,4.156,0.4678,29,49,0,0,1
3936,4.4911,0.3582,29,49,0,0,1
3937,3.8141,0.2713,29,49,0,0,1
3938,4.1662,0.2738,29,49,0,0,1
3939,4.1735,0.2883,29,49,0,0,1
3940,4.375,0.2616,29,49,0,0,1
3941,4.249,0.3705,29,49,0,0,1
3942,3.8825,0.4505,29,49,0,0,1
3943,4.1118,0.3293,29,49,0,0,1
3944,4.2758,0.3,29,49,0,0,1
3945,4.1562,0.3485,29,49,0,0,1
3946,4.1631,0.4149,29,49,0,0,1
3947,4.1589,0.269,29,49,0,0,1
3948,4.1558,0.4544,29,49,0,0,1
3949,4.0872,0.2641,29,49,0,0,1
3950,4.1764,0.5084,29,49,0,0,1
3951,4.4635,0.5178,33,79,30,0,1
3952,3.9896,0.2979,33,53,0,26,1
3953,4.0703,0.3138,33,53,0,0,1
3954,4.2272,0.314,33,53,0,0,1
3955,4.1053,0.3408,33,53,0,0,1
3956,4.5658,0.4717,33,53,0,0,1
3957,3.833,0.3697,33,53,0,0,1
3958,4.2381,0.2831,33,53,0,0,1
3959,4.0752,0.2441,33,53,0,0,1
3960,4.1736,0.4591,33,53,0,0,1
3961,4.077,0.265,33,53,0,0,1
3962,4.2184,0.2821,33,53,0,0,1
3963,4.1473,0.2707,33,53,0,0,1
3964,4.2483,0.2894,33,53,0,0,1
3965,4.1254,0.4512,33,53,0,0,1
3966,4.2555,0.3484,33,53,0,0,1
3967,4.0356,0.2806,33,53,0,0,1
3968,4.1821,0.2755,33,53,0,0,1
3969,4.5753,0.3712,33,53,0,0,1
3970,3.8673,0.4101,33,53,0,0,1
3971,4.2143,0.2471,33,53,0,0,1
3972,4.1027,0.389,33,53,0,0,1
3973,4.1287,0.272,33,53,0,0,1
3974,4.1338,0.2647,33,53,0,0,1
3975,4.119,0.4309,33,53,0,0,1
3976,4.2558,0.2957,33,53,0,0,1
3977,4.4377,0.4555,33,53,0,0,1
3978,3.8164,0.3623,33,53,0,0,1
3979,4.168,0.2716,33,53,0,0,1
3980,4.212,0.2224,33,53,0,0,1
3981,4.1653,0.3062,33,53,0,0,1
3982,4.1719,0.261,33,53,0,0,1
3983,4.1001,0.4313,33,53,0,0,1
3984,4.2639,0.4713,33,53,0,0,1
3985,4.2411,0.3747,33,53,0,0,1
3986,4.0268,0.2763,33,53,0,0,1
3987,4.1563,0.23,33,53,0,0,1
3988,4.2241,0.3202,33,53,0,0,1
3989,4.3826,0.4384,37,87,34,0,1
3990,4.248,0.3022,37,57,0,30,1
3991,3.9335,0.3335,37,57,0,0,1
3992,4.5432,0.3571,37,57,0,0,1
3993,3.7581,0.3196,37,57,0,0,1
3994,4.0469,0.238,37,57,0,0,1
3995,4.2126,0.3782,37,57,0,0,1
3996,4.2515,0.2784,37,57,0,0,1
3997,4.1478,0.2784,37,57,0,0,1
3998,4.0775,0.2352,37,57,0,0,1
3999,4.2368,0.4201,37,57,0,0,1
4000,4.2036,0.2733,37,57,0,0,1
4001,4.1474,0.4171,37,57,0,0,1
4002,4.122,0.3243,37,57,0,0,1
4003,4.1365,0.4203,37,57,0,0,1
4004,4.2719,0.3749,37,57,0,0,1
4005,4.0784,0.2796,37,57,0,0,1
4006,4.2273,0.3043,37,57,0,0,1
4007,4.1682,0.6138,37,57,0,0,1
4008,4.3937,0.4033,37,57,0,0,1
4009,3.9251,0.4377,37,57,0,0,1
4010,4.1163,0.2799,37,57,0,0,1
4011,4.1884,0.4518,37,57,0,0,1
4012,4.2036,0.306,37,57,0,0,1
4013,4.1511,0.2489,37,57,0,0,1
4014,4.1267,0.3114,37,57,0,0,1
4015,4.1546,0.4306,37,57,0,0,1
4016,4.2223,0.3975,37,57,0,0,1
4017,4.1702,0.3783,37,57,0,0,1
4018,4.1049,0.2633,37,57,0,0,1
4019,4.1878,0.2692,37,57,0,0,1
4020,4.1647,0.2763,37,57,0,0,1
4021,4.1216,0.2722,37,57,0,0,1
4022,4.2113,0.2735,37,57,0,0,1
4023,4.3116,0.449,37,57,0,0,1
4024,4.0361,0.3003,37,57,0,0,1
4025,4.2181,0.4396,37,57,0,0,1
4026,4.1133,0.2444,37,57,0,0,1
4027,4.1347,0.3513,37,57,0,0,1
4028,4.2128,0.3727,37,57,0,0,1
4029,4.1193,0.28,37,57,0,0,1
4030,4.2393,0.3169,37,57,0,0,1
4031,4.0871,0.4122,37,57,0,0,1
4032,4.2362,0.2753,37,57,0,0,1
4033,4.2051,0.3047,37,57,0,0,1
4034,4.0628,0.2477,37,57,0,0,1
4035,4.2377,0.2667,37,57,0,0,1
4036,4.1954,0.2687,37,57,0,0,1
4037,4.1563,0.2831,37,57,0,0,1
4038,4.1196,0.4144,37,57,0,0,1
4039,4.3393,0.385,37,57,0,0,1
4040,4.0132,0.2506,37,57,0,0,1
4041,4.1315,0.2883,37,57,0,0,1
4042,4.1924,0.4599,37,57,0,0,1
4043,4.1788,0.4583,37,57,0,0,1
4044,4.4616,0.2675,37,57,0,0,1
4045,3.9035,0.313,37,57,0,0,1
4046,4.0832,0.2385,37,57,0,0,1
4047,4.3478,0.4031,37,57,0,0,1
4048,4.0366,0.2844,37,57,0,0,1
4049,4.4249,0.3652,37,57,0,0,1
4050,3.9576,0.3162,37,57,0,0,1
4051,4.0597,0.2434,37,57,0,0,1
4052,4.1905,0.3174,37,57,0,0,1
4053,4.2188,0.2912,37,57,0,0,1
4054,4.2074,0.381,37,57,0,0,1
4055,4.502,0.531,49,103,46,0,1
4056,4.3017,0.3893,49,69,0,34,1
4057,3.6189,0.4106,49,69,0,0,1
4058,4.1303,0.2462,49,69,0,0,1
4059,4.2346,0.3793,49,69,0,0,1
4060,4.2243,0.3896,49,69,0,0,1
4061,4.1742,0.3269,49,69,0,0,1
4062,4.1152,0.3128,49,69,0,0,1
4063,4.1005,0.2693,49,69,0,0,1
4064,4.2207,0.2856,49,69,0,0,1
4065,4.129,0.3074,49,69,0,0,1
4066,4.2614,0.4717,49,69,0,0,1
4067,4.1088,0.4796,49,69,0,0,1
4068,4.1945,0.3109,49,69,0,0,1
4069,4.1581,0.3084,49,69,0,0,1
4070,4.1098,0.2813,49,69,0,0,1
4071,4.1292,0.3471,49,69,0,0,1
4072,4.2667,0.2696,49,69,0,0,1
4073,4.4405,0.3358,49,69,0,0,1
4074,4.1516,0.5035,49,69,0,0,1
4075,3.8393,0.3041,49,69,0,0,1
4076,4.5322,0.4197,49,69,0,0,1
4077,4.0718,0.2699,49,69,0,0,1
4078,3.9841,0.2753,49,69,0,0,1
4079,4.0543,0.4493,49,69,0,0,1
4080,4.2154,0.2815,49,69,0,0,1
4081,4.2407,0.3103,49,69,0,0,1
4082,4.0713,0.281,49,69,0,0,1
4083,4.1576,0.2864,49,69,0,0,1
4084,4.2144,0.2916,49,69,0,0,1
4085,4.2202,0.6968,49,69,0,0,1
4086,4.2663,0.5567,49,69,0,0,1
4087,3.9641,0.2969,49,69,0,0,1
4088,4.4357,0.2893,49,69,0,0,1
4089,3.9449,0.307,49,69,0,0,1
4090,4.1897,0.3385,49,69,0,0,1
4091,4.2825,0.2522,49,69,0,0,1
4092,4.0452,0.4698,49,69,0,0,1
4093,4.4068,0.3751,49,69,0,0,1
4094,3.9047,0.2837,49,69,0,0,1
4095,4.1221,0.4289,49,69,0,0,1
4096,4.4342,0.2849,49,69,0,0,1
4097,3.9333,0.4743,49,69,0,0,1
4098,4.1605,0.3743,49,69,0,0,1
4099,4.1372,0.2748,49,69,0,0,1
4100,4.243,0.3144,49,69,0,0,1
4101,4.1229,0.3073,49,69,0,0,1
4102,4.1842,0.465,49,69,0,0,1
4103,4.0534,0.3049,49,69,0,0,1
4104,4.3197,0.4721,49,69,0,0,1
4105,4.1707,0.3078,49,69,0,0,1
4106,4.1491,0.2736,49,69,0,0,1
4107,4.0977,0.2854,49,69,0,0,1
4108,4.2471,0.307,49,69,0,0,1
4109,4.1694,0.3819,49,69,0,0,1
4110,4.0408,0.405,49,69,0,0,1
4111,4.2647,0.4807,49,69,0,0,1
4112,4.4089,0.2452,49,69,0,0,1
4113,3.9077,0.4403,49,69,0,0,1
4114,4.5689,0.359,49,69,0,0,1
4115,3.7903,0.3719,49,69,0,0,1
4116,4.165,0.4658,49,69,0,0,1
4117,4.3043,0.2719,49,69,0,0,1
4118,3.9609,0.245,49,69,0,0,1
4119,4.2598,0.4776,49,69,0,0,1
4120,4.157,0.3075,49,69,0,0,1
4121,4.1431,0.2743,49,69,0,0,1
4122,4.168,0.342,49,69,0,0,1
4123,4.151,0.2746,49,69,0,0,1
4124,4.1958,0.3198,49,69,0,0,1
4125,4.1141,0.3606,49,69,0,0,1
4126,4.2285,0.3118,49,69,0,0,1
4127,4.102,0.2853,49,69,0,0,1
4128,4.1752,0.4243,49,69,0,0,1
4129,4.1278,0.3728,49,69,0,0,1
4130,4.2038,0.2741,49,69,0,0,1
4131,4.1845,0.4274,83,103,34,0,1
4132,4.2267,0.349,83,103,0,0,1
4133,4.1521,0.3798,83,103,0,0,1
4134,4.1889,0.4096,83,103,0,0,1
4135,4.0806,0.3931,83,103,0,0,1
4136,4.4008,0.299,83,103,0,0,1
4137,3.9728,0.4082,83,103,0,0,1
4138,4.1318,0.3009,83,103,0,0,1
4139,4.1997,0.4419,83,103,0,0,1
4140,4.1913,0.4575,83,103,0,0,1
4141,4.2821,0.2618,83,103,0,0,1
4142,4.0101,0.3021,83,103,0,0,1
4143,4.1205,0.2808,83,103,0,0,1
4144,4.1655,0.4173,83,103,0,0,1
4145,4.2358,0.5181,83,103,0,0,1
4146,4.1907,0.3016,83,103,0,0,1
4147,4.061,0.3742,83,103,0,0,1
4148,4.2419,0.4155,83,103,0,0,1
4149,4.2188,0.3558,83,103,0,0,1
4150,4.1263,0.3034,83,103,0,0,1
4151,4.1657,0.5126,83,103,0,0,1
4152,4.2045,0.3323,83,103,0,0,1
4153,4.1401,0.3284,83,103,0,0,1
4154,4.1122,0.3063,83,103,0,0,1
4155,4.1919,0.4041,83,103,0,0,1
4156,4.1618,0.3666,83,103,0,0,1
4157,4.2103,0.3355,83,103,0,0,1
4158,4.1402,0.3045,83,103,0,0,1
4159,4.0988,0.2963,83,103,0,0,1
4160,4.3012,0.3067,83,103,0,0,1
4161,4.1921,0.3149,83,103,0,0,1
4162,4.4016,0.3549,83,103,0,0,1
4163,3.8354,0.4784,83,103,0,0,1
4164,4.1663,0.3026,82,103,0,0,1
4165,4.2827,0.2838,82,102,0,1,1
4166,4.0251,0.3047,82,102,0,0,1
4167,4.2049,0.5147,82,102,0,0,1
4168,4.2076,0.3527,82,102,0,0,1
4169,4.4828,0.3724,82,102,0,0,1
4170,4.1003,0.3601,82,102,0,0,1
4171,3.868,0.3186,82,102,0,0,1
4172,4.3855,0.5493,82,102,0,0,1
4173,3.9928,0.3139,82,102,0,0,1
4174,4.1711,0.458,82,102,0,0,1
4175,4.1579,0.5262,81,102,0,0,1
4176,4.1842,0.3431,81,101,0,1,1
4177,4.158,0.3327,81,101,0,0,1
4178,4.0754,0.2252,81,101,0,0,1
4179,4.2241,0.5061,81,101,0,0,1
4180,4.1679,0.4201,81,101,0,0,1
4181,4.1967,0.3501,81,101,0,0,1
4182,4.1552,0.4656,81,101,0,0,1
4183,4.1113,0.307,81,101,0,0,1
4184,4.2222,0.3547,81,101,0,0,1
4185,4.1887,0.5166,81,101,0,0,1
4186,4.1737,0.4148,81,101,0,0,1
4187,4.1908,0.5126,81,101,0,0,1
4188,4.1278,0.3357,80,101,0,0,1
4189,4.1494,0.2966,80,100,0,1,1
4190,4.1153,0.293,80,100,0,0,1
4191,4.1561,0.4553,80,100,0,0,1
4192,4.2108,0.2954,80,100,0,0,1
4193,4.1816,0.297,80,100,0,0,1
4194,4.1523,0.303,80,100,0,0,1
4195,4.0969,0.2839,80,100,0,0,1
4196,4.2356,0.2924,80,100,0,0,1
4197,4.1862,0.2506,80,100,0,0,1
4198,4.2009,0.4927,80,100,0,0,1
4199,4.1158,0.5202,80,100,0,0,1
4200,4.186,0.6684,80,100,0,0,1
4201,4.1863,0.3069,80,100,0,0,1
4202,4.0626,0.2975,80,100,0,0,1
4203,4.2048,0.5025,80,100,0,0,1
4204,4.4052,0.3049,80,100,0,0,1
4205,4.1985,0.4092,80,100,0,0,1
4206,3.8919,0.3302,80,100,0,0,1
4207,4.1566,0.3117,80,100,0,0,1
4208,4.2475,0.5579,126,146,46,0,1
4209,4.1142,0.2902,126,146,0,0,1
4210,4.1895,0.3807,126,146,0,0,1
4211,4.2182,0.4572,126,146,0,0,1
4212,4.1227,0.4486,126,146,0,0,1
4213,4.1853,0.3212,126,146,0,0,1
4214,4.1086,0.3013,126,146,0,0,1
4215,4.2284,0.4958,126,146,0,0,1
4216,4.1589,0.3499,126,146,0,0,1
4217,4.1534,0.4841,126,146,0,0,1
4218,4.283,0.4662,126,146,0,0,1
4219,3.9918,0.2905,126,146,0,0,1
4220,4.1974,0.3584,126,146,0,0,1
4221,4.1596,0.3293,126,146,0,0,1
4222,4.2112,0.3813,126,146,0,0,1
4223,4.1472,0.3729,126,146,0,0,1
4224,4.3087,0.5136,126,146,0,0,1
4225,4.4021,0.4364,126,146,0,0,1
4226,3.784,0.3344,126,146,0,0,1
4227,4.1719,0.4092,126,146,0,0,1
4228,4.1702,0.4115,126,146,0,0,1
4229,4.188,0.4918,126,146,0,0,1
4230,4.142,0.2835,126,146,0,0,1
4231,4.097,0.3838,126,146,0,0,1
4232,4.7774,0.3729,126,146,0,0,1
4233,3.6557,0.421,126,146,0,0,1
4234,4.1866,0.3634,126,146,0,0,1
4235,4.0552,0.499,126,146,0,0,1
4236,4.2076,0.5381,126,146,0,0,1
4237,4.2337,0.3114,126,146,0,0,1
4238,4.0862,0.2725,126,146,0,0,1
4239,4.1625,0.5013,126,146,0,0,1
4240,4.2183,0.3809,126,146,0,0,1
4241,4.2212,0.3102,126,146,0,0,1
4242,4.2075,0.6317,126,146,0,0,1
4243,3.9898,0.336,126,146,0,0,1
4244,4.1845,0.3599,124,146,0,0,1
4245,4.1911,0.3296,124,144,0,2,1
4246,4.178,0.3471,124,144,0,0,1
4247,4.0869,0.485,124,144,0,0,1
4248,4.2841,0.538,124,144,0,0,1
4249,4.2144,0.4748,124,144,0,0,1
4250,4.1203,0.3338,124,144,0,0,1
4251,4.0825,0.4897,124,144,0,0,1
4252,4.2527,0.3538,124,144,0,0,1
4253,4.1848,0.367,124,144,0,0,1
4254,4.1702,0.3465,124,144,0,0,1
4255,4.0572,0.5021,124,144,0,0,1
4256,4.3175,0.48,124,144,0,0,1
4257,4.1198,0.5139,124,144,0,0,1
4258,4.4311,0.4751,124,144,0,0,1
4259,3.7968,0.4451,124,144,0,0,1
4260,4.2759,0.3,124,144,0,0,1
4261,4.058,0.4673,124,144,0,0,1
4262,4.1743,0.2957,124,144,0,0,1
4263,4.1649,0.5371,124,144,0,0,1
4264,4.2767,0.3861,124,144,0,0,1
4265,4.1184,0.345,124,144,0,0,1
4266,4.1556,0.3022,124,144,0,0,1
4267,4.1346,0.4935,124,144,0,0,1
4268,4.2907,0.4807,124,144,0,0,1
4269,4.0874,0.466,124,144,0,0,1
4270,4.1943,0.3739,122,144,0,0,1
4271,4.1739,0.4078,122,142,0,2,1
4272,4.2344,0.5553,122,142,0,0,1
4273,4.0572,0.4098,122,142,0,0,1
4274,4.125,0.2612,122,142,0,0,1
4275,4.2241,0.3448,122,142,0,0,1
4276,4.1281,0.3323,122,142,0,0,1
4277,4.2334,0.3444,122,142,0,0,1
4278,4.1171,0.3351,122,142,0,0,1
4279,4.2536,0.3534,122,142,0,0,1
4280,4.1923,0.3449,122,142,0,0,1
4281,4.0897,0.3991,122,142,0,0,1
4282,4.2295,0.3278,122,142,0,0,1
4283,4.0422,0.3454,122,142,0,0,1
4284,4.2476,0.4334,122,142,0,0,1
4285,4.1178,0.4474,156,176,34,0,1
4286,4.1865,0.2741,156,176,0,0,1
4287,4.1497,0.5326,156,176,0,0,1
4288,4.1388,0.4997,156,176,0,0,1
4289,4.2353,0.4428,156,176,0,0,1
4290,4.1773,0.4157,156,176,0,0,1
4291,4.0806,0.3732,156,176,0,0,1
4292,4.228,0.4804,156,176,0,0,1
4293,4.1783,0.3845,156,176,0,0,1
4294,4.162,0.5355,156,176,0,0,1
4295,4.1694,0.6237,156,176,0,0,1
4296,4.4284,0.4709,156,176,0,0,1
4297,3.9278,0.4001,156,176,0,0,1
4298,4.0634,0.3211,156,176,0,0,1
4299,4.305,0.508,156,176,0,0,1
4300,4.415,0.5593,156,176,0,0,1
4301,3.8455,0.3602,156,176,0,0,1
4302,4.1149,0.3467,156,176,0,0,1
4303,4.1766,0.3343,156,176,0,0,1
4304,4.3328,0.3521,156,176,0,0,1
4305,4.0754,0.2638,156,176,0,0,1
4306,4.1855,0.4881,156,176,0,0,1
4307,4.1369,0.5981,156,176,0,0,1
4308,4.1105,0.3562,156,176,0,0,1
4309,4.2102,0.3349,156,176,0,0,1
4310,4.416,0.4309,156,176,0,0,1
4311,4.0868,0.4401,156,176,0,0,1
4312,4.098,0.502,156,176,0,0,1
4313,4.1422,0.4252,156,176,0,0,1
4314,4.0824,0.3386,156,176,0,0,1
4315,4.1291,0.3618,156,176,0,0,1
4316,4.2298,0.4106,156,176,0,0,1
4317,4.1918,0.4082,155,176,0,0,1
4318,4.1747,0.4684,155,175,0,1,1
4319,4.0894,0.3082,155,175,0,0,1
4320,4.2093,0.6092,154,175,0,0,1
4321,4.1377,0.3272,154,174,0,1,1
4322,4.1134,0.3394,154,174,0,0,1
4323,4.2551,0.6567,154,174,0,0,1
4324,4.2342,0.3529,154,174,0,0,1
4325,4.1398,0.5623,154,174,0,0,1
4326,4.8265,0.4167,153,174,0,0,1
4327,3.4443,0.3684,153,173,0,1,1
4328,4.3735,0.3507,153,173,0,0,1
4329,3.9177,0.3663,153,173,0,0,1
4330,4.144,0.5688,152,173,0,0,1
4331,4.3181,0.5977,152,172,0,1,1
4332,3.9907,0.3458,151,172,0,0,1
4333,4.1551,0.3072,151,171,0,1,1
4334,4.2162,0.3479,151,171,0,0,1
4335,4.1012,0.3199,151,171,0,0,1
4336,4.4672,0.367,151,171,0,0,1
4337,3.8955,0.3291,151,171,0,0,1
4338,4.4591,0.5422,151,171,0,0,1
4339,3.8617,0.3348,151,171,0,0,1
4340,4.4749,0.4781,151,171,0,0,1
4341,3.9413,0.5744,151,171,0,0,1
4342,4.3814,0.2876,151,171,0,0,1
4343,3.9036,0.3685,151,171,0,0,1
4344,4.3993,0.5997,148,171,0,0,1
4345,3.9695,0.354,148,168,0,3,1
4346,4.1313,0.3444,148,168,0,0,1
4347,4.1422,0.4837,148,168,0,0,1
4348,4.4731,0.3826,148,168,0,0,1
4349,3.9607,0.4965,148,168,0,0,1
4350,4.0699,0.5782,148,168,0,0,1
4351,4.1937,0.3827,148,168,0,0,1
4352,4.4139,0.4984,148,168,0,0,1
4353,3.9225,0.3514,148,168,0,0,1
4354,4.4881,0.4926,148,168,0,0,1
4355,3.8215,0.3515,148,168,0,0,1
4356,4.3897,0.4926,148,168,0,0,1
4357,4.1507,0.3561,148,168,0,0,1
4358,4.0296,0.3323,148,168,0,0,1
4359,4.2232,0.3194,148,168,0,0,1
4360,4.4205,0.3939,148,168,0,0,1
4361,4.142,0.5125,148,168,0,0,1
4362,4.1386,0.8144,194,214,46,0,1
4363,3.9176,0.3626,194,214,0,0,1
4364,4.186,0.47,194,214,0,0,1
4365,4.1204,0.3496,193,214,0,0,1
4366,4.4754,0.7077,193,213,0,1,1
4367,3.87,0.3735,193,213,0,0,1
4368,4.1977,0.5861,193,213,0,0,1
4369,4.2092,0.5354,193,213,0,0,1
4370,4.0169,0.3684,193,213,0,0,1
4371,4.125,0.5413,193,213,0,0,1
4372,4.6223,0.5175,193,213,0,0,1
4373,3.9313,0.6242,193,213,0,0,1
4374,4.1063,0.2987,193,213,0,0,1
4375,4.1878,0.6533,193,213,0,0,1
4376,4.3866,0.3491,193,213,0,0,1
4377,3.8775,0.3723,193,213,0,0,1
4378,4.218,0.3574,193,213,0,0,1
4379,4.1681,0.567,193,213,0,0,1
4380,4.1528,0.5396,193,213,0,0,1
4381,4.1304,0.3433,193,213,0,0,1
4382,4.1673,0.3386,193,213,0,0,1
4383,4.2943,0.6294,191,213,0,0,1
4384,4.1544,0.5325,191,211,0,2,1
4385,4.1673,0.5819,191,211,0,0,1
4386,4.0853,0.7106,191,211,0,0,1
4387,4.1347,0.5952,191,211,0,0,1
4388,4.2358,0.6575,191,211,0,0,1
4389,4.1226,0.4555,191,211,0,0,1
4390,4.2158,0.4299,191,211,0,0,1
4391,4.0853,0.3137,191,211,0,0,1
4392,4.2504,0.5272,191,211,0,0,1
4393,4.1577,0.2976,191,211,0,0,1
4394,4.1187,0.3808,190,211,0,0,1
4395,4.163,0.3072,190,210,0,1,1
4396,4.1864,0.454,190,210,0,0,1
4397,4.1856,0.3479,190,210,0,0,1
4398,4.4794,0.6313,190,210,0,0,1
4399,3.8365,0.547,190,210,0,0,1
4400,4.4425,0.3958,188,210,0,0,1
4401,3.9169,0.3325,188,208,0,2,1
4402,4.4032,0.5072,188,208,0,0,1
4403,3.9039,0.4833,188,208,0,0,1
4404,4.2838,0.5844,188,208,0,0,1
4405,3.9606,0.3076,188,208,0,0,1
4406,4.2202,0.4007,188,208,0,0,1
4407,4.1802,0.5187,188,208,0,0,1
4408,4.4559,0.4813,188,208,0,0,1
4409,4.0077,0.4654,188,208,0,0,1
4410,4.0137,0.3995,188,208,0,0,1
4411,4.1616,0.5037,188,208,0,0,1
4412,4.2282,0.6603,188,208,0,0,1
4413,4.1202,0.4029,187,208,0,0,1
4414,4.2797,0.4635,187,207,0,1,1
4415,4.0337,0.6108,187,207,0,0,1
4416,4.2665,0.3382,187,207,0,0,1
4417,4.1646,0.4747,187,207,0,0,1
4418,4.0699,0.2934,187,207,0,0,1
4419,4.2899,0.3931,187,207,0,0,1
4420,4.1279,0.3527,186,207,0,0,1
4421,4.1031,0.378,186,206,0,1,1
4422,4.2116,0.4633,186,206,0,0,1
4423,4.1368,0.3827,186,206,0,0,1
4424,4.4398,0.5319,185,206,0,0,1
4425,3.8773,0.4229,185,205,0,1,1
4426,4.2806,0.3375,185,205,0,0,1
4427,4.0461,0.4481,185,205,0,0,1
4428,4.1841,0.2961,185,205,0,0,1
4429,4.1589,0.3784,185,205,0,0,1
4430,4.1724,0.3032,185,205,0,0,1
4431,4.1378,0.542,184,205,0,0,1
4432,4.2317,0.3484,183,204,0,1,1
4433,4.1384,0.5583,183,203,0,1,1
4434,4.1893,0.363,183,203,0,0,1
4435,4.1207,0.3783,182,203,0,0,1
4436,4.2889,0.5322,182,202,0,1,1
4437,4.1389,0.4725,181,202,0,0,1
4438,4.2122,0.6091,215,235,34,1,1
4439,4.0784,0.8511,215,235,0,0,1
4440,4.2125,0.6034,215,235,0,0,1
4441,4.081,0.3484,215,235,0,0,1
4442,4.1443,0.4203,215,235,0,0,1
4443,4.2448,0.3559,215,235,0,0,1
4444,4.2087,0.6369,215,235,0,0,1
4445,4.1526,0.6675,215,235,0,0,1
4446,4.0472,0.4252,215,235,0,0,1
4447,4.5122,0.4765,215,235,0,0,1
4448,3.8849,0.3142,215,235,0,0,1
4449,4.247,0.4205,215,235,0,0,1
4450,4.0431,0.508,215,235,0,0,1
4451,4.1984,0.3943,215,235,0,0,1
4452,4.2188,0.4242,215,235,0,0,1
4453,4.0715,0.3349,215,235,0,0,1
4454,4.1817,0.4428,215,235,0,0,1
4455,4.211,0.5758,215,235,0,0,1
4456,4.1778,0.368,215,235,0,0,1
4457,4.4247,0.5533,215,235,0,0,1
4458,3.8596,0.3962,215,235,0,0,1
4459,4.1439,0.3808,215,235,0,0,1
4460,4.2126,0.3154,214,235,0,0,1
4461,4.1622,0.4954,214,234,0,1,1
4462,4.2087,0.555,214,234,0,0,1
4463,4.2087,0.6632,214,234,0,0,1
4464,4.1422,0.4758,214,234,0,0,1
4465,4.0891,0.4638,214,234,0,0,1
4466,4.1845,0.3969,214,234,0,0,1
4467,4.128,0.4745,212,234,0,0,1
4468,4.2214,0.418,212,232,0,2,1
4469,4.2034,0.343,212,232,0,0,1
4470,4.1578,0.7727,211,232,0,0,1
4471,4.1137,0.407,211,231,0,1,1
4472,4.2361,0.3485,210,231,0,0,1
4473,4.1238,0.4726,210,230,0,1,1
4474,4.222,0.4714,210,230,0,0,1
4475,4.0691,0.6076,209,230,0,0,1
4476,4.2459,0.6269,208,229,0,1,1
4477,4.1053,0.413,208,228,0,1,1
4478,4.1795,0.4007,208,228,0,0,1
4479,4.2267,0.4159,208,228,0,0,1
4480,4.1303,0.3874,208,228,0,0,1
4481,4.276,0.5466,207,228,0,0,1
4482,4.1505,0.5499,207,227,0,1,1
4483,4.0348,0.3531,207,227,0,0,1
4484,4.1884,0.3848,207,227,0,0,1
4485,4.1649,0.3474,206,227,0,0,1
4486,4.1866,0.4898,206,226,0,1,1
4487,4.1195,0.5547,206,226,0,0,1
4488,4.192,0.3051,206,226,0,0,1
4489,4.1525,0.4162,206,226,0,0,1
4490,4.1528,0.3049,206,226,0,0,1
4491,4.1546,0.5465,206,226,0,0,1
4492,4.2817,0.364,205,226,0,0,1
4493,4.149,0.5443,205,225,0,1,1
4494,4.2024,0.5602,205,225,0,0,1
4495,4.0729,0.3845,204,225,0,0,1
4496,4.2147,0.3843,203,224,0,1,1
4497,4.1335,0.3855,203,223,0,1,1
4498,4.2158,0.4367,203,223,0,0,1
4499,4.1093,0.3132,203,223,0,0,1
4500,4.1938,0.5945,203,223,0,0,1
4501,4.208,0.3079,203,223,0,0,1
4502,4.0951,0.3926,203,223,0,0,1
4503,4.1423,0.3856,203,223,0,0,1
4504,4.2307,0.473,202,223,0,0,1
4505,4.1769,0.4965,200,222,0,1,1
4506,4.1332,0.4238,199,220,0,2,1
4507,4.1832,0.6724,199,219,0,1,1
4508,4.1444,0.3461,199,219,0,0,1
4509,4.1864,0.3835,199,219,0,0,1
4510,4.5153,0.3227,199,219,0,0,1
4511,3.7653,0.5673,198,219,0,0,1
4512,4.1966,0.4932,198,218,0,1,1
4513,4.2361,0.5211,198,218,0,0,1
4514,4.0952,0.361,198,218,0,0,1
4515,4.1259,0.7077,244,264,46,0,1
4516,4.173,0.4232,244,264,0,0,1
4517,4.3005,0.9351,244,264,0,0,1
4518,4.1375,0.5294,244,264,0,0,1
4519,4.1518,0.9638,244,264,0,0,1
4520,4.2555,0.4035,244,264,0,0,1
4521,4.2829,0.4097,244,264,0,0,1
4522,3.932,0.4428,244,264,0,0,1
4523,4.1084,0.5126,244,264,0,0,1
4524,4.2124,0.5628,244,264,0,0,1
4525,4.1408,0.4077,243,264,0,0,1
4526,4.1518,0.3316,243,263,0,1,1
4527,4.197,0.6755,243,263,0,0,1
4528,4.2431,0.4952,243,263,0,0,1
4529,4.1621,0.3697,243,263,0,0,1
4530,4.1263,0.4812,243,263,0,0,1
4531,4.1687,0.619,243,263,0,0,1
4532,4.2081,0.5831,243,263,0,0,1
4533,4.1042,0.5096,243,263,0,0,1
4534,4.1766,0.4516,242,263,0,0,1
4535,4.0683,0.5387,242,262,0,1,1
4536,4.3132,0.7269,242,262,0,0,1
4537,4.1461,0.5279,242,262,0,0,1
4538,4.0977,0.3337,242,262,0,0,1
4539,4.2466,0.4397,242,262,0,0,1
4540,4.137,0.3462,242,262,0,0,1
4541,4.1599,0.4566,242,262,0,0,1
4542,4.1609,0.4446,242,262,0,0,1
4543,4.1407,0.4987,242,262,0,0,1
4544,4.3802,0.4078,242,262,0,0,1
4545,4.0397,0.474,242,262,0,0,1
4546,4.1339,0.3686,242,262,0,0,1
4547,4.1081,0.6469,242,262,0,0,1
4548,4.5862,0.6049,241,262,0,0,1
4549,3.7565,0.3224,241,261,0,1,1
4550,4.165,0.3936,241,261,0,0,1
4551,4.5769,0.5917,241,261,0,0,1
4552,3.965,0.5586,241,261,0,0,1
4553,4.0649,0.5873,241,261,0,0,1
4554,4.1444,0.4211,241,261,0,0,1
4555,4.0996,0.3403,241,261,0,0,1
4556,4.1462,0.7054,241,261,0,0,1
4557,4.2954,0.5808,241,261,0,0,1
4558,4.1016,0.4793,241,261,0,0,1
4559,4.162,0.7106,240,261,0,0,1
4560,4.2028,0.3981,239,260,0,1,1
4561,4.1306,0.4154,239,259,0,1,1
4562,4.1237,0.3964,238,259,0,0,1
4563,4.127,0.3329,237,258,0,1,1
4564,4.3943,0.7428,237,257,0,1,1
4565,4.0022,0.385,237,257,0,0,1
4566,4.1875,0.3855,237,257,0,0,1
4567,4.1136,0.4418,237,257,0,0,1
4568,4.1319,0.3778,237,257,0,0,1
4569,4.2334,0.4141,237,257,0,0,1
4570,4.2531,0.5771,237,257,0,0,1
4571,4.1095,0.5676,237,257,0,0,1
4572,4.1947,0.4558,237,257,0,0,1
4573,4.1138,0.4335,237,257,0,0,1
4574,4.1463,0.3327,237,257,0,0,1
4575,4.1406,0.6039,237,257,0,0,1
4576,4.2384,0.4077,237,257,0,0,1
4577,4.2744,0.409,237,257,0,0,1
4578,4.0927,0.7188,237,257,0,0,1
4579,4.0708,0.3599,237,257,0,0,1
4580,4.2445,0.4458,237,257,0,0,1
4581,4.1055,0.4781,237,257,0,0,1
4582,4.258,0.5819,237,257,0,0,1
4583,4.1088,0.7526,236,257,0,0,1
4584,4.1361,0.7323,236,256,0,1,1
4585,4.2362,0.36,236,256,0,0,1
4586,4.0728,0.4219,236,256,0,0,1
4587,4.1733,0.4066,236,256,0,0,1
4588,4.2349,0.3433,235,256,0,0,1
4589,4.4515,0.4956,235,255,0,1,1
4590,3.8727,0.4544,235,255,0,0,1
4591,4.0867,0.3675,235,255,0,0,1
4592,4.1549,0.9101,269,289,34,0,1
4593,4.2742,0.4867,269,289,0,0,1
4594,4.316,0.6958,269,289,0,0,1
4595,4.0023,0.6421,269,289,0,0,1
4596,4.1177,0.4714,269,289,0,0,1
4597,4.1538,0.3684,269,289,0,0,1
4598,4.1676,0.3469,269,289,0,0,1
4599,4.2531,0.7222,267,289,0,0,1
4600,4.1051,0.4169,267,287,0,2,1
4601,4.2332,0.5981,267,287,0,0,1
4602,4.2388,0.519,267,287,0,0,1
4603,4.0161,0.5156,266,287,0,0,1
4604,4.1733,0.4064,266,286,0,1,1
4605,4.1706,0.4041,266,286,0,0,1
4606,4.2178,0.597,265,286,0,0,1
4607,4.1528,0.4254,264,285,0,1,1
4608,4.2623,0.6225,264,284,0,1,1
4609,4.0446,0.4748,264,284,0,0,1
4610,4.1311,0.4363,264,284,0,0,1
4611,4.1748,0.3674,264,284,0,0,1
4612,4.2427,0.3937,264,284,0,0,1
4613,4.1596,0.734,264,284,0,0,1
4614,4.4065,0.6009,264,284,0,0,1
4615,3.914,0.5157,264,284,0,0,1
4616,4.152,0.4339,263,284,0,0,1
4617,4.1565,0.4261,263,283,0,1,1
4618,4.1744,0.7618,263,283,0,0,1
4619,4.1465,0.3592,263,283,0,0,1
4620,4.232,0.5673,263,283,0,0,1
4621,4.0464,0.3551,263,283,0,0,1
4622,4.2473,0.3478,263,283,0,0,1
4623,4.1287,0.6258,262,283,0,0,1
4624,4.2625,0.4602,262,282,0,1,1
4625,4.0726,0.5153,261,282,0,0,1
4626,4.2389,0.4585,261,281,0,1,1
4627,4.096,0.4363,261,281,0,0,1
4628,4.2819,0.454,261,281,0,0,1
4629,4.0831,0.4951,260,281,0,0,1
4630,4.1432,0.4349,260,280,0,1,1
4631,4.1475,0.4208,260,280,0,0,1
4632,4.1958,0.3882,260,280,0,0,1
4633,4.4431,0.5435,260,280,0,0,1
4634,3.8855,0.4132,260,280,0,0,1
4635,4.136,0.5155,260,280,0,0,1
4636,4.2158,0.4121,260,280,0,0,1
4637,4.206,0.5062,260,280,0,0,1
4638,4.1619,0.5851,260,280,0,0,1
4639,4.105,0.7944,260,280,0,0,1
4640,4.1014,0.6954,260,280,0,0,1
4641,4.3237,0.5301,260,280,0,0,1
4642,4.1091,0.3384,260,280,0,0,1
4643,4.1481,0.4487,260,280,0,0,1
4644,4.1918,0.4648,260,280,0,0,1
4645,4.1471,0.3568,259,280,0,0,1
4646,4.1517,0.3794,258,279,0,1,1
4647,4.1744,0.6708,258,278,0,1,1
4648,4.2268,0.6169,257,278,0,0,1
4649,4.1719,0.3843,257,277,0,1,1
4650,4.4037,0.6967,257,277,0,0,1
4651,3.9334,0.63,257,277,0,0,1
4652,4.1115,0.344,257,277,0,0,1
4653,4.1844,0.4238,257,277,0,0,1
4654,4.1957,0.4699,250,277,0,0,1
4655,4.097,0.5025,250,270,0,7,1
4656,4.2185,0.6594,250,270,0,0,1
4657,4.1918,0.4319,249,270,0,0,1
4658,4.1098,0.3584,249,269,0,1,1
4659,4.17,0.5705,249,269,0,0,1
4660,4.2205,0.5211,247,269,0,0,1
4661,4.2093,0.4533,247,267,0,2,1
4662,4.356,0.3514,247,267,0,0,1
4663,3.8747,0.4353,247,267,0,0,1
4664,4.1853,0.3586,247,267,0,0,1
4665,4.1987,0.439,247,267,0,0,1
4666,4.178,0.5047,247,267,0,0,1
4667,4.1308,0.5638,246,267,0,0,1
4668,4.2519,0.5339,246,266,0,1,1
4669,4.0093,0.6486,292,312,46,0,1
4670,4.2102,0.4425,292,312,0,0,1
4671,4.3532,0.683,292,312,0,0,1
4672,4.0477,0.4561,292,312,0,0,1
4673,4.1592,0.5494,292,312,0,0,1
4674,4.2464,0.5321,292,312,0,0,1
4675,4.0188,0.4596,292,312,0,0,1
4676,4.1962,0.5701,291,312,0,0,1
4677,4.211,0.4235,290,311,0,1,1
4678,4.1469,0.462,288,310,0,1,1
4679,4.1604,0.7119,288,308,0,2,1
4680,4.4226,0.6154,288,308,0,0,1
4681,3.8521,0.3693,288,308,0,0,1
4682,4.2015,0.4521,288,308,0,0,1
4683,4.1844,0.7341,288,308,0,0,1
4684,4.2085,0.6759,288,308,0,0,1
4685,4.1162,0.3968,288,308,0,0,1
4686,4.4792,0.5379,288,308,0,0,1
4687,3.7974,0.4468,288,308,0,0,1
4688,4.1553,0.597,288,308,0,0,1
4689,4.3023,0.3751,288,308,0,0,1
4690,4.1319,0.4803,288,308,0,0,1
4691,4.1823,0.7065,288,308,0,0,1
4692,4.3917,0.5883,288,308,0,0,1
4693,3.8463,0.3735,288,308,0,0,1
4694,4.1882,0.356,288,308,0,0,1
4695,4.1616,0.665,288,308,0,0,1
4696,4.185,0.4773,288,308,0,0,1
4697,4.2224,0.4581,288,308,0,0,1
4698,4.1705,0.4232,288,308,0,0,1
4699,4.0954,0.3798,288,308,0,0,1
4700,4.2181,0.7066,288,308,0,0,1
4701,4.1272,0.4551,288,308,0,0,1
4702,4.2733,0.6051,287,308,0,0,1
4703,4.1204,0.5633,287,307,0,1,1
4704,4.1953,0.6053,287,307,0,0,1
4705,4.1359,0.4873,287,307,0,0,1
4706,4.0894,0.3461,287,307,0,0,1
4707,4.1668,0.3811,285,307,0,0,1
4708,4.2463,0.4606,285,305,0,2,1
4709,4.1601,0.4858,284,305,0,0,1
4710,4.1468,0.3909,283,304,0,1,1
4711,4.0961,0.3715,283,303,0,1,1
4712,4.2011,0.4926,283,303,0,0,1
4713,4.1743,0.4645,283,303,0,0,1
4714,4.1958,0.5591,282,303,0,0,1
4715,4.1152,0.476,282,302,0,1,1
4716,4.4809,0.4535,281,302,0,0,1
4717,3.8656,0.4336,281,301,0,1,1
4718,4.1609,0.341,280,301,0,0,1
4719,4.2585,0.3796,279,300,0,1,1
4720,4.1561,0.459,279,299,0,1,1
4721,4.3868,0.5479,278,299,0,0,1
4722,3.9047,0.6463,277,298,0,1,1
4723,4.1377,0.3906,277,297,0,1,1
4724,4.4787,0.4789,277,297,0,0,1
4725,3.8651,0.5162,277,297,0,0,1
4726,4.219,0.3579,276,297,0,0,1
4727,4.1694,0.647,276,296,0,1,1
4728,4.3611,0.5327,275,296,0,0,1
4729,3.9553,0.4835,275,295,0,1,1
4730,4.1609,0.3389,268,295,0,0,1
4731,4.115,0.4489,268,288,0,7,1
4732,4.2441,0.4474,268,288,0,0,1
4733,4.2629,0.649,268,288,0,0,1
4734,4.2641,0.6104,268,288,0,0,1
4735,3.9096,0.6077,268,288,0,0,1
4736,4.1663,0.4421,268,288,0,0,1
4737,4.2225,0.43,267,288,0,0,1
4738,4.2188,0.7142,267,287,0,1,1
4739,3.9692,0.3891,266,287,0,0,1
4740,4.2403,0.5146,265,286,0,1,1
4741,4.2288,0.3606,265,285,0,1,1
4742,4.1127,0.4144,265,285,0,0,1
4743,4.1534,0.5093,264,285,0,0,1
4744,4.2543,0.4005,264,284,0,1,1
4745,4.1451,0.724,264,284,0,0,1
4746,4.1297,0.8256,297,318,34,0,1
4747,4.1605,0.4299,296,317,0,1,1
4748,4.2291,0.4531,295,316,0,1,1
4749,4.1324,0.4929,295,315,0,1,1
4750,4.1883,0.5694,295,315,0,0,1
4751,4.1241,0.3819,294,315,0,0,1
4752,4.1993,0.7644,294,314,0,1,1
4753,4.1837,0.4459,294,314,0,0,1
4754,4.0997,0.4617,294,314,0,0,1
4755,4.1603,0.4404,293,314,0,0,1
4756,4.2317,0.6316,293,313,0,1,1
4757,4.0837,0.4913,293,313,0,0,1
4758,4.1631,0.5023,293,313,0,0,1
4759,4.204,0.5156,292,313,0,0,1
4760,4.2254,0.428,291,312,0,1,1
4761,4.106,0.5013,291,311,0,1,1
4762,4.1813,0.3945,291,311,0,0,1
4763,4.5336,0.4715,291,311,0,0,1
4764,4.2009,0.566,291,311,0,0,1
4765,3.7563,0.3809,291,311,0,0,1
4766,4.1508,0.3621,291,311,0,0,1
4767,4.1584,0.6288,291,311,0,0,1
4768,4.2761,0.5141,291,311,0,0,1
4769,4.3357,0.3985,291,311,0,0,1
4770,4.0186,0.579,291,311,0,0,1
4771,4.1982,0.6761,291,311,0,0,1
4772,4.0876,0.5139,290,311,0,0,1
4773,4.1678,0.6748,290,310,0,1,1
4774,4.1773,0.405,290,310,0,0,1
4775,4.1105,0.3767,290,310,0,0,1
4776,4.2308,0.6448,290,310,0,0,1
4777,4.1185,0.4241,290,310,0,0,1
4778,4.1495,0.3781,287,310,0,0,1
4779,4.1997,0.5458,287,307,0,3,1
4780,4.1832,0.5399,287,307,0,0,1
4781,4.1324,0.4824,286,307,0,0,1
4782,4.1958,0.4217,286,306,0,1,1
4783,4.1123,0.3921,285,306,0,0,1
4784,4.1708,0.5053,285,305,0,1,1
4785,4.2005,0.4793,285,305,0,0,1
4786,4.1194,0.4001,285,305,0,0,1
4787,4.2194,0.5561,284,305,0,0,1
4788,4.354,0.5981,283,304,0,1,1
4789,3.9298,0.4491,283,303,0,1,1
4790,4.1816,0.4018,283,303,0,0,1
4791,4.4112,0.5167,283,303,0,0,1
4792,4.0055,0.504,282,303,0,0,1
4793,4.1375,0.4966,282,302,0,1,1
4794,4.1866,0.4876,282,302,0,0,1
4795,4.0685,0.3968,282,302,0,0,1
4796,4.2655,0.6012,282,302,0,0,1
4797,4.0894,0.4411,282,302,0,0,1
4798,4.2244,0.4579,281,302,0,0,1
4799,4.0938,0.5429,281,301,0,1,1
4800,4.2561,0.4938,281,301,0,0,1
4801,4.0988,0.6232,281,301,0,0,1
4802,4.1726,0.3976,281,301,0,0,1
4803,4.2971,0.6507,281,301,0,0,1
4804,4.0479,0.5413,281,301,0,0,1
4805,4.4369,0.5726,281,301,0,0,1
4806,3.8725,0.4008,280,301,0,0,1
4807,4.1826,0.3581,273,300,0,1,1
4808,4.1481,0.6539,273,293,0,7,1
4809,4.2203,0.4734,273,293,0,0,1
4810,4.1272,0.3873,273,293,0,0,1
4811,4.1513,0.5434,273,293,0,0,1
4812,4.1946,0.437,273,293,0,0,1
4813,4.1185,0.443,273,293,0,0,1
4814,4.2198,0.3673,272,293,0,0,1
4815,4.1423,0.5385,272,292,0,1,1
4816,4.1902,0.4471,272,292,0,0,1
4817,4.2538,0.5808,272,292,0,0,1
4818,4.0338,0.3447,272,292,0,0,1
4819,4.1816,0.4623,272,292,0,0,1
4820,4.1807,0.6661,272,292,0,0,1
4821,4.2072,0.383,272,292,0,0,1
4822,4.1718,0.801,317,338,46,0,1
4823,4.1521,0.6763,316,337,0,1,1
4824,4.1428,0.5258,316,336,0,1,1
4825,4.1249,0.4307,316,336,0,0,1
4826,4.2306,0.6452,315,336,0,0,1
4827,4.1669,0.3817,315,335,0,1,1
4828,4.3624,0.578,315,335,0,0,1
4829,4.0098,0.4399,314,335,0,0,1
4830,4.0665,0.4714,314,334,0,1,1
4831,4.207,0.4692,314,334,0,0,1
4832,4.4704,0.4453,314,334,0,0,1
4833,3.8881,0.4031,313,334,0,0,1
4834,4.2756,0.6196,312,333,0,1,1
4835,4.3006,0.5966,312,332,0,1,1
4836,3.8966,0.4576,312,332,0,0,1
4837,4.9519,0.3755,311,332,0,0,1
4838,3.3975,0.379,311,331,0,1,1
4839,4.1912,0.5641,310,331,0,0,1
4840,4.142,0.4207,310,330,0,1,1
4841,4.2156,0.5409,307,330,0,0,1
4842,4.0994,0.4645,307,327,0,3,1
4843,4.1623,0.4156,307,327,0,0,1
4844,4.2362,0.3625,307,327,0,0,1
4845,4.1384,0.3839,307,327,0,0,1
4846,4.1229,0.4693,307,327,0,0,1
4847,4.3967,0.6582,307,327,0,0,1
4848,3.9357,0.3789,307,327,0,0,1
4849,4.1857,0.4545,307,327,0,0,1
4850,4.1714,0.4099,307,327,0,0,1
4851,4.1304,0.5427,306,327,0,0,1
4852,4.1995,0.4647,306,326,0,1,1
4853,4.177,0.403,306,326,0,0,1
4854,4.1388,0.39,306,326,0,0,1
4855,4.2518,0.3829,304,326,0,0,1
4856,4.3869,0.6023,304,324,0,2,1
4857,3.9282,0.5539,303,324,0,0,1
4858,4.1646,0.597,302,323,0,1,1
4859,4.0748,0.3915,302,322,0,1,1
4860,4.2994,0.4643,301,322,0,0,1
4861,4.057,0.4853,301,321,0,1,1
4862,4.1934,0.4373,301,321,0,0,1
4863,4.1519,0.6603,301,321,0,0,1
4864,4.162,0.4415,301,321,0,0,1
4865,4.3027,0.579,301,321,0,0,1
4866,4.1267,0.5366,301,321,0,0,1
4867,4.0805,0.4459,301,321,0,0,1
4868,4.2973,0.5096,301,321,0,0,1
4869,4.0633,0.3917,300,321,0,0,1
4870,4.1997,0.5985,300,320,0,1,1
4871,4.0777,0.4781,300,320,0,0,1
4872,4.2769,0.5963,300,320,0,0,1
4873,4.1402,0.4072,300,320,0,0,1
4874,4.1022,0.3775,300,320,0,0,1
4875,4.4182,0.4566,300,320,0,0,1
4876,3.9866,0.4902,300,320,0,0,1
4877,4.1707,0.6943,299,320,0,0,1
4878,4.2183,0.6235,299,319,0,1,1
4879,4.3435,0.5569,298,319,0,0,1
4880,3.8748,0.4568,297,318,0,1,1
4881,4.2294,0.5594,297,317,0,1,1
4882,4.1593,0.5508,295,317,0,0,1
4883,4.1093,0.4182,295,315,0,2,1
4884,4.3007,0.5833,288,315,0,0,1
4885,4.0353,0.5246,286,308,0,7,1
4886,4.1721,0.4552,286,306,0,2,1
4887,4.094,0.5933,286,306,0,0,1
4888,4.3084,0.4571,286,306,0,0,1
4889,4.3972,0.7263,286,306,0,0,1
4890,3.9104,0.6763,286,306,0,0,1
4891,4.1141,0.3777,286,306,0,0,1
4892,4.2351,0.4068,286,306,0,0,1
4893,4.1111,0.5007,284,306,0,0,1
4894,4.5422,0.4926,284,304,0,2,1
4895,3.7632,0.4491,284,304,0,0,1
4896,4.4044,0.5944,284,304,0,0,1
4897,4.0581,0.4355,283,304,0,0,1
4898,4.0755,0.4659,283,303,0,1,1
4899,4.1786,0.5494,317,337,34,0,1
4900,4.2099,0.5786,317,337,0,0,1
4901,4.1018,0.5376,316,337,0,0,1
4902,4.2147,0.5779,316,336,0,1,1
4903,4.1545,0.6852,316,336,0,0,1
4904,4.1265,0.522,315,336,0,0,1
4905,4.2274,0.4705,315,335,0,1,1
4906,4.2122,0.5255,315,335,0,0,1
4907,4.0474,0.3982,315,335,0,0,1
4908,4.275,0.3889,315,335,0,0,1
4909,4.0715,0.4595,315,335,0,0,1
4910,4.1714,0.4761,314,335,0,0,1
4911,4.1469,0.6457,314,334,0,1,1
4912,4.2043,0.3992,314,334,0,0,1
4913,4.1626,0.3671,314,334,0,0,1
4914,4.2081,0.464,313,334,0,0,1
4915,4.1568,0.7577,313,333,0,1,1
4916,4.2903,0.6001,313,333,0,0,1
4917,4.0115,0.4582,313,333,0,0,1
4918,4.1724,0.4543,313,333,0,0,1
4919,4.4872,0.4543,311,333,0,0,1
4920,3.9392,0.5163,311,331,0,2,1
4921,4.0773,0.6369,311,331,0,0,1
4922,4.1387,0.44,311,331,0,0,1
4923,4.4358,0.4174,310,331,0,0,1
4924,4.0281,0.4348,310,330,0,1,1
4925,4.0731,0.4319,310,330,0,0,1
4926,4.1542,0.4314,309,330,0,0,1
4927,4.2037,0.7269,308,329,0,1,1
4928,4.1844,0.6339,308,328,0,1,1
4929,4.1756,0.3845,308,328,0,0,1
4930,4.1499,0.4402,308,328,0,0,1
4931,4.1201,0.3867,308,328,0,0,1
4932,4.4405,0.4497,307,328,0,0,1
4933,3.871,0.474,307,327,0,1,1
4934,4.1812,0.393,307,327,0,0,1
4935,4.3832,0.6113,307,327,0,0,1
4936,4.0188,0.4285,306,327,0,0,1
4937,4.096,0.6676,306,326,0,1,1
4938,4.1913,0.3811,306,326,0,0,1
4939,4.1418,0.4802,306,326,0,0,1
4940,4.3467,0.4854,305,326,0,0,1
4941,4.0483,0.2958,305,325,0,1,1
4942,4.14,0.3488,303,325,0,0,1
4943,4.0873,0.5596,302,323,0,2,1
4944,4.3089,0.3655,302,322,0,1,1
4945,4.0904,0.3032,301,322,0,0,1
4946,4.1546,0.2845,300,321,0,1,1
4947,4.2195,0.4759,300,320,0,1,1
4948,4.1766,0.4171,299,320,0,0,1
4949,4.167,0.3396,299,319,0,1,1
4950,4.157,0.3305,299,319,0,0,1
4951,4.1046,0.4567,298,319,0,0,1
4952,4.1589,0.3863,297,318,0,1,1
4953,4.4219,0.5918,296,317,0,1,1
4954,3.9914,0.7178,295,316,0,1,1
4955,4.3989,0.5275,294,315,0,1,1
4956,3.9403,0.4978,294,314,0,1,1
4957,4.1014,0.4185,294,314,0,0,1
4958,4.1358,0.3623,294,314,0,0,1
4959,4.1767,0.5201,293,314,0,0,1
4960,4.2073,0.4517,293,313,0,1,1
4961,4.2326,0.6471,293,313,0,0,1
4962,4.1064,0.4364,286,313,0,0,1
4963,4.1174,0.41,285,306,0,7,1
4964,4.2026,0.4499,283,305,0,1,1
4965,4.1541,0.4821,282,303,0,2,1
4966,4.2864,0.3533,281,302,0,1,1
4967,4.0157,0.5439,281,301,0,1,1
4968,4.5794,0.5012,281,301,0,0,1
4969,3.8416,0.4613,280,301,0,0,1
4970,4.1222,0.3717,280,300,0,1,1
4971,4.2382,0.3807,280,300,0,0,1
4972,4.1134,0.4388,280,300,0,0,1
4973,4.244,0.4656,280,300,0,0,1
4974,4.143,0.4039,277,300,0,0,1
4975,4.0748,0.3664,277,297,0,3,1
4976,4.1457,0.6781,323,343,46,0,1
4977,4.2055,0.4588,321,343,0,0,1
4978,4.2358,0.8084,321,341,0,2,1
4979,4.2119,0.7598,321,341,0,0,1
4980,4.0934,0.4521,319,341,0,0,1
4981,4.1049,0.3773,319,339,0,2,1
4982,4.1647,0.4626,318,339,0,0,1
4983,4.2347,0.7508,318,338,0,1,1
4984,4.1561,0.4411,317,338,0,0,1
4985,4.2011,0.6191,316,337,0,1,1
4986,4.1097,0.4308,316,336,0,1,1
4987,4.1287,0.3864,316,336,0,0,1
4988,4.2439,0.5172,316,336,0,0,1
4989,4.182,0.7507,316,336,0,0,1
4990,4.3472,0.7555,316,336,0,0,1
4991,4.0663,0.7552,316,336,0,0,1
4992,4.0616,0.4706,316,336,0,0,1
4993,4.1275,0.4272,315,336,0,0,1
4994,4.1394,0.4525,315,335,0,1,1
4995,4.1494,0.443,315,335,0,0,1
4996,4.2951,0.4473,315,335,0,0,1
4997,4.183,0.6502,315,335,0,0,1
4998,4.1218,0.3873,314,335,0,0,1
4999,4.1892,0.4836,314,334,0,1,1
5000,4.0828,0.4875,314,334,0,0,1
5001,4.1741,0.467,314,334,0,0,1
5002,4.2227,0.5472,313,334,0,0,1
5003,4.0909,0.409,313,333,0,1,1
5004,4.5205,0.5387,312,333,0,0,1
5005,3.859,0.5162,312,332,0,1,1
5006,4.1396,0.4518,312,332,0,0,1
5007,4.1768,0.5604,312,332,0,0,1
5008,4.169,0.4569,311,332,0,0,1
5009,4.2025,0.3725,311,331,0,1,1
5010,4.1099,0.4007,310,331,0,0,1
5011,4.1911,0.5197,310,330,0,1,1
5012,4.2149,0.4998,310,330,0,0,1
5013,4.1162,0.4313,310,330,0,0,1
5014,4.163,0.4094,309,330,0,0,1
5015,4.1287,0.4253,308,329,0,1,1
5016,4.2678,0.6489,308,328,0,1,1
5017,4.143,0.5172,308,328,0,0,1
5018,4.1247,0.3996,307,328,0,0,1
5019,4.177,0.3728,307,327,0,1,1
5020,4.2257,0.4596,307,327,0,0,1
5021,4.1283,0.7431,306,327,0,0,1
5022,4.1495,0.6412,305,326,0,1,1
5023,4.1888,0.6519,305,325,0,1,1
5024,4.0867,0.3896,305,325,0,0,1
5025,4.2659,0.4902,303,325,0,0,1
5026,4.1519,0.5399,303,323,0,2,1
5027,4.1245,0.4927,303,323,0,0,1
5028,4.1527,0.6644,302,323,0,0,1
5029,4.1985,0.588,301,322,0,1,1
5030,4.144,0.3811,301,321,0,1,1
5031,4.1444,0.6939,301,321,0,0,1
5032,4.1587,0.5754,301,321,0,0,1
5033,4.2544,0.6159,301,321,0,0,1
5034,4.1887,0.6352,301,321,0,0,1
5035,4.192,0.6483,300,321,0,0,1
5036,4.1068,0.5522,300,320,0,1,1
5037,4.1527,0.5504,293,320,0,0,1
5038,4.141,0.3965,292,313,0,7,1
5039,4.2272,0.4784,292,312,0,1,1
5040,4.6431,0.4523,292,312,0,0,1
5041,3.7285,0.718,292,312,0,0,1
5042,4.0729,0.4192,292,312,0,0,1
5043,4.5326,0.5407,292,312,0,0,1
5044,3.9022,0.428,291,312,0,0,1
5045,4.1351,0.4801,290,311,0,1,1
5046,4.1195,0.5402,290,310,0,1,1
5047,4.3777,0.4665,290,310,0,0,1
5048,3.9414,0.3844,290,310,0,0,1
5049,4.2198,0.4691,290,310,0,0,1
5050,4.2051,0.6725,290,310,0,0,1
5051,4.0843,0.6802,287,310,0,0,1
5052,4.2177,0.4846,286,307,0,3,1
5053,4.0619,0.7508,320,340,34,1,1
5054,4.202,0.415,320,340,0,0,1
5055,4.1979,0.6232,320,340,0,0,1
5056,4.1521,0.4896,320,340,0,0,1
5057,4.2724,0.5674,320,340,0,0,1
5058,4.3614,0.4464,319,340,0,0,1
5059,3.8686,0.5933,319,339,0,1,1
5060,4.3272,0.6607,319,339,0,0,1
5061,4.0356,0.7247,319,339,0,0,1
5062,4.2601,0.4746,319,339,0,0,1
5063,4.0046,0.6032,319,339,0,0,1
5064,4.4892,0.6124,319,339,0,0,1
5065,3.8805,0.3897,319,339,0,0,1
5066,4.3606,0.4818,317,339,0,0,1
5067,3.9661,0.4759,317,337,0,2,1
5068,4.2506,0.5714,316,337,0,0,1
5069,4.1331,0.5264,315,336,0,1,1
5070,4.164,0.4417,315,335,0,1,1
5071,4.0831,0.5601,315,335,0,0,1
5072,4.1864,0.4278,315,335,0,0,1
5073,4.4363,0.6321,314,335,0,0,1
5074,4.1457,0.5348,314,334,0,1,1
5075,4.1339,0.4963,313,334,0,0,1
5076,3.9529,0.3918,310,333,0,1,1
5077,4.1514,0.368,310,330,0,3,1
5078,4.1673,0.3778,310,330,0,0,1
5079,4.307,0.6643,310,330,0,0,1
5080,4.0626,0.4406,309,330,0,0,1
5081,4.348,0.5034,309,329,0,1,1
5082,4.1186,0.3717,309,329,0,0,1
5083,4.0094,0.3998,308,329,0,0,1
5084,4.304,0.4914,306,328,0,1,1
5085,4.0652,0.4802,306,326,0,2,1
5086,4.2267,0.3866,306,326,0,0,1
5087,4.1521,0.4449,305,326,0,0,1
5088,4.3288,0.4587,304,325,0,1,1
5089,4.0368,0.4906,304,324,0,1,1
5090,4.0758,0.4889,304,324,0,0,1
5091,4.1485,0.5912,304,324,0,0,1
5092,4.2135,0.6362,303,324,0,0,1
5093,4.3537,0.5652,302,323,0,1,1
5094,4.0301,0.5291,302,322,0,1,1
5095,4.0596,0.4532,301,322,0,0,1
5096,4.383,0.5294,301,321,0,1,1
5097,4.1913,0.3611,301,321,0,0,1
5098,4.0298,0.6624,301,321,0,0,1
5099,4.0982,0.4782,301,321,0,0,1
5100,4.4259,0.5978,300,321,0,0,1
5101,3.8747,0.4525,300,320,0,1,1
5102,4.1662,0.3629,300,320,0,0,1
5103,4.4259,0.5202,300,320,0,0,1
5104,4.0494,0.4573,299,320,0,0,1
5105,4.1298,0.4713,298,319,0,1,1
5106,4.1506,0.6242,298,318,0,1,1
5107,4.091,0.3833,298,318,0,0,1
5108,4.2771,0.5512,298,318,0,0,1
5109,4.0867,0.4841,297,318,0,0,1
5110,4.2974,0.6473,297,317,0,1,1
5111,4.2447,0.5626,296,317,0,0,1
5112,4.2695,0.4314,296,316,0,1,1
5113,3.8981,0.5112,296,316,0,0,1
5114,4.1303,0.4573,289,316,0,0,1
5115,4.1165,0.3861,289,309,0,7,1
5116,4.4447,0.362,288,309,0,0,1
5117,4.2134,0.5653,288,308,0,1,1
5118,4.1802,0.6316,288,308,0,0,1
5119,4.2041,0.6117,287,308,0,0,1
5120,3.8205,0.4092,286,307,0,1,1
5121,4.2302,0.5543,285,306,0,1,1
5122,4.3733,0.5763,285,305,0,1,1
5123,4.1124,0.6891,285,305,0,0,1
5124,4.0132,0.4045,285,305,0,0,1
5125,4.1518,0.6608,285,305,0,0,1
5126,4.1188,0.4644,285,305,0,0,1
5127,4.1503,0.5582,282,305,0,0,1
5128,4.2149,0.4571,281,302,0,3,1
5129,4.3835,0.5566,281,301,0,1,1
5130,4.0906,1.0105,326,347,46,0,1
5131,3.9806,0.4857,326,346,0,1,1
5132,4.2381,0.5812,326,346,0,0,1
5133,4.1696,0.5446,325,346,0,0,1
5134,4.5171,0.4276,325,345,0,1,1
5135,3.7305,0.4489,325,345,0,0,1
5136,4.2044,0.5129,325,345,0,0,1
5137,4.4563,0.6116,324,345,0,0,1
5138,3.9788,0.4557,324,344,0,1,1
5139,4.0227,0.5706,324,344,0,0,1
5140,4.3042,0.4745,324,344,0,0,1
5141,4.0854,0.3929,324,344,0,0,1
5142,4.222,0.6493,324,344,0,0,1
5143,4.093,0.4712,324,344,0,0,1
5144,4.3542,0.5572,324,344,0,0,1
5145,4.1367,0.4543,324,344,0,0,1
5146,4.067,0.5257,323,344,0,0,1
5147,4.1283,0.4156,323,343,0,1,1
5148,4.154,0.4281,323,343,0,0,1
5149,4.1894,0.4469,323,343,0,0,1
5150,4.1407,0.4773,322,343,0,0,1
5151,4.1312,0.6614,322,342,0,1,1
5152,4.6289,0.6217,322,342,0,0,1
5153,3.9949,0.371,321,342,0,0,1
5154,3.9864,0.394,321,341,0,1,1
5155,4.2309,0.652,320,341,0,0,1
5156,4.1452,0.5677,320,340,0,1,1
5157,4.0587,0.6128,319,340,0,0,1
5158,4.13,0.4075,319,339,0,1,1
5159,4.5278,0.5698,319,339,0,0,1
5160,4.0299,0.4193,318,339,0,0,1
5161,4.0118,0.3867,318,338,0,1,1
5162,4.1279,0.4761,316,338,0,0,1
5163,4.1604,0.4657,316,336,0,2,1
5164,4.2419,0.5067,316,336,0,0,1
5165,4.1475,0.4603,316,336,0,0,1
5166,4.1293,0.8184,316,336,0,0,1
5167,4.3859,0.4517,316,336,0,0,1
5168,4.0942,0.5838,315,336,0,0,1
5169,4.0907,0.4783,315,335,0,1,1
5170,4.0838,0.462,313,335,0,0,1
5171,4.1492,0.7286,313,333,0,2,1
5172,4.1502,0.4768,311,333,0,0,1
5173,4.2345,0.5572,311,331,0,2,1
5174,4.3357,0.5543,311,331,0,0,1
5175,4.0555,0.5396,310,331,0,0,1
5176,4.1328,0.6516,309,330,0,1,1
5177,4.1618,0.4143,309,329,0,1,1
5178,4.1493,0.4375,308,329,0,0,1
5179,4.1324,0.6477,307,328,0,1,1
5180,4.5255,0.5473,306,327,0,1,1
5181,3.8187,0.4288,306,326,0,1,1
5182,4.2099,0.4222,306,326,0,0,1
5183,4.1555,0.5452,306,326,0,0,1
5184,4.2133,0.5649,306,326,0,0,1
5185,4.282,0.5631,305,326,0,0,1
5186,3.9719,0.4571,304,325,0,1,1
5187,4.1675,0.3768,304,324,0,1,1
5188,4.2583,0.4627,304,324,0,0,1
5189,4.1207,0.5041,303,324,0,0,1
5190,4.1293,0.5004,303,323,0,1,1
5191,4.1337,0.6548,296,323,0,0,1
5192,4.3868,0.4932,295,316,0,7,1
5193,4.036,0.639,295,315,0,1,1
5194,4.1439,0.5185,295,315,0,0,1
5195,4.1063,0.469,295,315,0,0,1
5196,4.1823,0.3758,295,315,0,0,1
5197,4.1486,0.4818,294,315,0,0,1
5198,4.1178,0.4535,294,314,0,1,1
5199,4.2035,0.465,293,314,0,0,1
5200,4.4977,0.5236,293,313,0,1,1
5201,4.0041,0.3761,293,313,0,0,1
5202,3.9979,0.5771,293,313,0,0,1
5203,4.2342,0.5,292,313,0,0,1
5204,4.1521,0.5527,292,312,0,1,1
5205,4.1178,0.3498,290,312,0,0,1
5206,4.3017,0.4803,323,344,34,2,1
5207,4.3588,0.4654,320,343,0,1,1
5208,4.0008,0.6897,320,340,0,3,1
5209,4.0893,0.533,319,340,0,0,1
5210,4.0867,0.4546,318,339,0,1,1
5211,4.1807,0.362,318,338,0,1,1
5212,4.2384,0.5487,318,338,0,0,1
5213,4.1179,0.4279,318,338,0,0,1
5214,4.2309,0.5384,317,338,0,0,1
5215,4.3134,0.5513,316,337,0,1,1
5216,4.1132,0.4979,316,336,0,1,1
5217,4.0495,0.3812,315,336,0,0,1
5218,4.1044,0.3971,315,335,0,1,1
5219,4.2357,0.5615,314,335,0,0,1
5220,4.1808,0.5184,314,334,0,1,1
5221,4.1393,0.6214,314,334,0,0,1
5222,4.3195,0.4846,314,334,0,0,1
5223,4.0045,0.6394,313,334,0,0,1
5224,4.1646,0.4338,313,333,0,1,1
5225,4.136,0.4654,313,333,0,0,1
5226,4.1758,0.4549,313,333,0,0,1
5227,4.1434,0.4131,313,333,0,0,1
5228,4.1989,0.3943,312,333,0,0,1
5229,4.1835,0.705,312,332,0,1,1
5230,4.3586,0.5776,312,332,0,0,1
5231,4.1284,0.569,312,332,0,0,1
5232,4.0516,0.4705,311,332,0,0,1
5233,4.1545,0.4149,311,331,0,1,1
5234,4.1057,0.4195,311,331,0,0,1
5235,4.1161,0.4567,311,331,0,0,1
5236,4.3498,0.7628,311,331,0,0,1
5237,4.327,0.4883,311,331,0,0,1
5238,4.5797,0.4138,310,331,0,0,1
5239,3.4605,0.366,309,330,0,1,1
5240,4.1062,0.431,306,329,0,1,1
5241,4.2554,0.5495,305,326,0,3,1
5242,4.2019,0.731,305,325,0,1,1
5243,4.2228,0.7138,304,325,0,0,1
5244,4.276,0.5082,303,324,0,1,1
5245,3.9808,0.4272,303,323,0,1,1
5246,4.1243,0.4759,303,323,0,0,1
5247,4.1489,0.6791,303,323,0,0,1
5248,4.511,0.5048,303,323,0,0,1
5249,4.1652,0.5381,303,323,0,0,1
5250,3.9139,0.7377,302,323,0,0,1
5251,4.0977,0.458,302,322,0,1,1
5252,4.2433,0.4551,301,322,0,0,1
5253,4.0967,0.4042,300,321,0,1,1
5254,4.2463,0.3841,300,320,0,1,1
5255,4.1236,0.9369,300,320,0,0,1
5256,4.4911,0.5902,300,320,0,0,1
5257,3.8951,0.4603,300,320,0,0,1
5258,4.0869,0.3771,299,320,0,0,1
5259,4.1711,0.3663,299,319,0,1,1
5260,4.1849,0.4508,298,319,0,0,1
5261,4.1616,0.7022,298,318,0,1,1
5262,4.4245,0.5594,298,318,0,0,1
5263,4.2311,0.5233,298,318,0,0,1
5264,3.9187,0.4162,298,318,0,0,1
5265,4.1101,0.6372,297,318,0,0,1
5266,4.1663,0.576,297,317,0,1,1
5267,4.0868,0.4305,296,317,0,0,1
5268,4.3143,0.6114,289,316,0,1,1
5269,4.0972,0.5165,289,309,0,7,1
5270,4.1238,0.4911,289,309,0,0,1
5271,4.4172,0.4762,289,309,0,0,1
5272,3.9871,0.402,289,309,0,0,1
5273,4.1579,0.3803,289,309,0,0,1
5274,4.1595,0.4699,289,309,0,0,1
5275,4.3471,0.6217,289,309,0,0,1
5276,4.0045,0.413,289,309,0,0,1
5277,4.1156,0.3897,288,309,0,0,1
5278,4.4699,0.5515,288,308,0,1,1
5279,4.0353,0.4746,287,308,0,0,1
5280,4.0639,0.4137,287,307,0,1,1
5281,4.2164,0.6874,285,307,0,0,1
5282,4.0436,0.4661,284,305,0,2,1
5283,4.508,0.9457,330,350,46,1,1
5284,3.879,0.4514,330,350,0,0,1
5285,4.5506,0.6337,330,350,0,0,1
5286,3.7447,0.6089,330,350,0,0,1
5287,4.1596,0.4881,330,350,0,0,1
5288,4.2434,0.4838,330,350,0,0,1
5289,4.1084,0.4593,329,350,0,0,1
5290,4.2528,0.5971,328,349,0,1,1
5291,4.0401,0.5849,328,348,0,1,1
5292,4.2373,0.424,328,348,0,0,1
5293,4.5551,0.6189,328,348,0,0,1
5294,3.7448,0.4151,327,348,0,0,1
5295,4.0787,0.6911,327,347,0,1,1
5296,4.3025,0.4335,326,347,0,0,1
5297,4.1477,0.5278,325,346,0,1,1
5298,4.1462,0.5677,324,345,0,1,1
5299,4.1758,0.7268,324,344,0,1,1
5300,4.0998,0.3874,323,344,0,0,1
5301,4.2036,0.3786,323,343,0,1,1
5302,4.1976,0.3871,322,343,0,0,1
5303,4.1475,0.6528,322,342,0,1,1
5304,4.4936,0.6253,320,342,0,0,1
5305,4.2068,0.4923,320,340,0,2,1
5306,3.8203,0.3929,319,340,0,0,1
5307,4.0724,0.3691,319,339,0,1,1
5308,4.2915,0.4356,317,339,0,0,1
5309,4.1441,0.5419,317,337,0,2,1
5310,4.1544,0.6128,316,337,0,0,1
5311,4.4008,0.5666,316,336,0,1,1
5312,4.2923,0.5978,316,336,0,0,1
5313,3.7962,0.5043,316,336,0,0,1
5314,4.1865,0.4764,316,336,0,0,1
5315,4.1397,0.4796,315,336,0,0,1
5316,4.1404,0.4615,315,335,0,1,1
5317,4.1416,0.6403,314,335,0,0,1
5318,4.1716,0.3765,314,334,0,1,1
5319,4.5116,0.5162,314,334,0,0,1
5320,3.8747,0.3974,314,334,0,0,1
5321,4.162,0.4998,312,334,0,0,1
5322,4.113,0.6385,312,332,0,2,1
5323,4.1901,0.6123,312,332,0,0,1
5324,4.1201,0.3613,312,332,0,0,1
5325,4.3007,0.401,312,332,0,0,1
5326,4.4368,0.5547,312,332,0,0,1
5327,4.2243,0.5733,311,332,0,0,1
5328,3.8379,0.4994,311,331,0,1,1
5329,4.1079,0.3933,311,331,0,0,1
5330,4.1555,0.382,311,331,0,0,1
5331,4.2744,0.6637,311,331,0,0,1
5332,4.1117,0.7674,311,331,0,0,1
5333,4.1322,0.4568,311,331,0,0,1
5334,4.3413,0.4589,310,331,0,0,1
5335,4.0728,0.3872,310,330,0,1,1
5336,4.2417,0.3941,310,330,0,0,1
5337,3.9962,0.4816,310,330,0,0,1
5338,4.21,0.4794,308,330,0,0,1
5339,4.125,0.4636,308,328,0,2,1
5340,4.1437,0.3595,308,328,0,0,1
5341,4.3561,0.4902,308,328,0,0,1
5342,4.1568,0.5209,307,328,0,0,1
5343,3.983,0.7316,307,327,0,1,1
5344,4.2305,0.4619,306,327,0,0,1
5345,4.1235,0.3645,299,326,0,1,1
5346,4.1873,0.4341,299,319,0,7,1
5347,4.1077,0.436,299,319,0,0,1
5348,4.3038,0.4214,299,319,0,0,1
5349,4.3444,0.4442,299,319,0,0,1
5350,4.2483,0.3919,299,319,0,0,1
5351,3.822,0.5123,299,319,0,0,1
5352,4.5077,0.4728,299,319,0,0,1
5353,3.8652,0.4358,298,319,0,0,1
5354,4.0997,0.3717,298,318,0,1,1
5355,4.1566,0.3615,298,318,0,0,1
5356,4.422,0.5544,298,318,0,0,1
5357,4.2063,0.5191,297,318,0,0,1
5358,3.9232,0.4409,296,317,0,1,1
5359,4.1341,0.6179,296,316,0,1,1
5360,4.3198,0.5009,329,350,34,0,1
5361,4.031,0.4872,329,349,0,1,1
5362,4.5296,0.6136,328,349,0,0,1
5363,3.8175,0.981,326,348,0,1,1
5364,4.2322,0.5211,326,346,0,2,1
5365,4.0869,0.5183,326,346,0,0,1
5366,4.1713,0.3961,326,346,0,0,1
5367,4.4494,0.5167,326,346,0,0,1
5368,3.9784,0.4835,325,346,0,0,1
5369,4.22,0.6098,325,345,0,1,1
5370,4.0022,0.6566,324,345,0,0,1
5371,4.2151,0.6443,324,344,0,1,1
5372,4.1505,0.415,324,344,0,0,1
5373,4.1514,0.4033,324,344,0,0,1
5374,4.3003,0.4133,323,344,0,0,1
5375,4.271,0.5899,323,343,0,1,1
5376,4.035,0.5916,323,343,0,0,1
5377,4.0453,0.4468,323,343,0,0,1
5378,4.1786,0.4104,323,343,0,0,1
5379,4.3129,0.3917,323,343,0,0,1
5380,4.1192,0.5735,323,343,0,0,1
5381,4.1469,0.6046,323,343,0,0,1
5382,4.3571,0.5294,322,343,0,0,1
5383,3.9462,0.424,321,342,0,1,1
5384,4.1367,0.4672,321,341,0,1,1
5385,4.1443,0.5399,321,341,0,0,1
5386,4.1641,0.5476,321,341,0,0,1
5387,4.1583,0.4878,321,341,0,0,1
5388,4.2148,0.5092,321,341,0,0,1
5389,4.141,0.4208,321,341,0,0,1
5390,4.4403,0.5069,321,341,0,0,1
5391,4.0718,0.3745,321,341,0,0,1
5392,4.2221,0.4066,319,341,0,0,1
5393,4.601,0.4592,318,339,0,2,1
5394,3.6653,0.641,317,338,0,1,1
5395,4.0358,0.6652,317,337,0,1,1
5396,4.1837,0.4162,317,337,0,0,1
5397,4.32,0.4702,317,337,0,0,1
5398,4.1374,0.4112,316,337,0,0,1
5399,4.0189,0.4991,316,336,0,1,1
5400,4.2657,0.6115,314,336,0,0,1
5401,4.0858,0.4415,314,334,0,2,1
5402,4.1168,0.3783,313,334,0,0,1
5403,4.1142,0.3751,311,333,0,1,1
5404,4.284,0.5658,310,331,0,2,1
5405,4.419,0.6081,309,330,0,1,1
5406,4.0094,0.4202,308,329,0,1,1
5407,4.0364,0.4201,308,328,0,1,1
5408,4.1187,0.3719,308,328,0,0,1
5409,4.2026,0.4519,308,328,0,0,1
5410,4.2514,0.7454,306,328,0,0,1
5411,4.0344,0.4767,305,326,0,2,1
5412,4.3866,0.4247,305,325,0,1,1
5413,4.2329,0.5364,305,325,0,0,1
5414,3.9076,0.4729,305,325,0,0,1
5415,4.5126,0.6425,305,325,0,0,1
5416,3.8767,0.5258,303,325,0,0,1
5417,4.1768,0.4805,303,323,0,2,1
5418,4.1205,0.5092,303,323,0,0,1
5419,4.2872,0.6551,302,323,0,0,1
5420,4.3971,0.5732,302,322,0,1,1
5421,3.8719,0.4169,295,322,0,0,1
5422,4.1478,0.363,295,315,0,7,1
5423,4.1929,0.446,294,315,0,0,1
5424,4.1123,0.4964,294,314,0,1,1
5425,4.2518,0.6899,294,314,0,0,1
5426,4.0583,0.372,294,314,0,0,1
5427,4.3597,0.5012,293,314,0,0,1
5428,4.2534,0.548,293,313,0,1,1
5429,3.9467,0.491,293,313,0,0,1
5430,4.1548,0.5664,292,313,0,0,1
5431,4.1276,0.3788,292,312,0,1,1
5432,4.2292,0.4877,292,312,0,0,1
5433,4.1299,0.5151,292,312,0,0,1
5434,4.191,0.4946,290,312,0,0,1
5435,4.1037,0.4043,290,310,0,2,1
5436,4.2719,0.3716,289,310,0,0,1
5437,4.097,0.8751,335,355,46,1,1
5438,4.1236,0.5052,334,355,0,0,1
5439,4.6222,0.6969,334,354,0,1,1
5440,3.9107,0.4326,333,354,0,0,1
5441,4.0445,0.4887,332,353,0,1,1
5442,4.1604,0.4176,331,352,0,1,1
5443,4.1478,0.5696,330,351,0,1,1
5444,4.2339,0.6298,328,350,0,1,1
5445,4.0928,0.4772,327,348,0,2,1
5446,4.3263,0.515,327,347,0,1,1
5447,4.118,0.4758,327,347,0,0,1
5448,4.1505,0.6651,327,347,0,0,1
5449,4.0685,0.6761,326,347,0,0,1
5450,4.1401,0.4148,326,346,0,1,1
5451,4.1169,0.4378,326,346,0,0,1
5452,4.2907,0.5382,324,346,0,0,1
5453,4.7629,0.5471,324,344,0,2,1
5454,3.627,0.4953,324,344,0,0,1
5455,4.0208,0.4741,324,344,0,0,1
5456,4.2422,0.4529,323,344,0,0,1
5457,4.194,0.4001,323,343,0,1,1
5458,4.3939,0.6125,323,343,0,0,1
5459,3.8062,0.6592,323,343,0,0,1
5460,4.2273,0.5681,321,343,0,0,1
5461,4.3152,0.4397,321,341,0,2,1
5462,4.128,0.4072,320,341,0,0,1
5463,4.0024,0.5718,319,340,0,1,1
5464,4.2398,0.4663,319,339,0,1,1
5465,4.4485,0.5435,319,339,0,0,1
5466,4.1065,0.6175,319,339,0,0,1
5467,3.8633,0.3761,319,339,0,0,1
5468,4.4594,0.4139,319,339,0,0,1
5469,4.092,0.3926,319,339,0,0,1
5470,4.0459,0.4681,319,339,0,0,1
5471,4.2773,0.6305,318,339,0,0,1
5472,4.066,0.403,318,338,0,1,1
5473,4.4571,0.5296,316,338,0,0,1
5474,3.8496,0.5138,316,336,0,2,1
5475,4.1502,0.4743,316,336,0,0,1
5476,4.3963,0.5182,315,336,0,0,1
5477,4.4416,0.6301,315,335,0,1,1
5478,3.9986,0.4308,315,335,0,0,1
5479,3.828,0.6908,315,335,0,0,1
5480,4.3723,0.4424,315,335,0,0,1
5481,4.0122,0.5911,314,335,0,0,1
5482,4.3057,0.7176,314,334,0,1,1
5483,4.0391,0.8375,314,334,0,0,1
5484,4.552,0.4416,313,334,0,0,1
5485,4.1602,0.3876,313,333,0,1,1
5486,3.7686,0.4533,312,333,0,0,1
5487,4.19,0.4589,312,332,0,1,1
5488,4.2203,0.414,312,332,0,0,1
5489,4.3915,0.5685,312,332,0,0,1
5490,4.241,0.4453,312,332,0,0,1
5491,4.0333,0.4764,312,332,0,0,1
5492,4.3759,0.4613,312,332,0,0,1
5493,3.6741,0.4653,312,332,0,0,1
5494,4.1925,0.4144,311,332,0,0,1
5495,4.2861,0.6478,311,331,0,1,1
5496,4.0842,0.5429,311,331,0,0,1
5497,4.5229,0.5393,311,331,0,0,1
5498,3.7587,0.4313,304,331,0,0,1
5499,4.3613,0.4271,303,324,0,7,1
5500,4.1198,0.3515,303,323,0,1,1
5501,4.1861,0.4697,302,323,0,0,1
5502,4.2455,0.6052,300,322,0,1,1
5503,4.2259,0.6297,299,320,0,2,1
5504,4.0819,0.4321,299,319,0,1,1
5505,3.839,0.2857,299,319,0,0,1
5506,4.3372,0.3456,299,319,0,0,1
5507,3.9997,0.5258,299,319,0,0,1
5508,4.337,0.4895,299,319,0,0,1
5509,3.9924,0.6153,298,319,0,0,1
5510,4.3525,0.3892,298,318,0,1,1
5511,4.2566,0.4044,296,318,0,0,1
5512,4.0612,0.4188,295,316,0,2,1
5513,4.155,0.5368,294,315,0,1,1
5514,4.1534,0.6161,328,348,34,1,1
5515,4.1065,0.6,327,348,0,0,1
5516,4.2497,0.4798,326,347,0,1,1
5517,4.2843,0.5589,325,346,0,1,1
5518,4.0136,0.4927,325,345,0,1,1
5519,4.0714,0.6033,322,345,0,0,1
5520,4.2966,0.5886,322,342,0,3,1
5521,4.1273,0.3647,322,342,0,0,1
5522,4.1031,0.3543,322,342,0,0,1
5523,4.1357,0.4913,322,342,0,0,1
5524,4.3686,0.3879,322,342,0,0,1
5525,4.2218,0.6324,322,342,0,0,1
5526,4.1255,0.5983,322,342,0,0,1
5527,4.0688,0.5147,322,342,0,0,1
5528,4.1004,0.3866,322,342,0,0,1
5529,4.21,0.3677,322,342,0,0,1
5530,4.2073,0.443,322,342,0,0,1
5531,4.0841,0.4758,322,342,0,0,1
5532,4.5577,0.6462,322,342,0,0,1
5533,3.8929,0.5181,322,342,0,0,1
5534,4.0734,0.4241,321,342,0,0,1
5535,4.1898,0.4513,320,341,0,1,1
5536,4.2084,0.4074,320,340,0,1,1
5537,4.2988,0.4037,320,340,0,0,1
5538,4.0629,0.6519,319,340,0,0,1
5539,4.1171,0.5375,319,339,0,1,1
5540,4.458,0.5442,319,339,0,0,1
5541,3.8853,0.3997,319,339,0,0,1
5542,4.1013,0.3864,319,339,0,0,1
5543,4.2217,0.5691,317,339,0,0,1
5544,4.1792,0.4097,317,337,0,2,1
5545,4.2968,0.692,317,337,0,0,1
5546,4.0008,0.4566,316,337,0,0,1
5547,4.3462,0.4741,316,336,0,1,1
5548,4.1106,0.4211,316,336,0,0,1
5549,4.0724,0.4011,315,336,0,0,1
5550,4.0956,0.4799,315,335,0,1,1
5551,4.23,0.7605,315,335,0,0,1
5552,4.1287,0.4708,315,335,0,0,1
5553,4.179,0.4363,314,335,0,0,1
5554,4.2132,0.4645,314,334,0,1,1
5555,4.5158,0.4885,312,334,0,0,1
5556,4.1175,0.4491,312,332,0,2,1
5557,3.8583,0.7259,312,332,0,0,1
5558,4.146,0.4368,311,332,0,0,1
5559,4.2164,0.5067,311,331,0,1,1
5560,4.0917,0.3654,310,331,0,0,1
5561,4.4518,0.5543,310,330,0,1,1
5562,4.0663,0.57,309,330,0,0,1
5563,4.2827,0.5512,308,329,0,1,1
5564,3.8721,0.4513,307,328,0,1,1
5565,4.1594,0.382,306,327,0,1,1
5566,4.1758,0.391,305,326,0,1,1
5567,4.5075,0.7173,305,325,0,1,1
5568,3.941,0.7232,304,325,0,0,1
5569,4.0667,0.6105,304,324,0,1,1
5570,4.1482,0.3653,304,324,0,0,1
5571,4.1229,0.3624,304,324,0,0,1
5572,4.2992,0.5529,304,324,0,0,1
5573,4.2835,0.5344,304,324,0,0,1
5574,4.2184,0.4289,303,324,0,0,1
5575,3.9002,0.5703,296,323,0,1,1
5576,4.2542,0.6432,296,316,0,7,1
5577,4.1891,0.5074,296,316,0,0,1
5578,4.1155,0.5013,296,316,0,0,1
5579,4.1743,0.4425,296,316,0,0,1
5580,4.1794,0.6724,296,316,0,0,1
5581,4.6265,0.5122,296,316,0,0,1
5582,3.784,0.4643,296,316,0,0,1
5583,4.0416,0.5098,295,316,0,0,1
5584,4.1791,0.4093,294,315,0,1,1
5585,4.5039,0.5971,293,314,0,1,1
5586,3.822,0.4772,293,313,0,1,1
5587,4.1329,0.4498,293,313,0,0,1
5588,4.3865,0.5137,289,313,0,0,1
5589,4.0191,0.568,287,309,0,4,1
5590,4.1086,0.5716,332,353,46,2,1
5591,4.2564,0.6232,332,352,0,1,1
5592,4.3654,0.6743,332,352,0,0,1
5593,3.9384,0.536,332,352,0,0,1
5594,4.0995,0.515,331,352,0,0,1
5595,4.3617,0.4559,330,351,0,1,1
5596,4.0083,0.3878,330,350,0,1,1
5597,4.172,0.4463,330,350,0,0,1
5598,4.1051,0.6265,330,350,0,0,1
5599,4.1936,0.5646,330,350,0,0,1
5600,4.1414,0.6074,330,350,0,0,1
5601,4.2148,0.3834,330,350,0,0,1
5602,4.1965,0.4395,330,350,0,0,1
5603,4.3805,0.5456,330,350,0,0,1
5604,4.0374,0.4445,330,350,0,0,1
5605,4.0622,0.4821,330,350,0,0,1
5606,4.1023,0.4703,330,350,0,0,1
5607,4.2403,0.7187,330,350,0,0,1
5608,4.1427,0.4238,329,350,0,0,1
5609,4.152,0.4243,328,349,0,1,1
5610,4.4794,0.5027,327,348,0,1,1
5611,3.8874,0.4007,327,347,0,1,1
5612,4.1876,0.4981,327,347,0,0,1
5613,4.1734,0.7073,327,347,0,0,1
5614,4.0654,0.4478,327,347,0,0,1
5615,4.2915,0.4663,327,347,0,0,1
5616,4.154,0.4303,326,347,0,0,1
5617,4.1305,0.4232,326,346,0,1,1
5618,4.3214,0.4903,326,346,0,0,1
5619,4.0354,0.489,326,346,0,0,1
5620,4.1341,0.4557,324,346,0,0,1
5621,4.1755,0.5188,324,344,0,2,1
5622,4.1897,0.4404,323,344,0,0,1
5623,4.1345,0.4051,322,343,0,1,1
5624,4.1673,0.4533,322,342,0,1,1
5625,4.5687,0.5285,322,342,0,0,1
5626,3.9807,0.5028,322,342,0,0,1
5627,3.9194,0.4933,322,342,0,0,1
5628,4.2373,0.4608,322,342,0,0,1
5629,4.5315,0.6186,322,342,0,0,1
5630,3.7132,0.3999,322,342,0,0,1
5631,4.1634,0.6162,321,342,0,0,1
5632,4.2352,0.4414,320,341,0,1,1
5633,4.2375,0.6164,320,340,0,1,1
5634,4.1487,0.6642,320,340,0,0,1
5635,4.1261,0.5807,318,340,0,0,1
5636,4.8443,0.4735,318,338,0,2,1
5637,3.4816,0.4623,318,338,0,0,1
5638,4.0837,0.4582,317,338,0,0,1
5639,4.3207,0.8386,316,337,0,1,1
5640,4.0847,0.4517,315,336,0,1,1
5641,4.1637,0.4402,314,335,0,1,1
5642,4.1131,0.3994,314,334,0,1,1
5643,4.1487,0.4478,314,334,0,0,1
5644,4.4024,0.6008,314,334,0,0,1
5645,4.0991,0.6066,314,334,0,0,1
5646,4.0777,0.7179,314,334,0,0,1
5647,4.2072,0.4189,314,334,0,0,1
5648,4.0893,0.442,314,334,0,0,1
5649,4.1705,0.4528,314,334,0,0,1
5650,4.1822,0.5396,314,334,0,0,1
5651,4.3769,0.5773,314,334,0,0,1
5652,4.1059,0.5813,307,334,0,0,1
5653,4.1169,0.4224,307,327,0,7,1
5654,4.0486,0.3964,306,327,0,0,1
5655,4.2325,0.5253,306,326,0,1,1
5656,4.1786,0.4495,306,326,0,0,1
5657,4.1234,0.5518,306,326,0,0,1
5658,4.2462,0.9974,306,326,0,0,1
5659,4.3603,0.711,306,326,0,0,1
5660,3.9957,0.5269,303,326,0,0,1
5661,4.0445,0.4763,303,323,0,3,1
5662,4.1459,0.4032,302,323,0,0,1
5663,4.1577,0.604,302,322,0,1,1
5664,4.2337,0.4287,300,322,0,0,1
5665,4.1482,0.4851,300,320,0,2,1
5666,4.3335,0.5599,298,320,0,0,1
5667,4.5369,0.5617,332,352,34,2,1
5668,3.6943,0.6878,332,352,0,0,1
5669,4.3388,0.7006,330,352,0,0,1
5670,3.956,0.4075,330,350,0,2,1
5671,4.1478,0.4803,330,350,0,0,1
5672,4.245,0.6391,330,350,0,0,1
5673,4.3066,0.5714,330,350,0,0,1
5674,4.0377,0.7002,330,350,0,0,1
5675,4.0339,0.5102,329,350,0,0,1
5676,4.2479,0.6994,329,349,0,1,1
5677,4.1479,0.5934,329,349,0,0,1
5678,4.1221,0.4271,328,349,0,0,1
5679,4.2247,0.577,328,348,0,1,1
5680,4.0737,0.5489,328,348,0,0,1
5681,4.4603,0.8291,327,348,0,0,1
5682,4.073,0.7128,327,347,0,1,1
5683,4.123,0.7114,326,347,0,0,1
5684,4.1649,0.3863,326,346,0,1,1
5685,4.071,0.3763,325,346,0,0,1
5686,4.1295,0.4063,324,345,0,1,1
5687,4.4822,0.6261,324,344,0,1,1
5688,3.8626,0.5096,324,344,0,0,1
5689,4.2762,0.7423,324,344,0,0,1
5690,4.0351,0.4468,324,344,0,0,1
5691,4.1353,0.6006,324,344,0,0,1
5692,4.4568,0.8164,321,344,0,0,1
5693,4.0231,0.4175,321,341,0,3,1
5694,4.1531,0.4294,320,341,0,0,1
5695,4.0932,0.5045,318,340,0,1,1
5696,4.2406,0.6177,318,338,0,2,1
5697,4.115,0.4538,318,338,0,0,1
5698,4.1118,0.4659,318,338,0,0,1
5699,4.4546,0.4997,317,338,0,0,1
5700,4.3209,0.4392,317,337,0,1,1
5701,3.77,0.5128,317,337,0,0,1
5702,4.1229,0.4749,315,337,0,0,1
5703,4.2376,0.5748,312,335,0,2,1
5704,4.1076,0.6083,312,332,0,3,1
5705,4.2461,0.4407,312,332,0,0,1
5706,4.5888,0.5198,311,332,0,0,1
5707,3.8711,0.3815,310,331,0,1,1
5708,4.0615,0.6417,309,330,0,1,1
5709,4.1037,0.4789,309,329,0,1,1
5710,4.1046,0.4278,308,329,0,0,1
5711,4.2349,0.5908,308,328,0,1,1
5712,4.2145,0.7287,308,328,0,0,1
5713,4.1519,0.6584,308,328,0,0,1
5714,4.2948,0.5031,308,328,0,0,1
5715,3.999,0.4738,307,328,0,0,1
5716,4.1856,0.4985,306,327,0,1,1
5717,4.1523,0.5317,305,326,0,1,1
5718,4.2535,0.5082,305,325,0,1,1
5719,4.0847,0.3782,305,325,0,0,1
5720,4.1432,0.6178,305,325,0,0,1
5721,4.3578,0.6087,305,325,0,0,1
5722,4.1367,0.6884,304,325,0,0,1
5723,4.0644,0.5065,304,324,0,1,1
5724,4.2004,0.6312,304,324,0,0,1
5725,4.1196,0.4199,304,324,0,0,1
5726,4.0977,0.4843,304,324,0,0,1
5727,4.2886,0.6928,302,324,0,0,1
5728,4.3303,0.5285,302,322,0,2,1
5729,4.0554,0.5369,295,322,0,0,1
5730,4.0958,0.4333,294,315,0,7,1
5731,4.0681,0.4521,294,314,0,1,1
5732,4.1848,0.4599,294,314,0,0,1
5733,4.1753,0.4467,293,314,0,0,1
5734,4.1611,0.3806,293,313,0,1,1
5735,4.2321,0.4432,293,313,0,0,1
5736,4.4107,0.6002,292,313,0,0,1
5737,3.9147,0.5185,292,312,0,1,1
5738,4.1141,0.6064,292,312,0,0,1
5739,4.3786,0.4334,292,312,0,0,1
5740,4.139,0.3849,292,312,0,0,1
5741,4.0519,0.5177,290,312,0,0,1
5742,4.1551,0.5453,290,310,0,2,1
5743,4.1269,0.4197,289,310,0,0,1
5744,4.2163,0.8905,334,355,46,1,1
5745,4.3209,0.3966,334,354,0,1,1
5746,4.054,0.6021,333,354,0,0,1
5747,4.4986,0.4938,333,353,0,1,1
5748,3.7936,0.5721,333,353,0,0,1
5749,4.4676,0.6891,333,353,0,0,1
5750,3.803,0.4698,332,353,0,0,1
5751,4.1386,0.747,330,352,0,1,1
5752,4.2536,0.4792,328,350,0,2,1
5753,4.1335,0.428,328,348,0,2,1
5754,4.439,0.4657,328,348,0,0,1
5755,4.0926,0.4032,327,348,0,0,1
5756,3.9626,0.4572,327,347,0,1,1
5757,4.1252,0.4544,327,347,0,0,1
5758,4.186,0.4655,326,347,0,0,1
5759,4.4257,0.7318,326,346,0,1,1
5760,3.9665,0.4591,326,346,0,0,1
5761,4.1813,0.4881,325,346,0,0,1
5762,4.3498,0.4565,324,345,0,1,1
5763,3.9322,0.4974,324,344,0,1,1
5764,4.1382,0.4713,324,344,0,0,1
5765,4.2031,0.4783,322,344,0,0,1
5766,4.1903,0.5145,321,342,0,2,1
5767,4.4299,0.681,321,341,0,1,1
5768,3.8532,0.425,320,341,0,0,1
5769,4.4384,0.4851,319,340,0,1,1
5770,3.9796,0.5607,319,339,0,1,1
5771,4.1827,0.6703,318,339,0,0,1
5772,4.2702,0.5632,318,338,0,1,1
5773,4.0041,0.4762,318,338,0,0,1
5774,4.1296,0.3738,318,338,0,0,1
5775,4.1875,0.429,318,338,0,0,1
5776,4.4645,0.481,317,338,0,0,1
5777,4.1116,0.4622,316,337,0,1,1
5778,4.0183,0.5247,315,336,0,1,1
5779,4.063,0.6297,315,335,0,1,1
5780,4.2245,0.4194,315,335,0,0,1
5781,4.0952,0.3667,315,335,0,0,1
5782,4.1257,0.3851,315,335,0,0,1
5783,4.193,0.676,315,335,0,0,1
5784,4.4251,0.5828,315,335,0,0,1
5785,4.0303,0.4644,312,335,0,0,1
5786,4.0369,0.38,311,332,0,3,1
5787,4.1888,0.3804,311,331,0,1,1
5788,4.2471,0.4601,311,331,0,0,1
5789,4.0806,0.4803,309,331,0,0,1
5790,4.2777,0.6322,308,329,0,2,1
5791,4.1097,0.7587,308,328,0,1,1
5792,4.1844,0.4217,307,328,0,0,1
5793,4.1165,0.3972,307,327,0,1,1
5794,4.2224,0.6361,306,327,0,0,1
5795,4.4105,0.7798,306,326,0,1,1
5796,4.0889,0.5569,306,326,0,0,1
5797,3.9961,0.4084,306,326,0,0,1
5798,4.1348,0.3896,304,326,0,0,1
5799,4.184,0.5482,304,324,0,2,1
5800,4.1554,0.4971,303,324,0,0,1
5801,4.1113,0.4597,302,323,0,1,1
5802,4.381,0.4549,302,322,0,1,1
5803,4.2364,0.5965,302,322,0,0,1
5804,3.9234,0.684,302,322,0,0,1
5805,4.1192,0.478,295,322,0,0,1
5806,4.1792,0.4134,294,315,0,7,1
5807,4.157,0.4295,294,314,0,1,1
5808,4.3057,0.5463,294,314,0,0,1
5809,4.3068,0.5585,294,314,0,0,1
5810,3.9613,0.4288,294,314,0,0,1
5811,4.1423,0.435,294,314,0,0,1
5812,4.252,0.413,293,314,0,0,1
5813,4.0697,0.4811,293,313,0,1,1
5814,4.1515,0.4331,293,313,0,0,1
5815,4.1802,0.4027,293,313,0,0,1
5816,4.2121,0.581,292,313,0,0,1
5817,4.3329,0.5286,292,312,0,1,1
5818,4.1301,0.4724,292,312,0,0,1
5819,4.0522,0.5339,290,312,0,0,1
5820,4.152,0.4024,289,310,0,2,1
5821,4.125,0.4345,323,343,34,1,1
5822,4.2269,0.4575,323,343,0,0,1
5823,4.2531,0.7613,323,343,0,0,1
5824,4.3261,0.5496,323,343,0,0,1
5825,4.1052,0.5141,321,343,0,0,1
5826,3.9629,0.3887,321,341,0,2,1
5827,4.2231,0.567,320,341,0,0,1
5828,4.1067,0.423,319,340,0,1,1
5829,4.1394,0.453,318,339,0,1,1
5830,4.3365,0.4081,318,338,0,1,1
5831,4.12,0.4066,318,338,0,0,1
5832,4.2892,0.4278,317,338,0,0,1
5833,4.1378,0.4019,317,337,0,1,1
5834,4.0138,0.4607,317,337,0,0,1
5835,4.3997,0.5015,317,337,0,0,1
5836,3.9203,0.4538,317,337,0,0,1
5837,4.0892,0.3778,317,337,0,0,1
5838,4.1949,0.372,316,337,0,0,1
5839,4.452,0.4507,315,336,0,1,1
5840,4.2027,0.7319,314,335,0,1,1
5841,3.8479,0.4688,312,334,0,1,1
5842,4.162,0.384,311,332,0,2,1
5843,4.2128,0.3561,311,331,0,1,1
5844,4.1144,0.3509,311,331,0,0,1
5845,4.117,0.3352,311,331,0,0,1
5846,4.2124,0.629,311,331,0,0,1
5847,4.1967,0.5912,311,331,0,0,1
5848,4.0845,0.3431,310,331,0,0,1
5849,4.1086,0.2991,309,330,0,1,1
5850,4.4003,0.3818,309,329,0,1,1
5851,4.0098,0.4318,309,329,0,0,1
5852,4.1237,0.4745,309,329,0,0,1
5853,4.1592,0.3146,307,329,0,0,1
5854,4.6599,0.3039,306,327,0,2,1
5855,3.7497,0.3087,306,326,0,1,1
5856,4.1185,0.3721,306,326,0,0,1
5857,4.1466,0.3413,306,326,0,0,1
5858,4.3736,0.3663,305,326,0,0,1
5859,4.1552,0.3008,304,325,0,1,1
5860,4.0022,0.3307,303,324,0,1,1
5861,4.1221,0.3959,303,323,0,1,1
5862,4.1662,0.3558,303,323,0,0,1
5863,4.2389,0.3255,302,323,0,0,1
5864,4.161,0.4594,301,322,0,1,1
5865,4.3051,0.3968,301,321,0,1,1
5866,4.1617,0.5183,301,321,0,0,1
5867,4.0681,0.4568,300,321,0,0,1
5868,4.1551,0.482,300,320,0,1,1
5869,4.1072,0.4707,300,320,0,0,1
5870,4.1689,0.3768,300,320,0,0,1
5871,4.1966,0.3778,300,320,0,0,1
5872,4.1359,0.3229,300,320,0,0,1
5873,4.2985,0.3495,298,320,0,0,1
5874,4.4994,0.3782,298,318,0,2,1
5875,3.6792,0.5595,297,318,0,0,1
5876,4.4035,0.53,295,317,0,1,1
5877,3.9158,0.3038,295,315,0,2,1
5878,4.1199,0.3309,295,315,0,0,1
5879,4.1834,0.5133,293,315,0,0,1
5880,4.1901,0.5419,292,313,0,2,1
5881,4.6856,0.3733,292,312,0,1,1
5882,3.6794,0.2912,285,312,0,0,1
5883,4.1001,0.441,285,305,0,7,1
5884,4.2183,0.3748,285,305,0,0,1
5885,4.1902,0.4991,285,305,0,0,1
5886,4.3294,0.5086,284,305,0,0,1
5887,4.2423,0.4896,284,304,0,1,1
5888,4.0524,0.4646,284,304,0,0,1
5889,4.0448,0.3143,284,304,0,0,1
5890,4.3548,0.4531,284,304,0,0,1
5891,3.9434,0.5594,284,304,0,0,1
5892,4.3961,0.5775,284,304,0,0,1
5893,4.118,0.5548,282,304,0,0,1
5894,3.9699,0.2964,282,302,0,2,1
5895,4.4074,0.5184,280,302,0,0,1
5896,4.1395,0.4267,280,300,0,2,1
5897,4.2992,0.5678,279,300,0,0,1
5898,4.0893,0.7503,325,345,46,1,1
5899,4.1739,0.5136,325,345,0,0,1
5900,4.1366,0.4151,325,345,0,0,1
5901,3.9241,0.3777,325,345,0,0,1
5902,4.1624,0.5431,324,345,0,0,1
5903,4.4638,0.4208,324,344,0,1,1
5904,4.3614,0.3947,324,344,0,0,1
5905,3.9816,0.5064,324,344,0,0,1
5906,3.9068,0.3173,323,344,0,0,1
5907,4.1837,0.3773,323,343,0,1,1
5908,4.1312,0.4983,323,343,0,0,1
5909,4.3307,0.363,321,343,0,0,1
5910,4.1267,0.4339,319,341,0,2,1
5911,4.4643,0.5327,319,339,0,2,1
5912,4.0929,0.4615,317,339,0,0,1
5913,3.8287,0.3672,317,337,0,2,1
5914,4.3324,0.512,317,337,0,0,1
5915,4.0143,0.3491,314,337,0,0,1
5916,4.2487,0.5012,313,334,0,3,1
5917,4.2243,0.4312,313,333,0,1,1
5918,3.9892,0.3122,313,333,0,0,1
5919,4.6307,0.4626,311,333,0,0,1
5920,3.9054,0.4555,311,331,0,2,1
5921,4.0209,0.4592,311,331,0,0,1
5922,4.2926,0.3003,311,331,0,0,1
5923,4.0045,0.5796,311,331,0,0,1
5924,4.3179,0.4886,311,331,0,0,1
5925,4.0187,0.3462,311,331,0,0,1
5926,4.1617,0.3383,311,331,0,0,1
5927,4.1526,0.3635,311,331,0,0,1
5928,4.3578,0.5493,310,331,0,0,1
5929,4.0052,0.4988,310,330,0,1,1
5930,4.3045,0.4486,308,330,0,0,1
5931,4.4642,0.4497,306,328,0,2,1
5932,3.9079,0.4079,306,326,0,2,1
5933,4.0724,0.4274,306,326,0,0,1
5934,4.2101,0.4283,305,326,0,0,1
5935,4.0275,0.5283,305,325,0,1,1
5936,4.2865,0.4755,305,325,0,0,1
5937,4.1857,0.3816,304,325,0,0,1
5938,4.2426,0.5321,303,324,0,1,1
5939,4.1194,0.4868,303,323,0,1,1
5940,4.1003,0.5693,301,323,0,0,1
5941,4.246,0.5355,301,321,0,2,1
5942,3.9692,0.294,301,321,0,0,1
5943,4.4728,0.4543,300,321,0,0,1
5944,4.033,0.4702,299,320,0,1,1
5945,4.244,0.4578,298,319,0,1,1
5946,4.0812,0.4025,298,318,0,1,1
5947,4.0546,0.5443,298,318,0,0,1
5948,4.3147,0.4591,297,318,0,0,1
5949,3.9907,0.3664,297,317,0,1,1
5950,4.3192,0.5017,297,317,0,0,1
5951,4.1935,0.4061,297,317,0,0,1
5952,4.3755,0.4184,297,317,0,0,1
5953,4.0021,0.3716,296,317,0,0,1
5954,3.9215,0.3591,296,316,0,1,1
5955,4.1923,0.3067,296,316,0,0,1
5956,4.4739,0.4166,295,316,0,0,1
5957,3.8971,0.4738,295,315,0,1,1
5958,4.2165,0.5809,294,315,0,0,1
5959,4.3506,0.3741,287,314,0,1,1
5960,4.0991,0.6122,286,307,0,7,1
5961,4.1574,0.2916,286,306,0,1,1
5962,4.1546,0.5157,285,306,0,0,1
5963,4.15,0.4958,284,305,0,1,1
5964,4.1986,0.3818,283,304,0,1,1
5965,4.1169,0.3373,282,303,0,1,1
5966,4.0223,0.3676,282,302,0,1,1
5967,4.5226,0.6353,282,302,0,0,1
5968,4.0378,0.2985,282,302,0,0,1
5969,4.1007,0.4979,281,302,0,0,1
5970,4.1213,0.4995,280,301,0,1,1
5971,4.0906,0.3094,280,300,0,1,1
5972,4.1678,0.4253,279,300,0,0,1
5973,4.1493,0.3575,279,299,0,1,1
5974,4.3065,0.543,313,333,34,0,1
5975,4.2345,0.5105,313,333,0,0,1
5976,4.039,0.4778,313,333,0,0,1
5977,4.2332,0.3656,313,333,0,0,1
5978,3.9933,0.3341,313,333,0,0,1
5979,4.2681,0.5166,313,333,0,0,1
5980,4.1491,0.3541,313,333,0,0,1
5981,4.2857,0.6548,313,333,0,0,1
5982,4.3369,0.433,312,333,0,0,1
5983,4.2394,0.319,312,332,0,1,1
5984,3.8549,0.5457,311,332,0,0,1
5985,4.0835,0.4221,311,331,0,1,1
5986,4.2935,0.497,311,331,0,0,1
5987,4.1645,0.4324,311,331,0,0,1
5988,4.1584,0.433,311,331,0,0,1
5989,4.028,0.3147,309,331,0,0,1
5990,4.185,0.4037,309,329,0,2,1
5991,4.1505,0.5764,309,329,0,0,1
5992,4.2551,0.3396,309,329,0,0,1
5993,4.4511,0.4884,309,329,0,0,1
5994,3.9757,0.4485,309,329,0,0,1
5995,4.0012,0.3958,308,329,0,0,1
5996,4.2937,0.4619,308,328,0,1,1
5997,4.0884,0.342,308,328,0,0,1
5998,4.2506,0.6383,307,328,0,0,1
5999,4.1551,0.4277,307,327,0,1,1
6000,4.2333,0.464,307,327,0,0,1
6001,4.1257,0.396,307,327,0,0,1
6002,4.0465,0.4317,306,327,0,0,1
6003,4.1327,0.4464,306,326,0,1,1
6004,4.2151,0.3525,306,326,0,0,1
6005,4.4035,0.6772,306,326,0,0,1
6006,3.9822,0.4735,306,326,0,0,1
6007,4.1357,0.3817,305,326,0,0,1
6008,4.4456,0.4796,305,325,0,1,1
6009,4.117,0.3958,305,325,0,0,1
6010,4.0327,0.6738,305,325,0,0,1
6011,4.1136,0.7392,305,325,0,0,1
6012,4.4333,0.575,304,325,0,0,1
6013,3.8466,0.4234,304,324,0,1,1
6014,4.1595,0.382,303,324,0,0,1
6015,4.4516,0.5129,302,323,0,1,1
6016,3.9695,0.4824,302,322,0,1,1
6017,4.137,0.426,302,322,0,0,1
6018,4.1969,0.4243,301,322,0,0,1
6019,4.1113,0.4652,299,321,0,1,1
6020,4.2007,0.7167,299,319,0,2,1
6021,4.1439,0.3985,299,319,0,0,1
6022,4.1456,0.3758,299,319,0,0,1
6023,4.7412,0.4698,299,319,0,0,1
6024,3.9003,0.5645,299,319,0,0,1
6025,3.8793,0.6454,299,319,0,0,1
6026,4.14,0.4258,299,319,0,0,1
6027,4.2289,0.3952,299,319,0,0,1
6028,4.2011,0.5545,298,319,0,0,1
6029,4.2077,0.6103,297,318,0,1,1
6030,4.2703,0.5128,297,317,0,1,1
6031,4.0545,0.4024,297,317,0,0,1
6032,4.1147,0.4854,297,317,0,0,1
6033,4.1223,0.4423,297,317,0,0,1
6034,4.2166,0.6562,296,317,0,0,1
6035,4.1629,0.7152,296,316,0,1,1
6036,4.1493,0.4114,289,316,0,0,1
6037,4.2164,0.5818,288,309,0,7,1
6038,4.266,0.545,288,308,0,1,1
6039,4.107,0.4913,288,308,0,0,1
6040,4.0706,0.39,288,308,0,0,1
6041,4.1627,0.4125,288,308,0,0,1
6042,4.4975,0.5466,288,308,0,0,1
6043,3.9996,0.4588,288,308,0,0,1
6044,3.996,0.5791,288,308,0,0,1
6045,4.3467,0.4363,287,308,0,0,1
6046,3.9498,0.6182,286,307,0,1,1
6047,4.1394,0.4149,286,306,0,1,1
6048,4.5114,0.6477,286,306,0,0,1
6049,3.8996,0.4132,286,306,0,0,1
6050,4.1261,0.4675,286,306,0,0,1
6051,4.507,0.9483,330,352,46,0,1
6052,3.8786,0.4737,330,350,0,2,1
6053,4.1386,0.6602,330,350,0,0,1
6054,4.2515,0.6342,330,350,0,0,1
6055,4.108,0.4704,329,350,0,0,1
6056,4.3917,0.45,328,349,0,1,1
6057,4.826,0.471,328,348,0,1,1
6058,3.255,0.495,328,348,0,0,1
6059,4.2141,0.5046,328,348,0,0,1
6060,4.1495,0.7196,327,348,0,0,1
6061,4.1361,0.4186,326,347,0,1,1
6062,4.1288,0.4405,326,346,0,1,1
6063,4.2026,0.4482,325,346,0,0,1
6064,4.5118,0.5774,324,345,0,1,1
6065,4.0239,0.5284,322,344,0,1,1
6066,3.9565,0.7239,322,342,0,2,1
6067,4.2104,0.7117,322,342,0,0,1
6068,4.1746,0.6545,322,342,0,0,1
6069,4.1804,0.3762,320,342,0,0,1
6070,4.1231,0.4952,320,340,0,2,1
6071,4.4484,0.5888,319,340,0,0,1
6072,4.0409,0.5545,319,339,0,1,1
6073,4.0071,0.4151,319,339,0,0,1
6074,4.1456,0.3822,318,339,0,0,1
6075,4.5425,0.5048,318,338,0,1,1
6076,3.8678,0.4638,317,338,0,0,1
6077,4.1398,0.5586,317,337,0,1,1
6078,4.1697,0.6675,317,337,0,0,1
6079,4.369,0.5219,314,337,0,0,1
6080,4.1619,0.4872,314,334,0,3,1
6081,3.9244,0.3698,314,334,0,0,1
6082,4.5602,0.4178,314,334,0,0,1
6083,3.8421,0.5575,314,334,0,0,1
6084,4.2502,0.7303,314,334,0,0,1
6085,4.0374,0.5783,313,334,0,0,1
6086,4.3652,0.4702,313,333,0,1,1
6087,4.2364,0.5487,313,333,0,0,1
6088,3.8917,0.5014,312,333,0,0,1
6089,4.2004,0.5467,312,332,0,1,1
6090,4.2127,0.515,312,332,0,0,1
6091,4.0683,0.5897,311,332,0,0,1
6092,4.1862,0.6327,311,331,0,1,1
6093,4.4672,0.4629,311,331,0,0,1
6094,4.0102,0.4929,310,331,0,0,1
6095,4.0606,0.5329,309,330,0,1,1
6096,4.1708,0.5781,309,329,0,1,1
6097,4.3224,0.3613,309,329,0,0,1
6098,3.9289,0.383,308,329,0,0,1
6099,4.1936,0.4664,308,328,0,1,1
6100,4.2362,0.6874,308,328,0,0,1
6101,4.3903,0.506,307,328,0,0,1
6102,3.9545,0.504,307,327,0,1,1
6103,4.1165,0.5748,306,327,0,0,1
6104,4.0938,0.5183,304,326,0,1,1
6105,4.2508,0.4571,304,324,0,2,1
6106,4.1492,0.4676,304,324,0,0,1
6107,4.2026,0.4404,302,324,0,0,1
6108,4.4152,0.4418,302,322,0,2,1
6109,3.9089,0.566,302,322,0,0,1
6110,4.1286,0.4908,302,322,0,0,1
6111,4.1405,0.4306,302,322,0,0,1
6112,4.2223,0.3552,301,322,0,0,1
6113,4.1797,0.6009,292,321,0,1,1
6114,4.1464,0.616,292,312,0,9,1
6115,4.2037,0.6591,290,312,0,0,1
6116,4.0909,0.5941,289,310,0,2,1
6117,4.1683,0.3562,289,309,0,1,1
6118,4.1778,0.4596,288,309,0,0,1
6119,4.494,0.6079,288,308,0,1,1
6120,4.0917,0.4905,288,308,0,0,1
6121,3.8979,0.3878,288,308,0,0,1
6122,4.1555,0.3779,288,308,0,0,1
6123,4.1905,0.4794,288,308,0,0,1
6124,4.1354,0.4091,287,308,0,0,1
6125,4.2614,0.4019,287,307,0,1,1
6126,4.2165,0.544,287,307,0,0,1
6127,4.2534,0.5403,287,307,0,0,1
6128,4.0637,0.8984,320,341,34,0,1
6129,4.0912,0.4633,320,340,0,1,1
6130,4.308,0.8085,320,340,0,0,1
6131,4.0481,0.4283,320,340,0,0,1
6132,4.196,0.4593,319,340,0,0,1
6133,4.1497,0.4256,318,339,0,1,1
6134,4.0972,0.6728,317,338,0,1,1
6135,4.5929,0.5579,317,337,0,1,1
6136,3.8372,0.475,315,337,0,0,1
6137,4.1321,0.449,315,335,0,2,1
6138,4.1247,0.5202,315,335,0,0,1
6139,4.2073,0.6061,315,335,0,0,1
6140,4.1174,0.5391,315,335,0,0,1
6141,4.1654,0.4435,315,335,0,0,1
6142,4.3865,0.5581,315,335,0,0,1
6143,4.1656,0.4873,315,335,0,0,1
6144,4.0391,0.4298,315,335,0,0,1
6145,4.0939,0.421,314,335,0,0,1
6146,4.1583,0.5064,314,334,0,1,1
6147,4.1696,0.4718,314,334,0,0,1
6148,4.2255,0.4547,314,334,0,0,1
6149,4.3505,0.5012,314,334,0,0,1
6150,4.0059,0.4451,313,334,0,0,1
6151,4.0696,0.4621,312,333,0,1,1
6152,4.2046,0.5681,312,332,0,1,1
6153,4.1505,0.4565,312,332,0,0,1
6154,4.2189,0.4316,311,332,0,0,1
6155,4.2442,0.7256,311,331,0,1,1
6156,4.0868,0.7279,311,331,0,0,1
6157,4.3785,0.5272,310,331,0,0,1
6158,3.9338,0.9034,310,330,0,1,1
6159,4.3592,1.0433,310,330,0,0,1
6160,4.0097,0.4713,309,330,0,0,1
6161,4.1622,0.6216,309,329,0,1,1
6162,4.1488,0.4299,309,329,0,0,1
6163,4.1912,0.455,309,329,0,0,1
6164,4.3907,0.5525,309,329,0,0,1
6165,3.9271,0.4809,309,329,0,0,1
6166,4.1354,0.6129,307,329,0,0,1
6167,4.1846,0.7663,307,327,0,2,1
6168,4.4242,0.5274,307,327,0,0,1
6169,3.9165,0.436,305,327,0,0,1
6170,4.1149,0.5222,305,325,0,2,1
6171,4.5096,0.8054,305,325,0,0,1
6172,3.8823,0.4374,305,325,0,0,1
6173,4.1662,0.382,304,325,0,0,1
6174,4.3546,0.5327,304,324,0,1,1
6175,4.5635,0.5471,304,324,0,0,1
6176,3.6252,0.5641,304,324,0,0,1
6177,4.0673,0.4234,303,324,0,0,1
6178,4.4423,0.3897,303,323,0,1,1
6179,3.8947,0.3681,301,323,0,0,1
6180,4.2911,0.6113,300,321,0,2,1
6181,4.1003,0.7853,299,320,0,1,1
6182,4.083,0.5804,299,319,0,1,1
6183,4.7491,0.4811,298,319,0,0,1
6184,3.7132,0.5496,298,318,0,1,1
6185,4.0847,0.466,298,318,0,0,1
6186,4.1166,0.7063,298,318,0,0,1
6187,4.1829,0.4462,298,318,0,0,1
6188,4.2082,0.4702,298,318,0,0,1
6189,4.176,0.3564,289,318,0,0,1
6190,4.1522,0.4685,289,309,0,9,1
6191,4.4352,0.548,288,309,0,0,1
6192,4.0787,0.5891,287,308,0,1,1
6193,4.1447,0.6614,287,307,0,1,1
6194,3.9964,0.3754,287,307,0,0,1
6195,4.2133,0.5363,287,307,0,0,1
6196,4.185,0.4997,286,307,0,0,1
6197,4.1445,0.4557,286,306,0,1,1
6198,4.3361,0.4459,286,306,0,0,1
6199,4.0245,0.4042,286,306,0,0,1
6200,4.2426,0.4696,285,306,0,0,1
6201,4.0387,0.4253,284,305,0,1,1
6202,4.2029,0.4151,280,304,0,1,1
6203,4.0903,0.3612,280,300,0,4,1
6204,4.2525,0.4754,278,300,0,0,1
6205,4.6706,0.8834,323,344,46,2,1
6206,3.633,0.3824,321,343,0,1,1
6207,4.4183,0.4038,320,341,0,2,1
6208,3.9166,0.4759,320,340,0,1,1
6209,4.1254,0.4932,319,340,0,0,1
6210,4.1303,0.3934,319,339,0,1,1
6211,4.2217,0.5235,319,339,0,0,1
6212,4.2125,0.5206,319,339,0,0,1
6213,4.3012,0.4836,319,339,0,0,1
6214,4.1446,0.4792,319,339,0,0,1
6215,4.056,0.433,319,339,0,0,1
6216,4.1445,0.525,319,339,0,0,1
6217,4.1979,0.4037,318,339,0,0,1
6218,4.0906,0.5069,318,338,0,1,1
6219,4.1865,0.4803,316,338,0,0,1
6220,4.3807,0.5072,316,336,0,2,1
6221,4.0234,0.4132,315,336,0,0,1
6222,4.3215,0.4172,315,335,0,1,1
6223,3.9377,0.5156,314,335,0,0,1
6224,4.2927,0.6196,314,334,0,1,1
6225,4.0224,0.4739,313,334,0,0,1
6226,4.518,0.486,312,333,0,1,1
6227,3.8222,0.4241,312,332,0,1,1
6228,4.4506,0.4858,312,332,0,0,1
6229,3.9497,0.6984,312,332,0,0,1
6230,4.0884,0.4653,312,332,0,0,1
6231,4.1761,0.46,312,332,0,0,1
6232,4.1603,0.3741,312,332,0,0,1
6233,4.2381,0.4589,312,332,0,0,1
6234,4.1531,0.4203,312,332,0,0,1
6235,4.336,0.5554,312,332,0,0,1
6236,4.1298,0.4621,311,332,0,0,1
6237,3.9957,0.4857,308,331,0,1,1
6238,4.1776,0.454,307,328,0,3,1
6239,4.1389,0.373,307,327,0,1,1
6240,4.3214,0.4261,307,327,0,0,1
6241,3.9878,0.6585,307,327,0,0,1
6242,4.208,0.5763,307,327,0,0,1
6243,4.3005,0.6205,306,327,0,0,1
6244,4.1,0.6472,305,326,0,1,1
6245,4.1656,0.4245,303,325,0,1,1
6246,4.7272,0.5614,302,323,0,2,1
6247,3.8968,0.4297,302,322,0,1,1
6248,3.8365,0.5219,301,322,0,0,1
6249,4.1433,0.3767,301,321,0,1,1
6250,4.192,0.4442,301,321,0,0,1
6251,4.212,0.7524,301,321,0,0,1
6252,4.1532,0.4621,299,321,0,0,1
6253,4.1278,0.4359,298,319,0,2,1
6254,4.3776,0.4738,298,318,0,1,1
6255,3.9554,0.7274,298,318,0,0,1
6256,4.1917,0.5148,298,318,0,0,1
6257,4.2298,0.4919,298,318,0,0,1
6258,4.0974,0.5348,297,318,0,0,1
6259,4.1805,0.4736,297,317,0,1,1
6260,4.197,0.6037,296,317,0,0,1
6261,4.2714,0.4856,296,316,0,1,1
6262,4.3241,0.5344,296,316,0,0,1
6263,3.8668,0.4091,296,316,0,0,1
6264,4.2609,0.7211,296,316,0,0,1
6265,4.0842,0.4948,296,316,0,0,1
6266,4.0806,0.3712,296,316,0,0,1
6267,4.3662,0.5061,289,316,0,0,1
6268,4.2757,0.4857,289,309,0,7,1
6269,4.1546,0.5019,289,309,0,0,1
6270,3.975,0.4993,289,309,0,0,1
6271,4.3888,0.3688,288,309,0,0,1
6272,3.884,0.3986,287,308,0,1,1
6273,4.1881,0.4506,287,307,0,1,1
6274,4.2089,0.5799,287,307,0,0,1
6275,4.0831,0.3852,287,307,0,0,1
6276,4.5131,0.485,287,307,0,0,1
6277,3.9279,0.4989,286,307,0,0,1
6278,4.0737,0.4906,286,306,0,1,1
6279,4.2504,0.3822,284,306,0,0,1
6280,4.1936,0.5495,284,304,0,2,1
6281,4.1845,0.6077,284,304,0,0,1
6282,4.0838,0.7167,318,338,34,0,1
6283,4.3966,0.4817,318,338,0,0,1
6284,3.9944,0.5093,318,338,0,0,1
6285,4.0353,0.381,317,338,0,0,1
6286,4.2148,0.6966,316,337,0,1,1
6287,4.3441,0.7338,315,336,0,1,1
6288,4.1933,0.5401,315,335,0,1,1
6289,3.9233,0.4564,315,335,0,0,1
6290,4.1615,0.3944,314,335,0,0,1
6291,4.5505,0.4525,314,334,0,1,1
6292,3.9912,0.5634,313,334,0,0,1
6293,4.0248,0.4703,312,333,0,1,1
6294,4.1877,0.448,312,332,0,1,1
6295,4.063,0.3915,311,332,0,0,1
6296,4.27,0.4418,310,331,0,1,1
6297,4.092,0.3795,309,330,0,1,1
6298,4.2613,0.7046,309,329,0,1,1
6299,4.2147,0.4656,308,329,0,0,1
6300,4.4833,0.5811,307,328,0,1,1
6301,3.7328,0.4727,307,327,0,1,1
6302,4.3604,0.4493,304,327,0,0,1
6303,4.2751,0.4836,304,324,0,3,1
6304,3.9309,0.4801,304,324,0,0,1
6305,4.1558,0.3973,303,324,0,0,1
6306,4.2707,0.6049,303,323,0,1,1
6307,4.0569,0.427,303,323,0,0,1
6308,4.1344,0.5124,303,323,0,0,1
6309,4.4198,0.5226,303,323,0,0,1
6310,3.9861,0.5919,303,323,0,0,1
6311,4.1215,0.3634,303,323,0,0,1
6312,4.2276,0.6108,303,323,0,0,1
6313,4.0564,0.4668,303,323,0,0,1
6314,4.1318,0.4219,303,323,0,0,1
6315,4.2055,0.4321,303,323,0,0,1
6316,4.224,0.4333,302,323,0,0,1
6317,4.3652,0.4652,300,322,0,1,1
6318,4.1807,0.6321,299,320,0,2,1
6319,4.1772,0.4618,299,319,0,1,1
6320,3.8973,0.5053,299,319,0,0,1
6321,4.1444,0.3755,298,319,0,0,1
6322,4.4724,0.5932,297,318,0,1,1
6323,3.923,0.5981,296,317,0,1,1
6324,4.7617,0.5629,296,316,0,1,1
6325,3.682,0.5795,296,316,0,0,1
6326,3.9962,0.3749,296,316,0,0,1
6327,4.5862,0.4646,296,316,0,0,1
6328,3.8003,0.5868,295,316,0,0,1
6329,4.1838,0.5227,294,315,0,1,1
6330,4.1612,0.7692,294,314,0,1,1
6331,4.1686,0.7431,294,314,0,0,1
6332,4.3767,0.5803,293,314,0,0,1
6333,3.9294,0.4226,293,313,0,1,1
6334,4.2445,0.5176,292,313,0,0,1
6335,4.1161,0.3964,292,312,0,1,1
6336,4.1341,0.5918,292,312,0,0,1
6337,4.2182,0.6185,292,312,0,0,1
6338,4.0788,0.3781,292,312,0,0,1
6339,4.477,0.4277,292,312,0,0,1
6340,3.9026,0.475,292,312,0,0,1
6341,4.1247,0.4425,291,312,0,0,1
6342,4.2135,0.5787,290,311,0,1,1
6343,4.4779,0.3687,281,310,0,1,1
6344,3.8058,0.488,281,301,0,9,1
6345,4.1461,0.4369,281,301,0,0,1
6346,4.4063,0.4825,280,301,0,0,1
6347,4.2172,0.3925,280,300,0,1,1
6348,3.9051,0.5883,279,300,0,0,1
6349,4.187,0.6303,279,299,0,1,1
6350,4.1536,0.4265,278,299,0,0,1
6351,4.1343,0.675,278,298,0,1,1
6352,4.1994,0.4668,277,298,0,0,1
6353,4.2171,0.494,277,297,0,1,1
6354,4.3667,0.4815,277,297,0,0,1
6355,4.0691,0.354,277,297,0,0,1
6356,4.0684,0.5912,275,297,0,0,1
6357,4.0974,0.4345,275,295,0,2,1
6358,4.6024,0.8901,320,341,46,0,1
6359,3.7814,0.4267,319,340,0,1,1
6360,4.2445,0.6851,319,339,0,1,1
6361,4.1342,0.679,319,339,0,0,1
6362,4.0633,0.5292,318,339,0,0,1
6363,4.1708,0.4531,317,338,0,1,1
6364,4.2363,0.5227,317,337,0,1,1
6365,4.4174,0.554,316,337,0,0,1
6366,3.9741,0.453,316,336,0,1,1
6367,4.0218,0.5549,316,336,0,0,1
6368,4.5691,0.5951,316,336,0,0,1
6369,3.8693,0.422,316,336,0,0,1
6370,4.1271,0.4256,316,336,0,0,1
6371,4.2088,0.4244,316,336,0,0,1
6372,4.1558,0.7301,316,336,0,0,1
6373,4.4654,0.5735,316,336,0,0,1
6374,3.889,0.7658,316,336,0,0,1
6375,4.1882,0.6726,316,336,0,0,1
6376,4.154,0.6464,315,336,0,0,1
6377,4.1394,0.4362,315,335,0,1,1
6378,4.1439,0.4407,314,335,0,0,1
6379,4.1236,0.6349,313,334,0,1,1
6380,4.4631,0.479,313,333,0,1,1
6381,3.9218,0.6216,313,333,0,0,1
6382,4.1545,0.4335,313,333,0,0,1
6383,4.1847,0.4312,312,333,0,0,1
6384,4.1277,0.4615,312,332,0,1,1
6385,4.1753,0.4543,312,332,0,0,1
6386,4.1194,0.5317,312,332,0,0,1
6387,4.212,0.516,311,332,0,0,1
6388,4.4252,0.6177,311,331,0,1,1
6389,4.0562,0.4813,310,331,0,0,1
6390,4.069,0.6036,310,330,0,1,1
6391,4.088,0.45,309,330,0,0,1
6392,4.2417,0.5045,309,329,0,1,1
6393,4.1148,0.3762,309,329,0,0,1
6394,4.2941,0.6342,309,329,0,0,1
6395,4.4105,0.58,306,329,0,0,1
6396,4.2253,0.4924,306,326,0,3,1
6397,3.7459,0.4043,306,326,0,0,1
6398,4.1643,0.4645,306,326,0,0,1
6399,4.2278,0.5399,305,326,0,0,1
6400,4.1989,0.4586,304,325,0,1,1
6401,4.1606,0.4907,304,324,0,1,1
6402,4.2359,0.4742,304,324,0,0,1
6403,4.3316,0.4556,304,324,0,0,1
6404,3.886,0.5048,304,324,0,0,1
6405,4.167,0.6221,303,324,0,0,1
6406,4.1193,0.456,303,323,0,1,1
6407,4.2086,0.3787,302,323,0,0,1
6408,4.1196,0.366,302,322,0,1,1
6409,4.1579,0.4339,301,322,0,0,1
6410,4.4168,0.5352,301,321,0,1,1
6411,4.2226,0.4111,301,321,0,0,1
6412,3.856,0.3923,301,321,0,0,1
6413,4.3634,0.5575,301,321,0,0,1
6414,4.0579,0.5749,300,321,0,0,1
6415,4.1873,0.652,299,320,0,1,1
6416,4.1398,0.4849,297,319,0,1,1
6417,4.5964,0.4615,297,317,0,2,1
6418,3.9,0.4328,297,317,0,0,1
6419,3.9275,0.6768,296,317,0,0,1
6420,4.4547,0.4266,289,316,0,1,1
6421,3.8751,0.3597,289,309,0,7,1
6422,4.1944,0.3935,289,309,0,0,1
6423,4.1455,0.4664,288,309,0,0,1
6424,4.229,0.6803,287,308,0,1,1
6425,4.2633,0.6773,285,307,0,1,1
6426,4.0402,0.4327,285,305,0,2,1
6427,4.4576,0.6538,285,305,0,0,1
6428,3.9095,0.5125,285,305,0,0,1
6429,4.42,0.4137,285,305,0,0,1
6430,3.9189,0.4854,285,305,0,0,1
6431,4.1563,0.4338,285,305,0,0,1
6432,4.1813,0.4066,285,305,0,0,1
6433,4.1334,0.4209,284,305,0,0,1
6434,4.1078,0.3693,283,304,0,1,1
6435,4.5031,0.8998,317,337,34,1,1
6436,4.1305,0.6101,317,337,0,0,1
6437,4.2908,0.7688,317,337,0,0,1
6438,3.8732,0.7794,316,337,0,0,1
6439,4.0799,0.3935,315,336,0,1,1
6440,4.2314,0.4836,315,335,0,1,1
6441,4.1024,0.4548,315,335,0,0,1
6442,4.195,0.5048,315,335,0,0,1
6443,4.4644,0.4967,314,335,0,0,1
6444,4.1434,0.3666,314,334,0,1,1
6445,3.8796,0.4237,314,334,0,0,1
6446,4.1278,0.664,314,334,0,0,1
6447,4.1651,0.4587,314,334,0,0,1
6448,4.2363,0.5714,314,334,0,0,1
6449,4.3518,0.3775,314,334,0,0,1
6450,4.0141,0.6481,314,334,0,0,1
6451,4.3697,0.5636,313,334,0,0,1
6452,3.9946,0.5248,313,333,0,1,1
6453,4.0616,0.4482,313,333,0,0,1
6454,4.1681,0.6387,313,333,0,0,1
6455,4.2255,0.3807,313,333,0,0,1
6456,4.1677,0.5649,313,333,0,0,1
6457,4.1326,0.3856,312,333,0,0,1
6458,4.3278,0.5736,312,332,0,1,1
6459,4.1596,0.4413,311,332,0,0,1
6460,4.0328,0.5194,310,331,0,1,1
6461,4.1701,0.4593,310,330,0,1,1
6462,4.0992,0.5662,310,330,0,0,1
6463,4.5174,0.4425,310,330,0,0,1
6464,3.8232,0.5587,310,330,0,0,1
6465,4.1501,0.7625,310,330,0,0,1
6466,4.4557,0.5373,310,330,0,0,1
6467,4.1504,0.3941,310,330,0,0,1
6468,4.1304,0.4471,308,330,0,0,1
6469,4.0137,0.4569,308,328,0,2,1
6470,4.0841,0.4371,308,328,0,0,1
6471,4.5651,0.4791,308,328,0,0,1
6472,3.7893,0.3693,308,328,0,0,1
6473,4.3342,0.522,308,328,0,0,1
6474,4.332,0.6011,308,328,0,0,1
6475,3.8811,0.7026,307,328,0,0,1
6476,4.4603,0.5845,307,327,0,1,1
6477,3.8501,0.3761,307,327,0,0,1
6478,4.1673,0.4708,303,327,0,0,1
6479,4.2019,0.4941,302,323,0,4,1
6480,4.1611,0.7525,301,322,0,1,1
6481,4.3956,0.541,300,321,0,1,1
6482,4.078,0.4304,300,320,0,1,1
6483,3.9742,0.5116,300,320,0,0,1
6484,4.2278,0.6666,300,320,0,0,1
6485,4.1664,0.45,300,320,0,0,1
6486,4.0861,0.6606,298,320,0,0,1
6487,4.5263,0.3944,297,318,0,2,1
6488,3.9376,0.5967,297,317,0,1,1
6489,4.1245,0.4331,297,317,0,0,1
6490,4.1574,0.4191,297,317,0,0,1
6491,4.1671,0.4071,297,317,0,0,1
6492,4.4856,0.4329,296,317,0,0,1
6493,3.9384,0.461,296,316,0,1,1
6494,4.0671,0.7139,296,316,0,0,1
6495,4.1604,0.4245,296,316,0,0,1
6496,4.1545,0.4088,296,316,0,0,1
6497,4.2075,0.5066,289,316,0,0,1
6498,4.147,0.7325,289,309,0,7,1
6499,4.3467,0.4884,289,309,0,0,1
6500,4.1464,0.3636,289,309,0,0,1
6501,3.9321,0.3667,289,309,0,0,1
6502,4.3213,0.5373,289,309,0,0,1
6503,4.1262,0.4768,289,309,0,0,1
6504,4.0863,0.3997,288,309,0,0,1
6505,4.1754,0.3831,288,308,0,1,1
6506,4.1986,1.0214,288,308,0,0,1
6507,4.4191,0.4696,288,308,0,0,1
6508,4.1752,0.4441,288,308,0,0,1
6509,3.886,0.5298,288,308,0,0,1
6510,4.1952,0.6734,287,308,0,0,1
6511,4.371,0.4753,287,307,0,1,1
6512,3.9276,0.8338,333,353,46,0,1
6513,4.2018,0.3859,333,353,0,0,1
6514,4.388,0.5374,333,353,0,0,1
6515,4.1796,0.4568,332,353,0,0,1
6516,3.8578,0.4338,332,352,0,1,1
6517,4.2519,0.5079,332,352,0,0,1
6518,4.1113,0.7469,331,352,0,0,1
6519,4.137,0.6469,331,351,0,1,1
6520,4.2402,0.4542,330,351,0,0,1
6521,4.4039,0.5349,330,350,0,1,1
6522,4.247,0.4106,330,350,0,0,1
6523,3.8391,0.4255,329,350,0,0,1
6524,4.2584,0.4263,328,349,0,1,1
6525,4.0301,0.5209,328,348,0,1,1
6526,4.2965,0.787,328,348,0,0,1
6527,4.0822,0.4914,327,348,0,0,1
6528,4.1838,0.4567,327,347,0,1,1
6529,4.29,0.447,326,347,0,0,1
6530,4.1671,0.4217,326,346,0,1,1
6531,3.9962,0.5115,325,346,0,0,1
6532,4.2772,0.8609,324,345,0,1,1
6533,4.1126,0.6927,323,344,0,1,1
6534,4.1466,0.6475,323,343,0,1,1
6535,4.365,0.4286,323,343,0,0,1
6536,4.2519,0.4909,323,343,0,0,1
6537,3.8746,0.4074,322,343,0,0,1
6538,4.167,0.673,321,342,0,1,1
6539,4.153,0.5376,321,341,0,1,1
6540,4.25,0.4401,320,341,0,0,1
6541,4.0839,0.4187,320,340,0,1,1
6542,4.1234,0.4271,319,340,0,0,1
6543,4.4422,0.3829,319,339,0,1,1
6544,3.9806,0.4981,319,339,0,0,1
6545,4.3841,0.6281,319,339,0,0,1
6546,3.9461,0.6649,318,339,0,0,1
6547,4.7659,0.4607,317,338,0,1,1
6548,3.6867,0.3819,316,337,0,1,1
6549,4.0155,0.3844,316,336,0,1,1
6550,4.1897,0.7243,315,336,0,0,1
6551,4.1528,0.4661,314,335,0,1,1
6552,4.1859,0.4847,313,334,0,1,1
6553,4.1757,0.4457,313,333,0,1,1
6554,4.0708,0.3833,312,333,0,0,1
6555,4.4139,0.4776,311,332,0,1,1
6556,4.0324,0.5295,309,331,0,1,1
6557,4.1522,0.5841,307,329,0,2,1
6558,4.1139,0.4721,306,327,0,2,1
6559,4.4627,0.3677,306,326,0,1,1
6560,3.9201,0.4801,305,326,0,0,1
6561,4.1385,0.4736,304,325,0,1,1
6562,4.5948,0.5229,304,324,0,1,1
6563,3.7851,0.3837,303,324,0,0,1
6564,4.2553,0.3756,302,323,0,1,1
6565,4.0696,0.5295,302,322,0,1,1
6566,4.1052,0.4873,302,322,0,0,1
6567,4.1905,0.5099,302,322,0,0,1
6568,4.2105,0.4448,302,322,0,0,1
6569,4.1712,0.5525,300,322,0,0,1
6570,4.4034,0.6564,300,320,0,2,1
6571,3.9417,0.5136,300,320,0,0,1
6572,4.1416,0.4731,300,320,0,0,1
6573,4.1038,0.4399,293,320,0,0,1
6574,4.1883,0.6426,293,313,0,7,1
6575,4.1706,0.4697,293,313,0,0,1
6576,4.4443,0.6041,293,313,0,0,1
6577,4.0425,0.4682,292,313,0,0,1
6578,4.0177,0.4083,291,312,0,1,1
6579,4.2056,0.5176,291,311,0,1,1
6580,4.1563,0.5462,291,311,0,0,1
6581,4.1091,0.577,291,311,0,0,1
6582,4.1861,0.6116,291,311,0,0,1
6583,4.3794,0.4763,290,311,0,0,1
6584,3.9333,0.4737,290,310,0,1,1
6585,4.4089,0.5108,290,310,0,0,1
6586,4.0461,0.4391,290,310,0,0,1
6587,4.101,0.3877,287,310,0,0,1
6588,4.2518,0.4464,287,307,0,3,1
6589,4.1489,0.6761,321,341,34,0,1
6590,4.0547,0.4075,320,341,0,0,1
6591,4.1437,0.4656,320,340,0,1,1
6592,4.3856,0.497,320,340,0,0,1
6593,4.2224,0.447,319,340,0,0,1
6594,4.0034,0.4912,319,339,0,1,1
6595,4.197,0.6762,319,339,0,0,1
6596,4.4028,0.5991,318,339,0,0,1
6597,3.7845,0.3743,318,338,0,1,1
6598,4.5438,0.5695,317,338,0,0,1
6599,3.8692,0.5112,317,337,0,1,1
6600,4.4553,0.5287,317,337,0,0,1
6601,3.9416,0.6609,317,337,0,0,1
6602,4.0552,0.4447,317,337,0,0,1
6603,4.5334,0.4939,316,337,0,0,1
6604,3.8056,0.4084,316,336,0,1,1
6605,4.1733,0.4286,316,336,0,0,1
6606,4.1678,0.5522,316,336,0,0,1
6607,4.6299,0.5611,316,336,0,0,1
6608,3.9952,0.5224,316,336,0,0,1
6609,3.87,0.381,315,336,0,0,1
6610,4.4959,0.5703,314,335,0,1,1
6611,3.9665,0.6959,311,334,0,1,1
6612,4.0271,0.4743,311,331,0,3,1
6613,4.189,0.579,311,331,0,0,1
6614,4.124,0.3767,310,331,0,0,1
6615,4.2399,0.4203,310,330,0,1,1
6616,4.1208,0.4277,310,330,0,0,1
6617,4.1861,0.5132,310,330,0,0,1
6618,4.4374,0.5684,310,330,0,0,1
6619,4.0732,0.4307,310,330,0,0,1
6620,4.0473,0.7029,309,330,0,0,1
6621,4.0815,0.3823,308,329,0,1,1
6622,4.2407,0.5497,307,328,0,1,1
6623,4.1155,0.5236,306,327,0,1,1
6624,4.2263,0.551,306,326,0,1,1
6625,4.103,0.4468,306,326,0,0,1
6626,4.437,0.5124,306,326,0,0,1
6627,3.9171,0.4329,306,326,0,0,1
6628,4.2057,0.5838,306,326,0,0,1
6629,4.0723,0.4294,306,326,0,0,1
6630,4.2155,0.4546,306,326,0,0,1
6631,4.4435,0.2836,2,326,0,0,0
6632,3.8735,0.6119,2,23,0,303,0
6633,4.3072,0.2755,2,23,0,0,0
6634,4.0901,0.2946,2,23,0,0,0
6635,4.1515,0.2574,2,23,0,0,0
6636,4.0877,0.2292,2,23,0,0,0
6637,4.4808,0.2378,2,23,0,0,0
6638,3.8769,0.3687,2,23,0,0,0
6639,4.1857,0.3858,2,23,0,0,0
6640,4.1799,0.3088,2,23,0,0,0
6641,4.4805,0.3404,2,23,0,0,0
6642,3.9091,0.2851,2,23,0,0,0
6643,4.1215,0.4392,2,23,0,0,0
6644,4.206,0.2532,2,23,0,0,0
6645,4.0513,0.192,2,23,0,0,0
6646,4.2215,0.3451,2,23,0,0,0
6647,4.1961,0.2641,2,23,0,0,0
6648,4.3381,0.249,2,23,0,0,0
6649,4.0185,0.287,2,23,0,0,0
6650,4.0893,0.3661,2,23,0,0,0
6651,4.1241,0.3052,2,23,0,0,0
6652,4.2152,0.2468,2,23,0,0,0
6653,4.2385,0.2126,2,23,0,0,0
6654,4.139,0.3006,2,23,0,0,0
6655,4.6133,0.2283,2,23,0,0,0
6656,3.8997,0.2889,2,23,0,0,0
6657,3.9381,0.2472,2,23,0,0,0
6658,4.1865,0.3472,2,23,0,0,0
6659,4.1597,0.2635,2,23,0,0,0
6660,4.1811,0.229,2,23,0,0,0
6661,4.2087,0.2596,2,23,0,0,0
6662,4.1087,0.2308,2,23,0,0,0
6663,4.4593,0.3093,2,23,0,0,0
6664,3.97,0.2383,2,23,0,0,0
6665,4.1061,0.2845,2,23,0,0,0
6666,4.1617,0.217,2,23,0,0,0
6667,4.2673,0.3376,2,23,0,0,0
6668,3.9852,0.2101,2,23,0,0,0
6669,4.2947,0.2308,2,23,0,0,0
6670,4.1267,0.5006,2,23,0,0,0
6671,4.487,0.4127,2,23,0,0,0
6672,3.9204,0.4504,2,23,0,0,0
6673,4.0356,0.2833,2,23,0,0,0
6674,4.1865,0.2507,2,23,0,0,0
6675,4.1772,0.2438,2,23,0,0,0
6676,4.2515,0.2523,2,23,0,0,0
6677,4.1905,0.3208,2,23,0,0,0
6678,4.1323,0.238,2,23,0,0,0
6679,4.3485,0.3452,2,23,0,0,0
6680,3.9514,0.3197,2,23,0,0,0
6681,4.1266,0.2242,2,23,0,0,0
6682,4.4086,0.3079,2,23,0,0,0
6683,4.0154,0.3865,2,23,0,0,0
6684,4.074,0.2422,2,23,0,0,0
6685,4.2438,0.2547,2,23,0,0,0
6686,4.0496,0.3584,2,23,0,0,0
6687,4.2476,0.2573,2,23,0,0,0
6688,4.5127,0.3013,2,23,0,0,0
6689,3.8826,0.3108,2,23,0,0,0
6690,4.1174,0.281,2,23,0,0,0
6691,4.1692,0.2487,2,23,0,0,0
6692,4.3072,0.3149,2,23,0,0,0
6693,3.9623,0.2245,2,23,0,0,0
6694,4.2064,0.2843,2,23,0,0,0
6695,4.2743,0.224,2,23,0,0,0
6696,4.1491,0.3667,2,23,0,0,0
6697,4.0863,0.2835,2,23,0,0,0
6698,4.1176,0.2485,2,23,0,0,0
6699,4.2062,0.2731,2,23,0,0,0
6700,4.4249,0.2812,2,23,0,0,0
6701,3.9281,0.4018,2,23,0,0,0
6702,4.1096,0.3402,2,23,0,0,0
6703,4.3038,0.2285,2,23,0,0,0
6704,4.1035,0.2482,2,23,0,0,0
6705,4.067,0.189,2,23,0,0,0
6706,4.1899,0.2568,2,23,0,0,0
6707,4.2204,0.4281,2,23,0,0,0
6708,4.1777,0.2225,2,23,0,0,0
6709,4.131,0.2077,2,23,0,0,0
6710,4.1578,0.2296,2,23,0,0,0
6711,4.1481,0.2156,2,23,0,0,0
6712,4.2344,0.4494,2,23,0,0,0
6713,4.1747,0.3421,2,23,0,0,0
6714,4.1274,0.1912,2,23,0,0,0
6715,4.1752,0.409,2,23,0,0,0
6716,4.0755,0.206,2,23,0,0,0
6717,4.1915,0.1792,2,23,0,0,0
6718,4.1549,0.2793,2,23,0,0,0
6719,4.2341,0.2478,2,23,0,0,0
6720,4.1725,0.3496,2,23,0,0,0
6721,4.1545,0.3484,2,23,0,0,0
6722,4.14,0.2883,2,23,0,0,0
6723,4.2159,0.2227,2,23,0,0,0
6724,4.1333,0.2733,2,23,0,0,0
6725,4.2174,0.2767,2,23,0,0,0
6726,4.3912,0.2479,2,23,0,0,0
6727,4.133,0.2215,2,23,0,0,0
6728,3.9587,0.4255,2,23,0,0,0
6729,4.1077,0.2192,2,23,0,0,0
6730,4.2327,0.2592,2,23,0,0,0
6731,4.1771,0.2465,2,23,0,0,0
6732,4.0984,0.2229,2,23,0,0,0
6733,4.23,0.2272,2,23,0,0,0
6734,4.1183,0.2465,2,23,0,0,0
6735,4.1661,0.2643,2,23,0,0,0
6736,4.175,0.2672,2,23,0,0,0
6737,4.2269,0.2538,2,23,0,0,0
6738,4.0535,0.2049,2,23,0,0,0
6739,4.206,0.4046,2,23,0,0,0
6740,4.3104,0.3151,2,23,0,0,0
6741,4.0299,0.2209,2,23,0,0,0
6742,4.4514,0.3467,2,23,0,0,0
6743,4.1044,0.2485,2,23,0,0,0
6744,4.0507,0.4322,2,23,0,0,0
6745,4.1445,0.431,2,23,0,0,0
6746,4.2332,0.4217,2,23,0,0,0
6747,4.1082,0.2468,2,23,0,0,0
6748,4.1126,0.325,2,23,0,0,0
6749,4.1873,0.2551,2,23,0,0,0
6750,4.1474,0.2229,2,23,0,0,0
6751,4.1036,0.1791,2,23,0,0,0
6752,4.1818,0.2588,2,23,0,0,0
6753,4.146,0.1923,2,23,0,0,0
6754,4.199,0.2796,2,23,0,0,0
6755,4.2277,0.2622,2,23,0,0,0
6756,4.102,0.2474,2,23,0,0,0
6757,4.2231,0.2385,2,23,0,0,0
6758,4.1613,0.4156,2,23,0,0,0
6759,4.3424,0.3815,2,23,0,0,0
6760,3.9452,0.2529,2,23,0,0,0
6761,4.1795,0.2056,2,23,0,0,0
6762,4.1502,0.2607,2,23,0,0,0
6763,4.1889,0.2273,2,23,0,0,0
6764,4.2297,0.2234,2,23,0,0,0
6765,4.0556,0.1879,2,23,0,0,0
6766,4.1701,0.2986,2,23,0,0,0
6767,4.5438,0.6681,53,73,50,0,1
6768,3.9049,0.3219,53,73,0,0,1
6769,4.1476,0.3815,53,73,0,0,1
6770,4.0776,0.7062,53,73,0,0,1
6771,4.5479,0.6089,53,73,0,0,1
6772,3.7798,0.301,53,73,0,0,1
6773,4.2095,0.2485,53,73,0,0,1
6774,4.1681,0.2808,53,73,0,0,1
6775,4.1629,0.3274,53,73,0,0,1
6776,4.524,0.2787,53,73,0,0,1
6777,3.812,0.276,53,73,0,0,1
6778,4.1775,0.2733,53,73,0,0,1
6779,4.1796,0.3259,53,73,0,0,1
6780,4.2813,0.2748,53,73,0,0,1
6781,4.0106,0.2733,53,73,0,0,1
6782,4.1968,0.3884,53,73,0,0,1
6783,4.1674,0.3368,53,73,0,0,1
6784,4.1561,0.2873,53,73,0,0,1
6785,4.1599,0.2789,53,73,0,0,1
6786,4.1449,0.2481,53,73,0,0,1
6787,4.1939,0.2864,53,73,0,0,1
6788,4.1207,0.2427,53,73,0,0,1
6789,4.2201,0.2908,53,73,0,0,1
6790,4.4559,0.3298,53,73,0,0,1
6791,3.9418,0.3267,53,73,0,0,1
6792,4.0851,0.2785,53,73,0,0,1
6793,4.4629,0.285,53,73,0,0,1
6794,3.8786,0.3262,53,73,0,0,1
6795,4.154,0.2853,53,73,0,0,1
6796,4.2055,0.3444,53,73,0,0,1
6797,4.1785,0.3238,53,73,0,0,1
6798,4.1585,0.3558,53,73,0,0,1
6799,4.2108,0.3401,53,73,0,0,1
6800,4.103,0.3267,53,73,0,0,1
6801,4.1659,0.2751,53,73,0,0,1
6802,4.1625,0.3582,53,73,0,0,1
6803,4.3619,0.4013,53,73,0,0,1
6804,4.7123,0.281,53,73,0,0,1
6805,3.426,0.2733,53,73,0,0,1
6806,4.1835,0.2892,53,73,0,0,1
6807,4.1338,0.2837,53,73,0,0,1
6808,4.2369,0.3826,53,73,0,0,1
6809,4.104,0.263,53,73,0,0,1
6810,4.1948,0.273,53,73,0,0,1
6811,4.3076,0.431,53,73,0,0,1
6812,3.96,0.2502,53,73,0,0,1
6813,4.1982,0.3208,53,73,0,0,1
6814,4.199,0.4578,53,73,0,0,1
6815,4.1643,0.2871,53,73,0,0,1
6816,4.1955,0.5016,53,73,0,0,1
6817,4.19,0.3134,53,73,0,0,1
6818,4.0804,0.2461,53,73,0,0,1
6819,4.2048,0.2453,53,73,0,0,1
6820,4.3827,0.3808,53,73,0,0,1
6821,3.9413,0.4792,53,73,0,0,1
6822,4.247,0.3495,53,73,0,0,1
6823,4.3577,0.4567,53,73,0,0,1
6824,3.9316,0.261,53,73,0,0,1
6825,4.0849,0.2637,53,73,0,0,1
6826,4.4107,0.481,53,73,0,0,1
6827,4.0057,0.2888,53,73,0,0,1
6828,4.0661,0.2457,53,73,0,0,1
6829,4.273,0.3115,53,73,0,0,1
6830,4.0993,0.2854,53,73,0,0,1
6831,4.1925,0.289,53,73,0,0,1
6832,4.4959,0.2824,53,73,0,0,1
6833,3.9998,0.4672,53,73,0,0,1
6834,4.1451,0.6027,103,123,50,0,1
6835,4.0594,0.399,103,123,0,0,1
6836,4.2024,0.4514,103,123,0,0,1
6837,4.0807,0.2415,103,123,0,0,1
6838,4.5583,0.382,103,123,0,0,1
6839,3.8355,0.3688,103,123,0,0,1
6840,4.1777,0.4714,103,123,0,0,1
6841,4.3176,0.3499,103,123,0,0,1
6842,4.396,0.3215,103,123,0,0,1
6843,4.0304,0.4089,103,123,0,0,1
6844,3.8463,0.3215,103,123,0,0,1
6845,4.1729,0.4571,103,123,0,0,1
6846,4.2035,0.4103,103,123,0,0,1
6847,4.0851,0.2659,103,123,0,0,1
6848,4.2772,0.3586,103,123,0,0,1
6849,4.1219,0.313,103,123,0,0,1
6850,4.1608,0.2814,103,123,0,0,1
6851,4.2105,0.3394,103,123,0,0,1
6852,4.0741,0.2873,103,123,0,0,1
6853,4.2624,0.4577,103,123,0,0,1
6854,4.1193,0.4176,103,123,0,0,1
6855,4.1367,0.3228,103,123,0,0,1
6856,4.2036,0.6121,103,123,0,0,1
6857,4.2598,0.5017,103,123,0,0,1
6858,4.0881,0.3014,103,123,0,0,1
6859,4.2402,0.4717,103,123,0,0,1
6860,4.1864,0.3113,103,123,0,0,1
6861,4.0106,0.2818,103,123,0,0,1
6862,4.2653,0.3562,103,123,0,0,1
6863,4.1601,0.3291,103,123,0,0,1
6864,4.3822,0.5037,103,123,0,0,1
6865,3.9272,0.4469,103,123,0,0,1
6866,4.134,0.2858,103,123,0,0,1
6867,4.1809,0.3883,103,123,0,0,1
6868,4.2074,0.4093,103,123,0,0,1
6869,4.167,0.2552,103,123,0,0,1
6870,4.1121,0.3645,102,123,0,0,1
6871,4.1606,0.3239,102,122,0,1,1
6872,4.3153,0.4191,102,122,0,0,1
6873,4.0306,0.3042,102,122,0,0,1
6874,4.1568,0.3388,102,122,0,0,1
6875,4.2521,0.3661,102,122,0,0,1
6876,4.0852,0.3031,102,122,0,0,1
6877,4.2216,0.4754,102,122,0,0,1
6878,4.1203,0.3285,102,122,0,0,1
6879,4.2082,0.3317,101,122,0,0,1
6880,4.1822,0.3998,101,121,0,1,1
6881,4.1759,0.3168,101,121,0,0,1
6882,4.3862,0.2799,101,121,0,0,1
6883,3.9128,0.5167,101,121,0,0,1
6884,4.2145,0.4286,101,121,0,0,1
6885,4.077,0.2377,101,121,0,0,1
6886,4.1829,0.3147,101,121,0,0,1
6887,4.2125,0.3611,101,121,0,0,1
6888,4.1488,0.3445,101,121,0,0,1
6889,4.1437,0.3176,101,121,0,0,1
6890,4.2011,0.5156,101,121,0,0,1
6891,4.4561,0.5523,100,121,0,0,1
6892,3.862,0.2959,100,120,0,1,1
6893,4.2622,0.4516,100,120,0,0,1
6894,4.1175,0.3628,100,120,0,0,1
6895,4.0875,0.2768,100,120,0,0,1
6896,4.1733,0.4023,100,120,0,0,1
6897,4.1689,0.3563,100,120,0,0,1
6898,4.2603,0.4608,100,120,0,0,1
6899,4.0861,0.3594,100,120,0,0,1
6900,4.104,0.2927,100,120,0,0,1
6901,4.512,0.4792,150,170,50,0,1
6902,3.8797,0.5351,150,170,0,0,1
6903,4.2167,0.4881,150,170,0,0,1
6904,4.1416,0.3551,150,170,0,0,1
6905,4.125,0.4144,150,170,0,0,1
6906,4.1916,0.3328,150,170,0,0,1
6907,4.2165,0.3982,150,170,0,0,1
6908,4.1096,0.3219,150,170,0,0,1
6909,4.1671,0.3557,150,170,0,0,1
6910,4.3592,0.6613,150,170,0,0,1
6911,4.0435,0.4143,150,170,0,0,1
6912,4.1777,0.4366,150,170,0,0,1
6913,4.0897,0.3543,150,170,0,0,1
6914,4.1505,0.3716,150,170,0,0,1
6915,4.1757,0.4103,150,170,0,0,1
6916,4.2031,0.4044,150,170,0,0,1
6917,4.3372,0.4428,150,170,0,0,1
6918,3.9732,0.3879,150,170,0,0,1
6919,4.1309,0.3594,150,170,0,0,1
6920,4.2339,0.3037,150,170,0,0,1
6921,4.1303,0.3594,150,170,0,0,1
6922,4.2475,0.5044,150,170,0,0,1
6923,4.1076,0.6224,150,170,0,0,1
6924,4.1119,0.3341,150,170,0,0,1
6925,4.2036,0.3691,150,170,0,0,1
6926,4.1273,0.5078,150,170,0,0,1
6927,4.2418,0.3363,150,170,0,0,1
6928,4.1776,0.4758,150,170,0,0,1
6929,4.1333,0.5054,150,170,0,0,1
6930,4.3084,0.4631,150,170,0,0,1
6931,4.0721,0.4067,150,170,0,0,1
6932,4.1457,0.3919,150,170,0,0,1
6933,4.0776,0.3484,150,170,0,0,1
6934,4.1709,0.4768,150,170,0,0,1
6935,4.4874,0.5904,150,170,0,0,1
6936,3.9353,0.3184,150,170,0,0,1
6937,4.0933,0.3798,150,170,0,0,1
6938,4.1513,0.4076,149,170,0,0,1
6939,4.2659,0.3872,149,169,0,1,1
6940,4.1679,0.4722,149,169,0,0,1
6941,4.1949,0.4986,148,169,0,0,1
6942,4.1597,0.603,148,168,0,1,1
6943,4.0627,0.2943,148,168,0,0,1
6944,4.2069,0.3566,148,168,0,0,1
6945,4.1162,0.3254,148,168,0,0,1
6946,4.1966,0.3397,148,168,0,0,1
6947,4.2239,0.5608,147,168,0,0,1
6948,4.0922,0.293,147,167,0,1,1
6949,4.1944,0.3905,147,167,0,0,1
6950,4.1322,0.3592,145,167,0,0,1
6951,4.4928,0.3621,145,165,0,2,1
6952,3.9074,0.3407,145,165,0,0,1
6953,4.1988,0.3116,145,165,0,0,1
6954,4.3059,0.6559,145,165,0,0,1
6955,4.0017,0.4924,145,165,0,0,1
6956,4.0743,0.3811,145,165,0,0,1
6957,4.2074,0.3815,145,165,0,0,1
6958,4.4901,0.5578,144,165,0,0,1
6959,3.9176,0.3547,144,164,0,1,1
6960,4.3521,0.4743,144,164,0,0,1
6961,4.2366,0.5051,144,164,0,0,1
6962,3.8385,0.3715,144,164,0,0,1
6963,4.5037,0.5799,144,164,0,0,1
6964,3.8988,0.4258,144,164,0,0,1
6965,4.1569,0.4874,144,164,0,0,1
6966,4.2183,0.5646,144,164,0,0,1
6967,4.0244,0.2766,144,164,0,0,1
6968,4.3208,0.6244,194,214,50,0,1
6969,4.0559,0.3129,194,214,0,0,1
6970,4.1773,0.4727,194,214,0,0,1
6971,4.2054,0.343,194,214,0,0,1
6972,4.1053,0.4381,194,214,0,0,1
6973,4.2063,0.3742,194,214,0,0,1
6974,4.1469,0.5264,194,214,0,0,1
6975,4.2004,0.3997,194,214,0,0,1
6976,4.1248,0.4056,194,214,0,0,1
6977,4.2167,0.4647,194,214,0,0,1
6978,4.1325,0.5608,194,214,0,0,1
6979,4.1935,0.5713,194,214,0,0,1
6980,4.1835,0.4362,194,214,0,0,1
6981,4.0787,0.3596,194,214,0,0,1
6982,4.5082,0.5559,194,214,0,0,1
6983,3.929,0.3964,192,214,0,0,1
6984,4.1716,0.5021,192,212,0,2,1
6985,4.1852,0.4808,192,212,0,0,1
6986,4.0757,0.2982,192,212,0,0,1
6987,4.2276,0.4605,192,212,0,0,1
6988,4.0942,0.3196,192,212,0,0,1
6989,4.2038,0.4125,192,212,0,0,1
6990,4.1608,0.4529,192,212,0,0,1
6991,4.137,0.3746,192,212,0,0,1
6992,4.1883,0.3755,192,212,0,0,1
6993,4.1678,0.3759,192,212,0,0,1
6994,4.2049,0.3946,192,212,0,0,1
6995,4.1697,0.5085,192,212,0,0,1
6996,4.0941,0.5089,192,212,0,0,1
6997,4.1989,0.5338,192,212,0,0,1
6998,4.3065,0.3991,192,212,0,0,1
6999,4.083,0.432,192,212,0,0,1
7000,4.1359,0.5091,192,212,0,0,1
7001,4.1918,0.3347,192,212,0,0,1
7002,4.0927,0.3773,192,212,0,0,1
7003,4.1556,0.4442,192,212,0,0,1
7004,4.1403,0.3791,192,212,0,0,1
7005,4.2106,0.3021,192,212,0,0,1
7006,4.2378,0.4621,192,212,0,0,1
7007,4.1458,0.3526,191,212,0,0,1
7008,4.136,0.3883,191,211,0,1,1
7009,4.1622,0.5813,191,211,0,0,1
7010,4.2639,0.5084,189,211,0,0,1
7011,4.0806,0.3767,189,209,0,2,1
7012,4.164,0.3898,188,209,0,0,1
7013,4.1424,0.3516,188,208,0,1,1
7014,4.2052,0.4395,188,208,0,0,1
7015,4.1204,0.3371,188,208,0,0,1
7016,4.2281,0.5816,188,208,0,0,1
7017,4.1179,0.3698,187,208,0,0,1
7018,4.1266,0.4025,187,207,0,1,1
7019,4.213,0.3544,187,207,0,0,1
7020,4.1471,0.376,187,207,0,0,1
7021,4.2111,0.4672,187,207,0,0,1
7022,4.1284,0.5532,187,207,0,0,1
7023,4.292,0.593,187,207,0,0,1
7024,4.0594,0.373,187,207,0,0,1
7025,4.2181,0.4364,187,207,0,0,1
7026,4.1388,0.3424,186,207,0,0,1
7027,4.1207,0.5604,185,206,0,1,1
7028,4.2105,0.5005,184,205,0,1,1
7029,4.1461,0.3798,184,204,0,1,1
7030,4.2643,0.341,184,204,0,0,1
7031,4.1126,0.4259,184,204,0,0,1
7032,4.3996,0.3083,184,204,0,0,1
7033,3.9284,0.4238,184,204,0,0,1
7034,4.1029,0.4331,184,204,0,0,1
7035,4.2313,0.7819,233,254,50,0,1
7036,4.2023,0.3954,233,253,0,1,1
7037,4.1428,0.5007,233,253,0,0,1
7038,4.1938,0.4525,233,253,0,0,1
7039,4.0725,0.4303,233,253,0,0,1
7040,4.232,0.4486,233,253,0,0,1
7041,4.0857,0.3876,233,253,0,0,1
7042,4.1589,0.4769,233,253,0,0,1
7043,4.2052,0.411,233,253,0,0,1
7044,4.1631,0.3633,233,253,0,0,1
7045,4.1823,0.3644,233,253,0,0,1
7046,4.1277,0.6232,232,253,0,0,1
7047,4.231,0.5619,232,252,0,1,1
7048,4.1319,0.4756,232,252,0,0,1
7049,4.2245,0.4334,232,252,0,0,1
7050,4.1372,0.3177,232,252,0,0,1
7051,4.2052,0.456,232,252,0,0,1
7052,4.1201,0.3548,232,252,0,0,1
7053,4.1102,0.3762,232,252,0,0,1
7054,4.2833,0.596,232,252,0,0,1
7055,4.0896,0.3833,231,252,0,0,1
7056,4.2526,0.5078,231,251,0,1,1
7057,4.0916,0.3845,231,251,0,0,1
7058,4.157,0.3308,231,251,0,0,1
7059,4.2095,0.5059,231,251,0,0,1
7060,4.1928,0.396,231,251,0,0,1
7061,4.2331,0.5861,231,251,0,0,1
7062,4.3338,0.4673,231,251,0,0,1
7063,3.8213,0.3306,231,251,0,0,1
7064,4.2199,0.4134,229,251,0,0,1
7065,4.128,0.3782,229,249,0,2,1
7066,4.1832,0.4497,229,249,0,0,1
7067,4.2479,0.6321,229,249,0,0,1
7068,4.0756,0.3418,229,249,0,0,1
7069,4.2473,0.485,228,249,0,0,1
7070,4.0801,0.4007,228,248,0,1,1
7071,4.1976,0.3907,227,248,0,0,1
7072,4.1517,0.4408,227,247,0,1,1
7073,4.2801,0.5547,227,247,0,0,1
7074,4.1182,0.4721,227,247,0,0,1
7075,4.4151,0.5847,227,247,0,0,1
7076,3.9398,0.3926,226,247,0,0,1
7077,4.0585,0.3803,226,246,0,1,1
7078,4.2188,0.4087,225,246,0,0,1
7079,4.292,0.6363,225,245,0,1,1
7080,4.366,0.6663,224,245,0,0,1
7081,3.9223,0.3747,224,244,0,1,1
7082,4.3273,0.404,224,244,0,0,1
7083,3.9578,0.4285,224,244,0,0,1
7084,4.1218,0.3385,224,244,0,0,1
7085,4.2288,0.6177,224,244,0,0,1
7086,4.2371,0.5019,223,244,0,0,1
7087,4.0332,0.4271,223,243,0,1,1
7088,4.1917,0.3879,222,243,0,0,1
7089,4.124,0.3318,222,242,0,1,1
7090,4.1975,0.398,221,242,0,0,1
7091,4.1485,0.3326,221,241,0,1,1
7092,4.275,0.5445,220,241,0,0,1
7093,4.0954,0.4015,220,240,0,1,1
7094,4.1115,0.4012,220,240,0,0,1
7095,4.2317,0.4759,220,240,0,0,1
7096,4.1374,0.384,220,240,0,0,1
7097,4.199,0.5662,220,240,0,0,1
7098,4.21,0.491,220,240,0,0,1
7099,4.1295,0.4606,220,240,0,0,1
7100,4.1612,0.4417,219,240,0,0,1
7101,4.4645,0.3048,219,239,0,1,1
7102,3.884,0.9165,269,289,50,0,1
7103,4.1669,0.4347,269,289,0,0,1
7104,4.1816,0.4813,269,289,0,0,1
7105,4.1406,0.389,268,289,0,0,1
7106,4.1084,0.4902,268,288,0,1,1
7107,4.2202,0.4664,268,288,0,0,1
7108,4.1967,0.4604,268,288,0,0,1
7109,4.2153,0.6393,268,288,0,0,1
7110,4.0595,0.4155,268,288,0,0,1
7111,4.1313,0.3692,268,288,0,0,1
7112,4.5064,0.5291,268,288,0,0,1
7113,3.851,0.4361,268,288,0,0,1
7114,4.2255,0.4172,268,288,0,0,1
7115,4.1659,0.3936,268,288,0,0,1
7116,4.1079,0.6715,267,288,0,0,1
7117,4.3153,0.7902,267,287,0,1,1
7118,4.0318,0.4267,267,287,0,0,1
7119,4.1934,0.5007,267,287,0,0,1
7120,4.1283,0.4685,267,287,0,0,1
7121,4.1625,0.4474,267,287,0,0,1
7122,4.1957,0.3591,267,287,0,0,1
7123,4.2331,0.6625,266,287,0,0,1
7124,4.1082,0.4557,266,286,0,1,1
7125,4.5084,0.3338,266,286,0,0,1
7126,4.1638,0.5925,266,286,0,0,1
7127,3.8726,0.4511,266,286,0,0,1
7128,4.1839,0.3667,266,286,0,0,1
7129,4.0865,0.584,265,286,0,0,1
7130,4.1201,0.4169,265,285,0,1,1
7131,4.3139,0.3855,265,285,0,0,1
7132,4.0669,0.4183,264,285,0,0,1
7133,4.2179,0.4683,264,284,0,1,1
7134,4.1527,0.4474,263,284,0,0,1
7135,4.139,0.5592,263,283,0,1,1
7136,4.2032,0.6037,263,283,0,0,1
7137,4.1047,0.4102,263,283,0,0,1
7138,4.1961,0.4219,263,283,0,0,1
7139,4.1954,0.5909,263,283,0,0,1
7140,4.1093,0.4955,263,283,0,0,1
7141,4.1858,0.446,263,283,0,0,1
7142,4.2458,0.5307,263,283,0,0,1
7143,4.1565,0.4551,262,283,0,0,1
7144,4.0904,0.4769,262,282,0,1,1
7145,4.2021,0.5431,262,282,0,0,1
7146,4.1531,0.4521,262,282,0,0,1
7147,4.1825,0.6862,262,282,0,0,1
7148,4.0846,0.4491,261,282,0,0,1
7149,4.1926,0.3973,261,281,0,1,1
7150,4.2032,0.528,260,281,0,0,1
7151,4.2012,0.3943,259,280,0,1,1
7152,4.1648,0.4644,259,279,0,1,1
7153,4.1316,0.456,257,279,0,0,1
7154,4.2031,0.688,257,277,0,2,1
7155,4.1959,0.5861,256,277,0,0,1
7156,4.113,0.4765,256,276,0,1,1
7157,4.1883,0.4014,255,276,0,0,1
7158,4.1376,0.375,254,275,0,1,1
7159,4.1929,0.452,253,274,0,1,1
7160,4.3311,0.6439,253,273,0,1,1
7161,3.951,0.3567,253,273,0,0,1
7162,4.2284,0.4793,252,273,0,0,1
7163,4.1694,0.4307,252,272,0,1,1
7164,4.1141,0.3343,252,272,0,0,1
7165,4.2085,0.7429,252,272,0,0,1
7166,4.1141,0.5818,252,272,0,0,1
7167,4.2155,0.3488,252,272,0,0,1
7168,4.1693,0.5264,251,272,0,0,1
7169,4.1343,0.3712,251,271,0,1,1
7170,4.1983,0.621,301,321,50,0,1
7171,4.1588,0.4343,300,321,0,0,1
7172,4.1524,0.6324,300,320,0,1,1
7173,4.4085,0.4416,299,320,0,0,1
7174,4.0246,0.7383,298,319,0,1,1
7175,4.047,0.5964,298,318,0,1,1
7176,4.2412,0.4931,298,318,0,0,1
7177,4.1325,0.4781,298,318,0,0,1
7178,4.2033,0.3753,298,318,0,0,1
7179,4.1611,0.365,297,318,0,0,1
7180,4.1049,0.3986,297,317,0,1,1
7181,4.1457,0.4402,297,317,0,0,1
7182,4.5392,0.5105,297,317,0,0,1
7183,3.7906,0.3759,297,317,0,0,1
7184,4.183,0.3994,297,317,0,0,1
7185,4.1428,0.4155,297,317,0,0,1
7186,4.4866,0.6026,297,317,0,0,1
7187,3.8701,0.4646,296,317,0,0,1
7188,4.1596,0.3794,295,316,0,1,1
7189,4.2334,0.416,294,315,0,1,1
7190,4.0841,0.5138,294,314,0,1,1
7191,4.5046,0.6601,294,314,0,0,1
7192,3.9211,0.366,294,314,0,0,1
7193,4.1757,0.6507,294,314,0,0,1
7194,4.1266,0.5034,293,314,0,0,1
7195,4.5499,0.5223,292,313,0,1,1
7196,3.7652,0.4699,291,312,0,1,1
7197,4.1185,0.3433,291,311,0,1,1
7198,4.2263,0.4037,291,311,0,0,1
7199,4.2933,0.6417,291,311,0,0,1
7200,4.0946,0.456,291,311,0,0,1
7201,4.0723,0.3912,291,311,0,0,1
7202,4.1833,0.369,290,311,0,0,1
7203,4.188,0.4771,290,310,0,1,1
7204,4.2226,0.4712,290,310,0,0,1
7205,4.1721,0.5722,290,310,0,0,1
7206,4.1075,0.3998,290,310,0,0,1
7207,4.1275,0.4481,290,310,0,0,1
7208,4.1733,0.459,290,310,0,0,1
7209,4.1898,0.3586,290,310,0,0,1
7210,4.13,0.5332,290,310,0,0,1
7211,4.2369,0.4431,289,310,0,0,1
7212,4.0959,0.464,288,309,0,1,1
7213,4.2051,0.4235,288,308,0,1,1
7214,4.1707,0.6081,288,308,0,0,1
7215,4.1593,0.4812,288,308,0,0,1
7216,4.1653,0.4788,288,308,0,0,1
7217,4.1945,0.3737,288,308,0,0,1
7218,4.2567,0.5971,288,308,0,0,1
7219,4.0382,0.3658,288,308,0,0,1
7220,4.2086,0.5035,288,308,0,0,1
7221,4.3868,0.4126,288,308,0,0,1
7222,3.9299,0.5145,288,308,0,0,1
7223,4.2184,0.3667,288,308,0,0,1
7224,4.243,0.677,288,308,0,0,1
7225,4.0688,0.4751,288,308,0,0,1
7226,4.1744,0.3559,288,308,0,0,1
7227,4.1661,0.4184,287,308,0,0,1
7228,4.1217,0.4727,287,307,0,1,1
7229,4.1585,0.6365,286,307,0,0,1
7230,4.246,0.6302,286,306,0,1,1
7231,4.0719,0.3657,286,306,0,0,1
7232,4.1971,0.5473,285,306,0,0,1
7233,4.1449,0.4248,284,305,0,1,1
7234,4.4788,0.3583,284,304,0,1,1
7235,3.9188,0.3795,284,304,0,0,1
7236,4.0906,0.7299,284,304,0,0,1
7237,4.3222,0.859,334,354,50,0,1
7238,4.0387,0.664,333,354,0,0,1
7239,4.1784,0.4849,333,353,0,1,1
7240,4.1493,0.4181,333,353,0,0,1
7241,4.2218,0.5319,332,353,0,0,1
7242,4.1441,0.4025,332,352,0,1,1
7243,4.2708,0.734,332,352,0,0,1
7244,4.0326,0.445,332,352,0,0,1
7245,4.3119,0.3949,332,352,0,0,1
7246,4.0265,0.4282,332,352,0,0,1
7247,4.2131,0.4325,332,352,0,0,1
7248,4.1499,0.5619,332,352,0,0,1
7249,4.1668,0.5645,332,352,0,0,1
7250,4.1513,0.5348,331,352,0,0,1
7251,4.2161,0.5396,331,351,0,1,1
7252,4.1354,0.5682,330,351,0,0,1
7253,4.1777,0.6479,330,350,0,1,1
7254,4.2284,0.4331,329,350,0,0,1
7255,4.0542,0.3921,329,349,0,1,1
7256,4.3356,0.6093,329,349,0,0,1
7257,3.985,0.4773,329,349,0,0,1
7258,4.2161,0.5116,328,349,0,0,1
7259,4.1409,0.4324,328,348,0,1,1
7260,4.14,0.5609,327,348,0,0,1
7261,4.2024,0.5262,327,347,0,1,1
7262,4.2017,0.5934,327,347,0,0,1
7263,4.1343,0.4325,326,347,0,0,1
7264,4.1472,0.4631,326,346,0,1,1
7265,4.2253,0.5007,326,346,0,0,1
7266,4.1807,0.483,326,346,0,0,1
7267,4.1423,0.6959,326,346,0,0,1
7268,4.2266,0.6253,324,346,0,0,1
7269,4.344,0.3933,324,344,0,2,1
7270,3.9591,0.6042,324,344,0,0,1
7271,4.0829,0.5335,324,344,0,0,1
7272,4.22,0.4995,324,344,0,0,1
7273,4.139,0.4891,324,344,0,0,1
7274,4.141,0.4164,324,344,0,0,1
7275,4.2317,0.4462,324,344,0,0,1
7276,4.1217,0.6083,324,344,0,0,1
7277,4.4758,0.4777,322,344,0,0,1
7278,3.8689,0.5018,321,342,0,2,1
7279,4.1335,0.7479,320,341,0,1,1
7280,4.1615,0.5668,320,340,0,1,1
7281,4.2672,0.3763,319,340,0,0,1
7282,4.1498,0.6975,318,339,0,1,1
7283,4.1709,0.547,317,338,0,1,1
7284,4.0986,0.4311,317,337,0,1,1
7285,4.1482,0.392,316,337,0,0,1
7286,4.1965,0.5743,315,336,0,1,1
7287,4.2476,0.6135,314,335,0,1,1
7288,4.0763,0.4997,314,334,0,1,1
7289,4.5839,0.5227,313,334,0,0,1
7290,3.721,0.479,313,333,0,1,1
7291,4.2404,0.7004,313,333,0,0,1
7292,4.1443,0.6154,313,333,0,0,1
7293,4.4607,0.4086,313,333,0,0,1
7294,3.8922,0.4381,313,333,0,0,1
7295,4.182,0.5192,313,333,0,0,1
7296,4.5265,0.6566,313,333,0,0,1
7297,3.7987,0.4145,313,333,0,0,1
7298,4.1293,0.535,313,333,0,0,1
7299,4.1725,0.6326,313,333,0,0,1
7300,4.1641,0.4891,313,333,0,0,1
7301,4.171,0.5085,313,333,0,0,1
7302,4.1811,0.4444,312,333,0,0,1
7303,4.1275,0.39,311,332,0,1,1
7304,4.263,0.524,361,381,50,1,1
7305,4.0572,0.4129,361,381,0,0,1
7306,4.3087,0.7357,360,381,0,0,1
7307,4.123,0.6787,359,380,0,1,1
7308,4.1517,0.6641,359,379,0,1,1
7309,4.1108,0.6285,359,379,0,0,1
7310,4.1764,0.5083,357,379,0,0,1
7311,4.12,0.6602,357,377,0,2,1
7312,4.2718,0.4876,357,377,0,0,1
7313,4.0985,0.4655,357,377,0,0,1
7314,4.1547,0.5852,357,377,0,0,1
7315,4.2449,0.4353,357,377,0,0,1
7316,4.1569,0.4297,357,377,0,0,1
7317,4.4835,0.4359,357,377,0,0,1
7318,3.8746,0.7364,357,377,0,0,1
7319,4.1228,0.4205,356,377,0,0,1
7320,4.1822,0.4736,355,376,0,1,1
7321,4.1025,0.5295,355,375,0,1,1
7322,4.3309,0.498,355,375,0,0,1
7323,4.2888,0.4908,355,375,0,0,1
7324,3.9014,0.4423,355,375,0,0,1
7325,4.2223,0.5947,355,375,0,0,1
7326,4.0995,0.4193,354,375,0,0,1
7327,4.4338,0.6347,354,374,0,1,1
7328,3.958,0.4432,353,374,0,0,1
7329,4.1002,0.4001,353,373,0,1,1
7330,4.2264,0.641,352,373,0,0,1
7331,4.2544,0.5807,352,372,0,1,1
7332,4.2715,0.5403,352,372,0,0,1
7333,4.0163,0.6859,349,372,0,0,1
7334,4.0878,0.5052,349,369,0,3,1
7335,4.4485,0.4435,347,369,0,0,1
7336,3.9267,0.6927,347,367,0,2,1
7337,4.1888,0.893,347,367,0,0,1
7338,4.1559,0.454,346,367,0,0,1
7339,4.4109,0.6263,346,366,0,1,1
7340,3.9609,0.534,345,366,0,0,1
7341,4.1856,0.3911,344,365,0,1,1
7342,4.0725,0.6066,344,364,0,1,1
7343,4.3174,0.7343,344,364,0,0,1
7344,4.3061,0.6915,343,364,0,0,1
7345,4.1524,0.4816,341,363,0,1,1
7346,4.3184,0.4092,340,361,0,2,1
7347,3.7224,0.4186,340,360,0,1,1
7348,4.1704,0.3979,340,360,0,0,1
7349,4.2259,0.5774,340,360,0,0,1
7350,4.1205,0.4527,337,360,0,0,1
7351,4.174,0.7605,337,357,0,3,1
7352,4.2333,0.5542,337,357,0,0,1
7353,4.0621,0.5142,337,357,0,0,1
7354,4.2455,0.5422,337,357,0,0,1
7355,4.1746,0.3972,336,357,0,0,1
7356,4.095,0.3912,336,356,0,1,1
7357,4.1821,0.4308,334,356,0,0,1
7358,4.2082,0.5829,333,354,0,2,1
7359,4.1831,0.5225,333,353,0,1,1
7360,4.0999,0.4905,333,353,0,0,1
7361,4.2142,0.4251,333,353,0,0,1
7362,4.1195,0.3813,333,353,0,0,1
7363,4.3954,0.57,333,353,0,0,1
7364,3.9792,0.5593,333,353,0,0,1
7365,4.5814,0.3885,333,353,0,0,1
7366,3.9957,0.6513,326,353,0,0,1
7367,3.9532,0.4878,325,346,0,7,1
7368,4.4839,0.5974,324,345,0,1,1
7369,3.8948,0.5317,324,344,0,1,1
7370,4.1,0.3822,324,344,0,0,1
7371,4.0901,0.5103,374,394,50,0,1
7372,4.1899,0.4443,374,394,0,0,1
7373,4.1594,0.449,374,394,0,0,1
7374,4.2262,0.4275,374,394,0,0,1
7375,4.2243,0.7089,372,394,0,0,1
7376,4.1203,0.4816,370,392,0,2,1
7377,4.0704,0.4135,370,390,0,2,1
7378,4.6221,0.5464,368,390,0,0,1
7379,3.8638,0.6023,368,388,0,2,1
7380,4.0017,0.6515,368,388,0,0,1
7381,4.3152,0.6608,368,388,0,0,1
7382,4.12,0.6997,368,388,0,0,1
7383,4.1027,0.5086,368,388,0,0,1
7384,4.1775,0.5431,368,388,0,0,1
7385,4.2184,0.4642,368,388,0,0,1
7386,4.1924,0.4335,368,388,0,0,1
7387,4.1368,0.6934,366,388,0,0,1
7388,4.2435,0.681,365,386,0,2,1
7389,4.3693,0.4795,364,385,0,1,1
7390,3.873,0.4583,364,384,0,1,1
7391,4.1909,0.471,362,384,0,0,1
7392,4.3705,0.6029,362,382,0,2,1
7393,3.886,0.4558,362,382,0,0,1
7394,4.3362,0.6491,361,382,0,0,1
7395,4.0064,0.4797,360,381,0,1,1
7396,4.2336,0.5807,360,380,0,1,1
7397,4.1594,0.5053,360,380,0,0,1
7398,4.2463,0.5396,360,380,0,0,1
7399,4.1025,0.7749,360,380,0,0,1
7400,4.1593,0.7062,360,380,0,0,1
7401,4.1096,0.4697,360,380,0,0,1
7402,4.4179,0.5623,359,380,0,0,1
7403,3.8732,0.453,357,379,0,1,1
7404,4.2066,0.444,357,377,0,2,1
7405,4.1917,0.5131,355,377,0,0,1
7406,4.1486,0.5909,354,375,0,2,1
7407,4.1849,0.4474,354,374,0,1,1
7408,4.1499,0.4279,354,374,0,0,1
7409,4.1845,0.4443,352,374,0,0,1
7410,4.2103,0.4677,352,372,0,2,1
7411,4.144,0.5846,352,372,0,0,1
7412,4.1508,0.4243,352,372,0,0,1
7413,4.4252,0.5424,351,372,0,0,1
7414,3.9154,0.5609,350,371,0,1,1
7415,4.1752,0.6361,350,370,0,1,1
7416,4.1843,0.5004,349,370,0,0,1
7417,4.0982,0.4774,348,369,0,1,1
7418,4.2186,0.4239,348,368,0,1,1
7419,4.2039,0.3933,348,368,0,0,1
7420,4.1807,0.4433,348,368,0,0,1
7421,4.1778,0.5753,348,368,0,0,1
7422,4.0939,0.4819,346,368,0,0,1
7423,4.2145,0.4406,345,366,0,2,1
7424,4.1115,0.5183,345,365,0,1,1
7425,4.1455,0.484,344,365,0,0,1
7426,4.2329,0.673,344,364,0,1,1
7427,4.158,0.7133,344,364,0,0,1
7428,4.0953,0.4754,344,364,0,0,1
7429,4.2482,0.4815,343,364,0,0,1
7430,4.1238,0.6178,343,363,0,1,1
7431,4.1854,0.6812,342,363,0,0,1
7432,4.19,0.5051,341,362,0,1,1
7433,4.1707,0.4721,334,361,0,1,1
7434,4.1032,0.4374,332,354,0,7,1
7435,4.4755,0.513,332,352,0,2,1
7436,3.8954,0.5776,332,352,0,0,1
7437,4.3668,0.4071,332,352,0,0,1
7438,4.0986,0.7587,382,402,50,0,1
7439,4.0178,0.5355,382,402,0,0,1
7440,4.2093,0.6001,381,402,0,0,1
7441,4.1207,0.4824,379,401,0,1,1
7442,4.4555,0.5954,379,399,0,2,1
7443,4.1001,0.7102,379,399,0,0,1
7444,3.937,0.4608,379,399,0,0,1
7445,4.1912,0.4224,379,399,0,0,1
7446,4.1609,0.4603,378,399,0,0,1
7447,4.1657,0.4531,378,398,0,1,1
7448,4.2023,0.4992,378,398,0,0,1
7449,4.1297,0.3935,378,398,0,0,1
7450,4.1954,0.6394,378,398,0,0,1
7451,4.178,0.4937,378,398,0,0,1
7452,4.1542,0.4651,377,398,0,0,1
7453,4.1902,0.457,377,397,0,1,1
7454,4.0742,0.6756,376,397,0,0,1
7455,4.2206,0.4579,374,396,0,1,1
7456,4.2094,0.4674,374,394,0,2,1
7457,4.21,0.6491,374,394,0,0,1
7458,4.0633,0.4904,374,394,0,0,1
7459,4.2805,0.6261,374,394,0,0,1
7460,4.3952,0.4164,374,394,0,0,1
7461,3.9982,0.4006,374,394,0,0,1
7462,4.0372,0.663,373,394,0,0,1
7463,4.1945,0.6687,373,393,0,1,1
7464,4.1459,0.4852,373,393,0,0,1
7465,4.1655,0.4728,373,393,0,0,1
7466,4.1527,0.4271,373,393,0,0,1
7467,4.1781,0.5086,372,393,0,0,1
7468,4.1148,0.5541,371,392,0,1,1
7469,4.3021,0.8496,371,391,0,1,1
7470,4.1005,0.7808,371,391,0,0,1
7471,4.0828,0.506,371,391,0,0,1
7472,4.2397,0.586,371,391,0,0,1
7473,4.0969,0.5258,371,391,0,0,1
7474,4.205,0.5896,371,391,0,0,1
7475,4.1402,0.4773,371,391,0,0,1
7476,4.3162,0.6288,369,391,0,0,1
7477,3.9933,0.5435,368,389,0,2,1
7478,4.1993,0.5746,367,388,0,1,1
7479,4.2396,0.4924,366,387,0,1,1
7480,4.0823,0.4514,366,386,0,1,1
7481,4.223,0.712,365,386,0,0,1
7482,4.1532,0.4218,364,385,0,1,1
7483,4.1432,0.4029,362,384,0,1,1
7484,4.2053,0.4765,362,382,0,2,1
7485,4.2645,0.3959,361,382,0,0,1
7486,4.0945,0.5072,360,381,0,1,1
7487,4.1299,0.4368,358,380,0,1,1
7488,4.1941,0.6884,357,378,0,2,1
7489,4.1411,0.6195,353,377,0,1,1
7490,4.2319,0.5113,353,373,0,4,1
7491,4.3882,0.7725,353,373,0,0,1
7492,3.8371,0.4879,353,373,0,0,1
7493,4.2165,0.4791,352,373,0,0,1
7494,4.0907,0.47,351,372,0,1,1
7495,4.2584,0.471,351,371,0,1,1
7496,4.1596,0.4597,350,371,0,0,1
7497,4.1003,0.397,349,370,0,1,1
7498,4.2344,0.4518,348,369,0,1,1
7499,4.1364,0.4403,348,368,0,1,1
7500,4.169,0.584,341,368,0,0,1
7501,4.2522,0.6679,340,361,0,7,1
7502,4.097,0.7161,340,360,0,1,1
7503,4.1084,0.4983,340,360,0,0,1
7504,4.1881,0.5027,339,360,0,0,1
7505,4.2135,0.4012,339,359,0,1,1
7506,4.1839,0.6154,389,409,50,0,1
7507,4.0921,0.6182,389,409,0,0,1
7508,4.2162,0.7735,389,409,0,0,1
7509,4.2468,0.4067,387,409,0,0,1
7510,4.0647,0.7351,387,407,0,2,1
7511,4.2065,0.5268,386,407,0,0,1
7512,4.3377,0.6879,386,406,0,1,1
7513,3.9971,0.6952,385,406,0,0,1
7514,4.0702,0.4717,385,405,0,1,1
7515,4.5482,0.7725,384,405,0,0,1
7516,3.8129,0.4327,384,404,0,1,1
7517,4.1882,0.4529,384,404,0,0,1
7518,4.4093,0.4395,384,404,0,0,1
7519,3.9084,0.4097,384,404,0,0,1
7520,4.3082,0.6316,384,404,0,0,1
7521,4.0185,0.4082,384,404,0,0,1
7522,4.1691,0.4747,384,404,0,0,1
7523,4.2238,0.4473,384,404,0,0,1
7524,4.1125,0.515,384,404,0,0,1
7525,4.1839,0.5472,383,404,0,0,1
7526,4.2851,0.6949,382,403,0,1,1
7527,4.0513,0.465,382,402,0,1,1
7528,4.1598,0.4419,382,402,0,0,1
7529,4.2122,0.4573,382,402,0,0,1
7530,4.1789,0.5023,382,402,0,0,1
7531,4.1525,0.5567,381,402,0,0,1
7532,4.1931,0.6988,381,401,0,1,1
7533,4.5163,0.4115,381,401,0,0,1
7534,3.8179,0.5292,381,401,0,0,1
7535,4.1025,0.4975,381,401,0,0,1
7536,4.2041,0.4451,381,401,0,0,1
7537,4.1412,0.486,381,401,0,0,1
7538,4.1942,0.6164,381,401,0,0,1
7539,4.1345,0.4735,381,401,0,0,1
7540,4.2189,0.6453,381,401,0,0,1
7541,4.0911,0.8092,380,401,0,0,1
7542,4.187,0.4759,380,400,0,1,1
7543,4.1438,0.4977,378,400,0,0,1
7544,4.1511,0.4775,377,398,0,2,1
7545,4.1781,0.4939,377,397,0,1,1
7546,4.1633,0.59,376,397,0,0,1
7547,4.1916,0.5273,376,396,0,1,1
7548,4.2175,0.4947,375,396,0,0,1
7549,4.1054,0.5986,374,395,0,1,1
7550,4.252,0.7389,372,394,0,1,1
7551,4.2095,0.6688,372,392,0,2,1
7552,4.0547,0.6915,370,392,0,0,1
7553,4.22,0.5335,369,390,0,2,1
7554,4.1135,0.4544,368,389,0,1,1
7555,4.1483,0.5148,367,388,0,1,1
7556,4.1821,0.4019,367,387,0,1,1
7557,4.1778,0.4108,366,387,0,0,1
7558,4.1707,0.4911,364,386,0,1,1
7559,4.1973,0.6956,363,384,0,2,1
7560,4.1117,0.4417,362,383,0,1,1
7561,4.1712,0.4047,362,382,0,1,1
7562,4.6574,0.4289,361,382,0,0,1
7563,3.6098,0.5728,361,381,0,1,1
7564,4.2818,0.4497,360,381,0,0,1
7565,4.1405,0.5925,360,380,0,1,1
7566,4.199,0.712,360,380,0,0,1
7567,4.1064,0.7904,352,380,0,0,1
7568,4.1726,0.6189,352,372,0,8,1
7569,4.1921,0.4371,352,372,0,0,1
7570,4.2754,0.6574,351,372,0,0,1
7571,4.0517,0.4506,350,371,0,1,1
7572,4.1137,0.3811,350,370,0,1,1
7573,4.1231,0.527,400,420,50,0,1
7574,4.2579,0.5432,400,420,0,0,1
7575,4.1624,0.7934,399,420,0,0,1
7576,4.1743,0.5335,397,419,0,1,1
7577,4.1939,0.5703,397,417,0,2,1
7578,4.1589,0.4883,396,417,0,0,1
7579,4.1344,0.4565,396,416,0,1,1
7580,4.1355,0.4768,395,416,0,0,1
7581,4.2087,0.4617,395,415,0,1,1
7582,4.1676,0.6463,395,415,0,0,1
7583,4.1983,0.5773,394,415,0,0,1
7584,4.1215,0.656,394,414,0,1,1
7585,4.2079,0.638,394,414,0,0,1
7586,4.1498,0.5653,393,414,0,0,1
7587,4.1395,0.4918,393,413,0,1,1
7588,4.1807,0.6861,392,413,0,0,1
7589,4.2728,0.6503,392,412,0,1,1
7590,4.1867,0.6231,391,412,0,0,1
7591,4.0986,0.564,390,411,0,1,1
7592,4.1227,0.5137,390,410,0,1,1
7593,4.14,0.4765,390,410,0,0,1
7594,4.1947,0.6458,389,410,0,0,1
7595,4.2273,0.7632,389,409,0,1,1
7596,4.1021,0.5143,388,409,0,0,1
7597,4.1549,0.6018,388,408,0,1,1
7598,4.174,0.5241,388,408,0,0,1
7599,4.1401,0.6775,388,408,0,0,1
7600,4.1887,0.5955,388,408,0,0,1
7601,4.1528,0.484,388,408,0,0,1
7602,4.2519,0.6261,387,408,0,0,1
7603,4.1228,0.5392,386,407,0,1,1
7604,4.1485,0.5103,385,406,0,1,1
7605,4.1458,0.4829,384,405,0,1,1
7606,4.1491,0.5747,383,404,0,1,1
7607,4.2757,0.4944,382,403,0,1,1
7608,4.2212,0.6711,381,402,0,1,1
7609,4.0793,0.5779,381,401,0,1,1
7610,4.1013,0.4841,381,401,0,0,1
7611,4.1969,0.5129,381,401,0,0,1
7612,4.1912,0.4854,379,401,0,0,1
7613,4.3802,0.7538,379,399,0,2,1
7614,3.9115,0.4419,378,399,0,0,1
7615,4.1692,0.4643,378,398,0,1,1
7616,4.1638,0.4748,376,398,0,0,1
7617,4.1543,0.4163,375,396,0,2,1
7618,4.1804,0.4435,375,395,0,1,1
7619,4.2281,0.4457,375,395,0,0,1
7620,4.1612,0.6442,375,395,0,0,1
7621,4.1309,0.4519,375,395,0,0,1
7622,4.1591,0.4244,374,395,0,0,1
7623,4.1419,0.5754,373,394,0,1,1
7624,4.1777,0.4064,373,393,0,1,1
7625,4.2341,0.4228,373,393,0,0,1
7626,4.1549,0.4274,373,393,0,0,1
7627,4.3963,0.7109,373,393,0,0,1
7628,4.1903,0.48,373,393,0,0,1
7629,3.9059,0.4268,373,393,0,0,1
7630,4.1363,0.4894,371,393,0,0,1
7631,4.2535,0.4485,371,391,0,2,1
7632,4.0932,0.5627,371,391,0,0,1
7633,4.2618,0.712,370,391,0,0,1
7634,4.0766,0.5043,360,390,0,1,1
7635,4.1398,0.4954,359,380,0,10,1
7636,4.1764,0.5243,358,379,0,1,1
7637,4.1818,0.7073,358,378,0,1,1
7638,4.171,0.6479,356,378,0,0,1
7639,4.1979,0.7477,356,376,0,2,1
7640,4.1104,0.6749,406,426,50,0,1
7641,4.1635,0.7404,405,426,0,0,1
7642,4.2173,0.7158,404,425,0,1,1
7643,4.182,0.514,404,424,0,1,1
7644,4.1706,0.8152,404,424,0,0,1
7645,4.1241,0.7605,404,424,0,0,1
7646,4.1324,0.5327,404,424,0,0,1
7647,4.1665,0.7649,403,424,0,0,1
7648,4.1845,0.4515,403,423,0,1,1
7649,4.1783,0.4722,403,423,0,0,1
7650,4.3642,0.4835,402,423,0,0,1
7651,3.991,0.6886,401,422,0,1,1
7652,4.144,0.6253,400,421,0,1,1
7653,4.1538,0.436,399,420,0,1,1
7654,4.242,0.5376,399,419,0,1,1
7655,4.1132,0.4768,399,419,0,0,1
7656,4.4223,0.6359,399,419,0,0,1
7657,3.9467,0.5241,399,419,0,0,1
7658,4.0883,0.4559,399,419,0,0,1
7659,4.1977,0.4799,399,419,0,0,1
7660,4.1652,0.4698,399,419,0,0,1
7661,4.2252,0.4726,399,419,0,0,1
7662,4.1488,0.5383,399,419,0,0,1
7663,4.1847,0.5839,399,419,0,0,1
7664,4.1382,0.5758,399,419,0,0,1
7665,4.1239,0.4488,399,419,0,0,1
7666,4.225,0.4964,399,419,0,0,1
7667,4.1553,0.4698,399,419,0,0,1
7668,4.2287,0.6929,399,419,0,0,1
7669,4.1814,0.6592,399,419,0,0,1
7670,4.0499,0.4371,398,419,0,0,1
7671,4.2803,0.6823,398,418,0,1,1
7672,4.0932,0.4843,398,418,0,0,1
7673,4.2013,0.629,398,418,0,0,1
7674,4.1919,0.4807,398,418,0,0,1
7675,4.1906,0.7334,397,418,0,0,1
7676,4.0898,0.6858,396,417,0,1,1
7677,4.1133,0.4421,395,416,0,1,1
7678,4.2501,0.574,394,415,0,1,1
7679,4.1251,0.4798,394,414,0,1,1
7680,4.1961,0.4974,392,414,0,0,1
7681,4.1138,0.4724,392,412,0,2,1
7682,4.1369,0.4878,391,412,0,0,1
7683,4.2639,0.8983,391,411,0,1,1
7684,4.1226,0.5625,391,411,0,0,1
7685,4.2129,0.5137,391,411,0,0,1
7686,4.0616,0.5925,390,411,0,0,1
7687,4.1896,0.5384,390,410,0,1,1
7688,4.2294,0.7084,390,410,0,0,1
7689,4.1223,0.4644,389,410,0,0,1
7690,4.1284,0.9081,386,409,0,1,1
7691,4.2648,0.5386,384,406,0,3,1
7692,4.1468,0.5353,383,404,0,2,1
7693,4.1409,0.4653,382,403,0,1,1
7694,4.1214,0.7471,381,402,0,1,1
7695,4.2411,0.6982,381,401,0,1,1
7696,4.0779,0.4328,380,401,0,0,1
7697,4.2201,0.4639,379,400,0,1,1
7698,4.27,0.4804,378,399,0,1,1
7699,4.0997,0.4402,378,398,0,1,1
7700,4.1764,0.5668,378,398,0,0,1
7701,4.0954,0.4024,378,398,0,0,1
7702,4.2994,0.6656,368,398,0,0,1
7703,4.0619,0.46,368,388,0,10,1
7704,4.2166,0.4797,368,388,0,0,1
7705,4.149,0.485,368,388,0,0,1
7706,4.1045,0.4468,368,388,0,0,1
7707,4.1884,0.7699,417,438,50,0,1
7708,4.1675,0.4538,417,437,0,1,1
7709,4.1756,0.5224,416,437,0,0,1
7710,4.1993,0.7386,414,436,0,1,1
7711,4.4028,0.7881,413,434,0,2,1
7712,3.8953,0.4687,413,433,0,1,1
7713,4.1657,0.4458,413,433,0,0,1
7714,4.1842,0.6727,412,433,0,0,1
7715,4.1831,0.7103,411,432,0,1,1
7716,4.1451,0.5491,410,431,0,1,1
7717,4.1391,0.4846,410,430,0,1,1
7718,4.1765,0.5424,410,430,0,0,1
7719,4.4255,0.6258,410,430,0,0,1
7720,3.9069,0.5019,410,430,0,0,1
7721,4.3126,0.6563,409,430,0,0,1
7722,4.0631,0.6128,406,429,0,1,1
7723,4.1861,0.676,406,426,0,3,1
7724,4.1378,0.4966,405,426,0,0,1
7725,4.1246,0.4382,405,425,0,1,1
7726,4.3793,0.8218,405,425,0,0,1
7727,4.0114,0.4394,405,425,0,0,1
7728,4.1179,0.5089,405,425,0,0,1
7729,4.2071,0.4809,404,425,0,0,1
7730,4.0821,0.4341,404,424,0,1,1
7731,4.1702,0.4522,403,424,0,0,1
7732,4.2158,0.4939,403,423,0,1,1
7733,4.1806,0.6442,403,423,0,0,1
7734,4.1956,0.5023,403,423,0,0,1
7735,4.1581,0.4749,403,423,0,0,1
7736,4.1893,0.4744,403,423,0,0,1
7737,4.0923,0.4311,403,423,0,0,1
7738,4.1592,0.6065,401,423,0,0,1
7739,4.2449,0.4612,401,421,0,2,1
7740,4.234,0.6691,401,421,0,0,1
7741,4.0289,0.5251,401,421,0,0,1
7742,4.1807,0.6599,399,421,0,0,1
7743,4.2451,0.539,398,419,0,2,1
7744,4.0841,0.5808,398,418,0,1,1
7745,4.3626,0.4732,398,418,0,0,1
7746,4.0832,0.6961,396,418,0,0,1
7747,4.0512,0.5188,396,416,0,2,1
7748,4.1911,0.5463,396,416,0,0,1
7749,4.2172,0.6909,394,416,0,0,1
7750,4.4567,0.6963,394,414,0,2,1
7751,4.0106,0.5182,393,414,0,0,1
7752,4.1653,0.6805,392,413,0,1,1
7753,3.9869,0.5877,390,412,0,1,1
7754,4.1069,0.4483,389,410,0,2,1
7755,4.2868,0.5144,389,409,0,1,1
7756,4.0886,0.4586,389,409,0,0,1
7757,4.2082,0.6285,389,409,0,0,1
7758,4.2896,0.7407,388,409,0,0,1
7759,4.0401,0.4354,386,408,0,1,1
7760,4.1504,0.5706,386,406,0,2,1
7761,4.1356,0.4932,386,406,0,0,1
7762,4.1684,0.4502,386,406,0,0,1
7763,4.2029,0.4767,386,406,0,0,1
7764,4.2067,0.501,384,406,0,0,1
7765,4.2135,0.6821,383,404,0,2,1
7766,4.0961,0.8044,382,403,0,1,1
7767,4.4556,0.7732,382,402,0,1,1
7768,3.7954,0.5276,382,402,0,0,1
7769,4.181,0.4726,375,402,0,0,1
7770,4.1982,0.5136,375,395,0,7,1
7771,4.2613,0.6857,374,395,0,0,1
7772,4.1679,0.7536,374,394,0,1,1
7773,4.0493,0.5227,374,394,0,0,1
7774,4.2113,0.6435,422,444,50,0,1
7775,4.1215,0.6288,422,442,0,2,1
7776,4.2282,0.6927,422,442,0,0,1
7777,4.164,0.6075,422,442,0,0,1
7778,4.1125,0.5108,422,442,0,0,1
7779,4.2207,0.5184,421,442,0,0,1
7780,4.0921,0.4262,420,441,0,1,1
7781,4.2545,0.4871,420,440,0,1,1
7782,4.1674,0.7728,419,440,0,0,1
7783,4.2042,0.8121,419,439,0,1,1
7784,4.1218,0.494,418,439,0,0,1
7785,4.0944,0.4901,417,438,0,1,1
7786,4.2087,0.5202,417,437,0,1,1
7787,4.1296,0.6382,416,437,0,0,1
7788,4.1801,0.5044,415,436,0,1,1
7789,4.2436,0.4502,415,435,0,1,1
7790,4.1531,0.7409,414,435,0,0,1
7791,4.2523,0.5164,412,434,0,1,1
7792,4.0077,0.4178,412,432,0,2,1
7793,4.2034,0.4673,412,432,0,0,1
7794,4.1828,0.4871,410,432,0,0,1
7795,4.2232,0.4403,410,430,0,2,1
7796,4.1378,0.7024,408,430,0,0,1
7797,4.0853,0.4943,406,428,0,2,1
7798,4.2151,0.5136,406,426,0,2,1
7799,4.1639,0.5644,406,426,0,0,1
7800,4.1789,0.6236,406,426,0,0,1
7801,4.147,0.5701,406,426,0,0,1
7802,4.1333,0.545,406,426,0,0,1
7803,4.3351,0.657,405,426,0,0,1
7804,4.0493,0.493,404,425,0,1,1
7805,4.1846,0.4992,403,424,0,1,1
7806,4.1976,0.5721,403,423,0,1,1
7807,4.4071,0.4421,403,423,0,0,1
7808,3.8795,0.5726,403,423,0,0,1
7809,4.1456,0.4452,403,423,0,0,1
7810,4.1639,0.4752,400,423,0,0,1
7811,4.2401,0.5075,399,420,0,3,1
7812,4.104,0.4657,397,419,0,1,1
7813,4.1932,0.6568,396,417,0,2,1
7814,4.1474,0.4336,396,416,0,1,1
7815,4.2077,0.6986,395,416,0,0,1
7816,4.1465,0.4802,393,415,0,1,1
7817,4.1063,0.7561,393,413,0,2,1
7818,4.254,0.4783,393,413,0,0,1
7819,4.2225,0.6833,392,413,0,0,1
7820,4.0577,0.5025,391,412,0,1,1
7821,4.2016,0.4305,390,411,0,1,1
7822,4.2721,0.6394,389,410,0,1,1
7823,4.088,0.5057,387,409,0,1,1
7824,4.1688,0.4672,387,407,0,2,1
7825,4.4482,0.4289,386,407,0,0,1
7826,3.7618,0.4215,386,406,0,1,1
7827,4.3277,0.579,385,406,0,0,1
7828,4.146,0.4469,385,405,0,1,1
7829,4.1248,0.5005,384,405,0,0,1
7830,4.1409,0.4835,383,404,0,1,1
7831,4.2042,0.6643,382,403,0,1,1
7832,4.1118,0.7734,381,402,0,1,1
7833,4.129,0.4333,381,401,0,1,1
7834,4.2581,0.7056,380,401,0,0,1
7835,4.3247,0.5829,380,400,0,1,1
7836,3.9358,0.4098,373,400,0,0,1
7837,4.2242,0.5024,373,393,0,7,1
7838,4.0908,0.7458,372,393,0,0,1
7839,4.2152,0.5047,372,392,0,1,1
7840,4.1685,0.4267,372,392,0,0,1
7841,4.1658,0.4594,372,392,0,0,1
7842,4.1567,0.5553,421,442,50,0,1
7843,4.2335,0.5068,421,441,0,1,1
7844,4.1544,0.5829,418,441,0,0,1
7845,4.0877,0.4342,417,438,0,3,1
7846,4.2162,0.7673,416,437,0,1,1
7847,4.1336,0.4322,416,436,0,1,1
7848,4.1538,0.7854,413,436,0,0,1
7849,4.2389,0.538,413,433,0,3,1
7850,4.1101,0.5054,412,433,0,0,1
7851,4.1656,0.7015,412,432,0,1,1
7852,4.1807,0.5187,411,432,0,0,1
7853,4.2641,0.6987,411,431,0,1,1
7854,4.1275,0.5672,410,431,0,0,1
7855,4.1254,0.6222,410,430,0,1,1
7856,4.1546,0.4827,409,430,0,0,1
7857,4.1398,0.4419,408,429,0,1,1
7858,4.1922,0.6737,407,428,0,1,1
7859,4.2107,0.4533,407,427,0,1,1
7860,4.2083,0.4894,407,427,0,0,1
7861,4.1155,0.4753,407,427,0,0,1
7862,4.1783,0.6173,407,427,0,0,1
7863,4.1321,0.4471,406,427,0,0,1
7864,4.1563,0.506,406,426,0,1,1
7865,4.2317,0.7485,405,426,0,0,1
7866,4.1224,0.8535,404,425,0,1,1
7867,4.1873,0.5472,404,424,0,1,1
7868,4.1275,0.5214,404,424,0,0,1
7869,4.143,0.4801,404,424,0,0,1
7870,4.201,1.1824,403,424,0,0,1
7871,4.2053,0.8509,402,423,0,1,1
7872,4.216,0.6668,402,422,0,1,1
7873,4.1129,0.5091,401,422,0,0,1
7874,4.095,0.4926,400,421,0,1,1
7875,4.1421,0.6723,399,420,0,1,1
7876,4.2482,0.5188,398,419,0,1,1
7877,4.1379,0.4245,398,418,0,1,1
7878,4.1525,0.4675,397,418,0,0,1
7879,4.2223,0.7746,396,417,0,1,1
7880,4.2186,0.9045,396,416,0,1,1
7881,4.0606,0.4217,396,416,0,0,1
7882,4.1846,0.4828,395,416,0,0,1
7883,4.114,0.4129,395,415,0,1,1
7884,4.2991,0.4264,395,415,0,0,1
7885,4.1197,0.4881,394,415,0,0,1
7886,4.1226,0.4937,393,414,0,1,1
7887,4.1711,0.5245,392,413,0,1,1
7888,4.1594,0.4963,391,412,0,1,1
7889,4.2123,0.7243,388,411,0,1,1
7890,4.1389,0.5187,388,408,0,3,1
7891,4.3154,0.6911,388,408,0,0,1
7892,4.0568,0.5628,387,408,0,0,1
7893,4.1641,0.745,387,407,0,1,1
7894,4.1793,0.5874,387,407,0,0,1
7895,4.1314,0.5439,387,407,0,0,1
7896,4.1636,0.7988,387,407,0,0,1
7897,4.1307,0.7738,387,407,0,0,1
7898,4.2234,0.552,386,407,0,0,1
7899,4.1558,0.5701,386,406,0,1,1
7900,4.1438,0.541,385,406,0,0,1
7901,4.2035,0.4613,384,405,0,1,1
7902,4.1428,0.6901,384,404,0,1,1
7903,4.2258,0.737,376,404,0,0,1
7904,4.1795,0.4933,375,396,0,8,1
7905,4.0658,0.4446,375,395,0,1,1
7906,4.1416,0.6423,374,395,0,0,1
7907,4.264,0.4625,374,394,0,1,1
7908,4.0679,0.7468,374,394,0,0,1
7909,4.1514,0.8078,424,444,50,0,1
7910,4.2624,0.4985,423,444,0,0,1
7911,4.168,0.5642,422,443,0,1,1
7912,4.1269,0.4333,421,442,0,1,1
7913,4.1509,0.4862,421,441,0,1,1
7914,4.4723,0.4679,420,441,0,0,1
7915,3.9597,0.7302,420,440,0,1,1
7916,4.1039,0.7046,420,440,0,0,1
7917,4.1381,0.504,418,440,0,0,1
7918,4.219,0.5099,417,438,0,2,1
7919,4.154,0.4992,416,437,0,1,1
7920,4.1679,0.4756,416,436,0,1,1
7921,4.1389,0.4906,415,436,0,0,1
7922,4.1413,0.4864,415,435,0,1,1
7923,4.2111,0.4812,415,435,0,0,1
7924,4.1752,0.4437,415,435,0,0,1
7925,4.1253,0.4306,415,435,0,0,1
7926,4.1964,0.606,414,435,0,0,1
7927,4.3777,0.7918,413,434,0,1,1
7928,3.901,0.7114,413,433,0,1,1
7929,4.2024,0.4938,413,433,0,0,1
7930,4.1284,0.5696,410,433,0,0,1
7931,4.2481,0.6415,409,430,0,3,1
7932,4.1344,0.4806,409,429,0,1,1
7933,4.2512,0.6851,409,429,0,0,1
7934,4.0671,0.6433,409,429,0,0,1
7935,4.2894,0.6653,409,429,0,0,1
7936,4.1222,0.4464,408,429,0,0,1
7937,4.1549,0.4955,408,428,0,1,1
7938,4.1216,0.4897,407,428,0,0,1
7939,4.2742,0.7255,406,427,0,1,1
7940,4.0841,0.4214,406,426,0,1,1
7941,4.1222,0.4272,406,426,0,0,1
7942,4.1536,0.7332,406,426,0,0,1
7943,4.2604,0.5327,404,426,0,0,1
7944,4.1022,0.4697,402,424,0,2,1
7945,4.1202,0.6108,400,422,0,2,1
7946,4.1563,0.4749,399,420,0,2,1
7947,4.1723,0.7035,399,419,0,1,1
7948,4.2558,0.8918,399,419,0,0,1
7949,4.1405,0.7138,399,419,0,0,1
7950,4.2068,0.5975,398,419,0,0,1
7951,4.1765,0.4886,396,418,0,1,1
7952,4.1205,0.5781,394,416,0,2,1
7953,4.1075,0.4412,391,414,0,2,1
7954,4.3453,0.6531,391,411,0,3,1
7955,4.0658,0.4618,390,411,0,0,1
7956,4.1362,0.4798,389,410,0,1,1
7957,4.1545,0.468,389,409,0,1,1
7958,4.1701,0.5516,389,409,0,0,1
7959,4.217,0.6356,388,409,0,0,1
7960,4.2383,0.4384,387,408,0,1,1
7961,4.2963,0.6065,386,407,0,1,1
7962,3.9824,0.5491,386,406,0,1,1
7963,4.0996,0.4702,386,406,0,0,1
7964,4.2201,0.5931,385,406,0,0,1
7965,4.0686,0.4274,385,405,0,1,1
7966,4.3648,0.7829,384,405,0,0,1
7967,4.0831,0.6458,383,404,0,1,1
7968,4.1377,0.4815,382,403,0,1,1
7969,4.1361,0.5216,381,402,0,1,1
7970,4.1329,0.5438,373,401,0,1,1
7971,4.2062,0.6938,371,393,0,8,1
7972,4.1677,0.5294,371,391,0,2,1
7973,4.2009,0.5974,370,391,0,0,1
7974,4.2188,0.5865,369,390,0,1,1
7975,4.0951,0.5497,368,389,0,1,1
7976,4.1455,0.7706,417,438,50,1,1
7977,4.1479,0.5276,417,437,0,1,1
7978,4.2253,0.5102,417,437,0,0,1
7979,4.2092,0.467,416,437,0,0,1
7980,4.1123,0.5302,416,436,0,1,1
7981,4.1294,0.4403,416,436,0,0,1
7982,4.1447,0.6092,414,436,0,0,1
7983,4.2381,0.5151,414,434,0,2,1
7984,4.1228,0.4359,414,434,0,0,1
7985,4.2746,0.7213,414,434,0,0,1
7986,4.1087,0.5053,414,434,0,0,1
7987,4.1522,0.7522,414,434,0,0,1
7988,4.1412,0.9823,413,434,0,0,1
7989,4.1594,0.4809,413,433,0,1,1
7990,4.1828,0.7009,413,433,0,0,1
7991,4.1622,0.4978,412,433,0,0,1
7992,4.1877,0.5057,411,432,0,1,1
7993,4.1489,0.51,409,431,0,1,1
7994,4.1474,0.474,409,429,0,2,1
7995,4.1244,0.4657,408,429,0,0,1
7996,4.199,0.517,408,428,0,1,1
7997,4.2097,0.6234,407,428,0,0,1
7998,4.2662,0.8334,407,427,0,1,1
7999,4.2884,0.5273,406,427,0,0,1
8000,3.9107,0.4333,406,426,0,1,1
8001,4.1464,0.4327,406,426,0,0,1
8002,4.4556,0.6166,406,426,0,0,1
8003,4.1457,0.4652,406,426,0,0,1
8004,3.9801,0.6257,406,426,0,0,1
8005,4.0856,0.7224,406,426,0,0,1
8006,4.2145,0.6541,405,426,0,0,1
8007,4.2144,0.5882,405,425,0,1,1
8008,4.0785,0.4366,405,425,0,0,1
8009,4.4048,0.6656,404,425,0,0,1
8010,4.0939,0.6788,403,424,0,1,1
8011,4.0135,0.4628,402,423,0,1,1
8012,4.2194,0.7239,402,422,0,1,1
8013,4.1132,0.4755,402,422,0,0,1
8014,4.152,0.9349,402,422,0,0,1
8015,4.2455,0.5482,401,422,0,0,1
8016,4.3223,0.7371,399,421,0,1,1
8017,4.1688,0.9156,397,419,0,2,1
8018,3.9743,0.9432,397,417,0,2,1
8019,4.1943,0.7339,395,417,0,0,1
8020,4.1313,0.6598,394,415,0,2,1
8021,4.2049,0.8041,394,414,0,1,1
8022,4.3318,0.4655,393,414,0,0,1
8023,3.9706,0.5195,391,413,0,1,1
8024,4.2323,0.8228,390,411,0,2,1
8025,4.1015,0.5158,389,410,0,1,1
8026,4.2254,0.6267,388,409,0,1,1
8027,4.0859,0.564,388,408,0,1,1
8028,4.1891,0.7141,388,408,0,0,1
8029,4.1579,0.822,387,408,0,0,1
8030,4.2234,0.5886,387,407,0,1,1
8031,4.1358,0.5649,387,407,0,0,1
8032,4.1374,0.5493,386,407,0,0,1
8033,4.2282,0.5663,385,406,0,1,1
8034,4.3991,0.5415,384,405,0,1,1
8035,4.1789,0.6271,383,404,0,1,1
8036,3.9136,0.5844,383,403,0,1,1
8037,4.1017,0.526,383,403,0,0,1
8038,4.2195,0.6089,374,403,0,0,1
8039,4.1559,0.5038,373,394,0,9,1
8040,4.3343,0.5474,373,393,0,1,1
8041,4.068,0.7481,373,393,0,0,1
8042,4.2348,0.63,372,393,0,0,1
8043,4.0296,0.8179,422,442,50,1,1
8044,4.166,0.467,422,442,0,0,1
8045,4.1795,0.5346,422,442,0,0,1
8046,4.1751,0.6234,421,442,0,0,1
8047,4.2013,0.7074,420,441,0,1,1
8048,4.0716,0.483,419,440,0,1,1
8049,4.2044,0.4415,418,439,0,1,1
8050,4.1789,0.4945,417,438,0,1,1
8051,4.1134,0.5895,416,437,0,1,1
8052,4.1778,0.4451,416,436,0,1,1
8053,4.2214,0.6931,416,436,0,0,1
8054,4.1686,0.8382,415,436,0,0,1
8055,4.0781,0.6011,415,435,0,1,1
8056,4.2305,0.5103,415,435,0,0,1
8057,4.1584,0.5244,414,435,0,0,1
8058,4.1722,0.4777,414,434,0,1,1
8059,4.2104,0.4578,413,434,0,0,1
8060,4.1339,0.6291,412,433,0,1,1
8061,4.0956,0.4327,411,432,0,1,1
8062,4.3755,0.6241,411,431,0,1,1
8063,4.0671,0.5151,411,431,0,0,1
8064,4.1365,0.5019,411,431,0,0,1
8065,4.1346,0.4454,411,431,0,0,1
8066,4.1531,0.4427,411,431,0,0,1
8067,4.2784,0.6892,410,431,0,0,1
8068,4.0589,0.4233,408,430,0,1,1
8069,4.2172,0.5013,407,428,0,2,1
8070,4.1947,0.4927,406,427,0,1,1
8071,4.3801,0.7057,406,426,0,1,1
8072,3.8963,0.5924,406,426,0,0,1
8073,4.1416,0.4554,404,426,0,0,1
8074,4.2307,0.5455,404,424,0,2,1
8075,4.148,0.5852,404,424,0,0,1
8076,4.1763,0.559,403,424,0,0,1
8077,4.1315,0.716,403,423,0,1,1
8078,4.1556,0.9267,402,423,0,0,1
8079,4.2043,0.7457,402,422,0,1,1
8080,4.1821,0.5171,402,422,0,0,1
8081,4.1238,0.476,402,422,0,0,1
8082,4.2089,0.5217,402,422,0,0,1
8083,4.1713,0.4866,402,422,0,0,1
8084,4.0935,0.6028,401,422,0,0,1
8085,4.1579,0.4673,401,421,0,1,1
8086,4.3193,0.7789,400,421,0,0,1
8087,4.0277,0.4352,400,420,0,1,1
8088,4.2357,0.5232,399,420,0,0,1
8089,4.1235,0.4657,396,419,0,1,1
8090,4.1696,0.555,396,416,0,3,1
8091,4.1724,0.5552,396,416,0,0,1
8092,4.1771,0.4534,396,416,0,0,1
8093,4.1531,0.4748,396,416,0,0,1
8094,4.1988,0.5022,396,416,0,0,1
8095,4.4102,0.6775,395,416,0,0,1
8096,3.8756,0.5147,394,415,0,1,1
8097,4.1627,0.4256,393,414,0,1,1
8098,4.2179,0.4272,393,413,0,1,1
8099,4.1381,0.4207,393,413,0,0,1
8100,4.2025,0.4672,392,413,0,0,1
8101,4.1628,0.4711,391,412,0,1,1
8102,4.1031,0.7274,390,411,0,1,1
8103,4.2396,0.4564,390,410,0,1,1
8104,4.1069,0.4374,390,410,0,0,1
8105,4.345,0.7228,383,410,0,0,1
8106,3.9656,0.4767,383,403,0,7,1
8107,4.4942,0.4268,382,403,0,0,1
8108,4.2023,0.4153,382,402,0,1,1
8109,3.8372,0.3982,380,402,0,0,1
8110,4.1902,0.9687,429,450,50,2,1
8111,4.2822,0.5114,425,449,0,1,1
8112,4.0594,0.6237,425,445,0,4,1
8113,4.1853,0.577,425,445,0,0,1
8114,4.2418,0.9268,424,445,0,0,1
8115,4.1023,0.588,423,444,0,1,1
8116,4.0945,0.4748,423,443,0,1,1
8117,4.2413,0.6965,421,443,0,0,1
8118,4.1611,1.0237,420,441,0,2,1
8119,4.1083,0.4623,419,440,0,1,1
8120,4.1852,0.463,419,439,0,1,1
8121,4.3619,0.4283,419,439,0,0,1
8122,3.9747,0.5158,419,439,0,0,1
8123,4.1243,0.5193,419,439,0,0,1
8124,4.2807,0.6234,419,439,0,0,1
8125,4.0904,0.5746,418,439,0,0,1
8126,4.1594,0.5603,417,438,0,1,1
8127,4.155,0.4996,417,437,0,1,1
8128,4.1649,0.4659,417,437,0,0,1
8129,4.2911,0.6316,417,437,0,0,1
8130,4.1808,0.725,416,437,0,0,1
8131,4.2408,0.5944,416,436,0,1,1
8132,4.0536,0.5842,415,436,0,0,1
8133,4.0936,0.4488,415,435,0,1,1
8134,4.1772,0.5152,414,435,0,0,1
8135,4.1824,0.4475,414,434,0,1,1
8136,4.4019,0.62,414,434,0,0,1
8137,3.8616,0.472,413,434,0,0,1
8138,4.1794,0.4978,413,433,0,1,1
8139,4.4519,0.7096,412,433,0,0,1
8140,3.8616,0.4887,412,432,0,1,1
8141,4.2644,0.6083,411,432,0,0,1
8142,4.2481,0.696,411,431,0,1,1
8143,4.1484,0.649,409,431,0,0,1
8144,4.0995,0.8989,409,429,0,2,1
8145,4.1012,0.4876,409,429,0,0,1
8146,4.1745,0.6855,408,429,0,0,1
8147,4.2351,0.448,408,428,0,1,1
8148,4.1637,0.4314,407,428,0,0,1
8149,4.2689,0.6288,406,427,0,1,1
8150,4.0143,0.4376,404,426,0,1,1
8151,4.5677,0.4327,403,424,0,2,1
8152,3.7597,0.4739,402,423,0,1,1
8153,4.2068,0.5466,401,422,0,1,1
8154,4.1535,0.4538,401,421,0,1,1
8155,4.2452,0.684,401,421,0,0,1
8156,4.1037,0.4846,401,421,0,0,1
8157,4.0962,0.4294,401,421,0,0,1
8158,4.2078,0.4923,398,421,0,0,1
8159,4.2141,0.5168,398,418,0,3,1
8160,4.1551,0.6841,396,418,0,0,1
8161,4.1917,0.699,395,416,0,2,1
8162,4.041,0.4412,394,415,0,1,1
8163,4.215,0.4721,393,414,0,1,1
8164,4.1748,0.4946,393,413,0,1,1
8165,4.2085,0.5308,393,413,0,0,1
8166,4.157,0.8347,392,413,0,0,1
8167,4.1161,0.4674,392,412,0,1,1
8168,4.194,0.5191,391,412,0,0,1
8169,4.1327,0.4363,391,411,0,1,1
8170,4.1436,0.4855,390,411,0,0,1
8171,4.1699,0.4421,388,410,0,1,1
8172,4.2334,0.7182,381,408,0,2,1
8173,4.1838,0.4749,380,401,0,7,1
8174,4.3247,0.7247,379,400,0,1,1
8175,4.0146,0.5492,378,399,0,1,1
8176,4.1301,0.4358,377,398,0,1,1
8177,4.1994,0.4682,376,397,0,1,1
8178,4.1058,1.1553,426,446,50,1,1
8179,4.2293,0.722,425,446,0,0,1
8180,4.1505,0.8151,425,445,0,1,1
8181,4.127,0.4548,425,445,0,0,1
8182,4.1843,0.5257,424,445,0,0,1
8183,4.2193,0.5289,423,444,0,1,1
8184,4.1377,0.506,423,443,0,1,1
8185,4.1505,0.5491,421,443,0,0,1
8186,4.2183,0.7397,421,441,0,2,1
8187,4.1859,0.4859,421,441,0,0,1
8188,4.0739,0.4838,421,441,0,0,1
8189,4.5645,0.7123,419,441,0,0,1
8190,3.827,0.5671,417,439,0,2,1
8191,4.1427,0.61,416,437,0,2,1
8192,4.1366,0.7295,416,436,0,1,1
8193,4.1622,0.5373,415,436,0,0,1
8194,4.2938,0.5646,415,435,0,1,1
8195,4.1178,0.5038,414,435,0,0,1
8196,4.1542,0.4889,413,434,0,1,1
8197,4.1071,0.5438,413,433,0,1,1
8198,4.2177,0.7773,413,433,0,0,1
8199,4.2514,0.6948,413,433,0,0,1
8200,4.0525,0.4294,413,433,0,0,1
8201,4.5655,0.4478,412,433,0,0,1
8202,3.7993,0.4883,410,432,0,1,1
8203,4.442,0.7258,410,430,0,2,1
8204,3.8983,0.7036,409,430,0,0,1
8205,4.1147,0.7513,409,429,0,1,1
8206,4.1918,0.7875,408,429,0,0,1
8207,4.1845,0.552,408,428,0,1,1
8208,4.1994,0.5369,407,428,0,0,1
8209,4.0901,0.5336,407,427,0,1,1
8210,4.1623,0.6418,407,427,0,0,1
8211,4.1284,0.6513,406,427,0,0,1
8212,4.2247,0.5465,404,426,0,1,1
8213,4.2005,0.5313,403,424,0,2,1
8214,4.1669,0.5251,403,423,0,1,1
8215,4.1645,0.4813,402,423,0,0,1
8216,4.1915,0.5316,401,422,0,1,1
8217,4.089,0.4267,401,421,0,1,1
8218,4.3053,0.724,400,421,0,0,1
8219,4.0799,0.7172,400,420,0,1,1
8220,4.5101,0.6106,399,420,0,0,1
8221,3.774,0.4359,399,419,0,1,1
8222,4.1836,0.4598,399,419,0,0,1
8223,4.2265,0.4533,399,419,0,0,1
8224,4.0951,0.4356,397,419,0,0,1
8225,4.2217,0.5007,396,417,0,2,1
8226,4.1333,0.4985,393,416,0,1,1
8227,4.1256,0.4393,393,413,0,3,1
8228,4.2082,0.436,391,413,0,0,1
8229,4.1549,0.4653,391,411,0,2,1
8230,4.2487,0.6962,391,411,0,0,1
8231,4.0845,0.4555,390,411,0,0,1
8232,4.1776,0.7124,390,410,0,1,1
8233,4.1664,0.4803,389,410,0,0,1
8234,4.1465,0.435,388,409,0,1,1
8235,4.2226,0.6118,388,408,0,1,1
8236,4.09,0.4084,386,408,0,0,1
8237,4.3208,0.6395,384,406,0,2,1
8238,4.0497,0.4572,383,404,0,2,1
8239,4.2154,0.5722,376,403,0,1,1
8240,4.1585,0.5113,375,396,0,7,1
8241,4.0879,0.3961,375,395,0,1,1
8242,4.1657,0.4223,375,395,0,0,1
8243,4.1866,0.4241,374,395,0,0,1
8244,4.1728,0.5772,373,394,0,1,1
8245,4.1868,0.5884,423,443,50,1,1
8246,4.1602,0.5569,423,443,0,0,1
8247,4.1205,0.5782,422,443,0,0,1
8248,4.2012,0.462,421,442,0,1,1
8249,4.1981,0.8241,419,441,0,1,1
8250,4.2235,0.6323,419,439,0,2,1
8251,4.119,0.5519,419,439,0,0,1
8252,4.0923,0.4937,418,439,0,0,1
8253,4.2393,0.456,418,438,0,1,1
8254,4.2378,0.854,416,438,0,0,1
8255,4.0893,0.4778,416,436,0,2,1
8256,4.1913,0.4846,416,436,0,0,1
8257,4.1289,0.436,416,436,0,0,1
8258,4.2597,0.6154,415,436,0,0,1
8259,4.1214,0.4673,415,435,0,1,1
8260,4.1573,0.5644,415,435,0,0,1
8261,4.142,0.45,415,435,0,0,1
8262,4.1656,0.6057,413,435,0,0,1
8263,4.1726,0.5054,411,433,0,2,1
8264,4.1422,0.5699,409,431,0,2,1
8265,4.1526,0.5183,409,429,0,2,1
8266,4.2281,0.6856,408,429,0,0,1
8267,4.1639,0.5149,408,428,0,1,1
8268,4.1507,0.7502,408,428,0,0,1
8269,4.1509,0.5091,405,428,0,0,1
8270,4.1561,0.6795,404,425,0,3,1
8271,4.2002,0.6041,404,424,0,1,1
8272,4.1206,0.4252,404,424,0,0,1
8273,4.24,0.5764,402,424,0,0,1
8274,4.2007,0.7379,402,422,0,2,1
8275,4.3239,0.8068,402,422,0,0,1
8276,3.9526,0.4831,401,422,0,0,1
8277,4.1141,0.434,399,421,0,1,1
8278,4.2581,0.5014,397,419,0,2,1
8279,4.1554,0.4354,396,417,0,2,1
8280,4.2476,0.698,396,416,0,1,1
8281,4.0565,0.7245,395,416,0,0,1
8282,4.1289,0.4575,395,415,0,1,1
8283,4.2142,0.4805,393,415,0,0,1
8284,4.1186,0.5457,393,413,0,2,1
8285,4.215,0.5547,392,413,0,0,1
8286,4.1864,0.794,392,412,0,1,1
8287,4.2295,0.7088,392,412,0,0,1
8288,4.0807,0.5362,392,412,0,0,1
8289,4.1115,0.4302,390,412,0,0,1
8290,4.1836,0.6855,389,410,0,2,1
8291,4.2189,0.7973,389,409,0,1,1
8292,4.1449,0.9846,388,409,0,0,1
8293,4.2505,0.7488,386,408,0,1,1
8294,4.314,0.76,386,406,0,2,1
8295,3.9489,0.5873,385,406,0,0,1
8296,4.1265,0.479,385,405,0,1,1
8297,4.1905,0.7836,384,405,0,0,1
8298,4.3693,0.6681,384,404,0,1,1
8299,3.992,0.7763,383,404,0,0,1
8300,4.1217,0.531,382,403,0,1,1
8301,4.1345,0.5211,382,402,0,1,1
8302,4.2384,0.8778,382,402,0,0,1
8303,4.147,0.5105,381,402,0,0,1
8304,4.2064,0.4982,380,401,0,1,1
8305,4.0942,0.6448,380,400,0,1,1
8306,4.1715,0.5077,370,400,0,0,1
8307,4.2232,0.7956,370,390,0,10,1
8308,4.1328,0.4844,369,390,0,0,1
8309,4.5513,0.5015,369,389,0,1,1
8310,3.7793,0.6036,369,389,0,0,1
8311,4.1037,0.6527,368,389,0,0,1
8312,4.2269,0.99,418,438,50,1,1
8313,4.1461,0.5074,418,438,0,0,1
8314,4.1315,0.6023,416,438,0,0,1
8315,4.274,0.5033,415,436,0,2,1
8316,4.1415,0.7325,414,435,0,1,1
8317,4.1739,0.6399,414,434,0,1,1
8318,4.174,0.7027,413,434,0,0,1
8319,4.185,0.4908,412,433,0,1,1
8320,4.1344,0.478,411,432,0,1,1
8321,4.1613,0.4993,411,431,0,1,1
8322,4.1543,0.703,410,431,0,0,1
8323,4.2092,0.8683,410,430,0,1,1
8324,4.2962,0.4827,410,430,0,0,1
8325,3.9429,0.4945,409,430,0,0,1
8326,4.151,0.7436,408,429,0,1,1
8327,4.2605,0.7327,407,428,0,1,1
8328,4.1462,0.6221,407,427,0,1,1
8329,4.5012,0.7154,404,427,0,0,1
8330,3.8021,0.796,403,424,0,3,1
8331,4.2652,0.7729,403,423,0,1,1
8332,4.0953,0.4425,403,423,0,0,1
8333,4.1576,0.4785,403,423,0,0,1
8334,4.1398,0.55,402,423,0,0,1
8335,4.177,0.5244,402,422,0,1,1
8336,4.2181,0.4471,401,422,0,0,1
8337,4.1121,0.426,401,421,0,1,1
8338,4.1992,0.911,401,421,0,0,1
8339,4.1553,0.4321,401,421,0,0,1
8340,4.5371,0.6694,400,421,0,0,1
8341,3.7575,0.5889,398,420,0,1,1
8342,4.196,0.6403,397,418,0,2,1
8343,4.2069,0.7646,396,417,0,1,1
8344,4.1037,0.4665,396,416,0,1,1
8345,4.1687,0.6891,395,416,0,0,1
8346,4.2026,0.5353,395,415,0,1,1
8347,4.2626,0.7721,395,415,0,0,1
8348,4.0351,0.7018,394,415,0,0,1
8349,4.1652,0.4389,394,414,0,1,1
8350,4.2755,0.4755,394,414,0,0,1
8351,4.0746,0.4744,393,414,0,0,1
8352,4.1902,0.5024,393,413,0,1,1
8353,4.1572,0.488,392,413,0,0,1
8354,4.1597,0.4488,391,412,0,1,1
8355,4.1411,0.4375,389,411,0,1,1
8356,4.1839,0.4908,388,409,0,2,1
8357,4.1846,0.4838,386,408,0,1,1
8358,4.1814,0.4909,385,406,0,2,1
8359,4.137,0.4229,384,405,0,1,1
8360,4.3932,0.442,383,404,0,1,1
8361,3.9691,0.4612,383,403,0,1,1
8362,4.1868,0.6284,382,403,0,0,1
8363,4.1077,0.4216,381,402,0,1,1
8364,4.2192,0.4809,381,401,0,1,1
8365,4.2089,0.931,380,401,0,0,1
8366,4.1088,0.4632,379,400,0,1,1
8367,4.1019,0.483,379,399,0,1,1
8368,5.0261,0.4175,379,399,0,0,1
8369,3.3562,0.4161,379,399,0,0,1
8370,4.1865,0.4964,378,399,0,0,1
8371,4.1406,0.4255,376,398,0,1,1
8372,4.1684,0.4437,375,396,0,2,1
8373,4.1708,0.5421,367,395,0,1,1
8374,4.1648,0.7599,367,387,0,8,1
8375,4.2406,0.7976,367,387,0,0,1
8376,4.1418,0.6087,367,387,0,0,1
8377,4.4133,0.7228,366,387,0,0,1
8378,3.8755,0.4932,364,386,0,1,1
8379,4.1828,0.9111,414,434,50,2,1
8380,4.1531,0.4938,414,434,0,0,1
8381,4.2453,0.7555,414,434,0,0,1
8382,4.1099,0.5537,414,434,0,0,1
8383,4.1473,0.4597,414,434,0,0,1
8384,4.1696,0.4763,413,434,0,0,1
8385,4.1669,0.4498,413,433,0,1,1
8386,4.1257,0.564,411,433,0,0,1
8387,4.175,0.4199,411,431,0,2,1
8388,4.3897,0.6381,410,431,0,0,1
8389,4.0045,0.5317,409,430,0,1,1
8390,4.1355,0.4937,409,429,0,1,1
8391,4.1267,0.5291,408,429,0,0,1
8392,4.9029,0.5283,407,428,0,1,1
8393,3.4435,0.4977,406,427,0,1,1
8394,4.1885,0.7736,406,426,0,1,1
8395,4.1732,0.4742,405,426,0,0,1
8396,4.1436,0.608,404,425,0,1,1
8397,4.2087,0.4603,404,424,0,1,1
8398,4.1201,0.4698,403,424,0,0,1
8399,4.2118,0.4438,401,423,0,1,1
8400,4.2661,0.7139,400,421,0,2,1
8401,4.0999,0.4903,398,420,0,1,1
8402,4.2182,0.7602,398,418,0,2,1
8403,4.0537,0.4136,398,418,0,0,1
8404,4.1877,0.4927,398,418,0,0,1
8405,4.1305,0.4197,398,418,0,0,1
8406,4.1462,0.7137,397,418,0,0,1
8407,4.3402,0.7458,397,417,0,1,1
8408,4.0524,0.5135,396,417,0,0,1
8409,4.132,0.4191,396,416,0,1,1
8410,4.4995,0.4683,396,416,0,0,1
8411,4.3978,0.4654,395,416,0,0,1
8412,3.6457,0.7036,395,415,0,1,1
8413,4.186,0.7286,395,415,0,0,1
8414,4.1109,0.4476,394,415,0,0,1
8415,4.2216,0.5268,393,414,0,1,1
8416,4.1038,0.4459,393,413,0,1,1
8417,4.3976,0.6906,392,413,0,0,1
8418,4.037,0.4656,392,412,0,1,1
8419,4.3689,0.6249,391,412,0,0,1
8420,3.9425,0.518,391,411,0,1,1
8421,4.1061,0.5212,390,411,0,0,1
8422,4.2301,0.6747,389,410,0,1,1
8423,4.1017,0.5487,387,409,0,1,1
8424,4.2223,0.6176,387,407,0,2,1
8425,4.1905,0.4589,387,407,0,0,1
8426,4.1039,0.4688,387,407,0,0,1
8427,4.1575,0.7954,386,407,0,0,1
8428,4.1832,0.6268,384,406,0,1,1
8429,4.1511,0.4747,383,404,0,2,1
8430,4.1983,0.6335,382,403,0,1,1
8431,4.2228,0.7562,382,402,0,1,1
8432,4.2157,0.6484,382,402,0,0,1
8433,4.027,0.4661,380,402,0,0,1
8434,4.1893,0.4828,380,400,0,2,1
8435,4.1546,0.4753,379,400,0,0,1
8436,4.2402,0.4653,378,399,0,1,1
8437,4.1771,0.7313,377,398,0,1,1
8438,4.1322,0.7822,377,397,0,1,1
8439,4.2069,0.4729,377,397,0,0,1
8440,4.0693,0.4081,375,397,0,0,1
8441,4.5235,0.4045,368,395,0,2,1
8442,3.9177,0.5336,368,388,0,7,1
8443,4.0705,0.4026,368,388,0,0,1
8444,4.2476,0.6692,367,388,0,0,1
8445,4.0736,0.4362,365,387,0,1,1
8446,4.4469,0.6417,414,435,50,2,1
8447,3.9303,0.464,413,434,0,1,1
8448,4.1502,0.8248,413,433,0,1,1
8449,4.2036,0.5005,413,433,0,0,1
8450,4.1355,0.8513,410,433,0,0,1
8451,4.1517,0.5579,410,430,0,3,1
8452,4.1923,0.4822,410,430,0,0,1
8453,4.1234,0.4858,409,430,0,0,1
8454,4.2252,0.5942,408,429,0,1,1
8455,4.1778,0.6728,408,428,0,1,1
8456,4.1237,0.6311,407,428,0,0,1
8457,4.1421,0.4734,407,427,0,1,1
8458,4.2207,0.8658,407,427,0,0,1
8459,4.179,0.5178,407,427,0,0,1
8460,4.1614,0.4914,406,427,0,0,1
8461,4.1365,0.4607,405,426,0,1,1
8462,4.1975,0.6414,405,425,0,1,1
8463,4.2022,0.6336,405,425,0,0,1
8464,4.1598,0.4308,404,425,0,0,1
8465,4.1355,0.4827,403,424,0,1,1
8466,4.095,0.4449,402,423,0,1,1
8467,4.2374,0.4521,402,422,0,1,1
8468,4.2437,0.6559,401,422,0,0,1
8469,4.0275,0.414,400,421,0,1,1
8470,4.2414,0.7712,400,420,0,1,1
8471,4.101,0.4206,400,420,0,0,1
8472,4.2307,0.4867,400,420,0,0,1
8473,4.0773,0.4743,400,420,0,0,1
8474,4.1862,0.7464,398,420,0,0,1
8475,4.2398,0.4768,398,418,0,2,1
8476,4.1067,0.4604,397,418,0,0,1
8477,4.609,0.7682,396,417,0,1,1
8478,4.0777,0.6022,396,416,0,1,1
8479,4.1089,0.6278,395,416,0,0,1
8480,3.861,0.5774,394,415,0,1,1
8481,4.1733,0.5051,394,414,0,1,1
8482,4.283,0.6859,394,414,0,0,1
8483,4.0426,0.4751,394,414,0,0,1
8484,4.2208,0.5221,393,414,0,0,1
8485,4.5711,0.8066,391,413,0,1,1
8486,3.6914,0.7118,391,411,0,2,1
8487,4.1506,0.5529,391,411,0,0,1
8488,4.1871,0.457,390,411,0,0,1
8489,4.2425,0.5849,390,410,0,1,1
8490,4.1774,0.6881,388,410,0,0,1
8491,4.421,0.5377,388,408,0,2,1
8492,4.2219,0.4859,386,408,0,0,1
8493,3.7677,0.5433,386,406,0,2,1
8494,4.255,0.71,386,406,0,0,1
8495,4.1172,0.4399,385,406,0,0,1
8496,4.1718,0.4786,384,405,0,1,1
8497,4.1713,0.4963,382,404,0,1,1
8498,4.1178,0.4586,381,402,0,2,1
8499,4.2287,0.5273,380,401,0,1,1
8500,4.1897,0.7358,378,400,0,1,1
8501,4.2328,0.6638,378,398,0,2,1
8502,4.1365,0.7238,378,398,0,0,1
8503,4.1019,0.5524,378,398,0,0,1
8504,4.2242,0.5275,376,398,0,0,1
8505,4.0918,0.4232,376,396,0,2,1
8506,4.1799,0.7073,375,396,0,0,1
8507,4.203,0.4157,374,395,0,1,1
8508,4.1924,0.4491,367,394,0,1,1
8509,4.1235,0.4459,367,387,0,7,1
8510,4.1955,0.6967,367,387,0,0,1
8511,4.1485,0.5876,366,387,0,0,1
8512,4.1412,0.411,366,386,0,1,1
8513,4.2148,0.7251,365,386,0,0,1
8514,4.1845,0.6401,414,435,50,1,1
8515,4.1388,0.5441,413,434,0,1,1
8516,4.1698,0.5402,413,433,0,1,1
8517,4.0787,0.4218,413,433,0,0,1
8518,4.4307,0.9235,412,433,0,0,1
8519,4.0129,0.4688,412,432,0,1,1
8520,4.3777,0.5996,411,432,0,0,1
8521,3.9137,0.4709,410,431,0,1,1
8522,4.1747,0.7529,410,430,0,1,1
8523,4.186,0.5147,409,430,0,0,1
8524,4.0855,0.4883,408,429,0,1,1
8525,4.2345,0.481,407,428,0,1,1
8526,4.3685,0.6613,407,427,0,1,1
8527,4.0037,0.5676,407,427,0,0,1
8528,4.1338,0.6258,407,427,0,0,1
8529,4.1035,0.4849,407,427,0,0,1
8530,4.2316,0.6487,407,427,0,0,1
8531,4.2231,0.4534,407,427,0,0,1
8532,4.3459,0.6239,406,427,0,0,1
8533,3.916,0.4293,406,426,0,1,1
8534,4.5098,0.6475,405,426,0,0,1
8535,3.8352,0.4979,405,425,0,1,1
8536,4.1246,0.4471,404,425,0,0,1
8537,4.1565,0.5802,403,424,0,1,1
8538,4.391,0.7098,403,423,0,1,1
8539,4.0217,0.4846,401,423,0,0,1
8540,4.1054,0.5374,401,421,0,2,1
8541,4.1574,0.4449,400,421,0,0,1
8542,4.1942,0.5664,400,420,0,1,1
8543,4.2094,0.4404,399,420,0,0,1
8544,4.1097,0.4702,399,419,0,1,1
8545,4.265,0.673,399,419,0,0,1
8546,4.3465,0.4785,399,419,0,0,1
8547,3.8673,0.4893,399,419,0,0,1
8548,4.1832,0.581,399,419,0,0,1
8549,4.1708,0.5312,398,419,0,0,1
8550,4.4585,0.7128,397,418,0,1,1
8551,3.9733,0.7054,397,417,0,1,1
8552,4.0989,0.517,397,417,0,0,1
8553,4.092,0.4224,396,417,0,0,1
8554,4.2539,0.5167,395,416,0,1,1
8555,4.1424,0.4828,395,415,0,1,1
8556,4.1572,0.5647,395,415,0,0,1
8557,4.1067,0.6236,395,415,0,0,1
8558,4.207,0.7055,394,415,0,0,1
8559,4.1846,0.4748,393,414,0,1,1
8560,4.1397,0.489,391,413,0,1,1
8561,4.192,0.4648,390,411,0,2,1
8562,4.2177,0.7466,390,410,0,1,1
8563,4.1411,0.7036,390,410,0,0,1
8564,4.2723,0.6398,390,410,0,0,1
8565,4.0037,0.4594,390,410,0,0,1
8566,4.5103,0.7042,390,410,0,0,1
8567,3.8816,0.6625,390,410,0,0,1
8568,4.1165,0.6919,390,410,0,0,1
8569,4.195,0.636,389,410,0,0,1
8570,4.4563,0.5213,388,409,0,1,1
8571,3.9366,0.5847,385,408,0,1,1
8572,4.1107,0.4861,385,405,0,3,1
8573,4.1951,0.5166,384,405,0,0,1
8574,4.2179,0.7067,383,404,0,1,1
8575,4.123,0.7385,376,403,0,1,1
8576,4.0941,0.7491,376,396,0,7,1
8577,4.174,0.4702,376,396,0,0,1
8578,4.2287,0.5288,376,396,0,0,1
8579,4.1559,0.6509,375,396,0,0,1
8580,4.1408,0.4506,375,395,0,1,1
8581,4.222,0.6534,425,445,50,0,1
8582,4.1559,0.8258,425,445,0,0,1
8583,4.1913,0.9301,424,445,0,0,1
8584,4.0806,0.4509,424,444,0,1,1
8585,4.1896,0.5449,424,444,0,0,1
8586,4.199,0.7043,422,444,0,0,1
8587,4.4005,0.6697,421,442,0,2,1
8588,3.9056,0.5828,420,441,0,1,1
8589,4.2533,0.6249,418,440,0,1,1
8590,4.1211,0.7359,417,438,0,2,1
8591,4.1225,0.4581,416,437,0,1,1
8592,4.1728,0.6428,414,436,0,1,1
8593,4.4138,0.4863,414,434,0,2,1
8594,3.9172,0.7941,414,434,0,0,1
8595,4.1334,0.7281,414,434,0,0,1
8596,4.17,0.4909,414,434,0,0,1
8597,4.1796,0.4442,412,434,0,0,1
8598,4.299,0.5113,412,432,0,2,1
8599,4.073,0.4664,412,432,0,0,1
8600,4.1366,0.9308,412,432,0,0,1
8601,4.1635,0.6695,411,432,0,0,1
8602,4.1893,0.628,411,431,0,1,1
8603,4.4457,0.5799,410,431,0,0,1
8604,3.9298,0.5824,408,430,0,1,1
8605,4.1043,0.4556,408,428,0,2,1
8606,4.138,0.7571,408,428,0,0,1
8607,4.1561,0.6549,408,428,0,0,1
8608,4.1689,0.4887,407,428,0,0,1
8609,4.1891,0.5437,406,427,0,1,1
8610,4.256,0.7554,403,426,0,1,1
8611,4.1539,0.4992,402,423,0,3,1
8612,4.1546,0.5169,402,422,0,1,1
8613,4.105,0.4329,401,422,0,0,1
8614,4.3165,0.6611,398,421,0,1,1
8615,4.0589,0.4303,398,418,0,3,1
8616,4.1981,0.5305,398,418,0,0,1
8617,4.1081,0.4715,397,418,0,0,1
8618,4.2302,0.6029,397,417,0,1,1
8619,4.1374,0.6237,397,417,0,0,1
8620,4.1071,0.418,396,417,0,0,1
8621,4.2422,0.499,395,416,0,1,1
8622,4.2462,0.5929,395,415,0,1,1
8623,4.0337,0.4169,395,415,0,0,1
8624,4.1785,0.4845,394,415,0,0,1
8625,4.1191,0.4142,394,414,0,1,1
8626,4.2203,0.6663,393,414,0,0,1
8627,4.1415,0.4383,393,413,0,1,1
8628,4.2756,0.4872,392,413,0,0,1
8629,4.1167,0.476,391,412,0,1,1
8630,4.1516,0.7099,391,411,0,1,1
8631,4.1656,0.6841,390,411,0,0,1
8632,4.0918,0.4208,389,410,0,1,1
8633,4.3768,0.6533,389,409,0,1,1
8634,4.0925,0.5227,389,409,0,0,1
8635,4.1393,0.5454,389,409,0,0,1
8636,4.1195,0.4624,389,409,0,0,1
8637,4.113,0.4205,388,409,0,0,1
8638,4.1945,0.7229,387,408,0,1,1
8639,4.1396,0.4245,387,407,0,1,1
8640,4.247,0.5631,387,407,0,0,1
8641,4.1775,0.5213,386,407,0,0,1
8642,4.1016,0.4698,379,406,0,1,1
8643,4.5152,0.7143,379,399,0,7,1
8644,3.8202,0.4639,378,399,0,0,1
8645,4.2012,0.7043,375,398,0,1,1
8646,4.3292,0.5579,375,395,0,3,1
8647,4.0313,0.4791,375,395,0,0,1
8648,4.0726,0.6422,425,445,50,0,1
8649,4.2198,0.6866,425,445,0,0,1
8650,4.1923,0.777,425,445,0,0,1
8651,4.4692,0.5554,424,445,0,0,1
8652,3.9406,0.7042,424,444,0,1,1
8653,4.0666,0.4431,424,444,0,0,1
8654,4.24,0.7783,424,444,0,0,1
8655,4.1317,0.4786,424,444,0,0,1
8656,4.1146,0.4615,424,444,0,0,1
8657,4.2305,0.7329,422,444,0,0,1
8658,4.2595,0.769,421,442,0,2,1
8659,4.0815,0.7802,421,441,0,1,1
8660,4.0726,0.6956,420,441,0,0,1
8661,4.1851,0.5287,419,440,0,1,1
8662,4.234,0.6715,418,439,0,1,1
8663,4.1845,0.4769,417,438,0,1,1
8664,4.1784,0.4701,416,437,0,1,1
8665,4.0645,0.4968,415,436,0,1,1
8666,4.2424,0.6654,413,435,0,1,1
8667,4.078,0.6237,411,433,0,2,1
8668,4.2322,0.4328,410,431,0,2,1
8669,4.1766,0.5528,410,430,0,1,1
8670,4.4092,0.4626,410,430,0,0,1
8671,4.0373,0.6571,410,430,0,0,1
8672,4.0631,0.4874,409,430,0,0,1
8673,4.0771,0.4159,409,429,0,1,1
8674,4.2606,0.4877,409,429,0,0,1
8675,4.1427,0.4788,408,429,0,0,1
8676,4.2016,0.764,408,428,0,1,1
8677,4.1119,0.6698,408,428,0,0,1
8678,4.2123,0.7465,408,428,0,0,1
8679,4.1861,0.6847,408,428,0,0,1
8680,4.0795,0.5155,408,428,0,0,1
8681,4.1881,0.511,408,428,0,0,1
8682,4.2448,0.7197,408,428,0,0,1
8683,4.1941,0.4351,406,428,0,0,1
8684,4.0715,0.5274,405,426,0,2,1
8685,4.1003,0.4264,404,425,0,1,1
8686,4.1735,0.5341,403,424,0,1,1
8687,4.1947,0.4452,401,423,0,1,1
8688,4.2323,0.4937,401,421,0,2,1
8689,4.1931,0.6168,401,421,0,0,1
8690,4.2051,0.6708,399,421,0,0,1
8691,4.0747,0.4982,397,419,0,2,1
8692,4.1371,0.5747,397,417,0,2,1
8693,4.2181,0.612,396,417,0,0,1
8694,4.5033,0.7739,395,416,0,1,1
8695,3.9137,0.4071,395,415,0,1,1
8696,4.1521,0.6823,394,415,0,0,1
8697,4.0413,0.4216,393,414,0,1,1
8698,4.1369,0.5825,393,413,0,1,1
8699,4.2413,0.41,393,413,0,0,1
8700,4.178,0.5463,393,413,0,0,1
8701,4.1302,0.5668,392,413,0,0,1
8702,4.3375,0.7925,392,412,0,1,1
8703,3.9852,0.4241,390,412,0,0,1
8704,4.1738,0.4365,390,410,0,2,1
8705,4.1352,0.5694,389,410,0,0,1
8706,4.2568,0.5084,389,409,0,1,1
8707,4.1564,0.6523,389,409,0,0,1
8708,4.1721,0.6908,387,409,0,0,1
8709,4.108,0.4323,379,407,0,2,1
8710,4.2184,0.5577,378,399,0,8,1
8711,4.1888,0.4943,378,398,0,1,1
8712,4.1365,0.4543,376,398,0,0,1
8713,4.101,0.4016,375,396,0,2,1
8714,4.1848,0.7636,374,395,0,1,1
8715,4.245,0.7022,424,444,50,1,1
8716,4.0974,0.4993,423,444,0,0,1
8717,4.2318,0.6645,423,443,0,1,1
8718,4.434,0.6195,421,443,0,0,1
8719,3.8865,0.6024,420,441,0,2,1
8720,4.1287,1.2477,419,440,0,1,1
8721,4.1776,0.4544,419,439,0,1,1
8722,4.3508,0.7328,417,439,0,0,1
8723,4.0073,0.4866,416,437,0,2,1
8724,4.1618,0.6243,415,436,0,1,1
8725,4.4128,0.4356,414,435,0,1,1
8726,3.9261,0.5456,414,434,0,1,1
8727,4.1464,0.4782,412,434,0,0,1
8728,4.1501,0.5093,412,432,0,2,1
8729,4.1913,0.7342,412,432,0,0,1
8730,4.1606,0.6901,412,432,0,0,1
8731,4.1403,0.5823,412,432,0,0,1
8732,4.2171,0.5923,411,432,0,0,1
8733,4.0794,0.4739,409,431,0,1,1
8734,4.2177,0.5385,408,429,0,2,1
8735,4.188,0.4595,408,428,0,1,1
8736,4.1485,0.5151,408,428,0,0,1
8737,4.1871,0.6807,408,428,0,0,1
8738,4.1559,0.5561,407,428,0,0,1
8739,4.215,0.7377,407,427,0,1,1
8740,4.1001,0.4487,407,427,0,0,1
8741,4.1785,0.4663,406,427,0,0,1
8742,4.117,0.6212,406,426,0,1,1
8743,4.5073,0.4816,406,426,0,0,1
8744,3.8871,0.6161,406,426,0,0,1
8745,4.1272,0.4963,406,426,0,0,1
8746,4.2271,0.6052,406,426,0,0,1
8747,4.1232,0.5151,405,426,0,0,1
8748,4.1583,0.7612,405,425,0,1,1
8749,4.2335,0.4868,403,425,0,0,1
8750,4.1054,0.4895,403,423,0,2,1
8751,4.1821,0.5852,403,423,0,0,1
8752,4.1603,0.6148,402,423,0,0,1
8753,4.2084,0.4958,401,422,0,1,1
8754,4.227,0.555,400,421,0,1,1
8755,4.1124,0.4862,400,420,0,1,1
8756,4.3841,0.4337,399,420,0,0,1
8757,3.8589,0.4299,398,419,0,1,1
8758,4.3902,0.6672,397,418,0,1,1
8759,4.0193,0.4451,396,417,0,1,1
8760,4.3369,0.6311,394,416,0,1,1
8761,3.9431,0.4229,391,414,0,2,1
8762,4.4723,0.7498,391,411,0,3,1
8763,3.8665,0.557,390,411,0,0,1
8764,4.2085,0.4573,389,410,0,1,1
8765,4.2405,0.7013,387,409,0,1,1
8766,4.2056,0.4636,387,407,0,2,1
8767,4.0421,0.4907,387,407,0,0,1
8768,4.104,0.6569,386,407,0,0,1
8769,4.2149,0.9829,385,406,0,1,1
8770,4.2166,0.7018,385,405,0,1,1
8771,4.1779,0.4774,385,405,0,0,1
8772,4.1339,0.4791,385,405,0,0,1
8773,4.1866,0.5725,385,405,0,0,1
8774,4.1195,0.6522,384,405,0,0,1
8775,4.4881,0.7578,383,404,0,1,1
8776,3.8816,0.4974,383,403,0,1,1
8777,4.2756,0.7759,376,403,0,0,1
8778,3.9832,0.6916,375,396,0,7,1
8779,4.2411,0.5672,375,395,0,1,1
8780,4.1131,0.4747,374,395,0,0,1
8781,4.1453,0.4406,374,394,0,1,1
8782,4.1688,0.8122,422,444,50,0,1
8783,4.2136,0.5572,422,442,0,2,1
8784,4.2975,0.7299,422,442,0,0,1
8785,4.0691,0.6213,422,442,0,0,1
8786,4.4114,0.8255,422,442,0,0,1
8787,3.9375,0.489,421,442,0,0,1
8788,4.1532,0.738,419,441,0,1,1
8789,4.1699,0.6728,418,439,0,2,1
8790,4.2711,0.5876,418,438,0,1,1
8791,4.056,0.539,418,438,0,0,1
8792,4.1327,0.7285,418,438,0,0,1
8793,4.1273,0.4775,417,438,0,0,1
8794,4.1567,0.7302,416,437,0,1,1
8795,4.2668,0.618,414,436,0,1,1
8796,4.1703,0.6945,414,434,0,2,1
8797,4.0838,0.4891,414,434,0,0,1
8798,4.2812,0.7203,414,434,0,0,1
8799,4.1464,0.502,414,434,0,0,1
8800,4.1028,0.476,414,434,0,0,1
8801,4.2034,0.595,412,434,0,0,1
8802,4.1892,0.6542,411,432,0,2,1
8803,4.3872,0.6098,411,431,0,1,1
8804,3.9263,0.5435,411,431,0,0,1
8805,4.1083,0.4859,411,431,0,0,1
8806,4.226,0.6837,411,431,0,0,1
8807,4.211,0.5559,410,431,0,0,1
8808,4.1188,0.6392,409,430,0,1,1
8809,4.1137,0.671,409,429,0,1,1
8810,4.229,0.6829,409,429,0,0,1
8811,4.0605,0.4959,409,429,0,0,1
8812,4.1877,0.4372,409,429,0,0,1
8813,4.2662,0.4586,409,429,0,0,1
8814,4.3232,0.5753,407,429,0,0,1
8815,4.0359,0.6786,407,427,0,2,1
8816,4.1235,0.4794,403,427,0,0,1
8817,4.1079,0.4249,400,423,0,4,1
8818,4.1906,0.6135,399,420,0,3,1
8819,4.1606,0.5133,399,419,0,1,1
8820,4.1827,0.6573,399,419,0,0,1
8821,4.1447,0.4451,399,419,0,0,1
8822,4.1494,0.4799,399,419,0,0,1
8823,4.1082,0.4539,398,419,0,0,1
8824,4.2031,0.5262,397,418,0,1,1
8825,4.1625,0.4804,397,417,0,1,1
8826,4.1406,0.5159,396,417,0,0,1
8827,4.229,0.5375,396,416,0,1,1
8828,4.2053,0.5129,395,416,0,0,1
8829,4.1512,0.4996,393,415,0,1,1
8830,4.231,0.6753,392,413,0,2,1
8831,4.1651,0.5657,392,412,0,1,1
8832,4.3811,0.7936,392,412,0,0,1
8833,3.9327,0.8738,392,412,0,0,1
8834,4.153,0.6292,390,412,0,0,1
8835,4.1429,0.579,389,410,0,2,1
8836,4.1583,0.4568,388,409,0,1,1
8837,4.5816,0.6785,386,408,0,1,1
8838,3.8122,0.6803,385,406,0,2,1
8839,4.1017,0.4753,384,405,0,1,1
8840,4.5402,0.7156,384,404,0,1,1
8841,3.8243,0.5422,384,404,0,0,1
8842,4.4076,0.5507,383,404,0,0,1
8843,4.3357,0.5824,383,403,0,1,1
8844,3.773,0.8096,376,403,0,0,1
8845,4.1301,0.6711,375,396,0,7,1
8846,4.2129,0.846,374,395,0,1,1
8847,4.2723,0.652,374,394,0,1,1
8848,3.9992,0.5075,374,394,0,0,1
8849,4.2425,0.5549,373,394,0,0,1
8850,4.1502,0.6468,423,443,50,1,1
8851,4.169,0.5177,421,443,0,0,1
8852,4.1231,0.6653,421,441,0,2,1
8853,4.1134,0.4361,420,441,0,0,1
8854,4.24,0.5465,418,440,0,1,1
8855,4.147,0.441,417,438,0,2,1
8856,4.1917,0.5831,415,437,0,1,1
8857,4.1337,0.4482,415,435,0,2,1
8858,4.1568,0.7752,414,435,0,0,1
8859,4.1942,0.7226,413,434,0,1,1
8860,4.1455,0.4967,412,433,0,1,1
8861,4.2226,0.5726,412,432,0,1,1
8862,4.2319,0.5249,412,432,0,0,1
8863,4.1515,0.7137,411,432,0,0,1
8864,4.1053,0.5548,410,431,0,1,1
8865,4.0983,0.5169,410,430,0,1,1
8866,4.2607,0.6454,410,430,0,0,1
8867,4.2316,0.6098,410,430,0,0,1
8868,4.0799,0.5145,410,430,0,0,1
8869,4.506,0.4539,409,430,0,0,1
8870,3.774,0.5628,409,429,0,1,1
8871,4.1882,0.5801,407,429,0,0,1
8872,4.1125,0.4349,407,427,0,2,1
8873,4.2408,0.4794,406,427,0,0,1
8874,4.2729,0.6966,406,426,0,1,1
8875,4.1516,0.6621,406,426,0,0,1
8876,4.058,0.4498,406,426,0,0,1
8877,4.1639,0.733,405,426,0,0,1
8878,4.5106,0.7599,405,425,0,1,1
8879,3.8717,0.5003,404,425,0,0,1
8880,4.2078,0.5313,404,424,0,1,1
8881,4.0635,0.4943,404,424,0,0,1
8882,4.2088,0.7774,404,424,0,0,1
8883,4.1775,0.7914,404,424,0,0,1
8884,4.0821,0.5078,404,424,0,0,1
8885,4.2547,0.5579,403,424,0,0,1
8886,4.2507,0.8047,403,423,0,1,1
8887,4.0888,0.5745,401,423,0,0,1
8888,4.1749,0.4991,400,421,0,2,1
8889,4.0941,0.4363,400,420,0,1,1
8890,4.207,0.622,400,420,0,0,1
8891,4.2113,0.4564,399,420,0,0,1
8892,4.2024,0.5491,398,419,0,1,1
8893,4.0687,0.4767,397,418,0,1,1
8894,4.1549,0.5086,396,417,0,1,1
8895,4.2299,0.4502,395,416,0,1,1
8896,4.0652,0.4797,394,415,0,1,1
8897,4.2937,0.6695,393,414,0,1,1
8898,4.0811,0.6727,392,413,0,1,1
8899,4.4401,0.6682,392,412,0,1,1
8900,3.8532,0.4823,392,412,0,0,1
8901,4.1929,0.4484,391,412,0,0,1
8902,4.1973,0.7311,390,411,0,1,1
8903,4.2568,0.6165,390,410,0,1,1
8904,4.1266,0.5412,390,410,0,0,1
8905,4.1123,0.4639,388,410,0,0,1
8906,4.1322,0.6014,388,408,0,2,1
8907,4.1718,0.4879,387,408,0,0,1
8908,4.1912,0.4463,387,407,0,1,1
8909,4.314,0.6845,387,407,0,0,1
8910,4.3624,0.4581,386,407,0,0,1
8911,3.7907,0.754,379,406,0,1,1
8912,4.252,0.5484,377,399,0,7,1
8913,4.096,0.4471,377,397,0,2,1
8914,4.2272,0.6137,376,397,0,0,1
8915,4.2256,0.4385,375,396,0,1,1
8916,4.1254,0.7884,375,395,0,1,1
8917,4.0686,0.7385,423,445,50,0,1
8918,4.2656,0.563,423,443,0,2,1
8919,4.1803,0.5229,423,443,0,0,1
8920,4.0881,0.4679,422,443,0,0,1
8921,4.2394,0.4696,420,442,0,1,1
8922,4.1733,0.7533,420,440,0,2,1
8923,4.5286,0.5626,418,440,0,0,1
8924,3.7815,0.5229,417,438,0,2,1
8925,4.1053,0.4753,415,437,0,1,1
8926,4.1926,0.4905,415,435,0,2,1
8927,4.2297,0.5213,414,435,0,0,1
8928,4.1682,0.8251,413,434,0,1,1
8929,4.1227,0.5696,413,433,0,1,1
8930,4.1296,0.6414,412,433,0,0,1
8931,4.1685,0.4897,411,432,0,1,1
8932,4.1814,0.4316,411,431,0,1,1
8933,4.1983,0.5235,410,431,0,0,1
8934,4.3813,0.52,410,430,0,1,1
8935,4.1888,0.612,410,430,0,0,1
8936,3.9205,0.6714,410,430,0,0,1
8937,4.1214,0.4275,410,430,0,0,1
8938,4.5028,0.8107,410,430,0,0,1
8939,3.825,0.4662,410,430,0,0,1
8940,4.2179,0.7563,409,430,0,0,1
8941,4.2681,0.7072,409,429,0,1,1
8942,4.0857,0.6304,409,429,0,0,1
8943,4.124,0.7798,409,429,0,0,1
8944,4.1641,0.578,408,429,0,0,1
8945,4.1999,0.4878,408,428,0,1,1
8946,4.1754,0.6373,408,428,0,0,1
8947,4.1673,0.4394,408,428,0,0,1
8948,4.1532,0.4943,406,428,0,0,1
8949,4.1036,0.4364,406,426,0,2,1
8950,4.1577,0.6894,406,426,0,0,1
8951,4.2778,0.7041,406,426,0,0,1
8952,4.1314,0.5496,406,426,0,0,1
8953,4.1993,0.6939,406,426,0,0,1
8954,4.1675,0.6859,406,426,0,0,1
8955,4.124,0.5024,406,426,0,0,1
8956,4.1295,0.4197,406,426,0,0,1
8957,4.222,0.4821,405,426,0,0,1
8958,4.1728,0.7214,405,425,0,1,1
8959,4.1519,0.7651,404,425,0,0,1
8960,4.215,0.7119,403,424,0,1,1
8961,4.0488,0.5019,403,423,0,1,1
8962,4.1936,0.5327,402,423,0,0,1
8963,4.1572,0.5366,402,422,0,1,1
8964,4.2147,0.5663,401,422,0,0,1
8965,4.1101,0.5317,399,421,0,1,1
8966,4.1687,0.5887,399,419,0,2,1
8967,4.1925,0.4838,398,419,0,0,1
8968,4.1772,0.4395,398,418,0,1,1
8969,4.213,0.4956,397,418,0,0,1
8970,4.4467,0.4427,394,417,0,1,1
8971,3.9463,0.6231,393,414,0,3,1
8972,4.0944,0.4258,392,413,0,1,1
8973,4.1122,0.4314,390,412,0,1,1
8974,4.2233,0.6784,390,410,0,2,1
8975,4.0803,0.4444,389,410,0,0,1
8976,4.3058,0.6087,388,409,0,1,1
8977,4.1064,0.4665,388,408,0,1,1
8978,4.1151,0.8827,380,408,0,0,1
8979,4.3378,0.6617,380,400,0,8,1
8980,3.9944,0.4172,380,400,0,0,1
8981,4.4574,0.6688,380,400,0,0,1
8982,3.9416,0.4441,380,400,0,0,1
8983,4.1562,0.587,379,400,0,0,1
8984,4.1276,0.8624,425,449,50,1,1
8985,4.157,0.4565,425,445,0,4,1
8986,4.1839,0.6529,425,445,0,0,1
8987,4.1688,0.4456,424,445,0,0,1
8988,4.2037,0.6808,423,444,0,1,1
8989,4.0892,0.5282,423,443,0,1,1
8990,4.1939,0.82,423,443,0,0,1
8991,4.3761,0.6732,421,443,0,0,1
8992,3.9609,0.4559,421,441,0,2,1
8993,4.1315,0.6288,420,441,0,0,1
8994,4.2747,0.6165,420,440,0,1,1
8995,4.1409,0.49,420,440,0,0,1
8996,4.1257,0.6163,419,440,0,0,1
8997,4.1571,0.4528,419,439,0,1,1
8998,4.5173,0.661,418,439,0,0,1
8999,3.8209,0.4962,418,438,0,1,1
9000,4.2239,0.5336,417,438,0,0,1
9001,4.1092,0.547,417,437,0,1,1
9002,4.1613,0.6173,417,437,0,0,1
9003,4.1843,0.5906,415,437,0,0,1
9004,4.1619,0.48,415,435,0,2,1
9005,4.16,0.7387,415,435,0,0,1
9006,4.1808,0.5233,414,435,0,0,1
9007,4.1455,0.4382,414,434,0,1,1
9008,4.1879,0.4728,414,434,0,0,1
9009,4.1369,0.4284,414,434,0,0,1
9010,4.249,0.7221,414,434,0,0,1
9011,4.0939,0.4277,414,434,0,0,1
9012,4.4709,0.6798,414,434,0,0,1
9013,3.8957,0.4867,412,434,0,0,1
9014,4.1141,0.808,409,432,0,2,1
9015,4.2189,0.6658,408,429,0,3,1
9016,4.119,0.4871,408,428,0,1,1
9017,4.1986,0.5254,408,428,0,0,1
9018,4.2012,0.5172,408,428,0,0,1
9019,4.0973,0.4458,407,428,0,0,1
9020,4.1861,0.5659,407,427,0,1,1
9021,4.1363,0.4322,407,427,0,0,1
9022,4.1859,0.7055,407,427,0,0,1
9023,4.291,0.597,405,427,0,0,1
9024,4.1303,0.5503,405,425,0,2,1
9025,4.1114,0.4781,402,425,0,0,1
9026,4.226,0.5047,400,422,0,3,1
9027,4.1403,0.481,400,420,0,2,1
9028,4.1248,0.419,400,420,0,0,1
9029,4.3096,0.4241,399,420,0,0,1
9030,4.0832,0.5884,399,419,0,1,1
9031,4.1322,0.4716,398,419,0,0,1
9032,4.1518,0.5074,398,418,0,1,1
9033,4.1469,0.4778,398,418,0,0,1
9034,4.165,0.5338,398,418,0,0,1
9035,4.1742,0.4199,398,418,0,0,1
9036,4.1872,0.5781,397,418,0,0,1
9037,4.205,0.505,397,417,0,1,1
9038,4.1672,0.6734,397,417,0,0,1
9039,4.2516,0.7327,396,417,0,0,1
9040,4.0001,0.4959,394,416,0,1,1
9041,4.2645,0.7191,394,414,0,2,1
9042,4.1761,0.7931,393,414,0,0,1
9043,4.3044,0.5609,392,413,0,1,1
9044,3.9282,0.4645,392,412,0,1,1
9045,4.1815,0.4759,384,412,0,0,1
9046,4.2033,0.5347,383,404,0,8,1
9047,4.211,0.4596,383,403,0,1,1
9048,4.1338,0.6828,383,403,0,0,1
9049,4.175,0.4904,383,403,0,0,1
9050,4.1896,0.5533,383,403,0,0,1
9051,4.1454,1.0312,432,453,50,0,1
9052,4.1449,0.5109,431,452,0,1,1
9053,4.1885,0.8482,430,451,0,1,1
9054,4.2428,0.6719,427,450,0,1,1
9055,4.0597,0.4819,427,447,0,3,1
9056,4.1785,0.5061,427,447,0,0,1
9057,4.1402,0.4376,426,447,0,0,1
9058,4.161,0.4869,425,446,0,1,1
9059,4.2143,0.6913,425,445,0,1,1
9060,4.1556,0.6787,424,445,0,0,1
9061,4.1814,0.6514,424,444,0,1,1
9062,4.1829,0.5756,422,444,0,0,1
9063,4.164,0.5601,422,442,0,2,1
9064,4.0967,0.522,421,442,0,0,1
9065,4.1849,0.488,421,441,0,1,1
9066,4.2328,0.577,420,441,0,0,1
9067,4.2313,0.6821,419,440,0,1,1
9068,4.0166,0.627,419,439,0,1,1
9069,4.1646,0.4473,418,439,0,0,1
9070,4.2289,0.5104,418,438,0,1,1
9071,4.1965,0.4622,418,438,0,0,1
9072,4.1444,0.4827,418,438,0,0,1
9073,4.1891,0.725,417,438,0,0,1
9074,4.0878,0.4867,417,437,0,1,1
9075,4.1253,0.4797,417,437,0,0,1
9076,4.1974,0.4663,415,437,0,0,1
9077,4.3079,0.5112,413,435,0,2,1
9078,4.3328,0.5891,412,433,0,2,1
9079,3.897,0.5232,411,432,0,1,1
9080,4.6458,0.5981,410,431,0,1,1
9081,3.6595,0.4712,410,430,0,1,1
9082,4.1449,0.6198,410,430,0,0,1
9083,4.231,0.5399,409,430,0,0,1
9084,4.1354,0.4518,409,429,0,1,1
9085,4.2508,0.4371,408,429,0,0,1
9086,4.2239,0.6461,406,428,0,1,1
9087,4.1313,0.4951,405,426,0,2,1
9088,4.0607,0.4783,404,425,0,1,1
9089,4.1615,0.4269,404,424,0,1,1
9090,4.1957,0.5302,402,424,0,0,1
9091,4.2079,0.6155,401,422,0,2,1
9092,4.184,0.8572,400,421,0,1,1
9093,4.0731,0.4183,397,420,0,1,1
9094,4.2087,0.5295,397,417,0,3,1
9095,4.1642,0.4166,396,417,0,0,1
9096,4.4313,0.4161,395,416,0,1,1
9097,4.4968,0.4215,395,415,0,1,1
9098,3.5374,0.5257,394,415,0,0,1
9099,4.2221,0.502,393,414,0,1,1
9100,4.1102,0.4541,392,413,0,1,1
9101,4.5219,0.6281,391,412,0,1,1
9102,3.8127,0.4874,391,411,0,1,1
9103,4.1847,0.5441,391,411,0,0,1
9104,4.1865,0.6415,391,411,0,0,1
9105,4.1027,0.4035,389,411,0,0,1
9106,4.1582,0.4737,389,409,0,2,1
9107,4.2063,0.446,389,409,0,0,1
9108,4.2195,0.4771,389,409,0,0,1
9109,4.1577,0.6581,387,409,0,0,1
9110,4.1772,0.7472,386,407,0,2,1
9111,4.1618,0.456,386,406,0,1,1
9112,4.1167,0.4351,386,406,0,0,1
9113,4.5802,0.4503,379,406,0,0,1
9114,3.9043,0.6241,379,399,0,7,1
9115,4.0221,0.5809,379,399,0,0,1
9116,4.1896,0.6798,379,399,0,0,1
9117,4.3778,0.498,377,399,0,0,1
9118,4.7579,0.6628,427,447,50,2,1
9119,3.3442,0.5249,426,447,0,0,1
9120,4.2184,0.6662,425,446,0,1,1
9121,4.1773,0.6661,425,445,0,1,1
9122,4.186,0.5338,424,445,0,0,1
9123,4.1326,0.4589,423,444,0,1,1
9124,4.144,0.4431,422,443,0,1,1
9125,4.1914,0.5066,419,442,0,1,1
9126,4.1518,0.448,419,439,0,3,1
9127,4.1831,0.4707,419,439,0,0,1
9128,4.1721,0.5261,418,439,0,0,1
9129,4.1546,0.4573,417,438,0,1,1
9130,4.5403,0.5846,416,437,0,1,1
9131,3.8024,0.7837,416,436,0,1,1
9132,4.1572,0.5727,416,436,0,0,1
9133,4.1472,0.6904,415,436,0,0,1
9134,4.1936,0.7065,414,435,0,1,1
9135,4.0859,0.6091,411,434,0,1,1
9136,4.166,0.4446,411,431,0,3,1
9137,4.4664,0.615,411,431,0,0,1
9138,3.8885,0.5574,408,431,0,0,1
9139,4.2373,0.4824,408,428,0,3,1
9140,4.107,0.4582,405,428,0,0,1
9141,4.1638,0.6788,404,425,0,3,1
9142,4.2417,0.807,404,424,0,1,1
9143,4.1801,0.508,404,424,0,0,1
9144,4.1285,0.4773,404,424,0,0,1
9145,4.1921,0.511,402,424,0,0,1
9146,4.0572,0.4891,401,422,0,2,1
9147,4.2681,0.6903,401,421,0,1,1
9148,4.1364,0.5165,400,421,0,0,1
9149,4.1418,0.4901,399,420,0,1,1
9150,4.1732,0.7017,398,419,0,1,1
9151,4.5962,0.838,397,418,0,1,1
9152,3.8288,0.5476,397,417,0,1,1
9153,4.076,0.5403,397,417,0,0,1
9154,4.1754,0.5992,395,417,0,0,1
9155,4.1423,0.4712,393,415,0,2,1
9156,4.3079,0.5204,392,413,0,2,1
9157,4.0163,0.4807,392,412,0,1,1
9158,4.2623,0.4927,390,412,0,0,1
9159,4.0964,0.4607,390,410,0,2,1
9160,4.1572,0.4346,390,410,0,0,1
9161,4.2453,0.6694,390,410,0,0,1
9162,4.0913,0.5423,390,410,0,0,1
9163,4.2509,0.4864,390,410,0,0,1
9164,4.1443,0.5963,390,410,0,0,1
9165,4.093,0.4393,389,410,0,0,1
9166,4.2104,0.6576,389,409,0,1,1
9167,4.195,0.6915,388,409,0,0,1
9168,4.154,0.9197,386,408,0,1,1
9169,4.1633,0.4821,386,406,0,2,1
9170,4.4307,0.4666,386,406,0,0,1
9171,3.9121,0.5257,386,406,0,0,1
9172,4.1156,0.4176,385,406,0,0,1
9173,4.2422,0.8709,385,405,0,1,1
9174,4.1231,0.6652,385,405,0,0,1
9175,4.1338,0.4227,383,405,0,0,1
9176,4.2214,0.4877,383,403,0,2,1
9177,4.1007,0.4306,383,403,0,0,1
9178,4.2294,0.4693,381,403,0,0,1
9179,4.1204,0.6183,381,401,0,2,1
9180,4.2406,1.0238,373,401,0,0,1
9181,4.1097,0.4608,371,393,0,8,1
9182,4.2243,0.526,370,391,0,2,1
9183,4.1312,0.4573,370,390,0,1,1
9184,4.3212,0.5265,370,390,0,0,1
9185,4.2563,0.6304,417,440,50,0,1
9186,3.9357,0.5652,417,437,0,3,1
9187,4.1257,0.6451,415,437,0,0,1
9188,4.2089,0.7713,415,435,0,2,1
9189,4.0955,0.5181,414,435,0,0,1
9190,4.2536,0.5189,413,434,0,1,1
9191,4.1863,0.4582,412,433,0,1,1
9192,4.1022,1.033,412,432,0,1,1
9193,4.2684,1.1262,412,432,0,0,1
9194,4.0999,0.5053,411,432,0,0,1
9195,4.0863,0.6395,411,431,0,1,1
9196,4.2061,0.5006,411,431,0,0,1
9197,4.4571,0.4987,411,431,0,0,1
9198,3.8419,0.551,411,431,0,0,1
9199,4.3044,0.6878,410,431,0,0,1
9200,4.091,0.5551,409,430,0,1,1
9201,4.1411,0.4556,408,429,0,1,1
9202,4.2646,0.5445,408,428,0,1,1
9203,4.047,0.4498,408,428,0,0,1
9204,4.3191,0.6175,407,428,0,0,1
9205,4.1003,0.7134,406,427,0,1,1
9206,4.2622,0.7619,406,426,0,1,1
9207,4.0045,0.5375,406,426,0,0,1
9208,4.2212,0.4771,405,426,0,0,1
9209,4.1411,0.6229,405,425,0,1,1
9210,4.1942,0.5624,405,425,0,0,1
9211,4.2849,0.6557,405,425,0,0,1
9212,3.9807,0.8077,405,425,0,0,1
9213,4.1599,0.4644,404,425,0,0,1
9214,4.2369,0.5286,404,424,0,1,1
9215,4.1613,0.5377,404,424,0,0,1
9216,4.1515,0.4956,403,424,0,0,1
9217,4.1435,0.4435,402,423,0,1,1
9218,4.1407,0.4439,402,422,0,1,1
9219,4.1724,0.7428,402,422,0,0,1
9220,4.199,0.4324,400,422,0,0,1
9221,4.0998,0.4244,398,420,0,2,1
9222,4.2036,0.6645,398,418,0,2,1
9223,4.818,0.4786,398,418,0,0,1
9224,3.6368,0.6985,398,418,0,0,1
9225,4.0468,0.5031,397,418,0,0,1
9226,4.2,0.5633,396,417,0,1,1
9227,4.5411,0.5093,395,416,0,1,1
9228,3.764,0.636,394,415,0,1,1
9229,4.1764,0.4569,391,414,0,1,1
9230,4.2515,0.8222,390,411,0,3,1
9231,4.0923,0.6174,389,410,0,1,1
9232,4.1795,0.4397,389,409,0,1,1
9233,4.1409,0.441,387,409,0,0,1
9234,4.1728,0.4636,386,407,0,2,1
9235,4.1459,0.5594,385,406,0,1,1
9236,4.1773,0.4478,383,405,0,1,1
9237,4.1594,0.4565,382,403,0,2,1
9238,4.2755,0.6315,381,402,0,1,1
9239,4.1041,0.446,381,401,0,1,1
9240,4.1203,0.4579,381,401,0,0,1
9241,4.1654,0.4447,380,401,0,0,1
9242,4.2519,0.6071,380,400,0,1,1
9243,4.1558,0.6298,378,400,0,0,1
9244,4.1089,0.4351,378,398,0,2,1
9245,4.4433,0.4768,377,398,0,0,1
9246,4.2872,0.6683,376,397,0,1,1
9247,3.7324,0.4418,366,396,0,1,1
9248,4.2004,0.5048,366,386,0,10,1
9249,4.1882,0.4453,366,386,0,0,1
9250,4.1882,0.6015,365,386,0,0,1
9251,4.5756,0.5096,365,385,0,1,1
9252,3.7041,0.513,364,385,0,0,1
9253,4.4473,0.7143,414,434,50,1,1
9254,3.9502,0.6641,414,434,0,0,1
9255,4.1102,0.7335,414,434,0,0,1
9256,4.1816,0.4518,414,434,0,0,1
9257,4.1488,0.4779,414,434,0,0,1
9258,4.1744,0.6795,414,434,0,0,1
9259,4.16,0.5408,412,434,0,0,1
9260,4.1676,0.4329,410,432,0,2,1
9261,4.1473,0.4513,409,430,0,2,1
9262,4.2694,0.7633,408,429,0,1,1
9263,4.0685,0.4459,407,428,0,1,1
9264,4.1922,0.477,407,427,0,1,1
9265,4.1351,0.5106,407,427,0,0,1
9266,4.1885,0.6458,406,427,0,0,1
9267,4.4726,0.5519,405,426,0,1,1
9268,3.8687,0.5384,405,425,0,1,1
9269,4.1967,0.6811,405,425,0,0,1
9270,4.1904,0.6773,405,425,0,0,1
9271,4.1005,0.4437,404,425,0,0,1
9272,4.1516,0.55,404,424,0,1,1
9273,4.1839,0.5003,404,424,0,0,1
9274,4.2402,0.7955,403,424,0,0,1
9275,4.1052,0.4791,402,423,0,1,1
9276,4.2249,0.5177,402,422,0,1,1
9277,4.1558,0.4861,402,422,0,0,1
9278,4.1649,0.6685,402,422,0,0,1
9279,4.2049,0.4728,402,422,0,0,1
9280,4.0729,0.4362,401,422,0,0,1
9281,4.2237,0.6898,401,421,0,1,1
9282,4.1757,0.685,400,421,0,0,1
9283,4.1213,0.8271,397,420,0,1,1
9284,4.2063,0.5339,397,417,0,3,1
9285,4.0809,0.5701,397,417,0,0,1
9286,4.3389,0.7037,395,417,0,0,1
9287,4.0894,0.5256,393,415,0,2,1
9288,4.1449,0.5545,392,413,0,2,1
9289,4.4331,0.6227,391,412,0,1,1
9290,3.8292,0.4692,391,411,0,1,1
9291,4.2472,0.5162,391,411,0,0,1
9292,4.1095,0.4915,391,411,0,0,1
9293,4.2508,0.7133,390,411,0,0,1
9294,4.1082,0.5249,390,410,0,1,1
9295,4.1759,0.5626,389,410,0,0,1
9296,4.2011,0.5618,385,409,0,1,1
9297,4.105,0.6087,384,405,0,4,1
9298,4.2586,0.5052,384,404,0,1,1
9299,4.0899,0.5101,384,404,0,0,1
9300,4.2365,0.7454,384,404,0,0,1
9301,4.119,0.5564,383,404,0,0,1
9302,4.145,0.5013,381,403,0,1,1
9303,4.1992,0.5207,381,401,0,2,1
9304,4.1207,0.474,381,401,0,0,1
9305,4.235,0.4676,379,401,0,0,1
9306,4.2993,0.827,377,399,0,2,1
9307,3.9894,0.4519,377,397,0,2,1
9308,4.124,0.4531,376,397,0,0,1
9309,4.1739,0.4361,376,396,0,1,1
9310,4.2416,0.5837,375,396,0,0,1
9311,4.1799,0.4296,375,395,0,1,1
9312,4.1315,0.7083,373,395,0,0,1
9313,4.1614,0.4088,372,393,0,2,1
9314,4.175,0.6121,365,392,0,1,1
9315,4.1793,0.4778,365,385,0,7,1
9316,4.0818,0.4194,365,385,0,0,1
9317,4.1873,0.4182,365,385,0,0,1
9318,4.2181,0.6039,365,385,0,0,1
9319,4.2964,0.4161,364,385,0,0,1
9320,4.0354,0.5904,412,434,50,1,1
9321,4.1288,0.4868,412,432,0,2,1
9322,4.1638,0.5922,410,432,0,0,1
9323,4.1886,0.4385,410,430,0,2,1
9324,4.2068,0.4541,409,430,0,0,1
9325,4.1942,0.6853,409,429,0,1,1
9326,4.151,0.5257,408,429,0,0,1
9327,4.0842,0.4752,408,428,0,1,1
9328,4.1789,0.4467,408,428,0,0,1
9329,4.2322,0.5968,406,428,0,0,1
9330,4.1937,0.536,405,426,0,2,1
9331,4.1889,0.6856,405,425,0,1,1
9332,4.1114,0.563,405,425,0,0,1
9333,4.0887,0.4747,405,425,0,0,1
9334,4.2254,0.66,405,425,0,0,1
9335,4.2564,0.569,405,425,0,0,1
9336,4.1016,0.5868,405,425,0,0,1
9337,4.4864,0.4628,404,425,0,0,1
9338,3.8183,0.5501,404,424,0,1,1
9339,4.2398,0.4984,404,424,0,0,1
9340,4.0721,0.447,404,424,0,0,1
9341,4.187,0.4748,404,424,0,0,1
9342,4.1483,0.4758,404,424,0,0,1
9343,4.1491,0.4265,403,424,0,0,1
9344,4.3106,0.6741,403,423,0,1,1
9345,4.0117,0.4271,403,423,0,0,1
9346,4.1582,0.4873,403,423,0,0,1
9347,4.1991,0.4167,402,423,0,0,1
9348,4.2044,0.4909,401,422,0,1,1
9349,4.1913,0.7594,399,421,0,1,1
9350,4.1421,0.7216,398,419,0,2,1
9351,4.1652,0.4812,397,418,0,1,1
9352,4.1215,0.4378,396,417,0,1,1
9353,4.4195,0.6617,396,416,0,1,1
9354,3.9519,0.5658,394,416,0,0,1
9355,4.2045,0.7466,394,414,0,2,1
9356,4.1519,0.6841,394,414,0,0,1
9357,4.1085,0.4566,393,414,0,0,1
9358,4.2292,0.6498,393,413,0,1,1
9359,4.0934,0.4293,393,413,0,0,1
9360,4.2416,0.5246,391,413,0,0,1
9361,4.0823,0.487,391,411,0,2,1
9362,4.24,0.7317,390,411,0,0,1
9363,4.139,0.5482,389,410,0,1,1
9364,4.1228,0.4715,388,409,0,1,1
9365,4.2589,0.5047,388,408,0,1,1
9366,4.08,0.4843,388,408,0,0,1
9367,4.2604,0.481,385,408,0,0,1
9368,4.1171,0.7371,385,405,0,3,1
9369,4.1325,0.4802,384,405,0,0,1
9370,4.2137,0.6003,382,404,0,1,1
9371,4.1408,0.5146,381,402,0,2,1
9372,4.1892,0.5102,381,401,0,1,1
9373,4.2316,0.5055,381,401,0,0,1
9374,4.1143,0.7338,381,401,0,0,1
9375,4.1677,0.6697,378,401,0,0,1
9376,4.1436,0.9038,376,398,0,3,1
9377,4.4812,0.5881,374,396,0,2,1
9378,3.9395,0.5894,374,394,0,2,1
9379,4.1194,0.4895,374,394,0,0,1
9380,4.1483,0.4392,373,394,0,0,1
9381,4.1087,0.6627,365,393,0,1,1
9382,4.1579,0.6911,365,385,0,8,1
9383,4.2615,0.4166,365,385,0,0,1
9384,4.4212,0.4899,364,385,0,0,1
9385,4.2156,0.4562,364,384,0,1,1
9386,3.8649,0.5738,363,384,0,0,1
9387,4.1473,0.5906,413,433,50,1,1
9388,4.1254,0.4531,413,433,0,0,1
9389,4.257,0.8098,413,433,0,0,1
9390,4.0681,0.6254,410,433,0,0,1
9391,4.6623,0.6281,410,430,0,3,1
9392,3.7694,0.6296,409,430,0,0,1
9393,4.0641,0.5505,409,429,0,1,1
9394,4.2699,0.7238,409,429,0,0,1
9395,4.0987,0.5275,408,429,0,0,1
9396,4.2086,0.521,408,428,0,1,1
9397,4.1309,0.6757,406,428,0,0,1
9398,4.186,0.6321,406,426,0,2,1
9399,4.5031,0.555,406,426,0,0,1
9400,3.8022,0.4314,406,426,0,0,1
9401,4.1651,0.4876,406,426,0,0,1
9402,4.2461,0.678,406,426,0,0,1
9403,4.0678,0.4376,406,426,0,0,1
9404,4.5255,0.4438,406,426,0,0,1
9405,3.8008,0.4558,404,426,0,0,1
9406,4.5258,0.5567,404,424,0,2,1
9407,3.8805,0.4967,404,424,0,0,1
9408,4.1561,0.6024,403,424,0,0,1
9409,4.1326,0.572,403,423,0,1,1
9410,4.3427,0.7281,401,423,0,0,1
9411,4.0197,0.5719,401,421,0,2,1
9412,4.1483,0.4494,401,421,0,0,1
9413,4.1999,0.6198,399,421,0,0,1
9414,4.4812,0.5996,398,419,0,2,1
9415,3.8993,0.4966,398,418,0,1,1
9416,4.1152,0.4824,398,418,0,0,1
9417,4.09,0.4789,398,418,0,0,1
9418,4.2351,0.6004,398,418,0,0,1
9419,4.1155,0.4489,396,418,0,0,1
9420,4.2209,0.4896,396,416,0,2,1
9421,4.3122,0.5698,396,416,0,0,1
9422,4.2371,0.5019,395,416,0,0,1
9423,4.2146,0.4248,395,415,0,1,1
9424,3.8301,0.4454,394,415,0,0,1
9425,4.2866,0.715,394,414,0,1,1
9426,4.0945,0.6699,394,414,0,0,1
9427,4.4277,0.5082,394,414,0,0,1
9428,3.8444,0.5084,394,414,0,0,1
9429,4.4417,0.4895,393,414,0,0,1
9430,4.3887,0.5083,392,413,0,1,1
9431,3.7807,0.516,392,412,0,1,1
9432,4.1607,0.4509,392,412,0,0,1
9433,4.1049,0.4222,392,412,0,0,1
9434,4.1491,0.5207,391,412,0,0,1
9435,4.4293,0.6779,391,411,0,1,1
9436,3.917,0.4751,391,411,0,0,1
9437,4.2175,0.4775,390,411,0,0,1
9438,4.2932,0.8017,390,410,0,1,1
9439,4.0154,0.5317,390,410,0,0,1
9440,4.844,0.575,390,410,0,0,1
9441,3.4968,0.498,390,410,0,0,1
9442,4.0983,0.5705,390,410,0,0,1
9443,4.2076,0.6111,389,410,0,0,1
9444,4.2948,0.6552,389,409,0,1,1
9445,4.0436,0.5579,388,409,0,0,1
9446,4.2083,0.7795,388,408,0,1,1
9447,4.723,0.5664,385,408,0,0,1
9448,3.6973,0.5175,385,405,0,3,1
9449,4.0526,0.654,377,405,0,0,1
9450,4.1468,0.4961,375,397,0,8,1
9451,4.2127,0.5515,374,395,0,2,1
9452,4.1706,0.5423,374,394,0,1,1
9453,4.1102,0.5016,374,394,0,0,1
9454,4.2286,1.1789,423,444,50,0,1
9455,4.3344,0.662,423,443,0,1,1
9456,4.1172,0.5243,423,443,0,0,1
9457,4.1212,0.6864,423,443,0,0,1
9458,4.3757,0.5681,423,443,0,0,1
9459,3.8887,0.5276,421,443,0,0,1
9460,4.1029,0.4481,421,441,0,2,1
9461,4.4333,0.6793,420,441,0,0,1
9462,4.3378,0.6731,420,440,0,1,1
9463,3.7599,0.4598,420,440,0,0,1
9464,4.1449,0.6829,420,440,0,0,1
9465,4.1615,0.5268,420,440,0,0,1
9466,4.2443,0.5903,420,440,0,0,1
9467,4.1077,0.466,417,440,0,0,1
9468,4.2366,0.4563,417,437,0,3,1
9469,4.1388,0.7179,415,437,0,0,1
9470,4.4687,0.6474,415,435,0,2,1
9471,3.9097,0.4998,414,435,0,0,1
9472,4.0326,0.4556,412,434,0,1,1
9473,4.2811,0.5084,412,432,0,2,1
9474,4.1703,0.4732,412,432,0,0,1
9475,4.1701,0.6956,412,432,0,0,1
9476,4.3791,0.4187,412,432,0,0,1
9477,3.8635,0.4819,411,432,0,0,1
9478,4.5691,0.6252,410,431,0,1,1
9479,3.8092,0.4992,409,430,0,1,1
9480,4.1832,0.6169,408,429,0,1,1
9481,4.1925,0.4827,407,428,0,1,1
9482,4.1172,0.8741,407,427,0,1,1
9483,4.1586,0.5962,407,427,0,0,1
9484,4.118,0.4717,406,427,0,0,1
9485,4.651,0.6004,406,426,0,1,1
9486,3.7384,0.5909,406,426,0,0,1
9487,4.2205,0.4479,405,426,0,0,1
9488,4.1574,0.7711,405,425,0,1,1
9489,4.1043,0.4545,404,425,0,0,1
9490,4.1444,0.5508,403,424,0,1,1
9491,4.181,0.4602,402,423,0,1,1
9492,4.3562,0.5434,401,422,0,1,1
9493,4.0695,0.4752,400,421,0,1,1
9494,4.0503,0.5793,400,420,0,1,1
9495,4.2002,0.4832,399,420,0,0,1
9496,4.1323,0.4287,398,419,0,1,1
9497,4.4526,0.6159,397,418,0,1,1
9498,3.9142,0.4801,397,417,0,1,1
9499,4.4001,0.4162,395,417,0,0,1
9500,4.193,0.426,394,415,0,2,1
9501,3.9024,0.4341,394,414,0,1,1
9502,4.2589,0.4949,394,414,0,0,1
9503,4.2849,0.549,393,414,0,0,1
9504,4.2529,0.6746,392,413,0,1,1
9505,3.8654,0.4459,392,412,0,1,1
9506,4.209,0.7394,390,412,0,0,1
9507,4.2117,0.6803,390,410,0,2,1
9508,4.0921,0.4227,389,410,0,0,1
9509,4.223,0.5013,388,409,0,1,1
9510,4.3648,0.5774,386,408,0,1,1
9511,4.2287,0.4711,385,406,0,2,1
9512,3.9018,0.4231,385,405,0,1,1
9513,4.0942,0.7108,385,405,0,0,1
9514,4.2197,0.4566,384,405,0,0,1
9515,4.1041,0.4205,384,404,0,1,1
9516,4.2414,0.4954,376,404,0,0,1
9517,4.1895,0.4726,375,396,0,8,1
9518,4.6074,0.4851,375,395,0,1,1
9519,3.9944,0.4146,375,395,0,0,1
9520,3.8284,0.4377,375,395,0,0,1
9521,4.259,0.8327,425,445,50,0,1
9522,4.1323,0.6634,425,445,0,0,1
9523,4.405,0.8071,424,445,0,0,1
9524,3.9872,0.5085,422,444,0,1,1
9525,4.0219,1.0944,421,442,0,2,1
9526,4.7338,0.6808,419,441,0,1,1
9527,3.8467,0.5782,418,439,0,2,1
9528,4.0072,0.5158,418,438,0,1,1
9529,4.0647,0.4461,417,438,0,0,1
9530,4.4601,0.6218,417,437,0,1,1
9531,3.9466,0.4516,417,437,0,0,1
9532,4.1035,0.4361,417,437,0,0,1
9533,4.4727,0.5764,416,437,0,0,1
9534,4.1969,0.5596,416,436,0,1,1
9535,3.922,0.5265,416,436,0,0,1
9536,4.0798,0.6589,416,436,0,0,1
9537,4.1948,0.7649,416,436,0,0,1
9538,4.2078,0.5349,415,436,0,0,1
9539,4.1309,0.5264,415,435,0,1,1
9540,4.4388,0.6118,415,435,0,0,1
9541,4.3972,0.4881,415,435,0,0,1
9542,3.6435,0.4528,415,435,0,0,1
9543,4.4505,0.6843,415,435,0,0,1
9544,3.9084,0.47,415,435,0,0,1
9545,4.278,0.6811,413,435,0,0,1
9546,4.0841,0.5403,412,433,0,2,1
9547,4.1668,0.4955,412,432,0,1,1
9548,4.6888,0.5882,409,432,0,0,1
9549,3.7453,0.5637,409,429,0,3,1
9550,4.0969,0.7859,409,429,0,0,1
9551,4.1568,0.5395,408,429,0,0,1
9552,4.1562,0.5444,408,428,0,1,1
9553,4.1372,0.5156,408,428,0,0,1
9554,4.2452,0.5165,407,428,0,0,1
9555,4.1203,0.7275,407,427,0,1,1
9556,4.5289,0.6958,406,427,0,0,1
9557,4.2021,0.6145,404,426,0,1,1
9558,3.7634,0.4954,404,424,0,2,1
9559,4.3717,0.6092,403,424,0,0,1
9560,3.9262,0.4897,403,423,0,1,1
9561,4.1561,0.4439,402,423,0,0,1
9562,4.2992,0.7556,401,422,0,1,1
9563,4.2269,0.587,401,421,0,1,1
9564,4.2916,0.6581,399,421,0,0,1
9565,3.9292,0.5196,399,419,0,2,1
9566,4.464,0.511,398,419,0,0,1
9567,3.8596,0.7545,397,418,0,1,1
9568,4.1054,0.4599,393,417,0,1,1
9569,4.2333,0.7695,393,413,0,4,1
9570,4.2131,0.8041,393,413,0,0,1
9571,4.1564,0.5918,392,413,0,0,1
9572,4.6241,0.523,390,412,0,1,1
9573,3.6094,0.5225,389,410,0,2,1
9574,4.778,0.5955,388,409,0,1,1
9575,3.8158,0.5489,388,408,0,1,1
9576,3.987,0.7105,388,408,0,0,1
9577,4.0383,0.4484,387,408,0,0,1
9578,4.2622,0.6174,386,407,0,1,1
9579,4.1477,0.4915,386,406,0,1,1
9580,4.1146,0.7376,386,406,0,0,1
9581,4.1743,1.1778,386,406,0,0,1
9582,4.4888,0.4984,385,406,0,0,1
9583,4.03,0.5736,378,405,0,1,1
9584,4.0086,0.7479,378,398,0,7,1
9585,4.1612,0.4532,378,398,0,0,1
9586,4.2167,0.532,378,398,0,0,1
9587,4.1269,0.4292,378,398,0,0,1
9588,4.196,0.6281,376,398,0,0,1
9589,4.3157,0.609,425,446,50,2,1
9590,4.2585,0.4961,425,445,0,1,1
9591,4.3444,0.819,425,445,0,0,1
9592,3.7132,0.4398,425,445,0,0,1
9593,4.4244,0.5432,423,445,0,0,1
9594,3.9908,0.5219,422,443,0,2,1
9595,4.3732,0.6466,419,442,0,1,1
9596,4.1192,0.8512,418,439,0,3,1
9597,4.1042,0.6349,418,438,0,1,1
9598,4.2469,0.5036,418,438,0,0,1
9599,3.9107,0.4442,418,438,0,0,1
9600,4.4319,0.4894,418,438,0,0,1
9601,4.2322,0.501,416,438,0,0,1
9602,4.0581,0.6399,416,436,0,2,1
9603,4.0029,0.5146,416,436,0,0,1
9604,4.2807,0.6126,416,436,0,0,1
9605,4.4988,0.5198,415,436,0,0,1
9606,3.6597,0.5591,414,435,0,1,1
9607,4.318,0.4981,413,434,0,1,1
9608,4.147,0.6728,413,433,0,1,1
9609,4.0452,0.476,413,433,0,0,1
9610,4.1827,0.518,413,433,0,0,1
9611,4.348,0.5719,413,433,0,0,1
9612,4.0446,0.55,412,433,0,0,1
9613,4.1122,0.4594,412,432,0,1,1
9614,4.231,0.7685,411,432,0,0,1
9615,4.1304,0.5142,411,431,0,1,1
9616,4.0918,0.4484,411,431,0,0,1
9617,4.1476,0.5202,411,431,0,0,1
9618,4.1953,0.6092,411,431,0,0,1
9619,4.4369,0.5943,410,431,0,0,1
9620,4.217,0.515,410,430,0,1,1
9621,3.8699,0.4688,408,430,0,0,1
9622,4.2414,0.5164,408,428,0,2,1
9623,4.0794,0.4754,407,428,0,0,1
9624,4.2092,0.4684,405,427,0,1,1
9625,4.089,0.5148,404,425,0,2,1
9626,4.2557,0.4317,401,424,0,1,1
9627,4.2457,0.6047,401,421,0,3,1
9628,4.1507,0.4422,401,421,0,0,1
9629,4.4067,0.6185,401,421,0,0,1
9630,4.0572,0.5597,399,421,0,0,1
9631,4.4165,0.5317,397,419,0,2,1
9632,3.7546,0.7067,396,417,0,2,1
9633,4.0606,0.4451,395,416,0,1,1
9634,4.4711,0.5666,395,415,0,1,1
9635,3.886,0.4639,395,415,0,0,1
9636,4.2152,0.5332,392,415,0,0,1
9637,4.1729,0.5263,392,412,0,3,1
9638,4.4317,0.5601,392,412,0,0,1
9639,4.1482,0.5568,391,412,0,0,1
9640,3.8649,0.4884,391,411,0,1,1
9641,4.2673,0.5619,391,411,0,0,1
9642,4.1346,0.5354,391,411,0,0,1
9643,4.0692,0.4635,390,411,0,0,1
9644,4.3459,0.4598,390,410,0,1,1
9645,4.2038,0.6033,389,410,0,0,1
9646,4.2801,0.6101,388,409,0,1,1
9647,3.8353,0.5627,387,408,0,1,1
9648,4.26,0.5425,387,407,0,1,1
9649,4.3972,0.5495,385,407,0,0,1
9650,3.9495,0.5022,377,405,0,2,1
9651,4.1344,0.824,374,397,0,8,1
9652,4.1087,0.47,374,394,0,3,1
9653,4.4582,0.5972,373,394,0,0,1
9654,4.176,0.5323,372,393,0,1,1
9655,3.9278,0.5828,372,392,0,1,1
9656,4.1957,0.6569,421,442,50,0,1
9657,4.0943,0.5369,421,441,0,1,1
9658,4.2908,0.7882,421,441,0,0,1
9659,4.0933,0.5366,421,441,0,0,1
9660,4.4154,0.6671,421,441,0,0,1
9661,3.9912,0.5138,421,441,0,0,1
9662,4.3676,0.6528,421,441,0,0,1
9663,3.8508,0.5648,421,441,0,0,1
9664,4.1807,0.4387,420,441,0,0,1
9665,4.1666,0.5113,420,440,0,1,1
9666,4.2124,0.7541,420,440,0,0,1
9667,4.6247,0.5581,419,440,0,0,1
9668,4.0518,0.5274,417,439,0,1,1
9669,3.7463,0.5981,415,437,0,2,1
9670,4.2729,0.6208,414,435,0,2,1
9671,4.2433,0.5255,413,434,0,1,1
9672,4.0356,0.5558,411,433,0,1,1
9673,4.0871,0.4439,410,431,0,2,1
9674,4.2566,0.4747,410,430,0,1,1
9675,4.4086,0.4864,410,430,0,0,1
9676,3.8943,0.4408,410,430,0,0,1
9677,4.2501,0.7009,410,430,0,0,1
9678,4.1444,0.5282,410,430,0,0,1
9679,4.0924,0.4671,410,430,0,0,1
9680,4.1815,0.6019,409,430,0,0,1
9681,4.1501,0.5138,408,429,0,1,1
9682,4.6736,0.6087,408,428,0,1,1
9683,3.685,0.5709,407,428,0,0,1
9684,4.23,0.5162,405,427,0,1,1
9685,4.0722,0.5163,405,425,0,2,1
9686,4.1784,0.5882,404,425,0,0,1
9687,4.1226,0.6071,404,424,0,1,1
9688,4.2061,0.4562,404,424,0,0,1
9689,4.1402,0.6058,404,424,0,0,1
9690,4.4934,0.5896,404,424,0,0,1
9691,4.005,0.4824,403,424,0,0,1
9692,4.0802,0.4379,403,423,0,1,1
9693,4.0849,0.4321,403,423,0,0,1
9694,4.2737,0.6857,402,423,0,0,1
9695,4.0914,0.4377,402,422,0,1,1
9696,4.2841,0.6876,400,422,0,0,1
9697,4.0717,0.474,400,420,0,2,1
9698,4.1311,0.6923,398,420,0,0,1
9699,4.2455,0.5233,397,418,0,2,1
9700,4.099,0.4867,395,417,0,1,1
9701,4.4535,0.5658,394,415,0,2,1
9702,4.1519,0.6488,394,414,0,1,1
9703,3.9237,0.6383,393,414,0,0,1
9704,4.1572,0.6018,391,413,0,1,1
9705,4.1552,0.6184,390,411,0,2,1
9706,4.2021,0.548,388,410,0,1,1
9707,4.1267,0.5596,387,408,0,2,1
9708,4.4598,0.6036,386,407,0,1,1
9709,3.9594,0.6441,384,406,0,1,1
9710,4.16,0.5959,384,404,0,2,1
9711,4.061,0.5489,384,404,0,0,1
9712,4.1945,0.5132,384,404,0,0,1
9713,4.1296,0.4734,384,404,0,0,1
9714,4.3368,0.7777,382,404,0,0,1
9715,4.1434,0.6928,382,402,0,2,1
9716,4.2495,0.5631,382,402,0,0,1
9717,4.0032,0.525,381,402,0,0,1
9718,4.2105,0.5629,374,401,0,1,1
9719,4.1372,0.6203,374,394,0,7,1
9720,4.1763,0.7652,372,394,0,0,1
9721,4.1159,0.5328,372,392,0,2,1
9722,4.2109,0.7753,372,392,0,0,1
9723,4.3112,0.6958,421,442,50,0,1
9724,4.0893,0.4664,421,441,0,1,1
9725,4.0616,0.5646,421,441,0,0,1
9726,4.1788,0.4651,420,441,0,0,1
9727,4.1927,0.7441,417,440,0,1,1
9728,4.1783,0.5022,417,437,0,3,1
9729,4.135,0.4476,417,437,0,0,1
9730,4.2086,0.4859,416,437,0,0,1
9731,4.3154,0.5527,416,436,0,1,1
9732,4.0584,0.7513,415,436,0,0,1
9733,4.106,0.5605,415,435,0,1,1
9734,4.1453,0.525,415,435,0,0,1
9735,4.1336,0.6589,415,435,0,0,1
9736,4.1771,0.459,415,435,0,0,1
9737,4.4328,0.6746,415,435,0,0,1
9738,4.1371,0.5988,415,435,0,0,1
9739,4.252,0.4531,415,435,0,0,1
9740,4.0288,0.45,415,435,0,0,1
9741,3.987,0.4546,415,435,0,0,1
9742,4.268,0.5349,414,435,0,0,1
9743,4.069,0.4648,414,434,0,1,1
9744,4.1733,0.5266,413,434,0,0,1
9745,4.1403,1.0095,413,433,0,1,1
9746,4.7899,0.636,413,433,0,0,1
9747,3.6455,0.5691,413,433,0,0,1
9748,4.1358,0.7485,413,433,0,0,1
9749,4.5077,0.7138,413,433,0,0,1
9750,4.0141,0.5513,413,433,0,0,1
9751,3.9822,0.5768,413,433,0,0,1
9752,4.2975,0.69,412,433,0,0,1
9753,4.0019,0.4646,412,432,0,1,1
9754,4.1451,0.4335,411,432,0,0,1
9755,4.1744,0.5715,411,431,0,1,1
9756,4.2172,0.4749,410,431,0,0,1
9757,4.3946,0.5046,409,430,0,1,1
9758,4.1061,0.429,409,429,0,1,1
9759,4.0414,0.6766,409,429,0,0,1
9760,4.0655,0.4325,409,429,0,0,1
9761,4.2345,0.5257,408,429,0,0,1
9762,4.1189,0.4687,408,428,0,1,1
9763,4.2026,0.6336,408,428,0,0,1
9764,4.5918,0.5491,407,428,0,0,1
9765,3.7238,0.5151,406,427,0,1,1
9766,4.2217,0.6487,403,426,0,1,1
9767,4.0945,0.5118,401,423,0,3,1
9768,4.192,0.628,399,421,0,2,1
9769,4.0729,0.4544,399,419,0,2,1
9770,4.3969,0.6076,397,419,0,0,1
9771,4.024,0.7162,395,417,0,2,1
9772,4.3751,0.5367,395,415,0,2,1
9773,3.9588,0.5214,395,415,0,0,1
9774,4.2206,0.5158,392,415,0,0,1
9775,4.0856,0.4411,392,412,0,3,1
9776,4.1776,0.4852,391,412,0,0,1
9777,4.143,0.6061,391,411,0,1,1
9778,4.3116,0.713,390,411,0,0,1
9779,4.226,0.5585,389,410,0,1,1
9780,4.0947,0.4755,388,409,0,1,1
9781,4.0373,0.5199,388,408,0,1,1
9782,4.3426,0.6113,386,408,0,0,1
9783,4.033,0.6349,386,406,0,2,1
9784,4.1279,0.4309,386,406,0,0,1
9785,4.2265,0.5164,378,406,0,0,1
9786,4.4689,0.5075,377,398,0,8,1
9787,3.9037,0.5851,377,397,0,1,1
9788,4.2298,0.4403,377,397,0,0,1
9789,4.0763,0.6121,377,397,0,0,1
9790,4.1528,0.5465,427,447,50,0,1
9791,4.129,0.4745,426,447,0,0,1
9792,4.207,0.5837,426,446,0,1,1
9793,4.2344,0.4334,424,446,0,0,1
9794,4.4009,0.5732,421,444,0,2,1
9795,3.9033,0.7361,421,441,0,3,1
9796,4.0418,0.4986,419,441,0,0,1
9797,4.2244,0.5847,418,439,0,2,1
9798,4.2469,0.6963,418,438,0,1,1
9799,4.1878,0.6293,418,438,0,0,1
9800,4.048,0.4547,417,438,0,0,1
9801,4.1797,0.5492,417,437,0,1,1
9802,4.5058,0.5085,416,437,0,0,1
9803,3.8462,0.5029,415,436,0,1,1
9804,4.1654,0.4943,415,435,0,1,1
9805,4.1092,0.4401,414,435,0,0,1
9806,4.5542,0.4411,413,434,0,1,1
9807,4.0289,0.4803,413,433,0,1,1
9808,3.9418,0.5576,413,433,0,0,1
9809,4.5478,0.6191,412,433,0,0,1
9810,4.0376,0.5689,411,432,0,1,1
9811,4.2559,0.5127,410,431,0,1,1
9812,3.9016,0.4779,410,430,0,1,1
9813,4.0977,0.4554,410,430,0,0,1
9814,4.2028,0.5771,410,430,0,0,1
9815,4.2117,0.5191,409,430,0,0,1
9816,4.1785,0.531,409,429,0,1,1
9817,4.2818,0.751,409,429,0,0,1
9818,4.0797,0.4899,409,429,0,0,1
9819,4.4114,0.6019,407,429,0,0,1
9820,3.7668,0.4218,407,427,0,2,1
9821,4.4125,0.5448,407,427,0,0,1
9822,4.3449,0.556,407,427,0,0,1
9823,3.8381,0.4893,407,427,0,0,1
9824,4.2375,0.4904,407,427,0,0,1
9825,4.0321,0.4633,406,427,0,0,1
9826,4.1867,0.509,406,426,0,1,1
9827,4.2258,0.493,406,426,0,0,1
9828,4.0916,0.4903,406,426,0,0,1
9829,4.1864,0.6096,406,426,0,0,1
9830,4.2088,0.7033,406,426,0,0,1
9831,4.0976,0.5495,405,426,0,0,1
9832,4.1675,0.4404,403,425,0,1,1
9833,4.2318,0.4632,402,423,0,2,1
9834,4.2119,0.6806,400,422,0,1,1
9835,4.0827,0.714,400,420,0,2,1
9836,4.2829,0.4657,400,420,0,0,1
9837,4.0245,0.4414,399,420,0,0,1
9838,4.2237,0.4878,399,419,0,1,1
9839,4.1663,0.503,399,419,0,0,1
9840,4.2813,0.6368,398,419,0,0,1
9841,4.0099,0.5114,397,418,0,1,1
9842,4.4182,0.5426,397,417,0,1,1
9843,3.9806,0.4777,397,417,0,0,1
9844,4.0595,0.4182,397,417,0,0,1
9845,4.3863,0.5942,396,417,0,0,1
9846,4.0266,0.4196,395,416,0,1,1
9847,4.4126,0.5853,394,415,0,1,1
9848,3.9307,0.4957,393,414,0,1,1
9849,4.1288,0.4296,393,413,0,1,1
9850,4.5626,0.4126,393,413,0,0,1
9851,3.759,0.4955,393,413,0,0,1
9852,4.1954,0.6469,386,413,0,0,1
9853,4.1576,0.7194,385,406,0,7,1
9854,4.1745,0.4194,385,405,0,1,1
9855,4.1863,0.4716,384,405,0,0,1
9856,4.0913,0.4162,381,404,0,1,1
9857,4.1784,0.7036,430,451,50,3,1
9858,4.1911,0.4432,429,450,0,1,1
9859,4.3504,0.7395,429,449,0,1,1
9860,3.9987,0.4761,428,449,0,0,1
9861,4.1327,0.5727,428,448,0,1,1
9862,4.259,0.6319,428,448,0,0,1
9863,4.0926,0.461,427,448,0,0,1
9864,4.2219,0.5596,427,447,0,1,1
9865,4.0615,0.4498,427,447,0,0,1
9866,4.2643,0.6219,427,447,0,0,1
9867,4.1374,0.5183,426,447,0,0,1
9868,4.1438,0.4389,426,446,0,1,1
9869,4.242,0.4886,425,446,0,0,1
9870,4.1681,0.5246,424,445,0,1,1
9871,4.0857,0.5051,423,444,0,1,1
9872,4.2178,0.8606,423,443,0,1,1
9873,4.1962,0.5517,421,443,0,0,1
9874,4.1435,0.5193,421,441,0,2,1
9875,4.0868,0.5383,421,441,0,0,1
9876,4.2266,0.4759,420,441,0,0,1
9877,4.2213,0.4729,420,440,0,1,1
9878,4.1733,0.6544,420,440,0,0,1
9879,4.1285,0.5071,419,440,0,0,1
9880,4.0882,0.4677,419,439,0,1,1
9881,4.255,0.5071,419,439,0,0,1
9882,4.1864,0.5326,419,439,0,0,1
9883,4.1069,0.5151,419,439,0,0,1
9884,4.4642,0.4965,419,439,0,0,1
9885,3.9002,0.7962,418,439,0,0,1
9886,4.143,0.5245,418,438,0,1,1
9887,4.1366,0.5013,418,438,0,0,1
9888,4.1625,0.4714,418,438,0,0,1
9889,4.3215,0.4529,417,438,0,0,1
9890,4.1284,0.6697,417,437,0,1,1
9891,4.1975,0.6738,417,437,0,0,1
9892,4.0283,0.4327,417,437,0,0,1
9893,4.1677,0.4625,417,437,0,0,1
9894,4.2706,0.5335,415,437,0,0,1
9895,4.0541,0.6338,414,435,0,2,1
9896,4.1693,0.5422,413,434,0,1,1
9897,4.1661,0.5342,411,433,0,1,1
9898,4.2061,0.6373,409,431,0,2,1
9899,4.1913,0.4636,409,429,0,2,1
9900,4.128,0.4805,408,429,0,0,1
9901,4.1151,0.4954,408,428,0,1,1
9902,4.2665,0.6167,408,428,0,0,1
9903,4.1854,0.6737,408,428,0,0,1
9904,4.0754,0.4658,407,428,0,0,1
9905,4.4869,0.5857,406,427,0,1,1
9906,3.9254,0.4921,405,426,0,1,1
9907,4.1655,0.4997,404,425,0,1,1
9908,4.2002,0.4459,404,424,0,1,1
9909,4.0912,0.6681,403,424,0,0,1
9910,4.2827,0.6888,402,423,0,1,1
9911,4.048,0.5046,400,422,0,1,1
9912,4.1499,0.5166,399,420,0,2,1
9913,4.1814,0.4986,398,419,0,1,1
9914,4.2423,0.5055,397,418,0,1,1
9915,4.1273,0.6594,396,417,0,1,1
9916,4.098,0.5012,395,416,0,1,1
9917,4.1721,0.5639,394,415,0,1,1
9918,4.2039,0.5236,394,414,0,1,1
9919,4.2399,0.6177,387,414,0,0,1
9920,4.0442,0.7449,386,407,0,7,1
9921,4.1893,0.6373,386,406,0,1,1
9922,4.2821,0.7523,386,406,0,0,1
9923,4.0594,0.484,384,406,0,0,1
9924,4.2252,0.5891,384,404,0,2,1
9925,4.1238,0.6366,433,454,50,0,1
9926,4.2189,0.673,433,453,0,1,1
9927,4.096,0.7214,432,453,0,0,1
9928,4.1538,0.5647,430,452,0,1,1
9929,4.2855,0.5751,429,450,0,2,1
9930,4.1202,0.5964,428,449,0,1,1
9931,4.1603,0.5515,427,448,0,1,1
9932,4.1334,0.5041,426,447,0,1,1
9933,4.1389,0.7421,426,446,0,1,1
9934,4.2746,0.6458,426,446,0,0,1
9935,4.0656,0.4575,425,446,0,0,1
9936,4.241,0.5342,424,445,0,1,1
9937,4.1432,0.6524,424,444,0,1,1
9938,4.1561,0.5569,423,444,0,0,1
9939,4.2062,0.6143,421,443,0,1,1
9940,4.0482,0.415,421,441,0,2,1
9941,4.3258,0.7214,421,441,0,0,1
9942,4.0959,0.7183,420,441,0,0,1
9943,4.1962,0.7389,420,440,0,1,1
9944,4.4688,0.6992,420,440,0,0,1
9945,3.7855,0.4936,419,440,0,0,1
9946,4.3699,0.447,419,439,0,1,1
9947,3.9703,0.546,418,439,0,0,1
9948,4.1861,0.5874,418,438,0,1,1
9949,4.1817,0.7311,417,438,0,0,1
9950,4.2151,0.5782,415,437,0,1,1
9951,4.0944,0.4734,414,435,0,2,1
9952,4.1588,0.4644,411,434,0,1,1
9953,4.2362,0.7439,410,431,0,3,1
9954,4.1998,0.6727,410,430,0,1,1
9955,4.1097,0.6252,410,430,0,0,1
9956,4.0927,0.4396,410,430,0,0,1
9957,4.1856,0.4787,410,430,0,0,1
9958,4.2103,0.4754,408,430,0,0,1
9959,4.2253,0.5382,408,428,0,2,1
9960,4.3225,0.6296,408,428,0,0,1
9961,3.8933,0.5001,408,428,0,0,1
9962,4.2583,0.5883,408,428,0,0,1
9963,4.0926,0.4512,407,428,0,0,1
9964,4.1673,0.4489,407,427,0,1,1
9965,4.2272,0.4832,407,427,0,0,1
9966,4.1157,0.4332,405,427,0,0,1
9967,4.4026,0.6218,404,425,0,2,1
9968,3.9007,0.513,403,424,0,1,1
9969,4.2079,0.5624,403,423,0,1,1
9970,4.2012,0.4513,402,423,0,0,1
9971,4.124,0.4275,402,422,0,1,1
9972,4.233,0.6178,402,422,0,0,1
9973,4.1484,0.5306,402,422,0,0,1
9974,4.1879,0.6107,400,422,0,0,1
9975,4.2026,0.601,399,420,0,2,1
9976,4.0547,0.4381,399,419,0,1,1
9977,4.2214,0.4555,397,419,0,0,1
9978,4.2063,0.4366,396,417,0,2,1
9979,4.1721,0.6441,396,416,0,1,1
9980,4.0847,0.4358,395,416,0,0,1
9981,4.1482,0.4447,395,415,0,1,1
9982,4.177,0.4159,393,415,0,0,1
9983,4.1695,0.4471,392,413,0,2,1
9984,4.1667,0.6709,392,412,0,1,1
9985,4.2048,0.6825,390,412,0,0,1
9986,4.1739,0.6697,383,410,0,2,1
9987,4.1015,0.4517,383,403,0,7,1
9988,4.1804,0.4071,383,403,0,0,1
9989,4.195,0.6766,383,403,0,0,1
9990,4.1723,0.441,383,403,0,0,1
9991,4.3263,0.6569,382,403,0,0,1
9992,3.9861,0.692,432,452,50,1,1
9993,4.1524,1.0409,432,452,0,0,1
9994,4.2065,1.069,432,452,0,0,1
9995,4.1307,0.5144,432,452,0,0,1
9996,4.1889,0.6194,432,452,0,0,1
9997,4.1857,0.4687,432,452,0,0,1
9998,4.36,0.7504,432,452,0,0,1
9999,3.9603,0.4866,429,452,0,0,1
10000,4.1076,0.4705,428,449,0,3,1
10001,4.2718,0.5718,426,448,0,1,1
10002,4.1471,0.5593,426,446,0,2,1
10003,4.22,0.641,426,446,0,0,1
10004,4.2012,0.4974,426,446,0,0,1
10005,4.0222,0.464,426,446,0,0,1
10006,4.2343,0.5431,425,446,0,0,1
10007,4.0919,0.4429,425,445,0,1,1
10008,4.2418,0.5406,425,445,0,0,1
10009,4.0575,0.4313,425,445,0,0,1
10010,4.3007,0.7623,425,445,0,0,1
10011,4.1009,0.5746,422,445,0,0,1
10012,4.1422,0.5154,421,442,0,3,1
10013,4.192,0.5256,420,441,0,1,1
10014,4.233,0.4949,417,440,0,1,1
10015,4.1339,0.5595,416,437,0,3,1
10016,4.219,0.6847,415,436,0,1,1
10017,4.0352,0.4674,415,435,0,1,1
10018,4.1624,0.5086,415,435,0,0,1
10019,4.272,0.4267,414,435,0,0,1
10020,4.1479,0.4893,413,434,0,1,1
10021,4.1619,0.5158,411,433,0,1,1
10022,4.2289,0.7887,410,431,0,2,1
10023,4.1224,0.6573,410,430,0,1,1
10024,4.0967,0.5457,409,430,0,0,1
10025,4.2178,0.5323,407,429,0,1,1
10026,4.1623,0.5008,406,427,0,2,1
10027,4.1243,0.4573,405,426,0,1,1
10028,4.1109,0.436,404,425,0,1,1
10029,4.2801,0.6526,404,424,0,1,1
10030,4.1393,0.5008,403,424,0,0,1
10031,4.1572,0.5926,403,423,0,1,1
10032,4.1246,0.4525,402,423,0,0,1
10033,4.1344,0.4487,402,422,0,1,1
10034,4.1633,0.4171,401,422,0,0,1
10035,4.1972,0.4454,401,421,0,1,1
10036,4.1421,0.4324,398,421,0,0,1
10037,4.4787,0.6309,396,418,0,3,1
10038,4.0028,0.5618,396,416,0,2,1
10039,4.0982,0.5772,396,416,0,0,1
10040,4.2156,0.7818,395,416,0,0,1
10041,4.0983,0.5034,395,415,0,1,1
10042,4.2091,0.7428,395,415,0,0,1
10043,4.1184,0.4956,395,415,0,0,1
10044,4.2441,0.5695,395,415,0,0,1
10045,4.0811,0.555,394,415,0,0,1
10046,4.2625,0.6017,394,414,0,1,1
10047,4.1049,0.5194,392,414,0,0,1
10048,4.1125,0.4432,392,412,0,2,1
10049,4.224,0.6029,390,412,0,0,1
10050,4.2043,0.517,390,410,0,2,1
10051,4.1656,0.4842,390,410,0,0,1
10052,4.3985,0.4299,390,410,0,0,1
10053,3.897,0.4505,382,410,0,0,1
10054,4.2119,0.6063,381,402,0,8,1
10055,4.1566,0.4589,381,401,0,1,1
10056,4.1531,0.4826,380,401,0,0,1
10057,4.0941,0.4575,380,400,0,1,1
10058,4.2542,0.443,377,400,0,0,1
10059,4.1425,0.7802,427,447,50,3,1
10060,4.1096,0.4705,425,447,0,0,1
10061,4.2931,0.5065,424,445,0,2,1
10062,4.078,0.7332,424,444,0,1,1
10063,4.2527,0.6724,424,444,0,0,1
10064,4.1265,0.5137,423,444,0,0,1
10065,4.1005,0.5364,421,443,0,1,1
10066,4.1926,0.6923,421,441,0,2,1
10067,4.2006,0.4646,419,441,0,0,1
10068,4.151,0.6959,416,439,0,2,1
10069,4.1787,0.5354,415,436,0,3,1
10070,4.1612,0.6211,415,435,0,1,1
10071,4.1822,0.469,414,435,0,0,1
10072,4.1067,0.4357,412,434,0,1,1
10073,4.1972,0.6319,412,432,0,2,1
10074,4.2209,0.4818,410,432,0,0,1
10075,4.1369,0.5133,410,430,0,2,1
10076,4.0925,0.4297,410,430,0,0,1
10077,4.1585,0.4292,410,430,0,0,1
10078,4.1743,0.5015,408,430,0,0,1
10079,4.2635,0.5622,407,428,0,2,1
10080,4.1139,0.5519,405,427,0,1,1
10081,4.1572,0.4776,405,425,0,2,1
10082,4.2465,0.6414,405,425,0,0,1
10083,4.4547,0.5349,405,425,0,0,1
10084,3.7822,0.4655,405,425,0,0,1
10085,4.1394,0.5822,405,425,0,0,1
10086,4.4009,0.7001,403,425,0,0,1
10087,4.0294,0.5003,402,423,0,2,1
10088,4.1538,0.5347,402,422,0,1,1
10089,4.129,0.4555,401,422,0,0,1
10090,4.2365,0.4478,401,421,0,1,1
10091,4.3033,0.4584,401,421,0,0,1
10092,4.0473,0.737,399,421,0,0,1
10093,4.0657,0.5248,399,419,0,2,1
10094,4.2771,0.473,399,419,0,0,1
10095,4.0973,0.479,399,419,0,0,1
10096,4.1777,0.4874,398,419,0,0,1
10097,4.1832,0.6123,396,418,0,1,1
10098,4.1534,0.6423,396,416,0,2,1
10099,4.25,0.6353,396,416,0,0,1
10100,3.9897,0.4285,395,416,0,0,1
10101,4.2055,0.4328,395,415,0,1,1
10102,4.2465,0.5813,393,415,0,0,1
10103,4.1468,0.452,393,413,0,2,1
10104,4.1629,0.6424,392,413,0,0,1
10105,4.0813,0.4284,389,412,0,1,1
10106,4.2519,0.4847,389,409,0,3,1
10107,4.1712,0.4684,388,409,0,0,1
10108,4.0987,0.4273,388,408,0,1,1
10109,4.3494,0.4354,387,408,0,0,1
10110,4.0246,0.417,385,407,0,1,1
10111,4.2434,0.6699,384,405,0,2,1
10112,4.0906,0.4586,382,404,0,1,1
10113,4.146,0.4223,381,402,0,2,1
10114,4.2401,0.4471,379,401,0,1,1
10115,4.0954,0.4354,379,399,0,2,1
10116,4.1917,0.6683,379,399,0,0,1
10117,4.2102,0.6883,379,399,0,0,1
10118,4.0902,0.4159,379,399,0,0,1
10119,4.1713,0.4446,379,399,0,0,1
10120,4.1449,0.4186,372,399,0,0,1
10121,4.2219,0.4697,372,392,0,7,1
10122,4.3857,0.4106,370,392,0,0,1
10123,4.0209,0.4264,368,390,0,2,1
10124,4.0992,0.4233,368,388,0,2,1
10125,4.1249,0.4364,367,388,0,0,1
10126,4.2449,0.5584,417,437,50,1,1
10127,4.0979,0.5171,416,437,0,0,1
10128,4.4394,0.4799,416,436,0,1,1
10129,4.0191,0.7433,415,436,0,0,1
10130,4.1084,0.7434,415,435,0,1,1
10131,4.3443,0.4783,414,435,0,0,1
10132,3.9351,0.4343,414,434,0,1,1
10133,4.1333,0.4275,414,434,0,0,1
10134,4.2209,0.4758,414,434,0,0,1
10135,4.124,0.4792,413,434,0,0,1
10136,4.2493,0.7494,412,433,0,1,1
10137,4.097,0.5093,411,432,0,1,1
10138,4.2212,0.5184,411,431,0,1,1
10139,4.1685,0.4732,411,431,0,0,1
10140,4.1036,0.471,411,431,0,0,1
10141,4.1547,0.4821,410,431,0,0,1
10142,4.3759,0.6757,410,430,0,1,1
10143,4.0177,0.6125,409,430,0,0,1
10144,4.138,0.4428,408,429,0,1,1
10145,4.154,0.4559,407,428,0,1,1
10146,4.1727,0.4252,406,427,0,1,1
10147,4.137,0.559,405,426,0,1,1
10148,4.5504,0.444,405,425,0,1,1
10149,3.7974,0.4311,405,425,0,0,1
10150,4.2916,0.4836,404,425,0,0,1
10151,4.0837,0.5326,404,424,0,1,1
10152,4.1153,0.4411,404,424,0,0,1
10153,4.1388,0.541,403,424,0,0,1
10154,4.2407,0.4948,403,423,0,1,1
10155,4.1868,0.7086,403,423,0,0,1
10156,4.1296,0.484,401,423,0,0,1
10157,4.5745,0.6715,401,421,0,2,1
10158,3.7955,0.53,400,421,0,0,1
10159,4.1257,0.6268,400,420,0,1,1
10160,4.1571,0.5416,400,420,0,0,1
10161,4.2277,0.6414,400,420,0,0,1
10162,4.1854,0.4977,399,420,0,0,1
10163,4.1159,0.493,399,419,0,1,1
10164,4.1537,0.4523,399,419,0,0,1
10165,4.1615,0.4677,399,419,0,0,1
10166,4.1694,0.6993,399,419,0,0,1
10167,4.1459,0.6157,398,419,0,0,1
10168,4.1609,0.4315,396,418,0,1,1
10169,4.1972,0.4511,393,416,0,2,1
10170,4.1822,0.4257,393,413,0,3,1
10171,4.1123,0.4294,391,413,0,0,1
10172,4.5722,0.4214,390,411,0,2,1
10173,3.8384,0.6186,389,410,0,1,1
10174,4.2858,0.7194,389,409,0,1,1
10175,4.0302,0.4737,388,409,0,0,1
10176,4.1345,0.4417,388,408,0,1,1
10177,4.1423,0.4361,388,408,0,0,1
10178,4.1984,0.4264,387,408,0,0,1
10179,4.1807,0.4382,386,407,0,1,1
10180,4.1402,0.4755,386,406,0,1,1
10181,4.1922,0.4371,384,406,0,0,1
10182,4.2478,0.4768,383,404,0,2,1
10183,4.1194,0.5664,383,403,0,1,1
10184,4.1981,0.4403,383,403,0,0,1
10185,4.0816,0.5883,382,403,0,0,1
10186,4.2274,0.4192,380,402,0,1,1
10187,4.1122,0.4331,379,400,0,2,1
10188,4.154,0.4204,371,399,0,1,1
10189,4.1976,0.4965,370,391,0,8,1
10190,4.5636,0.6014,369,390,0,1,1
10191,3.8106,0.7064,368,389,0,1,1
10192,4.1115,0.4995,366,388,0,1,1
10193,4.2082,0.9717,415,436,50,2,1
10194,4.2323,0.5225,415,435,0,1,1
10195,4.1342,0.5416,415,435,0,0,1
10196,4.0442,0.4429,414,435,0,0,1
10197,4.2104,0.5435,413,434,0,1,1
10198,4.2052,0.8086,413,433,0,1,1
10199,4.1411,0.4719,413,433,0,0,1
10200,4.1823,0.5145,413,433,0,0,1
10201,4.0907,0.4451,413,433,0,0,1
10202,4.276,0.4619,413,433,0,0,1
10203,4.1793,0.5384,413,433,0,0,1
10204,4.1007,0.4272,413,433,0,0,1
10205,4.232,0.7257,413,433,0,0,1
10206,4.1649,0.5846,412,433,0,0,1
10207,4.212,0.719,411,432,0,1,1
10208,4.0234,0.5573,411,431,0,1,1
10209,4.2076,0.5131,411,431,0,0,1
10210,4.2206,0.7586,411,431,0,0,1
10211,4.1831,0.446,409,431,0,0,1
10212,4.1354,0.5675,408,429,0,2,1
10213,4.1341,0.5128,408,428,0,1,1
10214,4.1367,0.4453,406,428,0,0,1
10215,4.1456,0.5195,406,426,0,2,1
10216,4.2034,0.4439,406,426,0,0,1
10217,4.2197,0.4423,406,426,0,0,1
10218,4.2572,0.72,406,426,0,0,1
10219,4.0814,0.507,405,426,0,0,1
10220,4.1195,0.4306,405,425,0,1,1
10221,4.1614,0.7696,405,425,0,0,1
10222,4.1863,0.4739,405,425,0,0,1
10223,4.1548,0.4593,404,425,0,0,1
10224,4.2349,0.6755,404,424,0,1,1
10225,4.1002,0.4968,404,424,0,0,1
10226,4.2209,0.7271,404,424,0,0,1
10227,4.053,0.5232,404,424,0,0,1
10228,4.2175,0.5354,404,424,0,0,1
10229,4.1592,0.7929,403,424,0,0,1
10230,4.2137,0.7759,402,423,0,1,1
10231,4.2018,0.5127,402,422,0,1,1
10232,4.1149,0.5106,401,422,0,0,1
10233,4.1621,0.4577,399,421,0,1,1
10234,4.3071,0.4842,398,419,0,2,1
10235,4.0183,0.4802,396,418,0,1,1
10236,4.173,0.6423,396,416,0,2,1
10237,4.5548,0.5569,394,416,0,0,1
10238,3.8179,0.6991,393,414,0,2,1
10239,4.1525,0.4896,392,413,0,1,1
10240,4.1734,0.4845,392,412,0,1,1
10241,4.1943,0.522,391,412,0,0,1
10242,4.1252,0.4272,391,411,0,1,1
10243,4.2281,0.6927,390,411,0,0,1
10244,4.0456,0.4184,389,410,0,1,1
10245,4.406,0.6167,388,409,0,1,1
10246,4.0313,0.5646,388,408,0,1,1
10247,4.091,0.4255,387,408,0,0,1
10248,4.4387,0.6369,386,407,0,1,1
10249,3.9686,0.7156,386,406,0,1,1
10250,4.3252,0.5977,385,406,0,0,1
10251,3.9589,0.5513,385,405,0,1,1
10252,4.1353,0.4164,385,405,0,0,1
10253,4.4708,0.615,384,405,0,0,1
10254,3.9602,0.4538,384,404,0,1,1
10255,4.1169,0.4174,376,404,0,0,1
10256,4.2513,0.7567,376,396,0,8,1
10257,4.0369,0.4358,376,396,0,0,1
10258,4.1542,0.5753,374,396,0,0,1
10259,4.1971,0.4178,374,394,0,2,1
10260,4.1844,0.4399,373,394,0,0,1
10261,4.1532,0.5749,423,443,50,1,1
10262,4.2408,0.7271,421,443,0,0,1
10263,4.1256,0.8466,421,441,0,2,1
10264,4.1143,0.4415,420,441,0,0,1
10265,4.2161,0.6735,418,440,0,1,1
10266,4.2028,0.5677,417,438,0,2,1
10267,4.2569,0.7269,417,437,0,1,1
10268,3.9915,0.4738,417,437,0,0,1
10269,4.1769,0.4748,417,437,0,0,1
10270,4.1706,0.4435,417,437,0,0,1
10271,4.1813,0.4838,416,437,0,0,1
10272,4.1949,0.4894,415,436,0,1,1
10273,4.1062,0.7369,415,435,0,1,1
10274,4.5838,0.6189,415,435,0,0,1
10275,3.793,0.5073,415,435,0,0,1
10276,4.1316,0.4238,414,435,0,0,1
10277,4.1981,0.4564,413,434,0,1,1
10278,4.1671,0.5945,413,433,0,1,1
10279,4.1345,0.875,413,433,0,0,1
10280,4.7252,0.5294,413,433,0,0,1
10281,3.6309,0.5287,413,433,0,0,1
10282,4.1492,0.7429,411,433,0,0,1
10283,4.1765,0.4872,411,431,0,2,1
10284,4.1919,0.4946,410,431,0,0,1
10285,4.1114,0.488,409,430,0,1,1
10286,4.3728,0.4333,408,429,0,1,1
10287,4.086,0.7222,408,428,0,1,1
10288,4.0559,0.4512,408,428,0,0,1
10289,4.2469,0.5184,407,428,0,0,1
10290,4.1555,0.4839,405,427,0,1,1
10291,4.1783,0.4423,405,425,0,2,1
10292,4.0645,0.6085,405,425,0,0,1
10293,4.2913,0.7301,404,425,0,0,1
10294,4.1254,0.7663,404,424,0,1,1
10295,4.1473,0.5314,402,424,0,0,1
10296,4.2726,0.5557,402,422,0,2,1
10297,4.0318,0.5701,400,422,0,0,1
10298,4.1611,0.4752,400,420,0,2,1
10299,4.2382,0.6649,400,420,0,0,1
10300,4.0923,0.475,400,420,0,0,1
10301,4.4617,0.6397,399,420,0,0,1
10302,4.194,0.5066,397,419,0,1,1
10303,4.1508,0.5038,396,417,0,2,1
10304,3.9119,0.511,395,416,0,1,1
10305,4.1559,0.792,394,415,0,1,1
10306,4.4225,0.6862,394,414,0,1,1
10307,3.8953,0.5329,392,414,0,0,1
10308,4.1902,0.6041,391,412,0,2,1
10309,4.1748,0.5283,390,411,0,1,1
10310,4.0881,0.4624,390,410,0,1,1
10311,4.2722,0.5969,390,410,0,0,1
10312,4.0886,0.4219,390,410,0,0,1
10313,4.1831,0.7746,389,410,0,0,1
10314,4.2469,0.6372,388,409,0,1,1
10315,4.1306,0.4927,388,408,0,1,1
10316,4.0995,0.4575,388,408,0,0,1
10317,4.1653,0.5945,387,408,0,0,1
10318,4.1835,0.6077,386,407,0,1,1
10319,4.2231,0.5114,386,406,0,1,1
10320,4.1403,0.4801,386,406,0,0,1
10321,4.1,0.4564,386,406,0,0,1
10322,4.2722,0.4662,377,406,0,0,1
10323,4.2273,0.6318,377,397,0,9,1
10324,4.0428,0.5049,377,397,0,0,1
10325,4.3037,0.6725,377,397,0,0,1
10326,4.0805,0.7618,377,397,0,0,1
10327,4.1636,0.5613,377,397,0,0,1
10328,4.1355,0.6322,424,447,50,0,1
10329,4.1566,0.572,424,444,0,3,1
10330,4.3474,0.4726,422,444,0,0,1
10331,3.987,0.4353,421,442,0,2,1
10332,4.1772,0.5832,419,441,0,1,1
10333,4.1639,0.5236,419,439,0,2,1
10334,4.1345,0.4277,415,439,0,0,1
10335,4.2222,0.4739,415,435,0,4,1
10336,4.116,0.4714,415,435,0,0,1
10337,4.2473,0.702,415,435,0,0,1
10338,4.1249,0.6161,415,435,0,0,1
10339,4.1761,0.5819,415,435,0,0,1
10340,4.1129,0.4652,414,435,0,0,1
10341,4.1749,0.4711,414,434,0,1,1
10342,4.2101,0.4524,414,434,0,0,1
10343,4.1071,0.4387,414,434,0,0,1
10344,4.3887,0.6352,414,434,0,0,1
10345,4.0464,0.5547,414,434,0,0,1
10346,4.1619,0.4831,413,434,0,0,1
10347,4.1094,0.4616,412,433,0,1,1
10348,4.1556,0.4385,411,432,0,1,1
10349,4.2387,0.7228,411,431,0,1,1
10350,4.298,0.7407,410,431,0,0,1
10351,4.027,0.545,409,430,0,1,1
10352,4.1501,0.5369,409,429,0,1,1
10353,4.1182,0.5049,409,429,0,0,1
10354,4.2,0.4835,408,429,0,0,1
10355,4.1454,0.5276,408,428,0,1,1
10356,4.2764,0.878,408,428,0,0,1
10357,4.0702,0.5593,407,428,0,0,1
10358,4.5142,0.6185,407,427,0,1,1
10359,3.8607,0.4911,407,427,0,0,1
10360,4.4284,0.6758,407,427,0,0,1
10361,3.82,0.4855,407,427,0,0,1
10362,4.2276,0.839,406,427,0,0,1
10363,4.1703,0.6362,406,426,0,1,1
10364,4.1549,0.6029,402,426,0,0,1
10365,4.1384,0.446,402,422,0,4,1
10366,4.2926,0.4986,402,422,0,0,1
10367,4.0183,0.4101,402,422,0,0,1
10368,4.2542,0.6379,402,422,0,0,1
10369,4.0911,0.436,401,422,0,0,1
10370,4.2176,0.6591,399,421,0,1,1
10371,4.141,0.4213,399,419,0,2,1
10372,4.1482,0.4124,399,419,0,0,1
10373,4.4364,0.6143,398,419,0,0,1
10374,3.9285,0.5815,398,418,0,1,1
10375,4.2714,0.6772,397,418,0,0,1
10376,4.044,0.4905,396,417,0,1,1
10377,4.1543,0.4532,395,416,0,1,1
10378,4.1876,0.5612,395,415,0,1,1
10379,4.1591,0.5053,395,415,0,0,1
10380,4.2116,0.6554,395,415,0,0,1
10381,4.1603,0.6713,395,415,0,0,1
10382,4.1974,0.564,395,415,0,0,1
10383,4.1474,0.5335,393,415,0,0,1
10384,4.1391,0.4777,392,413,0,2,1
10385,4.1527,0.4972,390,412,0,1,1
10386,4.1493,0.4843,390,410,0,2,1
10387,4.2458,0.7277,390,410,0,0,1
10388,4.0758,0.4844,388,410,0,0,1
10389,4.2468,0.7491,380,408,0,2,1
10390,4.1778,0.5701,379,400,0,8,1
10391,4.1078,0.4682,379,399,0,1,1
10392,4.2054,0.6105,379,399,0,0,1
10393,4.0767,0.6922,379,399,0,0,1
10394,4.3493,0.6921,379,399,0,0,1
10395,4.0139,0.7204,429,449,50,0,1
10396,4.1733,0.5041,429,449,0,0,1
10397,4.206,0.5915,428,449,0,0,1
10398,4.1964,0.4779,427,448,0,1,1
10399,4.1541,0.7257,427,447,0,1,1
10400,4.1558,0.447,427,447,0,0,1
10401,4.129,0.4574,427,447,0,0,1
10402,4.1514,0.4894,427,447,0,0,1
10403,4.1831,0.4355,426,447,0,0,1
10404,4.1549,0.6556,426,446,0,1,1
10405,4.2241,0.5199,426,446,0,0,1
10406,4.1703,0.7684,426,446,0,0,1
10407,4.1607,0.5993,426,446,0,0,1
10408,4.0946,0.4558,425,446,0,0,1
10409,4.2536,0.5269,425,445,0,1,1
10410,4.448,0.7749,424,445,0,0,1
10411,3.857,0.6425,423,444,0,1,1
10412,4.1317,0.4439,423,443,0,1,1
10413,4.163,0.482,423,443,0,0,1
10414,4.1943,0.4856,421,443,0,0,1
10415,4.1584,0.4706,420,441,0,2,1
10416,4.1481,0.4617,420,440,0,1,1
10417,4.0796,0.4858,420,440,0,0,1
10418,4.3247,0.5064,417,440,0,0,1
10419,4.2211,0.6907,417,437,0,3,1
10420,4.0495,0.451,417,437,0,0,1
10421,4.1291,0.5104,416,437,0,0,1
10422,4.2491,0.5311,415,436,0,1,1
10423,4.2163,0.7686,415,435,0,1,1
10424,4.0552,0.4976,415,435,0,0,1
10425,4.261,0.6656,415,435,0,0,1
10426,4.0851,0.4933,414,435,0,0,1
10427,4.2057,0.532,414,434,0,1,1
10428,4.2159,0.5707,414,434,0,0,1
10429,4.0999,0.4869,412,434,0,0,1
10430,4.124,0.495,411,432,0,2,1
10431,4.2993,0.8176,410,431,0,1,1
10432,4.0587,0.4971,410,430,0,1,1
10433,4.1954,0.5608,410,430,0,0,1
10434,4.3687,0.5228,410,430,0,0,1
10435,3.9831,0.5164,410,430,0,0,1
10436,4.0287,0.4433,409,430,0,0,1
10437,4.2242,0.5465,408,429,0,1,1
10438,4.4441,0.4313,407,428,0,1,1
10439,3.9318,0.523,407,427,0,1,1
10440,4.1526,0.5128,406,427,0,0,1
10441,4.1941,0.4999,404,426,0,1,1
10442,4.2168,1.0572,403,424,0,2,1
10443,4.1471,1.0583,401,423,0,1,1
10444,4.114,0.4251,400,421,0,2,1
10445,4.2089,0.5107,400,420,0,1,1
10446,4.2821,0.4785,399,420,0,0,1
10447,4.0388,0.4992,397,419,0,1,1
10448,4.1626,1.0838,397,417,0,2,1
10449,4.1671,0.4816,397,417,0,0,1
10450,4.251,0.4901,396,417,0,0,1
10451,4.0683,0.575,394,416,0,1,1
10452,4.2106,0.5759,393,414,0,2,1
10453,4.1202,0.5451,393,413,0,1,1
10454,4.2238,0.5222,392,413,0,0,1
10455,4.0722,0.4708,392,412,0,1,1
10456,4.1648,0.4477,385,412,0,0,1
10457,4.1966,0.4512,384,405,0,7,1
10458,4.3054,0.4833,384,404,0,1,1
10459,4.0894,0.5094,384,404,0,0,1
10460,4.0975,0.4478,383,404,0,0,1
10461,4.1815,0.4443,383,403,0,1,1
10462,4.2957,0.5254,433,453,50,0,1
10463,4.0945,0.7504,432,453,0,0,1
10464,4.1597,0.4975,432,452,0,1,1
10465,4.0513,0.4393,431,452,0,0,1
10466,4.4281,0.8476,430,451,0,1,1
10467,3.9779,0.5684,429,450,0,1,1
10468,4.162,0.5381,429,449,0,1,1
10469,4.2511,0.6985,429,449,0,0,1
10470,4.2106,0.4581,429,449,0,0,1
10471,4.1622,0.5215,429,449,0,0,1
10472,4.0404,0.528,428,449,0,0,1
10473,4.179,0.4433,428,448,0,1,1
10474,4.28,0.4639,428,448,0,0,1
10475,4.0527,0.4996,428,448,0,0,1
10476,4.4518,0.5978,428,448,0,0,1
10477,3.9965,0.5558,428,448,0,0,1
10478,4.1979,0.4961,427,448,0,0,1
10479,4.0775,0.491,427,447,0,1,1
10480,4.1019,0.447,425,447,0,0,1
10481,4.1856,0.5888,425,445,0,2,1
10482,4.2622,0.4569,424,445,0,0,1
10483,4.1127,0.5232,423,444,0,1,1
10484,4.1605,0.5591,422,443,0,1,1
10485,4.0849,0.5079,422,442,0,1,1
10486,4.5545,0.598,421,442,0,0,1
10487,3.8454,0.5899,421,441,0,1,1
10488,4.4277,0.4565,418,441,0,0,1
10489,3.8481,0.7083,418,438,0,3,1
10490,4.2473,0.4484,418,438,0,0,1
10491,4.1225,0.4842,418,438,0,0,1
10492,4.1287,0.4278,418,438,0,0,1
10493,4.2331,0.6267,417,438,0,0,1
10494,4.215,0.4683,417,437,0,1,1
10495,4.2756,0.7459,415,437,0,0,1
10496,3.9258,0.5373,415,435,0,2,1
10497,4.2071,0.5314,414,435,0,0,1
10498,4.2939,0.6441,414,434,0,1,1
10499,4.0576,0.491,413,434,0,0,1
10500,4.2059,0.7112,411,433,0,1,1
10501,4.1612,0.4836,411,431,0,2,1
10502,4.2417,0.5011,410,431,0,0,1
10503,4.0252,0.4319,409,430,0,1,1
10504,4.1576,0.4564,409,429,0,1,1
10505,4.1954,0.5081,408,429,0,0,1
10506,4.2994,0.4368,407,428,0,1,1
10507,4.2602,0.6705,405,427,0,1,1
10508,3.9096,0.4189,404,425,0,2,1
10509,4.321,0.6483,403,424,0,1,1
10510,4.1702,0.4814,402,423,0,1,1
10511,4.0434,0.5056,399,422,0,1,1
10512,4.1831,0.6735,399,419,0,3,1
10513,4.131,0.4343,399,419,0,0,1
10514,4.4249,0.6283,399,419,0,0,1
10515,3.9541,0.7112,398,419,0,0,1
10516,4.1553,0.4816,398,418,0,1,1
10517,4.211,0.5289,396,418,0,0,1
10518,4.2456,0.5019,396,416,0,2,1
10519,4.0625,0.764,396,416,0,0,1
10520,4.3197,0.9927,396,416,0,0,1
10521,4.0287,0.8031,395,416,0,0,1
10522,4.5899,0.5543,395,415,0,1,1
10523,3.712,0.5709,394,415,0,0,1
10524,4.2182,0.5468,385,414,0,1,1
10525,4.158,0.5701,384,405,0,9,1
10526,4.3927,0.7869,384,404,0,1,1
10527,3.9605,0.5113,383,404,0,0,1
10528,4.0941,0.5368,382,403,0,1,1
10529,4.1946,0.6114,431,452,50,1,1
10530,4.2555,0.5073,430,451,0,1,1
10531,4.0303,0.4867,430,450,0,1,1
10532,4.2467,0.7438,429,450,0,0,1
10533,4.1587,0.8139,429,449,0,1,1
10534,4.205,0.5022,429,449,0,0,1
10535,4.0858,0.5156,428,449,0,0,1
10536,4.272,0.771,426,448,0,1,1
10537,4.0862,0.5824,426,446,0,2,1
10538,4.247,0.4455,425,446,0,0,1
10539,4.2702,0.6323,425,445,0,1,1
10540,3.9481,0.4699,424,445,0,0,1
10541,4.1851,0.5072,423,444,0,1,1
10542,4.1892,0.4851,423,443,0,1,1
10543,4.1505,0.4698,423,443,0,0,1
10544,4.1592,0.5853,423,443,0,0,1
10545,4.2868,0.6852,422,443,0,0,1
10546,4.0262,0.4762,422,442,0,1,1
10547,4.163,0.502,422,442,0,0,1
10548,4.232,0.5797,420,442,0,0,1
10549,4.1613,0.5384,420,440,0,2,1
10550,4.1423,0.4523,420,440,0,0,1
10551,4.1556,0.6915,420,440,0,0,1
10552,4.132,0.4469,420,440,0,0,1
10553,4.192,0.507,420,440,0,0,1
10554,4.2993,0.5255,418,440,0,0,1
10555,4.0805,0.4971,417,438,0,2,1
10556,4.2176,0.6729,417,437,0,1,1
10557,4.0446,0.4282,417,437,0,0,1
10558,4.2316,0.7026,416,437,0,0,1
10559,4.1704,0.6236,415,436,0,1,1
10560,4.1742,0.5756,415,435,0,1,1
10561,4.1007,0.547,414,435,0,0,1
10562,4.2643,0.4679,413,434,0,1,1
10563,4.147,0.671,412,433,0,1,1
10564,4.0798,0.4462,411,432,0,1,1
10565,4.2386,0.5336,409,431,0,1,1
10566,4.1641,0.4392,409,429,0,2,1
10567,4.1696,0.4699,409,429,0,0,1
10568,4.1865,0.5915,408,429,0,0,1
10569,4.1626,0.6658,408,428,0,1,1
10570,4.2177,0.6924,405,428,0,0,1
10571,4.0836,0.4364,402,425,0,3,1
10572,4.2071,0.5025,401,422,0,3,1
10573,4.1582,0.4787,398,421,0,1,1
10574,4.1133,0.4256,398,418,0,3,1
10575,4.1853,0.4408,398,418,0,0,1
10576,4.1335,0.43,398,418,0,0,1
10577,4.218,0.8138,397,418,0,0,1
10578,4.4389,0.4878,396,417,0,1,1
10579,3.9601,0.5326,395,416,0,1,1
10580,4.1353,0.4947,394,415,0,1,1
10581,4.0622,0.5185,393,414,0,1,1
10582,4.1709,0.7614,393,413,0,1,1
10583,4.2307,0.526,393,413,0,0,1
10584,4.2746,0.5505,393,413,0,0,1
10585,4.0081,0.7037,393,413,0,0,1
10586,4.3186,0.5363,392,413,0,0,1
10587,4.0991,0.5367,391,412,0,1,1
10588,4.1255,0.4889,391,411,0,1,1
10589,4.2532,0.6837,390,411,0,0,1
10590,4.0589,0.5285,389,410,0,1,1
10591,4.2244,0.5545,382,409,0,1,1
10592,4.1076,0.5489,380,402,0,7,1
10593,4.1609,0.5155,379,400,0,2,1
10594,4.1632,0.5093,379,399,0,1,1
10595,4.1866,0.468,378,399,0,0,1
10596,4.1712,0.5372,377,398,0,1,1
10597,4.2217,0.8748,426,447,50,1,1
10598,4.1596,0.7008,426,446,0,1,1
10599,4.1581,0.552,426,446,0,0,1
10600,4.0828,0.4486,426,446,0,0,1
10601,4.1605,0.6705,426,446,0,0,1
10602,4.2941,0.4825,426,446,0,0,1
10603,4.1554,0.4308,425,446,0,0,1
10604,4.1981,0.5654,423,445,0,1,1
10605,4.075,0.4521,423,443,0,2,1
10606,4.2376,0.6734,421,443,0,0,1
10607,4.0958,0.5902,420,441,0,2,1
10608,4.2743,0.6686,420,440,0,1,1
10609,4.0524,0.5487,418,440,0,0,1
10610,4.4877,0.492,418,438,0,2,1
10611,3.8023,0.4463,418,438,0,0,1
10612,4.193,0.4445,417,438,0,0,1
10613,4.1736,0.6373,416,437,0,1,1
10614,4.2129,0.4504,416,436,0,1,1
10615,4.3258,0.5714,416,436,0,0,1
10616,4.0092,0.5081,415,436,0,0,1
10617,4.1079,0.4557,415,435,0,1,1
10618,4.4837,0.4475,413,435,0,0,1
10619,3.8755,0.4551,413,433,0,2,1
10620,4.205,0.4919,413,433,0,0,1
10621,4.1311,0.5211,413,433,0,0,1
10622,4.2433,0.7411,413,433,0,0,1
10623,4.0785,0.5673,413,433,0,0,1
10624,4.168,0.5025,413,433,0,0,1
10625,4.2181,0.5032,413,433,0,0,1
10626,4.1643,0.4675,412,433,0,0,1
10627,4.2478,0.6974,412,432,0,1,1
10628,4.0639,0.5083,412,432,0,0,1
10629,4.1246,0.4658,412,432,0,0,1
10630,4.186,0.4872,412,432,0,0,1
10631,4.1927,0.4456,411,432,0,0,1
10632,4.1915,0.4592,410,431,0,1,1
10633,4.2164,0.7085,409,430,0,1,1
10634,4.3173,0.5861,409,429,0,1,1
10635,3.9589,0.6661,409,429,0,0,1
10636,4.1102,0.4681,408,429,0,0,1
10637,4.426,0.4962,407,428,0,1,1
10638,3.9262,0.5414,406,427,0,1,1
10639,4.4036,0.6411,405,426,0,1,1
10640,3.9672,0.5535,404,425,0,1,1
10641,4.1152,0.523,404,424,0,1,1
10642,4.2065,0.5954,402,424,0,0,1
10643,4.1442,0.4764,401,422,0,2,1
10644,4.2232,0.5656,398,421,0,1,1
10645,4.0836,0.507,396,418,0,3,1
10646,4.2063,0.4343,395,416,0,2,1
10647,4.1614,0.4795,394,415,0,1,1
10648,4.1148,0.4295,394,414,0,1,1
10649,4.1851,0.4834,394,414,0,0,1
10650,4.1913,0.4776,393,414,0,0,1
10651,4.3111,0.6116,391,413,0,1,1
10652,4.1468,0.6685,390,411,0,2,1
10653,4.0231,0.7815,388,410,0,1,1
10654,4.2464,0.4864,388,408,0,2,1
10655,4.089,0.4376,388,408,0,0,1
10656,4.2317,0.4982,388,408,0,0,1
10657,4.1968,0.4559,388,408,0,0,1
10658,4.1854,0.5974,380,408,0,0,1
10659,4.1219,0.6143,380,400,0,8,1
10660,4.1015,0.4323,380,400,0,0,1
10661,4.1756,0.4577,379,400,0,0,1
10662,4.1379,0.5142,379,399,0,1,1
10663,4.2573,0.482,378,399,0,0,1
10664,4.2063,0.9026,426,448,50,1,1
10665,4.0974,0.6707,425,446,0,2,1
10666,4.176,0.5514,425,445,0,1,1
10667,4.1283,0.4279,423,445,0,0,1
10668,4.2024,0.7847,421,443,0,2,1
10669,4.1988,0.5162,421,441,0,2,1
10670,4.4062,0.7315,421,441,0,0,1
10671,3.9219,0.6603,421,441,0,0,1
10672,4.1032,0.5082,420,441,0,0,1
10673,4.172,0.6014,420,440,0,1,1
10674,4.2593,0.4966,420,440,0,0,1
10675,4.0757,0.4659,420,440,0,0,1
10676,4.1457,0.6264,419,440,0,0,1
10677,4.2077,0.7806,418,439,0,1,1
10678,4.27,0.6595,417,438,0,1,1
10679,4.0622,0.4555,417,437,0,1,1
10680,4.2298,0.6092,416,437,0,0,1
10681,4.1015,0.4844,415,436,0,1,1
10682,4.3762,0.753,415,435,0,1,1
10683,3.9851,0.7734,414,435,0,0,1
10684,4.1075,0.5045,413,434,0,1,1
10685,4.4972,0.6247,413,433,0,1,1
10686,3.9069,0.5542,413,433,0,0,1
10687,4.0863,0.5446,413,433,0,0,1
10688,4.2355,0.5618,413,433,0,0,1
10689,4.1349,0.4554,413,433,0,0,1
10690,4.2159,0.6571,413,433,0,0,1
10691,4.1307,0.4246,413,433,0,0,1
10692,4.242,0.5925,413,433,0,0,1
10693,4.0343,0.4901,412,433,0,0,1
10694,4.2229,0.6743,411,432,0,1,1
10695,4.1379,0.4402,410,431,0,1,1
10696,4.1512,0.4642,410,430,0,1,1
10697,4.2198,0.7207,410,430,0,0,1
10698,4.0965,0.9491,410,430,0,0,1
10699,4.2557,0.5751,410,430,0,0,1
10700,4.0939,0.5212,410,430,0,0,1
10701,4.1811,0.4882,409,430,0,0,1
10702,4.2094,0.4275,408,429,0,1,1
10703,4.1862,0.4445,408,428,0,1,1
10704,4.1685,0.5221,408,428,0,0,1
10705,4.1696,0.5089,406,428,0,0,1
10706,4.0799,0.4791,406,426,0,2,1
10707,4.2104,0.5956,404,426,0,0,1
10708,4.1904,0.6166,403,424,0,2,1
10709,4.1552,0.502,403,423,0,1,1
10710,4.2099,0.4875,402,423,0,0,1
10711,4.1523,0.4746,400,422,0,1,1
10712,4.2348,0.7279,400,420,0,2,1
10713,4.0413,0.8416,400,420,0,0,1
10714,4.26,0.7306,398,420,0,0,1
10715,4.107,0.4376,397,418,0,2,1
10716,4.4071,0.7151,396,417,0,1,1
10717,3.9538,0.7505,396,416,0,1,1
10718,4.1583,0.5833,395,416,0,0,1
10719,4.1092,0.5274,394,415,0,1,1
10720,4.1366,0.4624,393,414,0,1,1
10721,4.1925,0.6371,391,413,0,1,1
10722,4.1749,0.5573,390,411,0,2,1
10723,4.2308,0.578,390,410,0,1,1
10724,4.1651,0.5453,389,410,0,0,1
10725,4.1027,0.6507,382,409,0,1,1
10726,4.1892,0.7163,381,402,0,7,1
10727,4.1699,0.5378,381,401,0,1,1
10728,4.345,0.6713,381,401,0,0,1
10729,4.0256,0.528,380,401,0,0,1
10730,4.1589,0.5526,379,400,0,1,1
10731,4.111,0.6084,429,449,50,1,1
10732,4.164,0.4912,429,449,0,0,1
10733,4.2307,0.7274,429,449,0,0,1
10734,4.1767,0.4507,429,449,0,0,1
10735,4.1244,0.5177,429,449,0,0,1
10736,4.1388,0.5913,429,449,0,0,1
10737,4.1645,0.5051,427,449,0,0,1
10738,4.136,0.5557,426,447,0,2,1
10739,4.2054,0.5207,425,446,0,1,1
10740,4.2756,0.6832,424,445,0,1,1
10741,4.1035,0.6766,424,444,0,1,1
10742,4.1267,0.6059,424,444,0,0,1
10743,4.2792,0.5362,423,444,0,0,1
10744,4.0464,0.4644,422,443,0,1,1
10745,4.3876,0.4517,422,442,0,1,1
10746,3.9682,0.4649,421,442,0,0,1
10747,4.2718,0.5017,421,441,0,1,1
10748,4.0759,0.5974,421,441,0,0,1
10749,4.246,0.6102,421,441,0,0,1
10750,4.0489,0.5321,421,441,0,0,1
10751,4.1761,0.4846,419,441,0,0,1
10752,4.2627,0.6658,419,439,0,2,1
10753,4.212,0.8173,419,439,0,0,1
10754,4.2654,0.5622,417,439,0,0,1
10755,3.9197,0.4522,416,437,0,2,1
10756,4.1453,0.4476,416,436,0,1,1
10757,4.401,0.4416,414,436,0,0,1
10758,3.9908,0.4502,414,434,0,2,1
10759,4.1944,0.7422,414,434,0,0,1
10760,4.1699,0.6573,414,434,0,0,1
10761,4.101,0.4712,411,434,0,0,1
10762,4.2496,0.5459,411,431,0,3,1
10763,4.1051,0.4847,411,431,0,0,1
10764,4.2788,0.7523,411,431,0,0,1
10765,4.1372,0.7097,410,431,0,0,1
10766,4.3682,0.6754,410,430,0,1,1
10767,3.9288,0.5174,408,430,0,0,1
10768,4.1056,0.4548,408,428,0,2,1
10769,4.2019,0.479,408,428,0,0,1
10770,4.1919,0.4401,408,428,0,0,1
10771,4.1746,0.6763,408,428,0,0,1
10772,4.1297,0.5089,405,428,0,0,1
10773,4.1454,0.5464,405,425,0,3,1
10774,4.2226,0.472,405,425,0,0,1
10775,4.1072,0.4292,403,425,0,0,1
10776,4.1918,0.4603,402,423,0,2,1
10777,4.199,0.4526,401,422,0,1,1
10778,4.2213,0.6582,401,421,0,1,1
10779,4.1346,0.4887,401,421,0,0,1
10780,4.0914,0.4332,401,421,0,0,1
10781,4.1546,0.4351,400,421,0,0,1
10782,4.2675,0.4682,399,420,0,1,1
10783,4.2757,0.755,399,419,0,1,1
10784,4.102,0.6854,399,419,0,0,1
10785,4.0839,0.5319,399,419,0,0,1
10786,4.0806,0.6476,399,419,0,0,1
10787,4.2197,0.4819,398,419,0,0,1
10788,4.1677,0.7837,398,418,0,1,1
10789,4.1981,0.5032,397,418,0,0,1
10790,4.1513,0.7489,397,417,0,1,1
10791,4.2011,0.5569,397,417,0,0,1
10792,4.0941,0.5072,389,417,0,0,1
10793,4.1821,0.5451,387,409,0,8,1
10794,4.3159,0.7913,387,407,0,2,1
10795,4.0319,0.4795,386,407,0,0,1
10796,4.1664,0.7254,384,406,0,1,1
10797,4.287,0.7824,384,404,0,2,1
10798,4.0463,0.8423,434,454,50,0,1
10799,4.1382,0.512,434,454,0,0,1
10800,4.1973,0.5867,433,454,0,0,1
10801,4.1585,0.5026,433,453,0,1,1
10802,4.2095,0.744,433,453,0,0,1
10803,4.4903,0.5655,433,453,0,0,1
10804,3.7782,0.447,432,453,0,0,1
10805,4.1557,0.4575,430,452,0,1,1
10806,4.2672,0.5208,429,450,0,2,1
10807,4.0605,0.4916,427,449,0,1,1
10808,4.2481,0.7771,425,447,0,2,1
10809,4.1659,0.7083,425,445,0,2,1
10810,4.2277,0.7047,424,445,0,0,1
10811,4.06,0.4803,423,444,0,1,1
10812,4.5046,0.691,422,443,0,1,1
10813,3.7792,0.6111,422,442,0,1,1
10814,4.402,0.4403,422,442,0,0,1
10815,4.0383,0.6861,422,442,0,0,1
10816,4.0941,0.4414,422,442,0,0,1
10817,4.2275,0.4826,422,442,0,0,1
10818,4.1197,0.5015,422,442,0,0,1
10819,4.4394,0.726,421,442,0,0,1
10820,3.9385,0.6548,420,441,0,1,1
10821,4.1089,0.7443,420,440,0,1,1
10822,4.2096,0.6673,419,440,0,0,1
10823,4.2086,0.6343,417,439,0,1,1
10824,4.1656,0.5135,417,437,0,2,1
10825,4.1162,0.5203,415,437,0,0,1
10826,4.2506,0.4413,414,435,0,2,1
10827,4.1073,0.4509,414,434,0,1,1
10828,4.1288,0.4407,412,434,0,0,1
10829,4.2005,0.9477,410,432,0,2,1
10830,4.1864,0.5452,410,430,0,2,1
10831,4.1567,0.4765,409,430,0,0,1
10832,4.1526,0.5087,409,429,0,1,1
10833,4.1302,0.4474,407,429,0,0,1
10834,4.1931,0.4861,407,427,0,2,1
10835,4.1811,0.4658,407,427,0,0,1
10836,4.1763,0.5467,406,427,0,0,1
10837,4.1642,0.5516,406,426,0,1,1
10838,4.1783,0.6644,406,426,0,0,1
10839,4.1699,0.6916,405,426,0,0,1
10840,4.0754,0.5005,405,425,0,1,1
10841,4.1849,0.5195,404,425,0,0,1
10842,4.2032,0.654,404,424,0,1,1
10843,4.1246,0.4522,403,424,0,0,1
10844,4.2029,0.4827,402,423,0,1,1
10845,4.1379,0.4759,402,422,0,1,1
10846,4.1946,0.6031,401,422,0,0,1
10847,4.1529,0.5416,401,421,0,1,1
10848,4.1718,0.4612,401,421,0,0,1
10849,4.1826,0.4981,399,421,0,0,1
10850,4.4388,0.4387,399,419,0,2,1
10851,3.9092,0.4585,399,419,0,0,1
10852,4.1209,0.4301,399,419,0,0,1
10853,4.5189,0.5163,398,419,0,0,1
10854,3.8058,0.465,397,418,0,1,1
10855,4.2347,0.4845,397,417,0,1,1
10856,4.1984,0.4894,396,417,0,0,1
10857,4.0752,0.4671,395,416,0,1,1
10858,4.3811,0.591,395,415,0,1,1
10859,3.9577,0.4481,395,415,0,0,1
10860,4.3953,0.6398,387,415,0,0,1
10861,3.9799,0.6557,387,407,0,8,1
10862,4.1645,0.4745,384,407,0,0,1
10863,4.1986,0.4854,384,404,0,3,1
10864,4.093,0.4271,384,404,0,0,1
10865,4.1973,0.9134,434,454,50,0,1
10866,4.1604,0.4656,434,454,0,0,1
10867,4.4758,0.7606,433,454,0,0,1
10868,3.8672,0.5748,433,453,0,1,1
10869,4.1514,0.5241,431,453,0,0,1
10870,4.1718,0.5398,431,451,0,2,1
10871,4.1611,0.4844,431,451,0,0,1
10872,4.2661,0.6937,431,451,0,0,1
10873,4.1326,0.8027,431,451,0,0,1
10874,4.0866,0.4299,430,451,0,0,1
10875,4.2132,0.5508,428,450,0,1,1
10876,4.0956,0.4381,427,448,0,2,1
10877,4.4831,0.4823,427,447,0,1,1
10878,3.8887,0.5445,426,447,0,0,1
10879,4.2133,0.5384,426,446,0,1,1
10880,4.1649,0.5269,426,446,0,0,1
10881,4.1131,0.4681,426,446,0,0,1
10882,4.4975,0.447,425,446,0,0,1
10883,3.8609,0.437,423,445,0,1,1
10884,4.252,0.6771,422,443,0,2,1
10885,4.0922,0.6006,421,442,0,1,1
10886,4.4805,0.663,420,441,0,1,1
10887,3.7949,0.8939,420,440,0,1,1
10888,4.188,0.4969,419,440,0,0,1
10889,4.2168,0.5198,418,439,0,1,1
10890,4.1725,0.4531,418,438,0,1,1
10891,4.2585,0.6685,417,438,0,0,1
10892,4.0753,0.523,416,437,0,1,1
10893,4.2362,0.6721,415,436,0,1,1
10894,4.0696,0.4896,415,435,0,1,1
10895,4.1638,0.4267,415,435,0,0,1
10896,4.1981,0.6659,414,435,0,0,1
10897,4.3321,0.6145,413,434,0,1,1
10898,3.9745,0.471,413,433,0,1,1
10899,4.2226,0.5473,413,433,0,0,1
10900,4.1297,0.4865,411,433,0,0,1
10901,4.614,0.5369,410,431,0,2,1
10902,3.7228,0.518,410,430,0,1,1
10903,4.1862,0.7145,410,430,0,0,1
10904,4.1172,0.4417,409,430,0,0,1
10905,4.2026,0.6315,407,429,0,1,1
10906,4.6863,0.429,407,427,0,2,1
10907,3.6229,0.4526,406,427,0,0,1
10908,4.2071,0.644,404,426,0,1,1
10909,4.1295,0.4337,404,424,0,2,1
10910,4.1349,0.6204,403,424,0,0,1
10911,4.3247,0.4863,403,423,0,1,1
10912,4.0025,0.6027,401,423,0,0,1
10913,4.226,1.1178,401,421,0,2,1
10914,4.225,0.4746,399,421,0,0,1
10915,4.0996,0.721,399,419,0,2,1
10916,4.1834,0.6831,398,419,0,0,1
10917,4.1631,0.5634,398,418,0,1,1
10918,4.0859,0.6198,398,418,0,0,1
10919,4.1921,0.5266,397,418,0,0,1
10920,4.2253,0.5462,396,417,0,1,1
10921,4.3709,0.8499,395,416,0,1,1
10922,4.0193,0.4647,394,415,0,1,1
10923,4.0232,0.4849,394,414,0,1,1
10924,4.16,0.4231,394,414,0,0,1
10925,4.1692,0.5156,392,414,0,0,1
10926,4.5112,0.4381,391,412,0,2,1
10927,4.0561,0.4384,383,411,0,1,1
10928,4.365,0.6715,381,403,0,8,1
10929,3.8202,0.5013,379,401,0,2,1
10930,4.3633,0.4339,377,399,0,2,1
10931,3.9374,0.4365,376,397,0,2,1
10932,4.1893,0.4893,376,396,0,1,1
10933,4.1684,0.5288,425,446,50,0,1
10934,4.1216,0.6332,425,445,0,1,1
10935,4.2379,0.7326,425,445,0,0,1
10936,4.1001,0.4243,424,445,0,0,1
10937,4.186,0.5342,424,444,0,1,1
10938,4.2399,0.5338,422,444,0,0,1
10939,4.0529,0.5928,421,442,0,2,1
10940,4.1572,0.5428,418,441,0,1,1
10941,4.3156,0.7286,417,438,0,3,1
10942,4.08,0.4847,415,437,0,1,1
10943,4.1488,0.4403,415,435,0,2,1
10944,4.612,0.5139,415,435,0,0,1
10945,3.7633,0.5044,414,435,0,0,1
10946,4.1764,0.6008,414,434,0,1,1
10947,4.1161,0.5883,414,434,0,0,1
10948,4.2104,0.6764,413,434,0,0,1
10949,4.3621,0.4508,413,433,0,1,1
10950,4.0065,0.4873,412,433,0,0,1
10951,4.0885,0.4856,412,432,0,1,1
10952,4.2079,0.4926,410,432,0,0,1
10953,4.1635,0.7878,409,430,0,2,1
10954,4.4686,0.6689,407,429,0,1,1
10955,3.8331,0.5504,407,427,0,2,1
10956,4.2044,0.5826,407,427,0,0,1
10957,4.086,0.5102,405,427,0,0,1
10958,4.4884,0.6483,405,425,0,2,1
10959,3.9583,0.4403,405,425,0,0,1
10960,4.0941,0.4274,405,425,0,0,1
10961,4.1991,0.6197,404,425,0,0,1
10962,4.1968,0.4816,404,424,0,1,1
10963,4.0813,0.429,403,424,0,0,1
10964,4.2226,0.4827,403,423,0,1,1
10965,4.1211,0.6472,402,423,0,0,1
10966,4.2179,0.5973,402,422,0,1,1
10967,4.1546,0.44,401,422,0,0,1
10968,4.149,0.5085,400,421,0,1,1
10969,4.1894,0.492,399,420,0,1,1
10970,4.1562,0.5413,398,419,0,1,1
10971,4.3559,0.4184,397,418,0,1,1
10972,3.9443,0.4255,397,417,0,1,1
10973,4.4629,0.415,394,417,0,0,1
10974,3.869,0.6457,394,414,0,3,1
10975,4.505,0.4577,394,414,0,0,1
10976,4.0975,0.6253,393,414,0,0,1
10977,3.8656,0.5958,392,413,0,1,1
10978,4.2497,0.4333,390,412,0,1,1
10979,4.1054,0.4556,389,410,0,2,1
10980,4.4911,0.5925,389,409,0,1,1
10981,4.1871,0.5676,389,409,0,0,1
10982,4.1895,0.8635,388,409,0,0,1
10983,4.0356,0.4638,386,408,0,1,1
10984,3.9097,0.4592,385,406,0,2,1
10985,4.3054,0.7736,382,405,0,1,1
10986,4.0695,0.4938,380,402,0,3,1
10987,4.5514,0.6415,380,400,0,2,1
10988,4.187,0.651,379,400,0,0,1
10989,3.7871,0.4316,379,399,0,1,1
10990,4.3836,0.4131,379,399,0,0,1
10991,3.9371,0.5142,379,399,0,0,1
10992,4.5743,0.6089,379,399,0,0,1
10993,4.1576,0.5061,379,399,0,0,1
10994,3.7323,0.6242,372,399,0,0,1
10995,4.4442,0.6006,371,392,0,7,1
10996,3.8514,0.4039,370,391,0,1,1
10997,4.5218,0.4339,370,390,0,1,1
10998,3.857,0.4299,369,390,0,0,1
10999,4.7705,0.4271,369,389,0,1,1
11000,3.9527,0.5692,419,439,50,0,1
11001,3.79,0.4762,418,439,0,0,1
11002,4.0802,0.5902,417,438,0,1,1
11003,4.2302,0.4322,417,437,0,1,1
11004,4.2875,0.7243,416,437,0,0,1
11005,4.0913,0.7693,415,436,0,1,1
11006,4.492,0.7523,415,435,0,1,1
11007,4.1471,0.53,415,435,0,0,1
11008,3.8455,0.5153,415,435,0,0,1
11009,4.1353,0.4716,414,435,0,0,1
11010,4.1598,0.4589,414,434,0,1,1
11011,4.5198,0.612,414,434,0,0,1
11012,4.2087,0.5299,414,434,0,0,1
11013,4.0871,0.7163,413,434,0,0,1
11014,4.2021,0.6435,413,433,0,1,1
11015,3.8184,0.453,413,433,0,0,1
11016,4.3868,0.6608,413,433,0,0,1
11017,4.0017,0.4416,411,433,0,0,1
11018,4.1618,0.6947,410,431,0,2,1
11019,4.4551,0.4815,410,430,0,1,1
11020,3.8242,0.4213,409,430,0,0,1
11021,4.7189,0.6643,409,429,0,1,1
11022,3.6472,0.4962,408,429,0,0,1
11023,4.2598,0.6729,407,428,0,1,1
11024,4.3602,0.7444,404,427,0,1,1
11025,3.8867,0.4668,404,424,0,3,1
11026,4.1824,0.4326,404,424,0,0,1
11027,4.1385,0.4294,404,424,0,0,1
11028,4.3813,0.6107,404,424,0,0,1
11029,3.9714,0.6916,403,424,0,0,1
11030,4.1893,0.6514,403,423,0,1,1
11031,4.204,0.4882,402,423,0,0,1
11032,4.0835,0.4499,401,422,0,1,1
11033,4.1713,0.4773,401,421,0,1,1
11034,4.288,0.4454,400,421,0,0,1
11035,4.1436,0.4152,400,420,0,1,1
11036,4.056,0.4646,400,420,0,0,1
11037,4.2302,0.5325,399,420,0,0,1
11038,4.1301,0.6254,398,419,0,1,1
11039,4.1937,0.4429,397,418,0,1,1
11040,4.2058,0.4823,396,417,0,1,1
11041,4.1638,0.4455,396,416,0,1,1
11042,4.1449,0.6584,396,416,0,0,1
11043,4.1033,0.5013,395,416,0,0,1
11044,4.2112,0.4188,393,415,0,1,1
11045,4.1271,0.4562,391,413,0,2,1
11046,4.2217,0.4216,390,411,0,2,1
11047,4.1201,0.6144,390,410,0,1,1
11048,4.3125,0.6898,388,410,0,0,1
11049,4.0933,0.4352,387,408,0,2,1
11050,4.9527,0.4047,387,407,0,1,1
11051,3.3634,0.409,387,407,0,0,1
11052,4.14,0.417,386,407,0,0,1
11053,4.1656,0.4452,386,406,0,1,1
11054,4.2116,0.6522,386,406,0,0,1
11055,4.1246,0.4073,386,406,0,0,1
11056,4.1734,0.418,384,406,0,0,1
11057,4.1535,0.455,384,404,0,2,1
11058,4.1554,0.4184,383,404,0,0,1
11059,4.1536,0.5282,383,403,0,1,1
11060,4.141,0.7421,383,403,0,0,1
11061,4.4149,0.6275,374,403,0,0,1
11062,3.9651,0.628,374,394,0,9,1
11063,4.1988,0.5159,373,394,0,0,1
11064,4.1707,0.4185,373,393,0,1,1
11065,4.1063,0.4371,373,393,0,0,1
11066,4.1942,0.4606,373,393,0,0,1
11067,4.2518,0.7042,422,443,50,0,1
11068,4.099,0.4494,421,442,0,1,1
11069,4.2079,0.548,421,441,0,1,1
11070,4.1427,0.4197,421,441,0,0,1
11071,4.1113,0.6512,419,441,0,0,1
11072,4.208,0.728,418,439,0,2,1
11073,4.2726,0.7263,416,438,0,1,1
11074,4.0729,0.732,415,436,0,2,1
11075,4.1614,0.5086,415,435,0,1,1
11076,4.1415,0.4755,415,435,0,0,1
11077,4.141,0.462,415,435,0,0,1
11078,4.1708,0.5989,414,435,0,0,1
11079,4.2509,0.6219,414,434,0,1,1
11080,4.1232,0.4462,413,434,0,0,1
11081,4.1847,0.5038,412,433,0,1,1
11082,4.1386,0.6241,412,432,0,1,1
11083,4.169,0.5295,412,432,0,0,1
11084,4.1324,0.6648,411,432,0,0,1
11085,4.2512,0.6932,411,431,0,1,1
11086,4.1254,0.4269,411,431,0,0,1
11087,4.173,0.4526,410,431,0,0,1
11088,4.1086,0.464,410,430,0,1,1
11089,4.1709,0.4601,409,430,0,0,1
11090,4.1929,0.7181,406,429,0,1,1
11091,4.1311,0.5025,406,426,0,3,1
11092,4.1902,0.6166,405,426,0,0,1
11093,4.5209,0.8582,405,425,0,1,1
11094,4.227,0.7941,405,425,0,0,1
11095,4.0454,0.6787,404,425,0,0,1
11096,3.9536,0.517,403,424,0,1,1
11097,4.1215,0.4826,403,423,0,1,1
11098,4.1657,0.4254,403,423,0,0,1
11099,4.141,0.4282,403,423,0,0,1
11100,4.426,0.5809,403,423,0,0,1
11101,3.8953,0.4521,403,423,0,0,1
11102,4.5479,0.6249,401,423,0,0,1
11103,3.8454,0.5369,400,421,0,2,1
11104,4.134,0.4652,399,420,0,1,1
11105,4.3271,0.6526,399,419,0,1,1
11106,4.0462,0.4187,399,419,0,0,1
11107,4.4374,0.6756,398,419,0,0,1
11108,3.933,0.459,398,418,0,1,1
11109,4.0973,0.5821,397,418,0,0,1
11110,4.3225,0.6118,395,417,0,1,1
11111,4.0147,0.4252,394,415,0,2,1
11112,4.2113,0.5067,393,414,0,1,1
11113,4.099,0.5894,393,413,0,1,1
11114,4.2362,0.4765,392,413,0,0,1
11115,4.1632,0.4647,391,412,0,1,1
11116,4.1077,0.4372,391,411,0,1,1
11117,4.3065,0.4367,388,411,0,0,1
11118,4.0443,0.5089,387,408,0,3,1
11119,4.1813,0.7933,387,407,0,1,1
11120,4.2183,0.4809,387,407,0,0,1
11121,4.1033,0.4406,387,407,0,0,1
11122,4.1134,0.4292,387,407,0,0,1
11123,4.2124,0.425,387,407,0,0,1
11124,4.2051,0.4656,386,407,0,0,1
11125,4.1331,0.4791,385,406,0,1,1
11126,4.2054,0.6099,385,405,0,1,1
11127,4.1959,0.4627,385,405,0,0,1
11128,4.0635,0.4099,376,405,0,0,1
11129,4.2128,0.5999,375,396,0,9,1
11130,4.1647,0.4793,374,395,0,1,1
11131,4.4314,0.5348,373,394,0,1,1
11132,3.9132,0.4586,373,393,0,1,1
11133,4.1415,0.4215,373,393,0,0,1
11134,4.2263,0.5855,422,443,50,0,1
11135,4.1171,0.4675,421,442,0,1,1
11136,4.2502,0.8237,421,441,0,1,1
11137,4.2705,0.6225,420,441,0,0,1
11138,3.965,0.5782,420,440,0,1,1
11139,4.2529,0.552,418,440,0,0,1
11140,4.0575,0.5354,416,438,0,2,1
11141,4.3643,0.4648,415,436,0,2,1
11142,4.0769,0.4811,414,435,0,1,1
11143,4.137,0.6104,413,434,0,1,1
11144,4.4641,0.597,413,433,0,1,1
11145,3.826,0.4986,413,433,0,0,1
11146,4.153,0.4358,413,433,0,0,1
11147,4.18,0.437,412,433,0,0,1
11148,4.2021,0.5967,412,432,0,1,1
11149,4.1402,0.4388,411,432,0,0,1
11150,4.1719,0.6707,409,431,0,1,1
11151,4.1384,0.4256,409,429,0,2,1
11152,4.1824,0.4266,409,429,0,0,1
11153,4.1476,0.4588,409,429,0,0,1
11154,4.2715,0.4744,409,429,0,0,1
11155,4.1687,0.7415,409,429,0,0,1
11156,4.0473,0.5343,409,429,0,0,1
11157,4.6193,0.7431,409,429,0,0,1
11158,3.7446,0.6166,409,429,0,0,1
11159,4.165,0.5391,407,429,0,0,1
11160,4.2258,0.5243,406,427,0,2,1
11161,4.1889,0.77,406,426,0,1,1
11162,4.0708,0.4376,406,426,0,0,1
11163,4.2047,0.5176,405,426,0,0,1
11164,4.1465,0.4451,404,425,0,1,1
11165,4.3012,0.4715,404,424,0,1,1
11166,4.0734,0.5152,404,424,0,0,1
11167,4.0972,0.6124,404,424,0,0,1
11168,4.437,0.6621,404,424,0,0,1
11169,4.0057,0.5051,404,424,0,0,1
11170,4.0718,0.4149,404,424,0,0,1
11171,4.1916,0.4191,403,424,0,0,1
11172,4.2269,0.5886,403,423,0,1,1
11173,4.1221,0.4413,403,423,0,0,1
11174,4.2415,0.6765,403,423,0,0,1
11175,4.0663,0.579,401,423,0,0,1
11176,4.1673,0.4484,401,421,0,2,1
11177,4.2315,0.5153,400,421,0,0,1
11178,4.1744,0.6828,398,420,0,1,1
11179,4.106,0.7585,398,418,0,2,1
11180,4.1607,0.8405,398,418,0,0,1
11181,4.2149,0.5599,397,418,0,0,1
11182,4.1459,0.6762,394,417,0,1,1
11183,4.1372,0.5045,394,414,0,3,1
11184,4.207,0.5123,393,414,0,0,1
11185,4.1544,0.5152,391,413,0,1,1
11186,4.2346,0.6862,389,411,0,2,1
11187,4.1261,0.5711,389,409,0,2,1
11188,4.1184,0.5211,389,409,0,0,1
11189,4.2747,0.4976,388,409,0,0,1
11190,4.1183,0.6135,387,408,0,1,1
11191,4.3005,0.4995,384,407,0,1,1
11192,4.1026,0.556,381,404,0,3,1
11193,4.04,0.6006,379,401,0,3,1
11194,4.1393,0.5205,379,399,0,2,1
11195,4.214,0.5263,379,399,0,0,1
11196,4.1507,0.533,372,399,0,0,1
11197,4.1233,0.515,371,392,0,7,1
11198,4.2462,0.743,371,391,0,1,1
11199,4.1805,0.6823,371,391,0,0,1
11200,4.1095,0.4809,371,391,0,0,1
11201,4.3558,1.2491,421,441,50,0,1
11202,4.0374,0.5988,421,441,0,0,1
11203,4.1305,0.5501,420,441,0,0,1
11204,4.199,0.5955,420,440,0,1,1
11205,4.177,0.7781,419,440,0,0,1
11206,4.1373,0.6686,418,439,0,1,1
11207,4.1463,0.4255,417,438,0,1,1
11208,4.1222,0.601,416,437,0,1,1
11209,4.2455,0.4924,416,436,0,1,1
11210,4.1779,0.6766,416,436,0,0,1
11211,4.1603,0.6938,415,436,0,0,1
11212,4.1325,0.5056,415,435,0,1,1
11213,4.2415,0.5224,415,435,0,0,1
11214,4.4293,0.5257,415,435,0,0,1
11215,3.8663,0.5198,415,435,0,0,1
11216,4.1261,0.5481,415,435,0,0,1
11217,4.1601,0.4533,413,435,0,0,1
11218,4.2431,0.4437,413,433,0,2,1
11219,4.2015,0.5299,412,433,0,0,1
11220,4.3586,0.6738,411,432,0,1,1
11221,3.9194,0.4904,410,431,0,1,1
11222,4.17,0.5317,410,430,0,1,1
11223,4.2039,0.7219,410,430,0,0,1
11224,4.0379,0.4525,408,430,0,0,1
11225,4.2285,0.4934,408,428,0,2,1
11226,4.1744,0.4556,408,428,0,0,1
11227,4.1093,0.4607,408,428,0,0,1
11228,4.2822,0.4993,408,428,0,0,1
11229,4.0578,0.7191,408,428,0,0,1
11230,4.1779,0.7283,406,428,0,0,1
11231,4.1665,0.5353,405,426,0,2,1
11232,4.222,0.6372,404,425,0,1,1
11233,4.1961,0.5205,404,424,0,1,1
11234,4.1049,0.7111,404,424,0,0,1
11235,4.1965,0.5288,404,424,0,0,1
11236,4.0906,0.4349,404,424,0,0,1
11237,4.3247,0.4538,401,424,0,0,1
11238,4.0504,0.4355,401,421,0,3,1
11239,4.1542,0.5677,401,421,0,0,1
11240,4.1147,0.4383,401,421,0,0,1
11241,4.1654,0.4481,401,421,0,0,1
11242,4.1858,0.4208,400,421,0,0,1
11243,4.1272,0.4146,399,420,0,1,1
11244,4.215,0.4335,399,419,0,1,1
11245,4.2262,0.6743,399,419,0,0,1
11246,4.2009,0.4709,397,419,0,0,1
11247,4.1432,0.6384,397,417,0,2,1
11248,4.1206,0.4616,396,417,0,0,1
11249,4.2572,0.4705,396,416,0,1,1
11250,4.1309,0.4824,396,416,0,0,1
11251,4.1435,0.4999,396,416,0,0,1
11252,4.1989,0.5211,396,416,0,0,1
11253,4.1098,0.4879,395,416,0,0,1
11254,4.1884,0.6603,395,415,0,1,1
11255,4.3532,0.4855,395,415,0,0,1
11256,4.8579,0.5615,394,415,0,0,1
11257,3.309,0.7827,394,414,0,1,1
11258,4.1002,0.7293,392,414,0,0,1
11259,4.2234,0.5475,392,412,0,2,1
11260,4.1379,0.7107,391,412,0,0,1
11261,4.2906,0.4587,391,411,0,1,1
11262,4.0973,0.4442,390,411,0,0,1
11263,4.1315,0.6979,382,410,0,1,1
11264,4.1575,0.4473,381,402,0,8,1
11265,4.1584,0.471,380,401,0,1,1
11266,4.0983,0.5577,380,400,0,1,1
11267,4.2034,0.4817,380,400,0,0,1
11268,4.2936,0.8775,380,400,0,0,1
11269,4.1385,0.6277,430,450,50,0,1
11270,4.1337,0.6599,429,450,0,0,1
11271,4.1894,0.5439,428,449,0,1,1
11272,4.105,0.4471,428,448,0,1,1
11273,4.2004,0.6834,428,448,0,0,1
11274,4.1905,0.4918,427,448,0,0,1
11275,4.2691,0.6951,426,447,0,1,1
11276,3.9812,0.4958,426,446,0,1,1
11277,4.1894,0.4427,426,446,0,0,1
11278,4.2104,0.7492,426,446,0,0,1
11279,4.1418,0.6426,426,446,0,0,1
11280,4.2265,0.6176,426,446,0,0,1
11281,4.2184,0.7602,426,446,0,0,1
11282,4.1092,0.6626,426,446,0,0,1
11283,4.0997,0.4323,426,446,0,0,1
11284,4.1356,0.4183,424,446,0,0,1
11285,4.1582,0.4591,424,444,0,2,1
11286,4.2451,0.7117,424,444,0,0,1
11287,4.2615,0.6934,423,444,0,0,1
11288,4.172,0.6316,423,443,0,1,1
11289,4.1189,0.5401,423,443,0,0,1
11290,4.0196,0.4632,423,443,0,0,1
11291,4.2331,0.4371,422,443,0,0,1
11292,4.264,0.6466,422,442,0,1,1
11293,4.2694,0.6634,422,442,0,0,1
11294,3.9559,0.4258,422,442,0,0,1
11295,4.2269,0.4962,422,442,0,0,1
11296,4.0784,0.4677,422,442,0,0,1
11297,4.2602,0.5278,421,442,0,0,1
11298,4.1144,0.5412,420,441,0,1,1
11299,4.1527,0.716,420,440,0,1,1
11300,4.186,0.7573,419,440,0,0,1
11301,4.4918,0.5964,419,439,0,1,1
11302,3.8685,0.6228,418,439,0,0,1
11303,4.1114,0.4447,418,438,0,1,1
11304,4.462,0.5989,417,438,0,0,1
11305,3.8762,0.4712,417,437,0,1,1
11306,4.1727,0.4223,415,437,0,0,1
11307,4.253,0.4873,413,435,0,2,1
11308,4.1392,0.6275,413,433,0,2,1
11309,4.14,0.4356,410,433,0,0,1
11310,4.2262,0.4557,408,430,0,3,1
11311,4.1431,0.6778,407,428,0,2,1
11312,4.0879,0.5088,404,427,0,1,1
11313,4.1871,0.4817,403,424,0,3,1
11314,4.1075,0.4369,402,423,0,1,1
11315,4.2416,0.4744,402,422,0,1,1
11316,4.2093,0.5991,402,422,0,0,1
11317,4.2032,0.5282,401,422,0,0,1
11318,4.1807,0.7916,401,421,0,1,1
11319,4.1203,0.5694,401,421,0,0,1
11320,4.1034,0.5253,401,421,0,0,1
11321,4.2386,0.5434,400,421,0,0,1
11322,4.1009,0.4487,400,420,0,1,1
11323,4.1543,0.5374,399,420,0,0,1
11324,4.2492,0.4373,399,419,0,1,1
11325,4.2512,0.6661,397,419,0,0,1
11326,4.0005,0.6105,396,417,0,2,1
11327,4.1926,0.4254,395,416,0,1,1
11328,4.13,0.4627,394,415,0,1,1
11329,4.2522,0.4988,394,414,0,1,1
11330,4.1591,0.6366,385,414,0,0,1
11331,4.2082,0.825,385,405,0,9,1
11332,4.0676,0.4275,385,405,0,0,1
11333,4.1021,0.4286,385,405,0,0,1
11334,4.5825,0.4589,384,405,0,0,1
11335,3.8861,0.4874,383,404,0,1,1
11336,4.1979,0.969,433,453,50,1,1
11337,4.0851,0.6965,432,453,0,0,1
11338,4.1678,0.9067,432,452,0,1,1
11339,4.1305,0.5145,432,452,0,0,1
11340,4.2065,0.6113,432,452,0,0,1
11341,4.2007,0.5462,432,452,0,0,1
11342,4.3755,0.6765,431,452,0,0,1
11343,3.965,0.4495,430,451,0,1,1
11344,4.0823,0.4689,429,450,0,1,1
11345,4.337,0.6573,427,449,0,1,1
11346,4.0002,0.4715,427,447,0,2,1
11347,4.1839,0.4918,427,447,0,0,1
11348,4.4465,0.5116,425,447,0,0,1
11349,3.9642,0.6805,424,445,0,2,1
11350,4.1212,0.8104,424,444,0,1,1
11351,4.1203,0.4699,423,444,0,0,1
11352,4.2,0.5294,423,443,0,1,1
11353,4.1137,0.5201,422,443,0,0,1
11354,4.222,0.7304,422,442,0,1,1
11355,4.3642,0.681,422,442,0,0,1
11356,3.9367,0.427,421,442,0,0,1
11357,4.2086,0.4971,420,441,0,1,1
11358,4.1724,0.5441,420,440,0,1,1
11359,4.168,0.5584,418,440,0,0,1
11360,4.1729,0.4915,418,438,0,2,1
11361,4.131,0.613,418,438,0,0,1
11362,4.1511,0.4396,418,438,0,0,1
11363,4.2067,0.4319,417,438,0,0,1
11364,4.2193,0.5122,415,437,0,1,1
11365,4.1456,0.8977,415,435,0,2,1
11366,4.1748,0.4652,415,435,0,0,1
11367,4.3456,0.4661,414,435,0,0,1
11368,3.8962,0.4845,414,434,0,1,1
11369,4.3641,0.7315,414,434,0,0,1
11370,4.0376,0.5224,414,434,0,0,1
11371,4.1571,0.541,414,434,0,0,1
11372,4.4307,0.6909,412,434,0,0,1
11373,3.8755,0.4812,412,432,0,2,1
11374,4.1897,0.5745,411,432,0,0,1
11375,4.1413,0.4498,410,431,0,1,1
11376,4.468,0.5554,410,430,0,1,1
11377,3.9432,0.5449,409,430,0,0,1
11378,4.1131,0.584,409,429,0,1,1
11379,4.1986,0.4502,408,429,0,0,1
11380,4.1076,0.4376,408,428,0,1,1
11381,4.1516,0.46,408,428,0,0,1
11382,4.2016,0.4617,408,428,0,0,1
11383,4.2172,0.513,406,428,0,0,1
11384,4.4546,0.6103,404,426,0,2,1
11385,3.812,0.4915,402,424,0,2,1
11386,4.1117,0.4592,402,422,0,2,1
11387,4.2269,0.4797,400,422,0,0,1
11388,4.2137,0.6189,400,420,0,2,1
11389,4.1754,0.5826,398,420,0,0,1
11390,4.1464,0.7939,397,418,0,2,1
11391,4.3463,0.6866,396,417,0,1,1
11392,4.0017,0.4803,396,416,0,1,1
11393,4.2025,0.7011,395,416,0,0,1
11394,4.1555,0.4472,395,415,0,1,1
11395,4.1233,0.485,392,415,0,0,1
11396,4.2025,0.507,392,412,0,3,1
11397,4.4023,0.4479,383,412,0,0,1
11398,3.9223,0.509,383,403,0,9,1
11399,4.1088,0.465,383,403,0,0,1
11400,4.2415,0.6847,383,403,0,0,1
11401,4.0819,0.5347,382,403,0,0,1
11402,4.2053,0.6016,382,402,0,1,1
11403,4.2113,0.5553,432,452,50,0,1
11404,4.0657,0.4543,432,452,0,0,1
11405,4.1823,0.5031,431,452,0,0,1
11406,4.2173,0.4722,430,451,0,1,1
11407,4.1721,0.5823,430,450,0,1,1
11408,4.1011,0.672,429,450,0,0,1
11409,4.5268,0.5049,428,449,0,1,1
11410,3.7707,0.5064,428,448,0,1,1
11411,4.2325,0.4587,428,448,0,0,1
11412,4.1279,0.5892,428,448,0,0,1
11413,4.3812,0.7604,428,448,0,0,1
11414,4.0935,0.5214,428,448,0,0,1
11415,4.0905,0.4979,428,448,0,0,1
11416,4.1446,0.4482,427,448,0,0,1
11417,4.4339,0.6956,427,447,0,1,1
11418,3.8837,0.4612,426,447,0,0,1
11419,4.4784,0.6226,426,446,0,1,1
11420,4.0405,0.6322,426,446,0,0,1
11421,3.9944,0.4802,426,446,0,0,1
11422,4.2098,0.5823,426,446,0,0,1
11423,4.1572,0.4794,426,446,0,0,1
11424,4.1734,0.5433,425,446,0,0,1
11425,4.1905,0.6603,425,445,0,1,1
11426,4.1845,0.6578,425,445,0,0,1
11427,4.0785,0.4844,425,445,0,0,1
11428,4.1773,0.4479,423,445,0,0,1
11429,4.1612,0.512,423,443,0,2,1
11430,4.2616,0.7623,423,443,0,0,1
11431,4.1475,0.7822,422,443,0,0,1
11432,4.2291,0.695,422,442,0,1,1
11433,4.2906,0.6762,420,442,0,0,1
11434,3.8832,0.4327,420,440,0,2,1
11435,4.2036,0.437,418,440,0,0,1
11436,4.4719,0.7308,418,438,0,2,1
11437,3.9291,0.6547,416,438,0,0,1
11438,4.2241,0.6641,416,436,0,2,1
11439,4.0667,0.4893,416,436,0,0,1
11440,4.1404,0.4357,416,436,0,0,1
11441,4.1468,0.6055,416,436,0,0,1
11442,4.2056,0.4837,416,436,0,0,1
11443,4.1577,0.6004,415,436,0,0,1
11444,4.1697,0.4988,414,435,0,1,1
11445,4.1924,0.767,412,434,0,1,1
11446,4.1052,0.7685,411,432,0,2,1
11447,4.196,0.4623,408,431,0,1,1
11448,4.1355,0.4947,408,428,0,3,1
11449,4.2494,0.6369,408,428,0,0,1
11450,4.1235,0.6186,406,428,0,0,1
11451,4.2443,0.8308,404,426,0,2,1
11452,4.069,0.4431,403,424,0,2,1
11453,4.1261,0.4443,403,423,0,1,1
11454,4.5727,0.6032,399,423,0,0,1
11455,3.8701,0.4556,399,419,0,4,1
11456,4.1146,0.5607,396,419,0,0,1
11457,4.1659,0.4492,396,416,0,3,1
11458,4.1308,0.4181,396,416,0,0,1
11459,4.2055,0.4256,395,416,0,0,1
11460,4.1703,0.4624,394,415,0,1,1
11461,4.2141,0.5606,391,414,0,1,1
11462,4.1649,0.6362,391,411,0,3,1
11463,4.2111,0.6758,390,411,0,0,1
11464,4.0481,0.4099,383,410,0,1,1
11465,4.2426,0.4836,383,403,0,7,1
11466,4.0713,0.6117,381,403,0,0,1
11467,4.2493,0.4775,381,401,0,2,1
11468,4.175,0.4336,381,401,0,0,1
11469,4.1189,0.4247,381,401,0,0,1
11470,4.2446,0.5699,430,451,50,0,1
11471,4.0607,0.439,430,450,0,1,1
11472,4.479,0.5469,430,450,0,0,1
11473,3.9136,0.5979,429,450,0,0,1
11474,4.1102,0.8577,427,449,0,1,1
11475,4.1975,0.6216,427,447,0,2,1
11476,4.1146,0.4534,427,447,0,0,1
11477,4.352,0.6795,427,447,0,0,1
11478,4.0436,0.4482,426,447,0,0,1
11479,4.1502,0.6174,426,446,0,1,1
11480,4.4234,0.4409,426,446,0,0,1
11481,3.8833,0.4332,425,446,0,0,1
11482,4.1476,0.4869,425,445,0,1,1
11483,4.1752,0.4727,424,445,0,0,1
11484,4.2338,0.537,423,444,0,1,1
11485,4.2253,0.5749,422,443,0,1,1
11486,4.1863,0.6616,422,442,0,1,1
11487,4.05,0.546,422,442,0,0,1
11488,4.1663,0.4444,422,442,0,0,1
11489,4.1794,0.4611,421,442,0,0,1
11490,4.1469,0.488,421,441,0,1,1
11491,4.2011,0.4897,421,441,0,0,1
11492,4.1313,0.4613,421,441,0,0,1
11493,4.164,0.6447,418,441,0,0,1
11494,4.1641,0.796,418,438,0,3,1
11495,4.1955,0.485,418,438,0,0,1
11496,4.173,0.7536,416,438,0,0,1
11497,4.215,0.5766,416,436,0,2,1
11498,4.3978,0.4521,416,436,0,0,1
11499,3.9608,0.5436,415,436,0,0,1
11500,4.0742,0.4524,414,435,0,1,1
11501,4.1229,0.4423,413,434,0,1,1
11502,4.2497,0.4607,413,433,0,1,1
11503,4.1251,0.547,412,433,0,0,1
11504,4.2405,0.4958,412,432,0,1,1
11505,4.0943,0.4433,411,432,0,0,1
11506,4.1529,0.4388,411,431,0,1,1
11507,4.2159,0.4414,410,431,0,0,1
11508,4.1967,0.5043,409,430,0,1,1
11509,4.1429,0.4857,409,429,0,1,1
11510,4.1742,0.6275,406,429,0,0,1
11511,4.4277,0.4933,405,426,0,3,1
11512,3.8603,0.6153,404,425,0,1,1
11513,4.5462,0.631,402,424,0,1,1
11514,3.8225,0.5093,402,422,0,2,1
11515,4.2384,0.5947,399,422,0,0,1
11516,4.0866,0.5341,398,419,0,3,1
11517,4.1849,0.6423,398,418,0,1,1
11518,4.2379,0.7248,398,418,0,0,1
11519,4.0635,0.4997,398,418,0,0,1
11520,4.2798,0.6674,397,418,0,0,1
11521,4.0235,0.4993,397,417,0,1,1
11522,4.1837,0.4334,396,417,0,0,1
11523,4.4665,0.6658,395,416,0,1,1
11524,3.8569,0.4869,393,415,0,1,1
11525,4.3676,0.611,392,413,0,2,1
11526,3.9898,0.4407,390,412,0,1,1
11527,4.2186,0.4961,389,410,0,2,1
11528,4.1347,0.5516,388,409,0,1,1
11529,4.1348,0.455,387,408,0,1,1
11530,4.2229,0.4871,386,407,0,1,1
11531,4.086,0.4283,385,406,0,1,1
11532,4.1603,0.6685,378,405,0,1,1
11533,4.2674,0.7147,378,398,0,7,1
11534,4.1602,0.7207,378,398,0,0,1
11535,4.1719,0.5689,377,398,0,0,1
11536,4.1085,0.5035,377,397,0,1,1
11537,4.4107,0.5556,426,447,50,0,1
11538,3.9354,0.4959,426,446,0,1,1
11539,4.2924,0.6918,424,446,0,0,1
11540,4.1085,0.5108,422,444,0,2,1
11541,4.1556,0.5439,422,442,0,2,1
11542,4.0686,0.6153,422,442,0,0,1
11543,4.2082,0.5268,422,442,0,0,1
11544,4.5168,0.4839,421,442,0,0,1
11545,3.8482,0.4917,420,441,0,1,1
11546,4.1734,0.5028,420,440,0,1,1
11547,4.3642,0.717,420,440,0,0,1
11548,3.9465,0.5074,420,440,0,0,1
11549,4.1108,0.4859,420,440,0,0,1
11550,4.169,0.4576,420,440,0,0,1
11551,4.275,0.6761,420,440,0,0,1
11552,4.1136,0.432,420,440,0,0,1
11553,4.5654,0.6356,420,440,0,0,1
11554,3.7289,0.4339,419,440,0,0,1
11555,4.185,0.4469,418,439,0,1,1
11556,4.2119,0.6025,417,438,0,1,1
11557,4.1677,0.4403,417,437,0,1,1
11558,4.2009,0.703,416,437,0,0,1
11559,4.1251,0.4777,415,436,0,1,1
11560,4.1229,0.4749,415,435,0,1,1
11561,4.1474,0.5193,415,435,0,0,1
11562,4.4248,0.5094,415,435,0,0,1
11563,3.9561,0.4595,415,435,0,0,1
11564,4.2459,0.4573,413,435,0,0,1
11565,4.061,0.4616,412,433,0,2,1
11566,4.153,0.6209,412,432,0,1,1
11567,4.2016,0.4357,412,432,0,0,1
11568,4.122,0.4887,410,432,0,0,1
11569,4.1954,0.4533,409,430,0,2,1
11570,4.2529,0.8394,409,429,0,1,1
11571,4.1331,0.4816,408,429,0,0,1
11572,4.1074,0.4365,408,428,0,1,1
11573,4.1545,0.4489,408,428,0,0,1
11574,4.215,0.6931,408,428,0,0,1
11575,4.1513,0.5333,408,428,0,0,1
11576,4.2558,0.7221,408,428,0,0,1
11577,4.1092,0.547,407,428,0,0,1
11578,4.099,0.5002,406,427,0,1,1
11579,4.2021,0.4656,406,426,0,1,1
11580,4.4249,0.4904,406,426,0,0,1
11581,3.95,0.9773,404,426,0,0,1
11582,4.2944,0.7972,404,424,0,2,1
11583,4.0361,0.7045,403,424,0,0,1
11584,4.1117,0.4452,402,423,0,1,1
11585,4.1708,0.4569,400,422,0,1,1
11586,4.1457,0.4584,398,420,0,2,1
11587,4.2472,0.5105,397,418,0,2,1
11588,4.1129,0.6826,395,417,0,1,1
11589,4.3281,0.6678,395,415,0,2,1
11590,4.0337,0.6694,393,415,0,0,1
11591,4.1249,0.4303,392,413,0,2,1
11592,4.6294,0.4661,390,412,0,1,1
11593,3.7655,0.6443,389,410,0,2,1
11594,4.1627,0.5756,389,409,0,1,1
11595,4.1946,0.6896,388,409,0,0,1
11596,4.0905,0.4301,388,408,0,1,1
11597,4.0984,0.4244,387,408,0,0,1
11598,4.2177,0.4435,387,407,0,1,1
11599,4.2243,0.4547,387,407,0,0,1
11600,4.093,0.5126,380,407,0,0,1
11601,4.2414,0.6277,376,400,0,7,1
11602,4.0937,0.422,376,396,0,4,1
11603,4.2018,0.425,376,396,0,0,1
11604,4.2347,0.4727,375,396,0,0,1
11605,4.1647,0.5959,425,445,50,1,1
11606,4.1632,0.5815,425,445,0,0,1
11607,4.1665,0.5088,423,445,0,0,1
11608,4.0906,0.4249,422,443,0,2,1
11609,4.5902,0.7473,421,442,0,1,1
11610,3.7667,0.5406,421,441,0,1,1
11611,4.1555,0.5371,421,441,0,0,1
11612,4.4248,0.4596,421,441,0,0,1
11613,3.9268,0.5873,421,441,0,0,1
11614,4.2484,0.641,421,441,0,0,1
11615,4.0761,0.4428,419,441,0,0,1
11616,4.1831,0.5201,418,439,0,2,1
11617,4.1723,0.6542,418,438,0,1,1
11618,4.1821,0.7073,418,438,0,0,1
11619,4.3233,0.6619,418,438,0,0,1
11620,3.9698,0.4711,418,438,0,0,1
11621,4.0761,0.4691,416,438,0,0,1
11622,4.2711,0.5404,416,436,0,2,1
11623,4.2128,0.6495,414,436,0,0,1
11624,4.1664,0.4739,414,434,0,2,1
11625,4.1044,0.5858,413,434,0,0,1
11626,4.1357,0.4456,412,433,0,1,1
11627,4.1969,0.5599,411,432,0,1,1
11628,4.2005,0.8645,410,431,0,1,1
11629,4.2117,0.5007,410,430,0,1,1
11630,4.1325,0.6072,410,430,0,0,1
11631,4.1299,0.4603,410,430,0,0,1
11632,4.1922,0.436,407,430,0,0,1
11633,4.258,0.919,406,427,0,3,1
11634,4.0582,0.4954,406,426,0,1,1
11635,4.2094,0.5486,406,426,0,0,1
11636,4.1853,0.5294,406,426,0,0,1
11637,4.0859,0.6134,406,426,0,0,1
11638,4.2159,0.7926,406,426,0,0,1
11639,4.135,0.4722,406,426,0,0,1
11640,4.1887,0.5044,406,426,0,0,1
11641,4.1722,0.6393,406,426,0,0,1
11642,4.1634,0.6346,406,426,0,0,1
11643,4.1349,0.4664,406,426,0,0,1
11644,4.1735,0.7267,406,426,0,0,1
11645,4.1531,0.4538,406,426,0,0,1
11646,4.1869,0.4208,405,426,0,0,1
11647,4.1765,0.4711,403,425,0,1,1
11648,4.145,0.4177,402,423,0,2,1
11649,4.1796,0.5616,402,422,0,1,1
11650,4.0782,0.4677,401,422,0,0,1
11651,4.2511,0.5222,400,421,0,1,1
11652,4.3112,0.6622,398,420,0,1,1
11653,4.0931,0.6309,398,418,0,2,1
11654,4.1352,0.7004,398,418,0,0,1
11655,4.0813,0.5031,398,418,0,0,1
11656,4.2031,0.5867,398,418,0,0,1
11657,4.1675,0.6257,398,418,0,0,1
11658,4.2372,0.5687,398,418,0,0,1
11659,4.1318,0.5014,396,418,0,0,1
11660,4.1444,0.5609,396,416,0,2,1
11661,4.2016,0.5587,396,416,0,0,1
11662,4.3241,0.7534,395,416,0,0,1
11663,3.9728,0.5225,395,415,0,1,1
11664,4.1636,0.6989,393,415,0,0,1
11665,4.2061,0.6355,393,413,0,2,1
11666,4.1711,0.6111,386,413,0,0,1
11667,4.186,0.5187,386,406,0,7,1
11668,4.1084,0.5088,383,406,0,0,1
11669,4.1259,0.536,383,403,0,3,1
11670,4.2828,0.7806,382,403,0,0,1
11671,4.2162,0.6641,382,402,0,1,1
11672,4.0695,0.8862,432,452,50,0,1
11673,4.2174,0.5342,431,452,0,0,1
11674,4.0615,0.4968,431,451,0,1,1
11675,4.1768,0.4423,430,451,0,0,1
11676,4.1646,0.6544,430,450,0,1,1
11677,4.292,0.7232,430,450,0,0,1
11678,4.0769,0.7305,429,450,0,0,1
11679,4.1984,0.5502,429,449,0,1,1
11680,4.1135,0.5136,428,449,0,0,1
11681,4.164,0.5137,427,448,0,1,1
11682,4.246,0.4684,427,447,0,1,1
11683,4.1337,0.7174,427,447,0,0,1
11684,4.1048,0.4405,425,447,0,0,1
11685,4.5217,0.4581,425,445,0,2,1
11686,3.8508,0.4811,425,445,0,0,1
11687,4.1461,0.4249,424,445,0,0,1
11688,4.4924,0.5507,424,444,0,1,1
11689,3.8673,0.504,422,444,0,0,1
11690,4.1998,0.7284,422,442,0,2,1
11691,4.1062,0.5223,421,442,0,0,1
11692,4.1388,0.4667,421,441,0,1,1
11693,4.1685,0.4751,420,441,0,0,1
11694,4.2863,0.4606,419,440,0,1,1
11695,4.102,0.5858,419,439,0,1,1
11696,4.2772,0.8612,418,439,0,0,1
11697,4.0895,0.5481,418,438,0,1,1
11698,4.0575,0.4642,417,438,0,0,1
11699,4.1933,0.4097,417,437,0,1,1
11700,4.5232,0.4411,416,437,0,0,1
11701,3.8775,0.5033,416,436,0,1,1
11702,4.1766,0.7395,416,436,0,0,1
11703,4.0795,0.5243,415,436,0,0,1
11704,4.2066,0.5276,414,435,0,1,1
11705,4.2381,0.5507,413,434,0,1,1
11706,4.1482,0.5825,412,433,0,1,1
11707,4.1614,0.8158,412,432,0,1,1
11708,4.1788,0.4448,411,432,0,0,1
11709,4.1379,0.712,411,431,0,1,1
11710,4.1523,0.4348,409,431,0,0,1
11711,4.1873,0.4495,408,429,0,2,1
11712,4.1497,0.599,406,428,0,1,1
11713,4.1889,0.6759,405,426,0,2,1
11714,4.1586,0.6519,405,425,0,1,1
11715,4.2609,0.6952,405,425,0,0,1
11716,4.0416,0.4303,405,425,0,0,1
11717,4.3418,0.4364,404,425,0,0,1
11718,4.0594,0.5253,403,424,0,1,1
11719,4.1222,0.4092,401,423,0,1,1
11720,4.3733,0.4492,400,421,0,2,1
11721,4.3382,0.5683,400,420,0,1,1
11722,3.734,0.4484,399,420,0,0,1
11723,4.2069,0.4431,399,419,0,1,1
11724,4.5368,0.429,399,419,0,0,1
11725,4.0883,0.4799,397,419,0,0,1
11726,4.1459,0.7457,397,417,0,2,1
11727,3.9886,0.7507,397,417,0,0,1
11728,4.0396,0.4574,397,417,0,0,1
11729,4.265,0.5522,397,417,0,0,1
11730,4.1062,0.5347,396,417,0,0,1
11731,4.2118,0.5466,396,416,0,1,1
11732,4.1385,0.5858,394,416,0,0,1
11733,4.133,0.6963,386,414,0,2,1
11734,4.2558,0.7709,386,406,0,8,1
11735,4.0858,0.477,386,406,0,0,1
11736,4.3634,0.6433,386,406,0,0,1
11737,4.0339,0.6966,385,406,0,0,1
11738,4.3698,0.7458,385,405,0,1,1
11739,3.9733,0.6712,434,455,50,0,1
11740,4.0821,0.4802,434,454,0,1,1
11741,4.1781,0.5215,434,454,0,0,1
11742,4.1879,0.4412,433,454,0,0,1
11743,4.1764,0.6545,432,453,0,1,1
11744,4.179,0.4828,430,452,0,1,1
11745,4.1294,0.4647,429,450,0,2,1
11746,4.1442,0.4942,429,449,0,1,1
11747,4.1913,0.496,427,449,0,0,1
11748,4.4177,0.6457,427,447,0,2,1
11749,4.0045,0.5219,427,447,0,0,1
11750,4.0568,0.6225,426,447,0,0,1
11751,4.2076,0.5596,425,446,0,1,1
11752,4.1209,0.4856,425,445,0,1,1
11753,4.2802,0.783,425,445,0,0,1
11754,4.1687,0.5754,425,445,0,0,1
11755,4.1243,0.51,424,445,0,0,1
11756,4.3936,0.502,423,444,0,1,1
11757,4.0144,0.7696,423,443,0,1,1
11758,4.2332,0.7918,421,443,0,0,1
11759,3.9517,0.4715,420,441,0,2,1
11760,4.2201,0.461,420,440,0,1,1
11761,4.1293,0.4666,419,440,0,0,1
11762,4.2141,0.5611,419,439,0,1,1
11763,4.4288,0.4456,418,439,0,0,1
11764,3.873,0.4374,414,438,0,1,1
11765,4.1487,0.4443,414,434,0,4,1
11766,4.1937,0.4281,414,434,0,0,1
11767,4.1969,0.5632,414,434,0,0,1
11768,4.2265,0.6751,412,434,0,0,1
11769,4.0777,0.632,411,432,0,2,1
11770,4.1048,0.6619,411,431,0,1,1
11771,4.2492,0.5134,411,431,0,0,1
11772,4.1939,0.5527,410,431,0,0,1
11773,4.1877,0.6454,408,430,0,1,1
11774,4.1242,0.6307,408,428,0,2,1
11775,4.1231,0.4642,407,428,0,0,1
11776,4.1481,0.4814,406,427,0,1,1
11777,4.5791,0.6879,406,426,0,1,1
11778,3.7801,0.8319,406,426,0,0,1
11779,4.228,0.512,404,426,0,0,1
11780,4.1413,0.4941,400,424,0,2,1
11781,4.1713,0.5414,400,420,0,4,1
11782,4.3225,0.7174,400,420,0,0,1
11783,3.959,0.4297,399,420,0,0,1
11784,4.3109,0.681,399,419,0,1,1
11785,4.0394,0.4731,397,419,0,0,1
11786,4.1784,1.0939,395,417,0,2,1
11787,4.1779,0.9187,395,415,0,2,1
11788,4.178,0.7461,395,415,0,0,1
11789,4.1026,0.7281,395,415,0,0,1
11790,4.2436,0.8099,393,415,0,0,1
11791,4.1688,0.5915,392,413,0,2,1
11792,4.1157,0.578,390,412,0,1,1
11793,4.2978,0.5675,390,410,0,2,1
11794,4.0113,0.4429,390,410,0,0,1
11795,4.2265,0.479,390,410,0,0,1
11796,4.2175,0.6007,390,410,0,0,1
11797,4.1076,0.5508,390,410,0,0,1
11798,4.1704,0.684,388,410,0,0,1
11799,4.1707,0.511,388,408,0,2,1
11800,4.1076,0.4355,381,408,0,0,1
11801,4.449,0.4394,381,401,0,7,1
11802,3.9917,0.455,381,401,0,0,1
11803,4.0886,0.4318,380,401,0,0,1
11804,4.3445,0.6451,379,400,0,1,1
11805,3.9862,0.4477,377,399,0,1,1
11806,4.1383,0.7447,427,447,50,2,1
11807,4.1736,0.4474,426,447,0,0,1
11808,4.2231,0.7641,425,446,0,1,1
11809,4.1807,0.7703,425,445,0,1,1
11810,4.1931,0.8031,423,445,0,0,1
11811,4.1185,0.6838,422,443,0,2,1
11812,4.1437,0.5324,422,442,0,1,1
11813,4.1518,0.605,420,442,0,0,1
11814,4.2602,0.6531,420,440,0,2,1
11815,4.1609,0.6941,418,440,0,0,1
11816,4.1405,0.4872,416,438,0,2,1
11817,4.1904,0.6963,416,436,0,2,1
11818,4.0789,0.4364,416,436,0,0,1
11819,4.1895,0.4375,416,436,0,0,1
11820,4.1581,0.6195,416,436,0,0,1
11821,4.2565,0.4399,415,436,0,0,1
11822,4.185,0.7555,414,435,0,1,1
11823,4.0816,0.7995,414,434,0,1,1
11824,4.1418,0.457,413,434,0,0,1
11825,4.1488,0.5319,413,433,0,1,1
11826,4.4871,0.4915,412,433,0,0,1
11827,4.3077,0.4838,411,432,0,1,1
11828,3.7233,0.4477,411,431,0,1,1
11829,4.184,0.7693,409,431,0,0,1
11830,4.1404,0.7062,409,429,0,2,1
11831,4.1878,0.4379,409,429,0,0,1
11832,4.4835,0.4504,409,429,0,0,1
11833,3.8582,0.4383,409,429,0,0,1
11834,4.2177,0.7667,409,429,0,0,1
11835,4.1546,0.5067,408,429,0,0,1
11836,4.0854,0.4248,408,428,0,1,1
11837,4.1271,0.4124,407,428,0,0,1
11838,4.3251,0.5817,406,427,0,1,1
11839,4.1265,0.499,405,426,0,1,1
11840,4.1696,0.4863,403,425,0,1,1
11841,4.1472,0.5672,402,423,0,2,1
11842,4.1551,0.4993,401,422,0,1,1
11843,4.1451,0.5105,401,421,0,1,1
11844,4.1953,0.5498,401,421,0,0,1
11845,4.1753,0.4884,401,421,0,0,1
11846,4.1454,0.6249,401,421,0,0,1
11847,4.3956,0.6494,401,421,0,0,1
11848,3.9356,0.4244,400,421,0,0,1
11849,4.243,0.5083,398,420,0,1,1
11850,4.1364,0.5861,396,418,0,2,1
11851,4.2087,0.6341,394,416,0,2,1
11852,4.0702,0.4329,394,414,0,2,1
11853,4.2269,0.6165,392,414,0,0,1
11854,4.1254,0.6435,390,412,0,2,1
11855,4.1302,0.45,389,410,0,2,1
11856,4.5373,0.4302,389,409,0,1,1
11857,3.8262,0.429,388,409,0,0,1
11858,4.1887,0.4318,387,408,0,1,1
11859,4.2996,0.6575,386,407,0,1,1
11860,3.9823,0.4158,386,406,0,1,1
11861,4.1792,0.4329,386,406,0,0,1
11862,4.248,0.6612,386,406,0,0,1
11863,4.2106,0.4897,385,406,0,0,1
11864,4.08,0.5571,385,405,0,1,1
11865,4.1737,0.6091,385,405,0,0,1
11866,4.089,0.428,385,405,0,0,1
11867,4.2086,0.458,384,405,0,0,1
11868,4.6026,0.4286,377,404,0,1,1
11869,3.7953,0.475,375,397,0,7,1
11870,4.0948,0.6007,373,395,0,2,1
11871,4.2321,0.5982,372,393,0,2,1
11872,4.1364,0.4228,372,392,0,1,1
11873,4.2303,0.5872,420,442,50,0,1
11874,4.1047,0.4837,420,440,0,2,1
11875,4.4246,0.5127,419,440,0,0,1
11876,3.9298,0.5604,419,439,0,1,1
11877,4.1288,0.8002,419,439,0,0,1
11878,4.2574,0.7409,419,439,0,0,1
11879,4.0465,0.4171,419,439,0,0,1
11880,4.2205,0.5836,419,439,0,0,1
11881,4.1205,0.4879,419,439,0,0,1
11882,4.1699,0.7157,419,439,0,0,1
11883,4.253,0.5373,418,439,0,0,1
11884,4.0674,0.4589,417,438,0,1,1
11885,4.1343,0.5273,417,437,0,1,1
11886,4.2965,0.5246,416,437,0,0,1
11887,4.4058,0.4429,415,436,0,1,1
11888,3.9553,0.5104,413,435,0,1,1
11889,4.0662,0.5412,412,433,0,2,1
11890,4.0928,0.6489,411,432,0,1,1
11891,4.2262,0.423,409,431,0,1,1
11892,4.147,0.6079,409,429,0,2,1
11893,4.2453,0.5526,409,429,0,0,1
11894,4.1645,0.5791,409,429,0,0,1
11895,4.1235,0.4726,409,429,0,0,1
11896,4.184,0.6845,409,429,0,0,1
11897,4.5142,0.636,409,429,0,0,1
11898,3.8201,0.5415,408,429,0,0,1
11899,4.7261,0.5337,407,428,0,1,1
11900,3.5721,0.6108,407,427,0,1,1
11901,4.2587,0.5184,407,427,0,0,1
11902,4.3324,0.4384,406,427,0,0,1
11903,3.9219,0.4992,406,426,0,1,1
11904,4.5937,0.4363,405,426,0,0,1
11905,3.8576,0.5167,405,425,0,1,1
11906,4.0879,0.6118,404,425,0,0,1
11907,4.5399,0.7811,404,424,0,1,1
11908,3.8386,0.481,404,424,0,0,1
11909,4.1345,0.4382,404,424,0,0,1
11910,4.2047,0.7125,404,424,0,0,1
11911,4.1683,0.4943,404,424,0,0,1
11912,4.0786,0.4846,403,424,0,0,1
11913,4.484,0.4406,402,423,0,1,1
11914,3.7821,0.445,400,422,0,1,1
11915,4.2519,0.4219,400,420,0,2,1
11916,4.1696,0.4053,400,420,0,0,1
11917,4.2702,0.7184,397,420,0,0,1
11918,4.0924,0.6998,397,417,0,3,1
11919,4.2172,0.4808,395,417,0,0,1
11920,4.0737,0.4365,393,415,0,2,1
11921,4.235,0.4622,390,413,0,2,1
11922,4.1384,0.4512,389,410,0,3,1
11923,4.2946,0.4725,388,409,0,1,1
11924,4.273,0.5018,388,408,0,1,1
11925,4.1932,0.667,385,408,0,0,1
11926,3.8701,0.5891,384,405,0,3,1
11927,4.2003,0.4763,384,404,0,1,1
11928,4.153,0.4207,384,404,0,0,1
11929,4.1927,0.4173,381,404,0,0,1
11930,4.1568,0.6713,381,401,0,3,1
11931,4.2142,0.4683,381,401,0,0,1
11932,4.0878,0.4053,380,401,0,0,1
11933,4.4529,0.4198,380,400,0,1,1
11934,3.9883,0.4326,379,400,0,0,1
11935,4.1767,0.6499,371,399,0,1,1
11936,4.0508,0.5732,371,391,0,8,1
11937,4.2169,0.5088,371,391,0,0,1
11938,4.1282,0.566,371,391,0,0,1
11939,4.1596,0.4416,369,391,0,0,1
11940,4.2066,0.9068,419,439,50,2,1
11941,4.1353,0.7237,419,439,0,0,1
11942,4.169,0.5029,417,439,0,0,1
11943,4.208,0.4924,417,437,0,2,1
11944,4.1068,0.5505,415,437,0,0,1
11945,4.4845,0.4975,415,435,0,2,1
11946,3.8897,0.5158,415,435,0,0,1
11947,4.5426,0.5712,414,435,0,0,1
11948,3.7151,0.529,414,434,0,1,1
11949,4.2934,0.5309,414,434,0,0,1
11950,4.1228,0.6417,413,434,0,0,1
11951,4.1059,0.4352,413,433,0,1,1
11952,4.5321,0.4814,413,433,0,0,1
11953,3.8026,0.481,413,433,0,0,1
11954,4.2154,0.4238,412,433,0,0,1
11955,4.2009,0.4927,412,432,0,1,1
11956,4.1011,0.4735,412,432,0,0,1
11957,4.2663,0.4787,412,432,0,0,1
11958,4.1001,0.4376,412,432,0,0,1
11959,4.1463,0.4533,412,432,0,0,1
11960,4.5252,0.5881,411,432,0,0,1
11961,4.0711,0.5738,411,431,0,1,1
11962,3.8736,0.6532,411,431,0,0,1
11963,4.1832,0.5316,411,431,0,0,1
11964,4.4854,0.5596,411,431,0,0,1
11965,4.1311,0.4631,410,431,0,0,1
11966,4.0439,0.6661,409,430,0,1,1
11967,4.0355,0.5101,409,429,0,1,1
11968,4.1183,0.4471,408,429,0,0,1
11969,4.5444,0.5334,408,428,0,1,1
11970,3.7935,0.4492,408,428,0,0,1
11971,4.5066,0.4466,408,428,0,0,1
11972,3.9175,0.4422,408,428,0,0,1
11973,4.3009,0.6255,407,428,0,0,1
11974,3.9722,0.654,407,427,0,1,1
11975,4.1399,0.4179,406,427,0,0,1
11976,4.1741,0.4386,405,426,0,1,1
11977,4.239,0.4766,405,425,0,1,1
11978,4.1523,0.4937,405,425,0,0,1
11979,4.2584,0.7787,404,425,0,0,1
11980,4.0284,0.513,404,424,0,1,1
11981,4.2431,0.5421,402,424,0,0,1
11982,4.1072,0.5097,401,422,0,2,1
11983,4.2226,0.5215,401,421,0,1,1
11984,4.154,0.5255,399,421,0,0,1
11985,4.2164,0.7175,397,419,0,2,1
11986,4.0289,0.5291,397,417,0,2,1
11987,4.2048,0.5188,396,417,0,0,1
11988,4.1967,0.4946,394,416,0,1,1
11989,4.143,0.4866,394,414,0,2,1
11990,4.1899,0.6199,390,414,0,0,1
11991,4.119,0.614,389,410,0,4,1
11992,4.1524,0.439,388,409,0,1,1
11993,4.1566,0.4847,387,408,0,1,1
11994,4.2421,0.4875,386,407,0,1,1
11995,4.3905,0.4537,385,406,0,1,1
11996,4.1365,0.4981,384,405,0,1,1
11997,3.9385,0.4465,383,404,0,1,1
11998,4.2057,0.7447,383,403,0,1,1
11999,4.1333,0.5061,383,403,0,0,1
12000,4.1448,0.5934,383,403,0,0,1
12001,4.1412,0.5427,383,403,0,0,1
12002,4.2081,0.6563,376,403,0,0,1
12003,4.149,0.7233,373,396,0,7,1
12004,4.2001,0.5372,371,393,0,3,1
12005,4.1687,0.5569,371,391,0,2,1
12006,4.3808,0.5483,371,391,0,0,1
12007,3.9409,0.4919,371,391,0,0,1
12008,4.1736,0.6966,421,441,50,0,1
12009,4.2123,0.4812,421,441,0,0,1
12010,4.1551,0.4775,420,441,0,0,1
12011,4.1397,0.4664,419,440,0,1,1
12012,4.1844,0.5271,417,439,0,1,1
12013,4.1357,0.4461,416,437,0,2,1
12014,4.1379,0.4537,414,436,0,1,1
12015,4.1635,0.5266,413,434,0,2,1
12016,4.2538,0.6991,412,433,0,1,1
12017,4.2987,0.6365,412,432,0,1,1
12018,4.0017,0.468,412,432,0,0,1
12019,4.1549,0.4977,411,432,0,0,1
12020,4.1755,0.7351,411,431,0,1,1
12021,4.1484,0.6633,411,431,0,0,1
12022,4.0886,0.81,410,431,0,0,1
12023,4.2658,0.4503,408,430,0,1,1
12024,4.8535,0.4515,408,428,0,2,1
12025,3.4694,0.4535,408,428,0,0,1
12026,4.1538,0.4687,408,428,0,0,1
12027,4.1736,0.4291,408,428,0,0,1
12028,4.1785,0.4464,407,428,0,0,1
12029,4.2599,0.7101,407,427,0,1,1
12030,4.0826,0.4303,405,427,0,0,1
12031,4.5016,0.8425,405,425,0,2,1
12032,3.7878,0.487,405,425,0,0,1
12033,4.1856,0.4322,405,425,0,0,1
12034,4.1761,0.4238,404,425,0,0,1
12035,4.1767,0.4188,404,424,0,1,1
12036,4.1418,0.7563,403,424,0,0,1
12037,4.2305,0.7213,402,423,0,1,1
12038,4.1758,0.6488,402,422,0,1,1
12039,4.1187,0.5323,402,422,0,0,1
12040,4.1677,0.6915,400,422,0,0,1
12041,4.1335,0.6776,400,420,0,2,1
12042,4.2047,0.5195,400,420,0,0,1
12043,4.1566,0.4858,399,420,0,0,1
12044,4.1943,0.544,398,419,0,1,1
12045,4.1078,0.5083,398,418,0,1,1
12046,4.2338,0.5454,398,418,0,0,1
12047,4.1242,0.4925,398,418,0,0,1
12048,4.1484,0.6363,397,418,0,0,1
12049,4.2425,0.5133,396,417,0,1,1
12050,4.1058,0.4436,396,416,0,1,1
12051,4.1568,0.4322,392,416,0,0,1
12052,4.1326,0.454,392,412,0,4,1
12053,4.2432,0.5733,392,412,0,0,1
12054,4.1699,0.4394,391,412,0,0,1
12055,4.1664,0.491,391,411,0,1,1
12056,4.1562,0.5226,389,411,0,0,1
12057,4.2215,0.5005,387,409,0,2,1
12058,4.0475,0.4687,387,407,0,2,1
12059,4.2136,0.4394,387,407,0,0,1
12060,4.1574,0.6108,387,407,0,0,1
12061,4.3797,0.6701,387,407,0,0,1
12062,4.0199,0.6493,387,407,0,0,1
12063,4.5042,0.5109,386,407,0,0,1
12064,3.7639,0.448,386,406,0,1,1
12065,4.1769,0.5238,385,406,0,0,1
12066,4.1756,0.4367,384,405,0,1,1
12067,4.24,0.7016,383,404,0,1,1
12068,4.1063,0.4534,382,403,0,1,1
12069,4.4802,0.4409,375,402,0,1,1
12070,3.8376,0.7482,374,395,0,7,1
12071,4.1418,0.4726,374,394,0,1,1
12072,4.1782,0.5326,374,394,0,0,1
12073,4.2378,0.5116,372,394,0,0,1
12074,4.1168,0.7003,372,392,0,2,1
12075,4.1182,0.7248,420,442,50,0,1
12076,4.202,0.4849,420,440,0,2,1
12077,4.4934,0.7356,420,440,0,0,1
12078,3.863,0.4334,420,440,0,0,1
12079,4.2043,0.8342,420,440,0,0,1
12080,4.1753,0.4986,420,440,0,0,1
12081,4.1626,0.5323,419,440,0,0,1
12082,4.089,0.4237,419,439,0,1,1
12083,4.1888,0.4542,419,439,0,0,1
12084,4.2087,0.5959,418,439,0,0,1
12085,4.1775,0.4826,416,438,0,1,1
12086,4.0912,0.7316,416,436,0,2,1
12087,4.2069,0.5242,416,436,0,0,1
12088,4.1389,0.6816,415,436,0,0,1
12089,4.5439,0.6767,414,435,0,1,1
12090,3.8124,0.4707,414,434,0,1,1
12091,4.1927,0.4508,414,434,0,0,1
12092,4.2253,0.4527,413,434,0,0,1
12093,4.2013,0.628,413,433,0,1,1
12094,4.0263,0.4263,412,433,0,0,1
12095,4.1816,0.4395,411,432,0,1,1
12096,4.2558,0.4617,410,431,0,1,1
12097,4.0722,0.7074,410,430,0,1,1
12098,4.2682,0.7318,410,430,0,0,1
12099,4.1013,0.4988,410,430,0,0,1
12100,4.0931,0.4758,409,430,0,0,1
12101,4.1606,0.576,409,429,0,1,1
12102,4.2198,0.6359,409,429,0,0,1
12103,4.2272,0.7055,409,429,0,0,1
12104,4.0494,0.604,409,429,0,0,1
12105,4.1958,0.6237,409,429,0,0,1
12106,4.1683,0.4346,409,429,0,0,1
12107,4.1759,0.4479,409,429,0,0,1
12108,4.191,0.4892,408,429,0,0,1
12109,4.2174,0.4658,407,428,0,1,1
12110,4.3022,0.6558,406,427,0,1,1
12111,4.0756,0.6072,404,426,0,1,1
12112,4.024,0.4593,404,424,0,2,1
12113,4.553,0.4979,404,424,0,0,1
12114,3.8409,0.5814,403,424,0,0,1
12115,4.2461,0.5062,403,423,0,1,1
12116,4.0861,0.4624,402,423,0,0,1
12117,4.1933,0.7845,402,422,0,1,1
12118,4.1584,0.7294,402,422,0,0,1
12119,4.1148,0.5043,402,422,0,0,1
12120,4.1728,0.5686,400,422,0,0,1
12121,4.1579,0.5437,400,420,0,2,1
12122,4.1603,0.4687,399,420,0,0,1
12123,4.276,0.6453,398,419,0,1,1
12124,4.0826,0.6364,396,418,0,1,1
12125,4.4259,0.5146,394,416,0,2,1
12126,3.9757,0.5368,393,414,0,2,1
12127,4.1338,0.474,392,413,0,1,1
12128,4.4234,0.4481,391,412,0,1,1
12129,3.8779,0.4508,391,411,0,1,1
12130,4.1872,0.7302,390,411,0,0,1
12131,4.1352,0.4364,390,410,0,1,1
12132,4.2388,0.512,388,410,0,0,1
12133,4.1603,0.4782,387,408,0,2,1
12134,4.1377,0.5928,387,407,0,1,1
12135,4.1383,0.7174,387,407,0,0,1
12136,4.2022,0.6124,380,407,0,0,1
12137,4.1748,0.5565,380,400,0,7,1
12138,4.1295,0.4879,380,400,0,0,1
12139,4.1566,0.4211,379,400,0,0,1
12140,4.4282,0.4342,379,399,0,1,1
12141,3.909,0.4898,378,399,0,0,1
12142,4.2003,0.8804,428,448,50,1,1
12143,4.1507,0.4454,427,448,0,0,1
12144,4.1529,0.5179,427,447,0,1,1
12145,4.2248,0.7119,425,447,0,0,1
12146,4.1168,0.6486,425,445,0,2,1
12147,4.3692,0.4922,424,445,0,0,1
12148,4.0038,0.8113,424,444,0,1,1
12149,4.2866,0.6576,424,444,0,0,1
12150,4.0044,0.4744,421,444,0,0,1
12151,4.2265,0.5143,421,441,0,3,1
12152,4.139,0.5089,421,441,0,0,1
12153,4.1861,0.5091,421,441,0,0,1
12154,4.0239,0.6105,421,441,0,0,1
12155,4.2479,0.4676,419,441,0,0,1
12156,4.2217,0.4883,419,439,0,2,1
12157,4.1771,0.5058,417,439,0,0,1
12158,4.1493,0.6245,417,437,0,2,1
12159,4.1381,0.5437,417,437,0,0,1
12160,4.1237,0.6961,417,437,0,0,1
12161,4.1598,0.9864,417,437,0,0,1
12162,4.2388,0.4693,416,437,0,0,1
12163,4.1293,0.4929,416,436,0,1,1
12164,4.1422,0.6365,416,436,0,0,1
12165,4.5149,0.6464,414,436,0,0,1
12166,3.8801,0.6633,414,434,0,2,1
12167,4.1377,0.44,414,434,0,0,1
12168,4.1221,0.4712,413,434,0,0,1
12169,4.2486,0.5161,412,433,0,1,1
12170,4.1155,0.4386,412,432,0,1,1
12171,4.2325,0.4695,412,432,0,0,1
12172,4.0845,0.5224,412,432,0,0,1
12173,4.2487,0.6184,412,432,0,0,1
12174,4.1376,0.5679,411,432,0,0,1
12175,4.1965,0.5347,411,431,0,1,1
12176,4.0775,0.5189,411,431,0,0,1
12177,4.2343,0.5724,411,431,0,0,1
12178,4.1448,0.6987,410,431,0,0,1
12179,4.1251,0.5119,409,430,0,1,1
12180,4.2729,0.6833,408,429,0,1,1
12181,4.1267,0.4583,408,428,0,1,1
12182,4.1723,0.6197,408,428,0,0,1
12183,4.1873,0.6123,407,428,0,0,1
12184,4.0984,0.439,407,427,0,1,1
12185,4.2493,0.5791,407,427,0,0,1
12186,4.2746,0.4362,406,427,0,0,1
12187,4.0034,0.4385,405,426,0,1,1
12188,4.1346,0.4351,404,425,0,1,1
12189,4.2643,0.498,404,424,0,1,1
12190,4.0633,0.564,403,424,0,0,1
12191,4.1586,0.4166,402,423,0,1,1
12192,4.2468,0.496,401,422,0,1,1
12193,4.1515,0.4241,401,421,0,1,1
12194,4.1378,0.4185,401,421,0,0,1
12195,4.2225,0.4763,400,421,0,0,1
12196,4.1062,0.5234,400,420,0,1,1
12197,4.2186,0.5451,400,420,0,0,1
12198,4.0926,0.4847,398,420,0,0,1
12199,4.288,0.6947,395,418,0,2,1
12200,4.0829,0.4976,395,415,0,3,1
12201,4.4558,0.6878,395,415,0,0,1
12202,3.8442,0.4995,393,415,0,0,1
12203,4.1791,0.494,393,413,0,2,1
12204,4.2086,0.4617,386,413,0,0,1
12205,4.151,0.6895,386,406,0,7,1
12206,4.2144,0.6971,386,406,0,0,1
12207,4.1606,0.5433,385,406,0,0,1
12208,4.1008,0.4576,385,405,0,1,1
12209,4.1898,0.828,434,455,50,0,1
12210,4.2131,1.0504,434,454,0,1,1
12211,4.1104,0.929,434,454,0,0,1
12212,4.3427,0.5034,434,454,0,0,1
12213,4.3838,0.5346,434,454,0,0,1
12214,3.7688,0.7119,434,454,0,0,1
12215,4.1704,0.4357,432,454,0,0,1
12216,4.1453,0.5163,431,452,0,2,1
12217,4.1958,0.5135,431,451,0,1,1
12218,4.1392,0.5106,428,451,0,0,1
12219,4.2564,0.5351,428,448,0,3,1
12220,4.06,0.447,427,448,0,0,1
12221,4.2107,0.4964,427,447,0,1,1
12222,4.4473,0.4863,427,447,0,0,1
12223,3.8487,0.7441,427,447,0,0,1
12224,4.3224,0.7255,427,447,0,0,1
12225,4.0862,0.5917,426,447,0,0,1
12226,4.1015,0.5169,426,446,0,1,1
12227,4.1847,0.521,426,446,0,0,1
12228,4.2197,0.503,426,446,0,0,1
12229,4.1688,0.4785,426,446,0,0,1
12230,4.164,0.6571,425,446,0,0,1
12231,4.1612,0.4988,424,445,0,1,1
12232,4.1231,0.4501,423,444,0,1,1
12233,4.217,0.5092,421,443,0,1,1
12234,4.484,0.7528,421,441,0,2,1
12235,3.7942,0.5105,420,441,0,0,1
12236,4.2825,0.5036,420,440,0,1,1
12237,4.1139,0.7236,419,440,0,0,1
12238,4.1611,0.6868,419,439,0,1,1
12239,4.1123,0.4758,419,439,0,0,1
12240,4.1226,0.4688,417,439,0,0,1
12241,4.2904,0.4779,416,437,0,2,1
12242,4.078,0.4253,414,436,0,1,1
12243,4.2706,0.7211,414,434,0,2,1
12244,4.0702,0.4387,413,434,0,0,1
12245,4.1705,0.4821,413,433,0,1,1
12246,4.1821,0.6676,412,433,0,0,1
12247,4.1928,0.5916,412,432,0,1,1
12248,4.1609,0.4939,411,432,0,0,1
12249,4.1328,0.4668,411,431,0,1,1
12250,4.1969,0.472,410,431,0,0,1
12251,4.134,0.4771,408,430,0,1,1
12252,4.5246,0.6778,407,428,0,2,1
12253,3.8703,0.4814,407,427,0,1,1
12254,4.1038,0.4548,406,427,0,0,1
12255,4.1851,0.5927,405,426,0,1,1
12256,4.1516,0.4451,404,425,0,1,1
12257,4.2311,0.5203,404,424,0,1,1
12258,4.112,0.795,403,424,0,0,1
12259,4.1283,0.4409,402,423,0,1,1
12260,4.2688,0.482,401,422,0,1,1
12261,4.2664,0.7078,401,421,0,1,1
12262,4.1214,0.7263,401,421,0,0,1
12263,4.0291,0.4842,400,421,0,0,1
12264,4.1788,0.5302,400,420,0,1,1
12265,4.2096,0.6771,398,420,0,0,1
12266,4.1121,0.5178,398,418,0,2,1
12267,4.2979,0.697,397,418,0,0,1
12268,4.0484,0.6973,394,417,0,1,1
12269,4.1703,0.5378,394,414,0,3,1
12270,4.1783,0.4402,394,414,0,0,1
12271,4.1518,0.4413,387,414,0,0,1
12272,4.1843,0.4777,387,407,0,7,1
12273,4.1259,0.4229,386,407,0,0,1
12274,4.1281,0.4495,385,406,0,1,1
12275,4.2284,0.4402,384,405,0,1,1
12276,4.3536,0.745,433,454,50,1,1
12277,4.0111,0.5258,432,453,0,1,1
12278,4.1231,0.4939,430,452,0,1,1
12279,4.2615,0.6636,430,450,0,2,1
12280,4.0677,0.7612,430,450,0,0,1
12281,4.1967,0.7682,430,450,0,0,1
12282,4.2811,0.7998,429,450,0,0,1
12283,4.0345,0.465,428,449,0,1,1
12284,4.4762,0.7015,426,448,0,1,1
12285,3.86,0.5068,424,446,0,2,1
12286,4.1967,0.6783,422,444,0,2,1
12287,4.1564,0.4557,421,442,0,2,1
12288,4.1496,0.4935,419,441,0,1,1
12289,4.1848,0.4336,419,439,0,2,1
12290,4.2091,0.6255,419,439,0,0,1
12291,4.1531,0.5308,418,439,0,0,1
12292,4.1214,0.7824,418,438,0,1,1
12293,4.2875,0.5027,418,438,0,0,1
12294,4.1343,0.6041,418,438,0,0,1
12295,4.11,0.5421,417,438,0,0,1
12296,4.1841,0.5274,416,437,0,1,1
12297,4.206,0.4912,415,436,0,1,1
12298,4.0533,0.6136,415,435,0,1,1
12299,4.1774,0.4301,415,435,0,0,1
12300,4.3247,0.6507,415,435,0,0,1
12301,4.0736,0.4352,415,435,0,0,1
12302,4.169,0.6783,414,435,0,0,1
12303,4.1779,0.4909,414,434,0,1,1
12304,4.1068,0.5436,413,434,0,0,1
12305,4.2054,0.4782,413,433,0,1,1
12306,4.2794,0.5189,413,433,0,0,1
12307,4.0333,0.4883,412,433,0,0,1
12308,4.1889,0.5213,412,432,0,1,1
12309,4.4661,0.5028,412,432,0,0,1
12310,3.8403,0.692,411,432,0,0,1
12311,4.1319,0.4397,410,431,0,1,1
12312,4.1913,0.4655,409,430,0,1,1
12313,4.1618,0.4594,409,429,0,1,1
12314,4.2033,0.61,408,429,0,0,1
12315,4.1343,0.4833,408,428,0,1,1
12316,4.1804,0.4498,407,428,0,0,1
12317,4.4036,0.4396,406,427,0,1,1
12318,3.9438,0.5616,406,426,0,1,1
12319,4.1291,0.4716,406,426,0,0,1
12320,4.2494,0.5026,405,426,0,0,1
12321,4.1754,0.4918,405,425,0,1,1
12322,4.0701,0.475,402,425,0,0,1
12323,4.1984,0.4901,402,422,0,3,1
12324,4.2274,0.4771,400,422,0,0,1
12325,4.2229,0.7558,400,420,0,2,1
12326,4.1114,0.7678,397,420,0,0,1
12327,4.1062,0.4885,395,417,0,3,1
12328,4.1628,0.4971,395,415,0,2,1
12329,4.4621,0.5002,395,415,0,0,1
12330,3.8623,0.5786,394,415,0,0,1
12331,4.1514,0.5009,392,414,0,1,1
12332,4.2997,0.7085,392,412,0,2,1
12333,4.1561,0.7291,391,412,0,0,1
12334,4.0429,0.747,391,411,0,1,1
12335,4.1888,0.5253,391,411,0,0,1
12336,4.1542,0.488,391,411,0,0,1
12337,4.1657,0.4413,390,411,0,0,1
12338,4.2075,0.6413,389,410,0,1,1
12339,4.2074,0.5732,382,409,0,1,1
12340,4.0661,0.4898,380,402,0,7,1
12341,4.455,0.7012,380,400,0,2,1
12342,3.9185,0.5207,380,400,0,0,1
12343,4.2424,0.7861,380,400,0,0,1
12344,4.2189,0.7032,428,450,50,0,1
12345,4.0376,0.7159,428,448,0,2,1
12346,4.1279,0.5018,428,448,0,0,1
12347,4.2006,0.4355,427,448,0,0,1
12348,4.4413,0.4994,426,447,0,1,1
12349,4.0981,0.4836,426,446,0,1,1
12350,4.0048,0.7193,426,446,0,0,1
12351,4.1445,0.5411,426,446,0,0,1
12352,4.1412,0.5193,426,446,0,0,1
12353,4.242,0.5956,426,446,0,0,1
12354,4.114,0.4622,424,446,0,0,1
12355,4.1408,0.4526,424,444,0,2,1
12356,4.2907,0.7172,423,444,0,0,1
12357,4.1115,0.5103,423,443,0,1,1
12358,4.1091,0.6091,422,443,0,0,1
12359,4.1397,0.4154,422,442,0,1,1
12360,4.0959,0.4825,422,442,0,0,1
12361,4.3135,0.5172,421,442,0,0,1
12362,4.1016,0.739,420,441,0,1,1
12363,4.3227,0.7758,419,440,0,1,1
12364,4.0435,0.5347,418,439,0,1,1
12365,4.1469,0.5223,417,438,0,1,1
12366,4.2365,0.6553,417,437,0,1,1
12367,4.1614,0.5128,415,437,0,0,1
12368,4.1555,0.6464,414,435,0,2,1
12369,4.3077,0.6495,414,434,0,1,1
12370,3.9758,0.6066,414,434,0,0,1
12371,4.1872,0.4399,413,434,0,0,1
12372,4.1956,0.4909,413,433,0,1,1
12373,4.1767,0.467,413,433,0,0,1
12374,4.1006,0.6381,413,433,0,0,1
12375,4.2746,0.7284,412,433,0,0,1
12376,4.3492,0.6719,412,432,0,1,1
12377,3.8836,0.5324,412,432,0,0,1
12378,4.1741,0.5107,411,432,0,0,1
12379,4.1473,0.5076,411,431,0,1,1
12380,4.3953,0.5262,411,431,0,0,1
12381,3.9825,0.72,411,431,0,0,1
12382,4.1603,0.6902,411,431,0,0,1
12383,4.1485,0.4443,410,431,0,0,1
12384,4.1473,0.463,409,430,0,1,1
12385,4.1586,0.5591,408,429,0,1,1
12386,4.1802,0.4336,407,428,0,1,1
12387,4.2683,0.6694,406,427,0,1,1
12388,4.0814,0.4487,404,426,0,1,1
12389,4.2011,0.4784,402,424,0,2,1
12390,4.1832,0.4236,399,422,0,2,1
12391,4.1654,0.4608,399,419,0,3,1
12392,4.1771,0.504,398,419,0,0,1
12393,4.0984,0.6027,398,418,0,1,1
12394,4.1669,0.4091,398,418,0,0,1
12395,4.1497,0.4129,398,418,0,0,1
12396,4.1786,0.48,397,418,0,0,1
12397,4.382,0.4286,396,417,0,1,1
12398,3.942,0.5126,395,416,0,1,1
12399,4.1646,0.596,393,415,0,1,1
12400,4.1586,0.4602,392,413,0,2,1
12401,4.1637,0.4538,392,412,0,1,1
12402,4.2054,0.4636,391,412,0,0,1
12403,4.1518,0.4588,388,411,0,1,1
12404,4.2053,0.4562,387,408,0,3,1
12405,4.2133,0.4415,379,407,0,1,1
12406,4.0337,0.608,378,399,0,8,1
12407,4.2049,0.3895,377,398,0,1,1
12408,4.1457,0.4605,377,397,0,1,1
12409,4.2024,0.4128,376,397,0,0,1
12410,4.16,0.5495,375,396,0,1,1
12411,4.1762,0.7678,424,445,50,1,1
12412,4.2241,0.7103,424,444,0,1,1
12413,4.1113,0.5441,423,444,0,0,1
12414,4.2052,0.6579,423,443,0,1,1
12415,4.1887,0.6227,423,443,0,0,1
12416,4.0683,0.5358,423,443,0,0,1
12417,4.347,0.6307,422,443,0,0,1
12418,3.9827,0.6325,421,442,0,1,1
12419,4.1899,0.4655,421,441,0,1,1
12420,4.2569,0.5285,421,441,0,0,1
12421,4.1595,0.5128,421,441,0,0,1
12422,4.1524,0.5897,421,441,0,0,1
12423,4.1569,0.4692,419,441,0,0,1
12424,4.1405,0.6846,419,439,0,2,1
12425,4.1619,0.6316,419,439,0,0,1
12426,4.2586,0.5733,419,439,0,0,1
12427,4.0832,0.4953,418,439,0,0,1
12428,4.1713,0.5228,418,438,0,1,1
12429,4.1685,0.5492,416,438,0,0,1
12430,4.1203,0.6349,415,436,0,2,1
12431,4.1646,0.6973,415,435,0,1,1
12432,4.1841,0.4836,415,435,0,0,1
12433,4.2326,0.5029,414,435,0,0,1
12434,4.1192,0.4313,414,434,0,1,1
12435,4.1503,0.4587,413,434,0,0,1
12436,4.1734,0.5659,412,433,0,1,1
12437,4.1352,0.6198,412,432,0,1,1
12438,4.2661,0.5123,412,432,0,0,1
12439,4.4366,0.6027,412,432,0,0,1
12440,3.8243,0.4858,412,432,0,0,1
12441,4.2543,0.5304,412,432,0,0,1
12442,4.0872,0.5518,412,432,0,0,1
12443,4.1744,0.5318,412,432,0,0,1
12444,4.1939,0.6912,412,432,0,0,1
12445,4.2074,0.4483,411,432,0,0,1
12446,4.1842,0.6798,411,431,0,1,1
12447,4.0535,0.6141,410,431,0,0,1
12448,4.1573,0.4712,409,430,0,1,1
12449,4.4377,0.4386,408,429,0,1,1
12450,3.8954,0.6045,408,428,0,1,1
12451,4.1571,0.4298,406,428,0,0,1
12452,4.1882,0.4555,404,426,0,2,1
12453,4.1985,0.43,404,424,0,2,1
12454,4.1697,0.5564,403,424,0,0,1
12455,4.1363,0.4305,401,423,0,1,1
12456,4.1205,0.6718,400,421,0,2,1
12457,4.2029,0.7286,398,420,0,1,1
12458,4.2021,0.4836,398,418,0,2,1
12459,4.2428,0.5469,398,418,0,0,1
12460,4.0717,0.4866,398,418,0,0,1
12461,4.2876,0.5203,397,418,0,0,1
12462,4.0822,0.5428,396,417,0,1,1
12463,4.2326,0.7076,395,416,0,1,1
12464,4.1162,0.5464,394,415,0,1,1
12465,4.1421,0.4402,394,414,0,1,1
12466,4.0904,0.6047,394,414,0,0,1
12467,4.212,0.4556,392,414,0,0,1
12468,4.2512,0.4874,392,412,0,2,1
12469,4.5033,0.6491,391,412,0,0,1
12470,4.3729,0.5754,391,411,0,1,1
12471,3.5859,0.5356,391,411,0,0,1
12472,4.1512,0.6579,383,411,0,0,1
12473,4.2107,0.4891,383,403,0,8,1
12474,4.1937,0.4411,383,403,0,0,1
12475,4.0684,0.435,380,403,0,0,1
12476,4.2104,0.4519,380,400,0,3,1
12477,4.1444,0.4522,379,400,0,0,1
12478,4.1639,0.7121,429,449,50,1,1
12479,4.1725,0.4624,429,449,0,0,1
12480,4.2393,0.6931,429,449,0,0,1
12481,4.2796,0.4408,427,449,0,0,1
12482,4.0794,0.8213,426,447,0,2,1
12483,4.1214,0.5912,425,446,0,1,1
12484,4.1145,0.5262,424,445,0,1,1
12485,4.1932,0.5027,423,444,0,1,1
12486,4.1562,0.457,423,443,0,1,1
12487,4.2278,0.457,423,443,0,0,1
12488,4.1502,0.7275,422,443,0,0,1
12489,4.1864,0.6702,421,442,0,1,1
12490,4.0928,0.4394,420,441,0,1,1
12491,4.1657,0.4531,420,440,0,1,1
12492,4.2208,0.4881,420,440,0,0,1
12493,4.1715,0.4939,420,440,0,0,1
12494,4.0968,0.7793,419,440,0,0,1
12495,4.179,0.4988,419,439,0,1,1
12496,4.1376,0.5069,418,439,0,0,1
12497,4.1844,0.5025,417,438,0,1,1
12498,4.1777,0.4447,417,437,0,1,1
12499,4.1605,0.5327,417,437,0,0,1
12500,4.2532,0.4735,417,437,0,0,1
12501,4.2252,0.6765,416,437,0,0,1
12502,4.0512,0.7013,414,436,0,1,1
12503,4.1468,0.451,412,434,0,2,1
12504,4.1364,0.4753,411,432,0,2,1
12505,4.1904,0.436,411,431,0,1,1
12506,4.18,0.427,411,431,0,0,1
12507,4.2018,0.7117,411,431,0,0,1
12508,4.1305,0.4795,411,431,0,0,1
12509,4.2063,0.7422,411,431,0,0,1
12510,4.1454,0.6904,411,431,0,0,1
12511,4.4972,0.7483,410,431,0,0,1
12512,3.8456,0.7827,410,430,0,1,1
12513,4.1651,0.6297,410,430,0,0,1
12514,4.2298,0.6332,410,430,0,0,1
12515,4.097,0.4553,410,430,0,0,1
12516,4.4605,0.6324,410,430,0,0,1
12517,3.8937,0.4694,408,430,0,0,1
12518,4.3488,0.4659,408,428,0,2,1
12519,4.0081,0.4386,405,428,0,0,1
12520,4.1048,0.6273,405,425,0,3,1
12521,4.1633,0.4202,403,425,0,0,1
12522,4.2311,0.5844,402,423,0,2,1
12523,4.0762,0.4528,402,422,0,1,1
12524,4.2528,0.469,402,422,0,0,1
12525,4.0997,0.4157,400,422,0,0,1
12526,4.2905,0.7285,399,420,0,2,1
12527,4.0534,0.426,398,419,0,1,1
12528,4.1161,0.4689,398,418,0,1,1
12529,4.2173,0.5952,398,418,0,0,1
12530,4.195,0.575,397,418,0,0,1
12531,4.1323,0.5594,395,417,0,1,1
12532,4.1757,0.4756,395,415,0,2,1
12533,4.1855,0.5323,395,415,0,0,1
12534,4.1703,0.5026,394,415,0,0,1
12535,4.2034,0.5418,394,414,0,1,1
12536,4.1063,0.5188,394,414,0,0,1
12537,4.2113,0.7157,394,414,0,0,1
12538,4.0665,0.6819,394,414,0,0,1
12539,4.1949,0.4851,385,414,0,0,1
12540,4.24,0.5684,385,405,0,9,1
12541,4.1986,0.5392,384,405,0,0,1
12542,4.1333,0.5819,384,404,0,1,1
12543,4.1872,0.6985,384,404,0,0,1
12544,4.097,0.5969,384,404,0,0,1
12545,4.2774,0.7713,434,454,50,0,1
12546,4.102,0.4531,432,454,0,0,1
12547,4.1189,0.4927,430,452,0,2,1
12548,4.1785,0.5134,430,450,0,2,1
12549,4.4344,0.4699,429,450,0,0,1
12550,3.8778,0.6054,427,449,0,1,1
12551,4.1862,0.4456,426,447,0,2,1
12552,4.1606,0.542,425,446,0,1,1
12553,4.1741,0.4765,423,445,0,1,1
12554,4.1611,0.6624,422,443,0,2,1
12555,4.1481,0.5371,421,442,0,1,1
12556,4.1552,0.5899,420,441,0,1,1
12557,4.5077,0.6549,419,440,0,1,1
12558,3.8977,0.4488,418,439,0,1,1
12559,4.1295,0.4375,418,438,0,1,1
12560,4.1941,0.5371,418,438,0,0,1
12561,4.4922,0.6404,418,438,0,0,1
12562,3.797,0.539,418,438,0,0,1
12563,4.1546,0.4233,417,438,0,0,1
12564,4.3884,0.6577,416,437,0,1,1
12565,4.0341,0.5099,416,436,0,1,1
12566,4.146,0.6878,416,436,0,0,1
12567,4.1534,0.4955,415,436,0,0,1
12568,4.1092,0.5536,414,435,0,1,1
12569,4.2747,0.5076,414,434,0,1,1
12570,4.1008,0.5377,413,434,0,0,1
12571,4.2517,0.6142,413,433,0,1,1
12572,4.0965,0.4605,413,433,0,0,1
12573,4.1449,0.4931,413,433,0,0,1
12574,4.2016,0.6356,411,433,0,0,1
12575,4.1046,0.4499,411,431,0,2,1
12576,4.1866,0.8228,411,431,0,0,1
12577,4.2894,0.7043,411,431,0,0,1
12578,4.0516,0.6933,411,431,0,0,1
12579,4.5328,0.4484,409,431,0,0,1
12580,3.7959,0.4416,407,429,0,2,1
12581,4.1548,0.5923,407,427,0,2,1
12582,4.2183,0.5448,406,427,0,0,1
12583,4.2708,0.6594,405,426,0,1,1
12584,4.1069,0.5115,405,425,0,1,1
12585,4.0847,0.4402,405,425,0,0,1
12586,4.1753,0.5802,405,425,0,0,1
12587,4.1458,0.427,403,425,0,0,1
12588,4.4038,0.4756,402,423,0,2,1
12589,4.0048,0.6795,402,422,0,1,1
12590,4.1611,0.7475,402,422,0,0,1
12591,4.1316,0.5767,401,422,0,0,1
12592,4.1267,0.4792,401,421,0,1,1
12593,4.2099,0.5076,400,421,0,0,1
12594,4.1732,0.5279,400,420,0,1,1
12595,4.2088,0.7253,399,420,0,0,1
12596,4.1488,0.639,398,419,0,1,1
12597,4.4233,0.4988,398,418,0,1,1
12598,3.8855,0.6184,397,418,0,0,1
12599,4.1189,0.471,395,417,0,1,1
12600,4.1791,0.5966,394,415,0,2,1
12601,4.1974,0.4454,394,414,0,1,1
12602,4.1394,0.6119,394,414,0,0,1
12603,4.1698,0.4357,393,414,0,0,1
12604,4.1698,0.4469,393,413,0,1,1
12605,4.1311,0.4287,393,413,0,0,1
12606,4.2234,0.4612,392,413,0,0,1
12607,4.1289,0.4284,384,412,0,1,1
12608,4.2845,0.7346,382,404,0,8,1
12609,4.1365,0.5052,381,402,0,2,1
12610,4.0749,0.5986,380,401,0,1,1
12611,4.1939,0.4369,380,400,0,1,1
12612,4.2225,0.546,430,450,50,0,1
12613,4.1698,0.4563,430,450,0,0,1
12614,4.1056,0.9089,428,450,0,0,1
12615,4.2312,0.4936,427,448,0,2,1
12616,4.1531,0.7952,427,447,0,1,1
12617,4.1759,0.5673,427,447,0,0,1
12618,4.1403,0.5449,427,447,0,0,1
12619,4.0898,0.7337,427,447,0,0,1
12620,4.2386,0.5255,427,447,0,0,1
12621,4.2335,0.6789,427,447,0,0,1
12622,4.1678,0.4421,425,447,0,0,1
12623,4.0827,0.4455,425,445,0,2,1
12624,4.1319,0.4537,425,445,0,0,1
12625,4.1666,0.4366,424,445,0,0,1
12626,4.1633,0.4354,423,444,0,1,1
12627,4.305,0.7071,423,443,0,1,1
12628,4.0588,0.5224,422,443,0,0,1
12629,4.557,0.8632,421,442,0,1,1
12630,3.7973,0.5504,420,441,0,1,1
12631,4.2007,0.5033,420,440,0,1,1
12632,4.0756,0.4692,419,440,0,0,1
12633,4.2077,0.4434,418,439,0,1,1
12634,4.1596,0.629,417,438,0,1,1
12635,4.1475,0.4376,415,437,0,1,1
12636,4.5556,0.4741,414,435,0,2,1
12637,3.8094,0.463,413,434,0,1,1
12638,4.201,0.7301,413,433,0,1,1
12639,4.2235,0.7149,410,433,0,0,1
12640,4.1181,0.526,410,430,0,3,1
12641,4.1792,0.5762,410,430,0,0,1
12642,4.1114,0.6013,410,430,0,0,1
12643,4.1539,0.5561,410,430,0,0,1
12644,4.1938,0.509,410,430,0,0,1
12645,4.2264,0.7877,410,430,0,0,1
12646,4.2688,0.707,409,430,0,0,1
12647,3.9686,0.4389,407,429,0,1,1
12648,4.2098,0.5455,406,427,0,2,1
12649,4.2137,0.4925,406,426,0,1,1
12650,4.1429,0.6209,406,426,0,0,1
12651,4.1188,0.5772,405,426,0,0,1
12652,4.1703,0.6469,404,425,0,1,1
12653,4.1996,0.515,403,424,0,1,1
12654,4.2278,0.6447,403,423,0,1,1
12655,4.1245,0.4655,400,423,0,0,1
12656,4.4793,0.4715,399,420,0,3,1
12657,4.0917,0.44,399,419,0,1,1
12658,3.9403,0.7345,399,419,0,0,1
12659,4.1165,0.4367,398,419,0,0,1
12660,4.2265,0.5067,395,418,0,1,1
12661,4.1595,0.4884,394,415,0,3,1
12662,4.1392,0.7127,393,414,0,1,1
12663,4.202,0.4939,393,413,0,1,1
12664,4.0883,0.8242,391,413,0,0,1
12665,4.2058,0.7403,391,411,0,2,1
12666,4.1379,0.4835,391,411,0,0,1
12667,4.1816,0.4623,391,411,0,0,1
12668,4.2074,0.5915,389,411,0,0,1
12669,4.1513,0.4791,387,409,0,2,1
12670,4.1886,0.7614,387,407,0,2,1
12671,4.1092,0.4721,387,407,0,0,1
12672,4.1158,0.4658,386,407,0,0,1
12673,4.4965,0.4963,386,406,0,1,1
12674,3.8697,0.4836,378,406,0,0,1
12675,4.2568,0.6273,378,398,0,8,1
12676,4.1278,0.7618,378,398,0,0,1
12677,4.2672,0.6523,377,398,0,0,1
12678,4.0681,0.5196,377,397,0,1,1
12679,4.5746,0.5819,377,397,0,0,1
12680,3.7201,0.6839,427,447,50,0,1
12681,4.2167,0.5006,425,447,0,0,1
12682,4.3319,0.4983,425,445,0,2,1
12683,3.9493,0.4476,424,445,0,0,1
12684,4.1848,0.568,423,444,0,1,1
12685,4.4777,0.492,422,443,0,1,1
12686,3.8358,0.4789,422,442,0,1,1
12687,4.2203,0.464,422,442,0,0,1
12688,4.1244,0.5251,421,442,0,0,1
12689,4.1985,0.751,420,441,0,1,1
12690,4.1298,0.5488,420,440,0,1,1
12691,4.1503,0.4977,420,440,0,0,1
12692,4.1425,0.4864,420,440,0,0,1
12693,4.5219,0.4438,420,440,0,0,1
12694,3.9127,0.6267,420,440,0,0,1
12695,4.0881,0.4424,420,440,0,0,1
12696,4.2984,0.7173,419,440,0,0,1
12697,4.1584,0.4984,419,439,0,1,1
12698,4.0943,0.676,419,439,0,0,1
12699,4.2112,0.7125,415,439,0,0,1
12700,4.0945,0.5973,413,435,0,4,1
12701,4.3808,0.5002,412,433,0,2,1
12702,4.0311,0.7998,412,432,0,1,1
12703,4.1556,0.7604,412,432,0,0,1
12704,4.0962,0.7823,411,432,0,0,1
12705,4.1748,0.4744,409,431,0,1,1
12706,4.1425,0.4649,408,429,0,2,1
12707,4.1878,0.4372,408,428,0,1,1
12708,4.2016,0.6319,408,428,0,0,1
12709,4.1687,0.4981,408,428,0,0,1
12710,4.171,0.6566,407,428,0,0,1
12711,4.1622,0.4735,407,427,0,1,1
12712,4.1297,0.4599,405,427,0,0,1
12713,4.2265,0.6083,405,425,0,2,1
12714,4.1307,0.5974,405,425,0,0,1
12715,4.1323,0.4881,405,425,0,0,1
12716,4.2008,0.5047,404,425,0,0,1
12717,4.287,0.6384,404,424,0,1,1
12718,3.9985,0.6623,404,424,0,0,1
12719,4.1658,0.4861,403,424,0,0,1
12720,4.24,0.783,402,423,0,1,1
12721,4.239,0.6768,402,422,0,1,1
12722,4.0601,0.6177,401,422,0,0,1
12723,4.2199,0.5419,400,421,0,1,1
12724,4.1059,0.4626,398,420,0,1,1
12725,4.1473,0.61,397,418,0,2,1
12726,4.2611,0.6131,396,417,0,1,1
12727,4.1871,0.4295,395,416,0,1,1
12728,4.1143,0.5553,393,415,0,1,1
12729,4.1456,0.4402,392,413,0,2,1
12730,4.1819,0.6073,392,412,0,1,1
12731,4.1284,0.4225,391,412,0,0,1
12732,4.4183,0.4519,391,411,0,1,1
12733,3.9796,0.4216,390,411,0,0,1
12734,4.2779,0.6835,388,410,0,1,1
12735,4.0496,0.4856,388,408,0,2,1
12736,4.1217,0.4512,388,408,0,0,1
12737,4.502,0.5835,388,408,0,0,1
12738,3.8307,0.4415,388,408,0,0,1
12739,4.1982,0.6277,388,408,0,0,1
12740,4.2006,0.6655,386,408,0,0,1
12741,4.1447,0.4764,379,406,0,2,1
12742,4.2188,0.5852,378,399,0,7,1
12743,4.0399,0.3999,376,398,0,1,1
12744,4.2269,0.4716,374,396,0,2,1
12745,4.1143,0.419,374,394,0,2,1
12746,4.1514,0.4054,374,394,0,0,1
12747,4.2282,0.5942,422,444,50,0,1
12748,4.1314,0.4653,422,442,0,2,1
12749,4.2175,0.5169,421,442,0,0,1
12750,4.1898,0.4909,419,441,0,1,1
12751,4.162,0.5148,419,439,0,2,1
12752,4.1381,0.8404,419,439,0,0,1
12753,4.1478,0.7443,418,439,0,0,1
12754,4.1264,0.732,418,438,0,1,1
12755,4.1685,0.4836,416,438,0,0,1
12756,4.2252,0.5235,416,436,0,2,1
12757,4.4276,0.4651,416,436,0,0,1
12758,3.8761,0.4286,414,436,0,0,1
12759,4.1524,0.6297,414,434,0,2,1
12760,4.1709,0.453,414,434,0,0,1
12761,4.2231,0.6165,414,434,0,0,1
12762,4.1271,0.4483,413,434,0,0,1
12763,4.1458,0.5643,411,433,0,1,1
12764,4.1289,0.5067,411,431,0,2,1
12765,4.3626,0.7047,411,431,0,0,1
12766,4.0543,0.7021,411,431,0,0,1
12767,4.1523,0.4658,411,431,0,0,1
12768,4.1381,0.5138,411,431,0,0,1
12769,4.1717,0.4938,411,431,0,0,1
12770,4.2005,0.7689,410,431,0,0,1
12771,4.2042,0.7051,410,430,0,1,1
12772,4.1477,0.6783,409,430,0,0,1
12773,4.1833,0.7411,409,429,0,1,1
12774,4.141,0.428,409,429,0,0,1
12775,4.1689,0.4992,407,429,0,0,1
12776,4.1849,0.5206,406,427,0,2,1
12777,4.0978,0.5992,405,426,0,1,1
12778,4.322,0.7493,404,425,0,1,1
12779,4.0275,0.434,404,424,0,1,1
12780,4.1857,0.4872,404,424,0,0,1
12781,4.1356,0.4385,402,424,0,0,1
12782,4.2111,0.6988,401,422,0,2,1
12783,4.1326,0.4346,401,421,0,1,1
12784,4.3179,0.6969,401,421,0,0,1
12785,4.0169,0.4856,401,421,0,0,1
12786,4.1774,0.5372,401,421,0,0,1
12787,4.1445,0.4634,400,421,0,0,1
12788,4.0969,0.4383,399,420,0,1,1
12789,4.3403,0.485,398,419,0,1,1
12790,4.2568,1.2895,394,418,0,1,1
12791,3.9951,0.4709,393,414,0,4,1
12792,4.1604,0.5589,392,413,0,1,1
12793,4.2016,0.5329,391,412,0,1,1
12794,4.4312,0.5099,391,411,0,1,1
12795,3.9201,0.6605,391,411,0,0,1
12796,4.0861,0.7007,388,411,0,0,1
12797,4.207,0.5066,387,408,0,3,1
12798,4.1704,0.5084,386,407,0,1,1
12799,4.1989,0.5347,386,406,0,1,1
12800,4.1253,0.5766,386,406,0,0,1
12801,4.4227,0.7405,386,406,0,0,1
12802,3.9047,0.7131,386,406,0,0,1
12803,4.1729,0.4783,386,406,0,0,1
12804,4.2472,0.5577,384,406,0,0,1
12805,4.1036,0.5546,384,404,0,2,1
12806,4.1836,0.5878,382,404,0,0,1
12807,4.1298,0.4769,381,402,0,2,1
12808,4.1847,0.7231,373,401,0,1,1
12809,4.1817,0.7823,373,393,0,8,1
12810,4.1369,0.4736,373,393,0,0,1
12811,4.185,0.4916,373,393,0,0,1
12812,4.0775,0.4115,372,393,0,0,1
12813,4.2847,0.4536,370,392,0,1,1
12814,4.1759,0.9823,419,440,50,2,1
12815,4.1085,0.4798,419,439,0,1,1
12816,4.1082,0.6599,419,439,0,0,1
12817,4.2372,0.513,418,439,0,0,1
12818,4.1401,0.5451,417,438,0,1,1
12819,4.2987,0.629,417,437,0,1,1
12820,4.0263,0.5564,416,437,0,0,1
12821,4.2609,0.6248,416,436,0,1,1
12822,4.1519,0.6331,415,436,0,0,1
12823,4.3456,0.5912,411,435,0,1,1
12824,3.9564,0.6241,411,431,0,4,1
12825,4.5662,0.6191,410,431,0,0,1
12826,3.7364,0.4291,410,430,0,1,1
12827,4.1598,0.4154,410,430,0,0,1
12828,4.1994,0.4251,410,430,0,0,1
12829,4.1951,0.5722,410,430,0,0,1
12830,4.1786,0.6766,409,430,0,0,1
12831,4.1368,0.5394,408,429,0,1,1
12832,4.1381,0.5203,408,428,0,1,1
12833,4.1997,0.5144,406,428,0,0,1
12834,4.1576,0.5424,405,426,0,2,1
12835,4.0966,0.4507,404,425,0,1,1
12836,4.2099,0.4784,404,424,0,1,1
12837,4.4753,0.4384,403,424,0,0,1
12838,3.8714,0.5867,403,423,0,1,1
12839,4.1549,0.4592,402,423,0,0,1
12840,4.2,0.6097,402,422,0,1,1
12841,4.2714,0.7286,402,422,0,0,1
12842,4.0188,0.4324,401,422,0,0,1
12843,4.5892,0.4388,401,421,0,1,1
12844,3.7484,0.4318,401,421,0,0,1
12845,4.4252,0.5806,401,421,0,0,1
12846,3.9437,0.4359,401,421,0,0,1
12847,4.2278,0.6448,400,421,0,0,1
12848,4.2748,0.602,400,420,0,1,1
12849,4.0613,0.4582,400,420,0,0,1
12850,4.0496,0.6577,399,420,0,0,1
12851,4.1918,0.4277,398,419,0,1,1
12852,4.1906,0.5859,398,418,0,1,1
12853,4.1987,0.4711,398,418,0,0,1
12854,4.1298,0.4452,398,418,0,0,1
12855,4.2108,0.5397,395,418,0,0,1
12856,4.105,0.462,395,415,0,3,1
12857,4.2334,0.4931,394,415,0,0,1
12858,4.0986,0.5892,394,414,0,1,1
12859,4.2518,0.6886,392,414,0,0,1
12860,4.1188,0.5668,392,412,0,2,1
12861,4.3962,0.476,390,412,0,0,1
12862,3.9511,0.6308,390,410,0,2,1
12863,4.0968,0.4314,389,410,0,0,1
12864,4.2262,0.5509,386,409,0,1,1
12865,4.104,0.4653,385,406,0,3,1
12866,4.2394,0.7147,385,405,0,1,1
12867,4.102,0.4527,383,405,0,0,1
12868,4.2152,0.4689,381,403,0,2,1
12869,4.8597,0.4538,381,401,0,2,1
12870,3.4839,0.5838,381,401,0,0,1
12871,4.1238,0.6759,380,401,0,0,1
12872,4.3052,0.6654,380,400,0,1,1
12873,4.0589,0.4219,380,400,0,0,1
12874,4.1472,0.4368,380,400,0,0,1
12875,4.1762,0.4003,373,400,0,0,1
12876,4.1625,0.4283,372,393,0,7,1
12877,4.1449,0.4038,371,392,0,1,1
12878,4.7672,0.4176,371,391,0,1,1
12879,3.6019,0.4181,368,391,0,0,1
12880,4.1502,0.447,368,388,0,3,1
12881,4.2066,0.7664,416,438,50,0,1
12882,4.1494,0.4684,414,436,0,2,1
12883,4.1277,0.6879,414,434,0,2,1
12884,4.2694,0.7683,413,434,0,0,1
12885,4.272,0.7034,412,433,0,1,1
12886,3.9914,0.7272,412,432,0,1,1
12887,4.1703,0.4873,412,432,0,0,1
12888,4.156,0.5033,412,432,0,0,1
12889,4.1287,0.5119,412,432,0,0,1
12890,4.2199,0.481,411,432,0,0,1
12891,4.2831,0.6853,411,431,0,1,1
12892,4.0816,0.6272,411,431,0,0,1
12893,4.1175,0.4402,411,431,0,0,1
12894,4.2023,0.4471,411,431,0,0,1
12895,4.1287,0.4954,410,431,0,0,1
12896,4.1457,0.4937,410,430,0,1,1
12897,4.2878,0.7089,409,430,0,0,1
12898,4.2821,0.6364,409,429,0,1,1
12899,4.0454,0.6463,409,429,0,0,1
12900,4.0712,0.469,408,429,0,0,1
12901,4.1235,0.4855,406,428,0,1,1
12902,4.2142,0.7436,405,426,0,2,1
12903,4.1651,0.4886,405,425,0,1,1
12904,4.3847,0.6249,405,425,0,0,1
12905,3.9974,0.5668,405,425,0,0,1
12906,4.1737,0.4665,405,425,0,0,1
12907,4.0944,0.4518,405,425,0,0,1
12908,4.1779,0.4947,404,425,0,0,1
12909,4.1936,0.4492,404,424,0,1,1
12910,4.1625,0.4959,404,424,0,0,1
12911,4.1937,0.4412,404,424,0,0,1
12912,4.133,0.5212,402,424,0,0,1
12913,4.169,0.4444,401,422,0,2,1
12914,4.1692,0.427,401,421,0,1,1
12915,4.1385,0.7041,401,421,0,0,1
12916,4.202,0.6562,401,421,0,0,1
12917,4.1981,0.4853,401,421,0,0,1
12918,4.1539,0.43,400,421,0,0,1
12919,4.1316,0.4348,399,420,0,1,1
12920,4.3941,0.4643,398,419,0,1,1
12921,4.0027,0.7225,398,418,0,1,1
12922,4.0657,0.7402,397,418,0,0,1
12923,4.2036,0.5041,397,417,0,1,1
12924,4.2438,0.5466,396,417,0,0,1
12925,4.1495,0.8407,394,416,0,1,1
12926,4.1602,0.7792,393,414,0,2,1
12927,4.1486,0.6303,392,413,0,1,1
12928,4.1743,0.6897,389,412,0,1,1
12929,4.1527,0.5065,389,409,0,3,1
12930,4.1477,0.5987,388,409,0,0,1
12931,4.1994,0.5604,387,408,0,1,1
12932,4.0599,0.5131,387,407,0,1,1
12933,4.5206,0.8346,385,407,0,0,1
12934,3.9292,0.7721,385,405,0,2,1
12935,4.099,0.4997,385,405,0,0,1
12936,4.2135,0.5886,383,405,0,0,1
12937,4.1259,0.5205,382,403,0,2,1
12938,4.1667,0.5322,379,402,0,1,1
12939,4.4904,0.7913,379,399,0,3,1
12940,3.8634,0.5647,378,399,0,0,1
12941,4.2421,0.6953,378,398,0,1,1
12942,4.1672,0.8004,378,398,0,0,1
12943,4.1222,0.9933,370,398,0,0,1
12944,4.1271,0.5277,370,390,0,8,1
12945,4.2154,0.7473,370,390,0,0,1
12946,4.0745,0.5316,370,390,0,0,1
12947,4.218,0.5084,370,390,0,0,1
12948,4.1719,0.6625,419,440,50,0,1
12949,4.2174,0.5432,419,439,0,1,1
12950,4.1524,0.6529,419,439,0,0,1
12951,4.1536,0.6082,419,439,0,0,1
12952,4.1286,0.6969,419,439,0,0,1
12953,4.4962,0.6761,418,439,0,0,1
12954,3.8628,0.4443,417,438,0,1,1
12955,4.1226,0.4276,417,437,0,1,1
12956,4.1835,0.7258,417,437,0,0,1
12957,4.4837,0.5231,415,437,0,0,1
12958,3.8712,0.8112,415,435,0,2,1
12959,4.1594,0.4816,415,435,0,0,1
12960,4.2602,0.7117,413,435,0,0,1
12961,4.128,0.5307,413,433,0,2,1
12962,4.0957,0.4412,413,433,0,0,1
12963,4.2565,0.4825,412,433,0,0,1
12964,4.331,0.4537,412,432,0,1,1
12965,3.9478,0.5239,412,432,0,0,1
12966,4.1601,0.5043,412,432,0,0,1
12967,4.1906,0.4926,412,432,0,0,1
12968,4.1037,0.5048,412,432,0,0,1
12969,4.5291,0.4509,411,432,0,0,1
12970,3.827,0.6801,409,431,0,1,1
12971,4.1748,0.5063,409,429,0,2,1
12972,4.19,0.6922,408,429,0,0,1
12973,4.3039,0.6525,407,428,0,1,1
12974,3.9902,0.5071,405,427,0,1,1
12975,4.1824,0.5828,404,425,0,2,1
12976,4.1617,0.464,404,424,0,1,1
12977,4.397,0.4516,404,424,0,0,1
12978,3.9556,0.447,403,424,0,0,1
12979,4.1464,0.4438,403,423,0,1,1
12980,4.1797,0.4524,402,423,0,0,1
12981,4.4714,0.7922,402,422,0,1,1
12982,3.9015,0.5617,401,422,0,0,1
12983,4.0938,0.4232,401,421,0,1,1
12984,4.247,0.6132,400,421,0,0,1
12985,4.1594,0.6756,399,420,0,1,1
12986,4.1448,0.4861,399,419,0,1,1
12987,4.1398,0.4889,399,419,0,0,1
12988,4.2219,0.5795,399,419,0,0,1
12989,4.2419,0.5118,398,419,0,0,1
12990,4.1163,0.7064,398,418,0,1,1
12991,4.1862,0.6372,398,418,0,0,1
12992,4.1276,0.5693,398,418,0,0,1
12993,4.1781,0.4847,396,418,0,0,1
12994,4.1031,0.426,395,416,0,2,1
12995,4.1597,0.424,395,415,0,1,1
12996,4.2411,0.4521,395,415,0,0,1
12997,4.2934,0.4402,395,415,0,0,1
12998,4.0996,0.783,395,415,0,0,1
12999,4.049,0.4377,394,415,0,0,1
13000,4.1566,0.452,394,414,0,1,1
13001,4.1337,0.4609,393,414,0,0,1
13002,4.212,0.6172,393,413,0,1,1
13003,4.1869,0.7513,393,413,0,0,1
13004,4.1852,0.4891,392,413,0,0,1
13005,4.3642,0.5562,391,412,0,1,1
13006,3.9526,0.6986,390,411,0,1,1
13007,4.1245,0.6881,389,410,0,1,1
13008,4.1473,0.5663,389,409,0,1,1
13009,4.2391,0.4877,389,409,0,0,1
13010,4.1089,0.4446,382,409,0,0,1
13011,4.228,0.4444,382,402,0,7,1
13012,4.3833,0.4414,381,402,0,0,1
13013,3.9203,0.4644,381,401,0,1,1
13014,4.1786,0.5954,381,401,0,0,1
13015,4.1298,0.4089,380,401,0,0,1
13016,4.156,0.7945,430,450,50,1,1
13017,4.3687,0.7582,429,450,0,0,1
13018,4.298,0.7508,429,449,0,1,1
13019,3.8326,0.4669,429,449,0,0,1
13020,4.2092,0.5461,429,449,0,0,1
13021,4.2009,0.4954,429,449,0,0,1
13022,4.0851,0.7785,428,449,0,0,1
13023,4.309,0.6503,427,448,0,1,1
13024,4.3487,0.6518,424,447,0,1,1
13025,3.855,0.4958,424,444,0,3,1
13026,4.1961,0.4526,423,444,0,0,1
13027,4.1854,0.568,422,443,0,1,1
13028,4.1894,0.7333,421,442,0,1,1
13029,4.2554,0.8005,421,441,0,1,1
13030,4.0736,0.6572,420,441,0,0,1
13031,4.1243,0.4497,420,440,0,1,1
13032,4.1559,0.5324,420,440,0,0,1
13033,4.2675,0.5046,419,440,0,0,1
13034,4.0454,0.6196,419,439,0,1,1
13035,4.1502,0.5646,419,439,0,0,1
13036,4.2082,0.4648,419,439,0,0,1
13037,4.2285,0.5103,419,439,0,0,1
13038,4.1667,0.6157,418,439,0,0,1
13039,4.1715,0.4719,418,438,0,1,1
13040,4.1253,0.462,418,438,0,0,1
13041,4.1834,0.5008,418,438,0,0,1
13042,4.2243,0.7149,415,438,0,0,1
13043,4.0856,0.5036,415,435,0,3,1
13044,4.5101,0.5042,415,435,0,0,1
13045,3.9246,0.5762,414,435,0,0,1
13046,4.029,0.6404,414,434,0,1,1
13047,4.2058,0.5628,411,434,0,0,1
13048,4.153,0.4733,411,431,0,3,1
13049,4.1808,0.4891,411,431,0,0,1
13050,4.1604,0.4762,410,431,0,0,1
13051,4.113,0.4374,408,430,0,1,1
13052,4.2212,0.5288,408,428,0,2,1
13053,4.2014,0.5236,407,428,0,0,1
13054,4.1692,0.76,407,427,0,1,1
13055,4.0914,0.4278,406,427,0,0,1
13056,4.2443,0.5065,405,426,0,1,1
13057,4.1723,0.4976,405,425,0,1,1
13058,4.1054,0.4242,405,425,0,0,1
13059,4.437,0.4095,405,425,0,0,1
13060,4.3803,0.5185,404,425,0,0,1
13061,3.8265,0.6485,404,424,0,1,1
13062,4.1013,0.7385,404,424,0,0,1
13063,4.1054,0.4603,402,424,0,0,1
13064,4.1905,0.5211,402,422,0,2,1
13065,4.4133,0.6831,402,422,0,0,1
13066,3.8433,0.4908,400,422,0,0,1
13067,4.2268,0.499,400,420,0,2,1
13068,4.4393,0.6754,400,420,0,0,1
13069,3.9058,0.7412,400,420,0,0,1
13070,4.1263,0.5349,400,420,0,0,1
13071,4.4797,0.7504,399,420,0,0,1
13072,3.8188,0.5938,398,419,0,1,1
13073,4.2981,0.6083,397,418,0,1,1
13074,4.0789,0.5607,397,417,0,1,1
13075,4.5013,0.5385,396,417,0,0,1
13076,4.0043,0.6437,394,416,0,1,1
13077,4.0161,0.5355,387,414,0,2,1
13078,4.1602,0.4356,386,407,0,7,1
13079,4.153,0.4275,385,406,0,1,1
13080,4.535,0.7326,385,405,0,1,1
13081,4.1692,0.5263,385,405,0,0,1
13082,3.8538,0.6025,385,405,0,0,1
13083,4.4415,0.5097,435,455,50,0,1
13084,4.0823,0.5241,435,455,0,0,1
13085,4.1361,0.4864,434,455,0,0,1
13086,3.976,0.4476,433,454,0,1,1
13087,4.1973,0.8085,433,453,0,1,1
13088,4.5492,0.7398,431,453,0,0,1
13089,3.7574,0.518,431,451,0,2,1
13090,4.1507,0.5127,431,451,0,0,1
13091,4.1655,0.4525,431,451,0,0,1
13092,4.1474,0.6641,430,451,0,0,1
13093,4.4515,0.5809,429,450,0,1,1
13094,4.328,0.7404,429,449,0,1,1
13095,4.1306,0.6699,429,449,0,0,1
13096,3.7531,0.4545,428,449,0,0,1
13097,4.4931,0.6911,427,448,0,1,1
13098,3.8518,0.4991,426,447,0,1,1
13099,4.4852,0.7011,426,446,0,1,1
13100,4.1404,0.656,425,446,0,0,1
13101,4.1368,0.5579,424,445,0,1,1
13102,3.7882,0.4912,423,444,0,1,1
13103,4.2029,0.4829,423,443,0,1,1
13104,4.1578,0.7492,423,443,0,0,1
13105,4.2774,0.5247,423,443,0,0,1
13106,4.2638,0.6429,423,443,0,0,1
13107,3.94,0.5779,423,443,0,0,1
13108,4.2318,0.5793,423,443,0,0,1
13109,4.4324,0.512,423,443,0,0,1
13110,3.8693,0.357,421,443,0,0,1
13111,4.1663,0.5199,421,441,0,2,1
13112,4.2568,0.5532,421,441,0,0,1
13113,4.1074,0.5365,419,441,0,0,1
13114,4.1015,0.4938,419,439,0,2,1
13115,4.1755,0.3462,418,439,0,0,1
13116,4.4018,0.5645,418,438,0,1,1
13117,4.1051,0.3982,418,438,0,0,1
13118,4.1261,0.5271,418,438,0,0,1
13119,4.2361,0.6682,418,438,0,0,1
13120,3.9549,0.3838,417,438,0,0,1
13121,4.1693,0.4933,417,437,0,1,1
13122,4.1925,0.3742,415,437,0,0,1
13123,4.1874,0.527,414,435,0,2,1
13124,4.2925,0.5812,413,434,0,1,1
13125,4.224,0.4842,411,433,0,1,1
13126,3.9191,0.4916,411,431,0,2,1
13127,4.2103,0.3482,410,431,0,0,1
13128,4.2873,0.4683,410,430,0,1,1
13129,4.1786,0.6432,410,430,0,0,1
13130,4.0413,0.5632,409,430,0,0,1
13131,4.3452,0.6097,407,429,0,1,1
13132,4.2772,0.4294,405,427,0,2,1
13133,3.9935,0.5189,405,425,0,2,1
13134,4.0702,0.3661,405,425,0,0,1
13135,4.2601,0.4346,405,425,0,0,1
13136,4.0605,0.5889,404,425,0,0,1
13137,4.1832,0.5096,402,424,0,1,1
13138,4.2898,0.4822,401,422,0,2,1
13139,3.9917,0.3444,401,421,0,1,1
13140,4.2225,0.4849,401,421,0,0,1
13141,4.3132,0.409,400,421,0,0,1
13142,4.0184,0.5453,397,420,0,1,1
13143,4.2608,0.4706,396,417,0,3,1
13144,4.2392,0.622,389,416,0,1,1
13145,4.1614,0.5048,389,409,0,7,1
13146,3.9933,0.4248,386,409,0,0,1
13147,4.4145,0.5526,385,406,0,3,1
13148,3.9946,0.5074,385,405,0,1,1
13149,4.0918,0.3536,384,405,0,0,1
13150,4.2825,0.7898,432,454,50,1,1
13151,4.0146,0.3999,432,452,0,2,1
13152,4.3554,0.5537,430,452,0,0,1
13153,4.1772,0.4639,429,450,0,2,1
13154,4.0083,0.5735,429,449,0,1,1
13155,4.2854,0.5338,429,449,0,0,1
13156,4.0314,0.3689,429,449,0,0,1
13157,4.4519,0.5347,426,449,0,0,1
13158,4.0812,0.3623,425,446,0,3,1
13159,4.2795,0.5603,423,445,0,1,1
13160,3.9073,0.656,422,443,0,2,1
13161,4.1479,0.6157,420,442,0,1,1
13162,4.1078,0.6511,420,440,0,2,1
13163,4.1968,0.374,420,440,0,0,1
13164,4.3437,0.5312,420,440,0,0,1
13165,4.1244,0.4652,420,440,0,0,1
13166,3.9997,0.593,420,440,0,0,1
13167,4.4197,0.3507,420,440,0,0,1
13168,3.9966,0.6004,419,440,0,0,1
13169,4.2031,0.4875,419,439,0,1,1
13170,4.0904,0.407,418,439,0,0,1
13171,4.3129,0.5208,418,438,0,1,1
13172,4.1301,0.505,418,438,0,0,1
13173,4.2055,0.6518,416,438,0,0,1
13174,4.0491,0.7668,414,436,0,2,1
13175,4.1468,0.3949,414,434,0,2,1
13176,4.2732,0.5759,414,434,0,0,1
13177,4.1746,0.4814,414,434,0,0,1
13178,4.0814,0.3845,414,434,0,0,1
13179,4.1536,0.5346,412,434,0,0,1
13180,4.3288,0.4158,412,432,0,2,1
13181,4.0941,0.4641,411,432,0,0,1
13182,4.1501,0.6669,411,431,0,1,1
13183,4.477,0.475,409,431,0,0,1
13184,3.8957,0.4861,409,429,0,2,1
13185,4.3833,0.4468,409,429,0,0,1
13186,3.8871,0.6272,408,429,0,0,1
13187,4.1164,0.4447,407,428,0,1,1
13188,4.4349,0.6421,407,427,0,1,1
13189,3.9467,0.6154,407,427,0,0,1
13190,4.1993,0.6275,405,427,0,0,1
13191,4.1296,0.4827,403,425,0,2,1
13192,4.1519,0.5987,403,423,0,2,1
13193,4.3335,0.42,402,423,0,0,1
13194,4.0054,0.4379,402,422,0,1,1
13195,4.4252,0.5675,401,422,0,0,1
13196,3.8173,0.4036,399,421,0,1,1
13197,4.3607,0.4862,399,419,0,2,1
13198,4.0257,0.541,399,419,0,0,1
13199,4.175,0.3955,398,419,0,0,1
13200,4.2821,0.6298,395,418,0,1,1
13201,4.1722,0.4954,395,415,0,3,1
13202,4.0549,0.3881,394,415,0,0,1
13203,4.2745,0.5831,394,414,0,1,1
13204,4.3185,0.4428,391,414,0,0,1
13205,4.0332,0.6404,391,411,0,3,1
13206,4.0835,0.4071,391,411,0,0,1
13207,4.1528,0.6756,391,411,0,0,1
13208,4.6178,0.5077,391,411,0,0,1
13209,3.9416,0.4289,391,411,0,0,1
13210,3.9436,0.4296,391,411,0,0,1
13211,4.1623,0.4008,384,411,0,0,1
13212,4.3324,0.6844,383,404,0,7,1
13213,4.1641,0.6686,383,403,0,1,1
13214,4.3892,0.634,382,403,0,0,1
13215,3.914,0.4563,382,402,0,1,1
13216,4.0373,0.4247,379,402,0,0,1
13217,4.2118,0.9567,429,449,50,3,1
13218,4.1582,0.5411,429,449,0,0,1
13219,4.2107,0.8192,429,449,0,0,1
13220,4.1231,0.765,429,449,0,0,1
13221,4.2693,0.6648,428,449,0,0,1
13222,4.0143,0.6362,427,448,0,1,1
13223,4.2159,0.4647,426,447,0,1,1
13224,4.2765,0.7231,426,446,0,1,1
13225,4.0761,0.4378,426,446,0,0,1
13226,4.2103,0.5162,425,446,0,0,1
13227,4.1728,0.4854,425,445,0,1,1
13228,4.1734,0.4414,425,445,0,0,1
13229,4.0967,0.5081,425,445,0,0,1
13230,4.1748,0.5537,425,445,0,0,1
13231,4.2059,0.5902,424,445,0,0,1
13232,4.1208,0.648,424,444,0,1,1
13233,4.2668,0.6126,424,444,0,0,1
13234,4.0513,0.4448,423,444,0,0,1
13235,4.1783,0.4518,422,443,0,1,1
13236,4.1504,0.5802,422,442,0,1,1
13237,4.2514,0.5374,422,442,0,0,1
13238,4.1113,0.5401,422,442,0,0,1
13239,4.1828,0.5382,421,442,0,0,1
13240,4.1024,0.4741,418,441,0,1,1
13241,4.4896,0.5232,418,438,0,3,1
13242,3.8745,0.4703,418,438,0,0,1
13243,4.1352,0.4557,416,438,0,0,1
13244,4.18,0.5422,416,436,0,2,1
13245,4.4952,0.6959,416,436,0,0,1
13246,3.8409,0.6117,415,436,0,0,1
13247,4.1661,0.4575,415,435,0,1,1
13248,4.2416,0.6416,414,435,0,0,1
13249,4.1148,0.4365,414,434,0,1,1
13250,4.1691,0.4878,413,434,0,0,1
13251,4.1764,0.485,413,433,0,1,1
13252,4.3673,0.5164,412,433,0,0,1
13253,3.9639,0.5462,411,432,0,1,1
13254,4.1789,0.5232,411,431,0,1,1
13255,4.1732,0.7551,409,431,0,0,1
13256,4.1488,0.474,409,429,0,2,1
13257,4.1439,0.4478,409,429,0,0,1
13258,4.1725,0.4442,407,429,0,0,1
13259,4.1685,0.4699,407,427,0,2,1
13260,4.1692,0.5247,406,427,0,0,1
13261,4.2056,0.4431,405,426,0,1,1
13262,4.2363,0.7772,403,425,0,1,1
13263,4.0719,0.4861,402,423,0,2,1
13264,4.1484,0.4526,401,422,0,1,1
13265,4.2388,0.4702,400,421,0,1,1
13266,4.1468,0.469,398,420,0,1,1
13267,4.1854,0.7103,398,418,0,2,1
13268,4.1624,0.7309,398,418,0,0,1
13269,4.2401,0.4935,398,418,0,0,1
13270,4.0598,0.5034,396,418,0,0,1
13271,4.1423,0.465,396,416,0,2,1
13272,4.1947,0.5111,395,416,0,0,1
13273,4.2293,0.4946,395,415,0,1,1
13274,4.1454,0.683,394,415,0,0,1
13275,4.1518,0.5488,392,414,0,1,1
13276,4.3584,0.5014,391,412,0,2,1
13277,3.9495,0.6554,391,411,0,1,1
13278,4.2641,0.6375,390,411,0,0,1
13279,4.0959,0.647,390,410,0,1,1
13280,4.1702,0.5257,382,410,0,0,1
13281,4.1529,0.5032,382,402,0,8,1
13282,4.1075,0.5029,381,402,0,0,1
13283,4.1822,0.512,381,401,0,1,1
13284,4.2138,0.8147,430,451,50,0,1
13285,4.163,0.5065,430,450,0,1,1
13286,4.1677,0.8784,430,450,0,0,1
13287,4.1239,0.7454,430,450,0,0,1
13288,4.4302,0.6941,430,450,0,0,1
13289,3.8779,0.4879,428,450,0,0,1
13290,4.2092,0.4645,427,448,0,2,1
13291,4.2061,0.5898,426,447,0,1,1
13292,4.0627,0.5109,424,446,0,1,1
13293,4.2246,0.5297,424,444,0,2,1
13294,4.1256,0.5164,424,444,0,0,1
13295,4.1761,0.4643,423,444,0,0,1
13296,4.1958,0.7041,423,443,0,1,1
13297,4.1618,0.444,423,443,0,0,1
13298,4.1953,0.6689,422,443,0,0,1
13299,4.2094,0.435,421,442,0,1,1
13300,4.1953,0.4689,421,441,0,1,1
13301,4.0659,0.4839,420,441,0,0,1
13302,4.1981,0.5067,420,440,0,1,1
13303,4.1604,0.5511,419,440,0,0,1
13304,4.1863,0.6826,418,439,0,1,1
13305,4.2098,0.6307,418,438,0,1,1
13306,4.1592,0.7371,417,438,0,0,1
13307,4.0716,0.4488,415,437,0,1,1
13308,4.1976,0.456,414,435,0,2,1
13309,4.2011,0.4943,414,434,0,1,1
13310,4.1765,0.7147,414,434,0,0,1
13311,4.1333,0.5604,414,434,0,0,1
13312,4.1846,0.7318,414,434,0,0,1
13313,4.2336,0.7704,413,434,0,0,1
13314,4.1146,0.6001,412,433,0,1,1
13315,4.1711,0.5605,412,432,0,1,1
13316,4.4682,0.776,412,432,0,0,1
13317,3.8662,0.56,410,432,0,0,1
13318,4.0795,0.6158,410,430,0,2,1
13319,4.1969,0.5731,409,430,0,0,1
13320,4.2128,0.5479,409,429,0,1,1
13321,4.1869,0.5091,407,429,0,0,1
13322,4.083,0.582,406,427,0,2,1
13323,4.4644,0.4669,406,426,0,1,1
13324,3.9494,0.4396,406,426,0,0,1
13325,4.2372,0.6703,406,426,0,0,1
13326,4.0446,0.4291,405,426,0,0,1
13327,4.211,0.4869,404,425,0,1,1
13328,4.1285,0.5475,402,424,0,1,1
13329,4.1348,0.4367,401,422,0,2,1
13330,4.0963,0.7229,400,421,0,1,1
13331,4.2577,0.4761,400,420,0,1,1
13332,4.1894,0.5668,400,420,0,0,1
13333,4.1795,0.5408,399,420,0,0,1
13334,4.1662,0.6677,399,419,0,1,1
13335,4.097,0.5344,398,419,0,0,1
13336,4.1666,0.6767,397,418,0,1,1
13337,4.5129,0.6308,397,417,0,1,1
13338,3.9001,0.5316,397,417,0,0,1
13339,4.1442,0.5074,397,417,0,0,1
13340,4.114,0.4818,395,417,0,0,1
13341,4.2331,0.6366,395,415,0,2,1
13342,4.1541,0.6032,394,415,0,0,1
13343,4.1104,0.415,393,414,0,1,1
13344,4.2751,0.6933,393,413,0,1,1
13345,4.0845,0.4289,392,413,0,0,1
13346,4.2317,0.526,385,412,0,1,1
13347,4.1538,0.4744,382,405,0,7,1
13348,4.1307,0.4673,381,402,0,3,1
13349,4.207,0.6057,381,401,0,1,1
13350,4.1293,0.4323,380,401,0,0,1
13351,4.1741,0.486,379,400,0,1,1
13352,4.2099,0.6257,429,449,50,1,1
13353,4.216,0.5595,429,449,0,0,1
13354,4.0245,0.748,428,449,0,0,1
13355,4.1726,0.4275,428,448,0,1,1
13356,4.1361,1.0368,428,448,0,0,1
13357,4.324,0.8057,427,448,0,0,1
13358,4.1197,0.6214,425,447,0,1,1
13359,4.1831,0.509,424,445,0,2,1
13360,4.0823,0.5181,421,444,0,1,1
13361,4.2433,0.5769,421,441,0,3,1
13362,4.1712,0.4682,420,441,0,0,1
13363,4.2423,0.6748,420,440,0,1,1
13364,4.0064,0.462,420,440,0,0,1
13365,4.183,0.4204,418,440,0,0,1
13366,4.1804,0.6048,418,438,0,2,1
13367,4.1578,0.4721,418,438,0,0,1
13368,4.2212,0.5716,417,438,0,0,1
13369,4.1218,0.712,417,437,0,1,1
13370,4.2002,0.577,417,437,0,0,1
13371,4.1267,0.4768,417,437,0,0,1
13372,4.2528,0.4714,417,437,0,0,1
13373,4.1066,0.4622,417,437,0,0,1
13374,4.1661,0.4546,417,437,0,0,1
13375,4.2466,0.7075,416,437,0,0,1
13376,4.0624,0.5215,416,436,0,1,1
13377,4.179,0.4343,416,436,0,0,1
13378,4.1388,0.4956,416,436,0,0,1
13379,4.1798,0.4267,416,436,0,0,1
13380,4.2228,0.4932,416,436,0,0,1
13381,4.1453,0.4377,414,436,0,0,1
13382,4.1475,0.6518,414,434,0,2,1
13383,4.2113,0.7678,414,434,0,0,1
13384,4.1709,0.5817,414,434,0,0,1
13385,4.1668,0.4881,414,434,0,0,1
13386,4.1199,0.4902,413,434,0,0,1
13387,4.2025,0.63,413,433,0,1,1
13388,4.1512,0.6676,413,433,0,0,1
13389,4.222,0.4969,411,433,0,0,1
13390,4.1179,0.507,410,431,0,2,1
13391,4.1022,0.447,410,430,0,1,1
13392,4.162,0.4873,409,430,0,0,1
13393,4.2005,0.4492,409,429,0,1,1
13394,4.2727,0.7333,408,429,0,0,1
13395,4.0722,0.4763,406,428,0,1,1
13396,4.2693,0.4433,404,426,0,2,1
13397,4.1391,0.4899,404,424,0,2,1
13398,4.117,0.5331,403,424,0,0,1
13399,4.1808,0.5223,402,423,0,1,1
13400,4.3537,0.7908,401,422,0,1,1
13401,3.9746,0.5142,400,421,0,1,1
13402,4.0894,0.4491,399,420,0,1,1
13403,4.177,0.4736,397,419,0,1,1
13404,4.2451,0.7523,396,417,0,2,1
13405,4.1231,0.5276,395,416,0,1,1
13406,4.1546,0.5521,394,415,0,1,1
13407,4.2221,0.4879,394,414,0,1,1
13408,4.114,0.5143,394,414,0,0,1
13409,4.2217,0.5779,393,414,0,0,1
13410,4.1229,0.5152,392,413,0,1,1
13411,4.2001,0.6435,391,412,0,1,1
13412,4.1074,0.511,388,411,0,1,1
13413,4.2961,0.685,380,408,0,3,1
13414,4.099,0.6073,380,400,0,8,1
13415,4.1221,0.52,380,400,0,0,1
13416,4.2076,0.5828,380,400,0,0,1
13417,4.1638,0.5343,380,400,0,0,1
13418,4.1121,0.5278,379,400,0,0,1
13419,4.1749,0.8384,429,449,50,1,1
13420,4.297,0.4812,429,449,0,0,1
13421,4.0688,0.5457,427,449,0,0,1
13422,4.1639,0.4761,426,447,0,2,1
13423,4.2016,0.6491,425,446,0,1,1
13424,4.16,0.4981,424,445,0,1,1
13425,4.0683,0.4245,424,444,0,1,1
13426,4.1498,0.5047,423,444,0,0,1
13427,4.3081,0.7615,422,443,0,1,1
13428,4.1287,0.6118,422,442,0,1,1
13429,4.1883,0.4858,422,442,0,0,1
13430,4.1489,0.6338,422,442,0,0,1
13431,4.1233,0.4736,422,442,0,0,1
13432,4.3162,0.6686,422,442,0,0,1
13433,4.0987,0.7647,422,442,0,0,1
13434,4.1282,0.4245,422,442,0,0,1
13435,4.2054,0.4696,421,442,0,0,1
13436,4.0547,0.4698,420,441,0,1,1
13437,4.1817,0.6845,420,440,0,1,1
13438,4.3015,0.8262,419,440,0,0,1
13439,4.0617,0.503,417,439,0,1,1
13440,4.1795,0.6206,417,437,0,2,1
13441,4.1635,0.7003,417,437,0,0,1
13442,4.135,0.447,415,437,0,0,1
13443,4.2101,0.5744,415,435,0,2,1
13444,4.2248,0.7346,414,435,0,0,1
13445,4.1181,0.5078,414,434,0,1,1
13446,4.1632,0.433,413,434,0,0,1
13447,4.147,0.4826,412,433,0,1,1
13448,4.1308,0.575,412,432,0,1,1
13449,4.242,0.5024,411,432,0,0,1
13450,4.1149,0.7217,409,431,0,1,1
13451,4.1478,0.4372,407,429,0,2,1
13452,4.2147,0.514,407,427,0,2,1
13453,4.1388,0.5083,407,427,0,0,1
13454,4.1479,0.6528,406,427,0,0,1
13455,4.2105,0.5311,405,426,0,1,1
13456,4.1318,0.7522,405,425,0,1,1
13457,4.3162,0.7053,404,425,0,0,1
13458,4.0745,0.6706,404,424,0,1,1
13459,4.1729,0.5167,403,424,0,0,1
13460,4.1474,0.5345,402,423,0,1,1
13461,4.1891,0.4772,402,422,0,1,1
13462,4.0979,0.6151,402,422,0,0,1
13463,4.188,0.4433,401,422,0,0,1
13464,4.1963,0.8198,400,421,0,1,1
13465,4.1945,0.4824,399,420,0,1,1
13466,4.1241,0.4789,399,419,0,1,1
13467,4.1648,0.4648,399,419,0,0,1
13468,4.2368,0.4443,399,419,0,0,1
13469,4.1884,0.6741,397,419,0,0,1
13470,4.0582,0.4346,396,417,0,2,1
13471,4.2355,0.4793,395,416,0,1,1
13472,4.1054,0.4546,395,415,0,1,1
13473,4.1171,0.4041,394,415,0,0,1
13474,4.167,0.515,393,414,0,1,1
13475,4.2105,0.4378,393,413,0,1,1
13476,4.2858,0.6848,392,413,0,0,1
13477,4.0794,0.4841,392,412,0,1,1
13478,4.1942,0.5202,392,412,0,0,1
13479,4.2535,0.5127,392,412,0,0,1
13480,3.9932,0.5255,384,412,0,0,1
13481,4.2008,0.6569,384,404,0,8,1
13482,4.1706,0.4647,383,404,0,0,1
13483,4.2359,0.471,383,403,0,1,1
13484,4.0873,0.4771,382,403,0,0,1
13485,4.2432,0.5016,382,402,0,1,1
13486,4.0745,0.8686,432,452,50,0,1
13487,4.1934,0.5121,431,452,0,0,1
13488,4.1817,0.7996,431,451,0,1,1
13489,4.1215,0.4518,429,451,0,0,1
13490,4.2028,0.5698,428,449,0,2,1
13491,4.227,0.5028,428,448,0,1,1
13492,4.2558,0.4489,427,448,0,0,1
13493,4.2603,0.4568,427,447,0,1,1
13494,3.9254,0.4404,425,447,0,0,1
13495,4.288,0.6716,425,445,0,2,1
13496,4.0737,0.6046,424,445,0,0,1
13497,4.1032,0.5118,424,444,0,1,1
13498,4.1501,0.4683,424,444,0,0,1
13499,4.2073,0.4825,424,444,0,0,1
13500,4.1815,0.4928,422,444,0,0,1
13501,4.2703,0.6908,421,442,0,2,1
13502,4.0953,0.4977,421,441,0,1,1
13503,4.1595,0.4949,421,441,0,0,1
13504,4.1149,0.4544,421,441,0,0,1
13505,4.4582,0.7248,420,441,0,0,1
13506,3.8958,0.451,419,440,0,1,1
13507,4.2149,0.6974,419,439,0,1,1
13508,4.0901,0.4926,418,439,0,0,1
13509,4.2944,0.6117,418,438,0,1,1
13510,4.1191,0.5745,418,438,0,0,1
13511,4.0813,0.475,418,438,0,0,1
13512,4.2095,0.5384,418,438,0,0,1
13513,4.1473,0.4478,417,438,0,0,1
13514,4.1675,0.4995,415,437,0,1,1
13515,4.1324,0.5096,414,435,0,2,1
13516,4.2792,0.4501,414,434,0,1,1
13517,4.1182,0.4394,413,434,0,0,1
13518,4.1524,0.43,413,433,0,1,1
13519,4.1341,0.6003,413,433,0,0,1
13520,4.3167,0.8414,412,433,0,0,1
13521,4.0253,0.4286,412,432,0,1,1
13522,4.1491,0.6305,409,432,0,0,1
13523,4.2389,0.4578,408,429,0,3,1
13524,4.1411,0.4842,408,428,0,1,1
13525,4.1938,0.4463,406,428,0,0,1
13526,4.2283,0.7183,404,426,0,2,1
13527,4.0853,0.5722,404,424,0,2,1
13528,4.2172,0.6043,402,424,0,0,1
13529,4.1289,0.5331,401,422,0,2,1
13530,4.14,0.6056,398,421,0,1,1
13531,4.2185,0.7545,396,418,0,3,1
13532,4.1735,0.7062,396,416,0,2,1
13533,4.2118,0.6099,396,416,0,0,1
13534,4.0743,0.5288,395,416,0,0,1
13535,4.1559,0.4493,395,415,0,1,1
13536,4.213,0.5392,394,415,0,0,1
13537,4.2501,0.4395,394,414,0,1,1
13538,4.0117,0.4296,393,414,0,0,1
13539,4.3458,0.6788,393,413,0,1,1
13540,4.1119,0.4736,391,413,0,0,1
13541,4.0353,0.5922,390,411,0,2,1
13542,4.2482,0.4401,390,410,0,1,1
13543,4.1645,0.4879,390,410,0,0,1
13544,4.1432,0.6006,389,410,0,0,1
13545,4.094,0.4136,388,409,0,1,1
13546,4.1969,0.4285,388,408,0,1,1
13547,4.1848,0.4434,381,408,0,0,1
13548,4.2246,0.6258,381,401,0,7,1
13549,4.1606,0.4393,381,401,0,0,1
13550,4.0776,0.5938,381,401,0,0,1
13551,4.2591,0.6537,381,401,0,0,1
13552,4.1122,0.4706,379,401,0,0,1
13553,4.1868,0.6093,428,449,50,2,1
13554,4.1466,0.4491,426,448,0,1,1
13555,4.2159,0.6536,426,446,0,2,1
13556,4.1453,0.4807,426,446,0,0,1
13557,4.2622,0.9113,426,446,0,0,1
13558,4.0267,0.5588,426,446,0,0,1
13559,4.1912,0.4682,424,446,0,0,1
13560,4.2179,0.5725,423,444,0,2,1
13561,4.4655,0.4671,421,443,0,1,1
13562,3.8494,0.6163,421,441,0,2,1
13563,4.2074,0.7084,420,441,0,0,1
13564,4.0662,0.4425,419,440,0,1,1
13565,4.4731,0.5633,419,439,0,1,1
13566,3.9001,0.5013,419,439,0,0,1
13567,4.147,0.5052,418,439,0,0,1
13568,4.1893,0.5564,418,438,0,1,1
13569,4.1402,0.4669,417,438,0,0,1
13570,4.2091,0.772,416,437,0,1,1
13571,4.1363,0.4509,416,436,0,1,1
13572,4.2372,0.5123,415,436,0,0,1
13573,4.1437,0.6151,413,435,0,1,1
13574,4.082,0.4659,413,433,0,2,1
13575,4.1986,0.5399,413,433,0,0,1
13576,4.1663,0.4433,410,433,0,0,1
13577,4.1917,0.5305,409,430,0,3,1
13578,4.1503,0.5011,409,429,0,1,1
13579,4.2217,0.5313,408,429,0,0,1
13580,4.1236,0.5474,408,428,0,1,1
13581,4.1441,0.5013,407,428,0,0,1
13582,4.1865,0.8247,406,427,0,1,1
13583,4.1306,0.6219,406,426,0,1,1
13584,4.2513,0.5653,405,426,0,0,1
13585,4.0944,0.6151,405,425,0,1,1
13586,4.188,0.4854,405,425,0,0,1
13587,4.1221,0.4833,405,425,0,0,1
13588,4.191,0.4449,405,425,0,0,1
13589,4.2917,0.6656,405,425,0,0,1
13590,4.0626,0.4237,404,425,0,0,1
13591,4.1669,0.4374,402,424,0,1,1
13592,4.204,0.6118,402,422,0,2,1
13593,4.0702,0.4174,401,422,0,0,1
13594,4.1956,0.6239,401,421,0,1,1
13595,4.1875,0.4244,400,421,0,0,1
13596,4.1569,0.4772,398,420,0,1,1
13597,4.1827,0.6915,398,418,0,2,1
13598,4.1719,0.5061,398,418,0,0,1
13599,4.2379,0.5272,398,418,0,0,1
13600,4.1488,0.7327,397,418,0,0,1
13601,4.1967,0.777,397,417,0,1,1
13602,4.0934,0.6192,396,417,0,0,1
13603,4.2042,0.5905,394,416,0,1,1
13604,4.0728,0.4928,394,414,0,2,1
13605,4.4941,0.6594,393,414,0,0,1
13606,3.9149,0.507,393,413,0,1,1
13607,4.1529,0.6704,391,413,0,0,1
13608,4.5135,0.8186,389,411,0,2,1
13609,3.8333,0.602,389,409,0,2,1
13610,4.5475,0.6013,387,409,0,0,1
13611,4.103,0.7124,385,407,0,2,1
13612,3.852,0.4558,384,405,0,2,1
13613,4.3837,0.4515,383,404,0,1,1
13614,3.9278,0.5193,381,403,0,1,1
13615,4.5824,0.7415,374,401,0,2,1
13616,3.7234,0.7546,373,394,0,7,1
13617,4.2073,0.6149,373,393,0,1,1
13618,4.12,0.7695,373,393,0,0,1
13619,4.2153,0.6409,372,393,0,0,1
13620,4.3315,0.7471,422,442,50,1,1
13621,3.9743,0.4836,422,442,0,0,1
13622,4.2195,0.5302,422,442,0,0,1
13623,4.1654,0.4973,422,442,0,0,1
13624,4.0803,0.4799,421,442,0,0,1
13625,4.5144,0.4784,420,441,0,1,1
13626,3.8593,0.5957,419,440,0,1,1
13627,4.2962,0.6628,419,439,0,1,1
13628,4.0603,0.5201,419,439,0,0,1
13629,4.138,0.5032,419,439,0,0,1
13630,4.1911,0.5365,419,439,0,0,1
13631,4.1509,0.4663,419,439,0,0,1
13632,4.1562,0.4839,419,439,0,0,1
13633,4.188,0.4425,418,439,0,0,1
13634,4.1437,0.498,416,438,0,1,1
13635,4.152,0.5157,415,436,0,2,1
13636,4.1898,0.4543,414,435,0,1,1
13637,4.1883,0.4746,414,434,0,1,1
13638,4.2415,0.6337,414,434,0,0,1
13639,4.1743,0.6164,414,434,0,0,1
13640,4.1162,0.5137,414,434,0,0,1
13641,4.1061,0.4736,413,434,0,0,1
13642,4.1997,0.5184,413,433,0,1,1
13643,4.1162,0.4933,413,433,0,0,1
13644,4.2704,0.7212,413,433,0,0,1
13645,4.3281,0.7348,412,433,0,0,1
13646,3.9076,0.6432,412,432,0,1,1
13647,4.2132,0.5913,412,432,0,0,1
13648,4.2135,0.5386,410,432,0,0,1
13649,4.1666,0.5046,410,430,0,2,1
13650,4.1087,0.4754,409,430,0,0,1
13651,4.2089,0.6251,409,429,0,1,1
13652,4.1448,0.6316,408,429,0,0,1
13653,4.258,0.4862,406,428,0,1,1
13654,4.1103,0.478,406,426,0,2,1
13655,4.1002,0.4221,405,426,0,0,1
13656,4.4507,0.6979,404,425,0,1,1
13657,3.8256,0.4841,404,424,0,1,1
13658,4.1672,0.4948,404,424,0,0,1
13659,4.3082,0.6865,403,424,0,0,1
13660,4.0385,0.4525,403,423,0,1,1
13661,4.1851,0.4769,402,423,0,0,1
13662,4.2093,0.4729,401,422,0,1,1
13663,4.2075,0.4979,401,421,0,1,1
13664,4.1452,0.4849,399,421,0,0,1
13665,4.0797,0.4857,398,419,0,2,1
13666,4.2227,0.5244,397,418,0,1,1
13667,4.1682,0.4862,395,417,0,1,1
13668,4.2268,0.8343,394,415,0,2,1
13669,4.182,0.5536,394,414,0,1,1
13670,4.118,0.5251,394,414,0,0,1
13671,4.26,0.7589,392,414,0,0,1
13672,4.2409,0.6747,389,412,0,2,1
13673,3.9979,0.5171,389,409,0,3,1
13674,4.2193,0.6347,389,409,0,0,1
13675,4.1321,0.489,388,409,0,0,1
13676,4.1849,0.4695,387,408,0,1,1
13677,4.2994,0.4423,384,407,0,1,1
13678,3.9942,0.6467,381,404,0,3,1
13679,4.1196,0.4917,381,401,0,3,1
13680,4.4692,0.7489,381,401,0,0,1
13681,3.8618,0.503,381,401,0,0,1
13682,4.2189,0.7466,373,401,0,0,1
13683,4.1689,0.7088,373,393,0,8,1
13684,4.1104,0.5226,373,393,0,0,1
13685,4.2628,0.5862,372,393,0,0,1
13686,4.0937,0.5334,372,392,0,1,1
13687,4.198,0.5101,371,392,0,0,1
13688,4.1083,0.8061,421,441,50,1,1
13689,4.2041,0.4723,421,441,0,0,1
13690,4.2279,0.7517,420,441,0,0,1
13691,4.1022,0.4434,419,440,0,1,1
13692,4.173,0.4927,419,439,0,1,1
13693,4.2124,0.556,419,439,0,0,1
13694,4.0978,0.6245,418,439,0,0,1
13695,4.2416,0.4395,417,438,0,1,1
13696,4.1123,0.4583,415,437,0,1,1
13697,4.2365,0.4776,415,435,0,2,1
13698,4.1144,0.6195,415,435,0,0,1
13699,4.1847,0.6693,415,435,0,0,1
13700,4.1302,0.5316,415,435,0,0,1
13701,4.4026,0.6255,414,435,0,0,1
13702,4.026,0.7542,414,434,0,1,1
13703,4.0446,0.4535,414,434,0,0,1
13704,4.2755,0.518,413,434,0,0,1
13705,4.1617,0.5178,413,433,0,1,1
13706,4.1055,0.4749,412,433,0,0,1
13707,4.2248,0.4433,412,432,0,1,1
13708,4.0934,0.4556,412,432,0,0,1
13709,4.1758,0.4778,412,432,0,0,1
13710,4.1708,0.4209,412,432,0,0,1
13711,4.1634,0.4305,411,432,0,0,1
13712,4.1549,0.5025,409,431,0,1,1
13713,4.13,0.5692,407,429,0,2,1
13714,4.1709,0.6937,407,427,0,2,1
13715,4.2062,0.4857,406,427,0,0,1
13716,4.1667,0.8144,406,426,0,1,1
13717,4.2051,0.5726,404,426,0,0,1
13718,4.2079,0.5646,403,424,0,2,1
13719,4.166,0.5015,402,423,0,1,1
13720,4.1056,0.6406,401,422,0,1,1
13721,4.2807,0.6297,400,421,0,1,1
13722,4.0493,0.4506,400,420,0,1,1
13723,4.1555,0.5496,400,420,0,0,1
13724,4.1468,0.7113,400,420,0,0,1
13725,4.297,0.6462,399,420,0,0,1
13726,4.0469,0.6079,398,419,0,1,1
13727,4.1749,0.4368,398,418,0,1,1
13728,4.1833,0.8257,396,418,0,0,1
13729,4.206,0.6741,396,416,0,2,1
13730,4.1731,0.6001,396,416,0,0,1
13731,4.1394,0.462,394,416,0,0,1
13732,4.0972,0.4312,392,414,0,2,1
13733,4.2888,0.4389,388,412,0,2,1
13734,4.1158,0.434,388,408,0,4,1
13735,4.1676,0.4549,388,408,0,0,1
13736,4.1199,0.5202,388,408,0,0,1
13737,4.1643,0.4477,387,408,0,0,1
13738,4.1664,0.4284,386,407,0,1,1
13739,4.2422,0.5916,385,406,0,1,1
13740,4.2501,0.6748,385,405,0,1,1
13741,4.0198,0.427,383,405,0,0,1
13742,4.2101,0.4824,382,403,0,2,1
13743,4.1629,0.5047,381,402,0,1,1
13744,4.1213,0.4642,380,401,0,1,1
13745,4.2343,0.5527,379,400,0,1,1
13746,4.1263,0.5333,379,399,0,1,1
13747,4.1932,0.4976,378,399,0,0,1
13748,4.2162,0.6812,377,398,0,1,1
13749,4.4114,0.6529,370,397,0,1,1
13750,3.8378,0.4993,370,390,0,7,1
13751,4.1311,0.5025,369,390,0,0,1
13752,4.1967,0.5218,367,389,0,1,1
13753,4.1433,0.4914,367,387,0,2,1
13754,4.2336,0.556,367,387,0,0,1
13755,4.136,0.73,417,437,50,0,1
13756,4.1376,0.4869,415,437,0,0,1
13757,4.2413,0.5105,415,435,0,2,1
13758,4.1063,0.5023,415,435,0,0,1
13759,4.3692,0.641,415,435,0,0,1
13760,4.046,0.5244,415,435,0,0,1
13761,4.0713,0.439,414,435,0,0,1
13762,4.1891,0.4234,412,434,0,1,1
13763,4.1361,0.4337,412,432,0,2,1
13764,4.2738,0.6912,412,432,0,0,1
13765,4.1174,0.4313,412,432,0,0,1
13766,4.1491,0.4921,412,432,0,0,1
13767,4.1691,0.4525,412,432,0,0,1
13768,4.4523,0.4823,412,432,0,0,1
13769,3.8781,0.5321,412,432,0,0,1
13770,4.2235,0.5326,412,432,0,0,1
13771,4.1817,0.6855,411,432,0,0,1
13772,4.1338,0.5529,411,431,0,1,1
13773,4.435,0.4462,410,431,0,0,1
13774,3.8565,0.4967,409,430,0,1,1
13775,4.1807,0.5455,409,429,0,1,1
13776,4.1869,0.4655,408,429,0,0,1
13777,4.1777,0.4709,408,428,0,1,1
13778,4.1453,0.4613,408,428,0,0,1
13779,4.1493,0.4423,408,428,0,0,1
13780,4.1602,0.4589,408,428,0,0,1
13781,4.132,0.4212,406,428,0,0,1
13782,4.2239,0.4275,405,426,0,2,1
13783,4.1487,0.6192,405,425,0,1,1
13784,4.3422,0.7627,405,425,0,0,1
13785,4.3716,0.4184,405,425,0,0,1
13786,4.1576,0.6706,404,425,0,0,1
13787,3.8011,0.4241,403,424,0,1,1
13788,4.1358,0.4988,403,423,0,1,1
13789,4.2775,0.7509,403,423,0,0,1
13790,4.2272,0.7659,402,423,0,0,1
13791,4.0083,0.4877,402,422,0,1,1
13792,4.2454,0.5582,401,422,0,0,1
13793,4.0988,0.5783,400,421,0,1,1
13794,4.2313,0.4944,400,420,0,1,1
13795,4.0932,0.7092,399,420,0,0,1
13796,4.1443,0.4962,399,419,0,1,1
13797,4.1794,0.4744,398,419,0,0,1
13798,4.1931,0.6653,396,418,0,1,1
13799,4.1792,0.5141,395,416,0,2,1
13800,4.1449,0.5495,393,415,0,1,1
13801,4.1807,0.481,392,413,0,2,1
13802,4.1533,0.672,391,412,0,1,1
13803,4.1648,0.455,389,411,0,1,1
13804,4.1448,0.4551,388,409,0,2,1
13805,4.1961,0.4413,387,408,0,1,1
13806,4.187,0.4302,387,407,0,1,1
13807,4.1068,0.4644,386,407,0,0,1
13808,4.2247,0.4872,386,406,0,1,1
13809,5.1972,0.4257,383,406,0,0,1
13810,3.1106,0.4548,382,403,0,3,1
13811,4.1809,0.4337,382,402,0,1,1
13812,4.1757,0.4727,382,402,0,0,1
13813,4.1396,0.4239,382,402,0,0,1
13814,4.5435,0.4271,380,402,0,0,1
13815,3.794,0.4532,380,400,0,2,1
13816,4.4743,0.645,373,400,0,0,1
13817,3.9024,0.5124,371,393,0,7,1
13818,4.1258,0.4865,371,391,0,2,1
13819,4.1758,0.5659,371,391,0,0,1
13820,4.158,0.5389,370,391,0,0,1
13821,4.1624,0.7781,369,390,0,1,1
13822,4.3389,0.8809,419,439,50,1,1
13823,4.0206,0.4737,419,439,0,0,1
13824,4.1729,0.5607,418,439,0,0,1
13825,4.137,0.4314,417,438,0,1,1
13826,4.1621,0.4674,415,437,0,1,1
13827,4.1869,0.4304,415,435,0,2,1
13828,4.2,0.661,414,435,0,0,1
13829,4.4269,0.4585,414,434,0,1,1
13830,3.8737,0.4625,414,434,0,0,1
13831,4.2147,0.539,414,434,0,0,1
13832,4.1307,0.5159,414,434,0,0,1
13833,4.1311,0.7647,413,434,0,0,1
13834,4.1847,0.4535,413,433,0,1,1
13835,4.1367,0.4524,412,433,0,0,1
13836,4.1907,0.5035,411,432,0,1,1
13837,4.2119,0.4999,411,431,0,1,1
13838,4.1315,0.435,411,431,0,0,1
13839,4.2453,0.4369,409,431,0,0,1
13840,4.0915,0.638,408,429,0,2,1
13841,4.2992,0.6507,408,428,0,1,1
13842,4.0404,0.4541,408,428,0,0,1
13843,4.2096,0.4869,408,428,0,0,1
13844,4.0959,0.4632,406,428,0,0,1
13845,4.4497,1.0669,405,426,0,2,1
13846,3.9159,0.7259,405,425,0,1,1
13847,4.2076,0.586,405,425,0,0,1
13848,4.1664,0.5077,405,425,0,0,1
13849,4.2072,0.576,405,425,0,0,1
13850,4.0895,0.511,405,425,0,0,1
13851,4.135,0.6209,404,425,0,0,1
13852,4.1387,0.6271,403,424,0,1,1
13853,4.2023,0.4413,402,423,0,1,1
13854,4.1825,0.4588,401,422,0,1,1
13855,4.2172,0.5066,401,421,0,1,1
13856,4.0993,0.5496,401,421,0,0,1
13857,4.1805,0.4229,401,421,0,0,1
13858,4.1446,0.4282,400,421,0,0,1
13859,4.1839,0.4529,400,420,0,1,1
13860,4.2222,0.5019,400,420,0,0,1
13861,4.1956,0.4303,400,420,0,0,1
13862,4.0874,0.4908,400,420,0,0,1
13863,4.1373,0.4547,400,420,0,0,1
13864,4.2298,0.4243,399,420,0,0,1
13865,4.1847,0.4169,397,419,0,1,1
13866,4.0936,0.4199,396,417,0,2,1
13867,4.202,0.4628,395,416,0,1,1
13868,4.1547,0.4679,394,415,0,1,1
13869,4.2559,0.539,394,414,0,1,1
13870,4.0651,0.6095,394,414,0,0,1
13871,4.157,0.4185,394,414,0,0,1
13872,4.2753,0.719,394,414,0,0,1
13873,4.0756,0.4871,394,414,0,0,1
13874,4.1947,0.4905,394,414,0,0,1
13875,4.1066,0.7278,393,414,0,0,1
13876,4.1645,0.5249,393,413,0,1,1
13877,4.2334,0.6507,393,413,0,0,1
13878,4.1262,0.4567,392,413,0,0,1
13879,4.2219,0.4848,391,412,0,1,1
13880,4.3446,0.611,389,411,0,1,1
13881,3.9198,0.4817,389,409,0,2,1
13882,4.2081,0.6946,388,409,0,0,1
13883,4.1506,0.472,381,408,0,1,1
13884,4.2999,0.7383,381,401,0,7,1
13885,4.0541,0.4947,381,401,0,0,1
13886,4.2,0.7539,380,401,0,0,1
13887,4.4212,0.4553,379,400,0,1,1
13888,3.9337,0.5822,379,399,0,1,1
13889,4.1148,0.8356,428,449,50,0,1
13890,4.3586,0.5772,428,448,0,1,1
13891,3.9878,0.5289,428,448,0,0,1
13892,4.1928,0.5451,428,448,0,0,1
13893,4.1499,0.5311,427,448,0,0,1
13894,4.2136,0.4868,427,447,0,1,1
13895,4.2621,0.4401,427,447,0,0,1
13896,4.0005,0.5531,427,447,0,0,1
13897,4.1488,0.4358,426,447,0,0,1
13898,4.1706,0.4909,426,446,0,1,1
13899,4.209,0.5016,425,446,0,0,1
13900,4.1114,0.5046,424,445,0,1,1
13901,4.1842,0.5709,423,444,0,1,1
13902,4.1738,0.465,423,443,0,1,1
13903,4.1994,0.4553,422,443,0,0,1
13904,4.1932,0.5471,422,442,0,1,1
13905,4.1385,0.5427,421,442,0,0,1
13906,4.108,0.4447,420,441,0,1,1
13907,4.1561,0.429,419,440,0,1,1
13908,4.1572,0.4619,419,439,0,1,1
13909,4.2138,0.4412,417,439,0,0,1
13910,4.1951,0.7236,416,437,0,2,1
13911,4.1272,0.4264,415,436,0,1,1
13912,4.2357,0.6769,415,435,0,1,1
13913,4.0989,0.4892,415,435,0,0,1
13914,4.1949,0.5352,415,435,0,0,1
13915,4.1702,0.6913,415,435,0,0,1
13916,4.1056,0.4954,414,435,0,0,1
13917,4.2687,0.6575,414,434,0,1,1
13918,4.1187,0.5305,414,434,0,0,1
13919,4.1423,0.4892,414,434,0,0,1
13920,4.4705,1.0259,412,434,0,0,1
13921,3.8646,0.4419,412,432,0,2,1
13922,4.1527,0.4448,412,432,0,0,1
13923,4.2015,0.4879,412,432,0,0,1
13924,4.1527,0.4444,412,432,0,0,1
13925,4.2212,0.4955,411,432,0,0,1
13926,4.1454,0.4354,409,431,0,1,1
13927,4.1689,0.5471,409,429,0,2,1
13928,4.1305,0.7328,408,429,0,0,1
13929,4.176,0.674,408,428,0,1,1
13930,4.1222,0.6602,403,428,0,0,1
13931,4.1967,0.5402,403,423,0,5,1
13932,4.2163,0.5148,403,423,0,0,1
13933,4.1972,0.5038,403,423,0,0,1
13934,4.1368,0.7221,402,423,0,0,1
13935,4.173,0.5037,401,422,0,1,1
13936,4.2977,0.7016,400,421,0,1,1
13937,3.9732,0.6084,400,420,0,1,1
13938,4.4178,0.5234,400,420,0,0,1
13939,3.9981,0.4784,399,420,0,0,1
13940,4.0759,0.627,399,419,0,1,1
13941,4.2637,0.7104,398,419,0,0,1
13942,4.1239,0.6403,398,418,0,1,1
13943,4.2418,0.4521,397,418,0,0,1
13944,4.1062,0.5332,397,417,0,1,1
13945,4.1572,0.4675,397,417,0,0,1
13946,4.3928,0.5892,395,417,0,0,1
13947,3.9601,0.4434,394,415,0,2,1
13948,4.1061,0.4515,394,414,0,1,1
13949,4.1682,0.4317,394,414,0,0,1
13950,4.19,0.5999,393,414,0,0,1
13951,4.1531,0.4832,385,413,0,1,1
13952,4.2443,0.5484,385,405,0,8,1
13953,4.1125,0.6045,385,405,0,0,1
13954,4.2682,0.731,384,405,0,0,1
13955,4.0314,0.4383,384,404,0,1,1
13956,4.2326,0.6174,434,454,50,0,1
13957,4.0935,0.6787,432,454,0,0,1
13958,4.2452,0.7264,432,452,0,2,1
13959,4.1062,0.4915,432,452,0,0,1
13960,4.2848,0.8257,432,452,0,0,1
13961,4.0769,0.523,430,452,0,0,1
13962,4.287,0.6005,427,450,0,2,1
13963,4.0026,0.5358,427,447,0,3,1
13964,4.2394,0.5007,427,447,0,0,1
13965,4.1068,0.7023,427,447,0,0,1
13966,4.1455,2.0427,2,447,0,0,0
13967,4.1919,0.5126,2,23,0,424,0
13968,4.1462,1.0687,2,23,0,0,0
13969,4.1844,0.3291,2,23,0,0,0
13970,4.1948,0.35,2,23,0,0,0
13971,4.1406,0.3925,2,23,0,0,0
13972,4.2157,0.4525,2,23,0,0,0
13973,4.3311,0.3526,2,23,0,0,0
13974,3.9656,0.3403,2,23,0,0,0
13975,4.163,0.3211,2,23,0,0,0
13976,4.4987,0.3176,2,23,0,0,0
13977,3.8273,0.5056,2,23,0,0,0
13978,4.154,0.3196,2,23,0,0,0
13979,4.1798,0.3187,2,23,0,0,0
13980,4.2158,0.3646,2,23,0,0,0
13981,4.117,0.354,2,23,0,0,0
13982,4.2316,0.3824,2,23,0,0,0
13983,4.1097,0.4287,2,23,0,0,0
13984,4.1734,0.5994,2,23,0,0,0
13985,4.2297,0.348,2,23,0,0,0
13986,4.2297,0.3193,2,23,0,0,0
13987,4.3707,0.4286,2,23,0,0,0
13988,3.7926,0.2935,2,23,0,0,0
13989,4.329,0.5789,2,23,0,0,0
13990,4.04,0.4445,2,23,0,0,0
13991,4.1922,0.3166,2,23,0,0,0
13992,4.1387,0.3691,2,23,0,0,0
13993,4.144,0.3423,2,23,0,0,0
13994,4.2428,0.3635,2,23,0,0,0
13995,4.2122,0.3499,2,23,0,0,0
13996,4.0574,0.5105,2,23,0,0,0
13997,4.2392,0.3177,2,23,0,0,0
13998,4.4437,0.3427,2,23,0,0,0
13999,3.9122,0.3514,2,23,0,0,0
14000,4.1526,0.3808,2,23,0,0,0
14001,4.0879,0.3234,2,23,0,0,0
14002,4.1741,0.4607,2,23,0,0,0
14003,4.1464,0.431,2,23,0,0,0
14004,4.3103,0.34,2,23,0,0,0
14005,4.162,0.3137,2,23,0,0,0
14006,4.0637,0.3243,2,23,0,0,0
14007,4.1907,0.3639,2,23,0,0,0
14008,4.1266,0.4167,2,23,0,0,0
14009,4.2318,0.5592,2,23,0,0,0
14010,4.2865,0.3178,2,23,0,0,0
14011,4.0403,0.3345,2,23,0,0,0
14012,4.1885,0.3639,2,23,0,0,0
14013,4.4223,0.3239,2,23,0,0,0
14014,3.8941,0.3944,2,23,0,0,0
14015,4.1017,0.4622,2,23,0,0,0
14016,4.5016,0.3317,2,23,0,0,0
14017,3.8464,0.3124,2,23,0,0,0
14018,4.2081,0.3677,2,23,0,0,0
14019,4.2041,0.3547,2,23,0,0,0
14020,4.0678,0.3113,2,23,0,0,0
14021,4.1646,0.3117,2,23,0,0,0
14022,4.1924,0.3184,2,23,0,0,0
14023,4.2623,0.3214,2,23,0,0,0
14024,4.242,0.3415,2,23,0,0,0
14025,4.0378,0.3581,2,23,0,0,0
14026,4.0494,0.4992,2,23,0,0,0
14027,4.2376,0.3394,2,23,0,0,0
14028,4.4439,0.3094,2,23,0,0,0
14029,3.8944,0.31,2,23,0,0,0
14030,4.1595,0.3372,2,23,0,0,0
14031,4.1947,0.3126,2,23,0,0,0
14032,4.2181,0.4308,2,23,0,0,0
14033,4.4081,0.3118,2,23,0,0,0
14034,3.9214,0.5661,2,23,0,0,0
14035,4.1913,0.5857,2,23,0,0,0
14036,4.1191,0.5528,2,23,0,0,0
14037,4.2313,0.3771,2,23,0,0,0
14038,4.0704,0.3547,2,23,0,0,0
14039,4.1615,0.3118,2,23,0,0,0
14040,4.2233,0.3721,2,23,0,0,0
14041,4.1718,0.3399,2,23,0,0,0
14042,4.1255,0.4239,2,23,0,0,0
14043,4.1356,0.3108,2,23,0,0,0
14044,4.156,0.3098,2,23,0,0,0
14045,4.1726,0.3599,2,23,0,0,0
14046,4.1609,0.3161,2,23,0,0,0
14047,4.2333,0.3164,2,23,0,0,0
14048,4.2406,0.4524,2,23,0,0,0
14049,4.1026,0.5976,2,23,0,0,0
14050,4.076,0.3195,2,23,0,0,0
14051,4.193,0.3099,2,23,0,0,0
14052,4.4765,0.5902,2,23,0,0,0
14053,3.89,0.3177,2,23,0,0,0
14054,4.173,0.6081,2,23,0,0,0
14055,4.1615,0.3307,2,23,0,0,0
14056,4.5047,0.5844,2,23,0,0,0
14057,3.8615,0.3582,2,23,0,0,0
14058,4.3215,0.3113,2,23,0,0,0
14059,3.9324,0.31,2,23,0,0,0
14060,4.2455,0.3536,2,23,0,0,0
14061,4.4241,0.3686,2,23,0,0,0
14062,3.9166,0.3855,2,23,0,0,0
14063,4.5184,0.3063,2,23,0,0,0
14064,3.7695,0.3067,2,23,0,0,0
14065,4.2206,0.3506,2,23,0,0,0
14066,4.0788,0.3129,2,23,0,0,0
14067,4.3029,0.3591,2,23,0,0,0
14068,4.0911,0.3535,2,23,0,0,0
14069,4.1701,0.3382,2,23,0,0,0
14070,4.1389,0.3472,2,23,0,0,0
14071,4.1788,0.3667,2,23,0,0,0
14072,4.1805,0.3259,2,23,0,0,0
14073,4.183,0.3669,2,23,0,0,0
14074,4.1309,0.3561,2,23,0,0,0
14075,4.1114,0.282,2,23,0,0,0
14076,4.2179,0.357,2,23,0,0,0
14077,4.2432,0.3614,2,23,0,0,0
14078,4.1239,0.5199,2,23,0,0,0
14079,4.1703,0.5062,2,23,0,0,0
14080,4.1068,0.334,2,23,0,0,0
14081,4.2216,0.3581,2,23,0,0,0
14082,4.1353,0.3508,2,23,0,0,0
14083,4.1781,0.3394,2,23,0,0,0
14084,4.1296,0.5069,2,23,0,0,0
14085,4.2752,0.5823,2,23,0,0,0
14086,4.0752,0.3738,2,23,0,0,0
14087,4.1536,0.3116,2,23,0,0,0
14088,4.2142,0.43,2,23,0,0,0
14089,4.1617,0.4491,2,23,0,0,0
14090,4.1534,0.3689,2,23,0,0,0
14091,4.1709,0.4067,2,23,0,0,0
14092,4.2163,0.3692,2,23,0,0,0
14093,4.0651,0.3118,2,23,0,0,0
14094,4.2167,0.3329,2,23,0,0,0
14095,4.112,0.3123,2,23,0,0,0
14096,4.2516,0.367,2,23,0,0,0
14097,4.0622,0.469,2,23,0,0,0
14098,4.1765,0.3119,2,23,0,0,0
14099,4.2049,0.313,2,23,0,0,0
14100,4.1893,0.3453,2,23,0,0,0
14101,4.5415,0.3202,2,23,0,0,0
14102,3.8011,0.4547,2,23,0,0,0
14103,4.192,0.3092,2,23,0,0,0
14104,4.1049,0.5722,2,23,0,0,0
14105,4.3256,0.3429,2,23,0,0,0
14106,4.2047,0.3365,2,23,0,0,0
14107,4.0496,0.3552,2,23,0,0,0
14108,4.1753,0.3769,2,23,0,0,0
14109,4.1377,0.4597,2,23,0,0,0
14110,4.1324,0.3136,2,23,0,0,0
14111,4.402,0.311,2,23,0,0,0
14112,3.9675,0.3931,2,23,0,0,0
14113,4.1088,0.3289,2,23,0,0,0
14114,4.2047,0.3555,2,23,0,0,0
14115,4.1727,0.5867,2,23,0,0,0
14116,4.1121,0.3332,2,23,0,0,0
14117,4.2651,0.3103,2,23,0,0,0
14118,4.1155,0.3239,2,23,0,0,0
14119,4.2113,0.3593,2,23,0,0,0
14120,4.0885,0.4985,2,23,0,0,0
14121,4.1599,0.3859,2,23,0,0,0
14122,4.2248,0.3302,2,23,0,0,0
14123,4.1001,0.3087,2,23,0,0,0
14124,4.2608,0.3391,2,23,0,0,0
14125,4.0859,0.3306,2,23,0,0,0
14126,4.2019,0.4052,2,23,0,0,0
14127,4.2644,0.3891,2,23,0,0,0
14128,4.0349,0.5313,2,23,0,0,0
14129,4.221,0.5725,2,23,0,0,0
14130,4.2217,0.3158,2,23,0,0,0
14131,4.1962,0.3984,2,23,0,0,0
14132,4.1051,0.5649,2,23,0,0,0
14133,4.2223,0.5887,2,23,0,0,0
14134,4.1055,0.4467,2,23,0,0,0
14135,4.0984,0.3172,2,23,0,0,0
14136,4.1865,0.3134,2,23,0,0,0
14137,4.1693,0.3368,2,23,0,0,0
14138,4.1765,0.3429,2,23,0,0,0
14139,4.2357,0.425,2,23,0,0,0
14140,4.056,0.3384,2,23,0,0,0
14141,4.1849,0.3147,2,23,0,0,0
14142,4.1858,0.3261,2,23,0,0,0
14143,4.1883,0.3114,2,23,0,0,0
14144,4.1416,0.3681,2,23,0,0,0
14145,4.2605,0.4454,2,23,0,0,0
14146,4.0237,0.3133,2,23,0,0,0
14147,4.2008,0.5233,2,23,0,0,0
14148,4.218,0.3173,2,23,0,0,0
14149,4.1791,0.3367,2,23,0,0,0
14150,4.1453,0.7248,2,23,0,0,0
14151,4.1454,0.3571,2,23,0,0,0
14152,4.2714,0.5849,2,23,0,0,0
14153,4.0295,0.3473,2,23,0,0,0
14154,4.3199,0.3158,2,23,0,0,0
14155,4.0663,0.5933,2,23,0,0,0
14156,4.1809,0.3857,2,23,0,0,0
14157,4.5134,0.5902,2,23,0,0,0
14158,3.767,0.3132,2,23,0,0,0
14159,4.368,0.3376,2,23,0,0,0
14160,4.1958,0.523,2,23,0,0,0
14161,3.9505,0.3326,2,23,0,0,0
14162,4.3107,0.5909,2,23,0,0,0
14163,4.0622,0.3603,2,23,0,0,0
14164,4.1527,0.5228,2,23,0,0,0
14165,4.1204,0.5096,2,23,0,0,0
14166,4.184,0.3356,2,23,0,0,0
14167,4.2951,0.3702,2,23,0,0,0
14168,4.2147,0.3813,2,23,0,0,0
14169,4.0247,0.3871,2,23,0,0,0
14170,4.4927,0.3315,2,23,0,0,0
14171,3.7804,0.2891,2,23,0,0,0
14172,4.1387,0.33,2,23,0,0,0
14173,4.253,0.3014,2,23,0,0,0
14174,4.1253,0.3737,2,23,0,0,0
14175,4.2391,0.5688,2,23,0,0,0
14176,4.1018,0.371,2,23,0,0,0
14177,4.1566,0.4429,2,23,0,0,0
14178,4.2282,0.3115,2,23,0,0,0
14179,4.1918,0.3741,2,23,0,0,0
14180,4.1539,0.364,2,23,0,0,0
14181,4.1383,0.6076,2,23,0,0,0
14182,4.1571,0.5859,2,23,0,0,0
14183,4.1348,0.3125,2,23,0,0,0
14184,4.2585,0.3697,2,23,0,0,0
14185,4.1513,0.3476,2,23,0,0,0
14186,4.115,0.5877,2,23,0,0,0
14187,4.1136,0.316,2,23,0,0,0
14188,4.2029,0.3143,2,23,0,0,0
14189,4.197,0.3605,2,23,0,0,0
14190,4.1145,0.3443,2,23,0,0,0
14191,4.2526,0.4975,2,23,0,0,0
14192,4.161,0.6191,2,23,0,0,0
14193,4.2561,0.3122,2,23,0,0,0
14194,3.9967,0.3581,2,23,0,0,0
14195,4.1672,0.2854,2,23,0,0,0
14196,4.2421,0.354,2,23,0,0,0
14197,4.1846,0.3383,2,23,0,0,0
14198,4.1484,0.5693,2,23,0,0,0
14199,4.3887,0.3399,2,23,0,0,0
14200,3.9363,0.3649,2,23,0,0,0
14201,4.1637,0.3856,2,23,0,0,0
14202,4.284,0.3167,2,23,0,0,0
14203,4.3833,0.3148,2,23,0,0,0
14204,3.8389,0.5993,2,23,0,0,0
14205,4.1804,0.3681,2,23,0,0,0
14206,4.083,0.3778,2,23,0,0,0
14207,4.2214,0.3123,2,23,0,0,0
14208,4.1146,0.3507,2,23,0,0,0
14209,4.262,0.3478,2,23,0,0,0
14210,4.1582,0.6427,2,23,0,0,0
14211,4.2345,0.5813,2,23,0,0,0
14212,4.0054,0.2832,2,23,0,0,0
14213,4.2117,0.3098,2,23,0,0,0
14214,4.225,0.5867,2,23,0,0,0
14215,4.1458,0.4684,2,23,0,0,0
14216,4.1711,0.3338,2,23,0,0,0
14217,4.121,0.7608,2,23,0,0,0
14218,4.3043,0.3168,2,23,0,0,0
14219,4.0281,0.3174,2,23,0,0,0
14220,4.2102,0.3742,2,23,0,0,0
14221,4.1912,0.385,2,23,0,0,0
14222,4.1726,0.4647,2,23,0,0,0
14223,4.1365,0.3224,2,23,0,0,0
14224,4.129,0.376,2,23,0,0,0
14225,4.1885,0.3421,2,23,0,0,0
14226,4.1908,0.3193,2,23,0,0,0
14227,4.5361,0.5889,2,23,0,0,0
14228,3.6786,0.3122,2,23,0,0,0
14229,4.4553,0.3166,2,23,0,0,0
14230,4.0321,0.5192,2,23,0,0,0
14231,4.0653,0.3102,2,23,0,0,0
14232,4.1966,0.3844,2,23,0,0,0
14233,4.1454,0.3396,2,23,0,0,0
14234,4.2267,0.3521,2,23,0,0,0
14235,4.1261,0.3914,2,23,0,0,0
14236,4.1418,0.312,2,23,0,0,0
14237,4.1735,0.3093,2,23,0,0,0
14238,4.1951,0.334,2,23,0,0,0
14239,4.1676,0.3666,2,23,0,0,0
14240,4.1351,0.431,2,23,0,0,0
14241,4.1997,0.3777,2,23,0,0,0
14242,4.3379,0.3118,2,23,0,0,0
14243,3.965,0.3097,2,23,0,0,0
14244,4.221,0.3327,2,23,0,0,0
14245,4.1296,0.3355,2,23,0,0,0
14246,4.2015,0.4497,2,23,0,0,0
14247,4.1315,0.3482,2,23,0,0,0
14248,4.1532,0.5786,2,23,0,0,0
14249,4.5314,0.3761,2,23,0,0,0
14250,4.0148,0.3148,2,23,0,0,0
14251,3.9432,0.3318,2,23,0,0,0
14252,4.2475,0.5247,2,23,0,0,0
14253,4.1575,0.4,2,23,0,0,0
14254,4.1213,0.3825,2,23,0,0,0
14255,4.1447,0.6247,2,23,0,0,0
14256,4.1655,0.3126,2,23,0,0,0
14257,4.1983,0.332,2,23,0,0,0
14258,4.2222,0.3713,2,23,0,0,0
14259,4.4508,0.3103,2,23,0,0,0
14260,3.8031,0.4799,2,23,0,0,0
14261,4.2382,0.5054,2,23,0,0,0
14262,4.105,0.3332,2,23,0,0,0
14263,4.1821,0.6056,2,23,0,0,0
14264,4.1434,0.3953,2,23,0,0,0
14265,4.2621,0.4166,2,23,0,0,0
14266,4.1493,0.3419,2,23,0,0,0
14267,4.1096,0.5849,2,23,0,0,0
14268,4.2421,0.3222,2,23,0,0,0
14269,4.1782,0.4395,2,23,0,0,0
14270,4.1374,0.3632,2,23,0,0,0
14271,4.2029,0.3259,2,23,0,0,0
14272,4.0492,0.4147,2,23,0,0,0
14273,4.4176,0.3139,2,23,0,0,0
14274,4.3886,0.3163,2,23,0,0,0
14275,3.6846,0.5491,2,23,0,0,0
14276,4.174,0.324,2,23,0,0,0
14277,4.6077,0.3167,2,23,0,0,0
14278,4.1329,0.4036,2,23,0,0,0
14279,3.7741,0.3141,2,23,0,0,0
14280,4.1915,0.3098,2,23,0,0,0
14281,4.1854,0.6196,2,23,0,0,0
14282,4.1582,0.3838,2,23,0,0,0
14283,4.0994,0.3154,2,23,0,0,0
14284,4.3042,0.3463,2,23,0,0,0
14285,4.0542,0.4581,2,23,0,0,0
14286,4.5797,0.3339,2,23,0,0,0
14287,4.3747,0.498,2,23,0,0,0
14288,3.9514,0.3802,2,23,0,0,0
14289,4.276,0.3373,2,23,0,0,0
14290,4.0774,0.3414,2,23,0,0,0
14291,4.116,0.3778,2,23,0,0,0
14292,4.1679,0.3341,2,23,0,0,0
14293,4.1803,0.3434,2,23,0,0,0
14294,4.1305,0.3625,2,23,0,0,0
14295,3.8124,0.5751,2,23,0,0,0
14296,4.726,0.3203,2,23,0,0,0
14297,3.9887,0.3525,2,23,0,0,0
14298,4.2889,0.3318,2,23,0,0,0
14299,4.0503,0.332,2,23,0,0,0
14300,3.7919,0.3796,2,23,0,0,0
14301,4.5739,0.3725,2,23,0,0,0
14302,4.1755,0.354,2,23,0,0,0
14303,4.0216,0.3871,2,23,0,0,0
14304,4.3366,0.3321,2,23,0,0,0
14305,3.8003,0.3374,2,23,0,0,0
14306,4.1998,0.4179,2,23,0,0,0
14307,4.4951,0.3252,2,23,0,0,0
14308,3.7316,0.34,2,23,0,0,0
14309,4.1306,0.3122,2,23,0,0,0
14310,4.1829,0.3495,2,23,0,0,0
14311,4.171,0.3334,2,23,0,0,0
14312,4.1877,0.3592,2,23,0,0,0
14313,4.2009,0.3807,2,23,0,0,0
14314,4.1272,0.3606,2,23,0,0,0
14315,4.1669,0.3154,2,23,0,0,0
14316,4.1933,0.5116,2,23,0,0,0
14317,4.2105,0.3564,2,23,0,0,0
14318,4.1513,0.3009,2,23,0,0,0
14319,4.1627,0.5337,2,23,0,0,0
14320,4.1484,0.5612,2,23,0,0,0
14321,4.1724,0.3563,2,23,0,0,0
14322,4.3898,0.3168,2,23,0,0,0
14323,3.9667,0.4143,2,23,0,0,0
14324,4.1789,0.6051,2,23,0,0,0
14325,4.1599,0.3113,2,23,0,0,0
14326,4.1427,0.5936,2,23,0,0,0
14327,4.0991,0.307,2,23,0,0,0
14328,4.1667,0.297,2,23,0,0,0
14329,4.2666,0.6558,2,23,0,0,0
14330,4.131,0.339,2,23,0,0,0
14331,4.43,0.3686,2,23,0,0,0
14332,3.8615,0.3137,2,23,0,0,0
14333,4.1878,0.3139,2,23,0,0,0
14334,4.1815,0.3315,2,23,0,0,0
14335,4.192,0.3576,2,23,0,0,0
14336,4.118,0.3605,2,23,0,0,0
14337,4.1594,0.3172,2,23,0,0,0
14338,4.1672,0.3447,2,23,0,0,0
14339,4.1427,0.3041,2,23,0,0,0
14340,4.1524,0.4861,2,23,0,0,0
14341,4.9265,0.3431,2,23,0,0,0
14342,3.8981,0.3352,2,23,0,0,0
14343,4.06,0.3336,2,23,0,0,0
14344,4.322,0.3799,2,23,0,0,0
14345,4.0582,0.4775,2,23,0,0,0
14346,4.357,0.3341,2,23,0,0,0
14347,4.1834,0.4272,2,23,0,0,0
14348,3.9353,0.337,2,23,0,0,0
14349,4.1099,0.4812,2,23,0,0,0
14350,4.1884,0.3368,2,23,0,0,0
14351,4.3873,0.3687,2,23,0,0,0
14352,4.1329,0.3982,2,23,0,0,0
14353,4.0062,0.3488,2,23,0,0,0
14354,4.4274,0.4005,2,23,0,0,0
14355,3.8673,0.333,2,23,0,0,0
14356,4.2606,0.4238,2,23,0,0,0
14357,4.059,0.3459,2,23,0,0,0
14358,4.2612,0.3603,2,23,0,0,0
14359,5.2098,0.3749,2,23,0,0,0
14360,3.2203,0.3585,2,23,0,0,0
14361,4.2929,0.531,2,23,0,0,0
14362,4.1198,0.439,2,23,0,0,0
14363,3.8975,0.3356,2,23,0,0,0
14364,4.1525,0.3312,2,23,0,0,0
14365,4.2282,0.3943,2,23,0,0,0
14366,4.1907,0.3805,2,23,0,0,0
14367,4.0951,0.4548,2,23,0,0,0
14368,4.1774,0.3327,2,23,0,0,0
14369,4.1792,0.334,2,23,0,0,0
14370,4.3574,0.5681,2,23,0,0,0
14371,4.27,0.3344,2,23,0,0,0
14372,3.9287,0.3312,2,23,0,0,0
14373,4.2187,0.3319,2,23,0,0,0
14374,4.1018,0.3311,2,23,0,0,0
14375,3.8034,0.3321,2,23,0,0,0
14376,4.5363,0.4208,2,23,0,0,0
14377,4.1419,0.3414,2,23,0,0,0
14378,3.8279,0.3148,2,23,0,0,0
14379,4.2021,0.3345,2,23,0,0,0
14380,4.128,0.4621,2,23,0,0,0
14381,4.2078,0.517,2,23,0,0,0
14382,4.1393,0.3295,2,23,0,0,0
14383,4.2136,0.3562,2,23,0,0,0
14384,4.1091,0.3667,2,23,0,0,0
14385,4.2344,0.3499,2,23,0,0,0
14386,4.1585,0.3502,2,23,0,0,0
14387,4.1072,0.3086,2,23,0,0,0
14388,4.2924,0.3752,2,23,0,0,0
14389,4.0508,0.3132,2,23,0,0,0
14390,4.2173,0.3824,2,23,0,0,0
14391,4.1491,0.3891,2,23,0,0,0
14392,4.2522,0.5966,2,23,0,0,0
14393,4.5586,0.3183,2,23,0,0,0
14394,3.8988,0.3101,2,23,0,0,0
14395,3.9512,0.3762,2,23,0,0,0
14396,4.1902,0.5636,2,23,0,0,0
14397,4.4451,0.6059,2,23,0,0,0
14398,3.8136,0.4196,2,23,0,0,0
14399,4.531,0.3197,2,23,0,0,0
14400,4.3195,0.409,2,23,0,0,0
14401,4.0695,0.3656,2,23,0,0,0
14402,4.2302,0.3353,2,23,0,0,0
14403,4.312,0.3366,2,23,0,0,0
14404,3.8796,0.3695,2,23,0,0,0
14405,4.1692,0.3333,2,23,0,0,0
14406,4.2361,0.3823,2,23,0,0,0
14407,4.0519,0.3893,2,23,0,0,0
14408,4.5403,0.3335,2,23,0,0,0
14409,3.9453,0.3346,2,23,0,0,0
14410,4.0966,0.4132,2,23,0,0,0
14411,4.1088,0.3353,2,23,0,0,0
14412,4.1996,0.3374,2,23,0,0,0
14413,4.1638,0.3926,2,23,0,0,0
14414,3.8876,0.383,2,23,0,0,0
14415,4.5097,0.3116,2,23,0,0,0
14416,3.7517,0.3034,2,23,0,0,0
14417,4.2529,0.3406,2,23,0,0,0
14418,4.3332,0.3096,2,23,0,0,0
14419,3.9946,0.3123,2,23,0,0,0
14420,4.1503,0.3617,2,23,0,0,0
14421,4.143,0.3476,2,23,0,0,0
14422,4.1459,0.5124,2,23,0,0,0
14423,4.1605,0.3367,2,23,0,0,0
14424,4.6431,0.3402,2,23,0,0,0
14425,3.7594,0.3401,2,23,0,0,0
14426,4.5199,0.3831,2,23,0,0,0
14427,3.7957,0.5906,2,23,0,0,0
14428,4.2345,0.4776,2,23,0,0,0
14429,4.4284,0.3513,2,23,0,0,0
14430,4.1851,0.3617,2,23,0,0,0
14431,4.0862,0.3321,2,23,0,0,0
14432,4.3809,0.3794,2,23,0,0,0
14433,4.0395,0.377,2,23,0,0,0
14434,4.1302,0.4078,2,23,0,0,0
14435,4.1069,0.3356,2,23,0,0,0
14436,4.1587,0.3334,2,23,0,0,0
14437,4.1812,0.4378,2,23,0,0,0
14438,4.4053,0.5745,2,23,0,0,0
14439,4.0049,0.3826,2,23,0,0,0
14440,4.3296,0.373,2,23,0,0,0
14441,3.9523,0.3353,2,23,0,0,0
14442,4.1466,0.3344,2,23,0,0,0
14443,4.5886,0.3478,2,23,0,0,0
14444,3.5292,0.3688,2,23,0,0,0
14445,4.5296,0.3328,2,23,0,0,0
14446,4.1211,0.6073,2,23,0,0,0
14447,4.0345,0.3332,2,23,0,0,0
14448,3.9231,0.3788,2,23,0,0,0
14449,4.555,0.3861,2,23,0,0,0
14450,3.8238,0.5915,2,23,0,0,0
14451,4.1842,0.3668,2,23,0,0,0
14452,4.1358,0.3588,2,23,0,0,0
14453,4.1051,0.3349,2,23,0,0,0
14454,4.1596,0.3124,2,23,0,0,0
14455,4.5123,0.3338,2,23,0,0,0
14456,4.0414,0.3723,2,23,0,0,0
14457,4.0579,0.354,2,23,0,0,0
14458,4.4629,0.4315,2,23,0,0,0
14459,3.7375,0.3092,2,23,0,0,0
14460,4.5359,0.3444,2,23,0,0,0
14461,4.1362,0.33,2,23,0,0,0
14462,3.9212,0.564,2,23,0,0,0
14463,4.5589,0.4264,2,23,0,0,0
14464,3.7413,0.5869,2,23,0,0,0
14465,4.5514,0.428,2,23,0,0,0
14466,4.0276,0.3324,2,23,0,0,0
14467,3.9911,0.4802,2,23,0,0,0
14468,4.4764,0.3459,2,23,0,0,0
14469,4.5285,0.3455,2,23,0,0,0
14470,3.769,0.3356,2,23,0,0,0
14471,4.0669,0.3344,2,23,0,0,0
14472,4.1882,0.3346,2,23,0,0,0
14473,4.2904,0.3333,2,23,0,0,0
14474,4.0966,0.3282,2,23,0,0,0
14475,4.1673,0.3315,2,23,0,0,0
14476,4.355,0.3313,2,23,0,0,0
14477,4.0252,0.3772,2,23,0,0,0
14478,3.7873,0.3373,2,23,0,0,0
14479,5.1315,0.3316,2,23,0,0,0
14480,3.2695,0.399,2,23,0,0,0
14481,4.3825,0.3686,2,23,0,0,0
14482,4.3797,0.438,2,23,0,0,0
14483,3.9667,0.3256,2,23,0,0,0
14484,4.2382,0.3325,2,23,0,0,0
14485,4.1183,0.3531,2,23,0,0,0
14486,4.2032,0.3388,2,23,0,0,0
14487,4.0518,0.3286,2,23,0,0,0
14488,4.4998,0.3325,2,23,0,0,0
14489,4.1397,0.3312,2,23,0,0,0
14490,3.9349,0.3975,2,23,0,0,0
14491,4.2427,0.3922,2,23,0,0,0
14492,4.1326,0.3659,2,23,0,0,0
14493,4.3835,0.3181,2,23,0,0,0
14494,4.0259,0.4156,2,23,0,0,0
14495,3.7217,0.317,2,23,0,0,0
14496,4.5609,0.3718,2,23,0,0,0
14497,4.0795,0.3414,2,23,0,0,0
14498,4.2179,0.3216,2,23,0,0,0
14499,4.2561,0.3371,2,23,0,0,0
14500,4.0222,0.331,2,23,0,0,0
14501,4.3805,0.395,2,23,0,0,0
14502,4.486,0.3319,2,23,0,0,0
14503,3.7196,0.4164,2,23,0,0,0
14504,4.1904,0.3358,2,23,0,0,0
14505,4.5836,0.3659,2,23,0,0,0
14506,3.5647,0.3186,2,23,0,0,0
14507,4.355,0.4344,2,23,0,0,0
14508,4.1271,0.3815,2,23,0,0,0
14509,4.2735,0.333,2,23,0,0,0
14510,4.0382,0.363,2,23,0,0,0
14511,4.3614,0.3366,2,23,0,0,0
14512,3.8484,0.3175,2,23,0,0,0
14513,4.2523,0.3345,2,23,0,0,0
14514,4.1531,0.3358,2,23,0,0,0
14515,4.2014,0.391,2,23,0,0,0
14516,4.2443,0.379,2,23,0,0,0
14517,4.3616,0.3285,2,23,0,0,0
14518,3.9478,0.3318,2,23,0,0,0
14519,4.072,0.3648,2,23,0,0,0
14520,4.2318,0.3308,2,23,0,0,0
14521,4.1411,0.3495,2,23,0,0,0
14522,4.1764,0.3323,2,23,0,0,0
14523,4.2325,0.3998,2,23,0,0,0
14524,4.153,0.3202,2,23,0,0,0
14525,4.111,0.3488,2,23,0,0,0
14526,4.2323,0.3618,2,23,0,0,0
14527,4.3269,0.3268,2,23,0,0,0
14528,3.9766,0.3872,2,23,0,0,0
14529,4.1084,0.3607,2,23,0,0,0
14530,4.4737,0.3313,2,23,0,0,0
14531,4.1521,0.4222,2,23,0,0,0
14532,4.133,0.3449,2,23,0,0,0
14533,4.3959,0.384,2,23,0,0,0
14534,3.762,0.3316,2,23,0,0,0
14535,4.0463,0.3329,2,23,0,0,0
14536,4.2491,0.3314,2,23,0,0,0
14537,4.2121,0.3287,2,23,0,0,0
14538,4.2918,0.3428,2,23,0,0,0
14539,4.1868,0.4682,2,23,0,0,0
14540,3.9234,0.3331,2,23,0,0,0
14541,4.2616,0.4066,2,23,0,0,0
14542,4.1834,0.3199,2,23,0,0,0
14543,4.0005,0.3178,2,23,0,0,0
14544,4.7501,0.331,2,23,0,0,0
14545,3.6506,0.359,2,23,0,0,0
14546,4.2829,0.3721,2,23,0,0,0
14547,4.0016,0.331,2,23,0,0,0
14548,4.3401,0.3934,2,23,0,0,0
14549,4.1324,0.4049,2,23,0,0,0
14550,4.1246,0.3623,2,23,0,0,0
14551,4.2518,0.3878,2,23,0,0,0
14552,4.1288,0.3325,2,23,0,0,0
14553,3.9855,0.3564,2,23,0,0,0
14554,4.2368,0.3063,2,23,0,0,0
14555,4.2072,0.3885,2,23,0,0,0
14556,4.1177,0.3154,2,23,0,0,0
14557,4.241,0.395,2,23,0,0,0
14558,4.2067,0.3644,2,23,0,0,0
14559,4.7969,0.3542,2,23,0,0,0
14560,3.4381,0.3319,2,23,0,0,0
14561,4.2389,0.3707,2,23,0,0,0
14562,4.1319,0.3327,2,23,0,0,0
14563,4.131,0.3334,2,23,0,0,0
14564,4.4749,0.395,2,23,0,0,0
14565,3.9258,0.3391,2,23,0,0,0
14566,4.5419,0.3416,2,23,0,0,0
14567,3.7263,0.3395,2,23,0,0,0
14568,4.178,0.3632,2,23,0,0,0
14569,4.1494,0.4187,2,23,0,0,0
14570,4.493,0.3898,2,23,0,0,0
14571,4.0534,0.3786,2,23,0,0,0
14572,4.0525,0.3647,2,23,0,0,0
14573,4.0376,0.3718,2,23,0,0,0
14574,4.4653,0.3551,2,23,0,0,0
14575,4.4476,0.3665,2,23,0,0,0
14576,3.6669,0.3663,2,23,0,0,0
14577,4.1331,0.4184,2,23,0,0,0
14578,4.4253,0.419,2,23,0,0,0
14579,3.8673,0.3305,2,23,0,0,0
14580,4.2802,0.3314,2,23,0,0,0
14581,4.5277,0.3864,2,23,0,0,0
14582,3.805,0.3738,2,23,0,0,0
14583,4.1381,0.3861,2,23,0,0,0
14584,4.1702,0.3313,2,23,0,0,0
14585,4.0902,0.3699,2,23,0,0,0
14586,4.2705,0.3457,2,23,0,0,0
14587,4.1692,0.3711,2,23,0,0,0
14588,4.0735,0.3289,2,23,0,0,0
14589,4.259,0.3885,2,23,0,0,0
14590,4.1261,0.3325,2,23,0,0,0
14591,4.1038,0.3396,2,23,0,0,0
14592,4.5712,0.3544,2,23,0,0,0
14593,3.9247,0.3913,2,23,0,0,0
14594,4.1934,0.3177,2,23,0,0,0
14595,3.9483,0.3238,2,23,0,0,0
14596,4.2341,0.3387,2,23,0,0,0
14597,4.1397,0.3233,2,23,0,0,0
14598,4.2627,0.3679,2,23,0,0,0
14599,4.1539,0.3171,2,23,0,0,0
14600,4.1119,0.3428,2,23,0,0,0
14601,4.5541,0.3358,2,23,0,0,0
14602,3.9746,0.5035,2,23,0,0,0
14603,4.1298,0.3673,2,23,0,0,0
14604,4.1355,0.4405,2,23,0,0,0
14605,4.1471,0.3634,2,23,0,0,0
14606,4.1172,0.4243,2,23,0,0,0
14607,4.2277,0.3616,2,23,0,0,0
14608,4.1847,0.4871,2,23,0,0,0
14609,4.0478,0.3453,2,23,0,0,0
14610,4.5362,0.3182,2,23,0,0,0
14611,3.817,0.4142,2,23,0,0,0
14612,4.4522,0.4018,2,23,0,0,0
14613,3.8962,0.3526,2,23,0,0,0
14614,4.4749,0.4916,2,23,0,0,0
14615,3.7705,0.3744,2,23,0,0,0
14616,4.163,0.3188,2,23,0,0,0
14617,4.2018,0.3309,2,23,0,0,0
14618,4.7355,0.381,2,23,0,0,0
14619,3.6448,0.351,2,23,0,0,0
14620,4.1093,0.3679,2,23,0,0,0
14621,4.169,0.3642,2,23,0,0,0
14622,4.2414,0.3705,2,23,0,0,0
14623,4.1659,0.3308,2,23,0,0,0
14624,4.3557,0.3858,2,23,0,0,0
14625,4.2926,0.4266,2,23,0,0,0
14626,3.8089,0.3297,2,23,0,0,0
14627,4.191,0.453,2,23,0,0,0
14628,4.1397,0.3321,2,23,0,0,0
14629,4.4976,0.4502,2,23,0,0,0
14630,5.598,0.3804,2,23,0,0,0
14631,2.7633,0.4721,2,23,0,0,0
14632,3.7759,0.3598,2,23,0,0,0
14633,4.6516,0.3718,2,23,0,0,0
14634,3.7496,0.3355,2,23,0,0,0
14635,4.7912,0.4415,2,23,0,0,0
14636,3.7425,0.3693,2,23,0,0,0
14637,5.9707,0.3548,2,23,0,0,0
14638,2.3778,0.3446,2,23,0,0,0
14639,3.9052,0.3336,2,23,0,0,0
14640,4.1982,0.3962,2,23,0,0,0
14641,4.1284,0.3435,2,23,0,0,0
14642,5.3731,0.3784,2,23,0,0,0
14643,2.9511,0.3198,2,23,0,0,0
14644,5.687,0.3325,2,23,0,0,0
14645,2.3743,0.3401,2,23,0,0,0
14646,4.4823,0.3592,2,23,0,0,0
14647,4.8176,0.3636,2,23,0,0,0
14648,4.1596,0.3335,2,23,0,0,0
14649,5.9485,0.3843,2,23,0,0,0
14650,1.5652,0.4383,2,23,0,0,0
14651,4.2734,0.3726,2,23,0,0,0
14652,3.9244,1.2318,2,23,0,0,0
14653,4.1801,0.5549,2,23,0,0,0
14654,4.1587,0.3352,2,23,0,0,0
14655,4.167,0.3311,2,23,0,0,0
14656,4.1675,1.0341,2,23,0,0,0
14657,4.1629,0.5892,2,23,0,0,0
14658,4.4991,0.729,2,23,0,0,0
14659,3.8262,0.3434,2,23,0,0,0
14660,4.184,0.4533,2,23,0,0,0
14661,4.2501,0.9831,2,23,0,0,0
14662,4.0831,0.437,2,23,0,0,0
14663,4.4879,0.3107,2,23,0,0,0
14664,3.8859,1.0246,2,23,0,0,0
14665,4.116,0.3433,2,23,0,0,0
14666,4.2004,0.36,2,23,0,0,0
14667,4.1394,0.3189,2,23,0,0,0
14668,4.1483,1.1761,2,23,0,0,0
14669,4.178,0.5276,2,23,0,0,0
14670,4.2089,0.3151,2,23,0,0,0
14671,4.1477,0.8002,2,23,0,0,0
14672,4.1588,0.7852,2,23,0,0,0
14673,4.1558,0.3297,2,23,0,0,0
14674,4.2,1.3514,2,23,0,0,0
14675,4.4056,1.0663,2,23,0,0,0
14676,3.9886,0.5104,2,23,0,0,0
14677,4.0899,0.7035,2,23,0,0,0
14678,6.0642,0.3418,2,23,0,0,0
14679,2.2668,0.3109,2,23,0,0,0
14680,6.308,0.4121,2,23,0,0,0
14681,2.2983,0.3871,2,23,0,0,0
14682,4.233,0.327,2,23,0,0,0
14683,5.5256,0.383,2,23,0,0,0
14684,4.9611,0.3846,2,23,0,0,0
14685,3.4972,0.3931,2,23,0,0,0
14686,3.0198,0.3339,2,23,0,0,0
14687,3.829,0.3979,2,23,0,0,0
14688,4.0777,0.3327,2,23,0,0,0
14689,4.2367,0.3331,2,23,0,0,0
14690,4.1794,0.3698,2,23,0,0,0
14691,5.828,0.3483,2,23,0,0,0
14692,4.9131,0.3333,2,23,0,0,0
14693,1.7077,0.384,2,23,0,0,0
14694,7.7482,0.4034,2,23,0,0,0
14695,1.4774,0.3341,2,23,0,0,0
14696,4.2441,0.4398,2,23,0,0,0
14697,3.1883,0.4255,2,23,0,0,0
14698,6.5578,0.3456,2,23,0,0,0
14699,1.7801,0.4378,2,23,0,0,0
14700,6.2166,0.3332,2,23,0,0,0
14701,4.7401,0.3749,2,23,0,0,0
14702,1.6378,0.3775,2,23,0,0,0
14703,8.6138,0.3944,2,23,0,0,0
14704,0.4551,0.2939,2,23,0,0,0
14705,3.4444,0.3545,2,23,0,0,0
14706,4.1015,0.3829,2,23,0,0,0
14707,6.4408,0.3514,2,23,0,0,0
14708,1.9051,0.4796,2,23,0,0,0
14709,4.1857,0.4521,2,23,0,0,0
14710,4.1818,0.3797,2,23,0,0,0
14711,4.0721,0.3856,2,23,0,0,0
14712,4.2402,0.4072,2,23,0,0,0
14713,8.1906,0.3345,2,23,0,0,0
14714,0.3895,0.3338,2,23,0,0,0
14715,3.9001,0.4338,2,23,0,0,0
14716,6.9838,0.3894,2,23,0,0,0
14717,2.2925,0.3793,2,23,0,0,0
14718,3.4574,0.3335,2,23,0,0,0
14719,4.6646,0.3317,2,23,0,0,0
14720,4.4571,0.3302,2,23,0,0,0
14721,2.876,0.5598,2,23,0,0,0
14722,4.3751,0.5058,2,23,0,0,0
14723,3.888,0.3126,2,23,0,0,0
14724,4.2322,0.6019,2,23,0,0,0
14725,4.1029,0.7772,2,23,0,0,0
14726,4.1777,0.6347,2,23,0,0,0
14727,4.1531,0.3193,2,23,0,0,0
14728,4.1683,0.5616,2,23,0,0,0
14729,4.1664,0.3382,2,23,0,0,0
14730,4.1669,0.8554,2,23,0,0,0
14731,4.1638,0.4432,2,23,0,0,0
14732,4.1938,0.5694,2,23,0,0,0
14733,4.1337,0.6716,2,23,0,0,0
14734,4.1805,0.6582,2,23,0,0,0
14735,4.1613,0.7283,2,23,0,0,0
14736,4.1647,0.6721,2,23,0,0,0
14737,4.1651,0.6023,2,23,0,0,0
14738,4.1798,0.3388,2,23,0,0,0
14739,4.1734,0.5781,2,23,0,0,0
14740,4.1474,0.3154,2,23,0,0,0
14741,4.1777,0.6918,2,23,0,0,0
14742,4.1676,0.8493,2,23,0,0,0
14743,4.1589,0.5725,2,23,0,0,0
14744,4.2311,0.5403,2,23,0,0,0
14745,4.1011,0.58,2,23,0,0,0
14746,4.2628,0.3992,2,23,0,0,0
14747,4.0674,0.4832,2,23,0,0,0
14748,4.1803,0.3868,2,23,0,0,0
14749,4.1601,0.3403,2,23,0,0,0
14750,4.2214,0.5885,2,23,0,0,0
14751,4.0488,0.2762,2,23,0,0,0
14752,4.2257,0.585,2,23,0,0,0
14753,4.3587,0.6135,2,23,0,0,0
14754,4.0444,0.3116,2,23,0,0,0
14755,4.187,0.3705,2,23,0,0,0
14756,4.1655,0.3507,2,23,0,0,0
14757,4.1047,0.6648,2,23,0,0,0
14758,4.156,0.588,2,23,0,0,0
14759,4.1533,0.3684,2,23,0,0,0
14760,4.1691,0.5767,2,23,0,0,0
14761,4.176,0.8171,2,23,0,0,0
14762,4.2067,0.4899,2,23,0,0,0
14763,4.1332,0.6858,2,23,0,0,0
14764,4.1751,0.5648,2,23,0,0,0
14765,4.1546,0.453,2,23,0,0,0
14766,4.2122,0.9174,2,23,0,0,0
14767,4.1175,0.3156,2,23,0,0,0
14768,4.3392,0.442,2,23,0,0,0
14769,3.9965,0.8081,2,23,0,0,0
14770,4.1683,0.7428,2,23,0,0,0
14771,4.1798,0.7748,2,23,0,0,0
14772,4.1476,0.3635,2,23,0,0,0
14773,4.1751,0.6883,2,23,0,0,0
14774,4.1742,0.7274,2,23,0,0,0
14775,4.1491,0.3342,2,23,0,0,0
14776,4.1508,0.9276,2,23,0,0,0
14777,5.2452,0.5,2,23,0,0,0
14778,4.1615,0.3611,2,23,0,0,0
14779,3.683,0.3668,2,23,0,0,0
14780,3.9837,0.34,2,23,0,0,0
14781,4.1346,0.3667,2,23,0,0,0
14782,4.2122,0.4059,2,23,0,0,0
14783,4.2091,0.3326,2,23,0,0,0
14784,4.3991,0.3612,2,23,0,0,0
14785,3.8627,0.3513,2,23,0,0,0
14786,4.0792,0.3328,2,23,0,0,0
14787,4.3251,0.3384,2,23,0,0,0
14788,4.0839,0.3309,2,23,0,0,0
14789,4.0901,0.3326,2,23,0,0,0
14790,3.9421,0.5712,2,23,0,0,0
14791,4.1597,0.3686,2,23,0,0,0
14792,4.5311,0.4668,2,23,0,0,0
14793,4.0617,0.3129,2,23,0,0,0
14794,4.2996,0.4088,2,23,0,0,0
14795,3.7264,0.5549,2,23,0,0,0
14796,4.5476,0.3336,2,23,0,0,0
14797,4.3936,0.356,2,23,0,0,0
14798,3.643,0.575,2,23,0,0,0
14799,4.8226,0.3905,2,23,0,0,0
14800,3.753,0.3326,2,23,0,0,0
14801,4.1731,0.3258,2,23,0,0,0
14802,4.1319,0.3294,2,23,0,0,0
14803,4.1707,0.3222,2,23,0,0,0
14804,4.2633,0.493,2,23,0,0,0
14805,4.1604,0.52,2,23,0,0,0
14806,4.2196,0.3331,2,23,0,0,0
14807,4.0421,0.3658,2,23,0,0,0
14808,4.1997,0.3771,2,23,0,0,0
14809,4.1535,0.3331,2,23,0,0,0
14810,4.1262,0.329,2,23,0,0,0
14811,4.2658,0.3944,2,23,0,0,0
14812,4.0754,0.3247,2,23,0,0,0
14813,3.8705,0.3096,2,23,0,0,0
14814,4.1917,0.3274,2,23,0,0,0
14815,4.2129,0.3686,2,23,0,0,0
14816,4.0938,0.3902,2,23,0,0,0
14817,4.5009,0.311,2,23,0,0,0
14818,3.8601,0.3569,2,23,0,0,0
14819,4.9248,0.334,2,23,0,0,0
14820,3.3786,0.3111,2,23,0,0,0
14821,4.5568,0.3846,2,23,0,0,0
14822,4.2177,0.3596,2,23,0,0,0
14823,4.1095,0.4477,2,23,0,0,0
14824,4.4241,0.3382,2,23,0,0,0
14825,3.5904,0.4269,2,23,0,0,0
14826,4.4621,0.3639,2,23,0,0,0
14827,4.0933,0.3816,2,23,0,0,0
14828,4.4343,0.4151,2,23,0,0,0
14829,3.9719,0.3857,2,23,0,0,0
14830,4.2202,0.3588,2,23,0,0,0
14831,4.0584,0.332,2,23,0,0,0
14832,3.8363,0.4248,2,23,0,0,0
14833,4.6008,0.3876,2,23,0,0,0
14834,3.8263,0.4116,2,23,0,0,0
14835,4.4231,0.3859,2,23,0,0,0
14836,4.1935,0.3323,2,23,0,0,0
14837,3.8376,0.3595,2,23,0,0,0
14838,4.5131,0.3518,2,23,0,0,0
14839,4.0306,0.3302,2,23,0,0,0
14840,3.9573,0.5839,2,23,0,0,0
14841,4.8648,0.3278,2,23,0,0,0
14842,3.9816,0.3975,2,23,0,0,0
14843,3.9467,0.3383,2,23,0,0,0
14844,4.1973,0.3193,2,23,0,0,0
14845,3.8723,0.3894,2,23,0,0,0
14846,4.4677,0.3907,2,23,0,0,0
14847,4.1105,0.3384,2,23,0,0,0
14848,4.5454,0.3316,2,23,0,0,0
14849,3.5697,0.3561,2,23,0,0,0
14850,4.4025,0.3184,2,23,0,0,0
14851,4.181,0.3359,2,23,0,0,0
14852,3.8479,0.3108,2,23,0,0,0
14853,4.9004,0.3742,2,23,0,0,0
14854,3.4917,0.3581,2,23,0,0,0
14855,4.4262,0.3336,2,23,0,0,0
14856,4.1597,0.3373,2,23,0,0,0
14857,4.2357,0.3461,2,23,0,0,0
14858,3.8618,0.5318,2,23,0,0,0
14859,4.7034,0.3363,2,23,0,0,0
14860,4.5011,0.3328,2,23,0,0,0
14861,4.0678,0.4222,2,23,0,0,0
14862,3.9615,0.3282,2,23,0,0,0
14863,4.1182,0.3366,2,23,0,0,0
14864,3.8139,0.3422,2,23,0,0,0
14865,4.5227,0.3337,2,23,0,0,0
14866,3.912,0.3239,2,23,0,0,0
14867,4.0928,0.3095,2,23,0,0,0
14868,4.6484,0.3344,2,23,0,0,0
14869,3.7114,0.3833,2,23,0,0,0
14870,4.2845,0.5908,2,23,0,0,0
14871,4.0474,0.2824,2,23,0,0,0
14872,4.2,0.494,2,23,0,0,0
14873,4.293,0.3933,2,23,0,0,0
14874,4.0036,0.3576,2,23,0,0,0
14875,4.5698,0.3332,2,23,0,0,0
14876,3.8474,0.3454,2,23,0,0,0
14877,4.145,0.533,2,23,0,0,0
14878,4.4685,0.3381,2,23,0,0,0
14879,3.7986,0.334,2,23,0,0,0
14880,4.2657,0.4009,2,23,0,0,0
14881,4.0636,0.3364,2,23,0,0,0
14882,4.2331,0.5289,2,23,0,0,0
14883,4.1054,0.3793,2,23,0,0,0
14884,4.5671,0.334,2,23,0,0,0
14885,4.2451,0.6193,2,23,0,0,0
14886,3.6911,0.3388,2,23,0,0,0
14887,4.9552,0.3346,2,23,0,0,0
14888,7.8326,0.5617,2,23,0,0,0
14889,3.9596,0.5163,2,23,0,0,0
14890,4.7013,0.3125,2,23,0,0,0
14891,3.5139,0.3433,2,23,0,0,0
14892,76.7177,0.5741,2,23,0,0,0
