frame,frameMs,cpuMs,activeObjects,totalObjects,created,destroyed,bossActive,buffersCreated,bufferCreateMs
0,1.0834,2.195,2,713,0,0,0,1,0.0334
1,4.7322,0.8695,2,713,0,0,0,0,0
2,1.9858,0.3144,2,713,0,0,0,0,0
3,3.8744,0.4061,2,713,0,0,0,0,0
4,4.2154,0.834,2,713,0,0,0,0,0
5,3.9825,0.3561,2,713,0,0,0,0,0
6,4.6688,0.4734,2,713,0,0,0,0,0
7,3.9423,0.3824,2,713,0,0,0,0,0
8,3.9015,0.3315,2,713,0,0,0,0,0
9,4.3636,0.4853,2,713,0,0,0,0,0
10,4.4751,0.3512,2,713,0,0,0,0,0
11,3.9352,0.3862,2,713,0,0,0,0,0
12,3.8494,0.3823,2,713,0,0,0,0,0
13,4.4775,0.3858,2,713,0,0,0,0,0
14,4.2513,0.3346,2,713,0,0,0,0,0
15,3.8246,0.3963,2,713,0,0,0,0,0
16,4.1909,0.3943,2,713,0,0,0,0,0
17,4.0833,0.4522,2,713,0,0,0,0,0
18,4.6854,0.2791,2,713,0,0,0,0,0
19,3.9879,0.3338,2,713,0,0,0,0,0
20,3.863,0.3935,2,713,0,0,0,0,0
21,4.3585,0.3691,2,713,0,0,0,0,0
22,4.1188,0.3864,2,713,0,0,0,0,0
23,4.2965,0.4339,2,713,0,0,0,0,0
24,3.9401,0.3489,2,713,0,0,0,0,0
25,4.2802,0.3951,2,713,0,0,0,0,0
26,4.2506,0.2159,2,713,0,0,0,0,0
27,3.7707,0.2129,2,713,0,0,0,0,0
28,4.0748,0.1798,2,713,0,0,0,0,0
29,4.1753,0.1859,2,713,0,0,0,0,0
30,4.251,0.3307,2,713,0,0,0,0,0
31,4.3766,0.3149,2,713,0,0,0,0,0
32,3.9258,0.293,2,713,0,0,0,0,0
33,4.4295,0.2905,2,713,0,0,0,0,0
34,3.9341,0.4412,2,713,0,0,0,0,0
35,4.2757,0.2128,2,713,0,0,0,0,0
36,4.0567,0.2176,2,713,0,0,0,0,0
37,4.1928,0.3896,2,713,0,0,0,0,0
38,4.3973,0.2515,2,713,0,0,0,0,0
39,4.2022,0.3932,2,713,0,0,0,0,0
40,3.8207,0.3426,2,713,0,0,0,0,0
41,4.1924,0.2043,2,713,0,0,0,0,0
42,4.2377,0.2076,2,713,0,0,0,0,0
43,4.579,0.2321,2,713,0,0,0,0,0
44,3.6907,0.352,2,713,0,0,0,0,0
45,4.2243,0.2563,2,713,0,0,0,0,0
46,4.1418,0.3939,2,713,0,0,0,0,0
47,4.2786,0.3302,2,713,0,0,0,0,0
48,4.0211,0.2125,2,713,0,0,0,0,0
49,4.3469,0.3579,2,713,0,0,0,0,0
50,4.2538,0.324,2,713,0,0,0,0,0
51,4.2506,0.3928,2,713,0,0,0,0,0
52,3.7779,0.3478,2,713,0,0,0,0,0
53,4.2507,0.215,2,713,0,0,0,0,0
54,4.4733,0.3017,2,713,0,0,0,0,0
55,3.9149,0.2114,2,713,0,0,0,0,0
56,4.0599,0.5232,2,713,0,0,0,0,0
57,4.243,0.2137,2,713,0,0,0,0,0
58,4.0667,0.2323,2,713,0,0,0,0,0
59,4.3907,0.2338,2,713,0,0,0,0,0
60,3.9625,0.1904,2,713,0,0,0,0,0
61,4.1495,0.2281,2,713,0,0,0,0,0
62,4.406,0.3117,2,713,0,0,0,0,0
63,4.2267,0.3482,2,713,0,0,0,0,0
64,3.8501,0.337,2,713,0,0,0,0,0
65,4.2257,0.2288,2,713,0,0,0,0,0
66,4.4525,0.4101,2,713,0,0,0,0,0
67,3.8386,0.2072,2,713,0,0,0,0,0
68,4.443,0.3841,2,713,0,0,0,0,0
69,3.8995,0.215,2,713,0,0,0,0,0
70,4.2253,0.5928,2,713,0,0,0,0,0
71,13.4787,0.363,2,713,0,0,0,0,0
72,2.1205,0.2217,2,713,0,0,0,0,0
73,3.0498,0.7265,2,713,0,0,0,0,0
74,2.3864,0.456,2,713,0,0,0,0,0
75,4.1009,0.2858,2,713,0,0,0,0,0
76,4.0399,0.2133,2,713,0,0,0,0,0
77,4.4769,0.3574,2,713,0,0,0,0,0
78,3.9205,0.4462,2,713,0,0,0,0,0
79,4.1554,0.4565,2,713,0,0,0,0,0
80,4.4336,0.3388,2,713,0,0,0,0,0
81,4.4697,0.4037,2,713,0,0,0,0,0
82,3.7989,0.3719,2,713,0,0,0,0,0
83,3.9198,0.3817,2,713,0,0,0,0,0
84,4.515,0.3604,2,713,0,0,0,0,0
85,4.2261,0.4272,2,713,0,0,0,0,0
86,5.0947,0.3563,2,713,0,0,0,0,0
87,2.8537,0.2107,2,713,0,0,0,0,0
88,4.2191,0.3289,2,713,0,0,0,0,0
89,4.5531,0.4056,2,713,0,0,0,0,0
90,3.7189,0.3349,2,713,0,0,0,0,0
91,4.318,0.5719,2,713,0,0,0,0,0
92,4.3111,0.4419,2,713,0,0,0,0,0
93,4.0452,0.3378,2,713,0,0,0,0,0
94,4.2488,0.4751,2,713,0,0,0,0,0
95,3.883,0.5062,2,713,0,0,0,0,0
96,4.1778,0.3269,2,713,0,0,0,0,0
97,5.3724,0.3519,2,713,0,0,0,0,0
98,3.1985,0.3756,2,713,0,0,0,0,0
99,3.8996,0.4442,2,713,0,0,0,0,0
100,4.1633,0.3208,2,713,0,0,0,0,0
101,4.4316,0.4,2,713,0,0,0,0,0
102,3.9034,0.3352,2,713,0,0,0,0,0
103,4.4237,0.4398,2,713,0,0,0,0,0
104,4.1793,0.444,2,713,0,0,0,0,0
105,4.572,0.3864,2,713,0,0,0,0,0
106,3.7672,0.3511,2,713,0,0,0,0,0
107,3.9168,0.332,2,713,0,0,0,0,0
108,4.3585,0.3524,2,713,0,0,0,0,0
109,4.5974,0.4236,2,713,0,0,0,0,0
110,3.9883,0.2821,2,713,0,0,0,0,0
111,3.7151,0.2629,2,713,0,0,0,0,0
112,4.9814,0.4163,2,713,0,0,0,0,0
113,3.5173,0.2659,2,713,0,0,0,0,0
114,4.2518,0.3741,2,713,0,0,0,0,0
115,3.8967,0.2712,2,713,0,0,0,0,0
116,4.2176,0.4084,2,713,0,0,0,0,0
117,4.2609,0.434,2,713,0,0,0,0,0
118,4.0209,0.2886,2,713,0,0,0,0,0
119,4.1653,0.286,2,713,0,0,0,0,0
120,4.4175,0.2149,2,713,0,0,0,0,0
121,4.0867,0.3606,2,713,0,0,0,0,0
122,4.3292,0.3846,2,713,0,0,0,0,0
123,4.1078,0.4421,2,713,0,0,0,0,0
124,3.9177,0.3273,2,713,0,0,0,0,0
125,5.069,0.3988,2,713,0,0,0,0,0
126,3.4832,0.2167,2,713,0,0,0,0,0
127,3.9509,0.3378,2,713,0,0,0,0,0
128,4.477,0.4254,2,713,0,0,0,0,0
129,3.9856,0.2391,2,713,0,0,0,0,0
130,4.273,0.4185,2,713,0,0,0,0,0
131,3.9749,0.2441,2,713,0,0,0,0,0
132,4.3467,0.3341,2,713,0,0,0,0,0
133,4.2862,0.3219,2,713,0,0,0,0,0
134,4.0057,0.2952,2,713,0,0,0,0,0
135,4.1023,0.4971,2,713,0,0,0,0,0
136,4.0071,0.3528,2,713,0,0,0,0,0
137,4.6138,0.3783,2,713,0,0,0,0,0
138,4.0473,0.3489,2,713,0,0,0,0,0
139,3.8347,0.3153,2,713,0,0,0,0,0
140,4.396,0.2955,2,713,0,0,0,0,0
141,4.1142,0.3195,2,713,0,0,0,0,0
142,4.2795,0.4866,2,713,0,0,0,0,0
143,3.9477,0.3339,2,713,0,0,0,0,0
144,4.1213,0.4161,2,713,0,0,0,0,0
145,4.5713,0.3268,2,713,0,0,0,0,0
146,3.9598,0.2035,2,713,0,0,0,0,0
147,4.1283,0.3257,2,713,0,0,0,0,0
148,4.0153,0.3183,2,713,0,0,0,0,0
149,4.8079,0.3062,2,713,0,0,0,0,0
150,3.7968,0.4068,2,713,0,0,0,0,0
151,3.8812,0.3806,2,713,0,0,0,0,0
152,4.2001,0.3078,2,713,0,0,0,0,0
153,4.6546,0.2586,2,713,0,0,0,0,0
154,4.1914,0.2741,2,713,0,0,0,0,0
155,3.7478,0.2777,2,713,0,0,0,0,0
156,4.2798,0.3784,2,713,0,0,0,0,0
157,4.409,0.2484,2,713,0,0,0,0,0
158,3.7713,0.2194,2,713,0,0,0,0,0
159,3.9091,0.193,2,713,0,0,0,0,0
160,4.1135,0.1598,2,713,0,0,0,0,0
161,4.3714,0.3402,2,713,0,0,0,0,0
162,4.1835,0.2162,2,713,0,0,0,0,0
163,4.0177,0.2688,2,713,0,0,0,0,0
164,4.6731,0.23,2,713,0,0,0,0,0
165,3.646,0.3348,2,713,0,0,0,0,0
166,4.2839,0.2799,2,713,0,0,0,0,0
167,4.0119,0.2033,2,713,0,0,0,0,0
168,4.1853,0.1841,2,713,0,0,0,0,0
169,4.2412,0.2233,2,713,0,0,0,0,0
170,4.2705,0.2071,2,713,0,0,0,0,0
171,3.9968,0.2368,2,713,0,0,0,0,0
172,4.1748,0.2001,2,713,0,0,0,0,0
173,4.3124,0.2857,2,713,0,0,0,0,0
174,4.002,0.1616,2,713,0,0,0,0,0
175,4.2062,0.3314,2,713,0,0,0,0,0
176,4.3354,0.263,2,713,0,0,0,0,0
177,3.9768,0.278,2,713,0,0,0,0,0
178,4.3358,0.2848,2,713,0,0,0,0,0
179,4.0203,0.268,2,713,0,0,0,0,0
180,4.3354,0.2598,2,713,0,0,0,0,0
181,4.2323,0.259,2,713,0,0,0,0,0
182,4.2195,0.3465,2,713,0,0,0,0,0
183,3.8667,0.2467,2,713,0,0,0,0,0
184,4.1419,0.1575,2,713,0,0,0,0,0
185,4.3083,0.285,2,713,0,0,0,0,0
186,4.1295,0.1433,2,713,0,0,0,0,0
187,4.0846,0.3403,2,713,0,0,0,0,0
188,4.1198,0.2482,2,713,0,0,0,0,0
189,4.212,0.2007,2,713,0,0,0,0,0
190,4.4142,0.2264,2,713,0,0,0,0,0
191,4.3969,0.2126,2,713,0,0,0,0,0
192,3.8152,0.2134,2,713,0,0,0,0,0
193,4.1079,0.2467,2,713,0,0,0,0,0
194,4.2324,0.3279,2,713,0,0,0,0,0
195,4.0274,0.166,2,713,0,0,0,0,0
196,4.1263,0.2922,2,713,0,0,0,0,0
197,4.2617,0.2859,2,713,0,0,0,0,0
198,4.1541,0.2353,2,713,0,0,0,0,0
199,4.4576,0.3865,2,713,0,0,0,0,0
200,4.1447,0.2189,2,713,0,0,0,0,0
201,4.2139,0.224,2,713,0,0,0,0,0
202,4.0207,0.2967,2,713,0,0,0,0,0
203,3.9702,0.2884,2,713,0,0,0,0,0
204,4.4517,0.2819,2,713,0,0,0,0,0
205,3.9347,0.2898,2,713,0,0,0,0,0
206,4.2971,0.3184,2,713,0,0,0,0,0
207,4.0141,0.2123,2,713,0,0,0,0,0
208,4.1751,0.2427,2,713,0,0,0,0,0
209,4.1589,0.3029,2,713,0,0,0,0,0
210,4.268,0.1953,2,713,0,0,0,0,0
211,4.0457,0.2461,2,713,0,0,0,0,0
212,4.2305,0.2168,2,713,0,0,0,0,0
213,4.1102,0.2349,2,713,0,0,0,0,0
214,4.2225,0.2154,2,713,0,0,0,0,0
215,4.1853,0.2098,2,713,0,0,0,0,0
216,4.1768,0.2624,2,713,0,0,0,0,0
217,4.1902,0.3012,2,713,0,0,0,0,0
218,4.4799,0.2725,2,713,0,0,0,0,0
219,3.739,0.3302,2,713,0,0,0,0,0
220,4.2236,0.2099,2,713,0,0,0,0,0
221,4.2547,0.3115,2,713,0,0,0,0,0
222,4.2004,0.4599,2,713,0,0,0,0,0
223,4.076,0.3994,2,713,0,0,0,0,0
224,4.3119,0.3733,2,713,0,0,0,0,0
225,4.1189,0.2468,2,713,0,0,0,0,0
226,4.422,0.348,2,713,0,0,0,0,0
227,3.8611,0.2403,2,713,0,0,0,0,0
228,4.2174,0.4184,2,713,0,0,0,0,0
229,4.2435,0.3229,2,713,0,0,0,0,0
230,4.0927,0.2649,2,713,0,0,0,0,0
231,4.4333,0.2686,2,713,0,0,0,0,0
232,3.8345,0.3227,2,713,0,0,0,0,0
233,4.4353,0.2253,2,713,0,0,0,0,0
234,3.9777,0.2227,2,713,0,0,0,0,0
235,4.1005,0.2207,2,713,0,0,0,0,0
236,4.1051,0.2188,2,713,0,0,0,0,0
237,4.173,0.2236,2,713,0,0,0,0,0
238,4.2248,0.2064,2,713,0,0,0,0,0
239,4.1612,0.2584,2,713,0,0,0,0,0
240,4.2438,0.3275,2,713,0,0,0,0,0
241,4.2654,0.2833,2,713,0,0,0,0,0
242,4.0751,0.493,2,713,0,0,0,0,0
243,4.6983,0.8864,2,713,0,0,0,0,0
244,3.5998,0.3584,2,713,0,0,0,0,0
245,4.4286,0.2706,2,713,0,0,0,0,0
246,3.7914,0.2302,2,713,0,0,0,0,0
247,4.1582,0.2336,2,713,0,0,0,0,0
248,4.2896,0.2829,2,713,0,0,0,0,0
249,4.344,0.3671,2,713,0,0,0,0,0
250,3.9303,0.2095,2,713,0,0,0,0,0
251,4.3443,0.2744,2,713,0,0,0,0,0
252,4.0537,0.3573,2,713,0,0,0,0,0
253,4.1533,0.2875,2,713,0,0,0,0,0
254,4.5171,0.3647,2,713,0,0,0,0,0
255,3.8063,0.2632,2,713,0,0,0,0,0
256,4.0849,0.2485,2,713,0,0,0,0,0
257,4.2694,0.2861,2,713,0,0,0,0,0
258,4.1798,0.2706,2,713,0,0,0,0,0
259,4.0491,0.3448,2,713,0,0,0,0,0
260,4.3775,0.2899,2,713,0,0,0,0,0
261,3.9613,0.2273,2,713,0,0,0,0,0
262,4.2192,0.2153,2,713,0,0,0,0,0
263,4.1167,0.3605,2,713,0,0,0,0,0
264,4.2087,0.2746,2,713,0,0,0,0,0
265,4.226,0.4098,2,713,0,0,0,0,0
266,4.2972,0.2953,2,713,0,0,0,0,0
267,4.1631,0.4439,2,713,0,0,0,0,0
268,3.9449,0.2278,2,713,0,0,0,0,0
269,4.2294,0.2821,2,713,0,0,0,0,0
270,4.1109,0.3774,2,713,0,0,0,0,0
271,4.1439,0.3735,2,713,0,0,0,0,0
272,4.2688,0.2505,2,713,0,0,0,0,0
273,4.1018,0.3757,2,713,0,0,0,0,0
274,4.2033,0.2785,2,713,0,0,0,0,0
275,4.1392,0.2288,2,713,0,0,0,0,0
276,4.1299,0.2475,2,713,0,0,0,0,0
277,4.2343,0.2687,2,713,0,0,0,0,0
278,4.2119,0.4242,2,713,0,0,0,0,0
279,4.0708,0.3542,2,713,0,0,0,0,0
280,4.1919,0.2326,2,713,0,0,0,0,0
281,4.1125,0.3718,2,713,0,0,0,0,0
282,4.2591,0.1962,2,713,0,0,0,0,0
283,4.0766,0.2329,2,713,0,0,0,0,0
284,4.3096,0.2707,2,713,0,0,0,0,0
285,4.114,0.4311,2,713,0,0,0,0,0
286,4.1563,0.2228,2,713,0,0,0,0,0
287,4.195,0.3325,2,713,0,0,0,0,0
288,4.1013,0.2106,2,713,0,0,0,0,0
289,4.2821,0.4412,2,713,0,0,0,0,0
290,4.3073,0.4227,2,713,0,0,0,0,0
291,3.9094,0.2873,2,713,0,0,0,0,0
292,4.1528,0.2819,2,713,0,0,0,0,0
293,4.139,0.2287,2,713,0,0,0,0,0
294,4.1699,0.2641,2,713,0,0,0,0,0
295,4.1989,0.2223,2,713,0,0,0,0,0
296,4.1091,0.19,2,713,0,0,0,0,0
297,4.2211,0.251,2,713,0,0,0,0,0
298,4.5894,0.2936,2,713,0,0,0,0,0
299,3.9542,0.2794,2,713,0,0,0,0,0
300,4.5346,0.2807,2,713,0,0,0,0,0
301,4.1393,0.2775,2,713,0,0,0,0,0
302,3.666,0.2472,2,713,0,0,0,0,0
303,4.141,0.3474,2,713,0,0,0,0,0
304,4.1531,0.1986,2,713,0,0,0,0,0
305,4.7413,0.3929,2,713,0,0,0,0,0
306,3.7476,0.2801,2,713,0,0,0,0,0
307,4.1568,0.3035,2,713,0,0,0,0,0
308,4.3932,0.4004,2,713,0,0,0,0,0
309,3.7956,0.3613,2,713,0,0,0,0,0
310,4.3664,0.4253,2,713,0,0,0,0,0
311,3.9886,0.2216,2,713,0,0,0,0,0
312,4.6413,0.3944,2,713,0,0,0,0,0
313,3.7985,0.6832,2,713,0,0,0,0,0
314,4.8045,0.839,2,713,0,0,0,0,0
315,3.567,0.2302,2,713,0,0,0,0,0
316,3.928,0.2144,2,713,0,0,0,0,0
317,4.3447,0.2469,2,713,0,0,0,0,0
318,3.9927,0.2382,2,713,0,0,0,0,0
319,4.8004,0.2228,2,713,0,0,0,0,0
320,3.7579,0.2879,2,713,0,0,0,0,0
321,4.3141,0.3427,2,713,0,0,0,0,0
322,4.1732,0.3666,2,713,0,0,0,0,0
323,3.8709,0.2208,2,713,0,0,0,0,0
324,4.748,0.3867,2,713,0,0,0,0,0
325,3.6708,0.4028,2,713,0,0,0,0,0
326,4.1349,0.3913,2,713,0,0,0,0,0
327,4.0501,0.3471,2,713,0,0,0,0,0
328,4.1772,0.1763,2,713,0,0,0,0,0
329,4.6836,0.2977,2,713,0,0,0,0,0
330,3.7776,0.2939,2,713,0,0,0,0,0
331,4.0123,0.1934,2,713,0,0,0,0,0
332,4.6985,0.2582,2,713,0,0,0,0,0
333,3.641,0.2134,2,713,0,0,0,0,0
334,4.5669,0.2344,2,713,0,0,0,0,0
335,3.7889,0.1863,2,713,0,0,0,0,0
336,4.2711,0.2365,2,713,0,0,0,0,0
337,4.2185,0.2695,2,713,0,0,0,0,0
338,4.1481,0.2902,2,713,0,0,0,0,0
339,3.9965,0.2186,2,713,0,0,0,0,0
340,4.1802,0.1978,2,713,0,0,0,0,0
341,4.1767,0.2697,2,713,0,0,0,0,0
342,4.2575,0.2234,2,713,0,0,0,0,0
343,4.1118,0.8274,2,713,0,0,0,0,0
344,4.7062,0.3052,2,713,0,0,0,0,0
345,3.94,0.2427,2,713,0,0,0,0,0
346,3.9685,0.3087,2,713,0,0,0,0,0
347,4.0696,0.2096,2,713,0,0,0,0,0
348,4.3745,0.3116,2,713,0,0,0,0,0
349,4.033,0.2545,2,713,0,0,0,0,0
350,4.1489,0.2184,2,713,0,0,0,0,0
351,4.3844,0.3073,2,713,0,0,0,0,0
352,3.9703,0.2342,2,713,0,0,0,0,0
353,4.1325,0.3629,2,713,0,0,0,0,0
354,4.1853,0.294,2,713,0,0,0,0,0
355,4.0958,0.2194,2,713,0,0,0,0,0
356,4.2594,0.3577,2,713,0,0,0,0,0
357,4.0745,0.35,2,713,0,0,0,0,0
358,4.262,0.279,2,713,0,0,0,0,0
359,4.0878,0.3583,2,713,0,0,0,0,0
360,4.1758,0.4518,2,713,0,0,0,0,0
361,4.2518,0.2298,2,713,0,0,0,0,0
362,4.2553,0.3061,2,713,0,0,0,0,0
363,4.8153,0.4801,2,713,0,0,0,0,0
364,3.4098,0.2245,2,713,0,0,0,0,0
365,4.0943,0.3565,2,713,0,0,0,0,0
366,4.1617,0.2199,2,713,0,0,0,0,0
367,4.3695,0.3945,2,713,0,0,0,0,0
368,4.0257,0.2264,2,713,0,0,0,0,0
369,4.5461,0.2776,2,713,0,0,0,0,0
370,3.8409,0.2606,2,713,0,0,0,0,0
371,4.0451,0.2251,2,713,0,0,0,0,0
372,4.2237,0.3254,2,713,0,0,0,0,0
373,4.1887,0.3577,2,713,0,0,0,0,0
374,4.1778,0.3118,2,713,0,0,0,0,0
375,4.101,0.2616,2,713,0,0,0,0,0
376,4.1269,0.2217,2,713,0,0,0,0,0
377,4.3958,0.3968,2,713,0,0,0,0,0
378,4.5458,0.2355,2,713,0,0,0,0,0
379,3.5911,0.2388,2,713,0,0,0,0,0
380,4.3649,0.2861,2,713,0,0,0,0,0
381,4.003,0.4124,2,713,0,0,0,0,0
382,4.1707,0.2164,2,713,0,0,0,0,0
383,4.1217,0.2199,2,713,0,0,0,0,0
384,4.6171,0.2721,2,713,0,0,0,0,0
385,3.9385,0.2406,2,713,0,0,0,0,0
386,3.9979,0.4199,2,713,0,0,0,0,0
387,4.0871,0.2643,2,713,0,0,0,0,0
388,4.1977,0.2268,2,713,0,0,0,0,0
389,4.2221,0.2128,2,713,0,0,0,0,0
390,4.2043,0.3099,2,713,0,0,0,0,0
391,4.1009,0.423,2,713,0,0,0,0,0
392,4.5082,0.4191,2,713,0,0,0,0,0
393,4.3973,0.2515,2,713,0,0,0,0,0
394,3.5916,0.2084,2,713,0,0,0,0,0
395,4.1238,0.2725,2,713,0,0,0,0,0
396,4.2535,0.275,2,713,0,0,0,0,0
397,4.1854,0.4024,2,713,0,0,0,0,0
398,4.258,0.4136,2,713,0,0,0,0,0
399,4.2295,0.2942,2,713,0,0,0,0,0
400,3.93,0.2311,2,713,0,0,0,0,0
401,4.5734,0.3754,2,713,0,0,0,0,0
402,3.848,0.2665,2,713,0,0,0,0,0
403,4.0783,0.3801,2,713,0,0,0,0,0
404,4.1745,0.3527,2,713,0,0,0,0,0
405,4.1209,0.1949,2,713,0,0,0,0,0
406,4.2324,0.2036,2,713,0,0,0,0,0
407,4.3918,0.3009,2,713,0,0,0,0,0
408,4.1489,0.2579,2,713,0,0,0,0,0
409,4.017,0.2449,2,713,0,0,0,0,0
410,4.2707,0.2718,2,713,0,0,0,0,0
411,4.1601,0.4305,2,713,0,0,0,0,0
412,3.975,0.2305,3,713,0,0,0,1,0.0277
413,4.1819,0.2121,3,713,0,0,0,0,0
414,4.5246,0.342,3,713,0,0,0,0,0
415,4.0672,0.2344,3,713,0,0,0,0,0
416,3.9902,0.4246,3,713,0,0,0,0,0
417,4.2767,0.3065,3,713,0,0,0,0,0
418,3.9944,0.2638,3,713,0,0,0,0,0
419,4.1245,0.2852,3,713,0,0,0,0,0
420,4.2469,0.3774,3,713,0,0,0,0,0
421,4.3093,0.2709,3,713,0,0,0,0,0
422,4.4989,0.2855,3,713,0,0,0,0,0
423,3.8425,0.2783,3,713,0,0,0,0,0
424,3.9235,0.271,3,713,0,0,0,0,0
425,4.2456,0.3124,3,713,0,0,0,0,0
426,4.0969,0.2864,3,713,0,0,0,0,0
427,4.1968,0.3573,3,713,0,0,0,0,0
428,4.1618,0.2348,3,713,0,0,0,0,0
429,4.1781,0.2488,3,713,0,0,0,0,0
430,4.3269,0.349,3,713,0,0,0,0,0
431,4.24,0.6176,13,713,0,0,1,11,0.0461
432,3.9435,0.4141,13,713,0,0,1,0,0
433,4.1482,0.2951,13,713,0,0,1,0,0
434,4.448,0.4623,13,713,0,0,1,0,0
435,3.7736,0.4194,13,713,0,0,1,0,0
436,4.2091,0.2025,13,713,0,0,1,0,0
437,4.1941,0.2649,13,713,0,0,1,0,0
438,4.1974,0.2848,13,713,0,0,1,0,0
439,4.3581,0.3403,13,713,0,0,1,0,0
440,4.0018,0.354,13,713,0,0,1,0,0
441,4.1766,0.4622,13,713,0,0,1,0,0
442,4.1771,0.4512,13,713,0,0,1,0,0
443,4.106,0.2908,13,713,0,0,1,0,0
444,4.2461,0.298,13,713,0,0,1,0,0
445,4.1541,0.3637,13,713,0,0,1,0,0
446,4.1665,0.307,13,713,0,0,1,0,0
447,4.0633,0.397,13,713,0,0,1,0,0
448,4.211,0.2873,13,713,0,0,1,0,0
449,4.3256,0.3347,13,713,0,0,1,0,0
450,4.0643,0.2854,13,713,0,0,1,0,0
451,4.3677,0.3928,13,713,0,0,1,0,0
452,4.4092,0.261,13,713,0,0,1,0,0
453,3.6353,0.2351,13,713,0,0,1,0,0
454,4.1322,0.2435,13,713,0,0,1,0,0
455,4.1842,0.2608,13,713,0,0,1,0,0
456,4.2562,0.3101,13,713,0,0,1,0,0
457,4.2552,0.4088,13,713,0,0,1,0,0
458,4.1144,0.3085,13,713,0,0,1,0,0
459,4.1396,0.3304,13,713,0,0,1,0,0
460,4.1054,0.343,13,713,0,0,1,0,0
461,4.2706,0.5003,13,713,0,0,1,0,0
462,4.1327,0.2823,13,713,0,0,1,0,0
463,4.0779,0.2226,13,713,0,0,1,0,0
464,4.4638,0.4455,15,713,0,0,1,2,0.0247
465,4.5419,0.4825,15,713,0,0,1,0,0
466,3.635,0.4688,15,713,0,0,1,0,0
467,4.0461,0.292,15,713,0,0,1,0,0
468,4.2542,0.4255,15,713,0,0,1,0,0
469,4.0933,0.3769,15,713,0,0,1,0,0
470,4.5493,0.3328,15,713,0,0,1,0,0
471,3.8505,0.3567,15,713,0,0,1,0,0
472,4.0747,0.2837,15,713,0,0,1,0,0
473,4.1981,0.4944,15,713,0,0,1,0,0
474,4.1935,0.2081,15,713,0,0,1,0,0
475,4.1069,0.2781,15,713,0,0,1,0,0
476,4.2091,0.331,15,713,0,0,1,0,0
477,4.124,0.3734,15,713,0,0,1,0,0
478,4.2543,0.2879,15,713,0,0,1,0,0
479,4.0742,0.3183,15,713,0,0,1,0,0
480,4.222,0.4597,15,713,0,0,1,0,0
481,4.2522,0.3386,15,713,0,0,1,0,0
482,4.0863,0.2746,15,713,0,0,1,0,0
483,5.0056,0.3625,15,713,0,0,1,0,0
484,3.3609,0.3352,15,713,0,0,1,0,0
485,4.1617,0.383,15,713,0,0,1,0,0
486,4.1054,0.2734,15,713,0,0,1,0,0
487,4.292,0.489,15,713,0,0,1,0,0
488,4.1077,0.2649,15,713,0,0,1,0,0
489,4.5272,0.5688,15,713,0,0,1,0,0
490,4.1918,0.4607,15,713,0,0,1,0,0
491,3.7161,0.2889,15,713,0,0,1,0,0
492,4.2907,0.468,15,713,0,0,1,0,0
493,4.025,0.2957,15,713,0,0,1,0,0
494,4.6163,0.3663,15,713,0,0,1,0,0
495,3.7826,0.3417,15,713,0,0,1,0,0
496,4.1239,0.2717,15,713,0,0,1,0,0
497,4.2164,0.3169,15,713,0,0,1,0,0
498,4.4747,0.3754,10,713,0,0,1,0,0
499,3.9356,0.3592,10,713,0,0,1,0,0
500,4.0878,0.2899,10,713,0,0,1,0,0
501,4.4798,0.325,10,713,0,0,1,0,0
502,3.8607,0.3917,10,713,0,0,1,0,0
503,4.1344,0.3889,10,713,0,0,1,0,0
504,4.1427,0.2656,10,713,0,0,1,0,0
505,4.2662,0.4602,10,713,0,0,1,0,0
506,4.5487,0.3774,10,713,0,0,1,0,0
507,3.7435,0.3367,10,713,0,0,1,0,0
508,4.1107,0.2865,10,713,0,0,1,0,0
509,4.209,0.2928,10,713,0,0,1,0,0
510,4.1903,0.2921,10,713,0,0,1,0,0
511,4.0963,0.2693,10,713,0,0,1,0,0
512,4.3038,0.3888,10,713,0,0,1,0,0
513,4.1422,0.3065,10,713,0,0,1,0,0
514,4.0889,0.2599,10,713,0,0,1,0,0
515,4.5187,0.3569,10,713,0,0,1,0,0
516,3.8215,0.3921,10,713,0,0,1,0,0
517,4.2166,0.266,10,713,0,0,1,0,0
518,4.2466,0.3645,10,713,0,0,1,0,0
519,4.102,0.2889,10,713,0,0,1,0,0
520,4.0454,0.2226,10,713,0,0,1,0,0
521,4.2136,0.3271,10,713,0,0,1,0,0
522,4.231,0.3393,10,713,0,0,1,0,0
523,4.0994,0.3037,10,713,0,0,1,0,0
524,4.2155,0.2822,10,713,0,0,1,0,0
525,4.2416,0.4326,10,713,0,0,1,0,0
526,4.0962,0.4125,10,713,0,0,1,0,0
527,4.0654,0.2367,10,713,0,0,1,0,0
528,4.2551,0.3144,10,713,0,0,1,0,0
529,4.1667,0.334,10,713,0,0,1,0,0
530,4.2643,0.2364,10,713,0,0,1,0,0
531,4.2391,0.409,15,713,0,0,1,0,0
532,4.1369,0.3657,15,713,0,0,1,0,0
533,4.028,0.3193,15,713,0,0,1,0,0
534,4.1858,0.3219,15,713,0,0,1,0,0
535,4.1184,0.5269,15,713,0,0,1,0,0
536,4.1378,0.4029,15,713,0,0,1,0,0
537,4.3704,0.503,15,713,0,0,1,0,0
538,4.3191,0.3304,15,713,0,0,1,0,0
539,3.8413,0.3003,15,713,0,0,1,0,0
540,4.164,0.2457,15,713,0,0,1,0,0
541,4.2139,0.2845,15,713,0,0,1,0,0
542,4.2777,0.4018,15,713,0,0,1,0,0
543,3.9466,0.375,15,713,0,0,1,0,0
544,4.1685,0.276,15,713,0,0,1,0,0
545,4.2164,0.2244,15,713,0,0,1,0,0
546,4.1452,0.3895,15,713,0,0,1,0,0
547,4.1925,0.343,15,713,0,0,1,0,0
548,4.165,0.3083,15,713,0,0,1,0,0
549,4.1997,0.4786,15,713,0,0,1,0,0
550,4.3615,0.363,15,713,0,0,1,0,0
551,4.1338,0.3391,15,713,0,0,1,0,0
552,4.0243,0.3467,15,713,0,0,1,0,0
553,4.2144,0.5202,15,713,0,0,1,0,0
554,4.1311,0.3754,15,713,0,0,1,0,0
555,4.0683,0.3562,15,713,0,0,1,0,0
556,4.224,0.5091,15,713,0,0,1,0,0
557,4.1787,0.3167,15,713,0,0,1,0,0
558,4.0976,0.2653,15,713,0,0,1,0,0
559,4.5475,0.4624,15,713,0,0,1,0,0
560,3.8002,0.273,15,713,0,0,1,0,0
561,4.148,0.3444,15,713,0,0,1,0,0
562,4.3128,0.3111,15,713,0,0,1,0,0
563,4.3488,0.4261,24,713,0,0,1,9,0.0412
564,4.2533,0.422,24,713,0,0,1,0,0
565,4.1924,0.4023,24,713,0,0,1,0,0
566,4.0971,0.4798,24,713,0,0,1,0,0
567,3.8112,0.3101,24,713,0,0,1,0,0
568,4.1734,0.3002,24,713,0,0,1,0,0
569,4.3245,0.3628,24,713,0,0,1,0,0
570,4.0476,0.3171,24,713,0,0,1,0,0
571,4.1239,0.6067,24,713,0,0,1,0,0
572,4.2259,0.3213,24,713,0,0,1,0,0
573,4.1179,0.4077,24,713,0,0,1,0,0
574,4.2025,0.3811,24,713,0,0,1,0,0
575,4.1193,0.3226,24,713,0,0,1,0,0
576,4.1558,0.247,24,713,0,0,1,0,0
577,4.2158,0.3203,24,713,0,0,1,0,0
578,4.1736,0.3743,24,713,0,0,1,0,0
579,4.1008,0.3513,24,713,0,0,1,0,0
580,4.2009,0.4035,24,713,0,0,1,0,0
581,4.5016,0.3236,24,713,0,0,1,0,0
582,3.8077,0.2513,24,713,0,0,1,0,0
583,4.592,0.4028,24,713,0,0,1,0,0
584,4.1173,0.3097,24,713,0,0,1,0,0
585,3.8892,0.4959,24,713,0,0,1,0,0
586,4.1254,0.2752,24,713,0,0,1,0,0
587,4.1592,0.2449,24,713,0,0,1,0,0
588,4.2254,0.3191,24,713,0,0,1,0,0
589,4.0835,0.3498,24,713,0,0,1,0,0
590,4.1676,0.267,24,713,0,0,1,0,0
591,4.1467,0.3032,24,713,0,0,1,0,0
592,4.1718,0.2529,24,713,0,0,1,0,0
593,4.2209,0.3996,24,713,0,0,1,0,0
594,4.2287,0.4827,24,713,0,0,1,0,0
595,4.11,0.3216,24,713,0,0,1,0,0
596,4.1388,0.3214,24,713,0,0,1,0,0
597,4.4929,0.496,29,713,0,0,1,5,0.0306
598,4.1217,0.3289,29,713,0,0,1,0,0
599,3.8516,0.3226,29,713,0,0,1,0,0
600,4.2689,0.2954,29,713,0,0,1,0,0
601,4.1254,0.2994,29,713,0,0,1,0,0
602,4.1967,0.3289,29,713,0,0,1,0,0
603,4.1171,0.3694,29,713,0,0,1,0,0
604,4.1534,0.3202,29,713,0,0,1,0,0
605,4.1987,0.4264,29,713,0,0,1,0,0
606,4.2394,0.5259,29,713,0,0,1,0,0
607,4.1046,0.3283,29,713,0,0,1,0,0
608,4.1852,0.2822,29,713,0,0,1,0,0
609,4.1683,0.3436,29,713,0,0,1,0,0
610,4.1581,0.3316,29,713,0,0,1,0,0
611,4.1103,0.2739,29,713,0,0,1,0,0
612,4.2079,0.3069,29,713,0,0,1,0,0
613,4.2259,0.3363,29,713,0,0,1,0,0
614,4.1278,0.3718,29,713,0,0,1,0,0
615,4.1263,0.3792,29,713,0,0,1,0,0
616,4.1391,0.3201,29,713,0,0,1,0,0
617,4.4452,0.3575,29,713,0,0,1,0,0
618,3.9198,0.3325,29,713,0,0,1,0,0
619,4.324,0.4456,29,713,0,0,1,0,0
620,4.3155,0.3824,29,713,0,0,1,0,0
621,4.4602,0.282,29,713,0,0,1,0,0
622,3.6548,0.3519,29,713,0,0,1,0,0
623,4.0473,0.2731,29,713,0,0,1,0,0
624,4.2935,0.5496,29,713,0,0,1,0,0
625,4.196,0.3574,29,713,0,0,1,0,0
626,4.1041,0.5247,29,713,0,0,1,0,0
627,4.1339,0.4003,29,713,0,0,1,0,0
628,4.1194,0.2748,29,713,0,0,1,0,0
629,4.1832,0.273,29,713,0,0,1,0,0
630,4.2179,0.2937,29,713,0,0,1,0,0
631,4.0931,0.3046,29,713,0,0,1,0,0
632,4.2268,0.4009,29,713,0,0,1,0,0
633,4.5303,0.4724,29,713,0,0,1,0,0
634,3.7508,0.291,29,713,0,0,1,0,0
635,4.1605,0.288,29,713,0,0,1,0,0
636,4.4566,0.4217,29,713,0,0,1,0,0
637,3.9379,0.287,29,713,0,0,1,0,0
638,4.5303,0.4519,29,713,0,0,1,0,0
639,3.7483,0.3089,29,713,0,0,1,0,0
640,4.1542,0.2871,29,713,0,0,1,0,0
641,4.2171,0.4247,29,713,0,0,1,0,0
642,4.3637,0.3865,33,713,0,0,1,4,0.0273
643,4.175,0.3045,33,713,0,0,1,0,0
644,4.0954,0.4278,33,713,0,0,1,0,0
645,4.0975,0.3121,33,713,0,0,1,0,0
646,4.064,0.3238,33,713,0,0,1,0,0
647,4.1953,0.2952,33,713,0,0,1,0,0
648,4.2473,0.4729,33,713,0,0,1,0,0
649,4.0569,0.2892,33,713,0,0,1,0,0
650,4.3455,0.3552,33,713,0,0,1,0,0
651,4.026,0.3385,33,713,0,0,1,0,0
652,4.1429,0.2672,33,713,0,0,1,0,0
653,4.1774,0.283,33,713,0,0,1,0,0
654,4.2065,0.355,33,713,0,0,1,0,0
655,4.133,0.4753,33,713,0,0,1,0,0
656,4.3385,0.4093,33,713,0,0,1,0,0
657,4.0075,0.2984,33,713,0,0,1,0,0
658,4.1509,0.2673,33,713,0,0,1,0,0
659,4.1255,0.2799,33,713,0,0,1,0,0
660,4.299,0.4661,33,713,0,0,1,0,0
661,4.0319,0.314,33,713,0,0,1,0,0
662,4.2859,0.5676,33,713,0,0,1,0,0
663,4.1459,0.3663,33,713,0,0,1,0,0
664,4.4266,0.3892,33,713,0,0,1,0,0
665,4.046,0.3369,33,713,0,0,1,0,0
666,4.0373,0.327,33,713,0,0,1,0,0
667,4.0763,0.3004,33,713,0,0,1,0,0
668,4.2204,0.5072,33,713,0,0,1,0,0
669,4.1477,0.4077,33,713,0,0,1,0,0
670,4.1333,0.3285,33,713,0,0,1,0,0
671,4.1655,0.2836,33,713,0,0,1,0,0
672,4.1669,0.28,33,713,0,0,1,0,0
673,4.2212,0.3305,33,713,0,0,1,0,0
674,4.3036,0.4127,33,713,0,0,1,0,0
675,3.8914,0.4051,33,713,0,0,1,0,0
676,4.2209,0.2725,33,713,0,0,1,0,0
677,4.1353,0.2358,33,713,0,0,1,0,0
678,4.4446,0.2735,33,713,0,0,1,0,0
679,4.0428,0.3094,33,713,0,0,1,0,0
680,4.3451,0.4749,33,713,0,0,1,0,0
681,3.944,0.4622,33,713,0,0,1,0,0
682,4.2224,0.2894,33,713,0,0,1,0,0
683,4.0731,0.266,33,713,0,0,1,0,0
684,4.2209,0.3827,33,713,0,0,1,0,0
685,4.1473,0.3048,33,713,0,0,1,0,0
686,4.1688,0.2923,33,713,0,0,1,0,0
687,4.1292,0.4679,33,713,0,0,1,0,0
688,4.1414,0.2827,33,713,0,0,1,0,0
689,4.2565,0.372,33,713,0,0,1,0,0
690,4.1767,0.6319,33,713,0,0,1,0,0
691,4.1355,0.34,33,713,0,0,1,0,0
692,4.1565,0.2687,33,713,0,0,1,0,0
693,4.1102,0.4075,33,713,0,0,1,0,0
694,4.2393,0.2822,33,713,0,0,1,0,0
695,4.0866,0.2831,33,713,0,0,1,0,0
696,4.1792,0.4122,33,713,0,0,1,0,0
697,4.2697,0.3226,33,713,0,0,1,0,0
698,4.0743,0.2816,33,713,0,0,1,0,0
699,4.1169,0.4118,33,713,0,0,1,0,0
700,4.2774,0.465,33,713,0,0,1,0,0
701,4.0834,0.3123,33,713,0,0,1,0,0
702,4.2546,0.2758,33,713,0,0,1,0,0
703,4.0868,0.2686,33,713,0,0,1,0,0
704,4.334,0.4797,33,713,0,0,1,0,0
705,4.001,0.3117,33,713,0,0,1,0,0
706,4.3601,0.4759,33,713,0,0,1,0,0
707,3.9945,0.2696,33,713,0,0,1,0,0
708,4.1714,0.2674,33,713,0,0,1,0,0
709,4.1841,0.3825,33,713,0,0,1,0,0
710,4.2238,0.3502,33,713,0,0,1,0,0
711,4.02,0.3203,33,713,0,0,1,0,0
712,4.3162,0.4699,33,713,0,0,1,0,0
713,4.0894,0.2858,33,713,0,0,1,0,0
714,4.2125,0.289,33,713,0,0,1,0,0
715,4.1959,0.4662,33,713,0,0,1,0,0
716,4.1123,0.317,33,713,0,0,1,0,0
717,4.1932,0.4633,33,713,0,0,1,0,0
718,4.3488,0.3134,33,713,0,0,1,0,0
719,3.9457,0.2935,33,713,0,0,1,0,0
720,4.1348,0.2812,33,713,0,0,1,0,0
721,4.2213,0.3146,33,713,0,0,1,0,0
722,4.1208,0.4129,33,713,0,0,1,0,0
723,4.1978,0.3787,33,713,0,0,1,0,0
724,4.1466,0.4159,33,713,0,0,1,0,0
725,4.1065,0.4052,33,713,0,0,1,0,0
726,4.2771,0.2844,33,713,0,0,1,0,0
727,4.1657,0.3189,33,713,0,0,1,0,0
728,4.2008,0.3241,33,713,0,0,1,0,0
729,4.1688,0.3098,33,713,0,0,1,0,0
730,4.1097,0.2565,33,713,0,0,1,0,0
731,4.2373,0.6762,33,713,0,0,1,0,0
732,4.2756,0.3515,33,713,0,0,1,0,0
733,4.024,0.7267,63,713,0,0,1,30,0.0945
734,4.1745,0.3502,63,713,0,0,1,0,0
735,4.0892,0.376,63,713,0,0,1,0,0
736,4.4025,0.4623,37,713,0,0,1,0,0
737,4.037,0.4876,37,713,0,0,1,0,0
738,4.1329,0.3029,37,713,0,0,1,0,0
739,4.1102,0.3083,37,713,0,0,1,0,0
740,4.2214,0.3386,37,713,0,0,1,0,0
741,4.1876,0.3392,37,713,0,0,1,0,0
742,4.0887,0.309,37,713,0,0,1,0,0
743,4.1708,0.2697,37,713,0,0,1,0,0
744,4.2204,0.3376,37,713,0,0,1,0,0
745,4.4587,0.5073,37,713,0,0,1,0,0
746,3.9294,0.3413,37,713,0,0,1,0,0
747,4.1128,0.3403,37,713,0,0,1,0,0
748,4.0864,0.2448,37,713,0,0,1,0,0
749,4.2962,0.4676,37,713,0,0,1,0,0
750,4.0656,0.2738,37,713,0,0,1,0,0
751,4.205,0.4413,37,713,0,0,1,0,0
752,4.1935,0.4937,37,713,0,0,1,0,0
753,4.1774,0.3362,37,713,0,0,1,0,0
754,4.1657,0.3468,37,713,0,0,1,0,0
755,4.0775,0.2377,37,713,0,0,1,0,0
756,4.1408,0.3119,37,713,0,0,1,0,0
757,4.6615,0.4781,37,713,0,0,1,0,0
758,3.8246,0.3026,37,713,0,0,1,0,0
759,4.0126,0.299,37,713,0,0,1,0,0
760,4.208,0.275,37,713,0,0,1,0,0
761,4.2154,0.3107,37,713,0,0,1,0,0
762,4.2085,0.4739,37,713,0,0,1,0,0
763,4.1233,0.4698,37,713,0,0,1,0,0
764,4.0837,0.321,37,713,0,0,1,0,0
765,4.2699,0.4879,37,713,0,0,1,0,0
766,4.1571,0.3522,37,713,0,0,1,0,0
767,4.1108,0.2709,37,713,0,0,1,0,0
768,4.2008,0.2931,37,713,0,0,1,0,0
769,4.1216,0.3195,37,713,0,0,1,0,0
770,4.2681,0.4663,37,713,0,0,1,0,0
771,4.0224,0.3117,37,713,0,0,1,0,0
772,4.2398,0.3886,37,713,0,0,1,0,0
773,4.192,0.3119,37,713,0,0,1,0,0
774,4.1997,0.2927,37,713,0,0,1,0,0
775,4.0673,0.4055,37,713,0,0,1,0,0
776,4.2544,0.2818,37,713,0,0,1,0,0
777,4.1634,0.493,37,713,0,0,1,0,0
778,4.0806,0.2742,37,713,0,0,1,0,0
779,4.186,0.2802,37,713,0,0,1,0,0
780,4.1579,0.3234,37,713,0,0,1,0,0
781,4.2478,0.4247,37,713,0,0,1,0,0
782,4.477,0.3558,37,713,0,0,1,0,0
783,3.81,0.3081,37,713,0,0,1,0,0
784,4.1503,0.2847,37,713,0,0,1,0,0
785,4.1842,0.2732,37,713,0,0,1,0,0
786,4.2412,0.3093,37,713,0,0,1,0,0
787,4.1068,0.324,37,713,0,0,1,0,0
788,4.2325,0.4421,37,713,0,0,1,0,0
789,4.2322,0.3561,37,713,0,0,1,0,0
790,4.0976,0.3572,37,713,0,0,1,0,0
791,4.1036,0.2722,37,713,0,0,1,0,0
792,4.155,0.2746,37,713,0,0,1,0,0
793,4.245,0.2728,37,713,0,0,1,0,0
794,4.128,0.4015,37,713,0,0,1,0,0
795,4.304,0.4284,37,713,0,0,1,0,0
796,4.0034,0.2832,37,713,0,0,1,0,0
797,4.1649,0.2876,37,713,0,0,1,0,0
798,4.1801,0.403,37,713,0,0,1,0,0
799,4.4116,0.4704,37,713,0,0,1,0,0
800,3.9456,0.4111,37,713,0,0,1,0,0
801,4.133,0.394,37,713,0,0,1,0,0
802,4.1766,0.2783,37,713,0,0,1,0,0
803,4.1292,0.3307,37,713,0,0,1,0,0
804,4.2462,0.311,37,713,0,0,1,0,0
805,4.3279,0.3271,37,713,0,0,1,0,0
806,3.9414,0.4925,37,713,0,0,1,0,0
807,4.4502,0.3449,37,713,0,0,1,0,0
808,3.8873,0.2701,37,713,0,0,1,0,0
809,4.1706,0.329,37,713,0,0,1,0,0
810,4.1244,0.2871,37,713,0,0,1,0,0
811,4.2351,0.3079,37,713,0,0,1,0,0
812,4.1515,0.3212,37,713,0,0,1,0,0
813,4.0916,0.2546,37,713,0,0,1,0,0
814,4.4146,0.3521,37,713,0,0,1,0,0
815,3.9631,0.352,37,713,0,0,1,0,0
816,4.2469,0.3266,37,713,0,0,1,0,0
817,4.1589,0.3329,37,713,0,0,1,0,0
818,4.1383,0.4649,37,713,0,0,1,0,0
819,4.0457,0.2913,37,713,0,0,1,0,0
820,4.2136,0.2966,71,713,0,0,1,8,0.0332
821,4.3064,0.3539,71,713,0,0,1,0,0
822,4.1081,0.6298,71,713,0,0,1,0,0
823,4.166,0.3659,71,713,0,0,1,0,0
824,4.0894,0.3751,71,713,0,0,1,0,0
825,4.2115,0.5094,71,713,0,0,1,0,0
826,4.1401,0.4729,71,713,0,0,1,0,0
827,4.1725,0.2923,71,713,0,0,1,0,0
828,4.2337,0.3409,71,713,0,0,1,0,0
829,4.1722,0.367,71,713,0,0,1,0,0
830,4.1637,0.3745,71,713,0,0,1,0,0
831,4.027,0.3117,71,713,0,0,1,0,0
832,4.2568,0.5127,71,713,0,0,1,0,0
833,4.393,0.3964,71,713,0,0,1,0,0
834,3.9576,0.2949,71,713,0,0,1,0,0
835,4.1672,0.3367,71,713,0,0,1,0,0
836,4.129,0.3028,71,713,0,0,1,0,0
837,4.1594,0.4476,71,713,0,0,1,0,0
838,4.1536,0.2637,71,713,0,0,1,0,0
839,4.1638,0.2929,71,713,0,0,1,0,0
840,4.2598,0.3473,71,713,0,0,1,0,0
841,4.4806,0.3177,71,713,0,0,1,0,0
842,3.8767,0.3597,71,713,0,0,1,0,0
843,4.3357,0.351,71,713,0,0,1,0,0
844,3.9199,0.4435,71,713,0,0,1,0,0
845,4.2711,0.4101,71,713,0,0,1,0,0
846,4.1021,0.4753,71,713,0,0,1,0,0
847,4.1876,0.3742,71,713,0,0,1,0,0
848,4.2093,0.4633,71,713,0,0,1,0,0
849,4.0598,0.2374,71,713,0,0,1,0,0
850,4.1295,0.3601,71,713,0,0,1,0,0
851,4.2337,0.4339,71,713,0,0,1,0,0
852,4.1609,0.334,71,713,0,0,1,0,0
853,4.2007,0.3422,71,713,0,0,1,0,0
854,4.1532,0.345,71,713,0,0,1,0,0
855,4.1045,0.289,71,713,0,0,1,0,0
856,4.1524,0.2785,71,713,0,0,1,0,0
857,4.2129,0.4548,71,713,0,0,1,0,0
858,4.2203,0.3056,71,713,0,0,1,0,0
859,4.15,0.3577,71,713,0,0,1,0,0
860,4.0852,0.3196,71,713,0,0,1,0,0
861,4.2762,0.3661,71,713,0,0,1,0,0
862,4.1596,0.2872,71,713,0,0,1,0,0
863,4.092,0.291,71,713,0,0,1,0,0
864,4.5017,0.4076,71,713,0,0,1,0,0
865,3.9002,0.3697,71,713,0,0,1,0,0
866,4.0794,0.2449,71,713,0,0,1,0,0
867,4.2516,0.359,71,713,0,0,1,0,0
868,4.0978,0.2947,71,713,0,0,1,0,0
869,4.1931,0.4005,71,713,0,0,1,0,0
870,4.1624,0.3164,71,713,0,0,1,0,0
871,4.1353,0.4473,71,713,0,0,1,0,0
872,4.2015,0.3137,71,713,0,0,1,0,0
873,4.9064,0.3447,71,713,0,0,1,0,0
874,3.5235,0.3802,71,713,0,0,1,0,0
875,4.0221,0.2731,71,713,0,0,1,0,0
876,4.2285,0.457,71,713,0,0,1,0,0
877,4.3821,0.4347,71,713,0,0,1,0,0
878,4.2781,0.4004,71,713,0,0,1,0,0
879,3.8611,0.31,71,713,0,0,1,0,0
880,4.1133,0.3042,71,713,0,0,1,0,0
881,4.1631,0.4411,71,713,0,0,1,0,0
882,4.2509,0.3043,71,713,0,0,1,0,0
883,6.4655,3.967,71,713,0,0,1,0,0
884,13.1192,1.3554,71,713,0,0,1,0,0
885,1.4464,3.8753,71,713,0,0,1,0,0
886,4.1918,2.0612,71,713,0,0,1,0,0
887,2.3279,0.3661,71,713,0,0,1,0,0
888,1.5574,0.4783,71,713,0,0,1,0,0
889,4.2607,0.3772,71,713,0,0,1,0,0
890,4.0954,0.3202,71,713,0,0,1,0,0
891,4.316,0.4095,71,713,0,0,1,0,0
892,4.0895,2.8029,71,713,0,0,1,0,0
893,4.4655,2.1311,71,713,0,0,1,0,0
894,5.6777,0.3086,71,713,0,0,1,0,0
895,2.833,0.2908,71,713,0,0,1,0,0
896,4.1959,0.3651,71,713,0,0,1,0,0
897,3.7395,0.3752,71,713,0,0,1,0,0
898,4.2091,0.3146,71,713,0,0,1,0,0
899,5.1648,0.4426,71,713,0,0,1,0,0
900,3.1787,0.2914,71,713,0,0,1,0,0
901,4.153,0.3188,71,713,0,0,1,0,0
902,4.2059,0.6391,105,713,0,0,1,34,0.1056
903,4.0785,0.2548,105,713,0,0,1,0,0
904,4.1686,0.4101,105,713,0,0,1,0,0
905,4.2645,0.3391,105,713,0,0,1,0,0
906,4.0873,0.5117,105,713,0,0,1,0,0
907,4.3524,0.444,105,713,0,0,1,0,0
908,4.4021,0.3593,105,713,0,0,1,0,0
909,3.7784,0.37,105,713,0,0,1,0,0
910,4.1222,0.3342,105,713,0,0,1,0,0
911,4.1634,0.5301,105,713,0,0,1,0,0
912,4.2372,0.3821,105,713,0,0,1,0,0
913,4.1239,0.6172,105,713,0,0,1,0,0
914,4.4809,0.4489,105,713,0,0,1,0,0
915,3.8707,0.3291,105,713,0,0,1,0,0
916,4.1609,0.5176,105,713,0,0,1,0,0
917,4.2084,0.3479,105,713,0,0,1,0,0
918,4.0635,0.3431,105,713,0,0,1,0,0
919,4.1914,0.2641,105,713,0,0,1,0,0
920,4.1728,0.3193,105,713,0,0,1,0,0
921,4.1988,0.5053,105,713,0,0,1,0,0
922,4.1451,0.2923,105,713,0,0,1,0,0
923,4.4988,0.413,105,713,0,0,1,0,0
924,3.8843,0.3331,105,713,0,0,1,0,0
925,4.2489,0.4354,105,713,0,0,1,0,0
926,4.2206,0.44,105,713,0,0,1,0,0
927,3.9738,0.3311,105,713,0,0,1,0,0
928,4.1579,0.3428,105,713,0,0,1,0,0
929,4.1753,0.34,105,713,0,0,1,0,0
930,4.2174,0.5319,105,713,0,0,1,0,0
931,4.1538,0.5604,103,713,0,0,1,0,0
932,4.0969,0.3356,103,713,0,0,1,0,0
933,4.2286,0.3598,103,713,0,0,1,0,0
934,4.121,0.3466,103,713,0,0,1,0,0
935,4.2259,0.3423,103,713,0,0,1,0,0
936,4.2228,0.323,103,713,0,0,1,0,0
937,4.137,0.5076,103,713,0,0,1,0,0
938,4.0669,0.3477,103,713,0,0,1,0,0
939,4.2386,0.5237,103,713,0,0,1,0,0
940,4.1819,0.3749,103,713,0,0,1,0,0
941,4.1639,0.4589,103,713,0,0,1,0,0
942,4.1722,0.507,103,713,0,0,1,0,0
943,4.2373,0.3332,103,713,0,0,1,0,0
944,4.0666,0.4664,103,713,0,0,1,0,0
945,4.3326,0.4121,103,713,0,0,1,0,0
946,3.9579,0.3567,103,713,0,0,1,0,0
947,4.6068,0.3279,103,713,0,0,1,0,0
948,3.8152,0.3389,103,713,0,0,1,0,0
949,4.0766,0.3344,103,713,0,0,1,0,0
950,4.1839,0.5373,103,713,0,0,1,0,0
951,4.2406,0.3247,103,713,0,0,1,0,0
952,4.1901,0.3671,103,713,0,0,1,0,0
953,4.1682,0.3421,103,713,0,0,1,0,0
954,4.1525,0.5217,103,713,0,0,1,0,0
955,4.0921,0.3213,103,713,0,0,1,0,0
956,4.1941,0.5316,103,713,0,0,1,0,0
957,4.1505,0.4435,103,713,0,0,1,0,0
958,4.112,0.3485,101,713,0,0,1,0,0
959,4.7133,0.4626,101,713,0,0,1,0,0
960,3.9562,0.3135,101,713,0,0,1,0,0
961,3.9058,0.5397,101,713,0,0,1,0,0
962,4.4432,0.5386,101,713,0,0,1,0,0
963,3.8617,0.3079,101,713,0,0,1,0,0
964,4.7622,0.4162,101,713,0,0,1,0,0
965,3.5986,0.3537,101,713,0,0,1,0,0
966,4.17,0.3415,101,713,0,0,1,0,0
967,4.2542,0.5064,101,713,0,0,1,0,0
968,4.1785,0.4842,101,713,0,0,1,0,0
969,4.2757,0.4698,101,713,0,0,1,0,0
970,3.9677,0.3195,101,713,0,0,1,0,0
971,4.262,0.3592,101,713,0,0,1,0,0
972,4.1625,0.3487,101,713,0,0,1,0,0
973,4.2178,0.2873,101,713,0,0,1,0,0
974,4.1116,0.5304,101,713,0,0,1,0,0
975,4.0643,0.5027,101,713,0,0,1,0,0
976,4.3855,0.4314,101,713,0,0,1,0,0
977,4.0688,0.512,101,713,0,0,1,0,0
978,4.1405,0.3651,101,713,0,0,1,0,0
979,4.1288,0.3784,101,713,0,0,1,0,0
980,4.1656,0.522,101,713,0,0,1,0,0
981,4.2704,0.8863,101,713,0,0,1,0,0
982,4.0541,0.3452,101,713,0,0,1,0,0
983,4.1144,0.3098,101,713,0,0,1,0,0
984,4.2423,0.4794,101,713,0,0,1,0,0
985,4.4778,0.5316,101,713,0,0,1,0,0
986,3.7512,0.6761,135,713,0,0,1,30,0.1583
987,4.1347,0.4311,135,713,0,0,1,0,0
988,4.4512,0.3958,135,713,0,0,1,0,0
989,3.966,0.3883,135,713,0,0,1,0,0
990,4.1311,0.6104,135,713,0,0,1,0,0
991,4.2814,0.548,135,713,0,0,1,0,0
992,4.0426,0.5101,135,713,0,0,1,0,0
993,4.2634,0.5677,135,713,0,0,1,0,0
994,4.036,0.5273,135,713,0,0,1,0,0
995,4.7436,0.4125,135,713,0,0,1,0,0
996,3.7263,0.3394,135,713,0,0,1,0,0
997,4.0867,0.4854,135,713,0,0,1,0,0
998,4.1782,0.4113,135,713,0,0,1,0,0
999,4.1254,0.361,135,713,0,0,1,0,0
1000,4.2159,0.5442,135,713,0,0,1,0,0
1001,4.1283,0.3382,135,713,0,0,1,0,0
1002,4.1572,0.4229,135,713,0,0,1,0,0
1003,4.5574,0.79,135,713,0,0,1,0,0
1004,3.8686,0.344,135,713,0,0,1,0,0
1005,4.0642,0.4189,135,713,0,0,1,0,0
1006,4.1804,0.3879,135,713,0,0,1,0,0
1007,4.3223,0.3564,135,713,0,0,1,0,0
1008,4.2964,0.4564,135,713,0,0,1,0,0
1009,3.961,0.3401,135,713,0,0,1,0,0
1010,4.2196,0.4085,135,713,0,0,1,0,0
1011,4.0664,0.509,135,713,0,0,1,0,0
1012,4.2002,0.4975,134,713,0,0,1,0,0
1013,4.2052,0.352,134,713,0,0,1,0,0
1014,4.1984,0.5216,134,713,0,0,1,0,0
1015,4.1423,0.4169,134,713,0,0,1,0,0
1016,4.1587,0.3773,134,713,0,0,1,0,0
1017,4.1329,0.414,134,713,0,0,1,0,0
1018,4.1133,0.3742,134,713,0,0,1,0,0
1019,4.4479,0.5438,134,713,0,0,1,0,0
1020,4.0274,0.5923,134,713,0,0,1,0,0
1021,4.4541,0.3708,134,713,0,0,1,0,0
1022,3.7867,0.3398,134,713,0,0,1,0,0
1023,4.1188,0.4035,133,713,0,0,1,0,0
1024,4.2137,0.4213,133,713,0,0,1,0,0
1025,4.1634,0.5753,133,713,0,0,1,0,0
1026,4.0942,0.3627,133,713,0,0,1,0,0
1027,4.6504,0.4591,132,713,0,0,1,0,0
1028,3.7869,0.422,132,713,0,0,1,0,0
1029,4.1864,0.4064,132,713,0,0,1,0,0
1030,4.071,0.3424,132,713,0,0,1,0,0
1031,4.1505,0.4386,132,713,0,0,1,0,0
1032,4.2815,0.4967,132,713,0,0,1,0,0
1033,4.0986,0.561,132,713,0,0,1,0,0
1034,4.1572,0.3758,132,713,0,0,1,0,0
1035,4.1387,0.3265,132,713,0,0,1,0,0
1036,4.2908,0.3798,130,713,0,0,1,0,0
1037,4.1572,0.3614,130,713,0,0,1,0,0
1038,4.0337,0.3802,130,713,0,0,1,0,0
1039,4.4249,0.4316,130,713,0,0,1,0,0
1040,3.9119,0.3138,130,713,0,0,1,0,0
1041,4.3,0.3774,130,713,0,0,1,0,0
1042,4.0279,0.3338,130,713,0,0,1,0,0
1043,4.2452,0.4343,130,713,0,0,1,0,0
1044,4.1746,0.3446,130,713,0,0,1,0,0
1045,4.0964,0.5175,130,713,0,0,1,0,0
1046,4.1881,0.3789,130,713,0,0,1,0,0
1047,4.1607,0.367,130,713,0,0,1,0,0
1048,4.2438,0.3911,130,713,0,0,1,0,0
1049,4.1571,0.587,130,713,0,0,1,0,0
1050,4.2132,0.5609,130,713,0,0,1,0,0
1051,4.6297,0.3722,130,713,0,0,1,0,0
1052,3.9307,0.3367,130,713,0,0,1,0,0
1053,3.8458,0.3693,130,713,0,0,1,0,0
1054,4.1452,0.3676,130,713,0,0,1,0,0
1055,4.1443,0.4593,130,713,0,0,1,0,0
1056,4.2697,0.3041,130,713,0,0,1,0,0
1057,4.1302,0.5787,130,713,0,0,1,0,0
1058,4.2865,0.4899,130,713,0,0,1,0,0
1059,4.4347,0.323,130,713,0,0,1,0,0
1060,4.1633,0.5538,130,713,0,0,1,0,0
1061,3.7477,0.346,130,713,0,0,1,0,0
1062,4.2271,0.6123,130,713,0,0,1,0,0
1063,4.1111,0.3148,130,713,0,0,1,0,0
1064,4.3968,0.4615,130,713,0,0,1,0,0
1065,4.001,0.3968,130,713,0,0,1,0,0
1066,4.1602,0.5181,129,713,0,0,1,0,0
1067,4.2108,0.3494,129,713,0,0,1,0,0
1068,4.1392,0.3508,129,713,0,0,1,0,0
1069,4.3284,0.4515,129,713,0,0,1,0,0
1070,3.9201,0.5086,163,713,0,0,1,28,0.106
1071,4.1645,0.3548,163,713,0,0,1,0,0
1072,4.2072,0.4792,163,713,0,0,1,0,0
1073,4.1556,0.3707,163,713,0,0,1,0,0
1074,4.2202,0.584,163,713,0,0,1,0,0
1075,4.1256,0.363,163,713,0,0,1,0,0
1076,4.1725,0.5425,163,713,0,0,1,0,0
1077,4.7118,0.3718,162,713,0,0,1,0,0
1078,3.5915,0.318,162,713,0,0,1,0,0
1079,4.2596,0.5777,162,713,0,0,1,0,0
1080,4.146,0.2912,162,713,0,0,1,0,0
1081,4.099,0.3711,162,713,0,0,1,0,0
1082,4.1253,0.353,162,713,0,0,1,0,0
1083,4.2244,0.3681,162,713,0,0,1,0,0
1084,4.1301,0.3589,162,713,0,0,1,0,0
1085,4.3711,0.4929,162,713,0,0,1,0,0
1086,4.6878,0.388,162,713,0,0,1,0,0
1087,3.419,0.3636,162,713,0,0,1,0,0
1088,4.3607,0.5808,162,713,0,0,1,0,0
1089,4.0218,0.5518,162,713,0,0,1,0,0
1090,4.1262,0.3645,162,713,0,0,1,0,0
1091,4.2327,0.3162,162,713,0,0,1,0,0
1092,4.1495,0.3655,162,713,0,0,1,0,0
1093,4.504,0.6039,162,713,0,0,1,0,0
1094,3.8316,0.5934,162,713,0,0,1,0,0
1095,4.1359,0.5499,162,713,0,0,1,0,0
1096,4.2293,0.3935,162,713,0,0,1,0,0
1097,4.1207,0.547,161,713,0,0,1,0,0
1098,4.2241,0.3866,161,713,0,0,1,0,0
1099,4.1694,0.4183,161,713,0,0,1,0,0
1100,4.1311,0.3064,161,713,0,0,1,0,0
1101,4.1709,0.5228,160,713,0,0,1,0,0
1102,4.1074,0.3085,160,713,0,0,1,0,0
1103,4.2518,0.42,160,713,0,0,1,0,0
1104,4.5223,0.3858,160,713,0,0,1,0,0
1105,3.8019,0.4049,160,713,0,0,1,0,0
1106,4.1474,0.5023,160,713,0,0,1,0,0
1107,4.132,0.3693,160,713,0,0,1,0,0
1108,4.1608,0.3785,160,713,0,0,1,0,0
1109,4.1839,0.3186,160,713,0,0,1,0,0
1110,4.2173,0.4491,160,713,0,0,1,0,0
1111,4.5011,0.3056,160,713,0,0,1,0,0
1112,3.8291,0.4877,160,713,0,0,1,0,0
1113,4.1704,0.5055,160,713,0,0,1,0,0
1114,4.1096,0.3822,160,713,0,0,1,0,0
1115,4.5194,0.4611,160,713,0,0,1,0,0
1116,3.9163,0.4106,160,713,0,0,1,0,0
1117,4.1441,0.4036,160,713,0,0,1,0,0
1118,4.1519,0.499,160,713,0,0,1,0,0
1119,4.1487,0.5778,159,713,0,0,1,0,0
1120,4.1562,0.4627,159,713,0,0,1,0,0
1121,4.1505,0.4365,159,713,0,0,1,0,0
1122,4.2369,0.3387,159,713,0,0,1,0,0
1123,4.1537,0.4098,159,713,0,0,1,0,0
1124,4.1391,0.5667,159,713,0,0,1,0,0
1125,4.1718,0.4548,159,713,0,0,1,0,0
1126,4.1114,0.3855,159,713,0,0,1,0,0
1127,4.4171,0.4307,159,713,0,0,1,0,0
1128,3.9586,0.5841,159,713,0,0,1,0,0
1129,4.5412,0.6045,159,713,0,0,1,0,0
1130,3.8035,0.4173,159,713,0,0,1,0,0
1131,4.1442,0.5177,159,713,0,0,1,0,0
1132,4.4503,0.3689,159,713,0,0,1,0,0
1133,3.8848,0.442,158,713,0,0,1,0,0
1134,4.1853,0.591,158,713,0,0,1,0,0
1135,4.1391,0.3729,158,713,0,0,1,0,0
1136,4.1336,0.3219,157,713,0,0,1,0,0
1137,4.1552,0.5505,157,713,0,0,1,0,0
1138,4.1983,0.3337,157,713,0,0,1,0,0
1139,4.1516,0.5249,156,713,0,0,1,0,0
1140,4.2051,0.2913,156,713,0,0,1,0,0
1141,4.1793,0.4162,156,713,0,0,1,0,0
1142,4.1426,0.5446,156,713,0,0,1,0,0
1143,4.1412,0.5063,156,713,0,0,1,0,0
1144,4.2101,0.6906,156,713,0,0,1,0,0
1145,4.1433,0.4257,156,713,0,0,1,0,0
1146,4.428,0.4525,156,713,0,0,1,0,0
1147,3.9036,0.3504,156,713,0,0,1,0,0
1148,4.133,0.3635,156,713,0,0,1,0,0
1149,4.2494,0.3476,156,713,0,0,1,0,0
1150,4.1091,0.377,156,713,0,0,1,0,0
1151,4.2105,0.5239,156,713,0,0,1,0,0
1152,4.1559,0.6136,156,713,0,0,1,0,0
1153,4.1576,0.3868,156,713,0,0,1,0,0
1154,4.1693,0.5189,190,713,0,0,1,27,0.1186
1155,4.1065,0.4268,190,713,0,0,1,0,0
1156,4.469,0.4345,190,713,0,0,1,0,0
1157,3.9694,0.4567,190,713,0,0,1,0,0
1158,4.1299,0.6955,190,713,0,0,1,0,0
1159,4.22,0.3247,190,713,0,0,1,0,0
1160,4.0823,0.3744,190,713,0,0,1,0,0
1161,4.2779,0.3633,190,713,0,0,1,0,0
1162,4.0448,0.3819,190,713,0,0,1,0,0
1163,4.4565,0.3123,190,713,0,0,1,0,0
1164,3.8896,0.3828,190,713,0,0,1,0,0
1165,4.1603,0.4751,190,713,0,0,1,0,0
1166,4.1367,0.442,190,713,0,0,1,0,0
1167,4.1937,0.3147,190,713,0,0,1,0,0
1168,4.2244,0.572,190,713,0,0,1,0,0
1169,4.4409,0.3391,190,713,0,0,1,0,0
1170,4.1757,0.3998,190,713,0,0,1,0,0
1171,4.1626,0.4788,190,713,0,0,1,0,0
1172,3.9099,0.4428,190,713,0,0,1,0,0
1173,4.1352,0.3436,190,713,0,0,1,0,0
1174,4.123,0.3997,190,713,0,0,1,0,0
1175,4.2932,0.5653,190,713,0,0,1,0,0
1176,4.1095,0.4203,189,713,0,0,1,0,0
1177,4.0804,0.5208,189,713,0,0,1,0,0
1178,4.704,0.4104,189,713,0,0,1,0,0
1179,3.6408,0.3655,189,713,0,0,1,0,0
1180,4.2164,0.5626,188,713,0,0,1,0,0
1181,4.131,0.4079,188,713,0,0,1,0,0
1182,4.2045,0.5024,188,713,0,0,1,0,0
1183,4.2638,0.5686,188,713,0,0,1,0,0
1184,4.3131,0.4124,188,713,0,0,1,0,0
1185,3.9169,0.5962,188,713,0,0,1,0,0
1186,4.1353,0.3166,186,713,0,0,1,0,0
1187,4.2396,0.4187,185,713,0,0,1,0,0
1188,4.1695,0.3031,185,713,0,0,1,0,0
1189,4.1353,0.5916,185,713,0,0,1,0,0
1190,4.0801,0.3123,184,713,0,0,1,0,0
1191,4.289,0.6302,184,713,0,0,1,0,0
1192,4.1877,0.4121,184,713,0,0,1,0,0
1193,4.0869,0.4041,184,713,0,0,1,0,0
1194,4.1386,0.408,184,713,0,0,1,0,0
1195,8.7933,3.9987,184,713,0,0,1,0,0
1196,4.108,0.8276,184,713,0,0,1,0,0
1197,3.7416,3.8926,184,713,0,0,1,0,0
1198,4.1471,4.616,183,713,0,0,1,0,0
1199,8.2561,4.5646,182,713,0,0,1,0,0
1200,24.785,0.3516,182,713,0,0,1,0,0
1201,8.2495,0.4362,182,713,0,0,1,0,0
1202,2.2637,0.3956,182,713,0,0,1,0,0
1203,4.0099,0.3672,182,713,0,0,1,0,0
1204,5.4275,0.5003,182,713,0,0,1,0,0
1205,4.4346,0.4869,182,713,0,0,1,0,0
1206,3.2881,0.3933,182,713,0,0,1,0,0
1207,4.9823,0.4513,182,713,0,0,1,0,0
1208,4.1733,0.5361,182,713,0,0,1,0,0
1209,2.5749,0.543,182,713,0,0,1,0,0
1210,3.7397,0.5427,182,713,0,0,1,0,0
1211,3.767,0.4239,182,713,0,0,1,0,0
1212,6.4875,0.3642,181,713,0,0,1,0,0
1213,4.8361,0.4014,181,713,0,0,1,0,0
1214,1.6939,0.4879,181,713,0,0,1,0,0
1215,3.9958,0.4171,181,713,0,0,1,0,0
1216,5.001,0.3475,180,713,0,0,1,0,0
1217,7.678,0.352,179,713,0,0,1,0,0
1218,3.0833,0.5262,179,713,0,0,1,0,0
1219,2.4822,0.3868,179,713,0,0,1,0,0
1220,6.2842,0.4085,179,713,0,0,1,0,0
1221,2.2154,0.4197,179,713,0,0,1,0,0
1222,3.7112,0.3749,179,713,0,0,1,0,0
1223,2.286,0.4685,179,713,0,0,1,0,0
1224,5.3373,0.4129,179,713,0,0,1,0,0
1225,4.8851,0.411,179,713,0,0,1,0,0
1226,3.6732,0.3284,179,713,0,0,1,0,0
1227,4.63,0.3895,178,713,0,0,1,0,0
1228,2.2897,0.4091,178,713,0,0,1,0,0
1229,4.5185,0.475,178,713,0,0,1,0,0
1230,6.6421,0.3831,178,713,0,0,1,0,0
1231,4.0278,0.4807,212,713,0,0,1,22,0.0656
1232,1.5109,0.4543,212,713,0,0,1,0,0
1233,4.5384,0.4898,212,713,0,0,1,0,0
1234,7.8585,1.9586,212,713,0,0,1,0,0
1235,2.0655,0.587,212,713,0,0,1,0,0
1236,1.9261,1.3544,212,713,0,0,1,0,0
1237,4.641,0.966,212,713,0,0,1,0,0
1238,3.7021,1.8249,212,713,0,0,1,0,0
1239,4.0991,1.4223,212,713,0,0,1,0,0
1240,4.1815,1.0683,211,713,0,0,1,0,0
1241,4.4348,0.9117,211,713,0,0,1,0,0
1242,3.8369,0.4588,211,713,0,0,1,0,0
1243,4.1863,0.841,211,713,0,0,1,0,0
1244,4.1778,0.424,211,713,0,0,1,0,0
1245,4.508,0.8839,211,713,0,0,1,0,0
1246,3.912,0.5657,211,713,0,0,1,0,0
1247,4.1459,0.6869,211,713,0,0,1,0,0
1248,4.1,0.5744,211,713,0,0,1,0,0
1249,4.4233,0.586,211,713,0,0,1,0,0
1250,3.9036,0.6688,210,713,0,0,1,0,0
1251,4.1519,0.7359,210,713,0,0,1,0,0
1252,4.2682,0.6705,210,713,0,0,1,0,0
1253,4.3624,0.4321,210,713,0,0,1,0,0
1254,3.8741,0.5857,210,713,0,0,1,0,0
1255,4.1723,0.5261,210,713,0,0,1,0,0
1256,4.1651,0.6091,210,713,0,0,1,0,0
1257,4.6375,0.6426,209,713,0,0,1,0,0
1258,3.719,0.4943,209,713,0,0,1,0,0
1259,4.1376,0.4689,209,713,0,0,1,0,0
1260,4.1823,0.4721,209,713,0,0,1,0,0
1261,4.4708,0.5778,208,713,0,0,1,0,0
1262,3.8053,0.5255,208,713,0,0,1,0,0
1263,4.1938,0.5857,208,713,0,0,1,0,0
1264,4.2568,0.6362,207,713,0,0,1,0,0
1265,4.3178,0.4706,207,713,0,0,1,0,0
1266,3.9085,0.6288,207,713,0,0,1,0,0
1267,4.7203,0.59,207,713,0,0,1,0,0
1268,3.6585,0.6037,207,713,0,0,1,0,0
1269,4.4522,0.5908,207,713,0,0,1,0,0
1270,3.886,0.5267,207,713,0,0,1,0,0
1271,4.105,0.6389,207,713,0,0,1,0,0
1272,4.2805,0.6524,207,713,0,0,1,0,0
1273,4.4077,0.5923,207,713,0,0,1,0,0
1274,3.9098,0.5469,207,713,0,0,1,0,0
1275,4.0947,0.5941,206,713,0,0,1,0,0
1276,4.2525,0.5052,206,713,0,0,1,0,0
1277,4.5526,0.5122,206,713,0,0,1,0,0
1278,3.7335,0.6136,206,713,0,0,1,0,0
1279,4.2075,0.7002,205,713,0,0,1,0,0
1280,3.9747,0.3855,205,713,0,0,1,0,0
1281,4.3976,0.3351,205,713,0,0,1,0,0
1282,3.8538,0.4687,205,713,0,0,1,0,0
1283,4.1497,0.5518,205,713,0,0,1,0,0
1284,4.1951,0.4065,205,713,0,0,1,0,0
1285,4.429,0.3879,205,713,0,0,1,0,0
1286,3.8365,0.43,205,713,0,0,1,0,0
1287,4.141,0.3539,205,713,0,0,1,0,0
1288,4.2239,0.4628,205,713,0,0,1,0,0
1289,4.1613,0.3982,204,713,0,0,1,0,0
1290,4.2768,0.5578,204,713,0,0,1,0,0
1291,4.0681,0.5051,204,713,0,0,1,0,0
1292,4.1314,0.3212,204,713,0,0,1,0,0
1293,4.1402,0.5159,204,713,0,0,1,0,0
1294,4.2543,0.5295,204,713,0,0,1,0,0
1295,4.1366,0.4167,202,713,0,0,1,0,0
1296,4.1964,0.5765,202,713,0,0,1,0,0
1297,4.261,0.5101,202,713,0,0,1,0,0
1298,4.0655,0.6413,202,713,0,0,1,0,0
1299,4.111,0.3127,202,713,0,0,1,0,0
1300,4.2017,0.5677,202,713,0,0,1,0,0
1301,4.1298,0.3171,202,713,0,0,1,0,0
1302,4.1483,0.4038,201,713,0,0,1,0,0
1303,4.2129,0.4083,201,713,0,0,1,0,0
1304,4.1618,0.4781,201,713,0,0,1,0,0
1305,4.1423,0.3581,201,713,0,0,1,0,0
1306,4.1789,0.5909,201,713,0,0,1,0,0
1307,4.216,0.5198,201,713,0,0,1,0,0
1308,4.0656,0.3068,201,713,0,0,1,0,0
1309,4.3835,0.532,201,713,0,0,1,0,0
1310,4.112,0.3312,201,713,0,0,1,0,0
1311,4.0524,0.4165,201,713,0,0,1,0,0
1312,4.241,0.3716,201,713,0,0,1,0,0
1313,4.0799,0.632,201,713,0,0,1,0,0
1314,4.4322,0.3639,201,713,0,0,1,0,0
1315,3.8998,0.9131,234,713,0,0,1,23,0.0967
1316,4.2291,0.6827,234,713,0,0,1,0,0
1317,4.1934,0.5219,234,713,0,0,1,0,0
1318,4.1283,0.4789,234,713,0,0,1,0,0
1319,4.2014,0.5536,234,713,0,0,1,0,0
1320,4.1583,0.3267,234,713,0,0,1,0,0
1321,4.1273,0.4308,234,713,0,0,1,0,0
1322,4.2821,0.3708,233,713,0,0,1,0,0
1323,4.0332,0.4144,233,713,0,0,1,0,0
1324,4.2003,0.4695,233,713,0,0,1,0,0
1325,4.1798,0.3639,233,713,0,0,1,0,0
1326,4.3878,0.7125,233,713,0,0,1,0,0
1327,3.9845,0.6597,226,713,0,0,1,0,0
1328,4.0763,0.7567,226,713,0,0,1,0,0
1329,4.1672,0.4027,225,713,0,0,1,0,0
1330,4.1783,0.3474,225,713,0,0,1,0,0
1331,4.1433,1.051,225,713,0,0,1,0,0
1332,4.1685,0.4308,225,713,0,0,1,0,0
1333,4.2983,0.8445,224,713,0,0,1,0,0
1334,4.1123,0.6106,224,713,0,0,1,0,0
1335,4.0937,0.4124,224,713,0,0,1,0,0
1336,4.2062,0.4226,224,713,0,0,1,0,0
1337,4.1725,0.667,224,713,0,0,1,0,0
1338,4.1688,0.3997,224,713,0,0,1,0,0
1339,4.1374,0.4607,223,713,0,0,1,0,0
1340,4.2079,0.5774,223,713,0,0,1,0,0
1341,4.1737,0.6606,223,713,0,0,1,0,0
1342,4.1541,0.4259,222,713,0,0,1,0,0
1343,4.1663,0.7196,222,713,0,0,1,0,0
1344,4.1259,0.5959,222,713,0,0,1,0,0
1345,4.224,0.3759,221,713,0,0,1,0,0
1346,4.1082,0.4149,221,713,0,0,1,0,0
1347,4.1662,0.9314,220,713,0,0,1,0,0
1348,4.1693,0.4472,220,713,0,0,1,0,0
1349,4.2291,0.6802,220,713,0,0,1,0,0
1350,4.109,0.3667,220,713,0,0,1,0,0
1351,4.1944,0.8819,220,713,0,0,1,0,0
1352,4.1905,0.6557,220,713,0,0,1,0,0
1353,4.3994,1.3908,220,713,0,0,1,0,0
1354,3.8936,1.6305,220,713,0,0,1,0,0
1355,4.2115,0.5048,220,713,0,0,1,0,0
1356,4.1628,1.4577,220,713,0,0,1,0,0
1357,6.5609,0.3867,220,713,0,0,1,0,0
1358,2.1073,0.3569,220,713,0,0,1,0,0
1359,4.1523,0.377,220,713,0,0,1,0,0
1360,5.128,0.3446,220,713,0,0,1,0,0
1361,3.7273,0.4423,220,713,0,0,1,0,0
1362,5.4208,0.3565,220,713,0,0,1,0,0
1363,2.4001,0.6167,220,713,0,0,1,0,0
1364,4.1412,0.3805,220,713,0,0,1,0,0
1365,4.5208,0.5364,218,713,0,0,1,0,0
1366,4.1398,0.4831,217,713,0,0,1,0,0
1367,3.8952,0.4668,217,713,0,0,1,0,0
1368,4.4856,0.4286,217,713,0,0,1,0,0
1369,4.3045,0.5075,217,713,0,0,1,0,0
1370,3.6301,0.314,217,713,0,0,1,0,0
1371,4.8264,0.6297,217,713,0,0,1,0,0
1372,3.7594,0.4133,217,713,0,0,1,0,0
1373,4.157,0.3796,217,713,0,0,1,0,0
1374,4.5698,0.5146,217,713,0,0,1,0,0
1375,3.5686,0.4714,217,713,0,0,1,0,0
1376,4.0784,0.4222,216,713,0,0,1,0,0
1377,4.6607,0.4365,215,713,0,0,1,0,0
1378,3.7745,0.4091,215,713,0,0,1,0,0
1379,4.5065,0.4611,214,713,0,0,1,0,0
1380,4.8798,0.4342,214,713,0,0,1,0,0
1381,3.0633,0.4762,214,713,0,0,1,0,0
1382,4.3179,0.3018,214,713,0,0,1,0,0
1383,4.0471,0.4307,214,713,0,0,1,0,0
1384,5.1514,0.446,214,713,0,0,1,0,0
1385,3.1558,0.5466,214,713,0,0,1,0,0
1386,4.397,0.5364,214,713,0,0,1,0,0
1387,4.5318,0.4693,213,713,0,0,1,0,0
1388,4.6376,0.4994,213,713,0,0,1,0,0
1389,3.0112,0.3225,213,713,0,0,1,0,0
1390,4.3152,0.3498,213,713,0,0,1,0,0
1391,4.1017,0.3578,213,713,0,0,1,0,0
1392,4.8799,0.3993,212,713,0,0,1,0,0
1393,3.436,0.3839,212,713,0,0,1,0,0
1394,4.2254,0.4053,212,713,0,0,1,0,0
1395,4.687,0.4237,212,713,0,0,1,0,0
1396,3.591,0.3615,212,713,0,0,1,0,0
1397,4.853,0.4389,212,713,0,0,1,0,0
1398,3.479,0.3533,212,713,0,0,1,0,0
1399,4.5284,0.4412,246,713,0,0,1,11,0.0418
1400,3.8205,0.415,246,713,0,0,1,0,0
1401,4.12,0.4861,246,713,0,0,1,0,0
1402,4.2258,0.3943,246,713,0,0,1,0,0
1403,4.9483,0.5292,246,713,0,0,1,0,0
1404,3.3188,0.4134,246,713,0,0,1,0,0
1405,4.5274,0.4673,246,713,0,0,1,0,0
1406,3.8892,0.444,246,713,0,0,1,0,0
1407,5.4637,0.4312,244,713,0,0,1,0,0
1408,2.8017,0.3792,243,713,0,0,1,0,0
1409,4.1908,0.3751,243,713,0,0,1,0,0
1410,5.3077,0.4733,243,713,0,0,1,0,0
1411,5.2413,0.4399,235,713,0,0,1,0,0
1412,1.9295,0.4507,235,713,0,0,1,0,0
1413,4.2316,0.3921,235,713,0,0,1,0,0
1414,4.1727,0.4011,235,713,0,0,1,0,0
1415,4.2083,0.4176,235,713,0,0,1,0,0
1416,4.198,0.4866,235,713,0,0,1,0,0
1417,4.4847,0.6373,235,713,0,0,1,0,0
1418,3.7913,0.4832,234,713,0,0,1,0,0
1419,4.5612,0.5916,234,713,0,0,1,0,0
1420,4.1686,0.5045,234,713,0,0,1,0,0
1421,3.7944,0.4702,234,713,0,0,1,0,0
1422,4.2036,0.4274,234,713,0,0,1,0,0
1423,4.123,0.4724,234,713,0,0,1,0,0
1424,4.1394,0.7636,234,713,0,0,1,0,0
1425,4.2925,0.8131,233,713,0,0,1,0,0
1426,4.0749,0.3908,233,713,0,0,1,0,0
1427,4.3956,0.3562,232,713,0,0,1,0,0
1428,3.9222,0.8698,232,713,0,0,1,0,0
1429,4.1207,0.8201,232,713,0,0,1,0,0
1430,4.2255,0.4337,232,713,0,0,1,0,0
1431,4.1544,0.4281,232,713,0,0,1,0,0
1432,4.1224,0.4375,231,713,0,0,1,0,0
1433,4.1961,0.4156,231,713,0,0,1,0,0
1434,4.1441,0.4064,231,713,0,0,1,0,0
1435,4.3942,0.439,231,713,0,0,1,0,0
1436,4.1395,0.495,230,713,0,0,1,0,0
1437,4.0026,0.3794,230,713,0,0,1,0,0
1438,4.1554,0.4198,230,713,0,0,1,0,0
1439,4.5552,0.3875,229,713,0,0,1,0,0
1440,4.0345,0.3526,229,713,0,0,1,0,0
1441,3.9865,0.5006,229,713,0,0,1,0,0
1442,4.5588,0.4602,228,713,0,0,1,0,0
1443,3.8182,0.3666,228,713,0,0,1,0,0
1444,4.049,0.5086,228,713,0,0,1,0,0
1445,4.2057,0.4607,228,713,0,0,1,0,0
1446,4.1848,0.4516,228,713,0,0,1,0,0
1447,4.0794,0.6019,228,713,0,0,1,0,0
1448,4.2983,0.3947,228,713,0,0,1,0,0
1449,4.5354,0.5007,227,713,0,0,1,0,0
1450,3.6674,0.4192,227,713,0,0,1,0,0
1451,4.5633,0.3417,227,713,0,0,1,0,0
1452,3.6555,0.4072,227,713,0,0,1,0,0
1453,4.2883,0.4181,227,713,0,0,1,0,0
1454,4.0731,0.4338,227,713,0,0,1,0,0
1455,4.2988,0.3851,226,713,0,0,1,0,0
1456,4.0973,0.3156,226,713,0,0,1,0,0
1457,3.9761,0.3657,226,713,0,0,1,0,0
1458,4.2817,0.3341,226,713,0,0,1,0,0
1459,3.8783,0.3326,226,713,0,0,1,0,0
1460,4.3635,0.4634,226,713,0,0,1,0,0
1461,3.8661,0.4485,226,713,0,0,1,0,0
1462,4.2685,0.3744,226,713,0,0,1,0,0
1463,10.4934,0.3112,226,713,0,0,1,0,0
1464,0.3556,1.7779,226,713,0,0,1,0,0
1465,3.0055,0.9681,226,713,0,0,1,0,0
1466,3.7952,0.4925,224,713,0,0,1,0,0
1467,3.4278,0.3462,223,713,0,0,1,0,0
1468,4.3548,0.3466,223,713,0,0,1,0,0
1469,4.5446,0.4164,223,713,0,0,1,0,0
1470,3.5939,1.2661,223,713,0,0,1,0,0
1471,4.394,0.4441,223,713,0,0,1,0,0
1472,3.9228,0.3886,223,713,0,0,1,0,0
1473,4.7359,0.5436,223,713,0,0,1,0,0
1474,3.5886,0.2556,223,713,0,0,1,0,0
1475,4.5533,0.4782,223,713,0,0,1,0,0
1476,3.7854,0.3852,223,713,0,0,1,0,0
1477,4.4247,0.4344,223,713,0,0,1,0,0
1478,4.7725,0.483,223,713,0,0,1,0,0
1479,3.3931,0.3372,223,713,0,0,1,0,0
1480,4.3094,0.9464,222,713,0,0,1,0,0
1481,8.1426,0.443,221,713,0,0,1,0,0
1482,4.1876,0.3595,255,713,0,0,1,9,0.0354
1483,4.1279,0.4767,255,713,0,0,1,0,0
1484,4.4356,0.5068,255,713,0,0,1,0,0
1485,3.8989,0.4477,255,713,0,0,1,0,0
1486,4.1489,0.5925,254,713,0,0,1,0,0
1487,4.2007,0.3874,254,713,0,0,1,0,0
1488,4.4286,0.4046,253,713,0,0,1,0,0
1489,3.8727,0.4356,253,713,0,0,1,0,0
1490,4.1698,0.4627,253,713,0,0,1,0,0
1491,4.1626,0.3561,253,713,0,0,1,0,0
1492,4.4304,0.3959,252,713,0,0,1,0,0
1493,3.9167,0.4922,245,713,0,0,1,0,0
1494,4.1495,0.4703,245,713,0,0,1,0,0
1495,4.2181,0.4327,245,713,0,0,1,0,0
1496,4.3964,0.4493,245,713,0,0,1,0,0
1497,3.951,0.4452,245,713,0,0,1,0,0
1498,4.1656,0.4066,245,713,0,0,1,0,0
1499,4.1698,0.5405,245,713,0,0,1,0,0
1500,4.409,0.343,244,713,0,0,1,0,0
1501,3.8863,0.4581,244,713,0,0,1,0,0
1502,4.2163,0.418,244,713,0,0,1,0,0
1503,4.5185,0.5469,244,713,0,0,1,0,0
1504,4.2309,0.6762,244,713,0,0,1,0,0
1505,3.7594,0.5225,244,713,0,0,1,0,0
1506,4.2627,1.2622,244,713,0,0,1,0,0
1507,4.0995,0.6101,244,713,0,0,1,0,0
1508,4.6199,0.5142,244,713,0,0,1,0,0
1509,4.0781,0.3552,244,713,0,0,1,0,0
1510,4.2553,0.4926,242,713,0,0,1,0,0
1511,4.22,0.4934,242,713,0,0,1,0,0
1512,4.4663,0.3634,242,713,0,0,1,0,0
1513,3.8003,0.4904,242,713,0,0,1,0,0
1514,4.0897,0.4036,242,713,0,0,1,0,0
1515,4.1727,0.3747,242,713,0,0,1,0,0
1516,4.4087,0.4433,241,713,0,0,1,0,0
1517,3.9474,0.3903,241,713,0,0,1,0,0
1518,4.1479,0.3874,241,713,0,0,1,0,0
1519,4.1534,0.4883,241,713,0,0,1,0,0
1520,4.4593,0.4122,241,713,0,0,1,0,0
1521,4.8596,0.4275,241,713,0,0,1,0,0
1522,3.1988,0.4258,241,713,0,0,1,0,0
1523,4.2137,0.4141,241,713,0,0,1,0,0
1524,5.1545,0.3496,241,713,0,0,1,0,0
1525,4.1498,0.4309,241,713,0,0,1,0,0
1526,4.1674,0.3797,241,713,0,0,1,0,0
1527,4.0088,0.4389,241,713,0,0,1,0,0
1528,5.0504,0.3686,241,713,0,0,1,0,0
1529,2.8211,0.3491,241,713,0,0,1,0,0
1530,4.2385,0.5606,241,713,0,0,1,0,0
1531,3.7192,0.3822,241,713,0,0,1,0,0
1532,4.5687,0.3439,241,713,0,0,1,0,0
1533,3.7832,0.384,241,713,0,0,1,0,0
1534,4.4345,0.3706,240,713,0,0,1,0,0
1535,3.8775,0.4888,240,713,0,0,1,0,0
1536,4.5426,0.5261,240,713,0,0,1,0,0
1537,3.744,0.3811,237,713,0,0,1,0,0
1538,4.378,0.3491,236,713,0,0,1,0,0
1539,4.2248,0.4697,235,713,0,0,1,0,0
1540,4.3017,0.3806,235,713,0,0,1,0,0
1541,4.0168,0.4744,235,713,0,0,1,0,0
1542,4.1653,0.5255,235,713,0,0,1,0,0
1543,3.9544,0.4254,234,713,0,0,1,0,0
1544,4.6909,0.5701,234,713,0,0,1,0,0
1545,3.8361,0.4428,234,713,0,0,1,0,0
1546,3.9754,0.2967,234,713,0,0,1,0,0
1547,4.4997,0.5692,234,713,0,0,1,0,0
1548,4.128,0.3214,232,713,0,0,1,0,0
1549,3.8793,0.4394,232,713,0,0,1,0,0
1550,3.8963,0.4411,232,713,0,0,1,0,0
1551,4.1322,0.3829,232,713,0,0,1,0,0
1552,4.4792,0.4908,232,713,0,0,1,0,0
1553,4.0021,0.4735,232,713,0,0,1,0,0
1554,4.0453,0.4318,232,713,0,0,1,0,0
1555,4.4688,0.5173,232,713,0,0,1,0,0
1556,3.5958,0.4745,231,713,0,0,1,0,0
1557,4.0603,0.3708,231,713,0,0,1,0,0
1558,4.2298,0.652,231,713,0,0,1,0,0
1559,4.2672,0.3444,231,713,0,0,1,0,0
1560,4.2409,0.5192,231,713,0,0,1,0,0
1561,3.9063,0.6646,230,713,0,0,1,0,0
1562,4.2052,0.3472,230,713,0,0,1,0,0
1563,4.1768,0.4322,230,713,0,0,1,0,0
1564,4.2036,0.3776,230,713,0,0,1,0,0
1565,4.1528,0.4932,230,713,0,0,1,0,0
1566,4.1216,0.5134,264,713,0,0,1,11,0.0645
1567,4.1598,0.4263,264,713,0,0,1,0,0
1568,4.2051,0.4316,264,713,0,0,1,0,0
1569,4.1397,0.4727,264,713,0,0,1,0,0
1570,4.2058,0.6636,264,713,0,0,1,0,0
1571,4.0698,0.3489,264,713,0,0,1,0,0
1572,4.3724,0.5725,264,713,0,0,1,0,0
1573,4.0793,0.8288,264,713,0,0,1,0,0
1574,4.0819,0.362,263,713,0,0,1,0,0
1575,4.2421,0.4304,263,713,0,0,1,0,0
1576,4.1541,0.4615,263,713,0,0,1,0,0
1577,4.1146,0.4394,263,713,0,0,1,0,0
1578,4.2875,0.4229,256,713,0,0,1,0,0
1579,4.1037,0.4899,256,713,0,0,1,0,0
1580,4.1705,0.43,255,713,0,0,1,0,0
1581,4.2487,0.4377,255,713,0,0,1,0,0
1582,4.3087,0.4275,255,713,0,0,1,0,0
1583,3.9194,0.4236,255,713,0,0,1,0,0
1584,4.2078,0.3776,255,713,0,0,1,0,0
1585,4.046,0.4369,255,713,0,0,1,0,0
1586,4.2195,0.4405,255,713,0,0,1,0,0
1587,4.2273,0.3888,255,713,0,0,1,0,0
1588,4.2598,0.4496,255,713,0,0,1,0,0
1589,4.084,0.4185,255,713,0,0,1,0,0
1590,4.061,0.3761,255,713,0,0,1,0,0
1591,4.1974,0.4689,255,713,0,0,1,0,0
1592,4.2297,0.4752,253,713,0,0,1,0,0
1593,4.1265,0.5566,253,713,0,0,1,0,0
1594,4.2006,0.4699,252,713,0,0,1,0,0
1595,4.0914,0.4381,252,713,0,0,1,0,0
1596,4.1938,0.5436,252,713,0,0,1,0,0
1597,4.2602,0.5746,252,713,0,0,1,0,0
1598,4.0676,0.4484,252,713,0,0,1,0,0
1599,4.1923,0.6573,251,713,0,0,1,0,0
1600,4.5571,0.5665,251,713,0,0,1,0,0
1601,4.1468,0.4368,251,713,0,0,1,0,0
1602,4.8303,0.4141,250,713,0,0,1,0,0
1603,3.1346,0.3132,250,713,0,0,1,0,0
1604,4.6163,0.395,249,713,0,0,1,0,0
1605,3.6888,0.3327,249,713,0,0,1,0,0
1606,4.4748,0.3708,248,713,0,0,1,0,0
1607,3.911,0.3789,248,713,0,0,1,0,0
1608,4.4579,0.3488,248,713,0,0,1,0,0
1609,3.8608,0.5486,248,713,0,0,1,0,0
1610,4.5184,0.3546,248,713,0,0,1,0,0
1611,4.1561,0.3431,248,713,0,0,1,0,0
1612,4.1087,0.4427,248,713,0,0,1,0,0
1613,4.1716,0.4107,248,713,0,0,1,0,0
1614,4.2423,0.3632,247,713,0,0,1,0,0
1615,4.0962,0.5097,247,713,0,0,1,0,0
1616,4.1055,0.5644,247,713,0,0,1,0,0
1617,4.2838,0.358,245,713,0,0,1,0,0
1618,3.7829,0.4331,245,713,0,0,1,0,0
1619,4.4433,0.4445,245,713,0,0,1,0,0
1620,3.9435,0.5603,244,713,0,0,1,0,0
1621,4.5075,0.4706,242,713,0,0,1,0,0
1622,3.7832,0.3999,241,713,0,0,1,0,0
1623,4.5948,0.3903,241,713,0,0,1,0,0
1624,4.0337,0.5232,241,713,0,0,1,0,0
1625,4.3275,0.5298,241,713,0,0,1,0,0
1626,4.1447,0.4549,240,713,0,0,1,0,0
1627,4.0958,0.4766,240,713,0,0,1,0,0
1628,4.503,0.3787,239,713,0,0,1,0,0
1629,4.0545,0.4277,239,713,0,0,1,0,0
1630,3.9999,0.5263,239,713,0,0,1,0,0
1631,4.5094,0.4345,238,713,0,0,1,0,0
1632,3.7539,0.426,237,713,0,0,1,0,0
1633,4.4798,0.4483,236,713,0,0,1,0,0
1634,3.8302,0.3858,236,713,0,0,1,0,0
1635,4.4227,0.3518,236,713,0,0,1,0,0
1636,5.1221,0.439,236,713,0,0,1,0,0
1637,2.9244,0.3377,236,713,0,0,1,0,0
1638,4.8123,0.4242,236,713,0,0,1,0,0
1639,4.1406,0.3526,235,713,0,0,1,0,0
1640,3.5656,0.6297,235,713,0,0,1,0,0
1641,5.6208,0.4056,235,713,0,0,1,0,0
1642,3.728,0.3734,235,713,0,0,1,0,0
1643,4.0038,0.3994,235,713,0,0,1,0,0
1644,11.0294,0.408,232,713,0,0,1,0,0
1645,6.7465,0.3438,231,713,0,0,1,0,0
1646,0.9059,0.4144,230,713,0,0,1,0,0
1647,3.0161,0.3801,230,713,0,0,1,0,0
1648,0.7948,0.4065,230,713,0,0,1,0,0
1649,1.6728,0.356,230,713,0,0,1,0,0
1650,4.2493,0.3475,264,713,0,0,1,0,0
1651,4.5444,0.6889,264,713,0,0,1,0,0
1652,5.4596,0.4217,264,713,0,0,1,0,0
1653,3.8361,0.3868,264,713,0,0,1,0,0
1654,4.1073,0.3039,264,713,0,0,1,0,0
1655,5.0481,0.4007,264,713,0,0,1,0,0
1656,3.7449,0.3421,264,713,0,0,1,0,0
1657,2.7907,0.3105,263,713,0,0,1,0,0
1658,3.8057,0.4941,263,713,0,0,1,0,0
1659,7.1653,0.4029,263,713,0,0,1,0,0
1660,1.0911,0.3474,263,713,0,0,1,0,0
1661,4.2194,0.4201,255,713,0,0,1,0,0
1662,4.6493,0.4779,255,713,0,0,1,0,0
1663,5.7876,0.3609,255,713,0,0,1,0,0
1664,1.9581,0.3865,255,713,0,0,1,0,0
1665,5.624,0.382,255,713,0,0,1,0,0
1666,5.9325,0.6103,255,713,0,0,1,0,0
1667,0.9703,0.3596,255,713,0,0,1,0,0
1668,4.2508,0.3547,255,713,0,0,1,0,0
1669,7.7445,0.4285,255,713,0,0,1,0,0
1670,0.8839,0.3658,255,713,0,0,1,0,0
1671,5.4031,0.4594,255,713,0,0,1,0,0
1672,4.9303,0.3369,255,713,0,0,1,0,0
1673,1.7876,0.3178,255,713,0,0,1,0,0
1674,3.9707,1.8666,255,713,0,0,1,0,0
1675,4.1989,1.3334,255,713,0,0,1,0,0
1676,4.0616,0.7759,255,713,0,0,1,0,0
1677,4.2977,1.4496,254,713,0,0,1,0,0
1678,4.0784,0.669,254,713,0,0,1,0,0
1679,4.9618,0.5389,254,713,0,0,1,0,0
1680,3.3106,0.3488,254,713,0,0,1,0,0
1681,4.2762,1.1615,253,713,0,0,1,0,0
1682,4.0933,0.7981,253,713,0,0,1,0,0
1683,4.1412,0.6778,253,713,0,0,1,0,0
1684,4.1517,0.5946,253,713,0,0,1,0,0
1685,4.1696,0.3363,253,713,0,0,1,0,0
1686,4.1955,0.564,253,713,0,0,1,0,0
1687,4.1266,0.3891,253,713,0,0,1,0,0
1688,4.2237,0.4416,252,713,0,0,1,0,0
1689,4.1077,0.354,252,713,0,0,1,0,0
1690,4.1451,0.4788,252,713,0,0,1,0,0
1691,4.1431,0.5748,252,713,0,0,1,0,0
1692,4.4584,0.6219,252,713,0,0,1,0,0
1693,3.9484,0.3305,252,713,0,0,1,0,0
1694,4.1423,0.3259,252,713,0,0,1,0,0
1695,4.2554,0.3876,251,713,0,0,1,0,0
1696,4.1629,0.5527,251,713,0,0,1,0,0
1697,4.1541,0.5278,251,713,0,0,1,0,0
1698,4.3337,0.4675,251,713,0,0,1,0,0
1699,3.9354,0.3289,250,713,0,0,1,0,0
1700,4.5783,0.5978,250,713,0,0,1,0,0
1701,3.751,0.4479,250,713,0,0,1,0,0
1702,4.2185,0.448,250,713,0,0,1,0,0
1703,4.0701,0.3085,250,713,0,0,1,0,0
1704,4.3928,0.3693,250,713,0,0,1,0,0
1705,4.006,0.4626,250,713,0,0,1,0,0
1706,4.131,0.4167,249,713,0,0,1,0,0
1707,4.3881,0.3897,249,713,0,0,1,0,0
1708,4.0316,0.3516,249,713,0,0,1,0,0
1709,4.287,0.3729,249,713,0,0,1,0,0
1710,3.9977,0.3728,249,713,0,0,1,0,0
1711,4.2391,0.363,249,713,0,0,1,0,0
1712,4.3126,0.5033,249,713,0,0,1,0,0
1713,3.9373,0.3354,248,713,0,0,1,0,0
1714,4.1721,0.4745,248,713,0,0,1,0,0
1715,4.1451,0.4073,248,713,0,0,1,0,0
1716,4.1831,0.3364,248,713,0,0,1,0,0
1717,4.4592,0.629,248,713,0,0,1,0,0
1718,3.8453,0.4109,248,713,0,0,1,0,0
1719,4.245,0.3899,247,713,0,0,1,0,0
1720,4.0978,0.4197,247,713,0,0,1,0,0
1721,4.1525,0.4788,247,713,0,0,1,0,0
1722,4.2565,0.4,246,713,0,0,1,0,0
1723,4.2977,0.5701,245,713,0,0,1,0,0
1724,4.3073,0.561,245,713,0,0,1,0,0
1725,3.8813,0.5181,245,713,0,0,1,0,0
1726,4.1475,0.4614,244,713,0,0,1,0,0
1727,4.1575,0.4387,244,713,0,0,1,0,0
1728,4.1506,0.6489,244,713,0,0,1,0,0
1729,4.2942,0.9534,244,713,0,0,1,0,0
1730,4.0379,0.4038,244,713,0,0,1,0,0
1731,4.1629,0.5295,244,713,0,0,1,0,0
1732,4.2711,0.7285,244,713,0,0,1,0,0
1733,4.0957,0.5874,244,713,0,0,1,0,0
1734,4.1327,0.7522,278,713,0,0,1,12,0.078
1735,4.1733,0.4084,278,713,0,0,1,0,0
1736,4.2105,0.7306,278,713,0,0,1,0,0
1737,4.1236,0.8376,278,713,0,0,1,0,0
1738,4.183,0.3746,278,713,0,0,1,0,0
1739,4.1227,0.4084,277,713,0,0,1,0,0
1740,4.1937,0.4586,277,713,0,0,1,0,0
1741,4.2239,0.691,277,713,0,0,1,0,0
1742,4.1298,0.3714,277,713,0,0,1,0,0
1743,4.3774,0.5341,277,713,0,0,1,0,0
1744,4.2795,0.447,277,713,0,0,1,0,0
1745,3.8775,0.4769,270,713,0,0,1,0,0
1746,4.4033,0.3524,270,713,0,0,1,0,0
1747,3.8864,0.7282,270,713,0,0,1,0,0
1748,4.2043,0.6792,270,713,0,0,1,0,0
1749,4.1055,0.3551,270,713,0,0,1,0,0
1750,4.1828,0.5887,270,713,0,0,1,0,0
1751,4.1514,0.9358,270,713,0,0,1,0,0
1752,4.243,0.4692,270,713,0,0,1,0,0
1753,4.1855,0.5388,269,713,0,0,1,0,0
1754,4.0823,0.4662,269,713,0,0,1,0,0
1755,4.2038,0.4017,269,713,0,0,1,0,0
1756,4.1578,0.3551,269,713,0,0,1,0,0
1757,4.4631,0.3482,269,713,0,0,1,0,0
1758,3.8536,0.4704,269,713,0,0,1,0,0
1759,4.1489,0.6203,269,713,0,0,1,0,0
1760,4.2298,0.3335,268,713,0,0,1,0,0
1761,6.1237,3.0287,268,713,0,0,1,0,0
1762,7.2453,0.8063,265,713,0,0,1,0,0
1763,0.8697,0.957,265,713,0,0,1,0,0
1764,2.4255,3.3677,265,713,0,0,1,0,0
1765,4.794,0.5296,264,713,0,0,1,0,0
1766,3.8884,0.4694,264,713,0,0,1,0,0
1767,4.4965,0.3758,262,713,0,0,1,0,0
1768,3.8415,0.5304,262,713,0,0,1,0,0
1769,4.2073,0.4886,261,713,0,0,1,0,0
1770,4.1209,0.3653,261,713,0,0,1,0,0
1771,4.4265,0.5594,261,713,0,0,1,0,0
1772,3.7786,0.4808,261,713,0,0,1,0,0
1773,4.2227,0.5132,261,713,0,0,1,0,0
1774,4.6677,0.5479,261,713,0,0,1,0,0
1775,4.1298,0.8483,260,713,0,0,1,0,0
1776,3.6635,0.4522,260,713,0,0,1,0,0
1777,4.1483,0.4472,260,713,0,0,1,0,0
1778,6.3035,0.6003,259,713,0,0,1,0,0
1779,2.4376,0.3721,259,713,0,0,1,0,0
1780,3.8014,0.4412,257,713,0,0,1,0,0
1781,4.1618,0.3479,257,713,0,0,1,0,0
1782,4.1663,0.4613,257,713,0,0,1,0,0
1783,4.4551,0.3453,257,713,0,0,1,0,0
1784,3.8301,0.3783,256,713,0,0,1,0,0
1785,4.229,0.4588,256,713,0,0,1,0,0
1786,4.1201,0.5175,256,713,0,0,1,0,0
1787,4.4432,0.3189,255,713,0,0,1,0,0
1788,3.851,0.5602,255,713,0,0,1,0,0
1789,4.1672,0.5047,254,713,0,0,1,0,0
1790,4.2668,0.2967,254,713,0,0,1,0,0
1791,4.3919,0.5341,254,713,0,0,1,0,0
1792,4.2666,0.5407,254,713,0,0,1,0,0
1793,3.8637,0.4831,254,713,0,0,1,0,0
1794,4.5367,0.5932,254,713,0,0,1,0,0
1795,4.4421,0.5358,253,713,0,0,1,0,0
1796,7.6559,0.456,252,713,0,0,1,0,0
1797,4.178,0.523,252,713,0,0,1,0,0
1798,4.4699,3.1553,252,713,0,0,1,0,0
1799,3.8496,1.6478,252,713,0,0,1,0,0
1800,4.1785,1.8397,252,713,0,0,1,0,0
1801,4.1597,0.6991,252,713,0,0,1,0,0
1802,4.476,2.0473,251,713,0,0,1,0,0
1803,3.8707,1.5311,251,713,0,0,1,0,0
1804,4.1438,0.5099,249,713,0,0,1,0,0
1805,4.2117,0.3936,249,713,0,0,1,0,0
1806,10.816,4.948,249,713,0,0,1,0,0
1807,5.1743,2.3986,249,713,0,0,1,0,0
1808,5.1621,0.9112,248,713,0,0,1,0,0
1809,3.8717,0.5119,248,713,0,0,1,0,0
1810,4.2868,1.8876,248,713,0,0,1,0,0
1811,4.0896,0.3757,248,713,0,0,1,0,0
1812,4.3956,3.1243,248,713,0,0,1,0,0
1813,4.0102,1.502,248,713,0,0,1,0,0
1814,4.3375,3.1379,248,713,0,0,1,0,0
1815,3.9939,2.3034,282,713,0,0,1,4,0.0311
1816,4.6335,0.4617,282,713,0,0,1,0,0
1817,7.9907,0.5727,282,713,0,0,1,0,0
1818,3.9952,0.4855,282,713,0,0,1,0,0
1819,4.837,3.5444,282,713,0,0,1,0,0
1820,3.6466,1.2147,282,713,0,0,1,0,0
1821,3.9947,0.4516,282,713,0,0,1,0,0
1822,4.1841,0.4871,282,713,0,0,1,0,0
1823,4.5282,0.5382,282,713,0,0,1,0,0
1824,3.7331,0.5061,282,713,0,0,1,0,0
1825,4.1624,0.4489,282,713,0,0,1,0,0
1826,4.189,0.3536,275,713,0,0,1,0,0
1827,4.5251,0.4947,274,713,0,0,1,0,0
1828,3.807,0.4368,274,713,0,0,1,0,0
1829,4.1863,0.3899,274,713,0,0,1,0,0
1830,4.1318,0.4434,274,713,0,0,1,0,0
1831,4.5272,0.3813,274,713,0,0,1,0,0
1832,4.2186,0.3165,274,713,0,0,1,0,0
1833,3.7942,0.3417,274,713,0,0,1,0,0
1834,4.1578,1.686,273,713,0,0,1,0,0
1835,4.5593,0.4483,273,713,0,0,1,0,0
1836,3.7594,0.3185,272,713,0,0,1,0,0
1837,4.106,0.5228,272,713,0,0,1,0,0
1838,4.1957,0.4551,271,713,0,0,1,0,0
1839,4.9784,0.448,271,713,0,0,1,0,0
1840,7.521,0.3691,269,713,0,0,1,0,0
1841,4.1816,0.5801,269,713,0,0,1,0,0
1842,4.5489,0.359,269,713,0,0,1,0,0
1843,3.9303,0.4817,269,713,0,0,1,0,0
1844,4.3967,0.8194,268,713,0,0,1,0,0
1845,3.5389,0.3864,268,713,0,0,1,0,0
1846,4.8723,0.5209,267,713,0,0,1,0,0
1847,3.353,0.3512,266,713,0,0,1,0,0
1848,4.4329,0.464,266,713,0,0,1,0,0
1849,4.1854,0.4351,265,713,0,0,1,0,0
1850,4.0617,0.4082,265,713,0,0,1,0,0
1851,4.078,0.4935,265,713,0,0,1,0,0
1852,4.1013,0.4397,265,713,0,0,1,0,0
1853,4.2489,0.3874,265,713,0,0,1,0,0
1854,4.0836,0.4746,265,713,0,0,1,0,0
1855,4.2279,0.6798,265,713,0,0,1,0,0
1856,4.2216,0.6293,265,713,0,0,1,0,0
1857,4.0364,0.4352,264,713,0,0,1,0,0
1858,4.2647,0.5006,264,713,0,0,1,0,0
1859,4.0885,0.4489,264,713,0,0,1,0,0
1860,4.2115,0.3917,262,713,0,0,1,0,0
1861,4.0756,0.6467,262,713,0,0,1,0,0
1862,4.1807,0.5638,261,713,0,0,1,0,0
1863,4.2283,0.3618,261,713,0,0,1,0,0
1864,4.1393,0.4698,261,713,0,0,1,0,0
1865,4.4979,0.7342,261,713,0,0,1,0,0
1866,3.8791,0.4103,260,713,0,0,1,0,0
1867,4.4867,0.4344,260,713,0,0,1,0,0
1868,4.4312,0.4349,260,713,0,0,1,0,0
1869,3.5046,0.3326,260,713,0,0,1,0,0
1870,4.2544,0.5047,259,713,0,0,1,0,0
1871,4.1407,0.6471,258,713,0,0,1,0,0
1872,4.1868,0.4364,258,713,0,0,1,0,0
1873,4.1231,0.3859,257,713,0,0,1,0,0
1874,4.194,0.4381,257,713,0,0,1,0,0
1875,4.2283,0.6485,257,713,0,0,1,0,0
1876,4.1145,0.5288,257,713,0,0,1,0,0
1877,4.1576,0.4894,257,713,0,0,1,0,0
1878,4.2201,0.5001,257,713,0,0,1,0,0
1879,4.3566,0.3501,257,713,0,0,1,0,0
1880,3.8867,0.4297,257,713,0,0,1,0,0
1881,4.16,0.3984,256,713,0,0,1,0,0
1882,4.2131,0.4106,255,713,0,0,1,0,0
1883,4.1606,0.4811,255,713,0,0,1,0,0
1884,4.5693,0.6704,254,713,0,0,1,0,0
1885,3.7231,0.3759,254,713,0,0,1,0,0
1886,4.1707,0.7125,254,713,0,0,1,0,0
1887,4.399,0.6558,253,713,0,0,1,0,0
1888,3.9997,0.3484,252,713,0,0,1,0,0
1889,4.1061,0.4223,252,713,0,0,1,0,0
1890,4.1792,0.4439,252,713,0,0,1,0,0
1891,4.1851,0.3824,251,713,0,0,1,0,0
1892,4.15,0.4488,250,713,0,0,1,0,0
1893,4.1849,0.4401,250,713,0,0,1,0,0
1894,4.1717,0.5695,250,713,0,0,1,0,0
1895,4.4579,0.5113,250,713,0,0,1,0,0
1896,3.8771,0.4886,250,713,0,0,1,0,0
1897,4.1552,0.4414,284,713,0,0,1,2,0.031
1898,4.172,0.4063,284,713,0,0,1,0,0
1899,4.2025,0.7624,284,713,0,0,1,0,0
1900,4.2447,0.4304,284,713,0,0,1,0,0
1901,4.2919,0.5644,284,713,0,0,1,0,0
1902,3.9215,0.5527,283,713,0,0,1,0,0
1903,4.2072,0.5052,281,713,0,0,1,0,0
1904,4.172,0.5427,281,713,0,0,1,0,0
1905,4.0715,0.3722,279,713,0,0,1,0,0
1906,4.217,0.5807,279,713,0,0,1,0,0
1907,4.3635,0.8451,279,713,0,0,1,0,0
1908,4.0125,0.4677,272,713,0,0,1,0,0
1909,4.1352,0.443,271,713,0,0,1,0,0
1910,4.1393,0.4356,271,713,0,0,1,0,0
1911,4.4976,0.9513,270,713,0,0,1,0,0
1912,3.8186,0.487,270,713,0,0,1,0,0
1913,4.3332,0.6258,270,713,0,0,1,0,0
1914,4.0337,0.5402,268,713,0,0,1,0,0
1915,4.5704,0.4249,268,713,0,0,1,0,0
1916,3.7987,0.4015,268,713,0,0,1,0,0
1917,4.0805,0.3584,268,713,0,0,1,0,0
1918,4.3841,0.6845,268,713,0,0,1,0,0
1919,3.9699,0.4098,268,713,0,0,1,0,0
1920,4.1855,0.4506,265,713,0,0,1,0,0
1921,4.1604,0.4752,264,713,0,0,1,0,0
1922,4.1631,0.4225,264,713,0,0,1,0,0
1923,4.2133,0.4349,264,713,0,0,1,0,0
1924,4.1316,0.4234,263,713,0,0,1,0,0
1925,4.2347,1.0086,263,713,0,0,1,0,0
1926,4.3019,1.1806,263,713,0,0,1,0,0
1927,3.9327,0.3409,262,713,0,0,1,0,0
1928,4.2594,0.3856,262,713,0,0,1,0,0
1929,4.1031,0.3405,262,713,0,0,1,0,0
1930,4.4835,0.3159,262,713,0,0,1,0,0
1931,3.8674,0.2997,262,713,0,0,1,0,0
1932,4.2767,0.3858,262,713,0,0,1,0,0
1933,4.0531,0.4569,262,713,0,0,1,0,0
1934,4.1986,0.5202,261,713,0,0,1,0,0
1935,4.4264,0.7292,261,713,0,0,1,0,0
1936,3.9091,0.4629,261,713,0,0,1,0,0
1937,4.1651,0.6469,261,713,0,0,1,0,0
1938,4.2347,0.5914,260,713,0,0,1,0,0
1939,4.2513,0.5182,260,713,0,0,1,0,0
1940,3.9903,0.4645,260,713,0,0,1,0,0
1941,4.1157,0.4071,260,713,0,0,1,0,0
1942,4.2298,0.5105,259,713,0,0,1,0,0
1943,4.1134,0.4209,259,713,0,0,1,0,0
1944,4.2195,0.6117,259,713,0,0,1,0,0
1945,4.2215,0.4463,259,713,0,0,1,0,0
1946,4.1295,0.7167,259,713,0,0,1,0,0
1947,4.1603,0.437,258,713,0,0,1,0,0
1948,4.2442,0.3914,257,713,0,0,1,0,0
1949,4.0937,0.4745,256,713,0,0,1,0,0
1950,4.4282,0.3775,256,713,0,0,1,0,0
1951,4.046,0.5603,256,713,0,0,1,0,0
1952,4.0195,0.4944,256,713,0,0,1,0,0
1953,4.1084,0.4395,254,713,0,0,1,0,0
1954,4.2662,0.4046,254,713,0,0,1,0,0
1955,4.0163,0.4423,254,713,0,0,1,0,0
1956,4.4835,0.6693,254,713,0,0,1,0,0
1957,4.0227,0.567,254,713,0,0,1,0,0
1958,4.0637,0.3626,253,713,0,0,1,0,0
1959,4.2166,0.4968,253,713,0,0,1,0,0
1960,4.1215,0.4172,253,713,0,0,1,0,0
1961,4.1761,0.3833,252,713,0,0,1,0,0
1962,4.1515,0.4804,252,713,0,0,1,0,0
1963,4.2674,0.5695,252,713,0,0,1,0,0
1964,4.1589,0.3927,251,713,0,0,1,0,0
1965,4.0743,0.4354,250,713,0,0,1,0,0
1966,4.1788,0.4282,250,713,0,0,1,0,0
1967,4.2214,0.3919,250,713,0,0,1,0,0
1968,4.0999,0.4433,250,713,0,0,1,0,0
1969,4.2223,0.6847,249,713,0,0,1,0,0
1970,4.2335,0.5428,248,713,0,0,1,0,0
1971,4.1751,0.431,248,713,0,0,1,0,0
1972,4.0478,0.4536,248,713,0,0,1,0,0
1973,4.1916,0.424,247,713,0,0,1,0,0
1974,4.139,0.523,247,713,0,0,1,0,0
1975,4.3622,0.419,247,713,0,0,1,0,0
1976,4.1003,0.569,247,713,0,0,1,0,0
1977,4.0296,0.4365,246,713,0,0,1,0,0
1978,4.5407,0.5734,246,713,0,0,1,0,0
1979,3.8789,0.4311,246,713,0,0,1,0,0
1980,4.091,0.6983,246,713,0,0,1,0,0
1981,4.1729,0.4426,280,713,0,0,1,0,0
1982,4.2869,0.675,280,713,0,0,1,0,0
1983,4.2666,0.4301,280,713,0,0,1,0,0
1984,3.9366,0.462,279,713,0,0,1,0,0
1985,4.2307,0.5252,279,713,0,0,1,0,0
1986,4.129,0.405,279,713,0,0,1,0,0
1987,4.1408,0.6121,278,713,0,0,1,0,0
1988,4.2608,0.6453,278,713,0,0,1,0,0
1989,4.0623,0.4717,278,713,0,0,1,0,0
1990,4.2074,0.4687,278,713,0,0,1,0,0
1991,4.1581,0.4231,277,713,0,0,1,0,0
1992,4.4202,0.6426,269,713,0,0,1,0,0
1993,3.9134,0.5694,269,713,0,0,1,0,0
1994,4.1845,0.6452,269,713,0,0,1,0,0
1995,4.176,0.6557,269,713,0,0,1,0,0
1996,4.1588,0.5731,269,713,0,0,1,0,0
1997,4.561,0.4564,268,713,0,0,1,0,0
1998,3.7214,0.414,268,713,0,0,1,0,0
1999,4.2394,0.5807,268,713,0,0,1,0,0
2000,4.1588,0.5627,268,713,0,0,1,0,0
2001,4.1103,0.3789,268,713,0,0,1,0,0
2002,4.215,0.4394,268,713,0,0,1,0,0
2003,4.2127,0.5032,268,713,0,0,1,0,0
2004,4.4164,0.6157,266,713,0,0,1,0,0
2005,3.8103,0.3468,266,713,0,0,1,0,0
2006,4.1782,0.6005,266,713,0,0,1,0,0
2007,4.4037,0.4192,265,713,0,0,1,0,0
2008,3.9961,0.3921,265,713,0,0,1,0,0
2009,4.1129,0.4387,265,713,0,0,1,0,0
2010,4.2058,0.5664,265,713,0,0,1,0,0
2011,4.4052,0.4103,265,713,0,0,1,0,0
2012,4.1516,0.3571,265,713,0,0,1,0,0
2013,3.8648,0.4158,263,713,0,0,1,0,0
2014,4.3865,0.5592,262,713,0,0,1,0,0
2015,4.0591,0.4325,262,713,0,0,1,0,0
2016,4.1649,0.4556,261,713,0,0,1,0,0
2017,4.4083,0.6735,261,713,0,0,1,0,0
2018,3.8616,0.6759,260,713,0,0,1,0,0
2019,4.1471,0.3732,260,713,0,0,1,0,0
2020,4.2655,0.5907,259,713,0,0,1,0,0
2021,4.1257,0.5041,259,713,0,0,1,0,0
2022,4.1773,0.4322,259,713,0,0,1,0,0
2023,4.1001,0.3675,259,713,0,0,1,0,0
2024,4.2064,0.4916,259,713,0,0,1,0,0
2025,4.1024,0.3625,259,713,0,0,1,0,0
2026,4.6017,0.4871,259,713,0,0,1,0,0
2027,3.8233,0.7399,259,713,0,0,1,0,0
2028,4.4116,0.5422,259,713,0,0,1,0,0
2029,3.9193,0.3917,259,713,0,0,1,0,0
2030,4.0846,0.4718,259,713,0,0,1,0,0
2031,4.4235,0.4688,259,713,0,0,1,0,0
2032,4.1652,0.5269,258,713,0,0,1,0,0
2033,4.0172,0.4207,258,713,0,0,1,0,0
2034,4.1498,0.5208,257,713,0,0,1,0,0
2035,4.1812,0.4423,256,713,0,0,1,0,0
2036,4.1306,0.3799,254,713,0,0,1,0,0
2037,4.0981,0.409,253,713,0,0,1,0,0
2038,4.2447,0.6913,253,713,0,0,1,0,0
2039,4.1225,0.368,253,713,0,0,1,0,0
2040,4.2079,0.5164,253,713,0,0,1,0,0
2041,4.1677,0.4542,253,713,0,0,1,0,0
2042,4.116,0.3826,252,713,0,0,1,0,0
2043,4.1917,0.4783,252,713,0,0,1,0,0
2044,4.1114,0.3893,251,713,0,0,1,0,0
2045,4.3259,0.6349,251,713,0,0,1,0,0
2046,4.0728,0.5367,249,713,0,0,1,0,0
2047,4.4625,0.5001,246,713,0,0,1,0,0
2048,3.8986,0.4179,246,713,0,0,1,0,0
2049,4.1246,0.4381,246,713,0,0,1,0,0
2050,4.2119,0.5331,245,713,0,0,1,0,0
2051,4.1854,0.3803,245,713,0,0,1,0,0
2052,4.1892,0.479,245,713,0,0,1,0,0
2053,4.0657,0.3941,244,713,0,0,1,0,0
2054,4.5085,0.4674,244,713,0,0,1,0,0
2055,4.1947,0.4217,244,713,0,0,1,0,0
2056,3.7892,0.4682,244,713,0,0,1,0,0
2057,4.195,0.547,244,713,0,0,1,0,0
2058,4.1833,0.5833,244,713,0,0,1,0,0
2059,4.4594,0.4172,244,713,0,0,1,0,0
2060,4.3493,0.3789,244,713,0,0,1,0,0
2061,3.6528,0.4247,244,713,0,0,1,0,0
2062,4.4315,0.3774,243,713,0,0,1,0,0
2063,3.9686,0.3643,243,713,0,0,1,0,0
2064,4.233,0.4318,243,713,0,0,1,0,0
2065,4.1085,0.6896,277,713,0,0,1,1,0.0378
2066,4.0932,0.5376,277,713,0,0,1,0,0
2067,4.1953,0.4974,277,713,0,0,1,0,0
2068,4.1551,0.4981,277,713,0,0,1,0,0
2069,4.1858,0.5588,277,713,0,0,1,0,0
2070,4.1441,0.6254,276,713,0,0,1,0,0
2071,4.2074,0.5125,276,713,0,0,1,0,0
2072,4.1681,0.6646,276,713,0,0,1,0,0
2073,4.113,0.3463,276,713,0,0,1,0,0
2074,4.1313,0.6816,276,713,0,0,1,0,0
2075,4.2995,0.4671,276,713,0,0,1,0,0
2076,4.1203,0.3762,269,713,0,0,1,0,0
2077,4.2232,0.3974,269,713,0,0,1,0,0
2078,4.8424,0.4473,269,713,0,0,1,0,0
2079,4.1278,0.4377,269,713,0,0,1,0,0
2080,3.7468,0.341,269,713,0,0,1,0,0
2081,3.9012,0.6611,269,713,0,0,1,0,0
2082,4.0676,0.4323,269,713,0,0,1,0,0
2083,4.5489,0.4976,269,713,0,0,1,0,0
2084,4.4465,0.3928,268,713,0,0,1,0,0
2085,3.5515,0.4344,268,713,0,0,1,0,0
2086,4.5776,0.6594,268,713,0,0,1,0,0
2087,3.7376,0.3664,268,713,0,0,1,0,0
2088,4.3696,0.6072,268,713,0,0,1,0,0
2089,4.1191,0.6027,268,713,0,0,1,0,0
2090,4.0409,0.3759,268,713,0,0,1,0,0
2091,4.1933,0.4088,268,713,0,0,1,0,0
2092,4.1263,0.5247,268,713,0,0,1,0,0
2093,4.2263,0.6924,267,713,0,0,1,0,0
2094,4.1127,0.386,266,713,0,0,1,0,0
2095,4.2697,0.5792,266,713,0,0,1,0,0
2096,4.1585,0.5189,265,713,0,0,1,0,0
2097,4.0694,0.3671,264,713,0,0,1,0,0
2098,4.1484,0.3701,264,713,0,0,1,0,0
2099,4.3813,0.5245,264,713,0,0,1,0,0
2100,4.0588,0.3991,264,713,0,0,1,0,0
2101,4.1194,0.4738,264,713,0,0,1,0,0
2102,4.4376,0.4703,264,713,0,0,1,0,0
2103,3.954,0.4321,264,713,0,0,1,0,0
2104,4.0904,0.4251,263,713,0,0,1,0,0
2105,4.1529,0.429,263,713,0,0,1,0,0
2106,4.3837,0.5062,263,713,0,0,1,0,0
2107,4.3032,0.3657,263,713,0,0,1,0,0
2108,4.1764,0.3675,263,713,0,0,1,0,0
2109,3.7983,0.429,263,713,0,0,1,0,0
2110,4.201,0.4025,262,713,0,0,1,0,0
2111,4.1477,0.3977,261,713,0,0,1,0,0
2112,4.1828,0.5376,260,713,0,0,1,0,0
2113,4.1957,0.6961,260,713,0,0,1,0,0
2114,4.0931,0.366,260,713,0,0,1,0,0
2115,4.221,0.5138,260,713,0,0,1,0,0
2116,4.1332,0.4528,259,713,0,0,1,0,0
2117,4.1808,0.3801,259,713,0,0,1,0,0
2118,4.1592,0.4549,259,713,0,0,1,0,0
2119,4.4068,0.6664,257,713,0,0,1,0,0
2120,3.9577,0.5745,256,713,0,0,1,0,0
2121,4.126,0.4261,254,713,0,0,1,0,0
2122,4.5283,0.6636,254,713,0,0,1,0,0
2123,3.9317,0.9154,254,713,0,0,1,0,0
2124,4.0465,0.3631,254,713,0,0,1,0,0
2125,4.1405,0.4713,252,713,0,0,1,0,0
2126,4.1571,0.5402,251,713,0,0,1,0,0
2127,4.8104,0.3446,251,713,0,0,1,0,0
2128,3.5326,0.5601,250,713,0,0,1,0,0
2129,4.1951,0.35,249,713,0,0,1,0,0
2130,4.557,0.4051,249,713,0,0,1,0,0
2131,3.8235,0.5813,249,713,0,0,1,0,0
2132,4.4709,0.3558,247,713,0,0,1,0,0
2133,3.7862,0.4072,247,713,0,0,1,0,0
2134,4.247,0.49,247,713,0,0,1,0,0
2135,4.5348,0.4777,246,713,0,0,1,0,0
2136,3.7849,0.4477,246,713,0,0,1,0,0
2137,4.2362,0.6642,246,713,0,0,1,0,0
2138,4.0984,0.3777,245,713,0,0,1,0,0
2139,4.2436,0.6381,244,713,0,0,1,0,0
2140,4.0927,0.4849,244,713,0,0,1,0,0
2141,4.4504,0.4538,244,713,0,0,1,0,0
2142,4.0658,0.4408,244,713,0,0,1,0,0
2143,3.9434,0.436,244,713,0,0,1,0,0
2144,4.2325,0.5036,244,713,0,0,1,0,0
2145,4.0737,0.4119,243,713,0,0,1,0,0
2146,4.222,0.4368,243,713,0,0,1,0,0
2147,4.1628,1.59,243,713,0,0,1,0,0
2148,4.4509,0.6211,243,713,0,0,1,0,0
2149,3.9448,0.4115,277,713,0,0,1,0,0
2150,4.3419,0.3226,277,713,0,0,1,0,0
2151,4.2872,0.2567,277,713,0,0,1,0,0
2152,3.878,0.4633,277,713,0,0,1,0,0
2153,4.1547,0.6452,277,713,0,0,1,0,0
2154,4.1517,0.4233,277,713,0,0,1,0,0
2155,4.4307,0.4409,276,713,0,0,1,0,0
2156,4.011,0.4541,276,713,0,0,1,0,0
2157,4.0311,0.3789,276,713,0,0,1,0,0
2158,4.2049,0.5318,276,713,0,0,1,0,0
2159,4.2999,0.6303,276,713,0,0,1,0,0
2160,4.2709,0.4262,269,713,0,0,1,0,0
2161,3.8428,0.3509,269,713,0,0,1,0,0
2162,4.1576,0.4206,269,713,0,0,1,0,0
2163,4.163,0.503,268,713,0,0,1,0,0
2164,4.2491,0.6676,268,713,0,0,1,0,0
2165,4.2942,0.5545,268,713,0,0,1,0,0
2166,4.0445,0.7789,267,713,0,0,1,0,0
2167,4.1841,0.4562,267,713,0,0,1,0,0
2168,4.1783,0.4391,267,713,0,0,1,0,0
2169,4.0825,0.4377,267,713,0,0,1,0,0
2170,4.1917,0.6857,267,713,0,0,1,0,0
2171,4.1476,1.6731,267,713,0,0,1,0,0
2172,4.6078,0.2825,267,713,0,0,1,0,0
2173,3.8131,1.916,267,713,0,0,1,0,0
2174,4.1814,1.5345,266,713,0,0,1,0,0
2175,4.1611,2.1899,265,713,0,0,1,0,0
2176,4.177,0.5988,265,713,0,0,1,0,0
2177,4.094,0.5205,265,713,0,0,1,0,0
2178,4.4192,0.3252,265,713,0,0,1,0,0
2179,3.9236,0.3844,265,713,0,0,1,0,0
2180,8.4049,0.4123,265,713,0,0,1,0,0
2181,4.3304,0.3962,265,713,0,0,1,0,0
2182,3.9152,0.4011,265,713,0,0,1,0,0
2183,4.129,0.4773,265,713,0,0,1,0,0
2184,4.1494,0.4416,264,713,0,0,1,0,0
2185,4.1901,0.3566,263,713,0,0,1,0,0
2186,4.143,0.4475,262,713,0,0,1,0,0
2187,4.1881,0.4681,261,713,0,0,1,0,0
2188,4.1592,0.3684,261,713,0,0,1,0,0
2189,4.3331,0.6271,259,713,0,0,1,0,0
2190,4.3303,0.572,259,713,0,0,1,0,0
2191,3.978,0.5293,258,713,0,0,1,0,0
2192,4.0114,0.3646,257,713,0,0,1,0,0
2193,4.2782,0.4511,256,713,0,0,1,0,0
2194,4.1425,0.4411,256,713,0,0,1,0,0
2195,4.4248,0.512,255,713,0,0,1,0,0
2196,3.8645,0.4928,255,713,0,0,1,0,0
2197,4.2127,0.6754,255,713,0,0,1,0,0
2198,4.1562,0.3685,255,713,0,0,1,0,0
2199,4.1189,0.4564,255,713,0,0,1,0,0
2200,4.2263,0.7357,254,713,0,0,1,0,0
2201,4.1115,0.6472,254,713,0,0,1,0,0
2202,4.2856,0.5986,254,713,0,0,1,0,0
2203,4.0772,0.4411,254,713,0,0,1,0,0
2204,4.1345,0.4048,253,713,0,0,1,0,0
2205,4.2249,0.4126,252,713,0,0,1,0,0
2206,4.1338,0.4561,252,713,0,0,1,0,0
2207,4.3366,0.6429,252,713,0,0,1,0,0
2208,3.9934,0.3759,252,713,0,0,1,0,0
2209,4.1499,0.6751,252,713,0,0,1,0,0
2210,4.2136,0.509,252,713,0,0,1,0,0
2211,4.1137,0.3945,252,713,0,0,1,0,0
2212,4.17,0.4923,251,713,0,0,1,0,0
2213,4.1224,0.4266,251,713,0,0,1,0,0
2214,4.3617,0.582,251,713,0,0,1,0,0
2215,4.1423,0.3991,251,713,0,0,1,0,0
2216,4.0336,0.4175,251,713,0,0,1,0,0
2217,4.124,0.4994,251,713,0,0,1,0,0
2218,4.239,0.3806,250,713,0,0,1,0,0
2219,4.2173,0.4415,250,713,0,0,1,0,0
2220,4.1972,0.6554,249,713,0,0,1,0,0
2221,4.3211,0.5134,249,713,0,0,1,0,0
2222,3.9729,0.4281,249,713,0,0,1,0,0
2223,4.1365,0.5634,249,713,0,0,1,0,0
2224,4.2368,0.6188,249,713,0,0,1,0,0
2225,4.0391,0.6421,249,713,0,0,1,0,0
2226,4.3591,0.6491,248,713,0,0,1,0,0
2227,3.988,0.3429,248,713,0,0,1,0,0
2228,4.1506,0.4117,248,713,0,0,1,0,0
2229,4.2036,0.4528,248,713,0,0,1,0,0
2230,4.4913,0.4434,248,713,0,0,1,0,0
2231,4.0897,0.7042,248,713,0,0,1,0,0
2232,3.9438,0.7125,282,713,0,0,1,0,0
2233,4.3362,0.5548,282,713,0,0,1,0,0
2234,4.1039,0.4244,282,713,0,0,1,0,0
2235,4.102,0.6404,281,713,0,0,1,0,0
2236,4.1523,0.476,281,713,0,0,1,0,0
2237,4.1579,0.3988,281,713,0,0,1,0,0
2238,4.1017,0.3779,281,713,0,0,1,0,0
2239,4.2933,0.6895,280,713,0,0,1,0,0
2240,4.0198,0.4111,278,713,0,0,1,0,0
2241,4.2558,0.4453,278,713,0,0,1,0,0
2242,4.1954,0.419,277,713,0,0,1,0,0
2243,4.1389,0.5483,277,713,0,0,1,0,0
2244,4.1405,0.5558,270,713,0,0,1,0,0
2245,4.185,0.6291,270,713,0,0,1,0,0
2246,4.27,0.3563,270,713,0,0,1,0,0
2247,4.064,0.4563,270,713,0,0,1,0,0
2248,4.1883,0.504,270,713,0,0,1,0,0
2249,4.1793,0.4133,270,713,0,0,1,0,0
2250,4.3853,0.6706,270,713,0,0,1,0,0
2251,4.1342,0.4211,270,713,0,0,1,0,0
2252,3.9071,0.3542,270,713,0,0,1,0,0
2253,4.2236,0.4186,269,713,0,0,1,0,0
2254,4.4509,0.4507,269,713,0,0,1,0,0
2255,3.8646,0.4303,269,713,0,0,1,0,0
2256,4.1537,0.6212,269,713,0,0,1,0,0
2257,4.1486,0.4473,269,713,0,0,1,0,0
2258,4.2959,2.2479,269,713,0,0,1,0,0
2259,4.1013,1.1273,267,713,0,0,1,0,0
2260,4.1519,0.2941,267,713,0,0,1,0,0
2261,4.5337,0.5845,267,713,0,0,1,0,0
2262,3.9947,0.3283,266,713,0,0,1,0,0
2263,3.9684,0.3664,265,713,0,0,1,0,0
2264,4.1355,0.4478,265,713,0,0,1,0,0
2265,4.1616,0.342,265,713,0,0,1,0,0
2266,4.4805,0.2997,265,713,0,0,1,0,0
2267,3.8946,0.487,265,713,0,0,1,0,0
2268,4.1161,0.4495,264,713,0,0,1,0,0
2269,4.1595,0.6421,263,713,0,0,1,0,0
2270,4.3657,0.3544,262,713,0,0,1,0,0
2271,3.9495,0.5183,262,713,0,0,1,0,0
2272,4.2622,0.6452,262,713,0,0,1,0,0
2273,4.1397,0.4462,262,713,0,0,1,0,0
2274,4.1683,0.4802,262,713,0,0,1,0,0
2275,4.1804,0.6684,262,713,0,0,1,0,0
2276,4.1228,0.6305,262,713,0,0,1,0,0
2277,4.1603,0.3659,262,713,0,0,1,0,0
2278,4.1255,0.445,262,713,0,0,1,0,0
2279,4.1985,0.3977,262,713,0,0,1,0,0
2280,4.1357,0.3936,262,713,0,0,1,0,0
2281,4.1472,0.4702,261,713,0,0,1,0,0
2282,4.1991,0.4218,261,713,0,0,1,0,0
2283,4.1861,0.3521,259,713,0,0,1,0,0
2284,4.1663,0.4575,258,713,0,0,1,0,0
2285,4.18,0.4942,257,713,0,0,1,0,0
2286,4.2828,0.9333,257,713,0,0,1,0,0
2287,4.1636,0.5438,257,713,0,0,1,0,0
2288,4.0364,0.4242,257,713,0,0,1,0,0
2289,4.261,0.57,257,713,0,0,1,0,0
2290,4.073,0.3724,257,713,0,0,1,0,0
2291,4.2075,0.4875,257,713,0,0,1,0,0
2292,4.0967,0.557,257,713,0,0,1,0,0
2293,4.2559,0.3548,257,713,0,0,1,0,0
2294,4.2904,0.4455,257,713,0,0,1,0,0
2295,4.0094,0.4379,257,713,0,0,1,0,0
2296,4.5322,0.4747,256,713,0,0,1,0,0
2297,3.8174,0.5231,256,713,0,0,1,0,0
2298,4.2344,0.5604,256,713,0,0,1,0,0
2299,4.0135,0.3348,256,713,0,0,1,0,0
2300,4.1868,0.4154,256,713,0,0,1,0,0
2301,4.182,0.5748,256,713,0,0,1,0,0
2302,4.1686,0.3811,256,713,0,0,1,0,0
2303,4.1544,0.6606,256,713,0,0,1,0,0
2304,4.2198,0.5425,256,713,0,0,1,0,0
2305,4.0865,0.3756,255,713,0,0,1,0,0
2306,4.197,0.3867,255,713,0,0,1,0,0
2307,4.2019,0.4394,255,713,0,0,1,0,0
2308,4.2644,0.5139,254,713,0,0,1,0,0
2309,4.0964,0.3934,254,713,0,0,1,0,0
2310,4.1881,0.5185,254,713,0,0,1,0,0
2311,4.1327,0.4254,253,713,0,0,1,0,0
2312,4.1119,0.3629,253,713,0,0,1,0,0
2313,4.2397,0.6614,253,713,0,0,1,0,0
2314,4.1474,0.378,253,713,0,0,1,0,0
2315,4.3169,0.5845,253,713,0,0,1,0,0
2316,4.0642,0.5909,287,713,0,0,1,3,0.0329
2317,4.1054,0.4706,287,713,0,0,1,0,0
2318,4.4617,0.3919,287,713,0,0,1,0,0
2319,3.8813,0.3775,287,713,0,0,1,0,0
2320,4.1821,0.6738,286,713,0,0,1,0,0
2321,4.2573,0.6462,286,713,0,0,1,0,0
2322,4.105,0.6342,285,713,0,0,1,0,0
2323,4.1729,0.5612,285,713,0,0,1,0,0
2324,4.1666,0.4278,285,713,0,0,1,0,0
2325,4.6733,0.4718,285,713,0,0,1,0,0
2326,3.735,0.3722,285,713,0,0,1,0,0
2327,4.0326,0.3575,278,713,0,0,1,0,0
2328,4.1764,0.5169,278,713,0,0,1,0,0
2329,4.1995,0.4988,278,713,0,0,1,0,0
2330,4.1691,0.518,277,713,0,0,1,0,0
2331,4.1058,0.3857,277,713,0,0,1,0,0
2332,4.2785,0.7299,277,713,0,0,1,0,0
2333,4.1413,0.8062,277,713,0,0,1,0,0
2334,4.1335,0.7012,277,713,0,0,1,0,0
2335,4.1611,0.578,277,713,0,0,1,0,0
2336,4.1039,0.4376,276,713,0,0,1,0,0
2337,4.2971,0.6366,276,713,0,0,1,0,0
2338,4.173,0.3816,275,713,0,0,1,0,0
2339,4.2332,0.5856,275,713,0,0,1,0,0
2340,4.0662,0.5881,275,713,0,0,1,0,0
2341,4.1801,0.4578,275,713,0,0,1,0,0
2342,4.2774,0.3848,274,713,0,0,1,0,0
2343,3.9194,0.548,274,713,0,0,1,0,0
2344,4.2224,0.6067,272,713,0,0,1,0,0
2345,4.5034,0.3484,272,713,0,0,1,0,0
2346,3.8279,0.4535,271,713,0,0,1,0,0
2347,4.3384,0.4417,270,713,0,0,1,0,0
2348,3.9565,0.3662,270,713,0,0,1,0,0
2349,4.2556,0.4049,269,713,0,0,1,0,0
2350,4.1816,0.457,268,713,0,0,1,0,0
2351,4.0881,0.6391,267,713,0,0,1,0,0
2352,4.2533,0.562,267,713,0,0,1,0,0
2353,4.1341,0.7359,267,713,0,0,1,0,0
2354,4.2873,0.6016,267,713,0,0,1,0,0
2355,4.0095,0.3748,267,713,0,0,1,0,0
2356,4.2343,0.4596,267,713,0,0,1,0,0
2357,4.1521,0.4797,266,713,0,0,1,0,0
2358,4.1916,0.4047,266,713,0,0,1,0,0
2359,4.1401,0.4288,265,713,0,0,1,0,0
2360,4.0712,0.4218,265,713,0,0,1,0,0
2361,4.2039,0.4293,263,713,0,0,1,0,0
2362,4.1637,0.3698,262,713,0,0,1,0,0
2363,4.2754,0.528,260,713,0,0,1,0,0
2364,4.2588,0.4389,260,713,0,0,1,0,0
2365,4.1555,0.5801,260,713,0,0,1,0,0
2366,4.216,0.3674,260,713,0,0,1,0,0
2367,3.9916,0.5512,260,713,0,0,1,0,0
2368,4.1803,0.4859,259,713,0,0,1,0,0
2369,4.1468,0.3773,259,713,0,0,1,0,0
2370,4.4282,0.6634,259,713,0,0,1,0,0
2371,3.9248,0.4111,259,713,0,0,1,0,0
2372,4.0928,0.3535,256,713,0,0,1,0,0
2373,4.2454,0.4853,255,713,0,0,1,0,0
2374,4.1296,0.4407,255,713,0,0,1,0,0
2375,4.091,0.3366,255,713,0,0,1,0,0
2376,4.255,0.6716,255,713,0,0,1,0,0
2377,4.1514,0.4475,255,713,0,0,1,0,0
2378,4.1929,0.6559,255,713,0,0,1,0,0
2379,4.1112,0.4665,255,713,0,0,1,0,0
2380,4.222,0.4993,255,713,0,0,1,0,0
2381,4.1217,0.3747,255,713,0,0,1,0,0
2382,4.3803,0.42,254,713,0,0,1,0,0
2383,4.0036,0.4259,254,713,0,0,1,0,0
2384,4.097,0.3623,254,713,0,0,1,0,0
2385,4.1906,0.4262,251,713,0,0,1,0,0
2386,4.1907,0.4839,251,713,0,0,1,0,0
2387,4.1215,0.3591,251,713,0,0,1,0,0
2388,4.1514,0.3765,250,713,0,0,1,0,0
2389,4.2432,0.7113,249,713,0,0,1,0,0
2390,4.3523,0.393,249,713,0,0,1,0,0
2391,3.9217,0.4437,248,713,0,0,1,0,0
2392,4.2413,0.5339,248,713,0,0,1,0,0
2393,4.1036,0.3735,248,713,0,0,1,0,0
2394,4.5111,0.4543,248,713,0,0,1,0,0
2395,3.874,0.4213,248,713,0,0,1,0,0
2396,4.0762,0.3507,247,713,0,0,1,0,0
2397,4.2099,0.4729,247,713,0,0,1,0,0
2398,4.2124,0.5259,247,713,0,0,1,0,0
2399,4.0932,0.333,246,713,0,0,1,0,0
2400,4.1926,0.4316,280,713,0,0,1,0,0
2401,4.1576,0.7301,280,713,0,0,1,0,0
2402,4.257,0.6885,280,713,0,0,1,0,0
2403,4.1405,0.3577,280,713,0,0,1,0,0
2404,4.1245,0.4576,279,713,0,0,1,0,0
2405,4.1728,0.6465,279,713,0,0,1,0,0
2406,4.241,0.6435,279,713,0,0,1,0,0
2407,4.1616,0.5237,279,713,0,0,1,0,0
2408,4.0637,0.4551,278,713,0,0,1,0,0
2409,4.2665,0.4386,278,713,0,0,1,0,0
2410,4.1573,0.6384,278,713,0,0,1,0,0
2411,4.109,0.4002,278,713,0,0,1,0,0
2412,4.1668,0.4859,270,713,0,0,1,0,0
2413,4.1529,0.4614,270,713,0,0,1,0,0
2414,4.4273,0.3625,269,713,0,0,1,0,0
2415,3.9004,0.5826,269,713,0,0,1,0,0
2416,4.1911,0.5092,269,713,0,0,1,0,0
2417,4.1518,0.4042,269,713,0,0,1,0,0
2418,4.233,0.424,269,713,0,0,1,0,0
2419,4.1019,0.5478,269,713,0,0,1,0,0
2420,4.1364,0.4377,269,713,0,0,1,0,0
2421,4.2305,0.3865,267,713,0,0,1,0,0
2422,4.1713,0.386,267,713,0,0,1,0,0
2423,4.0869,0.4224,267,713,0,0,1,0,0
2424,4.2607,0.4778,267,713,0,0,1,0,0
2425,4.1018,0.4054,267,713,0,0,1,0,0
2426,4.2057,0.4548,266,713,0,0,1,0,0
2427,4.1428,0.4472,266,713,0,0,1,0,0
2428,4.1398,0.6359,266,713,0,0,1,0,0
2429,4.1731,0.9028,266,713,0,0,1,0,0
2430,4.3016,0.627,265,713,0,0,1,0,0
2431,4.0705,0.4712,265,713,0,0,1,0,0
2432,4.135,0.3735,265,713,0,0,1,0,0
2433,4.1934,0.5251,265,713,0,0,1,0,0
2434,4.1582,0.444,264,713,0,0,1,0,0
2435,4.2578,0.4653,264,713,0,0,1,0,0
2436,4.0697,0.4,264,713,0,0,1,0,0
2437,4.2224,0.5676,264,713,0,0,1,0,0
2438,4.3279,0.429,264,713,0,0,1,0,0
2439,3.9467,0.4103,263,713,0,0,1,0,0
2440,4.2515,0.5177,263,713,0,0,1,0,0
2441,4.0565,0.521,263,713,0,0,1,0,0
2442,4.2382,0.6284,263,713,0,0,1,0,0
2443,4.1048,0.3585,262,713,0,0,1,0,0
2444,4.1566,0.4707,262,713,0,0,1,0,0
2445,4.4752,0.7163,261,713,0,0,1,0,0
2446,3.8968,0.3544,261,713,0,0,1,0,0
2447,4.1463,0.3541,261,713,0,0,1,0,0
2448,4.2276,0.5087,259,713,0,0,1,0,0
2449,4.1633,0.6671,259,713,0,0,1,0,0
2450,4.1519,0.3827,259,713,0,0,1,0,0
2451,4.1158,0.4612,258,713,0,0,1,0,0
2452,4.2099,0.4242,258,713,0,0,1,0,0
2453,4.9276,0.685,256,713,0,0,1,0,0
2454,3.4355,0.4079,256,713,0,0,1,0,0
2455,4.1469,0.5104,255,713,0,0,1,0,0
2456,4.1268,0.4071,255,713,0,0,1,0,0
2457,4.2072,0.385,255,713,0,0,1,0,0
2458,4.1762,0.468,255,713,0,0,1,0,0
2459,4.1786,0.5753,255,713,0,0,1,0,0
2460,4.1808,0.4027,255,713,0,0,1,0,0
2461,4.1501,0.6482,255,713,0,0,1,0,0
2462,4.1441,0.4424,255,713,0,0,1,0,0
2463,4.1834,0.3682,255,713,0,0,1,0,0
2464,4.1671,0.5197,255,713,0,0,1,0,0
2465,4.1688,0.6527,254,713,0,0,1,0,0
2466,4.1136,0.5298,253,713,0,0,1,0,0
2467,4.1771,0.3484,253,713,0,0,1,0,0
2468,4.1766,0.4157,253,713,0,0,1,0,0
2469,4.4876,0.4209,252,713,0,0,1,0,0
2470,3.9106,0.3899,252,713,0,0,1,0,0
2471,4.0311,0.4215,252,713,0,0,1,0,0
2472,4.5383,0.4955,251,713,0,0,1,0,0
2473,4.284,0.4032,251,713,0,0,1,0,0
2474,3.7184,0.4456,250,713,0,0,1,0,0
2475,4.1823,0.4303,249,713,0,0,1,0,0
2476,4.481,0.6859,249,713,0,0,1,0,0
2477,3.836,0.4613,249,713,0,0,1,0,0
2478,4.3226,0.6133,249,713,0,0,1,0,0
2479,4.0504,0.4156,249,713,0,0,1,0,0
2480,4.1247,0.3628,249,713,0,0,1,0,0
2481,4.2481,0.8625,249,713,0,0,1,0,0
2482,4.1851,1.8413,249,713,0,0,1,0,0
2483,4.3518,0.2863,249,713,0,0,1,0,0
2484,3.9246,0.3937,283,713,0,0,1,0,0
2485,4.2213,0.3901,282,713,0,0,1,0,0
2486,4.1463,0.4368,281,713,0,0,1,0,0
2487,4.1379,0.2968,280,713,0,0,1,0,0
2488,4.5162,0.3582,280,713,0,0,1,0,0
2489,4.0797,0.4745,278,713,0,0,1,0,0
2490,3.9359,0.3666,278,713,0,0,1,0,0
2491,4.0929,0.3845,278,713,0,0,1,0,0
2492,4.1802,0.4548,278,713,0,0,1,0,0
2493,4.2233,0.476,278,713,0,0,1,0,0
2494,4.1538,0.3917,278,713,0,0,1,0,0
2495,4.1114,0.4836,271,713,0,0,1,0,0
2496,4.2796,0.6371,271,713,0,0,1,0,0
2497,4.1203,0.6739,271,713,0,0,1,0,0
2498,4.1686,0.6072,270,713,0,0,1,0,0
2499,4.4868,1.5527,270,713,0,0,1,0,0
2500,4.1819,0.3977,269,713,0,0,1,0,0
2501,4.3791,0.3269,269,713,0,0,1,0,0
2502,3.5634,0.2643,269,713,0,0,1,0,0
2503,4.2531,0.331,269,713,0,0,1,0,0
2504,4.0855,0.3392,269,713,0,0,1,0,0
2505,4.4596,0.5033,269,713,0,0,1,0,0
2506,3.9148,0.4086,269,713,0,0,1,0,0
2507,4.1234,0.5228,269,713,0,0,1,0,0
2508,4.1838,0.506,267,713,0,0,1,0,0
2509,4.2066,0.5817,266,713,0,0,1,0,0
2510,4.1215,0.4173,266,713,0,0,1,0,0
2511,4.1816,0.4192,265,713,0,0,1,0,0
2512,4.1684,0.4238,265,713,0,0,1,0,0
2513,4.1861,0.5988,265,713,0,0,1,0,0
2514,4.1505,0.459,263,713,0,0,1,0,0
2515,4.1378,0.3884,263,713,0,0,1,0,0
2516,4.1593,0.3615,263,713,0,0,1,0,0
2517,4.2036,0.497,263,713,0,0,1,0,0
2518,4.1343,0.4363,263,713,0,0,1,0,0
2519,4.1787,0.3465,263,713,0,0,1,0,0
2520,4.2008,0.533,263,713,0,0,1,0,0
2521,4.1211,0.7068,262,713,0,0,1,0,0
2522,4.32,0.581,262,713,0,0,1,0,0
2523,4.0587,0.3548,261,713,0,0,1,0,0
2524,4.1613,0.4803,261,713,0,0,1,0,0
2525,4.1447,0.416,261,713,0,0,1,0,0
2526,4.1506,0.445,261,713,0,0,1,0,0
2527,4.3012,0.7373,261,713,0,0,1,0,0
2528,4.0921,1.3254,261,713,0,0,1,0,0
2529,4.5207,0.3441,261,713,0,0,1,0,0
2530,3.8425,0.2787,261,713,0,0,1,0,0
2531,4.1563,0.4495,261,713,0,0,1,0,0
2532,4.0796,0.33,261,713,0,0,1,0,0
2533,4.4761,0.3065,261,713,0,0,1,0,0
2534,4.3912,0.3751,261,713,0,0,1,0,0
2535,3.6453,0.3172,259,713,0,0,1,0,0
2536,4.2072,0.5493,259,713,0,0,1,0,0
2537,4.1786,0.5155,259,713,0,0,1,0,0
2538,4.2182,0.4772,258,713,0,0,1,0,0
2539,4.0234,0.2585,257,713,0,0,1,0,0
2540,4.184,0.32,256,713,0,0,1,0,0
2541,4.3642,0.5827,254,713,0,0,1,0,0
2542,4.0208,0.5522,254,713,0,0,1,0,0
2543,4.4092,0.4129,253,713,0,0,1,0,0
2544,3.9033,0.4834,253,713,0,0,1,0,0
2545,4.1847,0.721,252,713,0,0,1,0,0
2546,4.2354,0.3597,252,713,0,0,1,0,0
2547,4.0801,0.4181,252,713,0,0,1,0,0
2548,4.4589,0.5983,251,713,0,0,1,0,0
2549,4.1799,0.4416,249,713,0,0,1,0,0
2550,3.8762,0.4869,248,713,0,0,1,0,0
2551,4.1927,0.6137,248,713,0,0,1,0,0
2552,4.1209,0.3746,247,713,0,0,1,0,0
2553,4.2821,0.5833,246,713,0,0,1,0,0
2554,4.0925,0.3678,245,713,0,0,1,0,0
2555,4.1868,0.4125,245,713,0,0,1,0,0
2556,4.071,0.5397,245,713,0,0,1,0,0
2557,4.2659,0.5966,245,713,0,0,1,0,0
2558,4.0821,0.3573,245,713,0,0,1,0,0
2559,4.2326,0.4304,245,713,0,0,1,0,0
2560,4.1105,0.3629,245,713,0,0,1,0,0
2561,4.5352,0.5613,245,713,0,0,1,0,0
2562,3.8626,0.5303,245,713,0,0,1,0,0
2563,4.0825,0.3605,245,713,0,0,1,0,0
2564,4.1949,0.4356,245,713,0,0,1,0,0
2565,4.1928,0.6516,245,713,0,0,1,0,0
2566,4.1373,0.3949,245,713,0,0,1,0,0
2567,4.2385,0.422,245,713,0,0,1,0,0
2568,4.1824,0.5235,279,713,0,0,1,0,0
2569,4.0657,0.3782,278,713,0,0,1,0,0
2570,4.5338,0.3858,278,713,0,0,1,0,0
2571,3.8209,0.4551,278,713,0,0,1,0,0
2572,4.1918,0.4594,278,713,0,0,1,0,0
2573,4.166,0.4106,278,713,0,0,1,0,0
2574,4.1224,0.36,278,713,0,0,1,0,0
2575,4.2689,0.501,278,713,0,0,1,0,0
2576,4.0893,0.4258,277,713,0,0,1,0,0
2577,4.1929,0.463,277,713,0,0,1,0,0
2578,4.1255,0.416,277,713,0,0,1,0,0
2579,4.5022,0.5046,270,713,0,0,1,0,0
2580,3.8484,0.4503,270,713,0,0,1,0,0
2581,4.1683,0.3978,269,713,0,0,1,0,0
2582,4.1154,0.438,269,713,0,0,1,0,0
2583,4.1973,0.5149,269,713,0,0,1,0,0
2584,4.2813,0.7897,269,713,0,0,1,0,0
2585,4.5437,0.5898,269,713,0,0,1,0,0
2586,3.734,0.6812,269,713,0,0,1,0,0
2587,4.1442,1.7732,269,713,0,0,1,0,0
2588,4.1969,0.3119,269,713,0,0,1,0,0
2589,4.4825,0.3476,269,713,0,0,1,0,0
2590,3.8493,0.3119,269,713,0,0,1,0,0
2591,4.2446,0.3627,269,713,0,0,1,0,0
2592,4.0721,0.3297,269,713,0,0,1,0,0
2593,4.1833,0.5637,268,713,0,0,1,0,0
2594,4.1428,0.3968,268,713,0,0,1,0,0
2595,4.1668,0.3514,268,713,0,0,1,0,0
2596,4.1808,0.4618,268,713,0,0,1,0,0
2597,4.4355,0.3368,268,713,0,0,1,0,0
2598,3.9191,0.3712,268,713,0,0,1,0,0
2599,4.138,0.2869,268,713,0,0,1,0,0
2600,4.1434,0.3497,268,713,0,0,1,0,0
2601,4.2331,0.376,267,713,0,0,1,0,0
2602,4.1115,0.3689,266,713,0,0,1,0,0
2603,4.1837,0.6111,265,713,0,0,1,0,0
2604,4.1715,0.3391,264,713,0,0,1,0,0
2605,4.0887,2.0106,263,713,0,0,1,0,0
2606,4.1838,0.5402,263,713,0,0,1,0,0
2607,4.4663,0.4297,262,713,0,0,1,0,0
2608,3.9001,0.3499,262,713,0,0,1,0,0
2609,4.18,0.2698,262,713,0,0,1,0,0
2610,4.1869,0.3355,262,713,0,0,1,0,0
2611,4.1541,0.3331,261,713,0,0,1,0,0
2612,4.1436,0.3567,261,713,0,0,1,0,0
2613,4.2273,0.6076,260,713,0,0,1,0,0
2614,4.1473,0.329,259,713,0,0,1,0,0
2615,4.1365,0.2913,259,713,0,0,1,0,0
2616,4.2473,0.6261,259,713,0,0,1,0,0
2617,4.5599,0.4742,259,713,0,0,1,0,0
2618,3.6864,1.6906,259,713,0,0,1,0,0
2619,4.5792,1.2784,257,713,0,0,1,0,0
2620,3.8717,1.57,257,713,0,0,1,0,0
2621,4.1602,2.0318,256,713,0,0,1,0,0
2622,4.1749,1.5526,254,713,0,0,1,0,0
2623,4.1567,1.1697,252,713,0,0,1,0,0
2624,4.1372,0.4029,251,713,0,0,1,0,0
2625,4.2991,0.2494,251,713,0,0,1,0,0
2626,4.0652,0.4532,250,713,0,0,1,0,0
2627,4.095,0.6037,250,713,0,0,1,0,0
2628,4.1907,0.364,250,713,0,0,1,0,0
2629,4.4104,0.4211,250,713,0,0,1,0,0
2630,3.8421,0.3683,250,713,0,0,1,0,0
2631,4.1731,0.3491,250,713,0,0,1,0,0
2632,4.1643,0.4238,249,713,0,0,1,0,0
2633,4.082,0.3325,248,713,0,0,1,0,0
2634,4.2486,0.3462,248,713,0,0,1,0,0
2635,4.161,0.3948,247,713,0,0,1,0,0
2636,4.1888,0.3583,245,713,0,0,1,0,0
2637,4.2001,0.4771,245,713,0,0,1,0,0
2638,4.2104,0.8475,244,713,0,0,1,0,0
2639,4.1589,1.7669,243,713,0,0,1,0,0
2640,4.0951,0.7958,243,713,0,0,1,0,0
2641,4.4606,0.3375,243,713,0,0,1,0,0
2642,4.066,0.5321,243,713,0,0,1,0,0
2643,3.9827,0.3149,243,713,0,0,1,0,0
2644,4.1892,0.4092,243,713,0,0,1,0,0
2645,4.4791,0.3865,243,713,0,0,1,0,0
2646,3.9086,0.6517,242,713,0,0,1,0,0
2647,4.0995,0.56,241,713,0,0,1,0,0
2648,4.1293,0.3595,241,713,0,0,1,0,0
2649,4.2493,0.4791,241,713,0,0,1,0,0
2650,4.1735,0.4682,240,713,0,0,1,0,0
2651,4.1656,0.4092,240,713,0,0,1,0,0
2652,4.1709,0.4977,274,713,0,0,1,0,0
2653,4.1065,0.4182,274,713,0,0,1,0,0
2654,4.1227,0.3579,273,713,0,0,1,0,0
2655,4.2562,0.4905,273,713,0,0,1,0,0
2656,4.1227,0.9192,272,713,0,0,1,0,0
2657,4.1469,0.3734,272,713,0,0,1,0,0
2658,4.7314,0.3651,272,713,0,0,1,0,0
2659,3.5892,0.4187,272,713,0,0,1,0,0
2660,4.1952,0.4102,272,713,0,0,1,0,0
2661,4.2166,0.4126,272,713,0,0,1,0,0
2662,4.1497,0.6464,272,713,0,0,1,0,0
2663,4.1033,0.4127,265,713,0,0,1,0,0
2664,4.231,0.4072,265,713,0,0,1,0,0
2665,4.1384,0.3601,265,713,0,0,1,0,0
2666,4.2188,0.4517,265,713,0,0,1,0,0
2667,4.1788,1.5937,265,713,0,0,1,0,0
2668,4.1416,0.3139,264,713,0,0,1,0,0
2669,4.5045,0.3676,264,713,0,0,1,0,0
2670,3.8709,0.3603,263,713,0,0,1,0,0
2671,4.0938,0.2985,263,713,0,0,1,0,0
2672,4.1317,0.33,263,713,0,0,1,0,0
2673,4.3961,0.7492,263,713,0,0,1,0,0
2674,3.9564,0.3044,262,713,0,0,1,0,0
2675,4.563,0.3064,262,713,0,0,1,0,0
2676,3.7865,0.3766,262,713,0,0,1,0,0
2677,4.1803,0.3865,262,713,0,0,1,0,0
2678,4.0923,0.3483,262,713,0,0,1,0,0
2679,4.2213,0.4338,262,713,0,0,1,0,0
2680,4.492,0.5267,261,713,0,0,1,0,0
2681,3.8415,0.439,260,713,0,0,1,0,0
2682,4.3105,0.5306,260,713,0,0,1,0,0
2683,4.0302,0.4313,260,713,0,0,1,0,0
2684,4.1337,0.3675,259,713,0,0,1,0,0
2685,4.5865,0.5731,259,713,0,0,1,0,0
2686,3.7705,0.4602,259,713,0,0,1,0,0
2687,4.162,0.3729,259,713,0,0,1,0,0
2688,4.1787,0.8385,259,713,0,0,1,0,0
2689,4.2185,0.7734,259,713,0,0,1,0,0
2690,4.1634,0.543,259,713,0,0,1,0,0
2691,4.0937,0.3443,258,713,0,0,1,0,0
2692,4.1694,0.6075,258,713,0,0,1,0,0
2693,4.2148,0.4118,257,713,0,0,1,0,0
2694,4.1876,0.3885,257,713,0,0,1,0,0
2695,4.0947,0.5952,257,713,0,0,1,0,0
2696,4.1561,0.3963,257,713,0,0,1,0,0
2697,4.5861,0.3495,257,713,0,0,1,0,0
2698,3.8348,0.4287,257,713,0,0,1,0,0
2699,4.1397,0.4823,257,713,0,0,1,0,0
2700,4.1491,0.3783,257,713,0,0,1,0,0
2701,4.5976,0.5439,257,713,0,0,1,0,0
2702,3.6624,0.5571,257,713,0,0,1,0,0
2703,4.2454,0.4053,256,713,0,0,1,0,0
2704,4.753,0.4959,256,713,0,0,1,0,0
2705,3.9,0.4862,256,713,0,0,1,0,0
2706,4.1771,0.3929,255,713,0,0,1,0,0
2707,3.8202,0.3547,255,713,0,0,1,0,0
2708,4.2678,0.5088,255,713,0,0,1,0,0
2709,4.1274,0.4146,253,713,0,0,1,0,0
2710,4.1713,0.3378,253,713,0,0,1,0,0
2711,4.2483,0.5624,253,713,0,0,1,0,0
2712,4.0864,0.4586,253,713,0,0,1,0,0
2713,4.1043,0.3446,253,713,0,0,1,0,0
2714,4.1654,1.2752,253,713,0,0,1,0,0
2715,4.4401,0.406,253,713,0,0,1,0,0
2716,3.9456,0.3796,253,713,0,0,1,0,0
2717,4.2769,0.5657,253,713,0,0,1,0,0
2718,4.1612,0.4781,252,713,0,0,1,0,0
2719,4.0585,0.3827,252,713,0,0,1,0,0
2720,4.1471,0.4292,252,713,0,0,1,0,0
2721,4.5999,0.4269,252,713,0,0,1,0,0
2722,3.7742,0.3557,251,713,0,0,1,0,0
2723,4.3746,1.435,251,713,0,0,1,0,0
2724,3.9338,0.5139,250,713,0,0,1,0,0
2725,4.2052,0.4108,250,713,0,0,1,0,0
2726,4.0477,0.4067,250,713,0,0,1,0,0
2727,4.2281,0.4583,250,713,0,0,1,0,0
2728,4.1498,0.3617,250,713,0,0,1,0,0
2729,4.1734,0.3631,250,713,0,0,1,0,0
2730,4.1687,0.4074,250,713,0,0,1,0,0
2731,4.1537,0.3641,250,713,0,0,1,0,0
2732,4.1375,0.3506,249,713,0,0,1,0,0
2733,4.2404,0.4473,248,713,0,0,1,0,0
2734,4.1566,0.355,248,713,0,0,1,0,0
2735,4.1623,0.5562,248,713,0,0,1,0,0
2736,4.1412,0.6469,282,713,0,0,1,0,0
2737,4.2334,0.7034,282,713,0,0,1,0,0
2738,4.0899,0.3769,282,713,0,0,1,0,0
2739,4.1861,0.4435,282,713,0,0,1,0,0
2740,4.2401,0.659,281,713,0,0,1,0,0
2741,4.1272,0.3715,281,713,0,0,1,0,0
2742,4.1307,0.3609,281,713,0,0,1,0,0
2743,4.193,0.5112,281,713,0,0,1,0,0
2744,4.1137,0.4233,280,713,0,0,1,0,0
2745,4.1913,0.3931,280,713,0,0,1,0,0
2746,4.4551,0.4119,279,713,0,0,1,0,0
2747,3.8902,0.4631,279,713,0,0,1,0,0
2748,4.1658,0.4205,272,713,0,0,1,0,0
2749,4.2073,0.7581,272,713,0,0,1,0,0
2750,4.4273,0.5712,272,713,0,0,1,0,0
2751,3.8521,0.5254,272,713,0,0,1,0,0
2752,4.2088,0.4666,272,713,0,0,1,0,0
2753,4.1806,0.52,272,713,0,0,1,0,0
2754,4.1834,0.4252,272,713,0,0,1,0,0
2755,4.0445,0.4354,272,713,0,0,1,0,0
2756,4.1814,0.3713,272,713,0,0,1,0,0
2757,4.2731,0.4359,271,713,0,0,1,0,0
2758,4.1328,0.4508,271,713,0,0,1,0,0
2759,4.0937,0.4789,270,713,0,0,1,0,0
2760,4.2241,0.7286,270,713,0,0,1,0,0
2761,4.3178,0.5541,269,713,0,0,1,0,0
2762,4.0576,0.4956,268,713,0,0,1,0,0
2763,4.1548,0.4,268,713,0,0,1,0,0
2764,4.5158,0.5462,268,713,0,0,1,0,0
2765,3.7822,0.4901,268,713,0,0,1,0,0
2766,4.2036,0.4224,268,713,0,0,1,0,0
2767,4.2368,0.5518,268,713,0,0,1,0,0
2768,4.0524,0.7126,268,713,0,0,1,0,0
2769,4.9225,0.4519,268,713,0,0,1,0,0
2770,3.5414,0.4118,268,713,0,0,1,0,0
2771,4.054,0.4179,267,713,0,0,1,0,0
2772,4.2224,0.4378,267,713,0,0,1,0,0
2773,4.339,0.3993,267,713,0,0,1,0,0
2774,3.8524,0.3711,266,713,0,0,1,0,0
2775,4.2387,0.4261,264,713,0,0,1,0,0
2776,4.4919,0.5677,264,713,0,0,1,0,0
2777,3.8124,0.4238,263,713,0,0,1,0,0
2778,4.2758,0.4432,262,713,0,0,1,0,0
2779,4.0517,0.6059,261,713,0,0,1,0,0
2780,4.1952,1.1268,261,713,0,0,1,0,0
2781,4.4373,0.4082,259,713,0,0,1,0,0
2782,4.0229,0.4875,259,713,0,0,1,0,0
2783,4.0237,0.3546,259,713,0,0,1,0,0
2784,4.2946,0.3583,259,713,0,0,1,0,0
2785,4.3524,0.66,258,713,0,0,1,0,0
2786,4.2311,0.5092,258,713,0,0,1,0,0
2787,3.8104,0.3746,258,713,0,0,1,0,0
2788,4.5559,0.678,258,713,0,0,1,0,0
2789,3.798,0.4254,257,713,0,0,1,0,0
2790,4.2555,0.5694,256,713,0,0,1,0,0
2791,4.111,0.4352,255,713,0,0,1,0,0
2792,4.1124,0.5565,255,713,0,0,1,0,0
2793,4.2107,0.6108,255,713,0,0,1,0,0
2794,4.1125,0.4071,255,713,0,0,1,0,0
2795,4.1612,0.4384,255,713,0,0,1,0,0
2796,4.203,0.3731,255,713,0,0,1,0,0
2797,4.1737,0.4107,254,713,0,0,1,0,0
2798,4.109,0.6632,254,713,0,0,1,0,0
2799,4.2054,0.3713,254,713,0,0,1,0,0
2800,4.2795,0.4297,254,713,0,0,1,0,0
2801,4.7249,0.4646,254,713,0,0,1,0,0
2802,3.4932,0.3869,253,713,0,0,1,0,0
2803,4.1452,0.355,253,713,0,0,1,0,0
2804,4.1555,0.4156,253,713,0,0,1,0,0
2805,4.3134,0.5641,253,713,0,0,1,0,0
2806,4.0447,0.3777,253,713,0,0,1,0,0
2807,4.1248,0.4038,253,713,0,0,1,0,0
2808,4.2525,1.215,252,713,0,0,1,0,0
2809,4.3962,0.3623,252,713,0,0,1,0,0
2810,3.9912,0.345,252,713,0,0,1,0,0
2811,4.1219,0.3228,251,713,0,0,1,0,0
2812,4.2063,0.5698,251,713,0,0,1,0,0
2813,4.4042,0.387,250,713,0,0,1,0,0
2814,3.9872,0.4214,250,713,0,0,1,0,0
2815,4.0602,0.3691,250,713,0,0,1,0,0
2816,4.1051,0.4082,250,713,0,0,1,0,0
2817,4.1996,0.3279,249,713,0,0,1,0,0
2818,4.3025,0.3257,249,713,0,0,1,0,0
2819,4.3286,0.4383,249,713,0,0,1,0,0
2820,3.8814,0.3561,283,713,0,0,1,0,0
2821,4.174,0.4209,283,713,0,0,1,0,0
2822,4.1731,2.7474,283,713,0,0,1,0,0
2823,4.3815,0.4606,283,713,0,0,1,0,0
2824,4.3447,0.3683,283,713,0,0,1,0,0
2825,3.9447,0.3632,283,713,0,0,1,0,0
2826,4.0494,0.3492,283,713,0,0,1,0,0
2827,4.1155,0.346,283,713,0,0,1,0,0
2828,4.1294,0.4152,283,713,0,0,1,0,0
2829,4.4374,0.738,282,713,0,0,1,0,0
2830,3.9358,0.3616,282,713,0,0,1,0,0
2831,4.1651,0.9036,282,713,0,0,1,0,0
2832,4.1992,0.5479,275,713,0,0,1,0,0
2833,4.1561,0.5465,274,713,0,0,1,0,0
2834,4.1416,0.3895,273,713,0,0,1,0,0
2835,4.1308,0.4454,273,713,0,0,1,0,0
2836,4.18,0.4253,272,713,0,0,1,0,0
2837,4.2764,0.6604,272,713,0,0,1,0,0
2838,4.105,0.4221,272,713,0,0,1,0,0
2839,4.1005,0.4543,272,713,0,0,1,0,0
2840,4.1774,0.415,272,713,0,0,1,0,0
2841,4.236,0.5196,272,713,0,0,1,0,0
2842,4.1512,0.4481,272,713,0,0,1,0,0
2843,4.3054,0.8038,272,713,0,0,1,0,0
2844,4.2939,0.4417,272,713,0,0,1,0,0
2845,4.2024,0.3709,272,713,0,0,1,0,0
2846,3.7491,0.4396,272,713,0,0,1,0,0
2847,4.2066,0.445,271,713,0,0,1,0,0
2848,4.3619,0.3589,271,713,0,0,1,0,0
2849,4.1341,0.5298,270,713,0,0,1,0,0
2850,4.0445,1.9969,269,713,0,0,1,0,0
2851,4.4218,0.4127,268,713,0,0,1,0,0
2852,3.9112,0.3519,268,713,0,0,1,0,0
2853,4.4975,0.4583,268,713,0,0,1,0,0
2854,3.9215,0.4522,268,713,0,0,1,0,0
2855,4.0873,0.3609,268,713,0,0,1,0,0
2856,4.1986,0.7296,268,713,0,0,1,0,0
2857,4.5677,0.4872,267,713,0,0,1,0,0
2858,3.7764,0.4131,267,713,0,0,1,0,0
2859,4.1363,0.3561,266,713,0,0,1,0,0
2860,4.2239,0.4639,265,713,0,0,1,0,0
2861,4.3738,0.4236,265,713,0,0,1,0,0
2862,3.9161,0.3456,265,713,0,0,1,0,0
2863,4.1644,0.4954,265,713,0,0,1,0,0
2864,4.1036,0.4171,265,713,0,0,1,0,0
2865,4.2514,0.4267,265,713,0,0,1,0,0
2866,4.1072,0.3893,264,713,0,0,1,0,0
2867,4.1956,0.6102,264,713,0,0,1,0,0
2868,4.1329,0.3902,262,713,0,0,1,0,0
2869,4.548,0.4257,262,713,0,0,1,0,0
2870,3.8038,0.4453,262,713,0,0,1,0,0
2871,4.1761,0.3987,262,713,0,0,1,0,0
2872,4.2471,0.4098,262,713,0,0,1,0,0
2873,4.6074,0.5866,262,713,0,0,1,0,0
2874,3.7648,0.4336,261,713,0,0,1,0,0
2875,3.9926,0.7604,261,713,0,0,1,0,0
2876,4.2072,0.3636,260,713,0,0,1,0,0
2877,4.1374,0.4574,260,713,0,0,1,0,0
2878,4.5239,0.3704,260,713,0,0,1,0,0
2879,3.8685,0.4776,260,713,0,0,1,0,0
2880,4.1672,0.6066,259,713,0,0,1,0,0
2881,4.1794,0.8342,259,713,0,0,1,0,0
2882,4.097,0.3944,259,713,0,0,1,0,0
2883,4.1955,0.4312,259,713,0,0,1,0,0
2884,4.2212,0.485,257,713,0,0,1,0,0
2885,4.1275,0.3553,257,713,0,0,1,0,0
2886,4.1473,0.4495,257,713,0,0,1,0,0
2887,4.3359,0.5777,257,713,0,0,1,0,0
2888,4.0769,2.0082,257,713,0,0,1,0,0
2889,4.3795,0.5566,257,713,0,0,1,0,0
2890,3.9617,0.3879,256,713,0,0,1,0,0
2891,4.1589,0.3104,256,713,0,0,1,0,0
2892,4.117,0.3383,256,713,0,0,1,0,0
2893,4.7528,0.4561,256,713,0,0,1,0,0
2894,3.5411,0.3603,256,713,0,0,1,0,0
2895,4.228,0.3585,256,713,0,0,1,0,0
2896,4.1992,0.4861,256,713,0,0,1,0,0
2897,4.1991,0.682,256,713,0,0,1,0,0
2898,4.1188,0.3973,255,713,0,0,1,0,0
2899,4.0879,0.4461,254,713,0,0,1,0,0
2900,4.1753,0.3917,254,713,0,0,1,0,0
2901,4.2384,0.3902,252,713,0,0,1,0,0
2902,4.1453,0.4587,251,713,0,0,1,0,0
2903,4.1756,0.6496,251,713,0,0,1,0,0
2904,4.07,0.3697,285,713,0,0,1,0,0
2905,4.4578,0.4773,284,713,0,0,1,0,0
2906,4.1872,0.6381,284,713,0,0,1,0,0
2907,4,0.4887,284,713,0,0,1,0,0
2908,4.468,0.3704,284,713,0,0,1,0,0
2909,4.3672,0.4382,283,713,0,0,1,0,0
2910,3.528,0.572,283,713,0,0,1,0,0
2911,4.2912,0.4066,283,713,0,0,1,0,0
2912,4.0931,0.3553,283,713,0,0,1,0,0
2913,4.5385,0.6165,281,713,0,0,1,0,0
2914,3.867,0.7068,281,713,0,0,1,0,0
2915,4.4949,0.394,272,713,0,0,1,0,0
2916,4.1773,0.5812,272,713,0,0,1,0,0
2917,3.7727,0.4581,272,713,0,0,1,0,0
2918,4.393,0.4751,271,713,0,0,1,0,0
2919,3.9827,0.3693,270,713,0,0,1,0,0
2920,4.5307,0.4865,270,713,0,0,1,0,0
2921,3.9682,0.4412,270,713,0,0,1,0,0
2922,4.1955,0.4155,270,713,0,0,1,0,0
2923,3.8875,0.3588,270,713,0,0,1,0,0
2924,4.2056,0.563,269,713,0,0,1,0,0
2925,4.4319,0.6354,268,713,0,0,1,0,0
2926,3.8709,0.4211,268,713,0,0,1,0,0
2927,4.1508,0.3817,268,713,0,0,1,0,0
2928,4.4738,0.4474,266,713,0,0,1,0,0
2929,3.8919,0.6581,266,713,0,0,1,0,0
2930,4.339,0.367,265,713,0,0,1,0,0
2931,3.9488,0.3761,265,713,0,0,1,0,0
2932,4.4456,0.6368,265,713,0,0,1,0,0
2933,3.9456,0.471,264,713,0,0,1,0,0
2934,4.4936,0.5778,264,713,0,0,1,0,0
2935,4.0038,0.9232,264,713,0,0,1,0,0
2936,3.9592,0.6513,263,713,0,0,1,0,0
2937,4.4728,0.3535,263,713,0,0,1,0,0
2938,3.9186,0.3581,263,713,0,0,1,0,0
2939,4.4523,0.487,263,713,0,0,1,0,0
2940,4.1648,0.3524,263,713,0,0,1,0,0
2941,4.0783,0.3525,263,713,0,0,1,0,0
2942,3.8799,0.4608,263,713,0,0,1,0,0
2943,4.2495,0.6718,263,713,0,0,1,0,0
2944,4.4714,0.5753,263,713,0,0,1,0,0
2945,3.8734,0.7017,263,713,0,0,1,0,0
2946,4.4156,0.5457,263,713,0,0,1,0,0
2947,3.8353,0.5309,263,713,0,0,1,0,0
2948,4.1456,0.5348,261,713,0,0,1,0,0
2949,4.4909,2.1485,261,713,0,0,1,0,0
2950,3.8796,0.3143,260,713,0,0,1,0,0
2951,4.439,0.2608,259,713,0,0,1,0,0
2952,3.9139,0.3334,259,713,0,0,1,0,0
2953,4.1735,1.2797,257,713,0,0,1,0,0
2954,4.2877,0.5543,257,713,0,0,1,0,0
2955,4.1018,0.3572,257,713,0,0,1,0,0
2956,4.2347,0.4087,257,713,0,0,1,0,0
2957,4.7016,0.3444,257,713,0,0,1,0,0
2958,3.5914,0.4756,257,713,0,0,1,0,0
2959,4.0673,0.3823,255,713,0,0,1,0,0
2960,4.2368,0.7336,255,713,0,0,1,0,0
2961,4.2023,0.6092,255,713,0,0,1,0,0
2962,4.1041,0.356,255,713,0,0,1,0,0
2963,4.179,0.3264,255,713,0,0,1,0,0
2964,4.1676,0.2946,255,713,0,0,1,0,0
2965,4.2242,0.3651,255,713,0,0,1,0,0
2966,4.1401,0.3988,255,713,0,0,1,0,0
2967,4.1088,0.2973,255,713,0,0,1,0,0
2968,4.2583,0.6295,255,713,0,0,1,0,0
2969,4.1387,0.4353,255,713,0,0,1,0,0
2970,4.1168,0.3632,253,713,0,0,1,0,0
2971,4.1408,0.382,253,713,0,0,1,0,0
2972,4.1552,0.4226,252,713,0,0,1,0,0
2973,4.2549,0.4873,252,713,0,0,1,0,0
2974,4.0955,0.3796,251,713,0,0,1,0,0
2975,4.4906,0.5795,251,713,0,0,1,0,0
2976,3.8827,0.4057,250,713,0,0,1,0,0
2977,4.2309,0.4046,250,713,0,0,1,0,0
2978,4.4376,0.4261,249,713,0,0,1,0,0
2979,3.7804,0.344,249,713,0,0,1,0,0
2980,4.2356,0.4938,249,713,0,0,1,0,0
2981,4.1246,0.7846,249,713,0,0,1,0,0
2982,4.1604,0.376,247,713,0,0,1,0,0
2983,4.2259,0.4163,247,713,0,0,1,0,0
2984,4.1169,0.4151,247,713,0,0,1,0,0
2985,8.3467,0.4102,247,713,0,0,1,0,0
2986,4.2448,0.3585,247,713,0,0,1,0,0
2987,4.1683,0.5241,281,713,0,0,1,0,0
2988,4.4452,0.4861,280,713,0,0,1,0,0
2989,3.7555,0.3756,280,713,0,0,1,0,0
2990,4.2227,0.4422,280,713,0,0,1,0,0
2991,4.2298,0.7561,279,713,0,0,1,0,0
2992,4.1286,0.6951,279,713,0,0,1,0,0
2993,4.1178,0.3609,279,713,0,0,1,0,0
2994,4.143,0.7249,278,713,0,0,1,0,0
2995,4.1717,0.4244,278,713,0,0,1,0,0
2996,4.1604,0.4315,278,713,0,0,1,0,0
2997,4.2833,0.8822,278,713,0,0,1,0,0
2998,4.1323,0.6831,271,713,0,0,1,0,0
2999,4.2356,0.8039,270,713,0,0,1,0,0
3000,4.0872,0.649,270,713,0,0,1,0,0
3001,4.1782,0.4115,270,713,0,0,1,0,0
3002,4.1092,0.4348,270,713,0,0,1,0,0
3003,4.171,0.5384,270,713,0,0,1,0,0
3004,4.2887,0.6111,270,713,0,0,1,0,0
3005,4.2031,0.416,270,713,0,0,1,0,0
3006,4.0389,0.5075,270,713,0,0,1,0,0
3007,4.1539,0.3924,270,713,0,0,1,0,0
3008,4.1759,0.4381,270,713,0,0,1,0,0
3009,4.1224,0.533,269,713,0,0,1,0,0
3010,4.24,0.7165,268,713,0,0,1,0,0
3011,4.2004,0.5511,268,713,0,0,1,0,0
3012,4.0761,0.5407,268,713,0,0,1,0,0
3013,4.1203,0.4334,267,713,0,0,1,0,0
3014,4.2573,2.2337,267,713,0,0,1,0,0
3015,4.1173,0.2966,267,713,0,0,1,0,0
3016,4.5291,0.3523,266,713,0,0,1,0,0
3017,3.8805,0.331,265,713,0,0,1,0,0
3018,4.2224,0.3884,265,713,0,0,1,0,0
3019,4.0411,0.2798,265,713,0,0,1,0,0
3020,4.1552,0.6735,265,713,0,0,1,0,0
3021,4.183,0.5042,264,713,0,0,1,0,0
3022,4.1602,0.4585,263,713,0,0,1,0,0
3023,4.1378,0.5385,263,713,0,0,1,0,0
3024,4.2556,0.6834,263,713,0,0,1,0,0
3025,4.1855,0.7925,263,713,0,0,1,0,0
3026,4.0786,0.427,263,713,0,0,1,0,0
3027,4.2204,0.4608,263,713,0,0,1,0,0
3028,4.17,0.4897,263,713,0,0,1,0,0
3029,4.1356,0.4745,262,713,0,0,1,0,0
3030,4.2729,0.5366,261,713,0,0,1,0,0
3031,4.0692,1.1912,261,713,0,0,1,0,0
3032,8.4184,0.5146,259,713,0,0,1,0,0
3033,4.1298,0.6707,259,713,0,0,1,0,0
3034,4.1141,0.7422,259,713,0,0,1,0,0
3035,4.5123,0.3764,259,713,0,0,1,0,0
3036,3.7811,0.3613,259,713,0,0,1,0,0
3037,4.1899,0.4233,258,713,0,0,1,0,0
3038,4.2031,0.4261,258,713,0,0,1,0,0
3039,4.5558,0.3453,258,713,0,0,1,0,0
3040,3.8502,0.4455,257,713,0,0,1,0,0
3041,4.0719,0.4382,256,713,0,0,1,0,0
3042,4.1344,0.3544,256,713,0,0,1,0,0
3043,4.244,0.5325,254,713,0,0,1,0,0
3044,4.1393,1.9858,253,713,0,0,1,0,0
3045,4.4266,0.3157,253,713,0,0,1,0,0
3046,3.9376,0.2855,253,713,0,0,1,0,0
3047,4.19,0.3444,252,713,0,0,1,0,0
3048,4.2082,0.4125,252,713,0,0,1,0,0
3049,4.1279,0.416,251,713,0,0,1,0,0
3050,8.64,0.4774,250,713,0,0,1,0,0
3051,3.7935,0.4166,249,713,0,0,1,0,0
3052,4.1346,0.5,247,713,0,0,1,0,0
3053,4.1984,0.6323,247,713,0,0,1,0,0
3054,4.3037,0.6869,247,713,0,0,1,0,0
3055,4.1059,0.3774,247,713,0,0,1,0,0
3056,4.1401,0.5141,247,713,0,0,1,0,0
3057,4.1974,0.6822,246,713,0,0,1,0,0
3058,4.1967,0.6528,245,713,0,0,1,0,0
3059,4.0733,0.4369,244,713,0,0,1,0,0
3060,4.3788,0.4147,244,713,0,0,1,0,0
3061,3.9463,0.3803,244,713,0,0,1,0,0
3062,4.2258,0.4977,244,713,0,0,1,0,0
3063,4.2234,0.4792,244,713,0,0,1,0,0
3064,4.0337,0.3696,244,713,0,0,1,0,0
3065,4.1424,0.4056,244,713,0,0,1,0,0
3066,4.5808,0.4998,243,713,0,0,1,0,0
3067,3.8275,0.348,243,713,0,0,1,0,0
3068,4.1438,0.44,243,713,0,0,1,0,0
3069,4.1733,0.463,276,713,0,0,1,0,0
3070,4.1152,0.3491,276,713,0,0,1,0,0
3071,4.2055,0.4467,275,713,0,0,1,0,0
3072,4.1427,0.457,275,713,0,0,1,0,0
3073,4.1439,0.3893,275,713,0,0,1,0,0
3074,4.2275,3.3216,275,713,0,0,1,0,0
3075,4.4406,1.0694,275,713,0,0,1,0,0
3076,3.974,0.3887,275,713,0,0,1,0,0
3077,4.0717,0.323,275,713,0,0,1,0,0
3078,8.4257,0.3112,275,713,0,0,1,0,0
3079,4.1166,0.4266,275,713,0,0,1,0,0
3080,4.1441,0.62,268,713,0,0,1,0,0
3081,4.513,0.4092,268,713,0,0,1,0,0
3082,3.773,0.2913,268,713,0,0,1,0,0
3083,4.2844,0.3654,267,713,0,0,1,0,0
3084,4.1901,0.3903,267,713,0,0,1,0,0
3085,4.0502,0.3247,267,713,0,0,1,0,0
3086,4.1999,0.5385,267,713,0,0,1,0,0
3087,4.0829,0.5203,267,713,0,0,1,0,0
3088,4.2189,0.5019,267,713,0,0,1,0,0
3089,4.1455,0.3571,267,713,0,0,1,0,0
3090,4.2674,0.5989,267,713,0,0,1,0,0
3091,4.1346,0.8335,267,713,0,0,1,0,0
3092,4.0928,0.593,267,713,0,0,1,0,0
3093,4.2146,0.4395,267,713,0,0,1,0,0
3094,4.1564,0.4464,266,713,0,0,1,0,0
3095,4.1249,0.3436,264,713,0,0,1,0,0
3096,4.6183,0.3659,264,713,0,0,1,0,0
3097,3.7766,0.706,264,713,0,0,1,0,0
3098,4.1667,0.6454,263,713,0,0,1,0,0
3099,4.1381,0.3554,263,713,0,0,1,0,0
3100,4.1856,0.4344,263,713,0,0,1,0,0
3101,4.5568,0.3972,262,713,0,0,1,0,0
3102,3.7261,0.3923,262,713,0,0,1,0,0
3103,5.072,0.4954,262,713,0,0,1,0,0
3104,3.2655,0.4411,261,713,0,0,1,0,0
3105,4.1604,0.3509,260,713,0,0,1,0,0
3106,4.1737,0.3597,260,713,0,0,1,0,0
3107,4.1951,0.4316,260,713,0,0,1,0,0
3108,4.2856,0.7479,260,713,0,0,1,0,0
3109,4.127,0.5925,259,713,0,0,1,0,0
3110,4.1159,0.4509,259,713,0,0,1,0,0
3111,4.1661,2.4966,259,713,0,0,1,0,0
3112,4.1703,0.3464,259,713,0,0,1,0,0
3113,4.3495,0.3431,259,713,0,0,1,0,0
3114,3.9838,0.3422,259,713,0,0,1,0,0
3115,4.1921,0.7639,259,713,0,0,1,0,0
3116,4.4165,0.5608,259,713,0,0,1,0,0
3117,4.5116,0.3217,259,713,0,0,1,0,0
3118,3.4866,0.3798,259,713,0,0,1,0,0
3119,4.198,0.4053,257,713,0,0,1,0,0
3120,4.5628,0.3594,257,713,0,0,1,0,0
3121,3.9208,0.3452,255,713,0,0,1,0,0
3122,4.3134,0.3896,255,713,0,0,1,0,0
3123,3.9025,0.4348,254,713,0,0,1,0,0
3124,4.1378,0.3702,253,713,0,0,1,0,0
3125,4.1818,0.3504,252,713,0,0,1,0,0
3126,4.2351,0.5033,251,713,0,0,1,0,0
3127,4.1307,0.5958,250,713,0,0,1,0,0
3128,4.2479,0.5389,248,713,0,0,1,0,0
3129,4.3532,0.5697,248,713,0,0,1,0,0
3130,3.8638,0.3628,248,713,0,0,1,0,0
3131,4.157,0.3478,246,713,0,0,1,0,0
3132,4.2296,0.5155,246,713,0,0,1,0,0
3133,4.1661,2.8168,246,713,0,0,1,0,0
3134,4.0866,0.4936,246,713,0,0,1,0,0
3135,4.735,1.3214,246,713,0,0,1,0,0
3136,3.722,1.8125,245,713,0,0,1,0,0
3137,4.1253,1.948,245,713,0,0,1,0,0
3138,4.1938,1.8253,243,713,0,0,1,0,0
3139,4.1615,0.3029,243,713,0,0,1,0,0
3140,4.0971,0.3355,243,713,0,0,1,0,0
3141,4.4343,0.3462,242,713,0,0,1,0,0
3142,3.924,0.2913,242,713,0,0,1,0,0
3143,4.1831,0.4441,241,713,0,0,1,0,0
3144,8.575,0.5389,241,713,0,0,1,0,0
3145,3.8338,0.3667,240,713,0,0,1,0,0
3146,4.1541,0.3014,240,713,0,0,1,0,0
3147,4.2066,0.3217,240,713,0,0,1,0,0
3148,4.145,0.3497,240,713,0,0,1,0,0
3149,4.2945,0.4628,240,713,0,0,1,0,0
3150,4.1357,0.4021,240,713,0,0,1,0,0
3151,4.1503,0.3959,274,713,0,0,1,0,0
3152,4.1596,0.6918,274,713,0,0,1,0,0
3153,4.141,0.3364,274,713,0,0,1,0,0
3154,4.1108,0.2729,273,713,0,0,1,0,0
3155,4.2162,0.4692,273,713,0,0,1,0,0
3156,4.1986,0.5291,273,713,0,0,1,0,0
3157,4.1146,0.3903,273,713,0,0,1,0,0
3158,4.1531,0.5155,273,713,0,0,1,0,0
3159,4.1874,0.4473,273,713,0,0,1,0,0
3160,4.2168,0.5041,273,713,0,0,1,0,0
3161,4.0989,0.5215,273,713,0,0,1,0,0
3162,4.2283,0.5459,266,713,0,0,1,0,0
3163,4.1691,0.4517,266,713,0,0,1,0,0
3164,4.0975,0.5413,266,713,0,0,1,0,0
3165,4.2452,0.5116,266,713,0,0,1,0,0
3166,4.1075,0.434,265,713,0,0,1,0,0
3167,4.6275,0.398,265,713,0,0,1,0,0
3168,3.8259,0.4495,265,713,0,0,1,0,0
3169,4.0911,0.7017,265,713,0,0,1,0,0
3170,4.2384,0.7536,264,713,0,0,1,0,0
3171,4.1076,0.5746,264,713,0,0,1,0,0
3172,4.2166,0.4072,264,713,0,0,1,0,0
3173,4.0314,0.4391,264,713,0,0,1,0,0
3174,4.2247,0.4202,264,713,0,0,1,0,0
3175,4.2032,0.3937,264,713,0,0,1,0,0
3176,4.1095,0.5255,264,713,0,0,1,0,0
3177,4.226,0.6164,263,713,0,0,1,0,0
3178,4.1362,0.345,263,713,0,0,1,0,0
3179,4.219,0.4944,263,713,0,0,1,0,0
3180,4.1436,0.4588,263,713,0,0,1,0,0
3181,4.1673,0.3948,263,713,0,0,1,0,0
3182,4.1353,0.72,263,713,0,0,1,0,0
3183,4.1452,0.4546,263,713,0,0,1,0,0
3184,4.3041,0.5771,262,713,0,0,1,0,0
3185,4.0541,0.3616,262,713,0,0,1,0,0
3186,4.1341,0.4354,262,713,0,0,1,0,0
3187,4.24,0.4536,262,713,0,0,1,0,0
3188,4.0997,0.5255,260,713,0,0,1,0,0
3189,4.1278,0.7279,260,713,0,0,1,0,0
3190,4.2958,0.5723,258,713,0,0,1,0,0
3191,4.3356,0.3412,257,713,0,0,1,0,0
3192,3.9633,0.5659,257,713,0,0,1,0,0
3193,4.2436,0.5139,257,713,0,0,1,0,0
3194,4.0619,0.3931,257,713,0,0,1,0,0
3195,4.2159,0.5439,257,713,0,0,1,0,0
3196,4.3879,0.5474,257,713,0,0,1,0,0
3197,3.9917,0.6647,257,713,0,0,1,0,0
3198,4.0803,0.5381,257,713,0,0,1,0,0
3199,4.0967,0.409,257,713,0,0,1,0,0
3200,4.2754,0.4626,257,713,0,0,1,0,0
3201,5.1981,0.3468,257,713,0,0,1,0,0
3202,3.0708,0.4593,257,713,0,0,1,0,0
3203,4.3577,0.5472,257,713,0,0,1,0,0
3204,4.0733,0.6897,257,713,0,0,1,0,0
3205,4.0469,0.3831,257,713,0,0,1,0,0
3206,4.5127,0.4862,257,713,0,0,1,0,0
3207,3.8503,0.5716,257,713,0,0,1,0,0
3208,4.1658,0.3851,257,713,0,0,1,0,0
3209,4.1792,0.4609,256,713,0,0,1,0,0
3210,4.1543,0.3959,256,713,0,0,1,0,0
3211,4.1465,0.4307,256,713,0,0,1,0,0
3212,4.1956,0.4424,256,713,0,0,1,0,0
3213,4.1208,0.4655,256,713,0,0,1,0,0
3214,4.1869,0.3368,254,713,0,0,1,0,0
3215,4.3231,0.6077,254,713,0,0,1,0,0
3216,4.1151,1.7935,254,713,0,0,1,0,0
3217,4.4815,1.3385,254,713,0,0,1,0,0
3218,3.8817,4.3214,253,713,0,0,1,0,0
3219,4.4181,4.2092,253,713,0,0,1,0,0
3220,4.3088,1.9452,252,713,0,0,1,0,0
3221,3.642,3.0231,252,713,0,0,1,0,0
3222,4.1926,0.3482,251,713,0,0,1,0,0
3223,4.2584,0.3645,251,713,0,0,1,0,0
3224,4.1897,0.4377,251,713,0,0,1,0,0
3225,4.0646,0.3385,251,713,0,0,1,0,0
3226,4.3786,0.3471,251,713,0,0,1,0,0
3227,3.9625,1.0237,251,713,0,0,1,0,0
3228,9.2274,0.5304,251,713,0,0,1,0,0
3229,22.1565,1.2873,249,713,0,0,1,0,0
3230,4.38,0.3239,283,713,0,0,1,0,0
3231,3.4173,0.3126,283,713,0,0,1,0,0
3232,3.2083,0.3252,283,713,0,0,1,0,0
3233,3.6328,0.5453,282,713,0,0,1,0,0
3234,4.1349,0.373,282,713,0,0,1,0,0
3235,4.1537,0.3886,282,713,0,0,1,0,0
3236,4.1594,0.451,282,713,0,0,1,0,0
3237,4.187,0.4098,282,713,0,0,1,0,0
3238,4.156,0.4529,281,713,0,0,1,0,0
3239,4.1235,0.5086,280,713,0,0,1,0,0
3240,4.2201,0.5727,280,713,0,0,1,0,0
3241,4.4091,0.4003,273,713,0,0,1,0,0
3242,4.0962,0.3689,272,713,0,0,1,0,0
3243,3.963,0.4526,272,713,0,0,1,0,0
3244,4.338,0.4762,272,713,0,0,1,0,0
3245,4.0319,0.3735,271,713,0,0,1,0,0
3246,4.1963,0.5504,271,713,0,0,1,0,0
3247,4.1499,0.4464,271,713,0,0,1,0,0
3248,4.111,0.4522,271,713,0,0,1,0,0
3249,4.1826,0.635,271,713,0,0,1,0,0
3250,4.1571,0.4226,271,713,0,0,1,0,0
3251,4.5426,0.6379,269,713,0,0,1,0,0
3252,3.9027,0.384,269,713,0,0,1,0,0
3253,4.0563,0.5217,269,713,0,0,1,0,0
3254,4.4287,0.5003,269,713,0,0,1,0,0
3255,3.9572,0.8753,268,713,0,0,1,0,0
3256,4.2369,0.4946,268,713,0,0,1,0,0
3257,4.051,0.4158,268,713,0,0,1,0,0
3258,4.4988,0.4349,267,713,0,0,1,0,0
3259,4.122,0.3878,266,713,0,0,1,0,0
3260,3.9164,0.5451,266,713,0,0,1,0,0
3261,4.1278,0.7166,266,713,0,0,1,0,0
3262,4.1645,0.3833,265,713,0,0,1,0,0
3263,4.1473,0.3667,265,713,0,0,1,0,0
3264,4.307,0.4934,265,713,0,0,1,0,0
3265,4.1816,0.6102,265,713,0,0,1,0,0
3266,4.1632,0.6072,265,713,0,0,1,0,0
3267,4.2054,0.5323,265,713,0,0,1,0,0
3268,4.0776,0.5235,265,713,0,0,1,0,0
3269,4.0899,0.3539,265,713,0,0,1,0,0
3270,4.2765,0.3998,265,713,0,0,1,0,0
3271,4.2087,0.7634,264,713,0,0,1,0,0
3272,4.0936,0.454,264,713,0,0,1,0,0
3273,4.7009,0.6289,264,713,0,0,1,0,0
3274,3.5739,0.4445,264,713,0,0,1,0,0
3275,4.2489,0.4755,264,713,0,0,1,0,0
3276,4.1336,0.4048,263,713,0,0,1,0,0
3277,4.1383,0.7309,262,713,0,0,1,0,0
3278,4.2074,0.4683,262,713,0,0,1,0,0
3279,4.1396,0.6071,262,713,0,0,1,0,0
3280,4.133,0.4148,262,713,0,0,1,0,0
3281,4.1762,0.49,262,713,0,0,1,0,0
3282,4.5198,0.3837,262,713,0,0,1,0,0
3283,3.8914,0.3693,262,713,0,0,1,0,0
3284,4.1438,0.6147,261,713,0,0,1,0,0
3285,4.1607,0.5325,261,713,0,0,1,0,0
3286,4.1171,0.3501,261,713,0,0,1,0,0
3287,4.3201,0.4624,259,713,0,0,1,0,0
3288,3.9975,0.4477,259,713,0,0,1,0,0
3289,4.2427,0.4412,258,713,0,0,1,0,0
3290,4.3602,0.4734,258,713,0,0,1,0,0
3291,4.1098,0.6426,258,713,0,0,1,0,0
3292,4.4774,0.3671,258,713,0,0,1,0,0
3293,3.7134,0.3547,258,713,0,0,1,0,0
3294,4.6477,0.6644,258,713,0,0,1,0,0
3295,3.7776,0.3967,258,713,0,0,1,0,0
3296,4.0364,0.3901,258,713,0,0,1,0,0
3297,4.1931,0.4361,258,713,0,0,1,0,0
3298,4.1792,0.4079,258,713,0,0,1,0,0
3299,4.1518,0.397,258,713,0,0,1,0,0
3300,4.178,0.448,258,713,0,0,1,0,0
3301,4.1556,0.6297,258,713,0,0,1,0,0
3302,4.2256,0.5159,258,713,0,0,1,0,0
3303,4.1668,0.6894,257,713,0,0,1,0,0
3304,4.1616,0.633,257,713,0,0,1,0,0
3305,4.1501,0.4471,257,713,0,0,1,0,0
3306,8.5017,0.448,256,713,0,0,1,0,0
3307,4.0388,0.6289,256,713,0,0,1,0,0
3308,4.0683,0.5909,255,713,0,0,1,0,0
3309,4.2513,0.6965,255,713,0,0,1,0,0
3310,4.2023,0.7083,255,713,0,0,1,0,0
3311,4.1224,0.6748,255,713,0,0,1,0,0
3312,4.2726,0.4441,254,713,0,0,1,0,0
3313,4.0463,0.495,286,713,0,0,1,1,0.0227
3314,4.0856,0.4384,286,713,0,0,1,0,0
3315,4.1248,0.3689,286,713,0,0,1,0,0
3316,4.2234,0.4278,286,713,0,0,1,0,0
3317,4.2155,0.5431,286,713,0,0,1,0,0
3318,4.1793,0.4413,286,713,0,0,1,0,0
3319,4.1422,0.4069,286,713,0,0,1,0,0
3320,4.1709,0.6434,286,713,0,0,1,0,0
3321,4.1122,0.7098,286,713,0,0,1,0,0
3322,4.1524,0.4029,286,713,0,0,1,0,0
3323,4.1625,0.4042,286,713,0,0,1,0,0
3324,4.2617,0.6353,279,713,0,0,1,0,0
3325,4.2092,0.5261,279,713,0,0,1,0,0
3326,4.0786,0.4243,277,713,0,0,1,0,0
3327,4.1931,0.5204,277,713,0,0,1,0,0
3328,4.1522,0.6979,276,713,0,0,1,0,0
3329,4.4709,0.4281,276,713,0,0,1,0,0
3330,3.8994,0.4231,276,713,0,0,1,0,0
3331,4.166,0.5325,276,713,0,0,1,0,0
3332,4.0614,0.7613,276,713,0,0,1,0,0
3333,4.2507,0.6343,276,713,0,0,1,0,0
3334,4.3172,0.3451,276,713,0,0,1,0,0
3335,4.1116,1.4945,276,713,0,0,1,0,0
3336,6.5464,0.8164,276,713,0,0,1,0,0
3337,11.613,3.0013,275,713,0,0,1,0,0
3338,3.0609,0.7705,275,713,0,0,1,0,0
3339,4.0889,0.4851,275,713,0,0,1,0,0
3340,4.3795,0.5133,274,713,0,0,1,0,0
3341,3.7081,0.483,274,713,0,0,1,0,0
3342,4.2621,0.5508,273,713,0,0,1,0,0
3343,4.0453,0.5786,272,713,0,0,1,0,0
3344,4.5418,0.4707,272,713,0,0,1,0,0
3345,3.9561,0.4224,272,713,0,0,1,0,0
3346,4.4416,0.5768,271,713,0,0,1,0,0
3347,3.7648,0.4889,271,713,0,0,1,0,0
3348,4.4486,0.5837,270,713,0,0,1,0,0
3349,3.8166,0.5111,269,713,0,0,1,0,0
3350,4.1338,0.6447,268,713,0,0,1,0,0
3351,9.1377,0.478,266,713,0,0,1,0,0
3352,4.3338,0.4099,266,713,0,0,1,0,0
3353,3.2584,0.4365,266,713,0,0,1,0,0
3354,4.2468,0.6366,264,713,0,0,1,0,0
3355,8.2461,0.4994,264,713,0,0,1,0,0
3356,4.5683,0.6033,264,713,0,0,1,0,0
3357,3.7987,0.7252,262,713,0,0,1,0,0
3358,4.4279,0.5622,262,713,0,0,1,0,0
3359,3.8431,0.3906,261,713,0,0,1,0,0
3360,4.1701,0.6395,260,713,0,0,1,0,0
3361,4.1513,0.5594,259,713,0,0,1,0,0
3362,4.4718,0.3084,258,713,0,0,1,0,0
3363,3.8225,0.5349,257,713,0,0,1,0,0
3364,4.2699,0.6739,255,713,0,0,1,0,0
3365,4.1574,0.4106,255,713,0,0,1,0,0
3366,4.5374,0.595,255,713,0,0,1,0,0
3367,3.7427,0.4816,255,713,0,0,1,0,0
3368,4.2031,0.5696,254,713,0,0,1,0,0
3369,4.535,0.4806,254,713,0,0,1,0,0
3370,4.1537,0.4839,254,713,0,0,1,0,0
3371,3.6966,0.4296,253,713,0,0,1,0,0
3372,4.211,0.6148,253,713,0,0,1,0,0
3373,4.2619,0.437,253,713,0,0,1,0,0
3374,4.4293,0.6047,253,713,0,0,1,0,0
3375,4.2255,0.7118,253,713,0,0,1,0,0
3376,3.8373,0.4978,253,713,0,0,1,0,0
3377,4.096,0.398,252,713,0,0,1,0,0
3378,8.5915,0.3194,252,713,0,0,1,0,0
3379,3.9291,0.5922,251,713,0,0,1,0,0
3380,4.2485,0.6004,251,713,0,0,1,0,0
3381,4.416,0.4412,251,713,0,0,1,0,0
3382,3.7748,0.4712,251,713,0,0,1,0,0
3383,4.424,0.3368,251,713,0,0,1,0,0
3384,4.0639,0.423,251,713,0,0,1,0,0
3385,4.4445,0.4871,250,713,0,0,1,0,0
3386,3.7594,0.4935,250,713,0,0,1,0,0
3387,4.158,0.3524,250,713,0,0,1,0,0
3388,4.188,0.421,250,713,0,0,1,0,0
3389,4.6268,0.5559,250,713,0,0,1,0,0
3390,3.7094,0.4236,249,713,0,0,1,0,0
3391,4.1506,0.4798,248,713,0,0,1,0,0
3392,4.2315,0.4962,281,713,0,0,1,0,0
3393,4.4608,0.5645,281,713,0,0,1,0,0
3394,3.7367,0.7175,281,713,0,0,1,0,0
3395,4.2577,0.6179,280,713,0,0,1,0,0
3396,8.6989,0.4572,280,713,0,0,1,0,0
3397,3.7688,0.5067,280,713,0,0,1,0,0
3398,4.5739,0.5677,280,713,0,0,1,0,0
3399,3.7513,0.4922,280,713,0,0,1,0,0
3400,4.488,0.4263,280,713,0,0,1,0,0
3401,3.893,0.4687,277,713,0,0,1,0,0
3402,4.3166,0.6973,269,713,0,0,1,0,0
3403,4.0598,0.5535,269,713,0,0,1,0,0
3404,4.4467,0.4586,269,713,0,0,1,0,0
3405,3.949,0.6105,269,713,0,0,1,0,0
3406,4.078,0.6556,269,713,0,0,1,0,0
3407,4.239,0.565,269,713,0,0,1,0,0
3408,4.5552,0.507,268,713,0,0,1,0,0
3409,3.6505,0.6629,268,713,0,0,1,0,0
3410,4.263,0.5965,267,713,0,0,1,0,0
3411,4.1618,0.5812,267,713,0,0,1,0,0
3412,4.5278,0.4955,266,713,0,0,1,0,0
3413,3.7417,0.5917,266,713,0,0,1,0,0
3414,4.2807,0.5257,266,713,0,0,1,0,0
3415,4.0946,0.5696,266,713,0,0,1,0,0
3416,4.437,0.6605,266,713,0,0,1,0,0
3417,4.213,0.6175,266,713,0,0,1,0,0
3418,3.8218,0.6758,265,713,0,0,1,0,0
3419,3.9468,0.3546,265,713,0,0,1,0,0
3420,4.4553,0.4346,264,713,0,0,1,0,0
3421,3.8542,0.6247,264,713,0,0,1,0,0
3422,4.2876,0.3473,264,713,0,0,1,0,0
3423,4.004,0.7167,2,713,0,0,0,0,0
3424,4.1744,0.4356,2,713,0,0,0,0,0
3425,4.1853,0.2627,2,713,0,0,0,0,0
3426,4.5596,0.4316,2,713,0,0,0,0,0
3427,4.1438,0.4099,2,713,0,0,0,0,0
3428,3.7749,0.4312,2,713,0,0,0,0,0
3429,4.1329,0.3632,2,713,0,0,0,0,0
3430,4.1724,0.2085,2,713,0,0,0,0,0
3431,4.2314,0.2958,2,713,0,0,0,0,0
3432,4.1963,0.2962,2,713,0,0,0,0,0
3433,4.1609,0.2917,2,713,0,0,0,0,0
3434,4.1505,0.3808,2,713,0,0,0,0,0
3435,4.1175,0.427,2,713,0,0,0,0,0
3436,4.5584,0.3179,2,713,0,0,0,0,0
3437,3.8081,0.2364,2,713,0,0,0,0,0
3438,4.1349,0.2378,2,713,0,0,0,0,0
3439,4.1618,0.2209,2,713,0,0,0,0,0
3440,4.243,0.2703,2,713,0,0,0,0,0
3441,4.1551,0.2384,2,713,0,0,0,0,0
3442,4.1059,0.2357,2,713,0,0,0,0,0
3443,4.1025,0.1951,2,713,0,0,0,0,0
3444,4.243,0.2766,2,713,0,0,0,0,0
3445,4.2257,0.2975,2,713,0,0,0,0,0
3446,4.1495,0.2792,2,713,0,0,0,0,0
3447,4.1024,0.3731,2,713,0,0,0,0,0
3448,4.1528,0.1983,2,713,0,0,0,0,0
3449,4.2392,0.2936,2,713,0,0,0,0,0
3450,4.3818,0.3455,2,713,0,0,0,0,0
3451,3.9628,0.2913,2,713,0,0,0,0,0
3452,4.261,0.2575,2,713,0,0,0,0,0
3453,4.0966,0.2449,2,713,0,0,0,0,0
3454,4.1087,0.2379,2,713,0,0,0,0,0
3455,4.315,0.3138,2,713,0,0,0,0,0
3456,4.04,0.268,2,713,0,0,0,0,0
3457,4.1009,0.2355,2,713,0,0,0,0,0
3458,4.253,0.2688,2,713,0,0,0,0,0
3459,4.0903,0.282,2,713,0,0,0,0,0
3460,4.2012,0.3257,2,713,0,0,0,0,0
3461,4.2186,0.23,2,713,0,0,0,0,0
3462,4.0671,0.2535,2,713,0,0,0,0,0
3463,4.2103,0.221,2,713,0,0,0,0,0
3464,4.2848,0.2906,2,713,0,0,0,0,0
3465,4.3308,0.2463,2,713,0,0,0,0,0
3466,3.9245,0.2519,2,713,0,0,0,0,0
3467,4.067,0.2008,2,713,0,0,0,0,0
3468,4.2227,0.2612,2,713,0,0,0,0,0
3469,4.1801,0.4237,2,713,0,0,0,0,0
3470,4.0952,0.36,2,713,0,0,0,0,0
3471,4.1591,0.2304,2,713,0,0,0,0,0
3472,4.2175,0.2289,2,713,0,0,0,0,0
3473,4.3652,0.2507,2,713,0,0,0,0,0
3474,3.9639,0.3747,2,713,0,0,0,0,0
3475,4.2791,0.4389,2,713,0,0,0,0,0
3476,4.1274,0.4153,2,713,0,0,0,0,0
3477,4.1252,0.2738,2,713,0,0,0,0,0
3478,4.1657,0.2315,2,713,0,0,0,0,0
3479,4.4408,0.3547,2,713,0,0,0,0,0
3480,4.0679,0.441,2,713,0,0,0,0,0
3481,3.983,0.2334,2,713,0,0,0,0,0
3482,4.6374,0.2241,2,713,0,0,0,0,0
3483,3.734,0.2311,2,713,0,0,0,0,0
3484,4.2358,0.4188,2,713,0,0,0,0,0
3485,4.1421,0.3095,2,713,0,0,0,0,0
3486,4.1915,0.3055,2,713,0,0,0,0,0
3487,4.1946,0.2557,2,713,0,0,0,0,0
3488,4.0294,0.2519,2,713,0,0,0,0,0
3489,4.1933,0.3643,2,713,0,0,0,0,0
3490,4.1216,0.3873,2,713,0,0,0,0,0
3491,4.4222,0.2502,2,713,0,0,0,0,0
3492,3.9676,0.2292,2,713,0,0,0,0,0
3493,4.2557,0.4116,2,713,0,0,0,0,0
3494,4.0585,0.2218,2,713,0,0,0,0,0
3495,4.1213,0.1896,2,713,0,0,0,0,0
3496,4.1479,0.2652,2,713,0,0,0,0,0
3497,4.2762,0.3753,2,713,0,0,0,0,0
3498,4.1263,0.4118,2,713,0,0,0,0,0
3499,4.1912,0.3417,2,713,0,0,0,0,0
3500,4.1793,0.449,2,713,0,0,0,0,0
3501,4.1551,0.2571,2,713,0,0,0,0,0
3502,4.1085,0.2472,2,713,0,0,0,0,0
3503,4.1121,0.3449,2,713,0,0,0,0,0
3504,4.2392,0.2535,2,713,0,0,0,0,0
3505,4.2567,0.2638,2,713,0,0,0,0,0
3506,4.131,0.2847,2,713,0,0,0,0,0
3507,4.0825,0.2024,2,713,0,0,0,0,0
3508,4.257,0.2833,2,713,0,0,0,0,0
3509,4.1331,0.4332,2,713,0,0,0,0,0
3510,4.1387,0.4228,2,713,0,0,0,0,0
3511,4.2695,0.3047,2,713,0,0,0,0,0
3512,4.118,0.3333,2,713,0,0,0,0,0
3513,4.1764,0.2556,2,713,0,0,0,0,0
3514,4.1119,0.2474,2,713,0,0,0,0,0
3515,4.0713,0.1921,2,713,0,0,0,0,0
3516,4.3738,0.2278,2,713,0,0,0,0,0
3517,4.149,0.4115,2,713,0,0,0,0,0
3518,4.1029,0.3524,2,713,0,0,0,0,0
3519,4.1297,0.2445,2,713,0,0,0,0,0
3520,4.1388,0.2499,2,713,0,0,0,0,0
3521,4.1991,0.2235,2,713,0,0,0,0,0
3522,4.1686,0.233,2,713,0,0,0,0,0
3523,4.1511,0.3847,2,713,0,0,0,0,0
3524,4.199,0.4587,2,713,0,0,0,0,0
3525,4.0698,0.4065,2,713,0,0,0,0,0
3526,4.2823,0.2511,2,713,0,0,0,0,0
3527,4.5291,0.2461,2,713,0,0,0,0,0
3528,3.8387,0.2518,2,713,0,0,0,0,0
3529,4.1593,0.2248,2,713,0,0,0,0,0
3530,4.237,0.4523,2,713,0,0,0,0,0
3531,4.0222,0.2587,2,713,0,0,0,0,0
3532,4.7901,0.3923,49,713,0,0,1,0,0
3533,3.5875,0.2847,49,713,0,0,1,0,0
3534,4.1591,0.2808,49,713,0,0,1,0,0
3535,4.1164,0.4535,49,713,0,0,1,0,0
3536,4.2064,0.3062,49,713,0,0,1,0,0
3537,4.1938,0.3342,49,713,0,0,1,0,0
3538,4.1114,0.2778,49,713,0,0,1,0,0
3539,4.1359,0.2864,49,713,0,0,1,0,0
3540,4.2226,0.3819,49,713,0,0,1,0,0
3541,4.2665,0.4783,49,713,0,0,1,0,0
3542,4.053,0.5191,49,713,0,0,1,0,0
3543,4.1654,0.2917,49,713,0,0,1,0,0
3544,4.1617,0.3101,49,713,0,0,1,0,0
3545,4.2062,0.2919,49,713,0,0,1,0,0
3546,4.2172,0.3291,49,713,0,0,1,0,0
3547,4.1155,0.304,49,713,0,0,1,0,0
3548,4.1763,0.5331,49,713,0,0,1,0,0
3549,4.2636,0.3805,49,713,0,0,1,0,0
3550,4.0213,0.2775,49,713,0,0,1,0,0
3551,4.2098,0.2862,49,713,0,0,1,0,0
3552,4.1956,0.3326,49,713,0,0,1,0,0
3553,4.1722,0.3161,49,713,0,0,1,0,0
3554,4.389,0.471,49,713,0,0,1,0,0
3555,3.8472,0.2538,49,713,0,0,1,0,0
3556,4.2122,0.4543,49,713,0,0,1,0,0
3557,4.2559,0.4122,49,713,0,0,1,0,0
3558,4.0795,0.4231,49,713,0,0,1,0,0
3559,4.1851,0.2892,49,713,0,0,1,0,0
3560,4.2874,0.2695,49,713,0,0,1,0,0
3561,4.2333,0.2934,49,713,0,0,1,0,0
3562,4.1952,0.3851,49,713,0,0,1,0,0
3563,3.8894,0.2681,49,713,0,0,1,0,0
3564,4.2578,0.3315,49,713,0,0,1,0,0
3565,4.0777,0.2767,49,713,0,0,1,0,0
3566,4.197,0.4262,49,713,0,0,1,0,0
3567,4.1681,0.4279,49,713,0,0,1,0,0
3568,4.2712,0.2602,49,713,0,0,1,0,0
3569,4.0997,0.2821,49,713,0,0,1,0,0
3570,4.1637,0.5708,49,713,0,0,1,0,0
3571,4.1632,0.2507,49,713,0,0,1,0,0
3572,4.2059,0.3602,49,713,0,0,1,0,0
3573,4.157,0.4627,49,713,0,0,1,0,0
3574,4.1245,0.2745,49,713,0,0,1,0,0
3575,4.4438,0.4616,49,713,0,0,1,0,0
3576,3.9007,0.2292,49,713,0,0,1,0,0
3577,4.2512,0.3809,49,713,0,0,1,0,0
3578,4.0714,0.2771,49,713,0,0,1,0,0
3579,4.1163,0.3925,49,713,0,0,1,0,0
3580,4.1828,0.284,49,713,0,0,1,0,0
3581,4.2764,0.2764,49,713,0,0,1,0,0
3582,4.0973,0.297,49,713,0,0,1,0,0
3583,4.1636,0.2788,49,713,0,0,1,0,0
3584,4.1518,0.2817,49,713,0,0,1,0,0
3585,4.1952,0.32,49,713,0,0,1,0,0
3586,4.1116,0.2588,49,713,0,0,1,0,0
3587,4.1474,0.2514,49,713,0,0,1,0,0
3588,4.2812,0.3224,49,713,0,0,1,0,0
3589,4.1603,0.3307,49,713,0,0,1,0,0
3590,4.1495,0.2772,49,713,0,0,1,0,0
3591,4.1225,0.4083,49,713,0,0,1,0,0
3592,4.1499,0.4852,49,713,0,0,1,0,0
3593,4.2361,0.3358,49,713,0,0,1,0,0
3594,4.1806,0.3247,49,713,0,0,1,0,0
3595,4.0837,0.293,49,713,0,0,1,0,0
3596,4.3141,0.3623,49,713,0,0,1,0,0
3597,4.1264,0.3091,49,713,0,0,1,0,0
3598,4.1014,0.2479,49,713,0,0,1,0,0
3599,4.2514,0.3948,49,713,0,0,1,0,0
3600,4.1055,0.323,49,713,0,0,1,0,0
3601,4.104,0.2585,49,713,0,0,1,0,0
3602,4.2766,0.3458,49,713,0,0,1,0,0
3603,4.0681,0.2915,49,713,0,0,1,0,0
3604,4.2451,0.4299,49,713,0,0,1,0,0
3605,4.1163,0.3603,49,713,0,0,1,0,0
3606,4.1505,0.2811,49,713,0,0,1,0,0
3607,4.1878,0.2824,49,713,0,0,1,0,0
3608,4.2127,0.4144,83,713,0,0,1,0,0
3609,4.1419,0.3367,83,713,0,0,1,0,0
3610,4.1823,0.3048,83,713,0,0,1,0,0
3611,4.0935,0.324,83,713,0,0,1,0,0
3612,4.3233,0.4817,83,713,0,0,1,0,0
3613,4.0553,0.3464,83,713,0,0,1,0,0
3614,4.1886,0.3578,83,713,0,0,1,0,0
3615,4.0838,0.2965,83,713,0,0,1,0,0
3616,4.1053,0.2961,83,713,0,0,1,0,0
3617,4.4167,0.3198,83,713,0,0,1,0,0
3618,4.273,0.467,83,713,0,0,1,0,0
3619,3.8946,0.3596,83,713,0,0,1,0,0
3620,4.212,0.2823,83,713,0,0,1,0,0
3621,4.1756,0.3565,83,713,0,0,1,0,0
3622,4.1091,0.2808,83,713,0,0,1,0,0
3623,4.203,0.4156,83,713,0,0,1,0,0
3624,4.1849,0.3067,83,713,0,0,1,0,0
3625,4.2221,0.5365,83,713,0,0,1,0,0
3626,4.072,0.3236,83,713,0,0,1,0,0
3627,4.1336,0.2107,83,713,0,0,1,0,0
3628,4.2072,0.3153,83,713,0,0,1,0,0
3629,4.1595,0.3935,83,713,0,0,1,0,0
3630,4.2734,0.5032,83,713,0,0,1,0,0
3631,4.0973,0.3778,83,713,0,0,1,0,0
3632,4.0994,0.3142,83,713,0,0,1,0,0
3633,4.2908,0.3263,83,713,0,0,1,0,0
3634,4.0605,0.2796,83,713,0,0,1,0,0
3635,4.1199,0.2807,83,713,0,0,1,0,0
3636,4.2912,0.3009,83,713,0,0,1,0,0
3637,4.1733,0.4011,83,713,0,0,1,0,0
3638,4.1604,0.3588,83,713,0,0,1,0,0
3639,4.0925,0.2972,83,713,0,0,1,0,0
3640,4.2048,0.3966,83,713,0,0,1,0,0
3641,4.205,0.3323,82,713,0,0,1,0,0
3642,4.0968,0.2986,82,713,0,0,1,0,0
3643,4.2441,0.316,82,713,0,0,1,0,0
3644,4.0676,0.295,82,713,0,0,1,0,0
3645,4.2673,0.3018,82,713,0,0,1,0,0
3646,4.0612,0.2539,82,713,0,0,1,0,0
3647,4.1852,0.3135,82,713,0,0,1,0,0
3648,4.2129,0.3558,82,713,0,0,1,0,0
3649,4.1697,0.4984,82,713,0,0,1,0,0
3650,4.2169,0.4434,82,713,0,0,1,0,0
3651,4.0718,0.3059,82,713,0,0,1,0,0
3652,4.2015,0.3055,81,713,0,0,1,0,0
3653,4.1389,0.3057,81,713,0,0,1,0,0
3654,4.2376,0.3379,81,713,0,0,1,0,0
3655,4.1685,0.3024,81,713,0,0,1,0,0
3656,4.2792,0.5228,81,713,0,0,1,0,0
3657,4.012,0.3097,81,713,0,0,1,0,0
3658,4.1233,0.2838,81,713,0,0,1,0,0
3659,4.1272,0.2761,81,713,0,0,1,0,0
3660,4.2819,0.3285,81,713,0,0,1,0,0
3661,4.1717,0.4921,81,713,0,0,1,0,0
3662,4.2196,0.4105,81,713,0,0,1,0,0
3663,4.0373,0.315,81,713,0,0,1,0,0
3664,4.213,0.3125,81,713,0,0,1,0,0
3665,4.1467,0.3462,80,713,0,0,1,0,0
3666,4.1581,0.3784,80,713,0,0,1,0,0
3667,4.1779,0.3018,80,713,0,0,1,0,0
3668,4.1451,0.3315,80,713,0,0,1,0,0
3669,4.1662,0.2397,80,713,0,0,1,0,0
3670,4.1873,0.2993,80,713,0,0,1,0,0
3671,4.1825,0.4565,80,713,0,0,1,0,0
3672,4.1992,0.3468,80,713,0,0,1,0,0
3673,4.0779,0.3778,80,713,0,0,1,0,0
3674,4.1326,0.3713,80,713,0,0,1,0,0
3675,4.1996,0.2839,80,713,0,0,1,0,0
3676,4.2525,0.503,80,713,0,0,1,0,0
3677,4.0917,0.2563,80,713,0,0,1,0,0
3678,4.4831,0.4415,80,713,0,0,1,0,0
3679,3.8804,0.3288,80,713,0,0,1,0,0
3680,4.2263,0.5545,80,713,0,0,1,0,0
3681,4.1461,0.4398,80,713,0,0,1,0,0
3682,4.1187,0.3028,80,713,0,0,1,0,0
3683,4.1409,0.2996,80,713,0,0,1,0,0
3684,4.1932,0.3087,80,713,0,0,1,0,0
3685,4.2344,0.4253,126,713,0,0,1,0,0
3686,4.1606,0.3279,126,713,0,0,1,0,0
3687,4.1494,0.5458,126,713,0,0,1,0,0
3688,4.1474,0.3384,126,713,0,0,1,0,0
3689,4.1444,0.2955,126,713,0,0,1,0,0
3690,4.2047,0.5127,126,713,0,0,1,0,0
3691,4.1809,0.3764,126,713,0,0,1,0,0
3692,4.1036,0.3417,126,713,0,0,1,0,0
3693,4.5585,0.4673,126,713,0,0,1,0,0
3694,3.7729,0.3535,126,713,0,0,1,0,0
3695,4.2246,0.3874,126,713,0,0,1,0,0
3696,4.1498,0.3561,126,713,0,0,1,0,0
3697,4.5319,0.3396,126,713,0,0,1,0,0
3698,3.7952,0.358,126,713,0,0,1,0,0
3699,4.1916,0.5475,126,713,0,0,1,0,0
3700,4.2321,0.469,126,713,0,0,1,0,0
3701,4.0552,0.3629,126,713,0,0,1,0,0
3702,4.2234,0.6807,126,713,0,0,1,0,0
3703,4.1436,0.406,126,713,0,0,1,0,0
3704,4.1824,0.5694,126,713,0,0,1,0,0
3705,4.1313,0.4321,126,713,0,0,1,0,0
3706,4.3156,0.344,126,713,0,0,1,0,0
3707,4.1759,0.4057,126,713,0,0,1,0,0
3708,3.995,0.3874,126,713,0,0,1,0,0
3709,4.2119,0.3201,126,713,0,0,1,0,0
3710,4.1792,0.5494,126,713,0,0,1,0,0
3711,4.1047,0.3718,126,713,0,0,1,0,0
3712,4.2077,0.4643,126,713,0,0,1,0,0
3713,4.1693,0.3585,126,713,0,0,1,0,0
3714,4.1934,0.5903,126,713,0,0,1,0,0
3715,4.1157,0.3603,126,713,0,0,1,0,0
3716,4.1221,0.3194,126,713,0,0,1,0,0
3717,4.2372,0.4265,126,713,0,0,1,0,0
3718,4.1325,0.3379,126,713,0,0,1,0,0
3719,4.2833,0.4652,126,713,0,0,1,0,0
3720,4.1077,0.3335,126,713,0,0,1,0,0
3721,4.1723,0.4991,124,713,0,0,1,0,0
3722,4.1527,0.3908,124,713,0,0,1,0,0
3723,4.0853,0.2803,124,713,0,0,1,0,0
3724,4.2079,0.4331,124,713,0,0,1,0,0
3725,4.1745,0.3485,124,713,0,0,1,0,0
3726,4.1721,0.3698,124,713,0,0,1,0,0
3727,4.1445,0.3591,124,713,0,0,1,0,0
3728,4.2177,0.3262,124,713,0,0,1,0,0
3729,4.1476,0.3694,124,713,0,0,1,0,0
3730,4.1308,0.3354,124,713,0,0,1,0,0
3731,4.1464,0.2988,124,713,0,0,1,0,0
3732,4.2728,0.3956,124,713,0,0,1,0,0
3733,4.1246,0.3656,124,713,0,0,1,0,0
3734,4.1399,0.315,124,713,0,0,1,0,0
3735,4.1278,0.3221,124,713,0,0,1,0,0
3736,4.1877,0.4961,124,713,0,0,1,0,0
3737,4.2303,0.4356,124,713,0,0,1,0,0
3738,4.2523,0.531,124,713,0,0,1,0,0
3739,4.0676,0.301,124,713,0,0,1,0,0
3740,4.2045,0.3992,124,713,0,0,1,0,0
3741,4.1211,0.5072,124,713,0,0,1,0,0
3742,4.1349,0.3023,124,713,0,0,1,0,0
3743,4.1601,0.4712,124,713,0,0,1,0,0
3744,4.4258,0.4616,124,713,0,0,1,0,0
3745,3.9367,0.3617,124,713,0,0,1,0,0
3746,4.2279,0.3766,124,713,0,0,1,0,0
3747,4.0576,0.3434,122,713,0,0,1,0,0
3748,4.2333,0.3671,122,713,0,0,1,0,0
3749,4.1302,0.3626,122,713,0,0,1,0,0
3750,4.2639,0.4597,122,713,0,0,1,0,0
3751,4.1563,0.3439,122,713,0,0,1,0,0
3752,4.1174,0.3476,122,713,0,0,1,0,0
3753,4.1426,0.3011,122,713,0,0,1,0,0
3754,4.1973,0.3366,122,713,0,0,1,0,0
3755,4.0943,0.4997,122,713,0,0,1,0,0
3756,4.2332,0.3047,122,713,0,0,1,0,0
3757,4.2793,0.4689,122,713,0,0,1,0,0
3758,4.0647,0.6708,122,713,0,0,1,0,0
3759,4.1129,0.3401,122,713,0,0,1,0,0
3760,4.1387,0.35,122,713,0,0,1,0,0
3761,4.2133,0.334,122,713,0,0,1,0,0
3762,4.1888,0.3756,156,713,0,0,1,0,0
3763,4.1276,0.3786,156,713,0,0,1,0,0
3764,4.1793,0.6386,156,713,0,0,1,0,0
3765,4.4626,0.5381,156,713,0,0,1,0,0
3766,3.8649,0.3059,156,713,0,0,1,0,0
3767,4.2176,0.4434,156,713,0,0,1,0,0
3768,4.169,0.3049,156,713,0,0,1,0,0
3769,4.1591,0.3602,156,713,0,0,1,0,0
3770,4.1802,0.4612,156,713,0,0,1,0,0
3771,4.1142,0.3652,156,713,0,0,1,0,0
3772,4.1682,0.3778,156,713,0,0,1,0,0
3773,4.2046,0.4372,156,713,0,0,1,0,0
3774,4.0919,0.6102,156,713,0,0,1,0,0
3775,4.1906,0.2767,156,713,0,0,1,0,0
3776,4.1688,0.668,156,713,0,0,1,0,0
3777,4.2067,0.3342,156,713,0,0,1,0,0
3778,4.1238,0.3835,156,713,0,0,1,0,0
3779,4.2129,0.4209,156,713,0,0,1,0,0
3780,4.1074,0.3586,156,713,0,0,1,0,0
3781,4.3724,0.4766,156,713,0,0,1,0,0
3782,4.0652,0.4679,156,713,0,0,1,0,0
3783,4.0865,0.3593,156,713,0,0,1,0,0
3784,4.2535,0.36,156,713,0,0,1,0,0
3785,4.0853,0.3726,156,713,0,0,1,0,0
3786,4.1839,0.3084,156,713,0,0,1,0,0
3787,4.0874,0.3599,156,713,0,0,1,0,0
3788,4.2189,0.3578,156,713,0,0,1,0,0
3789,4.1844,0.3782,156,713,0,0,1,0,0
3790,4.1331,0.4585,156,713,0,0,1,0,0
3791,4.1413,0.3214,156,713,0,0,1,0,0
3792,4.2973,0.3831,156,713,0,0,1,0,0
3793,4.0651,0.2894,156,713,0,0,1,0,0
3794,4.2107,0.4862,155,713,0,0,1,0,0
3795,4.1258,0.3506,155,713,0,0,1,0,0
3796,4.2303,0.4157,155,713,0,0,1,0,0
3797,4.1224,0.3661,154,713,0,0,1,0,0
3798,4.1824,0.5342,154,713,0,0,1,0,0
3799,4.208,0.6245,154,713,0,0,1,0,0
3800,4.2054,0.3083,154,713,0,0,1,0,0
3801,4.2324,0.5076,154,713,0,0,1,0,0
3802,3.9977,0.2656,154,713,0,0,1,0,0
3803,4.151,0.3604,153,713,0,0,1,0,0
3804,4.2128,0.403,153,713,0,0,1,0,0
3805,4.1932,0.4729,153,713,0,0,1,0,0
3806,4.1391,0.544,153,713,0,0,1,0,0
3807,4.1383,0.3059,152,713,0,0,1,0,0
3808,4.1536,0.356,152,713,0,0,1,0,0
3809,4.1947,0.3192,151,713,0,0,1,0,0
3810,4.1998,0.5036,151,713,0,0,1,0,0
3811,4.1351,0.3728,151,713,0,0,1,0,0
3812,4.1491,0.3337,151,713,0,0,1,0,0
3813,4.4033,0.4849,151,713,0,0,1,0,0
3814,3.9467,0.2992,151,713,0,0,1,0,0
3815,4.1526,0.3695,151,713,0,0,1,0,0
3816,4.2377,0.3503,151,713,0,0,1,0,0
3817,4.2034,0.5646,151,713,0,0,1,0,0
3818,4.057,0.5682,151,713,0,0,1,0,0
3819,4.1784,0.3322,151,713,0,0,1,0,0
3820,4.5448,0.4039,151,713,0,0,1,0,0
3821,3.786,0.5182,148,713,0,0,1,0,0
3822,4.1538,0.4618,148,713,0,0,1,0,0
3823,4.1798,0.355,148,713,0,0,1,0,0
3824,4.2508,0.5726,148,713,0,0,1,0,0
3825,4.1668,0.7301,148,713,0,0,1,0,0
3826,4.0861,0.3252,148,713,0,0,1,0,0
3827,4.1139,0.3338,148,713,0,0,1,0,0
3828,4.2854,0.3263,148,713,0,0,1,0,0
3829,4.0854,0.3546,148,713,0,0,1,0,0
3830,4.221,0.4968,148,713,0,0,1,0,0
3831,4.1335,0.3572,148,713,0,0,1,0,0
3832,4.2797,0.495,148,713,0,0,1,0,0
3833,4.0246,0.316,148,713,0,0,1,0,0
3834,4.225,0.4324,148,713,0,0,1,0,0
3835,4.1363,0.3147,148,713,0,0,1,0,0
3836,4.163,0.4038,148,713,0,0,1,0,0
3837,4.2375,0.5427,148,713,0,0,1,0,0
3838,4.0647,0.3385,148,713,0,0,1,0,0
3839,4.3535,0.6676,194,713,0,0,1,0,0
3840,4.1101,0.4554,194,713,0,0,1,0,0
3841,4.1033,0.4515,194,713,0,0,1,0,0
3842,4.1455,0.4939,193,713,0,0,1,0,0
3843,4.1274,0.4546,193,713,0,0,1,0,0
3844,4.2285,0.6459,193,713,0,0,1,0,0
3845,4.1851,0.3158,193,713,0,0,1,0,0
3846,4.1373,0.4129,193,713,0,0,1,0,0
3847,4.1084,0.3393,193,713,0,0,1,0,0
3848,4.2777,0.4579,193,713,0,0,1,0,0
3849,4.1419,0.329,193,713,0,0,1,0,0
3850,4.1196,0.5047,193,713,0,0,1,0,0
3851,4.125,0.5033,193,713,0,0,1,0,0
3852,4.2602,0.4521,193,713,0,0,1,0,0
3853,4.1683,0.3879,193,713,0,0,1,0,0
3854,4.1257,0.4356,193,713,0,0,1,0,0
3855,4.1324,0.3714,193,713,0,0,1,0,0
3856,4.2126,0.6118,193,713,0,0,1,0,0
3857,4.2611,0.3975,193,713,0,0,1,0,0
3858,4.1545,0.4767,193,713,0,0,1,0,0
3859,4.1139,0.4267,193,713,0,0,1,0,0
3860,4.1235,0.3898,192,713,0,0,1,0,0
3861,4.131,0.4141,191,713,0,0,1,0,0
3862,4.1835,0.2968,191,713,0,0,1,0,0
3863,4.2756,0.6462,191,713,0,0,1,0,0
3864,4.2554,0.5402,191,713,0,0,1,0,0
3865,3.9893,0.3817,191,713,0,0,1,0,0
3866,4.2059,0.364,191,713,0,0,1,0,0
3867,4.1137,0.3839,191,713,0,0,1,0,0
3868,4.1855,0.364,191,713,0,0,1,0,0
3869,4.2111,0.3854,191,713,0,0,1,0,0
3870,4.2689,0.6749,191,713,0,0,1,0,0
3871,4.0551,0.4399,190,713,0,0,1,0,0
3872,4.2495,0.4966,190,713,0,0,1,0,0
3873,4.0844,0.4188,190,713,0,0,1,0,0
3874,4.1147,0.4823,190,713,0,0,1,0,0
3875,4.145,0.5401,190,713,0,0,1,0,0
3876,4.3029,0.5497,190,713,0,0,1,0,0
3877,4.15,0.6311,188,713,0,0,1,0,0
3878,4.1204,0.5053,188,713,0,0,1,0,0
3879,4.1245,0.39,188,713,0,0,1,0,0
3880,4.1869,0.3967,188,713,0,0,1,0,0
3881,4.1876,0.5387,188,713,0,0,1,0,0
3882,4.233,0.5919,188,713,0,0,1,0,0
3883,4.066,0.4065,188,713,0,0,1,0,0
3884,4.203,0.6289,188,713,0,0,1,0,0
3885,4.1768,0.3431,188,713,0,0,1,0,0
3886,4.0851,0.4676,188,713,0,0,1,0,0
3887,4.2439,0.4235,188,713,0,0,1,0,0
3888,4.2229,0.6058,188,713,0,0,1,0,0
3889,4.3726,0.4841,188,713,0,0,1,0,0
3890,3.8876,0.5086,187,713,0,0,1,0,0
3891,4.1269,0.2982,187,713,0,0,1,0,0
3892,4.1409,0.3838,187,713,0,0,1,0,0
3893,4.2702,0.3415,187,713,0,0,1,0,0
3894,4.1129,0.5594,187,713,0,0,1,0,0
3895,4.2537,0.5374,187,713,0,0,1,0,0
3896,4.4001,0.6873,187,713,0,0,1,0,0
3897,3.8865,0.3837,186,713,0,0,1,0,0
3898,4.162,0.4144,186,713,0,0,1,0,0
3899,4.0979,0.4363,186,713,0,0,1,0,0
3900,4.2329,0.3822,186,713,0,0,1,0,0
3901,4.1647,0.3212,185,713,0,0,1,0,0
3902,4.1704,0.5107,185,713,0,0,1,0,0
3903,4.1205,0.5241,185,713,0,0,1,0,0
3904,4.1142,0.3764,185,713,0,0,1,0,0
3905,4.2638,0.4169,185,713,0,0,1,0,0
3906,4.1721,0.5365,185,713,0,0,1,0,0
3907,4.1679,0.3414,185,713,0,0,1,0,0
3908,4.1084,0.5459,184,713,0,0,1,0,0
3909,4.2342,0.3881,183,713,0,0,1,0,0
3910,4.077,0.4593,183,713,0,0,1,0,0
3911,4.1642,0.3659,183,713,0,0,1,0,0
3912,4.2936,0.3945,182,713,0,0,1,0,0
3913,4.0963,0.3115,182,713,0,0,1,0,0
3914,4.2675,0.5963,181,713,0,0,1,0,0
3915,4.0386,0.4103,215,713,0,0,1,0,0
3916,4.5374,0.6297,215,713,0,0,1,0,0
3917,3.8457,0.5116,215,713,0,0,1,0,0
3918,4.1943,0.5032,215,713,0,0,1,0,0
3919,4.1447,0.4018,215,713,0,0,1,0,0
3920,4.2763,0.5211,215,713,0,0,1,0,0
3921,4.0369,0.447,215,713,0,0,1,0,0
3922,4.1302,0.3816,215,713,0,0,1,0,0
3923,4.0778,0.3185,215,713,0,0,1,0,0
3924,4.3217,0.4302,215,713,0,0,1,0,0
3925,4.1639,0.5217,215,713,0,0,1,0,0
3926,4.1531,0.605,215,713,0,0,1,0,0
3927,4.1284,0.356,215,713,0,0,1,0,0
3928,4.276,0.4519,215,713,0,0,1,0,0
3929,4.0969,0.5636,215,713,0,0,1,0,0
3930,4.1767,0.3788,215,713,0,0,1,0,0
3931,4.1381,0.4183,215,713,0,0,1,0,0
3932,4.1881,0.6165,215,713,0,0,1,0,0
3933,4.3333,0.5294,215,713,0,0,1,0,0
3934,3.955,0.4785,215,713,0,0,1,0,0
3935,4.2367,0.376,215,713,0,0,1,0,0
3936,4.1592,0.4577,215,713,0,0,1,0,0
3937,4.0838,0.32,214,713,0,0,1,0,0
3938,4.2307,0.4988,214,713,0,0,1,0,0
3939,4.1558,0.5571,214,713,0,0,1,0,0
3940,4.1828,0.4561,214,713,0,0,1,0,0
3941,4.1572,0.4979,214,713,0,0,1,0,0
3942,4.1221,0.4109,214,713,0,0,1,0,0
3943,4.2227,0.426,214,713,0,0,1,0,0
3944,4.1614,0.6179,212,713,0,0,1,0,0
3945,4.2071,0.55,212,713,0,0,1,0,0
3946,4.078,0.4026,212,713,0,0,1,0,0
3947,4.181,0.4245,211,713,0,0,1,0,0
3948,4.2109,0.4482,211,713,0,0,1,0,0
3949,4.1784,0.3646,210,713,0,0,1,0,0
3950,4.1422,0.485,210,713,0,0,1,0,0
3951,4.1743,0.6482,210,713,0,0,1,0,0
3952,4.3257,0.5267,209,713,0,0,1,0,0
3953,3.9791,0.4182,208,713,0,0,1,0,0
3954,4.5747,0.3926,208,713,0,0,1,0,0
3955,3.7717,0.4859,208,713,0,0,1,0,0
3956,4.1313,0.3057,208,713,0,0,1,0,0
3957,4.1424,0.5526,208,713,0,0,1,0,0
3958,4.1688,0.2963,207,713,0,0,1,0,0
3959,4.2284,0.3963,207,713,0,0,1,0,0
3960,4.1291,0.3479,207,713,0,0,1,0,0
3961,4.1562,0.4015,207,713,0,0,1,0,0
3962,4.2066,0.6012,206,713,0,0,1,0,0
3963,4.1893,0.5053,206,713,0,0,1,0,0
3964,4.109,0.5256,206,713,0,0,1,0,0
3965,4.2327,0.3271,206,713,0,0,1,0,0
3966,4.1991,0.6405,206,713,0,0,1,0,0
3967,4.107,0.554,206,713,0,0,1,0,0
3968,4.1334,1.1373,206,713,0,0,1,0,0
3969,4.2309,0.337,205,713,0,0,1,0,0
3970,4.1081,0.4558,205,713,0,0,1,0,0
3971,4.2239,0.6295,205,713,0,0,1,0,0
3972,4.1454,0.2757,204,713,0,0,1,0,0
3973,4.1577,0.5704,203,713,0,0,1,0,0
3974,4.2005,0.4498,202,713,0,0,1,0,0
3975,4.0801,0.3825,202,713,0,0,1,0,0
3976,4.2518,0.6023,202,713,0,0,1,0,0
3977,4.1854,0.4415,202,713,0,0,1,0,0
3978,4.1549,0.4295,202,713,0,0,1,0,0
3979,4.0647,0.4179,202,713,0,0,1,0,0
3980,4.3537,0.4389,201,713,0,0,1,0,0
3981,4.0378,0.3313,201,713,0,0,1,0,0
3982,4.149,0.3733,199,713,0,0,1,0,0
3983,4.2653,0.5543,198,713,0,0,1,0,0
3984,4.0764,0.4366,198,713,0,0,1,0,0
3985,4.2015,0.3206,198,713,0,0,1,0,0
3986,4.1642,0.4403,198,713,0,0,1,0,0
3987,4.1303,0.4356,198,713,0,0,1,0,0
3988,4.2157,0.5683,198,713,0,0,1,0,0
3989,4.0887,0.4048,197,713,0,0,1,0,0
3990,4.2302,0.6902,197,713,0,0,1,0,0
3991,4.1774,0.4524,197,713,0,0,1,0,0
3992,4.1977,0.4447,243,713,0,0,1,5,0.0688
3993,4.1605,0.5047,243,713,0,0,1,0,0
3994,4.0712,0.4781,243,713,0,0,1,0,0
3995,4.1694,0.4942,243,713,0,0,1,0,0
3996,4.1908,0.7528,243,713,0,0,1,0,0
3997,4.2269,0.4202,243,713,0,0,1,0,0
3998,4.1685,0.4589,243,713,0,0,1,0,0
3999,4.106,0.431,243,713,0,0,1,0,0
4000,4.1405,0.3825,243,713,0,0,1,0,0
4001,4.2837,0.5031,243,713,0,0,1,0,0
4002,4.217,0.6737,242,713,0,0,1,0,0
4003,4.0611,0.3763,242,713,0,0,1,0,0
4004,4.1045,0.4192,242,713,0,0,1,0,0
4005,4.4532,0.4068,242,713,0,0,1,0,0
4006,3.8987,0.45,242,713,0,0,1,0,0
4007,4.236,0.4195,242,713,0,0,1,0,0
4008,4.2253,0.6694,242,713,0,0,1,0,0
4009,4.0282,0.4879,242,713,0,0,1,0,0
4010,4.2602,0.6129,242,713,0,0,1,0,0
4011,4.1151,0.7428,241,713,0,0,1,0,0
4012,4.1724,0.4568,241,713,0,0,1,0,0
4013,4.2135,0.4291,241,713,0,0,1,0,0
4014,4.1287,0.5893,241,713,0,0,1,0,0
4015,4.1752,0.7283,241,713,0,0,1,0,0
4016,4.1463,0.5932,241,713,0,0,1,0,0
4017,4.2462,0.6643,241,713,0,0,1,0,0
4018,4.0702,0.4626,241,713,0,0,1,0,0
4019,4.2214,0.5465,241,713,0,0,1,0,0
4020,4.181,0.3444,241,713,0,0,1,0,0
4021,4.251,0.6312,241,713,0,0,1,0,0
4022,4.2254,0.9492,241,713,0,0,1,0,0
4023,3.9434,0.3251,241,713,0,0,1,0,0
4024,4.1441,0.5956,241,713,0,0,1,0,0
4025,4.2722,0.4625,240,713,0,0,1,0,0
4026,4.1555,0.3222,240,713,0,0,1,0,0
4027,4.2077,0.5607,240,713,0,0,1,0,0
4028,4.1121,0.4487,240,713,0,0,1,0,0
4029,4.5228,0.6628,240,713,0,0,1,0,0
4030,3.7682,0.4856,240,713,0,0,1,0,0
4031,4.1578,0.3595,240,713,0,0,1,0,0
4032,4.2244,0.4164,240,713,0,0,1,0,0
4033,4.2051,0.6566,240,713,0,0,1,0,0
4034,4.1026,0.3765,240,713,0,0,1,0,0
4035,4.142,0.4157,240,713,0,0,1,0,0
4036,4.2162,0.4588,239,713,0,0,1,0,0
4037,4.1199,0.3854,238,713,0,0,1,0,0
4038,4.4744,0.6266,238,713,0,0,1,0,0
4039,4.0538,0.3784,237,713,0,0,1,0,0
4040,3.9905,0.3698,236,713,0,0,1,0,0
4041,4.1629,0.4435,235,713,0,0,1,0,0
4042,4.1513,0.4638,235,713,0,0,1,0,0
4043,4.1602,0.3462,235,713,0,0,1,0,0
4044,4.205,0.4386,234,713,0,0,1,0,0
4045,4.1378,0.3364,234,713,0,0,1,0,0
4046,4.2519,0.6567,234,713,0,0,1,0,0
4047,4.129,0.6527,234,713,0,0,1,0,0
4048,4.4626,0.55,234,713,0,0,1,0,0
4049,3.8865,0.563,234,713,0,0,1,0,0
4050,4.13,0.5813,234,713,0,0,1,0,0
4051,4.2001,0.3604,234,713,0,0,1,0,0
4052,4.0982,0.6724,234,713,0,0,1,0,0
4053,4.2172,0.3829,234,713,0,0,1,0,0
4054,4.0951,0.5125,234,713,0,0,1,0,0
4055,4.2547,0.4354,234,713,0,0,1,0,0
4056,4.2376,0.7788,234,713,0,0,1,0,0
4057,4.095,0.6718,234,713,0,0,1,0,0
4058,4.2277,0.5939,234,713,0,0,1,0,0
4059,4.0549,0.3371,234,713,0,0,1,0,0
4060,4.2176,0.4357,233,713,0,0,1,0,0
4061,4.1241,0.3605,233,713,0,0,1,0,0
4062,4.1603,0.4808,233,713,0,0,1,0,0
4063,4.2009,0.3909,233,713,0,0,1,0,0
4064,4.1547,0.535,233,713,0,0,1,0,0
4065,4.1668,0.6255,232,713,0,0,1,0,0
4066,4.1439,0.6804,232,713,0,0,1,0,0
4067,4.1719,0.5529,232,713,0,0,1,0,0
4068,4.1882,0.4492,231,713,0,0,1,0,0
4069,4.1268,0.8771,265,713,0,0,1,4,0.0343
4070,4.2022,0.714,265,713,0,0,1,0,0
4071,4.153,0.5064,265,713,0,0,1,0,0
4072,4.2104,0.6569,265,713,0,0,1,0,0
4073,4.1179,0.3913,265,713,0,0,1,0,0
4074,4.1993,0.5628,265,713,0,0,1,0,0
4075,4.184,0.4791,265,713,0,0,1,0,0
4076,4.1168,0.329,263,713,0,0,1,0,0
4077,4.215,0.6285,263,713,0,0,1,0,0
4078,4.1262,0.4183,263,713,0,0,1,0,0
4079,4.2296,0.4005,263,713,0,0,1,0,0
4080,4.142,0.4483,262,713,0,0,1,0,0
4081,4.4142,0.7201,262,713,0,0,1,0,0
4082,3.9044,0.7616,262,713,0,0,1,0,0
4083,4.1734,0.3477,261,713,0,0,1,0,0
4084,4.7136,0.5409,260,713,0,0,1,0,0
4085,3.5976,0.428,260,713,0,0,1,0,0
4086,4.1649,0.4993,260,713,0,0,1,0,0
4087,4.1895,0.7664,260,713,0,0,1,0,0
4088,4.1823,0.7967,260,713,0,0,1,0,0
4089,4.1873,0.3296,260,713,0,0,1,0,0
4090,4.0929,0.4205,260,713,0,0,1,0,0
4091,4.2011,0.4728,260,713,0,0,1,0,0
4092,4.1406,0.3567,260,713,0,0,1,0,0
4093,4.5299,0.3469,259,713,0,0,1,0,0
4094,3.7978,0.412,259,713,0,0,1,0,0
4095,4.1699,0.385,259,713,0,0,1,0,0
4096,4.1563,0.3742,259,713,0,0,1,0,0
4097,4.2646,0.5382,259,713,0,0,1,0,0
4098,4.1395,0.4694,259,713,0,0,1,0,0
4099,4.132,0.7219,259,713,0,0,1,0,0
4100,4.1567,0.4559,258,713,0,0,1,0,0
4101,4.1386,0.5771,258,713,0,0,1,0,0
4102,4.1892,0.3354,257,713,0,0,1,0,0
4103,4.173,0.6596,257,713,0,0,1,0,0
4104,4.4175,0.3927,257,713,0,0,1,0,0
4105,3.902,0.3266,257,713,0,0,1,0,0
4106,4.163,0.4594,256,713,0,0,1,0,0
4107,4.1879,0.4561,256,713,0,0,1,0,0
4108,4.2,0.3332,256,713,0,0,1,0,0
4109,4.1553,0.7099,256,713,0,0,1,0,0
4110,4.1345,0.457,256,713,0,0,1,0,0
4111,4.1795,0.6174,255,713,0,0,1,0,0
4112,4.1407,0.395,255,713,0,0,1,0,0
4113,4.2469,0.4514,255,713,0,0,1,0,0
4114,4.0869,0.3727,255,713,0,0,1,0,0
4115,4.2908,0.6167,255,713,0,0,1,0,0
4116,4.102,0.4349,255,713,0,0,1,0,0
4117,4.0955,0.6827,254,713,0,0,1,0,0
4118,4.1811,0.3812,254,713,0,0,1,0,0
4119,4.1761,0.4265,254,713,0,0,1,0,0
4120,4.2054,0.5522,254,713,0,0,1,0,0
4121,4.2011,0.3567,254,713,0,0,1,0,0
4122,4.1428,0.7817,253,713,0,0,1,0,0
4123,4.1626,0.4846,252,713,0,0,1,0,0
4124,4.5222,0.3332,251,713,0,0,1,0,0
4125,3.822,0.4505,251,713,0,0,1,0,0
4126,4.1243,0.3822,251,713,0,0,1,0,0
4127,4.193,0.3546,251,713,0,0,1,0,0
4128,4.2697,0.5608,251,713,0,0,1,0,0
4129,4.0722,0.4788,251,713,0,0,1,0,0
4130,4.1564,0.4955,251,713,0,0,1,0,0
4131,4.1325,0.4631,244,713,0,0,1,0,0
4132,4.487,0.3696,244,713,0,0,1,0,0
4133,3.8204,0.3504,244,713,0,0,1,0,0
4134,4.1945,0.6276,243,713,0,0,1,0,0
4135,4.4768,0.5809,243,713,0,0,1,0,0
4136,3.8457,0.4271,243,713,0,0,1,0,0
4137,4.2227,0.4651,242,713,0,0,1,0,0
4138,4.1095,0.3844,241,713,0,0,1,0,0
4139,4.1985,0.4186,241,713,0,0,1,0,0
4140,4.1998,0.4119,241,713,0,0,1,0,0
4141,4.0704,0.4991,241,713,0,0,1,0,0
4142,4.2108,0.6152,241,713,0,0,1,0,0
4143,4.1659,0.3928,241,713,0,0,1,0,0
4144,4.1543,0.3354,239,713,0,0,1,0,0
4145,4.2001,0.4374,239,713,0,0,1,0,0
4146,4.1958,0.7453,285,713,0,0,1,14,0.0862
4147,4.1048,0.5507,285,713,0,0,1,0,0
4148,4.1701,0.383,285,713,0,0,1,0,0
4149,4.1801,0.5394,285,713,0,0,1,0,0
4150,4.2195,0.5252,285,713,0,0,1,0,0
4151,4.4241,0.3523,285,713,0,0,1,0,0
4152,3.8477,0.419,285,713,0,0,1,0,0
4153,4.2222,0.5631,284,713,0,0,1,0,0
4154,4.1727,0.6298,283,713,0,0,1,0,0
4155,4.1103,0.5565,281,713,0,0,1,0,0
4156,4.1611,0.3811,281,713,0,0,1,0,0
4157,4.1719,0.5569,281,713,0,0,1,0,0
4158,4.1921,0.6587,281,713,0,0,1,0,0
4159,4.2115,0.6443,281,713,0,0,1,0,0
4160,4.1248,0.4356,281,713,0,0,1,0,0
4161,4.1284,0.4332,281,713,0,0,1,0,0
4162,4.1824,0.3924,281,713,0,0,1,0,0
4163,4.2445,0.3963,281,713,0,0,1,0,0
4164,4.1052,0.5801,281,713,0,0,1,0,0
4165,4.2427,0.6809,281,713,0,0,1,0,0
4166,4.0634,0.6516,281,713,0,0,1,0,0
4167,4.2256,0.6374,281,713,0,0,1,0,0
4168,4.1088,0.432,281,713,0,0,1,0,0
4169,4.4228,0.4408,281,713,0,0,1,0,0
4170,3.8834,0.3935,281,713,0,0,1,0,0
4171,4.357,0.4111,281,713,0,0,1,0,0
4172,4.1918,0.5844,281,713,0,0,1,0,0
4173,3.9919,0.5204,281,713,0,0,1,0,0
4174,4.1698,0.418,281,713,0,0,1,0,0
4175,4.1674,0.362,281,713,0,0,1,0,0
4176,4.2474,0.4725,281,713,0,0,1,0,0
4177,4.0526,0.7083,281,713,0,0,1,0,0
4178,4.1873,0.5214,281,713,0,0,1,0,0
4179,4.1698,0.3758,280,713,0,0,1,0,0
4180,4.2249,0.7024,280,713,0,0,1,0,0
4181,4.1312,0.4261,280,713,0,0,1,0,0
4182,4.1826,0.5407,280,713,0,0,1,0,0
4183,4.1188,0.3684,278,713,0,0,1,0,0
4184,4.1719,0.5733,277,713,0,0,1,0,0
4185,4.2535,0.9166,277,713,0,0,1,0,0
4186,4.1176,0.3888,276,713,0,0,1,0,0
4187,4.1142,0.5848,275,713,0,0,1,0,0
4188,4.7818,0.816,275,713,0,0,1,0,0
4189,3.6463,0.3753,275,713,0,0,1,0,0
4190,4.0461,0.5502,275,713,0,0,1,0,0
4191,4.2388,0.4595,274,713,0,0,1,0,0
4192,4.1306,0.5687,274,713,0,0,1,0,0
4193,4.2535,0.7447,273,713,0,0,1,0,0
4194,4.1927,0.7078,273,713,0,0,1,0,0
4195,4.129,0.4849,272,713,0,0,1,0,0
4196,4.1231,0.4212,271,713,0,0,1,0,0
4197,4.1665,0.7003,271,713,0,0,1,0,0
4198,4.1545,0.8312,270,713,0,0,1,0,0
4199,4.1517,0.5226,269,713,0,0,1,0,0
4200,4.2423,0.5323,269,713,0,0,1,0,0
4201,4.0944,0.3461,269,713,0,0,1,0,0
4202,4.1798,0.6959,269,713,0,0,1,0,0
4203,4.2189,0.6864,268,713,0,0,1,0,0
4204,4.1127,0.9423,268,713,0,0,1,0,0
4205,4.1799,0.6091,267,713,0,0,1,0,0
4206,4.159,0.7343,267,713,0,0,1,0,0
4207,4.1936,0.4726,260,713,0,0,1,0,0
4208,4.1263,0.3728,260,713,0,0,1,0,0
4209,4.1472,0.6086,260,713,0,0,1,0,0
4210,4.2053,0.434,260,713,0,0,1,0,0
4211,4.1441,0.4563,260,713,0,0,1,0,0
4212,4.2015,0.3642,260,713,0,0,1,0,0
4213,4.1664,0.5907,260,713,0,0,1,0,0
4214,4.1334,0.7871,259,713,0,0,1,0,0
4215,4.1866,0.355,259,713,0,0,1,0,0
4216,4.2361,0.836,258,713,0,0,1,0,0
4217,4.1063,0.4175,256,713,0,0,1,0,0
4218,4.1428,0.602,256,713,0,0,1,0,0
4219,4.4881,0.4719,256,713,0,0,1,0,0
4220,4.274,0.4396,256,713,0,0,1,0,0
4221,3.7504,0.3421,256,713,0,0,1,0,0
4222,4.2853,0.4298,256,713,0,0,1,0,0
4223,4.3433,0.5485,290,713,0,0,1,3,0.0272
4224,3.9105,0.7371,288,713,0,0,1,0,0
4225,4.1237,0.659,288,713,0,0,1,0,0
4226,4.1717,0.39,288,713,0,0,1,0,0
4227,4.2243,0.7597,288,713,0,0,1,0,0
4228,4.3973,0.4655,287,713,0,0,1,0,0
4229,3.8623,0.5564,287,713,0,0,1,0,0
4230,4.2674,0.5239,287,713,0,0,1,0,0
4231,4.1922,0.6521,287,713,0,0,1,0,0
4232,4.042,0.5158,287,713,0,0,1,0,0
4233,4.1551,0.3946,287,713,0,0,1,0,0
4234,4.5026,0.4008,287,713,0,0,1,0,0
4235,4.014,0.3718,286,713,0,0,1,0,0
4236,4.3457,0.4972,286,713,0,0,1,0,0
4237,3.9356,0.5763,285,713,0,0,1,0,0
4238,4.0766,0.3708,285,713,0,0,1,0,0
4239,4.2243,0.397,285,713,0,0,1,0,0
4240,4.0955,0.4414,285,713,0,0,1,0,0
4241,4.1464,0.8076,285,713,0,0,1,0,0
4242,4.1735,0.3872,285,713,0,0,1,0,0
4243,4.2109,0.3686,285,713,0,0,1,0,0
4244,4.1069,0.4756,285,713,0,0,1,0,0
4245,4.1749,0.5668,285,713,0,0,1,0,0
4246,4.4135,0.3851,285,713,0,0,1,0,0
4247,3.9982,0.3719,285,713,0,0,1,0,0
4248,4.1438,0.6498,285,713,0,0,1,0,0
4249,4.154,0.4718,285,713,0,0,1,0,0
4250,4.2659,0.4447,285,713,0,0,1,0,0
4251,4.0493,0.3639,285,713,0,0,1,0,0
4252,4.4671,0.6453,285,713,0,0,1,0,0
4253,3.865,0.4968,284,713,0,0,1,0,0
4254,4.1993,0.8742,284,713,0,0,1,0,0
4255,4.1653,0.6417,282,713,0,0,1,0,0
4256,4.1487,0.487,282,713,0,0,1,0,0
4257,4.2411,0.4703,282,713,0,0,1,0,0
4258,4.08,0.4105,281,713,0,0,1,0,0
4259,4.1723,0.3585,281,713,0,0,1,0,0
4260,4.2292,0.9972,280,713,0,0,1,0,0
4261,4.1818,0.6671,280,713,0,0,1,0,0
4262,4.0811,0.3787,280,713,0,0,1,0,0
4263,4.1767,0.3598,280,713,0,0,1,0,0
4264,4.2444,0.7465,279,713,0,0,1,0,0
4265,4.2013,0.4758,278,713,0,0,1,0,0
4266,4.0927,0.3774,278,713,0,0,1,0,0
4267,4.1767,0.7308,278,713,0,0,1,0,0
4268,4.111,0.4416,278,713,0,0,1,0,0
4269,4.1891,0.5784,277,713,0,0,1,0,0
4270,4.1232,0.3497,277,713,0,0,1,0,0
4271,4.2776,0.3969,277,713,0,0,1,0,0
4272,4.1326,0.4616,277,713,0,0,1,0,0
4273,4.1643,0.512,277,713,0,0,1,0,0
4274,4.1718,0.4088,276,713,0,0,1,0,0
4275,4.114,0.4017,276,713,0,0,1,0,0
4276,4.1845,0.5073,276,713,0,0,1,0,0
4277,4.1573,0.6124,276,713,0,0,1,0,0
4278,4.19,0.5682,276,713,0,0,1,0,0
4279,4.4891,0.598,276,713,0,0,1,0,0
4280,3.8603,0.4415,275,713,0,0,1,0,0
4281,4.1707,0.4175,275,713,0,0,1,0,0
4282,4.0893,0.3487,275,713,0,0,1,0,0
4283,4.2062,0.5032,275,713,0,0,1,0,0
4284,4.2195,0.4549,268,713,0,0,1,0,0
4285,4.2676,0.6032,268,713,0,0,1,0,0
4286,3.9739,0.5145,268,713,0,0,1,0,0
4287,4.1951,0.4464,268,713,0,0,1,0,0
4288,4.5528,0.5782,268,713,0,0,1,0,0
4289,3.7872,0.3853,268,713,0,0,1,0,0
4290,4.1415,0.5695,267,713,0,0,1,0,0
4291,4.3209,0.6053,266,713,0,0,1,0,0
4292,4.2772,0.4719,266,713,0,0,1,0,0
4293,3.9454,0.3762,266,713,0,0,1,0,0
4294,4.1373,0.4498,266,713,0,0,1,0,0
4295,4.2994,0.429,266,713,0,0,1,0,0
4296,4.118,0.3617,265,713,0,0,1,0,0
4297,4.3826,0.4347,265,713,0,0,1,0,0
4298,3.9012,0.6926,265,713,0,0,1,0,0
4299,4.1848,0.7592,309,713,0,0,1,10,0.0934
4300,4.1887,0.4296,307,713,0,0,1,0,0
4301,4.1117,0.7244,307,713,0,0,1,0,0
4302,4.2329,0.6797,307,713,0,0,1,0,0
4303,4.1782,0.7851,306,713,0,0,1,0,0
4304,4.0793,0.6667,306,713,0,0,1,0,0
4305,4.2107,0.4233,306,713,0,0,1,0,0
4306,4.1333,0.4941,305,713,0,0,1,0,0
4307,4.1185,0.4305,305,713,0,0,1,0,0
4308,4.2708,0.5264,305,713,0,0,1,0,0
4309,4.3507,0.6569,304,713,0,0,1,0,0
4310,3.938,0.3624,304,713,0,0,1,0,0
4311,4.1491,0.3799,303,713,0,0,1,0,0
4312,4.1817,0.4227,302,713,0,0,1,0,0
4313,4.1223,0.5518,301,713,0,0,1,0,0
4314,4.2503,0.6486,301,713,0,0,1,0,0
4315,4.1781,0.3861,301,713,0,0,1,0,0
4316,4.481,0.3849,300,713,0,0,1,0,0
4317,3.8491,0.5653,300,713,0,0,1,0,0
4318,4.0998,0.487,296,713,0,0,1,0,0
4319,4.1939,0.4304,296,713,0,0,1,0,0
4320,4.2302,0.408,296,713,0,0,1,0,0
4321,4.324,0.375,295,713,0,0,1,0,0
4322,3.92,0.4341,295,713,0,0,1,0,0
4323,4.2196,0.7178,295,713,0,0,1,0,0
4324,4.1928,0.4036,295,713,0,0,1,0,0
4325,4.1204,0.37,295,713,0,0,1,0,0
4326,4.2065,0.6067,295,713,0,0,1,0,0
4327,4.3404,0.4618,295,713,0,0,1,0,0
4328,4.014,0.6825,295,713,0,0,1,0,0
4329,4.1538,0.6138,295,713,0,0,1,0,0
4330,5.6515,3.1398,295,713,0,0,1,0,0
4331,8.4619,1.3574,293,713,0,0,1,0,0
4332,1.4374,2.2924,293,713,0,0,1,0,0
4333,2.3859,2.1863,293,713,0,0,1,0,0
4334,3.6321,0.5227,292,713,0,0,1,0,0
4335,4.2399,0.5051,291,713,0,0,1,0,0
4336,4.0873,0.5583,291,713,0,0,1,0,0
4337,4.2403,0.475,290,713,0,0,1,0,0
4338,4.0664,0.4871,290,713,0,0,1,0,0
4339,3.7354,0.3817,289,713,0,0,1,0,0
4340,8.4089,0.6261,289,713,0,0,1,0,0
4341,4.1565,0.6102,289,713,0,0,1,0,0
4342,4.6334,0.4268,289,713,0,0,1,0,0
4343,4.0826,0.6045,289,713,0,0,1,0,0
4344,8.0218,0.6707,288,713,0,0,1,0,0
4345,5.5668,0.5404,288,713,0,0,1,0,0
4346,3.1384,0.4427,288,713,0,0,1,0,0
4347,3.7039,0.386,288,713,0,0,1,0,0
4348,4.1607,0.3918,288,713,0,0,1,0,0
4349,4.1731,0.3764,288,713,0,0,1,0,0
4350,4.5605,0.4822,288,713,0,0,1,0,0
4351,3.7211,0.4784,288,713,0,0,1,0,0
4352,4.2709,0.5445,288,713,0,0,1,0,0
4353,4.2336,0.5794,288,713,0,0,1,0,0
4354,4.5448,0.6213,287,713,0,0,1,0,0
4355,3.6067,0.5136,286,713,0,0,1,0,0
4356,4.2037,0.9652,286,713,0,0,1,0,0
4357,4.1993,0.4701,284,713,0,0,1,0,0
4358,4.4385,0.5156,284,713,0,0,1,0,0
4359,3.8322,0.4057,277,713,0,0,1,0,0
4360,4.1708,0.4992,275,713,0,0,1,0,0
4361,4.1274,0.4921,275,713,0,0,1,0,0
4362,4.5573,0.5499,275,713,0,0,1,0,0
4363,3.7498,0.4512,275,713,0,0,1,0,0
4364,4.2601,0.4524,275,713,0,0,1,0,0
4365,4.1269,0.5065,275,713,0,0,1,0,0
4366,4.5302,0.5422,275,713,0,0,1,0,0
4367,7.997,0.6194,273,713,0,0,1,0,0
4368,4.1528,0.4419,273,713,0,0,1,0,0
4369,4.4798,0.532,273,713,0,0,1,0,0
4370,3.8602,0.5118,272,713,0,0,1,0,0
4371,4.1665,0.4762,271,713,0,0,1,0,0
4372,4.5817,0.5722,270,713,0,0,1,0,0
4373,4.1257,0.5998,304,713,0,0,1,0,0
4374,3.8129,0.5622,304,713,0,0,1,0,0
4375,4.1775,0.6702,303,713,0,0,1,0,0
4376,4.0855,0.7406,303,713,0,0,1,0,0
4377,4.7357,0.7674,303,713,0,0,1,0,0
4378,3.718,0.463,303,713,0,0,1,0,0
4379,4.1891,0.604,303,713,0,0,1,0,0
4380,4.0249,0.6517,303,713,0,0,1,0,0
4381,4.906,0.4526,302,713,0,0,1,0,0
4382,3.4757,0.5026,302,713,0,0,1,0,0
4383,4.1979,0.5634,302,713,0,0,1,0,0
4384,4.2506,0.6436,301,713,0,0,1,0,0
4385,8.2799,0.6863,301,713,0,0,1,0,0
4386,4.1617,0.6672,300,713,0,0,1,0,0
4387,4.0717,0.5467,300,713,0,0,1,0,0
4388,4.5474,0.5919,300,713,0,0,1,0,0
4389,8.0945,0.6859,300,713,0,0,1,0,0
4390,4.0615,0.6839,300,713,0,0,1,0,0
4391,4.6171,0.6659,299,713,0,0,1,0,0
4392,3.7355,0.6184,299,713,0,0,1,0,0
4393,4.1417,0.5872,299,713,0,0,1,0,0
4394,4.7194,0.604,299,713,0,0,1,0,0
4395,4.4653,0.5882,297,713,0,0,1,0,0
4396,3.2915,0.5575,297,713,0,0,1,0,0
4397,4.2057,0.5803,297,713,0,0,1,0,0
4398,4.2024,0.6958,295,713,0,0,1,0,0
4399,4.4687,0.6561,295,713,0,0,1,0,0
4400,3.8672,0.6179,295,713,0,0,1,0,0
4401,4.6732,0.5665,294,713,0,0,1,0,0
4402,3.605,0.5164,294,713,0,0,1,0,0
4403,4.596,0.6157,294,713,0,0,1,0,0
4404,3.7515,0.559,293,713,0,0,1,0,0
4405,4.1938,0.5493,293,713,0,0,1,0,0
4406,4.1148,0.66,293,713,0,0,1,0,0
4407,8.7464,0.5752,292,713,0,0,1,0,0
4408,3.8055,0.6339,292,713,0,0,1,0,0
4409,4.1829,0.5137,292,713,0,0,1,0,0
4410,4.4975,0.5492,292,713,0,0,1,0,0
4411,8.1037,0.8961,291,713,0,0,1,0,0
4412,3.7996,0.5361,290,713,0,0,1,0,0
4413,4.5389,0.4012,289,713,0,0,1,0,0
4414,3.6968,0.3962,289,713,0,0,1,0,0
4415,4.1728,0.5035,288,713,0,0,1,0,0
4416,4.2418,0.8841,287,713,0,0,1,0,0
4417,4.3404,0.5222,287,713,0,0,1,0,0
4418,3.9399,0.4276,287,713,0,0,1,0,0
4419,4.1354,0.4642,286,713,0,0,1,0,0
4420,4.1864,0.4781,286,713,0,0,1,0,0
4421,4.1763,0.425,285,713,0,0,1,0,0
4422,4.1893,0.8769,284,713,0,0,1,0,0
4423,4.2034,0.5615,283,713,0,0,1,0,0
4424,4.0721,0.4581,282,713,0,0,1,0,0
4425,4.1994,0.4784,281,713,0,0,1,0,0
4426,4.1301,0.3621,281,713,0,0,1,0,0
4427,4.5237,0.5589,281,713,0,0,1,0,0
4428,3.8821,3.2916,281,713,0,0,1,0,0
4429,5.043,3.8134,281,713,0,0,1,0,0
4430,3.9065,4.2368,281,713,0,0,1,0,0
4431,7.862,1.1678,274,713,0,0,1,0,0
4432,8.2018,2.7413,272,713,0,0,1,0,0
4433,2.8189,0.5615,271,713,0,0,1,0,0
4434,1.7471,0.512,271,713,0,0,1,0,0
4435,4.0925,0.4697,270,713,0,0,1,0,0
4436,4.4624,0.4916,270,713,0,0,1,0,0
4437,3.8033,0.4939,270,713,0,0,1,0,0
4438,4.2502,0.4347,269,713,0,0,1,0,0
4439,4.2855,0.3678,269,713,0,0,1,0,0
4440,4.2201,0.569,269,713,0,0,1,0,0
4441,4.0029,0.4828,269,713,0,0,1,0,0
4442,4.1239,0.6343,269,713,0,0,1,0,0
4443,4.2557,0.5834,269,713,0,0,1,0,0
4444,4.4022,0.5333,269,713,0,0,1,0,0
4445,3.7633,0.6262,313,713,0,0,1,0,0
4446,4.2626,0.5871,311,713,0,0,1,0,0
4447,4.1219,0.7355,311,713,0,0,1,0,0
4448,4.844,0.5651,311,713,0,0,1,0,0
4449,3.4518,0.5606,310,713,0,0,1,0,0
4450,4.3244,0.5547,310,713,0,0,1,0,0
4451,5.0031,0.6002,310,713,0,0,1,0,0
4452,7.4217,0.7202,309,713,0,0,1,0,0
4453,4.1292,0.5376,307,713,0,0,1,0,0
4454,4.2024,0.7068,307,713,0,0,1,0,0
4455,4.5117,0.4318,307,713,0,0,1,0,0
4456,8.634,0.9513,307,713,0,0,1,0,0
4457,3.6002,0.3018,307,713,0,0,1,0,0
4458,4.3639,0.5214,307,713,0,0,1,0,0
4459,3.8032,0.4751,307,713,0,0,1,0,0
4460,4.5532,0.5557,307,713,0,0,1,0,0
4461,3.7529,0.4675,307,713,0,0,1,0,0
4462,4.4918,0.4385,307,713,0,0,1,0,0
4463,3.8354,0.6302,307,713,0,0,1,0,0
4464,4.2471,0.6216,307,713,0,0,1,0,0
4465,4.2163,0.5829,307,713,0,0,1,0,0
4466,4.3243,0.5637,307,713,0,0,1,0,0
4467,3.8816,0.5886,307,713,0,0,1,0,0
4468,4.3262,0.673,307,713,0,0,1,0,0
4469,4.0377,0.5731,306,713,0,0,1,0,0
4470,4.4527,0.6332,304,713,0,0,1,0,0
4471,3.8848,0.5479,304,713,0,0,1,0,0
4472,4.2364,0.6001,304,713,0,0,1,0,0
4473,4.1184,0.498,304,713,0,0,1,0,0
4474,8.3129,0.6221,303,713,0,0,1,0,0
4475,4.2214,0.5588,303,713,0,0,1,0,0
4476,4.1148,0.4982,303,713,0,0,1,0,0
4477,4.6496,0.5506,303,713,0,0,1,0,0
4478,8.2793,0.6972,303,713,0,0,1,0,0
4479,3.7517,0.6701,302,713,0,0,1,0,0
4480,4.6648,0.4088,301,713,0,0,1,0,0
4481,3.6622,0.4546,301,713,0,0,1,0,0
4482,4.6196,0.5757,301,713,0,0,1,0,0
4483,4.1039,0.5585,301,713,0,0,1,0,0
4484,3.9973,0.6101,301,713,0,0,1,0,0
4485,3.9004,0.6425,301,713,0,0,1,0,0
4486,4.2267,0.5327,301,713,0,0,1,0,0
4487,4.1235,0.7076,300,713,0,0,1,0,0
4488,4.5688,0.682,299,713,0,0,1,0,0
4489,3.8407,0.6412,299,713,0,0,1,0,0
4490,4.2514,0.6398,297,713,0,0,1,0,0
4491,4.0498,0.5474,297,713,0,0,1,0,0
4492,4.4191,1.0587,297,713,0,0,1,0,0
4493,3.9236,0.7125,295,713,0,0,1,0,0
4494,4.6593,0.593,295,713,0,0,1,0,0
4495,3.6371,0.968,295,713,0,0,1,0,0
4496,8.3485,1.0565,295,713,0,0,1,0,0
4497,4.2246,1.0042,295,713,0,0,1,0,0
4498,4.0947,1.072,295,713,0,0,1,0,0
4499,4.4377,1.2417,295,713,0,0,1,0,0
4500,8.6506,3.3314,288,713,0,0,1,0,0
4501,3.6669,1.7954,287,713,0,0,1,0,0
4502,4.3137,0.7659,287,713,0,0,1,0,0
4503,3.9312,1.5437,287,713,0,0,1,0,0
4504,4.1635,0.8559,286,713,0,0,1,0,0
4505,4.6549,1.4966,286,713,0,0,1,0,0
4506,3.9526,1.0392,286,713,0,0,1,0,0
4507,3.9369,0.8514,285,713,0,0,1,0,0
4508,4.1488,0.7411,285,713,0,0,1,0,0
4509,4.138,1.5215,285,713,0,0,1,0,0
4510,4.8984,0.737,285,713,0,0,1,0,0
4511,3.4143,0.709,285,713,0,0,1,0,0
4512,4.2481,0.844,285,713,0,0,1,0,0
4513,4.0229,0.4573,285,713,0,0,1,0,0
4514,4.3185,0.6464,284,713,0,0,1,0,0
4515,3.8274,0.8509,283,713,0,0,1,0,0
4516,4.2256,0.7638,317,713,0,0,1,0,0
4517,4.1532,0.6612,317,713,0,0,1,0,0
4518,4.5317,1.4289,317,713,0,0,1,0,0
4519,3.7586,0.891,317,713,0,0,1,0,0
4520,4.1628,1.4501,317,713,0,0,1,0,0
4521,4.1872,3.1922,317,713,0,0,1,0,0
4522,4.3812,1.9208,317,713,0,0,1,0,0
4523,3.9708,1.6711,317,713,0,0,1,0,0
4524,4.2894,0.9528,317,713,0,0,1,0,0
4525,4.0582,1.4769,317,713,0,0,1,0,0
4526,4.2502,1.4876,317,713,0,0,1,0,0
4527,4.0313,2.1153,316,713,0,0,1,0,0
4528,4.172,1.6672,315,713,0,0,1,0,0
4529,4.1656,1.625,313,713,0,0,1,0,0
4530,4.1545,1.0517,313,713,0,0,1,0,0
4531,4.1744,1.6894,312,713,0,0,1,0,0
4532,4.1629,0.9257,311,713,0,0,1,0,0
4533,4.1712,0.8492,311,713,0,0,1,0,0
4534,4.1645,1.5064,311,713,0,0,1,0,0
4535,4.1988,1.0386,311,713,0,0,1,0,0
4536,4.1501,1.8055,311,713,0,0,1,0,0
4537,4.1569,1.6296,311,713,0,0,1,0,0
4538,4.1854,1.0292,310,713,0,0,1,0,0
4539,4.3634,1.3428,309,713,0,0,1,0,0
4540,4.0877,0.9361,309,713,0,0,1,0,0
4541,4.0396,1.7097,309,713,0,0,1,0,0
4542,8.3935,1.3882,307,713,0,0,1,0,0
4543,4.2279,1.0498,307,713,0,0,1,0,0
4544,4.7303,1.1999,306,713,0,0,1,0,0
4545,3.6024,1.4725,305,713,0,0,1,0,0
4546,4.0978,1.2192,303,713,0,0,1,0,0
4547,4.1358,0.9029,303,713,0,0,1,0,0
4548,4.1584,0.759,303,713,0,0,1,0,0
4549,4.2724,0.3717,302,713,0,0,1,0,0
4550,4.0914,0.5416,302,713,0,0,1,0,0
4551,4.185,1.2126,301,713,0,0,1,0,0
4552,4.3337,1.4073,301,713,0,0,1,0,0
4553,4.0424,0.3411,300,713,0,0,1,0,0
4554,4.319,0.9001,299,713,0,0,1,0,0
4555,4.0012,0.3072,298,713,0,0,1,0,0
4556,4.1224,0.5054,298,713,0,0,1,0,0
4557,4.4447,1.2558,298,713,0,0,1,0,0
4558,3.8881,0.5511,298,713,0,0,1,0,0
4559,4.157,0.5415,298,713,0,0,1,0,0
4560,4.3988,0.4203,298,713,0,0,1,0,0
4561,3.89,1.0576,298,713,0,0,1,0,0
4562,4.1732,0.4071,297,713,0,0,1,0,0
4563,4.1612,0.3685,297,713,0,0,1,0,0
4564,4.1423,0.4453,297,713,0,0,1,0,0
4565,4.5202,0.7281,296,713,0,0,1,0,0
4566,3.8355,0.6321,295,713,0,0,1,0,0
4567,4.1623,0.4936,294,713,0,0,1,0,0
4568,4.1734,1.3538,294,713,0,0,1,0,0
4569,4.175,0.769,294,713,0,0,1,0,0
4570,4.1916,1.3628,294,713,0,0,1,0,0
4571,4.1522,0.9973,293,713,0,0,1,0,0
4572,4.1563,1.6661,293,713,0,0,1,0,0
4573,4.1899,1.2783,292,713,0,0,1,0,0
4574,4.1315,0.9764,292,713,0,0,1,0,0
4575,4.2894,1.1741,292,713,0,0,1,0,0
4576,4.2384,1.2133,285,713,0,0,1,0,0
4577,3.9693,0.8115,285,713,0,0,1,0,0
4578,4.1704,0.5055,285,713,0,0,1,0,0
4579,4.1947,1.5886,284,713,0,0,1,0,0
4580,4.153,0.2901,284,713,0,0,1,0,0
4581,4.1599,1.3364,283,713,0,0,1,0,0
4582,4.2461,1.0992,282,713,0,0,1,0,0
4583,4.105,0.4907,281,713,0,0,1,0,0
4584,4.1569,0.3392,280,713,0,0,1,0,0
4585,4.2734,0.9379,280,713,0,0,1,0,0
4586,4.0615,0.4468,280,713,0,0,1,0,0
4587,4.3157,0.5548,280,713,0,0,1,0,0
4588,4.0418,0.4337,280,713,0,0,1,0,0
4589,4.5741,1.1369,279,713,0,0,1,0,0
4590,3.8315,0.658,278,713,0,0,1,0,0
4591,4.0995,0.9047,278,713,0,0,1,0,0
4592,4.1893,0.3903,323,713,0,0,1,4,0.0297
4593,4.1705,0.3389,323,713,0,0,1,0,0
4594,4.0899,0.3572,323,713,0,0,1,0,0
4595,4.331,0.3573,323,713,0,0,1,0,0
4596,4.0162,0.5076,323,713,0,0,1,0,0
4597,4.2051,0.6191,323,713,0,0,1,0,0
4598,4.1631,0.389,323,713,0,0,1,0,0
4599,4.2126,0.4343,323,713,0,0,1,0,0
4600,4.4746,0.3915,322,713,0,0,1,0,0
4601,3.8173,0.7031,321,713,0,0,1,0,0
4602,4.4147,0.4479,321,713,0,0,1,0,0
4603,3.898,0.3962,321,713,0,0,1,0,0
4604,4.1965,0.441,321,713,0,0,1,0,0
4605,4.1964,0.4469,321,713,0,0,1,0,0
4606,4.1443,0.4436,321,713,0,0,1,0,0
4607,4.194,0.513,321,713,0,0,1,0,0
4608,4.0866,0.4439,321,713,0,0,1,0,0
4609,4.3118,0.6558,321,713,0,0,1,0,0
4610,4.0973,0.3634,321,713,0,0,1,0,0
4611,4.1692,0.5038,321,713,0,0,1,0,0
4612,4.1844,0.5445,320,713,0,0,1,0,0
4613,4.3079,0.4828,320,713,0,0,1,0,0
4614,3.9475,0.5144,320,713,0,0,1,0,0
4615,4.1526,0.4345,320,713,0,0,1,0,0
4616,4.16,0.6634,319,713,0,0,1,0,0
4617,4.2281,0.406,318,713,0,0,1,0,0
4618,4.1115,0.391,318,713,0,0,1,0,0
4619,4.1552,0.4913,318,713,0,0,1,0,0
4620,4.173,0.5847,317,713,0,0,1,0,0
4621,4.1733,0.5508,317,713,0,0,1,0,0
4622,4.1803,0.3665,316,713,0,0,1,0,0
4623,4.2238,0.4234,316,713,0,0,1,0,0
4624,4.1435,0.5318,313,713,0,0,1,0,0
4625,4.5656,0.7017,312,713,0,0,1,0,0
4626,3.6668,0.457,312,713,0,0,1,0,0
4627,4.2316,0.7014,312,713,0,0,1,0,0
4628,4.1588,0.4057,312,713,0,0,1,0,0
4629,4.22,0.5683,312,713,0,0,1,0,0
4630,4.1706,1.2481,312,713,0,0,1,0,0
4631,4.5467,0.4728,312,713,0,0,1,0,0
4632,3.7366,1.0816,311,713,0,0,1,0,0
4633,4.2061,0.6603,311,713,0,0,1,0,0
4634,4.1141,0.3988,309,713,0,0,1,0,0
4635,4.1905,0.3817,308,713,0,0,1,0,0
4636,4.1632,0.5677,308,713,0,0,1,0,0
4637,4.277,0.8658,307,713,0,0,1,0,0
4638,4.5971,0.5399,307,713,0,0,1,0,0
4639,3.9406,0.5455,306,713,0,0,1,0,0
4640,4.0683,0.3771,305,713,0,0,1,0,0
4641,4.5755,0.6615,304,713,0,0,1,0,0
4642,3.7597,0.4689,304,713,0,0,1,0,0
4643,4.2279,0.4301,303,713,0,0,1,0,0
4644,4.2302,0.5496,303,713,0,0,1,0,0
4645,4.1655,0.3991,303,713,0,0,1,0,0
4646,4.0965,0.808,303,713,0,0,1,0,0
4647,4.1621,0.4529,302,713,0,0,1,0,0
4648,4.2067,0.4847,301,713,0,0,1,0,0
4649,4.0774,0.3645,301,713,0,0,1,0,0
4650,4.5806,0.5336,301,713,0,0,1,0,0
4651,3.8183,0.4656,299,713,0,0,1,0,0
4652,4.1795,0.6332,299,713,0,0,1,0,0
4653,4.1324,0.4286,292,713,0,0,1,0,0
4654,4.109,0.588,290,713,0,0,1,0,0
4655,4.3149,0.41,290,713,0,0,1,0,0
4656,4.0309,0.4398,290,713,0,0,1,0,0
4657,4.2779,0.6757,290,713,0,0,1,0,0
4658,4.0774,0.3656,290,713,0,0,1,0,0
4659,4.2302,0.5381,289,713,0,0,1,0,0
4660,4.1353,0.4876,288,713,0,0,1,0,0
4661,8.8066,0.504,288,713,0,0,1,0,0
4662,3.6825,0.3866,288,713,0,0,1,0,0
4663,4.144,0.3925,288,713,0,0,1,0,0
4664,4.176,0.6883,288,713,0,0,1,0,0
4665,3.9399,0.4297,288,713,0,0,1,0,0
4666,4.2477,0.5212,286,713,0,0,1,0,0
4667,4.0635,0.3945,319,713,0,0,1,0,0
4668,4.2366,0.512,317,713,0,0,1,0,0
4669,4.1196,0.4183,317,713,0,0,1,0,0
4670,4.1354,0.4826,316,713,0,0,1,0,0
4671,4.2401,0.4788,315,713,0,0,1,0,0
4672,4.1113,0.4624,314,713,0,0,1,0,0
4673,4.5081,0.4687,314,713,0,0,1,0,0
4674,3.841,0.3662,314,713,0,0,1,0,0
4675,4.182,0.5346,313,713,0,0,1,0,0
4676,4.2189,0.5304,313,713,0,0,1,0,0
4677,4.303,0.7629,313,713,0,0,1,0,0
4678,4.4005,0.5532,312,713,0,0,1,0,0
4679,8.1221,0.6167,311,713,0,0,1,0,0
4680,4.1855,0.5652,311,713,0,0,1,0,0
4681,4.193,0.4784,310,713,0,0,1,0,0
4682,4.1866,0.5956,310,713,0,0,1,0,0
4683,8.2804,0.4322,309,713,0,0,1,0,0
4684,4.2036,0.6772,308,713,0,0,1,0,0
4685,4.164,0.3809,308,713,0,0,1,0,0
4686,4.4495,1.2747,308,713,0,0,1,0,0
4687,3.8574,1.2912,308,713,0,0,1,0,0
4688,4.2196,2.5208,308,713,0,0,1,0,0
4689,4.122,1.6412,308,713,0,0,1,0,0
4690,4.1681,1.1876,308,713,0,0,1,0,0
4691,4.151,0.6585,308,713,0,0,1,0,0
4692,4.1762,0.6304,308,713,0,0,1,0,0
4693,4.1362,1.7019,308,713,0,0,1,0,0
4694,4.2355,1.6993,308,713,0,0,1,0,0
4695,4.116,0.9836,308,713,0,0,1,0,0
4696,4.1885,1.1403,308,713,0,0,1,0,0
4697,4.2041,1.8633,308,713,0,0,1,0,0
4698,4.2012,1.0344,307,713,0,0,1,0,0
4699,4.0716,1.0878,305,713,0,0,1,0,0
4700,4.2328,1.067,304,713,0,0,1,0,0
4701,4.0997,2.6765,304,713,0,0,1,0,0
4702,4.2435,0.6458,303,713,0,0,1,0,0
4703,4.083,1.0298,302,713,0,0,1,0,0
4704,4.2019,0.6388,302,713,0,0,1,0,0
4705,42.2766,0.4692,295,713,0,0,1,0,0
4706,1.6546,0.6055,295,713,0,0,1,0,0
4707,5.3937,0.4464,295,713,0,0,1,0,0
4708,1.3307,0.4091,295,713,0,0,1,0,0
4709,4.0277,0.4011,295,713,0,0,1,0,0
4710,4.15,0.3368,295,713,0,0,1,0,0
4711,5.6313,0.3462,295,713,0,0,1,0,0
4712,4.624,0.316,295,713,0,0,1,0,0
4713,1.7883,0.4008,294,713,0,0,1,0,0
4714,5.0383,0.46,294,713,0,0,1,0,0
4715,3.3316,0.3936,294,713,0,0,1,0,0
4716,4.2179,0.3531,294,713,0,0,1,0,0
4717,4.2847,0.4939,294,713,0,0,1,0,0
4718,3.9728,0.5486,293,713,0,0,1,0,0
4719,4.241,0.4615,293,713,0,0,1,0,0
4720,4.4214,0.5237,293,713,0,0,1,0,0
4721,4.226,0.4543,293,713,0,0,1,0,0
4722,3.783,0.4775,286,713,0,0,1,0,0
4723,4.1329,0.4913,286,713,0,0,1,0,0
4724,4.2502,0.4694,286,713,0,0,1,0,0
4725,4.1601,0.4302,286,713,0,0,1,0,0
4726,4.1664,0.4721,286,713,0,0,1,0,0
4727,4.134,0.4484,285,713,0,0,1,0,0
4728,4.459,0.4253,285,713,0,0,1,0,0
4729,4.0215,0.3754,285,713,0,0,1,0,0
4730,3.9536,0.4625,284,713,0,0,1,0,0
4731,4.2734,0.4742,284,713,0,0,1,0,0
4732,4.3555,0.4237,283,713,0,0,1,0,0
4733,4.2455,0.3665,281,713,0,0,1,0,0
4734,3.874,0.4432,281,713,0,0,1,0,0
4735,3.8118,0.6198,280,713,0,0,1,0,0
4736,4.154,0.4892,325,713,0,0,1,0,0
4737,4.455,0.7444,325,713,0,0,1,0,0
4738,4.1765,0.5502,324,713,0,0,1,0,0
4739,4.1751,0.5505,324,713,0,0,1,0,0
4740,3.775,0.6249,324,713,0,0,1,0,0
4741,4.1616,0.446,324,713,0,0,1,0,0
4742,4.4433,0.7667,324,713,0,0,1,0,0
4743,3.9665,0.4033,323,713,0,0,1,0,0
4744,4.4804,0.577,322,713,0,0,1,0,0
4745,4.105,0.518,321,713,0,0,1,0,0
4746,3.8712,0.3329,321,713,0,0,1,0,0
4747,4.4486,0.5065,321,713,0,0,1,0,0
4748,4.0196,0.4005,320,713,0,0,1,0,0
4749,4.2572,0.5539,320,713,0,0,1,0,0
4750,3.8915,0.4801,319,713,0,0,1,0,0
4751,4.1931,0.3071,318,713,0,0,1,0,0
4752,4.7483,0.3194,318,713,0,0,1,0,0
4753,4.0719,0.4021,316,713,0,0,1,0,0
4754,3.7081,0.3999,315,713,0,0,1,0,0
4755,4.1041,0.3735,314,713,0,0,1,0,0
4756,4.2162,0.3805,314,713,0,0,1,0,0
4757,4.1905,0.3142,313,713,0,0,1,0,0
4758,4.1293,0.3258,313,713,0,0,1,0,0
4759,4.172,0.3627,312,713,0,0,1,0,0
4760,4.1613,0.4222,312,713,0,0,1,0,0
4761,4.162,0.3559,311,713,0,0,1,0,0
4762,4.2019,0.3317,309,713,0,0,1,0,0
4763,4.1288,0.3027,309,713,0,0,1,0,0
4764,4.2363,0.3579,308,713,0,0,1,0,0
4765,4.0905,0.49,308,713,0,0,1,0,0
4766,4.2388,0.4083,308,713,0,0,1,0,0
4767,4.1004,0.35,307,713,0,0,1,0,0
4768,4.2704,0.3326,306,713,0,0,1,0,0
4769,4.0933,0.3439,306,713,0,0,1,0,0
4770,4.1732,0.4241,305,713,0,0,1,0,0
4771,4.136,0.3887,305,713,0,0,1,0,0
4772,4.1918,0.3399,305,713,0,0,1,0,0
4773,4.1545,0.3127,305,713,0,0,1,0,0
4774,4.1903,0.3246,303,713,0,0,1,0,0
4775,4.1178,0.3629,303,713,0,0,1,0,0
4776,4.5479,0.4492,302,713,0,0,1,0,0
4777,3.796,0.3328,302,713,0,0,1,0,0
4778,4.4784,0.3011,302,713,0,0,1,0,0
4779,3.8768,0.3142,302,713,0,0,1,0,0
4780,4.5563,0.4303,302,713,0,0,1,0,0
4781,3.9041,0.5029,302,713,0,0,1,0,0
4782,4.157,0.4632,302,713,0,0,1,0,0
4783,4.09,0.2953,302,713,0,0,1,0,0
4784,4.1233,0.2961,302,713,0,0,1,0,0
4785,4.2725,0.4853,302,713,0,0,1,0,0
4786,4.0531,0.3864,302,713,0,0,1,0,0
4787,5.0905,0.3462,302,713,0,0,1,0,0
4788,3.3811,0.3113,301,713,0,0,1,0,0
4789,4.3468,0.4191,301,713,0,0,1,0,0
4790,4.0308,0.4793,300,713,0,0,1,0,0
4791,4.3536,0.4466,299,713,0,0,1,0,0
4792,3.9872,0.5168,299,713,0,0,1,0,0
4793,4.3939,0.3409,299,713,0,0,1,0,0
4794,3.8449,0.3387,299,713,0,0,1,0,0
4795,4.5699,0.4774,299,713,0,0,1,0,0
4796,3.7645,0.3889,298,713,0,0,1,0,0
4797,4.238,0.3911,297,713,0,0,1,0,0
4798,4.1811,0.3645,297,713,0,0,1,0,0
4799,4.3099,0.424,290,713,0,0,1,0,0
4800,4.0289,0.7708,290,713,0,0,1,0,0
4801,4.0457,0.6222,290,713,0,0,1,0,0
4802,4.575,0.3925,290,713,0,0,1,0,0
4803,3.778,0.4394,290,713,0,0,1,0,0
4804,4.2898,0.5938,290,713,0,0,1,0,0
4805,4.4121,0.3959,290,713,0,0,1,0,0
4806,3.8396,0.6607,289,713,0,0,1,0,0
4807,4.496,0.4655,289,713,0,0,1,0,0
4808,3.8223,0.4366,289,713,0,0,1,0,0
4809,4.2375,0.4394,289,713,0,0,1,0,0
4810,4.4799,0.3923,289,713,0,0,1,0,0
4811,3.8488,0.5947,286,713,0,0,1,0,0
4812,4.632,0.5191,286,713,0,0,1,0,0
4813,3.8962,0.7021,320,713,0,0,1,2,0.0365
4814,4.2776,0.4381,320,713,0,0,1,0,0
4815,3.8661,0.5001,320,713,0,0,1,0,0
4816,4.5369,0.4035,318,713,0,0,1,0,0
4817,4.1783,0.5563,318,713,0,0,1,0,0
4818,4.0712,0.5328,317,713,0,0,1,0,0
4819,4.2082,0.4326,316,713,0,0,1,0,0
4820,3.796,0.369,316,713,0,0,1,0,0
4821,4.544,0.394,315,713,0,0,1,0,0
4822,4.1569,0.4033,315,713,0,0,1,0,0
4823,4.1133,0.546,315,713,0,0,1,0,0
4824,4.3526,0.4987,314,713,0,0,1,0,0
4825,3.9592,0.5137,314,713,0,0,1,0,0
4826,4.1143,0.3752,314,713,0,0,1,0,0
4827,4.223,0.4542,314,713,0,0,1,0,0
4828,4.5232,0.5307,314,713,0,0,1,0,0
4829,3.8183,0.5336,314,713,0,0,1,0,0
4830,4.1458,0.5313,314,713,0,0,1,0,0
4831,4.1877,0.4302,314,713,0,0,1,0,0
4832,4.2388,0.4577,313,713,0,0,1,0,0
4833,4.0384,0.3896,312,713,0,0,1,0,0
4834,4.6729,0.4793,312,713,0,0,1,0,0
4835,3.8851,0.4711,311,713,0,0,1,0,0
4836,4.0556,0.3659,310,713,0,0,1,0,0
4837,4.2654,0.4465,310,713,0,0,1,0,0
4838,4.2749,0.3747,310,713,0,0,1,0,0
4839,3.9013,0.4213,310,713,0,0,1,0,0
4840,4.5434,0.3684,310,713,0,0,1,0,0
4841,4.06,0.4428,309,713,0,0,1,0,0
4842,4.2211,0.4098,309,713,0,0,1,0,0
4843,3.8537,0.4658,309,713,0,0,1,0,0
4844,4.2206,0.3961,309,713,0,0,1,0,0
4845,4.08,0.548,307,713,0,0,1,0,0
4846,4.1911,0.4656,307,713,0,0,1,0,0
4847,4.1183,0.4636,306,713,0,0,1,0,0
4848,4.268,0.4394,306,713,0,0,1,0,0
4849,4.0715,0.3939,306,713,0,0,1,0,0
4850,4.2332,0.472,306,713,0,0,1,0,0
4851,4.4126,0.4646,306,713,0,0,1,0,0
4852,3.9285,0.4243,305,713,0,0,1,0,0
4853,4.1364,0.5714,303,713,0,0,1,0,0
4854,4.1841,0.5159,303,713,0,0,1,0,0
4855,4.1424,0.5076,302,713,0,0,1,0,0
4856,4.199,0.4954,300,713,0,0,1,0,0
4857,4.1823,0.5197,300,713,0,0,1,0,0
4858,4.329,0.3756,299,713,0,0,1,0,0
4859,3.9514,0.4289,298,713,0,0,1,0,0
4860,4.2888,0.4779,298,713,0,0,1,0,0
4861,4.5023,0.4846,298,713,0,0,1,0,0
4862,3.7278,0.4226,298,713,0,0,1,0,0
4863,4.2003,0.3863,296,713,0,0,1,0,0
4864,4.6974,0.5409,295,713,0,0,1,0,0
4865,3.3194,0.54,295,713,0,0,1,0,0
4866,4.4104,0.4904,295,713,0,0,1,0,0
4867,4.1853,0.5864,295,713,0,0,1,0,0
4868,4.2497,0.4667,295,713,0,0,1,0,0
4869,3.9534,0.7389,293,713,0,0,1,0,0
4870,4.0253,0.4853,293,713,0,0,1,0,0
4871,4.1176,0.3746,293,713,0,0,1,0,0
4872,4.2726,0.4494,292,713,0,0,1,0,0
4873,4.0639,0.5535,292,713,0,0,1,0,0
4874,4.3835,0.4434,292,713,0,0,1,0,0
4875,3.9725,0.4143,285,713,0,0,1,0,0
4876,4.1632,0.3749,285,713,0,0,1,0,0
4877,4.2131,0.5201,285,713,0,0,1,0,0
4878,4.1959,0.5362,285,713,0,0,1,0,0
4879,4.1457,0.5176,285,713,0,0,1,0,0
4880,4.1142,0.3916,284,713,0,0,1,0,0
4881,4.2082,0.3805,284,713,0,0,1,0,0
4882,4.192,0.6938,284,713,0,0,1,0,0
4883,4.4626,0.67,283,713,0,0,1,0,0
4884,3.8506,0.4265,283,713,0,0,1,0,0
4885,4.1077,0.4996,283,713,0,0,1,0,0
4886,4.1967,0.5056,283,713,0,0,1,0,0
4887,4.1283,0.4272,283,713,0,0,1,0,0
4888,4.2482,0.5274,281,713,0,0,1,0,0
4889,4.0925,0.4797,281,713,0,0,1,0,0
4890,4.1765,0.474,327,713,0,0,1,0,0
4891,4.1767,0.4441,327,713,0,0,1,0,0
4892,4.1304,0.4635,326,713,0,0,1,0,0
4893,4.1531,0.386,326,713,0,0,1,0,0
4894,4.2615,0.3759,324,713,0,0,1,0,0
4895,4.0941,0.42,323,713,0,0,1,0,0
4896,4.2277,0.5852,322,713,0,0,1,0,0
4897,4.1244,0.482,322,713,0,0,1,0,0
4898,4.1474,0.5054,321,713,0,0,1,0,0
4899,4.2266,0.3929,320,713,0,0,1,0,0
4900,4.2389,0.5879,320,713,0,0,1,0,0
4901,4.0679,0.4559,320,713,0,0,1,0,0
4902,4.5062,0.473,319,713,0,0,1,0,0
4903,3.8449,0.5113,319,713,0,0,1,0,0
4904,4.1468,0.4308,319,713,0,0,1,0,0
4905,4.4647,0.6311,318,713,0,0,1,0,0
4906,3.9148,0.3864,318,713,0,0,1,0,0
4907,4.256,0.5589,318,713,0,0,1,0,0
4908,4.0888,0.5305,317,713,0,0,1,0,0
4909,4.0878,0.5017,316,713,0,0,1,0,0
4910,4.2077,0.4447,316,713,0,0,1,0,0
4911,4.1697,0.6164,315,713,0,0,1,0,0
4912,4.1702,0.3782,315,713,0,0,1,0,0
4913,4.2238,0.6366,314,713,0,0,1,0,0
4914,4.13,0.4605,314,713,0,0,1,0,0
4915,4.1862,0.5151,314,713,0,0,1,0,0
4916,4.1004,0.4381,314,713,0,0,1,0,0
4917,4.2196,0.4699,314,713,0,0,1,0,0
4918,4.1361,0.3807,313,713,0,0,1,0,0
4919,4.176,0.7021,313,713,0,0,1,0,0
4920,4.2296,0.5829,313,713,0,0,1,0,0
4921,4.1026,0.7024,313,713,0,0,1,0,0
4922,4.1808,0.4203,313,713,0,0,1,0,0
4923,4.1151,0.3995,313,713,0,0,1,0,0
4924,4.1428,0.5165,312,713,0,0,1,0,0
4925,4.3316,0.736,311,713,0,0,1,0,0
4926,4.0543,0.7892,310,713,0,0,1,0,0
4927,4.3932,0.4729,310,713,0,0,1,0,0
4928,3.9041,0.3605,310,713,0,0,1,0,0
4929,4.2184,0.4191,309,713,0,0,1,0,0
4930,4.1621,0.4651,308,713,0,0,1,0,0
4931,4.1841,0.5867,308,713,0,0,1,0,0
4932,4.2333,0.6588,308,713,0,0,1,0,0
4933,4.4141,0.5063,308,713,0,0,1,0,0
4934,3.8571,0.436,308,713,0,0,1,0,0
4935,4.0949,0.4867,307,713,0,0,1,0,0
4936,4.1846,0.4793,307,713,0,0,1,0,0
4937,4.1143,0.3815,306,713,0,0,1,0,0
4938,4.2091,0.3574,306,713,0,0,1,0,0
4939,4.2171,0.6981,305,713,0,0,1,0,0
4940,4.1258,0.4588,305,713,0,0,1,0,0
4941,4.3101,0.5189,305,713,0,0,1,0,0
4942,4.1212,0.4371,305,713,0,0,1,0,0
4943,4.0555,0.3896,305,713,0,0,1,0,0
4944,4.2415,0.4264,305,713,0,0,1,0,0
4945,4.1332,0.8727,305,713,0,0,1,0,0
4946,4.1595,0.4538,305,713,0,0,1,0,0
4947,4.1533,0.4108,304,713,0,0,1,0,0
4948,4.243,0.5134,304,713,0,0,1,0,0
4949,4.1375,0.4036,304,713,0,0,1,0,0
4950,4.1381,0.7113,304,713,0,0,1,0,0
4951,4.1767,0.6674,304,713,0,0,1,0,0
4952,4.1176,0.3883,297,713,0,0,1,0,0
4953,4.2402,0.4827,296,713,0,0,1,0,0
4954,4.1777,0.4348,295,713,0,0,1,0,0
4955,4.3772,0.4809,295,713,0,0,1,0,0
4956,3.9514,0.6335,295,713,0,0,1,0,0
4957,4.4842,0.38,294,713,0,0,1,0,0
4958,3.8129,0.4226,294,713,0,0,1,0,0
4959,4.2275,0.5743,293,713,0,0,1,0,0
4960,4.1622,0.5169,293,713,0,0,1,0,0
4961,4.0569,0.5767,292,713,0,0,1,0,0
4962,4.155,0.3678,292,713,0,0,1,0,0
4963,4.2163,0.552,291,713,0,0,1,0,0
4964,4.139,0.4519,291,713,0,0,1,0,0
4965,4.2251,0.492,291,713,0,0,1,0,0
4966,4.1611,0.4483,289,713,0,0,1,0,0
4967,4.175,0.4324,323,713,0,0,1,0,0
4968,4.1367,0.5036,323,713,0,0,1,0,0
4969,4.212,0.9218,322,713,0,0,1,0,0
4970,4.2135,0.7294,322,713,0,0,1,0,0
4971,4.0715,0.4628,321,713,0,0,1,0,0
4972,4.2673,0.4472,321,713,0,0,1,0,0
4973,4.1135,0.4261,319,713,0,0,1,0,0
4974,4.2532,0.3986,319,713,0,0,1,0,0
4975,4.0706,0.6283,319,713,0,0,1,0,0
4976,4.1403,0.4912,319,713,0,0,1,0,0
4977,4.1747,0.4953,319,713,0,0,1,0,0
4978,4.2052,0.4651,319,713,0,0,1,0,0
4979,4.159,0.4506,319,713,0,0,1,0,0
4980,4.4208,0.3892,319,713,0,0,1,0,0
4981,3.8488,0.5735,319,713,0,0,1,0,0
4982,4.1626,0.7406,319,713,0,0,1,0,0
4983,4.2361,0.6935,319,713,0,0,1,0,0
4984,4.4296,0.4624,319,713,0,0,1,0,0
4985,3.8197,0.3886,319,713,0,0,1,0,0
4986,4.2255,0.3727,319,713,0,0,1,0,0
4987,4.1955,0.427,319,713,0,0,1,0,0
4988,4.0966,0.4799,317,713,0,0,1,0,0
4989,4.2004,0.7081,317,713,0,0,1,0,0
4990,4.2722,0.4998,317,713,0,0,1,0,0
4991,4.0323,0.4024,316,713,0,0,1,0,0
4992,4.2577,0.4381,316,713,0,0,1,0,0
4993,4.0807,0.4252,316,713,0,0,1,0,0
4994,4.2222,0.4566,316,713,0,0,1,0,0
4995,4.1744,0.4708,316,713,0,0,1,0,0
4996,4.1763,0.5079,315,713,0,0,1,0,0
4997,4.1527,0.5001,315,713,0,0,1,0,0
4998,4.2293,0.4011,314,713,0,0,1,0,0
4999,4.0962,0.5755,312,713,0,0,1,0,0
5000,4.1461,0.4451,312,713,0,0,1,0,0
5001,4.2348,0.8266,312,713,0,0,1,0,0
5002,4.1067,0.6221,311,713,0,0,1,0,0
5003,4.2266,0.468,311,713,0,0,1,0,0
5004,4.1703,0.4119,311,713,0,0,1,0,0
5005,4.486,0.3797,311,713,0,0,1,0,0
5006,3.7422,0.7592,310,713,0,0,1,0,0
5007,4.1861,0.4769,310,713,0,0,1,0,0
5008,4.4112,0.7102,309,713,0,0,1,0,0
5009,3.8932,0.4258,308,713,0,0,1,0,0
5010,4.1823,0.3699,308,713,0,0,1,0,0
5011,4.2405,0.4273,308,713,0,0,1,0,0
5012,4.0904,0.472,308,713,0,0,1,0,0
5013,4.4442,0.45,307,713,0,0,1,0,0
5014,3.9288,0.4267,307,713,0,0,1,0,0
5015,4.1277,0.3656,307,713,0,0,1,0,0
5016,4.2466,0.4395,305,713,0,0,1,0,0
5017,4.0945,0.464,304,713,0,0,1,0,0
5018,4.2006,0.5911,304,713,0,0,1,0,0
5019,4.1526,0.4238,303,713,0,0,1,0,0
5020,4.2003,0.6385,301,713,0,0,1,0,0
5021,4.1438,0.5879,300,713,0,0,1,0,0
5022,4.216,0.5583,300,713,0,0,1,0,0
5023,4.1095,0.4818,300,713,0,0,1,0,0
5024,4.1712,0.6616,300,713,0,0,1,0,0
5025,4.2016,0.6509,300,713,0,0,1,0,0
5026,4.1474,0.4005,300,713,0,0,1,0,0
5027,4.3017,0.714,298,713,0,0,1,0,0
5028,3.989,0.4692,298,713,0,0,1,0,0
5029,4.2481,0.464,291,713,0,0,1,0,0
5030,4.1404,0.3778,291,713,0,0,1,0,0
5031,4.1391,0.3958,291,713,0,0,1,0,0
5032,4.2132,0.6832,291,713,0,0,1,0,0
5033,4.0574,0.3942,291,713,0,0,1,0,0
5034,4.576,0.4197,291,713,0,0,1,0,0
5035,3.8505,0.6699,291,713,0,0,1,0,0
5036,4.1491,0.4524,290,713,0,0,1,0,0
5037,4.1037,0.5507,290,713,0,0,1,0,0
5038,4.1767,0.3528,290,713,0,0,1,0,0
5039,4.4283,0.3714,290,713,0,0,1,0,0
5040,4.3124,0.4998,290,713,0,0,1,0,0
5041,3.7914,0.4491,289,713,0,0,1,0,0
5042,4.156,0.41,286,713,0,0,1,0,0
5043,4.1767,0.39,286,713,0,0,1,0,0
5044,4.1718,0.5933,332,713,0,0,1,6,0.0582
5045,4.2865,0.6679,332,713,0,0,1,0,0
5046,4.0787,0.6249,332,713,0,0,1,0,0
5047,4.1907,0.5143,331,713,0,0,1,0,0
5048,4.1087,0.4147,331,713,0,0,1,0,0
5049,4.1754,0.5115,331,713,0,0,1,0,0
5050,4.1705,0.4024,330,713,0,0,1,0,0
5051,4.1449,0.3933,330,713,0,0,1,0,0
5052,4.2321,0.4547,330,713,0,0,1,0,0
5053,4.0883,0.4616,330,713,0,0,1,0,0
5054,4.1908,0.4735,330,713,0,0,1,0,0
5055,4.1859,0.4339,330,713,0,0,1,0,0
5056,4.1606,0.4427,330,713,0,0,1,0,0
5057,4.1128,0.3898,330,713,0,0,1,0,0
5058,4.2373,0.5788,330,713,0,0,1,0,0
5059,4.1396,0.4004,330,713,0,0,1,0,0
5060,4.1721,0.4686,330,713,0,0,1,0,0
5061,4.1139,0.4738,329,713,0,0,1,0,0
5062,4.2135,0.4492,328,713,0,0,1,0,0
5063,4.433,0.4246,328,713,0,0,1,0,0
5064,3.9631,0.6098,328,713,0,0,1,0,0
5065,4.0788,0.3829,327,713,0,0,1,0,0
5066,4.1677,0.5669,325,713,0,0,1,0,0
5067,4.1896,0.4655,325,713,0,0,1,0,0
5068,4.1878,0.4823,325,713,0,0,1,0,0
5069,4.1344,0.4464,324,713,0,0,1,0,0
5070,4.171,0.686,324,713,0,0,1,0,0
5071,4.1905,0.4407,324,713,0,0,1,0,0
5072,4.1885,0.432,324,713,0,0,1,0,0
5073,4.1196,0.395,322,713,0,0,1,0,0
5074,4.2238,0.548,322,713,0,0,1,0,0
5075,4.0807,0.6078,322,713,0,0,1,0,0
5076,4.2391,0.4407,320,713,0,0,1,0,0
5077,4.1756,0.6117,320,713,0,0,1,0,0
5078,4.12,0.4295,320,713,0,0,1,0,0
5079,4.1974,0.4047,320,713,0,0,1,0,0
5080,4.1858,0.6416,320,713,0,0,1,0,0
5081,4.8265,0.5571,320,713,0,0,1,0,0
5082,3.7761,0.5034,320,713,0,0,1,0,0
5083,4.2033,0.4097,320,713,0,0,1,0,0
5084,4.1941,0.4287,319,713,0,0,1,0,0
5085,4.5668,0.444,318,713,0,0,1,0,0
5086,3.6901,0.5392,318,713,0,0,1,0,0
5087,4.1621,0.4984,318,713,0,0,1,0,0
5088,4.1982,0.5566,317,713,0,0,1,0,0
5089,4.147,0.4978,317,713,0,0,1,0,0
5090,4.1939,0.4265,316,713,0,0,1,0,0
5091,4.1807,0.4506,315,713,0,0,1,0,0
5092,4.2392,0.4985,314,713,0,0,1,0,0
5093,4.4115,0.5333,314,713,0,0,1,0,0
5094,4.1434,0.4843,313,713,0,0,1,0,0
5095,4.0807,0.4,313,713,0,0,1,0,0
5096,4.3383,0.3783,313,713,0,0,1,0,0
5097,3.7775,0.3341,313,713,0,0,1,0,0
5098,4.2037,0.3779,313,713,0,0,1,0,0
5099,4.3245,0.3901,313,713,0,0,1,0,0
5100,4.9546,0.4013,312,713,0,0,1,0,0
5101,3.3894,0.4361,312,713,0,0,1,0,0
5102,4.2443,0.5676,312,713,0,0,1,0,0
5103,3.9068,0.4954,312,713,0,0,1,0,0
5104,4.5874,0.5462,312,713,0,0,1,0,0
5105,4.7608,0.5371,305,713,0,0,1,0,0
5106,3.2872,0.4882,305,713,0,0,1,0,0
5107,4.9963,0.3803,304,713,0,0,1,0,0
5108,3.1808,0.4693,304,713,0,0,1,0,0
5109,4.9107,1.3021,304,713,0,0,1,0,0
5110,3.0923,0.4975,304,713,0,0,1,0,0
5111,4.242,1.0385,304,713,0,0,1,0,0
5112,4.0885,0.4799,304,713,0,0,1,0,0
5113,4.1631,0.7618,302,713,0,0,1,0,0
5114,4.1586,1.5655,301,713,0,0,1,0,0
5115,4.2481,0.46,300,713,0,0,1,0,0
5116,4.0892,0.9527,300,713,0,0,1,0,0
5117,4.1622,1.8527,300,713,0,0,1,0,0
5118,4.1753,1.1906,299,713,0,0,1,0,0
5119,4.1804,0.8001,298,713,0,0,1,0,0
5120,4.4342,1.258,331,713,0,0,1,0,0
5121,3.8799,0.7999,331,713,0,0,1,0,0
5122,4.163,0.5646,329,713,0,0,1,0,0
5123,4.1667,1.4221,329,713,0,0,1,0,0
5124,4.2395,1.3909,328,713,0,0,1,0,0
5125,4.094,1.2725,327,713,0,0,1,0,0
5126,4.193,0.4599,327,713,0,0,1,0,0
5127,4.1519,1.2644,327,713,0,0,1,0,0
5128,4.1724,1.0299,327,713,0,0,1,0,0
5129,4.1463,1.0679,327,713,0,0,1,0,0
5130,4.1758,1.3945,326,713,0,0,1,0,0
5131,4.1596,0.9699,325,713,0,0,1,0,0
5132,4.2588,1.2072,325,713,0,0,1,0,0
5133,4.0788,0.3642,324,713,0,0,1,0,0
5134,4.1763,0.9692,324,713,0,0,1,0,0
5135,4.182,0.9672,324,713,0,0,1,0,0
5136,4.1793,1.4315,323,713,0,0,1,0,0
5137,4.131,0.406,323,713,0,0,1,0,0
5138,4.1775,0.3815,323,713,0,0,1,0,0
5139,4.1785,0.6317,322,713,0,0,1,0,0
5140,4.1637,0.5146,321,713,0,0,1,0,0
5141,4.1697,1.3365,321,713,0,0,1,0,0
5142,4.1455,0.8798,321,713,0,0,1,0,0
5143,4.2326,1.1091,321,713,0,0,1,0,0
5144,4.2945,0.5468,321,713,0,0,1,0,0
5145,3.9719,0.3787,320,713,0,0,1,0,0
5146,4.2039,1.5988,319,713,0,0,1,0,0
5147,4.1461,1.6057,319,713,0,0,1,0,0
5148,4.2291,1.0063,317,713,0,0,1,0,0
5149,4.1035,1.2825,316,713,0,0,1,0,0
5150,4.1494,0.3804,316,713,0,0,1,0,0
5151,4.7644,0.3796,316,713,0,0,1,0,0
5152,3.8279,0.3171,315,713,0,0,1,0,0
5153,4.2494,0.4313,315,713,0,0,1,0,0
5154,4.1189,0.6151,315,713,0,0,1,0,0
5155,4.3274,0.4598,313,713,0,0,1,0,0
5156,3.9523,0.3539,311,713,0,0,1,0,0
5157,4.2652,0.6549,311,713,0,0,1,0,0
5158,4.1325,0.4942,311,713,0,0,1,0,0
5159,4.1607,0.4027,310,713,0,0,1,0,0
5160,4.2486,0.4391,310,713,0,0,1,0,0
5161,4.0494,0.621,309,713,0,0,1,0,0
5162,4.2804,0.4638,309,713,0,0,1,0,0
5163,4.0199,0.4257,309,713,0,0,1,0,0
5164,4.3802,0.7514,308,713,0,0,1,0,0
5165,3.9885,0.743,308,713,0,0,1,0,0
5166,4.1684,0.5028,308,713,0,0,1,0,0
5167,4.2251,0.4701,308,713,0,0,1,0,0
5168,8.3549,0.6782,307,713,0,0,1,0,0
5169,4.0761,0.4363,305,713,0,0,1,0,0
5170,4.1787,0.6059,304,713,0,0,1,0,0
5171,4.2488,0.4288,304,713,0,0,1,0,0
5172,8.6519,0.7756,303,713,0,0,1,0,0
5173,3.7756,0.486,303,713,0,0,1,0,0
5174,4.2124,1.2861,302,713,0,0,1,0,0
5175,3.9274,0.4034,302,713,0,0,1,0,0
5176,4.1243,0.3829,302,713,0,0,1,0,0
5177,4.202,0.4475,301,713,0,0,1,0,0
5178,4.1354,0.4806,300,713,0,0,1,0,0
5179,4.1141,0.4602,300,713,0,0,1,0,0
5180,4.2273,0.3926,300,713,0,0,1,0,0
5181,4.2027,0.5981,292,713,0,0,1,0,0
5182,5.0159,0.3887,292,713,0,0,1,0,0
5183,3.5134,0.5486,292,713,0,0,1,0,0
5184,4.5576,0.4518,291,713,0,0,1,0,0
5185,3.7665,0.3873,290,713,0,0,1,0,0
5186,4.2199,0.4607,289,713,0,0,1,0,0
5187,4.1205,0.4796,289,713,0,0,1,0,0
5188,4.1549,0.6833,288,713,0,0,1,0,0
5189,4.6229,0.586,288,713,0,0,1,0,0
5190,8.3079,0.3744,288,713,0,0,1,0,0
5191,3.7389,0.4449,287,713,0,0,1,0,0
5192,4.1491,0.462,285,713,0,0,1,0,0
5193,4.2025,0.4338,285,713,0,0,1,0,0
5194,8.4178,0.4512,330,713,0,0,1,0,0
5195,4.0895,0.385,330,713,0,0,1,0,0
5196,4.1777,0.3892,330,713,0,0,1,0,0
5197,4.3959,0.4237,329,713,0,0,1,0,0
5198,3.8811,0.4773,329,713,0,0,1,0,0
5199,4.1958,0.5267,328,713,0,0,1,0,0
5200,4.1825,0.4849,326,713,0,0,1,0,0
5201,4.2123,0.9239,324,713,0,0,1,0,0
5202,3.925,0.467,324,713,0,0,1,0,0
5203,4.1213,0.402,323,713,0,0,1,0,0
5204,4.3754,0.5949,323,713,0,0,1,0,0
5205,3.9667,0.6241,323,713,0,0,1,0,0
5206,4.1333,0.527,322,713,0,0,1,0,0
5207,4.1593,0.5084,322,713,0,0,1,0,0
5208,4.2012,0.4652,321,713,0,0,1,0,0
5209,4.207,0.4816,321,713,0,0,1,0,0
5210,4.3139,0.6663,321,713,0,0,1,0,0
5211,4.0515,0.6209,319,713,0,0,1,0,0
5212,4.413,0.4205,319,713,0,0,1,0,0
5213,4.1985,0.5338,319,713,0,0,1,0,0
5214,3.8244,0.6775,318,713,0,0,1,0,0
5215,4.1731,0.5082,318,713,0,0,1,0,0
5216,4.1471,0.4042,317,713,0,0,1,0,0
5217,4.1207,0.5694,316,713,0,0,1,0,0
5218,4.2977,0.4152,316,713,0,0,1,0,0
5219,4.1,0.447,316,713,0,0,1,0,0
5220,4.2002,0.5374,316,713,0,0,1,0,0
5221,4.15,0.4885,315,713,0,0,1,0,0
5222,4.1115,0.4105,315,713,0,0,1,0,0
5223,4.135,0.5888,315,713,0,0,1,0,0
5224,4.2016,0.4124,315,713,0,0,1,0,0
5225,4.2026,0.4467,315,713,0,0,1,0,0
5226,4.1212,0.4914,312,713,0,0,1,0,0
5227,4.1743,0.4672,312,713,0,0,1,0,0
5228,4.2392,0.4087,312,713,0,0,1,0,0
5229,4.0698,0.5377,312,713,0,0,1,0,0
5230,4.2255,0.568,312,713,0,0,1,0,0
5231,4.1711,0.4655,312,713,0,0,1,0,0
5232,4.1232,0.6409,311,713,0,0,1,0,0
5233,4.2511,0.4677,311,713,0,0,1,0,0
5234,4.1046,0.3851,310,713,0,0,1,0,0
5235,4.1913,0.3691,308,713,0,0,1,0,0
5236,4.3331,0.3874,307,713,0,0,1,0,0
5237,4.0044,0.7034,306,713,0,0,1,0,0
5238,4.1698,0.5347,305,713,0,0,1,0,0
5239,8.5137,0.5651,304,713,0,0,1,0,0
5240,4.1927,0.3725,303,713,0,0,1,0,0
5241,4.386,2.2454,303,713,0,0,1,0,0
5242,4.1825,0.6343,303,713,0,0,1,0,0
5243,4.156,0.5186,303,713,0,0,1,0,0
5244,4.0262,0.4704,303,713,0,0,1,0,0
5245,4.7778,0.4729,302,713,0,0,1,0,0
5246,3.5203,0.3683,302,713,0,0,1,0,0
5247,4.1678,0.7094,302,713,0,0,1,0,0
5248,4.2,0.5208,301,713,0,0,1,0,0
5249,4.4237,0.3977,300,713,0,0,1,0,0
5250,3.855,0.4333,300,713,0,0,1,0,0
5251,4.3547,0.5569,300,713,0,0,1,0,0
5252,4.0045,0.5493,300,713,0,0,1,0,0
5253,4.6781,0.6905,299,713,0,0,1,0,0
5254,3.7091,0.5108,291,713,0,0,1,0,0
5255,5.8444,0.4935,291,713,0,0,1,0,0
5256,2.5346,0.5999,291,713,0,0,1,0,0
5257,4.322,1.1896,291,713,0,0,1,0,0
5258,3.9702,0.5236,291,713,0,0,1,0,0
5259,4.1369,0.7383,290,713,0,0,1,0,0
5260,4.2631,2.9527,289,713,0,0,1,0,0
5261,4.7406,0.7114,289,713,0,0,1,0,0
5262,3.6392,0.6632,289,713,0,0,1,0,0
5263,4.0664,1.2653,289,713,0,0,1,0,0
5264,9.5768,0.665,288,713,0,0,1,0,0
5265,2.9343,0.9153,288,713,0,0,1,0,0
5266,4.5475,0.4947,286,713,0,0,1,0,0
5267,3.7658,0.5506,285,713,0,0,1,0,0
5268,4.4149,0.5862,319,713,0,0,1,0,0
5269,4.0447,2.1239,319,713,0,0,1,0,0
5270,4.0899,0.7594,319,713,0,0,1,0,0
5271,4.4297,0.6288,319,713,0,0,1,0,0
5272,5.646,0.7535,318,713,0,0,1,0,0
5273,6.6842,0.671,316,713,0,0,1,0,0
5274,4.0924,0.5249,316,713,0,0,1,0,0
5275,4.3435,0.6866,315,713,0,0,1,0,0
5276,4.311,0.8377,315,713,0,0,1,0,0
5277,3.9462,0.7597,315,713,0,0,1,0,0
5278,4.0978,0.625,314,713,0,0,1,0,0
5279,5.107,0.5674,314,713,0,0,1,0,0
5280,7.3824,0.6749,314,713,0,0,1,0,0
5281,4.3788,0.7579,314,713,0,0,1,0,0
5282,4.1441,0.6941,314,713,0,0,1,0,0
5283,3.8322,0.666,313,713,0,0,1,0,0
5284,4.1961,0.5396,312,713,0,0,1,0,0
5285,8.5362,0.6242,311,713,0,0,1,0,0
5286,3.9194,0.4366,309,713,0,0,1,0,0
5287,4.1887,0.5428,309,713,0,0,1,0,0
5288,4.2874,0.6515,309,713,0,0,1,0,0
5289,4.216,0.5747,309,713,0,0,1,0,0
5290,4.0451,0.5505,309,713,0,0,1,0,0
5291,4.1165,0.57,309,713,0,0,1,0,0
5292,4.2223,0.6592,307,713,0,0,1,0,0
5293,4.3487,0.6318,307,713,0,0,1,0,0
5294,3.8688,0.5222,307,713,0,0,1,0,0
5295,4.324,0.5564,307,713,0,0,1,0,0
5296,4.0528,0.66,307,713,0,0,1,0,0
5297,4.4665,0.6382,306,713,0,0,1,0,0
5298,3.8542,0.5532,305,713,0,0,1,0,0
5299,4.4087,0.6196,305,713,0,0,1,0,0
5300,4.3088,0.6088,305,713,0,0,1,0,0
5301,4.4745,0.6012,305,713,0,0,1,0,0
5302,3.4313,0.4904,304,713,0,0,1,0,0
5303,4.2123,0.619,302,713,0,0,1,0,0
5304,4.223,0.7986,301,713,0,0,1,0,0
5305,4.3978,0.4122,301,713,0,0,1,0,0
5306,3.8927,0.5798,301,713,0,0,1,0,0
5307,4.1728,0.6173,300,713,0,0,1,0,0
5308,8.9114,0.6039,300,713,0,0,1,0,0
5309,3.5657,0.5657,300,713,0,0,1,0,0
5310,4.5226,0.5517,300,713,0,0,1,0,0
5311,3.8756,0.5799,300,713,0,0,1,0,0
5312,4.3219,0.6102,299,713,0,0,1,0,0
5313,3.9887,0.5471,299,713,0,0,1,0,0
5314,4.1827,0.618,299,713,0,0,1,0,0
5315,4.1147,0.4903,298,713,0,0,1,0,0
5316,4.3372,0.5348,297,713,0,0,1,0,0
5317,3.9954,0.5856,297,713,0,0,1,0,0
5318,4.2033,0.6812,296,713,0,0,1,0,0
5319,4.1841,0.5638,295,713,0,0,1,0,0
5320,4.3121,0.4568,294,713,0,0,1,0,0
5321,4.0223,0.5987,294,713,0,0,1,0,0
5322,4.1378,0.6406,293,713,0,0,1,0,0
5323,4.2153,0.7068,292,713,0,0,1,0,0
5324,4.2936,0.5322,291,713,0,0,1,0,0
5325,3.9794,0.562,284,713,0,0,1,0,0
5326,8.3426,0.609,284,713,0,0,1,0,0
5327,4.2779,0.6457,284,713,0,0,1,0,0
5328,4.0497,0.5161,283,713,0,0,1,0,0
5329,4.1487,0.6123,283,713,0,0,1,0,0
5330,4.1738,0.52,283,713,0,0,1,0,0
5331,4.2554,0.5879,283,713,0,0,1,0,0
5332,4.1826,0.4857,283,713,0,0,1,0,0
5333,4.0382,0.523,283,713,0,0,1,0,0
5334,4.1738,0.7141,283,713,0,0,1,0,0
5335,4.3167,0.7097,281,713,0,0,1,0,0
5336,3.9759,0.5117,280,713,0,0,1,0,0
5337,4.1828,0.5482,280,713,0,0,1,0,0
5338,4.1828,0.6034,280,713,0,0,1,0,0
5339,4.2377,0.71,279,713,0,0,1,0,0
5340,4.0667,0.5083,325,713,0,0,1,0,0
5341,4.1212,0.4512,325,713,0,0,1,0,0
5342,4.2085,0.4486,325,713,0,0,1,0,0
5343,4.1427,0.5913,325,713,0,0,1,0,0
5344,4.157,0.5561,325,713,0,0,1,0,0
5345,4.1691,0.5001,325,713,0,0,1,0,0
5346,4.1928,0.4186,325,713,0,0,1,0,0
5347,4.1925,0.5477,325,713,0,0,1,0,0
5348,4.0922,0.4269,325,713,0,0,1,0,0
5349,4.1924,0.4778,323,713,0,0,1,0,0
5350,4.1498,0.5796,323,713,0,0,1,0,0
5351,4.146,0.5952,320,713,0,0,1,0,0
5352,4.1746,0.4456,320,713,0,0,1,0,0
5353,4.2169,0.5045,319,713,0,0,1,0,0
5354,8.4748,0.433,317,713,0,0,1,0,0
5355,3.9999,0.5386,317,713,0,0,1,0,0
5356,4.1682,0.6322,316,713,0,0,1,0,0
5357,4.1959,0.4911,315,713,0,0,1,0,0
5358,4.15,0.3881,315,713,0,0,1,0,0
5359,4.125,0.4569,314,713,0,0,1,0,0
5360,4.1588,0.3593,313,713,0,0,1,0,0
5361,4.1603,0.5291,312,713,0,0,1,0,0
5362,4.2023,0.4976,311,713,0,0,1,0,0
5363,4.1334,0.4159,311,713,0,0,1,0,0
5364,4.1717,0.3772,311,713,0,0,1,0,0
5365,4.1526,0.4193,311,713,0,0,1,0,0
5366,4.1746,0.5589,310,713,0,0,1,0,0
5367,4.2065,0.5309,310,713,0,0,1,0,0
5368,4.1797,0.4564,310,713,0,0,1,0,0
5369,4.1403,0.372,310,713,0,0,1,0,0
5370,4.1602,0.4895,309,713,0,0,1,0,0
5371,4.168,0.4128,308,713,0,0,1,0,0
5372,4.1686,0.5394,305,713,0,0,1,0,0
5373,4.1259,0.4403,305,713,0,0,1,0,0
5374,4.1661,0.5677,305,713,0,0,1,0,0
5375,4.1576,0.436,304,713,0,0,1,0,0
5376,4.3203,0.418,304,713,0,0,1,0,0
5377,4.0274,0.5378,304,713,0,0,1,0,0
5378,4.1516,0.6546,304,713,0,0,1,0,0
5379,4.0393,0.3209,304,713,0,0,1,0,0
5380,4.0886,0.323,304,713,0,0,1,0,0
5381,4.2193,0.6189,304,713,0,0,1,0,0
5382,4.1636,0.3958,301,713,0,0,1,0,0
5383,4.1375,0.3561,301,713,0,0,1,0,0
5384,4.1853,0.3072,300,713,0,0,1,0,0
5385,4.1383,0.4458,299,713,0,0,1,0,0
5386,4.1773,0.3983,299,713,0,0,1,0,0
5387,4.1479,0.3791,298,713,0,0,1,0,0
5388,4.2272,0.5172,298,713,0,0,1,0,0
5389,4.1202,0.2978,297,713,0,0,1,0,0
5390,4.159,0.3609,297,713,0,0,1,0,0
5391,4.1624,0.7257,297,713,0,0,1,0,0
5392,4.1933,0.3359,296,713,0,0,1,0,0
5393,4.1378,0.2927,296,713,0,0,1,0,0
5394,4.1713,0.3025,295,713,0,0,1,0,0
5395,4.1655,0.3873,295,713,0,0,1,0,0
5396,4.2381,0.3963,295,713,0,0,1,0,0
5397,4.1218,0.3062,294,713,0,0,1,0,0
5398,4.6227,0.4378,294,713,0,0,1,0,0
5399,3.6951,0.3608,294,713,0,0,1,0,0
5400,4.1633,0.374,293,713,0,0,1,0,0
5401,4.2988,0.3474,285,713,0,0,1,0,0
5402,4.0579,0.4245,285,713,0,0,1,0,0
5403,4.1537,0.3663,285,713,0,0,1,0,0
5404,4.1549,0.3712,283,713,0,0,1,0,0
5405,4.1506,0.4899,283,713,0,0,1,0,0
5406,4.1934,0.3047,281,713,0,0,1,0,0
5407,4.155,0.3685,281,713,0,0,1,0,0
5408,4.1604,0.3883,281,713,0,0,1,0,0
5409,4.3129,0.3193,281,713,0,0,1,0,0
5410,4.0344,0.3135,281,713,0,0,1,0,0
5411,4.1646,0.3804,280,713,0,0,1,0,0
5412,4.1807,0.3766,280,713,0,0,1,0,0
5413,4.1908,0.501,280,713,0,0,1,0,0
5414,4.1116,0.3133,279,713,0,0,1,0,0
5415,4.1895,0.3626,279,713,0,0,1,0,0
5416,4.171,0.3745,313,713,0,0,1,0,0
5417,4.1344,0.4018,313,713,0,0,1,0,0
5418,4.1738,0.3005,313,713,0,0,1,0,0
5419,4.155,0.3523,313,713,0,0,1,0,0
5420,4.2359,0.3785,313,713,0,0,1,0,0
5421,4.1205,0.4715,313,713,0,0,1,0,0
5422,4.165,0.3738,313,713,0,0,1,0,0
5423,4.181,0.3057,313,713,0,0,1,0,0
5424,4.1589,0.3025,313,713,0,0,1,0,0
5425,4.149,0.3188,313,713,0,0,1,0,0
5426,4.1852,0.3948,313,713,0,0,1,0,0
5427,4.161,0.3585,312,713,0,0,1,0,0
5428,4.2274,0.5185,312,713,0,0,1,0,0
5429,4.0934,0.3264,312,713,0,0,1,0,0
5430,4.1608,0.316,311,713,0,0,1,0,0
5431,4.1881,0.4845,311,713,0,0,1,0,0
5432,4.158,0.3838,309,713,0,0,1,0,0
5433,4.183,0.3331,309,713,0,0,1,0,0
5434,4.1971,0.3887,309,713,0,0,1,0,0
5435,4.1297,0.3079,309,713,0,0,1,0,0
5436,4.1555,0.3717,309,713,0,0,1,0,0
5437,4.3355,0.5935,308,713,0,0,1,0,0
5438,4.163,0.4847,308,713,0,0,1,0,0
5439,3.9974,0.2932,308,713,0,0,1,0,0
5440,4.3567,0.3811,308,713,0,0,1,0,0
5441,4.2141,0.4795,308,713,0,0,1,0,0
5442,4.0701,0.4869,306,713,0,0,1,0,0
5443,4.169,0.4736,306,713,0,0,1,0,0
5444,4.0412,0.3023,306,713,0,0,1,0,0
5445,4.2958,0.43,306,713,0,0,1,0,0
5446,4.0117,0.4703,306,713,0,0,1,0,0
5447,4.3674,0.408,306,713,0,0,1,0,0
5448,4.1541,0.3378,305,713,0,0,1,0,0
5449,4.0952,0.2971,305,713,0,0,1,0,0
5450,4.3816,0.4508,305,713,0,0,1,0,0
5451,3.8583,0.384,305,713,0,0,1,0,0
5452,4.3536,0.4798,305,713,0,0,1,0,0
5453,4.1361,0.3899,305,713,0,0,1,0,0
5454,4.1964,0.5842,305,713,0,0,1,0,0
5455,4.1511,0.4515,304,713,0,0,1,0,0
5456,3.9907,0.3771,303,713,0,0,1,0,0
5457,4.5297,0.457,302,713,0,0,1,0,0
5458,4.0156,0.4465,302,713,0,0,1,0,0
5459,4.2889,0.5023,301,713,0,0,1,0,0
5460,3.9921,0.427,299,713,0,0,1,0,0
5461,4.094,0.6332,299,713,0,0,1,0,0
5462,4.1604,0.3808,299,713,0,0,1,0,0
5463,4.1555,0.342,299,713,0,0,1,0,0
5464,4.3275,0.418,299,713,0,0,1,0,0
5465,4.1269,0.3764,299,713,0,0,1,0,0
5466,4.0143,0.4073,299,713,0,0,1,0,0
5467,4.1661,0.5328,299,713,0,0,1,0,0
5468,4.2441,0.3252,298,713,0,0,1,0,0
5469,4.2211,0.4412,297,713,0,0,1,0,0
5470,4.0888,0.6518,297,713,0,0,1,0,0
5471,4.2705,0.4622,297,713,0,0,1,0,0
5472,4.2075,0.4265,297,713,0,0,1,0,0
5473,3.9551,0.3658,297,713,0,0,1,0,0
5474,4.3244,0.4386,297,713,0,0,1,0,0
5475,4.1011,0.4313,297,713,0,0,1,0,0
5476,4.2761,0.4999,296,713,0,0,1,0,0
5477,4.4196,0.3558,289,713,0,0,1,0,0
5478,4.0715,0.5609,289,713,0,0,1,0,0
5479,3.9473,0.6168,289,713,0,0,1,0,0
5480,4.1501,0.4486,288,713,0,0,1,0,0
5481,4.208,0.442,288,713,0,0,1,0,0
5482,4.1685,0.4201,288,713,0,0,1,0,0
5483,4.0579,0.4411,288,713,0,0,1,0,0
5484,4.279,0.4559,288,713,0,0,1,0,0
5485,4.1365,0.6727,288,713,0,0,1,0,0
5486,4.1007,0.3804,287,713,0,0,1,0,0
5487,4.2197,0.3845,287,713,0,0,1,0,0
5488,4.2627,0.5399,286,713,0,0,1,0,0
5489,4.4207,0.4431,286,713,0,0,1,0,0
5490,3.8407,0.409,286,713,0,0,1,0,0
5491,4.1293,0.5118,286,713,0,0,1,0,0
5492,4.2232,0.4972,331,713,0,0,1,0,0
5493,4.2908,0.5656,331,713,0,0,1,0,0
5494,3.9948,0.4907,331,713,0,0,1,0,0
5495,4.2437,0.4735,330,713,0,0,1,0,0
5496,4.1638,0.4637,329,713,0,0,1,0,0
5497,4.0739,0.3917,328,713,0,0,1,0,0
5498,4.2127,0.5624,328,713,0,0,1,0,0
5499,4.1608,0.7654,328,713,0,0,1,0,0
5500,4.2284,0.531,328,713,0,0,1,0,0
5501,4.1351,0.5099,327,713,0,0,1,0,0
5502,4.1897,0.5296,326,713,0,0,1,0,0
5503,4.0968,0.5569,326,713,0,0,1,0,0
5504,4.1846,0.4397,324,713,0,0,1,0,0
5505,4.1481,0.5871,323,713,0,0,1,0,0
5506,4.1791,0.5136,323,713,0,0,1,0,0
5507,4.1552,0.7178,322,713,0,0,1,0,0
5508,4.558,0.4536,322,713,0,0,1,0,0
5509,3.7464,0.5331,322,713,0,0,1,0,0
5510,4.2867,0.6543,320,713,0,0,1,0,0
5511,4.0952,0.3928,320,713,0,0,1,0,0
5512,4.1585,0.448,319,713,0,0,1,0,0
5513,4.1413,0.4976,319,713,0,0,1,0,0
5514,4.1707,0.4502,319,713,0,0,1,0,0
5515,4.1672,0.6247,318,713,0,0,1,0,0
5516,4.185,0.4096,318,713,0,0,1,0,0
5517,4.2904,0.6776,317,713,0,0,1,0,0
5518,4.0202,0.4061,317,713,0,0,1,0,0
5519,4.5686,0.6595,316,713,0,0,1,0,0
5520,4.1611,0.4605,315,713,0,0,1,0,0
5521,3.7298,0.4042,315,713,0,0,1,0,0
5522,5.0231,0.349,315,713,0,0,1,0,0
5523,3.2507,0.3648,315,713,0,0,1,0,0
5524,4.2801,0.7063,315,713,0,0,1,0,0
5525,4.1296,0.3982,315,713,0,0,1,0,0
5526,4.1146,0.3821,314,713,0,0,1,0,0
5527,4.5446,0.3696,314,713,0,0,1,0,0
5528,3.7907,0.3582,314,713,0,0,1,0,0
5529,4.1525,0.3562,312,713,0,0,1,0,0
5530,4.1381,0.3973,312,713,0,0,1,0,0
5531,4.1848,0.4024,312,713,0,0,1,0,0
5532,4.2184,0.3832,312,713,0,0,1,0,0
5533,4.09,0.3051,312,713,0,0,1,0,0
5534,4.1578,0.3094,312,713,0,0,1,0,0
5535,4.1852,0.3293,312,713,0,0,1,0,0
5536,4.311,0.5519,311,713,0,0,1,0,0
5537,4.0322,0.3653,311,713,0,0,1,0,0
5538,4.1993,0.5665,310,713,0,0,1,0,0
5539,4.1641,0.4819,310,713,0,0,1,0,0
5540,4.1956,0.3625,309,713,0,0,1,0,0
5541,4.4163,0.6023,308,713,0,0,1,0,0
5542,3.9566,0.3783,308,713,0,0,1,0,0
5543,4.0556,0.3624,308,713,0,0,1,0,0
5544,4.242,0.3033,307,713,0,0,1,0,0
5545,4.1563,0.4347,305,713,0,0,1,0,0
5546,4.3022,0.539,304,713,0,0,1,0,0
5547,3.993,0.397,304,713,0,0,1,0,0
5548,4.1663,0.3538,304,713,0,0,1,0,0
5549,4.292,0.5451,303,713,0,0,1,0,0
5550,4.1799,0.4499,303,713,0,0,1,0,0
5551,4.1808,0.5366,302,713,0,0,1,0,0
5552,4.0089,0.371,301,713,0,0,1,0,0
5553,4.45,0.4913,299,713,0,0,1,0,0
5554,4.0209,0.3406,292,713,0,0,1,0,0
5555,4.1714,0.3046,292,713,0,0,1,0,0
5556,4.3483,0.5823,291,713,0,0,1,0,0
5557,3.9783,0.4739,289,713,0,0,1,0,0
5558,4.2111,0.4839,289,713,0,0,1,0,0
5559,3.9812,0.2965,288,713,0,0,1,0,0
5560,4.3696,0.4436,288,713,0,0,1,0,0
5561,4.1302,0.3683,288,713,0,0,1,0,0
5562,4.189,0.4741,288,713,0,0,1,0,0
5563,4.114,0.4105,288,713,0,0,1,0,0
5564,4.0364,0.3028,288,713,0,0,1,0,0
5565,4.2932,0.472,287,713,0,0,1,0,0
5566,4.0175,0.3982,287,713,0,0,1,0,0
5567,4.2041,0.3025,287,713,0,0,1,0,0
5568,4.2016,0.4579,286,713,0,0,1,0,0
5569,4.1036,0.392,320,713,0,0,1,0,0
5570,4.2081,0.3854,320,713,0,0,1,0,0
5571,4.1273,0.3873,320,713,0,0,1,0,0
5572,4.321,0.3978,320,713,0,0,1,0,0
5573,4.2159,0.3266,320,713,0,0,1,0,0
5574,4.0242,0.4723,319,713,0,0,1,0,0
5575,4.2756,0.4409,318,713,0,0,1,0,0
5576,3.9919,0.3823,315,713,0,0,1,0,0
5577,4.5247,0.552,315,713,0,0,1,0,0
5578,3.843,0.364,315,713,0,0,1,0,0
5579,4.3553,0.4574,315,713,0,0,1,0,0
5580,4.129,0.4373,315,713,0,0,1,0,0
5581,4.1619,0.4933,315,713,0,0,1,0,0
5582,4.1119,0.5329,315,713,0,0,1,0,0
5583,4.0502,0.38,315,713,0,0,1,0,0
5584,4.323,0.4444,315,713,0,0,1,0,0
5585,4.1891,0.4967,314,713,0,0,1,0,0
5586,4.2616,0.5044,314,713,0,0,1,0,0
5587,3.9871,0.5877,314,713,0,0,1,0,0
5588,4.1216,0.4135,314,713,0,0,1,0,0
5589,4.2856,0.5114,314,713,0,0,1,0,0
5590,4.2061,0.4691,314,713,0,0,1,0,0
5591,4.124,0.4742,314,713,0,0,1,0,0
5592,4.1686,0.3571,313,713,0,0,1,0,0
5593,4.0653,0.3548,313,713,0,0,1,0,0
5594,4.2642,0.564,313,713,0,0,1,0,0
5595,4.1007,0.4083,312,713,0,0,1,0,0
5596,4.2473,0.6392,310,713,0,0,1,0,0
5597,4.1522,0.8804,310,713,0,0,1,0,0
5598,4.0729,0.3861,310,713,0,0,1,0,0
5599,4.2341,0.6282,310,713,0,0,1,0,0
5600,4.0885,0.4548,310,713,0,0,1,0,0
5601,4.2758,0.5251,310,713,0,0,1,0,0
5602,4.181,0.4726,309,713,0,0,1,0,0
5603,4.3865,0.3671,309,713,0,0,1,0,0
5604,3.8611,0.3833,309,713,0,0,1,0,0
5605,4.1818,0.76,308,713,0,0,1,0,0
5606,4.2441,0.5468,307,713,0,0,1,0,0
5607,4.145,0.4905,307,713,0,0,1,0,0
5608,4.5281,0.3884,306,713,0,0,1,0,0
5609,4.1604,0.6189,306,713,0,0,1,0,0
5610,3.8079,0.4626,306,713,0,0,1,0,0
5611,4.2176,0.4931,306,713,0,0,1,0,0
5612,4.0598,0.7487,306,713,0,0,1,0,0
5613,4.4252,0.5445,306,713,0,0,1,0,0
5614,3.9358,0.3756,304,713,0,0,1,0,0
5615,4.1364,0.382,303,713,0,0,1,0,0
5616,4.2235,0.5226,302,713,0,0,1,0,0
5617,4.1185,0.4968,302,713,0,0,1,0,0
5618,4.249,0.7211,302,713,0,0,1,0,0
5619,4.0999,0.6824,302,713,0,0,1,0,0
5620,4.2536,0.4271,301,713,0,0,1,0,0
5621,4.1429,0.4748,300,713,0,0,1,0,0
5622,4.4688,0.4655,299,713,0,0,1,0,0
5623,3.8216,0.5341,299,713,0,0,1,0,0
5624,4.1277,0.433,299,713,0,0,1,0,0
5625,4.1688,0.3875,298,713,0,0,1,0,0
5626,4.1683,0.3891,297,713,0,0,1,0,0
5627,4.1228,0.467,297,713,0,0,1,0,0
5628,4.2814,0.4471,297,713,0,0,1,0,0
5629,4.1129,0.3897,297,713,0,0,1,0,0
5630,4.2371,0.5861,296,713,0,0,1,0,0
5631,4.0946,0.4626,289,713,0,0,1,0,0
5632,4.2115,0.5364,288,713,0,0,1,0,0
5633,4.0691,0.6263,287,713,0,0,1,0,0
5634,4.2773,0.4243,287,713,0,0,1,0,0
5635,4.1246,0.4161,286,713,0,0,1,0,0
5636,4.1495,0.4733,286,713,0,0,1,0,0
5637,4.2438,0.4621,286,713,0,0,1,0,0
5638,4.1572,0.4063,286,713,0,0,1,0,0
5639,4.5021,0.6508,286,713,0,0,1,0,0
5640,3.8044,0.4918,285,713,0,0,1,0,0
5641,4.0981,0.469,284,713,0,0,1,0,0
5642,4.2386,0.6906,283,713,0,0,1,0,0
5643,4.1065,0.3572,279,713,0,0,1,0,0
5644,4.2395,0.5664,279,713,0,0,1,0,0
5645,4.1539,0.8137,278,713,0,0,1,0,0
5646,4.482,0.4853,323,713,0,0,1,0,0
5647,4.1263,0.7045,321,713,0,0,1,0,0
5648,4.1153,0.4323,321,713,0,0,1,0,0
5649,3.9598,0.4,321,713,0,0,1,0,0
5650,4.1221,0.413,320,713,0,0,1,0,0
5651,4.1802,0.5249,320,713,0,0,1,0,0
5652,4.1999,0.462,320,713,0,0,1,0,0
5653,4.1788,0.6114,320,713,0,0,1,0,0
5654,4.78,0.5665,320,713,0,0,1,0,0
5655,3.4883,0.3932,320,713,0,0,1,0,0
5656,4.2665,0.5774,319,713,0,0,1,0,0
5657,4.1364,0.7638,318,713,0,0,1,0,0
5658,4.43,0.605,318,713,0,0,1,0,0
5659,3.9432,0.479,317,713,0,0,1,0,0
5660,4.0462,0.4154,317,713,0,0,1,0,0
5661,4.1695,0.6317,316,713,0,0,1,0,0
5662,4.2113,0.3843,315,713,0,0,1,0,0
5663,4.4479,0.559,315,713,0,0,1,0,0
5664,4.2366,0.7046,315,713,0,0,1,0,0
5665,3.7353,0.4548,314,713,0,0,1,0,0
5666,4.2321,0.4208,314,713,0,0,1,0,0
5667,4.1633,0.4004,313,713,0,0,1,0,0
5668,4.186,0.5448,313,713,0,0,1,0,0
5669,4.1927,0.6178,313,713,0,0,1,0,0
5670,4.1149,0.474,313,713,0,0,1,0,0
5671,4.537,0.7404,312,713,0,0,1,0,0
5672,3.7512,0.4119,312,713,0,0,1,0,0
5673,4.2628,0.5335,312,713,0,0,1,0,0
5674,4.1887,0.3861,312,713,0,0,1,0,0
5675,4.1525,0.7927,311,713,0,0,1,0,0
5676,4.1423,0.5324,310,713,0,0,1,0,0
5677,4.552,0.5848,310,713,0,0,1,0,0
5678,3.7115,0.3677,309,713,0,0,1,0,0
5679,4.1689,0.3814,307,713,0,0,1,0,0
5680,4.2413,0.4757,307,713,0,0,1,0,0
5681,4.2933,0.9237,307,713,0,0,1,0,0
5682,4.0654,0.4719,307,713,0,0,1,0,0
5683,4.541,0.6172,306,713,0,0,1,0,0
5684,3.677,0.3862,304,713,0,0,1,0,0
5685,4.2891,0.4948,304,713,0,0,1,0,0
5686,4.1707,0.4868,304,713,0,0,1,0,0
5687,4.2702,0.7027,303,713,0,0,1,0,0
5688,4.1988,0.5414,303,713,0,0,1,0,0
5689,4.038,0.4382,302,713,0,0,1,0,0
5690,4.135,0.5344,302,713,0,0,1,0,0
5691,4.0887,0.4665,302,713,0,0,1,0,0
5692,4.2012,0.3936,302,713,0,0,1,0,0
5693,4.1321,0.3778,301,713,0,0,1,0,0
5694,4.1871,0.3725,300,713,0,0,1,0,0
5695,4.2312,0.5342,299,713,0,0,1,0,0
5696,4.0585,0.4586,298,713,0,0,1,0,0
5697,4.2587,0.4408,298,713,0,0,1,0,0
5698,4.1663,0.5928,298,713,0,0,1,0,0
5699,4.087,0.3851,297,713,0,0,1,0,0
5700,4.2955,1.0359,297,713,0,0,1,0,0
5701,4.0758,0.4344,296,713,0,0,1,0,0
5702,4.5374,0.6258,296,713,0,0,1,0,0
5703,3.785,0.3702,296,713,0,0,1,0,0
5704,4.1707,0.6379,296,713,0,0,1,0,0
5705,4.2431,0.7733,296,713,0,0,1,0,0
5706,4.2974,0.6532,296,713,0,0,1,0,0
5707,4.0056,0.4112,288,713,0,0,1,0,0
5708,4.1557,0.3781,288,713,0,0,1,0,0
5709,4.2416,0.5195,288,713,0,0,1,0,0
5710,4.1531,0.4783,288,713,0,0,1,0,0
5711,4.1412,0.5799,288,713,0,0,1,0,0
5712,4.239,0.5552,288,713,0,0,1,0,0
5713,3.9853,0.4445,288,713,0,0,1,0,0
5714,4.2369,0.428,287,713,0,0,1,0,0
5715,4.159,0.3649,287,713,0,0,1,0,0
5716,4.4359,0.5338,287,713,0,0,1,0,0
5717,3.9487,0.6889,286,713,0,0,1,0,0
5718,4.3307,0.7998,286,713,0,0,1,0,0
5719,3.9495,0.3623,286,713,0,0,1,0,0
5720,4.0987,0.4089,285,713,0,0,1,0,0
5721,4.2844,0.5288,285,713,0,0,1,0,0
5722,4.2012,3.0626,284,713,0,0,1,0,0
5723,4.0845,0.3209,318,713,0,0,1,0,0
5724,4.1685,0.3085,318,713,0,0,1,0,0
5725,4.1725,0.3201,318,713,0,0,1,0,0
5726,5.7255,0.6045,317,713,0,0,1,0,0
5727,2.6402,0.4177,316,713,0,0,1,0,0
5728,4.4943,0.5207,316,713,0,0,1,0,0
5729,4.1009,0.5361,315,713,0,0,1,0,0
5730,3.9126,0.4766,313,713,0,0,1,0,0
5731,4.243,0.4938,313,713,0,0,1,0,0
5732,4.0857,0.5962,313,713,0,0,1,0,0
5733,4.1605,0.595,312,713,0,0,1,0,0
5734,4.1491,0.576,312,713,0,0,1,0,0
5735,4.1807,0.4148,312,713,0,0,1,0,0
5736,4.1373,0.5718,312,713,0,0,1,0,0
5737,4.1882,0.6266,312,713,0,0,1,0,0
5738,4.296,0.623,311,713,0,0,1,0,0
5739,4.092,0.58,309,713,0,0,1,0,0
5740,4.5172,0.676,308,713,0,0,1,0,0
5741,3.8089,0.4469,307,713,0,0,1,0,0
5742,4.1979,0.618,307,713,0,0,1,0,0
5743,4.0918,0.6767,305,713,0,0,1,0,0
5744,4.1372,0.4515,305,713,0,0,1,0,0
5745,4.5037,0.5694,305,713,0,0,1,0,0
5746,4.4679,0.4093,304,713,0,0,1,0,0
5747,3.5203,0.4095,304,713,0,0,1,0,0
5748,4.2525,0.5244,303,713,0,0,1,0,0
5749,4.0993,0.4484,303,713,0,0,1,0,0
5750,4.3611,0.6936,303,713,0,0,1,0,0
5751,4.0147,0.4136,303,713,0,0,1,0,0
5752,4.4795,0.6061,303,713,0,0,1,0,0
5753,3.8277,0.6528,303,713,0,0,1,0,0
5754,4.1032,0.5378,303,713,0,0,1,0,0
5755,4.3265,0.5912,303,713,0,0,1,0,0
5756,4.0162,0.4019,303,713,0,0,1,0,0
5757,4.4485,0.6421,302,713,0,0,1,0,0
5758,3.8727,0.4828,299,713,0,0,1,0,0
5759,4.1645,0.4343,298,713,0,0,1,0,0
5760,4.207,0.4567,298,713,0,0,1,0,0
5761,4.1794,0.39,298,713,0,0,1,0,0
5762,4.2166,0.478,297,713,0,0,1,0,0
5763,4.0849,0.4461,296,713,0,0,1,0,0
5764,4.2152,0.68,296,713,0,0,1,0,0
5765,4.4654,0.4318,295,713,0,0,1,0,0
5766,4.496,0.5756,295,713,0,0,1,0,0
5767,3.5018,0.6298,295,713,0,0,1,0,0
5768,4.1647,0.5103,295,713,0,0,1,0,0
5769,4.1685,0.6439,295,713,0,0,1,0,0
5770,4.1913,0.3882,294,713,0,0,1,0,0
5771,4.2306,0.5574,294,713,0,0,1,0,0
5772,4.4548,0.4421,294,713,0,0,1,0,0
5773,3.8387,0.4534,293,713,0,0,1,0,0
5774,4.4103,0.3687,293,713,0,0,1,0,0
5775,3.8811,0.3915,292,713,0,0,1,0,0
5776,4.1955,0.4827,292,713,0,0,1,0,0
5777,4.2017,0.5172,292,713,0,0,1,0,0
5778,4.2138,2.3513,292,713,0,0,1,0,0
5779,4.0574,0.3243,292,713,0,0,1,0,0
5780,4.1527,0.3705,292,713,0,0,1,0,0
5781,4.2364,0.3712,292,713,0,0,1,0,0
5782,4.733,0.3471,291,713,0,0,1,0,0
5783,3.8664,0.4107,289,713,0,0,1,0,0
5784,3.8957,0.396,288,713,0,0,1,0,0
5785,4.4938,0.3671,281,713,0,0,1,0,0
5786,3.7774,0.5064,281,713,0,0,1,0,0
5787,4.201,0.3946,280,713,0,0,1,0,0
5788,4.1829,0.4557,279,713,0,0,1,0,0
5789,4.2051,0.4847,279,713,0,0,1,0,0
5790,4.5509,0.4094,279,713,0,0,1,0,0
5791,3.7741,0.4495,279,713,0,0,1,0,0
5792,4.067,0.4364,279,713,0,0,1,0,0
5793,4.2841,0.6265,279,713,0,0,1,0,0
5794,4.0885,0.4006,277,713,0,0,1,0,0
5795,4.2155,0.5531,277,713,0,0,1,0,0
5796,4.1185,0.5122,277,713,0,0,1,0,0
5797,4.1878,0.407,275,713,0,0,1,0,0
5798,4.1991,0.4188,274,713,0,0,1,0,0
5799,4.0989,0.4537,274,713,0,0,1,0,0
5800,4.3532,0.9342,319,713,0,0,1,0,0
5801,4.0286,0.5109,319,713,0,0,1,0,0
5802,4.5515,0.6732,319,713,0,0,1,0,0
5803,4.1444,0.5566,317,713,0,0,1,0,0
5804,3.7618,0.4044,317,713,0,0,1,0,0
5805,4.1655,0.4788,317,713,0,0,1,0,0
5806,4.7839,0.4777,317,713,0,0,1,0,0
5807,3.6099,0.6885,317,713,0,0,1,0,0
5808,4.1581,0.6499,317,713,0,0,1,0,0
5809,4.1189,0.3882,317,713,0,0,1,0,0
5810,4.5221,0.6061,317,713,0,0,1,0,0
5811,3.823,0.4736,317,713,0,0,1,0,0
5812,4.2261,0.4801,317,713,0,0,1,0,0
5813,4.237,0.6464,317,713,0,0,1,0,0
5814,4.0668,0.4171,317,713,0,0,1,0,0
5815,4.1667,0.4274,317,713,0,0,1,0,0
5816,4.1335,0.4018,317,713,0,0,1,0,0
5817,4.4628,0.4774,315,713,0,0,1,0,0
5818,4.4387,0.4933,315,713,0,0,1,0,0
5819,3.5751,0.4406,315,713,0,0,1,0,0
5820,4.3218,0.6701,314,713,0,0,1,0,0
5821,4.4184,0.6133,314,713,0,0,1,0,0
5822,3.7879,0.4555,313,713,0,0,1,0,0
5823,4.181,0.5887,313,713,0,0,1,0,0
5824,4.2948,0.872,313,713,0,0,1,0,0
5825,4.0666,0.6449,313,713,0,0,1,0,0
5826,4.2055,0.6257,313,713,0,0,1,0,0
5827,4.0676,0.4018,313,713,0,0,1,0,0
5828,4.1662,0.396,312,713,0,0,1,0,0
5829,4.587,0.5018,311,713,0,0,1,0,0
5830,3.8517,0.4703,311,713,0,0,1,0,0
5831,4.1438,0.678,311,713,0,0,1,0,0
5832,4.2496,0.6641,309,713,0,0,1,0,0
5833,4.0123,0.3962,309,713,0,0,1,0,0
5834,4.6368,0.748,309,713,0,0,1,0,0
5835,3.7017,0.4495,309,713,0,0,1,0,0
5836,4.3967,0.6051,307,713,0,0,1,0,0
5837,4.1269,0.6105,306,713,0,0,1,0,0
5838,4.0793,0.3849,306,713,0,0,1,0,0
5839,4.1436,0.7055,305,713,0,0,1,0,0
5840,4.0289,0.4677,304,713,0,0,1,0,0
5841,4.2251,2.5368,304,713,0,0,1,0,0
5842,4.1654,0.3931,304,713,0,0,1,0,0
5843,4.1758,0.3368,304,713,0,0,1,0,0
5844,4.1563,0.358,304,713,0,0,1,0,0
5845,4.2189,0.7412,303,713,0,0,1,0,0
5846,4.1627,0.3767,303,713,0,0,1,0,0
5847,4.1346,0.3992,303,713,0,0,1,0,0
5848,4.379,0.4074,302,713,0,0,1,0,0
5849,3.9155,0.4137,302,713,0,0,1,0,0
5850,4.6793,0.4061,302,713,0,0,1,0,0
5851,3.5449,0.3643,302,713,0,0,1,0,0
5852,4.1916,0.3174,302,713,0,0,1,0,0
5853,4.4589,0.4581,301,713,0,0,1,0,0
5854,3.8882,0.3926,301,713,0,0,1,0,0
5855,4.4081,0.3846,300,713,0,0,1,0,0
5856,4.0879,0.3478,299,713,0,0,1,0,0
5857,3.9655,0.4939,298,713,0,0,1,0,0
5858,4.2377,0.5578,297,713,0,0,1,0,0
5859,4.1837,0.5808,297,713,0,0,1,0,0
5860,4.4885,0.3906,296,713,0,0,1,0,0
5861,4.145,0.7032,289,713,0,0,1,0,0
5862,3.903,0.4368,289,713,0,0,1,0,0
5863,4.2256,0.5449,288,713,0,0,1,0,0
5864,3.9936,0.3423,287,713,0,0,1,0,0
5865,4.5746,0.4412,287,713,0,0,1,0,0
5866,3.8365,0.4685,286,713,0,0,1,0,0
5867,4.1599,0.4636,286,713,0,0,1,0,0
5868,4.3749,0.3603,286,713,0,0,1,0,0
5869,3.9479,0.5264,285,713,0,0,1,0,0
5870,4.2618,0.4626,285,713,0,0,1,0,0
5871,4.0462,0.3276,285,713,0,0,1,0,0
5872,4.5125,0.5573,285,713,0,0,1,0,0
5873,3.916,0.7392,284,713,0,0,1,0,0
5874,4.0866,0.9127,284,713,0,0,1,0,0
5875,4.3228,0.3587,283,713,0,0,1,0,0
5876,4.0218,0.4096,317,713,0,0,1,0,0
5877,4.3515,0.5704,317,713,0,0,1,0,0
5878,4.5505,0.3842,316,713,0,0,1,0,0
5879,3.555,0.3281,315,713,0,0,1,0,0
5880,4.3725,0.7364,315,713,0,0,1,0,0
5881,3.9732,0.4919,315,713,0,0,1,0,0
5882,4.3727,0.6024,315,713,0,0,1,0,0
5883,3.9827,0.3757,315,713,0,0,1,0,0
5884,4.2052,0.332,315,713,0,0,1,0,0
5885,4.1134,0.4798,315,713,0,0,1,0,0
5886,4.1706,0.3303,315,713,0,0,1,0,0
5887,4.5377,0.4023,315,713,0,0,1,0,0
5888,3.809,0.5682,315,713,0,0,1,0,0
5889,4.3871,0.6491,315,713,0,0,1,0,0
5890,3.9343,0.3256,315,713,0,0,1,0,0
5891,4.1988,0.5053,315,713,0,0,1,0,0
5892,4.3277,0.4224,313,713,0,0,1,0,0
5893,3.9809,0.4021,313,713,0,0,1,0,0
5894,4.3204,0.5315,313,713,0,0,1,0,0
5895,4.0038,0.3312,313,713,0,0,1,0,0
5896,4.2545,0.3256,313,713,0,0,1,0,0
5897,4.1705,0.4485,313,713,0,0,1,0,0
5898,4.431,0.3693,312,713,0,0,1,0,0
5899,3.8108,0.3805,312,713,0,0,1,0,0
5900,4.1511,0.3811,311,713,0,0,1,0,0
5901,4.2132,1.4805,311,713,0,0,1,0,0
5902,4.1491,0.3347,310,713,0,0,1,0,0
5903,4.7403,0.2362,310,713,0,0,1,0,0
5904,3.5617,0.2912,310,713,0,0,1,0,0
5905,4.1869,0.2764,310,713,0,0,1,0,0
5906,4.3252,0.4002,310,713,0,0,1,0,0
5907,4.0084,0.3004,310,713,0,0,1,0,0
5908,4.2856,0.3228,310,713,0,0,1,0,0
5909,4.208,0.5311,309,713,0,0,1,0,0
5910,4.2001,0.5229,308,713,0,0,1,0,0
5911,4.14,0.4474,308,713,0,0,1,0,0
5912,3.9757,0.2587,2,713,0,0,0,0,0
5913,4.3387,0.2885,2,713,0,0,0,0,0
5914,4.1725,0.21,2,713,0,0,0,0,0
5915,4.0038,0.1897,2,713,0,0,0,0,0
5916,4.3389,0.2541,2,713,0,0,0,0,0
5917,4.217,0.2707,2,713,0,0,0,0,0
5918,4.1072,0.3659,2,713,0,0,0,0,0
5919,4.0006,0.2063,2,713,0,0,0,0,0
5920,4.319,0.1888,2,713,0,0,0,0,0
5921,4.1223,0.2053,2,713,0,0,0,0,0
5922,4.0837,0.1936,2,713,0,0,0,0,0
5923,4.1599,0.1883,2,713,0,0,0,0,0
5924,4.1563,0.2259,2,713,0,0,0,0,0
5925,4.4644,0.3524,2,713,0,0,0,0,0
5926,3.9088,0.1871,2,713,0,0,0,0,0
5927,4.2512,0.355,2,713,0,0,0,0,0
5928,4.1141,0.3481,2,713,0,0,0,0,0
5929,4.1453,0.3489,2,713,0,0,0,0,0
5930,4.2918,0.2687,2,713,0,0,0,0,0
5931,4.0094,0.1979,2,713,0,0,0,0,0
5932,4.1915,0.3512,2,713,0,0,0,0,0
5933,4.3144,0.3569,2,713,0,0,0,0,0
5934,4.0232,0.376,2,713,0,0,0,0,0
5935,4.3022,0.2966,2,713,0,0,0,0,0
5936,3.9843,0.1817,2,713,0,0,0,0,0
5937,4.3601,0.278,2,713,0,0,0,0,0
5938,4.1755,0.2237,2,713,0,0,0,0,0
5939,3.984,0.1899,2,713,0,0,0,0,0
5940,4.3664,0.3875,2,713,0,0,0,0,0
5941,4.0165,0.2407,2,713,0,0,0,0,0
5942,4.1746,0.2152,2,713,0,0,0,0,0
5943,4.0998,0.2106,2,713,0,0,0,0,0
5944,4.1411,0.2077,2,713,0,0,0,0,0
5945,4.2643,0.2703,2,713,0,0,0,0,0
5946,4.7774,0.196,2,713,0,0,0,0,0
5947,3.5295,0.189,2,713,0,0,0,0,0
5948,4.1372,0.1927,2,713,0,0,0,0,0
5949,4.2329,0.2089,2,713,0,0,0,0,0
5950,4.6357,0.2179,2,713,0,0,0,0,0
5951,3.6223,0.2086,2,713,0,0,0,0,0
5952,4.2188,0.2257,2,713,0,0,0,0,0
5953,4.0986,0.1851,2,713,0,0,0,0,0
5954,4.2594,0.2418,2,713,0,0,0,0,0
5955,4.0951,0.2033,2,713,0,0,0,0,0
5956,4.195,0.2095,2,713,0,0,0,0,0
5957,4.1812,0.2165,2,713,0,0,0,0,0
5958,4.1028,0.1854,2,713,0,0,0,0,0
5959,4.2265,0.2089,2,713,0,0,0,0,0
5960,4.1025,0.18,2,713,0,0,0,0,0
5961,4.2378,0.23,2,713,0,0,0,0,0
5962,4.1241,0.2065,2,713,0,0,0,0,0
5963,4.1573,0.1869,2,713,0,0,0,0,0
5964,4.3052,0.2985,2,713,0,0,0,0,0
5965,4.031,0.1898,2,713,0,0,0,0,0
5966,4.1933,0.338,2,713,0,0,0,0,0
5967,4.1893,0.1843,2,713,0,0,0,0,0
5968,4.1079,0.1796,2,713,0,0,0,0,0
5969,4.437,0.1863,2,713,0,0,0,0,0
5970,4.1349,0.3456,2,713,0,0,0,0,0
5971,4.0817,0.2176,2,713,0,0,0,0,0
5972,4.0145,0.179,2,713,0,0,0,0,0
5973,4.1777,0.1876,2,713,0,0,0,0,0
5974,4.3254,0.268,2,713,0,0,0,0,0
5975,4.1928,0.2973,2,713,0,0,0,0,0
5976,4.1165,0.2779,2,713,0,0,0,0,0
5977,4.1246,0.3656,2,713,0,0,0,0,0
5978,4.268,0.2668,2,713,0,0,0,0,0
5979,4.0228,0.2153,2,713,0,0,0,0,0
5980,4.134,0.1894,2,713,0,0,0,0,0
5981,4.2113,0.1982,2,713,0,0,0,0,0
5982,4.1451,0.1881,2,713,0,0,0,0,0
5983,4.1718,0.3576,2,713,0,0,0,0,0
5984,4.1099,0.3119,2,713,0,0,0,0,0
5985,4.3775,0.2947,2,713,0,0,0,0,0
5986,4.1823,0.2961,2,713,0,0,0,0,0
5987,4.3364,0.3516,2,713,0,0,0,0,0
5988,4.0579,0.3359,2,713,0,0,0,0,0
5989,3.9571,0.3569,2,713,0,0,0,0,0
5990,4.2424,0.3706,2,713,0,0,0,0,0
5991,4.069,0.2268,2,713,0,0,0,0,0
5992,4.3137,0.2554,2,713,0,0,0,0,0
5993,4.0485,0.3574,2,713,0,0,0,0,0
5994,4.8124,0.3686,2,713,0,0,0,0,0
5995,3.4635,0.1934,2,713,0,0,0,0,0
5996,4.1718,0.1903,2,713,0,0,0,0,0
5997,4.3588,0.2849,2,713,0,0,0,0,0
5998,4.0558,0.3764,2,713,0,0,0,0,0
5999,4.0949,0.3165,2,713,0,0,0,0,0
6000,4.2927,0.2406,2,713,0,0,0,0,0
6001,4.0681,0.2909,2,713,0,0,0,0,0
6002,4.2546,0.384,2,713,0,0,0,0,0
6003,4.1042,0.2158,2,713,0,0,0,0,0
6004,4.2344,0.2632,2,713,0,0,0,0,0
6005,4.1926,0.2659,2,713,0,0,0,0,0
6006,4.1123,0.399,2,713,0,0,0,0,0
6007,4.1138,0.2211,2,713,0,0,0,0,0
6008,4.1754,0.2586,2,713,0,0,0,0,0
6009,4.3455,0.2889,2,713,0,0,0,0,0
6010,4.0943,0.344,2,713,0,0,0,0,0
6011,4.1513,0.2604,2,713,0,0,0,0,0
6012,4.4145,0.2265,2,713,0,0,0,0,0
6013,3.8486,0.3767,2,713,0,0,0,0,0
6014,4.3433,0.361,2,713,0,0,0,0,0
6015,4.0689,0.3095,2,713,0,0,0,0,0
6016,4.0977,0.226,2,713,0,0,0,0,0
6017,4.1941,0.2316,2,713,0,0,0,0,0
6018,4.1655,0.2309,2,713,0,0,0,0,0
6019,4.1471,0.2782,2,713,0,0,0,0,0
6020,4.1478,0.2196,2,713,0,0,0,0,0
6021,4.3612,0.3143,2,713,0,0,0,0,0
6022,3.9958,0.2512,2,713,0,0,0,0,0
6023,4.1458,0.2175,2,713,0,0,0,0,0
6024,4.1371,0.2562,2,713,0,0,0,0,0
6025,4.2203,0.2495,2,713,0,0,0,0,0
6026,4.2158,0.4225,2,713,0,0,0,0,0
6027,4.1158,0.1976,2,713,0,0,0,0,0
6028,4.1599,0.3599,2,713,0,0,0,0,0
6029,4.244,0.4439,2,713,0,0,0,0,0
6030,4.5219,0.4255,2,713,0,0,0,0,0
6031,3.7714,0.2225,2,713,0,0,0,0,0
6032,4.101,0.3736,2,713,0,0,0,0,0
6033,4.2429,0.4193,2,713,0,0,0,0,0
6034,4.1743,0.2493,2,713,0,0,0,0,0
6035,4.2029,0.2626,2,713,0,0,0,0,0
6036,4.1518,0.2598,2,713,0,0,0,0,0
6037,4.1485,0.45,2,713,0,0,0,0,0
6038,4.3668,0.2327,2,713,0,0,0,0,0
6039,3.9196,0.2489,2,713,0,0,0,0,0
6040,4.2163,0.4546,2,713,0,0,0,0,0
6041,4.1962,0.2628,2,713,0,0,0,0,0
6042,4.1122,0.2336,2,713,0,0,0,0,0
6043,4.1446,0.2287,2,713,0,0,0,0,0
6044,4.1675,0.2251,2,713,0,0,0,0,0
6045,4.1694,0.2509,2,713,0,0,0,0,0
6046,4.2339,0.3377,2,713,0,0,0,0,0
6047,4.4043,0.3543,2,713,0,0,0,0,0
6048,3.8441,0.226,2,713,0,0,0,0,0
6049,4.1832,0.2676,2,713,0,0,0,0,0
6050,4.4043,0.2311,2,713,0,0,0,0,0
6051,3.8963,0.2098,2,713,0,0,0,0,0
6052,4.3877,0.4204,2,713,0,0,0,0,0
6053,4.0254,0.3176,2,713,0,0,0,0,0
6054,4.0994,0.8492,2,713,0,0,0,0,0
6055,4.7719,0.5661,2,713,0,0,0,0,0
6056,3.8457,0.7358,2,713,0,0,0,0,0
6057,4.1346,0.3448,2,713,0,0,0,0,0
6058,4.2779,0.7641,2,713,0,0,0,0,0
6059,4.2361,1.0442,2,713,0,0,0,0,0
6060,4.0173,1.5333,2,713,0,0,0,0,0
6061,4.0693,1.0371,2,713,0,0,0,0,0
6062,4.1595,1.4471,2,713,0,0,0,0,0
6063,4.1531,1.1156,2,713,0,0,0,0,0
6064,4.1752,1.5776,2,713,0,0,0,0,0
6065,4.135,1.1007,2,713,0,0,0,0,0
6066,4.161,1.07,2,713,0,0,0,0,0
6067,4.1712,1.2483,2,713,0,0,0,0,0
6068,4.1532,0.8549,2,713,0,0,0,0,0
6069,4.1646,0.6964,2,713,0,0,0,0,0
6070,4.1777,1.1944,2,713,0,0,0,0,0
6071,4.1852,1.0146,2,713,0,0,0,0,0
6072,4.1514,0.5536,3,713,0,0,0,0,0
6073,4.1949,0.2251,3,713,0,0,0,0,0
6074,4.1629,1.0656,3,713,0,0,0,0,0
6075,4.7486,0.655,3,713,0,0,0,0,0
6076,3.5423,0.3386,3,713,0,0,0,0,0
6077,4.1699,0.4593,3,713,0,0,0,0,0
6078,4.1918,1.407,3,713,0,0,0,0,0
6079,4.9011,1.3824,3,713,0,0,0,0,0
6080,3.4325,0.8974,3,713,0,0,0,0,0
6081,4.1353,0.6859,3,713,0,0,0,0,0
6082,4.0214,1.4,3,713,0,0,0,0,0
6083,4.1321,0.4083,3,713,0,0,0,0,0
6084,4.1464,0.5713,3,713,0,0,0,0,0
6085,4.203,0.2767,3,713,0,0,0,0,0
6086,4.151,0.5206,3,713,0,0,0,0,0
6087,4.7825,1.6087,3,713,0,0,0,0,0
6088,3.5388,0.7147,3,713,0,0,0,0,0
6089,4.171,0.5062,3,713,0,0,0,0,0
6090,4.1731,0.2954,3,713,0,0,0,0,0
6091,4.1821,0.5991,3,713,0,0,0,0,0
6092,4.1505,0.7222,3,713,0,0,0,0,0
6093,4.4428,0.5579,3,713,0,0,0,0,0
6094,3.8758,0.6454,3,713,0,0,0,0,0
6095,4.1989,0.5027,3,713,0,0,0,0,0
6096,4.1171,0.4107,3,713,0,0,0,0,0
6097,4.2499,0.6582,3,713,0,0,0,0,0
6098,4.1172,0.5043,3,713,0,0,0,0,0
6099,5.9813,0.2218,3,713,0,0,0,0,0
6100,2.6647,0.3119,3,713,0,0,0,0,0
6101,4.6155,0.2592,3,713,0,0,0,0,0
6102,3.8692,0.2445,3,713,0,0,0,0,0
6103,3.9961,0.2185,3,713,0,0,0,0,0
6104,4.1236,0.2286,3,713,0,0,0,0,0
6105,4.1427,0.2122,3,713,0,0,0,0,0
6106,4.2166,0.2106,3,713,0,0,0,0,0
6107,4.1557,0.2076,3,713,0,0,0,0,0
6108,4.1865,0.1975,3,713,0,0,0,0,0
6109,4.1199,0.2005,3,713,0,0,0,0,0
6110,4.347,0.2022,3,713,0,0,0,0,0
6111,4.0031,0.2005,3,713,0,0,0,0,0
6112,4.1481,0.1894,3,713,0,0,0,0,0
6113,4.2055,0.2006,3,713,0,0,0,0,0
6114,4.141,0.1999,3,713,0,0,0,0,0
6115,4.3431,0.1994,3,713,0,0,0,0,0
6116,4.0165,0.1998,3,713,0,0,0,0,0
6117,4.427,0.3109,3,713,0,0,0,0,0
6118,3.8965,0.2073,3,713,0,0,0,0,0
6119,4.5171,0.2008,3,713,0,0,0,0,0
6120,4.01,0.1999,3,713,0,0,0,0,0
6121,4.0521,0.225,3,713,0,0,0,0,0
6122,3.9968,0.2937,3,713,0,0,0,0,0
6123,3.9916,0.1852,3,713,0,0,0,0,0
6124,4.4678,0.2002,3,713,0,0,0,0,0
6125,4.386,0.2188,3,713,0,0,0,0,0
6126,3.9456,0.2375,3,713,0,0,0,0,0
6127,4.1298,0.2045,3,713,0,0,0,0,0
6128,4.1949,0.2028,3,713,0,0,0,0,0
6129,4.3015,0.2056,3,713,0,0,0,0,0
6130,3.9876,0.2138,3,713,0,0,0,0,0
6131,4.1668,0.1887,3,713,0,0,0,0,0
6132,4.4228,0.2928,3,713,0,0,0,0,0
6133,4.1635,0.2006,3,713,0,0,0,0,0
6134,4.0074,0.2696,3,713,0,0,0,0,0
6135,4.0845,0.2005,3,713,0,0,0,0,0
6136,3.9873,0.3555,3,713,0,0,0,0,0
6137,9.9175,0.1995,3,713,0,0,0,0,0
6138,0.2428,0.6541,3,713,0,0,0,0,0
6139,3.9926,0.3179,3,713,0,0,0,0,0
6140,3.2469,0.2543,3,713,0,0,0,0,0
6141,4.1614,0.3303,3,713,0,0,0,0,0
6142,4.8692,0.2047,3,713,0,0,0,0,0
6143,3.223,0.2186,3,713,0,0,0,0,0
6144,4.2399,0.2152,3,713,0,0,0,0,0
6145,4.2699,0.362,3,713,0,0,0,0,0
6146,4.7312,0.2134,3,713,0,0,0,0,0
6147,3.4001,0.1954,3,713,0,0,0,0,0
6148,4.1819,0.1979,3,713,0,0,0,0,0
6149,4.1776,0.36,3,713,0,0,0,0,0
6150,4.0352,0.3657,3,713,0,0,0,0,0
6151,6.9148,0.8082,3,713,0,0,0,0,0
6152,1.2509,0.3234,3,713,0,0,0,0,0
6153,4.4243,0.3708,53,713,0,0,1,0,0
6154,4.1564,0.2453,53,713,0,0,1,0,0
6155,3.8544,0.3056,53,713,0,0,1,0,0
6156,4.2805,0.2233,53,713,0,0,1,0,0
6157,4.0992,0.3556,53,713,0,0,1,0,0
6158,4.3365,0.2531,53,713,0,0,1,0,0
6159,3.9754,0.3495,53,713,0,0,1,0,0
6160,4.2049,0.2481,53,713,0,0,1,0,0
6161,4.2762,0.5897,53,713,0,0,1,0,0
6162,4.2072,0.3138,53,713,0,0,1,0,0
6163,4.0061,0.3347,53,713,0,0,1,0,0
6164,4.1255,0.2329,53,713,0,0,1,0,0
6165,4.1904,0.2837,53,713,0,0,1,0,0
6166,4.441,0.3369,53,713,0,0,1,0,0
6167,4.1356,0.4181,53,713,0,0,1,0,0
6168,3.9219,0.3843,53,713,0,0,1,0,0
6169,4.1478,0.351,53,713,0,0,1,0,0
6170,4.6387,0.2955,53,713,0,0,1,0,0
6171,3.7265,0.4674,53,713,0,0,1,0,0
6172,4.162,0.3897,53,713,0,0,1,0,0
6173,4.4178,0.4504,53,713,0,0,1,0,0
6174,4.1016,0.2747,53,713,0,0,1,0,0
6175,4.2166,0.3524,53,713,0,0,1,0,0
6176,3.9012,0.3703,53,713,0,0,1,0,0
6177,4.2626,0.4354,53,713,0,0,1,0,0
6178,4.6689,0.6335,53,713,0,0,1,0,0
6179,3.7022,0.2367,53,713,0,0,1,0,0
6180,4.0437,0.4388,53,713,0,0,1,0,0
6181,4.4266,0.3693,53,713,0,0,1,0,0
6182,4.2892,0.3557,53,713,0,0,1,0,0
6183,3.8082,0.3192,53,713,0,0,1,0,0
6184,4.2695,0.4402,53,713,0,0,1,0,0
6185,4.2736,0.4777,53,713,0,0,1,0,0
6186,4.6913,0.4107,53,713,0,0,1,0,0
6187,3.8986,0.3013,53,713,0,0,1,0,0
6188,3.7044,0.3156,53,713,0,0,1,0,0
6189,4.3568,0.3842,53,713,0,0,1,0,0
6190,4.4157,0.3209,53,713,0,0,1,0,0
6191,3.8863,0.4069,53,713,0,0,1,0,0
6192,4.0793,0.4626,53,713,0,0,1,0,0
6193,4.1944,0.3742,53,713,0,0,1,0,0
6194,4.8641,0.2649,53,713,0,0,1,0,0
6195,3.7813,0.2598,53,713,0,0,1,0,0
6196,4.348,0.3252,53,713,0,0,1,0,0
6197,3.9872,0.2964,53,713,0,0,1,0,0
6198,4.6803,0.2673,53,713,0,0,1,0,0
6199,3.6618,0.2725,53,713,0,0,1,0,0
6200,4.19,0.3175,53,713,0,0,1,0,0
6201,4.1394,0.2786,53,713,0,0,1,0,0
6202,4.3809,0.3144,53,713,0,0,1,0,0
6203,4.0343,0.3032,53,713,0,0,1,0,0
6204,4.1807,0.3648,53,713,0,0,1,0,0
6205,4.1003,0.2904,53,713,0,0,1,0,0
6206,4.51,0.3152,53,713,0,0,1,0,0
6207,3.8652,0.3448,53,713,0,0,1,0,0
6208,4.4294,0.3526,53,713,0,0,1,0,0
6209,4.0543,0.3561,53,713,0,0,1,0,0
6210,4.5267,0.3082,53,713,0,0,1,0,0
6211,3.7442,0.3214,53,713,0,0,1,0,0
6212,4.0766,0.318,53,713,0,0,1,0,0
6213,4.2506,0.2929,53,713,0,0,1,0,0
6214,4.9702,0.2931,53,713,0,0,1,0,0
6215,3.6766,0.3184,53,713,0,0,1,0,0
6216,3.8759,0.3266,53,713,0,0,1,0,0
6217,4.0771,0.2627,53,713,0,0,1,0,0
6218,4.1709,0.5335,53,713,0,0,1,0,0
6219,3.8014,0.4368,53,713,0,0,1,0,0
6220,4.4249,0.5681,103,713,0,0,1,0,0
6221,8.3436,0.3807,103,713,0,0,1,0,0
6222,3.9507,0.4759,103,713,0,0,1,0,0
6223,4.1199,0.8155,103,713,0,0,1,0,0
6224,4.1027,0.3979,103,713,0,0,1,0,0
6225,4.2769,0.3347,103,713,0,0,1,0,0
6226,3.8392,0.4537,103,713,0,0,1,0,0
6227,4.2388,0.335,103,713,0,0,1,0,0
6228,4.1521,0.3535,103,713,0,0,1,0,0
6229,4.4575,0.467,103,713,0,0,1,0,0
6230,3.8076,0.299,103,713,0,0,1,0,0
6231,4.224,0.5008,103,713,0,0,1,0,0
6232,4.2006,0.3252,103,713,0,0,1,0,0
6233,4.2024,0.5408,103,713,0,0,1,0,0
6234,4.0898,0.2849,103,713,0,0,1,0,0
6235,4.1214,0.3209,103,713,0,0,1,0,0
6236,4.6035,0.4689,103,713,0,0,1,0,0
6237,3.755,0.2794,103,713,0,0,1,0,0
6238,4.4564,0.3158,103,713,0,0,1,0,0
6239,3.8518,0.3266,103,713,0,0,1,0,0
6240,4.2432,0.4685,103,713,0,0,1,0,0
6241,4.4436,0.4338,103,713,0,0,1,0,0
6242,3.8502,0.3104,103,713,0,0,1,0,0
6243,4.5493,0.3195,103,713,0,0,1,0,0
6244,4.1234,0.3027,103,713,0,0,1,0,0
6245,3.7808,0.3434,103,713,0,0,1,0,0
6246,4.3362,0.4736,103,713,0,0,1,0,0
6247,3.9858,0.2924,103,713,0,0,1,0,0
6248,4.5216,0.4258,103,713,0,0,1,0,0
6249,3.8012,0.2857,103,713,0,0,1,0,0
6250,4.5417,0.4319,103,713,0,0,1,0,0
6251,4.0422,0.2425,103,713,0,0,1,0,0
6252,3.8593,0.3588,103,713,0,0,1,0,0
6253,4.5316,0.6768,103,713,0,0,1,0,0
6254,3.8177,0.2502,103,713,0,0,1,0,0
6255,4.1783,0.4067,102,713,0,0,1,0,0
6256,4.1829,0.3643,102,713,0,0,1,0,0
6257,4.6216,0.2972,102,713,0,0,1,0,0
6258,3.9244,0.4112,102,713,0,0,1,0,0
6259,3.9058,0.2494,102,713,0,0,1,0,0
6260,4.504,0.4423,102,713,0,0,1,0,0
6261,4.1256,0.2695,102,713,0,0,1,0,0
6262,4.2377,0.4039,102,713,0,0,1,0,0
6263,3.7919,0.3642,102,713,0,0,1,0,0
6264,4.1613,0.2583,101,713,0,0,1,0,0
6265,4.4077,0.4514,101,713,0,0,1,0,0
6266,3.9475,0.2316,101,713,0,0,1,0,0
6267,4.1935,0.3471,101,713,0,0,1,0,0
6268,4.1801,0.4372,101,713,0,0,1,0,0
6269,4.4179,0.3768,101,713,0,0,1,0,0
6270,4.0748,0.373,101,713,0,0,1,0,0
6271,3.9525,0.2513,101,713,0,0,1,0,0
6272,4.5267,0.3749,101,713,0,0,1,0,0
6273,3.8311,0.2518,101,713,0,0,1,0,0
6274,4.5176,0.41,101,713,0,0,1,0,0
6275,4.1562,0.2749,101,713,0,0,1,0,0
6276,3.8423,0.3384,100,713,0,0,1,0,0
6277,4.3922,0.434,100,713,0,0,1,0,0
6278,4.3058,0.2411,100,713,0,0,1,0,0
6279,3.7762,0.2399,100,713,0,0,1,0,0
6280,4.1984,0.4076,100,713,0,0,1,0,0
6281,4.1536,0.3779,100,713,0,0,1,0,0
6282,4.2788,0.2768,100,713,0,0,1,0,0
6283,4.0327,0.4023,100,713,0,0,1,0,0
6284,4.3652,0.4305,100,713,0,0,1,0,0
6285,4.1444,0.3368,100,713,0,0,1,0,0
6286,4.1794,0.429,150,713,0,0,1,0,0
6287,4.3398,0.2681,150,713,0,0,1,0,0
6288,3.9986,0.37,150,713,0,0,1,0,0
6289,4.1567,0.2685,150,713,0,0,1,0,0
6290,3.9966,0.2393,150,713,0,0,1,0,0
6291,4.1373,0.2612,150,713,0,0,1,0,0
6292,4.3774,0.4173,150,713,0,0,1,0,0
6293,4.1693,0.4175,150,713,0,0,1,0,0
6294,4.1794,0.3612,150,713,0,0,1,0,0
6295,3.9877,0.2549,150,713,0,0,1,0,0
6296,4.1418,0.3031,150,713,0,0,1,0,0
6297,4.3111,0.2336,150,713,0,0,1,0,0
6298,4.1524,0.3764,150,713,0,0,1,0,0
6299,4.0756,0.4528,150,713,0,0,1,0,0
6300,4.4651,0.2798,150,713,0,0,1,0,0
6301,3.821,0.4139,150,713,0,0,1,0,0
6302,4.1926,0.2351,150,713,0,0,1,0,0
6303,4.2741,0.4131,150,713,0,0,1,0,0
6304,4.2313,0.3402,150,713,0,0,1,0,0
6305,4.1784,0.4305,150,713,0,0,1,0,0
6306,3.958,0.2838,150,713,0,0,1,0,0
6307,4.1567,0.2742,150,713,0,0,1,0,0
6308,4.3636,0.3102,150,713,0,0,1,0,0
6309,4.1629,0.2833,150,713,0,0,1,0,0
6310,4.1308,0.3986,150,713,0,0,1,0,0
6311,4.0516,0.24,150,713,0,0,1,0,0
6312,4.4913,0.3801,150,713,0,0,1,0,0
6313,3.7809,0.2701,150,713,0,0,1,0,0
6314,4.2204,0.2865,150,713,0,0,1,0,0
6315,4.2968,0.2915,150,713,0,0,1,0,0
6316,4.1436,0.3726,150,713,0,0,1,0,0
6317,4.3137,0.4023,150,713,0,0,1,0,0
6318,4.0793,0.3304,150,713,0,0,1,0,0
6319,4.0015,0.304,150,713,0,0,1,0,0
6320,4.3283,0.3904,150,713,0,0,1,0,0
6321,4.0278,0.3644,150,713,0,0,1,0,0
6322,4.3475,0.4995,150,713,0,0,1,0,0
6323,3.9515,0.2677,149,713,0,0,1,0,0
6324,4.3366,0.3922,149,713,0,0,1,0,0
6325,4.1922,0.3255,149,713,0,0,1,0,0
6326,3.9966,0.2886,149,713,0,0,1,0,0
6327,4.3259,0.3875,148,713,0,0,1,0,0
6328,4.1528,0.5016,148,713,0,0,1,0,0
6329,4.0233,0.2926,148,713,0,0,1,0,0
6330,4.4614,0.3736,148,713,0,0,1,0,0
6331,3.8423,0.3134,148,713,0,0,1,0,0
6332,4.4866,0.219,147,713,0,0,1,0,0
6333,4.053,0.3292,147,713,0,0,1,0,0
6334,4.1408,0.5373,147,713,0,0,1,0,0
6335,4.0915,0.4248,147,713,0,0,1,0,0
6336,4.089,0.3244,145,713,0,0,1,0,0
6337,4.5302,0.2754,145,713,0,0,1,0,0
6338,3.819,0.3118,145,713,0,0,1,0,0
6339,4.2677,0.5005,145,713,0,0,1,0,0
6340,4.2505,0.4519,145,713,0,0,1,0,0
6341,4.0829,0.3139,145,713,0,0,1,0,0
6342,4.203,0.3933,145,713,0,0,1,0,0
6343,4.0848,0.3268,145,713,0,0,1,0,0
6344,4.2206,0.357,144,713,0,0,1,0,0
6345,4.3569,0.4195,144,713,0,0,1,0,0
6346,4.0275,0.3297,144,713,0,0,1,0,0
6347,4.0969,0.5076,144,713,0,0,1,0,0
6348,4.4301,0.4375,144,713,0,0,1,0,0
6349,3.8612,0.2794,144,713,0,0,1,0,0
6350,4.1945,0.3677,144,713,0,0,1,0,0
6351,4.2245,0.3718,144,713,0,0,1,0,0
6352,4.1575,0.343,144,713,0,0,1,0,0
6353,4.334,0.6846,194,713,0,0,1,0,0
6354,3.9527,0.3813,194,713,0,0,1,0,0
6355,4.1567,0.4092,194,713,0,0,1,0,0
6356,4.274,0.4267,194,713,0,0,1,0,0
6357,4.1603,0.3294,194,713,0,0,1,0,0
6358,4.0834,0.614,194,713,0,0,1,0,0
6359,4.164,0.3411,194,713,0,0,1,0,0
6360,4.181,0.3849,194,713,0,0,1,0,0
6361,4.221,0.3569,194,713,0,0,1,0,0
6362,4.0994,0.4081,194,713,0,0,1,0,0
6363,4.231,0.364,194,713,0,0,1,0,0
6364,4.3551,0.4081,194,713,0,0,1,0,0
6365,3.9847,0.5784,194,713,0,0,1,0,0
6366,4.4437,0.6059,194,713,0,0,1,0,0
6367,3.8312,0.343,194,713,0,0,1,0,0
6368,4.3406,0.3841,192,713,0,0,1,0,0
6369,3.9502,0.3638,192,713,0,0,1,0,0
6370,4.2281,0.597,192,713,0,0,1,0,0
6371,4.2075,0.3872,192,713,0,0,1,0,0
6372,4.1159,0.5663,192,713,0,0,1,0,0
6373,4.22,0.4496,192,713,0,0,1,0,0
6374,4.0833,0.3066,192,713,0,0,1,0,0
6375,4.1522,0.5014,192,713,0,0,1,0,0
6376,4.2708,0.4872,192,713,0,0,1,0,0
6377,4.1542,0.6619,192,713,0,0,1,0,0
6378,4.3404,0.5336,192,713,0,0,1,0,0
6379,3.9215,0.4098,192,713,0,0,1,0,0
6380,4.1987,0.4224,192,713,0,0,1,0,0
6381,4.163,0.4052,192,713,0,0,1,0,0
6382,4.2209,0.3499,192,713,0,0,1,0,0
6383,4.1444,0.3764,192,713,0,0,1,0,0
6384,4.0945,0.3327,192,713,0,0,1,0,0
6385,4.2718,0.6606,192,713,0,0,1,0,0
6386,4.0864,0.3458,192,713,0,0,1,0,0
6387,4.1447,0.4976,192,713,0,0,1,0,0
6388,4.5515,0.3856,192,713,0,0,1,0,0
6389,3.7944,0.6113,192,713,0,0,1,0,0
6390,4.4113,0.5992,192,713,0,0,1,0,0
6391,3.9517,0.3112,192,713,0,0,1,0,0
6392,4.1912,0.4195,191,713,0,0,1,0,0
6393,4.1596,0.3054,191,713,0,0,1,0,0
6394,4.1767,0.4461,191,713,0,0,1,0,0
6395,4.1305,0.3058,189,713,0,0,1,0,0
6396,4.1687,0.392,189,713,0,0,1,0,0
6397,4.2461,0.4634,188,713,0,0,1,0,0
6398,4.0595,0.3846,188,713,0,0,1,0,0
6399,4.1739,0.5222,188,713,0,0,1,0,0
6400,4.1528,0.3779,188,713,0,0,1,0,0
6401,4.2178,0.3154,188,713,0,0,1,0,0
6402,4.1812,0.3686,187,713,0,0,1,0,0
6403,4.1199,0.3261,187,713,0,0,1,0,0
6404,4.2385,0.4468,187,713,0,0,1,0,0
6405,4.1302,0.4163,187,713,0,0,1,0,0
6406,4.1847,0.5673,187,713,0,0,1,0,0
6407,4.1594,0.3563,187,713,0,0,1,0,0
6408,4.1356,0.3649,187,713,0,0,1,0,0
6409,4.1275,0.5219,187,713,0,0,1,0,0
6410,4.2292,0.3755,187,713,0,0,1,0,0
6411,4.1314,0.5621,186,713,0,0,1,0,0
6412,4.2656,0.4539,185,713,0,0,1,0,0
6413,4.0953,0.4903,184,713,0,0,1,0,0
6414,4.1455,0.3795,184,713,0,0,1,0,0
6415,4.1891,0.5889,184,713,0,0,1,0,0
6416,4.2093,0.5607,184,713,0,0,1,0,0
6417,4.1362,0.3518,184,713,0,0,1,0,0
6418,4.2034,0.4415,184,713,0,0,1,0,0
6419,4.0764,0.3369,184,713,0,0,1,0,0
6420,4.1843,0.4086,233,713,0,0,1,0,0
6421,4.479,0.5044,233,713,0,0,1,0,0
6422,3.9216,0.3622,233,713,0,0,1,0,0
6423,4.1311,0.4226,233,713,0,0,1,0,0
6424,4.2878,0.4686,233,713,0,0,1,0,0
6425,4.01,0.3239,233,713,0,0,1,0,0
6426,4.1242,0.4013,233,713,0,0,1,0,0
6427,4.2161,0.3551,233,713,0,0,1,0,0
6428,4.1702,0.4025,233,713,0,0,1,0,0
6429,4.2283,0.6552,233,713,0,0,1,0,0
6430,4.1043,0.5093,233,713,0,0,1,0,0
6431,4.15,0.5525,232,713,0,0,1,0,0
6432,4.2064,0.4558,232,713,0,0,1,0,0
6433,4.0955,0.4025,232,713,0,0,1,0,0
6434,4.2674,0.408,232,713,0,0,1,0,0
6435,4.126,0.3525,232,713,0,0,1,0,0
6436,4.2257,0.4631,232,713,0,0,1,0,0
6437,4.1152,0.5888,232,713,0,0,1,0,0
6438,4.1238,0.4392,232,713,0,0,1,0,0
6439,4.2107,0.407,232,713,0,0,1,0,0
6440,4.2172,0.5921,231,713,0,0,1,0,0
6441,4.2065,0.533,231,713,0,0,1,0,0
6442,4.1074,0.4669,231,713,0,0,1,0,0
6443,4.1265,0.3488,231,713,0,0,1,0,0
6444,4.1606,0.4107,231,713,0,0,1,0,0
6445,4.1354,0.4337,231,713,0,0,1,0,0
6446,4.2085,0.3228,231,713,0,0,1,0,0
6447,4.1659,0.412,231,713,0,0,1,0,0
6448,4.217,0.4703,231,713,0,0,1,0,0
6449,4.1611,0.3746,229,713,0,0,1,0,0
6450,4.1134,0.4081,229,713,0,0,1,0,0
6451,4.1777,0.4447,229,713,0,0,1,0,0
6452,4.1632,0.6492,229,713,0,0,1,0,0
6453,4.1821,0.383,229,713,0,0,1,0,0
6454,4.1755,0.5241,228,713,0,0,1,0,0
6455,4.1296,0.6105,228,713,0,0,1,0,0
6456,4.1803,0.4564,227,713,0,0,1,0,0
6457,4.2404,0.4856,227,713,0,0,1,0,0
6458,4.0998,0.4051,227,713,0,0,1,0,0
6459,4.2157,0.3196,227,713,0,0,1,0,0
6460,4.2957,0.5683,227,713,0,0,1,0,0
6461,3.9651,0.3998,226,713,0,0,1,0,0
6462,4.5142,0.4793,226,713,0,0,1,0,0
6463,3.8328,0.4021,225,713,0,0,1,0,0
6464,4.1973,0.356,225,713,0,0,1,0,0
6465,4.4941,0.4058,224,713,0,0,1,0,0
6466,3.9989,0.6622,224,713,0,0,1,0,0
6467,4.0029,0.3293,224,713,0,0,1,0,0
6468,4.2245,0.5016,224,713,0,0,1,0,0
6469,4.1475,0.3713,224,713,0,0,1,0,0
6470,4.0915,0.395,224,713,0,0,1,0,0
6471,4.3888,0.5407,223,713,0,0,1,0,0
6472,4.034,0.3417,223,713,0,0,1,0,0
6473,4.2415,0.6319,222,713,0,0,1,0,0
6474,4.0767,0.3698,222,713,0,0,1,0,0
6475,4.0884,0.4063,221,713,0,0,1,0,0
6476,4.2571,0.4311,221,713,0,0,1,0,0
6477,4.1759,0.3865,220,713,0,0,1,0,0
6478,4.1881,0.6135,220,713,0,0,1,0,0
6479,4.0879,0.4864,220,713,0,0,1,0,0
6480,4.1576,0.4027,220,713,0,0,1,0,0
6481,4.1853,0.3781,220,713,0,0,1,0,0
6482,4.1337,0.4031,220,713,0,0,1,0,0
6483,4.2295,0.829,220,713,0,0,1,0,0
6484,4.52,0.4187,220,713,0,0,1,0,0
6485,3.9436,0.6655,219,713,0,0,1,0,0
6486,4.0247,0.3954,219,713,0,0,1,0,0
6487,4.11,0.4023,219,713,0,0,1,0,0
6488,4.1884,0.4997,269,713,0,0,1,0,0
6489,4.5887,0.371,269,713,0,0,1,0,0
6490,4.011,0.5551,268,713,0,0,1,0,0
6491,3.8846,0.4621,268,713,0,0,1,0,0
6492,4.1981,0.4388,268,713,0,0,1,0,0
6493,4.2054,0.3808,268,713,0,0,1,0,0
6494,4.1031,0.4681,268,713,0,0,1,0,0
6495,4.1944,0.7249,268,713,0,0,1,0,0
6496,4.1938,0.4063,268,713,0,0,1,0,0
6497,4.337,0.5259,268,713,0,0,1,0,0
6498,3.9749,0.4326,268,713,0,0,1,0,0
6499,4.1147,0.3874,268,713,0,0,1,0,0
6500,4.2074,0.3966,268,713,0,0,1,0,0
6501,4.1554,0.4279,267,713,0,0,1,0,0
6502,4.1454,0.5566,267,713,0,0,1,0,0
6503,4.1991,0.3689,267,713,0,0,1,0,0
6504,4.1504,0.3491,267,713,0,0,1,0,0
6505,4.235,0.5004,267,713,0,0,1,0,0
6506,4.1117,0.3722,267,713,0,0,1,0,0
6507,4.1025,0.511,267,713,0,0,1,0,0
6508,4.5667,0.421,266,713,0,0,1,0,0
6509,3.8899,0.7267,266,713,0,0,1,0,0
6510,4.175,0.5389,266,713,0,0,1,0,0
6511,4.0783,0.4569,266,713,0,0,1,0,0
6512,4.2161,0.4962,266,713,0,0,1,0,0
6513,4.8077,0.3584,266,713,0,0,1,0,0
6514,3.5427,0.4041,265,713,0,0,1,0,0
6515,4.1302,0.4249,265,713,0,0,1,0,0
6516,4.1909,0.6055,265,713,0,0,1,0,0
6517,4.163,0.3911,264,713,0,0,1,0,0
6518,4.1001,0.429,263,713,0,0,1,0,0
6519,4.182,0.5352,263,713,0,0,1,0,0
6520,4.2586,0.3807,263,713,0,0,1,0,0
6521,4.1118,0.6623,263,713,0,0,1,0,0
6522,4.1901,0.4137,263,713,0,0,1,0,0
6523,4.0972,0.364,263,713,0,0,1,0,0
6524,4.636,0.4902,263,713,0,0,1,0,0
6525,3.7276,0.465,263,713,0,0,1,0,0
6526,4.2172,0.4419,263,713,0,0,1,0,0
6527,4.1327,0.3665,263,713,0,0,1,0,0
6528,4.1933,0.4541,262,713,0,0,1,0,0
6529,4.1527,0.5934,262,713,0,0,1,0,0
6530,4.1262,0.3412,262,713,0,0,1,0,0
6531,4.2086,0.652,262,713,0,0,1,0,0
6532,4.1368,0.4312,262,713,0,0,1,0,0
6533,4.1915,0.6382,261,713,0,0,1,0,0
6534,4.143,0.4425,261,713,0,0,1,0,0
6535,4.1592,0.6153,260,713,0,0,1,0,0
6536,4.2328,0.4261,259,713,0,0,1,0,0
6537,4.1506,0.3499,259,713,0,0,1,0,0
6538,4.1799,0.4885,256,713,0,0,1,0,0
6539,4.1246,0.6602,256,713,0,0,1,0,0
6540,4.1918,0.5271,255,713,0,0,1,0,0
6541,4.1471,0.6475,255,713,0,0,1,0,0
6542,4.1334,0.3918,254,713,0,0,1,0,0
6543,4.2238,0.3568,253,713,0,0,1,0,0
6544,4.1896,0.4713,253,713,0,0,1,0,0
6545,4.1836,0.421,253,713,0,0,1,0,0
6546,4.1133,0.4271,253,713,0,0,1,0,0
6547,4.1605,0.6755,252,713,0,0,1,0,0
6548,4.1641,0.5857,252,713,0,0,1,0,0
6549,4.1826,0.3292,252,713,0,0,1,0,0
6550,4.1758,0.477,252,713,0,0,1,0,0
6551,4.1695,0.5157,252,713,0,0,1,0,0
6552,4.1602,0.5798,252,713,0,0,1,0,0
6553,4.1115,0.6478,251,713,0,0,1,0,0
6554,4.1819,0.392,251,713,0,0,1,0,0
6555,4.1783,0.6487,301,713,0,0,1,7,0.0605
6556,4.6011,0.3902,300,713,0,0,1,0,0
6557,3.7504,0.6596,300,713,0,0,1,0,0
6558,4.1829,0.5029,299,713,0,0,1,0,0
6559,4.1124,0.6355,298,713,0,0,1,0,0
6560,4.2618,0.5441,298,713,0,0,1,0,0
6561,4.2343,0.4294,298,713,0,0,1,0,0
6562,4.0724,0.5116,298,713,0,0,1,0,0
6563,4.082,0.6439,298,713,0,0,1,0,0
6564,4.2649,0.4006,297,713,0,0,1,0,0
6565,4.1168,0.4518,297,713,0,0,1,0,0
6566,4.1561,0.4422,297,713,0,0,1,0,0
6567,4.2676,0.4328,297,713,0,0,1,0,0
6568,4.107,0.4505,297,713,0,0,1,0,0
6569,4.1873,0.4322,297,713,0,0,1,0,0
6570,4.1398,0.474,297,713,0,0,1,0,0
6571,4.1031,0.5812,297,713,0,0,1,0,0
6572,4.1772,0.3914,296,713,0,0,1,0,0
6573,4.1861,0.7159,295,713,0,0,1,0,0
6574,4.1842,0.4225,294,713,0,0,1,0,0
6575,4.1068,0.6491,294,713,0,0,1,0,0
6576,4.266,0.4611,294,713,0,0,1,0,0
6577,4.1216,0.6522,293,713,0,0,1,0,0
6578,4.1386,0.3672,293,713,0,0,1,0,0
6579,4.2017,0.4459,292,713,0,0,1,0,0
6580,4.46,0.5721,290,713,0,0,1,0,0
6581,3.918,0.4686,290,713,0,0,1,0,0
6582,4.153,0.4114,290,713,0,0,1,0,0
6583,4.0975,0.4413,290,713,0,0,1,0,0
6584,4.2556,0.4503,290,713,0,0,1,0,0
6585,4.16,0.7476,290,713,0,0,1,0,0
6586,4.1639,0.596,290,713,0,0,1,0,0
6587,4.1105,0.3729,290,713,0,0,1,0,0
6588,4.1992,0.6363,290,713,0,0,1,0,0
6589,4.1732,0.4569,290,713,0,0,1,0,0
6590,4.1061,0.3488,290,713,0,0,1,0,0
6591,4.24,0.5589,290,713,0,0,1,0,0
6592,4.1836,0.7508,290,713,0,0,1,0,0
6593,4.3733,0.6066,290,713,0,0,1,0,0
6594,3.867,0.3933,290,713,0,0,1,0,0
6595,4.1395,0.4848,290,713,0,0,1,0,0
6596,4.2801,0.5479,289,713,0,0,1,0,0
6597,4.1894,0.486,288,713,0,0,1,0,0
6598,4.114,0.7047,288,713,0,0,1,0,0
6599,4.16,0.5876,288,713,0,0,1,0,0
6600,4.1832,0.4996,288,713,0,0,1,0,0
6601,4.0985,0.5653,288,713,0,0,1,0,0
6602,4.1625,0.3449,288,713,0,0,1,0,0
6603,4.2083,0.5522,288,713,0,0,1,0,0
6604,4.3703,0.82,288,713,0,0,1,0,0
6605,3.9738,0.699,288,713,0,0,1,0,0
6606,4.2024,0.7599,288,713,0,0,1,0,0
6607,4.0741,0.3752,288,713,0,0,1,0,0
6608,4.4699,0.5153,288,713,0,0,1,0,0
6609,4.0209,0.5222,288,713,0,0,1,0,0
6610,4.1463,0.402,288,713,0,0,1,0,0
6611,4.1345,0.6531,288,713,0,0,1,0,0
6612,4.1616,0.4887,288,713,0,0,1,0,0
6613,4.1206,0.4838,287,713,0,0,1,0,0
6614,4.1516,0.4308,286,713,0,0,1,0,0
6615,4.239,0.5372,286,713,0,0,1,0,0
6616,4.1466,0.3855,286,713,0,0,1,0,0
6617,4.1453,0.8916,285,713,0,0,1,0,0
6618,4.1772,0.4247,284,713,0,0,1,0,0
6619,4.1,0.3596,284,713,0,0,1,0,0
6620,4.2181,0.4755,284,713,0,0,1,0,0
6621,4.1212,0.4533,283,713,0,0,1,0,0
6622,4.2081,0.7359,333,713,0,0,1,16,0.0947
6623,4.1566,0.3883,333,713,0,0,1,0,0
6624,4.1489,0.6676,332,713,0,0,1,0,0
6625,4.187,0.5927,332,713,0,0,1,0,0
6626,4.1411,0.3975,332,713,0,0,1,0,0
6627,4.1142,0.6497,332,713,0,0,1,0,0
6628,4.4468,0.5048,331,713,0,0,1,0,0
6629,3.9747,0.718,331,713,0,0,1,0,0
6630,4.1086,0.5953,331,713,0,0,1,0,0
6631,4.1558,0.3947,331,713,0,0,1,0,0
6632,4.6097,0.4199,331,713,0,0,1,0,0
6633,3.819,0.4828,331,713,0,0,1,0,0
6634,4.1672,0.4889,331,713,0,0,1,0,0
6635,4.1624,0.5478,331,713,0,0,1,0,0
6636,4.1186,0.4422,331,713,0,0,1,0,0
6637,4.2164,0.4623,331,713,0,0,1,0,0
6638,4.115,0.3719,330,713,0,0,1,0,0
6639,4.1606,0.3762,329,713,0,0,1,0,0
6640,4.2488,0.415,328,713,0,0,1,0,0
6641,4.1147,0.4745,328,713,0,0,1,0,0
6642,4.1587,0.6773,328,713,0,0,1,0,0
6643,4.1728,0.701,327,713,0,0,1,0,0
6644,4.2139,0.4654,327,713,0,0,1,0,0
6645,4.115,0.3898,326,713,0,0,1,0,0
6646,4.1868,0.4249,326,713,0,0,1,0,0
6647,4.1344,0.4472,326,713,0,0,1,0,0
6648,4.1683,0.6947,326,713,0,0,1,0,0
6649,4.2753,0.4655,326,713,0,0,1,0,0
6650,4.0665,0.4318,326,713,0,0,1,0,0
6651,4.1614,0.5763,326,713,0,0,1,0,0
6652,4.5636,0.3686,326,713,0,0,1,0,0
6653,3.8386,0.4908,325,713,0,0,1,0,0
6654,4.0886,0.5761,324,713,0,0,1,0,0
6655,4.1621,0.5686,324,713,0,0,1,0,0
6656,4.2622,0.497,324,713,0,0,1,0,0
6657,4.1272,0.4126,324,713,0,0,1,0,0
6658,4.4973,0.3869,324,713,0,0,1,0,0
6659,4.0484,0.3947,324,713,0,0,1,0,0
6660,3.9044,0.5054,324,713,0,0,1,0,0
6661,4.2509,0.7441,323,713,0,0,1,0,0
6662,4.0949,0.4526,322,713,0,0,1,0,0
6663,4.1471,0.4166,320,713,0,0,1,0,0
6664,4.2372,0.4154,319,713,0,0,1,0,0
6665,4.0904,0.5521,319,713,0,0,1,0,0
6666,4.4516,0.5586,318,713,0,0,1,0,0
6667,3.8857,0.7,318,713,0,0,1,0,0
6668,4.224,0.5117,317,713,0,0,1,0,0
6669,4.1341,0.453,317,713,0,0,1,0,0
6670,4.5317,0.5373,316,713,0,0,1,0,0
6671,3.8419,0.4617,315,713,0,0,1,0,0
6672,4.1895,0.5142,314,713,0,0,1,0,0
6673,4.1585,0.4803,314,713,0,0,1,0,0
6674,4.0881,0.4162,314,713,0,0,1,0,0
6675,4.2454,0.6533,313,713,0,0,1,0,0
6676,4.4987,0.3725,313,713,0,0,1,0,0
6677,3.7879,0.3904,313,713,0,0,1,0,0
6678,4.152,0.5188,313,713,0,0,1,0,0
6679,4.1974,0.5188,313,713,0,0,1,0,0
6680,4.148,0.5685,313,713,0,0,1,0,0
6681,4.1888,0.3915,313,713,0,0,1,0,0
6682,4.1774,0.5467,313,713,0,0,1,0,0
6683,4.1064,0.7189,313,713,0,0,1,0,0
6684,4.2233,0.4686,312,713,0,0,1,0,0
6685,4.1379,0.4964,312,713,0,0,1,0,0
6686,4.1583,0.3833,312,713,0,0,1,0,0
6687,4.2065,0.4638,312,713,0,0,1,0,0
6688,4.1545,0.394,310,713,0,0,1,0,0
6689,4.1218,0.7089,360,713,0,0,1,15,0.1103
6690,4.1876,0.5133,360,713,0,0,1,0,0
6691,4.1505,0.6682,360,713,0,0,1,0,0
6692,4.1976,0.4765,359,713,0,0,1,0,0
6693,4.1472,0.5205,359,713,0,0,1,0,0
6694,4.1733,0.4577,359,713,0,0,1,0,0
6695,4.1909,0.4741,357,713,0,0,1,0,0
6696,4.2001,0.7106,357,713,0,0,1,0,0
6697,4.1036,0.3979,357,713,0,0,1,0,0
6698,4.1499,0.4116,357,713,0,0,1,0,0
6699,4.1765,0.4346,357,713,0,0,1,0,0
6700,4.4578,0.421,357,713,0,0,1,0,0
6701,3.8834,0.4465,357,713,0,0,1,0,0
6702,4.5332,0.4313,357,713,0,0,1,0,0
6703,3.8193,0.503,356,713,0,0,1,0,0
6704,4.1672,0.6488,355,713,0,0,1,0,0
6705,4.2245,0.5765,354,713,0,0,1,0,0
6706,4.1706,0.5325,354,713,0,0,1,0,0
6707,4.0783,0.4751,354,713,0,0,1,0,0
6708,4.2238,0.4688,354,713,0,0,1,0,0
6709,4.1339,0.4148,354,713,0,0,1,0,0
6710,4.176,0.3963,354,713,0,0,1,0,0
6711,4.1974,0.4523,353,713,0,0,1,0,0
6712,4.1571,0.478,353,713,0,0,1,0,0
6713,4.1634,0.4534,353,713,0,0,1,0,0
6714,4.1202,0.6587,352,713,0,0,1,0,0
6715,4.166,0.56,352,713,0,0,1,0,0
6716,4.2644,0.5791,352,713,0,0,1,0,0
6717,4.087,0.4804,352,713,0,0,1,0,0
6718,4.1864,0.4508,350,713,0,0,1,0,0
6719,4.1199,0.6289,349,713,0,0,1,0,0
6720,4.1842,0.5632,347,713,0,0,1,0,0
6721,4.1896,0.4243,347,713,0,0,1,0,0
6722,4.1499,0.4043,347,713,0,0,1,0,0
6723,4.3453,0.5593,346,713,0,0,1,0,0
6724,4.0182,0.6524,346,713,0,0,1,0,0
6725,4.2037,0.5803,345,713,0,0,1,0,0
6726,4.4934,0.6797,345,713,0,0,1,0,0
6727,3.7684,0.4888,343,713,0,0,1,0,0
6728,4.5064,0.5113,343,713,0,0,1,0,0
6729,3.8864,0.4467,342,713,0,0,1,0,0
6730,4.0983,0.3884,341,713,0,0,1,0,0
6731,4.2101,0.3874,339,713,0,0,1,0,0
6732,4.1414,0.3965,339,713,0,0,1,0,0
6733,4.1756,0.4134,339,713,0,0,1,0,0
6734,4.1662,0.5184,339,713,0,0,1,0,0
6735,4.2488,0.5061,337,713,0,0,1,0,0
6736,4.0997,0.9196,336,713,0,0,1,0,0
6737,4.1475,0.6051,336,713,0,0,1,0,0
6738,4.5215,0.4881,336,713,0,0,1,0,0
6739,3.7938,0.3919,336,713,0,0,1,0,0
6740,4.2006,0.3939,336,713,0,0,1,0,0
6741,4.1973,0.4416,336,713,0,0,1,0,0
6742,4.3146,0.5909,334,713,0,0,1,0,0
6743,4.0507,0.7406,333,713,0,0,1,0,0
6744,4.3939,0.7427,333,713,0,0,1,0,0
6745,3.8582,0.4713,333,713,0,0,1,0,0
6746,4.165,0.3844,333,713,0,0,1,0,0
6747,4.1289,0.7067,333,713,0,0,1,0,0
6748,4.26,0.3963,333,713,0,0,1,0,0
6749,4.1695,0.7754,333,713,0,0,1,0,0
6750,4.1265,0.551,333,713,0,0,1,0,0
6751,4.1156,0.67,333,713,0,0,1,0,0
6752,4.5888,0.4192,326,713,0,0,1,0,0
6753,3.7857,0.4624,325,713,0,0,1,0,0
6754,4.1847,0.5885,324,713,0,0,1,0,0
6755,4.2167,0.4206,324,713,0,0,1,0,0
6756,4.1422,0.6836,374,713,0,0,1,7,0.0685
6757,4.1249,0.4922,374,713,0,0,1,0,0
6758,4.1404,0.5256,373,713,0,0,1,0,0
6759,4.2037,0.6361,373,713,0,0,1,0,0
6760,4.4355,0.5281,371,713,0,0,1,0,0
6761,3.9906,0.7428,370,713,0,0,1,0,0
6762,4.2162,0.795,369,713,0,0,1,0,0
6763,3.9623,0.473,368,713,0,0,1,0,0
6764,4.2152,0.466,367,713,0,0,1,0,0
6765,4.1843,0.4586,367,713,0,0,1,0,0
6766,4.224,0.4589,367,713,0,0,1,0,0
6767,4.1536,0.4746,367,713,0,0,1,0,0
6768,4.2006,0.6503,367,713,0,0,1,0,0
6769,4.1274,0.4673,367,713,0,0,1,0,0
6770,4.1118,0.4121,367,713,0,0,1,0,0
6771,4.1508,0.5622,367,713,0,0,1,0,0
6772,4.1518,0.4195,365,713,0,0,1,0,0
6773,4.1853,0.6277,364,713,0,0,1,0,0
6774,4.2525,0.61,364,713,0,0,1,0,0
6775,4.0832,0.4701,364,713,0,0,1,0,0
6776,4.6799,0.5995,362,713,0,0,1,0,0
6777,3.6995,0.6632,362,713,0,0,1,0,0
6778,4.1733,0.5842,362,713,0,0,1,0,0
6779,4.3476,0.4716,362,713,0,0,1,0,0
6780,3.9917,0.7348,359,713,0,0,1,0,0
6781,4.1846,0.4693,359,713,0,0,1,0,0
6782,4.0678,0.4776,358,713,0,0,1,0,0
6783,4.1935,0.4953,358,713,0,0,1,0,0
6784,4.2186,0.6147,358,713,0,0,1,0,0
6785,4.1907,0.561,358,713,0,0,1,0,0
6786,4.1058,0.5654,358,713,0,0,1,0,0
6787,4.1666,0.3974,358,713,0,0,1,0,0
6788,4.233,0.4727,357,713,0,0,1,0,0
6789,4.1413,0.485,356,713,0,0,1,0,0
6790,4.1544,0.4439,354,713,0,0,1,0,0
6791,4.2261,0.4575,354,713,0,0,1,0,0
6792,4.0648,0.4492,354,713,0,0,1,0,0
6793,4.1987,0.7664,354,713,0,0,1,0,0
6794,4.1168,0.4765,352,713,0,0,1,0,0
6795,4.1559,0.6621,352,713,0,0,1,0,0
6796,4.6225,0.4634,352,713,0,0,1,0,0
6797,4.1111,0.8813,352,713,0,0,1,0,0
6798,3.8541,0.4444,351,713,0,0,1,0,0
6799,4.1205,0.6791,350,713,0,0,1,0,0
6800,4.2134,0.4508,350,713,0,0,1,0,0
6801,4.1292,0.3995,350,713,0,0,1,0,0
6802,4.2112,0.7024,348,713,0,0,1,0,0
6803,4.1229,0.416,348,713,0,0,1,0,0
6804,4.1589,0.6278,348,713,0,0,1,0,0
6805,4.1814,0.4896,348,713,0,0,1,0,0
6806,4.1916,0.7194,348,713,0,0,1,0,0
6807,4.1376,0.5131,347,713,0,0,1,0,0
6808,4.1567,0.4684,346,713,0,0,1,0,0
6809,4.1685,0.48,346,713,0,0,1,0,0
6810,4.1752,0.438,345,713,0,0,1,0,0
6811,4.1468,0.4457,344,713,0,0,1,0,0
6812,4.2755,0.4284,344,713,0,0,1,0,0
6813,4.0585,0.472,344,713,0,0,1,0,0
6814,4.1934,0.4237,343,713,0,0,1,0,0
6815,4.1621,0.4072,343,713,0,0,1,0,0
6816,4.1938,0.6977,342,713,0,0,1,0,0
6817,4.137,0.5035,341,713,0,0,1,0,0
6818,4.1495,0.506,341,713,0,0,1,0,0
6819,4.1694,0.4865,332,713,0,0,1,0,0
6820,4.4065,0.5256,332,713,0,0,1,0,0
6821,3.9457,0.3829,332,713,0,0,1,0,0
6822,4.2304,0.6995,332,713,0,0,1,0,0
6823,4.1118,0.4341,381,713,0,0,1,4,0.0374
6824,4.1529,0.4179,381,713,0,0,1,0,0
6825,4.1749,0.447,381,713,0,0,1,0,0
6826,4.1697,0.727,380,713,0,0,1,0,0
6827,4.1616,0.6265,379,713,0,0,1,0,0
6828,4.1438,0.4234,379,713,0,0,1,0,0
6829,4.203,0.4373,379,713,0,0,1,0,0
6830,4.1697,0.4526,379,713,0,0,1,0,0
6831,4.1761,0.726,377,713,0,0,1,0,0
6832,4.1648,0.5505,377,713,0,0,1,0,0
6833,4.4838,0.6571,377,713,0,0,1,0,0
6834,3.8212,0.4433,377,713,0,0,1,0,0
6835,4.1469,0.4486,377,713,0,0,1,0,0
6836,4.2409,0.6754,377,713,0,0,1,0,0
6837,4.2272,0.7583,377,713,0,0,1,0,0
6838,4.0744,0.5209,377,713,0,0,1,0,0
6839,4.1154,0.6584,376,713,0,0,1,0,0
6840,4.1693,0.4767,374,713,0,0,1,0,0
6841,4.1949,0.5405,374,713,0,0,1,0,0
6842,4.1629,0.5173,373,713,0,0,1,0,0
6843,4.1781,0.7039,373,713,0,0,1,0,0
6844,4.2407,0.5163,373,713,0,0,1,0,0
6845,4.1657,0.6489,373,713,0,0,1,0,0
6846,4.4814,0.674,373,713,0,0,1,0,0
6847,3.7634,0.509,372,713,0,0,1,0,0
6848,4.161,0.6708,372,713,0,0,1,0,0
6849,4.194,0.6647,372,713,0,0,1,0,0
6850,4.8465,0.5888,372,713,0,0,1,0,0
6851,3.5088,0.7375,372,713,0,0,1,0,0
6852,4.2041,0.5609,372,713,0,0,1,0,0
6853,4.0421,0.5082,371,713,0,0,1,0,0
6854,4.2171,0.512,371,713,0,0,1,0,0
6855,4.2343,0.6814,371,713,0,0,1,0,0
6856,4.267,0.7639,371,713,0,0,1,0,0
6857,4.273,0.6617,371,713,0,0,1,0,0
6858,3.9237,0.5596,371,713,0,0,1,0,0
6859,4.0932,0.4925,371,713,0,0,1,0,0
6860,4.2351,0.5251,370,713,0,0,1,0,0
6861,4.2167,0.492,369,713,0,0,1,0,0
6862,4.2838,0.6985,369,713,0,0,1,0,0
6863,3.9488,0.7231,368,713,0,0,1,0,0
6864,4.1743,0.5382,367,713,0,0,1,0,0
6865,4.6348,0.5823,367,713,0,0,1,0,0
6866,3.714,0.405,364,713,0,0,1,0,0
6867,4.1466,0.4212,363,713,0,0,1,0,0
6868,4.2465,0.4445,361,713,0,0,1,0,0
6869,4.0999,0.6124,360,713,0,0,1,0,0
6870,4.1747,0.4256,359,713,0,0,1,0,0
6871,4.2179,0.4067,358,713,0,0,1,0,0
6872,4.1118,0.494,357,713,0,0,1,0,0
6873,4.156,0.413,354,713,0,0,1,0,0
6874,4.3511,0.6476,352,713,0,0,1,0,0
6875,4.1109,0.7574,352,713,0,0,1,0,0
6876,4.0573,0.4749,352,713,0,0,1,0,0
6877,4.2056,0.6639,352,713,0,0,1,0,0
6878,4.1206,0.4719,351,713,0,0,1,0,0
6879,4.2055,0.549,350,713,0,0,1,0,0
6880,4.2016,0.4204,350,713,0,0,1,0,0
6881,4.1098,0.3944,349,713,0,0,1,0,0
6882,4.5605,0.516,349,713,0,0,1,0,0
6883,3.757,0.4318,347,713,0,0,1,0,0
6884,4.5787,0.4133,346,713,0,0,1,0,0
6885,3.7693,0.6003,339,713,0,0,1,0,0
6886,4.2018,0.7054,339,713,0,0,1,0,0
6887,4.1572,0.4892,339,713,0,0,1,0,0
6888,4.1794,0.6871,339,713,0,0,1,0,0
6889,4.5047,0.4231,339,713,0,0,1,0,0
6890,3.815,0.3847,339,713,0,0,1,0,0
6891,4.1147,0.4369,389,713,0,0,1,3,0.0294
6892,4.4835,0.4187,389,713,0,0,1,0,0
6893,4.0062,0.4848,389,713,0,0,1,0,0
6894,4.1131,0.7876,388,713,0,0,1,0,0
6895,4.0835,0.4401,388,713,0,0,1,0,0
6896,4.24,0.475,387,713,0,0,1,0,0
6897,4.0983,0.4468,387,713,0,0,1,0,0
6898,4.5122,0.4461,386,713,0,0,1,0,0
6899,3.8476,0.5689,386,713,0,0,1,0,0
6900,4.1944,0.7107,385,713,0,0,1,0,0
6901,4.1239,0.4647,385,713,0,0,1,0,0
6902,4.1576,0.4309,385,713,0,0,1,0,0
6903,4.1233,0.5783,385,713,0,0,1,0,0
6904,4.2786,0.4454,384,713,0,0,1,0,0
6905,4.3551,0.6622,384,713,0,0,1,0,0
6906,4.0062,0.6033,384,713,0,0,1,0,0
6907,4.0974,0.6466,384,713,0,0,1,0,0
6908,4.1633,0.4678,384,713,0,0,1,0,0
6909,4.1538,0.5057,384,713,0,0,1,0,0
6910,4.4741,0.586,383,713,0,0,1,0,0
6911,4.5936,0.4731,382,713,0,0,1,0,0
6912,3.4288,0.4229,382,713,0,0,1,0,0
6913,4.3711,0.6624,382,713,0,0,1,0,0
6914,3.9219,0.4355,382,713,0,0,1,0,0
6915,4.247,0.5961,382,713,0,0,1,0,0
6916,4.4158,0.7316,381,713,0,0,1,0,0
6917,4.2047,0.6125,381,713,0,0,1,0,0
6918,3.8667,0.5795,381,713,0,0,1,0,0
6919,4.1776,0.6574,381,713,0,0,1,0,0
6920,4.1646,0.6651,381,713,0,0,1,0,0
6921,4.1129,0.5178,381,713,0,0,1,0,0
6922,4.2527,0.4902,381,713,0,0,1,0,0
6923,4.0662,0.5612,381,713,0,0,1,0,0
6924,4.2113,0.7737,381,713,0,0,1,0,0
6925,4.1985,0.5191,381,713,0,0,1,0,0
6926,4.1144,0.4869,380,713,0,0,1,0,0
6927,4.1591,0.6901,380,713,0,0,1,0,0
6928,4.2269,0.6635,379,713,0,0,1,0,0
6929,4.1137,0.4947,376,713,0,0,1,0,0
6930,4.1832,0.8059,376,713,0,0,1,0,0
6931,4.1706,0.8109,375,713,0,0,1,0,0
6932,4.2326,0.8311,375,713,0,0,1,0,0
6933,4.1348,0.5059,374,713,0,0,1,0,0
6934,4.155,0.5635,373,713,0,0,1,0,0
6935,4.2189,0.8445,372,713,0,0,1,0,0
6936,4.3695,0.6971,371,713,0,0,1,0,0
6937,3.941,0.4913,370,713,0,0,1,0,0
6938,4.076,0.4711,368,713,0,0,1,0,0
6939,4.1715,0.4721,367,713,0,0,1,0,0
6940,4.3507,0.4412,367,713,0,0,1,0,0
6941,4.3736,0.4266,367,713,0,0,1,0,0
6942,3.8817,0.5451,367,713,0,0,1,0,0
6943,4.0846,0.3972,364,713,0,0,1,0,0
6944,4.3671,0.6209,362,713,0,0,1,0,0
6945,3.9762,0.4322,361,713,0,0,1,0,0
6946,4.2046,0.4934,360,713,0,0,1,0,0
6947,4.1163,0.4138,360,713,0,0,1,0,0
6948,4.2535,0.4587,360,713,0,0,1,0,0
6949,4.1003,0.4174,359,713,0,0,1,0,0
6950,4.1325,0.4927,359,713,0,0,1,0,0
6951,4.2052,0.6905,359,713,0,0,1,0,0
6952,4.1888,0.4835,351,713,0,0,1,0,0
6953,4.1906,0.508,351,713,0,0,1,0,0
6954,4.107,0.496,351,713,0,0,1,0,0
6955,4.1275,0.5703,351,713,0,0,1,0,0
6956,4.2881,0.3984,350,713,0,0,1,0,0
6957,4.1555,0.4152,350,713,0,0,1,0,0
6958,4.1587,0.5181,400,713,0,0,1,11,0.0528
6959,4.0809,0.606,400,713,0,0,1,0,0
6960,4.2652,0.5241,398,713,0,0,1,0,0
6961,4.1089,0.8126,397,713,0,0,1,0,0
6962,4.1498,0.559,397,713,0,0,1,0,0
6963,4.1575,0.6133,396,713,0,0,1,0,0
6964,4.1681,0.4022,396,713,0,0,1,0,0
6965,4.1454,0.4204,395,713,0,0,1,0,0
6966,4.2612,0.4816,395,713,0,0,1,0,0
6967,4.0936,0.5437,395,713,0,0,1,0,0
6968,4.1902,0.5835,394,713,0,0,1,0,0
6969,4.1353,0.447,394,713,0,0,1,0,0
6970,4.2146,0.5108,394,713,0,0,1,0,0
6971,4.117,0.7873,393,713,0,0,1,0,0
6972,4.5776,0.6815,393,713,0,0,1,0,0
6973,3.8258,0.548,392,713,0,0,1,0,0
6974,4.5087,0.4697,392,713,0,0,1,0,0
6975,3.9576,0.7183,391,713,0,0,1,0,0
6976,4.0303,0.487,390,713,0,0,1,0,0
6977,4.2424,0.5268,390,713,0,0,1,0,0
6978,4.0533,0.4924,390,713,0,0,1,0,0
6979,4.1416,0.4663,389,713,0,0,1,0,0
6980,4.229,0.7556,388,713,0,0,1,0,0
6981,4.1967,0.4696,388,713,0,0,1,0,0
6982,4.122,0.683,388,713,0,0,1,0,0
6983,4.1405,0.7168,388,713,0,0,1,0,0
6984,4.2615,0.5396,388,713,0,0,1,0,0
6985,4.068,0.5055,388,713,0,0,1,0,0
6986,4.1598,0.4452,388,713,0,0,1,0,0
6987,4.1224,0.652,387,713,0,0,1,0,0
6988,4.194,0.4909,386,713,0,0,1,0,0
6989,4.4414,0.6091,385,713,0,0,1,0,0
6990,4.3295,0.6654,384,713,0,0,1,0,0
6991,3.7566,0.6213,383,713,0,0,1,0,0
6992,4.4909,0.4714,382,713,0,0,1,0,0
6993,3.8252,0.4888,381,713,0,0,1,0,0
6994,4.4369,0.64,381,713,0,0,1,0,0
6995,3.9029,0.4618,381,713,0,0,1,0,0
6996,4.5729,0.6889,381,713,0,0,1,0,0
6997,3.7526,0.565,379,713,0,0,1,0,0
6998,4.1999,0.427,379,713,0,0,1,0,0
6999,4.1414,0.7062,378,713,0,0,1,0,0
7000,4.1868,0.411,378,713,0,0,1,0,0
7001,4.2812,0.4449,376,713,0,0,1,0,0
7002,4.4741,0.7937,375,713,0,0,1,0,0
7003,3.7168,0.3989,375,713,0,0,1,0,0
7004,4.5649,0.5903,375,713,0,0,1,0,0
7005,3.8394,0.5101,375,713,0,0,1,0,0
7006,4.3422,0.4192,375,713,0,0,1,0,0
7007,4.704,0.4934,374,713,0,0,1,0,0
7008,3.4449,0.6443,374,713,0,0,1,0,0
7009,4.4617,0.5963,374,713,0,0,1,0,0
7010,3.8165,0.4032,373,713,0,0,1,0,0
7011,4.1254,0.3913,373,713,0,0,1,0,0
7012,4.4539,0.3921,373,713,0,0,1,0,0
7013,3.8675,0.5269,373,713,0,0,1,0,0
7014,4.2898,0.7193,373,713,0,0,1,0,0
7015,4.0215,0.3671,371,713,0,0,1,0,0
7016,4.5351,0.4495,370,713,0,0,1,0,0
7017,3.7793,0.3577,370,713,0,0,1,0,0
7018,4.4889,0.5953,369,713,0,0,1,0,0
7019,4.0755,0.4081,359,713,0,0,1,0,0
7020,3.9662,0.594,359,713,0,0,1,0,0
7021,4.4332,0.6175,358,713,0,0,1,0,0
7022,3.874,0.3627,357,713,0,0,1,0,0
7023,4.1636,0.3526,355,713,0,0,1,0,0
7024,4.1985,0.4503,355,713,0,0,1,0,0
7025,4.1257,0.5767,405,713,0,0,1,5,0.0447
7026,4.3504,0.5433,404,713,0,0,1,0,0
7027,3.9698,0.3712,404,713,0,0,1,0,0
7028,4.5389,0.5093,403,713,0,0,1,0,0
7029,3.8252,0.3965,403,713,0,0,1,0,0
7030,4.4449,0.375,403,713,0,0,1,0,0
7031,3.8835,0.5806,403,713,0,0,1,0,0
7032,4.3208,0.4003,403,713,0,0,1,0,0
7033,4.1889,0.7014,403,713,0,0,1,0,0
7034,3.9695,0.4226,403,713,0,0,1,0,0
7035,4.1529,0.5577,403,713,0,0,1,0,0
7036,4.2005,0.3967,401,713,0,0,1,0,0
7037,4.1652,0.5208,400,713,0,0,1,0,0
7038,4.2066,0.5068,400,713,0,0,1,0,0
7039,4.1766,0.5075,400,713,0,0,1,0,0
7040,4.1993,0.3654,400,713,0,0,1,0,0
7041,4.0802,0.3805,399,713,0,0,1,0,0
7042,4.3303,0.4842,399,713,0,0,1,0,0
7043,4.0398,0.4787,399,713,0,0,1,0,0
7044,4.1251,0.4557,399,713,0,0,1,0,0
7045,4.2953,0.5038,399,713,0,0,1,0,0
7046,4.0457,0.3464,399,713,0,0,1,0,0
7047,4.2321,0.3638,399,713,0,0,1,0,0
7048,4.3016,0.4756,399,713,0,0,1,0,0
7049,4.2606,0.345,399,713,0,0,1,0,0
7050,4.0542,0.3737,399,713,0,0,1,0,0
7051,4.0152,0.4793,399,713,0,0,1,0,0
7052,4.3219,0.6166,399,713,0,0,1,0,0
7053,3.9866,0.4234,399,713,0,0,1,0,0
7054,4.1644,0.3407,398,713,0,0,1,0,0
7055,4.2092,0.4794,398,713,0,0,1,0,0
7056,4.1329,0.3694,398,713,0,0,1,0,0
7057,4.1497,0.5314,398,713,0,0,1,0,0
7058,4.1846,0.3435,398,713,0,0,1,0,0
7059,4.1383,0.3386,398,713,0,0,1,0,0
7060,4.2103,0.3402,397,713,0,0,1,0,0
7061,4.3477,0.4309,396,713,0,0,1,0,0
7062,4.2246,0.3432,395,713,0,0,1,0,0
7063,3.9249,0.5203,395,713,0,0,1,0,0
7064,4.2896,0.4907,395,713,0,0,1,0,0
7065,4.0391,0.3338,394,713,0,0,1,0,0
7066,4.2178,0.3345,393,713,0,0,1,0,0
7067,4.136,0.3335,391,713,0,0,1,0,0
7068,4.1286,0.3295,391,713,0,0,1,0,0
7069,4.2081,0.3528,391,713,0,0,1,0,0
7070,4.1396,0.3513,391,713,0,0,1,0,0
7071,4.1576,0.3581,390,713,0,0,1,0,0
7072,4.1882,0.4968,390,713,0,0,1,0,0
7073,4.2016,0.541,390,713,0,0,1,0,0
7074,4.13,0.3361,389,713,0,0,1,0,0
7075,4.1601,0.346,386,713,0,0,1,0,0
7076,4.1676,0.4688,385,713,0,0,1,0,0
7077,4.1904,0.3478,383,713,0,0,1,0,0
7078,4.1302,0.3477,383,713,0,0,1,0,0
7079,4.1819,0.3946,381,713,0,0,1,0,0
7080,4.2194,0.4361,381,713,0,0,1,0,0
7081,4.1197,0.3522,380,713,0,0,1,0,0
7082,4.1639,0.3569,379,713,0,0,1,0,0
7083,4.1905,0.4966,378,713,0,0,1,0,0
7084,4.1539,0.3443,378,713,0,0,1,0,0
7085,4.1582,0.3364,378,713,0,0,1,0,0
7086,4.4463,0.4869,378,713,0,0,1,0,0
7087,3.8814,0.3358,368,713,0,0,1,0,0
7088,4.1556,0.3623,368,713,0,0,1,0,0
7089,4.3747,0.3694,368,713,0,0,1,0,0
7090,4.1226,0.5045,368,713,0,0,1,0,0
7091,4.0572,0.4839,368,713,0,0,1,0,0
7092,4.4552,0.5558,417,714,1,0,1,13,0.0746
7093,4.1441,0.3798,417,714,0,0,1,0,0
7094,3.8614,0.3962,416,714,0,0,1,0,0
7095,4.3365,0.344,414,714,0,0,1,0,0
7096,4.1652,0.5088,413,714,0,0,1,0,0
7097,4.01,0.3892,413,714,0,0,1,0,0
7098,4.176,0.5151,413,714,0,0,1,0,0
7099,4.1405,0.3447,412,714,0,0,1,0,0
7100,4.3464,0.598,412,714,0,0,1,0,0
7101,4.0963,0.3667,410,714,0,0,1,0,0
7102,4.2817,0.6137,410,714,0,0,1,0,0
7103,3.9364,0.5332,410,714,0,0,1,0,0
7104,4.4924,0.5603,410,714,0,0,1,0,0
7105,3.994,0.5042,410,714,0,0,1,0,0
7106,4.0167,0.3718,409,714,0,0,1,0,0
7107,4.1701,0.403,406,714,0,0,1,0,0
7108,4.3161,0.4071,406,714,0,0,1,0,0
7109,4.1701,0.5896,406,714,0,0,1,0,0
7110,4.0448,0.3581,405,714,0,0,1,0,0
7111,4.1618,0.3473,405,714,0,0,1,0,0
7112,4.1284,0.3579,405,714,0,0,1,0,0
7113,4.1634,0.3541,405,714,0,0,1,0,0
7114,4.3458,0.5169,405,714,0,0,1,0,0
7115,4.0066,0.3536,404,714,0,0,1,0,0
7116,4.4316,0.4359,403,714,0,0,1,0,0
7117,4.0166,0.4898,403,714,0,0,1,0,0
7118,4.0579,0.3707,403,714,0,0,1,0,0
7119,4.1581,0.3383,403,714,0,0,1,0,0
7120,4.401,0.6809,403,714,0,0,1,0,0
7121,3.9385,0.3514,403,714,0,0,1,0,0
7122,4.331,0.4671,403,714,0,0,1,0,0
7123,4.0077,0.3388,403,714,0,0,1,0,0
7124,4.3477,0.4366,402,714,0,0,1,0,0
7125,3.9955,0.3982,401,714,0,0,1,0,0
7126,4.3454,0.5473,401,714,0,0,1,0,0
7127,3.9557,0.5909,399,714,0,0,1,0,0
7128,4.2197,0.5587,398,714,0,0,1,0,0
7129,4.3892,0.5072,398,714,0,0,1,0,0
7130,3.8938,0.3261,398,714,0,0,1,0,0
7131,4.1559,0.3638,396,714,0,0,1,0,0
7132,4.176,0.3543,396,714,0,0,1,0,0
7133,4.2176,0.6102,396,714,0,0,1,0,0
7134,4.228,0.4007,394,714,0,0,1,0,0
7135,4.0828,0.3942,394,714,0,0,1,0,0
7136,4.3654,0.4854,393,714,0,0,1,0,0
7137,3.9798,0.3889,392,714,0,0,1,0,0
7138,4.1673,0.3828,390,714,0,0,1,0,0
7139,4.3535,0.3739,389,714,0,0,1,0,0
7140,4.0101,0.5872,389,714,0,0,1,0,0
7141,4.2433,0.5003,389,714,0,0,1,0,0
7142,4.0674,0.3916,389,714,0,0,1,0,0
7143,4.1661,0.4036,388,714,0,0,1,0,0
7144,4.3286,0.4149,386,714,0,0,1,0,0
7145,4.1321,0.4633,386,714,0,0,1,0,0
7146,4.2104,0.5251,386,714,0,0,1,0,0
7147,4.0325,0.6311,386,714,0,0,1,0,0
7148,4.2787,0.5076,386,714,0,0,1,0,0
7149,4.0927,0.5207,384,714,0,0,1,0,0
7150,4.254,0.5916,383,714,0,0,1,0,0
7151,4.0507,0.4376,382,714,0,0,1,0,0
7152,4.1542,0.4124,382,714,0,0,1,0,0
7153,4.2204,0.6811,382,714,0,0,1,0,0
7154,4.1005,0.3854,375,714,0,0,1,0,0
7155,4.1648,0.4435,375,714,0,0,1,0,0
7156,4.2057,0.5289,374,714,0,0,1,0,0
7157,4.1932,0.633,374,714,0,0,1,0,0
7158,4.2237,0.6563,374,714,0,0,1,0,0
7159,4.085,0.4909,422,719,5,0,1,6,0.0391
7160,4.2277,0.4976,422,719,0,0,1,0,0
7161,4.0902,0.4885,422,719,0,0,1,0,0
7162,4.2372,0.578,422,719,0,0,1,0,0
7163,4.1293,0.5546,422,719,0,0,1,0,0
7164,4.1462,0.4553,421,719,0,0,1,0,0
7165,4.2212,0.5136,420,719,0,0,1,0,0
7166,4.1516,0.4419,420,719,0,0,1,0,0
7167,4.1465,0.6306,419,719,0,0,1,0,0
7168,4.4604,0.5745,419,719,0,0,1,0,0
7169,3.9608,0.6045,418,719,0,0,1,0,0
7170,4.1275,0.6022,418,719,0,0,1,0,0
7171,4.1406,0.4196,417,719,0,0,1,0,0
7172,4.2038,0.6994,417,719,0,0,1,0,0
7173,4.1432,0.4639,415,719,0,0,1,0,0
7174,4.1981,0.5553,415,719,0,0,1,0,0
7175,4.1844,0.7594,415,719,0,0,1,0,0
7176,4.1434,0.9831,413,719,0,0,1,0,0
7177,4.1373,0.6568,412,719,0,0,1,0,0
7178,4.1454,0.4499,412,719,0,0,1,0,0
7179,4.1918,0.4334,410,719,0,0,1,0,0
7180,4.1628,0.4619,410,719,0,0,1,0,0
7181,4.3309,0.4341,408,719,0,0,1,0,0
7182,3.9646,0.6106,406,719,0,0,1,0,0
7183,4.2055,0.4212,406,719,0,0,1,0,0
7184,4.2294,0.5125,406,719,0,0,1,0,0
7185,5.1873,0.4365,406,719,0,0,1,0,0
7186,3.0788,0.8301,406,719,0,0,1,0,0
7187,4.1617,0.4238,406,719,0,0,1,0,0
7188,4.1699,0.6605,405,719,0,0,1,0,0
7189,4.1342,0.6173,404,719,0,0,1,0,0
7190,4.2079,0.431,403,719,0,0,1,0,0
7191,4.1242,0.6441,403,719,0,0,1,0,0
7192,4.5237,0.4725,403,719,0,0,1,0,0
7193,3.855,0.4533,403,719,0,0,1,0,0
7194,4.1429,0.6744,403,719,0,0,1,0,0
7195,4.2264,0.7209,401,719,0,0,1,0,0
7196,4.1004,0.6983,398,719,0,0,1,0,0
7197,4.2148,0.5653,398,719,0,0,1,0,0
7198,4.1909,0.5615,396,719,0,0,1,0,0
7199,4.0695,0.4709,396,719,0,0,1,0,0
7200,4.227,0.5066,395,719,0,0,1,0,0
7201,4.2025,0.7571,394,719,0,0,1,0,0
7202,4.1316,0.502,393,719,0,0,1,0,0
7203,4.1301,0.707,393,719,0,0,1,0,0
7204,4.8222,0.5352,392,719,0,0,1,0,0
7205,3.5313,0.5364,390,719,0,0,1,0,0
7206,4.1643,0.5166,390,719,0,0,1,0,0
7207,4.1781,0.6152,389,719,0,0,1,0,0
7208,4.1649,0.7438,387,719,0,0,1,0,0
7209,4.803,0.5575,387,719,0,0,1,0,0
7210,3.4996,0.4997,387,719,0,0,1,0,0
7211,4.2118,0.7772,386,719,0,0,1,0,0
7212,4.2485,0.5077,385,719,0,0,1,0,0
7213,4.0225,0.6583,385,719,0,0,1,0,0
7214,4.2284,0.508,385,719,0,0,1,0,0
7215,4.1581,0.5207,383,719,0,0,1,0,0
7216,4.1913,0.5157,382,719,0,0,1,0,0
7217,4.1848,0.7014,381,719,0,0,1,0,0
7218,4.0832,0.4871,381,719,0,0,1,0,0
7219,4.2147,0.507,380,719,0,0,1,0,0
7220,4.1901,0.7506,380,719,0,0,1,0,0
7221,4.1632,0.5032,373,719,0,0,1,0,0
7222,4.1854,0.5653,373,719,0,0,1,0,0
7223,4.1213,0.5576,372,719,0,0,1,0,0
7224,4.1618,0.5139,372,719,0,0,1,0,0
7225,4.1125,0.5567,372,719,0,0,1,0,0
7226,4.2405,0.5464,372,719,0,0,1,0,0
7227,4.1659,1.042,421,719,0,0,1,0,0
7228,4.1778,0.5269,421,719,0,0,1,0,0
7229,4.1309,0.4509,419,719,0,0,1,0,0
7230,4.1933,0.4904,418,719,0,0,1,0,0
7231,4.1344,0.7018,417,719,0,0,1,0,0
7232,4.2135,0.5545,416,719,0,0,1,0,0
7233,4.1369,0.4711,414,719,0,0,1,0,0
7234,4.5987,0.5815,413,719,0,0,1,0,0
7235,3.7168,0.4198,412,719,0,0,1,0,0
7236,4.2546,0.4778,411,719,0,0,1,0,0
7237,4.108,0.4566,411,719,0,0,1,0,0
7238,4.1579,0.4892,411,719,0,0,1,0,0
7239,4.193,0.798,410,719,0,0,1,0,0
7240,4.27,0.6707,410,719,0,0,1,0,0
7241,4.1024,0.5649,409,719,0,0,1,0,0
7242,4.753,0.5495,408,719,0,0,1,0,0
7243,3.5036,0.4594,407,719,0,0,1,0,0
7244,4.1737,0.4453,407,719,0,0,1,0,0
7245,4.2183,0.4645,407,719,0,0,1,0,0
7246,4.0911,0.4512,407,719,0,0,1,0,0
7247,4.4542,0.5236,407,719,0,0,1,0,0
7248,4.2974,0.4952,406,719,0,0,1,0,0
7249,3.8344,0.4784,406,719,0,0,1,0,0
7250,4.1165,0.4265,405,719,0,0,1,0,0
7251,4.1777,0.6543,404,719,0,0,1,0,0
7252,4.1311,0.4442,404,719,0,0,1,0,0
7253,4.2354,0.5046,404,719,0,0,1,0,0
7254,4.1614,0.4874,404,719,0,0,1,0,0
7255,4.1052,0.4533,403,719,0,0,1,0,0
7256,4.4744,0.936,402,719,0,0,1,0,0
7257,3.9079,0.4848,402,719,0,0,1,0,0
7258,4.2326,0.8178,402,719,0,0,1,0,0
7259,4.0942,0.5314,400,719,0,0,1,0,0
7260,4.2063,0.5636,399,719,0,0,1,0,0
7261,4.1767,0.6097,398,719,0,0,1,0,0
7262,4.0685,0.5019,398,719,0,0,1,0,0
7263,4.1881,0.5208,397,719,0,0,1,0,0
7264,4.2285,0.7763,396,719,0,0,1,0,0
7265,4.1455,0.9907,396,719,0,0,1,0,0
7266,4.2633,0.4433,395,719,0,0,1,0,0
7267,3.9995,0.4438,395,719,0,0,1,0,0
7268,4.2316,0.7223,395,719,0,0,1,0,0
7269,4.1427,0.5077,395,719,0,0,1,0,0
7270,4.2046,0.6125,394,719,0,0,1,0,0
7271,4.2349,0.6141,393,719,0,0,1,0,0
7272,4.0361,0.4582,393,719,0,0,1,0,0
7273,4.1883,0.6279,392,719,0,0,1,0,0
7274,4.154,0.4228,388,719,0,0,1,0,0
7275,4.1272,0.5812,388,719,0,0,1,0,0
7276,4.2111,0.4397,388,719,0,0,1,0,0
7277,4.217,0.6413,387,719,0,0,1,0,0
7278,4.1229,0.491,387,719,0,0,1,0,0
7279,4.1672,0.4328,387,719,0,0,1,0,0
7280,4.1904,0.474,387,719,0,0,1,0,0
7281,4.1306,0.4161,387,719,0,0,1,0,0
7282,4.1533,0.6026,387,719,0,0,1,0,0
7283,4.2022,0.41,386,719,0,0,1,0,0
7284,4.1519,0.7771,386,719,0,0,1,0,0
7285,4.19,0.4605,385,719,0,0,1,0,0
7286,4.1701,0.4135,384,719,0,0,1,0,0
7287,4.1335,0.5265,384,719,0,0,1,0,0
7288,4.2127,0.4588,376,719,0,0,1,0,0
7289,4.1936,0.7053,375,719,0,0,1,0,0
7290,4.1226,0.6224,375,719,0,0,1,0,0
7291,4.2236,0.6408,374,719,0,0,1,0,0
7292,4.4908,0.6322,374,719,0,0,1,0,0
7293,3.7869,0.4168,374,719,0,0,1,0,0
7294,4.1984,0.7229,424,719,0,0,1,0,0
7295,4.271,0.4648,423,719,0,0,1,0,0
7296,4.0729,0.4621,422,719,0,0,1,0,0
7297,4.1186,0.5068,421,719,0,0,1,0,0
7298,4.1612,0.4948,421,719,0,0,1,0,0
7299,4.1464,0.5141,420,719,0,0,1,0,0
7300,4.1695,0.4707,420,719,0,0,1,0,0
7301,4.1763,0.6613,420,719,0,0,1,0,0
7302,4.4035,0.6266,418,719,0,0,1,0,0
7303,3.9263,0.4257,417,719,0,0,1,0,0
7304,4.2044,0.4929,416,719,0,0,1,0,0
7305,4.1415,0.4383,416,719,0,0,1,0,0
7306,4.2278,0.4865,415,719,0,0,1,0,0
7307,4.0686,0.6147,415,719,0,0,1,0,0
7308,4.1962,0.4592,415,719,0,0,1,0,0
7309,4.2987,0.7659,415,719,0,0,1,0,0
7310,4.0292,0.519,415,719,0,0,1,0,0
7311,4.1657,0.6616,414,719,0,0,1,0,0
7312,4.2355,0.5935,413,719,0,0,1,0,0
7313,4.0966,0.4467,413,719,0,0,1,0,0
7314,4.4258,0.6191,413,719,0,0,1,0,0
7315,3.8998,0.4642,410,719,0,0,1,0,0
7316,4.2061,0.4877,409,719,0,0,1,0,0
7317,4.2149,0.5259,409,719,0,0,1,0,0
7318,4.1662,0.4945,409,719,0,0,1,0,0
7319,4.0751,0.6551,409,719,0,0,1,0,0
7320,4.248,0.6776,409,719,0,0,1,0,0
7321,4.1838,0.6732,408,719,0,0,1,0,0
7322,4.0699,0.413,408,719,0,0,1,0,0
7323,4.2518,0.6429,407,719,0,0,1,0,0
7324,4.0904,0.5686,406,719,0,0,1,0,0
7325,4.493,0.4927,406,719,0,0,1,0,0
7326,4.1896,0.7357,406,719,0,0,1,0,0
7327,4.0291,0.515,405,719,0,0,1,0,0
7328,3.98,0.4977,405,719,0,0,1,0,0
7329,4.1546,0.5325,402,719,0,0,1,0,0
7330,4.6072,0.8503,400,719,0,0,1,0,0
7331,3.7409,0.4592,399,719,0,0,1,0,0
7332,4.1568,0.5289,399,719,0,0,1,0,0
7333,4.2056,0.6696,399,719,0,0,1,0,0
7334,4.1042,0.4594,399,719,0,0,1,0,0
7335,4.2157,0.6165,398,719,0,0,1,0,0
7336,4.5026,0.4369,395,719,0,0,1,0,0
7337,3.8824,0.4971,394,719,0,0,1,0,0
7338,4.3975,0.5983,391,719,0,0,1,0,0
7339,3.848,0.4276,391,719,0,0,1,0,0
7340,4.2164,0.4277,390,719,0,0,1,0,0
7341,4.1907,0.4376,389,719,0,0,1,0,0
7342,4.2055,0.4903,389,719,0,0,1,0,0
7343,4.118,0.4607,389,719,0,0,1,0,0
7344,4.1718,0.6432,388,719,0,0,1,0,0
7345,4.3345,0.6622,387,719,0,0,1,0,0
7346,3.9396,0.4312,386,719,0,0,1,0,0
7347,4.1476,0.6009,386,719,0,0,1,0,0
7348,4.1791,0.449,386,719,0,0,1,0,0
7349,4.1851,0.4396,385,719,0,0,1,0,0
7350,4.2238,0.4658,385,719,0,0,1,0,0
7351,4.1024,0.6308,384,719,0,0,1,0,0
7352,4.1997,0.5591,383,719,0,0,1,0,0
7353,4.152,0.6714,382,719,0,0,1,0,0
7354,4.136,0.4617,381,719,0,0,1,0,0
7355,4.1767,0.4321,373,719,0,0,1,0,0
7356,4.1594,0.4981,371,719,0,0,1,0,0
7357,4.1687,0.4552,371,719,0,0,1,0,0
7358,4.1915,0.5757,370,719,0,0,1,0,0
7359,4.1574,0.6091,369,719,0,0,1,0,0
7360,4.5205,0.7182,368,719,0,0,1,0,0
7361,3.8439,0.5256,417,719,0,0,1,1,0.0263
7362,4.1565,0.4546,417,719,0,0,1,0,0
7363,4.1176,0.4605,417,719,0,0,1,0,0
7364,4.201,0.4625,416,719,0,0,1,0,0
7365,4.1569,0.4796,416,719,0,0,1,0,0
7366,4.1964,0.5979,416,719,0,0,1,0,0
7367,4.655,0.5732,414,719,0,0,1,0,0
7368,3.6668,0.5378,414,719,0,0,1,0,0
7369,4.1612,0.4301,414,719,0,0,1,0,0
7370,4.1898,0.4393,414,719,0,0,1,0,0
7371,4.1386,0.4921,414,719,0,0,1,0,0
7372,4.1668,0.4756,414,719,0,0,1,0,0
7373,4.2221,0.9509,413,719,0,0,1,0,0
7374,4.1098,0.4981,413,719,0,0,1,0,0
7375,4.1704,0.5618,413,719,0,0,1,0,0
7376,4.1816,0.8924,412,719,0,0,1,0,0
7377,4.2136,0.5142,411,719,0,0,1,0,0
7378,4.0978,0.617,409,719,0,0,1,0,0
7379,4.2103,0.4536,409,719,0,0,1,0,0
7380,4.1276,0.4626,408,719,0,0,1,0,0
7381,4.2288,0.6092,408,719,0,0,1,0,0
7382,4.1127,0.4722,407,719,0,0,1,0,0
7383,4.1957,0.4552,407,719,0,0,1,0,0
7384,4.1395,0.4528,407,719,0,0,1,0,0
7385,4.1462,0.449,406,719,0,0,1,0,0
7386,4.1737,0.5964,406,719,0,0,1,0,0
7387,4.1574,0.4414,406,719,0,0,1,0,0
7388,4.5429,0.4435,406,719,0,0,1,0,0
7389,3.8216,0.4496,406,719,0,0,1,0,0
7390,4.1408,0.4287,406,719,0,0,1,0,0
7391,4.3389,0.4476,405,719,0,0,1,0,0
7392,4.023,0.4426,405,719,0,0,1,0,0
7393,4.1377,0.4553,405,719,0,0,1,0,0
7394,4.1858,0.467,404,719,0,0,1,0,0
7395,4.1458,0.5159,403,719,0,0,1,0,0
7396,4.1959,0.5008,402,719,0,0,1,0,0
7397,4.1632,0.5015,402,719,0,0,1,0,0
7398,4.46,0.6125,402,719,0,0,1,0,0
7399,3.8956,0.5229,402,719,0,0,1,0,0
7400,4.1234,0.4997,402,719,0,0,1,0,0
7401,4.1762,0.528,399,719,0,0,1,0,0
7402,4.2071,0.6048,397,719,0,0,1,0,0
7403,4.1582,0.7623,397,719,0,0,1,0,0
7404,4.1293,0.5208,395,719,0,0,1,0,0
7405,4.1778,0.4443,394,719,0,0,1,0,0
7406,4.1498,0.5258,394,719,0,0,1,0,0
7407,4.1096,0.4608,393,719,0,0,1,0,0
7408,4.1757,0.4099,391,719,0,0,1,0,0
7409,4.1434,0.3783,390,719,0,0,1,0,0
7410,4.2978,0.6139,389,719,0,0,1,0,0
7411,4.0621,0.364,388,719,0,0,1,0,0
7412,4.1287,0.3789,388,719,0,0,1,0,0
7413,4.1648,0.4422,388,719,0,0,1,0,0
7414,4.1677,0.3631,387,719,0,0,1,0,0
7415,4.1746,0.587,387,719,0,0,1,0,0
7416,4.1673,0.6683,387,719,0,0,1,0,0
7417,4.1713,0.4155,386,719,0,0,1,0,0
7418,4.1647,0.4186,385,719,0,0,1,0,0
7419,4.1199,0.5697,385,719,0,0,1,0,0
7420,4.5767,0.5831,383,719,0,0,1,0,0
7421,4.0735,0.4497,383,719,0,0,1,0,0
7422,3.9188,0.6185,376,719,0,0,1,0,0
7423,4.1304,0.4033,374,719,0,0,1,0,0
7424,4.3378,0.5619,373,719,0,0,1,0,0
7425,3.9869,0.43,373,719,0,0,1,0,0
7426,4.3261,0.5024,373,719,0,0,1,0,0
7427,4.0297,0.4564,373,719,0,0,1,0,0
7428,4.2034,0.7091,422,719,0,0,1,2,0.0398
7429,4.1351,0.4836,422,719,0,0,1,0,0
7430,4.1777,0.4003,422,719,0,0,1,0,0
7431,4.1965,0.5411,421,719,0,0,1,0,0
7432,4.1863,0.5851,421,719,0,0,1,0,0
7433,4.1302,0.5202,419,719,0,0,1,0,0
7434,4.3807,0.3808,418,719,0,0,1,0,0
7435,3.9402,0.5279,417,719,0,0,1,0,0
7436,4.204,0.3715,416,719,0,0,1,0,0
7437,4.1933,0.471,416,719,0,0,1,0,0
7438,4.2391,0.4541,416,719,0,0,1,0,0
7439,4.0495,0.4063,415,719,0,0,1,0,0
7440,4.1892,0.685,415,719,0,0,1,0,0
7441,4.2085,0.724,415,719,0,0,1,0,0
7442,4.0929,0.4355,414,719,0,0,1,0,0
7443,4.1398,0.6455,414,719,0,0,1,0,0
7444,4.2242,0.4794,413,719,0,0,1,0,0
7445,4.1731,0.4248,411,719,0,0,1,0,0
7446,4.4272,0.4284,411,719,0,0,1,0,0
7447,3.9484,0.4246,411,719,0,0,1,0,0
7448,4.2059,0.5141,411,719,0,0,1,0,0
7449,4.0996,0.4282,411,719,0,0,1,0,0
7450,4.2706,0.4793,411,719,0,0,1,0,0
7451,4.0555,0.4283,411,719,0,0,1,0,0
7452,4.4626,0.4207,410,719,0,0,1,0,0
7453,3.9197,0.6532,408,719,0,0,1,0,0
7454,4.1563,0.4216,407,719,0,0,1,0,0
7455,4.2008,0.6481,406,719,0,0,1,0,0
7456,4.2031,0.5187,406,719,0,0,1,0,0
7457,4.1262,0.5113,406,719,0,0,1,0,0
7458,4.3727,0.4218,404,719,0,0,1,0,0
7459,3.9216,0.4461,404,719,0,0,1,0,0
7460,4.3201,0.6451,404,719,0,0,1,0,0
7461,4.0588,0.4881,403,719,0,0,1,0,0
7462,4.5745,0.5348,403,719,0,0,1,0,0
7463,4.1056,0.5337,403,719,0,0,1,0,0
7464,3.7693,0.6137,402,719,0,0,1,0,0
7465,4.1943,0.6999,402,719,0,0,1,0,0
7466,4.1506,0.5032,402,719,0,0,1,0,0
7467,4.1742,0.7303,402,719,0,0,1,0,0
7468,4.1586,0.4631,402,719,0,0,1,0,0
7469,4.2383,0.5379,401,719,0,0,1,0,0
7470,4.4519,0.6146,401,719,0,0,1,0,0
7471,3.8055,0.7072,400,719,0,0,1,0,0
7472,4.3624,0.6222,400,719,0,0,1,0,0
7473,4.0091,0.4533,399,719,0,0,1,0,0
7474,4.1896,0.503,396,719,0,0,1,0,0
7475,4.1027,0.4411,396,719,0,0,1,0,0
7476,4.2474,0.4634,396,719,0,0,1,0,0
7477,4.0975,0.5279,396,719,0,0,1,0,0
7478,4.1607,0.4334,396,719,0,0,1,0,0
7479,4.1721,0.425,396,719,0,0,1,0,0
7480,4.2603,0.5084,396,719,0,0,1,0,0
7481,4.1637,0.4791,394,719,0,0,1,0,0
7482,4.2611,0.4611,393,719,0,0,1,0,0
7483,3.9438,0.4137,393,719,0,0,1,0,0
7484,4.3867,0.4595,393,719,0,0,1,0,0
7485,4.0892,0.5389,392,719,0,0,1,0,0
7486,4.3705,0.574,391,719,0,0,1,0,0
7487,3.9179,0.4327,390,719,0,0,1,0,0
7488,4.219,0.5429,390,719,0,0,1,0,0
7489,4.1155,0.442,390,719,0,0,1,0,0
7490,4.0917,0.4095,383,719,0,0,1,0,0
7491,4.1501,0.5803,383,719,0,0,1,0,0
7492,4.1887,0.4181,382,719,0,0,1,0,0
7493,4.2338,0.479,382,719,0,0,1,0,0
7494,4.1507,0.4632,381,719,0,0,1,0,0
7495,4.1467,0.5021,429,723,4,0,1,4,0.0608
7496,4.3863,0.4339,425,723,0,0,1,0,0
7497,3.9187,0.4578,425,723,0,0,1,0,0
7498,4.2048,0.8127,425,723,0,0,1,0,0
7499,4.2465,0.7588,424,723,0,0,1,0,0
7500,4.0991,0.6768,423,723,0,0,1,0,0
7501,4.1275,0.4929,423,723,0,0,1,0,0
7502,4.1693,0.4752,421,723,0,0,1,0,0
7503,4.2245,0.6476,419,723,0,0,1,0,0
7504,4.1095,0.4505,419,723,0,0,1,0,0
7505,4.2218,0.5019,419,723,0,0,1,0,0
7506,4.1616,0.4313,419,723,0,0,1,0,0
7507,4.1165,0.4422,419,723,0,0,1,0,0
7508,4.2275,0.4587,419,723,0,0,1,0,0
7509,4.1205,0.4538,419,723,0,0,1,0,0
7510,4.2643,0.7227,418,723,0,0,1,0,0
7511,4.0886,0.7789,417,723,0,0,1,0,0
7512,4.1312,0.4962,417,723,0,0,1,0,0
7513,4.2263,0.6447,417,723,0,0,1,0,0
7514,4.1059,0.4673,417,723,0,0,1,0,0
7515,4.201,0.6324,416,723,0,0,1,0,0
7516,4.1359,0.4568,416,723,0,0,1,0,0
7517,4.3967,0.7369,415,723,0,0,1,0,0
7518,3.9753,0.439,415,723,0,0,1,0,0
7519,4.1272,0.4275,414,723,0,0,1,0,0
7520,4.2377,0.4675,414,723,0,0,1,0,0
7521,4.0925,0.4329,414,723,0,0,1,0,0
7522,4.1558,0.4165,413,723,0,0,1,0,0
7523,4.3264,0.6826,413,723,0,0,1,0,0
7524,4.0667,0.7834,412,723,0,0,1,0,0
7525,4.1525,0.4974,412,723,0,0,1,0,0
7526,4.1323,0.4821,411,723,0,0,1,0,0
7527,4.1597,0.7485,411,723,0,0,1,0,0
7528,4.1791,0.5105,409,723,0,0,1,0,0
7529,4.301,0.8801,409,723,0,0,1,0,0
7530,4.2041,0.4703,409,723,0,0,1,0,0
7531,4.0284,0.6985,408,723,0,0,1,0,0
7532,4.1588,0.4854,408,723,0,0,1,0,0
7533,4.1545,0.4373,407,723,0,0,1,0,0
7534,4.2139,0.5804,406,723,0,0,1,0,0
7535,4.1488,0.4882,404,723,0,0,1,0,0
7536,4.177,0.6393,403,723,0,0,1,0,0
7537,4.1149,0.4309,402,723,0,0,1,0,0
7538,4.147,0.4156,401,723,0,0,1,0,0
7539,4.1326,0.5669,401,723,0,0,1,0,0
7540,4.1862,0.429,401,723,0,0,1,0,0
7541,4.2474,0.6335,401,723,0,0,1,0,0
7542,4.1488,0.7473,401,723,0,0,1,0,0
7543,4.1424,0.667,398,723,0,0,1,0,0
7544,4.2509,0.4821,397,723,0,0,1,0,0
7545,4.1499,0.449,396,723,0,0,1,0,0
7546,4.1638,0.5725,394,723,0,0,1,0,0
7547,4.0716,0.672,394,723,0,0,1,0,0
7548,4.2433,0.6757,393,723,0,0,1,0,0
7549,4.142,0.4629,393,723,0,0,1,0,0
7550,4.1178,0.4033,393,723,0,0,1,0,0
7551,4.1995,0.4273,392,723,0,0,1,0,0
7552,4.242,0.4379,392,723,0,0,1,0,0
7553,4.0955,0.6242,391,723,0,0,1,0,0
7554,4.4836,0.4122,391,723,0,0,1,0,0
7555,3.8109,0.4126,390,723,0,0,1,0,0
7556,4.2878,0.4616,388,723,0,0,1,0,0
7557,4.1244,0.5294,381,723,0,0,1,0,0
7558,4.1844,0.4889,379,723,0,0,1,0,0
7559,4.5671,0.404,379,723,0,0,1,0,0
7560,3.7555,0.4313,378,723,0,0,1,0,0
7561,4.8993,0.4512,377,723,0,0,1,0,0
7562,3.3847,0.4084,376,723,0,0,1,0,0
7563,4.1792,0.4514,425,723,0,0,1,0,0
7564,4.1599,0.4549,425,723,0,0,1,0,0
7565,4.3077,0.7848,425,723,0,0,1,0,0
7566,4.3628,0.47,425,723,0,0,1,0,0
7567,3.8482,0.7629,424,723,0,0,1,0,0
7568,4.1737,0.5775,423,723,0,0,1,0,0
7569,4.1811,0.7988,423,723,0,0,1,0,0
7570,4.1936,0.526,421,723,0,0,1,0,0
7571,4.1114,0.647,421,723,0,0,1,0,0
7572,4.143,0.6279,421,723,0,0,1,0,0
7573,4.2765,0.7947,421,723,0,0,1,0,0
7574,4.0558,0.4376,419,723,0,0,1,0,0
7575,4.1597,0.4336,417,723,0,0,1,0,0
7576,4.258,0.4911,416,723,0,0,1,0,0
7577,4.1354,0.687,416,723,0,0,1,0,0
7578,4.159,0.4418,416,723,0,0,1,0,0
7579,4.1613,0.7672,415,723,0,0,1,0,0
7580,4.2125,0.5544,414,723,0,0,1,0,0
7581,4.3589,0.6015,413,723,0,0,1,0,0
7582,3.9709,0.5567,413,723,0,0,1,0,0
7583,4.3281,0.4782,413,723,0,0,1,0,0
7584,3.9694,0.5417,413,723,0,0,1,0,0
7585,4.2542,0.6523,413,723,0,0,1,0,0
7586,4.0505,0.4538,412,723,0,0,1,0,0
7587,4.1287,0.6187,411,723,0,0,1,0,0
7588,4.2087,0.6036,410,723,0,0,1,0,0
7589,4.572,0.4885,409,723,0,0,1,0,0
7590,4.1144,0.7183,409,723,0,0,1,0,0
7591,3.8254,0.7516,408,723,0,0,1,0,0
7592,4.2057,0.6884,408,723,0,0,1,0,0
7593,4.122,0.4223,407,723,0,0,1,0,0
7594,4.2071,0.4932,407,723,0,0,1,0,0
7595,4.0901,0.6407,407,723,0,0,1,0,0
7596,4.2513,0.9443,406,723,0,0,1,0,0
7597,4.146,0.7379,404,723,0,0,1,0,0
7598,4.1334,0.484,403,723,0,0,1,0,0
7599,4.1581,0.7274,403,723,0,0,1,0,0
7600,4.2043,0.5312,402,723,0,0,1,0,0
7601,4.1729,0.5073,401,723,0,0,1,0,0
7602,4.5356,0.5316,400,723,0,0,1,0,0
7603,3.7536,0.4836,400,723,0,0,1,0,0
7604,4.1869,0.4512,400,723,0,0,1,0,0
7605,4.2044,0.4676,399,723,0,0,1,0,0
7606,4.4262,0.5509,399,723,0,0,1,0,0
7607,3.9131,0.6863,399,723,0,0,1,0,0
7608,4.1101,0.4656,399,723,0,0,1,0,0
7609,4.1931,0.4971,397,723,0,0,1,0,0
7610,4.1168,0.4436,396,723,0,0,1,0,0
7611,4.2337,0.7562,393,723,0,0,1,0,0
7612,4.5155,0.5772,393,723,0,0,1,0,0
7613,3.8409,0.6382,391,723,0,0,1,0,0
7614,4.1326,0.4683,391,723,0,0,1,0,0
7615,4.1622,0.4287,391,723,0,0,1,0,0
7616,4.1807,0.584,390,723,0,0,1,0,0
7617,4.1426,0.4263,390,723,0,0,1,0,0
7618,4.1973,0.5089,389,723,0,0,1,0,0
7619,4.1551,0.6392,388,723,0,0,1,0,0
7620,4.2195,0.4653,388,723,0,0,1,0,0
7621,4.1278,0.4469,387,723,0,0,1,0,0
7622,4.1237,0.4367,385,723,0,0,1,0,0
7623,4.1569,0.4245,383,723,0,0,1,0,0
7624,4.2085,0.4303,376,723,0,0,1,0,0
7625,4.2038,0.4722,375,723,0,0,1,0,0
7626,4.6656,0.439,375,723,0,0,1,0,0
7627,3.577,0.4246,375,723,0,0,1,0,0
7628,4.2533,0.4358,374,723,0,0,1,0,0
7629,4.1211,0.5735,373,723,0,0,1,0,0
7630,4.2079,0.6676,423,723,0,0,1,0,0
7631,4.1494,0.4811,422,723,0,0,1,0,0
7632,4.1709,0.6174,422,723,0,0,1,0,0
7633,4.1585,0.5415,421,723,0,0,1,0,0
7634,4.1293,0.4337,419,723,0,0,1,0,0
7635,4.1509,0.5111,419,723,0,0,1,0,0
7636,4.2073,0.4399,419,723,0,0,1,0,0
7637,4.1222,1.1059,418,723,0,0,1,0,0
7638,4.1928,0.6086,418,723,0,0,1,0,0
7639,4.1591,0.504,416,723,0,0,1,0,0
7640,4.4903,0.7375,416,723,0,0,1,0,0
7641,3.8862,0.5206,416,723,0,0,1,0,0
7642,4.1296,0.4691,416,723,0,0,1,0,0
7643,4.2286,0.5208,415,723,0,0,1,0,0
7644,4.4543,0.4716,415,723,0,0,1,0,0
7645,3.9142,0.5866,415,723,0,0,1,0,0
7646,4.0945,0.5234,415,723,0,0,1,0,0
7647,4.1651,0.4634,413,723,0,0,1,0,0
7648,4.29,0.47,411,723,0,0,1,0,0
7649,4.0721,0.6629,409,723,0,0,1,0,0
7650,4.2117,0.4216,409,723,0,0,1,0,0
7651,4.0857,0.4349,408,723,0,0,1,0,0
7652,4.1904,0.5669,408,723,0,0,1,0,0
7653,4.2267,0.7026,407,723,0,0,1,0,0
7654,4.1113,0.7015,405,723,0,0,1,0,0
7655,4.2646,0.738,404,723,0,0,1,0,0
7656,4.0837,0.5848,404,723,0,0,1,0,0
7657,4.1388,0.7068,403,723,0,0,1,0,0
7658,4.1103,0.4969,402,723,0,0,1,0,0
7659,4.1814,0.756,402,723,0,0,1,0,0
7660,4.1837,0.5249,402,723,0,0,1,0,0
7661,4.2211,0.8933,401,723,0,0,1,0,0
7662,4.3208,0.5919,398,723,0,0,1,0,0
7663,3.9901,0.6319,396,723,0,0,1,0,0
7664,4.1521,0.4491,396,723,0,0,1,0,0
7665,4.1286,0.4361,396,723,0,0,1,0,0
7666,4.1976,0.5458,395,723,0,0,1,0,0
7667,4.1107,0.6413,394,723,0,0,1,0,0
7668,4.2598,0.6608,393,723,0,0,1,0,0
7669,4.1839,0.4935,393,723,0,0,1,0,0
7670,4.0846,0.4472,392,723,0,0,1,0,0
7671,4.1614,0.7262,392,723,0,0,1,0,0
7672,4.265,0.5141,392,723,0,0,1,0,0
7673,4.0914,0.4243,392,723,0,0,1,0,0
7674,4.3785,0.4435,390,723,0,0,1,0,0
7675,3.9916,0.4195,390,723,0,0,1,0,0
7676,4.2107,0.894,389,723,0,0,1,0,0
7677,4.1002,0.8687,388,723,0,0,1,0,0
7678,4.2227,0.5458,386,723,0,0,1,0,0
7679,4.0864,0.4412,386,723,0,0,1,0,0
7680,4.1755,0.4117,385,723,0,0,1,0,0
7681,4.3904,0.4308,385,723,0,0,1,0,0
7682,3.9796,0.4215,384,723,0,0,1,0,0
7683,4.173,0.5524,384,723,0,0,1,0,0
7684,4.1327,0.4182,382,723,0,0,1,0,0
7685,4.3982,0.6701,382,723,0,0,1,0,0
7686,3.9571,0.5865,382,723,0,0,1,0,0
7687,4.1854,0.6722,382,723,0,0,1,0,0
7688,4.0839,0.6598,381,723,0,0,1,0,0
7689,4.1803,0.415,380,723,0,0,1,0,0
7690,4.1887,0.4094,380,723,0,0,1,0,0
7691,4.1533,0.5615,371,723,0,0,1,0,0
7692,4.4354,0.741,370,723,0,0,1,0,0
7693,3.9594,0.659,369,723,0,0,1,0,0
7694,4.1074,0.4099,369,723,0,0,1,0,0
7695,4.1764,0.4195,369,723,0,0,1,0,0
7696,4.1789,0.4728,368,723,0,0,1,0,0
7697,4.1447,0.6647,418,723,0,0,1,0,0
7698,4.2634,0.4397,418,723,0,0,1,0,0
7699,4.1079,0.7029,416,723,0,0,1,0,0
7700,4.1584,0.4411,415,723,0,0,1,0,0
7701,4.1632,0.4478,414,723,0,0,1,0,0
7702,4.1583,0.5803,414,723,0,0,1,0,0
7703,4.5698,0.4944,413,723,0,0,1,0,0
7704,3.7914,0.5012,412,723,0,0,1,0,0
7705,4.1239,0.5171,411,723,0,0,1,0,0
7706,4.212,0.4697,411,723,0,0,1,0,0
7707,4.1111,0.6697,410,723,0,0,1,0,0
7708,4.1558,0.428,410,723,0,0,1,0,0
7709,4.1859,0.4501,410,723,0,0,1,0,0
7710,4.1976,0.6226,409,723,0,0,1,0,0
7711,4.2178,0.6725,408,723,0,0,1,0,0
7712,4.1085,0.7371,407,723,0,0,1,0,0
7713,4.1473,0.4314,406,723,0,0,1,0,0
7714,4.1839,0.4403,404,723,0,0,1,0,0
7715,4.2114,0.5205,403,723,0,0,1,0,0
7716,4.1237,0.4806,403,723,0,0,1,0,0
7717,4.3433,0.4772,403,723,0,0,1,0,0
7718,3.9812,0.5329,403,723,0,0,1,0,0
7719,4.1863,0.5349,402,723,0,0,1,0,0
7720,4.2299,0.7804,402,723,0,0,1,0,0
7721,4.1679,0.5896,401,723,0,0,1,0,0
7722,4.4693,0.5401,401,723,0,0,1,0,0
7723,3.7852,0.4542,401,723,0,0,1,0,0
7724,4.1854,0.4495,401,723,0,0,1,0,0
7725,4.1561,0.4582,400,723,0,0,1,0,0
7726,4.4771,0.4546,397,723,0,0,1,0,0
7727,3.9233,0.5745,397,723,0,0,1,0,0
7728,4.1574,0.6271,396,723,0,0,1,0,0
7729,4.1102,0.6864,396,723,0,0,1,0,0
7730,4.1555,0.4724,396,723,0,0,1,0,0
7731,4.3054,0.4568,395,723,0,0,1,0,0
7732,4.0921,0.6474,395,723,0,0,1,0,0
7733,4.173,0.6116,394,723,0,0,1,0,0
7734,4.1478,0.5658,394,723,0,0,1,0,0
7735,4.1564,0.419,394,723,0,0,1,0,0
7736,4.1186,0.6167,394,723,0,0,1,0,0
7737,4.1734,0.5549,393,723,0,0,1,0,0
7738,4.2498,0.7697,392,723,0,0,1,0,0
7739,4.1086,0.4803,391,723,0,0,1,0,0
7740,4.1481,0.4251,389,723,0,0,1,0,0
7741,4.1714,0.4336,388,723,0,0,1,0,0
7742,4.1654,0.4374,386,723,0,0,1,0,0
7743,4.1814,0.4515,385,723,0,0,1,0,0
7744,4.5779,0.5799,384,723,0,0,1,0,0
7745,3.7967,0.6819,383,723,0,0,1,0,0
7746,4.0749,0.7427,383,723,0,0,1,0,0
7747,4.2074,0.62,382,723,0,0,1,0,0
7748,4.1791,0.7401,381,723,0,0,1,0,0
7749,4.1656,0.4368,381,723,0,0,1,0,0
7750,4.1606,0.4291,380,723,0,0,1,0,0
7751,4.1938,0.6209,379,723,0,0,1,0,0
7752,4.1145,0.415,379,723,0,0,1,0,0
7753,4.1924,0.4078,379,723,0,0,1,0,0
7754,4.1769,0.4156,379,723,0,0,1,0,0
7755,4.1075,0.4073,378,723,0,0,1,0,0
7756,4.1367,0.3722,376,723,0,0,1,0,0
7757,4.2174,0.7247,375,723,0,0,1,0,0
7758,4.199,0.5699,367,723,0,0,1,0,0
7759,4.113,0.3736,367,723,0,0,1,0,0
7760,4.133,0.3608,367,723,0,0,1,0,0
7761,4.2008,0.3553,367,723,0,0,1,0,0
7762,4.1093,0.5394,366,723,0,0,1,0,0
7763,4.1648,0.6912,364,723,0,0,1,0,0
7764,4.4817,0.5621,414,723,0,0,1,0,0
7765,3.9032,0.5376,414,723,0,0,1,0,0
7766,4.098,0.3552,414,723,0,0,1,0,0
7767,4.1434,0.5183,414,723,0,0,1,0,0
7768,4.2841,0.3253,414,723,0,0,1,0,0
7769,4.1268,0.5965,413,723,0,0,1,0,0
7770,4.1445,0.3863,413,723,0,0,1,0,0
7771,4.1241,0.4314,411,723,0,0,1,0,0
7772,4.52,0.6145,411,723,0,0,1,0,0
7773,3.8222,0.3968,410,723,0,0,1,0,0
7774,4.3643,0.3778,409,723,0,0,1,0,0
7775,3.9675,0.3734,409,723,0,0,1,0,0
7776,4.2013,0.3622,408,723,0,0,1,0,0
7777,4.3172,0.4882,407,723,0,0,1,0,0
7778,3.9596,0.3478,406,723,0,0,1,0,0
7779,4.1888,0.3646,406,723,0,0,1,0,0
7780,4.1807,0.3658,405,723,0,0,1,0,0
7781,4.1696,0.3711,405,723,0,0,1,0,0
7782,4.1632,0.3641,404,723,0,0,1,0,0
7783,4.4737,0.3621,402,723,0,0,1,0,0
7784,4.1823,0.4213,400,723,0,0,1,0,0
7785,3.8476,0.3367,400,723,0,0,1,0,0
7786,4.3905,0.4984,398,723,0,0,1,0,0
7787,4.1232,0.5095,398,723,0,0,1,0,0
7788,4.2323,0.4892,398,723,0,0,1,0,0
7789,4.0582,0.4815,398,723,0,0,1,0,0
7790,4.1081,0.5739,397,723,0,0,1,0,0
7791,4.1239,0.3844,397,723,0,0,1,0,0
7792,4.321,0.4595,397,723,0,0,1,0,0
7793,4.1835,0.6036,396,723,0,0,1,0,0
7794,4.0725,0.3747,396,723,0,0,1,0,0
7795,4.1121,0.5822,396,723,0,0,1,0,0
7796,4.2739,0.5314,395,723,0,0,1,0,0
7797,4.017,0.3832,395,723,0,0,1,0,0
7798,4.3565,0.6054,395,723,0,0,1,0,0
7799,3.977,0.3962,394,723,0,0,1,0,0
7800,4.3358,0.6353,393,723,0,0,1,0,0
7801,4.1183,0.5473,393,723,0,0,1,0,0
7802,4.0222,0.3913,392,723,0,0,1,0,0
7803,4.1405,0.3735,392,723,0,0,1,0,0
7804,4.3919,0.4961,391,723,0,0,1,0,0
7805,4.1282,0.5515,390,723,0,0,1,0,0
7806,4.032,0.4469,390,723,0,0,1,0,0
7807,4.1848,0.4152,389,723,0,0,1,0,0
7808,4.4847,0.945,387,723,0,0,1,0,0
7809,4.4065,0.4493,387,723,0,0,1,0,0
7810,3.7772,0.492,387,723,0,0,1,0,0
7811,4.0236,0.4101,387,723,0,0,1,0,0
7812,4.3321,0.6098,386,723,0,0,1,0,0
7813,4.0315,0.4337,384,723,0,0,1,0,0
7814,4.0972,0.4215,383,723,0,0,1,0,0
7815,4.173,0.4636,382,723,0,0,1,0,0
7816,4.1745,0.539,382,723,0,0,1,0,0
7817,4.3042,0.6352,382,723,0,0,1,0,0
7818,4.2012,0.4372,380,723,0,0,1,0,0
7819,4.0897,0.6849,380,723,0,0,1,0,0
7820,4.5021,0.5975,379,723,0,0,1,0,0
7821,3.7805,0.5474,378,723,0,0,1,0,0
7822,4.2941,0.583,377,723,0,0,1,0,0
7823,4.0058,0.4634,377,723,0,0,1,0,0
7824,4.3105,0.4888,377,723,0,0,1,0,0
7825,4.1114,0.7425,375,723,0,0,1,0,0
7826,4.136,0.4762,368,723,0,0,1,0,0
7827,4.1365,0.4794,368,723,0,0,1,0,0
7828,4.1975,0.4888,368,723,0,0,1,0,0
7829,4.1537,0.4488,367,723,0,0,1,0,0
7830,4.158,0.4649,365,723,0,0,1,0,0
7831,4.2143,0.8075,414,723,0,0,1,0,0
7832,4.0844,0.7867,413,723,0,0,1,0,0
7833,4.1919,0.4463,413,723,0,0,1,0,0
7834,4.5434,0.5963,413,723,0,0,1,0,0
7835,3.8334,0.487,410,723,0,0,1,0,0
7836,4.1995,0.6212,410,723,0,0,1,0,0
7837,4.096,0.5751,410,723,0,0,1,0,0
7838,4.1902,0.4396,409,723,0,0,1,0,0
7839,4.2062,0.6005,408,723,0,0,1,0,0
7840,4.3063,0.6029,408,723,0,0,1,0,0
7841,4.0113,0.4226,407,723,0,0,1,0,0
7842,4.0832,0.3981,407,723,0,0,1,0,0
7843,4.2495,0.7007,407,723,0,0,1,0,0
7844,4.2553,0.696,407,723,0,0,1,0,0
7845,4.0992,0.417,407,723,0,0,1,0,0
7846,4.213,0.5017,405,723,0,0,1,0,0
7847,4.1322,0.5888,405,723,0,0,1,0,0
7848,4.4703,0.7663,405,723,0,0,1,0,0
7849,3.8437,0.7352,404,723,0,0,1,0,0
7850,4.1993,0.4814,403,723,0,0,1,0,0
7851,4.1014,0.7338,402,723,0,0,1,0,0
7852,4.1735,0.7476,402,723,0,0,1,0,0
7853,4.5258,0.7336,401,723,0,0,1,0,0
7854,3.8281,0.538,400,723,0,0,1,0,0
7855,4.1628,0.6347,400,723,0,0,1,0,0
7856,4.2291,0.7942,400,723,0,0,1,0,0
7857,4.1118,0.4356,400,723,0,0,1,0,0
7858,4.228,0.5317,399,723,0,0,1,0,0
7859,4.1041,0.4468,398,723,0,0,1,0,0
7860,4.2271,0.4674,398,723,0,0,1,0,0
7861,4.1407,0.5567,397,723,0,0,1,0,0
7862,4.1451,0.4588,396,723,0,0,1,0,0
7863,4.1899,0.5246,396,723,0,0,1,0,0
7864,4.1692,0.4756,395,723,0,0,1,0,0
7865,4.1652,0.853,394,723,0,0,1,0,0
7866,4.126,0.4266,394,723,0,0,1,0,0
7867,4.1499,0.6302,394,723,0,0,1,0,0
7868,4.3597,0.6522,394,723,0,0,1,0,0
7869,3.9935,0.4265,393,723,0,0,1,0,0
7870,4.1965,0.4877,391,723,0,0,1,0,0
7871,4.1226,0.4673,391,723,0,0,1,0,0
7872,4.5905,0.6292,390,723,0,0,1,0,0
7873,3.8096,0.4952,390,723,0,0,1,0,0
7874,4.0945,0.4236,390,723,0,0,1,0,0
7875,4.1476,0.6179,388,723,0,0,1,0,0
7876,4.172,0.4129,388,723,0,0,1,0,0
7877,4.29,0.5031,386,723,0,0,1,0,0
7878,4.1385,0.4553,386,723,0,0,1,0,0
7879,4.1344,0.4499,386,723,0,0,1,0,0
7880,4.1955,0.4519,385,723,0,0,1,0,0
7881,4.1153,0.4634,384,723,0,0,1,0,0
7882,4.5406,0.5662,382,723,0,0,1,0,0
7883,3.7789,0.431,381,723,0,0,1,0,0
7884,4.1579,0.419,380,723,0,0,1,0,0
7885,4.1615,0.431,379,723,0,0,1,0,0
7886,4.2021,0.4218,378,723,0,0,1,0,0
7887,4.1536,0.4523,378,723,0,0,1,0,0
7888,4.1748,0.4474,378,723,0,0,1,0,0
7889,4.6193,0.4694,376,723,0,0,1,0,0
7890,3.6978,0.5099,376,723,0,0,1,0,0
7891,4.2154,0.5198,375,723,0,0,1,0,0
7892,4.1366,0.5664,374,723,0,0,1,0,0
7893,4.1726,0.4966,367,723,0,0,1,0,0
7894,4.2538,0.715,367,723,0,0,1,0,0
7895,4.0559,0.5031,367,723,0,0,1,0,0
7896,4.2353,0.5452,366,723,0,0,1,0,0
7897,4.1859,0.495,366,723,0,0,1,0,0
7898,4.078,0.4132,365,723,0,0,1,0,0
7899,4.2099,0.793,414,723,0,0,1,0,0
7900,4.1931,0.4583,413,723,0,0,1,0,0
7901,4.1992,0.5471,413,723,0,0,1,0,0
7902,4.1295,0.8685,413,723,0,0,1,0,0
7903,4.1164,0.5328,412,723,0,0,1,0,0
7904,4.5191,0.7393,412,723,0,0,1,0,0
7905,3.823,0.4745,411,723,0,0,1,0,0
7906,4.2241,0.4453,410,723,0,0,1,0,0
7907,4.1624,0.53,410,723,0,0,1,0,0
7908,4.1436,0.4923,409,723,0,0,1,0,0
7909,4.179,0.4989,407,723,0,0,1,0,0
7910,4.0931,0.4386,407,723,0,0,1,0,0
7911,4.1899,0.6977,407,723,0,0,1,0,0
7912,4.1562,0.435,407,723,0,0,1,0,0
7913,4.1586,0.4345,407,723,0,0,1,0,0
7914,4.2082,0.4266,407,723,0,0,1,0,0
7915,4.1515,0.4328,407,723,0,0,1,0,0
7916,4.2111,0.5649,407,723,0,0,1,0,0
7917,4.1358,0.4171,406,723,0,0,1,0,0
7918,4.2171,0.6468,406,723,0,0,1,0,0
7919,4.1128,0.4344,405,723,0,0,1,0,0
7920,4.1587,0.4508,405,723,0,0,1,0,0
7921,4.1634,0.4581,404,723,0,0,1,0,0
7922,4.1699,0.4626,403,723,0,0,1,0,0
7923,4.1476,0.4891,403,723,0,0,1,0,0
7924,4.223,0.4542,401,723,0,0,1,0,0
7925,4.1802,0.7775,401,723,0,0,1,0,0
7926,4.1567,0.5287,400,723,0,0,1,0,0
7927,4.1301,0.4864,400,723,0,0,1,0,0
7928,4.1931,0.5202,399,723,0,0,1,0,0
7929,4.1324,0.5203,399,723,0,0,1,0,0
7930,4.1582,0.6903,399,723,0,0,1,0,0
7931,4.1899,0.531,399,723,0,0,1,0,0
7932,4.4509,0.5222,399,723,0,0,1,0,0
7933,3.8719,0.444,399,723,0,0,1,0,0
7934,4.1819,0.4463,398,723,0,0,1,0,0
7935,4.159,0.5113,397,723,0,0,1,0,0
7936,4.2139,0.4646,397,723,0,0,1,0,0
7937,4.0956,0.4401,397,723,0,0,1,0,0
7938,4.2022,0.4333,396,723,0,0,1,0,0
7939,4.4199,0.6268,395,723,0,0,1,0,0
7940,3.9077,0.6493,395,723,0,0,1,0,0
7941,4.1703,0.428,395,723,0,0,1,0,0
7942,4.2106,0.4604,395,723,0,0,1,0,0
7943,4.1145,0.6985,394,723,0,0,1,0,0
7944,4.1715,0.4249,393,723,0,0,1,0,0
7945,4.3012,0.6732,391,723,0,0,1,0,0
7946,4.0085,0.4339,390,723,0,0,1,0,0
7947,4.2305,0.573,390,723,0,0,1,0,0
7948,4.1787,0.4805,390,723,0,0,1,0,0
7949,4.1861,0.4686,390,723,0,0,1,0,0
7950,4.3058,0.6074,390,723,0,0,1,0,0
7951,3.9903,0.6075,390,723,0,0,1,0,0
7952,4.4755,0.6761,390,723,0,0,1,0,0
7953,3.7978,0.432,390,723,0,0,1,0,0
7954,4.2172,0.5001,389,723,0,0,1,0,0
7955,4.1329,0.4327,388,723,0,0,1,0,0
7956,4.2839,0.6074,385,723,0,0,1,0,0
7957,4.0742,0.7478,385,723,0,0,1,0,0
7958,4.1739,0.4539,384,723,0,0,1,0,0
7959,4.1272,0.6501,383,723,0,0,1,0,0
7960,4.2439,0.5169,383,723,0,0,1,0,0
7961,4.3711,0.6039,376,723,0,0,1,0,0
7962,3.8863,0.4238,376,723,0,0,1,0,0
7963,4.2058,0.6136,376,723,0,0,1,0,0
7964,4.1656,0.4777,375,723,0,0,1,0,0
7965,4.1451,0.4278,375,723,0,0,1,0,0
7966,4.5346,0.4644,425,723,0,0,1,1,0.0276
7967,3.7698,0.4929,425,723,0,0,1,0,0
7968,4.2053,0.4437,424,723,0,0,1,0,0
7969,4.2174,0.4429,424,723,0,0,1,0,0
7970,4.1103,0.4426,424,723,0,0,1,0,0
7971,4.1285,0.6245,422,723,0,0,1,0,0
7972,4.2323,0.4639,421,723,0,0,1,0,0
7973,4.1413,0.5511,420,723,0,0,1,0,0
7974,4.22,0.6827,418,723,0,0,1,0,0
7975,4.1192,0.5264,417,723,0,0,1,0,0
7976,4.2308,0.6688,416,723,0,0,1,0,0
7977,4.0894,0.4529,414,723,0,0,1,0,0
7978,4.5194,0.6983,414,723,0,0,1,0,0
7979,3.786,0.6198,414,723,0,0,1,0,0
7980,4.1858,0.432,414,723,0,0,1,0,0
7981,4.2273,0.6661,414,723,0,0,1,0,0
7982,4.0913,0.4242,412,723,0,0,1,0,0
7983,4.245,0.4971,412,723,0,0,1,0,0
7984,4.1919,0.496,412,723,0,0,1,0,0
7985,4.108,0.8958,412,723,0,0,1,0,0
7986,4.1284,0.9425,411,723,0,0,1,0,0
7987,4.1707,0.7229,411,723,0,0,1,0,0
7988,4.3929,0.7804,410,723,0,0,1,0,0
7989,3.9829,0.5316,408,723,0,0,1,0,0
7990,4.4651,0.7661,408,723,0,0,1,0,0
7991,3.858,0.6409,408,723,0,0,1,0,0
7992,4.1673,0.4872,408,723,0,0,1,0,0
7993,4.1926,0.4561,407,723,0,0,1,0,0
7994,4.1529,0.4418,406,723,0,0,1,0,0
7995,4.1825,0.6758,403,723,0,0,1,0,0
7996,4.1405,0.4252,402,723,0,0,1,0,0
7997,4.23,0.4798,402,723,0,0,1,0,0
7998,4.0853,0.4055,402,723,0,0,1,0,0
7999,4.1825,0.6819,398,723,0,0,1,0,0
8000,4.1556,0.6352,398,723,0,0,1,0,0
8001,4.1597,0.416,398,723,0,0,1,0,0
8002,4.2383,0.5587,397,723,0,0,1,0,0
8003,4.1151,0.4853,397,723,0,0,1,0,0
8004,4.1233,0.4765,397,723,0,0,1,0,0
8005,4.2052,0.4757,396,723,0,0,1,0,0
8006,4.1874,0.4913,395,723,0,0,1,0,0
8007,4.1708,0.5207,395,723,0,0,1,0,0
8008,4.1322,0.5096,395,723,0,0,1,0,0
8009,4.2024,0.7629,394,723,0,0,1,0,0
8010,5.1476,0.6988,394,723,0,0,1,0,0
8011,3.1768,0.4643,393,723,0,0,1,0,0
8012,4.1193,0.6214,393,723,0,0,1,0,0
8013,4.1561,0.4528,392,723,0,0,1,0,0
8014,4.4517,0.6338,391,723,0,0,1,0,0
8015,4.1345,0.4432,391,723,0,0,1,0,0
8016,3.9749,0.4656,390,723,0,0,1,0,0
8017,4.1154,0.4406,389,723,0,0,1,0,0
8018,4.1967,0.6416,389,723,0,0,1,0,0
8019,4.1874,0.6011,389,723,0,0,1,0,0
8020,4.1031,0.4277,389,723,0,0,1,0,0
8021,4.4763,0.5972,389,723,0,0,1,0,0
8022,4.2265,0.695,388,723,0,0,1,0,0
8023,3.8647,0.44,387,723,0,0,1,0,0
8024,4.1525,0.4169,387,723,0,0,1,0,0
8025,4.1718,0.4269,387,723,0,0,1,0,0
8026,4.4073,0.6859,386,723,0,0,1,0,0
8027,3.9848,0.608,379,723,0,0,1,0,0
8028,4.1248,0.5864,379,723,0,0,1,0,0
8029,4.1169,0.6052,378,723,0,0,1,0,0
8030,4.2207,0.4456,375,723,0,0,1,0,0
8031,4.1447,0.6109,375,723,0,0,1,0,0
8032,4.1634,0.425,375,723,0,0,1,0,0
8033,4.1695,0.7356,425,723,0,0,1,0,0
8034,4.3814,0.4527,425,723,0,0,1,0,0
8035,3.9856,0.4374,425,723,0,0,1,0,0
8036,4.1299,0.4305,424,723,0,0,1,0,0
8037,4.1864,0.4385,424,723,0,0,1,0,0
8038,4.1856,0.7175,424,723,0,0,1,0,0
8039,4.1245,0.7156,424,723,0,0,1,0,0
8040,4.2088,0.7391,424,723,0,0,1,0,0
8041,4.1636,0.5526,424,723,0,0,1,0,0
8042,4.1438,0.4585,422,723,0,0,1,0,0
8043,4.1481,0.4689,421,723,0,0,1,0,0
8044,4.1557,0.4696,421,723,0,0,1,0,0
8045,4.1476,0.4471,420,723,0,0,1,0,0
8046,4.2014,0.4266,419,723,0,0,1,0,0
8047,4.1631,0.442,417,723,0,0,1,0,0
8048,4.3743,0.4064,417,723,0,0,1,0,0
8049,3.9082,0.4014,417,723,0,0,1,0,0
8050,4.1807,0.5441,415,723,0,0,1,0,0
8051,4.1345,0.7151,413,723,0,0,1,0,0
8052,4.2929,0.6222,411,723,0,0,1,0,0
8053,4.3804,0.6223,410,723,0,0,1,0,0
8054,3.8125,0.429,410,723,0,0,1,0,0
8055,4.1931,0.5996,410,723,0,0,1,0,0
8056,4.1977,0.5269,410,723,0,0,1,0,0
8057,4.1632,0.5506,409,723,0,0,1,0,0
8058,4.1629,0.3919,409,723,0,0,1,0,0
8059,4.2719,0.541,409,723,0,0,1,0,0
8060,4.1507,0.4813,408,723,0,0,1,0,0
8061,4.0681,0.4131,408,723,0,0,1,0,0
8062,4.47,0.5909,408,723,0,0,1,0,0
8063,3.8596,0.4039,408,723,0,0,1,0,0
8064,4.173,0.4386,408,723,0,0,1,0,0
8065,4.332,0.6668,408,723,0,0,1,0,0
8066,4.025,0.3998,408,723,0,0,1,0,0
8067,4.1277,0.3781,408,723,0,0,1,0,0
8068,4.169,0.3677,406,723,0,0,1,0,0
8069,4.1906,0.5845,405,723,0,0,1,0,0
8070,4.4595,0.69,404,723,0,0,1,0,0
8071,3.9387,0.6952,402,723,0,0,1,0,0
8072,4.26,0.5007,401,723,0,0,1,0,0
8073,3.9036,0.3937,401,723,0,0,1,0,0
8074,4.1958,0.4905,401,723,0,0,1,0,0
8075,4.1519,0.6011,399,723,0,0,1,0,0
8076,4.3908,0.6076,397,723,0,0,1,0,0
8077,4.268,0.669,397,723,0,0,1,0,0
8078,3.8623,0.4157,396,723,0,0,1,0,0
8079,4.1317,0.5563,395,723,0,0,1,0,0
8080,4.1843,0.6057,395,723,0,0,1,0,0
8081,4.1776,0.4644,394,723,0,0,1,0,0
8082,4.1376,0.4146,393,723,0,0,1,0,0
8083,4.1672,0.6632,393,723,0,0,1,0,0
8084,4.4923,0.5621,393,723,0,0,1,0,0
8085,3.9072,0.3619,393,723,0,0,1,0,0
8086,4.4829,0.4971,392,723,0,0,1,0,0
8087,3.8141,0.3503,392,723,0,0,1,0,0
8088,4.2291,0.4962,390,723,0,0,1,0,0
8089,4.2608,0.3678,390,723,0,0,1,0,0
8090,4.0522,0.3745,389,723,0,0,1,0,0
8091,4.1134,0.497,389,723,0,0,1,0,0
8092,4.1847,0.52,389,723,0,0,1,0,0
8093,4.1519,0.3799,387,723,0,0,1,0,0
8094,4.2976,0.5283,379,723,0,0,1,0,0
8095,4.0382,0.4956,378,723,0,0,1,0,0
8096,4.4527,0.5701,378,723,0,0,1,0,0
8097,3.9723,0.4097,376,723,0,0,1,0,0
8098,4.2182,0.5424,375,723,0,0,1,0,0
8099,4.0095,0.5298,375,723,0,0,1,0,0
8100,4.4442,0.4325,424,723,0,0,1,0,0
8101,4.0591,0.5393,423,723,0,0,1,0,0
8102,4.0479,0.3663,423,723,0,0,1,0,0
8103,4.3044,0.5106,422,723,0,0,1,0,0
8104,4.0431,0.369,420,723,0,0,1,0,0
8105,4.304,0.4589,419,723,0,0,1,0,0
8106,3.9592,0.3405,419,723,0,0,1,0,0
8107,4.1865,0.5821,417,723,0,0,1,0,0
8108,4.3607,0.6268,416,723,0,0,1,0,0
8109,4.094,0.3997,416,723,0,0,1,0,0
8110,4.2492,0.5623,414,723,0,0,1,0,0
8111,3.9853,0.683,414,723,0,0,1,0,0
8112,4.5087,0.5315,412,723,0,0,1,0,0
8113,3.9392,0.4655,412,723,0,0,1,0,0
8114,4.0284,0.4037,412,723,0,0,1,0,0
8115,4.3018,0.5049,412,723,0,0,1,0,0
8116,4.1081,0.5044,412,723,0,0,1,0,0
8117,4.2447,0.4904,411,723,0,0,1,0,0
8118,4.1932,0.4329,409,723,0,0,1,0,0
8119,4.0102,0.3438,408,723,0,0,1,0,0
8120,4.3417,0.6157,408,723,0,0,1,0,0
8121,4.0403,0.5972,408,723,0,0,1,0,0
8122,4.4044,0.5716,408,723,0,0,1,0,0
8123,3.9102,0.585,407,723,0,0,1,0,0
8124,4.4462,0.3853,407,723,0,0,1,0,0
8125,3.8639,0.4036,407,723,0,0,1,0,0
8126,4.1718,0.4209,406,723,0,0,1,0,0
8127,4.1719,0.3677,406,723,0,0,1,0,0
8128,4.1927,0.5272,406,723,0,0,1,0,0
8129,4.111,0.5034,406,723,0,0,1,0,0
8130,4.163,0.3749,406,723,0,0,1,0,0
8131,4.157,0.3486,406,723,0,0,1,0,0
8132,4.223,0.4124,405,723,0,0,1,0,0
8133,4.1162,0.3528,405,723,0,0,1,0,0
8134,4.2378,0.5181,403,723,0,0,1,0,0
8135,4.0954,0.364,403,723,0,0,1,0,0
8136,4.2037,0.3503,403,723,0,0,1,0,0
8137,4.2052,0.6229,402,723,0,0,1,0,0
8138,4.1318,0.3503,401,723,0,0,1,0,0
8139,4.1431,0.5326,401,723,0,0,1,0,0
8140,4.2813,0.3408,400,723,0,0,1,0,0
8141,4.3298,0.6004,399,723,0,0,1,0,0
8142,4.1934,0.5648,398,723,0,0,1,0,0
8143,3.8623,0.4181,397,723,0,0,1,0,0
8144,4.4678,0.4161,396,723,0,0,1,0,0
8145,3.9029,0.4033,394,723,0,0,1,0,0
8146,4.203,0.5701,391,723,0,0,1,0,0
8147,4.0905,0.5913,391,723,0,0,1,0,0
8148,4.2105,0.642,390,723,0,0,1,0,0
8149,4.1146,0.388,388,723,0,0,1,0,0
8150,4.1694,0.3563,387,723,0,0,1,0,0
8151,4.1762,0.3674,387,723,0,0,1,0,0
8152,4.173,0.3757,387,723,0,0,1,0,0
8153,4.2257,0.5705,386,723,0,0,1,0,0
8154,4.0716,0.489,385,723,0,0,1,0,0
8155,4.2355,0.3475,385,723,0,0,1,0,0
8156,4.1398,0.3431,385,723,0,0,1,0,0
8157,4.1989,0.3516,385,723,0,0,1,0,0
8158,4.1288,0.5358,385,723,0,0,1,0,0
8159,4.1608,0.3629,384,723,0,0,1,0,0
8160,4.2063,0.4865,383,723,0,0,1,0,0
8161,4.1277,0.3642,383,723,0,0,1,0,0
8162,4.1383,0.3612,376,723,0,0,1,0,0
8163,4.1654,0.4731,375,723,0,0,1,0,0
8164,4.2254,0.3502,375,723,0,0,1,0,0
8165,4.276,0.6332,374,723,0,0,1,0,0
8166,4.3634,0.4935,374,723,0,0,1,0,0
8167,3.8593,0.3642,422,723,0,0,1,0,0
8168,4.1601,0.3636,422,723,0,0,1,0,0
8169,4.1695,0.3626,422,723,0,0,1,0,0
8170,4.3075,0.5099,422,723,0,0,1,0,0
8171,4.0246,0.3514,422,723,0,0,1,0,0
8172,4.3303,0.5062,421,723,0,0,1,0,0
8173,4.2908,0.6166,419,723,0,0,1,0,0
8174,3.8757,0.3967,418,723,0,0,1,0,0
8175,4.1562,0.6102,418,723,0,0,1,0,0
8176,4.3452,0.4089,418,723,0,0,1,0,0
8177,4.1374,0.5301,418,723,0,0,1,0,0
8178,4.0411,0.354,417,723,0,0,1,0,0
8179,4.1324,0.3607,416,723,0,0,1,0,0
8180,4.3286,0.4787,414,723,0,0,1,0,0
8181,4.0036,0.3507,414,723,0,0,1,0,0
8182,4.1759,0.4693,414,723,0,0,1,0,0
8183,4.1562,0.3662,414,723,0,0,1,0,0
8184,4.3759,0.5014,414,723,0,0,1,0,0
8185,4.1174,0.5044,414,723,0,0,1,0,0
8186,4.1536,0.4089,412,723,0,0,1,0,0
8187,4.0245,0.4138,412,723,0,0,1,0,0
8188,4.3802,0.4611,411,723,0,0,1,0,0
8189,4.1745,0.3611,411,723,0,0,1,0,0
8190,4.1316,0.5451,411,723,0,0,1,0,0
8191,4.2631,0.5013,411,723,0,0,1,0,0
8192,4.0478,0.578,410,723,0,0,1,0,0
8193,4.0231,0.3541,409,723,0,0,1,0,0
8194,4.3113,0.4244,409,723,0,0,1,0,0
8195,4.0104,0.559,409,723,0,0,1,0,0
8196,4.3237,0.5569,409,723,0,0,1,0,0
8197,4.0295,0.623,409,723,0,0,1,0,0
8198,4.1622,0.3551,409,723,0,0,1,0,0
8199,4.1584,0.3873,407,723,0,0,1,0,0
8200,4.3225,0.4973,407,723,0,0,1,0,0
8201,4.2587,0.563,403,723,0,0,1,0,0
8202,3.9177,0.6053,399,723,0,0,1,0,0
8203,4.2852,0.6182,399,723,0,0,1,0,0
8204,4.1576,0.6256,399,723,0,0,1,0,0
8205,4.0896,0.4092,399,723,0,0,1,0,0
8206,4.3146,0.4637,399,723,0,0,1,0,0
8207,3.9766,0.3633,399,723,0,0,1,0,0
8208,4.172,0.3728,398,723,0,0,1,0,0
8209,4.3452,0.5235,397,723,0,0,1,0,0
8210,3.9839,0.3598,397,723,0,0,1,0,0
8211,4.1352,0.3499,396,723,0,0,1,0,0
8212,4.4076,0.4656,396,723,0,0,1,0,0
8213,4.1847,0.4533,395,723,0,0,1,0,0
8214,4.1116,0.48,393,723,0,0,1,0,0
8215,4.1808,0.61,392,723,0,0,1,0,0
8216,4.175,0.5005,392,723,0,0,1,0,0
8217,4.0383,0.3476,392,723,0,0,1,0,0
8218,4.2824,0.4745,392,723,0,0,1,0,0
8219,3.9884,0.3519,390,723,0,0,1,0,0
8220,4.1847,0.3338,389,723,0,0,1,0,0
8221,4.3423,0.5293,388,723,0,0,1,0,0
8222,3.9715,0.3341,386,723,0,0,1,0,0
8223,4.3743,0.4833,385,723,0,0,1,0,0
8224,4.1617,0.4699,384,723,0,0,1,0,0
8225,4.1227,0.4295,384,723,0,0,1,0,0
8226,3.9872,0.3292,384,723,0,0,1,0,0
8227,4.2312,0.4945,383,723,0,0,1,0,0
8228,4.2582,0.4709,383,723,0,0,1,0,0
8229,4.1151,0.344,376,723,0,0,1,0,0
8230,4.2566,0.479,375,723,0,0,1,0,0
8231,3.9783,0.3371,374,723,0,0,1,0,0
8232,4.4817,0.4707,374,723,0,0,1,0,0
8233,4.0097,0.4577,374,723,0,0,1,0,0
8234,4.0464,0.3408,373,723,0,0,1,0,0
8235,4.3942,0.5882,423,723,0,0,1,3,0.0422
8236,4.141,0.4982,421,723,0,0,1,0,0
8237,4.1497,0.4683,421,723,0,0,1,0,0
8238,4.1398,0.4687,420,723,0,0,1,0,0
8239,4.0057,0.5279,418,723,0,0,1,0,0
8240,4.2964,0.5515,417,723,0,0,1,0,0
8241,4.0632,0.3684,415,723,0,0,1,0,0
8242,4.3124,0.5398,415,723,0,0,1,0,0
8243,4.0038,0.5872,414,723,0,0,1,0,0
8244,4.2281,0.6547,413,723,0,0,1,0,0
8245,4.294,0.4318,412,723,0,0,1,0,0
8246,3.9806,0.4076,412,723,0,0,1,0,0
8247,4.279,0.5271,412,723,0,0,1,0,0
8248,4.1154,0.5911,411,723,0,0,1,0,0
8249,4.2664,0.4825,410,723,0,0,1,0,0
8250,4.0339,0.399,410,723,0,0,1,0,0
8251,4.1616,0.4411,410,723,0,0,1,0,0
8252,4.2529,0.534,410,723,0,0,1,0,0
8253,4.1059,0.3946,410,723,0,0,1,0,0
8254,4.2569,0.4841,409,723,0,0,1,0,0
8255,4.3971,0.4929,409,723,0,0,1,0,0
8256,4.2129,0.3981,407,723,0,0,1,0,0
8257,3.9015,0.4199,407,723,0,0,1,0,0
8258,4.0656,0.3837,406,723,0,0,1,0,0
8259,4.2224,0.7016,406,723,0,0,1,0,0
8260,4.1303,0.4051,406,723,0,0,1,0,0
8261,4.6354,0.5181,406,723,0,0,1,0,0
8262,4.1189,0.4507,405,723,0,0,1,0,0
8263,3.7502,0.5117,405,723,0,0,1,0,0
8264,4.1693,0.6901,404,723,0,0,1,0,0
8265,4.1462,0.5155,404,723,0,0,1,0,0
8266,4.5017,0.5443,404,723,0,0,1,0,0
8267,3.8248,0.7381,404,723,0,0,1,0,0
8268,4.167,0.4728,404,723,0,0,1,0,0
8269,4.2922,0.482,404,723,0,0,1,0,0
8270,4.0814,0.5618,403,723,0,0,1,0,0
8271,4.1691,0.4481,403,723,0,0,1,0,0
8272,4.2855,0.59,401,723,0,0,1,0,0
8273,4.363,0.694,400,723,0,0,1,0,0
8274,3.8471,0.4328,400,723,0,0,1,0,0
8275,4.2056,0.4349,400,723,0,0,1,0,0
8276,4.1783,0.5205,399,723,0,0,1,0,0
8277,4.1175,0.4756,398,723,0,0,1,0,0
8278,4.5437,0.6373,397,723,0,0,1,0,0
8279,3.855,0.4351,396,723,0,0,1,0,0
8280,4.2076,0.4681,395,723,0,0,1,0,0
8281,4.0947,0.4707,394,723,0,0,1,0,0
8282,4.1328,0.4272,393,723,0,0,1,0,0
8283,4.2217,0.6248,392,723,0,0,1,0,0
8284,4.1058,0.4173,392,723,0,0,1,0,0
8285,4.2567,0.4921,392,723,0,0,1,0,0
8286,4.1879,0.6733,391,723,0,0,1,0,0
8287,4.0862,0.5245,390,723,0,0,1,0,0
8288,4.1514,0.4667,390,723,0,0,1,0,0
8289,4.7354,0.4612,390,723,0,0,1,0,0
8290,3.7445,0.4381,388,723,0,0,1,0,0
8291,4.0909,0.4864,388,723,0,0,1,0,0
8292,4.1564,0.7613,387,723,0,0,1,0,0
8293,4.1735,0.5598,387,723,0,0,1,0,0
8294,4.1215,0.4306,387,723,0,0,1,0,0
8295,4.156,0.7044,386,723,0,0,1,0,0
8296,4.2202,0.4055,379,723,0,0,1,0,0
8297,4.1622,0.4309,377,723,0,0,1,0,0
8298,4.1122,0.4208,377,723,0,0,1,0,0
8299,4.2124,0.6529,376,723,0,0,1,0,0
8300,4.2045,0.4516,375,723,0,0,1,0,0
8301,4.0897,0.5725,375,723,0,0,1,0,0
8302,4.232,0.4646,423,723,0,0,1,0,0
8303,4.3687,0.7292,423,723,0,0,1,0,0
8304,4.1828,0.527,423,723,0,0,1,0,0
8305,4.3022,0.753,422,723,0,0,1,0,0
8306,3.7518,0.4524,421,723,0,0,1,0,0
8307,4.1366,0.6238,420,723,0,0,1,0,0
8308,4.1644,0.4117,418,723,0,0,1,0,0
8309,4.277,0.4674,417,723,0,0,1,0,0
8310,4.1599,0.5598,415,723,0,0,1,0,0
8311,4.1031,0.4949,415,723,0,0,1,0,0
8312,4.5041,0.7001,414,723,0,0,1,0,0
8313,3.8311,0.4786,413,723,0,0,1,0,0
8314,4.2256,0.643,413,723,0,0,1,0,0
8315,4.0773,0.6811,412,723,0,0,1,0,0
8316,4.4,0.6286,412,723,0,0,1,0,0
8317,4.0035,0.4994,411,723,0,0,1,0,0
8318,4.1225,0.4581,411,723,0,0,1,0,0
8319,4.1628,0.6039,410,723,0,0,1,0,0
8320,4.2254,0.4217,410,723,0,0,1,0,0
8321,4.1192,0.4309,410,723,0,0,1,0,0
8322,4.1551,0.4351,410,723,0,0,1,0,0
8323,4.1712,0.4315,410,723,0,0,1,0,0
8324,4.1531,0.4707,410,723,0,0,1,0,0
8325,4.1952,0.4872,410,723,0,0,1,0,0
8326,4.2139,0.5196,409,723,0,0,1,0,0
8327,4.0736,0.4832,409,723,0,0,1,0,0
8328,4.3056,0.7586,409,723,0,0,1,0,0
8329,4.0866,0.5447,408,723,0,0,1,0,0
8330,4.1238,0.4706,408,723,0,0,1,0,0
8331,4.1837,0.5952,408,723,0,0,1,0,0
8332,4.2548,0.4539,408,723,0,0,1,0,0
8333,4.1218,0.6384,406,723,0,0,1,0,0
8334,4.1268,0.7759,406,723,0,0,1,0,0
8335,4.1757,0.4607,406,723,0,0,1,0,0
8336,4.1669,0.455,406,723,0,0,1,0,0
8337,4.1573,0.4467,406,723,0,0,1,0,0
8338,4.1894,0.4705,406,723,0,0,1,0,0
8339,4.1356,0.43,406,723,0,0,1,0,0
8340,4.2245,0.6197,406,723,0,0,1,0,0
8341,4.1668,0.5308,406,723,0,0,1,0,0
8342,4.0837,0.7876,405,723,0,0,1,0,0
8343,4.2864,0.5424,405,723,0,0,1,0,0
8344,4.164,0.5525,404,723,0,0,1,0,0
8345,4.1294,0.6213,403,723,0,0,1,0,0
8346,4.1685,0.5384,403,723,0,0,1,0,0
8347,4.1568,0.7025,402,723,0,0,1,0,0
8348,4.207,0.5152,402,723,0,0,1,0,0
8349,4.0804,0.4495,401,723,0,0,1,0,0
8350,4.2159,0.4873,399,723,0,0,1,0,0
8351,4.1113,0.5122,399,723,0,0,1,0,0
8352,4.1963,0.4498,398,723,0,0,1,0,0
8353,4.3284,0.7006,398,723,0,0,1,0,0
8354,3.9743,0.4353,397,723,0,0,1,0,0
8355,4.1916,0.4944,394,723,0,0,1,0,0
8356,4.26,0.4869,393,723,0,0,1,0,0
8357,4.1345,0.6081,392,723,0,0,1,0,0
8358,4.1492,0.5575,390,723,0,0,1,0,0
8359,4.1886,0.6646,390,723,0,0,1,0,0
8360,4.1313,0.4731,389,723,0,0,1,0,0
8361,4.1402,0.4584,388,723,0,0,1,0,0
8362,4.5879,0.6845,388,723,0,0,1,0,0
8363,3.7103,1.23,380,723,0,0,1,0,0
8364,4.451,0.5969,380,723,0,0,1,0,0
8365,4.0367,0.6561,380,723,0,0,1,0,0
8366,4.0561,0.4141,380,723,0,0,1,0,0
8367,4.1625,0.4812,380,723,0,0,1,0,0
8368,4.1604,0.7661,379,723,0,0,1,0,0
8369,4.5034,0.461,425,723,0,0,1,0,0
8370,3.7897,0.5934,425,723,0,0,1,0,0
8371,4.2415,0.695,425,723,0,0,1,0,0
8372,4.4327,0.6951,424,723,0,0,1,0,0
8373,3.8703,0.4909,424,723,0,0,1,0,0
8374,4.5293,0.5392,423,723,0,0,1,0,0
8375,3.8172,0.53,423,723,0,0,1,0,0
8376,4.1523,0.5341,421,723,0,0,1,0,0
8377,4.1872,0.6078,421,723,0,0,1,0,0
8378,4.1321,0.4346,420,723,0,0,1,0,0
8379,4.1963,0.731,420,723,0,0,1,0,0
8380,4.1921,0.4414,419,723,0,0,1,0,0
8381,4.2038,0.4823,419,723,0,0,1,0,0
8382,4.0951,0.4608,419,723,0,0,1,0,0
8383,4.1917,0.4314,418,723,0,0,1,0,0
8384,4.2264,0.915,418,723,0,0,1,0,0
8385,4.055,0.4887,417,723,0,0,1,0,0
8386,4.2129,0.5593,417,723,0,0,1,0,0
8387,4.5601,0.5153,417,723,0,0,1,0,0
8388,3.8156,0.4874,415,723,0,0,1,0,0
8389,4.1251,0.5378,415,723,0,0,1,0,0
8390,4.1503,0.4434,415,723,0,0,1,0,0
8391,4.2045,0.7095,414,723,0,0,1,0,0
8392,4.1327,0.4368,414,723,0,0,1,0,0
8393,4.1782,0.6334,414,723,0,0,1,0,0
8394,4.1334,0.4786,414,723,0,0,1,0,0
8395,4.196,0.4413,414,723,0,0,1,0,0
8396,4.4131,0.692,414,723,0,0,1,0,0
8397,3.8594,0.4199,414,723,0,0,1,0,0
8398,4.2232,0.4965,412,723,0,0,1,0,0
8399,4.1562,0.5281,409,723,0,0,1,0,0
8400,4.1621,0.5055,408,723,0,0,1,0,0
8401,4.1801,0.5143,408,723,0,0,1,0,0
8402,4.1729,0.5344,408,723,0,0,1,0,0
8403,4.1498,0.7487,408,723,0,0,1,0,0
8404,4.1772,0.4506,407,723,0,0,1,0,0
8405,4.1426,0.6826,407,723,0,0,1,0,0
8406,4.2496,0.4901,407,723,0,0,1,0,0
8407,4.0943,0.4537,407,723,0,0,1,0,0
8408,4.2063,0.5341,405,723,0,0,1,0,0
8409,4.1327,0.4599,405,723,0,0,1,0,0
8410,4.2517,0.6274,402,723,0,0,1,0,0
8411,4.1489,0.4886,400,723,0,0,1,0,0
8412,4.1749,0.4808,400,723,0,0,1,0,0
8413,4.1321,0.4662,400,723,0,0,1,0,0
8414,4.1393,0.4131,399,723,0,0,1,0,0
8415,4.2045,0.6976,399,723,0,0,1,0,0
8416,4.2357,0.7461,398,723,0,0,1,0,0
8417,4.1259,0.4958,398,723,0,0,1,0,0
8418,4.1483,0.4682,398,723,0,0,1,0,0
8419,4.0746,0.416,398,723,0,0,1,0,0
8420,4.4973,0.4315,398,723,0,0,1,0,0
8421,3.8953,0.4362,397,723,0,0,1,0,0
8422,4.2339,0.7086,397,723,0,0,1,0,0
8423,4.1314,0.5519,397,723,0,0,1,0,0
8424,4.1372,0.4636,396,723,0,0,1,0,0
8425,4.2215,0.5024,394,723,0,0,1,0,0
8426,4.0638,0.4316,394,723,0,0,1,0,0
8427,4.1551,0.7179,393,723,0,0,1,0,0
8428,4.2756,0.5208,392,723,0,0,1,0,0
8429,4.3126,0.7642,392,723,0,0,1,0,0
8430,4.031,0.5312,383,723,0,0,1,0,0
8431,4.083,0.4485,383,723,0,0,1,0,0
8432,4.2566,0.4927,383,723,0,0,1,0,0
8433,4.0847,0.449,383,723,0,0,1,0,0
8434,4.2786,0.6841,383,723,0,0,1,0,0
8435,4.3047,0.707,383,723,0,0,1,0,0
8436,3.9445,0.4777,432,723,0,0,1,0,0
8437,4.5307,0.6989,430,723,0,0,1,0,0
8438,3.768,0.5461,430,723,0,0,1,0,0
8439,4.1624,0.6844,427,723,0,0,1,0,0
8440,4.1967,0.4923,427,723,0,0,1,0,0
8441,4.1847,0.6571,427,723,0,0,1,0,0
8442,4.106,0.4965,426,723,0,0,1,0,0
8443,4.1781,0.4355,425,723,0,0,1,0,0
8444,4.2439,0.4898,425,723,0,0,1,0,0
8445,4.1037,0.4339,424,723,0,0,1,0,0
8446,4.2265,0.6601,424,723,0,0,1,0,0
8447,4.1506,0.7496,422,723,0,0,1,0,0
8448,4.1551,0.7471,422,723,0,0,1,0,0
8449,4.1699,0.5482,421,723,0,0,1,0,0
8450,4.0985,0.494,421,723,0,0,1,0,0
8451,4.2215,0.5627,420,723,0,0,1,0,0
8452,4.222,0.4916,419,723,0,0,1,0,0
8453,4.1279,0.686,419,723,0,0,1,0,0
8454,4.1395,0.6362,418,723,0,0,1,0,0
8455,4.1949,0.4561,418,723,0,0,1,0,0
8456,4.5591,0.6954,418,723,0,0,1,0,0
8457,3.7147,0.4273,418,723,0,0,1,0,0
8458,4.4426,0.5968,417,723,0,0,1,0,0
8459,3.9138,0.4596,417,723,0,0,1,0,0
8460,4.3394,0.4288,417,723,0,0,1,0,0
8461,4.4274,0.6533,415,723,0,0,1,0,0
8462,3.7344,0.4699,413,723,0,0,1,0,0
8463,4.512,0.478,412,723,0,0,1,0,0
8464,3.847,0.5304,411,723,0,0,1,0,0
8465,4.3192,0.5043,410,723,0,0,1,0,0
8466,4.0327,0.5694,410,723,0,0,1,0,0
8467,4.0885,0.4868,410,723,0,0,1,0,0
8468,4.6422,0.6346,409,723,0,0,1,0,0
8469,3.7333,0.4464,409,723,0,0,1,0,0
8470,4.1665,0.4578,407,723,0,0,1,0,0
8471,4.1548,0.6499,406,723,0,0,1,0,0
8472,4.2184,0.6245,405,723,0,0,1,0,0
8473,4.1102,0.4394,404,723,0,0,1,0,0
8474,4.1893,0.4334,404,723,0,0,1,0,0
8475,4.5288,0.6328,402,723,0,0,1,0,0
8476,3.7717,0.5648,401,723,0,0,1,0,0
8477,4.2368,0.4338,400,723,0,0,1,0,0
8478,4.3088,0.4211,397,723,0,0,1,0,0
8479,4.0306,0.6601,397,723,0,0,1,0,0
8480,4.1485,0.5909,396,723,0,0,1,0,0
8481,4.1385,0.4246,395,723,0,0,1,0,0
8482,4.5188,0.4095,395,723,0,0,1,0,0
8483,3.7988,0.4139,394,723,0,0,1,0,0
8484,4.4392,0.6565,393,723,0,0,1,0,0
8485,4.0903,0.7082,392,723,0,0,1,0,0
8486,3.9616,0.4092,391,723,0,0,1,0,0
8487,4.4761,0.5452,391,723,0,0,1,0,0
8488,3.8768,0.6124,391,723,0,0,1,0,0
8489,4.5036,0.5884,391,723,0,0,1,0,0
8490,3.7481,0.3714,389,723,0,0,1,0,0
8491,4.1651,0.5344,389,723,0,0,1,0,0
8492,4.267,0.6098,389,723,0,0,1,0,0
8493,4.0461,0.3756,389,723,0,0,1,0,0
8494,4.174,0.5125,387,723,0,0,1,0,0
8495,4.1647,0.3646,386,723,0,0,1,0,0
8496,4.543,0.554,386,723,0,0,1,0,0
8497,4.0243,0.4869,386,723,0,0,1,0,0
8498,3.9278,0.3263,379,723,0,0,1,0,0
8499,4.3699,0.5732,379,723,0,0,1,0,0
8500,3.9734,0.3433,379,723,0,0,1,0,0
8501,4.2957,0.4541,379,723,0,0,1,0,0
8502,4.194,0.4056,377,723,0,0,1,0,0
8503,3.9932,0.3566,427,723,0,0,1,0,0
8504,4.3515,0.6132,426,723,0,0,1,0,0
8505,3.971,0.3644,425,723,0,0,1,0,0
8506,4.3165,0.5638,425,723,0,0,1,0,0
8507,4.0303,0.4504,424,723,0,0,1,0,0
8508,4.1742,0.5247,423,723,0,0,1,0,0
8509,4.2732,0.4862,421,723,0,0,1,0,0
8510,4.0553,0.497,419,723,0,0,1,0,0
8511,4.2909,0.496,419,723,0,0,1,0,0
8512,4.1075,0.3784,419,723,0,0,1,0,0
8513,4.2873,0.4992,418,723,0,0,1,0,0
8514,4.2002,0.4228,417,723,0,0,1,0,0
8515,3.9704,0.3733,416,723,0,0,1,0,0
8516,4.3051,0.4079,416,723,0,0,1,0,0
8517,4.0381,0.3845,415,723,0,0,1,0,0
8518,4.2262,0.4335,415,723,0,0,1,0,0
8519,4.2745,0.5474,414,723,0,0,1,0,0
8520,4.0126,0.465,411,723,0,0,1,0,0
8521,4.2019,0.5625,411,723,0,0,1,0,0
8522,4.1617,0.5653,411,723,0,0,1,0,0
8523,4.1283,0.6365,408,723,0,0,1,0,0
8524,4.2078,0.4323,408,723,0,0,1,0,0
8525,4.2403,0.5405,404,723,0,0,1,0,0
8526,4.433,0.6457,404,723,0,0,1,0,0
8527,3.829,0.3955,404,723,0,0,1,0,0
8528,4.365,0.4026,404,723,0,0,1,0,0
8529,3.9603,0.405,404,723,0,0,1,0,0
8530,4.6131,0.5373,402,723,0,0,1,0,0
8531,3.8056,0.4915,402,723,0,0,1,0,0
8532,4.1941,0.4645,401,723,0,0,1,0,0
8533,4.0818,0.4735,400,723,0,0,1,0,0
8534,4.1668,0.422,399,723,0,0,1,0,0
8535,4.1646,0.72,397,723,0,0,1,0,0
8536,4.2343,0.4456,397,723,0,0,1,0,0
8537,4.1912,0.6009,397,723,0,0,1,0,0
8538,4.0934,0.489,396,723,0,0,1,0,0
8539,4.1707,0.6538,395,723,0,0,1,0,0
8540,4.1789,0.6355,392,723,0,0,1,0,0
8541,4.1616,0.4925,392,723,0,0,1,0,0
8542,4.1548,0.7207,391,723,0,0,1,0,0
8543,4.2319,0.609,390,723,0,0,1,0,0
8544,4.0844,0.5048,390,723,0,0,1,0,0
8545,4.196,0.5124,390,723,0,0,1,0,0
8546,4.1606,0.6691,390,723,0,0,1,0,0
8547,4.1367,0.5159,390,723,0,0,1,0,0
8548,4.2245,0.523,390,723,0,0,1,0,0
8549,4.1303,0.7815,390,723,0,0,1,0,0
8550,4.1937,0.5765,389,723,0,0,1,0,0
8551,4.2215,0.5638,389,723,0,0,1,0,0
8552,4.1317,0.6295,388,723,0,0,1,0,0
8553,4.1541,0.5552,386,723,0,0,1,0,0
8554,4.1699,0.6311,386,723,0,0,1,0,0
8555,4.4552,0.6431,386,723,0,0,1,0,0
8556,3.9102,0.6694,386,723,0,0,1,0,0
8557,4.1449,0.4998,385,723,0,0,1,0,0
8558,4.1031,0.4877,385,723,0,0,1,0,0
8559,4.2031,0.7568,385,723,0,0,1,0,0
8560,4.1634,0.9237,383,723,0,0,1,0,0
8561,4.1415,0.5093,383,723,0,0,1,0,0
8562,4.2068,0.5522,383,723,0,0,1,0,0
8563,4.1623,0.684,382,723,0,0,1,0,0
8564,4.1576,0.5351,381,723,0,0,1,0,0
8565,4.1609,0.4867,373,723,0,0,1,0,0
8566,4.1987,0.8936,371,723,0,0,1,0,0
8567,4.2585,0.6642,370,723,0,0,1,0,0
8568,4.0805,0.5063,370,723,0,0,1,0,0
8569,4.1547,0.5556,370,723,0,0,1,0,0
8570,4.145,0.4748,367,723,0,0,1,0,0
8571,4.1474,0.762,417,723,0,0,1,0,0
8572,4.2778,0.6953,415,723,0,0,1,0,0
8573,4.1073,0.7091,415,723,0,0,1,0,0
8574,4.1831,0.5713,414,723,0,0,1,0,0
8575,4.1848,0.6439,413,723,0,0,1,0,0
8576,4.1258,0.4803,412,723,0,0,1,0,0
8577,4.1093,0.441,412,723,0,0,1,0,0
8578,4.19,0.645,412,723,0,0,1,0,0
8579,4.2107,0.6748,411,723,0,0,1,0,0
8580,4.1286,0.4282,411,723,0,0,1,0,0
8581,4.1695,0.4485,411,723,0,0,1,0,0
8582,4.1389,0.416,411,723,0,0,1,0,0
8583,4.194,0.4712,411,723,0,0,1,0,0
8584,4.2565,0.4972,410,723,0,0,1,0,0
8585,4.1225,0.7404,409,723,0,0,1,0,0
8586,4.2179,0.791,408,723,0,0,1,0,0
8587,4.1173,0.6386,408,723,0,0,1,0,0
8588,4.1335,0.5169,408,723,0,0,1,0,0
8589,4.1562,0.4569,407,723,0,0,1,0,0
8590,4.4578,0.6162,406,723,0,0,1,0,0
8591,3.9366,0.6921,406,723,0,0,1,0,0
8592,4.1389,0.8193,406,723,0,0,1,0,0
8593,4.1551,0.509,405,723,0,0,1,0,0
8594,4.1184,0.4309,405,723,0,0,1,0,0
8595,4.5456,0.4226,405,723,0,0,1,0,0
8596,3.8185,0.4401,405,723,0,0,1,0,0
8597,4.1915,0.6711,405,723,0,0,1,0,0
8598,4.1435,0.6542,404,723,0,0,1,0,0
8599,4.2305,0.7403,404,723,0,0,1,0,0
8600,4.4659,0.4455,404,723,0,0,1,0,0
8601,3.8031,0.4777,403,723,0,0,1,0,0
8602,4.1544,0.5006,402,723,0,0,1,0,0
8603,4.2385,0.5761,402,723,0,0,1,0,0
8604,4.2234,1.3415,402,723,0,0,1,0,0
8605,4.0256,0.7564,400,723,0,0,1,0,0
8606,4.2085,0.5333,398,723,0,0,1,0,0
8607,4.1635,0.4406,398,723,0,0,1,0,0
8608,4.2407,0.4882,398,723,0,0,1,0,0
8609,4.1064,0.5604,398,723,0,0,1,0,0
8610,4.2996,0.6207,397,723,0,0,1,0,0
8611,3.9956,0.4364,396,723,0,0,1,0,0
8612,4.2092,0.518,395,723,0,0,1,0,0
8613,4.1591,0.4525,394,723,0,0,1,0,0
8614,4.5061,0.7271,390,723,0,0,1,0,0
8615,3.8656,0.6862,390,723,0,0,1,0,0
8616,4.1457,0.6554,389,723,0,0,1,0,0
8617,4.1109,0.6147,389,723,0,0,1,0,0
8618,4.1849,0.4285,387,723,0,0,1,0,0
8619,4.4989,0.6273,386,723,0,0,1,0,0
8620,3.8111,0.7067,385,723,0,0,1,0,0
8621,4.2463,0.4449,383,723,0,0,1,0,0
8622,4.1817,0.6133,382,723,0,0,1,0,0
8623,4.0924,0.4107,381,723,0,0,1,0,0
8624,4.2255,0.4715,381,723,0,0,1,0,0
8625,4.1384,0.4861,381,723,0,0,1,0,0
8626,4.1949,0.487,380,723,0,0,1,0,0
8627,4.1747,0.4458,380,723,0,0,1,0,0
8628,4.1485,0.4948,378,723,0,0,1,0,0
8629,4.1868,0.4417,378,723,0,0,1,0,0
8630,4.0724,0.4125,377,723,0,0,1,0,0
8631,4.5605,0.5526,376,723,0,0,1,0,0
8632,3.7748,0.4084,366,723,0,0,1,0,0
8633,4.2506,0.4898,366,723,0,0,1,0,0
8634,4.0355,0.4236,366,723,0,0,1,0,0
8635,4.2456,0.5922,365,723,0,0,1,0,0
8636,4.3017,0.6404,365,723,0,0,1,0,0
8637,4.0367,0.4334,364,723,0,0,1,0,0
8638,4.2196,0.5285,414,723,0,0,1,0,0
8639,4.1813,0.4914,414,723,0,0,1,0,0
8640,4.1994,0.4509,414,723,0,0,1,0,0
8641,4.0592,0.5457,414,723,0,0,1,0,0
8642,4.1413,0.4363,414,723,0,0,1,0,0
8643,4.5864,0.4309,414,723,0,0,1,0,0
8644,3.7838,0.4273,412,723,0,0,1,0,0
8645,4.2184,0.4969,411,723,0,0,1,0,0
8646,4.1274,0.4737,409,723,0,0,1,0,0
8647,4.1429,0.4803,408,723,0,0,1,0,0
8648,4.2114,0.6369,407,723,0,0,1,0,0
8649,4.1345,0.532,407,723,0,0,1,0,0
8650,4.4582,0.6069,407,723,0,0,1,0,0
8651,3.9568,0.4963,407,723,0,0,1,0,0
8652,4.1226,0.529,405,723,0,0,1,0,0
8653,4.3601,0.6877,405,723,0,0,1,0,0
8654,3.9373,0.4431,405,723,0,0,1,0,0
8655,4.1778,0.4275,405,723,0,0,1,0,0
8656,4.2375,0.6218,404,723,0,0,1,0,0
8657,4.1469,0.5035,404,723,0,0,1,0,0
8658,4.0924,0.4783,404,723,0,0,1,0,0
8659,4.2012,0.4286,403,723,0,0,1,0,0
8660,4.13,0.6343,402,723,0,0,1,0,0
8661,4.1678,0.4263,402,723,0,0,1,0,0
8662,4.2343,0.4856,402,723,0,0,1,0,0
8663,4.1766,0.4948,402,723,0,0,1,0,0
8664,4.0853,0.6241,402,723,0,0,1,0,0
8665,4.2175,0.4473,401,723,0,0,1,0,0
8666,4.1336,0.4741,401,723,0,0,1,0,0
8667,4.6211,0.4432,400,723,0,0,1,0,0
8668,3.7242,0.5177,397,723,0,0,1,0,0
8669,4.2277,0.5301,397,723,0,0,1,0,0
8670,4.0804,0.5525,397,723,0,0,1,0,0
8671,4.1706,0.478,395,723,0,0,1,0,0
8672,4.4287,0.4676,393,723,0,0,1,0,0
8673,3.8834,0.4661,392,723,0,0,1,0,0
8674,4.2231,0.776,391,723,0,0,1,0,0
8675,4.3121,0.5355,391,723,0,0,1,0,0
8676,4.0221,0.7091,391,723,0,0,1,0,0
8677,4.2134,0.576,391,723,0,0,1,0,0
8678,4.0962,0.4856,390,723,0,0,1,0,0
8679,4.1602,0.5165,390,723,0,0,1,0,0
8680,4.2277,0.6815,389,723,0,0,1,0,0
8681,4.1588,0.5019,387,723,0,0,1,0,0
8682,4.1825,0.5454,384,723,0,0,1,0,0
8683,4.0863,0.5334,384,723,0,0,1,0,0
8684,4.4848,0.4755,384,723,0,0,1,0,0
8685,3.8693,0.5066,384,723,0,0,1,0,0
8686,4.1881,0.7166,383,723,0,0,1,0,0
8687,4.182,0.589,381,723,0,0,1,0,0
8688,4.1788,0.7042,381,723,0,0,1,0,0
8689,4.5623,0.7227,380,723,0,0,1,0,0
8690,3.7212,0.549,379,723,0,0,1,0,0
8691,4.1382,0.6814,378,723,0,0,1,0,0
8692,4.2746,0.4967,377,723,0,0,1,0,0
8693,4.12,0.8161,376,723,0,0,1,0,0
8694,4.1951,0.5116,376,723,0,0,1,0,0
8695,4.1988,0.4858,375,723,0,0,1,0,0
8696,4.4347,0.4373,375,723,0,0,1,0,0
8697,3.8225,0.5337,373,723,0,0,1,0,0
8698,4.1714,0.6553,372,723,0,0,1,0,0
8699,4.2789,0.6938,365,723,0,0,1,0,0
8700,4.0363,0.3992,365,723,0,0,1,0,0
8701,4.2463,0.4628,365,723,0,0,1,0,0
8702,4.0836,0.4303,365,723,0,0,1,0,0
8703,4.1463,0.5712,365,723,0,0,1,0,0
8704,4.2717,0.4404,365,723,0,0,1,0,0
8705,4.116,0.664,412,723,0,0,1,0,0
8706,4.3754,0.5642,411,723,0,0,1,0,0
8707,4.2688,0.7746,410,723,0,0,1,0,0
8708,3.8827,0.4719,409,723,0,0,1,0,0
8709,4.0972,0.4241,409,723,0,0,1,0,0
8710,4.2604,0.45,409,723,0,0,1,0,0
8711,4.1105,0.679,408,723,0,0,1,0,0
8712,4.5834,0.5817,408,723,0,0,1,0,0
8713,3.737,0.4926,408,723,0,0,1,0,0
8714,4.1275,0.4487,406,723,0,0,1,0,0
8715,4.5658,0.5293,405,723,0,0,1,0,0
8716,3.8917,0.5071,405,723,0,0,1,0,0
8717,4.1234,0.7531,405,723,0,0,1,0,0
8718,4.1096,0.8408,405,723,0,0,1,0,0
8719,4.2301,0.5175,405,723,0,0,1,0,0
8720,4.4817,0.7691,405,723,0,0,1,0,0
8721,3.7764,0.4654,405,723,0,0,1,0,0
8722,4.2484,0.4616,404,723,0,0,1,0,0
8723,4.0701,0.75,404,723,0,0,1,0,0
8724,4.3802,0.6669,404,723,0,0,1,0,0
8725,4.0128,0.4968,404,723,0,0,1,0,0
8726,4.144,0.4369,404,723,0,0,1,0,0
8727,4.5399,0.7284,404,723,0,0,1,0,0
8728,3.8028,0.447,403,723,0,0,1,0,0
8729,4.2188,0.812,403,723,0,0,1,0,0
8730,4.1929,0.7743,403,723,0,0,1,0,0
8731,4.0669,0.4176,403,723,0,0,1,0,0
8732,4.2427,0.4641,402,723,0,0,1,0,0
8733,4.1163,0.4157,401,723,0,0,1,0,0
8734,4.2178,0.4567,399,723,0,0,1,0,0
8735,4.0927,0.7598,398,723,0,0,1,0,0
8736,4.2195,0.5917,397,723,0,0,1,0,0
8737,4.1429,0.7781,396,723,0,0,1,0,0
8738,4.1271,0.4245,396,723,0,0,1,0,0
8739,4.5513,0.6971,394,723,0,0,1,0,0
8740,3.8896,0.5187,394,723,0,0,1,0,0
8741,4.0977,0.6999,394,723,0,0,1,0,0
8742,4.1683,0.6561,393,723,0,0,1,0,0
8743,4.1871,0.7273,393,723,0,0,1,0,0
8744,4.5658,0.5612,393,723,0,0,1,0,0
8745,3.7269,0.5095,392,723,0,0,1,0,0
8746,4.1966,0.5062,391,723,0,0,1,0,0
8747,4.2078,0.4925,390,723,0,0,1,0,0
8748,4.3347,0.4677,389,723,0,0,1,0,0
8749,3.8968,0.6674,388,723,0,0,1,0,0
8750,4.1956,0.494,388,723,0,0,1,0,0
8751,4.5957,0.5326,388,723,0,0,1,0,0
8752,3.7305,0.467,387,723,0,0,1,0,0
8753,4.2504,0.4927,385,723,0,0,1,0,0
8754,4.1163,0.5752,384,723,0,0,1,0,0
8755,4.1414,0.4342,383,723,0,0,1,0,0
8756,4.2566,0.7722,381,723,0,0,1,0,0
8757,4.0634,0.4204,381,723,0,0,1,0,0
8758,4.5467,0.6326,381,723,0,0,1,0,0
8759,3.873,0.5144,380,723,0,0,1,0,0
8760,4.0947,0.6145,378,723,0,0,1,0,0
8761,4.2517,0.6461,376,723,0,0,1,0,0
8762,4.1574,0.6573,374,723,0,0,1,0,0
8763,4.0951,0.4044,374,723,0,0,1,0,0
8764,4.1402,0.4495,374,723,0,0,1,0,0
8765,4.5379,0.4017,373,723,0,0,1,0,0
8766,4.0055,0.407,365,723,0,0,1,0,0
8767,4.0261,0.4016,365,723,0,0,1,0,0
8768,4.1773,0.5914,365,723,0,0,1,0,0
8769,4.1144,0.4107,364,723,0,0,1,0,0
8770,4.6208,0.4214,364,723,0,0,1,0,0
8771,3.7272,0.4219,364,723,0,0,1,0,0
8772,4.1653,0.5154,413,723,0,0,1,0,0
8773,4.1246,0.5956,413,723,0,0,1,0,0
8774,4.191,0.66,413,723,0,0,1,0,0
8775,4.4751,0.641,410,723,0,0,1,0,0
8776,3.8983,0.4436,410,723,0,0,1,0,0
8777,4.1213,0.4241,409,723,0,0,1,0,0
8778,4.1727,0.4476,409,723,0,0,1,0,0
8779,4.1923,0.5924,409,723,0,0,1,0,0
8780,4.1796,0.6457,408,723,0,0,1,0,0
8781,4.146,0.4444,408,723,0,0,1,0,0
8782,4.1673,0.4384,407,723,0,0,1,0,0
8783,4.1796,0.4221,406,723,0,0,1,0,0
8784,4.1276,0.4092,406,723,0,0,1,0,0
8785,4.1657,0.5672,406,723,0,0,1,0,0
8786,4.2509,0.7083,406,723,0,0,1,0,0
8787,4.0757,0.6871,406,723,0,0,1,0,0
8788,4.2272,0.5274,406,723,0,0,1,0,0
8789,4.25,0.5723,406,723,0,0,1,0,0
8790,4.0614,0.4862,405,723,0,0,1,0,0
8791,4.1789,0.5227,404,723,0,0,1,0,0
8792,4.1723,0.5388,404,723,0,0,1,0,0
8793,4.1635,0.5176,403,723,0,0,1,0,0
8794,4.3385,0.6652,402,723,0,0,1,0,0
8795,3.9567,0.4605,401,723,0,0,1,0,0
8796,4.1714,0.4555,401,723,0,0,1,0,0
8797,4.5104,0.4506,400,723,0,0,1,0,0
8798,3.8148,0.595,399,723,0,0,1,0,0
8799,4.2046,0.4445,399,723,0,0,1,0,0
8800,4.2041,0.6815,398,723,0,0,1,0,0
8801,4.184,0.5085,398,723,0,0,1,0,0
8802,4.1422,0.4826,398,723,0,0,1,0,0
8803,4.0992,0.4216,398,723,0,0,1,0,0
8804,4.2092,0.4567,397,723,0,0,1,0,0
8805,4.1481,0.4252,396,723,0,0,1,0,0
8806,4.155,0.6202,396,723,0,0,1,0,0
8807,4.255,0.4817,395,723,0,0,1,0,0
8808,4.0949,0.6475,395,723,0,0,1,0,0
8809,4.2229,0.5487,394,723,0,0,1,0,0
8810,4.074,0.4818,394,723,0,0,1,0,0
8811,4.1624,0.6326,394,723,0,0,1,0,0
8812,4.2741,0.4395,394,723,0,0,1,0,0
8813,4.1439,0.4752,394,723,0,0,1,0,0
8814,4.1414,0.4754,393,723,0,0,1,0,0
8815,4.6056,0.4163,392,723,0,0,1,0,0
8816,4.1059,0.4556,392,723,0,0,1,0,0
8817,3.7377,0.4204,392,723,0,0,1,0,0
8818,4.2606,0.4205,392,723,0,0,1,0,0
8819,4.1084,0.4207,391,723,0,0,1,0,0
8820,4.4321,0.4939,391,723,0,0,1,0,0
8821,3.9673,0.4675,391,723,0,0,1,0,0
8822,4.1066,0.4245,390,723,0,0,1,0,0
8823,4.1253,0.4439,390,723,0,0,1,0,0
8824,4.2545,0.5581,390,723,0,0,1,0,0
8825,4.2523,0.6908,390,723,0,0,1,0,0
8826,4.0968,0.4818,390,723,0,0,1,0,0
8827,4.1493,0.4955,390,723,0,0,1,0,0
8828,4.128,0.4539,389,723,0,0,1,0,0
8829,4.1321,0.4134,389,723,0,0,1,0,0
8830,4.2786,0.4211,388,723,0,0,1,0,0
8831,4.2255,0.7219,388,723,0,0,1,0,0
8832,4.0832,0.5559,386,723,0,0,1,0,0
8833,4.1629,0.4633,385,723,0,0,1,0,0
8834,4.1076,0.4214,377,723,0,0,1,0,0
8835,4.6554,0.3976,375,723,0,0,1,0,0
8836,3.7746,0.4134,374,723,0,0,1,0,0
8837,4.1603,0.7903,374,723,0,0,1,0,0
8838,4.1355,0.4909,374,723,0,0,1,0,0
8839,4.1676,0.5089,424,723,0,0,1,0,0
8840,4.4249,0.4446,423,723,0,0,1,0,0
8841,3.8647,0.4725,423,723,0,0,1,0,0
8842,4.2098,0.6569,422,723,0,0,1,0,0
8843,4.1017,0.4371,422,723,0,0,1,0,0
8844,4.2647,0.7894,421,723,0,0,1,0,0
8845,4.1789,0.4849,421,723,0,0,1,0,0
8846,4.0359,0.5152,420,723,0,0,1,0,0
8847,4.2655,0.4994,420,723,0,0,1,0,0
8848,4.1676,0.4628,420,723,0,0,1,0,0
8849,4.1698,0.4499,420,723,0,0,1,0,0
8850,4.1155,0.6452,420,723,0,0,1,0,0
8851,4.4276,0.5599,420,723,0,0,1,0,0
8852,3.95,0.5863,417,723,0,0,1,0,0
8853,4.0821,0.4354,417,723,0,0,1,0,0
8854,4.1972,0.4688,415,723,0,0,1,0,0
8855,4.1924,0.7707,415,723,0,0,1,0,0
8856,4.1616,0.767,414,723,0,0,1,0,0
8857,4.2049,0.5429,413,723,0,0,1,0,0
8858,4.1001,0.4989,412,723,0,0,1,0,0
8859,4.2561,0.628,412,723,0,0,1,0,0
8860,4.167,0.5562,412,723,0,0,1,0,0
8861,4.1227,0.6581,412,723,0,0,1,0,0
8862,4.1791,0.4518,411,723,0,0,1,0,0
8863,4.1224,0.4275,411,723,0,0,1,0,0
8864,4.6715,0.4932,410,723,0,0,1,0,0
8865,3.636,0.4373,408,723,0,0,1,0,0
8866,4.2126,0.4691,407,723,0,0,1,0,0
8867,4.1715,0.641,407,723,0,0,1,0,0
8868,4.221,0.6519,406,723,0,0,1,0,0
8869,4.1125,0.6145,406,723,0,0,1,0,0
8870,4.1055,0.4215,406,723,0,0,1,0,0
8871,4.6195,0.516,406,723,0,0,1,0,0
8872,3.8047,0.5631,405,723,0,0,1,0,0
8873,4.171,0.643,405,723,0,0,1,0,0
8874,4.1104,0.648,404,723,0,0,1,0,0
8875,4.1507,0.4601,402,723,0,0,1,0,0
8876,4.1967,0.4922,402,723,0,0,1,0,0
8877,4.1112,0.4808,401,723,0,0,1,0,0
8878,4.2707,0.5279,401,723,0,0,1,0,0
8879,4.1524,0.5515,400,723,0,0,1,0,0
8880,4.1188,0.7319,399,723,0,0,1,0,0
8881,4.2217,0.8281,398,723,0,0,1,0,0
8882,4.104,0.5036,397,723,0,0,1,0,0
8883,4.2615,0.5041,397,723,0,0,1,0,0
8884,4.0728,0.5369,395,723,0,0,1,0,0
8885,4.2073,0.477,394,723,0,0,1,0,0
8886,4.1219,0.4451,394,723,0,0,1,0,0
8887,4.154,0.4474,394,723,0,0,1,0,0
8888,4.2293,0.4562,393,723,0,0,1,0,0
8889,4.1161,0.4659,392,723,0,0,1,0,0
8890,4.2571,0.4998,391,723,0,0,1,0,0
8891,4.4369,0.4355,390,723,0,0,1,0,0
8892,4.1189,0.6372,389,723,0,0,1,0,0
8893,3.9046,0.44,389,723,0,0,1,0,0
8894,4.1197,0.4459,389,723,0,0,1,0,0
8895,4.221,0.5146,386,723,0,0,1,0,0
8896,4.1427,0.4252,385,723,0,0,1,0,0
8897,4.1453,0.4418,385,723,0,0,1,0,0
8898,4.1841,0.4806,385,723,0,0,1,0,0
8899,4.1154,0.5401,384,723,0,0,1,0,0
8900,4.3854,0.6375,384,723,0,0,1,0,0
8901,3.9904,0.5054,376,723,0,0,1,0,0
8902,4.2095,0.5764,375,723,0,0,1,0,0
8903,4.1793,0.5416,375,723,0,0,1,0,0
8904,4.0825,0.6113,375,723,0,0,1,0,0
8905,4.2319,0.7272,375,723,0,0,1,0,0
8906,4.0887,0.5012,375,723,0,0,1,0,0
8907,4.2525,0.5334,424,723,0,0,1,0,0
8908,4.1344,0.4684,423,723,0,0,1,0,0
8909,4.2049,0.5126,422,723,0,0,1,0,0
8910,4.1256,0.4832,421,723,0,0,1,0,0
8911,4.1379,0.4282,419,723,0,0,1,0,0
8912,4.2305,0.485,418,723,0,0,1,0,0
8913,4.0878,0.4383,418,723,0,0,1,0,0
8914,4.2033,0.4992,417,723,0,0,1,0,0
8915,4.1906,0.647,417,723,0,0,1,0,0
8916,4.1264,0.4262,417,723,0,0,1,0,0
8917,4.188,0.5138,417,723,0,0,1,0,0
8918,4.1232,0.6316,416,723,0,0,1,0,0
8919,4.2328,0.7474,416,723,0,0,1,0,0
8920,4.1491,0.4943,416,723,0,0,1,0,0
8921,4.1994,0.7679,416,723,0,0,1,0,0
8922,4.0843,0.558,416,723,0,0,1,0,0
8923,4.2007,0.53,415,723,0,0,1,0,0
8924,4.2281,0.6197,415,723,0,0,1,0,0
8925,4.0834,0.4595,415,723,0,0,1,0,0
8926,4.3877,0.5892,415,723,0,0,1,0,0
8927,3.9787,0.436,415,723,0,0,1,0,0
8928,4.5441,0.485,415,723,0,0,1,0,0
8929,3.8339,0.4777,414,723,0,0,1,0,0
8930,4.1052,0.5362,413,723,0,0,1,0,0
8931,4.4018,0.4497,412,723,0,0,1,0,0
8932,3.9926,0.6639,412,723,0,0,1,0,0
8933,4.1169,0.4933,409,723,0,0,1,0,0
8934,4.1703,0.4853,409,723,0,0,1,0,0
8935,4.1766,0.468,409,723,0,0,1,0,0
8936,4.3543,0.4715,408,723,0,0,1,0,0
8937,3.9344,0.4853,408,723,0,0,1,0,0
8938,4.3316,0.8056,408,723,0,0,1,0,0
8939,4.0265,0.5029,407,723,0,0,1,0,0
8940,4.2239,0.606,407,723,0,0,1,0,0
8941,4.4736,0.6218,406,723,0,0,1,0,0
8942,3.8104,0.4428,404,723,0,0,1,0,0
8943,4.1515,0.4381,403,723,0,0,1,0,0
8944,4.2476,0.4385,403,723,0,0,1,0,0
8945,4.1525,0.628,403,723,0,0,1,0,0
8946,4.1502,0.7453,402,723,0,0,1,0,0
8947,4.5727,0.6211,401,723,0,0,1,0,0
8948,3.7382,0.455,401,723,0,0,1,0,0
8949,4.1481,0.4349,399,723,0,0,1,0,0
8950,4.2283,0.4294,398,723,0,0,1,0,0
8951,4.1123,0.731,398,723,0,0,1,0,0
8952,4.2239,0.4802,397,723,0,0,1,0,0
8953,4.0924,0.4247,393,723,0,0,1,0,0
8954,4.1508,0.4295,393,723,0,0,1,0,0
8955,4.3656,0.4264,393,723,0,0,1,0,0
8956,4.0618,0.4611,393,723,0,0,1,0,0
8957,4.1425,0.7333,392,723,0,0,1,0,0
8958,4.2007,0.4777,389,723,0,0,1,0,0
8959,4.131,0.6212,388,723,0,0,1,0,0
8960,4.1801,0.5321,388,723,0,0,1,0,0
8961,4.1073,0.432,388,723,0,0,1,0,0
8962,4.2076,0.4205,387,723,0,0,1,0,0
8963,4.1701,0.7327,386,723,0,0,1,0,0
8964,4.2078,0.4111,386,723,0,0,1,0,0
8965,4.1424,0.4785,386,723,0,0,1,0,0
8966,4.1173,0.4485,386,723,0,0,1,0,0
8967,4.227,0.4383,385,723,0,0,1,0,0
8968,4.1151,0.4093,378,723,0,0,1,0,0
8969,4.1993,0.785,378,723,0,0,1,0,0
8970,4.1528,0.4956,378,723,0,0,1,0,0
8971,4.1344,0.4118,378,723,0,0,1,0,0
8972,4.2313,0.4797,378,723,0,0,1,0,0
8973,4.0698,0.4278,376,723,0,0,1,0,0
8974,4.2222,0.5676,425,723,0,0,1,0,0
8975,4.1712,0.5015,425,723,0,0,1,0,0
8976,4.1177,0.4325,425,723,0,0,1,0,0
8977,4.2206,0.5078,425,723,0,0,1,0,0
8978,4.1112,0.4344,423,723,0,0,1,0,0
8979,4.2776,0.4416,422,723,0,0,1,0,0
8980,4.1792,0.4432,419,723,0,0,1,0,0
8981,4.1148,0.7324,418,723,0,0,1,0,0
8982,4.2537,0.6781,418,723,0,0,1,0,0
8983,4.0264,0.5006,418,723,0,0,1,0,0
8984,4.268,0.4954,418,723,0,0,1,0,0
8985,4.0848,0.4556,418,723,0,0,1,0,0
8986,4.1395,0.6269,416,723,0,0,1,0,0
8987,4.2338,0.4555,416,723,0,0,1,0,0
8988,4.2147,0.6685,416,723,0,0,1,0,0
8989,4.1308,0.5267,416,723,0,0,1,0,0
8990,4.1111,0.4444,414,723,0,0,1,0,0
8991,4.2104,0.6217,414,723,0,0,1,0,0
8992,4.2017,0.4836,413,723,0,0,1,0,0
8993,4.4253,0.6909,413,723,0,0,1,0,0
8994,3.8335,0.4234,413,723,0,0,1,0,0
8995,4.1637,0.4381,413,723,0,0,1,0,0
8996,4.1922,0.5049,413,723,0,0,1,0,0
8997,4.1385,0.5007,412,723,0,0,1,0,0
8998,4.2287,0.5231,412,723,0,0,1,0,0
8999,4.1623,0.5654,411,723,0,0,1,0,0
9000,4.1466,0.8345,411,723,0,0,1,0,0
9001,4.154,0.8141,411,723,0,0,1,0,0
9002,4.137,0.4639,411,723,0,0,1,0,0
9003,4.2357,0.6216,411,723,0,0,1,0,0
9004,4.1137,0.672,410,723,0,0,1,0,0
9005,4.2246,0.4558,410,723,0,0,1,0,0
9006,4.344,0.5692,408,723,0,0,1,0,0
9007,3.9395,0.4389,407,723,0,0,1,0,0
9008,4.1798,0.4132,405,723,0,0,1,0,0
9009,4.1358,0.4252,403,723,0,0,1,0,0
9010,4.1925,0.4761,402,723,0,0,1,0,0
9011,4.4497,0.4679,401,723,0,0,1,0,0
9012,3.9271,0.7114,400,723,0,0,1,0,0
9013,4.1223,0.7427,400,723,0,0,1,0,0
9014,4.1487,0.4881,400,723,0,0,1,0,0
9015,4.2178,0.5861,397,723,0,0,1,0,0
9016,4.1267,0.5502,395,723,0,0,1,0,0
9017,4.218,0.5864,395,723,0,0,1,0,0
9018,4.131,0.5044,394,723,0,0,1,0,0
9019,4.5343,0.5789,394,723,0,0,1,0,0
9020,3.7973,0.5402,394,723,0,0,1,0,0
9021,4.1194,0.4722,392,723,0,0,1,0,0
9022,4.5387,0.6423,391,723,0,0,1,0,0
9023,3.8858,0.4663,391,723,0,0,1,0,0
9024,4.0983,0.5458,390,723,0,0,1,0,0
9025,4.2005,0.6315,390,723,0,0,1,0,0
9026,4.1281,0.6298,390,723,0,0,1,0,0
9027,4.2277,0.5287,390,723,0,0,1,0,0
9028,4.1217,0.4267,389,723,0,0,1,0,0
9029,4.2306,0.4823,389,723,0,0,1,0,0
9030,4.111,0.4558,388,723,0,0,1,0,0
9031,4.118,0.4232,387,723,0,0,1,0,0
9032,4.4538,0.4499,387,723,0,0,1,0,0
9033,3.9145,0.4384,386,723,0,0,1,0,0
9034,4.1871,0.4841,384,723,0,0,1,0,0
9035,4.1906,0.4635,383,723,0,0,1,0,0
9036,4.1108,0.4097,373,723,0,0,1,0,0
9037,4.2087,0.5375,373,723,0,0,1,0,0
9038,4.1351,0.5746,373,723,0,0,1,0,0
9039,4.2049,0.7262,372,723,0,0,1,0,0
9040,4.1787,0.4891,372,723,0,0,1,0,0
9041,4.1211,0.4637,421,723,0,0,1,0,0
9042,4.2001,0.4933,421,723,0,0,1,0,0
9043,4.1176,0.4471,421,723,0,0,1,0,0
9044,4.1859,0.6453,420,723,0,0,1,0,0
9045,4.1566,0.4521,420,723,0,0,1,0,0
9046,4.2278,0.7436,420,723,0,0,1,0,0
9047,4.1766,0.76,420,723,0,0,1,0,0
9048,4.1752,0.5446,420,723,0,0,1,0,0
9049,4.3717,0.6816,419,723,0,0,1,0,0
9050,3.9288,0.6489,419,723,0,0,1,0,0
9051,4.2849,0.7265,419,723,0,0,1,0,0
9052,4.0476,0.4432,418,723,0,0,1,0,0
9053,4.4305,0.7729,416,723,0,0,1,0,0
9054,3.9113,0.9917,414,723,0,0,1,0,0
9055,4.1284,0.4589,414,723,0,0,1,0,0
9056,4.1161,0.4107,412,723,0,0,1,0,0
9057,4.2097,0.4386,410,723,0,0,1,0,0
9058,4.2482,0.6794,410,723,0,0,1,0,0
9059,4.1336,0.5599,410,723,0,0,1,0,0
9060,4.1427,0.5592,409,723,0,0,1,0,0
9061,4.1214,0.5098,409,723,0,0,1,0,0
9062,4.1915,0.4646,409,723,0,0,1,0,0
9063,4.1497,0.4384,409,723,0,0,1,0,0
9064,4.2365,0.4276,409,723,0,0,1,0,0
9065,4.1778,0.4556,409,723,0,0,1,0,0
9066,4.1433,0.4945,407,723,0,0,1,0,0
9067,4.0794,0.4409,407,723,0,0,1,0,0
9068,4.2825,0.5961,406,723,0,0,1,0,0
9069,4.0896,0.4455,404,723,0,0,1,0,0
9070,4.213,0.7673,404,723,0,0,1,0,0
9071,4.1918,0.4828,403,723,0,0,1,0,0
9072,4.1763,0.4829,403,723,0,0,1,0,0
9073,4.1536,0.4772,403,723,0,0,1,0,0
9074,4.0942,0.5726,403,723,0,0,1,0,0
9075,4.3954,0.4983,403,723,0,0,1,0,0
9076,3.9553,0.6099,403,723,0,0,1,0,0
9077,4.1991,0.5941,403,723,0,0,1,0,0
9078,4.1503,0.5468,403,723,0,0,1,0,0
9079,4.2178,0.6051,402,723,0,0,1,0,0
9080,4.0943,0.5155,402,723,0,0,1,0,0
9081,4.1628,0.4795,401,723,0,0,1,0,0
9082,4.2335,0.4524,398,723,0,0,1,0,0
9083,4.1546,0.8109,397,723,0,0,1,0,0
9084,4.1892,0.4952,396,723,0,0,1,0,0
9085,4.1762,0.5016,395,723,0,0,1,0,0
9086,4.0665,0.4441,395,723,0,0,1,0,0
9087,4.1743,0.5393,395,723,0,0,1,0,0
9088,4.167,0.4559,395,723,0,0,1,0,0
9089,4.201,0.7715,391,723,0,0,1,0,0
9090,4.1264,0.7059,390,723,0,0,1,0,0
9091,4.1794,0.4169,389,723,0,0,1,0,0
9092,4.1969,0.4647,387,723,0,0,1,0,0
9093,4.1461,0.4243,385,723,0,0,1,0,0
9094,4.2308,0.7457,383,723,0,0,1,0,0
9095,4.1404,0.6336,383,723,0,0,1,0,0
9096,4.1631,0.6151,383,723,0,0,1,0,0
9097,4.1519,0.485,383,723,0,0,1,0,0
9098,4.148,0.4287,383,723,0,0,1,0,0
9099,4.53,0.4127,381,723,0,0,1,0,0
9100,3.8888,0.6397,381,723,0,0,1,0,0
9101,4.1436,0.6542,381,723,0,0,1,0,0
9102,4.1546,0.5175,373,723,0,0,1,0,0
9103,4.2011,0.469,373,723,0,0,1,0,0
9104,4.2078,0.4696,373,723,0,0,1,0,0
9105,4.0194,0.4824,370,723,0,0,1,0,0
9106,4.2398,0.5441,370,723,0,0,1,0,0
9107,4.0811,0.4231,370,723,0,0,1,0,0
9108,4.2918,0.6825,420,723,0,0,1,0,0
9109,4.5376,0.5429,420,723,0,0,1,0,0
9110,3.7029,0.4501,420,723,0,0,1,0,0
9111,4.2363,0.6198,419,723,0,0,1,0,0
9112,4.1876,0.4705,416,723,0,0,1,0,0
9113,4.1652,0.4214,416,723,0,0,1,0,0
9114,4.2036,0.8714,416,723,0,0,1,0,0
9115,4.1055,0.7518,415,723,0,0,1,0,0
9116,4.1525,0.557,415,723,0,0,1,0,0
9117,4.1038,0.5085,415,723,0,0,1,0,0
9118,4.237,0.6301,414,723,0,0,1,0,0
9119,4.18,0.4726,414,723,0,0,1,0,0
9120,4.0788,0.7849,414,723,0,0,1,0,0
9121,4.2356,0.5197,414,723,0,0,1,0,0
9122,4.0925,0.4483,414,723,0,0,1,0,0
9123,4.1403,0.4292,414,723,0,0,1,0,0
9124,4.2257,0.4789,414,723,0,0,1,0,0
9125,4.2187,0.5874,414,723,0,0,1,0,0
9126,4.1495,0.463,414,723,0,0,1,0,0
9127,4.1891,0.709,414,723,0,0,1,0,0
9128,4.1701,0.4391,413,723,0,0,1,0,0
9129,4.1202,0.4783,412,723,0,0,1,0,0
9130,4.5096,0.7596,412,723,0,0,1,0,0
9131,3.824,0.5052,412,723,0,0,1,0,0
9132,4.202,0.7617,412,723,0,0,1,0,0
9133,4.1649,0.7688,412,723,0,0,1,0,0
9134,4.0854,0.4531,412,723,0,0,1,0,0
9135,4.274,0.4874,412,723,0,0,1,0,0
9136,4.1514,0.5771,412,723,0,0,1,0,0
9137,4.1508,0.6432,411,723,0,0,1,0,0
9138,4.1507,0.4494,411,723,0,0,1,0,0
9139,4.1517,0.7507,410,723,0,0,1,0,0
9140,4.1952,0.7176,410,723,0,0,1,0,0
9141,4.1309,0.4305,409,723,0,0,1,0,0
9142,4.1812,0.475,408,723,0,0,1,0,0
9143,4.1693,0.7485,408,723,0,0,1,0,0
9144,4.1145,0.7287,408,723,0,0,1,0,0
9145,4.239,0.4815,408,723,0,0,1,0,0
9146,4.1338,0.4933,407,723,0,0,1,0,0
9147,4.1348,0.4886,407,723,0,0,1,0,0
9148,4.2082,0.5094,407,723,0,0,1,0,0
9149,4.1833,0.5012,406,723,0,0,1,0,0
9150,4.2031,0.6497,405,723,0,0,1,0,0
9151,4.0901,0.4395,403,723,0,0,1,0,0
9152,4.3178,0.4484,401,723,0,0,1,0,0
9153,4.0222,0.4378,399,723,0,0,1,0,0
9154,4.1552,0.458,399,723,0,0,1,0,0
9155,4.2265,0.4671,397,723,0,0,1,0,0
9156,4.1802,0.524,395,723,0,0,1,0,0
9157,4.1325,0.592,395,723,0,0,1,0,0
9158,4.1477,0.4357,395,723,0,0,1,0,0
9159,4.2154,0.4707,392,723,0,0,1,0,0
9160,4.1492,0.4442,392,723,0,0,1,0,0
9161,4.1569,0.5167,391,723,0,0,1,0,0
9162,4.215,0.4548,391,723,0,0,1,0,0
9163,4.135,0.6721,390,723,0,0,1,0,0
9164,4.1559,0.7486,389,723,0,0,1,0,0
9165,4.2038,0.4087,388,723,0,0,1,0,0
9166,4.168,0.4876,387,723,0,0,1,0,0
9167,4.1592,0.4528,385,723,0,0,1,0,0
9168,4.1048,0.4264,385,723,0,0,1,0,0
9169,4.2106,0.7115,385,723,0,0,1,0,0
9170,4.1288,0.6474,377,723,0,0,1,0,0
9171,4.1096,0.3939,377,723,0,0,1,0,0
9172,4.3146,0.4837,376,723,0,0,1,0,0
9173,4.1516,0.4597,376,723,0,0,1,0,0
9174,4.1581,0.4486,376,723,0,0,1,0,0
9175,4.1062,0.4366,426,723,0,0,1,0,0
9176,4.1643,0.4607,425,723,0,0,1,0,0
9177,4.1603,0.4994,425,723,0,0,1,0,0
9178,4.4128,0.6725,423,723,0,0,1,0,0
9179,3.9791,0.5717,420,723,0,0,1,0,0
9180,4.17,0.4954,419,723,0,0,1,0,0
9181,4.1028,0.4793,418,723,0,0,1,0,0
9182,4.1411,0.4684,417,723,0,0,1,0,0
9183,4.1715,0.7996,417,723,0,0,1,0,0
9184,4.201,0.6743,417,723,0,0,1,0,0
9185,4.2302,0.4978,416,723,0,0,1,0,0
9186,4.1196,0.4853,416,723,0,0,1,0,0
9187,4.1076,0.4559,415,723,0,0,1,0,0
9188,4.2628,0.691,415,723,0,0,1,0,0
9189,4.1139,0.509,414,723,0,0,1,0,0
9190,4.4164,0.7471,413,723,0,0,1,0,0
9191,4.288,0.6006,413,723,0,0,1,0,0
9192,3.8568,0.5097,412,723,0,0,1,0,0
9193,4.1018,0.4976,411,723,0,0,1,0,0
9194,4.1345,0.5469,410,723,0,0,1,0,0
9195,4.1857,0.454,409,723,0,0,1,0,0
9196,4.3611,0.4427,408,723,0,0,1,0,0
9197,4.2697,0.6158,408,723,0,0,1,0,0
9198,3.8941,0.5248,408,723,0,0,1,0,0
9199,4.5264,0.7418,408,723,0,0,1,0,0
9200,3.7596,0.428,407,723,0,0,1,0,0
9201,4.2067,0.4263,407,723,0,0,1,0,0
9202,4.2806,0.677,407,723,0,0,1,0,0
9203,4.0606,0.5307,407,723,0,0,1,0,0
9204,4.54,0.6615,405,723,0,0,1,0,0
9205,3.8012,0.5942,405,723,0,0,1,0,0
9206,4.1644,0.5192,405,723,0,0,1,0,0
9207,4.3873,0.5063,405,723,0,0,1,0,0
9208,3.9925,0.5183,405,723,0,0,1,0,0
9209,4.2741,0.5341,405,723,0,0,1,0,0
9210,4.2995,0.4913,404,723,0,0,1,0,0
9211,3.9274,0.4846,404,723,0,0,1,0,0
9212,4.1535,0.498,404,723,0,0,1,0,0
9213,4.1192,0.4658,404,723,0,0,1,0,0
9214,4.396,0.6705,404,723,0,0,1,0,0
9215,3.9715,0.705,404,723,0,0,1,0,0
9216,4.201,0.551,403,723,0,0,1,0,0
9217,4.1244,0.4961,401,723,0,0,1,0,0
9218,4.1372,0.4303,401,723,0,0,1,0,0
9219,4.1613,0.4208,399,723,0,0,1,0,0
9220,4.2544,0.7072,398,723,0,0,1,0,0
9221,4.2621,0.6735,398,723,0,0,1,0,0
9222,4.2205,0.6154,398,723,0,0,1,0,0
9223,4.266,0.6906,398,723,0,0,1,0,0
9224,3.7962,0.4713,398,723,0,0,1,0,0
9225,4.2136,0.4838,397,723,0,0,1,0,0
9226,4.3771,0.6601,396,723,0,0,1,0,0
9227,4.0414,0.7469,396,723,0,0,1,0,0
9228,4.1648,0.5348,396,723,0,0,1,0,0
9229,4.1077,0.5002,396,723,0,0,1,0,0
9230,4.121,0.4783,395,723,0,0,1,0,0
9231,4.5058,0.7091,394,723,0,0,1,0,0
9232,4.0708,0.5487,393,723,0,0,1,0,0
9233,4.0453,0.7733,392,723,0,0,1,0,0
9234,4.2387,0.6113,392,723,0,0,1,0,0
9235,4.2764,0.5669,392,723,0,0,1,0,0
9236,3.8727,0.4898,392,723,0,0,1,0,0
9237,4.1788,0.5292,385,723,0,0,1,0,0
9238,4.184,0.6055,385,723,0,0,1,0,0
9239,4.2139,0.4904,383,723,0,0,1,0,0
9240,4.2415,0.8186,382,723,0,0,1,0,0
9241,4.1347,0.5493,380,723,0,0,1,0,0
9242,4.0346,0.4624,379,723,0,0,1,0,0
9243,4.1622,0.8903,428,723,0,0,1,0,0
9244,4.5456,0.4998,428,723,0,0,1,0,0
9245,3.8486,0.7032,427,723,0,0,1,0,0
9246,4.2582,0.7002,426,723,0,0,1,0,0
9247,4.0541,0.4357,426,723,0,0,1,0,0
9248,4.1307,0.4559,426,723,0,0,1,0,0
9249,4.1737,0.4588,425,723,0,0,1,0,0
9250,4.1997,0.4642,425,723,0,0,1,0,0
9251,4.1823,0.437,423,723,0,0,1,0,0
9252,4.2045,0.4729,422,723,0,0,1,0,0
9253,4.1525,0.5849,422,723,0,0,1,0,0
9254,4.1214,0.5152,422,723,0,0,1,0,0
9255,4.5662,0.6765,420,723,0,0,1,0,0
9256,3.7718,0.5201,420,723,0,0,1,0,0
9257,4.2207,0.5745,419,723,0,0,1,0,0
9258,4.1575,0.4506,417,723,0,0,1,0,0
9259,4.0868,0.8007,417,723,0,0,1,0,0
9260,4.225,0.5098,417,723,0,0,1,0,0
9261,4.1191,0.4367,416,723,0,0,1,0,0
9262,4.5637,0.6824,416,723,0,0,1,0,0
9263,3.8351,0.4427,416,723,0,0,1,0,0
9264,4.2037,0.6881,415,723,0,0,1,0,0
9265,4.1257,0.7885,415,723,0,0,1,0,0
9266,4.1265,0.4953,415,723,0,0,1,0,0
9267,4.1093,0.4838,415,723,0,0,1,0,0
9268,4.287,0.5913,415,723,0,0,1,0,0
9269,4.1596,0.5292,415,723,0,0,1,0,0
9270,4.1065,0.5432,415,723,0,0,1,0,0
9271,4.18,0.733,414,723,0,0,1,0,0
9272,4.1703,0.4509,414,723,0,0,1,0,0
9273,4.1814,0.6526,414,723,0,0,1,0,0
9274,4.5568,0.6262,412,723,0,0,1,0,0
9275,3.8194,0.4613,412,723,0,0,1,0,0
9276,4.0907,0.6265,412,723,0,0,1,0,0
9277,4.1828,0.6756,412,723,0,0,1,0,0
9278,4.1557,0.6535,412,723,0,0,1,0,0
9279,4.2269,0.4721,410,723,0,0,1,0,0
9280,4.526,0.544,408,723,0,0,1,0,0
9281,3.7573,0.4935,408,723,0,0,1,0,0
9282,4.1769,0.4398,406,723,0,0,1,0,0
9283,4.1381,0.7003,404,723,0,0,1,0,0
9284,4.3032,0.7407,404,723,0,0,1,0,0
9285,4.0515,0.5333,403,723,0,0,1,0,0
9286,4.2114,0.5557,403,723,0,0,1,0,0
9287,4.1973,0.5363,403,723,0,0,1,0,0
9288,4.1365,0.506,403,723,0,0,1,0,0
9289,4.145,0.6766,403,723,0,0,1,0,0
9290,4.1733,0.74,403,723,0,0,1,0,0
9291,4.0809,0.4911,402,723,0,0,1,0,0
9292,4.2699,0.7747,400,723,0,0,1,0,0
9293,4.1829,0.4887,399,723,0,0,1,0,0
9294,4.1166,0.4924,397,723,0,0,1,0,0
9295,4.1622,0.4407,397,723,0,0,1,0,0
9296,4.1231,0.4622,396,723,0,0,1,0,0
9297,4.2,0.4379,395,723,0,0,1,0,0
9298,4.1729,0.5107,394,723,0,0,1,0,0
9299,4.2105,0.5296,393,723,0,0,1,0,0
9300,4.1789,0.4667,393,723,0,0,1,0,0
9301,4.1418,0.5242,392,723,0,0,1,0,0
9302,4.1028,0.4419,391,723,0,0,1,0,0
9303,4.2024,0.4386,391,723,0,0,1,0,0
9304,4.1936,0.477,383,723,0,0,1,0,0
9305,4.1926,0.5106,382,723,0,0,1,0,0
9306,4.1258,0.4765,381,723,0,0,1,0,0
9307,4.1447,0.4223,381,723,0,0,1,0,0
9308,4.2248,0.6221,379,723,0,0,1,0,0
9309,4.1102,0.4905,379,723,0,0,1,0,0
9310,4.4033,0.6569,428,723,0,0,1,0,0
9311,4.0064,0.5105,427,723,0,0,1,0,0
9312,4.161,0.5109,426,723,0,0,1,0,0
9313,4.121,0.4637,425,723,0,0,1,0,0
9314,4.1799,0.823,422,723,0,0,1,0,0
9315,4.0867,0.422,422,723,0,0,1,0,0
9316,4.2612,0.6404,421,723,0,0,1,0,0
9317,4.5524,0.6909,420,723,0,0,1,0,0
9318,3.7092,0.4602,420,723,0,0,1,0,0
9319,4.2591,0.6373,420,723,0,0,1,0,0
9320,4.0682,0.47,418,723,0,0,1,0,0
9321,4.192,0.5048,418,723,0,0,1,0,0
9322,4.2096,0.7675,418,723,0,0,1,0,0
9323,4.1907,0.5048,417,723,0,0,1,0,0
9324,4.1687,0.4979,414,723,0,0,1,0,0
9325,4.1817,0.5121,414,723,0,0,1,0,0
9326,4.0882,0.5526,414,723,0,0,1,0,0
9327,4.258,0.7444,413,723,0,0,1,0,0
9328,4.1778,0.6277,413,723,0,0,1,0,0
9329,4.211,0.4963,413,723,0,0,1,0,0
9330,4.4468,0.4722,413,723,0,0,1,0,0
9331,3.7428,0.424,413,723,0,0,1,0,0
9332,4.2326,0.4586,412,723,0,0,1,0,0
9333,4.0993,0.4318,411,723,0,0,1,0,0
9334,4.1949,0.7731,411,723,0,0,1,0,0
9335,4.1913,0.5269,409,723,0,0,1,0,0
9336,4.1472,0.5479,408,723,0,0,1,0,0
9337,4.117,0.4821,406,723,0,0,1,0,0
9338,4.1703,0.5899,405,723,0,0,1,0,0
9339,4.1444,0.4932,405,723,0,0,1,0,0
9340,4.3406,0.7157,405,723,0,0,1,0,0
9341,4.1053,0.5698,405,723,0,0,1,0,0
9342,4.1143,0.541,405,723,0,0,1,0,0
9343,4.5678,0.4524,403,723,0,0,1,0,0
9344,3.7265,0.4478,403,723,0,0,1,0,0
9345,4.1712,0.4676,402,723,0,0,1,0,0
9346,4.211,0.6203,402,723,0,0,1,0,0
9347,4.3061,0.6934,402,723,0,0,1,0,0
9348,4.039,0.479,401,723,0,0,1,0,0
9349,4.164,0.4904,400,723,0,0,1,0,0
9350,4.1255,0.44,400,723,0,0,1,0,0
9351,4.2395,0.4421,398,723,0,0,1,0,0
9352,4.2028,0.4852,397,723,0,0,1,0,0
9353,4.0947,0.7376,396,723,0,0,1,0,0
9354,4.1939,0.5027,396,723,0,0,1,0,0
9355,4.2022,0.4866,396,723,0,0,1,0,0
9356,4.1373,0.4661,396,723,0,0,1,0,0
9357,4.0763,0.4275,395,723,0,0,1,0,0
9358,4.1949,0.5294,394,723,0,0,1,0,0
9359,4.2494,0.4278,393,723,0,0,1,0,0
9360,4.4682,0.8516,392,723,0,0,1,0,0
9361,4.1232,0.6317,391,723,0,0,1,0,0
9362,3.836,0.4413,388,723,0,0,1,0,0
9363,4.162,0.406,388,723,0,0,1,0,0
9364,4.4274,0.4338,388,723,0,0,1,0,0
9365,3.9632,0.4235,387,723,0,0,1,0,0
9366,4.2695,0.6371,387,723,0,0,1,0,0
9367,4.365,0.6649,386,723,0,0,1,0,0
9368,3.7713,0.4182,386,723,0,0,1,0,0
9369,4.2002,0.4176,386,723,0,0,1,0,0
9370,4.4248,0.4873,385,723,0,0,1,0,0
9371,3.964,0.4082,378,723,0,0,1,0,0
9372,4.1442,0.7647,378,723,0,0,1,0,0
9373,4.2837,0.4758,378,723,0,0,1,0,0
9374,4.0128,0.4164,378,723,0,0,1,0,0
9375,4.2094,0.4637,378,723,0,0,1,0,0
9376,4.1837,0.4728,376,723,0,0,1,0,0
9377,4.3206,0.4523,426,723,0,0,1,0,0
9378,4.0522,0.7376,426,723,0,0,1,0,0
9379,4.3381,0.5986,426,723,0,0,1,0,0
9380,4.2677,0.4459,426,723,0,0,1,0,0
9381,3.8022,0.5211,426,723,0,0,1,0,0
9382,4.1815,0.66,426,723,0,0,1,0,0
9383,4.2124,0.4945,425,723,0,0,1,0,0
9384,4.3082,0.8081,424,723,0,0,1,0,0
9385,4.2105,0.6273,422,723,0,0,1,0,0
9386,3.9209,0.4742,421,723,0,0,1,0,0
9387,4.229,0.4941,421,723,0,0,1,0,0
9388,4.1175,0.4287,420,723,0,0,1,0,0
9389,4.2083,0.6212,420,723,0,0,1,0,0
9390,4.1336,0.4249,419,723,0,0,1,0,0
9391,4.1361,0.7705,418,723,0,0,1,0,0
9392,4.1639,0.4689,417,723,0,0,1,0,0
9393,4.188,0.5126,417,723,0,0,1,0,0
9394,4.2169,0.5565,417,723,0,0,1,0,0
9395,4.1452,0.4881,417,723,0,0,1,0,0
9396,4.1427,0.4507,414,723,0,0,1,0,0
9397,4.1843,0.6956,414,723,0,0,1,0,0
9398,4.1349,0.4467,413,723,0,0,1,0,0
9399,4.6042,0.6949,409,723,0,0,1,0,0
9400,3.8024,0.5536,408,723,0,0,1,0,0
9401,4.166,0.4816,407,723,0,0,1,0,0
9402,4.1178,0.4321,407,723,0,0,1,0,0
9403,4.1966,0.7392,407,723,0,0,1,0,0
9404,4.1468,0.4816,406,723,0,0,1,0,0
9405,4.1327,0.4435,406,723,0,0,1,0,0
9406,4.5464,0.6325,405,723,0,0,1,0,0
9407,3.8007,0.4423,403,723,0,0,1,0,0
9408,4.1535,0.664,402,723,0,0,1,0,0
9409,4.2209,0.6606,402,723,0,0,1,0,0
9410,4.1514,0.7016,402,723,0,0,1,0,0
9411,4.0982,0.4668,400,723,0,0,1,0,0
9412,4.2081,0.5111,399,723,0,0,1,0,0
9413,4.1652,0.5379,398,723,0,0,1,0,0
9414,4.144,0.5774,396,723,0,0,1,0,0
9415,4.2712,0.7343,394,723,0,0,1,0,0
9416,4.0776,0.4879,394,723,0,0,1,0,0
9417,4.1639,0.519,393,723,0,0,1,0,0
9418,4.637,0.5182,392,723,0,0,1,0,0
9419,4.0547,0.5116,392,723,0,0,1,0,0
9420,3.8872,0.6602,391,723,0,0,1,0,0
9421,4.1308,0.6994,391,723,0,0,1,0,0
9422,4.1157,0.5051,387,723,0,0,1,0,0
9423,4.2012,0.5541,387,723,0,0,1,0,0
9424,4.2211,0.5879,387,723,0,0,1,0,0
9425,4.4833,0.5688,387,723,0,0,1,0,0
9426,3.7807,0.4971,385,723,0,0,1,0,0
9427,4.1633,0.8315,385,723,0,0,1,0,0
9428,4.1484,0.7375,384,723,0,0,1,0,0
9429,4.1518,0.483,383,723,0,0,1,0,0
9430,4.2367,0.749,383,723,0,0,1,0,0
9431,4.2191,0.5275,383,723,0,0,1,0,0
9432,4.1457,0.5188,383,723,0,0,1,0,0
9433,4.1551,0.7154,382,723,0,0,1,0,0
9434,4.1155,0.7215,381,723,0,0,1,0,0
9435,4.1338,0.7955,381,723,0,0,1,0,0
9436,4.2409,0.4616,380,723,0,0,1,0,0
9437,4.1257,0.4629,380,723,0,0,1,0,0
9438,4.2149,0.4745,372,723,0,0,1,0,0
9439,4.1719,0.6952,371,723,0,0,1,0,0
9440,4.0865,0.6179,371,723,0,0,1,0,0
9441,4.1768,0.4298,371,723,0,0,1,0,0
9442,4.2159,0.4736,371,723,0,0,1,0,0
9443,4.2116,0.4588,370,723,0,0,1,0,0
9444,4.1568,0.4947,418,723,0,0,1,0,0
9445,4.1734,0.4622,418,723,0,0,1,0,0
9446,4.095,0.4944,416,723,0,0,1,0,0
9447,4.3105,0.7628,415,723,0,0,1,0,0
9448,4.0775,0.6441,414,723,0,0,1,0,0
9449,4.1737,0.6133,413,723,0,0,1,0,0
9450,4.1379,0.586,411,723,0,0,1,0,0
9451,4.1843,0.6468,411,723,0,0,1,0,0
9452,4.3765,0.4708,411,723,0,0,1,0,0
9453,3.9205,0.4576,408,723,0,0,1,0,0
9454,4.4306,0.4364,408,723,0,0,1,0,0
9455,4.2178,0.4869,408,723,0,0,1,0,0
9456,3.852,0.4353,408,723,0,0,1,0,0
9457,4.2173,0.473,406,723,0,0,1,0,0
9458,4.0795,0.4237,406,723,0,0,1,0,0
9459,4.1381,0.4156,404,723,0,0,1,0,0
9460,4.2516,0.5034,404,723,0,0,1,0,0
9461,4.3951,0.5804,404,723,0,0,1,0,0
9462,4.2569,0.4639,404,723,0,0,1,0,0
9463,3.9093,0.4777,403,723,0,0,1,0,0
9464,4.0599,0.4454,402,723,0,0,1,0,0
9465,4.1535,0.4303,400,723,0,0,1,0,0
9466,4.1634,0.6569,400,723,0,0,1,0,0
9467,4.2371,0.8485,400,723,0,0,1,0,0
9468,4.5041,0.7627,400,723,0,0,1,0,0
9469,4.1417,0.5353,400,723,0,0,1,0,0
9470,3.776,0.5639,400,723,0,0,1,0,0
9471,4.1722,0.5233,399,723,0,0,1,0,0
9472,4.1484,0.5587,397,723,0,0,1,0,0
9473,4.5166,0.6884,397,723,0,0,1,0,0
9474,4.1947,0.7692,397,723,0,0,1,0,0
9475,3.8745,0.4708,396,723,0,0,1,0,0
9476,4.4675,0.6008,395,723,0,0,1,0,0
9477,3.818,0.4558,394,723,0,0,1,0,0
9478,4.236,0.6523,392,723,0,0,1,0,0
9479,4.1359,0.4764,392,723,0,0,1,0,0
9480,4.5538,0.6388,392,723,0,0,1,0,0
9481,4.1608,0.8418,391,723,0,0,1,0,0
9482,3.7939,0.6599,389,723,0,0,1,0,0
9483,4.1922,0.6827,389,723,0,0,1,0,0
9484,4.7775,0.4467,388,723,0,0,1,0,0
9485,3.4946,0.4511,388,723,0,0,1,0,0
9486,4.2125,0.4384,388,723,0,0,1,0,0
9487,4.1913,0.4872,386,723,0,0,1,0,0
9488,4.0715,0.4137,385,723,0,0,1,0,0
9489,4.1711,0.4259,385,723,0,0,1,0,0
9490,4.2126,0.6548,384,723,0,0,1,0,0
9491,4.398,0.6996,381,723,0,0,1,0,0
9492,3.9626,0.4698,380,723,0,0,1,0,0
9493,4.1673,0.5326,380,723,0,0,1,0,0
9494,4.1425,0.4186,380,723,0,0,1,0,0
9495,4.4542,0.4332,378,723,0,0,1,0,0
9496,3.9129,0.4078,377,723,0,0,1,0,0
9497,4.1919,0.4251,376,723,0,0,1,0,0
9498,4.2681,0.6718,376,723,0,0,1,0,0
9499,4.066,0.46,375,723,0,0,1,0,0
9500,4.4831,0.4289,375,723,0,0,1,0,0
9501,3.7757,0.4295,374,723,0,0,1,0,0
9502,4.1838,0.458,374,723,0,0,1,0,0
9503,4.2158,0.4262,374,723,0,0,1,0,0
9504,4.151,0.6528,373,723,0,0,1,0,0
9505,4.2868,0.4847,373,723,0,0,1,0,0
9506,3.9979,0.4221,366,723,0,0,1,0,0
9507,4.1552,0.4253,364,723,0,0,1,0,0
9508,4.2074,0.4181,364,723,0,0,1,0,0
9509,4.1643,0.5535,362,723,0,0,1,0,0
9510,4.2734,0.7662,362,723,0,0,1,0,0
9511,4.0711,0.6545,412,723,0,0,1,0,0
9512,4.1222,0.4454,411,723,0,0,1,0,0
9513,4.1454,0.4464,411,723,0,0,1,0,0
9514,4.2622,0.4731,411,723,0,0,1,0,0
9515,4.1393,0.4398,410,723,0,0,1,0,0
9516,4.1137,0.4399,408,723,0,0,1,0,0
9517,4.2567,0.7312,408,723,0,0,1,0,0
9518,4.1577,0.6672,408,723,0,0,1,0,0
9519,4.1663,0.5065,408,723,0,0,1,0,0
9520,4.1378,0.5173,407,723,0,0,1,0,0
9521,4.6205,0.6814,406,723,0,0,1,0,0
9522,3.8873,0.7395,405,723,0,0,1,0,0
9523,3.9607,0.4871,405,723,0,0,1,0,0
9524,4.2774,0.5785,405,723,0,0,1,0,0
9525,4.034,0.4999,405,723,0,0,1,0,0
9526,4.261,0.5568,405,723,0,0,1,0,0
9527,4.1452,0.5439,405,723,0,0,1,0,0
9528,4.1492,0.626,404,723,0,0,1,0,0
9529,4.1626,0.7834,403,723,0,0,1,0,0
9530,4.188,0.6772,402,723,0,0,1,0,0
9531,4.1045,0.4379,401,723,0,0,1,0,0
9532,4.192,0.4414,401,723,0,0,1,0,0
9533,4.2191,0.5265,401,723,0,0,1,0,0
9534,4.3313,0.4387,401,723,0,0,1,0,0
9535,3.919,0.4239,401,723,0,0,1,0,0
9536,4.162,0.423,401,723,0,0,1,0,0
9537,4.1643,0.413,401,723,0,0,1,0,0
9538,4.1831,0.4185,399,723,0,0,1,0,0
9539,4.2359,0.4785,399,723,0,0,1,0,0
9540,4.171,0.6583,399,723,0,0,1,0,0
9541,4.1107,0.4554,397,723,0,0,1,0,0
9542,4.2235,0.7082,397,723,0,0,1,0,0
9543,4.4522,0.6027,397,723,0,0,1,0,0
9544,3.8266,0.5026,396,723,0,0,1,0,0
9545,4.7396,0.4822,396,723,0,0,1,0,0
9546,3.5499,0.5079,395,723,0,0,1,0,0
9547,4.2542,0.7653,393,723,0,0,1,0,0
9548,4.1503,0.821,391,723,0,0,1,0,0
9549,4.1137,0.4854,391,723,0,0,1,0,0
9550,4.5176,0.4874,391,723,0,0,1,0,0
9551,3.9063,0.679,391,723,0,0,1,0,0
9552,4.135,0.7606,390,723,0,0,1,0,0
9553,4.1523,0.7935,388,723,0,0,1,0,0
9554,4.1932,0.739,387,723,0,0,1,0,0
9555,4.0944,0.4992,385,723,0,0,1,0,0
9556,4.2117,0.5356,383,723,0,0,1,0,0
9557,4.5201,0.5384,383,723,0,0,1,0,0
9558,3.8319,0.5125,383,723,0,0,1,0,0
9559,4.1737,0.7305,383,723,0,0,1,0,0
9560,4.0737,0.4536,382,723,0,0,1,0,0
9561,4.211,0.4813,382,723,0,0,1,0,0
9562,4.1836,0.5627,381,723,0,0,1,0,0
9563,4.1663,0.479,381,723,0,0,1,0,0
9564,4.2185,0.5053,380,723,0,0,1,0,0
9565,4.1774,0.4749,380,723,0,0,1,0,0
9566,4.1062,0.6638,378,723,0,0,1,0,0
9567,4.277,0.7584,378,723,0,0,1,0,0
9568,4.1084,0.6249,378,723,0,0,1,0,0
9569,4.1611,0.5094,377,723,0,0,1,0,0
9570,4.1394,0.5081,376,723,0,0,1,0,0
9571,4.1936,0.5712,375,723,0,0,1,0,0
9572,4.3262,0.4344,374,723,0,0,1,0,0
9573,3.9421,0.4094,367,723,0,0,1,0,0
9574,4.2409,0.4564,365,723,0,0,1,0,0
9575,4.1813,0.4601,363,723,0,0,1,0,0
9576,4.1547,0.463,363,723,0,0,1,0,0
9577,4.1112,0.4368,361,723,0,0,1,0,0
9578,4.1624,0.6566,410,723,0,0,1,0,0
9579,4.1452,0.4424,410,723,0,0,1,0,0
9580,4.2017,0.4393,409,723,0,0,1,0,0
9581,4.2086,0.4885,409,723,0,0,1,0,0
9582,4.1433,0.4722,409,723,0,0,1,0,0
9583,4.1729,0.6962,408,723,0,0,1,0,0
9584,4.1201,0.4555,408,723,0,0,1,0,0
9585,4.1401,0.4414,407,723,0,0,1,0,0
9586,4.2092,0.7157,407,723,0,0,1,0,0
9587,4.2119,0.6094,407,723,0,0,1,0,0
9588,4.1745,0.5504,407,723,0,0,1,0,0
9589,4.1626,0.6217,407,723,0,0,1,0,0
9590,4.1187,0.5021,407,723,0,0,1,0,0
9591,4.2276,0.6811,406,723,0,0,1,0,0
9592,4.1008,0.4661,406,723,0,0,1,0,0
9593,4.6489,0.5024,405,723,0,0,1,0,0
9594,4.0847,0.5136,405,723,0,0,1,0,0
9595,3.848,0.4834,405,723,0,0,1,0,0
9596,4.1348,0.7095,404,723,0,0,1,0,0
9597,4.1107,0.4517,403,723,0,0,1,0,0
9598,4.3457,0.4314,403,723,0,0,1,0,0
9599,4.052,0.658,402,723,0,0,1,0,0
9600,4.1235,0.5937,400,723,0,0,1,0,0
9601,4.2087,0.5656,400,723,0,0,1,0,0
9602,4.1063,0.4927,400,723,0,0,1,0,0
9603,4.1137,0.5373,400,723,0,0,1,0,0
9604,4.3022,0.4612,400,723,0,0,1,0,0
9605,4.1397,0.4333,400,723,0,0,1,0,0
9606,4.1831,0.4968,400,723,0,0,1,0,0
9607,4.1576,0.4816,400,723,0,0,1,0,0
9608,4.0892,0.4343,400,723,0,0,1,0,0
9609,4.182,0.443,399,723,0,0,1,0,0
9610,4.2181,0.4534,399,723,0,0,1,0,0
9611,4.1322,0.4611,399,723,0,0,1,0,0
9612,4.1928,0.5316,399,723,0,0,1,0,0
9613,4.2013,0.5294,399,723,0,0,1,0,0
9614,4.1039,0.4697,398,723,0,0,1,0,0
9615,4.1868,0.5592,397,723,0,0,1,0,0
9616,4.2202,0.5562,397,723,0,0,1,0,0
9617,4.6955,0.5878,397,723,0,0,1,0,0
9618,3.5127,0.5486,394,723,0,0,1,0,0
9619,4.5906,0.687,393,723,0,0,1,0,0
9620,3.8204,0.5381,391,723,0,0,1,0,0
9621,4.1269,0.4839,391,723,0,0,1,0,0
9622,4.4188,0.5027,390,723,0,0,1,0,0
9623,3.9771,0.5155,388,723,0,0,1,0,0
9624,4.149,0.543,387,723,0,0,1,0,0
9625,4.2043,0.5345,387,723,0,0,1,0,0
9626,4.1095,0.6395,386,723,0,0,1,0,0
9627,4.1443,0.492,386,723,0,0,1,0,0
9628,4.2342,0.722,385,723,0,0,1,0,0
9629,4.1523,0.7113,383,723,0,0,1,0,0
9630,4.1124,0.717,383,723,0,0,1,0,0
9631,4.1606,0.7305,383,723,0,0,1,0,0
9632,4.6107,0.4732,382,723,0,0,1,0,0
9633,3.717,0.4303,381,723,0,0,1,0,0
9634,4.1518,0.5716,381,723,0,0,1,0,0
9635,4.1952,0.4831,381,723,0,0,1,0,0
9636,4.2193,0.8015,380,723,0,0,1,0,0
9637,4.1771,0.5121,380,723,0,0,1,0,0
9638,4.1297,0.4276,379,723,0,0,1,0,0
9639,4.1352,0.4174,379,723,0,0,1,0,0
9640,4.2299,0.4383,370,723,0,0,1,0,0
9641,4.0954,0.5893,369,723,0,0,1,0,0
9642,4.2949,0.6865,369,723,0,0,1,0,0
9643,4.1168,0.4968,368,723,0,0,1,0,0
9644,4.1152,0.4044,368,723,0,0,1,0,0
9645,4.1398,0.4078,367,723,0,0,1,0,0
9646,4.1673,0.4642,417,723,0,0,1,0,0
9647,4.1738,0.4407,415,723,0,0,1,0,0
9648,4.1641,0.4737,415,723,0,0,1,0,0
9649,4.1646,0.6188,414,723,0,0,1,0,0
9650,4.2049,0.4395,413,723,0,0,1,0,0
9651,4.1583,0.4248,412,723,0,0,1,0,0
9652,4.1796,0.4547,412,723,0,0,1,0,0
9653,4.1422,0.5967,412,723,0,0,1,0,0
9654,4.1718,0.4919,412,723,0,0,1,0,0
9655,4.1822,0.696,412,723,0,0,1,0,0
9656,4.5746,0.4774,411,723,0,0,1,0,0
9657,3.7549,0.5189,411,723,0,0,1,0,0
9658,4.1266,0.4786,411,723,0,0,1,0,0
9659,4.1951,0.4611,411,723,0,0,1,0,0
9660,4.2192,0.6239,410,723,0,0,1,0,0
9661,4.2187,0.8811,409,723,0,0,1,0,0
9662,4.1365,0.7165,408,723,0,0,1,0,0
9663,4.1023,0.4536,408,723,0,0,1,0,0
9664,4.1853,0.4781,408,723,0,0,1,0,0
9665,4.1519,0.4779,408,723,0,0,1,0,0
9666,4.1516,0.4329,408,723,0,0,1,0,0
9667,4.1718,0.4265,406,723,0,0,1,0,0
9668,4.4366,0.6667,406,723,0,0,1,0,0
9669,3.9038,0.4209,405,723,0,0,1,0,0
9670,4.1843,0.4223,404,723,0,0,1,0,0
9671,4.1456,0.4407,404,723,0,0,1,0,0
9672,4.1569,0.78,404,723,0,0,1,0,0
9673,4.2037,0.6327,404,723,0,0,1,0,0
9674,4.1725,0.6929,403,723,0,0,1,0,0
9675,4.1304,0.4708,402,723,0,0,1,0,0
9676,4.1915,0.4555,402,723,0,0,1,0,0
9677,4.2025,0.596,402,723,0,0,1,0,0
9678,4.1635,0.5059,400,723,0,0,1,0,0
9679,4.1592,0.7161,400,723,0,0,1,0,0
9680,4.1445,0.822,397,723,0,0,1,0,0
9681,4.1084,0.4808,397,723,0,0,1,0,0
9682,4.1985,0.4843,395,723,0,0,1,0,0
9683,4.2313,0.5677,395,723,0,0,1,0,0
9684,4.154,0.6059,395,723,0,0,1,0,0
9685,4.1581,0.528,395,723,0,0,1,0,0
9686,4.1475,0.738,394,723,0,0,1,0,0
9687,4.1941,0.6789,394,723,0,0,1,0,0
9688,4.1737,0.6191,392,723,0,0,1,0,0
9689,4.739,0.4968,392,723,0,0,1,0,0
9690,3.5855,0.4963,392,723,0,0,1,0,0
9691,4.1671,0.4448,392,723,0,0,1,0,0
9692,4.1728,0.4459,389,723,0,0,1,0,0
9693,4.1154,0.4388,389,723,0,0,1,0,0
9694,4.1296,0.4449,389,723,0,0,1,0,0
9695,4.1936,0.4392,388,723,0,0,1,0,0
9696,4.207,0.5586,388,723,0,0,1,0,0
9697,4.19,0.6598,388,723,0,0,1,0,0
9698,4.1068,0.4531,387,723,0,0,1,0,0
9699,4.2076,0.6537,386,723,0,0,1,0,0
9700,4.1818,0.4792,385,723,0,0,1,0,0
9701,4.1718,0.5009,385,723,0,0,1,0,0
9702,4.1398,0.479,385,723,0,0,1,0,0
9703,4.5026,0.4417,383,723,0,0,1,0,0
9704,3.7774,0.7483,383,723,0,0,1,0,0
9705,4.1903,0.6236,382,723,0,0,1,0,0
9706,4.2394,0.6024,381,723,0,0,1,0,0
9707,4.1649,0.5768,373,723,0,0,1,0,0
9708,4.1554,0.6076,373,723,0,0,1,0,0
9709,4.1639,0.5994,373,723,0,0,1,0,0
9710,4.1465,0.6761,373,723,0,0,1,0,0
9711,4.336,0.8412,373,723,0,0,1,0,0
9712,4.0115,0.5199,373,723,0,0,1,0,0
9713,4.3291,0.5317,421,723,0,0,1,0,0
9714,3.9368,0.5041,421,723,0,0,1,0,0
9715,4.2642,0.5284,418,723,0,0,1,0,0
9716,4.118,0.5048,418,723,0,0,1,0,0
9717,4.1008,0.4406,416,723,0,0,1,0,0
9718,4.5091,0.4327,416,723,0,0,1,0,0
9719,3.8874,0.4994,411,723,0,0,1,0,0
9720,4.2292,0.4705,411,723,0,0,1,0,0
9721,4.1576,0.4667,411,723,0,0,1,0,0
9722,4.0963,0.4961,411,723,0,0,1,0,0
9723,4.1379,0.4295,411,723,0,0,1,0,0
9724,4.2516,0.4636,411,723,0,0,1,0,0
9725,4.1442,0.4779,410,723,0,0,1,0,0
9726,4.202,0.7187,410,723,0,0,1,0,0
9727,4.1081,0.6348,410,723,0,0,1,0,0
9728,4.0963,0.5332,410,723,0,0,1,0,0
9729,4.2212,0.5339,410,723,0,0,1,0,0
9730,4.215,0.6236,410,723,0,0,1,0,0
9731,4.2133,0.7428,409,723,0,0,1,0,0
9732,4.1162,0.6677,408,723,0,0,1,0,0
9733,4.1754,0.5236,407,723,0,0,1,0,0
9734,4.1016,0.4487,407,723,0,0,1,0,0
9735,4.1942,0.5188,405,723,0,0,1,0,0
9736,4.1674,0.4445,404,723,0,0,1,0,0
9737,4.4448,0.4327,404,723,0,0,1,0,0
9738,3.8899,0.4883,404,723,0,0,1,0,0
9739,4.233,0.4825,404,723,0,0,1,0,0
9740,4.1305,0.5207,404,723,0,0,1,0,0
9741,4.0947,0.4168,404,723,0,0,1,0,0
9742,4.2725,0.4246,404,723,0,0,1,0,0
9743,4.1705,0.7174,404,723,0,0,1,0,0
9744,4.1449,0.5012,404,723,0,0,1,0,0
9745,4.1535,0.4726,404,723,0,0,1,0,0
9746,4.0962,0.4168,404,723,0,0,1,0,0
9747,4.1749,0.7118,403,723,0,0,1,0,0
9748,4.257,0.7364,401,723,0,0,1,0,0
9749,4.1945,0.7485,399,723,0,0,1,0,0
9750,4.1029,0.5107,399,723,0,0,1,0,0
9751,4.1404,0.4737,399,723,0,0,1,0,0
9752,4.1318,0.4744,399,723,0,0,1,0,0
9753,4.1923,0.488,399,723,0,0,1,0,0
9754,4.23,0.6329,398,723,0,0,1,0,0
9755,4.0949,0.4855,395,723,0,0,1,0,0
9756,4.1583,0.4813,395,723,0,0,1,0,0
9757,4.2147,0.5168,395,723,0,0,1,0,0
9758,4.1494,0.7588,394,723,0,0,1,0,0
9759,4.1386,0.4908,394,723,0,0,1,0,0
9760,4.2118,0.5938,393,723,0,0,1,0,0
9761,4.2642,0.526,393,723,0,0,1,0,0
9762,4.1927,0.5364,391,723,0,0,1,0,0
9763,4.0661,0.7479,390,723,0,0,1,0,0
9764,4.1455,0.5529,389,723,0,0,1,0,0
9765,4.1109,0.5137,389,723,0,0,1,0,0
9766,4.5361,0.5286,389,723,0,0,1,0,0
9767,3.9041,0.5442,386,723,0,0,1,0,0
9768,4.2715,0.7905,386,723,0,0,1,0,0
9769,4.0541,0.6373,385,723,0,0,1,0,0
9770,4.1515,0.7053,384,723,0,0,1,0,0
9771,4.0617,0.4841,383,723,0,0,1,0,0
9772,4.3199,0.6073,383,723,0,0,1,0,0
9773,4.1358,0.7654,382,723,0,0,1,0,0
9774,4.3277,0.7693,374,723,0,0,1,0,0
9775,3.9914,0.5684,373,723,0,0,1,0,0
9776,4.172,0.5974,373,723,0,0,1,0,0
9777,4.1594,0.7186,373,723,0,0,1,0,0
9778,4.5086,0.4972,373,723,0,0,1,0,0
9779,3.7836,0.5392,372,723,0,0,1,0,0
9780,4.2045,0.5046,422,723,0,0,1,0,0
9781,4.1595,1.0362,422,723,0,0,1,0,0
9782,4.3682,0.6131,422,723,0,0,1,0,0
9783,3.9729,0.5043,421,723,0,0,1,0,0
9784,4.1195,0.4376,421,723,0,0,1,0,0
9785,4.3963,0.4885,421,723,0,0,1,0,0
9786,3.9696,0.4364,421,723,0,0,1,0,0
9787,4.1714,0.7727,420,723,0,0,1,0,0
9788,4.2025,0.5,419,723,0,0,1,0,0
9789,4.0959,0.4296,419,723,0,0,1,0,0
9790,4.1744,0.4378,419,723,0,0,1,0,0
9791,4.2451,0.5059,418,723,0,0,1,0,0
9792,4.0724,0.4795,418,723,0,0,1,0,0
9793,4.2521,0.8337,417,723,0,0,1,0,0
9794,4.1407,0.7615,417,723,0,0,1,0,0
9795,4.1492,0.5208,416,723,0,0,1,0,0
9796,4.1391,0.4729,415,723,0,0,1,0,0
9797,4.213,0.4806,415,723,0,0,1,0,0
9798,4.1451,0.4652,415,723,0,0,1,0,0
9799,4.134,0.455,413,723,0,0,1,0,0
9800,4.2161,0.6554,412,723,0,0,1,0,0
9801,4.0921,0.432,412,723,0,0,1,0,0
9802,4.5921,0.4281,411,723,0,0,1,0,0
9803,3.8383,0.6797,410,723,0,0,1,0,0
9804,4.0762,0.6703,410,723,0,0,1,0,0
9805,4.3069,0.7031,410,723,0,0,1,0,0
9806,4.0492,0.8064,410,723,0,0,1,0,0
9807,4.4746,0.6307,409,723,0,0,1,0,0
9808,3.8714,0.5007,408,723,0,0,1,0,0
9809,4.3155,0.4894,407,723,0,0,1,0,0
9810,4.0616,0.5487,407,723,0,0,1,0,0
9811,4.1772,0.5079,407,723,0,0,1,0,0
9812,4.1346,0.7333,407,723,0,0,1,0,0
9813,4.0976,0.4513,407,723,0,0,1,0,0
9814,4.3536,0.4609,405,723,0,0,1,0,0
9815,4.4261,0.4424,404,723,0,0,1,0,0
9816,3.7507,0.644,403,723,0,0,1,0,0
9817,4.1961,0.5352,403,723,0,0,1,0,0
9818,4.1438,0.789,403,723,0,0,1,0,0
9819,4.1733,0.5589,403,723,0,0,1,0,0
9820,4.2067,0.4385,403,723,0,0,1,0,0
9821,4.1615,0.4985,402,723,0,0,1,0,0
9822,4.232,0.4699,401,723,0,0,1,0,0
9823,4.0358,0.5374,401,723,0,0,1,0,0
9824,4.229,0.4365,401,723,0,0,1,0,0
9825,4.1009,0.4176,399,723,0,0,1,0,0
9826,4.3058,0.4219,398,723,0,0,1,0,0
9827,4.1187,0.4714,396,723,0,0,1,0,0
9828,4.1722,0.5122,394,723,0,0,1,0,0
9829,4.1588,0.5611,394,723,0,0,1,0,0
9830,4.1013,0.674,394,723,0,0,1,0,0
9831,4.2354,0.7172,394,723,0,0,1,0,0
9832,4.1186,0.4252,392,723,0,0,1,0,0
9833,4.2197,0.4311,392,723,0,0,1,0,0
9834,4.1607,0.5058,392,723,0,0,1,0,0
9835,4.1657,0.7193,392,723,0,0,1,0,0
9836,4.1485,0.6016,392,723,0,0,1,0,0
9837,4.094,0.4182,390,723,0,0,1,0,0
9838,4.2184,0.4436,389,723,0,0,1,0,0
9839,4.2218,0.708,387,723,0,0,1,0,0
9840,4.1416,0.5984,386,723,0,0,1,0,0
9841,4.2038,0.4607,386,723,0,0,1,0,0
9842,4.0877,0.6903,378,723,0,0,1,0,0
9843,4.1315,0.6178,378,723,0,0,1,0,0
9844,4.2647,0.4177,377,723,0,0,1,0,0
9845,4.1665,0.464,377,723,0,0,1,0,0
9846,4.1567,0.4588,376,723,0,0,1,0,0
9847,4.192,0.5203,426,723,0,0,1,0,0
9848,4.0647,0.6179,426,723,0,0,1,0,0
9849,4.1917,0.4796,425,723,0,0,1,0,0
9850,4.277,0.7469,425,723,0,0,1,0,0
9851,4.1096,0.5775,424,723,0,0,1,0,0
9852,4.2181,0.535,422,723,0,0,1,0,0
9853,4.0868,0.501,422,723,0,0,1,0,0
9854,4.1562,0.4543,422,723,0,0,1,0,0
9855,4.2066,0.6958,422,723,0,0,1,0,0
9856,4.1267,0.4413,421,723,0,0,1,0,0
9857,4.2796,0.44,420,723,0,0,1,0,0
9858,4.103,0.4886,420,723,0,0,1,0,0
9859,4.1316,0.6155,420,723,0,0,1,0,0
9860,4.1535,0.5455,419,723,0,0,1,0,0
9861,4.1482,0.4547,419,723,0,0,1,0,0
9862,4.2824,0.4578,419,723,0,0,1,0,0
9863,4.1763,0.8391,419,723,0,0,1,0,0
9864,4.0893,0.5712,419,723,0,0,1,0,0
9865,4.2082,0.57,416,723,0,0,1,0,0
9866,4.0777,0.4761,416,723,0,0,1,0,0
9867,4.25,0.4699,415,723,0,0,1,0,0
9868,4.1738,0.4468,415,723,0,0,1,0,0
9869,4.0999,0.6544,414,723,0,0,1,0,0
9870,4.177,0.5021,413,723,0,0,1,0,0
9871,4.1155,0.4341,412,723,0,0,1,0,0
9872,4.1335,0.6086,412,723,0,0,1,0,0
9873,4.1891,0.4411,412,723,0,0,1,0,0
9874,4.2751,0.4333,412,723,0,0,1,0,0
9875,4.2796,0.7439,411,723,0,0,1,0,0
9876,3.9834,0.494,410,723,0,0,1,0,0
9877,4.1829,0.5034,410,723,0,0,1,0,0
9878,4.1611,0.5036,409,723,0,0,1,0,0
9879,4.2119,0.5392,407,723,0,0,1,0,0
9880,4.125,0.5367,406,723,0,0,1,0,0
9881,4.6921,0.455,406,723,0,0,1,0,0
9882,3.629,0.4656,405,723,0,0,1,0,0
9883,4.2181,0.5143,405,723,0,0,1,0,0
9884,4.2019,0.4877,404,723,0,0,1,0,0
9885,4.0524,0.4436,402,723,0,0,1,0,0
9886,4.1637,0.4376,402,723,0,0,1,0,0
9887,4.394,0.4464,401,723,0,0,1,0,0
9888,4.0475,0.735,400,723,0,0,1,0,0
9889,4.1378,0.4826,400,723,0,0,1,0,0
9890,4.1212,0.439,400,723,0,0,1,0,0
9891,4.2402,0.4691,400,723,0,0,1,0,0
9892,4.1052,0.4617,396,723,0,0,1,0,0
9893,4.2355,0.6069,395,723,0,0,1,0,0
9894,4.2414,0.7755,394,723,0,0,1,0,0
9895,4.0668,0.6819,392,723,0,0,1,0,0
9896,4.1994,0.5201,392,723,0,0,1,0,0
9897,4.0844,0.4335,392,723,0,0,1,0,0
9898,4.2185,0.4722,392,723,0,0,1,0,0
9899,4.1614,0.4725,392,723,0,0,1,0,0
9900,4.1615,0.7261,390,723,0,0,1,0,0
9901,4.3949,0.6398,390,723,0,0,1,0,0
9902,3.9482,0.7428,389,723,0,0,1,0,0
9903,4.4936,0.4815,389,723,0,0,1,0,0
9904,3.8353,0.5707,389,723,0,0,1,0,0
9905,4.4325,0.4824,388,723,0,0,1,0,0
9906,3.8603,0.4499,386,723,0,0,1,0,0
9907,4.4195,0.7703,386,723,0,0,1,0,0
9908,4.3652,0.5196,386,723,0,0,1,0,0
9909,3.6727,0.4752,379,723,0,0,1,0,0
9910,4.3563,0.5461,377,723,0,0,1,0,0
9911,4.0657,0.5503,377,723,0,0,1,0,0
9912,4.0979,0.4736,376,723,0,0,1,0,0
9913,4.2414,0.8353,375,723,0,0,1,0,0
9914,4.1635,0.7568,424,723,0,0,1,0,0
9915,4.0963,0.6964,424,723,0,0,1,0,0
9916,4.1993,0.4799,424,723,0,0,1,0,0
9917,4.1749,0.491,423,723,0,0,1,0,0
9918,4.1748,0.4622,423,723,0,0,1,0,0
9919,4.1361,0.442,423,723,0,0,1,0,0
9920,4.1967,0.5832,422,723,0,0,1,0,0
9921,4.1316,0.4499,419,723,0,0,1,0,0
9922,4.1866,0.4968,418,723,0,0,1,0,0
9923,4.2461,0.4993,417,723,0,0,1,0,0
9924,4.0977,0.8831,417,723,0,0,1,0,0
9925,4.2036,0.8648,417,723,0,0,1,0,0
9926,4.1667,0.8595,417,723,0,0,1,0,0
9927,4.1741,0.5102,417,723,0,0,1,0,0
9928,4.1215,0.4403,416,723,0,0,1,0,0
9929,4.5082,0.4491,416,723,0,0,1,0,0
9930,3.8214,0.4613,414,723,0,0,1,0,0
9931,4.2022,0.6807,414,723,0,0,1,0,0
9932,4.1319,0.6376,414,723,0,0,1,0,0
9933,4.1154,0.4296,412,723,0,0,1,0,0
9934,4.2012,0.4383,412,723,0,0,1,0,0
9935,4.2243,0.5032,412,723,0,0,1,0,0
9936,4.4135,0.4988,412,723,0,0,1,0,0
9937,3.8861,1.0437,411,723,0,0,1,0,0
9938,4.1655,0.5227,411,723,0,0,1,0,0
9939,4.0988,0.4566,409,723,0,0,1,0,0
9940,4.2364,0.4565,409,723,0,0,1,0,0
9941,4.5204,0.4469,409,723,0,0,1,0,0
9942,3.7906,0.4513,409,723,0,0,1,0,0
9943,4.2213,0.6301,407,723,0,0,1,0,0
9944,4.126,0.6603,405,723,0,0,1,0,0
9945,4.1163,0.4249,405,723,0,0,1,0,0
9946,4.2474,0.4879,404,723,0,0,1,0,0
9947,4.1791,0.4993,403,723,0,0,1,0,0
9948,4.1631,0.5265,403,723,0,0,1,0,0
9949,4.144,0.6411,403,723,0,0,1,0,0
9950,4.1556,0.6917,402,723,0,0,1,0,0
9951,4.2564,0.7317,401,723,0,0,1,0,0
9952,4.0813,0.4925,401,723,0,0,1,0,0
9953,4.1368,0.5067,400,723,0,0,1,0,0
9954,4.1969,0.6821,400,723,0,0,1,0,0
9955,4.2407,0.6862,397,723,0,0,1,0,0
9956,4.1268,0.6608,396,723,0,0,1,0,0
9957,4.106,0.5002,395,723,0,0,1,0,0
9958,4.2234,0.4996,393,723,0,0,1,0,0
9959,4.1752,0.6077,393,723,0,0,1,0,0
9960,4.1683,0.5475,392,723,0,0,1,0,0
9961,4.1495,0.6263,391,723,0,0,1,0,0
9962,4.13,0.602,390,723,0,0,1,0,0
9963,4.1265,0.6373,390,723,0,0,1,0,0
9964,4.3487,0.9231,390,723,0,0,1,0,0
9965,4.3782,0.444,388,723,0,0,1,0,0
9966,4.2767,0.6227,388,723,0,0,1,0,0
9967,3.7783,0.4879,387,723,0,0,1,0,0
9968,4.1402,0.444,387,723,0,0,1,0,0
9969,4.0898,0.4597,386,723,0,0,1,0,0
9970,4.2742,0.4998,386,723,0,0,1,0,0
9971,4.1469,0.5411,385,723,0,0,1,0,0
9972,4.4774,0.6668,384,723,0,0,1,0,0
9973,3.7921,0.4809,383,723,0,0,1,0,0
9974,4.1915,0.645,383,723,0,0,1,0,0
9975,4.1848,0.6698,382,723,0,0,1,0,0
9976,4.3004,0.611,375,723,0,0,1,0,0
9977,4.0957,0.4576,374,723,0,0,1,0,0
9978,4.084,0.4871,373,723,0,0,1,0,0
9979,4.1973,0.5231,373,723,0,0,1,0,0
9980,4.1531,0.5003,372,723,0,0,1,0,0
9981,4.0951,0.4873,370,723,0,0,1,0,0
9982,4.2006,0.4885,420,723,0,0,1,0,0
9983,4.2345,0.4966,420,723,0,0,1,0,0
9984,4.4577,0.7236,420,723,0,0,1,0,0
9985,3.8104,0.6231,420,723,0,0,1,0,0
9986,4.1746,0.4627,420,723,0,0,1,0,0
9987,4.198,0.7162,420,723,0,0,1,0,0
9988,4.2965,0.4596,419,723,0,0,1,0,0
9989,4.0546,0.5491,418,723,0,0,1,0,0
9990,4.1516,0.5234,418,723,0,0,1,0,0
9991,4.2109,0.6224,417,723,0,0,1,0,0
9992,4.1092,0.4983,417,723,0,0,1,0,0
9993,4.1451,0.4503,417,723,0,0,1,0,0
9994,4.3142,0.6815,416,723,0,0,1,0,0
9995,4.1746,0.6676,415,723,0,0,1,0,0
9996,4.0629,0.5374,414,723,0,0,1,0,0
9997,4.4464,0.5983,413,723,0,0,1,0,0
9998,3.8271,0.7093,412,723,0,0,1,0,0
9999,4.3962,0.4273,412,723,0,0,1,0,0
10000,3.9629,0.4652,411,723,0,0,1,0,0
10001,4.1981,0.5021,410,723,0,0,1,0,0
10002,4.4133,0.5285,410,723,0,0,1,0,0
10003,4.2886,0.6621,407,723,0,0,1,0,0
10004,3.7785,0.5142,407,723,0,0,1,0,0
10005,4.1275,0.5477,407,723,0,0,1,0,0
10006,4.4733,0.4544,407,723,0,0,1,0,0
10007,3.9557,0.639,407,723,0,0,1,0,0
10008,4.1872,0.5593,407,723,0,0,1,0,0
10009,4.031,0.7979,406,723,0,0,1,0,0
10010,4.2023,0.4675,406,723,0,0,1,0,0
10011,4.1421,0.4671,405,723,0,0,1,0,0
10012,4.1912,0.4354,405,723,0,0,1,0,0
10013,4.2176,0.4482,404,723,0,0,1,0,0
10014,4.3502,0.6407,404,723,0,0,1,0,0
10015,3.9787,0.6626,404,723,0,0,1,0,0
10016,4.1367,0.4711,404,723,0,0,1,0,0
10017,4.1427,0.5227,404,723,0,0,1,0,0
10018,4.1897,0.544,403,723,0,0,1,0,0
10019,4.2071,0.4568,403,723,0,0,1,0,0
10020,4.1443,0.8091,403,723,0,0,1,0,0
10021,4.1905,0.5733,402,723,0,0,1,0,0
10022,4.0965,0.4591,401,723,0,0,1,0,0
10023,4.2493,0.5459,400,723,0,0,1,0,0
10024,4.1584,0.5223,400,723,0,0,1,0,0
10025,4.0618,0.4993,399,723,0,0,1,0,0
10026,4.3289,0.7341,398,723,0,0,1,0,0
10027,4.1995,0.5214,397,723,0,0,1,0,0
10028,4.0609,0.4407,397,723,0,0,1,0,0
10029,4.121,0.4462,396,723,0,0,1,0,0
10030,4.1396,0.4774,393,723,0,0,1,0,0
10031,4.2582,0.4742,390,723,0,0,1,0,0
10032,4.1409,0.6579,390,723,0,0,1,0,0
10033,4.14,0.4881,389,723,0,0,1,0,0
10034,4.1737,0.4339,389,723,0,0,1,0,0
10035,4.2019,0.495,389,723,0,0,1,0,0
10036,4.1383,0.5741,389,723,0,0,1,0,0
10037,4.1615,0.5178,388,723,0,0,1,0,0
10038,4.2061,0.4292,385,723,0,0,1,0,0
10039,4.1306,0.4296,385,723,0,0,1,0,0
10040,4.593,0.6307,384,723,0,0,1,0,0
10041,3.7193,0.4448,384,723,0,0,1,0,0
10042,4.1918,0.4572,384,723,0,0,1,0,0
10043,4.1353,0.4425,375,723,0,0,1,0,0
10044,4.4045,0.6152,375,723,0,0,1,0,0
10045,3.9788,0.7481,375,723,0,0,1,0,0
10046,4.183,0.7158,374,723,0,0,1,0,0
10047,4.3104,0.6067,373,723,0,0,1,0,0
10048,3.9837,0.5327,373,723,0,0,1,0,0
10049,4.1414,0.4568,422,723,0,0,1,0,0
10050,4.233,0.4704,421,723,0,0,1,0,0
10051,4.1591,0.7963,421,723,0,0,1,0,0
10052,4.148,0.4806,419,723,0,0,1,0,0
10053,4.1077,0.438,418,723,0,0,1,0,0
10054,4.2145,0.4755,418,723,0,0,1,0,0
10055,4.212,0.5412,418,723,0,0,1,0,0
10056,4.1586,0.7266,418,723,0,0,1,0,0
10057,4.1472,0.6635,416,723,0,0,1,0,0
10058,4.202,0.6483,416,723,0,0,1,0,0
10059,4.3616,0.5348,416,723,0,0,1,0,0
10060,3.9322,0.4647,416,723,0,0,1,0,0
10061,4.153,0.4791,415,723,0,0,1,0,0
10062,4.1321,0.451,414,723,0,0,1,0,0
10063,4.1791,0.6458,413,723,0,0,1,0,0
10064,4.3486,0.4529,413,723,0,0,1,0,0
10065,3.9865,0.4274,412,723,0,0,1,0,0
10066,4.5285,0.4623,411,723,0,0,1,0,0
10067,3.8777,0.4955,411,723,0,0,1,0,0
10068,4.4398,0.7439,410,723,0,0,1,0,0
10069,3.8962,0.6379,410,723,0,0,1,0,0
10070,4.156,0.7809,410,723,0,0,1,0,0
10071,4.1331,0.5818,409,723,0,0,1,0,0
10072,4.1644,0.4618,409,723,0,0,1,0,0
10073,4.1026,0.4544,409,723,0,0,1,0,0
10074,4.2078,0.4829,409,723,0,0,1,0,0
10075,4.479,0.6559,409,723,0,0,1,0,0
10076,3.8837,0.6362,409,723,0,0,1,0,0
10077,4.1287,0.4389,409,723,0,0,1,0,0
10078,4.14,0.4277,408,723,0,0,1,0,0
10079,4.2829,0.4892,407,723,0,0,1,0,0
10080,4.0751,0.4828,406,723,0,0,1,0,0
10081,4.3975,0.6207,406,723,0,0,1,0,0
10082,3.9198,0.4333,405,723,0,0,1,0,0
10083,4.2715,0.641,405,723,0,0,1,0,0
10084,4.1612,0.6786,405,723,0,0,1,0,0
10085,4.1512,0.5192,405,723,0,0,1,0,0
10086,4.1439,0.471,403,723,0,0,1,0,0
10087,4.1997,0.6098,402,723,0,0,1,0,0
10088,4.155,0.7696,402,723,0,0,1,0,0
10089,4.0837,0.4944,402,723,0,0,1,0,0
10090,4.2399,0.603,400,723,0,0,1,0,0
10091,4.1876,0.5956,400,723,0,0,1,0,0
10092,4.1538,0.5609,398,723,0,0,1,0,0
10093,4.1785,0.4723,398,723,0,0,1,0,0
10094,4.1295,0.4452,397,723,0,0,1,0,0
10095,4.2123,0.824,395,723,0,0,1,0,0
10096,4.144,0.4367,395,723,0,0,1,0,0
10097,4.0914,0.4628,395,723,0,0,1,0,0
10098,4.276,0.6045,395,723,0,0,1,0,0
10099,4.0851,0.4744,394,723,0,0,1,0,0
10100,4.1975,0.5375,394,723,0,0,1,0,0
10101,4.1118,0.4342,393,723,0,0,1,0,0
10102,4.6561,0.5496,390,723,0,0,1,0,0
10103,3.7287,0.4962,389,723,0,0,1,0,0
10104,4.6045,0.511,388,723,0,0,1,0,0
10105,3.7807,0.4669,387,723,0,0,1,0,0
10106,4.0984,0.588,386,723,0,0,1,0,0
10107,4.15,0.428,386,723,0,0,1,0,0
10108,4.2284,0.4647,386,723,0,0,1,0,0
10109,4.1296,0.621,386,723,0,0,1,0,0
10110,4.233,0.4816,378,723,0,0,1,0,0
10111,4.4412,0.6423,378,723,0,0,1,0,0
10112,3.8558,0.4879,378,723,0,0,1,0,0
10113,4.0985,0.4298,377,723,0,0,1,0,0
10114,4.238,0.6011,376,723,0,0,1,0,0
10115,4.1662,0.5875,375,723,0,0,1,0,0
10116,4.5041,0.6772,423,723,0,0,1,0,0
10117,3.794,0.4917,423,723,0,0,1,0,0
10118,4.1845,0.4455,423,723,0,0,1,0,0
10119,4.3648,0.623,423,723,0,0,1,0,0
10120,4.0139,0.7712,423,723,0,0,1,0,0
10121,4.1941,0.4396,423,723,0,0,1,0,0
10122,4.0859,0.5015,422,723,0,0,1,0,0
10123,4.231,0.4938,421,723,0,0,1,0,0
10124,4.0726,0.6694,420,723,0,0,1,0,0
10125,4.1726,0.5119,419,723,0,0,1,0,0
10126,4.1672,0.5004,419,723,0,0,1,0,0
10127,4.2439,0.698,418,723,0,0,1,0,0
10128,4.1821,0.636,417,723,0,0,1,0,0
10129,4.0691,0.6351,417,723,0,0,1,0,0
10130,4.162,0.4505,417,723,0,0,1,0,0
10131,4.249,0.4906,417,723,0,0,1,0,0
10132,4.1105,0.4878,417,723,0,0,1,0,0
10133,4.2455,0.7534,417,723,0,0,1,0,0
10134,4.1655,0.6141,417,723,0,0,1,0,0
10135,4.5215,0.4228,416,723,0,0,1,0,0
10136,4.1092,0.5272,415,723,0,0,1,0,0
10137,3.7675,0.4178,415,723,0,0,1,0,0
10138,4.2587,0.5031,415,723,0,0,1,0,0
10139,4.1479,0.7452,413,723,0,0,1,0,0
10140,4.1628,0.5517,412,723,0,0,1,0,0
10141,4.1713,0.5634,412,723,0,0,1,0,0
10142,4.1272,0.5276,410,723,0,0,1,0,0
10143,4.2251,0.5407,410,723,0,0,1,0,0
10144,4.1013,0.4654,410,723,0,0,1,0,0
10145,4.1052,0.465,410,723,0,0,1,0,0
10146,4.3604,0.7688,407,723,0,0,1,0,0
10147,4.0314,0.4367,407,723,0,0,1,0,0
10148,4.2206,0.5183,407,723,0,0,1,0,0
10149,4.1088,0.4451,407,723,0,0,1,0,0
10150,4.1557,0.4258,406,723,0,0,1,0,0
10151,4.2048,0.4443,406,723,0,0,1,0,0
10152,4.2449,0.654,405,723,0,0,1,0,0
10153,4.0837,0.4724,405,723,0,0,1,0,0
10154,4.1511,0.4178,404,723,0,0,1,0,0
10155,4.1516,0.4172,404,723,0,0,1,0,0
10156,4.1779,0.4154,404,723,0,0,1,0,0
10157,4.3854,0.4186,401,723,0,0,1,0,0
10158,4.014,0.427,401,723,0,0,1,0,0
10159,4.0972,0.4396,401,723,0,0,1,0,0
10160,4.2105,0.5083,401,723,0,0,1,0,0
10161,4.0949,0.423,398,723,0,0,1,0,0
10162,4.249,0.5549,396,723,0,0,1,0,0
10163,4.1834,0.4729,396,723,0,0,1,0,0
10164,4.1053,0.4611,396,723,0,0,1,0,0
10165,4.2284,0.6627,396,723,0,0,1,0,0
10166,4.1192,0.4699,396,723,0,0,1,0,0
10167,4.2062,0.5438,395,723,0,0,1,0,0
10168,4.1103,0.5223,395,723,0,0,1,0,0
10169,4.1485,0.4894,395,723,0,0,1,0,0
10170,4.1797,0.6806,395,723,0,0,1,0,0
10171,4.3386,0.7623,395,723,0,0,1,0,0
10172,4.0561,0.5607,393,723,0,0,1,0,0
10173,4.1089,0.4962,393,723,0,0,1,0,0
10174,4.1745,0.5118,392,723,0,0,1,0,0
10175,4.2391,0.5335,392,723,0,0,1,0,0
10176,4.3334,0.844,392,723,0,0,1,0,0
10177,4.0722,0.74,384,723,0,0,1,0,0
10178,4.0842,0.6134,383,723,0,0,1,0,0
10179,4.1221,0.5522,383,723,0,0,1,0,0
10180,4.1956,0.5381,382,723,0,0,1,0,0
10181,4.1373,0.5963,381,723,0,0,1,0,0
10182,4.3413,0.5133,381,723,0,0,1,0,0
10183,3.9588,0.6809,431,723,0,0,1,0,0
10184,4.1979,0.4619,431,723,0,0,1,0,0
10185,4.1512,0.4528,430,723,0,0,1,0,0
10186,4.2339,0.4939,430,723,0,0,1,0,0
10187,4.1767,0.4853,429,723,0,0,1,0,0
10188,4.0654,0.7042,429,723,0,0,1,0,0
10189,4.1444,0.7083,429,723,0,0,1,0,0
10190,4.2842,0.7544,426,723,0,0,1,0,0
10191,4.1543,0.5585,424,723,0,0,1,0,0
10192,4.1105,0.6831,421,723,0,0,1,0,0
10193,4.1487,0.5894,420,723,0,0,1,0,0
10194,4.216,0.4696,420,723,0,0,1,0,0
10195,4.1741,0.7311,419,723,0,0,1,0,0
10196,4.2049,0.6775,419,723,0,0,1,0,0
10197,4.0671,0.4316,418,723,0,0,1,0,0
10198,4.2659,0.492,418,723,0,0,1,0,0
10199,4.0973,0.4347,417,723,0,0,1,0,0
10200,4.1973,0.5222,417,723,0,0,1,0,0
10201,4.1412,0.7249,417,723,0,0,1,0,0
10202,4.2138,0.9947,417,723,0,0,1,0,0
10203,4.1102,0.515,417,723,0,0,1,0,0
10204,4.1775,0.664,415,723,0,0,1,0,0
10205,4.2174,0.4989,413,723,0,0,1,0,0
10206,4.1924,0.5417,413,723,0,0,1,0,0
10207,4.3408,0.6053,412,723,0,0,1,0,0
10208,3.9255,0.654,410,723,0,0,1,0,0
10209,4.1238,0.4298,409,723,0,0,1,0,0
10210,4.2363,0.4261,408,723,0,0,1,0,0
10211,4.1757,0.4787,406,723,0,0,1,0,0
10212,4.519,0.6963,406,723,0,0,1,0,0
10213,3.7798,0.5917,405,723,0,0,1,0,0
10214,4.2083,0.7635,402,723,0,0,1,0,0
10215,4.1259,0.7034,402,723,0,0,1,0,0
10216,4.1148,0.4628,401,723,0,0,1,0,0
10217,4.207,0.5306,401,723,0,0,1,0,0
10218,4.1908,0.5853,399,723,0,0,1,0,0
10219,4.4586,0.7355,399,723,0,0,1,0,0
10220,3.91,0.4464,399,723,0,0,1,0,0
10221,4.1181,0.4529,399,723,0,0,1,0,0
10222,4.15,0.445,399,723,0,0,1,0,0
10223,4.25,0.5455,399,723,0,0,1,0,0
10224,4.07,0.4391,398,723,0,0,1,0,0
10225,4.1899,0.5161,398,723,0,0,1,0,0
10226,4.1628,0.5643,397,723,0,0,1,0,0
10227,4.1373,0.6037,397,723,0,0,1,0,0
10228,4.2398,0.4477,396,723,0,0,1,0,0
10229,4.1599,0.4931,395,723,0,0,1,0,0
10230,4.1321,0.4704,395,723,0,0,1,0,0
10231,4.2415,0.5206,394,723,0,0,1,0,0
10232,4.1089,0.6366,394,723,0,0,1,0,0
10233,4.1465,0.4223,394,723,0,0,1,0,0
10234,4.2599,0.6862,392,723,0,0,1,0,0
10235,4.1351,0.5003,392,723,0,0,1,0,0
10236,4.0796,0.4387,392,723,0,0,1,0,0
10237,4.1925,0.4679,392,723,0,0,1,0,0
10238,4.1778,0.5835,391,723,0,0,1,0,0
10239,4.2636,0.7139,391,723,0,0,1,0,0
10240,4.0799,0.5075,391,723,0,0,1,0,0
10241,4.133,0.4797,390,723,0,0,1,0,0
10242,4.2484,0.5623,390,723,0,0,1,0,0
10243,4.4348,0.8023,390,723,0,0,1,0,0
10244,3.8652,0.729,390,723,0,0,1,0,0
10245,4.103,0.4575,382,723,0,0,1,0,0
10246,4.1663,0.5093,382,723,0,0,1,0,0
10247,4.1996,0.5029,378,723,0,0,1,0,0
10248,4.2504,0.5348,378,723,0,0,1,0,0
10249,4.1063,0.4933,378,723,0,0,1,0,0
10250,4.1143,0.5603,428,723,0,0,1,0,0
10251,4.1747,0.785,428,723,0,0,1,0,0
10252,4.1898,0.4583,428,723,0,0,1,0,0
10253,4.1898,0.5678,428,723,0,0,1,0,0
10254,4.2105,0.6352,427,723,0,0,1,0,0
10255,4.5359,0.7255,427,723,0,0,1,0,0
10256,3.774,0.4843,427,723,0,0,1,0,0
10257,4.0903,0.4241,427,723,0,0,1,0,0
10258,4.2554,0.4702,427,723,0,0,1,0,0
10259,4.1718,0.775,426,723,0,0,1,0,0
10260,4.2269,0.5543,424,723,0,0,1,0,0
10261,4.1082,0.6234,423,723,0,0,1,0,0
10262,4.1019,0.4648,423,723,0,0,1,0,0
10263,4.143,0.445,421,723,0,0,1,0,0
10264,4.1928,0.5265,420,723,0,0,1,0,0
10265,4.1436,0.4448,420,723,0,0,1,0,0
10266,4.2636,0.6449,420,723,0,0,1,0,0
10267,4.1752,0.4936,419,723,0,0,1,0,0
10268,4.101,0.4724,417,723,0,0,1,0,0
10269,4.1204,0.4289,415,723,0,0,1,0,0
10270,4.2448,0.6726,413,723,0,0,1,0,0
10271,4.1573,0.6483,413,723,0,0,1,0,0
10272,4.1932,0.5341,412,723,0,0,1,0,0
10273,4.1318,0.5017,411,723,0,0,1,0,0
10274,4.1412,0.4833,410,723,0,0,1,0,0
10275,4.1919,0.5303,410,723,0,0,1,0,0
10276,4.1445,0.5118,409,723,0,0,1,0,0
10277,4.2033,0.9076,407,723,0,0,1,0,0
10278,4.301,0.6346,406,723,0,0,1,0,0
10279,4.3389,0.6781,406,723,0,0,1,0,0
10280,3.841,0.5106,406,723,0,0,1,0,0
10281,4.1363,0.4762,405,723,0,0,1,0,0
10282,4.2,0.5399,405,723,0,0,1,0,0
10283,4.1844,0.4483,405,723,0,0,1,0,0
10284,4.11,0.627,404,723,0,0,1,0,0
10285,4.2631,0.5,403,723,0,0,1,0,0
10286,4.5748,0.6288,401,723,0,0,1,0,0
10287,3.6965,0.467,401,723,0,0,1,0,0
10288,4.2221,0.501,400,723,0,0,1,0,0
10289,4.0846,0.4342,398,723,0,0,1,0,0
10290,4.3016,0.7009,397,723,0,0,1,0,0
10291,4.087,0.5047,397,723,0,0,1,0,0
10292,4.1389,0.42,395,723,0,0,1,0,0
10293,4.1246,0.4307,393,723,0,0,1,0,0
10294,4.19,0.4209,393,723,0,0,1,0,0
10295,4.3739,0.4204,392,723,0,0,1,0,0
10296,3.9597,0.4063,392,723,0,0,1,0,0
10297,4.3184,0.6663,391,723,0,0,1,0,0
10298,4.0652,0.6645,391,723,0,0,1,0,0
10299,4.1935,0.4751,390,723,0,0,1,0,0
10300,4.1018,0.4197,390,723,0,0,1,0,0
10301,4.1787,0.5252,389,723,0,0,1,0,0
10302,4.2128,0.4241,389,723,0,0,1,0,0
10303,4.1524,0.7322,389,723,0,0,1,0,0
10304,4.1597,0.4813,388,723,0,0,1,0,0
10305,4.1194,0.4242,387,723,0,0,1,0,0
10306,4.1927,0.4429,387,723,0,0,1,0,0
10307,4.2178,0.654,386,723,0,0,1,0,0
10308,4.1032,0.741,386,723,0,0,1,0,0
10309,4.1856,0.7367,386,723,0,0,1,0,0
10310,4.1617,0.437,384,723,0,0,1,0,0
10311,4.5514,0.6319,383,723,0,0,1,0,0
10312,3.7816,0.5549,376,723,0,0,1,0,0
10313,4.1379,0.4123,375,723,0,0,1,0,0
10314,4.3285,0.4006,373,723,0,0,1,0,0
10315,4.0682,0.6468,372,723,0,0,1,0,0
10316,4.1827,0.4622,370,723,0,0,1,0,0
10317,4.086,0.4292,370,723,0,0,1,0,0
10318,4.1753,0.4786,419,723,0,0,1,0,0
10319,4.2407,0.4893,419,723,0,0,1,0,0
10320,4.3856,0.7083,418,723,0,0,1,0,0
10321,3.9482,0.5941,417,723,0,0,1,0,0
10322,4.1692,0.7544,417,723,0,0,1,0,0
10323,4.1104,0.5559,416,723,0,0,1,0,0
10324,4.169,0.5419,413,723,0,0,1,0,0
10325,4.1831,0.5418,412,723,0,0,1,0,0
10326,4.1321,0.4789,410,723,0,0,1,0,0
10327,4.1555,0.7108,409,723,0,0,1,0,0
10328,4.3688,0.7079,409,723,0,0,1,0,0
10329,3.9518,0.4445,408,723,0,0,1,0,0
10330,4.2458,0.5046,407,723,0,0,1,0,0
10331,4.1591,0.6229,407,723,0,0,1,0,0
10332,4.1584,0.9946,407,723,0,0,1,0,0
10333,4.1511,0.7134,406,723,0,0,1,0,0
10334,4.1459,0.4293,406,723,0,0,1,0,0
10335,4.3689,0.6165,404,723,0,0,1,0,0
10336,3.972,0.4647,404,723,0,0,1,0,0
10337,4.2746,0.4676,403,723,0,0,1,0,0
10338,4.0213,0.4888,401,723,0,0,1,0,0
10339,4.1999,0.6422,399,723,0,0,1,0,0
10340,4.2455,0.7407,399,723,0,0,1,0,0
10341,4.0809,0.5293,399,723,0,0,1,0,0
10342,4.2453,0.5693,398,723,0,0,1,0,0
10343,4.4948,0.6458,397,723,0,0,1,0,0
10344,3.8295,0.7213,397,723,0,0,1,0,0
10345,4.4027,0.5147,397,723,0,0,1,0,0
10346,3.9245,0.6174,397,723,0,0,1,0,0
10347,4.1471,0.7746,397,723,0,0,1,0,0
10348,4.1922,0.4372,396,723,0,0,1,0,0
10349,4.1665,0.5033,396,723,0,0,1,0,0
10350,4.1661,0.502,396,723,0,0,1,0,0
10351,4.4497,0.6179,396,723,0,0,1,0,0
10352,3.8454,0.6209,394,723,0,0,1,0,0
10353,4.1181,0.4476,394,723,0,0,1,0,0
10354,4.228,0.4747,394,723,0,0,1,0,0
10355,4.1656,0.4853,393,723,0,0,1,0,0
10356,4.1869,0.4737,392,723,0,0,1,0,0
10357,4.1421,0.4512,392,723,0,0,1,0,0
10358,4.1214,0.5948,389,723,0,0,1,0,0
10359,4.1469,0.6274,389,723,0,0,1,0,0
10360,4.2368,0.4139,389,723,0,0,1,0,0
10361,4.1473,0.4765,388,723,0,0,1,0,0
10362,4.5546,0.432,385,723,0,0,1,0,0
10363,3.8519,0.457,381,723,0,0,1,0,0
10364,4.1096,0.5157,381,723,0,0,1,0,0
10365,4.105,0.4054,381,723,0,0,1,0,0
10366,4.2214,0.7177,381,723,0,0,1,0,0
10367,4.1562,0.428,381,723,0,0,1,0,0
10368,4.2066,0.4633,379,723,0,0,1,0,0
10369,4.1347,0.46,378,723,0,0,1,0,0
10370,4.1563,0.6334,376,723,0,0,1,0,0
10371,4.1639,0.6114,374,723,0,0,1,0,0
10372,4.1662,0.4352,374,723,0,0,1,0,0
10373,4.2329,0.4767,374,723,0,0,1,0,0
10374,4.1764,0.472,374,723,0,0,1,0,0
10375,4.1808,0.4522,374,723,0,0,1,0,0
10376,4.1136,0.4355,373,723,0,0,1,0,0
10377,4.1017,0.4097,373,723,0,0,1,0,0
10378,4.3471,1.3338,373,723,0,0,1,0,0
10379,4.0674,0.6285,366,723,0,0,1,0,0
10380,4.1285,0.465,365,723,0,0,1,0,0
10381,4.1739,0.4568,365,723,0,0,1,0,0
10382,4.1812,0.4464,365,723,0,0,1,0,0
10383,4.1473,0.508,364,723,0,0,1,0,0
10384,4.1594,0.4369,364,723,0,0,1,0,0
10385,4.1099,0.4729,413,723,0,0,1,0,0
10386,4.2156,0.4701,412,723,0,0,1,0,0
10387,4.567,0.6796,411,723,0,0,1,0,0
10388,3.8346,0.4722,411,723,0,0,1,0,0
10389,4.1041,0.4533,410,723,0,0,1,0,0
10390,4.1523,0.422,409,723,0,0,1,0,0
10391,4.3212,0.4277,409,723,0,0,1,0,0
10392,4.0611,0.4978,409,723,0,0,1,0,0
10393,4.1419,0.6374,409,723,0,0,1,0,0
10394,4.1557,0.4642,408,723,0,0,1,0,0
10395,4.2289,0.6928,408,723,0,0,1,0,0
10396,4.1033,0.4972,407,723,0,0,1,0,0
10397,4.2869,0.5229,407,723,0,0,1,0,0
10398,4.1138,0.5989,406,723,0,0,1,0,0
10399,4.1604,0.5062,406,723,0,0,1,0,0
10400,4.1142,0.5245,406,723,0,0,1,0,0
10401,4.1547,0.4916,406,723,0,0,1,0,0
10402,4.2328,0.6205,405,723,0,0,1,0,0
10403,4.2281,0.6863,404,723,0,0,1,0,0
10404,4.0778,0.5006,404,723,0,0,1,0,0
10405,4.2077,0.4963,402,723,0,0,1,0,0
10406,4.1075,0.4387,402,723,0,0,1,0,0
10407,4.1796,0.4782,402,723,0,0,1,0,0
10408,4.1627,0.5325,402,723,0,0,1,0,0
10409,4.1906,0.6996,400,723,0,0,1,0,0
10410,4.2735,0.6828,399,723,0,0,1,0,0
10411,4.0764,0.497,399,723,0,0,1,0,0
10412,4.1149,0.4537,399,723,0,0,1,0,0
10413,4.1224,0.4346,399,723,0,0,1,0,0
10414,4.1627,0.5731,398,723,0,0,1,0,0
10415,4.2464,0.4751,398,723,0,0,1,0,0
10416,4.1544,0.7764,397,723,0,0,1,0,0
10417,4.1907,0.5536,396,723,0,0,1,0,0
10418,4.1116,0.4811,393,723,0,0,1,0,0
10419,4.193,0.5476,392,723,0,0,1,0,0
10420,4.1618,0.4984,392,723,0,0,1,0,0
10421,4.1649,0.6869,392,723,0,0,1,0,0
10422,4.1812,0.7418,392,723,0,0,1,0,0
10423,4.14,0.5092,391,723,0,0,1,0,0
10424,4.5383,0.6011,390,723,0,0,1,0,0
10425,3.7904,0.474,389,723,0,0,1,0,0
10426,4.1361,0.6186,389,723,0,0,1,0,0
10427,4.2869,0.4472,389,723,0,0,1,0,0
10428,4.0666,0.6179,388,723,0,0,1,0,0
10429,4.3907,0.6733,388,723,0,0,1,0,0
10430,4.0308,0.5313,386,723,0,0,1,0,0
10431,4.1682,0.4878,384,723,0,0,1,0,0
10432,4.1655,0.5461,383,723,0,0,1,0,0
10433,4.0401,0.4621,383,723,0,0,1,0,0
10434,4.2488,0.4476,383,723,0,0,1,0,0
10435,4.3187,0.7635,383,723,0,0,1,0,0
10436,4.0323,0.5482,383,723,0,0,1,0,0
10437,4.0816,0.4853,381,723,0,0,1,0,0
10438,4.2062,0.5142,380,723,0,0,1,0,0
10439,4.2268,0.5974,379,723,0,0,1,0,0
10440,4.1247,0.7464,379,723,0,0,1,0,0
10441,4.1187,0.7573,376,723,0,0,1,0,0
10442,4.2592,0.6169,376,723,0,0,1,0,0
10443,4.1616,0.5825,376,723,0,0,1,0,0
10444,4.0979,0.5298,376,723,0,0,1,0,0
10445,4.2496,1.0547,376,723,0,0,1,0,0
10446,4.3174,0.5211,368,723,0,0,1,0,0
10447,4.0019,0.7777,368,723,0,0,1,0,0
10448,4.2796,0.6192,367,723,0,0,1,0,0
10449,4.0037,0.5186,367,723,0,0,1,0,0
10450,4.2348,0.5244,367,723,0,0,1,0,0
10451,4.1823,0.4951,366,723,0,0,1,0,0
10452,4.1141,0.7743,415,723,0,0,1,0,0
10453,4.1723,0.7529,413,723,0,0,1,0,0
10454,4.1406,0.524,413,723,0,0,1,0,0
10455,4.1628,0.5461,413,723,0,0,1,0,0
10456,4.2135,0.6614,411,723,0,0,1,0,0
10457,4.0969,0.4531,410,723,0,0,1,0,0
10458,4.2478,0.5274,408,723,0,0,1,0,0
10459,4.1432,0.6235,407,723,0,0,1,0,0
10460,4.1557,0.4647,407,723,0,0,1,0,0
10461,4.1075,0.437,407,723,0,0,1,0,0
10462,4.2904,0.4919,407,723,0,0,1,0,0
10463,4.1579,0.458,407,723,0,0,1,0,0
10464,4.0605,0.5076,406,723,0,0,1,0,0
10465,4.2283,0.562,406,723,0,0,1,0,0
10466,4.1246,0.639,406,723,0,0,1,0,0
10467,4.1562,0.4679,406,723,0,0,1,0,0
10468,4.1548,0.4275,406,723,0,0,1,0,0
10469,4.196,0.4957,405,723,0,0,1,0,0
10470,4.1741,0.4552,405,723,0,0,1,0,0
10471,4.2265,0.6992,405,723,0,0,1,0,0
10472,4.152,0.5786,404,723,0,0,1,0,0
10473,4.1047,0.5168,404,723,0,0,1,0,0
10474,4.2967,0.5544,403,723,0,0,1,0,0
10475,4.4805,0.4872,402,723,0,0,1,0,0
10476,3.7474,0.5223,402,723,0,0,1,0,0
10477,4.1672,0.6016,401,723,0,0,1,0,0
10478,4.1604,0.5355,401,723,0,0,1,0,0
10479,4.1952,0.6514,401,723,0,0,1,0,0
10480,4.1691,0.491,400,723,0,0,1,0,0
10481,4.1183,0.4634,399,723,0,0,1,0,0
10482,4.2459,0.5109,399,723,0,0,1,0,0
10483,4.0986,0.5195,399,723,0,0,1,0,0
10484,4.2262,0.4453,399,723,0,0,1,0,0
10485,4.075,0.447,399,723,0,0,1,0,0
10486,4.3197,0.5253,399,723,0,0,1,0,0
10487,4.0271,0.469,398,723,0,0,1,0,0
10488,4.2222,0.5063,397,723,0,0,1,0,0
10489,4.1948,0.4802,396,723,0,0,1,0,0
10490,4.1095,0.4266,395,723,0,0,1,0,0
10491,4.26,0.6231,395,723,0,0,1,0,0
10492,4.1194,0.4635,394,723,0,0,1,0,0
10493,4.384,0.5406,394,723,0,0,1,0,0
10494,3.8979,0.5138,393,723,0,0,1,0,0
10495,4.2527,0.4764,391,723,0,0,1,0,0
10496,4.1027,0.4915,391,723,0,0,1,0,0
10497,4.1097,0.4229,389,723,0,0,1,0,0
10498,4.2475,0.741,388,723,0,0,1,0,0
10499,4.113,0.6415,387,723,0,0,1,0,0
10500,4.5037,0.6783,386,723,0,0,1,0,0
10501,3.8308,0.5526,386,723,0,0,1,0,0
10502,4.1897,0.5834,384,723,0,0,1,0,0
10503,4.3229,0.4345,383,723,0,0,1,0,0
10504,4.0064,0.6477,382,723,0,0,1,0,0
10505,4.1414,0.4227,382,723,0,0,1,0,0
10506,4.2069,0.6336,382,723,0,0,1,0,0
10507,4.2216,0.4806,381,723,0,0,1,0,0
10508,4.148,0.4593,381,723,0,0,1,0,0
10509,4.1045,0.4312,380,723,0,0,1,0,0
10510,4.1894,0.4382,380,723,0,0,1,0,0
10511,4.1486,0.4577,380,723,0,0,1,0,0
10512,4.2242,0.4906,380,723,0,0,1,0,0
10513,4.1302,0.7671,372,723,0,0,1,0,0
10514,4.1483,0.5007,371,723,0,0,1,0,0
10515,4.2353,0.6964,370,723,0,0,1,0,0
10516,4.0677,0.514,368,723,0,0,1,0,0
10517,4.2254,0.9851,368,723,0,0,1,0,0
10518,4.1114,0.6494,368,723,0,0,1,0,0
10519,4.2438,0.6902,416,723,0,0,1,0,0
10520,4.1613,0.5635,416,723,0,0,1,0,0
10521,4.0946,0.4813,416,723,0,0,1,0,0
10522,4.2174,0.6193,415,723,0,0,1,0,0
10523,4.1968,0.4582,414,723,0,0,1,0,0
10524,4.1384,0.509,413,723,0,0,1,0,0
10525,4.1856,0.4996,411,723,0,0,1,0,0
10526,4.1074,0.4585,411,723,0,0,1,0,0
10527,4.4488,0.5132,410,723,0,0,1,0,0
10528,3.9143,0.4311,409,723,0,0,1,0,0
10529,4.1258,0.6242,409,723,0,0,1,0,0
10530,4.2192,0.4773,408,723,0,0,1,0,0
10531,4.5764,0.464,408,723,0,0,1,0,0
10532,4.0926,0.6763,407,723,0,0,1,0,0
10533,3.7795,0.4398,407,723,0,0,1,0,0
10534,4.1606,0.6376,406,723,0,0,1,0,0
10535,4.176,0.458,405,723,0,0,1,0,0
10536,4.2109,0.5588,404,723,0,0,1,0,0
10537,4.1701,0.5726,404,723,0,0,1,0,0
10538,4.2431,0.6463,404,723,0,0,1,0,0
10539,4.1339,0.5051,404,723,0,0,1,0,0
10540,4.1154,0.4811,404,723,0,0,1,0,0
10541,4.1854,0.6144,404,723,0,0,1,0,0
10542,4.5675,0.4543,404,723,0,0,1,0,0
10543,3.7687,0.6131,404,723,0,0,1,0,0
10544,4.1753,0.5096,402,723,0,0,1,0,0
10545,4.0957,0.4277,401,723,0,0,1,0,0
10546,4.1734,0.4444,401,723,0,0,1,0,0
10547,4.3828,0.4617,401,723,0,0,1,0,0
10548,4.057,0.7598,401,723,0,0,1,0,0
10549,4.0974,0.4756,400,723,0,0,1,0,0
10550,4.5159,0.6909,400,723,0,0,1,0,0
10551,3.8427,0.4673,400,723,0,0,1,0,0
10552,4.0937,0.4124,400,723,0,0,1,0,0
10553,4.146,0.7319,400,723,0,0,1,0,0
10554,4.3418,0.7065,400,723,0,0,1,0,0
10555,4.1041,0.4967,400,723,0,0,1,0,0
10556,4.1288,0.4763,399,723,0,0,1,0,0
10557,4.1535,0.4732,399,723,0,0,1,0,0
10558,4.232,0.5008,399,723,0,0,1,0,0
10559,4.1707,0.4769,399,723,0,0,1,0,0
10560,4.3102,0.7572,397,723,0,0,1,0,0
10561,3.9888,0.7384,397,723,0,0,1,0,0
10562,4.1819,0.7189,396,723,0,0,1,0,0
10563,4.0793,0.7035,395,723,0,0,1,0,0
10564,4.1728,0.5147,395,723,0,0,1,0,0
10565,4.2426,0.6962,394,723,0,0,1,0,0
10566,4.3546,0.802,393,723,0,0,1,0,0
10567,3.9244,0.6839,390,723,0,0,1,0,0
10568,4.2071,0.6239,390,723,0,0,1,0,0
10569,4.1286,0.4418,390,723,0,0,1,0,0
10570,4.2443,0.4791,388,723,0,0,1,0,0
10571,4.1773,0.4596,386,723,0,0,1,0,0
10572,4.3087,0.4444,386,723,0,0,1,0,0
10573,4.0357,0.6915,386,723,0,0,1,0,0
10574,4.1504,0.4991,385,723,0,0,1,0,0
10575,4.119,0.4988,384,723,0,0,1,0,0
10576,4.1469,0.4467,381,723,0,0,1,0,0
10577,4.1477,0.5837,378,723,0,0,1,0,0
10578,4.2055,0.5474,377,723,0,0,1,0,0
10579,4.1957,0.5056,376,723,0,0,1,0,0
10580,4.1973,0.6462,376,723,0,0,1,0,0
10581,4.0804,0.5053,369,723,0,0,1,0,0
10582,4.1614,0.5139,368,723,0,0,1,0,0
10583,4.2616,0.5993,368,723,0,0,1,0,0
10584,4.3766,0.7459,368,723,0,0,1,0,0
10585,3.9374,0.4854,368,723,0,0,1,0,0
10586,4.1059,0.5112,418,723,0,0,1,0,0
10587,4.4243,0.5777,418,723,0,0,1,0,0
10588,3.9116,0.4849,417,723,0,0,1,0,0
10589,4.1662,0.495,417,723,0,0,1,0,0
10590,4.2013,0.4621,416,723,0,0,1,0,0
10591,4.1809,0.6653,415,723,0,0,1,0,0
10592,4.1149,0.6374,414,723,0,0,1,0,0
10593,4.1572,0.4302,413,723,0,0,1,0,0
10594,4.1966,0.4859,413,723,0,0,1,0,0
10595,4.1677,0.4508,413,723,0,0,1,0,0
10596,4.4422,0.4383,412,723,0,0,1,0,0
10597,3.9248,0.462,412,723,0,0,1,0,0
10598,4.1188,0.7632,412,723,0,0,1,0,0
10599,4.1835,0.5757,412,723,0,0,1,0,0
10600,4.1587,0.5098,412,723,0,0,1,0,0
10601,4.1199,0.5012,412,723,0,0,1,0,0
10602,4.201,0.4744,410,723,0,0,1,0,0
10603,4.4228,0.4449,410,723,0,0,1,0,0
10604,4.0086,0.6612,409,723,0,0,1,0,0
10605,4.0325,0.4665,408,723,0,0,1,0,0
10606,4.2674,0.4956,406,723,0,0,1,0,0
10607,4.1769,0.4821,406,723,0,0,1,0,0
10608,4.1399,0.4959,405,723,0,0,1,0,0
10609,4.1966,0.5574,404,723,0,0,1,0,0
10610,4.131,0.6278,404,723,0,0,1,0,0
10611,4.5287,0.536,404,723,0,0,1,0,0
10612,3.7282,0.4193,404,723,0,0,1,0,0
10613,4.2075,0.4415,404,723,0,0,1,0,0
10614,4.5562,0.4231,404,723,0,0,1,0,0
10615,4.5895,0.4289,402,723,0,0,1,0,0
10616,3.3315,0.4285,401,723,0,0,1,0,0
10617,4.1808,0.4409,399,723,0,0,1,0,0
10618,4.2257,0.5202,399,723,0,0,1,0,0
10619,4.1597,0.4975,399,723,0,0,1,0,0
10620,4.1482,0.5111,399,723,0,0,1,0,0
10621,4.1904,0.6155,399,723,0,0,1,0,0
10622,4.1414,0.7375,396,723,0,0,1,0,0
10623,4.3923,0.758,396,723,0,0,1,0,0
10624,3.9018,0.4641,396,723,0,0,1,0,0
10625,4.2533,0.5555,396,723,0,0,1,0,0
10626,4.1486,0.5403,396,723,0,0,1,0,0
10627,4.5057,0.7657,395,723,0,0,1,0,0
10628,3.7481,0.6883,394,723,0,0,1,0,0
10629,4.1647,0.4756,394,723,0,0,1,0,0
10630,4.2307,0.697,394,723,0,0,1,0,0
10631,4.0862,0.4816,392,723,0,0,1,0,0
10632,4.3336,0.5888,392,723,0,0,1,0,0
10633,4.0064,0.4899,391,723,0,0,1,0,0
10634,4.185,0.6052,391,723,0,0,1,0,0
10635,4.2632,0.618,391,723,0,0,1,0,0
10636,4.1153,0.4496,391,723,0,0,1,0,0
10637,4.1618,0.5026,391,723,0,0,1,0,0
10638,4.1157,0.455,391,723,0,0,1,0,0
10639,4.195,0.4658,391,723,0,0,1,0,0
10640,4.1712,0.4982,391,723,0,0,1,0,0
10641,4.2135,0.6371,390,723,0,0,1,0,0
10642,4.1005,0.607,389,723,0,0,1,0,0
10643,4.1914,0.4549,387,723,0,0,1,0,0
10644,4.1512,0.443,386,723,0,0,1,0,0
10645,4.2677,0.4797,386,723,0,0,1,0,0
10646,4.1251,0.5241,385,723,0,0,1,0,0
10647,4.1154,0.4399,384,723,0,0,1,0,0
10648,4.1912,0.4929,376,723,0,0,1,0,0
10649,4.1943,0.8179,375,723,0,0,1,0,0
10650,4.1449,0.5235,375,723,0,0,1,0,0
10651,4.1548,0.4976,375,723,0,0,1,0,0
10652,4.1194,0.4623,375,723,0,0,1,0,0
10653,4.1837,0.5897,375,723,0,0,1,0,0
10654,4.1843,0.5428,425,723,0,0,1,0,0
10655,4.195,0.4776,425,723,0,0,1,0,0
10656,4.1043,0.494,423,723,0,0,1,0,0
10657,4.1726,0.629,423,723,0,0,1,0,0
10658,4.1965,0.4679,423,723,0,0,1,0,0
10659,4.1308,0.4753,422,723,0,0,1,0,0
10660,4.223,0.4577,421,723,0,0,1,0,0
10661,4.1354,0.7894,420,723,0,0,1,0,0
10662,4.218,0.6323,420,723,0,0,1,0,0
10663,4.1289,0.4322,420,723,0,0,1,0,0
10664,4.1275,0.4652,420,723,0,0,1,0,0
10665,4.2293,0.504,420,723,0,0,1,0,0
10666,4.1151,0.67,420,723,0,0,1,0,0
10667,4.1767,0.5063,420,723,0,0,1,0,0
10668,4.1876,0.4638,420,723,0,0,1,0,0
10669,4.1761,0.445,419,723,0,0,1,0,0
10670,4.1707,0.4723,419,723,0,0,1,0,0
10671,4.1137,0.4422,419,723,0,0,1,0,0
10672,4.1934,0.4371,417,723,0,0,1,0,0
10673,4.1765,0.4323,417,723,0,0,1,0,0
10674,4.3566,0.6331,417,723,0,0,1,0,0
10675,3.9972,0.4295,417,723,0,0,1,0,0
10676,4.1492,0.464,415,723,0,0,1,0,0
10677,4.1797,0.4362,415,723,0,0,1,0,0
10678,4.1645,0.5862,415,723,0,0,1,0,0
10679,4.1536,0.4488,415,723,0,0,1,0,0
10680,4.1912,0.4844,414,723,0,0,1,0,0
10681,4.403,0.6942,414,723,0,0,1,0,0
10682,3.8875,0.5279,413,723,0,0,1,0,0
10683,4.2407,0.5615,412,723,0,0,1,0,0
10684,4.1316,0.4692,412,723,0,0,1,0,0
10685,4.3804,0.4782,412,723,0,0,1,0,0
10686,3.9526,0.457,412,723,0,0,1,0,0
10687,4.1953,0.5015,411,723,0,0,1,0,0
10688,4.1098,0.4682,410,723,0,0,1,0,0
10689,4.1474,0.4279,409,723,0,0,1,0,0
10690,4.2859,0.5843,409,723,0,0,1,0,0
10691,4.164,0.436,407,723,0,0,1,0,0
10692,4.3068,0.7345,406,723,0,0,1,0,0
10693,3.9734,0.8027,405,723,0,0,1,0,0
10694,4.1964,0.6472,404,723,0,0,1,0,0
10695,4.5609,0.4456,403,723,0,0,1,0,0
10696,3.7042,0.4163,401,723,0,0,1,0,0
10697,4.1283,0.485,399,723,0,0,1,0,0
10698,4.2061,0.4313,398,723,0,0,1,0,0
10699,4.2483,0.735,397,723,0,0,1,0,0
10700,4.1439,0.5449,397,723,0,0,1,0,0
10701,4.1189,0.4732,397,723,0,0,1,0,0
10702,4.5485,0.6517,395,723,0,0,1,0,0
10703,3.8491,0.5805,395,723,0,0,1,0,0
10704,4.1418,0.914,395,723,0,0,1,0,0
10705,4.1781,0.6596,393,723,0,0,1,0,0
10706,4.1688,0.5611,393,723,0,0,1,0,0
10707,4.1654,0.5334,393,723,0,0,1,0,0
10708,4.119,0.4746,392,723,0,0,1,0,0
10709,4.1929,0.5406,392,723,0,0,1,0,0
10710,4.2022,0.5131,390,723,0,0,1,0,0
10711,4.2056,0.745,389,723,0,0,1,0,0
10712,4.1558,0.7981,389,723,0,0,1,0,0
10713,4.0748,0.4767,388,723,0,0,1,0,0
10714,4.1841,0.4744,388,723,0,0,1,0,0
10715,4.1413,0.5871,380,723,0,0,1,0,0
10716,4.2049,0.562,379,723,0,0,1,0,0
10717,4.1766,0.6924,379,723,0,0,1,0,0
10718,4.1428,0.6395,379,723,0,0,1,0,0
10719,4.1735,0.5441,378,723,0,0,1,0,0
10720,4.162,0.4493,377,723,0,0,1,0,0
10721,4.5458,0.548,427,723,0,0,1,0,0
10722,3.8431,0.5519,426,723,0,0,1,0,0
10723,4.406,0.7767,426,723,0,0,1,0,0
10724,3.8927,0.7298,426,723,0,0,1,0,0
10725,4.1241,0.482,426,723,0,0,1,0,0
10726,4.5248,0.7392,424,723,0,0,1,0,0
10727,3.8539,0.4933,424,723,0,0,1,0,0
10728,4.4561,0.6377,424,723,0,0,1,0,0
10729,3.7884,0.4292,423,723,0,0,1,0,0
10730,4.2249,0.4406,421,723,0,0,1,0,0
10731,4.1651,0.5399,421,723,0,0,1,0,0
10732,4.4805,0.5392,420,723,0,0,1,0,0
10733,3.8287,0.4991,418,723,0,0,1,0,0
10734,4.2096,0.603,417,723,0,0,1,0,0
10735,4.2184,0.5872,417,723,0,0,1,0,0
10736,4.1448,0.6675,416,723,0,0,1,0,0
10737,4.1182,0.4427,416,723,0,0,1,0,0
10738,4.1855,0.6193,414,723,0,0,1,0,0
10739,4.2267,0.4911,414,723,0,0,1,0,0
10740,4.1655,0.4949,414,723,0,0,1,0,0
10741,4.1041,0.4704,412,723,0,0,1,0,0
10742,4.2168,0.6955,410,723,0,0,1,0,0
10743,4.0675,0.7646,410,723,0,0,1,0,0
10744,4.1989,0.4486,409,723,0,0,1,0,0
10745,4.2237,0.6025,409,723,0,0,1,0,0
10746,4.1761,0.5511,409,723,0,0,1,0,0
10747,4.1702,0.6218,408,723,0,0,1,0,0
10748,4.1431,0.759,407,723,0,0,1,0,0
10749,4.0937,0.4855,405,723,0,0,1,0,0
10750,4.2928,0.5361,405,723,0,0,1,0,0
10751,4.0545,0.7867,404,723,0,0,1,0,0
10752,4.2439,0.5951,404,723,0,0,1,0,0
10753,4.42,0.6244,404,723,0,0,1,0,0
10754,3.8403,0.6051,404,723,0,0,1,0,0
10755,4.2993,0.4408,404,723,0,0,1,0,0
10756,4.0333,0.4813,404,723,0,0,1,0,0
10757,4.2013,0.7614,402,723,0,0,1,0,0
10758,4.5831,0.4248,401,723,0,0,1,0,0
10759,4.1855,0.4292,401,723,0,0,1,0,0
10760,3.7081,0.4656,400,723,0,0,1,0,0
10761,4.171,0.4427,400,723,0,0,1,0,0
10762,4.1975,0.7784,399,723,0,0,1,0,0
10763,4.1434,0.418,399,723,0,0,1,0,0
10764,4.139,0.4121,399,723,0,0,1,0,0
10765,4.253,0.4732,399,723,0,0,1,0,0
10766,4.1199,0.5492,399,723,0,0,1,0,0
10767,4.1803,0.4655,399,723,0,0,1,0,0
10768,4.1461,0.4903,398,723,0,0,1,0,0
10769,4.1913,0.5406,397,723,0,0,1,0,0
10770,4.1579,0.5982,394,723,0,0,1,0,0
10771,4.1976,0.6263,394,723,0,0,1,0,0
10772,4.4206,0.4859,394,723,0,0,1,0,0
10773,3.8265,0.4716,393,723,0,0,1,0,0
10774,4.1835,0.5043,392,723,0,0,1,0,0
10775,4.2245,0.4908,391,723,0,0,1,0,0
10776,4.1806,0.5694,390,723,0,0,1,0,0
10777,4.1669,0.6571,390,723,0,0,1,0,0
10778,4.1132,0.5268,390,723,0,0,1,0,0
10779,4.2184,0.7627,390,723,0,0,1,0,0
10780,4.137,0.522,388,723,0,0,1,0,0
10781,4.2108,0.8202,387,723,0,0,1,0,0
10782,4.1748,0.6131,379,723,0,0,1,0,0
10783,4.0876,0.5029,379,723,0,0,1,0,0
10784,4.2195,0.6093,379,723,0,0,1,0,0
10785,4.0904,0.503,376,723,0,0,1,0,0
10786,4.2261,0.5346,375,723,0,0,1,0,0
10787,4.1696,0.5309,374,723,0,0,1,0,0
10788,4.3805,0.6297,424,723,0,0,1,0,0
10789,3.9865,0.5225,423,723,0,0,1,0,0
10790,4.186,0.5062,421,723,0,0,1,0,0
10791,4.1053,0.5116,420,723,0,0,1,0,0
10792,4.1629,0.4564,420,723,0,0,1,0,0
10793,4.1207,0.638,420,723,0,0,1,0,0
10794,4.2381,0.4865,419,723,0,0,1,0,0
10795,4.6121,0.4902,419,723,0,0,1,0,0
10796,3.6467,0.472,419,723,0,0,1,0,0
10797,4.1637,0.5215,419,723,0,0,1,0,0
10798,4.2271,0.6703,419,723,0,0,1,0,0
10799,4.1009,0.8522,419,723,0,0,1,0,0
10800,4.2509,0.6661,419,723,0,0,1,0,0
10801,4.1353,0.503,418,723,0,0,1,0,0
10802,4.1192,0.4376,418,723,0,0,1,0,0
10803,4.2489,0.4828,417,723,0,0,1,0,0
10804,4.1206,0.4597,417,723,0,0,1,0,0
10805,4.3379,0.6605,417,723,0,0,1,0,0
10806,4.1606,0.6611,417,723,0,0,1,0,0
10807,3.9949,0.7538,416,723,0,0,1,0,0
10808,4.2276,0.5406,416,723,0,0,1,0,0
10809,4.0806,0.4925,416,723,0,0,1,0,0
10810,4.1805,0.6957,416,723,0,0,1,0,0
10811,4.4205,0.5341,416,723,0,0,1,0,0
10812,3.9125,0.455,416,723,0,0,1,0,0
10813,4.2037,0.5027,415,723,0,0,1,0,0
10814,4.1658,0.4531,415,723,0,0,1,0,0
10815,4.2236,0.4908,415,723,0,0,1,0,0
10816,4.0964,0.4336,415,723,0,0,1,0,0
10817,4.1667,0.5184,415,723,0,0,1,0,0
10818,4.1861,0.5769,413,723,0,0,1,0,0
10819,4.2838,0.7362,412,723,0,0,1,0,0
10820,4.0624,0.493,411,723,0,0,1,0,0
10821,4.1012,0.616,411,723,0,0,1,0,0
10822,4.1975,0.9274,410,723,0,0,1,0,0
10823,4.217,0.588,410,723,0,0,1,0,0
10824,4.3033,0.7598,410,723,0,0,1,0,0
10825,4.0306,0.6849,410,723,0,0,1,0,0
10826,4.1862,0.5067,410,723,0,0,1,0,0
10827,4.1452,0.5241,410,723,0,0,1,0,0
10828,4.1193,0.4533,410,723,0,0,1,0,0
10829,4.4335,0.6494,406,723,0,0,1,0,0
10830,3.9133,0.4633,406,723,0,0,1,0,0
10831,4.2632,0.6889,405,723,0,0,1,0,0
10832,4.2017,0.5223,401,723,0,0,1,0,0
10833,3.9848,0.4521,401,723,0,0,1,0,0
10834,4.6309,0.6811,400,723,0,0,1,0,0
10835,3.8448,0.4638,399,723,0,0,1,0,0
10836,4.0814,0.6083,396,723,0,0,1,0,0
10837,4.1868,0.4611,395,723,0,0,1,0,0
10838,4.3509,0.8237,395,723,0,0,1,0,0
10839,4.2727,0.6746,394,723,0,0,1,0,0
10840,3.8574,0.5005,394,723,0,0,1,0,0
10841,4.152,0.4821,391,723,0,0,1,0,0
10842,4.212,0.6179,391,723,0,0,1,0,0
10843,4.1078,0.6704,391,723,0,0,1,0,0
10844,4.2628,0.7866,391,723,0,0,1,0,0
10845,4.0862,0.4976,390,723,0,0,1,0,0
10846,4.2295,0.5785,388,723,0,0,1,0,0
10847,4.1719,0.5759,388,723,0,0,1,0,0
10848,4.1174,0.7478,388,723,0,0,1,0,0
10849,4.1802,0.7464,378,723,0,0,1,0,0
10850,4.1278,0.7187,378,723,0,0,1,0,0
10851,4.231,0.6477,376,723,0,0,1,0,0
10852,4.162,0.508,376,723,0,0,1,0,0
10853,4.183,0.5581,376,723,0,0,1,0,0
10854,4.1402,0.5198,376,723,0,0,1,0,0
10855,4.1306,0.4763,425,723,0,0,1,0,0
10856,4.1783,0.8153,425,723,0,0,1,0,0
10857,4.1172,0.4452,425,723,0,0,1,0,0
10858,4.2631,0.5148,424,723,0,0,1,0,0
10859,4.1827,0.4864,423,723,0,0,1,0,0
10860,4.0622,0.4312,423,723,0,0,1,0,0
10861,4.2546,0.6597,422,723,0,0,1,0,0
10862,4.1679,0.7364,422,723,0,0,1,0,0
10863,4.3212,0.9842,421,723,0,0,1,0,0
10864,3.958,0.5429,421,723,0,0,1,0,0
10865,4.1361,0.6593,420,723,0,0,1,0,0
10866,4.213,0.4889,419,723,0,0,1,0,0
10867,4.1902,0.455,418,723,0,0,1,0,0
10868,4.181,0.4492,417,723,0,0,1,0,0
10869,4.0711,0.4352,415,723,0,0,1,0,0
10870,4.2819,0.5011,415,723,0,0,1,0,0
10871,4.5414,0.4333,415,723,0,0,1,0,0
10872,3.722,0.4666,415,723,0,0,1,0,0
10873,4.2156,0.4768,415,723,0,0,1,0,0
10874,4.1614,0.746,415,723,0,0,1,0,0
10875,4.1897,0.8109,415,723,0,0,1,0,0
10876,4.0735,0.4622,415,723,0,0,1,0,0
10877,4.4733,0.7064,415,723,0,0,1,0,0
10878,3.9681,0.5764,412,723,0,0,1,0,0
10879,4.0936,0.519,412,723,0,0,1,0,0
10880,4.1985,0.6876,412,723,0,0,1,0,0
10881,4.1055,0.4519,411,723,0,0,1,0,0
10882,4.3328,0.4689,411,723,0,0,1,0,0
10883,3.9851,0.4376,411,723,0,0,1,0,0
10884,4.2543,0.4901,411,723,0,0,1,0,0
10885,4.1623,0.4682,409,723,0,0,1,0,0
10886,4.1217,0.6901,407,723,0,0,1,0,0
10887,4.1937,0.6085,407,723,0,0,1,0,0
10888,4.1082,0.4197,406,723,0,0,1,0,0
10889,4.2369,0.4796,406,723,0,0,1,0,0
10890,4.1006,0.4466,405,723,0,0,1,0,0
10891,4.1708,0.4424,405,723,0,0,1,0,0
10892,4.1737,0.6866,403,723,0,0,1,0,0
10893,4.1595,0.5224,403,723,0,0,1,0,0
10894,4.2348,0.723,403,723,0,0,1,0,0
10895,4.0865,0.4531,400,723,0,0,1,0,0
10896,4.5518,0.7462,399,723,0,0,1,0,0
10897,3.889,0.5207,398,723,0,0,1,0,0
10898,4.3462,0.4866,396,723,0,0,1,0,0
10899,3.9705,0.4963,396,723,0,0,1,0,0
10900,4.1286,0.4958,395,723,0,0,1,0,0
10901,4.1903,0.5718,394,723,0,0,1,0,0
10902,4.1456,0.642,394,723,0,0,1,0,0
10903,4.324,0.5804,393,723,0,0,1,0,0
10904,4.0087,0.559,392,723,0,0,1,0,0
10905,4.1475,0.7822,392,723,0,0,1,0,0
10906,4.2264,0.5257,392,723,0,0,1,0,0
10907,4.1072,0.4709,391,723,0,0,1,0,0
10908,4.2796,0.7484,391,723,0,0,1,0,0
10909,4.1304,0.5936,390,723,0,0,1,0,0
10910,4.099,0.4372,389,723,0,0,1,0,0
10911,4.2258,0.4733,387,723,0,0,1,0,0
10912,4.0943,0.4641,386,723,0,0,1,0,0
10913,4.1942,0.7867,386,723,0,0,1,0,0
10914,4.2131,0.4992,383,723,0,0,1,0,0
10915,4.2065,0.5519,380,723,0,0,1,0,0
10916,4.0561,0.5075,380,723,0,0,1,0,0
10917,4.1643,0.5729,373,723,0,0,1,0,0
10918,4.1632,0.6092,373,723,0,0,1,0,0
10919,4.2315,0.5195,372,723,0,0,1,0,0
10920,4.2571,0.608,372,723,0,0,1,0,0
10921,4.3723,0.7361,372,723,0,0,1,0,0
10922,4.3266,0.5747,422,723,0,0,1,0,0
10923,3.9773,0.9299,422,723,0,0,1,0,0
10924,3.8529,0.4573,420,723,0,0,1,0,0
10925,4.3407,0.6223,418,723,0,0,1,0,0
10926,4.2043,0.8271,417,723,0,0,1,0,0
10927,4.1672,0.4592,417,723,0,0,1,0,0
10928,3.9802,0.483,417,723,0,0,1,0,0
10929,4.0995,0.4234,416,723,0,0,1,0,0
10930,4.2469,0.5254,414,723,0,0,1,0,0
10931,4.1297,0.4336,414,723,0,0,1,0,0
10932,4.2341,0.7467,414,723,0,0,1,0,0
10933,4.2091,0.6105,414,723,0,0,1,0,0
10934,4.5035,0.6917,414,723,0,0,1,0,0
10935,4.1339,0.7929,414,723,0,0,1,0,0
10936,3.7481,0.5216,414,723,0,0,1,0,0
10937,4.3996,0.4483,414,723,0,0,1,0,0
10938,4.1462,0.4557,414,723,0,0,1,0,0
10939,3.9906,0.6512,413,723,0,0,1,0,0
10940,4.5224,0.4528,412,723,0,0,1,0,0
10941,3.776,0.4536,412,723,0,0,1,0,0
10942,4.2235,0.6284,412,723,0,0,1,0,0
10943,4.1513,0.4377,412,723,0,0,1,0,0
10944,4.1572,0.6402,412,723,0,0,1,0,0
10945,4.1898,0.5121,411,723,0,0,1,0,0
10946,4.5391,0.7098,411,723,0,0,1,0,0
10947,4.1068,0.6584,411,723,0,0,1,0,0
10948,3.7747,0.4162,411,723,0,0,1,0,0
10949,4.2503,0.4773,409,723,0,0,1,0,0
10950,4.1562,0.6806,408,723,0,0,1,0,0
10951,4.2166,0.8051,408,723,0,0,1,0,0
10952,4.1016,0.6186,408,723,0,0,1,0,0
10953,4.0887,0.4865,406,723,0,0,1,0,0
10954,4.2039,0.5521,405,723,0,0,1,0,0
10955,4.2125,0.5062,405,723,0,0,1,0,0
10956,4.3101,0.6249,404,723,0,0,1,0,0
10957,4.1662,0.6799,403,723,0,0,1,0,0
10958,4.3821,0.6124,402,723,0,0,1,0,0
10959,3.7447,0.6261,402,723,0,0,1,0,0
10960,4.1894,0.5129,402,723,0,0,1,0,0
10961,4.1681,0.4677,402,723,0,0,1,0,0
10962,4.2537,0.4567,401,723,0,0,1,0,0
10963,4.1798,0.6462,400,723,0,0,1,0,0
10964,4.1154,0.4599,400,723,0,0,1,0,0
10965,4.0924,0.4253,400,723,0,0,1,0,0
10966,4.1687,0.4293,398,723,0,0,1,0,0
10967,4.1855,0.5133,397,723,0,0,1,0,0
10968,4.2513,0.6396,397,723,0,0,1,0,0
10969,4.2391,0.6116,397,723,0,0,1,0,0
10970,4.142,0.4144,395,723,0,0,1,0,0
10971,4.1154,0.536,393,723,0,0,1,0,0
10972,4.0924,0.5317,392,723,0,0,1,0,0
10973,4.4835,0.572,389,723,0,0,1,0,0
10974,3.9251,0.6057,389,723,0,0,1,0,0
10975,4.3012,0.4366,388,723,0,0,1,0,0
10976,3.9785,0.5995,387,723,0,0,1,0,0
10977,4.154,0.4328,386,723,0,0,1,0,0
10978,4.4926,0.6344,384,723,0,0,1,0,0
10979,3.8431,0.4195,384,723,0,0,1,0,0
10980,4.1505,0.5261,382,723,0,0,1,0,0
10981,4.3699,0.5948,382,723,0,0,1,0,0
10982,4.032,0.7641,381,723,0,0,1,0,0
10983,4.146,0.479,380,723,0,0,1,0,0
10984,4.1581,0.4267,373,723,0,0,1,0,0
10985,4.1454,0.4634,373,723,0,0,1,0,0
10986,4.2329,0.4807,370,723,0,0,1,0,0
10987,4.1653,0.5866,370,723,0,0,1,0,0
10988,4.0796,0.4232,370,723,0,0,1,0,0
10989,4.1927,0.4998,370,723,0,0,1,0,0
10990,4.2644,0.5346,420,723,0,0,1,0,0
10991,4.1653,0.4999,420,723,0,0,1,0,0
10992,4.1018,0.4732,419,723,0,0,1,0,0
10993,4.1462,0.5348,418,723,0,0,1,0,0
10994,4.2709,0.443,417,723,0,0,1,0,0
10995,4.0657,0.7422,416,723,0,0,1,0,0
10996,4.1779,0.4288,416,723,0,0,1,0,0
10997,4.198,0.4974,416,723,0,0,1,0,0
10998,4.4741,0.5438,416,723,0,0,1,0,0
10999,4.1325,0.4377,415,723,0,0,1,0,0
11000,3.8904,0.4588,413,723,0,0,1,0,0
11001,4.1079,0.4721,412,723,0,0,1,0,0
11002,4.2315,0.5388,412,723,0,0,1,0,0
11003,4.1092,0.5224,412,723,0,0,1,0,0
11004,4.5165,0.5494,412,723,0,0,1,0,0
11005,3.8899,0.8348,412,723,0,0,1,0,0
11006,4.1059,0.4513,411,723,0,0,1,0,0
11007,4.2282,0.6846,411,723,0,0,1,0,0
11008,4.1451,0.6516,410,723,0,0,1,0,0
11009,4.1831,0.5172,410,723,0,0,1,0,0
11010,4.1737,0.5211,409,723,0,0,1,0,0
11011,4.1184,0.6333,408,723,0,0,1,0,0
11012,4.192,0.4345,408,723,0,0,1,0,0
11013,4.1131,0.4166,407,723,0,0,1,0,0
11014,4.1711,0.6634,407,723,0,0,1,0,0
11015,4.1853,0.4274,407,723,0,0,1,0,0
11016,4.1985,0.4984,405,723,0,0,1,0,0
11017,4.1053,0.4604,403,723,0,0,1,0,0
11018,4.4939,0.5384,402,723,0,0,1,0,0
11019,4.0845,0.6962,402,723,0,0,1,0,0
11020,3.9512,0.426,402,723,0,0,1,0,0
11021,4.2049,0.4991,401,723,0,0,1,0,0
11022,4.1814,0.5424,401,723,0,0,1,0,0
11023,4.2846,0.4894,401,723,0,0,1,0,0
11024,3.9761,0.5248,401,723,0,0,1,0,0
11025,4.1325,0.4319,401,723,0,0,1,0,0
11026,4.31,0.7373,401,723,0,0,1,0,0
11027,4.0654,0.5031,401,723,0,0,1,0,0
11028,4.5603,0.6879,401,723,0,0,1,0,0
11029,3.7996,0.6593,401,723,0,0,1,0,0
11030,4.1485,0.6387,401,723,0,0,1,0,0
11031,4.1974,0.4986,400,723,0,0,1,0,0
11032,4.0995,0.4751,398,723,0,0,1,0,0
11033,4.6107,0.7241,398,723,0,0,1,0,0
11034,3.7578,0.713,398,723,0,0,1,0,0
11035,4.1547,0.4417,398,723,0,0,1,0,0
11036,4.4347,0.6421,398,723,0,0,1,0,0
11037,3.8641,0.577,396,723,0,0,1,0,0
11038,4.2665,0.4587,396,723,0,0,1,0,0
11039,4.1196,0.4425,396,723,0,0,1,0,0
11040,4.2148,0.5659,396,723,0,0,1,0,0
11041,4.1426,0.4935,395,723,0,0,1,0,0
11042,4.3742,0.6551,395,723,0,0,1,0,0
11043,3.9715,0.5212,395,723,0,0,1,0,0
11044,4.1165,0.4387,394,723,0,0,1,0,0
11045,4.2788,0.6275,394,723,0,0,1,0,0
11046,4.0709,0.4531,394,723,0,0,1,0,0
11047,4.29,0.6232,393,723,0,0,1,0,0
11048,4.0188,0.4247,393,723,0,0,1,0,0
11049,4.172,0.4985,391,723,0,0,1,0,0
11050,4.2769,0.6589,391,723,0,0,1,0,0
11051,4.0901,0.4296,384,723,0,0,1,0,0
11052,4.1973,0.5177,383,723,0,0,1,0,0
11053,4.1222,0.4769,379,723,0,0,1,0,0
11054,4.2478,0.4711,379,723,0,0,1,0,0
11055,4.1018,0.4641,378,723,0,0,1,0,0
11056,4.1053,0.4422,378,723,0,0,1,0,0
11057,4.364,0.689,428,723,0,0,1,0,0
11058,4.067,0.5094,428,723,0,0,1,0,0
11059,4.1665,0.5283,428,723,0,0,1,0,0
11060,4.1487,0.5103,427,723,0,0,1,0,0
11061,4.1155,0.5068,426,723,0,0,1,0,0
11062,4.1758,0.59,426,723,0,0,1,0,0
11063,4.2383,0.6432,425,723,0,0,1,0,0
11064,4.1653,0.7879,425,723,0,0,1,0,0
11065,4.1801,0.588,424,723,0,0,1,0,0
11066,4.1364,0.4478,423,723,0,0,1,0,0
11067,4.1688,0.4915,423,723,0,0,1,0,0
11068,4.0723,0.5029,423,723,0,0,1,0,0
11069,4.2834,0.8301,421,723,0,0,1,0,0
11070,4.2702,0.7006,421,723,0,0,1,0,0
11071,4.0239,0.4397,420,723,0,0,1,0,0
11072,4.2136,0.6273,418,723,0,0,1,0,0
11073,4.0759,0.4448,417,723,0,0,1,0,0
11074,4.2255,0.545,416,723,0,0,1,0,0
11075,4.1991,0.5024,416,723,0,0,1,0,0
11076,4.0651,0.49,415,723,0,0,1,0,0
11077,4.3385,0.6042,415,723,0,0,1,0,0
11078,4.4066,0.6733,415,723,0,0,1,0,0
11079,3.8303,0.5219,414,723,0,0,1,0,0
11080,4.1425,0.4816,414,723,0,0,1,0,0
11081,4.4295,0.4415,413,723,0,0,1,0,0
11082,3.9362,0.4354,413,723,0,0,1,0,0
11083,4.2091,0.4456,412,723,0,0,1,0,0
11084,4.2985,0.5885,411,723,0,0,1,0,0
11085,3.9097,0.4279,410,723,0,0,1,0,0
11086,4.5305,0.6802,410,723,0,0,1,0,0
11087,3.8197,0.4199,410,723,0,0,1,0,0
11088,4.1668,0.4496,409,723,0,0,1,0,0
11089,4.1933,0.4318,408,723,0,0,1,0,0
11090,4.2328,0.433,408,723,0,0,1,0,0
11091,4.1467,0.5312,406,723,0,0,1,0,0
11092,4.0938,0.4839,406,723,0,0,1,0,0
11093,4.1963,0.6797,405,723,0,0,1,0,0
11094,4.2482,0.9349,405,723,0,0,1,0,0
11095,4.227,0.5038,403,723,0,0,1,0,0
11096,4.0593,0.7223,401,723,0,0,1,0,0
11097,4.0728,0.4462,399,723,0,0,1,0,0
11098,4.302,0.5003,399,723,0,0,1,0,0
11099,4.1115,0.5251,399,723,0,0,1,0,0
11100,4.1844,0.4458,399,723,0,0,1,0,0
11101,4.1529,0.6517,399,723,0,0,1,0,0
11102,4.4117,0.7438,397,723,0,0,1,0,0
11103,3.8858,0.5,397,723,0,0,1,0,0
11104,4.1445,0.4628,395,723,0,0,1,0,0
11105,4.2333,0.4624,395,723,0,0,1,0,0
11106,4.1742,0.4473,394,723,0,0,1,0,0
11107,4.1937,0.6228,393,723,0,0,1,0,0
11108,4.119,0.7692,393,723,0,0,1,0,0
11109,4.1237,0.4312,393,723,0,0,1,0,0
11110,4.2703,0.4822,391,723,0,0,1,0,0
11111,4.1545,0.4837,391,723,0,0,1,0,0
11112,4.0615,0.4181,391,723,0,0,1,0,0
11113,4.2493,0.426,391,723,0,0,1,0,0
11114,4.4578,0.4757,391,723,0,0,1,0,0
11115,3.8038,0.4708,391,723,0,0,1,0,0
11116,4.1965,0.4756,390,723,0,0,1,0,0
11117,4.1209,0.4233,389,723,0,0,1,0,0
11118,4.2328,0.4452,381,723,0,0,1,0,0
11119,4.3052,0.4227,381,723,0,0,1,0,0
11120,4.0076,0.6371,381,723,0,0,1,0,0
11121,4.1382,0.4289,380,723,0,0,1,0,0
11122,4.5004,0.6598,379,723,0,0,1,0,0
11123,3.9144,0.467,379,723,0,0,1,0,0
11124,4.0889,0.6469,428,723,0,0,1,0,0
11125,4.2272,0.4605,428,723,0,0,1,0,0
11126,4.1243,0.7851,427,723,0,0,1,0,0
11127,4.3396,0.6799,426,723,0,0,1,0,0
11128,4.0074,0.44,425,723,0,0,1,0,0
11129,4.5263,0.5197,422,723,0,0,1,0,0
11130,3.8403,0.5406,422,723,0,0,1,0,0
11131,4.1679,0.7208,422,723,0,0,1,0,0
11132,4.1033,0.5114,420,723,0,0,1,0,0
11133,4.1668,0.467,420,723,0,0,1,0,0
11134,4.4255,0.5362,420,723,0,0,1,0,0
11135,3.9161,0.4722,418,723,0,0,1,0,0
11136,4.2353,0.5155,417,723,0,0,1,0,0
11137,4.1361,0.4783,417,723,0,0,1,0,0
11138,4.2851,0.4544,417,723,0,0,1,0,0
11139,4.025,0.8281,417,723,0,0,1,0,0
11140,4.162,0.4336,416,723,0,0,1,0,0
11141,4.2349,0.4751,416,723,0,0,1,0,0
11142,4.1663,0.476,416,723,0,0,1,0,0
11143,4.5018,0.4657,414,723,0,0,1,0,0
11144,3.7689,0.5801,413,723,0,0,1,0,0
11145,4.1219,0.4926,412,723,0,0,1,0,0
11146,4.3586,0.7717,412,723,0,0,1,0,0
11147,4.0057,0.4975,412,723,0,0,1,0,0
11148,4.1973,0.5411,412,723,0,0,1,0,0
11149,4.1574,0.4878,408,723,0,0,1,0,0
11150,4.1606,0.6149,407,723,0,0,1,0,0
11151,4.1985,0.4454,406,723,0,0,1,0,0
11152,4.1256,0.4657,406,723,0,0,1,0,0
11153,4.225,0.4978,405,723,0,0,1,0,0
11154,4.1712,0.5414,404,723,0,0,1,0,0
11155,4.5197,0.613,404,723,0,0,1,0,0
11156,3.7996,0.475,404,723,0,0,1,0,0
11157,4.1408,0.6156,404,723,0,0,1,0,0
11158,4.2979,0.4499,402,723,0,0,1,0,0
11159,4.0047,0.459,401,723,0,0,1,0,0
11160,4.192,0.4991,400,723,0,0,1,0,0
11161,4.1596,0.4641,399,723,0,0,1,0,0
11162,4.2547,0.4293,399,723,0,0,1,0,0
11163,4.1211,0.4243,399,723,0,0,1,0,0
11164,4.1058,0.4431,397,723,0,0,1,0,0
11165,4.2335,0.4755,392,723,0,0,1,0,0
11166,4.1158,0.4143,392,723,0,0,1,0,0
11167,4.1421,0.4231,392,723,0,0,1,0,0
11168,4.2318,0.4912,392,723,0,0,1,0,0
11169,4.0996,0.6683,391,723,0,0,1,0,0
11170,4.2416,0.5966,389,723,0,0,1,0,0
11171,4.0766,0.3989,387,723,0,0,1,0,0
11172,4.3225,0.4667,386,723,0,0,1,0,0
11173,4.1218,0.455,386,723,0,0,1,0,0
11174,4.1036,0.4254,386,723,0,0,1,0,0
11175,4.1991,0.6405,385,723,0,0,1,0,0
11176,4.0991,0.4445,384,723,0,0,1,0,0
11177,4.3079,0.4189,382,723,0,0,1,0,0
11178,4.1268,0.4614,382,723,0,0,1,0,0
11179,4.1563,0.4695,382,723,0,0,1,0,0
11180,4.1277,0.4553,382,723,0,0,1,0,0
11181,4.1318,0.5098,382,723,0,0,1,0,0
11182,4.2451,0.6157,382,723,0,0,1,0,0
11183,4.5441,0.4341,382,723,0,0,1,0,0
11184,3.7696,0.4691,381,723,0,0,1,0,0
11185,4.1814,0.4915,374,723,0,0,1,0,0
11186,4.5452,0.4488,374,723,0,0,1,0,0
11187,3.7854,0.4633,374,723,0,0,1,0,0
11188,4.1336,0.4204,373,723,0,0,1,0,0
11189,4.3106,0.6902,372,723,0,0,1,0,0
11190,4.2156,0.743,370,723,0,0,1,0,0
11191,4.0149,0.4919,419,723,0,0,1,0,0
11192,4.1867,0.4891,419,723,0,0,1,0,0
11193,4.07,0.4399,418,723,0,0,1,0,0
11194,4.1893,0.4959,418,723,0,0,1,0,0
11195,4.1097,0.4172,415,723,0,0,1,0,0
11196,4.3377,0.6794,414,723,0,0,1,0,0
11197,4.088,0.5051,414,723,0,0,1,0,0
11198,4.1611,0.4676,412,723,0,0,1,0,0
11199,4.2026,0.4608,412,723,0,0,1,0,0
11200,4.1029,0.4492,410,723,0,0,1,0,0
11201,4.136,0.9119,409,723,0,0,1,0,0
11202,4.2806,0.6925,409,723,0,0,1,0,0
11203,4.0927,0.4857,409,723,0,0,1,0,0
11204,4.1786,0.712,409,723,0,0,1,0,0
11205,4.0993,0.4905,409,723,0,0,1,0,0
11206,4.5611,0.7901,409,723,0,0,1,0,0
11207,3.8196,0.5194,408,723,0,0,1,0,0
11208,4.2439,0.639,408,723,0,0,1,0,0
11209,4.2391,0.529,408,723,0,0,1,0,0
11210,4.4451,0.7238,407,723,0,0,1,0,0
11211,3.7218,0.4986,406,723,0,0,1,0,0
11212,4.1358,0.4339,405,723,0,0,1,0,0
11213,4.2523,0.6574,405,723,0,0,1,0,0
11214,4.2614,0.6383,403,723,0,0,1,0,0
11215,4.0792,0.6831,403,723,0,0,1,0,0
11216,4.5342,0.6687,403,723,0,0,1,0,0
11217,3.7015,0.4179,402,723,0,0,1,0,0
11218,4.1648,0.4112,402,723,0,0,1,0,0
11219,4.2836,0.6281,402,723,0,0,1,0,0
11220,4.1406,1.1388,401,723,0,0,1,0,0
11221,4.1504,0.6656,401,723,0,0,1,0,0
11222,4.191,0.68,401,723,0,0,1,0,0
11223,4.1514,0.4146,399,723,0,0,1,0,0
11224,4.1127,0.3641,398,723,0,0,1,0,0
11225,4.5405,0.6373,395,723,0,0,1,0,0
11226,3.8367,0.5911,394,723,0,0,1,0,0
11227,4.35,0.4249,392,723,0,0,1,0,0
11228,4.0088,0.419,391,723,0,0,1,0,0
11229,4.1026,0.3663,391,723,0,0,1,0,0
11230,4.2199,0.403,391,723,0,0,1,0,0
11231,4.1962,0.3876,391,723,0,0,1,0,0
11232,4.1033,0.4733,390,723,0,0,1,0,0
11233,4.5244,0.4082,389,723,0,0,1,0,0
11234,3.9238,0.3172,388,723,0,0,1,0,0
11235,4.0702,0.4925,386,723,0,0,1,0,0
11236,4.1013,0.4793,385,723,0,0,1,0,0
11237,4.2163,0.5067,385,723,0,0,1,0,0
11238,4.2381,0.6283,385,723,0,0,1,0,0
11239,4.1766,0.4333,384,723,0,0,1,0,0
11240,4.0967,0.4383,384,723,0,0,1,0,0
11241,4.1131,0.4312,384,723,0,0,1,0,0
11242,4.2112,0.4713,383,723,0,0,1,0,0
11243,4.2295,0.48,382,723,0,0,1,0,0
11244,4.0562,0.4779,381,723,0,0,1,0,0
11245,4.2048,0.557,381,723,0,0,1,0,0
11246,4.2177,0.616,380,723,0,0,1,0,0
11247,4.2763,0.6716,380,723,0,0,1,0,0
11248,3.9911,0.4337,379,723,0,0,1,0,0
11249,4.2037,0.4795,379,723,0,0,1,0,0
11250,4.467,0.6113,379,723,0,0,1,0,0
11251,3.9408,0.6978,379,723,0,0,1,0,0
11252,4.4472,0.594,378,723,0,0,1,0,0
11253,3.7742,0.4526,371,723,0,0,1,0,0
11254,4.505,0.5407,369,723,0,0,1,0,0
11255,3.8345,0.5006,367,723,0,0,1,0,0
11256,4.2202,0.7316,366,723,0,0,1,0,0
11257,4.1405,0.6128,365,723,0,0,1,0,0
11258,4.2213,0.4812,414,723,0,0,1,0,0
11259,4.2356,0.6487,414,723,0,0,1,0,0
11260,4.0937,0.4911,412,723,0,0,1,0,0
11261,4.4894,0.633,412,723,0,0,1,0,0
11262,3.8288,0.4945,412,723,0,0,1,0,0
11263,4.0835,0.449,412,723,0,0,1,0,0
11264,4.2121,0.6034,412,723,0,0,1,0,0
11265,4.2003,0.6943,412,723,0,0,1,0,0
11266,4.186,0.5021,412,723,0,0,1,0,0
11267,4.0856,0.6487,412,723,0,0,1,0,0
11268,4.1852,0.4987,411,723,0,0,1,0,0
11269,4.1683,0.5378,410,723,0,0,1,0,0
11270,4.1835,0.7673,410,723,0,0,1,0,0
11271,4.2262,1.106,409,723,0,0,1,0,0
11272,4.0631,0.8224,407,723,0,0,1,0,0
11273,4.2386,0.511,407,723,0,0,1,0,0
11274,4.1964,0.5081,406,723,0,0,1,0,0
11275,4.1658,0.5051,405,723,0,0,1,0,0
11276,4.1085,0.5257,403,723,0,0,1,0,0
11277,4.1117,0.4328,403,723,0,0,1,0,0
11278,4.3894,0.6917,403,723,0,0,1,0,0
11279,3.9796,0.4293,403,723,0,0,1,0,0
11280,4.1802,0.5172,403,723,0,0,1,0,0
11281,4.2,0.4774,403,723,0,0,1,0,0
11282,4.3728,0.5132,403,723,0,0,1,0,0
11283,3.9283,0.6657,403,723,0,0,1,0,0
11284,4.1327,0.4813,401,723,0,0,1,0,0
11285,4.1706,0.4854,400,723,0,0,1,0,0
11286,4.215,0.8011,399,723,0,0,1,0,0
11287,4.119,0.4928,399,723,0,0,1,0,0
11288,4.2078,0.587,399,723,0,0,1,0,0
11289,4.1394,0.5341,397,723,0,0,1,0,0
11290,4.2938,0.6946,397,723,0,0,1,0,0
11291,4.0153,0.7126,396,723,0,0,1,0,0
11292,4.2103,0.5043,396,723,0,0,1,0,0
11293,4.1961,0.52,396,723,0,0,1,0,0
11294,4.4876,0.6058,396,723,0,0,1,0,0
11295,3.8158,0.527,396,723,0,0,1,0,0
11296,4.1199,0.4901,396,723,0,0,1,0,0
11297,4.28,0.5661,394,723,0,0,1,0,0
11298,4.4029,0.6035,394,723,0,0,1,0,0
11299,3.9202,0.5024,393,723,0,0,1,0,0
11300,4.1683,0.481,393,723,0,0,1,0,0
11301,4.0916,0.5724,393,723,0,0,1,0,0
11302,4.2008,0.6017,390,723,0,0,1,0,0
11303,4.245,0.6344,389,723,0,0,1,0,0
11304,4.0441,0.4271,388,723,0,0,1,0,0
11305,4.216,0.4811,387,723,0,0,1,0,0
11306,4.2029,0.4099,384,723,0,0,1,0,0
11307,4.378,0.4179,382,723,0,0,1,0,0
11308,3.8797,0.424,382,723,0,0,1,0,0
11309,4.2816,0.6908,381,723,0,0,1,0,0
11310,4.1038,0.4952,378,723,0,0,1,0,0
11311,4.0736,0.4086,377,723,0,0,1,0,0
11312,4.2697,0.4588,377,723,0,0,1,0,0
11313,4.0763,0.438,377,723,0,0,1,0,0
11314,4.1638,0.5874,376,723,0,0,1,0,0
11315,4.2865,0.4349,375,723,0,0,1,0,0
11316,4.0868,0.431,375,723,0,0,1,0,0
11317,4.1872,0.476,374,723,0,0,1,0,0
11318,4.1196,0.414,374,723,0,0,1,0,0
11319,4.1891,0.4342,374,723,0,0,1,0,0
11320,4.1922,0.4623,366,723,0,0,1,0,0
11321,4.1893,0.6377,365,723,0,0,1,0,0
11322,4.2843,0.6434,365,723,0,0,1,0,0
11323,4.0386,0.7787,365,723,0,0,1,0,0
11324,4.1361,0.5172,363,723,0,0,1,0,0
11325,4.1339,0.5078,363,723,0,0,1,0,0
11326,4.2893,0.7232,413,723,0,0,1,0,0
11327,4.1511,0.4989,411,723,0,0,1,0,0
11328,4.2132,0.7006,411,723,0,0,1,0,0
11329,4.0829,0.5307,410,723,0,0,1,0,0
11330,4.1892,0.4563,408,723,0,0,1,0,0
11331,4.1566,0.4863,408,723,0,0,1,0,0
11332,4.0955,0.472,408,723,0,0,1,0,0
11333,4.2033,0.5582,407,723,0,0,1,0,0
11334,4.285,0.6883,407,723,0,0,1,0,0
11335,4.1038,0.4244,406,723,0,0,1,0,0
11336,4.1165,0.5011,406,723,0,0,1,0,0
11337,4.1158,0.4246,406,723,0,0,1,0,0
11338,4.2377,0.7228,406,723,0,0,1,0,0
11339,4.2033,0.4644,406,723,0,0,1,0,0
11340,4.1369,0.6854,406,723,0,0,1,0,0
11341,4.153,0.4791,406,723,0,0,1,0,0
11342,4.176,0.551,406,723,0,0,1,0,0
11343,4.4485,0.6496,406,723,0,0,1,0,0
11344,3.8305,0.5593,406,723,0,0,1,0,0
11345,4.2502,0.7089,405,723,0,0,1,0,0
11346,4.1269,0.554,405,723,0,0,1,0,0
11347,4.1984,0.8147,405,723,0,0,1,0,0
11348,4.169,0.6827,405,723,0,0,1,0,0
11349,4.0991,0.4723,405,723,0,0,1,0,0
11350,4.2325,0.4367,405,723,0,0,1,0,0
11351,4.182,0.4901,405,723,0,0,1,0,0
11352,4.1628,0.4531,405,723,0,0,1,0,0
11353,4.2188,0.6833,404,723,0,0,1,0,0
11354,4.1747,0.4404,404,723,0,0,1,0,0
11355,4.3833,0.6031,403,723,0,0,1,0,0
11356,3.8188,0.4323,403,723,0,0,1,0,0
11357,4.1841,0.4537,403,723,0,0,1,0,0
11358,4.2248,0.4199,402,723,0,0,1,0,0
11359,4.0424,0.4142,402,723,0,0,1,0,0
11360,4.2469,0.4849,401,723,0,0,1,0,0
11361,4.1397,0.4316,400,723,0,0,1,0,0
11362,4.2152,0.6023,400,723,0,0,1,0,0
11363,4.18,0.4614,400,723,0,0,1,0,0
11364,4.1239,0.5673,399,723,0,0,1,0,0
11365,4.2193,0.4768,399,723,0,0,1,0,0
11366,4.2085,0.6516,397,723,0,0,1,0,0
11367,4.0518,0.4926,396,723,0,0,1,0,0
11368,4.138,0.4428,396,723,0,0,1,0,0
11369,4.2596,0.521,394,723,0,0,1,0,0
11370,4.1672,0.5198,392,723,0,0,1,0,0
11371,4.0815,0.7181,392,723,0,0,1,0,0
11372,4.3178,0.5857,390,723,0,0,1,0,0
11373,4.0315,0.5066,389,723,0,0,1,0,0
11374,4.5552,0.6336,389,723,0,0,1,0,0
11375,4.1631,0.7238,386,723,0,0,1,0,0
11376,3.8553,0.6131,384,723,0,0,1,0,0
11377,4.1601,0.7044,383,723,0,0,1,0,0
11378,4.1665,0.5243,383,723,0,0,1,0,0
11379,4.1331,0.5568,382,723,0,0,1,0,0
11380,4.5346,0.5488,381,723,0,0,1,0,0
11381,3.8354,0.5307,380,723,0,0,1,0,0
11382,4.4273,0.4623,379,723,0,0,1,0,0
11383,3.8336,0.4532,379,723,0,0,1,0,0
11384,4.2392,0.6398,379,723,0,0,1,0,0
11385,4.0803,0.4495,379,723,0,0,1,0,0
11386,4.2626,0.5032,379,723,0,0,1,0,0
11387,4.1004,0.453,372,723,0,0,1,0,0
11388,4.218,0.4839,370,723,0,0,1,0,0
11389,4.1344,0.5103,369,723,0,0,1,0,0
11390,4.1617,0.4036,368,723,0,0,1,0,0
11391,4.235,0.6686,368,723,0,0,1,0,0
11392,4.0889,0.4039,368,723,0,0,1,0,0
11393,4.2642,0.5086,418,723,0,0,1,0,0
11394,4.1251,0.4824,418,723,0,0,1,0,0
11395,4.2284,0.7003,417,723,0,0,1,0,0
11396,4.0843,0.6717,415,723,0,0,1,0,0
11397,4.2385,0.7688,413,723,0,0,1,0,0
11398,4.6344,0.6888,411,723,0,0,1,0,0
11399,3.6611,0.5026,409,723,0,0,1,0,0
11400,4.5023,0.4444,408,723,0,0,1,0,0
11401,4.1922,0.6484,407,723,0,0,1,0,0
11402,3.8495,0.5529,407,723,0,0,1,0,0
11403,4.2307,0.6507,407,723,0,0,1,0,0
11404,4.001,0.8027,406,723,0,0,1,0,0
11405,4.1743,0.4519,406,723,0,0,1,0,0
11406,4.1928,0.6969,406,723,0,0,1,0,0
11407,4.1494,0.4483,406,723,0,0,1,0,0
11408,4.1818,0.6888,404,723,0,0,1,0,0
11409,4.1567,0.6679,404,723,0,0,1,0,0
11410,4.3163,0.684,404,723,0,0,1,0,0
11411,4.0418,0.4698,403,723,0,0,1,0,0
11412,4.1693,0.645,403,723,0,0,1,0,0
11413,4.4865,0.4663,402,723,0,0,1,0,0
11414,3.9335,0.5222,402,723,0,0,1,0,0
11415,4.2979,0.7705,400,723,0,0,1,0,0
11416,3.8839,0.4625,400,723,0,0,1,0,0
11417,4.4477,0.6481,400,723,0,0,1,0,0
11418,3.8697,0.5097,400,723,0,0,1,0,0
11419,4.1856,0.4832,399,723,0,0,1,0,0
11420,4.3961,0.6945,399,723,0,0,1,0,0
11421,3.8986,0.7465,398,723,0,0,1,0,0
11422,4.376,0.516,397,723,0,0,1,0,0
11423,4.059,0.5206,397,723,0,0,1,0,0
11424,4.6053,0.4463,395,723,0,0,1,0,0
11425,4.1549,0.4857,395,723,0,0,1,0,0
11426,3.7218,0.4472,395,723,0,0,1,0,0
11427,4.4571,0.6536,395,723,0,0,1,0,0
11428,3.8756,0.4505,394,723,0,0,1,0,0
11429,4.2565,0.709,394,723,0,0,1,0,0
11430,4.1853,0.7107,393,723,0,0,1,0,0
11431,4.0002,0.4306,393,723,0,0,1,0,0
11432,4.4602,0.627,393,723,0,0,1,0,0
11433,3.822,0.4289,393,723,0,0,1,0,0
11434,4.4673,0.4945,392,723,0,0,1,0,0
11435,3.9997,0.4315,392,723,0,0,1,0,0
11436,4.5104,0.5529,389,723,0,0,1,0,0
11437,4.179,0.6421,388,723,0,0,1,0,0
11438,3.8164,0.4333,388,723,0,0,1,0,0
11439,4.4315,0.4276,388,723,0,0,1,0,0
11440,4.1171,0.4351,387,723,0,0,1,0,0
11441,3.9507,0.6833,386,723,0,0,1,0,0
11442,4.2732,0.6733,385,723,0,0,1,0,0
11443,4.4559,0.649,384,723,0,0,1,0,0
11444,4.0298,0.6884,384,723,0,0,1,0,0
11445,3.8438,0.5229,384,723,0,0,1,0,0
11446,4.225,0.6506,384,723,0,0,1,0,0
11447,4.2987,0.4249,384,723,0,0,1,0,0
11448,4.0067,0.5141,383,723,0,0,1,0,0
11449,4.1664,0.4961,383,723,0,0,1,0,0
11450,4.1236,0.4316,382,723,0,0,1,0,0
11451,4.2057,0.4664,382,723,0,0,1,0,0
11452,4.1097,0.4212,381,723,0,0,1,0,0
11453,4.2505,0.6118,381,723,0,0,1,0,0
11454,4.15,0.6014,374,723,0,0,1,0,0
11455,4.1652,0.5027,372,723,0,0,1,0,0
11456,4.4882,0.8758,371,723,0,0,1,0,0
11457,3.7996,0.5277,371,723,0,0,1,0,0
11458,4.2452,0.6916,369,723,0,0,1,0,0
11459,4.1054,0.5083,369,723,0,0,1,0,0
11460,4.2207,0.5164,417,723,0,0,1,0,0
11461,4.1332,0.6017,416,723,0,0,1,0,0
11462,4.1496,0.7085,416,723,0,0,1,0,0
11463,4.1865,0.4855,416,723,0,0,1,0,0
11464,4.139,0.4469,416,723,0,0,1,0,0
11465,4.1986,0.5799,416,723,0,0,1,0,0
11466,4.2313,0.7369,416,723,0,0,1,0,0
11467,4.1824,0.5214,415,723,0,0,1,0,0
11468,4.1332,0.4932,415,723,0,0,1,0,0
11469,4.0702,0.4285,414,723,0,0,1,0,0
11470,4.2358,0.4798,413,723,0,0,1,0,0
11471,4.4325,0.439,412,723,0,0,1,0,0
11472,3.8843,0.6796,412,723,0,0,1,0,0
11473,4.282,0.6394,410,723,0,0,1,0,0
11474,4.0101,0.5811,409,723,0,0,1,0,0
11475,4.5971,0.4908,409,723,0,0,1,0,0
11476,3.7238,0.4799,409,723,0,0,1,0,0
11477,4.2119,0.5913,408,723,0,0,1,0,0
11478,4.2183,0.5181,408,723,0,0,1,0,0
11479,4.0838,0.5034,407,723,0,0,1,0,0
11480,4.2097,0.5343,406,723,0,0,1,0,0
11481,4.1018,0.4745,405,723,0,0,1,0,0
11482,4.2166,0.5025,405,723,0,0,1,0,0
11483,4.4608,0.4422,405,723,0,0,1,0,0
11484,3.8832,0.5819,405,723,0,0,1,0,0
11485,4.2834,0.7086,405,723,0,0,1,0,0
11486,4.3231,0.6944,405,723,0,0,1,0,0
11487,3.9246,0.4846,405,723,0,0,1,0,0
11488,4.0875,0.4507,405,723,0,0,1,0,0
11489,4.4906,0.6065,405,723,0,0,1,0,0
11490,3.8595,0.4356,404,723,0,0,1,0,0
11491,4.3649,0.627,404,723,0,0,1,0,0
11492,4.0033,0.4742,404,723,0,0,1,0,0
11493,4.1069,0.4279,403,723,0,0,1,0,0
11494,4.2606,0.6055,403,723,0,0,1,0,0
11495,4.2012,0.467,402,723,0,0,1,0,0
11496,4.0975,0.4865,400,723,0,0,1,0,0
11497,4.1611,0.6074,400,723,0,0,1,0,0
11498,4.1396,0.4224,399,723,0,0,1,0,0
11499,4.1897,0.4529,399,723,0,0,1,0,0
11500,4.1675,0.4346,398,723,0,0,1,0,0
11501,4.2651,0.4889,397,723,0,0,1,0,0
11502,4.1175,0.5288,397,723,0,0,1,0,0
11503,4.0665,0.4189,397,723,0,0,1,0,0
11504,4.3358,0.6891,397,723,0,0,1,0,0
11505,4.0169,0.4487,396,723,0,0,1,0,0
11506,4.2464,0.5398,396,723,0,0,1,0,0
11507,4.1649,0.6524,396,723,0,0,1,0,0
11508,4.1761,0.5773,395,723,0,0,1,0,0
11509,4.108,0.726,394,723,0,0,1,0,0
11510,4.2766,0.7042,390,723,0,0,1,0,0
11511,4.1666,0.5287,389,723,0,0,1,0,0
11512,4.0352,0.4579,387,723,0,0,1,0,0
11513,4.6156,0.7434,387,723,0,0,1,0,0
11514,3.9681,0.473,387,723,0,0,1,0,0
11515,4.0002,0.6391,386,723,0,0,1,0,0
11516,4.1569,0.4543,386,723,0,0,1,0,0
11517,4.1575,0.7131,385,723,0,0,1,0,0
11518,4.1515,0.4797,384,723,0,0,1,0,0
11519,4.1899,0.6573,384,723,0,0,1,0,0
11520,4.0959,0.452,384,723,0,0,1,0,0
11521,4.43,0.7179,377,723,0,0,1,0,0
11522,3.8782,0.4036,376,723,0,0,1,0,0
11523,4.3216,0.7507,375,723,0,0,1,0,0
11524,4.0564,0.4071,374,723,0,0,1,0,0
11525,4.2252,0.4667,374,723,0,0,1,0,0
11526,4.1947,0.4454,373,723,0,0,1,0,0
11527,4.0641,0.4352,421,723,0,0,1,0,0
11528,4.2422,0.4475,421,723,0,0,1,0,0
11529,4.1445,0.6116,421,723,0,0,1,0,0
11530,4.2474,0.5029,418,723,0,0,1,0,0
11531,4.0551,0.5852,418,723,0,0,1,0,0
11532,4.2165,0.5544,418,723,0,0,1,0,0
11533,4.1329,0.5481,418,723,0,0,1,0,0
11534,4.1715,0.46,418,723,0,0,1,0,0
11535,4.2372,0.6577,415,723,0,0,1,0,0
11536,4.0628,0.4524,415,723,0,0,1,0,0
11537,4.5408,0.6274,415,723,0,0,1,0,0
11538,3.886,0.4815,415,723,0,0,1,0,0
11539,4.1275,0.6101,415,723,0,0,1,0,0
11540,4.1444,0.4928,414,723,0,0,1,0,0
11541,4.1176,0.5731,412,723,0,0,1,0,0
11542,4.3564,0.4412,411,723,0,0,1,0,0
11543,4.0584,0.6417,410,723,0,0,1,0,0
11544,4.1448,0.665,410,723,0,0,1,0,0
11545,4.1766,0.4645,410,723,0,0,1,0,0
11546,4.3414,0.4508,410,723,0,0,1,0,0
11547,3.9747,0.6469,410,723,0,0,1,0,0
11548,4.2047,0.4767,410,723,0,0,1,0,0
11549,4.1463,0.5176,410,723,0,0,1,0,0
11550,4.2009,0.5526,408,723,0,0,1,0,0
11551,4.0534,0.5053,408,723,0,0,1,0,0
11552,4.2351,0.5414,408,723,0,0,1,0,0
11553,4.1074,0.8132,407,723,0,0,1,0,0
11554,4.2859,0.7091,407,723,0,0,1,0,0
11555,4.13,0.6175,407,723,0,0,1,0,0
11556,4.1757,0.5163,407,723,0,0,1,0,0
11557,4.1009,0.4415,407,723,0,0,1,0,0
11558,4.6286,0.761,407,723,0,0,1,0,0
11559,4.0016,0.4303,406,723,0,0,1,0,0
11560,3.8772,0.4382,406,723,0,0,1,0,0
11561,4.3323,0.6382,405,723,0,0,1,0,0
11562,4.0504,0.4764,405,723,0,0,1,0,0
11563,4.1812,0.4998,404,723,0,0,1,0,0
11564,4.1324,0.467,403,723,0,0,1,0,0
11565,4.1412,0.574,402,723,0,0,1,0,0
11566,4.1993,0.5939,401,723,0,0,1,0,0
11567,4.2346,0.6759,401,723,0,0,1,0,0
11568,4.3677,0.7908,400,723,0,0,1,0,0
11569,3.9224,0.5098,400,723,0,0,1,0,0
11570,4.1486,0.6521,400,723,0,0,1,0,0
11571,4.1512,0.5329,399,723,0,0,1,0,0
11572,4.1448,0.4581,398,723,0,0,1,0,0
11573,4.2869,0.6954,397,723,0,0,1,0,0
11574,4.1239,0.5581,397,723,0,0,1,0,0
11575,4.0911,0.4684,395,723,0,0,1,0,0
11576,4.2475,0.544,395,723,0,0,1,0,0
11577,4.0822,0.5033,394,723,0,0,1,0,0
11578,4.1951,0.6453,393,723,0,0,1,0,0
11579,4.2197,0.5208,393,723,0,0,1,0,0
11580,4.1922,0.7461,392,723,0,0,1,0,0
11581,4.0817,0.5575,392,723,0,0,1,0,0
11582,4.234,0.6047,391,723,0,0,1,0,0
11583,4.1724,0.5515,391,723,0,0,1,0,0
11584,4.1578,0.4882,388,723,0,0,1,0,0
11585,4.0596,0.706,388,723,0,0,1,0,0
11586,4.3326,0.6655,388,723,0,0,1,0,0
11587,4.0005,0.515,387,723,0,0,1,0,0
11588,4.2166,0.5292,387,723,0,0,1,0,0
11589,4.1077,0.4671,380,723,0,0,1,0,0
11590,4.2155,0.6685,380,723,0,0,1,0,0
11591,4.2309,0.4899,380,723,0,0,1,0,0
11592,4.218,0.6725,380,723,0,0,1,0,0
11593,4.0589,0.5686,379,723,0,0,1,0,0
11594,4.1335,0.5491,428,723,0,0,1,0,0
11595,4.1494,0.4514,428,723,0,0,1,0,0
11596,4.2089,0.4618,428,723,0,0,1,0,0
11597,4.178,0.5751,428,723,0,0,1,0,0
11598,4.2313,0.5594,428,723,0,0,1,0,0
11599,4.0684,0.4366,427,723,0,0,1,0,0
11600,4.1936,0.6402,426,723,0,0,1,0,0
11601,4.122,0.455,424,723,0,0,1,0,0
11602,4.1656,0.4549,424,723,0,0,1,0,0
11603,4.2961,0.5215,423,723,0,0,1,0,0
11604,4.0942,0.752,423,723,0,0,1,0,0
11605,4.2503,0.6793,421,723,0,0,1,0,0
11606,4.0483,0.5835,421,723,0,0,1,0,0
11607,4.2088,0.5073,419,723,0,0,1,0,0
11608,4.12,0.4637,419,723,0,0,1,0,0
11609,4.4593,0.4595,419,723,0,0,1,0,0
11610,3.9059,0.4713,418,723,0,0,1,0,0
11611,4.4148,0.6121,418,723,0,0,1,0,0
11612,3.9469,0.5074,418,723,0,0,1,0,0
11613,4.0977,0.4492,418,723,0,0,1,0,0
11614,4.2583,0.4892,418,723,0,0,1,0,0
11615,4.3893,0.4647,416,723,0,0,1,0,0
11616,3.9414,0.7082,415,723,0,0,1,0,0
11617,4.1652,0.49,414,723,0,0,1,0,0
11618,4.0937,0.5675,413,723,0,0,1,0,0
11619,4.2075,0.5352,413,723,0,0,1,0,0
11620,4.1284,0.4526,413,723,0,0,1,0,0
11621,4.1676,0.4531,412,723,0,0,1,0,0
11622,4.2925,0.45,412,723,0,0,1,0,0
11623,4.0333,0.6024,412,723,0,0,1,0,0
11624,4.5764,0.6116,412,723,0,0,1,0,0
11625,3.775,0.4356,410,723,0,0,1,0,0
11626,4.5558,0.5877,409,723,0,0,1,0,0
11627,3.8439,0.57,409,723,0,0,1,0,0
11628,4.1468,0.4968,408,723,0,0,1,0,0
11629,4.1574,0.6385,407,723,0,0,1,0,0
11630,4.131,0.6376,406,723,0,0,1,0,0
11631,4.1752,0.4748,404,723,0,0,1,0,0
11632,4.1665,0.4513,403,723,0,0,1,0,0
11633,4.4856,0.4643,401,723,0,0,1,0,0
11634,3.8961,0.5155,401,723,0,0,1,0,0
11635,4.2509,0.7774,400,723,0,0,1,0,0
11636,4.0953,0.6788,399,723,0,0,1,0,0
11637,4.0913,0.4977,397,723,0,0,1,0,0
11638,4.2355,0.5566,397,723,0,0,1,0,0
11639,4.1145,0.5012,396,723,0,0,1,0,0
11640,4.1502,0.484,396,723,0,0,1,0,0
11641,4.1968,0.6406,395,723,0,0,1,0,0
11642,4.1192,0.5024,394,723,0,0,1,0,0
11643,4.2291,0.4968,393,723,0,0,1,0,0
11644,4.146,0.5206,392,723,0,0,1,0,0
11645,4.1558,0.547,390,723,0,0,1,0,0
11646,4.4705,0.5107,390,723,0,0,1,0,0
11647,3.8818,0.7236,390,723,0,0,1,0,0
11648,4.5331,0.6075,390,723,0,0,1,0,0
11649,3.8299,0.811,390,723,0,0,1,0,0
11650,4.1618,0.5912,388,723,0,0,1,0,0
11651,4.1306,0.5148,388,723,0,0,1,0,0
11652,4.1331,0.6473,388,723,0,0,1,0,0
11653,4.4504,0.7294,385,723,0,0,1,0,0
11654,4.0186,0.54,384,723,0,0,1,0,0
11655,4.1825,0.6711,384,723,0,0,1,0,0
11656,4.0254,0.5246,377,723,0,0,1,0,0
11657,4.5535,0.7245,377,723,0,0,1,0,0
11658,3.8002,0.5143,376,723,0,0,1,0,0
11659,4.2223,0.6465,376,723,0,0,1,0,0
11660,4.1343,0.6804,375,723,0,0,1,0,0
11661,4.6765,0.6713,425,723,0,0,1,0,0
11662,3.6719,0.5456,424,723,0,0,1,0,0
11663,4.1352,0.4397,422,723,0,0,1,0,0
11664,4.2334,0.4913,421,723,0,0,1,0,0
11665,4.1974,0.4666,419,723,0,0,1,0,0
11666,4.0202,0.5861,419,723,0,0,1,0,0
11667,4.2336,0.6088,419,723,0,0,1,0,0
11668,4.1113,0.4177,418,723,0,0,1,0,0
11669,4.2635,0.5401,417,723,0,0,1,0,0
11670,4.1846,0.5664,416,723,0,0,1,0,0
11671,4.0717,0.5197,415,723,0,0,1,0,0
11672,4.2078,0.6191,415,723,0,0,1,0,0
11673,4.1943,0.7038,413,723,0,0,1,0,0
11674,4.4942,0.8439,413,723,0,0,1,0,0
11675,3.7949,0.4447,413,723,0,0,1,0,0
11676,4.2238,0.5417,412,723,0,0,1,0,0
11677,4.161,0.4966,412,723,0,0,1,0,0
11678,4.2402,0.6427,412,723,0,0,1,0,0
11679,4.0626,0.5586,412,723,0,0,1,0,0
11680,4.182,0.4417,411,723,0,0,1,0,0
11681,4.1906,0.4885,411,723,0,0,1,0,0
11682,4.1953,0.5104,410,723,0,0,1,0,0
11683,4.1284,0.5098,410,723,0,0,1,0,0
11684,4.1728,0.5076,410,723,0,0,1,0,0
11685,4.0733,0.6885,410,723,0,0,1,0,0
11686,4.2335,0.7148,410,723,0,0,1,0,0
11687,4.1381,0.5076,409,723,0,0,1,0,0
11688,4.5297,0.6342,409,723,0,0,1,0,0
11689,3.8456,0.4454,408,723,0,0,1,0,0
11690,4.0869,0.9114,408,723,0,0,1,0,0
11691,4.1362,0.6585,408,723,0,0,1,0,0
11692,4.243,0.5518,407,723,0,0,1,0,0
11693,4.3352,0.5983,406,723,0,0,1,0,0
11694,3.9995,0.4389,405,723,0,0,1,0,0
11695,4.5344,0.4172,403,723,0,0,1,0,0
11696,3.7837,0.4262,403,723,0,0,1,0,0
11697,4.1863,0.6213,402,723,0,0,1,0,0
11698,4.154,0.6569,401,723,0,0,1,0,0
11699,4.1664,1.8791,401,723,0,0,1,0,0
11700,4.1549,0.7358,401,723,0,0,1,0,0
11701,4.1506,0.4963,400,723,0,0,1,0,0
11702,4.1703,0.5322,399,723,0,0,1,0,0
11703,4.1862,0.6515,399,723,0,0,1,0,0
11704,4.188,0.5364,399,723,0,0,1,0,0
11705,4.26,0.703,398,723,0,0,1,0,0
11706,4.044,0.4509,397,723,0,0,1,0,0
11707,4.1507,0.4432,396,723,0,0,1,0,0
11708,4.1571,0.4301,395,723,0,0,1,0,0
11709,4.2163,0.4615,392,723,0,0,1,0,0
11710,4.1526,0.5786,392,723,0,0,1,0,0
11711,4.1902,0.4396,389,723,0,0,1,0,0
11712,4.1435,0.4256,388,723,0,0,1,0,0
11713,4.1656,0.4262,388,723,0,0,1,0,0
11714,4.1711,0.4425,388,723,0,0,1,0,0
11715,4.1364,0.4158,388,723,0,0,1,0,0
11716,4.2154,0.4246,388,723,0,0,1,0,0
11717,4.1779,0.4199,388,723,0,0,1,0,0
11718,4.159,0.4261,386,723,0,0,1,0,0
11719,4.1566,0.4173,386,723,0,0,1,0,0
11720,4.1777,0.4357,386,723,0,0,1,0,0
11721,4.1589,0.4305,385,723,0,0,1,0,0
11722,4.1184,0.4581,384,723,0,0,1,0,0
11723,4.2243,0.4219,376,723,0,0,1,0,0
11724,4.1562,0.4128,375,723,0,0,1,0,0
11725,4.2043,0.4768,374,723,0,0,1,0,0
11726,4.09,0.5455,374,723,0,0,1,0,0
11727,4.1911,0.4082,374,723,0,0,1,0,0
11728,4.5063,0.5429,374,723,0,0,1,0,0
11729,4.0241,0.4954,424,723,0,0,1,0,0
11730,3.9983,0.4821,423,723,0,0,1,0,0
11731,4.1916,0.4581,423,723,0,0,1,0,0
11732,4.7264,0.4881,422,723,0,0,1,0,0
11733,6.7136,0.8851,420,723,0,0,1,0,0
11734,2.9661,0.5542,420,723,0,0,1,0,0
11735,2.2783,0.4573,420,723,0,0,1,0,0
11736,4.1063,0.4672,420,723,0,0,1,0,0
11737,4.1329,0.4391,420,723,0,0,1,0,0
11738,4.2026,0.4541,420,723,0,0,1,0,0
11739,4.1218,0.4299,418,723,0,0,1,0,0
11740,4.2253,0.4342,418,723,0,0,1,0,0
11741,4.1773,0.5135,417,723,0,0,1,0,0
11742,4.1372,0.5821,417,723,0,0,1,0,0
11743,4.3052,0.7116,417,723,0,0,1,0,0
11744,4.1361,0.7899,417,723,0,0,1,0,0
11745,4.0634,0.517,417,723,0,0,1,0,0
11746,4.2022,0.5119,416,723,0,0,1,0,0
11747,4.1927,0.4972,415,723,0,0,1,0,0
11748,4.1735,0.6352,414,723,0,0,1,0,0
11749,4.0624,0.5097,413,723,0,0,1,0,0
11750,4.2527,0.542,413,723,0,0,1,0,0
11751,4.0906,0.4334,413,723,0,0,1,0,0
11752,4.1689,0.4617,412,723,0,0,1,0,0
11753,4.2454,0.4686,411,723,0,0,1,0,0
11754,4.1727,0.5365,411,723,0,0,1,0,0
11755,4.1522,0.7238,410,723,0,0,1,0,0
11756,4.2271,0.665,409,723,0,0,1,0,0
11757,4.5368,0.5552,409,723,0,0,1,0,0
11758,3.8214,0.5512,408,723,0,0,1,0,0
11759,4.0918,0.644,408,723,0,0,1,0,0
11760,4.3827,0.4637,408,723,0,0,1,0,0
11761,3.9208,0.6745,408,723,0,0,1,0,0
11762,4.1702,0.4617,408,723,0,0,1,0,0
11763,4.4162,0.6401,405,723,0,0,1,0,0
11764,3.8938,0.4532,404,723,0,0,1,0,0
11765,4.2304,0.5074,403,723,0,0,1,0,0
11766,4.1287,0.442,403,723,0,0,1,0,0
11767,4.1398,0.4457,403,723,0,0,1,0,0
11768,4.2867,0.7022,402,723,0,0,1,0,0
11769,4.3028,0.5932,401,723,0,0,1,0,0
11770,3.9911,0.5353,400,723,0,0,1,0,0
11771,4.1011,0.4173,399,723,0,0,1,0,0
11772,4.1999,0.5131,398,723,0,0,1,0,0
11773,4.148,0.5456,395,723,0,0,1,0,0
11774,4.1705,0.4725,394,723,0,0,1,0,0
11775,4.1591,0.7002,393,723,0,0,1,0,0
11776,4.1375,0.4271,392,723,0,0,1,0,0
11777,4.2472,0.493,392,723,0,0,1,0,0
11778,4.393,0.5675,392,723,0,0,1,0,0
11779,3.9952,0.736,391,723,0,0,1,0,0
11780,4.0812,0.6624,391,723,0,0,1,0,0
11781,4.1285,0.4555,391,723,0,0,1,0,0
11782,4.1651,0.6104,390,723,0,0,1,0,0
11783,4.1644,0.4746,390,723,0,0,1,0,0
11784,4.2325,0.497,388,723,0,0,1,0,0
11785,4.1487,0.4816,387,723,0,0,1,0,0
11786,4.1669,0.7017,386,723,0,0,1,0,0
11787,4.2448,0.6558,385,723,0,0,1,0,0
11788,4.0216,0.4668,383,723,0,0,1,0,0
11789,4.5108,0.7047,382,723,0,0,1,0,0
11790,3.9158,0.4864,374,723,0,0,1,0,0
11791,4.0615,0.4985,371,723,0,0,1,0,0
11792,4.2931,0.442,370,723,0,0,1,0,0
11793,4.0827,0.8348,370,723,0,0,1,0,0
11794,4.6011,0.5612,370,723,0,0,1,0,0
11795,3.7381,0.4235,370,723,0,0,1,0,0
11796,4.1218,0.4533,418,723,0,0,1,0,0
11797,4.174,0.5645,418,723,0,0,1,0,0
11798,4.2662,0.6576,418,723,0,0,1,0,0
11799,4.4827,0.4917,418,723,0,0,1,0,0
11800,3.8508,0.4929,418,723,0,0,1,0,0
11801,4.1538,0.5736,418,723,0,0,1,0,0
11802,4.1756,0.6028,416,723,0,0,1,0,0
11803,4.2299,0.4691,415,723,0,0,1,0,0
11804,4.1059,0.4665,415,723,0,0,1,0,0
11805,4.3405,0.4658,415,723,0,0,1,0,0
11806,4.0666,0.6876,415,723,0,0,1,0,0
11807,4.0501,0.4534,415,723,0,0,1,0,0
11808,4.6565,0.6397,413,723,0,0,1,0,0
11809,4.0549,0.4614,413,723,0,0,1,0,0
11810,3.7833,0.6794,413,723,0,0,1,0,0
11811,4.196,0.6569,413,723,0,0,1,0,0
11812,4.1254,0.4191,412,723,0,0,1,0,0
11813,4.6765,0.6262,412,723,0,0,1,0,0
11814,3.6787,0.647,411,723,0,0,1,0,0
11815,4.2004,0.6635,410,723,0,0,1,0,0
11816,4.4861,0.7907,410,723,0,0,1,0,0
11817,3.8432,0.7929,409,723,0,0,1,0,0
11818,4.3528,0.9816,408,723,0,0,1,0,0
11819,3.9832,0.5421,408,723,0,0,1,0,0
11820,4.5299,0.6569,407,723,0,0,1,0,0
11821,4.1274,0.7306,407,723,0,0,1,0,0
11822,4.3273,0.4638,407,723,0,0,1,0,0
11823,3.942,0.6073,407,723,0,0,1,0,0
11824,4.4706,0.4531,407,723,0,0,1,0,0
11825,3.5197,0.686,407,723,0,0,1,0,0
11826,4.2756,0.492,407,723,0,0,1,0,0
11827,4.5404,0.6043,407,723,0,0,1,0,0
11828,4.0509,0.5959,407,723,0,0,1,0,0
11829,4.5169,0.4261,407,723,0,0,1,0,0
11830,3.4834,0.5252,406,723,0,0,1,0,0
11831,4.2075,0.4255,406,723,0,0,1,0,0
11832,5.2295,0.4555,405,723,0,0,1,0,0
11833,3.5052,0.4983,405,723,0,0,1,0,0
11834,3.7197,0.4436,404,723,0,0,1,0,0
11835,4.522,0.5944,403,723,0,0,1,0,0
11836,3.7545,0.4232,401,723,0,0,1,0,0
11837,4.2518,0.4287,399,723,0,0,1,0,0
11838,4.1784,0.5763,399,723,0,0,1,0,0
11839,4.2674,0.6381,397,723,0,0,1,0,0
11840,4.2149,0.5962,396,723,0,0,1,0,0
11841,3.8478,0.3835,395,723,0,0,1,0,0
11842,4.4054,0.5447,394,723,0,0,1,0,0
11843,3.9512,0.4182,393,723,0,0,1,0,0
11844,4.424,0.7097,393,723,0,0,1,0,0
11845,4.1706,0.6328,393,723,0,0,1,0,0
11846,3.9181,0.5823,391,723,0,0,1,0,0
11847,4.3336,0.5432,391,723,0,0,1,0,0
11848,4.2673,0.5397,391,723,0,0,1,0,0
11849,3.8699,0.3633,389,723,0,0,1,0,0
11850,4.2479,0.5613,389,723,0,0,1,0,0
11851,4.245,0.5824,389,723,0,0,1,0,0
11852,4.0624,0.4001,388,723,0,0,1,0,0
11853,4.3306,0.354,387,723,0,0,1,0,0
11854,3.9402,0.5005,386,723,0,0,1,0,0
11855,4.3756,0.48,386,723,0,0,1,0,0
11856,3.9939,0.3846,386,723,0,0,1,0,0
11857,4.6364,0.4992,377,723,0,0,1,0,0
11858,3.8621,0.5096,376,723,0,0,1,0,0
11859,3.9775,0.5229,376,723,0,0,1,0,0
11860,4.1965,0.3451,374,723,0,0,1,0,0
11861,4.2861,0.4067,374,723,0,0,1,0,0
11862,4.1965,0.3399,373,723,0,0,1,0,0
11863,4.0977,0.5784,423,723,0,0,1,0,0
11864,4.2231,0.5164,423,723,0,0,1,0,0
11865,4.0338,0.396,423,723,0,0,1,0,0
11866,4.2822,0.5034,422,723,0,0,1,0,0
11867,4.0629,0.4446,422,723,0,0,1,0,0
11868,4.2848,0.6508,420,723,0,0,1,0,0
11869,4.0903,0.5844,419,723,0,0,1,0,0
11870,4.2423,0.5405,419,723,0,0,1,0,0
11871,4.0552,0.3987,418,723,0,0,1,0,0
11872,4.1789,0.4007,418,723,0,0,1,0,0
11873,4.2829,0.4374,417,723,0,0,1,0,0
11874,4.2558,0.4442,417,723,0,0,1,0,0
11875,4.0785,0.3868,417,723,0,0,1,0,0
11876,4.1649,0.4967,416,723,0,0,1,0,0
11877,4.0693,0.3957,415,723,0,0,1,0,0
11878,4.304,0.4899,415,723,0,0,1,0,0
11879,4.1046,0.5064,414,723,0,0,1,0,0
11880,4.1528,0.5829,414,723,0,0,1,0,0
11881,4.2824,0.6672,413,723,0,0,1,0,0
11882,4.0098,0.53,412,723,0,0,1,0,0
11883,4.2473,0.5684,412,723,0,0,1,0,0
11884,4.1026,1.0442,412,723,0,0,1,0,0
11885,4.3848,0.4431,412,723,0,0,1,0,0
11886,4.8331,0.4339,411,723,0,0,1,0,0
11887,3.2264,0.4126,411,723,0,0,1,0,0
11888,4.3579,0.4617,408,723,0,0,1,0,0
11889,4.0042,0.4266,407,723,0,0,1,0,0
11890,4.1597,0.4018,407,723,0,0,1,0,0
11891,4.2026,0.4674,407,723,0,0,1,0,0
11892,4.1826,0.4937,407,723,0,0,1,0,0
11893,4.1365,0.4098,407,723,0,0,1,0,0
11894,4.1984,0.4028,407,723,0,0,1,0,0
11895,4.1267,0.3847,407,723,0,0,1,0,0
11896,4.1704,0.391,405,723,0,0,1,0,0
11897,4.1377,0.3991,405,723,0,0,1,0,0
11898,4.1767,0.411,405,723,0,0,1,0,0
11899,4.1485,0.394,405,723,0,0,1,0,0
11900,4.2227,0.658,405,723,0,0,1,0,0
11901,4.1304,0.4203,405,723,0,0,1,0,0
11902,4.1919,0.4474,404,723,0,0,1,0,0
11903,4.1306,0.4624,403,723,0,0,1,0,0
11904,4.2473,0.622,401,723,0,0,1,0,0
11905,4.1289,0.4838,401,723,0,0,1,0,0
11906,4.2113,0.6808,401,723,0,0,1,0,0
11907,4.0704,0.4684,400,723,0,0,1,0,0
11908,4.2509,0.4764,400,723,0,0,1,0,0
11909,4.124,0.5929,399,723,0,0,1,0,0
11910,4.1254,0.4257,398,723,0,0,1,0,0
11911,4.1973,0.5644,397,723,0,0,1,0,0
11912,4.1714,0.5933,396,723,0,0,1,0,0
11913,4.2018,0.6245,396,723,0,0,1,0,0
11914,4.1374,0.6083,396,723,0,0,1,0,0
11915,4.1451,0.4366,395,723,0,0,1,0,0
11916,4.2199,0.6026,393,723,0,0,1,0,0
11917,4.1754,0.4204,392,723,0,0,1,0,0
11918,4.1743,0.5483,392,723,0,0,1,0,0
11919,4.1134,0.4078,392,723,0,0,1,0,0
11920,4.1784,0.496,392,723,0,0,1,0,0
11921,4.155,0.4058,391,723,0,0,1,0,0
11922,4.2133,0.578,390,723,0,0,1,0,0
11923,4.2268,0.4702,390,723,0,0,1,0,0
11924,4.0853,0.4216,389,723,0,0,1,0,0
11925,4.1444,0.4091,382,723,0,0,1,0,0
11926,4.1487,0.609,381,723,0,0,1,0,0
11927,4.1957,0.4777,380,723,0,0,1,0,0
11928,4.1646,0.4075,380,723,0,0,1,0,0
11929,4.1729,0.4094,380,723,0,0,1,0,0
11930,4.1975,0.5767,430,723,0,0,1,0,0
11931,4.1213,0.438,427,723,0,0,1,0,0
11932,4.5607,0.4351,425,723,0,0,1,0,0
11933,3.7818,0.4226,425,723,0,0,1,0,0
11934,4.1717,0.6014,425,723,0,0,1,0,0
11935,4.1888,0.4424,423,723,0,0,1,0,0
11936,4.2005,0.7507,422,723,0,0,1,0,0
11937,4.1073,0.4802,421,723,0,0,1,0,0
11938,4.1437,0.477,420,723,0,0,1,0,0
11939,4.2048,0.4519,418,723,0,0,1,0,0
11940,4.2435,0.6716,417,723,0,0,1,0,0
11941,4.1568,0.7128,416,723,0,0,1,0,0
11942,4.1206,0.5692,415,723,0,0,1,0,0
11943,4.161,0.4326,415,723,0,0,1,0,0
11944,4.4847,0.5025,414,723,0,0,1,0,0
11945,3.8649,0.4981,414,723,0,0,1,0,0
11946,4.1971,0.6881,414,723,0,0,1,0,0
11947,4.1435,0.4481,414,723,0,0,1,0,0
11948,4.2237,0.4275,413,723,0,0,1,0,0
11949,4.1712,0.4519,413,723,0,0,1,0,0
11950,4.1063,0.4844,412,723,0,0,1,0,0
11951,4.1328,0.4813,412,723,0,0,1,0,0
11952,4.169,0.4874,410,723,0,0,1,0,0
11953,4.1898,0.4944,409,723,0,0,1,0,0
11954,4.1628,0.5425,409,723,0,0,1,0,0
11955,4.1778,0.4747,409,723,0,0,1,0,0
11956,4.1607,0.4494,409,723,0,0,1,0,0
11957,4.1171,0.4717,409,723,0,0,1,0,0
11958,4.2314,0.4574,409,723,0,0,1,0,0
11959,4.2165,0.6365,409,723,0,0,1,0,0
11960,4.1611,0.5405,408,723,0,0,1,0,0
11961,4.0927,0.5032,408,723,0,0,1,0,0
11962,4.3878,0.6175,408,723,0,0,1,0,0
11963,4.0984,0.4378,408,723,0,0,1,0,0
11964,4.1174,0.5062,406,723,0,0,1,0,0
11965,4.0927,0.4896,404,723,0,0,1,0,0
11966,4.2338,0.4762,404,723,0,0,1,0,0
11967,4.0469,0.5999,403,723,0,0,1,0,0
11968,4.1924,0.4143,402,723,0,0,1,0,0
11969,4.2139,0.6173,402,723,0,0,1,0,0
11970,4.1998,0.6981,402,723,0,0,1,0,0
11971,4.1324,0.4791,401,723,0,0,1,0,0
11972,4.2555,0.6388,399,723,0,0,1,0,0
11973,4.2398,0.4253,398,723,0,0,1,0,0
11974,3.9926,0.537,398,723,0,0,1,0,0
11975,4.2604,0.5932,398,723,0,0,1,0,0
11976,4.1895,0.6628,397,723,0,0,1,0,0
11977,4.0732,0.5784,397,723,0,0,1,0,0
11978,4.1063,0.5194,396,723,0,0,1,0,0
11979,4.2456,0.5385,396,723,0,0,1,0,0
11980,4.1174,0.4719,393,723,0,0,1,0,0
11981,4.1762,0.67,391,723,0,0,1,0,0
11982,4.5292,0.6673,390,723,0,0,1,0,0
11983,3.8024,0.5388,389,723,0,0,1,0,0
11984,4.1562,0.4966,389,723,0,0,1,0,0
11985,4.1122,0.4734,389,723,0,0,1,0,0
11986,4.2366,0.5502,389,723,0,0,1,0,0
11987,4.1924,0.4759,388,723,0,0,1,0,0
11988,4.2175,0.7009,386,723,0,0,1,0,0
11989,4.143,0.6045,386,723,0,0,1,0,0
11990,4.1688,0.7374,386,723,0,0,1,0,0
11991,4.0655,0.645,385,723,0,0,1,0,0
11992,4.1582,0.4291,377,723,0,0,1,0,0
11993,4.2083,0.5643,374,723,0,0,1,0,0
11994,4.1994,0.4377,374,723,0,0,1,0,0
11995,4.495,0.5521,373,723,0,0,1,0,0
11996,3.8384,0.4647,373,723,0,0,1,0,0
11997,4.1586,0.4382,423,723,0,0,1,0,0
11998,4.1996,0.5896,423,723,0,0,1,0,0
11999,4.1824,0.5517,422,723,0,0,1,0,0
12000,4.1456,0.7851,421,723,0,0,1,0,0
12001,4.2816,0.8086,421,723,0,0,1,0,0
12002,4.0369,0.5991,421,723,0,0,1,0,0
12003,4.0934,0.5065,421,723,0,0,1,0,0
12004,4.1679,0.4369,421,723,0,0,1,0,0
12005,4.5131,0.4623,420,723,0,0,1,0,0
12006,4.0348,0.5673,420,723,0,0,1,0,0
12007,4.0953,0.7011,418,723,0,0,1,0,0
12008,4.079,0.4943,418,723,0,0,1,0,0
12009,4.1348,0.5129,417,723,0,0,1,0,0
12010,4.2151,0.4678,416,723,0,0,1,0,0
12011,4.1232,0.4775,415,723,0,0,1,0,0
12012,4.4557,0.773,415,723,0,0,1,0,0
12013,3.8692,0.4921,414,723,0,0,1,0,0
12014,4.2861,0.6927,413,723,0,0,1,0,0
12015,4.1201,0.6766,413,723,0,0,1,0,0
12016,4.2756,0.5737,412,723,0,0,1,0,0
12017,4.0518,0.5843,411,723,0,0,1,0,0
12018,4.1814,0.4542,410,723,0,0,1,0,0
12019,4.2935,0.6147,410,723,0,0,1,0,0
12020,3.9413,0.4349,408,723,0,0,1,0,0
12021,4.1591,0.4292,407,723,0,0,1,0,0
12022,4.2287,0.5843,407,723,0,0,1,0,0
12023,4.1418,0.5342,407,723,0,0,1,0,0
12024,4.2412,0.4504,405,723,0,0,1,0,0
12025,4.1716,0.4187,404,723,0,0,1,0,0
12026,4.187,0.7775,404,723,0,0,1,0,0
12027,4.1197,0.5137,404,723,0,0,1,0,0
12028,4.1105,0.4074,403,723,0,0,1,0,0
12029,4.5414,0.4678,403,723,0,0,1,0,0
12030,3.8328,0.5133,403,723,0,0,1,0,0
12031,4.3333,0.4889,402,723,0,0,1,0,0
12032,4.0512,0.6947,400,723,0,0,1,0,0
12033,4.0895,0.7807,399,723,0,0,1,0,0
12034,4.3347,0.6384,399,723,0,0,1,0,0
12035,3.9948,0.5356,399,723,0,0,1,0,0
12036,4.211,0.5159,398,723,0,0,1,0,0
12037,4.1313,0.5135,397,723,0,0,1,0,0
12038,4.1742,0.771,396,723,0,0,1,0,0
12039,4.3131,0.6378,396,723,0,0,1,0,0
12040,4.0037,0.5514,394,723,0,0,1,0,0
12041,4.1816,0.5226,393,723,0,0,1,0,0
12042,4.2501,0.6137,393,723,0,0,1,0,0
12043,4.3938,0.6435,393,723,0,0,1,0,0
12044,3.8383,0.6202,392,723,0,0,1,0,0
12045,4.1699,0.4344,388,723,0,0,1,0,0
12046,4.2076,0.6228,388,723,0,0,1,0,0
12047,4.1349,0.4418,388,723,0,0,1,0,0
12048,5.0575,0.491,388,723,0,0,1,0,0
12049,3.5775,0.3266,386,723,0,0,1,0,0
12050,4.1764,0.3513,386,723,0,0,1,0,0
12051,4.5563,0.4986,386,723,0,0,1,0,0
12052,3.7696,0.3456,386,723,0,0,1,0,0
12053,4.1754,0.3548,385,723,0,0,1,0,0
12054,4.2821,0.359,384,723,0,0,1,0,0
12055,4.2898,0.34,383,723,0,0,1,0,0
12056,4.4386,0.6379,382,723,0,0,1,0,0
12057,5.976,0.4351,380,723,0,0,1,0,0
12058,4.4821,0.4264,379,723,0,0,1,0,0
12059,1.5688,0.4844,372,723,0,0,1,0,0
12060,6.1749,0.4198,371,723,0,0,1,0,0
12061,2.1094,0.4279,371,723,0,0,1,0,0
12062,5.1552,0.4454,370,723,0,0,1,0,0
12063,5.7176,0.3967,369,723,0,0,1,0,0
12064,1.6449,0.4848,369,723,0,0,1,0,0
12065,4.1714,0.4539,418,723,0,0,1,0,0
12066,7.6325,0.4324,417,723,0,0,1,0,0
12067,0.7847,0.4414,417,723,0,0,1,0,0
12068,4.0972,0.371,416,723,0,0,1,0,0
12069,4.2674,0.4271,416,723,0,0,1,0,0
12070,9.4409,0.3666,415,723,0,0,1,0,0
12071,2.2677,0.4287,415,723,0,0,1,0,0
12072,0.7596,0.3966,415,723,0,0,1,0,0
12073,7.1847,0.4766,412,723,0,0,1,0,0
12074,1.159,0.3767,412,723,0,0,1,0,0
12075,4.0266,0.3717,412,723,0,0,1,0,0
12076,5.5669,0.378,412,723,0,0,1,0,0
12077,5.2729,0.3982,412,723,0,0,1,0,0
12078,7.242,0.4077,412,723,0,0,1,0,0
12079,1.3182,2.117,412,723,0,0,1,0,0
12080,2.3999,1.3741,412,723,0,0,1,0,0
12081,2.9602,1.1788,411,723,0,0,1,0,0
12082,4.1526,1.1608,411,723,0,0,1,0,0
12083,4.1427,1.627,410,723,0,0,1,0,0
12084,4.8075,1.5181,405,723,0,0,1,0,0
12085,3.5633,1.5982,405,723,0,0,1,0,0
12086,4.1471,1.7139,405,723,0,0,1,0,0
12087,4.1894,1.5122,404,723,0,0,1,0,0
12088,4.1352,1.2949,404,723,0,0,1,0,0
12089,4.1582,1.4561,402,723,0,0,1,0,0
12090,4.2032,1.6502,402,723,0,0,1,0,0
12091,4.1557,1.1607,401,723,0,0,1,0,0
12092,4.5808,1.1271,401,723,0,0,1,0,0
12093,3.7953,1.1541,400,723,0,0,1,0,0
12094,4.2192,1.563,400,723,0,0,1,0,0
12095,4.0707,1.7063,399,723,0,0,1,0,0
12096,4.7496,0.815,399,723,0,0,1,0,0
12097,3.588,1.0756,397,723,0,0,1,0,0
12098,4.165,1.1581,396,723,0,0,1,0,0
12099,4.1595,1.3258,396,723,0,0,1,0,0
12100,4.1889,0.9706,395,723,0,0,1,0,0
12101,4.1363,1.3617,395,723,0,0,1,0,0
12102,4.2143,2.3117,395,723,0,0,1,0,0
12103,4.1325,1.1082,394,723,0,0,1,0,0
12104,4.1668,1.3196,394,723,0,0,1,0,0
12105,4.1538,1.2682,393,723,0,0,1,0,0
12106,4.1694,1.4698,393,723,0,0,1,0,0
12107,4.2031,1.1936,392,723,0,0,1,0,0
12108,4.1402,1.0566,392,723,0,0,1,0,0
12109,4.1936,1.3585,391,723,0,0,1,0,0
12110,4.1876,1.216,389,723,0,0,1,0,0
12111,4.1315,1.4617,389,723,0,0,1,0,0
12112,4.6908,1.8404,386,723,0,0,1,0,0
12113,3.6146,1.8001,385,723,0,0,1,0,0
12114,4.1933,1.9428,385,723,0,0,1,0,0
12115,4.2215,1.3734,385,723,0,0,1,0,0
12116,4.0806,1.8108,384,723,0,0,1,0,0
12117,4.3771,1.3335,383,723,0,0,1,0,0
12118,3.9883,1.65,382,723,0,0,1,0,0
12119,4.1609,1.396,381,723,0,0,1,0,0
12120,4.1547,0.9448,381,723,0,0,1,0,0
12121,4.1821,1.5406,381,723,0,0,1,0,0
12122,4.1487,1.1705,381,723,0,0,1,0,0
12123,4.1694,1.2782,380,723,0,0,1,0,0
12124,4.1615,1.4186,380,723,0,0,1,0,0
12125,4.1764,1.3715,379,723,0,0,1,0,0
12126,4.8348,1.985,372,723,0,0,1,0,0
12127,7.7322,2.2451,369,723,0,0,1,0,0
12128,4.3195,1.7385,367,723,0,0,1,0,0
12129,4.1583,1.8354,367,723,0,0,1,0,0
12130,4.389,2.0784,367,723,0,0,1,0,0
12131,4.4781,1.1976,416,723,0,0,1,0,0
12132,3.5176,2.3078,416,723,0,0,1,0,0
12133,4.5813,1.5005,415,723,0,0,1,0,0
12134,3.6928,1.1024,413,723,0,0,1,0,0
12135,4.7173,1.0895,413,723,0,0,1,0,0
12136,3.5057,1.1286,413,723,0,0,1,0,0
12137,4.2126,1.131,411,723,0,0,1,0,0
12138,4.2137,0.8789,411,723,0,0,1,0,0
12139,4.9338,0.8215,409,723,0,0,1,0,0
12140,7.6138,0.7937,409,723,0,0,1,0,0
12141,4.2798,1.0812,408,723,0,0,1,0,0
12142,4.546,0.3443,408,723,0,0,1,0,0
12143,3.5816,0.6252,408,723,0,0,1,0,0
12144,4.1394,0.3948,408,723,0,0,1,0,0
12145,4.1505,0.7476,406,723,0,0,1,0,0
12146,4.6648,0.6138,404,723,0,0,1,0,0
12147,3.7049,0.3305,403,723,0,0,1,0,0
12148,4.1229,0.6263,403,723,0,0,1,0,0
12149,4.1605,0.3277,403,723,0,0,1,0,0
12150,4.7518,0.7271,403,723,0,0,1,0,0
12151,3.5985,0.4747,402,723,0,0,1,0,0
12152,4.207,0.9057,402,723,0,0,1,0,0
12153,4.0993,0.2855,401,723,0,0,1,0,0
12154,4.9285,0.432,401,723,0,0,1,0,0
12155,3.3672,0.4391,401,723,0,0,1,0,0
12156,4.2405,0.5089,401,723,0,0,1,0,0
12157,4.1315,0.363,401,723,0,0,1,0,0
12158,4.2389,0.3583,399,723,0,0,1,0,0
12159,4.2179,0.5286,396,723,0,0,1,0,0
12160,4.3451,0.7017,396,723,0,0,1,0,0
12161,3.8566,0.3499,395,723,0,0,1,0,0
12162,4.2732,0.547,395,723,0,0,1,0,0
12163,4.0977,0.5504,395,723,0,0,1,0,0
12164,4.5138,0.4196,394,723,0,0,1,0,0
12165,3.8007,0.3723,394,723,0,0,1,0,0
12166,4.128,0.5026,393,723,0,0,1,0,0
12167,4.4913,0.3774,393,723,0,0,1,0,0
12168,4.512,0.4054,393,723,0,0,1,0,0
12169,3.5568,0.6042,393,723,0,0,1,0,0
12170,4.1384,0.4027,393,723,0,0,1,0,0
12171,4.1615,0.4143,392,723,0,0,1,0,0
12172,4.1882,0.439,392,723,0,0,1,0,0
12173,4.1812,0.4571,389,723,0,0,1,0,0
12174,4.6609,0.76,388,723,0,0,1,0,0
12175,3.6321,0.3937,386,723,0,0,1,0,0
12176,4.1988,0.4127,384,723,0,0,1,0,0
12177,4.1916,0.4336,384,723,0,0,1,0,0
12178,4.9258,0.4169,384,723,0,0,1,0,0
12179,3.3848,0.4744,383,723,0,0,1,0,0
12180,4.1494,0.4517,382,723,0,0,1,0,0
12181,4.1713,0.424,381,723,0,0,1,0,0
12182,4.6968,0.4749,380,723,0,0,1,0,0
12183,3.6975,0.8852,380,723,0,0,1,0,0
12184,4.1009,0.7098,379,723,0,0,1,0,0
12185,4.1965,0.4051,379,723,0,0,1,0,0
12186,4.6337,0.5989,379,723,0,0,1,0,0
12187,7.8697,0.6228,377,723,0,0,1,0,0
12188,4.1339,0.3952,375,723,0,0,1,0,0
12189,4.6478,0.3721,374,723,0,0,1,0,0
12190,3.707,0.6288,367,723,0,0,1,0,0
12191,4.1406,0.3682,367,723,0,0,1,0,0
12192,4.1698,0.3366,367,723,0,0,1,0,0
12193,4.792,0.4222,367,723,0,0,1,0,0
12194,3.5452,0.3465,366,723,0,0,1,0,0
12195,4.1743,0.6979,364,723,0,0,1,0,0
12196,4.1735,0.4196,413,723,0,0,1,0,0
12197,4.9682,0.4084,413,723,0,0,1,0,0
12198,3.4383,0.9638,411,723,0,0,1,0,0
12199,4.1079,0.7313,411,723,0,0,1,0,0
12200,4.1455,0.4527,410,723,0,0,1,0,0
12201,4.6125,0.5216,410,723,0,0,1,0,0
12202,3.7351,0.4128,409,723,0,0,1,0,0
12203,4.2178,0.4345,409,723,0,0,1,0,0
12204,4.144,0.4621,409,723,0,0,1,0,0
12205,4.6049,0.3924,408,723,0,0,1,0,0
12206,3.8898,0.7314,408,723,0,0,1,0,0
12207,4.0112,0.4506,407,723,0,0,1,0,0
12208,4.5682,0.7174,407,723,0,0,1,0,0
12209,4.6253,0.5209,407,723,0,0,1,0,0
12210,8.0112,0.3496,406,723,0,0,1,0,0
12211,3.5807,0.395,405,723,0,0,1,0,0
12212,4.6504,0.4352,405,723,0,0,1,0,0
12213,3.6546,0.3564,405,723,0,0,1,0,0
12214,4.2397,0.5385,403,723,0,0,1,0,0
12215,4.1309,0.3524,401,723,0,0,1,0,0
12216,4.6097,0.3557,398,723,0,0,1,0,0
12217,3.6987,0.359,398,723,0,0,1,0,0
12218,4.2272,0.6672,397,723,0,0,1,0,0
12219,4.1148,0.3972,397,723,0,0,1,0,0
12220,4.6351,0.5784,396,723,0,0,1,0,0
12221,3.6949,0.3947,396,723,0,0,1,0,0
12222,4.1895,0.4672,395,723,0,0,1,0,0
12223,4.1485,0.383,394,723,0,0,1,0,0
12224,4.5934,0.4088,394,723,0,0,1,0,0
12225,3.749,0.5281,394,723,0,0,1,0,0
12226,4.1609,0.4157,394,723,0,0,1,0,0
12227,4.1424,0.3884,393,723,0,0,1,0,0
12228,4.6189,0.402,393,723,0,0,1,0,0
12229,3.7138,0.568,393,723,0,0,1,0,0
12230,4.2349,0.6441,393,723,0,0,1,0,0
12231,4.1352,0.4373,393,723,0,0,1,0,0
12232,4.5963,0.4167,392,723,0,0,1,0,0
12233,7.912,0.4257,392,723,0,0,1,0,0
12234,4.1647,0.4244,392,723,0,0,1,0,0
12235,4.5896,0.3922,390,723,0,0,1,0,0
12236,3.9111,0.6048,390,723,0,0,1,0,0
12237,4.0387,0.6137,389,723,0,0,1,0,0
12238,4.1341,0.5349,388,723,0,0,1,0,0
12239,4.5984,0.5016,388,723,0,0,1,0,0
12240,3.6954,0.4067,388,723,0,0,1,0,0
12241,4.2527,0.4078,386,723,0,0,1,0,0
12242,4.1803,0.7805,385,723,0,0,1,0,0
12243,4.5998,0.6519,383,723,0,0,1,0,0
12244,3.687,0.3762,380,723,0,0,1,0,0
12245,4.1729,0.4193,379,723,0,0,1,0,0
12246,4.1832,0.4478,379,723,0,0,1,0,0
12247,4.5835,0.4273,379,723,0,0,1,0,0
12248,3.7654,0.4424,378,723,0,0,1,0,0
12249,4.1366,0.4226,378,723,0,0,1,0,0
12250,4.1431,0.4165,378,723,0,0,1,0,0
12251,4.6307,0.4511,377,723,0,0,1,0,0
12252,3.8913,0.4284,376,723,0,0,1,0,0
12253,3.9779,0.4448,376,723,0,0,1,0,0
12254,4.1583,0.4498,376,723,0,0,1,0,0
12255,4.9928,0.4459,368,723,0,0,1,0,0
12256,3.3391,0.4555,367,723,0,0,1,0,0
12257,4.2213,0.5464,366,723,0,0,1,0,0
12258,4.1498,0.4616,366,723,0,0,1,0,0
12259,4.6335,0.5874,364,723,0,0,1,0,0
12260,3.6593,0.406,364,723,0,0,1,0,0
12261,4.2222,0.7757,413,723,0,0,1,0,0
12262,4.1683,0.4023,412,723,0,0,1,0,0
12263,4.5585,0.4212,410,723,0,0,1,0,0
12264,3.6809,0.4043,410,723,0,0,1,0,0
12265,4.356,0.4971,409,723,0,0,1,0,0
12266,4.0351,0.8172,409,723,0,0,1,0,0
12267,4.4669,0.585,409,723,0,0,1,0,0
12268,4.0113,0.5412,409,723,0,0,1,0,0
12269,4.1344,0.5775,408,723,0,0,1,0,0
12270,4.3224,0.413,407,723,0,0,1,0,0
12271,4.031,0.4532,407,723,0,0,1,0,0
12272,4.1575,0.3692,407,723,0,0,1,0,0
12273,4.3183,0.3539,407,723,0,0,1,0,0
12274,4.013,0.4903,407,723,0,0,1,0,0
12275,4.0237,0.3494,406,723,0,0,1,0,0
12276,4.254,0.5138,406,723,0,0,1,0,0
12277,4.0657,0.4708,405,723,0,0,1,0,0
12278,4.3835,0.3985,405,723,0,0,1,0,0
12279,4.2076,0.557,405,723,0,0,1,0,0
12280,3.8831,0.3663,404,723,0,0,1,0,0
12281,4.1992,0.4164,403,723,0,0,1,0,0
12282,4.181,0.385,402,723,0,0,1,0,0
12283,4.3067,0.5003,401,723,0,0,1,0,0
12284,4.1915,0.9435,401,723,0,0,1,0,0
12285,4.0247,0.5698,401,723,0,0,1,0,0
12286,4.2341,0.6013,401,723,0,0,1,0,0
12287,4.041,0.3439,401,723,0,0,1,0,0
12288,4.1963,0.359,401,723,0,0,1,0,0
12289,4.3241,0.4537,400,723,0,0,1,0,0
12290,4.0041,0.3506,400,723,0,0,1,0,0
12291,4.1999,0.4916,400,723,0,0,1,0,0
12292,4.1303,0.3605,398,723,0,0,1,0,0
12293,4.2964,0.5835,397,723,0,0,1,0,0
12294,4.0459,0.383,397,723,0,0,1,0,0
12295,4.4863,0.5325,396,723,0,0,1,0,0
12296,3.8685,0.414,396,723,0,0,1,0,0
12297,4.3026,0.3552,396,723,0,0,1,0,0
12298,4.155,0.5671,396,723,0,0,1,0,0
12299,3.9957,0.3665,394,723,0,0,1,0,0
12300,4.2208,0.5832,392,723,0,0,1,0,0
12301,4.1828,0.4894,392,723,0,0,1,0,0
12302,4.1122,0.3614,392,723,0,0,1,0,0
12303,4.1623,0.4321,391,723,0,0,1,0,0
12304,4.1384,0.3514,390,723,0,0,1,0,0
12305,4.4275,0.5301,389,723,0,0,1,0,0
12306,3.9412,0.3445,388,723,0,0,1,0,0
12307,4.3222,0.3448,385,723,0,0,1,0,0
12308,4.353,0.3734,384,723,0,0,1,0,0
12309,3.8158,0.392,384,723,0,0,1,0,0
12310,4.3119,0.8108,384,723,0,0,1,0,0
12311,4.0311,0.342,383,723,0,0,1,0,0
12312,4.297,0.5111,383,723,0,0,1,0,0
12313,4.2081,0.5853,382,723,0,0,1,0,0
12314,4.3151,0.342,380,723,0,0,1,0,0
12315,3.9858,0.4279,380,723,0,0,1,0,0
12316,4.036,0.3957,378,723,0,0,1,0,0
12317,4.3379,0.6006,377,723,0,0,1,0,0
12318,4.0298,0.4497,375,723,0,0,1,0,0
12319,4.2866,0.5124,375,723,0,0,1,0,0
12320,4.1501,0.4959,374,723,0,0,1,0,0
12321,4.0234,0.4011,374,723,0,0,1,0,0
12322,4.2477,0.5928,374,723,0,0,1,0,0
12323,4.0986,0.411,374,723,0,0,1,0,0
12324,4.3636,0.6637,367,723,0,0,1,0,0
12325,3.9878,0.4018,366,723,0,0,1,0,0
12326,4.1472,0.382,366,723,0,0,1,0,0
12327,4.3262,0.4565,365,723,0,0,1,0,0
12328,3.982,0.4241,364,723,0,0,1,0,0
12329,4.2202,0.5833,414,723,0,0,1,0,0
12330,4.1789,0.4099,413,723,0,0,1,0,0
12331,4.2715,0.7023,413,723,0,0,1,0,0
12332,4.195,0.5814,413,723,0,0,1,0,0
12333,4.1927,0.5538,412,723,0,0,1,0,0
12334,3.9578,0.3846,412,723,0,0,1,0,0
12335,4.178,0.4303,412,723,0,0,1,0,0
12336,4.7497,0.4877,412,723,0,0,1,0,0
12337,3.6392,0.5191,411,723,0,0,1,0,0
12338,4.2061,0.533,410,723,0,0,1,0,0
12339,5.0019,0.8703,409,723,0,0,1,0,0
12340,3.2538,0.4934,408,723,0,0,1,0,0
12341,4.2136,0.3464,408,723,0,0,1,0,0
12342,4.1202,0.7181,408,723,0,0,1,0,0
12343,4.6443,0.3513,408,723,0,0,1,0,0
12344,3.6945,0.496,408,723,0,0,1,0,0
12345,4.2428,0.3482,408,723,0,0,1,0,0
12346,4.1262,0.3418,408,723,0,0,1,0,0
12347,4.5529,0.3899,407,723,0,0,1,0,0
12348,3.7624,0.5816,407,723,0,0,1,0,0
12349,4.2139,0.5924,406,723,0,0,1,0,0
12350,4.1454,0.3772,405,723,0,0,1,0,0
12351,4.641,0.7409,405,723,0,0,1,0,0
12352,3.6756,0.4118,404,723,0,0,1,0,0
12353,4.1383,0.4338,403,723,0,0,1,0,0
12354,4.2096,0.3961,401,723,0,0,1,0,0
12355,4.6947,0.5513,400,723,0,0,1,0,0
12356,3.6056,0.3982,400,723,0,0,1,0,0
12357,4.7253,0.4923,400,723,0,0,1,0,0
12358,3.9688,0.4186,399,723,0,0,1,0,0
12359,4.2458,0.3758,399,723,0,0,1,0,0
12360,3.7025,0.3904,398,723,0,0,1,0,0
12361,4.1885,0.3695,398,723,0,0,1,0,0
12362,4.1802,0.8267,398,723,0,0,1,0,0
12363,4.8682,0.391,397,723,0,0,1,0,0
12364,3.4259,0.5264,396,723,0,0,1,0,0
12365,4.4973,0.4998,396,723,0,0,1,0,0
12366,3.9334,0.5422,396,723,0,0,1,0,0
12367,4.5877,0.5109,396,723,0,0,1,0,0
12368,3.9399,0.5968,396,723,0,0,1,0,0
12369,3.9293,0.4672,394,723,0,0,1,0,0
12370,4.1328,0.3545,394,723,0,0,1,0,0
12371,4.6177,0.3681,394,723,0,0,1,0,0
12372,3.7202,0.409,394,723,0,0,1,0,0
12373,4.2186,0.4837,393,723,0,0,1,0,0
12374,4.2504,0.3684,392,723,0,0,1,0,0
12375,4.5272,0.3498,390,723,0,0,1,0,0
12376,7.8471,0.4114,390,723,0,0,1,0,0
12377,4.2288,0.6304,390,723,0,0,1,0,0
12378,4.673,0.574,390,723,0,0,1,0,0
12379,3.8137,0.5581,390,723,0,0,1,0,0
12380,3.9765,0.3495,389,723,0,0,1,0,0
12381,4.2218,0.6703,389,723,0,0,1,0,0
12382,4.5051,0.3654,389,723,0,0,1,0,0
12383,3.7238,0.3437,388,723,0,0,1,0,0
12384,4.1927,0.3684,387,723,0,0,1,0,0
12385,4.2269,0.5186,385,723,0,0,1,0,0
12386,4.617,0.5327,384,723,0,0,1,0,0
12387,3.712,0.345,384,723,0,0,1,0,0
12388,4.1091,0.4965,384,723,0,0,1,0,0
12389,4.1667,0.3759,377,723,0,0,1,0,0
12390,4.6667,0.3788,377,723,0,0,1,0,0
12391,3.6869,0.7433,377,723,0,0,1,0,0
12392,4.2348,0.5034,377,723,0,0,1,0,0
12393,4.0751,0.374,377,723,0,0,1,0,0
12394,4.7117,1.0301,377,723,0,0,1,0,0
12395,3.6439,0.4082,427,723,0,0,1,0,0
12396,4.1652,0.3902,426,723,0,0,1,0,0
12397,4.2511,0.807,426,723,0,0,1,0,0
12398,4.5797,0.3516,426,723,0,0,1,0,0
12399,7.8674,0.3833,425,723,0,0,1,0,0
12400,4.161,0.3669,424,723,0,0,1,0,0
12401,4.5717,0.4151,423,723,0,0,1,0,0
12402,3.7933,0.9574,419,723,0,0,1,0,0
12403,4.0902,0.4673,419,723,0,0,1,0,0
12404,4.2309,0.3869,418,723,0,0,1,0,0
12405,4.5935,0.4292,417,723,0,0,1,0,0
12406,3.7023,0.3914,416,723,0,0,1,0,0
12407,4.149,0.4868,416,723,0,0,1,0,0
12408,4.2249,0.482,416,723,0,0,1,0,0
12409,4.6075,0.5384,416,723,0,0,1,0,0
12410,3.7427,0.3734,415,723,0,0,1,0,0
12411,4.1362,0.3576,414,723,0,0,1,0,0
12412,4.1269,1.0366,414,723,0,0,1,0,0
12413,4.6745,0.7163,414,723,0,0,1,0,0
12414,3.638,0.8187,414,723,0,0,1,0,0
12415,4.2135,0.4236,414,723,0,0,1,0,0
12416,4.1743,0.4359,413,723,0,0,1,0,0
12417,4.6798,0.5059,411,723,0,0,1,0,0
12418,3.6202,0.3693,411,723,0,0,1,0,0
12419,4.2442,0.3776,411,723,0,0,1,0,0
12420,4.1363,0.7503,409,723,0,0,1,0,0
12421,4.5833,0.5097,407,723,0,0,1,0,0
12422,7.8897,0.8195,406,723,0,0,1,0,0
12423,4.1434,0.3549,405,723,0,0,1,0,0
12424,4.5853,0.7174,404,723,0,0,1,0,0
12425,3.744,0.3614,404,723,0,0,1,0,0
12426,4.2063,0.6765,404,723,0,0,1,0,0
12427,4.3008,0.6837,403,723,0,0,1,0,0
12428,4.5003,0.4021,401,723,0,0,1,0,0
12429,3.6463,0.7121,400,723,0,0,1,0,0
12430,4.1908,0.4029,399,723,0,0,1,0,0
12431,4.2201,0.9128,399,723,0,0,1,0,0
12432,4.5618,0.4431,398,723,0,0,1,0,0
12433,3.7487,0.4271,398,723,0,0,1,0,0
12434,4.1417,0.5014,398,723,0,0,1,0,0
12435,4.1713,1.0926,398,723,0,0,1,0,0
12436,4.679,0.8592,398,723,0,0,1,0,0
12437,3.6699,0.3675,398,723,0,0,1,0,0
12438,4.1425,0.7023,397,723,0,0,1,0,0
12439,4.1579,0.3851,397,723,0,0,1,0,0
12440,4.6048,0.3798,395,723,0,0,1,0,0
12441,3.7413,0.5936,395,723,0,0,1,0,0
12442,4.1998,0.5344,395,723,0,0,1,0,0
12443,4.1328,0.3606,393,723,0,0,1,0,0
12444,4.6579,0.3532,393,723,0,0,1,0,0
12445,7.8815,0.3774,393,723,0,0,1,0,0
12446,4.1865,0.469,393,723,0,0,1,0,0
12447,4.5362,0.3645,393,723,0,0,1,0,0
12448,3.7322,0.7406,392,723,0,0,1,0,0
12449,4.1648,0.8717,391,723,0,0,1,0,0
12450,4.1644,0.3678,391,723,0,0,1,0,0
12451,4.6358,0.5545,391,723,0,0,1,0,0
12452,3.6942,0.3524,390,723,0,0,1,0,0
12453,4.2547,0.5892,382,723,0,0,1,0,0
12454,4.1248,0.3393,381,723,0,0,1,0,0
12455,4.6048,0.348,379,723,0,0,1,0,0
12456,3.7098,0.3528,379,723,0,0,1,0,0
12457,4.3862,0.3377,379,723,0,0,1,0,0
12458,3.9714,0.3574,379,723,0,0,1,0,0
12459,4.5729,0.3872,429,723,0,0,1,0,0
12460,3.7075,0.3493,429,723,0,0,1,0,0
12461,4.187,0.4705,429,723,0,0,1,0,0
12462,4.4505,0.4776,428,723,0,0,1,0,0
12463,4.3209,0.5555,428,723,0,0,1,0,0
12464,3.7153,0.4599,427,723,0,0,1,0,0
12465,4.2191,0.448,427,723,0,0,1,0,0
12466,4.1867,0.5541,427,723,0,0,1,0,0
12467,4.5932,0.5345,427,723,0,0,1,0,0
12468,7.8815,0.4818,426,723,0,0,1,0,0
12469,4.2438,0.3738,425,723,0,0,1,0,0
12470,4.4756,0.3872,425,723,0,0,1,0,0
12471,3.7622,0.3658,422,723,0,0,1,0,0
12472,4.6628,0.3958,421,723,0,0,1,0,0
12473,3.6494,0.7194,420,723,0,0,1,0,0
12474,4.6512,0.4032,420,723,0,0,1,0,0
12475,3.7146,0.6102,419,723,0,0,1,0,0
12476,4.5322,1.0227,419,723,0,0,1,0,0
12477,4.1572,0.4802,416,723,0,0,1,0,0
12478,4.6291,0.5235,415,723,0,0,1,0,0
12479,3.3335,0.3917,415,723,0,0,1,0,0
12480,4.1853,0.6412,415,723,0,0,1,0,0
12481,4.1146,0.4252,415,723,0,0,1,0,0
12482,4.7346,0.5021,415,723,0,0,1,0,0
12483,3.6605,0.3638,415,723,0,0,1,0,0
12484,4.1554,0.4783,415,723,0,0,1,0,0
12485,4.1142,0.3442,414,723,0,0,1,0,0
12486,4.6341,0.3452,412,723,0,0,1,0,0
12487,3.6895,0.3671,412,723,0,0,1,0,0
12488,4.387,0.5786,410,723,0,0,1,0,0
12489,4.0169,0.3809,410,723,0,0,1,0,0
12490,4.6068,0.4006,410,723,0,0,1,0,0
12491,3.6869,0.425,410,723,0,0,1,0,0
12492,4.1755,0.4723,410,723,0,0,1,0,0
12493,4.2046,0.7827,409,723,0,0,1,0,0
12494,4.635,0.7897,409,723,0,0,1,0,0
12495,3.6871,0.3779,408,723,0,0,1,0,0
12496,4.1382,0.4878,407,723,0,0,1,0,0
12497,4.1642,0.3635,404,723,0,0,1,0,0
12498,4.6201,0.6136,404,723,0,0,1,0,0
12499,3.7322,0.3697,404,723,0,0,1,0,0
12500,4.1823,0.3783,401,723,0,0,1,0,0
12501,4.1712,0.4882,400,723,0,0,1,0,0
12502,4.6156,0.4971,399,723,0,0,1,0,0
12503,3.6836,0.7007,399,723,0,0,1,0,0
12504,4.1695,0.5381,399,723,0,0,1,0,0
12505,4.1717,0.4396,398,723,0,0,1,0,0
12506,4.658,0.35,397,723,0,0,1,0,0
12507,3.7101,0.3624,396,723,0,0,1,0,0
12508,4.1309,0.7269,396,723,0,0,1,0,0
12509,4.1767,0.3408,396,723,0,0,1,0,0
12510,4.6049,0.7196,396,723,0,0,1,0,0
12511,3.7129,0.353,395,723,0,0,1,0,0
12512,4.1733,0.3328,393,723,0,0,1,0,0
12513,4.1578,0.3482,393,723,0,0,1,0,0
12514,4.6411,0.337,393,723,0,0,1,0,0
12515,7.8693,0.387,392,723,0,0,1,0,0
12516,4.1602,0.4763,391,723,0,0,1,0,0
12517,4.6976,0.7739,388,723,0,0,1,0,0
12518,3.6161,0.7413,381,723,0,0,1,0,0
12519,4.2042,0.3378,381,723,0,0,1,0,0
12520,4.1426,0.3546,381,723,0,0,1,0,0
12521,4.649,0.4583,379,723,0,0,1,0,0
12522,3.7116,0.3633,378,723,0,0,1,0,0
12523,4.2052,0.4388,378,723,0,0,1,0,0
12524,4.1287,0.3962,428,723,0,0,1,0,0
12525,4.6808,0.8921,426,723,0,0,1,0,0
12526,3.6773,0.4137,425,723,0,0,1,0,0
12527,4.4216,0.4321,422,723,0,0,1,0,0
12528,3.8722,0.4717,422,723,0,0,1,0,0
12529,5.0013,0.6276,422,723,0,0,1,0,0
12530,3.319,0.7433,421,723,0,0,1,0,0
12531,4.2719,0.7395,420,723,0,0,1,0,0
12532,4.0629,0.3636,419,723,0,0,1,0,0
12533,4.5997,0.3795,418,723,0,0,1,0,0
12534,3.7461,0.3733,417,723,0,0,1,0,0
12535,4.1617,0.3645,414,723,0,0,1,0,0
12536,4.1427,0.3985,413,723,0,0,1,0,0
12537,4.6618,0.8808,413,723,0,0,1,0,0
12538,7.8925,0.5734,413,723,0,0,1,0,0
12539,4.1964,0.7062,413,723,0,0,1,0,0
12540,4.6272,0.4334,413,723,0,0,1,0,0
12541,3.6361,0.4437,411,723,0,0,1,0,0
12542,4.2817,0.61,411,723,0,0,1,0,0
12543,4.1072,0.5096,410,723,0,0,1,0,0
12544,4.548,0.4166,410,723,0,0,1,0,0
12545,3.7369,0.3837,410,723,0,0,1,0,0
12546,4.3409,0.3784,408,723,0,0,1,0,0
12547,4.0329,0.3735,407,723,0,0,1,0,0
12548,4.6431,0.3942,406,723,0,0,1,0,0
12549,3.711,0.3665,406,723,0,0,1,0,0
12550,4.3125,0.3422,406,723,0,0,1,0,0
12551,3.9712,0.3549,406,723,0,0,1,0,0
12552,4.6594,0.3632,405,723,0,0,1,0,0
12553,3.6674,0.3764,405,723,0,0,1,0,0
12554,4.1808,0.4201,404,723,0,0,1,0,0
12555,4.2016,0.4156,404,723,0,0,1,0,0
12556,4.6133,0.4755,403,723,0,0,1,0,0
12557,3.7039,0.4958,403,723,0,0,1,0,0
12558,4.1739,0.6347,403,723,0,0,1,0,0
12559,4.1484,0.6433,402,723,0,0,1,0,0
12560,4.6055,0.548,402,723,0,0,1,0,0
12561,3.7528,0.3862,402,723,0,0,1,0,0
12562,4.287,0.3487,402,723,0,0,1,0,0
12563,4.0093,0.3795,401,723,0,0,1,0,0
12564,4.6223,0.366,398,723,0,0,1,0,0
12565,3.7363,0.8816,398,723,0,0,1,0,0
12566,4.296,0.3347,397,723,0,0,1,0,0
12567,4.247,0.3499,396,723,0,0,1,0,0
12568,4.3953,0.3536,394,723,0,0,1,0,0
12569,3.6856,0.3564,391,723,0,0,1,0,0
12570,4.2119,0.5284,391,723,0,0,1,0,0
12571,4.1349,0.3598,391,723,0,0,1,0,0
12572,4.6302,0.5372,391,723,0,0,1,0,0
12573,3.7136,0.332,389,723,0,0,1,0,0
12574,4.314,0.3392,388,723,0,0,1,0,0
12575,4.1178,0.5546,388,723,0,0,1,0,0
12576,4.4842,0.3735,387,723,0,0,1,0,0
12577,3.7085,0.5164,386,723,0,0,1,0,0
12578,4.6691,0.339,386,723,0,0,1,0,0
12579,3.7061,0.3502,386,723,0,0,1,0,0
12580,4.5781,0.3549,386,723,0,0,1,0,0
12581,3.906,0.6456,385,723,0,0,1,0,0
12582,3.999,0.5943,385,723,0,0,1,0,0
12583,4.206,0.3675,385,723,0,0,1,0,0
12584,4.9865,0.5687,378,723,0,0,1,0,0
12585,7.5037,0.3785,377,723,0,0,1,0,0
12586,4.2079,0.3527,377,723,0,0,1,0,0
12587,4.5601,0.4311,377,723,0,0,1,0,0
12588,3.7219,0.3532,375,723,0,0,1,0,0
12589,4.3375,0.397,424,723,0,0,1,0,0
12590,4.0614,0.3993,423,723,0,0,1,0,0
12591,4.5371,0.418,423,723,0,0,1,0,0
12592,3.7656,0.6833,423,723,0,0,1,0,0
12593,4.134,0.3757,423,723,0,0,1,0,0
12594,4.1318,0.3876,422,723,0,0,1,0,0
12595,4.6192,0.3707,421,723,0,0,1,0,0
12596,3.7864,0.3803,420,723,0,0,1,0,0
12597,4.325,0.3659,420,723,0,0,1,0,0
12598,4.0165,0.3758,419,723,0,0,1,0,0
12599,4.8942,0.3672,419,723,0,0,1,0,0
12600,3.3911,0.4243,419,723,0,0,1,0,0
12601,4.1837,0.42,418,723,0,0,1,0,0
12602,7.2147,0.6632,417,723,0,0,1,0,0
12603,4.4831,0.5497,417,723,0,0,1,0,0
12604,1.1978,0.2909,417,723,0,0,1,0,0
12605,4.4081,1.646,417,723,0,0,1,0,0
12606,3.972,0.3201,416,723,0,0,1,0,0
12607,5.2348,0.5362,416,723,0,0,1,0,0
12608,7.4003,0.5027,415,723,0,0,1,0,0
12609,3.8928,0.4284,415,723,0,0,1,0,0
12610,4.3057,0.4296,414,723,0,0,1,0,0
12611,4.335,0.4657,413,723,0,0,1,0,0
12612,4.3141,0.6105,413,723,0,0,1,0,0
12613,3.6446,0.554,413,723,0,0,1,0,0
12614,4.9815,0.5769,411,723,0,0,1,0,0
12615,4.358,0.5957,411,723,0,0,1,0,0
12616,3.2094,0.5597,411,723,0,0,1,0,0
12617,4.1823,0.5501,411,723,0,0,1,0,0
12618,4.8648,0.5336,411,723,0,0,1,0,0
12619,3.3702,0.4478,410,723,0,0,1,0,0
12620,4.4316,0.5346,410,723,0,0,1,0,0
12621,3.9182,0.5172,408,723,0,0,1,0,0
12622,4.4641,0.4125,405,723,0,0,1,0,0
12623,3.848,0.5466,405,723,0,0,1,0,0
12624,4.633,0.5026,403,723,0,0,1,0,0
12625,3.9514,0.6964,402,723,0,0,1,0,0
12626,4.2033,0.7854,402,723,0,0,1,0,0
12627,4.0296,0.5592,402,723,0,0,1,0,0
12628,4.1328,0.5157,402,723,0,0,1,0,0
12629,4.1045,0.4737,400,723,0,0,1,0,0
12630,4.3415,0.4051,400,723,0,0,1,0,0
12631,4.0011,0.5421,399,723,0,0,1,0,0
12632,4.3321,0.478,399,723,0,0,1,0,0
12633,3.9802,0.494,397,723,0,0,1,0,0
12634,4.3001,0.5,396,723,0,0,1,0,0
12635,4.0629,0.6335,395,723,0,0,1,0,0
12636,8.2712,0.5741,394,723,0,0,1,0,0
12637,4.312,0.4221,394,723,0,0,1,0,0
12638,4.0665,0.4917,394,723,0,0,1,0,0
12639,4.1159,0.5448,393,723,0,0,1,0,0
12640,4.1792,0.5036,390,723,0,0,1,0,0
12641,4.2811,0.4156,389,723,0,0,1,0,0
12642,4.0318,0.3808,388,723,0,0,1,0,0
12643,4.5167,0.3905,387,723,0,0,1,0,0
12644,8.357,0.5254,385,723,0,0,1,0,0
12645,3.8644,0.5163,385,723,0,0,1,0,0
12646,4.2743,0.5193,385,723,0,0,1,0,0
12647,4.2819,0.5117,385,723,0,0,1,0,0
12648,4.084,0.5067,378,723,0,0,1,0,0
12649,4.0243,0.484,376,723,0,0,1,0,0
12650,4.1538,0.9903,376,723,0,0,1,0,0
12651,4.1799,0.5014,375,723,0,0,1,0,0
12652,4.7966,0.6919,374,723,0,0,1,0,0
12653,3.5116,0.518,423,723,0,0,1,0,0
12654,4.5886,0.4458,422,723,0,0,1,0,0
12655,3.7071,0.528,422,723,0,0,1,0,0
12656,4.4698,0.5555,422,723,0,0,1,0,0
12657,4.1006,0.562,422,723,0,0,1,0,0
12658,4.0696,0.5416,420,723,0,0,1,0,0
12659,4.137,0.5348,419,723,0,0,1,0,0
12660,4.282,0.6522,417,723,0,0,1,0,0
12661,4.1789,0.5892,416,723,0,0,1,0,0
12662,4.0117,0.6736,416,723,0,0,1,0,0
12663,4.1382,0.6071,416,723,0,0,1,0,0
12664,4.4457,0.6873,416,723,0,0,1,0,0
12665,3.9037,0.5106,416,723,0,0,1,0,0
12666,4.209,0.588,416,723,0,0,1,0,0
12667,4.1967,0.5075,416,723,0,0,1,0,0
12668,4.2832,1.0659,415,723,0,0,1,0,0
12669,4.7726,0.6105,415,723,0,0,1,0,0
12670,3.77,1.0462,414,723,0,0,1,0,0
12671,3.8808,0.5431,414,723,0,0,1,0,0
12672,4.3175,0.5086,413,723,0,0,1,0,0
12673,3.9034,0.4136,413,723,0,0,1,0,0
12674,4.1862,0.5413,412,723,0,0,1,0,0
12675,4.0933,0.4968,411,723,0,0,1,0,0
12676,4.5869,0.4539,410,723,0,0,1,0,0
12677,8.3984,0.5551,410,723,0,0,1,0,0
12678,3.689,0.536,410,723,0,0,1,0,0
12679,4.4311,0.4923,410,723,0,0,1,0,0
12680,3.91,0.5511,410,723,0,0,1,0,0
12681,4.1863,0.6137,410,723,0,0,1,0,0
12682,4.1439,0.5638,408,723,0,0,1,0,0
12683,5.0024,0.491,408,723,0,0,1,0,0
12684,3.3565,0.5469,408,723,0,0,1,0,0
12685,4.1676,0.5084,407,723,0,0,1,0,0
12686,4.3156,0.4494,406,723,0,0,1,0,0
12687,4.5781,1.0067,406,723,0,0,1,0,0
12688,3.4728,0.4302,406,723,0,0,1,0,0
12689,4.1495,0.618,405,723,0,0,1,0,0
12690,4.1054,0.6564,403,723,0,0,1,0,0
12691,5.3193,0.7945,402,723,0,0,1,0,0
12692,3.0278,0.7037,402,723,0,0,1,0,0
12693,4.2764,0.7302,402,723,0,0,1,0,0
12694,4.1348,0.7479,401,723,0,0,1,0,0
12695,4.6682,0.3906,400,723,0,0,1,0,0
12696,3.5712,0.7185,398,723,0,0,1,0,0
12697,4.186,0.648,398,723,0,0,1,0,0
12698,4.3215,0.727,396,723,0,0,1,0,0
12699,4.5651,0.7517,395,723,0,0,1,0,0
12700,7.8295,0.8383,394,723,0,0,1,0,0
12701,4.1487,0.6977,394,723,0,0,1,0,0
12702,4.5693,0.3725,394,723,0,0,1,0,0
12703,3.687,0.3739,393,723,0,0,1,0,0
12704,4.262,0.412,392,723,0,0,1,0,0
12705,4.1089,0.4653,392,723,0,0,1,0,0
12706,4.6246,0.3707,392,723,0,0,1,0,0
12707,3.8082,0.3672,389,723,0,0,1,0,0
12708,4.2982,0.5567,389,723,0,0,1,0,0
12709,3.9581,0.543,389,723,0,0,1,0,0
12710,4.6384,0.372,388,723,0,0,1,0,0
12711,3.6711,0.3635,388,723,0,0,1,0,0
12712,4.3782,0.5619,387,723,0,0,1,0,0
12713,3.9587,0.3711,387,723,0,0,1,0,0
12714,4.592,0.3986,378,723,0,0,1,0,0
12715,3.7271,0.35,377,723,0,0,1,0,0
12716,4.2202,0.3971,376,723,0,0,1,0,0
12717,4.1579,0.3676,376,723,0,0,1,0,0
12718,4.619,0.3693,375,723,0,0,1,0,0
12719,3.8091,0.4624,424,723,0,0,1,0,0
12720,4.0807,0.4398,424,723,0,0,1,0,0
12721,4.108,0.5353,423,723,0,0,1,0,0
12722,4.6635,0.4535,423,723,0,0,1,0,0
12723,3.6928,0.4509,423,723,0,0,1,0,0
12724,4.1596,0.622,422,723,0,0,1,0,0
12725,4.1379,0.4478,421,723,0,0,1,0,0
12726,4.6454,0.4219,419,723,0,0,1,0,0
12727,3.7349,0.3922,417,723,0,0,1,0,0
12728,4.1992,0.3955,416,723,0,0,1,0,0
12729,4.1024,0.3967,416,723,0,0,1,0,0
12730,4.6764,0.3726,415,723,0,0,1,0,0
12731,3.6471,0.4847,415,723,0,0,1,0,0
12732,4.2662,0.6191,413,723,0,0,1,0,0
12733,4.1185,0.5808,413,723,0,0,1,0,0
12734,4.6519,0.5321,412,723,0,0,1,0,0
12735,3.6975,0.4604,412,723,0,0,1,0,0
12736,4.1771,0.4706,412,723,0,0,1,0,0
12737,4.1243,0.4506,412,723,0,0,1,0,0
12738,4.7588,0.4431,412,723,0,0,1,0,0
12739,3.58,0.5603,412,723,0,0,1,0,0
12740,4.1795,0.5748,412,723,0,0,1,0,0
12741,4.3003,0.5027,412,723,0,0,1,0,0
12742,4.4566,0.4063,411,723,0,0,1,0,0
12743,3.6882,0.3813,411,723,0,0,1,0,0
12744,4.4313,0.5886,411,723,0,0,1,0,0
12745,4.0439,1.421,411,723,0,0,1,0,0
12746,4.5067,0.5045,410,723,0,0,1,0,0
12747,7.9056,0.7732,410,723,0,0,1,0,0
12748,4.1565,0.3273,410,723,0,0,1,0,0
12749,4.6917,0.336,410,723,0,0,1,0,0
12750,3.6389,0.3204,410,723,0,0,1,0,0
12751,4.1852,0.4337,410,723,0,0,1,0,0
12752,4.1336,0.423,410,723,0,0,1,0,0
12753,4.6253,0.6769,409,723,0,0,1,0,0
12754,3.6986,0.4137,409,723,0,0,1,0,0
12755,4.2951,0.5361,406,723,0,0,1,0,0
12756,4.0862,0.493,406,723,0,0,1,0,0
12757,4.5884,0.5114,405,723,0,0,1,0,0
12758,3.7178,0.4234,405,723,0,0,1,0,0
12759,4.3475,0.3982,405,723,0,0,1,0,0
12760,4.0551,0.5054,404,723,0,0,1,0,0
12761,4.5874,0.4195,402,723,0,0,1,0,0
12762,3.6632,0.3774,401,723,0,0,1,0,0
12763,4.399,0.3602,400,723,0,0,1,0,0
12764,3.9472,0.3673,399,723,0,0,1,0,0
12765,4.615,0.3868,398,723,0,0,1,0,0
12766,3.7478,0.5841,397,723,0,0,1,0,0
12767,4.1257,1.0336,397,723,0,0,1,0,0
12768,4.1899,0.3847,396,723,0,0,1,0,0
12769,4.6404,0.7596,393,723,0,0,1,0,0
12770,3.7329,0.839,393,723,0,0,1,0,0
12771,4.1447,0.3886,393,723,0,0,1,0,0
12772,4.1929,0.7267,392,723,0,0,1,0,0
12773,4.5349,0.7055,392,723,0,0,1,0,0
12774,3.7589,0.3823,391,723,0,0,1,0,0
12775,4.2968,0.7132,391,723,0,0,1,0,0
12776,3.9992,0.528,391,723,0,0,1,0,0
12777,4.6786,0.4155,388,723,0,0,1,0,0
12778,3.6274,1.1989,386,723,0,0,1,0,0
12779,4.2014,0.6141,378,723,0,0,1,0,0
12780,4.1329,0.4508,377,723,0,0,1,0,0
12781,4.6469,0.7463,377,723,0,0,1,0,0
12782,3.7117,0.288,377,723,0,0,1,0,0
12783,4.1593,0.3693,377,723,0,0,1,0,0
12784,4.1571,0.3141,376,723,0,0,1,0,0
12785,4.6377,0.431,425,723,0,0,1,0,0
12786,3.6783,0.6502,424,723,0,0,1,0,0
12787,4.2114,0.4377,424,723,0,0,1,0,0
12788,4.1526,0.4117,423,723,0,0,1,0,0
12789,4.5825,0.4146,422,723,0,0,1,0,0
12790,3.7857,0.3844,422,723,0,0,1,0,0
12791,4.1514,0.3602,421,723,0,0,1,0,0
12792,4.4122,0.3564,421,723,0,0,1,0,0
12793,4.4168,0.3672,419,723,0,0,1,0,0
12794,3.6784,0.3673,419,723,0,0,1,0,0
12795,4.2482,0.5802,419,723,0,0,1,0,0
12796,4.0614,0.3901,419,723,0,0,1,0,0
12797,4.6202,0.3963,419,723,0,0,1,0,0
12798,3.6902,0.4333,419,723,0,0,1,0,0
12799,4.2194,0.6305,419,723,0,0,1,0,0
12800,4.1468,0.399,419,723,0,0,1,0,0
12801,4.6268,0.3969,418,723,0,0,1,0,0
12802,3.672,0.3877,417,723,0,0,1,0,0
12803,8.3638,0.3658,415,723,0,0,1,0,0
12804,4.6133,0.6555,413,723,0,0,1,0,0
12805,3.7396,0.5413,413,723,0,0,1,0,0
12806,4.1793,0.3516,413,723,0,0,1,0,0
12807,4.1355,0.5638,411,723,0,0,1,0,0
12808,4.6381,0.5541,411,723,0,0,1,0,0
12809,3.6388,0.3415,411,723,0,0,1,0,0
12810,4.2004,0.6492,410,723,0,0,1,0,0
12811,4.2391,0.3856,409,723,0,0,1,0,0
12812,4.5609,0.3754,408,723,0,0,1,0,0
12813,3.7278,0.4088,407,723,0,0,1,0,0
12814,4.3766,0.5051,407,723,0,0,1,0,0
12815,4.0297,0.4181,404,723,0,0,1,0,0
12816,4.607,0.6298,403,723,0,0,1,0,0
12817,3.63,0.6101,403,723,0,0,1,0,0
12818,4.3487,0.3832,403,723,0,0,1,0,0
12819,4.002,0.3924,402,723,0,0,1,0,0
12820,4.6506,0.378,401,723,0,0,1,0,0
12821,3.718,0.3749,401,723,0,0,1,0,0
12822,4.5621,0.4979,399,723,0,0,1,0,0
12823,3.7761,0.3724,399,723,0,0,1,0,0
12824,4.6899,0.3828,397,723,0,0,1,0,0
12825,3.6005,0.6053,397,723,0,0,1,0,0
12826,4.2271,0.5052,397,723,0,0,1,0,0
12827,4.0975,0.3653,397,723,0,0,1,0,0
12828,4.8172,0.3652,397,723,0,0,1,0,0
12829,3.582,0.3829,395,723,0,0,1,0,0
12830,4.3295,0.5025,394,723,0,0,1,0,0
12831,3.9796,0.3656,393,723,0,0,1,0,0
12832,4.9189,0.3724,393,723,0,0,1,0,0
12833,3.343,0.3503,393,723,0,0,1,0,0
12834,4.4284,0.3881,393,723,0,0,1,0,0
12835,3.9829,0.3739,392,723,0,0,1,0,0
12836,4.6091,0.3598,391,723,0,0,1,0,0
12837,3.8721,0.7032,391,723,0,0,1,0,0
12838,4.2345,0.5237,390,723,0,0,1,0,0
12839,3.9533,0.3693,389,723,0,0,1,0,0
12840,4.9457,0.522,387,723,0,0,1,0,0
12841,3.3558,0.3498,386,723,0,0,1,0,0
12842,4.3177,0.364,386,723,0,0,1,0,0
12843,4.0885,0.3474,386,723,0,0,1,0,0
12844,4.6376,0.3973,386,723,0,0,1,0,0
12845,3.6428,0.3572,378,723,0,0,1,0,0
12846,4.6128,0.3321,378,723,0,0,1,0,0
12847,3.7755,0.3585,378,723,0,0,1,0,0
12848,4.5449,0.3608,378,723,0,0,1,0,0
12849,3.6779,0.3579,377,723,0,0,1,0,0
12850,8.9145,0.4229,427,723,0,0,1,0,0
12851,4.1542,0.771,426,723,0,0,1,0,0
12852,3.6135,0.3698,426,723,0,0,1,0,0
12853,4.3762,0.5706,424,723,0,0,1,0,0
12854,4.1512,0.3696,423,723,0,0,1,0,0
12855,4.5061,0.383,422,723,0,0,1,0,0
12856,3.6616,0.3997,422,723,0,0,1,0,0
12857,4.1812,0.4151,421,723,0,0,1,0,0
12858,4.2027,0.4128,420,723,0,0,1,0,0
12859,4.618,0.6699,419,723,0,0,1,0,0
12860,3.6504,0.3757,418,723,0,0,1,0,0
12861,4.2076,0.3716,418,723,0,0,1,0,0
12862,4.1742,0.4328,418,723,0,0,1,0,0
12863,4.5979,0.5052,418,723,0,0,1,0,0
12864,3.7252,0.392,417,723,0,0,1,0,0
12865,4.4148,0.5843,416,723,0,0,1,0,0
12866,3.8849,0.3853,416,723,0,0,1,0,0
12867,4.7409,0.4891,415,723,0,0,1,0,0
12868,3.5888,0.3735,415,723,0,0,1,0,0
12869,4.3935,0.9445,414,723,0,0,1,0,0
12870,3.9677,0.3868,413,723,0,0,1,0,0
12871,4.6567,0.3904,413,723,0,0,1,0,0
12872,3.7515,0.7953,411,723,0,0,1,0,0
12873,4.1198,0.8418,411,723,0,0,1,0,0
12874,4.1891,0.5335,411,723,0,0,1,0,0
12875,4.5482,0.7333,410,723,0,0,1,0,0
12876,3.7224,0.6797,410,723,0,0,1,0,0
12877,4.3474,0.7821,410,723,0,0,1,0,0
12878,3.9754,0.4354,407,723,0,0,1,0,0
12879,4.6719,0.3763,406,723,0,0,1,0,0
12880,3.7091,0.3828,406,723,0,0,1,0,0
12881,4.1448,0.8627,406,723,0,0,1,0,0
12882,4.1482,0.3762,405,723,0,0,1,0,0
12883,4.6773,0.3739,405,723,0,0,1,0,0
12884,3.676,0.3764,405,723,0,0,1,0,0
12885,4.1539,0.5979,403,723,0,0,1,0,0
12886,4.1791,0.3509,402,723,0,0,1,0,0
12887,4.1452,0.3498,401,723,0,0,1,0,0
12888,4.1997,0.3903,400,723,0,0,1,0,0
12889,4.274,0.5847,399,723,0,0,1,0,0
12890,4.0412,0.3849,398,723,0,0,1,0,0
12891,4.1472,0.3433,398,723,0,0,1,0,0
12892,4.6547,0.3692,397,723,0,0,1,0,0
12893,3.7033,0.3659,396,723,0,0,1,0,0
12894,4.1337,0.3457,393,723,0,0,1,0,0
12895,4.1983,0.328,392,723,0,0,1,0,0
12896,4.1778,0.4031,391,723,0,0,1,0,0
12897,4.125,0.3675,391,723,0,0,1,0,0
12898,4.4038,0.8513,390,723,0,0,1,0,0
12899,3.9632,0.364,389,723,0,0,1,0,0
12900,4.2141,0.3604,387,723,0,0,1,0,0
12901,4.3635,0.403,387,723,0,0,1,0,0
12902,3.8958,0.3726,386,723,0,0,1,0,0
12903,4.1551,0.5069,386,723,0,0,1,0,0
12904,4.2612,0.7478,384,723,0,0,1,0,0
12905,4.3231,0.4065,383,723,0,0,1,0,0
12906,3.9658,0.5516,383,723,0,0,1,0,0
12907,4.7184,0.7235,383,723,0,0,1,0,0
12908,3.6141,0.4128,383,723,0,0,1,0,0
12909,4.3613,0.4329,382,723,0,0,1,0,0
12910,3.9561,0.7354,382,723,0,0,1,0,0
12911,4.7787,0.633,382,723,0,0,1,0,0
12912,3.5617,0.3538,375,723,0,0,1,0,0
12913,4.1474,0.3559,375,723,0,0,1,0,0
12914,4.1608,0.3773,375,723,0,0,1,0,0
12915,4.1807,0.3469,375,723,0,0,1,0,0
12916,4.1565,0.3566,373,723,0,0,1,0,0
12917,4.1751,0.648,422,723,0,0,1,0,0
12918,4.1531,0.4068,420,723,0,0,1,0,0
12919,4.1822,0.4123,420,723,0,0,1,0,0
12920,4.156,0.7527,420,723,0,0,1,0,0
12921,4.2173,0.4296,419,723,0,0,1,0,0
12922,4.128,0.4468,418,723,0,0,1,0,0
12923,4.8724,0.376,417,723,0,0,1,0,0
12924,3.4324,0.3926,416,723,0,0,1,0,0
12925,4.3521,0.9379,415,723,0,0,1,0,0
12926,3.9977,0.3898,415,723,0,0,1,0,0
12927,4.2681,0.4601,414,723,0,0,1,0,0
12928,4.0585,0.4182,413,723,0,0,1,0,0
12929,4.3542,0.5498,412,723,0,0,1,0,0
12930,4.0278,0.6624,412,723,0,0,1,0,0
12931,4.1191,0.3612,411,723,0,0,1,0,0
12932,4.3134,0.4996,411,723,0,0,1,0,0
12933,4.3182,0.4091,410,723,0,0,1,0,0
12934,4.0537,0.5305,408,723,0,0,1,0,0
12935,3.9913,0.412,408,723,0,0,1,0,0
12936,4.1581,0.4201,408,723,0,0,1,0,0
12937,4.1564,0.359,406,723,0,0,1,0,0
12938,4.2013,0.3597,404,723,0,0,1,0,0
12939,4.312,0.5148,403,723,0,0,1,0,0
12940,4.1243,0.4595,402,723,0,0,1,0,0
12941,4.056,0.451,401,723,0,0,1,0,0
12942,4.2765,0.6267,401,723,0,0,1,0,0
12943,4.0289,0.347,400,723,0,0,1,0,0
12944,4.3116,0.5026,399,723,0,0,1,0,0
12945,4.2365,0.4883,398,723,0,0,1,0,0
12946,4.2307,0.5257,397,723,0,0,1,0,0
12947,4.2108,0.5725,396,723,0,0,1,0,0
12948,3.8635,0.5203,395,723,0,0,1,0,0
12949,4.3144,0.5052,395,723,0,0,1,0,0
12950,4.1125,0.4141,395,723,0,0,1,0,0
12951,4.2262,0.4734,395,723,0,0,1,0,0
12952,4.0134,0.3437,395,723,0,0,1,0,0
12953,4.3533,0.6429,394,723,0,0,1,0,0
12954,4.1459,0.8293,394,723,0,0,1,0,0
12955,3.9793,0.349,392,723,0,0,1,0,0
12956,4.2073,0.3834,392,723,0,0,1,0,0
12957,4.1855,0.3868,391,723,0,0,1,0,0
12958,4.1596,0.3872,391,723,0,0,1,0,0
12959,4.4308,0.4351,390,723,0,0,1,0,0
12960,4.4058,0.4312,389,723,0,0,1,0,0
12961,3.8759,0.639,389,723,0,0,1,0,0
12962,3.9636,0.4242,389,723,0,0,1,0,0
12963,4.664,0.465,389,723,0,0,1,0,0
12964,3.6441,0.4071,389,723,0,0,1,0,0
12965,4.2978,0.5073,389,723,0,0,1,0,0
12966,4.1246,0.6045,388,723,0,0,1,0,0
12967,4.5147,0.419,387,723,0,0,1,0,0
12968,3.7469,0.7441,387,723,0,0,1,0,0
12969,4.3492,0.6286,387,723,0,0,1,0,0
12970,4.2376,0.5298,387,723,0,0,1,0,0
12971,4.3923,0.437,384,723,0,0,1,0,0
12972,3.6659,0.4802,383,723,0,0,1,0,0
12973,4.2125,0.6002,383,723,0,0,1,0,0
12974,4.2781,0.4275,382,723,0,0,1,0,0
12975,4.461,0.4597,380,723,0,0,1,0,0
12976,3.729,0.4135,379,723,0,0,1,0,0
12977,4.2093,0.5278,378,723,0,0,1,0,0
12978,4.2588,0.7528,377,723,0,0,1,0,0
12979,4.4958,0.4254,370,723,0,0,1,0,0
12980,3.7144,0.616,369,723,0,0,1,0,0
12981,4.3068,0.5821,366,723,0,0,1,0,0
12982,4.0115,0.3452,365,723,0,0,1,0,0
12983,4.8756,0.55,365,723,0,0,1,0,0
12984,3.4409,0.3784,413,723,0,0,1,0,0
12985,4.4712,0.5921,413,723,0,0,1,0,0
12986,3.9347,0.3807,412,723,0,0,1,0,0
12987,4.7046,0.4817,412,723,0,0,1,0,0
12988,3.5556,0.4334,411,723,0,0,1,0,0
12989,4.3852,0.617,411,723,0,0,1,0,0
12990,4.0452,0.6174,410,723,0,0,1,0,0
12991,4.5693,0.5166,410,723,0,0,1,0,0
12992,3.6561,0.5179,410,723,0,0,1,0,0
12993,8.4525,0.6759,410,723,0,0,1,0,0
12994,4.7748,0.38,409,723,0,0,1,0,0
12995,3.475,0.3893,409,723,0,0,1,0,0
12996,4.1676,0.3628,409,723,0,0,1,0,0
12997,4.188,0.355,407,723,0,0,1,0,0
12998,4.833,0.5677,407,723,0,0,1,0,0
12999,3.6801,0.5141,405,723,0,0,1,0,0
13000,3.9767,0.3607,405,723,0,0,1,0,0
13001,4.2396,0.5385,405,723,0,0,1,0,0
13002,4.5148,0.4067,404,723,0,0,1,0,0
13003,3.7093,0.5401,404,723,0,0,1,0,0
13004,4.2054,0.4381,404,723,0,0,1,0,0
13005,4.1657,0.4097,404,723,0,0,1,0,0
13006,4.7472,0.4175,404,723,0,0,1,0,0
13007,3.6191,0.4211,404,723,0,0,1,0,0
13008,4.3491,0.4591,404,723,0,0,1,0,0
13009,3.9587,0.3941,404,723,0,0,1,0,0
13010,4.8049,0.5083,404,723,0,0,1,0,0
13011,3.5757,0.3709,403,723,0,0,1,0,0
13012,4.3784,0.4984,403,723,0,0,1,0,0
13013,4.08,0.5013,402,723,0,0,1,0,0
13014,4.4589,0.5323,402,723,0,0,1,0,0
13015,3.6613,0.386,401,723,0,0,1,0,0
13016,8.4025,0.5896,399,723,0,0,1,0,0
13017,4.6567,0.6475,399,723,0,0,1,0,0
13018,3.6174,0.3636,398,723,0,0,1,0,0
13019,4.274,0.4689,398,723,0,0,1,0,0
13020,4.0787,0.3632,398,723,0,0,1,0,0
13021,4.8092,0.5786,398,723,0,0,1,0,0
13022,3.5153,0.3764,397,723,0,0,1,0,0
13023,4.2171,0.6868,396,723,0,0,1,0,0
13024,4.2069,0.6318,395,723,0,0,1,0,0
13025,4.5134,0.7203,394,723,0,0,1,0,0
13026,3.7214,0.3983,392,723,0,0,1,0,0
13027,4.1918,0.4129,391,723,0,0,1,0,0
13028,4.1715,0.4376,389,723,0,0,1,0,0
13029,5.0462,0.6023,387,723,0,0,1,0,0
13030,3.2781,0.4458,387,723,0,0,1,0,0
13031,4.3963,0.563,386,723,0,0,1,0,0
13032,3.9674,0.4382,385,723,0,0,1,0,0
13033,4.554,0.4287,384,723,0,0,1,0,0
13034,3.9332,0.4443,383,723,0,0,1,0,0
13035,4.1412,0.6368,383,723,0,0,1,0,0
13036,4.051,0.3839,383,723,0,0,1,0,0
13037,4.1008,0.3908,382,723,0,0,1,0,0
13038,4.2955,0.5279,381,723,0,0,1,0,0
13039,4.2034,0.4802,379,723,0,0,1,0,0
13040,4.1697,0.5718,378,723,0,0,1,0,0
13041,4.182,0.5583,378,723,0,0,1,0,0
13042,4.2138,0.5239,378,723,0,0,1,0,0
13043,4.1107,0.6242,377,723,0,0,1,0,0
13044,4.0279,0.4236,367,723,0,0,1,0,0
13045,4.3008,0.5865,367,723,0,0,1,0,0
13046,4.0827,0.633,367,723,0,0,1,0,0
13047,4.276,0.5887,367,723,0,0,1,0,0
13048,4.0829,0.3941,366,723,0,0,1,0,0
13049,4.0417,0.3858,366,723,0,0,1,0,0
13050,4.4458,0.6141,416,723,0,0,1,0,0
13051,4.1777,0.4277,416,723,0,0,1,0,0
13052,4.1263,0.52,415,723,0,0,1,0,0
13053,4.0697,0.5143,415,723,0,0,1,0,0
13054,4.0994,0.5389,415,723,0,0,1,0,0
13055,4.1098,0.5155,415,723,0,0,1,0,0
13056,4.2165,0.3713,413,723,0,0,1,0,0
13057,4.2398,0.4679,411,723,0,0,1,0,0
13058,4.2677,0.3435,409,723,0,0,1,0,0
13059,4.1653,0.7974,409,723,0,0,1,0,0
13060,4.1611,0.6127,408,723,0,0,1,0,0
13061,3.915,0.3399,408,723,0,0,1,0,0
13062,4.3749,0.3919,408,723,0,0,1,0,0
13063,4.0157,0.3764,406,723,0,0,1,0,0
13064,4.3245,0.5372,406,723,0,0,1,0,0
13065,4.1152,0.5282,406,723,0,0,1,0,0
13066,4.0831,0.6361,406,723,0,0,1,0,0
13067,4.3817,0.6286,406,723,0,0,1,0,0
13068,3.9693,0.4606,406,723,0,0,1,0,0
13069,4.3834,0.5261,406,723,0,0,1,0,0
13070,4.016,0.6003,406,723,0,0,1,0,0
13071,4.2006,0.3648,406,723,0,0,1,0,0
13072,4.0774,0.3694,406,723,0,0,1,0,0
13073,4.1348,0.3612,405,723,0,0,1,0,0
13074,4.5381,0.4458,403,723,0,0,1,0,0
13075,3.7539,0.3591,402,723,0,0,1,0,0
13076,4.1447,0.3534,402,723,0,0,1,0,0
13077,4.3375,0.4413,401,723,0,0,1,0,0
13078,4.0461,0.3476,400,723,0,0,1,0,0
13079,4.3186,0.5089,400,723,0,0,1,0,0
13080,4.1647,0.366,397,723,0,0,1,0,0
13081,3.9763,0.4867,397,723,0,0,1,0,0
13082,4.1922,0.3622,394,723,0,0,1,0,0
13083,4.2821,0.3677,394,723,0,0,1,0,0
13084,4.1691,0.4449,394,723,0,0,1,0,0
13085,4.0188,0.3353,394,723,0,0,1,0,0
13086,4.2263,0.5302,394,723,0,0,1,0,0
13087,4.3081,0.4812,393,723,0,0,1,0,0
13088,4.0252,0.5118,392,723,0,0,1,0,0
13089,4.263,0.4417,392,723,0,0,1,0,0
13090,4.0332,0.4827,391,723,0,0,1,0,0
13091,4.309,0.4982,390,723,0,0,1,0,0
13092,4.1818,0.34,390,723,0,0,1,0,0
13093,4.3298,0.4768,388,723,0,0,1,0,0
13094,3.9949,0.4573,386,723,0,0,1,0,0
13095,4.217,0.4277,384,723,0,0,1,0,0
13096,3.9755,0.4941,384,723,0,0,1,0,0
13097,4.2004,0.3399,384,723,0,0,1,0,0
13098,4.3813,0.5277,383,723,0,0,1,0,0
13099,4.0982,0.4688,382,723,0,0,1,0,0
13100,4.0496,0.5223,382,723,0,0,1,0,0
13101,4.1322,0.4788,380,723,0,0,1,0,0
13102,4.114,0.3274,380,723,0,0,1,0,0
13103,4.1822,0.3328,380,723,0,0,1,0,0
13104,4.4158,0.3518,379,723,0,0,1,0,0
13105,4.1421,0.477,378,723,0,0,1,0,0
13106,3.9777,0.3329,377,723,0,0,1,0,0
13107,4.1742,0.4757,377,723,0,0,1,0,0
13108,4.133,0.3459,375,723,0,0,1,0,0
13109,4.1707,0.3507,373,723,0,0,1,0,0
13110,4.3065,0.635,372,723,0,0,1,0,0
13111,4.0123,0.4876,365,723,0,0,1,0,0
13112,4.3932,0.5799,365,723,0,0,1,0,0
13113,4.078,0.5062,363,723,0,0,1,0,0
13114,4.0386,0.3437,362,723,0,0,1,0,0
13115,4.3666,0.4517,362,723,0,0,1,0,0
13116,4.1066,0.4196,362,723,0,0,1,0,0
13117,4.2418,0.6649,412,723,0,0,1,0,0
13118,4.125,0.5517,411,723,0,0,1,0,0
13119,4.0706,0.5291,409,723,0,0,1,0,0
13120,4.2041,0.5057,409,723,0,0,1,0,0
13121,4.0308,0.3773,409,723,0,0,1,0,0
13122,4.3102,0.4672,409,723,0,0,1,0,0
13123,4.0533,0.3499,409,723,0,0,1,0,0
13124,4.3438,0.5078,407,723,0,0,1,0,0
13125,4.1056,0.4853,407,723,0,0,1,0,0
13126,4.0856,0.4764,406,723,0,0,1,0,0
13127,4.3051,0.4171,406,723,0,0,1,0,0
13128,3.9757,0.3864,406,723,0,0,1,0,0
13129,4.3404,0.5608,406,723,0,0,1,0,0
13130,4.2455,0.4202,406,723,0,0,1,0,0
13131,3.9209,0.47,406,723,0,0,1,0,0
13132,4.3148,0.5118,406,723,0,0,1,0,0
13133,4.0305,0.3871,405,723,0,0,1,0,0
13134,4.4112,0.3866,405,723,0,0,1,0,0
13135,4.0835,0.3934,405,723,0,0,1,0,0
13136,4.0787,0.6048,404,723,0,0,1,0,0
13137,4.1672,0.5809,404,723,0,0,1,0,0
13138,4.1415,0.4903,404,723,0,0,1,0,0
13139,4.3018,0.4101,404,723,0,0,1,0,0
13140,8.8942,0.61,404,723,0,0,1,0,0
13141,3.5011,0.3782,404,723,0,0,1,0,0
13142,4.1224,0.6469,401,723,0,0,1,0,0
13143,4.3052,0.5071,401,723,0,0,1,0,0
13144,4.0013,0.3634,401,723,0,0,1,0,0
13145,4.299,0.4357,401,723,0,0,1,0,0
13146,4.1713,0.3793,401,723,0,0,1,0,0
13147,4.2246,0.5545,399,723,0,0,1,0,0
13148,4.1028,0.4965,399,723,0,0,1,0,0
13149,4.179,0.5209,399,723,0,0,1,0,0
13150,4.1432,0.4785,397,723,0,0,1,0,0
13151,4.0192,0.3671,396,723,0,0,1,0,0
13152,4.4428,0.5029,396,723,0,0,1,0,0
13153,4.1499,0.345,395,723,0,0,1,0,0
13154,3.9606,0.6666,394,723,0,0,1,0,0
13155,4.3352,0.5242,394,723,0,0,1,0,0
13156,3.9647,0.3461,393,723,0,0,1,0,0
13157,4.2941,0.4461,393,723,0,0,1,0,0
13158,4.1861,0.3974,392,723,0,0,1,0,0
13159,4.0528,0.5116,390,723,0,0,1,0,0
13160,4.1876,0.4794,388,723,0,0,1,0,0
13161,4.2566,0.4787,387,723,0,0,1,0,0
13162,4.4031,0.3715,387,723,0,0,1,0,0
13163,3.8034,0.3356,385,723,0,0,1,0,0
13164,4.3367,0.4476,384,723,0,0,1,0,0
13165,4.0281,0.3784,383,723,0,0,1,0,0
13166,4.2598,0.5896,382,723,0,0,1,0,0
13167,4.3333,0.5197,381,723,0,0,1,0,0
13168,3.8743,0.346,380,723,0,0,1,0,0
13169,4.476,0.3622,380,723,0,0,1,0,0
13170,3.937,0.7574,378,723,0,0,1,0,0
13171,4.3492,0.3604,377,723,0,0,1,0,0
13172,4.0686,0.5573,377,723,0,0,1,0,0
13173,4.1361,0.5058,376,723,0,0,1,0,0
13174,4.1004,0.3392,375,723,0,0,1,0,0
13175,4.0911,0.3638,374,723,0,0,1,0,0
13176,4.3236,0.4545,373,723,0,0,1,0,0
13177,4.3915,0.4065,366,723,0,0,1,0,0
13178,3.7971,0.5997,365,723,0,0,1,0,0
13179,4.282,0.5463,365,723,0,0,1,0,0
13180,4.043,0.4439,365,723,0,0,1,0,0
13181,4.2945,0.558,365,723,0,0,1,0,0
13182,4.3102,0.3723,364,723,0,0,1,0,0
13183,3.9917,0.6589,414,723,0,0,1,0,0
13184,4.4045,0.6053,414,723,0,0,1,0,0
13185,3.8462,0.4325,414,723,0,0,1,0,0
13186,4.3469,0.5715,412,723,0,0,1,0,0
13187,4.1079,0.6236,411,723,0,0,1,0,0
13188,4.2006,0.4833,410,723,0,0,1,0,0
13189,4.2793,0.6021,409,723,0,0,1,0,0
13190,4.0612,0.5571,409,723,0,0,1,0,0
13191,4.1979,0.5811,408,723,0,0,1,0,0
13192,4.0169,0.3943,408,723,0,0,1,0,0
13193,4.279,0.5297,408,723,0,0,1,0,0
13194,4.0509,0.5727,407,723,0,0,1,0,0
13195,4.22,0.4609,407,723,0,0,1,0,0
13196,4.313,0.5926,405,723,0,0,1,0,0
13197,4.0709,0.7525,405,723,0,0,1,0,0
13198,4.1699,0.545,405,723,0,0,1,0,0
13199,4.0636,0.3971,405,723,0,0,1,0,0
13200,4.5183,0.6112,404,723,0,0,1,0,0
13201,3.9468,0.4424,404,723,0,0,1,0,0
13202,4.1761,0.4091,404,723,0,0,1,0,0
13203,4.1277,0.4271,404,723,0,0,1,0,0
13204,4.1051,0.444,403,723,0,0,1,0,0
13205,4.1676,0.6721,402,723,0,0,1,0,0
13206,4.2537,0.5072,402,723,0,0,1,0,0
13207,4.1478,0.4958,402,723,0,0,1,0,0
13208,4.1112,0.8702,401,723,0,0,1,0,0
13209,4.1628,0.498,401,723,0,0,1,0,0
13210,4.173,1.0125,401,723,0,0,1,0,0
13211,4.1666,0.8284,401,723,0,0,1,0,0
13212,4.2298,0.6855,400,723,0,0,1,0,0
13213,4.1123,0.5247,399,723,0,0,1,0,0
13214,4.1529,1.1515,397,723,0,0,1,0,0
13215,4.1789,0.4971,396,723,0,0,1,0,0
13216,4.2709,1.2452,396,723,0,0,1,0,0
13217,4.0673,1.1019,396,723,0,0,1,0,0
13218,4.1724,0.897,396,723,0,0,1,0,0
13219,4.1444,1.4553,395,723,0,0,1,0,0
13220,4.7361,1.1828,395,723,0,0,1,0,0
13221,3.5727,1.4001,395,723,0,0,1,0,0
13222,4.2432,1.2457,395,723,0,0,1,0,0
13223,4.1058,1.2067,395,723,0,0,1,0,0
13224,4.1401,1.2679,395,723,0,0,1,0,0
13225,4.5262,0.9181,394,723,0,0,1,0,0
13226,3.7938,1.055,393,723,0,0,1,0,0
13227,4.1559,0.8621,393,723,0,0,1,0,0
13228,4.1442,0.7066,393,723,0,0,1,0,0
13229,4.889,0.9712,392,723,0,0,1,0,0
13230,3.4753,1.1669,392,723,0,0,1,0,0
13231,4.2158,0.8641,392,723,0,0,1,0,0
13232,4.5962,1.042,392,723,0,0,1,0,0
13233,3.6758,0.9929,391,723,0,0,1,0,0
13234,4.1607,1.2386,391,723,0,0,1,0,0
13235,4.1752,1.0408,391,723,0,0,1,0,0
13236,4.6089,0.849,391,723,0,0,1,0,0
13237,3.7233,0.7689,391,723,0,0,1,0,0
13238,4.1528,1.2252,391,723,0,0,1,0,0
13239,4.1778,0.9739,390,723,0,0,1,0,0
13240,4.7348,1.0153,388,723,0,0,1,0,0
13241,3.5944,0.4099,387,723,0,0,1,0,0
13242,4.1609,1.0326,387,723,0,0,1,0,0
13243,4.2364,1.0212,386,723,0,0,1,0,0
13244,4.571,1.3356,385,723,0,0,1,0,0
13245,3.6732,0.7624,377,723,0,0,1,0,0
13246,4.2024,1.0868,377,723,0,0,1,0,0
13247,4.1632,1.1118,376,723,0,0,1,0,0
13248,4.6525,1.3348,375,723,0,0,1,0,0
13249,3.725,1.187,375,723,0,0,1,0,0
13250,8.3035,0.9568,425,723,0,0,1,0,0
13251,4.621,1.1295,425,723,0,0,1,0,0
13252,3.6756,1.3453,424,723,0,0,1,0,0
13253,4.2829,0.8919,423,723,0,0,1,0,0
13254,4.1226,0.7516,423,723,0,0,1,0,0
13255,4.1056,1.0665,423,723,0,0,1,0,0
13256,4.159,0.3971,423,723,0,0,1,0,0
13257,4.1749,0.8046,422,723,0,0,1,0,0
13258,4.2171,0.8919,421,723,0,0,1,0,0
13259,4.102,1.075,421,723,0,0,1,0,0
13260,4.1857,1.0325,421,723,0,0,1,0,0
13261,4.2243,0.7978,419,723,0,0,1,0,0
13262,4.1555,1.1257,418,723,0,0,1,0,0
13263,4.572,0.8871,416,723,0,0,1,0,0
13264,3.8493,1.0988,416,723,0,0,1,0,0
13265,4.0647,0.5431,415,723,0,0,1,0,0
13266,4.1395,1.0512,415,723,0,0,1,0,0
13267,4.6374,0.8959,415,723,0,0,1,0,0
13268,3.6803,1.006,414,723,0,0,1,0,0
13269,4.2144,0.503,413,723,0,0,1,0,0
13270,4.1642,0.8184,412,723,0,0,1,0,0
13271,4.1326,0.955,411,723,0,0,1,0,0
13272,4.1636,0.3738,411,723,0,0,1,0,0
13273,4.1574,0.7511,411,723,0,0,1,0,0
13274,4.2005,0.6264,411,723,0,0,1,0,0
13275,4.1462,0.7755,410,723,0,0,1,0,0
13276,4.1456,0.6879,409,723,0,0,1,0,0
13277,4.497,0.4433,408,723,0,0,1,0,0
13278,3.9873,0.3756,408,723,0,0,1,0,0
13279,4.1767,0.5267,408,723,0,0,1,0,0
13280,4.0135,0.4233,407,723,0,0,1,0,0
13281,4.1777,0.3688,406,723,0,0,1,0,0
13282,4.1669,0.387,406,723,0,0,1,0,0
13283,4.6824,0.3618,406,723,0,0,1,0,0
13284,3.6309,0.3531,405,723,0,0,1,0,0
13285,4.1897,0.3486,404,723,0,0,1,0,0
13286,4.3633,0.4843,403,723,0,0,1,0,0
13287,3.956,0.3481,402,723,0,0,1,0,0
13288,4.3368,0.4782,401,723,0,0,1,0,0
13289,4.0124,0.3626,401,723,0,0,1,0,0
13290,4.165,0.3454,397,723,0,0,1,0,0
13291,4.1696,0.3907,397,723,0,0,1,0,0
13292,4.1773,0.3759,397,723,0,0,1,0,0
13293,4.4123,0.4296,397,723,0,0,1,0,0
13294,4.0011,0.6368,396,723,0,0,1,0,0
13295,4.0564,0.5059,395,723,0,0,1,0,0
13296,4.3421,0.4048,395,723,0,0,1,0,0
13297,4.0593,0.6342,395,723,0,0,1,0,0
13298,4.1865,0.7358,394,723,0,0,1,0,0
13299,4.0789,0.385,393,723,0,0,1,0,0
13300,4.2143,0.3937,393,723,0,0,1,0,0
13301,4.2034,0.4077,392,723,0,0,1,0,0
13302,4.0959,0.3988,392,723,0,0,1,0,0
13303,4.1587,0.6244,391,723,0,0,1,0,0
13304,4.1636,0.3954,391,723,0,0,1,0,0
13305,4.4664,0.5133,391,723,0,0,1,0,0
13306,3.9109,0.5005,390,723,0,0,1,0,0
13307,4.1368,0.3948,389,723,0,0,1,0,0
13308,4.1549,0.4138,389,723,0,0,1,0,0
13309,4.1743,0.429,388,723,0,0,1,0,0
13310,4.1988,0.6378,388,723,0,0,1,0,0
13311,4.1403,0.4075,387,723,0,0,1,0,0
13312,4.1886,0.5798,379,723,0,0,1,0,0
13313,4.3319,0.535,379,723,0,0,1,0,0
13314,3.9676,0.4038,378,723,0,0,1,0,0
13315,4.1701,0.3678,378,723,0,0,1,0,0
13316,4.1688,0.4076,427,723,0,0,1,0,0
13317,4.1769,0.4213,425,723,0,0,1,0,0
13318,4.2351,0.3957,425,723,0,0,1,0,0
13319,4.0809,0.387,425,723,0,0,1,0,0
13320,4.3148,0.3863,424,723,0,0,1,0,0
13321,4.0243,0.4819,422,723,0,0,1,0,0
13322,4.1569,0.3546,421,723,0,0,1,0,0
13323,4.1864,0.4514,420,723,0,0,1,0,0
13324,4.1541,0.5459,420,723,0,0,1,0,0
13325,4.2832,0.4624,420,723,0,0,1,0,0
13326,4.0622,1.0669,2,723,0,0,0,0,0
13327,4.1546,0.4353,2,723,0,0,0,0,0
13328,4.1713,0.2674,2,723,0,0,0,0,0
13329,4.1507,0.2596,2,723,0,0,0,0,0
13330,4.2284,0.2529,2,723,0,0,0,0,0
13331,4.1244,0.2709,2,723,0,0,0,0,0
13332,4.1611,0.287,2,723,0,0,0,0,0
13333,4.2209,0.3916,2,723,0,0,0,0,0
13334,4.1538,0.7062,2,723,0,0,0,0,0
13335,4.1405,0.2721,2,723,0,0,0,0,0
13336,4.1544,0.2737,2,723,0,0,0,0,0
13337,4.218,0.2734,2,723,0,0,0,0,0
13338,4.317,0.3788,2,723,0,0,0,0,0
13339,4.145,0.4106,2,723,0,0,0,0,0
13340,4.039,0.4336,2,723,0,0,0,0,0
13341,4.1181,0.2617,2,723,0,0,0,0,0
13342,4.1742,0.2754,2,723,0,0,0,0,0
13343,4.3422,0.389,2,723,0,0,0,0,0
13344,4.4613,0.2562,2,723,0,0,0,0,0
13345,3.9768,0.2731,2,723,0,0,0,0,0
13346,4.0155,0.3839,2,723,0,0,0,0,0
13347,4.0217,0.2622,2,723,0,0,0,0,0
13348,4.3876,0.3862,2,723,0,0,0,0,0
13349,4.1071,0.2528,2,723,0,0,0,0,0
13350,4.1971,0.3589,2,723,0,0,0,0,0
13351,4.1267,0.3451,2,723,0,0,0,0,0
13352,4.0488,0.2523,2,723,0,0,0,0,0
13353,4.3148,0.3,2,723,0,0,0,0,0
13354,3.9939,0.2818,2,723,0,0,0,0,0
13355,4.3347,0.3751,2,723,0,0,0,0,0
13356,4.1021,0.4815,2,723,0,0,0,0,0
13357,4.3246,0.2627,2,723,0,0,0,0,0
13358,4.1916,0.4828,2,723,0,0,0,0,0
13359,3.8989,0.263,2,723,0,0,0,0,0
13360,4.1975,0.484,2,723,0,0,0,0,0
13361,4.2324,0.3081,2,723,0,0,0,0,0
13362,4.0817,0.7986,2,723,0,0,0,0,0
13363,4.4974,0.6413,2,723,0,0,0,0,0
13364,3.8353,0.8799,2,723,0,0,0,0,0
13365,4.1905,0.2906,2,723,0,0,0,0,0
13366,4.1523,0.9567,2,723,0,0,0,0,0
13367,4.2143,0.4009,2,723,0,0,0,0,0
13368,4.2302,0.8629,2,723,0,0,0,0,0
13369,4.059,0.4378,2,723,0,0,0,0,0
13370,4.1683,0.7157,2,723,0,0,0,0,0
13371,4.1646,1.6111,2,723,0,0,0,0,0
13372,4.1715,0.4863,2,723,0,0,0,0,0
13373,4.1628,0.3221,2,723,0,0,0,0,0
13374,4.1736,1.0345,2,723,0,0,0,0,0
13375,4.1909,0.9992,2,723,0,0,0,0,0
13376,4.1487,0.9221,2,723,0,0,0,0,0
13377,4.1753,1.0425,2,723,0,0,0,0,0
13378,4.1405,0.6221,2,723,0,0,0,0,0
13379,4.1544,0.8637,2,723,0,0,0,0,0
13380,4.7458,0.9856,2,723,0,0,0,0,0
13381,3.6037,0.9116,2,723,0,0,0,0,0
13382,4.1496,0.9493,2,723,0,0,0,0,0
13383,4.1607,0.7878,2,723,0,0,0,0,0
13384,4.1627,0.6897,2,723,0,0,0,0,0
13385,4.164,0.793,2,723,0,0,0,0,0
13386,4.2089,1.3125,2,723,0,0,0,0,0
13387,4.1343,1.099,2,723,0,0,0,0,0
13388,4.1577,0.5944,2,723,0,0,0,0,0
13389,4.1796,1.0409,2,723,0,0,0,0,0
13390,4.1607,0.55,2,723,0,0,0,0,0
13391,4.1593,0.6375,2,723,0,0,0,0,0
13392,4.1847,0.7319,2,723,0,0,0,0,0
13393,4.1581,0.7458,2,723,0,0,0,0,0
13394,4.2158,1.0873,2,723,0,0,0,0,0
13395,4.8361,1.1806,2,723,0,0,0,0,0
13396,3.5014,0.6518,2,723,0,0,0,0,0
13397,4.1377,1.2448,2,723,0,0,0,0,0
13398,4.1609,0.946,2,723,0,0,0,0,0
13399,4.6439,1.0754,2,723,0,0,0,0,0
13400,3.6764,1.2812,2,723,0,0,0,0,0
13401,5.944,0.2906,2,723,0,0,0,0,0
13402,3.0543,0.3027,2,723,0,0,0,0,0
13403,4.5361,0.2901,2,723,0,0,0,0,0
13404,3.9964,0.2837,2,723,0,0,0,0,0
13405,4.0275,0.2846,2,723,0,0,0,0,0
13406,3.7416,0.327,2,723,0,0,0,0,0
13407,4.6884,0.2781,2,723,0,0,0,0,0
13408,3.7847,0.2756,2,723,0,0,0,0,0
13409,4.0297,0.2992,2,723,0,0,0,0,0
13410,4.1545,0.2856,2,723,0,0,0,0,0
13411,4.3197,0.2784,2,723,0,0,0,0,0
13412,4.2489,0.3007,2,723,0,0,0,0,0
13413,4.2549,0.2984,2,723,0,0,0,0,0
13414,4.1868,0.272,2,723,0,0,0,0,0
13415,3.7987,0.2793,2,723,0,0,0,0,0
13416,4.3274,0.2946,2,723,0,0,0,0,0
13417,4.7117,0.3285,2,723,0,0,0,0,0
13418,3.5052,0.3563,2,723,0,0,0,0,0
13419,4.5179,0.2849,2,723,0,0,0,0,0
13420,3.7429,0.3264,2,723,0,0,0,0,0
13421,4.2524,0.2862,2,723,0,0,0,0,0
13422,4.2858,0.3156,2,723,0,0,0,0,0
13423,4.4182,0.2895,2,723,0,0,0,0,0
13424,3.7594,0.2955,2,723,0,0,0,0,0
13425,4.1848,0.277,2,723,0,0,0,0,0
13426,4.1089,0.3052,2,723,0,0,0,0,0
13427,4.143,0.3499,2,723,0,0,0,0,0
13428,4.245,0.3015,2,723,0,0,0,0,0
13429,5.0792,0.2916,2,723,0,0,0,0,0
13430,3.1996,0.2806,2,723,0,0,0,0,0
13431,4.7228,0.2827,2,723,0,0,0,0,0
13432,4.0651,0.3102,2,723,0,0,0,0,0
13433,3.8623,0.305,2,723,0,0,0,0,0
13434,4.0809,0.2987,2,723,0,0,0,0,0
13435,4.5719,0.2731,2,723,0,0,0,0,0
13436,3.7706,0.3103,2,723,0,0,0,0,0
13437,4.2448,0.284,2,723,0,0,0,0,0
13438,4.032,0.2946,2,723,0,0,0,0,0
13439,4.3803,0.275,2,723,0,0,0,0,0
13440,4.2705,0.2918,2,723,0,0,0,0,0
13441,3.9473,0.2779,2,723,0,0,0,0,0
13442,4.0853,0.2767,2,723,0,0,0,0,0
13443,4.3444,0.3047,2,723,0,0,0,0,0
13444,3.9846,0.2794,2,723,0,0,0,0,0
13445,4.4755,0.2918,2,723,0,0,0,0,0
13446,3.8762,0.3049,2,723,0,0,0,0,0
13447,4.1995,0.3659,2,723,0,0,0,0,0
13448,4.4068,0.2919,2,723,0,0,0,0,0
13449,3.9858,0.2965,2,723,0,0,0,0,0
13450,4.0791,0.2992,2,723,0,0,0,0,0
13451,4.1855,0.3086,2,723,0,0,0,0,0
13452,4.372,0.3238,2,723,0,0,0,0,0
13453,4.1759,0.4084,2,723,0,0,0,0,0
13454,3.9997,0.3255,2,723,0,0,0,0,0
13455,4.167,0.3249,2,723,0,0,0,0,0
13456,4.3812,0.3142,2,723,0,0,0,0,0
13457,4.1155,0.3582,2,723,0,0,0,0,0
13458,4.0378,0.3964,2,723,0,0,0,0,0
13459,4.1656,0.4073,2,723,0,0,0,0,0
13460,4.2109,0.4041,2,723,0,0,0,0,0
13461,4.2834,0.3246,2,723,0,0,0,0,0
13462,3.9506,0.3297,2,723,0,0,0,0,0
13463,4.1896,0.4679,2,723,0,0,0,0,0
13464,4.3414,0.3563,2,723,0,0,0,0,0
13465,4.1303,0.3926,2,723,0,0,0,0,0
13466,4.2023,0.3949,2,723,0,0,0,0,0
13467,4.0748,0.3439,2,723,0,0,0,0,0
13468,4.3348,0.3224,2,723,0,0,0,0,0
13469,4.0765,0.3411,2,723,0,0,0,0,0
13470,4.1965,0.3586,2,723,0,0,0,0,0
13471,4.0392,0.3725,2,723,0,0,0,0,0
13472,4.1557,0.3392,2,723,0,0,0,0,0
13473,4.3937,0.375,2,723,0,0,0,0,0
13474,4.0043,0.3798,2,723,0,0,0,0,0
13475,4.2168,0.3958,2,723,0,0,0,0,0
13476,4.1342,0.3426,2,723,0,0,0,0,0
13477,4.2816,0.3954,2,723,0,0,0,0,0
13478,3.9732,0.3464,2,723,0,0,0,0,0
13479,4.593,0.5027,2,723,0,0,0,0,0
13480,3.7118,0.3806,2,723,0,0,0,0,0
13481,4.3065,0.3813,2,723,0,0,0,0,0
13482,4.0657,0.3537,2,723,0,0,0,0,0
13483,4.2585,0.3953,2,723,0,0,0,0,0
13484,3.7623,0.5008,2,723,0,0,0,0,0
13485,4.7367,0.4794,2,723,0,0,0,0,0
13486,3.5937,0.2888,2,723,0,0,0,0,0
13487,4.2256,0.3631,2,723,0,0,0,0,0
13488,4.1735,0.3906,2,723,0,0,0,0,0
13489,4.2192,0.473,2,723,0,0,0,0,0
13490,4.2874,0.321,2,723,0,0,0,0,0
13491,3.9905,0.3416,2,723,0,0,0,0,0
13492,4.1146,0.3955,2,723,0,0,0,0,0
13493,4.2877,0.3369,2,723,0,0,0,0,0
13494,4.0578,0.3209,2,723,0,0,0,0,0
13495,12.7736,0.3731,2,723,0,0,0,0,0
13496,0.4375,3.3787,2,723,0,0,0,0,0
13497,4.233,1.7123,2,723,0,0,0,0,0
13498,5.0809,0.8016,2,723,0,0,0,0,0
13499,2.9179,0.319,2,723,0,0,0,0,0
13500,4.0893,0.3144,2,723,0,0,0,0,0
13501,4.1506,0.4657,2,723,0,0,0,0,0
13502,4.4662,0.4932,2,723,0,0,0,0,0
13503,3.8682,0.5565,2,723,0,0,0,0,0
13504,4.1636,0.7301,2,723,0,0,0,0,0
13505,4.699,0.578,2,723,0,0,0,0,0
13506,3.7407,0.3457,2,723,0,0,0,0,0
13507,3.9355,0.4118,2,723,0,0,0,0,0
13508,4.2305,0.4645,2,723,0,0,0,0,0
13509,4.1922,0.4278,2,723,0,0,0,0,0
13510,4.7911,0.5408,2,723,0,0,0,0,0
13511,8.6188,0.498,2,723,0,0,0,0,0
13512,3.3116,0.4297,2,723,0,0,0,0,0
13513,4.3394,0.4023,2,723,0,0,0,0,0
13514,4.042,0.367,2,723,0,0,0,0,0
13515,8.3112,0.5091,2,723,0,0,0,0,0
13516,4.4229,0.4626,2,723,0,0,0,0,0
13517,3.7575,0.6968,2,723,0,0,0,0,0
13518,4.4627,0.325,2,723,0,0,0,0,0
13519,3.8976,0.3521,2,723,0,0,0,0,0
13520,4.3513,0.3373,2,723,0,0,0,0,0
13521,4.1045,0.3347,2,723,0,0,0,0,0
13522,4.2267,0.3293,2,723,0,0,0,0,0
13523,3.9308,0.3818,2,723,0,0,0,0,0
13524,4.3839,0.3888,2,723,0,0,0,0,0
13525,4.0413,0.5568,2,723,0,0,0,0,0
13526,4.1802,0.4155,2,723,0,0,0,0,0
13527,4.1789,0.3926,2,723,0,0,0,0,0
13528,4.2953,0.5222,2,723,0,0,0,0,0
13529,3.9917,0.4729,2,723,0,0,0,0,0
13530,4.1375,0.4689,2,723,0,0,0,0,0
13531,4.1657,0.3765,2,723,0,0,0,0,0
13532,4.3862,0.599,2,723,0,0,0,0,0
13533,3.949,0.4563,2,723,0,0,0,0,0
13534,4.1537,0.5007,2,723,0,0,0,0,0
13535,4.1425,0.4872,2,723,0,0,0,0,0
13536,4.4594,0.3514,2,723,0,0,0,0,0
13537,4.4421,0.3642,2,723,0,0,0,0,0
13538,3.6817,0.3914,2,723,0,0,0,0,0
13539,4.5817,0.5402,2,723,0,0,0,0,0
13540,3.9056,0.4703,2,723,0,0,0,0,0
13541,3.9704,0.447,2,723,0,0,0,0,0
13542,4.3259,0.3283,2,723,0,0,0,0,0
13543,4.0242,0.3108,2,723,0,0,0,0,0
13544,4.7065,0.32,2,723,0,0,0,0,0
13545,3.6037,0.3779,2,723,0,0,0,0,0
13546,4.6468,0.3368,2,723,0,0,0,0,0
13547,3.8369,0.4782,2,723,0,0,0,0,0
13548,4.2224,0.4489,2,723,0,0,0,0,0
13549,4.0229,0.493,2,723,0,0,0,0,0
13550,4.2218,0.4053,2,723,0,0,0,0,0
13551,4.0744,0.4803,2,723,0,0,0,0,0
13552,4.8225,0.5217,2,723,0,0,0,0,0
13553,3.4963,0.3938,2,723,0,0,0,0,0
13554,4.2913,0.553,2,723,0,0,0,0,0
13555,4.1171,0.5025,2,723,0,0,0,0,0
13556,4.3595,0.4447,2,723,0,0,0,0,0
13557,8.7099,0.384,2,723,0,0,0,0,0
13558,3.6224,0.4797,2,723,0,0,0,0,0
13559,4.2584,0.4767,2,723,0,0,0,0,0
13560,4.0724,0.3735,2,723,0,0,0,0,0
13561,4.4277,0.4815,2,723,0,0,0,0,0
13562,3.8599,0.5871,2,723,0,0,0,0,0
13563,4.7345,0.5975,2,723,0,0,0,0,0
13564,3.5844,0.5217,2,723,0,0,0,0,0
13565,4.5525,0.3321,2,723,0,0,0,0,0
13566,4.1819,0.4063,2,723,0,0,0,0,0
13567,4.2816,0.3904,2,723,0,0,0,0,0
13568,4.5351,0.4159,2,723,0,0,0,0,0
13569,3.9983,0.3749,2,723,0,0,0,0,0
13570,4.59,0.3818,2,723,0,0,0,0,0
13571,3.7092,0.3911,2,723,0,0,0,0,0
13572,5.0081,0.3687,2,723,0,0,0,0,0
13573,4.7603,0.3911,2,723,0,0,0,0,0
13574,2.6354,0.3661,2,723,0,0,0,0,0
13575,6.1051,0.4407,2,723,0,0,0,0,0
13576,2.768,0.3989,2,723,0,0,0,0,0
13577,3.6959,0.3617,2,723,0,0,0,0,0
13578,6.4992,0.3547,2,723,0,0,0,0,0
13579,4.1373,0.3615,2,723,0,0,0,0,0
13580,5.9687,0.3695,2,723,0,0,0,0,0
13581,3.6421,0.3523,2,723,0,0,0,0,0
13582,4.1628,0.5344,2,723,0,0,0,0,0
13583,4.1636,0.332,2,723,0,0,0,0,0
13584,4.1918,0.4065,2,723,0,0,0,0,0
13585,4.7235,0.3986,2,723,0,0,0,0,0
13586,3.5236,0.3559,2,723,0,0,0,0,0
13587,4.2347,0.3318,2,723,0,0,0,0,0
13588,4.2787,0.3187,2,723,0,0,0,0,0
13589,3.7222,0.3355,2,723,0,0,0,0,0
13590,4.2159,0.3814,2,723,0,0,0,0,0
13591,4.177,0.3384,2,723,0,0,0,0,0
13592,4.3253,0.6288,2,723,0,0,0,0,0
13593,3.996,0.6903,2,723,0,0,0,0,0
13594,4.0969,0.3103,2,723,0,0,0,0,0
13595,4.2668,0.3509,2,723,0,0,0,0,0
13596,4.123,0.3073,2,723,0,0,0,0,0
13597,4.1674,0.3509,2,723,0,0,0,0,0
13598,4.3537,0.5128,2,723,0,0,0,0,0
13599,3.9251,0.565,2,723,0,0,0,0,0
13600,4.247,0.3217,2,723,0,0,0,0,0
13601,4.1431,0.3323,2,723,0,0,0,0,0
13602,4.132,0.3458,2,723,0,0,0,0,0
13603,4.1244,0.302,2,723,0,0,0,0,0
13604,4.265,0.48,2,723,0,0,0,0,0
13605,4.0835,0.341,2,723,0,0,0,0,0
13606,4.1758,0.3102,2,723,0,0,0,0,0
13607,4.3148,0.362,2,723,0,0,0,0,0
13608,4.0685,0.339,2,723,0,0,0,0,0
13609,4.1393,0.5103,2,723,0,0,0,0,0
13610,4.1832,0.3474,2,723,0,0,0,0,0
13611,4.1289,0.4836,2,723,0,0,0,0,0
13612,4.3685,0.3938,2,723,0,0,0,0,0
13613,3.9861,0.3305,2,723,0,0,0,0,0
13614,4.1974,0.356,2,723,0,0,0,0,0
13615,4.1011,0.3545,2,723,0,0,0,0,0
13616,4.1553,0.3124,2,723,0,0,0,0,0
13617,4.1992,0.3366,2,723,0,0,0,0,0
13618,4.1573,0.5226,2,723,0,0,0,0,0
13619,4.351,0.3549,2,723,0,0,0,0,0
13620,4.0141,0.3388,2,723,0,0,0,0,0
13621,4.1832,0.3225,2,723,0,0,0,0,0
13622,4.3433,0.3401,2,723,0,0,0,0,0
13623,3.9425,0.3086,2,723,0,0,0,0,0
13624,4.1555,0.4502,2,723,0,0,0,0,0
13625,4.1869,0.3376,2,723,0,0,0,0,0
13626,4.3501,0.5109,2,723,0,0,0,0,0
13627,4.2542,0.3113,2,723,0,0,0,0,0
13628,3.9097,0.452,2,723,0,0,0,0,0
13629,4.1353,0.5122,2,723,0,0,0,0,0
13630,4.1728,0.5062,2,723,0,0,0,0,0
13631,4.2545,0.3749,2,723,0,0,0,0,0
13632,4.0812,0.3322,2,723,0,0,0,0,0
13633,4.1978,0.359,2,723,0,0,0,0,0
13634,4.136,0.3319,2,723,0,0,0,0,0
13635,4.1681,0.4031,2,723,0,0,0,0,0
13636,4.1349,0.3802,2,723,0,0,0,0,0
13637,4.2581,0.3138,2,723,0,0,0,0,0
13638,4.3046,0.4003,2,723,0,0,0,0,0
13639,3.9816,0.3423,2,723,0,0,0,0,0
13640,4.1815,0.3176,2,723,0,0,0,0,0
13641,4.1457,0.3928,2,723,0,0,0,0,0
13642,4.157,0.5042,2,723,0,0,0,0,0
13643,4.5277,0.3844,2,723,0,0,0,0,0
13644,4.4204,0.3377,2,723,0,0,0,0,0
13645,3.8888,0.4081,2,723,0,0,0,0,0
13646,4.2287,0.3537,2,723,0,0,0,0,0
13647,4.0582,0.3181,2,723,0,0,0,0,0
13648,3.908,0.4343,2,723,0,0,0,0,0
13649,4.1969,0.3169,2,723,0,0,0,0,0
13650,4.2089,0.3813,2,723,0,0,0,0,0
13651,4.0927,0.3581,2,723,0,0,0,0,0
13652,4.2292,0.4049,2,723,0,0,0,0,0
13653,4.1841,0.4459,2,723,0,0,0,0,0
13654,4.0423,0.3034,2,723,0,0,0,0,0
13655,4.2543,0.5419,2,723,0,0,0,0,0
13656,4.4699,0.3368,2,723,0,0,0,0,0
13657,4.1809,0.3838,2,723,0,0,0,0,0
13658,3.8523,0.3554,2,723,0,0,0,0,0
13659,4.1562,0.3583,2,723,0,0,0,0,0
13660,4.1126,0.3353,2,723,0,0,0,0,0
13661,4.147,0.3059,2,723,0,0,0,0,0
13662,4.2259,0.521,2,723,0,0,0,0,0
13663,4.2677,0.3814,2,723,0,0,0,0,0
13664,4.2983,0.4134,2,723,0,0,0,0,0
13665,3.9618,0.3532,2,723,0,0,0,0,0
13666,4.0743,0.2797,2,723,0,0,0,0,0
13667,4.4039,0.6075,2,723,0,0,0,0,0
13668,4.0239,0.3142,2,723,0,0,0,0,0
13669,4.4218,0.3737,2,723,0,0,0,0,0
13670,3.9323,0.3753,2,723,0,0,0,0,0
13671,4.0808,0.3124,2,723,0,0,0,0,0
13672,4.2449,0.3602,2,723,0,0,0,0,0
13673,4.113,0.3065,2,723,0,0,0,0,0
13674,4.1583,0.436,2,723,0,0,0,0,0
13675,4.2035,0.6062,2,723,0,0,0,0,0
13676,4.1989,0.6532,2,723,0,0,0,0,0
13677,4.1369,0.3609,2,723,0,0,0,0,0
13678,4.1191,0.3349,2,723,0,0,0,0,0
13679,4.4921,0.3131,2,723,0,0,0,0,0
13680,3.8507,0.3787,2,723,0,0,0,0,0
13681,4.2037,0.5318,2,723,0,0,0,0,0
13682,4.8706,0.3485,2,723,0,0,0,0,0
13683,3.4688,0.3841,2,723,0,0,0,0,0
13684,4.1727,0.3603,2,723,0,0,0,0,0
13685,4.4653,0.3253,2,723,0,0,0,0,0
13686,4.1896,0.3781,2,723,0,0,0,0,0
13687,4.4159,0.4048,2,723,0,0,0,0,0
13688,3.967,0.3413,2,723,0,0,0,0,0
13689,4.1012,0.3418,2,723,0,0,0,0,0
13690,4.2211,0.3336,2,723,0,0,0,0,0
13691,4.0568,0.3757,2,723,0,0,0,0,0
13692,4.2094,0.3692,2,723,0,0,0,0,0
13693,4.1077,0.3796,2,723,0,0,0,0,0
13694,4.7549,0.6385,2,723,0,0,0,0,0
13695,3.6626,0.3488,2,723,0,0,0,0,0
13696,4.1845,0.3682,2,723,0,0,0,0,0
13697,4.0784,0.3597,2,723,0,0,0,0,0
13698,4.1464,0.3139,2,723,0,0,0,0,0
13699,4.1754,0.3367,2,723,0,0,0,0,0
13700,4.0074,0.3132,2,723,0,0,0,0,0
13701,4.0331,0.3324,2,723,0,0,0,0,0
13702,4.1574,0.304,2,723,0,0,0,0,0
13703,4.2137,0.3398,2,723,0,0,0,0,0
13704,4.1315,0.3381,2,723,0,0,0,0,0
13705,4.157,0.5249,2,723,0,0,0,0,0
13706,4.2154,0.5185,2,723,0,0,0,0,0
13707,4.2119,0.5848,2,723,0,0,0,0,0
13708,4.3092,0.3905,2,723,0,0,0,0,0
13709,3.9864,0.3154,2,723,0,0,0,0,0
13710,4.1593,0.3467,2,723,0,0,0,0,0
13711,4.2085,0.4958,2,723,0,0,0,0,0
13712,4.1623,0.6093,2,723,0,0,0,0,0
13713,4.2185,0.3751,2,723,0,0,0,0,0
13714,4.0456,0.3112,2,723,0,0,0,0,0
13715,4.1979,0.3508,2,723,0,0,0,0,0
13716,4.1987,0.4668,2,723,0,0,0,0,0
13717,4.1708,0.3597,2,723,0,0,0,0,0
13718,4.0931,0.532,2,723,0,0,0,0,0
13719,4.2215,0.584,2,723,0,0,0,0,0
13720,4.4461,0.3634,2,723,0,0,0,0,0
13721,3.8792,0.3305,2,723,0,0,0,0,0
13722,4.1435,0.344,2,723,0,0,0,0,0
13723,4.2282,0.41,2,723,0,0,0,0,0
13724,4.1467,0.5222,2,723,0,0,0,0,0
13725,4.5062,0.3749,2,723,0,0,0,0,0
13726,3.7582,0.3261,2,723,0,0,0,0,0
13727,4.1939,0.3113,2,723,0,0,0,0,0
13728,4.1221,0.3523,2,723,0,0,0,0,0
13729,4.2632,0.3779,2,723,0,0,0,0,0
13730,4.1577,0.3341,2,723,0,0,0,0,0
13731,4.1113,0.5664,2,723,0,0,0,0,0
13732,4.1905,0.5115,2,723,0,0,0,0,0
13733,4.1627,0.3028,2,723,0,0,0,0,0
13734,4.158,0.3409,2,723,0,0,0,0,0
13735,4.5292,0.3324,2,723,0,0,0,0,0
13736,4.0895,0.6298,2,723,0,0,0,0,0
13737,3.9349,0.3374,2,723,0,0,0,0,0
13738,4.087,0.2971,2,723,0,0,0,0,0
13739,4.2531,0.3787,2,723,0,0,0,0,0
13740,4.0963,0.3348,2,723,0,0,0,0,0
13741,4.1888,0.346,2,723,0,0,0,0,0
13742,4.1943,0.3631,2,723,0,0,0,0,0
13743,4.0895,0.4012,2,723,0,0,0,0,0
13744,4.7593,0.345,2,723,0,0,0,0,0
13745,3.6227,0.3104,2,723,0,0,0,0,0
13746,4.1545,0.3485,2,723,0,0,0,0,0
13747,4.1253,0.3004,2,723,0,0,0,0,0
13748,4.1879,0.3138,2,723,0,0,0,0,0
13749,4.2343,0.4872,2,723,0,0,0,0,0
13750,4.5226,0.3615,2,723,0,0,0,0,0
13751,4.0521,0.3866,2,723,0,0,0,0,0
