frame,frameMs,cpuMs,activeObjects,totalObjects,created,destroyed,bossActive
0,0.98,2.2479,2,23,0,0,0
1,5.1586,0.7428,2,23,0,0,0
2,4.9862,0.3222,2,23,0,0,0
3,4.1309,0.2243,2,23,0,0,0
4,4.3875,0.4544,2,23,0,0,0
5,3.7924,0.2229,2,23,0,0,0
6,4.0081,0.4629,2,23,0,0,0
7,4.6103,0.2879,2,23,0,0,0
8,3.8204,0.2741,2,23,0,0,0
9,4.6014,0.3127,2,23,0,0,0
10,3.9207,0.2269,2,23,0,0,0
11,4.047,0.2958,2,23,0,0,0
12,4.3004,0.2928,2,23,0,0,0
13,3.6361,0.5872,2,23,0,0,0
14,5.0013,0.2951,2,23,0,0,0
15,3.6992,0.2874,2,23,0,0,0
16,4.5101,0.3228,2,23,0,0,0
17,3.7951,0.2768,2,23,0,0,0
18,4.249,0.235,2,23,0,0,0
19,3.9631,0.4049,2,23,0,0,0
20,3.9805,0.2998,2,23,0,0,0
21,4.8105,0.3025,2,23,0,0,0
22,3.7868,0.4949,2,23,0,0,0
23,4.2708,0.2652,2,23,0,0,0
24,4.3292,0.3512,2,23,0,0,0
25,3.5581,0.2156,2,23,0,0,0
26,4.7474,0.2432,2,23,0,0,0
27,3.6817,0.2452,2,23,0,0,0
28,4.1369,0.4784,2,23,0,0,0
29,4.6731,0.2273,2,23,0,0,0
30,3.6906,0.4051,2,23,0,0,0
31,4.2104,0.3812,2,23,0,0,0
32,4.0925,0.2997,2,23,0,0,0
33,4.2391,0.3122,2,23,0,0,0
34,4.1296,0.4002,2,23,0,0,0
35,4.2367,0.2881,2,23,0,0,0
36,3.9854,0.2096,2,23,0,0,0
37,4.1103,0.2226,2,23,0,0,0
38,4.2599,0.3663,2,23,0,0,0
39,4.1394,0.2118,2,23,0,0,0
40,4.3147,0.3159,2,23,0,0,0
41,4.1714,0.3063,2,23,0,0,0
42,4.069,0.2755,2,23,0,0,0
43,4.3858,0.2675,2,23,0,0,0
44,3.8866,0.2715,2,23,0,0,0
45,14.2723,0.2341,2,23,0,0,0
46,0.4326,0.2823,2,23,0,0,0
47,3.0338,1.4754,2,23,0,0,0
48,3.4964,0.2703,2,23,0,0,0
49,4.302,0.4003,2,23,0,0,0
50,3.7541,0.3932,2,23,0,0,0
51,4.2709,0.5579,2,23,0,0,0
52,4.2747,0.5343,2,23,0,0,0
53,4.3614,0.4147,2,23,0,0,0
54,4.0078,0.4143,2,23,0,0,0
55,3.9032,0.4369,2,23,0,0,0
56,4.3294,0.4563,2,23,0,0,0
57,4.3876,0.8622,2,23,0,0,0
58,4.0622,0.4932,2,23,0,0,0
59,4.098,0.213,2,23,0,0,0
60,4.0198,0.2802,2,23,0,0,0
61,5.4009,0.3421,2,23,0,0,0
62,3.1219,0.359,2,23,0,0,0
63,4.0416,0.28,2,23,0,0,0
64,4.055,0.4458,2,23,0,0,0
65,4.4358,0.2739,2,23,0,0,0
66,3.9729,0.2702,2,23,0,0,0
67,4.0605,0.2919,2,23,0,0,0
68,4.2115,0.5218,2,23,0,0,0
69,4.2504,0.4019,2,23,0,0,0
70,4.0857,0.3302,2,23,0,0,0
71,4.0854,0.4139,2,23,0,0,0
72,4.1868,0.2889,2,23,0,0,0
73,5.2424,0.2162,2,23,0,0,0
74,3.0966,0.3965,2,23,0,0,0
75,4.202,0.3085,2,23,0,0,0
76,4.1776,0.3974,2,23,0,0,0
77,4.2403,0.2132,2,23,0,0,0
78,4.0974,0.2996,2,23,0,0,0
79,4.1304,0.2254,2,23,0,0,0
80,4.1451,0.277,2,23,0,0,0
81,4.3366,0.2975,2,23,0,0,0
82,4.054,0.3351,2,23,0,0,0
83,4.1528,0.4134,2,23,0,0,0
84,4.2526,0.4469,2,23,0,0,0
85,4.1513,0.3061,2,23,0,0,0
86,4.0913,0.3193,2,23,0,0,0
87,5.186,0.3271,2,23,0,0,0
88,3.6117,0.4684,2,23,0,0,0
89,4.1566,0.4644,2,23,0,0,0
90,3.9389,0.4114,2,23,0,0,0
91,3.9087,0.3468,2,23,0,0,0
92,4.2046,0.2911,2,23,0,0,0
93,4.4665,0.3531,2,23,0,0,0
94,4.066,0.4491,2,23,0,0,0
95,4.3996,0.3141,2,23,0,0,0
96,4.1393,0.3276,2,23,0,0,0
97,4.1446,0.4903,2,23,0,0,0
98,3.7872,0.3566,2,23,0,0,0
99,4.3463,0.412,2,23,0,0,0
100,4.138,0.3768,2,23,0,0,0
101,4.158,0.4933,2,23,0,0,0
102,4.2111,0.554,2,23,0,0,0
103,4.286,0.2231,2,23,0,0,0
104,4.207,0.3913,2,23,0,0,0
105,4.1866,0.3035,2,23,0,0,0
106,3.9094,0.2501,2,23,0,0,0
107,4.0728,0.4758,2,23,0,0,0
108,4.3185,0.5441,2,23,0,0,0
109,4.0751,0.315,2,23,0,0,0
110,4.0622,0.2363,2,23,0,0,0
111,4.3111,0.3992,2,23,0,0,0
112,4.2253,0.5533,2,23,0,0,0
113,4.6964,0.2375,2,23,0,0,0
114,3.8778,0.3671,2,23,0,0,0
115,3.7299,0.2716,2,23,0,0,0
116,4.5284,0.455,2,23,0,0,0
117,3.9287,0.3519,2,23,0,0,0
118,4.0633,0.2974,2,23,0,0,0
119,4.4332,0.5299,2,23,0,0,0
120,4.1643,0.3968,2,23,0,0,0
121,4.166,0.2135,2,23,0,0,0
122,3.9044,0.2091,2,23,0,0,0
123,4.3707,0.3696,2,23,0,0,0
124,4.154,0.2255,2,23,0,0,0
125,4.7319,0.3628,2,23,0,0,0
126,4.0385,0.2775,2,23,0,0,0
127,3.5192,0.3636,2,23,0,0,0
128,4.5564,0.4692,2,23,0,0,0
129,3.8897,0.3489,2,23,0,0,0
130,4.0509,0.3021,2,23,0,0,0
131,4.1774,0.3955,2,23,0,0,0
132,4.0964,0.3018,2,23,0,0,0
133,4.1992,0.1751,2,23,0,0,0
134,4.0905,0.2027,2,23,0,0,0
135,4.5598,0.213,2,23,0,0,0
136,3.7379,0.1772,2,23,0,0,0
137,4.5135,0.2301,2,23,0,0,0
138,3.9513,0.2444,2,23,0,0,0
139,4.0407,0.193,2,23,0,0,0
140,4.3262,0.2644,2,23,0,0,0
141,4.2048,0.2599,2,23,0,0,0
142,4.1327,0.2209,2,23,0,0,0
143,4.0464,0.4216,2,23,0,0,0
144,4.2216,0.342,2,23,0,0,0
145,4.1994,0.3848,2,23,0,0,0
146,4.1415,0.2199,2,23,0,0,0
147,4.0463,0.2007,2,23,0,0,0
148,4.2306,0.3267,2,23,0,0,0
149,4.2767,0.2808,2,23,0,0,0
150,4.2506,0.3459,2,23,0,0,0
151,3.9499,0.1993,2,23,0,0,0
152,4.2103,0.4414,2,23,0,0,0
153,4.2755,0.3851,2,23,0,0,0
154,4.01,0.3399,2,23,0,0,0
155,4.3601,0.2611,2,23,0,0,0
156,3.9324,0.1961,2,23,0,0,0
157,4.2206,0.2446,2,23,0,0,0
158,4.5831,0.2783,2,23,0,0,0
159,3.9017,0.2874,2,23,0,0,0
160,4.2342,0.3253,2,23,0,0,0
161,4.1136,0.2649,2,23,0,0,0
162,4.0103,0.2296,2,23,0,0,0
163,4.1151,0.2073,2,23,0,0,0
164,4.2764,0.2343,2,23,0,0,0
165,4.1744,0.28,2,23,0,0,0
166,4.1511,0.3382,2,23,0,0,0
167,4.1462,0.2236,2,23,0,0,0
168,4.0914,0.2274,2,23,0,0,0
169,4.5576,0.2738,2,23,0,0,0
170,3.8033,0.2019,2,23,0,0,0
171,4.2752,0.4205,2,23,0,0,0
172,4.0917,0.3374,2,23,0,0,0
173,4.2673,0.2926,2,23,0,0,0
174,4.1744,0.2372,2,23,0,0,0
175,4.0091,0.1482,2,23,0,0,0
176,4.3735,0.34,2,23,0,0,0
177,4.0492,0.2415,2,23,0,0,0
178,4.1063,0.3379,2,23,0,0,0
179,4.2525,0.2731,2,23,0,0,0
180,4.0688,0.2355,2,23,0,0,0
181,4.4416,0.3429,2,23,0,0,0
182,3.9338,0.2304,2,23,0,0,0
183,4.2577,0.2303,2,23,0,0,0
184,4.283,0.379,2,23,0,0,0
185,4.1171,0.2588,2,23,0,0,0
186,4.1392,0.3228,2,23,0,0,0
187,3.9911,0.1685,2,23,0,0,0
188,4.5696,0.2382,2,23,0,0,0
189,3.9936,0.192,2,23,0,0,0
190,4.2047,0.2727,2,23,0,0,0
191,4.3134,0.3266,2,23,0,0,0
192,3.7503,0.1785,2,23,0,0,0
193,4.375,0.3442,2,23,0,0,0
194,3.9194,0.2695,2,23,0,0,0
195,4.4411,0.3152,2,23,0,0,0
196,3.9392,0.3433,2,23,0,0,0
197,4.1186,0.2904,2,23,0,0,0
198,4.3575,0.297,2,23,0,0,0
199,3.9841,0.1828,2,23,0,0,0
200,4.402,0.3365,2,23,0,0,0
201,3.948,0.1934,2,23,0,0,0
202,4.2624,0.2912,2,23,0,0,0
203,4.2456,0.4827,2,23,0,0,0
204,4.4759,0.1905,2,23,0,0,0
205,3.6881,0.183,2,23,0,0,0
206,4.1194,0.1675,2,23,0,0,0
207,4.2579,0.1983,2,23,0,0,0
208,4.1824,0.365,2,23,0,0,0
209,4.381,0.3477,2,23,0,0,0
210,4.1658,0.2927,2,23,0,0,0
211,3.9413,0.1801,2,23,0,0,0
212,4.4054,0.2549,2,23,0,0,0
213,3.9346,0.2179,2,23,0,0,0
214,4.1073,0.1581,2,23,0,0,0
215,4.4275,0.2804,2,23,0,0,0
216,3.9264,0.1813,2,23,0,0,0
217,4.3193,0.2527,2,23,0,0,0
218,4.0251,0.1824,2,23,0,0,0
219,4.1283,0.2671,2,23,0,0,0
220,4.2982,0.2871,2,23,0,0,0
221,4.2521,0.2949,2,23,0,0,0
222,4.1939,0.3563,2,23,0,0,0
223,3.9435,0.1851,2,23,0,0,0
224,4.2885,0.2968,2,23,0,0,0
225,4.0493,0.2897,2,23,0,0,0
226,4.3494,0.1839,2,23,0,0,0
227,4.2358,0.3814,2,23,0,0,0
228,4.2195,0.3422,2,23,0,0,0
229,3.8503,0.1663,2,23,0,0,0
230,4.1898,0.1833,2,23,0,0,0
231,4.342,0.287,2,23,0,0,0
232,4.2313,0.1983,2,23,0,0,0
233,4.1168,0.2649,2,23,0,0,0
234,4.1111,0.2865,2,23,0,0,0
235,4.0304,0.273,2,23,0,0,0
236,4.3373,0.3885,2,23,0,0,0
237,4.1442,0.3202,2,23,0,0,0
238,4.2908,0.254,2,23,0,0,0
239,4.244,0.2106,2,23,0,0,0
240,4.0573,0.8052,2,23,0,0,0
241,3.9467,0.206,2,23,0,0,0
242,4.1917,0.1936,2,23,0,0,0
243,4.2696,0.2887,2,23,0,0,0
244,4.1507,0.2356,2,23,0,0,0
245,4.0884,0.2834,2,23,0,0,0
246,4.2374,0.3428,2,23,0,0,0
247,4.0285,0.1847,2,23,0,0,0
248,4.5825,0.281,2,23,0,0,0
249,4.019,0.1858,2,23,0,0,0
250,3.9716,0.3436,2,23,0,0,0
251,4.2799,0.3243,2,23,0,0,0
252,4.0971,0.2606,2,23,0,0,0
253,4.1188,0.3306,2,23,0,0,0
254,4.1155,0.1555,2,23,0,0,0
255,4.222,0.4145,2,23,0,0,0
256,4.297,0.2397,2,23,0,0,0
257,4.18,0.3226,2,23,0,0,0
258,4.0831,0.2965,2,23,0,0,0
259,4.0792,0.1865,2,23,0,0,0
260,4.197,0.1854,2,23,0,0,0
261,4.2233,0.2285,2,23,0,0,0
262,4.2241,0.2207,2,23,0,0,0
263,4.1567,0.2546,2,23,0,0,0
264,4.0252,0.3368,2,23,0,0,0
265,4.3557,0.3517,2,23,0,0,0
266,4.0699,0.185,2,23,0,0,0
267,4.1793,0.3224,2,23,0,0,0
268,4.2137,0.2466,2,23,0,0,0
269,4.193,0.2914,2,23,0,0,0
270,4.1073,0.3599,2,23,0,0,0
271,4.0494,0.1839,2,23,0,0,0
272,4.2556,0.2712,2,23,0,0,0
273,4.2764,0.2941,2,23,0,0,0
274,4.169,0.3101,2,23,0,0,0
275,3.9784,0.2717,2,23,0,0,0
276,4.1393,0.2923,2,23,0,0,0
277,4.271,0.4146,2,23,0,0,0
278,4.1409,0.1552,2,23,0,0,0
279,4.4088,0.2827,2,23,0,0,0
280,4.0711,0.3438,2,23,0,0,0
281,4.07,0.3377,2,23,0,0,0
282,4.0525,0.3216,2,23,0,0,0
283,4.1707,0.2209,2,23,0,0,0
284,4.2413,0.2763,2,23,0,0,0
285,4.1447,0.3375,2,23,0,0,0
286,4.43,0.494,2,23,0,0,0
287,3.8599,0.2562,2,23,0,0,0
288,4.1388,0.2606,2,23,0,0,0
289,4.3837,0.338,2,23,0,0,0
290,3.9904,0.2946,2,23,0,0,0
291,4.2529,0.3133,2,23,0,0,0
292,4.2247,0.2741,2,23,0,0,0
293,4.1878,0.319,2,23,0,0,0
294,3.9758,0.2349,2,23,0,0,0
295,4.1138,0.1545,2,23,0,0,0
296,4.2934,0.3349,2,23,0,0,0
297,4.101,0.1841,2,23,0,0,0
298,4.2838,0.2632,2,23,0,0,0
299,4.0482,0.4643,2,23,0,0,0
300,4.1479,0.2165,2,23,0,0,0
301,4.223,0.546,2,23,0,0,0
302,4.1636,0.1829,2,23,0,0,0
303,4.2334,0.4031,2,23,0,0,0
304,4.1625,0.2622,2,23,0,0,0
305,4.3833,0.3483,2,23,0,0,0
306,3.9594,0.2563,2,23,0,0,0
307,4.0667,0.341,2,23,0,0,0
308,4.2018,0.3736,2,23,0,0,0
309,4.1975,0.3642,2,23,0,0,0
310,4.2344,0.2286,2,23,0,0,0
311,4.1688,0.2159,2,23,0,0,0
312,4.0729,0.2198,2,23,0,0,0
313,4.6288,0.2612,2,23,0,0,0
314,3.7541,0.2082,2,23,0,0,0
315,4.3382,0.319,2,23,0,0,0
316,4.058,0.3409,2,23,0,0,0
317,4.1155,0.3913,2,23,0,0,0
318,4.1968,0.2358,2,23,0,0,0
319,4.1084,0.2155,2,23,0,0,0
320,4.5962,0.3325,2,23,0,0,0
321,3.7787,0.2238,2,23,0,0,0
322,4.5687,0.3649,2,23,0,0,0
323,3.8418,0.2644,2,23,0,0,0
324,4.0849,0.3679,2,23,0,0,0
325,4.1845,0.4225,2,23,0,0,0
326,4.1553,0.312,2,23,0,0,0
327,4.3427,0.3921,2,23,0,0,0
328,4.4231,0.2905,2,23,0,0,0
329,3.9605,0.2746,2,23,0,0,0
330,4.0015,0.2604,2,23,0,0,0
331,4.1039,0.2337,2,23,0,0,0
332,4.2292,0.4218,2,23,0,0,0
333,4.1196,0.1963,2,23,0,0,0
334,4.1633,0.3003,2,23,0,0,0
335,4.4679,0.2973,2,23,0,0,0
336,4.4466,0.2464,2,23,0,0,0
337,3.5895,0.2801,2,23,0,0,0
338,4.203,0.4298,2,23,0,0,0
339,4.1362,0.4288,2,23,0,0,0
340,4.0991,0.2344,2,23,0,0,0
341,4.5174,0.307,2,23,0,0,0
342,3.8697,0.2183,2,23,0,0,0
343,4.4266,0.3211,2,23,0,0,0
344,4.3261,0.2389,2,23,0,0,0
345,3.8796,0.4363,2,23,0,0,0
346,4.2781,0.2807,2,23,0,0,0
347,3.9433,0.2639,2,23,0,0,0
348,4.5161,0.3036,2,23,0,0,0
349,3.8214,0.2569,2,23,0,0,0
350,4.4082,0.2791,2,23,0,0,0
351,4.1579,0.2327,2,23,0,0,0
352,4.0937,0.3181,2,23,0,0,0
353,4.0602,0.2559,2,23,0,0,0
354,4.1488,0.2708,2,23,0,0,0
355,4.0815,0.3796,2,23,0,0,0
356,4.4048,0.3873,2,23,0,0,0
357,3.9787,0.2879,2,23,0,0,0
358,4.5856,0.4074,2,23,0,0,0
359,3.8061,0.24,2,23,0,0,0
360,4.0746,0.2301,2,23,0,0,0
361,4.4827,0.3131,2,23,0,0,0
362,3.8898,0.2314,2,23,0,0,0
363,4.1979,0.37,2,23,0,0,0
364,4.0842,0.2211,2,23,0,0,0
365,4.3821,0.4244,2,23,0,0,0
366,3.9384,0.3734,2,23,0,0,0
367,4.1402,0.1939,2,23,0,0,0
368,4.2376,0.4399,2,23,0,0,0
369,4.6657,0.3065,2,23,0,0,0
370,3.7946,0.4258,2,23,0,0,0
371,4.2134,0.4446,2,23,0,0,0
372,4.3089,0.3382,2,23,0,0,0
373,3.8815,0.2503,2,23,0,0,0
374,4.0977,0.2354,2,23,0,0,0
375,4.501,0.4461,2,23,0,0,0
376,4.4145,0.3238,2,23,0,0,0
377,3.9657,0.3958,2,23,0,0,0
378,3.8637,0.4172,2,23,0,0,0
379,4.2838,0.2449,2,23,0,0,0
380,4.0073,0.2506,2,23,0,0,0
381,4.182,0.2162,2,23,0,0,0
382,4.1581,0.3827,2,23,0,0,0
383,4.2003,0.3847,2,23,0,0,0
384,4.5917,0.4009,2,23,0,0,0
385,3.9239,0.2752,2,23,0,0,0
386,3.9383,0.2295,2,23,0,0,0
387,4.2783,0.2594,2,23,0,0,0
388,4.1055,0.2607,2,23,0,0,0
389,4.1764,0.3461,2,23,0,0,0
390,4.2068,0.4247,2,23,0,0,0
391,4.3526,0.3022,2,23,0,0,0
392,4.1065,0.3093,2,23,0,0,0
393,4.016,0.2926,2,23,0,0,0
394,4.128,0.3124,2,23,0,0,0
395,4.4268,0.6375,13,33,10,0,1
396,4.1001,0.4582,13,33,0,0,1
397,4.046,0.4368,13,33,0,0,1
398,4.0676,0.2724,13,33,0,0,1
399,4.2461,0.3966,13,33,0,0,1
400,4.0634,0.2745,13,33,0,0,1
401,4.2425,0.4096,13,33,0,0,1
402,4.223,0.4474,13,33,0,0,1
403,4.1954,0.2703,13,33,0,0,1
404,4.3518,0.4178,13,33,0,0,1
405,3.9315,0.4122,13,33,0,0,1
406,4.0636,0.315,13,33,0,0,1
407,4.2924,0.2364,13,33,0,0,1
408,4.0084,0.4245,13,33,0,0,1
409,4.1811,0.3814,13,33,0,0,1
410,4.1649,0.2617,13,33,0,0,1
411,4.4264,0.4099,13,33,0,0,1
412,4.1838,0.2501,13,33,0,0,1
413,4.0422,0.2883,13,33,0,0,1
414,4.0195,0.2272,13,33,0,0,1
415,4.1523,0.3071,13,33,0,0,1
416,4.1534,0.2985,13,33,0,0,1
417,4.1615,0.2791,13,33,0,0,1
418,4.2555,0.3057,13,33,0,0,1
419,4.0808,0.275,13,33,0,0,1
420,4.2189,0.5231,13,33,0,0,1
421,4.2123,0.4192,13,33,0,0,1
422,4.4082,0.3173,13,33,0,0,1
423,4.2304,0.3051,13,33,0,0,1
424,3.8648,0.3093,13,33,0,0,1
425,4.2073,0.4506,13,33,0,0,1
426,4.0841,0.3401,13,33,0,0,1
427,4.2497,0.4607,13,33,0,0,1
428,4.0927,0.3082,13,33,0,0,1
429,4.1088,0.2095,13,33,0,0,1
430,4.2126,0.2408,13,33,0,0,1
431,4.1394,0.3862,13,33,0,0,1
432,4.1656,0.257,13,33,0,0,1
433,4.4111,0.373,15,45,12,0,1
434,4.0821,0.3179,15,35,0,10,1
435,4.1239,0.3322,15,35,0,0,1
436,4.0591,0.277,15,35,0,0,1
437,4.2273,0.4376,15,35,0,0,1
438,4.1501,0.3677,15,35,0,0,1
439,4.1129,0.304,15,35,0,0,1
440,4.196,0.4644,15,35,0,0,1
441,4.2051,0.2821,15,35,0,0,1
442,4.0872,0.4201,15,35,0,0,1
443,4.2625,0.3097,15,35,0,0,1
444,4.0802,0.2688,15,35,0,0,1
445,4.216,0.351,15,35,0,0,1
446,4.1232,0.3358,15,35,0,0,1
447,4.2034,0.4745,15,35,0,0,1
448,4.1801,0.3759,15,35,0,0,1
449,4.2442,0.4291,15,35,0,0,1
450,4.0477,0.2436,15,35,0,0,1
451,4.1745,0.2702,15,35,0,0,1
452,4.3188,0.3304,15,35,0,0,1
453,4.0645,0.3256,15,35,0,0,1
454,4.5023,0.3326,15,35,0,0,1
455,4.1679,0.4636,15,35,0,0,1
456,3.8159,0.38,15,35,0,0,1
457,4.371,0.3571,15,35,0,0,1
458,3.9305,0.2608,15,35,0,0,1
459,4.2947,0.371,15,35,0,0,1
460,4.1167,0.4546,15,35,0,0,1
461,4.1625,0.3094,15,35,0,0,1
462,4.0603,0.2432,15,35,0,0,1
463,4.1522,0.2124,15,35,0,0,1
464,4.3524,0.3497,15,35,0,0,1
465,4.0203,0.2747,15,35,0,0,1
466,4.3579,0.4809,15,35,0,0,1
467,3.9693,0.3389,15,35,0,0,1
468,4.1649,0.4771,15,35,0,0,1
469,4.1853,0.4137,15,35,0,0,1
470,4.1445,0.2968,15,35,0,0,1
471,4.4995,0.3814,10,42,7,0,1
472,4.0644,0.3287,10,30,0,12,1
473,3.9709,0.2782,10,30,0,0,1
474,4.1274,0.3692,10,30,0,0,1
475,4.1594,0.3576,10,30,0,0,1
476,4.2353,0.3626,10,30,0,0,1
477,4.0915,0.2429,10,30,0,0,1
478,4.3578,0.3662,10,30,0,0,1
479,4.0967,0.322,10,30,0,0,1
480,4.4113,0.4079,10,30,0,0,1
481,3.8348,0.2427,10,30,0,0,1
482,4.2067,0.4723,10,30,0,0,1
483,4.1785,0.4186,10,30,0,0,1
484,4.1531,0.7123,10,30,0,0,1
485,4.5356,0.3648,10,30,0,0,1
486,3.8062,0.3701,10,30,0,0,1
487,4.1016,0.2626,10,30,0,0,1
488,4.1805,0.3158,10,30,0,0,1
489,4.1537,0.3213,10,30,0,0,1
490,4.2472,0.5096,10,30,0,0,1
491,4.4778,0.3451,10,30,0,0,1
492,3.8851,0.3021,10,30,0,0,1
493,4.0396,0.2377,10,30,0,0,1
494,4.2018,0.2373,10,30,0,0,1
495,4.136,0.3366,10,30,0,0,1
496,4.1968,0.2851,10,30,0,0,1
497,4.3365,0.4458,10,30,0,0,1
498,4.4644,0.458,10,30,0,0,1
499,3.7484,0.244,10,30,0,0,1
500,4.3386,0.3176,10,30,0,0,1
501,4.0287,0.2892,10,30,0,0,1
502,4.1387,0.3432,10,30,0,0,1
503,4.2744,0.3703,10,30,0,0,1
504,4.0372,0.2393,10,30,0,0,1
505,4.126,0.3213,10,30,0,0,1
506,4.1828,0.2433,10,30,0,0,1
507,4.2366,0.3014,10,30,0,0,1
508,4.5518,0.3696,15,42,12,0,1
509,3.8727,0.3417,15,35,0,7,1
510,4.0726,0.339,15,35,0,0,1
511,4.0951,0.2595,15,35,0,0,1
512,4.207,0.4704,15,35,0,0,1
513,4.1888,0.3112,15,35,0,0,1
514,4.1586,0.3565,15,35,0,0,1
515,4.1929,0.5043,15,35,0,0,1
516,4.0652,0.4683,15,35,0,0,1
517,4.1966,0.2587,15,35,0,0,1
518,4.1954,0.2413,15,35,0,0,1
519,4.0833,0.2325,15,35,0,0,1
520,4.446,0.4266,15,35,0,0,1
521,4.1108,0.4788,15,35,0,0,1
522,4.149,0.3306,15,35,0,0,1
523,4.0054,0.3412,15,35,0,0,1
524,4.2323,0.3835,15,35,0,0,1
525,4.6298,0.3605,15,35,0,0,1
526,3.7853,0.299,15,35,0,0,1
527,4.0131,0.3225,15,35,0,0,1
528,4.3178,0.4391,15,35,0,0,1
529,4.0957,0.237,15,35,0,0,1
530,4.0821,0.2099,15,35,0,0,1
531,4.1187,0.3868,15,35,0,0,1
532,4.2122,0.3853,15,35,0,0,1
533,4.2648,0.2458,15,35,0,0,1
534,4.1114,0.3837,15,35,0,0,1
535,4.13,0.2116,15,35,0,0,1
536,4.1884,0.5272,15,35,0,0,1
537,4.179,0.449,15,35,0,0,1
538,4.1621,0.2303,15,35,0,0,1
539,4.1024,0.2246,15,35,0,0,1
540,4.2018,0.3488,15,35,0,0,1
541,4.1546,0.3073,15,35,0,0,1
542,4.4388,0.4215,24,56,21,0,1
543,4.1884,0.3299,24,44,0,12,1
544,3.9631,0.5034,24,44,0,0,1
545,4.1746,0.3379,24,44,0,0,1
546,4.1446,0.3798,24,44,0,0,1
547,4.1235,0.2824,24,44,0,0,1
548,4.2329,0.3128,24,44,0,0,1
549,4.0741,0.2171,24,44,0,0,1
550,4.2411,0.3947,24,44,0,0,1
551,4.1084,0.3123,24,44,0,0,1
552,4.1775,0.2477,24,44,0,0,1
553,4.2055,0.3891,24,44,0,0,1
554,4.1181,0.2571,24,44,0,0,1
555,4.2702,0.3644,24,44,0,0,1
556,4.1216,0.3291,24,44,0,0,1
557,4.4511,0.3837,24,44,0,0,1
558,3.8635,0.3702,24,44,0,0,1
559,4.1778,0.5365,24,44,0,0,1
560,4.1144,0.7912,24,44,0,0,1
561,4.4706,0.3148,24,44,0,0,1
562,4.5423,0.3278,24,44,0,0,1
563,3.602,0.3149,24,44,0,0,1
564,4.0568,0.3612,24,44,0,0,1
565,4.1368,0.2479,24,44,0,0,1
566,4.2085,0.2682,24,44,0,0,1
567,4.1761,0.2487,24,44,0,0,1
568,4.1271,0.3609,24,44,0,0,1
569,4.2532,0.3263,24,44,0,0,1
570,4.0947,0.2698,24,44,0,0,1
571,4.1857,0.2883,24,44,0,0,1
572,4.2041,0.4177,24,44,0,0,1
573,4.144,0.2464,24,44,0,0,1
574,4.1933,0.3871,24,44,0,0,1
575,4.1408,0.3058,24,44,0,0,1
576,4.2188,0.3626,24,44,0,0,1
577,4.3737,0.5149,24,44,0,0,1
578,3.8767,0.2817,24,44,0,0,1
579,4.2445,0.3195,24,44,0,0,1
580,4.4938,0.5038,29,70,26,0,1
581,3.9556,0.4224,29,49,0,21,1
582,4.0335,0.3791,29,49,0,0,1
583,4.0922,0.2998,29,49,0,0,1
584,4.1351,0.3687,29,49,0,0,1
585,4.2337,0.334,29,49,0,0,1
586,4.1675,0.2885,29,49,0,0,1
587,4.2203,0.3281,29,49,0,0,1
588,4.4423,0.3192,29,49,0,0,1
589,3.8798,0.3669,29,49,0,0,1
590,4.1219,0.3167,29,49,0,0,1
591,4.3294,0.3247,29,49,0,0,1
592,4.0563,0.3075,29,49,0,0,1
593,4.4358,0.356,29,49,0,0,1
594,3.9313,0.332,29,49,0,0,1
595,4.0505,0.2978,29,49,0,0,1
596,4.1878,0.3106,29,49,0,0,1
597,4.2255,0.2645,29,49,0,0,1
598,4.2128,0.3364,29,49,0,0,1
599,4.381,0.5003,29,49,0,0,1
600,3.9487,0.4226,29,49,0,0,1
601,4.1218,0.3276,29,49,0,0,1
602,4.1601,0.2654,29,49,0,0,1
603,4.3694,0.478,29,49,0,0,1
604,3.9955,0.5096,29,49,0,0,1
605,4.1788,0.5207,29,49,0,0,1
606,4.1303,0.3881,29,49,0,0,1
607,4.1159,0.2679,29,49,0,0,1
608,4.2191,0.3636,29,49,0,0,1
609,4.1777,0.2991,29,49,0,0,1
610,4.2476,0.3427,29,49,0,0,1
611,4.0639,0.268,29,49,0,0,1
612,4.1569,0.2811,29,49,0,0,1
613,4.4724,0.3211,29,49,0,0,1
614,3.8273,0.2864,29,49,0,0,1
615,4.4249,0.4852,33,79,30,0,1
616,4.3065,0.3028,33,53,0,26,1
617,3.9667,0.335,33,53,0,0,1
618,3.9515,0.315,33,53,0,0,1
619,4.2626,0.4745,33,53,0,0,1
620,4.148,0.3395,33,53,0,0,1
621,4.1765,0.3049,33,53,0,0,1
622,4.1769,0.3988,33,53,0,0,1
623,4.1436,0.3898,33,53,0,0,1
624,4.182,0.3666,33,53,0,0,1
625,4.1292,0.2671,33,53,0,0,1
626,4.1572,0.2728,33,53,0,0,1
627,4.341,0.2574,33,53,0,0,1
628,3.8462,0.2383,33,53,0,0,1
629,4.2448,0.2645,33,53,0,0,1
630,4.1912,0.2718,33,53,0,0,1
631,4.1399,0.2881,33,53,0,0,1
632,4.1736,0.2639,33,53,0,0,1
633,4.2594,0.3116,33,53,0,0,1
634,4.4893,0.3953,33,53,0,0,1
635,3.9626,0.4887,33,53,0,0,1
636,4.0269,0.2811,33,53,0,0,1
637,4.2232,0.4014,33,53,0,0,1
638,4.102,0.2794,33,53,0,0,1
639,4.485,0.4548,33,53,0,0,1
640,3.8762,0.3901,33,53,0,0,1
641,4.5861,0.519,33,53,0,0,1
642,3.7687,0.3397,33,53,0,0,1
643,4.1,0.3028,33,53,0,0,1
644,4.2227,0.3929,33,53,0,0,1
645,4.1976,0.4556,33,53,0,0,1
646,4.5662,0.2822,33,53,0,0,1
647,3.719,0.4212,33,53,0,0,1
648,4.416,0.5155,37,87,34,0,1
649,3.9875,0.3544,37,57,0,30,1
650,4.0929,0.3992,37,57,0,0,1
651,4.2133,0.3435,37,57,0,0,1
652,4.1635,0.3512,37,57,0,0,1
653,4.1307,0.4356,37,57,0,0,1
654,4.1907,0.3175,37,57,0,0,1
655,4.105,0.2826,37,57,0,0,1
656,4.2169,0.4301,37,57,0,0,1
657,4.4885,0.282,37,57,0,0,1
658,3.8455,0.3296,37,57,0,0,1
659,4.1438,0.3532,37,57,0,0,1
660,4.19,0.4537,37,57,0,0,1
661,4.1408,0.2703,37,57,0,0,1
662,4.1867,0.2803,37,57,0,0,1
663,4.2097,0.394,37,57,0,0,1
664,4.1478,0.4124,37,57,0,0,1
665,4.2309,0.4653,37,57,0,0,1
666,3.9898,0.4098,37,57,0,0,1
667,4.2554,0.3084,37,57,0,0,1
668,4.1318,0.2855,37,57,0,0,1
669,4.1345,0.2296,37,57,0,0,1
670,4.4902,0.422,37,57,0,0,1
671,3.8748,0.3911,37,57,0,0,1
672,4.165,0.4464,37,57,0,0,1
673,4.3134,0.3235,37,57,0,0,1
674,4.0145,0.2571,37,57,0,0,1
675,4.2721,0.6459,37,57,0,0,1
676,4.1598,0.3769,37,57,0,0,1
677,4.1414,0.343,37,57,0,0,1
678,4.1217,0.3887,37,57,0,0,1
679,4.1541,0.2837,37,57,0,0,1
680,4.2569,0.4716,37,57,0,0,1
681,4.071,0.2685,37,57,0,0,1
682,4.2065,0.3138,37,57,0,0,1
683,4.2099,0.3781,37,57,0,0,1
684,4.0783,0.3498,37,57,0,0,1
685,4.1899,0.4074,37,57,0,0,1
686,4.1507,0.3173,37,57,0,0,1
687,4.4562,0.3382,37,57,0,0,1
688,3.9608,0.3477,37,57,0,0,1
689,4.1137,0.275,37,57,0,0,1
690,4.2194,0.3863,37,57,0,0,1
691,4.0625,0.2629,37,57,0,0,1
692,4.3603,0.4244,37,57,0,0,1
693,4.0677,0.4979,37,57,0,0,1
694,4.0865,0.2715,37,57,0,0,1
695,4.2391,0.3936,37,57,0,0,1
696,4.2281,0.475,37,57,0,0,1
697,4.1044,0.2727,37,57,0,0,1
698,4.0755,0.2527,37,57,0,0,1
699,4.258,0.2366,37,57,0,0,1
700,4.0979,0.4164,37,57,0,0,1
701,4.1549,0.33,37,57,0,0,1
702,4.2643,0.3365,37,57,0,0,1
703,4.09,0.4704,37,57,0,0,1
704,4.5428,0.4876,37,57,0,0,1
705,3.8371,0.2741,37,57,0,0,1
706,4.1836,0.3058,37,57,0,0,1
707,4.0851,0.283,37,57,0,0,1
708,4.1618,0.3745,37,57,0,0,1
709,4.2526,0.383,37,57,0,0,1
710,4.0955,0.2833,37,57,0,0,1
711,4.1801,0.3626,37,57,0,0,1
712,4.2343,0.3918,37,57,0,0,1
713,4.1614,0.3014,37,57,0,0,1
714,4.1142,0.2704,37,57,0,0,1
715,4.1347,0.2822,37,57,0,0,1
716,4.2273,0.4735,37,57,0,0,1
717,4.1655,0.2745,37,57,0,0,1
718,4.1775,0.3089,37,57,0,0,1
719,4.1806,0.4182,37,57,0,0,1
720,4.2417,0.499,37,57,0,0,1
721,3.9919,0.3437,37,57,0,0,1
722,4.1988,0.2696,37,57,0,0,1
723,4.2129,0.2824,37,57,0,0,1
724,4.1444,0.3624,37,57,0,0,1
725,4.2599,0.4315,37,57,0,0,1
726,3.9809,0.4266,37,57,0,0,1
727,4.2393,0.2761,37,57,0,0,1
728,4.1168,0.3497,37,57,0,0,1
729,4.2664,0.2871,37,57,0,0,1
730,4.1818,0.3322,37,57,0,0,1
731,4.1558,0.6495,71,91,34,0,1
732,4.5498,0.5065,71,91,0,0,1
733,3.7595,0.4181,71,91,0,0,1
734,4.13,0.363,71,91,0,0,1
735,4.3799,0.5108,71,91,0,0,1
736,4.0038,0.7729,71,91,0,0,1
737,4.191,0.5273,71,91,0,0,1
738,4.1595,0.4646,71,91,0,0,1
739,4.1097,0.3622,71,91,0,0,1
740,4.1506,0.3713,71,91,0,0,1
741,4.2932,0.4998,71,91,0,0,1
742,4.0353,0.296,71,91,0,0,1
743,4.2716,0.379,71,91,0,0,1
744,4.1539,0.4391,71,91,0,0,1
745,4.125,0.3497,71,91,0,0,1
746,4.404,0.3635,71,91,0,0,1
747,4.0038,0.4729,71,91,0,0,1
748,4.1452,0.4235,71,91,0,0,1
749,4.5206,0.4827,71,91,0,0,1
750,3.7652,0.3068,71,91,0,0,1
751,4.1066,0.3474,71,91,0,0,1
752,4.2467,0.3846,71,91,0,0,1
753,4.1648,0.3609,71,91,0,0,1
754,4.2183,0.4858,71,91,0,0,1
755,4.1276,0.4031,71,91,0,0,1
756,4.0906,0.2251,71,91,0,0,1
757,4.2325,0.4237,71,91,0,0,1
758,4.1621,0.409,71,91,0,0,1
759,4.1204,0.3908,71,91,0,0,1
760,4.3081,0.2988,71,91,0,0,1
761,4.1412,0.4874,71,91,0,0,1
762,4.0104,0.3027,71,91,0,0,1
763,4.1878,0.417,71,91,0,0,1
764,4.2519,0.3434,71,91,0,0,1
765,4.1992,0.3999,71,91,0,0,1
766,4.1695,0.4605,71,91,0,0,1
767,4.153,0.4148,71,91,0,0,1
768,4.1436,0.3802,71,91,0,0,1
769,4.1175,0.2524,71,91,0,0,1
770,4.1289,0.2688,71,91,0,0,1
771,4.8209,0.4054,71,91,0,0,1
772,3.7083,0.3047,71,91,0,0,1
773,4.0406,0.4564,71,91,0,0,1
774,4.0856,0.2996,71,91,0,0,1
775,4.201,0.3069,71,91,0,0,1
776,4.2306,0.3818,71,91,0,0,1
777,4.1742,0.312,71,91,0,0,1
778,4.1172,0.3003,71,91,0,0,1
779,4.1166,0.3753,71,91,0,0,1
780,4.4226,0.4542,71,91,0,0,1
781,4.0243,0.3765,71,91,0,0,1
782,4.0665,0.2714,71,91,0,0,1
783,4.305,0.3867,71,91,0,0,1
784,4.1156,0.3686,71,91,0,0,1
785,4.1705,0.4675,71,91,0,0,1
786,4.0764,0.4982,71,91,0,0,1
787,4.1731,0.302,71,91,0,0,1
788,4.2071,0.3429,71,91,0,0,1
789,4.1961,0.4189,71,91,0,0,1
790,4.1606,0.3019,71,91,0,0,1
791,4.1883,0.4463,71,91,0,0,1
792,4.0998,0.4599,71,91,0,0,1
793,4.1754,0.3123,71,91,0,0,1
794,4.1627,0.4084,71,91,0,0,1
795,4.243,0.3086,71,91,0,0,1
796,4.1189,0.3368,71,91,0,0,1
797,4.1081,0.3359,71,91,0,0,1
798,4.1997,0.3837,71,91,0,0,1
799,4.1543,0.3034,71,91,0,0,1
800,4.2189,0.3964,71,91,0,0,1
801,4.3759,0.4858,71,91,0,0,1
802,4.5406,0.343,71,91,0,0,1
803,3.6173,0.3977,71,91,0,0,1
804,4.1202,0.4913,71,91,0,0,1
805,4.2366,0.4434,71,91,0,0,1
806,4.1096,0.4957,71,91,0,0,1
807,4.159,0.3343,71,91,0,0,1
808,4.1943,0.3499,71,91,0,0,1
809,4.3576,0.3104,71,91,0,0,1
810,3.8857,0.3107,71,91,0,0,1
811,4.1834,0.3994,71,91,0,0,1
812,4.1525,0.3946,71,91,0,0,1
813,4.2472,0.2969,71,91,0,0,1
814,4.1754,0.373,71,91,0,0,1
815,4.1395,0.5428,105,125,34,0,1
816,4.1317,0.4166,105,125,0,0,1
817,4.2466,0.3947,105,125,0,0,1
818,4.0911,0.2489,105,125,0,0,1
819,4.221,0.439,105,125,0,0,1
820,4.1348,0.584,105,125,0,0,1
821,4.2109,0.35,105,125,0,0,1
822,4.1115,0.3076,105,125,0,0,1
823,4.6601,0.5007,105,125,0,0,1
824,3.7411,0.2978,105,125,0,0,1
825,4.1753,0.4261,105,125,0,0,1
826,4.1485,0.3989,105,125,0,0,1
827,4.1621,0.4181,105,125,0,0,1
828,4.0854,0.3746,105,125,0,0,1
829,4.2327,0.4701,105,125,0,0,1
830,4.1231,0.3177,105,125,0,0,1
831,4.1966,0.4401,105,125,0,0,1
832,4.1223,0.3824,105,125,0,0,1
833,4.2451,0.3891,105,125,0,0,1
834,4.1473,0.3251,105,125,0,0,1
835,4.1229,0.5159,105,125,0,0,1
836,4.238,0.4295,105,125,0,0,1
837,4.1725,0.4863,105,125,0,0,1
838,4.2161,0.3549,105,125,0,0,1
839,4.0446,0.4065,105,125,0,0,1
840,4.2402,0.3986,105,125,0,0,1
841,4.3329,0.4626,105,125,0,0,1
842,3.9555,0.3102,105,125,0,0,1
843,4.21,0.245,105,125,0,0,1
844,4.1258,0.3512,103,125,0,0,1
845,4.2219,0.4826,103,123,0,2,1
846,4.1335,0.3999,103,123,0,0,1
847,4.1042,0.4422,103,123,0,0,1
848,4.1976,0.4536,103,123,0,0,1
849,4.2431,0.5225,103,123,0,0,1
850,4.1796,0.3258,103,123,0,0,1
851,4.1161,0.4005,103,123,0,0,1
852,4.1401,0.5075,103,123,0,0,1
853,4.1771,0.3278,103,123,0,0,1
854,4.1163,0.3594,103,123,0,0,1
855,4.2595,0.5112,103,123,0,0,1
856,4.0688,0.3827,103,123,0,0,1
857,4.2463,0.3551,103,123,0,0,1
858,4.1332,0.3045,103,123,0,0,1
859,4.2126,0.2464,103,123,0,0,1
860,4.1368,0.3808,103,123,0,0,1
861,4.1708,0.3196,103,123,0,0,1
862,4.2991,0.4446,103,123,0,0,1
863,4.0125,0.3718,103,123,0,0,1
864,4.2356,0.4724,103,123,0,0,1
865,4.052,0.3147,103,123,0,0,1
866,4.1756,0.3507,103,123,0,0,1
867,4.1778,0.4984,103,123,0,0,1
868,4.2434,0.4502,103,123,0,0,1
869,4.2056,0.4182,103,123,0,0,1
870,4.1191,0.3541,103,123,0,0,1
871,4.1019,0.3313,103,123,0,0,1
872,4.2085,0.4309,101,123,0,0,1
873,4.1681,0.5246,101,121,0,2,1
874,4.1805,0.4307,101,121,0,0,1
875,4.1831,0.2872,101,121,0,0,1
876,4.1445,0.3823,101,121,0,0,1
877,4.1888,0.3589,101,121,0,0,1
878,4.0943,0.4046,101,121,0,0,1
879,4.178,0.4301,101,121,0,0,1
880,4.27,0.4792,101,121,0,0,1
881,4.1148,0.3745,101,121,0,0,1
882,4.1161,0.32,101,121,0,0,1
883,4.1218,0.3467,101,121,0,0,1
884,4.197,0.315,101,121,0,0,1
885,4.2962,0.2906,101,121,0,0,1
886,4.1747,0.3803,101,121,0,0,1
887,4.1258,0.4515,101,121,0,0,1
888,4.1189,0.393,101,121,0,0,1
889,4.1388,0.3256,101,121,0,0,1
890,4.1544,0.3008,101,121,0,0,1
891,4.4517,0.4745,101,121,0,0,1
892,3.9169,0.512,101,121,0,0,1
893,4.2208,0.4327,101,121,0,0,1
894,4.2532,0.4441,101,121,0,0,1
895,3.976,0.3298,101,121,0,0,1
896,4.2221,0.392,101,121,0,0,1
897,4.187,0.3347,101,121,0,0,1
898,4.1449,0.4414,101,121,0,0,1
899,4.1829,0.5086,135,155,34,0,1
900,4.397,0.3752,135,155,0,0,1
901,3.8745,0.4031,135,155,0,0,1
902,4.1567,0.3017,135,155,0,0,1
903,4.1528,0.415,135,155,0,0,1
904,4.2467,0.4525,135,155,0,0,1
905,4.2874,0.5362,135,155,0,0,1
906,4.0008,0.353,135,155,0,0,1
907,4.1594,0.408,135,155,0,0,1
908,4.1224,0.4576,135,155,0,0,1
909,4.548,0.5029,135,155,0,0,1
910,3.8694,0.413,135,155,0,0,1
911,4.1616,0.3903,135,155,0,0,1
912,4.1692,0.5259,135,155,0,0,1
913,4.1827,0.3197,135,155,0,0,1
914,4.1458,0.4341,135,155,0,0,1
915,4.1988,0.3807,135,155,0,0,1
916,4.1532,0.3511,135,155,0,0,1
917,4.1858,0.3881,135,155,0,0,1
918,4.361,0.4321,135,155,0,0,1
919,3.9312,0.4178,135,155,0,0,1
920,4.3901,0.4438,135,155,0,0,1
921,3.9163,0.3469,135,155,0,0,1
922,4.1667,0.3654,135,155,0,0,1
923,4.2413,0.5047,135,155,0,0,1
924,4.1097,0.545,135,155,0,0,1
925,4.1602,0.3539,134,155,0,0,1
926,4.1559,0.3377,134,154,0,1,1
927,4.2205,0.5488,134,154,0,0,1
928,4.397,0.4906,134,154,0,0,1
929,3.955,0.4118,134,154,0,0,1
930,4.1282,0.4906,134,154,0,0,1
931,4.1183,0.4987,134,154,0,0,1
932,4.1937,0.3676,134,154,0,0,1
933,4.1827,0.4829,134,154,0,0,1
934,4.212,0.3917,134,154,0,0,1
935,4.0616,0.3559,133,154,0,0,1
936,4.2153,0.4403,133,153,0,1,1
937,4.2145,0.4571,133,153,0,0,1
938,4.1141,0.3348,133,153,0,0,1
939,4.1052,0.3324,132,153,0,0,1
940,4.8398,0.4056,132,152,0,1,1
941,4.0389,0.2921,132,152,0,0,1
942,3.7226,0.5064,132,152,0,0,1
943,4.0927,0.356,132,152,0,0,1
944,4.3215,0.283,132,152,0,0,1
945,4.0661,0.3346,132,152,0,0,1
946,4.1469,0.3482,132,152,0,0,1
947,4.1721,0.3322,132,152,0,0,1
948,4.1631,0.4981,132,152,0,0,1
949,4.5142,0.4439,130,152,0,0,1
950,3.8204,0.3606,130,150,0,2,1
951,4.2109,0.7602,130,150,0,0,1
952,4.191,0.3297,130,150,0,0,1
953,4.1286,0.3744,130,150,0,0,1
954,4.1481,0.3461,130,150,0,0,1
955,4.1418,0.7123,130,150,0,0,1
956,4.2235,0.4676,130,150,0,0,1
957,4.1598,0.2528,130,150,0,0,1
958,4.1511,0.3719,130,150,0,0,1
959,4.1608,0.3718,130,150,0,0,1
960,4.2973,0.5417,130,150,0,0,1
961,4.2198,0.4608,130,150,0,0,1
962,3.9744,0.3542,130,150,0,0,1
963,4.2165,0.3853,130,150,0,0,1
964,4.1476,0.3873,130,150,0,0,1
965,4.1741,0.2896,130,150,0,0,1
966,4.1929,0.3723,130,150,0,0,1
967,4.1265,0.5497,130,150,0,0,1
968,4.2135,0.4891,130,150,0,0,1
969,4.1979,0.4065,130,150,0,0,1
970,4.0876,0.3325,130,150,0,0,1
971,4.1716,0.441,130,150,0,0,1
972,4.1843,0.435,130,150,0,0,1
973,4.1052,0.2906,130,150,0,0,1
974,4.1842,0.3372,130,150,0,0,1
975,4.3797,0.6627,130,150,0,0,1
976,4.2137,0.5053,130,150,0,0,1
977,3.8985,0.3553,130,150,0,0,1
978,4.2152,0.3812,130,150,0,0,1
979,4.1071,0.4969,129,150,0,0,1
980,4.4264,0.6018,129,149,0,1,1
981,3.982,0.3405,129,149,0,0,1
982,4.1474,0.3813,129,149,0,0,1
983,4.1911,0.7344,163,183,34,0,1
984,4.1662,0.4175,163,183,0,0,1
985,4.4332,0.4251,163,183,0,0,1
986,3.8565,0.3358,163,183,0,0,1
987,4.4931,0.5824,163,183,0,0,1
988,3.8338,0.4499,163,183,0,0,1
989,4.1735,0.3558,162,183,0,0,1
990,4.4629,0.3285,162,182,0,1,1
991,3.8287,0.368,162,182,0,0,1
992,4.172,0.3188,162,182,0,0,1
993,4.1883,0.3557,162,182,0,0,1
994,4.1745,0.4266,162,182,0,0,1
995,4.1933,0.4938,162,182,0,0,1
996,4.1856,0.4105,162,182,0,0,1
997,4.164,0.399,162,182,0,0,1
998,4.101,0.3487,162,182,0,0,1
999,4.2426,0.6709,162,182,0,0,1
1000,4.2204,0.7799,162,182,0,0,1
1001,4.154,0.5599,162,182,0,0,1
1002,4.0422,0.3694,162,182,0,0,1
1003,4.2136,0.421,162,182,0,0,1
1004,4.1492,0.4272,162,182,0,0,1
1005,4.2607,0.4393,162,182,0,0,1
1006,4.1461,0.4434,162,182,0,0,1
1007,4.1551,0.634,162,182,0,0,1
1008,4.3867,0.4575,162,182,0,0,1
1009,3.9105,0.3987,162,182,0,0,1
1010,4.1558,0.3227,161,182,0,0,1
1011,4.4506,0.6401,161,181,0,1,1
1012,3.9148,0.6029,161,181,0,0,1
1013,4.2292,0.4204,161,181,0,0,1
1014,4.0882,0.299,160,181,0,0,1
1015,4.1528,0.4044,160,180,0,1,1
1016,4.1681,0.485,160,180,0,0,1
1017,4.2207,0.3974,160,180,0,0,1
1018,4.1064,0.4797,160,180,0,0,1
1019,4.3902,0.7053,160,180,0,0,1
1020,3.9789,0.3811,160,180,0,0,1
1021,4.1412,0.3282,160,180,0,0,1
1022,4.166,0.3731,160,180,0,0,1
1023,4.2027,0.395,160,180,0,0,1
1024,4.1626,0.588,160,180,0,0,1
1025,4.2003,0.5517,160,180,0,0,1
1026,4.1055,0.3524,160,180,0,0,1
1027,4.1508,0.3864,160,180,0,0,1
1028,4.1488,0.3858,160,180,0,0,1
1029,4.2522,0.3763,160,180,0,0,1
1030,4.2199,0.5831,160,180,0,0,1
1031,4.0898,0.4925,160,180,0,0,1
1032,4.3224,0.4864,159,180,0,0,1
1033,3.9392,0.4115,159,179,0,1,1
1034,4.4484,0.3467,159,179,0,0,1
1035,4.0673,0.5904,159,179,0,0,1
1036,4.069,0.5858,159,179,0,0,1
1037,4.4776,0.5318,159,179,0,0,1
1038,4.325,0.5097,159,179,0,0,1
1039,3.6507,0.3741,159,179,0,0,1
1040,4.1411,0.5263,159,179,0,0,1
1041,4.1544,0.3454,159,179,0,0,1
1042,4.325,0.346,159,179,0,0,1
1043,4.065,0.4989,159,179,0,0,1
1044,4.1836,0.6187,159,179,0,0,1
1045,4.1772,0.3999,159,179,0,0,1
1046,4.1221,0.3623,158,179,0,0,1
1047,4.1135,0.3796,158,178,0,1,1
1048,4.2433,0.4693,158,178,0,0,1
1049,4.2163,0.5728,158,178,0,0,1
1050,4.1922,0.4769,157,178,0,0,1
1051,4.0603,0.3862,157,177,0,1,1
1052,4.19,0.2917,157,177,0,0,1
1053,4.1505,0.3691,156,177,0,0,1
1054,4.1752,0.3692,156,176,0,1,1
1055,4.1682,0.384,156,176,0,0,1
1056,4.1996,0.3502,156,176,0,0,1
1057,4.2014,0.3463,156,176,0,0,1
1058,4.1563,0.3522,156,176,0,0,1
1059,4.1194,0.4482,156,176,0,0,1
1060,4.1912,0.5006,156,176,0,0,1
1061,4.1772,0.4027,156,176,0,0,1
1062,4.124,0.5209,156,176,0,0,1
1063,4.1984,0.4871,156,176,0,0,1
1064,4.1147,0.42,156,176,0,0,1
1065,4.1984,0.3613,156,176,0,0,1
1066,4.1683,0.3309,156,176,0,0,1
1067,4.2717,0.5398,190,210,34,0,1
1068,4.0678,0.5964,190,210,0,0,1
1069,4.2235,0.5418,190,210,0,0,1
1070,4.0671,0.3608,190,210,0,0,1
1071,4.1706,0.3723,190,210,0,0,1
1072,4.1643,0.5966,190,210,0,0,1
1073,4.2408,0.333,190,210,0,0,1
1074,4.1534,0.5235,190,210,0,0,1
1075,4.2542,0.5828,190,210,0,0,1
1076,4.0414,0.4082,190,210,0,0,1
1077,4.2141,0.3461,190,210,0,0,1
1078,4.1455,0.457,190,210,0,0,1
1079,4.1821,0.4555,190,210,0,0,1
1080,4.1295,0.4005,190,210,0,0,1
1081,4.2193,0.6292,190,210,0,0,1
1082,4.1074,0.3622,190,210,0,0,1
1083,4.2153,0.4196,190,210,0,0,1
1084,4.1017,0.3721,190,210,0,0,1
1085,4.2773,0.6097,190,210,0,0,1
1086,4.1048,0.4473,190,210,0,0,1
1087,4.1227,0.5849,190,210,0,0,1
1088,4.2855,0.5474,190,210,0,0,1
1089,4.0909,0.3743,190,210,0,0,1
1090,4.1941,0.4208,189,210,0,0,1
1091,4.1669,0.4223,189,209,0,1,1
1092,4.1652,0.4445,189,209,0,0,1
1093,4.2087,0.4395,188,209,0,0,1
1094,4.0558,0.377,188,208,0,1,1
1095,4.1977,0.7875,188,208,0,0,1
1096,4.2271,0.4974,188,208,0,0,1
1097,4.0629,0.4258,188,208,0,0,1
1098,4.1318,0.4577,188,208,0,0,1
1099,4.2227,0.6268,187,208,0,0,1
1100,4.1985,0.4699,186,207,0,1,1
1101,4.1712,0.3951,185,206,0,1,1
1102,4.4155,0.4311,184,205,0,1,1
1103,3.9047,0.5569,184,204,0,1,1
1104,4.2171,0.3861,184,204,0,0,1
1105,4.3117,0.3614,184,204,0,0,1
1106,3.9228,0.2915,184,204,0,0,1
1107,4.2816,0.5637,184,204,0,0,1
1108,4.0611,0.3037,184,204,0,0,1
1109,4.2578,0.4316,184,204,0,0,1
1110,4.0628,0.3175,184,204,0,0,1
1111,4.1945,0.5311,183,204,0,0,1
1112,4.2162,0.5344,183,203,0,1,1
1113,4.1646,0.3841,183,203,0,0,1
1114,4.1339,0.3146,182,203,0,0,1
1115,4.1774,0.4981,182,202,0,1,1
1116,4.2084,0.4432,182,202,0,0,1
1117,4.0697,0.5134,182,202,0,0,1
1118,4.1668,0.277,182,202,0,0,1
1119,4.3714,0.4368,182,202,0,0,1
1120,4.104,0.532,182,202,0,0,1
1121,4.1303,0.6952,182,202,0,0,1
1122,4.0623,0.4429,182,202,0,0,1
1123,4.1951,0.5229,182,202,0,0,1
1124,4.1864,0.3457,182,202,0,0,1
1125,4.2254,0.4047,182,202,0,0,1
1126,4.3687,0.5426,182,202,0,0,1
1127,3.9298,0.472,182,202,0,0,1
1128,4.1971,0.3792,182,202,0,0,1
1129,4.1137,0.38,182,202,0,0,1
1130,4.1592,0.3017,182,202,0,0,1
1131,4.1888,0.6466,182,202,0,0,1
1132,4.2553,0.4768,182,202,0,0,1
1133,4.1779,0.4164,181,202,0,0,1
1134,4.0243,0.306,181,201,0,1,1
1135,4.1841,0.4357,181,201,0,0,1
1136,4.1696,0.3687,180,201,0,0,1
1137,4.1655,0.36,179,200,0,1,1
1138,4.2117,0.5437,179,199,0,1,1
1139,4.1801,0.6442,179,199,0,0,1
1140,4.4295,0.4171,179,199,0,0,1
1141,3.8392,0.5946,179,199,0,0,1
1142,4.1734,0.2997,179,199,0,0,1
1143,4.2714,0.6126,179,199,0,0,1
1144,4.1071,0.3491,179,199,0,0,1
1145,4.2072,0.3626,179,199,0,0,1
1146,4.102,0.3129,179,199,0,0,1
1147,4.1271,0.4272,178,199,0,0,1
1148,4.4817,0.3007,178,198,0,1,1
1149,4.1012,0.3858,178,198,0,0,1
1150,3.9799,0.4778,178,198,0,0,1
1151,4.2184,0.8378,212,232,34,0,1
1152,4.1365,0.6096,212,232,0,0,1
1153,4.407,0.5099,212,232,0,0,1
1154,3.8746,0.3669,212,232,0,0,1
1155,4.4391,0.5398,212,232,0,0,1
1156,3.9329,0.4145,212,232,0,0,1
1157,4.2159,0.5488,212,232,0,0,1
1158,4.0404,0.3882,212,232,0,0,1
1159,4.1791,0.3322,211,232,0,0,1
1160,4.2576,0.4808,211,231,0,1,1
1161,4.1596,0.6149,211,231,0,0,1
1162,4.1531,0.5064,211,231,0,0,1
1163,4.1017,0.6342,211,231,0,0,1
1164,4.1794,0.3133,211,231,0,0,1
1165,4.1816,0.3986,211,231,0,0,1
1166,4.1545,0.3476,211,231,0,0,1
1167,4.2365,0.5758,211,231,0,0,1
1168,4.1652,0.4218,211,231,0,0,1
1169,4.1686,0.5048,211,231,0,0,1
1170,4.1321,0.5474,210,231,0,0,1
1171,4.1269,0.3317,210,230,0,1,1
1172,4.1607,0.4116,210,230,0,0,1
1173,4.1901,0.493,210,230,0,0,1
1174,4.1433,0.4718,210,230,0,0,1
1175,4.2495,0.5376,210,230,0,0,1
1176,4.136,0.5034,210,230,0,0,1
1177,4.0806,0.4161,209,230,0,0,1
1178,4.192,0.2902,209,229,0,1,1
1179,4.23,0.5973,209,229,0,0,1
1180,4.1731,0.4638,209,229,0,0,1
1181,4.2321,0.6276,208,229,0,0,1
1182,4.1061,0.5261,208,228,0,1,1
1183,4.1088,0.335,208,228,0,0,1
1184,4.1884,0.4133,207,228,0,0,1
1185,4.1641,0.3871,207,227,0,1,1
1186,4.2243,0.4342,207,227,0,0,1
1187,4.0541,0.4871,207,227,0,0,1
1188,4.2075,0.3874,207,227,0,0,1
1189,4.2116,0.3982,207,227,0,0,1
1190,4.1211,0.3797,207,227,0,0,1
1191,4.4705,0.649,207,227,0,0,1
1192,3.8645,0.3687,207,227,0,0,1
1193,4.2819,0.632,207,227,0,0,1
1194,4.0358,0.2947,207,227,0,0,1
1195,4.1894,0.4666,206,227,0,0,1
1196,4.1792,0.3757,206,226,0,1,1
1197,4.1684,0.4592,206,226,0,0,1
1198,4.2102,0.3969,206,226,0,0,1
1199,4.1608,0.5434,205,226,0,0,1
1200,4.2044,0.39,205,225,0,1,1
1201,4.0765,0.3059,205,225,0,0,1
1202,4.1662,0.3959,205,225,0,0,1
1203,4.1925,0.4286,205,225,0,0,1
1204,4.1914,0.4369,205,225,0,0,1
1205,4.1796,0.367,205,225,0,0,1
1206,4.1217,0.4622,205,225,0,0,1
1207,4.1333,0.6008,205,225,0,0,1
1208,4.2039,0.4226,205,225,0,0,1
1209,4.1766,0.3794,204,225,0,0,1
1210,4.5175,0.5076,204,224,0,1,1
1211,3.8111,0.4354,204,224,0,0,1
1212,4.1379,0.466,204,224,0,0,1
1213,4.2296,0.6435,204,224,0,0,1
1214,4.1039,0.3599,204,224,0,0,1
1215,4.2038,0.5593,202,224,0,0,1
1216,4.2069,0.4076,202,222,0,2,1
1217,4.1623,0.4823,202,222,0,0,1
1218,4.1333,0.3896,202,222,0,0,1
1219,4.1845,0.5238,202,222,0,0,1
1220,4.1139,0.3813,202,222,0,0,1
1221,4.2024,0.3368,202,222,0,0,1
1222,4.176,0.4036,201,222,0,0,1
1223,4.1389,0.4735,201,221,0,1,1
1224,4.1512,0.4061,201,221,0,0,1
1225,4.1767,0.4161,201,221,0,0,1
1226,4.1572,0.3746,201,221,0,0,1
1227,4.2061,0.7211,201,221,0,0,1
1228,4.1391,0.3041,201,221,0,0,1
1229,4.2052,0.6329,201,221,0,0,1
1230,4.1515,0.3333,201,221,0,0,1
1231,4.1341,0.5171,201,221,0,0,1
1232,4.1706,0.4793,201,221,0,0,1
1233,4.2015,0.3816,201,221,0,0,1
1234,4.1768,0.4192,201,221,0,0,1
1235,4.1505,0.6155,235,255,34,0,1
1236,4.203,0.4789,235,255,0,0,1
1237,4.0864,0.3897,235,255,0,0,1
1238,4.1674,0.423,234,255,0,0,1
1239,4.3076,0.7775,234,254,0,1,1
1240,4.151,0.3981,234,254,0,0,1
1241,4.1221,0.4531,234,254,0,0,1
1242,4.1851,0.4019,233,254,0,0,1
1243,4.0555,0.4528,233,253,0,1,1
1244,4.2176,0.5009,233,253,0,0,1
1245,4.2046,0.3336,233,253,0,0,1
1246,4.1468,0.7443,233,253,0,0,1
1247,4.1799,0.5764,226,253,0,0,1
1248,4.2128,0.4474,225,246,0,7,1
1249,4.012,0.3593,225,245,0,1,1
1250,4.187,0.2985,225,245,0,0,1
1251,4.6248,0.6885,225,245,0,0,1
1252,3.7893,0.454,225,245,0,0,1
1253,4.2218,0.5189,224,245,0,0,1
1254,4.0723,0.4366,224,244,0,1,1
1255,4.1287,0.3388,224,244,0,0,1
1256,4.2666,0.4222,224,244,0,0,1
1257,4.1644,0.4755,224,244,0,0,1
1258,4.2138,0.494,224,244,0,0,1
1259,4.1186,0.6487,223,244,0,0,1
1260,4.1873,0.4168,223,243,0,1,1
1261,4.1414,0.4292,223,243,0,0,1
1262,4.0809,0.3651,222,243,0,0,1
1263,4.2101,0.5496,222,242,0,1,1
1264,4.2338,0.5647,222,242,0,0,1
1265,4.1509,0.6319,221,242,0,0,1
1266,4.115,0.4173,220,241,0,1,1
1267,4.1588,0.4381,220,240,0,1,1
1268,4.224,0.3475,220,240,0,0,1
1269,4.1704,0.4174,220,240,0,0,1
1270,4.1472,0.5226,220,240,0,0,1
1271,4.1631,0.6025,220,240,0,0,1
1272,4.1052,0.3927,220,240,0,0,1
1273,4.1928,0.3444,220,240,0,0,1
1274,4.123,0.3623,220,240,0,0,1
1275,4.24,0.4365,220,240,0,0,1
1276,4.2594,0.6706,220,240,0,0,1
1277,4.3377,0.479,220,240,0,0,1
1278,3.901,0.3515,220,240,0,0,1
1279,4.1687,0.5548,220,240,0,0,1
1280,4.1856,0.3807,220,240,0,0,1
1281,4.1793,0.4234,220,240,0,0,1
1282,4.1508,0.3695,220,240,0,0,1
1283,4.1677,0.3455,220,240,0,0,1
1284,4.383,0.4703,220,240,0,0,1
1285,3.9118,0.5265,218,240,0,0,1
1286,4.1676,0.4169,217,238,0,2,1
1287,4.2219,0.5033,217,237,0,1,1
1288,4.1638,0.3633,217,237,0,0,1
1289,4.4816,0.5338,217,237,0,0,1
1290,3.7911,0.3405,217,237,0,0,1
1291,4.1598,0.4303,217,237,0,0,1
1292,4.1996,0.3706,217,237,0,0,1
1293,4.1334,0.47,217,237,0,0,1
1294,4.2092,0.3956,217,237,0,0,1
1295,4.149,0.3662,217,237,0,0,1
1296,4.2062,0.4876,216,237,0,0,1
1297,4.1272,0.3955,215,236,0,1,1
1298,4.161,0.3843,215,235,0,1,1
1299,4.2267,0.478,214,235,0,0,1
1300,4.1498,0.3253,214,234,0,1,1
1301,4.164,0.4082,214,234,0,0,1
1302,4.2011,0.5223,214,234,0,0,1
1303,4.0758,0.546,214,234,0,0,1
1304,4.4542,0.607,214,234,0,0,1
1305,3.8942,0.3867,214,234,0,0,1
1306,4.1801,0.5998,214,234,0,0,1
1307,4.1648,0.5203,213,234,0,0,1
1308,4.2595,0.5823,213,233,0,1,1
1309,4.0653,0.5628,213,233,0,0,1
1310,4.1574,0.3937,213,233,0,0,1
1311,4.122,0.4346,213,233,0,0,1
1312,4.2907,0.333,213,233,0,0,1
1313,4.06,0.3753,212,233,0,0,1
1314,4.3777,0.5194,212,232,0,1,1
1315,4.2397,0.709,212,232,0,0,1
1316,3.9315,0.3569,212,232,0,0,1
1317,4.1433,0.4154,212,232,0,0,1
1318,4.4348,0.3678,212,232,0,0,1
1319,4.0674,0.5077,246,266,34,0,1
1320,3.9817,0.411,246,266,0,0,1
1321,4.4888,0.6705,246,266,0,0,1
1322,3.8313,0.3215,246,266,0,0,1
1323,4.447,0.7017,246,266,0,0,1
1324,3.8984,0.4518,246,266,0,0,1
1325,4.2181,0.53,246,266,0,0,1
1326,4.0965,0.4027,246,266,0,0,1
1327,4.1476,0.3674,244,266,0,0,1
1328,4.2468,0.3254,243,264,0,2,1
1329,4.2142,0.4253,243,263,0,1,1
1330,4.5132,0.5698,236,263,0,0,1
1331,4.1709,0.6261,236,256,0,7,1
1332,3.7638,0.4349,235,256,0,0,1
1333,4.4172,0.5514,235,255,0,1,1
1334,3.9121,0.3798,235,255,0,0,1
1335,4.7413,0.5729,235,255,0,0,1
1336,3.5723,0.3524,235,255,0,0,1
1337,4.1762,0.3916,235,255,0,0,1
1338,4.3914,0.3449,234,255,0,0,1
1339,4.0397,0.4065,234,254,0,1,1
1340,4.1469,0.4019,234,254,0,0,1
1341,4.1528,0.3293,234,254,0,0,1
1342,4.5391,0.6265,234,254,0,0,1
1343,4.2796,0.4416,234,254,0,0,1
1344,3.9654,0.5973,233,254,0,0,1
1345,4.0651,0.9969,233,253,0,1,1
1346,3.9379,0.3563,233,253,0,0,1
1347,4.182,0.7306,232,253,0,0,1
1348,4.1972,0.8845,232,252,0,1,1
1349,4.4952,0.344,232,252,0,0,1
1350,4.1444,0.6479,232,252,0,0,1
1351,3.8206,0.6637,232,252,0,0,1
1352,4.2854,0.5799,231,252,0,0,1
1353,3.9835,0.4202,231,251,0,1,1
1354,4.5142,0.5337,231,251,0,0,1
1355,4.1506,0.6271,230,251,0,0,1
1356,3.8405,0.4151,230,250,0,1,1
1357,4.3654,0.531,230,250,0,0,1
1358,3.9739,0.4243,230,250,0,0,1
1359,4.8626,0.4907,229,250,0,0,1
1360,3.5733,0.5882,229,249,0,1,1
1361,4.1692,0.5629,229,249,0,0,1
1362,4.1476,0.4475,229,249,0,0,1
1363,4.1934,0.5409,228,249,0,0,1
1364,4.1892,0.4418,228,248,0,1,1
1365,4.1273,0.4129,228,248,0,0,1
1366,4.1652,0.3756,228,248,0,0,1
1367,4.1546,0.5599,228,248,0,0,1
1368,4.1108,0.3487,228,248,0,0,1
1369,4.2316,0.5631,227,248,0,0,1
1370,4.1369,0.4315,227,247,0,1,1
1371,4.2533,0.6574,227,247,0,0,1
1372,4.142,0.7199,227,247,0,0,1
1373,4.0743,0.4502,227,247,0,0,1
1374,4.1461,0.3188,227,247,0,0,1
1375,4.1931,0.5615,226,247,0,0,1
1376,4.1939,0.465,226,246,0,1,1
1377,4.2066,0.4784,226,246,0,0,1
1378,4.1721,0.6635,226,246,0,0,1
1379,4.1275,0.4003,226,246,0,0,1
1380,4.2206,0.5046,226,246,0,0,1
1381,4.1084,0.5171,226,246,0,0,1
1382,4.112,0.3076,226,246,0,0,1
1383,4.2488,0.5626,226,246,0,0,1
1384,4.2175,0.359,226,246,0,0,1
1385,4.1202,0.4862,226,246,0,0,1
1386,4.1283,0.4469,225,246,0,0,1
1387,4.1574,0.3617,223,245,0,1,1
1388,4.1599,0.4197,223,243,0,2,1
1389,4.3196,0.3728,223,243,0,0,1
1390,4.0829,0.5379,223,243,0,0,1
1391,4.1415,0.5314,223,243,0,0,1
1392,4.2485,0.5384,223,243,0,0,1
1393,4.0815,0.5205,223,243,0,0,1
1394,4.1245,0.4115,223,243,0,0,1
1395,4.4497,0.4976,223,243,0,0,1
1396,3.9623,0.5424,223,243,0,0,1
1397,4.1478,0.4421,223,243,0,0,1
1398,4.1505,0.424,223,243,0,0,1
1399,4.1152,0.5479,222,243,0,0,1
1400,4.1982,0.3937,222,242,0,1,1
1401,4.2151,0.4416,221,242,0,0,1
1402,4.2492,0.5809,221,241,0,1,1
1403,4.0265,0.4763,255,275,34,0,1
1404,4.2171,0.5192,255,275,0,0,1
1405,4.4967,0.4773,255,275,0,0,1
1406,3.8162,0.4383,255,275,0,0,1
1407,4.1837,0.7601,254,275,0,0,1
1408,4.1942,0.6779,253,274,0,1,1
1409,4.2498,0.5712,253,273,0,1,1
1410,4.0755,0.6634,253,273,0,0,1
1411,4.1034,0.5487,253,273,0,0,1
1412,4.2091,0.3702,253,273,0,0,1
1413,4.1163,0.4381,252,273,0,0,1
1414,4.1769,0.4097,245,272,0,1,1
1415,4.221,0.6345,245,265,0,7,1
1416,4.1485,0.7602,245,265,0,0,1
1417,4.1615,0.3959,245,265,0,0,1
1418,4.1247,0.3495,245,265,0,0,1
1419,4.1896,0.5301,245,265,0,0,1
1420,4.2032,0.4208,245,265,0,0,1
1421,4.2444,0.392,244,265,0,0,1
1422,4.1423,0.4958,244,264,0,1,1
1423,4.059,0.4413,244,264,0,0,1
1424,4.2366,0.4205,244,264,0,0,1
1425,4.1202,0.4111,244,264,0,0,1
1426,4.2094,0.4924,244,264,0,0,1
1427,4.0627,0.6007,244,264,0,0,1
1428,4.245,0.7685,244,264,0,0,1
1429,4.1908,0.3893,244,264,0,0,1
1430,4.0694,0.3803,244,264,0,0,1
1431,4.5088,0.6606,243,264,0,0,1
1432,4.08,0.3894,242,263,0,1,1
1433,3.9372,0.7122,242,262,0,1,1
1434,4.2592,0.6743,242,262,0,0,1
1435,4.1263,0.5986,242,262,0,0,1
1436,4.552,0.4883,242,262,0,0,1
1437,3.7352,0.4246,241,262,0,0,1
1438,4.2013,0.3984,241,261,0,1,1
1439,4.1083,0.561,241,261,0,0,1
1440,4.3338,0.5452,241,261,0,0,1
1441,4.0523,0.3608,241,261,0,0,1
1442,4.123,0.4031,241,261,0,0,1
1443,4.1542,0.528,241,261,0,0,1
1444,4.2736,0.3493,241,261,0,0,1
1445,4.1473,0.5662,241,261,0,0,1
1446,4.0628,0.3408,241,261,0,0,1
1447,4.203,0.4945,241,261,0,0,1
1448,4.2768,0.4652,241,261,0,0,1
1449,4.0663,0.3695,241,261,0,0,1
1450,4.1866,0.358,241,261,0,0,1
1451,4.2534,0.5133,241,261,0,0,1
1452,4.1081,0.6419,241,261,0,0,1
1453,4.1901,0.5718,241,261,0,0,1
1454,4.1038,0.4049,240,261,0,0,1
1455,4.143,0.4788,240,260,0,1,1
1456,4.2389,0.4554,240,260,0,0,1
1457,4.177,0.4992,239,260,0,0,1
1458,4.1218,0.4568,237,259,0,1,1
1459,4.2412,0.7176,235,257,0,2,1
1460,4.1,0.4421,235,255,0,2,1
1461,4.1483,0.3075,235,255,0,0,1
1462,4.5364,0.717,235,255,0,0,1
1463,3.8481,0.4762,235,255,0,0,1
1464,4.1935,0.3304,234,255,0,0,1
1465,4.1432,0.5705,234,254,0,1,1
1466,4.1082,0.3497,234,254,0,0,1
1467,4.1913,0.5194,234,254,0,0,1
1468,4.2882,0.5962,233,254,0,0,1
1469,4.0552,0.4275,232,253,0,1,1
1470,4.1456,0.4067,232,252,0,1,1
1471,4.1553,0.4429,232,252,0,0,1
1472,4.272,0.615,232,252,0,0,1
1473,4.0795,0.4053,232,252,0,0,1
1474,4.1999,0.4166,232,252,0,0,1
1475,4.1311,0.5255,232,252,0,0,1
1476,4.1535,0.6021,232,252,0,0,1
1477,4.1416,0.5038,231,252,0,0,1
1478,4.1807,0.4061,231,251,0,1,1
1479,4.1929,0.5042,231,251,0,0,1
1480,4.2014,0.3552,231,251,0,0,1
1481,4.1764,0.5443,231,251,0,0,1
1482,4.1659,0.3777,230,251,0,0,1
1483,4.1177,0.5776,230,250,0,1,1
1484,4.1865,0.4147,230,250,0,0,1
1485,4.1378,0.3355,230,250,0,0,1
1486,4.2201,0.4688,230,250,0,0,1
1487,4.1428,0.617,264,284,34,0,1
1488,4.405,0.3965,264,284,0,0,1
1489,3.9697,0.6874,264,284,0,0,1
1490,4.2387,0.4161,264,284,0,0,1
1491,4.1078,0.5572,264,284,0,0,1
1492,4.142,0.3892,264,284,0,0,1
1493,4.5497,0.6427,264,284,0,0,1
1494,3.7182,0.3956,264,284,0,0,1
1495,4.1754,0.4958,263,284,0,0,1
1496,4.1847,0.467,263,283,0,1,1
1497,4.1935,0.4454,263,283,0,0,1
1498,4.1771,0.3958,256,283,0,0,1
1499,4.1598,0.4321,256,276,0,7,1
1500,4.1395,0.4237,256,276,0,0,1
1501,4.1678,0.3563,255,276,0,0,1
1502,4.1189,0.3844,255,275,0,1,1
1503,4.5965,0.5622,255,275,0,0,1
1504,3.8063,0.4205,255,275,0,0,1
1505,4.1588,0.3715,255,275,0,0,1
1506,4.1884,0.493,255,275,0,0,1
1507,4.1138,0.5007,255,275,0,0,1
1508,4.2137,0.4708,255,275,0,0,1
1509,4.1712,0.6065,255,275,0,0,1
1510,4.1892,0.4452,255,275,0,0,1
1511,4.1109,0.6092,255,275,0,0,1
1512,4.1508,0.4371,254,275,0,0,1
1513,4.1824,0.3846,253,274,0,1,1
1514,4.1255,0.3188,252,273,0,1,1
1515,4.2374,0.4923,252,272,0,1,1
1516,4.289,0.7265,252,272,0,0,1
1517,4.4209,0.5379,252,272,0,0,1
1518,4.1896,0.5064,252,272,0,0,1
1519,3.73,0.4296,252,272,0,0,1
1520,4.2745,0.5442,251,272,0,0,1
1521,4.1195,0.4514,251,271,0,1,1
1522,4.1936,0.5736,251,271,0,0,1
1523,4.1017,0.4654,250,271,0,0,1
1524,4.1391,0.4151,249,270,0,1,1
1525,4.1523,0.3946,249,269,0,1,1
1526,4.1839,0.5114,249,269,0,0,1
1527,4.506,0.4726,248,269,0,0,1
1528,3.8906,0.58,248,268,0,1,1
1529,4.1413,0.6096,248,268,0,0,1
1530,4.1317,0.4285,248,268,0,0,1
1531,4.1702,0.4227,248,268,0,0,1
1532,4.1302,0.368,248,268,0,0,1
1533,4.1969,0.4145,248,268,0,0,1
1534,4.2095,0.3641,248,268,0,0,1
1535,4.1513,0.5144,247,268,0,0,1
1536,4.1837,0.7106,247,267,0,1,1
1537,4.1407,0.5546,247,267,0,0,1
1538,4.1473,0.333,245,267,0,0,1
1539,4.1969,0.5378,245,265,0,2,1
1540,4.2039,0.3632,245,265,0,0,1
1541,4.2671,0.6435,244,265,0,0,1
1542,4.2655,0.4588,242,264,0,1,1
1543,3.9028,0.394,241,262,0,2,1
1544,4.2212,0.5224,241,261,0,1,1
1545,4.1071,0.4536,241,261,0,0,1
1546,4.2278,0.5219,241,261,0,0,1
1547,4.1365,0.7835,240,261,0,0,1
1548,4.1882,0.4902,240,260,0,1,1
1549,4.5253,0.5349,239,260,0,0,1
1550,3.769,0.4106,239,259,0,1,1
1551,4.4943,0.3763,239,259,0,0,1
1552,3.9111,0.3494,238,259,0,0,1
1553,4.1518,0.5703,237,258,0,1,1
1554,4.1317,0.4401,236,257,0,1,1
1555,4.1445,0.5423,236,256,0,1,1
1556,4.2343,0.4618,236,256,0,0,1
1557,4.0913,0.3901,236,256,0,0,1
1558,4.2217,0.5205,236,256,0,0,1
1559,4.1215,0.6163,236,256,0,0,1
1560,4.2096,0.5465,235,256,0,0,1
1561,4.1338,0.4274,235,255,0,1,1
1562,4.1316,0.3279,235,255,0,0,1
1563,4.2635,0.4004,235,255,0,0,1
1564,4.1483,0.4273,235,255,0,0,1
1565,4.228,0.6068,235,255,0,0,1
1566,4.1626,0.5427,234,255,0,0,1
1567,4.05,0.4414,232,254,0,1,1
1568,4.1947,0.4081,231,252,0,2,1
1569,4.1616,0.3978,230,251,0,1,1
1570,4.2013,0.5064,230,250,0,1,1
1571,4.1684,0.7652,264,284,34,0,1
1572,4.1507,0.6979,264,284,0,0,1
1573,4.1169,0.6694,264,284,0,0,1
1574,4.1814,0.3685,264,284,0,0,1
1575,4.5216,0.5671,264,284,0,0,1
1576,3.8438,0.6085,264,284,0,0,1
1577,4.3527,0.3447,264,284,0,0,1
1578,4.0803,0.4103,263,284,0,0,1
1579,4.0949,0.7068,263,283,0,1,1
1580,4.4033,0.3836,263,283,0,0,1
1581,3.865,0.3406,263,283,0,0,1
1582,4.222,0.4195,255,283,0,0,1
1583,4.1435,0.413,255,275,0,8,1
1584,4.3519,0.321,255,275,0,0,1
1585,4.0677,0.5797,255,275,0,0,1
1586,4.066,0.3797,255,275,0,0,1
1587,4.1829,0.414,255,275,0,0,1
1588,4.1967,0.501,255,275,0,0,1
1589,4.1375,0.5086,255,275,0,0,1
1590,4.1794,0.4956,255,275,0,0,1
1591,4.0991,0.4685,255,275,0,0,1
1592,4.3775,0.5209,255,275,0,0,1
1593,3.9863,0.3615,255,275,0,0,1
1594,4.2315,0.4566,255,275,0,0,1
1595,4.1652,0.509,255,275,0,0,1
1596,4.0959,0.5715,255,275,0,0,1
1597,4.2112,0.5559,255,275,0,0,1
1598,4.1504,0.4514,254,275,0,0,1
1599,4.559,0.3855,254,274,0,1,1
1600,3.7599,0.3311,254,274,0,0,1
1601,4.145,0.4261,254,274,0,0,1
1602,4.1995,0.431,253,274,0,0,1
1603,4.6923,0.4045,253,273,0,1,1
1604,3.777,0.5703,253,273,0,0,1
1605,4.095,0.6169,253,273,0,0,1
1606,4.1064,0.3655,253,273,0,0,1
1607,4.2306,0.6661,253,273,0,0,1
1608,4.1544,0.4015,253,273,0,0,1
1609,4.1502,0.5329,252,273,0,0,1
1610,4.1079,0.4365,252,272,0,1,1
1611,4.1939,0.5355,252,272,0,0,1
1612,4.2783,0.3622,252,272,0,0,1
1613,4.1742,0.5015,252,272,0,0,1
1614,4.0503,0.3931,252,272,0,0,1
1615,4.1482,0.4353,252,272,0,0,1
1616,4.2634,0.4235,251,272,0,0,1
1617,4.1558,0.4186,251,271,0,1,1
1618,4.1258,0.3689,251,271,0,0,1
1619,4.1491,0.4702,251,271,0,0,1
1620,4.1488,0.4571,250,271,0,0,1
1621,4.3913,0.3454,250,270,0,1,1
1622,3.9059,0.4089,250,270,0,0,1
1623,4.619,0.4492,250,270,0,0,1
1624,3.7839,0.4488,250,270,0,0,1
1625,4.2406,0.4822,250,270,0,0,1
1626,4.0647,0.4478,250,270,0,0,1
1627,4.1384,0.3963,249,270,0,0,1
1628,4.2128,0.5355,249,269,0,1,1
1629,4.1361,0.4728,249,269,0,0,1
1630,4.2181,0.3596,249,269,0,0,1
1631,4.1853,0.5838,249,269,0,0,1
1632,4.2198,0.5438,249,269,0,0,1
1633,4.1011,0.3961,249,269,0,0,1
1634,4.0869,0.3278,248,269,0,0,1
1635,4.3517,0.7574,248,268,0,1,1
1636,4.0741,0.4253,248,268,0,0,1
1637,4.1729,0.3669,248,268,0,0,1
1638,4.1331,0.4678,248,268,0,0,1
1639,4.1314,0.5354,248,268,0,0,1
1640,4.3735,0.7818,247,268,0,0,1
1641,4.0124,0.5075,247,267,0,1,1
1642,4.0875,0.3645,247,267,0,0,1
1643,4.2447,0.5668,246,267,0,0,1
1644,4.1789,0.4968,245,266,0,1,1
1645,4.4032,0.6176,245,265,0,1,1
1646,3.9118,0.5467,244,265,0,0,1
1647,4.4733,0.4898,244,264,0,1,1
1648,3.9378,0.5906,244,264,0,0,1
1649,4.0955,0.4058,244,264,0,0,1
1650,4.1872,0.4933,244,264,0,0,1
1651,4.1164,0.5254,244,264,0,0,1
1652,4.2346,0.3237,244,264,0,0,1
1653,4.2573,0.4408,244,264,0,0,1
1654,4.0217,0.6161,244,264,0,0,1
1655,4.156,0.5496,278,298,34,0,1
1656,4.1126,0.7392,278,298,0,0,1
1657,4.1642,0.4808,278,298,0,0,1
1658,4.1824,0.3477,278,298,0,0,1
1659,4.2029,0.7445,278,298,0,0,1
1660,4.1489,0.7286,277,298,0,0,1
1661,4.2214,0.4978,277,297,0,1,1
1662,4.1646,0.4236,277,297,0,0,1
1663,4.1118,0.4261,277,297,0,0,1
1664,4.222,0.51,277,297,0,0,1
1665,4.1496,0.5028,277,297,0,0,1
1666,4.217,0.6395,270,297,0,0,1
1667,4.1058,0.4895,270,290,0,7,1
1668,4.1889,0.4873,270,290,0,0,1
1669,4.1723,0.4592,270,290,0,0,1
1670,4.0861,0.3243,270,290,0,0,1
1671,4.5199,0.3883,270,290,0,0,1
1672,3.8434,0.4287,270,290,0,0,1
1673,4.2235,0.3777,270,290,0,0,1
1674,4.1212,0.3743,269,290,0,0,1
1675,4.1673,0.5916,269,289,0,1,1
1676,4.629,0.4794,269,289,0,0,1
1677,3.6997,0.4178,269,289,0,0,1
1678,4.2077,0.5238,269,289,0,0,1
1679,4.1689,0.8148,269,289,0,0,1
1680,4.4673,0.6345,269,289,0,0,1
1681,4.1598,0.5278,268,289,0,0,1
1682,3.8277,0.4328,268,288,0,1,1
1683,4.2827,0.6696,266,288,0,0,1
1684,4.3064,0.3866,265,286,0,2,1
1685,3.9472,0.6621,265,285,0,1,1
1686,4.1812,0.5118,264,285,0,0,1
1687,5.1128,0.4791,263,284,0,1,1
1688,3.138,0.3698,262,283,0,1,1
1689,4.212,0.4331,262,282,0,1,1
1690,4.2246,0.6524,261,282,0,0,1
1691,4.1309,0.4249,261,281,0,1,1
1692,4.2901,0.5633,261,281,0,0,1
1693,4.0425,0.5124,261,281,0,0,1
1694,4.117,0.3516,261,281,0,0,1
1695,4.5161,0.4037,261,281,0,0,1
1696,3.9001,0.4542,260,281,0,0,1
1697,4.1613,0.6213,260,280,0,1,1
1698,4.1243,0.3385,260,280,0,0,1
1699,4.1242,0.4774,260,280,0,0,1
1700,4.1617,0.4275,259,280,0,0,1
1701,4.2332,0.3403,257,279,0,1,1
1702,4.1908,0.6248,257,277,0,2,1
1703,4.1307,0.5995,257,277,0,0,1
1704,4.2644,0.5688,257,277,0,0,1
1705,4.0787,0.4179,256,277,0,0,1
1706,4.1221,0.413,256,276,0,1,1
1707,4.4784,0.5666,255,276,0,0,1
1708,4.153,0.3317,255,275,0,1,1
1709,3.8769,0.5862,255,275,0,0,1
1710,4.2502,0.3713,255,275,0,0,1
1711,4.0908,0.3908,254,275,0,0,1
1712,4.235,0.5744,254,274,0,1,1
1713,4.097,0.3663,253,274,0,0,1
1714,4.2288,0.4018,253,273,0,1,1
1715,4.1232,0.4997,253,273,0,0,1
1716,4.2239,0.6254,253,273,0,0,1
1717,4.2108,0.5702,253,273,0,0,1
1718,4.0235,0.4217,253,273,0,0,1
1719,4.2766,0.6137,253,273,0,0,1
1720,4.4649,0.5644,253,273,0,0,1
1721,3.8822,0.7024,253,273,0,0,1
1722,4.0895,0.4906,253,273,0,0,1
1723,4.1917,0.5823,253,273,0,0,1
1724,4.1134,0.4344,252,273,0,0,1
1725,4.2057,0.3871,251,272,0,1,1
1726,4.5169,0.5384,249,271,0,1,1
1727,3.7119,0.6467,249,269,0,2,1
1728,4.3784,0.643,249,269,0,0,1
1729,4.0581,0.4567,249,269,0,0,1
1730,4.1265,0.424,249,269,0,0,1
1731,4.2449,0.4754,248,269,0,0,1
1732,4.1523,0.3815,248,268,0,1,1
1733,4.1715,0.4466,248,268,0,0,1
1734,4.1568,0.4727,248,268,0,0,1
1735,4.1151,0.5014,248,268,0,0,1
1736,4.1629,0.459,248,268,0,0,1
1737,4.2278,0.4094,248,268,0,0,1
1738,4.1425,0.3678,248,268,0,0,1
1739,4.2079,0.7217,282,302,34,0,1
1740,4.1931,0.6044,282,302,0,0,1
1741,4.0826,0.5465,282,302,0,0,1
1742,4.1366,0.3446,282,302,0,0,1
1743,4.3642,0.7233,282,302,0,0,1
1744,4.0534,0.5094,282,302,0,0,1
1745,4.1658,0.3876,282,302,0,0,1
1746,4.1892,0.4652,282,302,0,0,1
1747,4.0832,0.722,282,302,0,0,1
1748,4.4758,0.4251,282,302,0,0,1
1749,3.8671,0.401,282,302,0,0,1
1750,4.1965,0.5135,275,302,0,0,1
1751,4.1235,0.6809,275,295,0,7,1
1752,4.2222,0.4313,274,295,0,0,1
1753,4.1291,0.3777,274,294,0,1,1
1754,4.1381,0.4358,274,294,0,0,1
1755,4.3204,0.8942,274,294,0,0,1
1756,4.0858,0.4103,274,294,0,0,1
1757,4.1638,0.4502,274,294,0,0,1
1758,4.2156,0.7147,274,294,0,0,1
1759,4.0295,0.4916,273,294,0,0,1
1760,4.2146,0.467,273,293,0,1,1
1761,4.1656,0.4263,273,293,0,0,1
1762,4.1731,0.4639,272,293,0,0,1
1763,4.1387,0.6222,271,292,0,1,1
1764,4.2123,0.3982,271,291,0,1,1
1765,4.1704,0.4809,269,291,0,0,1
1766,4.1748,0.6433,269,289,0,2,1
1767,4.2688,0.4022,269,289,0,0,1
1768,4.0411,0.5457,269,289,0,0,1
1769,4.2008,0.4804,268,289,0,0,1
1770,4.1779,0.5028,268,288,0,1,1
1771,4.1047,0.3911,268,288,0,0,1
1772,4.3114,0.4278,266,288,0,0,1
1773,4.1004,0.4364,266,286,0,2,1
1774,4.1133,0.3737,266,286,0,0,1
1775,4.1635,0.5403,265,286,0,0,1
1776,4.2352,0.6056,265,285,0,1,1
1777,4.096,0.3897,265,285,0,0,1
1778,4.13,0.4327,265,285,0,0,1
1779,4.5316,0.6718,265,285,0,0,1
1780,3.9418,0.5317,265,285,0,0,1
1781,4.0952,0.5918,265,285,0,0,1
1782,4.1312,0.4416,265,285,0,0,1
1783,4.1505,0.6491,264,285,0,0,1
1784,4.2769,0.611,264,284,0,1,1
1785,4.3422,0.5121,263,284,0,0,1
1786,4.0303,0.7067,262,283,0,1,1
1787,4.0515,0.5611,261,282,0,1,1
1788,4.1988,0.3826,261,281,0,1,1
1789,4.1183,0.4417,261,281,0,0,1
1790,4.1476,0.3895,261,281,0,0,1
1791,4.29,0.3959,261,281,0,0,1
1792,4.1112,0.592,261,281,0,0,1
1793,4.163,0.4379,261,281,0,0,1
1794,4.1249,0.4065,261,281,0,0,1
1795,4.149,0.4758,260,281,0,0,1
1796,4.1681,0.4329,259,280,0,1,1
1797,4.1771,0.3421,259,279,0,1,1
1798,4.2156,0.7128,259,279,0,0,1
1799,4.2472,0.4958,258,279,0,0,1
1800,4.2873,0.4892,257,278,0,1,1
1801,3.9593,0.4978,257,277,0,1,1
1802,4.1295,0.4243,257,277,0,0,1
1803,4.1953,0.4832,257,277,0,0,1
1804,4.173,0.3654,257,277,0,0,1
1805,4.2148,0.5873,257,277,0,0,1
1806,4.1506,0.3736,257,277,0,0,1
1807,4.0849,0.529,256,277,0,0,1
1808,4.221,0.4582,255,276,0,1,1
1809,4.1183,0.4775,254,275,0,1,1
1810,4.1463,0.5313,253,274,0,1,1
1811,4.2411,0.8671,253,273,0,1,1
1812,4.2547,0.5541,253,273,0,0,1
1813,4.2486,0.3706,253,273,0,0,1
1814,3.9402,0.3963,252,273,0,0,1
1815,4.5043,0.6082,251,272,0,1,1
1816,3.833,0.3222,251,271,0,1,1
1817,4.2084,0.7647,250,271,0,0,1
1818,4.2776,0.6099,250,270,0,1,1
1819,4.1983,0.4062,250,270,0,0,1
1820,8.364,0.4705,250,270,0,0,1
1821,3.944,0.5296,250,270,0,0,1
1822,4.1627,0.5111,284,304,34,0,1
1823,4.3336,0.6318,284,304,0,0,1
1824,4.2497,0.5309,284,304,0,0,1
1825,3.9452,0.4035,284,304,0,0,1
1826,4.2186,0.6571,284,304,0,0,1
1827,4.1302,0.5933,283,304,0,0,1
1828,4.1481,0.6721,282,303,0,1,1
1829,4.2959,0.6287,280,302,0,1,1
1830,4.0378,0.3511,279,300,0,2,1
1831,4.1361,0.4,279,299,0,1,1
1832,4.2107,0.4811,279,299,0,0,1
1833,4.1445,0.4538,272,299,0,0,1
1834,4.1353,0.3643,271,292,0,7,1
1835,4.1938,0.4542,270,291,0,1,1
1836,4.4835,0.6178,269,290,0,1,1
1837,3.9279,0.3805,269,289,0,1,1
1838,4.6682,0.3675,269,289,0,0,1
1839,3.6096,0.4921,268,289,0,0,1
1840,4.1881,0.4043,268,288,0,1,1
1841,4.1153,0.4903,268,288,0,0,1
1842,4.2,0.4473,268,288,0,0,1
1843,4.9151,0.522,268,288,0,0,1
1844,3.4101,0.4418,268,288,0,0,1
1845,4.2182,0.3728,264,288,0,0,1
1846,4.2581,0.5003,264,284,0,4,1
1847,4.0164,0.4382,264,284,0,0,1
1848,4.2882,0.5882,264,284,0,0,1
1849,4.053,0.4388,263,284,0,0,1
1850,4.2245,0.7376,263,283,0,1,1
1851,4.1154,0.6722,263,283,0,0,1
1852,4.1533,0.4262,262,283,0,0,1
1853,4.0787,0.7682,262,282,0,1,1
1854,4.427,0.6886,262,282,0,0,1
1855,3.9978,0.3649,262,282,0,0,1
1856,4.1814,0.3405,262,282,0,0,1
1857,4.1407,0.4346,262,282,0,0,1
1858,4.1435,0.3646,262,282,0,0,1
1859,4.1904,0.3894,261,282,0,0,1
1860,4.1588,0.4294,261,281,0,1,1
1861,4.1721,0.4124,261,281,0,0,1
1862,4.1905,0.4986,261,281,0,0,1
1863,4.4462,0.4485,260,281,0,0,1
1864,3.9395,0.4695,260,280,0,1,1
1865,4.0995,0.5186,260,280,0,0,1
1866,4.1642,0.4974,260,280,0,0,1
1867,4.1258,0.4854,259,280,0,0,1
1868,4.2186,0.406,259,279,0,1,1
1869,4.188,0.3703,259,279,0,0,1
1870,4.1875,0.5209,259,279,0,0,1
1871,4.1593,0.7927,259,279,0,0,1
1872,4.1926,0.3728,258,279,0,0,1
1873,4.0796,0.3328,258,278,0,1,1
1874,4.3939,0.5288,257,278,0,0,1
1875,4.0244,0.5155,257,277,0,1,1
1876,4.1724,0.3693,256,277,0,0,1
1877,4.1198,0.4427,255,276,0,1,1
1878,4.1425,0.542,254,275,0,1,1
1879,4.5354,0.5844,254,274,0,1,1
1880,3.775,0.5004,254,274,0,0,1
1881,4.1939,0.4811,254,274,0,0,1
1882,4.1875,0.466,254,274,0,0,1
1883,4.4439,0.4063,253,274,0,0,1
1884,3.8847,0.4782,253,273,0,1,1
1885,4.1585,0.37,252,273,0,0,1
1886,4.3422,0.6074,252,272,0,1,1
1887,3.9965,0.5025,252,272,0,0,1
1888,4.1951,0.4961,252,272,0,0,1
1889,4.1498,0.381,250,272,0,0,1
1890,4.1406,0.5485,250,270,0,2,1
1891,4.172,0.4153,250,270,0,0,1
1892,4.1373,0.3201,250,270,0,0,1
1893,4.1778,0.4411,250,270,0,0,1
1894,4.2081,0.5002,249,270,0,0,1
1895,4.2291,0.4907,248,269,0,1,1
1896,4.072,0.469,248,268,0,1,1
1897,4.1387,0.3576,248,268,0,0,1
1898,4.2001,0.3565,247,268,0,0,1
1899,4.2356,0.6006,247,267,0,1,1
1900,4.1471,0.6731,247,267,0,0,1
1901,4.0819,0.3641,247,267,0,0,1
1902,4.207,0.4579,246,267,0,0,1
1903,4.1864,0.5177,246,266,0,1,1
1904,4.2251,0.3638,246,266,0,0,1
1905,4.17,0.5453,246,266,0,0,1
1906,4.1206,0.7119,280,300,34,0,1
1907,4.4736,0.6992,280,300,0,0,1
1908,3.7918,0.4172,280,300,0,0,1
1909,4.205,0.6194,279,300,0,0,1
1910,4.3626,0.5446,278,299,0,1,1
1911,4.0703,0.6442,278,298,0,1,1
1912,4.1368,0.4247,277,298,0,0,1
1913,4.1177,0.7013,277,297,0,1,1
1914,4.1347,0.522,277,297,0,0,1
1915,4.1682,0.4222,277,297,0,0,1
1916,4.3943,0.6112,277,297,0,0,1
1917,3.9803,0.4329,276,297,0,0,1
1918,4.1914,0.5586,269,296,0,1,1
1919,4.4149,0.5299,269,289,0,7,1
1920,3.9627,0.4595,269,289,0,0,1
1921,4.4168,0.4507,269,289,0,0,1
1922,4.0437,0.6918,268,289,0,0,1
1923,4.0403,0.7269,268,288,0,1,1
1924,4.1778,0.3896,268,288,0,0,1
1925,4.0908,0.7257,268,288,0,0,1
1926,4.1448,0.3859,268,288,0,0,1
1927,4.4423,0.5405,268,288,0,0,1
1928,3.8664,0.5434,268,288,0,0,1
1929,4.2258,0.7443,266,288,0,0,1
1930,4.0982,0.6337,266,286,0,2,1
1931,4.2341,0.4326,266,286,0,0,1
1932,4.1248,0.4317,265,286,0,0,1
1933,4.1668,0.3991,265,285,0,1,1
1934,4.1931,0.4106,265,285,0,0,1
1935,4.1724,0.4987,265,285,0,0,1
1936,4.1784,0.6388,265,285,0,0,1
1937,4.1116,0.3863,265,285,0,0,1
1938,4.1802,0.5198,262,285,0,0,1
1939,4.1287,0.4931,262,282,0,3,1
1940,4.213,0.3824,262,282,0,0,1
1941,4.2083,0.4885,261,282,0,0,1
1942,4.1886,0.807,261,281,0,1,1
1943,4.2173,0.6464,260,281,0,0,1
1944,4.0927,0.3863,260,280,0,1,1
1945,4.0841,0.402,259,280,0,0,1
1946,4.2155,0.5412,259,279,0,1,1
1947,4.2025,0.4047,259,279,0,0,1
1948,4.2439,0.3408,259,279,0,0,1
1949,4.08,0.5125,259,279,0,0,1
1950,4.1262,0.6283,259,279,0,0,1
1951,4.1567,0.3713,259,279,0,0,1
1952,4.1783,0.5337,259,279,0,0,1
1953,4.2155,0.5288,259,279,0,0,1
1954,4.1662,0.6202,259,279,0,0,1
1955,4.1046,0.4667,259,279,0,0,1
1956,4.2041,0.4529,259,279,0,0,1
1957,4.117,0.3236,258,279,0,0,1
1958,4.1458,0.4368,258,278,0,1,1
1959,4.2867,0.4961,257,278,0,0,1
1960,4.1032,0.4007,256,277,0,1,1
1961,4.1957,0.4843,254,276,0,1,1
1962,4.146,0.567,253,274,0,2,1
1963,4.1693,0.4403,253,273,0,1,1
1964,4.1774,0.3479,253,273,0,0,1
1965,4.1854,0.4726,253,273,0,0,1
1966,4.1714,0.5585,253,273,0,0,1
1967,4.351,0.5498,252,273,0,0,1
1968,3.948,0.4816,252,272,0,1,1
1969,4.1221,0.3963,251,272,0,0,1
1970,4.2996,0.3814,251,271,0,1,1
1971,4.1094,0.4746,249,271,0,0,1
1972,4.179,0.5693,246,269,0,2,1
1973,4.0893,0.4557,246,266,0,3,1
1974,4.1867,0.4573,246,266,0,0,1
1975,4.1754,0.7361,245,266,0,0,1
1976,4.1565,0.3257,245,265,0,1,1
1977,4.6115,0.4344,245,265,0,0,1
1978,3.7523,0.4286,244,265,0,0,1
1979,4.2005,0.5822,244,264,0,1,1
1980,4.143,0.5564,244,264,0,0,1
1981,4.1082,0.383,244,264,0,0,1
1982,4.5583,0.3796,244,264,0,0,1
1983,3.8672,0.5194,244,264,0,0,1
1984,4.1516,0.4985,244,264,0,0,1
1985,4.1748,0.4691,244,264,0,0,1
1986,4.1527,0.6495,244,264,0,0,1
1987,4.1309,0.3885,243,264,0,0,1
1988,4.1692,0.388,243,263,0,1,1
1989,4.2116,0.4647,243,263,0,0,1
1990,4.1596,0.5411,277,297,34,0,1
1991,4.1139,0.3811,277,297,0,0,1
1992,4.197,0.8371,277,297,0,0,1
1993,4.1027,0.4077,277,297,0,0,1
1994,4.3408,0.4876,277,297,0,0,1
1995,4.0908,0.4564,276,297,0,0,1
1996,4.1027,0.4292,276,296,0,1,1
1997,4.1932,0.428,276,296,0,0,1
1998,4.1842,0.651,276,296,0,0,1
1999,4.2239,0.5727,276,296,0,0,1
2000,4.049,0.4229,276,296,0,0,1
2001,4.1891,0.3794,269,296,0,0,1
2002,4.3506,0.4205,269,289,0,7,1
2003,4.3142,0.7526,269,289,0,0,1
2004,3.8521,0.5698,269,289,0,0,1
2005,4.1532,0.3639,269,289,0,0,1
2006,4.2172,0.3643,269,289,0,0,1
2007,4.1073,0.4971,269,289,0,0,1
2008,4.2249,0.4816,269,289,0,0,1
2009,4.1485,0.3785,268,289,0,0,1
2010,4.1338,0.6278,268,288,0,1,1
2011,4.1528,0.4612,268,288,0,0,1
2012,4.2293,0.3457,268,288,0,0,1
2013,4.1605,0.5253,268,288,0,0,1
2014,4.1382,0.5526,268,288,0,0,1
2015,4.2843,0.7051,268,288,0,0,1
2016,4.0155,0.4914,268,288,0,0,1
2017,4.1851,0.4178,268,288,0,0,1
2018,4.3261,0.6594,267,288,0,0,1
2019,4.0848,0.4669,266,287,0,1,1
2020,4.1224,0.4477,266,286,0,1,1
2021,4.1552,0.429,265,286,0,0,1
2022,4.1487,0.4261,264,285,0,1,1
2023,4.2247,0.3781,264,284,0,1,1
2024,4.1825,0.4493,264,284,0,0,1
2025,4.1156,0.5971,264,284,0,0,1
2026,4.1448,0.3649,264,284,0,0,1
2027,4.5026,0.6983,264,284,0,0,1
2028,3.8472,0.4668,264,284,0,0,1
2029,4.1229,0.3226,264,284,0,0,1
2030,4.1528,0.4857,263,284,0,0,1
2031,4.2384,0.5409,263,283,0,1,1
2032,4.1937,0.4948,263,283,0,0,1
2033,4.1302,0.5701,263,283,0,0,1
2034,4.1687,0.4619,263,283,0,0,1
2035,4.433,0.6576,262,283,0,0,1
2036,4.0294,0.3345,262,282,0,1,1
2037,4.0591,0.4159,260,282,0,0,1
2038,4.1938,0.5157,260,280,0,2,1
2039,4.1881,0.4375,260,280,0,0,1
2040,4.0853,0.5067,260,280,0,0,1
2041,4.148,0.4323,259,280,0,0,1
2042,4.2401,0.351,259,279,0,1,1
2043,4.1559,0.3909,259,279,0,0,1
2044,4.1645,0.4991,258,279,0,0,1
2045,4.1784,0.4026,256,278,0,1,1
2046,4.0997,0.367,254,276,0,2,1
2047,4.1802,0.4638,254,274,0,2,1
2048,4.1628,0.3675,254,274,0,0,1
2049,4.2583,0.5114,254,274,0,0,1
2050,4.1671,0.4709,252,274,0,0,1
2051,4.1166,0.654,251,272,0,2,1
2052,4.1461,0.323,251,271,0,1,1
2053,4.136,0.4072,250,271,0,0,1
2054,4.1881,0.3822,250,270,0,1,1
2055,4.2046,0.3833,249,270,0,0,1
2056,4.1665,0.4238,248,269,0,1,1
2057,4.2234,0.3622,247,268,0,1,1
2058,4.0659,0.6048,247,267,0,1,1
2059,4.1623,0.4418,247,267,0,0,1
2060,4.1496,0.4442,246,267,0,0,1
2061,4.1587,0.4308,246,266,0,1,1
2062,4.3609,0.6219,246,266,0,0,1
2063,4.0522,0.4189,245,266,0,0,1
2064,4.1835,0.4725,244,265,0,1,1
2065,4.0772,0.398,244,264,0,1,1
2066,4.2366,0.4746,244,264,0,0,1
2067,4.2212,0.4653,244,264,0,0,1
2068,4.1632,0.5566,244,264,0,0,1
2069,4.1447,0.3599,244,264,0,0,1
2070,4.1171,0.4264,243,264,0,0,1
2071,4.3092,0.4504,243,263,0,1,1
2072,4.0035,0.3961,243,263,0,0,1
2073,4.2571,0.6886,243,263,0,0,1
2074,4.1105,0.9428,277,297,34,0,1
2075,4.175,0.4217,277,297,0,0,1
2076,4.124,0.4297,277,297,0,0,1
2077,4.1292,0.3964,277,297,0,0,1
2078,4.1947,0.5506,277,297,0,0,1
2079,4.1699,0.4242,277,297,0,0,1
2080,4.2438,0.6888,276,297,0,0,1
2081,4.2096,0.5956,276,296,0,1,1
2082,4.093,0.7438,276,296,0,0,1
2083,4.162,0.4271,276,296,0,0,1
2084,4.1979,0.606,276,296,0,0,1
2085,4.1431,0.4879,269,296,0,0,1
2086,4.172,0.3781,269,289,0,7,1
2087,4.1645,0.5623,268,289,0,0,1
2088,4.0791,0.464,268,288,0,1,1
2089,4.1811,0.3357,268,288,0,0,1
2090,4.1734,0.3619,268,288,0,0,1
2091,4.2603,0.4932,268,288,0,0,1
2092,4.2485,0.6487,267,288,0,0,1
2093,4.0772,0.7217,267,287,0,1,1
2094,4.1232,0.4465,267,287,0,0,1
2095,4.1909,0.4822,267,287,0,0,1
2096,4.0874,0.4933,267,287,0,0,1
2097,4.1943,0.3528,267,287,0,0,1
2098,4.2707,0.6403,267,287,0,0,1
2099,4.1244,0.6331,266,287,0,0,1
2100,4.1901,0.5033,265,286,0,1,1
2101,4.088,0.4237,265,285,0,1,1
2102,4.1254,0.4414,265,285,0,0,1
2103,4.2318,0.399,265,285,0,0,1
2104,4.2035,0.6484,265,285,0,0,1
2105,4.1508,0.6343,265,285,0,0,1
2106,4.2805,0.6451,265,285,0,0,1
2107,3.9996,0.3886,265,285,0,0,1
2108,4.1857,0.4777,265,285,0,0,1
2109,4.2065,0.4703,265,285,0,0,1
2110,4.1404,0.4316,264,285,0,0,1
2111,4.1413,0.5479,264,284,0,1,1
2112,4.189,0.6122,262,284,0,0,1
2113,4.1407,0.3604,262,282,0,2,1
2114,4.2098,0.4603,261,282,0,0,1
2115,4.2136,0.5456,260,281,0,1,1
2116,4.0846,0.6652,259,280,0,1,1
2117,4.2277,0.3416,258,279,0,1,1
2118,4.1173,0.4499,257,278,0,1,1
2119,4.2102,0.4926,256,277,0,1,1
2120,4.1396,0.3676,256,276,0,1,1
2121,4.1551,0.4533,255,276,0,0,1
2122,4.1687,0.4702,255,275,0,1,1
2123,4.1737,0.3939,255,275,0,0,1
2124,4.3217,0.4818,255,275,0,0,1
2125,4.0412,0.6854,255,275,0,0,1
2126,4.1614,0.4234,254,275,0,0,1
2127,4.1412,0.4026,254,274,0,1,1
2128,4.2051,0.5252,254,274,0,0,1
2129,4.1437,0.4165,253,274,0,0,1
2130,4.1818,0.6552,253,273,0,1,1
2131,4.1152,0.4711,252,273,0,0,1
2132,4.1716,0.4716,252,272,0,1,1
2133,4.157,0.3339,252,272,0,0,1
2134,4.1983,0.8324,252,272,0,0,1
2135,4.1956,0.5349,252,272,0,0,1
2136,4.1749,0.6899,252,272,0,0,1
2137,4.0781,0.3329,252,272,0,0,1
2138,4.2471,0.4529,251,272,0,0,1
2139,4.1818,0.5672,251,271,0,1,1
2140,4.1536,0.3773,251,271,0,0,1
2141,4.1637,0.4729,251,271,0,0,1
2142,4.1418,0.5724,251,271,0,0,1
2143,4.1978,0.5765,250,271,0,0,1
2144,4.1738,0.4393,250,270,0,1,1
2145,4.3085,0.5445,250,270,0,0,1
2146,4.1049,0.4868,249,270,0,0,1
2147,4.0826,0.48,249,269,0,1,1
2148,4.0991,0.4198,249,269,0,0,1
2149,4.1418,0.3158,249,269,0,0,1
2150,4.2225,0.4618,249,269,0,0,1
2151,4.207,0.5166,249,269,0,0,1
2152,4.1663,0.4196,248,269,0,0,1
2153,4.0795,0.4412,248,268,0,1,1
2154,4.1755,0.4816,248,268,0,0,1
2155,4.1411,0.3714,248,268,0,0,1
2156,4.277,0.4428,248,268,0,0,1
2157,4.1635,0.4755,248,268,0,0,1
2158,4.1293,0.5265,282,302,34,0,1
2159,4.4487,0.6222,282,302,0,0,1
2160,3.905,0.7112,282,302,0,0,1
2161,4.1199,0.4371,281,302,0,0,1
2162,4.5176,0.6314,281,301,0,1,1
2163,3.9177,0.6179,281,301,0,0,1
2164,4.0486,0.4321,281,301,0,0,1
2165,4.2342,0.5657,280,301,0,0,1
2166,4.1215,0.4072,278,300,0,1,1
2167,4.1841,0.4019,278,298,0,2,1
2168,4.2032,0.4694,277,298,0,0,1
2169,4.1881,0.7116,270,297,0,1,1
2170,4.0747,0.6059,270,290,0,7,1
2171,4.2621,0.407,270,290,0,0,1
2172,4.1286,0.4702,270,290,0,0,1
2173,4.1342,0.3688,270,290,0,0,1
2174,4.1257,0.4012,270,290,0,0,1
2175,4.2472,0.3934,270,290,0,0,1
2176,4.1569,0.4703,270,290,0,0,1
2177,4.1779,0.447,270,290,0,0,1
2178,4.1158,0.3626,270,290,0,0,1
2179,4.1712,0.5978,269,290,0,0,1
2180,4.3758,0.4263,269,289,0,1,1
2181,4.0369,0.5671,269,289,0,0,1
2182,4.1555,0.4325,269,289,0,0,1
2183,4.3692,0.4485,269,289,0,0,1
2184,3.9643,0.4763,269,289,0,0,1
2185,4.0936,0.3352,267,289,0,0,1
2186,4.24,0.6956,267,287,0,2,1
2187,4.1516,0.4738,267,287,0,0,1
2188,4.1497,0.3461,266,287,0,0,1
2189,4.1649,0.4535,264,286,0,1,1
2190,4.106,0.4974,264,284,0,2,1
2191,4.239,0.4014,264,284,0,0,1
2192,4.1356,0.3501,264,284,0,0,1
2193,4.2008,0.7231,264,284,0,0,1
2194,4.2029,0.4539,263,284,0,0,1
2195,4.1231,0.6478,262,283,0,1,1
2196,4.1796,0.4921,262,282,0,1,1
2197,4.0862,0.4126,262,282,0,0,1
2198,4.1806,0.3788,262,282,0,0,1
2199,4.2569,0.4072,262,282,0,0,1
2200,4.1809,0.6813,262,282,0,0,1
2201,4.134,0.7262,262,282,0,0,1
2202,4.1193,0.3595,262,282,0,0,1
2203,4.1238,0.4165,262,282,0,0,1
2204,4.2277,0.4411,262,282,0,0,1
2205,4.2239,0.3301,262,282,0,0,1
2206,4.1356,0.5368,262,282,0,0,1
2207,4.2585,0.5085,261,282,0,0,1
2208,4.0391,0.4042,261,281,0,1,1
2209,4.1483,0.3624,259,281,0,0,1
2210,4.2009,0.4692,258,279,0,2,1
2211,4.2213,0.4447,257,278,0,1,1
2212,4.1043,0.6195,257,277,0,1,1
2213,4.2575,0.5314,257,277,0,0,1
2214,4.0729,0.4202,257,277,0,0,1
2215,4.1648,0.4015,257,277,0,0,1
2216,4.1598,0.5577,257,277,0,0,1
2217,4.4812,0.4568,257,277,0,0,1
2218,3.8708,0.4235,257,277,0,0,1
2219,4.3463,0.5667,257,277,0,0,1
2220,4.0019,0.4604,257,277,0,0,1
2221,4.0939,0.3587,257,277,0,0,1
2222,4.2076,0.366,256,277,0,0,1
2223,4.2291,0.5222,256,276,0,1,1
2224,4.1466,0.5429,256,276,0,0,1
2225,4.1463,0.4801,256,276,0,0,1
2226,4.3938,0.5593,256,276,0,0,1
2227,3.9269,0.4095,256,276,0,0,1
2228,4.1537,0.3337,256,276,0,0,1
2229,4.2113,0.5836,256,276,0,0,1
2230,4.2467,0.6545,256,276,0,0,1
2231,4.0809,0.6691,255,276,0,0,1
2232,4.2465,0.625,255,275,0,1,1
2233,4.0371,0.4256,255,275,0,0,1
2234,4.2345,0.4623,254,275,0,0,1
2235,4.1607,0.4744,254,274,0,1,1
2236,4.1699,0.5148,254,274,0,0,1
2237,4.1238,0.4813,253,274,0,0,1
2238,4.1686,0.3633,253,273,0,1,1
2239,4.2271,0.5196,253,273,0,0,1
2240,4.1106,0.5185,253,273,0,0,1
2241,4.1677,0.3769,253,273,0,0,1
2242,4.2309,0.6536,287,307,34,0,1
2243,4.3196,0.7209,287,307,0,0,1
2244,4.2734,0.601,287,307,0,0,1
2245,3.8245,0.3485,287,307,0,0,1
2246,4.1697,0.519,286,307,0,0,1
2247,4.2248,0.5382,286,306,0,1,1
2248,4.1444,0.3844,285,306,0,0,1
2249,4.1601,0.3815,285,305,0,1,1
2250,4.1401,0.696,285,305,0,0,1
2251,4.1672,0.5198,285,305,0,0,1
2252,4.1912,0.4367,285,305,0,0,1
2253,4.1662,0.3792,278,305,0,0,1
2254,4.1963,0.5367,278,298,0,7,1
2255,4.3733,0.7159,278,298,0,0,1
2256,3.9306,0.5223,277,298,0,0,1
2257,4.1159,0.3907,277,297,0,1,1
2258,4.2131,0.4915,277,297,0,0,1
2259,4.1785,0.507,277,297,0,0,1
2260,4.1953,0.3961,277,297,0,0,1
2261,4.1659,0.372,277,297,0,0,1
2262,4.1221,0.6551,276,297,0,0,1
2263,4.2336,0.6023,275,296,0,1,1
2264,4.1536,0.3601,275,295,0,1,1
2265,4.4089,0.4245,275,295,0,0,1
2266,3.8706,0.5056,275,295,0,0,1
2267,4.509,0.6396,275,295,0,0,1
2268,3.8243,0.4099,274,295,0,0,1
2269,4.1606,0.4202,274,294,0,1,1
2270,4.1102,0.4077,272,294,0,0,1
2271,4.2405,0.4253,272,292,0,2,1
2272,4.2107,0.434,271,292,0,0,1
2273,4.1311,0.4346,270,291,0,1,1
2274,4.1429,0.4936,270,290,0,1,1
2275,4.1401,0.5035,269,290,0,0,1
2276,4.2177,0.4296,268,289,0,1,1
2277,4.1919,0.6211,267,288,0,1,1
2278,4.1335,0.4344,267,287,0,1,1
2279,4.2168,0.4231,267,287,0,0,1
2280,4.1431,0.476,267,287,0,0,1
2281,4.1144,0.353,267,287,0,0,1
2282,4.276,0.6371,267,287,0,0,1
2283,4.1064,0.4925,266,287,0,0,1
2284,4.1702,0.4579,266,286,0,1,1
2285,4.1377,0.3674,265,286,0,0,1
2286,4.1573,0.4609,265,285,0,1,1
2287,4.2268,0.4403,263,285,0,0,1
2288,4.1143,0.3645,262,283,0,2,1
2289,4.165,0.4191,260,282,0,1,1
2290,4.1722,0.7225,260,280,0,2,1
2291,4.2008,0.5473,260,280,0,0,1
2292,4.3328,0.3892,260,280,0,0,1
2293,3.9191,0.4233,260,280,0,0,1
2294,4.3768,0.4015,260,280,0,0,1
2295,4.3117,0.3672,259,280,0,0,1
2296,3.8626,0.6588,259,279,0,1,1
2297,4.1977,0.4434,258,279,0,0,1
2298,4.1576,0.3617,256,278,0,1,1
2299,4.3281,0.5659,255,276,0,2,1
2300,3.9879,0.5548,255,275,0,1,1
2301,4.2681,0.597,255,275,0,0,1
2302,4.0524,0.4703,255,275,0,0,1
2303,4.4488,0.5876,255,275,0,0,1
2304,3.9196,0.39,255,275,0,0,1
2305,4.0906,0.3859,255,275,0,0,1
2306,4.1972,0.7205,255,275,0,0,1
2307,4.1965,0.3433,255,275,0,0,1
2308,4.5244,0.3353,254,275,0,0,1
2309,3.8039,0.4772,254,274,0,1,1
2310,4.1452,0.3782,254,274,0,0,1
2311,4.2227,0.3855,251,274,0,0,1
2312,4.1349,0.4192,251,271,0,3,1
2313,4.4696,0.3469,251,271,0,0,1
2314,3.8198,0.3746,250,271,0,0,1
2315,4.2291,0.6613,249,270,0,1,1
2316,4.0947,0.3918,249,269,0,1,1
2317,4.2258,0.3287,248,269,0,0,1
2318,4.1316,0.613,248,268,0,1,1
2319,4.2061,0.3388,248,268,0,0,1
2320,4.2544,0.6353,248,268,0,0,1
2321,4.0966,0.4735,248,268,0,0,1
2322,4.1587,0.5617,247,268,0,0,1
2323,4.0862,0.417,247,267,0,1,1
2324,4.3186,0.5278,247,267,0,0,1
2325,4.0941,0.5814,246,267,0,0,1
2326,4.2251,0.6711,280,300,34,1,1
2327,4.3289,0.5241,280,300,0,0,1
2328,3.8935,0.502,280,300,0,0,1
2329,4.1795,0.337,280,300,0,0,1
2330,4.2234,0.4224,279,300,0,0,1
2331,4.1481,0.5531,279,299,0,1,1
2332,4.508,0.4288,279,299,0,0,1
2333,3.8169,0.375,279,299,0,0,1
2334,4.1142,0.3907,278,299,0,0,1
2335,4.5878,0.4519,278,298,0,1,1
2336,3.7919,0.4181,278,298,0,0,1
2337,4.175,0.3825,271,298,0,0,1
2338,4.1636,0.7315,270,291,0,7,1
2339,4.1946,0.4614,269,290,0,1,1
2340,4.178,0.6539,269,289,0,1,1
2341,4.1244,0.3406,269,289,0,0,1
2342,4.1389,0.4759,269,289,0,0,1
2343,4.1751,0.4246,269,289,0,0,1
2344,4.2013,0.5598,269,289,0,0,1
2345,4.1512,0.5289,269,289,0,0,1
2346,4.152,0.4676,269,289,0,0,1
2347,4.1532,0.3952,268,289,0,0,1
2348,4.1782,0.4341,267,288,0,1,1
2349,4.2118,0.5292,267,287,0,1,1
2350,4.1391,0.5677,267,287,0,0,1
2351,4.1845,0.5898,267,287,0,0,1
2352,4.1491,0.4306,266,287,0,0,1
2353,4.1509,0.4237,266,286,0,1,1
2354,4.1895,0.8638,266,286,0,0,1
2355,4.1889,0.6854,266,286,0,0,1
2356,8.4994,0.5406,265,286,0,0,1
2357,4.2396,0.6418,265,285,0,1,1
2358,3.9359,0.4454,265,285,0,0,1
2359,4.1382,0.4355,264,285,0,0,1
2360,4.2831,0.5457,264,284,0,1,1
2361,4.2635,0.4347,264,284,0,0,1
2362,3.965,0.664,264,284,0,0,1
2363,4.1457,0.5947,264,284,0,0,1
2364,4.1676,0.477,263,284,0,0,1
2365,4.0883,0.3685,263,283,0,1,1
2366,4.2687,0.425,263,283,0,0,1
2367,4.3681,0.4444,263,283,0,0,1
2368,3.9646,0.6669,262,283,0,0,1
2369,4.1449,0.3401,262,282,0,1,1
2370,4.1151,0.3858,261,282,0,0,1
2371,4.2411,0.5463,261,281,0,1,1
2372,4.1477,0.4171,261,281,0,0,1
2373,4.2001,0.473,259,281,0,0,1
2374,4.1569,0.4925,259,279,0,2,1
2375,4.2602,0.6273,259,279,0,0,1
2376,4.0468,0.3458,258,279,0,0,1
2377,4.2039,0.6616,258,278,0,1,1
2378,4.148,0.4888,256,278,0,0,1
2379,4.4068,0.4464,256,276,0,2,1
2380,3.9462,0.3318,255,276,0,0,1
2381,4.1615,0.7071,255,275,0,1,1
2382,4.2295,0.75,255,275,0,0,1
2383,4.0868,0.5709,255,275,0,0,1
2384,4.1307,0.4612,255,275,0,0,1
2385,4.2216,0.4528,255,275,0,0,1
2386,4.4559,0.3649,255,275,0,0,1
2387,3.8193,0.3736,255,275,0,0,1
2388,4.159,0.4247,255,275,0,0,1
2389,4.2341,0.3837,255,275,0,0,1
2390,4.1528,0.4449,254,275,0,0,1
2391,4.1977,0.5046,253,274,0,1,1
2392,4.1278,0.41,253,273,0,1,1
2393,4.1577,0.3216,253,273,0,0,1
2394,4.1593,0.4623,252,273,0,0,1
2395,4.2264,0.4441,252,272,0,1,1
2396,4.1314,0.3724,252,272,0,0,1
2397,4.1721,0.4945,251,272,0,0,1
2398,4.4319,0.4309,251,271,0,1,1
2399,3.972,0.6183,250,271,0,0,1
2400,4.0332,0.4054,249,270,0,1,1
2401,4.3112,0.4663,249,269,0,1,1
2402,4.0691,0.375,249,269,0,0,1
2403,4.5007,0.5904,249,269,0,0,1
2404,3.8332,0.5199,249,269,0,0,1
2405,4.1606,0.3485,249,269,0,0,1
2406,4.3334,0.5427,249,269,0,0,1
2407,4.0591,0.4249,249,269,0,0,1
2408,4.2131,0.4323,249,269,0,0,1
2409,4.0734,0.6979,283,303,34,0,1
2410,4.2132,0.5377,282,303,0,0,1
2411,4.1227,0.5697,281,302,0,1,1
2412,4.1216,0.3733,280,301,0,1,1
2413,4.1902,0.4036,280,300,0,1,1
2414,4.2031,0.4054,279,300,0,0,1
2415,4.2006,0.5057,278,299,0,1,1
2416,4.1521,0.4878,278,298,0,1,1
2417,4.1677,0.4028,278,298,0,0,1
2418,4.0608,0.5261,278,298,0,0,1
2419,4.2486,0.4766,278,298,0,0,1
2420,4.2054,0.7269,271,298,0,0,1
2421,4.1718,0.3893,271,291,0,7,1
2422,4.1632,0.5164,271,291,0,0,1
2423,4.3715,0.4315,270,291,0,0,1
2424,3.8938,0.4168,270,290,0,1,1
2425,4.2566,0.5315,269,290,0,0,1
2426,4.0404,0.4773,269,289,0,1,1
2427,4.3119,0.4911,269,289,0,0,1
2428,4.1391,0.3915,269,289,0,0,1
2429,4.0857,0.4599,269,289,0,0,1
2430,4.1861,0.518,269,289,0,0,1
2431,4.1483,0.417,269,289,0,0,1
2432,4.1628,0.3794,269,289,0,0,1
2433,4.2228,0.5171,267,289,0,0,1
2434,4.1472,0.6964,266,287,0,2,1
2435,4.1523,0.4018,266,286,0,1,1
2436,4.1554,0.4008,265,286,0,0,1
2437,4.1486,0.4465,265,285,0,1,1
2438,4.2904,0.7293,265,285,0,0,1
2439,4.1507,0.4607,263,285,0,0,1
2440,4.1025,0.6659,263,283,0,2,1
2441,4.1486,0.4209,263,283,0,0,1
2442,4.1589,0.3718,263,283,0,0,1
2443,4.1983,0.4501,263,283,0,0,1
2444,4.2832,0.6909,263,283,0,0,1
2445,4.2262,0.6369,263,283,0,0,1
2446,4.3374,0.5528,262,283,0,0,1
2447,4.2328,0.4566,262,282,0,1,1
2448,3.7284,0.4144,261,282,0,0,1
2449,4.341,0.3557,261,281,0,1,1
2450,3.9411,0.4678,261,281,0,0,1
2451,4.5693,0.4316,261,281,0,0,1
2452,4.0705,0.5186,261,281,0,0,1
2453,4.0679,0.3375,261,281,0,0,1
2454,4.0402,0.4612,261,281,0,0,1
2455,4.1356,0.3852,261,281,0,0,1
2456,4.6098,0.3493,261,281,0,0,1
2457,3.8881,0.4552,261,281,0,0,1
2458,4.1059,0.5489,261,281,0,0,1
2459,4.1007,0.379,261,281,0,0,1
2460,4.151,0.4478,259,281,0,0,1
2461,4.1324,0.5599,259,279,0,2,1
2462,4.2415,0.383,259,279,0,0,1
2463,4.4138,0.5726,258,279,0,0,1
2464,4.0086,0.6873,257,278,0,1,1
2465,4.3544,0.6197,256,277,0,1,1
2466,3.8434,0.3921,254,276,0,1,1
2467,4.1716,0.5415,254,274,0,2,1
2468,4.4472,0.6258,253,274,0,0,1
2469,3.8652,0.3803,253,273,0,1,1
2470,4.2665,0.7351,252,273,0,0,1
2471,4.463,0.6429,252,272,0,1,1
2472,3.7688,0.3711,252,272,0,0,1
2473,4.2745,0.3933,251,272,0,0,1
2474,4.0999,0.4447,249,271,0,1,1
2475,4.1962,0.5618,248,269,0,2,1
2476,4.1625,0.418,248,268,0,1,1
2477,4.2826,0.4209,247,268,0,0,1
2478,4.0518,0.4539,246,267,0,1,1
2479,4.0836,0.4219,245,266,0,1,1
2480,4.2354,0.6413,245,265,0,1,1
2481,4.1557,0.3566,245,265,0,0,1
2482,4.2118,0.6176,245,265,0,0,1
2483,4.1485,0.7699,245,265,0,0,1
2484,4.1501,0.5056,245,265,0,0,1
2485,4.1224,0.4353,245,265,0,0,1
2486,4.1969,0.3939,245,265,0,0,1
2487,4.1634,0.3899,245,265,0,0,1
2488,4.2002,0.4549,245,265,0,0,1
2489,4.1249,0.3629,245,265,0,0,1
2490,4.1366,0.645,245,265,0,0,1
2491,4.5112,0.4165,245,265,0,0,1
2492,3.9005,0.4167,245,265,0,0,1
2493,4.1257,0.4359,279,299,34,0,1
2494,4.2242,0.7545,278,299,0,0,1
2495,4.0705,0.5513,278,298,0,1,1
2496,4.5484,0.3932,278,298,0,0,1
2497,3.8353,0.4347,278,298,0,0,1
2498,4.1523,0.5335,278,298,0,0,1
2499,4.56,0.4369,278,298,0,0,1
2500,3.79,0.5935,278,298,0,0,1
2501,4.1813,0.5365,277,298,0,0,1
2502,4.1333,0.6145,277,297,0,1,1
2503,4.1847,0.4292,277,297,0,0,1
2504,4.205,0.3387,270,297,0,0,1
2505,4.1911,0.4777,270,290,0,7,1
2506,4.0723,0.4494,269,290,0,0,1
2507,4.2153,0.5949,269,289,0,1,1
2508,4.1149,0.3309,269,289,0,0,1
2509,4.1368,0.3912,269,289,0,0,1
2510,4.2147,0.4552,269,289,0,0,1
2511,4.2262,0.6139,269,289,0,0,1
2512,4.1536,0.5011,269,289,0,0,1
2513,4.1794,0.7431,269,289,0,0,1
2514,4.2388,0.6245,269,289,0,0,1
2515,4.0903,0.6241,269,289,0,0,1
2516,4.1716,0.4872,269,289,0,0,1
2517,4.1863,0.54,269,289,0,0,1
2518,4.0757,0.3695,269,289,0,0,1
2519,4.1806,0.5898,268,289,0,0,1
2520,4.1459,0.4475,268,288,0,1,1
2521,4.2113,0.4181,268,288,0,0,1
2522,4.1969,0.4492,268,288,0,0,1
2523,4.3935,0.5036,268,288,0,0,1
2524,3.8869,0.5353,268,288,0,0,1
2525,4.1544,0.3629,268,288,0,0,1
2526,4.2371,0.6209,267,288,0,0,1
2527,4.0901,0.4271,266,287,0,1,1
2528,4.1625,0.3921,265,286,0,1,1
2529,4.2029,0.4305,264,285,0,1,1
2530,4.4456,0.6562,263,284,0,1,1
2531,3.8529,0.3771,263,283,0,1,1
2532,4.26,0.3292,262,283,0,0,1
2533,4.2159,0.6416,262,282,0,1,1
2534,4.1095,0.5676,262,282,0,0,1
2535,4.1413,0.4407,261,282,0,0,1
2536,4.1565,0.5415,261,281,0,1,1
2537,4.2482,0.5759,261,281,0,0,1
2538,4.5465,0.5261,260,281,0,0,1
2539,3.81,1.5442,259,280,0,1,1
2540,4.7933,0.557,259,279,0,1,1
2541,3.7076,0.5237,259,279,0,0,1
2542,3.8944,0.434,259,279,0,0,1
2543,4.2014,0.4518,258,279,0,0,1
2544,4.1817,0.5119,257,278,0,1,1
2545,4.1463,0.3835,257,277,0,1,1
2546,4.1668,0.5509,256,277,0,0,1
2547,4.4468,0.5507,254,276,0,1,1
2548,3.8991,0.4922,252,274,0,2,1
2549,4.1071,0.4585,251,272,0,2,1
2550,4.0948,0.8602,251,271,0,1,1
2551,4.2321,0.3406,251,271,0,0,1
2552,4.1652,0.4641,250,271,0,0,1
2553,4.1813,0.4106,250,270,0,1,1
2554,4.1145,0.3646,250,270,0,0,1
2555,4.2011,0.4268,250,270,0,0,1
2556,4.1497,0.3609,250,270,0,0,1
2557,4.1823,0.4912,249,270,0,0,1
2558,4.1748,0.4688,248,269,0,1,1
2559,4.2039,0.4291,248,268,0,1,1
2560,4.0836,0.3837,248,268,0,0,1
2561,4.2003,0.442,245,268,0,0,1
2562,4.3621,0.4012,244,265,0,3,1
2563,4.0445,0.4022,244,264,0,1,1
2564,4.2461,0.6105,243,264,0,0,1
2565,4.0347,0.3623,243,263,0,1,1
2566,4.1199,0.3583,243,263,0,0,1
2567,4.1577,0.5036,243,263,0,0,1
2568,4.2153,0.3259,243,263,0,0,1
2569,4.1734,0.4416,243,263,0,0,1
2570,4.1362,0.3976,243,263,0,0,1
2571,4.194,0.3558,242,263,0,0,1
2572,4.0825,0.5897,241,262,0,1,1
2573,4.2412,0.4214,241,261,0,1,1
2574,4.1507,0.3547,241,261,0,0,1
2575,4.2177,0.4384,240,261,0,0,1
2576,4.1223,0.6034,240,260,0,1,1
2577,4.2222,0.4983,274,294,34,0,1
2578,4.1432,0.5501,274,294,0,0,1
2579,4.1558,0.5386,273,294,0,0,1
2580,4.1735,0.3808,273,293,0,1,1
2581,4.2176,0.5033,272,293,0,0,1
2582,4.1651,0.4814,272,292,0,1,1
2583,4.3667,0.5512,272,292,0,0,1
2584,3.9387,0.427,272,292,0,0,1
2585,4.2083,0.5062,272,292,0,0,1
2586,4.3705,0.5841,272,292,0,0,1
2587,3.9044,0.3751,272,292,0,0,1
2588,4.2251,0.5171,265,292,0,0,1
2589,4.1798,0.7324,265,285,0,7,1
2590,4.2191,0.4864,265,285,0,0,1
2591,4.0557,0.3398,265,285,0,0,1
2592,4.1096,0.4207,265,285,0,0,1
2593,4.2238,0.4351,264,285,0,0,1
2594,4.1176,0.4531,264,284,0,1,1
2595,4.3394,0.351,263,284,0,0,1
2596,4.064,0.4814,263,283,0,1,1
2597,4.1131,0.3687,263,283,0,0,1
2598,4.1727,0.4192,263,283,0,0,1
2599,4.1609,0.4324,263,283,0,0,1
2600,4.1067,0.3708,262,283,0,0,1
2601,4.195,0.3924,262,282,0,1,1
2602,4.224,0.4411,262,282,0,0,1
2603,4.1986,0.4682,262,282,0,0,1
2604,4.1681,0.5116,262,282,0,0,1
2605,4.1432,0.4635,261,282,0,0,1
2606,4.1118,0.4602,260,281,0,1,1
2607,4.2115,0.5031,260,280,0,1,1
2608,4.2828,0.6009,260,280,0,0,1
2609,4.0809,0.5263,259,280,0,0,1
2610,4.1753,0.4888,259,279,0,1,1
2611,4.1281,0.3796,259,279,0,0,1
2612,4.1633,0.4373,259,279,0,0,1
2613,4.32,0.5421,259,279,0,0,1
2614,4.0885,0.5143,259,279,0,0,1
2615,4.126,0.4853,259,279,0,0,1
2616,4.092,0.4166,258,279,0,0,1
2617,4.6006,0.3543,258,278,0,1,1
2618,3.8344,0.3972,257,278,0,0,1
2619,4.2566,0.4191,257,277,0,1,1
2620,3.977,0.5429,257,277,0,0,1
2621,4.236,0.5239,257,277,0,0,1
2622,4.1819,0.5087,257,277,0,0,1
2623,4.1225,0.3992,257,277,0,0,1
2624,4.2248,0.4922,257,277,0,0,1
2625,4.148,0.4784,257,277,0,0,1
2626,4.111,0.5956,257,277,0,0,1
2627,4.344,0.5619,257,277,0,0,1
2628,3.9952,0.4357,256,277,0,0,1
2629,4.2192,0.4675,256,276,0,1,1
2630,4.1491,0.4076,256,276,0,0,1
2631,4.1931,0.4425,255,276,0,0,1
2632,4.2977,0.4594,255,275,0,1,1
2633,3.9768,0.3408,255,275,0,0,1
2634,4.2295,0.4153,253,275,0,0,1
2635,4.1132,0.5028,253,273,0,2,1
2636,4.228,0.391,253,273,0,0,1
2637,4.1111,0.4095,253,273,0,0,1
2638,4.3966,0.7197,253,273,0,0,1
2639,3.989,0.6118,253,273,0,0,1
2640,4.0675,0.343,253,273,0,0,1
2641,4.2529,0.4973,253,273,0,0,1
2642,4.1493,0.4073,253,273,0,0,1
2643,4.3424,0.3953,252,273,0,0,1
2644,4.0173,0.5386,252,272,0,1,1
2645,4.094,0.5578,252,272,0,0,1
2646,4.2126,0.5803,252,272,0,0,1
2647,4.1833,0.4146,251,272,0,0,1
2648,4.0641,0.3647,251,271,0,1,1
2649,4.2383,0.4495,250,271,0,0,1
2650,4.3707,0.6521,250,270,0,1,1
2651,3.9288,0.3807,250,270,0,0,1
2652,4.1882,0.3267,250,270,0,0,1
2653,4.4118,0.652,250,270,0,0,1
2654,3.9074,0.5896,250,270,0,0,1
2655,4.2431,0.3665,250,270,0,0,1
2656,4.155,0.4793,250,270,0,0,1
2657,4.119,0.5068,249,270,0,0,1
2658,4.4607,0.6337,248,269,0,1,1
2659,3.9252,0.6997,248,268,0,1,1
2660,4.158,0.4344,248,268,0,0,1
2661,4.1443,0.5061,282,302,34,0,1
2662,4.4755,0.3961,282,302,0,0,1
2663,3.8867,0.7165,282,302,0,0,1
2664,4.1116,0.3799,282,302,0,0,1
2665,4.2932,0.6904,281,302,0,0,1
2666,4.0691,0.4083,281,301,0,1,1
2667,4.1211,0.4566,281,301,0,0,1
2668,4.2121,0.4385,281,301,0,0,1
2669,4.1328,0.3585,280,301,0,0,1
2670,4.1777,0.5274,280,300,0,1,1
2671,4.1671,0.4305,279,300,0,0,1
2672,4.2662,0.3766,272,299,0,1,1
2673,4.0744,0.4414,272,292,0,7,1
2674,4.1505,0.4485,272,292,0,0,1
2675,4.4623,0.4096,272,292,0,0,1
2676,3.8777,0.5594,272,292,0,0,1
2677,4.2954,0.6758,272,292,0,0,1
2678,4.0657,0.4676,272,292,0,0,1
2679,4.1703,0.6287,272,292,0,0,1
2680,4.1596,0.3999,272,292,0,0,1
2681,4.1274,0.4477,272,292,0,0,1
2682,4.4141,0.4452,271,292,0,0,1
2683,4.1083,0.3598,271,291,0,1,1
2684,4.1246,0.5844,270,291,0,0,1
2685,4.0622,0.6827,270,290,0,1,1
2686,4.1576,0.5873,269,290,0,0,1
2687,4.453,0.345,268,289,0,1,1
2688,3.8376,0.4591,268,288,0,1,1
2689,4.2213,0.7148,268,288,0,0,1
2690,4.1499,0.3663,268,288,0,0,1
2691,4.18,0.3297,268,288,0,0,1
2692,4.1709,0.4461,268,288,0,0,1
2693,4.1289,0.453,268,288,0,0,1
2694,4.2035,0.574,268,288,0,0,1
2695,4.1097,0.4133,268,288,0,0,1
2696,4.1976,0.4179,267,288,0,0,1
2697,4.2163,0.6188,267,287,0,1,1
2698,4.4216,0.5334,267,287,0,0,1
2699,3.8124,0.5964,266,287,0,0,1
2700,4.1927,0.3847,264,286,0,1,1
2701,4.1778,0.4284,264,284,0,2,1
2702,4.1649,0.4278,263,284,0,0,1
2703,4.6265,0.6344,262,283,0,1,1
2704,4.135,0.5668,261,282,0,1,1
2705,3.8355,0.6375,261,281,0,1,1
2706,4.3867,0.6653,259,281,0,0,1
2707,3.8694,0.4448,259,279,0,2,1
2708,4.396,0.5833,259,279,0,0,1
2709,4.0916,0.5717,259,279,0,0,1
2710,4.0448,0.6119,258,279,0,0,1
2711,4.1214,0.3271,258,278,0,1,1
2712,4.1599,0.4789,258,278,0,0,1
2713,4.2379,0.4844,258,278,0,0,1
2714,4.0958,0.4143,257,278,0,0,1
2715,4.3923,0.4036,256,277,0,1,1
2716,4.0916,0.6048,255,276,0,1,1
2717,3.9659,0.3246,255,275,0,1,1
2718,4.4759,0.5062,255,275,0,0,1
2719,3.8418,0.3315,255,275,0,0,1
2720,4.3091,0.2998,255,275,0,0,1
2721,4.2038,0.5329,255,275,0,0,1
2722,3.9806,0.3519,254,275,0,0,1
2723,4.1879,0.4862,254,274,0,1,1
2724,4.1589,0.3312,254,274,0,0,1
2725,4.4336,0.3747,254,274,0,0,1
2726,3.8819,0.3207,254,274,0,0,1
2727,4.1879,0.4053,253,274,0,0,1
2728,4.4838,0.6238,253,273,0,1,1
2729,4.1556,0.4814,253,273,0,0,1
2730,3.8321,0.2884,253,273,0,0,1
2731,4.183,0.3315,253,273,0,0,1
2732,4.4175,0.4271,253,273,0,0,1
2733,4.1122,0.4555,252,273,0,0,1
2734,3.957,0.6021,252,272,0,1,1
2735,4.4301,0.5386,252,272,0,0,1
2736,3.8906,0.2568,251,272,0,0,1
2737,4.202,0.3535,251,271,0,1,1
2738,4.184,0.4662,250,271,0,0,1
2739,4.3643,0.2862,250,270,0,1,1
2740,4.0512,0.4953,250,270,0,0,1
2741,4.0899,0.5066,250,270,0,0,1
2742,4.2445,0.3837,249,270,0,0,1
2743,4.0419,0.3282,249,269,0,1,1
2744,4.1626,0.3337,249,269,0,0,1
2745,4.3183,0.4653,283,303,34,0,1
2746,4.0408,0.5019,283,303,0,0,1
2747,4.3014,0.5592,283,303,0,0,1
2748,4.0402,0.3236,283,303,0,0,1
2749,4.1231,0.4845,283,303,0,0,1
2750,4.3424,0.4349,283,303,0,0,1
2751,4.1481,0.4094,283,303,0,0,1
2752,4.2034,0.3368,283,303,0,0,1
2753,4.0346,0.4592,283,303,0,0,1
2754,4.2562,0.4169,282,303,0,0,1
2755,4.1017,0.4342,282,302,0,1,1
2756,4.263,0.4469,275,302,0,0,1
2757,4.0764,0.4673,275,295,0,7,1
2758,4.1942,0.4211,274,295,0,0,1
2759,4.2602,0.6355,273,294,0,1,1
2760,3.9734,0.3581,273,293,0,1,1
2761,4.2942,0.5548,272,293,0,0,1
2762,4.1934,0.4333,272,292,0,1,1
2763,4.3852,0.389,272,292,0,0,1
2764,3.9618,0.4473,272,292,0,0,1
2765,4.0317,0.5498,272,292,0,0,1
2766,4.3603,0.5161,272,292,0,0,1
2767,3.9569,0.3482,272,292,0,0,1
2768,4.1451,0.2845,272,292,0,0,1
2769,4.3021,0.4574,272,292,0,0,1
2770,4.2102,0.5013,272,292,0,0,1
2771,4.0295,0.3516,272,292,0,0,1
2772,4.1607,0.2642,271,292,0,0,1
2773,4.2071,0.5359,271,291,0,1,1
2774,4.3019,0.5911,270,291,0,0,1
2775,4.0197,0.4391,269,290,0,1,1
2776,4.314,0.2866,268,289,0,1,1
2777,3.9993,0.3954,268,288,0,1,1
2778,4.1314,0.3591,268,288,0,0,1
2779,4.2867,0.4178,268,288,0,0,1
2780,4.1237,0.4051,268,288,0,0,1
2781,4.2183,0.5122,268,288,0,0,1
2782,4.031,0.331,267,288,0,0,1
2783,4.2637,0.4498,267,287,0,1,1
2784,4.075,0.33,266,287,0,0,1
2785,4.1238,0.4986,265,286,0,1,1
2786,4.4693,0.4683,265,285,0,1,1
2787,3.9051,0.2918,265,285,0,0,1
2788,4.3244,0.5064,265,285,0,0,1
2789,4.0857,0.3561,265,285,0,0,1
2790,4.1322,0.4561,265,285,0,0,1
2791,4.1213,0.3312,264,285,0,0,1
2792,4.1885,0.3328,264,284,0,1,1
2793,4.2833,0.4958,262,284,0,0,1
2794,4.2143,0.3995,262,282,0,2,1
2795,4.1182,0.4066,262,282,0,0,1
2796,4.0523,0.3325,262,282,0,0,1
2797,4.2956,0.4745,262,282,0,0,1
2798,4.0312,0.3678,262,282,0,0,1
2799,4.331,0.483,261,282,0,0,1
2800,4.1229,0.3927,261,281,0,1,1
2801,4.1304,0.3993,260,281,0,0,1
2802,4.0761,0.4395,260,280,0,1,1
2803,4.2358,0.3234,260,280,0,0,1
2804,4.2722,0.4081,260,280,0,0,1
2805,4.1922,0.5122,259,280,0,0,1
2806,4.4537,0.3812,259,279,0,1,1
2807,4.0916,0.5579,259,279,0,0,1
2808,3.7981,0.4112,259,279,0,0,1
2809,4.6072,0.5708,257,279,0,0,1
2810,3.8156,0.3312,257,277,0,2,1
2811,4.1387,0.4066,257,277,0,0,1
2812,4.2698,0.4627,257,277,0,0,1
2813,4.09,0.3482,257,277,0,0,1
2814,4.1743,0.3889,257,277,0,0,1
2815,4.1313,0.4008,256,277,0,0,1
2816,4.2368,0.3644,256,276,0,1,1
2817,4.4665,0.5682,256,276,0,0,1
2818,3.9046,0.6054,256,276,0,0,1
2819,4.115,0.5286,256,276,0,0,1
2820,4.109,0.325,256,276,0,0,1
2821,4.2983,0.4436,256,276,0,0,1
2822,4.0952,0.4088,256,276,0,0,1
2823,4.1483,0.3649,255,276,0,0,1
2824,4.1967,0.4996,254,275,0,1,1
2825,4.251,0.5081,254,274,0,1,1
2826,4.0449,0.3639,252,274,0,0,1
2827,4.2268,0.4437,251,272,0,2,1
2828,4.1883,0.6645,251,271,0,1,1
2829,4.1792,0.5763,285,305,34,0,1
2830,4.1209,0.4286,284,305,0,0,1
2831,4.0846,0.4937,284,304,0,1,1
2832,4.1807,0.4362,284,304,0,0,1
2833,4.3088,0.4237,284,304,0,0,1
2834,4.059,0.3837,283,304,0,0,1
2835,4.1191,0.4608,283,303,0,1,1
2836,4.2105,0.4269,283,303,0,0,1
2837,4.2005,0.3737,283,303,0,0,1
2838,4.1302,0.3925,281,303,0,0,1
2839,4.1396,0.4413,281,301,0,2,1
2840,4.1519,0.3729,272,301,0,0,1
2841,4.3905,0.6292,272,292,0,9,1
2842,4.0449,0.4197,272,292,0,0,1
2843,4.1457,0.5062,271,292,0,0,1
2844,4.1155,0.3926,271,291,0,1,1
2845,4.2672,0.3889,270,291,0,0,1
2846,4.0552,0.4499,270,290,0,1,1
2847,4.2684,0.5942,270,290,0,0,1
2848,4.0844,0.4059,270,290,0,0,1
2849,4.3399,0.5543,269,290,0,0,1
2850,4.0564,0.4914,268,289,0,1,1
2851,4.0957,0.5243,268,288,0,1,1
2852,4.1784,0.6378,268,288,0,0,1
2853,4.2544,0.3849,266,288,0,0,1
2854,4.1093,0.5087,266,286,0,2,1
2855,4.1321,0.3974,265,286,0,0,1
2856,4.1238,0.4899,265,285,0,1,1
2857,4.5729,1.1519,265,285,0,0,1
2858,3.7881,0.385,264,285,0,0,1
2859,4.1582,0.3244,264,284,0,1,1
2860,4.2089,0.3175,264,284,0,0,1
2861,4.1707,0.3659,263,284,0,0,1
2862,4.1519,0.3594,263,283,0,1,1
2863,4.1807,0.302,263,283,0,0,1
2864,4.0814,0.3902,263,283,0,0,1
2865,4.3303,0.4443,263,283,0,0,1
2866,4.1147,0.4165,263,283,0,0,1
2867,4.1621,0.5355,263,283,0,0,1
2868,4.1907,0.3241,263,283,0,0,1
2869,4.4911,0.3771,263,283,0,0,1
2870,3.8244,0.6586,263,283,0,0,1
2871,4.1761,0.6904,263,283,0,0,1
2872,4.2126,0.3868,263,283,0,0,1
2873,4.2594,0.3591,261,283,0,0,1
2874,4.0248,0.4054,261,281,0,2,1
2875,4.113,0.4279,260,281,0,0,1
2876,4.1573,0.3956,259,280,0,1,1
2877,4.277,0.4029,259,279,0,1,1
2878,4.5091,0.4794,257,279,0,0,1
2879,3.754,0.5013,257,277,0,2,1
2880,4.1256,0.3533,257,277,0,0,1
2881,4.2328,0.4289,257,277,0,0,1
2882,4.3972,0.4611,257,277,0,0,1
2883,4.0985,0.3825,256,277,0,0,1
2884,4.0231,0.6174,255,276,0,1,1
2885,4.1245,0.7415,255,275,0,1,1
2886,4.1481,0.4364,255,275,0,0,1
2887,4.1461,0.3289,255,275,0,0,1
2888,4.1247,0.3841,255,275,0,0,1
2889,4.2993,0.4769,255,275,0,0,1
2890,4.102,0.4047,255,275,0,0,1
2891,4.2387,0.57,255,275,0,0,1
2892,4.07,0.5526,255,275,0,0,1
2893,4.2432,0.4575,255,275,0,0,1
2894,4.0848,0.3652,255,275,0,0,1
2895,4.2412,0.5192,253,275,0,0,1
2896,4.1142,0.4825,253,273,0,2,1
2897,4.2222,0.5779,252,273,0,0,1
2898,4.1099,0.4286,252,272,0,1,1
2899,4.1548,0.5224,251,272,0,0,1
2900,4.2118,0.3742,251,271,0,1,1
2901,4.1959,0.4872,250,271,0,0,1
2902,4.1486,0.6562,250,270,0,1,1
2903,4.1287,0.6347,249,270,0,0,1
2904,4.1336,0.4059,249,269,0,1,1
2905,4.2643,0.55,249,269,0,0,1
2906,4.1258,0.6202,249,269,0,0,1
2907,4.0817,0.3186,247,269,0,0,1
2908,4.232,0.6497,247,267,0,2,1
2909,4.1616,0.3862,247,267,0,0,1
2910,4.2745,0.5665,247,267,0,0,1
2911,4.1063,0.4155,247,267,0,0,1
2912,4.0946,0.3949,247,267,0,0,1
2913,4.2227,0.5256,281,301,34,0,1
2914,4.1811,0.5463,280,301,0,0,1
2915,4.1152,0.6411,280,300,0,1,1
2916,4.1387,0.3489,280,300,0,0,1
2917,4.2096,0.4711,279,300,0,0,1
2918,4.1452,0.6478,279,299,0,1,1
2919,4.1879,0.4743,279,299,0,0,1
2920,4.1827,0.432,278,299,0,0,1
2921,4.1337,0.386,278,298,0,1,1
2922,4.1598,0.4476,278,298,0,0,1
2923,4.1979,0.4469,278,298,0,0,1
2924,4.1804,0.6403,271,298,0,0,1
2925,4.1897,0.4264,270,291,0,7,1
2926,4.2155,0.7159,270,290,0,1,1
2927,4.026,0.4008,270,290,0,0,1
2928,4.1784,0.3303,270,290,0,0,1
2929,4.2658,0.6207,270,290,0,0,1
2930,4.0528,0.4154,270,290,0,0,1
2931,4.4166,0.4909,270,290,0,0,1
2932,3.9853,0.4939,270,290,0,0,1
2933,4.1309,0.4654,270,290,0,0,1
2934,4.2262,0.7084,270,290,0,0,1
2935,4.111,0.3809,269,290,0,0,1
2936,4.1482,0.3393,268,289,0,1,1
2937,4.2752,0.5373,268,288,0,1,1
2938,4.2223,0.4948,268,288,0,0,1
2939,4.3611,0.3281,267,288,0,0,1
2940,3.8261,0.4462,267,287,0,1,1
2941,4.2432,0.444,267,287,0,0,1
2942,4.0986,0.3362,266,287,0,0,1
2943,4.1832,0.3591,265,286,0,1,1
2944,4.1492,0.4465,265,285,0,1,1
2945,4.1763,0.4142,265,285,0,0,1
2946,4.1405,0.3458,265,285,0,0,1
2947,4.1788,0.4328,264,285,0,0,1
2948,4.307,0.5481,263,284,0,1,1
2949,4.3635,0.4239,263,283,0,1,1
2950,3.8423,0.3489,263,283,0,0,1
2951,4.4356,0.5853,263,283,0,0,1
2952,3.8858,0.3902,263,283,0,0,1
2953,4.2042,0.5362,263,283,0,0,1
2954,4.1366,0.4338,262,283,0,0,1
2955,4.183,0.4063,262,282,0,1,1
2956,4.1467,0.5367,261,282,0,0,1
2957,4.1814,0.4574,261,281,0,1,1
2958,4.1503,0.5355,261,281,0,0,1
2959,4.1518,0.4008,259,281,0,0,1
2960,4.2617,0.366,259,279,0,2,1
2961,4.3561,0.7116,259,279,0,0,1
2962,3.9372,0.6542,259,279,0,0,1
2963,4.1472,0.3662,259,279,0,0,1
2964,4.171,0.4434,258,279,0,0,1
2965,4.2833,0.6811,258,278,0,1,1
2966,4.0461,0.3345,258,278,0,0,1
2967,4.1678,0.47,257,278,0,0,1
2968,4.2213,0.5301,256,277,0,1,1
2969,4.0941,0.3807,256,276,0,1,1
2970,4.1781,0.3383,254,276,0,0,1
2971,4.1656,0.5286,253,274,0,2,1
2972,4.5654,0.6557,253,273,0,1,1
2973,3.8629,0.5701,253,273,0,0,1
2974,4.1689,0.6453,252,273,0,0,1
2975,4.1237,0.4299,252,272,0,1,1
2976,4.1015,0.3356,251,272,0,0,1
2977,4.2022,0.6339,251,271,0,1,1
2978,4.1672,0.3628,250,271,0,0,1
2979,4.0902,0.3518,249,270,0,1,1
2980,4.2395,0.4371,247,269,0,1,1
2981,4.1438,0.413,247,267,0,2,1
2982,4.1257,0.3635,247,267,0,0,1
2983,4.2134,0.4143,247,267,0,0,1
2984,4.1366,0.5756,247,267,0,0,1
2985,4.2455,0.3624,246,267,0,0,1
2986,4.1464,0.7865,245,266,0,1,1
2987,4.1926,0.6375,244,265,0,1,1
2988,4.1099,0.3247,244,264,0,1,1
2989,4.2329,0.4828,244,264,0,0,1
2990,4.1251,0.3564,244,264,0,0,1
2991,4.1947,0.3218,244,264,0,0,1
2992,4.2335,0.5628,244,264,0,0,1
2993,4.101,0.6638,244,264,0,0,1
2994,4.0728,0.3746,243,264,0,0,1
2995,4.2282,0.4144,243,263,0,1,1
2996,4.4486,0.5625,242,263,0,0,1
2997,3.9288,0.8124,276,296,34,1,1
2998,4.3207,0.8201,275,296,0,0,1
2999,3.9796,0.5215,275,295,0,1,1
3000,4.126,0.3319,275,295,0,0,1
3001,4.1886,0.497,275,295,0,0,1
3002,4.4174,0.6495,275,295,0,0,1
3003,3.9446,0.3985,275,295,0,0,1
3004,4.178,0.5861,275,295,0,0,1
3005,4.3321,0.6125,275,295,0,0,1
3006,4.0126,0.4905,275,295,0,0,1
3007,4.1211,0.3613,275,295,0,0,1
3008,4.165,0.3904,268,295,0,0,1
3009,4.1271,0.5527,268,288,0,7,1
3010,4.3229,0.3939,268,288,0,0,1
3011,4.1856,0.3742,268,288,0,0,1
3012,4.0164,0.4498,267,288,0,0,1
3013,4.4983,0.5556,267,287,0,1,1
3014,3.8461,0.4408,267,287,0,0,1
3015,4.3915,0.3467,267,287,0,0,1
3016,4.3185,0.6782,267,287,0,0,1
3017,3.7918,0.4035,267,287,0,0,1
3018,4.214,0.4038,267,287,0,0,1
3019,4.1054,0.4382,267,287,0,0,1
3020,4.5728,0.629,267,287,0,0,1
3021,3.8358,0.4863,267,287,0,0,1
3022,4.1595,0.397,267,287,0,0,1
3023,4.1828,0.5718,266,287,0,0,1
3024,4.0807,0.3741,264,286,0,1,1
3025,4.2171,0.4324,264,284,0,2,1
3026,4.1535,0.4828,264,284,0,0,1
3027,4.086,0.4164,263,284,0,0,1
3028,4.295,0.349,263,283,0,1,1
3029,4.1155,0.6849,263,283,0,0,1
3030,4.1573,0.463,262,283,0,0,1
3031,4.1773,0.3339,262,282,0,1,1
3032,4.1175,0.4111,262,282,0,0,1
3033,4.2655,0.5191,261,282,0,0,1
3034,4.2016,0.6562,260,281,0,1,1
3035,4.0801,0.4826,260,280,0,1,1
3036,4.152,0.5384,260,280,0,0,1
3037,4.5918,0.4069,260,280,0,0,1
3038,4.0341,0.3761,259,280,0,0,1
3039,3.8741,0.4895,259,279,0,1,1
3040,4.2574,0.3599,259,279,0,0,1
3041,4.0352,0.5234,259,279,0,0,1
3042,4.3294,0.6046,259,279,0,0,1
3043,4.0415,0.4563,259,279,0,0,1
3044,4.1488,0.325,259,279,0,0,1
3045,4.1434,0.459,259,279,0,0,1
3046,4.1841,0.4851,259,279,0,0,1
3047,4.3667,0.3326,259,279,0,0,1
3048,3.9489,0.4293,257,279,0,0,1
3049,4.4772,0.591,257,277,0,2,1
3050,3.8925,0.3607,256,277,0,0,1
3051,4.1529,0.3324,255,276,0,1,1
3052,4.5127,0.4175,254,275,0,1,1
3053,3.8352,0.4376,253,274,0,1,1
3054,4.2194,0.3324,252,273,0,1,1
3055,4.1168,0.4332,251,272,0,1,1
3056,4.4278,0.4735,250,271,0,1,1
3057,3.9075,0.5316,248,270,0,1,1
3058,4.2886,0.6887,248,268,0,2,1
3059,4.0694,0.3864,248,268,0,0,1
3060,4.1494,0.5509,246,268,0,0,1
3061,4.1442,0.6537,246,266,0,2,1
3062,4.1802,0.5309,246,266,0,0,1
3063,4.2274,0.5993,246,266,0,0,1
3064,4.0705,0.4531,246,266,0,0,1
3065,4.219,0.3838,245,266,0,0,1
3066,4.1669,0.5301,245,265,0,1,1
3067,4.1409,0.4267,243,265,0,0,1
3068,4.1876,0.5777,243,263,0,2,1
3069,4.136,0.4623,243,263,0,0,1
3070,4.2438,0.6008,242,263,0,0,1
3071,4.1252,0.3827,241,262,0,1,1
3072,4.1696,0.4042,241,261,0,1,1
3073,4.1577,0.6425,241,261,0,0,1
3074,4.1689,0.3236,241,261,0,0,1
3075,4.1075,0.3859,240,261,0,0,1
3076,4.1855,0.7175,240,260,0,1,1
3077,4.173,0.3637,240,260,0,0,1
3078,4.2477,0.4371,240,260,0,0,1
3079,4.0906,0.3154,240,260,0,0,1
3080,4.1776,0.411,240,260,0,0,1
3081,4.2321,0.717,274,294,34,0,1
3082,4.1513,0.6443,274,294,0,0,1
3083,4.1547,0.3955,274,294,0,0,1
3084,4.1482,0.4504,273,294,0,0,1
3085,4.1686,0.7281,273,293,0,1,1
3086,4.1727,0.3532,273,293,0,0,1
3087,4.2072,0.3878,273,293,0,0,1
3088,4.1884,0.5008,273,293,0,0,1
3089,4.4435,0.4002,273,293,0,0,1
3090,3.8515,0.3592,273,293,0,0,1
3091,4.1578,0.4261,273,293,0,0,1
3092,4.3011,0.6568,266,293,0,0,1
3093,4.0774,0.7042,266,286,0,7,1
3094,4.1642,0.3828,266,286,0,0,1
3095,4.0781,0.4119,266,286,0,0,1
3096,4.1871,0.3951,265,286,0,0,1
3097,4.1745,0.4089,265,285,0,1,1
3098,4.1866,0.4055,265,285,0,0,1
3099,4.0991,0.3983,265,285,0,0,1
3100,4.2624,0.3984,264,285,0,0,1
3101,4.0917,0.3891,264,284,0,1,1
3102,4.2039,0.4348,264,284,0,0,1
3103,4.1971,0.3928,264,284,0,0,1
3104,4.1564,0.526,264,284,0,0,1
3105,4.1738,0.7091,264,284,0,0,1
3106,4.1845,0.4509,263,284,0,0,1
3107,4.1321,0.3676,263,283,0,1,1
3108,4.1174,0.4664,263,283,0,0,1
3109,4.2083,0.4691,263,283,0,0,1
3110,4.1472,0.3588,263,283,0,0,1
3111,4.1238,0.3964,263,283,0,0,1
3112,4.2457,0.5338,263,283,0,0,1
3113,4.1518,0.44,263,283,0,0,1
3114,4.2197,0.3878,262,283,0,0,1
3115,4.1118,0.5867,262,282,0,1,1
3116,4.2205,0.6167,262,282,0,0,1
3117,4.1776,0.5183,262,282,0,0,1
3118,4.1614,0.5107,260,282,0,0,1
3119,4.1073,0.4555,260,280,0,2,1
3120,4.1237,0.3421,257,280,0,0,1
3121,4.5683,0.3894,256,277,0,3,1
3122,3.8442,0.4305,256,276,0,1,1
3123,4.0719,0.3494,256,276,0,0,1
3124,4.2604,0.4831,256,276,0,0,1
3125,4.1424,0.7131,256,276,0,0,1
3126,4.1574,0.3933,256,276,0,0,1
3127,4.1178,0.3243,256,276,0,0,1
3128,4.1405,0.5036,256,276,0,0,1
3129,4.1716,0.4282,256,276,0,0,1
3130,4.4105,0.5567,256,276,0,0,1
3131,3.9941,0.4446,256,276,0,0,1
3132,4.1929,0.4102,256,276,0,0,1
3133,4.1957,0.4272,256,276,0,0,1
3134,4.1312,0.4609,256,276,0,0,1
3135,4.1905,0.5861,256,276,0,0,1
3136,4.2171,0.5751,256,276,0,0,1
3137,4.0909,0.5644,256,276,0,0,1
3138,4.1971,0.4828,256,276,0,0,1
3139,4.1073,0.3716,255,276,0,0,1
3140,4.2242,0.3842,255,275,0,1,1
3141,4.16,0.6383,255,275,0,0,1
3142,4.1433,0.646,255,275,0,0,1
3143,4.2698,0.6482,255,275,0,0,1
3144,4.0321,0.4194,254,275,0,0,1
3145,4.4172,0.6642,254,274,0,1,1
3146,3.9062,0.4744,254,274,0,0,1
3147,4.1383,0.4408,254,274,0,0,1
3148,4.3127,0.6663,253,274,0,0,1
3149,4.0968,0.6513,253,273,0,1,1
3150,4.1608,0.599,252,273,0,0,1
3151,4.1577,0.4363,252,272,0,1,1
3152,4.0987,0.3422,251,272,0,0,1
3153,4.1818,0.5053,251,271,0,1,1
3154,4.1988,0.6817,251,271,0,0,1
3155,4.2157,0.5845,251,271,0,0,1
3156,4.1257,0.3898,251,271,0,0,1
3157,4.1688,0.5242,251,271,0,0,1
3158,4.2295,0.4266,251,271,0,0,1
3159,4.1463,0.3705,251,271,0,0,1
3160,4.1078,0.4712,250,271,0,0,1
3161,4.1676,0.4103,250,270,0,1,1
3162,4.4006,0.585,250,270,0,0,1
3163,3.9601,0.4065,250,270,0,0,1
3164,4.1801,0.3831,249,270,0,0,1
3165,4.0878,0.6012,283,303,34,1,1
3166,4.3436,0.5412,283,303,0,0,1
3167,4.0639,0.7399,283,303,0,0,1
3168,4.118,0.3706,282,303,0,0,1
3169,4.1988,0.4168,282,302,0,1,1
3170,4.1259,0.3603,282,302,0,0,1
3171,4.1549,0.4727,282,302,0,0,1
3172,4.1922,0.4612,282,302,0,0,1
3173,4.1792,0.3746,281,302,0,0,1
3174,4.2685,0.5394,280,301,0,1,1
3175,4.052,0.4412,280,300,0,1,1
3176,4.1638,0.5725,273,300,0,0,1
3177,4.2244,0.438,272,293,0,7,1
3178,4.1946,0.4419,272,292,0,1,1
3179,4.115,0.4932,272,292,0,0,1
3180,4.1884,0.3586,271,292,0,0,1
3181,4.1853,0.3813,271,291,0,1,1
3182,4.1365,0.4479,271,291,0,0,1
3183,4.211,0.4776,271,291,0,0,1
3184,4.0679,0.4062,271,291,0,0,1
3185,4.2109,0.3903,271,291,0,0,1
3186,4.1927,0.6974,269,291,0,0,1
3187,4.1395,0.4222,269,289,0,2,1
3188,4.2265,0.4114,268,289,0,0,1
3189,4.1032,0.555,268,288,0,1,1
3190,4.2217,0.4665,267,288,0,0,1
3191,4.0814,0.5449,267,287,0,1,1
3192,4.1952,0.3366,267,287,0,0,1
3193,4.1999,0.6395,266,287,0,0,1
3194,4.1437,0.3494,265,286,0,1,1
3195,4.1758,0.3249,265,285,0,1,1
3196,4.2172,0.4685,265,285,0,0,1
3197,4.0629,0.4016,264,285,0,0,1
3198,4.2607,0.3527,264,284,0,1,1
3199,4.1135,0.4141,264,284,0,0,1
3200,4.1805,0.4424,264,284,0,0,1
3201,4.2011,0.448,264,284,0,0,1
3202,4.1551,0.4986,264,284,0,0,1
3203,4.1865,0.4455,264,284,0,0,1
3204,4.1639,0.6125,264,284,0,0,1
3205,4.1267,0.5643,264,284,0,0,1
3206,4.1719,0.5642,263,284,0,0,1
3207,4.2423,0.5061,263,283,0,1,1
3208,4.1078,0.4419,263,283,0,0,1
3209,4.1249,0.3836,263,283,0,0,1
3210,4.2492,0.4303,263,283,0,0,1
3211,4.114,0.3493,262,283,0,0,1
3212,4.3217,0.7418,261,282,0,1,1
3213,4.0495,0.7206,261,281,0,1,1
3214,4.3341,0.3722,261,281,0,0,1
3215,3.9881,0.3804,261,281,0,0,1
3216,4.088,0.4041,261,281,0,0,1
3217,4.1572,0.6193,261,281,0,0,1
3218,4.2135,0.3216,261,281,0,0,1
3219,4.1562,0.4185,260,281,0,0,1
3220,4.2333,0.4484,260,280,0,1,1
3221,4.0878,0.3932,260,280,0,0,1
3222,4.2352,0.4987,258,280,0,0,1
3223,4.1279,0.4394,257,278,0,2,1
3224,4.21,0.6204,257,277,0,1,1
3225,4.1985,0.5369,257,277,0,0,1
3226,4.122,0.7099,257,277,0,0,1
3227,4.0918,0.3174,257,277,0,0,1
3228,4.2151,0.3549,257,277,0,0,1
3229,4.6213,0.511,257,277,0,0,1
3230,3.7333,0.3645,257,277,0,0,1
3231,4.1904,0.4943,257,277,0,0,1
3232,4.1785,0.4709,257,277,0,0,1
3233,4.6306,0.4245,257,277,0,0,1
3234,3.703,0.375,257,277,0,0,1
3235,4.1292,0.4059,257,277,0,0,1
3236,4.409,0.7999,257,277,0,0,1
3237,3.9673,0.5707,257,277,0,0,1
3238,4.1477,0.4942,256,277,0,0,1
3239,4.127,0.4467,256,276,0,1,1
3240,4.1549,0.3367,256,276,0,0,1
3241,4.2017,0.7117,255,276,0,0,1
3242,4.1999,0.4547,255,275,0,1,1
3243,4.1633,0.5823,255,275,0,0,1
3244,4.1289,0.4869,254,275,0,0,1
3245,4.4167,0.5107,254,274,0,1,1
3246,3.8946,0.5385,254,274,0,0,1
3247,4.1395,0.4202,254,274,0,0,1
3248,4.1642,0.5846,253,274,0,0,1
3249,4.2374,0.5275,285,307,34,1,1
3250,4.2076,0.6991,285,305,0,2,1
3251,4.0746,0.5032,285,305,0,0,1
3252,4.1524,0.5182,285,305,0,0,1
3253,4.222,0.5246,285,305,0,0,1
3254,4.2628,0.5934,285,305,0,0,1
3255,4.0423,0.4267,285,305,0,0,1
3256,4.1713,0.4266,285,305,0,0,1
3257,4.3572,0.6175,285,305,0,0,1
3258,3.9782,0.3837,285,305,0,0,1
3259,4.208,0.6275,285,305,0,0,1
3260,4.4377,0.6507,278,305,0,0,1
3261,3.914,0.5157,278,298,0,7,1
3262,4.2721,0.5591,276,298,0,0,1
3263,4.0332,0.5065,276,296,0,2,1
3264,4.0976,0.3906,275,296,0,0,1
3265,4.166,0.5635,275,295,0,1,1
3266,4.555,0.3461,275,295,0,0,1
3267,3.8023,0.4166,275,295,0,0,1
3268,4.2947,0.6053,275,295,0,0,1
3269,4.08,0.616,275,295,0,0,1
3270,4.1305,0.3585,275,295,0,0,1
3271,4.1395,0.4006,275,295,0,0,1
3272,4.155,0.4068,275,295,0,0,1
3273,4.2108,0.4702,275,295,0,0,1
3274,4.3927,0.6901,275,295,0,0,1
3275,4.0009,0.6027,274,295,0,0,1
3276,4.0996,0.332,274,294,0,1,1
3277,4.1408,0.3929,274,294,0,0,1
3278,4.2673,0.4909,273,294,0,0,1
3279,4.1472,0.4944,273,293,0,1,1
3280,4.0328,0.4432,272,293,0,0,1
3281,4.3087,0.7167,271,292,0,1,1
3282,4.1552,0.4866,271,291,0,1,1
3283,4.1492,0.3529,271,291,0,0,1
3284,4.1501,0.3784,270,291,0,0,1
3285,4.2087,0.5056,270,290,0,1,1
3286,4.0965,0.5703,270,290,0,0,1
3287,4.2406,0.6082,269,290,0,0,1
3288,4.1376,0.5686,268,289,0,1,1
3289,4.1182,0.4553,267,288,0,1,1
3290,4.2397,0.585,265,287,0,1,1
3291,4.0691,0.3306,265,285,0,2,1
3292,4.2148,0.5677,265,285,0,0,1
3293,4.1587,0.392,264,285,0,0,1
3294,4.2397,0.3818,262,284,0,1,1
3295,4.1107,0.4456,262,282,0,2,1
3296,4.1338,0.3796,262,282,0,0,1
3297,4.19,0.4604,261,282,0,0,1
3298,4.2972,0.6445,260,281,0,1,1
3299,4.4375,0.4171,259,280,0,1,1
3300,3.7819,0.3241,258,279,0,1,1
3301,4.1534,0.5407,257,278,0,1,1
3302,4.2348,0.6378,256,277,0,1,1
3303,4.085,0.3496,255,276,0,1,1
3304,4.2202,0.6642,253,275,0,1,1
3305,4.0999,0.4331,253,273,0,2,1
3306,4.2764,0.574,253,273,0,0,1
3307,4.1041,0.3281,253,273,0,0,1
3308,4.4449,0.5951,252,273,0,0,1
3309,3.8973,0.6039,252,272,0,1,1
3310,4.4111,0.5692,252,272,0,0,1
3311,3.9464,0.5761,251,272,0,0,1
3312,4.1059,0.5191,251,271,0,1,1
3313,4.2269,0.5388,251,271,0,0,1
3314,4.1258,0.4405,251,271,0,0,1
3315,4.1151,0.3213,251,271,0,0,1
3316,4.2707,0.3888,251,271,0,0,1
3317,4.0844,0.6143,250,271,0,0,1
3318,4.3612,0.3745,250,270,0,1,1
3319,4,0.3188,250,270,0,0,1
3320,4.1998,0.6331,249,270,0,0,1
3321,4.1471,0.4418,249,269,0,1,1
3322,4.5024,0.3269,249,269,0,0,1
3323,3.8424,0.4649,249,269,0,0,1
3324,4.1498,0.342,249,269,0,0,1
3325,4.3153,0.5443,249,269,0,0,1
3326,4.0148,0.4056,248,269,0,0,1
3327,4.1983,0.4221,248,268,0,1,1
3328,4.0968,0.4014,248,268,0,0,1
3329,4.1827,0.5386,248,268,0,0,1
3330,4.2542,0.5144,248,268,0,0,1
3331,4.1065,0.4718,248,268,0,0,1
3332,4.1324,0.4256,246,268,0,0,1
3333,4.4526,0.5704,279,300,34,2,1
3334,3.9615,0.3976,279,299,0,1,1
3335,4.1767,0.6996,279,299,0,0,1
3336,4.0797,0.5654,278,299,0,0,1
3337,4.2723,0.7493,278,298,0,1,1
3338,4.1356,0.3455,278,298,0,0,1
3339,4.139,0.6139,278,298,0,0,1
3340,4.1465,0.4412,278,298,0,0,1
3341,4.1394,0.5178,278,298,0,0,1
3342,4.1614,0.3601,278,298,0,0,1
3343,4.1796,0.4139,275,298,0,0,1
3344,4.3286,0.5604,267,295,0,3,1
3345,4.0433,0.7188,267,287,0,8,1
3346,4.2842,0.5043,267,287,0,0,1
3347,4.0349,0.4192,267,287,0,0,1
3348,4.1885,0.521,267,287,0,0,1
3349,4.0681,0.3988,267,287,0,0,1
3350,4.2349,0.2653,2,287,0,0,0
3351,4.1909,0.3845,2,23,0,264,0
3352,4.1386,0.8408,2,23,0,0,0
3353,4.1769,0.2299,2,23,0,0,0
3354,4.2286,0.2555,2,23,0,0,0
3355,4.1394,0.3134,2,23,0,0,0
3356,4.3219,0.3738,2,23,0,0,0
3357,4.0241,0.447,2,23,0,0,0
3358,4.2027,0.4337,2,23,0,0,0
3359,4.1513,0.2927,2,23,0,0,0
3360,4.1171,0.2641,2,23,0,0,0
3361,4.1095,0.2601,2,23,0,0,0
3362,4.252,0.2572,2,23,0,0,0
3363,4.321,0.3383,2,23,0,0,0
3364,3.929,0.2562,2,23,0,0,0
3365,4.2593,0.4217,2,23,0,0,0
3366,4.1129,0.2469,2,23,0,0,0
3367,4.1906,0.2554,2,23,0,0,0
3368,4.1579,0.3027,3,24,1,0,0
3369,4.1536,0.2388,3,24,0,0,0
3370,4.1565,0.2372,3,24,0,0,0
3371,4.1656,0.2342,3,24,0,0,0
3372,4.1992,0.2387,3,24,0,0,0
3373,4.1657,0.2507,3,24,0,0,0
3374,4.2164,0.4426,3,24,0,0,0
3375,4.1515,0.4041,3,24,0,0,0
3376,4.0448,0.263,3,24,0,0,0
3377,4.5316,0.4365,3,24,0,0,0
3378,3.8798,0.2194,3,24,0,0,0
3379,4.1568,0.2138,3,24,0,0,0
3380,4.1687,0.2142,3,24,0,0,0
3381,4.1998,0.4111,3,24,0,0,0
3382,5.4124,0.2339,3,24,0,0,0
3383,2.8531,0.187,3,24,0,0,0
3384,4.213,0.2573,3,24,0,0,0
3385,4.1538,0.224,3,24,0,0,0
3386,4.2419,0.3712,3,24,0,0,0
3387,4.2442,0.2517,3,24,0,0,0
3388,4.0196,0.3506,3,24,0,0,0
3389,4.2219,0.4403,3,24,0,0,0
3390,4.1836,0.2882,3,24,0,0,0
3391,4.108,0.2454,3,24,0,0,0
3392,4.133,0.2054,3,24,0,0,0
3393,4.2397,0.4324,3,24,0,0,0
3394,4.2125,0.3557,3,24,0,0,0
3395,4.0953,0.282,3,24,0,0,0
3396,4.1331,0.2518,3,24,0,0,0
3397,4.146,0.221,3,24,0,0,0
3398,4.2479,0.4411,3,24,0,0,0
3399,4.1768,0.3633,3,24,0,0,0
3400,4.1569,0.2746,3,24,0,0,0
3401,4.0726,0.2224,3,24,0,0,0
3402,4.2739,0.2578,3,24,0,0,0
3403,4.1307,0.2259,3,24,0,0,0
3404,4.4877,0.2523,3,24,0,0,0
3405,3.8039,0.2292,3,24,0,0,0
3406,4.2163,0.4225,3,24,0,0,0
3407,4.1181,0.2263,3,24,0,0,0
3408,4.1524,0.2506,3,24,0,0,0
3409,4.4659,0.3752,3,24,0,0,0
3410,3.9628,0.2761,3,24,0,0,0
3411,4.0896,0.3059,3,24,0,0,0
3412,4.2497,0.4213,3,24,0,0,0
3413,4.0773,0.2204,3,24,0,0,0
3414,4.2735,0.4116,3,24,0,0,0
3415,4.0496,0.1861,3,24,0,0,0
3416,4.1997,0.2718,3,24,0,0,0
3417,4.1979,0.2569,3,24,0,0,0
3418,4.4132,0.4133,3,24,0,0,0
3419,3.8369,0.4582,3,24,0,0,0
3420,4.2098,0.1985,3,24,0,0,0
3421,4.123,0.2215,3,24,0,0,0
3422,4.1963,0.1961,3,24,0,0,0
3423,4.2396,0.2417,3,24,0,0,0
3424,4.1805,0.2822,3,24,0,0,0
3425,4.0829,0.2247,3,24,0,0,0
3426,4.348,0.347,3,24,0,0,0
3427,4.027,0.227,3,24,0,0,0
3428,4.1806,0.2106,3,24,0,0,0
3429,4.1052,0.2581,3,24,0,0,0
3430,4.2589,0.3037,3,24,0,0,0
3431,4.1773,0.2239,3,24,0,0,0
3432,4.0814,0.2243,3,24,0,0,0
3433,4.2031,0.2286,3,24,0,0,0
3434,4.1157,0.1854,3,24,0,0,0
3435,4.1734,0.2461,3,24,0,0,0
3436,4.2311,0.234,3,24,0,0,0
3437,4.0898,0.2014,3,24,0,0,0
3438,4.2606,0.2238,3,24,0,0,0
3439,4.129,0.3291,3,24,0,0,0
3440,4.117,0.4152,3,24,0,0,0
3441,4.1891,0.2484,3,24,0,0,0
3442,4.1488,0.2505,3,24,0,0,0
3443,4.2283,0.3679,3,24,0,0,0
3444,4.1864,0.4342,3,24,0,0,0
3445,4.1721,0.4134,3,24,0,0,0
3446,4.1829,0.421,3,24,0,0,0
3447,4.1563,0.2799,3,24,0,0,0
3448,4.1804,0.3103,3,24,0,0,0
3449,4.0619,0.2244,3,24,0,0,0
3450,4.2766,0.4104,3,24,0,0,0
3451,4.0709,0.3168,3,24,0,0,0
3452,4.2041,0.3899,3,24,0,0,0
3453,4.7691,0.6072,49,70,46,0,1
3454,3.7044,0.3585,49,69,0,1,1
3455,4.0324,0.3809,49,69,0,0,1
3456,4.1253,0.2666,49,69,0,0,1
3457,4.1474,0.5694,49,69,0,0,1
3458,4.2725,0.4101,49,69,0,0,1
3459,4.1341,0.3341,49,69,0,0,1
3460,4.1864,0.3142,49,69,0,0,1
3461,4.098,0.2852,49,69,0,0,1
3462,4.1304,0.2862,49,69,0,0,1
3463,4.2232,0.2801,49,69,0,0,1
3464,4.1628,0.5054,49,69,0,0,1
3465,4.1668,0.2876,49,69,0,0,1
3466,4.22,0.3239,49,69,0,0,1
3467,4.1164,0.2751,49,69,0,0,1
3468,4.1594,0.2838,49,69,0,0,1
3469,4.1734,0.4784,49,69,0,0,1
3470,4.2463,0.486,49,69,0,0,1
3471,4.1412,0.2739,49,69,0,0,1
3472,4.1497,0.331,49,69,0,0,1
3473,4.1696,0.3373,49,69,0,0,1
3474,4.4705,0.38,49,69,0,0,1
3475,4.0029,0.2874,49,69,0,0,1
3476,4.0294,0.2907,49,69,0,0,1
3477,4.1338,0.2908,49,69,0,0,1
3478,4.2394,0.3262,49,69,0,0,1
3479,4.0853,0.2705,49,69,0,0,1
3480,4.1623,0.2816,49,69,0,0,1
3481,4.2447,0.4684,49,69,0,0,1
3482,4.1354,0.2732,49,69,0,0,1
3483,4.1053,0.271,49,69,0,0,1
3484,4.4866,0.3873,49,69,0,0,1
3485,3.8371,0.2775,49,69,0,0,1
3486,4.1447,0.2677,49,69,0,0,1
3487,4.206,0.2873,49,69,0,0,1
3488,4.1436,0.4237,49,69,0,0,1
3489,4.2606,0.4868,49,69,0,0,1
3490,4.151,0.3285,49,69,0,0,1
3491,4.1451,0.2694,49,69,0,0,1
3492,4.192,0.2892,49,69,0,0,1
3493,4.1025,0.4134,49,69,0,0,1
3494,4.2449,0.2685,49,69,0,0,1
3495,4.2314,0.2828,49,69,0,0,1
3496,3.9982,0.3063,49,69,0,0,1
3497,4.1769,0.3024,49,69,0,0,1
3498,4.4456,0.4095,49,69,0,0,1
3499,3.9112,0.2891,49,69,0,0,1
3500,4.2505,0.4778,49,69,0,0,1
3501,4.1629,0.4813,49,69,0,0,1
3502,4.1547,0.3116,49,69,0,0,1
3503,4.169,0.3141,49,69,0,0,1
3504,4.1057,0.3264,49,69,0,0,1
3505,4.1938,0.3087,49,69,0,0,1
3506,4.2113,0.2836,49,69,0,0,1
3507,4.1463,0.2885,49,69,0,0,1
3508,4.1895,0.3226,49,69,0,0,1
3509,4.0792,0.4438,49,69,0,0,1
3510,4.1807,0.2814,49,69,0,0,1
3511,4.1838,0.2727,49,69,0,0,1
3512,4.1181,0.4141,49,69,0,0,1
3513,4.2478,0.2827,49,69,0,0,1
3514,4.0995,0.2724,49,69,0,0,1
3515,4.2449,0.3022,49,69,0,0,1
3516,4.1105,0.2859,49,69,0,0,1
3517,4.1496,0.29,49,69,0,0,1
3518,4.405,0.2851,49,69,0,0,1
3519,4.0071,0.4034,49,69,0,0,1
3520,4.2075,0.3889,49,69,0,0,1
3521,4.1282,0.6297,49,69,0,0,1
3522,4.1139,0.2754,49,69,0,0,1
3523,4.1804,0.2877,49,69,0,0,1
3524,4.1724,0.3071,49,69,0,0,1
3525,4.1629,0.3179,49,69,0,0,1
3526,4.3427,0.3971,49,69,0,0,1
3527,4.0251,0.3158,49,69,0,0,1
3528,4.0929,0.276,49,69,0,0,1
3529,4.4561,0.5066,83,103,34,0,1
3530,3.9578,0.2781,83,103,0,0,1
3531,4.1428,0.5266,83,103,0,0,1
3532,4.14,0.4128,83,103,0,0,1
3533,4.1756,0.5597,83,103,0,0,1
3534,4.1594,0.2728,83,103,0,0,1
3535,4.1658,0.2922,83,103,0,0,1
3536,4.1349,0.29,83,103,0,0,1
3537,4.1465,0.3129,83,103,0,0,1
3538,4.3678,0.4941,83,103,0,0,1
3539,4.248,0.4384,83,103,0,0,1
3540,3.9016,0.298,83,103,0,0,1
3541,4.1653,0.29,83,103,0,0,1
3542,4.23,0.4718,83,103,0,0,1
3543,4.2003,0.3798,83,103,0,0,1
3544,4.1452,0.3459,83,103,0,0,1
3545,4.1447,0.4657,83,103,0,0,1
3546,4.1087,0.5099,83,103,0,0,1
3547,4.261,0.4399,83,103,0,0,1
3548,4.3946,0.3809,83,103,0,0,1
3549,4.1701,0.273,83,103,0,0,1
3550,3.8705,0.3729,83,103,0,0,1
3551,4.2333,0.4175,83,103,0,0,1
3552,4.0915,0.3089,83,103,0,0,1
3553,4.1575,0.441,83,103,0,0,1
3554,4.2264,0.2949,83,103,0,0,1
3555,4.2063,0.3272,83,103,0,0,1
3556,4.1351,0.3539,83,103,0,0,1
3557,4.1298,0.3151,83,103,0,0,1
3558,4.1666,0.4114,83,103,0,0,1
3559,4.1849,0.2985,83,103,0,0,1
3560,4.1537,0.2393,83,103,0,0,1
3561,4.1607,0.3267,83,103,0,0,1
3562,4.2254,0.3265,82,103,0,0,1
3563,4.3328,0.3124,82,102,0,1,1
3564,4.4206,0.379,82,102,0,0,1
3565,3.6661,0.3226,82,102,0,0,1
3566,4.205,0.3292,82,102,0,0,1
3567,4.1399,0.3065,82,102,0,0,1
3568,4.1277,0.3089,82,102,0,0,1
3569,4.1568,0.3107,82,102,0,0,1
3570,4.145,0.3061,82,102,0,0,1
3571,4.1493,0.2391,82,102,0,0,1
3572,4.4596,0.3846,82,102,0,0,1
3573,3.8824,0.2743,81,102,0,0,1
3574,4.1921,0.2564,81,101,0,1,1
3575,4.4497,0.3642,81,101,0,0,1
3576,3.8727,0.2517,81,101,0,0,1
3577,4.302,0.2622,81,101,0,0,1
3578,4.0513,0.2677,81,101,0,0,1
3579,4.1969,0.3747,81,101,0,0,1
3580,4.358,0.3178,81,101,0,0,1
3581,3.9324,0.2912,81,101,0,0,1
3582,4.1628,0.2954,81,101,0,0,1
3583,4.2045,0.3161,81,101,0,0,1
3584,4.1504,0.2517,81,101,0,0,1
3585,4.1559,0.2874,81,101,0,0,1
3586,4.2126,0.2693,80,101,0,0,1
3587,4.1286,0.2343,80,100,0,1,1
3588,4.1766,0.2536,80,100,0,0,1
3589,4.2971,0.4418,80,100,0,0,1
3590,3.9835,0.3286,80,100,0,0,1
3591,4.201,0.3851,80,100,0,0,1
3592,4.1251,0.2405,80,100,0,0,1
3593,4.2646,0.3317,80,100,0,0,1
3594,4.288,0.393,80,100,0,0,1
3595,3.9687,0.2232,80,100,0,0,1
3596,4.3566,0.4208,80,100,0,0,1
3597,4.0286,0.277,80,100,0,0,1
3598,4.184,0.3044,80,100,0,0,1
3599,4.1226,0.2455,80,100,0,0,1
3600,4.1559,0.2446,80,100,0,0,1
3601,4.1656,0.2674,80,100,0,0,1
3602,4.1781,0.3004,80,100,0,0,1
3603,4.3168,0.4275,80,100,0,0,1
3604,4.0719,0.2513,80,100,0,0,1
3605,4.0832,0.2663,80,100,0,0,1
3606,4.1762,0.4593,126,146,46,0,1
3607,4.1855,0.241,126,146,0,0,1
3608,4.2797,0.3273,126,146,0,0,1
3609,4.04,0.2597,126,146,0,0,1
3610,4.1656,0.3272,126,146,0,0,1
3611,4.1497,0.2854,126,146,0,0,1
3612,4.2002,0.2764,126,146,0,0,1
3613,4.2665,0.4428,126,146,0,0,1
3614,4.1661,0.3142,126,146,0,0,1
3615,4.2178,0.6258,126,146,0,0,1
3616,4.2712,0.4343,126,146,0,0,1
3617,3.9372,0.4344,126,146,0,0,1
3618,4.4134,0.3006,126,146,0,0,1
3619,3.8984,0.272,126,146,0,0,1
3620,4.1512,0.2744,126,146,0,0,1
3621,4.1811,0.3237,126,146,0,0,1
3622,4.1353,0.2466,126,146,0,0,1
3623,4.226,0.3512,126,146,0,0,1
3624,4.1483,0.3053,126,146,0,0,1
3625,4.1382,0.2763,126,146,0,0,1
3626,4.3512,0.3227,126,146,0,0,1
3627,4.1061,0.3374,126,146,0,0,1
3628,4.1027,0.45,126,146,0,0,1
3629,4.1321,0.446,126,146,0,0,1
3630,4.1086,0.2044,126,146,0,0,1
3631,4.1872,0.2727,126,146,0,0,1
3632,4.278,0.3358,126,146,0,0,1
3633,4.1631,0.3576,126,146,0,0,1
3634,4.16,0.4121,126,146,0,0,1
3635,4.0525,0.3828,126,146,0,0,1
3636,4.1756,0.2624,126,146,0,0,1
3637,4.1875,0.4005,126,146,0,0,1
3638,4.1423,0.2755,126,146,0,0,1
3639,4.3184,0.4063,126,146,0,0,1
3640,4.1312,0.3472,126,146,0,0,1
3641,4.1061,0.3908,126,146,0,0,1
3642,4.2176,0.471,124,146,0,0,1
3643,4.0756,0.2765,124,144,0,2,1
3644,4.3916,0.3543,124,144,0,0,1
3645,4.1302,0.4447,124,144,0,0,1
3646,4.116,0.3939,124,144,0,0,1
3647,4.0926,0.4278,124,144,0,0,1
3648,4.066,0.2459,124,144,0,0,1
3649,4.1952,0.2779,124,144,0,0,1
3650,4.1623,0.3851,124,144,0,0,1
3651,4.277,0.3222,124,144,0,0,1
3652,4.1239,0.4121,124,144,0,0,1
3653,4.0689,0.2763,124,144,0,0,1
3654,4.3331,0.3933,124,144,0,0,1
3655,4.0099,0.2086,124,144,0,0,1
3656,4.1729,0.3021,124,144,0,0,1
3657,4.3322,0.3262,124,144,0,0,1
3658,4.1146,0.4318,124,144,0,0,1
3659,4.1933,0.3668,124,144,0,0,1
3660,4.0372,0.2807,124,144,0,0,1
3661,4.4508,0.3307,124,144,0,0,1
3662,4.2482,0.3056,124,144,0,0,1
3663,3.9386,0.2726,124,144,0,0,1
3664,4.0194,0.3023,124,144,0,0,1
3665,4.2102,0.4387,124,144,0,0,1
3666,4.2338,0.3072,124,144,0,0,1
3667,4.091,0.3968,124,144,0,0,1
3668,4.2891,0.45,122,144,0,0,1
3669,4.1411,0.3446,122,142,0,2,1
3670,4.2259,0.4084,122,142,0,0,1
3671,4.1488,0.2637,122,142,0,0,1
3672,4.0257,0.2678,122,142,0,0,1
3673,4.1877,0.4037,122,142,0,0,1
3674,4.1413,0.2121,122,142,0,0,1
3675,4.155,0.2626,122,142,0,0,1
3676,4.3651,0.3228,122,142,0,0,1
3677,3.9952,0.395,122,142,0,0,1
3678,4.3138,0.3813,122,142,0,0,1
3679,4.0036,0.2636,122,142,0,0,1
3680,4.4507,0.3126,122,142,0,0,1
3681,4.0363,0.3859,122,142,0,0,1
3682,4.1378,0.3192,122,142,0,0,1
3683,4.202,0.638,156,176,34,0,1
3684,4.2929,0.2918,156,176,0,0,1
3685,3.9566,0.4886,156,176,0,0,1
3686,4.085,0.2911,156,176,0,0,1
3687,4.7411,0.2956,156,176,0,0,1
3688,3.7511,0.3701,156,176,0,0,1
3689,4.1628,0.343,156,176,0,0,1
3690,4.1348,0.4632,156,176,0,0,1
3691,4.0595,0.2864,156,176,0,0,1
3692,4.3193,0.4071,156,176,0,0,1
3693,4.2492,0.3861,156,176,0,0,1
3694,4.0061,0.4146,156,176,0,0,1
3695,4.1989,0.3544,156,176,0,0,1
3696,4.0232,0.2395,156,176,0,0,1
3697,4.2983,0.3112,156,176,0,0,1
3698,4.1691,0.4631,156,176,0,0,1
3699,4.2157,0.4104,156,176,0,0,1
3700,4.0563,0.3411,156,176,0,0,1
3701,4.1102,0.2604,156,176,0,0,1
3702,4.256,0.3866,156,176,0,0,1
3703,4.059,0.2218,156,176,0,0,1
3704,4.3753,0.4942,156,176,0,0,1
3705,4.0075,0.2403,156,176,0,0,1
3706,4.2349,0.4515,156,176,0,0,1
3707,4.1932,0.3528,156,176,0,0,1
3708,4.2175,0.2801,156,176,0,0,1
3709,4.1612,0.4539,156,176,0,0,1
3710,4.1071,0.427,156,176,0,0,1
3711,4.2306,0.4006,156,176,0,0,1
3712,3.9944,0.2688,156,176,0,0,1
3713,4.2671,0.4526,156,176,0,0,1
3714,4.1948,0.2986,156,176,0,0,1
3715,4.0736,0.3174,155,176,0,0,1
3716,4.3044,0.4328,155,175,0,1,1
3717,4.0712,0.2668,155,175,0,0,1
3718,4.2698,0.4043,154,175,0,0,1
3719,4.2817,0.2764,154,174,0,1,1
3720,3.8626,0.2614,154,174,0,0,1
3721,4.2913,0.2674,154,174,0,0,1
3722,4.1884,0.2941,154,174,0,0,1
3723,4.0559,0.2811,154,174,0,0,1
3724,4.2965,0.3844,153,174,0,0,1
3725,4.1117,0.4346,153,173,0,1,1
3726,4.1516,0.3704,153,173,0,0,1
3727,4.0968,0.3048,153,173,0,0,1
3728,4.3171,0.3277,152,173,0,0,1
3729,4.0942,0.2969,152,172,0,1,1
3730,4.1837,0.4706,151,172,0,0,1
3731,4.2151,0.3775,151,171,0,1,1
3732,4.2565,0.2636,151,171,0,0,1
3733,4.1401,0.2666,151,171,0,0,1
3734,3.9719,0.2864,151,171,0,0,1
3735,4.1496,0.2414,151,171,0,0,1
3736,4.6434,0.3243,151,171,0,0,1
3737,8.1695,0.3113,151,171,0,0,1
3738,4.1483,0.3511,151,171,0,0,1
3739,4.0518,0.4431,151,171,0,0,1
3740,4.1418,0.4648,151,171,0,0,1
3741,4.1859,0.4368,148,171,0,0,1
3742,4.159,0.3389,148,168,0,3,1
3743,4.0067,0.2876,148,168,0,0,1
3744,4.2683,0.2925,148,168,0,0,1
3745,4.2391,0.3148,148,168,0,0,1
3746,4.1369,0.4195,148,168,0,0,1
3747,4.0864,0.3165,148,168,0,0,1
3748,4.0864,0.2879,148,168,0,0,1
3749,4.2827,0.3798,148,168,0,0,1
3750,4.073,0.2854,148,168,0,0,1
3751,4.2814,0.3643,148,168,0,0,1
3752,4.0461,0.3266,148,168,0,0,1
3753,4.3819,0.4369,148,168,0,0,1
3754,4.1375,0.3603,148,168,0,0,1
3755,4.0469,0.3346,148,168,0,0,1
3756,4.2296,0.421,148,168,0,0,1
3757,4.2238,0.3444,148,168,0,0,1
3758,4.1669,0.4549,148,168,0,0,1
3759,4.119,0.5248,194,214,46,0,1
3760,4.3676,0.3458,194,214,0,0,1
3761,4.011,0.5027,194,214,0,0,1
3762,4.0386,0.2721,193,214,0,0,1
3763,4.1928,0.4195,193,213,0,1,1
3764,4.2869,0.5284,193,213,0,0,1
3765,4.1961,0.4425,193,213,0,0,1
3766,4.0968,0.3852,193,213,0,0,1
3767,4.0984,0.3934,193,213,0,0,1
3768,4.4915,0.3608,193,213,0,0,1
3769,3.9337,0.4097,193,213,0,0,1
3770,4.1389,0.3279,193,213,0,0,1
3771,4.1684,0.4655,193,213,0,0,1
3772,4.1076,0.5441,193,213,0,0,1
3773,4.2047,0.4822,193,213,0,0,1
3774,4.1337,0.357,193,213,0,0,1
3775,4.2365,0.4313,193,213,0,0,1
3776,4.186,0.3723,193,213,0,0,1
3777,4.3499,0.5727,193,213,0,0,1
3778,3.9839,0.5848,193,213,0,0,1
3779,4.37,0.3007,192,213,0,0,1
3780,4.1507,0.3863,191,212,0,1,1
3781,3.9613,0.4421,191,211,0,1,1
3782,4.1717,0.5621,191,211,0,0,1
3783,4.1857,0.4839,191,211,0,0,1
3784,4.0886,0.4174,191,211,0,0,1
3785,4.176,0.3127,191,211,0,0,1
3786,4.1947,0.3777,191,211,0,0,1
3787,4.1812,0.3788,191,211,0,0,1
3788,4.1645,0.3872,191,211,0,0,1
3789,4.1041,0.3678,191,211,0,0,1
3790,4.1904,0.3964,191,211,0,0,1
3791,4.1354,0.3311,190,211,0,0,1
3792,4.1427,0.3754,190,210,0,1,1
3793,4.238,0.4903,190,210,0,0,1
3794,4.237,0.6884,190,210,0,0,1
3795,4.0836,0.3629,190,210,0,0,1
3796,4.175,0.5695,189,210,0,0,1
3797,4.178,0.4633,188,209,0,1,1
3798,4.1019,0.311,188,208,0,1,1
3799,4.5404,0.3902,188,208,0,0,1
3800,3.8585,0.4333,188,208,0,0,1
3801,4.2391,0.5882,188,208,0,0,1
3802,4.095,0.4502,188,208,0,0,1
3803,4.182,0.6711,188,208,0,0,1
3804,4.0786,0.3058,188,208,0,0,1
3805,4.2215,0.3977,188,208,0,0,1
3806,4.1852,0.3622,188,208,0,0,1
3807,4.1437,0.3658,188,208,0,0,1
3808,4.2395,0.3009,188,208,0,0,1
3809,4.0945,0.404,188,208,0,0,1
3810,4.1622,0.4208,187,208,0,0,1
3811,4.1505,0.3968,187,207,0,1,1
3812,4.2104,0.4037,187,207,0,0,1
3813,4.3596,0.3782,187,207,0,0,1
3814,4.1052,0.5353,187,207,0,0,1
3815,3.9922,0.408,187,207,0,0,1
3816,4.1322,0.3397,187,207,0,0,1
3817,4.2148,0.3801,186,207,0,0,1
3818,4.479,0.4988,186,206,0,1,1
3819,3.8475,0.4078,186,206,0,0,1
3820,4.1861,0.5424,186,206,0,0,1
3821,4.1581,0.5459,185,206,0,0,1
3822,4.1291,0.3204,185,205,0,1,1
3823,4.2695,0.4384,185,205,0,0,1
3824,4.0918,0.3399,185,205,0,0,1
3825,4.1548,0.4507,185,205,0,0,1
3826,4.1951,0.7649,185,205,0,0,1
3827,4.4203,0.4022,185,205,0,0,1
3828,3.9022,0.5507,184,205,0,0,1
3829,4.25,0.4945,183,204,0,1,1
3830,4.0718,0.4026,183,203,0,1,1
3831,4.1878,0.363,183,203,0,0,1
3832,4.3014,0.3396,182,203,0,0,1
3833,4.046,0.5329,182,202,0,1,1
3834,4.1683,0.3959,181,202,0,0,1
3835,4.1638,0.4556,215,235,34,1,1
3836,4.1481,0.4188,215,235,0,0,1
3837,4.2819,0.7513,215,235,0,0,1
3838,4.098,0.5133,215,235,0,0,1
3839,4.1204,0.4631,215,235,0,0,1
3840,4.199,0.3318,215,235,0,0,1
3841,4.168,0.6281,215,235,0,0,1
3842,4.2318,0.4647,215,235,0,0,1
3843,4.0853,0.4496,215,235,0,0,1
3844,4.1168,0.3572,215,235,0,0,1
3845,4.2666,0.4231,215,235,0,0,1
3846,4.0731,0.3662,215,235,0,0,1
3847,4.2072,0.371,215,235,0,0,1
3848,4.1501,0.3919,215,235,0,0,1
3849,4.2214,0.3702,215,235,0,0,1
3850,4.17,0.4606,215,235,0,0,1
3851,4.0866,0.5383,215,235,0,0,1
3852,4.2237,0.4394,215,235,0,0,1
3853,4.1847,0.4296,215,235,0,0,1
3854,4.4212,0.4212,215,235,0,0,1
3855,3.8769,0.4321,215,235,0,0,1
3856,4.703,0.3811,215,235,0,0,1
3857,3.6652,0.5449,214,235,0,0,1
3858,4.1299,0.3807,214,234,0,1,1
3859,4.3358,0.5986,214,234,0,0,1
3860,4.0011,0.3823,214,234,0,0,1
3861,4.2766,0.489,214,234,0,0,1
3862,4.0327,0.4115,214,234,0,0,1
3863,4.1789,0.4967,214,234,0,0,1
3864,4.194,0.5867,212,234,0,0,1
3865,4.189,0.4132,212,232,0,2,1
3866,4.1504,0.398,212,232,0,0,1
3867,4.1058,0.4198,211,232,0,0,1
3868,4.2178,0.4655,211,231,0,1,1
3869,4.2056,0.4619,210,231,0,0,1
3870,4.1743,0.6497,210,230,0,1,1
3871,4.1125,0.5659,210,230,0,0,1
3872,4.1735,0.3732,209,230,0,0,1
3873,4.1766,0.3517,208,229,0,1,1
3874,4.1474,0.4026,208,228,0,1,1
3875,4.4462,0.3624,208,228,0,0,1
3876,4.1384,0.4126,208,228,0,0,1
3877,4.0616,0.3919,208,228,0,0,1
3878,4.0408,0.7683,207,228,0,0,1
3879,4.1966,0.4618,207,227,0,1,1
3880,4.2355,0.3054,207,227,0,0,1
3881,4.1121,0.4387,207,227,0,0,1
3882,4.0873,0.312,206,227,0,0,1
3883,4.3086,0.7442,206,226,0,1,1
3884,4.0803,0.5472,206,226,0,0,1
3885,4.1798,0.4688,206,226,0,0,1
3886,4.1569,0.4109,206,226,0,0,1
3887,4.1107,0.3189,206,226,0,0,1
3888,4.1752,0.4671,206,226,0,0,1
3889,4.1708,0.309,204,226,0,0,1
3890,4.236,0.5378,204,224,0,2,1
3891,4.103,0.3757,204,224,0,0,1
3892,4.137,0.5701,203,224,0,0,1
3893,4.2174,0.4555,202,223,0,1,1
3894,4.1293,0.4132,202,222,0,1,1
3895,4.2224,0.3891,202,222,0,0,1
3896,4.175,0.3751,202,222,0,0,1
3897,4.3045,0.5002,202,222,0,0,1
3898,4.0318,0.3411,202,222,0,0,1
3899,4.0981,0.3986,202,222,0,0,1
3900,4.4491,0.318,201,222,0,0,1
3901,3.9611,0.4865,201,221,0,1,1
3902,4.1584,0.5517,199,221,0,0,1
3903,4.2449,0.5616,198,219,0,2,1
3904,4.1833,0.3451,198,218,0,1,1
3905,4.0626,0.4388,198,218,0,0,1
3906,4.1188,0.3912,198,218,0,0,1
3907,4.2055,0.4251,198,218,0,0,1
3908,4.1689,0.7032,198,218,0,0,1
3909,4.1196,0.3061,197,218,0,0,1
3910,4.236,0.4466,197,217,0,1,1
3911,4.0933,0.3418,197,217,0,0,1
3912,4.1753,0.5923,243,263,46,0,1
3913,4.4621,0.4003,243,263,0,0,1
3914,3.9307,0.6925,243,263,0,0,1
3915,4.2055,0.6492,243,263,0,0,1
3916,4.1054,0.686,243,263,0,0,1
3917,4.2003,0.4959,243,263,0,0,1
3918,4.1166,0.4087,243,263,0,0,1
3919,4.1664,0.3774,243,263,0,0,1
3920,4.2238,0.3434,243,263,0,0,1
3921,4.1175,0.6248,243,263,0,0,1
3922,4.2762,0.3671,242,263,0,0,1
3923,4.5992,0.4779,242,262,0,1,1
3924,3.5786,0.6053,242,262,0,0,1
3925,4.1967,0.3509,242,262,0,0,1
3926,4.2182,0.5634,242,262,0,0,1
3927,4.1714,0.432,242,262,0,0,1
3928,4.1589,0.3173,242,262,0,0,1
3929,4.1102,0.6835,242,262,0,0,1
3930,4.1716,0.378,242,262,0,0,1
3931,4.1473,0.3401,241,262,0,0,1
3932,4.2343,0.4394,241,261,0,1,1
3933,4.2253,0.6071,241,261,0,0,1
3934,4.0858,0.4836,241,261,0,0,1
3935,4.1449,0.4473,241,261,0,0,1
3936,4.1577,0.4097,241,261,0,0,1
3937,4.1767,0.4638,241,261,0,0,1
3938,4.1767,0.4169,241,261,0,0,1
3939,4.1998,0.3532,241,261,0,0,1
3940,4.0938,0.5772,241,261,0,0,1
3941,4.1821,0.5001,241,261,0,0,1
3942,4.194,0.3165,241,261,0,0,1
3943,4.2059,0.4746,241,261,0,0,1
3944,4.3097,0.3807,241,261,0,0,1
3945,4.0284,0.4445,240,261,0,0,1
3946,4.1448,0.622,240,260,0,1,1
3947,4.3633,0.3499,240,260,0,0,1
3948,3.9435,0.3501,240,260,0,0,1
3949,4.166,0.4646,240,260,0,0,1
3950,4.1887,0.3855,240,260,0,0,1
3951,4.1885,0.3994,240,260,0,0,1
3952,4.139,0.443,240,260,0,0,1
3953,4.1678,0.3263,240,260,0,0,1
3954,4.1077,0.3742,239,260,0,0,1
3955,4.2135,0.4281,239,259,0,1,1
3956,4.1156,0.3672,238,259,0,0,1
3957,4.2117,0.5294,237,258,0,1,1
3958,4.1589,0.4012,237,257,0,1,1
3959,4.1708,0.5051,235,257,0,0,1
3960,4.1849,0.4564,234,255,0,2,1
3961,4.1521,0.4431,234,254,0,1,1
3962,4.2121,0.472,234,254,0,0,1
3963,4.0885,0.4457,234,254,0,0,1
3964,4.1779,0.5147,234,254,0,0,1
3965,4.1872,0.5703,234,254,0,0,1
3966,4.1408,0.3597,234,254,0,0,1
3967,4.1528,0.3655,234,254,0,0,1
3968,4.1582,0.4072,234,254,0,0,1
3969,4.329,0.5736,234,254,0,0,1
3970,4.1059,0.4303,234,254,0,0,1
3971,4.2054,0.4061,234,254,0,0,1
3972,4.1379,0.3352,234,254,0,0,1
3973,4.1356,0.4466,234,254,0,0,1
3974,4.3788,0.5809,234,254,0,0,1
3975,3.9781,0.3752,234,254,0,0,1
3976,4.5135,0.4433,234,254,0,0,1
3977,3.8268,0.3723,234,254,0,0,1
3978,4.085,0.3723,234,254,0,0,1
3979,4.1543,0.9983,234,254,0,0,1
3980,4.2132,0.33,233,254,0,0,1
3981,4.2202,0.4596,233,253,0,1,1
3982,4.1184,0.4141,233,253,0,0,1
3983,4.1286,0.3338,233,253,0,0,1
3984,4.2095,0.5571,233,253,0,0,1
3985,4.1451,0.3552,231,253,0,0,1
3986,4.2386,0.4897,231,251,0,2,1
3987,4.1416,0.4869,231,251,0,0,1
3988,4.1065,0.3153,231,251,0,0,1
3989,4.2182,0.8304,265,285,34,0,1
3990,4.104,0.4111,265,285,0,0,1
3991,4.2637,0.6024,265,285,0,0,1
3992,4.1073,0.3601,265,285,0,0,1
3993,4.2279,0.5312,265,285,0,0,1
3994,4.1569,0.4241,265,285,0,0,1
3995,4.2525,0.3408,265,285,0,0,1
3996,4.074,0.4382,263,285,0,0,1
3997,4.1237,0.4793,263,283,0,2,1
3998,4.4211,0.4884,263,283,0,0,1
3999,3.9271,0.4322,263,283,0,0,1
4000,4.1326,0.4373,262,283,0,0,1
4001,4.2114,0.4002,262,282,0,1,1
4002,4.1334,0.3393,262,282,0,0,1
4003,4.2336,0.5894,261,282,0,0,1
4004,4.1305,0.3861,260,281,0,1,1
4005,4.1526,0.4218,260,280,0,1,1
4006,4.2137,0.4708,260,280,0,0,1
4007,4.1028,0.4048,260,280,0,0,1
4008,4.2007,0.4947,260,280,0,0,1
4009,4.1347,0.4577,260,280,0,0,1
4010,4.1917,0.4876,260,280,0,0,1
4011,4.2112,0.3868,260,280,0,0,1
4012,4.0684,0.6093,260,280,0,0,1
4013,4.2306,0.4786,259,280,0,0,1
4014,4.1405,0.3541,259,279,0,1,1
4015,4.1265,0.5321,259,279,0,0,1
4016,4.2326,0.4369,259,279,0,0,1
4017,4.1702,0.5919,259,279,0,0,1
4018,4.0924,0.3712,259,279,0,0,1
4019,4.2029,0.4476,258,279,0,0,1
4020,4.1343,0.4458,258,278,0,1,1
4021,4.2753,0.3378,258,278,0,0,1
4022,4.173,0.6293,257,278,0,0,1
4023,4.0583,0.4259,257,277,0,1,1
4024,4.1835,0.3584,256,277,0,0,1
4025,4.2192,0.6728,256,276,0,1,1
4026,4.1005,0.392,255,276,0,0,1
4027,4.2006,0.3785,255,275,0,1,1
4028,4.2075,0.4285,255,275,0,0,1
4029,4.1716,0.5055,255,275,0,0,1
4030,4.1281,0.3255,255,275,0,0,1
4031,4.2036,0.4358,255,275,0,0,1
4032,4.0795,0.5874,255,275,0,0,1
4033,4.2851,0.3963,254,275,0,0,1
4034,4.1497,0.7074,254,274,0,1,1
4035,4.0774,0.4314,254,274,0,0,1
4036,4.2221,0.578,254,274,0,0,1
4037,4.173,0.4433,254,274,0,0,1
4038,4.1281,0.409,254,274,0,0,1
4039,4.4118,0.3529,254,274,0,0,1
4040,4.0235,0.5095,254,274,0,0,1
4041,4.3042,0.5788,254,274,0,0,1
4042,3.9817,0.4386,253,274,0,0,1
4043,4.3495,0.3621,252,273,0,1,1
4044,3.9194,0.6008,252,272,0,1,1
4045,4.1881,0.4052,251,272,0,0,1
4046,4.2699,0.3378,251,271,0,1,1
4047,4.1279,0.5925,251,271,0,0,1
4048,4.1252,0.5856,251,271,0,0,1
4049,4.1525,0.3795,251,271,0,0,1
4050,4.1659,0.4086,251,271,0,0,1
4051,4.1445,0.4043,244,271,0,0,1
4052,4.1698,0.3614,244,264,0,7,1
4053,4.2889,0.6889,243,264,0,0,1
4054,4.0879,0.3917,242,263,0,1,1
4055,4.1731,0.5203,242,262,0,1,1
4056,4.1095,0.4528,242,262,0,0,1
4057,4.1835,0.3394,241,262,0,0,1
4058,4.2205,0.5302,240,261,0,1,1
4059,4.0865,0.3857,240,260,0,1,1
4060,4.1787,0.332,240,260,0,0,1
4061,4.2221,0.441,240,260,0,0,1
4062,4.1139,0.3472,240,260,0,0,1
4063,4.4196,0.4863,240,260,0,0,1
4064,4.2073,0.4635,239,260,0,0,1
4065,3.8795,0.3702,239,259,0,1,1
4066,4.251,0.6177,285,305,46,0,1
4067,4.3646,0.4738,285,305,0,0,1
4068,3.886,0.8164,285,305,0,0,1
4069,4.1824,0.3953,285,305,0,0,1
4070,4.1643,0.4461,285,305,0,0,1
4071,4.1977,0.4607,285,305,0,0,1
4072,4.1392,0.4728,285,305,0,0,1
4073,4.2639,0.4326,284,305,0,0,1
4074,4.039,0.3498,283,304,0,1,1
4075,4.5169,0.5452,281,303,0,1,1
4076,3.8498,0.4579,281,301,0,2,1
4077,4.2714,0.7165,281,301,0,0,1
4078,4.1198,0.5465,281,301,0,0,1
4079,4.0991,0.4368,281,301,0,0,1
4080,4.1536,0.4781,281,301,0,0,1
4081,4.1807,0.4931,281,301,0,0,1
4082,4.155,0.3594,281,301,0,0,1
4083,4.2062,0.4957,281,301,0,0,1
4084,4.1384,0.7116,281,301,0,0,1
4085,4.2517,0.567,281,301,0,0,1
4086,4.0817,0.3602,281,301,0,0,1
4087,4.1393,0.7659,281,301,0,0,1
4088,4.2777,0.5244,281,301,0,0,1
4089,4.1437,0.4301,281,301,0,0,1
4090,4.0707,0.3844,281,301,0,0,1
4091,4.5252,0.4491,281,301,0,0,1
4092,3.8543,0.5984,281,301,0,0,1
4093,4.2172,0.4558,281,301,0,0,1
4094,4.5235,0.5248,281,301,0,0,1
4095,3.7291,0.4437,281,301,0,0,1
4096,4.241,0.557,281,301,0,0,1
4097,4.0937,0.509,281,301,0,0,1
4098,4.1911,0.3911,280,301,0,0,1
4099,4.1804,0.8001,279,300,0,1,1
4100,4.1734,0.6127,279,299,0,1,1
4101,4.1646,0.5069,279,299,0,0,1
4102,4.1586,0.4829,279,299,0,0,1
4103,4.2135,0.6889,278,299,0,0,1
4104,4.0776,0.5486,277,298,0,1,1
4105,4.2874,0.3861,277,297,0,1,1
4106,4.0924,0.4431,276,297,0,0,1
4107,4.1699,0.4521,275,296,0,1,1
4108,4.3804,0.6213,275,295,0,1,1
4109,3.9947,0.5074,275,295,0,0,1
4110,4.1028,0.4357,274,295,0,0,1
4111,4.2245,0.4586,274,294,0,1,1
4112,4.0805,0.3729,274,294,0,0,1
4113,4.2961,0.5596,273,294,0,0,1
4114,4.1465,0.608,273,293,0,1,1
4115,4.1239,0.7323,272,293,0,0,1
4116,4.1754,0.8979,271,292,0,1,1
4117,4.121,0.4605,271,291,0,1,1
4118,4.2501,0.4882,270,291,0,0,1
4119,4.0689,0.5687,270,290,0,1,1
4120,4.1718,0.3495,269,290,0,0,1
4121,4.2723,0.4543,269,289,0,1,1
4122,4.0839,0.4311,269,289,0,0,1
4123,4.3393,0.585,268,289,0,0,1
4124,4.0665,0.7066,268,288,0,1,1
4125,4.1097,0.4468,266,288,0,0,1
4126,4.1581,0.4011,266,286,0,2,1
4127,4.1539,0.3439,259,286,0,0,1
4128,4.1748,0.58,259,279,0,7,1
4129,4.1505,0.4014,259,279,0,0,1
4130,4.231,0.5731,259,279,0,0,1
4131,4.1339,0.4936,259,279,0,0,1
4132,4.129,0.6119,259,279,0,0,1
4133,4.2532,0.4693,259,279,0,0,1
4134,4.0653,0.3413,258,279,0,0,1
4135,4.2728,0.4497,258,278,0,1,1
4136,4.1569,0.4284,257,278,0,0,1
4137,4.1593,0.5717,256,277,0,1,1
4138,4.1289,0.4818,256,276,0,1,1
4139,4.1377,0.4105,256,276,0,0,1
4140,4.1437,0.355,256,276,0,0,1
4141,4.2118,0.4383,256,276,0,0,1
4142,4.2831,0.5817,256,276,0,0,1
4143,4.0208,0.6195,290,310,34,0,1
4144,4.1719,0.4096,288,310,0,0,1
4145,4.2267,0.483,288,308,0,2,1
4146,4.0928,0.4468,288,308,0,0,1
4147,4.406,0.477,288,308,0,0,1
4148,3.9496,0.3585,287,308,0,0,1
4149,4.2454,0.6738,287,307,0,1,1
4150,4.1166,0.4887,287,307,0,0,1
4151,4.1641,0.4404,287,307,0,0,1
4152,4.1177,0.5807,287,307,0,0,1
4153,4.2746,0.4355,287,307,0,0,1
4154,4.1662,0.6276,287,307,0,0,1
4155,4.074,0.4678,287,307,0,0,1
4156,4.2092,0.6945,286,307,0,0,1
4157,4.126,0.396,285,306,0,1,1
4158,4.2007,0.3987,285,305,0,1,1
4159,4.1164,0.4668,285,305,0,0,1
4160,4.3319,0.4533,285,305,0,0,1
4161,4.0161,0.343,285,305,0,0,1
4162,4.2111,0.662,285,305,0,0,1
4163,4.161,0.459,285,305,0,0,1
4164,4.3179,0.4584,285,305,0,0,1
4165,4.0267,0.3748,285,305,0,0,1
4166,4.1668,0.3618,285,305,0,0,1
4167,4.1219,0.6665,285,305,0,0,1
4168,5.3193,0.4627,285,305,0,0,1
4169,3.0059,0.3581,285,305,0,0,1
4170,4.2038,0.3593,285,305,0,0,1
4171,4.1245,0.3687,285,305,0,0,1
4172,4.1993,0.4619,285,305,0,0,1
4173,4.3292,0.7035,285,305,0,0,1
4174,4.056,0.4047,285,305,0,0,1
4175,4.1266,0.379,282,305,0,0,1
4176,4.1549,0.4948,282,302,0,3,1
4177,4.183,0.458,282,302,0,0,1
4178,4.1611,0.3486,281,302,0,0,1
4179,4.1421,0.5799,280,301,0,1,1
4180,4.2082,0.6524,280,300,0,1,1
4181,4.1821,0.3876,280,300,0,0,1
4182,4.1331,0.3536,280,300,0,0,1
4183,4.1199,0.4204,280,300,0,0,1
4184,4.1661,0.4274,279,300,0,0,1
4185,4.2663,0.6108,278,299,0,1,1
4186,4.2745,0.5891,278,298,0,1,1
4187,4.0027,0.445,277,298,0,0,1
4188,4.1596,0.451,277,297,0,1,1
4189,4.2467,0.4426,276,297,0,0,1
4190,4.083,0.4109,276,296,0,1,1
4191,4.1464,0.4358,276,296,0,0,1
4192,4.57,0.4126,276,296,0,0,1
4193,3.7748,0.359,276,296,0,0,1
4194,4.2057,0.3612,276,296,0,0,1
4195,4.0632,0.4166,276,296,0,0,1
4196,4.6731,0.434,276,296,0,0,1
4197,3.7458,0.5961,276,296,0,0,1
4198,4.2513,0.5578,276,296,0,0,1
4199,4.1421,0.6735,276,296,0,0,1
4200,4.071,0.4132,276,296,0,0,1
4201,4.2775,0.4307,276,296,0,0,1
4202,4.0951,0.4851,275,296,0,0,1
4203,4.098,0.4211,275,295,0,1,1
4204,4.275,0.606,268,295,0,0,1
4205,4.1363,0.4251,268,288,0,7,1
4206,4.1662,0.428,268,288,0,0,1
4207,4.122,0.3926,267,288,0,0,1
4208,4.2314,0.3691,267,287,0,1,1
4209,4.122,0.5357,267,287,0,0,1
4210,4.1954,0.673,267,287,0,0,1
4211,4.1529,0.3878,266,287,0,0,1
4212,4.1738,0.5131,266,286,0,1,1
4213,4.176,0.4796,266,286,0,0,1
4214,4.1686,0.4783,266,286,0,0,1
4215,4.2148,0.4037,266,286,0,0,1
4216,4.0988,0.4504,265,286,0,0,1
4217,4.2505,0.6115,265,285,0,1,1
4218,4.0807,0.3736,265,285,0,0,1
4219,4.2327,0.6173,309,331,46,0,1
4220,4.0859,0.3898,307,329,0,2,1
4221,4.3139,0.7858,306,327,0,2,1
4222,4.0333,0.746,306,326,0,1,1
4223,4.1901,0.514,305,326,0,0,1
4224,4.2186,0.5911,305,325,0,1,1
4225,4.1362,0.4268,305,325,0,0,1
4226,4.1339,0.457,304,325,0,0,1
4227,4.1914,0.4943,304,324,0,1,1
4228,4.3923,0.6871,304,324,0,0,1
4229,4.279,0.6041,304,324,0,0,1
4230,4.2861,0.3857,302,324,0,0,1
4231,3.709,0.5354,301,322,0,2,1
4232,4.0981,0.426,301,321,0,1,1
4233,4.2727,0.6974,300,321,0,0,1
4234,4.3739,0.5906,300,320,0,1,1
4235,4.0064,0.3826,300,320,0,0,1
4236,4.0939,0.4676,299,320,0,0,1
4237,4.1382,0.4916,299,319,0,1,1
4238,4.2125,0.461,297,319,0,0,1
4239,4.0744,0.4172,296,317,0,2,1
4240,4.158,0.3987,296,316,0,1,1
4241,4.2997,0.7062,295,316,0,0,1
4242,4.0491,0.4263,295,315,0,1,1
4243,4.3416,0.6432,295,315,0,0,1
4244,4.0781,0.5542,295,315,0,0,1
4245,4.1208,0.4515,295,315,0,0,1
4246,4.1751,0.4814,295,315,0,0,1
4247,4.1264,0.5603,295,315,0,0,1
4248,4.1494,0.5477,295,315,0,0,1
4249,4.2862,0.5592,295,315,0,0,1
4250,4.072,0.4372,295,315,0,0,1
4251,4.1386,0.4114,294,315,0,0,1
4252,4.2036,0.3814,293,314,0,1,1
4253,4.1631,0.3605,293,313,0,1,1
4254,4.176,0.4561,292,313,0,0,1
4255,4.2849,0.6533,290,312,0,1,1
4256,4.0597,0.453,290,310,0,2,1
4257,4.1663,0.3509,289,310,0,0,1
4258,4.1937,0.4373,289,309,0,1,1
4259,4.1007,0.4618,289,309,0,0,1
4260,4.4657,0.6607,289,309,0,0,1
4261,3.9689,0.4228,289,309,0,0,1
4262,4.1585,0.4475,289,309,0,0,1
4263,4.2104,0.55,289,309,0,0,1
4264,4.0515,0.4214,289,309,0,0,1
4265,4.2357,0.4082,289,309,0,0,1
4266,4.0946,0.3558,288,309,0,0,1
4267,4.1722,0.4657,288,308,0,1,1
4268,4.1683,0.443,288,308,0,0,1
4269,4.2886,0.4253,288,308,0,0,1
4270,4.0815,0.4012,288,308,0,0,1
4271,4.1615,0.4563,288,308,0,0,1
4272,4.1244,0.6044,288,308,0,0,1
4273,4.2593,0.3827,288,308,0,0,1
4274,4.1525,0.3965,288,308,0,0,1
4275,4.1696,0.509,288,308,0,0,1
4276,4.104,0.438,287,308,0,0,1
4277,4.2525,0.4595,286,307,0,1,1
4278,4.09,0.3589,286,306,0,1,1
4279,4.3636,0.3951,284,306,0,0,1
4280,4.0096,0.4749,284,304,0,2,1
4281,4.1901,0.7107,277,304,0,0,1
4282,4.1713,0.4256,275,297,0,7,1
4283,4.1386,0.6726,275,295,0,2,1
4284,4.146,0.6985,275,295,0,0,1
4285,4.2465,0.6219,275,295,0,0,1
4286,4.1733,0.6459,275,295,0,0,1
4287,4.1573,0.6995,275,295,0,0,1
4288,4.03,0.3738,275,295,0,0,1
4289,4.2167,0.3374,275,295,0,0,1
4290,4.132,0.4102,273,295,0,0,1
4291,4.13,0.4313,273,293,0,2,1
4292,4.3365,0.6311,273,293,0,0,1
4293,4.0858,0.3895,272,293,0,0,1
4294,4.1603,0.458,271,292,0,1,1
4295,4.1243,0.401,271,291,0,1,1
4296,4.1205,0.6256,304,325,34,0,1
4297,4.2173,0.3647,304,324,0,1,1
4298,4.2444,0.51,303,324,0,0,1
4299,4.2197,0.6246,303,323,0,1,1
4300,4.1378,0.7881,302,323,0,0,1
4301,4.1381,0.4415,302,322,0,1,1
4302,4.0944,0.3564,302,322,0,0,1
4303,4.206,0.5093,302,322,0,0,1
4304,4.1814,0.5007,302,322,0,0,1
4305,4.2217,0.6293,301,322,0,0,1
4306,4.1098,0.5838,301,321,0,1,1
4307,4.2259,0.3824,300,321,0,0,1
4308,4.0499,0.4591,300,320,0,1,1
4309,4.2507,0.5953,299,320,0,0,1
4310,4.4864,0.4406,299,319,0,1,1
4311,3.8318,0.7068,299,319,0,0,1
4312,4.1437,0.4575,299,319,0,0,1
4313,4.5193,0.6037,299,319,0,0,1
4314,3.8063,0.4266,299,319,0,0,1
4315,4.4995,0.3889,299,319,0,0,1
4316,3.8324,0.395,298,319,0,0,1
4317,4.2011,0.7652,298,318,0,1,1
4318,4.2247,0.5992,298,318,0,0,1
4319,4.0809,0.4398,298,318,0,0,1
4320,4.104,0.522,297,318,0,0,1
4321,4.221,0.3713,296,317,0,1,1
4322,4.2081,0.4922,296,316,0,1,1
4323,4.0974,0.4656,295,316,0,0,1
4324,4.2364,0.6518,294,315,0,1,1
4325,4.0981,0.4168,294,314,0,1,1
4326,4.1899,0.4471,294,314,0,0,1
4327,4.237,0.5347,294,314,0,0,1
4328,4.1279,0.5354,294,314,0,0,1
4329,4.1964,0.5145,293,314,0,0,1
4330,4.1727,0.6227,293,313,0,1,1
4331,4.0998,0.4747,293,313,0,0,1
4332,4.1818,0.434,293,313,0,0,1
4333,4.1752,0.5005,292,313,0,0,1
4334,4.1508,0.366,292,312,0,1,1
4335,4.4044,0.4988,292,312,0,0,1
4336,3.9104,0.4949,292,312,0,0,1
4337,4.2164,0.3611,291,312,0,0,1
4338,4.1407,0.364,291,311,0,1,1
4339,4.1291,0.5206,290,311,0,0,1
4340,4.145,0.4515,289,310,0,1,1
4341,4.2806,0.4549,289,309,0,1,1
4342,4.1019,0.5708,288,309,0,0,1
4343,4.1677,0.5393,287,308,0,1,1
4344,4.1916,0.5076,287,307,0,1,1
4345,4.175,0.485,287,307,0,0,1
4346,4.1345,0.5079,286,307,0,0,1
4347,4.2055,0.4321,286,306,0,1,1
4348,4.1598,0.727,285,306,0,0,1
4349,4.2258,0.4417,284,305,0,1,1
4350,4.0513,0.3618,283,304,0,1,1
4351,4.1896,0.7055,282,303,0,1,1
4352,4.1625,0.4907,281,302,0,1,1
4353,4.1732,0.4104,281,301,0,1,1
4354,4.2215,0.5,281,301,0,0,1
4355,4.0829,0.3684,281,301,0,0,1
4356,4.323,0.6773,281,301,0,0,1
4357,4.1003,0.5215,281,301,0,0,1
4358,4.1667,0.3805,274,301,0,0,1
4359,4.078,0.4095,274,294,0,7,1
4360,4.1565,0.5287,273,294,0,0,1
4361,4.2099,0.5899,272,293,0,1,1
4362,4.1853,0.3465,271,292,0,1,1
4363,4.1611,0.4813,270,291,0,1,1
4364,4.1556,0.4409,270,290,0,1,1
4365,4.2815,0.6512,270,290,0,0,1
4366,4.0929,0.3613,269,290,0,0,1
4367,4.1282,0.4506,269,289,0,1,1
4368,4.2279,0.4037,269,289,0,0,1
4369,4.1977,0.3766,268,289,0,0,1
4370,4.0755,0.4589,268,288,0,1,1
4371,4.1805,0.5032,268,288,0,0,1
4372,4.1446,0.4739,268,288,0,0,1
4373,4.2113,0.5348,313,334,46,0,1
4374,4.1065,0.3778,311,333,0,1,1
4375,4.1851,0.7739,311,331,0,2,1
4376,4.1947,0.5044,311,331,0,0,1
4377,4.2107,0.5558,310,331,0,0,1
4378,4.1566,0.4093,310,330,0,1,1
4379,4.1157,0.523,310,330,0,0,1
4380,4.1336,0.3855,310,330,0,0,1
4381,4.2584,0.5583,309,330,0,0,1
4382,4.1262,0.5187,308,329,0,1,1
4383,4.1126,0.588,307,328,0,1,1
4384,4.1858,0.4089,307,327,0,1,1
4385,4.2105,0.3952,307,327,0,0,1
4386,4.1351,0.4669,307,327,0,0,1
4387,4.2909,0.5582,307,327,0,0,1
4388,4.0707,0.4058,307,327,0,0,1
4389,4.2223,0.4169,307,327,0,0,1
4390,4.1001,0.4129,307,327,0,0,1
4391,4.1692,0.567,307,327,0,0,1
4392,4.3616,0.7024,307,327,0,0,1
4393,4.0173,0.4225,307,327,0,0,1
4394,4.1899,0.3957,307,327,0,0,1
4395,4.1423,0.4529,307,327,0,0,1
4396,4.1295,0.5506,307,327,0,0,1
4397,4.1813,0.5052,307,327,0,0,1
4398,4.0929,0.4142,307,327,0,0,1
4399,4.176,0.5408,306,327,0,0,1
4400,4.221,0.3692,305,326,0,1,1
4401,4.1979,0.4366,304,325,0,1,1
4402,4.17,0.504,304,324,0,1,1
4403,4.159,0.5438,304,324,0,0,1
4404,4.0678,0.3765,304,324,0,0,1
4405,4.306,0.4126,303,324,0,0,1
4406,4.1632,0.4324,302,323,0,1,1
4407,4.1205,0.5731,302,322,0,1,1
4408,4.493,0.5582,302,322,0,0,1
4409,3.8271,0.6119,302,322,0,0,1
4410,4.189,0.3929,302,322,0,0,1
4411,4.1402,0.6245,302,322,0,0,1
4412,4.1295,0.5019,300,322,0,0,1
4413,4.2427,0.5294,300,320,0,2,1
4414,4.1317,0.4183,300,320,0,0,1
4415,4.1383,0.383,300,320,0,0,1
4416,4.0961,0.598,300,320,0,0,1
4417,4.2752,0.4607,300,320,0,0,1
4418,4.28,0.4282,300,320,0,0,1
4419,3.9852,0.4067,299,320,0,0,1
4420,4.2562,0.5574,299,319,0,1,1
4421,4.1633,0.5022,299,319,0,0,1
4422,4.0852,0.4417,297,319,0,0,1
4423,4.2349,0.576,297,317,0,2,1
4424,4.1277,0.4204,297,317,0,0,1
4425,4.481,0.5661,296,317,0,0,1
4426,3.9024,0.5384,296,316,0,1,1
4427,4.0854,0.4465,296,316,0,0,1
4428,4.1947,0.3793,295,316,0,0,1
4429,4.1897,0.3753,295,315,0,1,1
4430,4.1681,0.5206,295,315,0,0,1
4431,4.2439,0.7167,295,315,0,0,1
4432,4.0942,0.6984,294,315,0,0,1
4433,4.1723,0.404,294,314,0,1,1
4434,4.1243,0.3506,287,314,0,0,1
4435,4.1642,0.4681,286,307,0,7,1
4436,4.1901,0.4243,286,306,0,1,1
4437,4.152,0.5756,286,306,0,0,1
4438,4.2053,0.3995,286,306,0,0,1
4439,4.1233,0.4521,286,306,0,0,1
4440,4.1782,0.6103,286,306,0,0,1
4441,4.1812,0.4622,286,306,0,0,1
4442,4.1322,0.5557,285,306,0,0,1
4443,4.2373,0.4811,285,305,0,1,1
4444,4.1574,0.7318,285,305,0,0,1
4445,4.1065,0.5024,285,305,0,0,1
4446,4.2256,0.3459,285,305,0,0,1
4447,4.1827,0.5201,285,305,0,0,1
4448,4.1061,0.4596,284,305,0,0,1
4449,4.253,0.6573,283,304,0,1,1
4450,4.2683,0.7654,317,337,34,1,1
4451,3.9624,0.3882,317,337,0,0,1
4452,4.2272,0.6857,317,337,0,0,1
4453,4.2064,0.5869,317,337,0,0,1
4454,4.1445,0.4978,317,337,0,0,1
4455,4.1407,0.4404,317,337,0,0,1
4456,4.1752,0.59,317,337,0,0,1
4457,4.1945,0.4363,317,337,0,0,1
4458,4.1268,0.4191,317,337,0,0,1
4459,4.4205,0.4779,317,337,0,0,1
4460,3.8811,0.4469,317,337,0,0,1
4461,4.3844,0.4023,316,337,0,0,1
4462,4.0007,0.7198,316,336,0,1,1
4463,4.1836,0.6298,314,336,0,0,1
4464,4.1001,0.6676,313,334,0,2,1
4465,4.1727,0.537,312,333,0,1,1
4466,4.1702,0.4496,311,332,0,1,1
4467,4.1837,0.4544,311,331,0,1,1
4468,4.1876,0.6431,311,331,0,0,1
4469,4.3055,0.4121,311,331,0,0,1
4470,4.2291,0.4406,311,331,0,0,1
4471,3.9501,0.4895,311,331,0,0,1
4472,4.1774,0.6043,309,331,0,0,1
4473,4.21,0.4751,308,329,0,2,1
4474,4.1126,0.4936,308,328,0,1,1
4475,4.1178,0.4363,307,328,0,0,1
4476,4.1938,0.7,307,327,0,1,1
4477,4.2048,0.457,306,327,0,0,1
4478,4.1697,0.4143,306,326,0,1,1
4479,4.1469,0.4182,306,326,0,0,1
4480,4.164,0.5022,305,326,0,0,1
4481,4.3507,0.5862,303,325,0,1,1
4482,4.0315,0.3972,303,323,0,2,1
4483,4.1689,0.4146,303,323,0,0,1
4484,4.0991,0.3677,302,323,0,0,1
4485,4.4475,0.7065,301,322,0,1,1
4486,3.943,0.5692,301,321,0,1,1
4487,4.1074,0.379,301,321,0,0,1
4488,4.2444,0.5548,301,321,0,0,1
4489,4.1366,0.4738,300,321,0,0,1
4490,4.1193,0.47,298,320,0,1,1
4491,4.25,0.5338,298,318,0,2,1
4492,4.1308,0.583,298,318,0,0,1
4493,4.168,0.5418,298,318,0,0,1
4494,4.1343,0.4495,298,318,0,0,1
4495,4.1439,0.4323,298,318,0,0,1
4496,4.1483,0.4,298,318,0,0,1
4497,4.2651,0.4838,297,318,0,0,1
4498,4.1276,0.3971,296,317,0,1,1
4499,4.1485,0.4576,296,316,0,1,1
4500,4.2204,0.6686,296,316,0,0,1
4501,4.1613,0.3833,295,316,0,0,1
4502,4.1252,0.6064,294,315,0,1,1
4503,4.2312,0.5331,294,314,0,1,1
4504,4.0954,0.5422,294,314,0,0,1
4505,4.1876,0.4802,294,314,0,0,1
4506,4.4762,0.3759,293,314,0,0,1
4507,3.8865,0.8611,293,313,0,1,1
4508,4.1051,0.4748,292,313,0,0,1
4509,4.2631,0.4589,292,312,0,1,1
4510,4.1612,0.388,292,312,0,0,1
4511,4.1102,0.3679,285,312,0,0,1
4512,4.3207,0.712,285,305,0,7,1
4513,4.0009,0.426,285,305,0,0,1
4514,4.1372,0.3541,284,305,0,0,1
4515,4.209,0.4554,284,304,0,1,1
4516,4.1772,0.6084,283,304,0,0,1
4517,4.1002,0.4749,282,303,0,1,1
4518,4.2072,0.3522,281,302,0,1,1
4519,4.2716,0.6171,281,301,0,1,1
4520,4.0724,0.4494,281,301,0,0,1
4521,4.4508,0.4166,279,301,0,0,1
4522,4.2888,0.5755,279,299,0,2,1
4523,3.7341,0.5198,279,299,0,0,1
4524,4.2031,0.7186,279,299,0,0,1
4525,4.2071,0.4001,278,299,0,0,1
4526,4.1428,0.4137,277,298,0,1,1
4527,4.1496,0.6469,322,343,46,1,1
4528,4.097,0.4966,322,342,0,1,1
4529,4.2818,0.6746,322,342,0,0,1
4530,4.0704,0.3813,322,342,0,0,1
4531,4.1885,0.6123,322,342,0,0,1
4532,4.2109,0.4053,322,342,0,0,1
4533,4.2001,0.4967,322,342,0,0,1
4534,4.1504,0.5363,322,342,0,0,1
4535,4.1125,0.4585,321,342,0,0,1
4536,4.213,0.4389,321,341,0,1,1
4537,4.1803,0.6713,321,341,0,0,1
4538,4.2204,0.6516,321,341,0,0,1
4539,4.1224,0.4558,321,341,0,0,1
4540,4.0679,0.4818,321,341,0,0,1
4541,4.2734,0.5125,321,341,0,0,1
4542,4.0617,0.3861,321,341,0,0,1
4543,4.1958,0.4082,321,341,0,0,1
4544,4.2089,0.6227,321,341,0,0,1
4545,4.1654,0.4337,321,341,0,0,1
4546,4.0893,0.4839,321,341,0,0,1
4547,4.2404,0.8029,320,341,0,0,1
4548,4.1321,0.7234,319,340,0,1,1
4549,4.1854,0.4409,319,339,0,1,1
4550,4.5103,0.5363,319,339,0,0,1
4551,3.8078,0.4351,319,339,0,0,1
4552,4.2271,0.7247,318,339,0,0,1
4553,4.5263,0.5156,318,338,0,1,1
4554,3.7695,0.4656,317,338,0,0,1
4555,4.4504,0.7008,317,337,0,1,1
4556,3.8339,0.3958,317,337,0,0,1
4557,4.2675,0.5556,315,337,0,0,1
4558,4.2111,0.6046,315,335,0,2,1
4559,4.046,0.5165,313,335,0,0,1
4560,4.1555,0.4769,313,333,0,2,1
4561,4.1866,0.3891,313,333,0,0,1
4562,4.1757,0.3667,313,333,0,0,1
4563,4.2576,0.6305,312,333,0,0,1
4564,4.0895,0.7168,312,332,0,1,1
4565,4.1674,0.5172,312,332,0,0,1
4566,4.2665,0.4287,312,332,0,0,1
4567,4.1116,0.3889,311,332,0,0,1
4568,4.0686,0.486,310,331,0,1,1
4569,4.2205,0.3913,309,330,0,1,1
4570,4.4479,0.5448,309,329,0,1,1
4571,3.8881,0.489,309,329,0,0,1
4572,4.1483,0.4683,307,329,0,0,1
4573,4.2408,0.4278,306,327,0,2,1
4574,4.1169,0.4843,306,326,0,1,1
4575,4.1861,0.5015,305,326,0,0,1
4576,4.1889,0.5679,304,325,0,1,1
4577,4.0838,0.414,302,324,0,1,1
4578,4.1901,0.3751,302,322,0,2,1
4579,4.1784,0.4625,302,322,0,0,1
4580,4.1275,0.4882,302,322,0,0,1
4581,4.2592,0.4721,302,322,0,0,1
4582,4.209,0.4028,300,322,0,0,1
4583,4.0464,0.3946,300,320,0,2,1
4584,4.171,0.4216,299,320,0,0,1
4585,4.2927,0.4926,299,319,0,1,1
4586,4.0478,0.5324,298,319,0,0,1
4587,4.2256,0.6138,298,318,0,1,1
4588,4.1249,0.6265,291,318,0,0,1
4589,4.1854,0.7444,290,311,0,7,1
4590,4.1027,0.4387,290,310,0,1,1
4591,4.2439,0.4752,290,310,0,0,1
4592,4.0945,0.3666,290,310,0,0,1
4593,4.2867,0.5439,290,310,0,0,1
4594,4.4066,0.7439,288,310,0,0,1
4595,3.8614,0.7344,288,308,0,2,1
4596,4.1547,0.6251,288,308,0,0,1
4597,4.1282,0.3674,288,308,0,0,1
4598,4.1916,0.4753,288,308,0,0,1
4599,4.1292,0.9003,288,308,0,0,1
4600,4.1757,0.4514,288,308,0,0,1
4601,4.281,0.6323,288,308,0,0,1
4602,4.0449,0.3596,286,308,0,0,1
4603,4.2014,0.6515,320,340,34,2,1
4604,4.1272,0.4535,318,340,0,0,1
4605,4.3142,0.5199,317,338,0,2,1
4606,4.1307,0.6686,316,337,0,1,1
4607,4.1318,0.7153,315,336,0,1,1
4608,4.1173,0.5447,315,335,0,1,1
4609,4.429,0.4692,314,335,0,0,1
4610,3.8825,0.6952,314,334,0,1,1
4611,4.2416,0.5076,313,334,0,0,1
4612,4.1097,0.4124,313,333,0,1,1
4613,4.298,0.6219,313,333,0,0,1
4614,4.0684,0.3716,312,333,0,0,1
4615,4.2106,0.75,311,332,0,1,1
4616,4.0711,0.4974,311,331,0,1,1
4617,4.3124,0.6526,311,331,0,0,1
4618,4.0356,0.3728,311,331,0,0,1
4619,4.1848,0.3907,310,331,0,0,1
4620,4.2034,0.3771,309,330,0,1,1
4621,4.157,0.5267,309,329,0,1,1
4622,4.1882,0.4963,309,329,0,0,1
4623,4.2134,0.8036,309,329,0,0,1
4624,4.0545,0.493,308,329,0,0,1
4625,4.1677,0.8959,308,328,0,1,1
4626,4.1792,0.4842,308,328,0,0,1
4627,4.2993,0.618,308,328,0,0,1
4628,4.036,0.4733,308,328,0,0,1
4629,4.255,0.5563,308,328,0,0,1
4630,4.1371,0.4302,308,328,0,0,1
4631,4.1438,0.6332,308,328,0,0,1
4632,4.1185,0.5447,308,328,0,0,1
4633,4.2001,0.5338,308,328,0,0,1
4634,4.1442,0.431,308,328,0,0,1
4635,4.2617,0.4315,308,328,0,0,1
4636,4.0636,0.3607,307,328,0,0,1
4637,4.2346,0.6976,305,327,0,1,1
4638,4.1136,0.4828,304,325,0,2,1
4639,4.1281,0.4629,304,324,0,1,1
4640,4.2077,0.4146,303,324,0,0,1
4641,4.224,0.4075,302,323,0,1,1
4642,4.156,0.5152,300,322,0,1,1
4643,4.0838,0.6252,300,320,0,2,1
4644,4.1614,0.6663,300,320,0,0,1
4645,4.2648,0.3672,300,320,0,0,1
4646,4.1889,0.4274,300,320,0,0,1
4647,4.1299,0.5063,298,320,0,0,1
4648,4.1024,0.5126,298,318,0,2,1
4649,4.2517,0.6669,297,318,0,0,1
4650,4.1015,0.3615,296,317,0,1,1
4651,4.2212,0.4174,295,316,0,1,1
4652,4.1337,0.4892,295,315,0,1,1
4653,4.2133,0.5198,295,315,0,0,1
4654,4.1775,0.5078,295,315,0,0,1
4655,4.0883,0.3893,295,315,0,0,1
4656,4.1535,0.4244,295,315,0,0,1
4657,4.459,0.4525,294,315,0,0,1
4658,3.88,0.472,294,314,0,1,1
4659,4.2265,0.4611,294,314,0,0,1
4660,4.1428,0.5136,294,314,0,0,1
4661,4.2233,0.4028,294,314,0,0,1
4662,4.2612,0.4765,293,314,0,0,1
4663,4.0274,0.7388,293,313,0,1,1
4664,4.1579,0.4242,293,313,0,0,1
4665,4.2254,0.409,285,313,0,0,1
4666,4.1302,0.5155,285,305,0,8,1
4667,4.0996,0.45,285,305,0,0,1
4668,4.2136,0.4272,285,305,0,0,1
4669,4.1636,0.4292,285,305,0,0,1
4670,4.3498,0.5906,285,305,0,0,1
4671,3.959,0.5471,285,305,0,0,1
4672,4.1636,0.4291,285,305,0,0,1
4673,4.4595,0.48,285,305,0,0,1
4674,3.8761,0.3821,284,305,0,0,1
4675,4.2247,0.4882,284,304,0,1,1
4676,4.2518,0.4199,283,304,0,0,1
4677,4.0977,0.3548,282,303,0,1,1
4678,4.1118,0.4009,282,302,0,1,1
4679,4.1283,0.4384,279,302,0,0,1
4680,4.1061,0.7452,324,345,46,3,1
4681,4.4123,0.4267,324,344,0,1,1
4682,4.0113,0.4613,324,344,0,0,1
4683,4.1882,0.4404,323,344,0,0,1
4684,4.1247,0.416,323,343,0,1,1
4685,4.2398,0.4526,323,343,0,0,1
4686,4.0783,0.4645,323,343,0,0,1
4687,4.2058,0.5149,321,343,0,0,1
4688,4.1526,0.531,321,341,0,2,1
4689,4.4434,0.5842,321,341,0,0,1
4690,3.9529,0.667,321,341,0,0,1
4691,4.1207,0.4043,320,341,0,0,1
4692,4.165,0.5768,320,340,0,1,1
4693,4.1962,0.5025,318,340,0,0,1
4694,4.1788,0.6629,317,338,0,2,1
4695,4.1341,0.6697,317,337,0,1,1
4696,4.1442,0.3889,316,337,0,0,1
4697,4.1618,0.5682,315,336,0,1,1
4698,4.3959,0.4638,315,335,0,1,1
4699,3.9584,0.5048,314,335,0,0,1
4700,4.1774,0.4565,314,334,0,1,1
4701,4.2235,0.4325,313,334,0,0,1
4702,4.105,0.7319,313,333,0,1,1
4703,4.2066,0.6301,312,333,0,0,1
4704,4.128,0.6993,312,332,0,1,1
4705,4.1591,0.458,310,332,0,0,1
4706,4.2298,0.5986,310,330,0,2,1
4707,4.1418,0.3781,308,330,0,0,1
4708,4.1166,0.3705,308,328,0,2,1
4709,4.2382,0.426,307,328,0,0,1
4710,4.1369,0.4648,307,327,0,1,1
4711,4.2039,0.4838,307,327,0,0,1
4712,4.1022,0.4608,306,327,0,0,1
4713,4.1568,0.3591,306,326,0,1,1
4714,4.2686,0.7139,305,326,0,0,1
4715,4.0992,0.7075,305,325,0,1,1
4716,4.1229,0.6909,305,325,0,0,1
4717,4.1985,0.5117,305,325,0,0,1
4718,4.2025,0.3973,303,325,0,0,1
4719,4.1819,0.4456,303,323,0,2,1
4720,4.0756,0.6664,303,323,0,0,1
4721,4.2277,0.4585,303,323,0,0,1
4722,4.1342,0.3724,303,323,0,0,1
4723,4.219,0.4379,302,323,0,0,1
4724,4.1211,0.399,302,322,0,1,1
4725,4.2206,0.4754,302,322,0,0,1
4726,4.1649,0.6907,302,322,0,0,1
4727,4.1519,0.6533,302,322,0,0,1
4728,4.6082,0.3858,302,322,0,0,1
4729,3.6864,0.5702,302,322,0,0,1
4730,4.1934,0.6015,302,322,0,0,1
4731,4.1781,0.4216,301,322,0,0,1
4732,4.1492,0.6039,301,321,0,1,1
4733,4.2774,0.5655,301,321,0,0,1
4734,4.0161,0.4497,300,321,0,0,1
4735,4.1233,0.6641,299,320,0,1,1
4736,4.2402,0.5024,299,319,0,1,1
4737,4.1525,0.3538,299,319,0,0,1
4738,4.2364,0.5214,299,319,0,0,1
4739,4.1156,0.6283,298,319,0,0,1
4740,4.1219,0.4236,298,318,0,1,1
4741,4.2531,0.5695,297,318,0,0,1
4742,4.1427,0.4399,290,317,0,1,1
4743,4.1501,0.5013,290,310,0,7,1
4744,4.1324,0.7179,290,310,0,0,1
4745,4.2533,0.497,290,310,0,0,1
4746,4.1019,0.3554,290,310,0,0,1
4747,4.2235,0.5431,290,310,0,0,1
4748,4.1432,0.4447,290,310,0,0,1
4749,4.1886,0.4769,290,310,0,0,1
4750,4.1542,0.4589,289,310,0,0,1
4751,4.132,0.5566,289,309,0,1,1
4752,4.1194,0.4936,289,309,0,0,1
4753,4.6231,0.3987,289,309,0,0,1
4754,3.7911,0.5203,289,309,0,0,1
4755,4.1362,0.4268,286,309,0,0,1
4756,4.175,0.6771,286,306,0,3,1
4757,4.2861,0.8133,320,340,34,0,1
4758,4.0409,0.396,320,340,0,0,1
4759,4.2015,0.4702,320,340,0,0,1
4760,4.1456,0.4171,318,340,0,0,1
4761,4.1905,0.5802,317,338,0,2,1
4762,4.1301,0.4842,316,337,0,1,1
4763,4.1858,0.781,315,336,0,1,1
4764,4.1744,0.6698,315,335,0,1,1
4765,4.1769,0.3948,313,335,0,0,1
4766,4.1582,0.4375,313,333,0,2,1
4767,4.5055,0.5117,313,333,0,0,1
4768,3.7434,0.4635,313,333,0,0,1
4769,4.1576,0.485,313,333,0,0,1
4770,4.1924,0.3596,313,333,0,0,1
4771,4.4701,0.6168,313,333,0,0,1
4772,3.8941,0.4856,313,333,0,0,1
4773,4.155,0.4839,313,333,0,0,1
4774,4.2365,0.5073,312,333,0,0,1
4775,4.1047,0.4226,312,332,0,1,1
4776,4.1299,0.5338,312,332,0,0,1
4777,4.2069,0.4486,312,332,0,0,1
4778,4.166,0.4533,312,332,0,0,1
4779,4.1772,0.4836,311,332,0,0,1
4780,4.1923,0.5278,310,331,0,1,1
4781,4.3734,0.5307,310,330,0,1,1
4782,4.1755,0.3754,310,330,0,0,1
4783,3.896,0.8366,310,330,0,0,1
4784,4.193,0.4774,310,330,0,0,1
4785,4.2327,0.4868,310,330,0,0,1
4786,4.1454,0.4092,310,330,0,0,1
4787,4.1019,0.3959,310,330,0,0,1
4788,4.1712,0.3711,310,330,0,0,1
4789,4.6781,0.4863,307,330,0,0,1
4790,3.7153,0.5197,307,327,0,3,1
4791,4.169,0.4476,306,327,0,0,1
4792,4.1646,0.5424,306,326,0,1,1
4793,4.0967,0.3821,306,326,0,0,1
4794,4.1585,0.4448,306,326,0,0,1
4795,4.1561,0.5606,306,326,0,0,1
4796,4.2604,0.4362,305,326,0,0,1
4797,4.1842,0.4576,303,325,0,1,1
4798,4.1522,0.4237,303,323,0,2,1
4799,4.1223,0.4608,302,323,0,0,1
4800,4.0859,0.6258,300,322,0,1,1
4801,4.4858,0.3871,300,320,0,2,1
4802,3.9076,0.3565,299,320,0,0,1
4803,4.2379,0.4553,298,319,0,1,1
4804,4.105,0.4617,298,318,0,1,1
4805,4.2274,0.4923,298,318,0,0,1
4806,4.1137,0.3501,298,318,0,0,1
4807,4.1296,0.5575,296,318,0,0,1
4808,4.2201,0.4647,295,316,0,2,1
4809,4.2104,0.4557,295,315,0,1,1
4810,4.0649,0.4015,295,315,0,0,1
4811,4.2194,0.369,295,315,0,0,1
4812,4.1428,0.3641,295,315,0,0,1
4813,4.195,0.475,293,315,0,0,1
4814,4.1755,0.6126,293,313,0,2,1
4815,4.23,0.759,293,313,0,0,1
4816,4.1039,0.5643,292,313,0,0,1
4817,4.1168,0.6698,292,312,0,1,1
4818,4.1862,0.4647,285,312,0,0,1
4819,4.1653,0.5321,285,305,0,7,1
4820,4.1422,0.3808,285,305,0,0,1
4821,4.2517,0.4696,285,305,0,0,1
4822,4.1112,0.4623,285,305,0,0,1
4823,4.2144,0.6472,285,305,0,0,1
4824,4.0866,0.5031,284,305,0,0,1
4825,4.1856,0.4326,284,304,0,1,1
4826,4.2036,0.6416,284,304,0,0,1
4827,4.2054,0.617,283,304,0,0,1
4828,4.1376,0.5798,283,303,0,1,1
4829,4.1637,0.5361,283,303,0,0,1
4830,4.1171,0.4611,283,303,0,0,1
4831,4.2016,0.3948,282,303,0,0,1
4832,4.1724,0.4179,281,302,0,1,1
4833,4.1934,0.4716,281,301,0,1,1
4834,4.1498,0.6221,327,347,46,0,1
4835,4.1283,0.4591,326,347,0,0,1
4836,4.1436,0.7628,326,346,0,1,1
4837,4.2835,0.5149,326,346,0,0,1
4838,4.0941,0.3933,325,346,0,0,1
4839,4.2098,0.4275,323,345,0,1,1
4840,4.1447,0.7425,322,343,0,2,1
4841,4.1218,0.4705,321,342,0,1,1
4842,4.1962,0.4368,320,341,0,1,1
4843,4.1265,0.5411,320,340,0,1,1
4844,4.1634,0.3969,320,340,0,0,1
4845,4.2528,0.6428,320,340,0,0,1
4846,4.197,0.6037,319,340,0,0,1
4847,4.1347,0.6102,319,339,0,1,1
4848,4.1058,0.4798,319,339,0,0,1
4849,4.3299,0.397,318,339,0,0,1
4850,4.0251,0.6305,317,338,0,1,1
4851,4.1794,0.41,317,337,0,1,1
4852,4.1848,0.6907,317,337,0,0,1
4853,4.2121,0.4831,315,337,0,0,1
4854,4.0674,0.431,315,335,0,2,1
4855,4.225,0.4118,315,335,0,0,1
4856,4.1555,0.4797,315,335,0,0,1
4857,4.127,0.5081,313,335,0,0,1
4858,4.2207,0.6975,313,333,0,2,1
4859,4.1711,0.7272,313,333,0,0,1
4860,4.1649,0.7007,312,333,0,0,1
4861,4.1214,0.4269,312,332,0,1,1
4862,4.2156,0.423,312,332,0,0,1
4863,4.1675,0.611,312,332,0,0,1
4864,4.1152,0.4619,312,332,0,0,1
4865,4.2734,0.5952,312,332,0,0,1
4866,4.0467,0.3618,312,332,0,0,1
4867,4.1896,0.4179,312,332,0,0,1
4868,4.1853,0.4001,311,332,0,0,1
4869,4.1728,0.5416,311,331,0,1,1
4870,4.191,0.4488,310,331,0,0,1
4871,4.2255,0.7753,310,330,0,1,1
4872,4.1489,0.5783,310,330,0,0,1
4873,4.0728,0.4924,309,330,0,0,1
4874,4.2229,0.571,309,329,0,1,1
4875,4.1118,0.4568,308,329,0,0,1
4876,4.1456,0.5701,308,328,0,1,1
4877,4.2815,0.5768,308,328,0,0,1
4878,4.2041,0.3734,307,328,0,0,1
4879,4.0982,0.5335,307,327,0,1,1
4880,4.0748,0.4305,307,327,0,0,1
4881,4.2393,0.4721,306,327,0,0,1
4882,4.1352,0.3972,306,326,0,1,1
4883,4.1856,0.6104,305,326,0,0,1
4884,4.0868,0.4758,305,325,0,1,1
4885,4.26,0.4728,305,325,0,0,1
4886,4.1951,0.4475,305,325,0,0,1
4887,4.0605,0.4182,305,325,0,0,1
4888,4.1798,0.4055,305,325,0,0,1
4889,4.2443,0.4583,305,325,0,0,1
4890,4.105,0.4352,305,325,0,0,1
4891,4.1451,0.6913,304,325,0,0,1
4892,4.169,0.4033,304,324,0,1,1
4893,4.2716,0.5069,304,324,0,0,1
4894,4.1289,0.4966,304,324,0,0,1
4895,4.099,0.573,297,324,0,0,1
4896,4.1354,0.445,296,317,0,7,1
4897,4.5565,0.3635,296,316,0,1,1
4898,3.8267,0.4483,295,316,0,0,1
4899,4.2239,0.5853,295,315,0,1,1
4900,4.1508,0.5178,295,315,0,0,1
4901,4.1356,0.5332,293,315,0,0,1
4902,4.1607,0.3854,293,313,0,2,1
4903,4.3261,0.5953,293,313,0,0,1
4904,4.0379,0.4319,293,313,0,0,1
4905,4.1965,0.4231,293,313,0,0,1
4906,4.0694,0.4018,292,313,0,0,1
4907,4.2083,0.4956,291,312,0,1,1
4908,4.2107,0.4544,291,311,0,1,1
4909,4.2423,0.5247,291,311,0,0,1
4910,4.098,0.4073,289,311,0,0,1
4911,4.147,0.4856,322,343,34,2,1
4912,4.1187,0.5089,322,342,0,1,1
4913,4.1818,0.7415,321,342,0,0,1
4914,4.1556,0.6121,321,341,0,1,1
4915,4.2435,0.648,321,341,0,0,1
4916,4.1057,0.3971,319,341,0,0,1
4917,4.2634,0.459,319,339,0,2,1
4918,4.1256,0.4402,319,339,0,0,1
4919,4.1098,0.5884,319,339,0,0,1
4920,4.1928,0.7106,319,339,0,0,1
4921,4.1928,0.5033,319,339,0,0,1
4922,4.1077,0.3974,319,339,0,0,1
4923,4.1784,0.4047,319,339,0,0,1
4924,4.1955,0.5467,318,339,0,0,1
4925,4.1628,0.4741,318,338,0,1,1
4926,4.1039,0.452,318,338,0,0,1
4927,4.236,0.7459,318,338,0,0,1
4928,4.1303,0.4074,318,338,0,0,1
4929,4.224,0.425,318,338,0,0,1
4930,4.1039,0.5238,318,338,0,0,1
4931,4.2017,0.3987,318,338,0,0,1
4932,4.1087,0.5048,317,338,0,0,1
4933,4.2328,0.505,317,337,0,1,1
4934,4.2568,0.5951,317,337,0,0,1
4935,4.3515,0.6235,316,337,0,0,1
4936,3.9119,0.5982,316,336,0,1,1
4937,4.1228,0.3894,316,336,0,0,1
4938,4.2092,1.1126,316,336,0,0,1
4939,4.1256,0.4932,316,336,0,0,1
4940,4.1901,0.4929,314,336,0,0,1
4941,4.365,0.433,314,334,0,2,1
4942,3.9589,0.374,314,334,0,0,1
4943,4.1467,0.385,313,334,0,0,1
4944,4.1367,0.5391,312,333,0,1,1
4945,4.2157,0.5542,312,332,0,1,1
4946,4.145,0.6028,311,332,0,0,1
4947,4.3461,0.5851,311,331,0,1,1
4948,4.0325,0.5965,311,331,0,0,1
4949,4.203,0.5608,311,331,0,0,1
4950,4.8973,0.4717,310,331,0,0,1
4951,3.3256,0.527,310,330,0,1,1
4952,4.1869,0.4659,309,330,0,0,1
4953,4.2281,0.6345,308,329,0,1,1
4954,4.0828,0.4236,308,328,0,1,1
4955,4.2408,0.4323,308,328,0,0,1
4956,4.1192,0.5231,308,328,0,0,1
4957,4.1991,0.4896,307,328,0,0,1
4958,4.1325,0.4256,307,327,0,1,1
4959,4.2655,0.6486,306,327,0,0,1
4960,4.0885,0.4163,305,326,0,1,1
4961,4.1715,0.4421,304,325,0,1,1
4962,4.1674,0.4617,302,324,0,1,1
4963,4.1585,0.4908,301,322,0,2,1
4964,4.1763,0.3995,301,321,0,1,1
4965,4.2068,0.596,300,321,0,0,1
4966,4.1196,0.4762,300,320,0,1,1
4967,4.1707,0.4668,300,320,0,0,1
4968,4.2004,0.5946,300,320,0,0,1
4969,4.1672,0.3598,300,320,0,0,1
4970,4.0934,0.4391,300,320,0,0,1
4971,4.1946,0.7138,299,320,0,0,1
4972,4.2112,0.6823,292,319,0,1,1
4973,4.1509,0.5106,291,312,0,7,1
4974,4.1588,0.3622,291,311,0,1,1
4975,4.1195,0.3753,291,311,0,0,1
4976,4.2154,0.5154,291,311,0,0,1
4977,4.1132,0.6289,291,311,0,0,1
4978,4.1956,0.5364,291,311,0,0,1
4979,4.1982,0.4287,291,311,0,0,1
4980,4.1691,0.4498,290,311,0,0,1
4981,4.2389,0.4969,290,310,0,1,1
4982,4.0926,0.5787,290,310,0,0,1
4983,4.2039,0.4174,290,310,0,0,1
4984,4.0827,0.6671,290,310,0,0,1
4985,4.2041,0.4446,288,310,0,0,1
4986,4.1602,0.615,286,308,0,2,1
4987,4.2452,0.6488,332,352,46,2,1
4988,4.0642,0.4192,332,352,0,0,1
4989,4.272,0.4692,332,352,0,0,1
4990,4.1258,0.4709,332,352,0,0,1
4991,4.3194,0.7269,330,352,0,0,1
4992,3.9889,0.6601,330,350,0,2,1
4993,4.1336,0.387,330,350,0,0,1
4994,4.1597,0.401,330,350,0,0,1
4995,4.257,0.4259,330,350,0,0,1
4996,4.084,0.3811,330,350,0,0,1
4997,4.2882,0.7448,330,350,0,0,1
4998,4.0483,0.4549,330,350,0,0,1
4999,4.1848,0.5035,330,350,0,0,1
5000,4.1795,0.4253,329,350,0,0,1
5001,4.2242,0.3931,329,349,0,1,1
5002,4.1089,0.4594,329,349,0,0,1
5003,4.2664,0.6731,329,349,0,0,1
5004,4.0291,0.4861,329,349,0,0,1
5005,4.1754,0.4883,328,349,0,0,1
5006,4.1836,0.4589,326,348,0,1,1
5007,4.1251,0.4713,326,346,0,2,1
5008,4.1714,0.5578,326,346,0,0,1
5009,4.2282,0.3683,326,346,0,0,1
5010,4.1312,0.3922,326,346,0,0,1
5011,4.2364,0.8079,326,346,0,0,1
5012,4.135,0.4724,325,346,0,0,1
5013,4.2123,0.4772,324,345,0,1,1
5014,4.1099,0.6184,324,344,0,1,1
5015,4.209,0.666,324,344,0,0,1
5016,4.0838,0.4368,324,344,0,0,1
5017,4.2502,0.4037,322,344,0,0,1
5018,4.1519,0.7245,322,342,0,2,1
5019,4.087,0.4974,321,342,0,0,1
5020,4.1881,0.4382,320,341,0,1,1
5021,4.2616,0.6663,320,340,0,1,1
5022,4.0663,0.3751,320,340,0,0,1
5023,4.2318,0.4663,320,340,0,0,1
5024,4.1411,0.504,320,340,0,0,1
5025,4.2188,0.5143,320,340,0,0,1
5026,4.2855,0.4596,320,340,0,0,1
5027,4.0023,0.4018,320,340,0,0,1
5028,4.127,0.3755,318,340,0,0,1
5029,4.32,0.4161,318,338,0,2,1
5030,4.1172,0.4984,318,338,0,0,1
5031,4.0859,0.7101,318,338,0,0,1
5032,4.1104,0.4162,316,338,0,0,1
5033,4.2097,0.4208,316,336,0,2,1
5034,4.1515,0.3647,316,336,0,0,1
5035,4.1873,0.4185,314,336,0,0,1
5036,4.151,0.4683,313,334,0,2,1
5037,4.1886,0.499,313,333,0,1,1
5038,4.1358,0.7928,312,333,0,0,1
5039,4.1996,0.3989,312,332,0,1,1
5040,4.1802,0.5836,312,332,0,0,1
5041,4.1787,0.3836,312,332,0,0,1
5042,4.1676,0.4707,312,332,0,0,1
5043,4.1042,0.4378,312,332,0,0,1
5044,4.2004,0.4125,312,332,0,0,1
5045,4.2263,0.4982,312,332,0,0,1
5046,4.0932,0.3949,312,332,0,0,1
5047,4.2452,0.8188,312,332,0,0,1
5048,4.1031,0.4876,312,332,0,0,1
5049,4.4592,0.4952,305,332,0,0,1
5050,3.9141,0.4608,305,325,0,7,1
5051,4.1497,0.4237,304,325,0,0,1
5052,4.1104,0.5407,304,324,0,1,1
5053,4.2325,0.5041,304,324,0,0,1
5054,4.4605,0.6985,304,324,0,0,1
5055,3.84,0.4835,304,324,0,0,1
5056,4.1918,0.5616,304,324,0,0,1
5057,4.1247,0.3716,301,324,0,0,1
5058,4.1971,0.4898,301,321,0,3,1
5059,4.3232,0.4647,299,321,0,0,1
5060,3.9675,0.3972,299,319,0,2,1
5061,4.2763,0.4082,299,319,0,0,1
5062,4.0714,0.4103,299,319,0,0,1
5063,4.1876,0.4755,298,319,0,0,1
5064,4.1384,0.813,330,352,34,1,1
5065,4.1813,0.458,329,350,0,2,1
5066,4.1822,0.8098,328,349,0,1,1
5067,4.156,0.4565,328,348,0,1,1
5068,4.2182,0.4263,328,348,0,0,1
5069,4.1648,0.5409,328,348,0,0,1
5070,4.1219,0.3975,327,348,0,0,1
5071,4.1891,0.5881,327,347,0,1,1
5072,4.1491,0.5169,327,347,0,0,1
5073,4.193,0.7797,327,347,0,0,1
5074,4.3248,0.9601,326,347,0,0,1
5075,4.0293,0.8599,324,346,0,1,1
5076,4.1037,0.3782,324,344,0,2,1
5077,4.2059,0.4074,324,344,0,0,1
5078,4.1688,0.7688,324,344,0,0,1
5079,4.1587,0.4919,324,344,0,0,1
5080,4.1799,0.7514,323,344,0,0,1
5081,4.1722,0.4521,323,343,0,1,1
5082,4.1006,0.3599,322,343,0,0,1
5083,4.2982,0.433,322,342,0,1,1
5084,4.0689,0.3788,321,342,0,0,1
5085,4.4142,0.6121,321,341,0,1,1
5086,3.9639,0.539,321,341,0,0,1
5087,4.1404,0.4899,321,341,0,0,1
5088,4.0996,0.5203,321,341,0,0,1
5089,4.2112,0.6977,319,341,0,0,1
5090,4.2068,0.488,319,339,0,2,1
5091,4.1769,0.5804,319,339,0,0,1
5092,4.1133,0.5418,317,339,0,0,1
5093,4.2302,0.5397,316,337,0,2,1
5094,4.1061,0.4727,316,336,0,1,1
5095,4.2153,0.4628,316,336,0,0,1
5096,4.1356,0.4825,315,336,0,0,1
5097,4.236,0.5853,315,335,0,1,1
5098,4.2292,0.7237,315,335,0,0,1
5099,4.0624,0.8168,313,335,0,0,1
5100,4.1023,0.6766,311,333,0,2,1
5101,4.2165,0.4789,311,331,0,2,1
5102,4.2179,0.39,311,331,0,0,1
5103,4.0808,0.4101,310,331,0,0,1
5104,4.3241,0.7085,310,330,0,1,1
5105,4.3414,0.5033,309,330,0,0,1
5106,3.8565,0.4726,309,329,0,1,1
5107,4.5539,0.4454,308,329,0,0,1
5108,3.7693,0.3748,308,328,0,1,1
5109,4.2337,0.663,308,328,0,0,1
5110,4.1745,0.6111,308,328,0,0,1
5111,4.1528,0.7964,308,328,0,0,1
5112,4.055,0.6047,306,328,0,0,1
5113,4.2407,0.6582,306,326,0,2,1
5114,4.2013,0.3962,305,326,0,0,1
5115,4.1803,0.413,305,325,0,1,1
5116,4.0964,0.472,304,325,0,0,1
5117,4.1539,0.4912,304,324,0,1,1
5118,4.189,0.4328,304,324,0,0,1
5119,4.1974,0.4553,303,324,0,0,1
5120,4.0983,0.4437,302,323,0,1,1
5121,4.1798,0.3628,302,322,0,1,1
5122,4.2574,0.7659,302,322,0,0,1
5123,4.2475,0.6451,302,322,0,0,1
5124,4.0112,0.6654,300,322,0,0,1
5125,4.2082,0.3781,300,320,0,2,1
5126,4.1694,0.4296,293,320,0,0,1
5127,4.1006,0.6881,291,313,0,7,1
5128,4.1753,0.5102,291,311,0,2,1
5129,4.2712,0.5887,291,311,0,0,1
5130,4.0907,0.359,290,311,0,0,1
5131,4.4326,0.6112,290,310,0,1,1
5132,3.8965,0.5021,290,310,0,0,1
5133,4.2176,0.5206,289,310,0,0,1
5134,4.0659,0.4432,289,309,0,1,1
5135,4.2864,0.5975,288,309,0,0,1
5136,4.2802,0.5957,288,308,0,1,1
5137,4.0128,0.4468,288,308,0,0,1
5138,4.193,0.4696,286,308,0,0,1
5139,4.3638,0.4006,286,306,0,2,1
5140,3.9449,0.5496,285,306,0,0,1
5141,4.1887,0.9535,329,351,46,1,1
5142,4.0978,0.4912,329,349,0,2,1
5143,4.2054,0.5433,328,349,0,0,1
5144,4.1712,0.5127,327,348,0,1,1
5145,4.201,0.5221,327,347,0,1,1
5146,4.0887,0.5507,327,347,0,0,1
5147,4.1654,0.3938,326,347,0,0,1
5148,4.279,0.6692,324,346,0,1,1
5149,4.125,0.4982,323,344,0,2,1
5150,4.1303,0.5373,323,343,0,1,1
5151,4.1412,0.4885,323,343,0,0,1
5152,4.1717,0.6919,322,343,0,0,1
5153,4.1441,0.5935,322,342,0,1,1
5154,4.2571,0.6765,322,342,0,0,1
5155,4.1508,0.4522,322,342,0,0,1
5156,4.1252,0.5736,321,342,0,0,1
5157,4.209,0.6479,321,341,0,1,1
5158,4.1047,0.4481,320,341,0,0,1
5159,4.1806,0.6914,319,340,0,1,1
5160,4.1488,0.4392,319,339,0,1,1
5161,4.2219,0.3938,319,339,0,0,1
5162,4.1903,0.4573,319,339,0,0,1
5163,4.1398,0.5344,317,339,0,0,1
5164,4.1236,0.4848,317,337,0,2,1
5165,4.2136,0.7672,316,337,0,0,1
5166,4.1377,0.4268,316,336,0,1,1
5167,4.1871,0.6398,316,336,0,0,1
5168,4.1853,0.5699,315,336,0,0,1
5169,4.1431,0.4256,315,335,0,1,1
5170,4.1364,0.4655,315,335,0,0,1
5171,4.1903,0.5944,315,335,0,0,1
5172,4.1323,0.5988,315,335,0,0,1
5173,4.263,0.689,314,335,0,0,1
5174,4.1416,0.4467,313,334,0,1,1
5175,4.1365,0.5297,313,333,0,1,1
5176,4.1309,0.5606,312,333,0,0,1
5177,4.5078,0.4914,311,332,0,1,1
5178,3.8647,0.429,311,331,0,1,1
5179,4.3057,0.6072,311,331,0,0,1
5180,4.0358,0.3737,311,331,0,0,1
5181,4.1799,0.5567,311,331,0,0,1
5182,4.1746,0.584,308,331,0,0,1
5183,4.0977,0.4339,307,328,0,3,1
5184,4.1823,0.4324,307,327,0,1,1
5185,4.191,0.3703,307,327,0,0,1
5186,4.3158,0.6441,305,327,0,0,1
5187,4.0553,0.7356,304,325,0,2,1
5188,4.1473,0.638,304,324,0,1,1
5189,4.1295,0.3834,303,324,0,0,1
5190,4.1593,0.366,303,323,0,1,1
5191,4.4257,0.6065,303,323,0,0,1
5192,3.8995,0.5195,303,323,0,0,1
5193,4.2775,0.4874,303,323,0,0,1
5194,4.0831,0.4317,303,323,0,0,1
5195,4.161,0.3763,302,323,0,0,1
5196,4.1307,0.3772,302,322,0,1,1
5197,4.2341,0.4959,301,322,0,0,1
5198,4.204,0.6707,300,321,0,1,1
5199,4.1395,0.3844,300,320,0,1,1
5200,4.157,0.5642,300,320,0,0,1
5201,4.2157,0.5692,299,320,0,0,1
5202,4.0922,0.4736,292,319,0,1,1
5203,4.1416,0.411,291,312,0,7,1
5204,4.1897,0.384,291,311,0,1,1
5205,4.2201,0.4361,291,311,0,0,1
5206,4.1251,0.5003,290,311,0,0,1
5207,4.1971,0.5987,290,310,0,1,1
5208,4.1064,0.395,290,310,0,0,1
5209,4.1758,0.3597,289,310,0,0,1
5210,4.2292,0.774,289,309,0,1,1
5211,4.2419,0.6044,289,309,0,0,1
5212,4.2983,0.5655,289,309,0,0,1
5213,3.956,0.5652,288,309,0,0,1
5214,4.1064,0.4458,288,308,0,1,1
5215,4.2368,0.5254,288,308,0,0,1
5216,4.102,0.4802,286,308,0,0,1
5217,4.2657,0.6006,285,306,0,2,1
5218,4.0363,0.5025,319,339,34,1,1
5219,4.2714,0.5406,319,339,0,0,1
5220,4.0584,0.6509,319,339,0,0,1
5221,4.2073,0.5824,319,339,0,0,1
5222,4.2005,0.4112,318,339,0,0,1
5223,4.1991,0.6262,316,338,0,1,1
5224,4.1281,0.5118,316,336,0,2,1
5225,4.1964,0.5282,316,336,0,0,1
5226,4.1092,0.4308,315,336,0,0,1
5227,4.3631,0.4936,315,335,0,1,1
5228,4.1167,0.4209,315,335,0,0,1
5229,4.0828,0.5654,313,335,0,0,1
5230,4.2501,0.6266,313,333,0,2,1
5231,4.0935,0.7782,313,333,0,0,1
5232,4.1102,0.6233,313,333,0,0,1
5233,4.1591,0.3888,313,333,0,0,1
5234,4.1767,0.3952,313,333,0,0,1
5235,4.1696,0.5075,312,333,0,0,1
5236,4.2445,0.656,312,332,0,1,1
5237,4.1467,0.558,311,332,0,0,1
5238,4.0671,0.406,309,331,0,1,1
5239,4.2385,0.4435,309,329,0,2,1
5240,4.0871,0.4304,309,329,0,0,1
5241,4.2536,0.5217,309,329,0,0,1
5242,4.2097,0.5943,309,329,0,0,1
5243,4.1231,0.5253,309,329,0,0,1
5244,4.1279,0.3918,309,329,0,0,1
5245,4.1774,0.5962,307,329,0,0,1
5246,4.1816,0.428,307,327,0,2,1
5247,4.1438,0.4649,307,327,0,0,1
5248,4.1507,0.5157,307,327,0,0,1
5249,4.183,0.419,307,327,0,0,1
5250,4.1473,0.3656,306,327,0,0,1
5251,4.1822,0.4207,305,326,0,1,1
5252,4.2476,0.5811,305,325,0,1,1
5253,4.1147,0.5517,305,325,0,0,1
5254,4.1456,0.5603,305,325,0,0,1
5255,4.2146,0.6545,304,325,0,0,1
5256,4.1269,0.4345,303,324,0,1,1
5257,4.155,0.4608,302,323,0,1,1
5258,4.2095,0.5161,302,322,0,1,1
5259,4.4281,0.4184,301,322,0,0,1
5260,3.8827,0.605,300,321,0,1,1
5261,4.171,0.3956,300,320,0,1,1
5262,4.0966,0.4669,300,320,0,0,1
5263,4.2492,0.5227,300,320,0,0,1
5264,4.089,0.421,299,320,0,0,1
5265,4.5056,0.6025,299,319,0,1,1
5266,3.8799,0.4968,299,319,0,0,1
5267,4.1771,0.6566,299,319,0,0,1
5268,4.1602,0.5206,299,319,0,0,1
5269,4.2496,0.6858,298,319,0,0,1
5270,4.0428,0.3896,297,318,0,1,1
5271,4.2399,0.4291,297,317,0,1,1
5272,4.0996,0.4588,295,317,0,0,1
5273,4.2371,0.7401,294,315,0,2,1
5274,4.1029,0.3817,294,314,0,1,1
5275,4.2311,0.4181,294,314,0,0,1
5276,4.2392,0.4564,291,314,0,0,1
5277,4.0372,0.6339,291,311,0,3,1
5278,4.235,0.5358,291,311,0,0,1
5279,4.0824,0.5202,284,311,0,0,1
5280,4.2764,0.6809,284,304,0,7,1
5281,4.097,0.4376,284,304,0,0,1
5282,4.1927,0.4595,284,304,0,0,1
5283,4.1324,0.4057,283,304,0,0,1
5284,4.1256,0.4088,283,303,0,1,1
5285,4.4467,0.4651,283,303,0,0,1
5286,3.9035,0.3952,283,303,0,0,1
5287,4.2293,0.3928,283,303,0,0,1
5288,4.1337,0.4878,283,303,0,0,1
5289,4.1358,0.4711,283,303,0,0,1
5290,4.1418,0.3562,281,303,0,0,1
5291,4.1922,0.3732,280,301,0,2,1
5292,4.1359,0.6055,280,300,0,1,1
5293,4.2798,0.7501,280,300,0,0,1
5294,4.1554,0.4444,279,300,0,0,1
5295,4.0948,0.5217,325,345,46,1,1
5296,4.2218,0.7513,325,345,0,0,1
5297,4.1518,0.5105,325,345,0,0,1
5298,4.1366,0.4836,325,345,0,0,1
5299,4.4331,0.6364,325,345,0,0,1
5300,3.9119,0.4259,325,345,0,0,1
5301,4.1474,0.5987,325,345,0,0,1
5302,4.2019,0.4347,325,345,0,0,1
5303,4.1152,0.3892,324,345,0,0,1
5304,4.2033,0.4707,324,344,0,1,1
5305,4.1355,0.4705,323,344,0,0,1
5306,4.2239,0.6953,321,343,0,1,1
5307,4.1,0.433,319,341,0,2,1
5308,4.2301,0.5343,318,339,0,2,1
5309,4.1213,0.5418,316,338,0,1,1
5310,4.1537,0.4471,316,336,0,2,1
5311,4.1555,1.096,316,336,0,0,1
5312,4.2086,0.5,313,336,0,0,1
5313,4.2176,0.4455,313,333,0,3,1
5314,4.0758,0.3742,313,333,0,0,1
5315,4.2163,0.4217,312,333,0,0,1
5316,4.1435,0.4714,311,332,0,1,1
5317,4.247,0.5577,311,331,0,1,1
5318,4.2559,0.6102,311,331,0,0,1
5319,4.0519,0.4478,311,331,0,0,1
5320,4.1677,0.544,311,331,0,0,1
5321,4.2008,0.5073,311,331,0,0,1
5322,4.0654,0.4341,311,331,0,0,1
5323,4.2462,0.6075,310,331,0,0,1
5324,4.127,0.3767,310,330,0,1,1
5325,4.1758,0.5349,309,330,0,0,1
5326,4.2192,0.6403,309,329,0,1,1
5327,4.0958,0.4689,307,329,0,0,1
5328,4.1433,0.504,305,327,0,2,1
5329,4.1752,0.3751,305,325,0,2,1
5330,4.37,0.3957,305,325,0,0,1
5331,3.9424,0.4388,304,325,0,0,1
5332,4.4849,0.5176,304,324,0,1,1
5333,3.8769,0.5266,304,324,0,0,1
5334,4.5007,0.4022,303,324,0,0,1
5335,3.8623,0.438,303,323,0,1,1
5336,4.1654,0.4686,303,323,0,0,1
5337,4.4606,0.532,301,323,0,0,1
5338,3.914,0.483,301,321,0,2,1
5339,4.0945,0.3683,300,321,0,0,1
5340,4.1598,0.3888,300,320,0,1,1
5341,4.2626,0.7901,298,320,0,0,1
5342,4.1428,0.7346,298,318,0,2,1
5343,4.1525,0.6307,298,318,0,0,1
5344,4.1663,0.4293,298,318,0,0,1
5345,4.166,0.371,297,318,0,0,1
5346,4.1466,0.4795,297,317,0,1,1
5347,4.2046,0.4758,297,317,0,0,1
5348,4.0883,0.4129,297,317,0,0,1
5349,4.2677,0.6004,297,317,0,0,1
5350,4.3735,0.8109,295,317,0,0,1
5351,3.8809,0.6818,295,315,0,2,1
5352,4.113,0.3717,295,315,0,0,1
5353,4.1758,0.3738,294,315,0,0,1
5354,4.4805,0.6904,294,314,0,1,1
5355,4.0508,0.4652,293,314,0,0,1
5356,4.1404,0.8343,286,313,0,1,1
5357,4.0068,0.3412,285,306,0,7,1
5358,4.1616,0.5104,285,305,0,1,1
5359,4.4351,0.6792,284,305,0,0,1
5360,3.985,0.4988,284,304,0,1,1
5361,4.0694,0.5181,282,304,0,0,1
5362,4.2295,0.808,281,302,0,2,1
5363,4.3982,0.7311,281,301,0,1,1
5364,3.9142,0.5958,281,301,0,0,1
5365,4.2179,0.3473,281,301,0,0,1
5366,4.1352,0.6202,281,301,0,0,1
5367,4.4367,0.45,280,301,0,0,1
5368,3.9324,0.6845,280,300,0,1,1
5369,4.1117,0.6364,279,300,0,0,1
5370,4.1651,0.4276,279,299,0,1,1
5371,4.4961,0.572,313,333,34,0,1
5372,3.9196,0.5195,313,333,0,0,1
5373,4.1339,0.6917,313,333,0,0,1
5374,4.1823,0.5582,313,333,0,0,1
5375,4.1372,0.4388,313,333,0,0,1
5376,4.111,0.6696,313,333,0,0,1
5377,4.2037,0.4179,313,333,0,0,1
5378,4.1832,0.5451,313,333,0,0,1
5379,4.1957,0.5926,312,333,0,0,1
5380,4.1236,0.3703,312,332,0,1,1
5381,4.2087,0.7061,311,332,0,0,1
5382,4.1282,0.4649,311,331,0,1,1
5383,4.1961,0.6923,311,331,0,0,1
5384,4.1287,0.6671,311,331,0,0,1
5385,4.2127,0.5676,311,331,0,0,1
5386,4.1788,0.4604,309,331,0,0,1
5387,4.1154,0.7259,309,329,0,2,1
5388,4.1643,0.4248,309,329,0,0,1
5389,4.2099,0.3655,309,329,0,0,1
5390,4.2123,0.4882,309,329,0,0,1
5391,4.4863,0.5869,309,329,0,0,1
5392,3.807,0.6982,308,329,0,0,1
5393,4.1127,0.6453,308,328,0,1,1
5394,4.1766,0.38,308,328,0,0,1
5395,4.2141,0.424,307,328,0,0,1
5396,4.1431,0.4011,307,327,0,1,1
5397,4.2943,0.4794,307,327,0,0,1
5398,4.0498,0.6246,307,327,0,0,1
5399,4.1804,0.6911,306,327,0,0,1
5400,4.043,0.5022,306,326,0,1,1
5401,4.2612,0.3778,306,326,0,0,1
5402,4.1752,0.4835,306,326,0,0,1
5403,4.2095,0.5031,306,326,0,0,1
5404,4.1369,0.6123,305,326,0,0,1
5405,4.187,0.5676,305,325,0,1,1
5406,4.1226,0.3788,305,325,0,0,1
5407,4.2688,0.578,305,325,0,0,1
5408,4.0519,0.6023,305,325,0,0,1
5409,4.227,0.4176,305,325,0,0,1
5410,4.1243,0.3923,304,325,0,0,1
5411,4.1585,0.5364,303,324,0,1,1
5412,4.153,0.7254,303,323,0,1,1
5413,4.2295,0.4086,302,323,0,0,1
5414,4.1696,0.4091,302,322,0,1,1
5415,4.1266,0.4558,301,322,0,0,1
5416,4.146,0.448,299,321,0,1,1
5417,4.3993,0.7177,299,319,0,2,1
5418,3.9381,0.456,299,319,0,0,1
5419,4.5402,0.4352,299,319,0,0,1
5420,3.8573,0.5273,299,319,0,0,1
5421,4.2213,0.6542,299,319,0,0,1
5422,4.0842,0.4368,299,319,0,0,1
5423,4.1234,0.454,299,319,0,0,1
5424,4.1582,0.5354,299,319,0,0,1
5425,4.184,0.4065,298,319,0,0,1
5426,4.206,0.508,297,318,0,1,1
5427,4.0924,0.6424,297,317,0,1,1
5428,4.2324,0.4793,297,317,0,0,1
5429,4.1798,0.5408,297,317,0,0,1
5430,4.1295,0.4522,297,317,0,0,1
5431,4.2897,0.6105,296,317,0,0,1
5432,4.0602,0.3874,296,316,0,1,1
5433,4.2091,0.4036,288,316,0,0,1
5434,4.1634,0.5092,288,308,0,8,1
5435,4.1212,0.4541,288,308,0,0,1
5436,4.1792,0.6828,288,308,0,0,1
5437,4.1325,0.3557,288,308,0,0,1
5438,4.1908,0.4641,288,308,0,0,1
5439,4.199,0.5629,288,308,0,0,1
5440,4.1435,0.6177,288,308,0,0,1
5441,4.1483,0.3954,288,308,0,0,1
5442,4.1385,0.3575,287,308,0,0,1
5443,4.2738,0.7528,286,307,0,1,1
5444,4.0557,0.4827,286,306,0,1,1
5445,4.2533,0.3962,286,306,0,0,1
5446,4.1528,0.4446,286,306,0,0,1
5447,4.1264,0.4564,286,306,0,0,1
5448,4.0815,0.7386,330,352,46,0,1
5449,4.2451,0.4382,330,350,0,2,1
5450,4.3177,0.6554,330,350,0,0,1
5451,4.0206,0.4318,330,350,0,0,1
5452,4.196,0.6784,329,350,0,0,1
5453,4.1705,0.434,328,349,0,1,1
5454,4.1237,0.4769,328,348,0,1,1
5455,4.2272,0.727,328,348,0,0,1
5456,4.1296,0.4647,328,348,0,0,1
5457,4.2215,0.7502,327,348,0,0,1
5458,4.0834,0.6034,326,347,0,1,1
5459,4.5853,0.4001,326,346,0,1,1
5460,3.7509,0.4966,325,346,0,0,1
5461,4.4633,0.5839,324,345,0,1,1
5462,4.0802,0.4795,322,344,0,1,1
5463,4.0889,0.6454,322,342,0,2,1
5464,4.3467,0.5296,322,342,0,0,1
5465,3.8585,0.3652,322,342,0,0,1
5466,4.1891,0.3906,320,342,0,0,1
5467,4.3933,0.6278,320,340,0,2,1
5468,3.9181,0.4911,320,340,0,0,1
5469,4.3508,0.6062,319,340,0,0,1
5470,4.0301,0.4933,319,339,0,1,1
5471,4.1506,0.3874,318,339,0,0,1
5472,4.1112,0.5397,318,338,0,1,1
5473,4.2491,0.4021,317,338,0,0,1
5474,4.2535,0.7895,317,337,0,1,1
5475,4.1479,0.7114,317,337,0,0,1
5476,4.0984,0.658,314,337,0,0,1
5477,4.1875,0.4181,314,334,0,3,1
5478,4.1015,0.3757,314,334,0,0,1
5479,4.2487,0.6772,314,334,0,0,1
5480,4.1007,0.5309,314,334,0,0,1
5481,4.2264,0.63,314,334,0,0,1
5482,4.1465,0.434,313,334,0,0,1
5483,4.1238,0.4191,313,333,0,1,1
5484,4.1827,0.547,313,333,0,0,1
5485,4.2241,0.7511,312,333,0,0,1
5486,4.145,0.6073,312,332,0,1,1
5487,4.4575,0.5992,312,332,0,0,1
5488,3.8353,0.4389,311,332,0,0,1
5489,4.1602,0.5303,311,331,0,1,1
5490,4.1567,0.378,311,331,0,0,1
5491,4.1402,0.7409,310,331,0,0,1
5492,4.2488,0.4745,309,330,0,1,1
5493,4.1373,0.6605,309,329,0,1,1
5494,4.107,0.5609,309,329,0,0,1
5495,4.184,0.3921,308,329,0,0,1
5496,4.4563,0.6664,308,328,0,1,1
5497,3.8871,0.4599,308,328,0,0,1
5498,4.1859,0.3994,307,328,0,0,1
5499,4.1288,0.634,307,327,0,1,1
5500,4.2606,0.6902,306,327,0,0,1
5501,4.1689,0.5344,304,326,0,1,1
5502,4.0675,0.4585,304,324,0,2,1
5503,4.2232,0.4747,303,324,0,0,1
5504,4.1843,0.4887,302,323,0,1,1
5505,4.1557,0.4407,302,322,0,1,1
5506,4.1683,0.4499,302,322,0,0,1
5507,4.3838,0.735,302,322,0,0,1
5508,4.2102,0.5056,302,322,0,0,1
5509,3.9122,0.357,301,322,0,0,1
5510,4.1971,0.4336,292,321,0,1,1
5511,4.1215,0.5027,291,312,0,9,1
5512,4.1292,0.7243,290,311,0,1,1
5513,4.3008,0.5774,289,310,0,1,1
5514,4.0407,0.3583,289,309,0,1,1
5515,4.1982,0.4437,288,309,0,0,1
5516,4.1494,0.4832,288,308,0,1,1
5517,4.26,0.8052,288,308,0,0,1
5518,4.1147,0.5803,288,308,0,0,1
5519,4.1224,0.5316,288,308,0,0,1
5520,4.1532,0.5088,288,308,0,0,1
5521,4.214,0.4393,287,308,0,0,1
5522,4.1506,0.4012,287,307,0,1,1
5523,4.1579,0.4067,287,307,0,0,1
5524,4.1383,0.6427,287,307,0,0,1
5525,4.1952,0.5881,320,341,34,0,1
5526,4.1324,0.4848,320,340,0,1,1
5527,4.8848,0.5024,320,340,0,0,1
5528,3.4768,0.3911,320,340,0,0,1
5529,4.2895,0.6707,319,340,0,0,1
5530,4.1002,0.3939,318,339,0,1,1
5531,4.1354,0.4804,318,338,0,1,1
5532,4.1417,0.4774,317,338,0,0,1
5533,4.2562,0.7097,315,337,0,1,1
5534,4.1695,0.5354,315,335,0,2,1
5535,4.0869,0.4492,315,335,0,0,1
5536,4.1783,0.4157,315,335,0,0,1
5537,4.1944,0.4826,315,335,0,0,1
5538,4.1095,0.4644,315,335,0,0,1
5539,4.203,0.6257,315,335,0,0,1
5540,4.2026,0.4556,315,335,0,0,1
5541,4.1273,0.4246,315,335,0,0,1
5542,4.1372,0.3941,314,335,0,0,1
5543,4.1678,0.6927,314,334,0,1,1
5544,4.2362,0.7168,314,334,0,0,1
5545,4.1276,0.4614,314,334,0,0,1
5546,4.1817,0.4402,314,334,0,0,1
5547,4.1127,0.3872,313,334,0,0,1
5548,4.1665,0.3658,312,333,0,1,1
5549,4.2442,0.6758,312,332,0,1,1
5550,4.097,0.4671,312,332,0,0,1
5551,4.2144,0.7714,311,332,0,0,1
5552,4.0943,0.4282,311,331,0,1,1
5553,4.2226,0.4217,310,331,0,0,1
5554,4.1478,0.4564,310,330,0,1,1
5555,4.1375,0.8911,310,330,0,0,1
5556,4.1626,0.8928,310,330,0,0,1
5557,4.2549,0.716,309,330,0,0,1
5558,4.3983,0.6286,309,329,0,1,1
5559,3.9107,0.5553,309,329,0,0,1
5560,4.1671,0.5344,309,329,0,0,1
5561,4.4143,0.6809,309,329,0,0,1
5562,3.9038,0.4777,309,329,0,0,1
5563,4.535,0.5658,307,329,0,0,1
5564,3.7841,0.3877,307,327,0,2,1
5565,4.2301,0.4356,307,327,0,0,1
5566,4.1039,0.4027,305,327,0,0,1
5567,4.1377,0.576,305,325,0,2,1
5568,4.1615,0.6553,305,325,0,0,1
5569,4.1969,0.4408,305,325,0,0,1
5570,4.1484,0.3607,304,325,0,0,1
5571,4.2682,0.5714,304,324,0,1,1
5572,4.075,0.5679,304,324,0,0,1
5573,4.4533,0.518,304,324,0,0,1
5574,3.8968,0.4218,303,324,0,0,1
5575,4.565,0.5682,303,323,0,1,1
5576,3.8544,0.6399,301,323,0,0,1
5577,4.0816,0.4008,300,321,0,2,1
5578,4.1999,0.5507,299,320,0,1,1
5579,4.1459,0.7938,299,319,0,1,1
5580,4.1431,0.3968,298,319,0,0,1
5581,4.2476,0.6432,298,318,0,1,1
5582,4.199,0.6284,298,318,0,0,1
5583,4.1057,0.5622,298,318,0,0,1
5584,4.1969,0.6107,298,318,0,0,1
5585,4.1261,0.4324,298,318,0,0,1
5586,4.101,0.3515,289,318,0,0,1
5587,4.2063,0.4658,289,309,0,9,1
5588,4.1497,0.5138,288,309,0,0,1
5589,4.2359,0.4869,287,308,0,1,1
5590,4.1589,0.3952,287,307,0,1,1
5591,4.1272,0.377,287,307,0,0,1
5592,4.1851,0.5356,287,307,0,0,1
5593,4.1549,0.435,286,307,0,0,1
5594,4.5022,0.5665,286,306,0,1,1
5595,3.8181,0.422,286,306,0,0,1
5596,4.2128,0.7199,286,306,0,0,1
5597,4.0893,0.5722,284,306,0,0,1
5598,4.1852,0.4095,284,304,0,2,1
5599,4.5019,0.3669,280,304,0,0,1
5600,3.8417,0.429,280,300,0,4,1
5601,4.3015,0.604,278,300,0,0,1
5602,4.0357,0.6818,323,344,46,2,1
5603,4.311,0.6071,321,343,0,1,1
5604,4.0688,0.5872,320,341,0,2,1
5605,4.2142,0.3992,319,340,0,1,1
5606,4.1084,0.5685,319,339,0,1,1
5607,4.1765,0.6627,319,339,0,0,1
5608,4.1453,0.6694,319,339,0,0,1
5609,4.1618,0.4662,319,339,0,0,1
5610,4.1265,0.4131,319,339,0,0,1
5611,4.2427,0.5993,319,339,0,0,1
5612,4.5114,0.3794,319,339,0,0,1
5613,3.9529,0.6667,319,339,0,0,1
5614,4.1809,0.6113,318,339,0,0,1
5615,3.9672,0.4629,318,338,0,1,1
5616,4.0972,0.5951,317,338,0,0,1
5617,4.2696,0.3846,316,337,0,1,1
5618,4.121,0.5262,315,336,0,1,1
5619,4.2004,0.3891,315,335,0,1,1
5620,4.1973,0.6947,314,335,0,0,1
5621,4.1688,0.7228,314,334,0,1,1
5622,4.1179,0.4324,313,334,0,0,1
5623,4.1778,0.4114,312,333,0,1,1
5624,4.1415,0.5171,312,332,0,1,1
5625,4.1968,0.6079,312,332,0,0,1
5626,4.2413,0.6108,312,332,0,0,1
5627,4.069,0.4954,312,332,0,0,1
5628,4.1719,0.4428,312,332,0,0,1
5629,4.2327,0.5658,312,332,0,0,1
5630,4.1468,0.4041,312,332,0,0,1
5631,4.186,0.4378,312,332,0,0,1
5632,4.12,0.6963,312,332,0,0,1
5633,4.1742,0.5034,311,332,0,0,1
5634,4.1358,0.4358,308,331,0,1,1
5635,4.1875,0.4165,307,328,0,3,1
5636,4.1553,0.5663,307,327,0,1,1
5637,4.1525,0.6872,307,327,0,0,1
5638,4.2319,0.4591,307,327,0,0,1
5639,4.149,0.5062,307,327,0,0,1
5640,4.1164,0.4068,305,327,0,0,1
5641,4.178,0.3991,305,325,0,2,1
5642,4.4327,0.6942,303,325,0,0,1
5643,3.8685,0.4985,302,323,0,2,1
5644,4.1894,0.4146,302,322,0,1,1
5645,4.3706,0.6203,301,322,0,0,1
5646,3.9776,0.379,301,321,0,1,1
5647,4.1827,0.5221,301,321,0,0,1
5648,4.2057,0.9914,301,321,0,0,1
5649,4.1657,0.5238,299,321,0,0,1
5650,4.1855,0.5255,298,319,0,2,1
5651,4.2234,0.6873,298,318,0,1,1
5652,4.0236,0.4533,298,318,0,0,1
5653,4.1814,0.6159,298,318,0,0,1
5654,4.1808,0.424,298,318,0,0,1
5655,4.1765,0.4067,297,318,0,0,1
5656,4.1513,0.4574,297,317,0,1,1
5657,4.3779,0.8604,296,317,0,0,1
5658,3.9509,0.4349,296,316,0,1,1
5659,4.1838,0.4387,296,316,0,0,1
5660,4.2074,0.427,296,316,0,0,1
5661,4.1681,0.6761,296,316,0,0,1
5662,4.0715,0.6203,296,316,0,0,1
5663,4.2189,0.3758,289,316,0,0,1
5664,4.2936,0.6408,289,309,0,7,1
5665,4.0326,0.4695,289,309,0,0,1
5666,4.1462,0.5971,289,309,0,0,1
5667,4.1665,0.3887,288,309,0,0,1
5668,4.2081,0.5569,288,308,0,1,1
5669,4.1638,0.492,287,308,0,0,1
5670,4.1419,0.456,287,307,0,1,1
5671,4.1991,0.4549,287,307,0,0,1
5672,4.1929,0.5429,287,307,0,0,1
5673,4.1311,0.4701,287,307,0,0,1
5674,4.2055,0.6435,286,307,0,0,1
5675,4.0858,0.6265,286,306,0,1,1
5676,4.1676,0.6421,284,306,0,0,1
5677,4.213,0.4909,284,304,0,2,1
5678,4.1293,0.4723,284,304,0,0,1
5679,4.1907,0.6159,318,338,34,0,1
5680,4.1333,0.4893,318,338,0,0,1
5681,4.2196,0.512,318,338,0,0,1
5682,4.1411,0.3923,317,338,0,0,1
5683,4.3299,0.6891,316,337,0,1,1
5684,4.3682,0.4696,315,336,0,1,1
5685,3.7853,0.4924,315,335,0,1,1
5686,4.2309,0.4237,314,335,0,0,1
5687,4.1083,0.5073,314,334,0,1,1
5688,4.1414,0.5421,314,334,0,0,1
5689,4.1921,0.4673,312,334,0,0,1
5690,4.2633,0.7583,312,332,0,2,1
5691,4.0442,0.4434,312,332,0,0,1
5692,4.2377,0.5555,311,332,0,0,1
5693,4.4508,0.5747,310,331,0,1,1
5694,3.8437,0.3876,309,330,0,1,1
5695,4.2381,0.5357,309,329,0,1,1
5696,4.1069,0.4833,308,329,0,0,1
5697,4.249,0.4467,307,328,0,1,1
5698,4.082,0.3648,307,327,0,1,1
5699,4.1904,0.4339,304,327,0,0,1
5700,4.1333,0.4563,304,324,0,3,1
5701,4.2117,0.4764,304,324,0,0,1
5702,4.1381,0.4103,303,324,0,0,1
5703,4.2272,0.4287,303,323,0,1,1
5704,4.0694,0.3877,303,323,0,0,1
5705,4.1422,0.4306,303,323,0,0,1
5706,4.2081,0.4115,303,323,0,0,1
5707,4.1776,0.4201,303,323,0,0,1
5708,4.1838,0.3786,303,323,0,0,1
5709,4.5271,0.6348,303,323,0,0,1
5710,3.8747,0.6798,303,323,0,0,1
5711,4.096,0.4734,303,323,0,0,1
5712,4.1805,0.3968,303,323,0,0,1
5713,4.1737,0.375,302,323,0,0,1
5714,4.2694,0.6262,300,322,0,1,1
5715,4.1047,0.7434,299,320,0,2,1
5716,4.0967,0.6394,299,319,0,1,1
5717,4.1751,0.3751,299,319,0,0,1
5718,4.5515,0.3927,298,319,0,0,1
5719,3.7906,0.5002,297,318,0,1,1
5720,4.2235,0.8615,296,317,0,1,1
5721,4.1462,0.6555,296,316,0,1,1
5722,4.1099,0.5278,296,316,0,0,1
5723,4.195,0.385,296,316,0,0,1
5724,4.1525,0.5134,296,316,0,0,1
5725,4.2522,0.6939,295,316,0,0,1
5726,4.1095,0.3832,294,315,0,1,1
5727,4.1861,0.5857,294,314,0,1,1
5728,4.4872,0.5723,294,314,0,0,1
5729,3.7973,0.4761,293,314,0,0,1
5730,4.1896,0.4128,293,313,0,1,1
5731,4.132,0.4959,292,313,0,0,1
5732,4.1559,0.3847,292,312,0,1,1
5733,4.3273,0.7445,292,312,0,0,1
5734,4.0558,0.4718,292,312,0,0,1
5735,4.1461,0.3595,292,312,0,0,1
5736,4.1135,0.3782,292,312,0,0,1
5737,4.434,0.4914,292,312,0,0,1
5738,3.9547,0.6501,291,312,0,0,1
5739,4.2582,0.4208,290,311,0,1,1
5740,4.1015,0.4095,281,310,0,1,1
5741,4.1631,0.4486,281,301,0,9,1
5742,4.1329,0.419,281,301,0,0,1
5743,4.1304,0.3476,280,301,0,0,1
5744,4.1807,0.357,280,300,0,1,1
5745,4.1623,0.4443,279,300,0,0,1
5746,4.2546,0.691,279,299,0,1,1
5747,4.1628,0.3959,278,299,0,0,1
5748,4.1256,0.4169,278,298,0,1,1
5749,4.1744,0.4466,277,298,0,0,1
5750,4.1435,0.3998,277,297,0,1,1
5751,4.2132,0.3591,277,297,0,0,1
5752,4.1596,0.7187,277,297,0,0,1
5753,4.1702,0.5008,275,297,0,0,1
5754,4.0874,0.3477,275,295,0,2,1
5755,4.2472,0.65,320,341,46,0,1
5756,4.6266,0.4489,319,340,0,1,1
5757,3.7699,0.8334,319,339,0,1,1
5758,4.231,0.6383,319,339,0,0,1
5759,4.029,0.8329,318,339,0,0,1
5760,4.1828,0.4894,317,338,0,1,1
5761,4.1221,0.3688,317,337,0,1,1
5762,4.2096,0.5515,316,337,0,0,1
5763,4.1698,0.7237,316,336,0,1,1
5764,4.1989,0.7017,316,336,0,0,1
5765,4.143,0.4779,316,336,0,0,1
5766,4.1026,0.3668,316,336,0,0,1
5767,4.1968,0.5787,316,336,0,0,1
5768,4.1753,0.6666,316,336,0,0,1
5769,4.1598,0.5534,316,336,0,0,1
5770,4.1533,0.6852,316,336,0,0,1
5771,4.1698,0.4157,316,336,0,0,1
5772,4.1567,0.4463,316,336,0,0,1
5773,4.2527,0.5326,315,336,0,0,1
5774,4.1345,0.5094,315,335,0,1,1
5775,4.1463,0.5655,314,335,0,0,1
5776,4.1193,0.473,313,334,0,1,1
5777,4.2857,0.6081,313,333,0,1,1
5778,4.0522,0.3687,313,333,0,0,1
5779,4.2323,0.4602,313,333,0,0,1
5780,4.0939,0.641,312,333,0,0,1
5781,4.2063,0.4854,312,332,0,1,1
5782,4.2092,0.3997,312,332,0,0,1
5783,4.1442,0.612,312,332,0,0,1
5784,4.1066,0.4102,312,332,0,0,1
5785,4.1776,0.4769,311,332,0,0,1
5786,4.2404,0.5119,310,331,0,1,1
5787,4.1804,0.4613,310,330,0,1,1
5788,4.0829,0.3726,309,330,0,0,1
5789,4.2379,0.606,309,329,0,1,1
5790,4.0919,0.3794,309,329,0,0,1
5791,4.186,0.5881,309,329,0,0,1
5792,4.5867,0.4662,306,329,0,0,1
5793,4.088,0.5856,306,326,0,3,1
5794,4.3953,0.3644,306,326,0,0,1
5795,3.6338,0.5653,306,326,0,0,1
5796,4.2437,0.6564,305,326,0,0,1
5797,4.1018,0.739,304,325,0,1,1
5798,4.1576,0.431,304,324,0,1,1
5799,4.1405,0.4241,304,324,0,0,1
5800,4.1764,0.5861,304,324,0,0,1
5801,4.1871,0.6302,304,324,0,0,1
5802,4.0888,0.3946,303,324,0,0,1
5803,4.3137,0.4243,303,323,0,1,1
5804,4.0441,0.4481,302,323,0,0,1
5805,4.1996,0.5064,302,322,0,1,1
5806,4.1453,0.4638,301,322,0,0,1
5807,4.1324,0.407,301,321,0,1,1
5808,4.1735,0.4045,301,321,0,0,1
5809,4.1988,0.3693,301,321,0,0,1
5810,4.1687,0.6299,301,321,0,0,1
5811,4.2117,0.5884,300,321,0,0,1
5812,4.1023,0.4365,299,320,0,1,1
5813,4.1953,0.5564,297,319,0,1,1
5814,4.1414,0.4028,297,317,0,2,1
5815,4.2896,0.6284,297,317,0,0,1
5816,4.0507,0.4436,296,317,0,0,1
5817,4.2221,0.3968,289,316,0,1,1
5818,4.0989,0.3788,289,309,0,7,1
5819,4.197,0.48,288,309,0,0,1
5820,4.1191,0.6284,288,308,0,1,1
5821,4.18,0.4106,285,308,0,0,1
5822,4.1905,0.3981,285,305,0,3,1
5823,4.1352,0.4679,285,305,0,0,1
5824,4.2906,0.5626,285,305,0,0,1
5825,4.0766,0.3829,285,305,0,0,1
5826,4.1189,0.3496,285,305,0,0,1
5827,4.2865,0.6366,285,305,0,0,1
5828,4.079,0.4645,285,305,0,0,1
5829,4.1716,0.6121,285,305,0,0,1
5830,4.2412,0.5326,284,305,0,0,1
5831,4.1158,0.4724,283,304,0,1,1
5832,4.1192,0.8609,317,337,34,1,1
5833,4.1901,0.4229,317,337,0,0,1
5834,4.2136,0.4643,317,337,0,0,1
5835,4.1787,0.4437,316,337,0,0,1
5836,4.1585,0.4442,315,336,0,1,1
5837,4.1522,0.5482,315,335,0,1,1
5838,4.1284,0.603,315,335,0,0,1
5839,4.1844,0.582,315,335,0,0,1
5840,4.1202,0.4396,314,335,0,0,1
5841,4.2778,0.4374,314,334,0,1,1
5842,4.1217,0.4318,314,334,0,0,1
5843,4.497,0.4764,314,334,0,0,1
5844,3.805,0.7453,314,334,0,0,1
5845,4.1976,0.3999,314,334,0,0,1
5846,4.3195,0.6879,314,334,0,0,1
5847,4.0962,0.5569,314,334,0,0,1
5848,4.4412,0.584,313,334,0,0,1
5849,3.8589,0.5281,313,333,0,1,1
5850,4.0698,0.3875,313,333,0,0,1
5851,4.3875,0.5466,313,333,0,0,1
5852,3.9474,0.397,313,333,0,0,1
5853,4.2203,0.7292,313,333,0,0,1
5854,4.1054,0.7517,312,333,0,0,1
5855,4.1855,0.4246,312,332,0,1,1
5856,4.1398,0.5389,311,332,0,0,1
5857,4.2141,0.3695,311,331,0,1,1
5858,4.1708,0.534,310,331,0,0,1
5859,4.412,0.598,310,330,0,1,1
5860,3.9611,0.8361,310,330,0,0,1
5861,4.2007,0.4977,310,330,0,0,1
5862,4.0496,0.3542,310,330,0,0,1
5863,4.2123,0.4016,310,330,0,0,1
5864,4.1648,0.5116,310,330,0,0,1
5865,4.279,0.6331,308,330,0,0,1
5866,4.0841,0.5107,308,328,0,2,1
5867,4.1312,0.5634,308,328,0,0,1
5868,4.1904,0.4152,308,328,0,0,1
5869,4.1487,0.434,308,328,0,0,1
5870,4.182,0.58,308,328,0,0,1
5871,4.2635,0.7127,308,328,0,0,1
5872,4.0656,0.4282,307,328,0,0,1
5873,4.1957,0.4229,307,327,0,1,1
5874,4.0945,0.4298,307,327,0,0,1
5875,4.2627,0.4994,303,327,0,0,1
5876,4.1404,0.4302,302,323,0,4,1
5877,4.4813,0.5735,301,322,0,1,1
5878,3.8415,0.4171,300,321,0,1,1
5879,4.1183,0.4683,300,320,0,1,1
5880,4.2309,0.5076,300,320,0,0,1
5881,4.091,0.2681,2,320,0,0,0
5882,4.1654,0.4555,2,23,0,297,0
5883,4.1851,1.0272,2,23,0,0,0
5884,4.3002,0.4608,2,23,0,0,0
5885,4.0913,0.2666,2,23,0,0,0
5886,4.112,0.2271,2,23,0,0,0
5887,4.2356,0.2694,2,23,0,0,0
5888,4.0944,0.265,2,23,0,0,0
5889,4.2067,0.3189,2,23,0,0,0
5890,4.2733,0.2899,2,23,0,0,0
5891,4.095,0.2548,2,23,0,0,0
5892,4.1461,0.2533,2,23,0,0,0
5893,4.1102,0.3464,2,23,0,0,0
5894,4.2259,0.2796,2,23,0,0,0
5895,4.1827,0.2605,2,23,0,0,0
5896,4.0879,0.223,2,23,0,0,0
5897,4.3109,0.2873,2,23,0,0,0
5898,4.0495,0.2328,2,23,0,0,0
5899,4.234,0.4147,2,23,0,0,0
5900,4.055,0.2296,2,23,0,0,0
5901,4.2936,0.4319,2,23,0,0,0
5902,4.2507,0.4238,2,23,0,0,0
5903,4.1663,0.3442,2,23,0,0,0
5904,4.013,0.42,2,23,0,0,0
5905,4.1704,0.2524,2,23,0,0,0
5906,4.2712,0.4201,2,23,0,0,0
5907,4.0969,0.2576,2,23,0,0,0
5908,4.1415,0.4175,2,23,0,0,0
5909,4.2744,0.3449,2,23,0,0,0
5910,4.0289,0.2425,2,23,0,0,0
5911,4.1973,0.2181,2,23,0,0,0
5912,4.1746,0.2833,2,23,0,0,0
5913,4.1745,0.2827,2,23,0,0,0
5914,4.1043,0.4107,2,23,0,0,0
5915,4.2656,0.3427,2,23,0,0,0
5916,4.0847,0.2537,2,23,0,0,0
5917,4.1952,0.2308,2,23,0,0,0
5918,4.1957,0.2591,2,23,0,0,0
5919,4.1132,0.2662,2,23,0,0,0
5920,4.2093,0.2285,2,23,0,0,0
5921,4.0946,0.3339,2,23,0,0,0
5922,4.1898,0.229,2,23,0,0,0
5923,4.2479,0.2206,2,23,0,0,0
5924,4.1412,0.4581,2,23,0,0,0
5925,4.1751,0.277,2,23,0,0,0
5926,4.1597,0.2575,2,23,0,0,0
5927,4.1115,0.2259,2,23,0,0,0
5928,4.1316,0.271,2,23,0,0,0
5929,4.2397,0.2255,2,23,0,0,0
5930,4.1905,0.2575,2,23,0,0,0
5931,4.1184,0.289,2,23,0,0,0
5932,4.1864,0.4319,2,23,0,0,0
5933,4.175,0.3155,2,23,0,0,0
5934,4.1069,0.1847,2,23,0,0,0
5935,4.213,0.2581,2,23,0,0,0
5936,4.1853,0.3087,2,23,0,0,0
5937,4.2524,0.3313,2,23,0,0,0
5938,4.1048,0.2559,2,23,0,0,0
5939,4.1655,0.256,2,23,0,0,0
5940,4.0125,0.3531,2,23,0,0,0
5941,4.2896,0.2402,2,23,0,0,0
5942,4.2305,0.277,2,23,0,0,0
5943,4.4401,0.2431,2,23,0,0,0
5944,4.0832,0.2235,2,23,0,0,0
5945,3.9525,0.2384,2,23,0,0,0
5946,4.0507,0.2439,2,23,0,0,0
5947,4.3939,0.3285,2,23,0,0,0
5948,4.0534,0.2478,2,23,0,0,0
5949,4.1449,0.4059,2,23,0,0,0
5950,4.1183,0.2229,2,23,0,0,0
5951,4.1723,0.2019,2,23,0,0,0
5952,4.073,0.34,2,23,0,0,0
5953,4.2287,0.1888,2,23,0,0,0
5954,4.289,0.4343,2,23,0,0,0
5955,4.3691,0.3476,2,23,0,0,0
5956,3.9063,0.3675,2,23,0,0,0
5957,4.1682,0.2674,2,23,0,0,0
5958,4.1059,0.1894,2,23,0,0,0
5959,4.2533,0.2247,2,23,0,0,0
5960,4.0894,0.2258,2,23,0,0,0
5961,4.2714,0.2543,2,23,0,0,0
5962,4.3402,0.2723,2,23,0,0,0
5963,4.3267,0.5342,53,73,50,0,1
5964,3.937,0.2938,53,73,0,0,1
5965,4.0426,0.3603,53,73,0,0,1
5966,4.1846,0.3316,53,73,0,0,1
5967,4.1078,0.3518,53,73,0,0,1
5968,4.1943,0.3225,53,73,0,0,1
5969,4.1557,0.3808,53,73,0,0,1
5970,4.1261,0.2851,53,73,0,0,1
5971,4.1444,0.2602,53,73,0,0,1
5972,4.153,0.2479,53,73,0,0,1
5973,4.2763,0.3295,53,73,0,0,1
5974,4.0769,0.4245,53,73,0,0,1
5975,4.1558,0.2691,53,73,0,0,1
5976,4.1763,0.3163,53,73,0,0,1
5977,4.1817,0.2757,53,73,0,0,1
5978,4.6442,0.4617,53,73,0,0,1
5979,3.7937,0.2876,53,73,0,0,1
5980,4.0488,0.2807,53,73,0,0,1
5981,4.2693,0.3281,53,73,0,0,1
5982,4.0555,0.2281,53,73,0,0,1
5983,4.3465,0.4335,53,73,0,0,1
5984,4.0172,0.273,53,73,0,0,1
5985,4.2219,0.3222,53,73,0,0,1
5986,4.4172,0.4458,53,73,0,0,1
5987,3.9752,0.389,53,73,0,0,1
5988,4.0994,0.3149,53,73,0,0,1
5989,4.1595,0.4502,53,73,0,0,1
5990,4.1242,0.4487,53,73,0,0,1
5991,4.213,0.561,53,73,0,0,1
5992,4.1269,0.4497,53,73,0,0,1
5993,4.1465,0.315,53,73,0,0,1
5994,4.1748,0.2848,53,73,0,0,1
5995,4.2289,0.3143,53,73,0,0,1
5996,4.1336,0.284,53,73,0,0,1
5997,4.2426,0.3792,53,73,0,0,1
5998,4.1366,0.4744,53,73,0,0,1
5999,4.1586,0.3316,53,73,0,0,1
6000,4.152,0.3184,53,73,0,0,1
6001,4.1268,0.3306,53,73,0,0,1
6002,4.2086,0.424,53,73,0,0,1
6003,4.2131,0.4922,53,73,0,0,1
6004,4.1027,0.5111,53,73,0,0,1
6005,4.1595,0.3462,53,73,0,0,1
6006,4.1162,0.2716,53,73,0,0,1
6007,4.269,0.3215,53,73,0,0,1
6008,4.1515,0.342,53,73,0,0,1
6009,4.101,0.2736,53,73,0,0,1
6010,4.6163,0.5592,53,73,0,0,1
6011,4.0563,0.4136,53,73,0,0,1
6012,3.8844,0.3201,53,73,0,0,1
6013,4.152,0.2899,53,73,0,0,1
6014,4.1209,0.2862,53,73,0,0,1
6015,4.3821,0.2974,53,73,0,0,1
6016,4.0712,0.4987,53,73,0,0,1
6017,4.0571,0.322,53,73,0,0,1
6018,4.1774,0.2682,53,73,0,0,1
6019,4.1543,0.4186,53,73,0,0,1
6020,4.1599,0.3759,53,73,0,0,1
6021,4.257,0.5028,53,73,0,0,1
6022,4.1813,0.3956,53,73,0,0,1
6023,4.1125,0.3004,53,73,0,0,1
6024,4.1289,0.2707,53,73,0,0,1
6025,4.1693,0.2781,53,73,0,0,1
6026,4.2142,0.2849,53,73,0,0,1
6027,4.1875,0.2989,53,73,0,0,1
6028,4.127,0.4442,53,73,0,0,1
6029,4.1737,0.4722,53,73,0,0,1
6030,4.1125,0.4906,103,123,50,0,1
6031,4.1927,0.3663,103,123,0,0,1
6032,4.2361,0.4609,103,123,0,0,1
6033,4.1616,0.4008,103,123,0,0,1
6034,4.3662,0.3693,103,123,0,0,1
6035,4.0572,0.451,103,123,0,0,1
6036,3.9936,0.3097,103,123,0,0,1
6037,4.2579,0.4819,103,123,0,0,1
6038,4.3702,0.2671,103,123,0,0,1
6039,3.9852,0.4279,103,123,0,0,1
6040,4.0682,0.5165,103,123,0,0,1
6041,4.2854,0.5246,103,123,0,0,1
6042,4.0259,0.3123,103,123,0,0,1
6043,4.2991,0.5358,103,123,0,0,1
6044,4.4067,0.4313,103,123,0,0,1
6045,3.8011,0.5064,103,123,0,0,1
6046,4.2534,0.4717,103,123,0,0,1
6047,4.1922,0.4448,103,123,0,0,1
6048,4.0567,0.3235,103,123,0,0,1
6049,4.2087,0.3127,103,123,0,0,1
6050,4.1578,0.32,103,123,0,0,1
6051,4.1379,0.4229,103,123,0,0,1
6052,4.2116,0.5019,103,123,0,0,1
6053,4.1808,0.4211,103,123,0,0,1
6054,4.0945,0.2534,103,123,0,0,1
6055,4.1711,0.315,103,123,0,0,1
6056,4.207,0.3249,103,123,0,0,1
6057,4.2225,0.2782,103,123,0,0,1
6058,4.2544,0.3147,103,123,0,0,1
6059,4.0275,0.4832,103,123,0,0,1
6060,4.2446,0.5495,103,123,0,0,1
6061,4.1307,0.508,103,123,0,0,1
6062,4.1713,0.6544,103,123,0,0,1
6063,4.4904,0.3218,103,123,0,0,1
6064,3.8101,0.5168,103,123,0,0,1
6065,4.1877,0.4591,103,123,0,0,1
6066,4.13,0.4248,102,123,0,0,1
6067,4.6123,0.4577,102,122,0,1,1
6068,3.7289,0.3098,102,122,0,0,1
6069,4.1999,0.495,102,122,0,0,1
6070,4.1807,0.324,102,122,0,0,1
6071,4.0869,0.3261,102,122,0,0,1
6072,4.2043,0.4943,102,122,0,0,1
6073,4.1391,0.2414,102,122,0,0,1
6074,4.2295,0.5123,102,122,0,0,1
6075,4.1832,0.3688,101,122,0,0,1
6076,4.108,0.3048,101,121,0,1,1
6077,4.2242,0.3685,101,121,0,0,1
6078,4.0797,0.4724,101,121,0,0,1
6079,4.2473,0.3245,101,121,0,0,1
6080,4.0941,0.319,101,121,0,0,1
6081,4.2302,0.3414,101,121,0,0,1
6082,4.141,0.3291,101,121,0,0,1
6083,4.144,0.3147,101,121,0,0,1
6084,4.1277,0.4955,101,121,0,0,1
6085,4.2201,0.3141,101,121,0,0,1
6086,4.2349,0.2951,101,121,0,0,1
6087,4.1287,0.3099,100,121,0,0,1
6088,4.2098,0.4327,100,120,0,1,1
6089,4.1029,0.3088,100,120,0,0,1
6090,4.1302,0.3155,100,120,0,0,1
6091,4.1472,0.4672,100,120,0,0,1
6092,4.1911,0.3174,100,120,0,0,1
6093,4.2455,0.3737,100,120,0,0,1
6094,4.1456,0.4677,100,120,0,0,1
6095,4.0866,0.2894,100,120,0,0,1
6096,4.1823,0.4346,100,120,0,0,1
6097,4.1476,0.5177,150,170,50,0,1
6098,4.3252,0.3898,150,170,0,0,1
6099,4.0581,0.3825,150,170,0,0,1
6100,4.2004,0.4191,150,170,0,0,1
6101,4.1154,0.5148,150,170,0,0,1
6102,4.1494,0.4623,150,170,0,0,1
6103,4.195,0.4393,150,170,0,0,1
6104,4.2142,0.5692,150,170,0,0,1
6105,4.2277,0.3253,150,170,0,0,1
6106,4.1061,0.3987,150,170,0,0,1
6107,4.1632,0.3965,150,170,0,0,1
6108,4.1432,0.4014,150,170,0,0,1
6109,4.1431,0.3469,150,170,0,0,1
6110,4.2489,0.4797,150,170,0,0,1
6111,4.1616,0.3477,150,170,0,0,1
6112,4.1268,0.3391,150,170,0,0,1
6113,4.1376,0.3676,150,170,0,0,1
6114,4.1481,0.3794,150,170,0,0,1
6115,4.2346,0.504,150,170,0,0,1
6116,4.2048,0.5926,150,170,0,0,1
6117,4.1417,0.3894,150,170,0,0,1
6118,4.0551,0.4412,150,170,0,0,1
6119,4.1978,0.2844,150,170,0,0,1
6120,4.1841,0.373,150,170,0,0,1
6121,4.1514,0.379,150,170,0,0,1
6122,4.1434,0.3523,150,170,0,0,1
6123,4.3029,0.526,150,170,0,0,1
6124,4.0874,0.5696,150,170,0,0,1
6125,4.1633,0.4479,150,170,0,0,1
6126,4.1417,0.285,150,170,0,0,1
6127,4.1793,0.3582,150,170,0,0,1
6128,4.1704,0.426,150,170,0,0,1
6129,4.2332,0.5153,150,170,0,0,1
6130,4.2492,0.3808,150,170,0,0,1
6131,4.0699,0.3442,150,170,0,0,1
6132,4.1144,0.3582,150,170,0,0,1
6133,4.2159,0.5129,149,170,0,0,1
6134,4.4223,0.5656,149,169,0,1,1
6135,3.8441,0.3547,149,169,0,0,1
6136,4.1925,0.4001,149,169,0,0,1
6137,4.1553,0.36,149,169,0,0,1
6138,4.1337,0.2902,148,169,0,0,1
6139,4.3161,0.3759,148,168,0,1,1
6140,4.0679,0.317,148,168,0,0,1
6141,4.2532,0.6416,148,168,0,0,1
6142,4.1294,0.5561,148,168,0,0,1
6143,4.1284,0.3738,147,168,0,0,1
6144,4.181,0.4495,147,167,0,1,1
6145,4.1319,0.3993,147,167,0,0,1
6146,4.228,0.4548,147,167,0,0,1
6147,4.146,0.2633,145,167,0,0,1
6148,4.1735,0.571,145,165,0,2,1
6149,4.1747,0.5924,145,165,0,0,1
6150,4.102,0.3304,145,165,0,0,1
6151,4.1758,0.3636,145,165,0,0,1
6152,4.1717,0.2946,145,165,0,0,1
6153,4.2056,0.5131,145,165,0,0,1
6154,4.1069,0.5101,145,165,0,0,1
6155,4.1792,0.3472,144,165,0,0,1
6156,4.2036,0.3972,144,164,0,1,1
6157,4.1207,0.3098,144,164,0,0,1
6158,4.4583,0.5092,144,164,0,0,1
6159,3.9453,0.4407,144,164,0,0,1
6160,4.0721,0.3457,144,164,0,0,1
6161,4.5907,0.429,144,164,0,0,1
6162,3.75,0.3289,144,164,0,0,1
6163,4.145,0.5493,144,164,0,0,1
6164,4.2871,0.5514,194,214,50,0,1
6165,4.1146,0.4493,194,214,0,0,1
6166,4.3008,0.664,194,214,0,0,1
6167,4.0101,0.3855,194,214,0,0,1
6168,4.1598,0.515,194,214,0,0,1
6169,4.138,0.3695,194,214,0,0,1
6170,4.1819,0.3732,194,214,0,0,1
6171,4.2937,0.4404,194,214,0,0,1
6172,4.0537,0.3835,194,214,0,0,1
6173,4.2665,0.6032,194,214,0,0,1
6174,4.0644,0.4047,194,214,0,0,1
6175,4.2343,0.342,194,214,0,0,1
6176,4.1227,0.419,194,214,0,0,1
6177,4.2166,0.3503,194,214,0,0,1
6178,4.449,0.38,194,214,0,0,1
6179,3.8894,0.5361,192,214,0,0,1
6180,4.1241,0.4442,192,212,0,2,1
6181,4.1652,0.5216,192,212,0,0,1
6182,4.1403,0.4045,192,212,0,0,1
6183,4.2137,0.3356,192,212,0,0,1
6184,4.1457,0.5872,192,212,0,0,1
6185,4.1589,0.4925,192,212,0,0,1
6186,4.149,0.4027,192,212,0,0,1
6187,4.2266,0.4046,192,212,0,0,1
6188,4.1646,0.6224,192,212,0,0,1
6189,4.1655,0.4528,192,212,0,0,1
6190,4.0926,0.3023,192,212,0,0,1
6191,4.2043,0.5433,192,212,0,0,1
6192,4.2443,0.6066,192,212,0,0,1
6193,4.0758,0.3809,192,212,0,0,1
6194,4.1707,0.2997,192,212,0,0,1
6195,4.2152,0.4335,192,212,0,0,1
6196,4.1385,0.3729,192,212,0,0,1
6197,4.1474,0.6821,192,212,0,0,1
6198,4.1377,0.2933,192,212,0,0,1
6199,4.288,0.3886,192,212,0,0,1
6200,4.0757,0.3248,192,212,0,0,1
6201,4.1973,0.4275,192,212,0,0,1
6202,4.1752,0.3795,192,212,0,0,1
6203,4.1244,0.412,191,212,0,0,1
6204,4.229,0.6092,191,211,0,1,1
6205,4.1301,0.4045,191,211,0,0,1
6206,4.2101,0.4101,190,211,0,0,1
6207,4.1711,0.3747,189,210,0,1,1
6208,4.0951,0.3736,188,209,0,1,1
6209,4.1386,0.4112,188,208,0,1,1
6210,4.1645,0.3563,188,208,0,0,1
6211,4.2138,0.2931,188,208,0,0,1
6212,4.1528,0.4102,188,208,0,0,1
6213,4.1892,0.3706,187,208,0,0,1
6214,4.1888,0.4325,187,207,0,1,1
6215,4.114,0.3683,187,207,0,0,1
6216,4.1385,0.4195,187,207,0,0,1
6217,4.1998,0.2956,187,207,0,0,1
6218,4.2231,0.3839,187,207,0,0,1
6219,4.1828,0.3304,187,207,0,0,1
6220,4.1447,0.4583,187,207,0,0,1
6221,4.1557,0.3549,187,207,0,0,1
6222,4.0911,0.5027,186,207,0,0,1
6223,4.2822,0.5849,185,206,0,1,1
6224,4.13,0.6568,184,205,0,1,1
6225,4.1745,0.3392,184,204,0,1,1
6226,4.2867,0.3637,184,204,0,0,1
6227,4.1288,0.6086,184,204,0,0,1
6228,4.2874,0.3832,184,204,0,0,1
6229,3.9384,0.3143,184,204,0,0,1
6230,4.2684,0.6187,183,204,0,0,1
6231,4.1241,0.531,233,253,50,1,1
6232,4.1854,0.5382,233,253,0,0,1
6233,4.0306,0.5246,233,253,0,0,1
6234,4.2012,0.3296,233,253,0,0,1
6235,4.2186,0.7407,233,253,0,0,1
6236,4.1877,0.6049,233,253,0,0,1
6237,4.157,0.3992,233,253,0,0,1
6238,4.1522,0.4501,233,253,0,0,1
6239,4.1155,0.3642,233,253,0,0,1
6240,4.1881,0.4439,233,253,0,0,1
6241,4.1791,0.5396,233,253,0,0,1
6242,4.2263,0.6074,233,253,0,0,1
6243,4.1319,0.4649,232,253,0,0,1
6244,4.1557,0.6299,232,252,0,1,1
6245,4.2051,0.3642,232,252,0,0,1
6246,4.0589,0.3762,232,252,0,0,1
6247,4.1503,0.3417,232,252,0,0,1
6248,4.2571,0.6278,232,252,0,0,1
6249,4.3069,0.6915,232,252,0,0,1
6250,4.2259,0.3297,231,252,0,0,1
6251,4.0695,0.549,231,251,0,1,1
6252,3.9875,0.3885,231,251,0,0,1
6253,4.2433,0.3183,231,251,0,0,1
6254,4.1765,0.631,231,251,0,0,1
6255,4.169,0.3447,231,251,0,0,1
6256,4.4519,0.6997,231,251,0,0,1
6257,3.8445,0.4229,231,251,0,0,1
6258,4.1457,0.3125,231,251,0,0,1
6259,4.1844,0.4148,231,251,0,0,1
6260,4.602,0.4376,229,251,0,0,1
6261,3.8516,0.5514,229,249,0,2,1
6262,4.0592,0.4665,229,249,0,0,1
6263,4.2414,0.5545,229,249,0,0,1
6264,4.104,0.5583,229,249,0,0,1
6265,4.0973,0.3917,228,249,0,0,1
6266,4.4269,0.4719,228,248,0,1,1
6267,4.0489,0.6853,227,248,0,0,1
6268,4.0324,0.6294,227,247,0,1,1
6269,4.1892,0.7777,227,247,0,0,1
6270,4.1505,0.3822,227,247,0,0,1
6271,4.1916,0.3209,227,247,0,0,1
6272,4.2548,0.4555,226,247,0,0,1
6273,4.1557,0.6073,226,246,0,1,1
6274,4.4844,0.3786,225,246,0,0,1
6275,3.8224,0.515,225,245,0,1,1
6276,4.1294,0.3882,224,245,0,0,1
6277,4.1728,0.4266,224,244,0,1,1
6278,4.1987,0.4851,224,244,0,0,1
6279,4.1897,0.3329,224,244,0,0,1
6280,4.1758,0.5876,224,244,0,0,1
6281,4.1572,0.3766,224,244,0,0,1
6282,4.09,0.4195,223,244,0,0,1
6283,4.289,0.5917,223,243,0,1,1
6284,4.1195,0.3905,222,243,0,0,1
6285,4.1543,0.6315,222,242,0,1,1
6286,4.087,0.314,221,242,0,0,1
6287,4.2358,0.4711,221,241,0,1,1
6288,4.1133,0.5467,220,241,0,0,1
6289,4.1896,0.3932,220,240,0,1,1
6290,4.1915,0.447,220,240,0,0,1
6291,4.1809,0.3324,220,240,0,0,1
6292,4.0887,0.5954,220,240,0,0,1
6293,4.2728,0.3942,220,240,0,0,1
6294,4.0529,0.4757,220,240,0,0,1
6295,4.2106,0.4471,220,240,0,0,1
6296,4.2564,0.5564,219,240,0,0,1
6297,4.1914,0.4358,219,239,0,1,1
6298,4.0804,0.3173,219,239,0,0,1
6299,4.1223,0.4787,269,289,50,0,1
6300,4.2081,0.5034,269,289,0,0,1
6301,4.1673,0.4794,268,289,0,0,1
6302,4.5187,0.5579,268,288,0,1,1
6303,3.7628,0.5013,268,288,0,0,1
6304,4.1774,0.5442,268,288,0,0,1
6305,4.2468,0.5956,268,288,0,0,1
6306,4.0914,0.3421,268,288,0,0,1
6307,4.1814,0.493,268,288,0,0,1
6308,4.1573,0.4012,268,288,0,0,1
6309,4.214,0.511,268,288,0,0,1
6310,4.1728,0.4506,268,288,0,0,1
6311,4.1671,0.6922,268,288,0,0,1
6312,4.1321,0.4485,267,288,0,0,1
6313,4.1201,0.3381,267,287,0,1,1
6314,4.1597,0.4399,267,287,0,0,1
6315,4.2608,0.4234,267,287,0,0,1
6316,4.1592,0.4318,267,287,0,0,1
6317,4.1415,0.5989,267,287,0,0,1
6318,4.1028,0.3943,267,287,0,0,1
6319,4.2265,0.3517,266,287,0,0,1
6320,4.1992,0.6602,266,286,0,1,1
6321,4.1633,0.4634,266,286,0,0,1
6322,4.3207,0.3584,266,286,0,0,1
6323,3.9443,0.3915,266,286,0,0,1
6324,4.1954,0.6262,266,286,0,0,1
6325,4.1797,0.4037,266,286,0,0,1
6326,4.2121,0.3873,265,286,0,0,1
6327,4.0555,0.4431,265,285,0,1,1
6328,4.3086,0.662,264,285,0,0,1
6329,4.0321,0.3805,264,284,0,1,1
6330,4.1992,0.4892,263,284,0,0,1
6331,4.258,0.7676,263,283,0,1,1
6332,4.1369,0.6745,263,283,0,0,1
6333,4.1709,0.3836,263,283,0,0,1
6334,4.4192,0.4297,263,283,0,0,1
6335,3.8363,0.4686,263,283,0,0,1
6336,4.1517,0.4888,263,283,0,0,1
6337,4.2057,0.4122,263,283,0,0,1
6338,4.213,0.4466,263,283,0,0,1
6339,4.1799,0.5091,262,283,0,0,1
6340,4.1899,0.5168,262,282,0,1,1
6341,4.1692,0.725,262,282,0,0,1
6342,4.0717,0.4873,262,282,0,0,1
6343,4.4297,0.5672,262,282,0,0,1
6344,3.9609,0.5249,261,282,0,0,1
6345,4.2036,0.4268,261,281,0,1,1
6346,4.1894,0.4426,260,281,0,0,1
6347,4.0578,0.5398,259,280,0,1,1
6348,4.3909,0.4011,259,279,0,1,1
6349,3.9624,0.3324,257,279,0,0,1
6350,4.2147,0.5122,257,277,0,2,1
6351,4.099,0.4092,256,277,0,0,1
6352,4.1814,0.4116,256,276,0,1,1
6353,4.1399,0.4633,255,276,0,0,1
6354,4.179,0.4227,253,275,0,1,1
6355,4.2448,0.6314,253,273,0,2,1
6356,4.1262,0.6812,253,273,0,0,1
6357,4.2003,0.5004,253,273,0,0,1
6358,4.132,0.3661,252,273,0,0,1
6359,4.1277,0.4607,252,272,0,1,1
6360,4.1755,0.4175,252,272,0,0,1
6361,4.1332,0.319,252,272,0,0,1
6362,4.2212,0.5695,252,272,0,0,1
6363,4.1627,0.6329,252,272,0,0,1
6364,4.1546,0.3547,251,272,0,0,1
6365,4.2198,0.4722,251,271,0,1,1
6366,4.1002,0.8823,301,321,50,0,1
6367,4.1896,0.5629,301,321,0,0,1
6368,4.1813,0.7883,300,321,0,0,1
6369,4.2336,0.6549,299,320,0,1,1
6370,4.1825,0.5781,298,319,0,1,1
6371,4.1027,0.7421,298,318,0,1,1
6372,4.18,0.5056,298,318,0,0,1
6373,4.0964,0.3489,298,318,0,0,1
6374,4.3366,0.3919,298,318,0,0,1
6375,4.0536,0.7747,297,318,0,0,1
6376,4.1854,0.699,297,317,0,1,1
6377,4.065,0.3483,297,317,0,0,1
6378,4.2058,0.3911,297,317,0,0,1
6379,4.2703,0.4203,297,317,0,0,1
6380,4.0579,0.4744,297,317,0,0,1
6381,4.3601,0.6342,297,317,0,0,1
6382,3.9505,0.4031,297,317,0,0,1
6383,4.2427,0.5249,296,317,0,0,1
6384,4.1325,0.511,295,316,0,1,1
6385,4.1563,0.4228,294,315,0,1,1
6386,4.2005,0.7019,294,314,0,1,1
6387,4.2389,0.662,294,314,0,0,1
6388,4.0917,0.5424,294,314,0,0,1
6389,4.1913,0.7312,294,314,0,0,1
6390,4.1106,0.4317,293,314,0,0,1
6391,4.2704,0.6377,292,313,0,1,1
6392,4.2456,0.4196,291,312,0,1,1
6393,4.0275,0.5755,291,311,0,1,1
6394,4.101,0.4063,291,311,0,0,1
6395,4.4796,0.5953,291,311,0,0,1
6396,3.9124,0.4337,291,311,0,0,1
6397,4.119,0.4579,291,311,0,0,1
6398,4.2359,0.5642,290,311,0,0,1
6399,4.1938,0.3798,290,310,0,1,1
6400,4.1023,0.4655,290,310,0,0,1
6401,4.1819,0.5305,290,310,0,0,1
6402,4.1218,0.4011,290,310,0,0,1
6403,4.4869,0.6047,290,310,0,0,1
6404,3.92,0.5638,290,310,0,0,1
6405,4.1555,0.4426,290,310,0,0,1
6406,4.2242,0.6166,290,310,0,0,1
6407,4.114,0.7106,289,310,0,0,1
6408,4.1746,0.4533,288,309,0,1,1
6409,4.1101,0.4394,288,308,0,1,1
6410,4.1274,0.4504,288,308,0,0,1
6411,4.2132,0.4208,288,308,0,0,1
6412,4.2356,0.6676,288,308,0,0,1
6413,4.1336,0.4195,288,308,0,0,1
6414,4.1173,0.4446,288,308,0,0,1
6415,4.1811,0.4218,288,308,0,0,1
6416,4.2605,0.6444,288,308,0,0,1
6417,4.1191,0.3744,288,308,0,0,1
6418,4.1479,0.4603,288,308,0,0,1
6419,4.1384,0.7717,288,308,0,0,1
6420,4.1388,0.3641,288,308,0,0,1
6421,4.2159,0.3714,288,308,0,0,1
6422,4.1527,0.4839,288,308,0,0,1
6423,4.1451,0.4195,288,308,0,0,1
6424,4.202,0.5778,287,308,0,0,1
6425,4.1998,0.594,286,307,0,1,1
6426,4.0958,0.4729,286,306,0,1,1
6427,4.2733,0.637,286,306,0,0,1
6428,4.079,0.3625,285,306,0,0,1
6429,4.2002,0.5299,284,305,0,1,1
6430,4.1448,0.4246,284,304,0,1,1
6431,4.2042,0.7468,284,304,0,0,1
6432,4.0954,0.3925,284,304,0,0,1
6433,4.2262,0.7073,334,354,50,0,1
6434,4.1738,0.491,334,354,0,0,1
6435,4.3986,0.5677,333,354,0,0,1
6436,4.1024,0.7532,333,353,0,1,1
6437,3.9941,0.7815,332,353,0,0,1
6438,4.0867,0.3896,332,352,0,1,1
6439,4.2653,0.4391,332,352,0,0,1
6440,4.1556,0.5419,332,352,0,0,1
6441,4.3906,0.3942,332,352,0,0,1
6442,3.978,0.4044,332,352,0,0,1
6443,4.0902,0.6418,332,352,0,0,1
6444,4.1778,0.508,332,352,0,0,1
6445,4.1525,0.4174,332,352,0,0,1
6446,4.2272,0.4266,332,352,0,0,1
6447,4.0932,0.394,331,352,0,0,1
6448,4.3924,0.4215,331,351,0,1,1
6449,3.9828,0.5438,330,351,0,0,1
6450,4.1051,0.4803,329,350,0,1,1
6451,4.173,0.458,329,349,0,1,1
6452,4.196,0.4243,329,349,0,0,1
6453,4.1292,0.376,329,349,0,0,1
6454,4.2485,0.3982,328,349,0,0,1
6455,4.1182,0.5709,328,348,0,1,1
6456,4.2311,0.7098,327,348,0,0,1
6457,4.107,0.4699,327,347,0,1,1
6458,4.1797,0.4674,327,347,0,0,1
6459,4.2042,0.4693,327,347,0,0,1
6460,4.1005,0.3686,326,347,0,0,1
6461,4.1765,0.5605,326,346,0,1,1
6462,4.1409,0.3803,326,346,0,0,1
6463,4.307,0.5402,326,346,0,0,1
6464,4.0799,0.7253,326,346,0,0,1
6465,4.2039,0.4889,324,346,0,0,1
6466,4.0697,0.3741,324,344,0,2,1
6467,4.177,0.3788,324,344,0,0,1
6468,4.1971,0.506,324,344,0,0,1
6469,4.1763,0.3926,324,344,0,0,1
6470,4.1751,0.5233,324,344,0,0,1
6471,4.838,0.454,324,344,0,0,1
6472,3.4526,0.4451,324,344,0,0,1
6473,4.1985,0.4963,323,344,0,0,1
6474,4.1352,0.3739,321,343,0,1,1
6475,4.1868,0.4129,320,341,0,2,1
6476,4.2028,0.4664,320,340,0,1,1
6477,4.1646,0.5813,319,340,0,0,1
6478,4.1246,0.4066,319,339,0,1,1
6479,4.1491,0.3801,318,339,0,0,1
6480,4.1896,0.5588,318,338,0,1,1
6481,4.1833,0.3919,316,338,0,0,1
6482,4.1609,0.4968,315,336,0,2,1
6483,4.2482,0.5383,314,335,0,1,1
6484,4.0787,0.4324,314,334,0,1,1
6485,4.2387,0.5869,314,334,0,0,1
6486,4.1157,0.518,313,334,0,0,1
6487,4.1382,0.4699,313,333,0,1,1
6488,4.1926,0.656,313,333,0,0,1
6489,4.1785,0.4977,313,333,0,0,1
6490,5.3904,0.366,313,333,0,0,1
6491,2.9706,0.3821,313,333,0,0,1
6492,4.2891,0.3721,313,333,0,0,1
6493,4.0377,0.4596,313,333,0,0,1
6494,4.2539,0.7715,313,333,0,0,1
6495,4.0411,0.3998,313,333,0,0,1
6496,4.1209,0.3808,313,333,0,0,1
6497,4.2086,0.3929,313,333,0,0,1
6498,4.1724,0.4727,313,333,0,0,1
6499,4.1246,0.6293,311,333,0,0,1
6500,4.2215,0.6474,361,381,50,2,1
6501,4.1995,0.543,361,381,0,0,1
6502,4.104,0.5055,360,381,0,0,1
6503,4.1793,0.4193,359,380,0,1,1
6504,4.1601,0.5688,359,379,0,1,1
6505,4.1834,0.3884,359,379,0,0,1
6506,4.1857,0.3987,357,379,0,0,1
6507,4.1759,0.6677,357,377,0,2,1
6508,4.1502,0.5689,357,377,0,0,1
6509,4.1157,0.7383,357,377,0,0,1
6510,4.1977,0.4285,357,377,0,0,1
6511,4.1369,0.5911,357,377,0,0,1
6512,4.199,0.7112,357,377,0,0,1
6513,4.1591,0.4842,357,377,0,0,1
6514,4.2162,0.5113,357,377,0,0,1
6515,4.1898,0.4959,356,377,0,0,1
6516,4.0557,0.5478,355,376,0,1,1
6517,4.2104,0.3875,355,375,0,1,1
6518,4.1766,0.4997,355,375,0,0,1
6519,4.1451,0.4024,355,375,0,0,1
6520,4.2031,0.5115,355,375,0,0,1
6521,4.2209,0.4611,355,375,0,0,1
6522,4.0586,0.4106,354,375,0,0,1
6523,4.2128,0.4971,354,374,0,1,1
6524,4.1791,0.489,354,374,0,0,1
6525,4.2189,0.669,353,374,0,0,1
6526,4.127,0.5138,352,373,0,1,1
6527,4.1855,0.4975,352,372,0,1,1
6528,4.0816,0.4735,352,372,0,0,1
6529,4.1817,0.3879,350,372,0,0,1
6530,4.1885,0.4255,349,370,0,2,1
6531,4.2072,0.3986,347,369,0,1,1
6532,4.2563,0.6188,347,367,0,2,1
6533,4.0574,0.6758,347,367,0,0,1
6534,4.1073,0.4961,346,367,0,0,1
6535,4.2656,0.5683,346,366,0,1,1
6536,4.1519,0.4824,345,366,0,0,1
6537,4.2033,0.6801,345,365,0,1,1
6538,4.198,0.3997,344,365,0,0,1
6539,4.0433,0.4013,344,364,0,1,1
6540,4.1849,0.4817,343,364,0,0,1
6541,4.1745,0.396,342,363,0,1,1
6542,4.4822,0.5734,340,362,0,1,1
6543,3.8343,0.4809,340,360,0,2,1
6544,4.215,0.7434,340,360,0,0,1
6545,4.164,0.514,340,360,0,0,1
6546,4.0791,0.4605,338,360,0,0,1
6547,4.2435,0.4318,337,358,0,2,1
6548,4.5537,0.4352,337,357,0,1,1
6549,3.853,0.6646,337,357,0,0,1
6550,4.1085,0.4133,337,357,0,0,1
6551,4.1348,0.6421,336,357,0,0,1
6552,4.1861,0.7585,336,356,0,1,1
6553,4.1169,0.4791,334,356,0,0,1
6554,4.2384,0.4606,333,354,0,2,1
6555,4.1671,0.401,333,353,0,1,1
6556,4.1523,0.5847,333,353,0,0,1
6557,4.1679,0.7508,333,353,0,0,1
6558,4.1678,0.6055,333,353,0,0,1
6559,4.1331,0.5195,333,353,0,0,1
6560,4.1594,0.555,333,353,0,0,1
6561,4.4221,0.4306,333,353,0,0,1
6562,3.8814,0.3888,333,353,0,0,1
6563,4.1824,0.4081,325,353,0,0,1
6564,4.1997,0.4462,325,345,0,8,1
6565,4.16,0.4141,324,345,0,0,1
6566,4.2171,0.5193,324,344,0,1,1
6567,4.0876,0.6263,374,394,50,0,1
6568,4.2732,0.8682,374,394,0,0,1
6569,4.1337,0.7321,374,394,0,0,1
6570,4.095,0.4525,374,394,0,0,1
6571,4.1928,0.5562,372,394,0,0,1
6572,4.1406,0.4692,371,392,0,2,1
6573,4.289,0.7481,370,391,0,1,1
6574,4.0731,0.4256,369,390,0,1,1
6575,4.1855,0.6875,368,389,0,1,1
6576,4.177,0.7027,368,388,0,1,1
6577,4.0975,0.4113,368,388,0,0,1
6578,4.2828,0.6009,368,388,0,0,1
6579,4.1228,0.4902,368,388,0,0,1
6580,4.1449,0.5927,368,388,0,0,1
6581,4.2349,0.4044,368,388,0,0,1
6582,4.2067,0.7165,368,388,0,0,1
6583,4.2809,0.7608,366,388,0,0,1
6584,3.9713,0.6529,365,386,0,2,1
6585,4.4823,0.448,364,385,0,1,1
6586,3.8109,0.5159,364,384,0,1,1
6587,4.1643,0.5065,362,384,0,0,1
6588,4.1968,0.8405,362,382,0,2,1
6589,4.1066,0.5231,362,382,0,0,1
6590,4.2027,0.7625,362,382,0,0,1
6591,4.1211,0.4706,360,382,0,0,1
6592,4.2457,0.5258,360,380,0,2,1
6593,4.1334,0.5384,360,380,0,0,1
6594,4.1612,0.656,360,380,0,0,1
6595,4.3296,0.48,360,380,0,0,1
6596,4.0226,0.4875,360,380,0,0,1
6597,4.201,0.454,360,380,0,0,1
6598,4.1815,0.4303,359,380,0,0,1
6599,4.1307,0.6729,358,379,0,1,1
6600,4.3501,0.6541,357,378,0,1,1
6601,3.9373,0.4368,355,377,0,1,1
6602,4.2058,0.4684,354,375,0,2,1
6603,4.1871,0.5696,354,374,0,1,1
6604,4.1619,0.547,354,374,0,0,1
6605,4.1403,0.5612,352,374,0,0,1
6606,4.1397,0.501,352,372,0,2,1
6607,4.2519,0.7088,352,372,0,0,1
6608,4.0957,0.4425,352,372,0,0,1
6609,4.1725,0.6286,351,372,0,0,1
6610,4.1277,0.3823,350,371,0,1,1
6611,4.332,0.6359,350,370,0,1,1
6612,4.0379,0.4497,348,370,0,0,1
6613,4.352,0.4109,348,368,0,2,1
6614,4.0354,0.4582,348,368,0,0,1
6615,4.0943,0.4289,348,368,0,0,1
6616,4.4687,0.6729,348,368,0,0,1
6617,3.8853,0.4831,348,368,0,0,1
6618,4.1763,0.4683,346,368,0,0,1
6619,4.1845,0.7654,345,366,0,2,1
6620,4.1352,0.4439,345,365,0,1,1
6621,4.2085,0.7198,345,365,0,0,1
6622,4.141,0.4371,344,365,0,0,1
6623,4.1865,0.4418,344,364,0,1,1
6624,4.176,0.475,344,364,0,0,1
6625,4.1279,0.3982,343,364,0,0,1
6626,4.2163,0.402,343,363,0,1,1
6627,4.1735,0.6386,342,363,0,0,1
6628,4.1683,0.5597,341,362,0,1,1
6629,4.4137,0.5196,334,361,0,1,1
6630,3.8469,0.5126,332,354,0,7,1
6631,4.1823,0.5164,332,352,0,2,1
6632,4.1679,0.4447,332,352,0,0,1
6633,4.2175,0.4405,332,352,0,0,1
6634,4.0946,0.3905,332,352,0,0,1
6635,4.1795,0.5055,382,402,50,0,1
6636,4.2071,0.4676,381,402,0,0,1
6637,4.1034,0.4822,380,401,0,1,1
6638,4.2704,0.5897,379,400,0,1,1
6639,4.0958,0.474,379,399,0,1,1
6640,4.196,0.4813,379,399,0,0,1
6641,4.163,0.4741,379,399,0,0,1
6642,4.1024,0.4119,378,399,0,0,1
6643,4.1734,0.6188,378,398,0,1,1
6644,4.2886,0.6944,378,398,0,0,1
6645,4.1803,0.693,378,398,0,0,1
6646,4.1048,0.6248,378,398,0,0,1
6647,4.3907,0.6677,378,398,0,0,1
6648,3.9372,0.6451,377,398,0,0,1
6649,4.1216,0.5136,377,397,0,1,1
6650,4.3561,0.6828,376,397,0,0,1
6651,4.0657,0.7349,374,396,0,1,1
6652,4.1131,0.6116,374,394,0,2,1
6653,4.1964,0.5863,374,394,0,0,1
6654,4.1047,0.4953,374,394,0,0,1
6655,4.1301,0.535,374,394,0,0,1
6656,4.3061,0.5615,374,394,0,0,1
6657,4.1351,0.6875,374,394,0,0,1
6658,4.083,0.5129,373,394,0,0,1
6659,4.2508,0.5952,373,393,0,1,1
6660,4.1572,0.5646,373,393,0,0,1
6661,4.1124,0.5233,373,393,0,0,1
6662,4.2118,0.6574,373,393,0,0,1
6663,4.1039,0.5016,373,393,0,0,1
6664,4.2197,0.7733,371,393,0,0,1
6665,4.2158,0.589,371,391,0,2,1
6666,4.1146,0.4694,371,391,0,0,1
6667,4.0896,0.4377,371,391,0,0,1
6668,4.1905,0.4681,371,391,0,0,1
6669,4.21,0.7145,371,391,0,0,1
6670,4.1648,0.6992,371,391,0,0,1
6671,4.5214,0.6208,369,391,0,0,1
6672,3.8456,0.4847,369,389,0,2,1
6673,4.1212,0.3986,368,389,0,0,1
6674,4.2255,0.4855,367,388,0,1,1
6675,4.1549,0.4332,366,387,0,1,1
6676,4.3796,0.6991,366,386,0,1,1
6677,4.4203,0.5567,365,386,0,0,1
6678,3.6386,0.4306,364,385,0,1,1
6679,4.2346,0.4902,362,384,0,1,1
6680,4.1876,0.4742,362,382,0,2,1
6681,4.1836,0.5878,361,382,0,0,1
6682,4.0227,0.4639,360,381,0,1,1
6683,4.3449,0.8113,358,380,0,1,1
6684,4.0668,0.7714,357,378,0,2,1
6685,4.1126,0.4936,353,377,0,1,1
6686,4.5541,0.4672,353,373,0,4,1
6687,3.7913,0.4543,353,373,0,0,1
6688,4.2204,0.6972,353,373,0,0,1
6689,4.1495,0.6241,352,373,0,0,1
6690,4.1296,0.392,351,372,0,1,1
6691,4.2379,0.6631,351,371,0,1,1
6692,4.1134,0.3994,350,371,0,0,1
6693,4.2178,0.4367,349,370,0,1,1
6694,4.1265,0.4004,348,369,0,1,1
6695,4.1256,0.5031,348,368,0,1,1
6696,4.1259,0.5283,340,368,0,0,1
6697,4.2246,0.4562,340,360,0,8,1
6698,4.1885,0.4405,340,360,0,0,1
6699,4.245,0.4483,339,360,0,0,1
6700,4.1256,0.544,339,359,0,1,1
6701,4.2345,0.6229,339,359,0,0,1
6702,4.1083,0.814,389,409,50,0,1
6703,4.1533,0.5067,389,409,0,0,1
6704,4.1256,0.5613,389,409,0,0,1
6705,4.2096,0.4498,388,409,0,0,1
6706,4.2074,0.7175,387,408,0,1,1
6707,4.3014,0.7267,386,407,0,1,1
6708,3.9935,0.6533,386,406,0,1,1
6709,4.1237,0.4322,385,406,0,0,1
6710,4.1417,0.4259,385,405,0,1,1
6711,4.1842,0.4404,384,405,0,0,1
6712,4.445,0.6034,384,404,0,1,1
6713,3.9102,0.5372,384,404,0,0,1
6714,4.2006,0.6668,384,404,0,0,1
6715,4.1356,0.4837,384,404,0,0,1
6716,4.2064,0.5749,384,404,0,0,1
6717,4.1696,0.464,384,404,0,0,1
6718,4.1349,0.4467,384,404,0,0,1
6719,4.1839,0.623,384,404,0,0,1
6720,4.1756,0.7596,384,404,0,0,1
6721,4.1505,0.4081,383,404,0,0,1
6722,4.2253,0.4836,382,403,0,1,1
6723,4.1145,0.6439,382,402,0,1,1
6724,4.4087,0.4178,382,402,0,0,1
6725,4.1566,0.4184,382,402,0,0,1
6726,3.9352,0.6698,382,402,0,0,1
6727,4.2372,0.8498,381,402,0,0,1
6728,4.1169,0.6355,381,401,0,1,1
6729,4.2139,0.6742,381,401,0,0,1
6730,3.9719,0.4686,381,401,0,0,1
6731,4.3449,0.562,381,401,0,0,1
6732,4.1273,0.498,381,401,0,0,1
6733,4.1052,0.666,381,401,0,0,1
6734,4.2096,0.5643,381,401,0,0,1
6735,4.0864,0.5189,381,401,0,0,1
6736,4.2227,0.5131,381,401,0,0,1
6737,4.4898,0.5201,381,401,0,0,1
6738,3.8389,0.5337,380,401,0,0,1
6739,4.2447,0.7103,379,400,0,1,1
6740,4.0711,0.6616,377,399,0,1,1
6741,4.265,0.5784,377,397,0,2,1
6742,4.1426,0.5401,376,397,0,0,1
6743,4.178,0.9765,376,396,0,1,1
6744,4.119,0.7019,376,396,0,0,1
6745,4.122,0.4576,374,396,0,0,1
6746,4.3172,0.4752,372,394,0,2,1
6747,4.0497,0.4664,372,392,0,2,1
6748,4.4475,0.7196,371,392,0,0,1
6749,3.9287,0.5328,369,391,0,1,1
6750,4.0843,0.3977,368,389,0,2,1
6751,4.2457,0.6788,367,388,0,1,1
6752,4.1217,0.4064,367,387,0,1,1
6753,4.2278,0.6462,366,387,0,0,1
6754,4.0932,0.3982,365,386,0,1,1
6755,4.4773,0.6535,363,385,0,1,1
6756,3.8544,0.4422,362,383,0,2,1
6757,4.1587,0.4134,362,382,0,1,1
6758,4.3258,0.4552,361,382,0,0,1
6759,4.0746,0.5051,361,381,0,1,1
6760,4.1332,0.5569,360,381,0,0,1
6761,4.1899,0.5322,360,380,0,1,1
6762,4.1365,0.4684,360,380,0,0,1
6763,4.2092,0.6966,352,380,0,0,1
6764,4.1273,0.4505,352,372,0,8,1
6765,4.2245,0.4819,352,372,0,0,1
6766,4.1454,0.4431,351,372,0,0,1
6767,4.1729,0.4561,351,371,0,1,1
6768,4.3325,0.435,350,371,0,0,1
6769,3.9192,0.5082,400,420,50,1,1
6770,4.2659,0.6892,400,420,0,0,1
6771,4.21,0.7997,399,420,0,0,1
6772,4.0669,0.4789,398,419,0,1,1
6773,4.493,0.5222,397,418,0,1,1
6774,3.827,0.653,396,417,0,1,1
6775,4.1704,0.6967,396,416,0,1,1
6776,4.2896,0.7136,395,416,0,0,1
6777,4.0274,0.6642,395,415,0,1,1
6778,4.13,0.4193,395,415,0,0,1
6779,4.2655,0.7163,394,415,0,0,1
6780,4.0842,0.4858,394,414,0,1,1
6781,4.2131,0.4783,394,414,0,0,1
6782,4.1796,0.5694,393,414,0,0,1
6783,4.2215,0.691,393,413,0,1,1
6784,4.1393,0.7624,392,413,0,0,1
6785,4.1,0.4885,392,412,0,1,1
6786,4.1582,0.4246,391,412,0,0,1
6787,4.2015,0.5296,390,411,0,1,1
6788,4.1697,0.4547,390,410,0,1,1
6789,4.264,0.7984,390,410,0,0,1
6790,4.0834,0.5472,389,410,0,0,1
6791,4.2295,0.5398,388,409,0,1,1
6792,4.1027,0.5341,388,408,0,1,1
6793,4.1221,0.4415,388,408,0,0,1
6794,4.1512,0.4686,388,408,0,0,1
6795,4.2172,0.7463,388,408,0,0,1
6796,4.2616,0.7214,388,408,0,0,1
6797,4.0367,0.5857,388,408,0,0,1
6798,4.1898,0.4643,387,408,0,0,1
6799,4.1493,0.4767,386,407,0,1,1
6800,4.2511,0.7003,385,406,0,1,1
6801,4.1608,0.6835,384,405,0,1,1
6802,4.0192,0.4448,383,404,0,1,1
6803,4.2706,0.4709,382,403,0,1,1
6804,4.1985,0.5263,381,402,0,1,1
6805,4.1107,0.4716,381,401,0,1,1
6806,4.1292,0.6808,381,401,0,0,1
6807,4.2191,0.4527,381,401,0,0,1
6808,4.2192,0.7659,379,401,0,0,1
6809,4.1112,0.5401,379,399,0,2,1
6810,4.1469,0.4433,379,399,0,0,1
6811,4.2069,0.4589,378,399,0,0,1
6812,4.1438,0.5426,377,398,0,1,1
6813,4.2198,0.7196,375,397,0,1,1
6814,4.163,0.4099,375,395,0,2,1
6815,4.1703,0.6485,375,395,0,0,1
6816,4.2798,0.4143,375,395,0,0,1
6817,4.008,0.4154,375,395,0,0,1
6818,4.1622,0.4099,374,395,0,0,1
6819,4.2753,0.4271,373,394,0,1,1
6820,4.1007,0.5752,373,393,0,1,1
6821,4.3325,0.4101,373,393,0,0,1
6822,4.0131,0.6195,373,393,0,0,1
6823,4.146,0.4789,373,393,0,0,1
6824,4.1916,0.4913,373,393,0,0,1
6825,4.1451,0.6292,373,393,0,0,1
6826,4.1149,0.4394,372,393,0,0,1
6827,4.2859,0.6816,371,392,0,1,1
6828,4.12,0.5142,371,391,0,1,1
6829,4.0971,0.5043,370,391,0,0,1
6830,4.2041,0.5527,360,390,0,1,1
6831,4.1428,0.5125,359,380,0,10,1
6832,4.2557,0.7082,358,379,0,1,1
6833,4.0537,0.6444,358,378,0,1,1
6834,4.2362,0.7424,357,378,0,0,1
6835,4.0735,0.4591,356,377,0,1,1
6836,4.2469,0.6453,406,426,50,1,1
6837,4.2312,0.5238,405,426,0,0,1
6838,4.1002,0.5872,405,425,0,1,1
6839,4.1857,0.7729,404,425,0,0,1
6840,4.4784,0.6566,404,424,0,1,1
6841,3.7974,0.4858,404,424,0,0,1
6842,4.135,0.4926,404,424,0,0,1
6843,4.1549,0.5145,403,424,0,0,1
6844,4.5032,0.4353,403,423,0,1,1
6845,4.0492,0.6143,403,423,0,0,1
6846,4.0372,0.7165,403,423,0,0,1
6847,4.4354,0.7272,401,423,0,0,1
6848,3.873,0.4353,400,421,0,2,1
6849,4.4011,0.6211,399,420,0,1,1
6850,3.8442,0.4238,399,419,0,1,1
6851,4.5468,0.6189,399,419,0,0,1
6852,3.8993,0.5991,399,419,0,0,1
6853,4.0868,0.4443,399,419,0,0,1
6854,4.3368,0.6268,399,419,0,0,1
6855,4.0378,0.6178,399,419,0,0,1
6856,4.2015,0.5268,399,419,0,0,1
6857,4.0914,0.4568,399,419,0,0,1
6858,4.1511,0.449,399,419,0,0,1
6859,4.3071,0.6409,399,419,0,0,1
6860,4.0665,0.4184,399,419,0,0,1
6861,4.4535,0.5889,399,419,0,0,1
6862,4.141,0.4353,399,419,0,0,1
6863,4.2026,0.4619,399,419,0,0,1
6864,4.4358,0.4144,399,419,0,0,1
6865,3.6068,0.4075,398,419,0,0,1
6866,4.2571,0.656,398,418,0,1,1
6867,4.1162,0.4319,398,418,0,0,1
6868,4.4532,0.6573,398,418,0,0,1
6869,3.7877,0.5641,398,418,0,0,1
6870,4.2124,0.5243,398,418,0,0,1
6871,4.2143,0.6852,398,418,0,0,1
6872,4.1254,0.4171,396,418,0,0,1
6873,4.3998,0.6663,395,416,0,2,1
6874,3.8929,0.4197,394,415,0,1,1
6875,4.167,0.5634,394,414,0,1,1
6876,4.4556,0.4113,392,414,0,0,1
6877,3.8571,0.392,392,412,0,2,1
6878,4.1472,0.3791,391,412,0,0,1
6879,4.2827,0.6096,391,411,0,1,1
6880,4.3124,0.5449,391,411,0,0,1
6881,4.174,0.5453,391,411,0,0,1
6882,3.9119,0.3559,390,411,0,0,1
6883,4.3743,0.5318,390,410,0,1,1
6884,3.9535,0.3763,390,410,0,0,1
6885,4.2078,0.3704,389,410,0,0,1
6886,4.144,0.3699,386,409,0,1,1
6887,4.3874,0.5323,385,406,0,3,1
6888,3.9192,0.3781,384,405,0,1,1
6889,4.1613,0.3481,383,404,0,1,1
6890,4.2156,0.5385,381,403,0,1,1
6891,4.244,0.4948,381,401,0,2,1
6892,4.2092,0.4899,381,401,0,0,1
6893,4.1478,0.4634,379,401,0,0,1
6894,4.0343,0.3281,378,399,0,2,1
6895,4.386,0.4752,378,398,0,1,1
6896,4.1479,0.3603,378,398,0,0,1
6897,4.0993,0.3314,378,398,0,0,1
6898,3.9995,0.3171,369,398,0,0,1
6899,4.344,0.4686,368,389,0,9,1
6900,4.1086,0.4667,368,388,0,1,1
6901,4.0801,0.3286,368,388,0,0,1
6902,4.286,0.4242,368,388,0,0,1
6903,4.1386,0.6237,417,438,50,0,1
6904,4.1043,0.4223,417,437,0,1,1
6905,4.3164,0.5222,416,437,0,0,1
6906,3.9985,0.3607,414,436,0,1,1
6907,4.3217,0.6424,413,434,0,2,1
6908,4.2005,0.5899,413,433,0,1,1
6909,4.0781,0.7258,413,433,0,0,1
6910,4.1834,0.4695,412,433,0,0,1
6911,4.2408,0.5568,410,432,0,1,1
6912,4.1563,0.5252,410,430,0,2,1
6913,4.014,0.4471,410,430,0,0,1
6914,4.1657,0.6372,410,430,0,0,1
6915,4.2974,0.7128,410,430,0,0,1
6916,4.2093,0.7123,410,430,0,0,1
6917,4.089,0.5376,409,430,0,0,1
6918,4.1147,0.4139,407,429,0,1,1
6919,4.2483,0.4926,406,427,0,2,1
6920,4.3783,0.496,406,426,0,1,1
6921,3.9815,0.5839,405,426,0,0,1
6922,4.1688,0.8562,405,425,0,1,1
6923,4.1837,0.7471,405,425,0,0,1
6924,4.122,0.4849,405,425,0,0,1
6925,4.0977,0.4094,405,425,0,0,1
6926,4.1841,0.4587,404,425,0,0,1
6927,4.1501,0.4623,403,424,0,1,1
6928,4.4653,0.7387,403,423,0,1,1
6929,3.9405,0.4676,403,423,0,0,1
6930,4.0867,0.406,403,423,0,0,1
6931,4.2089,0.4481,403,423,0,0,1
6932,4.1607,0.5259,403,423,0,0,1
6933,4.1544,0.613,403,423,0,0,1
6934,4.2502,0.7105,403,423,0,0,1
6935,4.15,0.5193,402,423,0,0,1
6936,4.1864,0.4273,401,422,0,1,1
6937,4.0569,0.4329,401,421,0,1,1
6938,4.2729,0.4914,399,421,0,0,1
6939,4.1423,0.537,398,419,0,2,1
6940,4.1947,0.7768,398,418,0,1,1
6941,4.1348,0.5125,398,418,0,0,1
6942,4.0986,0.4717,396,418,0,0,1
6943,4.2008,0.5595,396,416,0,2,1
6944,4.1702,0.5697,396,416,0,0,1
6945,4.1685,0.6425,395,416,0,0,1
6946,4.129,0.5389,394,415,0,1,1
6947,4.3418,0.666,393,414,0,1,1
6948,4.0493,0.6559,392,413,0,1,1
6949,4.1078,0.5596,390,412,0,1,1
6950,4.2332,0.5705,389,410,0,2,1
6951,4.1158,0.4852,389,409,0,1,1
6952,4.2373,0.4598,389,409,0,0,1
6953,4.2365,0.5885,389,409,0,0,1
6954,4.0356,0.5117,388,409,0,0,1
6955,4.1594,0.529,386,408,0,1,1
6956,4.1984,0.4431,386,406,0,2,1
6957,4.1978,0.5453,386,406,0,0,1
6958,4.1316,0.527,386,406,0,0,1
6959,4.2324,0.6945,385,406,0,0,1
6960,4.2995,0.5648,384,405,0,1,1
6961,3.9208,0.4911,382,404,0,1,1
6962,4.2316,0.5308,382,402,0,2,1
6963,4.2412,0.5707,382,402,0,0,1
6964,4.3044,0.7493,382,402,0,0,1
6965,4.1376,0.6897,375,402,0,0,1
6966,4.0721,0.9269,375,395,0,7,1
6967,4.1149,0.6037,374,395,0,0,1
6968,4.1083,0.8714,374,394,0,1,1
6969,4.2079,0.5675,374,394,0,0,1
6970,4.063,0.9599,422,444,50,0,1
6971,4.2678,0.683,422,442,0,2,1
6972,4.1292,0.4702,422,442,0,0,1
6973,4.1557,0.4409,422,442,0,0,1
6974,4.1517,0.7024,422,442,0,0,1
6975,4.2384,0.4777,421,442,0,0,1
6976,4.1066,0.5452,421,441,0,1,1
6977,4.1838,0.5496,420,441,0,0,1
6978,4.1616,0.7261,419,440,0,1,1
6979,4.1988,0.6717,419,439,0,1,1
6980,4.1121,0.5436,418,439,0,0,1
6981,4.2174,0.7368,418,438,0,1,1
6982,4.1429,0.4988,417,438,0,0,1
6983,4.1554,0.4592,417,437,0,1,1
6984,4.3717,0.4853,415,437,0,0,1
6985,3.9472,0.4416,415,435,0,2,1
6986,4.2098,0.5064,415,435,0,0,1
6987,4.17,0.702,413,435,0,0,1
6988,4.1728,0.4674,411,433,0,2,1
6989,4.1604,0.6407,411,431,0,2,1
6990,4.1318,0.6633,411,431,0,0,1
6991,4.3846,0.6265,410,431,0,0,1
6992,3.9612,0.4843,407,430,0,1,1
6993,4.2204,0.5433,406,427,0,3,1
6994,4.1273,0.4814,406,426,0,1,1
6995,4.208,0.6501,406,426,0,0,1
6996,4.1227,0.6174,406,426,0,0,1
6997,4.1339,0.4777,406,426,0,0,1
6998,4.1769,0.5181,406,426,0,0,1
6999,4.1758,0.6221,405,426,0,0,1
7000,4.438,0.4662,404,425,0,1,1
7001,3.9555,0.4662,403,424,0,1,1
7002,4.082,0.4448,403,423,0,1,1
7003,4.2886,0.677,403,423,0,0,1
7004,4.0695,0.4329,403,423,0,0,1
7005,4.198,0.6248,403,423,0,0,1
7006,4.1846,0.5199,401,423,0,0,1
7007,4.1026,0.4405,398,421,0,2,1
7008,4.4544,0.4489,398,418,0,3,1
7009,3.9341,0.4201,396,418,0,0,1
7010,4.2707,0.6765,396,416,0,2,1
7011,4.2662,0.5477,395,416,0,0,1
7012,4.0357,0.7074,394,415,0,1,1
7013,4.2128,0.4255,393,414,0,1,1
7014,4.0021,0.4299,393,413,0,1,1
7015,4.2223,0.432,392,413,0,0,1
7016,4.1895,0.4891,390,412,0,1,1
7017,4.1212,0.4683,390,410,0,2,1
7018,4.1214,0.4489,389,410,0,0,1
7019,4.4772,0.4219,387,409,0,1,1
7020,3.9132,0.5529,386,407,0,2,1
7021,4.1369,0.4471,386,406,0,1,1
7022,4.2013,0.5764,385,406,0,0,1
7023,4.1566,0.6465,385,405,0,1,1
7024,4.4981,0.5775,385,405,0,0,1
7025,3.7735,0.4546,385,405,0,0,1
7026,4.1935,0.4362,383,405,0,0,1
7027,4.2088,0.4498,382,403,0,2,1
7028,4.188,0.6401,381,402,0,1,1
7029,4.19,0.6274,381,401,0,1,1
7030,4.134,0.4766,380,401,0,0,1
7031,4.2559,0.5955,380,400,0,1,1
7032,4.356,0.4145,373,400,0,0,1
7033,3.8067,0.4049,373,393,0,7,1
7034,4.1886,0.6607,372,393,0,0,1
7035,4.2072,0.4723,372,392,0,1,1
7036,4.1397,0.4704,372,392,0,0,1
7037,4.1888,0.5189,372,392,0,0,1
7038,4.1387,0.5288,421,442,50,0,1
7039,4.2147,0.4886,421,441,0,1,1
7040,4.1902,0.6268,419,441,0,0,1
7041,4.2006,0.6394,418,439,0,2,1
7042,4.3645,0.769,417,438,0,1,1
7043,3.9329,0.6079,416,437,0,1,1
7044,4.1497,0.4906,414,436,0,1,1
7045,4.1251,0.6325,413,434,0,2,1
7046,4.2284,0.4957,412,433,0,1,1
7047,4.1615,0.7365,411,432,0,1,1
7048,4.1246,0.5492,411,431,0,1,1
7049,4.1619,0.5768,411,431,0,0,1
7050,4.1542,0.4579,410,431,0,0,1
7051,4.1712,0.5303,410,430,0,1,1
7052,4.2147,0.5949,408,430,0,0,1
7053,4.1059,0.6263,408,428,0,2,1
7054,4.2951,0.7516,408,428,0,0,1
7055,4.0839,0.6212,407,428,0,0,1
7056,4.2856,0.4248,407,427,0,1,1
7057,4.0583,0.4215,407,427,0,0,1
7058,4.1387,0.4559,407,427,0,0,1
7059,4.2319,0.475,405,427,0,0,1
7060,4.1078,0.6339,405,425,0,2,1
7061,4.4639,0.4213,404,425,0,0,1
7062,3.8959,0.769,404,424,0,1,1
7063,4.1642,0.5133,404,424,0,0,1
7064,4.1229,0.4661,404,424,0,0,1
7065,4.1661,0.747,404,424,0,0,1
7066,4.223,0.7241,403,424,0,0,1
7067,4.1598,0.916,402,423,0,1,1
7068,4.1562,0.8831,402,422,0,1,1
7069,4.1319,0.5083,402,422,0,0,1
7070,4.2619,0.5008,400,422,0,0,1
7071,4.0451,0.473,399,420,0,2,1
7072,4.2678,0.4856,398,419,0,1,1
7073,4.0901,0.4749,398,418,0,1,1
7074,4.1642,0.4431,397,418,0,0,1
7075,4.2198,0.5034,396,417,0,1,1
7076,4.1181,0.6639,396,416,0,1,1
7077,4.1542,1.0374,396,416,0,0,1
7078,4.2078,0.4431,395,416,0,0,1
7079,4.2613,0.6747,395,415,0,1,1
7080,4.4131,0.4599,395,415,0,0,1
7081,3.7723,0.4043,394,415,0,0,1
7082,4.2143,0.4688,393,414,0,1,1
7083,4.1997,0.4666,393,413,0,1,1
7084,4.1649,0.6488,392,413,0,0,1
7085,4.2066,0.6577,388,412,0,1,1
7086,4.1218,0.7452,388,408,0,4,1
7087,4.0935,0.4382,388,408,0,0,1
7088,4.2021,0.5753,387,408,0,0,1
7089,4.1991,0.7009,387,407,0,1,1
7090,4.078,0.4297,387,407,0,0,1
7091,4.2769,0.7187,387,407,0,0,1
7092,4.1152,0.4908,387,407,0,0,1
7093,4.1253,0.7064,387,407,0,0,1
7094,4.2115,0.5312,386,407,0,0,1
7095,4.1886,0.5192,386,406,0,1,1
7096,4.1666,0.7116,385,406,0,0,1
7097,4.1523,0.6769,384,405,0,1,1
7098,4.1492,0.5128,384,404,0,1,1
7099,4.2351,0.7401,376,404,0,0,1
7100,4.0948,0.8071,376,396,0,8,1
7101,4.4629,0.586,375,396,0,0,1
7102,3.943,0.5001,374,395,0,1,1
7103,4.1029,0.4601,374,394,0,1,1
7104,4.3693,0.4963,374,394,0,0,1
7105,3.9242,0.6209,424,444,50,0,1
7106,4.2766,0.6287,423,444,0,0,1
7107,4.1971,0.8757,422,443,0,1,1
7108,4.2975,0.6345,421,442,0,1,1
7109,3.9913,0.6719,421,441,0,1,1
7110,4.1813,0.7741,420,441,0,0,1
7111,4.4864,0.6092,420,440,0,1,1
7112,3.7829,0.4645,420,440,0,0,1
7113,4.2272,0.4903,418,440,0,0,1
7114,4.1113,0.5076,417,438,0,2,1
7115,4.2955,0.7282,416,437,0,1,1
7116,4.0499,0.724,416,436,0,1,1
7117,4.1634,0.5095,415,436,0,0,1
7118,4.2017,0.6234,415,435,0,1,1
7119,4.1707,0.5288,415,435,0,0,1
7120,4.1669,0.5101,415,435,0,0,1
7121,4.1777,0.5221,415,435,0,0,1
7122,4.0731,0.5757,414,435,0,0,1
7123,4.2973,0.6902,413,434,0,1,1
7124,4.1054,0.709,413,433,0,1,1
7125,4.1159,0.5985,413,433,0,0,1
7126,4.1896,0.5012,410,433,0,0,1
7127,4.431,0.6895,409,430,0,3,1
7128,3.9687,0.4323,409,429,0,1,1
7129,4.0742,0.4508,409,429,0,0,1
7130,4.1879,0.4993,409,429,0,0,1
7131,4.2071,0.5869,409,429,0,0,1
7132,4.079,0.4899,408,429,0,0,1
7133,4.2639,0.6873,408,428,0,1,1
7134,4.0726,0.6831,407,428,0,0,1
7135,4.5594,0.6338,406,427,0,1,1
7136,3.8288,0.4403,406,426,0,1,1
7137,4.2024,0.5925,406,426,0,0,1
7138,4.1251,0.5063,406,426,0,0,1
7139,4.1339,0.4583,406,426,0,0,1
7140,4.1878,0.5943,403,426,0,0,1
7141,4.1374,0.4475,401,423,0,3,1
7142,4.5422,0.5712,399,421,0,2,1
7143,3.8779,0.5501,399,419,0,2,1
7144,4.1641,0.5498,399,419,0,0,1
7145,4.0839,0.4545,399,419,0,0,1
7146,4.195,0.4337,398,419,0,0,1
7147,4.2148,0.6568,396,418,0,1,1
7148,4.1245,0.4119,394,416,0,2,1
7149,4.1935,0.6855,391,414,0,2,1
7150,4.176,0.7132,391,411,0,3,1
7151,4.5213,0.4089,390,411,0,0,1
7152,3.9503,0.4217,389,410,0,1,1
7153,3.9846,0.4063,389,409,0,1,1
7154,4.2572,0.707,389,409,0,0,1
7155,4.206,0.707,388,409,0,0,1
7156,4.0548,0.4586,387,408,0,1,1
7157,4.1061,0.4053,386,407,0,1,1
7158,4.2125,0.4138,386,406,0,1,1
7159,4.2233,0.6351,385,406,0,0,1
7160,4.1819,0.5018,385,405,0,1,1
7161,4.2168,0.7881,385,405,0,0,1
7162,4.0771,0.6091,384,405,0,0,1
7163,4.1471,0.4234,383,404,0,1,1
7164,4.1799,0.4536,382,403,0,1,1
7165,4.1559,0.4337,381,402,0,1,1
7166,4.2271,0.4124,373,401,0,1,1
7167,4.207,0.6842,371,393,0,8,1
7168,4.0485,0.4341,371,391,0,2,1
7169,4.4587,0.6581,370,391,0,0,1
7170,3.8707,0.432,369,390,0,1,1
7171,4.1897,0.6604,368,389,0,1,1
7172,4.3863,0.6505,418,438,50,1,1
7173,4.0725,0.7013,418,438,0,0,1
7174,4.0652,0.8102,418,438,0,0,1
7175,4.1977,0.4979,416,438,0,0,1
7176,4.2553,0.5167,416,436,0,2,1
7177,4.0097,0.4401,416,436,0,0,1
7178,4.2306,0.7245,414,436,0,0,1
7179,4.1186,0.7754,414,434,0,2,1
7180,4.1954,0.5833,414,434,0,0,1
7181,4.2686,0.5178,414,434,0,0,1
7182,3.9924,0.4818,414,434,0,0,1
7183,4.2122,0.484,414,434,0,0,1
7184,4.1659,0.4482,413,434,0,0,1
7185,4.1701,0.6001,412,433,0,1,1
7186,4.1734,0.6243,412,432,0,1,1
7187,4.1883,0.6115,411,432,0,0,1
7188,4.1737,0.4881,411,431,0,1,1
7189,4.1251,0.4283,409,431,0,0,1
7190,4.1693,0.4584,409,429,0,2,1
7191,4.1557,0.4554,408,429,0,0,1
7192,4.2031,0.4522,407,428,0,1,1
7193,4.1443,0.4801,406,427,0,1,1
7194,4.1557,0.6012,406,426,0,1,1
7195,4.5458,0.4636,406,426,0,0,1
7196,3.8081,0.4836,406,426,0,0,1
7197,4.1227,0.7653,406,426,0,0,1
7198,4.214,0.754,406,426,0,0,1
7199,4.1368,0.496,406,426,0,0,1
7200,4.3635,0.4948,406,426,0,0,1
7201,3.9433,0.4759,406,426,0,0,1
7202,4.4976,0.7094,405,426,0,0,1
7203,3.8634,0.5373,405,425,0,1,1
7204,4.1699,0.4598,405,425,0,0,1
7205,4.1956,0.7411,404,425,0,0,1
7206,4.1518,0.6783,403,424,0,1,1
7207,4.2123,0.5765,402,423,0,1,1
7208,4.1744,0.6123,402,422,0,1,1
7209,4.156,0.5601,402,422,0,0,1
7210,4.1305,0.4768,402,422,0,0,1
7211,4.1675,0.4473,402,422,0,0,1
7212,4.1997,0.482,399,422,0,0,1
7213,4.0969,0.6636,397,419,0,3,1
7214,4.2537,0.5,397,417,0,2,1
7215,4.0916,0.4196,396,417,0,0,1
7216,4.3695,0.4572,395,416,0,1,1
7217,4.0516,0.6723,395,415,0,1,1
7218,4.0935,0.4341,392,415,0,0,1
7219,4.2084,0.4867,391,412,0,3,1
7220,4.1298,0.5428,390,411,0,1,1
7221,4.1396,0.7042,389,410,0,1,1
7222,4.2314,0.4528,388,409,0,1,1
7223,4.15,0.6075,388,408,0,1,1
7224,4.2844,0.4562,388,408,0,0,1
7225,3.9973,0.4207,387,408,0,0,1
7226,4.2589,0.504,387,407,0,1,1
7227,4.1472,0.4661,387,407,0,0,1
7228,4.1182,0.4203,386,407,0,0,1
7229,4.3169,0.4274,385,406,0,1,1
7230,4.1723,0.7006,384,405,0,1,1
7231,4.0668,0.6021,383,404,0,1,1
7232,4.1168,0.5514,383,403,0,1,1
7233,4.457,0.5681,383,403,0,0,1
7234,3.9207,0.4743,374,403,0,0,1
7235,4.1571,0.5999,373,394,0,9,1
7236,4.1695,0.4117,373,393,0,1,1
7237,4.1316,0.4221,373,393,0,0,1
7238,4.2233,0.5085,373,393,0,0,1
7239,4.1092,0.5956,422,443,50,0,1
7240,4.2613,0.4973,422,442,0,1,1
7241,4.0621,0.5868,422,442,0,0,1
7242,4.2561,0.7231,421,442,0,0,1
7243,4.1318,0.5748,421,441,0,1,1
7244,4.1027,0.4222,419,441,0,0,1
7245,4.2317,0.6051,418,439,0,2,1
7246,4.1637,0.5044,417,438,0,1,1
7247,4.2111,0.5101,417,437,0,1,1
7248,4.6777,0.4845,416,437,0,0,1
7249,3.5314,0.5111,416,436,0,1,1
7250,4.4321,0.6762,415,436,0,0,1
7251,3.9176,0.4812,415,435,0,1,1
7252,4.3112,0.6294,415,435,0,0,1
7253,4.003,0.4811,414,435,0,0,1
7254,4.1908,0.6456,414,434,0,1,1
7255,4.3073,0.6923,413,434,0,0,1
7256,4.1018,0.4739,413,433,0,1,1
7257,4.1326,0.4769,412,433,0,0,1
7258,4.1952,0.5529,412,432,0,1,1
7259,4.4616,0.4903,412,432,0,0,1
7260,3.8383,0.5282,412,432,0,0,1
7261,4.1265,0.4277,412,432,0,0,1
7262,4.2029,0.4279,410,432,0,0,1
7263,4.4756,0.4742,409,430,0,2,1
7264,3.8485,0.4617,407,429,0,1,1
7265,4.204,0.7292,407,427,0,2,1
7266,4.1248,0.6841,407,427,0,0,1
7267,4.1028,0.6686,407,427,0,0,1
7268,4.2371,0.4998,407,427,0,0,1
7269,4.1798,0.6032,405,427,0,0,1
7270,4.2083,0.5961,405,425,0,2,1
7271,4.2568,0.6252,404,425,0,0,1
7272,4.2141,0.4408,404,424,0,1,1
7273,3.9532,0.4407,404,424,0,0,1
7274,4.3123,0.6741,404,424,0,0,1
7275,4.118,0.5049,402,424,0,0,1
7276,4.1887,0.6863,402,422,0,2,1
7277,4.0671,0.4585,402,422,0,0,1
7278,4.1386,0.4669,402,422,0,0,1
7279,4.3952,0.7726,402,422,0,0,1
7280,3.9895,0.4529,401,422,0,0,1
7281,4.1778,0.4812,401,421,0,1,1
7282,4.2008,0.4981,400,421,0,0,1
7283,4.1102,0.4524,400,420,0,1,1
7284,4.1237,0.4142,399,420,0,0,1
7285,4.2203,0.4344,398,419,0,1,1
7286,4.2727,0.7399,396,418,0,1,1
7287,4.0896,0.5017,396,416,0,2,1
7288,4.1143,0.4771,396,416,0,0,1
7289,4.1716,0.4194,396,416,0,0,1
7290,4.1799,0.4838,396,416,0,0,1
7291,4.1544,0.6511,396,416,0,0,1
7292,4.1938,0.53,394,416,0,0,1
7293,4.3722,0.7168,394,414,0,2,1
7294,3.9659,0.4871,394,414,0,0,1
7295,4.4379,0.7179,393,414,0,0,1
7296,3.8657,0.4949,392,413,0,1,1
7297,4.1897,0.4802,392,412,0,1,1
7298,4.1327,0.6577,390,412,0,0,1
7299,4.1752,0.4945,390,410,0,2,1
7300,4.185,0.5073,390,410,0,0,1
7301,5.0348,0.5531,383,410,0,0,1
7302,3.2838,0.4748,383,403,0,7,1
7303,4.1593,0.5781,383,403,0,0,1
7304,4.2047,0.5138,382,403,0,0,1
7305,4.2317,0.6735,381,402,0,1,1
7306,4.0953,0.7691,429,451,50,1,1
7307,4.1373,0.5598,426,449,0,2,1
7308,4.4686,0.5295,426,446,0,3,1
7309,3.8887,0.4483,425,446,0,0,1
7310,4.1247,0.6864,424,445,0,1,1
7311,4.2185,0.4633,423,444,0,1,1
7312,4.1301,0.512,423,443,0,1,1
7313,4.1755,0.595,421,443,0,0,1
7314,4.1969,0.5976,420,441,0,2,1
7315,4.1396,0.464,420,440,0,1,1
7316,4.1966,0.5242,420,440,0,0,1
7317,4.1929,0.7748,420,440,0,0,1
7318,4.0648,0.5216,420,440,0,0,1
7319,4.2736,0.5419,420,440,0,0,1
7320,4.0809,0.5671,419,440,0,0,1
7321,4.2051,0.4809,418,439,0,1,1
7322,4.1365,0.4518,417,438,0,1,1
7323,4.1956,0.4669,417,437,0,1,1
7324,4.2623,0.7327,417,437,0,0,1
7325,4.1151,0.7936,417,437,0,0,1
7326,4.125,0.447,416,437,0,0,1
7327,4.131,0.4258,416,436,0,1,1
7328,4.2028,0.5514,416,436,0,0,1
7329,4.4355,0.4663,416,436,0,0,1
7330,3.9748,0.8093,414,436,0,0,1
7331,4.2249,0.7657,414,434,0,2,1
7332,4.031,0.5496,414,434,0,0,1
7333,4.1634,0.4701,413,434,0,0,1
7334,4.1279,0.5093,413,433,0,1,1
7335,4.217,0.4722,412,433,0,0,1
7336,4.1979,0.4573,412,432,0,1,1
7337,4.1456,0.6558,411,432,0,0,1
7338,4.1584,0.4598,411,431,0,1,1
7339,4.3458,0.4766,409,431,0,0,1
7340,3.9861,0.5743,409,429,0,2,1
7341,4.1449,0.7275,409,429,0,0,1
7342,4.1579,0.4562,408,429,0,0,1
7343,4.318,0.685,408,428,0,1,1
7344,4.112,0.7225,407,428,0,0,1
7345,4.0752,0.4412,406,427,0,1,1
7346,4.2212,0.49,404,426,0,1,1
7347,4.1721,0.4967,404,424,0,2,1
7348,4.3329,0.4765,403,424,0,0,1
7349,3.9484,0.4714,401,423,0,1,1
7350,4.2126,0.5568,401,421,0,2,1
7351,4.1737,0.5522,401,421,0,0,1
7352,4.1586,0.6517,401,421,0,0,1
7353,4.172,0.5528,401,421,0,0,1
7354,4.0809,0.5039,398,421,0,0,1
7355,4.208,0.5239,398,418,0,3,1
7356,4.3271,0.6858,397,418,0,0,1
7357,4.0034,0.5147,395,417,0,1,1
7358,4.2251,0.524,394,415,0,2,1
7359,4.1999,0.6658,393,414,0,1,1
7360,4.1777,0.4945,393,413,0,1,1
7361,4.0612,0.5588,393,413,0,0,1
7362,4.2278,0.6123,392,413,0,0,1
7363,4.1667,0.4976,392,412,0,1,1
7364,4.1259,0.5474,391,412,0,0,1
7365,4.1731,0.4419,390,411,0,1,1
7366,4.1711,0.4699,390,410,0,1,1
7367,4.1972,0.6175,388,410,0,0,1
7368,4.1397,0.6685,388,408,0,2,1
7369,4.1191,0.4535,379,408,0,0,1
7370,4.2584,0.5603,379,399,0,9,1
7371,4.122,0.5497,379,399,0,0,1
7372,4.1909,0.5791,378,399,0,0,1
7373,4.1051,0.5214,376,398,0,1,1
7374,4.242,0.7671,426,446,50,2,1
7375,4.1196,0.5457,425,446,0,0,1
7376,4.1977,0.5219,425,445,0,1,1
7377,4.1328,0.4883,425,445,0,0,1
7378,4.2082,0.5678,424,445,0,0,1
7379,4.3088,0.4676,423,444,0,1,1
7380,4.0384,0.4427,423,443,0,1,1
7381,4.1081,0.7488,421,443,0,0,1
7382,4.221,0.5619,421,441,0,2,1
7383,4.1646,0.5948,421,441,0,0,1
7384,4.0977,0.5353,421,441,0,0,1
7385,4.2092,0.495,419,441,0,0,1
7386,4.1625,0.6473,417,439,0,2,1
7387,4.4939,0.611,416,437,0,2,1
7388,3.8777,0.6187,416,436,0,1,1
7389,4.1105,0.4364,416,436,0,0,1
7390,4.1735,0.4973,415,436,0,0,1
7391,4.2395,0.5266,414,435,0,1,1
7392,4.0264,0.4647,414,434,0,1,1
7393,4.2156,0.4144,414,434,0,0,1
7394,4.2359,0.7222,414,434,0,0,1
7395,4.159,0.5531,413,434,0,0,1
7396,4.1594,0.5394,413,433,0,1,1
7397,4.1057,0.5124,412,433,0,0,1
7398,4.1703,0.8143,411,432,0,1,1
7399,4.2635,0.6579,410,431,0,1,1
7400,4.148,0.5674,409,430,0,1,1
7401,4.0943,0.6253,409,429,0,1,1
7402,4.1316,0.4609,408,429,0,0,1
7403,4.5117,0.4586,407,428,0,1,1
7404,3.988,0.4651,407,427,0,1,1
7405,4.0204,0.4456,407,427,0,0,1
7406,4.5747,0.601,407,427,0,0,1
7407,3.8488,0.7586,406,427,0,0,1
7408,4.0983,0.4284,404,426,0,1,1
7409,4.1991,0.4582,403,424,0,2,1
7410,4.1364,0.4278,403,423,0,1,1
7411,4.2002,0.6475,402,423,0,0,1
7412,4.1831,0.4898,401,422,0,1,1
7413,4.1487,0.5228,401,421,0,1,1
7414,4.1619,0.5024,400,421,0,0,1
7415,4.1612,0.491,400,420,0,1,1
7416,4.1453,0.5121,399,420,0,0,1
7417,4.1409,0.4417,399,419,0,1,1
7418,4.4863,0.6452,399,419,0,0,1
7419,3.9044,0.4829,399,419,0,0,1
7420,4.2478,0.7042,397,419,0,0,1
7421,4.0289,0.4672,396,417,0,2,1
7422,4.1802,0.5218,393,416,0,1,1
7423,4.247,0.694,393,413,0,3,1
7424,4.1694,0.6799,391,413,0,0,1
7425,4.2398,0.6708,391,411,0,2,1
7426,4.0758,0.9566,391,411,0,0,1
7427,4.1907,0.4855,390,411,0,0,1
7428,4.1012,0.4854,390,410,0,1,1
7429,4.1604,0.4864,389,410,0,0,1
7430,4.2303,0.4766,388,409,0,1,1
7431,4.1025,0.4724,388,408,0,1,1
7432,4.1813,0.4348,386,408,0,0,1
7433,4.1674,0.5452,385,406,0,2,1
7434,4.1394,0.4745,383,405,0,1,1
7435,4.2376,0.5988,376,403,0,2,1
7436,4.1347,0.7381,375,396,0,7,1
7437,4.2157,0.7224,375,395,0,1,1
7438,4.1132,0.6134,375,395,0,0,1
7439,4.2267,0.716,374,395,0,0,1
7440,3.989,0.4654,373,394,0,1,1
7441,4.2394,0.8787,423,443,50,1,1
7442,4.2521,0.5809,421,443,0,0,1
7443,4.1428,0.4953,421,441,0,2,1
7444,4.2302,0.7423,420,441,0,0,1
7445,4.0816,0.4694,418,440,0,1,1
7446,4.1419,0.4556,418,438,0,2,1
7447,4.2063,0.4763,418,438,0,0,1
7448,4.2044,0.4461,418,438,0,0,1
7449,4.1703,0.7138,418,438,0,0,1
7450,4.1958,0.7065,416,438,0,0,1
7451,4.141,0.8392,416,436,0,2,1
7452,4.6176,0.5431,416,436,0,0,1
7453,3.6501,0.5149,416,436,0,0,1
7454,4.1865,0.5405,415,436,0,0,1
7455,4.2076,0.5218,415,435,0,1,1
7456,4.0953,0.639,415,435,0,0,1
7457,4.2179,0.5577,415,435,0,0,1
7458,4.1085,0.4812,413,435,0,0,1
7459,4.5149,0.6724,412,433,0,2,1
7460,3.8377,0.4291,409,432,0,1,1
7461,4.1563,0.5998,409,429,0,3,1
7462,4.1875,0.4484,408,429,0,0,1
7463,4.1813,0.4791,408,428,0,1,1
7464,4.1201,0.4161,407,428,0,0,1
7465,4.1553,0.4234,405,427,0,1,1
7466,4.2721,0.4942,404,425,0,2,1
7467,4.1705,0.5102,404,424,0,1,1
7468,4.1065,0.696,403,424,0,0,1
7469,4.1391,0.5017,402,423,0,1,1
7470,4.169,0.5082,402,422,0,1,1
7471,4.294,0.7975,402,422,0,0,1
7472,4.048,0.4705,401,422,0,0,1
7473,4.1777,0.562,399,421,0,1,1
7474,4.1591,0.5046,397,419,0,2,1
7475,4.26,0.4958,397,417,0,2,1
7476,4.1348,0.4602,397,417,0,0,1
7477,4.1098,0.4515,396,417,0,0,1
7478,4.1928,0.5034,395,416,0,1,1
7479,4.1456,0.4763,394,415,0,1,1
7480,4.1325,0.585,394,414,0,1,1
7481,4.2871,0.7527,393,414,0,0,1
7482,4.1091,0.6519,392,413,0,1,1
7483,4.1643,0.6373,392,412,0,1,1
7484,4.1417,0.4654,392,412,0,0,1
7485,4.4445,0.6664,390,412,0,0,1
7486,3.8915,0.528,390,410,0,2,1
7487,4.1926,1.1938,389,410,0,0,1
7488,4.2482,1.0267,388,409,0,1,1
7489,4.0385,0.4837,386,408,0,1,1
7490,4.2203,0.5272,386,406,0,2,1
7491,4.1807,0.4872,385,406,0,0,1
7492,4.2087,0.5978,385,405,0,1,1
7493,4.1042,0.6462,384,405,0,0,1
7494,4.158,0.4324,384,404,0,1,1
7495,4.199,0.4676,382,404,0,0,1
7496,4.1814,0.5686,382,402,0,2,1
7497,4.1953,0.5421,382,402,0,0,1
7498,4.0575,0.4589,382,402,0,0,1
7499,4.1757,0.6637,381,402,0,0,1
7500,4.2178,0.7488,380,401,0,1,1
7501,4.1219,0.4281,380,400,0,1,1
7502,4.4251,0.5024,371,400,0,0,1
7503,3.9624,0.4958,370,391,0,9,1
7504,4.0941,0.3998,369,390,0,1,1
7505,4.2147,0.5945,369,389,0,1,1
7506,4.169,0.6093,369,389,0,0,1
7507,4.1472,0.476,368,389,0,0,1
7508,4.1644,0.7403,418,438,50,1,1
7509,4.1778,0.4625,418,438,0,0,1
7510,4.1607,0.5338,416,438,0,0,1
7511,4.202,0.6931,416,436,0,2,1
7512,4.0733,0.4757,414,436,0,0,1
7513,4.1748,0.443,414,434,0,2,1
7514,4.1555,0.5816,413,434,0,0,1
7515,4.28,0.5869,412,433,0,1,1
7516,4.1753,0.6326,411,432,0,1,1
7517,4.0744,0.4783,411,431,0,1,1
7518,4.2013,0.6743,410,431,0,0,1
7519,4.2317,0.7252,410,430,0,1,1
7520,4.1257,0.4774,410,430,0,0,1
7521,4.1438,0.4863,409,430,0,0,1
7522,4.1695,0.5124,408,429,0,1,1
7523,4.1437,0.4493,407,428,0,1,1
7524,4.1606,0.7174,406,427,0,1,1
7525,4.1435,0.4308,404,426,0,1,1
7526,4.2154,0.7955,403,424,0,2,1
7527,4.2207,0.5148,403,423,0,1,1
7528,4.0924,0.4554,403,423,0,0,1
7529,4.1352,0.4848,403,423,0,0,1
7530,4.1987,0.516,402,423,0,0,1
7531,4.5267,0.9781,402,422,0,1,1
7532,3.8115,0.6019,401,422,0,0,1
7533,4.2468,0.7203,401,421,0,1,1
7534,4.097,0.5111,401,421,0,0,1
7535,4.2466,0.501,401,421,0,0,1
7536,4.0478,0.4793,400,421,0,0,1
7537,4.1893,0.4649,398,420,0,1,1
7538,4.2692,0.7187,397,418,0,2,1
7539,4.1423,0.4907,396,417,0,1,1
7540,4.156,0.4973,396,416,0,1,1
7541,4.0773,0.4559,396,416,0,0,1
7542,4.1839,0.438,395,416,0,0,1
7543,4.2033,0.5543,395,415,0,1,1
7544,4.2088,0.523,394,415,0,0,1
7545,4.1081,0.4796,394,414,0,1,1
7546,4.1709,0.4933,394,414,0,0,1
7547,4.2881,0.5809,393,414,0,0,1
7548,4.0673,0.4462,393,413,0,1,1
7549,4.1086,0.4258,392,413,0,0,1
7550,4.5579,0.6172,391,412,0,1,1
7551,3.8489,0.4905,389,411,0,1,1
7552,4.1528,0.5402,388,409,0,2,1
7553,4.1597,0.4731,386,408,0,1,1
7554,4.1351,0.4859,385,406,0,2,1
7555,4.2334,0.643,384,405,0,1,1
7556,4.1419,0.4664,383,404,0,1,1
7557,4.2558,0.7229,383,403,0,1,1
7558,4.0928,0.5661,382,403,0,0,1
7559,4.1754,0.5397,381,402,0,1,1
7560,4.0046,0.4665,381,401,0,1,1
7561,4.2628,0.4495,380,401,0,0,1
7562,4.3932,0.4635,379,400,0,1,1
7563,4.0721,0.7402,379,399,0,1,1
7564,4.1467,0.4919,379,399,0,0,1
7565,3.9703,0.4128,379,399,0,0,1
7566,4.2562,0.4394,378,399,0,0,1
7567,4.5203,0.5834,376,398,0,1,1
7568,3.8176,0.4313,375,396,0,2,1
7569,4.3396,0.6669,367,395,0,1,1
7570,4.0517,0.4712,367,387,0,8,1
7571,4.22,0.4771,367,387,0,0,1
7572,4.0655,0.4787,367,387,0,0,1
7573,4.1582,0.4386,366,387,0,0,1
7574,4.2198,0.5185,364,386,0,1,1
7575,4.1802,0.5458,414,434,50,2,1
7576,4.2013,0.7333,414,434,0,0,1
7577,4.0806,1.075,414,434,0,0,1
7578,4.2126,0.6981,414,434,0,0,1
7579,4.2423,0.8375,414,434,0,0,1
7580,4.0417,0.5529,413,434,0,0,1
7581,4.2114,0.7766,412,433,0,1,1
7582,4.1137,0.7496,411,432,0,1,1
7583,4.1994,0.6448,411,431,0,1,1
7584,4.0921,0.4451,411,431,0,0,1
7585,4.1777,0.4337,409,431,0,0,1
7586,4.5011,0.69,409,429,0,2,1
7587,3.9315,0.4921,408,429,0,0,1
7588,4.0817,0.4564,408,428,0,1,1
7589,4.25,0.7595,406,428,0,0,1
7590,4.1578,0.5244,406,426,0,2,1
7591,4.1291,0.4712,405,426,0,0,1
7592,4.1552,0.4837,405,425,0,1,1
7593,4.1733,0.5417,404,425,0,0,1
7594,4.1629,0.4329,402,424,0,1,1
7595,4.2157,0.499,400,422,0,2,1
7596,4.1516,0.5088,400,420,0,2,1
7597,4.1363,0.4534,399,420,0,0,1
7598,4.1653,0.4743,398,419,0,1,1
7599,4.1844,0.4622,398,418,0,1,1
7600,4.1925,0.5095,398,418,0,0,1
7601,4.244,0.7062,397,418,0,0,1
7602,4.0787,0.742,397,417,0,1,1
7603,4.1953,0.6899,397,417,0,0,1
7604,4.0982,0.525,396,417,0,0,1
7605,4.224,0.6782,396,416,0,1,1
7606,4.1289,0.5237,396,416,0,0,1
7607,4.2719,0.6922,395,416,0,0,1
7608,4.0204,0.5387,395,415,0,1,1
7609,4.158,0.4875,395,415,0,0,1
7610,4.1566,0.5001,394,415,0,0,1
7611,4.5037,0.5358,393,414,0,1,1
7612,3.9154,0.5424,393,413,0,1,1
7613,4.0855,0.7256,392,413,0,0,1
7614,4.193,0.5357,392,412,0,1,1
7615,4.2519,0.4981,391,412,0,0,1
7616,4.1234,0.5281,390,411,0,1,1
7617,4.1527,0.4685,390,410,0,1,1
7618,4.2334,0.4642,389,410,0,0,1
7619,4.2387,0.6808,387,409,0,1,1
7620,4.1312,0.6736,387,407,0,2,1
7621,4.0438,0.4385,387,407,0,0,1
7622,4.1554,0.4567,387,407,0,0,1
7623,4.2402,0.4978,386,407,0,0,1
7624,4.1533,0.5155,384,406,0,1,1
7625,4.1454,0.5547,382,404,0,2,1
7626,4.2292,0.6856,382,402,0,2,1
7627,4.1288,0.4886,382,402,0,0,1
7628,4.1293,0.5242,382,402,0,0,1
7629,4.1927,0.5292,380,402,0,0,1
7630,4.1572,0.5129,380,400,0,2,1
7631,4.2373,0.5894,379,400,0,0,1
7632,4.0365,0.4418,378,399,0,1,1
7633,4.199,0.5127,377,398,0,1,1
7634,4.184,0.552,377,397,0,1,1
7635,4.1835,0.5486,377,397,0,0,1
7636,4.1845,0.58,375,397,0,0,1
7637,4.1343,0.6392,368,395,0,2,1
7638,4.1639,0.5104,368,388,0,7,1
7639,4.2037,0.7452,368,388,0,0,1
7640,4.1453,0.5312,367,388,0,0,1
7641,4.468,0.7846,365,387,0,1,1
7642,3.8845,0.7328,414,435,50,2,1
7643,4.1305,0.623,413,434,0,1,1
7644,4.1563,0.7994,413,433,0,1,1
7645,4.1669,0.7209,413,433,0,0,1
7646,4.1482,0.5708,410,433,0,0,1
7647,4.2141,0.5111,410,430,0,3,1
7648,4.2418,0.54,410,430,0,0,1
7649,4.1105,0.4798,409,430,0,0,1
7650,4.1243,0.4442,408,429,0,1,1
7651,4.223,0.7093,408,428,0,1,1
7652,4.2622,0.5196,407,428,0,0,1
7653,4.0714,0.6937,407,427,0,1,1
7654,4.089,0.4432,407,427,0,0,1
7655,4.2863,0.7013,407,427,0,0,1
7656,4.0528,0.6543,406,427,0,0,1
7657,4.1557,0.4335,405,426,0,1,1
7658,4.2567,0.8535,405,425,0,1,1
7659,4.1412,0.5073,405,425,0,0,1
7660,4.2177,0.6792,404,425,0,0,1
7661,4.0472,0.4602,403,424,0,1,1
7662,4.204,0.6017,403,423,0,1,1
7663,4.5625,0.6256,402,423,0,0,1
7664,3.7954,0.648,401,422,0,1,1
7665,4.2016,0.5127,400,421,0,1,1
7666,4.1601,0.5225,400,420,0,1,1
7667,4.0904,0.4599,400,420,0,0,1
7668,4.1424,0.4611,400,420,0,0,1
7669,4.1827,0.4386,400,420,0,0,1
7670,4.2369,0.6817,398,420,0,0,1
7671,4.1875,0.5259,398,418,0,2,1
7672,4.1171,0.577,398,418,0,0,1
7673,4.2111,0.4702,396,418,0,0,1
7674,4.104,0.4482,396,416,0,2,1
7675,4.2322,0.6222,395,416,0,0,1
7676,4.0927,0.465,394,415,0,1,1
7677,4.2413,0.5157,394,414,0,1,1
7678,4.0953,0.4428,394,414,0,0,1
7679,4.2347,0.4781,394,414,0,0,1
7680,4.1013,0.4675,394,414,0,0,1
7681,4.1747,0.4247,391,414,0,0,1
7682,4.1765,0.4527,391,411,0,3,1
7683,4.1731,0.4184,391,411,0,0,1
7684,4.225,0.4738,390,411,0,0,1
7685,4.1215,0.52,390,410,0,1,1
7686,4.1359,0.4378,388,410,0,0,1
7687,4.2189,0.653,388,408,0,2,1
7688,4.1506,0.708,386,408,0,0,1
7689,4.2489,0.6587,386,406,0,2,1
7690,4.0979,0.5279,386,406,0,0,1
7691,4.4509,0.4626,385,406,0,0,1
7692,3.9019,0.5826,384,405,0,1,1
7693,4.0945,0.4534,383,404,0,1,1
7694,4.1587,0.6049,381,403,0,1,1
7695,4.3134,0.4292,380,401,0,2,1
7696,4.1263,0.5277,378,400,0,1,1
7697,4.0836,0.42,378,398,0,2,1
7698,4.1341,0.4192,378,398,0,0,1
7699,4.2141,0.458,378,398,0,0,1
7700,4.1757,0.4696,376,398,0,0,1
7701,4.2031,0.6144,376,396,0,2,1
7702,4.1637,0.5437,375,396,0,0,1
7703,4.17,0.5049,374,395,0,1,1
7704,4.1081,0.5714,374,394,0,1,1
7705,4.1588,0.5016,367,394,0,0,1
7706,4.2046,0.5826,367,387,0,7,1
7707,4.2043,0.6617,366,387,0,0,1
7708,4.0965,0.4864,366,386,0,1,1
7709,4.1824,0.4814,365,386,0,0,1
7710,4.1437,0.6469,413,435,50,1,1
7711,4.2325,0.59,413,433,0,2,1
7712,4.1208,0.5226,413,433,0,0,1
7713,4.2054,0.6146,413,433,0,0,1
7714,4.195,0.7754,412,433,0,0,1
7715,4.2313,0.5477,412,432,0,1,1
7716,4.075,0.5059,411,432,0,0,1
7717,4.1157,0.4304,411,431,0,1,1
7718,4.1839,0.4752,410,431,0,0,1
7719,4.1552,0.4497,409,430,0,1,1
7720,4.204,0.734,407,429,0,1,1
7721,4.169,0.4803,407,427,0,2,1
7722,4.1778,0.6489,407,427,0,0,1
7723,4.1641,0.4906,407,427,0,0,1
7724,4.1261,0.4165,407,427,0,0,1
7725,4.5939,0.4589,407,427,0,0,1
7726,3.7738,0.4845,407,427,0,0,1
7727,4.4597,0.6629,407,427,0,0,1
7728,3.7924,0.6611,406,427,0,0,1
7729,4.202,0.4357,406,426,0,1,1
7730,4.2153,0.5407,405,426,0,0,1
7731,4.1837,0.5158,405,425,0,1,1
7732,4.2464,0.7286,404,425,0,0,1
7733,4.017,0.7128,403,424,0,1,1
7734,4.4201,0.5657,403,423,0,1,1
7735,3.9943,0.7787,401,423,0,0,1
7736,4.1748,0.5578,401,421,0,2,1
7737,4.1523,0.4592,400,421,0,0,1
7738,4.1678,0.6178,400,420,0,1,1
7739,4.1985,0.7053,399,420,0,0,1
7740,4.136,0.5125,399,419,0,1,1
7741,4.1037,0.4529,399,419,0,0,1
7742,4.1986,0.5053,399,419,0,0,1
7743,4.1928,0.5267,399,419,0,0,1
7744,4.1615,0.5847,399,419,0,0,1
7745,4.1965,0.458,398,419,0,0,1
7746,4.2649,0.6409,397,418,0,1,1
7747,4.0309,0.4896,397,417,0,1,1
7748,4.1387,0.4283,397,417,0,0,1
7749,4.1489,0.4411,396,417,0,0,1
7750,4.2186,0.5148,395,416,0,1,1
7751,4.2414,0.6116,395,415,0,1,1
7752,3.9933,0.4398,395,415,0,0,1
7753,4.2096,0.4469,395,415,0,0,1
7754,4.2269,0.5017,394,415,0,0,1
7755,4.1466,0.4846,392,414,0,1,1
7756,4.1775,0.7178,391,412,0,2,1
7757,4.1386,0.6075,390,411,0,1,1
7758,4.1474,0.7311,390,410,0,1,1
7759,4.3554,0.6325,390,410,0,0,1
7760,4.0684,0.5362,390,410,0,0,1
7761,4.1301,0.4638,390,410,0,0,1
7762,4.1805,0.4849,390,410,0,0,1
7763,4.1721,0.6924,390,410,0,0,1
7764,4.0806,0.4143,390,410,0,0,1
7765,4.1853,0.6896,389,410,0,0,1
7766,4.1698,0.4413,388,409,0,1,1
7767,4.2102,0.4787,385,408,0,1,1
7768,4.1287,0.4539,385,405,0,3,1
7769,4.2067,0.5198,384,405,0,0,1
7770,4.1228,0.6488,383,404,0,1,1
7771,4.5259,0.7748,376,403,0,1,1
7772,3.8632,0.6702,376,396,0,7,1
7773,4.18,0.4949,376,396,0,0,1
7774,4.1078,0.4722,376,396,0,0,1
7775,4.1504,0.4071,376,396,0,0,1
7776,4.1631,0.4631,375,396,0,0,1
7777,4.1509,0.5253,425,445,50,1,1
7778,4.2162,0.518,425,445,0,0,1
7779,4.1757,0.5314,424,445,0,0,1
7780,4.2188,0.5541,424,444,0,1,1
7781,4.0872,0.6671,424,444,0,0,1
7782,4.1586,0.675,423,444,0,0,1
7783,4.232,0.7622,421,443,0,1,1
7784,4.1028,0.6125,420,441,0,2,1
7785,4.2192,0.5083,418,440,0,1,1
7786,4.1715,0.5644,417,438,0,2,1
7787,4.1899,0.5631,416,437,0,1,1
7788,4.0858,0.6147,415,436,0,1,1
7789,4.1478,0.4388,414,435,0,1,1
7790,4.1738,0.4453,414,434,0,1,1
7791,4.2463,0.4838,414,434,0,0,1
7792,4.1157,0.5241,414,434,0,0,1
7793,4.1167,0.4304,412,434,0,0,1
7794,4.2007,0.5712,412,432,0,2,1
7795,4.1848,0.8271,412,432,0,0,1
7796,4.2424,0.828,411,432,0,0,1
7797,4.3463,0.9445,411,431,0,1,1
7798,3.9144,0.5143,411,431,0,0,1
7799,4.4477,0.5026,410,431,0,0,1
7800,3.8597,0.467,408,430,0,1,1
7801,4.1891,0.3323,408,428,0,2,1
7802,4.2523,0.431,408,428,0,0,1
7803,4.1886,0.611,408,428,0,0,1
7804,4.0742,0.3631,407,428,0,0,1
7805,4.115,0.3542,406,427,0,1,1
7806,4.1865,0.4513,403,426,0,1,1
7807,4.2289,0.3733,402,423,0,3,1
7808,4.1335,0.4079,402,422,0,1,1
7809,4.1925,0.5512,402,422,0,0,1
7810,4.1402,0.5807,398,422,0,0,1
7811,4.1902,0.6515,398,418,0,4,1
7812,4.4494,0.5713,398,418,0,0,1
7813,3.8213,0.523,397,418,0,0,1
7814,4.1526,0.622,397,417,0,1,1
7815,4.2062,0.4368,397,417,0,0,1
7816,4.1752,0.4417,396,417,0,0,1
7817,4.1173,0.4296,395,416,0,1,1
7818,4.1974,0.4614,395,415,0,1,1
7819,4.2299,0.4625,395,415,0,0,1
7820,4.0972,0.431,394,415,0,0,1
7821,4.4406,0.623,394,414,0,1,1
7822,3.9508,0.4944,393,414,0,0,1
7823,4.5292,0.7456,393,413,0,1,1
7824,3.7611,0.4341,392,413,0,0,1
7825,4.1365,0.4214,391,412,0,1,1
7826,4.2703,0.455,391,411,0,1,1
7827,4.1728,0.4344,390,411,0,0,1
7828,4.1692,0.7808,389,410,0,1,1
7829,4.1262,0.5004,389,409,0,1,1
7830,4.0982,0.4305,389,409,0,0,1
7831,4.2398,0.4828,389,409,0,0,1
7832,4.5219,0.4629,389,409,0,0,1
7833,3.87,0.7149,388,409,0,0,1
7834,4.0821,0.5254,387,408,0,1,1
7835,4.5151,0.6757,387,407,0,1,1
7836,3.7874,0.4722,387,407,0,0,1
7837,4.181,0.4102,386,407,0,0,1
7838,4.3015,0.7276,379,406,0,1,1
7839,4.0637,0.4125,379,399,0,7,1
7840,4.4133,0.608,378,399,0,0,1
7841,3.9394,0.7021,375,398,0,1,1
7842,4.1808,0.6041,375,395,0,3,1
7843,4.1458,0.5548,375,395,0,0,1
7844,4.1408,0.5891,425,445,50,0,1
7845,4.1841,0.6709,425,445,0,0,1
7846,4.1147,0.5768,425,445,0,0,1
7847,4.2134,0.6034,424,445,0,0,1
7848,4.085,0.5791,424,444,0,1,1
7849,4.22,0.4623,424,444,0,0,1
7850,4.2317,0.4982,424,444,0,0,1
7851,4.1724,0.4828,424,444,0,0,1
7852,4.1924,0.6982,424,444,0,0,1
7853,4.1086,0.7462,422,444,0,0,1
7854,4.4279,0.6272,421,442,0,2,1
7855,4.066,0.7087,421,441,0,1,1
7856,4.0152,0.4494,420,441,0,0,1
7857,4.3877,0.4682,419,440,0,1,1
7858,3.9503,0.5135,417,439,0,1,1
7859,4.4235,0.6152,417,437,0,2,1
7860,3.9062,0.5799,417,437,0,0,1
7861,4.1073,0.4711,415,437,0,0,1
7862,4.2303,0.5683,413,435,0,2,1
7863,4.1943,0.4871,411,433,0,2,1
7864,4.1177,0.5812,410,431,0,2,1
7865,4.3375,0.6575,410,430,0,1,1
7866,4.2606,0.665,410,430,0,0,1
7867,3.8925,0.5035,410,430,0,0,1
7868,4.1986,0.4725,409,430,0,0,1
7869,4.2305,0.678,409,429,0,1,1
7870,4.1095,0.4666,409,429,0,0,1
7871,4.5038,0.7272,408,429,0,0,1
7872,3.7904,0.427,408,428,0,1,1
7873,4.1545,0.4551,408,428,0,0,1
7874,4.1457,0.4273,408,428,0,0,1
7875,4.1309,0.4975,408,428,0,0,1
7876,4.4784,0.727,408,428,0,0,1
7877,4.0911,0.4917,408,428,0,0,1
7878,4.1743,0.6425,408,428,0,0,1
7879,4.0542,0.6491,407,428,0,0,1
7880,4.1177,0.543,404,427,0,1,1
7881,4.1925,0.4943,404,424,0,3,1
7882,4.1257,0.4885,402,424,0,0,1
7883,4.2205,0.7212,401,422,0,2,1
7884,4.1508,0.6709,401,421,0,1,1
7885,4.1219,0.4755,401,421,0,0,1
7886,4.1842,0.6551,399,421,0,0,1
7887,4.1989,0.5928,397,419,0,2,1
7888,4.1351,0.4812,397,417,0,2,1
7889,4.1999,0.446,396,417,0,0,1
7890,4.1225,0.4493,395,416,0,1,1
7891,4.224,0.4387,395,415,0,1,1
7892,4.1087,0.4242,394,415,0,0,1
7893,4.1784,0.4655,393,414,0,1,1
7894,4.1098,0.5315,393,413,0,1,1
7895,4.4558,0.6239,393,413,0,0,1
7896,3.8928,0.5777,393,413,0,0,1
7897,4.1581,0.4103,392,413,0,0,1
7898,4.4157,0.6423,392,412,0,1,1
7899,4.2921,0.4536,390,412,0,0,1
7900,3.8794,0.4868,390,410,0,2,1
7901,4.1244,0.5814,389,410,0,0,1
7902,4.1548,0.4942,389,409,0,1,1
7903,4.4545,0.5991,389,409,0,0,1
7904,3.9558,0.4255,387,409,0,0,1
7905,4.143,0.4801,379,407,0,2,1
7906,4.464,0.4257,378,399,0,8,1
7907,4.0941,0.6292,377,398,0,1,1
7908,3.903,0.52,376,397,0,1,1
7909,4.1262,0.428,375,396,0,1,1
7910,4.2435,0.5125,375,395,0,1,1
7911,4.1254,0.7574,424,445,50,0,1
7912,4.4362,0.4594,423,444,0,1,1
7913,3.9236,0.7283,423,443,0,1,1
7914,4.1393,0.7665,421,443,0,0,1
7915,4.4482,0.7544,420,441,0,2,1
7916,3.9734,0.5183,419,440,0,1,1
7917,4.0785,0.4953,419,439,0,1,1
7918,4.1699,0.5146,417,439,0,0,1
7919,4.4466,0.4503,416,437,0,2,1
7920,3.8544,0.5441,416,436,0,1,1
7921,4.1693,0.4757,414,436,0,0,1
7922,4.3219,0.6749,414,434,0,2,1
7923,4.2993,0.6128,412,434,0,0,1
7924,4.2741,0.7562,412,432,0,2,1
7925,3.8626,0.4764,412,432,0,0,1
7926,4.0982,0.5348,412,432,0,0,1
7927,4.2233,0.4757,412,432,0,0,1
7928,4.1111,0.5029,411,432,0,0,1
7929,4.153,0.5142,409,431,0,1,1
7930,4.2088,0.6133,408,429,0,2,1
7931,4.4668,0.4575,408,428,0,1,1
7932,3.9197,0.5619,408,428,0,0,1
7933,4.0686,0.4348,408,428,0,0,1
7934,4.306,0.6167,407,428,0,0,1
7935,4.1866,0.6909,407,427,0,1,1
7936,4.0264,0.4395,407,427,0,0,1
7937,4.1829,0.4748,406,427,0,0,1
7938,4.1265,0.4283,406,426,0,1,1
7939,4.263,0.4464,406,426,0,0,1
7940,4.124,0.4162,406,426,0,0,1
7941,4.1788,0.4685,406,426,0,0,1
7942,4.1845,0.5223,406,426,0,0,1
7943,4.1881,0.5848,406,426,0,0,1
7944,4.1079,0.4942,405,426,0,0,1
7945,4.116,0.4844,403,425,0,1,1
7946,4.5757,0.6699,403,423,0,2,1
7947,3.9057,0.805,403,423,0,0,1
7948,4.4144,0.8959,402,423,0,0,1
7949,4.1978,0.6761,401,422,0,1,1
7950,3.9044,0.6903,400,421,0,1,1
7951,4.0087,0.4791,400,420,0,1,1
7952,4.1926,0.4661,399,420,0,0,1
7953,4.2513,0.663,398,419,0,1,1
7954,4.1234,0.5265,397,418,0,1,1
7955,4.1854,0.5165,396,417,0,1,1
7956,4.1282,0.4779,394,416,0,1,1
7957,4.1255,0.428,391,414,0,2,1
7958,4.2786,0.4345,391,411,0,3,1
7959,4.2383,0.4181,390,411,0,0,1
7960,4.061,0.5048,388,410,0,1,1
7961,4.148,0.4817,387,408,0,2,1
7962,4.1125,0.4419,387,407,0,1,1
7963,4.1963,0.6056,387,407,0,0,1
7964,4.1928,0.6487,386,407,0,0,1
7965,4.1526,0.6083,385,406,0,1,1
7966,4.3173,0.6502,385,405,0,1,1
7967,4.2856,0.5251,385,405,0,0,1
7968,3.8881,0.4945,385,405,0,0,1
7969,4.154,0.4325,385,405,0,0,1
7970,4.2365,0.5778,384,405,0,0,1
7971,4.1351,0.4209,383,404,0,1,1
7972,4.2427,0.6817,383,403,0,1,1
7973,4.1174,0.5073,376,403,0,0,1
7974,4.1815,0.5023,375,396,0,7,1
7975,4.1159,0.4513,375,395,0,1,1
7976,4.2369,0.4599,374,395,0,0,1
7977,4.114,0.429,374,394,0,1,1
7978,4.3352,0.8683,422,444,50,0,1
7979,4.0005,0.6609,422,442,0,2,1
7980,4.1303,0.6282,422,442,0,0,1
7981,4.1667,0.4817,422,442,0,0,1
7982,4.4312,0.4956,422,442,0,0,1
7983,3.8795,0.5226,421,442,0,0,1
7984,4.3446,0.648,419,441,0,1,1
7985,4.1242,0.4971,418,439,0,2,1
7986,4.068,0.492,418,438,0,1,1
7987,4.196,0.4866,418,438,0,0,1
7988,4.1378,0.4324,418,438,0,0,1
7989,4.2366,0.7082,417,438,0,0,1
7990,4.201,0.5005,416,437,0,1,1
7991,4.228,0.6928,414,436,0,1,1
7992,3.9687,0.5616,414,434,0,2,1
7993,4.1776,0.461,414,434,0,0,1
7994,4.2417,0.6791,414,434,0,0,1
7995,4.1719,0.4764,414,434,0,0,1
7996,4.0889,0.4621,414,434,0,0,1
7997,4.2447,0.6796,412,434,0,0,1
7998,4.3938,0.7522,412,432,0,2,1
7999,3.8466,0.6122,411,432,0,0,1
8000,4.2201,0.4518,411,431,0,1,1
8001,4.1762,0.4545,411,431,0,0,1
8002,4.145,0.4763,411,431,0,0,1
8003,4.4247,0.8922,410,431,0,0,1
8004,3.8998,0.9027,409,430,0,1,1
8005,4.1296,0.6755,409,429,0,1,1
8006,4.1956,0.5653,409,429,0,0,1
8007,4.1458,0.4516,409,429,0,0,1
8008,4.2298,0.5272,409,429,0,0,1
8009,4.1744,0.4611,409,429,0,0,1
8010,4.188,0.7082,407,429,0,0,1
8011,4.1304,0.5184,407,427,0,2,1
8012,4.1479,0.4318,403,427,0,0,1
8013,4.1747,0.6374,399,423,0,4,1
8014,4.2027,0.5296,399,419,0,4,1
8015,4.1624,0.6457,399,419,0,0,1
8016,4.2207,0.6752,399,419,0,0,1
8017,4.0431,0.4176,399,419,0,0,1
8018,4.2182,0.4327,399,419,0,0,1
8019,4.1588,0.4671,398,419,0,0,1
8020,4.1547,0.4556,397,418,0,1,1
8021,4.1276,0.6436,397,417,0,1,1
8022,4.2795,0.6974,396,417,0,0,1
8023,4.0507,0.5251,396,416,0,1,1
8024,4.2101,0.5882,395,416,0,0,1
8025,4.1935,0.5428,393,415,0,1,1
8026,4.1707,0.5609,392,413,0,2,1
8027,4.1775,0.7212,392,412,0,1,1
8028,4.1326,0.7382,392,412,0,0,1
8029,4.1195,0.4667,392,412,0,0,1
8030,4.3971,0.5452,390,412,0,0,1
8031,4.021,0.5771,389,410,0,2,1
8032,4.1221,0.5255,388,409,0,1,1
8033,4.1964,0.5121,386,408,0,1,1
8034,4.1616,0.6375,385,406,0,2,1
8035,4.2344,0.6763,384,405,0,1,1
8036,4.1172,0.4993,384,404,0,1,1
8037,4.1946,0.5386,384,404,0,0,1
8038,4.1325,0.5408,383,404,0,0,1
8039,4.2265,0.649,383,403,0,1,1
8040,4.1017,0.4006,375,403,0,0,1
8041,4.1234,0.3719,375,395,0,8,1
8042,4.224,0.3923,374,395,0,0,1
8043,4.1668,0.3826,374,394,0,1,1
8044,4.1443,0.5795,374,394,0,0,1
8045,4.1282,0.4273,373,394,0,0,1
8046,4.1737,0.8201,423,443,50,1,1
8047,4.4168,0.4387,421,443,0,0,1
8048,3.9442,0.4493,421,441,0,2,1
8049,4.1526,0.3205,420,441,0,0,1
8050,4.1664,0.5466,418,440,0,1,1
8051,4.2298,0.4964,417,438,0,2,1
8052,4.1682,0.5513,415,437,0,1,1
8053,4.0681,0.4239,415,435,0,2,1
8054,4.223,0.731,414,435,0,0,1
8055,4.1509,0.8219,413,434,0,1,1
8056,4.527,0.4328,412,433,0,1,1
8057,3.8953,0.6834,412,432,0,1,1
8058,4.0555,0.595,412,432,0,0,1
8059,4.248,0.4525,411,432,0,0,1
8060,4.1067,0.4738,410,431,0,1,1
8061,4.24,0.5772,410,430,0,1,1
8062,4.0869,0.5369,410,430,0,0,1
8063,4.1682,0.5242,410,430,0,0,1
8064,4.2064,0.6031,410,430,0,0,1
8065,4.0801,0.4667,409,430,0,0,1
8066,4.5191,0.6735,409,429,0,1,1
8067,3.8594,0.4711,408,429,0,0,1
8068,4.1969,0.5304,407,428,0,1,1
8069,4.1511,0.5386,406,427,0,1,1
8070,4.2291,0.5206,406,426,0,1,1
8071,4.384,0.7646,406,426,0,0,1
8072,3.8588,0.4696,406,426,0,0,1
8073,4.1915,0.4794,405,426,0,0,1
8074,4.1624,0.5048,405,425,0,1,1
8075,4.4611,0.6919,404,425,0,0,1
8076,3.8314,0.4965,404,424,0,1,1
8077,4.1968,0.464,404,424,0,0,1
8078,4.1765,0.6116,404,424,0,0,1
8079,4.2294,0.4222,404,424,0,0,1
8080,4.1257,0.4916,404,424,0,0,1
8081,4.2093,0.4815,403,424,0,0,1
8082,4.0898,0.4836,403,423,0,1,1
8083,4.1813,0.4712,401,423,0,0,1
8084,4.1453,0.4346,400,421,0,2,1
8085,4.2622,0.7059,400,420,0,1,1
8086,4.1245,0.5567,400,420,0,0,1
8087,4.4132,0.6191,399,420,0,0,1
8088,3.8621,0.5388,398,419,0,1,1
8089,4.1449,0.4598,397,418,0,1,1
8090,4.3234,0.7859,396,417,0,1,1
8091,4.077,0.4656,395,416,0,1,1
8092,4.1462,0.6062,394,415,0,1,1
8093,4.1603,0.5128,393,414,0,1,1
8094,4.4414,0.704,392,413,0,1,1
8095,3.8631,0.4954,392,412,0,1,1
8096,4.2319,0.484,392,412,0,0,1
8097,4.1389,0.5123,392,412,0,0,1
8098,4.1424,0.7037,390,412,0,0,1
8099,4.2119,0.5555,390,410,0,2,1
8100,4.4423,0.5201,390,410,0,0,1
8101,3.8633,0.5035,388,410,0,0,1
8102,4.1765,0.4716,388,408,0,2,1
8103,4.1724,0.4575,387,408,0,0,1
8104,4.2817,0.8057,387,407,0,1,1
8105,4.081,0.7637,387,407,0,0,1
8106,4.0986,0.4787,386,407,0,0,1
8107,4.1712,0.4787,379,406,0,1,1
8108,4.219,0.5358,377,399,0,7,1
8109,4.1099,0.7083,377,397,0,2,1
8110,4.1692,0.6994,376,397,0,0,1
8111,4.449,0.6016,375,396,0,1,1
8112,3.9253,0.4799,375,395,0,1,1
8113,4.164,0.65,423,445,50,0,1
8114,4.1778,0.5384,423,443,0,2,1
8115,4.1564,0.5695,423,443,0,0,1
8116,4.1949,0.62,422,443,0,0,1
8117,4.3689,0.7005,420,442,0,1,1
8118,3.9929,0.5488,420,440,0,2,1
8119,4.0882,0.4666,418,440,0,0,1
8120,4.2,0.4556,417,438,0,2,1
8121,4.1108,0.5233,415,437,0,1,1
8122,4.1636,0.4634,415,435,0,2,1
8123,4.2055,0.4912,414,435,0,0,1
8124,4.181,0.5402,413,434,0,1,1
8125,4.1499,0.5464,413,433,0,1,1
8126,4.1474,0.4609,412,433,0,0,1
8127,4.1865,0.4743,412,432,0,1,1
8128,4.1395,0.6042,411,432,0,0,1
8129,4.3093,0.7182,410,431,0,1,1
8130,4.0803,0.4769,410,430,0,1,1
8131,4.19,0.4949,410,430,0,0,1
8132,4.144,0.4277,410,430,0,0,1
8133,4.1086,0.4367,410,430,0,0,1
8134,4.1946,0.8603,410,430,0,0,1
8135,4.2408,0.6644,410,430,0,0,1
8136,4.1085,0.5215,410,430,0,0,1
8137,4.1606,0.4748,409,430,0,0,1
8138,4.18,0.497,409,429,0,1,1
8139,4.2315,0.6125,409,429,0,0,1
8140,4.0729,0.6851,408,429,0,0,1
8141,4.1842,0.5322,408,428,0,1,1
8142,4.3257,0.6694,408,428,0,0,1
8143,4.169,0.5341,408,428,0,0,1
8144,3.99,0.4364,406,428,0,0,1
8145,4.2319,0.4876,406,426,0,2,1
8146,4.1008,0.4937,406,426,0,0,1
8147,4.181,0.4485,406,426,0,0,1
8148,4.2708,0.6952,406,426,0,0,1
8149,4.0686,0.4348,406,426,0,0,1
8150,4.2165,0.5085,406,426,0,0,1
8151,4.1414,0.4613,406,426,0,0,1
8152,4.1182,0.5113,406,426,0,0,1
8153,4.2984,0.4414,405,426,0,0,1
8154,4.14,0.6983,405,425,0,1,1
8155,4.1246,0.5314,404,425,0,0,1
8156,4.1489,0.4461,403,424,0,1,1
8157,4.5741,0.7771,403,423,0,1,1
8158,3.6911,0.5294,402,423,0,0,1
8159,4.2463,0.625,402,422,0,1,1
8160,4.1796,0.5747,401,422,0,0,1
8161,4.1119,0.4735,399,421,0,1,1
8162,4.2218,0.5218,399,419,0,2,1
8163,4.1576,0.5312,398,419,0,0,1
8164,4.2358,0.4686,398,418,0,1,1
8165,4.1273,0.5144,396,418,0,0,1
8166,4.0986,0.4565,394,416,0,2,1
8167,4.2703,0.706,393,414,0,2,1
8168,4.077,0.4347,392,413,0,1,1
8169,4.2368,0.4214,390,412,0,1,1
8170,4.0807,0.5447,390,410,0,2,1
8171,4.4874,0.8003,388,410,0,0,1
8172,3.8628,0.6174,388,408,0,2,1
8173,4.1264,0.728,388,408,0,0,1
8174,4.2509,0.6261,380,408,0,0,1
8175,4.1085,0.4574,380,400,0,8,1
8176,4.2156,0.4698,380,400,0,0,1
8177,4.1682,0.4495,380,400,0,0,1
8178,4.114,0.4939,380,400,0,0,1
8179,4.3801,0.6883,379,400,0,0,1
8180,3.9696,0.5492,425,449,50,1,1
8181,4.1708,0.5002,425,445,0,4,1
8182,4.1125,0.6158,425,445,0,0,1
8183,4.1924,0.4458,424,445,0,0,1
8184,4.121,0.6433,424,444,0,1,1
8185,4.1947,0.4727,423,444,0,0,1
8186,4.5793,0.6121,423,443,0,1,1
8187,3.7823,0.4823,421,443,0,0,1
8188,4.2218,0.5198,421,441,0,2,1
8189,4.1761,0.4822,420,441,0,0,1
8190,4.0709,0.509,420,440,0,1,1
8191,4.1793,0.6967,419,440,0,0,1
8192,4.208,0.4852,419,439,0,1,1
8193,4.4303,0.4281,419,439,0,0,1
8194,3.9414,0.7788,418,439,0,0,1
8195,4.1126,0.4546,418,438,0,1,1
8196,4.1903,0.7553,417,438,0,0,1
8197,4.1263,0.5085,417,437,0,1,1
8198,4.2202,0.5085,417,437,0,0,1
8199,4.1463,0.4722,415,437,0,0,1
8200,4.4461,0.5055,415,435,0,2,1
8201,4.2929,0.4521,415,435,0,0,1
8202,3.811,0.6335,414,435,0,0,1
8203,4.3218,0.6866,414,434,0,1,1
8204,3.9514,0.4585,414,434,0,0,1
8205,4.1911,0.6051,414,434,0,0,1
8206,4.1716,0.5204,414,434,0,0,1
8207,4.4357,0.6852,414,434,0,0,1
8208,3.9016,0.4799,414,434,0,0,1
8209,4.1347,0.4324,413,434,0,0,1
8210,4.2199,0.8033,410,433,0,1,1
8211,4.1297,0.4792,408,430,0,3,1
8212,4.1976,0.5525,408,428,0,2,1
8213,4.1961,0.6306,408,428,0,0,1
8214,4.1179,0.6953,408,428,0,0,1
8215,4.1631,0.4777,407,428,0,0,1
8216,4.1704,0.4579,407,427,0,1,1
8217,4.2341,0.6567,407,427,0,0,1
8218,4.118,0.8178,407,427,0,0,1
8219,4.4145,0.7184,405,427,0,0,1
8220,3.9324,0.5367,405,425,0,2,1
8221,4.1143,0.4528,402,425,0,0,1
8222,4.4487,0.6788,400,422,0,3,1
8223,3.9252,0.4409,400,420,0,2,1
8224,4.1629,0.4269,400,420,0,0,1
8225,4.1816,0.4889,399,420,0,0,1
8226,4.1169,0.6163,399,419,0,1,1
8227,4.1931,0.5696,398,419,0,0,1
8228,4.109,0.4436,398,418,0,1,1
8229,4.2174,0.5824,398,418,0,0,1
8230,4.2569,0.7172,398,418,0,0,1
8231,4.2037,0.592,398,418,0,0,1
8232,4.0878,0.4737,397,418,0,0,1
8233,4.0575,0.4056,397,417,0,1,1
8234,4.2617,0.4781,397,417,0,0,1
8235,4.1749,0.5353,396,417,0,0,1
8236,4.3951,0.6155,394,416,0,1,1
8237,3.8794,0.5456,394,414,0,2,1
8238,4.4407,0.5566,393,414,0,0,1
8239,4.289,0.4805,392,413,0,1,1
8240,3.7451,0.4315,392,412,0,1,1
8241,4.1925,0.5585,390,412,0,0,1
8242,4.2091,0.7113,383,410,0,2,1
8243,4.1445,0.5159,383,403,0,7,1
8244,4.1391,0.4716,383,403,0,0,1
8245,4.1402,0.4125,383,403,0,0,1
8246,4.5247,0.503,383,403,0,0,1
8247,3.8834,0.7343,432,453,50,0,1
8248,4.3017,0.7987,431,452,0,1,1
8249,4.1294,0.8568,430,451,0,1,1
8250,4.079,0.7801,427,450,0,1,1
8251,4.1642,0.5466,427,447,0,3,1
8252,4.1289,0.472,427,447,0,0,1
8253,4.4638,0.689,426,447,0,0,1
8254,3.8355,0.4592,425,446,0,1,1
8255,4.2194,0.702,425,445,0,1,1
8256,4.1856,0.489,424,445,0,0,1
8257,4.1166,0.4428,424,444,0,1,1
8258,4.2309,0.5146,422,444,0,0,1
8259,4.1526,0.5139,422,442,0,2,1
8260,4.1361,0.6954,421,442,0,0,1
8261,4.2593,0.7587,421,441,0,1,1
8262,4.0963,0.55,420,441,0,0,1
8263,4.5186,0.6916,419,440,0,1,1
8264,3.7781,0.4713,419,439,0,1,1
8265,4.5239,0.452,418,439,0,0,1
8266,3.8266,0.4986,418,438,0,1,1
8267,4.1796,0.6655,418,438,0,0,1
8268,4.1797,0.4905,418,438,0,0,1
8269,4.1243,0.428,417,438,0,0,1
8270,4.3997,0.4613,417,437,0,1,1
8271,3.9294,0.5079,417,437,0,0,1
8272,4.2048,0.6732,415,437,0,0,1
8273,4.1075,0.484,413,435,0,2,1
8274,4.2405,0.7381,413,433,0,2,1
8275,4.0926,0.5165,411,433,0,0,1
8276,4.2216,0.5508,411,431,0,2,1
8277,4.1926,0.5327,410,431,0,0,1
8278,4.1215,0.4944,410,430,0,1,1
8279,4.3231,0.8152,409,430,0,0,1
8280,4.0323,0.4898,409,429,0,1,1
8281,4.1094,0.4278,408,429,0,0,1
8282,4.1472,0.4899,406,428,0,1,1
8283,4.2871,0.4988,405,426,0,2,1
8284,4.3601,0.4174,404,425,0,1,1
8285,3.8895,0.6042,404,424,0,1,1
8286,4.2739,0.6896,402,424,0,0,1
8287,4.341,0.6665,401,422,0,2,1
8288,3.941,0.4351,400,421,0,1,1
8289,4.1638,0.5801,397,420,0,1,1
8290,4.1749,0.4594,397,417,0,3,1
8291,4.212,0.4203,396,417,0,0,1
8292,4.0791,0.5986,395,416,0,1,1
8293,4.1251,0.6723,395,415,0,1,1
8294,4.4935,0.6189,394,415,0,0,1
8295,3.9263,0.6057,393,414,0,1,1
8296,4.15,0.5645,392,413,0,1,1
8297,4.2604,0.5943,391,412,0,1,1
8298,4.0369,0.6534,391,411,0,1,1
8299,4.2907,0.6993,391,411,0,0,1
8300,4.0659,0.4432,391,411,0,0,1
8301,4.2203,0.5452,389,411,0,0,1
8302,4.1639,0.4904,389,409,0,2,1
8303,4.1509,0.6269,389,409,0,0,1
8304,4.0666,0.5164,389,409,0,0,1
8305,4.2131,0.4301,387,409,0,0,1
8306,4.2528,0.6048,386,407,0,2,1
8307,4.0975,0.5895,386,406,0,1,1
8308,4.1912,0.4909,386,406,0,0,1
8309,4.1458,0.5195,379,406,0,0,1
8310,4.1594,0.4261,379,399,0,7,1
8311,4.1793,0.7015,379,399,0,0,1
8312,4.134,0.6433,379,399,0,0,1
8313,4.2703,0.3987,377,399,0,0,1
8314,4.1347,0.7227,427,447,50,2,1
8315,4.2194,0.7683,426,447,0,0,1
8316,4.0673,0.7737,426,446,0,1,1
8317,4.1251,0.5089,425,446,0,0,1
8318,4.2689,0.5255,424,445,0,1,1
8319,4.0871,0.4439,423,444,0,1,1
8320,4.2082,0.5183,421,443,0,1,1
8321,4.1257,0.6121,419,441,0,2,1
8322,4.1691,0.5416,419,439,0,2,1
8323,4.1235,0.4235,419,439,0,0,1
8324,4.2198,0.4251,418,439,0,0,1
8325,4.2135,0.5036,417,438,0,1,1
8326,4.1281,0.5227,416,437,0,1,1
8327,4.2191,0.542,416,436,0,1,1
8328,4.1017,0.5557,415,436,0,0,1
8329,4.1628,0.798,415,435,0,1,1
8330,4.1416,0.7017,414,435,0,0,1
8331,4.2042,0.4397,411,434,0,1,1
8332,4.2894,0.5087,411,431,0,3,1
8333,4.3608,0.5458,411,431,0,0,1
8334,3.838,0.4528,408,431,0,0,1
8335,4.1987,0.4883,408,428,0,3,1
8336,4.1456,0.4239,404,428,0,0,1
8337,4.3365,0.4209,404,424,0,4,1
8338,4.0212,0.6704,404,424,0,0,1
8339,4.4415,0.6777,404,424,0,0,1
8340,4.2771,0.7487,404,424,0,0,1
8341,3.7728,0.6459,402,424,0,0,1
8342,4.3408,0.443,402,422,0,2,1
8343,3.9819,0.5078,401,422,0,0,1
8344,4.4494,0.7001,400,421,0,1,1
8345,4.1014,0.6286,399,420,0,1,1
8346,3.9164,0.6641,397,419,0,1,1
8347,4.4226,0.4911,397,417,0,2,1
8348,3.8756,0.4934,397,417,0,0,1
8349,4.2968,0.6824,397,417,0,0,1
8350,4.1037,0.5568,395,417,0,0,1
8351,4.2044,0.8891,392,415,0,2,1
8352,4.394,0.6335,392,412,0,3,1
8353,3.8181,0.5092,392,412,0,0,1
8354,4.4098,0.6432,390,412,0,0,1
8355,3.9807,0.4477,390,410,0,2,1
8356,4.2456,0.7687,390,410,0,0,1
8357,4.3821,0.5901,390,410,0,0,1
8358,4.1603,0.6207,390,410,0,0,1
8359,4.1768,0.6182,390,410,0,0,1
8360,3.8344,0.4392,390,410,0,0,1
8361,4.4436,0.4133,389,410,0,0,1
8362,4.033,0.4691,389,409,0,1,1
8363,4.3828,0.606,388,409,0,0,1
8364,3.854,0.4375,386,408,0,1,1
8365,4.1448,0.4277,386,406,0,2,1
8366,4.2394,0.435,386,406,0,0,1
8367,4.1336,0.4357,386,406,0,0,1
8368,4.2298,0.8005,385,406,0,0,1
8369,4.2265,0.7726,385,405,0,1,1
8370,3.9983,0.454,385,405,0,0,1
8371,4.5418,0.5693,383,405,0,0,1
8372,3.82,0.3966,383,403,0,2,1
8373,4.4526,0.626,383,403,0,0,1
8374,3.8529,0.5375,382,403,0,0,1
8375,4.1406,0.4008,381,402,0,1,1
8376,4.2652,0.5255,373,401,0,1,1
8377,4.0812,0.3881,371,393,0,8,1
8378,4.4079,0.59,371,391,0,2,1
8379,3.9293,0.4816,370,391,0,0,1
8380,4.2619,0.7461,370,390,0,1,1
8381,4.1691,0.4609,367,390,0,0,1
8382,4.1149,0.8523,417,437,50,3,1
8383,4.232,0.5252,416,437,0,0,1
8384,4.1007,0.456,415,436,0,1,1
8385,4.4598,0.4407,414,435,0,1,1
8386,3.8968,0.5223,413,434,0,1,1
8387,4.4015,0.6241,412,433,0,1,1
8388,3.9882,0.6815,412,432,0,1,1
8389,4.0954,0.4078,412,432,0,0,1
8390,4.6669,0.4495,411,432,0,0,1
8391,3.7186,0.4548,411,431,0,1,1
8392,4.32,0.4729,411,431,0,0,1
8393,4.0374,0.7786,411,431,0,0,1
8394,4.0877,0.5095,411,431,0,0,1
8395,4.1894,0.5886,410,431,0,0,1
8396,4.5408,0.5101,409,430,0,1,1
8397,3.8428,0.4955,408,429,0,1,1
8398,4.1286,0.5531,408,428,0,1,1
8399,4.2714,0.8697,408,428,0,0,1
8400,4.145,0.771,407,428,0,0,1
8401,4.0565,0.4287,406,427,0,1,1
8402,4.1879,0.5071,406,426,0,1,1
8403,4.1294,0.6152,406,426,0,0,1
8404,4.2323,0.5388,405,426,0,0,1
8405,4.1522,0.588,405,425,0,1,1
8406,4.175,0.7199,405,425,0,0,1
8407,4.1267,0.4446,405,425,0,0,1
8408,4.1575,0.4486,405,425,0,0,1
8409,4.1422,0.4245,404,425,0,0,1
8410,4.2085,0.7322,404,424,0,1,1
8411,4.2375,0.7404,404,424,0,0,1
8412,4.0361,0.6949,403,424,0,0,1
8413,4.2259,0.5275,402,423,0,1,1
8414,4.5007,0.7602,402,422,0,1,1
8415,3.873,0.8268,402,422,0,0,1
8416,4.1505,0.5158,400,422,0,0,1
8417,4.1458,0.5081,398,420,0,2,1
8418,4.1334,0.5023,398,418,0,2,1
8419,4.2034,0.4804,398,418,0,0,1
8420,4.1621,0.4775,398,418,0,0,1
8421,4.192,0.4866,397,418,0,0,1
8422,4.2024,0.5068,396,417,0,1,1
8423,4.3139,0.6371,395,416,0,1,1
8424,3.9819,0.577,394,415,0,1,1
8425,4.0942,0.4065,391,414,0,1,1
8426,4.2666,0.4952,390,411,0,3,1
8427,4.1719,0.833,389,410,0,1,1
8428,4.3765,0.6733,389,409,0,1,1
8429,3.9551,0.4282,387,409,0,0,1
8430,4.1018,0.4468,386,407,0,2,1
8431,4.2498,0.6481,385,406,0,1,1
8432,4.1098,0.4129,383,405,0,1,1
8433,4.2674,0.4128,382,403,0,2,1
8434,4.0523,0.4997,381,402,0,1,1
8435,4.1877,0.434,381,401,0,1,1
8436,4.0988,0.6013,381,401,0,0,1
8437,4.1911,0.421,380,401,0,0,1
8438,4.2748,0.4343,380,400,0,1,1
8439,4.0566,0.3969,378,400,0,0,1
8440,4.2373,0.5694,378,398,0,2,1
8441,4.1659,0.4412,377,398,0,0,1
8442,4.1136,0.6165,376,397,0,1,1
8443,4.1886,0.5929,366,396,0,1,1
8444,4.1498,0.4058,366,386,0,10,1
8445,4.2386,0.4488,366,386,0,0,1
8446,4.1555,0.4903,365,386,0,0,1
8447,4.1585,0.4614,365,385,0,1,1
8448,4.4524,0.4068,364,385,0,0,1
8449,3.8287,0.6397,414,434,50,1,1
8450,4.2822,0.7131,414,434,0,0,1
8451,4.0698,0.4846,414,434,0,0,1
8452,4.2124,0.4896,414,434,0,0,1
8453,4.1361,0.5481,414,434,0,0,1
8454,4.1224,0.4976,414,434,0,0,1
8455,4.2041,0.7894,412,434,0,0,1
8456,4.1618,0.5379,411,432,0,2,1
8457,4.2683,0.5508,409,431,0,1,1
8458,4.071,0.7267,408,429,0,2,1
8459,4.1529,0.4468,407,428,0,1,1
8460,4.1742,0.4766,407,427,0,1,1
8461,4.1211,0.5579,407,427,0,0,1
8462,4.1819,0.4541,406,427,0,0,1
8463,4.379,0.6404,405,426,0,1,1
8464,3.9998,0.7246,405,425,0,1,1
8465,4.1858,0.489,405,425,0,0,1
8466,4.1169,0.4415,405,425,0,0,1
8467,4.2302,0.5622,404,425,0,0,1
8468,4.0972,0.4131,404,424,0,1,1
8469,4.3117,0.7084,404,424,0,0,1
8470,4.0691,0.504,403,424,0,0,1
8471,4.2175,0.5169,402,423,0,1,1
8472,4.3583,0.4753,402,422,0,1,1
8473,3.886,0.6165,402,422,0,0,1
8474,4.1463,0.4538,402,422,0,0,1
8475,4.2005,0.4626,402,422,0,0,1
8476,4.1751,0.5298,401,422,0,0,1
8477,4.106,0.6233,401,421,0,1,1
8478,4.2115,0.5223,400,421,0,0,1
8479,4.2245,0.795,398,420,0,1,1
8480,4.1536,0.5167,397,418,0,2,1
8481,4.1023,0.434,397,417,0,1,1
8482,4.1961,0.5338,395,417,0,0,1
8483,4.205,0.5303,393,415,0,2,1
8484,4.1598,0.5929,392,413,0,2,1
8485,4.0944,0.798,391,412,0,1,1
8486,4.264,0.4978,391,411,0,1,1
8487,4.1672,0.4593,391,411,0,0,1
8488,4.218,0.6441,391,411,0,0,1
8489,4.1772,0.5993,390,411,0,0,1
8490,4.0338,0.4567,390,410,0,1,1
8491,4.1817,0.464,389,410,0,0,1
8492,4.1241,0.4172,386,409,0,1,1
8493,4.1849,0.4358,384,406,0,3,1
8494,4.1912,0.4508,384,404,0,2,1
8495,4.5434,0.4791,384,404,0,0,1
8496,3.8336,0.4911,384,404,0,0,1
8497,4.1052,0.439,383,404,0,0,1
8498,4.4562,0.4503,381,403,0,1,1
8499,3.9707,0.453,381,401,0,2,1
8500,4.2749,0.6645,380,401,0,0,1
8501,4.057,0.4905,380,400,0,1,1
8502,4.1526,0.5085,378,400,0,0,1
8503,4.0884,0.4875,377,398,0,2,1
8504,4.2036,0.4757,376,397,0,1,1
8505,4.2414,0.5193,376,396,0,1,1
8506,4.1236,0.681,375,396,0,0,1
8507,4.1524,0.6408,375,395,0,1,1
8508,4.1301,0.6286,373,395,0,0,1
8509,4.1479,0.539,372,393,0,2,1
8510,4.2095,0.5625,365,392,0,1,1
8511,4.1713,0.5301,365,385,0,7,1
8512,4.1097,0.4687,365,385,0,0,1
8513,4.2341,0.6554,365,385,0,0,1
8514,4.4399,0.7877,365,385,0,0,1
8515,3.9185,0.5433,365,385,0,0,1
8516,4.1646,0.6478,412,435,50,0,1
8517,4.1233,0.5764,411,432,0,3,1
8518,4.0992,0.6526,410,431,0,1,1
8519,4.3201,0.7034,409,430,0,1,1
8520,4.1191,0.5827,409,429,0,1,1
8521,4.0698,0.4342,409,429,0,0,1
8522,4.2101,0.5031,408,429,0,0,1
8523,4.1436,0.5137,408,428,0,1,1
8524,4.2374,0.5547,408,428,0,0,1
8525,4.2221,0.6428,406,428,0,0,1
8526,4.1633,0.6627,405,426,0,2,1
8527,4.1241,0.4953,405,425,0,1,1
8528,4.0864,0.4428,405,425,0,0,1
8529,4.3451,0.4731,405,425,0,0,1
8530,4.05,0.4862,405,425,0,0,1
8531,4.2956,0.4128,405,425,0,0,1
8532,4.1243,0.6627,405,425,0,0,1
8533,4.0344,0.4426,404,425,0,0,1
8534,4.1559,0.4844,404,424,0,1,1
8535,4.2496,0.5033,404,424,0,0,1
8536,4.1542,0.6149,404,424,0,0,1
8537,4.0606,0.5795,404,424,0,0,1
8538,4.2321,0.5443,404,424,0,0,1
8539,4.5202,0.56,403,424,0,0,1
8540,3.8312,0.5585,403,423,0,1,1
8541,4.6692,0.457,403,423,0,0,1
8542,3.6861,0.4826,403,423,0,0,1
8543,4.171,0.5988,402,423,0,0,1
8544,4.1605,0.4833,401,422,0,1,1
8545,4.1278,0.44,399,421,0,1,1
8546,4.2413,0.5232,398,419,0,2,1
8547,4.1088,0.4748,397,418,0,1,1
8548,4.1827,0.5999,396,417,0,1,1
8549,4.2058,0.5597,396,416,0,1,1
8550,4.0681,0.6318,394,416,0,0,1
8551,4.2411,0.5166,394,414,0,2,1
8552,4.1788,0.6133,394,414,0,0,1
8553,4.1795,0.4235,393,414,0,0,1
8554,4.1088,0.6751,393,413,0,1,1
8555,4.2413,0.6565,393,413,0,0,1
8556,4.1211,0.4292,392,413,0,0,1
8557,4.1213,0.4273,390,412,0,1,1
8558,4.1971,0.4386,390,410,0,2,1
8559,4.1361,0.4371,389,410,0,0,1
8560,4.2162,0.5031,388,409,0,1,1
8561,4.209,0.4335,388,408,0,1,1
8562,4.0848,0.6138,388,408,0,0,1
8563,4.265,0.6715,387,408,0,0,1
8564,4.0732,0.4763,385,407,0,1,1
8565,4.1973,0.5112,384,405,0,2,1
8566,4.0778,0.4907,383,404,0,1,1
8567,4.3405,0.8081,381,403,0,1,1
8568,4.1014,0.4691,381,401,0,2,1
8569,4.0633,0.4066,381,401,0,0,1
8570,4.1801,0.477,380,401,0,0,1
8571,4.2604,0.7187,378,400,0,1,1
8572,4.1732,0.4934,376,398,0,2,1
8573,4.15,0.4624,374,396,0,2,1
8574,4.097,0.5559,374,394,0,2,1
8575,4.1621,0.4297,374,394,0,0,1
8576,4.214,0.5027,373,394,0,0,1
8577,4.1838,0.5759,365,393,0,1,1
8578,4.1753,0.5786,365,385,0,8,1
8579,4.1565,0.5569,365,385,0,0,1
8580,4.134,0.5023,364,385,0,0,1
8581,4.1994,0.7285,364,384,0,1,1
8582,4.2336,0.418,363,384,0,0,1
8583,4.0331,0.6734,413,433,50,1,1
8584,4.2348,0.6515,413,433,0,0,1
8585,4.1365,0.6005,413,433,0,0,1
8586,4.1974,0.8077,410,433,0,0,1
8587,4.1241,0.7622,410,430,0,3,1
8588,4.1408,0.4398,409,430,0,0,1
8589,4.3255,0.8505,409,429,0,1,1
8590,4.0871,0.5472,409,429,0,0,1
8591,4.1292,0.4511,408,429,0,0,1
8592,4.1594,0.4987,408,428,0,1,1
8593,4.1531,0.4419,407,428,0,0,1
8594,4.344,0.4465,406,427,0,1,1
8595,4.0592,0.439,406,426,0,1,1
8596,4.1657,0.6992,406,426,0,0,1
8597,4.1649,0.4886,406,426,0,0,1
8598,4.1061,0.4297,406,426,0,0,1
8599,4.1675,0.4534,406,426,0,0,1
8600,4.1661,0.5193,406,426,0,0,1
8601,4.2339,0.4083,405,426,0,0,1
8602,4.1186,0.7363,404,425,0,1,1
8603,4.2201,0.7052,404,424,0,1,1
8604,4.1068,0.5062,403,424,0,0,1
8605,4.1335,0.5782,403,423,0,1,1
8606,4.2122,0.4443,401,423,0,0,1
8607,4.1623,0.4456,401,421,0,2,1
8608,4.183,0.5062,400,421,0,0,1
8609,4.1451,0.4915,399,420,0,1,1
8610,4.1773,0.5079,399,419,0,1,1
8611,4.2422,0.7511,398,419,0,0,1
8612,4.0747,0.5031,398,418,0,1,1
8613,4.1253,0.5035,398,418,0,0,1
8614,4.2934,0.5875,398,418,0,0,1
8615,4.1477,0.5999,397,418,0,0,1
8616,4.0517,0.5032,396,417,0,1,1
8617,4.1675,0.4356,396,416,0,1,1
8618,4.2251,0.5036,395,416,0,0,1
8619,4.2553,0.5962,395,415,0,1,1
8620,4.09,0.4657,394,415,0,0,1
8621,4.1801,0.4866,394,414,0,1,1
8622,4.1261,0.4479,394,414,0,0,1
8623,4.1308,0.5949,394,414,0,0,1
8624,4.2035,0.467,394,414,0,0,1
8625,4.3457,0.4187,393,414,0,0,1
8626,4.1245,0.7701,392,413,0,1,1
8627,4.1433,0.5466,392,412,0,1,1
8628,4.1104,0.5224,392,412,0,0,1
8629,4.1172,0.4614,392,412,0,0,1
8630,4.1438,0.4456,391,412,0,0,1
8631,4.2704,0.6837,391,411,0,1,1
8632,4.275,0.7094,391,411,0,0,1
8633,4.0347,0.488,390,411,0,0,1
8634,4.1696,0.5031,390,410,0,1,1
8635,4.1714,0.4763,390,410,0,0,1
8636,4.168,0.4384,390,410,0,0,1
8637,4.1239,0.6489,390,410,0,0,1
8638,4.2169,0.6559,390,410,0,0,1
8639,4.4352,0.5761,389,410,0,0,1
8640,3.8501,0.4997,389,409,0,1,1
8641,4.1279,0.4528,388,409,0,0,1
8642,4.1964,0.7431,388,408,0,1,1
8643,4.2273,0.4687,386,408,0,0,1
8644,4.1406,0.6111,385,406,0,2,1
8645,4.2394,0.7781,377,405,0,1,1
8646,4.0134,0.4466,375,397,0,8,1
8647,4.2269,0.4883,374,395,0,2,1
8648,4.1467,0.4207,374,394,0,1,1
8649,4.4766,0.5131,374,394,0,0,1
8650,3.8948,0.9195,424,444,50,0,1
8651,4.2722,0.7206,423,444,0,0,1
8652,3.9938,0.7621,423,443,0,1,1
8653,4.2533,0.6997,422,443,0,0,1
8654,4.1526,0.6077,422,442,0,1,1
8655,4.196,0.6349,421,442,0,0,1
8656,4.1239,0.6207,421,441,0,1,1
8657,4.222,0.6785,420,441,0,0,1
8658,4.2663,0.687,420,440,0,1,1
8659,3.9725,0.5627,420,440,0,0,1
8660,4.198,0.5152,420,440,0,0,1
8661,4.1419,0.4745,420,440,0,0,1
8662,4.2158,0.5458,420,440,0,0,1
8663,4.2577,0.6941,417,440,0,0,1
8664,4.1286,0.602,417,437,0,3,1
8665,4.0579,0.4342,415,437,0,0,1
8666,4.1731,0.5204,415,435,0,2,1
8667,4.2414,0.6019,414,435,0,0,1
8668,4.1391,0.5913,413,434,0,1,1
8669,4.1541,0.6214,412,433,0,1,1
8670,4.2445,0.6999,412,432,0,1,1
8671,4.0848,0.5348,412,432,0,0,1
8672,4.149,0.5167,412,432,0,0,1
8673,4.1308,0.517,411,432,0,0,1
8674,4.2458,0.6435,411,431,0,1,1
8675,4.3386,0.64,410,431,0,0,1
8676,4.1143,0.4539,408,430,0,1,1
8677,4.0003,0.4419,407,428,0,2,1
8678,4.0573,0.4456,407,427,0,1,1
8679,4.2457,0.6009,406,427,0,0,1
8680,4.2566,0.5004,406,426,0,1,1
8681,4.128,0.4872,406,426,0,0,1
8682,4.1772,0.6294,406,426,0,0,1
8683,4.2493,0.6603,405,426,0,0,1
8684,4.0579,0.4498,405,425,0,1,1
8685,4.1926,0.4811,404,425,0,0,1
8686,4.2449,0.7563,402,424,0,1,1
8687,4.0627,0.6883,402,422,0,2,1
8688,4.2019,0.6719,401,422,0,0,1
8689,4.1104,0.6458,401,421,0,1,1
8690,4.1397,0.4835,400,421,0,0,1
8691,4.1994,0.4867,399,420,0,1,1
8692,4.2003,0.491,398,419,0,1,1
8693,4.1695,0.6585,398,418,0,1,1
8694,4.1323,0.4959,397,418,0,0,1
8695,4.2281,0.686,396,417,0,1,1
8696,4.1417,0.4771,394,416,0,1,1
8697,4.1402,0.5149,394,414,0,2,1
8698,4.2742,0.8019,394,414,0,0,1
8699,4.0978,0.7997,394,414,0,0,1
8700,4.1107,0.4939,392,414,0,0,1
8701,4.2311,0.7336,391,412,0,2,1
8702,4.1508,0.5049,390,411,0,1,1
8703,4.1249,0.6477,390,410,0,1,1
8704,4.1915,0.5278,389,410,0,0,1
8705,4.1959,0.7858,389,409,0,1,1
8706,4.1095,0.7098,386,409,0,0,1
8707,4.2051,0.6999,385,406,0,3,1
8708,4.146,0.522,385,405,0,1,1
8709,4.2875,0.5608,385,405,0,0,1
8710,4.0982,0.5522,384,405,0,0,1
8711,4.19,0.5238,384,404,0,1,1
8712,4.0755,0.4732,376,404,0,0,1
8713,4.175,0.479,375,396,0,8,1
8714,4.1962,0.4748,375,395,0,1,1
8715,4.2365,0.7525,375,395,0,0,1
8716,4.1204,0.5063,375,395,0,0,1
8717,4.463,1.0119,425,445,50,0,1
8718,3.8898,0.5945,424,445,0,0,1
8719,4.1495,0.6196,423,444,0,1,1
8720,4.1289,0.5085,423,443,0,1,1
8721,4.2311,0.4807,421,443,0,0,1
8722,4.1446,0.5238,419,441,0,2,1
8723,4.1854,0.5396,418,439,0,2,1
8724,4.4256,0.4652,418,438,0,1,1
8725,3.837,0.4696,417,438,0,0,1
8726,4.1651,0.4359,417,437,0,1,1
8727,4.1885,0.7112,417,437,0,0,1
8728,4.2025,0.5234,417,437,0,0,1
8729,4.079,0.4738,416,437,0,0,1
8730,4.161,0.4472,416,436,0,1,1
8731,4.1835,0.515,416,436,0,0,1
8732,4.1943,0.5479,416,436,0,0,1
8733,4.2725,0.7533,416,436,0,0,1
8734,4.1294,0.5646,415,436,0,0,1
8735,4.2004,0.6623,415,435,0,1,1
8736,4.1266,0.5004,415,435,0,0,1
8737,4.0761,0.4518,415,435,0,0,1
8738,4.1754,0.5202,415,435,0,0,1
8739,4.2042,0.4751,415,435,0,0,1
8740,4.1698,0.5257,415,435,0,0,1
8741,4.2092,0.7451,413,435,0,0,1
8742,4.1698,0.489,412,433,0,2,1
8743,4.1533,0.4684,412,432,0,1,1
8744,4.1541,0.4145,409,432,0,0,1
8745,4.254,0.436,409,429,0,3,1
8746,4.0592,0.5608,409,429,0,0,1
8747,4.2598,0.679,408,429,0,0,1
8748,4.0789,0.5355,408,428,0,1,1
8749,4.1117,0.4887,408,428,0,0,1
8750,4.2454,0.531,407,428,0,0,1
8751,4.1883,0.5146,407,427,0,1,1
8752,4.1982,0.6942,406,427,0,0,1
8753,4.0961,0.8407,404,426,0,1,1
8754,4.1293,0.4546,403,424,0,2,1
8755,4.1859,0.4774,403,423,0,1,1
8756,4.1484,0.4628,403,423,0,0,1
8757,4.187,0.6934,402,423,0,0,1
8758,4.2578,0.7126,401,422,0,1,1
8759,4.1057,0.5276,401,421,0,1,1
8760,4.1882,0.4966,399,421,0,0,1
8761,4.0744,0.4638,399,419,0,2,1
8762,4.1724,0.4424,398,419,0,0,1
8763,4.254,0.4709,396,418,0,1,1
8764,4.1318,0.8064,393,416,0,2,1
8765,4.2135,0.4969,393,413,0,3,1
8766,4.0744,0.4493,393,413,0,0,1
8767,4.2283,0.5008,392,413,0,0,1
8768,4.1182,0.4178,392,412,0,1,1
8769,4.1332,0.4288,389,412,0,0,1
8770,4.264,0.4409,388,409,0,3,1
8771,4.4225,0.6069,388,408,0,1,1
8772,3.915,0.5033,388,408,0,0,1
8773,4.1052,0.4512,387,408,0,0,1
8774,4.117,0.4301,386,407,0,1,1
8775,4.2867,0.4608,386,406,0,1,1
8776,4.1856,0.4245,386,406,0,0,1
8777,4.0716,0.4381,386,406,0,0,1
8778,4.1835,0.4586,385,406,0,0,1
8779,4.3609,0.4642,378,405,0,1,1
8780,3.9496,0.4201,378,398,0,7,1
8781,4.3115,0.6531,378,398,0,0,1
8782,4.1412,0.4456,378,398,0,0,1
8783,4.1381,0.689,378,398,0,0,1
8784,4.3137,0.5722,376,398,0,0,1
8785,3.9463,0.5045,425,446,50,2,1
8786,4.2704,0.5027,425,445,0,1,1
8787,4.1343,0.584,425,445,0,0,1
8788,4.1341,0.5489,425,445,0,0,1
8789,4.1866,0.4718,423,445,0,0,1
8790,4.1186,0.4683,422,443,0,2,1
8791,4.1549,0.4491,419,442,0,1,1
8792,4.1814,0.4976,419,439,0,3,1
8793,4.1066,0.4702,418,439,0,0,1
8794,4.2027,0.5183,418,438,0,1,1
8795,4.1862,0.5274,418,438,0,0,1
8796,4.1682,0.7189,418,438,0,0,1
8797,4.1455,0.4576,417,438,0,0,1
8798,4.178,0.4605,416,437,0,1,1
8799,4.2447,0.6807,416,436,0,1,1
8800,4.1177,0.489,416,436,0,0,1
8801,4.2371,0.4489,414,436,0,0,1
8802,4.1126,0.7051,414,434,0,2,1
8803,4.1347,0.4944,413,434,0,0,1
8804,4.1867,0.4251,413,433,0,1,1
8805,4.196,0.4866,413,433,0,0,1
8806,4.2059,0.7652,413,433,0,0,1
8807,4.102,0.7615,413,433,0,0,1
8808,4.1535,0.4518,412,433,0,0,1
8809,4.1219,0.5168,412,432,0,1,1
8810,4.159,0.5239,411,432,0,0,1
8811,4.2064,0.4607,411,431,0,1,1
8812,4.2258,0.642,411,431,0,0,1
8813,4.1188,0.5885,411,431,0,0,1
8814,4.1544,0.6682,411,431,0,0,1
8815,4.184,0.8966,410,431,0,0,1
8816,4.1677,0.467,410,430,0,1,1
8817,4.1414,0.4801,408,430,0,0,1
8818,4.1701,0.4399,407,428,0,2,1
8819,4.2334,0.4556,405,427,0,1,1
8820,4.1005,0.643,403,425,0,2,1
8821,4.1671,0.462,402,423,0,2,1
8822,4.1542,0.44,400,422,0,1,1
8823,4.1632,0.4648,400,420,0,2,1
8824,4.1912,0.4991,400,420,0,0,1
8825,4.1659,0.5269,400,420,0,0,1
8826,4.1383,0.4874,397,420,0,0,1
8827,4.1678,0.5062,395,417,0,3,1
8828,4.191,0.5395,395,415,0,2,1
8829,4.1784,0.6376,394,415,0,0,1
8830,4.2087,0.639,394,414,0,1,1
8831,4.1959,0.7947,394,414,0,0,1
8832,4.0986,0.606,391,414,0,0,1
8833,4.2093,0.7101,391,411,0,3,1
8834,4.1237,0.453,391,411,0,0,1
8835,4.1665,0.4584,390,411,0,0,1
8836,4.2257,0.6263,390,410,0,1,1
8837,4.1249,0.4711,390,410,0,0,1
8838,4.1451,0.4781,390,410,0,0,1
8839,4.2056,0.6677,389,410,0,0,1
8840,4.1352,0.4521,389,409,0,1,1
8841,4.1442,0.4578,388,409,0,0,1
8842,4.2455,0.6257,387,408,0,1,1
8843,4.1127,0.4246,386,407,0,1,1
8844,4.1555,0.4385,386,406,0,1,1
8845,4.1807,0.4494,384,406,0,0,1
8846,4.1922,0.4284,383,404,0,2,1
8847,4.1369,0.4653,374,403,0,1,1
8848,4.1683,0.4547,373,394,0,9,1
8849,4.2169,0.6825,373,393,0,1,1
8850,4.1171,0.4227,372,393,0,0,1
8851,4.4191,0.422,372,392,0,1,1
8852,3.8854,0.5416,422,442,50,0,1
8853,4.2697,0.6743,421,442,0,0,1
8854,4.1029,0.5161,421,441,0,1,1
8855,4.1,0.4382,420,441,0,0,1
8856,4.2375,0.6792,420,440,0,1,1
8857,4.1218,0.4654,420,440,0,0,1
8858,4.1968,0.9314,420,440,0,0,1
8859,4.1396,0.585,420,440,0,0,1
8860,4.2375,0.6502,419,440,0,0,1
8861,4.1342,0.469,419,439,0,1,1
8862,4.2135,0.6854,419,439,0,0,1
8863,4.1526,0.7145,418,439,0,0,1
8864,4.1512,0.4743,416,438,0,1,1
8865,4.1033,0.6626,414,436,0,2,1
8866,4.1676,0.4758,414,434,0,2,1
8867,4.2041,0.6604,412,434,0,0,1
8868,4.1613,0.7425,410,432,0,2,1
8869,4.2043,0.5188,410,430,0,2,1
8870,4.1268,0.5496,410,430,0,0,1
8871,4.1803,0.4836,409,430,0,0,1
8872,4.166,0.4842,409,429,0,1,1
8873,4.2113,0.6305,409,429,0,0,1
8874,4.1518,0.6127,409,429,0,0,1
8875,4.1853,0.7284,409,429,0,0,1
8876,4.1315,0.4278,408,429,0,0,1
8877,4.2139,0.6643,407,428,0,1,1
8878,4.078,0.4603,407,427,0,1,1
8879,4.1762,0.6573,406,427,0,0,1
8880,4.2214,0.6693,404,426,0,1,1
8881,4.1142,0.4535,404,424,0,2,1
8882,4.1934,0.4819,403,424,0,0,1
8883,4.1678,0.515,403,423,0,1,1
8884,4.1225,0.7237,403,423,0,0,1
8885,4.265,0.7614,403,423,0,0,1
8886,4.0992,0.5299,403,423,0,0,1
8887,4.2185,0.7618,403,423,0,0,1
8888,4.1194,0.5244,403,423,0,0,1
8889,4.1266,0.4619,403,423,0,0,1
8890,4.1699,0.4724,402,423,0,0,1
8891,4.2156,0.4266,402,422,0,1,1
8892,4.2042,0.6174,400,422,0,0,1
8893,4.074,0.4751,399,420,0,2,1
8894,4.1545,0.4378,397,419,0,1,1
8895,4.2662,0.5722,396,417,0,2,1
8896,4.0953,0.4824,395,416,0,1,1
8897,4.2007,0.5164,395,415,0,1,1
8898,4.1859,0.6465,395,415,0,0,1
8899,4.0834,0.4113,394,415,0,0,1
8900,4.2064,0.4454,392,414,0,1,1
8901,4.4137,0.6094,390,412,0,2,1
8902,3.9108,0.4394,389,410,0,2,1
8903,4.3156,0.6593,387,409,0,1,1
8904,4.0311,0.4658,385,407,0,2,1
8905,4.1609,0.4625,383,405,0,2,1
8906,4.246,0.4621,383,403,0,2,1
8907,4.1426,0.7417,383,403,0,0,1
8908,4.2341,0.676,383,403,0,0,1
8909,4.114,0.7956,383,403,0,0,1
8910,4.0952,0.4289,381,403,0,0,1
8911,4.2427,0.9418,381,401,0,2,1
8912,4.11,0.4067,381,401,0,0,1
8913,4.1081,0.4888,373,401,0,0,1
8914,4.24,0.569,373,393,0,8,1
8915,4.1228,0.4136,373,393,0,0,1
8916,4.1699,0.4941,370,393,0,0,1
8917,4.1664,0.4239,370,390,0,3,1
8918,4.0965,0.414,370,390,0,0,1
8919,4.2569,0.7031,420,440,50,0,1
8920,4.1187,0.5126,420,440,0,0,1
8921,4.2448,0.7737,420,440,0,0,1
8922,4.2916,0.6781,419,440,0,0,1
8923,4.0591,0.8231,417,439,0,1,1
8924,4.1305,0.4929,416,437,0,2,1
8925,4.2214,0.7883,416,436,0,1,1
8926,4.4314,0.5543,415,436,0,0,1
8927,3.9957,0.4598,415,435,0,1,1
8928,4.3042,0.6899,414,435,0,0,1
8929,3.8252,0.4651,414,434,0,1,1
8930,4.1804,0.4471,414,434,0,0,1
8931,4.1986,0.461,414,434,0,0,1
8932,4.5666,0.4348,414,434,0,0,1
8933,3.7904,0.7097,414,434,0,0,1
8934,4.1601,0.439,414,434,0,0,1
8935,4.2027,0.5531,414,434,0,0,1
8936,4.1064,0.4243,414,434,0,0,1
8937,4.127,0.5044,414,434,0,0,1
8938,4.2785,0.537,413,434,0,0,1
8939,4.0995,0.5191,413,433,0,1,1
8940,4.2215,0.5158,413,433,0,0,1
8941,4.1464,0.485,412,433,0,0,1
8942,4.1147,0.4822,412,432,0,1,1
8943,4.192,0.4489,412,432,0,0,1
8944,4.1258,0.4432,412,432,0,0,1
8945,4.2002,0.5404,412,432,0,0,1
8946,4.1642,0.4383,412,432,0,0,1
8947,4.2809,0.6983,412,432,0,0,1
8948,4.0596,0.4251,411,432,0,0,1
8949,4.1684,0.4517,411,431,0,1,1
8950,4.2245,0.4883,410,431,0,0,1
8951,4.1775,0.6763,410,430,0,1,1
8952,4.1012,0.822,409,430,0,0,1
8953,4.2017,0.7719,409,429,0,1,1
8954,4.1645,0.5984,408,429,0,0,1
8955,4.1882,0.7873,408,428,0,1,1
8956,4.1557,0.5033,408,428,0,0,1
8957,4.1829,0.5101,407,428,0,0,1
8958,4.1768,0.5154,407,427,0,1,1
8959,4.0961,0.443,407,427,0,0,1
8960,4.1818,0.4375,406,427,0,0,1
8961,4.2088,0.5081,405,426,0,1,1
8962,4.3849,0.4267,403,425,0,1,1
8963,3.9005,0.4295,401,423,0,2,1
8964,4.1788,0.6185,399,421,0,2,1
8965,4.2139,0.7166,399,419,0,2,1
8966,4.8129,0.4641,397,419,0,0,1
8967,3.5238,0.6861,395,417,0,2,1
8968,4.112,0.4247,395,415,0,2,1
8969,4.1559,0.4357,395,415,0,0,1
8970,4.1765,0.4384,392,415,0,0,1
8971,4.0998,0.9477,392,412,0,3,1
8972,4.2388,0.4573,391,412,0,0,1
8973,4.4176,0.6324,391,411,0,1,1
8974,3.9427,0.7068,390,411,0,0,1
8975,4.1419,0.5921,389,410,0,1,1
8976,4.1112,0.4725,388,409,0,1,1
8977,4.2051,0.4724,387,408,0,1,1
8978,4.2708,0.6908,385,407,0,1,1
8979,4.0777,0.4789,385,405,0,2,1
8980,4.2046,0.7111,385,405,0,0,1
8981,4.1098,0.4771,377,405,0,0,1
8982,4.1452,0.4654,377,397,0,8,1
8983,4.1722,0.5854,376,397,0,0,1
8984,4.2201,0.4653,376,396,0,1,1
8985,4.3377,0.4276,376,396,0,0,1
8986,3.9658,0.6427,426,446,50,0,1
8987,4.1784,0.5906,425,446,0,0,1
8988,4.1735,0.5553,425,445,0,1,1
8989,4.1803,0.6,423,445,0,0,1
8990,4.8913,0.5161,420,443,0,2,1
8991,3.4283,0.4518,419,440,0,3,1
8992,4.1449,0.4628,418,439,0,1,1
8993,4.4653,0.7302,417,438,0,1,1
8994,3.8676,0.4463,417,437,0,1,1
8995,4.1415,0.5633,417,437,0,0,1
8996,4.191,0.5347,417,437,0,0,1
8997,4.1688,0.5095,416,437,0,0,1
8998,4.1884,0.5185,415,436,0,1,1
8999,4.2275,0.5751,415,435,0,1,1
9000,4.0474,0.444,414,435,0,0,1
9001,4.2009,0.4449,413,434,0,1,1
9002,4.1739,0.6206,412,433,0,1,1
9003,4.2522,0.6584,412,432,0,1,1
9004,4.2956,0.6216,411,432,0,0,1
9005,4.0196,0.655,410,431,0,1,1
9006,4.2236,0.5593,409,430,0,1,1
9007,4.0205,0.4348,408,429,0,1,1
9008,4.1879,0.4973,408,428,0,1,1
9009,4.1974,0.7001,408,428,0,0,1
9010,4.261,0.7145,408,428,0,0,1
9011,4.0962,0.4943,407,428,0,0,1
9012,4.1168,0.5351,407,427,0,1,1
9013,4.1445,0.5166,407,427,0,0,1
9014,4.1536,0.4802,407,427,0,0,1
9015,4.272,0.5019,405,427,0,0,1
9016,4.0998,0.4454,405,425,0,2,1
9017,4.1712,0.4736,405,425,0,0,1
9018,4.3676,0.4867,405,425,0,0,1
9019,3.9877,0.7164,405,425,0,0,1
9020,4.1521,0.429,405,425,0,0,1
9021,4.2278,0.445,404,425,0,0,1
9022,4.2262,0.662,404,424,0,1,1
9023,4.0493,0.512,404,424,0,0,1
9024,4.1537,0.5371,404,424,0,0,1
9025,4.1349,0.414,404,424,0,0,1
9026,4.5316,0.4485,404,424,0,0,1
9027,3.8608,0.7484,403,424,0,0,1
9028,4.4355,0.4977,401,423,0,1,1
9029,3.8737,0.6131,401,421,0,2,1
9030,4.1991,0.8014,399,421,0,0,1
9031,4.1462,0.5809,398,419,0,2,1
9032,4.1543,0.494,398,418,0,1,1
9033,4.1506,0.6529,398,418,0,0,1
9034,4.2675,0.5194,398,418,0,0,1
9035,4.1246,0.4544,398,418,0,0,1
9036,4.1487,0.6169,397,418,0,0,1
9037,4.1125,0.4819,396,417,0,1,1
9038,4.1916,0.4733,396,416,0,1,1
9039,4.2502,0.4781,396,416,0,0,1
9040,4.1372,0.6302,396,416,0,0,1
9041,4.2187,0.7383,395,416,0,0,1
9042,4.0665,0.4385,394,415,0,1,1
9043,4.1828,0.592,394,414,0,1,1
9044,4.1659,0.4588,392,414,0,0,1
9045,4.4627,0.4724,392,412,0,2,1
9046,3.9234,0.4376,392,412,0,0,1
9047,4.4981,0.4286,392,412,0,0,1
9048,3.7789,0.4852,392,412,0,0,1
9049,4.1457,0.4346,384,412,0,0,1
9050,4.1993,0.5222,383,404,0,8,1
9051,4.5334,0.4376,382,403,0,1,1
9052,3.8273,0.4433,380,402,0,1,1
9053,4.16,0.6608,379,400,0,2,1
9054,4.2739,0.8221,428,449,50,1,1
9055,4.0822,0.522,428,448,0,1,1
9056,4.1643,0.4926,427,448,0,0,1
9057,4.0833,0.443,426,447,0,1,1
9058,4.2393,0.7591,426,446,0,1,1
9059,4.1778,0.4844,426,446,0,0,1
9060,4.1943,0.7067,425,446,0,0,1
9061,4.0952,0.4675,425,445,0,1,1
9062,4.5089,0.6696,423,445,0,0,1
9063,3.8218,0.5782,422,443,0,2,1
9064,4.175,0.5289,422,442,0,1,1
9065,4.1791,0.4509,422,442,0,0,1
9066,4.1718,0.8377,420,442,0,0,1
9067,4.14,0.48,420,440,0,2,1
9068,4.1479,0.4192,419,440,0,0,1
9069,4.2449,0.4935,417,439,0,1,1
9070,4.132,0.5659,417,437,0,2,1
9071,4.22,0.6956,417,437,0,0,1
9072,4.0772,0.5358,416,437,0,0,1
9073,4.1591,0.5166,416,436,0,1,1
9074,4.177,0.7581,416,436,0,0,1
9075,4.1758,0.5053,415,436,0,0,1
9076,4.4729,0.4756,415,435,0,1,1
9077,3.9093,0.6333,415,435,0,0,1
9078,4.1393,0.6155,415,435,0,0,1
9079,4.2515,0.8731,415,435,0,0,1
9080,4.0199,0.4347,415,435,0,0,1
9081,4.1611,0.4384,415,435,0,0,1
9082,4.1869,0.5737,414,435,0,0,1
9083,4.1896,0.4447,414,434,0,1,1
9084,4.1671,0.4519,414,434,0,0,1
9085,4.1613,0.4757,412,434,0,0,1
9086,4.1345,0.5079,412,432,0,2,1
9087,4.1955,0.5187,412,432,0,0,1
9088,4.2137,0.7227,412,432,0,0,1
9089,4.1655,0.5502,412,432,0,0,1
9090,4.1531,0.509,410,432,0,0,1
9091,4.2389,0.685,408,430,0,2,1
9092,4.0455,0.4372,408,428,0,2,1
9093,4.2086,0.647,406,428,0,0,1
9094,4.236,0.5227,405,426,0,2,1
9095,4.1836,0.5578,404,425,0,1,1
9096,4.0452,0.4544,404,424,0,1,1
9097,4.2405,0.6548,403,424,0,0,1
9098,4.0964,0.4476,403,423,0,1,1
9099,4.2248,0.4242,403,423,0,0,1
9100,4.1469,0.4747,403,423,0,0,1
9101,4.1393,0.4849,403,423,0,0,1
9102,4.4756,0.4263,402,423,0,0,1
9103,3.8702,0.7919,400,422,0,1,1
9104,4.1707,0.4621,399,420,0,2,1
9105,4.3883,0.8754,397,419,0,1,1
9106,4.0134,0.6809,397,417,0,2,1
9107,4.4669,0.7665,396,417,0,0,1
9108,3.8374,0.7186,396,416,0,1,1
9109,4.1373,0.4047,394,416,0,0,1
9110,4.1871,0.7272,393,414,0,2,1
9111,4.1362,0.4611,393,413,0,1,1
9112,4.5495,0.6699,392,413,0,0,1
9113,4.1512,0.6633,391,412,0,1,1
9114,3.8167,0.5763,391,411,0,1,1
9115,4.3145,0.6173,383,411,0,0,1
9116,3.9142,0.4237,382,403,0,8,1
9117,4.4689,0.6936,381,402,0,1,1
9118,3.8713,0.604,381,401,0,1,1
9119,4.5209,0.477,379,401,0,0,1
9120,4.0942,0.4753,379,399,0,2,1
9121,3.925,0.8475,429,449,50,0,1
9122,4.3735,0.6644,427,449,0,0,1
9123,3.9542,0.6016,426,447,0,2,1
9124,4.2444,0.4994,425,446,0,1,1
9125,4.4435,0.8826,422,445,0,1,1
9126,4.1533,0.4898,422,442,0,3,1
9127,4.1165,0.6361,421,442,0,0,1
9128,3.9523,0.4362,420,441,0,1,1
9129,4.1055,0.4493,420,440,0,1,1
9130,4.2291,0.6472,420,440,0,0,1
9131,4.5238,0.4914,418,440,0,0,1
9132,4.1228,0.6613,418,438,0,2,1
9133,3.7983,0.4593,418,438,0,0,1
9134,4.1232,0.6174,417,438,0,0,1
9135,4.1955,0.5043,414,437,0,1,1
9136,4.5441,0.645,414,434,0,3,1
9137,4.0875,0.6896,414,434,0,0,1
9138,4.1772,0.7257,413,434,0,0,1
9139,3.9273,0.6501,413,433,0,1,1
9140,4.1051,0.5535,413,433,0,0,1
9141,4.3867,0.4548,413,433,0,0,1
9142,4.1508,0.6625,413,433,0,0,1
9143,4.307,0.4396,412,433,0,0,1
9144,4.0997,0.5396,412,432,0,1,1
9145,3.8387,0.457,411,432,0,0,1
9146,4.5294,0.4435,409,431,0,1,1
9147,3.8618,0.4398,408,429,0,2,1
9148,4.2745,0.6485,406,428,0,1,1
9149,4.0618,0.5226,405,426,0,2,1
9150,4.3041,0.728,405,425,0,1,1
9151,4.0995,0.5658,405,425,0,0,1
9152,4.0955,0.4496,405,425,0,0,1
9153,4.1799,0.4449,405,425,0,0,1
9154,4.2438,0.4317,404,425,0,0,1
9155,4.1889,0.6433,403,424,0,1,1
9156,4.04,0.466,402,423,0,1,1
9157,4.2088,0.4652,402,422,0,1,1
9158,4.1469,0.4718,402,422,0,0,1
9159,4.2722,0.6373,401,422,0,0,1
9160,4.1359,0.7454,400,421,0,1,1
9161,4.1176,0.5033,400,420,0,1,1
9162,4.1787,0.4846,398,420,0,0,1
9163,4.5761,0.5963,397,418,0,2,1
9164,3.7524,0.5263,396,417,0,1,1
9165,4.2945,0.5517,396,416,0,1,1
9166,4.0627,0.5153,396,416,0,0,1
9167,4.2604,0.5046,396,416,0,0,1
9168,4.0613,0.5687,395,416,0,0,1
9169,4.1376,0.4775,394,415,0,1,1
9170,4.2307,0.498,393,414,0,1,1
9171,4.1898,0.5042,392,413,0,1,1
9172,4.0902,0.4891,391,412,0,1,1
9173,4.2766,0.79,389,411,0,1,1
9174,4.0974,0.5114,388,409,0,2,1
9175,4.1205,0.601,388,408,0,1,1
9176,4.1564,0.4249,387,408,0,0,1
9177,4.1448,0.4403,387,407,0,1,1
9178,4.2557,0.4616,386,407,0,0,1
9179,4.1816,0.4248,386,406,0,1,1
9180,4.1737,0.4967,386,406,0,0,1
9181,4.1077,0.6834,385,406,0,0,1
9182,4.1042,0.4326,378,405,0,1,1
9183,4.2711,0.5852,378,398,0,7,1
9184,4.1114,0.6237,378,398,0,0,1
9185,4.1471,0.4869,378,398,0,0,1
9186,4.2262,0.7782,377,398,0,0,1
9187,4.1316,0.7182,376,397,0,1,1
9188,4.1641,0.571,426,446,50,1,1
9189,4.1756,0.5095,426,446,0,0,1
9190,4.1375,0.5352,426,446,0,0,1
9191,4.4306,0.5337,426,446,0,0,1
9192,4.1161,0.7032,426,446,0,0,1
9193,3.964,0.4327,426,446,0,0,1
9194,4.1924,0.4885,425,446,0,0,1
9195,4.1372,0.5536,424,445,0,1,1
9196,4.2268,0.5936,422,444,0,1,1
9197,4.0604,0.5499,421,442,0,2,1
9198,4.2991,0.7749,421,441,0,1,1
9199,4.1119,0.5047,420,441,0,0,1
9200,4.1475,0.4572,420,440,0,1,1
9201,4.1562,0.4496,419,440,0,0,1
9202,4.2059,0.4936,418,439,0,1,1
9203,4.1287,0.4333,417,438,0,1,1
9204,4.1576,0.6625,417,437,0,1,1
9205,4.1598,0.4469,417,437,0,0,1
9206,4.2171,0.5068,417,437,0,0,1
9207,4.1516,0.467,414,437,0,0,1
9208,4.1514,0.5289,414,434,0,3,1
9209,4.2475,0.514,413,434,0,0,1
9210,4.1331,0.5289,409,433,0,1,1
9211,4.1898,0.7011,408,429,0,4,1
9212,4.1056,0.4781,407,428,0,1,1
9213,4.1927,0.5334,407,427,0,1,1
9214,4.1172,0.4485,407,427,0,0,1
9215,4.393,0.612,406,427,0,0,1
9216,3.9303,0.5963,406,426,0,1,1
9217,4.3272,0.7795,404,426,0,0,1
9218,4.1016,0.4964,402,424,0,2,1
9219,4.1307,0.4273,402,422,0,2,1
9220,4.1102,0.4473,402,422,0,0,1
9221,4.2955,0.4996,402,422,0,0,1
9222,4.1552,0.4282,400,422,0,0,1
9223,4.108,0.7572,399,420,0,2,1
9224,4.1156,0.455,398,419,0,1,1
9225,4.1874,0.4299,396,418,0,1,1
9226,4.1683,0.4256,394,416,0,2,1
9227,4.3135,0.6762,394,414,0,2,1
9228,4.043,0.462,393,414,0,0,1
9229,4.2047,0.6688,392,413,0,1,1
9230,4.1973,0.6891,392,412,0,1,1
9231,4.1174,0.4453,391,412,0,0,1
9232,4.2538,0.6325,390,411,0,1,1
9233,4.1181,0.465,387,410,0,1,1
9234,4.1005,0.5589,387,407,0,3,1
9235,4.2032,0.5991,387,407,0,0,1
9236,4.4496,0.4146,387,407,0,0,1
9237,3.881,0.4678,385,407,0,0,1
9238,4.1781,0.5158,385,405,0,2,1
9239,4.1876,0.5335,384,405,0,0,1
9240,4.0939,0.4895,383,404,0,1,1
9241,4.1401,0.5613,383,403,0,1,1
9242,4.2484,0.7161,383,403,0,0,1
9243,4.1178,0.412,383,403,0,0,1
9244,4.2392,0.4217,382,403,0,0,1
9245,4.1487,0.477,381,402,0,1,1
9246,4.2344,0.6793,381,401,0,1,1
9247,4.1016,0.6368,380,401,0,0,1
9248,4.1033,0.4165,380,400,0,1,1
9249,4.2943,0.6351,380,400,0,0,1
9250,4.0337,0.475,371,400,0,0,1
9251,4.2145,0.4771,371,391,0,9,1
9252,4.1795,0.4857,371,391,0,0,1
9253,4.1264,0.4498,371,391,0,0,1
9254,4.1426,0.4226,370,391,0,0,1
9255,4.2083,0.5882,418,440,50,1,1
9256,4.1604,0.4596,418,438,0,2,1
9257,4.3655,0.5625,416,438,0,0,1
9258,4.2714,0.4255,415,436,0,2,1
9259,3.918,0.6578,414,435,0,1,1
9260,4.1064,0.4576,413,434,0,1,1
9261,4.4995,0.7003,411,433,0,1,1
9262,3.9232,0.5121,411,431,0,2,1
9263,4.4679,0.5308,409,431,0,0,1
9264,3.8233,0.6724,408,429,0,2,1
9265,4.0837,0.5057,408,428,0,1,1
9266,4.4904,0.4722,408,428,0,0,1
9267,3.9331,0.5041,408,428,0,0,1
9268,4.1405,0.4707,406,428,0,0,1
9269,4.097,0.6422,406,426,0,2,1
9270,4.1791,0.453,404,426,0,0,1
9271,4.2095,0.5142,404,424,0,2,1
9272,4.1462,0.436,404,424,0,0,1
9273,4.1484,0.4463,404,424,0,0,1
9274,4.2988,0.6826,403,424,0,0,1
9275,4.1137,0.6472,402,423,0,1,1
9276,4.1161,0.4753,400,422,0,1,1
9277,4.1197,0.4398,400,420,0,2,1
9278,4.1074,0.4118,400,420,0,0,1
9279,4.3323,0.434,400,420,0,0,1
9280,4.1776,0.6789,400,420,0,0,1
9281,4.1541,0.76,400,420,0,0,1
9282,4.1477,0.663,399,420,0,0,1
9283,4.1339,0.523,397,419,0,1,1
9284,4.1738,0.8333,397,417,0,2,1
9285,4.2282,1.2825,397,417,0,0,1
9286,4.1254,0.7807,396,417,0,0,1
9287,4.2065,0.5092,395,416,0,1,1
9288,4.1011,0.5801,394,415,0,1,1
9289,4.1498,0.5433,392,414,0,1,1
9290,4.2298,0.559,392,412,0,2,1
9291,4.3356,0.4485,392,412,0,0,1
9292,4.2256,0.4581,391,412,0,0,1
9293,3.9856,0.8245,389,411,0,1,1
9294,4.0682,0.8676,389,409,0,2,1
9295,4.192,0.5604,389,409,0,0,1
9296,4.154,0.4281,388,409,0,0,1
9297,4.2477,0.6484,388,408,0,1,1
9298,4.1315,0.4351,386,408,0,0,1
9299,4.3419,0.723,385,406,0,2,1
9300,3.9572,0.4959,385,405,0,1,1
9301,4.1343,0.4538,383,405,0,0,1
9302,4.4101,0.6333,381,403,0,2,1
9303,3.9935,0.5043,380,401,0,2,1
9304,4.1195,0.4329,380,400,0,1,1
9305,4.2208,0.6586,380,400,0,0,1
9306,4.307,0.5813,378,400,0,0,1
9307,3.9307,0.5102,377,398,0,2,1
9308,4.2057,0.4303,376,397,0,1,1
9309,4.1752,0.5471,375,396,0,1,1
9310,4.353,0.4345,375,395,0,1,1
9311,4.0807,0.4189,375,395,0,0,1
9312,4.1621,0.7839,374,395,0,0,1
9313,4.0175,0.4413,374,394,0,1,1
9314,4.1557,0.5095,374,394,0,0,1
9315,4.191,0.4403,373,394,0,0,1
9316,4.1447,0.4328,366,393,0,1,1
9317,4.1816,0.5093,366,386,0,7,1
9318,4.1941,0.5601,364,386,0,0,1
9319,4.1789,0.7822,363,384,0,2,1
9320,4.1731,0.5154,362,383,0,1,1
9321,4.1983,0.5603,362,382,0,1,1
9322,4.1849,0.7002,412,432,50,0,1
9323,4.2786,0.5215,411,432,0,0,1
9324,4.0773,0.7421,411,431,0,1,1
9325,4.0742,0.4424,411,431,0,0,1
9326,4.2437,0.5373,410,431,0,0,1
9327,4.0955,0.4496,408,430,0,1,1
9328,4.218,0.5125,408,428,0,2,1
9329,4.162,0.8054,408,428,0,0,1
9330,4.1145,0.4224,408,428,0,0,1
9331,4.2549,0.7632,407,428,0,0,1
9332,4.0521,0.4254,407,427,0,1,1
9333,4.2008,0.4766,405,427,0,0,1
9334,4.2043,0.527,405,425,0,2,1
9335,4.4185,0.5865,405,425,0,0,1
9336,3.8919,0.7642,405,425,0,0,1
9337,4.1537,0.4997,405,425,0,0,1
9338,4.4476,0.5174,405,425,0,0,1
9339,3.8859,0.6036,404,425,0,0,1
9340,4.3376,0.4846,403,424,0,1,1
9341,4.3245,0.4704,401,423,0,1,1
9342,3.8398,0.6653,401,421,0,2,1
9343,4.288,0.7317,401,421,0,0,1
9344,4.0533,0.5076,401,421,0,0,1
9345,4.2071,0.5046,401,421,0,0,1
9346,4.17,0.4914,401,421,0,0,1
9347,4.1709,0.6193,401,421,0,0,1
9348,4.0886,0.4329,401,421,0,0,1
9349,4.192,0.4118,399,421,0,0,1
9350,4.3855,0.63,399,419,0,2,1
9351,3.9621,0.4406,399,419,0,0,1
9352,4.1924,0.4855,397,419,0,0,1
9353,4.1836,0.5511,397,417,0,2,1
9354,4.1432,0.7433,396,417,0,0,1
9355,4.1083,0.7837,396,416,0,1,1
9356,4.2042,0.5041,396,416,0,0,1
9357,4.2141,0.5712,394,416,0,0,1
9358,4.1774,0.5545,393,414,0,2,1
9359,4.1136,0.4942,391,413,0,1,1
9360,4.1112,0.461,391,411,0,2,1
9361,4.1991,0.4831,391,411,0,0,1
9362,4.5226,0.5648,390,411,0,0,1
9363,3.8746,0.6228,389,410,0,1,1
9364,4.1182,0.49,388,409,0,1,1
9365,4.1846,0.5396,386,408,0,1,1
9366,4.3904,0.8487,384,406,0,2,1
9367,4.17,0.8241,383,404,0,2,1
9368,3.9218,0.5224,383,403,0,1,1
9369,4.1602,0.7685,382,403,0,0,1
9370,4.1687,0.4905,382,402,0,1,1
9371,4.3289,0.5804,382,402,0,0,1
9372,4.0132,0.4996,381,402,0,0,1
9373,4.1306,0.6837,381,401,0,1,1
9374,4.1807,0.478,381,401,0,0,1
9375,4.2294,0.653,380,401,0,0,1
9376,4.13,0.519,380,400,0,1,1
9377,4.1086,0.4667,378,400,0,0,1
9378,4.2617,0.5812,378,398,0,2,1
9379,4.1786,0.4601,377,398,0,0,1
9380,4.1035,0.4729,377,397,0,1,1
9381,4.3443,0.651,376,397,0,0,1
9382,4.019,0.4953,375,396,0,1,1
9383,4.2533,0.5242,374,395,0,1,1
9384,4.0107,0.4361,373,394,0,1,1
9385,4.1792,0.3899,365,393,0,1,1
9386,4.2628,0.6944,363,385,0,8,1
9387,4.1002,0.5927,363,383,0,2,1
9388,4.2846,0.3974,361,383,0,0,1
9389,4.0975,0.6924,410,431,50,2,1
9390,4.408,0.4586,410,430,0,1,1
9391,3.9294,0.7975,409,430,0,0,1
9392,4.0845,0.462,409,429,0,1,1
9393,4.1617,0.497,409,429,0,0,1
9394,4.2378,0.5523,408,429,0,0,1
9395,4.1768,0.5867,407,428,0,1,1
9396,4.1939,0.6507,407,427,0,1,1
9397,4.0962,0.585,407,427,0,0,1
9398,4.1885,0.5913,407,427,0,0,1
9399,4.2073,0.4989,407,427,0,0,1
9400,4.166,0.4739,407,427,0,0,1
9401,4.1742,0.5241,407,427,0,0,1
9402,4.1551,0.5137,406,427,0,0,1
9403,4.1605,0.5122,406,426,0,1,1
9404,4.1092,0.4616,405,426,0,0,1
9405,4.219,0.6172,405,425,0,1,1
9406,4.2173,0.7117,405,425,0,0,1
9407,4.1387,0.7226,404,425,0,0,1
9408,4.081,0.4381,404,424,0,1,1
9409,4.158,0.445,403,424,0,0,1
9410,4.2039,0.4515,402,423,0,1,1
9411,4.1848,0.4821,400,422,0,1,1
9412,4.1176,0.4274,400,420,0,2,1
9413,4.2449,0.4289,400,420,0,0,1
9414,4.1419,0.5281,400,420,0,0,1
9415,4.1806,0.5082,400,420,0,0,1
9416,4.1319,0.4411,400,420,0,0,1
9417,4.2108,0.4801,400,420,0,0,1
9418,4.1601,0.4429,400,420,0,0,1
9419,4.2496,0.6263,399,420,0,0,1
9420,4.0959,0.5257,399,419,0,1,1
9421,4.1128,0.4808,399,419,0,0,1
9422,4.2997,0.5996,399,419,0,0,1
9423,4.1208,0.4912,399,419,0,0,1
9424,4.0938,0.7119,399,419,0,0,1
9425,4.2664,0.6785,398,419,0,0,1
9426,4.0263,0.4915,397,418,0,1,1
9427,4.1884,0.4912,397,417,0,1,1
9428,4.1816,0.515,397,417,0,0,1
9429,4.4369,0.7383,394,417,0,0,1
9430,3.9503,0.5082,393,414,0,3,1
9431,4.4264,0.4931,391,413,0,1,1
9432,3.8437,0.4703,391,411,0,2,1
9433,4.1312,0.5547,390,411,0,0,1
9434,4.2452,0.5392,388,410,0,1,1
9435,4.1827,0.6347,387,408,0,2,1
9436,4.2513,0.7163,387,407,0,1,1
9437,4.023,0.5268,386,407,0,0,1
9438,4.2023,0.603,386,406,0,1,1
9439,4.4804,0.6962,384,406,0,0,1
9440,3.787,0.5342,383,404,0,2,1
9441,4.1702,0.5155,383,403,0,1,1
9442,4.2438,0.5351,383,403,0,0,1
9443,4.1149,0.5706,382,403,0,0,1
9444,4.293,0.7327,381,402,0,1,1
9445,4.0454,0.5153,381,401,0,1,1
9446,4.2499,0.5819,381,401,0,0,1
9447,4.0905,0.5381,380,401,0,0,1
9448,4.1993,0.553,380,400,0,1,1
9449,4.1349,0.4857,379,400,0,0,1
9450,4.3008,0.6777,379,399,0,1,1
9451,4.0299,0.5487,377,399,0,0,1
9452,4.1378,0.5086,369,397,0,2,1
9453,4.2119,0.5467,369,389,0,8,1
9454,4.1732,0.5121,368,389,0,0,1
9455,4.4674,0.4673,368,388,0,1,1
9456,3.8875,0.4417,367,388,0,0,1
9457,4.0898,0.6229,417,437,50,1,1
9458,4.2475,0.5876,415,437,0,0,1
9459,4.1167,0.8578,414,435,0,2,1
9460,4.1278,0.4826,414,434,0,1,1
9461,4.298,0.6898,413,434,0,0,1
9462,4.1729,0.6961,412,433,0,1,1
9463,4.0488,0.5492,412,432,0,1,1
9464,4.2321,0.4288,412,432,0,0,1
9465,4.172,0.5329,412,432,0,0,1
9466,4.1541,0.5456,412,432,0,0,1
9467,4.1272,0.5456,411,432,0,0,1
9468,4.203,0.6066,411,431,0,1,1
9469,4.1838,0.6855,411,431,0,0,1
9470,4.0866,0.7708,411,431,0,0,1
9471,4.249,0.4932,410,431,0,0,1
9472,4.1686,0.5173,409,430,0,1,1
9473,4.1559,0.4612,408,429,0,1,1
9474,4.1594,0.7406,408,428,0,1,1
9475,4.2082,0.8052,408,428,0,0,1
9476,4.0981,0.4732,408,428,0,0,1
9477,4.1717,0.6179,407,428,0,0,1
9478,4.2408,0.5572,407,427,0,1,1
9479,4.292,0.6292,406,427,0,0,1
9480,4.0002,0.4999,405,426,0,1,1
9481,4.2035,0.6478,404,425,0,1,1
9482,4.0628,0.4452,404,424,0,1,1
9483,4.195,0.539,404,424,0,0,1
9484,4.1637,0.4387,404,424,0,0,1
9485,4.192,0.5829,403,424,0,0,1
9486,4.109,0.6363,402,423,0,1,1
9487,4.2027,0.6043,402,422,0,1,1
9488,4.1335,0.4509,402,422,0,0,1
9489,4.2173,0.5237,401,422,0,0,1
9490,4.2046,0.498,400,421,0,1,1
9491,4.1823,0.57,397,420,0,1,1
9492,4.1069,0.5009,397,417,0,3,1
9493,4.1931,0.5255,395,417,0,0,1
9494,4.4748,0.5989,395,415,0,2,1
9495,3.8454,0.4322,395,415,0,0,1
9496,4.3483,0.5822,395,415,0,0,1
9497,3.9769,0.4231,394,415,0,0,1
9498,4.216,0.4748,394,414,0,1,1
9499,4.312,0.5253,392,414,0,0,1
9500,3.9642,0.4093,392,412,0,2,1
9501,4.2258,0.5083,392,412,0,0,1
9502,4.1579,0.6457,392,412,0,0,1
9503,4.0918,0.578,389,412,0,0,1
9504,4.1476,0.6598,389,409,0,3,1
9505,4.1932,0.5624,389,409,0,0,1
9506,4.2435,0.4239,388,409,0,0,1
9507,4.1427,0.4844,388,408,0,1,1
9508,4.1416,0.4121,388,408,0,0,1
9509,4.4889,0.6689,387,408,0,0,1
9510,4.12,0.4184,386,407,0,1,1
9511,4.0779,0.4133,385,406,0,1,1
9512,3.9708,0.4427,385,405,0,1,1
9513,4.3358,0.7205,385,405,0,0,1
9514,4.1047,0.676,383,405,0,0,1
9515,4.5548,0.7273,383,403,0,2,1
9516,4.0853,0.6425,382,403,0,0,1
9517,3.7692,0.6533,381,402,0,1,1
9518,4.1875,0.6621,373,401,0,1,1
9519,4.099,0.4904,373,393,0,8,1
9520,4.4725,0.5469,373,393,0,0,1
9521,4.3367,0.4555,373,393,0,0,1
9522,4.1185,0.6531,373,393,0,0,1
9523,3.8428,0.4922,373,393,0,0,1
9524,4.0979,0.5481,421,443,50,0,1
9525,4.3124,0.6838,421,441,0,2,1
9526,4.1348,0.7845,418,441,0,0,1
9527,4.0884,0.5647,418,438,0,3,1
9528,4.5163,0.5466,416,438,0,0,1
9529,3.7715,0.4909,416,436,0,2,1
9530,4.1666,0.4914,412,436,0,0,1
9531,4.1671,0.5445,411,432,0,4,1
9532,4.214,0.8304,411,431,0,1,1
9533,4.4767,0.6518,411,431,0,0,1
9534,3.8701,0.6196,411,431,0,0,1
9535,4.5192,0.7393,411,431,0,0,1
9536,3.7687,0.4498,410,431,0,0,1
9537,4.113,0.4394,410,430,0,1,1
9538,4.3896,0.4531,410,430,0,0,1
9539,4.2974,0.7106,410,430,0,0,1
9540,4.2756,0.5386,410,430,0,0,1
9541,3.7605,0.4395,410,430,0,0,1
9542,4.4361,0.6856,409,430,0,0,1
9543,3.9546,0.7369,408,429,0,1,1
9544,4.2887,0.6984,407,428,0,1,1
9545,4.3783,0.6943,407,427,0,1,1
9546,3.8113,0.727,405,427,0,0,1
9547,4.5973,0.5484,404,425,0,2,1
9548,3.693,0.4931,404,424,0,1,1
9549,4.4498,0.4578,404,424,0,0,1
9550,3.9002,0.4636,404,424,0,0,1
9551,4.526,0.7218,404,424,0,0,1
9552,3.8665,0.6852,404,424,0,0,1
9553,4.0322,0.4003,404,424,0,0,1
9554,4.1509,0.3936,404,424,0,0,1
9555,4.1608,0.4982,404,424,0,0,1
9556,4.1498,0.373,404,424,0,0,1
9557,4.2023,0.5113,404,424,0,0,1
9558,4.2506,0.5533,403,424,0,0,1
9559,4.0974,0.5117,402,423,0,1,1
9560,4.1492,0.3742,399,422,0,1,1
9561,4.1389,0.3817,399,419,0,3,1
9562,4.325,0.4098,399,419,0,0,1
9563,4.2115,0.6699,399,419,0,0,1
9564,4.064,0.3768,399,419,0,0,1
9565,4.1433,0.5399,398,419,0,0,1
9566,4.4597,0.4372,395,418,0,1,1
9567,3.8824,0.4492,395,415,0,3,1
9568,4.4103,0.6028,395,415,0,0,1
9569,3.9789,0.6451,394,415,0,0,1
9570,4.0848,0.4073,394,414,0,1,1
9571,4.232,0.6617,393,414,0,0,1
9572,4.1588,0.5139,393,413,0,1,1
9573,4.2192,0.4893,391,413,0,0,1
9574,4.1471,0.4473,390,411,0,2,1
9575,4.3734,0.3875,389,410,0,1,1
9576,4.0197,0.7251,389,409,0,1,1
9577,4.0333,0.7462,389,409,0,0,1
9578,4.2224,0.7038,388,409,0,0,1
9579,4.1828,0.5833,387,408,0,1,1
9580,4.115,0.5003,386,407,0,1,1
9581,4.1503,0.4538,384,406,0,1,1
9582,4.1836,0.4267,383,404,0,2,1
9583,4.5167,0.5566,383,403,0,1,1
9584,3.8182,0.4273,382,403,0,0,1
9585,4.1182,0.4258,382,402,0,1,1
9586,4.2655,0.8302,373,402,0,0,1
9587,4.1202,0.4918,373,393,0,9,1
9588,4.2098,0.634,373,393,0,0,1
9589,4.1297,0.4527,373,393,0,0,1
9590,4.1365,0.4239,372,393,0,0,1
9591,4.1947,0.5401,422,442,50,1,1
9592,4.1948,0.6201,422,442,0,0,1
9593,4.1138,0.6142,422,442,0,0,1
9594,4.1741,0.4354,421,442,0,0,1
9595,4.2659,0.8367,421,441,0,1,1
9596,4.0968,0.4498,421,441,0,0,1
9597,4.1768,0.4898,421,441,0,0,1
9598,4.2086,0.5309,420,441,0,0,1
9599,4.3157,0.5483,419,440,0,1,1
9600,3.9235,0.6956,419,439,0,1,1
9601,4.1976,0.4648,418,439,0,0,1
9602,4.2231,0.6295,418,438,0,1,1
9603,4.1686,0.5193,418,438,0,0,1
9604,4.0993,0.45,417,438,0,0,1
9605,4.2775,0.4994,417,437,0,1,1
9606,4.1477,0.4416,416,437,0,0,1
9607,4.1666,0.7898,415,436,0,1,1
9608,4.1006,0.4405,415,435,0,1,1
9609,4.1866,0.4928,415,435,0,0,1
9610,4.1623,0.5015,413,435,0,0,1
9611,4.2606,0.5813,412,433,0,2,1
9612,4.0593,0.5868,412,432,0,1,1
9613,4.2064,0.7381,411,432,0,0,1
9614,4.126,0.5621,410,431,0,1,1
9615,4.1597,0.6624,410,430,0,1,1
9616,4.1435,0.4633,410,430,0,0,1
9617,4.2297,0.5195,410,430,0,0,1
9618,4.1673,0.642,409,430,0,0,1
9619,4.5029,0.6632,408,429,0,1,1
9620,3.7861,0.4563,407,428,0,1,1
9621,4.1804,0.6312,407,427,0,1,1
9622,4.2109,0.4942,407,427,0,0,1
9623,4.0858,0.4876,407,427,0,0,1
9624,4.2549,0.5139,407,427,0,0,1
9625,4.127,0.7023,406,427,0,0,1
9626,4.2588,0.6971,404,426,0,1,1
9627,4.0535,0.4227,403,424,0,2,1
9628,4.2773,0.6478,403,423,0,1,1
9629,4.0782,0.4684,403,423,0,0,1
9630,4.1338,0.4493,403,423,0,0,1
9631,4.2349,0.4743,403,423,0,0,1
9632,4.0849,0.4348,402,423,0,0,1
9633,4.2015,0.5379,401,422,0,1,1
9634,4.2104,0.7385,401,421,0,1,1
9635,4.0891,0.6253,401,421,0,0,1
9636,4.2298,0.5603,399,421,0,0,1
9637,4.1395,0.7502,398,419,0,2,1
9638,4.198,0.5026,397,418,0,1,1
9639,4.3524,0.5216,394,417,0,1,1
9640,3.9826,0.5897,394,414,0,3,1
9641,4.1092,0.5059,394,414,0,0,1
9642,4.316,0.5109,394,414,0,0,1
9643,4.052,0.4679,392,414,0,0,1
9644,4.1168,0.4484,392,412,0,2,1
9645,4.5679,0.6199,392,412,0,0,1
9646,3.7952,0.4455,391,412,0,0,1
9647,4.1369,0.4401,391,411,0,1,1
9648,4.305,0.6418,389,411,0,0,1
9649,4.0599,0.4773,389,409,0,2,1
9650,4.2142,0.6249,387,409,0,0,1
9651,4.117,0.4889,386,407,0,2,1
9652,4.1499,0.4406,386,406,0,1,1
9653,4.252,0.6773,378,406,0,0,1
9654,4.1558,0.518,378,398,0,8,1
9655,4.1262,0.6001,377,398,0,0,1
9656,4.1412,0.4902,377,397,0,1,1
9657,4.2328,0.5149,376,397,0,0,1
9658,4.1355,0.6578,426,446,50,1,1
9659,4.133,0.461,426,446,0,0,1
9660,4.1755,0.539,425,446,0,0,1
9661,4.1743,0.4474,424,445,0,1,1
9662,4.137,0.576,424,444,0,1,1
9663,4.2316,0.5362,422,444,0,0,1
9664,4.2944,0.6922,422,442,0,2,1
9665,4.0689,0.7629,422,442,0,0,1
9666,4.3838,0.7116,422,442,0,0,1
9667,3.8774,0.5797,421,442,0,0,1
9668,4.1486,0.5056,420,441,0,1,1
9669,4.2118,0.7679,420,440,0,1,1
9670,4.1421,0.7319,420,440,0,0,1
9671,4.1995,0.4711,419,440,0,0,1
9672,4.1935,0.5561,419,439,0,1,1
9673,4.1085,0.47,419,439,0,0,1
9674,4.2152,0.4663,419,439,0,0,1
9675,4.1774,0.7403,419,439,0,0,1
9676,4.0552,0.422,416,439,0,0,1
9677,4.2458,0.4876,416,436,0,3,1
9678,4.4321,0.5337,415,436,0,0,1
9679,4.2888,0.5218,415,435,0,1,1
9680,3.7346,0.4554,414,435,0,0,1
9681,4.2116,0.571,412,434,0,1,1
9682,4.1458,0.5306,412,432,0,2,1
9683,4.1681,0.498,412,432,0,0,1
9684,4.2196,0.5184,411,432,0,0,1
9685,4.1182,0.4535,411,431,0,1,1
9686,4.1619,0.4902,411,431,0,0,1
9687,4.1704,0.4686,410,431,0,0,1
9688,4.1978,0.6396,410,430,0,1,1
9689,4.1816,0.7054,409,430,0,0,1
9690,4.1898,0.4949,407,429,0,1,1
9691,4.08,0.5142,406,427,0,2,1
9692,4.1778,0.4316,406,426,0,1,1
9693,4.2081,0.732,405,426,0,0,1
9694,4.1549,0.4808,405,425,0,1,1
9695,4.1801,0.5568,404,425,0,0,1
9696,4.1661,0.568,402,424,0,1,1
9697,4.1762,0.7304,402,422,0,2,1
9698,4.1035,0.658,401,422,0,0,1
9699,4.1839,0.5833,400,421,0,1,1
9700,4.1176,0.5399,400,420,0,1,1
9701,4.2037,0.5037,400,420,0,0,1
9702,4.4311,0.6112,400,420,0,0,1
9703,3.9397,0.608,396,420,0,0,1
9704,4.1237,0.8813,395,416,0,4,1
9705,4.2168,0.8724,394,415,0,1,1
9706,4.1904,0.4639,392,414,0,1,1
9707,4.0967,0.6179,392,412,0,2,1
9708,4.2161,0.6103,392,412,0,0,1
9709,4.1145,0.457,392,412,0,0,1
9710,4.223,0.6775,392,412,0,0,1
9711,4.1312,0.4317,390,412,0,0,1
9712,4.1375,0.5918,390,410,0,2,1
9713,4.1954,0.4274,389,410,0,0,1
9714,4.2632,0.6735,389,409,0,1,1
9715,4.0681,0.4987,389,409,0,0,1
9716,4.2196,0.422,388,409,0,0,1
9717,4.1688,0.4937,386,408,0,1,1
9718,4.1401,0.502,386,406,0,2,1
9719,4.0935,0.5483,386,406,0,0,1
9720,4.2128,0.8853,385,406,0,0,1
9721,4.2194,0.5149,377,405,0,1,1
9722,4.4494,0.6297,377,397,0,8,1
9723,3.9083,0.6389,376,397,0,0,1
9724,4.058,0.4162,375,396,0,1,1
9725,4.2373,0.7227,424,445,50,1,1
9726,4.1638,0.4398,424,444,0,1,1
9727,4.2646,0.7428,424,444,0,0,1
9728,4.0308,0.5189,423,444,0,0,1
9729,4.1905,0.6161,423,443,0,1,1
9730,4.1463,0.5353,423,443,0,0,1
9731,4.259,0.6152,422,443,0,0,1
9732,4.1216,0.6042,419,442,0,1,1
9733,4.1758,0.6509,418,439,0,3,1
9734,4.0992,0.4901,417,438,0,1,1
9735,4.2058,0.4535,417,437,0,1,1
9736,4.174,0.5331,417,437,0,0,1
9737,4.1865,0.8715,417,437,0,0,1
9738,4.3084,0.5394,417,437,0,0,1
9739,4.0415,0.8559,416,437,0,0,1
9740,4.1499,0.7773,416,436,0,1,1
9741,4.1279,0.5399,415,436,0,0,1
9742,4.182,0.5316,414,435,0,1,1
9743,4.1297,0.5584,414,434,0,1,1
9744,4.1893,0.5032,413,434,0,0,1
9745,4.1626,0.4517,412,433,0,1,1
9746,4.6037,0.6128,412,432,0,1,1
9747,3.7233,0.443,412,432,0,0,1
9748,4.153,0.613,411,432,0,0,1
9749,4.2413,0.5036,411,431,0,1,1
9750,4.0835,0.482,409,431,0,0,1
9751,4.1804,0.7187,409,429,0,2,1
9752,4.1476,0.4689,409,429,0,0,1
9753,4.2067,0.5518,409,429,0,0,1
9754,4.198,0.5242,407,429,0,0,1
9755,4.1251,0.4741,405,427,0,2,1
9756,4.1373,0.4621,405,425,0,2,1
9757,4.2268,0.847,404,425,0,0,1
9758,4.2148,0.7127,403,424,0,1,1
9759,4.1269,0.5455,403,423,0,1,1
9760,4.1501,0.5339,403,423,0,0,1
9761,4.2412,0.503,402,423,0,0,1
9762,4.1404,0.4966,401,422,0,1,1
9763,4.1144,0.4894,401,421,0,1,1
9764,4.1593,0.4234,400,421,0,0,1
9765,4.1389,0.436,400,420,0,1,1
9766,4.1913,0.4934,397,420,0,0,1
9767,4.1494,0.5342,396,417,0,3,1
9768,4.2323,0.5178,395,416,0,1,1
9769,4.1224,0.5706,393,415,0,1,1
9770,4.1886,0.7045,393,413,0,2,1
9771,4.1835,0.4874,392,413,0,0,1
9772,4.1585,0.5537,391,412,0,1,1
9773,4.1913,0.5977,390,411,0,1,1
9774,4.1106,0.5359,390,410,0,1,1
9775,4.1309,0.5942,390,410,0,0,1
9776,4.261,0.4855,388,410,0,0,1
9777,4.2665,0.803,388,408,0,2,1
9778,4.0111,0.4828,387,408,0,0,1
9779,4.1603,0.5234,387,407,0,1,1
9780,4.1853,0.483,386,407,0,0,1
9781,4.1673,0.4928,386,406,0,1,1
9782,4.1402,0.7286,385,406,0,0,1
9783,4.2001,0.6217,384,405,0,1,1
9784,4.3558,0.6501,383,404,0,1,1
9785,4.1702,0.5333,383,403,0,1,1
9786,3.9504,0.4852,382,403,0,0,1
9787,4.0943,0.4624,375,402,0,1,1
9788,4.2702,0.5239,374,395,0,7,1
9789,4.1929,0.7544,374,394,0,1,1
9790,4.0876,0.4858,373,394,0,0,1
9791,4.5971,0.493,372,393,0,1,1
9792,3.7547,0.4885,370,392,0,1,1
9793,4.1815,0.6825,420,440,50,2,1
9794,4.1544,0.5271,420,440,0,0,1
9795,4.1974,0.6024,420,440,0,0,1
9796,4.5106,0.446,420,440,0,0,1
9797,3.8424,0.7161,420,440,0,0,1
9798,4.4121,0.6822,420,440,0,0,1
9799,3.8779,0.4647,419,440,0,0,1
9800,4.155,0.4714,418,439,0,1,1
9801,4.1891,0.4705,418,438,0,1,1
9802,4.2482,0.7781,417,438,0,0,1
9803,4.1458,0.6066,417,437,0,1,1
9804,4.128,0.7426,417,437,0,0,1
9805,4.1265,0.515,416,437,0,0,1
9806,4.2035,0.4873,415,436,0,1,1
9807,4.2099,0.6513,414,435,0,1,1
9808,4.1423,0.6245,413,434,0,1,1
9809,4.1231,0.5241,412,433,0,1,1
9810,4.1697,0.4474,412,432,0,1,1
9811,4.1282,0.4913,411,432,0,0,1
9812,4.1782,0.4169,410,431,0,1,1
9813,4.1622,0.5341,410,430,0,1,1
9814,4.1657,0.4353,407,430,0,0,1
9815,4.5477,0.4929,407,427,0,3,1
9816,3.8366,0.5034,407,427,0,0,1
9817,4.1566,0.6091,407,427,0,0,1
9818,4.142,0.4688,407,427,0,0,1
9819,4.1979,0.5711,407,427,0,0,1
9820,4.1467,0.7569,406,427,0,0,1
9821,4.1976,0.4781,406,426,0,1,1
9822,4.2531,0.5091,405,426,0,0,1
9823,4.081,0.5854,405,425,0,1,1
9824,4.0939,0.4494,404,425,0,0,1
9825,4.236,0.4676,404,424,0,1,1
9826,4.1715,0.4751,404,424,0,0,1
9827,4.2579,0.4192,404,424,0,0,1
9828,4.0642,0.4984,404,424,0,0,1
9829,4.1586,0.458,403,424,0,0,1
9830,4.1718,0.473,403,423,0,1,1
9831,4.1615,0.772,403,423,0,0,1
9832,4.1874,0.4364,402,423,0,0,1
9833,4.1432,0.4441,401,422,0,1,1
9834,4.2424,0.6928,401,421,0,1,1
9835,4.1385,0.5215,400,421,0,0,1
9836,4.1508,0.4859,399,420,0,1,1
9837,4.1693,0.5407,398,419,0,1,1
9838,4.174,0.7909,397,418,0,1,1
9839,4.1083,0.531,397,417,0,1,1
9840,4.274,0.7168,395,417,0,0,1
9841,4.0618,0.5637,392,415,0,2,1
9842,4.2301,0.5984,390,412,0,3,1
9843,4.1203,0.6776,390,410,0,2,1
9844,4.1173,0.5077,389,410,0,0,1
9845,4.1794,0.4734,389,409,0,1,1
9846,4.3041,0.6501,389,409,0,0,1
9847,4.0972,0.4964,389,409,0,0,1
9848,4.1412,0.4333,388,409,0,0,1
9849,4.1119,0.4384,385,408,0,1,1
9850,4.2142,0.4785,385,405,0,3,1
9851,4.1768,0.4337,384,405,0,0,1
9852,4.1371,0.611,384,404,0,1,1
9853,4.1963,0.6855,384,404,0,0,1
9854,4.1608,0.5079,375,404,0,0,1
9855,4.1784,0.6029,375,395,0,9,1
9856,4.1943,0.6112,375,395,0,0,1
9857,4.1346,0.4876,374,395,0,0,1
9858,4.2285,0.4303,373,394,0,1,1
9859,4.1567,0.6113,373,393,0,1,1
9860,4.1152,0.5563,422,443,50,0,1
9861,4.2693,0.6406,421,442,0,1,1
9862,4.0597,0.4972,421,441,0,1,1
9863,4.1426,0.5421,419,441,0,0,1
9864,4.2831,0.8706,419,439,0,2,1
9865,4.1759,0.718,418,439,0,0,1
9866,4.1013,0.5406,418,438,0,1,1
9867,4.2068,0.6372,418,438,0,0,1
9868,4.0677,0.4988,416,438,0,0,1
9869,4.1814,0.5486,416,436,0,2,1
9870,4.2346,0.4597,416,436,0,0,1
9871,4.4572,0.6406,415,436,0,0,1
9872,3.7997,0.4472,415,435,0,1,1
9873,4.2598,0.5213,414,435,0,0,1
9874,4.0815,0.4406,413,434,0,1,1
9875,4.1791,0.4524,413,433,0,1,1
9876,4.1751,0.5227,412,433,0,0,1
9877,4.1914,0.7142,411,432,0,1,1
9878,4.2524,0.6601,411,431,0,1,1
9879,4.073,0.4327,410,431,0,0,1
9880,4.1698,0.5358,410,430,0,1,1
9881,4.4407,0.5116,410,430,0,0,1
9882,3.8606,0.4855,409,430,0,0,1
9883,4.17,0.7949,409,429,0,1,1
9884,4.1339,0.4842,409,429,0,0,1
9885,4.2599,0.5341,409,429,0,0,1
9886,4.1563,0.5078,409,429,0,0,1
9887,4.1011,0.4573,409,429,0,0,1
9888,4.2176,0.7286,409,429,0,0,1
9889,4.1274,0.5376,408,429,0,0,1
9890,4.5165,0.6039,407,428,0,1,1
9891,3.8536,0.6149,406,427,0,1,1
9892,4.1529,0.4365,406,426,0,1,1
9893,4.1695,0.5154,405,426,0,0,1
9894,4.2019,0.4589,405,425,0,1,1
9895,4.1666,0.6514,405,425,0,0,1
9896,4.1238,0.4249,405,425,0,0,1
9897,4.2569,0.7841,404,425,0,0,1
9898,4.1241,0.5267,402,424,0,1,1
9899,4.1,0.4559,402,422,0,2,1
9900,4.2239,0.5059,402,422,0,0,1
9901,4.1172,0.6651,400,422,0,0,1
9902,4.346,0.4887,400,420,0,2,1
9903,3.9917,0.5075,398,420,0,0,1
9904,4.1907,0.7543,398,418,0,2,1
9905,4.1626,0.5701,397,418,0,0,1
9906,4.2729,0.6008,395,417,0,1,1
9907,4.1275,0.5383,395,415,0,2,1
9908,4.081,0.51,395,415,0,0,1
9909,4.2685,0.6778,395,415,0,0,1
9910,4.115,0.4972,394,415,0,0,1
9911,4.1192,0.4407,394,414,0,1,1
9912,4.2146,0.5047,392,414,0,0,1
9913,4.0787,0.4879,390,412,0,2,1
9914,4.2118,0.5133,389,410,0,2,1
9915,4.217,0.4556,388,409,0,1,1
9916,4.0409,0.453,387,408,0,1,1
9917,4.2403,0.7713,386,407,0,1,1
9918,4.3271,0.5597,386,406,0,1,1
9919,4.0347,0.4565,386,406,0,0,1
9920,4.1083,0.4342,385,406,0,0,1
9921,4.4527,0.6475,378,405,0,1,1
9922,3.9511,0.445,378,398,0,7,1
9923,4.1244,0.5003,378,398,0,0,1
9924,4.2048,0.5673,377,398,0,0,1
9925,4.1303,0.5177,376,397,0,1,1
9926,4.2538,0.5234,373,396,0,1,1
9927,4.1871,0.7721,423,443,50,3,1
9928,4.1465,0.6856,423,443,0,0,1
9929,4.108,0.5891,423,443,0,0,1
9930,4.2014,0.5028,423,443,0,0,1
9931,4.0852,0.5809,423,443,0,0,1
9932,4.1496,0.5069,423,443,0,0,1
9933,4.2656,0.4505,422,443,0,0,1
9934,4.1659,0.7174,421,442,0,1,1
9935,4.0515,0.5442,420,441,0,1,1
9936,4.2718,0.596,419,440,0,1,1
9937,4.1029,0.5263,419,439,0,1,1
9938,4.1609,0.4712,418,439,0,0,1
9939,4.1836,0.5593,417,438,0,1,1
9940,4.1331,0.6795,417,437,0,1,1
9941,4.3543,0.6997,417,437,0,0,1
9942,3.9927,0.4249,417,437,0,0,1
9943,4.5648,0.5213,417,437,0,0,1
9944,3.8348,0.4806,417,437,0,0,1
9945,4.3705,0.447,417,437,0,0,1
9946,4.0761,0.4343,416,437,0,0,1
9947,4.0632,0.7707,415,436,0,1,1
9948,4.1053,0.4535,415,435,0,1,1
9949,4.1795,0.5093,415,435,0,0,1
9950,4.4938,0.7263,413,435,0,0,1
9951,3.8538,0.5207,412,433,0,2,1
9952,4.1451,0.5129,412,432,0,1,1
9953,4.2717,0.8045,410,432,0,0,1
9954,4.1209,0.6712,410,430,0,2,1
9955,4.5227,0.5315,410,430,0,0,1
9956,3.7582,0.4405,410,430,0,0,1
9957,4.1819,0.4519,407,430,0,0,1
9958,4.1877,0.455,407,427,0,3,1
9959,4.162,0.6737,407,427,0,0,1
9960,4.5201,0.6442,407,427,0,0,1
9961,3.8357,0.6838,406,427,0,0,1
9962,4.4691,0.647,406,426,0,1,1
9963,3.8439,0.4284,405,426,0,0,1
9964,4.0703,0.5307,405,425,0,1,1
9965,4.2431,0.6986,404,425,0,0,1
9966,4.2644,0.4231,404,424,0,1,1
9967,4.4399,0.571,404,424,0,0,1
9968,3.7589,0.4119,401,424,0,0,1
9969,4.5188,0.704,401,421,0,3,1
9970,4.0866,0.4645,401,421,0,0,1
9971,4.129,0.4498,400,421,0,0,1
9972,3.9887,0.7763,398,420,0,1,1
9973,4.1875,0.7737,396,418,0,2,1
9974,4.1271,0.4662,396,416,0,2,1
9975,4.1723,0.5882,396,416,0,0,1
9976,4.487,0.7454,396,416,0,0,1
9977,4.0227,0.4588,396,416,0,0,1
9978,3.9711,0.4996,395,416,0,0,1
9979,4.4992,0.7478,395,415,0,1,1
9980,3.8501,0.4985,395,415,0,0,1
9981,4.5501,0.6954,395,415,0,0,1
9982,4.034,0.7567,395,415,0,0,1
9983,3.854,0.4892,393,415,0,0,1
9984,4.4052,0.6669,392,413,0,2,1
9985,4.0199,0.8307,392,412,0,1,1
9986,4.2416,0.697,392,412,0,0,1
9987,3.9937,0.4797,392,412,0,0,1
9988,4.4788,0.5162,384,412,0,0,1
9989,3.9712,0.6476,383,404,0,8,1
9990,4.2585,0.4842,383,403,0,1,1
9991,3.9345,0.6275,382,403,0,0,1
9992,4.1002,0.3881,381,402,0,1,1
9993,4.4878,0.5021,381,401,0,1,1
9994,3.9052,0.6158,431,451,50,0,1
9995,4.1314,0.5119,431,451,0,0,1
9996,4.1486,0.5856,430,451,0,0,1
9997,4.288,0.6808,430,450,0,1,1
9998,4.1093,0.6135,429,450,0,0,1
9999,4.1325,0.4738,429,449,0,1,1
10000,4.4641,0.4997,429,449,0,0,1
10001,4.1018,0.5735,427,449,0,0,1
10002,4.192,0.6524,424,447,0,2,1
10003,4.032,0.3915,421,444,0,3,1
10004,4.0696,0.4775,420,441,0,3,1
10005,4.3715,0.5711,420,440,0,1,1
10006,3.9351,0.3551,419,440,0,0,1
10007,4.1544,0.3479,419,439,0,1,1
10008,4.2091,0.5413,418,439,0,0,1
10009,4.1005,0.4561,418,438,0,1,1
10010,4.4131,0.6154,417,438,0,0,1
10011,3.9538,0.4113,417,437,0,1,1
10012,4.1776,0.6246,417,437,0,0,1
10013,4.1838,0.8108,417,437,0,0,1
10014,4.1741,0.4706,417,437,0,0,1
10015,4.356,0.6323,415,437,0,0,1
10016,3.9784,0.3989,413,435,0,2,1
10017,4.4172,0.5813,413,433,0,2,1
10018,4.123,0.4838,412,433,0,0,1
10019,3.9421,0.4276,410,432,0,1,1
10020,4.4174,0.4993,409,430,0,2,1
10021,3.9014,0.3459,408,429,0,1,1
10022,4.3161,0.5953,406,428,0,1,1
10023,4.0453,0.4093,406,426,0,2,1
10024,4.4314,0.5277,405,426,0,0,1
10025,4.1312,0.5377,402,425,0,1,1
10026,3.9297,0.4078,402,422,0,3,1
10027,4.4643,0.6273,401,422,0,0,1
10028,3.8501,0.4123,401,421,0,1,1
10029,4.2704,0.5334,399,421,0,0,1
10030,4.1603,0.5436,399,419,0,2,1
10031,4.1077,0.4131,399,419,0,0,1
10032,4.2267,0.4903,399,419,0,0,1
10033,4.0633,0.3544,399,419,0,0,1
10034,4.373,0.3778,399,419,0,0,1
10035,4.1524,0.3582,398,419,0,0,1
10036,3.9772,0.5156,398,418,0,1,1
10037,4.3164,0.4991,397,418,0,0,1
10038,4.0343,0.3472,397,417,0,1,1
10039,4.3078,0.4557,396,417,0,0,1
10040,4.0077,0.3433,395,416,0,1,1
10041,4.2317,0.5001,395,415,0,1,1
10042,4.2893,0.5743,394,415,0,0,1
10043,4.1585,0.5007,394,414,0,1,1
10044,4.1709,0.5237,393,414,0,0,1
10045,4.0187,0.3762,392,413,0,1,1
10046,4.2656,0.5832,392,412,0,1,1
10047,4.2524,0.4392,392,412,0,0,1
10048,4.1041,0.5493,392,412,0,0,1
10049,4.2111,0.6799,391,412,0,0,1
10050,4.0481,0.6035,391,411,0,1,1
10051,4.2608,0.5058,391,411,0,0,1
10052,3.9944,0.3957,391,411,0,0,1
10053,4.1968,0.5942,390,411,0,0,1
10054,4.2732,0.625,390,410,0,1,1
10055,4.3093,0.669,390,410,0,0,1
10056,3.8784,0.4036,382,410,0,0,1
10057,4.1982,0.4306,382,402,0,8,1
10058,4.2333,0.5272,378,402,0,0,1
10059,4.1243,0.5155,378,398,0,4,1
10060,4.1864,0.5868,378,398,0,0,1
10061,4.1916,0.7265,428,448,50,0,1
10062,4.1345,0.5511,428,448,0,0,1
10063,4.3229,0.5042,428,448,0,0,1
10064,3.9786,0.3586,428,448,0,0,1
10065,4.3151,0.5755,427,448,0,0,1
10066,4.1755,0.6449,427,447,0,1,1
10067,4.1494,0.5356,427,447,0,0,1
10068,4.2048,0.6212,427,447,0,0,1
10069,3.9987,0.4203,427,447,0,0,1
10070,4.3053,0.5488,426,447,0,0,1
10071,4.0192,0.4809,424,446,0,1,1
10072,4.3315,0.5029,423,444,0,2,1
10073,4.162,0.5869,423,443,0,1,1
10074,4.1637,0.503,421,443,0,0,1
10075,4.1373,0.5234,420,441,0,2,1
10076,4.0493,0.347,420,440,0,1,1
10077,4.2874,0.4586,420,440,0,0,1
10078,4.1888,0.4083,419,440,0,0,1
10079,3.9997,0.3789,417,439,0,1,1
10080,4.2256,0.5056,415,437,0,2,1
10081,4.3508,0.5229,413,435,0,2,1
10082,4.0873,0.5716,412,433,0,2,1
10083,4.0418,0.5003,412,432,0,1,1
10084,4.3184,0.454,411,432,0,0,1
10085,4.119,0.5235,410,431,0,1,1
10086,4.1052,0.3778,410,430,0,1,1
10087,4.3102,0.5115,409,430,0,0,1
10088,3.9402,0.3632,407,429,0,1,1
10089,4.2989,0.4747,406,427,0,2,1
10090,4.1473,0.4526,406,426,0,1,1
10091,4.2003,0.6631,405,426,0,0,1
10092,4.1773,0.4874,405,425,0,1,1
10093,4.0369,0.3691,405,425,0,0,1
10094,4.1823,0.3571,405,425,0,0,1
10095,4.1541,0.3423,404,425,0,0,1
10096,4.1973,0.5531,403,424,0,1,1
10097,4.1601,0.3891,401,423,0,1,1
10098,4.1222,0.3797,401,421,0,2,1
10099,4.2284,0.6436,400,421,0,0,1
10100,4.1193,0.3752,398,420,0,1,1
10101,4.439,0.5341,397,418,0,2,1
10102,4.0588,0.4939,397,417,0,1,1
10103,3.9952,0.5064,395,417,0,0,1
10104,4.2871,0.6555,393,415,0,2,1
10105,4.2497,0.7117,393,413,0,2,1
10106,4.087,0.5251,392,413,0,0,1
10107,4.0408,0.4049,392,412,0,1,1
10108,4.1462,0.3902,391,412,0,0,1
10109,4.1856,0.4847,391,411,0,1,1
10110,4.3995,0.3956,390,411,0,0,1
10111,4.0851,0.5548,390,410,0,1,1
10112,4.0262,0.4112,389,410,0,0,1
10113,4.3397,0.5851,389,409,0,1,1
10114,4.1722,0.537,389,409,0,0,1
10115,4.1684,0.5356,387,409,0,0,1
10116,4.0501,0.8759,387,407,0,2,1
10117,4.1298,0.408,387,407,0,0,1
10118,4.1437,0.4097,386,407,0,0,1
10119,4.2235,0.4176,386,406,0,1,1
10120,4.4091,0.5107,386,406,0,0,1
10121,4.0461,0.4795,384,406,0,0,1
10122,4.1471,0.5931,383,404,0,2,1
10123,4.174,0.5909,376,403,0,1,1
10124,4.0135,0.4156,375,396,0,7,1
10125,4.3371,0.6284,373,395,0,1,1
10126,4.1437,0.5709,372,393,0,2,1
10127,4.0197,0.4381,370,392,0,1,1
10128,4.2836,0.5903,370,390,0,2,1
10129,4.0835,0.7957,419,440,50,0,1
10130,4.3538,0.5373,419,439,0,1,1
10131,4.103,0.539,418,439,0,0,1
10132,4.1727,0.4873,417,438,0,1,1
10133,4.1252,0.5318,417,437,0,1,1
10134,4.1974,0.4136,416,437,0,0,1
10135,4.2051,0.6458,413,436,0,1,1
10136,4.039,0.3967,412,433,0,3,1
10137,4.2174,0.4949,410,432,0,1,1
10138,4.4059,0.4319,410,430,0,2,1
10139,3.9192,0.4778,409,430,0,0,1
10140,4.1821,0.4893,408,429,0,1,1
10141,4.1221,0.7635,407,428,0,1,1
10142,4.2795,0.6901,407,427,0,1,1
10143,4.1184,0.9251,407,427,0,0,1
10144,4.1497,0.5015,406,427,0,0,1
10145,4.1535,0.6677,406,426,0,1,1
10146,4.2214,0.4607,404,426,0,0,1
10147,4.1746,0.6264,404,424,0,2,1
10148,4.0687,0.4201,403,424,0,0,1
10149,4.2068,0.5419,401,423,0,1,1
10150,4.2291,0.5005,399,421,0,2,1
10151,4.1283,0.6019,399,419,0,2,1
10152,4.1873,0.4964,399,419,0,0,1
10153,4.1132,0.6703,398,419,0,0,1
10154,4.1693,0.7028,397,418,0,1,1
10155,4.2178,0.5088,397,417,0,1,1
10156,4.1553,0.478,397,417,0,0,1
10157,4.1661,0.5323,397,417,0,0,1
10158,4.1578,0.5415,397,417,0,0,1
10159,4.1339,0.5486,396,417,0,0,1
10160,4.1311,0.4417,396,416,0,1,1
10161,4.3231,0.6862,396,416,0,0,1
10162,4.0867,0.57,396,416,0,0,1
10163,4.1373,0.5168,394,416,0,0,1
10164,4.1989,0.5511,394,414,0,2,1
10165,4.1199,0.652,394,414,0,0,1
10166,4.3203,0.6936,393,414,0,0,1
10167,4.0861,0.7782,392,413,0,1,1
10168,4.1301,0.6469,392,412,0,1,1
10169,4.1366,0.4759,389,412,0,0,1
10170,4.2132,0.6275,389,409,0,3,1
10171,4.2439,0.6046,389,409,0,0,1
10172,4.0342,0.4339,388,409,0,0,1
10173,4.2772,0.7745,385,408,0,1,1
10174,4.1303,0.5152,381,405,0,3,1
10175,4.1177,0.6786,381,401,0,4,1
10176,4.1886,0.6278,381,401,0,0,1
10177,4.1227,0.4576,381,401,0,0,1
10178,4.4005,0.6374,381,401,0,0,1
10179,4.132,0.4778,379,401,0,0,1
10180,4.0019,0.5209,378,399,0,2,1
10181,4.1807,0.5305,376,398,0,1,1
10182,4.2447,0.743,374,396,0,2,1
10183,4.0929,0.4687,374,394,0,2,1
10184,4.1032,0.5121,374,394,0,0,1
10185,4.195,0.603,374,394,0,0,1
10186,4.1312,0.4693,374,394,0,0,1
10187,4.2009,0.5385,373,394,0,0,1
10188,4.1713,0.5556,373,393,0,1,1
10189,4.1591,0.5313,373,393,0,0,1
10190,4.1391,0.5265,366,393,0,0,1
10191,4.2165,0.7155,365,386,0,7,1
10192,4.1404,0.6861,365,385,0,1,1
10193,4.1956,0.6417,364,385,0,0,1
10194,4.4184,0.7872,364,384,0,1,1
10195,3.9977,0.6356,364,384,0,0,1
10196,4.035,0.6433,413,434,50,0,1
10197,4.2209,0.5904,412,433,0,1,1
10198,4.2274,0.4917,411,432,0,1,1
10199,4.0914,0.5019,411,431,0,1,1
10200,4.1187,0.5172,410,431,0,0,1
10201,4.1928,0.4558,409,430,0,1,1
10202,4.5101,0.6466,409,429,0,1,1
10203,3.8658,0.517,409,429,0,0,1
10204,4.1341,0.668,409,429,0,0,1
10205,4.2539,0.7281,408,429,0,0,1
10206,4.0675,0.4404,408,428,0,1,1
10207,4.164,0.6519,407,428,0,0,1
10208,4.1596,0.4646,407,427,0,1,1
10209,4.4487,0.5439,406,427,0,0,1
10210,3.9706,0.4934,406,426,0,1,1
10211,4.2848,0.7871,406,426,0,0,1
10212,4.0439,0.7862,406,426,0,0,1
10213,4.1122,0.461,404,426,0,0,1
10214,4.1789,0.4993,404,424,0,2,1
10215,4.174,0.4706,404,424,0,0,1
10216,4.2556,0.6186,402,424,0,0,1
10217,4.1292,0.7483,402,422,0,2,1
10218,4.0849,0.4441,402,422,0,0,1
10219,4.397,0.435,402,422,0,0,1
10220,3.9201,0.4222,400,422,0,0,1
10221,4.2403,0.4849,399,420,0,2,1
10222,4.1624,0.4312,399,419,0,1,1
10223,4.1296,0.7339,399,419,0,0,1
10224,4.1491,0.6352,399,419,0,0,1
10225,4.4497,0.6095,398,419,0,0,1
10226,3.9335,0.4702,398,418,0,1,1
10227,4.1733,0.4593,397,418,0,0,1
10228,4.0977,0.6224,396,417,0,1,1
10229,4.144,0.4552,393,416,0,1,1
10230,4.3344,0.7424,392,413,0,3,1
10231,4.1434,0.5284,392,412,0,1,1
10232,4.0678,0.4963,392,412,0,0,1
10233,4.2199,0.526,391,412,0,0,1
10234,4.1834,0.5256,391,411,0,1,1
10235,4.0868,0.7406,390,411,0,0,1
10236,4.2713,0.7053,389,410,0,1,1
10237,4.1168,0.7636,389,409,0,1,1
10238,4.0944,0.532,389,409,0,0,1
10239,4.2118,0.5304,388,409,0,0,1
10240,4.1729,0.4878,388,408,0,1,1
10241,4.1735,0.7195,386,408,0,0,1
10242,4.2051,0.6516,384,406,0,2,1
10243,4.1436,0.5656,383,404,0,2,1
10244,4.1234,0.4785,383,403,0,1,1
10245,4.1961,0.5228,383,403,0,0,1
10246,4.201,0.5176,383,403,0,0,1
10247,4.118,0.7499,383,403,0,0,1
10248,4.1437,0.4885,381,403,0,0,1
10249,4.3525,0.6634,380,401,0,2,1
10250,4.1071,0.5378,379,400,0,1,1
10251,4.0629,0.4605,379,399,0,1,1
10252,4.1813,0.4735,377,399,0,0,1
10253,4.1607,0.6075,376,397,0,2,1
10254,4.2039,0.4617,376,396,0,1,1
10255,4.2328,0.7022,376,396,0,0,1
10256,4.0556,0.4424,376,396,0,0,1
10257,4.1903,0.4608,368,396,0,0,1
10258,4.1988,0.4689,368,388,0,8,1
10259,4.1073,0.3966,367,388,0,0,1
10260,4.2105,0.4234,367,387,0,1,1
10261,4.2133,0.6598,367,387,0,0,1
10262,4.1185,0.4943,366,387,0,0,1
10263,4.1592,0.553,415,436,50,1,1
10264,4.1609,0.4985,413,435,0,1,1
10265,4.1156,0.5369,413,433,0,2,1
10266,4.2225,0.6983,413,433,0,0,1
10267,4.1198,0.7377,411,433,0,0,1
10268,4.1462,0.4433,410,431,0,2,1
10269,4.3239,0.579,408,430,0,1,1
10270,4.1242,0.5496,407,428,0,2,1
10271,4.2326,0.5467,407,427,0,1,1
10272,4.054,0.5952,407,427,0,0,1
10273,4.1831,0.4695,407,427,0,0,1
10274,4.3606,0.674,407,427,0,0,1
10275,3.9671,0.5686,406,427,0,0,1
10276,4.1646,0.5353,406,426,0,1,1
10277,4.1957,0.5119,406,426,0,0,1
10278,4.1638,0.4785,406,426,0,0,1
10279,4.0771,0.6093,405,426,0,0,1
10280,4.1559,0.4399,405,425,0,1,1
10281,4.6173,0.5841,405,425,0,0,1
10282,3.7959,0.6504,405,425,0,0,1
10283,4.1387,0.5922,405,425,0,0,1
10284,4.1763,0.5396,403,425,0,0,1
10285,4.1525,0.662,403,423,0,2,1
10286,4.375,0.6689,402,423,0,0,1
10287,3.9557,0.5393,402,422,0,1,1
10288,4.1367,0.4162,401,422,0,0,1
10289,4.1523,0.4416,401,421,0,1,1
10290,4.1461,0.4361,401,421,0,0,1
10291,4.1428,0.4506,400,421,0,0,1
10292,4.1825,0.4592,399,420,0,1,1
10293,4.4694,0.6517,399,419,0,1,1
10294,3.9831,0.707,399,419,0,0,1
10295,4.0578,0.6654,399,419,0,0,1
10296,4.5796,0.5684,399,419,0,0,1
10297,3.8182,0.4798,399,419,0,0,1
10298,4.4649,0.7374,398,419,0,0,1
10299,3.9688,0.5123,397,418,0,1,1
10300,4.2734,0.6923,396,417,0,1,1
10301,4.2987,0.7657,395,416,0,1,1
10302,3.8724,0.6277,395,415,0,1,1
10303,4.4102,0.5014,394,415,0,0,1
10304,3.808,0.4949,394,414,0,1,1
10305,4.1662,0.6618,393,414,0,0,1
10306,4.3543,0.7472,391,413,0,1,1
10307,4.0066,0.4816,391,411,0,2,1
10308,4.3654,0.63,389,411,0,0,1
10309,3.9075,0.4249,388,409,0,2,1
10310,4.4607,0.4176,387,408,0,1,1
10311,3.8884,0.417,386,407,0,1,1
10312,4.2207,0.721,386,406,0,1,1
10313,4.0431,0.5658,385,406,0,0,1
10314,4.2173,0.4288,383,405,0,1,1
10315,4.3637,0.4813,382,403,0,2,1
10316,3.964,0.4157,382,402,0,1,1
10317,4.3258,0.4233,382,402,0,0,1
10318,4.0198,0.4253,381,402,0,0,1
10319,4.522,0.5845,381,401,0,1,1
10320,3.766,0.5632,380,401,0,0,1
10321,4.1906,0.4692,380,400,0,1,1
10322,4.4613,0.5909,380,400,0,0,1
10323,3.8711,0.5029,380,400,0,0,1
10324,4.3453,0.5412,372,400,0,0,1
10325,4.1179,0.432,371,392,0,8,1
10326,4.2216,0.5951,370,391,0,1,1
10327,4.1306,0.5133,368,390,0,1,1
10328,4.0381,0.4202,368,388,0,2,1
10329,4.1517,0.4448,368,388,0,0,1
10330,4.3455,0.5366,416,438,50,0,1
10331,4.0229,0.4518,416,436,0,2,1
10332,4.2341,0.643,416,436,0,0,1
10333,4.1252,0.5095,415,436,0,0,1
10334,4.2278,0.5044,415,435,0,1,1
10335,4.0841,0.3951,414,435,0,0,1
10336,4.1466,0.3703,411,434,0,1,1
10337,4.3182,0.5674,411,431,0,3,1
10338,3.9851,0.3456,410,431,0,0,1
10339,4.2891,0.4905,409,430,0,1,1
10340,4.076,0.3351,409,429,0,1,1
10341,4.2984,0.4377,408,429,0,0,1
10342,4.1951,0.4073,408,428,0,1,1
10343,3.9991,0.541,407,428,0,0,1
10344,4.3198,0.5742,407,427,0,1,1
10345,4.1832,0.5542,406,427,0,0,1
10346,4.2994,0.5624,405,426,0,1,1
10347,3.8868,0.4684,404,425,0,1,1
10348,4.1355,0.4993,404,424,0,1,1
10349,4.3052,0.6841,404,424,0,0,1
10350,4.1321,0.556,404,424,0,0,1
10351,4.101,0.3528,404,424,0,0,1
10352,4.2,0.3542,404,424,0,0,1
10353,4.1773,0.5071,404,424,0,0,1
10354,4.2292,0.4261,404,424,0,0,1
10355,4.0515,0.3519,402,424,0,0,1
10356,4.1966,0.3793,401,422,0,2,1
10357,4.2735,0.5033,401,421,0,1,1
10358,4.1425,0.4723,401,421,0,0,1
10359,4.0758,0.3944,401,421,0,0,1
10360,4.2645,0.4553,400,421,0,0,1
10361,4.2133,0.3732,400,420,0,1,1
10362,4.1282,0.3746,400,420,0,0,1
10363,4.1491,0.481,400,420,0,0,1
10364,4.0501,0.3515,400,420,0,0,1
10365,4.283,0.4696,400,420,0,0,1
10366,4.0982,0.4261,400,420,0,0,1
10367,4.2802,0.6128,399,420,0,0,1
10368,4.0761,0.7164,399,419,0,1,1
10369,4.2088,0.5626,399,419,0,0,1
10370,4.2234,0.5713,399,419,0,0,1
10371,4.074,0.5058,397,419,0,0,1
10372,4.2093,0.5393,397,417,0,2,1
10373,4.1731,0.4894,396,417,0,0,1
10374,4.2462,0.9001,395,416,0,1,1
10375,4.1076,0.5249,395,415,0,1,1
10376,4.0885,0.428,395,415,0,0,1
10377,4.6648,0.4736,393,415,0,0,1
10378,3.9989,0.42,390,413,0,2,1
10379,3.8746,0.4135,390,410,0,3,1
10380,4.1887,0.6135,390,410,0,0,1
10381,4.1151,0.4559,388,410,0,0,1
10382,4.137,0.4784,386,408,0,2,1
10383,4.2372,0.4309,386,406,0,2,1
10384,4.1402,0.4492,386,406,0,0,1
10385,4.2301,0.4677,385,406,0,0,1
10386,4.161,0.6171,383,405,0,1,1
10387,4.2067,0.7193,379,403,0,2,1
10388,4.0842,0.4284,378,399,0,4,1
10389,4.2229,0.5476,376,398,0,1,1
10390,4.1462,0.5099,376,396,0,2,1
10391,4.1277,0.6348,376,396,0,0,1
10392,4.177,0.8236,369,396,0,0,1
10393,4.2419,0.6876,368,389,0,7,1
10394,4.1327,0.5964,368,388,0,1,1
10395,4.2005,0.6328,368,388,0,0,1
10396,4.0688,0.5309,368,388,0,0,1
10397,4.2076,0.6642,418,438,50,0,1
10398,4.3586,0.4695,418,438,0,0,1
10399,3.9723,0.6865,417,438,0,0,1
10400,4.1451,0.4489,417,437,0,1,1
10401,4.1784,0.7131,416,437,0,0,1
10402,4.1835,0.5003,415,436,0,1,1
10403,4.2055,0.532,414,435,0,1,1
10404,4.1466,0.5518,413,434,0,1,1
10405,4.1322,0.7722,413,433,0,1,1
10406,4.2372,0.4717,413,433,0,0,1
10407,4.1926,0.4819,412,433,0,0,1
10408,4.0973,0.5214,412,432,0,1,1
10409,4.3797,0.7583,412,432,0,0,1
10410,4.1595,0.6979,412,432,0,0,1
10411,3.938,0.7473,412,432,0,0,1
10412,4.1551,0.4663,412,432,0,0,1
10413,4.2775,0.5117,410,432,0,0,1
10414,4.1223,0.5127,410,430,0,2,1
10415,4.1449,0.5993,410,430,0,0,1
10416,4.1538,0.4692,409,430,0,0,1
10417,4.1096,0.5671,406,429,0,1,1
10418,4.5461,0.6993,406,426,0,3,1
10419,3.8929,0.5135,405,426,0,0,1
10420,4.0739,0.4731,404,425,0,1,1
10421,4.2243,0.499,404,424,0,1,1
10422,4.2095,0.4706,404,424,0,0,1
10423,4.1395,0.4613,404,424,0,0,1
10424,4.1091,0.4447,404,424,0,0,1
10425,4.5129,0.5707,404,424,0,0,1
10426,3.8785,0.6259,404,424,0,0,1
10427,4.1112,0.4805,401,424,0,0,1
10428,4.1901,0.5918,399,421,0,3,1
10429,4.1509,0.6406,399,419,0,2,1
10430,4.2173,0.7315,399,419,0,0,1
10431,4.1304,0.5579,399,419,0,0,1
10432,4.1536,0.5667,399,419,0,0,1
10433,4.1703,0.7434,396,419,0,0,1
10434,4.4409,0.6713,396,416,0,3,1
10435,3.9298,0.4737,396,416,0,0,1
10436,4.1395,0.4283,396,416,0,0,1
10437,4.2233,0.6779,396,416,0,0,1
10438,4.125,0.4649,395,416,0,0,1
10439,4.4071,0.5413,394,415,0,1,1
10440,3.9316,0.5252,394,414,0,1,1
10441,4.1036,0.4602,394,414,0,0,1
10442,4.2228,0.4863,392,414,0,0,1
10443,4.547,0.5046,392,412,0,2,1
10444,4.0973,0.6262,391,412,0,0,1
10445,3.8484,0.5449,391,411,0,1,1
10446,4.1026,0.4528,391,411,0,0,1
10447,4.2496,0.4904,391,411,0,0,1
10448,4.5323,0.438,391,411,0,0,1
10449,3.7267,0.6139,391,411,0,0,1
10450,4.2087,0.426,391,411,0,0,1
10451,4.2229,0.5166,391,411,0,0,1
10452,4.1015,0.4302,390,411,0,0,1
10453,4.1436,0.4754,389,410,0,1,1
10454,4.1975,0.4847,387,409,0,1,1
10455,4.1864,0.4611,386,407,0,2,1
10456,4.1431,0.4582,386,406,0,1,1
10457,4.1878,0.4288,385,406,0,0,1
10458,4.403,0.4906,384,405,0,1,1
10459,3.9363,0.4792,376,404,0,1,1
10460,4.137,0.4349,375,396,0,8,1
10461,4.1905,0.5055,375,395,0,1,1
10462,4.1774,0.4328,375,395,0,0,1
10463,4.2659,0.5755,375,395,0,0,1
10464,4.0457,0.5259,375,395,0,0,1
10465,4.1564,0.591,425,445,50,0,1
10466,4.2283,0.4984,425,445,0,0,1
10467,4.1746,0.658,423,445,0,0,1
10468,4.1465,0.6367,423,443,0,2,1
10469,4.2716,0.7884,423,443,0,0,1
10470,4.2624,0.6506,422,443,0,0,1
10471,3.9722,0.4924,421,442,0,1,1
10472,4.0931,0.4532,420,441,0,1,1
10473,4.2655,0.688,420,440,0,1,1
10474,4.158,0.491,420,440,0,0,1
10475,4.2331,0.7339,420,440,0,0,1
10476,4.2193,0.6531,420,440,0,0,1
10477,4.0276,0.6757,420,440,0,0,1
10478,4.1133,0.4493,420,440,0,0,1
10479,4.2108,0.4298,420,440,0,0,1
10480,4.1516,0.5299,419,440,0,0,1
10481,4.2235,0.7348,419,439,0,1,1
10482,4.2816,0.6258,419,439,0,0,1
10483,4.0246,0.6906,417,439,0,0,1
10484,4.0883,0.418,417,437,0,2,1
10485,4.2085,0.4893,417,437,0,0,1
10486,4.3809,0.4557,417,437,0,0,1
10487,3.9291,0.667,415,437,0,0,1
10488,4.3668,0.6446,415,435,0,2,1
10489,3.9485,0.5089,415,435,0,0,1
10490,4.2225,0.566,415,435,0,0,1
10491,4.1869,0.5099,414,435,0,0,1
10492,4.1608,0.6508,414,434,0,1,1
10493,4.1098,0.4729,413,434,0,0,1
10494,4.1517,0.4542,412,433,0,1,1
10495,4.1821,0.499,412,432,0,1,1
10496,4.5826,0.4503,412,432,0,0,1
10497,3.8133,0.5083,412,432,0,0,1
10498,4.1835,0.4543,411,432,0,0,1
10499,4.0799,0.5094,410,431,0,1,1
10500,4.2529,0.8469,409,430,0,1,1
10501,4.4835,0.4959,409,429,0,1,1
10502,3.8379,0.4777,408,429,0,0,1
10503,4.1533,0.4358,406,428,0,1,1
10504,4.1383,0.4358,405,426,0,2,1
10505,4.1819,0.4683,404,425,0,1,1
10506,4.1366,0.6783,403,424,0,1,1
10507,4.3395,0.7056,401,423,0,1,1
10508,4.0145,0.4752,399,421,0,2,1
10509,4.1756,0.5667,398,419,0,2,1
10510,4.1705,0.4881,397,418,0,1,1
10511,4.1379,0.5311,397,417,0,1,1
10512,4.2345,0.7278,397,417,0,0,1
10513,4.2183,0.7355,396,417,0,0,1
10514,4.0972,0.6026,395,416,0,1,1
10515,4.1617,0.5298,395,415,0,1,1
10516,4.2234,0.6619,393,415,0,0,1
10517,4.1187,0.752,393,413,0,2,1
10518,4.1313,0.4526,393,413,0,0,1
10519,4.1495,0.4325,392,413,0,0,1
10520,4.531,0.454,392,412,0,1,1
10521,3.8129,0.5308,390,412,0,0,1
10522,4.1888,0.4918,389,410,0,2,1
10523,4.2232,0.605,389,409,0,1,1
10524,4.2544,0.6174,388,409,0,0,1
10525,3.9933,0.6315,388,408,0,1,1
10526,4.3008,0.5143,380,408,0,0,1
10527,4.0316,0.4313,379,400,0,8,1
10528,4.1685,0.5554,379,399,0,1,1
10529,4.1235,0.6507,379,399,0,0,1
10530,4.2563,0.5369,378,399,0,0,1
10531,4.1481,0.7359,377,398,0,1,1
10532,4.1107,0.5606,427,447,50,1,1
10533,4.2626,0.5606,426,447,0,0,1
10534,4.0928,0.4882,426,446,0,1,1
10535,4.2073,0.5002,426,446,0,0,1
10536,4.3677,0.6119,426,446,0,0,1
10537,3.9814,0.7816,424,446,0,0,1
10538,4.2406,0.7098,424,444,0,2,1
10539,4.1075,0.5317,424,444,0,0,1
10540,4.1634,0.5744,423,444,0,0,1
10541,4.1464,0.7641,421,443,0,1,1
10542,4.1076,0.4582,421,441,0,2,1
10543,4.2226,0.4522,420,441,0,0,1
10544,4.4089,0.4432,417,440,0,1,1
10545,3.8879,0.4594,417,437,0,3,1
10546,4.2054,0.505,417,437,0,0,1
10547,4.1933,0.4718,416,437,0,0,1
10548,4.1475,0.4704,416,436,0,1,1
10549,4.4069,0.4468,414,436,0,0,1
10550,3.9009,0.6707,414,434,0,2,1
10551,4.2132,0.4767,414,434,0,0,1
10552,4.1128,0.5466,412,434,0,0,1
10553,4.4482,0.676,411,432,0,2,1
10554,4.1672,0.4862,410,431,0,1,1
10555,3.8978,0.4833,409,430,0,1,1
10556,4.1919,0.4414,409,429,0,1,1
10557,4.1871,0.685,409,429,0,0,1
10558,4.1938,0.6293,408,429,0,0,1
10559,4.1301,0.4975,407,428,0,1,1
10560,4.1146,0.4349,406,427,0,1,1
10561,4.13,0.4393,405,426,0,1,1
10562,4.1741,0.5997,404,425,0,1,1
10563,4.2124,0.4503,404,424,0,1,1
10564,4.248,0.49,404,424,0,0,1
10565,4.0718,0.4923,404,424,0,0,1
10566,4.1828,0.4778,404,424,0,0,1
10567,4.2339,0.4919,404,424,0,0,1
10568,4.4604,0.7331,402,424,0,0,1
10569,3.7709,0.7449,402,422,0,2,1
10570,4.1887,0.4487,401,422,0,0,1
10571,4.2482,0.5618,400,421,0,1,1
10572,4.3616,0.5276,399,420,0,1,1
10573,4.2857,0.5731,399,419,0,1,1
10574,4.0266,0.6011,399,419,0,0,1
10575,3.9104,0.5319,399,419,0,0,1
10576,4.3309,0.6239,399,419,0,0,1
10577,4.0203,0.517,399,419,0,0,1
10578,4.4491,0.4424,399,419,0,0,1
10579,3.8917,0.4656,398,419,0,0,1
10580,4.1423,0.4524,397,418,0,1,1
10581,4.4092,0.6706,394,417,0,1,1
10582,3.9307,0.446,394,414,0,3,1
10583,4.2508,0.4777,394,414,0,0,1
10584,4.471,0.4739,393,414,0,0,1
10585,3.8106,0.5185,392,413,0,1,1
10586,4.1955,0.4685,391,412,0,1,1
10587,4.1538,0.5514,390,411,0,1,1
10588,4.1694,0.7814,390,410,0,1,1
10589,4.1806,0.4969,390,410,0,0,1
10590,4.3861,0.5586,390,410,0,0,1
10591,3.9219,0.4695,388,410,0,0,1
10592,4.41,0.4617,387,408,0,2,1
10593,3.8941,0.5966,379,407,0,1,1
10594,4.2813,0.4357,379,399,0,8,1
10595,4.3196,0.4388,379,399,0,0,1
10596,3.9217,0.4794,376,399,0,0,1
10597,4.322,0.4464,375,396,0,3,1
10598,3.9863,0.4506,374,395,0,1,1
10599,4.1509,0.5293,424,444,50,1,1
10600,4.185,0.5801,423,444,0,0,1
10601,4.2854,0.5119,421,443,0,1,1
10602,4.0107,0.4204,420,441,0,2,1
10603,4.2255,0.6136,420,440,0,1,1
10604,4.1076,0.448,420,440,0,0,1
10605,4.1502,0.5326,419,440,0,0,1
10606,4.2375,0.5231,419,439,0,1,1
10607,4.2159,0.7403,419,439,0,0,1
10608,4.0791,0.5257,419,439,0,0,1
10609,4.1743,0.5014,419,439,0,0,1
10610,4.1503,0.8599,419,439,0,0,1
10611,4.2224,0.4357,419,439,0,0,1
10612,4.2029,0.4576,418,439,0,0,1
10613,4.1518,0.4587,418,438,0,1,1
10614,4.3882,0.6555,417,438,0,0,1
10615,3.8984,0.5158,417,437,0,1,1
10616,4.605,0.5196,417,437,0,0,1
10617,3.7461,0.7579,417,437,0,0,1
10618,4.1728,0.5007,416,437,0,0,1
10619,4.1579,0.6913,416,436,0,1,1
10620,4.2811,0.65,416,436,0,0,1
10621,4.2583,0.458,416,436,0,0,1
10622,4.3481,0.6283,416,436,0,0,1
10623,3.7553,0.5127,416,436,0,0,1
10624,4.2216,0.5349,415,436,0,0,1
10625,4.137,0.4487,415,435,0,1,1
10626,4.2484,0.6729,415,435,0,0,1
10627,4.1562,0.5272,415,435,0,0,1
10628,4.12,0.5439,415,435,0,0,1
10629,4.4354,0.8109,413,435,0,0,1
10630,3.9261,0.6352,412,433,0,2,1
10631,4.0899,0.4555,411,432,0,1,1
10632,4.1949,0.6358,410,431,0,1,1
10633,4.1633,0.8061,410,430,0,1,1
10634,4.4613,0.6251,410,430,0,0,1
10635,3.8294,0.4445,410,430,0,0,1
10636,4.2412,0.474,410,430,0,0,1
10637,4.1584,0.4626,410,430,0,0,1
10638,4.1688,0.8442,410,430,0,0,1
10639,4.2684,0.7022,410,430,0,0,1
10640,4.4519,0.5106,406,430,0,0,1
10641,3.754,0.5594,406,426,0,4,1
10642,4.2208,0.5278,405,426,0,0,1
10643,4.1414,0.5206,401,425,0,1,1
10644,4.1056,0.6477,401,421,0,4,1
10645,4.2668,0.5337,400,421,0,0,1
10646,4.0737,0.5017,399,420,0,1,1
10647,4.1775,0.4361,397,419,0,1,1
10648,4.1547,0.5049,395,417,0,2,1
10649,4.174,0.4884,395,415,0,2,1
10650,4.3897,0.6133,394,415,0,0,1
10651,3.9198,0.7971,394,414,0,1,1
10652,4.1936,0.4601,391,414,0,0,1
10653,4.1941,0.5149,391,411,0,3,1
10654,4.2066,0.5086,391,411,0,0,1
10655,4.3774,0.4301,391,411,0,0,1
10656,3.9336,0.6168,390,411,0,0,1
10657,4.106,0.4445,388,410,0,1,1
10658,4.1743,0.4661,388,408,0,2,1
10659,4.2371,0.4154,388,408,0,0,1
10660,4.1436,0.4641,378,408,0,0,1
10661,4.2146,0.4768,378,398,0,10,1
10662,4.1554,0.5169,376,398,0,0,1
10663,4.1523,0.4094,376,396,0,2,1
10664,4.2878,0.4658,376,396,0,0,1
10665,4.0419,0.4882,376,396,0,0,1
10666,4.0997,0.9164,425,446,50,0,1
10667,4.251,0.5046,425,445,0,1,1
10668,4.1437,0.5597,425,445,0,0,1
10669,4.1734,0.4887,424,445,0,0,1
10670,4.4645,0.746,423,444,0,1,1
10671,3.8788,0.5541,423,443,0,1,1
10672,4.0567,0.4538,423,443,0,0,1
10673,4.176,0.4953,422,443,0,0,1
10674,4.2348,0.4992,421,442,0,1,1
10675,4.4069,0.4435,421,441,0,1,1
10676,3.9129,0.4425,420,441,0,0,1
10677,4.3419,0.6753,419,440,0,1,1
10678,3.9907,0.4933,418,439,0,1,1
10679,4.2114,0.4979,416,438,0,1,1
10680,4.1519,0.5103,415,436,0,2,1
10681,4.0978,0.561,415,435,0,1,1
10682,4.2529,0.4965,415,435,0,0,1
10683,4.1125,0.585,415,435,0,0,1
10684,4.4952,0.5889,415,435,0,0,1
10685,3.8606,0.6522,415,435,0,0,1
10686,4.1776,0.5662,415,435,0,0,1
10687,4.1252,0.4492,415,435,0,0,1
10688,4.1791,0.4941,415,435,0,0,1
10689,4.3206,0.74,412,435,0,0,1
10690,3.9553,0.4821,412,432,0,3,1
10691,4.6695,0.4517,412,432,0,0,1
10692,3.7293,0.4316,411,432,0,0,1
10693,4.865,0.4324,411,431,0,1,1
10694,3.4592,0.7011,411,431,0,0,1
10695,4.1918,0.4686,411,431,0,0,1
10696,4.1057,0.4377,409,431,0,0,1
10697,4.3743,0.5258,407,429,0,2,1
10698,4.3076,0.5763,407,427,0,2,1
10699,3.8294,0.5229,406,427,0,0,1
10700,4.1642,0.5076,406,426,0,1,1
10701,4.1559,0.6582,405,426,0,0,1
10702,4.2369,0.4717,405,425,0,1,1
10703,4.4787,0.5249,403,425,0,0,1
10704,3.8327,0.4339,403,423,0,2,1
10705,4.1698,0.4483,403,423,0,0,1
10706,4.1765,0.4164,400,423,0,0,1
10707,4.1977,0.4282,399,420,0,3,1
10708,4.1238,0.434,398,419,0,1,1
10709,4.1601,0.5053,396,418,0,1,1
10710,4.1802,0.4279,396,416,0,2,1
10711,4.1634,0.5675,395,416,0,0,1
10712,4.1129,0.4254,394,415,0,1,1
10713,4.2397,0.4655,394,414,0,1,1
10714,4.166,0.4392,393,414,0,0,1
10715,4.446,0.6427,392,413,0,1,1
10716,3.8479,0.5898,392,412,0,1,1
10717,4.9656,0.4208,391,412,0,0,1
10718,3.3488,0.4133,391,411,0,1,1
10719,4.2414,0.4191,391,411,0,0,1
10720,4.1762,0.6616,390,411,0,0,1
10721,4.1645,0.6573,389,410,0,1,1
10722,4.0888,0.5811,387,409,0,1,1
10723,4.1853,0.4062,386,407,0,2,1
10724,4.1681,0.3813,386,406,0,1,1
10725,4.0877,0.3684,383,406,0,0,1
10726,4.1719,0.3571,381,403,0,3,1
10727,4.2324,0.5471,380,401,0,2,1
10728,4.4004,0.3466,373,400,0,1,1
10729,3.8624,0.3435,373,393,0,7,1
10730,4.1481,0.3386,372,393,0,0,1
10731,4.1781,0.3362,372,392,0,1,1
10732,4.1672,0.4274,372,392,0,0,1
10733,4.1604,0.7266,422,442,50,0,1
10734,4.4168,0.6421,422,442,0,0,1
10735,4.0904,0.5624,420,442,0,0,1
10736,4.0141,0.351,419,440,0,2,1
10737,4.4047,0.5255,417,439,0,1,1
10738,4.0366,0.5153,417,437,0,2,1
10739,4.1975,0.7598,417,437,0,0,1
10740,4.1673,0.5554,416,437,0,0,1
10741,4.0009,0.4245,416,436,0,1,1
10742,4.2961,0.5348,414,436,0,0,1
10743,4.2963,0.3633,414,434,0,2,1
10744,4.1512,0.3509,414,434,0,0,1
10745,4.0489,0.3983,414,434,0,0,1
10746,4.2424,0.658,414,434,0,0,1
10747,4.1104,0.5038,414,434,0,0,1
10748,4.0109,0.3437,414,434,0,0,1
10749,4.3194,0.4809,414,434,0,0,1
10750,4.0371,0.5573,412,434,0,0,1
10751,4.3889,0.3516,412,432,0,2,1
10752,4.1082,0.5774,412,432,0,0,1
10753,4.0012,0.3775,412,432,0,0,1
10754,4.3458,0.5767,412,432,0,0,1
10755,4.001,0.4457,412,432,0,0,1
10756,4.2719,0.5101,411,432,0,0,1
10757,4.1781,0.4779,411,431,0,1,1
10758,4.1018,0.384,411,431,0,0,1
10759,4.1786,0.5247,411,431,0,0,1
10760,4.1595,0.3919,409,431,0,0,1
10761,4.4102,0.4864,408,429,0,2,1
10762,4.0312,0.4603,408,428,0,1,1
10763,4.3069,0.3925,408,428,0,0,1
10764,3.9893,0.5159,407,428,0,0,1
10765,4.0189,0.372,405,427,0,1,1
10766,4.3301,0.4863,405,425,0,2,1
10767,4.1087,0.362,404,425,0,0,1
10768,4.1992,0.5001,403,424,0,1,1
10769,4.1061,0.6125,402,423,0,1,1
10770,4.1392,0.402,402,422,0,1,1
10771,4.2976,0.66,402,422,0,0,1
10772,4.0434,0.3678,402,422,0,0,1
10773,4.1658,0.39,401,422,0,0,1
10774,4.2577,0.4684,400,421,0,1,1
10775,4.2158,0.4886,400,420,0,1,1
10776,4.0799,0.5508,400,420,0,0,1
10777,4.1567,0.6453,399,420,0,0,1
10778,4.3103,0.5904,397,419,0,1,1
10779,4.067,0.4305,397,417,0,2,1
10780,4.0898,0.732,397,417,0,0,1
10781,4.2946,0.577,395,417,0,0,1
10782,4.0419,0.6064,393,415,0,2,1
10783,4.2849,0.6705,392,413,0,2,1
10784,4.1352,0.494,389,412,0,1,1
10785,4.1953,0.5181,389,409,0,3,1
10786,4.1609,0.5631,388,409,0,0,1
10787,4.1843,0.5425,387,408,0,1,1
10788,4.0651,0.4889,386,407,0,1,1
10789,4.1776,0.4781,384,406,0,1,1
10790,4.3292,0.744,384,404,0,2,1
10791,4.0445,0.5245,382,404,0,0,1
10792,4.5651,0.5096,382,402,0,2,1
10793,3.792,0.5283,381,402,0,0,1
10794,4.2224,0.7275,380,401,0,1,1
10795,4.1739,0.7428,373,400,0,1,1
10796,4.0692,0.4294,373,393,0,7,1
10797,4.1656,0.4559,370,393,0,0,1
10798,4.1804,0.4554,370,390,0,3,1
10799,4.1659,0.4007,370,390,0,0,1
10800,4.1434,0.4359,370,390,0,0,1
10801,4.1282,0.7837,420,440,50,0,1
10802,4.2855,0.7548,420,440,0,0,1
10803,4.2262,0.7702,419,440,0,0,1
10804,4.0972,0.5331,418,439,0,1,1
10805,4.1296,0.6301,417,438,0,1,1
10806,4.2082,0.5459,416,437,0,1,1
10807,4.0923,0.5117,416,436,0,1,1
10808,4.2797,0.4335,416,436,0,0,1
10809,4.118,0.5168,416,436,0,0,1
10810,4.0839,0.4552,415,436,0,0,1
10811,4.3088,0.5543,413,435,0,1,1
10812,4.0667,0.4678,412,433,0,2,1
10813,4.1056,0.4479,412,432,0,1,1
10814,4.2295,0.6406,412,432,0,0,1
10815,4.1949,0.4237,412,432,0,0,1
10816,4.3362,0.6159,412,432,0,0,1
10817,4.0166,0.4908,411,432,0,0,1
10818,4.2019,0.5191,410,431,0,1,1
10819,4.145,0.452,410,430,0,1,1
10820,4.0523,0.4157,410,430,0,0,1
10821,4.6453,0.6075,409,430,0,0,1
10822,3.7147,0.4975,408,429,0,1,1
10823,4.2525,0.5885,408,428,0,1,1
10824,4.0939,0.5416,407,428,0,0,1
10825,4.1404,0.6041,407,427,0,1,1
10826,4.2163,0.6279,407,427,0,0,1
10827,4.2231,0.6145,405,427,0,0,1
10828,4.2095,0.5054,403,425,0,2,1
10829,4.1062,0.5439,402,423,0,2,1
10830,4.2034,0.5851,402,422,0,1,1
10831,4.164,0.5035,402,422,0,0,1
10832,4.0273,0.4348,402,422,0,0,1
10833,4.1963,0.4506,401,422,0,0,1
10834,4.2173,0.4457,401,421,0,1,1
10835,4.1555,0.6848,401,421,0,0,1
10836,4.2467,0.4665,401,421,0,0,1
10837,4.058,0.4547,401,421,0,0,1
10838,4.1795,0.4427,401,421,0,0,1
10839,4.2095,0.4276,401,421,0,0,1
10840,4.1397,0.4258,401,421,0,0,1
10841,4.1514,0.5042,401,421,0,0,1
10842,4.22,0.4825,400,421,0,0,1
10843,4.1091,0.5763,398,420,0,1,1
10844,4.1539,0.4913,398,418,0,2,1
10845,4.1919,0.534,398,418,0,0,1
10846,4.2528,0.6783,398,418,0,0,1
10847,4.0941,0.6176,398,418,0,0,1
10848,4.1706,0.4639,396,418,0,0,1
10849,4.2175,0.5028,396,416,0,2,1
10850,4.1365,0.49,396,416,0,0,1
10851,4.1907,0.5143,396,416,0,0,1
10852,4.1233,0.6855,395,416,0,0,1
10853,4.6343,0.4785,395,415,0,1,1
10854,3.7737,0.5198,394,415,0,0,1
10855,4.108,0.4516,394,414,0,1,1
10856,4.12,0.435,394,414,0,0,1
10857,4.193,0.5504,394,414,0,0,1
10858,4.1638,0.4143,393,414,0,0,1
10859,4.2139,0.8077,393,413,0,1,1
10860,4.2996,0.6021,391,413,0,0,1
10861,3.9385,0.4986,391,411,0,2,1
10862,4.201,0.4677,384,411,0,0,1
10863,4.2001,0.467,383,404,0,7,1
10864,4.1797,0.6298,379,403,0,1,1
10865,4.1935,0.6314,379,399,0,4,1
10866,4.1694,0.4411,378,399,0,0,1
10867,4.1389,0.6749,378,398,0,1,1
10868,4.1211,0.664,428,448,50,0,1
10869,4.2754,0.7872,428,448,0,0,1
10870,4.0454,0.5928,428,448,0,0,1
10871,4.2595,0.4595,427,448,0,0,1
10872,4.1116,0.552,426,447,0,1,1
10873,4.2107,0.5371,426,446,0,1,1
10874,4.1509,0.6121,425,446,0,0,1
10875,4.0998,0.458,425,445,0,1,1
10876,4.1536,0.4405,424,445,0,0,1
10877,4.211,0.4499,423,444,0,1,1
10878,4.2614,0.6803,423,443,0,1,1
10879,4.125,0.5495,423,443,0,0,1
10880,4.0752,0.511,421,443,0,0,1
10881,4.2328,0.6319,421,441,0,2,1
10882,4.1829,0.4819,420,441,0,0,1
10883,4.2013,0.4618,418,440,0,1,1
10884,4.1543,0.7059,417,438,0,2,1
10885,4.0592,0.4677,416,437,0,1,1
10886,4.2102,0.5239,416,436,0,1,1
10887,4.1598,0.4181,415,436,0,0,1
10888,4.2022,0.4865,415,435,0,1,1
10889,4.1465,0.6472,415,435,0,0,1
10890,4.2235,0.679,414,435,0,0,1
10891,4.1524,0.5857,414,434,0,1,1
10892,4.0817,0.5467,413,434,0,0,1
10893,4.1987,0.5531,413,433,0,1,1
10894,4.1758,0.5328,411,433,0,0,1
10895,4.2718,0.7559,411,431,0,2,1
10896,4.0625,0.5091,410,431,0,0,1
10897,4.1341,0.643,410,430,0,1,1
10898,4.1836,0.5062,410,430,0,0,1
10899,4.1509,0.4934,409,430,0,0,1
10900,4.2772,0.6205,408,429,0,1,1
10901,4.0733,0.5088,408,428,0,1,1
10902,4.1911,0.6886,406,428,0,0,1
10903,4.1497,0.8729,406,426,0,2,1
10904,4.1298,0.439,406,426,0,0,1
10905,4.5212,0.4997,405,426,0,0,1
10906,3.856,0.4657,403,425,0,1,1
10907,4.1929,0.4401,401,423,0,2,1
10908,4.1462,0.6556,399,421,0,2,1
10909,4.1046,0.4265,399,419,0,2,1
10910,4.2196,0.4693,399,419,0,0,1
10911,4.1405,0.4461,399,419,0,0,1
10912,4.2281,0.5377,399,419,0,0,1
10913,4.1545,0.5441,398,419,0,0,1
10914,4.1852,0.7639,397,418,0,1,1
10915,4.1507,0.4888,395,417,0,1,1
10916,4.13,0.4814,395,415,0,2,1
10917,4.1746,0.565,395,415,0,0,1
10918,4.5048,0.4927,393,415,0,0,1
10919,3.8324,0.4954,393,413,0,2,1
10920,4.1513,0.5764,393,413,0,0,1
10921,4.2003,0.7394,391,413,0,0,1
10922,4.1694,0.5023,391,411,0,2,1
10923,4.3858,0.4915,391,411,0,0,1
10924,3.9252,0.5526,391,411,0,0,1
10925,4.1639,0.5294,391,411,0,0,1
10926,4.2307,0.5556,391,411,0,0,1
10927,4.127,0.6811,390,411,0,0,1
10928,4.1207,0.5153,389,410,0,1,1
10929,4.1771,0.5598,381,409,0,1,1
10930,4.1901,0.5504,381,401,0,8,1
10931,4.1952,0.5376,381,401,0,0,1
10932,4.0955,0.5281,380,401,0,0,1
10933,4.1751,0.5232,379,400,0,1,1
10934,4.2162,0.7286,379,399,0,1,1
10935,4.1462,0.5728,428,449,50,0,1
10936,4.1152,0.6498,428,448,0,1,1
10937,4.2451,0.9313,427,448,0,0,1
10938,4.4426,0.455,426,447,0,1,1
10939,3.819,0.7526,425,446,0,1,1
10940,4.4048,0.4937,422,445,0,1,1
10941,4.1602,0.8277,422,442,0,3,1
10942,3.9504,0.4261,422,442,0,0,1
10943,4.2094,0.507,420,442,0,0,1
10944,4.091,0.4993,420,440,0,2,1
10945,4.2101,0.6894,420,440,0,0,1
10946,4.2037,0.6189,418,440,0,0,1
10947,4.1194,0.4494,417,438,0,2,1
10948,4.1974,0.4919,417,437,0,1,1
10949,4.2236,0.528,417,437,0,0,1
10950,4.1468,0.4902,417,437,0,0,1
10951,4.3728,0.4504,416,437,0,0,1
10952,3.8704,0.4596,416,436,0,1,1
10953,4.2264,0.4611,416,436,0,0,1
10954,4.1925,0.4109,414,436,0,0,1
10955,4.1784,0.4866,413,434,0,2,1
10956,4.2273,0.5961,413,433,0,1,1
10957,4.0079,0.4626,412,433,0,0,1
10958,4.2082,0.6597,412,432,0,1,1
10959,4.1388,0.5144,412,432,0,0,1
10960,4.2043,0.4905,408,432,0,0,1
10961,4.1394,0.7423,407,428,0,4,1
10962,4.2909,0.6593,406,427,0,1,1
10963,4.1027,0.4933,406,426,0,1,1
10964,4.1214,0.448,405,426,0,0,1
10965,4.1902,0.6198,404,425,0,1,1
10966,4.2619,0.441,404,424,0,1,1
10967,4.1098,0.5061,404,424,0,0,1
10968,4.1502,0.5241,404,424,0,0,1
10969,4.1127,0.4607,402,424,0,0,1
10970,4.1369,0.6051,401,422,0,2,1
10971,4.2241,0.559,400,421,0,1,1
10972,4.2073,0.6382,399,420,0,1,1
10973,4.1304,0.5043,399,419,0,1,1
10974,4.1986,0.4824,399,419,0,0,1
10975,4.1903,0.459,396,419,0,0,1
10976,4.1073,0.4192,392,416,0,3,1
10977,4.198,0.581,392,412,0,4,1
10978,4.2824,0.4075,392,412,0,0,1
10979,4.0439,0.6352,392,412,0,0,1
10980,4.1452,0.4674,391,412,0,0,1
10981,4.1474,0.4354,389,411,0,1,1
10982,4.1804,0.4503,387,409,0,2,1
10983,4.1545,0.4323,386,407,0,2,1
10984,4.2043,0.589,386,406,0,1,1
10985,4.3033,0.7779,386,406,0,0,1
10986,4.049,0.507,384,406,0,0,1
10987,4.3981,0.4818,384,404,0,2,1
10988,3.8849,0.4424,382,404,0,0,1
10989,4.2274,0.4566,382,402,0,2,1
10990,4.1822,0.4408,382,402,0,0,1
10991,4.1754,0.468,382,402,0,0,1
10992,4.1775,0.4928,382,402,0,0,1
10993,4.2076,0.5997,382,402,0,0,1
10994,4.0697,0.471,382,402,0,0,1
10995,4.0672,0.4278,381,402,0,0,1
10996,4.2567,0.5514,374,401,0,1,1
10997,4.2115,0.7972,374,394,0,7,1
10998,4.1514,0.6068,374,394,0,0,1
10999,4.1055,0.5205,373,394,0,0,1
11000,4.1665,0.5025,372,393,0,1,1
11001,4.4844,0.6214,369,392,0,1,1
11002,3.8941,0.5962,419,439,50,3,1
11003,4.1612,0.5282,419,439,0,0,1
11004,4.1738,0.5481,418,439,0,0,1
11005,4.1183,0.448,418,438,0,1,1
11006,4.4831,0.5643,415,438,0,0,1
11007,3.8244,0.4272,414,435,0,3,1
11008,4.2568,0.5767,414,434,0,1,1
11009,4.1229,0.4332,412,434,0,0,1
11010,4.2829,0.6913,412,432,0,2,1
11011,4.0308,0.4335,410,432,0,0,1
11012,4.1808,0.4582,409,430,0,2,1
11013,4.1955,0.4982,409,429,0,1,1
11014,4.4127,0.4782,409,429,0,0,1
11015,3.9425,0.7149,409,429,0,0,1
11016,4.1081,0.4936,409,429,0,0,1
11017,4.2106,0.8811,409,429,0,0,1
11018,4.1092,0.7583,408,429,0,0,1
11019,4.1776,0.4385,408,428,0,1,1
11020,4.2099,0.5132,408,428,0,0,1
11021,4.17,0.6413,407,428,0,0,1
11022,4.1926,0.6875,406,427,0,1,1
11023,4.3573,0.5369,405,426,0,1,1
11024,3.9008,0.4487,405,425,0,1,1
11025,4.2308,0.4944,403,425,0,0,1
11026,4.0973,0.5804,403,423,0,2,1
11027,4.2865,0.4481,403,423,0,0,1
11028,4.1525,0.6567,402,423,0,0,1
11029,4.0785,0.437,402,422,0,1,1
11030,4.2343,0.4874,402,422,0,0,1
11031,4.0892,0.64,402,422,0,0,1
11032,4.2385,0.8435,401,422,0,0,1
11033,4.1199,0.4712,400,421,0,1,1
11034,4.2979,0.6975,399,420,0,1,1
11035,4.0151,0.4803,398,419,0,1,1
11036,4.1877,0.4881,396,418,0,1,1
11037,4.1746,0.5638,393,416,0,2,1
11038,4.1729,0.6912,392,413,0,3,1
11039,4.1416,0.7576,391,412,0,1,1
11040,4.1933,0.7171,391,411,0,1,1
11041,4.1413,0.5108,391,411,0,0,1
11042,4.21,0.6329,391,411,0,0,1
11043,4.1337,0.5057,390,411,0,0,1
11044,4.2159,0.5056,389,410,0,1,1
11045,4.078,0.6092,388,409,0,1,1
11046,4.1957,0.5835,386,408,0,1,1
11047,4.1658,0.6087,385,406,0,2,1
11048,4.1393,0.4478,385,405,0,1,1
11049,4.2067,0.5237,385,405,0,0,1
11050,4.2269,0.4885,384,405,0,0,1
11051,4.1107,0.4995,384,404,0,1,1
11052,4.1622,0.4525,384,404,0,0,1
11053,4.1504,0.4423,383,404,0,0,1
11054,4.4719,0.6201,382,403,0,1,1
11055,3.8903,0.4101,381,402,0,1,1
11056,4.4205,0.6413,381,401,0,1,1
11057,3.9664,0.5025,380,401,0,0,1
11058,4.1296,0.4559,380,400,0,1,1
11059,4.1363,0.5516,379,400,0,0,1
11060,4.1365,0.4213,379,399,0,1,1
11061,4.2464,0.5001,379,399,0,0,1
11062,4.0977,0.6148,379,399,0,0,1
11063,4.1966,0.4797,378,399,0,0,1
11064,4.1723,0.469,371,398,0,1,1
11065,4.1371,0.6067,369,391,0,7,1
11066,4.4974,0.7471,367,389,0,2,1
11067,3.8131,0.5631,366,387,0,2,1
11068,4.2894,0.6208,365,386,0,1,1
11069,4.0691,0.6778,414,435,50,1,1
11070,4.2546,0.4938,414,434,0,1,1
11071,4.1359,0.6465,412,434,0,0,1
11072,4.0818,0.4407,412,432,0,2,1
11073,4.4813,0.6454,412,432,0,0,1
11074,3.8863,0.7316,412,432,0,0,1
11075,4.2212,0.4965,412,432,0,0,1
11076,4.1068,0.4338,412,432,0,0,1
11077,4.1786,0.6225,412,432,0,0,1
11078,4.2066,0.6882,412,432,0,0,1
11079,4.1677,0.4907,411,432,0,0,1
11080,4.1739,0.5748,410,431,0,1,1
11081,4.0979,0.7224,410,430,0,1,1
11082,4.2439,0.8169,409,430,0,0,1
11083,4.1607,0.7581,407,429,0,1,1
11084,4.0959,0.4748,407,427,0,2,1
11085,4.55,0.6245,406,427,0,0,1
11086,4.1739,0.532,404,426,0,1,1
11087,3.8369,0.4915,403,424,0,2,1
11088,4.1719,0.4727,403,423,0,1,1
11089,4.1903,0.5009,403,423,0,0,1
11090,4.2943,0.6215,403,423,0,0,1
11091,4.3217,0.4785,403,423,0,0,1
11092,3.8696,0.4935,403,423,0,0,1
11093,4.0734,0.4478,403,423,0,0,1
11094,4.1982,0.4831,403,423,0,0,1
11095,4.2228,0.5254,401,423,0,0,1
11096,4.1172,0.5151,400,421,0,2,1
11097,4.1936,0.7408,399,420,0,1,1
11098,4.1998,0.5241,399,419,0,1,1
11099,4.4382,0.591,398,419,0,0,1
11100,3.785,0.4469,397,418,0,1,1
11101,4.1901,0.4487,397,417,0,1,1
11102,4.1638,0.4849,396,417,0,0,1
11103,4.1331,0.4407,396,416,0,1,1
11104,4.4655,0.6932,396,416,0,0,1
11105,3.9389,0.7368,396,416,0,0,1
11106,4.1625,0.4548,396,416,0,0,1
11107,4.4035,0.5923,395,416,0,0,1
11108,3.861,0.4173,394,415,0,1,1
11109,4.4682,0.4441,394,414,0,1,1
11110,3.9308,0.4295,393,414,0,0,1
11111,4.1627,0.6,393,413,0,1,1
11112,4.4083,0.5648,393,413,0,0,1
11113,3.9355,0.4271,390,413,0,0,1
11114,4.1733,0.5461,389,410,0,3,1
11115,4.0997,0.4171,387,409,0,1,1
11116,4.3224,0.5847,387,407,0,2,1
11117,4.1114,0.605,383,407,0,0,1
11118,4.1196,0.417,382,403,0,4,1
11119,4.4175,0.591,382,402,0,1,1
11120,3.9441,0.3949,380,402,0,0,1
11121,4.366,0.6232,378,400,0,2,1
11122,3.9331,0.4099,377,398,0,2,1
11123,4.149,0.4146,377,397,0,1,1
11124,4.2147,0.4125,377,397,0,0,1
11125,4.1323,0.4136,376,397,0,0,1
11126,4.164,0.5792,375,396,0,1,1
11127,4.1552,0.4463,375,395,0,1,1
11128,4.4357,0.6125,374,395,0,0,1
11129,4.0697,0.6482,374,394,0,1,1
11130,4.0428,0.6149,374,394,0,0,1
11131,4.3978,0.5947,365,394,0,0,1
11132,3.8853,0.4033,365,385,0,9,1
11133,4.4143,0.609,365,385,0,0,1
11134,4.0044,0.4278,364,385,0,0,1
11135,4.2609,0.4172,363,384,0,1,1
11136,4.177,0.8936,363,383,0,1,1
11137,4.0916,0.8391,413,433,50,0,1
11138,4.4678,0.6006,411,433,0,0,1
11139,4.1753,0.4525,411,431,0,2,1
11140,4.0887,0.3957,410,431,0,0,1
11141,3.9063,0.7101,408,430,0,1,1
11142,4.1455,0.6817,408,428,0,2,1
11143,4.3631,0.6194,408,428,0,0,1
11144,3.8073,0.3594,407,428,0,0,1
11145,4.3869,0.5472,407,427,0,1,1
11146,4.1266,0.4448,406,427,0,0,1
11147,4.0287,0.5032,406,426,0,1,1
11148,4.299,0.3999,406,426,0,0,1
11149,4.3682,0.483,406,426,0,0,1
11150,3.9041,0.7337,406,426,0,0,1
11151,4.1495,0.4215,406,426,0,0,1
11152,4.2484,0.4686,406,426,0,0,1
11153,4.188,0.4795,406,426,0,0,1
11154,4.1677,0.4038,406,426,0,0,1
11155,4.1235,0.4094,406,426,0,0,1
11156,4.1141,0.409,405,426,0,0,1
11157,4.235,0.5495,405,425,0,1,1
11158,4.2057,0.4763,405,425,0,0,1
11159,4.1031,0.598,405,425,0,0,1
11160,4.1747,0.5535,405,425,0,0,1
11161,4.1635,0.625,405,425,0,0,1
11162,4.2186,0.4902,405,425,0,0,1
11163,4.0833,0.5282,405,425,0,0,1
11164,4.2387,0.4606,404,425,0,0,1
11165,4.4181,0.4293,404,424,0,1,1
11166,3.8772,0.4151,403,424,0,0,1
11167,4.1704,0.6011,403,423,0,1,1
11168,4.1588,0.4029,403,423,0,0,1
11169,4.2107,0.4975,402,423,0,0,1
11170,4.2002,0.4998,402,422,0,1,1
11171,4.0526,0.4633,402,422,0,0,1
11172,4.2068,0.6553,400,422,0,0,1
11173,4.215,0.7337,400,420,0,2,1
11174,4.1296,0.5431,400,420,0,0,1
11175,4.1069,0.4565,399,420,0,0,1
11176,4.2712,0.5462,399,419,0,1,1
11177,4.3508,0.5643,397,419,0,0,1
11178,3.9654,0.7531,396,417,0,2,1
11179,4.2692,0.7091,396,416,0,1,1
11180,4.023,0.4906,394,416,0,0,1
11181,4.1882,0.5971,392,414,0,2,1
11182,4.4828,0.661,392,412,0,2,1
11183,3.9408,0.7766,390,412,0,0,1
11184,4.1615,0.5108,389,410,0,2,1
11185,4.0494,0.682,389,409,0,1,1
11186,4.3218,0.6941,385,409,0,0,1
11187,4.0613,0.4981,384,405,0,4,1
11188,4.1377,0.5389,383,404,0,1,1
11189,4.2162,0.5255,383,403,0,1,1
11190,4.1653,0.5244,382,403,0,0,1
11191,4.0982,0.7543,380,402,0,1,1
11192,4.1724,0.5022,380,400,0,2,1
11193,4.1867,0.5559,379,400,0,0,1
11194,4.1305,0.5034,379,399,0,1,1
11195,4.2923,0.624,379,399,0,0,1
11196,4.0779,0.5605,379,399,0,0,1
11197,4.1398,0.607,379,399,0,0,1
11198,4.2428,0.5191,371,399,0,0,1
11199,4.1953,0.536,370,391,0,8,1
11200,4.1552,0.7493,369,390,0,1,1
11201,4.1611,0.5681,368,389,0,1,1
11202,4.1878,0.5627,368,388,0,1,1
11203,4.0828,0.5731,368,388,0,0,1
11204,4.1234,0.6524,418,438,50,0,1
11205,4.2149,0.4581,418,438,0,0,1
11206,4.1427,0.5209,417,438,0,0,1
11207,4.2301,0.7021,415,437,0,1,1
11208,4.1635,0.5309,413,435,0,2,1
11209,4.1752,0.4904,411,433,0,2,1
11210,4.1908,0.6927,409,431,0,2,1
11211,4.0382,0.4308,408,429,0,2,1
11212,4.4783,0.6201,407,428,0,1,1
11213,3.9074,0.4673,407,427,0,1,1
11214,4.1353,0.4093,407,427,0,0,1
11215,4.2231,0.6558,406,427,0,0,1
11216,4.1597,0.722,406,426,0,1,1
11217,4.2229,0.7558,406,426,0,0,1
11218,4.1262,0.4863,406,426,0,0,1
11219,4.1066,0.6865,404,426,0,0,1
11220,4.2233,0.6429,404,424,0,2,1
11221,4.1246,0.5428,404,424,0,0,1
11222,4.3999,0.6635,403,424,0,0,1
11223,3.8984,0.4479,403,423,0,1,1
11224,4.258,0.4457,402,423,0,0,1
11225,4.1728,0.5297,402,422,0,1,1
11226,4.1405,0.6075,400,422,0,0,1
11227,4.1507,0.4814,400,420,0,2,1
11228,4.1568,0.5118,400,420,0,0,1
11229,4.1935,0.605,400,420,0,0,1
11230,4.1507,0.4272,399,420,0,0,1
11231,4.18,0.6548,399,419,0,1,1
11232,4.1756,0.5115,398,419,0,0,1
11233,4.2234,0.5709,397,418,0,1,1
11234,4.0939,0.4429,397,417,0,1,1
11235,4.4561,0.4163,395,417,0,0,1
11236,3.9304,0.6789,395,415,0,2,1
11237,4.1596,0.4952,395,415,0,0,1
11238,4.1108,0.4135,395,415,0,0,1
11239,4.1804,0.4538,394,415,0,0,1
11240,4.1478,0.4932,394,414,0,1,1
11241,4.1926,0.5245,394,414,0,0,1
11242,4.1675,0.4224,393,414,0,0,1
11243,4.1441,0.4153,393,413,0,1,1
11244,4.2077,0.4804,393,413,0,0,1
11245,4.0978,0.4218,392,413,0,0,1
11246,4.2801,0.4713,392,412,0,1,1
11247,4.089,0.4288,389,412,0,0,1
11248,4.178,0.6389,388,409,0,3,1
11249,4.2564,0.7042,388,408,0,1,1
11250,4.117,0.4417,388,408,0,0,1
11251,4.1655,0.4886,387,408,0,0,1
11252,4.1127,0.4221,386,407,0,1,1
11253,4.1913,0.5028,385,406,0,1,1
11254,4.1828,0.456,384,405,0,1,1
11255,4.1062,0.6561,384,404,0,1,1
11256,4.2388,0.4869,384,404,0,0,1
11257,4.1087,0.4236,384,404,0,0,1
11258,4.4286,0.6658,384,404,0,0,1
11259,3.8981,0.4008,383,404,0,0,1
11260,4.1939,0.5406,383,403,0,1,1
11261,4.3357,0.7573,382,403,0,0,1
11262,4.0092,0.4123,382,402,0,1,1
11263,4.4079,0.5275,381,402,0,0,1
11264,3.8823,0.4238,381,401,0,1,1
11265,4.1615,0.4326,374,401,0,0,1
11266,4.1778,0.4473,372,394,0,7,1
11267,4.2209,0.659,371,392,0,2,1
11268,4.2186,0.6882,371,391,0,1,1
11269,4.1295,0.5125,369,391,0,0,1
11270,4.1306,0.4629,369,389,0,2,1
11271,4.2216,0.676,418,439,50,0,1
11272,4.4225,0.4573,416,438,0,1,1
11273,3.9017,0.6789,416,436,0,2,1
11274,4.3972,0.6119,416,436,0,0,1
11275,3.9202,0.7608,416,436,0,0,1
11276,4.1392,0.4297,416,436,0,0,1
11277,4.1745,0.4876,416,436,0,0,1
11278,4.2148,0.5199,415,436,0,0,1
11279,4.1428,0.7371,415,435,0,1,1
11280,4.1509,0.5425,414,435,0,0,1
11281,4.1736,0.6193,413,434,0,1,1
11282,4.1454,0.4941,412,433,0,1,1
11283,4.3487,0.4533,412,432,0,1,1
11284,4.3359,0.623,410,432,0,0,1
11285,3.8609,0.5989,409,430,0,2,1
11286,4.1544,0.485,409,429,0,1,1
11287,4.1245,0.6655,409,429,0,0,1
11288,4.1512,0.4331,408,429,0,0,1
11289,4.191,0.6029,408,428,0,1,1
11290,4.1822,0.5041,407,428,0,0,1
11291,4.1161,0.4387,406,427,0,1,1
11292,4.1728,0.5594,405,426,0,1,1
11293,4.3195,0.7227,405,425,0,1,1
11294,4.0637,0.4624,405,425,0,0,1
11295,4.1103,0.4321,405,425,0,0,1
11296,4.143,0.4341,405,425,0,0,1
11297,4.2729,0.5946,405,425,0,0,1
11298,4.1586,0.5048,405,425,0,0,1
11299,4.2053,0.7136,405,425,0,0,1
11300,4.0893,0.4665,405,425,0,0,1
11301,4.1939,0.6731,404,425,0,0,1
11302,4.6133,0.5028,404,424,0,1,1
11303,3.6546,0.6774,404,424,0,0,1
11304,4.1972,0.6222,403,424,0,0,1
11305,4.2297,0.6765,403,423,0,1,1
11306,4.1565,0.5945,402,423,0,0,1
11307,4.1156,0.5754,400,422,0,1,1
11308,4.2064,0.503,400,420,0,2,1
11309,4.1785,0.5207,399,420,0,0,1
11310,4.1449,0.6201,399,419,0,1,1
11311,4.1625,0.598,398,419,0,0,1
11312,4.1079,0.4489,397,418,0,1,1
11313,4.2331,0.881,397,417,0,1,1
11314,4.1778,0.6266,397,417,0,0,1
11315,4.1302,0.5081,397,417,0,0,1
11316,4.2082,0.6055,396,417,0,0,1
11317,4.1554,0.6944,396,416,0,1,1
11318,4.1867,0.6137,396,416,0,0,1
11319,4.083,0.4326,395,416,0,0,1
11320,4.2428,0.5418,394,415,0,1,1
11321,4.1351,0.4835,391,414,0,1,1
11322,4.436,0.6243,390,411,0,3,1
11323,3.8862,0.422,388,410,0,1,1
11324,4.1307,0.4284,387,408,0,2,1
11325,4.2445,0.4985,387,407,0,1,1
11326,4.359,0.4805,386,407,0,0,1
11327,3.9345,0.4792,386,406,0,1,1
11328,4.2052,0.4696,385,406,0,0,1
11329,4.1178,0.4427,384,405,0,1,1
11330,4.2132,0.5982,384,404,0,1,1
11331,4.2705,0.4509,384,404,0,0,1
11332,4.0161,0.4335,377,404,0,0,1
11333,4.2901,0.6099,375,397,0,7,1
11334,4.0268,0.4316,375,395,0,2,1
11335,4.2316,0.4836,374,395,0,0,1
11336,4.1232,0.5263,374,394,0,1,1
11337,4.2864,0.6719,373,394,0,0,1
11338,4.0633,0.5856,421,443,50,1,1
11339,4.171,0.5151,421,441,0,2,1
11340,4.4356,0.4607,421,441,0,0,1
11341,3.8621,0.4869,418,441,0,0,1
11342,4.2113,0.7365,418,438,0,3,1
11343,4.1418,0.4334,418,438,0,0,1
11344,4.2206,0.5084,418,438,0,0,1
11345,4.1575,0.4997,418,438,0,0,1
11346,4.1111,0.4508,416,438,0,0,1
11347,4.227,0.5447,415,436,0,2,1
11348,4.0835,0.7094,415,435,0,1,1
11349,4.3904,0.6664,415,435,0,0,1
11350,4.2638,0.559,415,435,0,0,1
11351,3.9144,0.5126,414,435,0,0,1
11352,4.1874,0.5163,412,434,0,1,1
11353,4.1784,0.4963,411,432,0,2,1
11354,4.115,0.5062,410,431,0,1,1
11355,4.1446,0.4435,410,430,0,1,1
11356,4.294,0.6127,410,430,0,0,1
11357,4.099,0.5492,410,430,0,0,1
11358,4.1008,0.4404,410,430,0,0,1
11359,4.1985,0.5575,410,430,0,0,1
11360,4.1486,0.4329,409,430,0,0,1
11361,4.3473,0.6062,408,429,0,1,1
11362,4.0021,0.4449,408,428,0,1,1
11363,4.1892,0.6515,408,428,0,0,1
11364,4.2167,0.5865,407,428,0,0,1
11365,4.0704,0.45,407,427,0,1,1
11366,4.2423,0.5512,407,427,0,0,1
11367,4.0928,0.4591,407,427,0,0,1
11368,4.241,0.7254,407,427,0,0,1
11369,4.152,0.5777,407,427,0,0,1
11370,4.5442,0.5863,406,427,0,0,1
11371,3.7131,0.7024,406,426,0,1,1
11372,4.1697,0.5002,405,426,0,0,1
11373,4.2361,0.7384,405,425,0,1,1
11374,4.395,0.4491,404,425,0,0,1
11375,3.9034,0.6258,403,424,0,1,1
11376,4.1669,0.5162,402,423,0,1,1
11377,4.3004,0.5976,401,422,0,1,1
11378,4.3361,0.6184,401,421,0,1,1
11379,4.1929,0.425,400,421,0,0,1
11380,3.8365,0.6249,400,420,0,1,1
11381,4.1794,0.4443,400,420,0,0,1
11382,4.1833,0.456,399,420,0,0,1
11383,4.3996,0.7242,398,419,0,1,1
11384,3.8966,0.4286,397,418,0,1,1
11385,4.2313,0.4938,396,417,0,1,1
11386,4.1373,0.6673,395,416,0,1,1
11387,4.1602,0.6631,395,415,0,1,1
11388,4.1541,0.6109,394,415,0,0,1
11389,4.1378,0.4485,393,414,0,1,1
11390,4.151,0.5849,393,413,0,1,1
11391,4.1542,0.4222,392,413,0,0,1
11392,4.2237,0.6441,392,412,0,1,1
11393,4.1891,0.4226,391,412,0,0,1
11394,4.1843,0.4716,391,411,0,1,1
11395,4.0984,0.5917,388,411,0,0,1
11396,4.2073,0.4231,388,408,0,3,1
11397,4.1662,0.4599,388,408,0,0,1
11398,4.5354,0.4807,387,408,0,0,1
11399,3.7845,0.4285,387,407,0,1,1
11400,4.282,0.6825,380,407,0,0,1
11401,4.102,0.4953,380,400,0,7,1
11402,4.44,0.5794,380,400,0,0,1
11403,4.4024,0.4055,379,400,0,0,1
11404,3.6154,0.4244,379,399,0,1,1
11405,4.2125,0.9926,428,449,50,0,1
11406,4.1465,0.453,428,448,0,1,1
11407,4.1103,0.5603,428,448,0,0,1
11408,4.1565,0.4628,428,448,0,0,1
11409,4.2492,0.6213,428,448,0,0,1
11410,4.1822,0.5058,427,448,0,0,1
11411,4.0634,0.5184,426,447,0,1,1
11412,4.2465,0.6267,424,446,0,1,1
11413,4.1194,0.5164,424,444,0,2,1
11414,4.2513,0.7266,423,444,0,0,1
11415,4.1003,0.5404,423,443,0,1,1
11416,4.1228,0.7589,422,443,0,0,1
11417,4.1683,0.6225,421,442,0,1,1
11418,4.2699,0.4885,419,441,0,1,1
11419,4.1942,0.7353,419,439,0,2,1
11420,4.0699,0.5463,418,439,0,0,1
11421,4.393,0.5281,418,438,0,1,1
11422,4.2061,0.4602,418,438,0,0,1
11423,3.9409,0.5163,418,438,0,0,1
11424,4.183,0.6202,418,438,0,0,1
11425,4.1354,0.702,417,438,0,0,1
11426,4.21,0.4991,416,437,0,1,1
11427,4.2241,0.4296,415,436,0,1,1
11428,4.0802,0.4922,414,435,0,1,1
11429,4.1831,0.7258,413,434,0,1,1
11430,4.1427,0.7433,413,433,0,1,1
11431,4.1445,0.6823,413,433,0,0,1
11432,4.1518,0.4677,412,433,0,0,1
11433,4.1828,0.5218,412,432,0,1,1
11434,4.2036,0.6574,412,432,0,0,1
11435,4.08,0.7169,412,432,0,0,1
11436,4.2133,0.531,410,432,0,0,1
11437,4.1963,0.6509,409,430,0,2,1
11438,4.1413,0.7938,409,429,0,1,1
11439,4.1325,0.4425,408,429,0,0,1
11440,4.242,0.4875,407,428,0,1,1
11441,4.2017,0.489,406,427,0,1,1
11442,4.161,0.5471,404,426,0,1,1
11443,4.1349,0.4231,403,424,0,2,1
11444,4.1186,0.4299,401,423,0,1,1
11445,4.2364,0.6996,401,421,0,2,1
11446,4.0649,0.4181,400,421,0,0,1
11447,4.2085,0.4767,399,420,0,1,1
11448,4.2218,0.4468,398,419,0,1,1
11449,4.0879,0.4306,397,418,0,1,1
11450,4.27,0.6637,396,417,0,1,1
11451,4.0751,0.4134,396,416,0,1,1
11452,4.1585,0.4136,395,416,0,0,1
11453,4.2466,0.4719,394,415,0,1,1
11454,4.2021,0.4504,393,414,0,1,1
11455,4.0682,0.5701,392,413,0,1,1
11456,4.1647,0.4235,391,412,0,1,1
11457,4.1771,0.4716,390,411,0,1,1
11458,4.2354,0.6845,390,410,0,1,1
11459,4.1017,0.5957,390,410,0,0,1
11460,4.2204,0.4655,390,410,0,0,1
11461,4.0801,0.6288,389,410,0,0,1
11462,4.2323,0.6591,388,409,0,1,1
11463,4.1151,0.4462,388,408,0,1,1
11464,4.1809,0.5045,385,408,0,0,1
11465,4.2119,0.5194,384,405,0,3,1
11466,4.166,0.5001,384,404,0,1,1
11467,4.0977,0.578,377,404,0,0,1
11468,4.1838,0.4361,377,397,0,7,1
11469,4.2936,0.6741,376,397,0,0,1
11470,4.3214,0.4124,376,396,0,1,1
11471,4.1644,0.5212,375,396,0,0,1
11472,3.9137,0.4608,375,395,0,1,1
11473,4.1051,0.5852,425,445,50,0,1
11474,4.2137,0.6455,422,445,0,0,1
11475,4.2973,0.5659,421,442,0,3,1
11476,4.0538,0.568,419,441,0,1,1
11477,4.197,0.6819,419,439,0,2,1
11478,4.1441,0.5261,418,439,0,0,1
11479,4.111,0.5513,418,438,0,1,1
11480,4.1706,0.5734,417,438,0,0,1
11481,4.2083,0.6455,416,437,0,1,1
11482,4.167,0.5071,415,436,0,1,1
11483,4.1724,0.431,415,435,0,1,1
11484,4.1422,0.4621,413,435,0,0,1
11485,4.2143,0.7945,413,433,0,2,1
11486,4.1109,0.4332,413,433,0,0,1
11487,4.1661,0.4655,412,433,0,0,1
11488,4.2735,0.7801,412,432,0,1,1
11489,4.1178,0.6521,412,432,0,0,1
11490,4.1105,0.5381,412,432,0,0,1
11491,4.18,0.5741,411,432,0,0,1
11492,4.1678,0.5267,411,431,0,1,1
11493,4.2266,0.4949,410,431,0,0,1
11494,4.7979,0.5026,410,430,0,1,1
11495,3.4994,0.6131,410,430,0,0,1
11496,4.1203,0.6622,410,430,0,0,1
11497,4.16,0.4693,410,430,0,0,1
11498,4.2185,0.4377,410,430,0,0,1
11499,4.4962,0.4194,409,430,0,0,1
11500,3.8788,0.7693,408,429,0,1,1
11501,4.1377,0.6528,408,428,0,1,1
11502,4.14,0.7423,408,428,0,0,1
11503,4.4162,0.6897,407,428,0,0,1
11504,3.9033,0.5756,406,427,0,1,1
11505,4.2122,0.6913,405,426,0,1,1
11506,4.1779,0.5441,403,425,0,1,1
11507,4.138,0.7921,403,423,0,2,1
11508,4.2412,0.7429,402,423,0,0,1
11509,4.0501,0.4667,401,422,0,1,1
11510,4.2132,1.1105,401,421,0,1,1
11511,4.1287,0.632,401,421,0,0,1
11512,4.2402,0.5219,400,421,0,0,1
11513,4.1945,0.7305,399,420,0,1,1
11514,4.1242,0.4922,399,419,0,1,1
11515,4.0793,0.598,399,419,0,0,1
11516,4.2258,0.4227,398,419,0,0,1
11517,4.1621,0.4825,397,418,0,1,1
11518,4.2396,0.4539,396,417,0,1,1
11519,4.158,0.7679,395,416,0,1,1
11520,4.1235,0.5696,392,415,0,1,1
11521,4.4118,0.7089,392,412,0,3,1
11522,3.9327,0.5487,389,412,0,0,1
11523,4.2199,0.4714,388,409,0,3,1
11524,4.0888,0.7719,388,408,0,1,1
11525,4.2514,0.8249,388,408,0,0,1
11526,4.1651,0.5765,388,408,0,0,1
11527,4.0447,0.4881,388,408,0,0,1
11528,4.1844,0.5008,388,408,0,0,1
11529,4.1885,0.5459,386,408,0,0,1
11530,4.2171,0.5541,386,406,0,2,1
11531,4.155,0.7672,386,406,0,0,1
11532,4.2316,0.6615,384,406,0,0,1
11533,4.0966,0.5937,384,404,0,2,1
11534,4.1535,0.5738,376,404,0,0,1
11535,4.1334,0.5241,375,396,0,8,1
11536,4.1829,0.5746,374,395,0,1,1
11537,4.2689,0.9068,374,394,0,1,1
11538,4.1552,0.6957,374,394,0,0,1
11539,4.1144,0.7997,374,394,0,0,1
11540,4.107,0.5822,424,444,50,0,1
11541,4.1872,0.5541,423,444,0,0,1
11542,4.4195,0.6209,423,443,0,1,1
11543,3.9297,0.5874,422,443,0,0,1
11544,4.1707,0.7637,421,442,0,1,1
11545,4.2959,0.649,420,441,0,1,1
11546,4.0365,0.6014,420,440,0,1,1
11547,4.4451,0.5171,420,440,0,0,1
11548,3.8944,0.7493,420,440,0,0,1
11549,4.1802,0.5387,420,440,0,0,1
11550,4.146,0.6329,418,440,0,0,1
11551,4.1615,0.6279,418,438,0,2,1
11552,4.1288,0.4507,417,438,0,0,1
11553,4.2233,0.5112,417,437,0,1,1
11554,4.1979,0.483,417,437,0,0,1
11555,4.1187,0.6422,417,437,0,0,1
11556,4.1497,0.6994,417,437,0,0,1
11557,4.2571,0.7214,415,437,0,0,1
11558,4.1173,0.5619,415,435,0,2,1
11559,4.1542,0.5631,414,435,0,0,1
11560,4.4944,0.6072,413,434,0,1,1
11561,3.8655,0.5255,413,433,0,1,1
11562,4.274,0.6146,413,433,0,0,1
11563,4.0095,0.6147,412,433,0,0,1
11564,4.1735,0.4629,411,432,0,1,1
11565,4.167,0.5138,411,431,0,1,1
11566,4.2408,0.6671,410,431,0,0,1
11567,4.329,0.4418,409,430,0,1,1
11568,3.9633,0.6209,409,429,0,1,1
11569,4.1523,0.7066,408,429,0,0,1
11570,4.1927,0.6866,408,428,0,1,1
11571,4.1534,0.4701,408,428,0,0,1
11572,4.1626,0.5418,408,428,0,0,1
11573,4.1894,0.5708,408,428,0,0,1
11574,4.1504,0.6658,405,428,0,0,1
11575,4.1068,0.7807,404,425,0,3,1
11576,4.156,0.4429,403,424,0,1,1
11577,4.1916,0.5109,403,423,0,1,1
11578,4.1527,0.4645,403,423,0,0,1
11579,4.2158,0.4719,402,423,0,0,1
11580,4.1363,0.4896,401,422,0,1,1
11581,4.176,0.6265,400,421,0,1,1
11582,4.1978,0.4309,399,420,0,1,1
11583,4.147,0.4413,398,419,0,1,1
11584,4.1656,0.6532,396,418,0,1,1
11585,4.1784,0.517,394,416,0,2,1
11586,4.1177,0.4736,393,414,0,2,1
11587,4.1782,0.4845,392,413,0,1,1
11588,4.1403,0.4307,392,412,0,1,1
11589,4.2058,0.4868,392,412,0,0,1
11590,4.3443,0.4213,391,412,0,0,1
11591,4.2767,0.5184,391,411,0,1,1
11592,3.9468,0.5317,391,411,0,0,1
11593,4.3354,0.4626,390,411,0,0,1
11594,4.1336,0.4185,390,410,0,1,1
11595,3.9834,0.413,390,410,0,0,1
11596,4.198,0.484,387,410,0,0,1
11597,4.1014,0.4242,386,407,0,3,1
11598,4.1643,0.4664,385,406,0,1,1
11599,4.1307,0.4415,383,405,0,1,1
11600,4.2678,0.6486,383,403,0,2,1
11601,4.2317,0.4181,374,403,0,0,1
11602,4.1028,0.6679,371,394,0,9,1
11603,4.1059,0.5866,370,391,0,3,1
11604,4.148,0.447,370,390,0,1,1
11605,4.2527,0.4191,370,390,0,0,1
11606,4.1239,0.5894,370,390,0,0,1
11607,4.1637,0.5426,419,440,50,0,1
11608,4.1455,0.5011,418,439,0,1,1
11609,4.2043,0.5475,418,438,0,1,1
11610,4.104,0.4619,418,438,0,0,1
11611,4.1469,0.5462,418,438,0,0,1
11612,4.2158,0.4938,418,438,0,0,1
11613,4.2241,0.7352,416,438,0,0,1
11614,4.1727,0.6175,415,436,0,2,1
11615,4.1371,0.8589,415,435,0,1,1
11616,4.1198,0.4512,415,435,0,0,1
11617,4.188,0.4751,415,435,0,0,1
11618,4.1211,0.5089,415,435,0,0,1
11619,4.2886,0.4303,413,435,0,0,1
11620,4.2311,0.6709,413,433,0,2,1
11621,4.0923,0.5096,413,433,0,0,1
11622,4.1399,0.5945,413,433,0,0,1
11623,4.0756,0.4428,412,433,0,0,1
11624,4.2248,0.5444,412,432,0,1,1
11625,4.1223,0.6239,411,432,0,0,1
11626,4.2576,0.6951,410,431,0,1,1
11627,4.1416,0.6953,410,430,0,1,1
11628,4.1642,0.4898,409,430,0,0,1
11629,4.1373,0.4865,409,429,0,1,1
11630,4.1519,0.481,408,429,0,0,1
11631,4.1566,0.4607,407,428,0,1,1
11632,4.1665,0.4597,407,427,0,1,1
11633,4.2327,0.5975,407,427,0,0,1
11634,4.1227,0.4962,407,427,0,0,1
11635,4.1218,0.4436,407,427,0,0,1
11636,4.2363,0.4424,407,427,0,0,1
11637,4.1445,0.5846,407,427,0,0,1
11638,4.2262,0.6148,407,427,0,0,1
11639,4.1161,0.6342,407,427,0,0,1
11640,4.14,0.6138,407,427,0,0,1
11641,4.1935,0.4509,406,427,0,0,1
11642,4.116,0.4189,406,426,0,1,1
11643,4.2478,0.4513,405,426,0,0,1
11644,4.1056,0.5922,405,425,0,1,1
11645,4.2556,0.665,404,425,0,0,1
11646,4.1317,0.4966,403,424,0,1,1
11647,4.1014,0.5936,402,423,0,1,1
11648,4.2022,0.4193,399,422,0,1,1
11649,4.2328,0.542,399,419,0,3,1
11650,4.1654,0.42,397,419,0,0,1
11651,4.1951,0.7131,396,417,0,2,1
11652,4.0864,0.6481,396,416,0,1,1
11653,4.2159,0.4942,394,416,0,0,1
11654,4.0875,0.4598,393,414,0,2,1
11655,4.191,0.4245,393,413,0,1,1
11656,4.4571,0.4281,393,413,0,0,1
11657,3.9545,0.702,391,413,0,0,1
11658,4.2367,0.6446,391,411,0,2,1
11659,4.0637,0.7346,390,411,0,0,1
11660,4.0969,0.4547,390,410,0,1,1
11661,4.1106,0.6975,389,410,0,0,1
11662,4.3026,0.4565,389,409,0,1,1
11663,4.1489,0.575,388,409,0,0,1
11664,4.1479,0.7378,387,408,0,1,1
11665,4.19,0.7681,386,407,0,1,1
11666,4.1958,0.4981,386,406,0,1,1
11667,4.1343,0.4242,386,406,0,0,1
11668,4.1722,0.5271,378,406,0,0,1
11669,4.1807,0.6828,376,398,0,8,1
11670,4.1848,0.6885,376,396,0,2,1
11671,4.0708,0.3955,374,396,0,0,1
11672,4.1791,0.4227,374,394,0,2,1
11673,4.2285,0.4716,373,394,0,0,1
11674,4.1762,0.6676,423,443,50,1,1
11675,4.1161,0.5832,423,443,0,0,1
11676,4.168,0.7993,423,443,0,0,1
11677,4.1934,0.5456,422,443,0,0,1
11678,4.5503,0.6202,421,442,0,1,1
11679,3.742,0.5088,420,441,0,1,1
11680,4.2254,0.5106,419,440,0,1,1
11681,4.1893,0.4783,419,439,0,1,1
11682,4.1103,0.4447,418,439,0,0,1
11683,4.191,0.6546,418,438,0,1,1
11684,4.1263,0.4734,417,438,0,0,1
11685,4.207,0.5353,417,437,0,1,1
11686,4.2227,0.4768,417,437,0,0,1
11687,4.0743,0.5152,416,437,0,0,1
11688,4.1703,0.5789,415,436,0,1,1
11689,4.1845,0.7239,415,435,0,1,1
11690,4.1776,0.489,414,435,0,0,1
11691,4.2084,0.4666,414,434,0,1,1
11692,4.1303,0.5191,412,434,0,0,1
11693,4.2191,0.7108,412,432,0,2,1
11694,4.2929,0.759,412,432,0,0,1
11695,3.9762,0.5075,412,432,0,0,1
11696,4.1515,0.5066,412,432,0,0,1
11697,4.1999,0.6284,411,432,0,0,1
11698,4.1059,0.4482,411,431,0,1,1
11699,4.266,0.476,409,431,0,0,1
11700,4.0856,0.4996,407,429,0,2,1
11701,4.1612,0.4514,407,427,0,2,1
11702,4.2781,0.7468,407,427,0,0,1
11703,4.0777,0.4548,407,427,0,0,1
11704,4.4223,0.6737,407,427,0,0,1
11705,3.9651,0.5275,407,427,0,0,1
11706,4.1444,0.5212,407,427,0,0,1
11707,4.1163,0.5512,405,427,0,0,1
11708,4.1611,0.418,405,425,0,2,1
11709,4.2022,0.5229,405,425,0,0,1
11710,4.3369,0.4952,405,425,0,0,1
11711,4.2802,0.4637,405,425,0,0,1
11712,3.9273,0.547,405,425,0,0,1
11713,4.0883,0.6265,404,425,0,0,1
11714,4.2399,0.7004,403,424,0,1,1
11715,4.4481,0.5362,401,423,0,1,1
11716,3.8799,0.5524,401,421,0,2,1
11717,4.1617,0.5708,401,421,0,0,1
11718,4.1716,0.5749,400,421,0,0,1
11719,4.1105,0.6349,400,420,0,1,1
11720,4.158,0.52,399,420,0,0,1
11721,4.2207,0.5198,398,419,0,1,1
11722,4.137,0.4702,398,418,0,1,1
11723,4.1961,0.6506,396,418,0,0,1
11724,4.1613,0.4814,396,416,0,2,1
11725,4.1219,0.5641,396,416,0,0,1
11726,4.1951,0.6075,395,416,0,0,1
11727,4.1957,0.4374,394,415,0,1,1
11728,4.4205,0.434,392,414,0,1,1
11729,3.8432,0.4502,392,412,0,2,1
11730,4.1871,0.4349,392,412,0,0,1
11731,4.1213,0.7121,392,412,0,0,1
11732,4.2023,0.453,391,412,0,0,1
11733,4.2979,0.6427,390,411,0,1,1
11734,4.0411,0.4376,390,410,0,1,1
11735,4.1688,0.7264,389,410,0,0,1
11736,4.2234,0.4755,382,409,0,1,1
11737,4.1064,0.4661,381,402,0,7,1
11738,4.1867,0.5238,380,401,0,1,1
11739,4.2093,0.4125,380,400,0,1,1
11740,4.1832,0.493,380,400,0,0,1
11741,4.1102,0.5309,430,450,50,0,1
11742,4.2492,0.6837,427,450,0,0,1
11743,4.1375,0.5316,425,447,0,3,1
11744,4.1267,0.4252,425,445,0,2,1
11745,4.3117,0.5436,425,445,0,0,1
11746,4.0252,0.5142,424,445,0,0,1
11747,4.1809,0.5205,422,444,0,1,1
11748,4.1633,0.5623,421,442,0,2,1
11749,4.1746,0.4499,420,441,0,1,1
11750,4.1477,0.457,419,440,0,1,1
11751,4.1666,0.4446,418,439,0,1,1
11752,4.158,0.798,417,438,0,1,1
11753,4.18,0.4963,415,437,0,1,1
11754,4.2327,0.4956,415,435,0,2,1
11755,4.0324,0.5894,414,435,0,0,1
11756,4.2548,0.4419,414,434,0,1,1
11757,4.2667,0.4438,414,434,0,0,1
11758,4.0552,0.5229,414,434,0,0,1
11759,4.1733,0.4482,413,434,0,0,1
11760,4.4046,0.4852,412,433,0,1,1
11761,3.9134,0.5047,412,432,0,1,1
11762,4.1781,0.5162,412,432,0,0,1
11763,4.1189,0.4919,410,432,0,0,1
11764,4.3933,0.8829,409,430,0,2,1
11765,4.0672,0.4733,409,429,0,1,1
11766,4.0786,0.4511,409,429,0,0,1
11767,4.1383,0.4463,409,429,0,0,1
11768,4.205,0.4388,409,429,0,0,1
11769,4.2116,0.4828,409,429,0,0,1
11770,4.1936,0.627,409,429,0,0,1
11771,4.1971,0.6327,408,429,0,0,1
11772,3.9989,0.4378,408,428,0,1,1
11773,4.5039,0.7972,408,428,0,0,1
11774,3.9306,0.4677,408,428,0,0,1
11775,4.1201,0.4144,407,428,0,0,1
11776,4.1695,0.4294,405,427,0,1,1
11777,4.1194,0.4345,405,425,0,2,1
11778,4.4368,0.4188,404,425,0,0,1
11779,3.9666,0.7077,403,424,0,1,1
11780,4.153,0.4466,402,423,0,1,1
11781,4.2535,0.4981,402,422,0,1,1
11782,4.1495,0.4651,401,422,0,0,1
11783,4.1476,0.4736,399,421,0,1,1
11784,4.1296,0.5493,398,419,0,2,1
11785,4.2106,0.5503,398,418,0,1,1
11786,4.1114,0.5026,398,418,0,0,1
11787,4.2264,0.5052,397,418,0,0,1
11788,4.091,0.4882,397,417,0,1,1
11789,4.2882,0.7718,396,417,0,0,1
11790,4.0929,0.8138,396,416,0,1,1
11791,4.1074,0.4862,393,416,0,0,1
11792,4.1848,0.4926,391,413,0,3,1
11793,4.1892,0.5446,390,411,0,2,1
11794,4.2313,0.5816,389,410,0,1,1
11795,4.1205,0.5357,389,409,0,1,1
11796,4.1137,0.7134,389,409,0,0,1
11797,4.5487,0.5531,389,409,0,0,1
11798,3.8478,0.6257,389,409,0,0,1
11799,4.1203,0.4851,387,409,0,0,1
11800,4.3968,0.4913,386,407,0,2,1
11801,4.0165,0.6204,386,406,0,1,1
11802,4.1,0.8571,385,406,0,0,1
11803,4.2019,0.4891,377,405,0,1,1
11804,4.1179,0.4692,374,397,0,8,1
11805,4.7477,0.4906,374,394,0,3,1
11806,3.6409,0.4806,374,394,0,0,1
11807,4.1512,0.4574,374,394,0,0,1
11808,4.1396,0.4277,374,394,0,0,1
11809,4.1955,0.7189,424,444,50,0,1
11810,4.4478,0.6431,422,444,0,0,1
11811,3.797,0.58,421,442,0,2,1
11812,4.2659,0.5169,421,441,0,1,1
11813,4.1385,0.5257,421,441,0,0,1
11814,4.1258,0.4636,421,441,0,0,1
11815,4.2104,0.4345,421,441,0,0,1
11816,4.1581,0.4365,420,441,0,0,1
11817,4.1321,0.4555,420,440,0,1,1
11818,4.1999,0.4395,418,440,0,0,1
11819,4.1994,0.4421,418,438,0,2,1
11820,4.1022,0.4275,417,438,0,0,1
11821,4.2292,0.4881,416,437,0,1,1
11822,4.1434,0.5532,415,436,0,1,1
11823,4.1287,0.4963,415,435,0,1,1
11824,4.2157,0.5437,414,435,0,0,1
11825,4.2024,0.685,413,434,0,1,1
11826,4.1442,0.4552,413,433,0,1,1
11827,4.1392,0.468,412,433,0,0,1
11828,4.1506,0.5133,411,432,0,1,1
11829,4.2348,0.5474,410,431,0,1,1
11830,4.0992,0.4572,410,430,0,1,1
11831,4.1456,0.5426,407,430,0,0,1
11832,4.1972,0.4842,407,427,0,3,1
11833,4.1503,0.476,407,427,0,0,1
11834,4.2357,0.7272,407,427,0,0,1
11835,4.067,0.4133,405,427,0,0,1
11836,4.4841,0.4141,404,425,0,2,1
11837,3.9907,0.5962,404,424,0,1,1
11838,4.1741,0.4457,404,424,0,0,1
11839,4.0891,0.4933,403,424,0,0,1
11840,4.1328,0.4537,403,423,0,1,1
11841,4.1846,0.5116,403,423,0,0,1
11842,4.1754,0.4781,403,423,0,0,1
11843,4.4039,0.4876,400,423,0,0,1
11844,3.9208,0.5138,399,420,0,3,1
11845,4.2005,0.4978,399,419,0,1,1
11846,4.1731,0.7658,399,419,0,0,1
11847,4.1142,0.814,398,419,0,0,1
11848,4.1891,0.6113,397,418,0,1,1
11849,4.1601,0.511,396,417,0,1,1
11850,4.2218,0.4735,396,416,0,1,1
11851,4.0546,0.4553,394,416,0,0,1
11852,4.224,0.436,393,414,0,2,1
11853,4.1884,0.5209,393,413,0,1,1
11854,4.4716,0.5629,393,413,0,0,1
11855,3.8481,0.6117,392,413,0,0,1
11856,4.1542,0.5096,388,412,0,1,1
11857,4.2539,0.4639,388,408,0,4,1
11858,4.0674,0.4345,388,408,0,0,1
11859,4.175,0.4233,388,408,0,0,1
11860,4.5617,0.6754,386,408,0,0,1
11861,3.824,0.504,386,406,0,2,1
11862,4.1065,0.4296,386,406,0,0,1
11863,4.1477,0.453,386,406,0,0,1
11864,4.1987,0.446,385,406,0,0,1
11865,4.1523,0.4516,384,405,0,1,1
11866,4.2366,0.5349,383,404,0,1,1
11867,4.1365,0.6095,383,403,0,1,1
11868,4.0919,0.4247,381,403,0,0,1
11869,4.2803,0.4693,380,401,0,2,1
11870,4.1633,0.4344,372,400,0,1,1
11871,4.0982,0.5023,372,392,0,8,1
11872,4.2844,0.7362,372,392,0,0,1
11873,4.1489,0.7578,371,392,0,0,1
11874,4.2017,0.6391,371,391,0,1,1
11875,4.0542,0.5892,369,391,0,0,1
11876,4.1663,0.9273,418,439,50,2,1
11877,4.2386,0.4906,418,438,0,1,1
11878,4.0158,0.5084,417,438,0,0,1
11879,4.2478,0.6541,416,437,0,1,1
11880,4.1138,0.4753,416,436,0,1,1
11881,4.341,0.516,415,436,0,0,1
11882,4.2802,0.4337,415,435,0,1,1
11883,4.0419,0.4215,415,435,0,0,1
11884,4.0814,0.7634,414,435,0,0,1
11885,4.1444,0.5153,412,434,0,1,1
11886,4.1892,0.5218,412,432,0,2,1
11887,4.0753,0.455,412,432,0,0,1
11888,4.2141,0.4754,412,432,0,0,1
11889,4.2125,0.5074,412,432,0,0,1
11890,4.1432,0.5463,412,432,0,0,1
11891,4.2247,0.5467,412,432,0,0,1
11892,4.1091,0.5393,411,432,0,0,1
11893,4.2924,0.5614,411,431,0,1,1
11894,3.9981,0.6104,410,431,0,0,1
11895,4.1686,0.4638,408,430,0,1,1
11896,4.196,0.4293,406,428,0,2,1
11897,4.1789,0.5098,406,426,0,2,1
11898,4.2224,0.8637,405,426,0,0,1
11899,4.0605,0.4342,405,425,0,1,1
11900,4.1625,0.696,402,425,0,0,1
11901,4.3107,0.4814,402,422,0,3,1
11902,4.0285,0.4236,401,422,0,0,1
11903,4.2563,0.6835,401,421,0,1,1
11904,4.147,0.7096,400,421,0,0,1
11905,4.1203,0.4429,400,420,0,1,1
11906,4.2261,0.4814,399,420,0,0,1
11907,4.0716,0.4514,399,419,0,1,1
11908,4.4055,0.4876,398,419,0,0,1
11909,4.0712,0.8883,397,418,0,1,1
11910,4.2684,0.6718,397,417,0,1,1
11911,3.951,0.4751,397,417,0,0,1
11912,4.1943,0.4784,397,417,0,0,1
11913,4.447,0.5035,396,417,0,0,1
11914,3.9746,0.5008,394,416,0,1,1
11915,4.1799,0.7717,394,414,0,2,1
11916,4.6376,0.5291,393,414,0,0,1
11917,3.6026,0.521,393,413,0,1,1
11918,4.2153,0.6186,392,413,0,0,1
11919,4.1033,0.5162,392,412,0,1,1
11920,4.2098,0.5266,391,412,0,0,1
11921,4.2174,0.4564,389,411,0,1,1
11922,4.0678,0.6473,389,409,0,2,1
11923,4.1818,1.1251,387,409,0,0,1
11924,4.1695,0.5082,385,407,0,2,1
11925,4.2609,0.5058,385,405,0,2,1
11926,4.0815,0.4472,385,405,0,0,1
11927,4.2247,0.4293,385,405,0,0,1
11928,4.0994,0.4427,384,405,0,0,1
11929,4.433,0.5359,384,404,0,1,1
11930,3.907,0.4907,382,404,0,0,1
11931,4.1135,0.4109,382,402,0,2,1
11932,4.2374,0.4587,381,402,0,0,1
11933,4.1517,0.455,381,401,0,1,1
11934,4.444,0.6316,380,401,0,0,1
11935,3.8831,0.4133,380,400,0,1,1
11936,4.2011,0.4514,379,400,0,0,1
11937,4.17,0.4935,372,399,0,1,1
11938,4.6017,0.4526,372,392,0,7,1
11939,3.7272,0.5046,369,392,0,0,1
11940,4.1296,0.5133,368,389,0,3,1
11941,4.4842,0.7852,367,388,0,1,1
11942,3.9129,0.5976,367,387,0,1,1
11943,4.0981,0.6056,416,437,50,0,1
11944,4.195,0.505,416,436,0,1,1
11945,4.1829,0.506,415,436,0,0,1
11946,4.1091,0.4394,414,435,0,1,1
11947,4.1551,0.4634,413,434,0,1,1
11948,4.1855,0.4409,413,433,0,1,1
11949,4.2477,0.4991,411,433,0,0,1
11950,4.1181,0.4618,411,431,0,2,1
11951,4.1323,0.461,409,431,0,0,1
11952,4.3103,0.523,409,429,0,2,1
11953,4.0775,1.0398,409,429,0,0,1
11954,4.2374,0.7378,409,429,0,0,1
11955,4.0584,0.5197,408,429,0,0,1
11956,4.1098,0.6241,408,428,0,1,1
11957,4.2357,0.4861,408,428,0,0,1
11958,4.1486,0.4444,406,428,0,0,1
11959,4.1977,0.4391,404,426,0,2,1
11960,4.1372,0.441,403,424,0,2,1
11961,4.1857,0.4961,403,423,0,1,1
11962,4.1669,0.4208,403,423,0,0,1
11963,4.1415,0.4173,403,423,0,0,1
11964,4.1678,0.447,403,423,0,0,1
11965,4.2485,0.4621,403,423,0,0,1
11966,4.2297,0.7137,402,423,0,0,1
11967,4.0106,0.4702,401,422,0,1,1
11968,4.2174,0.5468,401,421,0,1,1
11969,4.119,0.5061,401,421,0,0,1
11970,4.1621,0.4895,401,421,0,0,1
11971,4.2195,0.5028,399,421,0,0,1
11972,4.135,0.5141,396,419,0,2,1
11973,4.2411,0.5474,396,416,0,3,1
11974,4.1275,0.4805,395,416,0,0,1
11975,4.1611,0.562,395,415,0,1,1
11976,4.1547,0.5079,395,415,0,0,1
11977,4.2712,0.4591,394,415,0,0,1
11978,4.2761,0.6491,394,414,0,1,1
11979,3.9381,0.4362,393,414,0,0,1
11980,4.1982,0.5002,393,413,0,1,1
11981,4.2608,0.4754,393,413,0,0,1
11982,4.1501,0.4857,393,413,0,0,1
11983,4.0358,0.4528,393,413,0,0,1
11984,4.154,0.4324,393,413,0,0,1
11985,4.5298,0.5762,392,413,0,0,1
11986,3.8341,0.4422,390,412,0,1,1
11987,4.1727,0.8814,388,410,0,2,1
11988,4.1657,0.4783,386,408,0,2,1
11989,4.1254,0.5407,384,406,0,2,1
11990,4.2022,0.4101,384,404,0,2,1
11991,4.1252,0.4158,383,404,0,0,1
11992,4.2344,0.4961,383,403,0,1,1
11993,4.1734,0.4944,382,403,0,0,1
11994,4.1347,0.4513,381,402,0,1,1
11995,4.1174,0.4841,381,401,0,1,1
11996,4.1949,0.5909,380,401,0,0,1
11997,4.2458,0.6978,379,400,0,1,1
11998,4.0933,0.4211,379,399,0,1,1
11999,4.1739,0.6398,379,399,0,0,1
12000,4.1405,0.5056,378,399,0,0,1
12001,4.3062,0.6217,377,398,0,1,1
12002,4.0652,0.5573,375,397,0,1,1
12003,4.1382,0.4319,374,395,0,2,1
12004,4.2767,0.4227,367,394,0,1,1
12005,4.118,0.4946,367,387,0,7,1
12006,4.0664,0.42,367,387,0,0,1
12007,4.2379,0.5311,367,387,0,0,1
12008,4.0949,0.6012,366,387,0,0,1
12009,4.5669,0.6987,364,386,0,1,1
12010,3.7903,0.624,413,434,50,2,1
12011,4.138,0.6397,413,433,0,1,1
12012,4.2215,0.5327,412,433,0,0,1
12013,4.2368,0.5559,411,432,0,1,1
12014,4.1219,0.4879,410,431,0,1,1
12015,4.1388,0.439,410,430,0,1,1
12016,4.2512,0.6946,409,430,0,0,1
12017,4.1317,0.4379,409,429,0,1,1
12018,4.1522,0.6667,409,429,0,0,1
12019,4.0605,0.4337,409,429,0,0,1
12020,4.1641,0.4379,408,429,0,0,1
12021,4.2513,0.5326,408,428,0,1,1
12022,4.1511,0.4981,408,428,0,0,1
12023,4.2483,0.5221,408,428,0,0,1
12024,4.092,0.6865,408,428,0,0,1
12025,4.1709,0.4679,408,428,0,0,1
12026,4.3088,0.6257,406,428,0,0,1
12027,4.0208,0.4324,405,426,0,2,1
12028,4.2561,0.7107,404,425,0,1,1
12029,4.2121,0.668,403,424,0,1,1
12030,4.0819,0.4961,401,423,0,1,1
12031,4.0775,0.6035,399,421,0,2,1
12032,4.2009,0.6937,398,419,0,2,1
12033,4.21,0.4839,398,418,0,1,1
12034,4.1684,0.4486,397,418,0,0,1
12035,4.0849,0.6079,396,417,0,1,1
12036,4.2166,0.4265,396,416,0,1,1
12037,4.1625,0.428,395,416,0,0,1
12038,4.1275,0.6053,395,415,0,1,1
12039,4.2073,0.4049,394,415,0,0,1
12040,4.397,0.4288,394,414,0,1,1
12041,3.9494,0.7821,394,414,0,0,1
12042,4.1795,0.4796,393,414,0,0,1
12043,4.0976,0.4299,393,413,0,1,1
12044,4.2036,0.4223,393,413,0,0,1
12045,4.1903,0.4566,393,413,0,0,1
12046,4.154,0.7029,393,413,0,0,1
12047,4.2087,0.6841,393,413,0,0,1
12048,4.1906,0.5351,392,413,0,0,1
12049,4.0642,0.4374,392,412,0,1,1
12050,4.2144,0.4987,391,412,0,0,1
12051,4.1389,0.4903,390,411,0,1,1
12052,4.1895,0.5105,390,410,0,1,1
12053,4.2222,0.4707,389,410,0,0,1
12054,4.1736,0.6381,388,409,0,1,1
12055,4.102,0.7529,388,408,0,1,1
12056,4.1503,0.4477,388,408,0,0,1
12057,4.182,0.4801,386,408,0,0,1
12058,4.4123,0.4828,385,406,0,2,1
12059,3.952,0.7395,383,405,0,1,1
12060,4.2034,0.7157,380,403,0,2,1
12061,4.1337,0.5351,379,400,0,3,1
12062,4.1381,0.9868,379,399,0,1,1
12063,4.1638,0.4489,379,399,0,0,1
12064,4.2134,0.5501,379,399,0,0,1
12065,4.1624,0.4538,378,399,0,0,1
12066,4.0964,0.4549,378,398,0,1,1
12067,4.1946,0.626,377,398,0,0,1
12068,4.1606,0.418,376,397,0,1,1
12069,4.1911,0.4638,376,396,0,1,1
12070,4.1218,0.4071,376,396,0,0,1
12071,4.2207,0.4948,374,396,0,0,1
12072,4.1641,0.6102,367,394,0,2,1
12073,4.1699,0.6606,366,387,0,7,1
12074,4.194,0.7061,365,386,0,1,1
12075,4.1088,0.4093,365,385,0,1,1
12076,4.1285,0.5984,364,385,0,0,1
12077,4.3642,0.5604,413,434,50,1,1
12078,4.0896,0.4469,412,433,0,1,1
12079,4.1469,0.7881,410,432,0,1,1
12080,4.1096,0.4447,410,430,0,2,1
12081,4.1995,0.5031,409,430,0,0,1
12082,4.1322,0.4745,409,429,0,1,1
12083,4.1587,0.4874,409,429,0,0,1
12084,4.194,0.435,409,429,0,0,1
12085,4.1767,0.7191,408,429,0,0,1
12086,4.1373,0.4936,407,428,0,1,1
12087,4.1427,0.4985,407,427,0,1,1
12088,4.4222,0.7305,407,427,0,0,1
12089,3.9865,0.4765,407,427,0,0,1
12090,4.4822,0.6414,407,427,0,0,1
12091,3.8094,0.4651,406,427,0,0,1
12092,4.1571,0.4691,406,426,0,1,1
12093,4.1965,0.5263,405,426,0,0,1
12094,4.1396,0.4638,405,425,0,1,1
12095,4.1234,0.5916,405,425,0,0,1
12096,4.1923,0.431,404,425,0,0,1
12097,4.2162,0.4464,402,424,0,1,1
12098,4.2419,0.6862,402,422,0,2,1
12099,4.0596,0.4117,401,422,0,0,1
12100,4.2284,0.488,401,421,0,1,1
12101,4.1729,0.4768,401,421,0,0,1
12102,4.053,0.4729,401,421,0,0,1
12103,4.2094,0.6071,400,421,0,0,1
12104,4.2027,0.6771,400,420,0,1,1
12105,4.1467,0.4744,400,420,0,0,1
12106,4.1579,0.4411,400,420,0,0,1
12107,4.1537,0.5006,399,420,0,0,1
12108,4.1835,0.4645,398,419,0,1,1
12109,4.154,0.706,397,418,0,1,1
12110,4.226,0.6643,396,417,0,1,1
12111,4.1144,0.5215,396,416,0,1,1
12112,4.4072,0.6081,396,416,0,0,1
12113,3.9773,0.5442,396,416,0,0,1
12114,4.222,0.7626,396,416,0,0,1
12115,4.0341,0.6501,394,416,0,0,1
12116,4.2554,0.7535,392,414,0,2,1
12117,4.2424,0.6695,392,412,0,2,1
12118,4.0009,0.5644,392,412,0,0,1
12119,4.2252,0.7134,391,412,0,0,1
12120,4.1068,0.6659,391,411,0,1,1
12121,4.2586,0.5238,389,411,0,0,1
12122,4.1681,0.7438,389,409,0,2,1
12123,4.1087,0.4914,385,409,0,0,1
12124,4.1718,0.5547,384,405,0,4,1
12125,4.2105,0.5678,384,404,0,1,1
12126,4.1046,0.5064,384,404,0,0,1
12127,4.1372,0.6768,383,404,0,0,1
12128,4.2075,0.7214,383,403,0,1,1
12129,4.285,0.4871,382,403,0,0,1
12130,4.0864,0.4826,380,402,0,1,1
12131,4.1078,0.6627,379,400,0,2,1
12132,4.1455,0.6881,378,399,0,1,1
12133,4.1846,0.4737,378,398,0,1,1
12134,4.1781,0.4403,376,398,0,0,1
12135,4.1775,0.485,375,396,0,2,1
12136,4.2286,0.7823,374,395,0,1,1
12137,4.1602,0.481,374,394,0,1,1
12138,4.144,0.4604,374,394,0,0,1
12139,4.079,0.4153,367,394,0,0,1
12140,4.189,0.4695,367,387,0,7,1
12141,4.2921,0.6818,367,387,0,0,1
12142,4.1314,0.4367,367,387,0,0,1
12143,4.1634,0.6334,366,387,0,0,1
12144,4.1916,0.623,415,436,50,1,1
12145,4.0898,0.6358,414,435,0,1,1
12146,4.1998,0.5757,413,434,0,1,1
12147,4.1369,0.4246,413,433,0,1,1
12148,4.2687,0.7563,413,433,0,0,1
12149,4.1021,0.5085,412,433,0,0,1
12150,4.1981,0.7104,412,432,0,1,1
12151,4.07,0.6371,412,432,0,0,1
12152,4.1959,0.5499,412,432,0,0,1
12153,4.18,0.5935,411,432,0,0,1
12154,4.2696,0.7958,411,431,0,1,1
12155,4.0693,0.8301,409,431,0,0,1
12156,4.1798,0.5498,408,429,0,2,1
12157,4.207,0.5162,408,428,0,1,1
12158,4.1293,0.473,408,428,0,0,1
12159,4.1305,0.4303,408,428,0,0,1
12160,4.1795,0.6046,408,428,0,0,1
12161,4.336,0.7331,408,428,0,0,1
12162,4.0424,0.494,408,428,0,0,1
12163,4.0679,0.4249,407,428,0,0,1
12164,4.182,0.4361,407,427,0,1,1
12165,4.2429,0.4626,405,427,0,0,1
12166,4.1155,0.4366,405,425,0,2,1
12167,4.2149,0.4108,405,425,0,0,1
12168,4.1069,0.4261,404,425,0,0,1
12169,4.2102,0.5019,402,424,0,1,1
12170,4.1523,0.543,401,422,0,2,1
12171,4.1611,0.4251,400,421,0,1,1
12172,4.1829,0.557,400,420,0,1,1
12173,4.3638,0.6972,400,420,0,0,1
12174,3.9789,0.4543,399,420,0,0,1
12175,4.1214,0.6628,399,419,0,1,1
12176,4.1953,0.4549,398,419,0,0,1
12177,4.1709,0.4841,398,418,0,1,1
12178,4.2049,0.5303,397,418,0,0,1
12179,4.146,0.7379,397,417,0,1,1
12180,4.2489,0.772,396,417,0,0,1
12181,4.1069,0.8584,396,416,0,1,1
12182,4.1497,0.5446,396,416,0,0,1
12183,4.0973,0.4524,396,416,0,0,1
12184,4.2067,0.5472,395,416,0,0,1
12185,4.2354,0.7442,394,415,0,1,1
12186,4.3501,0.6197,394,414,0,1,1
12187,3.888,0.4911,394,414,0,0,1
12188,4.2433,0.7649,394,414,0,0,1
12189,4.093,0.5016,393,414,0,0,1
12190,4.1827,0.5126,392,413,0,1,1
12191,4.1465,0.6853,390,412,0,1,1
12192,4.2587,0.7109,390,410,0,2,1
12193,4.1283,0.5938,390,410,0,0,1
12194,4.1487,0.5754,390,410,0,0,1
12195,4.162,0.5327,390,410,0,0,1
12196,4.648,0.6637,390,410,0,0,1
12197,3.7438,0.4636,389,410,0,0,1
12198,4.1343,0.4467,389,409,0,1,1
12199,4.1416,0.6353,389,409,0,0,1
12200,4.1367,0.4514,388,409,0,0,1
12201,4.1803,0.4959,386,408,0,1,1
12202,4.1752,0.4395,385,406,0,2,1
12203,4.3819,0.5026,384,405,0,1,1
12204,3.91,0.4899,384,404,0,1,1
12205,4.2853,0.6591,384,404,0,0,1
12206,4.1474,0.5869,377,404,0,0,1
12207,4.1083,0.5323,377,397,0,7,1
12208,4.2304,0.5541,377,397,0,0,1
12209,4.1619,0.5796,377,397,0,0,1
12210,4.1408,0.7808,377,397,0,0,1
12211,4.0962,0.9216,377,397,0,0,1
12212,4.2172,0.5964,427,447,50,0,1
12213,4.1508,0.713,426,447,0,0,1
12214,4.1797,0.491,426,446,0,1,1
12215,4.1944,0.5072,426,446,0,0,1
12216,4.2021,0.5374,426,446,0,0,1
12217,4.1333,0.7419,424,446,0,0,1
12218,4.2546,0.6576,423,444,0,2,1
12219,4.0457,0.478,421,443,0,1,1
12220,4.1807,0.565,419,441,0,2,1
12221,4.2266,0.5575,419,439,0,2,1
12222,4.1624,0.4674,419,439,0,0,1
12223,4.1316,0.6114,418,439,0,0,1
12224,4.1167,0.461,416,438,0,1,1
12225,4.2492,0.5262,416,436,0,2,1
12226,4.1097,0.4868,416,436,0,0,1
12227,4.1396,0.6077,416,436,0,0,1
12228,4.3825,0.4358,415,436,0,0,1
12229,4.0256,0.6884,414,435,0,1,1
12230,4.2811,0.7328,414,434,0,1,1
12231,3.9654,0.6416,414,434,0,0,1
12232,4.4074,0.7564,414,434,0,0,1
12233,3.9683,0.6586,414,434,0,0,1
12234,4.2028,0.8157,412,434,0,0,1
12235,4.3356,0.7031,411,432,0,2,1
12236,3.9971,0.7585,411,431,0,1,1
12237,4.6645,0.513,411,431,0,0,1
12238,3.6693,0.4929,409,431,0,0,1
12239,4.1311,0.6553,407,429,0,2,1
12240,4.4329,0.4653,406,427,0,2,1
12241,4.1326,0.4438,405,426,0,1,1
12242,4.0873,0.7567,405,425,0,1,1
12243,4.0009,0.4245,404,425,0,0,1
12244,4.5441,0.6674,404,424,0,1,1
12245,4.1393,0.4768,404,424,0,0,1
12246,3.8122,0.4681,403,424,0,0,1
12247,4.1315,0.6892,401,423,0,1,1
12248,4.2013,0.5447,400,421,0,2,1
12249,4.3109,0.7968,399,420,0,1,1
12250,3.9639,0.5361,399,419,0,1,1
12251,4.2636,0.7067,398,419,0,0,1
12252,4.4343,0.4722,398,418,0,1,1
12253,4.0026,0.4414,398,418,0,0,1
12254,4.301,0.666,398,418,0,0,1
12255,3.9289,0.4277,398,418,0,0,1
12256,4.5045,0.6287,397,418,0,0,1
12257,3.8798,0.6681,397,417,0,1,1
12258,4.0953,0.5999,397,417,0,0,1
12259,4.1689,0.4225,395,417,0,0,1
12260,4.188,0.4763,395,415,0,2,1
12261,4.4026,0.6204,395,415,0,0,1
12262,3.9496,0.4315,394,415,0,0,1
12263,4.1749,0.6608,394,414,0,1,1
12264,4.556,0.5568,394,414,0,0,1
12265,3.7743,0.478,394,414,0,0,1
12266,4.383,0.5785,394,414,0,0,1
12267,3.9334,0.4062,394,414,0,0,1
12268,4.2663,0.7067,392,414,0,0,1
12269,4.2194,0.6268,392,412,0,2,1
12270,3.9981,0.4244,391,412,0,0,1
12271,4.1429,0.4046,391,411,0,1,1
12272,4.1662,0.426,389,411,0,0,1
12273,4.3924,0.4202,382,409,0,2,1
12274,3.9983,0.4728,382,402,0,7,1
12275,4.1817,0.6889,380,402,0,0,1
12276,4.2075,0.6251,379,400,0,2,1
12277,4.1093,0.5598,379,399,0,1,1
12278,4.1389,0.4861,379,399,0,0,1
12279,4.1601,0.5802,429,449,50,0,1
12280,4.2819,0.6876,429,449,0,0,1
12281,4.109,0.6548,429,449,0,0,1
12282,4.0917,0.5029,428,449,0,0,1
12283,4.1495,0.7369,428,448,0,1,1
12284,4.1729,0.4946,428,448,0,0,1
12285,4.225,0.629,427,448,0,0,1
12286,4.1802,0.5215,427,447,0,1,1
12287,4.1827,0.6543,427,447,0,0,1
12288,4.1108,0.507,426,447,0,0,1
12289,4.2901,0.6094,426,446,0,1,1
12290,4.0831,0.4805,425,446,0,0,1
12291,4.1061,0.4544,424,445,0,1,1
12292,4.1898,0.6964,422,444,0,1,1
12293,4.214,0.5185,421,442,0,2,1
12294,4.2125,0.6274,420,441,0,1,1
12295,4.0317,0.6388,420,440,0,1,1
12296,4.1825,0.4617,419,440,0,0,1
12297,4.254,0.4935,419,439,0,1,1
12298,4.1668,0.6202,416,439,0,0,1
12299,4.1849,0.6588,415,436,0,3,1
12300,4.0826,0.7923,415,435,0,1,1
12301,4.2661,0.6514,415,435,0,0,1
12302,4.0517,0.4696,415,435,0,0,1
12303,4.1848,0.4487,415,435,0,0,1
12304,4.2035,0.4751,415,435,0,0,1
12305,4.209,0.8695,415,435,0,0,1
12306,4.1349,0.5432,414,435,0,0,1
12307,4.1554,0.6911,412,434,0,1,1
12308,4.124,0.5143,411,432,0,2,1
12309,4.1894,0.5329,410,431,0,1,1
12310,4.1394,0.4527,410,430,0,1,1
12311,4.2812,0.6715,410,430,0,0,1
12312,4.1686,0.7487,410,430,0,0,1
12313,4.0329,0.6252,410,430,0,0,1
12314,4.2075,0.4794,409,430,0,0,1
12315,4.1195,0.4714,409,429,0,1,1
12316,4.2392,0.494,408,429,0,0,1
12317,4.186,0.4449,406,428,0,1,1
12318,4.2051,0.6818,404,426,0,2,1
12319,4.0745,0.427,404,424,0,2,1
12320,4.1615,0.4791,403,424,0,0,1
12321,4.1516,0.5822,400,423,0,1,1
12322,4.1866,0.4991,400,420,0,3,1
12323,4.3277,0.448,399,420,0,0,1
12324,3.9692,0.4244,399,419,0,1,1
12325,4.2536,0.7797,399,419,0,0,1
12326,4.1485,0.4842,398,419,0,0,1
12327,4.1336,0.4698,397,418,0,1,1
12328,4.1851,0.486,396,417,0,1,1
12329,4.1983,0.4934,396,416,0,1,1
12330,4.2825,0.8821,396,416,0,0,1
12331,4.0299,0.4812,396,416,0,0,1
12332,4.143,0.4904,395,416,0,0,1
12333,4.187,0.5862,393,415,0,1,1
12334,4.1208,0.5006,393,413,0,2,1
12335,4.2126,0.7307,393,413,0,0,1
12336,4.1677,0.4854,393,413,0,0,1
12337,4.3182,0.681,392,413,0,0,1
12338,4.0255,0.5667,390,412,0,1,1
12339,4.1392,0.5035,389,410,0,2,1
12340,4.1766,0.5321,381,409,0,1,1
12341,4.2353,0.5222,381,401,0,8,1
12342,4.1041,0.6856,379,401,0,0,1
12343,4.1716,0.6986,379,399,0,2,1
12344,4.1418,0.4841,378,399,0,0,1
12345,4.1822,0.6597,377,398,0,1,1
12346,4.1511,0.732,427,447,50,1,1
12347,4.1799,0.6893,425,447,0,0,1
12348,4.2436,0.564,424,445,0,2,1
12349,4.1072,0.4556,422,444,0,1,1
12350,4.184,0.546,422,442,0,2,1
12351,4.1248,0.4354,422,442,0,0,1
12352,4.1859,0.5232,420,442,0,0,1
12353,4.1664,0.4318,419,440,0,2,1
12354,4.2578,0.7078,418,439,0,1,1
12355,4.0612,0.6731,417,438,0,1,1
12356,4.2245,0.7958,416,437,0,1,1
12357,4.1385,0.5977,413,436,0,1,1
12358,4.1308,0.5705,413,433,0,3,1
12359,4.138,0.4396,413,433,0,0,1
12360,4.2464,0.5119,413,433,0,0,1
12361,4.2368,0.7934,413,433,0,0,1
12362,4.1418,0.7238,413,433,0,0,1
12363,4.0722,0.4424,413,433,0,0,1
12364,4.1981,0.4807,411,433,0,0,1
12365,4.4424,0.443,411,431,0,2,1
12366,3.9611,0.6811,410,431,0,0,1
12367,4.0284,0.6467,410,430,0,1,1
12368,4.1983,0.4651,410,430,0,0,1
12369,4.2794,0.4936,408,430,0,0,1
12370,4.0605,0.5181,406,428,0,2,1
12371,4.1402,0.7096,406,426,0,2,1
12372,4.2404,0.5699,406,426,0,0,1
12373,4.1706,0.659,406,426,0,0,1
12374,4.1379,0.6355,406,426,0,0,1
12375,4.1414,0.4632,405,426,0,0,1
12376,4.1857,0.5266,405,425,0,1,1
12377,4.2007,0.4863,404,425,0,0,1
12378,4.1728,0.4851,404,424,0,1,1
12379,4.1291,0.4241,403,424,0,0,1
12380,4.185,0.44,403,423,0,1,1
12381,4.3468,0.6341,402,423,0,0,1
12382,4.1338,0.6557,402,422,0,1,1
12383,3.9741,0.6174,402,422,0,0,1
12384,4.2337,0.5164,402,422,0,0,1
12385,4.2393,0.4413,402,422,0,0,1
12386,4.0752,0.7026,400,422,0,0,1
12387,4.139,0.4909,398,420,0,2,1
12388,4.2596,0.5458,398,418,0,2,1
12389,4.1263,0.5547,397,418,0,0,1
12390,4.107,0.4838,396,417,0,1,1
12391,4.1865,0.7748,394,416,0,1,1
12392,4.1213,0.7079,391,414,0,2,1
12393,4.5555,0.6224,391,411,0,3,1
12394,3.8163,0.5065,391,411,0,0,1
12395,4.208,0.7973,391,411,0,0,1
12396,4.1204,0.5713,389,411,0,0,1
12397,4.2369,0.5803,388,409,0,2,1
12398,4.1233,0.6349,388,408,0,1,1
12399,4.1361,0.468,388,408,0,0,1
12400,4.1439,0.8101,386,408,0,0,1
12401,4.2723,0.5035,386,406,0,2,1
12402,4.183,0.6057,386,406,0,0,1
12403,4.027,0.6152,386,406,0,0,1
12404,4.205,0.6663,385,406,0,0,1
12405,4.176,0.6454,385,405,0,1,1
12406,4.1597,0.4636,385,405,0,0,1
12407,4.1948,0.6136,385,405,0,0,1
12408,4.1382,0.4418,377,405,0,0,1
12409,4.2169,0.5063,377,397,0,8,1
12410,4.1343,0.4546,377,397,0,0,1
12411,4.154,0.4258,377,397,0,0,1
12412,4.2487,0.7012,376,397,0,0,1
12413,4.1624,0.8391,423,446,50,1,1
12414,4.1027,0.5108,423,443,0,3,1
12415,4.1109,0.6906,423,443,0,0,1
12416,4.2418,0.4593,423,443,0,0,1
12417,4.1516,0.6573,422,443,0,0,1
12418,4.2243,0.5982,421,442,0,1,1
12419,4.1557,0.772,420,441,0,1,1
12420,4.0731,0.5195,420,440,0,1,1
12421,4.331,0.604,420,440,0,0,1
12422,4.3349,0.4592,419,440,0,0,1
12423,3.8558,0.4931,419,439,0,1,1
12424,4.2181,0.6573,419,439,0,0,1
12425,4.1494,0.7338,418,439,0,0,1
12426,4.1929,0.7338,417,438,0,1,1
12427,4.0716,0.4676,417,437,0,1,1
12428,4.2143,0.4421,417,437,0,0,1
12429,4.1868,0.5838,417,437,0,0,1
12430,4.16,0.6681,416,437,0,0,1
12431,4.2706,0.778,416,436,0,1,1
12432,4.0901,0.629,416,436,0,0,1
12433,4.182,0.5531,415,436,0,0,1
12434,4.1271,0.5261,415,435,0,1,1
12435,4.1376,0.457,414,435,0,0,1
12436,4.3953,0.6284,413,434,0,1,1
12437,3.9659,0.4441,413,433,0,1,1
12438,4.2672,0.5134,413,433,0,0,1
12439,4.0196,0.595,411,433,0,0,1
12440,4.1996,0.4426,411,431,0,2,1
12441,4.1814,0.4651,411,431,0,0,1
12442,4.1279,0.4695,410,431,0,0,1
12443,4.3344,0.4922,410,430,0,1,1
12444,4.1284,0.6974,409,430,0,0,1
12445,4.1111,0.7976,409,429,0,1,1
12446,4.2035,0.5063,409,429,0,0,1
12447,4.074,0.4358,405,429,0,0,1
12448,4.1908,0.4871,404,425,0,4,1
12449,4.1997,0.4719,403,424,0,1,1
12450,4.0915,0.4475,403,423,0,1,1
12451,4.1637,0.611,402,423,0,0,1
12452,4.1992,0.4428,402,422,0,1,1
12453,4.2429,0.5347,402,422,0,0,1
12454,4.0709,0.486,401,422,0,0,1
12455,4.204,0.649,401,421,0,1,1
12456,4.2055,0.6248,400,421,0,0,1
12457,4.1921,0.434,399,420,0,1,1
12458,4.0615,0.6449,398,419,0,1,1
12459,4.1909,0.4338,397,418,0,1,1
12460,4.2128,0.6594,395,417,0,1,1
12461,4.2129,0.4778,394,415,0,2,1
12462,4.2502,0.7187,394,414,0,1,1
12463,3.9949,0.6806,394,414,0,0,1
12464,4.1589,0.5172,394,414,0,0,1
12465,4.2278,0.6597,393,414,0,0,1
12466,4.1151,0.5759,391,413,0,1,1
12467,4.1815,0.789,390,411,0,2,1
12468,4.1954,0.4918,388,410,0,1,1
12469,4.1642,0.7364,388,408,0,2,1
12470,4.1363,0.952,386,408,0,0,1
12471,4.1397,0.5099,385,406,0,2,1
12472,4.1632,0.4905,384,405,0,1,1
12473,4.2332,0.5247,384,404,0,1,1
12474,4.1634,0.7349,384,404,0,0,1
12475,4.0853,0.702,377,404,0,0,1
12476,4.2606,0.7304,376,397,0,7,1
12477,4.1488,0.492,376,396,0,1,1
12478,4.1283,0.4668,375,396,0,0,1
12479,4.2185,0.5802,375,395,0,1,1
12480,4.1142,1.0316,423,445,50,0,1
12481,4.2197,0.7645,423,443,0,2,1
12482,4.243,0.6254,422,443,0,0,1
12483,4.0366,0.4628,422,442,0,1,1
12484,4.4778,0.7385,422,442,0,0,1
12485,3.9181,0.4973,420,442,0,0,1
12486,4.1532,0.5274,419,440,0,2,1
12487,4.1097,0.4322,419,439,0,1,1
12488,4.183,0.4523,416,439,0,0,1
12489,4.1947,0.4816,416,436,0,3,1
12490,4.1385,0.5858,416,436,0,0,1
12491,4.1664,0.4894,416,436,0,0,1
12492,4.1688,0.53,416,436,0,0,1
12493,4.1681,0.7369,416,436,0,0,1
12494,4.1884,0.5306,415,436,0,0,1
12495,4.1028,0.5151,415,435,0,1,1
12496,4.2111,0.5586,415,435,0,0,1
12497,4.2081,0.5301,414,435,0,0,1
12498,4.1028,0.4466,414,434,0,1,1
12499,4.1192,0.5913,413,434,0,0,1
12500,4.2658,0.6324,412,433,0,1,1
12501,4.1547,0.4895,412,432,0,1,1
12502,4.1439,0.4551,411,432,0,0,1
12503,4.1306,0.6022,410,431,0,1,1
12504,4.2159,0.5046,410,430,0,1,1
12505,4.2473,0.4187,410,430,0,0,1
12506,4.1138,0.6133,410,430,0,0,1
12507,4.1141,0.4348,410,430,0,0,1
12508,4.2284,0.6603,410,430,0,0,1
12509,4.129,0.4699,409,430,0,0,1
12510,4.2682,0.5987,408,429,0,1,1
12511,4.0224,0.6862,408,428,0,1,1
12512,4.2419,0.7537,408,428,0,0,1
12513,4.2583,0.6944,407,428,0,0,1
12514,4.0673,0.5961,407,427,0,1,1
12515,4.1602,0.6241,407,427,0,0,1
12516,4.1461,0.5148,406,427,0,0,1
12517,4.2596,0.6703,404,426,0,1,1
12518,4.0854,0.4476,403,424,0,2,1
12519,4.1497,0.4314,402,423,0,1,1
12520,4.1354,0.6558,402,422,0,1,1
12521,4.2636,0.5076,402,422,0,0,1
12522,4.1575,0.4873,401,422,0,0,1
12523,4.0818,0.5576,400,421,0,1,1
12524,4.1913,0.608,398,420,0,1,1
12525,4.1577,0.4306,397,418,0,2,1
12526,4.1785,0.4692,396,417,0,1,1
12527,4.205,0.5916,395,416,0,1,1
12528,4.1681,0.5232,394,415,0,1,1
12529,4.119,0.4292,394,414,0,1,1
12530,4.4497,0.687,394,414,0,0,1
12531,3.9017,0.4135,394,414,0,0,1
12532,4.3018,0.6718,392,414,0,0,1
12533,4.0779,0.5033,392,412,0,2,1
12534,4.2005,0.4771,392,412,0,0,1
12535,4.0726,0.4092,392,412,0,0,1
12536,4.1951,0.5198,390,412,0,0,1
12537,4.3369,0.602,389,410,0,2,1
12538,4.0313,0.4275,389,409,0,1,1
12539,4.197,0.6412,388,409,0,0,1
12540,4.1196,0.4849,388,408,0,1,1
12541,4.1972,0.4695,387,408,0,0,1
12542,4.1635,0.476,380,407,0,1,1
12543,4.0807,0.4144,378,400,0,7,1
12544,4.2484,0.6916,377,398,0,2,1
12545,4.1393,0.4245,376,397,0,1,1
12546,4.1921,0.4715,375,396,0,1,1
12547,4.125,0.593,375,395,0,1,1
12548,4.1556,0.5466,424,445,50,0,1
12549,4.1879,0.509,424,444,0,1,1
12550,4.1502,0.5001,423,444,0,0,1
12551,4.2429,0.727,423,443,0,1,1
12552,4.0961,0.5953,423,443,0,0,1
12553,4.214,0.5778,422,443,0,0,1
12554,4.127,0.7,421,442,0,1,1
12555,4.1457,0.5253,419,441,0,1,1
12556,4.2642,0.4756,417,439,0,2,1
12557,4.3603,0.6348,416,437,0,2,1
12558,3.94,0.4547,416,436,0,1,1
12559,4.146,0.6134,415,436,0,0,1
12560,5.0842,0.6489,415,435,0,1,1
12561,3.1826,0.4247,414,435,0,0,1
12562,4.2725,0.4542,413,434,0,1,1
12563,4.1312,0.7106,413,433,0,1,1
12564,4.1179,0.4533,412,433,0,0,1
12565,4.2445,0.5952,412,432,0,1,1
12566,4.1097,0.456,412,432,0,0,1
12567,4.1694,0.4864,412,432,0,0,1
12568,4.1146,0.6671,412,432,0,0,1
12569,4.2196,0.4622,412,432,0,0,1
12570,4.3781,0.6928,412,432,0,0,1
12571,3.9036,0.4301,412,432,0,0,1
12572,4.2238,0.4621,411,432,0,0,1
12573,4.1412,0.4515,411,431,0,1,1
12574,4.2075,0.4615,411,431,0,0,1
12575,4.1085,0.6006,411,431,0,0,1
12576,4.3367,0.6939,411,431,0,0,1
12577,4.0758,0.484,410,431,0,0,1
12578,4.112,0.6406,410,430,0,1,1
12579,4.1872,0.4489,410,430,0,0,1
12580,4.4952,0.5207,410,430,0,0,1
12581,3.8439,0.4862,410,430,0,0,1
12582,4.2454,0.7273,409,430,0,0,1
12583,4.0941,0.7513,409,429,0,1,1
12584,4.1524,0.5088,409,429,0,0,1
12585,4.1768,0.4982,407,429,0,0,1
12586,4.1532,0.4521,407,427,0,2,1
12587,4.1492,0.6062,407,427,0,0,1
12588,4.2183,0.4937,405,427,0,0,1
12589,4.173,0.5093,405,425,0,2,1
12590,4.1005,0.609,404,425,0,0,1
12591,4.2,0.4207,402,424,0,1,1
12592,4.1475,0.4484,401,422,0,2,1
12593,4.1651,0.4462,400,421,0,1,1
12594,4.2187,0.6607,399,420,0,1,1
12595,4.095,0.4398,398,419,0,1,1
12596,4.2154,0.4399,397,418,0,1,1
12597,4.1829,0.4809,397,417,0,1,1
12598,4.15,0.4817,396,417,0,0,1
12599,4.1605,0.4217,393,416,0,1,1
12600,4.1289,0.683,393,413,0,3,1
12601,4.3113,0.6928,392,413,0,0,1
12602,4.0929,0.5544,391,412,0,1,1
12603,4.125,0.4488,391,411,0,1,1
12604,4.1593,0.4735,389,411,0,0,1
12605,4.1691,0.4667,389,409,0,2,1
12606,4.1972,0.7481,388,409,0,0,1
12607,4.2863,0.7428,387,408,0,1,1
12608,4.0657,0.7444,385,407,0,1,1
12609,4.1733,0.5321,384,405,0,2,1
12610,4.1176,0.684,377,404,0,1,1
12611,4.2041,0.7419,377,397,0,7,1
12612,4.1304,0.4634,377,397,0,0,1
12613,4.2134,0.6864,377,397,0,0,1
12614,4.1915,0.4438,376,397,0,0,1
12615,4.085,0.6267,426,446,50,1,1
12616,4.1857,0.5393,426,446,0,0,1
12617,4.1991,0.6331,424,446,0,0,1
12618,4.0911,0.5239,423,444,0,2,1
12619,4.1418,0.678,422,443,0,1,1
12620,4.2182,0.643,421,442,0,1,1
12621,4.1735,0.5043,421,441,0,1,1
12622,4.1454,0.4977,421,441,0,0,1
12623,4.1539,0.4386,419,441,0,0,1
12624,4.3687,0.5178,419,439,0,2,1
12625,3.9991,0.44,419,439,0,0,1
12626,4.301,0.7654,419,439,0,0,1
12627,4.032,0.5911,419,439,0,0,1
12628,4.4809,0.5973,419,439,0,0,1
12629,3.9251,0.6183,419,439,0,0,1
12630,4.1424,0.4832,419,439,0,0,1
12631,4.5194,0.4986,418,439,0,0,1
12632,3.8323,0.7175,417,438,0,1,1
12633,4.1367,0.5192,417,437,0,1,1
12634,4.1617,0.5157,415,437,0,0,1
12635,4.1191,0.627,413,435,0,2,1
12636,4.2014,0.4846,413,433,0,2,1
12637,4.1988,0.691,411,433,0,0,1
12638,4.1326,0.6632,410,431,0,2,1
12639,4.132,0.4301,410,430,0,1,1
12640,4.5163,0.684,409,430,0,0,1
12641,3.9048,0.5337,409,429,0,1,1
12642,4.1479,0.5179,409,429,0,0,1
12643,4.1033,0.5855,408,429,0,0,1
12644,4.1778,0.5402,407,428,0,1,1
12645,4.2772,0.6709,406,427,0,1,1
12646,4.0678,0.5144,404,426,0,1,1
12647,4.1061,0.6321,402,424,0,2,1
12648,4.2088,0.4976,402,422,0,2,1
12649,4.249,0.4759,402,422,0,0,1
12650,4.326,0.6139,401,422,0,0,1
12651,3.9449,0.4338,400,421,0,1,1
12652,4.2085,0.5352,400,420,0,1,1
12653,4.1552,0.532,399,420,0,0,1
12654,4.2007,0.5011,399,419,0,1,1
12655,4.0997,0.588,398,419,0,0,1
12656,4.1792,0.4975,397,418,0,1,1
12657,4.1586,0.6059,397,417,0,1,1
12658,4.2601,0.6247,397,417,0,0,1
12659,4.1222,0.6462,396,417,0,0,1
12660,4.0907,0.5039,395,416,0,1,1
12661,4.2665,0.4813,394,415,0,1,1
12662,4.0559,0.5886,394,414,0,1,1
12663,4.205,0.4312,394,414,0,0,1
12664,4.44,0.621,394,414,0,0,1
12665,3.9497,0.4787,392,414,0,0,1
12666,4.1622,0.5074,392,412,0,2,1
12667,4.0912,0.4251,391,412,0,0,1
12668,4.1868,0.4559,391,411,0,1,1
12669,4.3289,0.5887,390,411,0,0,1
12670,4.0813,0.4793,389,410,0,1,1
12671,4.0752,0.6754,387,409,0,1,1
12672,4.1638,0.4417,386,407,0,2,1
12673,4.3128,0.5408,386,406,0,1,1
12674,4.0339,0.4576,386,406,0,0,1
12675,4.178,0.441,386,406,0,0,1
12676,4.2322,0.66,378,406,0,0,1
12677,4.0934,0.4794,378,398,0,8,1
12678,4.217,0.4626,378,398,0,0,1
12679,4.3086,0.544,378,398,0,0,1
12680,3.9474,0.4492,377,398,0,0,1
12681,4.2651,0.47,377,397,0,1,1
12682,4.1081,0.5681,427,447,50,0,1
12683,4.2759,0.4535,427,447,0,0,1
12684,4.1952,0.5006,426,447,0,0,1
12685,4.0846,0.5587,424,446,0,1,1
12686,4.1501,0.6595,423,444,0,2,1
12687,4.1217,0.4999,423,443,0,1,1
12688,4.1772,0.694,422,443,0,0,1
12689,4.5936,0.6583,420,442,0,1,1
12690,3.727,0.4787,420,440,0,2,1
12691,4.1304,0.6233,419,440,0,0,1
12692,4.2078,0.4636,418,439,0,1,1
12693,4.1496,0.7034,418,438,0,1,1
12694,4.1879,0.4456,418,438,0,0,1
12695,4.1453,0.4281,418,438,0,0,1
12696,4.1573,0.6304,417,438,0,0,1
12697,4.2948,0.673,416,437,0,1,1
12698,4.3498,0.706,416,436,0,1,1
12699,3.8892,0.4593,416,436,0,0,1
12700,4.4141,0.5109,416,436,0,0,1
12701,3.9609,0.4806,414,436,0,0,1
12702,4.4013,0.5884,413,434,0,2,1
12703,4.0504,0.5138,413,433,0,1,1
12704,4.0169,0.4738,411,433,0,0,1
12705,4.1167,0.4707,411,431,0,2,1
12706,4.1814,0.5541,411,431,0,0,1
12707,4.1869,0.6341,410,431,0,0,1
12708,4.4657,0.6379,410,430,0,1,1
12709,3.9236,0.6495,409,430,0,0,1
12710,4.4807,0.4324,407,429,0,1,1
12711,3.8051,0.4427,406,427,0,2,1
12712,4.1834,0.655,406,426,0,1,1
12713,4.2049,0.4584,406,426,0,0,1
12714,4.3084,0.6639,405,426,0,0,1
12715,4.0317,0.7103,405,425,0,1,1
12716,4.1644,0.6958,404,425,0,0,1
12717,4.3927,0.4178,403,424,0,1,1
12718,3.9315,0.6699,401,423,0,1,1
12719,4.1501,0.4275,400,421,0,2,1
12720,4.1347,0.4451,400,420,0,1,1
12721,4.1932,0.703,399,420,0,0,1
12722,4.1541,0.4863,399,419,0,1,1
12723,4.1521,0.4513,399,419,0,0,1
12724,4.1842,0.4783,398,419,0,0,1
12725,4.1981,0.517,396,418,0,1,1
12726,4.1877,0.7299,393,416,0,2,1
12727,4.2275,0.4733,392,413,0,3,1
12728,4.0412,0.527,391,412,0,1,1
12729,4.2069,0.5724,391,411,0,1,1
12730,4.1722,0.4936,390,411,0,0,1
12731,4.1597,0.7392,390,410,0,1,1
12732,4.1298,0.4968,388,410,0,0,1
12733,4.2006,0.728,388,408,0,2,1
12734,4.1146,0.483,387,408,0,0,1
12735,4.1822,0.4849,385,407,0,1,1
12736,4.4939,0.7183,384,405,0,2,1
12737,3.8958,0.5346,383,404,0,1,1
12738,4.0939,0.7476,383,403,0,1,1
12739,4.1386,0.695,383,403,0,0,1
12740,4.2015,0.4961,383,403,0,0,1
12741,4.2298,0.5255,382,403,0,0,1
12742,4.1192,0.4905,382,402,0,1,1
12743,4.1105,0.604,375,402,0,0,1
12744,4.3203,0.7683,375,395,0,7,1
12745,4.2312,0.6829,375,395,0,0,1
12746,4.0418,0.6872,375,395,0,0,1
12747,4.1266,0.4573,375,395,0,0,1
12748,4.1311,0.8469,373,395,0,0,1
12749,4.1805,0.6596,422,443,50,2,1
12750,4.2916,0.7681,420,442,0,1,1
12751,4.1827,0.597,420,440,0,2,1
12752,4.1742,0.7076,420,440,0,0,1
12753,4.0871,0.5626,419,440,0,0,1
12754,4.1292,0.5432,418,439,0,1,1
12755,4.1379,0.4308,417,438,0,1,1
12756,4.2856,0.4773,416,437,0,1,1
12757,4.1239,0.6655,415,436,0,1,1
12758,4.3216,0.6726,415,435,0,1,1
12759,3.9546,0.424,415,435,0,0,1
12760,4.5772,0.5872,413,435,0,0,1
12761,3.8035,0.6176,412,433,0,2,1
12762,4.1726,0.5759,412,432,0,1,1
12763,4.0763,0.7117,411,432,0,0,1
12764,4.2461,0.8073,411,431,0,1,1
12765,4.2096,0.7785,410,431,0,0,1
12766,4.0763,0.4723,408,430,0,1,1
12767,4.1589,0.4432,408,428,0,2,1
12768,4.2168,0.497,407,428,0,0,1
12769,4.1059,0.5271,405,427,0,1,1
12770,4.1914,0.6186,404,425,0,2,1
12771,4.2263,0.6028,403,424,0,1,1
12772,4.174,0.5015,402,423,0,1,1
12773,4.1553,0.5038,400,422,0,1,1
12774,4.173,0.6124,400,420,0,2,1
12775,4.3011,0.4264,399,420,0,0,1
12776,3.9873,0.7904,398,419,0,1,1
12777,4.2515,0.6028,397,418,0,1,1
12778,4.1607,0.5507,396,417,0,1,1
12779,4.0691,0.4602,396,416,0,1,1
12780,4.4818,0.4735,395,416,0,0,1
12781,3.932,0.613,395,415,0,1,1
12782,4.1358,0.6955,395,415,0,0,1
12783,4.1233,0.4792,395,415,0,0,1
12784,4.2163,0.6757,395,415,0,0,1
12785,4.1639,0.7781,394,415,0,0,1
12786,4.1888,1.0124,393,414,0,1,1
12787,4.085,0.4943,392,413,0,1,1
12788,4.173,0.6314,392,412,0,1,1
12789,4.5344,0.7599,391,412,0,0,1
12790,3.9295,0.4605,391,411,0,1,1
12791,4.1092,0.6384,390,411,0,0,1
12792,4.1364,0.5333,389,410,0,1,1
12793,4.2048,0.479,389,409,0,1,1
12794,4.1919,0.4521,389,409,0,0,1
12795,4.0675,0.434,389,409,0,0,1
12796,4.2725,0.6647,389,409,0,0,1
12797,4.061,0.5092,389,409,0,0,1
12798,4.1426,0.4449,388,409,0,0,1
12799,4.2311,0.4279,387,408,0,1,1
12800,4.1336,0.4415,387,407,0,1,1
12801,4.1753,0.535,387,407,0,0,1
12802,4.1559,0.4285,386,407,0,0,1
12803,4.6806,0.4536,385,406,0,1,1
12804,3.7439,0.4553,383,405,0,1,1
12805,4.209,0.6161,383,403,0,2,1
12806,4.3613,0.4377,382,403,0,0,1
12807,3.8114,0.4189,381,402,0,1,1
12808,4.3696,0.4759,379,401,0,1,1
12809,4.0096,0.4499,378,399,0,2,1
12810,4.2492,0.5061,377,398,0,1,1
12811,4.0348,0.7136,370,397,0,1,1
12812,4.1997,0.5477,369,390,0,7,1
12813,4.1943,0.7616,366,389,0,1,1
12814,4.149,0.5742,366,386,0,3,1
12815,4.119,0.7354,365,386,0,0,1
12816,4.2577,0.7535,414,435,50,1,1
12817,4.1584,0.542,413,434,0,1,1
12818,4.116,0.5557,412,433,0,1,1
12819,4.1772,0.4393,412,432,0,1,1
12820,4.4112,0.4825,411,432,0,0,1
12821,3.9931,0.7354,411,431,0,1,1
12822,4.2358,0.4949,411,431,0,0,1
12823,4.267,0.5809,410,431,0,0,1
12824,3.9286,0.4482,410,430,0,1,1
12825,4.1314,0.6191,410,430,0,0,1
12826,4.1948,0.4372,410,430,0,0,1
12827,4.1335,0.7106,410,430,0,0,1
12828,4.2075,0.5066,410,430,0,0,1
12829,4.2306,0.5724,408,430,0,0,1
12830,4.1204,0.5751,407,428,0,2,1
12831,4.1431,0.5198,406,427,0,1,1
12832,4.1227,0.6334,405,426,0,1,1
12833,4.2799,0.4494,405,425,0,1,1
12834,4.2416,0.7181,405,425,0,0,1
12835,4.0335,0.6619,404,425,0,0,1
12836,4.1766,0.4537,404,424,0,1,1
12837,4.1849,0.4727,404,424,0,0,1
12838,4.1425,0.4498,404,424,0,0,1
12839,4.2118,0.4259,404,424,0,0,1
12840,4.2571,0.7908,404,424,0,0,1
12841,4.065,0.6738,404,424,0,0,1
12842,4.1452,0.4679,404,424,0,0,1
12843,4.1482,0.4426,404,424,0,0,1
12844,4.1882,0.4822,403,424,0,0,1
12845,4.2363,0.6763,403,423,0,1,1
12846,4.2734,0.7393,403,423,0,0,1
12847,4.013,0.4846,403,423,0,0,1
12848,4.1291,0.5049,402,423,0,0,1
12849,4.1654,0.5977,400,422,0,1,1
12850,4.1586,0.8006,399,420,0,2,1
12851,4.2054,0.6687,399,419,0,1,1
12852,4.1733,0.4886,398,419,0,0,1
12853,4.2987,0.7828,398,418,0,1,1
12854,4.0311,0.4385,398,418,0,0,1
12855,4.1503,0.433,398,418,0,0,1
12856,4.2178,0.5354,398,418,0,0,1
12857,4.1544,0.4512,396,418,0,0,1
12858,4.1852,0.6878,395,416,0,2,1
12859,4.1893,0.722,395,415,0,1,1
12860,4.1131,0.748,391,415,0,0,1
12861,4.3596,0.7604,391,411,0,4,1
12862,3.9663,0.5643,390,411,0,0,1
12863,4.1553,0.6636,388,410,0,1,1
12864,4.1613,0.4946,388,408,0,2,1
12865,4.2055,0.4133,387,408,0,0,1
12866,4.0912,0.4999,386,407,0,1,1
12867,4.1858,0.415,384,406,0,1,1
12868,4.1789,0.4727,384,404,0,2,1
12869,4.2175,0.4579,384,404,0,0,1
12870,4.1047,0.518,384,404,0,0,1
12871,4.4154,0.3951,383,404,0,0,1
12872,3.9103,0.7351,382,403,0,1,1
12873,4.1859,0.471,380,402,0,1,1
12874,4.2034,0.6424,378,400,0,2,1
12875,4.1449,0.569,378,398,0,2,1
12876,4.196,0.4362,378,398,0,0,1
12877,4.1646,0.6947,376,398,0,0,1
12878,4.2439,0.6448,367,396,0,2,1
12879,4.0308,0.3946,367,387,0,9,1
12880,4.2154,0.4616,367,387,0,0,1
12881,4.1689,0.5919,367,387,0,0,1
12882,4.1687,0.4888,367,387,0,0,1
12883,4.0839,0.6508,366,387,0,0,1
12884,4.2073,0.5848,416,436,50,1,1
12885,4.1885,0.4979,416,436,0,0,1
12886,4.1959,0.5277,415,436,0,0,1
12887,4.1148,0.4388,415,435,0,1,1
12888,4.1706,0.5543,415,435,0,0,1
12889,4.2926,0.839,414,435,0,0,1
12890,4.0872,0.728,413,434,0,1,1
12891,4.1128,0.5224,412,433,0,1,1
12892,4.1927,0.5423,409,432,0,1,1
12893,4.1973,0.6337,409,429,0,3,1
12894,4.1734,0.473,408,429,0,0,1
12895,4.4843,0.4392,408,428,0,1,1
12896,3.8394,0.6616,408,428,0,0,1
12897,4.2382,0.681,407,428,0,0,1
12898,4.1255,0.5415,406,427,0,1,1
12899,4.0605,0.6299,406,426,0,1,1
12900,4.5203,0.4574,406,426,0,0,1
12901,3.9136,0.5519,406,426,0,0,1
12902,4.1603,0.4233,406,426,0,0,1
12903,4.1007,0.4382,406,426,0,0,1
12904,4.1741,0.5373,406,426,0,0,1
12905,4.1926,0.4895,406,426,0,0,1
12906,4.1072,0.4689,406,426,0,0,1
12907,4.1562,0.6575,405,426,0,0,1
12908,4.2076,0.6663,403,425,0,1,1
12909,4.2611,0.7232,402,423,0,2,1
12910,4.0639,0.5122,402,422,0,1,1
12911,4.2254,0.7257,401,422,0,0,1
12912,4.117,0.537,401,421,0,1,1
12913,4.159,0.6588,400,421,0,0,1
12914,4.2173,0.7634,397,420,0,1,1
12915,4.1213,0.516,397,417,0,3,1
12916,4.2227,0.5285,395,417,0,0,1
12917,4.1403,0.4617,394,415,0,2,1
12918,4.1943,0.5044,394,414,0,1,1
12919,4.1166,0.4272,394,414,0,0,1
12920,4.1642,0.5589,394,414,0,0,1
12921,4.2523,0.6294,393,414,0,0,1
12922,4.1276,0.4672,392,413,0,1,1
12923,4.1337,0.6082,392,412,0,1,1
12924,4.1939,0.4691,390,412,0,0,1
12925,4.1946,0.4984,390,410,0,2,1
12926,4.1296,0.4637,390,410,0,0,1
12927,4.1356,0.4198,388,410,0,0,1
12928,4.2537,0.9467,386,408,0,2,1
12929,4.1563,0.8352,384,406,0,2,1
12930,4.0478,0.4212,384,404,0,2,1
12931,4.1821,0.4401,384,404,0,0,1
12932,4.2363,0.4495,383,404,0,0,1
12933,4.1875,0.5681,382,403,0,1,1
12934,4.1713,0.5016,381,402,0,1,1
12935,4.4491,0.4639,380,401,0,1,1
12936,3.806,0.4564,380,400,0,1,1
12937,4.2462,0.4842,379,400,0,0,1
12938,4.1207,0.4614,379,399,0,1,1
12939,4.1458,0.4983,378,399,0,0,1
12940,4.2118,0.5031,377,398,0,1,1
12941,4.2394,0.9887,376,397,0,1,1
12942,4.1026,0.6231,376,396,0,1,1
12943,4.1652,0.5404,374,396,0,0,1
12944,4.1142,0.5359,372,394,0,2,1
12945,4.1776,0.552,365,392,0,2,1
12946,4.1556,0.4878,365,385,0,7,1
12947,4.2399,0.6889,363,385,0,0,1
12948,4.0806,0.4278,362,383,0,2,1
12949,4.2338,0.6423,362,382,0,1,1
12950,4.1291,0.4395,362,382,0,0,1
12951,4.1583,0.5965,412,432,50,0,1
12952,4.2206,0.482,411,432,0,0,1
12953,4.2013,0.9264,410,431,0,1,1
12954,4.1745,0.551,410,430,0,1,1
12955,4.0895,0.854,410,430,0,0,1
12956,4.1606,0.5497,410,430,0,0,1
12957,4.196,0.5228,409,430,0,0,1
12958,4.1184,0.4847,407,429,0,1,1
12959,4.1551,0.4335,407,427,0,2,1
12960,4.2223,0.5484,406,427,0,0,1
12961,4.2427,0.5315,406,426,0,1,1
12962,4.0183,0.8133,406,426,0,0,1
12963,4.2123,0.4364,406,426,0,0,1
12964,4.1708,0.4957,406,426,0,0,1
12965,4.2416,0.4477,406,426,0,0,1
12966,4.1227,0.4279,406,426,0,0,1
12967,4.1997,0.439,405,426,0,0,1
12968,4.0912,0.4435,405,425,0,1,1
12969,4.1772,0.4605,405,425,0,0,1
12970,4.1279,0.4049,404,425,0,0,1
12971,4.2171,0.6773,404,424,0,1,1
12972,4.1267,0.4334,404,424,0,0,1
12973,4.2329,0.5658,404,424,0,0,1
12974,4.2154,0.7177,404,424,0,0,1
12975,4.0656,0.4676,404,424,0,0,1
12976,4.1815,0.5023,404,424,0,0,1
12977,4.1995,0.654,402,424,0,0,1
12978,4.2247,0.7363,401,422,0,2,1
12979,4.2415,0.6529,401,421,0,1,1
12980,4.0932,0.7553,401,421,0,0,1
12981,4.1163,0.5759,401,421,0,0,1
12982,4.1035,0.539,400,421,0,0,1
12983,4.1386,0.732,399,420,0,1,1
12984,4.1495,0.4755,399,419,0,1,1
12985,4.312,0.6209,397,419,0,0,1
12986,4.1144,0.492,396,417,0,2,1
12987,4.1286,0.4318,396,416,0,1,1
12988,4.2478,0.5122,395,416,0,0,1
12989,4.1599,0.4767,394,415,0,1,1
12990,4.2017,0.6084,393,414,0,1,1
12991,4.1645,0.7314,393,413,0,1,1
12992,4.0455,0.4503,393,413,0,0,1
12993,4.1847,0.493,392,413,0,0,1
12994,4.1689,0.5014,390,412,0,1,1
12995,4.1878,0.61,388,410,0,2,1
12996,4.0721,0.4506,387,408,0,2,1
12997,4.7337,0.5785,387,407,0,1,1
12998,3.6647,0.4196,385,407,0,0,1
12999,4.212,0.4293,384,405,0,2,1
13000,4.1791,0.4942,383,404,0,1,1
13001,4.1957,0.4647,382,403,0,1,1
13002,4.1393,0.5277,381,402,0,1,1
13003,4.0817,0.6638,381,401,0,1,1
13004,4.2038,0.4493,381,401,0,0,1
13005,4.2276,0.5581,379,401,0,0,1
13006,4.1516,0.6517,377,399,0,2,1
13007,4.0986,0.5251,377,397,0,2,1
13008,4.2036,0.5352,376,397,0,0,1
13009,4.3131,0.6979,376,396,0,1,1
13010,4.1209,0.6809,374,396,0,0,1
13011,4.0532,0.4923,373,394,0,2,1
13012,4.1465,0.6795,366,393,0,1,1
13013,4.2523,0.5158,365,386,0,7,1
13014,4.161,0.498,365,385,0,1,1
13015,4.243,0.4665,365,385,0,0,1
13016,4.1685,0.7296,364,385,0,0,1
13017,4.0953,0.4654,364,384,0,1,1
13018,4.0983,0.5704,414,434,50,0,1
13019,4.2419,0.6352,414,434,0,0,1
13020,4.0744,0.5915,414,434,0,0,1
13021,4.3079,0.7171,413,434,0,0,1
13022,4.1996,0.5527,411,433,0,1,1
13023,3.9792,0.4675,410,431,0,2,1
13024,4.2088,0.5521,409,430,0,1,1
13025,4.2154,0.4994,409,429,0,1,1
13026,4.1633,0.6272,408,429,0,0,1
13027,4.0713,0.6165,408,428,0,1,1
13028,4.1838,0.4483,408,428,0,0,1
13029,4.3289,0.7225,407,428,0,0,1
13030,4.0435,0.4384,407,427,0,1,1
13031,4.1535,0.6079,406,427,0,0,1
13032,4.2076,0.506,405,426,0,1,1
13033,4.1251,0.5021,405,425,0,1,1
13034,4.1808,0.5647,405,425,0,0,1
13035,4.16,0.4349,404,425,0,0,1
13036,4.1586,0.4938,404,424,0,1,1
13037,4.2497,0.5236,404,424,0,0,1
13038,4.0855,0.4226,404,424,0,0,1
13039,4.1893,0.6917,404,424,0,0,1
13040,4.1608,0.6915,402,424,0,0,1
13041,4.2348,0.6708,402,422,0,2,1
13042,4.1215,0.5189,402,422,0,0,1
13043,4.1856,0.7208,401,422,0,0,1
13044,4.1099,0.4609,401,421,0,1,1
13045,4.3121,0.7057,401,421,0,0,1
13046,4.061,0.5629,401,421,0,0,1
13047,4.1283,0.4688,400,421,0,0,1
13048,4.1773,0.5938,399,420,0,1,1
13049,4.1829,0.622,398,419,0,1,1
13050,4.158,0.5516,396,418,0,1,1
13051,4.1052,0.6131,396,416,0,2,1
13052,4.2138,0.5624,396,416,0,0,1
13053,4.2314,0.4868,396,416,0,0,1
13054,4.1426,0.6261,395,416,0,0,1
13055,4.212,0.8587,395,415,0,1,1
13056,4.0923,0.5655,395,415,0,0,1
13057,4.2932,0.7777,395,415,0,0,1
13058,4.0471,0.5671,395,415,0,0,1
13059,4.1566,0.5057,395,415,0,0,1
13060,4.2759,0.6614,394,415,0,0,1
13061,4.1339,0.4956,393,414,0,1,1
13062,4.1246,0.5203,393,413,0,1,1
13063,4.119,0.4398,393,413,0,0,1
13064,4.1592,0.4542,392,413,0,0,1
13065,4.2026,0.504,392,412,0,1,1
13066,4.1944,0.5044,392,412,0,0,1
13067,4.1186,0.4929,392,412,0,0,1
13068,4.1172,0.4432,391,412,0,0,1
13069,4.2884,0.4858,391,411,0,1,1
13070,4.1519,0.5,391,411,0,0,1
13071,4.1063,0.4281,391,411,0,0,1
13072,4.2409,0.6657,391,411,0,0,1
13073,4.1384,0.5621,390,411,0,0,1
13074,4.1009,0.46,390,410,0,1,1
13075,4.1532,0.61,389,410,0,0,1
13076,4.2302,0.4512,388,409,0,1,1
13077,4.1255,0.6077,387,408,0,1,1
13078,4.187,0.5132,386,407,0,1,1
13079,4.1633,0.7462,378,406,0,1,1
13080,4.2071,0.5117,377,398,0,8,1
13081,4.2389,0.6819,377,397,0,1,1
13082,4.1697,0.6308,376,397,0,0,1
13083,4.0548,0.6174,375,396,0,1,1
13084,4.223,0.5206,375,395,0,1,1
13085,4.1828,1.0695,425,445,50,0,1
13086,4.2065,0.5305,425,445,0,0,1
13087,4.2837,0.4758,425,445,0,0,1
13088,3.9393,0.4553,424,445,0,0,1
13089,4.5536,0.4858,423,444,0,1,1
13090,3.7782,0.4377,423,443,0,1,1
13091,4.2442,0.6609,423,443,0,0,1
13092,4.1473,0.5065,423,443,0,0,1
13093,4.1185,0.4925,422,443,0,0,1
13094,4.1724,0.5646,421,442,0,1,1
13095,4.1569,0.5237,421,441,0,1,1
13096,4.1739,0.5066,420,441,0,0,1
13097,4.1785,0.4753,420,440,0,1,1
13098,4.393,0.6454,418,440,0,0,1
13099,3.9447,0.6713,417,438,0,2,1
13100,4.1517,0.4529,416,437,0,1,1
13101,4.1772,0.4723,415,436,0,1,1
13102,4.1705,0.554,414,435,0,1,1
13103,4.1594,0.6998,413,434,0,1,1
13104,4.207,0.4822,413,433,0,1,1
13105,4.293,0.7711,412,433,0,0,1
13106,4.1121,0.6645,411,432,0,1,1
13107,4.0436,0.4882,410,431,0,1,1
13108,4.2116,0.5916,410,430,0,1,1
13109,4.1664,0.5877,410,430,0,0,1
13110,4.16,0.473,410,430,0,0,1
13111,4.1084,0.5232,410,430,0,0,1
13112,4.1895,0.4632,408,430,0,0,1
13113,4.2128,0.5102,408,428,0,2,1
13114,4.1201,0.4371,408,428,0,0,1
13115,4.1673,0.4329,407,428,0,0,1
13116,4.1191,0.4838,406,427,0,1,1
13117,4.2625,0.6531,406,426,0,1,1
13118,4.1268,0.4734,406,426,0,0,1
13119,4.1328,0.4236,406,426,0,0,1
13120,4.4822,0.4524,406,426,0,0,1
13121,3.9485,0.6314,405,426,0,0,1
13122,4.1096,0.8116,403,425,0,1,1
13123,4.1503,0.7813,402,423,0,2,1
13124,4.2142,0.7455,401,422,0,1,1
13125,4.162,0.4971,401,421,0,1,1
13126,4.17,0.6138,397,421,0,0,1
13127,4.3281,0.4986,397,417,0,4,1
13128,4.0168,0.4968,397,417,0,0,1
13129,4.3231,0.4839,397,417,0,0,1
13130,3.9533,0.4858,396,417,0,0,1
13131,4.1722,0.4933,395,416,0,1,1
13132,4.178,0.5359,395,415,0,1,1
13133,4.1783,0.6733,395,415,0,0,1
13134,4.1103,0.6733,393,415,0,0,1
13135,4.1426,0.5148,393,413,0,2,1
13136,4.258,0.4724,393,413,0,0,1
13137,4.1328,0.5352,392,413,0,0,1
13138,4.2083,0.4591,392,412,0,1,1
13139,4.0852,0.6203,391,412,0,0,1
13140,4.1627,0.4731,391,411,0,1,1
13141,4.2877,0.4624,391,411,0,0,1
13142,4.1998,0.6764,390,411,0,0,1
13143,4.0845,0.4388,389,410,0,1,1
13144,4.1486,0.5498,389,409,0,1,1
13145,4.2245,0.4859,388,409,0,0,1
13146,4.1546,0.7038,388,408,0,1,1
13147,4.1212,0.6146,380,408,0,0,1
13148,4.205,0.7789,379,400,0,8,1
13149,4.1657,0.5864,379,399,0,1,1
13150,4.1431,0.4991,379,399,0,0,1
13151,4.1238,0.6564,378,399,0,0,1
13152,4.2631,0.6145,427,448,50,1,1
13153,4.1267,0.4519,425,447,0,1,1
13154,4.1503,0.6948,425,445,0,2,1
13155,4.1522,0.454,425,445,0,0,1
13156,4.2166,0.5701,424,445,0,0,1
13157,4.1404,0.4969,422,444,0,1,1
13158,4.1925,0.4859,421,442,0,2,1
13159,4.1932,0.4748,420,441,0,1,1
13160,4.1389,0.7572,420,440,0,1,1
13161,4.4647,0.5808,420,440,0,0,1
13162,3.8197,1.0787,2,440,0,0,0
13163,4.2106,0.7168,2,23,0,417,0
13164,4.1191,0.4638,2,23,0,0,0
13165,4.2478,0.3857,2,23,0,0,0
13166,4.1385,0.5728,2,23,0,0,0
13167,4.1162,0.3435,2,23,0,0,0
13168,4.1779,0.3493,2,23,0,0,0
13169,4.1738,0.32,2,23,0,0,0
13170,4.1438,0.3405,2,23,0,0,0
13171,4.1371,0.3237,2,23,0,0,0
13172,4.2068,0.3173,2,23,0,0,0
13173,4.1317,0.5484,2,23,0,0,0
13174,4.2977,0.506,2,23,0,0,0
13175,4.0786,0.5602,2,23,0,0,0
13176,4.1435,0.4123,2,23,0,0,0
13177,4.2578,0.4251,2,23,0,0,0
13178,4.0915,0.5449,2,23,0,0,0
13179,4.2081,0.3156,2,23,0,0,0
13180,4.3603,0.3867,2,23,0,0,0
13181,3.9743,0.5778,2,23,0,0,0
13182,4.5799,0.3154,2,23,0,0,0
13183,3.677,0.3126,2,23,0,0,0
13184,4.2034,0.5031,2,23,0,0,0
13185,4.1969,0.5133,2,23,0,0,0
13186,4.2165,0.3421,2,23,0,0,0
13187,4.3355,0.4609,2,23,0,0,0
13188,3.9551,0.3774,2,23,0,0,0
13189,4.5245,0.3208,2,23,0,0,0
13190,3.839,0.4635,2,23,0,0,0
13191,4.0982,0.3164,2,23,0,0,0
13192,4.2574,0.3745,2,23,0,0,0
13193,4.1232,0.6152,2,23,0,0,0
13194,4.2346,0.512,2,23,0,0,0
13195,3.9693,0.4882,2,23,0,0,0
13196,4.2695,0.4347,2,23,0,0,0
13197,4.1502,0.5611,2,23,0,0,0
13198,4.2075,0.3187,2,23,0,0,0
13199,4.1449,0.4778,2,23,0,0,0
13200,4.191,0.393,2,23,0,0,0
13201,4.1802,0.3612,2,23,0,0,0
13202,4.0812,0.4912,2,23,0,0,0
13203,4.1938,0.3477,2,23,0,0,0
13204,4.3722,0.3181,2,23,0,0,0
13205,3.9756,0.3394,2,23,0,0,0
13206,4.2706,0.3652,2,23,0,0,0
13207,4.0328,0.3024,2,23,0,0,0
13208,4.178,0.3179,2,23,0,0,0
13209,4.2258,0.3445,2,23,0,0,0
13210,4.1482,0.3145,2,23,0,0,0
13211,4.2661,0.446,2,23,0,0,0
13212,3.9995,0.3407,2,23,0,0,0
13213,4.2703,0.3584,2,23,0,0,0
13214,4.0922,0.364,2,23,0,0,0
13215,4.1759,0.3358,2,23,0,0,0
13216,4.1906,0.4891,2,23,0,0,0
13217,4.1603,0.3371,2,23,0,0,0
13218,4.2411,0.3554,2,23,0,0,0
13219,4.0253,0.3147,2,23,0,0,0
13220,4.3537,0.4345,2,23,0,0,0
13221,4.0942,0.3532,2,23,0,0,0
13222,4.0969,0.3361,2,23,0,0,0
13223,4.1388,0.3185,2,23,0,0,0
13224,4.2569,0.4009,2,23,0,0,0
13225,4.1632,0.572,2,23,0,0,0
13226,4.1564,0.3471,2,23,0,0,0
13227,4.126,0.3144,2,23,0,0,0
13228,4.186,0.3748,2,23,0,0,0
13229,4.1887,0.2893,2,23,0,0,0
13230,4.2684,0.4265,2,23,0,0,0
13231,4.0708,0.3132,2,23,0,0,0
13232,4.1189,0.3159,2,23,0,0,0
13233,4.1527,0.3281,2,23,0,0,0
13234,4.1799,0.3156,2,23,0,0,0
13235,4.1547,0.3205,2,23,0,0,0
13236,4.1365,0.2947,2,23,0,0,0
13237,4.2168,0.5417,2,23,0,0,0
13238,4.2324,0.6441,2,23,0,0,0
13239,4.0968,0.3164,2,23,0,0,0
13240,4.217,0.3673,2,23,0,0,0
13241,4.2077,0.5861,2,23,0,0,0
13242,4.0617,0.3415,2,23,0,0,0
13243,4.1653,0.3498,2,23,0,0,0
13244,4.4817,0.3855,2,23,0,0,0
13245,3.8515,0.3145,2,23,0,0,0
13246,4.1963,0.3378,2,23,0,0,0
13247,4.1092,0.4103,2,23,0,0,0
13248,4.1633,0.381,2,23,0,0,0
13249,4.1949,0.3147,2,23,0,0,0
13250,4.1907,0.3642,2,23,0,0,0
13251,4.1573,0.3408,2,23,0,0,0
13252,4.2387,0.3634,2,23,0,0,0
13253,4.1864,0.3536,2,23,0,0,0
13254,4.122,0.3086,2,23,0,0,0
13255,4.0935,0.3351,2,23,0,0,0
13256,4.5089,0.4119,2,23,0,0,0
13257,3.9088,0.3903,2,23,0,0,0
13258,4.1237,0.3395,2,23,0,0,0
13259,4.1101,0.549,2,23,0,0,0
13260,4.2052,0.3446,2,23,0,0,0
13261,4.2642,0.3821,2,23,0,0,0
13262,4.1464,0.6003,2,23,0,0,0
13263,4.1033,0.3355,2,23,0,0,0
13264,4.2344,0.3594,2,23,0,0,0
13265,4.1622,0.3779,2,23,0,0,0
13266,4.3556,0.5913,2,23,0,0,0
13267,3.8752,0.6073,2,23,0,0,0
13268,4.2105,0.364,2,23,0,0,0
13269,4.1985,0.593,2,23,0,0,0
13270,4.1184,0.3572,2,23,0,0,0
13271,4.2146,0.3361,2,23,0,0,0
13272,4.4346,0.582,2,23,0,0,0
13273,3.9179,0.6214,2,23,0,0,0
13274,4.216,0.3791,2,23,0,0,0
13275,4.0534,0.337,2,23,0,0,0
13276,4.1756,0.5539,2,23,0,0,0
13277,4.1599,0.4564,2,23,0,0,0
13278,4.2296,0.3594,2,23,0,0,0
13279,4.386,0.3194,2,23,0,0,0
13280,3.9791,0.3813,2,23,0,0,0
13281,4.2007,0.6126,2,23,0,0,0
13282,4.0754,0.3363,2,23,0,0,0
13283,4.1254,0.3184,2,23,0,0,0
13284,4.1522,0.3758,2,23,0,0,0
13285,4.2437,0.4606,2,23,0,0,0
13286,4.3382,0.3353,2,23,0,0,0
13287,3.917,0.358,2,23,0,0,0
13288,4.2608,0.3608,2,23,0,0,0
13289,4.1497,0.3344,2,23,0,0,0
13290,4.1913,0.3557,2,23,0,0,0
13291,4.1487,0.6174,2,23,0,0,0
13292,4.1636,0.4562,2,23,0,0,0
13293,4.2399,0.7674,2,23,0,0,0
13294,4.1,0.346,2,23,0,0,0
13295,4.1292,0.5662,2,23,0,0,0
13296,4.0889,0.3598,2,23,0,0,0
13297,4.4791,0.3369,2,23,0,0,0
13298,4.4638,0.5345,2,23,0,0,0
13299,3.5892,0.3142,2,23,0,0,0
13300,4.3047,0.3482,2,23,0,0,0
13301,4.1585,0.3867,2,23,0,0,0
13302,4.1942,0.4188,2,23,0,0,0
13303,4.0071,0.307,2,23,0,0,0
13304,4.1761,0.5046,2,23,0,0,0
13305,4.2062,0.512,2,23,0,0,0
13306,4.2152,0.3398,2,23,0,0,0
13307,4.0689,0.5327,2,23,0,0,0
13308,4.2064,0.3438,2,23,0,0,0
13309,4.2931,0.5875,2,23,0,0,0
13310,4.0065,0.3612,2,23,0,0,0
13311,4.1747,0.3137,2,23,0,0,0
13312,4.1902,0.3405,2,23,0,0,0
13313,4.422,0.3612,2,23,0,0,0
13314,3.9752,0.3901,2,23,0,0,0
13315,4.0667,0.4549,2,23,0,0,0
13316,4.2268,0.5335,2,23,0,0,0
13317,4.2181,0.5212,2,23,0,0,0
13318,4.1021,0.3399,2,23,0,0,0
13319,4.3909,0.6856,2,23,0,0,0
13320,3.9912,0.3616,2,23,0,0,0
13321,4.1738,0.3611,2,23,0,0,0
13322,4.0339,0.5205,2,23,0,0,0
13323,4.2933,0.6271,2,23,0,0,0
13324,4.5238,0.3999,2,23,0,0,0
13325,3.7657,0.3332,2,23,0,0,0
13326,4.4603,0.3267,2,23,0,0,0
13327,4.2291,0.4437,2,23,0,0,0
13328,4.1591,0.3815,2,23,0,0,0
13329,3.932,0.453,2,23,0,0,0
13330,4.4018,0.3941,2,23,0,0,0
13331,3.8533,0.6001,2,23,0,0,0
13332,4.0986,0.3475,2,23,0,0,0
13333,4.187,0.5131,2,23,0,0,0
13334,4.1921,0.5853,2,23,0,0,0
13335,4.1465,0.3131,2,23,0,0,0
13336,4.2974,0.3357,2,23,0,0,0
13337,4.0616,0.2937,2,23,0,0,0
13338,4.1347,0.3348,2,23,0,0,0
13339,4.137,0.5168,2,23,0,0,0
13340,4.1745,0.3106,2,23,0,0,0
13341,4.2082,0.3405,2,23,0,0,0
13342,4.1329,0.3782,2,23,0,0,0
13343,4.2157,0.5938,2,23,0,0,0
13344,4.6432,0.4105,2,23,0,0,0
13345,3.7256,0.3754,2,23,0,0,0
13346,5.2876,0.3465,2,23,0,0,0
13347,3.357,0.3422,2,23,0,0,0
13348,4.1941,0.424,2,23,0,0,0
13349,4.161,0.3421,2,23,0,0,0
13350,4.1183,0.3811,2,23,0,0,0
13351,4.0651,0.3345,2,23,0,0,0
13352,4.2309,0.3791,2,23,0,0,0
13353,3.8675,0.3825,2,23,0,0,0
13354,4.5027,0.3399,2,23,0,0,0
13355,4.1223,0.3363,2,23,0,0,0
13356,4.086,0.3363,2,23,0,0,0
13357,4.0069,0.3696,2,23,0,0,0
13358,4.1044,0.3719,2,23,0,0,0
13359,4.4724,0.3379,2,23,0,0,0
13360,3.8922,0.543,2,23,0,0,0
13361,4.1257,0.3658,2,23,0,0,0
13362,4.4443,0.5855,2,23,0,0,0
13363,4.1139,0.5769,2,23,0,0,0
13364,3.9293,0.3263,2,23,0,0,0
13365,4.5035,0.4144,2,23,0,0,0
13366,3.8237,0.3927,2,23,0,0,0
13367,4.1826,0.5728,2,23,0,0,0
13368,4.3238,0.3209,2,23,0,0,0
13369,4.1379,0.5872,2,23,0,0,0
13370,4.3467,0.4371,2,23,0,0,0
13371,3.8123,0.3186,2,23,0,0,0
13372,4.5174,0.5992,2,23,0,0,0
13373,3.8316,0.3143,2,23,0,0,0
13374,4.1966,0.5377,2,23,0,0,0
13375,4.3825,0.6774,2,23,0,0,0
13376,3.9955,0.3177,2,23,0,0,0
13377,4.1792,0.5784,2,23,0,0,0
13378,4.1003,0.3098,2,23,0,0,0
13379,4.1944,0.3409,2,23,0,0,0
13380,4.8091,0.3274,2,23,0,0,0
13381,3.5349,0.5917,2,23,0,0,0
13382,4.3904,0.5616,2,23,0,0,0
13383,3.9219,0.3374,2,23,0,0,0
13384,4.118,0.3013,2,23,0,0,0
13385,4.1659,0.297,2,23,0,0,0
13386,4.1653,0.4674,2,23,0,0,0
13387,4.338,0.5925,2,23,0,0,0
13388,4.1521,0.5972,2,23,0,0,0
13389,4.5965,0.3741,2,23,0,0,0
13390,3.6734,0.4201,2,23,0,0,0
13391,4.1895,0.4693,2,23,0,0,0
13392,4.5898,0.367,2,23,0,0,0
13393,3.7456,0.5452,2,23,0,0,0
13394,4.5661,0.3371,2,23,0,0,0
13395,4.1388,0.3354,2,23,0,0,0
13396,4.0368,0.3365,2,23,0,0,0
13397,4.3127,0.3426,2,23,0,0,0
13398,4.0332,0.3346,2,23,0,0,0
13399,4.1997,0.3645,2,23,0,0,0
13400,4.213,0.3203,2,23,0,0,0
13401,4.0687,0.3111,2,23,0,0,0
13402,4.4102,0.2958,2,23,0,0,0
13403,3.942,0.2847,2,23,0,0,0
13404,4.8118,0.2935,2,23,0,0,0
13405,3.4447,0.3051,2,23,0,0,0
13406,4.2338,0.2926,2,23,0,0,0
13407,4.1731,0.2898,2,23,0,0,0
13408,4.0578,0.2911,2,23,0,0,0
13409,4.6322,0.3012,2,23,0,0,0
13410,3.4782,0.3122,2,23,0,0,0
13411,4.4192,0.3047,2,23,0,0,0
13412,4.3187,0.606,2,23,0,0,0
13413,4.474,0.338,2,23,0,0,0
13414,3.7771,0.3122,2,23,0,0,0
13415,3.8657,0.3006,2,23,0,0,0
13416,4.4945,0.3201,2,23,0,0,0
13417,3.8467,0.3143,2,23,0,0,0
13418,4.5874,0.3259,2,23,0,0,0
13419,4.1118,0.3185,2,23,0,0,0
13420,3.8506,0.4243,2,23,0,0,0
13421,4.1498,0.3212,2,23,0,0,0
13422,4.5501,0.3489,2,23,0,0,0
13423,3.7249,0.6003,2,23,0,0,0
13424,4.2158,0.9685,2,23,0,0,0
13425,4.4375,0.3179,2,23,0,0,0
13426,3.9366,0.312,2,23,0,0,0
13427,4.384,0.3797,2,23,0,0,0
13428,3.8976,0.3355,2,23,0,0,0
13429,4.4504,0.3158,2,23,0,0,0
13430,4.0979,0.2782,2,23,0,0,0
13431,3.9221,0.2724,2,23,0,0,0
13432,4.4304,0.3772,2,23,0,0,0
13433,3.9943,0.5579,2,23,0,0,0
13434,4.4571,0.3474,2,23,0,0,0
13435,3.8465,0.5371,2,23,0,0,0
13436,4.1845,0.6108,2,23,0,0,0
13437,4.2089,0.3854,2,23,0,0,0
13438,4.1024,0.2764,2,23,0,0,0
13439,4.5244,0.4715,2,23,0,0,0
13440,3.8872,0.5196,2,23,0,0,0
13441,4.358,0.3233,2,23,0,0,0
13442,4.1255,0.3168,2,23,0,0,0
13443,3.9248,0.3368,2,23,0,0,0
13444,4.517,0.3807,2,23,0,0,0
13445,3.8922,0.5725,2,23,0,0,0
13446,4.1039,0.3549,2,23,0,0,0
13447,4.1424,0.3389,2,23,0,0,0
13448,4.1623,0.4664,2,23,0,0,0
13449,4.5291,0.3713,2,23,0,0,0
13450,4.1411,0.3914,2,23,0,0,0
13451,3.8824,0.3824,2,23,0,0,0
13452,4.1058,0.3429,2,23,0,0,0
13453,4.2528,0.3601,2,23,0,0,0
13454,4.1011,0.3173,2,23,0,0,0
13455,4.1613,0.3351,2,23,0,0,0
13456,4.5227,0.3535,2,23,0,0,0
13457,3.8538,0.3143,2,23,0,0,0
13458,4.165,0.3831,2,23,0,0,0
13459,4.0927,0.5096,2,23,0,0,0
13460,4.1729,0.3051,2,23,0,0,0
13461,4.2127,0.4081,2,23,0,0,0
13462,4.2939,0.341,2,23,0,0,0
13463,3.9933,0.5337,2,23,0,0,0
13464,4.1454,0.3538,2,23,0,0,0
13465,4.5507,0.3311,2,23,0,0,0
13466,3.8694,0.3805,2,23,0,0,0
13467,4.1622,0.386,2,23,0,0,0
13468,4.2962,0.4213,2,23,0,0,0
13469,4.2324,0.3312,2,23,0,0,0
13470,4.0022,0.3152,2,23,0,0,0
13471,4.4083,0.3264,2,23,0,0,0
13472,4.1577,0.3925,2,23,0,0,0
