frame,frameMs,cpuMs,activeObjects,totalObjects,created,destroyed,bossActive
0,0.9484,2.2462,2,713,0,0,0
1,5.1427,1.0563,2,713,0,0,0
2,1.8152,0.3565,2,713,0,0,0
3,4.0528,0.2865,2,713,0,0,0
4,3.8936,0.5553,2,713,0,0,0
5,3.9505,0.418,2,713,0,0,0
6,4.3355,0.4586,2,713,0,0,0
7,4.2487,0.3909,2,713,0,0,0
8,3.8941,0.4249,2,713,0,0,0
9,4.3873,0.4628,2,713,0,0,0
10,4.2956,0.4464,2,713,0,0,0
11,4.0407,0.4013,2,713,0,0,0
12,3.8978,0.259,2,713,0,0,0
13,4.1305,0.4623,2,713,0,0,0
14,4.3232,0.2272,2,713,0,0,0
15,4.1248,0.3234,2,713,0,0,0
16,4.1577,0.3993,2,713,0,0,0
17,4.1197,0.4513,2,713,0,0,0
18,4.3796,0.4018,2,713,0,0,0
19,4.2251,0.339,2,713,0,0,0
20,3.9691,0.2955,2,713,0,0,0
21,4.3229,0.4515,2,713,0,0,0
22,4.3239,0.2713,2,713,0,0,0
23,4.0113,0.2524,2,713,0,0,0
24,4.0809,0.432,2,713,0,0,0
25,3.9779,0.4072,2,713,0,0,0
26,4.6983,0.4011,2,713,0,0,0
27,3.5726,0.4099,2,713,0,0,0
28,4.2535,0.3088,2,713,0,0,0
29,4.2296,0.3252,2,713,0,0,0
30,3.9048,0.2173,2,713,0,0,0
31,4.2033,0.2346,2,713,0,0,0
32,4.1428,0.2349,2,713,0,0,0
33,14.799,0.317,2,713,0,0,0
34,0.5413,0.2755,2,713,0,0,0
35,2.6064,1.5312,2,713,0,0,0
36,3.4184,0.2514,2,713,0,0,0
37,4.4883,0.8978,2,713,0,0,0
38,3.8612,0.4041,2,713,0,0,0
39,4.169,0.4121,2,713,0,0,0
40,4.1197,0.4009,2,713,0,0,0
41,4.1768,0.3535,2,713,0,0,0
42,4.1242,0.4145,2,713,0,0,0
43,4.0795,0.2272,2,713,0,0,0
44,4.2872,0.3192,2,713,0,0,0
45,4.1376,0.3629,2,713,0,0,0
46,4.2895,0.2808,2,713,0,0,0
47,4.0644,0.3973,2,713,0,0,0
48,3.9032,0.4318,2,713,0,0,0
49,5.6898,0.3532,2,713,0,0,0
50,3.1014,0.2176,2,713,0,0,0
51,4.2081,0.2261,2,713,0,0,0
52,4.0489,0.251,2,713,0,0,0
53,4.253,0.2329,2,713,0,0,0
54,3.7829,0.3241,2,713,0,0,0
55,4.1431,0.3876,2,713,0,0,0
56,5.0549,0.2201,2,713,0,0,0
57,3.482,0.3,2,713,0,0,0
58,3.9611,0.3678,2,713,0,0,0
59,4.1386,0.3224,2,713,0,0,0
60,4.1262,0.2965,2,713,0,0,0
61,4.336,0.4364,2,713,0,0,0
62,4.0274,0.2288,2,713,0,0,0
63,4.2319,0.2376,2,713,0,0,0
64,4.1177,0.3834,2,713,0,0,0
65,4.267,0.3482,2,713,0,0,0
66,4.1046,0.3202,2,713,0,0,0
67,4.164,0.3332,2,713,0,0,0
68,4.1252,0.4364,2,713,0,0,0
69,4.3307,0.3871,2,713,0,0,0
70,3.9929,0.2354,2,713,0,0,0
71,5.052,0.3711,2,713,0,0,0
72,3.2918,0.3982,2,713,0,0,0
73,4.3053,0.232,2,713,0,0,0
74,4.0063,0.2366,2,713,0,0,0
75,4.1665,0.3426,2,713,0,0,0
76,4.1285,0.3747,2,713,0,0,0
77,4.3207,0.3626,2,713,0,0,0
78,4.0956,0.4007,2,713,0,0,0
79,4.0972,0.3621,2,713,0,0,0
80,4.3488,0.3279,2,713,0,0,0
81,4.4543,0.4919,2,713,0,0,0
82,4.2978,0.2155,2,713,0,0,0
83,3.8438,0.366,2,713,0,0,0
84,3.8979,0.376,2,713,0,0,0
85,4.5177,0.3463,2,713,0,0,0
86,3.989,0.2907,2,713,0,0,0
87,4.3248,0.4579,2,713,0,0,0
88,3.8909,0.3974,2,713,0,0,0
89,4.2208,0.3955,2,713,0,0,0
90,4.3166,0.4514,2,713,0,0,0
91,3.888,0.3644,2,713,0,0,0
92,4.3696,0.3989,2,713,0,0,0
93,4.6446,0.5933,2,713,0,0,0
94,3.8068,0.4345,2,713,0,0,0
95,4.1211,0.2863,2,713,0,0,0
96,3.8923,0.3786,2,713,0,0,0
97,4.5963,0.4523,2,713,0,0,0
98,4.0005,0.3976,2,713,0,0,0
99,4.0644,0.4101,2,713,0,0,0
100,4.2736,0.5425,2,713,0,0,0
101,4.6335,0.3099,2,713,0,0,0
102,3.8758,0.2554,2,713,0,0,0
103,3.7492,0.3842,2,713,0,0,0
104,4.3384,0.4374,2,713,0,0,0
105,4.6982,0.2139,2,713,0,0,0
106,3.9594,0.5408,2,713,0,0,0
107,3.9791,0.381,2,713,0,0,0
108,3.8764,0.2972,2,713,0,0,0
109,4.5835,0.3953,2,713,0,0,0
110,3.9818,0.2435,2,713,0,0,0
111,4.1028,0.3505,2,713,0,0,0
112,4.1036,0.2864,2,713,0,0,0
113,4.1507,0.3385,2,713,0,0,0
114,4.3349,0.2866,2,713,0,0,0
115,3.8894,0.2101,2,713,0,0,0
116,4.4224,0.2769,2,713,0,0,0
117,4.2761,0.3502,2,713,0,0,0
118,3.8305,0.3997,2,713,0,0,0
119,4.3824,0.5305,2,713,0,0,0
120,3.7548,0.2057,2,713,0,0,0
121,4.2669,0.376,2,713,0,0,0
122,4.0698,0.2777,2,713,0,0,0
123,4.2466,0.2739,2,713,0,0,0
124,4.1869,0.3956,2,713,0,0,0
125,4.1472,0.3264,2,713,0,0,0
126,4.1342,0.2901,2,713,0,0,0
127,4.4072,0.3293,2,713,0,0,0
128,4.1293,0.2189,2,713,0,0,0
129,4.0283,0.2554,2,713,0,0,0
130,4.1445,0.3417,2,713,0,0,0
131,4.2111,0.3161,2,713,0,0,0
132,3.978,0.238,2,713,0,0,0
133,4.4168,0.3224,2,713,0,0,0
134,4.0848,0.3045,2,713,0,0,0
135,4.1869,0.2557,2,713,0,0,0
136,4.1466,0.4298,2,713,0,0,0
137,3.9997,0.2134,2,713,0,0,0
138,4.2258,0.2109,2,713,0,0,0
139,4.2383,0.2374,2,713,0,0,0
140,4.1611,0.3058,2,713,0,0,0
141,4.1719,0.2604,2,713,0,0,0
142,4.0391,0.3945,2,713,0,0,0
143,4.3009,0.397,2,713,0,0,0
144,4.0292,0.1999,2,713,0,0,0
145,4.3765,0.3217,2,713,0,0,0
146,4.141,0.3306,2,713,0,0,0
147,4.023,0.386,2,713,0,0,0
148,4.2996,0.2439,2,713,0,0,0
149,4.0203,0.4045,2,713,0,0,0
150,4.3232,0.3037,2,713,0,0,0
151,4.0746,0.2582,2,713,0,0,0
152,4.2044,0.3298,2,713,0,0,0
153,4.4557,0.3493,2,713,0,0,0
154,4.0361,0.3883,2,713,0,0,0
155,4.071,0.4012,2,713,0,0,0
156,3.9744,0.194,2,713,0,0,0
157,4.2816,0.3274,2,713,0,0,0
158,4.207,0.3048,2,713,0,0,0
159,4.0757,0.3272,2,713,0,0,0
160,4.2679,0.2782,2,713,0,0,0
161,3.9858,0.367,2,713,0,0,0
162,4.1453,0.2126,2,713,0,0,0
163,4.2368,0.257,2,713,0,0,0
164,4.2665,0.4712,2,713,0,0,0
165,4.2123,0.3395,2,713,0,0,0
166,4.565,0.3368,2,713,0,0,0
167,3.8252,0.3354,2,713,0,0,0
168,3.9598,0.2225,2,713,0,0,0
169,4.341,0.2626,2,713,0,0,0
170,4.0071,0.3418,2,713,0,0,0
171,4.275,0.2854,2,713,0,0,0
172,4.0629,0.3237,2,713,0,0,0
173,4.1307,0.2762,2,713,0,0,0
174,4.3324,0.2918,2,713,0,0,0
175,4.146,0.199,2,713,0,0,0
176,4.1632,0.2528,2,713,0,0,0
177,4.1903,0.2586,2,713,0,0,0
178,4.0434,0.2943,2,713,0,0,0
179,4.3082,0.2534,2,713,0,0,0
180,3.9847,0.2288,2,713,0,0,0
181,4.3497,0.2858,2,713,0,0,0
182,4.1681,0.264,2,713,0,0,0
183,3.9835,0.1867,2,713,0,0,0
184,4.3071,0.3015,2,713,0,0,0
185,4.0587,0.1886,2,713,0,0,0
186,4.2425,0.2435,2,713,0,0,0
187,4.2022,0.2182,2,713,0,0,0
188,4.0788,0.3635,2,713,0,0,0
189,4.1999,0.3065,2,713,0,0,0
190,4.2878,0.2658,2,713,0,0,0
191,4.1416,0.2699,2,713,0,0,0
192,4.0298,0.2246,2,713,0,0,0
193,4.2917,0.3291,2,713,0,0,0
194,4.0623,0.206,2,713,0,0,0
195,4.2877,0.2516,2,713,0,0,0
196,4.1506,0.2553,2,713,0,0,0
197,4.0499,0.1719,2,713,0,0,0
198,4.5735,0.2878,2,713,0,0,0
199,3.9861,0.2421,2,713,0,0,0
200,4.0796,0.2501,2,713,0,0,0
201,4.1385,0.2537,2,713,0,0,0
202,4.1911,0.2622,2,713,0,0,0
203,4.1513,0.2656,2,713,0,0,0
204,4.1118,0.2183,2,713,0,0,0
205,4.2173,0.2243,2,713,0,0,0
206,4.3351,0.3705,2,713,0,0,0
207,4.259,0.3212,2,713,0,0,0
208,3.9083,0.2551,2,713,0,0,0
209,4.1302,0.2241,2,713,0,0,0
210,4.3696,0.3558,2,713,0,0,0
211,4.0247,0.2538,2,713,0,0,0
212,4.2542,0.3399,2,713,0,0,0
213,4.0164,0.2255,2,713,0,0,0
214,4.6232,0.3144,2,713,0,0,0
215,3.7268,0.2631,2,713,0,0,0
216,4.0977,0.2502,2,713,0,0,0
217,4.2875,0.2319,2,713,0,0,0
218,4.2022,0.4167,2,713,0,0,0
219,4.2196,0.2658,2,713,0,0,0
220,4.0443,0.2501,2,713,0,0,0
221,4.1118,0.2338,2,713,0,0,0
222,4.5339,0.3339,2,713,0,0,0
223,3.8229,0.2542,2,713,0,0,0
224,4.3838,0.2268,2,713,0,0,0
225,4.385,0.4298,2,713,0,0,0
226,3.7347,0.2341,2,713,0,0,0
227,4.1716,0.4474,2,713,0,0,0
228,4.4622,0.5686,13,713,0,0,1
229,3.9617,0.261,13,713,0,0,1
230,4.1698,0.5065,13,713,0,0,1
231,4.2357,0.478,13,713,0,0,1
232,4.0538,0.322,13,713,0,0,1
233,4.0865,0.2377,13,713,0,0,1
234,4.242,0.2775,13,713,0,0,1
235,4.1247,0.2955,13,713,0,0,1
236,4.2889,0.2887,13,713,0,0,1
237,4.1218,0.4467,13,713,0,0,1
238,4.1215,0.3073,13,713,0,0,1
239,4.1603,0.2461,13,713,0,0,1
240,4.0721,0.2351,13,713,0,0,1
241,4.2039,0.2187,13,713,0,0,1
242,4.2303,0.2783,13,713,0,0,1
243,4.0807,0.3539,13,713,0,0,1
244,4.2935,0.282,13,713,0,0,1
245,4.0714,0.2477,13,713,0,0,1
246,4.1739,0.2801,13,713,0,0,1
247,4.176,0.2438,13,713,0,0,1
248,4.1688,0.2884,13,713,0,0,1
249,4.1792,0.2482,13,713,0,0,1
250,4.1525,0.4734,13,713,0,0,1
251,4.1793,0.3139,13,713,0,0,1
252,4.5032,0.321,13,713,0,0,1
253,3.872,0.2696,13,713,0,0,1
254,4.1534,0.36,13,713,0,0,1
255,4.1246,0.2405,13,713,0,0,1
256,4.1897,0.4143,13,713,0,0,1
257,4.0982,0.2,13,713,0,0,1
258,4.2427,0.3072,13,713,0,0,1
259,4.1165,0.2742,13,713,0,0,1
260,4.1842,0.2411,13,713,0,0,1
261,4.0811,0.2133,13,713,0,0,1
262,4.3374,0.3672,13,713,0,0,1
263,4.0479,0.2875,13,713,0,0,1
264,4.1928,0.2378,13,713,0,0,1
265,4.2388,0.2641,13,713,0,0,1
266,4.2423,0.3423,13,713,0,0,1
267,4.0634,0.3189,13,713,0,0,1
268,4.1852,0.4513,13,713,0,0,1
269,4.0953,0.3818,13,713,0,0,1
270,4.1728,0.2707,13,713,0,0,1
271,4.1915,0.2852,13,713,0,0,1
272,4.1991,0.299,13,713,0,0,1
273,4.1565,0.2227,13,713,0,0,1
274,4.3206,0.4185,13,713,0,0,1
275,4.0978,0.3926,13,713,0,0,1
276,4.0222,0.2092,13,713,0,0,1
277,4.5406,0.2627,13,713,0,0,1
278,4.0733,0.386,15,713,0,0,1
279,3.9543,0.2666,15,713,0,0,1
280,4.1369,0.4193,15,713,0,0,1
281,4.141,0.2603,15,713,0,0,1
282,4.1992,0.2596,15,713,0,0,1
283,4.1662,0.2735,15,713,0,0,1
284,4.1497,0.4681,15,713,0,0,1
285,4.2312,0.3253,15,713,0,0,1
286,4.0907,0.4361,15,713,0,0,1
287,4.2468,0.4696,15,713,0,0,1
288,4.0911,0.5476,15,713,0,0,1
289,4.4359,0.2931,15,713,0,0,1
290,3.9442,0.301,15,713,0,0,1
291,4.1254,0.3609,15,713,0,0,1
292,4.4302,0.41,15,713,0,0,1
293,3.9016,0.3337,15,713,0,0,1
294,4.1936,0.4454,15,713,0,0,1
295,4.1887,0.251,15,713,0,0,1
296,4.5218,0.2413,15,713,0,0,1
297,3.8204,0.2778,15,713,0,0,1
298,4.1882,0.279,15,713,0,0,1
299,4.3634,0.3403,15,713,0,0,1
300,3.9253,0.2635,15,713,0,0,1
301,4.2042,0.2812,15,713,0,0,1
302,4.1665,0.3118,15,713,0,0,1
303,4.2085,0.304,15,713,0,0,1
304,4.0961,0.2984,15,713,0,0,1
305,4.0855,0.4149,15,713,0,0,1
306,4.1963,0.2113,15,713,0,0,1
307,4.1932,0.2661,15,713,0,0,1
308,4.2826,0.3404,15,713,0,0,1
309,4.4858,0.2576,15,713,0,0,1
310,3.7567,0.2908,15,713,0,0,1
311,4.2182,0.2591,15,713,0,0,1
312,4.0748,0.239,15,713,0,0,1
313,4.2417,0.4576,15,713,0,0,1
314,4.1518,0.2399,15,713,0,0,1
315,4.1527,0.2595,15,713,0,0,1
316,4.14,0.2745,15,713,0,0,1
317,4.0901,0.2022,15,713,0,0,1
318,4.4545,0.3396,10,713,0,0,1
319,4.1316,0.3208,10,713,0,0,1
320,3.997,0.301,10,713,0,0,1
321,4.2175,0.2776,10,713,0,0,1
322,4.1487,0.35,10,713,0,0,1
323,4.16,0.2939,10,713,0,0,1
324,4.1001,0.2279,10,713,0,0,1
325,4.1476,0.3765,10,713,0,0,1
326,4.334,0.2727,10,713,0,0,1
327,4.1145,0.3036,10,713,0,0,1
328,4.1451,0.2744,10,713,0,0,1
329,4.0774,0.2405,10,713,0,0,1
330,4.1868,0.3184,10,713,0,0,1
331,4.2532,0.2863,10,713,0,0,1
332,4.1889,0.2227,10,713,0,0,1
333,4.1299,0.276,10,713,0,0,1
334,4.1784,0.3324,10,713,0,0,1
335,4.1507,0.2852,10,713,0,0,1
336,4.1069,0.259,10,713,0,0,1
337,4.2596,0.2677,10,713,0,0,1
338,4.7613,0.3203,10,713,0,0,1
339,3.5886,0.2699,10,713,0,0,1
340,4.1281,0.2998,10,713,0,0,1
341,4.0776,0.3245,10,713,0,0,1
342,4.1749,0.2278,10,713,0,0,1
343,4.1801,0.2572,10,713,0,0,1
344,4.1852,0.4619,10,713,0,0,1
345,4.19,0.2369,10,713,0,0,1
346,4.211,0.2785,10,713,0,0,1
347,4.1548,0.283,10,713,0,0,1
348,4.0957,0.2425,10,713,0,0,1
349,4.2618,0.2345,10,713,0,0,1
350,4.0936,0.4476,10,713,0,0,1
351,4.2829,0.2946,10,713,0,0,1
352,4.0853,0.484,10,713,0,0,1
353,4.0433,0.3218,10,713,0,0,1
354,4.2267,0.2652,10,713,0,0,1
355,4.1394,0.2652,10,713,0,0,1
356,4.1575,0.3076,10,713,0,0,1
357,4.7459,0.3596,15,713,0,0,1
358,4.1072,0.3029,15,713,0,0,1
359,3.7913,0.3003,15,713,0,0,1
360,4.0327,0.3356,15,713,0,0,1
361,4.1537,0.262,15,713,0,0,1
362,4.2117,0.2646,15,713,0,0,1
363,4.1411,0.2622,15,713,0,0,1
364,4.2347,0.4196,15,713,0,0,1
365,4.1444,0.2611,15,713,0,0,1
366,4.1668,0.301,15,713,0,0,1
367,4.14,0.2858,15,713,0,0,1
368,4.1589,0.3959,15,713,0,0,1
369,4.2677,0.3818,15,713,0,0,1
370,4.122,0.4598,15,713,0,0,1
371,4.125,0.302,15,713,0,0,1
372,4.1391,0.2626,15,713,0,0,1
373,4.2198,0.3021,15,713,0,0,1
374,4.1783,0.2852,15,713,0,0,1
375,4.1776,0.2601,15,713,0,0,1
376,4.6226,0.3584,15,713,0,0,1
377,3.8172,0.3665,15,713,0,0,1
378,3.9947,0.262,15,713,0,0,1
379,4.1842,0.2939,15,713,0,0,1
380,4.1925,0.2961,15,713,0,0,1
381,4.1767,0.2687,15,713,0,0,1
382,4.1577,0.5044,15,713,0,0,1
383,4.4418,0.3228,15,713,0,0,1
384,3.866,0.2254,15,713,0,0,1
385,4.1956,0.3,15,713,0,0,1
386,4.2315,0.2702,15,713,0,0,1
387,4.086,0.3628,15,713,0,0,1
388,4.2087,0.4726,15,713,0,0,1
389,4.3939,0.4916,15,713,0,0,1
390,4.0017,0.36,15,713,0,0,1
391,4.0865,0.3417,15,713,0,0,1
392,4.1832,0.4335,15,713,0,0,1
393,4.4606,0.4787,24,713,0,0,1
394,4.0829,0.3011,24,713,0,0,1
395,3.916,0.3482,24,713,0,0,1
396,4.13,0.2757,24,713,0,0,1
397,4.2307,0.3563,24,713,0,0,1
398,4.2195,0.3094,24,713,0,0,1
399,4.1369,0.2939,24,713,0,0,1
400,4.0703,0.2849,24,713,0,0,1
401,4.1694,0.4539,24,713,0,0,1
402,4.2441,0.4677,24,713,0,0,1
403,4.1002,0.3157,24,713,0,0,1
404,4.2117,0.3063,24,713,0,0,1
405,4.187,0.3469,24,713,0,0,1
406,4.1744,0.4771,24,713,0,0,1
407,4.1211,0.4174,24,713,0,0,1
408,4.1764,0.2709,24,713,0,0,1
409,4.2146,0.292,24,713,0,0,1
410,4.1223,0.4636,24,713,0,0,1
411,4.2432,0.2893,24,713,0,0,1
412,4.4754,0.3481,24,713,0,0,1
413,4.0431,0.45,24,713,0,0,1
414,3.879,0.3069,24,713,0,0,1
415,4.2152,0.2847,24,713,0,0,1
416,4.1468,0.496,24,713,0,0,1
417,4.1872,0.2626,24,713,0,0,1
418,4.1583,0.4941,24,713,0,0,1
419,4.147,0.468,24,713,0,0,1
420,4.1157,0.313,24,713,0,0,1
421,4.5228,0.3982,24,713,0,0,1
422,3.9769,0.3069,24,713,0,0,1
423,4.0329,0.3038,24,713,0,0,1
424,4.1988,0.3394,24,713,0,0,1
425,4.0972,0.3404,24,713,0,0,1
426,4.243,0.2771,24,713,0,0,1
427,4.1576,0.2751,24,713,0,0,1
428,4.5376,0.4187,29,713,0,0,1
429,3.8321,0.3136,29,713,0,0,1
430,4.1595,0.3517,29,713,0,0,1
431,4.1757,0.2814,29,713,0,0,1
432,4.0865,0.2866,29,713,0,0,1
433,4.3212,0.4652,29,713,0,0,1
434,4.0702,0.4716,29,713,0,0,1
435,4.1225,0.2906,29,713,0,0,1
436,4.1785,0.2729,29,713,0,0,1
437,4.1568,0.4319,29,713,0,0,1
438,4.3387,0.3107,29,713,0,0,1
439,4.0284,0.2906,29,713,0,0,1
440,4.1718,0.3083,29,713,0,0,1
441,4.1278,0.2905,29,713,0,0,1
442,4.4978,0.4049,29,713,0,0,1
443,4.0559,0.3619,29,713,0,0,1
444,3.98,0.2344,29,713,0,0,1
445,4.1863,0.5145,29,713,0,0,1
446,4.1437,0.4205,29,713,0,0,1
447,4.5776,0.4042,29,713,0,0,1
448,3.7603,0.2724,29,713,0,0,1
449,4.1193,0.3403,29,713,0,0,1
450,4.2406,0.2896,29,713,0,0,1
451,4.1153,0.2815,29,713,0,0,1
452,4.2258,0.3079,29,713,0,0,1
453,4.1643,0.419,29,713,0,0,1
454,4.1486,0.4442,29,713,0,0,1
455,4.1321,0.3135,29,713,0,0,1
456,4.1543,0.3219,29,713,0,0,1
457,4.1861,0.4136,29,713,0,0,1
458,4.2123,0.3242,29,713,0,0,1
459,4.3723,0.5844,29,713,0,0,1
460,3.9746,0.2433,29,713,0,0,1
461,4.0574,0.2504,29,713,0,0,1
462,4.188,0.243,29,713,0,0,1
463,4.4332,0.4582,33,713,0,0,1
464,4.0519,0.4009,33,713,0,0,1
465,4.1115,0.3657,33,713,0,0,1
466,4.0741,0.4275,33,713,0,0,1
467,4.18,0.2768,33,713,0,0,1
468,4.165,0.2829,33,713,0,0,1
469,4.1885,0.4005,33,713,0,0,1
470,4.1456,0.2656,33,713,0,0,1
471,4.2269,0.3179,33,713,0,0,1
472,4.1539,0.504,33,713,0,0,1
473,4.1199,0.277,33,713,0,0,1
474,4.1914,0.3046,33,713,0,0,1
475,4.1206,0.2491,33,713,0,0,1
476,4.4359,0.4021,33,713,0,0,1
477,4.1648,0.333,33,713,0,0,1
478,4.004,0.476,33,713,0,0,1
479,4.0879,0.2944,33,713,0,0,1
480,4.1509,0.329,33,713,0,0,1
481,4.6163,0.3392,33,713,0,0,1
482,3.7396,0.2817,33,713,0,0,1
483,4.1919,0.2802,33,713,0,0,1
484,4.15,0.4114,33,713,0,0,1
485,4.1076,0.2331,33,713,0,0,1
486,4.2638,0.2715,33,713,0,0,1
487,4.1693,0.2953,33,713,0,0,1
488,4.1443,0.4704,33,713,0,0,1
489,4.2424,0.324,33,713,0,0,1
490,4.0952,0.5108,33,713,0,0,1
491,4.1698,0.3161,33,713,0,0,1
492,4.0932,0.2696,33,713,0,0,1
493,4.187,0.3209,33,713,0,0,1
494,4.1522,0.3143,33,713,0,0,1
495,4.2445,0.4998,33,713,0,0,1
496,4.1224,0.4133,33,713,0,0,1
497,4.1533,0.277,33,713,0,0,1
498,4.5616,0.4662,33,713,0,0,1
499,3.8323,0.2892,33,713,0,0,1
500,4.1146,0.3869,33,713,0,0,1
501,4.2184,0.394,33,713,0,0,1
502,4.1501,0.4745,33,713,0,0,1
503,4.1984,0.3269,33,713,0,0,1
504,4.0941,0.288,33,713,0,0,1
505,4.1997,0.2685,33,713,0,0,1
506,4.2086,0.2907,33,713,0,0,1
507,4.0865,0.2969,33,713,0,0,1
508,4.2648,0.3084,33,713,0,0,1
509,4.0706,0.3258,33,713,0,0,1
510,4.2189,0.3035,33,713,0,0,1
511,4.1178,0.2892,33,713,0,0,1
512,4.2353,0.3505,33,713,0,0,1
513,4.1154,0.3198,33,713,0,0,1
514,4.2736,0.4584,33,713,0,0,1
515,4.0849,0.3111,33,713,0,0,1
516,4.106,0.3055,33,713,0,0,1
517,4.1829,0.3067,33,713,0,0,1
518,4.2033,0.2597,33,713,0,0,1
519,4.2169,0.2886,33,713,0,0,1
520,4.3071,0.4954,33,713,0,0,1
521,3.9279,0.4007,33,713,0,0,1
522,4.2113,0.3032,33,713,0,0,1
523,4.1442,0.3019,33,713,0,0,1
524,4.211,0.3815,33,713,0,0,1
525,4.1725,0.3244,33,713,0,0,1
526,4.1186,0.2811,33,713,0,0,1
527,4.2242,0.3226,33,713,0,0,1
528,4.1183,0.3462,33,713,0,0,1
529,4.4687,0.4444,33,713,0,0,1
530,3.968,0.3051,33,713,0,0,1
531,4.3672,0.5379,33,713,0,0,1
532,3.8511,0.3857,33,713,0,0,1
533,4.1579,0.4112,33,713,0,0,1
534,4.2002,0.3196,33,713,0,0,1
535,4.1649,0.3072,33,713,0,0,1
536,4.1833,0.4904,33,713,0,0,1
537,4.2163,0.356,33,713,0,0,1
538,4.0814,0.3178,33,713,0,0,1
539,4.2306,0.5128,33,713,0,0,1
540,4.0656,0.3287,33,713,0,0,1
541,4.2397,0.3223,33,713,0,0,1
542,4.2641,0.3193,33,713,0,0,1
543,4.1339,0.2985,33,713,0,0,1
544,4.057,0.4321,33,713,0,0,1
545,4.1631,0.9018,33,713,0,0,1
546,4.2793,0.5143,33,713,0,0,1
547,4.0546,0.2702,33,713,0,0,1
548,4.1872,0.3529,33,713,0,0,1
549,4.219,0.3277,33,713,0,0,1
550,4.1469,0.3388,33,713,0,0,1
551,4.1938,0.2829,33,713,0,0,1
552,4.0957,0.2682,33,713,0,0,1
553,4.221,0.4668,33,713,0,0,1
554,4.1899,0.4735,63,713,0,0,1
555,4.4703,0.3991,63,713,0,0,1
556,3.8452,0.5374,63,713,0,0,1
557,4.1522,0.5629,63,713,0,0,1
558,4.328,0.3446,63,713,0,0,1
559,4.0552,0.2982,63,713,0,0,1
560,4.1674,0.3665,63,713,0,0,1
561,4.0953,0.3533,63,713,0,0,1
562,4.1938,0.5212,63,713,0,0,1
563,4.12,0.424,63,713,0,0,1
564,4.1676,0.3131,63,713,0,0,1
565,4.2177,0.3413,63,713,0,0,1
566,4.1881,0.3494,63,713,0,0,1
567,4.1095,0.3589,63,713,0,0,1
568,4.1953,0.2775,63,713,0,0,1
569,4.1226,0.4505,63,713,0,0,1
570,4.3112,0.4425,63,713,0,0,1
571,4.0778,0.3436,63,713,0,0,1
572,4.1535,0.344,63,713,0,0,1
573,4.1566,0.3678,63,713,0,0,1
574,4.2131,0.3322,63,713,0,0,1
575,4.0809,0.3562,63,713,0,0,1
576,4.1844,0.3264,63,713,0,0,1
577,4.2877,0.5448,63,713,0,0,1
578,4.1165,0.3489,63,713,0,0,1
579,4.1955,0.4819,63,713,0,0,1
580,4.0646,0.2903,63,713,0,0,1
581,4.1315,0.2574,63,713,0,0,1
582,4.3675,0.3913,63,713,0,0,1
583,4.0129,0.302,63,713,0,0,1
584,4.1832,0.3794,63,713,0,0,1
585,4.1495,0.3896,63,713,0,0,1
586,4.2295,0.3339,63,713,0,0,1
587,4.1434,0.3294,63,713,0,0,1
588,4.0902,0.2855,63,713,0,0,1
589,4.2375,0.3031,63,713,0,0,1
590,4.2151,0.5925,63,713,0,0,1
591,4.1522,0.3117,63,713,0,0,1
592,4.1183,0.5171,63,713,0,0,1
593,4.1412,0.3176,63,713,0,0,1
594,4.2303,0.3299,63,713,0,0,1
595,4.1335,0.3236,63,713,0,0,1
596,4.5035,0.4503,63,713,0,0,1
597,4.2856,0.52,63,713,0,0,1
598,3.7196,0.32,63,713,0,0,1
599,4.1959,0.3555,63,713,0,0,1
600,4.0773,0.375,63,713,0,0,1
601,4.1861,0.3731,63,713,0,0,1
602,4.2665,0.5444,63,713,0,0,1
603,4.1318,0.3344,63,713,0,0,1
604,4.1071,0.3116,63,713,0,0,1
605,4.1498,0.4458,63,713,0,0,1
606,4.2399,0.3837,63,713,0,0,1
607,4.1267,0.3944,63,713,0,0,1
608,4.2287,0.5681,63,713,0,0,1
609,4.0774,0.3343,63,713,0,0,1
610,4.2505,0.3527,63,713,0,0,1
611,4.1226,0.4395,63,713,0,0,1
612,4.1107,0.2657,63,713,0,0,1
613,4.1774,0.2962,63,713,0,0,1
614,4.2392,0.2843,63,713,0,0,1
615,4.1488,0.3355,63,713,0,0,1
616,4.1793,0.348,63,713,0,0,1
617,4.1185,0.3406,63,713,0,0,1
618,4.2276,0.337,63,713,0,0,1
619,4.1124,0.3955,63,713,0,0,1
620,4.2909,0.5695,63,713,0,0,1
621,4.1789,0.4392,63,713,0,0,1
622,4.1106,0.338,63,713,0,0,1
623,4.1139,0.2986,63,713,0,0,1
624,4.1638,0.339,63,713,0,0,1
625,4.1125,0.44,63,713,0,0,1
626,4.2628,0.3201,63,713,0,0,1
627,4.1468,0.4424,63,713,0,0,1
628,4.1653,0.2908,63,713,0,0,1
629,4.5108,0.4923,63,713,0,0,1
630,3.8724,0.3349,63,713,0,0,1
631,4.1156,0.448,63,713,0,0,1
632,4.1864,0.4375,63,713,0,0,1
633,4.1262,0.2733,63,713,0,0,1
634,4.5391,0.3689,37,713,0,0,1
635,3.8728,0.3148,37,713,0,0,1
636,4.0586,0.2793,37,713,0,0,1
637,4.4976,0.3771,37,713,0,0,1
638,3.9544,0.3184,37,713,0,0,1
639,4.0961,0.326,37,713,0,0,1
640,4.1619,0.5344,37,713,0,0,1
641,4.1348,0.2789,37,713,0,0,1
642,4.5247,0.3886,37,713,0,0,1
643,3.8158,0.2797,37,713,0,0,1
644,4.5384,0.4772,37,713,0,0,1
645,3.8075,0.268,37,713,0,0,1
646,4.2069,0.4675,37,713,0,0,1
647,4.1281,0.2778,37,713,0,0,1
648,4.1596,0.3133,37,713,0,0,1
649,4.5728,0.2829,37,713,0,0,1
650,3.8257,0.3157,37,713,0,0,1
651,4.1383,0.3674,37,713,0,0,1
652,4.253,0.4671,37,713,0,0,1
653,4.3564,0.3808,37,713,0,0,1
654,4.0022,0.2737,37,713,0,0,1
655,4.0196,0.2919,37,713,0,0,1
656,4.4632,0.4669,37,713,0,0,1
657,4.1105,0.4834,37,713,0,0,1
658,4.0001,0.2454,37,713,0,0,1
659,4.1785,0.2726,37,713,0,0,1
660,4.0526,0.2553,37,713,0,0,1
661,4.5153,0.3309,37,713,0,0,1
662,3.8327,0.2742,37,713,0,0,1
663,4.4521,0.2774,37,713,0,0,1
664,4.1378,0.4629,37,713,0,0,1
665,3.9688,0.5012,37,713,0,0,1
666,4.3844,0.3595,37,713,0,0,1
667,3.9338,0.2784,37,713,0,0,1
668,4.1934,0.3321,37,713,0,0,1
669,4.3982,0.5131,37,713,0,0,1
670,3.941,0.4685,37,713,0,0,1
671,4.125,0.385,37,713,0,0,1
672,4.1512,0.3326,37,713,0,0,1
673,4.2527,0.3203,37,713,0,0,1
674,4.0651,0.4309,37,713,0,0,1
675,4.312,0.3032,37,713,0,0,1
676,4.2698,0.2713,37,713,0,0,1
677,3.9793,0.4979,37,713,0,0,1
678,4.2671,0.3144,37,713,0,0,1
679,4.0498,0.3477,37,713,0,0,1
680,4.1525,0.3271,37,713,0,0,1
681,4.223,0.3233,37,713,0,0,1
682,4.0679,0.3425,37,713,0,0,1
683,4.2418,0.3167,37,713,0,0,1
684,4.1215,0.3284,37,713,0,0,1
685,4.2346,0.3142,37,713,0,0,1
686,4.1292,0.3179,37,713,0,0,1
687,4.2198,0.3072,37,713,0,0,1
688,4.1303,0.3009,37,713,0,0,1
689,4.3971,0.365,37,713,0,0,1
690,4.1545,0.3554,37,713,0,0,1
691,3.9386,0.3886,37,713,0,0,1
692,4.0974,0.2688,37,713,0,0,1
693,4.2367,0.324,37,713,0,0,1
694,4.1697,0.2911,37,713,0,0,1
695,4.1926,0.3031,37,713,0,0,1
696,4.0997,0.2819,37,713,0,0,1
697,4.2269,0.2808,37,713,0,0,1
698,4.1852,0.3222,37,713,0,0,1
699,4.0669,0.3299,37,713,0,0,1
700,4.5653,0.271,37,713,0,0,1
701,3.7933,0.2687,37,713,0,0,1
702,4.2544,0.4639,37,713,0,0,1
703,4.1513,0.377,37,713,0,0,1
704,4.4354,0.3072,37,713,0,0,1
705,4.1495,0.4749,37,713,0,0,1
706,3.8948,0.3649,37,713,0,0,1
707,4.1665,0.3506,37,713,0,0,1
708,4.112,0.255,37,713,0,0,1
709,4.2772,0.2718,37,713,0,0,1
710,4.5336,0.3207,37,713,0,0,1
711,3.8967,0.4261,37,713,0,0,1
712,3.9836,0.323,37,713,0,0,1
713,4.1512,0.2682,37,713,0,0,1
714,4.1641,0.2914,37,713,0,0,1
715,4.2735,0.2639,37,713,0,0,1
716,4.2057,0.5264,37,713,0,0,1
717,4.0765,0.4183,71,713,0,0,1
718,4.5421,0.4904,71,713,0,0,1
719,4.0487,0.3286,71,713,0,0,1
720,3.8612,0.2889,71,713,0,0,1
721,4.2534,0.6949,71,713,0,0,1
722,4.1163,0.2994,71,713,0,0,1
723,4.2111,0.3326,71,713,0,0,1
724,4.0656,0.3037,71,713,0,0,1
725,4.2123,0.3007,71,713,0,0,1
726,4.1962,0.3937,71,713,0,0,1
727,4.0955,0.3567,71,713,0,0,1
728,4.2487,0.4933,71,713,0,0,1
729,4.1345,0.4738,71,713,0,0,1
730,4.2085,0.3257,71,713,0,0,1
731,4.1522,0.3371,71,713,0,0,1
732,4.105,0.2854,71,713,0,0,1
733,4.2225,0.4586,71,713,0,0,1
734,4.0701,0.2716,71,713,0,0,1
735,4.2798,0.3344,71,713,0,0,1
736,4.1707,0.3981,71,713,0,0,1
737,4.0906,0.2942,71,713,0,0,1
738,4.2346,0.3394,71,713,0,0,1
739,4.1124,0.3959,71,713,0,0,1
740,4.139,0.2872,71,713,0,0,1
741,4.4347,0.3915,71,713,0,0,1
742,3.9578,0.5012,71,713,0,0,1
743,4.4873,0.3714,71,713,0,0,1
744,3.7793,0.2896,71,713,0,0,1
745,4.2123,0.3488,71,713,0,0,1
746,4.2069,0.3043,71,713,0,0,1
747,4.1465,0.6496,71,713,0,0,1
748,4.2536,0.3307,71,713,0,0,1
749,4.045,0.3016,71,713,0,0,1
750,4.1809,0.2722,71,713,0,0,1
751,4.1592,0.2949,71,713,0,0,1
752,4.3062,0.4865,71,713,0,0,1
753,4.0705,0.5075,71,713,0,0,1
754,4.1916,0.3109,71,713,0,0,1
755,4.1386,0.3355,71,713,0,0,1
756,4.0952,0.2739,71,713,0,0,1
757,4.2158,0.3331,71,713,0,0,1
758,4.1701,0.2713,71,713,0,0,1
759,4.1839,0.6135,71,713,0,0,1
760,4.0786,0.2534,71,713,0,0,1
761,4.2141,0.2936,71,713,0,0,1
762,4.2114,0.3361,71,713,0,0,1
763,4.1459,0.2745,71,713,0,0,1
764,4.1799,0.321,71,713,0,0,1
765,4.1115,0.3052,71,713,0,0,1
766,4.2275,0.301,71,713,0,0,1
767,4.191,0.2886,71,713,0,0,1
768,4.1451,0.3276,71,713,0,0,1
769,4.169,0.3439,71,713,0,0,1
770,4.1098,0.3086,71,713,0,0,1
771,4.2312,0.3526,71,713,0,0,1
772,4.1424,0.4908,71,713,0,0,1
773,4.4723,0.4766,71,713,0,0,1
774,3.8986,0.3373,71,713,0,0,1
775,4.1896,0.4137,71,713,0,0,1
776,4.1267,0.4526,71,713,0,0,1
777,4.1192,0.3105,71,713,0,0,1
778,4.2704,0.5478,71,713,0,0,1
779,4.1069,0.3314,71,713,0,0,1
780,4.1165,0.2963,71,713,0,0,1
781,4.4742,0.4755,71,713,0,0,1
782,3.928,0.3222,71,713,0,0,1
783,4.1225,0.4666,71,713,0,0,1
784,4.1833,0.4368,71,713,0,0,1
785,4.1284,0.3011,71,713,0,0,1
786,4.1878,0.2893,71,713,0,0,1
787,4.1766,0.2953,71,713,0,0,1
788,4.1778,0.3143,71,713,0,0,1
789,4.3817,0.304,71,713,0,0,1
790,3.993,0.5435,71,713,0,0,1
791,4.122,0.2933,71,713,0,0,1
792,4.1317,0.251,71,713,0,0,1
793,4.2237,0.3356,71,713,0,0,1
794,4.1769,0.3369,71,713,0,0,1
795,4.15,0.3717,71,713,0,0,1
796,4.442,0.696,71,713,0,0,1
797,3.8428,0.3174,71,713,0,0,1
798,4.464,0.4041,71,713,0,0,1
799,3.9053,0.3893,71,713,0,0,1
800,4.1282,0.2875,71,713,0,0,1
801,4.1646,0.5677,105,713,0,0,1
802,4.1595,0.4722,105,713,0,0,1
803,4.2414,0.8569,105,713,0,0,1
804,4.1018,0.3092,105,713,0,0,1
805,4.2321,0.5814,105,713,0,0,1
806,4.1448,0.3313,105,713,0,0,1
807,4.1955,0.3264,105,713,0,0,1
808,4.1683,0.4669,105,713,0,0,1
809,4.1018,0.3241,105,713,0,0,1
810,4.2113,0.3047,105,713,0,0,1
811,4.4715,0.3834,105,713,0,0,1
812,3.8819,0.4188,105,713,0,0,1
813,4.161,0.2984,105,713,0,0,1
814,4.3342,0.3085,105,713,0,0,1
815,3.9443,0.3932,105,713,0,0,1
816,4.1578,0.2902,105,713,0,0,1
817,4.2869,0.3713,105,713,0,0,1
818,4.1151,0.3641,105,713,0,0,1
819,4.4543,0.3984,105,713,0,0,1
820,3.8312,0.3571,105,713,0,0,1
821,4.1356,0.5306,105,713,0,0,1
822,4.1808,0.5041,105,713,0,0,1
823,4.2107,0.406,105,713,0,0,1
824,4.3982,0.3694,105,713,0,0,1
825,3.9273,0.4511,105,713,0,0,1
826,4.4936,0.31,105,713,0,0,1
827,3.7942,0.348,105,713,0,0,1
828,4.141,0.2826,105,713,0,0,1
829,4.2208,0.3046,105,713,0,0,1
830,4.193,0.35,103,713,0,0,1
831,4.196,0.3598,103,713,0,0,1
832,4.0934,0.2946,103,713,0,0,1
833,4.1633,0.3715,103,713,0,0,1
834,4.2663,0.5106,103,713,0,0,1
835,4.1482,0.265,103,713,0,0,1
836,4.1947,0.3644,103,713,0,0,1
837,4.1533,0.3681,103,713,0,0,1
838,4.0924,0.3618,103,713,0,0,1
839,4.1673,0.3235,103,713,0,0,1
840,4.1551,0.3061,103,713,0,0,1
841,4.3017,0.3271,103,713,0,0,1
842,4.043,0.4674,103,713,0,0,1
843,4.232,0.3609,103,713,0,0,1
844,4.4354,0.503,103,713,0,0,1
845,3.8166,0.3233,103,713,0,0,1
846,4.2233,0.3193,103,713,0,0,1
847,4.1682,0.3153,103,713,0,0,1
848,4.4685,0.3824,103,713,0,0,1
849,3.8302,0.3902,103,713,0,0,1
850,4.1053,0.2928,103,713,0,0,1
851,4.2506,0.2984,103,713,0,0,1
852,4.1026,0.3145,103,713,0,0,1
853,4.2394,0.3253,103,713,0,0,1
854,4.1716,0.2425,103,713,0,0,1
855,4.1125,0.3154,103,713,0,0,1
856,4.517,0.3188,103,713,0,0,1
857,3.8095,0.3367,101,713,0,0,1
858,4.6994,0.3915,101,713,0,0,1
859,3.7107,0.3192,101,713,0,0,1
860,4.2411,0.4155,101,713,0,0,1
861,4.063,0.3385,101,713,0,0,1
862,4.1658,0.3289,101,713,0,0,1
863,4.1414,0.3164,101,713,0,0,1
864,4.1567,0.2573,101,713,0,0,1
865,4.2129,0.4982,101,713,0,0,1
866,4.1731,0.3168,101,713,0,0,1
867,4.1589,0.2765,101,713,0,0,1
868,4.1447,0.3629,101,713,0,0,1
869,4.1419,0.3282,101,713,0,0,1
870,4.1671,0.3246,101,713,0,0,1
871,4.1946,0.426,101,713,0,0,1
872,4.2296,0.5618,101,713,0,0,1
873,4.0591,0.4887,101,713,0,0,1
874,4.2791,0.319,101,713,0,0,1
875,4.1328,0.3536,101,713,0,0,1
876,4.1117,0.3128,101,713,0,0,1
877,4.1888,0.3911,101,713,0,0,1
878,4.1423,0.3272,101,713,0,0,1
879,4.2138,0.659,101,713,0,0,1
880,4.108,0.4428,101,713,0,0,1
881,4.1874,0.3269,101,713,0,0,1
882,4.1536,0.3207,101,713,0,0,1
883,4.1792,0.3189,101,713,0,0,1
884,4.405,0.558,101,713,0,0,1
885,3.9696,0.472,135,713,0,0,1
886,4.1568,0.3395,135,713,0,0,1
887,4.1967,0.4284,135,713,0,0,1
888,4.1084,0.3312,135,713,0,0,1
889,4.1412,0.4623,135,713,0,0,1
890,4.2511,0.3362,135,713,0,0,1
891,4.1436,0.6079,135,713,0,0,1
892,4.1974,0.3748,135,713,0,0,1
893,4.0944,0.3808,135,713,0,0,1
894,4.2029,0.369,135,713,0,0,1
895,4.1589,0.3548,135,713,0,0,1
896,4.1853,0.5911,135,713,0,0,1
897,4.16,0.4983,135,713,0,0,1
898,4.1375,0.3703,135,713,0,0,1
899,4.1607,0.3192,135,713,0,0,1
900,4.1421,0.3333,135,713,0,0,1
901,4.2486,0.3947,135,713,0,0,1
902,4.1368,0.3952,135,713,0,0,1
903,4.1477,0.3403,135,713,0,0,1
904,4.3695,0.5451,135,713,0,0,1
905,3.9535,0.6435,135,713,0,0,1
906,4.2192,0.3811,135,713,0,0,1
907,4.1399,0.3196,135,713,0,0,1
908,4.0998,0.3315,135,713,0,0,1
909,4.376,0.382,135,713,0,0,1
910,4.2009,0.4691,135,713,0,0,1
911,4.015,0.3376,134,713,0,0,1
912,4.12,0.3029,134,713,0,0,1
913,4.2024,0.3741,134,713,0,0,1
914,4.1574,0.3243,134,713,0,0,1
915,4.2011,0.5936,134,713,0,0,1
916,4.1396,0.5286,134,713,0,0,1
917,4.3405,0.4601,134,713,0,0,1
918,4.0104,0.6539,134,713,0,0,1
919,4.1742,0.333,134,713,0,0,1
920,4.1292,0.4344,134,713,0,0,1
921,4.1539,0.4811,133,713,0,0,1
922,4.1628,0.2798,133,713,0,0,1
923,4.2498,0.6614,133,713,0,0,1
924,4.0755,0.3486,133,713,0,0,1
925,4.1649,0.3367,132,713,0,0,1
926,4.1635,0.3723,132,713,0,0,1
927,4.2227,0.5794,132,713,0,0,1
928,4.1596,0.515,132,713,0,0,1
929,4.1711,0.7343,132,713,0,0,1
930,4.1596,0.34,132,713,0,0,1
931,4.1374,0.3209,132,713,0,0,1
932,4.1156,0.3033,132,713,0,0,1
933,4.3185,0.3847,132,713,0,0,1
934,4.1249,0.5195,132,713,0,0,1
935,4.2112,0.5093,130,713,0,0,1
936,4.054,0.3525,130,713,0,0,1
937,4.1926,0.3538,130,713,0,0,1
938,4.178,0.4041,130,713,0,0,1
939,4.2029,0.3836,130,713,0,0,1
940,4.1591,0.4631,130,713,0,0,1
941,4.1125,0.3555,130,713,0,0,1
942,4.3368,0.6351,130,713,0,0,1
943,4.0473,0.2818,130,713,0,0,1
944,4.4466,0.4375,130,713,0,0,1
945,3.8711,0.3923,130,713,0,0,1
946,4.1201,0.473,130,713,0,0,1
947,4.2233,0.3358,130,713,0,0,1
948,4.5672,0.4125,130,713,0,0,1
949,3.7695,0.415,130,713,0,0,1
950,4.1493,0.4208,130,713,0,0,1
951,4.13,0.3123,130,713,0,0,1
952,4.2149,0.3791,130,713,0,0,1
953,4.1119,0.4577,130,713,0,0,1
954,4.2015,0.5298,130,713,0,0,1
955,4.2029,0.3287,130,713,0,0,1
956,4.1466,0.2963,130,713,0,0,1
957,4.171,0.4323,130,713,0,0,1
958,4.167,0.3441,130,713,0,0,1
959,4.1847,0.3431,130,713,0,0,1
960,4.0993,0.3327,130,713,0,0,1
961,4.187,0.4001,130,713,0,0,1
962,4.1795,0.3818,130,713,0,0,1
963,4.2382,0.4883,130,713,0,0,1
964,4.1029,0.2978,130,713,0,0,1
965,4.1276,0.4778,129,713,0,0,1
966,4.1799,0.4704,129,713,0,0,1
967,4.1617,0.3328,129,713,0,0,1
968,4.1857,0.3772,129,713,0,0,1
969,4.2072,0.4819,163,713,0,0,1
970,4.0984,0.3897,163,713,0,0,1
971,4.1995,0.4457,163,713,0,0,1
972,4.1142,0.3543,163,713,0,0,1
973,4.2252,0.723,163,713,0,0,1
974,4.1572,0.3736,163,713,0,0,1
975,4.2232,0.5196,162,713,0,0,1
976,4.1611,0.4718,162,713,0,0,1
977,4.1441,0.4844,162,713,0,0,1
978,4.1548,0.519,162,713,0,0,1
979,4.1428,0.3474,162,713,0,0,1
980,4.196,0.3254,162,713,0,0,1
981,4.1216,0.4641,162,713,0,0,1
982,4.2188,0.461,162,713,0,0,1
983,4.1873,0.3927,162,713,0,0,1
984,4.1064,0.3536,162,713,0,0,1
985,4.2429,0.6207,162,713,0,0,1
986,4.0963,0.324,162,713,0,0,1
987,4.279,0.3805,162,713,0,0,1
988,4.1076,0.3996,162,713,0,0,1
989,4.1089,0.3204,162,713,0,0,1
990,4.1767,0.3686,162,713,0,0,1
991,4.1664,0.2874,162,713,0,0,1
992,4.2301,0.5941,162,713,0,0,1
993,4.1585,0.3708,162,713,0,0,1
994,4.0904,0.3744,162,713,0,0,1
995,4.1973,0.3965,162,713,0,0,1
996,4.1466,0.3347,161,713,0,0,1
997,4.2015,0.3802,161,713,0,0,1
998,4.1801,0.3165,161,713,0,0,1
999,4.1218,0.3696,161,713,0,0,1
1000,4.1781,0.31,160,713,0,0,1
1001,4.1498,0.3834,160,713,0,0,1
1002,4.2074,0.3181,160,713,0,0,1
1003,4.123,0.3448,160,713,0,0,1
1004,4.1647,0.3702,160,713,0,0,1
1005,4.1971,0.3913,160,713,0,0,1
1006,4.1962,0.4088,160,713,0,0,1
1007,4.1874,0.5056,160,713,0,0,1
1008,4.0993,0.3487,160,713,0,0,1
1009,4.2402,0.4556,160,713,0,0,1
1010,4.118,0.3565,160,713,0,0,1
1011,4.1607,0.5592,160,713,0,0,1
1012,4.2024,0.4058,160,713,0,0,1
1013,4.4791,0.3263,160,713,0,0,1
1014,3.8377,0.3988,160,713,0,0,1
1015,4.1325,0.3768,160,713,0,0,1
1016,4.2306,0.5442,160,713,0,0,1
1017,4.2049,0.4993,160,713,0,0,1
1018,4.0446,0.3382,159,713,0,0,1
1019,4.2264,0.5419,159,713,0,0,1
1020,4.0944,0.2981,159,713,0,0,1
1021,4.2125,0.407,159,713,0,0,1
1022,4.2313,0.2936,159,713,0,0,1
1023,4.3094,0.5854,159,713,0,0,1
1024,3.9711,0.4155,159,713,0,0,1
1025,4.1674,0.5917,159,713,0,0,1
1026,4.1373,0.35,159,713,0,0,1
1027,4.1707,0.3303,159,713,0,0,1
1028,4.2453,0.3621,159,713,0,0,1
1029,4.1414,0.3328,159,713,0,0,1
1030,4.4325,0.6234,159,713,0,0,1
1031,4.1433,0.384,159,713,0,0,1
1032,3.8494,0.3498,158,713,0,0,1
1033,4.2429,0.3871,158,713,0,0,1
1034,4.1787,0.3966,158,713,0,0,1
1035,4.1382,0.6708,158,713,0,0,1
1036,4.2224,0.5654,157,713,0,0,1
1037,4.276,0.5072,157,713,0,0,1
1038,4.2751,0.4718,157,713,0,0,1
1039,3.8687,0.3765,156,713,0,0,1
1040,4.2014,0.353,156,713,0,0,1
1041,4.1205,0.3771,156,713,0,0,1
1042,4.1339,0.3385,156,713,0,0,1
1043,4.1984,0.3574,156,713,0,0,1
1044,4.1693,0.3512,156,713,0,0,1
1045,4.2317,0.397,156,713,0,0,1
1046,4.0657,0.3508,156,713,0,0,1
1047,4.2033,0.4129,156,713,0,0,1
1048,4.2237,0.9288,156,713,0,0,1
1049,4.7573,0.5388,156,713,0,0,1
1050,3.7568,0.4411,156,713,0,0,1
1051,3.9349,0.3407,156,713,0,0,1
1052,4.4975,0.348,156,713,0,0,1
1053,3.9315,0.5434,190,713,0,0,1
1054,4.0963,0.6558,190,713,0,0,1
1055,4.1887,0.5772,190,713,0,0,1
1056,4.3227,0.4603,190,713,0,0,1
1057,4.6465,0.7276,190,713,0,0,1
1058,3.5408,0.5041,190,713,0,0,1
1059,4.1299,0.3018,190,713,0,0,1
1060,4.1773,0.511,190,713,0,0,1
1061,4.1357,0.5002,190,713,0,0,1
1062,4.2588,0.3695,190,713,0,0,1
1063,4.1365,0.3086,190,713,0,0,1
1064,4.7407,0.4922,190,713,0,0,1
1065,3.6276,0.3601,190,713,0,0,1
1066,4.0636,0.593,190,713,0,0,1
1067,4.2863,0.5679,190,713,0,0,1
1068,4.0428,0.3724,190,713,0,0,1
1069,4.158,0.324,190,713,0,0,1
1070,4.2063,0.4193,190,713,0,0,1
1071,4.7769,0.408,190,713,0,0,1
1072,3.6745,0.4756,190,713,0,0,1
1073,4.0191,0.4844,190,713,0,0,1
1074,4.3009,0.5725,190,713,0,0,1
1075,4.0438,0.3654,190,713,0,0,1
1076,4.2185,0.4274,189,713,0,0,1
1077,4.0692,0.4294,189,713,0,0,1
1078,4.26,0.3821,189,713,0,0,1
1079,4.4038,0.6893,188,713,0,0,1
1080,3.9559,0.3139,188,713,0,0,1
1081,4.1229,0.4515,188,713,0,0,1
1082,4.1454,0.2848,188,713,0,0,1
1083,4.2451,0.5209,188,713,0,0,1
1084,4.1319,0.3485,188,713,0,0,1
1085,4.1098,0.5486,187,713,0,0,1
1086,4.4862,0.4915,186,713,0,0,1
1087,4.0434,0.3924,185,713,0,0,1
1088,4.3103,0.3855,184,713,0,0,1
1089,3.841,0.4724,184,713,0,0,1
1090,4.1455,0.3017,184,713,0,0,1
1091,4.1941,0.563,184,713,0,0,1
1092,4.1524,0.299,184,713,0,0,1
1093,4.5665,0.535,184,713,0,0,1
1094,3.8101,0.653,184,713,0,0,1
1095,4.1271,0.373,184,713,0,0,1
1096,4.164,0.3791,184,713,0,0,1
1097,4.163,0.4058,184,713,0,0,1
1098,4.3539,0.5332,183,713,0,0,1
1099,3.9846,0.4999,183,713,0,0,1
1100,4.2633,0.3512,183,713,0,0,1
1101,4.3738,0.5528,183,713,0,0,1
1102,3.9811,0.3583,183,713,0,0,1
1103,4.1219,0.4844,183,713,0,0,1
1104,4.0907,0.3581,183,713,0,0,1
1105,4.2565,0.6584,183,713,0,0,1
1106,4.0771,0.3463,183,713,0,0,1
1107,4.2335,0.5567,183,713,0,0,1
1108,4.0838,0.3546,183,713,0,0,1
1109,4.437,0.4078,183,713,0,0,1
1110,3.9868,0.3359,183,713,0,0,1
1111,4.0969,0.5303,183,713,0,0,1
1112,4.4894,0.4537,183,713,0,0,1
1113,4.1377,0.5022,183,713,0,0,1
1114,3.8672,0.356,183,713,0,0,1
1115,4.1501,0.6428,183,713,0,0,1
1116,4.1654,0.4543,183,713,0,0,1
1117,4.1832,0.5362,183,713,0,0,1
1118,4.1908,0.3036,183,713,0,0,1
1119,4.4613,0.8622,182,713,0,0,1
1120,4.1472,0.5404,182,713,0,0,1
1121,4.118,0.4358,182,713,0,0,1
1122,3.962,0.4303,181,713,0,0,1
1123,4.119,0.3518,180,713,0,0,1
1124,4.2287,0.5915,180,713,0,0,1
1125,4.1959,0.4575,180,713,0,0,1
1126,4.1381,0.55,180,713,0,0,1
1127,4.3222,0.4193,180,713,0,0,1
1128,4.0863,0.3787,180,713,0,0,1
1129,4.2568,0.6784,180,713,0,0,1
1130,3.9726,0.3082,180,713,0,0,1
1131,4.1903,0.5539,180,713,0,0,1
1132,4.1327,0.3301,180,713,0,0,1
1133,4.1992,0.4273,179,713,0,0,1
1134,4.3808,0.4784,179,713,0,0,1
1135,4.1464,0.4548,179,713,0,0,1
1136,4.5156,0.4174,179,713,0,0,1
1137,3.6611,0.8361,213,713,0,0,1
1138,4.0472,0.3767,213,713,0,0,1
1139,4.5673,0.5743,213,713,0,0,1
1140,3.8075,0.3799,213,713,0,0,1
1141,4.2206,0.5052,213,713,0,0,1
1142,4.4146,0.4554,213,713,0,0,1
1143,4.1062,0.5066,213,713,0,0,1
1144,3.9963,0.4646,213,713,0,0,1
1145,4.1418,0.6205,212,713,0,0,1
1146,4.1614,0.339,212,713,0,0,1
1147,4.1433,0.4203,212,713,0,0,1
1148,4.2053,0.4951,212,713,0,0,1
1149,4.219,0.5813,212,713,0,0,1
1150,4.4011,0.5512,212,713,0,0,1
1151,4.1349,0.5839,212,713,0,0,1
1152,3.8565,0.3939,212,713,0,0,1
1153,4.2286,0.3687,212,713,0,0,1
1154,4.1822,0.3941,212,713,0,0,1
1155,4.1959,0.5308,212,713,0,0,1
1156,4.0889,0.4259,211,713,0,0,1
1157,4.5095,0.4277,211,713,0,0,1
1158,4.3431,0.4439,211,713,0,0,1
1159,3.636,0.4479,211,713,0,0,1
1160,4.1753,0.3338,211,713,0,0,1
1161,4.1268,0.4425,211,713,0,0,1
1162,4.1424,0.316,211,713,0,0,1
1163,4.23,0.5487,210,713,0,0,1
1164,4.1168,0.3052,210,713,0,0,1
1165,4.4356,0.475,210,713,0,0,1
1166,4.1884,0.4041,210,713,0,0,1
1167,3.9703,0.5378,210,713,0,0,1
1168,4.1016,0.7056,210,713,0,0,1
1169,4.2234,0.3843,210,713,0,0,1
1170,4.1443,0.4007,209,713,0,0,1
1171,4.145,0.4542,209,713,0,0,1
1172,4.2163,0.656,209,713,0,0,1
1173,4.4369,0.5298,209,713,0,0,1
1174,4.0856,0.5195,209,713,0,0,1
1175,4.0777,0.4612,209,713,0,0,1
1176,4.01,0.3138,209,713,0,0,1
1177,4.1863,0.4455,209,713,0,0,1
1178,4.2231,0.4048,209,713,0,0,1
1179,4.1578,0.5493,209,713,0,0,1
1180,4.312,0.4725,209,713,0,0,1
1181,4.1982,0.5148,208,713,0,0,1
1182,3.9954,0.4589,208,713,0,0,1
1183,4.1059,0.3191,208,713,0,0,1
1184,4.1762,0.4345,208,713,0,0,1
1185,4.1434,0.3846,208,713,0,0,1
1186,4.147,0.5639,208,713,0,0,1
1187,4.1901,0.3558,208,713,0,0,1
1188,4.1623,0.3611,208,713,0,0,1
1189,4.1648,0.5835,208,713,0,0,1
1190,4.206,0.3444,208,713,0,0,1
1191,4.3413,0.5565,208,713,0,0,1
1192,4.2666,0.3536,208,713,0,0,1
1193,3.8988,0.6663,208,713,0,0,1
1194,4.1912,0.4268,208,713,0,0,1
1195,4.1215,0.5895,208,713,0,0,1
1196,4.5308,0.5812,208,713,0,0,1
1197,3.8766,0.3686,208,713,0,0,1
1198,4.1604,0.5858,208,713,0,0,1
1199,4.0952,0.3084,208,713,0,0,1
1200,4.1281,0.3903,208,713,0,0,1
1201,4.2157,0.3712,206,713,0,0,1
1202,4.1636,0.3991,206,713,0,0,1
1203,4.2219,0.4538,206,713,0,0,1
1204,4.143,0.39,206,713,0,0,1
1205,4.1188,0.6855,206,713,0,0,1
1206,4.2176,0.5113,206,713,0,0,1
1207,4.1516,0.4693,206,713,0,0,1
1208,4.1339,0.3398,205,713,0,0,1
1209,4.2144,0.4833,205,713,0,0,1
1210,4.0895,0.4259,205,713,0,0,1
1211,4.1926,0.5893,205,713,0,0,1
1212,4.1397,0.3526,205,713,0,0,1
1213,4.2533,0.3828,205,713,0,0,1
1214,4.1672,0.6184,205,713,0,0,1
1215,4.1405,0.4104,205,713,0,0,1
1216,4.2104,0.4608,205,713,0,0,1
1217,4.1272,0.3385,205,713,0,0,1
1218,4.1735,0.5672,205,713,0,0,1
1219,4.4626,0.3479,205,713,0,0,1
1220,3.8785,0.4313,205,713,0,0,1
1221,4.1172,0.5541,239,713,0,0,1
1222,4.1665,0.4957,239,713,0,0,1
1223,4.2398,0.5572,239,713,0,0,1
1224,4.0714,0.3698,238,713,0,0,1
1225,4.2054,0.3781,238,713,0,0,1
1226,4.1325,0.4474,238,713,0,0,1
1227,4.2438,0.524,238,713,0,0,1
1228,4.1508,0.3925,237,713,0,0,1
1229,4.1263,0.4988,237,713,0,0,1
1230,4.408,0.3641,237,713,0,0,1
1231,3.939,0.5013,237,713,0,0,1
1232,4.2149,0.4085,237,713,0,0,1
1233,4.1108,0.396,230,713,0,0,1
1234,4.1131,0.3761,229,713,0,0,1
1235,4.5359,0.3841,229,713,0,0,1
1236,3.8478,0.3113,229,713,0,0,1
1237,4.1953,0.634,229,713,0,0,1
1238,4.1421,0.3087,229,713,0,0,1
1239,4.6634,0.5549,228,713,0,0,1
1240,3.7646,0.4456,228,713,0,0,1
1241,4.0793,0.3454,228,713,0,0,1
1242,4.2077,0.5329,228,713,0,0,1
1243,4.1557,0.3655,228,713,0,0,1
1244,4.1875,0.4461,228,713,0,0,1
1245,4.1559,0.5009,228,713,0,0,1
1246,4.1943,0.3603,228,713,0,0,1
1247,4.0801,0.4,228,713,0,0,1
1248,4.1597,0.3911,227,713,0,0,1
1249,4.2277,0.5253,227,713,0,0,1
1250,4.1477,0.3918,227,713,0,0,1
1251,4.1876,0.3733,226,713,0,0,1
1252,4.1897,0.4556,226,713,0,0,1
1253,4.1073,0.3926,226,713,0,0,1
1254,4.2274,0.3379,226,713,0,0,1
1255,4.1117,0.5122,226,713,0,0,1
1256,4.2343,0.5791,226,713,0,0,1
1257,4.1045,0.627,226,713,0,0,1
1258,4.1331,0.3935,226,713,0,0,1
1259,4.1742,0.3859,226,713,0,0,1
1260,4.1442,0.3685,226,713,0,0,1
1261,4.1965,0.4502,226,713,0,0,1
1262,4.4414,0.5094,226,713,0,0,1
1263,3.9934,0.4682,226,713,0,0,1
1264,4.1233,0.4051,226,713,0,0,1
1265,4.1035,0.479,226,713,0,0,1
1266,4.2317,0.3922,226,713,0,0,1
1267,4.0897,0.4507,226,713,0,0,1
1268,4.2369,0.5042,226,713,0,0,1
1269,4.161,0.3516,226,713,0,0,1
1270,4.4786,0.6262,226,713,0,0,1
1271,3.9042,0.4069,225,713,0,0,1
1272,4.0565,0.3509,224,713,0,0,1
1273,4.1856,0.4489,224,713,0,0,1
1274,4.2432,0.3236,224,713,0,0,1
1275,4.1332,0.492,224,713,0,0,1
1276,4.1759,0.4259,224,713,0,0,1
1277,4.1137,0.3484,224,713,0,0,1
1278,4.1822,0.4004,224,713,0,0,1
1279,4.1672,0.3529,224,713,0,0,1
1280,4.1755,0.4081,224,713,0,0,1
1281,4.1883,0.5671,224,713,0,0,1
1282,4.3393,0.5035,224,713,0,0,1
1283,4.3076,0.6125,222,713,0,0,1
1284,3.8102,0.3174,222,713,0,0,1
1285,4.1955,0.4908,221,713,0,0,1
1286,4.1156,0.3492,221,713,0,0,1
1287,4.1709,0.6013,221,713,0,0,1
1288,4.1908,0.3723,221,713,0,0,1
1289,4.4644,0.4695,221,713,0,0,1
1290,3.8499,0.4377,221,713,0,0,1
1291,4.1634,0.32,221,713,0,0,1
1292,4.2392,0.4115,221,713,0,0,1
1293,4.1607,0.4213,220,713,0,0,1
1294,4.165,0.3122,220,713,0,0,1
1295,4.1928,0.4833,220,713,0,0,1
1296,4.0982,0.3408,220,713,0,0,1
1297,4.5067,0.5627,220,713,0,0,1
1298,3.8259,0.3877,220,713,0,0,1
1299,4.2196,0.4923,219,713,0,0,1
1300,4.1918,0.6792,219,713,0,0,1
1301,4.1318,0.3889,219,713,0,0,1
1302,4.1924,0.449,219,713,0,0,1
1303,4.121,0.4452,219,713,0,0,1
1304,4.4353,0.3248,219,713,0,0,1
1305,4.1494,0.8072,253,713,0,0,1
1306,3.9215,0.6274,253,713,0,0,1
1307,4.1859,0.38,253,713,0,0,1
1308,4.1379,0.4112,253,713,0,0,1
1309,4.1856,0.6494,253,713,0,0,1
1310,4.1607,0.3556,253,713,0,0,1
1311,4.1973,0.5072,253,713,0,0,1
1312,4.3183,0.6247,253,713,0,0,1
1313,3.9501,0.362,252,713,0,0,1
1314,4.3194,0.4919,251,713,0,0,1
1315,4.0266,0.5479,251,713,0,0,1
1316,4.1403,0.4655,244,713,0,0,1
1317,4.1995,0.4623,244,713,0,0,1
1318,4.1732,0.6566,243,713,0,0,1
1319,4.2339,0.5234,243,713,0,0,1
1320,4.0537,0.4972,243,713,0,0,1
1321,4.2298,0.4007,243,713,0,0,1
1322,4.2123,0.3679,243,713,0,0,1
1323,4.1559,0.4855,243,713,0,0,1
1324,4.1348,0.3681,242,713,0,0,1
1325,4.1606,0.4306,242,713,0,0,1
1326,4.192,0.4683,242,713,0,0,1
1327,4.1268,0.4371,242,713,0,0,1
1328,4.1546,0.4372,242,713,0,0,1
1329,4.1566,0.4534,242,713,0,0,1
1330,4.1235,0.4186,242,713,0,0,1
1331,4.2714,0.4349,241,713,0,0,1
1332,4.0905,0.3621,241,713,0,0,1
1333,4.252,0.4389,240,713,0,0,1
1334,4.1807,0.4818,240,713,0,0,1
1335,4.1359,0.5153,240,713,0,0,1
1336,4.1655,0.5916,240,713,0,0,1
1337,4.1225,0.6956,240,713,0,0,1
1338,4.1994,0.5459,240,713,0,0,1
1339,4.1399,0.5076,239,713,0,0,1
1340,4.14,0.3964,239,713,0,0,1
1341,4.2231,0.3991,238,713,0,0,1
1342,4.1958,0.4894,238,713,0,0,1
1343,4.1747,0.5192,238,713,0,0,1
1344,4.1021,0.3237,238,713,0,0,1
1345,4.2382,0.6791,237,713,0,0,1
1346,4.0959,0.5593,237,713,0,0,1
1347,4.1746,0.5263,237,713,0,0,1
1348,4.2198,0.426,236,713,0,0,1
1349,4.0994,0.4966,236,713,0,0,1
1350,4.1389,0.4882,236,713,0,0,1
1351,4.2139,0.4514,236,713,0,0,1
1352,4.192,0.3765,236,713,0,0,1
1353,4.1483,0.4972,236,713,0,0,1
1354,4.101,0.3788,236,713,0,0,1
1355,4.2112,0.3237,236,713,0,0,1
1356,4.1642,0.3979,236,713,0,0,1
1357,4.2411,0.6762,235,713,0,0,1
1358,4.1194,0.3111,235,713,0,0,1
1359,4.1744,0.5263,235,713,0,0,1
1360,4.1246,0.3563,234,713,0,0,1
1361,4.1804,0.431,234,713,0,0,1
1362,4.7374,0.4311,233,713,0,0,1
1363,3.6127,0.3622,233,713,0,0,1
1364,4.1561,0.3973,233,713,0,0,1
1365,4.2077,0.6787,233,713,0,0,1
1366,4.1631,0.4551,233,713,0,0,1
1367,4.1558,0.4567,233,713,0,0,1
1368,4.1209,0.4972,233,713,0,0,1
1369,4.1848,0.6831,233,713,0,0,1
1370,4.1654,0.4024,232,713,0,0,1
1371,4.1794,0.3591,232,713,0,0,1
1372,4.1327,0.4219,231,713,0,0,1
1373,4.1552,0.3527,230,713,0,0,1
1374,4.2108,0.3568,229,713,0,0,1
1375,4.1662,0.487,229,713,0,0,1
1376,4.1421,0.3988,229,713,0,0,1
1377,4.2178,0.685,229,713,0,0,1
1378,4.0967,0.404,229,713,0,0,1
1379,4.2069,0.3568,229,713,0,0,1
1380,4.1363,0.3977,229,713,0,0,1
1381,4.2451,0.6594,229,713,0,0,1
1382,4.1271,0.3893,229,713,0,0,1
1383,4.2259,0.4621,229,713,0,0,1
1384,4.1425,0.4183,229,713,0,0,1
1385,4.1565,0.69,228,713,0,0,1
1386,4.4438,0.4463,228,713,0,0,1
1387,3.9016,0.4348,227,713,0,0,1
1388,4.2673,0.4041,226,713,0,0,1
1389,4.0244,0.4422,260,713,0,0,1
1390,4.1896,0.3868,260,713,0,0,1
1391,4.2087,0.4876,260,713,0,0,1
1392,4.0946,0.3494,260,713,0,0,1
1393,4.1777,0.4222,260,713,0,0,1
1394,4.2188,0.4521,259,713,0,0,1
1395,4.3086,0.7041,258,713,0,0,1
1396,3.9935,0.3836,258,713,0,0,1
1397,4.2157,0.5225,258,713,0,0,1
1398,4.11,0.4035,258,713,0,0,1
1399,4.1682,0.3217,257,713,0,0,1
1400,4.4175,0.639,250,713,0,0,1
1401,4.0515,0.5484,250,713,0,0,1
1402,3.9962,0.3207,250,713,0,0,1
1403,4.1992,0.4735,250,713,0,0,1
1404,4.1143,0.3689,250,713,0,0,1
1405,4.4227,0.5141,250,713,0,0,1
1406,4.0116,0.4124,250,713,0,0,1
1407,4.1354,0.6269,250,713,0,0,1
1408,4.1232,0.3631,250,713,0,0,1
1409,4.216,0.5047,250,713,0,0,1
1410,4.1245,0.4003,250,713,0,0,1
1411,4.2049,0.4302,250,713,0,0,1
1412,4.3796,0.6759,250,713,0,0,1
1413,3.9495,0.6181,250,713,0,0,1
1414,4.2125,0.3646,250,713,0,0,1
1415,4.1578,0.4842,249,713,0,0,1
1416,4.1105,0.3703,249,713,0,0,1
1417,4.1731,0.398,248,713,0,0,1
1418,4.1387,0.4275,247,713,0,0,1
1419,4.249,0.5975,247,713,0,0,1
1420,4.1574,0.5872,247,713,0,0,1
1421,4.1701,0.5046,247,713,0,0,1
1422,4.1291,0.4305,247,713,0,0,1
1423,4.184,0.317,246,713,0,0,1
1424,4.1783,0.5295,246,713,0,0,1
1425,4.1913,0.537,246,713,0,0,1
1426,4.0801,0.5117,246,713,0,0,1
1427,4.1925,0.4857,246,713,0,0,1
1428,4.1508,0.341,246,713,0,0,1
1429,4.1756,0.3702,246,713,0,0,1
1430,4.1051,0.4027,246,713,0,0,1
1431,4.1982,0.5963,246,713,0,0,1
1432,4.1792,0.4475,246,713,0,0,1
1433,4.2232,0.7131,246,713,0,0,1
1434,4.4276,0.4357,246,713,0,0,1
1435,3.8647,0.4744,246,713,0,0,1
1436,4.1636,0.4217,246,713,0,0,1
1437,4.2346,0.3713,246,713,0,0,1
1438,4.3436,0.4058,246,713,0,0,1
1439,4.0895,0.4947,246,713,0,0,1
1440,4.05,0.3336,246,713,0,0,1
1441,4.1348,0.4823,246,713,0,0,1
1442,4.1727,0.5069,246,713,0,0,1
1443,4.2131,0.3702,246,713,0,0,1
1444,4.1272,0.3881,245,713,0,0,1
1445,4.1775,0.7613,244,713,0,0,1
1446,4.1364,0.3546,244,713,0,0,1
1447,4.1608,0.4759,244,713,0,0,1
1448,4.2192,0.4237,244,713,0,0,1
1449,4.1685,0.4415,244,713,0,0,1
1450,4.137,0.6906,244,713,0,0,1
1451,4.1199,0.5669,244,713,0,0,1
1452,4.19,0.3252,244,713,0,0,1
1453,4.2137,0.5027,244,713,0,0,1
1454,4.1415,0.4529,244,713,0,0,1
1455,4.4568,0.6071,244,713,0,0,1
1456,3.9009,0.6599,244,713,0,0,1
1457,4.109,0.559,244,713,0,0,1
1458,4.2099,0.3787,244,713,0,0,1
1459,4.3982,0.5216,244,713,0,0,1
1460,3.9873,0.4058,244,713,0,0,1
1461,4.094,0.4897,244,713,0,0,1
1462,4.2115,0.555,244,713,0,0,1
1463,4.0838,0.4992,244,713,0,0,1
1464,4.1919,0.399,244,713,0,0,1
1465,4.5175,0.5668,243,713,0,0,1
1466,3.8617,0.4949,243,713,0,0,1
1467,4.1843,0.5065,242,713,0,0,1
1468,4.108,0.4324,242,713,0,0,1
1469,4.1624,0.5093,242,713,0,0,1
1470,4.2689,0.5781,242,713,0,0,1
1471,4.0755,0.4217,242,713,0,0,1
1472,4.163,0.3635,242,713,0,0,1
1473,4.2287,0.6238,276,713,0,0,1
1474,4.1127,0.4118,276,713,0,0,1
1475,4.4009,0.8261,276,713,0,0,1
1476,3.9174,0.4235,276,713,0,0,1
1477,4.3214,0.7879,276,713,0,0,1
1478,4.0076,0.3945,276,713,0,0,1
1479,4.2369,0.4276,276,713,0,0,1
1480,4.138,0.4742,276,713,0,0,1
1481,4.1726,0.6858,275,713,0,0,1
1482,4.1383,0.3539,275,713,0,0,1
1483,4.1555,0.3412,275,713,0,0,1
1484,4.1785,0.478,275,713,0,0,1
1485,4.1232,0.6042,268,713,0,0,1
1486,4.2598,0.3757,268,713,0,0,1
1487,4.1646,0.4607,267,713,0,0,1
1488,4.0736,0.418,267,713,0,0,1
1489,4.2195,0.3771,267,713,0,0,1
1490,4.1728,0.3374,266,713,0,0,1
1491,4.1608,0.4823,266,713,0,0,1
1492,4.1634,0.3847,265,713,0,0,1
1493,4.1565,0.3678,265,713,0,0,1
1494,4.2014,0.7028,265,713,0,0,1
1495,4.2955,0.4187,265,713,0,0,1
1496,4.0692,0.3989,265,713,0,0,1
1497,4.1591,0.4266,265,713,0,0,1
1498,4.1618,0.4695,264,713,0,0,1
1499,4.1226,0.3597,263,713,0,0,1
1500,4.1446,0.4915,263,713,0,0,1
1501,4.2138,0.6805,263,713,0,0,1
1502,4.4168,0.4681,263,713,0,0,1
1503,4.2738,0.4019,263,713,0,0,1
1504,3.8162,0.4947,263,713,0,0,1
1505,4.1422,0.4163,263,713,0,0,1
1506,4.2112,0.4709,262,713,0,0,1
1507,4.1035,0.4619,262,713,0,0,1
1508,4.2224,0.7156,262,713,0,0,1
1509,4.4538,0.4927,261,713,0,0,1
1510,3.8651,0.4926,261,713,0,0,1
1511,4.2172,0.451,260,713,0,0,1
1512,4.0784,0.5057,260,713,0,0,1
1513,4.2191,0.3749,259,713,0,0,1
1514,4.3143,0.4135,259,713,0,0,1
1515,3.9695,0.4399,259,713,0,0,1
1516,4.1657,0.343,259,713,0,0,1
1517,4.165,0.4468,259,713,0,0,1
1518,4.5172,0.3997,259,713,0,0,1
1519,3.8655,0.329,259,713,0,0,1
1520,4.1476,0.6041,259,713,0,0,1
1521,4.165,0.4765,258,713,0,0,1
1522,4.2059,0.3971,258,713,0,0,1
1523,4.1625,0.4752,258,713,0,0,1
1524,4.1005,0.4466,256,713,0,0,1
1525,4.1359,0.3844,256,713,0,0,1
1526,4.1863,0.3372,256,713,0,0,1
1527,4.4159,0.6957,256,713,0,0,1
1528,3.9875,0.3917,255,713,0,0,1
1529,4.1637,0.5863,255,713,0,0,1
1530,4.186,0.4772,255,713,0,0,1
1531,4.1366,0.4348,255,713,0,0,1
1532,4.1861,0.6141,255,713,0,0,1
1533,4.1123,0.7261,254,713,0,0,1
1534,4.2404,0.424,254,713,0,0,1
1535,4.1718,0.3753,253,713,0,0,1
1536,4.0836,0.4338,253,713,0,0,1
1537,4.4733,0.3655,253,713,0,0,1
1538,3.8896,0.3486,253,713,0,0,1
1539,4.1581,0.5978,253,713,0,0,1
1540,4.1393,0.3736,252,713,0,0,1
1541,4.2667,0.4293,252,713,0,0,1
1542,4.1363,0.4855,252,713,0,0,1
1543,4.132,0.3967,251,713,0,0,1
1544,4.4475,0.5989,251,713,0,0,1
1545,3.8657,0.647,251,713,0,0,1
1546,4.1701,0.3893,250,713,0,0,1
1547,4.216,0.3672,250,713,0,0,1
1548,4.1325,0.4132,250,713,0,0,1
1549,4.1585,0.4965,249,713,0,0,1
1550,4.2044,0.4917,249,713,0,0,1
1551,4.1321,0.5884,249,713,0,0,1
1552,4.1763,0.6294,248,713,0,0,1
1553,4.2026,0.4106,246,713,0,0,1
1554,4.1038,0.444,245,713,0,0,1
1555,4.176,0.4092,244,713,0,0,1
1556,4.2637,0.3265,244,713,0,0,1
1557,4.1316,0.6569,278,713,0,0,1
1558,4.1316,0.678,278,713,0,0,1
1559,4.211,0.7103,278,713,0,0,1
1560,4.0941,0.4278,278,713,0,0,1
1561,4.2327,0.5685,278,713,0,0,1
1562,4.108,0.4729,278,713,0,0,1
1563,4.3879,0.3458,278,713,0,0,1
1564,4.1218,0.7755,277,713,0,0,1
1565,3.9914,0.4428,277,713,0,0,1
1566,4.4294,0.5235,277,713,0,0,1
1567,3.9051,0.3848,277,713,0,0,1
1568,4.2103,0.4825,270,713,0,0,1
1569,4.3083,0.4184,270,713,0,0,1
1570,3.9414,0.5336,270,713,0,0,1
1571,4.2726,0.6056,269,713,0,0,1
1572,4.0831,0.4427,269,713,0,0,1
1573,4.2324,0.443,268,713,0,0,1
1574,4.471,0.3567,268,713,0,0,1
1575,3.8712,0.4411,268,713,0,0,1
1576,4.115,0.6264,267,713,0,0,1
1577,4.1999,0.6379,267,713,0,0,1
1578,4.112,0.4271,267,713,0,0,1
1579,4.1916,0.4368,267,713,0,0,1
1580,4.2141,0.4075,267,713,0,0,1
1581,4.1653,0.4188,267,713,0,0,1
1582,4.1256,0.6968,267,713,0,0,1
1583,4.1872,0.6832,267,713,0,0,1
1584,4.1032,0.3327,266,713,0,0,1
1585,4.441,0.8232,266,713,0,0,1
1586,3.9774,0.4957,266,713,0,0,1
1587,4.1369,0.3613,266,713,0,0,1
1588,4.1726,0.4491,265,713,0,0,1
1589,4.1335,0.4446,265,713,0,0,1
1590,4.1959,0.4327,265,713,0,0,1
1591,4.1756,0.3339,265,713,0,0,1
1592,4.1777,0.4788,265,713,0,0,1
1593,4.2035,0.4489,265,713,0,0,1
1594,4.1134,0.5586,265,713,0,0,1
1595,4.175,0.6114,264,713,0,0,1
1596,4.1161,0.4283,264,713,0,0,1
1597,4.2198,0.424,264,713,0,0,1
1598,4.1229,0.3725,264,713,0,0,1
1599,4.2438,0.4611,264,713,0,0,1
1600,4.1561,0.4845,264,713,0,0,1
1601,4.1067,0.3629,264,713,0,0,1
1602,4.2626,0.6806,264,713,0,0,1
1603,4.1326,0.4958,264,713,0,0,1
1604,4.0703,0.3203,264,713,0,0,1
1605,4.2773,0.5218,264,713,0,0,1
1606,4.0779,0.5208,263,713,0,0,1
1607,4.2343,0.5424,262,713,0,0,1
1608,4.1271,0.3702,261,713,0,0,1
1609,4.2553,0.4888,261,713,0,0,1
1610,4.1213,0.6411,260,713,0,0,1
1611,4.1572,0.7797,259,713,0,0,1
1612,4.1739,0.4574,258,713,0,0,1
1613,4.0837,0.5439,258,713,0,0,1
1614,4.2861,0.5398,258,713,0,0,1
1615,4.0844,0.4364,258,713,0,0,1
1616,4.3892,0.562,258,713,0,0,1
1617,3.9994,0.4651,258,713,0,0,1
1618,4.1529,0.5592,258,713,0,0,1
1619,4.1836,0.4129,258,713,0,0,1
1620,4.0974,0.3394,257,713,0,0,1
1621,4.1894,0.6449,257,713,0,0,1
1622,4.1454,0.4474,256,713,0,0,1
1623,4.257,0.3967,256,713,0,0,1
1624,4.1277,0.4509,255,713,0,0,1
1625,4.1142,0.9655,255,713,0,0,1
1626,4.2379,0.9743,255,713,0,0,1
1627,4.3893,0.3493,254,713,0,0,1
1628,3.8708,0.4563,254,713,0,0,1
1629,4.2278,0.4445,253,713,0,0,1
1630,4.0964,0.3399,252,713,0,0,1
1631,4.2544,0.4621,252,713,0,0,1
1632,4.0954,0.3667,252,713,0,0,1
1633,4.1843,0.3622,250,713,0,0,1
1634,4.1243,0.4023,250,713,0,0,1
1635,4.2397,0.4304,250,713,0,0,1
1636,4.1511,0.3747,250,713,0,0,1
1637,4.1303,0.5172,250,713,0,0,1
1638,4.2502,0.533,250,713,0,0,1
1639,4.1146,0.6093,250,713,0,0,1
1640,4.2767,0.6755,249,713,0,0,1
1641,4.0891,0.5565,283,713,0,0,1
1642,4.0952,0.3692,283,713,0,0,1
1643,4.1988,0.3998,283,713,0,0,1
1644,4.1629,0.4644,282,713,0,0,1
1645,4.1402,0.4385,282,713,0,0,1
1646,4.2058,0.7005,282,713,0,0,1
1647,4.213,0.3797,282,713,0,0,1
1648,4.0914,0.4432,282,713,0,0,1
1649,4.1589,0.4263,282,713,0,0,1
1650,4.2369,0.4481,282,713,0,0,1
1651,4.437,0.3486,282,713,0,0,1
1652,3.8812,0.7054,282,713,0,0,1
1653,4.1424,0.4324,274,713,0,0,1
1654,4.4868,0.5999,274,713,0,0,1
1655,3.91,0.3914,274,713,0,0,1
1656,4.059,0.4305,274,713,0,0,1
1657,4.1997,0.4634,274,713,0,0,1
1658,4.2333,0.3382,274,713,0,0,1
1659,4.1044,0.4388,274,713,0,0,1
1660,4.1318,0.4662,274,713,0,0,1
1661,4.1971,0.3856,274,713,0,0,1
1662,4.217,0.389,274,713,0,0,1
1663,4.1318,0.447,274,713,0,0,1
1664,4.3052,0.3976,274,713,0,0,1
1665,4.1117,0.6471,274,713,0,0,1
1666,4.158,0.4217,274,713,0,0,1
1667,4.1265,0.5237,273,713,0,0,1
1668,4.127,0.3877,272,713,0,0,1
1669,4.5509,0.5892,270,713,0,0,1
1670,3.763,0.4554,270,713,0,0,1
1671,4.3784,0.7123,270,713,0,0,1
1672,3.9741,0.4351,268,713,0,0,1
1673,4.1503,0.3715,268,713,0,0,1
1674,4.1878,0.4822,266,713,0,0,1
1675,4.351,0.438,266,713,0,0,1
1676,4.0144,0.4881,266,713,0,0,1
1677,4.1724,0.4597,266,713,0,0,1
1678,4.2146,0.5421,266,713,0,0,1
1679,4.1797,0.4088,266,713,0,0,1
1680,4.0478,0.3991,266,713,0,0,1
1681,4.2471,0.5616,266,713,0,0,1
1682,4.1326,0.4228,265,713,0,0,1
1683,4.1701,0.4998,265,713,0,0,1
1684,4.1318,0.6528,265,713,0,0,1
1685,4.2273,0.4826,265,713,0,0,1
1686,4.0942,0.3764,264,713,0,0,1
1687,4.174,0.4087,262,713,0,0,1
1688,4.2529,0.4341,262,713,0,0,1
1689,4.1268,0.6692,262,713,0,0,1
1690,4.1582,0.6322,262,713,0,0,1
1691,4.4431,0.5178,262,713,0,0,1
1692,3.9315,0.3755,262,713,0,0,1
1693,4.1067,0.4021,261,713,0,0,1
1694,4.1276,0.5462,260,713,0,0,1
1695,4.1827,0.6275,260,713,0,0,1
1696,4.1744,0.5401,260,713,0,0,1
1697,4.1585,0.4663,260,713,0,0,1
1698,4.2,0.455,260,713,0,0,1
1699,4.1392,0.3432,258,713,0,0,1
1700,12.2553,3.5182,258,713,0,0,1
1701,5.0044,2.8906,258,713,0,0,1
1702,3.0037,2.9067,257,713,0,0,1
1703,5.1443,1.8824,257,713,0,0,1
1704,3.7776,0.4683,257,713,0,0,1
1705,4.2873,0.3469,255,713,0,0,1
1706,4.0402,0.2943,255,713,0,0,1
1707,4.2354,0.6252,255,713,0,0,1
1708,4.3169,0.483,253,713,0,0,1
1709,3.9537,2.6561,253,713,0,0,1
1710,4.246,3.395,252,713,0,0,1
1711,8.5571,0.5947,252,713,0,0,1
1712,3.7008,0.3789,251,713,0,0,1
1713,8.6888,0.3719,251,713,0,0,1
1714,4.1512,0.4288,251,713,0,0,1
1715,5.4037,0.5105,251,713,0,0,1
1716,2.985,0.5547,251,713,0,0,1
1717,4.0984,0.5117,251,713,0,0,1
1718,4.1988,0.3801,251,713,0,0,1
1719,4.2277,0.3399,251,713,0,0,1
1720,4.1735,0.4471,251,713,0,0,1
1721,4.1417,0.5926,285,713,0,0,1
1722,4.2019,0.3601,285,713,0,0,1
1723,4.1597,0.4171,284,713,0,0,1
1724,4.7444,0.3153,284,713,0,0,1
1725,3.5474,0.3744,284,713,0,0,1
1726,4.1124,0.4929,284,713,0,0,1
1727,4.2924,0.4536,284,713,0,0,1
1728,4.1246,0.3832,284,713,0,0,1
1729,4.0631,0.3843,284,713,0,0,1
1730,4.207,0.7549,284,713,0,0,1
1731,4.2496,0.4735,284,713,0,0,1
1732,4.117,0.4212,284,713,0,0,1
1733,4.1796,0.4523,277,713,0,0,1
1734,4.1354,0.6818,277,713,0,0,1
1735,4.2106,0.6164,277,713,0,0,1
1736,4.1005,0.3627,277,713,0,0,1
1737,4.1436,0.3787,277,713,0,0,1
1738,4.1798,0.4694,277,713,0,0,1
1739,4.1946,0.4112,277,713,0,0,1
1740,4.208,0.4736,277,713,0,0,1
1741,4.1103,0.3811,276,713,0,0,1
1742,4.1929,0.6723,276,713,0,0,1
1743,4.1552,0.4009,276,713,0,0,1
1744,4.2071,0.435,276,713,0,0,1
1745,4.107,0.4792,275,713,0,0,1
1746,4.1494,0.6499,275,713,0,0,1
1747,4.2765,0.3808,274,713,0,0,1
1748,4.8497,0.3556,274,713,0,0,1
1749,3.3214,0.7277,274,713,0,0,1
1750,4.2415,0.4156,274,713,0,0,1
1751,4.6626,0.3504,272,713,0,0,1
1752,4.0171,0.4584,272,713,0,0,1
1753,3.8006,0.4586,272,713,0,0,1
1754,4.3972,0.4815,271,713,0,0,1
1755,4.0776,0.3382,271,713,0,0,1
1756,4.0792,0.5034,271,713,0,0,1
1757,4.2048,0.5036,270,713,0,0,1
1758,4.1388,0.3778,270,713,0,0,1
1759,4.1665,0.5308,270,713,0,0,1
1760,4.1103,0.5716,270,713,0,0,1
1761,4.3391,0.6448,270,713,0,0,1
1762,4.0073,0.3997,270,713,0,0,1
1763,4.2727,0.5101,270,713,0,0,1
1764,4.4999,0.4052,270,713,0,0,1
1765,3.7141,0.546,269,713,0,0,1
1766,4.2122,0.5828,269,713,0,0,1
1767,4.9061,0.4465,269,713,0,0,1
1768,3.3549,0.6084,268,713,0,0,1
1769,4.2924,0.4351,267,713,0,0,1
1770,4.1151,0.4832,267,713,0,0,1
1771,4.4243,1.3454,267,713,0,0,1
1772,8.3774,0.3466,267,713,0,0,1
1773,3.8815,0.4988,267,713,0,0,1
1774,4.2193,0.6647,267,713,0,0,1
1775,4.1826,0.4156,267,713,0,0,1
1776,4.1789,0.4306,265,713,0,0,1
1777,4.1862,0.4657,264,713,0,0,1
1778,4.1064,0.4223,264,713,0,0,1
1779,4.0873,0.5206,263,713,0,0,1
1780,4.2681,0.5184,262,713,0,0,1
1781,4.5408,0.4383,261,713,0,0,1
1782,3.844,0.4677,261,713,0,0,1
1783,4.0306,0.6022,261,713,0,0,1
1784,4.1564,0.6026,261,713,0,0,1
1785,4.231,0.4193,261,713,0,0,1
1786,4.1844,0.5722,261,713,0,0,1
1787,4.1479,0.4537,261,713,0,0,1
1788,4.1364,0.5175,261,713,0,0,1
1789,4.2098,0.4642,260,713,0,0,1
1790,4.138,0.4298,258,713,0,0,1
1791,4.2417,0.6128,256,713,0,0,1
1792,4.1718,0.5747,255,713,0,0,1
1793,4.1582,0.693,255,713,0,0,1
1794,4.0907,0.5387,255,713,0,0,1
1795,4.6533,0.3396,253,713,0,0,1
1796,3.6139,0.4464,253,713,0,0,1
1797,4.2452,0.4539,253,713,0,0,1
1798,4.1544,0.3626,253,713,0,0,1
1799,4.1244,0.4762,253,713,0,0,1
1800,4.1195,0.4072,253,713,0,0,1
1801,4.2519,0.4135,253,713,0,0,1
1802,4.157,0.432,253,713,0,0,1
1803,4.1638,0.5861,253,713,0,0,1
1804,4.1312,0.378,287,713,0,0,1
1805,4.1655,0.4526,287,713,0,0,1
1806,4.19,0.5544,287,713,0,0,1
1807,4.102,0.5017,287,713,0,0,1
1808,4.2667,0.4967,287,713,0,0,1
1809,4.1992,0.3893,286,713,0,0,1
1810,4.0631,0.5908,285,713,0,0,1
1811,4.2046,0.6467,285,713,0,0,1
1812,4.202,0.5287,283,713,0,0,1
1813,4.2356,0.4225,283,713,0,0,1
1814,4.7426,0.4705,283,713,0,0,1
1815,3.6074,0.4756,276,713,0,0,1
1816,4.0949,0.3551,276,713,0,0,1
1817,4.097,0.4482,275,713,0,0,1
1818,4.5619,0.4442,274,713,0,0,1
1819,4.2191,0.3921,274,713,0,0,1
1820,3.6321,0.3541,274,713,0,0,1
1821,4.3519,0.5009,273,713,0,0,1
1822,4.1474,0.6903,273,713,0,0,1
1823,4.1302,0.7087,273,713,0,0,1
1824,4.1861,0.4668,272,713,0,0,1
1825,4.1513,0.5094,272,713,0,0,1
1826,4.1277,0.4453,272,713,0,0,1
1827,4.3005,0.3828,268,713,0,0,1
1828,4.0243,0.4416,268,713,0,0,1
1829,4.2164,0.4386,268,713,0,0,1
1830,4.23,0.555,268,713,0,0,1
1831,4.0401,0.4305,267,713,0,0,1
1832,4.2624,0.4724,267,713,0,0,1
1833,4.2031,0.4501,267,713,0,0,1
1834,4.1922,0.5628,266,713,0,0,1
1835,4.0018,0.4373,265,713,0,0,1
1836,4.2295,0.6896,265,713,0,0,1
1837,4.0841,0.3565,265,713,0,0,1
1838,4.8008,0.4579,265,713,0,0,1
1839,3.5976,0.68,265,713,0,0,1
1840,4.2417,0.3839,265,713,0,0,1
1841,4.0599,0.3681,264,713,0,0,1
1842,4.295,0.7359,263,713,0,0,1
1843,4.323,0.6439,262,713,0,0,1
1844,3.9275,0.3962,262,713,0,0,1
1845,4.1207,0.5165,261,713,0,0,1
1846,4.2574,0.4764,261,713,0,0,1
1847,4.0532,0.5516,261,713,0,0,1
1848,4.2387,0.3539,261,713,0,0,1
1849,4.5293,0.597,261,713,0,0,1
1850,3.7688,0.3973,261,713,0,0,1
1851,4.6047,0.5715,261,713,0,0,1
1852,3.7176,0.4469,261,713,0,0,1
1853,4.1715,0.4588,261,713,0,0,1
1854,4.4225,0.3627,260,713,0,0,1
1855,3.9021,0.4555,259,713,0,0,1
1856,4.2035,0.4793,259,713,0,0,1
1857,4.1291,0.4654,258,713,0,0,1
1858,4.6242,0.5533,257,713,0,0,1
1859,3.7059,0.432,257,713,0,0,1
1860,4.1993,0.3973,256,713,0,0,1
1861,4.1755,0.576,256,713,0,0,1
1862,4.1658,0.5861,255,713,0,0,1
1863,4.2173,0.4528,255,713,0,0,1
1864,4.099,0.4177,255,713,0,0,1
1865,4.2397,0.6783,254,713,0,0,1
1866,4.107,0.4608,254,713,0,0,1
1867,4.61,0.3602,254,713,0,0,1
1868,3.7528,0.4901,254,713,0,0,1
1869,4.1267,0.5189,254,713,0,0,1
1870,4.6285,0.6204,254,713,0,0,1
1871,3.7654,0.561,254,713,0,0,1
1872,4.3328,0.4269,254,713,0,0,1
1873,3.9419,0.4008,254,713,0,0,1
1874,4.1979,0.5242,254,713,0,0,1
1875,4.6037,0.4298,253,713,0,0,1
1876,3.6707,0.3966,252,713,0,0,1
1877,4.2633,0.4958,251,713,0,0,1
1878,4.2002,0.4548,250,713,0,0,1
1879,4.0505,0.4236,250,713,0,0,1
1880,4.1259,0.5167,250,713,0,0,1
1881,4.2296,0.4506,250,713,0,0,1
1882,4.2614,0.624,250,713,0,0,1
1883,4.1494,0.3749,250,713,0,0,1
1884,4.094,0.6211,249,713,0,0,1
1885,4.1946,0.9909,249,713,0,0,1
1886,4.854,0.3701,248,713,0,0,1
1887,3.5035,0.4234,248,713,0,0,1
1888,4.1107,0.4611,282,713,0,0,1
1889,4.2065,0.4747,281,713,0,0,1
1890,4.1582,0.364,281,713,0,0,1
1891,4.2081,0.3671,281,713,0,0,1
1892,4.0511,0.6347,280,713,0,0,1
1893,4.2274,0.6154,279,713,0,0,1
1894,4.2561,0.4,279,713,0,0,1
1895,4.1246,0.4057,279,713,0,0,1
1896,4.1646,0.5965,279,713,0,0,1
1897,4.1786,0.4288,278,713,0,0,1
1898,4.116,0.3623,278,713,0,0,1
1899,4.1041,0.6619,270,713,0,0,1
1900,4.2418,0.6812,270,713,0,0,1
1901,4.2304,0.4357,270,713,0,0,1
1902,4.1726,0.4842,270,713,0,0,1
1903,4.0244,0.4299,270,713,0,0,1
1904,4.2571,0.8226,270,713,0,0,1
1905,4.4529,0.3875,269,713,0,0,1
1906,3.8919,0.412,269,713,0,0,1
1907,4.1496,0.5137,269,713,0,0,1
1908,4.5544,0.4242,269,713,0,0,1
1909,3.7126,0.5756,269,713,0,0,1
1910,4.8322,0.4572,269,713,0,0,1
1911,3.4744,0.6376,267,713,0,0,1
1912,4.2744,0.4181,266,713,0,0,1
1913,4.1584,0.4235,266,713,0,0,1
1914,4.2109,0.4973,265,713,0,0,1
1915,4.326,0.3991,265,713,0,0,1
1916,3.9195,0.3617,265,713,0,0,1
1917,4.2298,0.5085,265,713,0,0,1
1918,4.1318,0.6868,265,713,0,0,1
1919,4.1501,0.6266,265,713,0,0,1
1920,4.1369,0.3611,263,713,0,0,1
1921,4.2584,0.4624,263,713,0,0,1
1922,4.1256,0.4443,263,713,0,0,1
1923,4.2019,0.5921,262,713,0,0,1
1924,4.1518,0.759,262,713,0,0,1
1925,4.1568,0.5203,261,713,0,0,1
1926,4.5566,0.3591,261,713,0,0,1
1927,3.6924,0.4349,260,713,0,0,1
1928,4.1912,0.6813,260,713,0,0,1
1929,4.2686,0.4794,259,713,0,0,1
1930,4.1686,0.5851,259,713,0,0,1
1931,4.0698,0.4314,259,713,0,0,1
1932,4.1572,0.4208,259,713,0,0,1
1933,4.2045,0.3917,259,713,0,0,1
1934,4.8241,0.4375,259,713,0,0,1
1935,3.5092,0.6749,259,713,0,0,1
1936,4.193,0.4314,259,713,0,0,1
1937,4.1372,0.5512,259,713,0,0,1
1938,4.2775,0.554,259,713,0,0,1
1939,4.3237,0.4278,258,713,0,0,1
1940,3.8481,0.4611,257,713,0,0,1
1941,4.3039,0.4577,256,713,0,0,1
1942,4.0834,0.443,255,713,0,0,1
1943,4.1919,0.6663,254,713,0,0,1
1944,4.1087,0.4294,254,713,0,0,1
1945,4.2543,0.4821,254,713,0,0,1
1946,4.5064,0.3634,253,713,0,0,1
1947,3.7399,0.4359,253,713,0,0,1
1948,4.1658,0.5101,252,713,0,0,1
1949,4.986,0.3715,252,713,0,0,1
1950,3.3465,0.3574,252,713,0,0,1
1951,4.1751,0.4391,252,713,0,0,1
1952,4.2348,0.408,252,713,0,0,1
1953,4.1783,0.5388,251,713,0,0,1
1954,4.2169,0.6771,250,713,0,0,1
1955,4.0028,0.5219,250,713,0,0,1
1956,4.1973,0.3468,250,713,0,0,1
1957,4.1647,0.4365,249,713,0,0,1
1958,4.966,0.4121,249,713,0,0,1
1959,3.352,0.3471,249,713,0,0,1
1960,4.2761,0.4459,248,713,0,0,1
1961,4.108,0.6218,248,713,0,0,1
1962,4.1383,0.5203,247,713,0,0,1
1963,4.4301,0.4096,247,713,0,0,1
1964,3.9138,0.3839,246,713,0,0,1
1965,4.1318,0.404,246,713,0,0,1
1966,4.4977,0.6741,246,713,0,0,1
1967,3.806,0.549,246,713,0,0,1
1968,4.265,0.3407,246,713,0,0,1
1969,4.1531,0.4774,245,713,0,0,1
1970,4.1618,0.3704,245,713,0,0,1
1971,4.1874,0.3772,245,713,0,0,1
1972,4.1266,0.4747,278,713,0,0,1
1973,4.4346,0.587,278,713,0,0,1
1974,3.8862,0.5691,278,713,0,0,1
1975,4.2135,0.6756,278,713,0,0,1
1976,4.1854,0.4986,278,713,0,0,1
1977,4.1015,0.4255,277,713,0,0,1
1978,4.2495,0.5118,277,713,0,0,1
1979,4.049,0.6455,277,713,0,0,1
1980,4.2076,0.4369,277,713,0,0,1
1981,4.2042,0.6253,277,713,0,0,1
1982,4.7423,0.3588,276,713,0,0,1
1983,3.5505,0.4446,269,713,0,0,1
1984,4.2652,0.4267,269,713,0,0,1
1985,4.0646,0.5387,269,713,0,0,1
1986,4.1929,0.3759,269,713,0,0,1
1987,4.1436,0.4611,269,713,0,0,1
1988,4.2334,0.4572,269,713,0,0,1
1989,4.1167,0.5294,269,713,0,0,1
1990,4.9061,0.5056,269,713,0,0,1
1991,3.405,0.4339,268,713,0,0,1
1992,4.1716,0.3588,268,713,0,0,1
1993,4.171,0.6793,268,713,0,0,1
1994,4.1806,0.4665,268,713,0,0,1
1995,4.1886,0.3923,268,713,0,0,1
1996,4.1962,0.3865,268,713,0,0,1
1997,4.3726,0.4291,268,713,0,0,1
1998,3.9687,0.6427,268,713,0,0,1
1999,4.0886,0.5226,268,713,0,0,1
2000,4.1527,0.4719,267,713,0,0,1
2001,4.2015,0.4553,266,713,0,0,1
2002,4.174,0.373,266,713,0,0,1
2003,4.1918,0.4105,265,713,0,0,1
2004,4.1295,0.6382,264,713,0,0,1
2005,4.2328,0.5383,264,713,0,0,1
2006,4.6697,0.3671,264,713,0,0,1
2007,3.5356,0.6093,264,713,0,0,1
2008,4.3399,0.4541,264,713,0,0,1
2009,4.436,0.7069,264,713,0,0,1
2010,3.7688,0.6134,264,713,0,0,1
2011,4.4183,0.4402,264,713,0,0,1
2012,3.9517,0.5997,263,713,0,0,1
2013,4.1426,0.3883,263,713,0,0,1
2014,4.6199,0.4405,263,713,0,0,1
2015,3.6637,0.3467,263,713,0,0,1
2016,4.1961,0.534,263,713,0,0,1
2017,4.1854,0.4399,262,713,0,0,1
2018,4.1929,0.4074,261,713,0,0,1
2019,4.1739,0.4318,259,713,0,0,1
2020,4.2157,0.7604,259,713,0,0,1
2021,4.1179,0.5123,259,713,0,0,1
2022,4.1851,0.4361,259,713,0,0,1
2023,4.1372,0.4316,258,713,0,0,1
2024,4.154,0.4279,258,713,0,0,1
2025,4.1808,0.4143,257,713,0,0,1
2026,4.243,0.4008,257,713,0,0,1
2027,4.0884,0.459,256,713,0,0,1
2028,4.1542,0.4942,254,713,0,0,1
2029,4.1955,0.5537,254,713,0,0,1
2030,4.5366,0.4265,254,713,0,0,1
2031,3.7882,0.6887,254,713,0,0,1
2032,4.6165,0.3509,253,713,0,0,1
2033,3.717,0.4404,252,713,0,0,1
2034,4.2313,0.4145,252,713,0,0,1
2035,4.497,0.3408,250,713,0,0,1
2036,3.737,0.6103,250,713,0,0,1
2037,4.2632,0.4212,250,713,0,0,1
2038,4.1971,0.3986,249,713,0,0,1
2039,4.0574,0.4383,249,713,0,0,1
2040,4.2436,0.3902,248,713,0,0,1
2041,4.4597,0.3849,248,713,0,0,1
2042,3.8027,0.4126,247,713,0,0,1
2043,4.1851,0.5929,247,713,0,0,1
2044,4.1861,0.3947,247,713,0,0,1
2045,4.5892,0.4489,246,713,0,0,1
2046,4.1252,0.3565,245,713,0,0,1
2047,3.7437,0.5979,245,713,0,0,1
2048,4.4692,0.6009,245,713,0,0,1
2049,3.8958,0.5022,245,713,0,0,1
2050,4.1819,0.7372,245,713,0,0,1
2051,4.5306,0.444,245,713,0,0,1
2052,3.8066,0.4504,244,713,0,0,1
2053,4.1761,0.4739,243,713,0,0,1
2054,4.6039,0.4241,243,713,0,0,1
2055,3.7013,0.5688,243,713,0,0,1
2056,4.1681,0.6925,277,713,0,0,1
2057,4.2181,0.5157,277,713,0,0,1
2058,4.54,0.4342,277,713,0,0,1
2059,3.7303,0.3516,277,713,0,0,1
2060,4.1326,0.6064,277,713,0,0,1
2061,4.2863,0.6213,277,713,0,0,1
2062,4.1233,0.6323,276,713,0,0,1
2063,4.2427,0.4226,276,713,0,0,1
2064,4.1099,0.4892,276,713,0,0,1
2065,4.1804,0.4516,276,713,0,0,1
2066,4.1755,0.3449,276,713,0,0,1
2067,4.1394,0.4334,269,713,0,0,1
2068,4.1087,0.4389,269,713,0,0,1
2069,4.1404,0.666,268,713,0,0,1
2070,4.2813,0.4048,268,713,0,0,1
2071,4.0398,0.4181,268,713,0,0,1
2072,4.3007,0.8101,268,713,0,0,1
2073,4.2899,0.3785,267,713,0,0,1
2074,3.9449,0.4504,267,713,0,0,1
2075,4.4232,0.5004,267,713,0,0,1
2076,3.9726,0.4206,267,713,0,0,1
2077,4.1041,0.379,267,713,0,0,1
2078,4.9332,0.435,267,713,0,0,1
2079,3.3521,0.5501,267,713,0,0,1
2080,4.2862,0.3594,267,713,0,0,1
2081,4.1241,0.6989,266,713,0,0,1
2082,4.1012,0.3856,265,713,0,0,1
2083,4.2956,0.367,265,713,0,0,1
2084,4.0672,0.6958,265,713,0,0,1
2085,4.2751,0.4669,265,713,0,0,1
2086,4.1762,0.5931,265,713,0,0,1
2087,4.0252,0.3536,265,713,0,0,1
2088,4.3164,0.5073,265,713,0,0,1
2089,4.0642,0.4562,265,713,0,0,1
2090,4.1849,0.3402,265,713,0,0,1
2091,4.5129,0.686,265,713,0,0,1
2092,3.786,0.4385,264,713,0,0,1
2093,4.1644,0.3735,264,713,0,0,1
2094,4.2799,0.5264,262,713,0,0,1
2095,4.0492,0.4549,262,713,0,0,1
2096,4.1561,0.3811,261,713,0,0,1
2097,4.2097,0.4651,260,713,0,0,1
2098,4.311,0.6837,259,713,0,0,1
2099,3.9786,0.4456,258,713,0,0,1
2100,4.2156,0.5836,257,713,0,0,1
2101,4.1968,0.5083,256,713,0,0,1
2102,4.4542,0.4453,256,713,0,0,1
2103,3.7877,0.7095,255,713,0,0,1
2104,4.5142,0.3682,255,713,0,0,1
2105,3.8538,0.5641,255,713,0,0,1
2106,4.1651,0.6043,255,713,0,0,1
2107,4.2156,0.3735,255,713,0,0,1
2108,4.5586,0.5388,254,713,0,0,1
2109,3.7383,0.4633,254,713,0,0,1
2110,4.2457,0.384,254,713,0,0,1
2111,4.0653,0.4518,254,713,0,0,1
2112,4.1865,0.4054,253,713,0,0,1
2113,4.2097,0.5842,252,713,0,0,1
2114,4.1794,0.6527,252,713,0,0,1
2115,4.161,0.547,252,713,0,0,1
2116,4.384,0.3623,252,713,0,0,1
2117,3.8621,0.392,252,713,0,0,1
2118,4.4928,0.4537,252,713,0,0,1
2119,3.8664,0.4065,252,713,0,0,1
2120,4.1977,0.3843,251,713,0,0,1
2121,4.1626,0.4407,251,713,0,0,1
2122,4.1474,0.5188,251,713,0,0,1
2123,4.4396,0.3818,251,713,0,0,1
2124,3.886,0.4302,251,713,0,0,1
2125,4.1896,0.7342,250,713,0,0,1
2126,4.5113,0.3477,250,713,0,0,1
2127,4.2385,0.6378,250,713,0,0,1
2128,3.7968,0.5337,249,713,0,0,1
2129,4.1557,0.5636,249,713,0,0,1
2130,4.4857,0.6675,249,713,0,0,1
2131,3.8604,0.398,249,713,0,0,1
2132,4.4455,0.4661,249,713,0,0,1
2133,3.8417,0.5137,249,713,0,0,1
2134,4.5937,0.4133,248,713,0,0,1
2135,3.6813,0.3299,248,713,0,0,1
2136,4.4347,0.4306,248,713,0,0,1
2137,3.9549,0.4319,248,713,0,0,1
2138,4.1495,0.3362,248,713,0,0,1
2139,4.6125,0.6675,248,713,0,0,1
2140,3.7583,0.6082,282,713,0,0,1
2141,4.1364,0.5031,282,713,0,0,1
2142,4.4332,0.5466,282,713,0,0,1
2143,3.8834,0.6447,281,713,0,0,1
2144,4.3635,0.5539,281,713,0,0,1
2145,3.9845,0.3849,281,713,0,0,1
2146,4.6383,0.362,280,713,0,0,1
2147,3.6786,0.449,280,713,0,0,1
2148,4.2166,0.4297,278,713,0,0,1
2149,4.3934,0.6005,278,713,0,0,1
2150,4.2103,0.3568,277,713,0,0,1
2151,4.1668,0.5868,270,713,0,0,1
2152,3.8784,0.4314,270,713,0,0,1
2153,4.5638,0.3846,270,713,0,0,1
2154,3.7695,0.4645,270,713,0,0,1
2155,4.1406,0.4301,270,713,0,0,1
2156,4.1833,0.3706,270,713,0,0,1
2157,4.1764,0.3761,270,713,0,0,1
2158,4.6506,0.4428,270,713,0,0,1
2159,4.0709,0.6444,270,713,0,0,1
2160,4.1823,0.5892,270,713,0,0,1
2161,3.7324,0.7046,269,713,0,0,1
2162,4.1935,0.4348,269,713,0,0,1
2163,4.1809,0.6739,269,713,0,0,1
2164,4.1436,0.5317,269,713,0,0,1
2165,4.5339,0.6168,269,713,0,0,1
2166,4.185,0.4654,269,713,0,0,1
2167,3.7075,0.3184,267,713,0,0,1
2168,4.4538,0.3872,267,713,0,0,1
2169,3.8722,0.4038,267,713,0,0,1
2170,4.4752,0.8097,266,713,0,0,1
2171,3.8498,0.3048,264,713,0,0,1
2172,4.1938,0.5225,264,713,0,0,1
2173,4.3013,0.5145,264,713,0,0,1
2174,4.7079,0.2965,264,713,0,0,1
2175,3.4633,0.4023,264,713,0,0,1
2176,4.2134,0.6206,263,713,0,0,1
2177,4.3001,0.4282,262,713,0,0,1
2178,4.1962,0.4248,262,713,0,0,1
2179,3.9545,0.3758,262,713,0,0,1
2180,4.3413,0.3701,262,713,0,0,1
2181,4.0332,0.3146,262,713,0,0,1
2182,4.2107,0.4263,262,713,0,0,1
2183,4.251,0.4827,262,713,0,0,1
2184,4.0893,0.4996,262,713,0,0,1
2185,4.2695,0.4355,262,713,0,0,1
2186,4.066,0.4377,262,713,0,0,1
2187,4.2142,0.5573,262,713,0,0,1
2188,4.2018,0.5321,262,713,0,0,1
2189,4.0565,0.6425,261,713,0,0,1
2190,4.2953,0.4615,260,713,0,0,1
2191,4.0672,0.3413,259,713,0,0,1
2192,4.2719,0.4437,258,713,0,0,1
2193,4.0922,0.4758,257,713,0,0,1
2194,4.1993,0.5853,257,713,0,0,1
2195,4.1612,0.4822,257,713,0,0,1
2196,4.6277,0.6626,257,713,0,0,1
2197,3.6334,0.3683,257,713,0,0,1
2198,4.3139,0.3534,257,713,0,0,1
2199,4.0312,0.6547,257,713,0,0,1
2200,4.2326,0.373,257,713,0,0,1
2201,4.1019,0.3797,257,713,0,0,1
2202,4.2634,0.5162,257,713,0,0,1
2203,4.0928,0.403,257,713,0,0,1
2204,4.6057,0.5782,256,713,0,0,1
2205,3.7344,0.496,256,713,0,0,1
2206,4.2109,0.6397,256,713,0,0,1
2207,4.3593,0.5053,256,713,0,0,1
2208,3.9284,1.6056,256,713,0,0,1
2209,4.2777,3.5909,256,713,0,0,1
2210,4.7893,1.5206,256,713,0,0,1
2211,3.4615,2.6315,256,713,0,0,1
2212,4.4124,4.2246,256,713,0,0,1
2213,4.3225,2.98,255,713,0,0,1
2214,4.402,1.7603,255,713,0,0,1
2215,3.8049,0.5815,254,713,0,0,1
2216,4.528,0.4536,254,713,0,0,1
2217,3.8816,0.5822,254,713,0,0,1
2218,4.2827,0.3781,254,713,0,0,1
2219,3.8136,0.3746,253,713,0,0,1
2220,5.0059,0.4476,253,713,0,0,1
2221,3.3845,0.5037,253,713,0,0,1
2222,4.2406,0.4945,253,713,0,0,1
2223,4.1964,0.536,253,713,0,0,1
2224,4.425,0.6405,287,713,0,0,1
2225,3.8189,0.5887,287,713,0,0,1
2226,4.1814,0.6405,287,713,0,0,1
2227,4.1276,0.4507,287,713,0,0,1
2228,4.6209,0.7436,286,713,0,0,1
2229,3.7171,0.5699,286,713,0,0,1
2230,4.4538,0.5815,285,713,0,0,1
2231,3.8583,0.2992,285,713,0,0,1
2232,4.496,1.3202,285,713,0,0,1
2233,3.9532,0.4121,285,713,0,0,1
2234,4.1421,0.5823,285,713,0,0,1
2235,4.5258,0.588,278,713,0,0,1
2236,4.0096,0.4855,278,713,0,0,1
2237,3.8521,0.5045,278,713,0,0,1
2238,4.2013,0.4312,277,713,0,0,1
2239,4.1652,0.492,277,713,0,0,1
2240,4.5102,0.6046,277,713,0,0,1
2241,3.7872,0.4589,277,713,0,0,1
2242,4.6065,0.4217,277,713,0,0,1
2243,3.7159,0.4798,276,713,0,0,1
2244,4.4698,0.6132,276,713,0,0,1
2245,3.8522,0.5024,275,713,0,0,1
2246,8.3342,0.6493,275,713,0,0,1
2247,4.552,0.5656,275,713,0,0,1
2248,3.8102,0.598,275,713,0,0,1
2249,4.2632,0.6039,274,713,0,0,1
2250,4.0371,0.5298,274,713,0,0,1
2251,4.5266,0.5861,272,713,0,0,1
2252,3.8553,0.6169,272,713,0,0,1
2253,4.5696,0.5147,271,713,0,0,1
2254,3.7497,0.4299,270,713,0,0,1
2255,4.4337,0.5388,269,713,0,0,1
2256,3.868,0.5735,269,713,0,0,1
2257,4.2117,0.5751,268,713,0,0,1
2258,4.5597,0.6175,267,713,0,0,1
2259,7.9237,0.6192,267,713,0,0,1
2260,4.2817,0.512,267,713,0,0,1
2261,4.0497,0.5935,267,713,0,0,1
2262,4.4847,0.6421,267,713,0,0,1
2263,3.8656,0.52,266,713,0,0,1
2264,4.2879,0.5578,266,713,0,0,1
2265,4.129,0.5888,265,713,0,0,1
2266,4.3804,0.6553,265,713,0,0,1
2267,3.8275,0.4357,263,713,0,0,1
2268,4.2305,0.6128,262,713,0,0,1
2269,4.1787,0.7439,260,713,0,0,1
2270,4.5249,0.5053,260,713,0,0,1
2271,3.7567,0.6175,260,713,0,0,1
2272,4.2666,0.6667,260,713,0,0,1
2273,4.0603,0.579,260,713,0,0,1
2274,4.3772,0.5693,259,713,0,0,1
2275,3.9871,0.6416,259,713,0,0,1
2276,4.2745,0.5855,259,713,0,0,1
2277,4.0427,0.6689,258,713,0,0,1
2278,4.6031,0.6516,256,713,0,0,1
2279,3.6614,0.5623,255,713,0,0,1
2280,4.2604,0.5269,255,713,0,0,1
2281,4.216,0.5597,255,713,0,0,1
2282,4.4701,0.5918,255,713,0,0,1
2283,3.8729,0.4339,255,713,0,0,1
2284,4.1212,0.8639,255,713,0,0,1
2285,4.1274,0.5529,255,713,0,0,1
2286,4.4636,0.4791,255,713,0,0,1
2287,8.079,0.6075,254,713,0,0,1
2288,4.2622,0.6572,254,713,0,0,1
2289,4.2829,0.4943,254,713,0,0,1
2290,3.9014,0.6349,251,713,0,0,1
2291,4.2096,0.4724,251,713,0,0,1
2292,4.0818,0.6781,251,713,0,0,1
2293,4.6121,0.6061,250,713,0,0,1
2294,3.7437,0.4622,249,713,0,0,1
2295,4.2972,0.5807,249,713,0,0,1
2296,3.8488,0.4422,248,713,0,0,1
2297,4.4161,0.4355,248,713,0,0,1
2298,3.842,0.4684,248,713,0,0,1
2299,4.225,0.5069,248,713,0,0,1
2300,4.1476,0.459,248,713,0,0,1
2301,4.1543,0.5351,247,713,0,0,1
2302,4.1279,0.4981,247,713,0,0,1
2303,4.2027,0.4024,247,713,0,0,1
2304,4.1388,0.513,246,713,0,0,1
2305,4.3092,0.6146,280,713,0,0,1
2306,4.0355,0.5329,280,713,0,0,1
2307,4.2177,0.4229,280,713,0,0,1
2308,4.0953,0.4991,280,713,0,0,1
2309,4.1786,0.5561,279,713,0,0,1
2310,4.1677,0.4242,279,713,0,0,1
2311,4.1861,0.6835,279,713,0,0,1
2312,4.1739,0.4971,279,713,0,0,1
2313,4.1628,0.4564,278,713,0,0,1
2314,4.1824,0.5067,278,713,0,0,1
2315,4.1175,0.439,278,713,0,0,1
2316,4.2046,0.4769,278,713,0,0,1
2317,4.3489,0.8174,270,713,0,0,1
2318,3.9373,0.4031,269,713,0,0,1
2319,4.2113,0.4147,269,713,0,0,1
2320,4.0797,0.4126,269,713,0,0,1
2321,4.5994,0.4315,269,713,0,0,1
2322,3.8572,0.481,269,713,0,0,1
2323,4.1641,0.6003,269,713,0,0,1
2324,4.1449,0.5058,269,713,0,0,1
2325,4.1394,0.6866,269,713,0,0,1
2326,4.1433,0.3953,268,713,0,0,1
2327,4.1742,0.4555,267,713,0,0,1
2328,4.2179,0.4843,267,713,0,0,1
2329,4.1603,0.3871,267,713,0,0,1
2330,4.15,0.5878,267,713,0,0,1
2331,4.522,0.4985,266,713,0,0,1
2332,3.828,0.6572,266,713,0,0,1
2333,4.1482,0.808,266,713,0,0,1
2334,4.1808,0.7847,266,713,0,0,1
2335,4.2281,0.7539,265,713,0,0,1
2336,4.1586,0.5934,265,713,0,0,1
2337,4.2117,0.529,265,713,0,0,1
2338,4.0808,0.5156,265,713,0,0,1
2339,4.1254,0.4747,264,713,0,0,1
2340,4.208,0.4482,264,713,0,0,1
2341,4.1616,0.3801,264,713,0,0,1
2342,4.1456,0.7115,264,713,0,0,1
2343,4.1934,0.4741,264,713,0,0,1
2344,4.0943,0.3553,263,713,0,0,1
2345,4.2495,0.51,263,713,0,0,1
2346,4.1023,0.5195,263,713,0,0,1
2347,4.2384,0.4027,263,713,0,0,1
2348,4.1566,0.3854,263,713,0,0,1
2349,4.1511,0.7226,262,713,0,0,1
2350,4.2143,0.4344,261,713,0,0,1
2351,4.0948,0.3468,261,713,0,0,1
2352,4.2031,0.4846,261,713,0,0,1
2353,4.1757,0.4859,259,713,0,0,1
2354,4.1722,0.7625,259,713,0,0,1
2355,4.1417,0.5598,259,713,0,0,1
2356,4.1081,0.5642,258,713,0,0,1
2357,4.1606,0.6384,258,713,0,0,1
2358,4.1966,0.3526,256,713,0,0,1
2359,4.2066,0.464,256,713,0,0,1
2360,4.126,0.437,255,713,0,0,1
2361,4.1807,0.5707,255,713,0,0,1
2362,4.1483,0.435,255,713,0,0,1
2363,4.1908,0.441,255,713,0,0,1
2364,4.4259,0.5559,255,713,0,0,1
2365,3.9483,0.4049,255,713,0,0,1
2366,4.0909,0.6247,255,713,0,0,1
2367,4.2496,0.5763,255,713,0,0,1
2368,4.0798,0.346,255,713,0,0,1
2369,4.2034,0.7714,255,713,0,0,1
2370,4.1621,0.5005,254,713,0,0,1
2371,4.2217,0.3801,253,713,0,0,1
2372,4.146,0.4849,253,713,0,0,1
2373,4.1184,0.422,253,713,0,0,1
2374,4.167,0.5229,252,713,0,0,1
2375,4.1782,0.426,252,713,0,0,1
2376,4.4985,0.7098,252,713,0,0,1
2377,3.8058,0.3647,251,713,0,0,1
2378,4.1766,0.3967,251,713,0,0,1
2379,4.3777,0.6574,250,713,0,0,1
2380,4.0198,0.6236,249,713,0,0,1
2381,4.154,0.4235,249,713,0,0,1
2382,4.4384,0.4291,249,713,0,0,1
2383,3.8759,0.4941,249,713,0,0,1
2384,4.1721,0.4728,249,713,0,0,1
2385,4.2429,0.5543,249,713,0,0,1
2386,4.0811,0.3868,249,713,0,0,1
2387,4.1693,0.3499,249,713,0,0,1
2388,4.2222,0.6818,249,713,0,0,1
2389,4.1449,0.4735,283,713,0,0,1
2390,4.1049,0.3619,282,713,0,0,1
2391,4.4984,0.3908,281,713,0,0,1
2392,3.829,0.4594,280,713,0,0,1
2393,4.1575,0.4092,280,713,0,0,1
2394,4.2175,0.4705,279,713,0,0,1
2395,4.2499,0.497,278,713,0,0,1
2396,4.4055,0.6357,278,713,0,0,1
2397,3.8155,0.659,278,713,0,0,1
2398,4.1755,0.4697,278,713,0,0,1
2399,4.1532,0.4749,278,713,0,0,1
2400,4.2155,0.4816,271,713,0,0,1
2401,4.1862,0.4513,271,713,0,0,1
2402,4.1675,0.4242,271,713,0,0,1
2403,4.1689,0.4769,270,713,0,0,1
2404,4.0828,0.416,270,713,0,0,1
2405,4.1783,0.5259,269,713,0,0,1
2406,4.2777,0.5512,269,713,0,0,1
2407,4.1009,0.4511,269,713,0,0,1
2408,4.1999,0.4712,269,713,0,0,1
2409,4.0937,0.3863,269,713,0,0,1
2410,4.2402,0.4652,269,713,0,0,1
2411,4.1269,0.4303,269,713,0,0,1
2412,4.1486,0.6105,269,713,0,0,1
2413,4.2074,0.4213,267,713,0,0,1
2414,4.1565,0.7305,266,713,0,0,1
2415,4.2152,0.4549,266,713,0,0,1
2416,4.0709,0.464,265,713,0,0,1
2417,4.3527,0.4426,265,713,0,0,1
2418,4.0242,0.4152,265,713,0,0,1
2419,4.1765,0.6433,263,713,0,0,1
2420,4.1825,0.4174,263,713,0,0,1
2421,4.1731,0.4991,263,713,0,0,1
2422,4.0884,0.4107,263,713,0,0,1
2423,4.1835,0.3662,263,713,0,0,1
2424,4.2421,0.7109,263,713,0,0,1
2425,4.162,0.4937,263,713,0,0,1
2426,4.1609,0.3968,262,713,0,0,1
2427,4.5311,0.6485,262,713,0,0,1
2428,3.7307,0.5015,261,713,0,0,1
2429,4.2364,0.6401,261,713,0,0,1
2430,4.1099,0.3602,261,713,0,0,1
2431,4.545,0.557,261,713,0,0,1
2432,4.1184,0.5853,261,713,0,0,1
2433,3.8234,0.3491,261,713,0,0,1
2434,4.4745,0.5796,261,713,0,0,1
2435,3.8607,0.454,261,713,0,0,1
2436,4.1604,0.5255,261,713,0,0,1
2437,4.3063,0.6911,261,713,0,0,1
2438,4.1261,0.6745,261,713,0,0,1
2439,4.1744,0.4788,261,713,0,0,1
2440,4.0773,0.3754,259,713,0,0,1
2441,4.2268,0.6049,259,713,0,0,1
2442,4.1856,0.4619,259,713,0,0,1
2443,4.1157,0.6219,258,713,0,0,1
2444,4.1607,0.6113,257,713,0,0,1
2445,4.2068,0.524,256,713,0,0,1
2446,4.12,0.3773,254,713,0,0,1
2447,4.2002,0.3598,254,713,0,0,1
2448,4.1291,0.4289,254,713,0,0,1
2449,4.2049,0.6552,253,713,0,0,1
2450,4.1178,0.3814,252,713,0,0,1
2451,4.1537,0.4181,252,713,0,0,1
2452,4.1733,0.3954,252,713,0,0,1
2453,4.1856,0.3819,251,713,0,0,1
2454,4.2376,0.4456,249,713,0,0,1
2455,4.1625,0.382,248,713,0,0,1
2456,4.2432,0.5796,248,713,0,0,1
2457,4.0046,0.4703,247,713,0,0,1
2458,4.2121,0.5581,246,713,0,0,1
2459,4.1356,0.3528,245,713,0,0,1
2460,4.2137,0.5958,245,713,0,0,1
2461,4.1578,0.3791,245,713,0,0,1
2462,4.1673,0.5365,245,713,0,0,1
2463,4.159,0.4381,245,713,0,0,1
2464,4.1063,0.3694,245,713,0,0,1
2465,4.1599,0.5931,245,713,0,0,1
2466,4.2619,0.4977,245,713,0,0,1
2467,4.1631,0.6351,245,713,0,0,1
2468,4.098,0.3525,245,713,0,0,1
2469,4.3223,0.4842,245,713,0,0,1
2470,4.1056,0.4378,245,713,0,0,1
2471,4.0858,0.4393,245,713,0,0,1
2472,4.1786,0.4642,245,713,0,0,1
2473,4.2142,0.4309,279,713,0,0,1
2474,4.1035,0.3668,278,713,0,0,1
2475,4.2894,0.6443,278,713,0,0,1
2476,4.0514,0.4654,278,713,0,0,1
2477,4.226,0.4272,278,713,0,0,1
2478,4.1114,0.4275,278,713,0,0,1
2479,4.182,0.4837,278,713,0,0,1
2480,4.3528,0.4624,278,713,0,0,1
2481,3.9579,0.3891,277,713,0,0,1
2482,4.2334,0.3698,277,713,0,0,1
2483,4.1295,0.4567,277,713,0,0,1
2484,4.1114,0.4096,277,713,0,0,1
2485,4.2241,0.5923,270,713,0,0,1
2486,4.1533,0.4649,269,713,0,0,1
2487,4.2192,0.7145,269,713,0,0,1
2488,4.2446,0.3788,269,713,0,0,1
2489,4.3284,0.403,269,713,0,0,1
2490,3.8709,0.5316,269,713,0,0,1
2491,4.2082,0.4649,269,713,0,0,1
2492,4.1766,0.5523,269,713,0,0,1
2493,4.2044,0.725,269,713,0,0,1
2494,4.1335,0.5216,269,713,0,0,1
2495,4.1208,0.3695,269,713,0,0,1
2496,4.1538,0.3734,269,713,0,0,1
2497,4.2207,0.4732,269,713,0,0,1
2498,4.3322,0.5317,268,713,0,0,1
2499,4.0759,0.5744,268,713,0,0,1
2500,4.0284,0.4499,268,713,0,0,1
2501,4.1938,0.5005,268,713,0,0,1
2502,4.1597,0.3671,268,713,0,0,1
2503,4.2262,0.3986,268,713,0,0,1
2504,4.1524,0.5492,268,713,0,0,1
2505,4.1104,0.4227,268,713,0,0,1
2506,4.1851,0.6245,267,713,0,0,1
2507,4.1939,0.438,266,713,0,0,1
2508,4.1631,0.4707,265,713,0,0,1
2509,4.1725,0.3971,264,713,0,0,1
2510,4.1298,0.5581,263,713,0,0,1
2511,4.1677,0.446,263,713,0,0,1
2512,4.1524,0.5872,262,713,0,0,1
2513,4.315,0.4106,262,713,0,0,1
2514,4.0727,0.6117,262,713,0,0,1
2515,4.2178,0.5622,262,713,0,0,1
2516,4.0757,0.3767,261,713,0,0,1
2517,4.155,0.6059,261,713,0,0,1
2518,4.151,0.4129,260,713,0,0,1
2519,4.2022,0.3538,259,713,0,0,1
2520,4.1467,0.4753,259,713,0,0,1
2521,4.2195,0.468,259,713,0,0,1
2522,4.117,0.3383,259,713,0,0,1
2523,4.5325,0.7031,259,713,0,0,1
2524,3.7962,0.4282,257,713,0,0,1
2525,4.2449,0.6431,257,713,0,0,1
2526,4.1071,0.3905,256,713,0,0,1
2527,4.2245,0.5002,254,713,0,0,1
2528,4.0474,0.3685,253,713,0,0,1
2529,4.209,0.4874,251,713,0,0,1
2530,4.3572,0.4192,251,713,0,0,1
2531,3.955,0.3755,251,713,0,0,1
2532,4.3732,0.5554,250,713,0,0,1
2533,4.0055,0.4733,250,713,0,0,1
2534,4.1421,0.3689,250,713,0,0,1
2535,4.2541,0.3877,250,713,0,0,1
2536,4.0474,0.5436,250,713,0,0,1
2537,4.2428,0.3595,249,713,0,0,1
2538,4.1268,0.3536,248,713,0,0,1
2539,4.2502,0.7089,248,713,0,0,1
2540,4.1385,0.41,248,713,0,0,1
2541,4.1698,0.7136,245,713,0,0,1
2542,4.19,0.438,244,713,0,0,1
2543,4.1143,0.3626,244,713,0,0,1
2544,4.1669,0.6345,243,713,0,0,1
2545,4.8409,0.4359,243,713,0,0,1
2546,3.5249,0.388,243,713,0,0,1
2547,4.4547,0.476,243,713,0,0,1
2548,3.8239,0.4376,243,713,0,0,1
2549,4.2139,0.3408,243,713,0,0,1
2550,4.1312,0.4492,243,713,0,0,1
2551,4.2278,0.4863,243,713,0,0,1
2552,4.1126,0.3537,241,713,0,0,1
2553,4.4362,0.4337,241,713,0,0,1
2554,3.9312,0.4503,241,713,0,0,1
2555,4.1303,0.3513,240,713,0,0,1
2556,4.1839,0.7816,240,713,0,0,1
2557,4.2565,0.6539,274,713,0,0,1
2558,4.045,0.5526,274,713,0,0,1
2559,4.207,0.9342,274,713,0,0,1
2560,4.1425,0.4682,273,713,0,0,1
2561,4.1619,0.4093,272,713,0,0,1
2562,4.2341,0.418,272,713,0,0,1
2563,4.124,0.4423,272,713,0,0,1
2564,4.1538,0.4078,272,713,0,0,1
2565,4.2118,0.4372,272,713,0,0,1
2566,4.1162,0.4645,272,713,0,0,1
2567,4.1453,0.4515,272,713,0,0,1
2568,4.1607,0.5543,272,713,0,0,1
2569,4.2807,0.5496,265,713,0,0,1
2570,4.1145,0.4959,265,713,0,0,1
2571,4.2149,0.4437,265,713,0,0,1
2572,4.0752,0.35,265,713,0,0,1
2573,4.1477,0.63,264,713,0,0,1
2574,4.4818,0.4351,264,713,0,0,1
2575,3.9792,0.6026,263,713,0,0,1
2576,4.2248,0.5436,263,713,0,0,1
2577,3.9891,0.4573,263,713,0,0,1
2578,4.2332,0.4276,263,713,0,0,1
2579,4.1208,0.3712,262,713,0,0,1
2580,4.1508,0.5102,262,713,0,0,1
2581,4.2118,0.3842,262,713,0,0,1
2582,4.1383,0.3709,262,713,0,0,1
2583,4.5,0.4532,262,713,0,0,1
2584,3.7894,0.3773,262,713,0,0,1
2585,4.2215,0.3919,261,713,0,0,1
2586,4.145,0.4527,260,713,0,0,1
2587,4.2048,0.6364,260,713,0,0,1
2588,4.1458,0.5245,260,713,0,0,1
2589,4.1673,0.6352,259,713,0,0,1
2590,4.2314,0.5001,259,713,0,0,1
2591,4.0887,0.3733,259,713,0,0,1
2592,4.1867,0.3825,259,713,0,0,1
2593,4.4616,0.4426,259,713,0,0,1
2594,3.9206,0.6633,259,713,0,0,1
2595,4.1498,0.3944,259,713,0,0,1
2596,4.1154,0.4298,258,713,0,0,1
2597,4.1119,0.3934,258,713,0,0,1
2598,4.2127,0.3769,257,713,0,0,1
2599,4.1666,0.4497,257,713,0,0,1
2600,4.235,0.5594,257,713,0,0,1
2601,4.1173,0.3367,257,713,0,0,1
2602,4.191,0.4948,257,713,0,0,1
2603,4.1508,0.4577,257,713,0,0,1
2604,4.1863,0.3992,257,713,0,0,1
2605,4.2028,0.3765,257,713,0,0,1
2606,4.1037,0.5423,257,713,0,0,1
2607,4.4087,0.6279,257,713,0,0,1
2608,3.9128,0.364,256,713,0,0,1
2609,4.1732,0.4638,256,713,0,0,1
2610,4.2256,0.4558,256,713,0,0,1
2611,4.0733,0.3588,255,713,0,0,1
2612,4.1964,0.4363,255,713,0,0,1
2613,4.2032,0.6516,255,713,0,0,1
2614,4.1971,0.3952,253,713,0,0,1
2615,4.1211,0.4427,253,713,0,0,1
2616,4.1942,0.4501,253,713,0,0,1
2617,4.3499,0.346,253,713,0,0,1
2618,4.1399,0.4412,253,713,0,0,1
2619,3.9794,0.7704,253,713,0,0,1
2620,4.1835,0.3379,253,713,0,0,1
2621,4.5279,0.6705,253,713,0,0,1
2622,3.8189,0.4583,253,713,0,0,1
2623,4.1348,0.3591,252,713,0,0,1
2624,4.1736,0.4233,252,713,0,0,1
2625,4.1644,0.7095,252,713,0,0,1
2626,4.15,0.375,252,713,0,0,1
2627,4.1812,0.3565,251,713,0,0,1
2628,4.4889,0.5787,250,713,0,0,1
2629,3.8797,0.4065,250,713,0,0,1
2630,4.112,0.459,250,713,0,0,1
2631,4.1594,0.4343,250,713,0,0,1
2632,4.1636,0.3787,250,713,0,0,1
2633,4.1652,0.3513,250,713,0,0,1
2634,4.1758,0.4384,250,713,0,0,1
2635,4.2259,0.5411,250,713,0,0,1
2636,4.4185,0.3629,250,713,0,0,1
2637,3.8917,0.7136,249,713,0,0,1
2638,4.1488,0.5438,249,713,0,0,1
2639,4.1832,0.3574,248,713,0,0,1
2640,4.1791,0.454,248,713,0,0,1
2641,4.1664,0.4623,282,713,0,0,1
2642,4.214,0.4525,282,713,0,0,1
2643,4.1558,0.4622,282,713,0,0,1
2644,4.097,0.4734,282,713,0,0,1
2645,4.1738,0.7016,281,713,0,0,1
2646,4.1955,0.441,281,713,0,0,1
2647,4.1743,0.5517,281,713,0,0,1
2648,4.1436,0.4941,281,713,0,0,1
2649,4.1541,0.3999,280,713,0,0,1
2650,4.2265,0.3606,280,713,0,0,1
2651,4.089,0.4343,279,713,0,0,1
2652,4.2625,0.5237,272,713,0,0,1
2653,4.1418,0.6262,272,713,0,0,1
2654,4.115,0.3611,272,713,0,0,1
2655,4.2144,0.4519,272,713,0,0,1
2656,4.1014,0.4141,272,713,0,0,1
2657,4.1909,0.6414,272,713,0,0,1
2658,4.1923,0.3832,272,713,0,0,1
2659,4.205,0.5208,272,713,0,0,1
2660,4.1686,0.454,272,713,0,0,1
2661,4.0836,0.3569,272,713,0,0,1
2662,4.2416,0.455,271,713,0,0,1
2663,4.1051,0.456,271,713,0,0,1
2664,4.1998,0.4112,270,713,0,0,1
2665,4.1605,0.4068,270,713,0,0,1
2666,4.2007,0.4951,269,713,0,0,1
2667,4.1418,0.4384,268,713,0,0,1
2668,4.1217,0.4336,268,713,0,0,1
2669,4.2122,0.6654,268,713,0,0,1
2670,4.279,0.4257,268,713,0,0,1
2671,4.341,0.5268,268,713,0,0,1
2672,4.1927,0.5993,268,713,0,0,1
2673,3.8071,0.4384,268,713,0,0,1
2674,4.2165,0.5195,268,713,0,0,1
2675,4.1321,0.3646,268,713,0,0,1
2676,4.2358,0.8094,267,713,0,0,1
2677,4.1518,0.5411,267,713,0,0,1
2678,4.1196,0.5379,267,713,0,0,1
2679,4.224,0.5463,266,713,0,0,1
2680,4.0948,0.5545,264,713,0,0,1
2681,4.1755,0.4969,264,713,0,0,1
2682,4.2423,0.4223,263,713,0,0,1
2683,4.2467,0.5565,262,713,0,0,1
2684,4.0474,0.4562,261,713,0,0,1
2685,4.541,0.5703,261,713,0,0,1
2686,4.061,0.4307,259,713,0,0,1
2687,3.9282,0.6255,259,713,0,0,1
2688,4.3673,0.5687,259,713,0,0,1
2689,4.1813,0.4304,259,713,0,0,1
2690,3.877,0.4124,258,713,0,0,1
2691,4.2436,0.3988,258,713,0,0,1
2692,4.0994,0.4887,258,713,0,0,1
2693,4.3859,0.6162,258,713,0,0,1
2694,4.5294,0.3708,257,713,0,0,1
2695,3.6327,0.6643,257,713,0,0,1
2696,4.1387,0.4676,255,713,0,0,1
2697,4.1841,0.5918,255,713,0,0,1
2698,4.1902,0.4214,255,713,0,0,1
2699,4.1157,0.4453,255,713,0,0,1
2700,4.1886,0.5469,255,713,0,0,1
2701,4.2392,0.5559,255,713,0,0,1
2702,4.1118,0.5065,254,713,0,0,1
2703,4.1594,0.443,254,713,0,0,1
2704,4.1145,0.3592,254,713,0,0,1
2705,4.1801,0.9578,254,713,0,0,1
2706,4.2416,0.4817,254,713,0,0,1
2707,4.2049,0.5683,253,713,0,0,1
2708,4.0776,0.52,253,713,0,0,1
2709,4.1349,0.4026,253,713,0,0,1
2710,4.1827,0.341,253,713,0,0,1
2711,4.1754,0.4661,253,713,0,0,1
2712,4.1524,0.5072,253,713,0,0,1
2713,4.1307,0.3581,252,713,0,0,1
2714,4.3348,0.4736,252,713,0,0,1
2715,4.0766,0.4969,252,713,0,0,1
2716,4.1406,0.3576,251,713,0,0,1
2717,4.1587,0.4583,251,713,0,0,1
2718,4.2241,0.4373,250,713,0,0,1
2719,4.1739,0.3642,250,713,0,0,1
2720,4.2415,0.5758,250,713,0,0,1
2721,4.0107,0.4383,250,713,0,0,1
2722,4.1899,0.3931,250,713,0,0,1
2723,4.1632,0.356,249,713,0,0,1
2724,4.5172,0.6739,249,713,0,0,1
2725,3.8788,0.4125,283,713,0,0,1
2726,4.1021,0.3669,283,713,0,0,1
2727,4.2144,0.4626,283,713,0,0,1
2728,4.1115,0.4648,283,713,0,0,1
2729,4.2182,0.4548,283,713,0,0,1
2730,4.1211,0.3805,283,713,0,0,1
2731,4.1769,0.462,283,713,0,0,1
2732,4.4596,0.5962,283,713,0,0,1
2733,3.9187,0.6442,283,713,0,0,1
2734,4.1815,0.4325,282,713,0,0,1
2735,4.1064,0.4697,282,713,0,0,1
2736,4.1665,0.478,282,713,0,0,1
2737,4.1967,0.446,275,713,0,0,1
2738,4.1375,0.3625,274,713,0,0,1
2739,4.1856,0.7678,273,713,0,0,1
2740,4.1292,0.5231,273,713,0,0,1
2741,4.2516,0.5943,272,713,0,0,1
2742,4.0778,0.4252,272,713,0,0,1
2743,4.1802,0.4635,272,713,0,0,1
2744,4.175,0.405,272,713,0,0,1
2745,4.1437,0.3724,272,713,0,0,1
2746,4.201,0.4171,272,713,0,0,1
2747,4.1487,0.4503,272,713,0,0,1
2748,4.2153,0.4627,272,713,0,0,1
2749,4.1739,0.5985,272,713,0,0,1
2750,4.1144,0.5574,272,713,0,0,1
2751,4.1821,0.6639,272,713,0,0,1
2752,4.1334,0.3963,271,713,0,0,1
2753,4.2553,0.3566,271,713,0,0,1
2754,4.0729,0.6259,270,713,0,0,1
2755,4.2699,0.4744,269,713,0,0,1
2756,4.0976,0.366,268,713,0,0,1
2757,4.1933,0.5896,268,713,0,0,1
2758,4.2085,0.5722,268,713,0,0,1
2759,4.0856,0.4154,268,713,0,0,1
2760,4.1772,0.3922,268,713,0,0,1
2761,4.5186,0.4149,268,713,0,0,1
2762,4.1017,0.7522,267,713,0,0,1
2763,3.8533,0.569,267,713,0,0,1
2764,4.1807,0.3685,266,713,0,0,1
2765,4.1611,0.4824,265,713,0,0,1
2766,4.4993,0.4307,265,713,0,0,1
2767,4.1948,0.3672,265,713,0,0,1
2768,4.0529,0.5218,265,713,0,0,1
2769,3.9059,0.4445,265,713,0,0,1
2770,4.2148,0.5793,265,713,0,0,1
2771,4.1499,0.3539,264,713,0,0,1
2772,4.2043,0.5116,264,713,0,0,1
2773,4.1205,0.4107,262,713,0,0,1
2774,4.1624,0.4125,262,713,0,0,1
2775,4.2195,0.4552,262,713,0,0,1
2776,4.0992,0.4639,262,713,0,0,1
2777,4.1861,0.3871,262,713,0,0,1
2778,4.1925,0.3882,262,713,0,0,1
2779,4.1783,0.6007,261,713,0,0,1
2780,4.1625,0.4477,261,713,0,0,1
2781,4.3908,0.349,260,713,0,0,1
2782,3.9669,0.4373,260,713,0,0,1
2783,4.1435,0.4232,260,713,0,0,1
2784,4.1261,0.3886,260,713,0,0,1
2785,4.5973,0.5473,259,713,0,0,1
2786,4.0888,0.4352,259,713,0,0,1
2787,3.892,0.3862,259,713,0,0,1
2788,4.1349,0.5426,259,713,0,0,1
2789,4.1573,0.6725,257,713,0,0,1
2790,4.1592,0.3919,257,713,0,0,1
2791,4.4608,0.424,257,713,0,0,1
2792,3.8913,0.52,257,713,0,0,1
2793,4.1435,0.4031,257,713,0,0,1
2794,4.1222,0.5711,256,713,0,0,1
2795,4.2717,0.4365,256,713,0,0,1
2796,4.0559,0.4134,256,713,0,0,1
2797,4.2644,0.3947,256,713,0,0,1
2798,4.1165,0.4676,256,713,0,0,1
2799,4.1691,0.4501,256,713,0,0,1
2800,4.6655,0.347,256,713,0,0,1
2801,3.745,0.6601,256,713,0,0,1
2802,4.0926,0.4569,256,713,0,0,1
2803,4.2002,0.5817,255,713,0,0,1
2804,4.0911,0.3547,254,713,0,0,1
2805,4.1839,0.4326,254,713,0,0,1
2806,4.1383,0.4484,253,713,0,0,1
2807,4.2872,0.3441,251,713,0,0,1
2808,4.0639,0.4459,251,713,0,0,1
2809,4.2477,0.5145,285,713,0,0,1
2810,4.1099,0.3625,284,713,0,0,1
2811,4.1675,0.374,284,713,0,0,1
2812,4.1832,0.4879,284,713,0,0,1
2813,4.2209,0.6553,284,713,0,0,1
2814,4.1305,0.4382,283,713,0,0,1
2815,4.2075,0.3716,283,713,0,0,1
2816,4.1031,0.5015,283,713,0,0,1
2817,4.1694,0.4439,283,713,0,0,1
2818,4.1434,0.4207,281,713,0,0,1
2819,4.24,0.3743,281,713,0,0,1
2820,4.0975,0.4754,279,713,0,0,1
2821,4.1912,0.416,272,713,0,0,1
2822,4.1682,0.3537,272,713,0,0,1
2823,4.198,0.4548,271,713,0,0,1
2824,4.1156,0.4559,270,713,0,0,1
2825,4.1171,0.4583,270,713,0,0,1
2826,4.2455,0.4299,270,713,0,0,1
2827,4.1962,0.4712,270,713,0,0,1
2828,4.1117,0.4375,270,713,0,0,1
2829,4.1629,0.3859,269,713,0,0,1
2830,4.1512,0.3638,268,713,0,0,1
2831,4.253,0.4491,268,713,0,0,1
2832,4.0558,0.47,268,713,0,0,1
2833,4.2717,0.6428,266,713,0,0,1
2834,4.1044,0.4446,266,713,0,0,1
2835,4.226,0.4408,265,713,0,0,1
2836,4.1091,0.5425,265,713,0,0,1
2837,4.1358,0.6204,265,713,0,0,1
2838,4.2265,0.4519,264,713,0,0,1
2839,4.1754,0.4125,264,713,0,0,1
2840,4.112,0.3717,264,713,0,0,1
2841,4.2158,0.4704,263,713,0,0,1
2842,4.3776,0.4608,263,713,0,0,1
2843,3.9928,0.4383,263,713,0,0,1
2844,4.3494,0.4272,263,713,0,0,1
2845,4.077,0.4658,263,713,0,0,1
2846,4.2826,0.8534,263,713,0,0,1
2847,4.3533,0.4573,263,713,0,0,1
2848,3.7164,0.4667,263,713,0,0,1
2849,4.1937,0.6455,263,713,0,0,1
2850,4.1706,0.4872,263,713,0,0,1
2851,4.1713,0.3675,263,713,0,0,1
2852,4.2523,0.6352,263,713,0,0,1
2853,4.239,0.5522,261,713,0,0,1
2854,3.9726,0.3632,261,713,0,0,1
2855,4.2181,0.4765,260,713,0,0,1
2856,4.4543,0.6781,259,713,0,0,1
2857,4.0106,0.3765,259,713,0,0,1
2858,4.0123,0.5522,257,713,0,0,1
2859,4.2069,0.5049,257,713,0,0,1
2860,4.1033,0.4051,257,713,0,0,1
2861,4.4943,0.5229,257,713,0,0,1
2862,3.9416,0.4749,257,713,0,0,1
2863,4.1627,0.4291,257,713,0,0,1
2864,4.131,0.5932,255,713,0,0,1
2865,4.0938,0.4536,255,713,0,0,1
2866,4.5105,0.5475,255,713,0,0,1
2867,3.8579,0.37,255,713,0,0,1
2868,4.22,0.4034,255,713,0,0,1
2869,4.1516,0.4703,255,713,0,0,1
2870,4.0959,0.4227,255,713,0,0,1
2871,4.2954,0.5613,255,713,0,0,1
2872,4.0249,0.4344,255,713,0,0,1
2873,4.2488,0.47,255,713,0,0,1
2874,4.1128,0.3767,255,713,0,0,1
2875,4.291,0.4523,253,713,0,0,1
2876,4.0424,0.406,253,713,0,0,1
2877,4.174,0.6997,252,713,0,0,1
2878,4.2161,0.5197,252,713,0,0,1
2879,4.1196,0.3966,251,713,0,0,1
2880,4.2146,0.4143,251,713,0,0,1
2881,4.2954,0.4645,250,713,0,0,1
2882,4.0157,0.7006,250,713,0,0,1
2883,4.1996,0.3849,249,713,0,0,1
2884,4.0641,0.4208,249,713,0,0,1
2885,4.2356,0.6653,249,713,0,0,1
2886,4.1543,0.4547,249,713,0,0,1
2887,4.2201,0.3856,247,713,0,0,1
2888,4.1461,0.4968,247,713,0,0,1
2889,4.0959,0.3797,247,713,0,0,1
2890,4.2595,0.5431,247,713,0,0,1
2891,4.1158,0.4343,247,713,0,0,1
2892,4.1925,0.4693,247,713,0,0,1
2893,4.1733,0.4198,281,713,0,0,1
2894,4.0784,0.4648,280,713,0,0,1
2895,4.2834,0.4373,280,713,0,0,1
2896,4.1096,0.722,280,713,0,0,1
2897,4.1337,0.6347,279,713,0,0,1
2898,4.2459,0.7439,279,713,0,0,1
2899,4.1461,0.5178,279,713,0,0,1
2900,4.1581,0.4325,278,713,0,0,1
2901,4.1058,0.3571,278,713,0,0,1
2902,4.2442,0.7414,278,713,0,0,1
2903,4.0955,0.4301,278,713,0,0,1
2904,4.2554,0.4192,271,713,0,0,1
2905,4.2827,0.4126,270,713,0,0,1
2906,4.015,0.564,270,713,0,0,1
2907,4.1232,0.4051,270,713,0,0,1
2908,4.1322,0.3911,270,713,0,0,1
2909,4.2485,0.5112,270,713,0,0,1
2910,4.1269,0.4396,270,713,0,0,1
2911,4.2133,0.4405,270,713,0,0,1
2912,4.1542,0.4041,270,713,0,0,1
2913,4.1049,0.4971,270,713,0,0,1
2914,4.3943,0.5667,270,713,0,0,1
2915,3.9727,0.3602,269,713,0,0,1
2916,4.2549,0.4659,268,713,0,0,1
2917,4.1117,0.5389,268,713,0,0,1
2918,4.1114,0.4166,268,713,0,0,1
2919,4.2586,0.3728,267,713,0,0,1
2920,4.1494,0.6064,267,713,0,0,1
2921,4.9253,0.479,267,713,0,0,1
2922,3.6804,0.3716,266,713,0,0,1
2923,5.9346,0.3582,265,713,0,0,1
2924,2.3566,0.4661,265,713,0,0,1
2925,7.3431,0.5244,265,713,0,0,1
2926,0.6818,0.336,265,713,0,0,1
2927,21.0086,0.402,263,713,0,0,1
2928,2.3239,0.3675,263,713,0,0,1
2929,0.4224,0.4062,263,713,0,0,1
2930,6.5064,0.3262,263,713,0,0,1
2931,4.5103,0.4132,262,713,0,0,1
2932,10.8103,0.4105,261,713,0,0,1
2933,8.916,0.3284,259,713,0,0,1
2934,0.7519,0.4385,259,713,0,0,1
2935,1.388,0.4695,259,713,0,0,1
2936,2.2864,0.3546,259,713,0,0,1
2937,4.9584,0.3911,259,713,0,0,1
2938,3.5583,0.498,259,713,0,0,1
2939,3.933,0.334,259,713,0,0,1
2940,3.6098,0.6523,258,713,0,0,1
2941,4.2526,0.618,258,713,0,0,1
2942,4.1728,0.3514,258,713,0,0,1
2943,4.121,0.311,257,713,0,0,1
2944,4.1752,0.4653,256,713,0,0,1
2945,4.2039,0.5925,256,713,0,0,1
2946,4.0943,0.2996,254,713,0,0,1
2947,4.1941,0.3624,253,713,0,0,1
2948,4.3671,0.5676,253,713,0,0,1
2949,4.1181,0.3082,253,713,0,0,1
2950,4.049,0.5022,253,713,0,0,1
2951,4.1289,0.453,252,713,0,0,1
2952,4.1702,0.3222,251,713,0,0,1
2953,4.2071,0.4643,251,713,0,0,1
2954,4.1207,0.3832,250,713,0,0,1
2955,4.1888,0.3981,249,713,0,0,1
2956,4.3063,0.5886,247,713,0,0,1
2957,4.3295,0.4843,247,713,0,0,1
2958,4.2348,0.5512,247,713,0,0,1
2959,3.7582,0.3607,247,713,0,0,1
2960,4.2521,0.3385,247,713,0,0,1
2961,4.1941,0.6471,246,713,0,0,1
2962,4.2134,0.5268,245,713,0,0,1
2963,4.4836,0.4475,244,713,0,0,1
2964,4.0757,0.3337,244,713,0,0,1
2965,4.1537,0.5014,244,713,0,0,1
2966,4.5295,0.5186,244,713,0,0,1
2967,4.1042,0.3968,244,713,0,0,1
2968,3.8993,0.5289,244,713,0,0,1
2969,4.9115,0.4999,243,713,0,0,1
2970,3.3101,0.374,243,713,0,0,1
2971,4.3055,0.3939,243,713,0,0,1
2972,4.466,0.3951,242,713,0,0,1
2973,3.7842,0.3805,276,713,0,0,1
2974,4.2647,0.3334,275,713,0,0,1
2975,4.1881,0.4355,275,713,0,0,1
2976,4.0938,0.4856,275,713,0,0,1
2977,4.2997,0.3939,275,713,0,0,1
2978,4.003,0.362,275,713,0,0,1
2979,4.3195,0.3641,275,713,0,0,1
2980,4.0257,0.4408,275,713,0,0,1
2981,3.8033,0.3656,275,713,0,0,1
2982,4.2378,0.5293,275,713,0,0,1
2983,4.1035,0.4402,275,713,0,0,1
2984,4.2235,0.4226,268,713,0,0,1
2985,4.3284,0.3656,268,713,0,0,1
2986,4.526,0.5126,268,713,0,0,1
2987,3.6647,0.6474,268,713,0,0,1
2988,4.0957,0.3425,267,713,0,0,1
2989,4.2069,0.6858,267,713,0,0,1
2990,4.4959,0.6287,267,713,0,0,1
2991,4.2302,0.6009,267,713,0,0,1
2992,3.8032,0.4167,267,713,0,0,1
2993,4.7949,0.4497,267,713,0,0,1
2994,3.5116,0.4691,267,713,0,0,1
2995,4.1109,0.3612,267,713,0,0,1
2996,4.1586,0.4373,267,713,0,0,1
2997,4.3834,0.4418,267,713,0,0,1
2998,4.1822,0.6059,267,713,0,0,1
2999,3.9333,0.3843,266,713,0,0,1
3000,4.1932,0.4566,264,713,0,0,1
3001,4.2167,0.4614,264,713,0,0,1
3002,4.1065,0.3699,264,713,0,0,1
3003,4.2296,0.7469,263,713,0,0,1
3004,4.1623,0.4264,263,713,0,0,1
3005,4.1505,0.6333,263,713,0,0,1
3006,4.2893,0.5097,262,713,0,0,1
3007,4.3559,0.4406,262,713,0,0,1
3008,4.2049,0.5566,262,713,0,0,1
3009,13.5258,3.5269,260,713,0,0,1
3010,3.9868,1.3855,260,713,0,0,1
3011,3.986,0.8773,260,713,0,0,1
3012,3.5542,1.5619,259,713,0,0,1
3013,4.2285,0.4318,259,713,0,0,1
3014,4.0651,0.4643,259,713,0,0,1
3015,4.6148,0.7335,259,713,0,0,1
3016,3.6851,0.3337,259,713,0,0,1
3017,4.1379,0.594,259,713,0,0,1
3018,4.31,0.4,259,713,0,0,1
3019,8.5083,0.4216,259,713,0,0,1
3020,3.9734,0.4886,259,713,0,0,1
3021,4.0849,0.3796,257,713,0,0,1
3022,7.2796,0.6839,257,713,0,0,1
3023,5.6516,0.5843,255,713,0,0,1
3024,3.6803,0.5401,254,713,0,0,1
3025,4.5759,0.624,252,713,0,0,1
3026,3.7628,0.5615,252,713,0,0,1
3027,4.1877,0.514,251,713,0,0,1
3028,4.8568,0.919,250,713,0,0,1
3029,3.797,0.5403,248,713,0,0,1
3030,3.8298,0.4926,248,713,0,0,1
3031,4.1389,0.3443,247,713,0,0,1
3032,4.2047,0.4856,246,713,0,0,1
3033,4.4803,0.4553,246,713,0,0,1
3034,3.8138,0.5133,246,713,0,0,1
3035,4.1663,0.4969,246,713,0,0,1
3036,4.1544,0.3232,246,713,0,0,1
3037,4.4364,0.5927,245,713,0,0,1
3038,3.875,0.5606,245,713,0,0,1
3039,4.1928,0.4864,243,713,0,0,1
3040,4.2054,0.5341,243,713,0,0,1
3041,4.404,0.4202,243,713,0,0,1
3042,3.8695,0.4872,242,713,0,0,1
3043,4.181,0.5676,241,713,0,0,1
3044,4.1915,0.4651,241,713,0,0,1
3045,4.3923,0.4785,241,713,0,0,1
3046,3.9144,0.5931,241,713,0,0,1
3047,4.1798,0.4358,240,713,0,0,1
3048,4.1603,0.4564,240,713,0,0,1
3049,4.4398,0.5884,240,713,0,0,1
3050,3.8593,0.4887,240,713,0,0,1
3051,4.2203,0.5892,240,713,0,0,1
3052,4.2551,0.5701,240,713,0,0,1
3053,4.3817,0.5904,274,713,0,0,1
3054,3.862,0.5424,274,713,0,0,1
3055,4.1568,0.7465,274,713,0,0,1
3056,4.3485,0.4092,273,713,0,0,1
3057,4.332,0.5799,273,713,0,0,1
3058,3.8359,0.5186,273,713,0,0,1
3059,4.6963,0.5195,273,713,0,0,1
3060,3.7508,0.4591,273,713,0,0,1
3061,4.4185,0.4929,273,713,0,0,1
3062,3.8754,0.5909,273,713,0,0,1
3063,4.1088,0.4328,273,713,0,0,1
3064,4.6941,0.5169,266,713,0,0,1
3065,7.8491,0.7236,266,713,0,0,1
3066,4.222,0.6681,266,713,0,0,1
3067,4.1114,0.609,265,713,0,0,1
3068,4.5583,0.5336,265,713,0,0,1
3069,8.2866,0.7754,265,713,0,0,1
3070,4.255,0.4814,264,713,0,0,1
3071,4.1081,0.4898,264,713,0,0,1
3072,3.7415,0.6923,264,713,0,0,1
3073,4.1344,0.5583,264,713,0,0,1
3074,4.2414,0.5545,264,713,0,0,1
3075,4.9956,0.6038,264,713,0,0,1
3076,3.2999,0.5588,263,713,0,0,1
3077,4.2059,0.5558,263,713,0,0,1
3078,4.0953,0.4761,263,713,0,0,1
3079,4.5738,0.6598,263,713,0,0,1
3080,3.8331,0.4813,263,713,0,0,1
3081,4.1429,0.5738,263,713,0,0,1
3082,4.592,0.5695,263,713,0,0,1
3083,4.0345,0.7025,263,713,0,0,1
3084,3.8149,0.537,262,713,0,0,1
3085,4.1931,0.6375,262,713,0,0,1
3086,4.2356,0.5278,262,713,0,0,1
3087,4.4612,0.6626,262,713,0,0,1
3088,3.8711,0.5492,260,713,0,0,1
3089,4.1712,0.6376,260,713,0,0,1
3090,4.1248,0.4789,257,713,0,0,1
3091,4.4395,0.6733,256,713,0,0,1
3092,3.6151,0.4616,256,713,0,0,1
3093,4.1596,0.4165,256,713,0,0,1
3094,4.25,0.5562,256,713,0,0,1
3095,4.1172,0.6555,256,713,0,0,1
3096,4.101,0.4919,256,713,0,0,1
3097,4.1259,0.3615,256,713,0,0,1
3098,4.2535,0.3818,256,713,0,0,1
3099,4.363,0.4484,256,713,0,0,1
3100,4.1682,0.5448,256,713,0,0,1
3101,4.2511,0.5556,256,713,0,0,1
3102,3.8038,0.5319,256,713,0,0,1
3103,4.4953,0.3741,256,713,0,0,1
3104,3.87,0.4058,256,713,0,0,1
3105,4.1865,0.6249,256,713,0,0,1
3106,4.5283,0.5812,256,713,0,0,1
3107,3.8752,0.5888,256,713,0,0,1
3108,4.1363,0.4928,256,713,0,0,1
3109,4.0738,0.4398,255,713,0,0,1
3110,4.2619,0.5156,255,713,0,0,1
3111,4.097,0.3491,255,713,0,0,1
3112,4.2532,0.6943,255,713,0,0,1
3113,4.1744,0.6384,255,713,0,0,1
3114,4.0362,0.3409,254,713,0,0,1
3115,4.2492,0.4939,254,713,0,0,1
3116,4.1678,0.4916,254,713,0,0,1
3117,4.0974,0.4841,254,713,0,0,1
3118,4.5698,0.6806,253,713,0,0,1
3119,3.7893,0.4036,253,713,0,0,1
3120,4.5019,0.4511,252,713,0,0,1
3121,3.8091,0.4385,252,713,0,0,1
3122,4.523,0.4676,251,713,0,0,1
3123,3.9129,0.3673,251,713,0,0,1
3124,4.3418,0.498,251,713,0,0,1
3125,3.9453,0.4243,251,713,0,0,1
3126,4.1965,0.4373,251,713,0,0,1
3127,4.1261,0.3859,251,713,0,0,1
3128,4.1473,0.4438,251,713,0,0,1
3129,4.1765,0.3841,251,713,0,0,1
3130,4.2149,0.398,250,713,0,0,1
3131,4.3415,0.624,250,713,0,0,1
3132,3.95,0.6569,250,713,0,0,1
3133,4.1449,0.3409,250,713,0,0,1
3134,4.1929,0.5338,249,713,0,0,1
3135,4.1692,0.4345,283,713,0,0,1
3136,4.2411,0.6371,283,713,0,0,1
3137,4.0886,0.5211,283,713,0,0,1
3138,4.1176,0.4345,282,713,0,0,1
3139,4.2307,0.4606,282,713,0,0,1
3140,4.1292,0.5613,282,713,0,0,1
3141,4.1826,0.4175,282,713,0,0,1
3142,4.1553,0.581,282,713,0,0,1
3143,4.2113,0.6547,281,713,0,0,1
3144,4.2412,0.6121,280,713,0,0,1
3145,4.0192,0.3606,280,713,0,0,1
3146,4.2101,0.4645,273,713,0,0,1
3147,4.4569,0.4841,272,713,0,0,1
3148,3.9179,0.4318,272,713,0,0,1
3149,4.1336,0.4453,272,713,0,0,1
3150,4.1588,0.4412,271,713,0,0,1
3151,4.1748,0.3896,271,713,0,0,1
3152,4.1702,0.3985,271,713,0,0,1
3153,4.1712,0.5086,271,713,0,0,1
3154,4.3743,0.4539,271,713,0,0,1
3155,4.0092,0.5338,271,713,0,0,1
3156,4.1499,0.5843,269,713,0,0,1
3157,4.0997,0.4522,269,713,0,0,1
3158,4.2417,0.4345,268,713,0,0,1
3159,4.0717,0.3408,268,713,0,0,1
3160,4.2333,0.7039,267,713,0,0,1
3161,4.0748,0.5863,267,713,0,0,1
3162,4.1855,0.492,267,713,0,0,1
3163,4.3382,0.5828,266,713,0,0,1
3164,4.0443,0.4508,265,713,0,0,1
3165,4.1274,0.3777,265,713,0,0,1
3166,4.2096,0.3912,265,713,0,0,1
3167,4.2182,0.5351,264,713,0,0,1
3168,4.1238,0.5258,264,713,0,0,1
3169,4.1194,0.3569,264,713,0,0,1
3170,4.2485,0.4381,264,713,0,0,1
3171,4.1594,0.4735,264,713,0,0,1
3172,4.1635,0.4156,264,713,0,0,1
3173,4.1578,0.5508,264,713,0,0,1
3174,4.1189,0.45,264,713,0,0,1
3175,4.2557,0.5739,264,713,0,0,1
3176,4.1419,0.3558,263,713,0,0,1
3177,4.1495,0.4879,263,713,0,0,1
3178,4.1412,0.3971,263,713,0,0,1
3179,4.2182,0.3808,263,713,0,0,1
3180,4.0927,0.4279,263,713,0,0,1
3181,4.1346,0.443,262,713,0,0,1
3182,4.2347,0.3839,261,713,0,0,1
3183,4.1086,0.4414,261,713,0,0,1
3184,4.2649,0.5059,261,713,0,0,1
3185,4.1181,0.3928,261,713,0,0,1
3186,4.1099,0.3455,261,713,0,0,1
3187,4.2432,0.6267,261,713,0,0,1
3188,4.1296,0.4421,261,713,0,0,1
3189,4.359,0.54,260,713,0,0,1
3190,4.0331,0.5196,260,713,0,0,1
3191,4.1401,0.3841,260,713,0,0,1
3192,4.1491,0.3852,259,713,0,0,1
3193,4.1132,0.4042,257,713,0,0,1
3194,4.2828,0.5318,257,713,0,0,1
3195,4.1246,0.3577,257,713,0,0,1
3196,4.2011,0.511,257,713,0,0,1
3197,4.1124,0.4237,257,713,0,0,1
3198,4.1309,0.6177,257,713,0,0,1
3199,4.2561,0.6193,257,713,0,0,1
3200,4.1765,0.4785,257,713,0,0,1
3201,4.1648,0.5753,257,713,0,0,1
3202,4.1551,0.5314,257,713,0,0,1
3203,4.1791,0.4799,257,713,0,0,1
3204,4.1253,0.3721,257,713,0,0,1
3205,4.1286,0.3544,257,713,0,0,1
3206,4.3046,0.4254,257,713,0,0,1
3207,4.0469,0.3632,257,713,0,0,1
3208,4.1968,0.3936,256,713,0,0,1
3209,4.173,0.4834,256,713,0,0,1
3210,4.1391,0.3841,256,713,0,0,1
3211,4.0897,0.3667,255,713,0,0,1
3212,4.2369,0.5385,255,713,0,0,1
3213,4.2381,0.6621,255,713,0,0,1
3214,4.1652,0.3945,254,713,0,0,1
3215,4.1515,0.5036,254,713,0,0,1
3216,4.1536,0.4377,254,713,0,0,1
3217,4.1109,0.3439,254,713,0,0,1
3218,4.2453,0.6654,253,713,0,0,1
3219,4.1534,0.4188,285,713,0,0,1
3220,4.2063,0.4084,285,713,0,0,1
3221,4.0608,0.3842,285,713,0,0,1
3222,4.1507,0.6463,285,713,0,0,1
3223,4.2086,0.4504,285,713,0,0,1
3224,4.1511,0.3648,285,713,0,0,1
3225,4.2122,0.5399,285,713,0,0,1
3226,4.0859,0.4754,285,713,0,0,1
3227,4.2643,0.7026,285,713,0,0,1
3228,4.1792,0.6711,285,713,0,0,1
3229,4.0814,0.3701,285,713,0,0,1
3230,4.2127,0.5062,278,713,0,0,1
3231,4.1281,0.4145,278,713,0,0,1
3232,4.2524,0.3594,276,713,0,0,1
3233,4.0813,0.4698,276,713,0,0,1
3234,4.1408,0.4132,275,713,0,0,1
3235,4.2652,0.4315,275,713,0,0,1
3236,4.1059,0.4391,275,713,0,0,1
3237,4.2025,0.6378,275,713,0,0,1
3238,4.2105,0.5348,275,713,0,0,1
3239,4.3361,0.5646,275,713,0,0,1
3240,4.1812,0.4779,275,713,0,0,1
3241,3.8698,0.4385,275,713,0,0,1
3242,4.2014,0.4325,275,713,0,0,1
3243,4.2279,0.3739,275,713,0,0,1
3244,4.1566,0.564,275,713,0,0,1
3245,4.2207,0.657,274,713,0,0,1
3246,4.1225,0.4253,274,713,0,0,1
3247,4.0873,0.3662,274,713,0,0,1
3248,4.1858,0.4843,274,713,0,0,1
3249,4.1811,0.5345,273,713,0,0,1
3250,4.1995,0.3476,272,713,0,0,1
3251,4.223,0.5608,271,713,0,0,1
3252,4.0349,0.501,271,713,0,0,1
3253,4.173,0.3959,271,713,0,0,1
3254,4.2077,0.3907,270,713,0,0,1
3255,4.1606,0.4574,270,713,0,0,1
3256,4.1973,0.6739,270,713,0,0,1
3257,4.2047,0.5853,269,713,0,0,1
3258,4.074,0.6407,268,713,0,0,1
3259,4.2549,0.4854,267,713,0,0,1
3260,4.0877,0.3824,265,713,0,0,1
3261,4.2175,0.3998,265,713,0,0,1
3262,4.3508,0.4285,265,713,0,0,1
3263,4.0067,0.6729,264,713,0,0,1
3264,4.1454,0.4138,262,713,0,0,1
3265,4.0731,0.4257,262,713,0,0,1
3266,4.1867,0.4062,262,713,0,0,1
3267,4.2563,0.3817,261,713,0,0,1
3268,4.0827,0.5877,260,713,0,0,1
3269,4.1945,0.6294,259,713,0,0,1
3270,4.3305,0.6938,258,713,0,0,1
3271,4.0977,0.4008,257,713,0,0,1
3272,4.0747,0.4912,256,713,0,0,1
3273,4.2028,0.4091,255,713,0,0,1
3274,4.1307,0.3842,253,713,0,0,1
3275,4.2277,0.6949,253,713,0,0,1
3276,4.1866,0.5687,253,713,0,0,1
3277,4.0535,0.3383,253,713,0,0,1
3278,4.2052,0.4552,252,713,0,0,1
3279,4.1556,0.3749,252,713,0,0,1
3280,4.2648,0.3693,252,713,0,0,1
3281,4.5492,0.4046,251,713,0,0,1
3282,3.8356,0.585,251,713,0,0,1
3283,4.2954,0.4978,251,713,0,0,1
3284,4.6296,0.4964,251,713,0,0,1
3285,3.4622,0.408,251,713,0,0,1
3286,4.1377,0.3788,251,713,0,0,1
3287,4.353,0.4146,250,713,0,0,1
3288,3.9634,0.3733,250,713,0,0,1
3289,4.1213,0.3658,250,713,0,0,1
3290,4.3196,0.4768,249,713,0,0,1
3291,4.1454,0.4515,249,713,0,0,1
3292,4.0691,0.3454,249,713,0,0,1
3293,4.2895,0.6123,249,713,0,0,1
3294,4.0566,0.6244,249,713,0,0,1
3295,4.1813,0.5624,249,713,0,0,1
3296,4.1671,0.4256,248,713,0,0,1
3297,4.1688,0.4359,248,713,0,0,1
3298,4.2071,0.4032,248,713,0,0,1
3299,4.2132,0.5655,248,713,0,0,1
3300,4.1329,0.5803,248,713,0,0,1
3301,4.0844,0.3755,248,713,0,0,1
3302,4.2348,0.5807,246,713,0,0,1
3303,4.4523,0.4011,279,713,0,0,1
3304,4.1082,0.4138,279,713,0,0,1
3305,3.9365,0.5622,279,713,0,0,1
3306,4.1204,0.6416,278,713,0,0,1
3307,4.2458,0.5938,278,713,0,0,1
3308,4.1367,0.4716,278,713,0,0,1
3309,4.4424,0.4869,278,713,0,0,1
3310,3.8439,0.5096,278,713,0,0,1
3311,4.2291,0.4102,278,713,0,0,1
3312,4.1499,0.4194,278,713,0,0,1
3313,4.0813,0.4196,275,713,0,0,1
3314,4.3659,0.6517,274,713,0,0,1
3315,4.0905,0.3608,267,713,0,0,1
3316,4.5457,0.4347,267,713,0,0,1
3317,4.139,0.5944,267,713,0,0,1
3318,3.793,0.3824,267,713,0,0,1
3319,4.2981,0.4707,267,713,0,0,1
3320,4.0685,0.6056,267,713,0,0,1
3321,4.1513,0.4058,266,713,0,0,1
3322,4.0916,0.3543,266,713,0,0,1
3323,4.485,0.4353,266,713,0,0,1
3324,4.0524,0.6257,265,713,0,0,1
3325,3.9204,0.4112,265,713,0,0,1
3326,4.3214,0.5419,265,713,0,0,1
3327,4.1851,0.4343,265,713,0,0,1
3328,4.4393,0.6579,265,713,0,0,1
3329,4.2027,0.6041,265,713,0,0,1
3330,3.7841,1.0758,264,713,0,0,1
3331,4.371,0.8011,264,713,0,0,1
3332,3.914,0.3297,264,713,0,0,1
3333,4.318,0.6235,263,713,0,0,1
3334,4.1116,0.5939,262,713,0,0,1
3335,4.1529,0.475,262,713,0,0,1
3336,4.4321,0.3018,262,713,0,0,1
3337,3.8028,0.4155,262,713,0,0,1
3338,4.393,0.6496,262,713,0,0,1
3339,4.1198,0.6455,262,713,0,0,1
3340,4.3208,0.4542,262,713,0,0,1
3341,4.3645,0.7106,262,713,0,0,1
3342,3.6864,0.4136,262,713,0,0,1
3343,4.4164,0.525,262,713,0,0,1
3344,3.8906,0.4927,262,713,0,0,1
3345,4.8162,0.4789,262,713,0,0,1
3346,3.5869,0.6673,261,713,0,0,1
3347,4.5536,0.3619,261,713,0,0,1
3348,4.1097,0.4808,261,713,0,0,1
3349,3.843,0.4105,261,713,0,0,1
3350,4.3058,0.3554,261,713,0,0,1
3351,3.9441,0.4431,260,713,0,0,1
3352,4.2888,0.445,260,713,0,0,1
3353,4.042,0.5621,260,713,0,0,1
3354,4.2037,0.3612,260,713,0,0,1
3355,4.526,0.4746,260,713,0,0,1
3356,3.7719,0.4349,259,713,0,0,1
3357,4.4037,0.5884,258,713,0,0,1
3358,4.1009,0.773,258,713,0,0,1
3359,4.4297,0.5104,257,713,0,0,1
3360,4.1512,0.3796,257,713,0,0,1
3361,3.7294,0.3394,257,713,0,0,1
3362,4.4994,0.4218,257,713,0,0,1
3363,3.9195,0.4054,257,713,0,0,1
3364,4.3166,0.5023,257,713,0,0,1
3365,3.9553,0.3828,257,713,0,0,1
3366,4.3884,0.5574,257,713,0,0,1
3367,4.1854,0.4685,257,713,0,0,1
3368,3.8367,0.417,255,713,0,0,1
3369,4.1592,0.5047,255,713,0,0,1
3370,4.3978,0.5964,254,713,0,0,1
3371,4.011,0.422,253,713,0,0,1
3372,4.4433,0.5102,253,713,0,0,1
3373,3.8666,0.3119,252,713,0,0,1
3374,4.4615,0.4598,251,713,0,0,1
3375,3.8339,0.356,251,713,0,0,1
3376,4.167,0.4589,251,713,0,0,1
3377,4.1726,0.3877,251,713,0,0,1
3378,4.1794,0.4516,251,713,0,0,1
3379,4.5015,0.3879,251,713,0,0,1
3380,3.794,0.3414,251,713,0,0,1
3381,4.5074,0.5834,251,713,0,0,1
3382,4.0464,0.3267,251,713,0,0,1
3383,4.0102,0.5262,250,713,0,0,1
3384,4.4116,0.5712,250,713,0,0,1
3385,3.8781,0.3227,249,713,0,0,1
3386,4.1681,0.2706,248,713,0,0,1
3387,4.1766,0.4799,282,713,0,0,1
3388,4.3653,0.385,281,713,0,0,1
3389,3.999,0.5006,281,713,0,0,1
3390,4.1917,0.4674,280,713,0,0,1
3391,4.4649,0.4298,280,713,0,0,1
3392,3.7847,0.369,279,713,0,0,1
3393,4.5257,0.5348,278,713,0,0,1
3394,4.0437,0.42,278,713,0,0,1
3395,4.1474,0.557,278,713,0,0,1
3396,4.2589,0.6054,278,713,0,0,1
3397,3.9177,0.3294,278,713,0,0,1
3398,4.1523,0.4466,270,713,0,0,1
3399,4.1385,0.3511,270,713,0,0,1
3400,4.4648,0.5388,270,713,0,0,1
3401,3.8275,0.2944,270,713,0,0,1
3402,4.2313,0.4108,270,713,0,0,1
3403,4.1883,0.4981,270,713,0,0,1
3404,4.1279,0.3395,270,713,0,0,1
3405,4.3288,0.4516,270,713,0,0,1
3406,4.1048,0.3859,270,713,0,0,1
3407,4.221,0.3843,270,713,0,0,1
3408,3.9832,0.4922,270,713,0,0,1
3409,4.1665,0.2905,270,713,0,0,1
3410,4.3945,0.5405,270,713,0,0,1
3411,4.0829,0.4903,270,713,0,0,1
3412,4.2043,0.4243,269,713,0,0,1
3413,4.0228,0.4056,267,713,0,0,1
3414,4.1547,0.4747,266,713,0,0,1
3415,4.399,0.4629,265,713,0,0,1
3416,3.9294,0.3173,265,713,0,0,1
3417,4.3205,0.4963,265,713,0,0,1
3418,4.1659,0.5158,265,713,0,0,1
3419,4.1771,0.4251,264,713,0,0,1
3420,4.0679,0.4649,264,713,0,0,1
3421,4.1137,0.3723,264,713,0,0,1
3422,4.4575,0.4461,264,713,0,0,1
3423,3.8812,0.275,263,713,0,0,1
3424,4.4236,0.3693,263,713,0,0,1
3425,4.0397,0.4329,263,713,0,0,1
3426,4.0214,0.4563,263,713,0,0,1
3427,4.2321,0.4722,263,713,0,0,1
3428,4.1044,0.37,261,713,0,0,1
3429,4.4475,0.5106,261,713,0,0,1
3430,4.0015,0.3976,260,713,0,0,1
3431,4.1494,0.5278,260,713,0,0,1
3432,4.3186,0.3902,260,713,0,0,1
3433,3.8781,0.2892,259,713,0,0,1
3434,4.3985,0.4601,259,713,0,0,1
3435,4.1696,0.5527,258,713,0,0,1
3436,4.2154,0.3468,258,713,0,0,1
3437,4.114,0.3666,258,713,0,0,1
3438,3.9842,0.3523,257,713,0,0,1
3439,4.8112,0.3924,257,713,0,0,1
3440,3.5195,0.35,257,713,0,0,1
3441,4.2482,0.4192,256,713,0,0,1
3442,4.0945,0.3458,255,713,0,0,1
3443,4.2522,0.4107,254,713,0,0,1
3444,4.2045,0.3524,254,713,0,0,1
3445,3.9944,0.3578,253,713,0,0,1
3446,4.2905,0.4671,253,713,0,0,1
3447,4.0614,0.2728,253,713,0,0,1
3448,4.3444,0.5424,252,713,0,0,1
3449,4.152,0.4602,252,713,0,0,1
3450,4.0758,0.3128,252,713,0,0,1
3451,4.1333,0.4399,251,713,0,0,1
3452,4.2197,0.3631,250,713,0,0,1
3453,4.2012,0.4769,250,713,0,0,1
3454,4.2151,0.4968,249,713,0,0,1
3455,4.1799,0.4929,246,713,0,0,1
3456,4.1143,0.3864,246,713,0,0,1
3457,4.045,0.3432,246,713,0,0,1
3458,4.3641,0.5227,246,713,0,0,1
3459,4.0978,0.2823,246,713,0,0,1
3460,4.203,0.5169,246,713,0,0,1
3461,4.143,0.5507,246,713,0,0,1
3462,4.0236,0.2776,245,713,0,0,1
3463,4.3314,0.408,244,713,0,0,1
3464,4.1895,0.4544,244,713,0,0,1
3465,4.1037,0.2865,244,713,0,0,1
3466,4.1704,0.4852,244,713,0,0,1
3467,4.2787,0.3729,243,713,0,0,1
3468,4.25,0.363,242,713,0,0,1
3469,3.8426,0.3391,242,713,0,0,1
3470,4.3358,0.378,242,713,0,0,1
3471,3.9817,0.2774,276,713,0,0,1
3472,4.2365,0.5523,276,713,0,0,1
3473,4.3571,0.4866,276,713,0,0,1
3474,3.9353,0.328,276,713,0,0,1
3475,4.4272,0.4658,276,713,0,0,1
3476,3.9285,0.4802,275,713,0,0,1
3477,4.2913,0.4819,275,713,0,0,1
3478,4.1682,0.4797,275,713,0,0,1
3479,4.25,0.4256,275,713,0,0,1
3480,4.2281,0.4366,275,713,0,0,1
3481,3.8358,0.3302,275,713,0,0,1
3482,4.471,0.2911,268,713,0,0,1
3483,3.9065,0.2825,268,713,0,0,1
3484,4.324,0.5101,268,713,0,0,1
3485,4.0018,0.3227,268,713,0,0,1
3486,4.1777,0.3097,268,713,0,0,1
3487,4.2818,0.4785,268,713,0,0,1
3488,4.087,0.4127,268,713,0,0,1
3489,4.307,0.2992,268,713,0,0,1
3490,4.1294,0.5034,268,713,0,0,1
3491,4.2719,0.4958,268,713,0,0,1
3492,4.0877,0.4511,268,713,0,0,1
3493,4.0218,0.3004,268,713,0,0,1
3494,4.3071,0.43,267,713,0,0,1
3495,4.1438,0.3718,267,713,0,0,1
3496,4.1062,0.5409,267,713,0,0,1
3497,4.149,0.3253,266,713,0,0,1
3498,4.1565,0.4158,266,713,0,0,1
3499,4.2327,0.3995,266,713,0,0,1
3500,4.2034,0.3454,266,713,0,0,1
3501,4.1591,0.5944,265,713,0,0,1
3502,4.1632,0.5849,265,713,0,0,1
3503,4.263,0.5302,265,713,0,0,1
3504,4.2132,0.5748,265,713,0,0,1
3505,3.9223,0.4122,263,713,0,0,1
3506,4.2331,0.3933,262,713,0,0,1
3507,4.2239,0.3841,262,713,0,0,1
3508,4.2452,0.4528,261,713,0,0,1
3509,4.0363,0.3727,261,713,0,0,1
3510,4.297,0.3495,261,713,0,0,1
3511,4.2536,0.4719,260,713,0,0,1
3512,3.9687,0.5072,260,713,0,0,1
3513,4.1823,0.422,260,713,0,0,1
3514,4.1107,0.4236,259,713,0,0,1
3515,4.3094,0.6081,259,713,0,0,1
3516,4.0865,0.4256,259,713,0,0,1
3517,4.1079,0.4483,259,713,0,0,1
3518,4.1915,0.4492,259,713,0,0,1
3519,4.106,0.3214,259,713,0,0,1
3520,4.4009,0.6968,259,713,0,0,1
3521,4.1538,0.6978,258,713,0,0,1
3522,3.9856,0.3561,257,713,0,0,1
3523,4.1847,0.3848,257,713,0,0,1
3524,4.174,0.4607,256,713,0,0,1
3525,4.2101,0.4249,256,713,0,0,1
3526,4.1166,0.3559,254,713,0,0,1
3527,4.2468,0.6632,253,713,0,0,1
3528,4.2563,0.5939,253,713,0,0,1
3529,3.9456,0.3607,253,713,0,0,1
3530,4.4998,0.3872,252,713,0,0,1
3531,3.8948,0.384,252,713,0,0,1
3532,4.2002,0.5084,252,713,0,0,1
3533,4.1278,0.4183,252,713,0,0,1
3534,4.1931,0.6199,251,713,0,0,1
3535,4.1442,0.3668,251,713,0,0,1
3536,4.178,0.563,251,713,0,0,1
3537,4.1836,0.4426,250,713,0,0,1
3538,4.1801,0.402,250,713,0,0,1
3539,4.192,0.4195,250,713,0,0,1
3540,4.2156,0.7611,249,713,0,0,1
3541,4.0034,0.3632,249,713,0,0,1
3542,4.5377,0.6507,249,713,0,0,1
3543,3.8118,0.3647,249,713,0,0,1
3544,4.3201,0.3629,248,713,0,0,1
3545,4.0379,0.4901,248,713,0,0,1
3546,4.1381,0.3665,248,713,0,0,1
3547,4.2032,0.4223,247,713,0,0,1
3548,4.189,0.4272,247,713,0,0,1
3549,4.5134,0.5947,247,713,0,0,1
3550,3.8131,0.4012,246,713,0,0,1
3551,4.204,0.6066,246,713,0,0,1
3552,4.1121,0.4181,246,713,0,0,1
3553,4.1164,0.4239,245,713,0,0,1
3554,4.2571,0.4999,245,713,0,0,1
3555,4.1626,0.4214,278,713,0,0,1
3556,4.1885,0.4385,277,713,0,0,1
3557,4.1607,0.4772,277,713,0,0,1
3558,4.1653,0.6754,276,713,0,0,1
3559,4.1013,0.6089,276,713,0,0,1
3560,4.2132,0.4731,276,713,0,0,1
3561,4.0965,0.4393,276,713,0,0,1
3562,4.2784,0.4322,276,713,0,0,1
3563,4.1335,0.3939,276,713,0,0,1
3564,4.1365,0.585,276,713,0,0,1
3565,4.1306,0.4341,275,713,0,0,1
3566,4.1961,0.3849,275,713,0,0,1
3567,4.1103,0.3754,268,713,0,0,1
3568,4.2614,0.51,267,713,0,0,1
3569,4.4646,0.6346,265,713,0,0,1
3570,3.8426,0.54,265,713,0,0,1
3571,4.1695,0.6007,265,713,0,0,1
3572,4.5028,0.4753,265,713,0,0,1
3573,3.8243,0.5993,265,713,0,0,1
3574,4.2046,0.4237,265,713,0,0,1
3575,4.2176,0.7005,265,713,0,0,1
3576,4.0552,0.5443,265,713,0,0,1
3577,4.1322,0.3538,264,713,0,0,1
3578,4.3492,0.5591,263,713,0,0,1
3579,4.3648,0.5319,263,713,0,0,1
3580,3.8874,0.4273,263,713,0,0,1
3581,4.4076,0.4445,263,713,0,0,1
3582,3.8647,0.5245,262,713,0,0,1
3583,4.1809,0.6494,262,713,0,0,1
3584,4.1392,0.3714,262,713,0,0,1
3585,4.1897,0.5845,260,713,0,0,1
3586,4.1714,0.3917,260,713,0,0,1
3587,4.2224,0.3638,259,713,0,0,1
3588,4.1219,0.4673,259,713,0,0,1
3589,4.1135,0.37,259,713,0,0,1
3590,4.2601,0.5731,259,713,0,0,1
3591,4.0884,0.4623,258,713,0,0,1
3592,4.2332,0.269,2,713,0,0,0
3593,4.3884,0.2907,2,713,0,0,0
3594,3.9371,0.3727,2,713,0,0,0
3595,4.1492,0.2482,2,713,0,0,0
3596,4.152,0.2195,2,713,0,0,0
3597,4.1752,0.2328,2,713,0,0,0
3598,4.1512,0.2298,2,713,0,0,0
3599,4.2201,0.2604,2,713,0,0,0
3600,4.4807,0.4395,2,713,0,0,0
3601,3.8133,0.2078,2,713,0,0,0
3602,4.2719,0.4136,2,713,0,0,0
3603,4.0597,0.1852,2,713,0,0,0
3604,4.2235,0.2859,2,713,0,0,0
3605,4.1252,0.4209,2,713,0,0,0
3606,4.2055,0.2621,2,713,0,0,0
3607,4.076,0.2105,2,713,0,0,0
3608,4.2005,0.2828,2,713,0,0,0
3609,4.116,0.22,2,713,0,0,0
3610,4.3186,0.4419,2,713,0,0,0
3611,4.068,0.3686,2,713,0,0,0
3612,4.486,0.2942,2,713,0,0,0
3613,3.8121,0.2274,2,713,0,0,0
3614,4.4041,0.3736,2,713,0,0,0
3615,3.9456,0.238,2,713,0,0,0
3616,4.2976,0.381,2,713,0,0,0
3617,4.059,0.4175,2,713,0,0,0
3618,4.1309,0.2276,2,713,0,0,0
3619,4.4968,0.4232,2,713,0,0,0
3620,3.8474,0.2258,2,713,0,0,0
3621,4.4347,0.4192,2,713,0,0,0
3622,4.0058,0.2293,2,713,0,0,0
3623,4.4081,0.4166,2,713,0,0,0
3624,4.1579,0.3417,2,713,0,0,0
3625,3.8128,0.2193,2,713,0,0,0
3626,4.4726,0.2276,2,713,0,0,0
3627,3.8208,0.1838,2,713,0,0,0
3628,4.2766,0.3906,2,713,0,0,0
3629,4.1696,0.1988,2,713,0,0,0
3630,4.0483,0.1964,2,713,0,0,0
3631,4.416,0.3608,2,713,0,0,0
3632,3.9242,0.1865,2,713,0,0,0
3633,4.3749,0.1819,2,713,0,0,0
3634,4.0714,0.2988,2,713,0,0,0
3635,4.289,0.3737,2,713,0,0,0
3636,4.1652,0.3481,2,713,0,0,0
3637,3.8805,0.1746,2,713,0,0,0
3638,4.4182,0.3351,2,713,0,0,0
3639,3.9432,0.1997,2,713,0,0,0
3640,4.3388,0.2976,2,713,0,0,0
3641,3.964,0.1823,2,713,0,0,0
3642,4.4112,0.3495,2,713,0,0,0
3643,3.954,0.1814,2,713,0,0,0
3644,4.1412,0.2003,2,713,0,0,0
3645,4.3998,0.2233,2,713,0,0,0
3646,4.0761,0.223,2,713,0,0,0
3647,4.1975,0.3506,2,713,0,0,0
3648,4.599,0.2836,2,713,0,0,0
3649,3.5695,0.1799,2,713,0,0,0
3650,4.3845,0.2832,2,713,0,0,0
3651,4.1423,0.2578,2,713,0,0,0
3652,3.9588,0.16,2,713,0,0,0
3653,4.3481,0.187,2,713,0,0,0
3654,4.0169,0.1802,2,713,0,0,0
3655,4.2251,0.2102,2,713,0,0,0
3656,4.128,0.2028,2,713,0,0,0
3657,4.12,0.2934,2,713,0,0,0
3658,4.1728,0.1798,2,713,0,0,0
3659,4.1811,0.2565,2,713,0,0,0
3660,4.5797,0.2799,2,713,0,0,0
3661,3.7623,0.1727,2,713,0,0,0
3662,4.1843,0.1761,2,713,0,0,0
3663,4.2179,0.1812,2,713,0,0,0
3664,4.2569,0.2262,2,713,0,0,0
3665,4.0589,0.5304,2,713,0,0,0
3666,4.1933,0.3331,2,713,0,0,0
3667,4.3351,0.2831,2,713,0,0,0
3668,3.9293,0.1982,2,713,0,0,0
3669,4.3396,0.2555,2,713,0,0,0
3670,3.9653,0.1447,2,713,0,0,0
3671,4.3184,0.2084,2,713,0,0,0
3672,3.9799,0.2795,2,713,0,0,0
3673,4.2258,0.1764,2,713,0,0,0
3674,4.2387,0.2048,2,713,0,0,0
3675,4.1087,0.2888,2,713,0,0,0
3676,4.321,0.2789,2,713,0,0,0
3677,4.013,0.1998,2,713,0,0,0
3678,4.1629,0.3077,2,713,0,0,0
3679,4.202,0.2099,2,713,0,0,0
3680,4.2088,0.2407,2,713,0,0,0
3681,4.1597,0.3684,2,713,0,0,0
3682,4.184,0.289,2,713,0,0,0
3683,4.247,0.3765,2,713,0,0,0
3684,4.0686,0.253,2,713,0,0,0
3685,4.1379,0.2033,2,713,0,0,0
3686,4.2637,0.2613,2,713,0,0,0
3687,4.1875,0.2551,2,713,0,0,0
3688,4.1412,0.4662,2,713,0,0,0
3689,4.127,0.4021,2,713,0,0,0
3690,4.1758,0.4057,2,713,0,0,0
3691,4.149,0.3474,2,713,0,0,0
3692,4.2682,0.2455,2,713,0,0,0
3693,4.0606,0.2248,2,713,0,0,0
3694,4.2337,0.3655,2,713,0,0,0
3695,4.1814,0.2673,2,713,0,0,0
3696,4.1545,0.3747,2,713,0,0,0
3697,4.0706,0.1987,2,713,0,0,0
3698,4.171,0.2102,2,713,0,0,0
3699,4.2882,0.2624,2,713,0,0,0
3700,4.1395,0.2837,2,713,0,0,0
3701,4.1631,0.2605,2,713,0,0,0
3702,4.1111,0.3738,2,713,0,0,0
3703,4.1491,0.2233,2,713,0,0,0
3704,4.193,0.3163,2,713,0,0,0
3705,4.255,0.4373,2,713,0,0,0
3706,4.1242,0.2636,2,713,0,0,0
3707,4.1252,0.2235,2,713,0,0,0
3708,4.1873,0.2908,2,713,0,0,0
3709,4.1172,0.225,2,713,0,0,0
3710,4.2126,0.4465,2,713,0,0,0
3711,4.1363,0.2532,2,713,0,0,0
3712,4.1819,0.2675,2,713,0,0,0
3713,4.3835,0.3744,2,713,0,0,0
3714,3.9728,0.2274,2,713,0,0,0
3715,4.1998,0.229,2,713,0,0,0
3716,4.203,0.2648,2,713,0,0,0
3717,4.1272,0.229,2,713,0,0,0
3718,4.1056,0.2921,2,713,0,0,0
3719,4.2243,0.3637,2,713,0,0,0
3720,4.1951,0.2521,2,713,0,0,0
3721,4.0623,0.2154,2,713,0,0,0
3722,4.2487,0.3454,2,713,0,0,0
3723,4.2715,0.4121,2,713,0,0,0
3724,4.1102,0.2767,2,713,0,0,0
3725,4.1079,0.4179,2,713,0,0,0
3726,4.1615,0.3655,2,713,0,0,0
3727,4.1653,0.3534,2,713,0,0,0
3728,4.1203,0.226,2,713,0,0,0
3729,4.1335,0.2238,2,713,0,0,0
3730,4.2351,0.2545,2,713,0,0,0
3731,4.1911,0.2545,2,713,0,0,0
3732,4.1637,0.3922,2,713,0,0,0
3733,4.1102,0.2153,2,713,0,0,0
3734,4.1611,0.2366,2,713,0,0,0
3735,4.2093,0.2747,2,713,0,0,0
3736,4.1967,0.2469,2,713,0,0,0
3737,4.1312,0.4089,2,713,0,0,0
3738,4.1802,0.3989,2,713,0,0,0
3739,4.0991,0.2476,2,713,0,0,0
3740,4.2101,0.248,2,713,0,0,0
3741,4.1751,0.2283,2,713,0,0,0
3742,4.2431,0.4133,2,713,0,0,0
3743,4.2208,0.2673,2,713,0,0,0
3744,4.0371,0.2568,2,713,0,0,0
3745,4.1525,0.2207,2,713,0,0,0
3746,4.2201,0.2615,2,713,0,0,0
3747,4.1619,0.2218,2,713,0,0,0
3748,4.1212,0.3343,2,713,0,0,0
3749,4.1726,0.2257,2,713,0,0,0
3750,4.5691,0.4182,2,713,0,0,0
3751,3.7627,0.2267,2,713,0,0,0
3752,4.156,0.2961,2,713,0,0,0
3753,4.1994,0.3897,2,713,0,0,0
3754,4.121,0.2482,2,713,0,0,0
3755,4.2689,0.4277,2,713,0,0,0
3756,4.0468,0.3106,2,713,0,0,0
3757,4.1768,0.2161,2,713,0,0,0
3758,4.2403,0.2507,2,713,0,0,0
3759,4.1141,0.2224,2,713,0,0,0
3760,4.3629,0.3855,2,713,0,0,0
3761,3.97,0.3899,2,713,0,0,0
3762,4.2067,0.4093,2,713,0,0,0
3763,4.1845,0.282,2,713,0,0,0
3764,4.1118,0.2483,2,713,0,0,0
3765,4.2332,0.2357,2,713,0,0,0
3766,4.1527,0.4563,2,713,0,0,0
3767,4.147,0.2533,2,713,0,0,0
3768,4.1007,0.2131,2,713,0,0,0
3769,4.1785,0.2216,2,713,0,0,0
3770,4.1791,0.2476,2,713,0,0,0
3771,4.2398,0.2579,2,713,0,0,0
3772,4.1821,0.422,2,713,0,0,0
3773,4.1215,0.4121,2,713,0,0,0
3774,4.1195,0.2459,2,713,0,0,0
3775,4.2266,0.2552,2,713,0,0,0
3776,4.1358,0.2273,2,713,0,0,0
3777,4.4677,0.4748,2,713,0,0,0
3778,3.9113,0.2353,2,713,0,0,0
3779,4.2788,0.4107,2,713,0,0,0
3780,3.986,0.2159,2,713,0,0,0
3781,4.1723,0.2243,2,713,0,0,0
3782,4.2224,0.2547,2,713,0,0,0
3783,4.1504,0.2143,2,713,0,0,0
3784,4.1852,0.3629,2,713,0,0,0
3785,4.141,0.4269,2,713,0,0,0
3786,4.1803,0.4317,2,713,0,0,0
3787,4.1413,0.2079,2,713,0,0,0
3788,4.1658,0.2337,2,713,0,0,0
3789,4.2013,0.2534,2,713,0,0,0
3790,4.1596,0.4238,2,713,0,0,0
3791,4.3133,0.3449,2,713,0,0,0
3792,4.1833,0.5387,2,713,0,0,0
3793,3.9467,0.2159,2,713,0,0,0
3794,4.1701,0.2536,2,713,0,0,0
3795,4.2313,0.2319,2,713,0,0,0
3796,4.1276,0.3288,2,713,0,0,0
3797,4.1623,0.3028,2,713,0,0,0
3798,4.2934,0.3366,2,713,0,0,0
3799,4.144,0.2755,2,713,0,0,0
3800,4.0488,0.3883,2,713,0,0,0
3801,4.4323,0.3827,2,713,0,0,0
3802,3.9594,0.2781,2,713,0,0,0
3803,4.1012,0.4086,2,713,0,0,0
3804,4.342,0.4096,2,713,0,0,0
3805,3.9839,0.2149,2,713,0,0,0
3806,4.2457,0.2562,2,713,0,0,0
3807,4.1823,0.2546,2,713,0,0,0
3808,4.116,0.2763,2,713,0,0,0
3809,4.1515,0.2286,2,713,0,0,0
3810,4.2067,0.4098,2,713,0,0,0
3811,4.1223,0.2089,2,713,0,0,0
3812,4.1749,0.2469,2,713,0,0,0
3813,4.1456,0.2265,2,713,0,0,0
3814,4.2122,0.2791,2,713,0,0,0
3815,4.1175,0.3647,2,713,0,0,0
3816,4.2537,0.411,2,713,0,0,0
3817,4.0883,0.2144,2,713,0,0,0
3818,4.1403,0.2482,3,713,0,0,0
3819,4.2467,0.2159,3,713,0,0,0
3820,4.1581,0.2219,3,713,0,0,0
3821,4.1647,0.2646,3,713,0,0,0
3822,4.1286,0.3387,3,713,0,0,0
3823,4.2555,0.3369,3,713,0,0,0
3824,4.0901,0.3144,3,713,0,0,0
3825,4.1439,0.4132,3,713,0,0,0
3826,4.2042,0.2752,3,713,0,0,0
3827,4.2472,0.4116,3,713,0,0,0
3828,4.0891,0.2762,3,713,0,0,0
3829,4.0953,0.2485,3,713,0,0,0
3830,4.2558,0.2235,3,713,0,0,0
3831,4.1743,0.2289,3,713,0,0,0
3832,4.1427,0.2435,3,713,0,0,0
3833,4.1415,0.2241,3,713,0,0,0
3834,4.1905,0.2533,3,713,0,0,0
3835,4.2121,0.4106,3,713,0,0,0
3836,4.1326,0.2284,3,713,0,0,0
3837,4.1916,0.6575,3,713,0,0,0
3838,4.1658,0.2839,3,713,0,0,0
3839,4.1749,0.2803,3,713,0,0,0
3840,4.1758,0.3125,3,713,0,0,0
3841,4.0778,0.4689,3,713,0,0,0
3842,4.2669,0.3667,3,713,0,0,0
3843,4.0838,0.214,3,713,0,0,0
3844,4.225,0.4177,3,713,0,0,0
3845,4.102,0.218,3,713,0,0,0
3846,4.222,0.4105,3,713,0,0,0
3847,4.0765,0.2264,3,713,0,0,0
3848,4.2191,0.278,3,713,0,0,0
3849,4.1816,0.4103,3,713,0,0,0
3850,4.2098,0.2606,3,713,0,0,0
3851,4.2072,0.3475,3,713,0,0,0
3852,4.0371,0.2992,3,713,0,0,0
3853,4.1854,0.2262,3,713,0,0,0
3854,4.2224,0.3394,3,713,0,0,0
3855,4.135,0.2532,3,713,0,0,0
3856,4.2367,0.2944,3,713,0,0,0
3857,4.0608,0.2179,3,713,0,0,0
3858,4.1886,0.2499,3,713,0,0,0
3859,4.1874,0.2425,3,713,0,0,0
3860,4.1862,0.2437,3,713,0,0,0
3861,4.1882,0.2201,3,713,0,0,0
3862,4.1483,0.2622,3,713,0,0,0
3863,4.156,0.4132,3,713,0,0,0
3864,4.13,0.2589,3,713,0,0,0
3865,4.1591,0.2709,3,713,0,0,0
3866,4.2369,0.2465,3,713,0,0,0
3867,4.2076,0.3303,3,713,0,0,0
3868,4.1215,0.456,3,713,0,0,0
3869,4.0955,0.3717,3,713,0,0,0
3870,4.2723,0.2554,3,713,0,0,0
3871,4.1277,0.2584,3,713,0,0,0
3872,4.1268,0.2244,3,713,0,0,0
3873,4.1366,0.226,3,713,0,0,0
3874,4.1634,0.2987,3,713,0,0,0
3875,4.211,0.2278,3,713,0,0,0
3876,4.4016,0.323,3,713,0,0,0
3877,3.8924,0.2171,3,713,0,0,0
3878,4.1546,0.2181,3,713,0,0,0
3879,4.1988,0.2405,3,713,0,0,0
3880,4.294,0.3519,3,713,0,0,0
3881,4.0501,0.2431,3,713,0,0,0
3882,4.1535,0.2246,3,713,0,0,0
3883,4.2221,0.2792,3,713,0,0,0
3884,4.1074,0.3599,3,713,0,0,0
3885,4.2547,0.2262,3,713,0,0,0
3886,4.2945,0.3165,3,713,0,0,0
3887,4.0027,0.4339,3,713,0,0,0
3888,4.0719,0.2404,3,713,0,0,0
3889,4.2518,0.2232,3,713,0,0,0
3890,4.151,0.2251,3,713,0,0,0
3891,4.1625,0.2395,3,713,0,0,0
3892,4.3451,0.4227,3,713,0,0,0
3893,3.9762,0.3703,3,713,0,0,0
3894,4.2327,0.2565,3,713,0,0,0
3895,4.3486,0.3526,3,713,0,0,0
3896,3.9544,0.2699,3,713,0,0,0
3897,4.1258,0.4272,3,713,0,0,0
3898,4.1568,0.2547,3,713,0,0,0
3899,4.1666,0.2529,3,713,0,0,0
3900,4.3932,0.2454,3,713,0,0,0
3901,3.9821,0.6182,3,713,0,0,0
3902,4.1398,0.225,3,713,0,0,0
3903,4.1626,0.1871,3,713,0,0,0
3904,4.1798,0.2896,3,713,0,0,0
3905,4.1624,0.2161,3,713,0,0,0
3906,4.188,0.371,3,713,0,0,0
3907,4.1401,0.4123,3,713,0,0,0
3908,4.2069,0.2454,3,713,0,0,0
3909,4.1164,0.2301,3,713,0,0,0
3910,4.1846,0.2522,3,713,0,0,0
3911,4.2837,0.3545,3,713,0,0,0
3912,4.0901,0.4145,3,713,0,0,0
3913,4.1788,0.4233,3,713,0,0,0
3914,4.1179,0.2237,3,713,0,0,0
3915,4.1927,0.2219,3,713,0,0,0
3916,4.1475,0.4112,3,713,0,0,0
3917,4.4022,0.4369,49,713,0,0,1
3918,4.1267,0.2683,49,713,0,0,1
3919,4.0044,0.5132,49,713,0,0,1
3920,4.1724,0.3471,49,713,0,0,1
3921,4.0733,0.2808,49,713,0,0,1
3922,4.7193,0.2752,49,713,0,0,1
3923,3.722,0.4721,49,713,0,0,1
3924,4.1221,0.2928,49,713,0,0,1
3925,4.1673,0.2925,49,713,0,0,1
3926,4.1228,0.248,49,713,0,0,1
3927,4.2392,0.2717,49,713,0,0,1
3928,4.1287,0.3778,49,713,0,0,1
3929,4.1598,0.2544,49,713,0,0,1
3930,4.1938,0.2846,49,713,0,0,1
3931,4.1794,0.4875,49,713,0,0,1
3932,4.1723,0.3843,49,713,0,0,1
3933,4.1124,0.2792,49,713,0,0,1
3934,4.1794,0.2932,49,713,0,0,1
3935,4.1655,0.2791,49,713,0,0,1
3936,4.5719,0.4068,49,713,0,0,1
3937,3.7519,0.2903,49,713,0,0,1
3938,4.146,0.4247,49,713,0,0,1
3939,4.2719,0.3291,49,713,0,0,1
3940,4.1228,0.2514,49,713,0,0,1
3941,4.1328,0.6967,49,713,0,0,1
3942,4.6637,0.4681,49,713,0,0,1
3943,3.734,0.333,49,713,0,0,1
3944,4.1088,0.2625,49,713,0,0,1
3945,4.1679,0.2524,49,713,0,0,1
3946,4.2444,0.3194,49,713,0,0,1
3947,4.1397,0.3561,49,713,0,0,1
3948,4.0916,0.4165,49,713,0,0,1
3949,4.1502,0.2731,49,713,0,0,1
3950,4.254,0.3179,49,713,0,0,1
3951,4.1505,0.2472,49,713,0,0,1
3952,4.1611,0.3189,49,713,0,0,1
3953,4.1452,0.3411,49,713,0,0,1
3954,4.1619,0.3804,49,713,0,0,1
3955,4.1538,0.2731,49,713,0,0,1
3956,4.2538,0.2828,49,713,0,0,1
3957,4.1962,0.2771,49,713,0,0,1
3958,4.1452,0.3388,49,713,0,0,1
3959,4.1962,0.4738,49,713,0,0,1
3960,4.3358,0.2513,49,713,0,0,1
3961,3.8716,0.2806,49,713,0,0,1
3962,4.292,0.3155,49,713,0,0,1
3963,4.0781,0.2781,49,713,0,0,1
3964,4.2648,0.4719,49,713,0,0,1
3965,4.0229,0.2765,49,713,0,0,1
3966,4.1931,0.4006,49,713,0,0,1
3967,4.2191,0.3818,49,713,0,0,1
3968,4.1269,0.2774,49,713,0,0,1
3969,4.2041,0.4775,49,713,0,0,1
3970,4.1259,0.3316,49,713,0,0,1
3971,4.2227,0.3117,49,713,0,0,1
3972,4.1683,0.313,49,713,0,0,1
3973,4.0642,0.2545,49,713,0,0,1
3974,4.3077,0.3979,49,713,0,0,1
3975,4.111,0.2792,49,713,0,0,1
3976,4.1314,0.2713,49,713,0,0,1
3977,4.1223,0.423,49,713,0,0,1
3978,4.2,0.2913,49,713,0,0,1
3979,4.3727,0.4089,49,713,0,0,1
3980,3.9673,0.2925,49,713,0,0,1
3981,4.166,0.4229,49,713,0,0,1
3982,4.119,0.2591,49,713,0,0,1
3983,4.5615,0.4736,49,713,0,0,1
3984,3.9984,0.3,49,713,0,0,1
3985,3.9691,0.2807,49,713,0,0,1
3986,4.1922,0.2874,49,713,0,0,1
3987,4.1986,0.2714,49,713,0,0,1
3988,4.1196,0.367,49,713,0,0,1
3989,4.2082,0.4601,49,713,0,0,1
3990,4.165,0.2744,49,713,0,0,1
3991,4.1365,0.3804,49,713,0,0,1
3992,4.1471,0.2864,49,713,0,0,1
3993,4.2051,0.5016,83,713,0,0,1
3994,4.1985,0.339,83,713,0,0,1
3995,4.1687,0.4995,83,713,0,0,1
3996,4.1348,0.3802,83,713,0,0,1
3997,4.127,0.3306,83,713,0,0,1
3998,4.2743,0.3161,83,713,0,0,1
3999,4.1288,0.3128,83,713,0,0,1
4000,4.1405,0.3334,83,713,0,0,1
4001,4.1453,0.2827,83,713,0,0,1
4002,4.1598,0.3078,83,713,0,0,1
4003,4.199,0.3189,83,713,0,0,1
4004,4.2428,0.3022,83,713,0,0,1
4005,4.1252,0.2544,83,713,0,0,1
4006,4.1673,0.5953,83,713,0,0,1
4007,4.4246,0.4141,83,713,0,0,1
4008,3.8165,0.2965,83,713,0,0,1
4009,4.1699,0.2822,83,713,0,0,1
4010,4.2516,0.5044,83,713,0,0,1
4011,4.0854,0.3021,83,713,0,0,1
4012,4.3071,0.5314,83,713,0,0,1
4013,4.4977,0.3843,83,713,0,0,1
4014,4.0521,0.3499,83,713,0,0,1
4015,3.8137,0.4317,83,713,0,0,1
4016,4.1355,0.2259,83,713,0,0,1
4017,4.34,0.2842,83,713,0,0,1
4018,4.1,0.4752,83,713,0,0,1
4019,4.4006,0.4712,83,713,0,0,1
4020,4.2136,0.3343,83,713,0,0,1
4021,3.8272,0.3065,83,713,0,0,1
4022,4.4005,0.4499,83,713,0,0,1
4023,3.8884,0.3085,83,713,0,0,1
4024,4.3193,0.2645,83,713,0,0,1
4025,4.1419,0.4985,83,713,0,0,1
4026,4.0631,0.3067,82,713,0,0,1
4027,4.437,0.4499,82,713,0,0,1
4028,3.9117,0.3081,82,713,0,0,1
4029,4.3564,0.457,82,713,0,0,1
4030,4.116,0.3119,82,713,0,0,1
4031,4.0675,0.4741,82,713,0,0,1
4032,4.1273,0.3148,82,713,0,0,1
4033,4.1353,0.2789,82,713,0,0,1
4034,4.2405,0.4196,82,713,0,0,1
4035,4.1729,0.2807,82,713,0,0,1
4036,4.1479,0.5042,82,713,0,0,1
4037,4.2847,0.4487,81,713,0,0,1
4038,4.2262,0.4853,81,713,0,0,1
4039,4.2776,0.3395,81,713,0,0,1
4040,3.8919,0.2995,81,713,0,0,1
4041,4.1448,0.4948,81,713,0,0,1
4042,4.2109,0.3007,81,713,0,0,1
4043,4.3456,0.5877,81,713,0,0,1
4044,3.9409,0.3074,81,713,0,0,1
4045,4.1083,0.2747,81,713,0,0,1
4046,4.535,0.3323,81,713,0,0,1
4047,3.8817,0.3703,81,713,0,0,1
4048,4.3043,0.4491,81,713,0,0,1
4049,4.1217,0.3046,81,713,0,0,1
4050,4.0426,0.3003,80,713,0,0,1
4051,4.3735,0.499,80,713,0,0,1
4052,3.9039,0.2851,80,713,0,0,1
4053,4.2165,0.4739,80,713,0,0,1
4054,4.394,0.4688,80,713,0,0,1
4055,3.9176,0.4571,80,713,0,0,1
4056,4.2788,0.3278,80,713,0,0,1
4057,4.0352,0.2668,80,713,0,0,1
4058,4.2944,0.2696,80,713,0,0,1
4059,4.1498,0.3789,80,713,0,0,1
4060,4.1898,0.3856,80,713,0,0,1
4061,4.1976,0.3038,80,713,0,0,1
4062,4.1105,0.5781,80,713,0,0,1
4063,4.2957,0.3996,80,713,0,0,1
4064,4.0137,0.3443,80,713,0,0,1
4065,4.1877,0.4505,80,713,0,0,1
4066,4.4376,0.2534,80,713,0,0,1
4067,3.8704,0.4579,80,713,0,0,1
4068,4.2649,0.5776,80,713,0,0,1
4069,4.0495,0.3038,80,713,0,0,1
4070,4.2167,0.392,126,713,0,0,1
4071,4.1803,0.3582,126,713,0,0,1
4072,4.1114,0.3071,126,713,0,0,1
4073,4.1259,0.2976,126,713,0,0,1
4074,4.2434,0.5403,126,713,0,0,1
4075,4.2434,0.4732,126,713,0,0,1
4076,4.0481,0.3623,126,713,0,0,1
4077,4.2021,0.3405,126,713,0,0,1
4078,4.1718,0.3489,126,713,0,0,1
4079,4.1172,0.4403,126,713,0,0,1
4080,4.2442,0.406,126,713,0,0,1
4081,4.0824,0.336,126,713,0,0,1
4082,4.3836,0.4907,126,713,0,0,1
4083,3.9895,0.5409,126,713,0,0,1
4084,4.2123,0.3903,126,713,0,0,1
4085,4.1017,0.3384,126,713,0,0,1
4086,4.1641,0.395,126,713,0,0,1
4087,4.2427,0.5419,126,713,0,0,1
4088,4.1371,0.3501,126,713,0,0,1
4089,4.1569,0.5011,126,713,0,0,1
4090,4.1587,0.3914,126,713,0,0,1
4091,4.1939,0.3731,126,713,0,0,1
4092,4.3126,0.5092,126,713,0,0,1
4093,3.9547,0.3709,126,713,0,0,1
4094,4.239,0.3162,126,713,0,0,1
4095,4.1129,0.3097,126,713,0,0,1
4096,4.1651,0.3311,126,713,0,0,1
4097,4.1322,0.4047,126,713,0,0,1
4098,4.1946,0.4746,126,713,0,0,1
4099,4.2206,0.5117,126,713,0,0,1
4100,4.1206,0.3493,126,713,0,0,1
4101,4.1816,0.5071,126,713,0,0,1
4102,4.4277,0.3965,126,713,0,0,1
4103,4.2729,0.3325,126,713,0,0,1
4104,4.0695,0.3366,126,713,0,0,1
4105,3.8648,0.2869,126,713,0,0,1
4106,4.262,0.5427,124,713,0,0,1
4107,4.1675,0.3559,124,713,0,0,1
4108,4.1251,0.3278,124,713,0,0,1
4109,4.1611,0.3246,124,713,0,0,1
4110,4.2172,0.3925,124,713,0,0,1
4111,4.1467,0.5051,124,713,0,0,1
4112,4.1087,0.3589,124,713,0,0,1
4113,4.1321,0.4351,124,713,0,0,1
4114,4.1471,0.5074,124,713,0,0,1
4115,4.2813,0.3601,124,713,0,0,1
4116,4.1609,0.3574,124,713,0,0,1
4117,4.1072,0.3697,124,713,0,0,1
4118,4.2591,0.3444,124,713,0,0,1
4119,4.0778,0.301,124,713,0,0,1
4120,4.2224,0.4295,124,713,0,0,1
4121,4.1224,0.5884,124,713,0,0,1
4122,4.1481,0.3621,124,713,0,0,1
4123,4.1889,0.3498,124,713,0,0,1
4124,4.1278,0.5533,124,713,0,0,1
4125,4.2451,0.3439,124,713,0,0,1
4126,4.1725,0.4404,124,713,0,0,1
4127,4.1784,0.339,124,713,0,0,1
4128,4.4134,0.3165,124,713,0,0,1
4129,3.8368,0.3468,124,713,0,0,1
4130,4.4043,0.5779,124,713,0,0,1
4131,3.9658,0.3295,124,713,0,0,1
4132,4.1449,0.3837,122,713,0,0,1
4133,4.2101,0.3436,122,713,0,0,1
4134,4.2111,0.4721,122,713,0,0,1
4135,4.083,0.2975,122,713,0,0,1
4136,4.1452,0.339,122,713,0,0,1
4137,4.2159,0.3488,122,713,0,0,1
4138,4.1812,0.4635,122,713,0,0,1
4139,4.3511,0.583,122,713,0,0,1
4140,4.0343,0.3917,122,713,0,0,1
4141,4.0294,0.2935,122,713,0,0,1
4142,4.2354,0.3682,122,713,0,0,1
4143,4.1732,0.309,122,713,0,0,1
4144,4.1819,0.3352,122,713,0,0,1
4145,4.0748,0.4805,122,713,0,0,1
4146,4.224,0.3341,122,713,0,0,1
4147,4.1651,0.3909,156,713,0,0,1
4148,4.2542,0.3126,156,713,0,0,1
4149,4.114,0.5273,156,713,0,0,1
4150,4.2329,0.438,156,713,0,0,1
4151,4.0917,0.3462,156,713,0,0,1
4152,4.2076,0.3743,156,713,0,0,1
4153,4.0803,0.29,156,713,0,0,1
4154,4.189,0.391,156,713,0,0,1
4155,4.2327,0.3594,156,713,0,0,1
4156,4.2033,0.5938,156,713,0,0,1
4157,4.0767,0.3635,156,713,0,0,1
4158,4.5091,0.4485,156,713,0,0,1
4159,3.7713,0.3656,156,713,0,0,1
4160,4.2338,0.2824,156,713,0,0,1
4161,4.299,0.5275,156,713,0,0,1
4162,4.0694,0.4985,156,713,0,0,1
4163,4.1279,0.3627,156,713,0,0,1
4164,4.1528,0.4044,156,713,0,0,1
4165,4.1163,0.3171,156,713,0,0,1
4166,4.5125,0.5094,156,713,0,0,1
4167,3.8607,0.3447,156,713,0,0,1
4168,4.2227,0.5069,156,713,0,0,1
4169,4.2702,0.2884,156,713,0,0,1
4170,4.0151,0.3663,156,713,0,0,1
4171,4.1917,0.4308,156,713,0,0,1
4172,4.1666,0.3831,156,713,0,0,1
4173,4.0913,0.5093,156,713,0,0,1
4174,4.2203,0.3742,156,713,0,0,1
4175,4.2472,0.4812,156,713,0,0,1
4176,4.148,0.289,156,713,0,0,1
4177,4.0695,0.3683,156,713,0,0,1
4178,4.2129,0.3274,156,713,0,0,1
4179,4.2058,0.4151,155,713,0,0,1
4180,4.1348,0.4492,155,713,0,0,1
4181,4.143,0.335,155,713,0,0,1
4182,4.1929,0.4114,154,713,0,0,1
4183,4.1326,0.4719,154,713,0,0,1
4184,4.2139,0.3865,154,713,0,0,1
4185,4.1589,0.3003,154,713,0,0,1
4186,4.3889,0.3625,154,713,0,0,1
4187,3.9516,0.5306,154,713,0,0,1
4188,4.2283,0.5303,153,713,0,0,1
4189,4.0604,0.3876,153,713,0,0,1
4190,4.4845,0.3977,153,713,0,0,1
4191,3.8514,0.3659,153,713,0,0,1
4192,4.4691,0.5476,152,713,0,0,1
4193,3.8517,0.5409,152,713,0,0,1
4194,4.2926,0.3052,151,713,0,0,1
4195,4.1141,0.4145,151,713,0,0,1
4196,4.1133,0.4076,151,713,0,0,1
4197,4.1665,0.3302,151,713,0,0,1
4198,4.123,0.3667,151,713,0,0,1
4199,4.194,0.4825,151,713,0,0,1
4200,4.2831,0.3255,151,713,0,0,1
4201,4.0533,0.5577,151,713,0,0,1
4202,4.2014,0.4061,151,713,0,0,1
4203,4.1867,0.5492,151,713,0,0,1
4204,4.1877,0.3664,151,713,0,0,1
4205,4.0721,0.4002,151,713,0,0,1
4206,4.2092,0.2929,148,713,0,0,1
4207,4.2652,0.5017,148,713,0,0,1
4208,4.0646,0.5713,148,713,0,0,1
4209,4.1808,0.6037,148,713,0,0,1
4210,4.1998,0.4083,148,713,0,0,1
4211,4.4103,0.5303,148,713,0,0,1
4212,3.9519,0.5988,148,713,0,0,1
4213,4.0449,0.3,148,713,0,0,1
4214,4.26,0.4081,148,713,0,0,1
4215,4.1394,0.3779,148,713,0,0,1
4216,4.1853,0.4641,148,713,0,0,1
4217,4.0892,0.5028,148,713,0,0,1
4218,4.1944,0.3461,148,713,0,0,1
4219,4.2286,0.3521,148,713,0,0,1
4220,4.0926,0.303,148,713,0,0,1
4221,4.1821,0.3617,148,713,0,0,1
4222,4.2638,0.5147,148,713,0,0,1
4223,4.0835,0.3459,148,713,0,0,1
4224,4.2845,0.3793,194,713,0,0,1
4225,3.992,0.3421,194,713,0,0,1
4226,4.3782,0.7359,194,713,0,0,1
4227,4.0033,0.3727,193,713,0,0,1
4228,4.1312,0.3882,193,713,0,0,1
4229,4.1882,0.3811,193,713,0,0,1
4230,4.1921,0.3116,193,713,0,0,1
4231,4.2518,0.6403,193,713,0,0,1
4232,4.0478,0.3371,193,713,0,0,1
4233,4.2308,0.3474,193,713,0,0,1
4234,4.1342,0.3197,193,713,0,0,1
4235,4.2671,0.4719,193,713,0,0,1
4236,4.0806,0.3683,193,713,0,0,1
4237,4.1004,0.3608,193,713,0,0,1
4238,4.2103,0.3328,193,713,0,0,1
4239,4.1982,0.4075,193,713,0,0,1
4240,4.1513,0.3539,193,713,0,0,1
4241,4.1365,0.395,193,713,0,0,1
4242,4.1834,0.3897,193,713,0,0,1
4243,4.1386,0.5557,193,713,0,0,1
4244,4.1802,0.3758,193,713,0,0,1
4245,4.294,0.6188,191,713,0,0,1
4246,4.8009,0.454,191,713,0,0,1
4247,3.5273,0.4542,191,713,0,0,1
4248,4.0722,0.533,191,713,0,0,1
4249,4.1154,0.3064,191,713,0,0,1
4250,4.2608,0.641,191,713,0,0,1
4251,4.0794,0.2891,191,713,0,0,1
4252,4.2366,0.4199,191,713,0,0,1
4253,4.1078,0.3053,191,713,0,0,1
4254,4.2573,0.4259,191,713,0,0,1
4255,4.1132,0.3219,191,713,0,0,1
4256,4.1907,0.3811,190,713,0,0,1
4257,4.2141,0.5359,190,713,0,0,1
4258,4.1578,0.6662,190,713,0,0,1
4259,4.1475,0.3778,190,713,0,0,1
4260,4.1736,0.5491,190,713,0,0,1
4261,4.0982,0.3378,190,713,0,0,1
4262,4.2004,0.5525,188,713,0,0,1
4263,4.0963,0.318,188,713,0,0,1
4264,4.2342,0.4339,188,713,0,0,1
4265,4.1873,0.6182,188,713,0,0,1
4266,4.1158,0.3805,188,713,0,0,1
4267,4.1942,0.412,188,713,0,0,1
4268,4.1558,0.3883,188,713,0,0,1
4269,4.1343,0.5129,188,713,0,0,1
4270,4.23,0.3341,188,713,0,0,1
4271,4.4296,0.4783,188,713,0,0,1
4272,3.9098,0.3144,188,713,0,0,1
4273,4.1051,0.386,188,713,0,0,1
4274,4.1985,0.3299,188,713,0,0,1
4275,4.2061,0.375,187,713,0,0,1
4276,4.3912,0.4539,187,713,0,0,1
4277,3.8773,0.372,187,713,0,0,1
4278,4.218,0.6836,187,713,0,0,1
4279,4.1225,0.3792,187,713,0,0,1
4280,4.1786,0.3112,187,713,0,0,1
4281,4.4133,0.3793,187,713,0,0,1
4282,4.0123,0.5909,186,713,0,0,1
4283,4.0896,0.3787,186,713,0,0,1
4284,4.1673,0.3824,186,713,0,0,1
4285,4.116,0.3543,186,713,0,0,1
4286,4.2789,0.3523,185,713,0,0,1
4287,4.1412,0.4182,185,713,0,0,1
4288,4.1013,0.366,185,713,0,0,1
4289,4.2389,0.6361,185,713,0,0,1
4290,4.1196,0.3472,185,713,0,0,1
4291,4.1239,0.3984,185,713,0,0,1
4292,4.2684,0.4108,184,713,0,0,1
4293,4.122,0.6242,184,713,0,0,1
4294,4.3119,0.3633,183,713,0,0,1
4295,4.1314,0.5257,183,713,0,0,1
4296,4.1797,0.3791,183,713,0,0,1
4297,3.9695,0.3484,182,713,0,0,1
4298,4.2572,0.4584,182,713,0,0,1
4299,4.1836,0.4207,181,713,0,0,1
4300,4.0699,0.5051,215,713,0,0,1
4301,4.3102,0.6857,215,713,0,0,1
4302,4.2998,0.5026,215,713,0,0,1
4303,3.9777,0.3529,215,713,0,0,1
4304,4.0984,0.3947,215,713,0,0,1
4305,4.2375,0.4514,215,713,0,0,1
4306,4.1633,0.442,215,713,0,0,1
4307,4.3927,0.5312,215,713,0,0,1
4308,3.9545,0.3608,215,713,0,0,1
4309,4.091,0.4037,215,713,0,0,1
4310,4.2024,0.3557,215,713,0,0,1
4311,4.23,0.4565,215,713,0,0,1
4312,4.1347,0.5237,215,713,0,0,1
4313,4.1781,0.665,215,713,0,0,1
4314,4.2776,0.5421,215,713,0,0,1
4315,4.04,0.3519,215,713,0,0,1
4316,4.1678,0.4011,215,713,0,0,1
4317,4.1651,0.4454,215,713,0,0,1
4318,4.1836,0.5866,215,713,0,0,1
4319,4.1859,0.3746,215,713,0,0,1
4320,4.1405,0.352,215,713,0,0,1
4321,4.1093,0.3936,215,713,0,0,1
4322,4.5607,0.5471,214,713,0,0,1
4323,3.7628,0.5437,214,713,0,0,1
4324,4.2311,0.5701,214,713,0,0,1
4325,4.0642,0.3641,214,713,0,0,1
4326,4.3079,0.5138,214,713,0,0,1
4327,4.054,0.3503,214,713,0,0,1
4328,4.245,0.4031,214,713,0,0,1
4329,4.0711,0.5084,212,713,0,0,1
4330,4.27,0.4156,212,713,0,0,1
4331,4.1554,0.3775,212,713,0,0,1
4332,4.2065,0.6547,211,713,0,0,1
4333,4.0352,0.3921,211,713,0,0,1
4334,4.1669,0.4737,210,713,0,0,1
4335,4.2726,0.6326,210,713,0,0,1
4336,4.115,0.3668,210,713,0,0,1
4337,4.1655,0.4036,209,713,0,0,1
4338,4.1605,0.574,208,713,0,0,1
4339,4.2898,0.561,208,713,0,0,1
4340,4.0398,0.4005,208,713,0,0,1
4341,4.1063,0.4465,208,713,0,0,1
4342,4.1784,0.4021,208,713,0,0,1
4343,4.332,0.3303,207,713,0,0,1
4344,4.4697,0.4541,207,713,0,0,1
4345,3.7371,0.3427,207,713,0,0,1
4346,4.1737,0.3942,207,713,0,0,1
4347,4.2525,0.4171,206,713,0,0,1
4348,4.1402,0.3575,206,713,0,0,1
4349,4.1046,0.3859,206,713,0,0,1
4350,4.1878,0.5267,206,713,0,0,1
4351,4.2039,0.551,206,713,0,0,1
4352,4.1234,0.3347,206,713,0,0,1
4353,4.2285,0.614,206,713,0,0,1
4354,4.098,0.4294,204,713,0,0,1
4355,4.2214,0.4509,204,713,0,0,1
4356,4.1356,0.4689,204,713,0,0,1
4357,4.1327,0.3089,203,713,0,0,1
4358,4.2161,0.5548,202,713,0,0,1
4359,4.1178,0.2983,202,713,0,0,1
4360,4.1969,0.4384,202,713,0,0,1
4361,4.1774,0.3401,202,713,0,0,1
4362,4.1353,0.491,202,713,0,0,1
4363,4.1443,0.5135,202,713,0,0,1
4364,4.1679,0.5634,202,713,0,0,1
4365,4.1998,0.3903,202,713,0,0,1
4366,4.2427,0.3512,201,713,0,0,1
4367,4.1878,0.5384,199,713,0,0,1
4368,4.1819,0.449,198,713,0,0,1
4369,4.0336,0.3899,198,713,0,0,1
4370,4.1999,0.4842,198,713,0,0,1
4371,4.1495,0.3825,198,713,0,0,1
4372,4.1551,0.3219,198,713,0,0,1
4373,4.1237,0.3576,197,713,0,0,1
4374,4.3506,0.6083,197,713,0,0,1
4375,4.0304,0.4027,197,713,0,0,1
4376,4.2055,0.4037,197,713,0,0,1
4377,4.1509,0.5035,243,713,0,0,1
4378,4.1717,0.4382,243,713,0,0,1
4379,4.2534,0.613,243,713,0,0,1
4380,4.2138,0.5716,243,713,0,0,1
4381,4.0393,0.6379,243,713,0,0,1
4382,4.4772,0.5258,243,713,0,0,1
4383,3.8279,0.3839,243,713,0,0,1
4384,4.2173,0.4834,243,713,0,0,1
4385,4.1021,0.3443,243,713,0,0,1
4386,4.2226,0.5773,243,713,0,0,1
4387,4.0765,0.4142,242,713,0,0,1
4388,4.1956,0.3474,242,713,0,0,1
4389,4.2194,0.6448,242,713,0,0,1
4390,4.2409,0.4542,242,713,0,0,1
4391,4.4028,0.4137,242,713,0,0,1
4392,3.8367,0.4035,242,713,0,0,1
4393,4.126,0.3617,242,713,0,0,1
4394,4.2491,0.3528,242,713,0,0,1
4395,4.1818,0.4208,242,713,0,0,1
4396,4.2115,0.4534,241,713,0,0,1
4397,4.0318,0.3281,241,713,0,0,1
4398,4.5144,0.4153,241,713,0,0,1
4399,3.904,0.3904,241,713,0,0,1
4400,4.1097,0.4286,241,713,0,0,1
4401,4.1769,0.6524,241,713,0,0,1
4402,4.2036,0.3406,241,713,0,0,1
4403,4.1774,0.4757,241,713,0,0,1
4404,4.1285,0.5224,241,713,0,0,1
4405,4.103,0.3625,241,713,0,0,1
4406,4.2914,0.5469,241,713,0,0,1
4407,4.1629,0.4305,241,713,0,0,1
4408,4.1757,0.6092,241,713,0,0,1
4409,4.1534,0.6499,241,713,0,0,1
4410,4.2266,0.549,240,713,0,0,1
4411,4.0509,0.3689,240,713,0,0,1
4412,4.124,0.4191,240,713,0,0,1
4413,4.4283,0.3567,240,713,0,0,1
4414,3.9984,0.6069,240,713,0,0,1
4415,4.18,0.6313,240,713,0,0,1
4416,4.0362,0.325,240,713,0,0,1
4417,4.2113,0.4192,240,713,0,0,1
4418,4.4506,0.4256,240,713,0,0,1
4419,3.9575,0.3402,239,713,0,0,1
4420,4.3375,0.8261,239,713,0,0,1
4421,3.9108,0.385,238,713,0,0,1
4422,4.2416,0.3793,237,713,0,0,1
4423,4.1296,0.4314,237,713,0,0,1
4424,4.1663,0.3937,235,713,0,0,1
4425,4.1325,0.4855,234,713,0,0,1
4426,4.3258,0.4158,234,713,0,0,1
4427,4.1257,0.5362,234,713,0,0,1
4428,4.0768,0.429,234,713,0,0,1
4429,4.1312,0.3695,234,713,0,0,1
4430,4.2096,0.3651,234,713,0,0,1
4431,4.2221,0.4322,234,713,0,0,1
4432,4.1452,0.4278,234,713,0,0,1
4433,4.2023,0.5128,234,713,0,0,1
4434,4.1289,0.4674,234,713,0,0,1
4435,4.2005,0.4234,234,713,0,0,1
4436,4.1898,0.4652,234,713,0,0,1
4437,4.0601,0.4059,234,713,0,0,1
4438,4.2044,0.3406,234,713,0,0,1
4439,4.3691,0.5548,234,713,0,0,1
4440,3.9765,0.3672,234,713,0,0,1
4441,4.0807,0.3451,234,713,0,0,1
4442,4.2225,0.4574,234,713,0,0,1
4443,4.2773,0.6016,234,713,0,0,1
4444,4.3085,0.6217,234,713,0,0,1
4445,3.8571,0.3831,233,713,0,0,1
4446,4.2464,0.5465,233,713,0,0,1
4447,4.3487,0.49,233,713,0,0,1
4448,4.0025,0.3723,233,713,0,0,1
4449,4.0876,0.4732,233,713,0,0,1
4450,4.2515,0.4345,232,713,0,0,1
4451,4.1843,0.3448,231,713,0,0,1
4452,4.1938,0.5743,231,713,0,0,1
4453,4.0516,0.4352,231,713,0,0,1
4454,4.1959,0.4932,265,713,0,0,1
4455,4.4986,0.3599,265,713,0,0,1
4456,3.8362,0.4491,265,713,0,0,1
4457,4.1304,0.3841,265,713,0,0,1
4458,4.1886,0.3911,265,713,0,0,1
4459,4.2207,0.4921,265,713,0,0,1
4460,4.1006,0.3772,265,713,0,0,1
4461,4.1809,0.5591,263,713,0,0,1
4462,4.3073,0.4635,263,713,0,0,1
4463,4.0157,0.4079,263,713,0,0,1
4464,4.1349,0.3557,263,713,0,0,1
4465,4.1765,0.4286,262,713,0,0,1
4466,4.2504,0.4904,262,713,0,0,1
4467,4.0898,0.43,262,713,0,0,1
4468,4.1844,0.3743,261,713,0,0,1
4469,4.1774,0.4513,260,713,0,0,1
4470,4.1561,0.5029,260,713,0,0,1
4471,4.2764,0.5578,260,713,0,0,1
4472,4.0746,0.4587,260,713,0,0,1
4473,4.1272,0.3893,260,713,0,0,1
4474,4.2278,0.3981,260,713,0,0,1
4475,4.1861,0.4903,260,713,0,0,1
4476,4.138,0.516,260,713,0,0,1
4477,4.1505,0.3444,260,713,0,0,1
4478,4.1734,0.4651,259,713,0,0,1
4479,4.1168,0.4163,259,713,0,0,1
4480,4.2383,0.4262,259,713,0,0,1
4481,4.1547,0.52,259,713,0,0,1
4482,4.1586,0.6545,259,713,0,0,1
4483,4.1762,0.6241,259,713,0,0,1
4484,4.16,0.3747,259,713,0,0,1
4485,4.1784,0.4476,258,713,0,0,1
4486,4.197,0.4368,258,713,0,0,1
4487,4.2343,0.5362,257,713,0,0,1
4488,4.0095,0.456,257,713,0,0,1
4489,4.1821,0.3857,256,713,0,0,1
4490,4.3007,0.56,256,713,0,0,1
4491,4.1334,0.6064,255,713,0,0,1
4492,4.4356,0.6362,255,713,0,0,1
4493,3.7722,0.3326,255,713,0,0,1
4494,4.1847,0.4563,255,713,0,0,1
4495,4.2575,0.4702,255,713,0,0,1
4496,4.1197,0.3723,255,713,0,0,1
4497,4.191,0.7114,255,713,0,0,1
4498,4.1864,0.4824,255,713,0,0,1
4499,4.1068,0.3432,254,713,0,0,1
4500,4.2115,0.4327,254,713,0,0,1
4501,4.0827,0.4172,254,713,0,0,1
4502,4.1676,0.6434,254,713,0,0,1
4503,4.2707,0.5206,254,713,0,0,1
4504,4.1422,0.4533,254,713,0,0,1
4505,4.1147,0.3772,254,713,0,0,1
4506,4.1519,0.3454,254,713,0,0,1
4507,4.2927,0.4418,253,713,0,0,1
4508,4.0979,0.3606,252,713,0,0,1
4509,4.1741,0.3501,252,713,0,0,1
4510,4.1219,0.7103,251,713,0,0,1
4511,4.2353,0.4509,251,713,0,0,1
4512,4.1159,0.38,251,713,0,0,1
4513,4.1211,0.4246,251,713,0,0,1
4514,4.4452,0.3616,251,713,0,0,1
4515,4.0073,0.6316,251,713,0,0,1
4516,4.4135,0.5859,244,713,0,0,1
4517,3.8429,0.3581,244,713,0,0,1
4518,4.1509,0.39,243,713,0,0,1
4519,4.2004,0.4583,242,713,0,0,1
4520,4.181,0.3219,242,713,0,0,1
4521,4.1406,0.5799,242,713,0,0,1
4522,4.2131,0.4846,241,713,0,0,1
4523,4.4049,0.4168,240,713,0,0,1
4524,3.9067,0.4631,240,713,0,0,1
4525,4.0962,0.3671,240,713,0,0,1
4526,4.2289,0.3842,240,713,0,0,1
4527,4.2107,0.4171,240,713,0,0,1
4528,4.2689,0.5446,240,713,0,0,1
4529,4.0111,0.3321,239,713,0,0,1
4530,4.1808,0.4235,239,713,0,0,1
4531,4.1607,0.5352,285,713,0,0,1
4532,4.1358,0.6249,285,713,0,0,1
4533,4.2095,0.7177,285,713,0,0,1
4534,4.2528,0.5887,285,713,0,0,1
4535,4.1295,0.4714,285,713,0,0,1
4536,4.0177,0.3747,285,713,0,0,1
4537,4.2321,0.4455,285,713,0,0,1
4538,4.197,0.4747,284,713,0,0,1
4539,4.2125,0.4097,283,713,0,0,1
4540,4.4129,0.7108,281,713,0,0,1
4541,3.8394,0.4455,281,713,0,0,1
4542,4.4777,0.5736,281,713,0,0,1
4543,3.9199,0.4649,281,713,0,0,1
4544,4.1184,0.4626,281,713,0,0,1
4545,4.155,0.454,281,713,0,0,1
4546,4.228,0.6076,281,713,0,0,1
4547,4.2152,0.4413,281,713,0,0,1
4548,4.1123,0.4342,281,713,0,0,1
4549,4.1001,0.4425,281,713,0,0,1
4550,4.2045,0.4598,281,713,0,0,1
4551,4.2221,0.3947,281,713,0,0,1
4552,4.1641,0.5865,281,713,0,0,1
4553,4.0658,0.6632,281,713,0,0,1
4554,4.2258,0.4579,281,713,0,0,1
4555,4.1591,0.4705,281,713,0,0,1
4556,4.1535,0.3632,281,713,0,0,1
4557,4.1094,0.6295,281,713,0,0,1
4558,4.2849,0.4141,281,713,0,0,1
4559,4.2362,0.3481,281,713,0,0,1
4560,4.0212,0.4085,281,713,0,0,1
4561,4.1562,0.4284,281,713,0,0,1
4562,4.2449,0.4567,281,713,0,0,1
4563,4.3604,0.3458,280,713,0,0,1
4564,4.1452,0.388,279,713,0,0,1
4565,3.9126,0.438,279,713,0,0,1
4566,4.2248,0.4351,279,713,0,0,1
4567,4.1781,0.3996,279,713,0,0,1
4568,4.2142,0.5758,279,713,0,0,1
4569,4.1175,0.7128,277,713,0,0,1
4570,4.4332,0.4147,277,713,0,0,1
4571,3.8883,0.5113,276,713,0,0,1
4572,4.2559,0.521,275,713,0,0,1
4573,4.0363,0.4472,275,713,0,0,1
4574,4.2478,0.4115,275,713,0,0,1
4575,4.1871,0.3906,274,713,0,0,1
4576,4.1304,0.5553,274,713,0,0,1
4577,4.0876,0.3975,274,713,0,0,1
4578,4.3336,0.5795,273,713,0,0,1
4579,4.078,0.536,273,713,0,0,1
4580,4.2155,0.6267,272,713,0,0,1
4581,4.3961,0.6848,271,713,0,0,1
4582,3.8918,0.3958,271,713,0,0,1
4583,4.3336,0.6706,270,713,0,0,1
4584,3.9054,0.4174,269,713,0,0,1
4585,4.1772,0.3633,269,713,0,0,1
4586,4.5674,0.4576,269,713,0,0,1
4587,4.1266,0.4595,269,713,0,0,1
4588,3.8355,0.4851,268,713,0,0,1
4589,4.1563,0.3423,268,713,0,0,1
4590,4.2344,0.761,266,713,0,0,1
4591,4.1861,0.4663,266,713,0,0,1
4592,4.1654,0.6798,259,713,0,0,1
4593,4.1164,0.5029,259,713,0,0,1
4594,4.2069,0.4816,259,713,0,0,1
4595,4.3083,0.6282,259,713,0,0,1
4596,4.0357,0.3368,259,713,0,0,1
4597,4.0925,0.4589,259,713,0,0,1
4598,4.2,0.4521,259,713,0,0,1
4599,4.155,0.3562,258,713,0,0,1
4600,4.211,0.473,258,713,0,0,1
4601,4.1413,0.7053,257,713,0,0,1
4602,4.1705,0.6507,256,713,0,0,1
4603,4.1698,0.5877,256,713,0,0,1
4604,4.2315,0.4338,256,713,0,0,1
4605,4.0672,0.5276,256,713,0,0,1
4606,4.2393,0.5527,256,713,0,0,1
4607,4.1087,0.4331,256,713,0,0,1
4608,4.1173,0.6561,290,713,0,0,1
4609,4.2149,0.3896,288,713,0,0,1
4610,4.1642,0.4164,288,713,0,0,1
4611,4.2247,0.6791,288,713,0,0,1
4612,4.0794,0.4831,288,713,0,0,1
4613,4.3755,0.3795,287,713,0,0,1
4614,3.95,0.4637,287,713,0,0,1
4615,4.2379,0.5403,287,713,0,0,1
4616,4.1808,0.4549,287,713,0,0,1
4617,4.0914,0.6085,287,713,0,0,1
4618,4.305,0.6542,287,713,0,0,1
4619,4.1111,0.4456,287,713,0,0,1
4620,4.128,0.6313,287,713,0,0,1
4621,4.1197,0.433,286,713,0,0,1
4622,4.334,0.6085,285,713,0,0,1
4623,4.0351,0.3533,285,713,0,0,1
4624,4.1892,0.7202,285,713,0,0,1
4625,4.1307,0.4701,285,713,0,0,1
4626,4.1687,0.5315,285,713,0,0,1
4627,4.131,0.5148,285,713,0,0,1
4628,4.2326,0.3784,285,713,0,0,1
4629,4.1842,0.6822,285,713,0,0,1
4630,4.1909,0.4799,285,713,0,0,1
4631,4.0692,0.3668,285,713,0,0,1
4632,4.2401,0.4052,285,713,0,0,1
4633,4.137,0.4491,285,713,0,0,1
4634,4.2184,0.6022,285,713,0,0,1
4635,4.1671,0.4903,285,713,0,0,1
4636,4.1926,0.4469,285,713,0,0,1
4637,4.4935,0.4536,285,713,0,0,1
4638,3.7426,0.4621,285,713,0,0,1
4639,4.1366,0.4605,285,713,0,0,1
4640,4.2285,0.3893,282,713,0,0,1
4641,4.1692,0.6859,282,713,0,0,1
4642,4.1979,0.5148,282,713,0,0,1
4643,4.1747,0.6161,281,713,0,0,1
4644,4.067,0.3661,280,713,0,0,1
4645,4.2064,0.466,280,713,0,0,1
4646,4.1598,0.4653,280,713,0,0,1
4647,4.229,0.6308,280,713,0,0,1
4648,4.1102,0.3665,280,713,0,0,1
4649,4.1273,0.4329,279,713,0,0,1
4650,4.2261,0.4271,278,713,0,0,1
4651,4.1032,0.3572,278,713,0,0,1
4652,4.23,0.3816,277,713,0,0,1
4653,4.1258,0.6405,277,713,0,0,1
4654,4.2136,0.5179,276,713,0,0,1
4655,4.1907,0.4161,276,713,0,0,1
4656,4.5284,0.6511,276,713,0,0,1
4657,3.8217,0.7016,276,713,0,0,1
4658,4.1988,0.4863,276,713,0,0,1
4659,4.1009,0.5017,276,713,0,0,1
4660,4.2236,0.5713,276,713,0,0,1
4661,4.0951,0.4979,276,713,0,0,1
4662,4.4429,0.4875,276,713,0,0,1
4663,4.158,0.4704,276,713,0,0,1
4664,4.0724,0.6887,276,713,0,0,1
4665,4.1288,0.6772,276,713,0,0,1
4666,4.0376,0.6052,276,713,0,0,1
4667,4.2325,0.5165,276,713,0,0,1
4668,4.2358,0.7029,275,713,0,0,1
4669,4.0554,0.5295,268,713,0,0,1
4670,4.1316,0.4855,268,713,0,0,1
4671,4.2608,0.3948,268,713,0,0,1
4672,4.1277,0.6979,267,713,0,0,1
4673,4.1022,0.6324,267,713,0,0,1
4674,4.2005,0.5575,267,713,0,0,1
4675,4.4002,0.4907,267,713,0,0,1
4676,3.8883,0.4665,266,713,0,0,1
4677,4.1537,0.567,266,713,0,0,1
4678,4.2757,0.6127,266,713,0,0,1
4679,4.1389,0.5184,266,713,0,0,1
4680,4.0879,0.4019,266,713,0,0,1
4681,4.1595,0.3617,265,713,0,0,1
4682,4.311,0.5009,265,713,0,0,1
4683,4.1302,0.4335,265,713,0,0,1
4684,4.155,0.7369,309,713,0,0,1
4685,4.1027,0.3793,307,713,0,0,1
4686,4.3869,0.5226,306,713,0,0,1
4687,4.0013,0.6102,306,713,0,0,1
4688,4.1929,0.4489,305,713,0,0,1
4689,4.0679,0.4675,305,713,0,0,1
4690,4.3016,0.6228,305,713,0,0,1
4691,4.334,0.5853,304,713,0,0,1
4692,3.9182,0.6883,304,713,0,0,1
4693,4.1184,0.4381,304,713,0,0,1
4694,4.1708,0.4162,304,713,0,0,1
4695,4.2649,0.3936,302,713,0,0,1
4696,4.1597,0.5708,301,713,0,0,1
4697,4.1235,0.7759,301,713,0,0,1
4698,4.1669,0.7203,300,713,0,0,1
4699,4.1406,0.4787,300,713,0,0,1
4700,4.1702,0.5732,300,713,0,0,1
4701,4.3675,0.5049,299,713,0,0,1
4702,4.0248,0.4752,299,713,0,0,1
4703,4.1562,0.7524,296,713,0,0,1
4704,4.0949,0.387,296,713,0,0,1
4705,4.1626,0.3773,296,713,0,0,1
4706,4.1918,0.4992,295,713,0,0,1
4707,4.4982,0.6273,295,713,0,0,1
4708,3.8797,0.622,295,713,0,0,1
4709,4.0942,0.6419,295,713,0,0,1
4710,4.358,0.6605,295,713,0,0,1
4711,4.1623,0.5097,295,713,0,0,1
4712,4.0385,0.4221,295,713,0,0,1
4713,4.072,0.3864,295,713,0,0,1
4714,4.2791,0.4075,295,713,0,0,1
4715,4.1586,0.4551,295,713,0,0,1
4716,4.2647,0.7854,295,713,0,0,1
4717,4.0037,0.3901,293,713,0,0,1
4718,4.169,0.5282,293,713,0,0,1
4719,4.1836,0.4655,292,713,0,0,1
4720,4.2171,0.544,290,713,0,0,1
4721,4.0775,0.4097,290,713,0,0,1
4722,4.1677,0.3539,289,713,0,0,1
4723,4.3557,0.3835,289,713,0,0,1
4724,4.0368,0.4842,289,713,0,0,1
4725,4.1139,0.674,289,713,0,0,1
4726,4.1994,0.3795,289,713,0,0,1
4727,4.4263,0.5506,289,713,0,0,1
4728,3.829,0.4477,289,713,0,0,1
4729,4.2251,0.425,289,713,0,0,1
4730,4.2406,0.421,288,713,0,0,1
4731,4.175,0.541,288,713,0,0,1
4732,4.4369,0.7284,288,713,0,0,1
4733,3.8639,0.4729,288,713,0,0,1
4734,4.1455,0.6601,288,713,0,0,1
4735,4.3855,0.5823,288,713,0,0,1
4736,3.9421,0.4694,288,713,0,0,1
4737,4.1537,0.6112,288,713,0,0,1
4738,4.4497,0.3824,288,713,0,0,1
4739,3.9718,0.4088,288,713,0,0,1
4740,4.1332,0.6238,288,713,0,0,1
4741,4.1194,0.4671,287,713,0,0,1
4742,4.4061,0.3642,286,713,0,0,1
4743,3.956,0.3543,286,713,0,0,1
4744,4.1798,0.5904,284,713,0,0,1
4745,4.1454,0.5721,284,713,0,0,1
4746,4.155,0.4662,277,713,0,0,1
4747,4.1717,0.5028,275,713,0,0,1
4748,4.1676,0.4607,275,713,0,0,1
4749,4.128,0.624,275,713,0,0,1
4750,4.1818,0.4158,275,713,0,0,1
4751,4.242,0.399,275,713,0,0,1
4752,4.0819,0.4579,275,713,0,0,1
4753,4.167,0.3776,275,713,0,0,1
4754,4.2825,0.5655,275,713,0,0,1
4755,4.1257,0.4631,273,713,0,0,1
4756,4.1899,0.5241,273,713,0,0,1
4757,4.0423,0.3685,273,713,0,0,1
4758,4.6034,0.5702,272,713,0,0,1
4759,3.7339,0.6609,271,713,0,0,1
4760,4.2147,0.3822,271,713,0,0,1
4761,4.1662,0.549,304,713,0,0,1
4762,4.2281,0.4313,304,713,0,0,1
4763,4.1087,0.4606,303,713,0,0,1
4764,4.2202,0.5226,303,713,0,0,1
4765,4.0765,0.545,302,713,0,0,1
4766,4.4642,0.38,302,713,0,0,1
4767,3.9623,0.592,302,713,0,0,1
4768,4.2135,0.6049,302,713,0,0,1
4769,4.0551,0.7525,302,713,0,0,1
4770,4.2347,0.5622,301,713,0,0,1
4771,4.3146,0.6222,301,713,0,0,1
4772,3.9863,0.3854,300,713,0,0,1
4773,4.1909,0.6852,300,713,0,0,1
4774,4.1852,0.494,299,713,0,0,1
4775,4.1228,0.4101,299,713,0,0,1
4776,4.1257,0.3805,299,713,0,0,1
4777,4.1886,0.3741,299,713,0,0,1
4778,4.1751,0.5741,299,713,0,0,1
4779,4.2165,0.4415,299,713,0,0,1
4780,4.3475,0.6508,299,713,0,0,1
4781,3.9125,0.3837,298,713,0,0,1
4782,4.1789,0.4778,298,713,0,0,1
4783,4.2111,0.6963,298,713,0,0,1
4784,4.1039,0.378,298,713,0,0,1
4785,4.1869,0.4528,297,713,0,0,1
4786,4.2502,0.6054,296,713,0,0,1
4787,4.1406,0.5599,296,713,0,0,1
4788,4.1361,0.4589,295,713,0,0,1
4789,4.1923,0.3803,294,713,0,0,1
4790,4.4818,0.3605,294,713,0,0,1
4791,3.8547,0.4557,294,713,0,0,1
4792,4.2721,0.599,294,713,0,0,1
4793,4.0493,0.7109,294,713,0,0,1
4794,4.1282,0.3641,293,713,0,0,1
4795,4.1806,0.4662,293,713,0,0,1
4796,4.1502,0.7178,293,713,0,0,1
4797,4.1823,0.6615,293,713,0,0,1
4798,4.2327,0.6132,292,713,0,0,1
4799,4.1434,0.4236,292,713,0,0,1
4800,4.117,0.4534,292,713,0,0,1
4801,4.1194,0.3858,292,713,0,0,1
4802,4.2325,0.3809,291,713,0,0,1
4803,4.2215,0.3777,291,713,0,0,1
4804,4.234,0.7197,290,713,0,0,1
4805,4.012,0.4352,289,713,0,0,1
4806,4.2378,0.4314,289,713,0,0,1
4807,4.1177,0.4003,288,713,0,0,1
4808,4.1576,0.4566,287,713,0,0,1
4809,4.1243,0.7005,287,713,0,0,1
4810,4.3016,0.6854,286,713,0,0,1
4811,4.115,0.4972,286,713,0,0,1
4812,4.1737,0.4937,286,713,0,0,1
4813,4.0782,0.4347,285,713,0,0,1
4814,4.4028,0.4467,284,713,0,0,1
4815,4.3014,0.3686,283,713,0,0,1
4816,3.8837,0.5609,282,713,0,0,1
4817,4.2362,0.4549,281,713,0,0,1
4818,4.1097,0.4595,281,713,0,0,1
4819,4.1464,0.3457,281,713,0,0,1
4820,4.1305,0.4525,281,713,0,0,1
4821,4.1982,0.7273,281,713,0,0,1
4822,4.1322,0.4351,281,713,0,0,1
4823,4.278,0.5644,274,713,0,0,1
4824,4.0135,0.4439,274,713,0,0,1
4825,4.1697,0.4978,273,713,0,0,1
4826,4.2195,0.4169,272,713,0,0,1
4827,4.2241,0.3859,271,713,0,0,1
4828,4.1606,0.6418,270,713,0,0,1
4829,4.0584,0.3905,270,713,0,0,1
4830,4.3117,0.6117,270,713,0,0,1
4831,4.1042,0.4114,269,713,0,0,1
4832,4.1307,0.4568,269,713,0,0,1
4833,4.1287,0.5101,269,713,0,0,1
4834,4.3501,0.592,268,713,0,0,1
4835,4.1728,0.5574,268,713,0,0,1
4836,4.1244,0.7668,268,713,0,0,1
4837,4.0285,0.3629,268,713,0,0,1
4838,4.2341,0.4374,313,713,0,0,1
4839,4.1259,0.4741,311,713,0,0,1
4840,4.224,0.5597,311,713,0,0,1
4841,4.1084,0.4424,311,713,0,0,1
4842,4.3044,0.6006,310,713,0,0,1
4843,4.0821,0.4457,310,713,0,0,1
4844,4.1021,0.5818,310,713,0,0,1
4845,4.229,0.4868,310,713,0,0,1
4846,4.1166,0.6611,309,713,0,0,1
4847,4.2352,0.6176,308,713,0,0,1
4848,4.1896,0.6155,307,713,0,0,1
4849,4.0681,0.3912,307,713,0,0,1
4850,4.1663,0.7112,307,713,0,0,1
4851,4.1858,0.4593,307,713,0,0,1
4852,4.222,0.5006,307,713,0,0,1
4853,4.0932,0.3669,307,713,0,0,1
4854,4.2376,0.592,307,713,0,0,1
4855,4.1356,0.6345,307,713,0,0,1
4856,4.1904,0.5012,307,713,0,0,1
4857,4.1496,0.6129,307,713,0,0,1
4858,4.1734,0.4287,307,713,0,0,1
4859,4.1859,0.4538,307,713,0,0,1
4860,4.2266,0.3733,307,713,0,0,1
4861,4.0835,0.4806,307,713,0,0,1
4862,8.5086,0.4956,307,713,0,0,1
4863,4.0081,0.4321,306,713,0,0,1
4864,4.1448,0.476,305,713,0,0,1
4865,4.1649,0.5553,304,713,0,0,1
4866,4.7457,0.5264,304,713,0,0,1
4867,3.6095,0.4505,304,713,0,0,1
4868,4.1022,0.592,304,713,0,0,1
4869,4.2508,0.4539,303,713,0,0,1
4870,4.2367,0.4013,302,713,0,0,1
4871,3.996,0.5763,302,713,0,0,1
4872,4.1789,0.6399,302,713,0,0,1
4873,4.216,0.692,302,713,0,0,1
4874,4.2903,0.4809,302,713,0,0,1
4875,4.0571,0.5438,302,713,0,0,1
4876,4.1234,0.4784,300,713,0,0,1
4877,4.253,0.6495,300,713,0,0,1
4878,4.1583,0.6324,300,713,0,0,1
4879,4.1567,0.7301,300,713,0,0,1
4880,4.2668,0.6721,300,713,0,0,1
4881,4.0854,0.5484,300,713,0,0,1
4882,4.1558,0.4877,300,713,0,0,1
4883,4.1143,0.3972,299,713,0,0,1
4884,4.1481,0.3623,299,713,0,0,1
4885,4.4201,0.4943,299,713,0,0,1
4886,3.935,0.4949,297,713,0,0,1
4887,4.1267,0.4819,297,713,0,0,1
4888,4.1294,0.3681,297,713,0,0,1
4889,4.2504,0.3831,296,713,0,0,1
4890,4.1492,0.5627,296,713,0,0,1
4891,4.1307,0.4326,296,713,0,0,1
4892,4.2045,0.6415,295,713,0,0,1
4893,4.2298,0.423,295,713,0,0,1
4894,4.1559,0.4516,295,713,0,0,1
4895,4.0653,0.4453,295,713,0,0,1
4896,4.2107,0.4158,294,713,0,0,1
4897,4.3652,0.6158,294,713,0,0,1
4898,4.0152,0.372,287,713,0,0,1
4899,4.3518,0.4895,286,713,0,0,1
4900,3.9238,0.4462,286,713,0,0,1
4901,4.2487,0.4408,286,713,0,0,1
4902,4.1129,0.3745,286,713,0,0,1
4903,4.2388,0.4495,286,713,0,0,1
4904,4.1863,0.6424,286,713,0,0,1
4905,4.1172,0.4412,286,713,0,0,1
4906,4.1766,0.4009,285,713,0,0,1
4907,4.1136,0.6852,285,713,0,0,1
4908,4.1452,0.4531,285,713,0,0,1
4909,4.3511,0.3694,285,713,0,0,1
4910,4.0518,0.3582,285,713,0,0,1
4911,4.1734,0.5397,285,713,0,0,1
4912,4.1333,0.7048,284,713,0,0,1
4913,4.1467,0.409,283,713,0,0,1
4914,4.2026,0.4499,317,713,0,0,1
4915,4.1174,0.3826,317,713,0,0,1
4916,4.1364,0.6769,317,713,0,0,1
4917,4.2612,0.5715,317,713,0,0,1
4918,4.1648,0.5604,317,713,0,0,1
4919,4.1054,0.3779,317,713,0,0,1
4920,4.1308,0.4354,317,713,0,0,1
4921,4.2187,0.4043,317,713,0,0,1
4922,4.2228,0.4919,317,713,0,0,1
4923,4.1798,0.6248,317,713,0,0,1
4924,4.113,0.7255,317,713,0,0,1
4925,4.1958,0.604,316,713,0,0,1
4926,4.1843,0.4193,316,713,0,0,1
4927,4.1731,0.3929,314,713,0,0,1
4928,4.0514,0.6713,313,713,0,0,1
4929,4.2763,0.7961,312,713,0,0,1
4930,4.3788,0.5323,311,713,0,0,1
4931,3.895,0.4204,311,713,0,0,1
4932,4.1392,0.3767,311,713,0,0,1
4933,4.4757,0.4166,311,713,0,0,1
4934,3.8709,0.5038,311,713,0,0,1
4935,4.2286,0.6053,311,713,0,0,1
4936,4.1809,0.6791,309,713,0,0,1
4937,4.094,0.3769,308,713,0,0,1
4938,4.1903,0.4232,308,713,0,0,1
4939,4.1071,0.4327,307,713,0,0,1
4940,4.1833,0.4494,307,713,0,0,1
4941,4.2383,0.6276,306,713,0,0,1
4942,4.1192,0.3642,306,713,0,0,1
4943,4.1476,0.3821,306,713,0,0,1
4944,4.1368,0.4762,305,713,0,0,1
4945,4.4866,0.4859,303,713,0,0,1
4946,3.9593,0.4027,303,713,0,0,1
4947,4.1437,0.5638,303,713,0,0,1
4948,4.0955,0.3722,302,713,0,0,1
4949,4.5291,0.6334,301,713,0,0,1
4950,3.8893,0.4817,301,713,0,0,1
4951,4.14,0.377,301,713,0,0,1
4952,4.1236,0.3647,301,713,0,0,1
4953,4.2437,0.4725,300,713,0,0,1
4954,4.2095,0.615,298,713,0,0,1
4955,4.0406,0.7604,298,713,0,0,1
4956,4.1831,0.36,298,713,0,0,1
4957,4.4711,0.4043,298,713,0,0,1
4958,3.9141,0.5465,298,713,0,0,1
4959,4.0984,0.4255,298,713,0,0,1
4960,4.1395,0.4389,298,713,0,0,1
4961,4.4873,0.5831,297,713,0,0,1
4962,3.9565,0.5074,296,713,0,0,1
4963,4.101,0.4713,296,713,0,0,1
4964,4.1514,0.4967,296,713,0,0,1
4965,4.2476,0.3841,295,713,0,0,1
4966,4.2572,0.6071,294,713,0,0,1
4967,4.1023,0.606,294,713,0,0,1
4968,4.0672,0.4314,294,713,0,0,1
4969,4.1536,0.3566,294,713,0,0,1
4970,4.1943,0.4022,293,713,0,0,1
4971,4.1951,0.4801,293,713,0,0,1
4972,4.0864,0.4219,292,713,0,0,1
4973,4.2664,0.6756,292,713,0,0,1
4974,4.1172,0.362,292,713,0,0,1
4975,4.2284,0.4549,285,713,0,0,1
4976,4.0788,0.5875,285,713,0,0,1
4977,4.2554,0.4342,285,713,0,0,1
4978,4.1129,0.5639,284,713,0,0,1
4979,4.1566,0.6748,284,713,0,0,1
4980,4.144,0.4216,283,713,0,0,1
4981,4.374,0.5032,282,713,0,0,1
4982,3.9992,0.3546,281,713,0,0,1
4983,4.1853,0.6042,281,713,0,0,1
4984,4.0628,0.481,281,713,0,0,1
4985,4.2586,0.68,279,713,0,0,1
4986,4.2826,0.6048,279,713,0,0,1
4987,4.0346,0.4479,279,713,0,0,1
4988,4.1361,0.5909,279,713,0,0,1
4989,4.2702,0.5361,278,713,0,0,1
4990,4.1709,0.427,277,713,0,0,1
4991,3.999,0.7074,322,713,0,0,1
4992,4.2171,0.466,322,713,0,0,1
4993,4.2598,0.5089,322,713,0,0,1
4994,4.1292,0.409,322,713,0,0,1
4995,4.1701,0.4235,322,713,0,0,1
4996,4.1369,0.3913,322,713,0,0,1
4997,4.1998,0.7419,322,713,0,0,1
4998,4.2138,0.606,322,713,0,0,1
4999,4.1392,0.4164,321,713,0,0,1
5000,4.1372,0.4337,321,713,0,0,1
5001,4.197,0.5349,321,713,0,0,1
5002,4.1163,0.3794,321,713,0,0,1
5003,4.1899,0.5199,321,713,0,0,1
5004,4.1524,0.4801,321,713,0,0,1
5005,4.4688,0.4978,321,713,0,0,1
5006,3.8966,0.3945,321,713,0,0,1
5007,4.157,0.4219,321,713,0,0,1
5008,4.1172,0.4208,321,713,0,0,1
5009,4.2151,0.5156,321,713,0,0,1
5010,4.1745,0.4599,321,713,0,0,1
5011,4.2119,0.6809,320,713,0,0,1
5012,4.0881,0.3901,319,713,0,0,1
5013,4.2442,0.4344,319,713,0,0,1
5014,4.1014,0.4234,319,713,0,0,1
5015,4.163,0.4587,319,713,0,0,1
5016,4.1552,0.7125,318,713,0,0,1
5017,4.2247,0.6394,318,713,0,0,1
5018,4.4418,0.5082,317,713,0,0,1
5019,3.9134,0.4462,317,713,0,0,1
5020,4.095,0.3886,317,713,0,0,1
5021,4.2811,0.7161,315,713,0,0,1
5022,4.1117,0.8436,315,713,0,0,1
5023,4.12,0.4602,313,713,0,0,1
5024,4.1509,0.5672,313,713,0,0,1
5025,4.2292,0.4325,313,713,0,0,1
5026,4.2329,0.9343,313,713,0,0,1
5027,4.0868,0.4797,312,713,0,0,1
5028,4.1057,0.4403,312,713,0,0,1
5029,4.372,0.5044,312,713,0,0,1
5030,4.3942,0.4119,312,713,0,0,1
5031,3.7917,0.4219,311,713,0,0,1
5032,4.1628,0.5596,311,713,0,0,1
5033,4.1373,0.4922,309,713,0,0,1
5034,4.4956,0.4858,309,713,0,0,1
5035,3.8373,0.4329,309,713,0,0,1
5036,4.2645,0.666,307,713,0,0,1
5037,4.1363,0.4703,306,713,0,0,1
5038,4.4291,0.5308,306,713,0,0,1
5039,3.8302,0.4401,305,713,0,0,1
5040,4.152,0.3939,304,713,0,0,1
5041,4.4011,0.6275,302,713,0,0,1
5042,3.9515,0.457,302,713,0,0,1
5043,4.2411,0.748,302,713,0,0,1
5044,4.1007,0.4512,302,713,0,0,1
5045,4.6695,0.4465,302,713,0,0,1
5046,4.0028,0.3606,300,713,0,0,1
5047,3.8798,0.3845,299,713,0,0,1
5048,4.1536,0.7194,299,713,0,0,1
5049,4.2022,0.7668,299,713,0,0,1
5050,4.3533,0.5166,298,713,0,0,1
5051,3.9307,0.4162,298,713,0,0,1
5052,4.1077,0.3733,291,713,0,0,1
5053,4.3867,0.6122,290,713,0,0,1
5054,4.0728,0.4258,290,713,0,0,1
5055,4.1876,0.6232,290,713,0,0,1
5056,4.1157,0.5578,290,713,0,0,1
5057,4.1816,0.5227,290,713,0,0,1
5058,4.1391,0.5316,288,713,0,0,1
5059,4.1186,0.4122,288,713,0,0,1
5060,4.1576,0.3532,288,713,0,0,1
5061,4.2942,0.9579,288,713,0,0,1
5062,4.1222,0.5437,288,713,0,0,1
5063,4.0481,0.3738,288,713,0,0,1
5064,4.2,0.3841,288,713,0,0,1
5065,4.4448,0.3892,288,713,0,0,1
5066,3.9903,0.5022,286,713,0,0,1
5067,4.1265,0.8417,320,713,0,0,1
5068,4.1175,0.4644,318,713,0,0,1
5069,4.2352,0.677,317,713,0,0,1
5070,4.1649,0.4315,316,713,0,0,1
5071,4.0826,0.4136,315,713,0,0,1
5072,4.1516,0.7223,315,713,0,0,1
5073,4.266,0.7589,314,713,0,0,1
5074,4.1882,0.4111,314,713,0,0,1
5075,4.1386,0.4235,313,713,0,0,1
5076,4.0915,0.3758,313,713,0,0,1
5077,4.5395,0.4001,313,713,0,0,1
5078,3.8955,0.7309,312,713,0,0,1
5079,4.133,0.7248,311,713,0,0,1
5080,4.2143,0.7041,311,713,0,0,1
5081,4.1257,0.4335,311,713,0,0,1
5082,4.2179,0.4524,311,713,0,0,1
5083,4.0323,0.4577,310,713,0,0,1
5084,4.1727,0.8457,309,713,0,0,1
5085,4.1999,0.4767,309,713,0,0,1
5086,4.2673,0.6946,309,713,0,0,1
5087,4.0314,0.4238,309,713,0,0,1
5088,4.1464,0.4292,308,713,0,0,1
5089,4.2686,0.5332,308,713,0,0,1
5090,4.1152,0.5819,308,713,0,0,1
5091,4.2209,0.5777,308,713,0,0,1
5092,4.1015,0.3743,308,713,0,0,1
5093,4.1661,0.4091,308,713,0,0,1
5094,4.1844,0.5157,308,713,0,0,1
5095,4.1355,0.4493,308,713,0,0,1
5096,4.6316,0.4842,308,713,0,0,1
5097,3.7911,0.3952,308,713,0,0,1
5098,4.2649,0.3856,308,713,0,0,1
5099,4.4563,0.5055,308,713,0,0,1
5100,3.7496,0.4597,307,713,0,0,1
5101,4.5536,0.5179,305,713,0,0,1
5102,3.8289,0.4269,304,713,0,0,1
5103,4.2028,0.3927,304,713,0,0,1
5104,4.0273,0.4324,303,713,0,0,1
5105,4.2373,0.701,302,713,0,0,1
5106,4.127,0.4088,300,713,0,0,1
5107,4.1269,0.3887,300,713,0,0,1
5108,4.1771,0.3572,300,713,0,0,1
5109,4.253,0.4471,300,713,0,0,1
5110,4.2121,0.7128,300,713,0,0,1
5111,4.0913,0.6356,298,713,0,0,1
5112,4.1226,0.4505,298,713,0,0,1
5113,4.2257,0.6396,297,713,0,0,1
5114,4.1518,0.3777,296,713,0,0,1
5115,4.1799,0.576,295,713,0,0,1
5116,4.1004,0.4499,295,713,0,0,1
5117,4.2818,0.6592,295,713,0,0,1
5118,4.1892,0.5878,295,713,0,0,1
5119,4.0608,0.4637,295,713,0,0,1
5120,4.128,0.6525,295,713,0,0,1
5121,4.2231,0.5981,294,713,0,0,1
5122,4.1941,0.4697,294,713,0,0,1
5123,4.1412,0.5585,294,713,0,0,1
5124,4.1115,0.4375,294,713,0,0,1
5125,4.3384,0.4824,294,713,0,0,1
5126,4.0367,0.3981,293,713,0,0,1
5127,4.2127,0.4214,293,713,0,0,1
5128,4.1405,0.5021,293,713,0,0,1
5129,4.1561,0.7525,285,713,0,0,1
5130,4.1151,0.619,285,713,0,0,1
5131,4.201,0.3703,285,713,0,0,1
5132,4.1311,0.527,285,713,0,0,1
5133,4.2746,0.5408,285,713,0,0,1
5134,4.1371,0.5625,285,713,0,0,1
5135,4.1361,0.4735,285,713,0,0,1
5136,4.1506,0.3656,285,713,0,0,1
5137,4.2853,0.7525,285,713,0,0,1
5138,4.0352,0.5295,284,713,0,0,1
5139,4.2446,0.4857,284,713,0,0,1
5140,4.0752,0.5002,283,713,0,0,1
5141,4.4396,0.7136,282,713,0,0,1
5142,3.9657,0.6911,282,713,0,0,1
5143,4.1616,0.3999,279,713,0,0,1
5144,4.1166,0.5586,324,713,0,0,1
5145,4.1953,0.3985,324,713,0,0,1
5146,4.2626,0.5385,324,713,0,0,1
5147,4.109,0.5755,323,713,0,0,1
5148,4.1086,0.452,323,713,0,0,1
5149,4.5316,0.4707,323,713,0,0,1
5150,3.8472,0.4058,323,713,0,0,1
5151,4.1486,0.4335,321,713,0,0,1
5152,4.1287,0.4588,321,713,0,0,1
5153,4.5005,0.5869,321,713,0,0,1
5154,3.7867,0.4567,321,713,0,0,1
5155,4.2351,0.4446,320,713,0,0,1
5156,4.1966,0.7272,320,713,0,0,1
5157,4.2007,0.4279,318,713,0,0,1
5158,4.4883,0.5834,317,713,0,0,1
5159,3.8962,0.6266,317,713,0,0,1
5160,4.0392,0.5211,316,713,0,0,1
5161,4.2344,0.4703,315,713,0,0,1
5162,4.111,0.457,315,713,0,0,1
5163,4.2126,0.432,314,713,0,0,1
5164,4.1439,0.6252,314,713,0,0,1
5165,4.273,0.6289,313,713,0,0,1
5166,4.051,0.4887,313,713,0,0,1
5167,4.1656,0.4596,312,713,0,0,1
5168,4.235,0.6986,312,713,0,0,1
5169,4.1285,0.4276,310,713,0,0,1
5170,4.1532,0.4327,310,713,0,0,1
5171,4.1675,0.6684,308,713,0,0,1
5172,4.1088,0.4776,308,713,0,0,1
5173,4.5087,0.4526,307,713,0,0,1
5174,3.9334,0.6855,307,713,0,0,1
5175,4.1405,0.4223,307,713,0,0,1
5176,4.0866,0.5459,306,713,0,0,1
5177,4.3245,0.5833,306,713,0,0,1
5178,4.1315,0.4044,305,713,0,0,1
5179,4.0478,0.3577,305,713,0,0,1
5180,4.1656,0.5301,305,713,0,0,1
5181,4.3796,0.8385,305,713,0,0,1
5182,3.9766,0.4511,303,713,0,0,1
5183,4.2271,0.4901,303,713,0,0,1
5184,4.0867,0.4095,303,713,0,0,1
5185,4.2453,0.4033,303,713,0,0,1
5186,4.1124,0.4561,303,713,0,0,1
5187,4.1956,0.6842,302,713,0,0,1
5188,4.3863,0.5874,302,713,0,0,1
5189,4.0109,0.4213,302,713,0,0,1
5190,4.1336,0.4238,302,713,0,0,1
5191,4.1276,0.6754,302,713,0,0,1
5192,4.3223,0.4849,302,713,0,0,1
5193,4.0564,0.4119,302,713,0,0,1
5194,4.1503,0.4031,302,713,0,0,1
5195,4.1336,0.4218,301,713,0,0,1
5196,4.1193,0.4461,301,713,0,0,1
5197,4.3815,0.4464,301,713,0,0,1
5198,4.0596,0.4697,300,713,0,0,1
5199,4.1557,0.639,299,713,0,0,1
5200,4.1229,0.4818,299,713,0,0,1
5201,4.2072,0.5501,299,713,0,0,1
5202,4.0758,0.6219,299,713,0,0,1
5203,4.1943,0.3631,298,713,0,0,1
5204,4.1563,0.6616,298,713,0,0,1
5205,4.2471,0.4825,297,713,0,0,1
5206,4.2379,0.6427,290,713,0,0,1
5207,4.0216,0.4513,290,713,0,0,1
5208,4.1588,0.4186,290,713,0,0,1
5209,4.2029,0.4691,290,713,0,0,1
5210,4.1893,0.5113,290,713,0,0,1
5211,4.1398,0.6444,290,713,0,0,1
5212,4.2039,0.6663,290,713,0,0,1
5213,4.182,0.6686,290,713,0,0,1
5214,4.1748,0.4973,289,713,0,0,1
5215,4.076,0.3847,289,713,0,0,1
5216,4.2265,0.6287,289,713,0,0,1
5217,4.1815,0.3873,289,713,0,0,1
5218,4.2996,0.569,289,713,0,0,1
5219,4.0306,0.8658,286,713,0,0,1
5220,4.1194,0.3535,286,713,0,0,1
5221,4.6688,0.3888,320,713,0,0,1
5222,3.7133,0.5711,320,713,0,0,1
5223,4.1891,0.4936,320,713,0,0,1
5224,4.2088,0.437,318,713,0,0,1
5225,4.1527,0.6426,317,713,0,0,1
5226,4.1765,0.4261,316,713,0,0,1
5227,4.0625,0.3766,315,713,0,0,1
5228,4.1438,0.4739,315,713,0,0,1
5229,4.2374,0.5123,313,713,0,0,1
5230,4.1692,0.6916,313,713,0,0,1
5231,4.2384,0.6308,313,713,0,0,1
5232,4.0227,0.4223,313,713,0,0,1
5233,4.244,0.453,313,713,0,0,1
5234,4.1106,0.4684,313,713,0,0,1
5235,4.1653,0.4304,313,713,0,0,1
5236,4.1447,0.384,313,713,0,0,1
5237,4.2264,0.6217,313,713,0,0,1
5238,4.1622,0.3769,312,713,0,0,1
5239,4.1307,0.4585,312,713,0,0,1
5240,4.2006,0.6504,312,713,0,0,1
5241,4.1941,0.4563,312,713,0,0,1
5242,4.0936,0.3598,312,713,0,0,1
5243,4.2794,0.6586,311,713,0,0,1
5244,4.0571,0.378,310,713,0,0,1
5245,4.4549,0.4858,310,713,0,0,1
5246,3.9411,0.6377,310,713,0,0,1
5247,4.4541,0.6393,310,713,0,0,1
5248,3.8159,0.4298,310,713,0,0,1
5249,4.2476,0.6086,310,713,0,0,1
5250,4.0641,0.4385,310,713,0,0,1
5251,4.2011,0.4737,310,713,0,0,1
5252,4.1536,0.4118,310,713,0,0,1
5253,4.1557,0.3915,307,713,0,0,1
5254,4.1926,0.4272,307,713,0,0,1
5255,4.1202,0.4536,306,713,0,0,1
5256,4.2519,0.6911,306,713,0,0,1
5257,4.1824,0.5097,306,713,0,0,1
5258,4.1588,0.4224,306,713,0,0,1
5259,4.222,0.544,306,713,0,0,1
5260,4.0536,0.4665,305,713,0,0,1
5261,4.2525,0.7161,303,713,0,0,1
5262,4.1535,0.4193,303,713,0,0,1
5263,4.1064,0.3623,302,713,0,0,1
5264,4.181,0.4064,300,713,0,0,1
5265,4.2174,0.515,300,713,0,0,1
5266,4.1582,0.4876,299,713,0,0,1
5267,4.1582,0.5872,298,713,0,0,1
5268,4.1249,0.3711,298,713,0,0,1
5269,4.2982,0.3743,298,713,0,0,1
5270,4.0603,0.45,298,713,0,0,1
5271,4.4888,0.5068,296,713,0,0,1
5272,3.7762,0.5699,295,713,0,0,1
5273,4.4421,0.3728,295,713,0,0,1
5274,4.0765,0.4012,295,713,0,0,1
5275,4.0204,0.4592,295,713,0,0,1
5276,4.1645,0.4356,295,713,0,0,1
5277,4.236,0.419,293,713,0,0,1
5278,4.1297,0.4069,293,713,0,0,1
5279,4.1362,0.4602,293,713,0,0,1
5280,4.1713,0.7259,292,713,0,0,1
5281,4.2382,0.5889,292,713,0,0,1
5282,4.124,0.3538,285,713,0,0,1
5283,4.1988,0.5377,285,713,0,0,1
5284,4.099,0.4544,285,713,0,0,1
5285,4.2741,0.4506,285,713,0,0,1
5286,4.1172,0.5082,285,713,0,0,1
5287,4.1179,0.4301,285,713,0,0,1
5288,4.1439,0.4821,284,713,0,0,1
5289,4.2427,0.4505,284,713,0,0,1
5290,4.0935,0.3485,284,713,0,0,1
5291,4.2451,0.4607,283,713,0,0,1
5292,4.0973,0.5758,283,713,0,0,1
5293,4.4162,0.4511,283,713,0,0,1
5294,3.9732,0.4412,283,713,0,0,1
5295,4.5094,0.5391,282,713,0,0,1
5296,3.7586,0.4927,281,713,0,0,1
5297,4.2551,0.4797,281,713,0,0,1
5298,4.0856,0.3826,327,713,0,0,1
5299,4.2433,0.3837,326,713,0,0,1
5300,4.1882,0.7111,326,713,0,0,1
5301,4.1265,0.5135,326,713,0,0,1
5302,4.1821,0.512,324,713,0,0,1
5303,4.1501,0.5281,323,713,0,0,1
5304,4.1204,0.4094,322,713,0,0,1
5305,4.1737,0.6279,321,713,0,0,1
5306,4.2356,0.4064,320,713,0,0,1
5307,4.0913,0.4968,320,713,0,0,1
5308,4.1362,0.6922,320,713,0,0,1
5309,4.3105,0.6231,320,713,0,0,1
5310,4.1064,0.5655,319,713,0,0,1
5311,4.1053,0.4055,319,713,0,0,1
5312,4.2142,0.6562,319,713,0,0,1
5313,4.2766,0.6806,318,713,0,0,1
5314,4.1253,0.59,317,713,0,0,1
5315,4.1125,0.5884,317,713,0,0,1
5316,4.1369,0.4083,317,713,0,0,1
5317,4.4231,0.3834,315,713,0,0,1
5318,3.9638,0.3787,315,713,0,0,1
5319,4.1442,0.6375,315,713,0,0,1
5320,4.1349,0.6276,315,713,0,0,1
5321,4.2596,0.6529,313,713,0,0,1
5322,4.115,0.4118,313,713,0,0,1
5323,4.0814,0.5237,313,713,0,0,1
5324,4.2592,0.5535,312,713,0,0,1
5325,4.1088,0.7223,312,713,0,0,1
5326,4.2248,0.486,312,713,0,0,1
5327,4.0955,0.3876,312,713,0,0,1
5328,4.7791,0.3734,312,713,0,0,1
5329,3.5387,0.3794,312,713,0,0,1
5330,4.2167,0.5009,312,713,0,0,1
5331,4.3433,0.4466,312,713,0,0,1
5332,3.9642,0.5866,311,713,0,0,1
5333,4.2433,0.4201,311,713,0,0,1
5334,4.1361,0.4157,310,713,0,0,1
5335,4.144,0.4607,310,713,0,0,1
5336,4.1761,0.4662,310,713,0,0,1
5337,4.1473,0.4442,309,713,0,0,1
5338,4.3191,0.6404,309,713,0,0,1
5339,4.0852,0.3798,308,713,0,0,1
5340,4.071,0.387,308,713,0,0,1
5341,4.1726,0.4926,308,713,0,0,1
5342,4.211,0.4874,307,713,0,0,1
5343,4.1661,0.6112,307,713,0,0,1
5344,4.2469,0.6796,307,713,0,0,1
5345,4.0908,0.682,306,713,0,0,1
5346,4.7903,0.461,306,713,0,0,1
5347,3.553,0.4237,305,713,0,0,1
5348,4.0752,0.3599,305,713,0,0,1
5349,4.2344,0.4043,305,713,0,0,1
5350,4.2453,0.6205,305,713,0,0,1
5351,4.0481,0.6593,305,713,0,0,1
5352,4.196,0.413,305,713,0,0,1
5353,4.4136,0.5933,305,713,0,0,1
5354,4.0001,0.5805,305,713,0,0,1
5355,4.0967,0.6532,304,713,0,0,1
5356,4.1901,0.4596,304,713,0,0,1
5357,4.3325,0.7195,304,713,0,0,1
5358,4.0213,0.4122,304,713,0,0,1
5359,4.1305,0.373,297,713,0,0,1
5360,4.2088,0.4461,296,713,0,0,1
5361,4.2453,0.4545,296,713,0,0,1
5362,4.03,0.3998,295,713,0,0,1
5363,4.2169,0.5717,295,713,0,0,1
5364,4.1255,0.3934,295,713,0,0,1
5365,4.1271,0.4981,293,713,0,0,1
5366,4.2305,0.4215,293,713,0,0,1
5367,4.1345,0.45,293,713,0,0,1
5368,4.1244,0.4175,293,713,0,0,1
5369,4.319,0.5992,293,713,0,0,1
5370,4.1014,0.7108,292,713,0,0,1
5371,4.1084,0.3864,291,713,0,0,1
5372,4.1747,0.4507,291,713,0,0,1
5373,4.1409,0.3807,291,713,0,0,1
5374,4.1884,0.4436,289,713,0,0,1
5375,4.1924,0.7347,322,713,0,0,1
5376,4.1411,0.8859,322,713,0,0,1
5377,4.2414,0.4533,321,713,0,0,1
5378,4.0957,0.6454,321,713,0,0,1
5379,4.2231,0.5525,320,713,0,0,1
5380,4.1009,0.5227,319,713,0,0,1
5381,4.3861,0.7677,319,713,0,0,1
5382,4.0815,0.6378,319,713,0,0,1
5383,4.043,0.3766,319,713,0,0,1
5384,4.149,0.4197,319,713,0,0,1
5385,4.2437,0.4448,319,713,0,0,1
5386,4.104,0.6834,319,713,0,0,1
5387,4.2342,0.4991,319,713,0,0,1
5388,4.1047,0.441,318,713,0,0,1
5389,4.1637,0.465,318,713,0,0,1
5390,4.1829,0.3883,318,713,0,0,1
5391,4.2048,0.4461,318,713,0,0,1
5392,4.0911,0.4929,318,713,0,0,1
5393,4.1952,0.6863,318,713,0,0,1
5394,4.1429,0.6352,318,713,0,0,1
5395,4.1934,0.4248,318,713,0,0,1
5396,4.1738,0.4445,317,713,0,0,1
5397,4.223,0.4259,317,713,0,0,1
5398,4.227,0.6172,317,713,0,0,1
5399,4.3104,0.4715,316,713,0,0,1
5400,3.941,0.7649,316,713,0,0,1
5401,4.2438,0.6699,316,713,0,0,1
5402,4.069,0.3925,316,713,0,0,1
5403,4.2095,0.4242,316,713,0,0,1
5404,4.0741,0.5395,314,713,0,0,1
5405,4.2742,0.6258,314,713,0,0,1
5406,4.1479,0.6839,314,713,0,0,1
5407,4.1168,0.441,313,713,0,0,1
5408,4.1498,0.4731,312,713,0,0,1
5409,4.2485,0.4593,312,713,0,0,1
5410,4.1027,0.3767,311,713,0,0,1
5411,4.1673,0.5173,311,713,0,0,1
5412,4.2156,0.4837,311,713,0,0,1
5413,4.2128,0.696,311,713,0,0,1
5414,4.1331,0.3955,310,713,0,0,1
5415,4.2108,0.5981,310,713,0,0,1
5416,4.0555,0.4359,309,713,0,0,1
5417,4.221,0.745,308,713,0,0,1
5418,4.0575,0.4542,308,713,0,0,1
5419,4.1873,0.3984,308,713,0,0,1
5420,4.1682,0.5524,308,713,0,0,1
5421,4.2527,0.6195,307,713,0,0,1
5422,4.117,0.4144,307,713,0,0,1
5423,4.2218,0.5085,306,713,0,0,1
5424,4.0656,0.5064,305,713,0,0,1
5425,4.2196,0.402,304,713,0,0,1
5426,4.233,0.3586,302,713,0,0,1
5427,4.1234,0.4629,301,713,0,0,1
5428,4.1061,0.8044,301,713,0,0,1
5429,4.2812,0.6067,300,713,0,0,1
5430,4.0978,0.3925,300,713,0,0,1
5431,4.1209,0.3631,300,713,0,0,1
5432,4.1705,0.4111,300,713,0,0,1
5433,4.2194,0.4648,300,713,0,0,1
5434,4.1984,0.4844,300,713,0,0,1
5435,4.1252,0.3982,299,713,0,0,1
5436,4.1482,0.3801,292,713,0,0,1
5437,4.0846,0.4327,291,713,0,0,1
5438,4.3235,0.5856,291,713,0,0,1
5439,4.1158,0.4596,291,713,0,0,1
5440,4.1946,0.5172,291,713,0,0,1
5441,4.1996,0.4292,291,713,0,0,1
5442,4.0415,0.436,291,713,0,0,1
5443,4.2474,0.4244,291,713,0,0,1
5444,4.1164,0.5171,290,713,0,0,1
5445,4.3673,0.5549,290,713,0,0,1
5446,4.0368,0.4915,290,713,0,0,1
5447,4.1324,0.4127,290,713,0,0,1
5448,4.131,0.3855,290,713,0,0,1
5449,4.195,0.3908,288,713,0,0,1
5450,4.2432,0.4869,286,713,0,0,1
5451,4.1557,0.6652,332,713,0,0,1
5452,4.126,0.488,332,713,0,0,1
5453,4.2484,0.5901,332,713,0,0,1
5454,4.0784,0.4245,332,713,0,0,1
5455,4.1348,0.3974,330,713,0,0,1
5456,4.1525,0.4066,330,713,0,0,1
5457,4.2679,0.7517,330,713,0,0,1
5458,4.3317,0.7212,330,713,0,0,1
5459,3.9933,0.7232,330,713,0,0,1
5460,4.0869,0.39,330,713,0,0,1
5461,4.161,0.3796,330,713,0,0,1
5462,4.2265,0.492,330,713,0,0,1
5463,4.1847,0.5735,330,713,0,0,1
5464,4.2503,0.6891,329,713,0,0,1
5465,4.0763,0.5417,329,713,0,0,1
5466,4.0615,0.4309,329,713,0,0,1
5467,4.189,0.3776,329,713,0,0,1
5468,4.1584,0.5426,329,713,0,0,1
5469,4.2649,0.4152,328,713,0,0,1
5470,4.2138,0.6286,326,713,0,0,1
5471,4.0778,0.5404,326,713,0,0,1
5472,4.1165,0.4567,326,713,0,0,1
5473,4.3282,0.476,326,713,0,0,1
5474,4.0574,0.4312,326,713,0,0,1
5475,4.1989,0.563,326,713,0,0,1
5476,4.1745,0.7075,325,713,0,0,1
5477,4.1623,0.4171,324,713,0,0,1
5478,4.166,0.5648,324,713,0,0,1
5479,4.1246,0.4769,324,713,0,0,1
5480,4.1167,0.5248,324,713,0,0,1
5481,4.2866,0.4217,322,713,0,0,1
5482,4.1609,0.6362,322,713,0,0,1
5483,4.1364,0.4362,321,713,0,0,1
5484,4.114,0.4714,320,713,0,0,1
5485,4.1566,0.4578,320,713,0,0,1
5486,4.1689,0.5313,320,713,0,0,1
5487,4.2841,0.6405,320,713,0,0,1
5488,4.0652,0.4367,320,713,0,0,1
5489,4.2297,0.5848,320,713,0,0,1
5490,4.0592,0.3768,320,713,0,0,1
5491,4.1792,0.4637,320,713,0,0,1
5492,4.2562,0.5743,318,713,0,0,1
5493,4.1488,0.4443,318,713,0,0,1
5494,4.2376,0.6313,318,713,0,0,1
5495,4.0763,0.6585,318,713,0,0,1
5496,4.1364,0.4257,316,713,0,0,1
5497,4.2155,0.509,316,713,0,0,1
5498,4.1372,0.4519,316,713,0,0,1
5499,4.2346,0.4324,314,713,0,0,1
5500,4.1131,0.3943,313,713,0,0,1
5501,4.2857,0.6039,313,713,0,0,1
5502,4.0198,0.598,312,713,0,0,1
5503,4.2822,0.6866,312,713,0,0,1
5504,4.1033,0.6272,312,713,0,0,1
5505,4.1579,0.6015,312,713,0,0,1
5506,4.1808,0.4831,312,713,0,0,1
5507,4.1107,0.3787,312,713,0,0,1
5508,4.1752,0.4783,312,713,0,0,1
5509,4.1663,0.5195,312,713,0,0,1
5510,4.1874,0.4914,312,713,0,0,1
5511,4.2015,0.4187,312,713,0,0,1
5512,4.0853,0.455,312,713,0,0,1
5513,4.238,0.5522,305,713,0,0,1
5514,4.1071,0.4567,305,713,0,0,1
5515,4.158,0.413,304,713,0,0,1
5516,4.2005,0.5024,304,713,0,0,1
5517,4.2231,0.439,304,713,0,0,1
5518,4.1353,0.4171,304,713,0,0,1
5519,4.1322,0.4389,304,713,0,0,1
5520,4.7358,0.5151,304,713,0,0,1
5521,3.6435,0.4698,301,713,0,0,1
5522,4.1329,0.4333,301,713,0,0,1
5523,4.2063,0.4242,299,713,0,0,1
5524,4.0829,0.5519,299,713,0,0,1
5525,4.3434,0.5404,299,713,0,0,1
5526,4.0534,0.6597,299,713,0,0,1
5527,4.1104,0.3631,298,713,0,0,1
5528,4.4694,0.6363,330,713,0,0,1
5529,3.9096,0.4346,329,713,0,0,1
5530,4.208,0.5158,328,713,0,0,1
5531,4.1194,0.5202,328,713,0,0,1
5532,4.1555,0.4454,328,713,0,0,1
5533,4.3301,0.4468,328,713,0,0,1
5534,4.0214,0.3718,327,713,0,0,1
5535,4.2123,0.4429,327,713,0,0,1
5536,4.0662,0.5812,327,713,0,0,1
5537,4.255,0.6757,327,713,0,0,1
5538,4.0697,0.7233,326,713,0,0,1
5539,4.2051,0.7196,324,713,0,0,1
5540,4.1796,0.4565,324,713,0,0,1
5541,4.2424,0.4745,324,713,0,0,1
5542,4.1464,0.4208,324,713,0,0,1
5543,4.1209,0.4164,324,713,0,0,1
5544,4.1531,0.3943,323,713,0,0,1
5545,4.2304,0.665,323,713,0,0,1
5546,4.1994,0.5682,322,713,0,0,1
5547,4.1717,0.7219,322,713,0,0,1
5548,4.0404,0.3956,321,713,0,0,1
5549,4.3347,0.579,321,713,0,0,1
5550,4.0754,0.6089,321,713,0,0,1
5551,4.0992,0.4005,321,713,0,0,1
5552,4.3146,0.745,321,713,0,0,1
5553,4.0964,0.8041,319,713,0,0,1
5554,4.1798,0.4815,319,713,0,0,1
5555,4.1387,0.654,319,713,0,0,1
5556,4.123,0.4778,317,713,0,0,1
5557,4.1283,0.3891,316,713,0,0,1
5558,4.2577,0.4914,316,713,0,0,1
5559,4.1584,0.4688,316,713,0,0,1
5560,4.1788,0.5942,315,713,0,0,1
5561,4.2393,0.5093,315,713,0,0,1
5562,3.9913,0.3609,315,713,0,0,1
5563,4.2136,0.4106,313,713,0,0,1
5564,4.2489,0.7333,311,713,0,0,1
5565,4.1353,0.5992,311,713,0,0,1
5566,4.2135,0.7416,311,713,0,0,1
5567,4.1212,0.4368,310,713,0,0,1
5568,4.1032,0.4381,310,713,0,0,1
5569,4.4018,0.5476,309,713,0,0,1
5570,4.0722,0.7673,309,713,0,0,1
5571,4.3002,0.7257,308,713,0,0,1
5572,3.9602,0.5493,308,713,0,0,1
5573,4.1995,0.4834,308,713,0,0,1
5574,4.068,0.4037,308,713,0,0,1
5575,4.1824,0.383,308,713,0,0,1
5576,4.1319,1.0248,306,713,0,0,1
5577,4.2395,0.9098,306,713,0,0,1
5578,4.4049,0.6067,305,713,0,0,1
5579,3.8355,0.3828,305,713,0,0,1
5580,4.234,0.376,304,713,0,0,1
5581,4.1199,0.4358,304,713,0,0,1
5582,4.3729,0.5005,304,713,0,0,1
5583,4.0751,0.6187,303,713,0,0,1
5584,4.0754,0.4957,302,713,0,0,1
5585,4.2533,0.4321,302,713,0,0,1
5586,4.051,0.3766,302,713,0,0,1
5587,4.2232,0.4482,302,713,0,0,1
5588,4.1466,0.4754,300,713,0,0,1
5589,4.2438,0.7634,300,713,0,0,1
5590,4.1457,0.6526,293,713,0,0,1
5591,4.1381,0.4064,291,713,0,0,1
5592,4.1413,0.4062,291,713,0,0,1
5593,4.2229,0.5547,291,713,0,0,1
5594,4.1769,0.4184,290,713,0,0,1
5595,4.2104,0.6657,290,713,0,0,1
5596,4.0309,0.9466,290,713,0,0,1
5597,4.2595,0.7709,289,713,0,0,1
5598,4.1524,0.511,289,713,0,0,1
5599,4.1216,0.4002,288,713,0,0,1
5600,4.1719,0.4961,288,713,0,0,1
5601,4.2023,0.3972,288,713,0,0,1
5602,4.3568,0.6016,286,713,0,0,1
5603,3.9993,0.6574,286,713,0,0,1
5604,4.1058,0.362,285,713,0,0,1
5605,4.1328,0.4034,329,713,0,0,1
5606,4.2102,0.3832,329,713,0,0,1
5607,4.1935,0.6981,328,713,0,0,1
5608,4.1567,0.7846,327,713,0,0,1
5609,4.2019,0.5369,327,713,0,0,1
5610,4.1754,0.4801,327,713,0,0,1
5611,4.0714,0.3635,326,713,0,0,1
5612,4.218,0.4955,324,713,0,0,1
5613,4.1741,0.4223,323,713,0,0,1
5614,4.2247,0.5574,323,713,0,0,1
5615,4.1675,0.7169,323,713,0,0,1
5616,4.0755,0.4883,322,713,0,0,1
5617,4.1669,0.4896,322,713,0,0,1
5618,4.1776,0.4839,322,713,0,0,1
5619,4.1535,0.5159,322,713,0,0,1
5620,4.1557,0.5739,321,713,0,0,1
5621,4.4928,0.5639,321,713,0,0,1
5622,3.8999,0.5857,320,713,0,0,1
5623,4.1284,0.4951,319,713,0,0,1
5624,4.164,0.4552,319,713,0,0,1
5625,4.1981,0.549,319,713,0,0,1
5626,4.295,0.5591,319,713,0,0,1
5627,4.1075,0.5735,317,713,0,0,1
5628,4.0702,0.3893,317,713,0,0,1
5629,4.129,0.5041,316,713,0,0,1
5630,4.222,0.5684,316,713,0,0,1
5631,4.1593,0.4795,316,713,0,0,1
5632,4.1382,0.431,315,713,0,0,1
5633,4.1942,0.6134,315,713,0,0,1
5634,4.1714,0.4204,315,713,0,0,1
5635,4.1492,0.4841,315,713,0,0,1
5636,4.4381,0.637,315,713,0,0,1
5637,4.1979,0.4385,314,713,0,0,1
5638,3.8691,0.5813,313,713,0,0,1
5639,4.1953,0.5299,313,713,0,0,1
5640,4.1887,0.5934,312,713,0,0,1
5641,4.0753,0.522,311,713,0,0,1
5642,4.2292,0.4686,311,713,0,0,1
5643,4.2496,0.5244,311,713,0,0,1
5644,4.0344,0.5021,311,713,0,0,1
5645,4.2402,0.6205,311,713,0,0,1
5646,4.1426,0.5889,308,713,0,0,1
5647,4.1635,0.4594,307,713,0,0,1
5648,4.4644,0.5216,307,713,0,0,1
5649,3.8681,0.4336,307,713,0,0,1
5650,4.2208,0.6118,305,713,0,0,1
5651,4.1137,0.441,305,713,0,0,1
5652,4.1465,0.4867,304,713,0,0,1
5653,4.157,0.4892,303,713,0,0,1
5654,4.2199,0.4307,303,713,0,0,1
5655,4.1707,0.4023,303,713,0,0,1
5656,4.1651,0.3714,303,713,0,0,1
5657,4.2403,0.6939,303,713,0,0,1
5658,3.9996,0.4371,303,713,0,0,1
5659,4.1901,0.3809,302,713,0,0,1
5660,4.2359,0.4167,302,713,0,0,1
5661,4.1933,0.4917,301,713,0,0,1
5662,4.0973,0.4531,300,713,0,0,1
5663,4.1867,0.5044,300,713,0,0,1
5664,4.1479,0.6293,300,713,0,0,1
5665,4.1799,0.6281,299,713,0,0,1
5666,4.1682,0.4236,292,713,0,0,1
5667,4.4475,0.7036,291,713,0,0,1
5668,3.9053,0.617,291,713,0,0,1
5669,4.2118,0.6629,291,713,0,0,1
5670,4.1092,0.4526,290,713,0,0,1
5671,4.1502,0.443,290,713,0,0,1
5672,4.1564,0.4801,290,713,0,0,1
5673,4.2328,0.4601,289,713,0,0,1
5674,4.2287,0.4767,289,713,0,0,1
5675,4.3654,0.4484,289,713,0,0,1
5676,3.8493,0.7399,289,713,0,0,1
5677,4.113,0.416,288,713,0,0,1
5678,4.2651,0.3859,288,713,0,0,1
5679,4.1818,0.4511,288,713,0,0,1
5680,4.1589,0.5883,286,713,0,0,1
5681,4.124,0.4071,285,713,0,0,1
5682,4.1466,0.5131,319,713,0,0,1
5683,4.1836,0.3808,319,713,0,0,1
5684,4.1471,0.6287,319,713,0,0,1
5685,4.2431,0.6463,319,713,0,0,1
5686,4.1394,0.7278,319,713,0,0,1
5687,4.2049,0.4381,316,713,0,0,1
5688,4.1031,0.412,316,713,0,0,1
5689,4.1839,0.5017,316,713,0,0,1
5690,4.2133,0.5086,315,713,0,0,1
5691,4.2239,0.5528,315,713,0,0,1
5692,4.0995,0.5888,315,713,0,0,1
5693,4.2413,0.5696,313,713,0,0,1
5694,4.096,0.4279,313,713,0,0,1
5695,4.0961,0.3871,313,713,0,0,1
5696,4.1629,0.5155,313,713,0,0,1
5697,4.2114,0.6042,313,713,0,0,1
5698,4.1898,0.4738,313,713,0,0,1
5699,4.145,0.4193,312,713,0,0,1
5700,4.1343,0.3885,312,713,0,0,1
5701,4.4664,0.6842,311,713,0,0,1
5702,3.9308,0.5349,309,713,0,0,1
5703,4.2301,0.631,309,713,0,0,1
5704,4.0856,0.5001,309,713,0,0,1
5705,4.1252,0.3755,309,713,0,0,1
5706,4.1048,0.3862,309,713,0,0,1
5707,4.1927,0.4353,309,713,0,0,1
5708,4.1876,0.4856,309,713,0,0,1
5709,4.5325,0.6668,307,713,0,0,1
5710,3.8452,0.6784,307,713,0,0,1
5711,4.2258,0.4203,307,713,0,0,1
5712,4.0832,0.4023,307,713,0,0,1
5713,4.1975,0.4949,307,713,0,0,1
5714,4.1717,0.6107,306,713,0,0,1
5715,4.3294,0.5943,305,713,0,0,1
5716,4.0869,0.436,305,713,0,0,1
5717,4.1197,0.482,305,713,0,0,1
5718,4.1073,0.4947,305,713,0,0,1
5719,4.1248,0.4046,304,713,0,0,1
5720,4.1434,0.4846,303,713,0,0,1
5721,4.2622,0.4157,302,713,0,0,1
5722,4.1985,0.7097,302,713,0,0,1
5723,4.1083,0.4845,301,713,0,0,1
5724,4.1518,0.4331,300,713,0,0,1
5725,4.1611,0.3837,300,713,0,0,1
5726,4.1766,0.4525,300,713,0,0,1
5727,4.2012,0.656,300,713,0,0,1
5728,4.153,0.6979,299,713,0,0,1
5729,4.2053,0.6818,299,713,0,0,1
5730,4.1191,0.3938,299,713,0,0,1
5731,4.1488,0.3955,299,713,0,0,1
5732,4.141,0.6666,299,713,0,0,1
5733,4.2548,0.4838,298,713,0,0,1
5734,4.3352,0.5911,297,713,0,0,1
5735,3.9836,0.4126,297,713,0,0,1
5736,4.401,0.5509,295,713,0,0,1
5737,3.8872,0.5131,294,713,0,0,1
5738,4.2089,0.4927,294,713,0,0,1
5739,4.1407,0.3836,294,713,0,0,1
5740,4.138,0.407,292,713,0,0,1
5741,4.2291,0.7563,291,713,0,0,1
5742,4.2203,0.5015,291,713,0,0,1
5743,4.0621,0.4166,284,713,0,0,1
5744,4.1618,0.4842,284,713,0,0,1
5745,4.1656,0.4356,284,713,0,0,1
5746,4.1735,0.4425,284,713,0,0,1
5747,4.2041,0.5656,283,713,0,0,1
5748,4.1298,0.3759,283,713,0,0,1
5749,4.1322,0.4909,283,713,0,0,1
5750,4.2031,0.444,283,713,0,0,1
5751,4.2202,0.4988,283,713,0,0,1
5752,4.0806,0.4366,283,713,0,0,1
5753,4.3229,0.6299,283,713,0,0,1
5754,4.0792,0.5244,281,713,0,0,1
5755,4.1112,0.3558,280,713,0,0,1
5756,4.4618,0.3968,280,713,0,0,1
5757,3.9946,0.4655,280,713,0,0,1
5758,4.0988,0.6138,279,713,0,0,1
5759,4.2273,0.6407,325,713,0,0,1
5760,4.0748,0.3762,325,713,0,0,1
5761,4.2249,0.3881,325,713,0,0,1
5762,4.1179,0.4366,325,713,0,0,1
5763,4.2152,0.5213,325,713,0,0,1
5764,4.0834,0.5432,325,713,0,0,1
5765,4.2501,0.7025,325,713,0,0,1
5766,4.0865,0.4086,325,713,0,0,1
5767,4.1993,0.3745,324,713,0,0,1
5768,4.2043,0.4347,324,713,0,0,1
5769,4.1784,0.5861,323,713,0,0,1
5770,4.2166,0.7105,321,713,0,0,1
5771,4.0827,0.5854,319,713,0,0,1
5772,4.1509,0.5702,318,713,0,0,1
5773,4.1479,0.3689,316,713,0,0,1
5774,4.2131,0.4329,316,713,0,0,1
5775,4.1824,0.54,316,713,0,0,1
5776,4.1697,0.532,313,713,0,0,1
5777,4.1179,0.5702,313,713,0,0,1
5778,4.2409,0.5834,313,713,0,0,1
5779,4.0636,0.3657,312,713,0,0,1
5780,4.2354,0.6111,311,713,0,0,1
5781,4.1879,0.6322,311,713,0,0,1
5782,4.3673,0.4596,311,713,0,0,1
5783,3.9528,0.6705,311,713,0,0,1
5784,4.1363,0.6633,311,713,0,0,1
5785,4.1667,0.4355,311,713,0,0,1
5786,4.1702,0.4547,311,713,0,0,1
5787,4.1361,0.4421,310,713,0,0,1
5788,4.2091,0.616,310,713,0,0,1
5789,4.1603,0.6139,309,713,0,0,1
5790,4.103,0.4895,309,713,0,0,1
5791,4.2109,0.461,307,713,0,0,1
5792,4.1345,0.8875,305,713,0,0,1
5793,4.2553,0.489,305,713,0,0,1
5794,4.2085,0.6403,305,713,0,0,1
5795,4.126,0.4271,304,713,0,0,1
5796,4.1003,0.6797,304,713,0,0,1
5797,4.1396,0.4866,304,713,0,0,1
5798,4.2313,0.4146,303,713,0,0,1
5799,4.1926,0.4024,303,713,0,0,1
5800,4.1195,0.5299,303,713,0,0,1
5801,4.2006,0.7342,301,713,0,0,1
5802,4.1842,0.4867,301,713,0,0,1
5803,4.0875,0.3704,300,713,0,0,1
5804,4.1635,0.5332,300,713,0,0,1
5805,4.2628,0.458,299,713,0,0,1
5806,4.0896,0.4451,298,713,0,0,1
5807,4.1946,0.4866,298,713,0,0,1
5808,4.1429,0.6324,298,713,0,0,1
5809,4.5147,0.595,297,713,0,0,1
5810,3.8742,0.5171,297,713,0,0,1
5811,4.0913,0.7208,297,713,0,0,1
5812,4.1936,0.4402,297,713,0,0,1
5813,4.2768,0.3867,297,713,0,0,1
5814,4.1307,0.5412,295,713,0,0,1
5815,4.0521,0.4253,295,713,0,0,1
5816,4.3281,0.6781,295,713,0,0,1
5817,4.0923,0.4065,294,713,0,0,1
5818,4.4331,0.4484,294,713,0,0,1
5819,3.8975,0.586,293,713,0,0,1
5820,4.1159,0.562,286,713,0,0,1
5821,4.1712,0.6601,285,713,0,0,1
5822,4.2289,0.3516,285,713,0,0,1
5823,4.1327,0.5052,284,713,0,0,1
5824,4.1514,0.4966,284,713,0,0,1
5825,4.2221,0.4423,282,713,0,0,1
5826,4.1137,0.3802,281,713,0,0,1
5827,4.1178,0.5561,281,713,0,0,1
5828,4.1993,0.687,281,713,0,0,1
5829,4.2549,0.4652,281,713,0,0,1
5830,4.1406,0.5949,281,713,0,0,1
5831,4.0623,0.469,280,713,0,0,1
5832,4.2484,0.4642,280,713,0,0,1
5833,4.1576,0.444,279,713,0,0,1
5834,4.1568,0.3677,279,713,0,0,1
5835,4.291,0.5951,313,713,0,0,1
5836,4.0591,0.7853,313,713,0,0,1
5837,4.2149,0.5274,313,713,0,0,1
5838,4.1389,0.4198,313,713,0,0,1
5839,4.1451,0.3807,313,713,0,0,1
5840,4.1237,0.4287,313,713,0,0,1
5841,4.2935,0.8962,313,713,0,0,1
5842,4.0986,0.6208,313,713,0,0,1
5843,4.1137,0.3964,312,713,0,0,1
5844,4.1737,0.366,312,713,0,0,1
5845,4.1503,0.3906,311,713,0,0,1
5846,4.19,0.4504,311,713,0,0,1
5847,4.1651,0.4514,311,713,0,0,1
5848,4.1615,0.4856,311,713,0,0,1
5849,4.243,0.4362,311,713,0,0,1
5850,4.1413,0.6524,309,713,0,0,1
5851,4.1124,0.3887,309,713,0,0,1
5852,4.163,0.4618,309,713,0,0,1
5853,4.2829,0.7045,309,713,0,0,1
5854,4.1075,0.3796,309,713,0,0,1
5855,4.225,0.4167,309,713,0,0,1
5856,4.0642,0.3997,308,713,0,0,1
5857,4.2301,0.6937,308,713,0,0,1
5858,4.119,0.5155,308,713,0,0,1
5859,4.1993,0.6996,307,713,0,0,1
5860,4.2301,0.6857,307,713,0,0,1
5861,4.1114,0.4405,307,713,0,0,1
5862,4.1579,0.446,307,713,0,0,1
5863,4.13,0.4318,306,713,0,0,1
5864,4.1834,0.5743,306,713,0,0,1
5865,4.3497,0.4152,306,713,0,0,1
5866,4.1671,0.5716,306,713,0,0,1
5867,4.2386,0.5747,306,713,0,0,1
5868,3.8854,0.4343,305,713,0,0,1
5869,4.2219,0.391,305,713,0,0,1
5870,4.1086,0.4345,305,713,0,0,1
5871,4.2835,0.5665,305,713,0,0,1
5872,4.0208,0.4414,305,713,0,0,1
5873,4.2322,0.7681,305,713,0,0,1
5874,4.1826,0.4353,304,713,0,0,1
5875,4.1182,0.363,303,713,0,0,1
5876,4.1931,0.5033,303,713,0,0,1
5877,4.1903,0.6021,302,713,0,0,1
5878,4.2477,0.5396,302,713,0,0,1
5879,4.0799,0.6343,301,713,0,0,1
5880,4.1802,0.5279,299,713,0,0,1
5881,4.444,0.5582,299,713,0,0,1
5882,3.8053,0.4739,299,713,0,0,1
5883,4.2459,0.698,299,713,0,0,1
5884,4.1296,0.4042,299,713,0,0,1
5885,4.2981,0.6144,299,713,0,0,1
5886,4.0373,0.5021,299,713,0,0,1
5887,4.1241,0.4004,299,713,0,0,1
5888,4.1814,0.5093,299,713,0,0,1
5889,4.6514,0.4466,298,713,0,0,1
5890,3.7471,0.5979,297,713,0,0,1
5891,4.0927,0.6196,297,713,0,0,1
5892,4.1944,0.4114,297,713,0,0,1
5893,4.1223,0.6207,297,713,0,0,1
5894,4.2352,0.3689,297,713,0,0,1
5895,4.1665,0.4901,296,713,0,0,1
5896,4.1742,0.6741,296,713,0,0,1
5897,4.1803,0.6074,289,713,0,0,1
5898,4.1105,0.3714,288,713,0,0,1
5899,4.1517,0.7757,288,713,0,0,1
5900,4.2352,0.5306,288,713,0,0,1
5901,4.2104,0.4251,288,713,0,0,1
5902,4.0858,0.3731,288,713,0,0,1
5903,4.3631,0.4512,288,713,0,0,1
5904,3.9384,0.4336,288,713,0,0,1
5905,4.2717,0.4597,288,713,0,0,1
5906,4.1125,0.4149,287,713,0,0,1
5907,4.2121,0.4199,286,713,0,0,1
5908,4.351,0.4885,286,713,0,0,1
5909,4.0686,0.6587,286,713,0,0,1
5910,4.0447,0.6668,286,713,0,0,1
5911,4.139,0.37,286,713,0,0,1
5912,4.1746,0.5301,330,713,0,0,1
5913,4.2002,0.545,330,713,0,0,1
5914,4.2037,0.465,330,713,0,0,1
5915,4.1383,0.5686,330,713,0,0,1
5916,4.1597,0.6161,329,713,0,0,1
5917,4.1239,0.4355,328,713,0,0,1
5918,4.1679,0.4896,328,713,0,0,1
5919,4.1495,0.4894,328,713,0,0,1
5920,4.1631,0.6488,328,713,0,0,1
5921,4.2643,0.7161,327,713,0,0,1
5922,4.1892,0.6962,326,713,0,0,1
5923,4.0359,0.367,326,713,0,0,1
5924,4.2208,0.4754,325,713,0,0,1
5925,4.1565,0.4251,324,713,0,0,1
5926,4.2084,0.5316,322,713,0,0,1
5927,4.0846,0.6544,322,713,0,0,1
5928,4.1657,0.6702,322,713,0,0,1
5929,4.3126,0.6198,322,713,0,0,1
5930,4.0875,0.4301,320,713,0,0,1
5931,4.1769,0.4363,320,713,0,0,1
5932,4.1514,0.5553,319,713,0,0,1
5933,4.1817,0.751,319,713,0,0,1
5934,4.1324,0.5394,319,713,0,0,1
5935,4.1582,0.4065,318,713,0,0,1
5936,4.3578,0.4898,318,713,0,0,1
5937,4.2678,0.4623,317,713,0,0,1
5938,3.9237,0.5149,317,713,0,0,1
5939,4.2407,0.5196,316,713,0,0,1
5940,4.0438,0.5127,314,713,0,0,1
5941,4.5402,0.4276,314,713,0,0,1
5942,3.8118,0.6437,314,713,0,0,1
5943,4.2066,0.3936,314,713,0,0,1
5944,4.1335,0.6968,314,713,0,0,1
5945,4.1735,0.5808,314,713,0,0,1
5946,4.1942,0.6936,313,713,0,0,1
5947,4.1958,0.4452,313,713,0,0,1
5948,4.0315,0.3838,313,713,0,0,1
5949,4.3216,0.5965,312,713,0,0,1
5950,4.1239,0.6009,312,713,0,0,1
5951,4.1249,0.4685,312,713,0,0,1
5952,4.1737,0.5076,311,713,0,0,1
5953,4.1681,0.5004,311,713,0,0,1
5954,4.2152,0.3951,311,713,0,0,1
5955,4.149,0.5217,310,713,0,0,1
5956,4.1689,0.5951,309,713,0,0,1
5957,4.1817,0.5093,309,713,0,0,1
5958,4.1131,0.6415,309,713,0,0,1
5959,4.1467,0.3744,308,713,0,0,1
5960,4.1716,0.5419,308,713,0,0,1
5961,4.19,0.4505,308,713,0,0,1
5962,4.143,0.4264,307,713,0,0,1
5963,4.1297,0.5753,307,713,0,0,1
5964,4.1975,0.3758,306,713,0,0,1
5965,4.1324,0.4007,304,713,0,0,1
5966,4.1906,0.4543,304,713,0,0,1
5967,4.2504,0.6223,303,713,0,0,1
5968,4.1357,0.454,302,713,0,0,1
5969,4.2243,0.4253,302,713,0,0,1
5970,4.1169,0.4185,302,713,0,0,1
5971,4.1164,0.4564,302,713,0,0,1
5972,4.1398,0.6877,302,713,0,0,1
5973,4.2303,0.415,301,713,0,0,1
5974,4.1827,0.4368,292,713,0,0,1
5975,4.1253,0.4976,292,713,0,0,1
5976,4.1634,0.4768,290,713,0,0,1
5977,4.1809,0.4111,289,713,0,0,1
5978,4.1613,0.4118,289,713,0,0,1
5979,4.2108,0.5386,288,713,0,0,1
5980,4.1363,0.8143,288,713,0,0,1
5981,4.5443,0.5007,288,713,0,0,1
5982,3.837,0.5245,288,713,0,0,1
5983,4.065,0.3607,288,713,0,0,1
5984,4.1907,0.5063,288,713,0,0,1
5985,4.1751,0.4789,287,713,0,0,1
5986,4.4479,0.536,287,713,0,0,1
5987,3.9101,0.5681,287,713,0,0,1
5988,4.1142,0.3877,287,713,0,0,1
5989,4.4601,0.7068,320,713,0,0,1
5990,3.9067,0.4614,320,713,0,0,1
5991,4.1737,0.564,320,713,0,0,1
5992,4.2944,0.7523,320,713,0,0,1
5993,4.0969,0.4369,319,713,0,0,1
5994,4.1469,0.4388,318,713,0,0,1
5995,4.0865,0.4518,318,713,0,0,1
5996,4.1934,0.4902,317,713,0,0,1
5997,4.2593,0.4354,315,713,0,0,1
5998,4.1537,0.5763,315,713,0,0,1
5999,4.1661,0.4228,315,713,0,0,1
6000,4.0876,0.4195,315,713,0,0,1
6001,4.2216,0.6738,315,713,0,0,1
6002,4.1194,0.4976,315,713,0,0,1
6003,4.2173,0.698,315,713,0,0,1
6004,4.0636,0.4343,315,713,0,0,1
6005,4.6122,0.5994,314,713,0,0,1
6006,3.8206,0.4757,314,713,0,0,1
6007,4.1253,0.4933,314,713,0,0,1
6008,4.2121,0.6113,314,713,0,0,1
6009,4.1981,0.4797,314,713,0,0,1
6010,4.0998,0.6226,314,713,0,0,1
6011,4.1461,0.3754,313,713,0,0,1
6012,4.1685,0.3823,312,713,0,0,1
6013,4.2016,0.5508,312,713,0,0,1
6014,4.1679,0.5193,312,713,0,0,1
6015,4.1978,0.5287,311,713,0,0,1
6016,4.0801,0.431,311,713,0,0,1
6017,4.1987,0.379,311,713,0,0,1
6018,4.2231,0.7174,310,713,0,0,1
6019,4.0974,0.6505,310,713,0,0,1
6020,4.5336,0.9868,310,713,0,0,1
6021,3.8827,0.4904,309,713,0,0,1
6022,4.1677,0.3862,309,713,0,0,1
6023,4.1408,0.6148,309,713,0,0,1
6024,4.163,0.4785,309,713,0,0,1
6025,4.2185,0.5754,309,713,0,0,1
6026,4.0445,0.5244,309,713,0,0,1
6027,4.2344,0.492,307,713,0,0,1
6028,4.109,0.435,307,713,0,0,1
6029,4.4224,0.6237,307,713,0,0,1
6030,4.0432,0.6175,305,713,0,0,1
6031,4.042,0.539,305,713,0,0,1
6032,4.1828,0.6455,305,713,0,0,1
6033,4.1698,0.4008,305,713,0,0,1
6034,4.2105,0.481,304,713,0,0,1
6035,4.1309,0.5013,304,713,0,0,1
6036,4.1463,0.5763,304,713,0,0,1
6037,4.1781,0.4914,304,713,0,0,1
6038,4.1787,0.4182,303,713,0,0,1
6039,4.2096,0.4179,303,713,0,0,1
6040,4.3418,0.5406,301,713,0,0,1
6041,3.9097,0.5802,300,713,0,0,1
6042,4.383,0.6338,299,713,0,0,1
6043,3.9744,0.579,299,713,0,0,1
6044,4.1522,0.4572,298,713,0,0,1
6045,4.2605,0.4139,298,713,0,0,1
6046,4.1483,0.4154,298,713,0,0,1
6047,4.097,0.5637,298,713,0,0,1
6048,4.1766,0.4405,298,713,0,0,1
6049,4.1784,0.4115,298,713,0,0,1
6050,4.179,0.4262,289,713,0,0,1
6051,4.4136,0.4651,289,713,0,0,1
6052,4.244,0.5244,288,713,0,0,1
6053,4.088,0.66,287,713,0,0,1
6054,3.9463,0.593,287,713,0,0,1
6055,4.1113,0.3661,287,713,0,0,1
6056,4.5111,0.634,287,713,0,0,1
6057,3.8197,0.4655,286,713,0,0,1
6058,4.3813,0.3787,286,713,0,0,1
6059,4.0332,0.3912,286,713,0,0,1
6060,4.12,0.7265,286,713,0,0,1
6061,4.3304,0.7255,284,713,0,0,1
6062,4.0276,0.4921,284,713,0,0,1
6063,4.161,0.4071,280,713,0,0,1
6064,4.172,0.4283,280,713,0,0,1
6065,4.1694,0.4894,278,713,0,0,1
6066,4.1324,0.6196,323,713,0,0,1
6067,4.132,0.3789,321,713,0,0,1
6068,4.2136,0.4274,320,713,0,0,1
6069,4.1773,0.437,319,713,0,0,1
6070,4.2518,0.5434,319,713,0,0,1
6071,4.1103,0.5429,319,713,0,0,1
6072,4.1047,0.4533,319,713,0,0,1
6073,4.217,0.4287,319,713,0,0,1
6074,4.2156,0.6228,319,713,0,0,1
6075,4.0871,0.5964,319,713,0,0,1
6076,4.1579,0.493,319,713,0,0,1
6077,4.1685,0.478,319,713,0,0,1
6078,4.1312,0.476,318,713,0,0,1
6079,4.1831,0.4665,318,713,0,0,1
6080,4.2553,0.7013,316,713,0,0,1
6081,4.1344,0.4364,316,713,0,0,1
6082,4.182,0.4284,315,713,0,0,1
6083,4.1139,0.4965,315,713,0,0,1
6084,4.1512,0.6244,314,713,0,0,1
6085,4.2251,0.6702,314,713,0,0,1
6086,4.1964,0.666,313,713,0,0,1
6087,4.1217,0.4296,312,713,0,0,1
6088,4.1379,0.4845,312,713,0,0,1
6089,4.4907,0.4666,312,713,0,0,1
6090,3.8758,0.5774,312,713,0,0,1
6091,4.1125,0.4353,312,713,0,0,1
6092,4.1642,0.5937,312,713,0,0,1
6093,4.2042,0.3831,312,713,0,0,1
6094,4.4392,0.4695,312,713,0,0,1
6095,3.8618,0.4749,312,713,0,0,1
6096,4.1806,0.4622,312,713,0,0,1
6097,4.1653,0.5499,311,713,0,0,1
6098,4.1889,0.4316,308,713,0,0,1
6099,4.2862,0.5419,307,713,0,0,1
6100,4.0289,0.539,307,713,0,0,1
6101,4.2181,0.6793,307,713,0,0,1
6102,4.0946,0.556,307,713,0,0,1
6103,4.1667,0.3655,307,713,0,0,1
6104,4.9625,0.3794,305,713,0,0,1
6105,3.3722,0.4546,305,713,0,0,1
6106,4.2299,0.7794,303,713,0,0,1
6107,4.0985,0.4285,302,713,0,0,1
6108,4.2076,0.3671,302,713,0,0,1
6109,4.1235,0.3758,301,713,0,0,1
6110,4.214,0.4467,301,713,0,0,1
6111,4.2006,0.8063,301,713,0,0,1
6112,4.1258,0.4476,301,713,0,0,1
6113,4.4569,0.4503,298,713,0,0,1
6114,3.8507,0.3944,298,713,0,0,1
6115,4.1681,0.4299,298,713,0,0,1
6116,4.1687,0.5807,298,713,0,0,1
6117,4.2024,0.3821,298,713,0,0,1
6118,4.3068,0.6027,298,713,0,0,1
6119,4.0839,0.4392,297,713,0,0,1
6120,4.087,0.4609,297,713,0,0,1
6121,4.1572,0.5165,296,713,0,0,1
6122,4.2052,0.5521,296,713,0,0,1
6123,4.2066,0.5587,296,713,0,0,1
6124,4.2355,0.6427,296,713,0,0,1
6125,4.0883,0.6752,296,713,0,0,1
6126,4.0687,0.3479,296,713,0,0,1
6127,4.2154,0.3663,289,713,0,0,1
6128,4.566,0.4416,289,713,0,0,1
6129,3.7673,0.4421,289,713,0,0,1
6130,4.244,0.6749,289,713,0,0,1
6131,4.1279,0.4133,289,713,0,0,1
6132,4.1286,0.3853,288,713,0,0,1
6133,4.2243,0.6205,287,713,0,0,1
6134,4.1314,0.402,287,713,0,0,1
6135,4.1338,0.5197,287,713,0,0,1
6136,4.1319,0.3871,287,713,0,0,1
6137,4.441,0.7059,287,713,0,0,1
6138,4.3552,0.5279,286,713,0,0,1
6139,3.7523,0.3532,286,713,0,0,1
6140,4.1216,0.3624,284,713,0,0,1
6141,4.4275,0.4683,284,713,0,0,1
6142,3.9455,0.4215,284,713,0,0,1
6143,4.2506,0.6259,318,713,0,0,1
6144,4.1324,0.7821,318,713,0,0,1
6145,4.1917,0.4602,318,713,0,0,1
6146,4.0808,0.4876,317,713,0,0,1
6147,4.2233,0.5232,316,713,0,0,1
6148,4.1073,0.4382,315,713,0,0,1
6149,4.3894,0.3851,315,713,0,0,1
6150,4.0675,0.4567,314,713,0,0,1
6151,4.0253,0.454,314,713,0,0,1
6152,4.1015,0.4481,314,713,0,0,1
6153,4.332,0.4678,313,713,0,0,1
6154,4.1323,0.6403,312,713,0,0,1
6155,4.0849,0.5051,312,713,0,0,1
6156,4.1821,0.4012,311,713,0,0,1
6157,4.2849,0.5299,310,713,0,0,1
6158,4.1238,0.4541,309,713,0,0,1
6159,4.1579,0.4834,309,713,0,0,1
6160,4.1482,0.4229,308,713,0,0,1
6161,4.1604,0.3746,307,713,0,0,1
6162,4.2633,0.6169,307,713,0,0,1
6163,4.052,0.4828,304,713,0,0,1
6164,4.2438,0.6225,304,713,0,0,1
6165,4.1439,0.463,304,713,0,0,1
6166,4.3021,0.371,303,713,0,0,1
6167,4.0442,0.4586,303,713,0,0,1
6168,4.2277,0.697,303,713,0,0,1
6169,4.0758,0.4889,303,713,0,0,1
6170,4.1977,0.3774,303,713,0,0,1
6171,4.1693,0.4329,303,713,0,0,1
6172,4.0751,0.4833,303,713,0,0,1
6173,4.3379,0.7539,303,713,0,0,1
6174,4.0464,0.8008,303,713,0,0,1
6175,4.1452,0.3586,303,713,0,0,1
6176,4.1767,0.4723,303,713,0,0,1
6177,4.1854,0.5232,302,713,0,0,1
6178,4.2136,0.497,300,713,0,0,1
6179,4.1827,0.5683,299,713,0,0,1
6180,4.0797,0.5447,299,713,0,0,1
6181,4.1419,0.6718,299,713,0,0,1
6182,4.2573,0.5733,298,713,0,0,1
6183,4.1158,0.4671,297,713,0,0,1
6184,4.1579,0.4922,296,713,0,0,1
6185,4.2326,0.5336,296,713,0,0,1
6186,4.1201,0.397,296,713,0,0,1
6187,4.1142,0.4294,296,713,0,0,1
6188,4.1918,0.4404,296,713,0,0,1
6189,4.2093,0.4457,295,713,0,0,1
6190,4.32,0.3657,294,713,0,0,1
6191,3.9894,0.4785,294,713,0,0,1
6192,4.1642,0.4906,294,713,0,0,1
6193,4.2371,0.5856,293,713,0,0,1
6194,4.1039,0.3973,293,713,0,0,1
6195,4.4146,0.6195,292,713,0,0,1
6196,3.9158,0.488,292,713,0,0,1
6197,4.2373,0.4811,292,713,0,0,1
6198,4.1354,0.3674,292,713,0,0,1
6199,4.0864,0.3617,292,713,0,0,1
6200,4.1494,0.6695,292,713,0,0,1
6201,4.2346,0.447,292,713,0,0,1
6202,4.1837,0.3993,291,713,0,0,1
6203,4.1437,0.3976,290,713,0,0,1
6204,4.1453,0.6064,281,713,0,0,1
6205,4.2736,0.7023,281,713,0,0,1
6206,4.1634,0.4424,281,713,0,0,1
6207,4.0853,0.4315,280,713,0,0,1
6208,4.1626,0.4767,280,713,0,0,1
6209,4.2443,0.4475,279,713,0,0,1
6210,4.3734,0.5144,279,713,0,0,1
6211,3.841,0.4134,278,713,0,0,1
6212,4.1949,0.4632,278,713,0,0,1
6213,4.1898,0.5667,277,713,0,0,1
6214,4.1525,0.3905,277,713,0,0,1
6215,4.172,0.4726,277,713,0,0,1
6216,4.1752,0.4218,277,713,0,0,1
6217,4.1283,0.5421,275,713,0,0,1
6218,4.2387,0.3874,275,713,0,0,1
6219,4.1773,0.7978,320,713,0,0,1
6220,4.1657,0.5428,319,713,0,0,1
6221,4.1828,0.5077,319,713,0,0,1
6222,4.1354,0.6301,319,713,0,0,1
6223,4.0909,0.3698,318,713,0,0,1
6224,4.173,0.3889,317,713,0,0,1
6225,4.2797,0.4765,317,713,0,0,1
6226,4.1905,0.6005,316,713,0,0,1
6227,4.0711,0.4378,316,713,0,0,1
6228,4.1604,0.386,316,713,0,0,1
6229,4.2232,0.4776,316,713,0,0,1
6230,4.1135,0.3754,316,713,0,0,1
6231,4.2085,0.4571,316,713,0,0,1
6232,4.339,0.6838,316,713,0,0,1
6233,4.2526,0.6799,316,713,0,0,1
6234,4.1796,0.3555,316,713,0,0,1
6235,3.8147,0.4039,316,713,0,0,1
6236,4.1754,0.4393,316,713,0,0,1
6237,4.1455,0.4639,315,713,0,0,1
6238,4.6974,0.4262,315,713,0,0,1
6239,3.7095,0.6235,314,713,0,0,1
6240,4.136,0.3683,313,713,0,0,1
6241,4.4172,0.5573,313,713,0,0,1
6242,3.8906,0.4642,313,713,0,0,1
6243,4.4902,0.6753,313,713,0,0,1
6244,3.8902,0.6803,312,713,0,0,1
6245,4.4629,0.5437,312,713,0,0,1
6246,4.1652,0.4868,312,713,0,0,1
6247,3.8385,0.4895,312,713,0,0,1
6248,4.4521,0.4648,311,713,0,0,1
6249,4.1081,0.4264,311,713,0,0,1
6250,3.9677,0.3885,310,713,0,0,1
6251,4.192,0.3755,310,713,0,0,1
6252,4.1204,0.3825,309,713,0,0,1
6253,4.151,0.4742,309,713,0,0,1
6254,4.2028,0.4258,309,713,0,0,1
6255,4.3202,0.385,309,713,0,0,1
6256,4.0194,0.7409,306,713,0,0,1
6257,4.1735,0.7203,306,713,0,0,1
6258,4.4943,0.6956,306,713,0,0,1
6259,3.7925,0.4209,306,713,0,0,1
6260,4.3981,0.5778,305,713,0,0,1
6261,3.9489,0.4123,304,713,0,0,1
6262,4.4987,0.3863,304,713,0,0,1
6263,4.2265,0.6095,304,713,0,0,1
6264,3.8767,0.679,304,713,0,0,1
6265,4.1195,0.3787,304,713,0,0,1
6266,4.1331,0.42,303,713,0,0,1
6267,4.5256,0.4466,303,713,0,0,1
6268,3.7927,0.8833,302,713,0,0,1
6269,4.3802,0.4123,302,713,0,0,1
6270,4.3463,0.5424,301,713,0,0,1
6271,3.779,0.3625,301,713,0,0,1
6272,4.1713,0.453,301,713,0,0,1
6273,4.1172,0.584,301,713,0,0,1
6274,4.4007,0.4042,301,713,0,0,1
6275,4.2141,0.6439,300,713,0,0,1
6276,3.9062,0.3755,299,713,0,0,1
6277,4.423,0.62,297,713,0,0,1
6278,3.8873,0.4368,297,713,0,0,1
6279,4.2535,0.6446,297,713,0,0,1
6280,4.0973,0.4564,296,713,0,0,1
6281,4.2386,0.6094,289,713,0,0,1
6282,4.1615,0.5039,289,713,0,0,1
6283,4.1426,0.3956,288,713,0,0,1
6284,4.2306,0.4089,288,713,0,0,1
6285,4.1766,0.4962,285,713,0,0,1
6286,4.2067,0.4379,285,713,0,0,1
6287,4.0947,0.6867,285,713,0,0,1
6288,4.3643,0.7205,285,713,0,0,1
6289,3.9669,0.5054,285,713,0,0,1
6290,4.125,0.5626,285,713,0,0,1
6291,4.2077,0.404,285,713,0,0,1
6292,4.1732,0.399,285,713,0,0,1
6293,4.2992,0.7232,285,713,0,0,1
6294,3.9925,0.5945,284,713,0,0,1
6295,4.1544,0.3835,283,713,0,0,1
6296,4.1805,0.4756,317,713,0,0,1
6297,4.1879,0.4343,317,713,0,0,1
6298,4.2371,0.5607,317,713,0,0,1
6299,4.1415,0.464,316,713,0,0,1
6300,4.1384,0.6527,315,713,0,0,1
6301,4.1933,0.4519,315,713,0,0,1
6302,4.0744,0.3662,315,713,0,0,1
6303,4.2394,0.4476,315,713,0,0,1
6304,4.1258,0.479,314,713,0,0,1
6305,4.2275,0.6683,314,713,0,0,1
6306,4.1571,0.6332,314,713,0,0,1
6307,4.1036,0.3697,314,713,0,0,1
6308,4.1732,0.441,314,713,0,0,1
6309,4.1988,0.6165,314,713,0,0,1
6310,4.3119,0.4803,314,713,0,0,1
6311,3.9983,0.4708,314,713,0,0,1
6312,4.1554,0.6091,313,713,0,0,1
6313,4.2047,0.3741,313,713,0,0,1
6314,4.2017,0.488,313,713,0,0,1
6315,4.514,0.4688,313,713,0,0,1
6316,3.7816,0.5071,313,713,0,0,1
6317,4.148,0.6076,313,713,0,0,1
6318,4.1544,0.4685,312,713,0,0,1
6319,4.1349,0.375,312,713,0,0,1
6320,4.1892,0.5421,311,713,0,0,1
6321,4.236,0.5831,310,713,0,0,1
6322,4.1604,0.4764,310,713,0,0,1
6323,4.165,0.3962,310,713,0,0,1
6324,4.1199,0.3654,310,713,0,0,1
6325,4.3639,0.6414,310,713,0,0,1
6326,3.9618,0.4532,310,713,0,0,1
6327,4.1699,0.4651,310,713,0,0,1
6328,4.2155,0.5338,310,713,0,0,1
6329,4.2581,0.5717,308,713,0,0,1
6330,3.9583,0.5434,308,713,0,0,1
6331,4.2185,0.4522,308,713,0,0,1
6332,4.1996,0.5096,308,713,0,0,1
6333,4.3942,0.6073,308,713,0,0,1
6334,3.9837,0.3658,308,713,0,0,1
6335,4.2004,0.4256,308,713,0,0,1
6336,4.0701,0.5937,307,713,0,0,1
6337,4.3329,0.6289,307,713,0,0,1
6338,4.0089,0.718,307,713,0,0,1
6339,4.1298,0.3984,303,713,0,0,1
6340,4.1538,0.4355,302,713,0,0,1
6341,4.2765,0.5664,301,713,0,0,1
6342,4.1075,0.4266,300,713,0,0,1
6343,4.1617,0.3734,300,713,0,0,1
6344,4.2587,0.7001,300,713,0,0,1
6345,4.0453,0.2763,2,713,0,0,0
6346,4.2834,0.2854,2,713,0,0,0
6347,4.1993,0.3499,2,713,0,0,0
6348,4.0543,0.228,2,713,0,0,0
6349,4.2006,0.2821,2,713,0,0,0
6350,4.1312,0.2485,2,713,0,0,0
6351,4.1872,0.2218,2,713,0,0,0
6352,4.1324,0.3413,2,713,0,0,0
6353,4.1764,0.2278,2,713,0,0,0
6354,4.2171,0.2602,2,713,0,0,0
6355,4.1134,0.341,2,713,0,0,0
6356,4.1496,0.2304,2,713,0,0,0
6357,4.2699,0.2469,2,713,0,0,0
6358,4.1457,0.2307,2,713,0,0,0
6359,4.1859,0.2676,2,713,0,0,0
6360,4.0831,0.2312,2,713,0,0,0
6361,4.1472,0.209,2,713,0,0,0
6362,4.1963,0.241,2,713,0,0,0
6363,4.2652,0.305,2,713,0,0,0
6364,4.0559,0.2473,2,713,0,0,0
6365,4.2894,0.4385,2,713,0,0,0
6366,4.118,0.2745,2,713,0,0,0
6367,4.1029,0.2525,2,713,0,0,0
6368,4.3307,0.3757,2,713,0,0,0
6369,4.0637,0.2465,2,713,0,0,0
6370,4.17,0.2688,2,713,0,0,0
6371,4.1258,0.2643,2,713,0,0,0
6372,4.1244,0.2548,2,713,0,0,0
6373,4.2223,0.294,2,713,0,0,0
6374,4.1399,0.2068,2,713,0,0,0
6375,4.2003,0.351,2,713,0,0,0
6376,4.1257,0.2231,2,713,0,0,0
6377,4.1639,0.2276,2,713,0,0,0
6378,4.2178,0.2606,2,713,0,0,0
6379,4.1188,0.2284,2,713,0,0,0
6380,4.1685,0.3282,2,713,0,0,0
6381,4.2682,0.2499,2,713,0,0,0
6382,4.1903,0.3482,2,713,0,0,0
6383,4.1067,0.4287,2,713,0,0,0
6384,4.2076,0.4948,2,713,0,0,0
6385,4.0899,0.2581,2,713,0,0,0
6386,4.1259,0.3334,2,713,0,0,0
6387,4.1352,0.2091,2,713,0,0,0
6388,4.2343,0.433,2,713,0,0,0
6389,4.2774,0.22,2,713,0,0,0
6390,4.0747,0.2061,2,713,0,0,0
6391,4.1363,0.2258,2,713,0,0,0
6392,4.1051,0.2139,2,713,0,0,0
6393,4.24,0.2291,2,713,0,0,0
6394,4.1868,0.3593,2,713,0,0,0
6395,4.167,0.2616,2,713,0,0,0
6396,4.126,0.2482,2,713,0,0,0
6397,4.2161,0.4238,2,713,0,0,0
6398,4.1267,0.2254,2,713,0,0,0
6399,4.2044,0.3117,2,713,0,0,0
6400,4.0746,0.3045,2,713,0,0,0
6401,4.2546,0.4426,2,713,0,0,0
6402,4.2134,0.2595,2,713,0,0,0
6403,4.0733,0.2498,2,713,0,0,0
6404,4.5143,0.3662,2,713,0,0,0
6405,3.8144,0.3136,2,713,0,0,0
6406,4.3939,0.2258,2,713,0,0,0
6407,3.9369,0.3395,2,713,0,0,0
6408,4.4493,0.4384,2,713,0,0,0
6409,3.9417,0.248,2,713,0,0,0
6410,4.1489,0.3978,2,713,0,0,0
6411,4.1399,0.2244,2,713,0,0,0
6412,4.1889,0.2431,2,713,0,0,0
6413,4.2591,0.3469,2,713,0,0,0
6414,4.2304,0.3344,2,713,0,0,0
6415,3.9879,0.2201,2,713,0,0,0
6416,4.1192,0.3044,2,713,0,0,0
6417,4.2238,0.2242,2,713,0,0,0
6418,4.1801,0.2289,2,713,0,0,0
6419,4.1509,0.2418,2,713,0,0,0
6420,4.3342,0.4032,2,713,0,0,0
6421,3.9979,0.2491,2,713,0,0,0
6422,4.2226,0.2237,2,713,0,0,0
6423,4.1446,0.2169,2,713,0,0,0
6424,4.1231,0.3137,2,713,0,0,0
6425,4.218,0.4089,2,713,0,0,0
6426,4.1247,0.3332,2,713,0,0,0
6427,4.1693,0.212,2,713,0,0,0
6428,4.1537,0.2486,2,713,0,0,0
6429,4.3522,0.2785,2,713,0,0,0
6430,4.0978,0.2616,2,713,0,0,0
6431,4.1123,0.3665,2,713,0,0,0
6432,4.2385,0.4257,2,713,0,0,0
6433,4.0964,0.2832,2,713,0,0,0
6434,4.1238,0.4738,2,713,0,0,0
6435,4.222,0.2583,2,713,0,0,0
6436,4.1049,0.2161,2,713,0,0,0
6437,4.3003,0.4504,2,713,0,0,0
6438,4.0097,0.3369,2,713,0,0,0
6439,4.1671,0.1881,2,713,0,0,0
6440,4.184,0.219,2,713,0,0,0
6441,4.1526,0.2343,2,713,0,0,0
6442,4.3019,0.4127,2,713,0,0,0
6443,4.0567,0.2623,2,713,0,0,0
6444,4.2055,0.4117,2,713,0,0,0
6445,4.197,0.3692,2,713,0,0,0
6446,4.1142,0.1877,2,713,0,0,0
6447,4.1448,0.2437,2,713,0,0,0
6448,4.13,0.2719,2,713,0,0,0
6449,4.2992,0.2568,2,713,0,0,0
6450,4.1211,0.3908,2,713,0,0,0
6451,4.1157,0.2221,2,713,0,0,0
6452,4.1024,0.2502,2,713,0,0,0
6453,4.2737,0.4247,2,713,0,0,0
6454,4.1261,0.2241,2,713,0,0,0
6455,4.2057,0.2118,2,713,0,0,0
6456,4.1326,0.2929,2,713,0,0,0
6457,4.1888,0.2357,2,713,0,0,0
6458,4.1883,0.3305,2,713,0,0,0
6459,4.1002,0.2232,2,713,0,0,0
6460,4.2191,0.4148,2,713,0,0,0
6461,4.6558,0.5041,53,713,0,0,1
6462,4.0106,0.2762,53,713,0,0,1
6463,3.7995,0.2964,53,713,0,0,1
6464,4.3319,0.4665,53,713,0,0,1
6465,4.0292,0.4333,53,713,0,0,1
6466,4.0747,0.2022,53,713,0,0,1
6467,4.2826,0.3218,53,713,0,0,1
6468,4.1455,0.4028,53,713,0,0,1
6469,4.1825,0.4376,53,713,0,0,1
6470,4.1268,0.302,53,713,0,0,1
6471,4.2638,0.4063,53,713,0,0,1
6472,4.1194,0.3669,53,713,0,0,1
6473,4.1612,0.4147,53,713,0,0,1
6474,4.171,0.315,53,713,0,0,1
6475,4.4401,0.3622,53,713,0,0,1
6476,3.926,0.397,53,713,0,0,1
6477,4.1331,0.2965,53,713,0,0,1
6478,4.1663,0.2779,53,713,0,0,1
6479,4.1633,0.3297,53,713,0,0,1
6480,4.1288,0.3212,53,713,0,0,1
6481,4.1622,0.4307,53,713,0,0,1
6482,4.1737,0.3695,53,713,0,0,1
6483,4.2091,0.2837,53,713,0,0,1
6484,4.168,0.3183,53,713,0,0,1
6485,4.1699,0.4606,53,713,0,0,1
6486,4.1315,0.2911,53,713,0,0,1
6487,4.1486,0.2923,53,713,0,0,1
6488,4.2333,0.2758,53,713,0,0,1
6489,4.1604,0.3052,53,713,0,0,1
6490,4.1574,0.323,53,713,0,0,1
6491,4.4063,0.2905,53,713,0,0,1
6492,3.8643,0.2459,53,713,0,0,1
6493,4.2563,0.4499,53,713,0,0,1
6494,4.1138,0.2869,53,713,0,0,1
6495,4.238,0.3582,53,713,0,0,1
6496,4.1045,0.3808,53,713,0,0,1
6497,4.2461,0.4448,53,713,0,0,1
6498,4.126,0.3248,53,713,0,0,1
6499,4.1052,0.311,53,713,0,0,1
6500,4.2113,0.4073,53,713,0,0,1
6501,4.1518,0.3113,53,713,0,0,1
6502,4.2474,0.2376,53,713,0,0,1
6503,4.0821,0.4181,53,713,0,0,1
6504,4.2721,0.4042,53,713,0,0,1
6505,4.0245,0.2923,53,713,0,0,1
6506,4.5581,0.2905,53,713,0,0,1
6507,3.8307,0.4769,53,713,0,0,1
6508,4.0646,0.457,53,713,0,0,1
6509,4.2905,0.4841,53,713,0,0,1
6510,4.132,0.2855,53,713,0,0,1
6511,4.134,0.282,53,713,0,0,1
6512,4.4054,0.3261,53,713,0,0,1
6513,3.9919,0.2994,53,713,0,0,1
6514,4.1922,0.4335,53,713,0,0,1
6515,4.139,0.3146,53,713,0,0,1
6516,4.1097,0.2935,53,713,0,0,1
6517,4.203,0.3597,53,713,0,0,1
6518,4.1443,0.292,53,713,0,0,1
6519,4.2043,0.4317,53,713,0,0,1
6520,4.0438,0.417,53,713,0,0,1
6521,4.2664,0.3218,53,713,0,0,1
6522,4.1919,0.3338,53,713,0,0,1
6523,4.0869,0.2327,53,713,0,0,1
6524,4.2993,0.4757,53,713,0,0,1
6525,4.0957,0.3313,53,713,0,0,1
6526,4.1213,0.2914,53,713,0,0,1
6527,4.201,0.3198,53,713,0,0,1
6528,4.2122,0.5844,103,713,0,0,1
6529,4.1761,0.3681,103,713,0,0,1
6530,4.098,0.3943,103,713,0,0,1
6531,4.139,0.2918,103,713,0,0,1
6532,4.2333,0.3357,103,713,0,0,1
6533,4.215,0.3255,103,713,0,0,1
6534,4.1243,0.2867,103,713,0,0,1
6535,4.0827,0.2911,103,713,0,0,1
6536,4.5834,0.5173,103,713,0,0,1
6537,3.8344,0.3144,103,713,0,0,1
6538,4.145,0.4257,103,713,0,0,1
6539,4.6283,0.4657,103,713,0,0,1
6540,3.6883,0.3204,103,713,0,0,1
6541,4.2651,0.552,103,713,0,0,1
6542,4.0726,0.3149,103,713,0,0,1
6543,4.1016,0.287,103,713,0,0,1
6544,4.3085,0.2989,103,713,0,0,1
6545,4.1457,0.4412,103,713,0,0,1
6546,4.1648,0.6345,103,713,0,0,1
6547,4.0948,0.2774,103,713,0,0,1
6548,4.1662,0.3161,103,713,0,0,1
6549,4.2504,0.3612,103,713,0,0,1
6550,4.1796,0.2555,103,713,0,0,1
6551,4.1404,0.5192,103,713,0,0,1
6552,4.2573,0.5025,103,713,0,0,1
6553,4.0049,0.3405,103,713,0,0,1
6554,4.2074,0.372,103,713,0,0,1
6555,4.1069,0.3241,103,713,0,0,1
6556,4.2568,0.3528,103,713,0,0,1
6557,4.1679,0.5145,103,713,0,0,1
6558,4.1879,0.4469,103,713,0,0,1
6559,4.0837,0.3167,103,713,0,0,1
6560,4.2261,0.3849,103,713,0,0,1
6561,4.1338,0.3485,103,713,0,0,1
6562,4.1841,0.352,103,713,0,0,1
6563,4.211,0.3604,103,713,0,0,1
6564,4.1222,0.5797,102,713,0,0,1
6565,4.1328,0.3463,102,713,0,0,1
6566,4.1604,0.2546,102,713,0,0,1
6567,4.1669,0.3131,102,713,0,0,1
6568,4.1749,0.3444,102,713,0,0,1
6569,4.2266,0.4792,102,713,0,0,1
6570,4.0657,0.4414,102,713,0,0,1
6571,4.1831,0.324,102,713,0,0,1
6572,4.1533,0.5403,102,713,0,0,1
6573,4.266,0.3709,101,713,0,0,1
6574,4.2299,0.5824,101,713,0,0,1
6575,4.0838,0.4,101,713,0,0,1
6576,4.1137,0.4507,101,713,0,0,1
6577,4.1791,0.3973,101,713,0,0,1
6578,4.1798,0.3278,101,713,0,0,1
6579,4.111,0.2788,101,713,0,0,1
6580,4.204,0.3708,101,713,0,0,1
6581,4.22,0.3639,101,713,0,0,1
6582,4.1237,0.3472,101,713,0,0,1
6583,4.1189,0.2943,101,713,0,0,1
6584,4.246,0.3571,101,713,0,0,1
6585,4.223,0.5709,100,713,0,0,1
6586,4.4361,0.4656,100,713,0,0,1
6587,3.8502,0.3392,100,713,0,0,1
6588,4.1132,0.4931,100,713,0,0,1
6589,4.2337,0.5653,100,713,0,0,1
6590,4.1158,0.3092,100,713,0,0,1
6591,4.1894,0.3664,100,713,0,0,1
6592,4.1475,0.35,100,713,0,0,1
6593,4.1499,0.3117,100,713,0,0,1
6594,4.1866,0.3326,100,713,0,0,1
6595,4.1388,0.2957,150,713,0,0,1
6596,4.2938,0.4983,150,713,0,0,1
6597,4.029,0.3298,150,713,0,0,1
6598,4.2559,0.3204,150,713,0,0,1
6599,4.1554,0.4015,150,713,0,0,1
6600,4.104,0.4377,150,713,0,0,1
6601,4.2048,0.3577,150,713,0,0,1
6602,4.1291,0.2959,150,713,0,0,1
6603,4.1617,0.3671,150,713,0,0,1
6604,4.6999,0.4171,150,713,0,0,1
6605,3.7785,0.4739,150,713,0,0,1
6606,4.023,0.3579,150,713,0,0,1
6607,4.1801,0.4354,150,713,0,0,1
6608,4.2068,0.5937,150,713,0,0,1
6609,4.1745,0.3027,150,713,0,0,1
6610,4.2011,0.4165,150,713,0,0,1
6611,4.1113,0.3753,150,713,0,0,1
6612,4.1319,0.379,150,713,0,0,1
6613,4.209,0.4558,150,713,0,0,1
6614,4.1262,0.2961,150,713,0,0,1
6615,4.3818,0.6289,150,713,0,0,1
6616,3.9243,0.422,150,713,0,0,1
6617,4.265,0.4297,150,713,0,0,1
6618,4.118,0.3743,150,713,0,0,1
6619,4.1291,0.4902,150,713,0,0,1
6620,4.1673,0.3589,150,713,0,0,1
6621,4.2181,0.3043,150,713,0,0,1
6622,4.138,0.35,150,713,0,0,1
6623,4.2155,0.3264,150,713,0,0,1
6624,4.111,0.3581,150,713,0,0,1
6625,4.1788,0.3543,150,713,0,0,1
6626,4.2049,0.5388,150,713,0,0,1
6627,4.1004,0.3518,150,713,0,0,1
6628,4.2477,0.3754,150,713,0,0,1
6629,4.2577,0.5963,150,713,0,0,1
6630,3.9987,0.2885,150,713,0,0,1
6631,4.1611,0.3551,149,713,0,0,1
6632,4.1965,0.4416,149,713,0,0,1
6633,4.1881,0.3271,149,713,0,0,1
6634,4.1787,0.7294,149,713,0,0,1
6635,4.1516,0.365,148,713,0,0,1
6636,4.1469,0.3803,148,713,0,0,1
6637,4.1936,0.3266,148,713,0,0,1
6638,4.1431,0.3501,148,713,0,0,1
6639,4.5031,0.4629,148,713,0,0,1
6640,3.9483,0.7355,148,713,0,0,1
6641,4.1018,0.725,147,713,0,0,1
6642,4.1672,0.3599,147,713,0,0,1
6643,4.1032,0.353,147,713,0,0,1
6644,4.4156,0.4349,145,713,0,0,1
6645,3.997,0.3773,145,713,0,0,1
6646,4.1748,0.3269,145,713,0,0,1
6647,4.0967,0.3292,145,713,0,0,1
6648,4.2761,0.5606,145,713,0,0,1
6649,4.0415,0.2846,145,713,0,0,1
6650,4.2381,0.3758,145,713,0,0,1
6651,4.0854,0.3462,145,713,0,0,1
6652,4.1778,0.6157,145,713,0,0,1
6653,4.1681,0.3729,144,713,0,0,1
6654,4.2384,0.3567,144,713,0,0,1
6655,4.0934,0.3474,144,713,0,0,1
6656,4.1901,0.386,144,713,0,0,1
6657,4.201,0.3545,144,713,0,0,1
6658,4.1335,0.5016,144,713,0,0,1
6659,4.3002,0.49,144,713,0,0,1
6660,4.0173,0.3575,144,713,0,0,1
6661,4.2174,0.3083,144,713,0,0,1
6662,4.1145,0.413,194,713,0,0,1
6663,4.1845,0.3469,194,713,0,0,1
6664,4.2729,0.6733,194,713,0,0,1
6665,4.18,0.5362,194,713,0,0,1
6666,4.0768,0.4396,194,713,0,0,1
6667,4.0985,0.3018,194,713,0,0,1
6668,4.1855,0.4098,194,713,0,0,1
6669,4.2496,0.4234,194,713,0,0,1
6670,4.07,0.4265,194,713,0,0,1
6671,4.2491,0.5315,194,713,0,0,1
6672,4.3134,0.5385,194,713,0,0,1
6673,4.0098,0.416,194,713,0,0,1
6674,4.1612,0.4309,194,713,0,0,1
6675,4.1254,0.3861,194,713,0,0,1
6676,4.17,0.3641,194,713,0,0,1
6677,4.3355,0.5887,192,713,0,0,1
6678,3.9768,0.3553,192,713,0,0,1
6679,4.1803,0.3786,192,713,0,0,1
6680,4.2169,0.401,192,713,0,0,1
6681,4.1489,0.401,192,713,0,0,1
6682,4.1645,0.3583,192,713,0,0,1
6683,4.1825,0.3793,192,713,0,0,1
6684,4.2797,0.5602,192,713,0,0,1
6685,4.0591,0.4444,192,713,0,0,1
6686,4.1674,0.3626,192,713,0,0,1
6687,4.1679,0.4252,192,713,0,0,1
6688,4.0841,0.5197,192,713,0,0,1
6689,4.2586,0.5975,192,713,0,0,1
6690,4.1078,0.3592,192,713,0,0,1
6691,4.1632,0.3793,192,713,0,0,1
6692,4.187,0.3995,192,713,0,0,1
6693,4.1871,0.5013,192,713,0,0,1
6694,4.121,0.3796,192,713,0,0,1
6695,4.2783,0.5001,192,713,0,0,1
6696,4.0556,0.4214,192,713,0,0,1
6697,4.2049,0.4981,192,713,0,0,1
6698,4.177,0.4045,192,713,0,0,1
6699,4.0767,0.2976,192,713,0,0,1
6700,4.2274,0.4194,192,713,0,0,1
6701,4.1357,0.4688,191,713,0,0,1
6702,4.2378,0.3777,191,713,0,0,1
6703,4.1643,0.3316,191,713,0,0,1
6704,4.4565,0.7782,189,713,0,0,1
6705,3.8623,0.552,189,713,0,0,1
6706,4.1841,0.5981,188,713,0,0,1
6707,4.1224,0.3459,188,713,0,0,1
6708,4.1966,0.6978,188,713,0,0,1
6709,4.1354,0.5424,188,713,0,0,1
6710,4.1519,0.3846,188,713,0,0,1
6711,4.2394,0.4296,187,713,0,0,1
6712,4.2351,0.5625,187,713,0,0,1
6713,4.3526,0.5705,187,713,0,0,1
6714,3.8491,0.452,187,713,0,0,1
6715,4.1413,0.3527,187,713,0,0,1
6716,4.4327,0.5333,187,713,0,0,1
6717,3.9856,0.6156,187,713,0,0,1
6718,4.1158,0.3015,187,713,0,0,1
6719,4.2327,0.412,187,713,0,0,1
6720,4.0914,0.3463,186,713,0,0,1
6721,4.2099,0.5899,185,713,0,0,1
6722,4.2152,0.2999,184,713,0,0,1
6723,4.0503,0.3923,184,713,0,0,1
6724,4.2353,0.3423,184,713,0,0,1
6725,4.2506,0.4642,184,713,0,0,1
6726,4.0591,0.3234,184,713,0,0,1
6727,4.153,0.3808,184,713,0,0,1
6728,4.2815,0.5667,183,713,0,0,1
6729,4.0796,0.4711,233,713,0,0,1
6730,4.1618,0.393,233,713,0,0,1
6731,4.1843,0.4756,233,713,0,0,1
6732,4.102,0.4471,233,713,0,0,1
6733,4.3081,0.3315,233,713,0,0,1
6734,4.0773,0.3933,233,713,0,0,1
6735,4.1833,0.4299,233,713,0,0,1
6736,4.1957,0.4255,233,713,0,0,1
6737,4.1687,0.4571,233,713,0,0,1
6738,4.1447,0.4379,233,713,0,0,1
6739,4.1251,0.4273,233,713,0,0,1
6740,4.2059,0.6334,232,713,0,0,1
6741,4.1622,0.3146,232,713,0,0,1
6742,4.1371,0.4145,232,713,0,0,1
6743,4.1826,0.3882,232,713,0,0,1
6744,4.2503,0.4785,232,713,0,0,1
6745,4.0705,0.4598,232,713,0,0,1
6746,4.182,0.4051,232,713,0,0,1
6747,4.1214,0.4284,232,713,0,0,1
6748,4.1898,0.4367,232,713,0,0,1
6749,4.5528,0.5624,231,713,0,0,1
6750,3.8163,0.4272,231,713,0,0,1
6751,4.093,0.3408,231,713,0,0,1
6752,4.387,0.3861,231,713,0,0,1
6753,4.0045,0.3805,231,713,0,0,1
6754,4.1803,0.616,231,713,0,0,1
6755,4.1595,0.4289,231,713,0,0,1
6756,4.1368,0.4324,231,713,0,0,1
6757,4.5527,0.3316,231,713,0,0,1
6758,3.7914,0.4302,229,713,0,0,1
6759,4.221,0.5498,229,713,0,0,1
6760,4.089,0.64,229,713,0,0,1
6761,4.2449,0.4851,229,713,0,0,1
6762,4.153,0.3801,229,713,0,0,1
6763,4.1259,0.3982,228,713,0,0,1
6764,4.241,0.6278,228,713,0,0,1
6765,4.1727,0.562,227,713,0,0,1
6766,4.1069,0.4263,227,713,0,0,1
6767,4.1943,0.4102,227,713,0,0,1
6768,4.0951,0.4092,227,713,0,0,1
6769,4.1636,0.405,227,713,0,0,1
6770,4.2228,0.3382,226,713,0,0,1
6771,4.0864,0.428,226,713,0,0,1
6772,4.3284,0.6729,225,713,0,0,1
6773,4.1481,0.4501,225,713,0,0,1
6774,4.0753,0.4555,224,713,0,0,1
6775,4.1289,0.341,224,713,0,0,1
6776,4.479,0.602,224,713,0,0,1
6777,3.8909,0.3668,224,713,0,0,1
6778,4.1671,0.6376,224,713,0,0,1
6779,4.2356,0.4751,224,713,0,0,1
6780,4.1009,0.3237,223,713,0,0,1
6781,4.2286,0.46,223,713,0,0,1
6782,4.0731,0.3343,222,713,0,0,1
6783,4.246,0.4092,222,713,0,0,1
6784,4.1392,0.5886,221,713,0,0,1
6785,4.1814,0.3559,221,713,0,0,1
6786,4.1788,0.4556,220,713,0,0,1
6787,4.0885,0.3291,220,713,0,0,1
6788,4.2623,0.4409,220,713,0,0,1
6789,4.1353,0.4837,220,713,0,0,1
6790,4.315,0.3281,220,713,0,0,1
6791,4.0289,0.4153,220,713,0,0,1
6792,4.1758,0.4489,220,713,0,0,1
6793,4.1815,0.4646,220,713,0,0,1
6794,4.1732,0.3887,219,713,0,0,1
6795,4.1229,0.3471,219,713,0,0,1
6796,4.1471,0.4758,269,713,0,0,1
6797,4.2274,0.8085,269,713,0,0,1
6798,4.1163,0.3936,269,713,0,0,1
6799,4.1571,0.4285,268,713,0,0,1
6800,4.1658,0.4978,268,713,0,0,1
6801,4.1825,0.3796,268,713,0,0,1
6802,4.2244,0.3488,268,713,0,0,1
6803,4.1578,0.596,268,713,0,0,1
6804,4.1332,0.4906,268,713,0,0,1
6805,4.1488,0.4094,268,713,0,0,1
6806,4.1452,0.4345,268,713,0,0,1
6807,4.1793,0.4682,268,713,0,0,1
6808,4.1824,0.6408,268,713,0,0,1
6809,4.2897,0.3556,268,713,0,0,1
6810,4.1261,0.5191,267,713,0,0,1
6811,4.2059,0.3651,267,713,0,0,1
6812,3.9865,0.3426,267,713,0,0,1
6813,4.1838,0.4986,267,713,0,0,1
6814,4.1795,0.5423,267,713,0,0,1
6815,4.1132,0.3335,267,713,0,0,1
6816,4.3723,0.6181,267,713,0,0,1
6817,4.0397,0.5054,266,713,0,0,1
6818,4.2005,0.3521,266,713,0,0,1
6819,4.8144,0.3362,266,713,0,0,1
6820,3.4143,0.4156,266,713,0,0,1
6821,4.2119,0.4149,266,713,0,0,1
6822,4.2653,0.5728,266,713,0,0,1
6823,4.0993,0.4533,266,713,0,0,1
6824,4.3649,0.4487,265,713,0,0,1
6825,3.9692,0.3638,265,713,0,0,1
6826,4.1259,0.5398,264,713,0,0,1
6827,4.0957,0.4818,264,713,0,0,1
6828,4.2597,0.3843,263,713,0,0,1
6829,4.2131,0.6167,263,713,0,0,1
6830,4.1329,0.4279,263,713,0,0,1
6831,4.1165,0.3942,263,713,0,0,1
6832,4.1657,0.5778,263,713,0,0,1
6833,4.1975,0.574,263,713,0,0,1
6834,4.1547,0.5964,263,713,0,0,1
6835,4.1982,0.3524,263,713,0,0,1
6836,4.1407,0.3586,263,713,0,0,1
6837,4.1833,0.6106,262,713,0,0,1
6838,4.4289,0.3696,262,713,0,0,1
6839,3.8783,0.3411,262,713,0,0,1
6840,4.2535,0.6738,262,713,0,0,1
6841,4.2247,0.5913,262,713,0,0,1
6842,4.1612,0.5482,261,713,0,0,1
6843,4.0674,0.5984,261,713,0,0,1
6844,4.1468,0.4213,260,713,0,0,1
6845,4.169,0.5816,259,713,0,0,1
6846,4.166,0.4369,259,713,0,0,1
6847,4.177,0.4264,257,713,0,0,1
6848,4.1658,0.4354,257,713,0,0,1
6849,4.175,0.3676,257,713,0,0,1
6850,4.1895,0.4614,256,713,0,0,1
6851,4.1378,0.4203,255,713,0,0,1
6852,4.1621,0.4724,253,713,0,0,1
6853,4.158,0.5924,253,713,0,0,1
6854,4.199,0.4163,253,713,0,0,1
6855,4.1326,0.3365,253,713,0,0,1
6856,4.1941,0.4727,252,713,0,0,1
6857,4.1411,0.3717,252,713,0,0,1
6858,4.1805,0.3395,252,713,0,0,1
6859,4.1729,0.4427,252,713,0,0,1
6860,4.2443,0.5788,252,713,0,0,1
6861,4.2038,0.5959,252,713,0,0,1
6862,4.4298,0.5722,251,713,0,0,1
6863,3.8161,0.45,251,713,0,0,1
6864,4.1006,0.4886,301,713,0,0,1
6865,4.3451,0.6342,300,713,0,0,1
6866,4.0291,0.4947,300,713,0,0,1
6867,4.1128,0.3699,299,713,0,0,1
6868,4.2516,0.4366,298,713,0,0,1
6869,4.2702,0.4841,298,713,0,0,1
6870,4.0741,0.4963,298,713,0,0,1
6871,4.0921,0.4293,298,713,0,0,1
6872,4.1917,0.5807,298,713,0,0,1
6873,4.1693,0.3813,298,713,0,0,1
6874,4.1803,0.4139,297,713,0,0,1
6875,4.1554,0.4678,297,713,0,0,1
6876,4.1276,0.3857,297,713,0,0,1
6877,4.2675,0.4849,297,713,0,0,1
6878,4.0684,0.3628,297,713,0,0,1
6879,4.4809,0.55,297,713,0,0,1
6880,3.8346,0.5495,297,713,0,0,1
6881,4.5039,0.5791,296,713,0,0,1
6882,3.9218,0.4354,295,713,0,0,1
6883,4.0884,0.4133,294,713,0,0,1
6884,4.312,0.4595,294,713,0,0,1
6885,4.1183,0.5989,294,713,0,0,1
6886,4.0961,0.3561,294,713,0,0,1
6887,4.2266,0.4416,294,713,0,0,1
6888,4.0928,0.4489,293,713,0,0,1
6889,4.2367,0.4781,292,713,0,0,1
6890,4.1758,0.4648,291,713,0,0,1
6891,4.1636,0.5661,291,713,0,0,1
6892,4.1779,0.5506,291,713,0,0,1
6893,4.1701,0.5633,291,713,0,0,1
6894,4.0665,0.3961,291,713,0,0,1
6895,4.2018,0.3677,291,713,0,0,1
6896,4.2065,0.5806,290,713,0,0,1
6897,4.1591,0.4315,290,713,0,0,1
6898,4.1543,0.6371,290,713,0,0,1
6899,4.1827,0.3533,290,713,0,0,1
6900,4.1222,0.3705,290,713,0,0,1
6901,4.2124,0.5006,290,713,0,0,1
6902,4.107,0.3769,290,713,0,0,1
6903,4.223,0.5777,290,713,0,0,1
6904,4.2924,0.5657,290,713,0,0,1
6905,4.1351,0.5297,289,713,0,0,1
6906,4.0621,0.4252,288,713,0,0,1
6907,4.1279,0.3501,288,713,0,0,1
6908,4.233,0.4026,288,713,0,0,1
6909,4.159,0.5196,288,713,0,0,1
6910,4.1062,0.4143,288,713,0,0,1
6911,4.4176,0.588,288,713,0,0,1
6912,3.9264,0.406,288,713,0,0,1
6913,4.2153,0.4682,288,713,0,0,1
6914,4.1227,0.408,288,713,0,0,1
6915,4.1651,0.5464,288,713,0,0,1
6916,4.2621,0.5768,288,713,0,0,1
6917,4.1933,0.5136,288,713,0,0,1
6918,4.0712,0.4207,288,713,0,0,1
6919,4.1452,0.3683,288,713,0,0,1
6920,4.2159,0.4082,288,713,0,0,1
6921,4.2389,0.4463,287,713,0,0,1
6922,4.0947,0.6796,287,713,0,0,1
6923,4.2325,0.5936,286,713,0,0,1
6924,4.0572,0.3597,286,713,0,0,1
6925,4.1944,0.483,286,713,0,0,1
6926,4.1728,0.442,285,713,0,0,1
6927,4.0826,0.5539,284,713,0,0,1
6928,4.1731,0.4307,284,713,0,0,1
6929,4.2427,0.4442,284,713,0,0,1
6930,4.1486,0.4916,284,713,0,0,1
6931,4.1233,0.4947,334,713,0,0,1
6932,4.519,0.5936,333,713,0,0,1
6933,3.8499,0.4175,333,713,0,0,1
6934,4.1314,0.4965,333,713,0,0,1
6935,4.2584,0.6511,332,713,0,0,1
6936,4.1548,0.5624,332,713,0,0,1
6937,4.1838,0.5154,332,713,0,0,1
6938,4.1097,0.4531,332,713,0,0,1
6939,4.1115,0.3648,332,713,0,0,1
6940,4.2683,0.6339,332,713,0,0,1
6941,4.0889,0.5387,332,713,0,0,1
6942,4.1406,0.6521,332,713,0,0,1
6943,4.2144,0.4721,332,713,0,0,1
6944,4.2051,0.5222,331,713,0,0,1
6945,4.2748,0.4776,331,713,0,0,1
6946,4.1397,0.6924,330,713,0,0,1
6947,4.0672,0.4955,330,713,0,0,1
6948,4.1533,0.3896,329,713,0,0,1
6949,4.1947,0.4403,329,713,0,0,1
6950,4.1217,0.4472,329,713,0,0,1
6951,4.2199,0.5065,329,713,0,0,1
6952,4.1854,0.7431,328,713,0,0,1
6953,4.119,0.4138,328,713,0,0,1
6954,4.1838,0.5995,328,713,0,0,1
6955,4.1501,0.3762,327,713,0,0,1
6956,4.1705,0.45,327,713,0,0,1
6957,4.2375,0.5313,326,713,0,0,1
6958,4.0552,0.4425,326,713,0,0,1
6959,4.2156,0.4306,326,713,0,0,1
6960,4.1577,0.4366,326,713,0,0,1
6961,4.2099,0.42,326,713,0,0,1
6962,4.1772,0.415,324,713,0,0,1
6963,4.1014,0.3937,324,713,0,0,1
6964,4.2238,0.5717,324,713,0,0,1
6965,4.1825,0.5692,324,713,0,0,1
6966,4.1384,0.5985,324,713,0,0,1
6967,4.1269,0.3755,324,713,0,0,1
6968,4.1404,0.6791,324,713,0,0,1
6969,4.2561,0.5525,324,713,0,0,1
6970,4.1338,0.4792,324,713,0,0,1
6971,4.4794,0.4697,322,713,0,0,1
6972,4.0789,0.4608,321,713,0,0,1
6973,3.9502,0.5349,320,713,0,0,1
6974,4.1472,0.3734,320,713,0,0,1
6975,4.1954,0.7183,319,713,0,0,1
6976,4.1669,0.5513,318,713,0,0,1
6977,4.1821,0.6325,317,713,0,0,1
6978,4.0687,0.3948,317,713,0,0,1
6979,4.2482,0.6334,316,713,0,0,1
6980,4.1461,0.4364,315,713,0,0,1
6981,4.1705,0.3938,314,713,0,0,1
6982,4.1227,0.4615,314,713,0,0,1
6983,4.2277,0.506,313,713,0,0,1
6984,4.1241,0.4727,313,713,0,0,1
6985,4.1687,0.3646,313,713,0,0,1
6986,4.1698,0.3786,313,713,0,0,1
6987,4.4627,0.6662,313,713,0,0,1
6988,3.7918,0.8122,313,713,0,0,1
6989,4.5663,0.4611,313,713,0,0,1
6990,3.8588,0.4722,313,713,0,0,1
6991,4.1646,0.4004,313,713,0,0,1
6992,4.6207,0.8253,313,713,0,0,1
6993,3.7385,0.4616,313,713,0,0,1
6994,4.1498,0.4655,313,713,0,0,1
6995,4.182,0.5027,313,713,0,0,1
6996,4.1663,0.3853,312,713,0,0,1
6997,4.193,0.5239,311,713,0,0,1
6998,4.0864,0.4707,361,713,0,0,1
6999,4.197,0.8304,361,713,0,0,1
7000,4.1588,0.5695,360,713,0,0,1
7001,4.2296,0.5864,359,713,0,0,1
7002,4.0649,0.536,359,713,0,0,1
7003,4.2027,0.5744,358,713,0,0,1
7004,4.6524,0.6353,357,713,0,0,1
7005,3.7603,0.4942,357,713,0,0,1
7006,4.0814,0.4014,357,713,0,0,1
7007,4.4838,0.5241,357,713,0,0,1
7008,3.8867,0.5544,357,713,0,0,1
7009,4.3396,0.3974,357,713,0,0,1
7010,3.896,0.4001,357,713,0,0,1
7011,4.2854,0.9517,357,713,0,0,1
7012,4.111,0.7249,357,713,0,0,1
7013,4.5241,0.5325,356,713,0,0,1
7014,4.0743,0.4879,355,713,0,0,1
7015,3.9528,0.4891,355,713,0,0,1
7016,4.3231,0.6835,355,713,0,0,1
7017,3.9729,0.3978,355,713,0,0,1
7018,4.5404,0.5228,355,713,0,0,1
7019,4.0898,0.4791,355,713,0,0,1
7020,3.8222,0.3999,354,713,0,0,1
7021,4.5594,0.6189,354,713,0,0,1
7022,3.8751,0.6372,353,713,0,0,1
7023,4.3239,0.4188,353,713,0,0,1
7024,4.1586,0.5889,352,713,0,0,1
7025,4.0799,0.4868,352,713,0,0,1
7026,4.0734,0.4766,352,713,0,0,1
7027,4.1882,0.4688,349,713,0,0,1
7028,4.1431,0.4466,349,713,0,0,1
7029,4.252,0.4466,347,713,0,0,1
7030,4.1384,0.6871,347,713,0,0,1
7031,4.1438,0.3798,347,713,0,0,1
7032,4.5925,0.5975,346,713,0,0,1
7033,3.7104,0.5985,346,713,0,0,1
7034,4.2114,0.4936,344,713,0,0,1
7035,4.1674,0.7381,344,713,0,0,1
7036,4.3552,0.7342,344,713,0,0,1
7037,4.3655,0.6068,344,713,0,0,1
7038,3.7446,0.4264,343,713,0,0,1
7039,4.1926,0.4065,341,713,0,0,1
7040,4.4133,0.6928,340,713,0,0,1
7041,3.9433,0.4527,340,713,0,0,1
7042,4.3188,0.5821,340,713,0,0,1
7043,3.9363,0.3918,340,713,0,0,1
7044,4.1675,0.448,337,713,0,0,1
7045,4.5841,0.6612,337,713,0,0,1
7046,3.7034,0.3909,337,713,0,0,1
7047,4.4693,0.5414,337,713,0,0,1
7048,3.8389,0.4865,337,713,0,0,1
7049,4.2796,0.6931,336,713,0,0,1
7050,4.1403,0.466,336,713,0,0,1
7051,4.0629,0.3428,334,713,0,0,1
7052,4.1674,0.5512,333,713,0,0,1
7053,4.2362,0.5419,333,713,0,0,1
7054,4.1166,0.3968,333,713,0,0,1
7055,4.5112,0.5626,333,713,0,0,1
7056,3.8332,0.3978,333,713,0,0,1
7057,4.2249,0.4363,333,713,0,0,1
7058,4.1481,0.3705,333,713,0,0,1
7059,4.1116,0.4192,333,713,0,0,1
7060,4.3133,0.6972,326,713,0,0,1
7061,4.169,0.7867,324,713,0,0,1
7062,4.1194,0.4314,324,713,0,0,1
7063,4.1238,0.3796,324,713,0,0,1
7064,4.2414,0.485,324,713,0,0,1
7065,4.1885,0.4668,374,713,0,0,1
7066,4.1442,0.53,374,713,0,0,1
7067,4.1669,0.4284,374,713,0,0,1
7068,4.2692,0.4713,374,713,0,0,1
7069,4.0562,0.5067,372,713,0,0,1
7070,4.1114,0.4765,370,713,0,0,1
7071,4.2102,0.5383,370,713,0,0,1
7072,4.1795,0.525,368,713,0,0,1
7073,4.1757,0.4819,368,713,0,0,1
7074,4.2239,0.8815,368,713,0,0,1
7075,4.0434,0.4587,368,713,0,0,1
7076,4.1894,0.5013,368,713,0,0,1
7077,4.2404,0.5209,368,713,0,0,1
7078,4.1023,0.4274,368,713,0,0,1
7079,4.1607,0.6258,368,713,0,0,1
7080,4.2661,0.6652,368,713,0,0,1
7081,4.1004,0.4478,367,713,0,0,1
7082,4.1437,0.3984,365,713,0,0,1
7083,4.09,0.427,364,713,0,0,1
7084,4.2741,0.4716,364,713,0,0,1
7085,4.2158,0.6295,362,713,0,0,1
7086,4.1419,0.6411,362,713,0,0,1
7087,4.0866,0.4545,362,713,0,0,1
7088,4.1756,0.4981,361,713,0,0,1
7089,4.2244,0.7686,360,713,0,0,1
7090,4.3986,0.5384,360,713,0,0,1
7091,3.8807,0.5108,360,713,0,0,1
7092,4.1704,0.5154,360,713,0,0,1
7093,4.1392,0.6987,360,713,0,0,1
7094,4.2288,0.4646,360,713,0,0,1
7095,4.1093,0.4827,360,713,0,0,1
7096,4.1459,0.6201,359,713,0,0,1
7097,4.5034,0.6149,357,713,0,0,1
7098,3.8949,0.6948,357,713,0,0,1
7099,4.1077,0.3844,355,713,0,0,1
7100,4.2271,0.4831,354,713,0,0,1
7101,4.1355,0.5574,354,713,0,0,1
7102,4.133,0.4023,354,713,0,0,1
7103,4.2413,0.4504,352,713,0,0,1
7104,4.1346,0.6263,352,713,0,0,1
7105,4.1414,0.742,352,713,0,0,1
7106,4.2276,0.5006,352,713,0,0,1
7107,4.1286,0.506,351,713,0,0,1
7108,4.2169,0.559,350,713,0,0,1
7109,4.2069,0.6045,350,713,0,0,1
7110,4.0888,0.54,349,713,0,0,1
7111,4.1517,0.3946,348,713,0,0,1
7112,4.1843,0.5201,348,713,0,0,1
7113,4.1722,0.3967,348,713,0,0,1
7114,4.158,0.4467,348,713,0,0,1
7115,4.2056,0.4566,348,713,0,0,1
7116,4.3842,0.4792,346,713,0,0,1
7117,3.9325,0.7489,345,713,0,0,1
7118,4.0934,0.4629,345,713,0,0,1
7119,4.2126,0.498,344,713,0,0,1
7120,4.1624,0.4587,344,713,0,0,1
7121,4.599,0.4012,344,713,0,0,1
7122,4.0195,0.6794,344,713,0,0,1
7123,3.872,0.4151,344,713,0,0,1
7124,4.2883,0.7237,343,713,0,0,1
7125,4.0867,0.4205,342,713,0,0,1
7126,4.1537,0.455,341,713,0,0,1
7127,4.2044,0.5478,334,713,0,0,1
7128,4.2083,0.7313,332,713,0,0,1
7129,4.0819,0.5745,332,713,0,0,1
7130,4.1269,0.4329,332,713,0,0,1
7131,4.1823,0.3891,332,713,0,0,1
7132,4.2175,0.5106,382,713,0,0,1
7133,4.2031,0.4853,382,713,0,0,1
7134,4.1042,0.4445,381,713,0,0,1
7135,4.1481,0.4056,379,713,0,0,1
7136,4.1801,0.6252,379,713,0,0,1
7137,4.1746,0.4188,379,713,0,0,1
7138,4.21,0.5547,379,713,0,0,1
7139,4.1782,0.4716,379,713,0,0,1
7140,4.3081,0.4083,378,713,0,0,1
7141,3.9985,0.6291,378,713,0,0,1
7142,4.1871,0.4995,378,713,0,0,1
7143,4.2099,0.6557,378,713,0,0,1
7144,4.1248,0.6859,378,713,0,0,1
7145,4.1818,0.497,378,713,0,0,1
7146,4.0769,0.4172,377,713,0,0,1
7147,4.1458,0.414,377,713,0,0,1
7148,4.2074,0.5024,376,713,0,0,1
7149,4.2733,0.6054,374,713,0,0,1
7150,4.0429,0.4138,374,713,0,0,1
7151,4.261,0.5018,374,713,0,0,1
7152,4.2177,0.6059,374,713,0,0,1
7153,4.0458,0.4508,374,713,0,0,1
7154,4.1805,0.4317,374,713,0,0,1
7155,4.1066,0.6033,374,713,0,0,1
7156,4.2545,0.5573,373,713,0,0,1
7157,4.2421,0.6335,373,713,0,0,1
7158,4.0849,0.5806,373,713,0,0,1
7159,4.1033,0.4997,373,713,0,0,1
7160,4.1928,0.6477,372,713,0,0,1
7161,4.1035,0.5066,372,713,0,0,1
7162,4.3285,0.6781,371,713,0,0,1
7163,4.0476,0.5547,371,713,0,0,1
7164,4.2632,0.4877,371,713,0,0,1
7165,4.1561,0.5973,371,713,0,0,1
7166,4.0683,0.4831,371,713,0,0,1
7167,4.202,0.6181,371,713,0,0,1
7168,4.2147,0.5798,371,713,0,0,1
7169,4.167,0.461,370,713,0,0,1
7170,4.114,0.4817,369,713,0,0,1
7171,4.1273,0.4137,368,713,0,0,1
7172,4.2002,0.439,367,713,0,0,1
7173,4.2454,0.4384,366,713,0,0,1
7174,4.1475,0.6762,366,713,0,0,1
7175,4.1526,0.4489,365,713,0,0,1
7176,4.1046,0.4257,364,713,0,0,1
7177,4.2428,0.4625,362,713,0,0,1
7178,4.1841,0.4107,362,713,0,0,1
7179,4.0438,0.4669,361,713,0,0,1
7180,4.2739,0.6096,360,713,0,0,1
7181,4.2938,0.6091,357,713,0,0,1
7182,4.0537,0.4612,357,713,0,0,1
7183,4.1008,0.4868,353,713,0,0,1
7184,4.2197,0.6446,353,713,0,0,1
7185,4.1734,0.5122,353,713,0,0,1
7186,4.1408,0.6415,353,713,0,0,1
7187,4.1539,0.4409,352,713,0,0,1
7188,4.379,0.5769,351,713,0,0,1
7189,3.9626,0.4487,351,713,0,0,1
7190,4.1096,0.3851,351,713,0,0,1
7191,4.1996,0.4597,349,713,0,0,1
7192,4.2577,0.6285,348,713,0,0,1
7193,4.2162,0.6243,348,713,0,0,1
7194,4.0728,0.8418,340,713,0,0,1
7195,4.1226,0.5423,340,713,0,0,1
7196,4.1695,0.5504,340,713,0,0,1
7197,4.2366,0.5963,339,713,0,0,1
7198,4.0642,0.7126,339,713,0,0,1
7199,4.2829,0.6388,339,713,0,0,1
7200,4.0608,0.8998,389,713,0,0,1
7201,4.1937,0.4661,389,713,0,0,1
7202,4.2466,0.601,389,713,0,0,1
7203,4.0549,0.4169,387,713,0,0,1
7204,4.2397,0.4351,387,713,0,0,1
7205,4.3122,0.6346,386,713,0,0,1
7206,4.01,0.412,386,713,0,0,1
7207,4.0891,0.418,385,713,0,0,1
7208,4.2121,0.5108,385,713,0,0,1
7209,4.2454,0.4542,384,713,0,0,1
7210,4.1543,0.4909,384,713,0,0,1
7211,4.1177,0.5161,384,713,0,0,1
7212,4.2792,0.4851,384,713,0,0,1
7213,4.1207,0.5532,384,713,0,0,1
7214,4.1084,0.4197,384,713,0,0,1
7215,4.5889,0.4354,384,713,0,0,1
7216,3.7691,0.4591,384,713,0,0,1
7217,4.1384,0.4169,384,713,0,0,1
7218,4.1671,0.604,384,713,0,0,1
7219,4.1267,0.4154,383,713,0,0,1
7220,4.1713,0.4794,382,713,0,0,1
7221,4.176,0.4463,382,713,0,0,1
7222,4.1418,0.4115,382,713,0,0,1
7223,4.1937,0.4489,382,713,0,0,1
7224,4.2227,0.6895,382,713,0,0,1
7225,4.1863,0.7139,381,713,0,0,1
7226,4.0898,0.4307,381,713,0,0,1
7227,4.5091,0.6598,381,713,0,0,1
7228,3.8034,0.4326,381,713,0,0,1
7229,4.4905,0.6796,381,713,0,0,1
7230,3.8529,0.426,381,713,0,0,1
7231,4.1751,0.4953,381,713,0,0,1
7232,4.1844,0.6742,381,713,0,0,1
7233,4.1146,0.6394,381,713,0,0,1
7234,4.2126,0.5396,381,713,0,0,1
7235,4.1093,0.6508,381,713,0,0,1
7236,4.419,0.5617,380,713,0,0,1
7237,4.3104,0.7287,379,713,0,0,1
7238,3.796,0.4744,377,713,0,0,1
7239,4.5241,0.6797,377,713,0,0,1
7240,3.9463,0.7265,376,713,0,0,1
7241,4.415,0.5639,376,713,0,0,1
7242,3.8333,0.5332,375,713,0,0,1
7243,4.1883,0.5931,374,713,0,0,1
7244,4.0812,0.3835,372,713,0,0,1
7245,4.2949,0.597,372,713,0,0,1
7246,4.0564,0.3431,371,713,0,0,1
7247,4.1823,0.3916,369,713,0,0,1
7248,4.3018,0.8314,368,713,0,0,1
7249,4.2171,0.6169,367,713,0,0,1
7250,4.0812,0.4014,367,713,0,0,1
7251,4.1113,0.4538,366,713,0,0,1
7252,4.1038,0.6893,364,713,0,0,1
7253,4.2597,0.4457,363,713,0,0,1
7254,4.4128,0.4035,362,713,0,0,1
7255,3.8534,0.4031,362,713,0,0,1
7256,4.2351,0.7406,361,713,0,0,1
7257,4.1279,0.4112,361,713,0,0,1
7258,4.5611,0.51,360,713,0,0,1
7259,3.7338,0.5149,360,713,0,0,1
7260,4.3784,0.5301,360,713,0,0,1
7261,4.043,0.5457,352,713,0,0,1
7262,4.0786,0.4695,352,713,0,0,1
7263,4.1506,0.4616,352,713,0,0,1
7264,4.2495,0.5458,351,713,0,0,1
7265,4.121,0.461,350,713,0,0,1
7266,4.1823,0.4308,350,713,0,0,1
7267,4.1151,0.6077,400,713,0,0,1
7268,4.1586,0.6009,400,713,0,0,1
7269,4.2178,0.6098,399,713,0,0,1
7270,4.1937,0.4707,398,713,0,0,1
7271,4.1873,0.4916,397,713,0,0,1
7272,4.238,0.7401,396,713,0,0,1
7273,4.1108,0.68,396,713,0,0,1
7274,4.0928,0.4034,395,713,0,0,1
7275,4.2672,0.6566,395,713,0,0,1
7276,4.1017,0.4401,395,713,0,0,1
7277,4.224,0.5039,394,713,0,0,1
7278,4.136,0.4844,394,713,0,0,1
7279,4.0772,0.423,394,713,0,0,1
7280,4.1878,0.7548,393,713,0,0,1
7281,4.2279,0.4566,393,713,0,0,1
7282,4.1545,0.5168,392,713,0,0,1
7283,4.1439,0.4814,392,713,0,0,1
7284,4.4392,0.5536,391,713,0,0,1
7285,3.9267,0.5857,390,713,0,0,1
7286,4.1608,0.5832,390,713,0,0,1
7287,4.1449,0.5975,390,713,0,0,1
7288,4.2105,0.7248,389,713,0,0,1
7289,4.17,0.7883,388,713,0,0,1
7290,4.1722,0.6194,388,713,0,0,1
7291,4.094,0.4921,388,713,0,0,1
7292,4.2455,0.4478,388,713,0,0,1
7293,4.2064,0.7475,388,713,0,0,1
7294,4.0861,0.4645,388,713,0,0,1
7295,4.179,0.8026,388,713,0,0,1
7296,4.2491,0.6587,387,713,0,0,1
7297,4.066,0.4857,386,713,0,0,1
7298,4.1733,0.5227,385,713,0,0,1
7299,4.1277,0.7424,384,713,0,0,1
7300,4.276,0.745,383,713,0,0,1
7301,4.1678,0.7494,382,713,0,0,1
7302,4.0641,0.4747,381,713,0,0,1
7303,4.1596,0.474,381,713,0,0,1
7304,4.2099,0.5929,381,713,0,0,1
7305,4.1922,0.4918,381,713,0,0,1
7306,4.1602,0.6501,379,713,0,0,1
7307,4.093,0.5028,379,713,0,0,1
7308,4.3033,0.417,378,713,0,0,1
7309,4.0735,0.4585,378,713,0,0,1
7310,4.1067,0.3888,376,713,0,0,1
7311,4.2508,0.4311,375,713,0,0,1
7312,4.1346,0.6388,375,713,0,0,1
7313,4.4027,0.4092,375,713,0,0,1
7314,3.8987,0.4487,375,713,0,0,1
7315,4.1447,0.4167,375,713,0,0,1
7316,4.2074,0.4673,374,713,0,0,1
7317,4.2411,0.4708,373,713,0,0,1
7318,4.0687,0.5977,373,713,0,0,1
7319,4.2444,0.5727,373,713,0,0,1
7320,4.1475,0.4768,373,713,0,0,1
7321,4.1942,0.469,373,713,0,0,1
7322,4.0864,0.4118,373,713,0,0,1
7323,4.235,0.5149,373,713,0,0,1
7324,4.1642,0.8326,371,713,0,0,1
7325,4.2136,0.6733,371,713,0,0,1
7326,4.1145,0.4996,371,713,0,0,1
7327,4.1179,0.5218,370,713,0,0,1
7328,4.1694,0.4955,360,713,0,0,1
7329,4.2373,0.5514,359,713,0,0,1
7330,4.1171,0.5826,358,713,0,0,1
7331,4.157,0.6518,358,713,0,0,1
7332,4.4291,0.4642,356,713,0,0,1
7333,3.951,0.4786,356,713,0,0,1
7334,4.0973,0.443,406,713,0,0,1
7335,4.4949,0.707,405,713,0,0,1
7336,3.854,0.4712,404,713,0,0,1
7337,4.3088,0.7017,404,713,0,0,1
7338,4.1211,0.7085,404,713,0,0,1
7339,4.0646,0.4892,404,713,0,0,1
7340,4.1803,0.479,404,713,0,0,1
7341,4.2125,0.6226,403,713,0,0,1
7342,4.1559,0.5819,403,713,0,0,1
7343,4.4348,0.748,403,713,0,0,1
7344,3.8533,0.6091,403,713,0,0,1
7345,4.2436,0.5132,401,713,0,0,1
7346,4.0822,0.4622,400,713,0,0,1
7347,4.1776,0.5488,399,713,0,0,1
7348,4.2096,0.5031,399,713,0,0,1
7349,4.26,0.6404,399,713,0,0,1
7350,4.1116,0.6065,399,713,0,0,1
7351,4.0858,0.4397,399,713,0,0,1
7352,4.2242,0.5798,399,713,0,0,1
7353,4.1174,0.6625,399,713,0,0,1
7354,4.2083,0.4997,399,713,0,0,1
7355,4.1788,0.62,399,713,0,0,1
7356,4.4794,0.4365,399,713,0,0,1
7357,4.1284,0.7051,399,713,0,0,1
7358,3.8415,0.4352,399,713,0,0,1
7359,4.1786,0.4939,399,713,0,0,1
7360,4.2189,0.5131,399,713,0,0,1
7361,4.077,0.4511,399,713,0,0,1
7362,4.2272,0.6848,399,713,0,0,1
7363,4.1252,0.4505,399,713,0,0,1
7364,4.1962,0.4779,398,713,0,0,1
7365,4.1921,0.6126,398,713,0,0,1
7366,4.1667,0.473,398,713,0,0,1
7367,4.1296,0.4471,398,713,0,0,1
7368,4.1528,0.6674,398,713,0,0,1
7369,4.223,0.7133,397,713,0,0,1
7370,4.1672,0.4239,396,713,0,0,1
7371,4.406,0.5324,395,713,0,0,1
7372,3.941,0.4671,394,713,0,0,1
7373,4.4479,0.4084,394,713,0,0,1
7374,3.8689,0.5732,392,713,0,0,1
7375,4.0836,0.4243,392,713,0,0,1
7376,4.3131,0.666,391,713,0,0,1
7377,4.1068,0.5741,391,713,0,0,1
7378,5.0084,0.4589,391,713,0,0,1
7379,3.5766,0.4233,391,713,0,0,1
7380,8.1355,0.6091,390,713,0,0,1
7381,4.1098,0.3602,390,713,0,0,1
7382,4.2163,0.4507,389,713,0,0,1
7383,4.1557,0.3979,386,713,0,0,1
7384,8.4037,0.4057,384,713,0,0,1
7385,4.0393,0.6177,383,713,0,0,1
7386,4.235,0.3428,381,713,0,0,1
7387,4.1348,0.3522,381,713,0,0,1
7388,4.4167,0.4042,380,713,0,0,1
7389,4.261,0.6419,379,713,0,0,1
7390,3.8228,0.416,378,713,0,0,1
7391,4.4645,0.439,378,713,0,0,1
7392,3.8917,0.4445,378,713,0,0,1
7393,4.1736,0.4143,371,713,0,0,1
7394,4.4384,0.5195,368,713,0,0,1
7395,4.1085,0.5001,368,713,0,0,1
7396,4.1705,0.4384,368,713,0,0,1
7397,3.8823,0.4495,368,713,0,0,1
7398,4.4168,0.4763,368,713,0,0,1
7399,4.0281,0.548,417,714,1,0,1
7400,4.0893,0.6808,417,714,0,0,1
7401,4.2063,0.5402,416,714,0,0,1
7402,4.4386,0.4701,414,714,0,0,1
7403,4.1042,0.722,413,714,0,0,1
7404,3.8661,0.4613,413,714,0,0,1
7405,4.2323,0.7006,413,714,0,0,1
7406,4.1007,0.6402,412,714,0,0,1
7407,4.2723,0.6413,411,714,0,0,1
7408,4.3254,0.7202,410,714,0,0,1
7409,3.9431,0.5198,410,714,0,0,1
7410,4.2077,0.5099,410,714,0,0,1
7411,4.1356,0.5219,410,714,0,0,1
7412,4.4933,0.9064,410,714,0,0,1
7413,3.7751,0.4882,409,714,0,0,1
7414,4.224,0.479,406,714,0,0,1
7415,4.5652,0.4997,406,714,0,0,1
7416,3.703,0.4124,406,714,0,0,1
7417,4.1957,0.4116,405,714,0,0,1
7418,4.114,0.4051,405,714,0,0,1
7419,4.246,0.8403,405,714,0,0,1
7420,4.0588,0.5183,405,714,0,0,1
7421,4.1798,0.3933,405,714,0,0,1
7422,4.223,0.4331,404,714,0,0,1
7423,4.1273,0.3967,403,714,0,0,1
7424,4.257,0.6163,403,714,0,0,1
7425,4.1318,0.4093,403,714,0,0,1
7426,4.2235,0.3751,403,714,0,0,1
7427,4.3706,0.453,403,714,0,0,1
7428,3.8515,0.3821,403,714,0,0,1
7429,4.1456,0.5059,403,714,0,0,1
7430,4.2321,0.589,402,714,0,0,1
7431,8.7468,0.5572,401,714,0,0,1
7432,3.7716,0.4154,401,714,0,0,1
7433,4.4086,0.5701,399,714,0,0,1
7434,3.8203,0.4446,398,714,0,0,1
7435,4.1801,0.4023,398,714,0,0,1
7436,4.3305,0.5695,398,714,0,0,1
7437,4.0957,0.4047,396,714,0,0,1
7438,4.4512,0.5991,396,714,0,0,1
7439,3.8564,0.4899,396,714,0,0,1
7440,4.1662,0.4608,394,714,0,0,1
7441,4.1416,0.4313,394,714,0,0,1
7442,4.1738,0.4413,393,714,0,0,1
7443,4.2635,0.5532,391,714,0,0,1
7444,4.0144,0.4746,390,714,0,0,1
7445,4.3003,0.4796,389,714,0,0,1
7446,4.0356,0.4262,389,714,0,0,1
7447,4.1972,0.4532,389,714,0,0,1
7448,4.1616,0.6451,389,714,0,0,1
7449,8.4027,0.5777,386,714,0,0,1
7450,4.1703,0.4996,386,714,0,0,1
7451,4.3634,0.6902,386,714,0,0,1
7452,3.9878,0.4669,386,714,0,0,1
7453,4.2079,0.4558,386,714,0,0,1
7454,4.105,0.467,384,714,0,0,1
7455,4.163,0.5398,383,714,0,0,1
7456,4.4703,0.5344,382,714,0,0,1
7457,4.2202,0.4292,382,714,0,0,1
7458,4.013,0.4164,382,714,0,0,1
7459,3.9171,0.4397,375,714,0,0,1
7460,4.1532,0.3973,375,714,0,0,1
7461,4.4486,0.6224,374,714,0,0,1
7462,4.0091,0.5741,374,714,0,0,1
7463,4.1442,0.4775,374,714,0,0,1
7464,4.1243,0.5018,422,719,5,0,1
7465,4.3641,0.6673,422,719,0,0,1
7466,4.176,0.7152,422,719,0,0,1
7467,3.9626,0.6684,422,719,0,0,1
7468,4.323,0.5906,422,719,0,0,1
7469,3.9266,0.4414,421,719,0,0,1
7470,4.4441,0.408,420,719,0,0,1
7471,4.0966,0.4749,420,719,0,0,1
7472,4.122,0.4196,419,719,0,0,1
7473,4.0601,0.5776,419,719,0,0,1
7474,4.1707,0.4291,418,719,0,0,1
7475,4.3361,0.4927,417,719,0,0,1
7476,3.993,0.4939,417,719,0,0,1
7477,4.1561,0.5806,416,719,0,0,1
7478,4.1326,0.4051,415,719,0,0,1
7479,4.1597,0.4315,415,719,0,0,1
7480,4.1833,0.4477,414,719,0,0,1
7481,4.1708,0.4536,412,719,0,0,1
7482,4.2008,0.5215,412,719,0,0,1
7483,4.1113,0.4182,412,719,0,0,1
7484,4.1766,0.6353,410,719,0,0,1
7485,4.3235,0.7279,410,719,0,0,1
7486,4.0287,0.3894,408,719,0,0,1
7487,4.2337,0.5522,406,719,0,0,1
7488,4.1892,0.5609,406,719,0,0,1
7489,4.5007,0.391,406,719,0,0,1
7490,3.7833,0.41,406,719,0,0,1
7491,4.1914,0.3954,406,719,0,0,1
7492,4.1325,0.5969,406,719,0,0,1
7493,4.1416,0.7868,405,719,0,0,1
7494,4.117,0.3982,404,719,0,0,1
7495,4.19,0.4013,403,719,0,0,1
7496,4.2284,1.0864,403,719,0,0,1
7497,4.5168,0.4736,403,719,0,0,1
7498,3.8262,0.4415,403,719,0,0,1
7499,4.1586,0.4369,403,719,0,0,1
7500,4.1185,0.4291,400,719,0,0,1
7501,4.1964,0.4372,399,719,0,0,1
7502,4.1118,0.4294,397,719,0,0,1
7503,4.1997,0.4635,396,719,0,0,1
7504,4.2214,0.4896,396,719,0,0,1
7505,4.195,0.5767,395,719,0,0,1
7506,4.3388,0.5784,394,719,0,0,1
7507,4.1598,0.5761,393,719,0,0,1
7508,3.915,0.6447,393,719,0,0,1
7509,4.1544,0.5274,392,719,0,0,1
7510,4.2014,0.4604,391,719,0,0,1
7511,4.1439,0.479,390,719,0,0,1
7512,4.2846,0.5458,389,719,0,0,1
7513,4.061,0.4567,387,719,0,0,1
7514,4.2803,0.7694,387,719,0,0,1
7515,4.1028,0.6741,387,719,0,0,1
7516,4.2004,0.7179,386,719,0,0,1
7517,4.1443,0.5075,385,719,0,0,1
7518,4.2413,0.7752,385,719,0,0,1
7519,4.327,0.7204,384,719,0,0,1
7520,4.0337,0.512,383,719,0,0,1
7521,4.3806,0.7938,381,719,0,0,1
7522,3.8151,0.4653,381,719,0,0,1
7523,4.1488,0.4678,381,719,0,0,1
7524,4.1692,0.4934,380,719,0,0,1
7525,4.3378,0.5472,380,719,0,0,1
7526,4.0128,0.5256,373,719,0,0,1
7527,4.1481,0.4856,373,719,0,0,1
7528,4.1463,0.6576,372,719,0,0,1
7529,4.1488,0.4305,372,719,0,0,1
7530,4.1649,0.4561,372,719,0,0,1
7531,4.2135,0.5266,372,719,0,0,1
7532,4.235,0.6339,421,719,0,0,1
7533,4.0233,0.4111,421,719,0,0,1
7534,4.1959,0.4412,418,719,0,0,1
7535,4.1766,0.4241,417,719,0,0,1
7536,4.2118,0.5532,417,719,0,0,1
7537,4.1682,0.3774,416,719,0,0,1
7538,4.3697,0.5654,413,719,0,0,1
7539,3.949,0.3858,413,719,0,0,1
7540,4.1629,0.3772,412,719,0,0,1
7541,4.1215,0.375,412,719,0,0,1
7542,4.4433,0.6075,411,719,0,0,1
7543,4.0596,0.7266,411,719,0,0,1
7544,4.0639,0.5921,410,719,0,0,1
7545,4.3175,0.4852,410,719,0,0,1
7546,3.9513,0.4653,409,719,0,0,1
7547,4.1841,0.4308,408,719,0,0,1
7548,4.157,0.4061,407,719,0,0,1
7549,4.1759,0.4067,407,719,0,0,1
7550,4.1972,0.4063,407,719,0,0,1
7551,4.1295,0.3955,407,719,0,0,1
7552,4.3789,0.4292,407,719,0,0,1
7553,3.9955,0.4059,406,719,0,0,1
7554,4.1159,0.3665,406,719,0,0,1
7555,4.197,0.3646,405,719,0,0,1
7556,4.2168,0.5383,404,719,0,0,1
7557,4.3324,0.5409,404,719,0,0,1
7558,3.9235,0.3543,404,719,0,0,1
7559,4.172,0.3778,404,719,0,0,1
7560,4.3298,0.5297,403,719,0,0,1
7561,4.1004,0.851,402,719,0,0,1
7562,4.0842,0.4768,402,719,0,0,1
7563,4.1579,0.4274,402,719,0,0,1
7564,4.1481,0.4111,400,719,0,0,1
7565,4.2148,0.5147,399,719,0,0,1
7566,4.3043,0.4317,398,719,0,0,1
7567,4.0325,0.4731,398,719,0,0,1
7568,4.2249,0.4461,397,719,0,0,1
7569,4.1289,0.6899,397,719,0,0,1
7570,4.1398,0.7149,396,719,0,0,1
7571,4.13,0.3923,396,719,0,0,1
7572,4.2158,0.4682,395,719,0,0,1
7573,4.1244,0.38,395,719,0,0,1
7574,4.1659,0.5048,395,719,0,0,1
7575,4.4264,0.3856,394,719,0,0,1
7576,3.9274,0.4244,393,719,0,0,1
7577,4.1948,0.3953,392,719,0,0,1
7578,4.1484,0.3654,391,719,0,0,1
7579,4.1628,0.3734,388,719,0,0,1
7580,4.1604,0.4133,388,719,0,0,1
7581,4.2923,0.5479,388,719,0,0,1
7582,4.1363,0.3817,387,719,0,0,1
7583,4.0699,0.3933,387,719,0,0,1
7584,4.2055,0.4097,387,719,0,0,1
7585,4.1566,0.3603,387,719,0,0,1
7586,4.1233,0.571,387,719,0,0,1
7587,4.1869,0.362,387,719,0,0,1
7588,4.1816,0.3744,386,719,0,0,1
7589,4.1562,0.3577,386,719,0,0,1
7590,4.1663,0.3552,385,719,0,0,1
7591,4.1587,0.4052,384,719,0,0,1
7592,4.167,0.359,384,719,0,0,1
7593,4.3105,0.4969,376,719,0,0,1
7594,3.998,0.3428,376,719,0,0,1
7595,4.2144,0.3669,375,719,0,0,1
7596,4.1046,0.3447,374,719,0,0,1
7597,5.0098,0.3282,374,719,0,0,1
7598,3.3432,0.3341,374,719,0,0,1
7599,4.179,0.3742,424,719,0,0,1
7600,4.3369,0.5805,423,719,0,0,1
7601,4.0386,0.5731,422,719,0,0,1
7602,4.1119,0.4299,421,719,0,0,1
7603,4.1709,0.4183,421,719,0,0,1
7604,4.1758,0.5802,420,719,0,0,1
7605,4.2132,0.5227,420,719,0,0,1
7606,4.0983,0.6115,420,719,0,0,1
7607,4.1775,0.3654,418,719,0,0,1
7608,4.172,0.3962,417,719,0,0,1
7609,4.1674,0.3783,416,719,0,0,1
7610,4.1549,0.3445,416,719,0,0,1
7611,4.1849,0.3466,415,719,0,0,1
7612,4.1532,0.6249,415,719,0,0,1
7613,4.2204,0.5708,415,719,0,0,1
7614,4.1236,0.3785,415,719,0,0,1
7615,4.1819,0.3982,415,719,0,0,1
7616,4.154,0.4009,414,719,0,0,1
7617,4.1996,0.6135,413,719,0,0,1
7618,4.1158,0.3776,413,719,0,0,1
7619,4.154,0.3598,413,719,0,0,1
7620,4.2431,0.548,410,719,0,0,1
7621,4.1214,0.3491,409,719,0,0,1
7622,4.1306,0.3682,409,719,0,0,1
7623,4.2328,0.5055,409,719,0,0,1
7624,4.204,0.516,409,719,0,0,1
7625,4.1285,0.4419,409,719,0,0,1
7626,4.276,0.4741,408,719,0,0,1
7627,4.1333,0.4535,408,719,0,0,1
7628,4.08,0.3808,407,719,0,0,1
7629,4.3081,0.3604,406,719,0,0,1
7630,4.0147,0.3738,406,719,0,0,1
7631,4.2653,0.4976,406,719,0,0,1
7632,4.2391,0.6199,405,719,0,0,1
7633,4.1332,0.5931,404,719,0,0,1
7634,4.0617,0.4847,402,719,0,0,1
7635,4.1184,0.5142,400,719,0,0,1
7636,4.222,0.6313,399,719,0,0,1
7637,4.0858,0.577,399,719,0,0,1
7638,4.4015,0.4909,399,719,0,0,1
7639,4.1174,0.5055,399,719,0,0,1
7640,4.0511,0.4947,398,719,0,0,1
7641,4.2889,0.3441,396,719,0,0,1
7642,3.9948,0.349,394,719,0,0,1
7643,4.3213,0.5511,391,719,0,0,1
7644,4.0746,0.3561,391,719,0,0,1
7645,4.0888,0.3737,390,719,0,0,1
7646,4.2203,0.5278,389,719,0,0,1
7647,4.1308,0.3511,389,719,0,0,1
7648,4.2848,0.4792,389,719,0,0,1
7649,4.1863,0.4251,388,719,0,0,1
7650,4.1786,0.4959,387,719,0,0,1
7651,4.196,0.5229,386,719,0,0,1
7652,4.1655,0.4661,386,719,0,0,1
7653,4.1114,0.4188,386,719,0,0,1
7654,4.0249,0.3368,385,719,0,0,1
7655,4.2632,0.5654,385,719,0,0,1
7656,4.2497,0.5092,384,719,0,0,1
7657,4.1693,0.477,383,719,0,0,1
7658,4.1768,0.4929,382,719,0,0,1
7659,4.0047,0.3671,381,719,0,0,1
7660,4.366,0.3531,373,719,0,0,1
7661,4.1197,0.4373,371,719,0,0,1
7662,4.076,0.4424,371,719,0,0,1
7663,4.1581,0.6577,370,719,0,0,1
7664,4.4558,0.4108,369,719,0,0,1
7665,3.9559,0.5507,368,719,0,0,1
7666,4.0362,0.4577,417,719,0,0,1
7667,4.2814,0.5114,417,719,0,0,1
7668,4.1551,0.5185,417,719,0,0,1
7669,4.0214,0.3789,416,719,0,0,1
7670,4.2623,0.5424,416,719,0,0,1
7671,4.0893,0.3555,416,719,0,0,1
7672,4.2978,0.476,414,719,0,0,1
7673,4.1885,0.3968,414,719,0,0,1
7674,4.0894,0.5423,414,719,0,0,1
7675,4.2908,0.4803,414,719,0,0,1
7676,4.0794,0.5906,414,719,0,0,1
7677,4.2456,0.5108,414,719,0,0,1
7678,3.9806,0.3564,413,719,0,0,1
7679,4.2185,0.5405,413,719,0,0,1
7680,4.313,0.6371,413,719,0,0,1
7681,4.1326,0.7679,412,719,0,0,1
7682,4.2809,0.5647,411,719,0,0,1
7683,3.9106,0.3645,410,719,0,0,1
7684,4.3335,0.4697,409,719,0,0,1
7685,4.1729,0.4704,408,719,0,0,1
7686,4.1131,0.638,408,719,0,0,1
7687,4.1698,0.4902,407,719,0,0,1
7688,4.0376,0.351,407,719,0,0,1
7689,4.2152,0.5105,407,719,0,0,1
7690,4.1095,0.3413,406,719,0,0,1
7691,4.2925,0.4091,406,719,0,0,1
7692,4.0639,0.3423,406,719,0,0,1
7693,4.1459,0.3644,406,719,0,0,1
7694,4.2155,0.6033,406,719,0,0,1
7695,4.1339,0.3519,406,719,0,0,1
7696,4.2905,0.518,405,719,0,0,1
7697,4.2162,0.629,405,719,0,0,1
7698,4.1442,0.54,405,719,0,0,1
7699,3.9892,0.5795,404,719,0,0,1
7700,4.3413,0.5909,403,719,0,0,1
7701,4.0976,0.4942,402,719,0,0,1
7702,4.0694,0.3599,402,719,0,0,1
7703,4.1756,0.3894,402,719,0,0,1
7704,4.2997,0.4729,402,719,0,0,1
7705,4.2425,0.6263,401,719,0,0,1
7706,4.0818,0.5274,399,719,0,0,1
7707,4.0593,0.4181,397,719,0,0,1
7708,4.3129,0.549,397,719,0,0,1
7709,4.0598,0.6253,395,719,0,0,1
7710,4.2714,0.5898,394,719,0,0,1
7711,4.171,0.6128,394,719,0,0,1
7712,4.017,0.3474,393,719,0,0,1
7713,4.2912,0.4933,391,719,0,0,1
7714,4.0627,0.3756,390,719,0,0,1
7715,4.251,0.4862,389,719,0,0,1
7716,4.1936,0.4343,388,719,0,0,1
7717,3.9994,0.3893,388,719,0,0,1
7718,4.2597,0.559,388,719,0,0,1
7719,4.0959,0.4141,387,719,0,0,1
7720,4.2448,0.726,387,719,0,0,1
7721,4.1591,0.5907,387,719,0,0,1
7722,4.2623,0.5324,386,719,0,0,1
7723,4.1344,0.4484,385,719,0,0,1
7724,4.0593,0.6343,385,719,0,0,1
7725,4.2492,0.7761,383,719,0,0,1
7726,4.0828,0.4243,383,719,0,0,1
7727,4.3191,0.5821,376,719,0,0,1
7728,4.1635,0.4976,374,719,0,0,1
7729,4.1822,0.4634,373,719,0,0,1
7730,4.0882,0.5419,373,719,0,0,1
7731,4.0692,0.5403,373,719,0,0,1
7732,4.3447,0.5938,372,719,0,0,1
7733,3.9736,0.4693,422,719,0,0,1
7734,4.4215,0.4929,422,719,0,0,1
7735,4.1277,0.3686,422,719,0,0,1
7736,8.2169,0.5397,420,719,0,0,1
7737,4.0731,0.3595,419,719,0,0,1
7738,4.3129,0.5137,418,719,0,0,1
7739,4.2016,0.4841,417,719,0,0,1
7740,3.9837,0.3582,416,719,0,0,1
7741,4.2975,0.433,416,719,0,0,1
7742,4.0304,0.341,416,719,0,0,1
7743,4.2444,0.3334,415,719,0,0,1
7744,4.1646,0.4498,415,719,0,0,1
7745,4.2641,0.5003,415,719,0,0,1
7746,4.1403,0.5086,414,719,0,0,1
7747,4.0432,0.5297,414,719,0,0,1
7748,4.278,0.5802,413,719,0,0,1
7749,4.0585,0.3889,413,719,0,0,1
7750,4.3024,0.5118,411,719,0,0,1
7751,4.0511,0.3603,411,719,0,0,1
7752,4.144,0.3832,411,719,0,0,1
7753,4.28,0.4194,411,719,0,0,1
7754,4.0367,0.359,411,719,0,0,1
7755,4.4842,0.6204,411,719,0,0,1
7756,3.9901,0.4231,410,719,0,0,1
7757,4.0665,0.469,408,719,0,0,1
7758,4.3363,0.4603,407,719,0,0,1
7759,3.9635,0.3463,406,719,0,0,1
7760,4.3155,0.4431,406,719,0,0,1
7761,4.0106,0.3416,406,719,0,0,1
7762,4.3442,0.5012,404,719,0,0,1
7763,4.1815,0.6235,404,719,0,0,1
7764,4.0182,0.395,404,719,0,0,1
7765,4.2133,0.4281,403,719,0,0,1
7766,4.1223,0.523,403,719,0,0,1
7767,4.1261,0.3888,402,719,0,0,1
7768,4.2755,0.4815,402,719,0,0,1
7769,4.4161,0.542,402,719,0,0,1
7770,4.17,0.5308,402,719,0,0,1
7771,3.8634,0.4451,402,719,0,0,1
7772,4.2146,0.6291,402,719,0,0,1
7773,4.14,0.4553,401,719,0,0,1
7774,4.26,0.5832,401,719,0,0,1
7775,4.1368,0.6544,400,719,0,0,1
7776,4.2121,0.5541,400,719,0,0,1
7777,4.1024,0.6404,399,719,0,0,1
7778,4.1378,0.4715,396,719,0,0,1
7779,4.2402,0.5769,396,719,0,0,1
7780,4.2085,0.4896,396,719,0,0,1
7781,4.0681,0.4118,396,719,0,0,1
7782,4.2001,0.5131,396,719,0,0,1
7783,4.1175,0.4478,396,719,0,0,1
7784,4.2314,0.6666,396,719,0,0,1
7785,4.123,0.4518,394,719,0,0,1
7786,4.3128,0.6431,393,719,0,0,1
7787,4.0263,0.4851,393,719,0,0,1
7788,4.1609,0.43,393,719,0,0,1
7789,4.2233,0.5844,392,719,0,0,1
7790,4.1227,0.4267,391,719,0,0,1
7791,4.1833,0.6238,390,719,0,0,1
7792,4.2216,0.4329,390,719,0,0,1
7793,4.0944,0.4685,390,719,0,0,1
7794,4.2048,0.5118,383,719,0,0,1
7795,4.1961,0.4644,383,719,0,0,1
7796,4.0833,0.4462,382,719,0,0,1
7797,4.1798,0.4116,382,719,0,0,1
7798,4.1807,0.6369,380,719,0,0,1
7799,4.2038,0.5278,429,723,4,0,1
7800,4.1771,0.5779,425,723,0,0,1
7801,4.1201,0.5045,425,723,0,0,1
7802,4.1605,0.5221,425,723,0,0,1
7803,4.2079,0.9616,424,723,0,0,1
7804,4.2307,0.5425,423,723,0,0,1
7805,4.2348,0.7845,423,723,0,0,1
7806,3.9931,0.5714,421,723,0,0,1
7807,4.5471,0.5747,419,723,0,0,1
7808,3.7988,0.5037,419,723,0,0,1
7809,4.1333,0.4413,419,723,0,0,1
7810,4.2069,0.5807,419,723,0,0,1
7811,4.266,0.7157,419,723,0,0,1
7812,4.0684,0.4459,419,723,0,0,1
7813,4.1607,0.4896,419,723,0,0,1
7814,4.1228,0.4132,418,723,0,0,1
7815,4.2536,0.6012,417,723,0,0,1
7816,4.1893,0.5366,417,723,0,0,1
7817,4.1806,0.7515,417,723,0,0,1
7818,4.1714,0.6882,417,723,0,0,1
7819,4.0792,0.4835,416,723,0,0,1
7820,4.2041,0.5949,416,723,0,0,1
7821,4.0811,0.4421,415,723,0,0,1
7822,4.4238,0.4443,415,723,0,0,1
7823,3.9927,0.4363,414,723,0,0,1
7824,4.2476,0.5726,414,723,0,0,1
7825,4.0891,0.4938,414,723,0,0,1
7826,4.124,0.442,413,723,0,0,1
7827,4.1872,0.5981,413,723,0,0,1
7828,4.2054,0.4453,413,723,0,0,1
7829,4.1203,0.677,412,723,0,0,1
7830,4.2685,0.6855,411,723,0,0,1
7831,4.0297,0.4761,411,723,0,0,1
7832,4.2465,0.5934,409,723,0,0,1
7833,4.0836,0.4885,409,723,0,0,1
7834,4.215,0.618,409,723,0,0,1
7835,4.2027,0.4756,408,723,0,0,1
7836,4.1961,0.6968,408,723,0,0,1
7837,4.1203,0.5143,407,723,0,0,1
7838,4.1,0.4374,406,723,0,0,1
7839,4.236,0.485,404,723,0,0,1
7840,4.1202,0.5006,403,723,0,0,1
7841,4.2149,0.5567,402,723,0,0,1
7842,4.1709,0.665,401,723,0,0,1
7843,4.2142,0.6641,401,723,0,0,1
7844,4.1535,0.4841,401,723,0,0,1
7845,4.1024,0.4558,401,723,0,0,1
7846,4.461,0.4322,401,723,0,0,1
7847,3.8994,0.4716,398,723,0,0,1
7848,4.1023,0.4604,397,723,0,0,1
7849,4.3453,0.7635,396,723,0,0,1
7850,4.0576,0.6554,395,723,0,0,1
7851,4.0619,0.4967,394,723,0,0,1
7852,4.2276,0.4167,393,723,0,0,1
7853,4.2125,0.5111,393,723,0,0,1
7854,4.1969,0.4282,393,723,0,0,1
7855,4.0913,0.4124,392,723,0,0,1
7856,4.2094,0.4889,392,723,0,0,1
7857,4.1256,0.4295,391,723,0,0,1
7858,4.2342,0.4857,391,723,0,0,1
7859,4.0821,0.412,390,723,0,0,1
7860,4.1606,0.4292,388,723,0,0,1
7861,4.2459,0.6855,381,723,0,0,1
7862,4.1304,0.4589,380,723,0,0,1
7863,4.1833,0.6122,379,723,0,0,1
7864,4.1248,0.6047,378,723,0,0,1
7865,4.4327,0.4131,377,723,0,0,1
7866,3.9622,0.5987,376,723,0,0,1
7867,4.1125,0.7005,426,723,0,0,1
7868,4.1739,0.4883,425,723,0,0,1
7869,4.1692,0.4278,425,723,0,0,1
7870,4.2318,0.4946,425,723,0,0,1
7871,4.0814,0.4583,424,723,0,0,1
7872,4.2945,0.8092,423,723,0,0,1
7873,4.0857,0.7612,423,723,0,0,1
7874,4.1316,0.7055,421,723,0,0,1
7875,4.2089,0.5563,421,723,0,0,1
7876,4.1597,0.684,421,723,0,0,1
7877,4.18,0.4924,421,723,0,0,1
7878,4.1604,0.4812,419,723,0,0,1
7879,4.1061,0.6998,417,723,0,0,1
7880,4.1509,0.6233,416,723,0,0,1
7881,4.1664,0.4272,416,723,0,0,1
7882,4.2674,0.4807,416,723,0,0,1
7883,4.1484,0.4846,415,723,0,0,1
7884,4.1262,0.5533,414,723,0,0,1
7885,4.2096,0.5116,413,723,0,0,1
7886,4.0969,0.4868,413,723,0,0,1
7887,4.2098,0.7071,413,723,0,0,1
7888,4.2089,0.5395,413,723,0,0,1
7889,4.1181,0.584,413,723,0,0,1
7890,4.2132,0.529,412,723,0,0,1
7891,4.2341,0.6644,411,723,0,0,1
7892,4.0548,0.6914,410,723,0,0,1
7893,4.1944,0.4543,409,723,0,0,1
7894,4.1361,0.4834,409,723,0,0,1
7895,4.2074,0.5605,408,723,0,0,1
7896,4.2371,0.5281,408,723,0,0,1
7897,4.0687,0.4439,407,723,0,0,1
7898,4.1453,0.4371,407,723,0,0,1
7899,4.2741,0.7019,407,723,0,0,1
7900,4.0522,0.4385,406,723,0,0,1
7901,4.2044,0.4888,404,723,0,0,1
7902,4.1729,0.6162,403,723,0,0,1
7903,4.1121,0.6083,403,723,0,0,1
7904,4.4387,0.725,402,723,0,0,1
7905,3.8826,0.4732,401,723,0,0,1
7906,4.2118,0.5941,401,723,0,0,1
7907,4.1701,0.502,400,723,0,0,1
7908,4.0981,0.5109,400,723,0,0,1
7909,4.2224,0.4936,399,723,0,0,1
7910,4.1632,0.4805,399,723,0,0,1
7911,4.1696,0.4416,399,723,0,0,1
7912,4.164,0.4446,399,723,0,0,1
7913,4.2097,0.5043,397,723,0,0,1
7914,4.1627,0.5225,396,723,0,0,1
7915,4.128,0.458,393,723,0,0,1
7916,4.1525,0.4472,393,723,0,0,1
7917,4.1448,0.4334,391,723,0,0,1
7918,4.2186,0.6005,391,723,0,0,1
7919,4.1996,0.4867,391,723,0,0,1
7920,4.181,0.5664,390,723,0,0,1
7921,4.0893,0.4828,390,723,0,0,1
7922,4.1877,0.4516,389,723,0,0,1
7923,4.2185,0.4321,388,723,0,0,1
7924,4.2125,0.5037,388,723,0,0,1
7925,4.1116,0.4846,386,723,0,0,1
7926,4.1607,0.4994,385,723,0,0,1
7927,4.1073,0.4301,383,723,0,0,1
7928,4.2278,0.6676,376,723,0,0,1
7929,4.1081,0.4235,375,723,0,0,1
7930,4.2667,0.5915,375,723,0,0,1
7931,4.1344,0.5143,375,723,0,0,1
7932,4.1782,0.6997,374,723,0,0,1
7933,4.1943,0.565,373,723,0,0,1
7934,4.0524,0.4631,423,723,0,0,1
7935,4.2018,0.4883,423,723,0,0,1
7936,4.2082,0.5587,422,723,0,0,1
7937,4.149,0.4665,421,723,0,0,1
7938,4.1454,0.4818,419,723,0,0,1
7939,4.2235,0.4946,419,723,0,0,1
7940,4.1226,0.4819,419,723,0,0,1
7941,4.1386,0.4282,418,723,0,0,1
7942,4.185,0.5881,418,723,0,0,1
7943,4.2663,0.7169,416,723,0,0,1
7944,4.1695,0.6008,416,723,0,0,1
7945,4.0127,0.5256,416,723,0,0,1
7946,4.185,0.5605,416,723,0,0,1
7947,4.2417,0.5408,415,723,0,0,1
7948,4.3009,0.4628,415,723,0,0,1
7949,4.0525,0.6853,415,723,0,0,1
7950,4.0616,0.5205,415,723,0,0,1
7951,4.1853,0.45,413,723,0,0,1
7952,4.1734,0.4624,411,723,0,0,1
7953,4.1421,0.4282,409,723,0,0,1
7954,4.23,0.5953,409,723,0,0,1
7955,4.1728,0.4192,408,723,0,0,1
7956,4.1434,0.5058,408,723,0,0,1
7957,4.2014,0.4994,407,723,0,0,1
7958,4.087,0.404,405,723,0,0,1
7959,4.2379,0.4688,404,723,0,0,1
7960,4.1805,0.7923,404,723,0,0,1
7961,4.4672,0.6514,403,723,0,0,1
7962,3.8226,0.5211,402,723,0,0,1
7963,4.1564,0.486,402,723,0,0,1
7964,4.1812,0.5319,402,723,0,0,1
7965,4.154,0.5333,401,723,0,0,1
7966,4.1844,0.5553,399,723,0,0,1
7967,4.2185,0.4549,396,723,0,0,1
7968,4.1643,0.6972,396,723,0,0,1
7969,4.149,0.5013,396,723,0,0,1
7970,4.1829,1.0743,396,723,0,0,1
7971,4.5042,0.4622,394,723,0,0,1
7972,3.8296,0.4445,393,723,0,0,1
7973,4.303,0.4573,393,723,0,0,1
7974,4.0597,0.4537,392,723,0,0,1
7975,4.0817,0.4291,392,723,0,0,1
7976,4.175,0.5296,392,723,0,0,1
7977,4.1181,0.4229,392,723,0,0,1
7978,4.1855,0.434,390,723,0,0,1
7979,4.2171,0.4554,389,723,0,0,1
7980,4.1146,1.2268,389,723,0,0,1
7981,4.2511,1.2398,388,723,0,0,1
7982,4.1003,0.4353,386,723,0,0,1
7983,4.2002,0.48,386,723,0,0,1
7984,4.1258,0.4845,385,723,0,0,1
7985,4.2244,0.4422,385,723,0,0,1
7986,4.1782,0.6205,384,723,0,0,1
7987,4.2264,0.7364,384,723,0,0,1
7988,4.0246,0.4967,383,723,0,0,1
7989,4.2003,0.4157,382,723,0,0,1
7990,4.171,0.4559,382,723,0,0,1
7991,4.1654,0.438,382,723,0,0,1
7992,4.2442,0.8282,381,723,0,0,1
7993,4.3477,0.595,380,723,0,0,1
7994,3.9061,0.6593,380,723,0,0,1
7995,4.454,0.5532,370,723,0,0,1
7996,3.9206,0.7508,370,723,0,0,1
7997,4.1761,0.4541,369,723,0,0,1
7998,4.1563,0.4398,369,723,0,0,1
7999,4.1528,0.6102,369,723,0,0,1
8000,4.1822,0.4593,368,723,0,0,1
8001,4.1535,0.4582,418,723,0,0,1
8002,4.1549,0.477,418,723,0,0,1
8003,4.2064,0.5019,416,723,0,0,1
8004,4.1046,0.6439,415,723,0,0,1
8005,4.184,0.6492,414,723,0,0,1
8006,4.3042,0.6794,414,723,0,0,1
8007,4.1126,0.7865,413,723,0,0,1
8008,4.1216,0.5913,412,723,0,0,1
8009,4.1257,0.5814,411,723,0,0,1
8010,4.1795,0.5513,411,723,0,0,1
8011,4.296,0.6992,410,723,0,0,1
8012,4.0917,0.7121,410,723,0,0,1
8013,4.0728,0.4473,410,723,0,0,1
8014,4.1615,0.4837,409,723,0,0,1
8015,4.1902,0.4316,408,723,0,0,1
8016,4.2149,0.5146,407,723,0,0,1
8017,4.1545,0.6039,406,723,0,0,1
8018,4.1347,0.4379,404,723,0,0,1
8019,4.2515,0.4751,403,723,0,0,1
8020,4.1486,0.6862,403,723,0,0,1
8021,4.1438,0.4965,403,723,0,0,1
8022,4.172,0.6938,403,723,0,0,1
8023,4.1124,0.7574,402,723,0,0,1
8024,4.1387,1.151,402,723,0,0,1
8025,4.1724,0.5592,401,723,0,0,1
8026,4.2185,0.5198,401,723,0,0,1
8027,4.1958,0.581,401,723,0,0,1
8028,4.2226,0.6296,401,723,0,0,1
8029,4.0446,0.4698,400,723,0,0,1
8030,4.1811,0.4355,398,723,0,0,1
8031,4.3881,0.6482,397,723,0,0,1
8032,4.0104,0.5935,396,723,0,0,1
8033,4.1501,0.5184,396,723,0,0,1
8034,4.1715,0.4801,395,723,0,0,1
8035,4.1776,0.4692,395,723,0,0,1
8036,4.0871,0.4903,395,723,0,0,1
8037,4.1871,0.4354,394,723,0,0,1
8038,4.2086,0.4668,394,723,0,0,1
8039,4.1638,0.4799,394,723,0,0,1
8040,4.1722,0.483,393,723,0,0,1
8041,4.111,0.4218,393,723,0,0,1
8042,4.1724,0.5786,392,723,0,0,1
8043,4.1773,0.7182,391,723,0,0,1
8044,4.1976,0.423,389,723,0,0,1
8045,4.1791,0.493,388,723,0,0,1
8046,4.1327,0.4541,386,723,0,0,1
8047,4.1277,0.4175,385,723,0,0,1
8048,4.2783,0.4431,384,723,0,0,1
8049,4.0867,0.4253,383,723,0,0,1
8050,4.4196,0.6175,383,723,0,0,1
8051,3.9456,0.4744,382,723,0,0,1
8052,4.1299,0.4255,381,723,0,0,1
8053,4.2117,0.4614,381,723,0,0,1
8054,4.0899,0.394,380,723,0,0,1
8055,4.2417,0.4113,379,723,0,0,1
8056,4.127,0.4386,379,723,0,0,1
8057,4.2088,0.78,379,723,0,0,1
8058,4.1392,0.4676,379,723,0,0,1
8059,4.1335,0.4277,378,723,0,0,1
8060,4.2103,0.6815,376,723,0,0,1
8061,4.143,0.429,375,723,0,0,1
8062,4.1988,0.5811,367,723,0,0,1
8063,4.1547,0.405,367,723,0,0,1
8064,4.2603,0.505,367,723,0,0,1
8065,4.0703,0.4756,367,723,0,0,1
8066,4.122,0.4092,366,723,0,0,1
8067,4.2939,0.4109,364,723,0,0,1
8068,4.1376,0.5306,414,723,0,0,1
8069,4.2045,0.6661,414,723,0,0,1
8070,4.0895,0.5197,414,723,0,0,1
8071,4.1416,0.4206,414,723,0,0,1
8072,4.1639,0.4939,414,723,0,0,1
8073,4.1184,0.4287,413,723,0,0,1
8074,4.2269,0.6152,413,723,0,0,1
8075,4.2385,0.7069,411,723,0,0,1
8076,4.1105,0.5694,411,723,0,0,1
8077,4.1158,0.5628,410,723,0,0,1
8078,4.193,0.4855,409,723,0,0,1
8079,4.187,0.4784,409,723,0,0,1
8080,4.1315,0.5039,408,723,0,0,1
8081,4.2217,0.706,407,723,0,0,1
8082,4.1603,0.5339,406,723,0,0,1
8083,4.1874,0.5047,406,723,0,0,1
8084,4.1152,0.4865,405,723,0,0,1
8085,4.1152,0.4228,405,723,0,0,1
8086,4.2623,0.5449,404,723,0,0,1
8087,4.1571,0.4237,402,723,0,0,1
8088,4.2593,0.6854,401,723,0,0,1
8089,4.0803,0.5213,400,723,0,0,1
8090,4.1407,0.4251,398,723,0,0,1
8091,4.1287,0.4206,398,723,0,0,1
8092,4.175,0.42,398,723,0,0,1
8093,4.214,0.7125,398,723,0,0,1
8094,4.4124,0.5998,397,723,0,0,1
8095,3.9522,0.6958,397,723,0,0,1
8096,4.0842,0.4951,397,723,0,0,1
8097,4.17,0.4841,396,723,0,0,1
8098,4.2292,0.6837,396,723,0,0,1
8099,4.1593,0.4956,396,723,0,0,1
8100,4.2338,0.4735,395,723,0,0,1
8101,4.0648,0.609,395,723,0,0,1
8102,4.2692,0.743,395,723,0,0,1
8103,4.0811,0.6097,394,723,0,0,1
8104,4.1457,0.5472,393,723,0,0,1
8105,4.217,0.7273,393,723,0,0,1
8106,4.1289,0.5268,392,723,0,0,1
8107,4.1883,0.6032,392,723,0,0,1
8108,4.1596,0.5597,391,723,0,0,1
8109,4.1447,0.5039,390,723,0,0,1
8110,4.173,0.5315,390,723,0,0,1
8111,4.2084,0.5961,389,723,0,0,1
8112,4.1902,0.7795,387,723,0,0,1
8113,4.187,0.6622,387,723,0,0,1
8114,4.118,0.8035,387,723,0,0,1
8115,4.4983,0.63,387,723,0,0,1
8116,3.7843,0.5305,386,723,0,0,1
8117,4.2143,0.5223,384,723,0,0,1
8118,4.1076,0.5349,383,723,0,0,1
8119,4.1556,0.4874,382,723,0,0,1
8120,4.2416,0.5776,382,723,0,0,1
8121,4.1064,0.5106,382,723,0,0,1
8122,4.1982,0.5302,380,723,0,0,1
8123,4.2063,0.6365,380,723,0,0,1
8124,4.1631,0.7066,379,723,0,0,1
8125,4.1593,0.6691,378,723,0,0,1
8126,4.153,0.5219,377,723,0,0,1
8127,4.1611,0.478,377,723,0,0,1
8128,4.1682,0.5435,377,723,0,0,1
8129,4.1553,0.6008,375,723,0,0,1
8130,4.3139,0.4743,368,723,0,0,1
8131,4.0424,0.6603,368,723,0,0,1
8132,4.4126,0.6206,368,723,0,0,1
8133,3.8443,0.4081,367,723,0,0,1
8134,4.1955,0.4163,365,723,0,0,1
8135,4.1348,0.451,414,723,0,0,1
8136,4.216,0.6945,413,723,0,0,1
8137,4.3415,0.4389,413,723,0,0,1
8138,3.9951,0.4536,413,723,0,0,1
8139,4.3374,0.6484,410,723,0,0,1
8140,3.9524,0.5384,410,723,0,0,1
8141,4.4328,0.7502,410,723,0,0,1
8142,3.956,0.5647,409,723,0,0,1
8143,4.1119,0.7271,408,723,0,0,1
8144,4.2988,0.624,408,723,0,0,1
8145,4.0559,0.4461,407,723,0,0,1
8146,4.6968,0.4792,407,723,0,0,1
8147,3.7194,0.6723,407,723,0,0,1
8148,4.4798,0.6412,407,723,0,0,1
8149,3.7755,0.5714,407,723,0,0,1
8150,4.1698,0.4268,405,723,0,0,1
8151,4.4198,0.7179,405,723,0,0,1
8152,3.877,0.4526,405,723,0,0,1
8153,4.2046,0.4286,404,723,0,0,1
8154,4.4574,0.6091,403,723,0,0,1
8155,4.1819,0.6491,402,723,0,0,1
8156,3.9611,0.4145,402,723,0,0,1
8157,4.045,0.4241,401,723,0,0,1
8158,4.1674,0.65,400,723,0,0,1
8159,4.2187,0.7308,400,723,0,0,1
8160,4.4063,0.4538,400,723,0,0,1
8161,4.1812,0.4594,400,723,0,0,1
8162,3.8658,0.4681,400,723,0,0,1
8163,4.1911,0.8466,398,723,0,0,1
8164,4.1597,0.6362,398,723,0,0,1
8165,4.3126,0.6714,397,723,0,0,1
8166,4.2339,0.657,396,723,0,0,1
8167,3.966,0.5526,396,723,0,0,1
8168,4.4609,0.7544,395,723,0,0,1
8169,3.8174,0.4558,394,723,0,0,1
8170,4.4084,0.6998,394,723,0,0,1
8171,3.9555,0.7413,394,723,0,0,1
8172,4.2025,0.6612,394,723,0,0,1
8173,4.3313,0.6781,393,723,0,0,1
8174,3.9513,0.6518,391,723,0,0,1
8175,4.4398,0.4886,391,723,0,0,1
8176,3.9715,0.5575,391,723,0,0,1
8177,4.1928,0.7878,390,723,0,0,1
8178,4.1198,0.5603,390,723,0,0,1
8179,4.1271,0.4898,388,723,0,0,1
8180,4.5012,0.76,388,723,0,0,1
8181,3.8492,0.491,386,723,0,0,1
8182,4.2152,0.505,386,723,0,0,1
8183,4.1581,0.5553,386,723,0,0,1
8184,4.1909,0.5799,385,723,0,0,1
8185,4.1149,0.5126,384,723,0,0,1
8186,4.1352,0.7518,382,723,0,0,1
8187,4.2342,0.712,381,723,0,0,1
8188,4.1759,0.5598,380,723,0,0,1
8189,4.1326,0.5665,378,723,0,0,1
8190,4.5835,0.5485,378,723,0,0,1
8191,3.7347,0.4478,378,723,0,0,1
8192,4.1756,0.464,378,723,0,0,1
8193,4.1563,0.4379,376,723,0,0,1
8194,4.1515,0.4285,376,723,0,0,1
8195,4.2943,0.4658,375,723,0,0,1
8196,4.1037,0.4851,374,723,0,0,1
8197,4.1277,0.4507,367,723,0,0,1
8198,4.1416,0.4114,367,723,0,0,1
8199,4.2065,0.5527,367,723,0,0,1
8200,4.1432,0.4914,366,723,0,0,1
8201,4.1945,0.4173,366,723,0,0,1
8202,4.2012,0.5123,365,723,0,0,1
8203,4.3982,0.7468,413,723,0,0,1
8204,3.9184,0.5125,413,723,0,0,1
8205,4.1085,0.4443,413,723,0,0,1
8206,4.2376,0.4264,413,723,0,0,1
8207,4.1711,0.6754,412,723,0,0,1
8208,4.1315,0.4931,412,723,0,0,1
8209,4.1984,0.4999,411,723,0,0,1
8210,4.0918,0.4507,410,723,0,0,1
8211,4.2372,0.4587,410,723,0,0,1
8212,4.1667,0.5547,409,723,0,0,1
8213,4.1931,0.8486,407,723,0,0,1
8214,4.0872,0.4651,407,723,0,0,1
8215,4.3835,0.5079,407,723,0,0,1
8216,3.9771,0.5159,407,723,0,0,1
8217,4.141,0.5037,407,723,0,0,1
8218,4.195,0.5904,407,723,0,0,1
8219,4.189,0.4713,407,723,0,0,1
8220,4.2812,0.662,407,723,0,0,1
8221,4.0421,0.5072,406,723,0,0,1
8222,4.1299,0.4478,406,723,0,0,1
8223,4.1966,0.5028,405,723,0,0,1
8224,4.1428,0.4835,405,723,0,0,1
8225,4.2206,0.6088,404,723,0,0,1
8226,4.1872,0.6426,404,723,0,0,1
8227,4.0696,0.4237,403,723,0,0,1
8228,4.2503,0.4852,401,723,0,0,1
8229,4.0905,0.426,401,723,0,0,1
8230,4.4476,0.6818,400,723,0,0,1
8231,3.9486,0.6415,400,723,0,0,1
8232,4.1634,0.4677,399,723,0,0,1
8233,4.1117,0.479,399,723,0,0,1
8234,4.1752,0.476,399,723,0,0,1
8235,4.5447,0.4941,399,723,0,0,1
8236,3.7805,0.4424,399,723,0,0,1
8237,4.2395,0.4265,399,723,0,0,1
8238,4.1488,0.4205,398,723,0,0,1
8239,4.1646,0.419,397,723,0,0,1
8240,4.1752,0.5462,397,723,0,0,1
8241,4.1055,0.4253,397,723,0,0,1
8242,4.4648,0.7928,396,723,0,0,1
8243,3.8617,0.438,395,723,0,0,1
8244,4.1868,0.4422,395,723,0,0,1
8245,4.2537,0.6553,395,723,0,0,1
8246,4.068,0.4504,395,723,0,0,1
8247,4.1948,0.6987,394,723,0,0,1
8248,4.1183,0.4563,393,723,0,0,1
8249,4.164,0.6401,391,723,0,0,1
8250,4.2963,0.4784,390,723,0,0,1
8251,4.1029,0.7138,390,723,0,0,1
8252,4.1376,0.7655,390,723,0,0,1
8253,4.1573,0.5189,390,723,0,0,1
8254,4.2694,0.6358,390,723,0,0,1
8255,4.1194,0.4914,390,723,0,0,1
8256,4.1688,0.6416,390,723,0,0,1
8257,4.1593,0.6714,390,723,0,0,1
8258,4.136,0.5177,389,723,0,0,1
8259,4.2115,0.5341,388,723,0,0,1
8260,4.1251,0.4646,385,723,0,0,1
8261,4.1773,0.5511,385,723,0,0,1
8262,4.2367,0.4786,384,723,0,0,1
8263,4.07,0.4614,383,723,0,0,1
8264,4.2154,0.4471,376,723,0,0,1
8265,4.1141,0.4503,376,723,0,0,1
8266,4.2329,0.5152,376,723,0,0,1
8267,4.3542,0.6934,376,723,0,0,1
8268,3.975,0.5535,375,723,0,0,1
8269,4.0913,0.674,375,723,0,0,1
8270,4.2146,0.7147,425,723,0,0,1
8271,4.1577,0.5482,425,723,0,0,1
8272,4.1417,0.5224,424,723,0,0,1
8273,4.1517,0.514,424,723,0,0,1
8274,4.2256,0.5457,424,723,0,0,1
8275,4.3196,0.4483,422,723,0,0,1
8276,4.0359,0.7054,421,723,0,0,1
8277,4.0799,0.4378,420,723,0,0,1
8278,4.2441,0.501,418,723,0,0,1
8279,4.1775,0.5372,417,723,0,0,1
8280,4.3703,0.6037,416,723,0,0,1
8281,3.9415,0.5929,414,723,0,0,1
8282,4.1403,0.6934,414,723,0,0,1
8283,4.1685,0.8043,414,723,0,0,1
8284,4.1551,0.5056,414,723,0,0,1
8285,4.2013,0.5814,414,723,0,0,1
8286,4.152,0.5085,412,723,0,0,1
8287,4.2139,0.7191,412,723,0,0,1
8288,4.1127,0.6397,412,723,0,0,1
8289,4.1661,0.8584,412,723,0,0,1
8290,4.1837,0.8638,411,723,0,0,1
8291,4.1263,0.5087,411,723,0,0,1
8292,4.1691,0.4538,410,723,0,0,1
8293,4.2224,0.4553,408,723,0,0,1
8294,4.104,0.6489,408,723,0,0,1
8295,4.2343,0.4457,408,723,0,0,1
8296,4.1556,0.5111,408,723,0,0,1
8297,4.1481,0.4866,407,723,0,0,1
8298,4.2021,0.6191,406,723,0,0,1
8299,4.1232,0.4995,403,723,0,0,1
8300,4.1792,0.6738,402,723,0,0,1
8301,4.1406,0.4462,402,723,0,0,1
8302,4.1863,1.0586,401,723,0,0,1
8303,4.1981,0.6751,398,723,0,0,1
8304,4.1565,0.4452,398,723,0,0,1
8305,4.1413,0.4431,398,723,0,0,1
8306,4.1648,0.4429,397,723,0,0,1
8307,4.2066,0.6285,397,723,0,0,1
8308,4.1686,0.4355,397,723,0,0,1
8309,4.1702,0.5057,396,723,0,0,1
8310,4.1571,0.4878,395,723,0,0,1
8311,4.0996,0.4182,395,723,0,0,1
8312,4.203,0.489,395,723,0,0,1
8313,4.1195,0.4103,394,723,0,0,1
8314,4.2296,0.7328,394,723,0,0,1
8315,4.1819,0.697,393,723,0,0,1
8316,4.4252,0.6566,393,723,0,0,1
8317,3.9258,0.4818,392,723,0,0,1
8318,4.1091,0.4292,391,723,0,0,1
8319,4.3255,0.4129,391,723,0,0,1
8320,4.0688,0.5453,390,723,0,0,1
8321,4.1491,0.5185,389,723,0,0,1
8322,4.1158,0.5568,389,723,0,0,1
8323,4.2181,0.5899,389,723,0,0,1
8324,4.1706,0.5348,389,723,0,0,1
8325,4.1091,0.4969,389,723,0,0,1
8326,4.2316,0.4755,388,723,0,0,1
8327,4.2415,0.6621,387,723,0,0,1
8328,4.0361,0.872,387,723,0,0,1
8329,4.1978,0.5535,387,723,0,0,1
8330,4.1455,0.4743,386,723,0,0,1
8331,4.1833,0.5253,379,723,0,0,1
8332,4.1358,0.5678,379,723,0,0,1
8333,4.2691,0.6773,378,723,0,0,1
8334,4.1416,0.5651,375,723,0,0,1
8335,4.0875,0.4696,375,723,0,0,1
8336,4.2454,0.5145,375,723,0,0,1
8337,4.0622,0.4728,425,723,0,0,1
8338,4.2322,0.6049,425,723,0,0,1
8339,4.1857,0.5377,425,723,0,0,1
8340,4.1436,0.5441,424,723,0,0,1
8341,4.1958,0.5066,424,723,0,0,1
8342,4.1091,0.4655,424,723,0,0,1
8343,4.2531,0.4705,424,723,0,0,1
8344,4.1475,0.7699,424,723,0,0,1
8345,4.238,0.6657,424,723,0,0,1
8346,4.1183,0.4777,422,723,0,0,1
8347,4.0659,0.4427,421,723,0,0,1
8348,4.2132,0.5368,421,723,0,0,1
8349,4.1588,0.4849,420,723,0,0,1
8350,4.1876,0.5031,419,723,0,0,1
8351,4.1926,0.5324,418,723,0,0,1
8352,4.3691,0.6368,417,723,0,0,1
8353,3.9273,0.6437,416,723,0,0,1
8354,4.1584,0.6124,415,723,0,0,1
8355,4.1871,0.4953,413,723,0,0,1
8356,4.1415,0.6029,411,723,0,0,1
8357,4.2022,0.5985,410,723,0,0,1
8358,4.1958,0.4662,410,723,0,0,1
8359,4.1142,0.684,410,723,0,0,1
8360,4.1956,0.5055,410,723,0,0,1
8361,4.1077,0.4376,409,723,0,0,1
8362,4.1569,0.5015,409,723,0,0,1
8363,4.2481,0.4529,409,723,0,0,1
8364,4.186,0.6843,408,723,0,0,1
8365,4.0995,0.5233,408,723,0,0,1
8366,4.5247,0.7586,408,723,0,0,1
8367,3.7805,0.5576,408,723,0,0,1
8368,4.1841,0.5984,408,723,0,0,1
8369,4.2211,0.8402,408,723,0,0,1
8370,4.1622,0.48,408,723,0,0,1
8371,4.1049,0.4466,408,723,0,0,1
8372,4.2916,0.5127,406,723,0,0,1
8373,4.0642,0.4493,405,723,0,0,1
8374,4.182,0.5045,404,723,0,0,1
8375,4.2023,0.4703,402,723,0,0,1
8376,4.1988,0.6603,401,723,0,0,1
8377,4.0911,0.4216,401,723,0,0,1
8378,4.2019,0.6358,401,723,0,0,1
8379,4.468,0.6226,399,723,0,0,1
8380,3.8076,0.446,397,723,0,0,1
8381,4.2353,0.4993,397,723,0,0,1
8382,4.3176,0.4354,396,723,0,0,1
8383,3.9962,0.6987,395,723,0,0,1
8384,4.1343,0.6811,395,723,0,0,1
8385,4.1525,0.4388,394,723,0,0,1
8386,4.5822,0.6631,393,723,0,0,1
8387,3.7926,0.4516,393,723,0,0,1
8388,4.1096,0.417,393,723,0,0,1
8389,4.226,0.4259,393,723,0,0,1
8390,4.1772,0.4691,392,723,0,0,1
8391,4.169,0.4742,392,723,0,0,1
8392,4.1208,0.4792,390,723,0,0,1
8393,4.2514,0.7024,390,723,0,0,1
8394,4.3852,0.46,389,723,0,0,1
8395,3.9335,0.7245,389,723,0,0,1
8396,4.2581,0.6464,389,723,0,0,1
8397,3.9871,0.4231,387,723,0,0,1
8398,4.2269,0.4624,379,723,0,0,1
8399,4.1865,0.5334,378,723,0,0,1
8400,4.1422,0.6574,378,723,0,0,1
8401,4.1676,0.4119,376,723,0,0,1
8402,4.1966,0.5484,375,723,0,0,1
8403,4.1259,0.4635,374,723,0,0,1
8404,4.1524,0.4737,424,723,0,0,1
8405,4.2092,0.5279,423,723,0,0,1
8406,4.1246,0.4631,423,723,0,0,1
8407,4.221,0.5144,421,723,0,0,1
8408,4.1804,0.7761,420,723,0,0,1
8409,4.0658,0.4914,419,723,0,0,1
8410,4.2609,0.5531,419,723,0,0,1
8411,4.1554,0.6252,417,723,0,0,1
8412,4.2043,0.5073,416,723,0,0,1
8413,4.0943,0.4828,416,723,0,0,1
8414,4.1801,0.6566,414,723,0,0,1
8415,4.2321,0.6899,414,723,0,0,1
8416,4.0876,0.459,412,723,0,0,1
8417,4.1951,0.7055,412,723,0,0,1
8418,4.1591,0.5722,412,723,0,0,1
8419,4.1051,0.4715,412,723,0,0,1
8420,4.2307,0.484,412,723,0,0,1
8421,4.1063,0.5162,411,723,0,0,1
8422,4.2117,0.5972,409,723,0,0,1
8423,4.1936,0.639,408,723,0,0,1
8424,4.1707,0.5165,408,723,0,0,1
8425,4.163,0.4684,408,723,0,0,1
8426,4.1295,0.6305,408,723,0,0,1
8427,4.4932,0.6558,407,723,0,0,1
8428,3.854,0.5293,407,723,0,0,1
8429,4.1928,0.4962,407,723,0,0,1
8430,4.0965,0.4793,406,723,0,0,1
8431,4.2294,0.4501,406,723,0,0,1
8432,4.1559,0.642,406,723,0,0,1
8433,4.1302,0.4264,406,723,0,0,1
8434,4.1864,0.4645,406,723,0,0,1
8435,4.1641,0.5755,406,723,0,0,1
8436,4.2393,0.7008,405,723,0,0,1
8437,4.1293,0.5308,405,723,0,0,1
8438,4.0765,0.5718,403,723,0,0,1
8439,4.2625,0.5158,403,723,0,0,1
8440,4.5966,0.5548,403,723,0,0,1
8441,3.7016,0.8718,402,723,0,0,1
8442,4.1736,0.5607,401,723,0,0,1
8443,4.1256,0.4422,401,723,0,0,1
8444,4.2799,0.621,400,723,0,0,1
8445,4.4455,0.4618,399,723,0,0,1
8446,4.0575,0.6149,398,723,0,0,1
8447,3.9119,0.4714,397,723,0,0,1
8448,4.1821,0.6124,396,723,0,0,1
8449,4.1528,0.481,394,723,0,0,1
8450,4.1487,0.4752,391,723,0,0,1
8451,4.2238,0.4359,391,723,0,0,1
8452,4.1623,0.4871,390,723,0,0,1
8453,4.1899,0.4157,388,723,0,0,1
8454,4.3181,0.4844,387,723,0,0,1
8455,4.2365,0.5887,387,723,0,0,1
8456,3.9147,0.473,387,723,0,0,1
8457,4.1143,0.6622,386,723,0,0,1
8458,4.2049,0.9507,385,723,0,0,1
8459,4.1475,0.8023,385,723,0,0,1
8460,4.2106,0.4916,385,723,0,0,1
8461,4.1456,0.4875,385,723,0,0,1
8462,4.131,0.4519,385,723,0,0,1
8463,4.2178,0.5612,384,723,0,0,1
8464,4.4692,0.6027,383,723,0,0,1
8465,4.0973,0.6263,383,723,0,0,1
8466,3.8889,0.4438,376,723,0,0,1
8467,4.1637,0.4591,375,723,0,0,1
8468,4.2206,0.4839,375,723,0,0,1
8469,4.4078,0.4197,374,723,0,0,1
8470,3.9121,0.8215,374,723,0,0,1
8471,4.2192,0.7579,422,723,0,0,1
8472,4.0808,0.8416,422,723,0,0,1
8473,4.1675,0.5429,422,723,0,0,1
8474,4.1655,0.5364,422,723,0,0,1
8475,4.1689,0.5021,422,723,0,0,1
8476,4.1739,0.5849,421,723,0,0,1
8477,4.2202,0.4358,419,723,0,0,1
8478,4.3543,0.7297,418,723,0,0,1
8479,3.9604,0.7412,418,723,0,0,1
8480,4.1336,0.5475,418,723,0,0,1
8481,4.1495,0.4409,418,723,0,0,1
8482,4.4188,0.7118,417,723,0,0,1
8483,3.9678,0.4853,416,723,0,0,1
8484,4.2818,0.7205,414,723,0,0,1
8485,4.0375,0.4863,414,723,0,0,1
8486,4.1337,0.5286,414,723,0,0,1
8487,4.1347,0.4835,414,723,0,0,1
8488,4.2157,0.5198,414,723,0,0,1
8489,4.175,0.6379,414,723,0,0,1
8490,4.2483,0.751,412,723,0,0,1
8491,4.3056,0.6386,411,723,0,0,1
8492,3.8989,0.4347,411,723,0,0,1
8493,4.1991,0.4413,411,723,0,0,1
8494,4.1545,0.4417,411,723,0,0,1
8495,4.1802,0.4615,411,723,0,0,1
8496,4.2146,0.7416,410,723,0,0,1
8497,4.4655,0.6977,409,723,0,0,1
8498,4.4962,0.5112,409,723,0,0,1
8499,3.487,0.5499,409,723,0,0,1
8500,4.175,0.5901,409,723,0,0,1
8501,4.1524,0.4407,409,723,0,0,1
8502,4.1597,0.4471,409,723,0,0,1
8503,4.1848,0.4504,407,723,0,0,1
8504,4.213,0.5206,407,723,0,0,1
8505,4.1345,0.4474,403,723,0,0,1
8506,4.1197,0.4636,400,723,0,0,1
8507,4.1926,0.431,399,723,0,0,1
8508,4.2074,0.638,399,723,0,0,1
8509,4.1921,0.7032,399,723,0,0,1
8510,4.3824,0.7909,399,723,0,0,1
8511,3.8787,0.423,399,723,0,0,1
8512,4.1941,0.4635,398,723,0,0,1
8513,4.1262,0.4937,397,723,0,0,1
8514,4.2511,0.4281,397,723,0,0,1
8515,4.173,0.6962,396,723,0,0,1
8516,4.1562,0.749,396,723,0,0,1
8517,4.0948,0.4189,395,723,0,0,1
8518,4.1947,0.4554,393,723,0,0,1
8519,4.1577,0.4806,392,723,0,0,1
8520,4.1545,0.6643,392,723,0,0,1
8521,4.1686,0.4742,392,723,0,0,1
8522,4.2337,0.8721,392,723,0,0,1
8523,4.1023,0.4737,390,723,0,0,1
8524,4.1908,0.4968,389,723,0,0,1
8525,4.1335,0.5836,388,723,0,0,1
8526,4.1564,0.4848,386,723,0,0,1
8527,4.2365,0.7213,385,723,0,0,1
8528,4.1005,0.6832,384,723,0,0,1
8529,4.211,0.48,384,723,0,0,1
8530,4.2198,0.5586,384,723,0,0,1
8531,4.1092,0.4648,383,723,0,0,1
8532,4.1203,0.493,383,723,0,0,1
8533,4.247,0.7377,376,723,0,0,1
8534,4.1173,0.6804,375,723,0,0,1
8535,4.1799,0.6002,374,723,0,0,1
8536,4.1641,0.5172,374,723,0,0,1
8537,4.1577,0.4541,374,723,0,0,1
8538,4.0885,0.4961,373,723,0,0,1
8539,4.4201,0.4924,423,723,0,0,1
8540,3.9779,0.7421,421,723,0,0,1
8541,4.2305,0.5046,421,723,0,0,1
8542,4.4269,0.6212,420,723,0,0,1
8543,3.8839,0.7267,418,723,0,0,1
8544,4.4432,0.4487,417,723,0,0,1
8545,3.8988,0.6011,415,723,0,0,1
8546,4.1139,0.6972,415,723,0,0,1
8547,4.2872,0.692,414,723,0,0,1
8548,4.0478,0.4466,413,723,0,0,1
8549,4.4781,0.6784,412,723,0,0,1
8550,4.172,0.6576,412,723,0,0,1
8551,3.8345,0.4246,412,723,0,0,1
8552,4.1662,0.4236,411,723,0,0,1
8553,4.1659,0.4352,410,723,0,0,1
8554,4.4765,0.543,410,723,0,0,1
8555,3.8508,0.7176,410,723,0,0,1
8556,4.2224,0.6203,410,723,0,0,1
8557,4.3737,0.7618,410,723,0,0,1
8558,3.9545,0.7281,409,723,0,0,1
8559,4.301,0.4899,409,723,0,0,1
8560,4.4465,0.5255,407,723,0,0,1
8561,4.6046,0.5542,407,723,0,0,1
8562,3.7877,0.6033,406,723,0,0,1
8563,3.7475,0.4716,406,723,0,0,1
8564,4.1219,0.6354,406,723,0,0,1
8565,4.1434,0.4403,406,723,0,0,1
8566,4.2677,0.6156,405,723,0,0,1
8567,4.134,0.7182,405,723,0,0,1
8568,4.1047,0.6075,404,723,0,0,1
8569,4.5266,0.6703,404,723,0,0,1
8570,3.8116,0.4365,404,723,0,0,1
8571,4.3788,0.4267,404,723,0,0,1
8572,4.0368,0.4462,404,723,0,0,1
8573,4.5261,0.5171,404,723,0,0,1
8574,4.1976,0.4872,403,723,0,0,1
8575,4.0266,0.656,402,723,0,0,1
8576,3.8906,0.4733,401,723,0,0,1
8577,4.0522,0.3999,400,723,0,0,1
8578,4.3315,0.8318,400,723,0,0,1
8579,4.091,0.4785,400,723,0,0,1
8580,4.1903,0.6935,399,723,0,0,1
8581,4.1194,0.4634,398,723,0,0,1
8582,4.167,0.5501,397,723,0,0,1
8583,4.181,0.5369,397,723,0,0,1
8584,4.5277,0.5069,395,723,0,0,1
8585,3.8139,0.5369,394,723,0,0,1
8586,4.2563,0.9087,393,723,0,0,1
8587,4.3277,0.6744,392,723,0,0,1
8588,3.9976,0.5739,392,723,0,0,1
8589,4.1121,0.456,392,723,0,0,1
8590,4.1818,0.8717,391,723,0,0,1
8591,4.0988,0.4736,390,723,0,0,1
8592,4.4618,0.6961,390,723,0,0,1
8593,3.9621,0.7178,390,723,0,0,1
8594,4.0602,0.5358,388,723,0,0,1
8595,4.2447,0.7135,388,723,0,0,1
8596,4.1093,0.459,387,723,0,0,1
8597,4.238,0.6803,387,723,0,0,1
8598,4.1402,0.5197,387,723,0,0,1
8599,4.1605,0.5112,386,723,0,0,1
8600,4.1214,0.4492,379,723,0,0,1
8601,4.1673,0.5041,377,723,0,0,1
8602,4.1911,0.5258,377,723,0,0,1
8603,4.1729,0.4073,376,723,0,0,1
8604,4.1635,0.6457,375,723,0,0,1
8605,4.1514,0.447,375,723,0,0,1
8606,4.1666,0.4444,423,723,0,0,1
8607,4.1749,0.4877,423,723,0,0,1
8608,4.7062,0.4935,423,723,0,0,1
8609,3.677,0.7583,422,723,0,0,1
8610,4.2815,0.7853,420,723,0,0,1
8611,4.0311,0.823,420,723,0,0,1
8612,4.1837,0.5055,418,723,0,0,1
8613,4.2087,0.449,417,723,0,0,1
8614,4.3094,0.7285,415,723,0,0,1
8615,3.9094,0.4472,415,723,0,0,1
8616,4.2682,0.709,414,723,0,0,1
8617,4.1196,0.5097,413,723,0,0,1
8618,4.1847,0.633,413,723,0,0,1
8619,4.1687,0.4819,412,723,0,0,1
8620,4.1053,0.5151,412,723,0,0,1
8621,4.1905,0.7015,411,723,0,0,1
8622,4.3322,0.6427,410,723,0,0,1
8623,4.0227,0.8087,410,723,0,0,1
8624,4.1397,0.5448,410,723,0,0,1
8625,4.1417,0.4995,410,723,0,0,1
8626,4.5756,0.5494,410,723,0,0,1
8627,3.8066,0.4928,410,723,0,0,1
8628,4.1213,0.4399,410,723,0,0,1
8629,4.2285,0.4977,409,723,0,0,1
8630,4.1069,0.4414,409,723,0,0,1
8631,4.1853,0.4879,409,723,0,0,1
8632,4.3427,0.5454,409,723,0,0,1
8633,4.0378,0.5325,408,723,0,0,1
8634,4.1587,0.7236,408,723,0,0,1
8635,4.2508,0.7951,408,723,0,0,1
8636,4.0895,0.4864,408,723,0,0,1
8637,4.1089,0.4334,406,723,0,0,1
8638,4.1898,0.4765,406,723,0,0,1
8639,4.1336,0.5203,406,723,0,0,1
8640,4.219,0.52,406,723,0,0,1
8641,4.1544,0.4844,406,723,0,0,1
8642,4.1174,0.5267,406,723,0,0,1
8643,4.1939,0.6279,406,723,0,0,1
8644,4.1737,0.5158,406,723,0,0,1
8645,4.2144,0.4704,406,723,0,0,1
8646,4.1236,0.4796,405,723,0,0,1
8647,4.3591,0.6838,405,723,0,0,1
8648,3.9946,0.6126,404,723,0,0,1
8649,4.1392,0.4356,403,723,0,0,1
8650,4.5602,0.6787,403,723,0,0,1
8651,3.8014,0.4674,402,723,0,0,1
8652,4.1851,0.7533,402,723,0,0,1
8653,4.1708,0.7143,401,723,0,0,1
8654,4.1811,0.6867,399,723,0,0,1
8655,4.1391,0.4779,399,723,0,0,1
8656,4.2691,0.4547,398,723,0,0,1
8657,4.0622,0.4598,398,723,0,0,1
8658,4.162,0.4363,397,723,0,0,1
8659,4.2375,0.6909,394,723,0,0,1
8660,4.0492,0.6468,394,723,0,0,1
8661,4.202,0.4676,392,723,0,0,1
8662,4.6061,0.6394,390,723,0,0,1
8663,3.736,0.4891,390,723,0,0,1
8664,4.1843,0.615,389,723,0,0,1
8665,4.1926,0.4819,388,723,0,0,1
8666,4.2193,0.8887,388,723,0,0,1
8667,4.1746,0.7167,380,723,0,0,1
8668,4.0429,0.4686,380,723,0,0,1
8669,4.2114,0.5116,380,723,0,0,1
8670,4.1616,0.5237,380,723,0,0,1
8671,4.1863,0.4733,380,723,0,0,1
8672,4.1409,0.6632,378,723,0,0,1
8673,4.1056,0.5064,425,723,0,0,1
8674,4.2076,0.5727,425,723,0,0,1
8675,4.1423,0.5341,425,723,0,0,1
8676,4.2302,0.4978,424,723,0,0,1
8677,4.2188,0.6291,423,723,0,0,1
8678,4.1029,0.6359,423,723,0,0,1
8679,4.2847,0.6858,423,723,0,0,1
8680,4.1488,0.4966,421,723,0,0,1
8681,4.0609,0.5102,421,723,0,0,1
8682,4.1481,0.4821,420,723,0,0,1
8683,4.1414,0.449,420,723,0,0,1
8684,4.2179,0.694,419,723,0,0,1
8685,4.0997,0.489,419,723,0,0,1
8686,4.2001,0.5061,419,723,0,0,1
8687,4.2248,0.5745,418,723,0,0,1
8688,4.1653,0.6111,418,723,0,0,1
8689,4.1017,0.4703,417,723,0,0,1
8690,4.1668,0.7611,417,723,0,0,1
8691,4.5041,0.6198,417,723,0,0,1
8692,3.8262,0.4369,415,723,0,0,1
8693,4.2259,0.8367,415,723,0,0,1
8694,4.569,0.5932,415,723,0,0,1
8695,3.7629,0.4936,414,723,0,0,1
8696,4.3522,0.4324,414,723,0,0,1
8697,3.9304,0.468,414,723,0,0,1
8698,4.1959,0.824,414,723,0,0,1
8699,4.2135,0.645,414,723,0,0,1
8700,4.1762,0.7608,414,723,0,0,1
8701,4.0663,0.4582,414,723,0,0,1
8702,4.177,0.5279,412,723,0,0,1
8703,4.3585,0.6201,409,723,0,0,1
8704,4.2276,0.557,408,723,0,0,1
8705,3.954,0.4902,408,723,0,0,1
8706,4.2002,0.6792,408,723,0,0,1
8707,4.123,0.4945,408,723,0,0,1
8708,4.2003,0.5273,407,723,0,0,1
8709,4.076,0.4265,407,723,0,0,1
8710,4.2278,0.5991,407,723,0,0,1
8711,4.1592,0.6372,407,723,0,0,1
8712,4.1552,0.4323,405,723,0,0,1
8713,4.1379,0.6261,405,723,0,0,1
8714,4.1969,0.4504,402,723,0,0,1
8715,4.1753,0.6055,400,723,0,0,1
8716,4.1383,0.4739,400,723,0,0,1
8717,4.2795,0.7624,400,723,0,0,1
8718,4.1401,0.5513,399,723,0,0,1
8719,4.2366,0.6485,399,723,0,0,1
8720,4.12,0.9467,398,723,0,0,1
8721,4.0628,0.4867,398,723,0,0,1
8722,4.3439,0.718,398,723,0,0,1
8723,3.9996,0.5109,398,723,0,0,1
8724,4.2546,0.6716,398,723,0,0,1
8725,4.1742,0.7568,397,723,0,0,1
8726,4.065,0.447,397,723,0,0,1
8727,4.6332,0.5125,397,723,0,0,1
8728,3.6931,0.4914,396,723,0,0,1
8729,4.2442,0.6325,394,723,0,0,1
8730,4.1163,0.4682,394,723,0,0,1
8731,4.2675,0.6444,393,723,0,0,1
8732,4.4896,0.425,392,723,0,0,1
8733,3.716,0.5477,392,723,0,0,1
8734,4.1668,0.5862,383,723,0,0,1
8735,4.3116,0.459,383,723,0,0,1
8736,4.1355,0.5084,383,723,0,0,1
8737,4.0758,0.4987,383,723,0,0,1
8738,4.1615,0.5172,383,723,0,0,1
8739,4.1995,0.6104,383,723,0,0,1
8740,4.119,0.4705,432,723,0,0,1
8741,4.2241,0.4512,431,723,0,0,1
8742,4.2157,0.7047,430,723,0,0,1
8743,4.109,0.526,427,723,0,0,1
8744,4.172,0.5276,427,723,0,0,1
8745,4.1136,0.4287,427,723,0,0,1
8746,4.1948,0.4951,426,723,0,0,1
8747,4.1676,0.4687,425,723,0,0,1
8748,4.2214,0.7389,425,723,0,0,1
8749,4.1146,0.7924,424,723,0,0,1
8750,4.1446,0.5222,424,723,0,0,1
8751,4.1877,0.5021,422,723,0,0,1
8752,4.5062,0.4611,422,723,0,0,1
8753,3.8577,0.5593,421,723,0,0,1
8754,4.1897,0.7866,421,723,0,0,1
8755,4.2283,0.7927,420,723,0,0,1
8756,4.297,0.5009,419,723,0,0,1
8757,3.8866,0.4231,419,723,0,0,1
8758,4.1949,0.4729,418,723,0,0,1
8759,4.1883,0.4415,418,723,0,0,1
8760,4.171,0.7151,418,723,0,0,1
8761,4.2598,0.7145,418,723,0,0,1
8762,4.114,0.5901,417,723,0,0,1
8763,4.4328,0.821,417,723,0,0,1
8764,3.8125,0.5621,417,723,0,0,1
8765,4.1974,0.4786,415,723,0,0,1
8766,4.1642,0.483,413,723,0,0,1
8767,4.3044,0.7078,413,723,0,0,1
8768,4.0477,0.5308,411,723,0,0,1
8769,4.1409,0.4368,411,723,0,0,1
8770,4.179,0.48,410,723,0,0,1
8771,4.1598,0.4435,410,723,0,0,1
8772,4.3662,0.6543,409,723,0,0,1
8773,3.99,0.594,409,723,0,0,1
8774,4.1808,0.5121,408,723,0,0,1
8775,4.1823,0.485,406,723,0,0,1
8776,4.2455,0.5024,405,723,0,0,1
8777,4.043,0.4245,404,723,0,0,1
8778,4.2078,0.8026,404,723,0,0,1
8779,4.0932,0.5059,402,723,0,0,1
8780,4.2946,0.536,401,723,0,0,1
8781,4.0222,0.4327,400,723,0,0,1
8782,4.1828,0.5194,397,723,0,0,1
8783,4.253,0.5046,397,723,0,0,1
8784,4.1413,0.7313,396,723,0,0,1
8785,4.0989,0.6623,395,723,0,0,1
8786,4.2054,0.5097,395,723,0,0,1
8787,4.1983,0.5666,394,723,0,0,1
8788,4.1128,0.6999,393,723,0,0,1
8789,4.1502,0.6688,392,723,0,0,1
8790,4.2468,0.5539,391,723,0,0,1
8791,4.3221,0.7808,391,723,0,0,1
8792,4.0363,0.6957,391,723,0,0,1
8793,4.097,0.6753,391,723,0,0,1
8794,4.1568,0.7878,389,723,0,0,1
8795,4.2,0.5176,389,723,0,0,1
8796,4.1464,0.5294,389,723,0,0,1
8797,4.3812,0.4907,389,723,0,0,1
8798,4.0293,0.6484,386,723,0,0,1
8799,4.1286,0.7402,386,723,0,0,1
8800,4.3319,0.6804,386,723,0,0,1
8801,4.225,0.6484,386,723,0,0,1
8802,3.9362,0.5757,379,723,0,0,1
8803,4.1753,0.6064,379,723,0,0,1
8804,4.1718,0.7195,379,723,0,0,1
8805,4.1035,0.4753,379,723,0,0,1
8806,4.1893,0.5067,377,723,0,0,1
8807,4.1875,0.5947,427,723,0,0,1
8808,4.405,0.6884,426,723,0,0,1
8809,3.9858,0.6414,425,723,0,0,1
8810,4.0571,0.5631,425,723,0,0,1
8811,4.2787,0.6731,424,723,0,0,1
8812,4.073,0.4387,423,723,0,0,1
8813,4.1859,0.4932,421,723,0,0,1
8814,4.1783,0.4849,419,723,0,0,1
8815,4.1984,0.5597,419,723,0,0,1
8816,4.2326,0.7319,419,723,0,0,1
8817,4.0344,0.4706,418,723,0,0,1
8818,4.2283,0.6057,417,723,0,0,1
8819,4.1309,0.6041,416,723,0,0,1
8820,4.1933,0.5109,416,723,0,0,1
8821,4.3998,0.442,415,723,0,0,1
8822,3.8811,0.4936,415,723,0,0,1
8823,4.2191,0.4452,414,723,0,0,1
8824,4.3346,0.4299,411,723,0,0,1
8825,3.9971,0.485,411,723,0,0,1
8826,4.1488,0.5156,411,723,0,0,1
8827,4.415,0.6943,408,723,0,0,1
8828,3.9396,0.5608,407,723,0,0,1
8829,4.1206,0.4215,405,723,0,0,1
8830,4.2908,0.7049,404,723,0,0,1
8831,4.108,0.5218,404,723,0,0,1
8832,4.1593,0.5739,404,723,0,0,1
8833,4.153,0.5387,404,723,0,0,1
8834,4.1028,0.4802,402,723,0,0,1
8835,4.1996,0.667,401,723,0,0,1
8836,4.1545,0.5217,401,723,0,0,1
8837,4.1929,0.5649,400,723,0,0,1
8838,4.1935,0.641,399,723,0,0,1
8839,4.5262,0.7536,398,723,0,0,1
8840,4.0443,0.6262,397,723,0,0,1
8841,3.8471,0.462,397,723,0,0,1
8842,4.2951,0.7921,396,723,0,0,1
8843,4.2051,0.675,395,723,0,0,1
8844,4.1238,0.7382,393,723,0,0,1
8845,4.1465,0.5033,392,723,0,0,1
8846,4.0968,0.4413,392,723,0,0,1
8847,4.1751,0.4765,390,723,0,0,1
8848,4.1758,0.4385,390,723,0,0,1
8849,4.184,0.4406,390,723,0,0,1
8850,4.1522,0.4859,390,723,0,0,1
8851,4.2797,0.5896,390,723,0,0,1
8852,4.0506,0.4609,390,723,0,0,1
8853,4.1371,0.52,390,723,0,0,1
8854,4.2504,0.6108,389,723,0,0,1
8855,4.1468,0.4407,389,723,0,0,1
8856,4.1654,0.472,388,723,0,0,1
8857,4.1582,0.4883,386,723,0,0,1
8858,4.1254,0.451,386,723,0,0,1
8859,4.1656,0.6248,386,723,0,0,1
8860,4.2673,0.6256,386,723,0,0,1
8861,4.1082,0.4162,385,723,0,0,1
8862,4.2086,0.6322,385,723,0,0,1
8863,4.3744,0.5033,384,723,0,0,1
8864,3.8519,0.4554,383,723,0,0,1
8865,4.1964,0.4298,383,723,0,0,1
8866,4.1907,0.5928,383,723,0,0,1
8867,4.1774,0.4386,381,723,0,0,1
8868,4.1615,0.4699,381,723,0,0,1
8869,4.1771,0.4707,373,723,0,0,1
8870,4.19,0.4802,371,723,0,0,1
8871,4.117,0.4636,370,723,0,0,1
8872,4.2568,0.4134,370,723,0,0,1
8873,4.1073,0.4105,370,723,0,0,1
8874,4.3321,0.7677,417,723,0,0,1
8875,4.0079,0.52,417,723,0,0,1
8876,4.1618,0.4965,415,723,0,0,1
8877,4.1174,0.4578,415,723,0,0,1
8878,4.2313,0.6853,414,723,0,0,1
8879,4.1396,0.4345,413,723,0,0,1
8880,4.1673,0.7121,412,723,0,0,1
8881,4.1064,0.471,412,723,0,0,1
8882,4.2485,0.7506,412,723,0,0,1
8883,4.0795,1.0237,411,723,0,0,1
8884,4.2256,0.4907,411,723,0,0,1
8885,4.1917,0.7333,411,723,0,0,1
8886,4.1304,0.6579,411,723,0,0,1
8887,4.1737,0.5558,411,723,0,0,1
8888,4.1963,0.6105,410,723,0,0,1
8889,4.1246,0.442,409,723,0,0,1
8890,4.1842,0.52,408,723,0,0,1
8891,4.1423,0.4808,408,723,0,0,1
8892,4.1852,0.6372,408,723,0,0,1
8893,4.2627,0.6817,407,723,0,0,1
8894,4.0496,0.4782,406,723,0,0,1
8895,4.2325,0.4929,406,723,0,0,1
8896,4.2999,0.426,406,723,0,0,1
8897,3.9867,0.5051,405,723,0,0,1
8898,4.1863,0.7011,405,723,0,0,1
8899,4.2388,0.7413,405,723,0,0,1
8900,4.0894,0.5376,405,723,0,0,1
8901,4.1127,0.4791,405,723,0,0,1
8902,4.221,0.6743,404,723,0,0,1
8903,4.1763,0.5326,404,723,0,0,1
8904,4.1067,0.5999,404,723,0,0,1
8905,4.2432,0.7396,403,723,0,0,1
8906,4.1692,0.5372,402,723,0,0,1
8907,4.1548,0.5585,402,723,0,0,1
8908,4.1554,0.8144,402,723,0,0,1
8909,4.1841,0.4703,400,723,0,0,1
8910,4.1825,0.4761,398,723,0,0,1
8911,4.1561,0.6321,398,723,0,0,1
8912,4.25,0.6501,398,723,0,0,1
8913,4.0286,0.4336,398,723,0,0,1
8914,4.2092,0.4817,397,723,0,0,1
8915,4.0906,0.457,396,723,0,0,1
8916,4.2557,0.5556,395,723,0,0,1
8917,4.1792,0.6794,394,723,0,0,1
8918,4.1019,0.4288,391,723,0,0,1
8919,4.2266,0.4917,390,723,0,0,1
8920,4.1219,0.4871,389,723,0,0,1
8921,4.2038,0.5027,389,723,0,0,1
8922,4.1382,0.573,387,723,0,0,1
8923,4.1453,0.4815,386,723,0,0,1
8924,4.2414,0.8972,385,723,0,0,1
8925,4.0748,0.4518,382,723,0,0,1
8926,4.2274,0.6602,382,723,0,0,1
8927,4.1053,0.6371,381,723,0,0,1
8928,4.18,0.4892,381,723,0,0,1
8929,4.225,0.6649,381,723,0,0,1
8930,4.1769,0.734,380,723,0,0,1
8931,4.1202,0.4882,380,723,0,0,1
8932,4.1815,0.4892,378,723,0,0,1
8933,4.1662,0.4205,378,723,0,0,1
8934,4.3506,0.4978,377,723,0,0,1
8935,4.1825,0.5207,376,723,0,0,1
8936,4.0112,0.6713,366,723,0,0,1
8937,4.0711,0.383,366,723,0,0,1
8938,4.5975,0.5252,366,723,0,0,1
8939,3.83,0.5947,365,723,0,0,1
8940,4.1483,0.4383,365,723,0,0,1
8941,4.107,0.4355,364,723,0,0,1
8942,4.1424,0.534,414,723,0,0,1
8943,4.3171,0.6993,414,723,0,0,1
8944,4.078,0.535,414,723,0,0,1
8945,4.1864,0.5133,414,723,0,0,1
8946,4.1436,0.4996,414,723,0,0,1
8947,4.1196,0.5069,414,723,0,0,1
8948,4.1626,0.7009,412,723,0,0,1
8949,4.2067,0.5186,410,723,0,0,1
8950,4.1706,0.5429,409,723,0,0,1
8951,4.1977,0.6363,408,723,0,0,1
8952,4.1856,0.534,407,723,0,0,1
8953,4.1229,0.4714,407,723,0,0,1
8954,4.1689,0.7496,407,723,0,0,1
8955,4.19,0.4506,406,723,0,0,1
8956,4.1767,0.425,405,723,0,0,1
8957,4.1266,0.4734,405,723,0,0,1
8958,4.1442,0.4385,405,723,0,0,1
8959,4.2505,0.4622,405,723,0,0,1
8960,4.1158,0.4294,404,723,0,0,1
8961,4.1198,0.4094,404,723,0,0,1
8962,4.2689,0.5438,404,723,0,0,1
8963,4.1246,0.5194,403,723,0,0,1
8964,4.1956,0.525,402,723,0,0,1
8965,4.1333,0.509,402,723,0,0,1
8966,4.1153,0.4944,402,723,0,0,1
8967,4.2455,0.5135,402,723,0,0,1
8968,4.1068,0.6255,402,723,0,0,1
8969,4.1484,0.5152,401,723,0,0,1
8970,4.2187,0.72,401,723,0,0,1
8971,4.4244,0.5084,400,723,0,0,1
8972,3.9141,0.5606,397,723,0,0,1
8973,4.151,0.743,397,723,0,0,1
8974,4.2255,0.7478,397,723,0,0,1
8975,4.1492,0.4502,395,723,0,0,1
8976,4.1512,0.4908,393,723,0,0,1
8977,4.1658,0.4957,392,723,0,0,1
8978,4.1272,0.673,391,723,0,0,1
8979,4.187,0.5066,391,723,0,0,1
8980,4.1453,0.5298,391,723,0,0,1
8981,4.1534,0.6281,391,723,0,0,1
8982,4.2286,0.7659,390,723,0,0,1
8983,4.1599,0.635,390,723,0,0,1
8984,4.5173,0.6099,389,723,0,0,1
8985,3.8182,0.4226,385,723,0,0,1
8986,4.1632,0.56,384,723,0,0,1
8987,4.1744,0.4613,384,723,0,0,1
8988,4.1381,0.7891,384,723,0,0,1
8989,4.1118,0.4764,384,723,0,0,1
8990,4.1971,0.4238,383,723,0,0,1
8991,4.2248,0.5708,381,723,0,0,1
8992,4.1243,0.5383,381,723,0,0,1
8993,4.2155,0.6251,380,723,0,0,1
8994,4.1677,0.6067,379,723,0,0,1
8995,4.4547,0.6874,377,723,0,0,1
8996,3.8767,0.4862,377,723,0,0,1
8997,4.1024,0.4361,376,723,0,0,1
8998,4.3995,0.711,376,723,0,0,1
8999,3.9385,0.5359,375,723,0,0,1
9000,4.2936,0.6757,375,723,0,0,1
9001,4.0239,0.5819,373,723,0,0,1
9002,4.2572,0.7425,372,723,0,0,1
9003,4.1628,0.5536,365,723,0,0,1
9004,4.1836,0.5094,365,723,0,0,1
9005,4.1314,0.7066,365,723,0,0,1
9006,4.2139,0.642,365,723,0,0,1
9007,4.2429,0.5612,365,723,0,0,1
9008,3.9752,0.5064,364,723,0,0,1
9009,4.18,0.4565,412,723,0,0,1
9010,4.4797,0.4881,411,723,0,0,1
9011,3.8976,0.4666,410,723,0,0,1
9012,4.4057,0.6413,409,723,0,0,1
9013,3.9473,0.5762,409,723,0,0,1
9014,4.0972,0.4843,409,723,0,0,1
9015,4.2215,0.5292,408,723,0,0,1
9016,4.1332,0.4581,408,723,0,0,1
9017,4.2216,0.5622,408,723,0,0,1
9018,4.2355,0.8181,406,723,0,0,1
9019,4.0518,0.4944,405,723,0,0,1
9020,4.2083,0.4886,405,723,0,0,1
9021,4.0998,0.4349,405,723,0,0,1
9022,4.2721,0.6357,405,723,0,0,1
9023,4.1442,0.4784,405,723,0,0,1
9024,4.1922,0.6919,405,723,0,0,1
9025,4.3507,0.605,405,723,0,0,1
9026,4.2283,0.5711,404,723,0,0,1
9027,3.846,0.4657,404,723,0,0,1
9028,4.1711,0.4297,404,723,0,0,1
9029,4.1279,0.5741,404,723,0,0,1
9030,4.2095,0.4808,404,723,0,0,1
9031,4.4972,0.593,404,723,0,0,1
9032,3.8485,0.5317,403,723,0,0,1
9033,4.128,0.5153,403,723,0,0,1
9034,4.1929,0.6522,403,723,0,0,1
9035,4.1732,0.5176,403,723,0,0,1
9036,4.152,0.662,402,723,0,0,1
9037,4.2065,0.6316,401,723,0,0,1
9038,4.0787,0.4741,399,723,0,0,1
9039,4.2539,0.501,398,723,0,0,1
9040,4.376,0.5085,397,723,0,0,1
9041,3.9565,0.4774,396,723,0,0,1
9042,4.1388,0.5656,396,723,0,0,1
9043,4.3301,0.6602,394,723,0,0,1
9044,3.9728,0.4251,394,723,0,0,1
9045,4.1359,0.4198,394,723,0,0,1
9046,4.5426,0.5949,393,723,0,0,1
9047,3.8626,0.4646,393,723,0,0,1
9048,4.1738,0.6088,393,723,0,0,1
9049,4.1809,0.4282,391,723,0,0,1
9050,4.3003,0.7675,391,723,0,0,1
9051,3.9946,0.5515,390,723,0,0,1
9052,4.169,0.4175,389,723,0,0,1
9053,4.1808,0.5746,388,723,0,0,1
9054,4.2038,0.4627,388,723,0,0,1
9055,4.1646,0.467,388,723,0,0,1
9056,4.1632,0.6853,385,723,0,0,1
9057,4.0867,0.4271,385,723,0,0,1
9058,4.2107,0.6517,384,723,0,0,1
9059,4.1228,0.4267,382,723,0,0,1
9060,4.2394,0.455,381,723,0,0,1
9061,4.1281,0.4951,381,723,0,0,1
9062,4.1572,0.4333,381,723,0,0,1
9063,4.195,0.4955,381,723,0,0,1
9064,4.1568,0.5212,378,723,0,0,1
9065,4.1899,0.57,376,723,0,0,1
9066,4.1427,0.5876,374,723,0,0,1
9067,4.144,0.7102,374,723,0,0,1
9068,4.1353,0.6513,374,723,0,0,1
9069,4.174,0.4864,373,723,0,0,1
9070,4.1632,0.4988,365,723,0,0,1
9071,4.2266,0.6492,365,723,0,0,1
9072,4.1344,0.584,365,723,0,0,1
9073,4.2152,0.5812,364,723,0,0,1
9074,4.1389,0.5146,364,723,0,0,1
9075,4.1754,0.6992,363,723,0,0,1
9076,4.1633,0.4248,413,723,0,0,1
9077,4.1095,0.6636,413,723,0,0,1
9078,4.1676,0.5132,413,723,0,0,1
9079,4.4596,0.4932,410,723,0,0,1
9080,3.956,0.6595,410,723,0,0,1
9081,4.16,0.5208,409,723,0,0,1
9082,4.2065,0.7824,409,723,0,0,1
9083,4.1217,0.5133,409,723,0,0,1
9084,4.2399,0.611,408,723,0,0,1
9085,4.0514,0.4442,408,723,0,0,1
9086,4.1822,0.4943,406,723,0,0,1
9087,4.3098,0.4748,406,723,0,0,1
9088,4.0894,0.5665,406,723,0,0,1
9089,4.145,0.4957,406,723,0,0,1
9090,4.1205,0.4933,406,723,0,0,1
9091,4.2114,0.472,406,723,0,0,1
9092,4.1672,0.6016,406,723,0,0,1
9093,4.1089,0.4256,406,723,0,0,1
9094,4.2623,0.6517,404,723,0,0,1
9095,4.1131,0.4531,404,723,0,0,1
9096,4.1985,0.6525,404,723,0,0,1
9097,4.1652,0.4606,403,723,0,0,1
9098,4.107,0.4401,403,723,0,0,1
9099,4.1952,0.5618,401,723,0,0,1
9100,4.1241,0.4212,401,723,0,0,1
9101,4.2268,0.4933,400,723,0,0,1
9102,4.1482,0.5678,399,723,0,0,1
9103,4.1779,0.6407,399,723,0,0,1
9104,4.1864,0.525,398,723,0,0,1
9105,4.0734,0.4929,398,723,0,0,1
9106,4.6062,0.7537,398,723,0,0,1
9107,3.761,0.4969,398,723,0,0,1
9108,4.1802,0.5251,396,723,0,0,1
9109,4.196,0.5314,396,723,0,0,1
9110,4.1264,0.4845,396,723,0,0,1
9111,4.1381,0.8109,395,723,0,0,1
9112,4.2479,0.4832,395,723,0,0,1
9113,4.154,0.6594,394,723,0,0,1
9114,4.1383,0.6047,394,723,0,0,1
9115,4.4471,0.5117,394,723,0,0,1
9116,3.869,0.5682,394,723,0,0,1
9117,4.1473,0.4721,394,723,0,0,1
9118,4.1687,0.7075,393,723,0,0,1
9119,4.1707,0.5147,392,723,0,0,1
9120,4.2269,0.7307,392,723,0,0,1
9121,4.1739,0.5509,392,723,0,0,1
9122,4.1235,0.8058,392,723,0,0,1
9123,4.2656,0.7317,391,723,0,0,1
9124,4.0752,0.5194,391,723,0,0,1
9125,4.2015,0.7731,391,723,0,0,1
9126,4.0791,0.5751,390,723,0,0,1
9127,4.2615,0.7491,390,723,0,0,1
9128,4.1174,0.6887,390,723,0,0,1
9129,4.1794,0.5136,390,723,0,0,1
9130,4.1595,0.704,390,723,0,0,1
9131,4.2374,0.5115,390,723,0,0,1
9132,4.2012,0.6713,389,723,0,0,1
9133,4.1059,0.769,389,723,0,0,1
9134,4.5327,0.827,388,723,0,0,1
9135,3.7688,0.5337,388,723,0,0,1
9136,4.1423,0.5187,386,723,0,0,1
9137,4.3587,0.9772,385,723,0,0,1
9138,4.1518,0.859,377,723,0,0,1
9139,4.2829,0.5604,375,723,0,0,1
9140,3.934,0.5793,374,723,0,0,1
9141,4.1002,0.5035,374,723,0,0,1
9142,4.2085,0.5375,374,723,0,0,1
9143,4.1856,0.5293,423,723,0,0,1
9144,4.2445,0.5089,423,723,0,0,1
9145,4.0812,0.5162,423,723,0,0,1
9146,4.1452,0.6478,422,723,0,0,1
9147,4.206,0.5009,422,723,0,0,1
9148,4.1201,0.4599,421,723,0,0,1
9149,4.2107,0.5926,421,723,0,0,1
9150,4.1308,0.5285,420,723,0,0,1
9151,4.2099,0.5441,420,723,0,0,1
9152,4.1282,0.481,420,723,0,0,1
9153,4.1535,0.4959,420,723,0,0,1
9154,4.1912,0.5676,420,723,0,0,1
9155,4.1702,0.4859,420,723,0,0,1
9156,4.1376,0.4882,418,723,0,0,1
9157,4.2593,0.692,417,723,0,0,1
9158,4.4036,0.6501,415,723,0,0,1
9159,3.8792,0.5154,415,723,0,0,1
9160,4.1297,0.442,414,723,0,0,1
9161,4.2179,0.5249,412,723,0,0,1
9162,4.1424,0.5523,412,723,0,0,1
9163,4.2032,0.4859,412,723,0,0,1
9164,4.145,0.5049,412,723,0,0,1
9165,4.0902,0.4372,412,723,0,0,1
9166,4.2104,0.4983,411,723,0,0,1
9167,4.1502,0.4932,411,723,0,0,1
9168,4.2365,0.4931,409,723,0,0,1
9169,4.123,0.8867,408,723,0,0,1
9170,4.4013,0.7641,407,723,0,0,1
9171,4.2063,0.6336,407,723,0,0,1
9172,3.9364,0.4449,406,723,0,0,1
9173,4.1621,0.5297,406,723,0,0,1
9174,4.1682,0.5152,406,723,0,0,1
9175,4.478,0.6216,406,723,0,0,1
9176,3.8899,0.5668,405,723,0,0,1
9177,4.0638,0.438,405,723,0,0,1
9178,4.6019,0.758,404,723,0,0,1
9179,4.118,0.5047,403,723,0,0,1
9180,4.05,0.6787,402,723,0,0,1
9181,4.327,0.4715,401,723,0,0,1
9182,3.7555,0.4311,400,723,0,0,1
9183,4.17,0.692,400,723,0,0,1
9184,4.1606,0.4257,399,723,0,0,1
9185,4.2218,0.5622,398,723,0,0,1
9186,4.1684,0.5934,397,723,0,0,1
9187,4.1684,0.4793,397,723,0,0,1
9188,4.3031,0.6338,395,723,0,0,1
9189,3.9683,0.459,394,723,0,0,1
9190,4.1867,0.5246,394,723,0,0,1
9191,4.2092,0.5199,394,723,0,0,1
9192,4.3731,0.6211,393,723,0,0,1
9193,3.9362,0.7251,392,723,0,0,1
9194,4.1692,0.742,391,723,0,0,1
9195,4.2226,0.833,390,723,0,0,1
9196,4.0836,0.4675,389,723,0,0,1
9197,4.1983,0.5308,389,723,0,0,1
9198,4.1718,0.5415,388,723,0,0,1
9199,4.1777,0.4861,386,723,0,0,1
9200,4.3309,0.5025,385,723,0,0,1
9201,3.9349,0.4697,385,723,0,0,1
9202,4.196,0.5631,385,723,0,0,1
9203,4.1677,0.4859,384,723,0,0,1
9204,4.2038,0.4558,384,723,0,0,1
9205,4.1355,0.5331,376,723,0,0,1
9206,4.1503,0.605,375,723,0,0,1
9207,4.2905,0.7787,375,723,0,0,1
9208,4.0304,0.4226,375,723,0,0,1
9209,4.278,0.6459,375,723,0,0,1
9210,4.0277,0.4843,375,723,0,0,1
9211,4.3499,0.4788,424,723,0,0,1
9212,4.033,0.5595,423,723,0,0,1
9213,4.1393,0.4715,422,723,0,0,1
9214,4.1967,0.5552,421,723,0,0,1
9215,4.1577,0.543,419,723,0,0,1
9216,4.2088,0.5677,418,723,0,0,1
9217,4.1448,0.5015,418,723,0,0,1
9218,4.1177,0.4365,417,723,0,0,1
9219,4.233,0.4544,417,723,0,0,1
9220,4.1318,0.4405,417,723,0,0,1
9221,4.2539,0.6184,417,723,0,0,1
9222,4.1364,0.5906,416,723,0,0,1
9223,4.1528,0.4819,416,723,0,0,1
9224,4.1237,0.4905,416,723,0,0,1
9225,4.1224,0.417,416,723,0,0,1
9226,4.2556,0.6792,415,723,0,0,1
9227,4.486,0.4574,415,723,0,0,1
9228,3.7948,0.4915,415,723,0,0,1
9229,4.2272,0.5497,415,723,0,0,1
9230,4.1022,0.5765,415,723,0,0,1
9231,4.3886,0.5177,415,723,0,0,1
9232,3.9299,0.5062,415,723,0,0,1
9233,4.2527,0.5117,415,723,0,0,1
9234,4.1592,0.6752,413,723,0,0,1
9235,4.1561,0.4987,412,723,0,0,1
9236,4.1269,0.4746,412,723,0,0,1
9237,4.1373,0.4618,409,723,0,0,1
9238,4.2038,0.6083,409,723,0,0,1
9239,4.1709,0.4229,409,723,0,0,1
9240,4.1979,0.528,408,723,0,0,1
9241,4.1657,0.4777,408,723,0,0,1
9242,4.1846,0.5759,408,723,0,0,1
9243,4.1143,0.4576,407,723,0,0,1
9244,4.1827,0.4733,407,723,0,0,1
9245,4.2391,0.7201,406,723,0,0,1
9246,4.1059,0.5137,404,723,0,0,1
9247,4.4082,0.6726,403,723,0,0,1
9248,3.9344,0.5548,403,723,0,0,1
9249,4.1279,0.4662,403,723,0,0,1
9250,4.364,0.6785,402,723,0,0,1
9251,3.9635,0.5263,401,723,0,0,1
9252,4.157,0.4827,401,723,0,0,1
9253,4.2229,0.561,400,723,0,0,1
9254,4.1527,0.554,399,723,0,0,1
9255,4.1443,0.5136,398,723,0,0,1
9256,4.1506,0.5996,397,723,0,0,1
9257,4.1554,0.7373,393,723,0,0,1
9258,4.1362,0.6834,393,723,0,0,1
9259,4.2974,0.6499,393,723,0,0,1
9260,4.1136,0.5908,392,723,0,0,1
9261,4.1301,0.5139,391,723,0,0,1
9262,4.2265,0.545,389,723,0,0,1
9263,4.1883,0.518,388,723,0,0,1
9264,4.1783,0.6925,388,723,0,0,1
9265,4.1089,0.567,388,723,0,0,1
9266,4.2134,0.5986,387,723,0,0,1
9267,4.1533,0.5695,386,723,0,0,1
9268,4.1183,0.5416,386,723,0,0,1
9269,4.1753,0.6997,386,723,0,0,1
9270,4.3259,0.8442,386,723,0,0,1
9271,4.0142,0.5847,385,723,0,0,1
9272,4.1578,0.5665,378,723,0,0,1
9273,4.1457,0.5029,378,723,0,0,1
9274,4.5339,0.524,378,723,0,0,1
9275,4.1541,0.5074,378,723,0,0,1
9276,3.8569,0.7062,378,723,0,0,1
9277,4.1522,0.5798,376,723,0,0,1
9278,4.407,0.5056,425,723,0,0,1
9279,3.9397,0.5104,425,723,0,0,1
9280,4.1218,0.4431,425,723,0,0,1
9281,4.4146,0.5693,425,723,0,0,1
9282,3.9819,0.5757,423,723,0,0,1
9283,4.3819,0.6183,421,723,0,0,1
9284,3.92,0.4864,419,723,0,0,1
9285,4.1135,0.4254,418,723,0,0,1
9286,4.2495,0.4818,418,723,0,0,1
9287,4.1514,0.4585,418,723,0,0,1
9288,4.1784,0.4943,418,723,0,0,1
9289,4.0907,0.5917,418,723,0,0,1
9290,4.2548,0.6072,416,723,0,0,1
9291,4.1123,0.516,416,723,0,0,1
9292,4.1597,0.4892,416,723,0,0,1
9293,4.1661,0.451,416,723,0,0,1
9294,4.6503,0.4388,414,723,0,0,1
9295,3.7588,0.6928,414,723,0,0,1
9296,4.109,0.4368,413,723,0,0,1
9297,4.1893,0.4373,413,723,0,0,1
9298,4.2186,0.4968,413,723,0,0,1
9299,4.1321,0.4984,413,723,0,0,1
9300,4.1545,0.7795,413,723,0,0,1
9301,4.2599,0.4445,412,723,0,0,1
9302,4.0836,0.7389,412,723,0,0,1
9303,4.0894,0.6619,411,723,0,0,1
9304,4.1937,0.5203,411,723,0,0,1
9305,4.1682,0.5197,411,723,0,0,1
9306,4.138,0.7183,411,723,0,0,1
9307,4.1428,0.8688,410,723,0,0,1
9308,4.5177,0.883,409,723,0,0,1
9309,3.8683,0.4614,409,723,0,0,1
9310,4.1453,0.4532,407,723,0,0,1
9311,4.1946,0.4516,407,723,0,0,1
9312,4.163,0.4224,405,723,0,0,1
9313,4.1639,0.6325,403,723,0,0,1
9314,4.1702,0.6812,402,723,0,0,1
9315,4.2131,0.6839,401,723,0,0,1
9316,4.102,0.4254,400,723,0,0,1
9317,4.2016,0.6014,400,723,0,0,1
9318,4.6318,0.6235,400,723,0,0,1
9319,3.7277,0.4691,398,723,0,0,1
9320,4.1203,0.5132,396,723,0,0,1
9321,4.123,0.4845,395,723,0,0,1
9322,4.217,0.4862,394,723,0,0,1
9323,4.2998,0.527,394,723,0,0,1
9324,4.3393,0.4934,394,723,0,0,1
9325,3.8731,0.5118,392,723,0,0,1
9326,4.1856,0.5382,391,723,0,0,1
9327,4.1187,0.5348,391,723,0,0,1
9328,4.1482,0.5073,390,723,0,0,1
9329,4.1647,0.6262,390,723,0,0,1
9330,4.186,0.4654,390,723,0,0,1
9331,4.2089,0.483,390,723,0,0,1
9332,4.2873,0.6161,389,723,0,0,1
9333,3.983,0.4506,389,723,0,0,1
9334,4.4997,0.5949,388,723,0,0,1
9335,4.1759,0.516,387,723,0,0,1
9336,4.1567,0.4418,387,723,0,0,1
9337,4.1129,0.424,386,723,0,0,1
9338,3.9306,0.6238,384,723,0,0,1
9339,4.1333,0.6028,376,723,0,0,1
9340,4.1615,0.4212,373,723,0,0,1
9341,4.1615,0.4537,373,723,0,0,1
9342,4.1508,0.6329,373,723,0,0,1
9343,4.1966,0.5753,372,723,0,0,1
9344,4.3286,0.6715,372,723,0,0,1
9345,4.022,0.4747,420,723,0,0,1
9346,4.9147,0.4479,420,723,0,0,1
9347,4.12,0.4392,420,723,0,0,1
9348,3.5292,0.6773,420,723,0,0,1
9349,4.5395,0.7119,420,723,0,0,1
9350,3.7321,0.5667,420,723,0,0,1
9351,4.1832,0.6331,420,723,0,0,1
9352,4.1611,0.4984,420,723,0,0,1
9353,4.5472,0.6612,419,723,0,0,1
9354,3.844,0.733,419,723,0,0,1
9355,4.116,0.6014,419,723,0,0,1
9356,4.1343,0.4513,418,723,0,0,1
9357,4.167,0.4565,416,723,0,0,1
9358,4.1965,0.7497,414,723,0,0,1
9359,4.1164,0.3997,413,723,0,0,1
9360,4.1953,0.4076,412,723,0,0,1
9361,4.5299,0.6353,410,723,0,0,1
9362,3.818,0.5738,409,723,0,0,1
9363,4.1532,0.4289,409,723,0,0,1
9364,4.2133,0.7327,409,723,0,0,1
9365,4.1898,0.7019,409,723,0,0,1
9366,4.0458,0.6799,409,723,0,0,1
9367,4.1553,0.5011,409,723,0,0,1
9368,4.2899,0.5586,409,723,0,0,1
9369,4.0905,0.4084,409,723,0,0,1
9370,4.2319,0.5849,407,723,0,0,1
9371,4.2923,0.6584,407,723,0,0,1
9372,4.0767,0.5003,406,723,0,0,1
9373,4.1483,0.6803,404,723,0,0,1
9374,4.4697,0.9305,404,723,0,0,1
9375,3.869,0.5216,403,723,0,0,1
9376,4.1166,0.4239,403,723,0,0,1
9377,4.2642,0.6573,403,723,0,0,1
9378,4.1139,0.564,403,723,0,0,1
9379,4.1877,0.6332,403,723,0,0,1
9380,4.4003,0.5284,402,723,0,0,1
9381,3.8674,0.4631,402,723,0,0,1
9382,4.1588,0.6626,402,723,0,0,1
9383,4.2633,0.4571,401,723,0,0,1
9384,4.1723,0.7831,401,723,0,0,1
9385,4.0962,0.5674,401,723,0,0,1
9386,4.1845,0.6656,399,723,0,0,1
9387,4.1541,0.5533,397,723,0,0,1
9388,4.152,0.5288,395,723,0,0,1
9389,4.2014,0.4518,394,723,0,0,1
9390,4.0592,0.6124,394,723,0,0,1
9391,4.5134,0.5276,394,723,0,0,1
9392,3.9419,0.5411,394,723,0,0,1
9393,4.1046,0.4664,391,723,0,0,1
9394,4.2047,0.6341,389,723,0,0,1
9395,4.1721,0.4412,388,723,0,0,1
9396,4.2315,0.6866,386,723,0,0,1
9397,4.0987,0.5229,385,723,0,0,1
9398,4.1744,0.5155,383,723,0,0,1
9399,4.1547,0.4749,383,723,0,0,1
9400,4.1362,0.4528,383,723,0,0,1
9401,4.1385,0.6182,383,723,0,0,1
9402,4.359,0.6594,383,723,0,0,1
9403,4.0552,0.4935,381,723,0,0,1
9404,4.1157,0.4291,381,723,0,0,1
9405,4.1586,0.4507,381,723,0,0,1
9406,4.2007,0.4694,373,723,0,0,1
9407,4.2136,0.457,373,723,0,0,1
9408,4.1003,0.4276,373,723,0,0,1
9409,4.3165,0.6191,371,723,0,0,1
9410,4.373,0.6131,371,723,0,0,1
9411,3.8576,0.5902,371,723,0,0,1
9412,4.1326,0.5036,420,723,0,0,1
9413,4.1606,0.4887,420,723,0,0,1
9414,4.4416,0.6406,420,723,0,0,1
9415,4.5583,0.489,419,723,0,0,1
9416,3.5572,0.5003,416,723,0,0,1
9417,4.0757,0.43,416,723,0,0,1
9418,4.2223,0.6077,416,723,0,0,1
9419,4.3371,0.471,415,723,0,0,1
9420,4.0182,0.7713,415,723,0,0,1
9421,4.1989,0.7136,415,723,0,0,1
9422,4.3439,0.8501,414,723,0,0,1
9423,3.9148,0.5623,414,723,0,0,1
9424,4.1391,0.4618,414,723,0,0,1
9425,4.2492,0.4905,414,723,0,0,1
9426,4.1329,0.6188,414,723,0,0,1
9427,4.1804,0.7035,414,723,0,0,1
9428,4.1618,0.5016,414,723,0,0,1
9429,4.1424,0.4424,414,723,0,0,1
9430,4.2092,0.5806,414,723,0,0,1
9431,4.1895,0.4942,414,723,0,0,1
9432,4.109,0.5294,413,723,0,0,1
9433,4.1581,0.6511,412,723,0,0,1
9434,4.1455,0.486,412,723,0,0,1
9435,4.2081,0.5597,412,723,0,0,1
9436,4.1248,0.4781,412,723,0,0,1
9437,4.2327,0.5522,412,723,0,0,1
9438,4.1746,0.5987,412,723,0,0,1
9439,4.1609,0.6422,412,723,0,0,1
9440,4.2221,0.7238,412,723,0,0,1
9441,4.0283,0.4512,411,723,0,0,1
9442,4.2632,0.5311,411,723,0,0,1
9443,4.1463,0.4732,410,723,0,0,1
9444,4.1639,0.6696,410,723,0,0,1
9445,4.39,0.4371,409,723,0,0,1
9446,3.9044,0.5603,408,723,0,0,1
9447,4.2058,0.7003,408,723,0,0,1
9448,4.7068,0.4362,408,723,0,0,1
9449,3.5834,0.4724,408,723,0,0,1
9450,4.1431,0.7323,407,723,0,0,1
9451,4.194,0.7113,407,723,0,0,1
9452,4.1622,0.7105,407,723,0,0,1
9453,4.7863,0.5288,406,723,0,0,1
9454,3.5526,0.5267,405,723,0,0,1
9455,4.1827,0.4637,403,723,0,0,1
9456,4.1498,0.4501,401,723,0,0,1
9457,4.1615,0.6947,399,723,0,0,1
9458,4.2578,0.6346,399,723,0,0,1
9459,4.2259,0.6715,397,723,0,0,1
9460,4.0428,0.4615,395,723,0,0,1
9461,4.1125,0.4238,394,723,0,0,1
9462,4.1677,0.4629,394,723,0,0,1
9463,4.1708,0.4355,391,723,0,0,1
9464,4.1932,0.4723,391,723,0,0,1
9465,4.1855,0.4271,390,723,0,0,1
9466,4.4673,0.5827,390,723,0,0,1
9467,5.2498,0.4688,388,723,0,0,1
9468,2.8159,0.589,388,723,0,0,1
9469,4.1896,0.6907,388,723,0,0,1
9470,4.1877,0.6521,387,723,0,0,1
9471,4.2092,0.702,385,723,0,0,1
9472,4.0772,0.429,385,723,0,0,1
9473,4.1081,0.4353,378,723,0,0,1
9474,4.1373,0.5652,377,723,0,0,1
9475,4.2441,0.4318,377,723,0,0,1
9476,4.0939,0.5058,376,723,0,0,1
9477,4.6068,0.4415,376,723,0,0,1
9478,3.9686,0.6868,376,723,0,0,1
9479,3.9805,0.459,426,723,0,0,1
9480,4.1156,0.4779,425,723,0,0,1
9481,4.1676,0.4427,425,723,0,0,1
9482,4.2124,0.6958,423,723,0,0,1
9483,4.1397,0.4973,420,723,0,0,1
9484,4.2386,0.5111,419,723,0,0,1
9485,4.0724,0.4636,418,723,0,0,1
9486,4.214,0.4811,417,723,0,0,1
9487,4.1806,0.4511,417,723,0,0,1
9488,4.1552,0.4831,417,723,0,0,1
9489,4.1936,0.6642,416,723,0,0,1
9490,4.237,0.4416,416,723,0,0,1
9491,4.1259,0.4541,415,723,0,0,1
9492,4.1171,0.4525,414,723,0,0,1
9493,4.1213,0.4285,414,723,0,0,1
9494,4.1952,0.5774,413,723,0,0,1
9495,4.3747,0.5168,413,723,0,0,1
9496,3.9943,0.5493,412,723,0,0,1
9497,4.1386,0.547,411,723,0,0,1
9498,4.2153,0.5386,410,723,0,0,1
9499,4.4178,0.7256,409,723,0,0,1
9500,3.862,0.489,408,723,0,0,1
9501,4.1648,0.4676,408,723,0,0,1
9502,4.2306,0.5417,408,723,0,0,1
9503,4.1592,0.4393,408,723,0,0,1
9504,4.1207,0.4741,407,723,0,0,1
9505,4.1669,0.4387,407,723,0,0,1
9506,4.2252,0.5378,407,723,0,0,1
9507,4.1336,0.4752,407,723,0,0,1
9508,4.1404,0.4302,405,723,0,0,1
9509,4.2535,0.7015,405,723,0,0,1
9510,4.0626,0.5148,405,723,0,0,1
9511,4.2848,0.6886,405,723,0,0,1
9512,4.1461,0.834,405,723,0,0,1
9513,4.0832,0.5972,405,723,0,0,1
9514,4.1945,0.6411,404,723,0,0,1
9515,4.2451,0.5081,404,723,0,0,1
9516,4.0628,0.4489,404,723,0,0,1
9517,4.5656,0.7376,404,723,0,0,1
9518,3.8038,0.6008,404,723,0,0,1
9519,4.2323,0.501,404,723,0,0,1
9520,4.1062,0.4628,403,723,0,0,1
9521,4.4813,0.6289,401,723,0,0,1
9522,3.9975,0.7385,400,723,0,0,1
9523,4.3413,0.7909,398,723,0,0,1
9524,3.8661,0.4887,398,723,0,0,1
9525,4.1009,0.4274,398,723,0,0,1
9526,4.2807,0.6875,398,723,0,0,1
9527,4.1345,0.4226,398,723,0,0,1
9528,4.1853,0.7004,398,723,0,0,1
9529,4.1401,0.4826,396,723,0,0,1
9530,4.1851,0.6057,396,723,0,0,1
9531,4.13,0.5996,396,723,0,0,1
9532,4.1289,0.4248,396,723,0,0,1
9533,4.1773,0.5608,396,723,0,0,1
9534,4.6277,0.6061,395,723,0,0,1
9535,3.6914,0.4577,394,723,0,0,1
9536,4.2033,0.7203,393,723,0,0,1
9537,4.1289,0.4772,392,723,0,0,1
9538,4.1442,0.5751,392,723,0,0,1
9539,4.5102,0.5109,392,723,0,0,1
9540,3.8684,0.7128,392,723,0,0,1
9541,4.1548,0.7727,384,723,0,0,1
9542,4.5419,0.6148,383,723,0,0,1
9543,3.8176,0.6335,383,723,0,0,1
9544,4.1668,0.4791,382,723,0,0,1
9545,4.1892,0.4861,380,723,0,0,1
9546,4.1364,0.5136,429,723,0,0,1
9547,4.4176,0.6426,428,723,0,0,1
9548,4.0071,0.5907,428,723,0,0,1
9549,4.1,0.4544,426,723,0,0,1
9550,4.1684,0.4968,426,723,0,0,1
9551,4.1563,0.4694,426,723,0,0,1
9552,4.1971,0.4531,426,723,0,0,1
9553,4.1242,0.4473,424,723,0,0,1
9554,4.4504,0.6344,424,723,0,0,1
9555,3.9065,0.7113,424,723,0,0,1
9556,4.1261,0.4623,423,723,0,0,1
9557,4.1345,0.5487,423,723,0,0,1
9558,4.3229,0.5299,421,723,0,0,1
9559,4.1956,0.7985,419,723,0,0,1
9560,4.0722,0.5291,419,723,0,0,1
9561,4.0909,0.4768,419,723,0,0,1
9562,4.2144,0.6298,417,723,0,0,1
9563,4.1749,0.4409,417,723,0,0,1
9564,4.3374,0.531,417,723,0,0,1
9565,4.0139,0.6441,416,723,0,0,1
9566,4.1649,0.7317,416,723,0,0,1
9567,4.1458,0.5047,416,723,0,0,1
9568,4.4589,0.5,415,723,0,0,1
9569,3.8602,0.4626,415,723,0,0,1
9570,4.1664,0.6466,415,723,0,0,1
9571,4.2094,0.7496,415,723,0,0,1
9572,4.072,0.4813,415,723,0,0,1
9573,4.1921,0.5102,415,723,0,0,1
9574,4.1614,0.7432,414,723,0,0,1
9575,4.2025,0.5029,414,723,0,0,1
9576,4.1856,0.5223,414,723,0,0,1
9577,4.1663,0.5695,414,723,0,0,1
9578,4.1854,0.639,412,723,0,0,1
9579,4.1288,0.9029,412,723,0,0,1
9580,4.1551,0.4654,412,723,0,0,1
9581,4.1854,0.4824,412,723,0,0,1
9582,4.287,0.5355,412,723,0,0,1
9583,4.0861,0.4457,408,723,0,0,1
9584,4.1162,0.6668,408,723,0,0,1
9585,4.143,0.4216,407,723,0,0,1
9586,4.2308,0.6057,406,723,0,0,1
9587,4.3066,0.5338,404,723,0,0,1
9588,4.068,0.6872,404,723,0,0,1
9589,4.0783,0.5086,403,723,0,0,1
9590,4.1483,0.887,403,723,0,0,1
9591,4.2298,0.7032,403,723,0,0,1
9592,4.1509,0.4685,403,723,0,0,1
9593,4.1866,0.6984,403,723,0,0,1
9594,4.1549,0.4936,403,723,0,0,1
9595,4.3876,0.7206,402,723,0,0,1
9596,3.9087,0.6469,401,723,0,0,1
9597,4.1432,0.5039,400,723,0,0,1
9598,4.2187,0.751,399,723,0,0,1
9599,4.1145,0.4697,398,723,0,0,1
9600,4.1476,0.5936,396,723,0,0,1
9601,4.235,0.51,395,723,0,0,1
9602,4.1322,0.4986,394,723,0,0,1
9603,4.2432,0.6881,393,723,0,0,1
9604,4.101,0.454,393,723,0,0,1
9605,4.2385,0.505,392,723,0,0,1
9606,4.1215,0.5293,391,723,0,0,1
9607,4.1847,0.4754,391,723,0,0,1
9608,4.0854,0.654,383,723,0,0,1
9609,4.1725,0.441,382,723,0,0,1
9610,4.3362,0.7673,381,723,0,0,1
9611,4.2741,0.5789,381,723,0,0,1
9612,3.9596,0.5704,379,723,0,0,1
9613,4.0896,0.504,379,723,0,0,1
9614,4.1929,0.569,428,723,0,0,1
9615,4.1898,0.6008,427,723,0,0,1
9616,4.1259,0.4483,426,723,0,0,1
9617,4.5844,0.5711,424,723,0,0,1
9618,3.9524,0.6099,422,723,0,0,1
9619,4.4227,0.6285,422,723,0,0,1
9620,3.8263,0.5394,421,723,0,0,1
9621,4.08,0.442,420,723,0,0,1
9622,4.5402,0.5747,420,723,0,0,1
9623,3.7864,0.5028,420,723,0,0,1
9624,4.2548,0.5699,419,723,0,0,1
9625,4.0897,0.5651,418,723,0,0,1
9626,4.1593,0.6612,418,723,0,0,1
9627,4.1732,0.6734,417,723,0,0,1
9628,4.1763,0.482,414,723,0,0,1
9629,4.1619,0.5587,414,723,0,0,1
9630,4.1192,0.5643,414,723,0,0,1
9631,4.3408,0.5958,413,723,0,0,1
9632,4.0429,0.522,413,723,0,0,1
9633,4.1183,0.4789,413,723,0,0,1
9634,4.3724,0.4538,413,723,0,0,1
9635,4.2519,0.441,413,723,0,0,1
9636,3.9784,0.5058,412,723,0,0,1
9637,4.1139,0.467,411,723,0,0,1
9638,4.2206,0.5661,411,723,0,0,1
9639,4.362,0.4614,409,723,0,0,1
9640,3.8709,0.4981,408,723,0,0,1
9641,4.4775,0.7423,406,723,0,0,1
9642,3.8833,0.8238,405,723,0,0,1
9643,4.5785,0.7009,405,723,0,0,1
9644,4.1522,0.563,405,723,0,0,1
9645,3.773,0.6682,405,723,0,0,1
9646,4.2134,0.4686,405,723,0,0,1
9647,4.1473,0.4283,403,723,0,0,1
9648,4.159,0.5333,402,723,0,0,1
9649,4.404,0.5099,402,723,0,0,1
9650,4.0087,0.5337,402,723,0,0,1
9651,4.3925,0.4782,402,723,0,0,1
9652,3.8408,0.5126,401,723,0,0,1
9653,4.4322,0.4395,400,723,0,0,1
9654,3.9667,0.6231,400,723,0,0,1
9655,4.1448,0.6066,398,723,0,0,1
9656,4.1519,0.5071,397,723,0,0,1
9657,4.1425,0.4905,396,723,0,0,1
9658,4.178,0.5946,396,723,0,0,1
9659,4.1215,0.4182,396,723,0,0,1
9660,4.2978,0.7024,396,723,0,0,1
9661,4.057,0.4313,395,723,0,0,1
9662,4.6289,0.4328,394,723,0,0,1
9663,3.7445,0.4649,393,723,0,0,1
9664,4.1411,0.4459,392,723,0,0,1
9665,4.1671,0.6493,391,723,0,0,1
9666,4.256,0.7956,389,723,0,0,1
9667,4.1721,0.6584,388,723,0,0,1
9668,4.134,0.4801,388,723,0,0,1
9669,4.1265,0.4182,387,723,0,0,1
9670,4.2575,0.6863,387,723,0,0,1
9671,4.0936,0.4261,385,723,0,0,1
9672,4.142,0.5939,385,723,0,0,1
9673,4.2222,0.7409,385,723,0,0,1
9674,4.1694,0.4693,384,723,0,0,1
9675,4.114,0.4558,377,723,0,0,1
9676,4.1683,0.4065,377,723,0,0,1
9677,4.2686,0.6323,377,723,0,0,1
9678,4.2436,0.4157,377,723,0,0,1
9679,4.078,0.6788,377,723,0,0,1
9680,4.0684,0.413,376,723,0,0,1
9681,4.1473,0.4725,426,723,0,0,1
9682,4.2211,0.568,426,723,0,0,1
9683,4.2459,0.4462,426,723,0,0,1
9684,4.1101,0.676,426,723,0,0,1
9685,4.1519,0.8521,426,723,0,0,1
9686,4.409,0.6797,425,723,0,0,1
9687,3.8992,0.7795,425,723,0,0,1
9688,4.4513,0.5294,423,723,0,0,1
9689,4.2884,0.6856,421,723,0,0,1
9690,4.2122,0.7697,421,723,0,0,1
9691,3.682,0.4567,421,723,0,0,1
9692,4.197,0.4927,420,723,0,0,1
9693,4.1198,0.4259,420,723,0,0,1
9694,4.2486,0.507,419,723,0,0,1
9695,4.1093,0.6669,417,723,0,0,1
9696,4.2139,0.5609,417,723,0,0,1
9697,4.1637,0.8367,417,723,0,0,1
9698,4.1931,0.7745,417,723,0,0,1
9699,4.0926,0.5073,417,723,0,0,1
9700,4.1858,0.457,414,723,0,0,1
9701,4.2122,0.4879,413,723,0,0,1
9702,4.3,0.483,413,723,0,0,1
9703,3.9753,0.4709,409,723,0,0,1
9704,4.2534,0.4658,408,723,0,0,1
9705,4.0658,0.4355,407,723,0,0,1
9706,4.2385,0.6486,407,723,0,0,1
9707,4.1325,0.441,407,723,0,0,1
9708,4.2312,0.6547,406,723,0,0,1
9709,4.3922,0.4159,405,723,0,0,1
9710,3.8653,0.9099,405,723,0,0,1
9711,4.1926,0.4998,403,723,0,0,1
9712,4.1103,0.4518,402,723,0,0,1
9713,4.1801,0.6324,402,723,0,0,1
9714,4.5957,0.4664,402,723,0,0,1
9715,3.8146,0.7275,400,723,0,0,1
9716,4.1539,0.4632,399,723,0,0,1
9717,4.1157,0.4666,397,723,0,0,1
9718,4.2009,0.7148,396,723,0,0,1
9719,4.1531,0.4718,394,723,0,0,1
9720,4.1559,0.4856,394,723,0,0,1
9721,4.2475,0.5001,392,723,0,0,1
9722,4.0844,0.7433,392,723,0,0,1
9723,4.2042,0.7217,392,723,0,0,1
9724,4.1173,0.4829,391,723,0,0,1
9725,4.1613,0.6115,389,723,0,0,1
9726,4.2421,0.6357,387,723,0,0,1
9727,4.1654,0.5047,387,723,0,0,1
9728,4.0931,0.6944,387,723,0,0,1
9729,4.1858,0.4724,387,723,0,0,1
9730,4.1776,0.5227,385,723,0,0,1
9731,4.1347,0.4988,385,723,0,0,1
9732,4.1948,0.5022,384,723,0,0,1
9733,4.1207,0.4724,384,723,0,0,1
9734,4.1975,0.5102,384,723,0,0,1
9735,4.1943,0.6477,384,723,0,0,1
9736,4.2175,0.9114,382,723,0,0,1
9737,4.1412,0.572,382,723,0,0,1
9738,4.1943,0.5152,381,723,0,0,1
9739,4.1716,0.5318,381,723,0,0,1
9740,4.1003,0.6639,380,723,0,0,1
9741,4.1494,0.4505,380,723,0,0,1
9742,4.5235,0.5884,372,723,0,0,1
9743,3.8182,0.4132,371,723,0,0,1
9744,4.2207,0.4894,371,723,0,0,1
9745,4.1286,0.4635,371,723,0,0,1
9746,4.1467,0.5177,371,723,0,0,1
9747,4.197,0.8733,370,723,0,0,1
9748,4.1286,0.6594,419,723,0,0,1
9749,4.2225,0.6026,417,723,0,0,1
9750,4.1227,0.5923,416,723,0,0,1
9751,4.1469,0.4511,415,723,0,0,1
9752,4.2856,0.5318,414,723,0,0,1
9753,4.0384,0.6697,413,723,0,0,1
9754,4.2457,0.8426,411,723,0,0,1
9755,4.0875,0.5233,411,723,0,0,1
9756,4.2433,0.4596,411,723,0,0,1
9757,4.2142,0.6124,408,723,0,0,1
9758,4.0761,0.8876,408,723,0,0,1
9759,4.2266,0.5392,408,723,0,0,1
9760,4.0993,0.4907,408,723,0,0,1
9761,4.2846,0.6938,406,723,0,0,1
9762,4.1231,0.5462,406,723,0,0,1
9763,4.1429,0.4975,404,723,0,0,1
9764,4.116,0.4758,404,723,0,0,1
9765,4.1709,0.5681,404,723,0,0,1
9766,4.3436,0.4171,404,723,0,0,1
9767,3.9838,0.425,403,723,0,0,1
9768,4.1968,0.5112,402,723,0,0,1
9769,4.2124,0.5026,400,723,0,0,1
9770,4.4562,0.7088,400,723,0,0,1
9771,3.8199,0.5082,400,723,0,0,1
9772,4.1551,0.4667,400,723,0,0,1
9773,4.1681,0.4841,400,723,0,0,1
9774,4.2642,0.6003,400,723,0,0,1
9775,4.117,0.6298,398,723,0,0,1
9776,4.171,0.6199,397,723,0,0,1
9777,4.1106,0.528,397,723,0,0,1
9778,4.2284,0.9559,396,723,0,0,1
9779,4.1215,0.4753,396,723,0,0,1
9780,4.2538,0.6742,395,723,0,0,1
9781,4.1196,0.5282,393,723,0,0,1
9782,4.1891,0.606,392,723,0,0,1
9783,4.1409,0.5023,392,723,0,0,1
9784,4.101,0.4836,392,723,0,0,1
9785,4.234,0.6244,391,723,0,0,1
9786,4.2984,0.9114,389,723,0,0,1
9787,4,0.9374,389,723,0,0,1
9788,4.1334,0.4277,389,723,0,0,1
9789,4.1987,0.4464,388,723,0,0,1
9790,4.1723,0.5715,388,723,0,0,1
9791,4.2297,0.4349,386,723,0,0,1
9792,4.1611,0.6712,385,723,0,0,1
9793,4.1295,0.7764,385,723,0,0,1
9794,4.2426,0.4718,384,723,0,0,1
9795,4.0437,0.518,381,723,0,0,1
9796,4.1684,0.4288,380,723,0,0,1
9797,4.2131,0.5782,380,723,0,0,1
9798,4.1791,0.6465,380,723,0,0,1
9799,4.1569,0.4186,378,723,0,0,1
9800,4.1413,0.4411,377,723,0,0,1
9801,4.1274,0.413,376,723,0,0,1
9802,4.2125,0.5912,376,723,0,0,1
9803,4.1412,0.4435,375,723,0,0,1
9804,4.2291,0.6037,375,723,0,0,1
9805,4.2379,0.6468,374,723,0,0,1
9806,4.0892,0.6295,374,723,0,0,1
9807,4.1537,0.4795,374,723,0,0,1
9808,4.1592,0.4316,373,723,0,0,1
9809,4.3586,0.5941,373,723,0,0,1
9810,4.0396,0.5984,366,723,0,0,1
9811,4.1978,0.6663,364,723,0,0,1
9812,4.083,0.5041,363,723,0,0,1
9813,4.1252,0.508,362,723,0,0,1
9814,4.2254,0.5935,362,723,0,0,1
9815,4.1593,0.6072,412,723,0,0,1
9816,4.168,0.5141,411,723,0,0,1
9817,4.1736,0.752,411,723,0,0,1
9818,4.1383,0.668,410,723,0,0,1
9819,4.2093,0.5097,410,723,0,0,1
9820,4.0756,0.4248,408,723,0,0,1
9821,4.3244,0.6484,408,723,0,0,1
9822,4.1694,0.4381,408,723,0,0,1
9823,4.1356,0.6905,408,723,0,0,1
9824,4.1218,0.5236,407,723,0,0,1
9825,4.112,0.5033,406,723,0,0,1
9826,4.2109,0.5347,405,723,0,0,1
9827,4.0829,0.461,405,723,0,0,1
9828,4.2587,0.6566,405,723,0,0,1
9829,4.2888,0.779,405,723,0,0,1
9830,4.0375,0.7889,405,723,0,0,1
9831,4.1268,0.5947,405,723,0,0,1
9832,4.1434,0.4373,404,723,0,0,1
9833,4.1931,0.5205,403,723,0,0,1
9834,4.2475,0.4646,402,723,0,0,1
9835,4.2864,0.6598,401,723,0,0,1
9836,4.0262,0.6896,401,723,0,0,1
9837,4.0953,0.4565,401,723,0,0,1
9838,4.1881,0.6063,401,723,0,0,1
9839,4.5418,0.4601,401,723,0,0,1
9840,4.0287,0.4669,401,723,0,0,1
9841,3.9369,0.574,401,723,0,0,1
9842,4.1869,0.7091,399,723,0,0,1
9843,4.1468,0.4154,399,723,0,0,1
9844,4.147,0.4506,399,723,0,0,1
9845,4.4719,0.4974,397,723,0,0,1
9846,3.9977,0.5443,397,723,0,0,1
9847,4.0224,0.4815,397,723,0,0,1
9848,4.1997,0.6696,396,723,0,0,1
9849,4.1117,0.4361,396,723,0,0,1
9850,4.2602,0.6981,394,723,0,0,1
9851,4.0928,0.4956,393,723,0,0,1
9852,4.4457,0.5238,391,723,0,0,1
9853,3.9452,0.6008,391,723,0,0,1
9854,4.1067,0.7582,391,723,0,0,1
9855,4.2946,0.6827,391,723,0,0,1
9856,4.0606,0.5253,390,723,0,0,1
9857,4.1966,0.7487,388,723,0,0,1
9858,4.2389,0.5489,386,723,0,0,1
9859,4.3555,0.4897,385,723,0,0,1
9860,3.9222,0.6989,383,723,0,0,1
9861,4.1686,0.7306,383,723,0,0,1
9862,4.2384,0.4797,383,723,0,0,1
9863,4.0447,0.5045,383,723,0,0,1
9864,4.1927,0.4995,382,723,0,0,1
9865,4.1429,0.5487,382,723,0,0,1
9866,4.1605,0.8088,381,723,0,0,1
9867,4.2829,0.7179,381,723,0,0,1
9868,4.0278,0.4497,380,723,0,0,1
9869,4.4596,0.5069,380,723,0,0,1
9870,3.8921,0.6129,379,723,0,0,1
9871,4.2588,0.5604,378,723,0,0,1
9872,4.1815,0.4506,378,723,0,0,1
9873,4.1011,0.4501,377,723,0,0,1
9874,4.2494,0.4567,376,723,0,0,1
9875,4.0573,0.4278,374,723,0,0,1
9876,4.2044,0.5722,374,723,0,0,1
9877,4.2096,0.5566,366,723,0,0,1
9878,4.152,0.4602,365,723,0,0,1
9879,4.1316,0.5898,363,723,0,0,1
9880,4.144,0.4048,363,723,0,0,1
9881,4.1642,0.4557,361,723,0,0,1
9882,4.2189,0.5751,410,723,0,0,1
9883,4.3797,0.6309,410,723,0,0,1
9884,3.8708,0.427,409,723,0,0,1
9885,4.1771,0.6839,409,723,0,0,1
9886,4.2253,0.822,408,723,0,0,1
9887,4.1596,0.4254,408,723,0,0,1
9888,4.2087,0.5705,408,723,0,0,1
9889,4.1379,0.5391,407,723,0,0,1
9890,4.1654,0.5143,407,723,0,0,1
9891,4.1299,1.0796,407,723,0,0,1
9892,4.1645,0.5033,407,723,0,0,1
9893,4.1848,0.5068,407,723,0,0,1
9894,4.1116,0.548,407,723,0,0,1
9895,4.1849,0.5246,406,723,0,0,1
9896,4.2292,0.599,406,723,0,0,1
9897,4.1044,0.4709,405,723,0,0,1
9898,4.1948,0.7693,405,723,0,0,1
9899,4.1392,0.4362,405,723,0,0,1
9900,4.1901,0.4932,404,723,0,0,1
9901,4.2012,0.5265,403,723,0,0,1
9902,4.0985,0.5927,403,723,0,0,1
9903,4.2087,0.4625,402,723,0,0,1
9904,4.1915,0.4419,400,723,0,0,1
9905,4.1747,0.7225,400,723,0,0,1
9906,4.1487,0.4237,400,723,0,0,1
9907,4.1174,0.4185,400,723,0,0,1
9908,4.1668,0.4275,400,723,0,0,1
9909,4.1885,0.4797,400,723,0,0,1
9910,4.253,0.7058,400,723,0,0,1
9911,4.1398,0.4355,400,723,0,0,1
9912,4.1944,0.7115,400,723,0,0,1
9913,4.0772,0.5275,399,723,0,0,1
9914,4.3401,0.5997,399,723,0,0,1
9915,4.0346,0.501,399,723,0,0,1
9916,4.0832,0.4204,399,723,0,0,1
9917,4.2475,0.4642,399,723,0,0,1
9918,4.1682,0.5813,398,723,0,0,1
9919,4.1796,0.5297,397,723,0,0,1
9920,4.1548,0.5257,397,723,0,0,1
9921,4.1165,0.4671,397,723,0,0,1
9922,4.2451,0.647,394,723,0,0,1
9923,4.162,0.4778,393,723,0,0,1
9924,4.1961,0.6816,391,723,0,0,1
9925,4.1008,0.5374,391,723,0,0,1
9926,4.2213,0.5691,390,723,0,0,1
9927,4.1337,0.5212,389,723,0,0,1
9928,4.4851,0.4477,387,723,0,0,1
9929,4.1032,0.4988,387,723,0,0,1
9930,4.0199,0.707,386,723,0,0,1
9931,4.0531,0.554,386,723,0,0,1
9932,4.2161,0.5895,385,723,0,0,1
9933,4.0607,0.4647,383,723,0,0,1
9934,4.1945,0.5622,383,723,0,0,1
9935,4.2075,0.4814,383,723,0,0,1
9936,4.1554,0.5058,382,723,0,0,1
9937,4.2905,0.7395,381,723,0,0,1
9938,4.0971,0.5076,381,723,0,0,1
9939,4.1363,0.4887,381,723,0,0,1
9940,4.0884,0.421,380,723,0,0,1
9941,4.1855,0.4388,380,723,0,0,1
9942,4.1982,0.5389,379,723,0,0,1
9943,4.2097,0.8168,379,723,0,0,1
9944,4.1225,0.5582,370,723,0,0,1
9945,4.1246,0.4054,369,723,0,0,1
9946,4.2175,0.4769,369,723,0,0,1
9947,4.1858,0.6133,368,723,0,0,1
9948,4.149,0.6063,368,723,0,0,1
9949,4.1742,0.6492,367,723,0,0,1
9950,4.159,0.521,417,723,0,0,1
9951,4.1777,0.5133,415,723,0,0,1
9952,4.1108,0.4311,415,723,0,0,1
9953,4.2159,0.4595,414,723,0,0,1
9954,4.2155,0.4426,413,723,0,0,1
9955,4.1156,0.414,412,723,0,0,1
9956,4.2556,0.7108,412,723,0,0,1
9957,4.0203,0.4342,412,723,0,0,1
9958,4.329,0.6463,412,723,0,0,1
9959,4.0772,0.513,412,723,0,0,1
9960,4.1599,0.6049,411,723,0,0,1
9961,4.1279,0.6526,411,723,0,0,1
9962,4.1402,0.6957,411,723,0,0,1
9963,4.1889,0.5709,411,723,0,0,1
9964,4.1545,0.4531,410,723,0,0,1
9965,4.1664,0.4965,409,723,0,0,1
9966,4.2265,0.6279,408,723,0,0,1
9967,4.1736,0.6013,408,723,0,0,1
9968,4.0814,0.8189,408,723,0,0,1
9969,4.165,0.4339,408,723,0,0,1
9970,4.3391,0.5205,408,723,0,0,1
9971,3.9881,0.618,406,723,0,0,1
9972,4.205,0.5193,406,723,0,0,1
9973,4.1951,0.6222,405,723,0,0,1
9974,4.1797,0.7992,404,723,0,0,1
9975,4.1306,0.4784,404,723,0,0,1
9976,4.1332,0.4296,404,723,0,0,1
9977,4.187,0.4241,404,723,0,0,1
9978,4.2737,0.4595,403,723,0,0,1
9979,4.1664,0.685,401,723,0,0,1
9980,4.1291,0.4541,401,723,0,0,1
9981,4.0641,0.4548,401,723,0,0,1
9982,4.4299,0.7192,400,723,0,0,1
9983,3.9932,0.6837,400,723,0,0,1
9984,4.1778,0.5044,397,723,0,0,1
9985,4.1549,0.5792,397,723,0,0,1
9986,4.179,0.7541,395,723,0,0,1
9987,4.2729,0.668,395,723,0,0,1
9988,4.305,0.4715,395,723,0,0,1
9989,3.943,0.6778,395,723,0,0,1
9990,4.0746,0.4965,394,723,0,0,1
9991,4.2492,0.582,393,723,0,0,1
9992,4.0867,0.7399,392,723,0,0,1
9993,4.161,0.698,392,723,0,0,1
9994,4.2216,0.555,392,723,0,0,1
9995,4.2365,0.7097,392,723,0,0,1
9996,4.0992,0.5602,389,723,0,0,1
9997,4.1349,0.5191,389,723,0,0,1
9998,4.1549,0.5527,389,723,0,0,1
9999,4.2087,0.7958,388,723,0,0,1
10000,4.1271,0.4981,388,723,0,0,1
10001,4.2155,0.5689,388,723,0,0,1
10002,4.2054,0.5819,387,723,0,0,1
10003,4.1777,0.639,386,723,0,0,1
10004,4.13,0.667,385,723,0,0,1
10005,4.082,0.7484,385,723,0,0,1
10006,4.2907,0.745,385,723,0,0,1
10007,4.045,0.5261,383,723,0,0,1
10008,4.2314,0.5849,383,723,0,0,1
10009,4.4857,0.8186,382,723,0,0,1
10010,3.885,0.7818,381,723,0,0,1
10011,4.097,0.7515,373,723,0,0,1
10012,4.1631,0.5072,373,723,0,0,1
10013,4.1611,0.5708,373,723,0,0,1
10014,4.1834,0.6313,373,723,0,0,1
10015,4.1487,0.5106,373,723,0,0,1
10016,4.477,0.5534,373,723,0,0,1
10017,3.8401,0.5041,420,723,0,0,1
10018,4.2703,0.4758,420,723,0,0,1
10019,4.1413,0.6459,417,723,0,0,1
10020,4.0854,0.4321,416,723,0,0,1
10021,4.1846,0.4525,415,723,0,0,1
10022,4.1512,0.4285,415,723,0,0,1
10023,4.2168,0.4681,411,723,0,0,1
10024,4.1947,0.4297,411,723,0,0,1
10025,4.2142,0.7167,411,723,0,0,1
10026,4.3379,0.4441,411,723,0,0,1
10027,3.9151,0.4794,411,723,0,0,1
10028,4.1608,0.4774,411,723,0,0,1
10029,4.1269,0.5069,410,723,0,0,1
10030,4.3105,0.7032,410,723,0,0,1
10031,4.1048,0.5219,410,723,0,0,1
10032,4.3228,0.7876,410,723,0,0,1
10033,4.0012,0.5546,410,723,0,0,1
10034,4.2679,0.5913,410,723,0,0,1
10035,4.0594,0.4785,409,723,0,0,1
10036,4.1306,0.4496,408,723,0,0,1
10037,4.2146,0.4393,407,723,0,0,1
10038,4.1742,0.4288,407,723,0,0,1
10039,4.0977,0.6351,405,723,0,0,1
10040,4.1889,0.4975,404,723,0,0,1
10041,4.2029,0.4225,404,723,0,0,1
10042,4.5259,0.4147,404,723,0,0,1
10043,3.7537,0.4325,404,723,0,0,1
10044,4.3329,0.7084,404,723,0,0,1
10045,4.0575,0.499,404,723,0,0,1
10046,4.1762,0.6263,404,723,0,0,1
10047,4.1571,0.4667,404,723,0,0,1
10048,4.095,0.4519,404,723,0,0,1
10049,4.2334,0.6901,404,723,0,0,1
10050,4.2596,0.7845,404,723,0,0,1
10051,4.0839,0.7525,403,723,0,0,1
10052,4.1059,0.64,402,723,0,0,1
10053,4.1728,0.452,399,723,0,0,1
10054,4.1812,0.5883,399,723,0,0,1
10055,4.2247,0.4926,399,723,0,0,1
10056,4.143,0.6895,399,723,0,0,1
10057,4.1762,0.8059,399,723,0,0,1
10058,4.2016,0.5841,398,723,0,0,1
10059,4.1454,0.6021,395,723,0,0,1
10060,4.0938,0.5012,395,723,0,0,1
10061,4.223,0.6948,395,723,0,0,1
10062,4.105,0.5624,394,723,0,0,1
10063,4.2583,1.0306,394,723,0,0,1
10064,4.1802,0.7112,393,723,0,0,1
10065,4.0764,0.4864,392,723,0,0,1
10066,4.2027,0.5172,390,723,0,0,1
10067,4.2021,0.504,389,723,0,0,1
10068,4.1566,0.757,387,723,0,0,1
10069,4.1352,0.5085,387,723,0,0,1
10070,4.1616,0.8516,386,723,0,0,1
10071,4.1883,0.7642,386,723,0,0,1
10072,4.0967,0.4886,386,723,0,0,1
10073,4.2103,0.5352,385,723,0,0,1
10074,4.2376,0.8548,384,723,0,0,1
10075,4.1089,0.7211,383,723,0,0,1
10076,4.1791,0.6262,383,723,0,0,1
10077,4.1181,0.5118,381,723,0,0,1
10078,4.1532,0.5377,380,723,0,0,1
10079,4.2561,0.5371,372,723,0,0,1
10080,4.1431,0.695,372,723,0,0,1
10081,4.163,0.5052,372,723,0,0,1
10082,4.1605,0.5085,372,723,0,0,1
10083,4.1661,0.5626,372,723,0,0,1
10084,4.1646,0.5115,422,723,0,0,1
10085,4.4674,0.7612,422,723,0,0,1
10086,3.8263,0.5457,422,723,0,0,1
10087,4.3059,0.7078,421,723,0,0,1
10088,4.1495,0.6665,421,723,0,0,1
10089,4.0547,0.4817,421,723,0,0,1
10090,4.3074,0.6468,421,723,0,0,1
10091,4.0734,0.5676,420,723,0,0,1
10092,4.1673,0.4523,419,723,0,0,1
10093,4.2191,0.4532,419,723,0,0,1
10094,4.1988,0.7095,419,723,0,0,1
10095,4.0695,0.533,418,723,0,0,1
10096,4.1527,0.4891,418,723,0,0,1
10097,4.1416,0.571,417,723,0,0,1
10098,4.2519,0.5756,417,723,0,0,1
10099,4.1321,0.4689,417,723,0,0,1
10100,4.1839,0.7342,416,723,0,0,1
10101,4.0948,0.4453,415,723,0,0,1
10102,4.224,0.7361,415,723,0,0,1
10103,4.1135,0.4363,413,723,0,0,1
10104,4.2597,0.4999,412,723,0,0,1
10105,4.0871,0.4856,412,723,0,0,1
10106,4.2768,0.6593,412,723,0,0,1
10107,4.1068,0.6653,410,723,0,0,1
10108,4.4304,0.4236,410,723,0,0,1
10109,3.8936,0.4947,410,723,0,0,1
10110,4.108,0.5738,410,723,0,0,1
10111,4.2372,0.634,409,723,0,0,1
10112,4.0837,0.5288,409,723,0,0,1
10113,4.1791,0.4874,408,723,0,0,1
10114,4.2558,0.5925,408,723,0,0,1
10115,4.1364,0.6031,407,723,0,0,1
10116,4.1817,0.5,407,723,0,0,1
10117,4.0837,0.6153,407,723,0,0,1
10118,4.2362,0.6343,405,723,0,0,1
10119,4.2236,0.7569,404,723,0,0,1
10120,4.0806,0.4628,403,723,0,0,1
10121,4.1983,0.4901,403,723,0,0,1
10122,4.2026,0.5856,403,723,0,0,1
10123,4.3973,0.4287,403,723,0,0,1
10124,3.8983,0.5619,403,723,0,0,1
10125,4.1652,0.6334,402,723,0,0,1
10126,4.1595,0.4309,401,723,0,0,1
10127,4.1879,0.6274,401,723,0,0,1
10128,4.1673,0.502,401,723,0,0,1
10129,4.1196,0.4498,399,723,0,0,1
10130,4.2214,0.6723,397,723,0,0,1
10131,4.0598,0.4145,397,723,0,0,1
10132,4.1575,0.4868,394,723,0,0,1
10133,4.4751,0.4984,394,723,0,0,1
10134,3.9379,0.5507,394,723,0,0,1
10135,4.1931,0.4736,394,723,0,0,1
10136,4.0815,0.6705,392,723,0,0,1
10137,4.165,0.565,392,723,0,0,1
10138,4.208,0.4891,392,723,0,0,1
10139,4.2467,0.7226,392,723,0,0,1
10140,4.1357,0.5147,392,723,0,0,1
10141,4.1233,0.4707,391,723,0,0,1
10142,4.1451,0.4797,390,723,0,0,1
10143,4.233,0.4735,387,723,0,0,1
10144,4.0747,0.4189,386,723,0,0,1
10145,4.2678,0.7394,379,723,0,0,1
10146,4.1892,0.531,378,723,0,0,1
10147,4.1241,0.6835,378,723,0,0,1
10148,4.1461,0.4304,377,723,0,0,1
10149,4.1358,0.3993,376,723,0,0,1
10150,4.2872,0.7004,375,723,0,0,1
10151,4.1116,0.4659,425,723,0,0,1
10152,4.1432,0.4522,424,723,0,0,1
10153,4.1771,0.5245,424,723,0,0,1
10154,4.4714,0.7618,424,723,0,0,1
10155,3.8633,0.5313,423,723,0,0,1
10156,4.0928,0.4996,422,723,0,0,1
10157,4.359,0.7893,422,723,0,0,1
10158,4.0057,0.4381,422,723,0,0,1
10159,4.2285,0.5072,422,723,0,0,1
10160,4.1452,0.6153,421,723,0,0,1
10161,4.132,0.5398,420,723,0,0,1
10162,4.1879,0.4438,420,723,0,0,1
10163,4.2019,0.4313,420,723,0,0,1
10164,4.1408,0.4302,420,723,0,0,1
10165,4.1721,0.4947,420,723,0,0,1
10166,4.205,0.5189,420,723,0,0,1
10167,4.1136,0.5271,419,723,0,0,1
10168,4.1459,0.5,419,723,0,0,1
10169,4.2127,0.5075,416,723,0,0,1
10170,4.2765,0.6273,416,723,0,0,1
10171,4.0212,0.5071,415,723,0,0,1
10172,4.3451,0.6148,415,723,0,0,1
10173,3.9626,0.4399,414,723,0,0,1
10174,4.2407,0.6309,413,723,0,0,1
10175,4.1827,0.7112,412,723,0,0,1
10176,4.2155,0.6119,412,723,0,0,1
10177,4.2562,0.4309,412,723,0,0,1
10178,4.0238,0.6041,412,723,0,0,1
10179,4.179,0.4853,411,723,0,0,1
10180,4.0701,0.4854,410,723,0,0,1
10181,4.2191,0.6908,410,723,0,0,1
10182,4.1347,0.5158,409,723,0,0,1
10183,4.5026,0.7264,407,723,0,0,1
10184,4.1991,0.7003,406,723,0,0,1
10185,3.8074,0.4996,406,723,0,0,1
10186,4.5271,0.5167,405,723,0,0,1
10187,3.827,0.4851,405,723,0,0,1
10188,4.4083,0.6641,404,723,0,0,1
10189,4.0579,0.7326,402,723,0,0,1
10190,3.9864,0.5143,402,723,0,0,1
10191,4.4753,0.6997,401,723,0,0,1
10192,3.8536,0.4786,400,723,0,0,1
10193,4.1986,0.4798,400,723,0,0,1
10194,4.3785,0.4988,400,723,0,0,1
10195,3.9948,0.4745,400,723,0,0,1
10196,4.1924,0.6762,398,723,0,0,1
10197,4.0878,0.4459,396,723,0,0,1
10198,4.4137,1.1172,395,723,0,0,1
10199,4.1767,0.692,393,723,0,0,1
10200,4.0663,0.6693,392,723,0,0,1
10201,4.3252,0.6823,392,723,0,0,1
10202,3.9198,0.4927,392,723,0,0,1
10203,4.2788,0.6244,392,723,0,0,1
10204,3.9813,0.4677,390,723,0,0,1
10205,4.4384,0.7185,390,723,0,0,1
10206,4.0823,0.5029,389,723,0,0,1
10207,4.2039,0.7263,389,723,0,0,1
10208,4.3534,0.7073,389,723,0,0,1
10209,3.8192,0.4761,388,723,0,0,1
10210,4.7127,0.4741,387,723,0,0,1
10211,3.9787,0.6239,387,723,0,0,1
10212,4.0111,0.5352,387,723,0,0,1
10213,4.1736,0.7622,380,723,0,0,1
10214,4.184,0.6969,377,723,0,0,1
10215,4.2247,0.6545,377,723,0,0,1
10216,3.8697,0.5269,376,723,0,0,1
10217,4.1606,0.4819,375,723,0,0,1
10218,4.1618,0.5989,424,723,0,0,1
10219,4.1338,0.5454,424,723,0,0,1
10220,4.4824,0.6791,424,723,0,0,1
10221,3.8532,0.4538,423,723,0,0,1
10222,4.7461,0.4461,423,723,0,0,1
10223,3.6724,0.4913,423,723,0,0,1
10224,4.1673,0.6709,422,723,0,0,1
10225,4.392,0.4452,419,723,0,0,1
10226,4.0533,0.7524,419,723,0,0,1
10227,4.2845,0.6445,418,723,0,0,1
10228,3.9033,0.7236,418,723,0,0,1
10229,4.5488,0.8061,418,723,0,0,1
10230,3.859,0.7417,417,723,0,0,1
10231,4.0814,0.4518,417,723,0,0,1
10232,4.374,0.4544,416,723,0,0,1
10233,4.0086,0.6436,416,723,0,0,1
10234,4.6329,0.43,414,723,0,0,1
10235,3.681,0.4317,414,723,0,0,1
10236,4.1358,0.5099,414,723,0,0,1
10237,4.3982,0.4265,412,723,0,0,1
10238,4.0547,0.7434,412,723,0,0,1
10239,4.0934,0.7589,412,723,0,0,1
10240,4.1256,0.5144,412,723,0,0,1
10241,4.1962,1.073,411,723,0,0,1
10242,4.3881,0.5598,411,723,0,0,1
10243,4.2096,0.6875,409,723,0,0,1
10244,4.1574,0.6369,409,723,0,0,1
10245,3.8674,0.4251,409,723,0,0,1
10246,4.5604,0.6149,409,723,0,0,1
10247,3.7649,0.4352,408,723,0,0,1
10248,4.4974,0.6557,405,723,0,0,1
10249,4.1663,0.4157,405,723,0,0,1
10250,3.9807,0.4121,405,723,0,0,1
10251,3.9592,0.5979,404,723,0,0,1
10252,4.1934,0.384,404,723,0,0,1
10253,4.4801,0.557,404,723,0,0,1
10254,3.9229,0.3988,402,723,0,0,1
10255,4.3987,0.4352,401,723,0,0,1
10256,3.8145,0.5084,401,723,0,0,1
10257,4.1851,0.4266,400,723,0,0,1
10258,4.4018,0.7307,400,723,0,0,1
10259,3.9627,0.4359,397,723,0,0,1
10260,4.4205,0.6544,396,723,0,0,1
10261,3.8524,0.5796,395,723,0,0,1
10262,4.5313,0.4982,393,723,0,0,1
10263,3.9241,0.6075,393,723,0,0,1
10264,4.0398,0.4009,392,723,0,0,1
10265,4.4759,0.5421,391,723,0,0,1
10266,3.8717,0.4087,390,723,0,0,1
10267,4.2289,0.4978,390,723,0,0,1
10268,4.2373,0.4509,390,723,0,0,1
10269,4.0116,0.4212,389,723,0,0,1
10270,4.1668,0.3644,388,723,0,0,1
10271,4.2155,0.5038,387,723,0,0,1
10272,4.3018,0.5267,387,723,0,0,1
10273,4.1028,0.4862,386,723,0,0,1
10274,4.2281,0.4663,386,723,0,0,1
10275,3.9821,0.3527,385,723,0,0,1
10276,4.1985,0.3754,384,723,0,0,1
10277,4.2927,0.5384,384,723,0,0,1
10278,4.0187,0.4092,383,723,0,0,1
10279,4.3242,0.4849,382,723,0,0,1
10280,4.1668,0.4364,375,723,0,0,1
10281,4.0103,0.7079,374,723,0,0,1
10282,4.2783,0.5277,373,723,0,0,1
10283,4.3206,0.5935,373,723,0,0,1
10284,4.0775,0.5036,372,723,0,0,1
10285,4.0353,0.3878,370,723,0,0,1
10286,4.1802,0.4394,420,723,0,0,1
10287,4.2596,0.4508,420,723,0,0,1
10288,4.0425,0.4331,420,723,0,0,1
10289,4.3358,0.6283,420,723,0,0,1
10290,4.1011,0.5048,420,723,0,0,1
10291,4.0986,0.4043,420,723,0,0,1
10292,4.2312,0.5186,419,723,0,0,1
10293,4.1047,0.4682,418,723,0,0,1
10294,4.4242,0.4899,418,723,0,0,1
10295,4.0035,0.5083,417,723,0,0,1
10296,4.1724,0.4377,417,723,0,0,1
10297,4.1403,0.696,417,723,0,0,1
10298,4.2031,0.4894,416,723,0,0,1
10299,4.1619,0.4779,415,723,0,0,1
10300,4.0925,0.4735,414,723,0,0,1
10301,4.1545,0.6028,413,723,0,0,1
10302,4.1865,0.5944,412,723,0,0,1
10303,4.2304,0.6563,412,723,0,0,1
10304,4.1636,0.6715,411,723,0,0,1
10305,4.0745,0.4408,410,723,0,0,1
10306,4.2272,0.4931,410,723,0,0,1
10307,4.1235,0.5001,407,723,0,0,1
10308,4.2863,0.6871,407,723,0,0,1
10309,4.092,0.5408,407,723,0,0,1
10310,4.406,0.4897,407,723,0,0,1
10311,3.9072,0.4428,407,723,0,0,1
10312,4.174,0.4518,407,723,0,0,1
10313,4.1173,0.6065,406,723,0,0,1
10314,4.4078,0.7274,406,723,0,0,1
10315,4.0056,0.4937,405,723,0,0,1
10316,4.0949,0.4245,405,723,0,0,1
10317,4.208,0.4396,405,723,0,0,1
10318,4.1254,0.4836,404,723,0,0,1
10319,4.2226,0.4393,404,723,0,0,1
10320,4.2576,0.6688,404,723,0,0,1
10321,4.0832,0.4889,404,723,0,0,1
10322,4.154,0.4726,403,723,0,0,1
10323,4.1433,0.4681,403,723,0,0,1
10324,4.1882,0.4853,403,723,0,0,1
10325,4.1533,0.4797,403,723,0,0,1
10326,4.1756,0.4913,401,723,0,0,1
10327,4.3143,0.6593,401,723,0,0,1
10328,4.0507,0.5876,400,723,0,0,1
10329,4.1473,0.524,399,723,0,0,1
10330,4.1261,0.443,398,723,0,0,1
10331,4.4057,0.4778,397,723,0,0,1
10332,3.9185,0.6432,397,723,0,0,1
10333,4.304,0.9687,395,723,0,0,1
10334,4.3361,0.6751,392,723,0,0,1
10335,3.9079,0.446,389,723,0,0,1
10336,4.1649,0.4284,389,723,0,0,1
10337,4.1554,0.4772,388,723,0,0,1
10338,4.1795,0.4168,388,723,0,0,1
10339,4.2341,0.6798,388,723,0,0,1
10340,4.1048,0.4843,388,723,0,0,1
10341,4.3017,0.4253,387,723,0,0,1
10342,4.0064,0.4112,385,723,0,0,1
10343,4.1733,0.426,385,723,0,0,1
10344,4.1726,0.6123,384,723,0,0,1
10345,4.1557,0.4223,384,723,0,0,1
10346,4.4116,0.7313,384,723,0,0,1
10347,3.922,0.4133,375,723,0,0,1
10348,4.1829,0.4232,375,723,0,0,1
10349,4.1459,0.4346,375,723,0,0,1
10350,4.1843,0.41,374,723,0,0,1
10351,4.1506,0.5873,374,723,0,0,1
10352,4.3126,0.7744,373,723,0,0,1
10353,4.03,0.4674,422,723,0,0,1
10354,4.1699,0.6887,421,723,0,0,1
10355,4.1809,0.4397,421,723,0,0,1
10356,4.1413,0.4412,419,723,0,0,1
10357,4.1427,0.4494,418,723,0,0,1
10358,4.2719,0.7443,418,723,0,0,1
10359,4.0623,0.4951,418,723,0,0,1
10360,4.1905,0.5371,418,723,0,0,1
10361,4.1926,0.511,416,723,0,0,1
10362,4.2182,0.4683,416,723,0,0,1
10363,4.3051,0.4458,416,723,0,0,1
10364,4.0222,0.691,416,723,0,0,1
10365,4.1025,0.4463,415,723,0,0,1
10366,4.2285,0.6313,414,723,0,0,1
10367,4.1023,0.4543,414,723,0,0,1
10368,4.2173,0.4567,413,723,0,0,1
10369,4.0923,0.4339,412,723,0,0,1
10370,4.2056,0.7495,411,723,0,0,1
10371,4.201,0.4769,411,723,0,0,1
10372,4.1701,0.5722,410,723,0,0,1
10373,4.6261,0.5304,410,723,0,0,1
10374,3.8892,0.5104,410,723,0,0,1
10375,3.9939,0.4802,409,723,0,0,1
10376,4.1699,0.6568,409,723,0,0,1
10377,4.1061,0.4715,409,723,0,0,1
10378,4.3855,0.6708,409,723,0,0,1
10379,3.9516,0.4489,409,723,0,0,1
10380,4.2155,0.515,409,723,0,0,1
10381,4.1666,0.4491,409,723,0,0,1
10382,4.1175,0.6388,408,723,0,0,1
10383,4.2234,0.6992,407,723,0,0,1
10384,4.1065,0.4435,406,723,0,0,1
10385,4.2273,0.4958,406,723,0,0,1
10386,4.1524,0.6017,405,723,0,0,1
10387,4.1662,0.4627,405,723,0,0,1
10388,4.1394,0.57,405,723,0,0,1
10389,4.1365,0.6585,405,723,0,0,1
10390,4.3842,0.7614,404,723,0,0,1
10391,4.0045,0.4876,402,723,0,0,1
10392,4.2041,0.5558,402,723,0,0,1
10393,4.1553,0.6356,402,723,0,0,1
10394,4.1103,0.5451,400,723,0,0,1
10395,4.2114,0.6349,400,723,0,0,1
10396,4.1008,0.4525,398,723,0,0,1
10397,4.2532,0.6156,398,723,0,0,1
10398,4.0617,0.4354,397,723,0,0,1
10399,4.2356,0.5755,395,723,0,0,1
10400,4.1806,0.4489,395,723,0,0,1
10401,4.1241,0.5303,395,723,0,0,1
10402,4.1286,0.788,395,723,0,0,1
10403,4.2066,0.4744,394,723,0,0,1
10404,4.2052,0.6834,394,723,0,0,1
10405,4.1277,0.4745,393,723,0,0,1
10406,4.2338,0.4497,391,723,0,0,1
10407,4.145,0.4475,390,723,0,0,1
10408,4.1049,0.4405,389,723,0,0,1
10409,4.222,0.4842,388,723,0,0,1
10410,4.1899,0.7013,387,723,0,0,1
10411,4.1633,0.4916,386,723,0,0,1
10412,4.0835,0.4228,386,723,0,0,1
10413,4.1835,0.5311,385,723,0,0,1
10414,4.265,0.4293,378,723,0,0,1
10415,4.123,0.4302,378,723,0,0,1
10416,4.1544,0.4262,378,723,0,0,1
10417,4.6804,0.4524,377,723,0,0,1
10418,3.6121,0.417,376,723,0,0,1
10419,4.2465,0.4692,374,723,0,0,1
10420,4.1387,0.4747,423,723,0,0,1
10421,4.1303,0.8089,423,723,0,0,1
10422,4.2114,0.501,423,723,0,0,1
10423,4.1804,0.4943,423,723,0,0,1
10424,4.1493,0.5575,423,723,0,0,1
10425,4.1159,0.5073,423,723,0,0,1
10426,4.1661,0.4673,422,723,0,0,1
10427,4.1974,0.5044,421,723,0,0,1
10428,4.1985,0.6613,420,723,0,0,1
10429,4.1274,0.5356,419,723,0,0,1
10430,4.2789,0.6348,419,723,0,0,1
10431,4.0321,0.4857,418,723,0,0,1
10432,4.1288,0.4576,417,723,0,0,1
10433,4.5612,0.6582,417,723,0,0,1
10434,4.0585,0.6461,417,723,0,0,1
10435,4.2557,0.5769,417,723,0,0,1
10436,3.8857,0.4908,417,723,0,0,1
10437,4.0919,0.4189,417,723,0,0,1
10438,4.4741,0.6356,417,723,0,0,1
10439,3.9711,0.445,416,723,0,0,1
10440,4.1831,0.7069,415,723,0,0,1
10441,4.1115,0.5328,415,723,0,0,1
10442,4.1053,0.5031,415,723,0,0,1
10443,4.1947,0.5481,413,723,0,0,1
10444,4.1531,0.5548,412,723,0,0,1
10445,4.1556,0.6719,412,723,0,0,1
10446,4.2183,0.7583,410,723,0,0,1
10447,4.1745,0.5184,410,723,0,0,1
10448,4.1653,0.5025,410,723,0,0,1
10449,4.1094,0.4352,410,723,0,0,1
10450,4.2562,0.4564,407,723,0,0,1
10451,4.0974,0.4736,407,723,0,0,1
10452,4.188,0.6215,407,723,0,0,1
10453,4.2272,0.4863,407,723,0,0,1
10454,4.1253,0.676,406,723,0,0,1
10455,4.1803,0.4842,406,723,0,0,1
10456,4.1389,0.4546,405,723,0,0,1
10457,4.1382,0.4344,405,723,0,0,1
10458,4.2408,0.4156,404,723,0,0,1
10459,4.1974,0.675,404,723,0,0,1
10460,4.1506,0.4831,404,723,0,0,1
10461,4.073,0.4659,401,723,0,0,1
10462,4.2014,0.5348,401,723,0,0,1
10463,4.1939,0.5511,401,723,0,0,1
10464,4.1723,0.7064,400,723,0,0,1
10465,4.169,0.6918,398,723,0,0,1
10466,4.1543,0.7127,396,723,0,0,1
10467,4.1599,0.5488,396,723,0,0,1
10468,4.1105,0.4892,396,723,0,0,1
10469,4.146,0.669,396,723,0,0,1
10470,4.1904,0.5047,396,723,0,0,1
10471,4.3849,0.6881,395,723,0,0,1
10472,3.9356,0.5382,395,723,0,0,1
10473,4.1745,0.4973,395,723,0,0,1
10474,4.2278,0.6176,395,723,0,0,1
10475,4.1142,0.6341,395,723,0,0,1
10476,4.2173,0.7102,393,723,0,0,1
10477,4.1503,0.451,393,723,0,0,1
10478,4.3316,0.7369,392,723,0,0,1
10479,4.0157,0.4486,392,723,0,0,1
10480,4.1399,0.6788,392,723,0,0,1
10481,4.2054,0.4803,384,723,0,0,1
10482,4.1976,0.449,383,723,0,0,1
10483,4.0829,0.6419,383,723,0,0,1
10484,4.2367,0.6728,382,723,0,0,1
10485,4.09,0.4904,381,723,0,0,1
10486,4.207,0.5594,381,723,0,0,1
10487,4.1085,0.4825,431,723,0,0,1
10488,4.1583,0.5104,431,723,0,0,1
10489,4.2512,0.4537,430,723,0,0,1
10490,4.1236,0.5423,430,723,0,0,1
10491,4.2224,0.556,429,723,0,0,1
10492,4.0746,0.4258,429,723,0,0,1
10493,4.2107,0.4853,428,723,0,0,1
10494,4.2659,0.5138,426,723,0,0,1
10495,4.1055,0.691,424,723,0,0,1
10496,4.1291,0.5613,421,723,0,0,1
10497,4.1904,0.5149,420,723,0,0,1
10498,4.1623,0.7021,420,723,0,0,1
10499,4.1451,0.4775,419,723,0,0,1
10500,4.2177,0.4852,419,723,0,0,1
10501,4.1208,0.4693,418,723,0,0,1
10502,4.1456,0.4206,418,723,0,0,1
10503,4.2774,0.6876,417,723,0,0,1
10504,4.0586,0.4423,417,723,0,0,1
10505,4.5076,1.0687,417,723,0,0,1
10506,3.9075,0.9073,417,723,0,0,1
10507,4.2165,0.8454,417,723,0,0,1
10508,4.0923,0.7994,415,723,0,0,1
10509,4.1155,0.4662,413,723,0,0,1
10510,4.196,0.4977,413,723,0,0,1
10511,4.1429,0.5728,412,723,0,0,1
10512,4.2233,0.4896,410,723,0,0,1
10513,4.4172,0.4364,409,723,0,0,1
10514,3.8901,0.4191,407,723,0,0,1
10515,4.1865,0.7087,406,723,0,0,1
10516,4.1036,0.4691,406,723,0,0,1
10517,4.1499,0.4359,404,723,0,0,1
10518,4.2516,0.4963,402,723,0,0,1
10519,4.1708,0.5046,402,723,0,0,1
10520,4.3392,0.4963,401,723,0,0,1
10521,3.9347,0.488,401,723,0,0,1
10522,4.2289,0.646,399,723,0,0,1
10523,4.1349,0.6262,399,723,0,0,1
10524,4.1892,0.702,399,723,0,0,1
10525,4.1328,0.4888,399,723,0,0,1
10526,4.1871,0.5307,399,723,0,0,1
10527,4.1522,0.615,399,723,0,0,1
10528,4.1234,0.4403,398,723,0,0,1
10529,4.1995,0.4819,398,723,0,0,1
10530,4.2192,0.4811,397,723,0,0,1
10531,4.169,0.4963,397,723,0,0,1
10532,4.1459,0.4806,396,723,0,0,1
10533,4.0868,0.4464,395,723,0,0,1
10534,4.5595,0.6146,395,723,0,0,1
10535,3.8819,0.4234,394,723,0,0,1
10536,4.14,0.4991,394,723,0,0,1
10537,4.1674,0.472,394,723,0,0,1
10538,4.1753,0.5031,392,723,0,0,1
10539,4.4135,0.6984,392,723,0,0,1
10540,3.8597,0.4369,392,723,0,0,1
10541,4.1501,0.4545,392,723,0,0,1
10542,4.2472,0.4879,391,723,0,0,1
10543,4.3903,0.6668,391,723,0,0,1
10544,3.9765,0.896,391,723,0,0,1
10545,4.039,0.5461,391,723,0,0,1
10546,4.2429,0.5266,390,723,0,0,1
10547,4.122,0.5631,390,723,0,0,1
10548,4.2174,0.752,390,723,0,0,1
10549,4.0785,0.5078,382,723,0,0,1
10550,4.5865,0.4607,382,723,0,0,1
10551,4.2779,0.4724,378,723,0,0,1
10552,3.6476,0.4388,378,723,0,0,1
10553,4.2745,0.6342,378,723,0,0,1
10554,4.1672,0.6625,428,723,0,0,1
10555,4.14,0.6028,428,723,0,0,1
10556,4.1293,0.53,428,723,0,0,1
10557,4.1104,0.4733,428,723,0,0,1
10558,4.2746,0.4472,427,723,0,0,1
10559,4.6233,0.4431,427,723,0,0,1
10560,3.6772,0.4926,427,723,0,0,1
10561,4.1986,0.4877,427,723,0,0,1
10562,4.4566,0.454,427,723,0,0,1
10563,3.8693,0.5164,426,723,0,0,1
10564,4.1271,0.4952,424,723,0,0,1
10565,4.2234,0.6388,423,723,0,0,1
10566,4.0906,0.4663,423,723,0,0,1
10567,4.3886,0.5683,421,723,0,0,1
10568,3.9801,0.5275,420,723,0,0,1
10569,4.1524,0.4542,420,723,0,0,1
10570,4.2269,0.4639,420,723,0,0,1
10571,4.0936,0.4542,419,723,0,0,1
10572,4.2159,0.4375,416,723,0,0,1
10573,4.1609,0.4805,415,723,0,0,1
10574,4.4084,0.5089,413,723,0,0,1
10575,3.9062,0.4874,413,723,0,0,1
10576,4.2053,0.7517,412,723,0,0,1
10577,4.1298,0.4665,411,723,0,0,1
10578,4.2829,0.8582,410,723,0,0,1
10579,4.1212,0.6198,410,723,0,0,1
10580,4.0857,0.497,409,723,0,0,1
10581,4.1471,0.5079,407,723,0,0,1
10582,4.2016,0.5506,406,723,0,0,1
10583,4.2085,0.5487,406,723,0,0,1
10584,4.155,0.486,406,723,0,0,1
10585,4.1592,0.5442,405,723,0,0,1
10586,4.1829,0.5121,405,723,0,0,1
10587,4.1553,0.7237,405,723,0,0,1
10588,4.1091,0.4444,404,723,0,0,1
10589,4.1986,0.4514,402,723,0,0,1
10590,4.2036,0.4192,401,723,0,0,1
10591,4.1001,0.4408,401,723,0,0,1
10592,4.1813,0.4972,400,723,0,0,1
10593,4.116,0.413,398,723,0,0,1
10594,4.2164,0.4795,397,723,0,0,1
10595,4.138,0.4376,397,723,0,0,1
10596,4.2178,0.6841,395,723,0,0,1
10597,4.1215,0.86,393,723,0,0,1
10598,4.4187,0.5709,393,723,0,0,1
10599,4.4027,0.4947,392,723,0,0,1
10600,3.689,0.4148,392,723,0,0,1
10601,4.194,0.6124,391,723,0,0,1
10602,4.4315,0.441,391,723,0,0,1
10603,3.8982,0.7074,390,723,0,0,1
10604,4.4296,0.6993,390,723,0,0,1
10605,3.9158,0.5997,389,723,0,0,1
10606,4.2207,0.4201,389,723,0,0,1
10607,4.1415,0.4793,389,723,0,0,1
10608,4.3693,0.6328,388,723,0,0,1
10609,3.893,0.4299,387,723,0,0,1
10610,4.1848,0.7007,387,723,0,0,1
10611,4.1582,0.4824,386,723,0,0,1
10612,4.367,0.4393,386,723,0,0,1
10613,4.2948,0.4219,386,723,0,0,1
10614,3.9574,0.419,384,723,0,0,1
10615,4.0722,0.6753,383,723,0,0,1
10616,4.2802,0.6561,376,723,0,0,1
10617,4.0928,0.4256,375,723,0,0,1
10618,4.6693,0.4458,373,723,0,0,1
10619,3.6007,0.4201,372,723,0,0,1
10620,4.2405,0.4759,370,723,0,0,1
10621,4.1355,0.395,370,723,0,0,1
10622,4.2688,0.7562,419,723,0,0,1
10623,4.3997,0.6243,419,723,0,0,1
10624,3.8361,0.4616,418,723,0,0,1
10625,4.6019,0.7765,417,723,0,0,1
10626,4.0201,0.5061,417,723,0,0,1
10627,4.1052,0.4903,415,723,0,0,1
10628,4.2745,0.5406,412,723,0,0,1
10629,3.8655,0.6448,412,723,0,0,1
10630,4.1852,0.5735,410,723,0,0,1
10631,4.0764,0.4292,409,723,0,0,1
10632,4.4675,0.5318,408,723,0,0,1
10633,3.7658,0.5117,408,723,0,0,1
10634,4.3519,0.355,407,723,0,0,1
10635,4.2345,0.7735,407,723,0,0,1
10636,3.945,0.5476,407,723,0,0,1
10637,4.4634,0.4539,406,723,0,0,1
10638,3.9512,0.4756,406,723,0,0,1
10639,4.3651,0.3411,404,723,0,0,1
10640,3.8919,0.5222,404,723,0,0,1
10641,4.1584,0.5365,402,723,0,0,1
10642,4.5842,0.5589,401,723,0,0,1
10643,3.7713,0.3899,399,723,0,0,1
10644,4.5263,0.4154,399,723,0,0,1
10645,4.0817,0.5346,399,723,0,0,1
10646,4.1363,0.4079,397,723,0,0,1
10647,4.2936,0.4163,397,723,0,0,1
10648,3.7818,0.3903,397,723,0,0,1
10649,4.4818,0.5213,397,723,0,0,1
10650,3.9919,0.4897,397,723,0,0,1
10651,3.9888,0.3638,397,723,0,0,1
10652,4.3249,0.4363,396,723,0,0,1
10653,4.011,0.352,396,723,0,0,1
10654,4.3782,0.4921,396,723,0,0,1
10655,3.9478,0.5877,396,723,0,0,1
10656,4.3356,0.5006,394,723,0,0,1
10657,4.1272,0.5142,394,723,0,0,1
10658,4.0881,0.4869,394,723,0,0,1
10659,4.3766,0.3564,393,723,0,0,1
10660,3.8937,0.3393,392,723,0,0,1
10661,4.2625,0.4645,392,723,0,0,1
10662,4.3127,0.4981,389,723,0,0,1
10663,4.1188,0.4793,389,723,0,0,1
10664,4.1187,0.4667,389,723,0,0,1
10665,4.016,0.3269,388,723,0,0,1
10666,4.2406,0.3343,385,723,0,0,1
10667,4.2976,0.3779,381,723,0,0,1
10668,4.0878,0.6216,381,723,0,0,1
10669,4.0584,0.3221,381,723,0,0,1
10670,4.4244,0.3855,381,723,0,0,1
10671,4.2333,0.3702,381,723,0,0,1
10672,3.9039,0.5573,379,723,0,0,1
10673,4.2651,0.5409,378,723,0,0,1
10674,4.2106,0.4864,376,723,0,0,1
10675,4.1447,0.7015,374,723,0,0,1
10676,4.1212,0.4622,374,723,0,0,1
10677,4.05,0.3451,374,723,0,0,1
10678,4.2734,0.3808,374,723,0,0,1
10679,4.21,0.3329,374,723,0,0,1
10680,4.1376,0.5194,373,723,0,0,1
10681,4.041,0.3339,373,723,0,0,1
10682,4.1697,0.5326,373,723,0,0,1
10683,4.1966,0.4683,366,723,0,0,1
10684,4.1419,0.4521,365,723,0,0,1
10685,4.2609,0.564,365,723,0,0,1
10686,4.17,0.4669,365,723,0,0,1
10687,4.2344,0.5109,364,723,0,0,1
10688,4.1645,0.5471,364,723,0,0,1
10689,3.9929,0.3695,413,723,0,0,1
10690,4.4033,0.3615,411,723,0,0,1
10691,3.9867,0.465,411,723,0,0,1
10692,4.2517,0.3789,411,723,0,0,1
10693,4.1473,0.4922,410,723,0,0,1
10694,4.2217,0.4867,409,723,0,0,1
10695,4.4318,0.367,409,723,0,0,1
10696,3.7515,0.3642,409,723,0,0,1
10697,4.376,0.3499,409,723,0,0,1
10698,4.1727,0.7219,408,723,0,0,1
10699,4.0976,0.5391,408,723,0,0,1
10700,4.1757,0.5711,407,723,0,0,1
10701,4.0055,0.4156,407,723,0,0,1
10702,4.2737,0.5276,406,723,0,0,1
10703,4.133,0.4529,406,723,0,0,1
10704,4.2759,0.6411,406,723,0,0,1
10705,4.1273,0.7605,406,723,0,0,1
10706,4.1242,0.5417,405,723,0,0,1
10707,4.1122,0.4101,404,723,0,0,1
10708,4.1878,0.4035,404,723,0,0,1
10709,4.2033,0.482,402,723,0,0,1
10710,4.204,0.3985,402,723,0,0,1
10711,4.093,0.4061,402,723,0,0,1
10712,4.243,0.4764,402,723,0,0,1
10713,4.0943,0.3956,400,723,0,0,1
10714,4.2369,0.5465,399,723,0,0,1
10715,4.1191,0.4784,399,723,0,0,1
10716,4.3625,0.6901,399,723,0,0,1
10717,4.0961,0.6818,399,723,0,0,1
10718,4.0847,0.5689,398,723,0,0,1
10719,4.4304,0.4731,398,723,0,0,1
10720,3.826,0.444,397,723,0,0,1
10721,4.256,0.6115,396,723,0,0,1
10722,4.1657,0.4966,393,723,0,0,1
10723,4.2096,0.7074,392,723,0,0,1
10724,4.3675,0.523,392,723,0,0,1
10725,3.8705,0.4919,392,723,0,0,1
10726,4.233,0.5364,392,723,0,0,1
10727,4.1212,0.5015,391,723,0,0,1
10728,4.198,0.5151,390,723,0,0,1
10729,4.1434,0.7012,389,723,0,0,1
10730,4.1419,0.5196,389,723,0,0,1
10731,4.2113,0.5456,389,723,0,0,1
10732,4.1203,0.4507,388,723,0,0,1
10733,4.2484,0.5057,388,723,0,0,1
10734,4.4126,0.5258,386,723,0,0,1
10735,4.055,0.5118,384,723,0,0,1
10736,4.0007,0.6289,383,723,0,0,1
10737,4.1226,0.5208,383,723,0,0,1
10738,4.1982,0.5616,383,723,0,0,1
10739,4.1285,0.5987,383,723,0,0,1
10740,4.2202,0.6866,382,723,0,0,1
10741,4.2064,0.5124,381,723,0,0,1
10742,4.2131,0.6802,380,723,0,0,1
10743,4,0.591,379,723,0,0,1
10744,4.2096,0.5219,379,723,0,0,1
10745,4.1436,0.5151,376,723,0,0,1
10746,4.2437,0.5366,376,723,0,0,1
10747,4.2719,0.5152,376,723,0,0,1
10748,4.0978,0.5282,376,723,0,0,1
10749,4.0845,0.5196,376,723,0,0,1
10750,4.2848,0.7172,368,723,0,0,1
10751,4.0299,0.5741,368,723,0,0,1
10752,4.1931,0.6562,367,723,0,0,1
10753,4.1747,0.4927,367,723,0,0,1
10754,4.1422,0.493,367,723,0,0,1
10755,4.2353,0.837,366,723,0,0,1
10756,4.1593,0.5023,415,723,0,0,1
10757,4.2032,0.7734,413,723,0,0,1
10758,4.3549,0.5159,413,723,0,0,1
10759,3.927,0.7283,413,723,0,0,1
10760,4.0975,0.4433,411,723,0,0,1
10761,4.3387,0.667,410,723,0,0,1
10762,4.0005,0.4864,408,723,0,0,1
10763,4.1889,0.4558,407,723,0,0,1
10764,4.4724,0.4492,407,723,0,0,1
10765,3.9255,0.4951,407,723,0,0,1
10766,4.0862,0.4195,407,723,0,0,1
10767,4.2632,0.6947,407,723,0,0,1
10768,4.0735,0.4461,406,723,0,0,1
10769,4.1847,0.4724,406,723,0,0,1
10770,4.2214,0.4622,406,723,0,0,1
10771,4.1663,0.4543,406,723,0,0,1
10772,4.2613,0.469,406,723,0,0,1
10773,3.9752,0.4045,405,723,0,0,1
10774,4.2648,0.4879,405,723,0,0,1
10775,4.085,0.5454,405,723,0,0,1
10776,4.2428,0.5116,404,723,0,0,1
10777,4.1597,0.5166,404,723,0,0,1
10778,4.1814,0.479,403,723,0,0,1
10779,4.1969,0.7798,402,723,0,0,1
10780,4.0425,0.513,402,723,0,0,1
10781,4.2025,0.5785,401,723,0,0,1
10782,4.2153,0.511,401,723,0,0,1
10783,4.3969,0.6679,401,723,0,0,1
10784,3.9732,0.7591,400,723,0,0,1
10785,4.0434,0.5443,399,723,0,0,1
10786,4.2973,0.437,399,723,0,0,1
10787,4.0878,0.4999,399,723,0,0,1
10788,4.178,0.5084,399,723,0,0,1
10789,4.0973,0.6122,399,723,0,0,1
10790,4.5334,0.4394,399,723,0,0,1
10791,4.0217,0.4398,398,723,0,0,1
10792,3.9866,0.4347,397,723,0,0,1
10793,4.214,0.494,396,723,0,0,1
10794,4.2522,0.5016,395,723,0,0,1
10795,4.0856,0.5024,395,723,0,0,1
10796,4.2935,0.5074,394,723,0,0,1
10797,3.9609,0.4293,394,723,0,0,1
10798,4.2778,0.5975,393,723,0,0,1
10799,4.1815,0.6241,391,723,0,0,1
10800,4.1583,0.5183,391,723,0,0,1
10801,4.1368,0.4885,389,723,0,0,1
10802,4.2118,0.5635,388,723,0,0,1
10803,4.1198,0.4477,387,723,0,0,1
10804,4.1088,0.4407,386,723,0,0,1
10805,4.268,0.54,386,723,0,0,1
10806,4.1427,0.4187,385,723,0,0,1
10807,4.159,0.516,383,723,0,0,1
10808,4.166,0.5178,382,723,0,0,1
10809,4.11,0.4902,382,723,0,0,1
10810,4.2398,0.4247,382,723,0,0,1
10811,4.0945,0.4872,381,723,0,0,1
10812,4.2079,0.5135,381,723,0,0,1
10813,4.1526,0.5141,380,723,0,0,1
10814,4.1647,0.4227,380,723,0,0,1
10815,4.1876,0.6419,380,723,0,0,1
10816,4.1094,0.561,380,723,0,0,1
10817,4.4589,0.6322,372,723,0,0,1
10818,4.0236,0.6131,371,723,0,0,1
10819,4.0587,0.7453,370,723,0,0,1
10820,4.1669,0.4822,368,723,0,0,1
10821,4.1252,0.4863,368,723,0,0,1
10822,4.4521,0.4686,368,723,0,0,1
10823,3.8662,0.4936,416,723,0,0,1
10824,4.2585,0.5958,416,723,0,0,1
10825,4.1082,0.5813,416,723,0,0,1
10826,4.2018,0.4637,415,723,0,0,1
10827,4.163,0.4978,415,723,0,0,1
10828,4.1164,0.4854,413,723,0,0,1
10829,4.2232,0.6719,411,723,0,0,1
10830,4.265,0.6445,411,723,0,0,1
10831,4.0478,0.4918,410,723,0,0,1
10832,4.1919,0.4989,409,723,0,0,1
10833,4.0817,0.4246,409,723,0,0,1
10834,4.5272,0.7051,408,723,0,0,1
10835,3.9121,0.5132,408,723,0,0,1
10836,4.1681,0.6375,407,723,0,0,1
10837,4.0486,0.4975,407,723,0,0,1
10838,4.2948,0.6992,406,723,0,0,1
10839,4.4173,0.482,404,723,0,0,1
10840,3.8252,0.4964,404,723,0,0,1
10841,4.2208,0.7043,404,723,0,0,1
10842,4.2682,0.5068,404,723,0,0,1
10843,4.0781,0.577,404,723,0,0,1
10844,4.2362,0.5044,404,723,0,0,1
10845,4.0348,0.473,404,723,0,0,1
10846,4.2554,0.5267,404,723,0,0,1
10847,4.1519,0.5632,404,723,0,0,1
10848,4.231,0.6874,402,723,0,0,1
10849,4.0471,0.4355,401,723,0,0,1
10850,4.2436,0.5866,401,723,0,0,1
10851,4.1227,0.5182,401,723,0,0,1
10852,4.1374,0.4268,401,723,0,0,1
10853,4.1271,0.4213,400,723,0,0,1
10854,4.2415,0.4406,400,723,0,0,1
10855,4.4383,0.4827,400,723,0,0,1
10856,4.1144,0.5146,400,723,0,0,1
10857,3.9465,0.6238,400,723,0,0,1
10858,4.5129,0.419,400,723,0,0,1
10859,3.8288,0.4935,400,723,0,0,1
10860,4.0839,0.6423,399,723,0,0,1
10861,4.2449,0.7863,399,723,0,0,1
10862,4.1582,0.4889,399,723,0,0,1
10863,4.0906,0.4265,399,723,0,0,1
10864,4.2635,0.5556,397,723,0,0,1
10865,4.15,0.5341,397,723,0,0,1
10866,4.1863,0.5243,396,723,0,0,1
10867,4.1781,0.7608,395,723,0,0,1
10868,4.2259,0.4927,395,723,0,0,1
10869,4.0466,0.4998,394,723,0,0,1
10870,4.19,0.536,393,723,0,0,1
10871,4.1329,0.4961,390,723,0,0,1
10872,4.2275,0.6366,390,723,0,0,1
10873,4.1326,0.5122,390,723,0,0,1
10874,4.1636,0.5141,388,723,0,0,1
10875,4.1881,0.6248,386,723,0,0,1
10876,4.1159,0.5194,386,723,0,0,1
10877,4.1958,0.5543,386,723,0,0,1
10878,4.1588,0.5049,385,723,0,0,1
10879,4.1504,0.5141,385,723,0,0,1
10880,4.2356,0.7193,381,723,0,0,1
10881,4.0933,0.5249,378,723,0,0,1
10882,4.2248,0.6057,376,723,0,0,1
10883,4.1311,0.5328,376,723,0,0,1
10884,4.2142,0.5664,376,723,0,0,1
10885,4.1137,0.5172,369,723,0,0,1
10886,4.2921,0.8704,368,723,0,0,1
10887,4.0861,0.6099,368,723,0,0,1
10888,4.1124,0.529,368,723,0,0,1
10889,4.521,0.7596,368,723,0,0,1
10890,3.9076,0.5929,418,723,0,0,1
10891,4.3304,0.6458,418,723,0,0,1
10892,4.0209,0.447,417,723,0,0,1
10893,4.0473,0.4484,417,723,0,0,1
10894,4.2401,0.4943,416,723,0,0,1
10895,4.1102,0.4803,415,723,0,0,1
10896,4.2103,0.5668,414,723,0,0,1
10897,4.1398,0.5015,413,723,0,0,1
10898,4.1512,0.42,413,723,0,0,1
10899,4.2307,0.4431,413,723,0,0,1
10900,4.0663,0.4192,412,723,0,0,1
10901,4.6447,0.6144,412,723,0,0,1
10902,3.7648,0.7674,412,723,0,0,1
10903,4.1769,0.5857,412,723,0,0,1
10904,4.1614,0.5581,412,723,0,0,1
10905,4.1814,0.6756,412,723,0,0,1
10906,4.1845,0.676,410,723,0,0,1
10907,4.1076,0.4555,410,723,0,0,1
10908,4.213,0.5286,409,723,0,0,1
10909,4.1384,0.4874,408,723,0,0,1
10910,4.1175,0.4493,406,723,0,0,1
10911,4.4407,0.4279,406,723,0,0,1
10912,3.901,0.4336,405,723,0,0,1
10913,4.2217,0.4795,404,723,0,0,1
10914,4.2093,0.4759,404,723,0,0,1
10915,4.1263,0.4748,404,723,0,0,1
10916,4.2555,0.4455,404,723,0,0,1
10917,4.0122,0.6172,404,723,0,0,1
10918,4.5438,0.5992,404,723,0,0,1
10919,3.8312,0.4346,403,723,0,0,1
10920,4.5113,0.6883,401,723,0,0,1
10921,3.8155,0.5409,399,723,0,0,1
10922,4.4016,0.4613,399,723,0,0,1
10923,4.0801,0.4649,399,723,0,0,1
10924,3.9865,0.4813,399,723,0,0,1
10925,4.2913,0.5527,399,723,0,0,1
10926,4.1123,0.5551,396,723,0,0,1
10927,4.2118,0.5388,396,723,0,0,1
10928,4.1233,0.5423,396,723,0,0,1
10929,4.1119,0.6063,396,723,0,0,1
10930,4.5297,0.6405,396,723,0,0,1
10931,3.832,0.5974,395,723,0,0,1
10932,4.171,0.5428,394,723,0,0,1
10933,4.1008,0.7072,394,723,0,0,1
10934,4.5326,0.5146,394,723,0,0,1
10935,4.1103,0.5341,392,723,0,0,1
10936,3.8782,0.4935,392,723,0,0,1
10937,4.2423,0.4581,391,723,0,0,1
10938,4.3944,0.4269,391,723,0,0,1
10939,3.932,0.5169,391,723,0,0,1
10940,4.1303,0.4123,391,723,0,0,1
10941,4.1367,0.442,391,723,0,0,1
10942,4.2465,0.6744,391,723,0,0,1
10943,4.1579,0.4427,391,723,0,0,1
10944,4.236,0.5562,391,723,0,0,1
10945,4.0465,0.5061,390,723,0,0,1
10946,4.1471,0.4713,389,723,0,0,1
10947,4.2075,0.4729,387,723,0,0,1
10948,4.11,0.4388,386,723,0,0,1
10949,4.5472,0.6018,386,723,0,0,1
10950,3.8269,0.4254,385,723,0,0,1
10951,4.4294,0.5428,384,723,0,0,1
10952,3.9204,0.556,376,723,0,0,1
10953,4.131,0.5161,375,723,0,0,1
10954,4.312,0.5151,375,723,0,0,1
10955,4.0969,0.597,375,723,0,0,1
10956,4.2108,0.6639,375,723,0,0,1
10957,4.103,0.6095,375,723,0,0,1
10958,4.164,0.672,425,723,0,0,1
10959,4.0796,0.4656,425,723,0,0,1
10960,4.1666,0.4615,423,723,0,0,1
10961,4.2747,0.4484,423,723,0,0,1
10962,4.1616,0.4478,423,723,0,0,1
10963,4.1743,0.5115,422,723,0,0,1
10964,4.0561,0.4255,421,723,0,0,1
10965,4.206,0.4228,420,723,0,0,1
10966,4.219,0.4646,420,723,0,0,1
10967,4.1438,0.4683,420,723,0,0,1
10968,4.2541,0.7574,420,723,0,0,1
10969,4.0411,0.5567,420,723,0,0,1
10970,4.1756,0.5067,420,723,0,0,1
10971,4.1817,0.5161,420,723,0,0,1
10972,4.1465,0.454,420,723,0,0,1
10973,4.2238,0.5716,419,723,0,0,1
10974,4.1942,0.4389,419,723,0,0,1
10975,4.198,0.5052,419,723,0,0,1
10976,4.4133,0.5402,417,723,0,0,1
10977,3.8135,0.4306,417,723,0,0,1
10978,4.1964,0.4875,417,723,0,0,1
10979,4.1497,0.4314,417,723,0,0,1
10980,4.1634,0.7087,415,723,0,0,1
10981,4.2638,0.7223,415,723,0,0,1
10982,4.0537,0.4854,415,723,0,0,1
10983,4.4897,0.8327,415,723,0,0,1
10984,3.8234,0.4998,414,723,0,0,1
10985,4.4552,0.511,414,723,0,0,1
10986,3.9717,0.4949,413,723,0,0,1
10987,4.1929,0.4511,412,723,0,0,1
10988,4.1049,0.4591,412,723,0,0,1
10989,4.2023,0.634,412,723,0,0,1
10990,4.1192,0.489,412,723,0,0,1
10991,4.1575,0.5207,412,723,0,0,1
10992,4.2089,0.6163,410,723,0,0,1
10993,4.1714,0.6817,409,723,0,0,1
10994,4.1167,0.4629,409,723,0,0,1
10995,4.16,0.4281,407,723,0,0,1
10996,4.1659,0.4273,405,723,0,0,1
10997,4.4689,0.6,405,723,0,0,1
10998,3.8682,0.4265,404,723,0,0,1
10999,4.1384,0.424,403,723,0,0,1
11000,4.3146,0.7154,402,723,0,0,1
11001,4.1021,0.5075,399,723,0,0,1
11002,4.0801,0.4748,399,723,0,0,1
11003,4.2699,0.637,397,723,0,0,1
11004,4.1691,0.6267,397,723,0,0,1
11005,4.1445,0.4746,397,723,0,0,1
11006,4.1472,0.7347,396,723,0,0,1
11007,4.3011,0.4399,395,723,0,0,1
11008,4.0017,0.4744,395,723,0,0,1
11009,4.2241,0.5327,394,723,0,0,1
11010,4.1864,0.533,393,723,0,0,1
11011,4.1496,0.7141,393,723,0,0,1
11012,4.1451,0.4805,392,723,0,0,1
11013,4.1044,0.5018,392,723,0,0,1
11014,4.211,0.5532,390,723,0,0,1
11015,4.1992,0.7402,389,723,0,0,1
11016,4.1697,0.5569,389,723,0,0,1
11017,4.1674,0.758,388,723,0,0,1
11018,4.1218,0.5173,388,723,0,0,1
11019,4.2352,0.5621,379,723,0,0,1
11020,4.0963,0.4811,379,723,0,0,1
11021,4.5331,0.4959,379,723,0,0,1
11022,3.8535,0.5164,379,723,0,0,1
11023,4.0905,0.6836,378,723,0,0,1
11024,4.2017,0.6787,377,723,0,0,1
11025,4.146,0.5399,427,723,0,0,1
11026,4.2104,0.5628,426,723,0,0,1
11027,4.1488,0.5181,426,723,0,0,1
11028,4.209,0.4985,426,723,0,0,1
11029,4.1189,0.5296,426,723,0,0,1
11030,4.2012,0.4525,424,723,0,0,1
11031,4.3633,0.4362,424,723,0,0,1
11032,3.9304,0.4297,424,723,0,0,1
11033,4.2151,0.633,423,723,0,0,1
11034,4.2049,0.5609,422,723,0,0,1
11035,4.1319,0.5698,421,723,0,0,1
11036,4.0952,0.559,421,723,0,0,1
11037,4.2544,0.7119,418,723,0,0,1
11038,4.126,0.4382,417,723,0,0,1
11039,4.1671,0.5381,417,723,0,0,1
11040,4.1134,0.4775,416,723,0,0,1
11041,4.2042,0.478,415,723,0,0,1
11042,4.1549,0.4291,414,723,0,0,1
11043,4.2104,0.4327,414,723,0,0,1
11044,4.1271,0.4437,414,723,0,0,1
11045,4.2204,0.7287,412,723,0,0,1
11046,4.1431,0.8976,411,723,0,0,1
11047,4.099,0.4379,410,723,0,0,1
11048,4.2256,0.5936,409,723,0,0,1
11049,4.2033,0.7469,409,723,0,0,1
11050,4.1446,0.7181,409,723,0,0,1
11051,4.2362,0.6287,408,723,0,0,1
11052,4.1106,0.5177,407,723,0,0,1
11053,4.1638,0.503,405,723,0,0,1
11054,4.1046,0.4337,405,723,0,0,1
11055,4.2737,0.4391,404,723,0,0,1
11056,4.0713,0.4367,404,723,0,0,1
11057,4.222,0.7824,404,723,0,0,1
11058,4.1702,0.4855,404,723,0,0,1
11059,4.1125,0.4297,404,723,0,0,1
11060,4.2073,0.5949,404,723,0,0,1
11061,4.0967,0.8151,402,723,0,0,1
11062,4.3617,0.4126,401,723,0,0,1
11063,3.9882,0.4388,401,723,0,0,1
11064,4.2174,0.4739,401,723,0,0,1
11065,4.1139,0.432,400,723,0,0,1
11066,4.2327,0.6523,399,723,0,0,1
11067,4.1754,0.6399,399,723,0,0,1
11068,4.078,0.4739,399,723,0,0,1
11069,4.439,0.6252,399,723,0,0,1
11070,4.1614,0.5794,399,723,0,0,1
11071,4.0038,0.5538,399,723,0,0,1
11072,4.1393,0.5484,398,723,0,0,1
11073,4.1167,0.6178,397,723,0,0,1
11074,4.1846,0.664,394,723,0,0,1
11075,4.2095,0.5464,394,723,0,0,1
11076,4.1592,0.5754,394,723,0,0,1
11077,4.1331,0.5263,393,723,0,0,1
11078,4.1964,0.4883,392,723,0,0,1
11079,4.4442,0.4457,391,723,0,0,1
11080,3.8411,0.464,390,723,0,0,1
11081,4.3454,0.4445,390,723,0,0,1
11082,4.005,0.4365,390,723,0,0,1
11083,4.151,0.4346,390,723,0,0,1
11084,4.1613,0.4489,388,723,0,0,1
11085,4.1673,0.4633,387,723,0,0,1
11086,4.2174,0.5015,379,723,0,0,1
11087,4.2714,0.4387,379,723,0,0,1
11088,4.1301,0.6701,379,723,0,0,1
11089,4.0725,0.5021,377,723,0,0,1
11090,4.1483,0.5032,375,723,0,0,1
11091,4.1951,0.527,374,723,0,0,1
11092,4.1032,0.465,424,723,0,0,1
11093,4.4629,0.7987,423,723,0,0,1
11094,3.8957,0.4907,421,723,0,0,1
11095,4.261,0.5839,420,723,0,0,1
11096,4.343,0.5293,420,723,0,0,1
11097,3.8958,0.4414,420,723,0,0,1
11098,4.2305,0.5435,419,723,0,0,1
11099,4.1209,0.4751,419,723,0,0,1
11100,4.2377,0.6097,419,723,0,0,1
11101,4.1337,0.5751,419,723,0,0,1
11102,4.1728,0.5973,419,723,0,0,1
11103,4.2163,0.7684,419,723,0,0,1
11104,4.0765,0.4734,419,723,0,0,1
11105,4.2159,0.5474,418,723,0,0,1
11106,4.1661,0.4619,418,723,0,0,1
11107,4.2785,0.7272,417,723,0,0,1
11108,4.0439,0.431,417,723,0,0,1
11109,4.1917,0.6649,417,723,0,0,1
11110,4.1434,0.4761,417,723,0,0,1
11111,4.1304,0.4425,416,723,0,0,1
11112,4.2056,0.7319,416,723,0,0,1
11113,4.225,0.6752,416,723,0,0,1
11114,4.3564,0.6752,416,723,0,0,1
11115,3.8934,0.6011,416,723,0,0,1
11116,4.1465,0.4548,416,723,0,0,1
11117,4.2248,0.6688,415,723,0,0,1
11118,4.1019,0.4388,415,723,0,0,1
11119,4.2822,0.7049,415,723,0,0,1
11120,4.1134,0.481,415,723,0,0,1
11121,4.1118,0.4438,415,723,0,0,1
11122,4.1846,0.4964,413,723,0,0,1
11123,4.1384,0.4927,413,723,0,0,1
11124,4.25,0.4727,411,723,0,0,1
11125,4.0709,0.7025,411,723,0,0,1
11126,4.2156,1.0273,410,723,0,0,1
11127,4.2472,0.5063,410,723,0,0,1
11128,4.0713,0.53,410,723,0,0,1
11129,4.4799,0.4525,410,723,0,0,1
11130,3.9149,0.4776,410,723,0,0,1
11131,4.2405,0.4441,410,723,0,0,1
11132,4.0521,0.447,410,723,0,0,1
11133,4.1344,0.433,408,723,0,0,1
11134,4.1634,0.429,406,723,0,0,1
11135,4.1887,0.4713,405,723,0,0,1
11136,4.1783,0.5075,401,723,0,0,1
11137,4.1925,0.4637,401,723,0,0,1
11138,4.1489,0.7005,400,723,0,0,1
11139,4.1552,0.757,400,723,0,0,1
11140,4.2037,0.4636,397,723,0,0,1
11141,4.1402,0.4836,395,723,0,0,1
11142,4.198,0.577,395,723,0,0,1
11143,4.1583,0.682,394,723,0,0,1
11144,4.1734,0.699,394,723,0,0,1
11145,4.3133,0.6221,391,723,0,0,1
11146,4.3067,0.6647,391,723,0,0,1
11147,3.8716,0.7249,391,723,0,0,1
11148,4.1752,0.5488,391,723,0,0,1
11149,4.1769,0.5511,390,723,0,0,1
11150,4.1831,0.53,388,723,0,0,1
11151,4.4632,0.5099,388,723,0,0,1
11152,3.7879,0.4504,388,723,0,0,1
11153,4.2319,0.5756,378,723,0,0,1
11154,4.1754,0.6029,378,723,0,0,1
11155,4.1499,0.6412,376,723,0,0,1
11156,4.1036,0.5092,376,723,0,0,1
11157,4.2192,0.6976,376,723,0,0,1
11158,4.3648,0.7495,376,723,0,0,1
11159,3.898,0.4724,425,723,0,0,1
11160,4.5757,0.4655,425,723,0,0,1
11161,4.0777,0.4594,425,723,0,0,1
11162,3.9225,0.6851,424,723,0,0,1
11163,4.4066,0.7091,423,723,0,0,1
11164,3.9492,0.4369,423,723,0,0,1
11165,4.1706,0.7452,423,723,0,0,1
11166,4.3827,0.5217,422,723,0,0,1
11167,3.9019,0.4998,421,723,0,0,1
11168,4.1555,0.7782,421,723,0,0,1
11169,4.2238,0.4569,420,723,0,0,1
11170,4.2154,0.6905,419,723,0,0,1
11171,4.0989,0.4665,418,723,0,0,1
11172,4.3926,0.5382,417,723,0,0,1
11173,4.1258,0.6686,415,723,0,0,1
11174,4.1815,0.4277,415,723,0,0,1
11175,4.1422,0.478,415,723,0,0,1
11176,3.9234,0.4351,415,723,0,0,1
11177,4.5216,0.6265,415,723,0,0,1
11178,3.8596,0.7053,415,723,0,0,1
11179,4.4319,0.5199,415,723,0,0,1
11180,3.8246,0.4751,415,723,0,0,1
11181,4.1794,0.6509,415,723,0,0,1
11182,4.302,0.5051,412,723,0,0,1
11183,4.0691,0.548,412,723,0,0,1
11184,4.5202,0.4514,412,723,0,0,1
11185,3.8696,0.6682,411,723,0,0,1
11186,4.0894,0.4362,411,723,0,0,1
11187,4.4884,0.6117,411,723,0,0,1
11188,3.8401,0.4329,411,723,0,0,1
11189,4.488,0.6233,409,723,0,0,1
11190,3.9283,0.6956,407,723,0,0,1
11191,4.0746,0.4194,407,723,0,0,1
11192,4.4341,0.5978,406,723,0,0,1
11193,3.8924,0.5874,406,723,0,0,1
11194,4.2008,0.4304,405,723,0,0,1
11195,4.2378,0.5178,405,723,0,0,1
11196,4.1238,0.4973,404,723,0,0,1
11197,4.523,0.5582,403,723,0,0,1
11198,3.818,0.4946,403,723,0,0,1
11199,4.4956,0.4472,400,723,0,0,1
11200,3.8254,0.4841,399,723,0,0,1
11201,4.1591,0.7653,398,723,0,0,1
11202,4.1858,0.7862,396,723,0,0,1
11203,4.5261,0.7128,396,723,0,0,1
11204,3.7842,0.5165,395,723,0,0,1
11205,4.1511,0.5869,394,723,0,0,1
11206,4.4405,0.8763,394,723,0,0,1
11207,3.9762,0.6286,393,723,0,0,1
11208,4.1175,0.5704,392,723,0,0,1
11209,4.1581,0.4567,392,723,0,0,1
11210,4.2212,0.4972,392,723,0,0,1
11211,4.1366,0.4771,391,723,0,0,1
11212,4.1127,0.448,391,723,0,0,1
11213,4.5269,0.7097,390,723,0,0,1
11214,3.7799,0.4288,389,723,0,0,1
11215,4.276,0.725,387,723,0,0,1
11216,4.1617,0.5024,386,723,0,0,1
11217,4.1174,0.4504,386,723,0,0,1
11218,4.1892,0.6504,383,723,0,0,1
11219,4.1442,0.4555,380,723,0,0,1
11220,4.2374,0.5327,380,723,0,0,1
11221,4.1192,0.562,373,723,0,0,1
11222,4.2429,0.6783,373,723,0,0,1
11223,4.051,0.503,373,723,0,0,1
11224,4.1845,0.5025,372,723,0,0,1
11225,4.365,0.5003,372,723,0,0,1
11226,3.9997,0.5252,422,723,0,0,1
11227,4.1843,0.5435,422,723,0,0,1
11228,4.1045,0.4729,420,723,0,0,1
11229,4.1929,0.4539,418,723,0,0,1
11230,4.1947,0.4616,418,723,0,0,1
11231,4.1649,0.439,417,723,0,0,1
11232,4.1883,0.7166,417,723,0,0,1
11233,4.1752,0.7745,416,723,0,0,1
11234,4.1329,0.7104,415,723,0,0,1
11235,4.0992,0.5166,414,723,0,0,1
11236,4.1674,0.4549,414,723,0,0,1
11237,4.4503,0.4837,414,723,0,0,1
11238,3.9763,0.494,414,723,0,0,1
11239,4.1602,0.7539,414,723,0,0,1
11240,4.1128,0.7853,414,723,0,0,1
11241,4.2177,0.6269,414,723,0,0,1
11242,4.0859,0.6322,414,723,0,0,1
11243,4.2046,0.4576,413,723,0,0,1
11244,4.3367,0.4465,412,723,0,0,1
11245,4.1035,0.6268,412,723,0,0,1
11246,4.0833,0.6311,412,723,0,0,1
11247,4.2134,0.4769,412,723,0,0,1
11248,4.088,0.4484,412,723,0,0,1
11249,4.1525,0.4185,411,723,0,0,1
11250,4.3285,0.4729,411,723,0,0,1
11251,4.0856,0.8159,411,723,0,0,1
11252,4.074,0.4525,411,723,0,0,1
11253,4.2481,0.751,409,723,0,0,1
11254,4.1005,0.5131,408,723,0,0,1
11255,4.1875,0.4835,408,723,0,0,1
11256,4.2149,0.7039,408,723,0,0,1
11257,4.1603,0.5439,406,723,0,0,1
11258,4.1645,0.6925,405,723,0,0,1
11259,4.1583,0.534,405,723,0,0,1
11260,4.1036,0.4644,404,723,0,0,1
11261,4.2147,0.5585,403,723,0,0,1
11262,4.2093,0.4952,402,723,0,0,1
11263,4.1597,0.5954,402,723,0,0,1
11264,4.2208,0.6907,402,723,0,0,1
11265,4.0393,0.4288,402,723,0,0,1
11266,4.2186,0.6366,401,723,0,0,1
11267,4.1353,0.4326,400,723,0,0,1
11268,4.4128,0.4263,400,723,0,0,1
11269,3.9229,0.8464,400,723,0,0,1
11270,4.2115,0.6664,398,723,0,0,1
11271,4.1007,0.4116,397,723,0,0,1
11272,4.1973,0.4139,397,723,0,0,1
11273,4.1551,0.4218,397,723,0,0,1
11274,4.2106,0.4402,395,723,0,0,1
11275,4.1256,0.6205,393,723,0,0,1
11276,4.5742,0.4204,392,723,0,0,1
11277,3.743,0.4157,389,723,0,0,1
11278,4.4642,0.5338,389,723,0,0,1
11279,3.9088,0.5034,388,723,0,0,1
11280,4.1459,0.4604,387,723,0,0,1
11281,4.16,0.4215,385,723,0,0,1
11282,4.2259,0.6411,384,723,0,0,1
11283,4.2686,0.6368,384,723,0,0,1
11284,4.0226,0.4193,383,723,0,0,1
11285,4.1344,0.415,382,723,0,0,1
11286,4.2043,0.4295,381,723,0,0,1
11287,4.1513,0.4893,380,723,0,0,1
11288,4.2052,0.6094,373,723,0,0,1
11289,4.1913,0.5932,373,723,0,0,1
11290,4.0373,0.6014,370,723,0,0,1
11291,4.2924,0.4704,370,723,0,0,1
11292,4.1742,0.4793,370,723,0,0,1
11293,4.0966,0.4485,370,723,0,0,1
11294,4.1712,0.6545,420,723,0,0,1
11295,5.0834,0.439,420,723,0,0,1
11296,3.2652,0.4368,419,723,0,0,1
11297,4.12,0.4325,418,723,0,0,1
11298,4.2191,0.4362,417,723,0,0,1
11299,4.1402,0.4274,417,723,0,0,1
11300,4.9752,0.5667,416,723,0,0,1
11301,3.3405,0.4166,416,723,0,0,1
11302,4.1736,0.6287,416,723,0,0,1
11303,4.2179,0.7103,415,723,0,0,1
11304,4.5395,0.7122,412,723,0,0,1
11305,4.3126,0.4761,412,723,0,0,1
11306,3.6157,0.6171,412,723,0,0,1
11307,4.1495,0.5,412,723,0,0,1
11308,4.2034,0.519,412,723,0,0,1
11309,4.1251,0.4514,412,723,0,0,1
11310,4.2201,0.4451,411,723,0,0,1
11311,4.1887,0.5774,411,723,0,0,1
11312,4.1182,0.4923,410,723,0,0,1
11313,4.1478,0.4636,410,723,0,0,1
11314,4.2186,0.6155,409,723,0,0,1
11315,4.1542,0.4523,408,723,0,0,1
11316,4.1775,0.4793,408,723,0,0,1
11317,4.0996,0.4585,407,723,0,0,1
11318,4.2283,0.4995,407,723,0,0,1
11319,4.4152,0.7036,407,723,0,0,1
11320,3.8849,0.4034,406,723,0,0,1
11321,4.2475,0.4194,403,723,0,0,1
11322,4.4143,0.5422,402,723,0,0,1
11323,3.8649,0.4535,402,723,0,0,1
11324,4.1471,0.4471,402,723,0,0,1
11325,4.1597,0.6195,401,723,0,0,1
11326,4.1841,0.6371,401,723,0,0,1
11327,4.2163,0.6271,401,723,0,0,1
11328,4.3242,0.678,401,723,0,0,1
11329,4.3011,0.7227,401,723,0,0,1
11330,3.8541,0.6259,401,723,0,0,1
11331,4.1539,0.5263,401,723,0,0,1
11332,4.169,0.5052,401,723,0,0,1
11333,4.3397,0.6534,401,723,0,0,1
11334,4.077,0.5226,401,723,0,0,1
11335,4.5221,0.7765,400,723,0,0,1
11336,3.7736,0.5058,398,723,0,0,1
11337,4.1024,0.4954,398,723,0,0,1
11338,4.1743,0.7206,398,723,0,0,1
11339,4.2145,0.4668,398,723,0,0,1
11340,4.154,0.4977,398,723,0,0,1
11341,4.1789,0.5772,396,723,0,0,1
11342,4.4082,0.73,396,723,0,0,1
11343,3.8255,0.4537,396,723,0,0,1
11344,4.184,0.4497,396,723,0,0,1
11345,4.5051,0.6655,395,723,0,0,1
11346,3.8595,0.4284,395,723,0,0,1
11347,4.1584,0.4352,395,723,0,0,1
11348,4.1281,0.4188,394,723,0,0,1
11349,4.2195,0.4389,394,723,0,0,1
11350,4.1593,0.457,394,723,0,0,1
11351,4.1474,0.4733,393,723,0,0,1
11352,4.2843,0.6876,393,723,0,0,1
11353,4.1021,0.502,391,723,0,0,1
11354,4.4607,0.6991,391,723,0,0,1
11355,3.8836,0.4687,384,723,0,0,1
11356,4.1182,0.4275,383,723,0,0,1
11357,4.1907,0.5584,379,723,0,0,1
11358,4.1881,0.4144,379,723,0,0,1
11359,4.1857,0.4785,378,723,0,0,1
11360,4.1558,0.4683,378,723,0,0,1
11361,4.1179,0.4609,428,723,0,0,1
11362,4.2015,0.6216,428,723,0,0,1
11363,4.1422,0.4766,428,723,0,0,1
11364,4.2374,0.6847,427,723,0,0,1
11365,4.1021,0.4985,426,723,0,0,1
11366,4.142,0.4697,426,723,0,0,1
11367,4.1656,0.4833,425,723,0,0,1
11368,4.142,0.4707,425,723,0,0,1
11369,4.4581,0.7292,424,723,0,0,1
11370,3.9011,0.5406,423,723,0,0,1
11371,4.2185,0.6396,423,723,0,0,1
11372,4.0761,0.4401,423,723,0,0,1
11373,4.2632,0.6077,421,723,0,0,1
11374,4.3912,0.7499,421,723,0,0,1
11375,3.8959,0.4311,420,723,0,0,1
11376,4.1558,0.4738,418,723,0,0,1
11377,4.2453,0.7166,417,723,0,0,1
11378,4.144,0.7846,416,723,0,0,1
11379,4.1531,0.558,416,723,0,0,1
11380,4.1313,0.5332,415,723,0,0,1
11381,4.2443,0.5331,415,723,0,0,1
11382,4.163,0.467,415,723,0,0,1
11383,4.2835,0.701,414,723,0,0,1
11384,3.9864,0.4559,414,723,0,0,1
11385,4.1924,0.5027,413,723,0,0,1
11386,4.1499,0.5117,413,723,0,0,1
11387,4.1631,0.4906,411,723,0,0,1
11388,4.2044,0.4358,411,723,0,0,1
11389,4.1538,0.4426,410,723,0,0,1
11390,4.2334,0.6723,410,723,0,0,1
11391,4.0205,0.409,410,723,0,0,1
11392,4.1829,0.4392,409,723,0,0,1
11393,4.2474,0.513,408,723,0,0,1
11394,4.1235,0.4791,407,723,0,0,1
11395,4.2174,0.7742,406,723,0,0,1
11396,4.1075,0.4794,406,723,0,0,1
11397,4.4384,0.608,405,723,0,0,1
11398,4.1558,0.7383,405,723,0,0,1
11399,3.8954,0.5392,403,723,0,0,1
11400,4.237,0.5005,401,723,0,0,1
11401,4.1323,0.4527,399,723,0,0,1
11402,4.1838,0.6213,399,723,0,0,1
11403,4.3968,0.6374,399,723,0,0,1
11404,3.9015,0.4381,399,723,0,0,1
11405,4.2247,0.5824,399,723,0,0,1
11406,4.2274,0.5168,398,723,0,0,1
11407,4.1694,0.6217,397,723,0,0,1
11408,4.0183,0.4382,395,723,0,0,1
11409,4.2465,0.4997,395,723,0,0,1
11410,4.1574,0.5963,394,723,0,0,1
11411,4.1888,0.5646,393,723,0,0,1
11412,4.1469,0.4695,393,723,0,0,1
11413,4.1777,0.4447,393,723,0,0,1
11414,4.1314,0.6504,391,723,0,0,1
11415,4.1744,0.4142,391,723,0,0,1
11416,4.1162,0.4203,391,723,0,0,1
11417,4.2695,0.4794,391,723,0,0,1
11418,4.0786,0.4177,391,723,0,0,1
11419,4.4839,0.6276,391,723,0,0,1
11420,3.8147,0.5723,391,723,0,0,1
11421,4.3182,0.7288,390,723,0,0,1
11422,4.1156,0.6529,388,723,0,0,1
11423,4.1783,0.4596,381,723,0,0,1
11424,4.1697,0.466,381,723,0,0,1
11425,4.1381,0.4812,380,723,0,0,1
11426,4.1795,0.5875,379,723,0,0,1
11427,4.2324,0.6423,379,723,0,0,1
11428,4.0286,0.4569,428,723,0,0,1
11429,4.2172,0.4396,428,723,0,0,1
11430,4.1268,0.6498,427,723,0,0,1
11431,4.5224,0.4325,426,723,0,0,1
11432,3.8786,0.7227,425,723,0,0,1
11433,4.1503,0.7383,422,723,0,0,1
11434,4.1677,0.7084,422,723,0,0,1
11435,4.1539,0.5274,422,723,0,0,1
11436,4.1987,0.5189,420,723,0,0,1
11437,4.1072,0.5345,420,723,0,0,1
11438,4.2692,0.6201,420,723,0,0,1
11439,4.0642,0.4409,418,723,0,0,1
11440,4.1478,0.4699,417,723,0,0,1
11441,4.1988,0.614,417,723,0,0,1
11442,4.5274,0.5239,417,723,0,0,1
11443,3.7728,0.6186,417,723,0,0,1
11444,4.1743,0.5217,416,723,0,0,1
11445,4.1802,0.5891,416,723,0,0,1
11446,4.2078,0.4756,416,723,0,0,1
11447,4.2262,0.7924,415,723,0,0,1
11448,4.1224,0.5889,413,723,0,0,1
11449,4.0846,0.5421,413,723,0,0,1
11450,4.2526,0.6112,412,723,0,0,1
11451,4.1559,0.4899,412,723,0,0,1
11452,4.1189,0.4467,412,723,0,0,1
11453,4.127,0.5132,408,723,0,0,1
11454,4.2181,0.4394,407,723,0,0,1
11455,4.2085,0.4922,406,723,0,0,1
11456,4.1986,0.5192,406,723,0,0,1
11457,4.0912,0.5455,405,723,0,0,1
11458,4.3343,0.8039,404,723,0,0,1
11459,4.0278,0.469,404,723,0,0,1
11460,4.1534,0.474,404,723,0,0,1
11461,4.1058,0.4818,403,723,0,0,1
11462,4.2301,0.4221,402,723,0,0,1
11463,4.1267,0.503,401,723,0,0,1
11464,4.1595,0.4271,400,723,0,0,1
11465,4.1744,0.7507,399,723,0,0,1
11466,4.1748,0.7125,399,723,0,0,1
11467,4.2343,0.4918,399,723,0,0,1
11468,4.0839,0.4115,396,723,0,0,1
11469,4.1933,0.5931,392,723,0,0,1
11470,4.2111,0.5991,392,723,0,0,1
11471,4.1286,0.4173,392,723,0,0,1
11472,4.3525,0.6997,392,723,0,0,1
11473,4.0812,0.4746,391,723,0,0,1
11474,4.166,0.5838,389,723,0,0,1
11475,4.0552,0.523,387,723,0,0,1
11476,4.1742,0.4141,386,723,0,0,1
11477,4.1697,0.4109,386,723,0,0,1
11478,4.2153,0.4221,386,723,0,0,1
11479,4.1983,0.4547,384,723,0,0,1
11480,4.0923,0.6557,384,723,0,0,1
11481,4.1369,0.5249,382,723,0,0,1
11482,4.2032,0.5123,382,723,0,0,1
11483,4.1823,0.4069,382,723,0,0,1
11484,4.3185,0.6535,382,723,0,0,1
11485,4.0038,0.4889,382,723,0,0,1
11486,4.1853,0.5991,382,723,0,0,1
11487,4.0893,0.4106,382,723,0,0,1
11488,4.2017,0.4616,381,723,0,0,1
11489,4.2171,0.5785,381,723,0,0,1
11490,4.1551,0.7002,374,723,0,0,1
11491,4.162,0.4639,374,723,0,0,1
11492,4.1275,0.4312,373,723,0,0,1
11493,4.1831,0.4158,372,723,0,0,1
11494,4.1464,0.457,370,723,0,0,1
11495,4.2184,0.5199,419,723,0,0,1
11496,4.2054,0.6591,419,723,0,0,1
11497,4.1045,0.5121,418,723,0,0,1
11498,4.1971,0.6735,418,723,0,0,1
11499,4.1311,0.422,415,723,0,0,1
11500,4.1595,0.4194,414,723,0,0,1
11501,4.2218,0.458,414,723,0,0,1
11502,4.1918,0.4844,412,723,0,0,1
11503,4.0921,0.4639,412,723,0,0,1
11504,4.2848,0.5252,411,723,0,0,1
11505,4.0429,0.4693,409,723,0,0,1
11506,4.2313,0.6419,409,723,0,0,1
11507,4.0896,0.5885,409,723,0,0,1
11508,4.2103,0.7167,409,723,0,0,1
11509,4.2135,0.7115,409,723,0,0,1
11510,4.0851,0.4511,409,723,0,0,1
11511,4.1389,0.463,408,723,0,0,1
11512,4.1805,0.4545,408,723,0,0,1
11513,4.4687,0.6874,408,723,0,0,1
11514,4.01,0.4463,407,723,0,0,1
11515,4.0332,0.4432,406,723,0,0,1
11516,4.1474,0.4502,405,723,0,0,1
11517,4.2003,0.4504,405,723,0,0,1
11518,4.4214,0.7236,403,723,0,0,1
11519,3.9412,0.4406,403,723,0,0,1
11520,4.1576,0.4809,403,723,0,0,1
11521,4.2293,0.4304,402,723,0,0,1
11522,4.1375,0.7016,402,723,0,0,1
11523,4.1008,0.7406,402,723,0,0,1
11524,4.183,0.7264,401,723,0,0,1
11525,4.1773,0.6599,401,723,0,0,1
11526,4.1954,0.4869,401,723,0,0,1
11527,4.1871,0.7523,399,723,0,0,1
11528,4.2178,0.7136,398,723,0,0,1
11529,4.1228,0.7909,397,723,0,0,1
11530,4.1821,0.7314,393,723,0,0,1
11531,4.1172,0.5982,392,723,0,0,1
11532,4.1838,0.8778,391,723,0,0,1
11533,4.1739,0.4837,391,723,0,0,1
11534,4.1588,0.4308,391,723,0,0,1
11535,4.0897,0.6861,391,723,0,0,1
11536,4.1902,0.4449,390,723,0,0,1
11537,4.1933,0.4855,389,723,0,0,1
11538,4.1816,0.5269,388,723,0,0,1
11539,4.163,0.6043,386,723,0,0,1
11540,4.1128,0.4392,386,723,0,0,1
11541,4.4095,0.7765,385,723,0,0,1
11542,3.9507,0.4377,385,723,0,0,1
11543,4.1895,0.4542,384,723,0,0,1
11544,4.4813,0.4329,384,723,0,0,1
11545,3.8162,0.5575,384,723,0,0,1
11546,4.2224,0.6121,383,723,0,0,1
11547,4.1675,0.432,382,723,0,0,1
11548,4.1075,0.456,381,723,0,0,1
11549,4.1933,0.4713,381,723,0,0,1
11550,4.243,0.4653,380,723,0,0,1
11551,4.0805,0.4726,380,723,0,0,1
11552,4.1803,0.5429,379,723,0,0,1
11553,4.2641,0.6861,379,723,0,0,1
11554,4.1747,0.6309,379,723,0,0,1
11555,4.062,0.4178,379,723,0,0,1
11556,4.2225,0.4813,378,723,0,0,1
11557,4.1492,0.6668,371,723,0,0,1
11558,4.1585,0.5967,369,723,0,0,1
11559,4.1123,0.4244,367,723,0,0,1
11560,4.1683,0.4493,366,723,0,0,1
11561,4.1956,0.5486,365,723,0,0,1
11562,4.1717,0.7116,414,723,0,0,1
11563,4.1721,0.4887,414,723,0,0,1
11564,4.0883,0.4869,412,723,0,0,1
11565,4.2695,0.6633,412,723,0,0,1
11566,4.1552,0.7059,412,723,0,0,1
11567,4.1731,0.6497,412,723,0,0,1
11568,4.4296,0.5655,412,723,0,0,1
11569,4.193,0.4532,412,723,0,0,1
11570,3.8169,0.4476,412,723,0,0,1
11571,4.1263,0.4756,412,723,0,0,1
11572,4.3598,0.5143,411,723,0,0,1
11573,4.3108,0.8124,410,723,0,0,1
11574,3.9356,0.8114,410,723,0,0,1
11575,4.1589,0.9593,409,723,0,0,1
11576,4.4194,1.0656,407,723,0,0,1
11577,3.8895,0.3418,407,723,0,0,1
11578,4.2658,0.3009,406,723,0,0,1
11579,4.1185,0.3468,404,723,0,0,1
11580,4.1003,0.6176,403,723,0,0,1
11581,4.1212,0.3559,403,723,0,0,1
11582,4.2231,0.4457,403,723,0,0,1
11583,4.127,0.3532,403,723,0,0,1
11584,4.1627,0.3567,403,723,0,0,1
11585,4.1849,0.3426,403,723,0,0,1
11586,4.1704,0.3405,403,723,0,0,1
11587,4.1774,0.5611,403,723,0,0,1
11588,4.144,0.5367,401,723,0,0,1
11589,4.2238,0.4752,400,723,0,0,1
11590,4.1653,0.7727,399,723,0,0,1
11591,4.2759,0.4963,399,723,0,0,1
11592,4.0138,0.5079,399,723,0,0,1
11593,4.5481,0.6278,397,723,0,0,1
11594,3.8041,0.4748,397,723,0,0,1
11595,4.2047,0.6614,396,723,0,0,1
11596,4.1086,0.4421,396,723,0,0,1
11597,4.3919,0.4354,396,723,0,0,1
11598,3.9639,0.4688,396,723,0,0,1
11599,4.2041,0.7616,396,723,0,0,1
11600,4.1286,0.4404,396,723,0,0,1
11601,4.1684,0.4305,394,723,0,0,1
11602,4.4635,0.7273,394,723,0,0,1
11603,3.8757,0.4723,393,723,0,0,1
11604,4.5419,0.6886,393,723,0,0,1
11605,3.727,0.5382,393,723,0,0,1
11606,4.1553,0.5601,390,723,0,0,1
11607,4.1775,0.3817,389,723,0,0,1
11608,4.1549,0.3643,387,723,0,0,1
11609,4.385,0.5498,387,723,0,0,1
11610,3.9573,0.3504,384,723,0,0,1
11611,4.1062,0.335,382,723,0,0,1
11612,4.4778,0.4556,382,723,0,0,1
11613,3.9225,0.5031,380,723,0,0,1
11614,4.3822,0.3795,378,723,0,0,1
11615,3.9002,0.3233,377,723,0,0,1
11616,4.3437,0.6064,377,723,0,0,1
11617,4.1476,0.5072,377,723,0,0,1
11618,4.0134,0.3368,375,723,0,0,1
11619,4.4157,0.3658,375,723,0,0,1
11620,3.9065,0.3328,375,723,0,0,1
11621,4.4978,0.3342,374,723,0,0,1
11622,4.0037,0.3628,374,723,0,0,1
11623,4.1135,0.5133,374,723,0,0,1
11624,4.1296,0.637,366,723,0,0,1
11625,4.3615,0.5454,365,723,0,0,1
11626,3.9842,0.5516,365,723,0,0,1
11627,4.1104,0.4376,365,723,0,0,1
11628,4.2685,0.6461,363,723,0,0,1
11629,4.2581,0.5914,413,723,0,0,1
11630,4.0241,0.5686,413,723,0,0,1
11631,4.1207,0.3919,411,723,0,0,1
11632,4.1857,0.3929,411,723,0,0,1
11633,4.2913,0.4297,410,723,0,0,1
11634,4.1615,0.4282,408,723,0,0,1
11635,4.1221,0.6427,408,723,0,0,1
11636,4.188,0.4937,408,723,0,0,1
11637,4.1375,0.6271,407,723,0,0,1
11638,4.4133,0.5729,407,723,0,0,1
11639,3.8896,0.4,406,723,0,0,1
11640,4.244,0.8022,406,723,0,0,1
11641,4.1759,0.6714,406,723,0,0,1
11642,4.2058,0.7268,406,723,0,0,1
11643,4.0816,0.5007,406,723,0,0,1
11644,4.1558,0.5044,406,723,0,0,1
11645,4.5103,0.4838,406,723,0,0,1
11646,3.8921,0.548,406,723,0,0,1
11647,4.1551,0.7676,406,723,0,0,1
11648,4.1506,0.4979,406,723,0,0,1
11649,4.2107,0.6419,405,723,0,0,1
11650,4.0565,0.7034,405,723,0,0,1
11651,4.1887,0.4381,405,723,0,0,1
11652,4.2345,0.5279,405,723,0,0,1
11653,4.1004,0.4336,405,723,0,0,1
11654,4.2678,0.6186,405,723,0,0,1
11655,4.0293,0.421,405,723,0,0,1
11656,4.2145,0.4819,405,723,0,0,1
11657,4.5527,0.7104,404,723,0,0,1
11658,3.813,0.4583,404,723,0,0,1
11659,4.2409,0.4255,403,723,0,0,1
11660,4.1456,0.7011,403,723,0,0,1
11661,4.129,0.473,403,723,0,0,1
11662,4.0884,0.6662,402,723,0,0,1
11663,4.1856,0.4261,402,723,0,0,1
11664,4.1942,0.4593,401,723,0,0,1
11665,4.1678,0.4163,400,723,0,0,1
11666,4.1591,0.7183,400,723,0,0,1
11667,4.1827,0.5305,400,723,0,0,1
11668,4.103,0.4513,399,723,0,0,1
11669,4.6283,0.4427,399,723,0,0,1
11670,3.7614,0.5044,397,723,0,0,1
11671,4.1358,0.6642,396,723,0,0,1
11672,4.158,0.6627,396,723,0,0,1
11673,4.1883,0.4854,394,723,0,0,1
11674,4.1953,0.6723,392,723,0,0,1
11675,4.1531,0.5231,392,723,0,0,1
11676,4.2021,0.5543,390,723,0,0,1
11677,4.0725,0.536,389,723,0,0,1
11678,4.1715,0.5058,389,723,0,0,1
11679,4.3419,0.6456,386,723,0,0,1
11680,4.0201,0.5216,384,723,0,0,1
11681,4.1881,0.5219,383,723,0,0,1
11682,4.2441,0.6272,383,723,0,0,1
11683,4.1866,0.7546,382,723,0,0,1
11684,3.9896,0.6405,381,723,0,0,1
11685,4.3248,0.7668,380,723,0,0,1
11686,4.1429,0.739,379,723,0,0,1
11687,4.134,0.499,379,723,0,0,1
11688,4.1504,0.4922,379,723,0,0,1
11689,4.5127,0.484,379,723,0,0,1
11690,3.7945,0.7102,379,723,0,0,1
11691,4.1982,0.7867,372,723,0,0,1
11692,4.1062,0.4746,370,723,0,0,1
11693,4.1865,0.4401,369,723,0,0,1
11694,4.2051,0.6646,368,723,0,0,1
11695,4.2225,0.635,368,723,0,0,1
11696,4.1303,0.4723,368,723,0,0,1
11697,4.1715,0.7079,418,723,0,0,1
11698,4.4238,0.5074,418,723,0,0,1
11699,3.9037,0.6376,417,723,0,0,1
11700,4.1758,0.563,415,723,0,0,1
11701,4.0912,0.5354,413,723,0,0,1
11702,4.2131,0.6103,411,723,0,0,1
11703,4.0481,0.5486,409,723,0,0,1
11704,4.2762,0.4731,408,723,0,0,1
11705,4.1891,0.494,407,723,0,0,1
11706,4.1286,0.4578,407,723,0,0,1
11707,4.2265,0.4837,407,723,0,0,1
11708,4.1017,0.4552,406,723,0,0,1
11709,4.196,0.517,406,723,0,0,1
11710,4.2027,0.6564,406,723,0,0,1
11711,4.1755,0.4541,406,723,0,0,1
11712,4.1636,0.4958,404,723,0,0,1
11713,4.1647,0.4915,404,723,0,0,1
11714,4.103,0.4275,404,723,0,0,1
11715,4.2218,0.461,403,723,0,0,1
11716,4.1293,0.4659,403,723,0,0,1
11717,4.3716,0.4659,402,723,0,0,1
11718,3.9502,0.4578,402,723,0,0,1
11719,4.1829,0.4773,400,723,0,0,1
11720,4.1342,0.6583,400,723,0,0,1
11721,4.21,0.4872,400,723,0,0,1
11722,4.3628,0.4974,400,723,0,0,1
11723,3.9573,0.5076,399,723,0,0,1
11724,4.4851,0.5875,399,723,0,0,1
11725,3.9081,0.5324,398,723,0,0,1
11726,4.0939,0.4359,397,723,0,0,1
11727,4.1577,0.4555,397,723,0,0,1
11728,4.1858,0.4646,397,723,0,0,1
11729,4.5056,0.5987,395,723,0,0,1
11730,3.8347,0.4338,395,723,0,0,1
11731,4.2471,0.4968,395,723,0,0,1
11732,4.0781,0.4408,394,723,0,0,1
11733,4.1715,0.455,394,723,0,0,1
11734,4.1949,0.4408,393,723,0,0,1
11735,4.1406,0.4298,393,723,0,0,1
11736,4.2272,0.5418,393,723,0,0,1
11737,4.092,0.4816,393,723,0,0,1
11738,4.1682,0.4213,392,723,0,0,1
11739,4.1993,0.4788,392,723,0,0,1
11740,4.1162,0.4218,389,723,0,0,1
11741,4.2653,0.7181,388,723,0,0,1
11742,4.1356,0.4236,388,723,0,0,1
11743,4.1674,0.4817,387,723,0,0,1
11744,4.1604,0.482,387,723,0,0,1
11745,4.1303,0.4179,386,723,0,0,1
11746,4.1695,0.4739,385,723,0,0,1
11747,4.1739,0.4655,384,723,0,0,1
11748,4.2049,0.6176,384,723,0,0,1
11749,4.1463,0.5227,384,723,0,0,1
11750,4.1679,0.5985,384,723,0,0,1
11751,4.1315,0.4707,384,723,0,0,1
11752,4.1491,0.428,383,723,0,0,1
11753,4.2519,0.5505,383,723,0,0,1
11754,4.1981,0.4364,382,723,0,0,1
11755,4.1064,0.4822,381,723,0,0,1
11756,4.1604,0.4598,381,723,0,0,1
11757,4.1511,0.4295,381,723,0,0,1
11758,4.2089,0.4647,381,723,0,0,1
11759,4.0965,0.4192,372,723,0,0,1
11760,4.1688,0.4766,371,723,0,0,1
11761,4.3056,0.6762,371,723,0,0,1
11762,4.0525,0.5243,369,723,0,0,1
11763,4.2082,0.775,369,723,0,0,1
11764,4.1323,0.5453,417,723,0,0,1
11765,4.2303,0.4768,416,723,0,0,1
11766,4.1246,0.4618,416,723,0,0,1
11767,4.2552,0.7653,416,723,0,0,1
11768,4.1085,0.5317,416,723,0,0,1
11769,4.1918,0.5055,416,723,0,0,1
11770,4.0485,0.4727,416,723,0,0,1
11771,4.1981,0.4218,415,723,0,0,1
11772,4.2061,0.5939,415,723,0,0,1
11773,4.1939,0.7015,414,723,0,0,1
11774,4.1404,0.7293,413,723,0,0,1
11775,4.1149,0.4276,412,723,0,0,1
11776,4.1637,0.4364,412,723,0,0,1
11777,4.1725,0.4648,410,723,0,0,1
11778,4.2189,0.5495,409,723,0,0,1
11779,4.1305,0.4757,409,723,0,0,1
11780,4.1948,0.8594,409,723,0,0,1
11781,4.1332,0.4892,408,723,0,0,1
11782,4.113,0.5655,408,723,0,0,1
11783,4.2196,0.4918,407,723,0,0,1
11784,4.2447,0.5338,406,723,0,0,1
11785,4.1154,0.4413,405,723,0,0,1
11786,4.288,0.6765,405,723,0,0,1
11787,4.0583,0.5028,405,723,0,0,1
11788,4.1382,0.4366,405,723,0,0,1
11789,4.6085,0.4276,405,723,0,0,1
11790,4.0064,0.4437,405,723,0,0,1
11791,3.8575,0.6019,405,723,0,0,1
11792,4.2643,0.7068,405,723,0,0,1
11793,4.1355,0.4821,405,723,0,0,1
11794,4.1786,0.6417,404,723,0,0,1
11795,4.1274,0.5164,404,723,0,0,1
11796,4.216,0.4868,404,723,0,0,1
11797,4.1561,0.4643,403,723,0,0,1
11798,4.2158,0.6803,403,723,0,0,1
11799,4.0721,0.4269,402,723,0,0,1
11800,4.1305,0.4669,400,723,0,0,1
11801,4.6113,0.4247,400,723,0,0,1
11802,3.7602,0.4539,399,723,0,0,1
11803,4.1464,0.4614,398,723,0,0,1
11804,4.2052,0.7722,398,723,0,0,1
11805,4.1306,0.446,397,723,0,0,1
11806,4.4487,0.4615,397,723,0,0,1
11807,3.8961,0.4675,397,723,0,0,1
11808,4.1529,0.7589,397,723,0,0,1
11809,4.1544,0.4618,396,723,0,0,1
11810,4.1641,0.5067,396,723,0,0,1
11811,4.2188,0.8754,396,723,0,0,1
11812,4.1763,0.7297,395,723,0,0,1
11813,4.2135,0.5212,393,723,0,0,1
11814,4.1314,0.5228,390,723,0,0,1
11815,4.3922,0.5071,389,723,0,0,1
11816,3.8852,0.7085,388,723,0,0,1
11817,4.1686,0.6692,387,723,0,0,1
11818,4.2103,0.5402,387,723,0,0,1
11819,4.142,0.5571,386,723,0,0,1
11820,4.2699,0.606,386,723,0,0,1
11821,4.0555,0.4831,385,723,0,0,1
11822,4.2659,0.7395,384,723,0,0,1
11823,4.1198,0.4634,384,723,0,0,1
11824,4.1333,0.4665,384,723,0,0,1
11825,4.1591,0.475,384,723,0,0,1
11826,4.1385,0.4364,376,723,0,0,1
11827,4.1698,0.4433,375,723,0,0,1
11828,4.1426,0.5665,374,723,0,0,1
11829,4.2248,0.4055,374,723,0,0,1
11830,4.168,0.665,373,723,0,0,1
11831,4.1536,0.449,422,723,0,0,1
11832,4.1919,0.5298,421,723,0,0,1
11833,4.1267,0.4855,421,723,0,0,1
11834,4.1929,0.4912,418,723,0,0,1
11835,4.1698,0.6373,418,723,0,0,1
11836,4.1238,0.4898,418,723,0,0,1
11837,4.4353,0.434,418,723,0,0,1
11838,3.9397,0.6722,418,723,0,0,1
11839,4.14,0.4599,415,723,0,0,1
11840,4.1621,0.622,415,723,0,0,1
11841,4.1851,0.5777,415,723,0,0,1
11842,4.353,0.4436,415,723,0,0,1
11843,4.0019,0.4805,415,723,0,0,1
11844,4.2102,0.4966,413,723,0,0,1
11845,4.1321,0.4914,412,723,0,0,1
11846,4.4191,0.7644,410,723,0,0,1
11847,3.8538,0.4168,410,723,0,0,1
11848,4.2051,0.4433,410,723,0,0,1
11849,4.2023,0.4558,410,723,0,0,1
11850,4.1036,0.4565,410,723,0,0,1
11851,4.2466,0.6635,410,723,0,0,1
11852,4.0662,0.4788,410,723,0,0,1
11853,4.2074,0.4932,410,723,0,0,1
11854,4.2111,0.5455,409,723,0,0,1
11855,4.1077,0.4528,408,723,0,0,1
11856,4.23,0.563,408,723,0,0,1
11857,4.1715,0.5347,407,723,0,0,1
11858,4.1098,0.4483,407,723,0,0,1
11859,4.2198,0.4777,407,723,0,0,1
11860,4.1362,0.4318,407,723,0,0,1
11861,4.4056,0.4563,407,723,0,0,1
11862,3.8869,0.4456,407,723,0,0,1
11863,4.2254,0.6185,406,723,0,0,1
11864,4.1185,0.431,406,723,0,0,1
11865,4.1836,0.4274,405,723,0,0,1
11866,4.3967,0.4639,405,723,0,0,1
11867,3.9457,0.446,404,723,0,0,1
11868,4.1837,0.417,403,723,0,0,1
11869,4.4143,0.5758,402,723,0,0,1
11870,3.885,0.4403,401,723,0,0,1
11871,4.2417,0.4932,401,723,0,0,1
11872,4.0967,0.4393,401,723,0,0,1
11873,4.2305,0.4616,400,723,0,0,1
11874,4.1536,0.7731,400,723,0,0,1
11875,4.1251,0.4668,399,723,0,0,1
11876,4.1063,0.4703,398,723,0,0,1
11877,4.238,0.4679,397,723,0,0,1
11878,4.2004,0.6467,397,723,0,0,1
11879,4.1166,0.5133,395,723,0,0,1
11880,4.2731,0.6949,395,723,0,0,1
11881,4.0465,0.6009,394,723,0,0,1
11882,4.1729,0.5424,393,723,0,0,1
11883,4.2192,0.5278,393,723,0,0,1
11884,4.1889,0.7776,392,723,0,0,1
11885,4.4198,0.4969,392,723,0,0,1
11886,3.9125,0.5643,392,723,0,0,1
11887,4.134,0.5981,391,723,0,0,1
11888,4.1441,0.5864,388,723,0,0,1
11889,4.1768,0.5124,388,723,0,0,1
11890,4.1207,0.5302,388,723,0,0,1
11891,4.2092,0.5645,387,723,0,0,1
11892,4.2232,0.7396,387,723,0,0,1
11893,4.1689,0.6767,380,723,0,0,1
11894,4.1699,0.7595,380,723,0,0,1
11895,4.056,0.5052,380,723,0,0,1
11896,4.1846,0.5138,379,723,0,0,1
11897,4.2337,0.7727,379,723,0,0,1
11898,4.205,0.5105,428,723,0,0,1
11899,4.1785,0.7245,428,723,0,0,1
11900,4.0987,0.5109,428,723,0,0,1
11901,4.1286,0.4544,428,723,0,0,1
11902,4.1514,0.6039,428,723,0,0,1
11903,4.177,0.4242,427,723,0,0,1
11904,4.2139,0.5664,426,723,0,0,1
11905,4.215,0.6885,425,723,0,0,1
11906,4.086,0.5007,425,723,0,0,1
11907,4.2629,0.5721,423,723,0,0,1
11908,4.0723,0.4916,423,723,0,0,1
11909,4.3507,0.4658,421,723,0,0,1
11910,4.0567,0.4845,421,723,0,0,1
11911,4.1125,0.4473,419,723,0,0,1
11912,4.2772,0.4289,419,723,0,0,1
11913,4.1004,0.6769,419,723,0,0,1
11914,4.0675,0.5251,418,723,0,0,1
11915,4.1966,0.4583,418,723,0,0,1
11916,4.1574,0.6411,418,723,0,0,1
11917,4.2116,0.4936,418,723,0,0,1
11918,4.1319,0.7191,418,723,0,0,1
11919,4.21,0.5092,417,723,0,0,1
11920,4.1486,0.4494,416,723,0,0,1
11921,4.1665,0.5047,415,723,0,0,1
11922,4.188,0.5319,413,723,0,0,1
11923,4.1832,0.4503,413,723,0,0,1
11924,4.1465,0.5427,412,723,0,0,1
11925,4.192,0.4913,412,723,0,0,1
11926,4.0965,0.6025,412,723,0,0,1
11927,4.2065,0.4253,412,723,0,0,1
11928,4.4948,0.663,412,723,0,0,1
11929,3.8292,0.5197,409,723,0,0,1
11930,4.262,0.7037,409,723,0,0,1
11931,4.2498,0.7133,409,723,0,0,1
11932,3.9462,0.4324,408,723,0,0,1
11933,4.1658,0.4249,407,723,0,0,1
11934,4.1897,0.6563,406,723,0,0,1
11935,4.1692,0.6425,404,723,0,0,1
11936,4.1625,0.6665,403,723,0,0,1
11937,4.2147,0.7801,401,723,0,0,1
11938,4.1661,0.5258,401,723,0,0,1
11939,4.1489,0.5176,400,723,0,0,1
11940,4.2045,0.5544,399,723,0,0,1
11941,4.0716,0.4843,397,723,0,0,1
11942,4.1793,0.4443,397,723,0,0,1
11943,4.2301,0.6657,396,723,0,0,1
11944,4.1222,0.6783,396,723,0,0,1
11945,4.2325,0.4938,395,723,0,0,1
11946,4.1094,0.4328,394,723,0,0,1
11947,4.1401,0.4365,393,723,0,0,1
11948,4.191,0.5403,392,723,0,0,1
11949,4.2834,0.6207,390,723,0,0,1
11950,4.1243,0.6657,390,723,0,0,1
11951,4.1378,0.4445,390,723,0,0,1
11952,4.138,0.4861,390,723,0,0,1
11953,4.1559,0.4265,390,723,0,0,1
11954,4.2339,0.6375,388,723,0,0,1
11955,4.1288,0.6202,388,723,0,0,1
11956,4.1334,0.4363,388,723,0,0,1
11957,4.2419,0.4495,385,723,0,0,1
11958,4.0959,0.4536,384,723,0,0,1
11959,4.1556,0.4351,384,723,0,0,1
11960,4.204,0.7618,377,723,0,0,1
11961,4.189,0.6117,377,723,0,0,1
11962,4.1086,0.4381,377,723,0,0,1
11963,4.1841,0.5189,376,723,0,0,1
11964,4.1792,0.4378,375,723,0,0,1
11965,4.191,0.5549,425,723,0,0,1
11966,4.1599,0.6747,424,723,0,0,1
11967,4.1871,0.4569,422,723,0,0,1
11968,4.11,0.4712,421,723,0,0,1
11969,4.3135,0.7269,420,723,0,0,1
11970,4.0277,0.4307,420,723,0,0,1
11971,4.2215,0.5034,419,723,0,0,1
11972,4.068,0.4631,418,723,0,0,1
11973,4.1997,0.5042,417,723,0,0,1
11974,4.141,0.7104,416,723,0,0,1
11975,4.2358,0.5033,415,723,0,0,1
11976,4.1698,0.6011,415,723,0,0,1
11977,4.09,0.5605,413,723,0,0,1
11978,4.1922,0.4427,413,723,0,0,1
11979,4.1676,0.5367,413,723,0,0,1
11980,4.1723,0.4398,412,723,0,0,1
11981,4.2264,0.4329,412,723,0,0,1
11982,4.1314,0.4463,412,723,0,0,1
11983,4.1516,0.4387,412,723,0,0,1
11984,4.1618,0.5759,411,723,0,0,1
11985,4.1681,0.5566,411,723,0,0,1
11986,4.1939,0.8011,410,723,0,0,1
11987,4.1344,0.4421,410,723,0,0,1
11988,4.2935,0.7591,410,723,0,0,1
11989,4.0109,0.531,410,723,0,0,1
11990,4.2032,0.5281,410,723,0,0,1
11991,4.2119,0.4883,409,723,0,0,1
11992,4.092,0.4676,409,723,0,0,1
11993,4.5492,0.6957,408,723,0,0,1
11994,3.8178,0.4888,408,723,0,0,1
11995,4.2081,0.8575,408,723,0,0,1
11996,4.1418,0.4801,407,723,0,0,1
11997,4.1499,0.4268,406,723,0,0,1
11998,4.1502,0.416,405,723,0,0,1
11999,4.1796,0.4444,404,723,0,0,1
12000,4.2835,0.6868,403,723,0,0,1
12001,4.079,0.4876,402,723,0,0,1
12002,4.1717,0.7036,401,723,0,0,1
12003,4.1649,1.0077,401,723,0,0,1
12004,4.1446,0.8333,401,723,0,0,1
12005,4.1313,0.5116,400,723,0,0,1
12006,4.2178,0.4845,399,723,0,0,1
12007,4.1833,0.5964,399,723,0,0,1
12008,4.1768,0.5376,399,723,0,0,1
12009,4.1352,0.4474,398,723,0,0,1
12010,4.1391,0.4631,397,723,0,0,1
12011,4.1817,0.5043,396,723,0,0,1
12012,4.231,0.6459,395,723,0,0,1
12013,4.072,0.6661,392,723,0,0,1
12014,4.2254,0.6504,392,723,0,0,1
12015,4.1508,0.4743,389,723,0,0,1
12016,4.1201,0.4418,388,723,0,0,1
12017,4.2491,0.5449,388,723,0,0,1
12018,4.1841,0.4199,388,723,0,0,1
12019,4.1256,0.4817,388,723,0,0,1
12020,4.1349,0.422,388,723,0,0,1
12021,4.2165,0.6414,388,723,0,0,1
12022,4.1064,0.4161,386,723,0,0,1
12023,4.1824,0.4417,386,723,0,0,1
12024,4.1808,0.4288,386,723,0,0,1
12025,4.2609,0.6826,385,723,0,0,1
12026,4.0511,0.412,384,723,0,0,1
12027,4.2045,0.4518,376,723,0,0,1
12028,4.1572,0.4097,375,723,0,0,1
12029,4.4329,0.6815,374,723,0,0,1
12030,3.8631,0.4254,374,723,0,0,1
12031,4.2321,0.4176,374,723,0,0,1
12032,4.1395,0.4749,374,723,0,0,1
12033,4.1652,0.4667,424,723,0,0,1
12034,4.0944,0.4488,423,723,0,0,1
12035,4.2307,0.5114,423,723,0,0,1
12036,4.2185,0.7027,422,723,0,0,1
12037,4.1714,0.6951,421,723,0,0,1
12038,4.1782,0.8296,420,723,0,0,1
12039,4.1643,0.5175,420,723,0,0,1
12040,4.0661,0.4469,420,723,0,0,1
12041,4.1977,0.4863,420,723,0,0,1
12042,4.2026,0.5079,420,723,0,0,1
12043,4.1891,0.6886,418,723,0,0,1
12044,4.226,0.6878,418,723,0,0,1
12045,4.1141,0.5014,417,723,0,0,1
12046,4.0992,0.4719,417,723,0,0,1
12047,4.1436,0.4819,417,723,0,0,1
12048,4.1508,0.5028,417,723,0,0,1
12049,4.1667,0.6635,417,723,0,0,1
12050,4.2027,0.4574,416,723,0,0,1
12051,4.2418,0.4743,415,723,0,0,1
12052,4.2841,0.46,414,723,0,0,1
12053,8.4943,0.4723,413,723,0,0,1
12054,3.8147,0.6583,413,723,0,0,1
12055,4.235,0.6743,412,723,0,0,1
12056,4.3974,0.6687,411,723,0,0,1
12057,3.8163,0.4202,411,723,0,0,1
12058,4.2021,0.4181,410,723,0,0,1
12059,4.2257,0.5555,409,723,0,0,1
12060,4.0769,0.6238,409,723,0,0,1
12061,4.2069,0.7186,408,723,0,0,1
12062,4.2829,0.6641,408,723,0,0,1
12063,4.0553,0.5428,408,723,0,0,1
12064,4.2184,0.513,408,723,0,0,1
12065,4.0927,0.4434,408,723,0,0,1
12066,4.244,0.6164,405,723,0,0,1
12067,4.06,0.6247,404,723,0,0,1
12068,4.3888,0.6627,403,723,0,0,1
12069,4.0375,0.6619,403,723,0,0,1
12070,4.1365,0.4611,403,723,0,0,1
12071,4.1653,0.435,402,723,0,0,1
12072,4.1923,0.4652,401,723,0,0,1
12073,4.1316,0.4161,400,723,0,0,1
12074,4.1653,0.778,399,723,0,0,1
12075,4.1864,0.4208,398,723,0,0,1
12076,4.1691,0.4174,395,723,0,0,1
12077,4.1621,0.4279,394,723,0,0,1
12078,4.1466,0.5676,393,723,0,0,1
12079,4.2447,0.4237,392,723,0,0,1
12080,4.1761,0.7128,392,723,0,0,1
12081,4.1271,0.4143,392,723,0,0,1
12082,4.1479,0.5028,391,723,0,0,1
12083,4.2124,0.4803,391,723,0,0,1
12084,4.1653,0.4632,391,723,0,0,1
12085,4.3819,0.6812,390,723,0,0,1
12086,4.0842,0.6444,390,723,0,0,1
12087,3.9804,0.4407,388,723,0,0,1
12088,4.1529,0.4766,387,723,0,0,1
12089,4.1654,0.6687,386,723,0,0,1
12090,4.2162,0.463,385,723,0,0,1
12091,4.4303,0.4374,383,723,0,0,1
12092,3.8756,0.4309,382,723,0,0,1
12093,4.1969,0.4155,374,723,0,0,1
12094,4.1413,0.4079,372,723,0,0,1
12095,4.2081,0.4622,371,723,0,0,1
12096,4.1777,0.4841,371,723,0,0,1
12097,4.0703,0.5398,370,723,0,0,1
12098,4.2114,0.5387,370,723,0,0,1
12099,4.1631,0.4631,418,723,0,0,1
12100,4.2475,0.4245,418,723,0,0,1
12101,4.0814,0.4485,418,723,0,0,1
12102,4.201,0.4711,418,723,0,0,1
12103,4.1462,0.4805,418,723,0,0,1
12104,4.1557,0.9263,418,723,0,0,1
12105,4.1185,0.5064,416,723,0,0,1
12106,4.201,0.4887,415,723,0,0,1
12107,4.1912,0.5608,415,723,0,0,1
12108,4.1556,0.586,415,723,0,0,1
12109,4.1449,0.6021,415,723,0,0,1
12110,4.2337,0.4888,415,723,0,0,1
12111,4.0962,0.4414,413,723,0,0,1
12112,4.2405,0.7856,413,723,0,0,1
12113,4.1542,0.4478,413,723,0,0,1
12114,4.2032,0.5099,413,723,0,0,1
12115,4.1607,0.5304,412,723,0,0,1
12116,4.099,0.4208,412,723,0,0,1
12117,4.22,0.5133,411,723,0,0,1
12118,4.1404,0.4679,410,723,0,0,1
12119,4.1757,0.4711,410,723,0,0,1
12120,4.1124,0.5172,409,723,0,0,1
12121,4.175,0.4861,408,723,0,0,1
12122,4.2073,0.5358,408,723,0,0,1
12123,4.1496,0.6503,407,723,0,0,1
12124,4.095,0.4923,407,723,0,0,1
12125,4.2994,0.6601,407,723,0,0,1
12126,4.1315,0.5446,407,723,0,0,1
12127,4.1731,0.4979,407,723,0,0,1
12128,4.1521,0.57,407,723,0,0,1
12129,4.4001,0.6362,407,723,0,0,1
12130,3.9467,0.6102,407,723,0,0,1
12131,4.3446,0.7441,407,723,0,0,1
12132,3.8946,0.4399,407,723,0,0,1
12133,4.2183,0.5884,406,723,0,0,1
12134,4.154,0.4171,406,723,0,0,1
12135,4.2047,0.5461,405,723,0,0,1
12136,4.164,0.4169,405,723,0,0,1
12137,4.1699,0.5286,404,723,0,0,1
12138,4.1942,0.4762,403,723,0,0,1
12139,4.1552,0.4775,401,723,0,0,1
12140,4.105,0.404,400,723,0,0,1
12141,4.1505,0.4421,399,723,0,0,1
12142,4.2236,0.4749,398,723,0,0,1
12143,4.2808,0.6926,396,723,0,0,1
12144,4.058,0.6748,395,723,0,0,1
12145,4.1656,0.7827,394,723,0,0,1
12146,4.4983,0.4738,393,723,0,0,1
12147,3.841,0.4839,393,723,0,0,1
12148,5.0573,0.5826,393,723,0,0,1
12149,3.2765,0.6531,391,723,0,0,1
12150,4.3166,0.6522,391,723,0,0,1
12151,4.0592,0.519,390,723,0,0,1
12152,4.1111,0.4474,389,723,0,0,1
12153,5.2158,0.4471,389,723,0,0,1
12154,3.2122,0.4894,389,723,0,0,1
12155,4.1172,0.6991,388,723,0,0,1
12156,4.284,0.8168,387,723,0,0,1
12157,4.0085,0.4491,386,723,0,0,1
12158,4.2013,0.6903,386,723,0,0,1
12159,4.1457,0.4564,386,723,0,0,1
12160,4.1353,0.5556,377,723,0,0,1
12161,4.1981,0.452,376,723,0,0,1
12162,4.2425,0.6641,376,723,0,0,1
12163,4.0627,0.4639,374,723,0,0,1
12164,4.1513,0.408,374,723,0,0,1
12165,4.1532,0.4227,373,723,0,0,1
12166,4.1981,0.4506,423,723,0,0,1
12167,4.1442,0.5517,423,723,0,0,1
12168,4.1726,0.4761,423,723,0,0,1
12169,4.1927,0.4766,422,723,0,0,1
12170,4.2194,0.5548,422,723,0,0,1
12171,4.133,0.5523,419,723,0,0,1
12172,4.6969,0.5108,419,723,0,0,1
12173,3.6337,0.4726,418,723,0,0,1
12174,4.2011,0.6191,418,723,0,0,1
12175,4.1284,0.449,418,723,0,0,1
12176,4.1296,0.4425,417,723,0,0,1
12177,4.1326,0.4458,416,723,0,0,1
12178,4.2214,0.4547,416,723,0,0,1
12179,4.1766,0.7054,416,723,0,0,1
12180,4.0667,0.4345,415,723,0,0,1
12181,4.3029,0.4168,415,723,0,0,1
12182,4.1676,0.48,414,723,0,0,1
12183,4.127,0.4463,414,723,0,0,1
12184,4.1471,0.6172,413,723,0,0,1
12185,4.1563,0.4471,412,723,0,0,1
12186,4.2955,0.4927,412,723,0,0,1
12187,4.0398,0.6933,412,723,0,0,1
12188,4.2559,0.5799,412,723,0,0,1
12189,4.0749,0.6421,411,723,0,0,1
12190,4.1851,0.4694,410,723,0,0,1
12191,4.2472,0.6173,408,723,0,0,1
12192,4.1194,0.4514,407,723,0,0,1
12193,4.1996,0.4425,407,723,0,0,1
12194,4.1977,0.6705,407,723,0,0,1
12195,4.08,0.4323,407,723,0,0,1
12196,4.1235,0.4212,407,723,0,0,1
12197,4.1736,0.4521,407,723,0,0,1
12198,4.2376,0.4454,407,723,0,0,1
12199,4.2003,0.6732,405,723,0,0,1
12200,4.1466,0.6429,405,723,0,0,1
12201,4.0992,0.4374,405,723,0,0,1
12202,4.2127,0.4475,405,723,0,0,1
12203,4.2429,0.633,405,723,0,0,1
12204,4.0798,0.4459,405,723,0,0,1
12205,4.1394,0.7165,403,723,0,0,1
12206,4.2093,0.6534,403,723,0,0,1
12207,4.1253,0.4499,401,723,0,0,1
12208,4.2936,0.7176,401,723,0,0,1
12209,4.0981,0.688,400,723,0,0,1
12210,4.1837,0.705,400,723,0,0,1
12211,4.1658,0.689,400,723,0,0,1
12212,4.109,0.8222,399,723,0,0,1
12213,4.2236,0.7847,398,723,0,0,1
12214,4.1512,0.5251,397,723,0,0,1
12215,4.1405,0.5426,396,723,0,0,1
12216,4.1355,0.4525,396,723,0,0,1
12217,4.1764,0.441,396,723,0,0,1
12218,4.2219,0.6603,395,723,0,0,1
12219,4.127,0.465,393,723,0,0,1
12220,4.1336,0.4352,392,723,0,0,1
12221,4.1999,0.4461,392,723,0,0,1
12222,4.2304,0.4738,392,723,0,0,1
12223,4.2356,0.6177,392,723,0,0,1
12224,4.0513,0.6138,391,723,0,0,1
12225,4.0758,0.4377,390,723,0,0,1
12226,4.238,0.4264,390,723,0,0,1
12227,4.1856,0.4277,381,723,0,0,1
12228,4.2011,0.4705,381,723,0,0,1
12229,4.1523,0.6416,380,723,0,0,1
12230,4.1452,0.5134,380,723,0,0,1
12231,4.1455,0.4334,380,723,0,0,1
12232,4.2246,0.5111,380,723,0,0,1
12233,4.1189,0.4676,430,723,0,0,1
12234,4.2189,0.4971,426,723,0,0,1
12235,4.1488,0.5006,425,723,0,0,1
12236,4.129,0.4836,425,723,0,0,1
12237,4.162,0.6239,425,723,0,0,1
12238,4.1792,0.4434,423,723,0,0,1
12239,4.3519,0.4163,422,723,0,0,1
12240,4.0312,0.5428,421,723,0,0,1
12241,4.0993,0.4936,419,723,0,0,1
12242,4.1529,0.6537,418,723,0,0,1
12243,4.1513,0.5306,417,723,0,0,1
12244,4.1686,0.4756,416,723,0,0,1
12245,4.203,0.4498,415,723,0,0,1
12246,4.2371,0.5004,414,723,0,0,1
12247,4.1645,0.4905,414,723,0,0,1
12248,4.0887,0.4618,414,723,0,0,1
12249,4.1627,0.4326,414,723,0,0,1
12250,4.166,0.4479,414,723,0,0,1
12251,4.2686,0.4832,413,723,0,0,1
12252,4.1362,0.4853,412,723,0,0,1
12253,4.1125,0.4233,412,723,0,0,1
12254,4.214,0.5125,412,723,0,0,1
12255,4.1209,0.6608,410,723,0,0,1
12256,4.1705,0.6743,409,723,0,0,1
12257,4.1521,0.4848,409,723,0,0,1
12258,4.2009,0.5645,409,723,0,0,1
12259,4.1815,0.5772,409,723,0,0,1
12260,4.1329,0.5097,409,723,0,0,1
12261,4.1282,0.4542,409,723,0,0,1
12262,4.2183,0.4561,408,723,0,0,1
12263,4.2947,0.6579,408,723,0,0,1
12264,4.0456,0.4934,408,723,0,0,1
12265,4.174,0.6609,408,723,0,0,1
12266,4.1497,0.4855,408,723,0,0,1
12267,4.158,0.4497,406,723,0,0,1
12268,4.1834,0.4324,404,723,0,0,1
12269,4.1453,0.4198,404,723,0,0,1
12270,4.1918,0.478,403,723,0,0,1
12271,4.1644,0.4763,402,723,0,0,1
12272,4.1503,0.4297,402,723,0,0,1
12273,4.1352,0.4153,402,723,0,0,1
12274,4.2053,0.4187,401,723,0,0,1
12275,4.2401,0.6541,399,723,0,0,1
12276,4.1138,0.4828,398,723,0,0,1
12277,4.1775,0.7105,398,723,0,0,1
12278,4.2124,0.4732,398,723,0,0,1
12279,4.052,0.4075,397,723,0,0,1
12280,4.2475,0.586,397,723,0,0,1
12281,4.1982,0.4486,396,723,0,0,1
12282,4.1939,0.5511,396,723,0,0,1
12283,4.091,0.4829,392,723,0,0,1
12284,4.1266,0.4404,390,723,0,0,1
12285,4.1336,0.4331,390,723,0,0,1
12286,4.2226,0.4434,389,723,0,0,1
12287,4.1406,0.4431,389,723,0,0,1
12288,4.1646,0.4444,388,723,0,0,1
12289,4.1965,0.673,388,723,0,0,1
12290,4.4257,0.5961,387,723,0,0,1
12291,3.9003,0.46,386,723,0,0,1
12292,4.153,0.4911,386,723,0,0,1
12293,4.1594,0.4474,386,723,0,0,1
12294,4.1931,0.4341,385,723,0,0,1
12295,4.2125,0.4824,377,723,0,0,1
12296,4.4981,0.6565,375,723,0,0,1
12297,3.7522,0.4027,373,723,0,0,1
12298,4.2029,0.4335,373,723,0,0,1
12299,4.134,0.7303,373,723,0,0,1
12300,4.1569,0.4763,423,723,0,0,1
12301,4.2766,0.7068,423,723,0,0,1
12302,4.1675,0.4974,422,723,0,0,1
12303,4.0928,0.4674,421,723,0,0,1
12304,4.1932,0.5217,421,723,0,0,1
12305,4.1565,0.5488,421,723,0,0,1
12306,4.1678,0.7557,421,723,0,0,1
12307,4.2556,0.7894,420,723,0,0,1
12308,4.3448,0.5599,420,723,0,0,1
12309,3.8762,0.4432,420,723,0,0,1
12310,4.154,0.4333,417,723,0,0,1
12311,4.3974,0.5958,417,723,0,0,1
12312,4.0096,0.6436,417,723,0,0,1
12313,4.0769,0.4251,416,723,0,0,1
12314,4.2327,0.4851,415,723,0,0,1
12315,4.1139,0.4447,415,723,0,0,1
12316,4.137,0.4158,414,723,0,0,1
12317,4.202,0.4959,413,723,0,0,1
12318,4.2386,0.7131,413,723,0,0,1
12319,4.0833,0.6898,412,723,0,0,1
12320,4.1996,0.5133,411,723,0,0,1
12321,4.1235,0.4595,410,723,0,0,1
12322,4.2048,0.4529,410,723,0,0,1
12323,4.2234,0.5138,408,723,0,0,1
12324,4.2005,0.4863,407,723,0,0,1
12325,4.1408,0.6849,407,723,0,0,1
12326,4.4572,0.5555,406,723,0,0,1
12327,3.8015,0.4381,404,723,0,0,1
12328,4.2497,0.5367,404,723,0,0,1
12329,4.07,0.4532,403,723,0,0,1
12330,4.2258,0.4426,403,723,0,0,1
12331,4.1297,0.7035,403,723,0,0,1
12332,4.1782,0.4278,403,723,0,0,1
12333,4.2161,0.7908,403,723,0,0,1
12334,4.1039,0.4143,402,723,0,0,1
12335,4.1577,0.4447,400,723,0,0,1
12336,4.2318,0.7094,399,723,0,0,1
12337,4.2956,0.4427,399,723,0,0,1
12338,4.3185,0.685,399,723,0,0,1
12339,3.8513,0.6773,398,723,0,0,1
12340,4.1266,0.4379,397,723,0,0,1
12341,4.2549,0.6579,396,723,0,0,1
12342,4.4431,0.6471,396,723,0,0,1
12343,3.8346,0.7648,394,723,0,0,1
12344,4.1751,0.4742,393,723,0,0,1
12345,4.1603,0.7826,392,723,0,0,1
12346,4.1808,0.4847,392,723,0,0,1
12347,4.6046,0.7626,391,723,0,0,1
12348,3.6687,0.641,388,723,0,0,1
12349,4.1966,0.7362,388,723,0,0,1
12350,4.3842,0.665,388,723,0,0,1
12351,3.9675,0.5069,388,723,0,0,1
12352,4.3163,0.7229,386,723,0,0,1
12353,4.0381,0.5199,386,723,0,0,1
12354,4.5308,0.5316,386,723,0,0,1
12355,3.7888,0.4765,386,723,0,0,1
12356,4.1321,0.4747,385,723,0,0,1
12357,4.2946,0.4792,384,723,0,0,1
12358,4.0754,0.4779,383,723,0,0,1
12359,4.5643,0.7432,381,723,0,0,1
12360,3.7658,0.481,380,723,0,0,1
12361,4.2073,0.7457,380,723,0,0,1
12362,4.3249,0.4507,372,723,0,0,1
12363,3.9329,0.4396,371,723,0,0,1
12364,4.157,0.4292,371,723,0,0,1
12365,4.1639,0.4283,370,723,0,0,1
12366,4.5487,0.6448,369,723,0,0,1
12367,4.1174,0.3968,369,723,0,0,1
12368,3.843,0.5805,419,723,0,0,1
12369,4.1303,0.7328,417,723,0,0,1
12370,4.239,0.4864,417,723,0,0,1
12371,4.2207,0.7215,416,723,0,0,1
12372,4.1491,0.7022,416,723,0,0,1
12373,4.1694,0.6267,415,723,0,0,1
12374,4.3256,0.7302,415,723,0,0,1
12375,3.9621,0.4748,415,723,0,0,1
12376,5.0298,0.4752,413,723,0,0,1
12377,3.288,0.4389,412,723,0,0,1
12378,4.4347,0.581,412,723,0,0,1
12379,4.168,0.6009,412,723,0,0,1
12380,3.8783,0.5092,412,723,0,0,1
12381,4.2082,0.6279,412,723,0,0,1
12382,4.1281,0.4477,412,723,0,0,1
12383,4.2578,0.6361,412,723,0,0,1
12384,4.1888,0.6534,411,723,0,0,1
12385,4.0929,0.4235,411,723,0,0,1
12386,4.2243,0.5211,410,723,0,0,1
12387,4.1357,0.4686,407,723,0,0,1
12388,4.1414,0.4733,405,723,0,0,1
12389,4.2093,0.5113,404,723,0,0,1
12390,4.1057,0.7638,403,723,0,0,1
12391,4.2259,0.6918,403,723,0,0,1
12392,4.193,0.5329,402,723,0,0,1
12393,4.0489,0.6167,402,723,0,0,1
12394,4.2092,0.5134,401,723,0,0,1
12395,4.3457,0.668,401,723,0,0,1
12396,4.1088,0.5047,400,723,0,0,1
12397,4.0879,0.6774,400,723,0,0,1
12398,4.2312,0.4712,399,723,0,0,1
12399,4.07,0.4609,398,723,0,0,1
12400,4.2222,0.4489,396,723,0,0,1
12401,4.1815,0.4377,396,723,0,0,1
12402,4.1653,0.4863,396,723,0,0,1
12403,4.1732,0.5112,395,723,0,0,1
12404,4.4823,0.4304,395,723,0,0,1
12405,3.7419,0.5566,395,723,0,0,1
12406,4.2641,0.504,394,723,0,0,1
12407,4.5119,0.6941,394,723,0,0,1
12408,3.7461,0.4748,393,723,0,0,1
12409,4.2157,0.6441,393,723,0,0,1
12410,4.2226,0.5172,392,723,0,0,1
12411,4.0955,0.439,392,723,0,0,1
12412,4.1358,0.5851,391,723,0,0,1
12413,4.2114,0.4147,389,723,0,0,1
12414,4.2947,0.7355,388,723,0,0,1
12415,4.309,0.7307,387,723,0,0,1
12416,4.2176,0.6759,385,723,0,0,1
12417,3.7914,0.4247,385,723,0,0,1
12418,4.2104,0.4134,384,723,0,0,1
12419,4.2044,0.6499,384,723,0,0,1
12420,4.1944,0.6503,383,723,0,0,1
12421,4.1548,0.6019,382,723,0,0,1
12422,4.3827,0.6333,381,723,0,0,1
12423,3.8748,0.4309,381,723,0,0,1
12424,4.2307,0.4514,381,723,0,0,1
12425,4.1343,0.4165,381,723,0,0,1
12426,4.298,0.681,380,723,0,0,1
12427,4.036,0.4892,380,723,0,0,1
12428,4.2208,0.4944,379,723,0,0,1
12429,4.0556,0.3992,372,723,0,0,1
12430,4.1996,0.3983,372,723,0,0,1
12431,4.1772,0.455,369,723,0,0,1
12432,4.1797,0.6538,367,723,0,0,1
12433,4.1811,0.653,367,723,0,0,1
12434,4.1214,0.4471,367,723,0,0,1
12435,4.19,0.4542,416,723,0,0,1
12436,4.1359,0.4391,416,723,0,0,1
12437,4.1456,0.4528,415,723,0,0,1
12438,4.2349,0.6602,413,723,0,0,1
12439,4.2839,0.6877,413,723,0,0,1
12440,4.2459,0.5797,413,723,0,0,1
12441,3.8913,0.5918,411,723,0,0,1
12442,4.2326,0.5334,411,723,0,0,1
12443,4.2032,0.6527,409,723,0,0,1
12444,4.1384,0.6476,409,723,0,0,1
12445,4.2385,1.1095,409,723,0,0,1
12446,4.1282,1.1412,408,723,0,0,1
12447,4.1156,0.4868,407,723,0,0,1
12448,4.1522,0.4388,407,723,0,0,1
12449,4.1424,0.6133,407,723,0,0,1
12450,4.2542,0.6246,405,723,0,0,1
12451,4.1809,0.4238,403,723,0,0,1
12452,4.096,0.759,403,723,0,0,1
12453,4.1419,0.6509,403,723,0,0,1
12454,4.1722,0.4413,403,723,0,0,1
12455,4.2376,0.5195,403,723,0,0,1
12456,4.1609,0.6415,402,723,0,0,1
12457,4.3153,0.8338,402,723,0,0,1
12458,4.1379,0.6776,401,723,0,0,1
12459,4.0202,0.5446,401,723,0,0,1
12460,4.1371,0.4492,401,723,0,0,1
12461,4.2054,0.443,401,723,0,0,1
12462,4.22,0.4595,401,723,0,0,1
12463,4.1483,0.6029,399,723,0,0,1
12464,4.2101,0.7147,396,723,0,0,1
12465,4.0239,0.432,396,723,0,0,1
12466,4.2157,0.4432,395,723,0,0,1
12467,4.2073,0.6303,395,723,0,0,1
12468,4.186,0.4882,395,723,0,0,1
12469,4.0913,0.4341,394,723,0,0,1
12470,4.2621,0.726,394,723,0,0,1
12471,4.0886,0.4163,393,723,0,0,1
12472,4.2171,0.4977,393,723,0,0,1
12473,4.2343,0.5773,393,723,0,0,1
12474,4.0884,0.4538,393,723,0,0,1
12475,4.1471,0.4646,393,723,0,0,1
12476,4.1395,0.6632,392,723,0,0,1
12477,4.1337,0.4266,392,723,0,0,1
12478,4.2063,0.418,389,723,0,0,1
12479,4.1959,0.5053,388,723,0,0,1
12480,4.1185,0.469,386,723,0,0,1
12481,4.2102,0.7028,384,723,0,0,1
12482,4.2439,0.7057,384,723,0,0,1
12483,4.121,0.698,384,723,0,0,1
12484,4.1225,0.4991,383,723,0,0,1
12485,4.1456,0.4029,382,723,0,0,1
12486,4.191,0.4471,381,723,0,0,1
12487,4.1883,0.6116,381,723,0,0,1
12488,4.1406,0.4189,380,723,0,0,1
12489,4.1242,0.687,379,723,0,0,1
12490,4.1806,0.3914,379,723,0,0,1
12491,4.1996,0.4859,379,723,0,0,1
12492,4.5248,0.4051,377,723,0,0,1
12493,3.7822,0.4102,377,723,0,0,1
12494,4.213,0.5906,375,723,0,0,1
12495,4.1114,0.4537,374,723,0,0,1
12496,4.235,0.4696,367,723,0,0,1
12497,4.1626,0.4134,367,723,0,0,1
12498,4.1482,0.5704,367,723,0,0,1
12499,4.1274,0.4119,367,723,0,0,1
12500,4.1564,0.4061,366,723,0,0,1
12501,4.1596,0.6363,364,723,0,0,1
12502,4.1765,0.466,413,723,0,0,1
12503,4.208,0.4362,413,723,0,0,1
12504,4.2144,0.4856,412,723,0,0,1
12505,4.0912,0.4327,412,723,0,0,1
12506,4.217,0.5171,411,723,0,0,1
12507,4.1305,0.4371,411,723,0,0,1
12508,4.1681,0.4376,410,723,0,0,1
12509,4.1579,0.4797,410,723,0,0,1
12510,4.1521,0.4759,410,723,0,0,1
12511,4.2248,0.5212,409,723,0,0,1
12512,4.1315,0.5394,408,723,0,0,1
12513,4.1461,0.7491,407,723,0,0,1
12514,4.1869,0.4624,407,723,0,0,1
12515,4.2182,0.8522,407,723,0,0,1
12516,4.0985,0.6546,406,723,0,0,1
12517,4.171,0.4363,406,723,0,0,1
12518,4.2703,0.5067,405,723,0,0,1
12519,4.0723,0.5423,404,723,0,0,1
12520,4.1991,0.4403,404,723,0,0,1
12521,4.2153,0.4346,402,723,0,0,1
12522,4.43,0.6067,400,723,0,0,1
12523,3.8508,0.4677,399,723,0,0,1
12524,4.1955,0.542,398,723,0,0,1
12525,4.1025,0.5402,397,723,0,0,1
12526,4.146,0.4082,397,723,0,0,1
12527,4.2805,0.6947,396,723,0,0,1
12528,4.1541,0.5285,396,723,0,0,1
12529,4.0672,0.4365,395,723,0,0,1
12530,4.4639,0.4609,394,723,0,0,1
12531,3.9351,0.4355,394,723,0,0,1
12532,4.3305,0.6517,394,723,0,0,1
12533,4.1539,0.5509,393,723,0,0,1
12534,4.0848,0.4737,393,723,0,0,1
12535,4.0773,0.469,393,723,0,0,1
12536,4.244,0.5172,393,723,0,0,1
12537,4.103,0.5651,393,723,0,0,1
12538,4.1374,0.4844,393,723,0,0,1
12539,4.2008,0.6603,392,723,0,0,1
12540,4.1899,0.7533,392,723,0,0,1
12541,4.1676,0.7957,392,723,0,0,1
12542,4.1487,0.5058,392,723,0,0,1
12543,4.1076,0.4516,390,723,0,0,1
12544,4.2519,0.667,390,723,0,0,1
12545,4.0804,0.5021,389,723,0,0,1
12546,4.298,0.6673,388,723,0,0,1
12547,4.1053,0.7002,388,723,0,0,1
12548,4.2614,0.6447,388,723,0,0,1
12549,3.9785,0.4983,386,723,0,0,1
12550,4.2505,0.6112,385,723,0,0,1
12551,4.1351,0.7191,383,723,0,0,1
12552,4.2829,0.728,380,723,0,0,1
12553,4.076,0.5124,379,723,0,0,1
12554,4.2071,0.5385,379,723,0,0,1
12555,4.1053,0.47,379,723,0,0,1
12556,4.158,0.4752,378,723,0,0,1
12557,4.1989,0.5096,378,723,0,0,1
12558,4.1768,0.7587,378,723,0,0,1
12559,4.165,0.4784,377,723,0,0,1
12560,4.1942,0.5088,376,723,0,0,1
12561,4.0889,0.4571,376,723,0,0,1
12562,4.1885,0.4421,376,723,0,0,1
12563,4.3732,0.4349,368,723,0,0,1
12564,4.0339,0.4395,367,723,0,0,1
12565,4.1759,0.699,366,723,0,0,1
12566,4.1205,0.4443,366,723,0,0,1
12567,4.1249,0.4108,364,723,0,0,1
12568,4.2066,0.4862,363,723,0,0,1
12569,4.0977,0.6321,412,723,0,0,1
12570,4.2997,0.6551,411,723,0,0,1
12571,4.1946,0.79,410,723,0,0,1
12572,4.0882,0.487,409,723,0,0,1
12573,4.1731,0.7136,409,723,0,0,1
12574,4.0935,0.4102,409,723,0,0,1
12575,4.1946,0.4582,409,723,0,0,1
12576,4.2132,0.4923,409,723,0,0,1
12577,4.1055,0.4833,408,723,0,0,1
12578,4.1927,0.5292,407,723,0,0,1
12579,4.12,0.4898,407,723,0,0,1
12580,4.1889,0.5501,407,723,0,0,1
12581,4.244,0.6697,407,723,0,0,1
12582,4.1522,0.5435,407,723,0,0,1
12583,4.0857,0.7172,406,723,0,0,1
12584,4.2302,0.7053,406,723,0,0,1
12585,4.1505,0.6199,405,723,0,0,1
12586,4.1536,0.4314,405,723,0,0,1
12587,4.4826,0.6002,405,723,0,0,1
12588,3.9097,0.467,404,723,0,0,1
12589,4.1193,0.6457,403,723,0,0,1
12590,4.2469,0.6788,402,723,0,0,1
12591,4.0511,0.426,401,723,0,0,1
12592,4.2459,0.4783,401,723,0,0,1
12593,4.1008,0.4583,401,723,0,0,1
12594,4.2219,0.5387,401,723,0,0,1
12595,4.1132,0.6589,401,723,0,0,1
12596,4.2263,0.7018,400,723,0,0,1
12597,4.2207,0.6981,400,723,0,0,1
12598,4.0637,0.4386,400,723,0,0,1
12599,4.3335,0.4942,400,723,0,0,1
12600,4.0576,0.5112,398,723,0,0,1
12601,4.0866,0.6865,397,723,0,0,1
12602,4.2079,0.696,397,723,0,0,1
12603,4.2002,0.7163,396,723,0,0,1
12604,4.1055,0.5557,396,723,0,0,1
12605,4.139,0.4483,396,723,0,0,1
12606,4.2169,0.5161,395,723,0,0,1
12607,4.2153,0.6265,394,723,0,0,1
12608,4.1202,0.7564,392,723,0,0,1
12609,4.2549,0.4907,392,723,0,0,1
12610,4.0592,0.4701,391,723,0,0,1
12611,4.4716,0.4883,391,723,0,0,1
12612,3.8512,0.4838,390,723,0,0,1
12613,4.1994,0.7703,389,723,0,0,1
12614,4.3864,0.4869,387,723,0,0,1
12615,3.8948,0.4587,385,723,0,0,1
12616,4.1862,0.4915,384,723,0,0,1
12617,4.194,0.6566,384,723,0,0,1
12618,4.1462,0.4701,383,723,0,0,1
12619,4.1921,0.4769,383,723,0,0,1
12620,4.1472,0.5904,383,723,0,0,1
12621,4.2542,0.7012,381,723,0,0,1
12622,4.0677,0.4444,380,723,0,0,1
12623,4.2047,0.4748,380,723,0,0,1
12624,4.1996,0.6087,378,723,0,0,1
12625,4.1002,0.4549,377,723,0,0,1
12626,4.2279,0.447,375,723,0,0,1
12627,4.1152,0.6795,375,723,0,0,1
12628,4.3227,0.6359,374,723,0,0,1
12629,4.0474,0.4022,374,723,0,0,1
12630,4.1778,0.4415,374,723,0,0,1
12631,4.1821,0.4367,367,723,0,0,1
12632,4.0985,0.4315,367,723,0,0,1
12633,4.1394,0.4007,366,723,0,0,1
12634,4.2127,0.4061,366,723,0,0,1
12635,4.4278,0.5915,365,723,0,0,1
12636,3.9012,0.5186,414,723,0,0,1
12637,4.1492,0.436,414,723,0,0,1
12638,4.2591,0.4867,413,723,0,0,1
12639,4.0909,0.4587,413,723,0,0,1
12640,4.2465,0.6686,413,723,0,0,1
12641,4.1773,0.7409,412,723,0,0,1
12642,4.4261,0.6631,412,723,0,0,1
12643,4.1792,0.4447,412,723,0,0,1
12644,3.8027,0.5425,412,723,0,0,1
12645,4.1277,0.6565,411,723,0,0,1
12646,4.5367,0.5159,410,723,0,0,1
12647,3.9088,0.5562,410,723,0,0,1
12648,4.1522,0.5564,408,723,0,0,1
12649,4.1434,0.6976,408,723,0,0,1
12650,4.0953,0.5413,408,723,0,0,1
12651,4.1662,0.5613,408,723,0,0,1
12652,4.2423,0.6257,408,723,0,0,1
12653,4.2215,0.4573,408,723,0,0,1
12654,4.1819,0.5093,408,723,0,0,1
12655,4.0448,0.4617,407,723,0,0,1
12656,4.3097,0.6155,407,723,0,0,1
12657,3.9717,0.4319,406,723,0,0,1
12658,4.2202,0.4254,405,723,0,0,1
12659,4.5239,0.5894,405,723,0,0,1
12660,3.8113,0.4351,404,723,0,0,1
12661,4.1486,0.4283,403,723,0,0,1
12662,4.2132,0.5631,401,723,0,0,1
12663,4.1504,0.4384,400,723,0,0,1
12664,4.2205,0.429,400,723,0,0,1
12665,4.1654,0.6427,400,723,0,0,1
12666,4.151,0.411,399,723,0,0,1
12667,4.1975,0.4792,399,723,0,0,1
12668,4.1932,0.4812,398,723,0,0,1
12669,4.0418,0.4308,398,723,0,0,1
12670,4.1974,0.4169,397,723,0,0,1
12671,4.2238,0.4352,397,723,0,0,1
12672,4.2483,0.7251,396,723,0,0,1
12673,4.044,0.4381,396,723,0,0,1
12674,4.1333,0.4749,396,723,0,0,1
12675,4.1659,0.4917,396,723,0,0,1
12676,4.1199,0.5113,396,723,0,0,1
12677,4.2412,0.4552,394,723,0,0,1
12678,4.132,0.4506,394,723,0,0,1
12679,4.2098,0.4907,394,723,0,0,1
12680,4.2291,0.662,394,723,0,0,1
12681,4.0738,0.4617,393,723,0,0,1
12682,4.1941,0.4789,392,723,0,0,1
12683,4.2208,0.5556,390,723,0,0,1
12684,4.1627,0.6552,390,723,0,0,1
12685,4.1386,0.4662,390,723,0,0,1
12686,4.1391,0.529,390,723,0,0,1
12687,4.1679,0.4797,390,723,0,0,1
12688,4.1867,0.4808,390,723,0,0,1
12689,4.1873,0.7733,389,723,0,0,1
12690,4.1962,0.7142,389,723,0,0,1
12691,4.1038,0.6575,389,723,0,0,1
12692,4.2143,0.7173,388,723,0,0,1
12693,4.1364,0.7076,386,723,0,0,1
12694,4.1636,0.5043,385,723,0,0,1
12695,4.169,0.5997,384,723,0,0,1
12696,4.1878,0.4775,384,723,0,0,1
12697,4.1692,0.8534,384,723,0,0,1
12698,4.1854,0.5231,377,723,0,0,1
12699,4.1146,0.4878,377,723,0,0,1
12700,4.1102,0.4799,377,723,0,0,1
12701,4.2863,0.7424,377,723,0,0,1
12702,4.2018,0.6933,377,723,0,0,1
12703,4.0698,0.4492,377,723,0,0,1
12704,4.2788,0.535,427,723,0,0,1
12705,3.9845,0.712,426,723,0,0,1
12706,4.235,0.5128,426,723,0,0,1
12707,4.2238,0.8106,426,723,0,0,1
12708,4.1364,0.5559,426,723,0,0,1
12709,4.1601,0.6731,425,723,0,0,1
12710,4.1852,0.4996,424,723,0,0,1
12711,4.1153,0.4602,423,723,0,0,1
12712,4.2144,0.6406,419,723,0,0,1
12713,4.1591,0.5689,419,723,0,0,1
12714,4.182,0.4901,418,723,0,0,1
12715,4.1662,0.7598,417,723,0,0,1
12716,4.1646,0.7474,416,723,0,0,1
12717,4.127,0.7378,416,723,0,0,1
12718,4.1593,0.4965,416,723,0,0,1
12719,4.1634,0.5736,416,723,0,0,1
12720,4.2073,0.4833,415,723,0,0,1
12721,4.1185,0.4364,414,723,0,0,1
12722,4.217,0.6216,414,723,0,0,1
12723,4.1779,0.8636,414,723,0,0,1
12724,4.1511,0.7095,414,723,0,0,1
12725,4.1448,0.664,414,723,0,0,1
12726,4.4563,0.6722,412,723,0,0,1
12727,3.9124,0.481,411,723,0,0,1
12728,4.2165,0.7568,411,723,0,0,1
12729,4.1912,0.9216,411,723,0,0,1
12730,4.0568,0.514,408,723,0,0,1
12731,4.2137,0.5988,407,723,0,0,1
12732,4.1046,0.5041,407,723,0,0,1
12733,4.1593,0.5229,406,723,0,0,1
12734,4.2253,0.7015,405,723,0,0,1
12735,4.1255,0.4524,403,723,0,0,1
12736,4.222,0.5097,403,723,0,0,1
12737,4.077,0.435,403,723,0,0,1
12738,4.2477,0.4962,402,723,0,0,1
12739,4.1369,0.4962,400,723,0,0,1
12740,4.1929,0.7339,400,723,0,0,1
12741,4.2228,0.5944,399,723,0,0,1
12742,4.0367,0.4134,399,723,0,0,1
12743,4.1985,0.714,399,723,0,0,1
12744,4.533,0.443,398,723,0,0,1
12745,3.8261,0.6923,398,723,0,0,1
12746,4.1645,0.5613,398,723,0,0,1
12747,4.1451,0.4364,398,723,0,0,1
12748,4.4148,0.5672,397,723,0,0,1
12749,3.9115,0.484,397,723,0,0,1
12750,4.1877,0.4781,397,723,0,0,1
12751,4.1742,0.467,395,723,0,0,1
12752,4.188,0.7131,395,723,0,0,1
12753,4.1426,0.742,395,723,0,0,1
12754,4.1339,0.4628,393,723,0,0,1
12755,4.1716,0.6337,393,723,0,0,1
12756,4.239,0.5445,393,723,0,0,1
12757,4.0959,0.5996,393,723,0,0,1
12758,4.244,0.5155,393,723,0,0,1
12759,4.087,0.7559,393,723,0,0,1
12760,4.335,0.6296,391,723,0,0,1
12761,4.0977,0.6578,391,723,0,0,1
12762,4.1884,0.6959,391,723,0,0,1
12763,4.1172,0.5842,391,723,0,0,1
12764,4.1104,0.447,389,723,0,0,1
12765,4.1838,0.6333,382,723,0,0,1
12766,4.1194,0.501,381,723,0,0,1
12767,4.2351,0.7638,379,723,0,0,1
12768,4.1503,0.6094,379,723,0,0,1
12769,4.1308,0.521,379,723,0,0,1
12770,4.2131,0.7772,379,723,0,0,1
12771,4.1252,0.476,429,723,0,0,1
12772,4.1943,0.6512,429,723,0,0,1
12773,4.3697,0.5246,429,723,0,0,1
12774,3.9833,0.5533,428,723,0,0,1
12775,4.1893,0.4913,428,723,0,0,1
12776,4.1695,0.4999,427,723,0,0,1
12777,4.072,0.6598,427,723,0,0,1
12778,4.1961,0.4798,427,723,0,0,1
12779,4.3668,0.7636,427,723,0,0,1
12780,4.0496,0.7525,426,723,0,0,1
12781,4.0791,0.455,426,723,0,0,1
12782,4.1739,0.4789,425,723,0,0,1
12783,4.1685,0.4444,425,723,0,0,1
12784,4.218,0.6248,422,723,0,0,1
12785,4.206,0.5232,421,723,0,0,1
12786,4.1049,0.4958,420,723,0,0,1
12787,4.1105,0.6043,420,723,0,0,1
12788,4.2803,0.4768,419,723,0,0,1
12789,4.1462,0.5158,418,723,0,0,1
12790,4.1018,0.4795,416,723,0,0,1
12791,4.2098,0.4982,416,723,0,0,1
12792,4.1372,0.5265,415,723,0,0,1
12793,4.187,0.5304,415,723,0,0,1
12794,4.1771,0.6063,415,723,0,0,1
12795,4.1436,0.5107,415,723,0,0,1
12796,4.3467,0.4604,415,723,0,0,1
12797,3.9606,0.4684,415,723,0,0,1
12798,4.1509,0.4653,414,723,0,0,1
12799,4.2145,0.752,412,723,0,0,1
12800,4.2748,0.5563,412,723,0,0,1
12801,4.0133,0.4262,410,723,0,0,1
12802,4.1653,0.4164,410,723,0,0,1
12803,4.188,0.426,410,723,0,0,1
12804,4.1988,0.7019,410,723,0,0,1
12805,4.1568,0.4378,410,723,0,0,1
12806,4.1757,0.8159,409,723,0,0,1
12807,4.1357,0.4834,409,723,0,0,1
12808,4.2573,0.679,408,723,0,0,1
12809,4.1067,0.7619,407,723,0,0,1
12810,4.1961,0.6945,404,723,0,0,1
12811,4.1513,0.678,404,723,0,0,1
12812,4.1243,0.5553,403,723,0,0,1
12813,4.1395,0.615,400,723,0,0,1
12814,4.1739,0.4377,400,723,0,0,1
12815,4.2101,0.539,399,723,0,0,1
12816,4.1901,0.7035,399,723,0,0,1
12817,4.2215,0.4373,399,723,0,0,1
12818,4.0687,0.6052,398,723,0,0,1
12819,4.1428,0.4547,397,723,0,0,1
12820,4.2281,0.5207,396,723,0,0,1
12821,4.1909,0.6724,396,723,0,0,1
12822,4.1004,0.4868,396,723,0,0,1
12823,4.2581,0.4248,396,723,0,0,1
12824,4.1558,0.7215,395,723,0,0,1
12825,4.0052,0.6119,393,723,0,0,1
12826,4.2368,0.4197,393,723,0,0,1
12827,4.2286,0.4619,393,723,0,0,1
12828,4.1816,0.4301,393,723,0,0,1
12829,4.1335,0.5946,392,723,0,0,1
12830,4.2051,0.4787,390,723,0,0,1
12831,4.1067,0.4249,388,723,0,0,1
12832,4.1835,0.4937,381,723,0,0,1
12833,4.1739,0.424,381,723,0,0,1
12834,4.1711,0.6113,379,723,0,0,1
12835,4.225,0.7657,379,723,0,0,1
12836,4.0802,0.4309,378,723,0,0,1
12837,4.2159,0.5971,378,723,0,0,1
12838,4.1902,0.6328,428,723,0,0,1
12839,4.1631,0.5183,426,723,0,0,1
12840,4.1678,0.4532,424,723,0,0,1
12841,4.086,0.4324,422,723,0,0,1
12842,4.2252,0.7633,422,723,0,0,1
12843,4.1941,0.7183,422,723,0,0,1
12844,4.0765,0.495,421,723,0,0,1
12845,4.206,0.5523,419,723,0,0,1
12846,4.1475,0.5698,419,723,0,0,1
12847,4.213,0.4457,418,723,0,0,1
12848,4.2048,0.6834,416,723,0,0,1
12849,4.0917,0.6976,413,723,0,0,1
12850,4.1541,0.4404,413,723,0,0,1
12851,4.1452,0.4632,413,723,0,0,1
12852,4.211,0.6246,413,723,0,0,1
12853,4.1828,0.7257,413,723,0,0,1
12854,4.5045,0.5842,413,723,0,0,1
12855,3.7983,0.4774,413,723,0,0,1
12856,4.1424,0.4986,411,723,0,0,1
12857,4.1649,0.5333,411,723,0,0,1
12858,4.2394,0.6417,410,723,0,0,1
12859,4.1387,0.4734,410,723,0,0,1
12860,4.1407,0.4702,410,723,0,0,1
12861,4.1501,0.451,408,723,0,0,1
12862,4.187,0.4683,406,723,0,0,1
12863,4.2186,0.4914,406,723,0,0,1
12864,4.0797,0.4368,406,723,0,0,1
12865,4.1878,0.5799,406,723,0,0,1
12866,4.206,0.4257,406,723,0,0,1
12867,4.1214,0.4197,405,723,0,0,1
12868,4.2505,0.489,405,723,0,0,1
12869,4.1573,0.6317,404,723,0,0,1
12870,4.1495,0.4653,404,723,0,0,1
12871,4.1196,0.4545,403,723,0,0,1
12872,4.3622,0.4716,403,723,0,0,1
12873,4.0994,0.7159,403,723,0,0,1
12874,4.0485,0.931,402,723,0,0,1
12875,4.2217,0.7001,402,723,0,0,1
12876,4.0974,0.5042,402,723,0,0,1
12877,4.2171,0.6713,402,723,0,0,1
12878,4.2195,0.6678,400,723,0,0,1
12879,4.0843,0.4418,398,723,0,0,1
12880,4.2265,0.7663,398,723,0,0,1
12881,4.1074,0.4352,397,723,0,0,1
12882,4.2507,0.5316,396,723,0,0,1
12883,4.1819,0.4737,394,723,0,0,1
12884,4.1221,0.4713,391,723,0,0,1
12885,4.0972,0.4364,391,723,0,0,1
12886,4.1518,0.418,391,723,0,0,1
12887,4.2304,0.5013,391,723,0,0,1
12888,4.2585,0.5965,389,723,0,0,1
12889,4.019,0.423,388,723,0,0,1
12890,4.1827,0.4381,388,723,0,0,1
12891,4.2375,0.678,387,723,0,0,1
12892,4.2175,0.7355,386,723,0,0,1
12893,4.0756,0.4112,386,723,0,0,1
12894,4.1208,0.4213,386,723,0,0,1
12895,4.216,0.4684,386,723,0,0,1
12896,4.1364,0.546,385,723,0,0,1
12897,4.1055,0.5657,385,723,0,0,1
12898,4.2551,0.4913,385,723,0,0,1
12899,4.2122,0.4741,378,723,0,0,1
12900,4.1297,0.4763,377,723,0,0,1
12901,4.1617,0.5767,377,723,0,0,1
12902,4.1326,0.4764,377,723,0,0,1
12903,4.1487,0.4051,377,723,0,0,1
12904,4.5347,0.6269,375,723,0,0,1
12905,3.8323,0.4489,423,723,0,0,1
12906,4.2237,0.5058,423,723,0,0,1
12907,4.1362,0.535,423,723,0,0,1
12908,4.4881,0.8007,423,723,0,0,1
12909,3.7778,0.8318,422,723,0,0,1
12910,4.2092,0.5169,421,723,0,0,1
12911,4.2366,0.6991,420,723,0,0,1
12912,4.1257,0.4374,420,723,0,0,1
12913,4.1679,0.4316,420,723,0,0,1
12914,4.175,0.4842,419,723,0,0,1
12915,4.1441,0.5748,419,723,0,0,1
12916,4.1023,0.6121,419,723,0,0,1
12917,4.2195,0.439,418,723,0,0,1
12918,4.3002,0.5464,417,723,0,0,1
12919,3.9919,0.5143,417,723,0,0,1
12920,4.2695,0.5406,417,723,0,0,1
12921,4.0879,0.533,417,723,0,0,1
12922,4.1734,0.5781,416,723,0,0,1
12923,4.2425,0.6769,416,723,0,0,1
12924,4.1488,0.6038,416,723,0,0,1
12925,4.1444,0.6434,415,723,0,0,1
12926,4.2449,0.6074,415,723,0,0,1
12927,4.0401,0.4274,414,723,0,0,1
12928,4.2761,0.4439,413,723,0,0,1
12929,4.0833,0.4522,413,723,0,0,1
12930,4.1884,0.5263,413,723,0,0,1
12931,4.213,0.5107,411,723,0,0,1
12932,4.088,0.4969,411,723,0,0,1
12933,4.1529,0.5073,411,723,0,0,1
12934,4.1805,0.5174,410,723,0,0,1
12935,4.3487,0.4622,410,723,0,0,1
12936,3.9707,0.4882,409,723,0,0,1
12937,4.2389,0.4448,409,723,0,0,1
12938,4.1828,0.5006,408,723,0,0,1
12939,4.0773,0.4328,406,723,0,0,1
12940,4.2476,0.455,405,723,0,0,1
12941,4.1144,0.43,403,723,0,0,1
12942,4.2441,0.6648,403,723,0,0,1
12943,4.1405,0.4243,402,723,0,0,1
12944,4.4683,0.6834,402,723,0,0,1
12945,3.8171,0.4385,402,723,0,0,1
12946,4.2494,0.4385,400,723,0,0,1
12947,4.0853,0.6123,400,723,0,0,1
12948,4.1631,0.4674,399,723,0,0,1
12949,4.1634,0.4755,399,723,0,0,1
12950,4.1638,0.7099,397,723,0,0,1
12951,4.1744,0.4937,396,723,0,0,1
12952,4.1554,0.4953,395,723,0,0,1
12953,4.2098,0.4943,394,723,0,0,1
12954,4.1703,0.708,394,723,0,0,1
12955,4.2771,0.7827,394,723,0,0,1
12956,3.994,0.4913,394,723,0,0,1
12957,4.1227,0.5553,393,723,0,0,1
12958,4.2494,0.4976,390,723,0,0,1
12959,4.6234,0.4452,389,723,0,0,1
12960,3.6925,0.5031,388,723,0,0,1
12961,4.3054,0.7091,387,723,0,0,1
12962,4.0798,0.5008,385,723,0,0,1
12963,4.1381,0.4779,385,723,0,0,1
12964,4.1495,0.4472,384,723,0,0,1
12965,4.1505,0.4437,384,723,0,0,1
12966,4.157,0.6096,384,723,0,0,1
12967,4.3084,0.7167,377,723,0,0,1
12968,4.0942,0.8102,376,723,0,0,1
12969,4.1891,0.7321,376,723,0,0,1
12970,4.1196,0.5073,375,723,0,0,1
12971,4.1136,0.6041,374,723,0,0,1
12972,4.2036,0.4655,424,723,0,0,1
12973,4.2076,0.6281,422,723,0,0,1
12974,4.1073,0.8133,422,723,0,0,1
12975,4.201,0.4618,422,723,0,0,1
12976,4.0927,0.468,422,723,0,0,1
12977,4.2458,0.4317,420,723,0,0,1
12978,4.1377,0.58,419,723,0,0,1
12979,4.1212,0.4467,418,723,0,0,1
12980,4.2105,0.4336,416,723,0,0,1
12981,4.1053,0.6814,416,723,0,0,1
12982,4.3027,0.6831,416,723,0,0,1
12983,4.1083,0.5219,416,723,0,0,1
12984,4.1721,0.4703,416,723,0,0,1
12985,4.1268,0.636,416,723,0,0,1
12986,4.3004,0.6741,416,723,0,0,1
12987,4.0612,0.5061,415,723,0,0,1
12988,4.2314,0.5136,415,723,0,0,1
12989,4.1277,0.5352,414,723,0,0,1
12990,4.1388,0.4663,414,723,0,0,1
12991,4.1115,0.9331,413,723,0,0,1
12992,4.2831,0.7204,412,723,0,0,1
12993,4.2965,0.5728,412,723,0,0,1
12994,3.9972,0.4302,411,723,0,0,1
12995,4.1447,0.4495,410,723,0,0,1
12996,4.1753,0.582,410,723,0,0,1
12997,4.1286,0.6484,410,723,0,0,1
12998,4.2682,0.8014,410,723,0,0,1
12999,4.0947,0.5095,410,723,0,0,1
13000,4.2229,0.5616,410,723,0,0,1
13001,4.1334,0.6268,409,723,0,0,1
13002,4.497,0.7046,408,723,0,0,1
13003,3.8421,0.4763,408,723,0,0,1
13004,4.1793,0.6198,408,723,0,0,1
13005,4.2145,0.7552,406,723,0,0,1
13006,4.1105,0.4373,406,723,0,0,1
13007,4.1546,0.4861,406,723,0,0,1
13008,4.2106,0.5239,406,723,0,0,1
13009,4.105,0.4354,404,723,0,0,1
13010,4.2013,0.6857,403,723,0,0,1
13011,4.16,0.4271,402,723,0,0,1
13012,4.2292,0.6793,402,723,0,0,1
13013,4.1005,0.4132,402,723,0,0,1
13014,4.1751,0.4832,401,723,0,0,1
13015,4.1674,0.4674,400,723,0,0,1
13016,4.2116,0.4407,398,723,0,0,1
13017,4.0722,0.4072,398,723,0,0,1
13018,4.1886,0.4372,396,723,0,0,1
13019,4.1989,0.4686,395,723,0,0,1
13020,4.1222,0.4118,394,723,0,0,1
13021,4.4493,0.4922,394,723,0,0,1
13022,3.9692,0.4365,394,723,0,0,1
13023,4.0908,0.6874,394,723,0,0,1
13024,4.528,0.5836,392,723,0,0,1
13025,3.8173,0.4206,392,723,0,0,1
13026,4.1859,0.5037,392,723,0,0,1
13027,4.1731,0.4534,392,723,0,0,1
13028,4.1563,0.4268,389,723,0,0,1
13029,4.1087,0.5147,389,723,0,0,1
13030,4.21,0.4255,389,723,0,0,1
13031,4.2155,0.498,388,723,0,0,1
13032,4.2712,0.6566,388,723,0,0,1
13033,4.0376,0.5965,387,723,0,0,1
13034,4.157,0.4402,380,723,0,0,1
13035,4.1553,0.5311,378,723,0,0,1
13036,4.152,0.4222,377,723,0,0,1
13037,4.1852,0.4002,376,723,0,0,1
13038,4.2086,0.4849,375,723,0,0,1
13039,4.1714,0.464,375,723,0,0,1
13040,4.1043,0.4433,424,723,0,0,1
13041,4.1544,0.4225,424,723,0,0,1
13042,4.1941,0.4648,423,723,0,0,1
13043,4.3002,0.9741,423,723,0,0,1
13044,4.063,0.5707,423,723,0,0,1
13045,4.2871,0.5632,422,723,0,0,1
13046,4.1098,0.5752,421,723,0,0,1
13047,4.0468,0.4579,419,723,0,0,1
13048,4.2418,0.5982,417,723,0,0,1
13049,4.1168,0.445,417,723,0,0,1
13050,4.3349,0.4527,416,723,0,0,1
13051,4.0726,0.5199,415,723,0,0,1
13052,4.1415,0.5817,415,723,0,0,1
13053,4.0799,0.6927,414,723,0,0,1
13054,4.1758,0.4217,413,723,0,0,1
13055,4.2923,0.469,413,723,0,0,1
13056,4.1033,0.5621,412,723,0,0,1
13057,4.1896,0.7226,412,723,0,0,1
13058,4.6195,0.5401,412,723,0,0,1
13059,3.6653,0.4759,412,723,0,0,1
13060,4.1486,0.4396,412,723,0,0,1
13061,4.1844,0.4379,412,723,0,0,1
13062,4.1406,0.4483,412,723,0,0,1
13063,4.1565,0.6226,411,723,0,0,1
13064,4.3276,0.5966,411,723,0,0,1
13065,4.0202,0.4426,411,723,0,0,1
13066,4.192,0.4359,411,723,0,0,1
13067,4.3458,0.7594,411,723,0,0,1
13068,3.9826,0.434,411,723,0,0,1
13069,4.3344,0.4453,410,723,0,0,1
13070,4.0132,0.7174,410,723,0,0,1
13071,4.1209,0.4856,410,723,0,0,1
13072,4.1593,0.4931,410,723,0,0,1
13073,4.2683,0.6667,410,723,0,0,1
13074,4.1317,0.6845,409,723,0,0,1
13075,4.1348,0.551,409,723,0,0,1
13076,4.1782,0.6186,409,723,0,0,1
13077,4.1883,0.6095,407,723,0,0,1
13078,4.1142,0.4516,406,723,0,0,1
13079,4.3998,0.6223,406,723,0,0,1
13080,4.0286,0.6579,405,723,0,0,1
13081,4.2479,0.7387,405,723,0,0,1
13082,4.0452,0.4927,404,723,0,0,1
13083,4.2013,0.6035,402,723,0,0,1
13084,4.4169,0.4408,401,723,0,0,1
13085,3.8624,0.4163,400,723,0,0,1
13086,4.2838,0.6919,400,723,0,0,1
13087,4.169,0.6826,398,723,0,0,1
13088,4.0383,0.4338,397,723,0,0,1
13089,4.1495,0.4627,397,723,0,0,1
13090,4.1694,0.4296,396,723,0,0,1
13091,4.1881,0.5505,394,723,0,0,1
13092,4.1497,0.4652,393,723,0,0,1
13093,4.3634,0.4924,392,723,0,0,1
13094,4.0328,0.5487,391,723,0,0,1
13095,4.1144,0.4873,391,723,0,0,1
13096,4.142,0.4846,390,723,0,0,1
13097,4.1981,0.502,389,723,0,0,1
13098,4.1939,0.5017,388,723,0,0,1
13099,4.1992,0.9039,388,723,0,0,1
13100,4.1526,0.8663,385,723,0,0,1
13101,4.1074,0.7282,377,723,0,0,1
13102,4.179,0.4779,377,723,0,0,1
13103,4.1749,0.5365,377,723,0,0,1
13104,4.1974,0.5268,377,723,0,0,1
13105,4.1067,0.46,377,723,0,0,1
13106,4.3632,0.7127,376,723,0,0,1
13107,4.0005,0.5254,426,723,0,0,1
13108,4.2209,0.5892,426,723,0,0,1
13109,4.1156,0.5876,424,723,0,0,1
13110,4.175,0.8183,423,723,0,0,1
13111,4.3146,0.451,422,723,0,0,1
13112,4.0293,0.6557,421,723,0,0,1
13113,4.3716,0.6145,421,723,0,0,1
13114,3.9433,0.4386,421,723,0,0,1
13115,4.5793,0.7159,419,723,0,0,1
13116,3.8035,0.4548,419,723,0,0,1
13117,4.2028,0.4559,419,723,0,0,1
13118,4.1453,0.6845,419,723,0,0,1
13119,4.0912,0.4909,419,723,0,0,1
13120,4.2161,0.6053,419,723,0,0,1
13121,4.1226,0.5446,419,723,0,0,1
13122,4.2542,0.5095,419,723,0,0,1
13123,4.1295,0.4654,418,723,0,0,1
13124,4.2018,0.6436,417,723,0,0,1
13125,4.0989,0.5127,417,723,0,0,1
13126,4.168,0.4397,415,723,0,0,1
13127,4.1675,0.4865,413,723,0,0,1
13128,4.2111,0.4814,413,723,0,0,1
13129,4.1321,0.46,412,723,0,0,1
13130,4.1656,0.6429,411,723,0,0,1
13131,4.241,0.7596,411,723,0,0,1
13132,4.051,0.4292,411,723,0,0,1
13133,4.221,0.4971,410,723,0,0,1
13134,4.1584,0.5147,410,723,0,0,1
13135,4.0948,0.5261,408,723,0,0,1
13136,4.2831,0.7948,407,723,0,0,1
13137,4.1721,0.7535,406,723,0,0,1
13138,4.0768,0.4606,404,723,0,0,1
13139,4.1962,0.4992,402,723,0,0,1
13140,4.1822,0.4671,402,723,0,0,1
13141,4.1452,0.4414,402,723,0,0,1
13142,4.2012,0.5813,401,723,0,0,1
13143,4.1488,0.6626,400,723,0,0,1
13144,4.1731,0.4962,400,723,0,0,1
13145,4.1234,0.4973,399,723,0,0,1
13146,4.2026,0.4631,399,723,0,0,1
13147,4.163,0.5032,398,723,0,0,1
13148,4.1939,0.665,397,723,0,0,1
13149,4.0955,0.4135,397,723,0,0,1
13150,4.1676,0.4288,397,723,0,0,1
13151,4.224,0.4338,396,723,0,0,1
13152,4.1888,0.4858,395,723,0,0,1
13153,4.0921,0.4097,394,723,0,0,1
13154,4.219,0.4535,394,723,0,0,1
13155,4.1421,0.43,394,723,0,0,1
13156,4.2498,0.6523,394,723,0,0,1
13157,4.0824,0.4142,392,723,0,0,1
13158,4.2222,0.5925,392,723,0,0,1
13159,4.4322,0.4151,391,723,0,0,1
13160,3.8109,0.5122,391,723,0,0,1
13161,4.1829,0.4106,390,723,0,0,1
13162,4.1626,0.4157,389,723,0,0,1
13163,4.245,0.5181,387,723,0,0,1
13164,4.1204,0.4645,386,723,0,0,1
13165,4.1415,0.5782,386,723,0,0,1
13166,4.2403,0.4625,386,723,0,0,1
13167,4.0741,0.514,386,723,0,0,1
13168,4.2901,0.6512,378,723,0,0,1
13169,4.0879,0.4127,378,723,0,0,1
13170,4.1943,0.5099,378,723,0,0,1
13171,4.1224,0.5059,378,723,0,0,1
13172,4.2998,0.4707,377,723,0,0,1
13173,4.0085,0.4533,377,723,0,0,1
13174,4.1725,0.4666,427,723,0,0,1
13175,4.5173,0.5832,427,723,0,0,1
13176,3.8518,0.4971,426,723,0,0,1
13177,4.2034,0.6385,424,723,0,0,1
13178,4.1478,0.4843,423,723,0,0,1
13179,4.1431,0.5395,423,723,0,0,1
13180,4.3653,0.4966,422,723,0,0,1
13181,3.9629,0.5065,421,723,0,0,1
13182,4.2045,0.5485,420,723,0,0,1
13183,4.1674,0.5279,419,723,0,0,1
13184,4.1231,0.4385,418,723,0,0,1
13185,4.1361,0.4365,418,723,0,0,1
13186,4.2164,0.4383,418,723,0,0,1
13187,4.5681,0.6557,418,723,0,0,1
13188,3.8147,0.493,417,723,0,0,1
13189,4.228,0.4329,416,723,0,0,1
13190,4.0787,0.4817,416,723,0,0,1
13191,4.1334,0.6777,416,723,0,0,1
13192,4.4943,0.4771,416,723,0,0,1
13193,3.8614,0.4649,414,723,0,0,1
13194,4.1982,0.513,413,723,0,0,1
13195,4.1194,0.8252,413,723,0,0,1
13196,4.1414,0.4956,411,723,0,0,1
13197,4.1666,0.5049,411,723,0,0,1
13198,4.1855,0.476,411,723,0,0,1
13199,4.2006,0.4531,410,723,0,0,1
13200,4.4269,0.6226,410,723,0,0,1
13201,3.9092,0.4961,409,723,0,0,1
13202,4.1613,0.5026,407,723,0,0,1
13203,4.1474,0.8115,406,723,0,0,1
13204,4.2145,0.4665,406,723,0,0,1
13205,4.1116,0.428,406,723,0,0,1
13206,4.2272,0.7039,406,723,0,0,1
13207,4.1388,0.428,405,723,0,0,1
13208,4.1924,0.6879,404,723,0,0,1
13209,4.0883,0.4245,404,723,0,0,1
13210,4.1633,0.4123,402,723,0,0,1
13211,4.2392,0.6498,400,723,0,0,1
13212,4.1965,0.6748,400,723,0,0,1
13213,4.2551,0.4076,399,723,0,0,1
13214,4.0594,0.5376,398,723,0,0,1
13215,4.1004,0.4244,398,723,0,0,1
13216,4.1606,0.4715,397,723,0,0,1
13217,4.2034,0.5624,396,723,0,0,1
13218,4.2212,0.4394,393,723,0,0,1
13219,4.2014,0.8318,391,723,0,0,1
13220,4.1061,0.5384,391,723,0,0,1
13221,4.0968,0.4601,391,723,0,0,1
13222,4.1913,0.4689,390,723,0,0,1
13223,4.1927,0.5125,390,723,0,0,1
13224,4.1948,0.4649,387,723,0,0,1
13225,4.1055,0.4592,387,723,0,0,1
13226,4.1929,0.5296,386,723,0,0,1
13227,4.1461,0.4868,386,723,0,0,1
13228,4.1934,0.4718,384,723,0,0,1
13229,4.1394,0.948,383,723,0,0,1
13230,4.1849,0.4557,383,723,0,0,1
13231,4.2008,0.6407,383,723,0,0,1
13232,4.1573,0.509,383,723,0,0,1
13233,4.1526,0.7199,382,723,0,0,1
13234,4.1525,0.4434,382,723,0,0,1
13235,4.1822,0.5329,382,723,0,0,1
13236,4.202,0.4478,375,723,0,0,1
13237,4.1577,0.4112,375,723,0,0,1
13238,4.2402,0.6401,375,723,0,0,1
13239,4.0241,0.4275,375,723,0,0,1
13240,4.1988,0.669,373,723,0,0,1
13241,4.1336,0.4445,422,723,0,0,1
13242,4.5924,0.4523,420,723,0,0,1
13243,3.7932,0.5105,420,723,0,0,1
13244,4.609,0.5653,420,723,0,0,1
13245,3.7347,0.592,419,723,0,0,1
13246,4.0983,0.4837,418,723,0,0,1
13247,4.5307,0.624,417,723,0,0,1
13248,3.8228,0.4832,416,723,0,0,1
13249,4.1993,0.6429,415,723,0,0,1
13250,4.1488,0.6732,415,723,0,0,1
13251,4.1482,0.6993,414,723,0,0,1
13252,4.1923,0.5357,413,723,0,0,1
13253,4.1396,0.4723,412,723,0,0,1
13254,4.183,0.6074,412,723,0,0,1
13255,4.252,0.6818,411,723,0,0,1
13256,4.1228,0.7642,411,723,0,0,1
13257,4.2922,0.8776,410,723,0,0,1
13258,3.9802,0.5193,408,723,0,0,1
13259,4.1922,0.5324,408,723,0,0,1
13260,4.1573,0.5032,407,723,0,0,1
13261,4.2599,0.4484,404,723,0,0,1
13262,4.028,0.5459,404,723,0,0,1
13263,4.2523,0.6569,404,723,0,0,1
13264,4.1436,0.4941,401,723,0,0,1
13265,4.1531,0.4294,400,723,0,0,1
13266,4.1198,0.4726,400,723,0,0,1
13267,4.2541,0.4651,399,723,0,0,1
13268,4.1874,0.7174,398,723,0,0,1
13269,4.1738,0.7399,397,723,0,0,1
13270,4.1028,0.4429,396,723,0,0,1
13271,4.2198,0.5011,396,723,0,0,1
13272,4.1014,0.4193,395,723,0,0,1
13273,4.1522,0.5265,395,723,0,0,1
13274,4.2536,0.6138,395,723,0,0,1
13275,4.0822,0.6986,395,723,0,0,1
13276,4.1972,0.4554,395,723,0,0,1
13277,4.2139,1.2247,394,723,0,0,1
13278,4.1473,1.0541,394,723,0,0,1
13279,4.1443,0.5154,392,723,0,0,1
13280,4.4158,0.7284,392,723,0,0,1
13281,3.8576,0.4555,392,723,0,0,1
13282,4.2002,0.453,391,723,0,0,1
13283,4.1997,0.552,390,723,0,0,1
13284,4.1903,0.5447,389,723,0,0,1
13285,4.0971,0.4905,389,723,0,0,1
13286,4.1951,0.4972,389,723,0,0,1
13287,4.1717,0.4845,389,723,0,0,1
13288,4.2669,0.7036,389,723,0,0,1
13289,4.0652,0.6296,389,723,0,0,1
13290,4.1229,0.4933,388,723,0,0,1
13291,4.2684,0.543,387,723,0,0,1
13292,4.2437,0.7926,387,723,0,0,1
13293,4.0522,0.763,387,723,0,0,1
13294,4.1172,0.4759,386,723,0,0,1
13295,4.1952,0.5451,385,723,0,0,1
13296,4.1324,0.5282,383,723,0,0,1
13297,4.1572,0.5002,383,723,0,0,1
13298,4.2598,0.5284,382,723,0,0,1
13299,4.0946,0.7001,380,723,0,0,1
13300,4.242,0.4839,379,723,0,0,1
13301,4.1688,0.6946,378,723,0,0,1
13302,4.1522,0.7565,377,723,0,0,1
13303,4.1403,0.5081,370,723,0,0,1
13304,4.1517,0.4836,369,723,0,0,1
13305,4.1429,0.4634,366,723,0,0,1
13306,4.1902,0.4364,366,723,0,0,1
13307,4.2584,0.8051,365,723,0,0,1
13308,4.157,0.5076,414,723,0,0,1
13309,4.119,0.4698,413,723,0,0,1
13310,4.1869,0.53,412,723,0,0,1
13311,4.088,0.6974,412,723,0,0,1
13312,4.2266,0.5408,411,723,0,0,1
13313,4.1477,0.5373,411,723,0,0,1
13314,4.4423,0.5652,411,723,0,0,1
13315,3.8815,0.4685,410,723,0,0,1
13316,4.4484,0.4416,410,723,0,0,1
13317,3.8557,0.4384,410,723,0,0,1
13318,4.1989,0.4518,410,723,0,0,1
13319,4.2134,0.7047,410,723,0,0,1
13320,4.1461,0.4321,410,723,0,0,1
13321,4.182,0.4787,409,723,0,0,1
13322,4.1521,0.4707,407,723,0,0,1
13323,4.1736,0.4364,406,723,0,0,1
13324,4.1872,0.6168,405,723,0,0,1
13325,4.1132,0.5261,405,723,0,0,1
13326,4.5029,0.6034,405,723,0,0,1
13327,3.8965,0.5685,404,723,0,0,1
13328,4.1072,0.5429,404,723,0,0,1
13329,4.1398,0.5221,404,723,0,0,1
13330,4.1837,0.4558,404,723,0,0,1
13331,4.2324,0.6577,404,723,0,0,1
13332,4.1846,0.6904,404,723,0,0,1
13333,4.0622,0.4412,404,723,0,0,1
13334,4.2334,0.5028,404,723,0,0,1
13335,4.1924,0.581,404,723,0,0,1
13336,4.1791,0.7014,403,723,0,0,1
13337,4.1401,0.5471,403,723,0,0,1
13338,4.1048,0.4299,402,723,0,0,1
13339,4.2359,0.5058,402,723,0,0,1
13340,4.1675,0.4974,401,723,0,0,1
13341,4.0924,0.5342,399,723,0,0,1
13342,4.177,0.5819,399,723,0,0,1
13343,4.2434,0.4783,399,723,0,0,1
13344,4.0888,0.5149,398,723,0,0,1
13345,4.1732,0.4747,398,723,0,0,1
13346,4.213,0.5452,398,723,0,0,1
13347,4.1258,0.6413,398,723,0,0,1
13348,4.1912,0.5249,398,723,0,0,1
13349,4.1157,0.5087,396,723,0,0,1
13350,4.2029,0.5248,395,723,0,0,1
13351,4.254,0.7048,395,723,0,0,1
13352,4.3503,1.0625,391,723,0,0,1
13353,3.8956,0.6794,391,723,0,0,1
13354,4.1209,0.4362,391,723,0,0,1
13355,4.4443,0.6058,388,723,0,0,1
13356,3.9912,0.4423,388,723,0,0,1
13357,4.1211,0.4368,387,723,0,0,1
13358,4.2017,0.4967,386,723,0,0,1
13359,4.1094,0.4363,385,723,0,0,1
13360,4.2115,0.5838,384,723,0,0,1
13361,4.1263,0.4649,384,723,0,0,1
13362,4.3277,0.425,384,723,0,0,1
13363,4.0578,0.438,383,723,0,0,1
13364,4.1396,0.4997,382,723,0,0,1
13365,4.167,0.4905,380,723,0,0,1
13366,4.1636,0.4233,378,723,0,0,1
13367,4.2038,0.7136,378,723,0,0,1
13368,4.1842,0.4675,378,723,0,0,1
13369,4.5421,0.4494,376,723,0,0,1
13370,3.8441,0.6414,367,723,0,0,1
13371,4.0379,0.5186,367,723,0,0,1
13372,4.2016,0.5302,367,723,0,0,1
13373,4.1448,0.6451,367,723,0,0,1
13374,4.1689,0.6575,367,723,0,0,1
13375,4.1654,0.9891,366,723,0,0,1
13376,4.2888,0.7047,416,723,0,0,1
13377,4.0442,0.4992,416,723,0,0,1
13378,4.1254,0.4481,415,723,0,0,1
13379,4.5457,0.7154,415,723,0,0,1
13380,3.8721,0.4732,415,723,0,0,1
13381,4.1409,0.4347,414,723,0,0,1
13382,4.1687,0.8268,413,723,0,0,1
13383,4.1681,0.6724,412,723,0,0,1
13384,4.1745,0.486,409,723,0,0,1
13385,4.1372,0.4374,409,723,0,0,1
13386,4.1412,0.4642,408,723,0,0,1
13387,4.2389,0.507,408,723,0,0,1
13388,4.1235,0.7021,408,723,0,0,1
13389,4.083,0.6482,407,723,0,0,1
13390,4.238,0.5304,406,723,0,0,1
13391,4.2134,0.5738,406,723,0,0,1
13392,4.1024,0.4923,406,723,0,0,1
13393,4.2254,0.4818,406,723,0,0,1
13394,4.13,0.4556,406,723,0,0,1
13395,4.3533,0.7298,406,723,0,0,1
13396,4.0883,0.489,406,723,0,0,1
13397,4.059,0.4553,406,723,0,0,1
13398,4.2216,0.4943,406,723,0,0,1
13399,4.1679,0.4624,405,723,0,0,1
13400,4.1715,0.6221,403,723,0,0,1
13401,4.1736,0.7309,402,723,0,0,1
13402,4.0893,0.4403,402,723,0,0,1
13403,4.1883,0.7262,401,723,0,0,1
13404,4.225,0.5516,401,723,0,0,1
13405,4.0921,0.4366,400,723,0,0,1
13406,4.3873,0.4413,397,723,0,0,1
13407,3.9253,0.6064,397,723,0,0,1
13408,4.1698,0.4148,395,723,0,0,1
13409,4.1861,0.7021,394,723,0,0,1
13410,4.1545,0.4232,394,723,0,0,1
13411,4.2384,0.497,394,723,0,0,1
13412,4.3853,0.4448,394,723,0,0,1
13413,3.9274,0.7096,393,723,0,0,1
13414,4.1556,0.4447,392,723,0,0,1
13415,4.1379,0.4735,392,723,0,0,1
13416,4.1875,0.6965,390,723,0,0,1
13417,4.1405,0.4506,390,723,0,0,1
13418,4.4835,0.4539,390,723,0,0,1
13419,3.9057,0.4574,388,723,0,0,1
13420,4.1969,0.6865,386,723,0,0,1
13421,4.1569,0.6634,384,723,0,0,1
13422,4.0653,0.476,384,723,0,0,1
13423,4.2004,0.4569,384,723,0,0,1
13424,4.2368,0.5338,383,723,0,0,1
13425,4.0578,0.6364,382,723,0,0,1
13426,4.1824,0.4131,382,723,0,0,1
13427,4.2165,0.4982,381,723,0,0,1
13428,4.2091,0.4946,380,723,0,0,1
13429,4.2132,0.4391,379,723,0,0,1
13430,4.0829,0.4573,379,723,0,0,1
13431,4.1393,0.5103,378,723,0,0,1
13432,4.2384,0.6658,377,723,0,0,1
13433,4.1159,0.6778,376,723,0,0,1
13434,4.1212,0.4126,376,723,0,0,1
13435,4.2218,0.4554,374,723,0,0,1
13436,4.2135,0.4477,372,723,0,0,1
13437,4.0676,0.3984,365,723,0,0,1
13438,4.1893,0.4521,365,723,0,0,1
13439,4.2466,0.6606,364,723,0,0,1
13440,4.1278,0.4333,362,723,0,0,1
13441,4.3995,0.6874,362,723,0,0,1
13442,3.9634,0.4693,362,723,0,0,1
13443,4.1085,0.4766,412,723,0,0,1
13444,4.2126,0.5796,411,723,0,0,1
13445,4.1616,0.5494,411,723,0,0,1
13446,4.1435,0.4957,410,723,0,0,1
13447,4.1633,0.4955,410,723,0,0,1
13448,4.4635,0.6796,410,723,0,0,1
13449,3.8249,0.4752,409,723,0,0,1
13450,4.1887,0.4399,407,723,0,0,1
13451,4.5271,0.6169,406,723,0,0,1
13452,3.9584,0.7166,406,723,0,0,1
13453,4.02,0.4265,406,723,0,0,1
13454,4.4435,0.4893,406,723,0,0,1
13455,3.8903,0.4511,406,723,0,0,1
13456,4.3473,0.6702,406,723,0,0,1
13457,3.9669,0.7118,406,723,0,0,1
13458,4.1736,0.4922,406,723,0,0,1
13459,4.1712,0.7986,405,723,0,0,1
13460,4.1506,0.4763,405,723,0,0,1
13461,4.2215,0.633,405,723,0,0,1
13462,4.1088,0.466,404,723,0,0,1
13463,4.1799,0.6248,404,723,0,0,1
13464,4.1656,0.4944,404,723,0,0,1
13465,4.2156,0.5039,404,723,0,0,1
13466,4.1593,0.4899,404,723,0,0,1
13467,4.1241,0.6604,404,723,0,0,1
13468,4.1848,0.4383,404,723,0,0,1
13469,4.1743,0.4269,402,723,0,0,1
13470,4.2292,0.7825,401,723,0,0,1
13471,4.1203,0.4913,401,723,0,0,1
13472,4.1833,0.6281,401,723,0,0,1
13473,4.1048,0.5922,401,723,0,0,1
13474,4.1893,0.4222,400,723,0,0,1
13475,4.1813,0.5543,399,723,0,0,1
13476,4.2201,0.6606,399,723,0,0,1
13477,4.102,0.4166,397,723,0,0,1
13478,4.1984,0.4755,396,723,0,0,1
13479,4.1342,0.4141,396,723,0,0,1
13480,4.1735,0.4669,395,723,0,0,1
13481,4.1721,0.5389,394,723,0,0,1
13482,4.1339,0.4313,394,723,0,0,1
13483,4.338,0.6825,393,723,0,0,1
13484,4.1702,0.6242,393,723,0,0,1
13485,4.0512,0.4588,393,723,0,0,1
13486,4.1339,0.414,390,723,0,0,1
13487,4.2123,0.5056,388,723,0,0,1
13488,4.1737,0.4349,387,723,0,0,1
13489,4.1991,0.7489,387,723,0,0,1
13490,4.1365,0.4866,385,723,0,0,1
13491,4.0547,0.4143,384,723,0,0,1
13492,4.491,0.4639,383,723,0,0,1
13493,3.9065,0.4819,382,723,0,0,1
13494,4.1526,0.4238,381,723,0,0,1
13495,4.1685,0.6173,381,723,0,0,1
13496,4.2086,0.6529,381,723,0,0,1
13497,4.455,0.5326,379,723,0,0,1
13498,3.8492,0.4233,377,723,0,0,1
13499,4.4333,0.4107,377,723,0,0,1
13500,3.9228,0.4592,376,723,0,0,1
13501,4.216,0.4385,376,723,0,0,1
13502,4.2185,0.42,374,723,0,0,1
13503,4.0356,0.4228,373,723,0,0,1
13504,4.4374,0.5094,366,723,0,0,1
13505,3.883,0.45,365,723,0,0,1
13506,4.119,0.4609,365,723,0,0,1
13507,4.4009,0.7667,365,723,0,0,1
13508,4.0374,0.7992,365,723,0,0,1
13509,4.1189,0.5087,364,723,0,0,1
13510,4.1739,0.5141,414,723,0,0,1
13511,4.1731,0.5487,414,723,0,0,1
13512,4.2171,0.6471,414,723,0,0,1
13513,4.0953,0.4504,413,723,0,0,1
13514,4.2676,0.6873,411,723,0,0,1
13515,4.2378,0.7158,410,723,0,0,1
13516,4.0295,0.5101,409,723,0,0,1
13517,4.1496,0.5036,409,723,0,0,1
13518,4.1714,0.4851,408,723,0,0,1
13519,4.1312,0.4529,408,723,0,0,1
13520,4.3558,0.427,408,723,0,0,1
13521,4.1415,0.6862,407,723,0,0,1
13522,4.0275,0.4305,407,723,0,0,1
13523,4.21,0.4773,406,723,0,0,1
13524,4.1128,0.4467,405,723,0,0,1
13525,4.1522,0.4345,405,723,0,0,1
13526,4.2149,0.5857,405,723,0,0,1
13527,4.1372,0.6512,404,723,0,0,1
13528,4.3653,0.5877,404,723,0,0,1
13529,3.9883,0.5137,404,723,0,0,1
13530,4.1453,0.4762,404,723,0,0,1
13531,4.502,0.526,404,723,0,0,1
13532,3.8431,0.4841,402,723,0,0,1
13533,4.1502,0.7194,402,723,0,0,1
13534,4.1868,0.4999,402,723,0,0,1
13535,4.2296,0.5861,402,723,0,0,1
13536,4.1149,0.588,401,723,0,0,1
13537,4.1458,0.4472,401,723,0,0,1
13538,4.2207,0.4746,401,723,0,0,1
13539,4.1703,0.6647,400,723,0,0,1
13540,4.4009,0.5857,399,723,0,0,1
13541,3.9082,0.4506,398,723,0,0,1
13542,4.2103,0.509,396,723,0,0,1
13543,4.0867,0.4915,396,723,0,0,1
13544,4.2455,0.4874,396,723,0,0,1
13545,4.0907,0.4365,396,723,0,0,1
13546,4.18,0.4333,395,723,0,0,1
13547,4.2086,0.5168,395,723,0,0,1
13548,4.1238,0.4902,395,723,0,0,1
13549,4.1484,0.4394,395,723,0,0,1
13550,4.2091,0.517,395,723,0,0,1
13551,4.1473,0.605,395,723,0,0,1
13552,4.2356,0.7034,394,723,0,0,1
13553,4.1185,0.5516,393,723,0,0,1
13554,4.1361,0.4201,393,723,0,0,1
13555,4.4555,0.5485,393,723,0,0,1
13556,3.88,0.4329,392,723,0,0,1
13557,4.142,0.5932,392,723,0,0,1
13558,4.1724,0.4343,392,723,0,0,1
13559,4.1484,0.4671,392,723,0,0,1
13560,4.2413,0.43,391,723,0,0,1
13561,4.1747,0.614,391,723,0,0,1
13562,4.1702,0.5719,391,723,0,0,1
13563,4.1322,0.448,391,723,0,0,1
13564,4.5243,0.6587,391,723,0,0,1
13565,3.8195,0.5208,391,723,0,0,1
13566,4.2616,0.6556,390,723,0,0,1
13567,4.0982,0.6289,389,723,0,0,1
13568,4.2742,0.6091,388,723,0,0,1
13569,4.0852,0.502,387,723,0,0,1
13570,4.082,0.4691,386,723,0,0,1
13571,4.5782,0.6278,378,723,0,0,1
13572,3.8148,0.4791,377,723,0,0,1
13573,4.1137,0.4095,377,723,0,0,1
13574,4.2035,0.5026,376,723,0,0,1
13575,4.1428,0.4287,375,723,0,0,1
13576,4.1988,0.6316,375,723,0,0,1
13577,4.2075,0.6695,425,723,0,0,1
13578,4.1274,0.4585,425,723,0,0,1
13579,4.1648,0.5285,425,723,0,0,1
13580,4.1338,0.4369,424,723,0,0,1
13581,4.2158,0.7078,423,723,0,0,1
13582,4.0924,0.4419,423,723,0,0,1
13583,4.2329,0.6752,423,723,0,0,1
13584,4.539,0.5565,423,723,0,0,1
13585,3.8,0.5976,422,723,0,0,1
13586,4.1826,0.5038,421,723,0,0,1
13587,4.1186,0.4828,421,723,0,0,1
13588,4.1034,0.4642,420,723,0,0,1
13589,4.2313,0.463,419,723,0,0,1
13590,4.2814,0.6913,418,723,0,0,1
13591,4.0786,0.5199,416,723,0,0,1
13592,4.213,0.6756,416,723,0,0,1
13593,4.1082,0.6618,415,723,0,0,1
13594,4.1598,0.436,414,723,0,0,1
13595,4.1593,0.721,413,723,0,0,1
13596,4.2247,0.7097,413,723,0,0,1
13597,4.0851,0.4901,411,723,0,0,1
13598,4.2574,0.5738,411,723,0,0,1
13599,4.0696,0.5328,410,723,0,0,1
13600,4.389,0.6805,410,723,0,0,1
13601,3.9801,0.464,410,723,0,0,1
13602,4.1328,0.4728,410,723,0,0,1
13603,4.2481,0.6984,410,723,0,0,1
13604,4.169,0.4977,408,723,0,0,1
13605,4.1581,0.4988,408,723,0,0,1
13606,4.0852,0.4376,408,723,0,0,1
13607,4.2483,0.5293,408,723,0,0,1
13608,4.1723,0.4364,406,723,0,0,1
13609,4.166,0.4297,406,723,0,0,1
13610,4.1537,0.4215,406,723,0,0,1
13611,4.1053,0.4176,406,723,0,0,1
13612,4.2112,0.459,406,723,0,0,1
13613,4.1675,0.6093,405,723,0,0,1
13614,4.154,0.7433,403,723,0,0,1
13615,4.1483,0.6555,402,723,0,0,1
13616,4.2199,0.5611,401,723,0,0,1
13617,4.1308,0.5206,401,723,0,0,1
13618,4.1526,0.5004,397,723,0,0,1
13619,4.2304,0.5719,397,723,0,0,1
13620,4.1312,0.5203,397,723,0,0,1
13621,4.1337,0.7203,397,723,0,0,1
13622,4.2007,0.597,396,723,0,0,1
13623,4.1388,0.4879,395,723,0,0,1
13624,4.3794,0.472,395,723,0,0,1
13625,3.9682,0.5753,395,723,0,0,1
13626,4.1,0.489,394,723,0,0,1
13627,4.2539,0.4928,393,723,0,0,1
13628,4.2064,0.6903,393,723,0,0,1
13629,4.1137,0.5003,392,723,0,0,1
13630,4.1439,0.4609,392,723,0,0,1
13631,4.4974,0.6025,391,723,0,0,1
13632,3.8756,0.461,391,723,0,0,1
13633,4.095,0.4326,391,723,0,0,1
13634,4.2519,0.681,390,723,0,0,1
13635,4.443,0.6328,389,723,0,0,1
13636,3.9034,0.5213,389,723,0,0,1
13637,4.117,0.4344,389,723,0,0,1
13638,4.1847,0.4628,388,723,0,0,1
13639,4.0989,0.4476,380,723,0,0,1
13640,4.3059,0.6884,379,723,0,0,1
13641,4.1109,0.6329,379,723,0,0,1
13642,4.099,0.4357,378,723,0,0,1
13643,4.2278,0.5601,378,723,0,0,1
13644,4.1982,0.5144,427,723,0,0,1
13645,4.0858,0.5887,425,723,0,0,1
13646,4.2336,0.4491,425,723,0,0,1
13647,4.1603,0.7887,425,723,0,0,1
13648,4.1506,0.5376,425,723,0,0,1
13649,4.1535,0.4312,422,723,0,0,1
13650,4.0773,0.4258,421,723,0,0,1
13651,4.5558,0.4415,420,723,0,0,1
13652,3.8713,0.4732,420,723,0,0,1
13653,4.1868,0.7357,420,723,0,0,1
13654,4.1409,1.1038,2,723,0,0,0
13655,4.1539,0.3388,2,723,0,0,0
13656,4.1697,0.3647,2,723,0,0,0
13657,4.1604,0.4598,2,723,0,0,0
13658,4.2369,0.3228,2,723,0,0,0
13659,4.1103,0.3371,2,723,0,0,0
13660,4.2279,0.3581,2,723,0,0,0
13661,4.1087,0.3463,2,723,0,0,0
13662,4.1495,0.4514,2,723,0,0,0
13663,4.2162,0.3716,2,723,0,0,0
13664,4.2555,0.5855,2,723,0,0,0
13665,4.0208,0.5087,2,723,0,0,0
13666,4.2421,0.6898,2,723,0,0,0
13667,4.1677,0.5869,2,723,0,0,0
13668,4.1375,0.3602,2,723,0,0,0
13669,4.115,0.3174,2,723,0,0,0
13670,4.1839,0.5081,2,723,0,0,0
13671,4.1539,0.2807,2,723,0,0,0
13672,4.2931,0.5013,2,723,0,0,0
13673,4.0648,0.3149,2,723,0,0,0
13674,4.157,0.3117,2,723,0,0,0
13675,4.1706,0.4107,2,723,0,0,0
13676,4.2092,0.3661,2,723,0,0,0
13677,4.1293,0.3152,2,723,0,0,0
13678,4.1603,0.3086,2,723,0,0,0
13679,4.1598,0.3569,2,723,0,0,0
13680,4.1918,0.3842,2,723,0,0,0
13681,4.1626,0.3101,2,723,0,0,0
13682,4.22,0.5118,2,723,0,0,0
13683,4.1057,0.3247,2,723,0,0,0
13684,4.2125,0.3342,2,723,0,0,0
13685,4.1792,0.4511,2,723,0,0,0
13686,4.144,0.3577,2,723,0,0,0
13687,4.259,0.4592,2,723,0,0,0
13688,4.4246,0.2865,2,723,0,0,0
13689,3.8139,0.5857,2,723,0,0,0
13690,4.135,0.3091,2,723,0,0,0
13691,4.2801,0.5456,2,723,0,0,0
13692,4.1076,0.5752,2,723,0,0,0
13693,4.1075,0.3378,2,723,0,0,0
13694,4.2112,0.4131,2,723,0,0,0
13695,4.1028,0.2997,2,723,0,0,0
13696,4.2567,0.3097,2,723,0,0,0
13697,4.1066,0.4399,2,723,0,0,0
13698,4.1176,0.3136,2,723,0,0,0
13699,4.4127,0.3203,2,723,0,0,0
13700,3.9598,0.3138,2,723,0,0,0
13701,4.163,0.3203,2,723,0,0,0
13702,4.2101,0.3311,2,723,0,0,0
13703,4.2039,0.7254,2,723,0,0,0
13704,4.1314,0.311,2,723,0,0,0
13705,4.1714,0.5418,2,723,0,0,0
13706,4.1794,0.361,2,723,0,0,0
13707,4.1448,0.334,2,723,0,0,0
13708,4.1539,0.3329,2,723,0,0,0
13709,4.1621,0.4243,2,723,0,0,0
13710,4.1516,0.3581,2,723,0,0,0
13711,4.1751,0.3119,2,723,0,0,0
13712,4.1502,0.3093,2,723,0,0,0
13713,4.1491,0.4329,2,723,0,0,0
13714,4.1661,0.2792,2,723,0,0,0
13715,4.216,0.5832,2,723,0,0,0
13716,4.2498,0.367,2,723,0,0,0
13717,4.0798,0.3312,2,723,0,0,0
13718,4.1742,0.3363,2,723,0,0,0
13719,4.1278,0.3178,2,723,0,0,0
13720,4.2024,0.3541,2,723,0,0,0
13721,4.1623,0.319,2,723,0,0,0
13722,4.1137,0.3222,2,723,0,0,0
13723,4.256,0.6195,2,723,0,0,0
13724,4.0913,0.2766,2,723,0,0,0
13725,4.4655,0.329,2,723,0,0,0
13726,3.8919,0.3364,2,723,0,0,0
13727,4.1848,0.4312,2,723,0,0,0
13728,4.2008,0.3116,2,723,0,0,0
13729,4.1437,0.3614,2,723,0,0,0
13730,4.1577,0.3106,2,723,0,0,0
13731,4.1791,0.3095,2,723,0,0,0
13732,4.1743,0.3596,2,723,0,0,0
13733,4.1543,0.3556,2,723,0,0,0
13734,4.1551,0.5872,2,723,0,0,0
13735,4.3438,0.5627,2,723,0,0,0
13736,4.4901,0.3377,2,723,0,0,0
13737,4.1029,0.3521,2,723,0,0,0
13738,3.7206,0.3108,2,723,0,0,0
13739,4.3914,0.5265,2,723,0,0,0
13740,3.9358,0.3272,2,723,0,0,0
13741,4.1753,0.3128,2,723,0,0,0
13742,4.2339,0.3841,2,723,0,0,0
13743,4.1562,0.5113,2,723,0,0,0
13744,4.1163,0.3128,2,723,0,0,0
13745,4.1739,0.4474,2,723,0,0,0
13746,4.0953,0.5717,2,723,0,0,0
13747,4.2335,0.5729,2,723,0,0,0
13748,4.1616,0.3329,2,723,0,0,0
13749,4.2117,0.3549,2,723,0,0,0
13750,4.0953,0.2848,2,723,0,0,0
13751,4.1491,0.3101,2,723,0,0,0
13752,4.2316,0.3238,2,723,0,0,0
13753,4.1334,0.3119,2,723,0,0,0
13754,4.2246,0.3593,2,723,0,0,0
13755,4.1236,0.3311,2,723,0,0,0
13756,4.1714,0.3129,2,723,0,0,0
13757,4.2158,0.4546,2,723,0,0,0
13758,4.1477,0.5879,2,723,0,0,0
13759,4.0915,0.4496,2,723,0,0,0
13760,4.2101,0.3535,2,723,0,0,0
13761,4.1717,0.3592,2,723,0,0,0
13762,4.1438,0.3089,2,723,0,0,0
13763,4.273,0.356,2,723,0,0,0
13764,4.1422,0.3355,2,723,0,0,0
13765,4.0798,0.3075,2,723,0,0,0
13766,4.2611,0.3642,2,723,0,0,0
13767,4.0829,0.3382,2,723,0,0,0
13768,4.243,0.4062,2,723,0,0,0
13769,4.1081,0.4374,2,723,0,0,0
13770,4.1423,0.409,2,723,0,0,0
13771,4.2267,0.3215,2,723,0,0,0
13772,4.3532,0.3741,2,723,0,0,0
13773,3.968,0.3584,2,723,0,0,0
13774,4.1537,0.3139,2,723,0,0,0
13775,4.1398,0.3097,2,723,0,0,0
13776,4.2531,0.3452,2,723,0,0,0
13777,4.0618,0.4384,2,723,0,0,0
13778,4.2534,0.5933,2,723,0,0,0
13779,4.2859,0.5379,2,723,0,0,0
13780,3.9518,0.3053,2,723,0,0,0
13781,4.2139,0.3624,2,723,0,0,0
13782,4.2068,0.3524,2,723,0,0,0
13783,4.1488,0.3264,2,723,0,0,0
13784,4.3648,0.3514,2,723,0,0,0
13785,3.989,0.6469,2,723,0,0,0
13786,4.1207,0.3101,2,723,0,0,0
13787,4.2057,0.4022,2,723,0,0,0
13788,4.1791,0.3846,2,723,0,0,0
13789,4.1126,0.3307,2,723,0,0,0
13790,4.1698,0.5892,2,723,0,0,0
13791,4.2109,0.6061,2,723,0,0,0
13792,4.1856,0.3009,2,723,0,0,0
13793,4.1506,0.5742,2,723,0,0,0
13794,4.1129,0.3107,2,723,0,0,0
13795,4.1689,0.3608,2,723,0,0,0
13796,4.2485,0.55,2,723,0,0,0
13797,4.0533,0.5128,2,723,0,0,0
13798,4.2037,0.3369,2,723,0,0,0
13799,4.172,0.3168,2,723,0,0,0
13800,4.1602,0.3324,2,723,0,0,0
13801,4.2062,0.4113,2,723,0,0,0
13802,4.0883,0.3425,2,723,0,0,0
13803,4.2105,0.3422,2,723,0,0,0
13804,4.7627,0.3892,2,723,0,0,0
13805,3.5754,0.3557,2,723,0,0,0
13806,4.4097,0.3186,2,723,0,0,0
13807,3.9065,0.3541,2,723,0,0,0
13808,4.2467,0.6022,2,723,0,0,0
13809,4.1075,0.5835,2,723,0,0,0
13810,4.1605,0.3105,2,723,0,0,0
13811,4.2312,0.5875,2,723,0,0,0
13812,4.1094,0.3367,2,723,0,0,0
13813,4.1589,0.3117,2,723,0,0,0
13814,4.3733,0.2825,2,723,0,0,0
13815,3.9899,0.3101,2,723,0,0,0
13816,4.1288,0.5281,2,723,0,0,0
13817,4.1874,0.322,2,723,0,0,0
13818,4.8625,0.3419,2,723,0,0,0
13819,3.4767,0.3371,2,723,0,0,0
13820,4.1501,0.3876,2,723,0,0,0
13821,4.1698,0.3249,2,723,0,0,0
13822,4.1864,0.3077,2,723,0,0,0
13823,4.3448,0.3417,2,723,0,0,0
13824,3.9851,0.341,2,723,0,0,0
13825,4.1623,0.3094,2,723,0,0,0
13826,4.147,0.3211,2,723,0,0,0
13827,4.1914,0.5046,2,723,0,0,0
13828,4.1623,0.3145,2,723,0,0,0
13829,4.2212,0.4201,2,723,0,0,0
13830,4.0892,0.311,2,723,0,0,0
13831,4.2513,0.3788,2,723,0,0,0
13832,4.0627,0.3828,2,723,0,0,0
13833,4.1728,0.3684,2,723,0,0,0
13834,4.2084,0.3311,2,723,0,0,0
13835,4.1509,0.319,2,723,0,0,0
13836,4.2372,0.5865,2,723,0,0,0
13837,4.4234,0.3468,2,723,0,0,0
13838,3.8422,0.3437,2,723,0,0,0
13839,4.1013,0.3151,2,723,0,0,0
13840,4.1493,0.4152,2,723,0,0,0
13841,4.2508,0.3344,2,723,0,0,0
13842,4.7017,0.463,2,723,0,0,0
13843,3.5891,0.3204,2,723,0,0,0
13844,4.1981,0.3134,2,723,0,0,0
13845,4.1481,0.3148,2,723,0,0,0
13846,4.1675,0.3117,2,723,0,0,0
13847,4.157,0.3138,2,723,0,0,0
13848,4.1818,0.3123,2,723,0,0,0
13849,4.4595,0.3706,2,723,0,0,0
13850,3.7977,0.2814,2,723,0,0,0
13851,4.2336,0.3091,2,723,0,0,0
13852,4.1592,0.3315,2,723,0,0,0
13853,4.1976,0.3761,2,723,0,0,0
13854,4.2552,0.6039,2,723,0,0,0
13855,4.0939,0.5975,2,723,0,0,0
13856,4.1141,0.3112,2,723,0,0,0
13857,4.2091,0.3102,2,723,0,0,0
13858,4.1804,0.3138,2,723,0,0,0
13859,4.1229,0.31,2,723,0,0,0
13860,4.2062,0.3752,2,723,0,0,0
13861,4.4406,0.5456,2,723,0,0,0
13862,3.8432,0.536,2,723,0,0,0
13863,4.1748,0.3113,2,723,0,0,0
13864,4.2239,0.3116,2,723,0,0,0
13865,4.1671,0.6046,2,723,0,0,0
13866,4.1055,0.5871,2,723,0,0,0
13867,4.2619,0.3374,2,723,0,0,0
13868,4.1749,0.5572,2,723,0,0,0
13869,4.4058,0.3761,2,723,0,0,0
13870,3.8001,0.3132,2,723,0,0,0
13871,4.4475,0.9212,2,723,0,0,0
13872,3.9622,0.3103,2,723,0,0,0
13873,4.2823,0.6052,2,723,0,0,0
13874,4.1716,0.5213,2,723,0,0,0
13875,4.1993,0.3101,2,723,0,0,0
13876,4.3197,0.3138,2,723,0,0,0
13877,3.8282,0.4337,2,723,0,0,0
13878,4.4222,0.4674,2,723,0,0,0
13879,4.0446,0.6179,2,723,0,0,0
13880,4.1586,0.5843,2,723,0,0,0
13881,4.376,0.4191,2,723,0,0,0
13882,3.884,0.3117,2,723,0,0,0
13883,4.4726,0.5855,2,723,0,0,0
13884,3.848,0.4002,2,723,0,0,0
13885,4.1139,0.4561,2,723,0,0,0
13886,4.3315,0.3111,2,723,0,0,0
13887,4.0223,0.2832,2,723,0,0,0
13888,4.1286,0.2862,2,723,0,0,0
13889,4.2055,0.4285,2,723,0,0,0
13890,4.1311,0.3574,2,723,0,0,0
13891,4.3248,0.5938,2,723,0,0,0
13892,4.0739,0.55,2,723,0,0,0
13893,4.1378,0.3186,2,723,0,0,0
13894,4.1686,0.3182,2,723,0,0,0
13895,4.252,0.3659,2,723,0,0,0
13896,4.0648,0.3041,2,723,0,0,0
13897,4.2064,0.5929,2,723,0,0,0
13898,4.2451,0.3799,2,723,0,0,0
13899,4.3982,0.5604,2,723,0,0,0
13900,3.952,0.5547,2,723,0,0,0
13901,4.0858,0.311,2,723,0,0,0
13902,4.1835,0.3275,2,723,0,0,0
13903,4.1451,0.2836,2,723,0,0,0
13904,4.5354,0.3383,2,723,0,0,0
13905,3.7853,0.314,2,723,0,0,0
13906,4.1733,0.3088,2,723,0,0,0
13907,4.1914,0.3466,2,723,0,0,0
13908,4.1319,0.317,2,723,0,0,0
13909,4.1623,0.5148,2,723,0,0,0
13910,4.1573,0.3131,2,723,0,0,0
13911,4.3502,0.3787,2,723,0,0,0
13912,4.0671,0.3562,2,723,0,0,0
13913,4.1053,0.3372,2,723,0,0,0
13914,4.119,0.3033,2,723,0,0,0
13915,4.1385,0.2871,2,723,0,0,0
13916,4.2915,0.5893,2,723,0,0,0
13917,4.221,0.3844,2,723,0,0,0
13918,4.0613,0.3069,2,723,0,0,0
13919,4.1818,0.3105,2,723,0,0,0
13920,4.2588,0.3634,2,723,0,0,0
13921,4.0573,0.3125,2,723,0,0,0
13922,4.2778,0.5874,2,723,0,0,0
13923,4.157,0.4618,2,723,0,0,0
13924,4.1301,0.6226,2,723,0,0,0
13925,4.1162,0.3365,2,723,0,0,0
13926,4.177,0.3559,2,723,0,0,0
13927,4.1591,0.3384,2,723,0,0,0
13928,4.2243,0.3505,2,723,0,0,0
13929,4.1143,0.5608,2,723,0,0,0
13930,4.1493,0.3124,2,723,0,0,0
13931,4.2133,0.3592,2,723,0,0,0
13932,4.1357,0.3116,2,723,0,0,0
13933,4.1685,0.3094,2,723,0,0,0
13934,4.21,0.4945,2,723,0,0,0
13935,4.1506,0.5917,2,723,0,0,0
13936,4.4181,0.3315,2,723,0,0,0
13937,3.8816,0.4,2,723,0,0,0
13938,4.1756,0.3348,2,723,0,0,0
13939,4.1901,0.3387,2,723,0,0,0
13940,4.1965,0.4461,2,723,0,0,0
13941,4.0636,0.5054,2,723,0,0,0
13942,4.2607,0.3151,2,723,0,0,0
13943,4.1602,0.3575,2,723,0,0,0
13944,4.1847,0.4294,2,723,0,0,0
13945,4.1524,0.3528,2,723,0,0,0
13946,4.0911,0.3848,2,723,0,0,0
13947,4.3709,0.3334,2,723,0,0,0
13948,4.0447,0.312,2,723,0,0,0
13949,4.1139,0.416,2,723,0,0,0
13950,4.5531,0.3978,2,723,0,0,0
13951,3.8628,0.4703,2,723,0,0,0
13952,4.3699,0.3186,2,723,0,0,0
13953,3.8483,0.3108,2,723,0,0,0
13954,4.1879,0.3152,2,723,0,0,0
13955,4.5505,0.4884,2,723,0,0,0
13956,3.8487,0.3607,2,723,0,0,0
13957,4.191,0.5528,2,723,0,0,0
13958,4.1218,0.3581,2,723,0,0,0
13959,4.1262,0.4591,2,723,0,0,0
13960,4.3619,0.509,2,723,0,0,0
13961,3.9611,0.336,2,723,0,0,0
13962,4.2037,0.5636,2,723,0,0,0
13963,4.0995,0.3879,2,723,0,0,0
13964,4.2861,0.3531,2,723,0,0,0
13965,4.1198,0.6101,2,723,0,0,0
13966,4.1152,0.3099,2,723,0,0,0
13967,4.2936,0.5843,2,723,0,0,0
13968,4.078,0.5792,2,723,0,0,0
13969,4.1983,0.3793,2,723,0,0,0
13970,4.4036,0.3289,2,723,0,0,0
13971,3.981,0.3348,2,723,0,0,0
13972,4.2397,0.6728,2,723,0,0,0
13973,4.1537,0.4696,2,723,0,0,0
13974,4.2231,0.5832,2,723,0,0,0
13975,4.1564,0.3151,2,723,0,0,0
13976,8.1691,0.4446,2,723,0,0,0
13977,4.1024,0.2979,2,723,0,0,0
13978,4.3103,0.5155,2,723,0,0,0
13979,4.0316,0.3302,2,723,0,0,0
13980,4.2377,0.3557,2,723,0,0,0
13981,4.0939,0.5021,2,723,0,0,0
13982,4.1875,0.3085,2,723,0,0,0
13983,4.1423,0.3115,2,723,0,0,0
13984,4.2058,0.4402,2,723,0,0,0
13985,4.2272,0.3597,2,723,0,0,0
13986,4.3155,0.564,2,723,0,0,0
13987,4.0715,0.5582,2,723,0,0,0
13988,4.0845,0.4768,2,723,0,0,0
13989,4.1288,0.3361,2,723,0,0,0
13990,4.1627,0.5598,2,723,0,0,0
13991,4.2332,0.3243,2,723,0,0,0
13992,4.0885,0.3127,2,723,0,0,0
13993,4.2725,0.3584,2,723,0,0,0
13994,4.164,0.3312,2,723,0,0,0
13995,4.0841,0.3125,2,723,0,0,0
13996,4.1764,0.3319,2,723,0,0,0
13997,4.1569,0.3092,2,723,0,0,0
13998,4.2297,0.5978,2,723,0,0,0
13999,4.0927,0.3126,2,723,0,0,0
14000,4.1736,0.3108,2,723,0,0,0
14001,4.1691,0.4096,2,723,0,0,0
14002,4.201,0.4049,2,723,0,0,0
14003,4.1942,0.3851,2,723,0,0,0
14004,4.2383,0.6195,2,723,0,0,0
14005,4.0781,0.3599,2,723,0,0,0
14006,4.1203,0.31,2,723,0,0,0
14007,4.2287,0.4363,2,723,0,0,0
14008,4.1035,0.3212,2,723,0,0,0
14009,4.202,0.5202,2,723,0,0,0
14010,4.1702,0.3849,2,723,0,0,0
14011,4.1771,0.6033,2,723,0,0,0
14012,4.1667,0.3161,2,723,0,0,0
14013,4.1148,0.3148,2,723,0,0,0
14014,4.4829,0.3125,2,723,0,0,0
14015,3.9268,0.3272,2,723,0,0,0
14016,4.1191,0.3178,2,723,0,0,0
14017,4.1739,0.4945,2,723,0,0,0
14018,4.11,0.3281,2,723,0,0,0
14019,4.2554,0.4914,2,723,0,0,0
14020,4.0989,0.4279,2,723,0,0,0
14021,4.2118,0.4491,2,723,0,0,0
14022,4.152,0.4814,2,723,0,0,0
14023,4.2291,0.3102,2,723,0,0,0
14024,4.1175,0.4191,2,723,0,0,0
14025,4.1435,0.3069,2,723,0,0,0
14026,4.2078,0.4006,2,723,0,0,0
14027,4.1918,0.3619,2,723,0,0,0
14028,4.0774,0.5912,2,723,0,0,0
14029,4.2469,0.5031,2,723,0,0,0
14030,4.1468,0.3539,2,723,0,0,0
14031,4.2451,0.3613,2,723,0,0,0
14032,4.0437,0.3739,2,723,0,0,0
14033,4.1617,0.3095,2,723,0,0,0
14034,4.144,0.3096,2,723,0,0,0
14035,4.2187,0.5602,2,723,0,0,0
14036,4.1235,0.5433,2,723,0,0,0
14037,4.1837,0.3107,2,723,0,0,0
14038,4.2077,0.3572,2,723,0,0,0
14039,4.2034,0.3712,2,723,0,0,0
14040,4.0722,0.3581,2,723,0,0,0
14041,4.2031,0.5092,2,723,0,0,0
14042,4.1943,0.3399,2,723,0,0,0
14043,4.167,0.3667,2,723,0,0,0
14044,4.1791,0.4343,2,723,0,0,0
14045,4.1567,0.3571,2,723,0,0,0
14046,4.502,0.6107,2,723,0,0,0
14047,3.8147,0.6317,2,723,0,0,0
14048,4.1284,0.4273,2,723,0,0,0
14049,4.1797,0.3091,2,723,0,0,0
14050,4.164,0.3385,2,723,0,0,0
14051,4.1731,0.3142,2,723,0,0,0
14052,4.1329,0.3156,2,723,0,0,0
14053,4.2065,0.5025,2,723,0,0,0
14054,4.2291,0.3657,2,723,0,0,0
14055,4.0901,0.3121,2,723,0,0,0
14056,4.1819,0.375,2,723,0,0,0
14057,4.1568,0.363,2,723,0,0,0
14058,4.2093,0.4015,2,723,0,0,0
14059,4.1957,0.5032,2,723,0,0,0
14060,4.0627,0.5124,2,723,0,0,0
14061,4.1982,0.3092,2,723,0,0,0
14062,4.2762,0.5284,2,723,0,0,0
14063,4.1251,0.3792,2,723,0,0,0
14064,4.1147,0.3278,2,723,0,0,0
14065,4.3824,0.5261,2,723,0,0,0
14066,4.0378,0.3087,2,723,0,0,0
14067,4.0792,0.5021,2,723,0,0,0
14068,4.272,0.4295,2,723,0,0,0
14069,4.4337,0.3473,2,723,0,0,0
14070,3.781,0.3749,2,723,0,0,0
14071,4.1592,0.31,2,723,0,0,0
14072,4.1715,0.5931,2,723,0,0,0
14073,4.1442,0.2869,2,723,0,0,0
14074,4.1757,0.3074,2,723,0,0,0
14075,4.2531,0.3839,2,723,0,0,0
14076,4.1757,0.3782,2,723,0,0,0
14077,4.1344,0.3581,2,723,0,0,0
14078,4.1364,0.3294,2,723,0,0,0
14079,4.235,0.3758,2,723,0,0,0
14080,4.0859,0.337,2,723,0,0,0
14081,4.1977,0.3581,2,723,0,0,0
14082,4.0981,0.3284,2,723,0,0,0
14083,4.2037,0.337,2,723,0,0,0
14084,4.1429,0.5239,2,723,0,0,0
14085,4.1714,0.2795,2,723,0,0,0
14086,4.2927,0.4962,2,723,0,0,0
14087,4.1214,0.3622,2,723,0,0,0
14088,4.1615,0.4159,2,723,0,0,0
14089,4.1341,0.3183,2,723,0,0,0
14090,4.1714,0.3965,2,723,0,0,0
14091,4.2098,0.5964,2,723,0,0,0
14092,4.1165,0.4059,2,723,0,0,0
14093,4.1614,0.3251,2,723,0,0,0
14094,4.173,0.3206,2,723,0,0,0
14095,4.5427,0.3197,2,723,0,0,0
14096,3.7965,0.3444,2,723,0,0,0
14097,4.1336,0.3018,2,723,0,0,0
14098,4.156,0.3111,2,723,0,0,0
14099,4.2253,0.5944,2,723,0,0,0
14100,4.1772,0.3589,2,723,0,0,0
14101,4.1239,0.3128,2,723,0,0,0
14102,4.1644,0.3101,2,723,0,0,0
14103,4.1966,0.3994,2,723,0,0,0
14104,4.1419,0.3649,2,723,0,0,0
14105,4.2339,0.3204,2,723,0,0,0
14106,4.1901,0.5633,2,723,0,0,0
14107,4.2191,0.4474,2,723,0,0,0
14108,4.0376,0.3975,2,723,0,0,0
14109,4.1501,0.32,2,723,0,0,0
14110,4.147,0.3228,2,723,0,0,0
14111,4.2901,0.6134,2,723,0,0,0
14112,4.0965,0.3552,2,723,0,0,0
14113,4.1977,0.3633,2,723,0,0,0
14114,4.1651,0.2858,2,723,0,0,0
14115,4.1295,0.3993,2,723,0,0,0
14116,4.1506,0.3193,2,723,0,0,0
14117,4.2348,0.3235,2,723,0,0,0
14118,4.1601,0.386,2,723,0,0,0
14119,4.0912,0.3109,2,723,0,0,0
14120,4.1729,0.3147,2,723,0,0,0
14121,4.1694,0.2848,2,723,0,0,0
14122,4.4184,0.3133,2,723,0,0,0
14123,3.8816,0.2779,2,723,0,0,0
14124,4.256,0.3575,2,723,0,0,0
14125,4.171,0.365,2,723,0,0,0
14126,4.1043,0.3094,2,723,0,0,0
14127,4.2356,0.3791,2,723,0,0,0
14128,4.1649,0.612,2,723,0,0,0
14129,4.1649,0.5905,2,723,0,0,0
14130,4.2065,0.3271,2,723,0,0,0
14131,4.0666,0.3083,2,723,0,0,0
14132,4.1971,0.5289,2,723,0,0,0
14133,4.1363,0.3164,2,723,0,0,0
14134,4.2308,0.3355,2,723,0,0,0
14135,4.094,0.3107,2,723,0,0,0
14136,4.277,0.3961,2,723,0,0,0
14137,4.0609,0.3414,2,723,0,0,0
14138,4.2462,0.3378,2,723,0,0,0
14139,4.1393,0.3861,2,723,0,0,0
14140,4.1825,0.3716,2,723,0,0,0
14141,4.1576,0.5308,2,723,0,0,0
14142,4.1731,0.3395,2,723,0,0,0
14143,4.1944,0.3125,2,723,0,0,0
14144,4.1303,0.3628,2,723,0,0,0
14145,4.0878,0.3073,2,723,0,0,0
14146,4.1778,0.3132,2,723,0,0,0
14147,4.2573,0.3255,2,723,0,0,0
14148,4.0882,0.5386,2,723,0,0,0
14149,4.1874,0.334,2,723,0,0,0
14150,4.1981,0.5686,2,723,0,0,0
14151,4.1989,0.3691,2,723,0,0,0
14152,4.1457,0.5021,2,723,0,0,0
14153,4.1857,0.3571,2,723,0,0,0
14154,4.1405,0.3429,2,723,0,0,0
14155,4.1191,0.3115,2,723,0,0,0
14156,4.2038,0.3814,2,723,0,0,0
14157,4.1229,0.3132,2,723,0,0,0
14158,4.4755,0.3515,2,723,0,0,0
14159,4.5721,0.348,2,723,0,0,0
14160,4.6287,0.3736,2,723,0,0,0
14161,3.3363,0.343,2,723,0,0,0
14162,4.222,0.3775,2,723,0,0,0
14163,4.1978,0.3921,2,723,0,0,0
14164,4.4196,0.4149,2,723,0,0,0
14165,4.0879,0.4178,2,723,0,0,0
14166,5.1949,0.3316,2,723,0,0,0
14167,4.3705,0.5396,2,723,0,0,0
14168,2.9719,0.375,2,723,0,0,0
14169,5.0354,1.2792,2,723,0,0,0
14170,2.9005,0.5062,2,723,0,0,0
14171,4.194,0.4547,2,723,0,0,0
14172,4.0051,0.5006,2,723,0,0,0
14173,4.0716,0.7415,2,723,0,0,0
14174,4.1949,0.8423,2,723,0,0,0
14175,4.1403,0.7765,2,723,0,0,0
14176,4.1586,0.6333,2,723,0,0,0
14177,4.2145,0.4368,2,723,0,0,0
14178,4.1175,0.45,2,723,0,0,0
14179,4.1717,0.4928,2,723,0,0,0
14180,4.1799,0.4741,2,723,0,0,0
14181,4.1657,0.6224,2,723,0,0,0
14182,4.158,0.675,2,723,0,0,0
14183,4.1944,1.025,2,723,0,0,0
14184,4.1399,0.9216,2,723,0,0,0
14185,4.1916,0.6938,2,723,0,0,0
14186,4.2238,0.3812,2,723,0,0,0
14187,4.0807,0.5387,2,723,0,0,0
14188,4.1825,0.6986,2,723,0,0,0
14189,4.1579,0.5829,2,723,0,0,0
14190,4.1602,0.6721,2,723,0,0,0
14191,4.166,0.6033,2,723,0,0,0
14192,4.172,0.9706,2,723,0,0,0
14193,4.1705,0.7874,2,723,0,0,0
14194,4.1669,0.5701,2,723,0,0,0
14195,4.1795,0.3872,2,723,0,0,0
14196,4.1575,0.6618,2,723,0,0,0
14197,4.1713,0.3267,2,723,0,0,0
14198,4.1533,0.4787,2,723,0,0,0
14199,4.1611,0.7284,2,723,0,0,0
14200,4.1864,0.7743,2,723,0,0,0
14201,4.1441,0.6868,2,723,0,0,0
14202,4.1802,1.027,2,723,0,0,0
14203,4.1997,0.5482,2,723,0,0,0
14204,4.1416,0.6407,2,723,0,0,0
14205,4.1595,0.734,2,723,0,0,0
14206,4.1425,0.3942,2,723,0,0,0
14207,4.216,0.7724,2,723,0,0,0
14208,4.1471,0.7526,2,723,0,0,0
14209,4.1672,0.8006,2,723,0,0,0
14210,4.227,0.7534,2,723,0,0,0
14211,4.1327,0.7909,2,723,0,0,0
14212,4.1434,0.9216,2,723,0,0,0
14213,4.1623,0.8155,2,723,0,0,0
14214,4.1659,0.8017,2,723,0,0,0
14215,4.1834,0.8656,2,723,0,0,0
14216,4.1531,0.3697,2,723,0,0,0
14217,4.1578,0.605,2,723,0,0,0
14218,4.1785,0.4694,2,723,0,0,0
14219,4.2047,2.3278,2,723,0,0,0
14220,4.1332,1.0633,2,723,0,0,0
14221,4.1542,1.5731,2,723,0,0,0
14222,4.1677,0.3141,2,723,0,0,0
14223,4.1534,0.732,2,723,0,0,0
14224,4.2373,0.8203,2,723,0,0,0
14225,4.1101,0.9439,2,723,0,0,0
14226,4.2233,0.7332,2,723,0,0,0
14227,4.1121,1.3469,2,723,0,0,0
14228,4.1749,0.3475,2,723,0,0,0
14229,4.159,0.6469,2,723,0,0,0
14230,4.2075,1.8132,2,723,0,0,0
14231,4.1268,1.1449,2,723,0,0,0
14232,4.167,0.7252,2,723,0,0,0
14233,4.1608,0.3114,2,723,0,0,0
14234,4.276,0.3166,2,723,0,0,0
14235,4.0581,0.5131,2,723,0,0,0
14236,4.1638,0.4349,2,723,0,0,0
14237,4.3168,0.3701,2,723,0,0,0
14238,4.0305,0.384,2,723,0,0,0
14239,4.1272,0.3088,2,723,0,0,0
14240,4.1836,0.3363,2,723,0,0,0
14241,4.1484,0.3012,2,723,0,0,0
14242,4.2706,0.3395,2,723,0,0,0
14243,4.1558,0.3315,2,723,0,0,0
14244,4.1539,0.36,2,723,0,0,0
14245,4.2296,1.8977,2,723,0,0,0
14246,4.0645,0.3117,2,723,0,0,0
14247,4.153,1.2801,2,723,0,0,0
14248,4.1692,0.4682,2,723,0,0,0
14249,4.1533,0.9424,2,723,0,0,0
14250,4.2081,0.6155,2,723,0,0,0
14251,4.1635,0.3179,2,723,0,0,0
14252,4.1438,0.3303,2,723,0,0,0
14253,4.1956,0.8645,2,723,0,0,0
14254,4.1381,0.3304,2,723,0,0,0
14255,4.1742,0.3514,2,723,0,0,0
14256,4.2126,0.6203,2,723,0,0,0
14257,4.1765,0.3295,2,723,0,0,0
14258,4.1157,0.3202,2,723,0,0,0
14259,4.5565,0.5894,2,723,0,0,0
14260,3.798,0.3349,2,723,0,0,0
14261,4.3423,0.3102,2,723,0,0,0
14262,4.135,0.656,2,723,0,0,0
14263,3.9961,0.3268,2,723,0,0,0
14264,4.522,0.3114,2,723,0,0,0
14265,3.8179,0.3089,2,723,0,0,0
14266,4.4639,0.3202,2,723,0,0,0
14267,4.0589,0.3583,2,723,0,0,0
14268,3.9889,0.5452,2,723,0,0,0
14269,4.5712,1.2467,2,723,0,0,0
14270,3.8047,0.5331,2,723,0,0,0
14271,4.2108,1.0133,2,723,0,0,0
14272,4.1092,0.3362,2,723,0,0,0
14273,4.133,0.5601,2,723,0,0,0
14274,4.152,0.3697,2,723,0,0,0
14275,4.1509,0.3247,2,723,0,0,0
14276,4.175,0.5903,2,723,0,0,0
14277,4.1608,0.3627,2,723,0,0,0
14278,4.2176,0.7176,2,723,0,0,0
14279,4.3327,0.3376,2,723,0,0,0
14280,3.9371,0.6383,2,723,0,0,0
14281,4.1936,0.3331,2,723,0,0,0
14282,4.1103,0.3004,2,723,0,0,0
14283,4.4948,0.4845,2,723,0,0,0
14284,3.8435,0.3092,2,723,0,0,0
14285,4.19,0.295,2,723,0,0,0
14286,4.4846,0.529,2,723,0,0,0
14287,4.0665,0.5072,2,723,0,0,0
14288,3.8856,0.2626,2,723,0,0,0
14289,4.1886,0.2578,2,723,0,0,0
14290,4.1375,0.2229,2,723,0,0,0
14291,4.1487,0.2394,2,723,0,0,0
14292,4.391,0.2487,2,723,0,0,0
14293,4.1356,0.4629,2,723,0,0,0
14294,3.9835,0.2631,2,723,0,0,0
14295,4.2141,0.4723,2,723,0,0,0
14296,4.1889,0.2631,2,723,0,0,0
14297,4.3425,0.2472,2,723,0,0,0
14298,4.1137,0.333,2,723,0,0,0
14299,4.0021,0.4665,2,723,0,0,0
14300,4.9887,0.283,2,723,0,0,0
14301,3.3487,0.264,2,723,0,0,0
14302,5.3479,0.3243,2,723,0,0,0
14303,3.7599,0.3427,2,723,0,0,0
14304,4.2192,0.2666,2,723,0,0,0
14305,3.8619,0.2672,2,723,0,0,0
14306,3.8736,0.2714,2,723,0,0,0
14307,4.3774,0.4815,2,723,0,0,0
14308,3.9636,0.2949,2,723,0,0,0
14309,4.3641,0.3178,2,723,0,0,0
14310,4.1575,0.2783,2,723,0,0,0
14311,3.9863,0.2829,2,723,0,0,0
14312,4.5152,0.3382,2,723,0,0,0
14313,3.8356,0.2835,2,723,0,0,0
14314,4.3243,0.3445,2,723,0,0,0
14315,4.0182,0.2873,2,723,0,0,0
14316,4.1829,0.3058,2,723,0,0,0
14317,4.2698,0.3199,2,723,0,0,0
14318,4.0437,0.5017,2,723,0,0,0
14319,4.2937,0.3898,2,723,0,0,0
14320,4.0694,0.3027,2,723,0,0,0
14321,4.3122,0.3699,2,723,0,0,0
14322,4.1542,0.5777,2,723,0,0,0
14323,4.3294,0.5557,2,723,0,0,0
14324,4.2713,0.3904,2,723,0,0,0
14325,4.1105,0.3743,2,723,0,0,0
14326,4.3614,0.3759,2,723,0,0,0
14327,4.0666,0.3326,2,723,0,0,0
14328,4.6848,0.3785,2,723,0,0,0
14329,3.4082,0.4905,2,723,0,0,0
14330,4.4015,0.3405,2,723,0,0,0
14331,4.5431,0.3328,2,723,0,0,0
14332,4.0751,0.3457,2,723,0,0,0
14333,3.8753,0.3609,2,723,0,0,0
14334,4.3106,0.3619,2,723,0,0,0
14335,4.2967,0.3918,2,723,0,0,0
14336,4.1529,0.3495,2,723,0,0,0
14337,3.8796,0.3615,2,723,0,0,0
14338,4.3119,0.3463,2,723,0,0,0
14339,4.1249,0.351,2,723,0,0,0
14340,4.5204,0.3339,2,723,0,0,0
14341,3.4785,0.3341,2,723,0,0,0
14342,4.4347,0.3205,2,723,0,0,0
14343,4.0646,0.3323,2,723,0,0,0
14344,3.6301,0.3419,2,723,0,0,0
14345,4.1807,0.3137,2,723,0,0,0
14346,4.2301,0.3762,2,723,0,0,0
14347,4.1505,0.3517,2,723,0,0,0
14348,4.2122,0.5874,2,723,0,0,0
14349,101.826,2.9833,2,723,0,0,0
