frame,frameMs,cpuMs,activeObjects,totalObjects,created,destroyed,bossActive
0,9.0653,2.7597,2,713,0,0,0
1,6.001,2.2648,2,713,0,0,0
2,2.5971,0.3472,2,713,0,0,0
3,1.8071,0.262,2,713,0,0,0
4,4.0777,0.5227,2,713,0,0,0
5,4.4444,0.3737,2,713,0,0,0
6,3.9029,0.4389,2,713,0,0,0
7,4.4278,0.4104,2,713,0,0,0
8,4.1473,0.3176,2,713,0,0,0
9,4.0858,0.3146,2,713,0,0,0
10,4.257,0.3884,2,713,0,0,0
11,3.9696,0.3909,2,713,0,0,0
12,4.3414,0.5165,2,713,0,0,0
13,4.1344,0.3603,2,713,0,0,0
14,4.2926,0.2877,2,713,0,0,0
15,4.0922,0.5296,2,713,0,0,0
16,5.1462,0.3628,2,713,0,0,0
17,3.367,0.3843,2,713,0,0,0
18,3.7512,0.3729,2,713,0,0,0
19,4.5942,0.5743,2,713,0,0,0
20,3.8147,0.3176,2,713,0,0,0
21,4.3911,0.4001,2,713,0,0,0
22,3.8891,0.5336,2,713,0,0,0
23,4.1307,0.3999,2,713,0,0,0
24,4.1881,0.5198,2,713,0,0,0
25,4.7446,0.4213,2,713,0,0,0
26,3.9717,0.2352,2,713,0,0,0
27,3.9135,0.6205,2,713,0,0,0
28,5.2425,0.2162,2,713,0,0,0
29,3.2904,0.4004,2,713,0,0,0
30,3.8356,0.3213,2,713,0,0,0
31,4.2188,0.3598,2,713,0,0,0
32,4.2986,0.3638,2,713,0,0,0
33,4.3602,0.4168,2,713,0,0,0
34,3.9584,0.3483,2,713,0,0,0
35,4.0111,0.3818,2,713,0,0,0
36,4.4193,0.305,2,713,0,0,0
37,3.9789,0.3303,2,713,0,0,0
38,4.435,0.336,2,713,0,0,0
39,4.0234,0.4226,2,713,0,0,0
40,4.1704,0.5319,2,713,0,0,0
41,4.2816,0.4012,2,713,0,0,0
42,3.8352,0.3292,2,713,0,0,0
43,5.4317,0.3531,2,713,0,0,0
44,3.038,0.3683,2,713,0,0,0
45,4.5641,0.3744,2,713,0,0,0
46,3.6388,0.2796,2,713,0,0,0
47,4.1785,0.3607,2,713,0,0,0
48,4.3201,0.3806,2,713,0,0,0
49,4.3805,0.2752,2,713,0,0,0
50,4.3106,0.3143,2,713,0,0,0
51,3.8324,0.5859,2,713,0,0,0
52,4.1918,0.4255,2,713,0,0,0
53,4.3572,0.3744,2,713,0,0,0
54,3.7762,0.364,2,713,0,0,0
55,4.5511,0.3705,2,713,0,0,0
56,3.9624,0.3041,2,713,0,0,0
57,4.0458,0.2921,2,713,0,0,0
58,4.285,0.4035,2,713,0,0,0
59,3.9612,0.3367,2,713,0,0,0
60,4.3604,0.4473,2,713,0,0,0
61,4.0743,0.3563,2,713,0,0,0
62,4.2366,0.5317,2,713,0,0,0
63,4.2029,0.4606,2,713,0,0,0
64,4.2067,0.6607,2,713,0,0,0
65,4.3959,0.2988,2,713,0,0,0
66,3.7138,0.3366,2,713,0,0,0
67,4.3259,0.2681,2,713,0,0,0
68,4.0894,0.3856,2,713,0,0,0
69,4.2837,0.3881,2,713,0,0,0
70,4.1412,0.4506,2,713,0,0,0
71,3.9434,0.3938,2,713,0,0,0
72,4.2104,0.3174,2,713,0,0,0
73,4.4474,0.4016,2,713,0,0,0
74,4.2478,0.3351,2,713,0,0,0
75,4.0052,0.4933,2,713,0,0,0
76,4.1856,0.2262,2,713,0,0,0
77,4.0066,0.3118,2,713,0,0,0
78,4.0884,0.3479,2,713,0,0,0
79,4.4404,0.379,2,713,0,0,0
80,4.1442,0.3661,2,713,0,0,0
81,4.1736,0.414,2,713,0,0,0
82,4.1096,0.4761,2,713,0,0,0
83,3.9743,0.3343,2,713,0,0,0
84,4.3585,0.2713,2,713,0,0,0
85,4.2915,0.5684,2,713,0,0,0
86,3.9767,0.2635,2,713,0,0,0
87,3.9814,0.2072,2,713,0,0,0
88,4.0115,0.2166,2,713,0,0,0
89,4.1966,0.335,2,713,0,0,0
90,4.1679,0.3765,2,713,0,0,0
91,4.2763,0.3324,2,713,0,0,0
92,4.2059,0.2466,2,713,0,0,0
93,4.1854,0.2347,2,713,0,0,0
94,4.0949,0.328,2,713,0,0,0
95,4.1213,0.2399,2,713,0,0,0
96,4.2579,0.2954,2,713,0,0,0
97,4.2734,0.3704,2,713,0,0,0
98,3.9764,0.3832,2,713,0,0,0
99,4.2507,0.3578,2,713,0,0,0
100,4.1765,0.3085,2,713,0,0,0
101,4.2302,0.3002,2,713,0,0,0
102,4.0046,0.2355,2,713,0,0,0
103,4.2313,0.3294,2,713,0,0,0
104,4.2723,0.2919,2,713,0,0,0
105,4.1689,0.2128,2,713,0,0,0
106,4.1138,0.2605,2,713,0,0,0
107,4.0282,0.1872,2,713,0,0,0
108,4.2654,0.462,2,713,0,0,0
109,4.069,0.2122,2,713,0,0,0
110,4.2959,0.2716,2,713,0,0,0
111,4.1455,0.267,2,713,0,0,0
112,4.1009,0.3825,2,713,0,0,0
113,4.2755,0.3146,2,713,0,0,0
114,4.0385,0.2101,2,713,0,0,0
115,4.2714,0.3468,2,713,0,0,0
116,4.2073,0.2807,2,713,0,0,0
117,4.0583,0.383,2,713,0,0,0
118,4.2855,0.4172,2,713,0,0,0
119,4.0214,0.2027,2,713,0,0,0
120,4.7918,0.3019,2,713,0,0,0
121,3.5323,0.214,2,713,0,0,0
122,4.2327,0.3969,2,713,0,0,0
123,4.2322,0.2607,2,713,0,0,0
124,4.0574,0.3861,2,713,0,0,0
125,4.2262,0.2955,2,713,0,0,0
126,4.054,0.2035,2,713,0,0,0
127,4.3276,0.2575,2,713,0,0,0
128,4.1685,0.3278,2,713,0,0,0
129,4.2617,0.4035,2,713,0,0,0
130,4.0732,0.3848,2,713,0,0,0
131,4.0328,0.2093,2,713,0,0,0
132,4.2695,0.3061,2,713,0,0,0
133,4.1017,0.2127,2,713,0,0,0
134,4.2901,0.3568,2,713,0,0,0
135,4.0256,0.2018,2,713,0,0,0
136,4.2043,0.2505,2,713,0,0,0
137,4.1955,0.3979,2,713,0,0,0
138,4.0608,0.2018,2,713,0,0,0
139,4.4404,0.3283,2,713,0,0,0
140,4.0322,0.3307,2,713,0,0,0
141,4.2811,0.2914,2,713,0,0,0
142,4.1028,0.4127,2,713,0,0,0
143,4.0071,0.255,2,713,0,0,0
144,4.3212,0.3299,2,713,0,0,0
145,4.069,0.277,2,713,0,0,0
146,4.0767,0.2132,2,713,0,0,0
147,4.2775,0.29,2,713,0,0,0
148,4.2815,0.3852,2,713,0,0,0
149,4.1939,0.4027,2,713,0,0,0
150,3.9527,0.3822,2,713,0,0,0
151,4.2267,0.2621,2,713,0,0,0
152,4.2131,0.3316,2,713,0,0,0
153,4.2314,0.3032,2,713,0,0,0
154,4.1334,0.322,2,713,0,0,0
155,4.0519,0.3908,2,713,0,0,0
156,4.1166,0.3367,2,713,0,0,0
157,4.278,0.4581,2,713,0,0,0
158,4.2329,0.3026,2,713,0,0,0
159,4.1119,0.2748,2,713,0,0,0
160,4.3406,0.3444,2,713,0,0,0
161,3.9046,0.2317,2,713,0,0,0
162,4.1198,0.2328,2,713,0,0,0
163,4.5317,0.3973,2,713,0,0,0
164,3.8958,0.207,2,713,0,0,0
165,4.0901,0.2124,2,713,0,0,0
166,4.1204,0.2563,2,713,0,0,0
167,4.1939,0.2272,2,713,0,0,0
168,4.2864,0.3831,2,713,0,0,0
169,4.2401,0.3938,2,713,0,0,0
170,4.2866,0.294,2,713,0,0,0
171,3.9332,0.2651,2,713,0,0,0
172,4.8314,0.4108,2,713,0,0,0
173,3.8015,0.1929,2,713,0,0,0
174,3.8259,0.2494,2,713,0,0,0
175,4.3497,0.2727,2,713,0,0,0
176,4.0169,0.3347,2,713,0,0,0
177,4.3077,0.2609,2,713,0,0,0
178,4.1663,0.2648,2,713,0,0,0
179,4.004,0.2332,2,713,0,0,0
180,4.3908,0.3374,2,713,0,0,0
181,3.9392,0.18,2,713,0,0,0
182,4.2985,0.2484,2,713,0,0,0
183,4.2143,0.2527,2,713,0,0,0
184,4.297,0.3414,2,713,0,0,0
185,3.9768,0.2636,2,713,0,0,0
186,4.0163,0.2425,2,713,0,0,0
187,4.3445,0.1755,2,713,0,0,0
188,4.1748,0.2653,2,713,0,0,0
189,4.204,0.2555,2,713,0,0,0
190,4.1416,0.2521,2,713,0,0,0
191,4.022,0.1835,2,713,0,0,0
192,4.1862,0.2255,2,713,0,0,0
193,4.2756,0.1857,2,713,0,0,0
194,4.2036,0.2603,2,713,0,0,0
195,4.1441,0.2627,2,713,0,0,0
196,4.0207,0.2301,2,713,0,0,0
197,4.2723,0.2719,2,713,0,0,0
198,4.1188,0.3457,2,713,0,0,0
199,4.8222,0.2958,2,713,0,0,0
200,3.5352,0.2649,2,713,0,0,0
201,4.1988,0.2128,2,713,0,0,0
202,4.4704,0.3257,2,713,0,0,0
203,3.8479,0.2108,2,713,0,0,0
204,4.1462,0.226,2,713,0,0,0
205,4.2443,0.3064,2,713,0,0,0
206,4.1207,0.3305,2,713,0,0,0
207,4.1995,0.2663,2,713,0,0,0
208,4.1855,0.2583,2,713,0,0,0
209,4.1873,0.2497,2,713,0,0,0
210,4.0625,0.2251,2,713,0,0,0
211,4.5197,0.3978,2,713,0,0,0
212,4.3092,0.2515,2,713,0,0,0
213,3.8373,0.2646,2,713,0,0,0
214,4.0662,0.4233,2,713,0,0,0
215,4.0862,0.1913,2,713,0,0,0
216,4.2589,0.4263,2,713,0,0,0
217,4.0689,0.3091,2,713,0,0,0
218,4.2488,0.3263,2,713,0,0,0
219,4.1725,0.2611,2,713,0,0,0
220,4.1538,0.4622,2,713,0,0,0
221,4.2004,0.2732,2,713,0,0,0
222,4.0848,0.228,2,713,0,0,0
223,4.4113,0.2324,2,713,0,0,0
224,4.0507,0.4343,2,713,0,0,0
225,4.0883,0.4204,2,713,0,0,0
226,4.1189,0.2266,2,713,0,0,0
227,4.1697,0.2457,2,713,0,0,0
228,4.2328,0.3503,2,713,0,0,0
229,4.1786,0.3246,2,713,0,0,0
230,4.1396,0.4249,2,713,0,0,0
231,4.244,0.2273,2,713,0,0,0
232,4.0887,0.4234,2,713,0,0,0
233,4.14,0.2552,2,713,0,0,0
234,4.1182,0.1928,2,713,0,0,0
235,4.2222,0.2935,2,713,0,0,0
236,4.1772,0.2202,2,713,0,0,0
237,4.0996,0.2315,2,713,0,0,0
238,4.2108,0.2464,2,713,0,0,0
239,4.1708,0.6328,2,713,0,0,0
240,4.1653,0.2181,2,713,0,0,0
241,4.3498,1.7683,2,713,0,0,0
242,4.022,0.3171,2,713,0,0,0
243,4.1664,0.2785,2,713,0,0,0
244,4.2519,0.3703,2,713,0,0,0
245,3.9958,0.2704,2,713,0,0,0
246,4.186,0.2244,2,713,0,0,0
247,4.2214,1.1741,2,713,0,0,0
248,4.143,0.2442,2,713,0,0,0
249,4.1822,0.232,2,713,0,0,0
250,4.2943,0.3048,2,713,0,0,0
251,4.0152,0.2711,2,713,0,0,0
252,4.2339,0.2732,2,713,0,0,0
253,4.0998,0.3008,2,713,0,0,0
254,4.2481,0.3536,2,713,0,0,0
255,4.0679,0.2513,2,713,0,0,0
256,4.1089,0.2021,2,713,0,0,0
257,4.3212,0.2619,2,713,0,0,0
258,4.0597,0.2451,2,713,0,0,0
259,4.217,0.3285,2,713,0,0,0
260,4.2465,0.2593,2,713,0,0,0
261,4.3055,0.3061,2,713,0,0,0
262,3.9775,0.4123,2,713,0,0,0
263,4.0891,0.1868,2,713,0,0,0
264,4.2566,0.259,2,713,0,0,0
265,4.1184,0.2477,2,713,0,0,0
266,4.1935,0.2596,2,713,0,0,0
267,4.1902,0.3627,2,713,0,0,0
268,4.1426,0.3804,2,713,0,0,0
269,4.247,0.4164,2,713,0,0,0
270,4.0431,0.225,2,713,0,0,0
271,4.5228,0.309,2,713,0,0,0
272,3.8761,0.2561,2,713,0,0,0
273,4.405,0.23,2,713,0,0,0
274,3.801,0.3548,2,713,0,0,0
275,4.1977,0.1948,2,713,0,0,0
276,4.3084,0.2195,2,713,0,0,0
277,4.0712,0.222,2,713,0,0,0
278,4.2327,0.2832,2,713,0,0,0
279,4.1724,0.2815,2,713,0,0,0
280,4.1243,0.4211,2,713,0,0,0
281,4.1659,0.4157,2,713,0,0,0
282,4.1147,0.2194,2,713,0,0,0
283,4.2349,0.2861,2,713,0,0,0
284,4.1845,0.3007,2,713,0,0,0
285,4.158,0.269,2,713,0,0,0
286,4.1399,0.239,2,713,0,0,0
287,4.1031,0.3596,2,713,0,0,0
288,4.2334,0.2241,2,713,0,0,0
289,4.0891,0.2757,2,713,0,0,0
290,4.2683,0.259,2,713,0,0,0
291,4.1678,0.2587,2,713,0,0,0
292,4.3949,0.5804,13,713,0,0,1
293,3.961,0.3194,13,713,0,0,1
294,4.0895,0.283,13,713,0,0,1
295,4.5794,0.3475,13,713,0,0,1
296,3.8168,0.327,13,713,0,0,1
297,4.4666,0.3207,13,713,0,0,1
298,3.8149,0.2949,13,713,0,0,1
299,4.1701,0.5402,13,713,0,0,1
300,4.2453,0.4489,13,713,0,0,1
301,4.1536,0.3777,13,713,0,0,1
302,4.146,0.2782,13,713,0,0,1
303,4.1336,0.3137,13,713,0,0,1
304,4.203,0.2856,13,713,0,0,1
305,4.1545,0.2477,13,713,0,0,1
306,4.1233,0.23,13,713,0,0,1
307,4.1576,0.2773,13,713,0,0,1
308,4.1889,0.4611,13,713,0,0,1
309,4.1893,0.4027,13,713,0,0,1
310,4.197,0.2939,13,713,0,0,1
311,4.0896,0.3963,13,713,0,0,1
312,4.2306,0.2377,13,713,0,0,1
313,4.1714,0.3195,13,713,0,0,1
314,4.1729,0.2719,13,713,0,0,1
315,4.1675,0.7051,13,713,0,0,1
316,4.4749,0.286,13,713,0,0,1
317,3.836,0.3218,13,713,0,0,1
318,4.1235,0.2397,13,713,0,0,1
319,4.2152,0.4689,13,713,0,0,1
320,4.1783,0.2665,13,713,0,0,1
321,4.1672,0.2785,13,713,0,0,1
322,4.1755,0.2779,13,713,0,0,1
323,4.082,0.3059,13,713,0,0,1
324,4.228,0.3222,13,713,0,0,1
325,4.1107,0.2706,13,713,0,0,1
326,4.1809,0.2737,13,713,0,0,1
327,4.1976,0.2751,13,713,0,0,1
328,4.5372,0.3685,15,713,0,0,1
329,3.9505,0.3133,15,713,0,0,1
330,3.9653,0.2679,15,713,0,0,1
331,4.36,0.4093,15,713,0,0,1
332,4.214,0.3414,15,713,0,0,1
333,3.9357,0.2444,15,713,0,0,1
334,4.2214,0.3018,15,713,0,0,1
335,4.1122,0.2414,15,713,0,0,1
336,4.1901,0.3307,15,713,0,0,1
337,4.193,0.3059,15,713,0,0,1
338,4.2008,0.4581,15,713,0,0,1
339,4.1475,0.2774,15,713,0,0,1
340,4.1779,0.3718,15,713,0,0,1
341,4.0569,0.2469,15,713,0,0,1
342,4.2197,0.2357,15,713,0,0,1
343,4.2118,0.2465,15,713,0,0,1
344,4.3395,0.5184,15,713,0,0,1
345,4.3961,0.3398,15,713,0,0,1
346,3.7721,0.2946,15,713,0,0,1
347,4.0551,0.3053,15,713,0,0,1
348,4.5294,0.6555,15,713,0,0,1
349,4.1792,0.3098,15,713,0,0,1
350,4.1027,0.4886,15,713,0,0,1
351,3.9179,0.2858,15,713,0,0,1
352,4.1468,0.2343,15,713,0,0,1
353,4.2062,0.2618,15,713,0,0,1
354,4.1293,0.2627,15,713,0,0,1
355,4.2291,0.258,15,713,0,0,1
356,4.2211,0.4505,15,713,0,0,1
357,4.095,0.454,15,713,0,0,1
358,4.154,0.2708,15,713,0,0,1
359,4.1404,0.2401,15,713,0,0,1
360,4.4492,0.3534,10,713,0,0,1
361,4.1471,0.2453,10,713,0,0,1
362,3.9731,0.3258,10,713,0,0,1
363,4.1454,0.2431,10,713,0,0,1
364,4.3107,0.4051,10,713,0,0,1
365,4.2679,0.3781,10,713,0,0,1
366,3.8818,0.2337,10,713,0,0,1
367,4.1236,0.2793,10,713,0,0,1
368,4.2105,0.2459,10,713,0,0,1
369,4.281,0.3587,10,713,0,0,1
370,4.0206,0.2248,10,713,0,0,1
371,4.1769,0.2996,10,713,0,0,1
372,4.2484,0.2652,10,713,0,0,1
373,4.1002,0.3196,10,713,0,0,1
374,4.287,0.2337,10,713,0,0,1
375,4.0668,0.3298,10,713,0,0,1
376,4.1381,0.4001,10,713,0,0,1
377,4.1952,0.2139,10,713,0,0,1
378,4.1404,0.2665,10,713,0,0,1
379,4.2269,0.2965,10,713,0,0,1
380,4.1507,0.2653,10,713,0,0,1
381,4.3764,0.4428,10,713,0,0,1
382,4.11,0.4555,10,713,0,0,1
383,4.6991,0.3004,10,713,0,0,1
384,3.5688,0.27,10,713,0,0,1
385,4.0377,0.4532,10,713,0,0,1
386,4.2276,0.3064,10,713,0,0,1
387,4.1664,0.2568,10,713,0,0,1
388,4.1281,0.3941,10,713,0,0,1
389,4.1691,0.2445,10,713,0,0,1
390,4.1606,0.2617,10,713,0,0,1
391,4.2169,0.383,10,713,0,0,1
392,4.1751,0.2614,10,713,0,0,1
393,4.3538,0.3173,15,713,0,0,1
394,4.1465,0.4718,15,713,0,0,1
395,3.9123,0.202,15,713,0,0,1
396,4.1603,0.259,15,713,0,0,1
397,4.1952,0.2367,15,713,0,0,1
398,4.5124,0.234,15,713,0,0,1
399,3.8772,0.272,15,713,0,0,1
400,4.1086,0.3784,15,713,0,0,1
401,4.1799,0.2784,15,713,0,0,1
402,4.1671,0.241,15,713,0,0,1
403,4.2101,0.3866,15,713,0,0,1
404,4.2071,0.3404,15,713,0,0,1
405,4.4036,0.4476,15,713,0,0,1
406,3.8078,0.3079,15,713,0,0,1
407,4.146,0.4164,15,713,0,0,1
408,4.1874,0.3844,15,713,0,0,1
409,4.2086,0.308,15,713,0,0,1
410,4.2362,0.3024,15,713,0,0,1
411,4.1357,0.3908,15,713,0,0,1
412,4.1842,0.283,15,713,0,0,1
413,4.1338,0.5317,15,713,0,0,1
414,4.3979,0.3077,15,713,0,0,1
415,4.0406,0.3335,15,713,0,0,1
416,4.0569,0.2985,15,713,0,0,1
417,4.2014,0.269,15,713,0,0,1
418,4.1561,0.2502,15,713,0,0,1
419,4.1312,0.2398,15,713,0,0,1
420,4.2157,0.4639,15,713,0,0,1
421,4.1215,0.2433,15,713,0,0,1
422,4.2215,0.296,15,713,0,0,1
423,4.0972,0.4099,15,713,0,0,1
424,4.2269,0.3831,15,713,0,0,1
425,4.1202,0.2416,15,713,0,0,1
426,4.1124,0.2103,15,713,0,0,1
427,4.2214,0.2741,15,713,0,0,1
428,4.448,0.4695,24,713,0,0,1
429,4.0674,0.2803,24,713,0,0,1
430,4.0291,0.3626,24,713,0,0,1
431,4.1121,0.4503,24,713,0,0,1
432,4.2991,0.4238,24,713,0,0,1
433,4.054,0.2437,24,713,0,0,1
434,4.1652,0.2732,24,713,0,0,1
435,4.2186,0.3999,24,713,0,0,1
436,4.4231,0.2976,24,713,0,0,1
437,3.8957,0.3857,24,713,0,0,1
438,4.1132,0.2639,24,713,0,0,1
439,4.2964,0.4575,24,713,0,0,1
440,4.4123,0.4945,24,713,0,0,1
441,3.8423,0.3174,24,713,0,0,1
442,4.1384,0.2769,24,713,0,0,1
443,4.1228,0.2773,24,713,0,0,1
444,4.3694,0.4804,24,713,0,0,1
445,4.0717,0.2734,24,713,0,0,1
446,4.1191,0.4462,24,713,0,0,1
447,4.459,0.3251,24,713,0,0,1
448,3.9334,0.2772,24,713,0,0,1
449,4.0677,0.2377,24,713,0,0,1
450,4.1756,0.3495,24,713,0,0,1
451,4.2224,0.3728,24,713,0,0,1
452,4.1379,0.3019,24,713,0,0,1
453,4.4829,0.45,24,713,0,0,1
454,3.8441,0.2728,24,713,0,0,1
455,4.1144,0.2701,24,713,0,0,1
456,4.2075,0.3241,24,713,0,0,1
457,4.1921,0.2984,24,713,0,0,1
458,4.1747,0.3135,24,713,0,0,1
459,4.3914,0.5822,24,713,0,0,1
460,3.8287,0.2658,24,713,0,0,1
461,4.2057,0.5561,24,713,0,0,1
462,4.4286,0.3889,29,713,0,0,1
463,4.1413,0.2516,29,713,0,0,1
464,4.4218,0.3894,29,713,0,0,1
465,3.7657,0.272,29,713,0,0,1
466,4.1593,0.4597,29,713,0,0,1
467,4.1004,0.2625,29,713,0,0,1
468,4.2368,0.263,29,713,0,0,1
469,4.1783,0.2749,29,713,0,0,1
470,4.2314,0.2698,29,713,0,0,1
471,4.0594,0.4343,29,713,0,0,1
472,4.5171,0.3784,29,713,0,0,1
473,3.8136,0.3013,29,713,0,0,1
474,4.0966,0.2385,29,713,0,0,1
475,4.208,0.2657,29,713,0,0,1
476,4.2821,0.4672,29,713,0,0,1
477,4.2171,0.3008,29,713,0,0,1
478,4.0721,0.3162,29,713,0,0,1
479,4.0663,0.3278,29,713,0,0,1
480,4.5492,0.2311,29,713,0,0,1
481,3.8265,0.273,29,713,0,0,1
482,4.721,0.3615,29,713,0,0,1
483,4.0904,0.4069,29,713,0,0,1
484,3.7427,0.3037,29,713,0,0,1
485,4.1718,0.3215,29,713,0,0,1
486,4.0605,0.3432,29,713,0,0,1
487,4.2665,0.3535,29,713,0,0,1
488,4.1401,0.2469,29,713,0,0,1
489,4.163,0.3965,29,713,0,0,1
490,4.1768,0.2549,29,713,0,0,1
491,4.089,0.3748,29,713,0,0,1
492,4.2167,0.3123,29,713,0,0,1
493,4.1483,0.3768,29,713,0,0,1
494,4.1911,0.3398,29,713,0,0,1
495,4.2762,0.2714,29,713,0,0,1
496,4.2362,0.2689,29,713,0,0,1
497,4.2028,0.3843,33,713,0,0,1
498,3.957,0.2795,33,713,0,0,1
499,4.1303,0.2734,33,713,0,0,1
500,4.1982,0.2839,33,713,0,0,1
501,4.6121,0.481,33,713,0,0,1
502,3.9209,0.3371,33,713,0,0,1
503,3.9328,0.2089,33,713,0,0,1
504,4.211,0.3129,33,713,0,0,1
505,4.1046,0.2561,33,713,0,0,1
506,4.2324,0.3733,33,713,0,0,1
507,4.1882,0.3466,33,713,0,0,1
508,4.1095,0.2667,33,713,0,0,1
509,4.2609,0.3589,33,713,0,0,1
510,4.0909,0.2764,33,713,0,0,1
511,4.5092,0.2941,33,713,0,0,1
512,3.8834,0.2644,33,713,0,0,1
513,4.3405,0.4786,33,713,0,0,1
514,3.9307,0.393,33,713,0,0,1
515,4.1278,0.2047,33,713,0,0,1
516,4.2623,0.407,33,713,0,0,1
517,4.0836,0.31,33,713,0,0,1
518,4.5218,0.4458,33,713,0,0,1
519,3.8499,0.2602,33,713,0,0,1
520,4.4876,0.2971,33,713,0,0,1
521,3.9132,0.2792,33,713,0,0,1
522,4.0526,0.2692,33,713,0,0,1
523,4.2564,0.3507,33,713,0,0,1
524,4.1476,0.503,33,713,0,0,1
525,4.174,0.3843,33,713,0,0,1
526,4.141,0.3177,33,713,0,0,1
527,4.1684,0.5085,33,713,0,0,1
528,4.1593,0.3155,33,713,0,0,1
529,4.1186,0.2683,33,713,0,0,1
530,4.214,0.3099,33,713,0,0,1
531,4.1604,0.3034,33,713,0,0,1
532,4.3616,0.2778,33,713,0,0,1
533,3.9763,0.4982,33,713,0,0,1
534,4.0969,0.26,33,713,0,0,1
535,4.2562,0.351,33,713,0,0,1
536,4.4711,0.2695,33,713,0,0,1
537,3.8963,0.3383,33,713,0,0,1
538,4.0779,0.3755,33,713,0,0,1
539,4.2089,0.4638,33,713,0,0,1
540,4.1744,0.318,33,713,0,0,1
541,4.1282,0.2756,33,713,0,0,1
542,4.2346,0.3007,33,713,0,0,1
543,4.1982,0.3032,33,713,0,0,1
544,4.099,0.4762,33,713,0,0,1
545,4.1511,0.3361,33,713,0,0,1
546,4.1195,0.2845,33,713,0,0,1
547,4.1945,0.2946,33,713,0,0,1
548,4.203,0.3078,33,713,0,0,1
549,4.1773,0.3187,33,713,0,0,1
550,4.1811,0.2961,33,713,0,0,1
551,4.1194,0.5174,33,713,0,0,1
552,4.1659,0.4564,33,713,0,0,1
553,4.2169,0.2813,33,713,0,0,1
554,4.1558,0.3168,33,713,0,0,1
555,4.1153,0.2627,33,713,0,0,1
556,4.4452,0.271,33,713,0,0,1
557,3.8431,0.4413,33,713,0,0,1
558,4.1962,0.2785,33,713,0,0,1
559,4.1953,0.3322,33,713,0,0,1
560,4.1919,0.3236,33,713,0,0,1
561,4.4504,0.3997,37,713,0,0,1
562,3.8884,0.314,37,713,0,0,1
563,4.0777,0.5452,37,713,0,0,1
564,4.3154,0.5817,37,713,0,0,1
565,4.0945,0.3025,37,713,0,0,1
566,4.2007,0.3133,37,713,0,0,1
567,4.1107,0.4073,37,713,0,0,1
568,4.4868,0.2978,37,713,0,0,1
569,3.8437,0.3169,37,713,0,0,1
570,4.1424,0.2401,37,713,0,0,1
571,4.2734,0.5254,37,713,0,0,1
572,4.0755,0.3054,37,713,0,0,1
573,4.1322,0.2917,37,713,0,0,1
574,4.2713,0.3261,37,713,0,0,1
575,4.056,0.2726,37,713,0,0,1
576,4.2514,0.5129,37,713,0,0,1
577,4.0888,0.2428,37,713,0,0,1
578,4.1654,0.4124,37,713,0,0,1
579,4.9868,0.3522,37,713,0,0,1
580,3.8168,0.2758,37,713,0,0,1
581,3.7684,0.3648,37,713,0,0,1
582,4.096,0.2716,37,713,0,0,1
583,4.3397,0.3839,37,713,0,0,1
584,4.088,0.477,37,713,0,0,1
585,4.3768,0.32,37,713,0,0,1
586,3.9602,0.4912,37,713,0,0,1
587,4.0999,0.3157,37,713,0,0,1
588,4.1935,0.2931,37,713,0,0,1
589,4.2075,0.2906,37,713,0,0,1
590,4.1547,0.3096,37,713,0,0,1
591,4.1705,0.3215,37,713,0,0,1
592,4.5154,0.3152,37,713,0,0,1
593,3.7554,0.3808,37,713,0,0,1
594,4.152,0.2737,37,713,0,0,1
595,4.1928,0.3801,37,713,0,0,1
596,4.3349,0.3754,37,713,0,0,1
597,4.2844,0.324,37,713,0,0,1
598,4.2966,0.3446,37,713,0,0,1
599,3.7901,0.3645,37,713,0,0,1
600,4.1384,0.3393,37,713,0,0,1
601,4.226,0.2858,37,713,0,0,1
602,4.1166,0.5255,37,713,0,0,1
603,4.17,0.2777,37,713,0,0,1
604,4.1793,0.4764,37,713,0,0,1
605,4.1743,0.3219,37,713,0,0,1
606,4.1097,0.2935,37,713,0,0,1
607,4.2048,0.352,37,713,0,0,1
608,4.1046,0.2729,37,713,0,0,1
609,4.3011,0.2788,37,713,0,0,1
610,4.1158,0.3059,37,713,0,0,1
611,4.1025,0.2726,37,713,0,0,1
612,4.1931,0.3163,37,713,0,0,1
613,4.1336,0.2708,37,713,0,0,1
614,4.2424,0.3195,37,713,0,0,1
615,4.2564,0.439,37,713,0,0,1
616,4.0699,0.4965,37,713,0,0,1
617,4.1578,0.3214,37,713,0,0,1
618,4.1235,0.2998,37,713,0,0,1
619,4.22,0.3149,37,713,0,0,1
620,4.15,0.2949,37,713,0,0,1
621,4.1861,0.3598,37,713,0,0,1
622,4.1545,0.3013,37,713,0,0,1
623,4.1235,0.2988,37,713,0,0,1
624,4.2414,0.3211,37,713,0,0,1
625,4.0955,0.3106,37,713,0,0,1
626,4.2229,0.3448,37,713,0,0,1
627,4.1637,0.4769,37,713,0,0,1
628,4.1919,0.303,37,713,0,0,1
629,4.1452,0.3225,37,713,0,0,1
630,4.108,0.2912,37,713,0,0,1
631,4.1921,0.3045,37,713,0,0,1
632,4.2251,0.2881,37,713,0,0,1
633,4.1518,0.5298,37,713,0,0,1
634,4.21,0.442,37,713,0,0,1
635,4.0986,0.3956,37,713,0,0,1
636,4.1233,0.3186,37,713,0,0,1
637,4.1716,0.3561,37,713,0,0,1
638,4.221,0.2855,37,713,0,0,1
639,4.1456,0.2931,37,713,0,0,1
640,4.1283,0.4534,37,713,0,0,1
641,4.493,0.4339,37,713,0,0,1
642,4.1126,0.3242,37,713,0,0,1
643,3.8784,0.3112,37,713,0,0,1
644,4.2552,0.5343,71,713,0,0,1
645,4.0867,0.4551,71,713,0,0,1
646,4.253,0.5343,71,713,0,0,1
647,4.3359,0.3224,71,713,0,0,1
648,4.2688,0.5491,71,713,0,0,1
649,3.8641,0.314,71,713,0,0,1
650,4.1978,0.3348,71,713,0,0,1
651,4.1546,0.4101,71,713,0,0,1
652,4.113,0.3301,71,713,0,0,1
653,4.2137,0.336,71,713,0,0,1
654,4.0986,0.3186,71,713,0,0,1
655,4.221,0.4228,71,713,0,0,1
656,4.1753,0.3418,71,713,0,0,1
657,4.1645,0.53,71,713,0,0,1
658,4.2034,0.53,71,713,0,0,1
659,4.0995,0.3635,71,713,0,0,1
660,4.2146,0.3487,71,713,0,0,1
661,4.1316,0.5393,71,713,0,0,1
662,4.2047,0.3377,71,713,0,0,1
663,4.4303,0.397,71,713,0,0,1
664,3.9097,0.313,71,713,0,0,1
665,4.1639,0.3065,71,713,0,0,1
666,4.1076,0.3035,71,713,0,0,1
667,4.2173,0.5953,71,713,0,0,1
668,4.2162,0.3676,71,713,0,0,1
669,4.0572,0.3436,71,713,0,0,1
670,4.2237,0.3122,71,713,0,0,1
671,4.1037,0.4518,71,713,0,0,1
672,4.1581,0.3107,71,713,0,0,1
673,4.2251,0.3992,71,713,0,0,1
674,4.1898,0.3369,71,713,0,0,1
675,4.4281,0.3018,71,713,0,0,1
676,4.1238,0.3213,71,713,0,0,1
677,4.2065,0.4766,71,713,0,0,1
678,3.8525,0.3005,71,713,0,0,1
679,4.2898,0.3454,71,713,0,0,1
680,4.0969,0.3068,71,713,0,0,1
681,4.4606,0.4051,71,713,0,0,1
682,3.8965,0.4271,71,713,0,0,1
683,4.0819,0.4469,71,713,0,0,1
684,4.2303,0.5217,71,713,0,0,1
685,4.1453,0.3157,71,713,0,0,1
686,4.1889,0.3248,71,713,0,0,1
687,4.1074,0.3066,71,713,0,0,1
688,4.236,0.3502,71,713,0,0,1
689,4.178,0.3107,71,713,0,0,1
690,4.0866,0.2865,71,713,0,0,1
691,4.3962,0.504,71,713,0,0,1
692,4.0294,0.3437,71,713,0,0,1
693,4.1239,0.4756,71,713,0,0,1
694,4.1817,0.321,71,713,0,0,1
695,4.1029,0.4729,71,713,0,0,1
696,4.2194,0.3311,71,713,0,0,1
697,4.2787,0.3846,71,713,0,0,1
698,4.0321,0.3657,71,713,0,0,1
699,4.2156,0.5713,71,713,0,0,1
700,4.2095,0.3457,71,713,0,0,1
701,4.1058,0.2824,71,713,0,0,1
702,4.116,0.3272,71,713,0,0,1
703,4.1943,0.5289,71,713,0,0,1
704,4.1833,0.3947,71,713,0,0,1
705,4.1094,0.2615,71,713,0,0,1
706,4.2282,0.3653,71,713,0,0,1
707,4.118,0.417,71,713,0,0,1
708,4.2246,0.5129,71,713,0,0,1
709,4.1317,0.286,71,713,0,0,1
710,4.1587,0.3127,71,713,0,0,1
711,4.4388,0.4374,71,713,0,0,1
712,4.3332,0.5594,71,713,0,0,1
713,3.6903,0.3374,71,713,0,0,1
714,4.1842,0.2964,71,713,0,0,1
715,4.2716,0.569,71,713,0,0,1
716,4.152,0.3644,71,713,0,0,1
717,4.1416,0.3615,71,713,0,0,1
718,4.1834,0.3169,71,713,0,0,1
719,4.0704,0.4232,71,713,0,0,1
720,4.1481,0.4365,71,713,0,0,1
721,4.2378,0.3334,71,713,0,0,1
722,4.1584,0.4508,71,713,0,0,1
723,4.1608,0.6228,71,713,0,0,1
724,4.2668,0.3608,71,713,0,0,1
725,4.08,0.3655,71,713,0,0,1
726,4.1412,0.3362,71,713,0,0,1
727,4.2147,0.4756,71,713,0,0,1
728,4.1701,0.4743,105,713,0,0,1
729,4.1797,0.3899,105,713,0,0,1
730,4.17,0.4467,105,713,0,0,1
731,4.0974,0.3862,105,713,0,0,1
732,4.2265,0.6451,105,713,0,0,1
733,4.1513,0.4051,105,713,0,0,1
734,4.2334,0.5891,105,713,0,0,1
735,4.0848,0.3619,105,713,0,0,1
736,4.1756,0.321,105,713,0,0,1
737,4.1246,0.3409,105,713,0,0,1
738,4.1753,0.361,105,713,0,0,1
739,4.2272,0.3869,105,713,0,0,1
740,4.1562,0.3644,105,713,0,0,1
741,4.1206,0.3908,105,713,0,0,1
742,4.2207,0.2768,105,713,0,0,1
743,4.1001,0.3949,105,713,0,0,1
744,4.1987,0.3442,105,713,0,0,1
745,4.1538,0.3277,105,713,0,0,1
746,4.1739,0.445,105,713,0,0,1
747,4.3277,0.6682,105,713,0,0,1
748,4.1359,0.6783,105,713,0,0,1
749,4.3393,0.3735,105,713,0,0,1
750,3.8889,0.3364,105,713,0,0,1
751,4.1873,0.3861,105,713,0,0,1
752,4.1747,0.3457,105,713,0,0,1
753,4.0835,0.5757,105,713,0,0,1
754,4.2052,0.3653,105,713,0,0,1
755,4.1379,0.3196,105,713,0,0,1
756,4.1931,0.3877,105,713,0,0,1
757,4.1456,0.3346,103,713,0,0,1
758,4.1679,0.3812,103,713,0,0,1
759,4.246,0.6016,103,713,0,0,1
760,4.1319,0.3996,103,713,0,0,1
761,4.1443,0.2651,103,713,0,0,1
762,4.1354,0.3437,103,713,0,0,1
763,4.2603,0.3485,103,713,0,0,1
764,4.1522,0.3515,103,713,0,0,1
765,4.1737,0.5195,103,713,0,0,1
766,4.1176,0.491,103,713,0,0,1
767,4.1342,0.3435,103,713,0,0,1
768,4.1938,0.3966,103,713,0,0,1
769,4.1521,0.3413,103,713,0,0,1
770,4.2242,0.3875,103,713,0,0,1
771,4.1727,0.5719,103,713,0,0,1
772,4.2209,0.5909,103,713,0,0,1
773,4.0952,0.3846,103,713,0,0,1
774,4.1262,0.2827,103,713,0,0,1
775,4.5026,0.3238,103,713,0,0,1
776,3.8906,0.3524,103,713,0,0,1
777,4.1602,0.4223,103,713,0,0,1
778,4.1822,0.3041,103,713,0,0,1
779,4.1593,0.5573,103,713,0,0,1
780,4.1503,0.4759,103,713,0,0,1
781,4.113,0.4137,103,713,0,0,1
782,4.175,0.3604,103,713,0,0,1
783,4.2056,0.4491,103,713,0,0,1
784,4.1187,0.3546,103,713,0,0,1
785,4.1599,0.3511,101,713,0,0,1
786,4.1543,0.3424,101,713,0,0,1
787,4.603,0.4138,101,713,0,0,1
788,3.8648,0.4208,101,713,0,0,1
789,4.0406,0.3363,101,713,0,0,1
790,4.2297,0.3314,101,713,0,0,1
791,4.1618,0.5042,101,713,0,0,1
792,4.2194,0.397,101,713,0,0,1
793,4.0758,0.3619,101,713,0,0,1
794,4.5326,0.3123,101,713,0,0,1
795,3.8536,0.5818,101,713,0,0,1
796,4.1055,0.4337,101,713,0,0,1
797,4.1974,0.5328,101,713,0,0,1
798,4.1211,0.309,101,713,0,0,1
799,4.4912,0.3767,101,713,0,0,1
800,3.9612,0.4629,101,713,0,0,1
801,4.1044,0.3711,101,713,0,0,1
802,4.147,0.3953,101,713,0,0,1
803,4.1981,0.4698,101,713,0,0,1
804,4.2682,0.5551,101,713,0,0,1
805,4.046,0.3697,101,713,0,0,1
806,4.5549,0.3752,101,713,0,0,1
807,3.873,0.5173,101,713,0,0,1
808,4.0431,0.3269,101,713,0,0,1
809,4.1486,0.319,101,713,0,0,1
810,4.1839,0.3101,101,713,0,0,1
811,4.2328,0.4072,101,713,0,0,1
812,4.1674,0.5426,135,713,0,0,1
813,4.1077,0.3464,135,713,0,0,1
814,4.2323,0.5344,135,713,0,0,1
815,4.0734,0.334,135,713,0,0,1
816,4.2683,0.6714,135,713,0,0,1
817,4.1037,0.3332,135,713,0,0,1
818,4.1971,0.4313,135,713,0,0,1
819,4.2256,0.423,135,713,0,0,1
820,4.0971,0.618,135,713,0,0,1
821,4.1508,0.4365,135,713,0,0,1
822,4.1532,0.3974,135,713,0,0,1
823,4.1412,0.3464,135,713,0,0,1
824,4.2055,0.3708,135,713,0,0,1
825,4.175,0.5654,135,713,0,0,1
826,4.2032,0.3812,135,713,0,0,1
827,4.0999,0.4683,135,713,0,0,1
828,4.1747,0.3751,135,713,0,0,1
829,4.2151,0.3733,135,713,0,0,1
830,4.1545,0.3961,135,713,0,0,1
831,4.4625,0.3878,135,713,0,0,1
832,4.1927,0.3899,135,713,0,0,1
833,3.8005,0.4128,135,713,0,0,1
834,4.1724,0.3361,135,713,0,0,1
835,4.2598,0.6494,135,713,0,0,1
836,4.1855,0.4897,135,713,0,0,1
837,4.081,0.3527,135,713,0,0,1
838,4.5011,0.2613,134,713,0,0,1
839,3.825,0.4048,134,713,0,0,1
840,4.1467,0.463,134,713,0,0,1
841,4.1681,0.3701,134,713,0,0,1
842,4.2135,0.4164,134,713,0,0,1
843,4.1596,0.6696,134,713,0,0,1
844,4.2382,0.437,134,713,0,0,1
845,4.0663,0.4069,134,713,0,0,1
846,4.1684,0.3664,134,713,0,0,1
847,4.3203,0.3381,134,713,0,0,1
848,4.06,0.3055,133,713,0,0,1
849,4.1231,0.3354,133,713,0,0,1
850,4.473,0.338,133,713,0,0,1
851,3.8626,0.3219,133,713,0,0,1
852,4.1874,0.4644,132,713,0,0,1
853,4.1404,0.3388,132,713,0,0,1
854,4.2248,0.5196,132,713,0,0,1
855,4.1032,0.6306,132,713,0,0,1
856,4.5026,0.5394,132,713,0,0,1
857,3.8657,0.3111,132,713,0,0,1
858,4.1281,0.3552,132,713,0,0,1
859,4.2343,0.3626,132,713,0,0,1
860,4.2123,0.7762,132,713,0,0,1
861,4.4242,0.406,132,713,0,0,1
862,3.8701,0.3317,130,713,0,0,1
863,4.0986,0.2798,130,713,0,0,1
864,4.2412,0.328,130,713,0,0,1
865,4.1317,0.3757,130,713,0,0,1
866,4.2121,0.5953,130,713,0,0,1
867,4.0999,0.284,130,713,0,0,1
868,4.1229,0.3872,130,713,0,0,1
869,4.2661,0.3774,130,713,0,0,1
870,4.1098,0.3437,130,713,0,0,1
871,4.2059,0.4536,130,713,0,0,1
872,4.1632,0.3582,130,713,0,0,1
873,4.5294,0.5826,130,713,0,0,1
874,3.7915,0.3785,130,713,0,0,1
875,4.1169,0.2487,130,713,0,0,1
876,4.2458,0.3737,130,713,0,0,1
877,4.1109,0.3694,130,713,0,0,1
878,4.2375,0.3495,130,713,0,0,1
879,4.1256,0.6019,130,713,0,0,1
880,4.3013,0.5324,130,713,0,0,1
881,4.2866,0.3379,130,713,0,0,1
882,3.8736,0.2791,130,713,0,0,1
883,4.5678,0.4514,130,713,0,0,1
884,3.8362,0.4073,130,713,0,0,1
885,4.1417,0.4572,130,713,0,0,1
886,4.1957,0.4223,130,713,0,0,1
887,4.5222,0.493,130,713,0,0,1
888,4.091,0.6038,130,713,0,0,1
889,4.2176,0.3092,130,713,0,0,1
890,3.8523,0.3583,130,713,0,0,1
891,4.1024,0.4842,130,713,0,0,1
892,4.2685,0.4775,129,713,0,0,1
893,4.1035,0.4052,129,713,0,0,1
894,4.1192,0.3666,129,713,0,0,1
895,4.5029,0.3397,129,713,0,0,1
896,3.8678,0.534,163,713,0,0,1
897,4.2964,0.6962,163,713,0,0,1
898,4.0091,0.6817,163,713,0,0,1
899,4.1705,0.3995,163,713,0,0,1
900,4.1958,0.389,163,713,0,0,1
901,4.114,0.429,163,713,0,0,1
902,4.1773,0.2706,162,713,0,0,1
903,4.2235,0.5053,162,713,0,0,1
904,4.141,0.5001,162,713,0,0,1
905,4.3082,0.3459,162,713,0,0,1
906,3.982,0.3948,162,713,0,0,1
907,4.2142,0.4049,162,713,0,0,1
908,4.1397,0.3807,162,713,0,0,1
909,4.2177,0.4491,162,713,0,0,1
910,4.2077,0.5411,162,713,0,0,1
911,4.0389,0.2793,162,713,0,0,1
912,4.2091,0.3949,162,713,0,0,1
913,4.1406,0.4307,162,713,0,0,1
914,4.2592,0.4328,162,713,0,0,1
915,4.0999,0.4021,162,713,0,0,1
916,4.3722,0.653,162,713,0,0,1
917,3.9839,0.6719,162,713,0,0,1
918,4.1267,0.3071,162,713,0,0,1
919,4.237,0.3329,162,713,0,0,1
920,4.0954,0.3618,162,713,0,0,1
921,4.4389,0.2933,162,713,0,0,1
922,3.9474,0.4792,162,713,0,0,1
923,4.1022,0.6699,161,713,0,0,1
924,4.4091,0.2892,161,713,0,0,1
925,3.9551,0.3441,161,713,0,0,1
926,4.2159,0.3033,161,713,0,0,1
927,4.1566,0.3828,160,713,0,0,1
928,4.1659,0.6437,160,713,0,0,1
929,4.1522,0.635,160,713,0,0,1
930,4.146,0.2865,160,713,0,0,1
931,4.1904,0.2676,160,713,0,0,1
932,4.2151,0.3721,160,713,0,0,1
933,4.3976,0.3114,160,713,0,0,1
934,3.9292,0.4443,160,713,0,0,1
935,4.137,0.5978,160,713,0,0,1
936,4.2093,0.6122,160,713,0,0,1
937,4.1726,0.5037,160,713,0,0,1
938,4.0733,0.3748,160,713,0,0,1
939,4.1716,0.3773,160,713,0,0,1
940,4.1648,0.5019,160,713,0,0,1
941,4.1948,0.5191,160,713,0,0,1
942,4.1496,0.3397,160,713,0,0,1
943,4.1623,0.4124,160,713,0,0,1
944,4.2011,0.3511,160,713,0,0,1
945,4.1951,0.4224,159,713,0,0,1
946,4.202,0.3769,159,713,0,0,1
947,4.0935,0.6036,159,713,0,0,1
948,4.128,0.566,159,713,0,0,1
949,4.2783,0.5081,159,713,0,0,1
950,4.0637,0.3575,159,713,0,0,1
951,4.3919,0.4434,159,713,0,0,1
952,4.2982,0.6113,159,713,0,0,1
953,3.8011,0.4761,159,713,0,0,1
954,4.177,0.3742,159,713,0,0,1
955,4.2041,0.5301,159,713,0,0,1
956,4.1885,0.4758,159,713,0,0,1
957,4.1001,0.349,159,713,0,0,1
958,4.2234,0.3997,159,713,0,0,1
959,4.1149,0.4529,158,713,0,0,1
960,4.3296,0.5309,158,713,0,0,1
961,4.0702,0.382,158,713,0,0,1
962,4.1139,0.3198,158,713,0,0,1
963,4.2595,0.5875,157,713,0,0,1
964,4.423,0.2905,157,713,0,0,1
965,4.0632,0.3513,157,713,0,0,1
966,3.9182,0.3529,156,713,0,0,1
967,4.1634,0.559,156,713,0,0,1
968,4.241,0.4249,156,713,0,0,1
969,4.1335,0.3796,156,713,0,0,1
970,4.1303,0.3708,156,713,0,0,1
971,4.1411,0.271,156,713,0,0,1
972,4.4345,0.5972,156,713,0,0,1
973,3.9357,0.3023,156,713,0,0,1
974,4.2379,0.4124,156,713,0,0,1
975,4.3082,0.431,156,713,0,0,1
976,4.3871,0.3978,156,713,0,0,1
977,3.7077,0.3627,156,713,0,0,1
978,4.1909,0.3217,156,713,0,0,1
979,4.2776,0.7326,156,713,0,0,1
980,4.0899,0.5309,190,713,0,0,1
981,4.1788,0.4425,190,713,0,0,1
982,4.44,0.4551,190,713,0,0,1
983,3.837,0.3896,190,713,0,0,1
984,4.2397,0.6223,190,713,0,0,1
985,4.1134,0.403,190,713,0,0,1
986,4.2682,0.3557,190,713,0,0,1
987,4.0583,0.4249,190,713,0,0,1
988,4.5349,0.5242,190,713,0,0,1
989,3.8714,0.4261,190,713,0,0,1
990,4.0905,0.3875,190,713,0,0,1
991,4.1405,0.4982,190,713,0,0,1
992,4.2564,0.4005,190,713,0,0,1
993,4.2295,0.3399,190,713,0,0,1
994,4.0882,0.4161,190,713,0,0,1
995,4.1142,0.2867,190,713,0,0,1
996,4.2215,0.45,190,713,0,0,1
997,4.1201,0.294,190,713,0,0,1
998,4.1583,0.3873,190,713,0,0,1
999,4.3887,0.3672,190,713,0,0,1
1000,3.9559,0.4183,190,713,0,0,1
1001,4.2149,0.3564,190,713,0,0,1
1002,4.0958,0.3743,190,713,0,0,1
1003,4.2318,0.3258,189,713,0,0,1
1004,4.1877,0.6633,189,713,0,0,1
1005,4.2478,0.6907,189,713,0,0,1
1006,4.0723,0.4938,188,713,0,0,1
1007,4.1071,0.4033,188,713,0,0,1
1008,4.2143,0.4576,188,713,0,0,1
1009,4.1323,0.3846,188,713,0,0,1
1010,4.2061,0.369,188,713,0,0,1
1011,4.2702,0.654,188,713,0,0,1
1012,4.0194,0.4053,187,713,0,0,1
1013,4.2363,0.5091,186,713,0,0,1
1014,4.1074,0.3849,185,713,0,0,1
1015,4.2118,0.4475,184,713,0,0,1
1016,4.1955,0.3669,184,713,0,0,1
1017,4.0801,0.3631,184,713,0,0,1
1018,4.1959,0.43,184,713,0,0,1
1019,4.1518,0.5265,184,713,0,0,1
1020,4.1534,0.322,184,713,0,0,1
1021,4.1828,0.4126,184,713,0,0,1
1022,4.3962,0.5279,184,713,0,0,1
1023,3.9802,0.3741,184,713,0,0,1
1024,4.3021,0.5424,183,713,0,0,1
1025,4.015,0.4492,183,713,0,0,1
1026,4.1261,0.2778,183,713,0,0,1
1027,4.2067,0.5631,182,713,0,0,1
1028,4.2139,0.3642,182,713,0,0,1
1029,4.3256,0.7215,182,713,0,0,1
1030,4.0038,0.52,182,713,0,0,1
1031,4.4113,0.4261,182,713,0,0,1
1032,3.829,0.3574,182,713,0,0,1
1033,4.2333,0.5156,182,713,0,0,1
1034,4.123,0.2897,182,713,0,0,1
1035,4.1768,0.3893,182,713,0,0,1
1036,4.1759,0.5705,182,713,0,0,1
1037,4.2129,0.3658,182,713,0,0,1
1038,4.0963,0.2902,182,713,0,0,1
1039,4.2018,0.4388,182,713,0,0,1
1040,4.1634,0.525,182,713,0,0,1
1041,4.3671,0.3944,182,713,0,0,1
1042,4.0991,0.4532,182,713,0,0,1
1043,3.999,0.5877,182,713,0,0,1
1044,4.2479,0.35,182,713,0,0,1
1045,4.1466,0.5531,182,713,0,0,1
1046,4.1771,0.3056,181,713,0,0,1
1047,4.0941,0.5384,181,713,0,0,1
1048,4.2131,0.5005,181,713,0,0,1
1049,4.1453,0.545,180,713,0,0,1
1050,4.1409,0.2703,179,713,0,0,1
1051,4.568,0.5168,179,713,0,0,1
1052,3.7807,0.3168,179,713,0,0,1
1053,4.1578,0.4638,179,713,0,0,1
1054,4.2409,0.2987,179,713,0,0,1
1055,4.1045,0.36,179,713,0,0,1
1056,4.2041,0.3625,179,713,0,0,1
1057,4.1173,0.4102,179,713,0,0,1
1058,4.2366,0.3967,179,713,0,0,1
1059,4.1451,0.4126,179,713,0,0,1
1060,4.36,0.3181,178,713,0,0,1
1061,4.0217,0.748,178,713,0,0,1
1062,4.083,0.38,178,713,0,0,1
1063,4.2017,0.4267,178,713,0,0,1
1064,4.1927,0.5295,212,713,0,0,1
1065,4.1517,0.4378,212,713,0,0,1
1066,4.164,0.5859,212,713,0,0,1
1067,4.1184,0.6044,212,713,0,0,1
1068,4.2473,0.4232,212,713,0,0,1
1069,4.1174,0.4651,212,713,0,0,1
1070,4.1816,0.6154,212,713,0,0,1
1071,4.1799,0.4276,212,713,0,0,1
1072,4.1056,0.4313,211,713,0,0,1
1073,4.1742,0.3654,211,713,0,0,1
1074,4.1499,0.3856,211,713,0,0,1
1075,4.1889,0.4935,211,713,0,0,1
1076,4.1808,0.4478,211,713,0,0,1
1077,4.5537,0.4321,211,713,0,0,1
1078,3.8058,0.3425,211,713,0,0,1
1079,4.1011,0.4604,211,713,0,0,1
1080,4.2679,0.643,211,713,0,0,1
1081,4.0833,0.3831,211,713,0,0,1
1082,4.4943,0.3809,211,713,0,0,1
1083,3.8837,0.435,210,713,0,0,1
1084,4.4094,0.4416,210,713,0,0,1
1085,3.8689,0.3132,210,713,0,0,1
1086,4.1772,0.3834,210,713,0,0,1
1087,4.222,0.3731,210,713,0,0,1
1088,4.1501,0.6338,210,713,0,0,1
1089,4.1703,0.405,210,713,0,0,1
1090,4.1064,0.4063,209,713,0,0,1
1091,4.1727,0.5896,209,713,0,0,1
1092,4.2408,0.3317,209,713,0,0,1
1093,4.1576,0.4499,209,713,0,0,1
1094,4.212,0.3614,208,713,0,0,1
1095,4.1116,0.5051,208,713,0,0,1
1096,4.5222,0.4966,208,713,0,0,1
1097,3.7797,0.4324,207,713,0,0,1
1098,4.1195,0.3705,207,713,0,0,1
1099,4.3845,0.3003,207,713,0,0,1
1100,4.2721,0.4163,207,713,0,0,1
1101,3.9274,0.3574,207,713,0,0,1
1102,4.1863,0.4303,207,713,0,0,1
1103,4.1144,0.4415,207,713,0,0,1
1104,4.4127,0.6575,207,713,0,0,1
1105,4.0873,0.3929,207,713,0,0,1
1106,4.1384,0.3429,207,713,0,0,1
1107,4.072,0.674,207,713,0,0,1
1108,4.4838,0.5077,206,713,0,0,1
1109,4.0698,0.5725,206,713,0,0,1
1110,3.9203,0.3377,206,713,0,0,1
1111,4.196,0.5427,206,713,0,0,1
1112,4.1534,0.6327,205,713,0,0,1
1113,4.1706,0.4661,205,713,0,0,1
1114,4.1181,0.3861,205,713,0,0,1
1115,4.1616,0.2988,205,713,0,0,1
1116,4.1883,0.4449,205,713,0,0,1
1117,4.1569,0.3131,205,713,0,0,1
1118,4.2161,0.6448,205,713,0,0,1
1119,4.1478,0.4305,205,713,0,0,1
1120,4.1905,0.4697,205,713,0,0,1
1121,4.0935,0.421,205,713,0,0,1
1122,4.1751,0.4571,205,713,0,0,1
1123,4.1857,0.4843,205,713,0,0,1
1124,4.3254,0.3542,205,713,0,0,1
1125,4.1473,0.4278,205,713,0,0,1
1126,4.0827,0.3514,205,713,0,0,1
1127,4.0951,0.4082,205,713,0,0,1
1128,4.4375,0.5273,203,713,0,0,1
1129,3.9472,0.433,203,713,0,0,1
1130,4.1492,0.6569,203,713,0,0,1
1131,4.1586,0.521,203,713,0,0,1
1132,4.479,0.5197,203,713,0,0,1
1133,3.8108,0.287,203,713,0,0,1
1134,4.1993,0.3984,203,713,0,0,1
1135,4.222,0.3225,201,713,0,0,1
1136,4.0987,0.6739,201,713,0,0,1
1137,4.1983,0.6153,201,713,0,0,1
1138,4.1899,0.4565,201,713,0,0,1
1139,4.1434,0.3908,201,713,0,0,1
1140,4.1151,0.4207,201,713,0,0,1
1141,4.2078,0.4128,201,713,0,0,1
1142,4.1583,0.5137,201,713,0,0,1
1143,4.3191,0.7036,201,713,0,0,1
1144,3.9948,0.3304,201,713,0,0,1
1145,4.2001,0.4611,201,713,0,0,1
1146,4.1133,0.2934,201,713,0,0,1
1147,4.2784,0.4216,201,713,0,0,1
1148,4.0678,0.5176,235,713,0,0,1
1149,4.2807,0.6068,235,713,0,0,1
1150,4.1375,0.5088,235,713,0,0,1
1151,4.1061,0.7457,234,713,0,0,1
1152,4.5615,0.7277,234,713,0,0,1
1153,3.834,0.4372,234,713,0,0,1
1154,4.3627,0.5045,234,713,0,0,1
1155,3.9932,0.4381,233,713,0,0,1
1156,4.1685,0.6637,233,713,0,0,1
1157,4.0952,0.3636,233,713,0,0,1
1158,4.1588,0.3987,233,713,0,0,1
1159,4.2133,0.3815,233,713,0,0,1
1160,4.164,0.4971,226,713,0,0,1
1161,4.1264,0.5397,225,713,0,0,1
1162,4.1846,0.4614,225,713,0,0,1
1163,4.1433,0.405,225,713,0,0,1
1164,4.2133,0.4278,225,713,0,0,1
1165,4.1249,0.4131,225,713,0,0,1
1166,4.4671,0.4971,224,713,0,0,1
1167,3.9008,0.3217,224,713,0,0,1
1168,4.3266,0.6874,224,713,0,0,1
1169,4.1484,0.575,224,713,0,0,1
1170,3.9804,0.4147,224,713,0,0,1
1171,4.5739,0.4073,224,713,0,0,1
1172,4.0565,0.3608,224,713,0,0,1
1173,4.1009,0.3848,224,713,0,0,1
1174,3.9557,0.4951,224,713,0,0,1
1175,4.1985,0.4518,223,713,0,0,1
1176,4.4104,0.4661,223,713,0,0,1
1177,3.8887,0.3139,223,713,0,0,1
1178,4.1197,0.4125,222,713,0,0,1
1179,4.1545,0.342,221,713,0,0,1
1180,4.3089,0.5133,221,713,0,0,1
1181,4.0533,0.5998,221,713,0,0,1
1182,4.1911,0.2977,221,713,0,0,1
1183,4.2307,0.4625,221,713,0,0,1
1184,4.1885,0.4208,221,713,0,0,1
1185,4.1194,0.4152,221,713,0,0,1
1186,4.118,0.5097,221,713,0,0,1
1187,4.2205,0.5193,221,713,0,0,1
1188,4.1968,0.4965,221,713,0,0,1
1189,4.1246,0.6268,220,713,0,0,1
1190,4.188,0.4471,220,713,0,0,1
1191,4.1198,0.503,220,713,0,0,1
1192,4.2256,0.5112,220,713,0,0,1
1193,4.1305,0.6623,220,713,0,0,1
1194,4.1138,0.3102,220,713,0,0,1
1195,4.2689,0.4558,220,713,0,0,1
1196,4.1658,0.4606,220,713,0,0,1
1197,4.1013,0.3391,220,713,0,0,1
1198,4.189,0.4238,218,713,0,0,1
1199,4.1454,0.407,217,713,0,0,1
1200,4.1981,0.6674,217,713,0,0,1
1201,4.1767,0.4442,217,713,0,0,1
1202,4.1554,0.3455,217,713,0,0,1
1203,4.4877,0.4037,217,713,0,0,1
1204,4.0484,0.3345,217,713,0,0,1
1205,3.9502,0.5876,217,713,0,0,1
1206,4.1234,0.3577,217,713,0,0,1
1207,4.2461,0.4615,217,713,0,0,1
1208,4.1674,0.4879,217,713,0,0,1
1209,4.1472,0.34,216,713,0,0,1
1210,4.3911,0.5976,215,713,0,0,1
1211,3.8792,0.325,215,713,0,0,1
1212,4.2693,0.7256,214,713,0,0,1
1213,4.1247,0.4667,214,713,0,0,1
1214,4.2118,0.349,214,713,0,0,1
1215,4.0587,0.4159,214,713,0,0,1
1216,4.5089,0.5438,214,713,0,0,1
1217,3.8158,0.3903,214,713,0,0,1
1218,4.1679,0.3225,214,713,0,0,1
1219,4.2362,0.4594,214,713,0,0,1
1220,4.1672,0.4614,213,713,0,0,1
1221,4.1752,0.349,213,713,0,0,1
1222,4.172,0.4426,213,713,0,0,1
1223,4.1164,0.3873,213,713,0,0,1
1224,4.2116,0.5382,213,713,0,0,1
1225,4.282,0.5029,213,713,0,0,1
1226,4.0163,0.2965,212,713,0,0,1
1227,4.1846,0.4944,212,713,0,0,1
1228,4.1991,0.3867,212,713,0,0,1
1229,4.1409,0.4136,212,713,0,0,1
1230,4.1369,0.3612,212,713,0,0,1
1231,4.3763,0.6971,212,713,0,0,1
1232,4.0898,0.7959,246,713,0,0,1
1233,4.3051,0.5441,246,713,0,0,1
1234,3.9136,0.5028,246,713,0,0,1
1235,4.1531,0.3934,246,713,0,0,1
1236,4.1793,0.5111,246,713,0,0,1
1237,4.1927,0.4141,246,713,0,0,1
1238,4.4959,0.4641,246,713,0,0,1
1239,3.8589,0.3728,246,713,0,0,1
1240,4.105,0.4907,245,713,0,0,1
1241,4.1384,0.3776,244,713,0,0,1
1242,4.1646,0.322,244,713,0,0,1
1243,4.2553,0.4351,237,713,0,0,1
1244,4.1761,0.3704,237,713,0,0,1
1245,4.3914,0.4328,236,713,0,0,1
1246,3.8833,0.6235,236,713,0,0,1
1247,4.1605,0.3193,236,713,0,0,1
1248,4.2181,0.4638,236,713,0,0,1
1249,4.1167,0.4079,236,713,0,0,1
1250,4.2396,0.6022,236,713,0,0,1
1251,4.1481,0.4607,235,713,0,0,1
1252,4.2221,0.444,235,713,0,0,1
1253,4.0974,0.3585,235,713,0,0,1
1254,4.1027,0.4142,235,713,0,0,1
1255,4.2286,0.3524,235,713,0,0,1
1256,4.1202,0.4599,235,713,0,0,1
1257,4.2191,0.4772,235,713,0,0,1
1258,4.1513,0.3576,234,713,0,0,1
1259,4.1675,0.4026,234,713,0,0,1
1260,4.4575,0.68,233,713,0,0,1
1261,3.871,0.558,233,713,0,0,1
1262,4.2114,0.4058,233,713,0,0,1
1263,4.1842,0.3977,232,713,0,0,1
1264,4.1295,0.923,232,713,0,0,1
1265,4.1405,0.6565,232,713,0,0,1
1266,4.1298,0.3226,231,713,0,0,1
1267,4.2694,0.4425,231,713,0,0,1
1268,4.2492,0.4217,230,713,0,0,1
1269,4.0702,0.5545,230,713,0,0,1
1270,4.1613,0.4666,230,713,0,0,1
1271,4.099,0.409,230,713,0,0,1
1272,4.2433,0.4195,229,713,0,0,1
1273,4.1024,0.5239,229,713,0,0,1
1274,4.3724,0.3781,229,713,0,0,1
1275,4.0151,0.5819,229,713,0,0,1
1276,4.5147,0.5617,228,713,0,0,1
1277,3.781,0.3537,228,713,0,0,1
1278,4.1568,0.4132,228,713,0,0,1
1279,4.4286,0.6102,228,713,0,0,1
1280,3.9148,0.3842,228,713,0,0,1
1281,4.3372,0.6447,228,713,0,0,1
1282,3.9849,0.4166,227,713,0,0,1
1283,4.1657,0.6168,227,713,0,0,1
1284,4.1853,0.4944,227,713,0,0,1
1285,4.1513,0.3476,227,713,0,0,1
1286,4.1865,0.4388,226,713,0,0,1
1287,4.1581,0.4622,226,713,0,0,1
1288,4.1874,0.6095,226,713,0,0,1
1289,4.2695,0.4874,226,713,0,0,1
1290,3.9964,0.3709,226,713,0,0,1
1291,4.1961,0.5642,226,713,0,0,1
1292,4.4209,0.475,226,713,0,0,1
1293,3.9077,0.3446,226,713,0,0,1
1294,4.2391,0.7168,226,713,0,0,1
1295,4.3437,0.5924,226,713,0,0,1
1296,3.925,0.4379,225,713,0,0,1
1297,4.1648,0.4087,225,713,0,0,1
1298,4.2068,0.4298,225,713,0,0,1
1299,4.1848,0.4448,224,713,0,0,1
1300,4.2874,0.8908,223,713,0,0,1
1301,4.0271,0.3804,223,713,0,0,1
1302,4.1291,0.4231,223,713,0,0,1
1303,4.2242,0.4271,223,713,0,0,1
1304,4.2032,0.3962,223,713,0,0,1
1305,4.0818,0.4805,223,713,0,0,1
1306,4.132,0.5169,223,713,0,0,1
1307,4.4086,0.5103,223,713,0,0,1
1308,3.9751,0.4748,223,713,0,0,1
1309,4.144,0.3131,223,713,0,0,1
1310,4.2261,0.4621,223,713,0,0,1
1311,4.2312,0.7456,223,713,0,0,1
1312,4.2723,0.6356,222,713,0,0,1
1313,3.9893,0.6131,222,713,0,0,1
1314,4.1069,0.3058,220,713,0,0,1
1315,4.1245,0.4067,220,713,0,0,1
1316,4.1963,0.48,254,713,0,0,1
1317,4.1629,0.4276,254,713,0,0,1
1318,4.2552,0.5682,254,713,0,0,1
1319,4.1351,0.4165,254,713,0,0,1
1320,4.1815,0.4159,254,713,0,0,1
1321,4.142,0.4582,253,713,0,0,1
1322,4.1707,0.6439,253,713,0,0,1
1323,4.1708,0.5973,253,713,0,0,1
1324,4.1609,0.6739,253,713,0,0,1
1325,4.2733,0.6091,253,713,0,0,1
1326,4.0479,0.6364,252,713,0,0,1
1327,4.4988,0.47,245,713,0,0,1
1328,3.8563,0.4932,245,713,0,0,1
1329,4.4609,0.3371,245,713,0,0,1
1330,3.919,0.4525,245,713,0,0,1
1331,4.1186,0.5563,245,713,0,0,1
1332,4.164,0.6384,245,713,0,0,1
1333,4.1561,0.4077,245,713,0,0,1
1334,4.2478,0.4661,245,713,0,0,1
1335,4.3927,0.3318,245,713,0,0,1
1336,4.1669,0.7049,245,713,0,0,1
1337,3.8659,0.5477,245,713,0,0,1
1338,4.1321,0.3225,245,713,0,0,1
1339,4.2187,0.4808,245,713,0,0,1
1340,4.1973,0.4569,245,713,0,0,1
1341,4.0783,0.3364,244,713,0,0,1
1342,4.1905,0.4124,244,713,0,0,1
1343,4.1856,0.395,244,713,0,0,1
1344,4.3159,0.5433,243,713,0,0,1
1345,3.9813,0.594,242,713,0,0,1
1346,4.1819,0.4556,242,713,0,0,1
1347,4.1906,0.3893,242,713,0,0,1
1348,4.4537,0.4468,242,713,0,0,1
1349,3.9034,0.6636,242,713,0,0,1
1350,4.1207,0.339,242,713,0,0,1
1351,4.1801,0.5625,242,713,0,0,1
1352,4.2191,0.4216,242,713,0,0,1
1353,4.1256,0.3918,242,713,0,0,1
1354,4.1302,0.4855,242,713,0,0,1
1355,4.196,0.3335,242,713,0,0,1
1356,4.1539,0.4439,242,713,0,0,1
1357,4.253,0.4045,242,713,0,0,1
1358,4.1417,0.3768,242,713,0,0,1
1359,4.1851,0.5142,242,713,0,0,1
1360,4.0678,0.4174,242,713,0,0,1
1361,4.2311,0.4138,242,713,0,0,1
1362,4.112,0.4089,242,713,0,0,1
1363,4.2407,0.4035,242,713,0,0,1
1364,4.3306,0.363,242,713,0,0,1
1365,4.1973,0.5449,242,713,0,0,1
1366,3.919,0.4365,241,713,0,0,1
1367,4.185,0.3384,240,713,0,0,1
1368,4.047,0.5441,240,713,0,0,1
1369,4.2516,0.4702,240,713,0,0,1
1370,4.5212,0.4522,239,713,0,0,1
1371,4.2441,0.512,237,713,0,0,1
1372,3.7814,0.5846,235,713,0,0,1
1373,4.1667,0.5098,235,713,0,0,1
1374,4.1575,0.41,235,713,0,0,1
1375,4.3408,0.6072,235,713,0,0,1
1376,3.976,0.4554,235,713,0,0,1
1377,4.4043,0.4547,234,713,0,0,1
1378,3.9018,0.3161,233,713,0,0,1
1379,4.2601,0.4093,233,713,0,0,1
1380,4.1138,0.4359,233,713,0,0,1
1381,4.1637,0.3267,232,713,0,0,1
1382,4.1853,0.7743,231,713,0,0,1
1383,4.1426,0.3885,231,713,0,0,1
1384,4.1875,0.6957,231,713,0,0,1
1385,4.1197,0.4371,231,713,0,0,1
1386,4.1718,0.3187,231,713,0,0,1
1387,4.1726,0.4263,231,713,0,0,1
1388,4.288,0.4062,231,713,0,0,1
1389,4.098,0.3889,231,713,0,0,1
1390,4.1823,0.4689,231,713,0,0,1
1391,4.5089,0.3386,231,713,0,0,1
1392,4.103,0.6432,231,713,0,0,1
1393,3.8004,0.4142,231,713,0,0,1
1394,4.2428,0.3203,231,713,0,0,1
1395,4.2569,0.5662,230,713,0,0,1
1396,3.9851,0.3914,230,713,0,0,1
1397,4.2643,0.3824,230,713,0,0,1
1398,4.109,0.4044,230,713,0,0,1
1399,4.4897,0.575,230,713,0,0,1
1400,3.8626,0.4072,264,713,0,0,1
1401,4.1805,0.7302,264,713,0,0,1
1402,4.1483,0.4518,264,713,0,0,1
1403,4.1581,0.3329,264,713,0,0,1
1404,4.2285,0.5097,264,713,0,0,1
1405,4.1236,0.5315,264,713,0,0,1
1406,4.2184,0.5119,264,713,0,0,1
1407,4.1221,0.5372,264,713,0,0,1
1408,4.1908,0.9151,263,713,0,0,1
1409,4.1746,0.3986,263,713,0,0,1
1410,4.0853,0.3428,263,713,0,0,1
1411,4.4512,0.3776,256,713,0,0,1
1412,3.9923,0.3876,256,713,0,0,1
1413,4.2114,0.4918,256,713,0,0,1
1414,4.1321,0.4195,255,713,0,0,1
1415,4.4047,0.4949,255,713,0,0,1
1416,3.889,0.4388,255,713,0,0,1
1417,4.1065,0.4172,255,713,0,0,1
1418,4.1429,0.3941,255,713,0,0,1
1419,4.2976,0.3438,255,713,0,0,1
1420,4.1538,0.6985,255,713,0,0,1
1421,4.1168,0.4392,255,713,0,0,1
1422,4.1241,0.3319,255,713,0,0,1
1423,4.2001,0.4157,255,713,0,0,1
1424,4.2079,0.463,255,713,0,0,1
1425,4.061,0.4839,254,713,0,0,1
1426,4.2317,0.6532,253,713,0,0,1
1427,4.444,0.5751,252,713,0,0,1
1428,3.8383,0.3997,252,713,0,0,1
1429,4.1823,0.4111,252,713,0,0,1
1430,4.23,0.4995,252,713,0,0,1
1431,4.1854,0.5177,252,713,0,0,1
1432,4.3353,0.6976,252,713,0,0,1
1433,3.9698,0.4495,251,713,0,0,1
1434,4.1117,0.3188,251,713,0,0,1
1435,4.246,0.464,251,713,0,0,1
1436,4.1319,0.5169,250,713,0,0,1
1437,4.1818,0.3386,249,713,0,0,1
1438,4.3718,0.4205,249,713,0,0,1
1439,3.9886,0.6437,249,713,0,0,1
1440,4.1357,0.4087,248,713,0,0,1
1441,4.1218,0.413,248,713,0,0,1
1442,4.1516,0.3838,248,713,0,0,1
1443,4.2311,0.3819,248,713,0,0,1
1444,4.1261,0.7487,248,713,0,0,1
1445,4.2174,0.6243,248,713,0,0,1
1446,4.0854,0.3276,248,713,0,0,1
1447,4.1904,0.4084,248,713,0,0,1
1448,4.186,0.4219,247,713,0,0,1
1449,4.1916,0.387,247,713,0,0,1
1450,4.1651,0.4197,247,713,0,0,1
1451,4.1363,0.5953,245,713,0,0,1
1452,4.1612,0.3977,245,713,0,0,1
1453,4.1724,0.4363,245,713,0,0,1
1454,4.23,0.4078,244,713,0,0,1
1455,4.118,0.4458,242,713,0,0,1
1456,4.1971,0.4775,241,713,0,0,1
1457,4.1029,0.601,241,713,0,0,1
1458,4.1629,0.4033,241,713,0,0,1
1459,4.4552,0.5381,241,713,0,0,1
1460,3.8987,0.5223,240,713,0,0,1
1461,4.208,0.4531,240,713,0,0,1
1462,4.1917,0.4138,239,713,0,0,1
1463,4.145,0.5309,239,713,0,0,1
1464,4.1095,0.4312,239,713,0,0,1
1465,4.1648,0.405,238,713,0,0,1
1466,4.2192,0.3826,237,713,0,0,1
1467,4.4767,0.6077,236,713,0,0,1
1468,3.8082,0.3597,236,713,0,0,1
1469,4.2277,0.6822,236,713,0,0,1
1470,4.113,0.4144,236,713,0,0,1
1471,4.2564,0.3505,236,713,0,0,1
1472,4.4456,0.5322,236,713,0,0,1
1473,3.837,0.4336,235,713,0,0,1
1474,4.3922,0.4762,235,713,0,0,1
1475,3.9631,0.4938,235,713,0,0,1
1476,4.139,0.6395,235,713,0,0,1
1477,4.2435,0.3599,235,713,0,0,1
1478,4.3756,0.5497,235,713,0,0,1
1479,4.2715,0.3206,234,713,0,0,1
1480,3.7782,0.5213,232,713,0,0,1
1481,4.1449,0.4613,231,713,0,0,1
1482,4.1197,0.3159,230,713,0,0,1
1483,4.385,0.5765,230,713,0,0,1
1484,4.0064,0.4254,264,713,0,0,1
1485,4.1371,0.5064,264,713,0,0,1
1486,4.2291,0.4771,264,713,0,0,1
1487,4.1346,0.467,264,713,0,0,1
1488,4.1224,0.4617,264,713,0,0,1
1489,4.1837,0.4282,264,713,0,0,1
1490,4.2225,0.6668,264,713,0,0,1
1491,4.1904,0.4012,263,713,0,0,1
1492,4.1236,0.4185,263,713,0,0,1
1493,4.1165,0.4432,263,713,0,0,1
1494,4.1881,0.3959,263,713,0,0,1
1495,4.2727,0.5222,262,713,0,0,1
1496,4.0224,0.4235,255,713,0,0,1
1497,4.2505,0.4396,255,713,0,0,1
1498,4.1662,0.3699,255,713,0,0,1
1499,4.1711,0.4205,255,713,0,0,1
1500,4.0779,0.5156,255,713,0,0,1
1501,4.2052,0.3599,255,713,0,0,1
1502,4.3552,0.5683,255,713,0,0,1
1503,4.038,0.4448,255,713,0,0,1
1504,4.1744,0.4212,255,713,0,0,1
1505,4.143,0.5203,255,713,0,0,1
1506,4.0877,0.4029,255,713,0,0,1
1507,4.2092,0.3429,255,713,0,0,1
1508,4.2096,0.4644,255,713,0,0,1
1509,4.1718,0.5096,255,713,0,0,1
1510,4.1802,0.3883,255,713,0,0,1
1511,4.1073,0.4277,254,713,0,0,1
1512,4.2105,0.4795,254,713,0,0,1
1513,4.1094,0.4415,254,713,0,0,1
1514,4.2673,0.5943,254,713,0,0,1
1515,4.1205,0.6583,253,713,0,0,1
1516,4.149,0.7434,253,713,0,0,1
1517,4.1494,0.4035,253,713,0,0,1
1518,4.1347,0.4643,253,713,0,0,1
1519,4.1821,0.5757,253,713,0,0,1
1520,4.3413,0.3665,253,713,0,0,1
1521,4.1064,0.4581,253,713,0,0,1
1522,4.3396,0.4153,252,713,0,0,1
1523,3.9031,0.3323,252,713,0,0,1
1524,4.1811,0.5489,252,713,0,0,1
1525,4.1569,0.4103,252,713,0,0,1
1526,4.1972,0.5584,252,713,0,0,1
1527,4.2486,0.5715,252,713,0,0,1
1528,4.0859,0.5068,252,713,0,0,1
1529,4.1088,0.4927,251,713,0,0,1
1530,4.1425,0.4082,251,713,0,0,1
1531,4.2646,0.4275,251,713,0,0,1
1532,4.2057,0.3491,251,713,0,0,1
1533,4.0527,0.4311,250,713,0,0,1
1534,4.2579,0.4851,250,713,0,0,1
1535,4.083,0.337,250,713,0,0,1
1536,4.1574,0.4751,250,713,0,0,1
1537,4.2461,0.7068,250,713,0,0,1
1538,4.1506,0.5345,250,713,0,0,1
1539,4.25,0.5869,250,713,0,0,1
1540,4.1903,0.5072,249,713,0,0,1
1541,4.0341,0.6686,249,713,0,0,1
1542,4.1501,0.3409,249,713,0,0,1
1543,4.5056,0.4195,249,713,0,0,1
1544,3.8791,0.4251,249,713,0,0,1
1545,4.2022,0.5496,249,713,0,0,1
1546,4.2611,0.5,249,713,0,0,1
1547,4.0645,0.6013,248,713,0,0,1
1548,4.4336,0.5535,248,713,0,0,1
1549,3.8302,0.4338,248,713,0,0,1
1550,4.1558,0.4314,248,713,0,0,1
1551,4.2118,0.6891,248,713,0,0,1
1552,4.1008,0.7822,248,713,0,0,1
1553,4.1801,0.3878,247,713,0,0,1
1554,4.1619,0.3339,247,713,0,0,1
1555,4.505,0.3856,247,713,0,0,1
1556,3.7985,0.3519,246,713,0,0,1
1557,4.284,0.3349,245,713,0,0,1
1558,4.076,0.641,245,713,0,0,1
1559,4.261,0.4441,244,713,0,0,1
1560,4.0989,0.3969,244,713,0,0,1
1561,4.1503,0.4748,244,713,0,0,1
1562,4.2176,0.4104,244,713,0,0,1
1563,4.4144,0.3482,244,713,0,0,1
1564,4.1181,0.8319,244,713,0,0,1
1565,4.0739,0.4274,244,713,0,0,1
1566,4.0164,0.3272,244,713,0,0,1
1567,4.1627,0.4003,244,713,0,0,1
1568,4.2354,0.626,278,713,0,0,1
1569,4.1443,0.4992,278,713,0,0,1
1570,4.1309,0.6988,278,713,0,0,1
1571,4.2255,0.7258,278,713,0,0,1
1572,4.0755,0.4293,278,713,0,0,1
1573,4.2172,0.3945,277,713,0,0,1
1574,4.1916,0.4794,277,713,0,0,1
1575,4.4416,0.7522,277,713,0,0,1
1576,3.829,0.7113,277,713,0,0,1
1577,4.2044,0.6861,277,713,0,0,1
1578,4.1351,0.441,277,713,0,0,1
1579,4.1862,0.4564,270,713,0,0,1
1580,4.1507,0.3871,270,713,0,0,1
1581,4.2215,0.3918,270,713,0,0,1
1582,4.3853,0.428,270,713,0,0,1
1583,3.9593,0.7719,270,713,0,0,1
1584,4.1489,0.4131,270,713,0,0,1
1585,4.1027,0.3554,270,713,0,0,1
1586,4.2556,0.4868,270,713,0,0,1
1587,4.4966,0.3721,269,713,0,0,1
1588,3.9646,0.393,269,713,0,0,1
1589,4.0335,0.4356,269,713,0,0,1
1590,4.113,0.4197,269,713,0,0,1
1591,4.2128,0.3862,269,713,0,0,1
1592,4.1761,0.4213,269,713,0,0,1
1593,4.1552,0.4715,269,713,0,0,1
1594,4.1299,0.6594,268,713,0,0,1
1595,4.2083,0.5515,268,713,0,0,1
1596,4.1404,0.755,266,713,0,0,1
1597,4.1345,0.4315,265,713,0,0,1
1598,4.1657,0.3581,265,713,0,0,1
1599,4.225,0.3873,264,713,0,0,1
1600,4.1676,0.5464,264,713,0,0,1
1601,4.1515,0.5209,262,713,0,0,1
1602,4.1247,0.3328,262,713,0,0,1
1603,4.2116,0.474,261,713,0,0,1
1604,4.1259,0.4861,261,713,0,0,1
1605,4.2338,0.3825,261,713,0,0,1
1606,4.1684,0.4719,261,713,0,0,1
1607,4.1157,0.7124,261,713,0,0,1
1608,4.1103,0.3518,261,713,0,0,1
1609,4.1791,0.3429,260,713,0,0,1
1610,4.2579,0.4801,260,713,0,0,1
1611,4.1456,0.4173,260,713,0,0,1
1612,4.1819,0.4109,260,713,0,0,1
1613,4.1162,0.5682,259,713,0,0,1
1614,4.182,0.412,257,713,0,0,1
1615,4.2076,0.4961,257,713,0,0,1
1616,4.1737,0.7397,257,713,0,0,1
1617,4.5178,0.5084,257,713,0,0,1
1618,4.0586,0.3215,256,713,0,0,1
1619,3.8826,0.422,256,713,0,0,1
1620,4.1706,0.5681,255,713,0,0,1
1621,4.1418,0.3433,255,713,0,0,1
1622,4.2247,0.4943,255,713,0,0,1
1623,4.1258,0.452,255,713,0,0,1
1624,4.1745,0.5214,254,713,0,0,1
1625,4.1892,0.3831,254,713,0,0,1
1626,4.1087,0.4187,253,713,0,0,1
1627,4.1566,0.5555,253,713,0,0,1
1628,4.5068,0.3744,253,713,0,0,1
1629,3.8922,0.4835,253,713,0,0,1
1630,4.1177,0.3699,253,713,0,0,1
1631,4.1807,0.3354,253,713,0,0,1
1632,4.4251,0.4422,253,713,0,0,1
1633,3.9064,0.3734,253,713,0,0,1
1634,4.1892,0.4898,253,713,0,0,1
1635,4.1472,0.437,253,713,0,0,1
1636,4.2314,0.4486,253,713,0,0,1
1637,4.4346,0.3619,252,713,0,0,1
1638,3.8278,0.4134,251,713,0,0,1
1639,4.1495,0.566,249,713,0,0,1
1640,4.2307,0.3638,249,713,0,0,1
1641,4.1234,0.449,249,713,0,0,1
1642,4.4719,0.4155,249,713,0,0,1
1643,3.9276,0.452,249,713,0,0,1
1644,4.1592,0.4726,248,713,0,0,1
1645,4.105,0.365,248,713,0,0,1
1646,4.1921,0.5969,248,713,0,0,1
1647,4.1971,0.6873,248,713,0,0,1
1648,4.1075,0.668,248,713,0,0,1
1649,4.2181,0.3861,248,713,0,0,1
1650,4.0796,0.3962,248,713,0,0,1
1651,4.2273,0.3561,248,713,0,0,1
1652,4.1091,0.4119,282,713,0,0,1
1653,4.2103,0.4938,282,713,0,0,1
1654,4.2011,0.481,282,713,0,0,1
1655,4.1691,0.4995,282,713,0,0,1
1656,4.1071,0.5074,282,713,0,0,1
1657,4.1887,0.4465,282,713,0,0,1
1658,4.1418,0.4012,282,713,0,0,1
1659,4.2598,0.6401,282,713,0,0,1
1660,4.299,0.5323,282,713,0,0,1
1661,4.0048,0.5256,282,713,0,0,1
1662,4.1319,0.4114,282,713,0,0,1
1663,4.2325,0.3624,275,713,0,0,1
1664,4.1401,0.473,275,713,0,0,1
1665,4.1199,0.4517,274,713,0,0,1
1666,4.2623,0.3791,274,713,0,0,1
1667,4.0913,0.5189,274,713,0,0,1
1668,4.1128,0.6187,274,713,0,0,1
1669,4.1725,0.4192,274,713,0,0,1
1670,4.2594,0.4811,274,713,0,0,1
1671,4.1576,0.6457,274,713,0,0,1
1672,4.2821,0.5656,273,713,0,0,1
1673,3.9897,0.3851,273,713,0,0,1
1674,4.1432,0.3368,273,713,0,0,1
1675,4.2714,0.4743,272,713,0,0,1
1676,4.1231,0.4393,271,713,0,0,1
1677,4.1835,0.3503,271,713,0,0,1
1678,4.1535,0.6183,269,713,0,0,1
1679,4.4507,0.6165,269,713,0,0,1
1680,3.8254,0.3872,269,713,0,0,1
1681,4.1856,0.3475,269,713,0,0,1
1682,4.2233,0.4671,268,713,0,0,1
1683,4.1526,0.719,268,713,0,0,1
1684,4.2915,0.6056,268,713,0,0,1
1685,4.002,0.3922,266,713,0,0,1
1686,4.1645,0.427,266,713,0,0,1
1687,4.5071,0.4365,266,713,0,0,1
1688,3.9142,0.4127,265,713,0,0,1
1689,4.104,0.5594,265,713,0,0,1
1690,4.1446,0.5712,265,713,0,0,1
1691,4.2501,0.3809,265,713,0,0,1
1692,4.0585,0.6928,265,713,0,0,1
1693,4.1669,0.4426,265,713,0,0,1
1694,4.2818,0.3831,265,713,0,0,1
1695,4.3348,0.6392,265,713,0,0,1
1696,4.1236,0.7279,264,713,0,0,1
1697,3.9575,0.3791,264,713,0,0,1
1698,4.1531,0.3411,263,713,0,0,1
1699,4.2604,0.472,262,713,0,0,1
1700,4.2056,0.5629,261,713,0,0,1
1701,4.0763,0.6427,261,713,0,0,1
1702,4.2062,0.4205,261,713,0,0,1
1703,4.1661,0.6702,261,713,0,0,1
1704,4.1387,0.3564,261,713,0,0,1
1705,4.1268,0.4348,261,713,0,0,1
1706,4.2173,0.4776,261,713,0,0,1
1707,4.1694,0.3796,261,713,0,0,1
1708,4.3742,0.3594,260,713,0,0,1
1709,4.129,0.6779,259,713,0,0,1
1710,3.9454,0.3676,259,713,0,0,1
1711,4.1921,0.3342,259,713,0,0,1
1712,4.185,0.4846,258,713,0,0,1
1713,4.4643,0.8573,257,713,0,0,1
1714,3.8715,0.4716,257,713,0,0,1
1715,4.1851,0.7112,257,713,0,0,1
1716,4.1705,0.4583,257,713,0,0,1
1717,4.4164,0.3383,257,713,0,0,1
1718,3.907,0.4985,257,713,0,0,1
1719,4.1437,0.4158,257,713,0,0,1
1720,4.1759,0.6222,256,713,0,0,1
1721,4.1163,0.4206,255,713,0,0,1
1722,4.1465,0.4398,254,713,0,0,1
1723,4.224,0.3943,253,713,0,0,1
1724,4.2046,0.7203,253,713,0,0,1
1725,4.1487,0.5292,253,713,0,0,1
1726,4.1861,0.3626,253,713,0,0,1
1727,4.1702,0.7368,252,713,0,0,1
1728,4.1718,0.6523,251,713,0,0,1
1729,4.1028,0.3532,251,713,0,0,1
1730,4.3884,0.5539,250,713,0,0,1
1731,3.9534,0.4446,250,713,0,0,1
1732,4.216,0.4401,250,713,0,0,1
1733,4.1166,0.4411,250,713,0,0,1
1734,4.156,0.4385,250,713,0,0,1
1735,4.2181,0.4019,250,713,0,0,1
1736,4.174,0.4023,284,713,0,0,1
1737,4.0735,0.6273,284,713,0,0,1
1738,4.1922,0.4987,284,713,0,0,1
1739,4.2099,0.3596,284,713,0,0,1
1740,4.1744,0.5638,284,713,0,0,1
1741,4.1263,0.4783,283,713,0,0,1
1742,4.1651,0.4276,282,713,0,0,1
1743,4.221,0.6466,280,713,0,0,1
1744,4.4844,0.5737,279,713,0,0,1
1745,3.7736,0.6769,279,713,0,0,1
1746,4.1887,0.4116,279,713,0,0,1
1747,4.3462,0.5993,272,713,0,0,1
1748,3.9466,0.3661,271,713,0,0,1
1749,4.2588,0.4997,270,713,0,0,1
1750,4.1844,0.4334,269,713,0,0,1
1751,4.1339,0.3393,269,713,0,0,1
1752,4.1428,0.5686,269,713,0,0,1
1753,4.1507,0.4638,268,713,0,0,1
1754,4.425,0.5868,268,713,0,0,1
1755,3.9768,0.3924,268,713,0,0,1
1756,4.4766,0.574,268,713,0,0,1
1757,3.9002,0.4371,268,713,0,0,1
1758,4.0694,0.3312,268,713,0,0,1
1759,4.2746,0.7373,264,713,0,0,1
1760,4.0528,0.4628,264,713,0,0,1
1761,4.5036,0.4239,264,713,0,0,1
1762,4.164,0.3401,264,713,0,0,1
1763,3.8495,0.4416,263,713,0,0,1
1764,4.2236,0.6597,263,713,0,0,1
1765,4.0864,0.6449,263,713,0,0,1
1766,4.2778,0.4464,262,713,0,0,1
1767,4.0811,0.4609,262,713,0,0,1
1768,4.524,0.586,262,713,0,0,1
1769,3.8345,0.3934,262,713,0,0,1
1770,4.1257,0.4313,262,713,0,0,1
1771,4.2862,0.6559,262,713,0,0,1
1772,4.0088,0.3467,262,713,0,0,1
1773,4.1831,0.4169,261,713,0,0,1
1774,4.2392,0.5206,261,713,0,0,1
1775,4.1552,0.3707,261,713,0,0,1
1776,4.1776,0.404,261,713,0,0,1
1777,4.1294,0.4424,260,713,0,0,1
1778,4.4018,0.6918,260,713,0,0,1
1779,3.938,0.428,260,713,0,0,1
1780,4.2065,0.5171,260,713,0,0,1
1781,4.1742,0.5265,259,713,0,0,1
1782,4.1159,0.4388,259,713,0,0,1
1783,4.2066,0.3605,259,713,0,0,1
1784,4.1576,0.4799,259,713,0,0,1
1785,4.1732,0.4676,259,713,0,0,1
1786,4.1704,0.382,258,713,0,0,1
1787,4.1949,0.7123,258,713,0,0,1
1788,4.1381,0.6074,257,713,0,0,1
1789,4.0934,0.3419,257,713,0,0,1
1790,4.25,0.5354,257,713,0,0,1
1791,4.2779,0.7877,255,713,0,0,1
1792,3.9755,0.3862,254,713,0,0,1
1793,4.2158,0.4005,254,713,0,0,1
1794,4.1337,0.4521,254,713,0,0,1
1795,4.1576,0.3508,254,713,0,0,1
1796,4.1807,0.3574,254,713,0,0,1
1797,4.2778,0.6892,253,713,0,0,1
1798,4.0511,0.4384,253,713,0,0,1
1799,4.3104,0.4106,252,713,0,0,1
1800,4.0956,0.5823,252,713,0,0,1
1801,4.2845,0.412,252,713,0,0,1
1802,4.0231,0.6341,252,713,0,0,1
1803,4.1206,0.4437,250,713,0,0,1
1804,4.3684,0.5515,250,713,0,0,1
1805,4.0034,0.4094,250,713,0,0,1
1806,4.1401,0.4105,250,713,0,0,1
1807,4.2242,0.5012,250,713,0,0,1
1808,4.1733,0.3782,249,713,0,0,1
1809,4.3131,0.6302,248,713,0,0,1
1810,4.467,0.4409,248,713,0,0,1
1811,3.9749,0.3503,248,713,0,0,1
1812,3.8752,0.5153,247,713,0,0,1
1813,4.1765,0.4655,247,713,0,0,1
1814,4.1252,0.3739,247,713,0,0,1
1815,4.4676,0.339,247,713,0,0,1
1816,3.9596,0.7218,246,713,0,0,1
1817,4.1436,0.3817,246,713,0,0,1
1818,4.097,0.3383,246,713,0,0,1
1819,4.2026,0.4646,246,713,0,0,1
1820,4.0842,0.3797,280,713,0,0,1
1821,4.2359,0.6064,280,713,0,0,1
1822,4.3057,0.456,280,713,0,0,1
1823,4.1576,0.5969,279,713,0,0,1
1824,4.0568,0.4662,278,713,0,0,1
1825,4.1347,0.3988,278,713,0,0,1
1826,4.1999,0.4828,277,713,0,0,1
1827,4.1832,0.6397,277,713,0,0,1
1828,4.3201,0.6938,277,713,0,0,1
1829,4.0016,0.5794,277,713,0,0,1
1830,4.1282,0.4363,277,713,0,0,1
1831,4.2072,0.6883,269,713,0,0,1
1832,4.1415,0.3945,269,713,0,0,1
1833,4.4067,0.3494,269,713,0,0,1
1834,4.1342,0.733,269,713,0,0,1
1835,3.9919,0.7025,269,713,0,0,1
1836,4.1192,0.3533,268,713,0,0,1
1837,4.1486,0.3672,268,713,0,0,1
1838,4.5509,0.4296,268,713,0,0,1
1839,4.1146,0.3612,268,713,0,0,1
1840,3.867,0.5725,268,713,0,0,1
1841,4.3325,0.7289,268,713,0,0,1
1842,3.9464,0.4012,268,713,0,0,1
1843,4.5715,0.467,266,713,0,0,1
1844,3.8109,0.368,266,713,0,0,1
1845,4.4626,0.4378,265,713,0,0,1
1846,4.1494,0.3772,265,713,0,0,1
1847,3.9354,0.573,265,713,0,0,1
1848,4.2886,0.5915,265,713,0,0,1
1849,3.9692,0.4364,265,713,0,0,1
1850,4.5292,0.4024,265,713,0,0,1
1851,4.1026,0.3993,265,713,0,0,1
1852,4.1753,0.676,262,713,0,0,1
1853,4.0846,0.5767,262,713,0,0,1
1854,3.9659,0.3669,262,713,0,0,1
1855,4.2412,0.9636,261,713,0,0,1
1856,4.4604,0.4237,261,713,0,0,1
1857,4.1849,0.5862,260,713,0,0,1
1858,4.4205,0.5045,260,713,0,0,1
1859,3.5487,0.4269,259,713,0,0,1
1860,4.262,0.4035,259,713,0,0,1
1861,4.044,0.3672,259,713,0,0,1
1862,4.6105,0.5905,259,713,0,0,1
1863,3.8742,0.3849,259,713,0,0,1
1864,4.0106,0.3564,259,713,0,0,1
1865,4.4301,0.6487,259,713,0,0,1
1866,3.876,0.3759,259,713,0,0,1
1867,4.1721,0.6501,259,713,0,0,1
1868,4.324,0.6566,259,713,0,0,1
1869,4.0686,0.6279,259,713,0,0,1
1870,4.5055,0.3695,259,713,0,0,1
1871,3.8037,0.3289,258,713,0,0,1
1872,4.3723,0.4147,258,713,0,0,1
1873,3.9036,0.3531,257,713,0,0,1
1874,4.2454,0.4138,256,713,0,0,1
1875,4.0533,0.57,254,713,0,0,1
1876,4.4797,0.4649,253,713,0,0,1
1877,3.9582,0.3919,253,713,0,0,1
1878,4.0853,0.3703,253,713,0,0,1
1879,4.2464,0.3167,253,713,0,0,1
1880,4.1211,0.3006,253,713,0,0,1
1881,4.2095,0.4611,252,713,0,0,1
1882,4.2265,0.4597,252,713,0,0,1
1883,4.0589,0.3036,251,713,0,0,1
1884,4.1422,0.4159,251,713,0,0,1
1885,4.1641,0.3929,249,713,0,0,1
1886,4.2965,0.3973,246,713,0,0,1
1887,4.1645,0.5097,246,713,0,0,1
1888,4.086,0.4234,246,713,0,0,1
1889,4.2709,0.4278,245,713,0,0,1
1890,4.0674,0.4265,245,713,0,0,1
1891,4.2222,0.5748,245,713,0,0,1
1892,4.0784,0.3294,244,713,0,0,1
1893,4.2773,0.425,244,713,0,0,1
1894,4.1534,0.4663,244,713,0,0,1
1895,4.4693,0.336,244,713,0,0,1
1896,3.829,0.4718,244,713,0,0,1
1897,4.1756,0.4481,244,713,0,0,1
1898,4.1733,0.5379,244,713,0,0,1
1899,4.1532,0.4336,244,713,0,0,1
1900,4.2142,0.6196,244,713,0,0,1
1901,4.4456,0.3317,243,713,0,0,1
1902,3.8079,0.4704,243,713,0,0,1
1903,4.2428,0.3662,243,713,0,0,1
1904,4.1736,0.3815,277,713,0,0,1
1905,4.2021,0.4828,277,713,0,0,1
1906,4.4675,0.4328,277,713,0,0,1
1907,3.7823,0.5011,277,713,0,0,1
1908,4.1309,0.361,277,713,0,0,1
1909,4.1686,0.4243,276,713,0,0,1
1910,4.2245,0.6213,276,713,0,0,1
1911,4.3604,0.6166,276,713,0,0,1
1912,3.9874,0.4218,276,713,0,0,1
1913,4.1754,0.4979,276,713,0,0,1
1914,4.1092,0.4259,276,713,0,0,1
1915,4.4858,0.3555,269,713,0,0,1
1916,3.8077,0.4462,269,713,0,0,1
1917,4.2166,0.6595,269,713,0,0,1
1918,4.2303,0.4359,269,713,0,0,1
1919,4.1013,0.3575,269,713,0,0,1
1920,4.1631,0.4815,269,713,0,0,1
1921,4.1895,0.4261,269,713,0,0,1
1922,4.1072,0.3595,269,713,0,0,1
1923,4.2535,0.7979,268,713,0,0,1
1924,4.2425,0.5046,268,713,0,0,1
1925,4.0404,0.3907,268,713,0,0,1
1926,4.1744,0.3457,268,713,0,0,1
1927,4.2078,0.4781,268,713,0,0,1
1928,4.1506,0.3784,268,713,0,0,1
1929,4.1481,0.6743,268,713,0,0,1
1930,4.281,0.523,268,713,0,0,1
1931,4.4693,0.5438,268,713,0,0,1
1932,3.7126,0.3416,267,713,0,0,1
1933,4.1638,0.3551,266,713,0,0,1
1934,4.4859,0.4428,265,713,0,0,1
1935,3.9918,0.4036,265,713,0,0,1
1936,4.0646,0.72,264,713,0,0,1
1937,4.3961,0.5531,264,713,0,0,1
1938,3.9517,0.4174,264,713,0,0,1
1939,4.1703,0.4034,264,713,0,0,1
1940,4.0966,0.4096,264,713,0,0,1
1941,4.2587,0.6443,264,713,0,0,1
1942,4.2056,0.7448,264,713,0,0,1
1943,4.1525,0.3873,264,713,0,0,1
1944,4.4207,0.6316,263,713,0,0,1
1945,3.8474,0.3902,263,713,0,0,1
1946,4.2546,0.3552,263,713,0,0,1
1947,4.1489,0.4231,263,713,0,0,1
1948,4.1265,0.6942,263,713,0,0,1
1949,4.1945,0.3992,262,713,0,0,1
1950,4.0806,0.4265,262,713,0,0,1
1951,4.2281,0.4692,260,713,0,0,1
1952,4.1474,0.39,260,713,0,0,1
1953,4.4227,0.5236,260,713,0,0,1
1954,4.2006,0.4226,260,713,0,0,1
1955,3.9101,0.4127,259,713,0,0,1
1956,4.1335,0.3458,259,713,0,0,1
1957,4.1335,0.4583,259,713,0,0,1
1958,4.5063,0.3853,257,713,0,0,1
1959,4.1164,0.3261,256,713,0,0,1
1960,3.9184,0.6765,254,713,0,0,1
1961,4.1589,0.5874,254,713,0,0,1
1962,4.1164,0.3306,254,713,0,0,1
1963,4.2542,0.4341,254,713,0,0,1
1964,4.1055,0.4002,252,713,0,0,1
1965,4.2244,0.4316,251,713,0,0,1
1966,4.182,0.5336,251,713,0,0,1
1967,4.1705,0.6483,250,713,0,0,1
1968,4.1441,0.3993,249,713,0,0,1
1969,4.0955,0.4331,249,713,0,0,1
1970,4.1974,0.5636,248,713,0,0,1
1971,4.135,0.3741,247,713,0,0,1
1972,4.463,0.7018,247,713,0,0,1
1973,3.8792,0.684,247,713,0,0,1
1974,4.1917,0.3679,246,713,0,0,1
1975,4.1664,0.4211,246,713,0,0,1
1976,4.1252,0.3465,246,713,0,0,1
1977,4.2148,0.3744,245,713,0,0,1
1978,4.4255,0.514,244,713,0,0,1
1979,3.9678,0.5858,244,713,0,0,1
1980,4.1149,0.382,244,713,0,0,1
1981,4.1386,0.4002,244,713,0,0,1
1982,4.2483,0.3944,244,713,0,0,1
1983,4.1658,0.4733,244,713,0,0,1
1984,4.1423,0.5476,243,713,0,0,1
1985,4.1085,0.4862,243,713,0,0,1
1986,4.167,0.4196,243,713,0,0,1
1987,4.1935,0.484,243,713,0,0,1
1988,4.1142,0.3608,277,713,0,0,1
1989,4.2739,0.6964,277,713,0,0,1
1990,4.1562,0.4591,277,713,0,0,1
1991,4.1236,0.5794,277,713,0,0,1
1992,4.1783,0.6546,277,713,0,0,1
1993,4.1349,0.4456,277,713,0,0,1
1994,4.2216,0.4689,276,713,0,0,1
1995,4.1671,0.4262,276,713,0,0,1
1996,4.1645,0.4163,276,713,0,0,1
1997,4.1634,0.4492,276,713,0,0,1
1998,4.1304,0.4757,276,713,0,0,1
1999,4.2216,0.4011,276,713,0,0,1
2000,4.1166,0.3673,269,713,0,0,1
2001,4.1897,0.4985,268,713,0,0,1
2002,4.186,0.451,268,713,0,0,1
2003,4.1346,0.3396,268,713,0,0,1
2004,4.2257,0.44,268,713,0,0,1
2005,4.0878,0.4126,268,713,0,0,1
2006,4.2274,0.3899,267,713,0,0,1
2007,4.2574,0.4527,267,713,0,0,1
2008,4.0167,0.4489,267,713,0,0,1
2009,4.1691,0.3882,267,713,0,0,1
2010,4.1608,0.3493,267,713,0,0,1
2011,4.3556,0.648,267,713,0,0,1
2012,3.956,0.4299,267,713,0,0,1
2013,4.175,0.3463,266,713,0,0,1
2014,4.227,0.495,265,713,0,0,1
2015,4.1441,0.4306,265,713,0,0,1
2016,4.1977,0.5514,265,713,0,0,1
2017,4.1181,0.3788,265,713,0,0,1
2018,4.2075,0.521,265,713,0,0,1
2019,4.1041,0.4052,265,713,0,0,1
2020,4.2471,0.4173,265,713,0,0,1
2021,4.1104,0.4634,265,713,0,0,1
2022,4.1732,0.411,265,713,0,0,1
2023,4.1981,0.6418,265,713,0,0,1
2024,4.1822,0.4048,264,713,0,0,1
2025,4.1605,0.4981,264,713,0,0,1
2026,4.4602,0.366,262,713,0,0,1
2027,3.8419,0.469,262,713,0,0,1
2028,4.1839,0.5578,261,713,0,0,1
2029,4.1289,0.4023,260,713,0,0,1
2030,4.206,0.7341,259,713,0,0,1
2031,4.1923,0.7379,258,713,0,0,1
2032,4.0911,0.6728,257,713,0,0,1
2033,4.2478,0.4185,256,713,0,0,1
2034,4.1249,0.3601,256,713,0,0,1
2035,4.1561,0.4341,255,713,0,0,1
2036,4.1491,0.3613,255,713,0,0,1
2037,4.4033,0.5416,255,713,0,0,1
2038,3.9343,0.4432,255,713,0,0,1
2039,4.1837,0.3709,255,713,0,0,1
2040,4.1015,0.3401,254,713,0,0,1
2041,4.3645,0.4367,254,713,0,0,1
2042,4.0878,0.6887,254,713,0,0,1
2043,4.1322,0.386,253,713,0,0,1
2044,4.197,0.5245,252,713,0,0,1
2045,4.1102,0.4357,252,713,0,0,1
2046,4.1887,0.3672,252,713,0,0,1
2047,4.1665,0.3406,252,713,0,0,1
2048,4.1637,0.4548,252,713,0,0,1
2049,4.2546,0.6492,252,713,0,0,1
2050,4.1175,0.4201,252,713,0,0,1
2051,4.1799,0.6528,252,713,0,0,1
2052,4.0692,0.3907,251,713,0,0,1
2053,4.2183,0.342,251,713,0,0,1
2054,4.1763,0.4392,251,713,0,0,1
2055,4.1607,0.4082,251,713,0,0,1
2056,4.4449,0.5052,251,713,0,0,1
2057,3.8854,0.6544,250,713,0,0,1
2058,4.1522,0.4044,250,713,0,0,1
2059,4.1799,0.3316,250,713,0,0,1
2060,4.1579,0.5015,249,713,0,0,1
2061,4.1935,0.6737,249,713,0,0,1
2062,4.4164,0.5582,249,713,0,0,1
2063,3.9688,0.4538,249,713,0,0,1
2064,4.0879,0.4453,249,713,0,0,1
2065,4.2764,0.3505,249,713,0,0,1
2066,4.0052,0.43,248,713,0,0,1
2067,4.2693,0.656,248,713,0,0,1
2068,4.374,0.6232,248,713,0,0,1
2069,3.9058,0.3503,248,713,0,0,1
2070,4.1586,0.4137,248,713,0,0,1
2071,4.2679,0.4403,248,713,0,0,1
2072,4.0599,0.4131,282,713,0,0,1
2073,4.1727,0.6641,282,713,0,0,1
2074,4.1376,0.6338,282,713,0,0,1
2075,4.6571,0.5053,281,713,0,0,1
2076,3.7229,0.3684,281,713,0,0,1
2077,4.1699,0.4552,281,713,0,0,1
2078,4.1605,0.5588,281,713,0,0,1
2079,4.2054,0.3768,280,713,0,0,1
2080,4.1293,0.4468,278,713,0,0,1
2081,4.4589,0.738,278,713,0,0,1
2082,3.8567,0.4641,277,713,0,0,1
2083,4.2068,0.4974,270,713,0,0,1
2084,4.2205,0.4026,270,713,0,0,1
2085,4.3476,0.6543,270,713,0,0,1
2086,3.9401,0.4189,270,713,0,0,1
2087,4.217,0.4122,270,713,0,0,1
2088,4.0491,0.4695,270,713,0,0,1
2089,4.1886,0.4727,270,713,0,0,1
2090,4.2317,0.4078,270,713,0,0,1
2091,4.2345,0.3824,270,713,0,0,1
2092,4.0286,0.6822,270,713,0,0,1
2093,4.1579,0.6133,269,713,0,0,1
2094,4.2026,0.3624,269,713,0,0,1
2095,4.2288,0.6599,269,713,0,0,1
2096,4.1182,0.4881,269,713,0,0,1
2097,4.1981,0.5678,269,713,0,0,1
2098,4.2037,0.3556,269,713,0,0,1
2099,4.1279,0.4697,267,713,0,0,1
2100,4.1048,0.4583,267,713,0,0,1
2101,4.164,0.3439,267,713,0,0,1
2102,4.5397,0.4208,266,713,0,0,1
2103,4.1517,0.4296,264,713,0,0,1
2104,4.0724,0.6466,264,713,0,0,1
2105,3.8931,0.3523,264,713,0,0,1
2106,4.1739,0.4384,264,713,0,0,1
2107,4.2908,0.4153,264,713,0,0,1
2108,4.036,0.5989,263,713,0,0,1
2109,4.2243,0.7058,262,713,0,0,1
2110,4.1766,0.4628,262,713,0,0,1
2111,4.2405,0.5939,262,713,0,0,1
2112,4.0831,0.3599,262,713,0,0,1
2113,4.1233,0.4662,262,713,0,0,1
2114,4.2386,0.4483,262,713,0,0,1
2115,4.1879,0.3714,262,713,0,0,1
2116,4.1058,0.7187,262,713,0,0,1
2117,4.1313,0.541,262,713,0,0,1
2118,4.182,0.3629,262,713,0,0,1
2119,4.2426,0.509,262,713,0,0,1
2120,4.093,0.4352,262,713,0,0,1
2121,4.1929,0.5396,261,713,0,0,1
2122,4.1818,0.3961,261,713,0,0,1
2123,4.1912,0.4323,259,713,0,0,1
2124,4.1997,0.6926,258,713,0,0,1
2125,4.0569,0.3441,257,713,0,0,1
2126,4.2607,0.4942,257,713,0,0,1
2127,4.1176,0.4137,257,713,0,0,1
2128,4.1881,0.4451,257,713,0,0,1
2129,4.1348,0.655,257,713,0,0,1
2130,4.1112,0.4181,257,713,0,0,1
2131,4.2716,0.4028,257,713,0,0,1
2132,4.079,0.3581,257,713,0,0,1
2133,4.5156,0.4396,257,713,0,0,1
2134,3.8602,0.6793,257,713,0,0,1
2135,4.1698,0.3392,257,713,0,0,1
2136,4.151,0.6412,256,713,0,0,1
2137,4.1212,0.3996,256,713,0,0,1
2138,4.2125,0.3929,256,713,0,0,1
2139,4.2211,0.4819,256,713,0,0,1
2140,4.1284,0.5253,256,713,0,0,1
2141,4.1413,0.3622,256,713,0,0,1
2142,4.1593,0.467,256,713,0,0,1
2143,4.2181,0.6433,256,713,0,0,1
2144,4.1306,0.3967,256,713,0,0,1
2145,4.162,0.5735,255,713,0,0,1
2146,4.339,0.4752,255,713,0,0,1
2147,3.9988,0.3525,255,713,0,0,1
2148,4.1645,0.4332,254,713,0,0,1
2149,4.1596,0.4304,254,713,0,0,1
2150,4.3039,0.435,254,713,0,0,1
2151,4.0594,0.3849,253,713,0,0,1
2152,4.1947,0.4898,253,713,0,0,1
2153,4.1618,0.4496,253,713,0,0,1
2154,4.0819,0.4457,253,713,0,0,1
2155,4.3519,0.4,253,713,0,0,1
2156,4.0692,0.8461,287,713,0,0,1
2157,4.1389,0.6562,287,713,0,0,1
2158,4.1796,0.5261,287,713,0,0,1
2159,4.2819,0.5487,287,713,0,0,1
2160,4.0662,0.4599,286,713,0,0,1
2161,4.0972,0.3539,286,713,0,0,1
2162,4.2465,0.5464,285,713,0,0,1
2163,4.1565,0.4675,285,713,0,0,1
2164,4.1817,0.4926,285,713,0,0,1
2165,4.0873,0.3936,285,713,0,0,1
2166,4.1777,0.3603,285,713,0,0,1
2167,4.2378,0.4641,278,713,0,0,1
2168,4.1369,0.4304,278,713,0,0,1
2169,4.1331,0.3917,278,713,0,0,1
2170,4.3952,0.4528,277,713,0,0,1
2171,3.953,0.4315,277,713,0,0,1
2172,4.1971,0.4369,277,713,0,0,1
2173,4.1145,0.3579,277,713,0,0,1
2174,4.2093,0.4212,277,713,0,0,1
2175,4.2276,0.6926,277,713,0,0,1
2176,4.3983,0.5585,276,713,0,0,1
2177,3.8743,0.5328,275,713,0,0,1
2178,4.0913,0.4371,275,713,0,0,1
2179,4.264,0.4167,275,713,0,0,1
2180,4.0712,0.3439,275,713,0,0,1
2181,4.2783,0.7281,275,713,0,0,1
2182,4.1635,0.5264,274,713,0,0,1
2183,4.1699,0.4327,274,713,0,0,1
2184,4.0995,0.3907,272,713,0,0,1
2185,4.2019,0.7168,272,713,0,0,1
2186,4.1608,0.418,271,713,0,0,1
2187,4.2294,0.6244,270,713,0,0,1
2188,4.1325,0.5104,269,713,0,0,1
2189,4.1385,0.4878,269,713,0,0,1
2190,4.1266,0.4046,268,713,0,0,1
2191,4.1989,0.3834,267,713,0,0,1
2192,4.1567,0.4718,267,713,0,0,1
2193,4.1701,0.4217,267,713,0,0,1
2194,4.1912,0.3892,267,713,0,0,1
2195,4.1615,0.4991,267,713,0,0,1
2196,4.1737,0.4961,267,713,0,0,1
2197,4.1323,0.3616,266,713,0,0,1
2198,4.212,0.3893,266,713,0,0,1
2199,4.2481,0.448,265,713,0,0,1
2200,4.106,0.6766,265,713,0,0,1
2201,4.1152,0.3992,263,713,0,0,1
2202,4.1256,0.456,262,713,0,0,1
2203,4.199,0.4123,260,713,0,0,1
2204,4.2369,0.6413,260,713,0,0,1
2205,4.1043,0.6952,260,713,0,0,1
2206,4.157,0.6429,260,713,0,0,1
2207,4.1423,0.358,260,713,0,0,1
2208,4.1533,0.4022,260,713,0,0,1
2209,4.1613,0.4369,259,713,0,0,1
2210,4.1954,0.3694,259,713,0,0,1
2211,4.2291,0.3702,258,713,0,0,1
2212,4.1268,0.7041,256,713,0,0,1
2213,4.173,0.4364,255,713,0,0,1
2214,4.142,0.3526,255,713,0,0,1
2215,4.5405,0.475,255,713,0,0,1
2216,3.8287,0.5038,255,713,0,0,1
2217,4.1438,0.386,255,713,0,0,1
2218,4.2105,0.4142,255,713,0,0,1
2219,4.3127,0.718,255,713,0,0,1
2220,4.0341,0.3984,255,713,0,0,1
2221,4.0962,0.4298,255,713,0,0,1
2222,4.2263,0.4347,254,713,0,0,1
2223,4.2188,0.3418,254,713,0,0,1
2224,4.1275,0.4228,254,713,0,0,1
2225,4.1773,0.786,251,713,0,0,1
2226,4.0815,0.3326,251,713,0,0,1
2227,4.5961,0.479,251,713,0,0,1
2228,3.8117,0.4682,250,713,0,0,1
2229,4.1138,0.36,249,713,0,0,1
2230,4.1848,0.4402,249,713,0,0,1
2231,4.1578,0.6175,248,713,0,0,1
2232,4.2418,0.3901,248,713,0,0,1
2233,4.0896,0.4225,248,713,0,0,1
2234,4.2077,0.4987,248,713,0,0,1
2235,4.1943,0.3536,248,713,0,0,1
2236,4.1256,0.463,247,713,0,0,1
2237,4.2033,0.7209,247,713,0,0,1
2238,4.0826,0.334,247,713,0,0,1
2239,4.2421,0.4794,246,713,0,0,1
2240,4.0857,0.6077,280,713,0,0,1
2241,4.2369,0.3994,280,713,0,0,1
2242,4.2819,0.365,280,713,0,0,1
2243,3.9943,0.4461,280,713,0,0,1
2244,4.2416,0.7785,279,713,0,0,1
2245,4.0818,0.3776,279,713,0,0,1
2246,4.2165,0.4945,279,713,0,0,1
2247,4.127,0.4838,279,713,0,0,1
2248,4.4767,0.6568,278,713,0,0,1
2249,3.9049,0.3591,278,713,0,0,1
2250,4.0764,0.4464,278,713,0,0,1
2251,4.286,0.478,271,713,0,0,1
2252,4.0545,0.3537,270,713,0,0,1
2253,4.1972,0.3592,269,713,0,0,1
2254,4.246,0.482,269,713,0,0,1
2255,4.1081,0.6392,269,713,0,0,1
2256,4.3159,0.5446,269,713,0,0,1
2257,3.989,0.4184,269,713,0,0,1
2258,4.1856,0.4781,269,713,0,0,1
2259,4.2444,0.4306,269,713,0,0,1
2260,4.1301,0.3873,269,713,0,0,1
2261,4.0851,0.4617,268,713,0,0,1
2262,4.2035,0.432,267,713,0,0,1
2263,4.2354,0.6499,267,713,0,0,1
2264,4.1029,0.4324,267,713,0,0,1
2265,4.1747,0.5252,267,713,0,0,1
2266,4.0878,0.3534,266,713,0,0,1
2267,4.2304,0.4891,266,713,0,0,1
2268,4.1645,0.6387,266,713,0,0,1
2269,4.1424,0.6626,266,713,0,0,1
2270,4.2262,0.4397,265,713,0,0,1
2271,4.3124,0.5456,265,713,0,0,1
2272,4.043,0.5427,265,713,0,0,1
2273,4.0901,0.4135,265,713,0,0,1
2274,4.158,0.3418,264,713,0,0,1
2275,4.2625,0.6624,264,713,0,0,1
2276,4.1899,0.5828,264,713,0,0,1
2277,4.3983,0.4823,264,713,0,0,1
2278,3.8809,0.3977,264,713,0,0,1
2279,4.1047,0.4548,263,713,0,0,1
2280,4.2433,0.5863,263,713,0,0,1
2281,4.1095,0.3367,263,713,0,0,1
2282,4.2866,0.4056,263,713,0,0,1
2283,4.1185,0.7033,262,713,0,0,1
2284,4.1588,0.4495,262,713,0,0,1
2285,4.1127,0.3857,261,713,0,0,1
2286,4.1463,0.4352,261,713,0,0,1
2287,4.2482,0.7011,261,713,0,0,1
2288,4.1622,0.3851,259,713,0,0,1
2289,4.2167,0.4226,259,713,0,0,1
2290,4.0873,0.4893,259,713,0,0,1
2291,4.2039,0.436,258,713,0,0,1
2292,4.1475,0.4303,258,713,0,0,1
2293,4.116,0.4735,256,713,0,0,1
2294,4.1873,0.4202,256,713,0,0,1
2295,4.1578,0.3365,255,713,0,0,1
2296,4.2211,0.4985,255,713,0,0,1
2297,4.1535,0.494,255,713,0,0,1
2298,4.121,0.4702,255,713,0,0,1
2299,4.175,0.4114,255,713,0,0,1
2300,4.2152,0.4376,255,713,0,0,1
2301,4.1607,0.4486,255,713,0,0,1
2302,4.1819,0.6017,255,713,0,0,1
2303,4.1665,0.5097,255,713,0,0,1
2304,4.156,0.4453,255,713,0,0,1
2305,4.1379,0.355,254,713,0,0,1
2306,4.2109,0.7155,253,713,0,0,1
2307,4.1127,0.481,253,713,0,0,1
2308,4.2143,0.4132,253,713,0,0,1
2309,4.1087,0.3697,252,713,0,0,1
2310,4.1703,0.4532,252,713,0,0,1
2311,4.1905,0.4969,252,713,0,0,1
2312,4.204,0.3841,251,713,0,0,1
2313,4.259,0.5826,251,713,0,0,1
2314,4.0349,0.3797,250,713,0,0,1
2315,4.4145,0.4222,249,713,0,0,1
2316,3.9503,0.7851,249,713,0,0,1
2317,4.1019,0.3974,249,713,0,0,1
2318,4.2396,0.3505,249,713,0,0,1
2319,4.1678,0.7019,249,713,0,0,1
2320,4.0991,0.3896,249,713,0,0,1
2321,4.2234,0.3964,249,713,0,0,1
2322,4.0822,0.4197,249,713,0,0,1
2323,4.2058,0.4095,249,713,0,0,1
2324,4.1862,0.3611,283,713,0,0,1
2325,4.1852,0.5647,282,713,0,0,1
2326,4.1524,0.5433,281,713,0,0,1
2327,4.1694,0.4783,280,713,0,0,1
2328,4.1558,0.4394,280,713,0,0,1
2329,4.1359,0.3586,279,713,0,0,1
2330,4.2295,0.4808,278,713,0,0,1
2331,4.2174,0.4179,278,713,0,0,1
2332,4.1424,0.6616,278,713,0,0,1
2333,4.1358,0.3653,278,713,0,0,1
2334,4.1234,0.4679,278,713,0,0,1
2335,4.1134,0.4101,271,713,0,0,1
2336,4.2874,0.3627,271,713,0,0,1
2337,4.1692,0.5443,271,713,0,0,1
2338,4.1306,0.4358,270,713,0,0,1
2339,4.4308,0.5861,270,713,0,0,1
2340,4.2033,0.4898,269,713,0,0,1
2341,3.8017,0.4174,269,713,0,0,1
2342,4.2559,0.4583,269,713,0,0,1
2343,4.0966,0.3589,269,713,0,0,1
2344,4.2667,0.5353,269,713,0,0,1
2345,4.3698,0.5608,269,713,0,0,1
2346,3.8624,0.6062,269,713,0,0,1
2347,4.2377,0.3949,269,713,0,0,1
2348,4.1807,0.4771,267,713,0,0,1
2349,4.1334,0.6166,266,713,0,0,1
2350,4.1787,0.3635,266,713,0,0,1
2351,4.1088,0.3603,265,713,0,0,1
2352,4.2137,0.4964,265,713,0,0,1
2353,4.1157,0.4246,265,713,0,0,1
2354,4.2374,0.4027,263,713,0,0,1
2355,4.1385,0.5636,263,713,0,0,1
2356,4.3284,0.4466,263,713,0,0,1
2357,3.9519,0.3668,263,713,0,0,1
2358,4.2012,0.382,263,713,0,0,1
2359,4.1679,0.4837,263,713,0,0,1
2360,4.2246,0.5288,263,713,0,0,1
2361,4.1835,0.3676,262,713,0,0,1
2362,4.1162,0.445,262,713,0,0,1
2363,4.1227,0.7325,261,713,0,0,1
2364,4.2189,0.418,261,713,0,0,1
2365,4.1188,0.3575,261,713,0,0,1
2366,4.2401,0.52,261,713,0,0,1
2367,4.087,0.4485,261,713,0,0,1
2368,4.2398,0.5015,261,713,0,0,1
2369,4.211,0.7055,261,713,0,0,1
2370,4.0255,0.4158,261,713,0,0,1
2371,4.2484,0.4172,261,713,0,0,1
2372,4.1308,0.6734,261,713,0,0,1
2373,4.2017,0.4794,261,713,0,0,1
2374,4.2137,0.3936,261,713,0,0,1
2375,4.057,0.492,259,713,0,0,1
2376,4.232,0.4265,259,713,0,0,1
2377,4.1164,0.4204,259,713,0,0,1
2378,4.5211,0.4646,258,713,0,0,1
2379,3.8549,0.4692,257,713,0,0,1
2380,4.1307,0.5276,257,713,0,0,1
2381,4.1612,0.4433,254,713,0,0,1
2382,4.1815,0.4497,254,713,0,0,1
2383,4.1941,0.6187,254,713,0,0,1
2384,4.123,0.3732,253,713,0,0,1
2385,4.1836,0.4532,252,713,0,0,1
2386,4.1266,0.4359,252,713,0,0,1
2387,4.1666,0.5251,252,713,0,0,1
2388,4.1571,0.435,251,713,0,0,1
2389,4.208,0.426,249,713,0,0,1
2390,4.485,0.4612,248,713,0,0,1
2391,3.9145,0.6474,248,713,0,0,1
2392,4.4748,0.6505,247,713,0,0,1
2393,3.8081,0.4431,246,713,0,0,1
2394,4.1549,0.4208,245,713,0,0,1
2395,4.3116,0.4274,245,713,0,0,1
2396,4.0491,0.6332,245,713,0,0,1
2397,4.2012,0.4814,245,713,0,0,1
2398,4.4414,0.5126,245,713,0,0,1
2399,3.8235,0.4796,245,713,0,0,1
2400,4.1813,0.581,245,713,0,0,1
2401,4.1326,0.43,245,713,0,0,1
2402,4.3884,0.6521,245,713,0,0,1
2403,4.0597,0.483,245,713,0,0,1
2404,4.4392,0.4217,245,713,0,0,1
2405,3.8545,0.4428,245,713,0,0,1
2406,4.1241,0.4858,245,713,0,0,1
2407,4.199,0.4213,245,713,0,0,1
2408,4.2035,0.6526,279,713,0,0,1
2409,4.1385,0.4327,278,713,0,0,1
2410,4.1348,0.4588,278,713,0,0,1
2411,4.1388,0.4483,278,713,0,0,1
2412,4.234,0.3706,278,713,0,0,1
2413,4.0844,0.3594,278,713,0,0,1
2414,4.2724,0.4479,278,713,0,0,1
2415,4.0677,0.489,278,713,0,0,1
2416,4.1846,0.4693,277,713,0,0,1
2417,4.3918,0.5119,277,713,0,0,1
2418,3.9515,0.5524,277,713,0,0,1
2419,4.1814,0.546,270,713,0,0,1
2420,4.2523,0.6492,270,713,0,0,1
2421,4.1194,0.5086,269,713,0,0,1
2422,4.1952,0.4968,269,713,0,0,1
2423,4.4247,0.6054,269,713,0,0,1
2424,3.8731,0.5565,269,713,0,0,1
2425,4.1253,0.4365,269,713,0,0,1
2426,4.1861,0.6578,269,713,0,0,1
2427,4.1297,0.3565,269,713,0,0,1
2428,4.1815,0.4439,269,713,0,0,1
2429,4.1795,0.4063,269,713,0,0,1
2430,4.1606,0.3711,269,713,0,0,1
2431,4.3892,0.6984,269,713,0,0,1
2432,3.9991,0.4298,269,713,0,0,1
2433,4.1055,0.3706,269,713,0,0,1
2434,4.1535,0.3575,268,713,0,0,1
2435,4.2242,0.5001,268,713,0,0,1
2436,4.1003,0.414,268,713,0,0,1
2437,4.1986,0.4484,268,713,0,0,1
2438,4.3679,0.4617,268,713,0,0,1
2439,3.9401,0.4531,268,713,0,0,1
2440,4.271,0.4289,268,713,0,0,1
2441,4.1294,0.4161,267,713,0,0,1
2442,4.0859,0.4271,266,713,0,0,1
2443,4.4672,0.404,265,713,0,0,1
2444,3.9738,0.5698,264,713,0,0,1
2445,4.1595,0.699,263,713,0,0,1
2446,4.1651,0.4649,263,713,0,0,1
2447,4.1385,0.5459,262,713,0,0,1
2448,4.1703,0.5587,262,713,0,0,1
2449,4.102,0.4337,262,713,0,0,1
2450,4.1888,0.4604,261,713,0,0,1
2451,4.1816,0.3525,261,713,0,0,1
2452,4.2964,0.5333,261,713,0,0,1
2453,4.0183,0.3932,261,713,0,0,1
2454,4.1957,0.3783,259,713,0,0,1
2455,4.193,0.4637,259,713,0,0,1
2456,4.1874,0.4409,259,713,0,0,1
2457,4.1881,0.5544,259,713,0,0,1
2458,4.0765,0.4303,259,713,0,0,1
2459,4.2098,0.7533,257,713,0,0,1
2460,4.1826,0.401,257,713,0,0,1
2461,4.0939,0.4423,256,713,0,0,1
2462,4.2576,0.4727,255,713,0,0,1
2463,4.1472,0.3409,253,713,0,0,1
2464,4.143,0.7049,251,713,0,0,1
2465,4.1276,0.4629,251,713,0,0,1
2466,4.2068,0.3458,251,713,0,0,1
2467,4.1843,0.4582,250,713,0,0,1
2468,4.1944,0.4401,250,713,0,0,1
2469,4.1056,0.4904,250,713,0,0,1
2470,4.1935,0.4304,250,713,0,0,1
2471,4.1527,0.6466,250,713,0,0,1
2472,4.2173,0.3955,249,713,0,0,1
2473,4.0749,0.4036,248,713,0,0,1
2474,4.1746,0.486,248,713,0,0,1
2475,4.212,0.362,248,713,0,0,1
2476,4.1752,0.6212,245,713,0,0,1
2477,4.2234,0.4486,245,713,0,0,1
2478,4.0692,0.3737,244,713,0,0,1
2479,4.1933,0.4798,243,713,0,0,1
2480,4.2054,0.4602,243,713,0,0,1
2481,4.1167,0.3966,243,713,0,0,1
2482,4.1341,0.4255,243,713,0,0,1
2483,4.1422,0.4104,243,713,0,0,1
2484,4.2702,0.371,243,713,0,0,1
2485,4.1075,0.4271,243,713,0,0,1
2486,4.2274,0.4545,242,713,0,0,1
2487,4.0853,0.3335,241,713,0,0,1
2488,4.2238,0.6502,241,713,0,0,1
2489,4.1652,0.6639,241,713,0,0,1
2490,4.0982,0.3313,240,713,0,0,1
2491,4.2404,0.4853,240,713,0,0,1
2492,4.1795,0.5391,274,713,0,0,1
2493,4.0854,0.3507,274,713,0,0,1
2494,4.1528,0.5103,273,713,0,0,1
2495,4.2308,0.6897,273,713,0,0,1
2496,4.2243,0.3857,272,713,0,0,1
2497,4.0923,0.3585,272,713,0,0,1
2498,4.2107,0.498,272,713,0,0,1
2499,4.1705,0.4304,272,713,0,0,1
2500,4.1102,0.4994,272,713,0,0,1
2501,4.1664,0.6142,272,713,0,0,1
2502,4.1883,0.4439,272,713,0,0,1
2503,4.1597,0.5753,265,713,0,0,1
2504,4.2327,0.5798,265,713,0,0,1
2505,4.1348,0.4965,265,713,0,0,1
2506,4.0728,0.3458,265,713,0,0,1
2507,4.2608,0.62,265,713,0,0,1
2508,4.1446,0.7683,264,713,0,0,1
2509,4.1528,0.3905,264,713,0,0,1
2510,4.206,0.3975,263,713,0,0,1
2511,4.0828,0.4287,263,713,0,0,1
2512,4.5202,0.6703,263,713,0,0,1
2513,3.8478,0.4826,263,713,0,0,1
2514,4.1548,0.6182,263,713,0,0,1
2515,4.1923,0.6597,262,713,0,0,1
2516,4.2186,0.596,262,713,0,0,1
2517,4.1617,0.4007,262,713,0,0,1
2518,4.18,0.486,262,713,0,0,1
2519,4.0984,0.4044,262,713,0,0,1
2520,4.2119,0.571,261,713,0,0,1
2521,4.1019,0.4364,260,713,0,0,1
2522,4.4798,0.6273,260,713,0,0,1
2523,4.6134,0.3438,260,713,0,0,1
2524,3.4333,0.4612,259,713,0,0,1
2525,4.4839,0.5992,259,713,0,0,1
2526,3.8509,0.5807,259,713,0,0,1
2527,4.1633,0.7299,259,713,0,0,1
2528,4.2653,0.4307,259,713,0,0,1
2529,4.0722,0.3838,259,713,0,0,1
2530,4.1289,0.3534,259,713,0,0,1
2531,4.1867,0.6865,258,713,0,0,1
2532,4.1724,0.5015,258,713,0,0,1
2533,4.1919,0.4594,257,713,0,0,1
2534,4.2185,0.5092,257,713,0,0,1
2535,4.0873,0.3966,257,713,0,0,1
2536,4.2107,0.4796,257,713,0,0,1
2537,4.4344,0.4346,257,713,0,0,1
2538,3.8635,0.425,257,713,0,0,1
2539,4.2664,0.5103,257,713,0,0,1
2540,4.1362,0.4312,257,713,0,0,1
2541,4.1517,0.4995,257,713,0,0,1
2542,4.1625,0.4677,257,713,0,0,1
2543,4.483,0.546,256,713,0,0,1
2544,3.8549,0.5701,256,713,0,0,1
2545,4.1178,0.3706,256,713,0,0,1
2546,4.1773,0.5093,255,713,0,0,1
2547,4.1966,0.8119,255,713,0,0,1
2548,4.2052,0.438,255,713,0,0,1
2549,4.1708,0.4205,253,713,0,0,1
2550,4.0762,0.4225,253,713,0,0,1
2551,4.3389,0.5842,253,713,0,0,1
2552,4.0363,0.495,253,713,0,0,1
2553,4.183,0.5472,253,713,0,0,1
2554,4.1194,0.4104,253,713,0,0,1
2555,4.1871,0.4704,253,713,0,0,1
2556,4.1823,0.5046,253,713,0,0,1
2557,4.1375,0.4021,253,713,0,0,1
2558,4.2002,0.504,252,713,0,0,1
2559,4.2881,0.789,252,713,0,0,1
2560,4.0367,0.6319,252,713,0,0,1
2561,4.1979,0.379,252,713,0,0,1
2562,4.1025,0.4584,251,713,0,0,1
2563,4.2817,0.4328,251,713,0,0,1
2564,4.0734,0.3579,250,713,0,0,1
2565,4.5612,0.5886,250,713,0,0,1
2566,3.7372,0.4772,250,713,0,0,1
2567,4.1344,0.4875,250,713,0,0,1
2568,4.2263,0.4632,250,713,0,0,1
2569,4.1275,0.4108,250,713,0,0,1
2570,4.1948,0.5099,250,713,0,0,1
2571,4.1527,0.3612,250,713,0,0,1
2572,4.3997,0.5088,249,713,0,0,1
2573,4.015,0.4238,248,713,0,0,1
2574,4.0997,0.3778,248,713,0,0,1
2575,4.1549,0.4337,248,713,0,0,1
2576,4.1654,0.4019,282,713,0,0,1
2577,4.3089,0.5805,282,713,0,0,1
2578,3.9997,0.4585,282,713,0,0,1
2579,4.2147,0.4393,282,713,0,0,1
2580,4.1058,0.3459,281,713,0,0,1
2581,4.238,0.3786,281,713,0,0,1
2582,4.1274,0.6574,281,713,0,0,1
2583,4.1565,0.4335,281,713,0,0,1
2584,4.5515,0.4815,280,713,0,0,1
2585,3.8709,0.4138,280,713,0,0,1
2586,4.0999,0.4684,279,713,0,0,1
2587,4.5004,0.645,272,713,0,0,1
2588,3.9194,0.3611,272,713,0,0,1
2589,4.1783,0.5676,272,713,0,0,1
2590,4.2115,0.5963,272,713,0,0,1
2591,4.0664,0.6108,272,713,0,0,1
2592,4.0974,0.3583,272,713,0,0,1
2593,4.2093,0.4653,272,713,0,0,1
2594,4.23,0.4485,272,713,0,0,1
2595,4.1773,0.6242,272,713,0,0,1
2596,4.2497,0.6536,272,713,0,0,1
2597,3.9905,0.557,271,713,0,0,1
2598,4.1746,0.3918,271,713,0,0,1
2599,4.1438,0.5038,270,713,0,0,1
2600,4.2687,0.4824,270,713,0,0,1
2601,4.3571,0.6466,269,713,0,0,1
2602,3.8616,0.3388,268,713,0,0,1
2603,4.2335,0.5222,268,713,0,0,1
2604,4.251,0.5254,268,713,0,0,1
2605,4.0744,0.3867,268,713,0,0,1
2606,4.1946,0.4011,268,713,0,0,1
2607,4.0837,0.4412,268,713,0,0,1
2608,4.2503,0.6601,268,713,0,0,1
2609,4.1574,0.391,268,713,0,0,1
2610,4.105,0.4326,268,713,0,0,1
2611,4.25,0.4988,267,713,0,0,1
2612,4.1634,0.4764,267,713,0,0,1
2613,4.191,0.3684,267,713,0,0,1
2614,4.1307,0.4298,266,713,0,0,1
2615,4.1945,0.6708,264,713,0,0,1
2616,4.1141,0.4331,264,713,0,0,1
2617,4.1544,0.4512,263,713,0,0,1
2618,4.179,0.4515,262,713,0,0,1
2619,4.1243,0.3358,261,713,0,0,1
2620,4.2571,0.6864,261,713,0,0,1
2621,4.28,0.6483,259,713,0,0,1
2622,3.9903,0.3611,259,713,0,0,1
2623,4.1603,0.3458,259,713,0,0,1
2624,4.2021,0.4371,259,713,0,0,1
2625,4.1569,0.3769,258,713,0,0,1
2626,4.1038,0.3366,258,713,0,0,1
2627,4.2218,0.4326,258,713,0,0,1
2628,4.1344,0.3833,258,713,0,0,1
2629,4.2012,0.3698,257,713,0,0,1
2630,4.2134,0.5464,256,713,0,0,1
2631,4.1028,0.3969,255,713,0,0,1
2632,4.462,0.5704,255,713,0,0,1
2633,3.9279,0.7146,255,713,0,0,1
2634,4.1405,0.4151,255,713,0,0,1
2635,4.1285,0.5109,255,713,0,0,1
2636,4.2069,0.4307,255,713,0,0,1
2637,4.2202,0.4582,254,713,0,0,1
2638,4.0761,0.3444,254,713,0,0,1
2639,4.217,0.7215,254,713,0,0,1
2640,4.1582,0.6283,254,713,0,0,1
2641,4.1418,0.3589,254,713,0,0,1
2642,4.158,0.3676,253,713,0,0,1
2643,4.2151,0.6695,253,713,0,0,1
2644,4.182,0.4567,253,713,0,0,1
2645,4.1902,0.3572,253,713,0,0,1
2646,4.0742,0.4347,253,713,0,0,1
2647,4.1511,0.5614,253,713,0,0,1
2648,4.2111,0.3501,252,713,0,0,1
2649,4.582,0.4536,252,713,0,0,1
2650,3.6935,0.3565,252,713,0,0,1
2651,4.2039,0.3347,251,713,0,0,1
2652,4.255,0.6907,251,713,0,0,1
2653,4.0998,0.3867,250,713,0,0,1
2654,4.2217,0.3925,250,713,0,0,1
2655,4.165,0.4812,250,713,0,0,1
2656,4.1583,0.5417,250,713,0,0,1
2657,4.1528,0.5201,249,713,0,0,1
2658,4.1779,0.6674,249,713,0,0,1
2659,4.1231,0.5918,249,713,0,0,1
2660,4.1857,0.3635,283,713,0,0,1
2661,4.2233,0.475,283,713,0,0,1
2662,4.1324,0.5274,283,713,0,0,1
2663,4.1438,0.6908,283,713,0,0,1
2664,4.1807,0.8704,283,713,0,0,1
2665,4.1303,0.3786,283,713,0,0,1
2666,4.2474,0.4943,283,713,0,0,1
2667,4.1154,0.72,283,713,0,0,1
2668,4.1395,0.3472,283,713,0,0,1
2669,4.2516,0.3999,282,713,0,0,1
2670,4.0491,0.5933,282,713,0,0,1
2671,4.3935,0.4195,275,713,0,0,1
2672,3.9764,0.3539,275,713,0,0,1
2673,4.5124,0.439,274,713,0,0,1
2674,3.8051,0.445,273,713,0,0,1
2675,4.1655,0.434,273,713,0,0,1
2676,4.2353,0.5702,272,713,0,0,1
2677,4.1223,0.4498,272,713,0,0,1
2678,4.2021,0.693,272,713,0,0,1
2679,4.1097,0.3809,272,713,0,0,1
2680,4.2375,0.403,272,713,0,0,1
2681,4.1166,0.4733,272,713,0,0,1
2682,4.1561,0.5464,272,713,0,0,1
2683,4.1852,0.6612,272,713,0,0,1
2684,4.1638,0.3571,272,713,0,0,1
2685,4.2212,0.509,272,713,0,0,1
2686,4.149,0.4913,272,713,0,0,1
2687,4.1679,0.4013,271,713,0,0,1
2688,4.152,0.4815,271,713,0,0,1
2689,4.1307,0.4369,270,713,0,0,1
2690,4.2602,0.8276,269,713,0,0,1
2691,4.1004,0.3503,268,713,0,0,1
2692,4.1976,0.5265,268,713,0,0,1
2693,4.1646,0.474,268,713,0,0,1
2694,4.0874,0.3545,268,713,0,0,1
2695,4.4101,0.5188,268,713,0,0,1
2696,3.9679,0.4298,268,713,0,0,1
2697,4.1816,0.4867,267,713,0,0,1
2698,4.0967,0.3504,267,713,0,0,1
2699,4.2444,0.6377,266,713,0,0,1
2700,4.1754,0.4567,265,713,0,0,1
2701,4.1407,0.4563,265,713,0,0,1
2702,4.1869,0.5318,265,713,0,0,1
2703,4.1096,0.4359,265,713,0,0,1
2704,4.2229,0.6443,265,713,0,0,1
2705,4.4229,0.3811,265,713,0,0,1
2706,3.8641,0.4439,264,713,0,0,1
2707,4.222,0.5057,264,713,0,0,1
2708,4.1872,0.338,262,713,0,0,1
2709,4.1513,0.7427,262,713,0,0,1
2710,4.1331,0.4723,262,713,0,0,1
2711,4.1703,0.6601,262,713,0,0,1
2712,4.1814,0.3984,262,713,0,0,1
2713,4.1988,0.4875,262,713,0,0,1
2714,4.1633,0.6336,261,713,0,0,1
2715,4.1486,0.3465,261,713,0,0,1
2716,4.1847,0.4941,260,713,0,0,1
2717,4.1674,0.461,260,713,0,0,1
2718,4.0996,0.3639,260,713,0,0,1
2719,4.217,0.6684,260,713,0,0,1
2720,4.3931,0.5342,259,713,0,0,1
2721,3.9417,0.5926,259,713,0,0,1
2722,4.0841,0.515,259,713,0,0,1
2723,4.2276,0.7147,259,713,0,0,1
2724,4.2021,0.573,257,713,0,0,1
2725,4.1144,0.3389,257,713,0,0,1
2726,4.1345,0.539,257,713,0,0,1
2727,4.2157,0.4092,257,713,0,0,1
2728,4.1603,0.6117,257,713,0,0,1
2729,4.19,0.4888,257,713,0,0,1
2730,4.1196,0.4134,256,713,0,0,1
2731,4.1775,0.4132,256,713,0,0,1
2732,4.2913,0.4642,256,713,0,0,1
2733,4.063,0.7034,256,713,0,0,1
2734,4.1355,0.5586,256,713,0,0,1
2735,4.2619,0.5371,256,713,0,0,1
2736,4.1141,0.4897,256,713,0,0,1
2737,4.1416,0.3696,256,713,0,0,1
2738,4.51,0.5453,255,713,0,0,1
2739,3.7822,0.4338,254,713,0,0,1
2740,4.4051,0.6933,254,713,0,0,1
2741,4.1637,0.6332,252,713,0,0,1
2742,3.9726,0.4511,251,713,0,0,1
2743,4.1101,0.6494,251,713,0,0,1
2744,4.304,0.4316,285,713,0,0,1
2745,4.1258,0.5859,284,713,0,0,1
2746,4.0714,0.524,284,713,0,0,1
2747,4.2482,0.6842,284,713,0,0,1
2748,4.1981,0.3974,284,713,0,0,1
2749,4.1072,0.4419,283,713,0,0,1
2750,4.5249,0.451,283,713,0,0,1
2751,3.7725,0.4,283,713,0,0,1
2752,4.2283,0.4749,283,713,0,0,1
2753,4.1006,0.6426,281,713,0,0,1
2754,4.1996,0.4532,281,713,0,0,1
2755,4.1445,0.5706,279,713,0,0,1
2756,4.2056,0.3567,272,713,0,0,1
2757,4.2034,0.5152,272,713,0,0,1
2758,4.1746,0.7194,271,713,0,0,1
2759,4.1512,0.6145,271,713,0,0,1
2760,4.1466,0.3921,270,713,0,0,1
2761,4.227,0.7139,270,713,0,0,1
2762,4.1209,0.4668,270,713,0,0,1
2763,4.1889,0.3748,270,713,0,0,1
2764,4.1582,0.6768,269,713,0,0,1
2765,4.104,0.4483,268,713,0,0,1
2766,4.2216,0.6844,268,713,0,0,1
2767,4.1377,0.352,268,713,0,0,1
2768,4.172,0.4331,266,713,0,0,1
2769,4.4437,0.4148,266,713,0,0,1
2770,3.8737,0.3721,265,713,0,0,1
2771,4.1291,0.9026,265,713,0,0,1
2772,4.1768,1.0809,265,713,0,0,1
2773,4.2075,0.3954,264,713,0,0,1
2774,4.5118,0.4172,264,713,0,0,1
2775,3.866,0.5013,264,713,0,0,1
2776,4.4224,0.4407,263,713,0,0,1
2777,4.0309,0.5578,263,713,0,0,1
2778,3.9946,0.3533,263,713,0,0,1
2779,4.1892,0.4409,263,713,0,0,1
2780,4.1529,0.4529,263,713,0,0,1
2781,4.2262,0.3943,263,713,0,0,1
2782,4.1114,0.5128,263,713,0,0,1
2783,4.1361,0.6304,263,713,0,0,1
2784,4.1876,0.3739,263,713,0,0,1
2785,4.1699,0.3512,263,713,0,0,1
2786,4.4028,0.4805,263,713,0,0,1
2787,3.9368,0.7838,263,713,0,0,1
2788,4.2766,0.4129,261,713,0,0,1
2789,4.1259,0.4658,261,713,0,0,1
2790,4.0801,0.6631,260,713,0,0,1
2791,4.2092,0.3926,259,713,0,0,1
2792,4.1375,0.4419,259,713,0,0,1
2793,4.5015,0.4486,257,713,0,0,1
2794,3.7924,0.3918,257,713,0,0,1
2795,4.249,0.446,257,713,0,0,1
2796,4.1305,0.5557,257,713,0,0,1
2797,4.1673,0.4365,257,713,0,0,1
2798,4.3766,0.6111,256,713,0,0,1
2799,3.9987,0.5225,255,713,0,0,1
2800,4.1764,0.531,255,713,0,0,1
2801,4.3844,0.5872,255,713,0,0,1
2802,3.9099,0.5193,255,713,0,0,1
2803,4.1788,0.5849,255,713,0,0,1
2804,4.2431,0.4836,255,713,0,0,1
2805,4.0653,0.3351,255,713,0,0,1
2806,4.1706,0.4635,255,713,0,0,1
2807,4.4826,0.638,255,713,0,0,1
2808,3.7924,0.4701,255,713,0,0,1
2809,4.1979,0.3589,255,713,0,0,1
2810,4.2239,0.696,253,713,0,0,1
2811,4.1174,0.3869,253,713,0,0,1
2812,4.2498,0.4158,252,713,0,0,1
2813,4.2049,0.5453,252,713,0,0,1
2814,4.0648,0.5303,251,713,0,0,1
2815,4.1425,0.3571,251,713,0,0,1
2816,4.2028,0.5763,250,713,0,0,1
2817,4.1541,0.3975,250,713,0,0,1
2818,4.2286,0.4303,249,713,0,0,1
2819,4.181,0.49,249,713,0,0,1
2820,4.0463,0.4287,249,713,0,0,1
2821,4.2387,0.3354,249,713,0,0,1
2822,4.1782,0.6904,247,713,0,0,1
2823,4.1856,0.6052,247,713,0,0,1
2824,4.1713,0.3865,247,713,0,0,1
2825,4.157,0.4923,247,713,0,0,1
2826,4.1247,0.4959,247,713,0,0,1
2827,4.149,0.5556,247,713,0,0,1
2828,4.1894,0.3693,281,713,0,0,1
2829,4.1797,0.7133,280,713,0,0,1
2830,4.1884,0.4881,280,713,0,0,1
2831,4.1039,0.556,280,713,0,0,1
2832,4.1164,0.4208,279,713,0,0,1
2833,4.2522,0.4412,279,713,0,0,1
2834,4.1982,0.6506,279,713,0,0,1
2835,4.1092,0.3512,278,713,0,0,1
2836,4.1807,0.3563,278,713,0,0,1
2837,4.2358,0.5041,278,713,0,0,1
2838,4.1099,0.4045,278,713,0,0,1
2839,4.1484,0.3405,271,713,0,0,1
2840,4.1654,0.4308,270,713,0,0,1
2841,4.1418,0.641,270,713,0,0,1
2842,4.2581,0.345,270,713,0,0,1
2843,4.0971,0.4274,270,713,0,0,1
2844,4.2437,0.6802,270,713,0,0,1
2845,4.1126,0.4073,270,713,0,0,1
2846,4.1463,0.5598,270,713,0,0,1
2847,4.1666,0.3565,270,713,0,0,1
2848,4.1492,0.6488,270,713,0,0,1
2849,4.1768,0.5592,270,713,0,0,1
2850,4.1364,0.3482,269,713,0,0,1
2851,4.2515,0.4725,268,713,0,0,1
2852,4.1975,0.5136,268,713,0,0,1
2853,4.1486,0.3381,268,713,0,0,1
2854,4.2208,0.5893,267,713,0,0,1
2855,4.0759,0.7213,267,713,0,0,1
2856,4.174,0.4339,267,713,0,0,1
2857,4.1156,0.3355,266,713,0,0,1
2858,4.2326,0.6726,265,713,0,0,1
2859,4.1711,0.4225,265,713,0,0,1
2860,4.2137,0.6043,265,713,0,0,1
2861,4.2092,0.4868,265,713,0,0,1
2862,4.028,0.4776,264,713,0,0,1
2863,4.1843,0.4689,263,713,0,0,1
2864,4.1511,0.3903,263,713,0,0,1
2865,4.1517,0.5481,263,713,0,0,1
2866,4.155,0.439,263,713,0,0,1
2867,4.2338,0.6177,263,713,0,0,1
2868,4.1789,0.5181,263,713,0,0,1
2869,4.1195,0.4321,262,713,0,0,1
2870,4.2008,0.4247,262,713,0,0,1
2871,4.1508,0.3699,261,713,0,0,1
2872,4.1771,0.698,261,713,0,0,1
2873,4.2016,0.7318,261,713,0,0,1
2874,4.0999,0.3532,259,713,0,0,1
2875,4.1362,0.6466,259,713,0,0,1
2876,4.2373,0.5563,259,713,0,0,1
2877,4.2091,0.3536,259,713,0,0,1
2878,4.1301,0.4416,259,713,0,0,1
2879,4.1235,0.4331,258,713,0,0,1
2880,4.209,0.4133,258,713,0,0,1
2881,4.0969,0.3461,258,713,0,0,1
2882,4.1478,0.5813,257,713,0,0,1
2883,4.248,0.4208,256,713,0,0,1
2884,4.1467,0.5754,256,713,0,0,1
2885,4.2426,0.7234,254,713,0,0,1
2886,4.0779,0.4008,253,713,0,0,1
2887,4.1426,0.5053,253,713,0,0,1
2888,4.1926,0.4817,253,713,0,0,1
2889,4.2039,0.6272,252,713,0,0,1
2890,4.0788,0.351,252,713,0,0,1
2891,4.1945,0.678,251,713,0,0,1
2892,4.3628,0.4715,251,713,0,0,1
2893,4.0033,0.3247,250,713,0,0,1
2894,4.2397,0.483,249,713,0,0,1
2895,4.0719,0.4207,247,713,0,0,1
2896,4.1823,0.3507,247,713,0,0,1
2897,4.2321,0.465,247,713,0,0,1
2898,4.0747,0.4125,247,713,0,0,1
2899,4.1876,0.5067,247,713,0,0,1
2900,4.1865,0.4542,246,713,0,0,1
2901,4.2165,0.4433,245,713,0,0,1
2902,4.1242,0.3594,244,713,0,0,1
2903,4.4393,0.7067,244,713,0,0,1
2904,3.8933,0.7067,244,713,0,0,1
2905,4.1411,0.3341,244,713,0,0,1
2906,4.4918,0.566,244,713,0,0,1
2907,3.8382,0.3905,244,713,0,0,1
2908,4.214,0.5469,244,713,0,0,1
2909,4.218,0.4289,243,713,0,0,1
2910,4.0745,0.3836,243,713,0,0,1
2911,4.1335,0.33,243,713,0,0,1
2912,4.2313,0.4478,276,713,0,0,1
2913,4.118,0.4049,276,713,0,0,1
2914,4.1285,0.3547,275,713,0,0,1
2915,4.2502,0.5344,275,713,0,0,1
2916,4.1755,0.4461,275,713,0,0,1
2917,4.1168,0.3583,275,713,0,0,1
2918,4.209,0.4333,275,713,0,0,1
2919,4.1807,0.6373,275,713,0,0,1
2920,4.1943,0.522,275,713,0,0,1
2921,4.1113,0.3843,275,713,0,0,1
2922,4.1942,0.543,275,713,0,0,1
2923,4.1377,0.6757,268,713,0,0,1
2924,4.2661,0.521,268,713,0,0,1
2925,4.1308,0.3833,268,713,0,0,1
2926,4.1314,0.461,268,713,0,0,1
2927,4.087,0.4482,267,713,0,0,1
2928,4.2091,0.4874,267,713,0,0,1
2929,4.1997,0.4059,267,713,0,0,1
2930,4.1811,0.5021,267,713,0,0,1
2931,4.1368,0.4003,267,713,0,0,1
2932,4.2076,0.3877,267,713,0,0,1
2933,4.1667,0.4619,267,713,0,0,1
2934,4.098,0.4171,267,713,0,0,1
2935,4.2234,0.6565,267,713,0,0,1
2936,4.1598,0.4824,267,713,0,0,1
2937,4.1368,0.4244,267,713,0,0,1
2938,4.1443,0.4003,266,713,0,0,1
2939,4.2251,0.4594,264,713,0,0,1
2940,4.1361,0.4903,264,713,0,0,1
2941,4.1628,0.4394,264,713,0,0,1
2942,4.2562,0.5089,263,713,0,0,1
2943,4.058,0.4441,263,713,0,0,1
2944,4.2277,0.687,263,713,0,0,1
2945,4.1624,0.4019,262,713,0,0,1
2946,4.1231,0.402,262,713,0,0,1
2947,4.3604,0.4394,262,713,0,0,1
2948,4.0354,0.3775,261,713,0,0,1
2949,4.1703,0.4174,260,713,0,0,1
2950,4.1536,0.4995,260,713,0,0,1
2951,4.1433,0.5882,260,713,0,0,1
2952,4.1817,0.3777,260,713,0,0,1
2953,4.0964,0.427,259,713,0,0,1
2954,4.3326,0.7842,259,713,0,0,1
2955,4.0557,0.3376,259,713,0,0,1
2956,4.4031,0.4406,259,713,0,0,1
2957,3.979,0.4622,259,713,0,0,1
2958,4.0895,0.3382,259,713,0,0,1
2959,4.1323,0.5464,259,713,0,0,1
2960,4.3226,0.445,259,713,0,0,1
2961,4.1553,0.3578,259,713,0,0,1
2962,4.0678,0.3894,259,713,0,0,1
2963,4.1897,0.6715,257,713,0,0,1
2964,4.2175,0.4132,257,713,0,0,1
2965,4.0941,0.3409,256,713,0,0,1
2966,4.2116,0.5939,255,713,0,0,1
2967,4.113,0.3894,254,713,0,0,1
2968,4.2368,0.3867,253,713,0,0,1
2969,4.1683,0.4893,252,713,0,0,1
2970,4.0746,0.3869,251,713,0,0,1
2971,4.4308,0.5102,250,713,0,0,1
2972,4.022,0.5066,248,713,0,0,1
2973,4.1326,0.63,248,713,0,0,1
2974,4.1576,0.4317,248,713,0,0,1
2975,4.142,0.7009,246,713,0,0,1
2976,4.19,0.4406,246,713,0,0,1
2977,4.1168,0.3438,246,713,0,0,1
2978,4.1633,0.4209,246,713,0,0,1
2979,4.2169,0.3578,246,713,0,0,1
2980,4.2666,0.6785,245,713,0,0,1
2981,4.0728,0.4979,245,713,0,0,1
2982,4.1132,0.3676,243,713,0,0,1
2983,4.1834,0.4625,243,713,0,0,1
2984,4.2545,0.4219,243,713,0,0,1
2985,4.1303,0.3535,242,713,0,0,1
2986,4.2148,0.5631,241,713,0,0,1
2987,4.0829,0.6623,241,713,0,0,1
2988,4.2078,0.3721,241,713,0,0,1
2989,4.0918,0.4378,241,713,0,0,1
2990,4.2292,0.4282,240,713,0,0,1
2991,4.1023,0.3336,240,713,0,0,1
2992,4.2727,0.7026,240,713,0,0,1
2993,4.1132,0.4271,240,713,0,0,1
2994,4.1252,0.3401,240,713,0,0,1
2995,4.1418,0.4256,240,713,0,0,1
2996,4.2023,0.5121,274,713,0,0,1
2997,4.2017,0.5632,274,713,0,0,1
2998,4.1283,0.4476,274,713,0,0,1
2999,4.1995,0.7393,273,713,0,0,1
3000,4.2252,0.4226,273,713,0,0,1
3001,4.0513,0.3473,273,713,0,0,1
3002,4.2187,0.5011,273,713,0,0,1
3003,4.1843,0.4076,273,713,0,0,1
3004,4.096,0.3383,273,713,0,0,1
3005,4.2445,0.693,273,713,0,0,1
3006,4.0865,0.4195,273,713,0,0,1
3007,4.2156,0.6021,266,713,0,0,1
3008,4.124,0.3441,266,713,0,0,1
3009,4.2815,0.4342,266,713,0,0,1
3010,4.1131,0.364,266,713,0,0,1
3011,4.0907,0.5078,265,713,0,0,1
3012,4.1914,0.4349,265,713,0,0,1
3013,4.1886,0.5799,265,713,0,0,1
3014,4.1907,0.3911,265,713,0,0,1
3015,4.4214,0.4499,264,713,0,0,1
3016,3.8669,0.4245,264,713,0,0,1
3017,4.2565,0.6316,264,713,0,0,1
3018,4.128,0.4003,264,713,0,0,1
3019,4.108,0.4346,264,713,0,0,1
3020,4.2269,0.5384,264,713,0,0,1
3021,4.1937,0.3718,263,713,0,0,1
3022,4.1534,0.4659,263,713,0,0,1
3023,4.1439,0.6518,263,713,0,0,1
3024,4.1778,0.6186,263,713,0,0,1
3025,4.123,0.4254,263,713,0,0,1
3026,4.2332,0.517,263,713,0,0,1
3027,4.1371,0.4913,263,713,0,0,1
3028,4.1819,0.4065,263,713,0,0,1
3029,4.2143,0.441,262,713,0,0,1
3030,4.0766,0.4483,262,713,0,0,1
3031,4.1722,0.3435,262,713,0,0,1
3032,4.221,0.6651,262,713,0,0,1
3033,4.1524,0.4626,260,713,0,0,1
3034,4.106,0.3408,260,713,0,0,1
3035,4.1558,0.701,257,713,0,0,1
3036,4.3274,0.6376,256,713,0,0,1
3037,4.0367,0.3573,256,713,0,0,1
3038,4.1917,0.3992,256,713,0,0,1
3039,4.1248,0.4306,256,713,0,0,1
3040,4.2231,0.4495,256,713,0,0,1
3041,4.1307,0.4111,256,713,0,0,1
3042,4.1515,0.4376,256,713,0,0,1
3043,4.1766,0.5918,256,713,0,0,1
3044,4.2016,0.3777,256,713,0,0,1
3045,4.202,0.5003,256,713,0,0,1
3046,4.1944,0.5924,256,713,0,0,1
3047,4.0878,0.5812,256,713,0,0,1
3048,4.1899,0.4298,256,713,0,0,1
3049,4.1142,0.4356,256,713,0,0,1
3050,4.1865,0.3791,256,713,0,0,1
3051,4.1345,0.3434,256,713,0,0,1
3052,4.21,0.553,256,713,0,0,1
3053,4.2172,0.468,256,713,0,0,1
3054,4.1233,0.5473,255,713,0,0,1
3055,4.2472,0.4448,255,713,0,0,1
3056,4.0939,1.0272,255,713,0,0,1
3057,4.1844,0.3849,255,713,0,0,1
3058,4.1554,0.6396,255,713,0,0,1
3059,4.1823,0.4868,254,713,0,0,1
3060,4.3375,0.3327,254,713,0,0,1
3061,3.9391,0.4486,254,713,0,0,1
3062,4.1998,0.4678,254,713,0,0,1
3063,4.1476,0.3561,253,713,0,0,1
3064,4.1479,0.4238,253,713,0,0,1
3065,4.2215,0.4815,252,713,0,0,1
3066,4.1061,0.5387,252,713,0,0,1
3067,4.175,0.5306,251,713,0,0,1
3068,4.2099,0.4831,251,713,0,0,1
3069,4.1984,0.4408,251,713,0,0,1
3070,4.1426,0.3953,251,713,0,0,1
3071,4.1153,0.4407,251,713,0,0,1
3072,4.1818,0.4433,251,713,0,0,1
3073,4.1538,0.3604,251,713,0,0,1
3074,4.2045,0.6838,251,713,0,0,1
3075,4.1234,0.386,250,713,0,0,1
3076,4.2293,0.397,250,713,0,0,1
3077,4.1059,0.4561,250,713,0,0,1
3078,4.1412,0.4424,250,713,0,0,1
3079,4.251,0.3469,249,713,0,0,1
3080,4.172,0.5666,283,713,0,0,1
3081,4.1609,0.5153,283,713,0,0,1
3082,4.1794,0.445,283,713,0,0,1
3083,4.1263,0.5246,282,713,0,0,1
3084,4.2258,0.4749,282,713,0,0,1
3085,4.0996,0.44,282,713,0,0,1
3086,4.175,0.6341,282,713,0,0,1
3087,4.1332,0.3546,282,713,0,0,1
3088,4.2321,0.7223,281,713,0,0,1
3089,4.184,0.4966,280,713,0,0,1
3090,4.0673,0.4002,280,713,0,0,1
3091,4.179,0.3969,273,713,0,0,1
3092,4.254,0.4962,272,713,0,0,1
3093,4.1247,0.8813,272,713,0,0,1
3094,4.1777,0.6979,272,713,0,0,1
3095,4.1087,0.5188,271,713,0,0,1
3096,4.2105,0.5014,271,713,0,0,1
3097,4.1394,0.4388,271,713,0,0,1
3098,4.1831,0.3479,271,713,0,0,1
3099,4.1447,0.4983,271,713,0,0,1
3100,4.2217,0.5838,271,713,0,0,1
3101,4.1298,0.3917,269,713,0,0,1
3102,4.1588,0.3525,269,713,0,0,1
3103,4.1632,0.4656,268,713,0,0,1
3104,4.2578,0.4247,268,713,0,0,1
3105,4.1639,0.5862,267,713,0,0,1
3106,4.053,0.7721,267,713,0,0,1
3107,4.2251,0.6912,267,713,0,0,1
3108,4.1476,0.741,266,713,0,0,1
3109,4.1701,0.3371,265,713,0,0,1
3110,4.2138,0.571,265,713,0,0,1
3111,4.3758,0.7063,265,713,0,0,1
3112,4.0099,0.3375,264,713,0,0,1
3113,4.1082,0.4879,264,713,0,0,1
3114,4.0864,0.4231,264,713,0,0,1
3115,4.6454,0.3677,264,713,0,0,1
3116,3.693,0.3574,264,713,0,0,1
3117,4.2651,0.4233,264,713,0,0,1
3118,4.1805,0.5538,264,713,0,0,1
3119,4.1196,0.5502,264,713,0,0,1
3120,4.1677,0.5019,264,713,0,0,1
3121,4.1252,0.4002,263,713,0,0,1
3122,4.1665,0.3749,263,713,0,0,1
3123,4.1932,0.471,263,713,0,0,1
3124,4.3169,0.702,263,713,0,0,1
3125,3.9986,0.3744,263,713,0,0,1
3126,4.1365,0.3522,262,713,0,0,1
3127,4.1449,0.5945,261,713,0,0,1
3128,4.2217,0.5199,261,713,0,0,1
3129,4.2007,0.4812,261,713,0,0,1
3130,4.09,0.4172,261,713,0,0,1
3131,4.1837,0.4152,261,713,0,0,1
3132,4.1716,0.3773,261,713,0,0,1
3133,4.1863,0.4423,261,713,0,0,1
3134,4.2193,0.4475,260,713,0,0,1
3135,4.1213,0.3566,260,713,0,0,1
3136,4.3382,0.422,260,713,0,0,1
3137,4.0175,0.6667,257,713,0,0,1
3138,4.1343,0.3713,257,713,0,0,1
3139,4.1792,0.4949,257,713,0,0,1
3140,4.1556,0.4535,257,713,0,0,1
3141,4.2246,0.4752,257,713,0,0,1
3142,4.3831,0.3641,257,713,0,0,1
3143,3.8903,0.4284,257,713,0,0,1
3144,4.2078,0.4542,257,713,0,0,1
3145,4.1464,0.3393,257,713,0,0,1
3146,4.125,0.4304,257,713,0,0,1
3147,4.2171,0.4293,257,713,0,0,1
3148,4.335,0.3327,257,713,0,0,1
3149,4.0646,0.7305,257,713,0,0,1
3150,4.0726,0.3959,257,713,0,0,1
3151,4.1998,0.5584,257,713,0,0,1
3152,4.1401,0.562,257,713,0,0,1
3153,4.5332,0.6352,256,713,0,0,1
3154,3.8308,0.5915,256,713,0,0,1
3155,4.1584,0.7022,256,713,0,0,1
3156,4.1578,0.6276,255,713,0,0,1
3157,4.1611,0.3617,255,713,0,0,1
3158,4.4531,0.4535,255,713,0,0,1
3159,3.9093,0.6515,254,713,0,0,1
3160,4.4389,0.5944,254,713,0,0,1
3161,3.8362,0.397,254,713,0,0,1
3162,4.2043,0.6908,254,713,0,0,1
3163,4.1442,0.6103,253,713,0,0,1
3164,4.1997,0.3624,285,713,0,0,1
3165,4.4987,0.5616,285,713,0,0,1
3166,3.83,0.4872,285,713,0,0,1
3167,4.4414,0.6134,285,713,0,0,1
3168,3.8946,0.5243,285,713,0,0,1
3169,4.1448,0.4357,285,713,0,0,1
3170,4.2163,0.4733,285,713,0,0,1
3171,4.1472,0.5178,285,713,0,0,1
3172,4.1901,0.4333,285,713,0,0,1
3173,4.1641,0.4831,285,713,0,0,1
3174,4.11,0.41,285,713,0,0,1
3175,4.2276,0.6149,278,713,0,0,1
3176,4.1506,0.3581,278,713,0,0,1
3177,4.1653,0.6772,276,713,0,0,1
3178,4.1817,0.4234,276,713,0,0,1
3179,4.1111,0.5076,275,713,0,0,1
3180,4.2262,0.4303,275,713,0,0,1
3181,4.1153,0.4515,275,713,0,0,1
3182,4.2644,0.4276,275,713,0,0,1
3183,4.1341,0.5315,275,713,0,0,1
3184,4.0898,0.4271,275,713,0,0,1
3185,4.2202,0.4962,275,713,0,0,1
3186,4.1221,0.3415,275,713,0,0,1
3187,4.3605,0.3614,275,713,0,0,1
3188,4.0936,0.5516,275,713,0,0,1
3189,4.1266,0.4615,275,713,0,0,1
3190,4.1373,0.3973,274,713,0,0,1
3191,4.0999,0.4414,274,713,0,0,1
3192,4.2239,0.5876,274,713,0,0,1
3193,4.1348,0.3939,273,713,0,0,1
3194,4.1875,0.3992,273,713,0,0,1
3195,4.1568,0.4438,272,713,0,0,1
3196,4.4995,0.5362,271,713,0,0,1
3197,3.831,0.3819,271,713,0,0,1
3198,4.1221,0.5867,271,713,0,0,1
3199,4.3429,0.4483,270,713,0,0,1
3200,4.0843,0.3727,270,713,0,0,1
3201,4.4543,0.4409,270,713,0,0,1
3202,4.2463,0.4911,269,713,0,0,1
3203,3.7711,0.527,267,713,0,0,1
3204,4.1746,0.3537,267,713,0,0,1
3205,4.1207,0.4162,265,713,0,0,1
3206,4.2126,0.7383,265,713,0,0,1
3207,4.1296,0.3682,265,713,0,0,1
3208,4.1649,0.3654,264,713,0,0,1
3209,4.1859,0.4526,262,713,0,0,1
3210,4.1618,0.3828,262,713,0,0,1
3211,4.2025,0.5044,262,713,0,0,1
3212,4.1931,0.4361,260,713,0,0,1
3213,4.2077,0.7092,260,713,0,0,1
3214,4.1121,0.5882,259,713,0,0,1
3215,4.1077,0.482,258,713,0,0,1
3216,4.2164,0.4841,257,713,0,0,1
3217,4.1216,0.3338,256,713,0,0,1
3218,4.2534,0.7204,255,713,0,0,1
3219,4.0874,0.4341,253,713,0,0,1
3220,4.2239,0.3856,253,713,0,0,1
3221,4.1521,0.48,253,713,0,0,1
3222,4.1029,0.432,253,713,0,0,1
3223,4.1863,0.5398,252,713,0,0,1
3224,4.1694,0.4186,252,713,0,0,1
3225,4.1852,0.6677,252,713,0,0,1
3226,4.1695,0.4215,251,713,0,0,1
3227,4.1634,0.5236,251,713,0,0,1
3228,4.1788,0.5527,251,713,0,0,1
3229,4.1357,0.3495,251,713,0,0,1
3230,4.3525,0.6064,251,713,0,0,1
3231,3.9736,0.434,251,713,0,0,1
3232,4.1879,0.4008,250,713,0,0,1
3233,4.2089,0.4846,250,713,0,0,1
3234,4.1014,0.4247,250,713,0,0,1
3235,4.4593,0.33,249,713,0,0,1
3236,3.9561,0.5114,249,713,0,0,1
3237,4.1273,0.7048,249,713,0,0,1
3238,4.1432,0.3806,249,713,0,0,1
3239,4.2026,0.7649,249,713,0,0,1
3240,4.1544,0.4715,249,713,0,0,1
3241,4.1298,0.3388,248,713,0,0,1
3242,4.2113,0.5508,248,713,0,0,1
3243,4.274,0.4684,248,713,0,0,1
3244,4.125,0.6409,248,713,0,0,1
3245,4.1057,0.4825,248,713,0,0,1
3246,4.1131,0.4399,248,713,0,0,1
3247,4.1818,0.535,246,713,0,0,1
3248,4.1303,0.4047,279,713,0,0,1
3249,4.2285,0.6906,279,713,0,0,1
3250,4.2187,0.7624,279,713,0,0,1
3251,4.0808,0.3567,278,713,0,0,1
3252,4.4392,0.5675,278,713,0,0,1
3253,3.9061,0.4612,278,713,0,0,1
3254,4.1951,0.4245,278,713,0,0,1
3255,4.1916,0.6578,278,713,0,0,1
3256,4.2958,0.7819,278,713,0,0,1
3257,4.0124,0.5052,278,713,0,0,1
3258,4.1676,0.6445,275,713,0,0,1
3259,4.0887,0.5152,267,713,0,0,1
3260,4.2094,0.5141,267,713,0,0,1
3261,4.4603,0.4574,267,713,0,0,1
3262,3.9336,0.3454,267,713,0,0,1
3263,4.1251,0.5279,267,713,0,0,1
3264,4.3773,0.6536,267,713,0,0,1
3265,3.9246,0.286,2,713,0,0,0
3266,4.2379,0.268,2,713,0,0,0
3267,4.1505,0.2807,2,713,0,0,0
3268,4.1111,0.3979,2,713,0,0,0
3269,4.2251,0.4326,2,713,0,0,0
3270,4.1215,0.2341,2,713,0,0,0
3271,4.1418,0.2374,2,713,0,0,0
3272,4.1995,0.2539,2,713,0,0,0
3273,4.19,0.4308,2,713,0,0,0
3274,4.1929,0.2437,2,713,0,0,0
3275,4.1287,0.4301,2,713,0,0,0
3276,4.2186,0.2678,2,713,0,0,0
3277,4.0995,0.2546,2,713,0,0,0
3278,4.1967,0.4208,2,713,0,0,0
3279,4.1622,0.4436,2,713,0,0,0
3280,4.1347,0.4201,2,713,0,0,0
3281,4.1693,0.3672,2,713,0,0,0
3282,4.3979,0.4508,2,713,0,0,0
3283,3.9219,0.3717,2,713,0,0,0
3284,4.2339,0.339,2,713,0,0,0
3285,4.1932,0.2665,2,713,0,0,0
3286,4.1436,0.2547,2,713,0,0,0
3287,4.3552,0.23,2,713,0,0,0
3288,4.2761,0.2605,2,713,0,0,0
3289,3.785,0.2047,2,713,0,0,0
3290,4.493,0.5022,2,713,0,0,0
3291,3.8386,0.2309,2,713,0,0,0
3292,4.1951,0.4321,2,713,0,0,0
3293,4.2489,0.2368,2,713,0,0,0
3294,4.1251,0.4295,2,713,0,0,0
3295,4.1184,0.2297,2,713,0,0,0
3296,4.2069,0.2845,2,713,0,0,0
3297,4.1958,0.2643,2,713,0,0,0
3298,4.1614,0.279,2,713,0,0,0
3299,4.1865,0.3975,2,713,0,0,0
3300,4.1381,0.3787,2,713,0,0,0
3301,4.1565,0.2329,2,713,0,0,0
3302,4.2338,0.2838,2,713,0,0,0
3303,4.0611,0.2371,2,713,0,0,0
3304,4.2118,0.4277,2,713,0,0,0
3305,4.1725,0.2493,2,713,0,0,0
3306,4.1793,0.434,2,713,0,0,0
3307,4.1902,0.373,2,713,0,0,0
3308,4.1555,0.4246,2,713,0,0,0
3309,4.1705,0.2873,2,713,0,0,0
3310,4.1642,0.2827,2,713,0,0,0
3311,4.3494,0.383,2,713,0,0,0
3312,4.283,0.2308,2,713,0,0,0
3313,3.8019,0.2304,2,713,0,0,0
3314,4.2258,0.2687,2,713,0,0,0
3315,4.1107,0.2338,2,713,0,0,0
3316,4.245,0.2632,2,713,0,0,0
3317,4.1344,0.248,2,713,0,0,0
3318,4.1168,0.2289,2,713,0,0,0
3319,4.2538,0.4227,2,713,0,0,0
3320,4.0897,0.2317,2,713,0,0,0
3321,4.5037,0.274,2,713,0,0,0
3322,3.8862,0.2598,2,713,0,0,0
3323,4.0837,0.3759,2,713,0,0,0
3324,4.2549,0.241,2,713,0,0,0
3325,4.11,0.2284,2,713,0,0,0
3326,4.3172,0.2881,2,713,0,0,0
3327,4.0565,0.4186,2,713,0,0,0
3328,4.1527,0.453,2,713,0,0,0
3329,4.1692,0.2913,2,713,0,0,0
3330,4.0909,0.187,2,713,0,0,0
3331,4.5014,0.1801,2,713,0,0,0
3332,3.8699,0.2483,2,713,0,0,0
3333,4.2292,0.2849,2,713,0,0,0
3334,4.1629,0.2591,2,713,0,0,0
3335,4.0795,0.3765,2,713,0,0,0
3336,4.3384,0.2436,2,713,0,0,0
3337,4.0003,0.1905,2,713,0,0,0
3338,4.1645,0.3531,2,713,0,0,0
3339,4.186,0.2205,2,713,0,0,0
3340,4.4492,0.4258,49,713,0,0,1
3341,3.9562,0.3333,49,713,0,0,1
3342,4.0741,0.2685,49,713,0,0,1
3343,4.1236,0.3508,49,713,0,0,1
3344,4.31,0.2959,49,713,0,0,1
3345,4.0978,0.2783,49,713,0,0,1
3346,4.2084,0.2824,49,713,0,0,1
3347,4.1067,0.2805,49,713,0,0,1
3348,4.2447,0.317,49,713,0,0,1
3349,4.1176,0.2932,49,713,0,0,1
3350,4.1919,0.4282,49,713,0,0,1
3351,4.1571,0.2839,49,713,0,0,1
3352,4.1334,0.4408,49,713,0,0,1
3353,4.1648,0.2791,49,713,0,0,1
3354,4.1907,0.5902,49,713,0,0,1
3355,4.6068,0.2847,49,713,0,0,1
3356,3.794,0.2935,49,713,0,0,1
3357,4.1604,0.473,49,713,0,0,1
3358,4.1525,0.2755,49,713,0,0,1
3359,4.1501,0.4849,49,713,0,0,1
3360,4.18,0.2497,49,713,0,0,1
3361,4.3791,0.3421,49,713,0,0,1
3362,3.9656,0.2845,49,713,0,0,1
3363,4.0582,0.3023,49,713,0,0,1
3364,4.3715,0.5311,49,713,0,0,1
3365,3.9104,0.3977,49,713,0,0,1
3366,4.221,0.2965,49,713,0,0,1
3367,4.1524,0.3831,49,713,0,0,1
3368,4.2377,0.263,49,713,0,0,1
3369,4.2865,0.2764,49,713,0,0,1
3370,4.2969,0.5563,49,713,0,0,1
3371,3.8667,0.2798,49,713,0,0,1
3372,4.5146,0.4865,49,713,0,0,1
3373,3.8623,0.2887,49,713,0,0,1
3374,4.367,0.4297,49,713,0,0,1
3375,4.0458,0.2865,49,713,0,0,1
3376,4.3813,0.5065,49,713,0,0,1
3377,4.1622,0.4337,49,713,0,0,1
3378,3.8087,0.2886,49,713,0,0,1
3379,4.4804,0.2617,49,713,0,0,1
3380,3.8701,0.3063,49,713,0,0,1
3381,4.3552,0.4632,49,713,0,0,1
3382,4.3083,0.5331,49,713,0,0,1
3383,3.8263,0.2801,49,713,0,0,1
3384,4.3446,0.2471,49,713,0,0,1
3385,3.9847,0.2563,49,713,0,0,1
3386,4.4456,0.4103,49,713,0,0,1
3387,3.9685,0.2846,49,713,0,0,1
3388,4.2496,0.5436,49,713,0,0,1
3389,4.1523,0.4121,49,713,0,0,1
3390,3.9867,0.2606,49,713,0,0,1
3391,4.1121,0.3654,49,713,0,0,1
3392,4.2093,0.2361,49,713,0,0,1
3393,4.4246,0.396,49,713,0,0,1
3394,4.0392,0.2217,49,713,0,0,1
3395,4.0473,0.189,49,713,0,0,1
3396,4.3358,0.4025,49,713,0,0,1
3397,3.9421,0.1936,49,713,0,0,1
3398,4.4259,0.3347,49,713,0,0,1
3399,3.9369,0.2213,49,713,0,0,1
3400,4.1625,0.2499,49,713,0,0,1
3401,4.3066,0.3301,49,713,0,0,1
3402,4.0387,0.338,49,713,0,0,1
3403,4.5901,0.3024,49,713,0,0,1
3404,3.7767,0.2553,49,713,0,0,1
3405,4.1868,0.367,49,713,0,0,1
3406,4.3335,0.3457,49,713,0,0,1
3407,4.1004,0.2223,49,713,0,0,1
3408,4.1791,0.2194,49,713,0,0,1
3409,4.0215,0.2175,49,713,0,0,1
3410,4.1388,0.2352,49,713,0,0,1
3411,4.2042,0.3631,49,713,0,0,1
3412,4.4245,0.3524,49,713,0,0,1
3413,4.0584,0.3334,49,713,0,0,1
3414,3.9851,0.2299,49,713,0,0,1
3415,4.2252,0.387,49,713,0,0,1
3416,4.1333,0.2712,83,713,0,0,1
3417,4.4805,0.4053,83,713,0,0,1
3418,4.0973,0.2407,83,713,0,0,1
3419,4.1495,0.4027,83,713,0,0,1
3420,3.9161,0.3377,83,713,0,0,1
3421,4.1872,0.2539,83,713,0,0,1
3422,4.477,0.3642,83,713,0,0,1
3423,3.8421,0.2471,83,713,0,0,1
3424,4.2069,0.321,83,713,0,0,1
3425,4.3354,0.2345,83,713,0,0,1
3426,4.0228,0.4207,83,713,0,0,1
3427,4.1184,0.2435,83,713,0,0,1
3428,4.1842,0.2284,83,713,0,0,1
3429,4.1513,0.2499,83,713,0,0,1
3430,4.1222,0.2218,83,713,0,0,1
3431,4.5415,0.398,83,713,0,0,1
3432,3.9069,0.4246,83,713,0,0,1
3433,4.1084,0.2376,83,713,0,0,1
3434,4.4816,0.4013,83,713,0,0,1
3435,3.8489,0.1949,83,713,0,0,1
3436,4.4968,0.2419,83,713,0,0,1
3437,3.8389,0.2642,83,713,0,0,1
3438,4.1711,0.2485,83,713,0,0,1
3439,4.1537,0.2012,83,713,0,0,1
3440,4.1909,0.314,83,713,0,0,1
3441,4.4409,0.2914,83,713,0,0,1
3442,4.1281,0.2595,83,713,0,0,1
3443,3.94,0.3898,83,713,0,0,1
3444,4.1384,0.2559,83,713,0,0,1
3445,4.1876,0.245,83,713,0,0,1
3446,4.2976,0.3552,83,713,0,0,1
3447,4.0595,0.3965,83,713,0,0,1
3448,4.2717,0.3646,83,713,0,0,1
3449,4.1346,0.3224,82,713,0,0,1
3450,4.0267,0.248,82,713,0,0,1
3451,4.1532,0.2875,82,713,0,0,1
3452,4.2293,0.274,82,713,0,0,1
3453,4.3279,0.362,82,713,0,0,1
3454,4.112,0.2533,82,713,0,0,1
3455,4.0792,0.3392,82,713,0,0,1
3456,4.0995,0.2525,82,713,0,0,1
3457,4.2011,0.2409,82,713,0,0,1
3458,4.3035,0.4002,82,713,0,0,1
3459,4.0215,0.2403,82,713,0,0,1
3460,4.3379,0.3534,81,713,0,0,1
3461,4.1183,0.3213,81,713,0,0,1
3462,4.0444,0.2268,81,713,0,0,1
3463,4.1662,0.2427,81,713,0,0,1
3464,4.1935,0.2557,81,713,0,0,1
3465,4.2693,0.3409,81,713,0,0,1
3466,4.2408,0.3431,81,713,0,0,1
3467,3.9861,0.3987,81,713,0,0,1
3468,4.1239,0.3055,81,713,0,0,1
3469,4.1943,0.2402,81,713,0,0,1
3470,4.1708,0.2504,81,713,0,0,1
3471,4.1613,0.2402,81,713,0,0,1
3472,4.3509,0.3507,81,713,0,0,1
3473,4.1339,0.3228,80,713,0,0,1
3474,3.9915,0.2419,80,713,0,0,1
3475,4.154,0.356,80,713,0,0,1
3476,4.5159,0.2498,80,713,0,0,1
3477,4.0062,0.2758,80,713,0,0,1
3478,4.1579,0.3737,80,713,0,0,1
3479,4.0469,0.3998,80,713,0,0,1
3480,4.177,0.2339,80,713,0,0,1
3481,4.1306,0.2016,80,713,0,0,1
3482,4.2918,0.2721,80,713,0,0,1
3483,4.1712,0.2424,80,713,0,0,1
3484,4.1482,0.3351,80,713,0,0,1
3485,4.1075,0.2229,80,713,0,0,1
3486,4.1074,0.2445,80,713,0,0,1
3487,4.156,0.2392,80,713,0,0,1
3488,4.395,0.2697,80,713,0,0,1
3489,3.9676,0.3777,80,713,0,0,1
3490,4.2465,0.3244,80,713,0,0,1
3491,4.0958,0.4008,80,713,0,0,1
3492,4.1802,0.392,80,713,0,0,1
3493,4.1353,0.2919,126,713,0,0,1
3494,4.2659,0.3,126,713,0,0,1
3495,4.2035,0.2524,126,713,0,0,1
3496,4.1391,0.3306,126,713,0,0,1
3497,4.0446,0.3517,126,713,0,0,1
3498,4.1663,0.2265,126,713,0,0,1
3499,4.1515,0.2824,126,713,0,0,1
3500,4.1964,0.282,126,713,0,0,1
3501,4.3129,0.2677,126,713,0,0,1
3502,4.136,0.4319,126,713,0,0,1
3503,4.0691,0.4368,126,713,0,0,1
3504,4.1539,0.4565,126,713,0,0,1
3505,4.1426,0.2622,126,713,0,0,1
3506,4.2759,0.2959,126,713,0,0,1
3507,4.0736,0.2719,126,713,0,0,1
3508,4.1925,0.4545,126,713,0,0,1
3509,4.3103,0.3331,126,713,0,0,1
3510,3.9926,0.2951,126,713,0,0,1
3511,4.2187,0.4333,126,713,0,0,1
3512,4.1319,0.2665,126,713,0,0,1
3513,4.3128,0.3122,126,713,0,0,1
3514,4.1773,0.5644,126,713,0,0,1
3515,3.9703,0.2739,126,713,0,0,1
3516,4.3288,0.3952,126,713,0,0,1
3517,4.042,0.2228,126,713,0,0,1
3518,4.2817,0.376,126,713,0,0,1
3519,4.0732,0.3221,126,713,0,0,1
3520,4.1725,0.4139,126,713,0,0,1
3521,4.2509,0.3937,126,713,0,0,1
3522,4.0512,0.2761,126,713,0,0,1
3523,4.2549,0.2586,126,713,0,0,1
3524,4.1151,0.2925,126,713,0,0,1
3525,4.2992,0.3055,126,713,0,0,1
3526,4.0132,0.2849,126,713,0,0,1
3527,4.1958,0.4611,126,713,0,0,1
3528,4.1026,0.2346,126,713,0,0,1
3529,4.1855,0.2898,124,713,0,0,1
3530,4.3247,0.3814,124,713,0,0,1
3531,4.053,0.2798,124,713,0,0,1
3532,4.297,0.4785,124,713,0,0,1
3533,4.1751,0.5288,124,713,0,0,1
3534,4.0749,0.5016,124,713,0,0,1
3535,4.1755,0.5001,124,713,0,0,1
3536,4.129,0.4253,124,713,0,0,1
3537,4.153,0.3158,124,713,0,0,1
3538,4.2165,0.3178,124,713,0,0,1
3539,4.2272,0.4987,124,713,0,0,1
3540,4.3937,0.5412,124,713,0,0,1
3541,3.8484,0.3416,124,713,0,0,1
3542,4.2088,0.5077,124,713,0,0,1
3543,4.1378,0.3691,124,713,0,0,1
3544,4.2279,0.609,124,713,0,0,1
3545,4.0999,0.5153,124,713,0,0,1
3546,4.2444,0.5764,124,713,0,0,1
3547,4.2689,0.2554,124,713,0,0,1
3548,4.0539,0.4215,124,713,0,0,1
3549,4.1756,0.3896,124,713,0,0,1
3550,4.1228,0.303,124,713,0,0,1
3551,4.4017,0.664,124,713,0,0,1
3552,3.904,0.3351,124,713,0,0,1
3553,4.2018,0.3159,124,713,0,0,1
3554,4.2222,0.3931,124,713,0,0,1
3555,4.0836,0.3428,122,713,0,0,1
3556,4.2591,0.5065,122,713,0,0,1
3557,4.1724,0.3487,122,713,0,0,1
3558,4.0798,0.2531,122,713,0,0,1
3559,4.231,0.6408,122,713,0,0,1
3560,4.1365,0.2823,122,713,0,0,1
3561,4.5469,0.5243,122,713,0,0,1
3562,3.789,0.3612,122,713,0,0,1
3563,4.3322,0.3329,122,713,0,0,1
3564,4.1065,0.4992,122,713,0,0,1
3565,4.0544,0.343,122,713,0,0,1
3566,4.1969,0.3939,122,713,0,0,1
3567,4.1086,0.2967,122,713,0,0,1
3568,4.2091,0.4798,122,713,0,0,1
3569,4.1436,0.293,122,713,0,0,1
3570,4.2039,0.5735,156,713,0,0,1
3571,4.1208,0.3282,156,713,0,0,1
3572,4.2066,0.332,156,713,0,0,1
3573,4.1938,0.4259,156,713,0,0,1
3574,4.1143,0.3262,156,713,0,0,1
3575,4.1434,0.3594,156,713,0,0,1
3576,4.2445,0.2921,156,713,0,0,1
3577,4.0716,0.3608,156,713,0,0,1
3578,4.2838,0.4256,156,713,0,0,1
3579,4.0704,0.3876,156,713,0,0,1
3580,4.2237,0.4159,156,713,0,0,1
3581,4.1884,0.3736,156,713,0,0,1
3582,4.0945,0.3731,156,713,0,0,1
3583,4.1656,0.4764,156,713,0,0,1
3584,4.2398,0.3804,156,713,0,0,1
3585,4.1514,0.3065,156,713,0,0,1
3586,4.1532,0.5994,156,713,0,0,1
3587,4.1604,0.5044,156,713,0,0,1
3588,4.3284,0.3839,156,713,0,0,1
3589,3.9865,0.3955,156,713,0,0,1
3590,4.235,0.5538,156,713,0,0,1
3591,4.0848,0.3702,156,713,0,0,1
3592,4.2095,0.3224,156,713,0,0,1
3593,4.2173,0.4894,156,713,0,0,1
3594,4.0733,0.3895,156,713,0,0,1
3595,4.2997,0.3436,156,713,0,0,1
3596,4.0967,0.411,156,713,0,0,1
3597,4.1213,0.3536,156,713,0,0,1
3598,4.1949,0.4494,156,713,0,0,1
3599,4.1666,0.452,156,713,0,0,1
3600,4.0708,0.3616,156,713,0,0,1
3601,4.2024,0.287,156,713,0,0,1
3602,4.3956,0.6213,155,713,0,0,1
3603,4.0684,0.5904,155,713,0,0,1
3604,4.0664,0.3939,155,713,0,0,1
3605,4.1979,0.4217,154,713,0,0,1
3606,4.1204,0.3531,154,713,0,0,1
3607,4.1391,0.5218,154,713,0,0,1
3608,4.3194,0.2993,154,713,0,0,1
3609,4.0562,0.3873,154,713,0,0,1
3610,4.1712,0.3326,154,713,0,0,1
3611,4.1795,0.5408,153,713,0,0,1
3612,4.1135,0.3677,153,713,0,0,1
3613,4.2021,0.36,153,713,0,0,1
3614,4.2444,0.621,153,713,0,0,1
3615,4.1062,0.3081,152,713,0,0,1
3616,4.1745,0.3617,152,713,0,0,1
3617,4.524,0.2963,151,713,0,0,1
3618,3.9677,0.3738,151,713,0,0,1
3619,8.1664,0.3661,151,713,0,0,1
3620,4.2555,0.6757,151,713,0,0,1
3621,4.0743,0.4099,151,713,0,0,1
3622,4.1428,0.3037,151,713,0,0,1
3623,4.163,0.3683,151,713,0,0,1
3624,4.1838,0.3157,151,713,0,0,1
3625,4.2243,0.5366,151,713,0,0,1
3626,4.1936,0.3769,151,713,0,0,1
3627,4.1305,0.385,151,713,0,0,1
3628,4.1729,0.3794,148,713,0,0,1
3629,4.1105,0.4241,148,713,0,0,1
3630,4.1786,0.355,148,713,0,0,1
3631,4.1631,0.4122,148,713,0,0,1
3632,4.1675,0.3501,148,713,0,0,1
3633,4.271,0.4915,148,713,0,0,1
3634,4.0298,0.3213,148,713,0,0,1
3635,4.495,0.3583,148,713,0,0,1
3636,3.8337,0.2727,148,713,0,0,1
3637,4.4541,0.6427,148,713,0,0,1
3638,4.1096,0.3774,148,713,0,0,1
3639,4.0031,0.626,148,713,0,0,1
3640,4.4883,0.3922,148,713,0,0,1
3641,3.7837,0.3139,148,713,0,0,1
3642,4.1523,0.3575,148,713,0,0,1
3643,4.2826,0.4193,148,713,0,0,1
3644,4.3139,0.3511,148,713,0,0,1
3645,4.034,0.4867,148,713,0,0,1
3646,4.0846,0.382,194,713,0,0,1
3647,4.1512,0.4411,194,713,0,0,1
3648,4.1451,0.3917,194,713,0,0,1
3649,4.2467,0.3408,193,713,0,0,1
3650,4.0886,0.4602,193,713,0,0,1
3651,4.1776,0.4561,193,713,0,0,1
3652,4.2012,0.3824,193,713,0,0,1
3653,4.1326,0.3021,193,713,0,0,1
3654,4.1551,0.3845,193,713,0,0,1
3655,4.2032,0.4204,193,713,0,0,1
3656,4.1558,0.379,193,713,0,0,1
3657,4.2222,0.3374,193,713,0,0,1
3658,4.1206,0.3912,193,713,0,0,1
3659,4.2759,0.3962,193,713,0,0,1
3660,4.0505,0.3856,193,713,0,0,1
3661,4.5307,0.3538,193,713,0,0,1
3662,3.8045,0.428,193,713,0,0,1
3663,4.2327,0.6755,193,713,0,0,1
3664,4.1786,0.6518,193,713,0,0,1
3665,4.136,0.6534,193,713,0,0,1
3666,4.097,0.2964,192,713,0,0,1
3667,4.2031,0.4279,191,713,0,0,1
3668,4.1993,0.3376,191,713,0,0,1
3669,4.1384,0.4183,191,713,0,0,1
3670,4.144,0.2938,191,713,0,0,1
3671,4.1573,0.4101,191,713,0,0,1
3672,4.1583,0.2931,191,713,0,0,1
3673,4.5631,0.4497,191,713,0,0,1
3674,3.8477,0.3903,191,713,0,0,1
3675,4.375,0.3801,191,713,0,0,1
3676,3.9738,0.5478,191,713,0,0,1
3677,4.144,0.6736,191,713,0,0,1
3678,4.1561,0.3384,190,713,0,0,1
3679,4.1526,0.3806,190,713,0,0,1
3680,4.1957,0.3858,190,713,0,0,1
3681,4.1346,0.4222,190,713,0,0,1
3682,4.1592,0.6325,190,713,0,0,1
3683,4.2602,0.647,189,713,0,0,1
3684,4.0503,0.3604,188,713,0,0,1
3685,4.5184,0.7413,188,713,0,0,1
3686,3.8952,0.5398,188,713,0,0,1
3687,4.4428,0.6085,188,713,0,0,1
3688,4.099,0.6042,188,713,0,0,1
3689,3.892,0.2968,188,713,0,0,1
3690,4.2412,0.3986,188,713,0,0,1
3691,4.1305,0.3265,188,713,0,0,1
3692,4.1592,0.5254,188,713,0,0,1
3693,4.1567,0.3018,188,713,0,0,1
3694,4.1846,0.391,188,713,0,0,1
3695,4.1435,0.3044,188,713,0,0,1
3696,4.1422,0.3735,188,713,0,0,1
3697,4.5786,0.438,187,713,0,0,1
3698,3.7954,0.6227,187,713,0,0,1
3699,4.4762,0.3211,187,713,0,0,1
3700,3.8688,0.5481,187,713,0,0,1
3701,4.1788,0.5421,187,713,0,0,1
3702,4.2378,0.578,187,713,0,0,1
3703,4.072,0.3288,187,713,0,0,1
3704,4.1392,0.394,186,713,0,0,1
3705,4.1525,0.4997,186,713,0,0,1
3706,4.1586,0.5543,186,713,0,0,1
3707,4.3767,0.5095,186,713,0,0,1
3708,3.9813,0.3828,185,713,0,0,1
3709,4.4983,0.4619,185,713,0,0,1
3710,4.2016,0.3952,185,713,0,0,1
3711,3.8441,0.5025,185,713,0,0,1
3712,4.4606,0.607,185,713,0,0,1
3713,3.8331,0.5362,185,713,0,0,1
3714,4.3371,0.4038,184,713,0,0,1
3715,3.9728,0.3502,184,713,0,0,1
3716,4.5206,0.61,183,713,0,0,1
3717,4.1615,0.3701,183,713,0,0,1
3718,3.8496,0.4132,183,713,0,0,1
3719,4.1363,0.3496,182,713,0,0,1
3720,4.1949,0.3775,182,713,0,0,1
3721,4.2484,0.5362,181,713,0,0,1
3722,4.1159,0.6039,215,713,0,0,1
3723,4.1665,0.6104,215,713,0,0,1
3724,4.4571,0.5052,215,713,0,0,1
3725,3.8269,0.4681,215,713,0,0,1
3726,4.2217,0.5601,215,713,0,0,1
3727,4.2347,0.4059,215,713,0,0,1
3728,4.3128,0.5217,215,713,0,0,1
3729,4.0446,0.5477,215,713,0,0,1
3730,3.9889,0.3912,215,713,0,0,1
3731,4.5462,0.5272,215,713,0,0,1
3732,3.7987,0.3666,215,713,0,0,1
3733,4.2362,0.6253,215,713,0,0,1
3734,4.2022,0.4154,215,713,0,0,1
3735,4.1018,0.4028,215,713,0,0,1
3736,4.2197,0.3643,215,713,0,0,1
3737,4.1049,0.3915,215,713,0,0,1
3738,4.152,0.3314,215,713,0,0,1
3739,4.1933,0.452,215,713,0,0,1
3740,4.308,0.6337,215,713,0,0,1
3741,4.0371,0.3748,215,713,0,0,1
3742,4.1498,0.3967,215,713,0,0,1
3743,4.1343,0.3178,215,713,0,0,1
3744,4.2086,0.4063,214,713,0,0,1
3745,4.1799,0.498,214,713,0,0,1
3746,4.3221,0.4172,214,713,0,0,1
3747,3.9989,0.4411,214,713,0,0,1
3748,4.1603,0.3621,214,713,0,0,1
3749,4.147,0.3972,214,713,0,0,1
3750,4.1822,0.3443,214,713,0,0,1
3751,4.1804,0.403,212,713,0,0,1
3752,4.246,0.6371,212,713,0,0,1
3753,4.1279,0.4853,212,713,0,0,1
3754,4.1471,0.6659,211,713,0,0,1
3755,4.179,0.3561,211,713,0,0,1
3756,4.1243,0.3965,210,713,0,0,1
3757,4.2287,0.3424,210,713,0,0,1
3758,4.1272,0.4096,210,713,0,0,1
3759,4.3014,0.4233,209,713,0,0,1
3760,4.0177,0.3961,208,713,0,0,1
3761,4.1607,0.392,208,713,0,0,1
3762,4.1084,0.3056,208,713,0,0,1
3763,4.249,0.4152,208,713,0,0,1
3764,4.1437,0.3263,208,713,0,0,1
3765,4.2517,0.6298,207,713,0,0,1
3766,4.0832,0.3511,207,713,0,0,1
3767,4.162,0.428,207,713,0,0,1
3768,4.1816,0.3935,207,713,0,0,1
3769,4.428,0.3059,206,713,0,0,1
3770,3.8649,0.3747,206,713,0,0,1
3771,4.2286,0.6146,206,713,0,0,1
3772,4.1724,0.478,206,713,0,0,1
3773,4.1722,0.6027,206,713,0,0,1
3774,4.11,0.3952,206,713,0,0,1
3775,4.1703,0.3748,206,713,0,0,1
3776,4.4027,0.3936,204,713,0,0,1
3777,4.1796,0.696,204,713,0,0,1
3778,3.9381,0.3274,204,713,0,0,1
3779,4.4923,0.5103,203,713,0,0,1
3780,3.8264,0.3174,202,713,0,0,1
3781,4.4815,0.6151,202,713,0,0,1
3782,3.8695,0.3439,202,713,0,0,1
3783,4.1445,0.3927,202,713,0,0,1
3784,4.4652,0.5588,202,713,0,0,1
3785,3.8839,0.7464,202,713,0,0,1
3786,4.1244,0.607,202,713,0,0,1
3787,4.1754,0.3776,202,713,0,0,1
3788,4.2177,0.4623,201,713,0,0,1
3789,4.3238,0.3192,199,713,0,0,1
3790,4.0458,0.6727,198,713,0,0,1
3791,4.1078,0.3258,198,713,0,0,1
3792,4.1841,0.41,198,713,0,0,1
3793,4.223,0.4015,198,713,0,0,1
3794,4.0995,0.4165,198,713,0,0,1
3795,4.2246,0.3693,197,713,0,0,1
3796,4.2094,0.659,197,713,0,0,1
3797,4.1313,0.3866,197,713,0,0,1
3798,4.1056,0.5518,197,713,0,0,1
3799,4.1752,0.6409,243,713,0,0,1
3800,4.177,0.4052,243,713,0,0,1
3801,4.369,0.4712,243,713,0,0,1
3802,3.9806,0.6886,243,713,0,0,1
3803,4.1835,0.403,243,713,0,0,1
3804,4.1089,0.4335,243,713,0,0,1
3805,4.2397,0.481,243,713,0,0,1
3806,4.0961,0.5117,243,713,0,0,1
3807,4.2002,0.4893,243,713,0,0,1
3808,4.2074,0.6824,243,713,0,0,1
3809,4.1094,0.3188,242,713,0,0,1
3810,4.1435,0.4344,242,713,0,0,1
3811,4.2002,0.4067,242,713,0,0,1
3812,4.1405,0.3311,242,713,0,0,1
3813,4.2017,0.4337,242,713,0,0,1
3814,4.1336,0.38,242,713,0,0,1
3815,4.1588,0.3311,242,713,0,0,1
3816,4.164,0.4133,242,713,0,0,1
3817,4.2159,0.4293,242,713,0,0,1
3818,4.1349,0.4341,241,713,0,0,1
3819,4.1498,0.5953,241,713,0,0,1
3820,4.2363,0.3486,241,713,0,0,1
3821,4.1558,0.7208,241,713,0,0,1
3822,4.249,0.4237,241,713,0,0,1
3823,4.1195,0.3333,241,713,0,0,1
3824,4.0976,0.4548,241,713,0,0,1
3825,4.4779,0.4089,241,713,0,0,1
3826,3.8769,0.5429,241,713,0,0,1
3827,4.1189,0.4156,241,713,0,0,1
3828,4.1793,0.3842,241,713,0,0,1
3829,4.1942,0.3835,241,713,0,0,1
3830,4.1351,0.4119,241,713,0,0,1
3831,4.2218,0.4089,241,713,0,0,1
3832,4.1393,0.3732,240,713,0,0,1
3833,4.1795,0.6337,240,713,0,0,1
3834,4.1259,0.4761,240,713,0,0,1
3835,4.1898,0.4999,240,713,0,0,1
3836,4.4769,0.8107,240,713,0,0,1
3837,3.8644,0.414,240,713,0,0,1
3838,4.155,0.4528,240,713,0,0,1
3839,4.093,0.415,240,713,0,0,1
3840,4.2112,0.3259,240,713,0,0,1
3841,4.2392,0.4876,239,713,0,0,1
3842,4.1178,0.3972,239,713,0,0,1
3843,4.494,0.5459,238,713,0,0,1
3844,4.1657,0.6478,237,713,0,0,1
3845,3.8405,0.3809,237,713,0,0,1
3846,4.2012,0.6677,235,713,0,0,1
3847,4.1844,0.5909,234,713,0,0,1
3848,4.389,0.4724,234,713,0,0,1
3849,3.8786,0.4244,234,713,0,0,1
3850,4.2078,0.4953,234,713,0,0,1
3851,4.1335,0.3479,234,713,0,0,1
3852,4.1434,0.4113,234,713,0,0,1
3853,4.2723,0.7715,234,713,0,0,1
3854,4.1057,0.5483,234,713,0,0,1
3855,4.1621,0.4211,234,713,0,0,1
3856,4.144,0.414,234,713,0,0,1
3857,4.1919,0.5192,234,713,0,0,1
3858,4.1415,0.405,234,713,0,0,1
3859,4.1923,0.3619,234,713,0,0,1
3860,4.2214,0.475,234,713,0,0,1
3861,4.1754,0.4434,234,713,0,0,1
3862,4.0923,0.3307,234,713,0,0,1
3863,4.1464,0.4559,234,713,0,0,1
3864,4.189,0.3751,234,713,0,0,1
3865,4.2059,0.6433,234,713,0,0,1
3866,4.1775,0.4066,234,713,0,0,1
3867,4.1693,0.3691,233,713,0,0,1
3868,4.2016,0.4709,233,713,0,0,1
3869,4.0822,0.3627,233,713,0,0,1
3870,4.1631,0.3338,233,713,0,0,1
3871,4.189,0.439,233,713,0,0,1
3872,4.2068,0.5887,232,713,0,0,1
3873,4.1179,0.4836,231,713,0,0,1
3874,4.1402,0.578,231,713,0,0,1
3875,4.536,0.3228,231,713,0,0,1
3876,3.8144,0.5071,265,713,0,0,1
3877,4.3954,0.6786,265,713,0,0,1
3878,3.9722,0.3689,265,713,0,0,1
3879,4.1866,0.5126,265,713,0,0,1
3880,4.1643,0.5012,265,713,0,0,1
3881,4.1243,0.352,265,713,0,0,1
3882,4.1382,0.3606,265,713,0,0,1
3883,4.2711,0.603,263,713,0,0,1
3884,4.1668,0.6543,263,713,0,0,1
3885,4.1559,0.401,263,713,0,0,1
3886,4.1037,0.4294,263,713,0,0,1
3887,4.1445,0.3997,262,713,0,0,1
3888,4.1561,0.3443,262,713,0,0,1
3889,4.42,0.4382,262,713,0,0,1
3890,3.9412,0.4296,261,713,0,0,1
3891,4.3257,0.3894,260,713,0,0,1
3892,4.026,0.4568,260,713,0,0,1
3893,4.1895,0.6982,260,713,0,0,1
3894,4.1208,0.3606,260,713,0,0,1
3895,4.2277,0.5321,260,713,0,0,1
3896,4.0885,0.6057,260,713,0,0,1
3897,4.3269,0.6211,260,713,0,0,1
3898,4.0538,0.5323,260,713,0,0,1
3899,4.1957,0.4903,260,713,0,0,1
3900,4.1185,0.3863,259,713,0,0,1
3901,4.2152,0.5598,259,713,0,0,1
3902,4.1223,0.4495,259,713,0,0,1
3903,4.2586,0.6913,259,713,0,0,1
3904,4.1809,0.3943,259,713,0,0,1
3905,4.0882,0.4306,259,713,0,0,1
3906,4.0801,0.4137,259,713,0,0,1
3907,4.2288,0.3547,258,713,0,0,1
3908,4.1705,0.5265,258,713,0,0,1
3909,4.1942,0.5298,257,713,0,0,1
3910,4.2166,0.3517,257,713,0,0,1
3911,4.0442,0.3558,256,713,0,0,1
3912,4.1952,0.4493,256,713,0,0,1
3913,4.2307,0.397,255,713,0,0,1
3914,4.089,0.3686,255,713,0,0,1
3915,4.2424,0.4239,255,713,0,0,1
3916,4.1874,0.731,255,713,0,0,1
3917,4.2929,0.5173,255,713,0,0,1
3918,3.956,0.5408,255,713,0,0,1
3919,4.1803,0.4685,255,713,0,0,1
3920,4.2054,0.4142,255,713,0,0,1
3921,4.1372,0.4345,254,713,0,0,1
3922,4.1817,0.6602,254,713,0,0,1
3923,4.1846,0.3915,254,713,0,0,1
3924,4.1251,0.4318,254,713,0,0,1
3925,4.1815,0.4044,254,713,0,0,1
3926,4.1198,0.3465,254,713,0,0,1
3927,4.2666,0.6403,254,713,0,0,1
3928,4.198,0.6437,254,713,0,0,1
3929,4.0587,0.5032,253,713,0,0,1
3930,4.1203,0.4094,252,713,0,0,1
3931,4.2438,0.4793,252,713,0,0,1
3932,4.1261,0.3374,251,713,0,0,1
3933,4.2301,0.4963,251,713,0,0,1
3934,4.126,0.3976,251,713,0,0,1
3935,4.1439,0.3366,251,713,0,0,1
3936,4.1793,0.4497,251,713,0,0,1
3937,4.2398,0.4503,251,713,0,0,1
3938,4.1076,0.341,244,713,0,0,1
3939,4.2058,0.47,244,713,0,0,1
3940,4.1676,0.6617,243,713,0,0,1
3941,4.1696,0.5296,242,713,0,0,1
3942,4.1249,0.6977,242,713,0,0,1
3943,4.2031,0.3957,242,713,0,0,1
3944,4.1839,0.3765,240,713,0,0,1
3945,4.1182,0.4424,240,713,0,0,1
3946,4.1687,0.3512,240,713,0,0,1
3947,4.3356,0.6542,240,713,0,0,1
3948,3.9789,0.4213,240,713,0,0,1
3949,4.409,0.4646,240,713,0,0,1
3950,3.9164,0.4387,240,713,0,0,1
3951,4.2328,0.6725,239,713,0,0,1
3952,4.1451,0.4639,239,713,0,0,1
3953,4.1467,0.856,285,713,0,0,1
3954,4.1202,0.4351,285,713,0,0,1
3955,4.2145,0.4795,285,713,0,0,1
3956,4.2019,0.3992,285,713,0,0,1
3957,4.2184,0.686,285,713,0,0,1
3958,4.082,0.4414,285,713,0,0,1
3959,4.1663,0.6761,285,713,0,0,1
3960,4.1569,0.3712,284,713,0,0,1
3961,4.1952,0.5066,283,713,0,0,1
3962,4.1197,0.4091,281,713,0,0,1
3963,4.5254,0.3883,281,713,0,0,1
3964,3.8772,0.4024,281,713,0,0,1
3965,4.1135,0.4406,281,713,0,0,1
3966,4.161,0.6321,281,713,0,0,1
3967,4.2353,0.4155,281,713,0,0,1
3968,4.0835,0.6136,281,713,0,0,1
3969,4.2346,0.4936,281,713,0,0,1
3970,4.1105,0.4374,281,713,0,0,1
3971,4.3998,0.3716,281,713,0,0,1
3972,3.9481,0.3732,281,713,0,0,1
3973,4.2374,0.4979,281,713,0,0,1
3974,4.1156,0.4688,281,713,0,0,1
3975,4.133,0.5379,281,713,0,0,1
3976,4.2154,0.4087,281,713,0,0,1
3977,4.1349,0.5377,281,713,0,0,1
3978,4.1566,0.4095,281,713,0,0,1
3979,4.1928,0.4567,281,713,0,0,1
3980,4.1882,0.6445,281,713,0,0,1
3981,4.2181,0.5997,281,713,0,0,1
3982,4.1113,0.5143,281,713,0,0,1
3983,4.133,0.3554,281,713,0,0,1
3984,4.1671,0.3762,281,713,0,0,1
3985,4.1962,0.6848,280,713,0,0,1
3986,4.1483,0.3747,279,713,0,0,1
3987,4.1534,0.3535,279,713,0,0,1
3988,4.1965,0.468,279,713,0,0,1
3989,4.1074,0.4819,279,713,0,0,1
3990,4.1942,0.6309,279,713,0,0,1
3991,4.1837,0.3559,277,713,0,0,1
3992,4.3102,0.727,277,713,0,0,1
3993,4.0097,0.4896,276,713,0,0,1
3994,4.1977,0.5305,275,713,0,0,1
3995,4.1873,0.3952,275,713,0,0,1
3996,4.0891,0.4382,275,713,0,0,1
3997,4.3197,0.6256,275,713,0,0,1
3998,4.0861,0.3645,274,713,0,0,1
3999,4.0823,0.4192,274,713,0,0,1
4000,4.1734,0.4333,273,713,0,0,1
4001,4.213,0.4082,273,713,0,0,1
4002,4.1532,0.5283,272,713,0,0,1
4003,4.2204,0.7687,271,713,0,0,1
4004,4.185,0.691,271,713,0,0,1
4005,4.1485,0.4409,270,713,0,0,1
4006,4.1281,0.3534,270,713,0,0,1
4007,4.5358,0.4729,269,713,0,0,1
4008,3.8047,0.3965,269,713,0,0,1
4009,4.1881,0.6243,269,713,0,0,1
4010,4.1156,0.4391,268,713,0,0,1
4011,4.2286,0.5075,268,713,0,0,1
4012,4.154,0.3998,266,713,0,0,1
4013,4.148,0.3523,266,713,0,0,1
4014,4.1069,0.4375,259,713,0,0,1
4015,4.2341,0.4339,259,713,0,0,1
4016,4.1889,0.5786,259,713,0,0,1
4017,4.163,0.514,259,713,0,0,1
4018,4.128,0.6384,259,713,0,0,1
4019,4.1816,0.3824,259,713,0,0,1
4020,4.1911,0.3765,259,713,0,0,1
4021,4.1245,0.6162,258,713,0,0,1
4022,4.1657,0.3708,258,713,0,0,1
4023,4.215,0.5644,257,713,0,0,1
4024,4.2055,0.4943,256,713,0,0,1
4025,4.1585,0.4722,256,713,0,0,1
4026,4.1066,0.331,256,713,0,0,1
4027,4.1744,0.4773,256,713,0,0,1
4028,4.1556,0.5557,256,713,0,0,1
4029,4.175,0.6195,256,713,0,0,1
4030,4.1519,0.3661,290,713,0,0,1
4031,4.5692,0.5028,288,713,0,0,1
4032,3.7741,0.4648,288,713,0,0,1
4033,4.153,0.4983,288,713,0,0,1
4034,4.19,0.3827,288,713,0,0,1
4035,4.1339,0.5856,287,713,0,0,1
4036,4.2206,0.5229,287,713,0,0,1
4037,4.1416,0.4126,287,713,0,0,1
4038,4.1499,0.3535,287,713,0,0,1
4039,4.1841,0.386,287,713,0,0,1
4040,4.1461,0.6631,287,713,0,0,1
4041,4.148,0.6225,287,713,0,0,1
4042,4.1816,0.588,287,713,0,0,1
4043,4.2604,0.4162,286,713,0,0,1
4044,4.0984,0.5083,285,713,0,0,1
4045,4.1357,0.4501,285,713,0,0,1
4046,4.2022,0.4965,285,713,0,0,1
4047,4.1605,0.3529,285,713,0,0,1
4048,4.1715,0.6188,285,713,0,0,1
4049,4.1435,0.5615,285,713,0,0,1
4050,4.1555,0.4181,285,713,0,0,1
4051,4.1838,0.4007,285,713,0,0,1
4052,4.2112,0.4151,285,713,0,0,1
4053,4.1398,0.4342,285,713,0,0,1
4054,4.1391,0.6664,285,713,0,0,1
4055,4.208,0.4286,285,713,0,0,1
4056,4.1146,0.3638,285,713,0,0,1
4057,4.1972,0.5964,285,713,0,0,1
4058,4.1604,0.4536,285,713,0,0,1
4059,4.3678,0.5389,285,713,0,0,1
4060,3.9848,0.5132,285,713,0,0,1
4061,4.1249,0.4473,285,713,0,0,1
4062,4.2464,0.4654,282,713,0,0,1
4063,4.1066,0.4234,282,713,0,0,1
4064,4.1839,0.3876,282,713,0,0,1
4065,4.2206,0.4944,281,713,0,0,1
4066,4.1252,0.7281,281,713,0,0,1
4067,4.2692,0.6026,280,713,0,0,1
4068,4.0081,0.3491,280,713,0,0,1
4069,4.2666,0.5425,280,713,0,0,1
4070,4.0718,0.4423,280,713,0,0,1
4071,4.2438,0.6756,279,713,0,0,1
4072,4.1288,0.4037,278,713,0,0,1
4073,4.2967,0.6705,278,713,0,0,1
4074,3.9897,0.4187,277,713,0,0,1
4075,4.2737,0.6305,277,713,0,0,1
4076,4.087,0.3745,276,713,0,0,1
4077,4.1452,0.5071,276,713,0,0,1
4078,4.173,0.5912,276,713,0,0,1
4079,4.1939,0.3472,276,713,0,0,1
4080,4.1616,0.3722,276,713,0,0,1
4081,4.218,0.51,276,713,0,0,1
4082,4.0842,0.3694,276,713,0,0,1
4083,4.2277,0.6329,276,713,0,0,1
4084,4.1307,0.4474,276,713,0,0,1
4085,4.1777,0.4385,276,713,0,0,1
4086,4.1508,0.655,276,713,0,0,1
4087,4.2046,0.3846,276,713,0,0,1
4088,4.1556,0.485,276,713,0,0,1
4089,4.1788,0.4848,276,713,0,0,1
4090,4.122,0.5745,275,713,0,0,1
4091,4.1844,0.3565,268,713,0,0,1
4092,4.1713,0.4412,268,713,0,0,1
4093,4.197,0.459,268,713,0,0,1
4094,4.1068,0.3664,267,713,0,0,1
4095,4.2439,0.5749,267,713,0,0,1
4096,4.3547,0.4983,267,713,0,0,1
4097,4.0868,0.4167,267,713,0,0,1
4098,4.0532,0.6674,266,713,0,0,1
4099,4.1161,0.5345,266,713,0,0,1
4100,4.4837,0.5078,266,713,0,0,1
4101,4.1802,0.344,266,713,0,0,1
4102,3.8205,0.4947,266,713,0,0,1
4103,4.1525,0.4448,265,713,0,0,1
4104,4.1467,0.3601,265,713,0,0,1
4105,4.4712,0.5633,265,713,0,0,1
4106,3.9333,0.7897,309,713,0,0,1
4107,4.4667,0.5037,307,713,0,0,1
4108,4.1378,0.6574,306,713,0,0,1
4109,3.8471,0.516,306,713,0,0,1
4110,4.2441,0.6129,305,713,0,0,1
4111,4.0954,0.4653,305,713,0,0,1
4112,4.7962,0.4468,305,713,0,0,1
4113,3.5491,0.4372,304,713,0,0,1
4114,4.2187,0.4881,304,713,0,0,1
4115,4.3374,0.5249,304,713,0,0,1
4116,3.8963,0.4398,304,713,0,0,1
4117,4.547,0.4565,302,713,0,0,1
4118,3.8389,0.6331,301,713,0,0,1
4119,4.4461,0.4451,301,713,0,0,1
4120,4.1829,0.3819,300,713,0,0,1
4121,3.8856,0.469,300,713,0,0,1
4122,4.1793,0.6901,300,713,0,0,1
4123,4.1377,0.4198,299,713,0,0,1
4124,4.419,0.5708,299,713,0,0,1
4125,3.9343,0.4092,297,713,0,0,1
4126,4.1396,0.4845,296,713,0,0,1
4127,4.1143,0.449,296,713,0,0,1
4128,4.1664,0.3644,295,713,0,0,1
4129,4.4423,0.613,295,713,0,0,1
4130,4.0448,0.4001,295,713,0,0,1
4131,4.4286,0.6271,295,713,0,0,1
4132,4.2107,0.5185,295,713,0,0,1
4133,3.8386,0.4763,295,713,0,0,1
4134,4.1212,0.399,295,713,0,0,1
4135,4.1429,0.4585,295,713,0,0,1
4136,4.4358,0.4738,295,713,0,0,1
4137,3.9715,0.681,295,713,0,0,1
4138,4.1194,0.3676,295,713,0,0,1
4139,4.56,0.544,293,713,0,0,1
4140,3.7708,0.5579,293,713,0,0,1
4141,4.3285,0.6338,292,713,0,0,1
4142,3.9872,0.4658,290,713,0,0,1
4143,4.411,0.8676,290,713,0,0,1
4144,3.9996,0.5403,289,713,0,0,1
4145,4.0967,0.436,289,713,0,0,1
4146,4.1098,0.3587,289,713,0,0,1
4147,4.293,0.356,289,713,0,0,1
4148,4.2037,0.709,289,713,0,0,1
4149,4.1288,0.5354,289,713,0,0,1
4150,4.1082,0.4053,289,713,0,0,1
4151,4.1681,0.353,289,713,0,0,1
4152,4.172,0.3646,288,713,0,0,1
4153,4.1982,0.732,288,713,0,0,1
4154,4.0993,0.3748,288,713,0,0,1
4155,4.2588,0.6022,288,713,0,0,1
4156,4.1138,0.4182,288,713,0,0,1
4157,4.1574,0.4443,288,713,0,0,1
4158,4.1714,0.4292,288,713,0,0,1
4159,4.1728,0.3476,288,713,0,0,1
4160,4.3895,0.3675,288,713,0,0,1
4161,4.0257,0.595,288,713,0,0,1
4162,4.0778,0.4166,288,713,0,0,1
4163,4.2368,0.3968,287,713,0,0,1
4164,4.0967,0.3767,286,713,0,0,1
4165,4.1829,0.4577,286,713,0,0,1
4166,4.179,0.444,284,713,0,0,1
4167,4.1762,0.6216,284,713,0,0,1
4168,4.1677,0.4143,277,713,0,0,1
4169,4.1978,0.4984,275,713,0,0,1
4170,4.0769,0.4037,275,713,0,0,1
4171,4.4945,0.3446,275,713,0,0,1
4172,4.1579,0.719,275,713,0,0,1
4173,3.891,0.6993,275,713,0,0,1
4174,4.1442,0.6432,275,713,0,0,1
4175,4.1867,0.4067,275,713,0,0,1
4176,4.1608,0.4359,275,713,0,0,1
4177,4.2048,0.4082,273,713,0,0,1
4178,4.1189,0.3574,273,713,0,0,1
4179,4.1964,0.3813,273,713,0,0,1
4180,4.1684,0.6909,272,713,0,0,1
4181,4.1321,0.3952,271,713,0,0,1
4182,4.1685,0.358,271,713,0,0,1
4183,4.1874,0.4666,304,713,0,0,1
4184,4.1989,0.5556,304,713,0,0,1
4185,4.2077,0.7119,303,713,0,0,1
4186,4.1022,0.6603,303,713,0,0,1
4187,4.2754,0.4125,302,713,0,0,1
4188,4.0102,0.462,302,713,0,0,1
4189,4.2223,0.5103,302,713,0,0,1
4190,4.0956,0.397,302,713,0,0,1
4191,4.2557,0.5159,302,713,0,0,1
4192,4.1505,0.4016,301,713,0,0,1
4193,4.1342,0.455,301,713,0,0,1
4194,4.114,0.4097,300,713,0,0,1
4195,4.2497,0.3981,300,713,0,0,1
4196,4.1327,0.3798,299,713,0,0,1
4197,4.186,0.423,299,713,0,0,1
4198,4.2752,0.4575,299,713,0,0,1
4199,4.0845,0.7113,299,713,0,0,1
4200,4.1197,0.3764,299,713,0,0,1
4201,4.1524,0.5471,299,713,0,0,1
4202,4.1619,0.451,299,713,0,0,1
4203,4.316,0.4495,298,713,0,0,1
4204,4.061,0.5428,298,713,0,0,1
4205,4.1936,0.6351,298,713,0,0,1
4206,4.1809,0.6709,298,713,0,0,1
4207,4.1219,0.4728,297,713,0,0,1
4208,4.368,0.4846,296,713,0,0,1
4209,3.9209,0.481,296,713,0,0,1
4210,4.2264,0.6357,295,713,0,0,1
4211,4.1313,0.4455,294,713,0,0,1
4212,4.1765,0.4588,294,713,0,0,1
4213,4.177,0.4094,294,713,0,0,1
4214,4.1403,0.4122,294,713,0,0,1
4215,4.2448,0.4882,294,713,0,0,1
4216,4.1676,0.6014,293,713,0,0,1
4217,4.1002,0.545,293,713,0,0,1
4218,4.1823,0.3573,293,713,0,0,1
4219,4.1551,0.3779,293,713,0,0,1
4220,4.1538,0.4876,292,713,0,0,1
4221,4.1731,0.4788,292,713,0,0,1
4222,4.1592,0.3781,292,713,0,0,1
4223,4.226,0.5616,292,713,0,0,1
4224,4.1336,0.4596,291,713,0,0,1
4225,4.1971,0.5094,291,713,0,0,1
4226,4.1054,0.4678,290,713,0,0,1
4227,4.2495,0.401,289,713,0,0,1
4228,4.1797,0.4046,289,713,0,0,1
4229,4.0957,0.448,288,713,0,0,1
4230,4.2082,0.6935,287,713,0,0,1
4231,4.1611,0.3526,287,713,0,0,1
4232,4.2712,0.4026,286,713,0,0,1
4233,4.0405,0.5758,286,713,0,0,1
4234,4.1378,0.4945,286,713,0,0,1
4235,4.1942,0.4474,285,713,0,0,1
4236,4.1524,0.3684,284,713,0,0,1
4237,4.1627,0.4445,283,713,0,0,1
4238,4.1785,0.395,282,713,0,0,1
4239,4.1909,0.3973,281,713,0,0,1
4240,4.162,0.3951,281,713,0,0,1
4241,4.1417,0.6052,281,713,0,0,1
4242,4.1368,0.6084,281,713,0,0,1
4243,4.2908,0.6346,281,713,0,0,1
4244,4.1629,0.6193,281,713,0,0,1
4245,4.1207,0.4824,274,713,0,0,1
4246,4.119,0.4171,274,713,0,0,1
4247,4.157,0.4474,273,713,0,0,1
4248,4.1542,0.3664,272,713,0,0,1
4249,4.2931,0.4529,271,713,0,0,1
4250,4.0391,0.3882,270,713,0,0,1
4251,4.2558,0.4106,270,713,0,0,1
4252,4.11,0.4612,270,713,0,0,1
4253,4.1593,0.4425,269,713,0,0,1
4254,4.1943,0.3636,269,713,0,0,1
4255,4.1425,0.3469,269,713,0,0,1
4256,4.3569,0.4565,268,713,0,0,1
4257,3.9707,0.4301,268,713,0,0,1
4258,4.2197,0.5045,268,713,0,0,1
4259,4.4151,0.444,268,713,0,0,1
4260,3.8446,0.4818,313,713,0,0,1
4261,4.3967,0.4118,311,713,0,0,1
4262,3.978,0.3921,311,713,0,0,1
4263,4.2196,0.4242,311,713,0,0,1
4264,4.4431,0.3817,310,713,0,0,1
4265,3.8222,0.4828,310,713,0,0,1
4266,4.1389,0.5181,310,713,0,0,1
4267,4.2243,0.409,310,713,0,0,1
4268,4.2274,0.6626,309,713,0,0,1
4269,4.0856,0.3923,308,713,0,0,1
4270,4.1516,0.5322,307,713,0,0,1
4271,4.1968,0.5111,307,713,0,0,1
4272,4.1494,0.413,307,713,0,0,1
4273,4.2363,0.6276,307,713,0,0,1
4274,4.0634,0.3974,307,713,0,0,1
4275,4.1956,0.4652,307,713,0,0,1
4276,4.1603,0.5,307,713,0,0,1
4277,4.1742,0.5858,307,713,0,0,1
4278,4.1845,0.5138,307,713,0,0,1
4279,4.2129,0.601,307,713,0,0,1
4280,4.2761,0.4043,307,713,0,0,1
4281,3.9972,0.4979,307,713,0,0,1
4282,4.1605,0.4309,307,713,0,0,1
4283,4.2268,0.4314,307,713,0,0,1
4284,4.1271,0.3743,307,713,0,0,1
4285,4.5321,0.3933,307,713,0,0,1
4286,3.7739,0.4797,306,713,0,0,1
4287,4.2533,0.7328,305,713,0,0,1
4288,4.1244,0.4082,304,713,0,0,1
4289,4.513,0.3663,304,713,0,0,1
4290,3.7986,0.545,304,713,0,0,1
4291,4.1601,0.4613,304,713,0,0,1
4292,4.1594,0.5484,303,713,0,0,1
4293,4.1885,0.6366,302,713,0,0,1
4294,4.1948,0.6618,302,713,0,0,1
4295,4.1841,0.4307,302,713,0,0,1
4296,4.0765,0.4608,302,713,0,0,1
4297,4.5092,0.4229,302,713,0,0,1
4298,3.8493,0.3882,302,713,0,0,1
4299,4.2507,0.5791,300,713,0,0,1
4300,4.1728,0.3823,300,713,0,0,1
4301,4.1122,0.4526,300,713,0,0,1
4302,4.1489,0.4249,300,713,0,0,1
4303,4.1801,0.3697,300,713,0,0,1
4304,4.5059,0.3754,300,713,0,0,1
4305,3.8132,0.4966,300,713,0,0,1
4306,4.1971,0.7363,299,713,0,0,1
4307,4.1378,0.469,299,713,0,0,1
4308,4.1621,0.3556,299,713,0,0,1
4309,4.1442,0.3977,297,713,0,0,1
4310,4.1694,0.4514,297,713,0,0,1
4311,4.3422,0.4497,297,713,0,0,1
4312,4.1553,0.7726,296,713,0,0,1
4313,4.0923,0.4167,296,713,0,0,1
4314,4.081,0.5332,296,713,0,0,1
4315,4.1884,0.4742,295,713,0,0,1
4316,4.2265,0.4833,295,713,0,0,1
4317,4.1155,0.4122,295,713,0,0,1
4318,4.1573,0.405,295,713,0,0,1
4319,4.3756,0.6161,294,713,0,0,1
4320,3.953,0.481,294,713,0,0,1
4321,4.1764,0.4232,287,713,0,0,1
4322,4.1574,0.3847,286,713,0,0,1
4323,4.2119,0.4136,286,713,0,0,1
4324,4.1691,0.4535,286,713,0,0,1
4325,4.2383,0.6474,286,713,0,0,1
4326,4.0658,0.3515,286,713,0,0,1
4327,4.1758,0.3739,286,713,0,0,1
4328,4.2671,0.4773,286,713,0,0,1
4329,4.0815,0.5147,285,713,0,0,1
4330,4.1618,0.6543,285,713,0,0,1
4331,4.1545,0.5415,285,713,0,0,1
4332,4.1174,0.453,285,713,0,0,1
4333,4.2917,0.3861,285,713,0,0,1
4334,4.1544,0.631,285,713,0,0,1
4335,4.4505,0.4724,284,713,0,0,1
4336,3.8895,0.5147,283,713,0,0,1
4337,4.2696,0.4608,317,713,0,0,1
4338,3.9655,0.4413,317,713,0,0,1
4339,4.1738,0.448,317,713,0,0,1
4340,4.2276,0.4199,317,713,0,0,1
4341,4.1595,0.4534,317,713,0,0,1
4342,4.1086,0.6701,317,713,0,0,1
4343,4.1728,0.7229,317,713,0,0,1
4344,4.1728,0.4116,317,713,0,0,1
4345,4.3646,0.5385,317,713,0,0,1
4346,3.9632,0.4037,317,713,0,0,1
4347,4.4867,0.3817,317,713,0,0,1
4348,3.9113,0.6643,316,713,0,0,1
4349,4.1578,0.7325,316,713,0,0,1
4350,4.0693,0.6873,314,713,0,0,1
4351,4.2126,0.3792,313,713,0,0,1
4352,4.3937,0.4187,312,713,0,0,1
4353,3.9217,0.6997,311,713,0,0,1
4354,4.1809,0.4662,311,713,0,0,1
4355,4.2199,0.642,311,713,0,0,1
4356,4.1203,0.3766,311,713,0,0,1
4357,4.1769,0.3762,311,713,0,0,1
4358,4.1781,0.3965,311,713,0,0,1
4359,4.4927,0.4647,309,713,0,0,1
4360,4.1345,0.6321,308,713,0,0,1
4361,3.8505,0.5441,308,713,0,0,1
4362,4.1343,0.7373,307,713,0,0,1
4363,4.2127,0.368,307,713,0,0,1
4364,4.1567,0.4866,306,713,0,0,1
4365,4.213,0.5182,306,713,0,0,1
4366,4.1074,0.4446,306,713,0,0,1
4367,4.1547,0.516,305,713,0,0,1
4368,4.1948,0.3807,303,713,0,0,1
4369,4.3035,0.7621,303,713,0,0,1
4370,4.064,0.4351,303,713,0,0,1
4371,4.1455,0.3934,302,713,0,0,1
4372,4.1796,0.4274,301,713,0,0,1
4373,4.1446,0.4475,301,713,0,0,1
4374,4.1662,0.4667,301,713,0,0,1
4375,4.1774,0.4046,301,713,0,0,1
4376,4.2745,0.3573,300,713,0,0,1
4377,4.1048,0.4999,298,713,0,0,1
4378,4.1481,0.6377,298,713,0,0,1
4379,4.1225,0.5549,298,713,0,0,1
4380,4.1373,0.3702,298,713,0,0,1
4381,4.4669,0.3666,298,713,0,0,1
4382,3.8867,0.3894,298,713,0,0,1
4383,4.1715,0.4524,298,713,0,0,1
4384,4.4867,0.6019,297,713,0,0,1
4385,3.8547,0.3681,296,713,0,0,1
4386,4.1453,0.5219,296,713,0,0,1
4387,4.1959,0.4472,296,713,0,0,1
4388,4.3077,0.5437,295,713,0,0,1
4389,3.9891,0.5651,294,713,0,0,1
4390,4.1919,0.3555,294,713,0,0,1
4391,4.2146,0.4163,294,713,0,0,1
4392,4.0936,0.5647,294,713,0,0,1
4393,4.2357,0.641,293,713,0,0,1
4394,4.1235,0.3919,293,713,0,0,1
4395,4.2014,0.3945,292,713,0,0,1
4396,4.192,0.5142,292,713,0,0,1
4397,4.1119,0.4246,292,713,0,0,1
4398,4.168,0.3745,285,713,0,0,1
4399,4.163,0.3906,285,713,0,0,1
4400,4.2882,0.4284,285,713,0,0,1
4401,4.1655,0.4756,284,713,0,0,1
4402,4.0436,0.3698,284,713,0,0,1
4403,4.2096,0.5363,283,713,0,0,1
4404,4.1321,0.4521,282,713,0,0,1
4405,4.143,0.8085,281,713,0,0,1
4406,4.2016,0.3697,281,713,0,0,1
4407,4.1727,0.3974,281,713,0,0,1
4408,4.1902,0.472,279,713,0,0,1
4409,4.1256,0.4347,279,713,0,0,1
4410,4.2056,0.6447,279,713,0,0,1
4411,4.1352,0.3645,279,713,0,0,1
4412,4.1578,0.5681,278,713,0,0,1
4413,4.3296,0.6141,277,713,0,0,1
4414,3.9993,0.4173,322,713,0,0,1
4415,4.54,0.564,322,713,0,0,1
4416,3.7754,0.4719,322,713,0,0,1
4417,4.261,0.4831,322,713,0,0,1
4418,4.1002,0.472,322,713,0,0,1
4419,4.2105,0.6235,322,713,0,0,1
4420,4.1862,0.4279,322,713,0,0,1
4421,4.1924,0.4341,322,713,0,0,1
4422,4.0691,0.6322,321,713,0,0,1
4423,4.1975,0.4733,321,713,0,0,1
4424,4.1197,0.4696,321,713,0,0,1
4425,4.2064,0.6264,321,713,0,0,1
4426,4.1912,0.4319,321,713,0,0,1
4427,4.1526,0.4179,321,713,0,0,1
4428,4.1484,0.397,321,713,0,0,1
4429,4.2326,0.4865,321,713,0,0,1
4430,4.1102,0.4405,321,713,0,0,1
4431,4.2632,0.7445,321,713,0,0,1
4432,4.0496,0.4252,321,713,0,0,1
4433,4.1684,0.539,321,713,0,0,1
4434,4.1553,0.3966,320,713,0,0,1
4435,4.1867,0.4885,319,713,0,0,1
4436,4.1948,0.5223,319,713,0,0,1
4437,4.1521,0.4166,319,713,0,0,1
4438,4.2021,0.6448,319,713,0,0,1
4439,4.1014,0.3816,318,713,0,0,1
4440,4.1858,0.3972,318,713,0,0,1
4441,4.1747,0.4943,317,713,0,0,1
4442,4.1202,0.4428,317,713,0,0,1
4443,4.4448,0.6975,317,713,0,0,1
4444,3.9276,0.6743,315,713,0,0,1
4445,4.2182,0.4261,315,713,0,0,1
4446,4.1053,0.4017,313,713,0,0,1
4447,4.1466,0.4629,313,713,0,0,1
4448,4.4378,0.4878,313,713,0,0,1
4449,3.9536,0.3982,313,713,0,0,1
4450,4.136,0.6592,312,713,0,0,1
4451,4.2038,0.4344,312,713,0,0,1
4452,4.1055,0.4752,312,713,0,0,1
4453,4.166,0.4413,312,713,0,0,1
4454,4.2083,0.4701,311,713,0,0,1
4455,4.208,0.386,311,713,0,0,1
4456,4.3164,0.6178,309,713,0,0,1
4457,3.9622,0.3859,309,713,0,0,1
4458,4.1525,0.4782,309,713,0,0,1
4459,4.1874,0.438,307,713,0,0,1
4460,4.1732,0.4189,306,713,0,0,1
4461,4.222,0.3856,306,713,0,0,1
4462,4.0881,0.4094,305,713,0,0,1
4463,4.2947,0.4554,304,713,0,0,1
4464,4.0491,0.4262,302,713,0,0,1
4465,4.1693,0.3867,302,713,0,0,1
4466,4.1615,0.3864,302,713,0,0,1
4467,4.1378,0.3709,302,713,0,0,1
4468,4.2889,0.4733,302,713,0,0,1
4469,4.0829,0.4331,300,713,0,0,1
4470,4.2013,0.453,299,713,0,0,1
4471,4.151,0.3644,299,713,0,0,1
4472,4.2092,0.4324,299,713,0,0,1
4473,4.3788,0.538,298,713,0,0,1
4474,3.9267,0.7256,298,713,0,0,1
4475,4.1927,0.7455,298,713,0,0,1
4476,4.1003,0.3638,290,713,0,0,1
4477,4.3928,0.6462,290,713,0,0,1
4478,3.9628,0.4893,290,713,0,0,1
4479,4.2265,0.4434,290,713,0,0,1
4480,4.0617,0.3571,290,713,0,0,1
4481,4.1941,0.3658,288,713,0,0,1
4482,4.1559,0.4806,288,713,0,0,1
4483,4.1929,0.4379,288,713,0,0,1
4484,4.1533,0.3805,288,713,0,0,1
4485,4.2313,0.4458,288,713,0,0,1
4486,4.0925,0.4656,288,713,0,0,1
4487,4.177,0.7241,288,713,0,0,1
4488,4.1459,0.3784,288,713,0,0,1
4489,4.1994,0.3938,286,713,0,0,1
4490,4.17,0.4078,320,713,0,0,1
4491,4.2083,0.5262,318,713,0,0,1
4492,4.1102,0.5134,317,713,0,0,1
4493,4.1658,0.7503,316,713,0,0,1
4494,4.2058,0.6763,315,713,0,0,1
4495,4.1331,0.3902,315,713,0,0,1
4496,4.2524,0.3751,314,713,0,0,1
4497,4.0421,0.51,314,713,0,0,1
4498,4.2052,0.482,313,713,0,0,1
4499,4.2116,0.6632,313,713,0,0,1
4500,4.1209,0.4372,313,713,0,0,1
4501,4.1524,0.3804,312,713,0,0,1
4502,4.173,0.3875,311,713,0,0,1
4503,4.1949,0.5149,311,713,0,0,1
4504,4.4532,0.5926,311,713,0,0,1
4505,3.8625,0.4411,311,713,0,0,1
4506,4.1398,0.5912,310,713,0,0,1
4507,4.2,0.3714,309,713,0,0,1
4508,4.4701,0.6016,309,713,0,0,1
4509,4.187,0.5395,309,713,0,0,1
4510,3.8369,0.6018,309,713,0,0,1
4511,4.0749,0.5191,308,713,0,0,1
4512,4.1943,0.5209,308,713,0,0,1
4513,4.5151,0.6244,308,713,0,0,1
4514,3.8066,0.4662,308,713,0,0,1
4515,4.5308,0.6006,308,713,0,0,1
4516,4.2093,0.439,308,713,0,0,1
4517,3.8026,0.3748,308,713,0,0,1
4518,4.1247,0.3759,308,713,0,0,1
4519,4.199,0.4071,308,713,0,0,1
4520,4.3001,0.4753,308,713,0,0,1
4521,4.0198,0.7409,308,713,0,0,1
4522,4.1818,0.6051,308,713,0,0,1
4523,4.497,0.6217,307,713,0,0,1
4524,3.8856,0.3747,305,713,0,0,1
4525,4.2877,0.6547,304,713,0,0,1
4526,4.0194,0.4733,304,713,0,0,1
4527,4.5132,0.5585,303,713,0,0,1
4528,4.0877,0.6029,301,713,0,0,1
4529,4.1842,0.5403,300,713,0,0,1
4530,3.8242,0.7453,300,713,0,0,1
4531,4.1807,0.5008,300,713,0,0,1
4532,4.4187,0.6816,300,713,0,0,1
4533,4.028,0.6636,300,713,0,0,1
4534,4.1194,0.6008,298,713,0,0,1
4535,4.1533,0.4817,298,713,0,0,1
4536,4.1805,0.8037,297,713,0,0,1
4537,4.3983,0.4182,296,713,0,0,1
4538,3.9367,0.371,295,713,0,0,1
4539,4.3743,0.5779,295,713,0,0,1
4540,3.9777,0.4934,295,713,0,0,1
4541,4.1542,0.4597,295,713,0,0,1
4542,4.1634,0.4088,295,713,0,0,1
4543,4.1903,0.3706,295,713,0,0,1
4544,4.1253,0.5327,294,713,0,0,1
4545,4.2456,0.6514,294,713,0,0,1
4546,4.1396,0.7663,294,713,0,0,1
4547,4.5177,0.607,294,713,0,0,1
4548,3.7702,0.3607,294,713,0,0,1
4549,4.46,0.3616,293,713,0,0,1
4550,3.8896,0.4579,293,713,0,0,1
4551,4.2978,0.6529,293,713,0,0,1
4552,4.0551,0.5673,285,713,0,0,1
4553,4.2803,0.5527,285,713,0,0,1
4554,3.9863,0.411,285,713,0,0,1
4555,4.1181,0.3895,285,713,0,0,1
4556,4.3526,0.4754,285,713,0,0,1
4557,4.0512,0.4385,285,713,0,0,1
4558,4.285,0.5624,285,713,0,0,1
4559,3.9709,0.3663,285,713,0,0,1
4560,4.1713,0.3491,285,713,0,0,1
4561,4.277,0.4055,284,713,0,0,1
4562,4.0574,0.3252,284,713,0,0,1
4563,4.2863,0.4968,283,713,0,0,1
4564,4.2395,0.4504,282,713,0,0,1
4565,4.1293,0.4007,282,713,0,0,1
4566,4.0417,0.4318,279,713,0,0,1
4567,4.1371,0.3942,324,713,0,0,1
4568,4.4432,0.4482,324,713,0,0,1
4569,4.0399,0.4089,324,713,0,0,1
4570,4.0474,0.6411,323,713,0,0,1
4571,4.2776,0.4167,323,713,0,0,1
4572,4.0391,0.328,323,713,0,0,1
4573,4.3019,0.3465,323,713,0,0,1
4574,4.0179,0.4336,321,713,0,0,1
4575,4.3058,0.4068,321,713,0,0,1
4576,4.183,0.5955,321,713,0,0,1
4577,4.2328,0.6142,321,713,0,0,1
4578,3.9664,0.333,320,713,0,0,1
4579,4.1878,0.3585,320,713,0,0,1
4580,4.2536,0.5574,318,713,0,0,1
4581,4.1842,0.4793,317,713,0,0,1
4582,4.0704,0.4051,317,713,0,0,1
4583,4.2581,0.4345,316,713,0,0,1
4584,4.0543,0.3595,315,713,0,0,1
4585,4.2596,0.4338,315,713,0,0,1
4586,4.1278,0.4288,314,713,0,0,1
4587,4.2493,0.5875,314,713,0,0,1
4588,4.0808,0.4199,313,713,0,0,1
4589,4.2155,0.6823,313,713,0,0,1
4590,4.191,0.435,312,713,0,0,1
4591,4.113,0.415,312,713,0,0,1
4592,4.2296,0.5078,310,713,0,0,1
4593,4.1263,0.532,310,713,0,0,1
4594,4.1372,0.6811,308,713,0,0,1
4595,4.6078,0.5993,308,713,0,0,1
4596,3.7393,0.406,307,713,0,0,1
4597,4.1697,0.3953,307,713,0,0,1
4598,4.1647,0.4788,307,713,0,0,1
4599,4.164,0.5145,306,713,0,0,1
4600,4.2474,0.3824,306,713,0,0,1
4601,4.1348,0.6501,305,713,0,0,1
4602,4.1494,0.4341,305,713,0,0,1
4603,4.152,0.4591,305,713,0,0,1
4604,4.1704,0.4755,305,713,0,0,1
4605,4.1259,0.5371,303,713,0,0,1
4606,4.1901,0.4289,303,713,0,0,1
4607,4.2007,0.55,303,713,0,0,1
4608,4.1144,0.466,303,713,0,0,1
4609,4.1978,0.4822,303,713,0,0,1
4610,4.1392,0.3918,302,713,0,0,1
4611,4.248,0.4014,302,713,0,0,1
4612,4.1572,0.7409,302,713,0,0,1
4613,4.0899,0.686,302,713,0,0,1
4614,4.2398,0.6888,302,713,0,0,1
4615,4.2199,0.359,302,713,0,0,1
4616,4.0732,0.3747,302,713,0,0,1
4617,4.194,0.5246,302,713,0,0,1
4618,4.1741,0.7427,301,713,0,0,1
4619,4.1861,0.6826,301,713,0,0,1
4620,4.1167,0.3594,301,713,0,0,1
4621,4.54,0.5777,299,713,0,0,1
4622,3.8008,0.4598,299,713,0,0,1
4623,4.1772,0.6299,299,713,0,0,1
4624,4.1322,0.3893,299,713,0,0,1
4625,4.1884,0.6106,299,713,0,0,1
4626,4.1517,0.6796,298,713,0,0,1
4627,4.2172,0.479,298,713,0,0,1
4628,4.112,0.6081,297,713,0,0,1
4629,4.2416,0.5268,290,713,0,0,1
4630,4.1118,0.6595,290,713,0,0,1
4631,4.1712,0.442,290,713,0,0,1
4632,4.2188,0.7051,290,713,0,0,1
4633,4.1699,0.6321,290,713,0,0,1
4634,4.0827,0.399,290,713,0,0,1
4635,4.2104,0.4846,290,713,0,0,1
4636,4.1562,0.4403,290,713,0,0,1
4637,4.1549,0.5351,289,713,0,0,1
4638,4.1554,0.5302,289,713,0,0,1
4639,4.1564,0.4482,289,713,0,0,1
4640,4.1438,0.4182,289,713,0,0,1
4641,4.2842,0.4603,289,713,0,0,1
4642,4.1282,0.5008,286,713,0,0,1
4643,4.2098,0.6765,286,713,0,0,1
4644,4.0687,0.745,320,713,0,0,1
4645,4.4871,0.4036,320,713,0,0,1
4646,3.8849,0.4141,320,713,0,0,1
4647,4.2338,0.4492,318,713,0,0,1
4648,4.1399,0.5452,317,713,0,0,1
4649,4.0837,0.4613,316,713,0,0,1
4650,4.1303,0.5599,315,713,0,0,1
4651,4.2815,0.4345,315,713,0,0,1
4652,4.3237,0.3946,313,713,0,0,1
4653,4.0036,0.5993,313,713,0,0,1
4654,4.137,0.5358,313,713,0,0,1
4655,4.1278,0.4706,313,713,0,0,1
4656,4.2008,0.6168,313,713,0,0,1
4657,4.1998,0.6387,313,713,0,0,1
4658,4.1121,0.3886,313,713,0,0,1
4659,4.2314,0.4401,313,713,0,0,1
4660,4.153,0.5352,313,713,0,0,1
4661,4.1926,0.5737,312,713,0,0,1
4662,4.0577,0.6437,312,713,0,0,1
4663,4.2311,0.3635,312,713,0,0,1
4664,5.0259,0.3865,312,713,0,0,1
4665,3.2478,0.3806,312,713,0,0,1
4666,4.2299,0.4729,311,713,0,0,1
4667,4.1675,0.4884,310,713,0,0,1
4668,4.1532,0.3948,310,713,0,0,1
4669,4.1294,0.5115,310,713,0,0,1
4670,4.213,0.3979,310,713,0,0,1
4671,4.1145,0.464,310,713,0,0,1
4672,4.1784,0.677,310,713,0,0,1
4673,4.2129,0.6339,310,713,0,0,1
4674,4.1628,0.4796,310,713,0,0,1
4675,4.116,0.3736,310,713,0,0,1
4676,4.2596,0.4711,307,713,0,0,1
4677,4.1208,0.7021,307,713,0,0,1
4678,4.388,0.5969,306,713,0,0,1
4679,3.9847,0.4206,306,713,0,0,1
4680,4.1142,0.3792,306,713,0,0,1
4681,4.2224,0.6406,306,713,0,0,1
4682,4.1043,0.4899,306,713,0,0,1
4683,4.2022,0.6581,305,713,0,0,1
4684,4.1032,0.3602,303,713,0,0,1
4685,4.1711,0.3654,303,713,0,0,1
4686,4.1877,0.5693,302,713,0,0,1
4687,4.1604,0.4469,300,713,0,0,1
4688,4.1326,0.3881,300,713,0,0,1
4689,4.2213,0.4825,299,713,0,0,1
4690,4.3748,0.3683,298,713,0,0,1
4691,4.307,0.591,298,713,0,0,1
4692,3.8168,0.4587,298,713,0,0,1
4693,4.1496,0.4118,298,713,0,0,1
4694,4.1564,0.3861,296,713,0,0,1
4695,4.2422,0.3716,295,713,0,0,1
4696,4.266,0.4618,295,713,0,0,1
4697,4.3203,0.4775,295,713,0,0,1
4698,3.9179,0.6373,295,713,0,0,1
4699,4.0897,0.3575,295,713,0,0,1
4700,4.2362,0.4758,293,713,0,0,1
4701,4.1912,0.7514,293,713,0,0,1
4702,4.1399,0.7195,293,713,0,0,1
4703,4.2801,0.6889,292,713,0,0,1
4704,4.007,0.4017,292,713,0,0,1
4705,4.5159,0.5718,285,713,0,0,1
4706,3.8141,0.4183,285,713,0,0,1
4707,4.2677,0.352,285,713,0,0,1
4708,4.0837,0.3671,285,713,0,0,1
4709,4.2072,0.5156,285,713,0,0,1
4710,4.1679,0.4888,285,713,0,0,1
4711,4.1155,0.3743,284,713,0,0,1
4712,4.1684,0.3587,284,713,0,0,1
4713,4.134,0.5944,284,713,0,0,1
4714,4.1732,0.702,283,713,0,0,1
4715,4.2498,0.4167,283,713,0,0,1
4716,4.1025,0.3957,283,713,0,0,1
4717,4.1636,0.4671,283,713,0,0,1
4718,4.1972,0.4903,282,713,0,0,1
4719,4.4343,0.6619,281,713,0,0,1
4720,4.0728,0.518,281,713,0,0,1
4721,4.0099,0.7832,327,713,0,0,1
4722,4.1848,0.562,326,713,0,0,1
4723,4.1219,0.4701,326,713,0,0,1
4724,4.2182,0.4842,326,713,0,0,1
4725,4.1592,0.4107,324,713,0,0,1
4726,4.1175,0.4023,323,713,0,0,1
4727,4.202,0.3941,322,713,0,0,1
4728,4.0986,0.4713,321,713,0,0,1
4729,4.2452,0.6887,320,713,0,0,1
4730,4.0867,0.4042,320,713,0,0,1
4731,4.5154,0.6187,320,713,0,0,1
4732,3.8862,0.5421,320,713,0,0,1
4733,4.1111,0.3861,319,713,0,0,1
4734,4.2035,0.5405,319,713,0,0,1
4735,4.169,0.4428,319,713,0,0,1
4736,4.1367,0.4122,318,713,0,0,1
4737,4.2299,0.4095,317,713,0,0,1
4738,4.1598,0.6347,317,713,0,0,1
4739,4.187,0.3875,317,713,0,0,1
4740,4.1065,0.4593,315,713,0,0,1
4741,4.138,0.436,315,713,0,0,1
4742,4.1714,0.3941,315,713,0,0,1
4743,4.2009,0.4053,315,713,0,0,1
4744,4.2199,0.4595,313,713,0,0,1
4745,4.1106,0.7137,313,713,0,0,1
4746,4.1143,0.5,313,713,0,0,1
4747,4.1728,0.4266,312,713,0,0,1
4748,4.2035,0.3735,312,713,0,0,1
4749,4.2259,0.4336,312,713,0,0,1
4750,4.1115,0.3872,312,713,0,0,1
4751,4.2094,0.6987,312,713,0,0,1
4752,4.1254,0.4446,312,713,0,0,1
4753,4.2089,0.42,312,713,0,0,1
4754,4.0931,0.3939,312,713,0,0,1
4755,4.2473,0.4328,311,713,0,0,1
4756,4.1151,0.5229,311,713,0,0,1
4757,4.1651,0.4583,310,713,0,0,1
4758,4.1644,0.6742,310,713,0,0,1
4759,4.1799,0.3607,310,713,0,0,1
4760,4.133,0.435,309,713,0,0,1
4761,4.2515,0.5494,309,713,0,0,1
4762,4.1413,0.5618,308,713,0,0,1
4763,4.2186,0.4593,308,713,0,0,1
4764,4.0776,0.3649,308,713,0,0,1
4765,4.1548,0.3722,307,713,0,0,1
4766,4.1639,0.4156,307,713,0,0,1
4767,4.2532,0.5293,307,713,0,0,1
4768,4.1068,0.4603,306,713,0,0,1
4769,4.1617,0.3647,306,713,0,0,1
4770,4.1675,0.3626,305,713,0,0,1
4771,4.1625,0.458,305,713,0,0,1
4772,4.1806,0.5019,305,713,0,0,1
4773,4.1417,0.4369,305,713,0,0,1
4774,4.1701,0.3674,305,713,0,0,1
4775,4.2014,0.4119,305,713,0,0,1
4776,4.1201,0.4583,305,713,0,0,1
4777,4.2148,0.7017,305,713,0,0,1
4778,4.1178,0.4285,304,713,0,0,1
4779,4.2795,0.4077,304,713,0,0,1
4780,4.1016,0.4179,304,713,0,0,1
4781,4.2256,0.5809,304,713,0,0,1
4782,4.0782,0.6062,297,713,0,0,1
4783,4.1802,0.4027,297,713,0,0,1
4784,4.1226,0.3564,296,713,0,0,1
4785,4.1917,0.4103,295,713,0,0,1
4786,4.163,0.4579,295,713,0,0,1
4787,4.5178,0.4517,295,713,0,0,1
4788,3.8393,0.4345,293,713,0,0,1
4789,4.2012,0.6522,293,713,0,0,1
4790,4.1089,0.4557,293,713,0,0,1
4791,4.302,0.5257,293,713,0,0,1
4792,4.0334,0.5868,293,713,0,0,1
4793,4.5498,0.354,292,713,0,0,1
4794,3.8267,0.5459,291,713,0,0,1
4795,4.1113,0.4692,291,713,0,0,1
4796,4.2508,0.4279,291,713,0,0,1
4797,4.1759,0.4352,289,713,0,0,1
4798,4.1221,0.3797,322,713,0,0,1
4799,4.2045,0.464,322,713,0,0,1
4800,4.1084,0.5856,321,713,0,0,1
4801,4.2288,1.9988,321,713,0,0,1
4802,4.1075,0.3482,320,713,0,0,1
4803,4.1804,0.3509,319,713,0,0,1
4804,4.2072,0.5662,319,713,0,0,1
4805,4.157,0.5452,319,713,0,0,1
4806,4.1382,0.402,319,713,0,0,1
4807,4.1274,0.6797,319,713,0,0,1
4808,4.146,0.4644,319,713,0,0,1
4809,4.3556,0.7494,319,713,0,0,1
4810,4.0645,0.4313,319,713,0,0,1
4811,4.2274,0.4294,318,713,0,0,1
4812,4.0603,0.4378,318,713,0,0,1
4813,4.1415,0.4728,318,713,0,0,1
4814,4.2054,0.5054,318,713,0,0,1
4815,4.1414,0.4463,318,713,0,0,1
4816,4.4997,0.6605,318,713,0,0,1
4817,4.0263,0.3763,318,713,0,0,1
4818,4.0426,0.5321,318,713,0,0,1
4819,4.1156,0.4177,317,713,0,0,1
4820,4.1805,0.57,317,713,0,0,1
4821,4.2482,0.8786,317,713,0,0,1
4822,4.1607,0.6988,316,713,0,0,1
4823,4.1675,0.4352,316,713,0,0,1
4824,4.0833,0.4171,316,713,0,0,1
4825,4.1804,0.4212,316,713,0,0,1
4826,4.2051,0.5349,316,713,0,0,1
4827,4.1462,0.7396,314,713,0,0,1
4828,4.2266,0.6952,314,713,0,0,1
4829,4.133,0.4419,314,713,0,0,1
4830,4.1549,0.5403,313,713,0,0,1
4831,4.0955,0.3858,312,713,0,0,1
4832,4.136,0.5064,312,713,0,0,1
4833,4.2876,0.4764,311,713,0,0,1
4834,4.1368,0.7536,311,713,0,0,1
4835,4.21,0.4103,311,713,0,0,1
4836,4.0938,0.3762,311,713,0,0,1
4837,4.1416,0.3822,310,713,0,0,1
4838,4.1736,0.5098,310,713,0,0,1
4839,4.1982,0.5859,309,713,0,0,1
4840,4.1662,0.6288,308,713,0,0,1
4841,4.201,0.426,308,713,0,0,1
4842,4.1321,0.4408,308,713,0,0,1
4843,4.134,0.3834,308,713,0,0,1
4844,4.1981,0.4898,307,713,0,0,1
4845,4.1953,0.5758,307,713,0,0,1
4846,4.1166,0.4123,306,713,0,0,1
4847,4.2253,0.4175,305,713,0,0,1
4848,4.1609,0.3998,304,713,0,0,1
4849,4.4659,0.615,302,713,0,0,1
4850,3.8274,0.4581,301,713,0,0,1
4851,4.1791,0.4791,301,713,0,0,1
4852,4.2211,0.3632,300,713,0,0,1
4853,4.098,0.3728,300,713,0,0,1
4854,4.2099,0.533,300,713,0,0,1
4855,4.1285,0.4352,300,713,0,0,1
4856,4.1446,0.3946,300,713,0,0,1
4857,4.2744,0.4106,300,713,0,0,1
4858,4.1327,0.6211,299,713,0,0,1
4859,4.2175,0.772,292,713,0,0,1
4860,4.0558,0.4485,291,713,0,0,1
4861,4.1146,0.3545,291,713,0,0,1
4862,4.2492,0.3721,291,713,0,0,1
4863,4.4574,0.4431,291,713,0,0,1
4864,3.9074,0.5879,291,713,0,0,1
4865,4.1546,0.6491,291,713,0,0,1
4866,4.1426,0.4079,291,713,0,0,1
4867,4.1471,0.4478,290,713,0,0,1
4868,4.181,0.5061,290,713,0,0,1
4869,4.2314,0.4534,290,713,0,0,1
4870,4.1235,0.68,290,713,0,0,1
4871,4.1884,0.4366,290,713,0,0,1
4872,4.0947,0.4472,288,713,0,0,1
4873,4.2159,0.4204,286,713,0,0,1
4874,4.1665,0.6636,332,713,0,0,1
4875,4.1856,0.4441,332,713,0,0,1
4876,4.108,0.4247,332,713,0,0,1
4877,4.1905,0.4764,332,713,0,0,1
4878,4.1515,0.5121,330,713,0,0,1
4879,4.1652,0.4668,330,713,0,0,1
4880,4.1383,0.4158,330,713,0,0,1
4881,4.2511,0.4674,330,713,0,0,1
4882,4.1442,0.505,330,713,0,0,1
4883,4.2197,0.3966,330,713,0,0,1
4884,4.0655,0.4547,330,713,0,0,1
4885,4.1725,0.5176,330,713,0,0,1
4886,4.1787,0.5004,330,713,0,0,1
4887,4.2151,0.4501,329,713,0,0,1
4888,4.1521,0.41,329,713,0,0,1
4889,4.1223,0.3809,329,713,0,0,1
4890,4.1687,0.3973,329,713,0,0,1
4891,4.1758,0.4039,329,713,0,0,1
4892,4.1632,0.4892,328,713,0,0,1
4893,4.1869,0.4838,326,713,0,0,1
4894,4.1446,0.4509,326,713,0,0,1
4895,4.2157,0.4379,326,713,0,0,1
4896,4.116,0.5408,326,713,0,0,1
4897,4.1787,0.3901,326,713,0,0,1
4898,4.1926,0.6844,326,713,0,0,1
4899,4.1776,0.5605,325,713,0,0,1
4900,4.1079,0.4358,324,713,0,0,1
4901,4.236,0.7116,324,713,0,0,1
4902,4.1014,0.4064,324,713,0,0,1
4903,4.2016,0.3769,324,713,0,0,1
4904,4.1623,0.4325,322,713,0,0,1
4905,4.2138,0.6108,322,713,0,0,1
4906,4.157,0.6901,321,713,0,0,1
4907,4.1362,0.4588,320,713,0,0,1
4908,4.1744,0.4071,320,713,0,0,1
4909,4.1228,0.3753,320,713,0,0,1
4910,4.1709,0.4004,320,713,0,0,1
4911,4.4209,0.6424,320,713,0,0,1
4912,3.9256,0.4695,320,713,0,0,1
4913,4.1725,0.4502,320,713,0,0,1
4914,4.1047,0.616,320,713,0,0,1
4915,4.1964,0.3656,318,713,0,0,1
4916,4.2194,0.5719,318,713,0,0,1
4917,4.1896,0.4549,318,713,0,0,1
4918,4.1465,0.4982,318,713,0,0,1
4919,4.2024,0.4809,316,713,0,0,1
4920,4.0983,0.5231,316,713,0,0,1
4921,4.1921,0.4851,316,713,0,0,1
4922,4.1548,0.3815,314,713,0,0,1
4923,4.2098,0.5277,313,713,0,0,1
4924,4.4229,0.6247,313,713,0,0,1
4925,3.8885,0.6096,312,713,0,0,1
4926,4.1466,0.6001,312,713,0,0,1
4927,4.1628,0.3671,312,713,0,0,1
4928,4.1243,0.3742,312,713,0,0,1
4929,4.2514,0.5993,312,713,0,0,1
4930,4.1552,0.6884,312,713,0,0,1
4931,4.2063,0.4656,312,713,0,0,1
4932,4.0708,0.3659,312,713,0,0,1
4933,4.1741,0.4908,312,713,0,0,1
4934,4.1991,0.3917,312,713,0,0,1
4935,4.2374,0.7578,312,713,0,0,1
4936,4.2865,0.5681,305,713,0,0,1
4937,4.0335,0.4898,305,713,0,0,1
4938,4.1497,0.5258,304,713,0,0,1
4939,4.1208,0.3776,304,713,0,0,1
4940,4.2184,0.7612,304,713,0,0,1
4941,4.218,0.5873,304,713,0,0,1
4942,4.0518,0.4257,304,713,0,0,1
4943,4.2374,0.4157,304,713,0,0,1
4944,4.0747,0.4206,302,713,0,0,1
4945,4.1954,0.4775,301,713,0,0,1
4946,4.1816,0.4684,299,713,0,0,1
4947,4.2406,0.694,299,713,0,0,1
4948,4.1353,0.39,299,713,0,0,1
4949,4.1762,0.4525,299,713,0,0,1
4950,4.1002,0.4879,298,713,0,0,1
4951,4.1607,0.4903,330,713,0,0,1
4952,4.1278,0.5802,329,713,0,0,1
4953,4.297,0.4426,328,713,0,0,1
4954,4.1096,0.4622,328,713,0,0,1
4955,4.1483,0.5377,328,713,0,0,1
4956,4.1761,0.3866,328,713,0,0,1
4957,4.1299,0.4102,327,713,0,0,1
4958,4.2021,0.4875,327,713,0,0,1
4959,4.2165,0.7474,327,713,0,0,1
4960,4.1221,0.615,327,713,0,0,1
4961,4.4378,0.5025,326,713,0,0,1
4962,3.9188,0.7152,324,713,0,0,1
4963,4.1334,0.3811,324,713,0,0,1
4964,4.2187,0.4365,324,713,0,0,1
4965,4.0921,0.7558,324,713,0,0,1
4966,4.2396,0.9256,324,713,0,0,1
4967,4.1661,0.4498,323,713,0,0,1
4968,4.1108,0.4461,323,713,0,0,1
4969,4.2224,0.4291,322,713,0,0,1
4970,4.0842,0.4116,322,713,0,0,1
4971,4.21,0.4889,321,713,0,0,1
4972,4.1929,0.782,321,713,0,0,1
4973,4.1726,0.5456,321,713,0,0,1
4974,4.1859,0.509,321,713,0,0,1
4975,4.0903,0.6848,321,713,0,0,1
4976,4.162,0.7162,319,713,0,0,1
4977,4.248,0.4026,319,713,0,0,1
4978,4.1044,0.3906,319,713,0,0,1
4979,4.1857,0.4713,317,713,0,0,1
4980,4.1453,0.4683,316,713,0,0,1
4981,4.2204,0.5043,316,713,0,0,1
4982,4.0966,0.4006,316,713,0,0,1
4983,4.1824,0.512,315,713,0,0,1
4984,4.1833,0.7503,315,713,0,0,1
4985,4.1592,0.3981,315,713,0,0,1
4986,4.3085,0.6094,314,713,0,0,1
4987,4.0232,0.4492,311,713,0,0,1
4988,4.1964,0.4324,311,713,0,0,1
4989,4.1809,0.4015,311,713,0,0,1
4990,4.1205,0.4211,310,713,0,0,1
4991,4.2804,0.3981,310,713,0,0,1
4992,4.0327,0.4826,309,713,0,0,1
4993,4.1823,0.6922,309,713,0,0,1
4994,4.1235,0.4063,308,713,0,0,1
4995,4.4585,0.4533,308,713,0,0,1
4996,3.9295,0.4524,308,713,0,0,1
4997,4.1915,0.7957,308,713,0,0,1
4998,4.1563,0.5482,308,713,0,0,1
4999,4.1445,0.729,306,713,0,0,1
5000,4.1592,0.6755,306,713,0,0,1
5001,4.2454,0.4998,305,713,0,0,1
5002,4.1322,0.5796,305,713,0,0,1
5003,4.1972,0.4728,304,713,0,0,1
5004,4.1154,0.6897,304,713,0,0,1
5005,4.1564,0.4631,304,713,0,0,1
5006,4.1916,0.3979,303,713,0,0,1
5007,4.4942,0.3888,302,713,0,0,1
5008,3.8904,0.4517,302,713,0,0,1
5009,4.0851,0.4701,302,713,0,0,1
5010,4.1921,0.7504,302,713,0,0,1
5011,4.1216,0.4019,300,713,0,0,1
5012,4.2375,0.4227,300,713,0,0,1
5013,4.1997,0.418,293,713,0,0,1
5014,4.0878,0.6485,291,713,0,0,1
5015,4.216,0.7034,291,713,0,0,1
5016,4.0968,0.3826,291,713,0,0,1
5017,4.349,0.619,290,713,0,0,1
5018,4.006,0.3743,290,713,0,0,1
5019,4.1592,0.6225,290,713,0,0,1
5020,4.4778,0.4388,289,713,0,0,1
5021,3.8546,0.5787,289,713,0,0,1
5022,4.1726,0.3599,288,713,0,0,1
5023,4.1818,0.4698,288,713,0,0,1
5024,4.1916,0.4539,288,713,0,0,1
5025,4.2096,0.4653,286,713,0,0,1
5026,4.1192,0.4853,286,713,0,0,1
5027,4.1537,0.3918,285,713,0,0,1
5028,4.1507,0.497,329,713,0,0,1
5029,4.1999,0.7747,329,713,0,0,1
5030,4.1056,0.4292,328,713,0,0,1
5031,4.472,0.6541,327,713,0,0,1
5032,3.9377,0.4334,327,713,0,0,1
5033,4.4631,0.6221,327,713,0,0,1
5034,3.7929,0.5535,326,713,0,0,1
5035,4.2023,0.4013,324,713,0,0,1
5036,4.2088,0.5548,323,713,0,0,1
5037,4.1809,0.6104,323,713,0,0,1
5038,4.1904,0.534,323,713,0,0,1
5039,4.0545,0.4293,322,713,0,0,1
5040,4.1776,0.5319,322,713,0,0,1
5041,4.3169,0.5427,322,713,0,0,1
5042,4,0.4041,322,713,0,0,1
5043,4.3189,0.5688,321,713,0,0,1
5044,4.017,0.4666,321,713,0,0,1
5045,4.196,0.4575,320,713,0,0,1
5046,4.1648,0.4244,319,713,0,0,1
5047,4.1743,0.3912,319,713,0,0,1
5048,4.1415,0.5383,319,713,0,0,1
5049,4.2449,0.4637,319,713,0,0,1
5050,4.1742,0.6842,317,713,0,0,1
5051,4.1582,0.5382,317,713,0,0,1
5052,4.1149,0.438,316,713,0,0,1
5053,4.2322,0.7127,316,713,0,0,1
5054,4.2221,0.386,316,713,0,0,1
5055,4.0697,0.3873,315,713,0,0,1
5056,4.2161,0.4705,315,713,0,0,1
5057,4.097,0.4858,315,713,0,0,1
5058,4.1293,0.6803,315,713,0,0,1
5059,4.1954,0.442,315,713,0,0,1
5060,4.2006,0.5726,314,713,0,0,1
5061,4.1919,0.4428,313,713,0,0,1
5062,4.3626,0.5074,313,713,0,0,1
5063,3.9491,0.5303,312,713,0,0,1
5064,4.1398,0.4344,311,713,0,0,1
5065,4.2232,0.5014,311,713,0,0,1
5066,4.1058,0.3766,311,713,0,0,1
5067,4.2086,0.6911,311,713,0,0,1
5068,4.2004,0.5617,311,713,0,0,1
5069,4.0736,0.4608,308,713,0,0,1
5070,4.2104,0.5481,307,713,0,0,1
5071,4.1082,0.3742,307,713,0,0,1
5072,4.1894,0.3748,307,713,0,0,1
5073,4.2071,0.6225,305,713,0,0,1
5074,4.1648,0.5444,304,713,0,0,1
5075,4.127,0.4548,304,713,0,0,1
5076,4.1539,0.3666,303,713,0,0,1
5077,4.1964,0.5205,303,713,0,0,1
5078,4.1809,0.3783,303,713,0,0,1
5079,4.1903,0.793,303,713,0,0,1
5080,4.1646,0.4612,303,713,0,0,1
5081,4.1963,0.4391,303,713,0,0,1
5082,4.1467,0.4449,302,713,0,0,1
5083,4.118,0.3777,302,713,0,0,1
5084,4.2207,0.6814,301,713,0,0,1
5085,4.1712,0.4353,300,713,0,0,1
5086,4.1432,0.4245,300,713,0,0,1
5087,4.509,0.6241,300,713,0,0,1
5088,3.7927,0.4755,299,713,0,0,1
5089,4.1854,0.4815,292,713,0,0,1
5090,4.1169,0.439,291,713,0,0,1
5091,4.2842,0.3542,291,713,0,0,1
5092,4.2316,0.5223,291,713,0,0,1
5093,4.0752,0.5164,290,713,0,0,1
5094,4.1859,0.4888,290,713,0,0,1
5095,4.0986,0.3546,290,713,0,0,1
5096,4.1042,0.3573,289,713,0,0,1
5097,4.4646,0.4546,289,713,0,0,1
5098,3.9581,0.6843,289,713,0,0,1
5099,4.1849,0.4262,289,713,0,0,1
5100,4.1204,0.3733,288,713,0,0,1
5101,4.2201,0.504,288,713,0,0,1
5102,4.1231,0.7102,288,713,0,0,1
5103,4.1809,0.6803,286,713,0,0,1
5104,4.1277,0.5503,285,713,0,0,1
5105,4.2217,0.4598,319,713,0,0,1
5106,4.49,0.639,319,713,0,0,1
5107,3.7696,0.4396,319,713,0,0,1
5108,4.2106,0.4156,319,713,0,0,1
5109,4.2114,0.3919,318,713,0,0,1
5110,4.1218,0.6732,316,713,0,0,1
5111,4.2062,0.7064,316,713,0,0,1
5112,4.091,0.4578,316,713,0,0,1
5113,4.2224,0.4542,315,713,0,0,1
5114,4.1947,0.4358,315,713,0,0,1
5115,4.1358,0.4493,315,713,0,0,1
5116,4.1861,0.5823,313,713,0,0,1
5117,4.1256,0.4726,313,713,0,0,1
5118,4.1641,0.5182,313,713,0,0,1
5119,4.1355,0.416,313,713,0,0,1
5120,4.1831,0.3836,313,713,0,0,1
5121,4.1819,0.377,313,713,0,0,1
5122,4.192,0.5603,312,713,0,0,1
5123,4.2522,0.8992,312,713,0,0,1
5124,4.0574,0.4582,312,713,0,0,1
5125,4.1868,0.4888,309,713,0,0,1
5126,4.157,0.3859,309,713,0,0,1
5127,4.2222,0.4391,309,713,0,0,1
5128,4.1046,0.8697,309,713,0,0,1
5129,4.1814,0.4609,309,713,0,0,1
5130,4.344,0.6951,309,713,0,0,1
5131,3.9922,0.378,309,713,0,0,1
5132,4.127,0.3775,307,713,0,0,1
5133,4.2598,0.4285,307,713,0,0,1
5134,4.1311,0.748,307,713,0,0,1
5135,4.1658,0.7076,307,713,0,0,1
5136,4.1448,0.3883,307,713,0,0,1
5137,4.3336,0.5359,305,713,0,0,1
5138,3.992,0.3936,305,713,0,0,1
5139,4.5241,0.6799,305,713,0,0,1
5140,3.865,0.6323,305,713,0,0,1
5141,4.1445,0.6354,305,713,0,0,1
5142,4.095,0.6738,304,713,0,0,1
5143,4.2278,0.4108,303,713,0,0,1
5144,4.1001,0.4826,302,713,0,0,1
5145,4.2577,0.5125,302,713,0,0,1
5146,4.0997,0.4621,301,713,0,0,1
5147,4.1795,0.5563,300,713,0,0,1
5148,4.2328,0.5446,300,713,0,0,1
5149,4.2866,0.8513,300,713,0,0,1
5150,4.0531,0.7214,300,713,0,0,1
5151,4.1165,0.5682,299,713,0,0,1
5152,4.1432,0.4022,299,713,0,0,1
5153,4.1766,0.5015,299,713,0,0,1
5154,4.1949,0.9714,299,713,0,0,1
5155,4.1219,0.4505,299,713,0,0,1
5156,4.1848,0.3961,298,713,0,0,1
5157,4.2015,0.4475,297,713,0,0,1
5158,4.1347,0.528,297,713,0,0,1
5159,4.1879,0.5418,295,713,0,0,1
5160,4.1459,0.418,294,713,0,0,1
5161,4.3268,0.6426,294,713,0,0,1
5162,4.0096,0.3984,294,713,0,0,1
5163,4.2305,0.524,292,713,0,0,1
5164,4.0798,0.4677,291,713,0,0,1
5165,4.1852,0.3686,291,713,0,0,1
5166,4.1571,0.357,284,713,0,0,1
5167,4.1778,0.4461,284,713,0,0,1
5168,4.1709,0.4844,284,713,0,0,1
5169,4.2794,0.4183,284,713,0,0,1
5170,4.1069,0.4068,283,713,0,0,1
5171,4.1498,0.4917,283,713,0,0,1
5172,4.0987,0.4277,283,713,0,0,1
5173,4.2712,0.366,283,713,0,0,1
5174,4.11,0.3747,283,713,0,0,1
5175,4.2567,0.512,283,713,0,0,1
5176,4.0703,0.445,283,713,0,0,1
5177,4.1987,0.3945,281,713,0,0,1
5178,4.0936,0.5166,280,713,0,0,1
5179,4.1991,0.442,280,713,0,0,1
5180,4.1759,0.8168,280,713,0,0,1
5181,4.2235,0.4004,279,713,0,0,1
5182,4.1557,0.4553,325,713,0,0,1
5183,4.1783,0.5218,325,713,0,0,1
5184,4.0962,0.4727,325,713,0,0,1
5185,4.4018,0.4225,325,713,0,0,1
5186,3.9451,0.4513,325,713,0,0,1
5187,4.5367,0.5355,325,713,0,0,1
5188,3.7809,0.3914,325,713,0,0,1
5189,4.532,0.5495,325,713,0,0,1
5190,3.801,0.497,324,713,0,0,1
5191,4.1721,0.4683,324,713,0,0,1
5192,4.1519,0.4257,323,713,0,0,1
5193,4.2179,0.4414,321,713,0,0,1
5194,4.1691,0.4364,319,713,0,0,1
5195,4.2013,0.4976,318,713,0,0,1
5196,4.0936,0.4637,316,713,0,0,1
5197,4.1114,0.5332,316,713,0,0,1
5198,4.2656,0.4438,316,713,0,0,1
5199,4.1774,0.7037,313,713,0,0,1
5200,4.0845,0.4118,313,713,0,0,1
5201,4.1682,0.3788,313,713,0,0,1
5202,4.2402,0.5262,312,713,0,0,1
5203,4.1477,0.4401,311,713,0,0,1
5204,4.1442,0.5227,311,713,0,0,1
5205,4.2531,0.6193,311,713,0,0,1
5206,4.1292,0.6946,311,713,0,0,1
5207,4.132,0.5093,311,713,0,0,1
5208,4.1178,0.4429,311,713,0,0,1
5209,4.1757,0.5886,311,713,0,0,1
5210,4.2244,0.3803,310,713,0,0,1
5211,4.1678,0.5501,310,713,0,0,1
5212,4.1536,0.5158,310,713,0,0,1
5213,4.4786,0.5832,309,713,0,0,1
5214,3.8949,0.4974,307,713,0,0,1
5215,4.0777,0.3621,305,713,0,0,1
5216,4.1743,0.373,305,713,0,0,1
5217,4.2452,0.8146,305,713,0,0,1
5218,4.1574,0.7433,304,713,0,0,1
5219,4.1165,0.4323,304,713,0,0,1
5220,4.1796,0.3567,304,713,0,0,1
5221,4.2226,0.484,303,713,0,0,1
5222,4.1196,0.4776,303,713,0,0,1
5223,4.2242,0.7059,303,713,0,0,1
5224,4.1701,0.6784,301,713,0,0,1
5225,4.0703,0.3697,301,713,0,0,1
5226,4.1856,0.4267,300,713,0,0,1
5227,4.1476,0.459,300,713,0,0,1
5228,4.1589,0.4915,298,713,0,0,1
5229,4.2221,0.4017,298,713,0,0,1
5230,4.1197,0.5515,298,713,0,0,1
5231,4.2051,0.4191,298,713,0,0,1
5232,4.1575,0.4851,297,713,0,0,1
5233,4.2074,0.6034,297,713,0,0,1
5234,4.1664,0.4708,297,713,0,0,1
5235,4.3789,0.5214,297,713,0,0,1
5236,4.0824,0.4569,297,713,0,0,1
5237,4.098,0.6145,295,713,0,0,1
5238,4.1178,0.4701,295,713,0,0,1
5239,4.1004,0.3966,295,713,0,0,1
5240,4.1716,0.3937,294,713,0,0,1
5241,4.2227,0.468,294,713,0,0,1
5242,4.1437,0.6949,293,713,0,0,1
5243,4.2002,0.6627,286,713,0,0,1
5244,4.112,0.3677,285,713,0,0,1
5245,4.4877,0.6555,285,713,0,0,1
5246,3.9067,0.5343,284,713,0,0,1
5247,4.0974,0.4814,283,713,0,0,1
5248,4.2302,0.5358,282,713,0,0,1
5249,4.1585,0.699,281,713,0,0,1
5250,4.1191,0.467,281,713,0,0,1
5251,4.1859,0.3503,281,713,0,0,1
5252,4.2204,0.4123,281,713,0,0,1
5253,4.094,0.4689,281,713,0,0,1
5254,4.1842,0.6271,280,713,0,0,1
5255,4.1338,0.3532,280,713,0,0,1
5256,4.2153,0.64,279,713,0,0,1
5257,4.4537,0.4367,279,713,0,0,1
5258,3.8717,0.4223,313,713,0,0,1
5259,4.1218,0.359,313,713,0,0,1
5260,4.1899,0.3724,313,713,0,0,1
5261,4.213,0.6958,313,713,0,0,1
5262,4.1426,0.49,313,713,0,0,1
5263,4.19,0.4247,313,713,0,0,1
5264,4.1914,0.44,313,713,0,0,1
5265,4.1027,0.3736,313,713,0,0,1
5266,4.1634,0.4619,312,713,0,0,1
5267,4.167,0.4615,312,713,0,0,1
5268,4.176,0.4308,311,713,0,0,1
5269,4.1991,0.5883,311,713,0,0,1
5270,4.1574,0.5773,311,713,0,0,1
5271,4.1246,0.41,311,713,0,0,1
5272,4.1663,0.4692,311,713,0,0,1
5273,4.2281,0.6029,309,713,0,0,1
5274,4.1664,0.6765,309,713,0,0,1
5275,4.1215,0.3546,309,713,0,0,1
5276,4.2218,0.4578,309,713,0,0,1
5277,4.1402,0.4682,309,713,0,0,1
5278,4.1412,0.4565,309,713,0,0,1
5279,4.2,0.6506,308,713,0,0,1
5280,4.1371,0.3704,308,713,0,0,1
5281,4.3087,0.6157,308,713,0,0,1
5282,4.0654,0.6773,307,713,0,0,1
5283,4.5035,0.5912,307,713,0,0,1
5284,3.7963,0.4168,307,713,0,0,1
5285,4.1566,0.5328,307,713,0,0,1
5286,4.152,0.5931,306,713,0,0,1
5287,4.209,0.446,306,713,0,0,1
5288,4.1404,0.4666,306,713,0,0,1
5289,4.2341,0.4776,306,713,0,0,1
5290,4.1547,0.4117,306,713,0,0,1
5291,4.1085,0.3767,305,713,0,0,1
5292,4.1757,0.4711,305,713,0,0,1
5293,4.2221,0.7112,305,713,0,0,1
5294,4.1791,0.6843,305,713,0,0,1
5295,4.1644,0.7613,305,713,0,0,1
5296,4.3404,0.4136,305,713,0,0,1
5297,3.9023,0.4592,304,713,0,0,1
5298,4.2081,0.6893,303,713,0,0,1
5299,4.1422,0.4096,303,713,0,0,1
5300,4.2124,0.4118,302,713,0,0,1
5301,4.1747,0.4287,302,713,0,0,1
5302,4.1197,0.4755,301,713,0,0,1
5303,4.1983,0.5,299,713,0,0,1
5304,4.1004,0.4991,299,713,0,0,1
5305,4.1984,0.5064,299,713,0,0,1
5306,4.2142,0.834,299,713,0,0,1
5307,4.1734,0.5149,299,713,0,0,1
5308,4.1371,0.467,299,713,0,0,1
5309,4.4814,0.3815,299,713,0,0,1
5310,3.8312,0.3682,299,713,0,0,1
5311,4.1507,0.4429,299,713,0,0,1
5312,4.1428,0.7419,298,713,0,0,1
5313,4.2632,0.465,297,713,0,0,1
5314,4.4947,0.6465,297,713,0,0,1
5315,3.7994,0.4234,297,713,0,0,1
5316,4.1114,0.4508,297,713,0,0,1
5317,4.2099,0.5642,297,713,0,0,1
5318,4.1813,0.5576,296,713,0,0,1
5319,4.1862,0.4143,296,713,0,0,1
5320,4.1351,0.4684,289,713,0,0,1
5321,4.5696,0.5202,288,713,0,0,1
5322,3.7798,0.4726,288,713,0,0,1
5323,4.1739,0.3547,288,713,0,0,1
5324,4.1742,0.6899,288,713,0,0,1
5325,4.1506,0.468,288,713,0,0,1
5326,4.1999,0.464,288,713,0,0,1
5327,4.1367,0.3963,288,713,0,0,1
5328,4.1377,0.4094,288,713,0,0,1
5329,4.2321,0.5776,287,713,0,0,1
5330,4.1062,0.4573,286,713,0,0,1
5331,4.1484,0.3526,286,713,0,0,1
5332,4.2317,0.4642,286,713,0,0,1
5333,4.483,0.5713,286,713,0,0,1
5334,3.825,0.4719,286,713,0,0,1
5335,4.1123,0.3788,330,713,0,0,1
5336,4.2536,0.3899,330,713,0,0,1
5337,4.1784,0.3903,330,713,0,0,1
5338,4.1215,0.4473,330,713,0,0,1
5339,4.1975,0.558,329,713,0,0,1
5340,4.1118,0.4614,328,713,0,0,1
5341,4.2221,0.4611,328,713,0,0,1
5342,4.1331,0.403,328,713,0,0,1
5343,4.2349,0.746,328,713,0,0,1
5344,4.1361,0.4472,327,713,0,0,1
5345,4.0856,0.3966,326,713,0,0,1
5346,4.2153,0.5708,326,713,0,0,1
5347,4.1805,0.6193,325,713,0,0,1
5348,4.3702,0.4396,324,713,0,0,1
5349,3.9743,0.3783,322,713,0,0,1
5350,4.1586,0.6549,322,713,0,0,1
5351,4.1613,0.4372,322,713,0,0,1
5352,4.1376,0.5087,322,713,0,0,1
5353,4.5316,0.4687,320,713,0,0,1
5354,3.861,0.7837,320,713,0,0,1
5355,4.1572,0.6919,319,713,0,0,1
5356,4.1963,0.6809,319,713,0,0,1
5357,4.1361,0.4384,319,713,0,0,1
5358,4.1047,0.4581,318,713,0,0,1
5359,4.1627,0.4733,318,713,0,0,1
5360,4.1935,0.4466,317,713,0,0,1
5361,4.2067,0.4286,317,713,0,0,1
5362,4.1258,0.6675,317,713,0,0,1
5363,4.2004,0.4613,314,713,0,0,1
5364,4.1218,0.4755,314,713,0,0,1
5365,4.1786,0.5047,314,713,0,0,1
5366,4.2285,0.5727,314,713,0,0,1
5367,4.1489,0.5538,314,713,0,0,1
5368,4.1389,0.396,314,713,0,0,1
5369,4.4227,0.3881,313,713,0,0,1
5370,3.8943,0.531,313,713,0,0,1
5371,4.1702,0.4707,313,713,0,0,1
5372,4.2073,0.4978,312,713,0,0,1
5373,4.3742,0.3722,312,713,0,0,1
5374,4.393,0.3921,312,713,0,0,1
5375,3.7519,0.5607,311,713,0,0,1
5376,4.0948,0.4624,311,713,0,0,1
5377,4.1809,0.4416,311,713,0,0,1
5378,4.1591,0.4063,310,713,0,0,1
5379,4.1127,0.4778,309,713,0,0,1
5380,4.2594,0.4018,309,713,0,0,1
5381,4.1567,0.7662,309,713,0,0,1
5382,4.1915,0.5509,308,713,0,0,1
5383,4.1192,0.4411,308,713,0,0,1
5384,4.5406,0.3651,308,713,0,0,1
5385,3.8576,0.4103,307,713,0,0,1
5386,4.0817,0.4762,307,713,0,0,1
5387,4.2689,0.6886,306,713,0,0,1
5388,4.1268,0.6612,304,713,0,0,1
5389,4.402,0.4993,304,713,0,0,1
5390,3.905,0.3758,303,713,0,0,1
5391,4.1669,0.4817,302,713,0,0,1
5392,4.1878,0.525,302,713,0,0,1
5393,4.1239,0.4117,302,713,0,0,1
5394,4.1873,0.6321,302,713,0,0,1
5395,4.1491,0.4007,302,713,0,0,1
5396,4.1962,0.524,301,713,0,0,1
5397,4.1919,0.5225,292,713,0,0,1
5398,4.1633,0.7076,291,713,0,0,1
5399,4.1558,0.5731,290,713,0,0,1
5400,4.1686,0.5509,289,713,0,0,1
5401,4.094,0.4359,289,713,0,0,1
5402,4.1999,0.4403,288,713,0,0,1
5403,4.1575,0.3654,288,713,0,0,1
5404,4.1192,0.4061,288,713,0,0,1
5405,4.2107,0.7402,288,713,0,0,1
5406,4.1634,0.6443,288,713,0,0,1
5407,4.1883,0.4165,288,713,0,0,1
5408,4.4317,0.5039,287,713,0,0,1
5409,3.9334,0.3943,287,713,0,0,1
5410,4.1231,0.4907,287,713,0,0,1
5411,4.4112,0.4378,287,713,0,0,1
5412,3.9503,0.4102,320,713,0,0,1
5413,4.3322,0.6258,320,713,0,0,1
5414,4.0005,0.3978,320,713,0,0,1
5415,4.5518,0.7446,320,713,0,0,1
5416,4.0889,0.4879,319,713,0,0,1
5417,4.3502,0.4702,318,713,0,0,1
5418,3.6431,0.6814,318,713,0,0,1
5419,4.1832,0.3786,317,713,0,0,1
5420,4.1846,0.7128,315,713,0,0,1
5421,4.1944,0.7566,315,713,0,0,1
5422,4.1729,0.5272,315,713,0,0,1
5423,4.1707,0.5716,315,713,0,0,1
5424,4.1118,0.408,315,713,0,0,1
5425,4.2193,0.3766,315,713,0,0,1
5426,4.1216,0.4996,315,713,0,0,1
5427,4.2629,0.5081,315,713,0,0,1
5428,4.1078,0.6048,315,713,0,0,1
5429,4.199,0.4715,314,713,0,0,1
5430,4.0827,0.4162,314,713,0,0,1
5431,4.1836,0.3787,314,713,0,0,1
5432,4.1705,0.4265,314,713,0,0,1
5433,4.1542,0.4421,314,713,0,0,1
5434,4.2176,0.5275,312,713,0,0,1
5435,4.1579,0.4812,312,713,0,0,1
5436,4.1385,0.4306,312,713,0,0,1
5437,4.1324,0.3726,312,713,0,0,1
5438,4.196,0.377,311,713,0,0,1
5439,4.4273,0.6521,311,713,0,0,1
5440,4.3146,0.6989,310,713,0,0,1
5441,4.0679,0.4394,310,713,0,0,1
5442,3.8697,0.9571,310,713,0,0,1
5443,4.1414,0.5789,310,713,0,0,1
5444,4.2655,0.6289,310,713,0,0,1
5445,4.1309,0.5381,309,713,0,0,1
5446,4.1211,0.4803,309,713,0,0,1
5447,4.2042,0.6694,309,713,0,0,1
5448,4.136,0.3989,309,713,0,0,1
5449,4.4114,0.5425,309,713,0,0,1
5450,3.9774,0.5192,307,713,0,0,1
5451,4.1504,0.5237,307,713,0,0,1
5452,4.1725,0.5443,307,713,0,0,1
5453,4.5655,0.7353,305,713,0,0,1
5454,3.7047,0.5252,305,713,0,0,1
5455,4.1749,0.5365,305,713,0,0,1
5456,4.2615,0.7823,305,713,0,0,1
5457,4.1197,0.4622,304,713,0,0,1
5458,4.1711,0.4951,304,713,0,0,1
5459,4.179,0.4353,304,713,0,0,1
5460,4.0929,0.3928,304,713,0,0,1
5461,4.2252,0.4264,303,713,0,0,1
5462,4.1914,0.6646,303,713,0,0,1
5463,4.1637,0.7693,301,713,0,0,1
5464,4.1121,0.4296,300,713,0,0,1
5465,4.6703,0.3885,299,713,0,0,1
5466,3.6207,0.683,299,713,0,0,1
5467,4.1753,0.4758,298,713,0,0,1
5468,4.4249,0.7417,298,713,0,0,1
5469,3.9961,0.6386,298,713,0,0,1
5470,4.1413,0.4069,298,713,0,0,1
5471,4.1767,0.427,298,713,0,0,1
5472,4.1156,0.4609,298,713,0,0,1
5473,4.2379,0.4824,289,713,0,0,1
5474,4.1614,0.5455,289,713,0,0,1
5475,4.1966,0.6528,288,713,0,0,1
5476,4.0296,0.3845,287,713,0,0,1
5477,4.6162,0.5738,287,713,0,0,1
5478,3.8278,0.5002,287,713,0,0,1
5479,4.0873,0.3559,287,713,0,0,1
5480,4.4288,0.3798,286,713,0,0,1
5481,3.9072,0.4563,286,713,0,0,1
5482,4.3149,0.6429,286,713,0,0,1
5483,4.0105,0.3852,286,713,0,0,1
5484,4.1881,0.3775,285,713,0,0,1
5485,4.189,0.6276,284,713,0,0,1
5486,4.1533,0.465,280,713,0,0,1
5487,4.3841,0.4474,280,713,0,0,1
5488,4.0037,0.6017,278,713,0,0,1
5489,4.5021,0.5837,323,713,0,0,1
5490,3.7787,0.6099,321,713,0,0,1
5491,4.2176,0.4904,320,713,0,0,1
5492,4.1301,0.5245,319,713,0,0,1
5493,4.4222,0.6851,319,713,0,0,1
5494,4.5218,0.4437,319,713,0,0,1
5495,3.7314,0.6679,319,713,0,0,1
5496,3.9934,0.399,319,713,0,0,1
5497,4.1457,0.4872,319,713,0,0,1
5498,4.2221,0.6546,319,713,0,0,1
5499,4.1076,0.5193,319,713,0,0,1
5500,4.4045,0.6933,319,713,0,0,1
5501,3.9693,0.6633,318,713,0,0,1
5502,4.4331,0.6099,318,713,0,0,1
5503,3.8629,0.4282,317,713,0,0,1
5504,4.2149,0.5508,316,713,0,0,1
5505,4.1697,0.5099,315,713,0,0,1
5506,4.1341,0.7375,315,713,0,0,1
5507,4.2104,0.3671,314,713,0,0,1
5508,4.0982,0.4075,314,713,0,0,1
5509,4.1832,0.4319,313,713,0,0,1
5510,4.1741,0.544,312,713,0,0,1
5511,4.4701,0.4918,312,713,0,0,1
5512,3.838,0.3991,312,713,0,0,1
5513,4.4612,0.374,312,713,0,0,1
5514,3.8965,0.4421,312,713,0,0,1
5515,4.1472,0.4614,312,713,0,0,1
5516,4.1999,0.6752,312,713,0,0,1
5517,4.2139,0.4568,312,713,0,0,1
5518,4.0774,0.5624,312,713,0,0,1
5519,4.227,0.368,312,713,0,0,1
5520,4.0845,0.378,311,713,0,0,1
5521,4.2177,0.4972,309,713,0,0,1
5522,4.1525,0.6444,307,713,0,0,1
5523,4.1954,0.5018,307,713,0,0,1
5524,4.1841,0.3858,307,713,0,0,1
5525,4.1127,0.5243,307,713,0,0,1
5526,4.1775,0.4962,307,713,0,0,1
5527,4.1357,0.4604,306,713,0,0,1
5528,4.1335,0.3781,305,713,0,0,1
5529,4.2922,0.3975,303,713,0,0,1
5530,4.0919,0.4228,302,713,0,0,1
5531,4.2327,0.4525,302,713,0,0,1
5532,4.1308,0.4456,301,713,0,0,1
5533,4.1634,0.4409,301,713,0,0,1
5534,4.1671,0.3808,301,713,0,0,1
5535,4.5258,0.3825,301,713,0,0,1
5536,3.8086,0.5454,300,713,0,0,1
5537,4.4147,0.4866,298,713,0,0,1
5538,3.9071,0.5597,298,713,0,0,1
5539,4.1681,0.3691,298,713,0,0,1
5540,4.1698,0.4922,298,713,0,0,1
5541,4.1753,0.4665,298,713,0,0,1
5542,4.38,0.4239,297,713,0,0,1
5543,3.9847,0.484,297,713,0,0,1
5544,4.1182,0.3807,296,713,0,0,1
5545,4.1615,0.4536,296,713,0,0,1
5546,4.1956,0.4286,296,713,0,0,1
5547,4.48,0.4024,296,713,0,0,1
5548,3.8125,0.3756,296,713,0,0,1
5549,4.182,0.4488,296,713,0,0,1
5550,4.1543,0.6367,289,713,0,0,1
5551,4.1741,0.3952,289,713,0,0,1
5552,4.4881,0.5535,289,713,0,0,1
5553,3.9198,0.512,289,713,0,0,1
5554,4.464,0.6298,288,713,0,0,1
5555,3.8208,0.4494,288,713,0,0,1
5556,4.1257,0.3688,287,713,0,0,1
5557,4.2122,0.5515,287,713,0,0,1
5558,4.161,0.5274,287,713,0,0,1
5559,4.2357,0.4584,287,713,0,0,1
5560,4.08,0.3544,287,713,0,0,1
5561,4.2348,0.4177,286,713,0,0,1
5562,4.0736,0.63,286,713,0,0,1
5563,4.1945,0.3988,284,713,0,0,1
5564,4.1806,0.5891,284,713,0,0,1
5565,4.2216,0.461,284,713,0,0,1
5566,4.0887,0.4936,318,713,0,0,1
5567,4.1634,0.4365,318,713,0,0,1
5568,4.1897,0.4004,318,713,0,0,1
5569,4.1855,0.6519,317,713,0,0,1
5570,4.1416,0.41,316,713,0,0,1
5571,4.1991,0.5039,315,713,0,0,1
5572,4.1129,0.6996,315,713,0,0,1
5573,4.29,0.4739,314,713,0,0,1
5574,4.1195,0.544,314,713,0,0,1
5575,4.1137,0.3602,314,713,0,0,1
5576,4.2655,0.6177,312,713,0,0,1
5577,4.167,0.5536,312,713,0,0,1
5578,4.139,0.5367,312,713,0,0,1
5579,4.4469,0.59,311,713,0,0,1
5580,3.8174,0.3747,310,713,0,0,1
5581,4.1786,0.435,309,713,0,0,1
5582,4.1448,0.3928,309,713,0,0,1
5583,4.2319,0.5318,308,713,0,0,1
5584,4.1329,0.4595,307,713,0,0,1
5585,4.2112,0.367,307,713,0,0,1
5586,4.145,0.411,304,713,0,0,1
5587,4.0948,0.3724,304,713,0,0,1
5588,4.2506,0.4678,304,713,0,0,1
5589,4.2399,0.8247,303,713,0,0,1
5590,4.2327,0.3865,303,713,0,0,1
5591,4.0288,0.4175,303,713,0,0,1
5592,4.0947,0.4215,303,713,0,0,1
5593,4.1621,0.5689,303,713,0,0,1
5594,4.2517,0.6012,303,713,0,0,1
5595,4.2701,0.6738,303,713,0,0,1
5596,4.0159,0.425,303,713,0,0,1
5597,4.2131,0.4677,303,713,0,0,1
5598,4.5004,0.7124,303,713,0,0,1
5599,3.7649,0.4292,303,713,0,0,1
5600,4.1691,0.7047,302,713,0,0,1
5601,4.2363,0.645,300,713,0,0,1
5602,4.1248,0.4378,299,713,0,0,1
5603,4.2063,0.5218,299,713,0,0,1
5604,4.1058,0.4342,299,713,0,0,1
5605,4.1133,0.6556,298,713,0,0,1
5606,4.3077,0.3836,297,713,0,0,1
5607,4.1416,0.471,296,713,0,0,1
5608,4.2757,0.8021,296,713,0,0,1
5609,4.1391,0.3802,296,713,0,0,1
5610,4.0691,0.4165,296,713,0,0,1
5611,4.1274,0.3759,296,713,0,0,1
5612,4.1564,0.4704,295,713,0,0,1
5613,4.2283,0.4537,294,713,0,0,1
5614,4.1943,0.3494,294,713,0,0,1
5615,4.1588,0.4155,294,713,0,0,1
5616,4.0949,0.4491,293,713,0,0,1
5617,4.1448,0.4554,293,713,0,0,1
5618,4.2557,0.4414,292,713,0,0,1
5619,4.1486,0.4303,292,713,0,0,1
5620,4.2548,0.3804,292,713,0,0,1
5621,4.166,0.5718,292,713,0,0,1
5622,4.1279,0.465,292,713,0,0,1
5623,4.0629,0.3554,292,713,0,0,1
5624,4.2247,0.4007,292,713,0,0,1
5625,4.1531,0.464,291,713,0,0,1
5626,4.126,0.581,290,713,0,0,1
5627,4.2068,0.4017,281,713,0,0,1
5628,4.1213,0.3626,281,713,0,0,1
5629,4.222,0.5103,281,713,0,0,1
5630,4.1347,0.4754,280,713,0,0,1
5631,4.19,0.6231,280,713,0,0,1
5632,4.2074,0.3682,279,713,0,0,1
5633,4.0888,0.4465,279,713,0,0,1
5634,4.1718,0.5023,278,713,0,0,1
5635,4.1546,0.3528,278,713,0,0,1
5636,4.1677,0.4503,277,713,0,0,1
5637,4.2471,0.4599,277,713,0,0,1
5638,4.1773,0.383,277,713,0,0,1
5639,4.1183,0.5296,277,713,0,0,1
5640,4.1004,0.4373,275,713,0,0,1
5641,4.2094,0.4434,275,713,0,0,1
5642,4.148,0.4082,320,713,0,0,1
5643,4.2043,0.417,319,713,0,0,1
5644,4.1468,0.3952,319,713,0,0,1
5645,4.1944,0.762,319,713,0,0,1
5646,4.1899,0.5649,318,713,0,0,1
5647,4.075,0.432,317,713,0,0,1
5648,4.2104,0.4182,317,713,0,0,1
5649,4.2117,0.4166,316,713,0,0,1
5650,4.1572,0.4894,316,713,0,0,1
5651,4.2091,0.6905,316,713,0,0,1
5652,4.1277,0.7329,316,713,0,0,1
5653,4.1523,0.4185,316,713,0,0,1
5654,4.1432,0.3784,316,713,0,0,1
5655,4.2068,0.4399,316,713,0,0,1
5656,4.1786,0.4384,316,713,0,0,1
5657,4.1272,0.4422,316,713,0,0,1
5658,4.103,0.7236,316,713,0,0,1
5659,4.175,0.3709,316,713,0,0,1
5660,4.1602,0.3721,315,713,0,0,1
5661,4.2053,0.4115,315,713,0,0,1
5662,4.5493,0.4636,314,713,0,0,1
5663,3.7675,0.5543,313,713,0,0,1
5664,4.1907,0.4238,313,713,0,0,1
5665,4.1703,0.4123,313,713,0,0,1
5666,4.1713,0.4971,313,713,0,0,1
5667,4.186,0.5498,312,713,0,0,1
5668,4.4632,0.4898,312,713,0,0,1
5669,3.8365,0.532,312,713,0,0,1
5670,4.1652,0.6613,312,713,0,0,1
5671,4.1657,0.3709,311,713,0,0,1
5672,4.2616,0.4256,311,713,0,0,1
5673,4.1419,0.5186,310,713,0,0,1
5674,4.1196,0.497,310,713,0,0,1
5675,4.2098,0.4291,309,713,0,0,1
5676,4.1312,0.5952,309,713,0,0,1
5677,4.0663,0.3728,309,713,0,0,1
5678,4.262,0.4919,309,713,0,0,1
5679,4.5635,0.5774,306,713,0,0,1
5680,3.7612,0.4294,306,713,0,0,1
5681,4.352,0.364,306,713,0,0,1
5682,3.9489,0.5318,306,713,0,0,1
5683,4.1806,0.4576,305,713,0,0,1
5684,4.2109,0.478,304,713,0,0,1
5685,4.1833,0.4754,304,713,0,0,1
5686,4.1373,0.6799,304,713,0,0,1
5687,4.19,0.4079,304,713,0,0,1
5688,4.0976,0.6068,304,713,0,0,1
5689,4.3419,0.4809,303,713,0,0,1
5690,4.0192,0.4338,303,713,0,0,1
5691,4.2267,0.4078,302,713,0,0,1
5692,4.0943,0.5197,302,713,0,0,1
5693,4.546,0.7548,301,713,0,0,1
5694,3.815,0.599,301,713,0,0,1
5695,4.1432,0.5294,301,713,0,0,1
5696,4.1939,0.5628,301,713,0,0,1
5697,4.2356,0.425,301,713,0,0,1
5698,4.4529,0.6059,300,713,0,0,1
5699,3.8589,0.4814,299,713,0,0,1
5700,4.0717,0.4694,297,713,0,0,1
5701,4.2617,0.3657,297,713,0,0,1
5702,4.1224,0.3785,297,713,0,0,1
5703,4.1994,0.5281,296,713,0,0,1
5704,4.1321,0.4565,289,713,0,0,1
5705,4.1423,0.4374,289,713,0,0,1
5706,4.1891,0.4067,289,713,0,0,1
5707,4.1404,0.471,288,713,0,0,1
5708,4.1882,0.3764,286,713,0,0,1
5709,4.2053,0.6361,285,713,0,0,1
5710,4.1204,0.3702,285,713,0,0,1
5711,4.1954,0.4905,285,713,0,0,1
5712,4.1073,0.4204,285,713,0,0,1
5713,4.2016,0.55,285,713,0,0,1
5714,4.2226,0.4576,285,713,0,0,1
5715,4.2379,0.73,285,713,0,0,1
5716,4.3107,0.5084,285,713,0,0,1
5717,4.2757,0.5689,284,713,0,0,1
5718,3.8737,0.4269,283,713,0,0,1
5719,4.0761,0.5086,317,713,0,0,1
5720,4.2167,0.7387,317,713,0,0,1
5721,4.419,0.5551,317,713,0,0,1
5722,3.8975,0.4184,316,713,0,0,1
5723,4.2198,0.4306,315,713,0,0,1
5724,4.087,0.4594,315,713,0,0,1
5725,4.1651,0.4812,315,713,0,0,1
5726,4.2538,0.4856,315,713,0,0,1
5727,4.0684,0.3904,314,713,0,0,1
5728,4.2456,0.4528,314,713,0,0,1
5729,4.2771,0.3849,314,713,0,0,1
5730,3.9966,0.4953,314,713,0,0,1
5731,4.1579,0.4428,314,713,0,0,1
5732,4.2152,0.4204,314,713,0,0,1
5733,4.1744,0.5965,314,713,0,0,1
5734,4.1092,0.381,314,713,0,0,1
5735,4.2014,0.5297,313,713,0,0,1
5736,4.1367,0.4518,313,713,0,0,1
5737,4.1462,0.4492,313,713,0,0,1
5738,4.2676,0.4225,313,713,0,0,1
5739,4.1881,0.5822,313,713,0,0,1
5740,4.0722,0.5532,313,713,0,0,1
5741,4.2124,0.5258,312,713,0,0,1
5742,4.1917,0.5534,312,713,0,0,1
5743,4.0658,0.4058,311,713,0,0,1
5744,4.2062,0.3913,311,713,0,0,1
5745,4.2163,0.379,310,713,0,0,1
5746,4.0759,0.4692,310,713,0,0,1
5747,4.2347,0.5291,310,713,0,0,1
5748,4.1015,0.4188,310,713,0,0,1
5749,4.2163,0.408,310,713,0,0,1
5750,4.1344,0.3698,310,713,0,0,1
5751,4.2177,0.5325,310,713,0,0,1
5752,4.1905,0.6643,308,713,0,0,1
5753,4.115,0.4507,308,713,0,0,1
5754,4.1889,0.417,308,713,0,0,1
5755,4.1042,0.3663,308,713,0,0,1
5756,4.1811,0.3837,308,713,0,0,1
5757,4.2365,0.449,308,713,0,0,1
5758,4.1232,0.4543,308,713,0,0,1
5759,4.1631,0.4032,307,713,0,0,1
5760,4.1236,0.3574,307,713,0,0,1
5761,4.1963,0.3951,307,713,0,0,1
5762,4.1819,0.4548,303,713,0,0,1
5763,4.2184,0.5558,302,713,0,0,1
5764,4.1191,0.3492,301,713,0,0,1
5765,4.1517,0.3603,300,713,0,0,1
5766,4.2487,0.5247,300,713,0,0,1
5767,4.0817,0.455,300,713,0,0,1
5768,4.4791,0.4064,2,713,0,0,0
5769,3.9138,0.258,2,713,0,0,0
5770,4.3125,0.2242,2,713,0,0,0
5771,4.0507,0.4229,2,713,0,0,0
5772,4.0815,0.2544,2,713,0,0,0
5773,4.2327,0.264,2,713,0,0,0
5774,4.1184,0.2697,2,713,0,0,0
5775,4.1171,0.4301,2,713,0,0,0
5776,4.2064,0.2931,2,713,0,0,0
5777,4.2666,0.2578,2,713,0,0,0
5778,4.2988,0.2647,2,713,0,0,0
5779,3.9294,0.2295,2,713,0,0,0
5780,4.1276,0.2301,2,713,0,0,0
5781,4.2093,0.2305,2,713,0,0,0
5782,4.2419,0.2643,2,713,0,0,0
5783,4.1447,0.2523,2,713,0,0,0
5784,4.1161,0.2539,2,713,0,0,0
5785,4.1597,0.2045,2,713,0,0,0
5786,4.2275,0.3649,2,713,0,0,0
5787,4.5167,0.4709,2,713,0,0,0
5788,3.7959,0.2232,2,713,0,0,0
5789,4.125,0.3737,2,713,0,0,0
5790,4.1303,0.2264,2,713,0,0,0
5791,4.2078,0.2484,2,713,0,0,0
5792,4.1958,0.2227,2,713,0,0,0
5793,4.2016,0.2642,2,713,0,0,0
5794,4.4636,0.4396,2,713,0,0,0
5795,3.8747,0.3944,2,713,0,0,0
5796,4.1572,0.4237,2,713,0,0,0
5797,4.2238,0.214,2,713,0,0,0
5798,4.0736,0.2348,2,713,0,0,0
5799,4.5224,0.4435,2,713,0,0,0
5800,3.8505,0.2622,2,713,0,0,0
5801,4.1906,0.2284,2,713,0,0,0
5802,4.068,0.2293,2,713,0,0,0
5803,4.1772,0.253,2,713,0,0,0
5804,4.169,0.1941,2,713,0,0,0
5805,4.1928,0.4141,2,713,0,0,0
5806,4.1649,0.2622,2,713,0,0,0
5807,4.1673,0.2355,2,713,0,0,0
5808,4.1179,0.3083,2,713,0,0,0
5809,4.1929,0.2313,2,713,0,0,0
5810,4.2252,0.4401,2,713,0,0,0
5811,4.1797,0.2624,2,713,0,0,0
5812,4.114,0.2131,2,713,0,0,0
5813,4.1262,0.2631,2,713,0,0,0
5814,4.1734,0.2318,2,713,0,0,0
5815,4.1572,0.1945,2,713,0,0,0
5816,4.2373,0.2632,2,713,0,0,0
5817,4.1868,0.265,2,713,0,0,0
5818,4.1533,0.2515,2,713,0,0,0
5819,4.1159,0.2542,2,713,0,0,0
5820,4.1738,0.2653,2,713,0,0,0
5821,4.262,0.4248,2,713,0,0,0
5822,4.0895,0.2956,2,713,0,0,0
5823,4.1733,0.2678,2,713,0,0,0
5824,4.1392,0.236,2,713,0,0,0
5825,4.1808,0.1986,2,713,0,0,0
5826,4.4364,0.4462,53,713,0,0,1
5827,4.0425,0.2941,53,713,0,0,1
5828,4.1167,0.3036,53,713,0,0,1
5829,4.1109,0.3336,53,713,0,0,1
5830,4.1761,0.2777,53,713,0,0,1
5831,4.1165,0.6991,53,713,0,0,1
5832,4.1773,0.3965,53,713,0,0,1
5833,4.1781,0.3941,53,713,0,0,1
5834,4.1423,0.2807,53,713,0,0,1
5835,4.4752,0.4949,53,713,0,0,1
5836,3.8799,0.2905,53,713,0,0,1
5837,4.1332,0.2855,53,713,0,0,1
5838,4.2371,0.3131,53,713,0,0,1
5839,4.099,0.2884,53,713,0,0,1
5840,4.2122,0.4917,53,713,0,0,1
5841,4.1695,0.3266,53,713,0,0,1
5842,4.9173,0.359,53,713,0,0,1
5843,3.5727,0.3262,53,713,0,0,1
5844,3.9721,0.2982,53,713,0,0,1
5845,4.4078,0.2821,53,713,0,0,1
5846,3.9399,0.2792,53,713,0,0,1
5847,4.314,0.4372,53,713,0,0,1
5848,4.0482,0.3257,53,713,0,0,1
5849,4.1751,0.2764,53,713,0,0,1
5850,4.489,0.4785,53,713,0,0,1
5851,3.788,0.2835,53,713,0,0,1
5852,4.1538,0.4403,53,713,0,0,1
5853,4.6107,0.2807,53,713,0,0,1
5854,3.739,0.2836,53,713,0,0,1
5855,4.3174,0.5188,53,713,0,0,1
5856,4.0191,0.2781,53,713,0,0,1
5857,4.1412,0.2843,53,713,0,0,1
5858,4.2887,0.4012,53,713,0,0,1
5859,4.1547,0.4558,53,713,0,0,1
5860,4.1475,0.6317,53,713,0,0,1
5861,4.1015,0.2778,53,713,0,0,1
5862,4.5419,0.2813,53,713,0,0,1
5863,3.7929,0.2971,53,713,0,0,1
5864,4.2199,0.2521,53,713,0,0,1
5865,4.1167,0.2867,53,713,0,0,1
5866,4.1774,0.323,53,713,0,0,1
5867,4.2046,0.3189,53,713,0,0,1
5868,4.1144,0.2961,53,713,0,0,1
5869,4.222,0.3176,53,713,0,0,1
5870,4.1588,0.3517,53,713,0,0,1
5871,4.1115,0.4217,53,713,0,0,1
5872,4.3408,0.3835,53,713,0,0,1
5873,4.067,0.3358,53,713,0,0,1
5874,4.1334,0.2874,53,713,0,0,1
5875,4.1467,0.2871,53,713,0,0,1
5876,4.144,0.2956,53,713,0,0,1
5877,4.2124,0.2929,53,713,0,0,1
5878,4.7501,0.3482,53,713,0,0,1
5879,3.6216,0.3252,53,713,0,0,1
5880,4.1041,0.2845,53,713,0,0,1
5881,4.1289,0.2694,53,713,0,0,1
5882,4.2276,0.2791,53,713,0,0,1
5883,4.1592,0.5705,53,713,0,0,1
5884,4.2381,0.3872,53,713,0,0,1
5885,4.3117,0.4595,53,713,0,0,1
5886,3.999,0.3221,53,713,0,0,1
5887,4.1149,0.2821,53,713,0,0,1
5888,4.1249,0.2832,53,713,0,0,1
5889,4.196,0.2911,53,713,0,0,1
5890,4.1568,0.4197,53,713,0,0,1
5891,4.2137,0.4788,53,713,0,0,1
5892,4.1558,0.3039,53,713,0,0,1
5893,4.1553,0.3577,103,713,0,0,1
5894,4.1795,0.3177,103,713,0,0,1
5895,4.1266,0.3361,103,713,0,0,1
5896,4.1368,0.3388,103,713,0,0,1
5897,4.2513,0.4726,103,713,0,0,1
5898,4.1962,0.3606,103,713,0,0,1
5899,4.0973,0.3321,103,713,0,0,1
5900,4.5219,0.3251,103,713,0,0,1
5901,3.8273,0.3206,103,713,0,0,1
5902,4.9195,0.314,103,713,0,0,1
5903,3.3698,0.4855,103,713,0,0,1
5904,4.1875,0.4478,103,713,0,0,1
5905,4.1741,0.3334,103,713,0,0,1
5906,4.1621,0.3425,103,713,0,0,1
5907,4.179,0.2521,103,713,0,0,1
5908,4.1465,0.3289,103,713,0,0,1
5909,4.2105,0.3272,103,713,0,0,1
5910,4.1634,0.2616,103,713,0,0,1
5911,4.1687,0.3237,103,713,0,0,1
5912,4.4934,0.4713,103,713,0,0,1
5913,3.8344,0.245,103,713,0,0,1
5914,4.1433,0.4546,103,713,0,0,1
5915,4.1498,0.4634,103,713,0,0,1
5916,4.2498,0.5398,103,713,0,0,1
5917,4.4078,0.4525,103,713,0,0,1
5918,3.8955,0.3449,103,713,0,0,1
5919,4.1978,0.3725,103,713,0,0,1
5920,4.0657,0.413,103,713,0,0,1
5921,4.2313,0.6174,103,713,0,0,1
5922,4.1262,0.5098,103,713,0,0,1
5923,4.1873,0.297,103,713,0,0,1
5924,4.5976,0.341,103,713,0,0,1
5925,3.7825,0.3688,103,713,0,0,1
5926,4.3915,0.2832,103,713,0,0,1
5927,3.9268,0.4604,103,713,0,0,1
5928,4.1252,0.3177,103,713,0,0,1
5929,4.1987,0.4178,102,713,0,0,1
5930,4.1452,0.4181,102,713,0,0,1
5931,4.1917,0.3743,102,713,0,0,1
5932,4.4583,0.3171,102,713,0,0,1
5933,4.1367,0.5804,102,713,0,0,1
5934,3.8724,0.4506,102,713,0,0,1
5935,4.1576,0.3129,102,713,0,0,1
5936,4.2254,0.5229,102,713,0,0,1
5937,4.2035,0.3596,102,713,0,0,1
5938,4.1191,0.3582,101,713,0,0,1
5939,4.1664,0.3159,101,713,0,0,1
5940,4.132,0.3127,101,713,0,0,1
5941,4.328,0.589,101,713,0,0,1
5942,4.022,0.434,101,713,0,0,1
5943,4.1469,0.3278,101,713,0,0,1
5944,4.1944,0.3273,101,713,0,0,1
5945,4.135,0.2472,101,713,0,0,1
5946,4.1572,0.3139,101,713,0,0,1
5947,4.1769,0.3124,101,713,0,0,1
5948,4.2216,0.3664,101,713,0,0,1
5949,4.1874,0.3663,101,713,0,0,1
5950,4.1128,0.3211,100,713,0,0,1
5951,4.1331,0.4663,100,713,0,0,1
5952,4.1717,0.4275,100,713,0,0,1
5953,4.1847,0.4575,100,713,0,0,1
5954,4.1671,0.316,100,713,0,0,1
5955,4.1768,0.2628,100,713,0,0,1
5956,4.5235,0.3181,100,713,0,0,1
5957,3.8626,0.348,100,713,0,0,1
5958,4.1076,0.3681,100,713,0,0,1
5959,4.1478,0.3272,100,713,0,0,1
5960,4.2673,0.6709,150,713,0,0,1
5961,4.0896,0.3354,150,713,0,0,1
5962,4.2033,0.3471,150,713,0,0,1
5963,4.1619,0.3122,150,713,0,0,1
5964,4.1094,0.3584,150,713,0,0,1
5965,4.178,0.5921,150,713,0,0,1
5966,4.1863,0.3247,150,713,0,0,1
5967,4.1672,0.3628,150,713,0,0,1
5968,4.1913,0.4083,150,713,0,0,1
5969,4.093,0.3793,150,713,0,0,1
5970,4.1837,0.3595,150,713,0,0,1
5971,4.1925,0.3642,150,713,0,0,1
5972,4.152,0.3542,150,713,0,0,1
5973,4.2385,0.407,150,713,0,0,1
5974,4.0934,0.3569,150,713,0,0,1
5975,4.2262,0.3374,150,713,0,0,1
5976,4.124,0.3542,150,713,0,0,1
5977,4.2119,0.4822,150,713,0,0,1
5978,4.1892,0.3541,150,713,0,0,1
5979,4.117,0.5447,150,713,0,0,1
5980,4.1299,0.6973,150,713,0,0,1
5981,4.5554,0.5846,150,713,0,0,1
5982,3.8226,0.3465,150,713,0,0,1
5983,4.1283,0.3846,150,713,0,0,1
5984,4.2013,0.6,150,713,0,0,1
5985,4.3043,0.672,150,713,0,0,1
5986,3.9886,0.3533,150,713,0,0,1
5987,4.226,0.3873,150,713,0,0,1
5988,4.1239,0.3539,150,713,0,0,1
5989,4.2016,0.3366,150,713,0,0,1
5990,4.2217,0.4618,150,713,0,0,1
5991,4.0982,0.5864,150,713,0,0,1
5992,4.154,0.3866,150,713,0,0,1
5993,4.1149,0.3566,150,713,0,0,1
5994,4.2141,0.3567,150,713,0,0,1
5995,4.1247,0.3529,150,713,0,0,1
5996,4.1614,0.3905,149,713,0,0,1
5997,4.2699,0.5775,149,713,0,0,1
5998,4.106,0.3884,149,713,0,0,1
5999,4.1966,0.3761,149,713,0,0,1
6000,4.1106,0.3658,148,713,0,0,1
6001,4.1608,0.4171,148,713,0,0,1
6002,4.2249,0.4879,148,713,0,0,1
6003,4.1231,0.4877,148,713,0,0,1
6004,4.206,0.3546,148,713,0,0,1
6005,4.3388,0.4782,148,713,0,0,1
6006,4.0542,0.3798,147,713,0,0,1
6007,4.0878,0.3634,147,713,0,0,1
6008,4.1871,0.3086,147,713,0,0,1
6009,4.2036,0.3662,145,713,0,0,1
6010,4.2453,0.3611,145,713,0,0,1
6011,4.0504,0.3944,145,713,0,0,1
6012,4.1671,0.3587,145,713,0,0,1
6013,4.2033,0.3948,145,713,0,0,1
6014,4.1392,0.3817,145,713,0,0,1
6015,4.1749,0.2802,145,713,0,0,1
6016,4.2181,0.508,145,713,0,0,1
6017,4.1043,0.3992,145,713,0,0,1
6018,4.1863,0.4019,144,713,0,0,1
6019,4.1258,0.3491,144,713,0,0,1
6020,4.2117,0.3269,144,713,0,0,1
6021,4.1879,0.3572,144,713,0,0,1
6022,4.0926,0.3471,144,713,0,0,1
6023,4.2439,0.6228,144,713,0,0,1
6024,4.0938,0.3475,144,713,0,0,1
6025,4.5421,0.5033,144,713,0,0,1
6026,3.8034,0.3569,144,713,0,0,1
6027,4.2283,0.4504,194,713,0,0,1
6028,4.1133,0.5667,194,713,0,0,1
6029,4.1988,0.5431,194,713,0,0,1
6030,4.4064,0.6184,194,713,0,0,1
6031,3.8773,0.3222,194,713,0,0,1
6032,4.5113,0.5685,194,713,0,0,1
6033,3.8238,0.3396,194,713,0,0,1
6034,4.2147,0.5435,194,713,0,0,1
6035,4.1613,0.5372,194,713,0,0,1
6036,4.1232,0.4158,194,713,0,0,1
6037,4.185,0.4357,194,713,0,0,1
6038,4.1744,0.4313,194,713,0,0,1
6039,4.4343,0.6485,194,713,0,0,1
6040,3.9232,0.3381,194,713,0,0,1
6041,4.0942,0.4084,194,713,0,0,1
6042,4.1963,0.3905,192,713,0,0,1
6043,4.1321,0.3844,192,713,0,0,1
6044,4.2286,0.338,192,713,0,0,1
6045,4.2019,0.4659,192,713,0,0,1
6046,4.0888,0.3132,192,713,0,0,1
6047,4.1702,0.5125,192,713,0,0,1
6048,4.2208,0.5723,192,713,0,0,1
6049,4.2336,0.4481,192,713,0,0,1
6050,4.0707,0.3785,192,713,0,0,1
6051,4.1263,0.3934,192,713,0,0,1
6052,4.1774,0.3933,192,713,0,0,1
6053,4.1822,0.3832,192,713,0,0,1
6054,4.2593,0.5865,192,713,0,0,1
6055,4.0727,0.3839,192,713,0,0,1
6056,4.2181,0.4626,192,713,0,0,1
6057,4.1942,0.3576,192,713,0,0,1
6058,4.1436,0.4167,192,713,0,0,1
6059,4.177,0.4472,192,713,0,0,1
6060,4.0979,0.5064,192,713,0,0,1
6061,4.2258,0.3471,192,713,0,0,1
6062,4.1801,0.5571,192,713,0,0,1
6063,4.1525,0.349,192,713,0,0,1
6064,4.0758,0.4253,192,713,0,0,1
6065,4.1664,0.3259,192,713,0,0,1
6066,4.222,0.5326,191,713,0,0,1
6067,4.1619,0.3559,191,713,0,0,1
6068,4.2202,0.6607,191,713,0,0,1
6069,4.1995,0.4011,190,713,0,0,1
6070,4.1414,0.4444,189,713,0,0,1
6071,4.1119,0.3377,188,713,0,0,1
6072,4.2177,0.6317,188,713,0,0,1
6073,4.0779,0.5446,188,713,0,0,1
6074,4.209,0.402,188,713,0,0,1
6075,4.2008,0.409,188,713,0,0,1
6076,4.1327,0.4165,187,713,0,0,1
6077,4.4953,0.6549,187,713,0,0,1
6078,3.8245,0.5426,187,713,0,0,1
6079,4.1811,0.4054,187,713,0,0,1
6080,4.2291,0.4542,187,713,0,0,1
6081,4.1756,0.4575,187,713,0,0,1
6082,4.4397,0.5504,187,713,0,0,1
6083,3.8509,0.4168,187,713,0,0,1
6084,4.123,0.4619,187,713,0,0,1
6085,4.1703,0.4788,186,713,0,0,1
6086,4.1878,0.4871,185,713,0,0,1
6087,4.2751,0.4322,184,713,0,0,1
6088,4.1036,0.3569,184,713,0,0,1
6089,4.0856,0.3903,184,713,0,0,1
6090,4.4416,0.449,184,713,0,0,1
6091,3.9175,0.3819,184,713,0,0,1
6092,4.168,0.4046,184,713,0,0,1
6093,4.2008,0.3994,183,713,0,0,1
6094,4.1101,0.3716,233,713,0,0,1
6095,4.5255,0.4325,233,713,0,0,1
6096,3.8197,0.6603,233,713,0,0,1
6097,4.1971,0.5104,233,713,0,0,1
6098,4.197,0.4217,233,713,0,0,1
6099,4.102,0.395,233,713,0,0,1
6100,4.1751,0.4325,233,713,0,0,1
6101,4.5968,0.647,233,713,0,0,1
6102,3.7393,0.3494,233,713,0,0,1
6103,4.1544,0.4364,233,713,0,0,1
6104,4.1981,0.6463,233,713,0,0,1
6105,4.1976,0.3747,232,713,0,0,1
6106,4.1545,0.4734,232,713,0,0,1
6107,4.1604,0.4151,232,713,0,0,1
6108,4.1318,0.4226,232,713,0,0,1
6109,4.4598,0.6427,232,713,0,0,1
6110,3.9589,0.3382,232,713,0,0,1
6111,4.1261,0.4086,232,713,0,0,1
6112,4.1374,0.4074,232,713,0,0,1
6113,4.1422,0.354,232,713,0,0,1
6114,4.2233,0.4583,231,713,0,0,1
6115,4.1167,0.3438,231,713,0,0,1
6116,4.2142,0.6765,231,713,0,0,1
6117,4.2506,0.5761,231,713,0,0,1
6118,4.0575,0.3112,231,713,0,0,1
6119,4.1957,0.4929,231,713,0,0,1
6120,4.0971,0.3458,231,713,0,0,1
6121,4.2078,0.3689,231,713,0,0,1
6122,4.1661,0.4103,231,713,0,0,1
6123,4.2385,0.6523,229,713,0,0,1
6124,4.2233,0.4896,229,713,0,0,1
6125,4.0836,0.4491,229,713,0,0,1
6126,4.5365,0.5407,229,713,0,0,1
6127,3.7069,0.4124,229,713,0,0,1
6128,4.2382,0.3879,228,713,0,0,1
6129,4.352,0.7058,228,713,0,0,1
6130,4.0058,0.4056,227,713,0,0,1
6131,4.1635,0.3586,227,713,0,0,1
6132,4.1225,0.4151,227,713,0,0,1
6133,4.2051,0.9182,227,713,0,0,1
6134,4.124,0.4421,227,713,0,0,1
6135,4.1952,0.5847,226,713,0,0,1
6136,4.1922,0.5761,226,713,0,0,1
6137,4.0729,0.4037,225,713,0,0,1
6138,4.1866,0.3875,225,713,0,0,1
6139,4.1403,0.3212,224,713,0,0,1
6140,4.4753,0.6304,224,713,0,0,1
6141,3.9432,0.3381,224,713,0,0,1
6142,4.1529,0.6771,224,713,0,0,1
6143,4.2117,0.3963,224,713,0,0,1
6144,4.0866,0.3374,224,713,0,0,1
6145,4.1622,0.4294,223,713,0,0,1
6146,4.1877,0.3858,223,713,0,0,1
6147,4.2221,0.5686,222,713,0,0,1
6148,4.1506,0.722,222,713,0,0,1
6149,4.1581,0.5083,221,713,0,0,1
6150,4.1616,0.4263,221,713,0,0,1
6151,4.1229,0.3269,220,713,0,0,1
6152,4.5506,0.4728,220,713,0,0,1
6153,3.8469,0.433,220,713,0,0,1
6154,4.3284,0.5003,220,713,0,0,1
6155,3.9709,0.5959,220,713,0,0,1
6156,4.2057,0.3639,220,713,0,0,1
6157,4.1511,0.4746,220,713,0,0,1
6158,4.2001,0.4783,220,713,0,0,1
6159,4.1219,0.5027,219,713,0,0,1
6160,4.3217,0.5701,219,713,0,0,1
6161,4.4713,0.5494,269,713,0,0,1
6162,3.6843,0.4779,269,713,0,0,1
6163,4.1507,0.4621,269,713,0,0,1
6164,4.2235,0.4494,268,713,0,0,1
6165,4.1144,0.3446,268,713,0,0,1
6166,4.1606,0.4264,268,713,0,0,1
6167,4.2149,0.6594,268,713,0,0,1
6168,4.1274,0.3648,268,713,0,0,1
6169,4.2307,0.5051,268,713,0,0,1
6170,4.1043,0.4352,268,713,0,0,1
6171,4.1481,0.3659,268,713,0,0,1
6172,4.2034,0.414,268,713,0,0,1
6173,4.164,0.4323,268,713,0,0,1
6174,4.1628,0.3978,268,713,0,0,1
6175,4.1485,0.347,267,713,0,0,1
6176,4.234,0.4977,267,713,0,0,1
6177,4.1535,0.6442,267,713,0,0,1
6178,4.1593,0.3949,267,713,0,0,1
6179,4.1773,0.3566,267,713,0,0,1
6180,4.1126,0.4589,267,713,0,0,1
6181,4.1852,0.4067,267,713,0,0,1
6182,4.1739,0.5282,266,713,0,0,1
6183,4.1985,0.4974,266,713,0,0,1
6184,4.1595,0.4762,266,713,0,0,1
6185,4.1081,0.3396,266,713,0,0,1
6186,4.2236,0.6858,266,713,0,0,1
6187,4.1261,0.4361,266,713,0,0,1
6188,4.2154,0.5983,266,713,0,0,1
6189,4.1654,0.5062,265,713,0,0,1
6190,4.0884,0.5851,265,713,0,0,1
6191,4.4496,0.6398,264,713,0,0,1
6192,3.9305,0.3822,264,713,0,0,1
6193,4.2318,0.765,263,713,0,0,1
6194,4.1095,0.5511,263,713,0,0,1
6195,4.1814,0.3808,263,713,0,0,1
6196,4.1818,0.4883,263,713,0,0,1
6197,4.4572,0.422,263,713,0,0,1
6198,3.8142,0.6352,263,713,0,0,1
6199,4.191,0.3687,263,713,0,0,1
6200,4.1092,0.4295,263,713,0,0,1
6201,4.2272,0.3898,263,713,0,0,1
6202,4.1069,0.3533,262,713,0,0,1
6203,4.2191,0.4487,262,713,0,0,1
6204,4.2005,0.6967,262,713,0,0,1
6205,4.128,0.5952,262,713,0,0,1
6206,4.1448,0.5475,262,713,0,0,1
6207,4.2468,0.6584,261,713,0,0,1
6208,4.1278,0.4725,261,713,0,0,1
6209,4.1349,0.3784,260,713,0,0,1
6210,4.2303,0.4422,259,713,0,0,1
6211,4.0892,0.3454,259,713,0,0,1
6212,4.1945,0.3545,257,713,0,0,1
6213,4.2163,0.5238,257,713,0,0,1
6214,4.1524,0.6019,256,713,0,0,1
6215,4.1807,0.3797,256,713,0,0,1
6216,4.1565,0.7008,255,713,0,0,1
6217,4.1479,0.658,253,713,0,0,1
6218,4.213,0.4456,253,713,0,0,1
6219,4.1435,0.494,253,713,0,0,1
6220,4.1452,0.4755,253,713,0,0,1
6221,4.217,0.4005,252,713,0,0,1
6222,4.1099,0.4281,252,713,0,0,1
6223,4.1631,0.4217,252,713,0,0,1
6224,4.239,0.5505,252,713,0,0,1
6225,4.1521,0.6497,252,713,0,0,1
6226,4.0848,0.3896,252,713,0,0,1
6227,4.2256,0.3807,251,713,0,0,1
6228,4.1258,0.426,251,713,0,0,1
6229,4.4143,0.7852,301,713,0,0,1
6230,3.9982,0.3975,300,713,0,0,1
6231,4.12,0.3819,300,713,0,0,1
6232,4.1985,0.5578,299,713,0,0,1
6233,4.1722,0.5886,298,713,0,0,1
6234,4.1761,0.4645,298,713,0,0,1
6235,4.0601,0.3528,298,713,0,0,1
6236,4.1741,0.5385,298,713,0,0,1
6237,4.2571,0.5343,298,713,0,0,1
6238,4.0995,0.6247,298,713,0,0,1
6239,4.177,0.4184,297,713,0,0,1
6240,4.1497,0.3719,297,713,0,0,1
6241,4.1442,0.6841,297,713,0,0,1
6242,4.1818,0.4495,297,713,0,0,1
6243,4.1817,0.6736,297,713,0,0,1
6244,4.1438,0.41,297,713,0,0,1
6245,4.5659,0.4329,297,713,0,0,1
6246,4.1146,0.4582,296,713,0,0,1
6247,3.8319,0.4218,295,713,0,0,1
6248,4.1593,0.3739,294,713,0,0,1
6249,4.2445,0.3651,294,713,0,0,1
6250,4.0897,0.5347,294,713,0,0,1
6251,4.2393,0.5182,294,713,0,0,1
6252,4.1233,0.4036,294,713,0,0,1
6253,4.1254,0.3849,293,713,0,0,1
6254,4.1549,0.3997,292,713,0,0,1
6255,4.3249,0.5763,291,713,0,0,1
6256,4.0835,0.57,291,713,0,0,1
6257,4.1194,0.3563,291,713,0,0,1
6258,4.2305,0.4395,291,713,0,0,1
6259,4.1166,0.4675,291,713,0,0,1
6260,4.4381,0.429,291,713,0,0,1
6261,3.9461,0.3712,290,713,0,0,1
6262,4.1082,0.3628,290,713,0,0,1
6263,4.3996,0.5475,290,713,0,0,1
6264,3.9576,0.4316,290,713,0,0,1
6265,4.1072,0.3549,290,713,0,0,1
6266,4.2227,0.3883,290,713,0,0,1
6267,4.2115,0.7574,290,713,0,0,1
6268,4.2212,0.597,290,713,0,0,1
6269,4.294,0.6143,290,713,0,0,1
6270,3.9854,0.5367,289,713,0,0,1
6271,4.0813,0.3675,288,713,0,0,1
6272,4.5279,0.6755,288,713,0,0,1
6273,3.8946,0.4581,288,713,0,0,1
6274,4.182,0.6427,288,713,0,0,1
6275,4.1797,0.6109,288,713,0,0,1
6276,4.3425,0.4394,288,713,0,0,1
6277,3.9153,0.4357,288,713,0,0,1
6278,4.1801,0.4975,288,713,0,0,1
6279,4.385,0.3976,288,713,0,0,1
6280,3.8751,0.447,288,713,0,0,1
6281,4.2019,0.4423,288,713,0,0,1
6282,4.5016,0.5752,288,713,0,0,1
6283,3.8546,0.3959,288,713,0,0,1
6284,4.479,0.6179,288,713,0,0,1
6285,3.8552,0.4287,288,713,0,0,1
6286,4.1563,0.3493,287,713,0,0,1
6287,4.1839,0.5398,287,713,0,0,1
6288,4.1662,0.4429,286,713,0,0,1
6289,4.1588,0.4378,286,713,0,0,1
6290,4.1868,0.4899,286,713,0,0,1
6291,4.1568,0.3921,285,713,0,0,1
6292,4.1627,0.4528,284,713,0,0,1
6293,4.1961,0.6409,284,713,0,0,1
6294,4.1349,0.3531,284,713,0,0,1
6295,4.4859,0.3608,284,713,0,0,1
6296,4.1867,0.6068,334,713,0,0,1
6297,3.8967,0.5199,333,713,0,0,1
6298,4.1171,0.7563,333,713,0,0,1
6299,4.1345,0.6194,333,713,0,0,1
6300,4.1807,0.4702,332,713,0,0,1
6301,4.4577,0.7307,332,713,0,0,1
6302,3.8734,0.3993,332,713,0,0,1
6303,4.1303,0.4293,332,713,0,0,1
6304,4.1708,0.4963,332,713,0,0,1
6305,4.1807,0.4528,332,713,0,0,1
6306,4.1897,0.7224,332,713,0,0,1
6307,4.1569,0.3901,332,713,0,0,1
6308,4.2208,0.4926,332,713,0,0,1
6309,4.1724,0.4278,331,713,0,0,1
6310,4.1068,0.5334,331,713,0,0,1
6311,4.1861,0.6865,330,713,0,0,1
6312,4.2054,0.8272,330,713,0,0,1
6313,4.1304,0.4216,329,713,0,0,1
6314,4.1556,0.3881,329,713,0,0,1
6315,4.1981,0.4264,329,713,0,0,1
6316,4.2062,0.4498,329,713,0,0,1
6317,4.3091,0.6461,328,713,0,0,1
6318,3.9571,0.6933,328,713,0,0,1
6319,4.1295,0.454,328,713,0,0,1
6320,4.2298,0.5207,327,713,0,0,1
6321,4.1911,0.4429,327,713,0,0,1
6322,4.1481,0.4114,326,713,0,0,1
6323,4.1277,0.3911,326,713,0,0,1
6324,4.1652,0.4821,326,713,0,0,1
6325,4.3032,0.8063,326,713,0,0,1
6326,4.0525,0.4585,326,713,0,0,1
6327,4.1654,0.397,325,713,0,0,1
6328,4.1865,0.4345,324,713,0,0,1
6329,4.1082,0.46,324,713,0,0,1
6330,4.2567,0.3804,324,713,0,0,1
6331,4.094,0.4737,324,713,0,0,1
6332,4.1327,0.4264,324,713,0,0,1
6333,4.2113,0.483,324,713,0,0,1
6334,4.1524,0.3685,324,713,0,0,1
6335,4.2274,0.43,324,713,0,0,1
6336,4.118,0.3909,322,713,0,0,1
6337,4.3117,0.4796,321,713,0,0,1
6338,4.0344,0.7244,320,713,0,0,1
6339,4.1986,0.4845,320,713,0,0,1
6340,4.1717,0.4436,319,713,0,0,1
6341,4.1854,0.42,318,713,0,0,1
6342,4.2018,0.4044,317,713,0,0,1
6343,4.3923,0.4872,317,713,0,0,1
6344,3.9619,0.5065,316,713,0,0,1
6345,4.1594,0.66,315,713,0,0,1
6346,4.0379,0.3742,314,713,0,0,1
6347,4.1525,0.4131,314,713,0,0,1
6348,4.1974,0.5016,313,713,0,0,1
6349,4.1764,0.698,313,713,0,0,1
6350,4.2445,0.5604,313,713,0,0,1
6351,4.18,0.4622,313,713,0,0,1
6352,4.1364,0.4273,313,713,0,0,1
6353,4.1657,0.5109,313,713,0,0,1
6354,4.0921,0.4826,313,713,0,0,1
6355,4.1865,0.4624,313,713,0,0,1
6356,4.1712,0.4207,313,713,0,0,1
6357,4.155,0.3685,313,713,0,0,1
6358,4.2043,0.4159,313,713,0,0,1
6359,4.1829,0.4619,313,713,0,0,1
6360,4.1298,0.5898,313,713,0,0,1
6361,4.1474,0.6641,312,713,0,0,1
6362,4.2415,0.4949,311,713,0,0,1
6363,4.1126,0.5574,361,713,0,0,1
6364,4.1488,0.4568,361,713,0,0,1
6365,4.2269,0.479,360,713,0,0,1
6366,4.085,0.4005,359,713,0,0,1
6367,4.1937,0.4274,359,713,0,0,1
6368,4.188,0.7808,358,713,0,0,1
6369,4.1451,0.508,357,713,0,0,1
6370,4.2156,0.7063,357,713,0,0,1
6371,4.1537,0.5327,357,713,0,0,1
6372,5.3956,0.4624,357,713,0,0,1
6373,2.8543,0.4017,357,713,0,0,1
6374,4.2404,0.4706,357,713,0,0,1
6375,4.1921,0.675,357,713,0,0,1
6376,4.1345,0.479,357,713,0,0,1
6377,4.1133,0.3894,357,713,0,0,1
6378,4.2471,0.449,356,713,0,0,1
6379,4.1435,0.4069,355,713,0,0,1
6380,4.1438,0.4178,355,713,0,0,1
6381,4.1585,0.5946,355,713,0,0,1
6382,4.4432,0.4861,355,713,0,0,1
6383,3.9834,0.5606,355,713,0,0,1
6384,4.0867,0.47,355,713,0,0,1
6385,4.1517,0.5314,354,713,0,0,1
6386,4.1954,0.4289,354,713,0,0,1
6387,4.1518,0.4075,353,713,0,0,1
6388,4.1573,0.4523,353,713,0,0,1
6389,4.4967,0.4565,352,713,0,0,1
6390,3.845,0.5456,352,713,0,0,1
6391,4.1885,0.4116,352,713,0,0,1
6392,4.1329,0.439,349,713,0,0,1
6393,4.1637,0.5106,349,713,0,0,1
6394,4.2168,0.7624,347,713,0,0,1
6395,4.1776,0.6138,347,713,0,0,1
6396,4.1152,0.4935,347,713,0,0,1
6397,4.234,0.4758,346,713,0,0,1
6398,4.1767,0.3904,346,713,0,0,1
6399,4.0966,0.6563,345,713,0,0,1
6400,4.2504,0.6803,344,713,0,0,1
6401,4.1258,0.457,344,713,0,0,1
6402,4.1052,0.445,344,713,0,0,1
6403,4.1725,0.5065,343,713,0,0,1
6404,4.1926,0.493,341,713,0,0,1
6405,4.2202,0.4535,340,713,0,0,1
6406,4.0782,0.4167,340,713,0,0,1
6407,4.2358,0.4456,340,713,0,0,1
6408,4.1581,0.6343,340,713,0,0,1
6409,4.1335,0.3959,337,713,0,0,1
6410,4.169,0.4177,337,713,0,0,1
6411,4.2101,0.5131,337,713,0,0,1
6412,4.3672,0.7414,337,713,0,0,1
6413,3.982,0.7851,337,713,0,0,1
6414,4.1505,0.4684,336,713,0,0,1
6415,4.3135,0.3759,336,713,0,0,1
6416,4.0098,0.4265,334,713,0,0,1
6417,4.1325,0.3928,333,713,0,0,1
6418,4.3772,0.5945,333,713,0,0,1
6419,3.9773,0.7032,333,713,0,0,1
6420,4.1881,0.4708,333,713,0,0,1
6421,4.1848,0.4981,333,713,0,0,1
6422,4.1722,0.5606,333,713,0,0,1
6423,4.4131,0.6539,333,713,0,0,1
6424,3.8521,0.5098,333,713,0,0,1
6425,4.1837,0.5742,326,713,0,0,1
6426,4.1845,0.5281,324,713,0,0,1
6427,4.1003,0.478,324,713,0,0,1
6428,4.1619,0.5943,324,713,0,0,1
6429,4.2426,0.4713,324,713,0,0,1
6430,4.1236,0.5959,374,713,0,0,1
6431,4.1849,0.6774,374,713,0,0,1
6432,4.1613,0.4363,374,713,0,0,1
6433,4.1838,0.4514,374,713,0,0,1
6434,4.1538,0.4565,372,713,0,0,1
6435,4.1855,0.447,370,713,0,0,1
6436,4.1754,0.4706,370,713,0,0,1
6437,4.2094,0.6388,368,713,0,0,1
6438,4.1682,0.7262,368,713,0,0,1
6439,4.4408,0.4345,368,713,0,0,1
6440,3.7827,0.4305,368,713,0,0,1
6441,4.2689,0.5619,368,713,0,0,1
6442,4.1407,0.6121,368,713,0,0,1
6443,4.3376,0.5004,368,713,0,0,1
6444,4.2695,0.5313,368,713,0,0,1
6445,3.8857,0.5424,368,713,0,0,1
6446,4.1805,0.6356,366,713,0,0,1
6447,4.1796,0.5793,365,713,0,0,1
6448,4.1166,0.4775,364,713,0,0,1
6449,4.1321,0.5822,364,713,0,0,1
6450,4.2277,0.6931,362,713,0,0,1
6451,4.1223,0.3985,362,713,0,0,1
6452,4.1538,0.4133,362,713,0,0,1
6453,4.2371,0.4515,361,713,0,0,1
6454,4.0984,0.4055,360,713,0,0,1
6455,4.2369,0.4527,360,713,0,0,1
6456,4.1079,0.6221,360,713,0,0,1
6457,4.1925,0.5874,360,713,0,0,1
6458,4.1295,0.4027,360,713,0,0,1
6459,4.2368,0.4936,360,713,0,0,1
6460,4.1357,0.5405,360,713,0,0,1
6461,4.4608,0.9068,359,713,0,0,1
6462,3.9477,0.5116,357,713,0,0,1
6463,4.2826,0.49,357,713,0,0,1
6464,4.0747,0.569,355,713,0,0,1
6465,4.1571,0.5342,354,713,0,0,1
6466,4.0349,0.4362,354,713,0,0,1
6467,4.2365,0.514,354,713,0,0,1
6468,4.1129,0.3879,352,713,0,0,1
6469,4.3677,0.4043,352,713,0,0,1
6470,3.9452,0.4296,352,713,0,0,1
6471,4.1928,0.439,352,713,0,0,1
6472,4.1835,0.479,351,713,0,0,1
6473,4.1459,0.4167,350,713,0,0,1
6474,4.1904,0.5962,350,713,0,0,1
6475,4.1176,0.4972,349,713,0,0,1
6476,4.2041,0.6723,348,713,0,0,1
6477,4.2285,0.5486,348,713,0,0,1
6478,4.1316,0.4931,348,713,0,0,1
6479,4.1149,0.4396,348,713,0,0,1
6480,4.1859,0.7335,348,713,0,0,1
6481,4.2093,0.6284,347,713,0,0,1
6482,4.1811,0.5137,345,713,0,0,1
6483,4.3172,0.6467,345,713,0,0,1
6484,3.9852,0.4431,344,713,0,0,1
6485,4.5116,0.5396,344,713,0,0,1
6486,3.8615,0.6099,344,713,0,0,1
6487,4.333,0.4711,344,713,0,0,1
6488,3.9339,0.4515,344,713,0,0,1
6489,4.2477,0.5324,343,713,0,0,1
6490,4.1352,0.4639,342,713,0,0,1
6491,4.168,0.4449,341,713,0,0,1
6492,4.467,0.3933,334,713,0,0,1
6493,3.8377,0.4752,332,713,0,0,1
6494,4.3966,0.5724,332,713,0,0,1
6495,3.9491,0.5026,332,713,0,0,1
6496,4.6008,0.582,332,713,0,0,1
6497,3.696,0.5593,382,713,0,0,1
6498,4.2175,0.5502,382,713,0,0,1
6499,4.118,0.7641,381,713,0,0,1
6500,4.2201,0.5018,379,713,0,0,1
6501,4.1788,0.6931,379,713,0,0,1
6502,4.1114,0.4907,379,713,0,0,1
6503,4.2107,0.5413,379,713,0,0,1
6504,4.1277,0.4606,379,713,0,0,1
6505,4.1467,0.5189,378,713,0,0,1
6506,4.2017,0.634,378,713,0,0,1
6507,4.2434,0.7443,378,713,0,0,1
6508,4.0825,0.4693,378,713,0,0,1
6509,4.2246,0.5162,378,713,0,0,1
6510,4.0819,0.4748,378,713,0,0,1
6511,4.4691,0.4048,377,713,0,0,1
6512,3.8586,0.5599,377,713,0,0,1
6513,4.2847,0.6829,376,713,0,0,1
6514,4.2999,0.606,374,713,0,0,1
6515,3.9693,0.4582,374,713,0,0,1
6516,4.1078,0.4042,374,713,0,0,1
6517,4.2329,0.7112,374,713,0,0,1
6518,4.1921,0.5686,374,713,0,0,1
6519,4.1742,0.6777,374,713,0,0,1
6520,4.1026,0.4825,374,713,0,0,1
6521,4.4731,0.4816,373,713,0,0,1
6522,4.171,0.4359,373,713,0,0,1
6523,3.8517,0.4429,373,713,0,0,1
6524,4.4068,0.6042,373,713,0,0,1
6525,3.9284,0.4386,373,713,0,0,1
6526,4.2923,0.646,372,713,0,0,1
6527,4.0726,0.4805,371,713,0,0,1
6528,4.1309,0.4275,371,713,0,0,1
6529,4.1322,0.4937,371,713,0,0,1
6530,4.2031,0.4265,371,713,0,0,1
6531,4.4155,0.6655,371,713,0,0,1
6532,3.9398,0.5185,371,713,0,0,1
6533,4.1524,0.51,371,713,0,0,1
6534,4.5186,0.498,369,713,0,0,1
6535,3.7965,0.5219,369,713,0,0,1
6536,4.5078,0.7813,368,713,0,0,1
6537,3.8459,0.4721,367,713,0,0,1
6538,4.1997,0.7163,366,713,0,0,1
6539,4.2317,0.6291,366,713,0,0,1
6540,4.2787,0.4522,365,713,0,0,1
6541,4.0129,0.4942,364,713,0,0,1
6542,4.1145,0.4555,362,713,0,0,1
6543,4.2144,0.5709,362,713,0,0,1
6544,4.1158,0.5658,361,713,0,0,1
6545,4.1895,0.6673,360,713,0,0,1
6546,4.243,0.4423,358,713,0,0,1
6547,4.056,0.4049,357,713,0,0,1
6548,4.1522,0.4152,353,713,0,0,1
6549,4.2247,0.4439,353,713,0,0,1
6550,4.1121,0.6266,353,713,0,0,1
6551,4.2233,0.7832,353,713,0,0,1
6552,4.3721,0.7127,352,713,0,0,1
6553,3.9797,0.5533,351,713,0,0,1
6554,4.1144,0.4829,351,713,0,0,1
6555,4.2002,0.479,350,713,0,0,1
6556,4.1765,0.4372,349,713,0,0,1
6557,4.133,0.3814,348,713,0,0,1
6558,4.3036,0.4705,348,713,0,0,1
6559,4.0069,0.672,341,713,0,0,1
6560,4.2313,0.4862,340,713,0,0,1
6561,4.1683,0.6535,340,713,0,0,1
6562,4.0851,0.5699,339,713,0,0,1
6563,4.3148,0.7155,339,713,0,0,1
6564,4.0302,0.4432,339,713,0,0,1
6565,4.1882,0.5514,389,713,0,0,1
6566,4.2219,0.5022,389,713,0,0,1
6567,4.1619,0.4746,389,713,0,0,1
6568,4.1211,0.4891,387,713,0,0,1
6569,4.145,0.4806,387,713,0,0,1
6570,4.2483,0.7348,386,713,0,0,1
6571,4.0834,0.4314,386,713,0,0,1
6572,4.1755,0.4363,385,713,0,0,1
6573,4.2517,0.4754,385,713,0,0,1
6574,4.0975,0.4479,384,713,0,0,1
6575,4.2091,0.4294,384,713,0,0,1
6576,4.1586,0.748,384,713,0,0,1
6577,4.1812,0.7186,384,713,0,0,1
6578,4.1359,0.4418,384,713,0,0,1
6579,4.1349,0.4052,384,713,0,0,1
6580,4.2249,0.6214,384,713,0,0,1
6581,4.1787,0.6278,384,713,0,0,1
6582,4.1787,0.404,384,713,0,0,1
6583,4.2137,0.4094,384,713,0,0,1
6584,4.0264,0.4132,383,713,0,0,1
6585,4.2416,0.5059,382,713,0,0,1
6586,4.1191,0.4616,382,713,0,0,1
6587,4.2135,0.4319,382,713,0,0,1
6588,4.2888,0.4176,382,713,0,0,1
6589,4.0048,0.7022,382,713,0,0,1
6590,4.1888,0.4491,381,713,0,0,1
6591,4.1607,0.4599,381,713,0,0,1
6592,4.1749,0.4861,381,713,0,0,1
6593,4.1114,0.4713,381,713,0,0,1
6594,4.262,0.4335,381,713,0,0,1
6595,4.0688,0.5414,381,713,0,0,1
6596,4.231,0.4342,381,713,0,0,1
6597,4.2102,0.5026,381,713,0,0,1
6598,4.139,0.4972,381,713,0,0,1
6599,4.1804,0.4522,381,713,0,0,1
6600,4.0959,0.4317,381,713,0,0,1
6601,4.2009,0.6246,380,713,0,0,1
6602,4.1737,0.4146,379,713,0,0,1
6603,4.1672,0.483,377,713,0,0,1
6604,4.1682,0.5203,377,713,0,0,1
6605,4.4564,0.4357,376,713,0,0,1
6606,3.9052,0.5187,376,713,0,0,1
6607,4.0892,0.527,375,713,0,0,1
6608,4.3047,0.792,374,713,0,0,1
6609,4.1182,0.5905,372,713,0,0,1
6610,4.1461,0.5561,372,713,0,0,1
6611,4.4299,0.7119,370,713,0,0,1
6612,3.8093,0.4638,369,713,0,0,1
6613,4.182,0.4662,368,713,0,0,1
6614,4.2529,0.5931,367,713,0,0,1
6615,4.1502,0.5244,367,713,0,0,1
6616,4.1174,0.5277,366,713,0,0,1
6617,4.2158,0.4843,365,713,0,0,1
6618,4.1636,0.6901,363,713,0,0,1
6619,4.0936,0.3949,362,713,0,0,1
6620,4.2087,0.5847,362,713,0,0,1
6621,4.2518,0.7432,361,713,0,0,1
6622,4.1283,0.4821,361,713,0,0,1
6623,4.0916,0.4606,361,713,0,0,1
6624,4.1452,0.4362,360,713,0,0,1
6625,4.2006,0.4244,360,713,0,0,1
6626,4.1386,0.4868,352,713,0,0,1
6627,4.5818,0.5647,352,713,0,0,1
6628,3.7863,0.5421,352,713,0,0,1
6629,4.1408,0.4583,351,713,0,0,1
6630,4.2285,0.4869,350,713,0,0,1
6631,4.1369,0.3878,350,713,0,0,1
6632,4.161,0.7578,400,713,0,0,1
6633,4.1723,0.4498,400,713,0,0,1
6634,4.2558,0.7642,399,713,0,0,1
6635,4.1005,0.4803,398,713,0,0,1
6636,4.4045,0.5042,397,713,0,0,1
6637,3.9321,0.6339,396,713,0,0,1
6638,4.166,0.5648,396,713,0,0,1
6639,4.1803,0.7675,395,713,0,0,1
6640,4.1453,0.5095,395,713,0,0,1
6641,4.2119,0.569,395,713,0,0,1
6642,4.1049,0.5005,394,713,0,0,1
6643,4.1605,0.4774,394,713,0,0,1
6644,4.3425,0.4849,394,713,0,0,1
6645,4.1158,0.4902,393,713,0,0,1
6646,4.0243,0.4872,393,713,0,0,1
6647,4.1773,0.5581,392,713,0,0,1
6648,4.1724,0.5178,392,713,0,0,1
6649,4.1968,0.6142,391,713,0,0,1
6650,4.1538,0.4942,390,713,0,0,1
6651,4.1715,0.5114,390,713,0,0,1
6652,4.2778,0.7485,390,713,0,0,1
6653,4.0952,0.6408,389,713,0,0,1
6654,4.1677,0.5901,389,713,0,0,1
6655,4.205,0.5359,388,713,0,0,1
6656,4.0789,0.6014,388,713,0,0,1
6657,4.2051,0.5054,388,713,0,0,1
6658,4.1491,0.8531,388,713,0,0,1
6659,4.4157,0.5389,388,713,0,0,1
6660,3.8725,0.524,388,713,0,0,1
6661,4.2298,0.5648,387,713,0,0,1
6662,4.1406,0.5966,386,713,0,0,1
6663,4.1954,0.5375,386,713,0,0,1
6664,4.1956,0.8312,384,713,0,0,1
6665,4.3075,0.6209,383,713,0,0,1
6666,3.9496,0.5146,382,713,0,0,1
6667,4.1359,0.4948,381,713,0,0,1
6668,4.4951,0.529,381,713,0,0,1
6669,3.9017,0.5153,381,713,0,0,1
6670,4.14,0.5226,381,713,0,0,1
6671,4.1957,0.652,379,713,0,0,1
6672,4.1498,0.5289,379,713,0,0,1
6673,4.2012,0.5994,378,713,0,0,1
6674,4.1281,0.5294,378,713,0,0,1
6675,4.3914,0.7401,376,713,0,0,1
6676,3.9294,0.4958,375,713,0,0,1
6677,4.1744,0.5067,375,713,0,0,1
6678,4.2173,0.587,375,713,0,0,1
6679,4.176,0.4894,375,713,0,0,1
6680,4.0764,0.6611,375,713,0,0,1
6681,4.1942,0.5243,374,713,0,0,1
6682,4.3856,0.7823,373,713,0,0,1
6683,4.0189,0.7748,373,713,0,0,1
6684,4.1946,0.5435,373,713,0,0,1
6685,4.1112,0.6203,373,713,0,0,1
6686,4.138,0.5618,373,713,0,0,1
6687,4.2226,0.5514,373,713,0,0,1
6688,4.0983,0.7683,373,713,0,0,1
6689,4.2061,0.7705,371,713,0,0,1
6690,4.1232,0.4653,371,713,0,0,1
6691,4.1734,0.4229,371,713,0,0,1
6692,4.1789,0.415,370,713,0,0,1
6693,4.1876,0.4298,360,713,0,0,1
6694,4.1234,0.567,359,713,0,0,1
6695,4.1723,0.5639,358,713,0,0,1
6696,4.2083,0.6456,358,713,0,0,1
6697,4.1705,0.4889,356,713,0,0,1
6698,4.1248,0.413,356,713,0,0,1
6699,4.2221,0.5267,406,713,0,0,1
6700,4.1497,0.4777,405,713,0,0,1
6701,4.3277,0.7822,404,713,0,0,1
6702,4.0937,0.6273,404,713,0,0,1
6703,4.3239,0.5288,404,713,0,0,1
6704,3.95,0.5427,404,713,0,0,1
6705,4.1689,0.5061,404,713,0,0,1
6706,4.4205,0.6174,403,713,0,0,1
6707,3.8876,0.4343,403,713,0,0,1
6708,4.1108,0.4221,403,713,0,0,1
6709,4.2177,0.4778,403,713,0,0,1
6710,4.1951,0.6823,401,713,0,0,1
6711,4.1458,0.4739,400,713,0,0,1
6712,4.1343,0.4749,399,713,0,0,1
6713,4.2019,0.7275,399,713,0,0,1
6714,4.1429,0.7393,399,713,0,0,1
6715,4.1318,0.4166,399,713,0,0,1
6716,4.2039,0.5281,399,713,0,0,1
6717,4.207,0.4922,399,713,0,0,1
6718,4.4824,0.511,399,713,0,0,1
6719,3.8131,0.5367,399,713,0,0,1
6720,4.1428,0.4636,399,713,0,0,1
6721,4.3336,0.7147,399,713,0,0,1
6722,4.0433,0.7672,399,713,0,0,1
6723,4.4465,0.4874,399,713,0,0,1
6724,3.9182,0.527,399,713,0,0,1
6725,4.4741,0.7939,399,713,0,0,1
6726,3.8275,0.73,399,713,0,0,1
6727,4.1106,0.4693,399,713,0,0,1
6728,4.1136,0.7366,399,713,0,0,1
6729,4.2932,0.6721,398,713,0,0,1
6730,4.1169,0.7081,398,713,0,0,1
6731,4.0973,0.6284,398,713,0,0,1
6732,4.183,0.4421,398,713,0,0,1
6733,4.2097,0.4395,398,713,0,0,1
6734,4.148,0.6132,397,713,0,0,1
6735,4.1971,0.6375,396,713,0,0,1
6736,4.0792,0.7206,395,713,0,0,1
6737,4.2773,0.5301,394,713,0,0,1
6738,4.157,0.6296,393,713,0,0,1
6739,4.0887,0.4202,392,713,0,0,1
6740,4.1713,0.6361,392,713,0,0,1
6741,4.4992,0.565,391,713,0,0,1
6742,3.9135,0.5973,391,713,0,0,1
6743,4.0718,0.4819,391,713,0,0,1
6744,4.199,0.5331,391,713,0,0,1
6745,4.2249,0.597,390,713,0,0,1
6746,4.2204,0.4319,390,713,0,0,1
6747,4.0476,0.6255,390,713,0,0,1
6748,4.1937,0.4709,389,713,0,0,1
6749,4.1887,0.637,386,713,0,0,1
6750,4.1787,0.5954,384,713,0,0,1
6751,4.2215,0.4341,383,713,0,0,1
6752,4.1452,0.6438,382,713,0,0,1
6753,4.2423,0.6086,381,713,0,0,1
6754,4.3699,0.6343,381,713,0,0,1
6755,4.1799,0.4873,380,713,0,0,1
6756,3.8014,0.5143,379,713,0,0,1
6757,4.4395,0.8,378,713,0,0,1
6758,3.9108,0.5518,378,713,0,0,1
6759,4.5386,0.6238,378,713,0,0,1
6760,4.1134,0.6865,371,713,0,0,1
6761,3.8209,0.7145,368,713,0,0,1
6762,4.1504,0.6435,368,713,0,0,1
6763,4.2206,0.5012,368,713,0,0,1
6764,4.4045,0.4626,368,713,0,0,1
6765,4.1167,0.4737,368,713,0,0,1
6766,4.2954,0.7385,417,714,1,0,1
6767,3.8366,0.4946,417,714,0,0,1
6768,4.1555,0.5532,416,714,0,0,1
6769,4.5464,0.6319,414,714,0,0,1
6770,3.8136,0.463,413,714,0,0,1
6771,4.1873,0.651,413,714,0,0,1
6772,4.1035,0.8745,413,714,0,0,1
6773,4.2043,0.7303,412,714,0,0,1
6774,4.2455,0.4967,411,714,0,0,1
6775,4.1173,0.4635,410,714,0,0,1
6776,4.1614,0.5181,410,714,0,0,1
6777,4.3956,0.4221,410,714,0,0,1
6778,3.9256,0.4395,410,714,0,0,1
6779,4.4093,0.4899,410,714,0,0,1
6780,3.9523,0.4199,409,714,0,0,1
6781,4.1888,0.4607,406,714,0,0,1
6782,4.1276,0.4191,406,714,0,0,1
6783,4.2205,0.7114,405,714,0,0,1
6784,4.2432,0.7016,405,714,0,0,1
6785,4.0685,0.5497,405,714,0,0,1
6786,4.1627,0.5575,405,714,0,0,1
6787,4.0977,0.4824,405,714,0,0,1
6788,4.5047,0.5375,404,714,0,0,1
6789,3.9027,0.5393,404,714,0,0,1
6790,4.1742,0.7632,403,714,0,0,1
6791,4.1007,0.5698,403,714,0,0,1
6792,4.1931,0.5484,403,714,0,0,1
6793,4.1566,0.4524,403,714,0,0,1
6794,4.2064,0.6176,403,714,0,0,1
6795,4.156,0.5581,403,714,0,0,1
6796,4.4844,0.6311,403,714,0,0,1
6797,3.8504,0.4978,401,714,0,0,1
6798,4.0967,0.4345,401,714,0,0,1
6799,4.2329,0.431,401,714,0,0,1
6800,4.2089,0.5115,400,714,0,0,1
6801,4.1754,0.4704,399,714,0,0,1
6802,4.1348,0.4271,398,714,0,0,1
6803,4.2579,0.6688,398,714,0,0,1
6804,3.9973,0.4311,398,714,0,0,1
6805,4.1958,0.4757,396,714,0,0,1
6806,4.189,0.6612,396,714,0,0,1
6807,4.2179,0.5034,396,714,0,0,1
6808,4.1305,0.5371,394,714,0,0,1
6809,4.1813,0.7012,394,714,0,0,1
6810,4.219,0.4782,393,714,0,0,1
6811,4.3868,0.4262,392,714,0,0,1
6812,3.8973,0.549,390,714,0,0,1
6813,4.1986,0.4534,389,714,0,0,1
6814,4.0872,0.6761,389,714,0,0,1
6815,4.1867,0.6906,389,714,0,0,1
6816,4.1638,0.4668,389,714,0,0,1
6817,4.1931,0.455,388,714,0,0,1
6818,4.1278,0.4149,386,714,0,0,1
6819,4.1893,0.6855,386,714,0,0,1
6820,4.1865,0.4095,386,714,0,0,1
6821,4.1306,0.4109,386,714,0,0,1
6822,4.2287,0.4847,386,714,0,0,1
6823,4.125,0.4202,384,714,0,0,1
6824,4.1527,0.4635,383,714,0,0,1
6825,4.1345,0.5447,382,714,0,0,1
6826,4.2574,0.4317,382,714,0,0,1
6827,4.131,0.6522,382,714,0,0,1
6828,4.2085,0.7653,375,714,0,0,1
6829,4.1507,0.4936,375,714,0,0,1
6830,4.1443,0.5159,374,714,0,0,1
6831,4.1862,0.4933,374,714,0,0,1
6832,4.1287,0.4569,374,714,0,0,1
6833,4.1023,0.6869,422,719,5,0,1
6834,4.2106,0.4485,422,719,0,0,1
6835,4.1664,0.4377,422,719,0,0,1
6836,4.4552,0.6744,422,719,0,0,1
6837,3.969,0.5705,422,719,0,0,1
6838,4.1429,0.6155,421,719,0,0,1
6839,4.1082,0.7761,420,719,0,0,1
6840,4.1935,0.7706,420,719,0,0,1
6841,4.1484,0.5055,419,719,0,0,1
6842,4.1527,0.488,419,719,0,0,1
6843,4.2091,0.5279,418,719,0,0,1
6844,4.1607,0.4847,417,719,0,0,1
6845,4.112,0.4419,417,719,0,0,1
6846,4.2446,0.6601,415,719,0,0,1
6847,4.1289,0.4295,415,719,0,0,1
6848,4.5486,0.9005,415,719,0,0,1
6849,3.7719,0.446,414,719,0,0,1
6850,4.4954,0.6308,412,719,0,0,1
6851,3.894,0.4722,412,719,0,0,1
6852,4.1466,0.4506,412,719,0,0,1
6853,4.1408,0.7472,410,719,0,0,1
6854,4.1689,0.5533,410,719,0,0,1
6855,4.1667,0.585,408,719,0,0,1
6856,4.5107,0.5354,406,719,0,0,1
6857,3.8755,0.6817,406,719,0,0,1
6858,4.3509,0.503,406,719,0,0,1
6859,3.8922,0.4787,406,719,0,0,1
6860,4.2308,0.5131,406,719,0,0,1
6861,4.1979,0.5394,406,719,0,0,1
6862,4.1564,0.4986,405,719,0,0,1
6863,4.0641,0.4944,404,719,0,0,1
6864,4.2049,0.5732,403,719,0,0,1
6865,4.2186,0.4327,403,719,0,0,1
6866,4.1132,0.4401,403,719,0,0,1
6867,4.5636,0.57,403,719,0,0,1
6868,4.1555,0.6468,403,719,0,0,1
6869,4.1262,0.6802,400,719,0,0,1
6870,3.8962,0.6125,398,719,0,0,1
6871,4.1511,0.4202,397,719,0,0,1
6872,4.1297,0.7321,396,719,0,0,1
6873,4.1586,0.6059,396,719,0,0,1
6874,4.1819,0.4624,395,719,0,0,1
6875,4.1977,0.4589,394,719,0,0,1
6876,4.1091,0.4441,393,719,0,0,1
6877,4.2005,0.5925,393,719,0,0,1
6878,4.1487,0.6891,392,719,0,0,1
6879,4.2081,0.4816,391,719,0,0,1
6880,4.132,0.4858,390,719,0,0,1
6881,4.5038,0.6659,389,719,0,0,1
6882,3.8991,0.5209,387,719,0,0,1
6883,4.0808,0.4334,387,719,0,0,1
6884,4.2322,0.7412,386,719,0,0,1
6885,4.1448,0.4196,386,719,0,0,1
6886,4.2577,0.4753,385,719,0,0,1
6887,4.074,0.6348,385,719,0,0,1
6888,4.1257,0.6129,385,719,0,0,1
6889,4.2136,0.5658,383,719,0,0,1
6890,4.1166,0.4073,382,719,0,0,1
6891,4.1857,0.7228,381,719,0,0,1
6892,4.1706,0.4776,381,719,0,0,1
6893,4.2145,0.4826,380,719,0,0,1
6894,4.4865,0.6577,380,719,0,0,1
6895,3.8114,0.4332,380,719,0,0,1
6896,4.1924,0.6709,373,719,0,0,1
6897,4.147,0.4419,372,719,0,0,1
6898,4.1504,0.4715,372,719,0,0,1
6899,4.2136,0.4698,372,719,0,0,1
6900,4.0932,0.419,372,719,0,0,1
6901,4.4945,0.4507,421,719,0,0,1
6902,3.8659,0.6457,421,719,0,0,1
6903,4.1761,0.6724,418,719,0,0,1
6904,4.1915,0.4862,417,719,0,0,1
6905,4.1159,0.4474,417,719,0,0,1
6906,4.1794,0.4791,416,719,0,0,1
6907,4.1548,0.4599,413,719,0,0,1
6908,4.3987,0.4828,413,719,0,0,1
6909,3.9343,0.5741,412,719,0,0,1
6910,4.5164,0.545,411,719,0,0,1
6911,3.8222,0.5269,411,719,0,0,1
6912,4.1799,0.5098,411,719,0,0,1
6913,4.1991,0.5141,410,719,0,0,1
6914,4.0987,0.4635,410,719,0,0,1
6915,4.1918,0.6269,409,719,0,0,1
6916,4.2596,0.4374,408,719,0,0,1
6917,4.1021,0.488,407,719,0,0,1
6918,4.1281,0.6156,407,719,0,0,1
6919,4.1583,0.4268,407,719,0,0,1
6920,4.1567,0.5248,407,719,0,0,1
6921,4.2216,0.4239,407,719,0,0,1
6922,4.1034,0.6922,406,719,0,0,1
6923,4.2539,0.542,405,719,0,0,1
6924,4.1074,0.4692,405,719,0,0,1
6925,4.5282,0.5249,404,719,0,0,1
6926,3.8246,0.5108,404,719,0,0,1
6927,4.189,1.0896,404,719,0,0,1
6928,4.1989,0.7375,404,719,0,0,1
6929,4.1558,0.8005,403,719,0,0,1
6930,4.1707,0.8904,402,719,0,0,1
6931,4.1126,0.4603,402,719,0,0,1
6932,4.2142,0.4874,401,719,0,0,1
6933,4.1633,0.4813,400,719,0,0,1
6934,4.11,0.6736,399,719,0,0,1
6935,4.209,0.6519,398,719,0,0,1
6936,4.1358,0.4313,398,719,0,0,1
6937,4.1987,0.5181,397,719,0,0,1
6938,4.151,0.655,396,719,0,0,1
6939,4.1905,0.8116,396,719,0,0,1
6940,4.1811,0.4468,396,719,0,0,1
6941,4.1644,0.6647,395,719,0,0,1
6942,4.1725,0.4152,395,719,0,0,1
6943,4.1057,0.4192,395,719,0,0,1
6944,4.2109,0.454,394,719,0,0,1
6945,4.2006,0.4578,393,719,0,0,1
6946,4.0949,0.7339,392,719,0,0,1
6947,4.1964,0.6823,391,719,0,0,1
6948,4.0909,0.4323,388,719,0,0,1
6949,4.2689,0.6083,388,719,0,0,1
6950,4.1175,0.4646,388,719,0,0,1
6951,4.2092,0.5552,387,719,0,0,1
6952,4.1341,0.6987,387,719,0,0,1
6953,4.3624,0.5053,387,719,0,0,1
6954,4.0147,0.5393,387,719,0,0,1
6955,4.1067,0.4757,387,719,0,0,1
6956,4.2222,0.5393,387,719,0,0,1
6957,4.1223,0.4812,386,719,0,0,1
6958,4.46,0.806,386,719,0,0,1
6959,3.888,0.7341,385,719,0,0,1
6960,4.1854,0.7691,384,719,0,0,1
6961,4.4187,0.5665,384,719,0,0,1
6962,3.8697,0.4874,377,719,0,0,1
6963,4.2218,0.5212,375,719,0,0,1
6964,4.1403,0.5953,375,719,0,0,1
6965,4.4465,0.7172,374,719,0,0,1
6966,3.8187,0.6984,374,719,0,0,1
6967,4.1937,0.4668,374,719,0,0,1
6968,4.2735,0.5688,424,719,0,0,1
6969,4.1067,0.612,423,719,0,0,1
6970,4.4171,0.6998,422,719,0,0,1
6971,3.8926,0.5377,421,719,0,0,1
6972,4.2422,0.8998,421,719,0,0,1
6973,4.44,0.5505,420,719,0,0,1
6974,3.8461,0.548,420,719,0,0,1
6975,4.4183,0.4865,420,719,0,0,1
6976,3.9685,0.4798,418,719,0,0,1
6977,4.0801,0.4569,417,719,0,0,1
6978,4.1687,0.4702,416,719,0,0,1
6979,4.1766,0.5298,416,719,0,0,1
6980,4.1929,0.5699,415,719,0,0,1
6981,4.1956,0.5751,415,719,0,0,1
6982,4.1791,0.4888,415,719,0,0,1
6983,4.0886,0.49,415,719,0,0,1
6984,4.1905,0.4813,415,719,0,0,1
6985,4.1311,0.62,414,719,0,0,1
6986,4.1908,0.4558,413,719,0,0,1
6987,4.6189,0.6675,413,719,0,0,1
6988,3.6746,0.4354,413,719,0,0,1
6989,4.2678,0.474,410,719,0,0,1
6990,4.1288,0.6814,409,719,0,0,1
6991,4.4239,0.4366,409,719,0,0,1
6992,3.9263,0.5213,409,719,0,0,1
6993,4.2033,0.5743,409,719,0,0,1
6994,4.4419,0.6732,408,719,0,0,1
6995,3.8097,0.5665,408,719,0,0,1
6996,4.1398,0.6651,408,719,0,0,1
6997,4.1741,0.6926,407,719,0,0,1
6998,4.2062,0.4718,406,719,0,0,1
6999,4.1764,0.5118,406,719,0,0,1
7000,4.1714,0.4948,406,719,0,0,1
7001,4.2016,0.5087,405,719,0,0,1
7002,4.1248,0.7049,404,719,0,0,1
7003,4.1511,0.4348,402,719,0,0,1
7004,4.1989,0.6165,400,719,0,0,1
7005,4.1433,0.461,399,719,0,0,1
7006,4.2209,0.4899,399,719,0,0,1
7007,4.4347,0.4259,399,719,0,0,1
7008,3.8255,0.4952,399,719,0,0,1
7009,4.1902,0.6499,398,719,0,0,1
7010,4.1706,0.4414,396,719,0,0,1
7011,4.1761,0.4872,393,719,0,0,1
7012,4.1571,0.4675,391,719,0,0,1
7013,4.5131,0.4336,391,719,0,0,1
7014,3.7808,0.408,390,719,0,0,1
7015,4.5629,0.4339,389,719,0,0,1
7016,3.7695,0.5916,389,719,0,0,1
7017,4.2207,0.4242,389,719,0,0,1
7018,4.4578,0.4068,388,719,0,0,1
7019,3.9014,0.578,387,719,0,0,1
7020,4.1079,0.4305,386,719,0,0,1
7021,4.185,0.6157,386,719,0,0,1
7022,4.1445,0.4036,386,719,0,0,1
7023,4.1521,0.412,385,719,0,0,1
7024,4.1548,0.6436,385,719,0,0,1
7025,4.2185,0.4103,384,719,0,0,1
7026,4.1859,0.4586,383,719,0,0,1
7027,4.0967,0.4507,382,719,0,0,1
7028,4.3903,0.4328,381,719,0,0,1
7029,3.9857,0.43,373,719,0,0,1
7030,4.2883,0.469,371,719,0,0,1
7031,4.0826,0.4727,371,719,0,0,1
7032,4.1371,0.5112,370,719,0,0,1
7033,4.1911,0.4553,369,719,0,0,1
7034,4.0869,0.4079,368,719,0,0,1
7035,4.2181,0.7017,417,719,0,0,1
7036,4.1628,0.4633,417,719,0,0,1
7037,4.1652,0.45,417,719,0,0,1
7038,4.2203,0.4769,416,719,0,0,1
7039,4.094,0.4352,416,719,0,0,1
7040,4.2206,0.5406,416,719,0,0,1
7041,4.1479,0.4186,414,719,0,0,1
7042,4.1488,0.725,414,719,0,0,1
7043,4.2421,0.6631,414,719,0,0,1
7044,4.0796,0.5177,414,719,0,0,1
7045,4.4843,0.7689,414,719,0,0,1
7046,3.8682,0.5206,414,719,0,0,1
7047,4.399,0.4474,413,719,0,0,1
7048,4.081,0.6957,413,719,0,0,1
7049,4.1331,0.5169,413,719,0,0,1
7050,4.0435,0.5104,412,719,0,0,1
7051,4.1833,0.4371,411,719,0,0,1
7052,4.1365,0.4436,410,719,0,0,1
7053,4.2103,0.4529,409,719,0,0,1
7054,4.3316,0.692,408,719,0,0,1
7055,4.0191,0.482,408,719,0,0,1
7056,4.1805,0.476,407,719,0,0,1
7057,4.1652,0.4796,407,719,0,0,1
7058,4.1339,0.4221,407,719,0,0,1
7059,4.1945,0.4528,406,719,0,0,1
7060,4.1645,0.4766,406,719,0,0,1
7061,4.3008,0.6896,406,719,0,0,1
7062,4.0715,0.5286,406,719,0,0,1
7063,4.0594,0.4844,406,719,0,0,1
7064,4.2444,0.529,406,719,0,0,1
7065,4.1747,0.7512,405,719,0,0,1
7066,4.1423,0.7924,405,719,0,0,1
7067,4.1606,0.7482,405,719,0,0,1
7068,4.1073,0.5365,404,719,0,0,1
7069,4.2678,0.5091,403,719,0,0,1
7070,4.1006,0.4468,402,719,0,0,1
7071,4.2107,0.4884,402,719,0,0,1
7072,4.1266,0.4834,402,719,0,0,1
7073,4.2006,0.7468,402,719,0,0,1
7074,4.5318,0.5646,401,719,0,0,1
7075,3.7467,0.4394,400,719,0,0,1
7076,4.1816,0.4797,397,719,0,0,1
7077,4.2415,0.4869,397,719,0,0,1
7078,4.1197,0.5346,395,719,0,0,1
7079,4.2182,0.6352,394,719,0,0,1
7080,4.1288,0.5048,394,719,0,0,1
7081,4.1599,0.4822,392,719,0,0,1
7082,4.1318,0.454,391,719,0,0,1
7083,4.1805,0.4643,390,719,0,0,1
7084,4.1349,0.6643,389,719,0,0,1
7085,4.2459,0.6004,388,719,0,0,1
7086,4.1213,0.7405,388,719,0,0,1
7087,4.1332,0.4268,388,719,0,0,1
7088,4.1871,0.5124,387,719,0,0,1
7089,4.5832,0.4643,387,719,0,0,1
7090,3.7888,0.4669,387,719,0,0,1
7091,4.1821,0.4295,386,719,0,0,1
7092,4.1488,0.4146,385,719,0,0,1
7093,4.4671,0.5107,384,719,0,0,1
7094,3.8299,0.4449,383,719,0,0,1
7095,4.2108,0.4865,383,719,0,0,1
7096,4.4497,0.4618,375,719,0,0,1
7097,3.8946,0.4364,374,719,0,0,1
7098,4.2845,0.6373,373,719,0,0,1
7099,3.959,0.4818,373,719,0,0,1
7100,4.272,0.5661,373,719,0,0,1
7101,4.1332,0.5688,372,719,0,0,1
7102,4.1879,0.5422,422,719,0,0,1
7103,4.1182,0.5961,422,719,0,0,1
7104,4.1712,0.6775,422,719,0,0,1
7105,4.2999,0.5004,421,719,0,0,1
7106,4.0331,0.435,420,719,0,0,1
7107,4.1642,0.4275,419,719,0,0,1
7108,4.1944,0.4906,418,719,0,0,1
7109,4.1043,0.4314,418,719,0,0,1
7110,4.2508,0.6684,416,719,0,0,1
7111,4.0978,0.4418,416,719,0,0,1
7112,4.1886,0.49,416,719,0,0,1
7113,4.2502,0.583,415,719,0,0,1
7114,4.1107,0.6798,415,719,0,0,1
7115,4.1884,0.6226,415,719,0,0,1
7116,4.0627,0.5091,414,719,0,0,1
7117,4.2185,0.8282,414,719,0,0,1
7118,4.2634,0.5591,413,719,0,0,1
7119,4.1001,0.6755,412,719,0,0,1
7120,4.1589,0.4917,411,719,0,0,1
7121,4.4332,0.4409,411,719,0,0,1
7122,3.9334,0.4361,411,719,0,0,1
7123,4.0826,0.4282,411,719,0,0,1
7124,4.2743,0.4348,411,719,0,0,1
7125,4.0823,0.6284,411,719,0,0,1
7126,4.153,0.4433,410,719,0,0,1
7127,4.1788,0.4204,408,719,0,0,1
7128,4.1464,0.5438,407,719,0,0,1
7129,4.1771,0.4436,406,719,0,0,1
7130,4.1671,0.4558,406,719,0,0,1
7131,4.2335,0.6492,406,719,0,0,1
7132,4.1233,0.5379,404,719,0,0,1
7133,4.2104,0.5171,404,719,0,0,1
7134,4.1966,0.6297,404,719,0,0,1
7135,4.0655,0.4949,403,719,0,0,1
7136,4.1949,0.7833,403,719,0,0,1
7137,4.2348,1.0417,402,719,0,0,1
7138,4.5011,0.5382,402,719,0,0,1
7139,4.1688,0.4426,402,719,0,0,1
7140,3.7435,0.4431,402,719,0,0,1
7141,4.4372,0.4354,402,719,0,0,1
7142,3.9064,0.4584,402,719,0,0,1
7143,4.2955,0.6195,401,719,0,0,1
7144,4.4441,0.5803,401,719,0,0,1
7145,4.2055,0.6641,400,719,0,0,1
7146,4.0722,0.4243,400,719,0,0,1
7147,3.8152,0.4318,398,719,0,0,1
7148,4.3654,0.6181,396,719,0,0,1
7149,3.9418,0.445,396,719,0,0,1
7150,4.5035,0.5475,396,719,0,0,1
7151,4.2523,0.6486,396,719,0,0,1
7152,3.7882,0.458,396,719,0,0,1
7153,4.384,0.6481,396,719,0,0,1
7154,3.9145,0.4156,396,719,0,0,1
7155,4.2965,0.6233,394,719,0,0,1
7156,4.073,0.7468,393,719,0,0,1
7157,4.1894,0.6015,393,719,0,0,1
7158,4.4944,0.4155,393,719,0,0,1
7159,3.8071,0.4189,392,719,0,0,1
7160,4.4044,0.4373,391,719,0,0,1
7161,3.9268,0.4211,390,719,0,0,1
7162,4.3122,0.7126,390,719,0,0,1
7163,4.3426,0.4634,390,719,0,0,1
7164,3.8035,0.421,383,719,0,0,1
7165,4.4802,0.6378,383,719,0,0,1
7166,3.9261,0.4625,382,719,0,0,1
7167,4.354,0.4687,382,719,0,0,1
7168,4.06,0.7887,380,719,0,0,1
7169,4.4082,0.8642,429,723,4,0,1
7170,4.1254,0.6748,425,723,0,0,1
7171,3.8321,0.4824,425,723,0,0,1
7172,4.4586,0.6981,425,723,0,0,1
7173,3.8332,0.4918,425,723,0,0,1
7174,4.2098,0.5936,423,723,0,0,1
7175,4.4088,0.6378,423,723,0,0,1
7176,3.8586,0.5408,421,723,0,0,1
7177,4.3286,0.5215,419,723,0,0,1
7178,3.9356,0.3497,419,723,0,0,1
7179,4.4729,0.3426,419,723,0,0,1
7180,4.065,0.5584,419,723,0,0,1
7181,4.3568,0.6015,419,723,0,0,1
7182,3.8861,0.3644,419,723,0,0,1
7183,4.1034,0.3901,419,723,0,0,1
7184,4.343,0.513,418,723,0,0,1
7185,4.1327,0.4467,417,723,0,0,1
7186,4.2058,0.527,417,723,0,0,1
7187,4.0951,0.5216,417,723,0,0,1
7188,4.0669,0.3597,417,723,0,0,1
7189,4.5168,0.6011,416,723,0,0,1
7190,3.8188,0.3765,416,723,0,0,1
7191,4.3139,0.4525,415,723,0,0,1
7192,4.1275,0.3913,415,723,0,0,1
7193,4.0535,0.3492,414,723,0,0,1
7194,4.3224,0.4886,414,723,0,0,1
7195,4.0104,0.3493,414,723,0,0,1
7196,4.419,0.526,413,723,0,0,1
7197,4.0867,0.4665,413,723,0,0,1
7198,4.0046,0.5346,413,723,0,0,1
7199,4.324,0.6376,412,723,0,0,1
7200,4.1326,0.6665,411,723,0,0,1
7201,4.195,0.5241,411,723,0,0,1
7202,4.0199,0.3867,409,723,0,0,1
7203,4.491,0.3776,409,723,0,0,1
7204,3.9752,0.4407,409,723,0,0,1
7205,4.1918,0.3973,408,723,0,0,1
7206,4.2483,0.5188,408,723,0,0,1
7207,3.9378,0.3723,407,723,0,0,1
7208,4.2141,0.524,406,723,0,0,1
7209,4.2462,0.4469,404,723,0,0,1
7210,4.1753,0.3934,403,723,0,0,1
7211,4.205,0.3954,402,723,0,0,1
7212,4.018,0.3696,401,723,0,0,1
7213,4.2026,0.5291,401,723,0,0,1
7214,4.1552,0.387,401,723,0,0,1
7215,4.5143,0.3907,401,723,0,0,1
7216,4.0418,0.3956,401,723,0,0,1
7217,3.9447,0.6009,398,723,0,0,1
7218,4.1999,0.7007,398,723,0,0,1
7219,4.1226,0.3947,396,723,0,0,1
7220,4.1578,0.6904,395,723,0,0,1
7221,4.3025,0.4716,394,723,0,0,1
7222,4.135,0.5742,393,723,0,0,1
7223,4.089,0.5883,393,723,0,0,1
7224,4.2164,0.7111,393,723,0,0,1
7225,4.1923,0.5174,392,723,0,0,1
7226,4.1604,0.4437,392,723,0,0,1
7227,4.2083,0.4929,391,723,0,0,1
7228,4.1208,0.5068,391,723,0,0,1
7229,4.1328,0.4493,390,723,0,0,1
7230,4.204,0.7123,388,723,0,0,1
7231,4.1017,0.4121,381,723,0,0,1
7232,4.2298,0.4561,380,723,0,0,1
7233,4.114,0.6056,379,723,0,0,1
7234,4.1945,0.4087,378,723,0,0,1
7235,4.1761,0.4103,377,723,0,0,1
7236,4.1784,0.6417,376,723,0,0,1
7237,4.2489,0.8256,425,723,0,0,1
7238,4.065,0.4644,425,723,0,0,1
7239,4.2104,0.5325,425,723,0,0,1
7240,4.1472,0.5085,425,723,0,0,1
7241,4.2193,0.5447,424,723,0,0,1
7242,4.0912,0.6965,423,723,0,0,1
7243,4.1273,0.4776,423,723,0,0,1
7244,4.2094,0.5146,421,723,0,0,1
7245,4.1551,0.4516,421,723,0,0,1
7246,4.2009,0.49,421,723,0,0,1
7247,4.1231,0.4616,421,723,0,0,1
7248,4.204,0.7027,419,723,0,0,1
7249,4.1649,0.7649,417,723,0,0,1
7250,4.1187,0.4282,416,723,0,0,1
7251,4.456,0.7184,416,723,0,0,1
7252,3.9183,0.5096,415,723,0,0,1
7253,4.469,0.5014,415,723,0,0,1
7254,4.13,0.6845,414,723,0,0,1
7255,3.8687,0.4627,413,723,0,0,1
7256,4.287,0.4993,413,723,0,0,1
7257,4.1028,0.4674,413,723,0,0,1
7258,4.1904,0.4873,413,723,0,0,1
7259,4.4287,0.6331,413,723,0,0,1
7260,3.8391,0.4352,412,723,0,0,1
7261,4.2449,0.6714,410,723,0,0,1
7262,4.0886,0.4496,410,723,0,0,1
7263,4.2155,0.4889,409,723,0,0,1
7264,4.1195,0.4391,409,723,0,0,1
7265,4.1612,0.4385,408,723,0,0,1
7266,4.1929,0.5149,408,723,0,0,1
7267,4.1223,0.4419,407,723,0,0,1
7268,4.2258,0.7842,407,723,0,0,1
7269,4.143,0.4969,407,723,0,0,1
7270,4.206,0.5727,406,723,0,0,1
7271,4.0929,0.5288,404,723,0,0,1
7272,4.2084,0.5621,403,723,0,0,1
7273,4.2109,0.6564,403,723,0,0,1
7274,4.1091,0.6042,402,723,0,0,1
7275,4.2127,0.5005,401,723,0,0,1
7276,4.1831,0.5044,401,723,0,0,1
7277,4.1568,0.4976,400,723,0,0,1
7278,4.1953,0.47,400,723,0,0,1
7279,4.066,0.4385,399,723,0,0,1
7280,4.1918,0.5944,399,723,0,0,1
7281,4.2114,0.434,399,723,0,0,1
7282,4.1717,0.4937,399,723,0,0,1
7283,4.1929,0.4836,397,723,0,0,1
7284,4.0954,0.442,396,723,0,0,1
7285,4.1677,0.4494,393,723,0,0,1
7286,4.1591,0.4308,393,723,0,0,1
7287,4.2646,0.6662,391,723,0,0,1
7288,4.0893,0.4899,391,723,0,0,1
7289,4.5056,0.693,391,723,0,0,1
7290,3.8334,0.5716,390,723,0,0,1
7291,4.1414,0.4102,390,723,0,0,1
7292,4.2115,0.6607,389,723,0,0,1
7293,4.189,0.4368,388,723,0,0,1
7294,4.1253,0.4678,388,723,0,0,1
7295,4.1281,0.4131,386,723,0,0,1
7296,4.1901,0.4174,385,723,0,0,1
7297,4.1886,0.7274,383,723,0,0,1
7298,4.1359,0.4258,376,723,0,0,1
7299,4.2175,0.5709,375,723,0,0,1
7300,4.111,0.4658,375,723,0,0,1
7301,4.232,0.6813,375,723,0,0,1
7302,4.4608,0.5412,375,723,0,0,1
7303,3.814,0.4176,373,723,0,0,1
7304,4.3915,0.6783,423,723,0,0,1
7305,3.9613,0.4485,423,723,0,0,1
7306,4.2918,0.7251,422,723,0,0,1
7307,4.0504,0.7635,421,723,0,0,1
7308,4.1211,0.4273,420,723,0,0,1
7309,4.193,0.4449,419,723,0,0,1
7310,4.1841,0.471,419,723,0,0,1
7311,4.1749,0.7343,418,723,0,0,1
7312,4.1822,0.914,418,723,0,0,1
7313,4.1782,0.6006,416,723,0,0,1
7314,4.135,0.5112,416,723,0,0,1
7315,4.1161,0.4615,416,723,0,0,1
7316,4.2185,0.5856,416,723,0,0,1
7317,4.1591,0.4944,416,723,0,0,1
7318,4.2399,0.6926,415,723,0,0,1
7319,4.095,0.5347,415,723,0,0,1
7320,4.2133,0.5384,415,723,0,0,1
7321,4.157,0.4835,413,723,0,0,1
7322,4.1252,0.4245,411,723,0,0,1
7323,4.2281,0.6751,409,723,0,0,1
7324,4.0915,0.446,409,723,0,0,1
7325,4.3183,0.7264,408,723,0,0,1
7326,4.0844,0.5315,408,723,0,0,1
7327,4.0956,0.4729,408,723,0,0,1
7328,4.2656,0.5968,405,723,0,0,1
7329,4.0536,0.524,404,723,0,0,1
7330,4.3642,0.7651,404,723,0,0,1
7331,3.9748,0.9123,404,723,0,0,1
7332,4.1969,0.4523,402,723,0,0,1
7333,4.1862,0.4927,402,723,0,0,1
7334,4.1442,0.4661,402,723,0,0,1
7335,4.1968,0.4681,401,723,0,0,1
7336,4.1599,0.4553,399,723,0,0,1
7337,4.3129,0.6568,396,723,0,0,1
7338,3.995,0.4883,396,723,0,0,1
7339,4.1504,0.4647,396,723,0,0,1
7340,4.228,0.4819,396,723,0,0,1
7341,4.1503,0.4715,395,723,0,0,1
7342,4.1642,0.6267,393,723,0,0,1
7343,4.1204,0.4298,393,723,0,0,1
7344,4.2126,0.5001,392,723,0,0,1
7345,4.199,0.4706,392,723,0,0,1
7346,4.1389,0.4325,392,723,0,0,1
7347,4.1564,0.4725,392,723,0,0,1
7348,4.2662,0.6565,390,723,0,0,1
7349,4.1284,0.7245,389,723,0,0,1
7350,4.2533,0.4427,389,723,0,0,1
7351,3.9803,0.727,388,723,0,0,1
7352,4.2266,0.4705,386,723,0,0,1
7353,4.1211,0.4089,386,723,0,0,1
7354,4.2041,0.4434,385,723,0,0,1
7355,4.1416,0.604,385,723,0,0,1
7356,4.1423,0.7029,384,723,0,0,1
7357,4.151,0.7166,384,723,0,0,1
7358,4.2009,0.4441,383,723,0,0,1
7359,4.4996,0.6599,382,723,0,0,1
7360,3.836,0.4615,382,723,0,0,1
7361,4.4703,0.7433,382,723,0,0,1
7362,3.9132,0.4363,381,723,0,0,1
7363,4.0832,0.4183,380,723,0,0,1
7364,4.4339,0.51,380,723,0,0,1
7365,4.0062,0.5112,370,723,0,0,1
7366,4.1297,0.4369,370,723,0,0,1
7367,4.1404,0.4951,369,723,0,0,1
7368,4.1369,0.6676,369,723,0,0,1
7369,4.2338,0.6555,369,723,0,0,1
7370,4.1067,0.4695,368,723,0,0,1
7371,4.4523,0.6769,418,723,0,0,1
7372,3.9065,0.5531,418,723,0,0,1
7373,4.147,0.6456,416,723,0,0,1
7374,4.183,0.6726,415,723,0,0,1
7375,4.1437,0.4923,414,723,0,0,1
7376,4.3058,0.581,414,723,0,0,1
7377,4.0457,0.6974,413,723,0,0,1
7378,4.1804,0.5215,412,723,0,0,1
7379,4.1926,0.5439,411,723,0,0,1
7380,4.1399,0.6932,411,723,0,0,1
7381,4.2325,0.7126,410,723,0,0,1
7382,4.0916,0.428,410,723,0,0,1
7383,4.1785,0.4977,410,723,0,0,1
7384,4.186,0.5637,409,723,0,0,1
7385,4.1858,0.4546,408,723,0,0,1
7386,4.1529,0.4439,407,723,0,0,1
7387,4.0837,0.42,406,723,0,0,1
7388,4.263,0.5734,404,723,0,0,1
7389,4.133,0.4835,403,723,0,0,1
7390,4.1377,0.6319,403,723,0,0,1
7391,4.165,0.5031,403,723,0,0,1
7392,4.1886,0.5963,403,723,0,0,1
7393,4.1667,0.6757,402,723,0,0,1
7394,4.1585,0.7506,402,723,0,0,1
7395,4.2092,0.5051,401,723,0,0,1
7396,4.131,0.4993,401,723,0,0,1
7397,4.486,0.452,401,723,0,0,1
7398,4.0937,0.4954,401,723,0,0,1
7399,3.9335,0.683,400,723,0,0,1
7400,4.1486,0.6174,398,723,0,0,1
7401,4.1645,0.4657,396,723,0,0,1
7402,4.5594,0.4717,396,723,0,0,1
7403,3.8058,0.4978,396,723,0,0,1
7404,4.1178,0.5236,395,723,0,0,1
7405,4.3807,0.6707,395,723,0,0,1
7406,3.9768,0.4239,395,723,0,0,1
7407,4.1559,0.4577,394,723,0,0,1
7408,4.1929,0.6874,394,723,0,0,1
7409,4.4586,0.6817,394,723,0,0,1
7410,3.8429,0.4852,393,723,0,0,1
7411,4.1348,0.4336,393,723,0,0,1
7412,4.4314,0.7598,392,723,0,0,1
7413,3.9721,0.5038,391,723,0,0,1
7414,4.1929,0.6191,389,723,0,0,1
7415,4.1095,0.704,388,723,0,0,1
7416,4.1751,0.4833,386,723,0,0,1
7417,4.1473,0.6892,385,723,0,0,1
7418,4.1798,0.5411,384,723,0,0,1
7419,4.2435,0.8332,383,723,0,0,1
7420,4.1233,0.5758,383,723,0,0,1
7421,4.1354,0.5059,382,723,0,0,1
7422,4.2213,0.6038,381,723,0,0,1
7423,4.1132,0.5938,381,723,0,0,1
7424,4.1924,0.6654,380,723,0,0,1
7425,4.1499,0.5369,379,723,0,0,1
7426,4.2196,0.5362,379,723,0,0,1
7427,4.3719,0.4788,379,723,0,0,1
7428,4.3179,0.6465,379,723,0,0,1
7429,3.8083,0.5242,378,723,0,0,1
7430,4.1124,0.4503,376,723,0,0,1
7431,4.2247,0.4782,375,723,0,0,1
7432,4.16,0.4845,367,723,0,0,1
7433,4.2555,0.8367,367,723,0,0,1
7434,4.0267,0.4125,367,723,0,0,1
7435,4.1637,0.4066,367,723,0,0,1
7436,4.1384,0.4048,366,723,0,0,1
7437,4.2274,0.416,364,723,0,0,1
7438,4.2674,0.6989,414,723,0,0,1
7439,4.0789,0.4981,414,723,0,0,1
7440,4.1293,0.4624,414,723,0,0,1
7441,4.2121,0.5392,414,723,0,0,1
7442,4.1186,0.5074,414,723,0,0,1
7443,4.1782,0.747,413,723,0,0,1
7444,4.2031,0.5357,413,723,0,0,1
7445,4.1854,0.533,411,723,0,0,1
7446,4.1446,0.651,411,723,0,0,1
7447,4.1342,0.4446,410,723,0,0,1
7448,4.1799,0.4719,409,723,0,0,1
7449,4.1793,0.4506,409,723,0,0,1
7450,4.2162,0.6633,408,723,0,0,1
7451,4.1301,0.5089,407,723,0,0,1
7452,4.1953,0.4936,407,723,0,0,1
7453,4.1606,0.5349,406,723,0,0,1
7454,4.142,0.4492,405,723,0,0,1
7455,4.1199,0.4245,405,723,0,0,1
7456,4.143,0.4302,404,723,0,0,1
7457,4.3967,0.7163,402,723,0,0,1
7458,3.9582,0.4618,401,723,0,0,1
7459,4.1709,0.4726,400,723,0,0,1
7460,4.174,0.4866,398,723,0,0,1
7461,4.1896,0.469,398,723,0,0,1
7462,4.2083,0.6432,398,723,0,0,1
7463,4.1361,0.767,398,723,0,0,1
7464,4.3415,0.6993,397,723,0,0,1
7465,4.0189,0.5925,397,723,0,0,1
7466,4.0962,0.522,397,723,0,0,1
7467,4.4534,0.7509,396,723,0,0,1
7468,3.9389,0.7852,396,723,0,0,1
7469,4.306,0.8465,396,723,0,0,1
7470,4.029,0.5524,395,723,0,0,1
7471,4.0847,0.4467,395,723,0,0,1
7472,4.5613,0.4679,395,723,0,0,1
7473,3.789,0.7366,394,723,0,0,1
7474,4.2051,0.6096,393,723,0,0,1
7475,4.1295,0.6548,393,723,0,0,1
7476,4.1916,0.437,392,723,0,0,1
7477,4.1896,0.452,392,723,0,0,1
7478,4.137,0.48,391,723,0,0,1
7479,4.1742,0.4726,391,723,0,0,1
7480,4.2099,0.5239,390,723,0,0,1
7481,4.1323,0.6558,389,723,0,0,1
7482,4.2191,0.809,387,723,0,0,1
7483,4.086,0.4419,387,723,0,0,1
7484,4.2304,0.4937,387,723,0,0,1
7485,4.1814,0.5012,387,723,0,0,1
7486,4.1566,0.4553,386,723,0,0,1
7487,4.0799,0.6549,384,723,0,0,1
7488,4.2367,0.8711,383,723,0,0,1
7489,4.1625,0.4959,382,723,0,0,1
7490,4.106,0.4279,382,723,0,0,1
7491,4.1885,0.4789,382,723,0,0,1
7492,4.2468,0.4829,380,723,0,0,1
7493,4.1645,0.5765,380,723,0,0,1
7494,4.1429,0.4332,379,723,0,0,1
7495,4.1253,0.4443,378,723,0,0,1
7496,4.1954,0.5681,377,723,0,0,1
7497,4.1094,0.4978,377,723,0,0,1
7498,4.2228,0.537,377,723,0,0,1
7499,4.1489,0.5862,375,723,0,0,1
7500,4.1476,0.8105,368,723,0,0,1
7501,4.1692,0.7578,368,723,0,0,1
7502,4.181,0.4746,368,723,0,0,1
7503,4.1948,0.5845,367,723,0,0,1
7504,4.1801,0.5701,365,723,0,0,1
7505,4.382,0.4991,414,723,0,0,1
7506,3.9341,0.4945,413,723,0,0,1
7507,4.1174,0.5095,413,723,0,0,1
7508,4.208,0.5484,413,723,0,0,1
7509,4.1278,0.4366,410,723,0,0,1
7510,4.233,0.5092,410,723,0,0,1
7511,4.1643,0.4919,410,723,0,0,1
7512,4.1279,0.45,409,723,0,0,1
7513,4.2488,0.6514,408,723,0,0,1
7514,4.125,0.4322,408,723,0,0,1
7515,4.1251,0.4923,407,723,0,0,1
7516,4.2096,0.4996,407,723,0,0,1
7517,4.1763,0.4805,407,723,0,0,1
7518,4.0922,0.5913,407,723,0,0,1
7519,4.1656,0.4297,407,723,0,0,1
7520,4.1802,0.7208,405,723,0,0,1
7521,4.1554,0.4227,405,723,0,0,1
7522,4.222,0.5134,405,723,0,0,1
7523,4.1887,0.5035,403,723,0,0,1
7524,4.1004,0.471,403,723,0,0,1
7525,4.2003,0.9565,402,723,0,0,1
7526,4.1394,0.5041,402,723,0,0,1
7527,4.2169,0.7472,401,723,0,0,1
7528,4.1795,0.6194,400,723,0,0,1
7529,4.1016,0.5286,400,723,0,0,1
7530,4.2175,0.5633,400,723,0,0,1
7531,4.087,0.7161,400,723,0,0,1
7532,4.1728,0.4477,400,723,0,0,1
7533,4.1736,0.4526,398,723,0,0,1
7534,4.206,0.4881,398,723,0,0,1
7535,4.0738,0.4458,397,723,0,0,1
7536,4.2224,0.4559,396,723,0,0,1
7537,4.236,0.5646,396,723,0,0,1
7538,4.0763,0.4935,395,723,0,0,1
7539,4.2512,0.4977,394,723,0,0,1
7540,4.4595,0.6005,394,723,0,0,1
7541,3.9444,0.5624,394,723,0,0,1
7542,4.1228,0.4519,394,723,0,0,1
7543,4.0801,0.4617,393,723,0,0,1
7544,4.1915,0.6477,391,723,0,0,1
7545,4.2002,0.462,391,723,0,0,1
7546,4.1275,0.4835,391,723,0,0,1
7547,4.147,0.4761,390,723,0,0,1
7548,4.2357,0.6237,390,723,0,0,1
7549,4.092,0.4235,388,723,0,0,1
7550,4.211,0.4341,388,723,0,0,1
7551,4.3181,0.7271,386,723,0,0,1
7552,4.0623,0.4912,386,723,0,0,1
7553,4.1477,0.6169,386,723,0,0,1
7554,4.1009,0.603,385,723,0,0,1
7555,4.1849,0.448,384,723,0,0,1
7556,4.131,0.5653,382,723,0,0,1
7557,4.1942,0.4174,381,723,0,0,1
7558,4.1786,0.4263,380,723,0,0,1
7559,4.2189,0.6506,378,723,0,0,1
7560,4.1017,0.4679,378,723,0,0,1
7561,4.1431,0.4265,378,723,0,0,1
7562,4.2123,0.5279,378,723,0,0,1
7563,4.201,0.7457,376,723,0,0,1
7564,4.3006,0.6345,376,723,0,0,1
7565,4.0547,0.5752,375,723,0,0,1
7566,4.1223,0.5143,374,723,0,0,1
7567,4.1416,0.5168,367,723,0,0,1
7568,4.1555,0.6764,367,723,0,0,1
7569,4.195,0.4707,367,723,0,0,1
7570,4.1911,0.7115,367,723,0,0,1
7571,4.1513,0.4677,366,723,0,0,1
7572,4.1552,0.4224,365,723,0,0,1
7573,4.2258,0.9017,414,723,0,0,1
7574,4.1147,0.4623,413,723,0,0,1
7575,4.1452,0.7202,413,723,0,0,1
7576,4.2234,0.7739,412,723,0,0,1
7577,4.1158,0.492,412,723,0,0,1
7578,4.1518,0.4923,412,723,0,0,1
7579,4.1916,0.5083,411,723,0,0,1
7580,4.2151,0.4917,410,723,0,0,1
7581,4.1159,0.4762,410,723,0,0,1
7582,4.1478,0.4383,409,723,0,0,1
7583,4.2269,0.6253,408,723,0,0,1
7584,4.183,0.5282,407,723,0,0,1
7585,4.1431,0.5227,407,723,0,0,1
7586,4.1618,0.4291,407,723,0,0,1
7587,4.1506,0.4344,407,723,0,0,1
7588,4.1495,0.4417,407,723,0,0,1
7589,4.219,0.7848,407,723,0,0,1
7590,4.1723,0.495,407,723,0,0,1
7591,4.0924,0.4318,406,723,0,0,1
7592,4.563,0.4159,406,723,0,0,1
7593,3.8162,0.4512,405,723,0,0,1
7594,4.1097,0.6273,405,723,0,0,1
7595,4.2283,0.7087,404,723,0,0,1
7596,4.4041,0.5485,404,723,0,0,1
7597,4.1988,0.5557,403,723,0,0,1
7598,3.8639,0.482,401,723,0,0,1
7599,4.1789,0.4743,401,723,0,0,1
7600,4.2045,0.8894,400,723,0,0,1
7601,4.2057,0.9153,400,723,0,0,1
7602,4.1389,0.5401,399,723,0,0,1
7603,4.1018,0.5316,399,723,0,0,1
7604,4.2194,0.5417,399,723,0,0,1
7605,4.1906,0.5391,399,723,0,0,1
7606,4.0883,0.4872,399,723,0,0,1
7607,4.2219,0.538,399,723,0,0,1
7608,4.1566,0.887,398,723,0,0,1
7609,4.1802,0.5642,397,723,0,0,1
7610,4.123,0.4917,397,723,0,0,1
7611,4.1967,0.4963,397,723,0,0,1
7612,4.1917,0.495,396,723,0,0,1
7613,4.3516,0.7822,395,723,0,0,1
7614,3.9513,0.6802,395,723,0,0,1
7615,4.126,0.4482,395,723,0,0,1
7616,4.2521,0.5269,395,723,0,0,1
7617,4.1882,0.4821,394,723,0,0,1
7618,4.0694,0.4263,393,723,0,0,1
7619,4.1913,0.5602,391,723,0,0,1
7620,4.1317,0.7012,390,723,0,0,1
7621,4.3154,0.4969,390,723,0,0,1
7622,4.0272,0.4366,390,723,0,0,1
7623,4.1526,0.5845,390,723,0,0,1
7624,4.214,0.494,390,723,0,0,1
7625,4.2035,0.5443,390,723,0,0,1
7626,4.1174,0.6078,390,723,0,0,1
7627,4.1178,0.518,390,723,0,0,1
7628,4.2471,0.4899,389,723,0,0,1
7629,4.1029,0.6149,388,723,0,0,1
7630,4.2698,0.4569,385,723,0,0,1
7631,4.1238,0.4964,385,723,0,0,1
7632,4.1353,0.4563,384,723,0,0,1
7633,4.288,0.7692,383,723,0,0,1
7634,4.0265,0.4211,376,723,0,0,1
7635,4.4417,0.6531,376,723,0,0,1
7636,3.952,0.4866,376,723,0,0,1
7637,4.3779,0.4294,376,723,0,0,1
7638,4.087,0.6702,375,723,0,0,1
7639,4.0203,0.7772,375,723,0,0,1
7640,4.3019,0.7098,425,723,0,0,1
7641,3.9892,0.4637,425,723,0,0,1
7642,4.2183,0.5089,424,723,0,0,1
7643,4.4183,0.48,424,723,0,0,1
7644,3.8586,0.7707,424,723,0,0,1
7645,4.3599,0.7834,422,723,0,0,1
7646,3.9892,0.4378,421,723,0,0,1
7647,4.2176,0.4985,420,723,0,0,1
7648,4.5571,0.509,418,723,0,0,1
7649,3.7904,0.5473,417,723,0,0,1
7650,4.1176,0.7997,416,723,0,0,1
7651,4.146,0.4636,414,723,0,0,1
7652,4.2137,0.6537,414,723,0,0,1
7653,4.1211,0.4683,414,723,0,0,1
7654,4.1844,0.4862,414,723,0,0,1
7655,4.1274,0.6783,414,723,0,0,1
7656,4.1917,0.546,412,723,0,0,1
7657,4.1804,0.5643,412,723,0,0,1
7658,4.1269,0.4108,412,723,0,0,1
7659,4.2157,0.8581,412,723,0,0,1
7660,4.2167,0.8962,411,723,0,0,1
7661,4.1364,0.6596,411,723,0,0,1
7662,4.1921,0.5104,410,723,0,0,1
7663,4.0942,0.5039,408,723,0,0,1
7664,4.1841,0.8391,408,723,0,0,1
7665,4.1954,0.4899,408,723,0,0,1
7666,4.1656,0.5102,408,723,0,0,1
7667,4.1847,0.5067,407,723,0,0,1
7668,4.4333,0.4383,406,723,0,0,1
7669,4.1207,0.7944,403,723,0,0,1
7670,3.9157,0.4563,402,723,0,0,1
7671,4.2789,0.6394,402,723,0,0,1
7672,4.076,0.4902,401,723,0,0,1
7673,4.4748,0.5357,398,723,0,0,1
7674,3.7852,0.4377,398,723,0,0,1
7675,4.1579,0.5263,398,723,0,0,1
7676,4.362,0.7294,397,723,0,0,1
7677,4.0696,0.4361,397,723,0,0,1
7678,4.3171,0.6003,397,723,0,0,1
7679,3.9817,0.5348,396,723,0,0,1
7680,4.1264,0.6482,395,723,0,0,1
7681,4.1689,0.8898,395,723,0,0,1
7682,4.1721,0.4777,395,723,0,0,1
7683,4.2884,0.7385,394,723,0,0,1
7684,4.083,0.4983,394,723,0,0,1
7685,4.1215,0.5042,393,723,0,0,1
7686,4.549,0.6602,393,723,0,0,1
7687,3.7815,0.6123,391,723,0,0,1
7688,4.1971,0.599,391,723,0,0,1
7689,4.2213,0.4977,391,723,0,0,1
7690,4.1448,0.4936,390,723,0,0,1
7691,4.1625,0.5317,390,723,0,0,1
7692,4.2024,0.5399,389,723,0,0,1
7693,4.1114,0.5458,389,723,0,0,1
7694,4.1546,0.4569,389,723,0,0,1
7695,4.3759,0.6215,389,723,0,0,1
7696,4.3629,0.5334,388,723,0,0,1
7697,3.8032,0.4997,387,723,0,0,1
7698,4.078,0.4264,387,723,0,0,1
7699,4.1996,0.4612,387,723,0,0,1
7700,4.136,0.4688,386,723,0,0,1
7701,4.2776,0.7163,379,723,0,0,1
7702,4.1252,0.641,379,723,0,0,1
7703,4.2246,0.5694,378,723,0,0,1
7704,4.445,0.6513,375,723,0,0,1
7705,3.816,0.5045,375,723,0,0,1
7706,4.1694,0.4529,375,723,0,0,1
7707,4.3723,0.4721,425,723,0,0,1
7708,4.0218,0.7176,425,723,0,0,1
7709,4.4467,0.5373,425,723,0,0,1
7710,3.8302,0.499,424,723,0,0,1
7711,4.1439,0.4427,424,723,0,0,1
7712,4.1793,0.4669,424,723,0,0,1
7713,4.1592,0.5112,424,723,0,0,1
7714,4.4089,1.1217,424,723,0,0,1
7715,4.061,0.7791,424,723,0,0,1
7716,4.091,0.573,422,723,0,0,1
7717,4.1748,0.5821,421,723,0,0,1
7718,4.1059,0.467,421,723,0,0,1
7719,4.1301,0.6287,420,723,0,0,1
7720,4.5378,0.4652,419,723,0,0,1
7721,3.9826,0.7424,418,723,0,0,1
7722,4.0675,0.4189,417,723,0,0,1
7723,4.0896,0.4266,416,723,0,0,1
7724,4.1524,0.5928,415,723,0,0,1
7725,4.2753,0.7005,413,723,0,0,1
7726,4.1486,0.4506,411,723,0,0,1
7727,4.1166,0.8619,410,723,0,0,1
7728,4.1935,0.6375,410,723,0,0,1
7729,4.1922,0.6984,410,723,0,0,1
7730,4.1493,0.492,410,723,0,0,1
7731,4.1344,0.5358,409,723,0,0,1
7732,4.2078,0.4671,409,723,0,0,1
7733,4.163,0.4552,409,723,0,0,1
7734,4.191,0.5067,408,723,0,0,1
7735,4.0916,0.4789,408,723,0,0,1
7736,4.3295,0.6164,408,723,0,0,1
7737,4.0581,0.6237,408,723,0,0,1
7738,4.1649,0.4481,408,723,0,0,1
7739,4.1232,0.6132,408,723,0,0,1
7740,4.1979,0.668,408,723,0,0,1
7741,4.1739,0.4916,408,723,0,0,1
7742,4.129,0.4414,406,723,0,0,1
7743,4.1897,0.4621,405,723,0,0,1
7744,4.213,0.4432,404,723,0,0,1
7745,4.3394,0.7155,403,723,0,0,1
7746,3.946,0.4049,401,723,0,0,1
7747,4.1395,0.4617,401,723,0,0,1
7748,4.2344,0.5836,401,723,0,0,1
7749,4.366,0.7188,399,723,0,0,1
7750,3.9131,0.4876,397,723,0,0,1
7751,4.1583,0.6992,397,723,0,0,1
7752,4.225,0.7604,396,723,0,0,1
7753,4.1583,0.5532,395,723,0,0,1
7754,4.1403,0.4745,395,723,0,0,1
7755,4.5407,0.7666,394,723,0,0,1
7756,3.8418,0.5232,393,723,0,0,1
7757,4.3915,0.7791,393,723,0,0,1
7758,3.9137,0.678,393,723,0,0,1
7759,4.1279,0.5493,393,723,0,0,1
7760,4.2065,0.613,392,723,0,0,1
7761,4.1098,0.5254,392,723,0,0,1
7762,4.2021,0.5572,390,723,0,0,1
7763,4.4126,0.6049,390,723,0,0,1
7764,3.9014,0.597,389,723,0,0,1
7765,4.3249,0.8156,389,723,0,0,1
7766,4.0215,0.5079,389,723,0,0,1
7767,4.2237,0.5146,387,723,0,0,1
7768,4.6239,0.5501,378,723,0,0,1
7769,3.6931,0.6784,378,723,0,0,1
7770,4.3069,0.7545,378,723,0,0,1
7771,3.9478,0.7404,376,723,0,0,1
7772,4.1738,0.533,375,723,0,0,1
7773,4.167,0.5215,374,723,0,0,1
7774,4.1918,0.4862,424,723,0,0,1
7775,4.1985,0.6921,423,723,0,0,1
7776,4.1389,0.448,423,723,0,0,1
7777,4.1576,0.4377,421,723,0,0,1
7778,4.1705,0.429,420,723,0,0,1
7779,4.1762,0.5324,419,723,0,0,1
7780,4.2217,0.4877,419,723,0,0,1
7781,4.4825,0.7448,417,723,0,0,1
7782,3.8679,0.475,416,723,0,0,1
7783,4.0705,0.7906,415,723,0,0,1
7784,4.2028,0.7448,414,723,0,0,1
7785,4.1808,0.5127,414,723,0,0,1
7786,4.1801,0.5119,412,723,0,0,1
7787,4.163,0.4955,412,723,0,0,1
7788,4.1146,0.4614,412,723,0,0,1
7789,4.1743,0.4655,412,723,0,0,1
7790,4.1465,0.4521,412,723,0,0,1
7791,4.5381,0.587,411,723,0,0,1
7792,3.9367,0.4382,409,723,0,0,1
7793,4.051,0.4275,408,723,0,0,1
7794,4.5055,0.4251,408,723,0,0,1
7795,3.8004,0.5322,408,723,0,0,1
7796,4.2121,0.777,408,723,0,0,1
7797,4.3291,0.6359,407,723,0,0,1
7798,4.0864,0.5735,407,723,0,0,1
7799,4.1197,0.5537,407,723,0,0,1
7800,4.1107,0.5088,406,723,0,0,1
7801,4.4265,0.4811,406,723,0,0,1
7802,3.9253,0.4447,406,723,0,0,1
7803,4.2168,0.6757,406,723,0,0,1
7804,4.1169,0.4392,406,723,0,0,1
7805,4.2167,0.5003,406,723,0,0,1
7806,4.1507,0.4669,405,723,0,0,1
7807,4.1077,0.5247,405,723,0,0,1
7808,4.2261,0.6816,403,723,0,0,1
7809,4.1837,0.7431,403,723,0,0,1
7810,4.1522,0.4945,403,723,0,0,1
7811,4.1336,0.6248,402,723,0,0,1
7812,4.5359,0.5184,401,723,0,0,1
7813,3.8296,0.4686,401,723,0,0,1
7814,4.1367,0.4767,400,723,0,0,1
7815,4.2578,0.7395,399,723,0,0,1
7816,4.214,0.5158,398,723,0,0,1
7817,4.0906,0.5568,397,723,0,0,1
7818,4.0548,0.4934,396,723,0,0,1
7819,4.1924,0.5279,394,723,0,0,1
7820,4.2382,0.5268,391,723,0,0,1
7821,4.2982,0.6845,391,723,0,0,1
7822,4.0226,0.6303,390,723,0,0,1
7823,4.1383,0.5564,389,723,0,0,1
7824,4.2165,0.4949,387,723,0,0,1
7825,4.1479,0.4988,387,723,0,0,1
7826,4.1052,0.4392,387,723,0,0,1
7827,4.2454,0.8498,386,723,0,0,1
7828,4.2838,0.6982,385,723,0,0,1
7829,4.2722,0.5219,385,723,0,0,1
7830,3.9406,0.4857,385,723,0,0,1
7831,4.1021,0.4392,385,723,0,0,1
7832,4.4595,0.634,385,723,0,0,1
7833,3.9542,0.4596,384,723,0,0,1
7834,4.1261,0.6033,383,723,0,0,1
7835,4.1578,0.4845,383,723,0,0,1
7836,4.2008,0.5063,376,723,0,0,1
7837,4.4278,0.4771,375,723,0,0,1
7838,3.8485,0.4396,375,723,0,0,1
7839,4.1998,0.54,374,723,0,0,1
7840,4.4098,0.4558,374,723,0,0,1
7841,3.9231,0.5568,422,723,0,0,1
7842,4.1427,0.4465,422,723,0,0,1
7843,4.1214,0.4389,422,723,0,0,1
7844,4.2427,0.4755,422,723,0,0,1
7845,4.2287,0.4557,422,723,0,0,1
7846,4.2337,0.4362,421,723,0,0,1
7847,4.0619,0.8357,419,723,0,0,1
7848,4.1602,0.5537,418,723,0,0,1
7849,4.1604,0.6967,418,723,0,0,1
7850,4.113,0.5365,418,723,0,0,1
7851,4.2213,0.5212,418,723,0,0,1
7852,4.1664,0.4803,417,723,0,0,1
7853,4.2784,0.7356,416,723,0,0,1
7854,4.068,0.4904,414,723,0,0,1
7855,4.0786,0.4619,414,723,0,0,1
7856,4.2692,0.5123,414,723,0,0,1
7857,4.107,0.4645,414,723,0,0,1
7858,4.397,0.6094,414,723,0,0,1
7859,3.9495,0.8037,414,723,0,0,1
7860,4.1548,0.8445,412,723,0,0,1
7861,4.2017,0.7432,411,723,0,0,1
7862,4.1162,0.534,411,723,0,0,1
7863,4.1989,0.4971,411,723,0,0,1
7864,4.5365,0.4617,411,723,0,0,1
7865,3.8544,0.6736,411,723,0,0,1
7866,4.0826,0.4276,410,723,0,0,1
7867,4.1232,0.5198,409,723,0,0,1
7868,4.2426,0.5018,409,723,0,0,1
7869,4.305,0.7354,409,723,0,0,1
7870,4.0532,0.6184,409,723,0,0,1
7871,4.0835,0.4218,409,723,0,0,1
7872,4.263,0.7127,409,723,0,0,1
7873,4.1638,0.4978,407,723,0,0,1
7874,4.0991,0.4683,407,723,0,0,1
7875,4.1996,0.5298,403,723,0,0,1
7876,4.1708,0.5181,400,723,0,0,1
7877,4.1806,0.9034,399,723,0,0,1
7878,4.1387,0.9421,399,723,0,0,1
7879,4.1414,0.5265,399,723,0,0,1
7880,4.4397,0.5377,399,723,0,0,1
7881,3.9546,0.6118,399,723,0,0,1
7882,4.4553,0.437,398,723,0,0,1
7883,3.8742,0.4599,397,723,0,0,1
7884,4.1476,0.6874,397,723,0,0,1
7885,4.2696,0.6684,396,723,0,0,1
7886,4.0534,0.4462,396,723,0,0,1
7887,4.2167,0.4836,395,723,0,0,1
7888,4.2594,0.4815,393,723,0,0,1
7889,3.9781,0.5439,392,723,0,0,1
7890,4.2266,0.42,392,723,0,0,1
7891,4.0898,0.5237,392,723,0,0,1
7892,4.216,0.4826,392,723,0,0,1
7893,4.2547,0.4594,390,723,0,0,1
7894,4.0559,0.4107,389,723,0,0,1
7895,4.2211,0.4482,388,723,0,0,1
7896,4.164,0.6654,386,723,0,0,1
7897,4.3254,0.4232,385,723,0,0,1
7898,3.9632,0.4388,384,723,0,0,1
7899,4.2043,0.5051,384,723,0,0,1
7900,4.1883,0.4875,384,723,0,0,1
7901,4.0818,0.4128,383,723,0,0,1
7902,4.2822,0.41,383,723,0,0,1
7903,4.0569,0.4236,376,723,0,0,1
7904,4.249,0.509,375,723,0,0,1
7905,4.1688,0.634,374,723,0,0,1
7906,4.1458,0.4695,374,723,0,0,1
7907,4.1274,0.4552,374,723,0,0,1
7908,4.17,0.4995,373,723,0,0,1
7909,4.2349,0.4635,423,723,0,0,1
7910,4.1029,0.4368,421,723,0,0,1
7911,4.201,0.5268,421,723,0,0,1
7912,4.5437,0.4912,420,723,0,0,1
7913,3.7959,0.4804,418,723,0,0,1
7914,4.1977,0.4405,417,723,0,0,1
7915,4.1024,0.7376,415,723,0,0,1
7916,4.1734,0.7445,415,723,0,0,1
7917,4.2915,0.4917,414,723,0,0,1
7918,4.0994,0.5441,413,723,0,0,1
7919,4.0455,0.5065,412,723,0,0,1
7920,4.2152,0.4543,412,723,0,0,1
7921,4.3743,0.6365,412,723,0,0,1
7922,3.9521,0.4633,411,723,0,0,1
7923,4.2504,0.4562,410,723,0,0,1
7924,4.1586,0.5342,410,723,0,0,1
7925,4.4667,0.4885,410,723,0,0,1
7926,3.8448,0.6302,410,723,0,0,1
7927,4.1162,0.6071,410,723,0,0,1
7928,4.1408,0.6111,409,723,0,0,1
7929,4.2554,0.7569,409,723,0,0,1
7930,4.452,0.725,407,723,0,0,1
7931,3.8781,0.4785,407,723,0,0,1
7932,4.194,0.4495,406,723,0,0,1
7933,4.1291,0.6738,406,723,0,0,1
7934,4.1152,0.4533,406,723,0,0,1
7935,4.1563,0.4727,406,723,0,0,1
7936,4.4499,0.7157,405,723,0,0,1
7937,3.9867,0.7112,405,723,0,0,1
7938,4.0537,0.4603,404,723,0,0,1
7939,4.175,0.5048,404,723,0,0,1
7940,4.1928,0.5081,404,723,0,0,1
7941,4.2584,0.6033,404,723,0,0,1
7942,4.1233,0.5185,404,723,0,0,1
7943,4.1366,0.5456,404,723,0,0,1
7944,4.5201,0.5045,403,723,0,0,1
7945,3.8521,0.4737,402,723,0,0,1
7946,4.1047,0.4302,401,723,0,0,1
7947,4.2839,0.7037,400,723,0,0,1
7948,4.2778,0.7781,400,723,0,0,1
7949,4.002,0.5182,400,723,0,0,1
7950,4.1676,0.4849,399,723,0,0,1
7951,4.0888,0.4494,398,723,0,0,1
7952,4.1922,0.5656,397,723,0,0,1
7953,4.2859,0.646,396,723,0,0,1
7954,4.2356,0.7558,395,723,0,0,1
7955,3.9942,0.4839,394,723,0,0,1
7956,4.5119,0.6734,393,723,0,0,1
7957,3.874,0.4872,392,723,0,0,1
7958,4.1006,0.4103,392,723,0,0,1
7959,4.211,0.6021,392,723,0,0,1
7960,4.3463,0.5716,390,723,0,0,1
7961,3.9581,0.4221,390,723,0,0,1
7962,4.1761,0.4192,390,723,0,0,1
7963,4.1005,0.4209,390,723,0,0,1
7964,4.4587,0.8194,388,723,0,0,1
7965,3.9745,0.7666,388,723,0,0,1
7966,4.2088,0.6479,387,723,0,0,1
7967,4.0889,0.5033,387,723,0,0,1
7968,4.2072,0.4779,387,723,0,0,1
7969,4.1467,0.4933,386,723,0,0,1
7970,4.108,0.4263,379,723,0,0,1
7971,4.2278,0.5344,377,723,0,0,1
7972,4.2361,0.6429,377,723,0,0,1
7973,4.1187,0.5163,376,723,0,0,1
7974,4.1335,0.4687,375,723,0,0,1
7975,4.0975,0.421,375,723,0,0,1
7976,4.5314,0.5471,423,723,0,0,1
7977,3.8702,0.5001,423,723,0,0,1
7978,4.1845,0.6818,423,723,0,0,1
7979,4.1018,0.8165,422,723,0,0,1
7980,4.1796,0.4279,420,723,0,0,1
7981,4.2217,0.5026,420,723,0,0,1
7982,4.1148,0.4458,418,723,0,0,1
7983,4.4349,0.4617,417,723,0,0,1
7984,4.0679,0.4822,415,723,0,0,1
7985,4.065,0.8822,415,723,0,0,1
7986,4.1192,0.5707,414,723,0,0,1
7987,4.1139,0.5125,413,723,0,0,1
7988,4.2439,0.5199,413,723,0,0,1
7989,4.1557,0.6534,412,723,0,0,1
7990,4.1214,0.6879,411,723,0,0,1
7991,4.1524,0.4524,411,723,0,0,1
7992,4.344,0.7051,410,723,0,0,1
7993,4.0611,0.4988,410,723,0,0,1
7994,4.1254,0.4659,410,723,0,0,1
7995,4.2317,0.4958,410,723,0,0,1
7996,4.1554,0.4386,410,723,0,0,1
7997,4.3382,0.7653,410,723,0,0,1
7998,3.9773,0.8183,410,723,0,0,1
7999,4.1408,0.4808,409,723,0,0,1
8000,4.2023,0.6183,409,723,0,0,1
8001,4.1408,0.5432,409,723,0,0,1
8002,4.1243,0.651,409,723,0,0,1
8003,4.2135,0.6812,408,723,0,0,1
8004,4.1887,0.7046,408,723,0,0,1
8005,4.2123,0.6947,408,723,0,0,1
8006,4.0913,0.4611,408,723,0,0,1
8007,4.1962,0.4825,407,723,0,0,1
8008,4.3241,0.4345,406,723,0,0,1
8009,4.0046,0.7688,406,723,0,0,1
8010,4.1777,0.4412,406,723,0,0,1
8011,4.0947,0.412,406,723,0,0,1
8012,4.1777,0.4211,406,723,0,0,1
8013,4.1997,0.4489,406,723,0,0,1
8014,4.2248,0.4829,406,723,0,0,1
8015,4.1229,0.7824,406,723,0,0,1
8016,4.1775,0.7415,405,723,0,0,1
8017,4.16,0.5563,405,723,0,0,1
8018,4.1215,0.4823,404,723,0,0,1
8019,4.2269,0.5655,403,723,0,0,1
8020,4.1955,0.5959,403,723,0,0,1
8021,4.3954,0.6898,402,723,0,0,1
8022,3.9228,0.4403,402,723,0,0,1
8023,4.0987,0.4546,401,723,0,0,1
8024,4.1644,0.4518,399,723,0,0,1
8025,4.2132,0.6392,399,723,0,0,1
8026,4.16,0.4632,398,723,0,0,1
8027,4.1519,0.4619,398,723,0,0,1
8028,4.1696,0.5513,397,723,0,0,1
8029,4.1722,0.7813,394,723,0,0,1
8030,4.1449,0.425,393,723,0,0,1
8031,4.456,0.6948,392,723,0,0,1
8032,3.8632,0.4272,390,723,0,0,1
8033,4.2278,0.4995,390,723,0,0,1
8034,4.1199,0.6007,389,723,0,0,1
8035,4.1644,0.4298,388,723,0,0,1
8036,4.1524,0.5039,388,723,0,0,1
8037,4.2547,0.5453,380,723,0,0,1
8038,4.4542,0.6295,380,723,0,0,1
8039,3.7874,0.4397,380,723,0,0,1
8040,4.1782,0.4179,380,723,0,0,1
8041,4.2415,0.75,380,723,0,0,1
8042,4.1017,0.4155,379,723,0,0,1
8043,4.4764,0.511,425,723,0,0,1
8044,3.8624,0.5034,425,723,0,0,1
8045,4.2222,0.6054,425,723,0,0,1
8046,4.2077,0.4962,424,723,0,0,1
8047,4.0678,0.4837,423,723,0,0,1
8048,4.2059,0.4988,423,723,0,0,1
8049,4.1708,0.5204,423,723,0,0,1
8050,4.1839,0.5087,421,723,0,0,1
8051,4.1676,0.5252,421,723,0,0,1
8052,4.1177,0.5161,420,723,0,0,1
8053,4.4166,0.6401,420,723,0,0,1
8054,3.9079,0.4497,419,723,0,0,1
8055,4.298,0.5154,419,723,0,0,1
8056,4.1617,0.4756,419,723,0,0,1
8057,4.0739,0.8101,418,723,0,0,1
8058,4.1681,0.7667,418,723,0,0,1
8059,4.1032,0.658,417,723,0,0,1
8060,4.2167,0.6786,417,723,0,0,1
8061,4.1525,0.5358,417,723,0,0,1
8062,4.2085,0.4994,415,723,0,0,1
8063,4.1728,0.5171,415,723,0,0,1
8064,4.1021,0.4437,415,723,0,0,1
8065,4.4349,0.4892,414,723,0,0,1
8066,3.897,0.4344,414,723,0,0,1
8067,4.2775,0.667,414,723,0,0,1
8068,4.1272,0.4924,414,723,0,0,1
8069,4.1003,0.446,414,723,0,0,1
8070,4.1679,0.4667,414,723,0,0,1
8071,4.1337,0.4222,414,723,0,0,1
8072,4.2419,0.4572,412,723,0,0,1
8073,4.162,0.7309,409,723,0,0,1
8074,4.165,0.5408,408,723,0,0,1
8075,4.1823,0.554,408,723,0,0,1
8076,4.1778,0.5559,408,723,0,0,1
8077,4.1063,0.5382,408,723,0,0,1
8078,4.1993,0.4673,407,723,0,0,1
8079,4.1491,0.8926,407,723,0,0,1
8080,4.4758,0.4696,407,723,0,0,1
8081,3.8934,0.5364,407,723,0,0,1
8082,4.5202,0.5096,405,723,0,0,1
8083,3.7679,0.4631,405,723,0,0,1
8084,4.208,0.61,402,723,0,0,1
8085,4.1258,0.7606,400,723,0,0,1
8086,4.2545,0.6404,400,723,0,0,1
8087,4.0791,0.4451,400,723,0,0,1
8088,4.2352,0.4805,399,723,0,0,1
8089,4.0868,0.6046,399,723,0,0,1
8090,4.1712,0.4169,398,723,0,0,1
8091,4.2425,0.7084,398,723,0,0,1
8092,4.2069,0.6856,398,723,0,0,1
8093,4.1755,0.6226,398,723,0,0,1
8094,4.056,0.4208,398,723,0,0,1
8095,4.1544,0.4198,397,723,0,0,1
8096,4.1818,0.4345,397,723,0,0,1
8097,4.2617,0.4379,397,723,0,0,1
8098,4.1066,0.4441,396,723,0,0,1
8099,4.0882,0.4551,394,723,0,0,1
8100,4.2681,0.505,394,723,0,0,1
8101,4.1616,0.535,393,723,0,0,1
8102,4.1138,0.4689,392,723,0,0,1
8103,4.2151,0.6291,392,723,0,0,1
8104,4.2238,0.4504,383,723,0,0,1
8105,4.0822,0.6812,383,723,0,0,1
8106,4.4924,0.5951,383,723,0,0,1
8107,3.8132,0.4319,383,723,0,0,1
8108,4.2018,0.4809,383,723,0,0,1
8109,4.135,0.7936,383,723,0,0,1
8110,4.2382,0.8514,432,723,0,0,1
8111,4.3675,0.6154,431,723,0,0,1
8112,3.9732,0.5694,430,723,0,0,1
8113,4.1566,0.7597,427,723,0,0,1
8114,4.0715,0.4561,427,723,0,0,1
8115,4.2561,0.5187,427,723,0,0,1
8116,4.1533,0.4578,426,723,0,0,1
8117,4.1584,0.7801,425,723,0,0,1
8118,4.1708,0.5248,425,723,0,0,1
8119,4.1144,0.4356,424,723,0,0,1
8120,4.2215,0.5233,424,723,0,0,1
8121,4.1065,0.449,422,723,0,0,1
8122,4.226,0.7235,422,723,0,0,1
8123,4.2269,0.844,421,723,0,0,1
8124,4.1841,0.6445,421,723,0,0,1
8125,4.066,0.5773,420,723,0,0,1
8126,4.1234,0.4572,419,723,0,0,1
8127,4.5013,0.6354,419,723,0,0,1
8128,4.0444,0.537,418,723,0,0,1
8129,3.9674,0.4427,418,723,0,0,1
8130,4.2423,0.663,418,723,0,0,1
8131,4.0793,0.4438,418,723,0,0,1
8132,4.2313,0.4916,417,723,0,0,1
8133,4.1204,0.4363,417,723,0,0,1
8134,4.2439,0.4378,417,723,0,0,1
8135,4.1177,0.4406,415,723,0,0,1
8136,4.1872,0.756,413,723,0,0,1
8137,4.1403,0.5053,413,723,0,0,1
8138,4.1564,0.4767,411,723,0,0,1
8139,4.242,0.5266,411,723,0,0,1
8140,4.1418,0.5275,410,723,0,0,1
8141,4.3455,0.5387,410,723,0,0,1
8142,4.0569,0.7105,409,723,0,0,1
8143,4.0992,0.6806,409,723,0,0,1
8144,4.1442,0.4931,407,723,0,0,1
8145,4.1492,0.4456,406,723,0,0,1
8146,4.1962,0.471,405,723,0,0,1
8147,4.1848,0.4816,404,723,0,0,1
8148,4.0985,0.4264,404,723,0,0,1
8149,4.2015,0.6824,402,723,0,0,1
8150,4.1564,0.7228,401,723,0,0,1
8151,4.1729,0.4946,400,723,0,0,1
8152,4.2977,0.4503,397,723,0,0,1
8153,4.0656,0.5168,397,723,0,0,1
8154,4.1131,0.4289,396,723,0,0,1
8155,4.1624,0.435,395,723,0,0,1
8156,4.2292,0.4827,395,723,0,0,1
8157,4.1398,0.4265,394,723,0,0,1
8158,4.1411,0.5033,393,723,0,0,1
8159,4.1939,0.5417,392,723,0,0,1
8160,4.1627,0.6648,391,723,0,0,1
8161,4.1595,0.8064,391,723,0,0,1
8162,4.1436,0.4298,391,723,0,0,1
8163,4.4231,0.572,391,723,0,0,1
8164,3.9863,0.4631,389,723,0,0,1
8165,4.3845,0.5591,389,723,0,0,1
8166,4.1183,0.4327,389,723,0,0,1
8167,3.9357,0.4188,389,723,0,0,1
8168,4.257,0.457,386,723,0,0,1
8169,4.0791,0.4145,386,723,0,0,1
8170,4.2021,0.4672,386,723,0,0,1
8171,4.1801,0.4592,386,723,0,0,1
8172,4.2019,0.5741,379,723,0,0,1
8173,4.0655,0.415,379,723,0,0,1
8174,4.2223,0.4515,379,723,0,0,1
8175,4.1859,0.4768,379,723,0,0,1
8176,4.1367,0.6537,377,723,0,0,1
8177,4.2027,0.5172,427,723,0,0,1
8178,4.0924,0.432,426,723,0,0,1
8179,4.1864,0.4463,425,723,0,0,1
8180,4.1921,0.8865,425,723,0,0,1
8181,4.1503,0.5258,424,723,0,0,1
8182,4.1491,0.6041,423,723,0,0,1
8183,4.2231,0.5186,421,723,0,0,1
8184,4.1156,0.4802,419,723,0,0,1
8185,4.1144,0.7116,419,723,0,0,1
8186,4.2235,0.4397,419,723,0,0,1
8187,4.179,0.4942,418,723,0,0,1
8188,4.1959,0.6485,417,723,0,0,1
8189,4.1837,0.6142,416,723,0,0,1
8190,4.075,0.4363,416,723,0,0,1
8191,4.202,0.7375,416,723,0,0,1
8192,4.1497,0.476,415,723,0,0,1
8193,4.1909,0.5425,413,723,0,0,1
8194,4.17,0.5702,411,723,0,0,1
8195,4.2282,0.6215,411,723,0,0,1
8196,4.0929,0.4764,411,723,0,0,1
8197,4.1346,0.4588,408,723,0,0,1
8198,4.2161,0.444,408,723,0,0,1
8199,4.2,0.7715,404,723,0,0,1
8200,5.1353,0.6064,404,723,0,0,1
8201,3.1323,0.4375,404,723,0,0,1
8202,4.1849,0.4289,404,723,0,0,1
8203,4.1862,0.4299,404,723,0,0,1
8204,4.1616,0.6508,402,723,0,0,1
8205,4.3656,0.5031,401,723,0,0,1
8206,3.9831,0.4127,401,723,0,0,1
8207,4.2036,0.4724,400,723,0,0,1
8208,4.1311,0.5685,399,723,0,0,1
8209,4.127,0.437,398,723,0,0,1
8210,4.1795,0.436,397,723,0,0,1
8211,4.1279,0.6714,397,723,0,0,1
8212,4.234,0.515,396,723,0,0,1
8213,4.166,0.5248,395,723,0,0,1
8214,4.127,0.614,393,723,0,0,1
8215,4.158,0.4968,392,723,0,0,1
8216,4.1726,0.4848,392,723,0,0,1
8217,4.2316,0.6212,390,723,0,0,1
8218,4.1037,0.6608,390,723,0,0,1
8219,4.2332,0.5985,390,723,0,0,1
8220,4.1064,0.4772,390,723,0,0,1
8221,4.1974,0.6116,390,723,0,0,1
8222,4.1114,0.4948,390,723,0,0,1
8223,4.2302,0.6529,390,723,0,0,1
8224,4.353,0.6342,389,723,0,0,1
8225,3.939,0.7479,389,723,0,0,1
8226,4.2201,0.501,388,723,0,0,1
8227,4.1214,0.4945,386,723,0,0,1
8228,4.2023,0.5863,386,723,0,0,1
8229,4.1124,0.5142,386,723,0,0,1
8230,4.2503,0.7951,386,723,0,0,1
8231,4.1458,0.66,385,723,0,0,1
8232,4.1717,0.7352,385,723,0,0,1
8233,4.1603,0.6289,385,723,0,0,1
8234,4.0884,0.5022,383,723,0,0,1
8235,4.1987,0.5977,383,723,0,0,1
8236,4.2109,0.489,383,723,0,0,1
8237,4.2645,0.6332,381,723,0,0,1
8238,4.0381,0.5828,381,723,0,0,1
8239,4.1476,0.4756,373,723,0,0,1
8240,4.2598,0.5188,371,723,0,0,1
8241,4.1557,0.534,370,723,0,0,1
8242,4.1134,0.7395,370,723,0,0,1
8243,4.2027,0.7459,370,723,0,0,1
8244,4.1027,0.4344,367,723,0,0,1
8245,4.225,0.5637,417,723,0,0,1
8246,4.1219,0.4815,415,723,0,0,1
8247,4.1883,0.5385,415,723,0,0,1
8248,4.387,0.5979,414,723,0,0,1
8249,3.9566,0.8377,413,723,0,0,1
8250,4.1747,0.4616,412,723,0,0,1
8251,4.1215,0.5248,412,723,0,0,1
8252,4.1238,0.4719,412,723,0,0,1
8253,4.2063,0.4481,411,723,0,0,1
8254,4.2444,0.6381,411,723,0,0,1
8255,4.121,0.4511,411,723,0,0,1
8256,4.3786,0.6733,411,723,0,0,1
8257,3.962,0.4993,411,723,0,0,1
8258,4.1286,0.4233,410,723,0,0,1
8259,4.1526,0.4406,409,723,0,0,1
8260,4.2253,0.4803,408,723,0,0,1
8261,4.1971,0.784,408,723,0,0,1
8262,4.2543,0.7282,408,723,0,0,1
8263,4.0081,0.5228,407,723,0,0,1
8264,4.1804,0.5733,406,723,0,0,1
8265,4.1608,0.4924,406,723,0,0,1
8266,4.2008,0.699,406,723,0,0,1
8267,4.3749,0.7889,405,723,0,0,1
8268,3.9204,0.6382,405,723,0,0,1
8269,4.5557,0.5688,405,723,0,0,1
8270,3.8281,0.4643,405,723,0,0,1
8271,4.4798,0.6894,405,723,0,0,1
8272,3.7619,0.4345,404,723,0,0,1
8273,4.1877,0.7379,404,723,0,0,1
8274,4.2024,0.4121,404,723,0,0,1
8275,4.12,0.4178,403,723,0,0,1
8276,4.2829,0.4963,402,723,0,0,1
8277,4.0883,0.4673,402,723,0,0,1
8278,4.2497,1.0234,402,723,0,0,1
8279,4.1197,0.695,400,723,0,0,1
8280,4.0991,0.4833,398,723,0,0,1
8281,4.2719,0.9732,398,723,0,0,1
8282,4.0877,0.5047,398,723,0,0,1
8283,4.1774,0.6176,398,723,0,0,1
8284,4.2092,0.5482,397,723,0,0,1
8285,4.1084,0.5761,396,723,0,0,1
8286,4.3723,0.4476,395,723,0,0,1
8287,4.0108,0.718,394,723,0,0,1
8288,4.166,0.5813,391,723,0,0,1
8289,4.1789,0.6684,390,723,0,0,1
8290,4.1193,0.48,389,723,0,0,1
8291,4.2184,0.4747,389,723,0,0,1
8292,4.3979,0.7197,387,723,0,0,1
8293,3.9541,0.5821,386,723,0,0,1
8294,4.096,0.4415,385,723,0,0,1
8295,4.2052,0.5139,383,723,0,0,1
8296,4.1231,0.4384,382,723,0,0,1
8297,4.4511,0.4424,381,723,0,0,1
8298,3.8478,0.5495,381,723,0,0,1
8299,4.1973,0.4366,381,723,0,0,1
8300,4.2869,0.4303,380,723,0,0,1
8301,4.0567,0.646,380,723,0,0,1
8302,4.23,0.473,378,723,0,0,1
8303,4.0902,0.4526,378,723,0,0,1
8304,4.172,0.4123,377,723,0,0,1
8305,4.1987,0.7573,376,723,0,0,1
8306,4.134,0.4147,366,723,0,0,1
8307,4.4455,0.6433,366,723,0,0,1
8308,3.945,0.4938,366,723,0,0,1
8309,4.1618,0.6926,366,723,0,0,1
8310,4.185,0.5456,365,723,0,0,1
8311,4.0859,0.5554,364,723,0,0,1
8312,4.2604,0.7435,414,723,0,0,1
8313,4.1324,0.4992,414,723,0,0,1
8314,4.1077,0.6744,414,723,0,0,1
8315,4.1711,0.448,414,723,0,0,1
8316,4.2595,0.467,414,723,0,0,1
8317,4.1327,0.7229,414,723,0,0,1
8318,4.1272,0.4286,412,723,0,0,1
8319,4.2005,0.4829,410,723,0,0,1
8320,4.1902,0.4195,409,723,0,0,1
8321,4.1723,0.536,408,723,0,0,1
8322,4.1397,0.7997,407,723,0,0,1
8323,4.1092,0.558,407,723,0,0,1
8324,4.195,0.6815,407,723,0,0,1
8325,4.2345,0.6432,406,723,0,0,1
8326,4.1694,0.8171,405,723,0,0,1
8327,4.1232,0.8796,405,723,0,0,1
8328,4.4768,0.5422,405,723,0,0,1
8329,3.9035,0.6833,405,723,0,0,1
8330,4.0968,0.4423,404,723,0,0,1
8331,4.2374,0.6609,404,723,0,0,1
8332,4.1381,0.4936,404,723,0,0,1
8333,4.1321,0.6002,403,723,0,0,1
8334,4.165,0.4517,402,723,0,0,1
8335,4.1366,0.4472,402,723,0,0,1
8336,4.1811,0.5105,402,723,0,0,1
8337,4.1885,0.4729,402,723,0,0,1
8338,4.1583,0.4828,402,723,0,0,1
8339,4.1768,0.4803,401,723,0,0,1
8340,4.1437,0.4198,401,723,0,0,1
8341,4.2317,0.6266,400,723,0,0,1
8342,4.0974,0.451,397,723,0,0,1
8343,4.2081,0.6432,397,723,0,0,1
8344,4.1175,0.4208,397,723,0,0,1
8345,4.2783,0.5201,395,723,0,0,1
8346,4.1073,0.5067,393,723,0,0,1
8347,4.0949,0.4261,392,723,0,0,1
8348,4.2506,0.4833,391,723,0,0,1
8349,4.1058,0.7002,391,723,0,0,1
8350,4.3351,0.7793,391,723,0,0,1
8351,4.0502,0.7823,391,723,0,0,1
8352,4.2171,0.5145,390,723,0,0,1
8353,4.1187,0.5615,390,723,0,0,1
8354,4.0896,0.4689,389,723,0,0,1
8355,4.4056,0.4658,386,723,0,0,1
8356,4.0603,0.686,384,723,0,0,1
8357,4.1334,0.5285,384,723,0,0,1
8358,4.1749,0.5257,384,723,0,0,1
8359,4.0638,0.4318,384,723,0,0,1
8360,4.2746,0.7297,383,723,0,0,1
8361,4.1682,0.6223,381,723,0,0,1
8362,4.0695,0.4441,381,723,0,0,1
8363,4.301,0.5187,380,723,0,0,1
8364,4.0475,0.4414,379,723,0,0,1
8365,4.2235,0.4885,378,723,0,0,1
8366,4.1144,0.4254,377,723,0,0,1
8367,4.4617,0.6633,376,723,0,0,1
8368,3.8461,0.3992,376,723,0,0,1
8369,4.2523,0.7047,375,723,0,0,1
8370,4.1072,0.4063,375,723,0,0,1
8371,4.1344,0.4417,373,723,0,0,1
8372,4.2416,0.4542,372,723,0,0,1
8373,4.1291,0.4326,365,723,0,0,1
8374,4.2224,0.6288,365,723,0,0,1
8375,4.1607,0.6501,365,723,0,0,1
8376,4.3836,0.5372,365,723,0,0,1
8377,3.942,0.5466,365,723,0,0,1
8378,4.0927,0.4683,365,723,0,0,1
8379,4.2405,0.487,412,723,0,0,1
8380,4.1761,0.4508,411,723,0,0,1
8381,4.3019,0.673,410,723,0,0,1
8382,4.0566,0.5105,409,723,0,0,1
8383,4.087,0.4459,409,723,0,0,1
8384,4.2206,0.5081,409,723,0,0,1
8385,4.1232,0.4632,408,723,0,0,1
8386,4.1413,0.4153,408,723,0,0,1
8387,4.231,0.4372,408,723,0,0,1
8388,4.169,0.489,406,723,0,0,1
8389,4.0992,0.7257,405,723,0,0,1
8390,4.1913,0.4699,405,723,0,0,1
8391,4.1659,0.5161,405,723,0,0,1
8392,4.1377,0.4785,405,723,0,0,1
8393,4.2581,0.81,405,723,0,0,1
8394,4.0902,0.4974,405,723,0,0,1
8395,4.1387,0.5081,405,723,0,0,1
8396,4.2119,0.5229,404,723,0,0,1
8397,4.1984,0.4599,404,723,0,0,1
8398,4.1766,0.5021,404,723,0,0,1
8399,4.0502,0.4662,404,723,0,0,1
8400,4.2841,0.6153,404,723,0,0,1
8401,4.1497,0.5548,404,723,0,0,1
8402,4.0914,0.4414,403,723,0,0,1
8403,4.237,0.6057,403,723,0,0,1
8404,4.1236,0.4603,403,723,0,0,1
8405,4.3056,0.6749,403,723,0,0,1
8406,3.9965,0.6769,402,723,0,0,1
8407,4.1746,0.4182,401,723,0,0,1
8408,4.472,0.5035,399,723,0,0,1
8409,3.9036,0.6192,398,723,0,0,1
8410,4.2307,0.4731,397,723,0,0,1
8411,4.2716,0.4197,396,723,0,0,1
8412,4.0515,0.8506,396,723,0,0,1
8413,4.2198,0.4424,394,723,0,0,1
8414,4.0545,0.4304,394,723,0,0,1
8415,4.4919,0.6215,394,723,0,0,1
8416,3.8207,0.4258,393,723,0,0,1
8417,4.4216,0.5437,393,723,0,0,1
8418,4.0941,0.4371,393,723,0,0,1
8419,4.0483,0.7262,392,723,0,0,1
8420,4.1612,0.495,391,723,0,0,1
8421,4.1366,0.5661,390,723,0,0,1
8422,4.2202,0.5058,389,723,0,0,1
8423,4.0892,0.5168,388,723,0,0,1
8424,4.2263,0.7169,388,723,0,0,1
8425,4.0932,0.7096,388,723,0,0,1
8426,4.1959,0.4549,387,723,0,0,1
8427,4.2576,0.5045,385,723,0,0,1
8428,4.1167,0.6213,384,723,0,0,1
8429,4.1942,0.5078,383,723,0,0,1
8430,4.133,0.6255,381,723,0,0,1
8431,4.1504,0.4855,381,723,0,0,1
8432,4.3233,0.6792,381,723,0,0,1
8433,4.0661,0.6579,381,723,0,0,1
8434,4.1642,0.5766,377,723,0,0,1
8435,4.1404,0.4529,376,723,0,0,1
8436,4.2668,0.6773,374,723,0,0,1
8437,4.078,0.4547,374,723,0,0,1
8438,4.0936,0.6709,374,723,0,0,1
8439,4.2402,0.475,373,723,0,0,1
8440,4.1192,0.4547,372,723,0,0,1
8441,4.1983,0.5745,365,723,0,0,1
8442,4.145,0.4624,365,723,0,0,1
8443,4.1665,0.6002,364,723,0,0,1
8444,4.1325,0.7275,364,723,0,0,1
8445,4.1927,0.7397,363,723,0,0,1
8446,4.2756,0.4845,413,723,0,0,1
8447,4.1091,0.552,413,723,0,0,1
8448,4.2519,0.6141,413,723,0,0,1
8449,4.0567,0.6953,410,723,0,0,1
8450,4.1322,0.4676,410,723,0,0,1
8451,4.3285,0.4996,409,723,0,0,1
8452,4.0717,0.4908,409,723,0,0,1
8453,4.1841,0.5387,409,723,0,0,1
8454,4.0982,0.4431,408,723,0,0,1
8455,4.1486,0.43,408,723,0,0,1
8456,4.1914,0.5768,407,723,0,0,1
8457,4.2175,0.8194,406,723,0,0,1
8458,4.318,0.6128,406,723,0,0,1
8459,3.9952,0.4829,406,723,0,0,1
8460,4.1953,0.4764,406,723,0,0,1
8461,4.0896,0.5588,406,723,0,0,1
8462,4.1666,0.4423,406,723,0,0,1
8463,4.2608,0.7164,406,723,0,0,1
8464,4.064,0.4696,405,723,0,0,1
8465,4.2238,0.7444,404,723,0,0,1
8466,4.1097,0.6287,404,723,0,0,1
8467,4.1469,0.4803,403,723,0,0,1
8468,4.2146,0.76,403,723,0,0,1
8469,4.2137,0.652,401,723,0,0,1
8470,4.1531,0.5349,401,723,0,0,1
8471,4.1377,0.4898,400,723,0,0,1
8472,4.1478,0.4867,399,723,0,0,1
8473,4.2216,0.665,398,723,0,0,1
8474,4.0848,0.4604,398,723,0,0,1
8475,4.2069,0.6095,398,723,0,0,1
8476,4.2929,0.7047,398,723,0,0,1
8477,4.1294,0.5142,398,723,0,0,1
8478,4.0467,0.5371,396,723,0,0,1
8479,4.1488,0.4311,396,723,0,0,1
8480,4.2555,0.5363,396,723,0,0,1
8481,4.1891,0.5786,395,723,0,0,1
8482,4.1406,0.459,395,723,0,0,1
8483,4.1364,0.4403,394,723,0,0,1
8484,4.1524,0.5892,394,723,0,0,1
8485,4.1815,0.5169,394,723,0,0,1
8486,4.1609,0.6435,394,723,0,0,1
8487,4.152,0.4213,394,723,0,0,1
8488,4.1568,0.4304,393,723,0,0,1
8489,4.3028,0.6638,392,723,0,0,1
8490,4.0093,0.4279,392,723,0,0,1
8491,4.2194,0.431,392,723,0,0,1
8492,4.1229,0.4172,392,723,0,0,1
8493,4.2465,0.5042,391,723,0,0,1
8494,4.1558,0.7044,391,723,0,0,1
8495,4.1691,0.485,391,723,0,0,1
8496,4.2026,0.6503,390,723,0,0,1
8497,4.1497,0.5585,390,723,0,0,1
8498,4.0986,0.4558,390,723,0,0,1
8499,4.2284,0.4874,390,723,0,0,1
8500,4.1193,0.449,390,723,0,0,1
8501,4.282,0.6734,390,723,0,0,1
8502,4.0898,0.4277,389,723,0,0,1
8503,4.0994,0.4136,389,723,0,0,1
8504,4.2475,0.5146,388,723,0,0,1
8505,4.1583,0.4763,388,723,0,0,1
8506,4.1632,0.6988,386,723,0,0,1
8507,4.3952,0.6233,385,723,0,0,1
8508,3.9613,0.7429,377,723,0,0,1
8509,4.123,0.5134,375,723,0,0,1
8510,4.1314,0.4293,374,723,0,0,1
8511,4.1747,0.4299,374,723,0,0,1
8512,4.1679,0.4239,374,723,0,0,1
8513,4.3314,0.8416,424,723,0,0,1
8514,4.0507,0.4567,423,723,0,0,1
8515,4.1015,0.4298,423,723,0,0,1
8516,4.2043,0.4765,422,723,0,0,1
8517,4.1896,0.6673,422,723,0,0,1
8518,4.1655,0.7523,421,723,0,0,1
8519,4.1068,0.7213,421,723,0,0,1
8520,4.1943,0.6904,420,723,0,0,1
8521,4.2224,0.5815,420,723,0,0,1
8522,4.1046,0.5095,420,723,0,0,1
8523,4.5138,0.4605,420,723,0,0,1
8524,3.8714,0.4745,420,723,0,0,1
8525,4.2247,0.6543,420,723,0,0,1
8526,4.1763,0.6954,418,723,0,0,1
8527,4.0363,0.4589,417,723,0,0,1
8528,4.2948,0.4967,416,723,0,0,1
8529,4.0728,0.4346,415,723,0,0,1
8530,4.169,0.6925,414,723,0,0,1
8531,4.166,0.4253,413,723,0,0,1
8532,4.2412,0.7392,412,723,0,0,1
8533,4.1381,0.6613,412,723,0,0,1
8534,4.1271,0.5059,412,723,0,0,1
8535,4.1162,0.6597,412,723,0,0,1
8536,4.1845,0.5108,412,723,0,0,1
8537,4.4198,0.6381,410,723,0,0,1
8538,3.9177,0.626,410,723,0,0,1
8539,4.1629,0.6594,408,723,0,0,1
8540,4.19,0.4943,407,723,0,0,1
8541,4.1603,0.4407,407,723,0,0,1
8542,4.2219,0.4783,407,723,0,0,1
8543,4.189,0.4496,406,723,0,0,1
8544,4.1364,0.6567,406,723,0,0,1
8545,4.2306,0.8083,406,723,0,0,1
8546,4.052,0.4308,405,723,0,0,1
8547,4.2346,0.4707,405,723,0,0,1
8548,4.0909,0.6044,404,723,0,0,1
8549,4.2906,0.7481,403,723,0,0,1
8550,4.0088,0.7705,402,723,0,0,1
8551,4.3291,0.6993,401,723,0,0,1
8552,4.137,0.6033,401,723,0,0,1
8553,4.0971,0.5778,400,723,0,0,1
8554,4.1236,0.5078,399,723,0,0,1
8555,4.1872,0.4773,398,723,0,0,1
8556,4.2453,0.7341,397,723,0,0,1
8557,4.1214,0.507,397,723,0,0,1
8558,4.1496,0.4924,395,723,0,0,1
8559,4.1709,0.5308,394,723,0,0,1
8560,4.1512,0.5384,394,723,0,0,1
8561,4.2233,0.6472,394,723,0,0,1
8562,4.11,0.6154,393,723,0,0,1
8563,4.1762,0.7487,392,723,0,0,1
8564,4.2796,0.6755,391,723,0,0,1
8565,4.069,0.588,390,723,0,0,1
8566,4.1973,0.5931,389,723,0,0,1
8567,4.1424,0.5751,389,723,0,0,1
8568,4.2072,0.6278,389,723,0,0,1
8569,4.1076,0.6928,386,723,0,0,1
8570,4.1502,0.5193,385,723,0,0,1
8571,4.186,0.5938,385,723,0,0,1
8572,4.2114,0.5988,385,723,0,0,1
8573,4.1578,0.694,384,723,0,0,1
8574,4.1785,0.6569,384,723,0,0,1
8575,4.0813,0.7328,376,723,0,0,1
8576,4.1408,0.6998,375,723,0,0,1
8577,4.289,0.8328,375,723,0,0,1
8578,4.3797,0.681,375,723,0,0,1
8579,3.9644,0.4771,375,723,0,0,1
8580,4.1966,0.9179,425,723,0,0,1
8581,4.0842,0.4849,424,723,0,0,1
8582,4.1176,0.4832,423,723,0,0,1
8583,4.2965,0.4439,422,723,0,0,1
8584,4.1061,0.4408,421,723,0,0,1
8585,4.1309,0.4963,419,723,0,0,1
8586,4.1428,0.5929,418,723,0,0,1
8587,4.1797,0.4834,418,723,0,0,1
8588,4.1654,0.4289,417,723,0,0,1
8589,4.1706,0.5857,417,723,0,0,1
8590,4.2089,0.7895,417,723,0,0,1
8591,4.4077,0.7947,417,723,0,0,1
8592,3.9721,0.5315,416,723,0,0,1
8593,4.0526,0.7106,416,723,0,0,1
8594,4.196,0.4608,416,723,0,0,1
8595,4.2995,0.6995,416,723,0,0,1
8596,4.0944,0.5043,416,723,0,0,1
8597,4.1763,0.5798,415,723,0,0,1
8598,4.4372,0.4488,415,723,0,0,1
8599,3.8282,0.442,415,723,0,0,1
8600,4.1821,0.4963,415,723,0,0,1
8601,4.2234,0.4871,415,723,0,0,1
8602,4.1856,0.4914,415,723,0,0,1
8603,4.3244,0.591,414,723,0,0,1
8604,3.9864,0.4825,413,723,0,0,1
8605,4.1107,0.5614,412,723,0,0,1
8606,4.1367,0.7364,412,723,0,0,1
8607,4.2367,0.6678,409,723,0,0,1
8608,4.1018,0.4794,409,723,0,0,1
8609,4.2414,0.5901,409,723,0,0,1
8610,4.1053,0.5036,408,723,0,0,1
8611,4.1664,0.5278,408,723,0,0,1
8612,4.1813,0.4925,408,723,0,0,1
8613,4.1577,0.5796,407,723,0,0,1
8614,4.1571,0.4499,407,723,0,0,1
8615,4.4003,0.5892,406,723,0,0,1
8616,3.9782,0.6057,404,723,0,0,1
8617,4.102,0.5528,403,723,0,0,1
8618,4.1782,0.4393,403,723,0,0,1
8619,4.3292,0.4367,403,723,0,0,1
8620,4.0124,0.4349,402,723,0,0,1
8621,4.2501,0.7576,401,723,0,0,1
8622,4.1465,0.4947,401,723,0,0,1
8623,4.0787,0.4259,400,723,0,0,1
8624,4.2067,0.5065,398,723,0,0,1
8625,4.2331,0.5209,398,723,0,0,1
8626,4.1785,0.5924,397,723,0,0,1
8627,4.1131,0.4245,393,723,0,0,1
8628,4.2006,0.4905,393,723,0,0,1
8629,4.1301,0.5133,393,723,0,0,1
8630,4.142,0.4408,393,723,0,0,1
8631,4.1795,0.4439,391,723,0,0,1
8632,4.1364,0.4193,389,723,0,0,1
8633,4.3449,0.7561,388,723,0,0,1
8634,4.2887,0.5925,388,723,0,0,1
8635,3.7974,0.4059,388,723,0,0,1
8636,4.4415,0.5717,387,723,0,0,1
8637,4.0189,0.4857,386,723,0,0,1
8638,4.1301,0.6246,386,723,0,0,1
8639,4.1707,0.7157,386,723,0,0,1
8640,4.5421,0.6876,386,723,0,0,1
8641,4.4608,0.6304,385,723,0,0,1
8642,3.5287,0.4762,378,723,0,0,1
8643,4.5063,0.415,378,723,0,0,1
8644,4.1261,0.4331,378,723,0,0,1
8645,4.0671,0.6254,378,723,0,0,1
8646,4.2314,0.4367,377,723,0,0,1
8647,3.9037,0.4386,376,723,0,0,1
8648,4.1669,0.4587,425,723,0,0,1
8649,4.1889,0.4784,425,723,0,0,1
8650,4.4227,0.7095,425,723,0,0,1
8651,3.8669,0.714,425,723,0,0,1
8652,4.1784,0.6659,423,723,0,0,1
8653,4.7748,0.4747,421,723,0,0,1
8654,3.6155,0.4903,419,723,0,0,1
8655,4.129,0.4978,418,723,0,0,1
8656,4.0949,0.4979,418,723,0,0,1
8657,4.3929,0.4865,418,723,0,0,1
8658,4.1195,0.6532,418,723,0,0,1
8659,4.0638,0.4546,418,723,0,0,1
8660,4.5649,0.6106,416,723,0,0,1
8661,3.7768,0.5092,416,723,0,0,1
8662,4.5017,0.457,416,723,0,0,1
8663,4.0399,0.4425,416,723,0,0,1
8664,3.9532,0.6275,414,723,0,0,1
8665,4.2056,0.6899,414,723,0,0,1
8666,4.1186,0.4434,413,723,0,0,1
8667,4.5948,0.725,413,723,0,0,1
8668,3.7917,0.522,413,723,0,0,1
8669,4.4827,0.7141,413,723,0,0,1
8670,4.0842,0.4931,413,723,0,0,1
8671,4.1388,0.8084,412,723,0,0,1
8672,4.3494,0.6742,412,723,0,0,1
8673,3.7361,0.4892,411,723,0,0,1
8674,4.5245,0.4329,411,723,0,0,1
8675,4.1184,0.4229,411,723,0,0,1
8676,4.0533,0.5836,411,723,0,0,1
8677,4.074,0.5812,411,723,0,0,1
8678,4.035,0.5595,410,723,0,0,1
8679,4.2051,0.4953,410,723,0,0,1
8680,4.0519,0.4806,408,723,0,0,1
8681,4.2998,0.4907,407,723,0,0,1
8682,4.0454,0.4052,405,723,0,0,1
8683,4.1892,0.6131,403,723,0,0,1
8684,4.2206,0.531,402,723,0,0,1
8685,4.1116,0.5368,400,723,0,0,1
8686,4.2525,0.5357,400,723,0,0,1
8687,4.1275,0.5403,400,723,0,0,1
8688,4.2331,0.7632,400,723,0,0,1
8689,4.0221,0.4918,397,723,0,0,1
8690,4.1911,0.4344,396,723,0,0,1
8691,4.2637,0.5149,395,723,0,0,1
8692,4.096,0.4337,394,723,0,0,1
8693,4.2707,0.6201,394,723,0,0,1
8694,4.3774,0.508,394,723,0,0,1
8695,3.8887,0.622,391,723,0,0,1
8696,4.2583,0.6684,391,723,0,0,1
8697,4.1004,0.4969,391,723,0,0,1
8698,4.1681,0.4935,390,723,0,0,1
8699,4.4142,0.4326,390,723,0,0,1
8700,3.9342,0.5496,390,723,0,0,1
8701,4.1236,0.4385,390,723,0,0,1
8702,4.1202,0.4267,389,723,0,0,1
8703,4.2648,0.5158,389,723,0,0,1
8704,4.0796,0.4239,388,723,0,0,1
8705,4.2074,0.4717,387,723,0,0,1
8706,4.1054,0.4143,386,723,0,0,1
8707,4.2022,0.4269,386,723,0,0,1
8708,4.2153,0.6394,384,723,0,0,1
8709,4.1254,0.5501,376,723,0,0,1
8710,4.18,0.4633,373,723,0,0,1
8711,4.195,0.4711,373,723,0,0,1
8712,4.2009,0.4483,373,723,0,0,1
8713,4.0988,0.4694,372,723,0,0,1
8714,4.1319,0.4083,372,723,0,0,1
8715,4.2086,0.6663,421,723,0,0,1
8716,4.2038,0.5055,421,723,0,0,1
8717,4.1589,0.5429,421,723,0,0,1
8718,4.1832,0.6697,420,723,0,0,1
8719,4.1099,0.6474,420,723,0,0,1
8720,4.1534,0.7054,420,723,0,0,1
8721,4.2405,0.7567,420,723,0,0,1
8722,4.1335,0.5194,420,723,0,0,1
8723,4.2682,0.4879,419,723,0,0,1
8724,4.1554,0.5368,419,723,0,0,1
8725,4.0719,0.6148,419,723,0,0,1
8726,4.1418,0.4565,418,723,0,0,1
8727,4.2639,0.7368,416,723,0,0,1
8728,4.1013,0.9794,414,723,0,0,1
8729,4.2661,0.6396,414,723,0,0,1
8730,4,0.4405,412,723,0,0,1
8731,4.2471,0.4878,410,723,0,0,1
8732,4.1747,0.6852,410,723,0,0,1
8733,4.0972,0.5458,410,723,0,0,1
8734,4.2397,0.5157,410,723,0,0,1
8735,4.0781,0.4466,409,723,0,0,1
8736,4.2629,0.4916,409,723,0,0,1
8737,4.0758,0.49,409,723,0,0,1
8738,4.1607,0.4646,409,723,0,0,1
8739,4.281,0.6597,408,723,0,0,1
8740,4.0745,0.4338,407,723,0,0,1
8741,4.2329,0.4904,407,723,0,0,1
8742,4.707,0.4346,405,723,0,0,1
8743,3.5717,0.4289,404,723,0,0,1
8744,4.2283,0.5008,404,723,0,0,1
8745,4.1711,0.48,403,723,0,0,1
8746,4.183,0.703,403,723,0,0,1
8747,4.2884,0.5731,403,723,0,0,1
8748,3.96,0.4876,403,723,0,0,1
8749,4.2369,0.6141,403,723,0,0,1
8750,4.1107,0.5049,403,723,0,0,1
8751,4.1276,0.5489,403,723,0,0,1
8752,4.255,0.6811,403,723,0,0,1
8753,4.1749,0.5186,402,723,0,0,1
8754,4.0906,0.4681,402,723,0,0,1
8755,4.1961,0.4448,401,723,0,0,1
8756,4.194,0.4954,399,723,0,0,1
8757,4.143,0.5018,397,723,0,0,1
8758,4.1987,0.6614,396,723,0,0,1
8759,4.2823,0.6832,395,723,0,0,1
8760,3.9948,0.466,395,723,0,0,1
8761,4.2024,0.495,395,723,0,0,1
8762,4.1277,0.4292,394,723,0,0,1
8763,4.1686,0.4227,391,723,0,0,1
8764,4.2257,0.4225,390,723,0,0,1
8765,4.3934,0.6667,388,723,0,0,1
8766,4.0933,0.469,386,723,0,0,1
8767,4.0155,0.6061,385,723,0,0,1
8768,4.1585,0.4683,383,723,0,0,1
8769,4.1269,0.4171,383,723,0,0,1
8770,4.2261,0.4292,383,723,0,0,1
8771,4.338,0.4429,383,723,0,0,1
8772,3.9879,0.5002,383,723,0,0,1
8773,4.1504,0.6507,381,723,0,0,1
8774,4.1269,0.4254,381,723,0,0,1
8775,4.2155,0.4589,381,723,0,0,1
8776,4.1052,0.4228,373,723,0,0,1
8777,4.4148,0.6253,373,723,0,0,1
8778,3.9485,0.4767,373,723,0,0,1
8779,4.1453,0.4345,370,723,0,0,1
8780,4.2242,0.4653,370,723,0,0,1
8781,4.1215,0.4876,370,723,0,0,1
8782,4.1928,0.5324,420,723,0,0,1
8783,4.2033,0.4742,420,723,0,0,1
8784,4.1381,0.6985,420,723,0,0,1
8785,4.1696,0.4711,419,723,0,0,1
8786,4.1197,0.4386,416,723,0,0,1
8787,4.2669,0.5106,416,723,0,0,1
8788,4.1185,0.5483,416,723,0,0,1
8789,4.1438,0.7623,415,723,0,0,1
8790,4.4912,0.5591,415,723,0,0,1
8791,3.866,0.5262,414,723,0,0,1
8792,4.1324,0.5381,414,723,0,0,1
8793,4.1665,0.4916,414,723,0,0,1
8794,4.2128,0.6236,414,723,0,0,1
8795,4.1188,0.5119,414,723,0,0,1
8796,4.1733,0.5333,414,723,0,0,1
8797,4.216,0.6193,414,723,0,0,1
8798,4.1137,0.4331,414,723,0,0,1
8799,4.1673,0.4249,414,723,0,0,1
8800,4.1478,0.5118,414,723,0,0,1
8801,4.2453,0.7258,413,723,0,0,1
8802,4.1285,0.4869,413,723,0,0,1
8803,4.1615,0.7123,412,723,0,0,1
8804,4.1923,0.5742,412,723,0,0,1
8805,4.1926,0.5767,412,723,0,0,1
8806,4.0851,0.4617,412,723,0,0,1
8807,4.166,0.5629,412,723,0,0,1
8808,4.2112,0.6192,412,723,0,0,1
8809,4.244,0.7504,412,723,0,0,1
8810,4.0659,0.4458,412,723,0,0,1
8811,4.1473,0.4562,411,723,0,0,1
8812,4.2178,0.5649,411,723,0,0,1
8813,4.19,0.589,410,723,0,0,1
8814,4.0837,0.6769,410,723,0,0,1
8815,4.2011,0.4516,409,723,0,0,1
8816,4.1788,0.5612,408,723,0,0,1
8817,4.1799,0.522,408,723,0,0,1
8818,4.1162,0.5232,408,723,0,0,1
8819,4.2186,0.5384,408,723,0,0,1
8820,4.1246,0.7546,407,723,0,0,1
8821,4.1631,0.5773,407,723,0,0,1
8822,4.1865,0.4758,407,723,0,0,1
8823,4.1837,0.4988,406,723,0,0,1
8824,4.2001,0.5193,405,723,0,0,1
8825,4.1647,0.482,403,723,0,0,1
8826,4.1961,0.6141,401,723,0,0,1
8827,4.1241,0.6206,399,723,0,0,1
8828,4.2848,0.6739,399,723,0,0,1
8829,4.402,0.5741,397,723,0,0,1
8830,3.9053,0.346,395,723,0,0,1
8831,4.0399,0.3228,395,723,0,0,1
8832,4.221,0.6058,395,723,0,0,1
8833,4.064,0.5263,392,723,0,0,1
8834,4.2095,0.3445,392,723,0,0,1
8835,4.1363,0.5524,391,723,0,0,1
8836,4.2546,0.6046,391,723,0,0,1
8837,4.2192,0.7158,390,723,0,0,1
8838,4.0232,0.438,389,723,0,0,1
8839,4.2052,0.3398,388,723,0,0,1
8840,4.1706,0.4416,387,723,0,0,1
8841,4.1655,0.3599,385,723,0,0,1
8842,4.1927,0.6149,385,723,0,0,1
8843,4.1977,0.4487,385,723,0,0,1
8844,4.0752,0.3559,377,723,0,0,1
8845,4.1932,0.4839,377,723,0,0,1
8846,4.1714,0.4322,376,723,0,0,1
8847,4.2047,0.426,376,723,0,0,1
8848,4.168,0.5065,376,723,0,0,1
8849,4.1661,0.6543,426,723,0,0,1
8850,4.0898,0.6066,425,723,0,0,1
8851,4.187,0.6736,425,723,0,0,1
8852,4.3617,0.7955,423,723,0,0,1
8853,3.964,0.7083,420,723,0,0,1
8854,4.1738,0.5437,420,723,0,0,1
8855,4.2121,0.5089,418,723,0,0,1
8856,4.2109,0.5648,417,723,0,0,1
8857,4.1371,0.4852,417,723,0,0,1
8858,4.1269,0.4431,417,723,0,0,1
8859,4.1376,0.6363,417,723,0,0,1
8860,4.1677,0.4398,416,723,0,0,1
8861,4.2313,0.7029,415,723,0,0,1
8862,4.1897,0.4886,415,723,0,0,1
8863,4.0938,0.5618,414,723,0,0,1
8864,4.2347,0.7251,413,723,0,0,1
8865,4.118,0.4845,412,723,0,0,1
8866,4.4506,0.6663,412,723,0,0,1
8867,3.9017,0.4705,411,723,0,0,1
8868,4.2099,0.4987,410,723,0,0,1
8869,4.1563,0.5724,409,723,0,0,1
8870,4.0954,0.4411,408,723,0,0,1
8871,4.2155,0.659,408,723,0,0,1
8872,4.2468,0.6848,408,723,0,0,1
8873,4.1608,0.6424,408,723,0,0,1
8874,4.0131,0.4169,407,723,0,0,1
8875,4.2052,0.4612,407,723,0,0,1
8876,4.4397,0.4664,407,723,0,0,1
8877,3.9204,0.4843,407,723,0,0,1
8878,4.2068,0.7053,405,723,0,0,1
8879,4.1143,0.5647,405,723,0,0,1
8880,4.225,0.5828,405,723,0,0,1
8881,4.1525,0.6251,405,723,0,0,1
8882,4.0775,0.4757,405,723,0,0,1
8883,4.186,0.601,405,723,0,0,1
8884,4.2739,0.7145,404,723,0,0,1
8885,4.0963,0.5027,404,723,0,0,1
8886,4.2702,0.4461,404,723,0,0,1
8887,4.0333,0.4476,404,723,0,0,1
8888,4.2183,0.6353,404,723,0,0,1
8889,4.1326,0.4698,404,723,0,0,1
8890,4.1961,0.6659,403,723,0,0,1
8891,4.2212,0.4372,401,723,0,0,1
8892,4.1359,0.6774,401,723,0,0,1
8893,4.1202,0.6511,399,723,0,0,1
8894,4.2496,0.4421,398,723,0,0,1
8895,4.1825,0.4529,398,723,0,0,1
8896,4.0413,0.5032,398,723,0,0,1
8897,4.4819,0.7471,398,723,0,0,1
8898,3.8624,0.4348,398,723,0,0,1
8899,4.1586,0.5029,397,723,0,0,1
8900,4.4528,0.475,396,723,0,0,1
8901,3.883,0.6757,396,723,0,0,1
8902,4.2161,0.7845,396,723,0,0,1
8903,4.2133,0.697,396,723,0,0,1
8904,4.1229,0.6054,395,723,0,0,1
8905,4.1906,0.6385,394,723,0,0,1
8906,4.0742,0.4818,393,723,0,0,1
8907,4.4984,0.7079,392,723,0,0,1
8908,3.9179,0.8069,392,723,0,0,1
8909,4.3169,0.7113,392,723,0,0,1
8910,4.1577,0.7504,392,723,0,0,1
8911,4.023,0.6469,385,723,0,0,1
8912,4.1165,0.4609,384,723,0,0,1
8913,4.217,0.6923,383,723,0,0,1
8914,4.1554,0.6231,382,723,0,0,1
8915,4.0702,0.5141,380,723,0,0,1
8916,4.355,0.7247,429,723,0,0,1
8917,4.0594,0.5581,428,723,0,0,1
8918,4.1369,0.4563,428,723,0,0,1
8919,4.2264,0.8364,427,723,0,0,1
8920,4.1727,0.4833,426,723,0,0,1
8921,4.1663,0.6881,426,723,0,0,1
8922,4.2099,0.7466,426,723,0,0,1
8923,4.0661,0.4864,425,723,0,0,1
8924,4.4394,0.69,425,723,0,0,1
8925,3.9088,0.6756,423,723,0,0,1
8926,4.207,0.4989,422,723,0,0,1
8927,4.1633,0.4667,422,723,0,0,1
8928,4.3315,0.6219,421,723,0,0,1
8929,3.9388,0.6199,420,723,0,0,1
8930,4.1468,0.4432,420,723,0,0,1
8931,4.2602,0.495,419,723,0,0,1
8932,4.1715,0.4538,417,723,0,0,1
8933,4.1603,0.5729,417,723,0,0,1
8934,4.2755,0.4333,416,723,0,0,1
8935,4.1424,0.6654,416,723,0,0,1
8936,4.4049,0.6365,416,723,0,0,1
8937,3.811,0.5274,416,723,0,0,1
8938,4.4302,0.6854,415,723,0,0,1
8939,3.9349,0.6335,415,723,0,0,1
8940,4.175,0.5066,415,723,0,0,1
8941,4.192,0.7826,415,723,0,0,1
8942,4.0842,0.474,415,723,0,0,1
8943,4.1776,0.4931,415,723,0,0,1
8944,4.2037,0.548,414,723,0,0,1
8945,4.1851,0.5483,414,723,0,0,1
8946,4.0653,0.6105,414,723,0,0,1
8947,4.2951,0.7029,414,723,0,0,1
8948,4.3495,0.5824,412,723,0,0,1
8949,3.9305,0.7273,412,723,0,0,1
8950,4.2008,0.4901,412,723,0,0,1
8951,4.1154,0.4776,412,723,0,0,1
8952,4.2235,0.6553,412,723,0,0,1
8953,4.1682,0.7276,409,723,0,0,1
8954,4.0824,0.4836,409,723,0,0,1
8955,4.219,0.5573,408,723,0,0,1
8956,4.1632,0.5814,406,723,0,0,1
8957,4.189,0.574,404,723,0,0,1
8958,4.0503,0.4938,404,723,0,0,1
8959,4.2092,0.6012,403,723,0,0,1
8960,4.3021,0.7075,403,723,0,0,1
8961,4.0708,0.4484,403,723,0,0,1
8962,4.469,0.5209,403,723,0,0,1
8963,3.8085,0.4462,403,723,0,0,1
8964,4.287,0.4692,403,723,0,0,1
8965,4.2706,0.4424,402,723,0,0,1
8966,3.964,0.6826,400,723,0,0,1
8967,4.2251,0.504,399,723,0,0,1
8968,4.1093,0.4283,398,723,0,0,1
8969,4.2138,0.5733,397,723,0,0,1
8970,4.1204,0.4373,396,723,0,0,1
8971,4.1795,0.431,395,723,0,0,1
8972,4.1464,0.6835,394,723,0,0,1
8973,4.1303,0.4492,393,723,0,0,1
8974,4.4946,0.6096,393,723,0,0,1
8975,4.0745,0.6337,392,723,0,0,1
8976,4.2551,0.6008,391,723,0,0,1
8977,3.9567,0.527,391,723,0,0,1
8978,4.0642,0.4122,383,723,0,0,1
8979,4.2278,0.427,382,723,0,0,1
8980,4.1861,0.47,381,723,0,0,1
8981,4.1885,0.6789,381,723,0,0,1
8982,4.0753,0.4261,379,723,0,0,1
8983,4.192,0.4917,379,723,0,0,1
8984,4.2161,0.4767,428,723,0,0,1
8985,4.2426,0.512,427,723,0,0,1
8986,4.0888,0.5594,426,723,0,0,1
8987,4.2072,0.444,425,723,0,0,1
8988,4.1744,0.4894,422,723,0,0,1
8989,4.3204,0.6904,422,723,0,0,1
8990,3.925,0.6679,421,723,0,0,1
8991,4.2102,0.6745,420,723,0,0,1
8992,4.1681,0.6098,420,723,0,0,1
8993,4.1634,0.5659,420,723,0,0,1
8994,4.122,0.4528,418,723,0,0,1
8995,4.1656,0.4476,418,723,0,0,1
8996,4.3601,0.6089,418,723,0,0,1
8997,4.1973,0.463,417,723,0,0,1
8998,4.2263,0.5676,414,723,0,0,1
8999,3.926,0.511,414,723,0,0,1
9000,4.1268,0.4366,414,723,0,0,1
9001,4.3539,0.4553,413,723,0,0,1
9002,3.9787,0.4264,413,723,0,0,1
9003,4.327,0.4133,413,723,0,0,1
9004,4.0563,0.7309,413,723,0,0,1
9005,4.1439,0.7177,413,723,0,0,1
9006,4.1199,0.69,412,723,0,0,1
9007,4.1872,0.4931,412,723,0,0,1
9008,4.4489,0.5153,411,723,0,0,1
9009,3.9005,0.4773,409,723,0,0,1
9010,4.3428,0.677,408,723,0,0,1
9011,3.9795,0.4539,406,723,0,0,1
9012,4.2354,0.5624,405,723,0,0,1
9013,4.4395,0.4375,405,723,0,0,1
9014,3.8054,0.4656,405,723,0,0,1
9015,4.229,0.4519,405,723,0,0,1
9016,4.1313,0.4514,405,723,0,0,1
9017,4.2331,0.7699,403,723,0,0,1
9018,4.0703,0.423,402,723,0,0,1
9019,4.1923,0.4238,402,723,0,0,1
9020,4.1393,0.4366,402,723,0,0,1
9021,4.1892,0.5641,402,723,0,0,1
9022,4.2357,0.6583,401,723,0,0,1
9023,4.1359,0.6963,400,723,0,0,1
9024,4.1748,0.6823,400,723,0,0,1
9025,4.1547,0.652,398,723,0,0,1
9026,4.1053,0.4092,397,723,0,0,1
9027,4.304,0.4453,396,723,0,0,1
9028,4.0953,0.4406,396,723,0,0,1
9029,4.2194,0.7408,396,723,0,0,1
9030,4.2514,0.4375,396,723,0,0,1
9031,3.9953,0.4463,395,723,0,0,1
9032,4.1912,0.558,395,723,0,0,1
9033,4.1696,0.4593,393,723,0,0,1
9034,4.1214,0.6629,392,723,0,0,1
9035,4.2036,0.4542,391,723,0,0,1
9036,4.2637,0.5248,388,723,0,0,1
9037,4.0778,0.5416,388,723,0,0,1
9038,4.1489,0.4648,388,723,0,0,1
9039,4.1444,0.4616,388,723,0,0,1
9040,4.2394,0.4893,387,723,0,0,1
9041,4.1342,0.7477,386,723,0,0,1
9042,4.1773,0.666,386,723,0,0,1
9043,4.1815,0.7014,386,723,0,0,1
9044,4.1828,0.5275,385,723,0,0,1
9045,4.1108,0.4599,378,723,0,0,1
9046,4.2313,0.6923,378,723,0,0,1
9047,4.1248,0.4482,378,723,0,0,1
9048,4.2593,0.6774,378,723,0,0,1
9049,4.2272,0.4978,378,723,0,0,1
9050,3.9831,0.4179,376,723,0,0,1
9051,4.222,0.5089,426,723,0,0,1
9052,4.1621,0.504,426,723,0,0,1
9053,4.1914,0.5434,426,723,0,0,1
9054,4.1252,0.5359,426,723,0,0,1
9055,4.1864,0.7757,426,723,0,0,1
9056,4.1636,0.5262,426,723,0,0,1
9057,4.1877,0.5116,425,723,0,0,1
9058,4.1469,0.497,423,723,0,0,1
9059,4.0683,0.4415,422,723,0,0,1
9060,4.2763,0.7094,421,723,0,0,1
9061,4.2793,0.4296,421,723,0,0,1
9062,4.0011,0.6523,420,723,0,0,1
9063,4.2193,0.5429,420,723,0,0,1
9064,4.1369,0.5371,418,723,0,0,1
9065,4.1193,0.6414,417,723,0,0,1
9066,4.332,0.4604,417,723,0,0,1
9067,4.0658,0.6458,417,723,0,0,1
9068,4.1097,0.5215,417,723,0,0,1
9069,4.2369,0.6161,417,723,0,0,1
9070,4.1665,0.4903,414,723,0,0,1
9071,4.1663,0.4657,413,723,0,0,1
9072,4.3522,0.4494,412,723,0,0,1
9073,4.1404,0.7603,409,723,0,0,1
9074,3.9425,0.4221,408,723,0,0,1
9075,4.4999,0.5083,407,723,0,0,1
9076,3.8471,0.4362,407,723,0,0,1
9077,4.1566,0.4636,407,723,0,0,1
9078,4.2637,0.6687,406,723,0,0,1
9079,4.1381,0.6974,405,723,0,0,1
9080,4.3615,0.7674,404,723,0,0,1
9081,3.9453,0.4915,402,723,0,0,1
9082,4.1558,0.5326,402,723,0,0,1
9083,4.1217,0.5226,402,723,0,0,1
9084,4.2606,0.6621,402,723,0,0,1
9085,4.1382,0.772,400,723,0,0,1
9086,4.0945,0.468,399,723,0,0,1
9087,4.2194,0.449,397,723,0,0,1
9088,4.2004,0.5076,396,723,0,0,1
9089,4.0962,0.6005,394,723,0,0,1
9090,4.1551,0.4671,394,723,0,0,1
9091,4.2401,0.6178,392,723,0,0,1
9092,4.2029,0.6913,392,723,0,0,1
9093,4.2157,0.4671,392,723,0,0,1
9094,4.0863,0.5389,391,723,0,0,1
9095,4.1439,0.5082,388,723,0,0,1
9096,4.1938,0.4705,387,723,0,0,1
9097,4.0884,0.5495,387,723,0,0,1
9098,4.1888,0.4444,387,723,0,0,1
9099,4.2184,0.4869,387,723,0,0,1
9100,4.1753,0.4935,385,723,0,0,1
9101,4.2291,0.4881,384,723,0,0,1
9102,4.0296,0.4365,383,723,0,0,1
9103,4.1859,0.5646,383,723,0,0,1
9104,4.2203,0.4865,383,723,0,0,1
9105,4.1957,0.7632,383,723,0,0,1
9106,4.1075,0.497,382,723,0,0,1
9107,4.0918,0.4893,382,723,0,0,1
9108,4.334,0.7624,381,723,0,0,1
9109,4.1589,0.5242,381,723,0,0,1
9110,4.059,0.5135,380,723,0,0,1
9111,4.2721,0.6649,380,723,0,0,1
9112,4.0584,0.5903,372,723,0,0,1
9113,4.2398,0.6072,371,723,0,0,1
9114,4.0615,0.4814,371,723,0,0,1
9115,4.199,0.6049,371,723,0,0,1
9116,4.2261,0.6969,371,723,0,0,1
9117,4.1139,0.4928,369,723,0,0,1
9118,4.2844,0.6237,419,723,0,0,1
9119,4.0827,0.5667,417,723,0,0,1
9120,4.2204,0.4988,416,723,0,0,1
9121,4.1381,0.6827,415,723,0,0,1
9122,4.1018,0.4727,414,723,0,0,1
9123,4.3437,0.7007,413,723,0,0,1
9124,4.0964,0.6851,411,723,0,0,1
9125,4.124,0.7148,411,723,0,0,1
9126,4.0786,0.4218,410,723,0,0,1
9127,4.1977,0.4291,408,723,0,0,1
9128,4.2342,0.5731,408,723,0,0,1
9129,4.111,0.4594,408,723,0,0,1
9130,4.2857,0.6295,408,723,0,0,1
9131,4.089,0.4575,406,723,0,0,1
9132,4.1459,0.644,406,723,0,0,1
9133,4.1527,0.5836,404,723,0,0,1
9134,4.1587,0.706,404,723,0,0,1
9135,4.2048,0.7266,404,723,0,0,1
9136,4.2148,0.5176,404,723,0,0,1
9137,4.1092,0.5632,403,723,0,0,1
9138,4.3967,0.4856,402,723,0,0,1
9139,3.9013,0.4681,400,723,0,0,1
9140,4.1773,0.4817,400,723,0,0,1
9141,4.1676,0.5779,400,723,0,0,1
9142,4.2159,0.8487,400,723,0,0,1
9143,4.1263,0.4948,400,723,0,0,1
9144,4.1804,0.6088,400,723,0,0,1
9145,4.1495,0.5126,398,723,0,0,1
9146,4.1825,0.4424,397,723,0,0,1
9147,4.1714,0.7975,397,723,0,0,1
9148,4.2056,0.7598,396,723,0,0,1
9149,4.1851,0.5033,396,723,0,0,1
9150,4.0727,0.4243,395,723,0,0,1
9151,4.1674,0.4463,392,723,0,0,1
9152,4.183,0.4944,392,723,0,0,1
9153,4.135,0.5784,392,723,0,0,1
9154,4.2308,0.6828,392,723,0,0,1
9155,4.2236,0.6955,391,723,0,0,1
9156,4.1958,0.6218,389,723,0,0,1
9157,4.0829,0.833,389,723,0,0,1
9158,4.1269,0.4335,389,723,0,0,1
9159,4.1752,0.4718,388,723,0,0,1
9160,4.2078,0.4677,388,723,0,0,1
9161,4.2471,0.7529,386,723,0,0,1
9162,4.112,0.5238,385,723,0,0,1
9163,4.0806,0.7625,385,723,0,0,1
9164,4.1844,0.5261,383,723,0,0,1
9165,4.1859,0.7254,381,723,0,0,1
9166,4.1889,0.7198,380,723,0,0,1
9167,4.1264,0.441,380,723,0,0,1
9168,4.1996,0.7149,380,723,0,0,1
9169,4.1662,0.6499,378,723,0,0,1
9170,4.0934,0.4545,377,723,0,0,1
9171,4.5008,0.6689,376,723,0,0,1
9172,3.949,0.8521,376,723,0,0,1
9173,4.2139,0.7173,375,723,0,0,1
9174,4.0261,0.4717,375,723,0,0,1
9175,4.1767,0.4441,374,723,0,0,1
9176,4.1814,0.4363,374,723,0,0,1
9177,4.1735,0.4333,374,723,0,0,1
9178,4.1361,0.4254,373,723,0,0,1
9179,4.1546,0.4172,366,723,0,0,1
9180,4.2987,0.6799,366,723,0,0,1
9181,4.1176,0.6473,364,723,0,0,1
9182,4.1105,0.4015,362,723,0,0,1
9183,4.2289,0.4532,362,723,0,0,1
9184,4.4559,0.4315,362,723,0,0,1
9185,3.9068,0.7085,412,723,0,0,1
9186,4.0385,0.593,411,723,0,0,1
9187,4.2481,0.7823,411,723,0,0,1
9188,4.1752,0.4901,411,723,0,0,1
9189,4.1147,0.4534,410,723,0,0,1
9190,4.1975,0.5025,408,723,0,0,1
9191,4.1829,0.6729,408,723,0,0,1
9192,4.1289,0.5329,408,723,0,0,1
9193,4.3101,0.6798,408,723,0,0,1
9194,4.0002,0.5323,407,723,0,0,1
9195,4.1614,0.4661,406,723,0,0,1
9196,4.2441,0.501,405,723,0,0,1
9197,4.1229,0.6721,405,723,0,0,1
9198,4.0987,0.478,405,723,0,0,1
9199,4.2533,0.7998,405,723,0,0,1
9200,4.1716,0.5827,405,723,0,0,1
9201,4.1324,0.6272,405,723,0,0,1
9202,4.5466,0.5304,404,723,0,0,1
9203,3.8637,0.457,403,723,0,0,1
9204,4.0649,0.7317,402,723,0,0,1
9205,4.1351,0.7685,401,723,0,0,1
9206,4.2283,0.4368,401,723,0,0,1
9207,4.1598,0.7313,401,723,0,0,1
9208,4.2353,0.4842,401,723,0,0,1
9209,4.1486,0.7673,401,723,0,0,1
9210,4.1077,0.6709,401,723,0,0,1
9211,4.1776,0.7058,401,723,0,0,1
9212,4.1569,0.5031,399,723,0,0,1
9213,4.196,0.5282,399,723,0,0,1
9214,4.2106,0.5849,399,723,0,0,1
9215,4.1519,0.7561,397,723,0,0,1
9216,4.1947,0.7606,397,723,0,0,1
9217,4.1946,0.4487,396,723,0,0,1
9218,4.0354,0.4657,396,723,0,0,1
9219,4.2201,0.5465,396,723,0,0,1
9220,4.2136,0.5087,394,723,0,0,1
9221,4.088,0.5625,392,723,0,0,1
9222,4.1661,0.4422,391,723,0,0,1
9223,4.1724,0.5358,391,723,0,0,1
9224,4.1239,0.65,391,723,0,0,1
9225,4.265,0.5777,391,723,0,0,1
9226,4.1796,0.5075,390,723,0,0,1
9227,4.0537,0.4532,388,723,0,0,1
9228,4.287,0.4904,386,723,0,0,1
9229,4.1635,0.5616,384,723,0,0,1
9230,4.1021,0.4332,383,723,0,0,1
9231,4.2112,0.4798,383,723,0,0,1
9232,4.1392,0.4862,382,723,0,0,1
9233,4.2116,0.5073,382,723,0,0,1
9234,4.1595,0.4615,382,723,0,0,1
9235,4.1048,0.4472,381,723,0,0,1
9236,4.1478,0.4338,381,723,0,0,1
9237,4.2087,0.4534,381,723,0,0,1
9238,4.1554,0.8021,380,723,0,0,1
9239,4.1718,0.5148,380,723,0,0,1
9240,4.2945,0.6059,379,723,0,0,1
9241,4.0564,0.4891,378,723,0,0,1
9242,4.1072,0.4798,377,723,0,0,1
9243,4.306,0.7348,377,723,0,0,1
9244,4.1216,0.6255,376,723,0,0,1
9245,4.16,0.5615,375,723,0,0,1
9246,4.0667,0.563,374,723,0,0,1
9247,4.2076,0.4996,365,723,0,0,1
9248,4.2305,0.5394,365,723,0,0,1
9249,4.1733,0.5798,363,723,0,0,1
9250,4.2389,0.5392,363,723,0,0,1
9251,3.9879,0.4579,361,723,0,0,1
9252,4.3303,0.6491,410,723,0,0,1
9253,4.0659,0.6017,410,723,0,0,1
9254,4.1494,0.5336,409,723,0,0,1
9255,4.2798,0.5022,409,723,0,0,1
9256,4.1295,0.6376,408,723,0,0,1
9257,4.1624,0.5796,408,723,0,0,1
9258,4.1313,0.6525,407,723,0,0,1
9259,4.129,0.4424,407,723,0,0,1
9260,4.1806,0.4719,407,723,0,0,1
9261,4.1563,0.4358,407,723,0,0,1
9262,4.1972,0.5023,407,723,0,0,1
9263,4.1608,0.4916,407,723,0,0,1
9264,4.1771,0.5112,407,723,0,0,1
9265,4.1973,0.5087,406,723,0,0,1
9266,4.0956,0.5472,406,723,0,0,1
9267,4.2422,0.4195,405,723,0,0,1
9268,4.2097,0.8062,405,723,0,0,1
9269,4.1018,0.5082,405,723,0,0,1
9270,4.0935,0.4532,404,723,0,0,1
9271,4.1953,0.4667,403,723,0,0,1
9272,4.2683,0.7477,403,723,0,0,1
9273,4.1358,0.6216,402,723,0,0,1
9274,4.1147,0.5146,400,723,0,0,1
9275,4.1737,0.5244,400,723,0,0,1
9276,4.1202,0.7286,400,723,0,0,1
9277,4.175,0.5919,400,723,0,0,1
9278,4.1858,0.5005,400,723,0,0,1
9279,4.2106,0.5311,400,723,0,0,1
9280,4.1801,0.4737,400,723,0,0,1
9281,4.2245,0.698,400,723,0,0,1
9282,4.0802,0.499,399,723,0,0,1
9283,4.1805,0.6582,399,723,0,0,1
9284,4.2388,0.5211,399,723,0,0,1
9285,4.1057,0.7166,399,723,0,0,1
9286,4.1751,0.6304,399,723,0,0,1
9287,4.1211,0.6238,399,723,0,0,1
9288,4.1463,0.4613,398,723,0,0,1
9289,4.2851,0.4836,397,723,0,0,1
9290,4.0353,0.4332,397,723,0,0,1
9291,4.224,0.4767,397,723,0,0,1
9292,4.3765,0.4496,394,723,0,0,1
9293,4.1209,0.7116,393,723,0,0,1
9294,3.9439,0.4522,391,723,0,0,1
9295,4.2449,0.483,391,723,0,0,1
9296,4.2242,0.6779,390,723,0,0,1
9297,4.1243,0.6826,388,723,0,0,1
9298,4.1553,0.5321,387,723,0,0,1
9299,3.9942,0.4275,387,723,0,0,1
9300,4.3112,0.4882,386,723,0,0,1
9301,4.246,0.481,386,723,0,0,1
9302,4.0229,0.4251,385,723,0,0,1
9303,4.241,0.6301,383,723,0,0,1
9304,4.1793,0.4912,383,723,0,0,1
9305,4.214,0.4417,383,723,0,0,1
9306,4.1637,0.6197,382,723,0,0,1
9307,4.065,0.7122,381,723,0,0,1
9308,4.2105,0.5002,381,723,0,0,1
9309,4.1292,0.4324,381,723,0,0,1
9310,4.19,0.4776,380,723,0,0,1
9311,4.422,0.6687,380,723,0,0,1
9312,3.8772,0.4761,379,723,0,0,1
9313,4.2771,0.5989,379,723,0,0,1
9314,4.052,0.5165,370,723,0,0,1
9315,4.2243,0.5479,369,723,0,0,1
9316,4.1815,0.5159,369,723,0,0,1
9317,4.21,0.706,368,723,0,0,1
9318,4.0473,0.4637,368,723,0,0,1
9319,4.1792,0.4507,367,723,0,0,1
9320,4.2107,0.5672,417,723,0,0,1
9321,4.1378,0.5894,415,723,0,0,1
9322,4.1665,0.8036,415,723,0,0,1
9323,4.2113,0.5543,414,723,0,0,1
9324,4.1916,0.6506,413,723,0,0,1
9325,4.2082,0.6964,412,723,0,0,1
9326,4.0417,0.4823,412,723,0,0,1
9327,4.3029,0.619,412,723,0,0,1
9328,4.1216,0.494,412,723,0,0,1
9329,4.116,0.4571,412,723,0,0,1
9330,4.1915,0.4374,411,723,0,0,1
9331,4.1471,0.6649,411,723,0,0,1
9332,4.1597,0.4244,411,723,0,0,1
9333,4.1559,0.6428,411,723,0,0,1
9334,4.2127,0.4694,410,723,0,0,1
9335,4.1451,0.4637,409,723,0,0,1
9336,4.1853,0.6942,408,723,0,0,1
9337,4.1309,0.6525,408,723,0,0,1
9338,4.1358,0.4512,408,723,0,0,1
9339,4.2129,0.5401,408,723,0,0,1
9340,4.1511,0.5247,408,723,0,0,1
9341,4.206,0.5228,406,723,0,0,1
9342,4.0735,0.6246,406,723,0,0,1
9343,4.2385,0.7812,405,723,0,0,1
9344,4.1094,0.5612,404,723,0,0,1
9345,4.1539,0.604,404,723,0,0,1
9346,4.2957,0.604,404,723,0,0,1
9347,4.0127,0.4382,404,723,0,0,1
9348,4.2036,0.5645,403,723,0,0,1
9349,4.2455,0.6272,401,723,0,0,1
9350,4.0843,0.4338,401,723,0,0,1
9351,4.3039,0.5039,401,723,0,0,1
9352,4.0654,0.4768,400,723,0,0,1
9353,4.2151,0.4796,400,723,0,0,1
9354,4.1557,0.466,397,723,0,0,1
9355,4.1517,0.6493,397,723,0,0,1
9356,4.2204,0.7134,395,723,0,0,1
9357,4.2079,0.6298,395,723,0,0,1
9358,4.0989,0.4967,395,723,0,0,1
9359,4.1281,0.5048,395,723,0,0,1
9360,4.1916,0.462,394,723,0,0,1
9361,4.5086,0.4336,393,723,0,0,1
9362,3.764,0.4334,392,723,0,0,1
9363,4.2281,0.7845,392,723,0,0,1
9364,4.1809,0.5202,392,723,0,0,1
9365,4.1323,0.4921,392,723,0,0,1
9366,4.1314,0.4171,389,723,0,0,1
9367,4.1549,0.4244,389,723,0,0,1
9368,4.2392,0.4129,388,723,0,0,1
9369,4.1363,0.5914,388,723,0,0,1
9370,4.1989,0.4758,388,723,0,0,1
9371,4.0922,0.4331,388,723,0,0,1
9372,4.262,0.4595,387,723,0,0,1
9373,4.1381,0.6088,386,723,0,0,1
9374,4.1118,0.6737,385,723,0,0,1
9375,4.421,0.6272,385,723,0,0,1
9376,3.9645,0.7955,385,723,0,0,1
9377,4.2068,0.4857,383,723,0,0,1
9378,4.1297,0.4638,383,723,0,0,1
9379,4.1211,0.4709,382,723,0,0,1
9380,4.2049,0.5886,381,723,0,0,1
9381,4.2241,0.4074,373,723,0,0,1
9382,4.105,0.4894,373,723,0,0,1
9383,4.1637,0.4996,373,723,0,0,1
9384,4.2685,0.5683,373,723,0,0,1
9385,4.0854,0.4466,373,723,0,0,1
9386,4.1193,0.4157,373,723,0,0,1
9387,4.229,0.4623,420,723,0,0,1
9388,4.142,0.4638,420,723,0,0,1
9389,4.2514,0.4915,417,723,0,0,1
9390,4.0041,0.4327,417,723,0,0,1
9391,4.2031,0.4258,415,723,0,0,1
9392,4.1522,0.4378,415,723,0,0,1
9393,4.25,0.5688,411,723,0,0,1
9394,4.183,0.6425,411,723,0,0,1
9395,4.0726,0.6695,411,723,0,0,1
9396,4.2472,0.5511,411,723,0,0,1
9397,4.1725,0.6117,411,723,0,0,1
9398,4.0744,0.511,411,723,0,0,1
9399,4.2033,0.5592,410,723,0,0,1
9400,4.1688,0.8071,410,723,0,0,1
9401,4.4709,0.64,410,723,0,0,1
9402,4.1892,0.5137,410,723,0,0,1
9403,3.8275,0.6106,410,723,0,0,1
9404,4.2361,0.5639,410,723,0,0,1
9405,4.1289,0.4707,409,723,0,0,1
9406,4.4225,0.6299,408,723,0,0,1
9407,4.0273,0.6654,407,723,0,0,1
9408,4.0114,0.4304,407,723,0,0,1
9409,4.6683,0.4156,405,723,0,0,1
9410,3.6092,0.4227,404,723,0,0,1
9411,4.1887,0.4394,404,723,0,0,1
9412,4.1902,0.4331,404,723,0,0,1
9413,4.4782,0.7045,404,723,0,0,1
9414,3.8412,0.4637,404,723,0,0,1
9415,4.1536,0.4755,404,723,0,0,1
9416,4.6054,0.6927,404,723,0,0,1
9417,3.8469,0.6151,404,723,0,0,1
9418,4.3615,0.7348,404,723,0,0,1
9419,4.0403,0.494,404,723,0,0,1
9420,4.2721,0.7406,404,723,0,0,1
9421,4.4958,0.5256,403,723,0,0,1
9422,3.5912,0.5362,402,723,0,0,1
9423,4.1944,0.4834,399,723,0,0,1
9424,4.1477,0.4635,399,723,0,0,1
9425,4.3349,0.6424,399,723,0,0,1
9426,4.3246,0.6209,399,723,0,0,1
9427,3.8118,0.4396,399,723,0,0,1
9428,4.4606,0.6511,398,723,0,0,1
9429,3.8466,0.4269,395,723,0,0,1
9430,4.1345,0.4734,395,723,0,0,1
9431,4.2379,0.4343,395,723,0,0,1
9432,4.3743,0.6787,394,723,0,0,1
9433,4.2173,0.5873,394,723,0,0,1
9434,3.9284,0.4241,393,723,0,0,1
9435,4.1247,0.5063,392,723,0,0,1
9436,4.1589,0.4296,390,723,0,0,1
9437,4.2164,0.7235,389,723,0,0,1
9438,4.2603,0.5936,387,723,0,0,1
9439,4.0836,0.6031,387,723,0,0,1
9440,4.4383,0.5219,387,723,0,0,1
9441,3.8705,0.5935,387,723,0,0,1
9442,4.1457,0.4221,387,723,0,0,1
9443,4.3888,0.4473,386,723,0,0,1
9444,4.0588,0.7868,384,723,0,0,1
9445,4.2906,0.643,383,723,0,0,1
9446,3.9794,0.4251,383,723,0,0,1
9447,4.1587,0.4395,381,723,0,0,1
9448,4.1253,0.4275,373,723,0,0,1
9449,4.2395,0.4339,372,723,0,0,1
9450,4.1394,0.7413,372,723,0,0,1
9451,4.166,0.7197,372,723,0,0,1
9452,4.2148,0.5952,372,723,0,0,1
9453,4.1896,0.5134,372,723,0,0,1
9454,4.0562,0.5235,422,723,0,0,1
9455,4.1622,0.5396,422,723,0,0,1
9456,4.1897,0.6186,422,723,0,0,1
9457,4.3213,0.7072,421,723,0,0,1
9458,4.0327,0.4491,421,723,0,0,1
9459,4.1844,0.5395,421,723,0,0,1
9460,4.1273,0.6502,421,723,0,0,1
9461,4.3117,0.6803,420,723,0,0,1
9462,4.2083,0.4601,419,723,0,0,1
9463,4.0565,0.7368,419,723,0,0,1
9464,4.1077,0.5147,419,723,0,0,1
9465,4.3904,0.5281,418,723,0,0,1
9466,3.8994,0.4764,418,723,0,0,1
9467,4.189,0.7939,417,723,0,0,1
9468,4.201,0.4573,417,723,0,0,1
9469,4.1648,0.75,417,723,0,0,1
9470,4.1622,0.4646,415,723,0,0,1
9471,4.1411,0.5992,415,723,0,0,1
9472,4.247,0.5203,415,723,0,0,1
9473,4.1475,0.4728,413,723,0,0,1
9474,4.1413,0.4704,412,723,0,0,1
9475,4.1931,0.6645,412,723,0,0,1
9476,4.1562,0.6803,411,723,0,0,1
9477,4.3234,0.458,410,723,0,0,1
9478,4.0201,0.5741,410,723,0,0,1
9479,4.453,0.6867,410,723,0,0,1
9480,3.9488,0.7581,410,723,0,0,1
9481,4.0896,0.6709,409,723,0,0,1
9482,4.1263,0.5023,409,723,0,0,1
9483,4.1998,0.5192,408,723,0,0,1
9484,4.194,0.5808,408,723,0,0,1
9485,4.1533,0.4915,407,723,0,0,1
9486,4.0762,0.4783,407,723,0,0,1
9487,4.2106,0.688,407,723,0,0,1
9488,4.2426,0.7111,405,723,0,0,1
9489,4.132,0.4887,404,723,0,0,1
9490,4.4276,0.6264,403,723,0,0,1
9491,3.8548,0.4564,403,723,0,0,1
9492,4.2691,0.4726,403,723,0,0,1
9493,4.1191,0.5092,403,723,0,0,1
9494,4.1355,0.4207,403,723,0,0,1
9495,4.1756,0.4658,402,723,0,0,1
9496,4.2186,0.502,401,723,0,0,1
9497,4.1608,0.477,401,723,0,0,1
9498,4.0958,0.4183,401,723,0,0,1
9499,4.1764,0.6018,399,723,0,0,1
9500,4.1809,0.625,398,723,0,0,1
9501,4.2237,0.4938,396,723,0,0,1
9502,4.1598,0.5239,394,723,0,0,1
9503,4.1165,0.4886,394,723,0,0,1
9504,4.2309,0.5042,394,723,0,0,1
9505,4.1485,0.5113,394,723,0,0,1
9506,4.1056,0.466,392,723,0,0,1
9507,4.3042,0.7095,392,723,0,0,1
9508,4.0565,0.7262,392,723,0,0,1
9509,4.1415,0.5016,391,723,0,0,1
9510,4.1744,0.5692,391,723,0,0,1
9511,4.1612,0.5527,390,723,0,0,1
9512,4.1765,0.4675,390,723,0,0,1
9513,4.3346,0.4796,387,723,0,0,1
9514,4.3847,0.6432,386,723,0,0,1
9515,3.7225,0.4512,379,723,0,0,1
9516,4.3345,0.6153,378,723,0,0,1
9517,4.1155,0.497,378,723,0,0,1
9518,4.0834,0.4286,377,723,0,0,1
9519,4.3232,0.6389,376,723,0,0,1
9520,4.0556,0.4533,375,723,0,0,1
9521,4.2085,0.6293,425,723,0,0,1
9522,4.1334,0.5106,424,723,0,0,1
9523,4.1811,0.6026,424,723,0,0,1
9524,4.3748,0.5123,423,723,0,0,1
9525,4.0836,0.4698,423,723,0,0,1
9526,4.0217,0.6889,422,723,0,0,1
9527,4.0931,0.5183,422,723,0,0,1
9528,4.3326,0.6416,422,723,0,0,1
9529,4.0649,0.4914,422,723,0,0,1
9530,4.1164,0.4302,421,723,0,0,1
9531,4.3923,0.6016,420,723,0,0,1
9532,4.0255,0.4394,420,723,0,0,1
9533,4.1966,0.5162,420,723,0,0,1
9534,4.0487,0.5102,420,723,0,0,1
9535,4.2084,0.4697,420,723,0,0,1
9536,4.1957,0.5665,420,723,0,0,1
9537,4.1813,0.5462,419,723,0,0,1
9538,4.1959,0.6335,419,723,0,0,1
9539,4.0857,0.4864,416,723,0,0,1
9540,4.2815,0.5118,416,723,0,0,1
9541,4.073,0.5189,415,723,0,0,1
9542,4.1343,0.4375,415,723,0,0,1
9543,4.2663,0.4477,414,723,0,0,1
9544,4.1462,0.4448,413,723,0,0,1
9545,4.212,0.7221,412,723,0,0,1
9546,4.1193,0.7126,412,723,0,0,1
9547,4.1566,0.6557,411,723,0,0,1
9548,4.1165,0.5225,411,723,0,0,1
9549,4.3455,0.5139,411,723,0,0,1
9550,4.0621,0.5219,410,723,0,0,1
9551,4.1668,0.6657,410,723,0,0,1
9552,4.1498,0.7686,409,723,0,0,1
9553,4.1307,0.5069,407,723,0,0,1
9554,4.155,0.4384,406,723,0,0,1
9555,4.1822,0.5045,406,723,0,0,1
9556,4.2077,0.4836,405,723,0,0,1
9557,4.1772,0.808,405,723,0,0,1
9558,4.0935,0.4491,404,723,0,0,1
9559,4.2331,0.4895,402,723,0,0,1
9560,4.1147,0.4905,402,723,0,0,1
9561,4.1647,0.4219,401,723,0,0,1
9562,4.2203,0.4381,400,723,0,0,1
9563,4.0917,0.4509,400,723,0,0,1
9564,4.4498,0.6124,400,723,0,0,1
9565,3.955,0.4803,400,723,0,0,1
9566,4.0832,0.6573,398,723,0,0,1
9567,4.5575,0.8915,396,723,0,0,1
9568,3.8325,0.938,395,723,0,0,1
9569,4.2115,0.7267,393,723,0,0,1
9570,4.1912,0.6496,392,723,0,0,1
9571,4.1177,0.538,392,723,0,0,1
9572,4.1578,0.5497,392,723,0,0,1
9573,4.1415,0.485,392,723,0,0,1
9574,4.1732,0.5481,390,723,0,0,1
9575,4.1657,0.4888,390,723,0,0,1
9576,4.1166,0.4983,389,723,0,0,1
9577,4.226,0.5902,389,723,0,0,1
9578,4.1434,0.4958,389,723,0,0,1
9579,4.2147,0.5837,388,723,0,0,1
9580,4.1762,0.5398,387,723,0,0,1
9581,4.1497,0.7036,387,723,0,0,1
9582,4.1147,0.7706,387,723,0,0,1
9583,4.2206,0.9269,379,723,0,0,1
9584,4.1681,0.6539,377,723,0,0,1
9585,4.4526,0.5114,377,723,0,0,1
9586,3.8663,0.6274,376,723,0,0,1
9587,4.4307,0.6458,375,723,0,0,1
9588,3.9965,0.7364,424,723,0,0,1
9589,4.1519,0.6164,424,723,0,0,1
9590,4.0622,0.4527,424,723,0,0,1
9591,4.2032,0.4987,423,723,0,0,1
9592,4.147,0.531,423,723,0,0,1
9593,4.1629,0.5103,423,723,0,0,1
9594,4.1746,0.8474,422,723,0,0,1
9595,4.2403,0.6629,419,723,0,0,1
9596,4.3465,0.7762,419,723,0,0,1
9597,3.9661,0.8084,418,723,0,0,1
9598,4.0723,0.4792,418,723,0,0,1
9599,4.1996,0.5083,418,723,0,0,1
9600,4.2824,1.0792,417,723,0,0,1
9601,4.0871,0.6136,417,723,0,0,1
9602,4.1132,0.3441,416,723,0,0,1
9603,4.4749,0.5286,416,723,0,0,1
9604,3.8916,0.3935,414,723,0,0,1
9605,4.1557,0.364,414,723,0,0,1
9606,4.1371,0.5409,414,723,0,0,1
9607,4.2229,0.6569,412,723,0,0,1
9608,4.4781,0.4333,412,723,0,0,1
9609,4.0566,0.3973,412,723,0,0,1
9610,3.9679,0.4969,412,723,0,0,1
9611,4.0686,0.6271,411,723,0,0,1
9612,4.2947,0.5201,411,723,0,0,1
9613,4.1331,0.4409,409,723,0,0,1
9614,4.0988,0.4638,409,723,0,0,1
9615,4.1849,0.4562,409,723,0,0,1
9616,4.4414,0.4768,409,723,0,0,1
9617,3.9669,0.4697,408,723,0,0,1
9618,4.1119,0.4437,405,723,0,0,1
9619,4.1552,0.6857,405,723,0,0,1
9620,4.2165,0.6991,405,723,0,0,1
9621,4.125,0.6026,404,723,0,0,1
9622,4.1896,0.6428,404,723,0,0,1
9623,4.1898,0.6339,404,723,0,0,1
9624,4.2574,0.5611,402,723,0,0,1
9625,4.0426,0.6358,401,723,0,0,1
9626,4.1546,0.4534,401,723,0,0,1
9627,4.3692,0.7104,400,723,0,0,1
9628,4.2504,0.6069,400,723,0,0,1
9629,3.9266,0.614,397,723,0,0,1
9630,4.0665,0.4668,396,723,0,0,1
9631,4.2173,0.5317,395,723,0,0,1
9632,4.3422,0.4776,393,723,0,0,1
9633,4.1698,0.418,393,723,0,0,1
9634,3.9885,0.5341,392,723,0,0,1
9635,4.208,0.6119,391,723,0,0,1
9636,4.195,0.4809,390,723,0,0,1
9637,4.1457,0.4514,390,723,0,0,1
9638,4.1121,0.4225,390,723,0,0,1
9639,4.2554,0.8738,388,723,0,0,1
9640,4.1113,0.4477,388,723,0,0,1
9641,4.2135,0.4706,387,723,0,0,1
9642,4.1215,0.4763,387,723,0,0,1
9643,4.1444,0.4587,386,723,0,0,1
9644,4.1717,0.4943,386,723,0,0,1
9645,4.1754,0.4081,385,723,0,0,1
9646,4.3085,0.6958,384,723,0,0,1
9647,4.0681,0.4727,384,723,0,0,1
9648,4.1381,0.5009,383,723,0,0,1
9649,4.1452,0.4638,382,723,0,0,1
9650,4.1311,0.413,375,723,0,0,1
9651,4.2545,0.6478,374,723,0,0,1
9652,4.1468,0.4299,373,723,0,0,1
9653,4.1599,0.5886,373,723,0,0,1
9654,4.5672,0.4705,371,723,0,0,1
9655,3.7835,0.5335,370,723,0,0,1
9656,4.1352,0.494,420,723,0,0,1
9657,4.1642,0.4589,420,723,0,0,1
9658,4.1209,0.4393,420,723,0,0,1
9659,4.1792,0.441,420,723,0,0,1
9660,4.2178,0.7225,420,723,0,0,1
9661,4.1627,0.5196,420,723,0,0,1
9662,4.1372,0.551,419,723,0,0,1
9663,4.4253,0.4578,418,723,0,0,1
9664,3.9628,0.4904,418,723,0,0,1
9665,4.5377,0.5611,417,723,0,0,1
9666,3.8329,0.7071,417,723,0,0,1
9667,4.1274,0.6521,417,723,0,0,1
9668,4.4149,0.6121,416,723,0,0,1
9669,3.8662,0.4375,415,723,0,0,1
9670,4.1946,0.7536,414,723,0,0,1
9671,4.4771,0.832,413,723,0,0,1
9672,3.8962,0.5688,412,723,0,0,1
9673,4.1741,0.5686,412,723,0,0,1
9674,4.0868,0.5258,411,723,0,0,1
9675,4.1998,0.5797,410,723,0,0,1
9676,4.1657,0.4546,410,723,0,0,1
9677,4.2554,0.7186,407,723,0,0,1
9678,4.1027,0.5019,407,723,0,0,1
9679,4.1855,0.5502,407,723,0,0,1
9680,4.1637,0.5061,407,723,0,0,1
9681,4.1229,0.4214,407,723,0,0,1
9682,4.1801,0.6837,407,723,0,0,1
9683,4.2948,0.6878,406,723,0,0,1
9684,3.9853,0.4308,406,723,0,0,1
9685,4.199,0.4914,405,723,0,0,1
9686,4.163,0.4349,405,723,0,0,1
9687,4.1922,0.4709,405,723,0,0,1
9688,4.2042,0.4807,404,723,0,0,1
9689,4.1239,0.6984,404,723,0,0,1
9690,4.2098,0.5531,404,723,0,0,1
9691,4.3953,0.6708,404,723,0,0,1
9692,3.826,0.5127,403,723,0,0,1
9693,4.2226,0.5689,403,723,0,0,1
9694,4.2188,0.7077,403,723,0,0,1
9695,4.1562,0.4582,402,723,0,0,1
9696,4.382,0.6174,401,723,0,0,1
9697,3.9583,0.5455,400,723,0,0,1
9698,4.1012,0.4478,400,723,0,0,1
9699,4.1608,0.4587,399,723,0,0,1
9700,4.2443,0.5089,398,723,0,0,1
9701,4.2392,0.6277,397,723,0,0,1
9702,4.1438,0.7565,397,723,0,0,1
9703,4.1245,0.4866,395,723,0,0,1
9704,4.1386,0.5112,391,723,0,0,1
9705,4.1509,0.4631,389,723,0,0,1
9706,4.2044,0.5949,388,723,0,0,1
9707,4.077,0.4377,388,723,0,0,1
9708,4.2686,0.684,388,723,0,0,1
9709,4.1324,0.4681,388,723,0,0,1
9710,4.1371,0.4154,388,723,0,0,1
9711,4.169,0.457,387,723,0,0,1
9712,4.2195,0.5183,385,723,0,0,1
9713,4.153,0.4371,385,723,0,0,1
9714,4.1144,0.4135,384,723,0,0,1
9715,4.2091,0.7067,384,723,0,0,1
9716,4.1717,0.475,384,723,0,0,1
9717,4.1479,0.5041,375,723,0,0,1
9718,4.4586,0.6902,375,723,0,0,1
9719,3.8987,0.4678,375,723,0,0,1
9720,4.1489,0.5705,374,723,0,0,1
9721,4.1946,0.4147,374,723,0,0,1
9722,4.0733,0.4107,373,723,0,0,1
9723,4.2658,0.5342,422,723,0,0,1
9724,4.1297,0.4906,422,723,0,0,1
9725,4.21,0.4924,421,723,0,0,1
9726,4.0602,0.7066,419,723,0,0,1
9727,4.2439,0.7561,418,723,0,0,1
9728,4.1905,0.6043,418,723,0,0,1
9729,4.1109,0.5559,418,723,0,0,1
9730,4.5541,0.6316,417,723,0,0,1
9731,3.79,0.4718,416,723,0,0,1
9732,4.1903,0.4424,416,723,0,0,1
9733,4.4714,0.6442,416,723,0,0,1
9734,3.9065,0.4515,416,723,0,0,1
9735,4.4753,0.557,415,723,0,0,1
9736,3.8243,0.6668,414,723,0,0,1
9737,4.0558,0.4364,414,723,0,0,1
9738,4.4923,0.6704,413,723,0,0,1
9739,3.8949,0.569,412,723,0,0,1
9740,4.478,0.6694,411,723,0,0,1
9741,3.9897,0.5572,411,723,0,0,1
9742,4.1878,0.5843,410,723,0,0,1
9743,4.4699,0.8252,410,723,0,0,1
9744,4.1437,0.6781,410,723,0,0,1
9745,3.8975,0.6982,409,723,0,0,1
9746,4.0437,0.4593,409,723,0,0,1
9747,4.1856,0.4469,409,723,0,0,1
9748,4.1781,0.5111,409,723,0,0,1
9749,4.1425,0.4881,409,723,0,0,1
9750,4.0832,0.431,409,723,0,0,1
9751,4.2251,0.7225,409,723,0,0,1
9752,4.1987,0.679,408,723,0,0,1
9753,4.3744,0.436,407,723,0,0,1
9754,3.953,0.539,406,723,0,0,1
9755,4.1182,0.6823,406,723,0,0,1
9756,4.2369,0.5371,405,723,0,0,1
9757,4.1318,0.5254,405,723,0,0,1
9758,4.1193,0.5281,405,723,0,0,1
9759,4.3042,0.6673,405,723,0,0,1
9760,4.1088,0.8244,403,723,0,0,1
9761,4.1481,0.5045,402,723,0,0,1
9762,4.1929,0.6453,402,723,0,0,1
9763,4.1031,0.514,402,723,0,0,1
9764,4.1879,0.5865,400,723,0,0,1
9765,4.1801,0.4307,400,723,0,0,1
9766,4.117,0.4498,398,723,0,0,1
9767,4.2246,0.4901,398,723,0,0,1
9768,4.2284,0.6116,396,723,0,0,1
9769,4.0988,0.4574,395,723,0,0,1
9770,4.1271,0.429,395,723,0,0,1
9771,4.2303,0.6601,395,723,0,0,1
9772,4.1287,0.4705,395,723,0,0,1
9773,4.216,0.5217,394,723,0,0,1
9774,4.1274,0.4808,394,723,0,0,1
9775,4.1905,0.657,392,723,0,0,1
9776,4.1248,0.4803,391,723,0,0,1
9777,4.1955,0.4366,390,723,0,0,1
9778,4.1751,0.501,389,723,0,0,1
9779,4.1446,0.4694,389,723,0,0,1
9780,4.1653,0.5144,387,723,0,0,1
9781,4.1617,0.4804,386,723,0,0,1
9782,4.1721,0.6601,386,723,0,0,1
9783,4.1602,0.5698,385,723,0,0,1
9784,4.153,0.4338,385,723,0,0,1
9785,4.2381,0.4749,378,723,0,0,1
9786,4.1462,0.4748,378,723,0,0,1
9787,4.1123,0.4146,377,723,0,0,1
9788,4.456,0.4295,376,723,0,0,1
9789,3.874,0.4175,375,723,0,0,1
9790,4.2561,0.7091,423,723,0,0,1
9791,4.1171,0.4947,423,723,0,0,1
9792,4.2158,0.5176,423,723,0,0,1
9793,4.1348,0.4765,423,723,0,0,1
9794,4.095,0.5145,423,723,0,0,1
9795,4.2016,0.7261,423,723,0,0,1
9796,4.1215,0.4786,422,723,0,0,1
9797,4.2052,0.5865,421,723,0,0,1
9798,4.1754,0.5345,420,723,0,0,1
9799,4.1506,0.4523,419,723,0,0,1
9800,4.1799,0.4915,419,723,0,0,1
9801,4.1664,0.5644,418,723,0,0,1
9802,4.1802,0.6264,417,723,0,0,1
9803,4.3021,0.7154,417,723,0,0,1
9804,4.0578,0.4938,417,723,0,0,1
9805,4.1305,0.4873,417,723,0,0,1
9806,4.158,0.4464,417,723,0,0,1
9807,4.2224,0.4625,417,723,0,0,1
9808,4.1737,0.4905,417,723,0,0,1
9809,4.261,0.71,416,723,0,0,1
9810,4.0461,0.4911,415,723,0,0,1
9811,4.1768,0.7166,415,723,0,0,1
9812,4.1682,0.6779,415,723,0,0,1
9813,4.1201,0.4402,413,723,0,0,1
9814,4.1456,0.6165,412,723,0,0,1
9815,4.4275,0.7336,412,723,0,0,1
9816,3.9589,0.4995,410,723,0,0,1
9817,4.1583,0.4873,410,723,0,0,1
9818,4.1361,0.4341,410,723,0,0,1
9819,4.1907,0.4715,410,723,0,0,1
9820,4.1669,0.4515,407,723,0,0,1
9821,4.1901,1.0501,407,723,0,0,1
9822,4.3202,0.6747,407,723,0,0,1
9823,4.0377,0.7309,407,723,0,0,1
9824,4.5004,0.676,406,723,0,0,1
9825,3.8889,0.4487,406,723,0,0,1
9826,4.3312,0.4625,405,723,0,0,1
9827,3.9706,0.4468,405,723,0,0,1
9828,4.2604,0.6187,404,723,0,0,1
9829,4.0195,0.582,404,723,0,0,1
9830,4.1191,0.4631,404,723,0,0,1
9831,4.1924,0.5115,402,723,0,0,1
9832,4.1731,0.7283,401,723,0,0,1
9833,4.2009,0.5136,401,723,0,0,1
9834,4.194,0.6948,401,723,0,0,1
9835,4.3754,0.6963,398,723,0,0,1
9836,3.8799,0.4536,396,723,0,0,1
9837,4.2071,0.4555,396,723,0,0,1
9838,4.2426,0.5583,396,723,0,0,1
9839,4.3263,0.443,396,723,0,0,1
9840,3.9511,0.704,396,723,0,0,1
9841,4.1472,0.5338,395,723,0,0,1
9842,4.1363,0.4454,395,723,0,0,1
9843,4.1811,0.4865,395,723,0,0,1
9844,4.2322,0.5923,395,723,0,0,1
9845,4.2498,0.4311,395,723,0,0,1
9846,3.9614,0.5613,393,723,0,0,1
9847,4.2721,0.6087,393,723,0,0,1
9848,4.0915,0.7492,392,723,0,0,1
9849,4.1806,0.6312,392,723,0,0,1
9850,4.1685,0.47,392,723,0,0,1
9851,4.17,0.4284,384,723,0,0,1
9852,4.1689,0.4322,383,723,0,0,1
9853,4.4072,0.7328,383,723,0,0,1
9854,3.9173,0.4773,382,723,0,0,1
9855,4.5972,0.6794,381,723,0,0,1
9856,4.0335,0.4233,381,723,0,0,1
9857,3.9286,0.495,431,723,0,0,1
9858,4.1444,0.6567,431,723,0,0,1
9859,4.1679,0.6973,430,723,0,0,1
9860,4.1453,0.4781,430,723,0,0,1
9861,4.1487,0.4423,430,723,0,0,1
9862,4.2042,0.658,429,723,0,0,1
9863,4.1858,0.5981,428,723,0,0,1
9864,4.3633,0.6566,426,723,0,0,1
9865,3.9322,0.6422,424,723,0,0,1
9866,4.159,0.4567,421,723,0,0,1
9867,4.2305,0.5383,420,723,0,0,1
9868,4.1597,0.4911,420,723,0,0,1
9869,4.1165,0.481,419,723,0,0,1
9870,4.1528,0.5875,419,723,0,0,1
9871,4.1629,0.4563,418,723,0,0,1
9872,4.261,0.7054,418,723,0,0,1
9873,4.1059,0.5927,417,723,0,0,1
9874,4.1893,0.567,417,723,0,0,1
9875,4.1682,0.6836,417,723,0,0,1
9876,4.3814,1.0542,417,723,0,0,1
9877,3.9498,0.5141,417,723,0,0,1
9878,4.1123,0.4733,416,723,0,0,1
9879,4.2648,0.4884,413,723,0,0,1
9880,4.3993,0.607,413,723,0,0,1
9881,3.9734,0.5317,412,723,0,0,1
9882,4.0628,0.4896,410,723,0,0,1
9883,4.1061,0.5991,409,723,0,0,1
9884,4.2338,0.4734,407,723,0,0,1
9885,4.115,0.4722,406,723,0,0,1
9886,4.2374,0.7539,406,723,0,0,1
9887,4.133,0.566,404,723,0,0,1
9888,4.213,0.5939,402,723,0,0,1
9889,4.1489,0.5373,402,723,0,0,1
9890,4.1135,0.4626,401,723,0,0,1
9891,4.2226,0.4525,401,723,0,0,1
9892,4.1909,0.4385,399,723,0,0,1
9893,4.1125,0.5104,399,723,0,0,1
9894,4.2036,0.4838,399,723,0,0,1
9895,4.1069,0.5502,399,723,0,0,1
9896,4.234,0.6191,399,723,0,0,1
9897,4.1571,0.4926,399,723,0,0,1
9898,4.2924,0.7037,398,723,0,0,1
9899,3.9993,0.9445,398,723,0,0,1
9900,4.1779,0.4192,397,723,0,0,1
9901,4.1503,0.5612,397,723,0,0,1
9902,4.1658,0.4271,396,723,0,0,1
9903,4.2179,0.4388,395,723,0,0,1
9904,4.1133,0.4789,395,723,0,0,1
9905,4.4614,0.5996,394,723,0,0,1
9906,3.9094,0.599,394,723,0,0,1
9907,4.1228,0.4756,394,723,0,0,1
9908,4.2198,0.5016,392,723,0,0,1
9909,4.108,0.4505,392,723,0,0,1
9910,4.2852,0.7141,392,723,0,0,1
9911,4.1101,0.5889,392,723,0,0,1
9912,4.1684,0.4931,392,723,0,0,1
9913,4.526,0.5,391,723,0,0,1
9914,3.7934,0.7782,391,723,0,0,1
9915,4.1547,0.5352,390,723,0,0,1
9916,4.1851,0.5299,390,723,0,0,1
9917,4.3969,0.5622,390,723,0,0,1
9918,3.8985,0.4759,390,723,0,0,1
9919,4.1514,0.433,382,723,0,0,1
9920,4.1964,0.4708,382,723,0,0,1
9921,4.1607,0.4913,378,723,0,0,1
9922,4.1464,0.497,378,723,0,0,1
9923,4.233,0.6136,378,723,0,0,1
9924,4.1604,0.5578,428,723,0,0,1
9925,4.1328,0.5156,428,723,0,0,1
9926,4.1318,0.4763,428,723,0,0,1
9927,4.173,0.4407,428,723,0,0,1
9928,4.2357,0.435,427,723,0,0,1
9929,4.3096,0.9654,427,723,0,0,1
9930,3.9993,0.5182,427,723,0,0,1
9931,4.1583,0.4796,427,723,0,0,1
9932,4.1098,0.5001,427,723,0,0,1
9933,4.2151,0.5191,426,723,0,0,1
9934,4.1746,0.6974,424,723,0,0,1
9935,4.2312,0.797,423,723,0,0,1
9936,4.1513,0.5024,423,723,0,0,1
9937,4.0931,0.4387,421,723,0,0,1
9938,4.1763,0.4444,420,723,0,0,1
9939,4.2147,0.5185,420,723,0,0,1
9940,4.1179,0.7147,420,723,0,0,1
9941,4.2659,0.7457,419,723,0,0,1
9942,4.1327,0.5219,416,723,0,0,1
9943,4.1648,0.5373,415,723,0,0,1
9944,4.1675,0.5269,413,723,0,0,1
9945,4.1047,0.6085,413,723,0,0,1
9946,4.2083,0.7111,412,723,0,0,1
9947,4.1153,0.4899,411,723,0,0,1
9948,4.1477,0.4613,410,723,0,0,1
9949,4.3091,0.441,410,723,0,0,1
9950,4.064,0.4652,409,723,0,0,1
9951,4.1731,0.4765,407,723,0,0,1
9952,4.21,0.4527,406,723,0,0,1
9953,4.3203,0.6334,406,723,0,0,1
9954,4.0715,0.678,406,723,0,0,1
9955,4.1056,0.4902,405,723,0,0,1
9956,4.1648,0.5251,405,723,0,0,1
9957,4.1347,0.4371,405,723,0,0,1
9958,4.205,0.5553,404,723,0,0,1
9959,4.1753,0.4194,402,723,0,0,1
9960,4.2345,0.692,401,723,0,0,1
9961,4.0717,0.4754,400,723,0,0,1
9962,4.1211,0.4321,400,723,0,0,1
9963,4.1983,0.4375,398,723,0,0,1
9964,4.263,0.5266,397,723,0,0,1
9965,4.0586,0.4421,397,723,0,0,1
9966,4.2244,0.6728,395,723,0,0,1
9967,4.3097,0.598,393,723,0,0,1
9968,3.9922,0.5304,393,723,0,0,1
9969,4.1527,0.462,392,723,0,0,1
9970,4.4903,0.8307,392,723,0,0,1
9971,3.8687,0.494,391,723,0,0,1
9972,4.1275,0.6719,391,723,0,0,1
9973,4.1304,0.5094,390,723,0,0,1
9974,4.5135,0.4883,390,723,0,0,1
9975,4.3449,0.5089,389,723,0,0,1
9976,3.6923,0.5249,389,723,0,0,1
9977,4.1577,0.4689,389,723,0,0,1
9978,4.1893,0.7346,388,723,0,0,1
9979,4.2497,0.6766,387,723,0,0,1
9980,4.1416,0.5456,387,723,0,0,1
9981,4.0776,0.4785,386,723,0,0,1
9982,4.4832,0.5506,386,723,0,0,1
9983,3.8324,0.5071,386,723,0,0,1
9984,4.3842,0.7399,384,723,0,0,1
9985,4.0413,0.8662,383,723,0,0,1
9986,4.0596,0.4832,376,723,0,0,1
9987,4.2739,0.5324,375,723,0,0,1
9988,4.1759,0.6364,374,723,0,0,1
9989,4.336,0.4528,372,723,0,0,1
9990,3.9694,0.6561,370,723,0,0,1
9991,4.1986,0.7391,370,723,0,0,1
9992,4.0904,0.5303,419,723,0,0,1
9993,4.1684,0.4891,419,723,0,0,1
9994,4.164,0.5556,418,723,0,0,1
9995,4.1064,0.5522,417,723,0,0,1
9996,4.2848,0.5726,417,723,0,0,1
9997,4.075,0.5963,415,723,0,0,1
9998,4.1918,0.4551,414,723,0,0,1
9999,4.1714,0.492,412,723,0,0,1
10000,4.2291,0.5939,410,723,0,0,1
10001,4.1245,0.4712,409,723,0,0,1
10002,4.177,0.4784,409,723,0,0,1
10003,4.1223,0.6082,408,723,0,0,1
10004,4.1964,0.4208,407,723,0,0,1
10005,4.1671,0.7046,407,723,0,0,1
10006,4.4916,1.0168,407,723,0,0,1
10007,3.8431,0.5079,406,723,0,0,1
10008,4.1395,0.5842,406,723,0,0,1
10009,4.2228,0.5109,404,723,0,0,1
10010,4.1093,0.5095,404,723,0,0,1
10011,4.2823,0.6003,402,723,0,0,1
10012,4.1055,0.658,401,723,0,0,1
10013,4.1809,0.4954,399,723,0,0,1
10014,4.1325,0.5265,399,723,0,0,1
10015,4.1664,0.6551,399,723,0,0,1
10016,4.194,0.4842,397,723,0,0,1
10017,4.0948,0.563,397,723,0,0,1
10018,4.2309,0.513,397,723,0,0,1
10019,4.103,0.4404,397,723,0,0,1
10020,4.2269,0.4746,397,723,0,0,1
10021,4.1115,0.4299,397,723,0,0,1
10022,4.1511,0.7006,396,723,0,0,1
10023,4.6558,0.4314,396,723,0,0,1
10024,3.7036,0.4228,396,723,0,0,1
10025,4.2231,0.4924,396,723,0,0,1
10026,4.1394,0.4935,394,723,0,0,1
10027,4.1167,0.6562,394,723,0,0,1
10028,4.2466,0.4291,394,723,0,0,1
10029,4.2188,0.4246,393,723,0,0,1
10030,4.0904,0.4726,392,723,0,0,1
10031,4.1805,0.5321,392,723,0,0,1
10032,4.1956,0.5665,389,723,0,0,1
10033,4.1103,0.4581,389,723,0,0,1
10034,4.1291,0.707,389,723,0,0,1
10035,4.2261,0.4634,388,723,0,0,1
10036,4.1324,0.436,385,723,0,0,1
10037,4.1766,0.494,381,723,0,0,1
10038,4.262,0.6124,381,723,0,0,1
10039,4.0315,0.4751,381,723,0,0,1
10040,4.2455,0.5226,381,723,0,0,1
10041,4.183,0.4571,381,723,0,0,1
10042,4.2158,0.6798,379,723,0,0,1
10043,4.1089,0.5382,378,723,0,0,1
10044,4.0969,0.6729,376,723,0,0,1
10045,4.1668,0.6407,374,723,0,0,1
10046,4.2041,0.6422,374,723,0,0,1
10047,4.163,0.4544,374,723,0,0,1
10048,4.1655,0.4388,374,723,0,0,1
10049,4.2592,0.5334,374,723,0,0,1
10050,4.0522,0.6047,373,723,0,0,1
10051,4.1718,0.423,373,723,0,0,1
10052,4.148,0.529,373,723,0,0,1
10053,4.4447,0.406,366,723,0,0,1
10054,4.0429,0.7303,365,723,0,0,1
10055,4.0418,0.5291,365,723,0,0,1
10056,4.15,0.4097,365,723,0,0,1
10057,4.7404,0.3986,364,723,0,0,1
10058,3.6068,0.4389,364,723,0,0,1
10059,4.1289,0.5529,413,723,0,0,1
10060,4.2121,0.4331,412,723,0,0,1
10061,4.262,0.4738,411,723,0,0,1
10062,4.1104,0.5275,411,723,0,0,1
10063,4.1168,0.458,410,723,0,0,1
10064,4.2152,0.5686,409,723,0,0,1
10065,4.4086,0.4752,409,723,0,0,1
10066,3.9172,0.7505,409,723,0,0,1
10067,4.2948,0.6815,409,723,0,0,1
10068,4.0213,0.599,408,723,0,0,1
10069,4.2619,0.5077,408,723,0,0,1
10070,4.0601,0.4618,407,723,0,0,1
10071,4.1735,0.5879,407,723,0,0,1
10072,4.1268,0.4331,406,723,0,0,1
10073,4.3817,0.7121,406,723,0,0,1
10074,4.0052,0.5374,406,723,0,0,1
10075,4.1467,0.4455,406,723,0,0,1
10076,4.2488,0.4725,405,723,0,0,1
10077,4.1764,0.447,404,723,0,0,1
10078,4.0745,0.6725,404,723,0,0,1
10079,4.1343,0.4546,402,723,0,0,1
10080,4.3781,0.6348,402,723,0,0,1
10081,4.0996,0.5163,402,723,0,0,1
10082,4.0879,0.5334,402,723,0,0,1
10083,4.0966,0.4789,400,723,0,0,1
10084,4.2152,0.5191,399,723,0,0,1
10085,4.2102,0.4861,399,723,0,0,1
10086,4.0745,0.7252,399,723,0,0,1
10087,4.2585,0.5741,399,723,0,0,1
10088,4.1606,0.7173,398,723,0,0,1
10089,4.495,0.4357,398,723,0,0,1
10090,3.7903,0.5163,397,723,0,0,1
10091,4.1775,0.4437,396,723,0,0,1
10092,4.1691,0.4265,393,723,0,0,1
10093,4.4527,0.4927,392,723,0,0,1
10094,3.8408,0.4696,392,723,0,0,1
10095,4.1494,0.7578,392,723,0,0,1
10096,4.5062,0.4702,392,723,0,0,1
10097,4.1088,0.4357,391,723,0,0,1
10098,3.9782,0.6654,390,723,0,0,1
10099,4.161,0.6083,389,723,0,0,1
10100,4.355,0.4281,389,723,0,0,1
10101,3.992,0.4166,389,723,0,0,1
10102,4.1582,0.6398,388,723,0,0,1
10103,4.0918,0.5137,388,723,0,0,1
10104,4.2836,0.6051,386,723,0,0,1
10105,4.2368,0.6712,384,723,0,0,1
10106,4.0022,0.4322,383,723,0,0,1
10107,4.2505,0.4808,383,723,0,0,1
10108,4.1156,0.5208,383,723,0,0,1
10109,4.2326,0.4395,383,723,0,0,1
10110,4.1297,0.6118,382,723,0,0,1
10111,4.141,0.7144,381,723,0,0,1
10112,4.191,0.5612,380,723,0,0,1
10113,4.4686,0.4081,379,723,0,0,1
10114,3.8548,0.5095,379,723,0,0,1
10115,4.137,0.4945,376,723,0,0,1
10116,4.13,0.4273,376,723,0,0,1
10117,4.3155,0.7147,376,723,0,0,1
10118,4.0374,0.4364,376,723,0,0,1
10119,4.7255,0.4561,376,723,0,0,1
10120,3.6723,0.5862,368,723,0,0,1
10121,4.1621,0.5112,368,723,0,0,1
10122,4.15,0.6226,367,723,0,0,1
10123,4.2654,0.4947,367,723,0,0,1
10124,4.1632,0.4815,367,723,0,0,1
10125,4.0673,0.4732,366,723,0,0,1
10126,4.1944,0.5976,415,723,0,0,1
10127,4.3752,0.5252,413,723,0,0,1
10128,3.9377,0.4687,413,723,0,0,1
10129,4.1341,0.4379,413,723,0,0,1
10130,4.1672,0.4727,411,723,0,0,1
10131,4.197,0.5274,410,723,0,0,1
10132,4.1821,0.6049,408,723,0,0,1
10133,4.2021,0.4753,407,723,0,0,1
10134,4.1616,0.5005,407,723,0,0,1
10135,4.062,0.4293,407,723,0,0,1
10136,4.2669,0.7194,407,723,0,0,1
10137,4.1455,0.4381,407,723,0,0,1
10138,4.1003,0.434,406,723,0,0,1
10139,4.1294,0.4227,406,723,0,0,1
10140,4.4721,0.4215,406,723,0,0,1
10141,3.9813,0.4296,406,723,0,0,1
10142,4.1041,0.4729,406,723,0,0,1
10143,4.2662,0.4255,405,723,0,0,1
10144,4.0328,0.4614,405,723,0,0,1
10145,4.2773,0.5526,405,723,0,0,1
10146,4.1326,0.5446,404,723,0,0,1
10147,4.1113,0.4771,404,723,0,0,1
10148,4.3848,0.4869,403,723,0,0,1
10149,3.9891,0.5,402,723,0,0,1
10150,4.1599,0.603,402,723,0,0,1
10151,4.1981,0.5626,401,723,0,0,1
10152,4.4319,0.4317,401,723,0,0,1
10153,3.8306,0.4384,401,723,0,0,1
10154,4.1754,0.4598,400,723,0,0,1
10155,4.2602,0.7148,399,723,0,0,1
10156,4.0717,0.4643,399,723,0,0,1
10157,4.154,0.4246,399,723,0,0,1
10158,4.2501,0.4917,399,723,0,0,1
10159,4.1079,0.6297,399,723,0,0,1
10160,4.1807,0.5451,399,723,0,0,1
10161,4.2736,0.4144,398,723,0,0,1
10162,4.0769,0.5335,397,723,0,0,1
10163,4.1939,0.4977,396,723,0,0,1
10164,4.1637,0.476,395,723,0,0,1
10165,4.1141,0.4166,395,723,0,0,1
10166,4.1706,0.5928,394,723,0,0,1
10167,4.4544,0.4256,394,723,0,0,1
10168,3.8697,0.4909,393,723,0,0,1
10169,4.244,0.4857,391,723,0,0,1
10170,4.1158,0.4779,391,723,0,0,1
10171,4.1436,0.4159,389,723,0,0,1
10172,4.3452,0.4528,388,723,0,0,1
10173,4.0528,0.4114,387,723,0,0,1
10174,4.2072,0.6949,386,723,0,0,1
10175,4.1169,0.4811,386,723,0,0,1
10176,4.0857,0.4238,384,723,0,0,1
10177,4.2497,0.6237,383,723,0,0,1
10178,4.0838,0.4705,382,723,0,0,1
10179,4.2215,0.4521,382,723,0,0,1
10180,4.1836,0.4275,382,723,0,0,1
10181,4.1461,0.6129,381,723,0,0,1
10182,4.1923,0.5081,381,723,0,0,1
10183,4.1472,0.4192,380,723,0,0,1
10184,4.1683,0.4867,380,723,0,0,1
10185,4.1601,0.421,380,723,0,0,1
10186,4.1724,0.792,380,723,0,0,1
10187,4.1657,0.4319,379,723,0,0,1
10188,4.1359,0.7193,371,723,0,0,1
10189,4.2422,0.5702,370,723,0,0,1
10190,4.0879,0.5086,368,723,0,0,1
10191,4.137,0.5229,368,723,0,0,1
10192,4.2621,0.5313,368,723,0,0,1
10193,4.2651,0.6825,416,723,0,0,1
10194,4.0645,0.5823,416,723,0,0,1
10195,4.1794,0.539,416,723,0,0,1
10196,4.1512,0.4341,415,723,0,0,1
10197,4.1958,0.4417,415,723,0,0,1
10198,4.1532,1.0026,413,723,0,0,1
10199,4.2237,0.6065,411,723,0,0,1
10200,4.0896,0.5098,411,723,0,0,1
10201,4.1964,0.4764,410,723,0,0,1
10202,4.0838,0.4338,409,723,0,0,1
10203,4.202,0.4425,409,723,0,0,1
10204,4.3723,0.5694,408,723,0,0,1
10205,4.0454,0.6685,408,723,0,0,1
10206,4.1092,0.5319,407,723,0,0,1
10207,4.1607,0.6914,407,723,0,0,1
10208,4.1277,0.5032,406,723,0,0,1
10209,4.1539,0.5249,405,723,0,0,1
10210,4.1883,0.6444,404,723,0,0,1
10211,4.1969,0.5265,404,723,0,0,1
10212,4.1656,0.6064,404,723,0,0,1
10213,4.1319,0.4472,404,723,0,0,1
10214,4.1589,0.5783,404,723,0,0,1
10215,4.2135,0.4308,404,723,0,0,1
10216,4.1791,0.4883,404,723,0,0,1
10217,4.247,0.4259,404,723,0,0,1
10218,4.0796,0.4491,402,723,0,0,1
10219,4.1707,0.4876,401,723,0,0,1
10220,4.1036,0.5195,401,723,0,0,1
10221,4.1935,0.4232,401,723,0,0,1
10222,4.1644,0.4609,401,723,0,0,1
10223,4.1998,0.6524,400,723,0,0,1
10224,4.226,0.4107,400,723,0,0,1
10225,4.268,0.6286,400,723,0,0,1
10226,3.9406,0.4294,400,723,0,0,1
10227,4.2617,0.4811,400,723,0,0,1
10228,4.1551,0.4983,400,723,0,0,1
10229,4.0809,0.6553,400,723,0,0,1
10230,4.2348,0.7085,399,723,0,0,1
10231,4.1704,0.7849,399,723,0,0,1
10232,4.1502,0.55,399,723,0,0,1
10233,4.1638,0.5049,399,723,0,0,1
10234,4.1798,0.5438,397,723,0,0,1
10235,4.1717,0.6958,397,723,0,0,1
10236,4.1915,0.7762,396,723,0,0,1
10237,4.1025,0.5149,395,723,0,0,1
10238,4.1289,0.5495,395,723,0,0,1
10239,4.1794,0.5191,394,723,0,0,1
10240,4.208,0.5345,393,723,0,0,1
10241,4.1648,0.4516,390,723,0,0,1
10242,4.1663,0.8326,390,723,0,0,1
10243,4.1904,0.6269,390,723,0,0,1
10244,4.1602,0.6168,388,723,0,0,1
10245,4.1411,0.4248,386,723,0,0,1
10246,4.5293,0.4597,386,723,0,0,1
10247,3.8973,0.6166,386,723,0,0,1
10248,4.1894,0.5497,385,723,0,0,1
10249,4.0497,0.4237,383,723,0,0,1
10250,4.1458,0.4509,381,723,0,0,1
10251,4.1925,0.49,378,723,0,0,1
10252,4.1749,0.5829,376,723,0,0,1
10253,4.1574,0.5323,376,723,0,0,1
10254,4.2122,0.707,376,723,0,0,1
10255,4.1563,0.7753,369,723,0,0,1
10256,4.1404,0.5704,368,723,0,0,1
10257,4.1729,0.5688,368,723,0,0,1
10258,4.1892,0.5553,368,723,0,0,1
10259,4.1742,0.5277,368,723,0,0,1
10260,4.2203,0.8163,418,723,0,0,1
10261,4.0871,0.5151,418,723,0,0,1
10262,4.1365,0.493,417,723,0,0,1
10263,4.2496,0.4327,417,723,0,0,1
10264,4.0766,0.4385,416,723,0,0,1
10265,4.2426,0.4812,415,723,0,0,1
10266,4.1157,0.4628,414,723,0,0,1
10267,4.1725,0.64,413,723,0,0,1
10268,4.3181,0.5181,413,723,0,0,1
10269,4.0594,0.7298,413,723,0,0,1
10270,4.1702,0.505,412,723,0,0,1
10271,4.1181,0.4774,412,723,0,0,1
10272,4.1585,0.4561,412,723,0,0,1
10273,4.1164,0.4712,412,723,0,0,1
10274,4.1682,0.4997,412,723,0,0,1
10275,4.2157,0.5631,412,723,0,0,1
10276,4.2065,0.7848,410,723,0,0,1
10277,4.1399,0.4997,410,723,0,0,1
10278,4.113,0.612,409,723,0,0,1
10279,4.2482,0.7027,408,723,0,0,1
10280,4.3012,0.6207,406,723,0,0,1
10281,3.9506,0.4302,406,723,0,0,1
10282,4.1989,0.4887,405,723,0,0,1
10283,4.1445,0.4451,404,723,0,0,1
10284,4.2821,0.5247,404,723,0,0,1
10285,4.0878,0.4549,404,723,0,0,1
10286,4.1949,0.648,404,723,0,0,1
10287,4.1491,0.4193,404,723,0,0,1
10288,4.1666,0.4092,404,723,0,0,1
10289,4.1499,0.6118,403,723,0,0,1
10290,4.1678,0.522,401,723,0,0,1
10291,4.204,0.6775,399,723,0,0,1
10292,4.0726,0.4116,399,723,0,0,1
10293,4.2148,0.4513,399,723,0,0,1
10294,4.2384,0.4897,399,723,0,0,1
10295,4.1298,0.5541,399,723,0,0,1
10296,4.2445,0.6165,396,723,0,0,1
10297,4.0236,0.4824,396,723,0,0,1
10298,4.1958,0.4828,396,723,0,0,1
10299,4.1852,0.6831,396,723,0,0,1
10300,4.1595,0.487,396,723,0,0,1
10301,4.2482,0.6206,395,723,0,0,1
10302,4.1693,0.5455,394,723,0,0,1
10303,4.1482,0.5264,394,723,0,0,1
10304,4.1103,0.5678,394,723,0,0,1
10305,4.3138,0.5139,392,723,0,0,1
10306,4.051,0.5017,392,723,0,0,1
10307,4.1593,0.609,391,723,0,0,1
10308,4.1887,0.7142,391,723,0,0,1
10309,4.0708,0.5111,391,723,0,0,1
10310,4.1792,0.4943,391,723,0,0,1
10311,4.3731,0.4967,391,723,0,0,1
10312,3.9467,0.4615,391,723,0,0,1
10313,4.4616,0.6387,391,723,0,0,1
10314,3.9613,0.5379,391,723,0,0,1
10315,4.1606,0.5983,390,723,0,0,1
10316,4.0741,0.4545,389,723,0,0,1
10317,4.2305,0.4398,387,723,0,0,1
10318,4.2442,0.8256,386,723,0,0,1
10319,4.1359,0.5017,386,723,0,0,1
10320,4.1059,0.4909,385,723,0,0,1
10321,4.1845,0.5529,384,723,0,0,1
10322,4.1144,0.5075,376,723,0,0,1
10323,4.2092,0.5731,375,723,0,0,1
10324,4.1573,0.5124,375,723,0,0,1
10325,4.2004,0.5013,375,723,0,0,1
10326,4.2502,0.5565,375,723,0,0,1
10327,4.052,0.619,375,723,0,0,1
10328,4.2664,0.585,425,723,0,0,1
10329,4.3643,0.4646,425,723,0,0,1
10330,3.8406,0.6917,423,723,0,0,1
10331,4.3143,0.6488,423,723,0,0,1
10332,4.0861,0.4433,423,723,0,0,1
10333,4.1704,0.4948,422,723,0,0,1
10334,4.1322,0.4579,421,723,0,0,1
10335,4.1419,0.4952,420,723,0,0,1
10336,4.1293,0.4238,420,723,0,0,1
10337,4.1796,0.4344,420,723,0,0,1
10338,4.299,0.5501,420,723,0,0,1
10339,4.1432,0.5493,420,723,0,0,1
10340,4.0537,0.526,420,723,0,0,1
10341,4.2199,0.5093,420,723,0,0,1
10342,4.2353,0.4809,420,723,0,0,1
10343,4.1886,0.6347,419,723,0,0,1
10344,4.2659,0.7034,419,723,0,0,1
10345,4.0231,0.496,419,723,0,0,1
10346,4.1183,0.4463,417,723,0,0,1
10347,4.2567,0.4649,417,723,0,0,1
10348,4.0999,0.4491,417,723,0,0,1
10349,4.1543,0.5624,417,723,0,0,1
10350,4.2572,0.6995,416,723,0,0,1
10351,4.0585,0.6534,415,723,0,0,1
10352,4.1877,0.5004,415,723,0,0,1
10353,4.1146,0.5015,415,723,0,0,1
10354,4.2663,0.6258,414,723,0,0,1
10355,4.1569,0.7381,414,723,0,0,1
10356,4.1625,0.7763,413,723,0,0,1
10357,4.0876,0.5104,412,723,0,0,1
10358,4.2039,0.4539,412,723,0,0,1
10359,4.1357,0.445,412,723,0,0,1
10360,4.2806,0.4746,412,723,0,0,1
10361,4.1092,0.5153,412,723,0,0,1
10362,4.2069,0.4402,410,723,0,0,1
10363,4.1125,0.4979,409,723,0,0,1
10364,4.1029,0.5684,409,723,0,0,1
10365,4.2213,0.4148,407,723,0,0,1
10366,4.2196,0.469,405,723,0,0,1
10367,4.1607,0.6858,405,723,0,0,1
10368,4.1967,0.4568,404,723,0,0,1
10369,4.0836,0.4242,403,723,0,0,1
10370,4.1379,0.4224,402,723,0,0,1
10371,4.2392,0.4595,399,723,0,0,1
10372,4.1062,0.4446,398,723,0,0,1
10373,4.2372,0.534,397,723,0,0,1
10374,4.1891,0.7618,397,723,0,0,1
10375,4.1951,0.7035,397,723,0,0,1
10376,4.0966,0.572,396,723,0,0,1
10377,4.2089,0.5261,395,723,0,0,1
10378,4.1357,0.4914,395,723,0,0,1
10379,4.1871,0.5698,393,723,0,0,1
10380,4.1673,0.6805,393,723,0,0,1
10381,4.1464,0.4745,393,723,0,0,1
10382,4.135,0.4954,392,723,0,0,1
10383,4.1632,0.718,392,723,0,0,1
10384,4.1534,0.6945,390,723,0,0,1
10385,4.2238,0.5177,389,723,0,0,1
10386,4.1767,0.507,389,723,0,0,1
10387,4.1077,0.4782,388,723,0,0,1
10388,4.175,0.4771,388,723,0,0,1
10389,4.1489,0.4734,379,723,0,0,1
10390,4.4913,0.6791,379,723,0,0,1
10391,3.9254,0.5032,379,723,0,0,1
10392,4.1225,0.6567,379,723,0,0,1
10393,4.1827,0.4782,378,723,0,0,1
10394,4.1029,0.5088,377,723,0,0,1
10395,4.226,0.5647,427,723,0,0,1
10396,4.1382,0.5315,426,723,0,0,1
10397,4.1344,0.6725,426,723,0,0,1
10398,4.2762,0.5091,426,723,0,0,1
10399,4.1368,0.6612,426,723,0,0,1
10400,4.1874,0.7312,424,723,0,0,1
10401,4.0865,0.4542,424,723,0,0,1
10402,4.1783,0.4438,424,723,0,0,1
10403,4.233,0.6055,423,723,0,0,1
10404,4.1606,0.5271,421,723,0,0,1
10405,4.1125,0.5824,421,723,0,0,1
10406,4.132,0.717,421,723,0,0,1
10407,4.3335,0.5134,418,723,0,0,1
10408,4.0376,0.5382,417,723,0,0,1
10409,4.1736,0.5114,417,723,0,0,1
10410,4.1971,0.5281,416,723,0,0,1
10411,4.1812,0.6569,415,723,0,0,1
10412,4.0902,0.4606,414,723,0,0,1
10413,4.1757,0.437,414,723,0,0,1
10414,4.2291,0.5341,414,723,0,0,1
10415,4.1673,0.4963,412,723,0,0,1
10416,4.1701,0.4742,411,723,0,0,1
10417,4.0614,0.4224,410,723,0,0,1
10418,4.2416,0.7079,409,723,0,0,1
10419,4.2108,0.6587,409,723,0,0,1
10420,4.1794,0.7448,409,723,0,0,1
10421,4.1078,0.5562,408,723,0,0,1
10422,4.1671,0.5245,407,723,0,0,1
10423,4.2762,0.8264,405,723,0,0,1
10424,4.0538,0.9178,405,723,0,0,1
10425,4.1403,0.4359,404,723,0,0,1
10426,4.3642,0.6908,404,723,0,0,1
10427,4.0531,0.7203,404,723,0,0,1
10428,4.0917,0.4483,404,723,0,0,1
10429,4.1784,0.4764,404,723,0,0,1
10430,4.1322,0.4808,404,723,0,0,1
10431,4.3573,0.6109,402,723,0,0,1
10432,3.9862,0.4558,402,723,0,0,1
10433,4.4497,0.5754,401,723,0,0,1
10434,3.9384,0.4961,400,723,0,0,1
10435,4.1671,0.5891,400,723,0,0,1
10436,4.1039,0.4311,399,723,0,0,1
10437,4.1881,0.4395,399,723,0,0,1
10438,4.2897,0.6767,399,723,0,0,1
10439,4.1597,0.4486,399,723,0,0,1
10440,4.1157,0.508,399,723,0,0,1
10441,4.1107,0.5062,399,723,0,0,1
10442,4.1232,0.4446,398,723,0,0,1
10443,4.2707,0.686,396,723,0,0,1
10444,4.153,0.5175,394,723,0,0,1
10445,4.1477,0.4768,394,723,0,0,1
10446,4.19,0.7326,394,723,0,0,1
10447,4.1847,0.5625,393,723,0,0,1
10448,4.102,0.514,392,723,0,0,1
10449,4.1928,0.5805,391,723,0,0,1
10450,4.1846,0.5027,390,723,0,0,1
10451,4.172,0.5686,390,723,0,0,1
10452,4.1836,0.5664,390,723,0,0,1
10453,4.1318,0.5799,390,723,0,0,1
10454,4.1262,0.5187,387,723,0,0,1
10455,4.5059,0.5157,387,723,0,0,1
10456,3.8422,0.5391,386,723,0,0,1
10457,4.2507,0.8972,379,723,0,0,1
10458,4.1262,0.8289,379,723,0,0,1
10459,4.2494,0.672,376,723,0,0,1
10460,3.9788,0.5148,375,723,0,0,1
10461,4.2022,0.5273,374,723,0,0,1
10462,4.2073,0.6656,424,723,0,0,1
10463,4.2757,0.6842,422,723,0,0,1
10464,4.1003,0.7628,421,723,0,0,1
10465,4.1244,0.4905,420,723,0,0,1
10466,4.1069,0.481,420,723,0,0,1
10467,4.2264,0.4949,420,723,0,0,1
10468,4.2093,0.454,419,723,0,0,1
10469,4.1311,0.4316,419,723,0,0,1
10470,4.2174,0.7617,419,723,0,0,1
10471,4.1387,0.7532,419,723,0,0,1
10472,4.1555,0.7282,419,723,0,0,1
10473,4.1251,0.8343,419,723,0,0,1
10474,4.1488,0.5063,419,723,0,0,1
10475,4.2499,0.4592,418,723,0,0,1
10476,4.1265,0.4507,418,723,0,0,1
10477,4.3518,0.5958,417,723,0,0,1
10478,3.9511,0.4425,417,723,0,0,1
10479,4.1289,0.4202,417,723,0,0,1
10480,4.2445,0.4389,417,723,0,0,1
10481,4.1449,0.6044,416,723,0,0,1
10482,4.2854,0.7276,416,723,0,0,1
10483,4.0857,0.5871,416,723,0,0,1
10484,4.1168,0.5048,416,723,0,0,1
10485,4.1965,0.4606,416,723,0,0,1
10486,4.1731,0.4853,416,723,0,0,1
10487,4.2428,0.4469,415,723,0,0,1
10488,4.0993,0.6617,415,723,0,0,1
10489,4.1097,0.434,415,723,0,0,1
10490,4.1574,0.4555,415,723,0,0,1
10491,4.2125,0.466,415,723,0,0,1
10492,4.2099,0.4693,413,723,0,0,1
10493,4.0532,0.4558,413,723,0,0,1
10494,4.3169,0.7017,411,723,0,0,1
10495,4.1148,0.9584,411,723,0,0,1
10496,4.1734,0.8801,410,723,0,0,1
10497,4.1341,0.5284,410,723,0,0,1
10498,4.2195,0.4902,410,723,0,0,1
10499,4.1539,0.4691,410,723,0,0,1
10500,4.2574,0.7042,410,723,0,0,1
10501,4.0386,0.6061,410,723,0,0,1
10502,4.1492,0.4407,410,723,0,0,1
10503,4.1392,0.4266,408,723,0,0,1
10504,4.2044,0.4745,406,723,0,0,1
10505,4.2029,0.5356,405,723,0,0,1
10506,4.1845,0.4266,401,723,0,0,1
10507,4.1986,0.8107,401,723,0,0,1
10508,4.0352,0.4358,400,723,0,0,1
10509,4.184,0.5163,400,723,0,0,1
10510,4.2377,0.5331,397,723,0,0,1
10511,4.1699,0.5119,395,723,0,0,1
10512,4.1861,0.692,395,723,0,0,1
10513,4.1342,0.491,394,723,0,0,1
10514,4.0886,0.5054,394,723,0,0,1
10515,4.2518,0.5997,391,723,0,0,1
10516,4.1298,0.5226,391,723,0,0,1
10517,4.2012,0.5638,391,723,0,0,1
10518,4.1898,0.4726,391,723,0,0,1
10519,4.102,0.4459,390,723,0,0,1
10520,4.2821,0.7036,388,723,0,0,1
10521,4.0434,0.4208,388,723,0,0,1
10522,4.2147,0.4989,387,723,0,0,1
10523,4.1752,0.5027,378,723,0,0,1
10524,4.1581,0.4596,378,723,0,0,1
10525,4.1425,0.6135,376,723,0,0,1
10526,4.2029,0.6504,376,723,0,0,1
10527,4.1677,0.505,376,723,0,0,1
10528,4.0816,0.5118,376,723,0,0,1
10529,4.202,0.5574,425,723,0,0,1
10530,4.1745,0.4801,425,723,0,0,1
10531,4.2006,0.6447,425,723,0,0,1
10532,4.1051,0.4426,424,723,0,0,1
10533,4.151,0.4308,423,723,0,0,1
10534,4.2167,0.4857,423,723,0,0,1
10535,4.2073,0.6245,423,723,0,0,1
10536,4.2346,0.7946,422,723,0,0,1
10537,4.0534,0.5028,421,723,0,0,1
10538,4.1519,0.5209,421,723,0,0,1
10539,4.1858,0.4821,420,723,0,0,1
10540,4.1783,0.4679,419,723,0,0,1
10541,4.2293,0.6123,418,723,0,0,1
10542,4.1212,0.4893,417,723,0,0,1
10543,4.1217,0.549,415,723,0,0,1
10544,4.1784,0.5628,415,723,0,0,1
10545,4.1467,0.4176,415,723,0,0,1
10546,4.227,0.7414,415,723,0,0,1
10547,4.1843,0.4893,415,723,0,0,1
10548,4.1565,0.4992,415,723,0,0,1
10549,4.1514,0.5049,415,723,0,0,1
10550,4.1126,0.6784,415,723,0,0,1
10551,4.2967,0.4979,415,723,0,0,1
10552,4.1269,0.7854,412,723,0,0,1
10553,4.3485,0.5327,412,723,0,0,1
10554,4.2926,0.4646,412,723,0,0,1
10555,3.8186,0.6434,411,723,0,0,1
10556,4.0791,0.5293,411,723,0,0,1
10557,4.2715,0.48,411,723,0,0,1
10558,4.319,0.7353,411,723,0,0,1
10559,4.0141,0.5237,409,723,0,0,1
10560,4.204,0.5419,407,723,0,0,1
10561,4.1181,0.4841,407,723,0,0,1
10562,4.126,0.5902,406,723,0,0,1
10563,4.156,0.4281,406,723,0,0,1
10564,4.2719,0.6936,405,723,0,0,1
10565,4.1337,0.7553,405,723,0,0,1
10566,4.1663,0.4951,404,723,0,0,1
10567,4.183,0.5268,403,723,0,0,1
10568,4.1126,0.5359,403,723,0,0,1
10569,4.14,0.471,400,723,0,0,1
10570,4.3777,0.6559,399,723,0,0,1
10571,4.0037,0.5476,398,723,0,0,1
10572,4.2261,0.5496,396,723,0,0,1
10573,4.4695,0.5248,396,723,0,0,1
10574,3.781,0.5175,395,723,0,0,1
10575,4.0681,0.5224,394,723,0,0,1
10576,4.3348,0.7248,394,723,0,0,1
10577,4.1076,0.7809,393,723,0,0,1
10578,4.1699,0.5792,392,723,0,0,1
10579,4.2078,0.5184,392,723,0,0,1
10580,4.0873,0.4828,392,723,0,0,1
10581,4.223,0.4286,391,723,0,0,1
10582,4.1532,0.6659,391,723,0,0,1
10583,4.2006,0.6974,390,723,0,0,1
10584,4.0962,0.4347,389,723,0,0,1
10585,4.1813,0.4851,387,723,0,0,1
10586,4.1145,0.432,386,723,0,0,1
10587,4.2414,0.4678,385,723,0,0,1
10588,4.197,0.7155,383,723,0,0,1
10589,4.1793,0.6988,380,723,0,0,1
10590,4.1309,0.5791,380,723,0,0,1
10591,4.2454,0.7462,373,723,0,0,1
10592,4.0681,0.5749,373,723,0,0,1
10593,4.1386,0.4993,373,723,0,0,1
10594,4.219,0.7443,372,723,0,0,1
10595,4.2536,0.6763,372,723,0,0,1
10596,4.1058,0.5947,422,723,0,0,1
10597,4.3178,0.524,422,723,0,0,1
10598,3.969,0.4834,420,723,0,0,1
10599,4.1308,0.4523,418,723,0,0,1
10600,4.257,0.4882,418,723,0,0,1
10601,4.1465,0.4353,417,723,0,0,1
10602,4.1477,0.5007,417,723,0,0,1
10603,4.1236,0.4288,417,723,0,0,1
10604,4.1644,0.4182,415,723,0,0,1
10605,4.1926,0.432,414,723,0,0,1
10606,4.392,0.4699,414,723,0,0,1
10607,3.9957,0.8267,414,723,0,0,1
10608,4.2396,0.6812,414,723,0,0,1
10609,4.0084,0.4982,414,723,0,0,1
10610,4.1831,0.5128,414,723,0,0,1
10611,4.2216,0.5024,414,723,0,0,1
10612,4.1897,0.4964,414,723,0,0,1
10613,4.0729,0.4611,413,723,0,0,1
10614,4.2839,0.7179,412,723,0,0,1
10615,4.0593,0.4468,412,723,0,0,1
10616,4.1846,0.5322,412,723,0,0,1
10617,4.2056,0.4421,412,723,0,0,1
10618,4.1091,0.4336,412,723,0,0,1
10619,4.2246,0.45,411,723,0,0,1
10620,4.1805,0.7086,411,723,0,0,1
10621,4.0817,0.4287,411,723,0,0,1
10622,4.1661,0.6777,411,723,0,0,1
10623,4.1818,0.4727,409,723,0,0,1
10624,4.2403,0.5102,408,723,0,0,1
10625,4.091,0.6587,408,723,0,0,1
10626,4.267,0.7595,408,723,0,0,1
10627,4.0701,0.7157,405,723,0,0,1
10628,4.1847,0.505,405,723,0,0,1
10629,4.1729,0.5095,405,723,0,0,1
10630,4.2044,0.7046,404,723,0,0,1
10631,4.1717,0.472,403,723,0,0,1
10632,4.2072,0.4404,402,723,0,0,1
10633,4.0214,0.4321,402,723,0,0,1
10634,4.1848,0.4637,402,723,0,0,1
10635,4.1792,0.565,402,723,0,0,1
10636,4.2191,0.6206,401,723,0,0,1
10637,4.1797,0.4512,400,723,0,0,1
10638,4.1042,0.6053,400,723,0,0,1
10639,4.2159,0.6665,400,723,0,0,1
10640,4.5918,0.5715,398,723,0,0,1
10641,3.7372,0.4132,397,723,0,0,1
10642,4.5729,0.6204,397,723,0,0,1
10643,3.826,0.4339,397,723,0,0,1
10644,4.1184,0.7008,395,723,0,0,1
10645,4.3515,0.4119,393,723,0,0,1
10646,4.075,0.63,392,723,0,0,1
10647,4.0693,0.4133,389,723,0,0,1
10648,4.1803,0.4489,389,723,0,0,1
10649,4.1117,0.5504,388,723,0,0,1
10650,4.4556,0.4389,387,723,0,0,1
10651,3.9516,0.4371,385,723,0,0,1
10652,4.1187,0.4389,384,723,0,0,1
10653,4.1382,0.4081,384,723,0,0,1
10654,4.6849,0.5735,382,723,0,0,1
10655,3.7357,0.5739,382,723,0,0,1
10656,4.392,0.4207,381,723,0,0,1
10657,4.1291,0.4092,380,723,0,0,1
10658,3.9208,0.4204,373,723,0,0,1
10659,4.5335,0.6296,373,723,0,0,1
10660,3.8268,0.4295,370,723,0,0,1
10661,4.5345,0.6184,370,723,0,0,1
10662,3.8597,0.4231,370,723,0,0,1
10663,4.4237,0.7091,420,723,0,0,1
10664,4.015,0.6796,420,723,0,0,1
10665,3.9728,0.4695,420,723,0,0,1
10666,4.5955,0.6284,419,723,0,0,1
10667,3.8089,0.6238,418,723,0,0,1
10668,4.0929,0.6008,417,723,0,0,1
10669,4.4663,0.4176,416,723,0,0,1
10670,3.9468,0.4223,416,723,0,0,1
10671,4.1572,0.4378,416,723,0,0,1
10672,4.1288,0.533,416,723,0,0,1
10673,4.135,0.4704,415,723,0,0,1
10674,4.5218,0.5169,413,723,0,0,1
10675,3.8747,0.7301,412,723,0,0,1
10676,4.0943,0.5014,412,723,0,0,1
10677,4.2442,0.4539,412,723,0,0,1
10678,4.2122,0.6766,412,723,0,0,1
10679,4.0801,0.4484,412,723,0,0,1
10680,4.2009,0.5623,411,723,0,0,1
10681,4.3434,0.4339,410,723,0,0,1
10682,4.028,0.6394,410,723,0,0,1
10683,4.2652,0.6328,410,723,0,0,1
10684,4.0179,0.4452,409,723,0,0,1
10685,4.1757,0.6778,408,723,0,0,1
10686,4.182,0.4283,408,723,0,0,1
10687,4.2131,0.6925,407,723,0,0,1
10688,4.4055,0.675,407,723,0,0,1
10689,3.7801,0.4257,407,723,0,0,1
10690,4.6261,0.6603,405,723,0,0,1
10691,3.7613,0.6772,403,723,0,0,1
10692,4.2012,0.692,402,723,0,0,1
10693,4.4401,0.4503,402,723,0,0,1
10694,3.8466,0.4013,402,723,0,0,1
10695,4.0399,0.3717,401,723,0,0,1
10696,4.2384,0.394,401,723,0,0,1
10697,4.1949,0.5526,401,723,0,0,1
10698,4.3458,0.5085,401,723,0,0,1
10699,3.97,0.5384,401,723,0,0,1
10700,4.0873,0.3952,401,723,0,0,1
10701,4.1668,0.5149,401,723,0,0,1
10702,4.4555,0.6477,401,723,0,0,1
10703,4.0532,0.5207,401,723,0,0,1
10704,4.0352,0.5152,401,723,0,0,1
10705,4.1811,0.4885,400,723,0,0,1
10706,4.1473,0.3647,398,723,0,0,1
10707,4.183,0.4254,398,723,0,0,1
10708,4.1948,0.357,398,723,0,0,1
10709,4.0946,0.4924,398,723,0,0,1
10710,4.4935,0.6272,398,723,0,0,1
10711,3.8439,0.3787,396,723,0,0,1
10712,4.4571,0.4113,396,723,0,0,1
10713,3.8943,0.341,396,723,0,0,1
10714,4.318,0.5014,396,723,0,0,1
10715,4.0739,0.5001,395,723,0,0,1
10716,4.3759,0.5518,395,723,0,0,1
10717,3.9103,0.4944,395,723,0,0,1
10718,4.1475,0.3543,394,723,0,0,1
10719,4.1484,0.341,394,723,0,0,1
10720,4.3915,0.3539,394,723,0,0,1
10721,4.1377,0.4789,393,723,0,0,1
10722,4.022,0.3363,393,723,0,0,1
10723,4.4549,0.4693,391,723,0,0,1
10724,3.8204,0.332,391,723,0,0,1
10725,4.1744,0.4393,384,723,0,0,1
10726,4.4469,0.3876,383,723,0,0,1
10727,4.1099,0.4877,379,723,0,0,1
10728,4.2671,0.5243,379,723,0,0,1
10729,3.883,0.5089,378,723,0,0,1
10730,4.1626,0.3541,378,723,0,0,1
10731,4.2168,0.5272,428,723,0,0,1
10732,4.215,0.4279,428,723,0,0,1
10733,4.1916,0.3803,428,723,0,0,1
10734,4.1314,0.4779,427,723,0,0,1
10735,4.0849,0.5809,426,723,0,0,1
10736,4.2792,0.5705,426,723,0,0,1
10737,4.0253,0.4028,425,723,0,0,1
10738,4.3133,0.5087,425,723,0,0,1
10739,4.174,0.4056,424,723,0,0,1
10740,4.1647,0.565,423,723,0,0,1
10741,4.0355,0.5043,423,723,0,0,1
10742,4.1231,0.3769,423,723,0,0,1
10743,4.1527,0.3449,421,723,0,0,1
10744,4.1802,0.4888,421,723,0,0,1
10745,4.305,0.5022,420,723,0,0,1
10746,4.1947,0.5415,418,723,0,0,1
10747,4.1064,0.531,417,723,0,0,1
10748,4.0642,0.3911,416,723,0,0,1
10749,4.204,0.4225,416,723,0,0,1
10750,4.2673,0.5285,415,723,0,0,1
10751,4.2114,0.4462,415,723,0,0,1
10752,4.0022,0.4083,415,723,0,0,1
10753,4.1522,0.3596,414,723,0,0,1
10754,4.1652,0.3582,414,723,0,0,1
10755,4.495,0.4453,413,723,0,0,1
10756,4.1858,0.446,413,723,0,0,1
10757,4.3329,0.3438,411,723,0,0,1
10758,3.6526,0.5526,411,723,0,0,1
10759,4.1883,0.3435,410,723,0,0,1
10760,4.3106,0.4882,410,723,0,0,1
10761,4.0701,0.3494,410,723,0,0,1
10762,4.2437,0.4827,409,723,0,0,1
10763,4.1777,0.468,408,723,0,0,1
10764,4.0152,0.5106,407,723,0,0,1
10765,4.1665,0.607,406,723,0,0,1
10766,4.178,0.5809,406,723,0,0,1
10767,4.4079,0.4824,405,723,0,0,1
10768,3.9506,0.3647,405,723,0,0,1
10769,4.2995,0.4545,403,723,0,0,1
10770,4.0213,0.397,401,723,0,0,1
10771,4.1668,0.4842,399,723,0,0,1
10772,4.9214,0.4388,399,723,0,0,1
10773,3.4189,0.3442,399,723,0,0,1
10774,4.3561,0.4955,399,723,0,0,1
10775,3.9714,0.3717,399,723,0,0,1
10776,4.1662,0.3692,398,723,0,0,1
10777,4.1288,0.4603,397,723,0,0,1
10778,4.2952,0.4985,395,723,0,0,1
10779,4.299,0.5546,395,723,0,0,1
10780,3.9368,0.3462,394,723,0,0,1
10781,4.3268,0.4619,393,723,0,0,1
10782,4.0176,0.3582,393,723,0,0,1
10783,4.1632,0.4906,393,723,0,0,1
10784,4.2345,0.4984,391,723,0,0,1
10785,4.1077,0.3382,391,723,0,0,1
10786,4.2991,0.4716,391,723,0,0,1
10787,4.201,0.469,391,723,0,0,1
10788,3.9698,0.3339,391,723,0,0,1
10789,4.1826,0.3326,391,723,0,0,1
10790,4.2286,0.5147,391,723,0,0,1
10791,4.2395,0.3223,389,723,0,0,1
10792,4.0476,0.5215,381,723,0,0,1
10793,4.1575,0.3383,381,723,0,0,1
10794,4.172,0.3352,381,723,0,0,1
10795,4.1652,0.3809,380,723,0,0,1
10796,4.5753,0.3287,379,723,0,0,1
10797,3.7817,0.3387,379,723,0,0,1
10798,4.2618,0.5236,428,723,0,0,1
10799,4.205,0.493,428,723,0,0,1
10800,4.024,0.3781,427,723,0,0,1
10801,4.1507,0.3775,426,723,0,0,1
10802,4.1603,0.5566,426,723,0,0,1
10803,4.2825,0.5495,422,723,0,0,1
10804,4.0495,0.4081,422,723,0,0,1
10805,4.3985,0.5068,422,723,0,0,1
10806,3.9247,0.3931,420,723,0,0,1
10807,4.1945,0.3689,420,723,0,0,1
10808,4.1673,0.4462,419,723,0,0,1
10809,4.1696,0.3668,417,723,0,0,1
10810,4.2795,0.4996,417,723,0,0,1
10811,4.2143,0.486,417,723,0,0,1
10812,4.1088,0.366,417,723,0,0,1
10813,4.0604,0.3619,417,723,0,0,1
10814,4.1923,0.4844,416,723,0,0,1
10815,4.2988,0.4094,416,723,0,0,1
10816,4.0207,0.4873,416,723,0,0,1
10817,4.1762,0.433,415,723,0,0,1
10818,4.4729,0.4875,413,723,0,0,1
10819,3.8927,0.515,413,723,0,0,1
10820,4.1469,0.4347,412,723,0,0,1
10821,4.1548,0.4056,412,723,0,0,1
10822,4.3498,0.7442,410,723,0,0,1
10823,4.1182,0.4997,408,723,0,0,1
10824,4.1735,0.497,407,723,0,0,1
10825,4.1146,0.4666,406,723,0,0,1
10826,4.1008,0.407,406,723,0,0,1
10827,4.2823,0.5851,405,723,0,0,1
10828,4.1188,0.5184,404,723,0,0,1
10829,4.3071,0.4138,404,723,0,0,1
10830,4.3168,0.5236,404,723,0,0,1
10831,3.9317,0.4611,404,723,0,0,1
10832,4.1185,0.4771,402,723,0,0,1
10833,4.1316,0.4093,401,723,0,0,1
10834,4.247,0.6862,400,723,0,0,1
10835,4.1525,0.4753,399,723,0,0,1
10836,4.1661,0.4782,399,723,0,0,1
10837,4.4026,0.4552,398,723,0,0,1
10838,3.8926,0.5034,393,723,0,0,1
10839,4.139,0.433,392,723,0,0,1
10840,4.2384,0.4306,392,723,0,0,1
10841,4.1331,0.7088,392,723,0,0,1
10842,4.1567,0.6255,391,723,0,0,1
10843,4.4344,0.6633,391,723,0,0,1
10844,3.8528,0.4554,388,723,0,0,1
10845,4.1819,0.4473,387,723,0,0,1
10846,4.1906,0.7396,386,723,0,0,1
10847,4.2042,0.417,386,723,0,0,1
10848,4.1233,0.4323,386,723,0,0,1
10849,4.139,0.6039,384,723,0,0,1
10850,4.1636,0.4103,383,723,0,0,1
10851,4.2137,0.4234,382,723,0,0,1
10852,4.2251,0.4031,382,723,0,0,1
10853,4.1178,0.6883,382,723,0,0,1
10854,4.1817,0.4643,382,723,0,0,1
10855,4.1661,0.4541,382,723,0,0,1
10856,4.3992,0.6584,382,723,0,0,1
10857,3.9168,0.4354,382,723,0,0,1
10858,4.1601,0.4934,381,723,0,0,1
10859,4.2312,0.6359,374,723,0,0,1
10860,4.1455,0.4906,374,723,0,0,1
10861,4.0939,0.4177,374,723,0,0,1
10862,4.164,0.6212,373,723,0,0,1
10863,4.1692,0.4213,372,723,0,0,1
10864,4.26,0.4562,370,723,0,0,1
10865,4.1345,0.6678,419,723,0,0,1
10866,4.1453,0.6274,419,723,0,0,1
10867,4.1434,0.4496,418,723,0,0,1
10868,4.1484,0.4262,418,723,0,0,1
10869,4.1772,0.4403,415,723,0,0,1
10870,4.3689,0.7787,414,723,0,0,1
10871,4.0459,0.7117,413,723,0,0,1
10872,4.1991,0.6879,412,723,0,0,1
10873,4.0696,0.7435,412,723,0,0,1
10874,4.1512,0.4771,410,723,0,0,1
10875,4.4513,0.6632,409,723,0,0,1
10876,3.9587,0.5159,409,723,0,0,1
10877,4.2897,0.5016,409,723,0,0,1
10878,3.9765,0.7062,409,723,0,0,1
10879,4.3164,0.6398,409,723,0,0,1
10880,4.0916,0.5276,409,723,0,0,1
10881,4.1137,0.4385,408,723,0,0,1
10882,4.5396,0.4394,408,723,0,0,1
10883,3.8267,0.5816,408,723,0,0,1
10884,4.1574,0.6211,407,723,0,0,1
10885,4.1546,0.4269,406,723,0,0,1
10886,4.1471,0.4344,405,723,0,0,1
10887,4.1654,0.4295,404,723,0,0,1
10888,4.2283,0.6077,403,723,0,0,1
10889,4.1026,0.7163,403,723,0,0,1
10890,4.2136,0.4263,403,723,0,0,1
10891,4.2755,0.676,402,723,0,0,1
10892,4.001,0.4337,402,723,0,0,1
10893,4.1837,0.4527,402,723,0,0,1
10894,4.1802,0.7249,401,723,0,0,1
10895,4.2128,0.6728,401,723,0,0,1
10896,4.161,0.7164,401,723,0,0,1
10897,4.1068,0.7481,399,723,0,0,1
10898,4.1172,0.4994,398,723,0,0,1
10899,4.4738,0.677,395,723,0,0,1
10900,3.8398,0.5597,394,723,0,0,1
10901,4.5052,0.4658,392,723,0,0,1
10902,4.0992,0.4603,391,723,0,0,1
10903,3.8997,0.5927,391,723,0,0,1
10904,4.5093,0.6251,391,723,0,0,1
10905,3.948,0.4323,391,723,0,0,1
10906,4.1859,0.6353,390,723,0,0,1
10907,4.1913,0.546,389,723,0,0,1
10908,4.088,0.4477,388,723,0,0,1
10909,4.1386,0.889,386,723,0,0,1
10910,4.2583,0.4597,385,723,0,0,1
10911,4.1042,0.4276,385,723,0,0,1
10912,4.2061,0.4617,385,723,0,0,1
10913,4.0907,0.5843,384,723,0,0,1
10914,4.239,0.5268,384,723,0,0,1
10915,4.1558,0.3978,384,723,0,0,1
10916,4.1373,0.5606,383,723,0,0,1
10917,4.1375,0.4062,382,723,0,0,1
10918,4.2305,0.5981,381,723,0,0,1
10919,4.0666,0.3723,381,723,0,0,1
10920,4.132,0.5064,380,723,0,0,1
10921,4.1818,0.3654,380,723,0,0,1
10922,4.2012,0.4977,379,723,0,0,1
10923,4.1757,0.48,379,723,0,0,1
10924,4.171,0.3492,379,723,0,0,1
10925,4.0613,0.3442,379,723,0,0,1
10926,4.4757,0.4249,378,723,0,0,1
10927,3.9649,0.4767,371,723,0,0,1
10928,4.113,0.4763,369,723,0,0,1
10929,4.1851,0.3338,367,723,0,0,1
10930,4.1937,0.5292,366,723,0,0,1
10931,4.1726,0.5817,365,723,0,0,1
10932,4.1341,0.5468,414,723,0,0,1
10933,4.1236,0.5075,414,723,0,0,1
10934,4.2548,0.3533,412,723,0,0,1
10935,4.0921,0.3466,412,723,0,0,1
10936,4.2034,0.3666,412,723,0,0,1
10937,4.1652,0.5194,412,723,0,0,1
10938,4.191,0.553,412,723,0,0,1
10939,4.3261,0.3463,412,723,0,0,1
10940,3.9401,0.49,412,723,0,0,1
10941,4.1419,0.3561,411,723,0,0,1
10942,4.3229,0.569,411,723,0,0,1
10943,4.1923,0.5622,410,723,0,0,1
10944,4.1674,0.5546,410,723,0,0,1
10945,4.3025,0.8047,409,723,0,0,1
10946,3.869,0.876,407,723,0,0,1
10947,4.3443,0.6358,407,723,0,0,1
10948,4.1154,0.3706,406,723,0,0,1
10949,4.2778,0.3512,404,723,0,0,1
10950,4.1046,0.5119,403,723,0,0,1
10951,4.1016,0.4595,403,723,0,0,1
10952,4.2839,0.3509,403,723,0,0,1
10953,3.994,0.3418,403,723,0,0,1
10954,4.2637,0.5594,403,723,0,0,1
10955,4.1722,0.4981,403,723,0,0,1
10956,4.0471,0.504,403,723,0,0,1
10957,4.2625,0.5176,403,723,0,0,1
10958,4.0386,0.3946,401,723,0,0,1
10959,4.1376,0.4919,400,723,0,0,1
10960,4.3532,0.3999,399,723,0,0,1
10961,4.036,0.5802,399,723,0,0,1
10962,4.2953,0.5809,399,723,0,0,1
10963,4.1818,0.5037,397,723,0,0,1
10964,3.9907,0.38,397,723,0,0,1
10965,4.1534,0.3543,396,723,0,0,1
10966,4.3197,0.4878,396,723,0,0,1
10967,4.2035,0.6813,396,723,0,0,1
10968,4.1524,0.4858,396,723,0,0,1
10969,3.9901,0.4835,396,723,0,0,1
10970,4.1989,0.3591,396,723,0,0,1
10971,4.285,0.382,394,723,0,0,1
10972,4.3019,0.449,394,723,0,0,1
10973,3.9075,0.3625,393,723,0,0,1
10974,4.3292,0.5022,393,723,0,0,1
10975,4.176,0.5015,393,723,0,0,1
10976,4.0592,0.549,390,723,0,0,1
10977,4.1483,0.3779,389,723,0,0,1
10978,4.389,0.363,387,723,0,0,1
10979,3.9942,0.6017,387,723,0,0,1
10980,4.2246,0.4776,384,723,0,0,1
10981,4.0597,0.3751,382,723,0,0,1
10982,4.1564,0.6027,382,723,0,0,1
10983,4.1687,0.3814,379,723,0,0,1
10984,4.2994,0.3865,378,723,0,0,1
10985,4.1044,0.5372,377,723,0,0,1
10986,4.2151,0.4913,377,723,0,0,1
10987,4.34,0.4933,377,723,0,0,1
10988,3.8987,0.404,375,723,0,0,1
10989,4.1915,0.3954,375,723,0,0,1
10990,4.443,0.4133,374,723,0,0,1
10991,4.0014,0.6332,374,723,0,0,1
10992,4.2076,0.4798,374,723,0,0,1
10993,4.0249,0.6076,374,723,0,0,1
10994,4.1596,0.418,366,723,0,0,1
10995,4.5069,0.4195,365,723,0,0,1
10996,3.9119,0.442,365,723,0,0,1
10997,4.325,0.4266,363,723,0,0,1
10998,4.1676,0.7967,362,723,0,0,1
10999,3.9715,0.5387,362,723,0,0,1
11000,4.1509,0.5218,412,723,0,0,1
11001,4.1242,0.4572,411,723,0,0,1
11002,4.5052,0.6304,411,723,0,0,1
11003,3.9198,0.4452,410,723,0,0,1
11004,4.2234,0.7051,408,723,0,0,1
11005,4.1197,0.4327,408,723,0,0,1
11006,4.0979,0.6533,408,723,0,0,1
11007,4.1468,0.4315,407,723,0,0,1
11008,4.2478,0.5505,407,723,0,0,1
11009,4.0771,0.6374,406,723,0,0,1
11010,4.2631,0.7057,406,723,0,0,1
11011,4.2082,0.6478,406,723,0,0,1
11012,4.0173,0.5772,406,723,0,0,1
11013,4.1829,0.4556,406,723,0,0,1
11014,4.4902,0.6035,406,723,0,0,1
11015,3.9298,0.4881,406,723,0,0,1
11016,4.2826,0.7203,406,723,0,0,1
11017,4.0429,0.7618,406,723,0,0,1
11018,4.1117,0.5061,406,723,0,0,1
11019,4.1908,0.5507,405,723,0,0,1
11020,4.1378,0.5467,405,723,0,0,1
11021,4.1578,0.5228,405,723,0,0,1
11022,4.2255,0.677,405,723,0,0,1
11023,4.1713,0.67,405,723,0,0,1
11024,4.165,0.5265,405,723,0,0,1
11025,4.1178,0.434,405,723,0,0,1
11026,4.1118,0.4333,405,723,0,0,1
11027,4.5564,0.4282,403,723,0,0,1
11028,4.004,0.6002,403,723,0,0,1
11029,4.032,0.4279,402,723,0,0,1
11030,4.1354,0.4251,402,723,0,0,1
11031,4.1157,0.6426,402,723,0,0,1
11032,4.2121,0.5419,402,723,0,0,1
11033,4.4787,0.4387,402,723,0,0,1
11034,3.8904,0.4198,401,723,0,0,1
11035,4.1485,0.4144,400,723,0,0,1
11036,4.1761,0.424,400,723,0,0,1
11037,4.1728,0.4498,400,723,0,0,1
11038,4.2106,0.5202,399,723,0,0,1
11039,4.1551,0.5036,399,723,0,0,1
11040,4.1671,0.6588,397,723,0,0,1
11041,4.1268,0.6684,396,723,0,0,1
11042,4.1374,0.6847,396,723,0,0,1
11043,4.2359,0.5696,394,723,0,0,1
11044,4.1131,0.5471,392,723,0,0,1
11045,4.3345,0.6113,392,723,0,0,1
11046,4.0834,0.9553,390,723,0,0,1
11047,4.0778,0.4849,389,723,0,0,1
11048,4.2553,0.706,389,723,0,0,1
11049,4.0642,0.4841,386,723,0,0,1
11050,4.4385,0.5519,384,723,0,0,1
11051,3.9049,0.4682,383,723,0,0,1
11052,4.4937,0.7291,383,723,0,0,1
11053,3.8567,0.6336,382,723,0,0,1
11054,4.166,0.4662,381,723,0,0,1
11055,4.3701,0.8577,380,723,0,0,1
11056,4.141,0.5176,379,723,0,0,1
11057,4.0014,0.6764,378,723,0,0,1
11058,4.2156,0.4894,378,723,0,0,1
11059,4.1364,0.7316,378,723,0,0,1
11060,4.0966,0.6647,378,723,0,0,1
11061,4.1678,0.4633,371,723,0,0,1
11062,4.5333,0.55,370,723,0,0,1
11063,3.8575,0.6085,369,723,0,0,1
11064,4.1848,0.5136,367,723,0,0,1
11065,4.4332,0.4132,367,723,0,0,1
11066,3.8994,0.6822,367,723,0,0,1
11067,4.172,0.7461,417,723,0,0,1
11068,4.1325,0.4401,417,723,0,0,1
11069,4.1726,0.7285,417,723,0,0,1
11070,4.125,0.7393,414,723,0,0,1
11071,4.2438,0.5079,411,723,0,0,1
11072,4.1261,0.6347,410,723,0,0,1
11073,4.1326,0.5354,408,723,0,0,1
11074,4.1748,0.5056,407,723,0,0,1
11075,4.2388,0.5062,407,723,0,0,1
11076,4.1812,0.6462,407,723,0,0,1
11077,4.1004,0.485,407,723,0,0,1
11078,4.133,0.4673,406,723,0,0,1
11079,4.1578,0.5963,406,723,0,0,1
11080,4.208,0.5069,406,723,0,0,1
11081,4.1831,0.6831,406,723,0,0,1
11082,4.1802,0.4888,404,723,0,0,1
11083,4.1663,0.4542,404,723,0,0,1
11084,4.1143,0.5635,403,723,0,0,1
11085,4.177,0.4232,402,723,0,0,1
11086,4.2821,0.7063,402,723,0,0,1
11087,4.1175,0.531,401,723,0,0,1
11088,4.1686,0.5078,401,723,0,0,1
11089,4.372,0.6474,400,723,0,0,1
11090,3.8901,0.5621,400,723,0,0,1
11091,4.4378,0.499,400,723,0,0,1
11092,3.9685,0.4785,400,723,0,0,1
11093,4.122,0.4695,399,723,0,0,1
11094,4.172,0.55,399,723,0,0,1
11095,4.217,0.5372,398,723,0,0,1
11096,4.1504,0.6992,397,723,0,0,1
11097,4.1014,0.4844,397,723,0,0,1
11098,4.3525,0.5488,395,723,0,0,1
11099,4.0411,0.592,395,723,0,0,1
11100,4.174,0.5121,395,723,0,0,1
11101,4.0944,0.4458,395,723,0,0,1
11102,4.1787,0.4754,394,723,0,0,1
11103,4.1895,0.4928,394,723,0,0,1
11104,4.2132,0.4603,393,723,0,0,1
11105,4.1517,0.622,393,723,0,0,1
11106,4.1011,0.4358,393,723,0,0,1
11107,4.2076,0.5172,393,723,0,0,1
11108,4.0978,0.4286,392,723,0,0,1
11109,4.1987,0.4406,392,723,0,0,1
11110,4.2174,0.6568,389,723,0,0,1
11111,4.1756,0.4247,388,723,0,0,1
11112,4.3413,0.6005,388,723,0,0,1
11113,3.9417,0.4252,388,723,0,0,1
11114,4.1737,0.4563,387,723,0,0,1
11115,4.1882,0.4486,386,723,0,0,1
11116,4.3774,0.444,385,723,0,0,1
11117,4.2166,0.4601,384,723,0,0,1
11118,3.9446,0.4901,384,723,0,0,1
11119,4.4,0.6725,384,723,0,0,1
11120,3.9301,0.4771,384,723,0,0,1
11121,4.1023,0.4292,384,723,0,0,1
11122,4.3929,0.4248,383,723,0,0,1
11123,4.0426,0.6155,383,723,0,0,1
11124,4.1789,0.618,382,723,0,0,1
11125,4.0354,0.4286,382,723,0,0,1
11126,4.2045,0.4625,381,723,0,0,1
11127,4.2259,0.5316,381,723,0,0,1
11128,4.1749,0.5084,374,723,0,0,1
11129,4.1399,0.7772,372,723,0,0,1
11130,4.2229,0.6601,371,723,0,0,1
11131,4.1007,0.5607,371,723,0,0,1
11132,4.0936,0.4892,369,723,0,0,1
11133,4.2065,0.5108,369,723,0,0,1
11134,4.2246,0.6417,417,723,0,0,1
11135,4.1653,0.5108,416,723,0,0,1
11136,4.1317,0.4522,416,723,0,0,1
11137,4.1386,0.628,416,723,0,0,1
11138,4.177,0.4521,416,723,0,0,1
11139,4.2182,0.491,416,723,0,0,1
11140,4.1182,0.4432,416,723,0,0,1
11141,4.404,0.4483,415,723,0,0,1
11142,4.0375,0.7555,415,723,0,0,1
11143,4.0638,0.5371,414,723,0,0,1
11144,4.1978,0.4912,413,723,0,0,1
11145,4.0933,0.4304,412,723,0,0,1
11146,4.3365,0.4869,412,723,0,0,1
11147,4.1094,0.4579,410,723,0,0,1
11148,4.1763,0.7424,409,723,0,0,1
11149,4.1006,0.4961,409,723,0,0,1
11150,4.1534,0.496,409,723,0,0,1
11151,4.1499,0.4817,408,723,0,0,1
11152,4.1622,0.6076,407,723,0,0,1
11153,4.2317,0.6279,407,723,0,0,1
11154,4.1677,0.5196,406,723,0,0,1
11155,4.1111,0.4383,405,723,0,0,1
11156,4.2161,0.5069,405,723,0,0,1
11157,4.1577,0.4542,405,723,0,0,1
11158,4.1519,0.5014,405,723,0,0,1
11159,4.3943,0.4465,405,723,0,0,1
11160,3.9244,0.6611,405,723,0,0,1
11161,4.2466,0.6199,405,723,0,0,1
11162,4.0947,0.4268,405,723,0,0,1
11163,4.2104,0.5178,405,723,0,0,1
11164,4.1073,0.4274,404,723,0,0,1
11165,4.5572,0.4298,404,723,0,0,1
11166,3.7835,0.6201,404,723,0,0,1
11167,4.1878,0.4403,403,723,0,0,1
11168,4.1397,0.5939,403,723,0,0,1
11169,4.204,0.4164,401,723,0,0,1
11170,4.1693,0.4709,399,723,0,0,1
11171,4.1782,0.4548,399,723,0,0,1
11172,4.1969,0.576,398,723,0,0,1
11173,4.1269,0.4414,398,723,0,0,1
11174,4.1787,0.6758,397,723,0,0,1
11175,4.1156,0.459,397,723,0,0,1
11176,4.2196,0.6741,397,723,0,0,1
11177,4.0961,0.4485,397,723,0,0,1
11178,4.2375,0.4771,397,723,0,0,1
11179,4.1197,0.7315,396,723,0,0,1
11180,4.2536,0.6557,396,723,0,0,1
11181,4.0538,0.4647,396,723,0,0,1
11182,4.2417,0.4906,395,723,0,0,1
11183,4.1656,0.5282,394,723,0,0,1
11184,4.164,0.5625,390,723,0,0,1
11185,4.1399,0.6648,389,723,0,0,1
11186,4.116,0.7435,388,723,0,0,1
11187,4.2228,0.4884,387,723,0,0,1
11188,4.1738,0.5073,387,723,0,0,1
11189,4.1585,0.6244,386,723,0,0,1
11190,4.1671,0.5949,386,723,0,0,1
11191,4.1318,0.6219,385,723,0,0,1
11192,4.3719,0.6619,384,723,0,0,1
11193,3.9752,0.4517,384,723,0,0,1
11194,4.2304,0.4041,384,723,0,0,1
11195,4.1516,0.4892,377,723,0,0,1
11196,4.2458,0.6354,376,723,0,0,1
11197,4.2704,0.6648,375,723,0,0,1
11198,3.9913,0.6618,374,723,0,0,1
11199,4.3788,0.595,374,723,0,0,1
11200,3.9492,0.4814,373,723,0,0,1
11201,4.1397,0.5854,421,723,0,0,1
11202,4.2048,0.4687,421,723,0,0,1
11203,4.1719,0.6194,421,723,0,0,1
11204,4.1498,0.7224,418,723,0,0,1
11205,4.1134,0.4834,418,723,0,0,1
11206,4.2462,0.7329,418,723,0,0,1
11207,4.106,0.4963,418,723,0,0,1
11208,4.2029,0.5434,418,723,0,0,1
11209,4.385,0.5033,415,723,0,0,1
11210,3.8673,0.5568,415,723,0,0,1
11211,4.1793,0.4381,415,723,0,0,1
11212,4.3396,0.4492,415,723,0,0,1
11213,4.0168,0.442,415,723,0,0,1
11214,4.1921,0.4825,414,723,0,0,1
11215,4.1263,0.4244,412,723,0,0,1
11216,4.2776,0.6488,411,723,0,0,1
11217,4.0881,0.4536,410,723,0,0,1
11218,4.2427,0.8131,410,723,0,0,1
11219,4.0883,0.4819,410,723,0,0,1
11220,4.2051,0.5258,410,723,0,0,1
11221,4.0883,0.477,410,723,0,0,1
11222,4.17,0.5197,410,723,0,0,1
11223,4.2324,0.6636,410,723,0,0,1
11224,4.1834,0.5429,409,723,0,0,1
11225,4.1516,0.6967,408,723,0,0,1
11226,4.1277,0.5353,408,723,0,0,1
11227,4.2308,0.4952,407,723,0,0,1
11228,4.1437,0.4831,407,723,0,0,1
11229,4.1216,0.4497,407,723,0,0,1
11230,4.1957,0.6545,407,723,0,0,1
11231,4.1165,0.435,407,723,0,0,1
11232,4.2627,0.6122,407,723,0,0,1
11233,4.0741,0.4344,406,723,0,0,1
11234,4.1848,0.4303,406,723,0,0,1
11235,4.2187,0.4482,405,723,0,0,1
11236,4.2623,0.4247,405,723,0,0,1
11237,4.1539,0.4271,404,723,0,0,1
11238,4.0485,0.4747,403,723,0,0,1
11239,4.2175,0.4715,402,723,0,0,1
11240,4.1131,0.4665,401,723,0,0,1
11241,4.1715,0.4192,401,723,0,0,1
11242,4.2058,0.4093,400,723,0,0,1
11243,4.2497,0.7536,400,723,0,0,1
11244,4.0722,0.5543,400,723,0,0,1
11245,4.1484,0.6755,399,723,0,0,1
11246,4.1402,0.4681,398,723,0,0,1
11247,4.2384,0.4829,397,723,0,0,1
11248,4.1582,0.4674,397,723,0,0,1
11249,4.161,0.7632,395,723,0,0,1
11250,4.1508,0.5454,395,723,0,0,1
11251,4.1171,0.5689,394,723,0,0,1
11252,4.2027,0.5345,394,723,0,0,1
11253,4.143,0.487,393,723,0,0,1
11254,4.1829,0.5684,392,723,0,0,1
11255,4.2358,0.7428,392,723,0,0,1
11256,4.1867,0.8237,392,723,0,0,1
11257,4.1121,0.7467,391,723,0,0,1
11258,4.115,0.4919,388,723,0,0,1
11259,4.2108,0.7172,388,723,0,0,1
11260,4.1576,0.6287,388,723,0,0,1
11261,4.3242,0.5009,387,723,0,0,1
11262,4.1343,0.7148,380,723,0,0,1
11263,4.0562,0.8106,380,723,0,0,1
11264,4.0987,0.5213,380,723,0,0,1
11265,4.1917,0.5106,380,723,0,0,1
11266,4.1131,0.4471,379,723,0,0,1
11267,4.2664,0.4763,379,723,0,0,1
11268,4.311,0.6782,428,723,0,0,1
11269,3.9924,0.5464,428,723,0,0,1
11270,4.1545,0.6578,428,723,0,0,1
11271,4.2257,0.54,428,723,0,0,1
11272,4.1025,0.4619,428,723,0,0,1
11273,4.2095,0.5632,427,723,0,0,1
11274,4.1765,0.6832,426,723,0,0,1
11275,4.0888,0.4283,424,723,0,0,1
11276,4.2377,0.4953,424,723,0,0,1
11277,4.1371,0.4702,423,723,0,0,1
11278,4.2334,0.6173,423,723,0,0,1
11279,4.0687,0.4972,421,723,0,0,1
11280,4.2083,0.7781,421,723,0,0,1
11281,4.1697,0.4633,420,723,0,0,1
11282,4.1313,0.6153,419,723,0,0,1
11283,4.2016,0.5331,418,723,0,0,1
11284,4.1828,0.5944,418,723,0,0,1
11285,4.4265,0.4488,418,723,0,0,1
11286,3.9327,0.4685,418,723,0,0,1
11287,4.1208,0.6799,418,723,0,0,1
11288,4.1593,0.4934,418,723,0,0,1
11289,4.1553,0.4424,416,723,0,0,1
11290,4.2527,0.5569,415,723,0,0,1
11291,4.0987,0.5049,414,723,0,0,1
11292,4.1952,0.4828,413,723,0,0,1
11293,4.1139,0.8604,413,723,0,0,1
11294,4.2033,0.4921,413,723,0,0,1
11295,4.1586,0.4853,412,723,0,0,1
11296,4.3451,0.4674,412,723,0,0,1
11297,4.0501,0.5255,412,723,0,0,1
11298,4.1357,0.4649,412,723,0,0,1
11299,4.1285,0.4372,410,723,0,0,1
11300,4.1627,0.4287,409,723,0,0,1
11301,4.1725,0.5554,409,723,0,0,1
11302,4.1714,0.5665,408,723,0,0,1
11303,4.2117,0.4236,407,723,0,0,1
11304,4.1344,0.7379,406,723,0,0,1
11305,4.3881,0.6937,404,723,0,0,1
11306,3.9283,0.4013,403,723,0,0,1
11307,4.5222,0.6141,401,723,0,0,1
11308,3.8231,0.4997,401,723,0,0,1
11309,4.1554,0.4608,400,723,0,0,1
11310,4.562,0.5451,399,723,0,0,1
11311,4.0134,0.4554,397,723,0,0,1
11312,3.923,0.4903,397,723,0,0,1
11313,4.2014,0.4681,396,723,0,0,1
11314,4.1398,0.4998,396,723,0,0,1
11315,4.2309,0.6654,395,723,0,0,1
11316,4.1,0.5465,394,723,0,0,1
11317,4.3984,0.4924,393,723,0,0,1
11318,4.0034,0.4958,392,723,0,0,1
11319,4.3656,0.7568,391,723,0,0,1
11320,3.9615,0.5824,390,723,0,0,1
11321,4.1589,0.6725,390,723,0,0,1
11322,4.4456,0.5192,390,723,0,0,1
11323,3.919,0.5775,390,723,0,0,1
11324,4.0846,0.5012,389,723,0,0,1
11325,4.195,0.5005,389,723,0,0,1
11326,4.2357,0.4802,389,723,0,0,1
11327,4.0975,0.5204,384,723,0,0,1
11328,4.4697,0.524,384,723,0,0,1
11329,3.8171,0.7424,384,723,0,0,1
11330,4.1832,0.7425,377,723,0,0,1
11331,4.1944,0.4774,377,723,0,0,1
11332,4.1821,0.4749,376,723,0,0,1
11333,4.1315,0.4357,376,723,0,0,1
11334,4.6531,0.7815,375,723,0,0,1
11335,3.6544,0.4932,425,723,0,0,1
11336,4.1766,0.7532,424,723,0,0,1
11337,4.1226,0.4841,422,723,0,0,1
11338,4.2576,0.7169,421,723,0,0,1
11339,4.2957,0.6475,419,723,0,0,1
11340,4.0544,0.6625,419,723,0,0,1
11341,4.0798,0.4581,419,723,0,0,1
11342,4.2066,0.447,418,723,0,0,1
11343,4.3308,0.7628,417,723,0,0,1
11344,4.032,0.5623,416,723,0,0,1
11345,4.1725,0.7052,415,723,0,0,1
11346,4.1016,0.4597,415,723,0,0,1
11347,4.209,0.5327,413,723,0,0,1
11348,4.1851,0.6878,413,723,0,0,1
11349,4.1131,0.5044,413,723,0,0,1
11350,4.2607,0.709,412,723,0,0,1
11351,4.1206,0.5154,412,723,0,0,1
11352,4.261,0.6096,412,723,0,0,1
11353,3.9974,0.5935,412,723,0,0,1
11354,4.1953,0.4464,411,723,0,0,1
11355,4.2224,0.4426,411,723,0,0,1
11356,4.1132,0.4712,410,723,0,0,1
11357,4.2442,0.4414,410,723,0,0,1
11358,4.1183,0.4788,410,723,0,0,1
11359,4.2516,0.5694,410,723,0,0,1
11360,4.0331,0.6501,410,723,0,0,1
11361,4.1942,0.4988,409,723,0,0,1
11362,4.1178,0.4788,409,723,0,0,1
11363,4.272,0.5689,408,723,0,0,1
11364,4.2124,0.5596,408,723,0,0,1
11365,4.0932,1.1067,408,723,0,0,1
11366,4.1417,0.8593,407,723,0,0,1
11367,4.2226,0.5198,406,723,0,0,1
11368,4.2237,0.4797,406,723,0,0,1
11369,4.1316,0.6384,404,723,0,0,1
11370,4.1354,0.4936,403,723,0,0,1
11371,4.1791,0.6165,402,723,0,0,1
11372,4.1068,0.4397,401,723,0,0,1
11373,4.1656,0.8546,401,723,0,0,1
11374,4.3295,0.9673,401,723,0,0,1
11375,4.0624,0.6693,400,723,0,0,1
11376,4.1266,0.4807,399,723,0,0,1
11377,4.1212,0.6452,399,723,0,0,1
11378,4.1629,0.5045,399,723,0,0,1
11379,4.2457,0.7437,398,723,0,0,1
11380,4.2043,0.5668,397,723,0,0,1
11381,4.0546,0.499,396,723,0,0,1
11382,4.24,0.5508,395,723,0,0,1
11383,4.0987,0.4985,392,723,0,0,1
11384,4.2422,0.5897,391,723,0,0,1
11385,4.1174,0.533,389,723,0,0,1
11386,4.1798,0.5685,388,723,0,0,1
11387,4.1268,0.4525,388,723,0,0,1
11388,4.399,0.4433,387,723,0,0,1
11389,3.9553,0.4812,387,723,0,0,1
11390,4.1834,0.4443,387,723,0,0,1
11391,4.1898,0.5788,387,723,0,0,1
11392,4.1309,0.4582,386,723,0,0,1
11393,4.2218,0.4415,386,723,0,0,1
11394,4.1458,0.4663,386,723,0,0,1
11395,4.1843,0.7247,384,723,0,0,1
11396,4.0983,0.4262,384,723,0,0,1
11397,4.2074,0.4368,376,723,0,0,1
11398,4.2273,0.4712,375,723,0,0,1
11399,4.1413,0.4345,374,723,0,0,1
11400,4.2445,0.7848,374,723,0,0,1
11401,4.1056,0.4963,374,723,0,0,1
11402,4.1458,0.6168,374,723,0,0,1
11403,4.1345,0.5423,424,723,0,0,1
11404,4.156,0.4672,423,723,0,0,1
11405,4.2103,0.4601,423,723,0,0,1
11406,4.1418,0.7393,422,723,0,0,1
11407,4.1233,0.6698,421,723,0,0,1
11408,4.1604,0.6513,420,723,0,0,1
11409,4.2329,0.4884,420,723,0,0,1
11410,4.0863,0.4994,420,723,0,0,1
11411,4.2417,0.5998,420,723,0,0,1
11412,4.2067,0.6858,420,723,0,0,1
11413,4.138,0.4552,418,723,0,0,1
11414,4.1243,0.4732,418,723,0,0,1
11415,4.223,0.5055,417,723,0,0,1
11416,4.1186,0.5873,417,723,0,0,1
11417,4.1582,0.6958,417,723,0,0,1
11418,4.2125,0.4453,417,723,0,0,1
11419,4.1654,0.7787,417,723,0,0,1
11420,4.1303,0.5081,416,723,0,0,1
11421,4.1746,0.5176,415,723,0,0,1
11422,4.2154,0.5588,414,723,0,0,1
11423,4.1378,0.5465,413,723,0,0,1
11424,4.3544,0.5082,413,723,0,0,1
11425,4.0341,0.6656,413,723,0,0,1
11426,4.1263,0.7761,412,723,0,0,1
11427,4.1843,0.6905,411,723,0,0,1
11428,4.1506,0.5133,411,723,0,0,1
11429,4.0561,0.4314,410,723,0,0,1
11430,4.2528,0.6269,409,723,0,0,1
11431,4.1228,0.6338,409,723,0,0,1
11432,4.2763,0.7056,409,723,0,0,1
11433,4.0819,0.47,408,723,0,0,1
11434,4.2096,0.4714,408,723,0,0,1
11435,4.1674,0.5204,408,723,0,0,1
11436,4.1688,0.6251,408,723,0,0,1
11437,4.1273,0.6628,406,723,0,0,1
11438,4.2201,0.9749,405,723,0,0,1
11439,4.1745,0.7191,404,723,0,0,1
11440,4.1092,0.5095,403,723,0,0,1
11441,4.1429,0.437,403,723,0,0,1
11442,4.2427,0.4935,402,723,0,0,1
11443,4.105,0.4491,401,723,0,0,1
11444,4.1859,0.646,400,723,0,0,1
11445,4.1478,0.4339,399,723,0,0,1
11446,4.5105,0.5327,398,723,0,0,1
11447,3.8952,0.4952,395,723,0,0,1
11448,4.1563,0.5005,394,723,0,0,1
11449,4.3413,0.4281,393,723,0,0,1
11450,3.9296,0.4228,392,723,0,0,1
11451,4.2164,0.4846,392,723,0,0,1
11452,4.2091,0.4507,392,723,0,0,1
11453,4.0532,0.4547,391,723,0,0,1
11454,4.2641,0.5751,391,723,0,0,1
11455,4.1531,0.4382,391,723,0,0,1
11456,4.149,0.6392,390,723,0,0,1
11457,4.1454,0.4352,390,723,0,0,1
11458,4.12,0.4189,389,723,0,0,1
11459,4.2377,0.4925,388,723,0,0,1
11460,4.1783,0.4613,387,723,0,0,1
11461,4.1449,0.6444,385,723,0,0,1
11462,4.1416,0.5636,383,723,0,0,1
11463,4.2287,0.6561,383,723,0,0,1
11464,4.1325,0.5016,375,723,0,0,1
11465,4.1704,0.6135,372,723,0,0,1
11466,4.1424,0.4719,371,723,0,0,1
11467,4.1419,0.4259,370,723,0,0,1
11468,4.1599,0.5733,370,723,0,0,1
11469,4.1824,0.4178,370,723,0,0,1
11470,4.1918,0.5217,418,723,0,0,1
11471,4.1785,0.5193,418,723,0,0,1
11472,4.5665,0.463,418,723,0,0,1
11473,3.7483,0.5504,418,723,0,0,1
11474,4.1475,0.5899,418,723,0,0,1
11475,4.1999,0.6076,418,723,0,0,1
11476,4.1318,0.4532,416,723,0,0,1
11477,4.187,0.4746,415,723,0,0,1
11478,4.1777,0.5548,415,723,0,0,1
11479,4.1342,0.5083,415,723,0,0,1
11480,4.2269,0.624,415,723,0,0,1
11481,4.1137,0.4634,415,723,0,0,1
11482,4.2408,0.7127,413,723,0,0,1
11483,4.2225,0.5116,413,723,0,0,1
11484,4.098,0.4977,413,723,0,0,1
11485,4.1202,0.6173,413,723,0,0,1
11486,4.1713,0.6654,412,723,0,0,1
11487,4.7501,0.4287,411,723,0,0,1
11488,3.5814,0.527,411,723,0,0,1
11489,4.1462,0.6536,410,723,0,0,1
11490,4.2028,0.4881,410,723,0,0,1
11491,4.0966,0.4216,410,723,0,0,1
11492,4.2122,0.5032,409,723,0,0,1
11493,4.1832,0.457,408,723,0,0,1
11494,4.1495,0.6748,407,723,0,0,1
11495,4.1914,0.5384,407,723,0,0,1
11496,4.1954,0.5412,407,723,0,0,1
11497,4.1041,0.4855,407,723,0,0,1
11498,4.1555,0.5074,407,723,0,0,1
11499,4.183,0.5061,407,723,0,0,1
11500,4.1892,0.5666,407,723,0,0,1
11501,4.6958,0.4752,407,723,0,0,1
11502,3.6283,0.4484,407,723,0,0,1
11503,4.4466,0.6667,407,723,0,0,1
11504,3.8543,0.4681,406,723,0,0,1
11505,4.2074,0.4358,406,723,0,0,1
11506,5.2054,0.442,405,723,0,0,1
11507,3.1089,0.4351,405,723,0,0,1
11508,4.2276,0.5044,404,723,0,0,1
11509,4.1114,0.4271,403,723,0,0,1
11510,4.1848,0.4245,401,723,0,0,1
11511,4.1409,0.4228,400,723,0,0,1
11512,4.1848,0.4567,399,723,0,0,1
11513,4.2051,0.7922,397,723,0,0,1
11514,4.1386,0.4742,396,723,0,0,1
11515,4.2087,0.4835,395,723,0,0,1
11516,4.0926,0.4104,394,723,0,0,1
11517,4.2071,0.4484,393,723,0,0,1
11518,4.1067,0.7078,393,723,0,0,1
11519,4.2014,0.4251,393,723,0,0,1
11520,4.3244,0.6571,391,723,0,0,1
11521,4.0366,0.6529,391,723,0,0,1
11522,4.1533,0.4102,391,723,0,0,1
11523,4.117,0.4105,389,723,0,0,1
11524,4.2177,0.4747,389,723,0,0,1
11525,4.6352,0.422,389,723,0,0,1
11526,3.8628,0.654,388,723,0,0,1
11527,4.0329,0.4906,387,723,0,0,1
11528,4.1904,0.484,386,723,0,0,1
11529,4.1141,0.4119,386,723,0,0,1
11530,4.1463,0.413,386,723,0,0,1
11531,4.1972,0.4116,378,723,0,0,1
11532,4.1783,0.408,376,723,0,0,1
11533,4.0559,0.5569,376,723,0,0,1
11534,4.2797,0.5326,374,723,0,0,1
11535,4.3769,0.4964,374,723,0,0,1
11536,3.8919,0.4144,373,723,0,0,1
11537,4.1568,0.4526,423,723,0,0,1
11538,4.2738,0.4368,423,723,0,0,1
11539,4.3279,0.7108,423,723,0,0,1
11540,3.9616,0.4779,422,723,0,0,1
11541,4.1237,0.4404,422,723,0,0,1
11542,4.5724,0.7203,419,723,0,0,1
11543,3.8313,0.5359,419,723,0,0,1
11544,4.2247,0.7476,418,723,0,0,1
11545,4.0799,0.5013,418,723,0,0,1
11546,4.1184,0.4992,418,723,0,0,1
11547,4.2487,0.6435,417,723,0,0,1
11548,4.1142,0.4913,417,723,0,0,1
11549,4.1442,0.4562,417,723,0,0,1
11550,4.2101,0.6479,416,723,0,0,1
11551,4.2309,0.7423,415,723,0,0,1
11552,4.1106,0.526,415,723,0,0,1
11553,4.1339,0.4264,414,723,0,0,1
11554,4.1148,0.4214,414,723,0,0,1
11555,4.25,0.4564,413,723,0,0,1
11556,4.1767,0.6953,412,723,0,0,1
11557,4.1406,0.6329,412,723,0,0,1
11558,4.16,0.4493,412,723,0,0,1
11559,4.1742,0.4905,412,723,0,0,1
11560,4.1602,0.6328,411,723,0,0,1
11561,4.1691,0.6033,411,723,0,0,1
11562,4.2491,0.4935,408,723,0,0,1
11563,4.1475,0.7444,407,723,0,0,1
11564,4.203,0.6859,407,723,0,0,1
11565,4.0463,0.4341,407,723,0,0,1
11566,4.2641,0.5078,407,723,0,0,1
11567,4.1351,0.5281,407,723,0,0,1
11568,4.4173,0.4369,407,723,0,0,1
11569,3.9111,0.7212,407,723,0,0,1
11570,4.1824,0.7025,405,723,0,0,1
11571,4.1478,0.4971,405,723,0,0,1
11572,4.1274,0.4747,405,723,0,0,1
11573,4.1459,0.4405,405,723,0,0,1
11574,4.2018,0.5787,405,723,0,0,1
11575,4.3402,0.4332,405,723,0,0,1
11576,3.9936,0.6595,404,723,0,0,1
11577,4.1479,0.4525,403,723,0,0,1
11578,4.1781,0.4641,401,723,0,0,1
11579,4.1934,0.7076,401,723,0,0,1
11580,4.4068,0.4247,401,723,0,0,1
11581,3.9128,0.7248,400,723,0,0,1
11582,4.2043,0.7274,400,723,0,0,1
11583,4.2205,0.6588,399,723,0,0,1
11584,4.08,0.4852,398,723,0,0,1
11585,4.1298,0.4722,398,723,0,0,1
11586,4.2349,0.5239,397,723,0,0,1
11587,4.1781,0.4954,397,723,0,0,1
11588,4.1469,0.7418,397,723,0,0,1
11589,4.1051,0.4887,395,723,0,0,1
11590,4.18,0.5298,393,723,0,0,1
11591,4.2207,0.5903,392,723,0,0,1
11592,4.1962,0.8696,392,723,0,0,1
11593,4.0445,0.4943,392,723,0,0,1
11594,4.1897,0.5069,392,723,0,0,1
11595,4.2783,0.6856,391,723,0,0,1
11596,4.0749,0.5272,390,723,0,0,1
11597,4.1569,0.5209,390,723,0,0,1
11598,4.2,0.5673,389,723,0,0,1
11599,4.2069,0.5445,382,723,0,0,1
11600,4.0802,0.5527,381,723,0,0,1
11601,4.176,0.5227,380,723,0,0,1
11602,4.339,0.6324,380,723,0,0,1
11603,4.0641,0.5909,380,723,0,0,1
11604,4.1725,0.5329,430,723,0,0,1
11605,4.0897,0.4504,426,723,0,0,1
11606,4.162,0.522,425,723,0,0,1
11607,4.2199,0.7642,425,723,0,0,1
11608,4.2001,0.5076,424,723,0,0,1
11609,4.135,0.7118,423,723,0,0,1
11610,4.0842,0.418,422,723,0,0,1
11611,4.291,0.6011,421,723,0,0,1
11612,4.1597,0.6344,419,723,0,0,1
11613,4.0946,0.4962,418,723,0,0,1
11614,4.2473,0.8889,417,723,0,0,1
11615,4.0873,0.5122,416,723,0,0,1
11616,4.228,0.5089,415,723,0,0,1
11617,4.0726,0.6522,415,723,0,0,1
11618,4.2106,0.4585,414,723,0,0,1
11619,4.2363,0.4631,414,723,0,0,1
11620,4.0638,0.4382,414,723,0,0,1
11621,4.185,0.442,414,723,0,0,1
11622,4.3297,0.7142,413,723,0,0,1
11623,4.0653,0.525,412,723,0,0,1
11624,4.0743,0.4542,412,723,0,0,1
11625,4.1964,0.4233,412,723,0,0,1
11626,4.1588,0.4243,410,723,0,0,1
11627,4.2571,0.7695,409,723,0,0,1
11628,4.117,0.5482,409,723,0,0,1
11629,4.1716,0.6955,409,723,0,0,1
11630,4.1564,0.4822,409,723,0,0,1
11631,4.2004,0.5254,409,723,0,0,1
11632,4.1974,0.5863,409,723,0,0,1
11633,4.1139,0.6571,409,723,0,0,1
11634,4.095,0.4473,408,723,0,0,1
11635,4.2495,0.5138,408,723,0,0,1
11636,4.1376,0.4839,408,723,0,0,1
11637,4.1777,0.4552,408,723,0,0,1
11638,4.1485,0.613,406,723,0,0,1
11639,4.2252,0.7661,404,723,0,0,1
11640,4.2341,0.4808,403,723,0,0,1
11641,4.0205,0.6036,403,723,0,0,1
11642,4.1966,0.4236,402,723,0,0,1
11643,4.1801,0.4615,402,723,0,0,1
11644,4.1517,0.4926,402,723,0,0,1
11645,4.1874,0.6859,401,723,0,0,1
11646,4.2548,0.5295,399,723,0,0,1
11647,4.3302,0.5121,398,723,0,0,1
11648,3.886,0.5231,398,723,0,0,1
11649,4.1563,0.4328,398,723,0,0,1
11650,4.1437,0.4097,397,723,0,0,1
11651,4.2649,0.419,397,723,0,0,1
11652,4.4508,0.6001,396,723,0,0,1
11653,3.8113,0.4433,396,723,0,0,1
11654,4.2299,0.6727,392,723,0,0,1
11655,4.1297,0.4557,391,723,0,0,1
11656,4.1594,0.4265,391,723,0,0,1
11657,4.3788,0.4263,389,723,0,0,1
11658,4.0176,0.6791,389,723,0,0,1
11659,4.1354,0.4869,389,723,0,0,1
11660,4.1424,0.4496,389,723,0,0,1
11661,4.1532,0.425,389,723,0,0,1
11662,4.1985,0.5451,386,723,0,0,1
11663,4.1909,0.4285,386,723,0,0,1
11664,4.2087,0.8015,386,723,0,0,1
11665,4.075,0.4126,385,723,0,0,1
11666,4.1565,0.4027,377,723,0,0,1
11667,4.2507,0.4736,375,723,0,0,1
11668,4.1056,0.5041,374,723,0,0,1
11669,4.1785,0.6534,373,723,0,0,1
11670,4.1675,0.6217,373,723,0,0,1
11671,4.278,0.6866,423,723,0,0,1
11672,4.0645,0.4765,423,723,0,0,1
11673,4.1292,0.4274,421,723,0,0,1
11674,4.153,0.4367,421,723,0,0,1
11675,4.2399,0.4956,421,723,0,0,1
11676,4.1632,0.7643,421,723,0,0,1
11677,4.0845,0.7604,421,723,0,0,1
11678,4.2536,0.6992,421,723,0,0,1
11679,4.1779,0.5558,420,723,0,0,1
11680,4.1054,0.49,420,723,0,0,1
11681,4.2155,0.6748,418,723,0,0,1
11682,4.1718,0.4445,418,723,0,0,1
11683,4.0842,0.4378,417,723,0,0,1
11684,4.2628,0.492,416,723,0,0,1
11685,4.0927,0.4229,415,723,0,0,1
11686,4.2033,0.4414,415,723,0,0,1
11687,4.1872,0.5019,414,723,0,0,1
11688,4.2248,0.7541,413,723,0,0,1
11689,4.0186,0.6874,413,723,0,0,1
11690,4.2496,0.5581,412,723,0,0,1
11691,4.175,0.5763,411,723,0,0,1
11692,4.1213,0.5197,410,723,0,0,1
11693,4.1377,0.4706,410,723,0,0,1
11694,4.3199,0.4926,408,723,0,0,1
11695,4.0884,0.4599,407,723,0,0,1
11696,4.2305,0.6175,407,723,0,0,1
11697,4.0658,0.4592,407,723,0,0,1
11698,4.1434,0.4329,405,723,0,0,1
11699,4.4437,0.4663,404,723,0,0,1
11700,3.9476,0.4806,404,723,0,0,1
11701,4.0706,0.5752,404,723,0,0,1
11702,4.3425,0.7511,403,723,0,0,1
11703,4.0529,0.4773,403,723,0,0,1
11704,4.1759,0.4534,403,723,0,0,1
11705,4.1486,0.4162,402,723,0,0,1
11706,4.211,0.4871,400,723,0,0,1
11707,4.2369,0.7051,399,723,0,0,1
11708,4.0957,0.6938,399,723,0,0,1
11709,4.1004,0.4828,399,723,0,0,1
11710,4.5038,0.5736,398,723,0,0,1
11711,3.8693,0.6394,397,723,0,0,1
11712,4.4782,0.7178,396,723,0,0,1
11713,3.8933,0.7729,396,723,0,0,1
11714,4.1088,0.4714,394,723,0,0,1
11715,4.1584,0.4839,393,723,0,0,1
11716,4.2493,0.671,393,723,0,0,1
11717,4.0467,0.4781,393,723,0,0,1
11718,4.2392,0.5193,391,723,0,0,1
11719,4.1285,0.6017,388,723,0,0,1
11720,4.2766,0.4726,388,723,0,0,1
11721,4.0803,0.5414,388,723,0,0,1
11722,4.14,0.4756,388,723,0,0,1
11723,4.2206,0.5817,386,723,0,0,1
11724,4.1136,0.4719,386,723,0,0,1
11725,4.1594,0.4833,386,723,0,0,1
11726,4.1944,0.7721,386,723,0,0,1
11727,4.2479,0.7211,385,723,0,0,1
11728,4.1328,0.7548,384,723,0,0,1
11729,4.1376,0.7649,383,723,0,0,1
11730,4.1641,0.5036,383,723,0,0,1
11731,4.2119,0.5293,381,723,0,0,1
11732,4.1327,0.706,380,723,0,0,1
11733,4.1403,0.455,372,723,0,0,1
11734,4.1586,0.4682,371,723,0,0,1
11735,4.2492,0.4998,371,723,0,0,1
11736,4.1102,0.4958,370,723,0,0,1
11737,4.1032,0.5748,370,723,0,0,1
11738,4.199,0.3981,369,723,0,0,1
11739,4.1772,0.4455,419,723,0,0,1
11740,4.2279,0.5021,417,723,0,0,1
11741,4.0945,0.443,417,723,0,0,1
11742,4.1919,0.709,416,723,0,0,1
11743,4.2764,0.5916,416,723,0,0,1
11744,4.0338,0.5418,415,723,0,0,1
11745,4.1699,0.5354,415,723,0,0,1
11746,4.2524,0.7153,415,723,0,0,1
11747,4.1263,0.5353,414,723,0,0,1
11748,4.1797,0.5324,412,723,0,0,1
11749,4.0837,0.6378,412,723,0,0,1
11750,4.2139,0.7151,412,723,0,0,1
11751,4.1744,0.5256,412,723,0,0,1
11752,4.2148,0.5019,412,723,0,0,1
11753,4.1213,0.6347,412,723,0,0,1
11754,4.1229,0.4312,412,723,0,0,1
11755,4.2494,0.6117,411,723,0,0,1
11756,4.1205,0.4558,411,723,0,0,1
11757,4.1651,0.4458,410,723,0,0,1
11758,4.2113,0.7021,407,723,0,0,1
11759,4.1473,0.7024,405,723,0,0,1
11760,4.245,0.5415,404,723,0,0,1
11761,4.0222,0.489,404,723,0,0,1
11762,4.1939,0.4834,404,723,0,0,1
11763,4.203,0.5033,402,723,0,0,1
11764,4.1422,0.5342,402,723,0,0,1
11765,4.1495,0.5256,401,723,0,0,1
11766,4.2036,0.5312,401,723,0,0,1
11767,4.2069,0.5095,400,723,0,0,1
11768,4.1353,0.5938,400,723,0,0,1
11769,4.1393,0.4323,399,723,0,0,1
11770,4.1395,0.4363,399,723,0,0,1
11771,4.2788,0.6219,397,723,0,0,1
11772,4.1651,0.4918,396,723,0,0,1
11773,4.1267,0.4453,396,723,0,0,1
11774,4.1987,0.4461,395,723,0,0,1
11775,4.346,0.4673,395,723,0,0,1
11776,3.9305,0.46,395,723,0,0,1
11777,4.2697,0.6229,394,723,0,0,1
11778,4.2329,0.704,394,723,0,0,1
11779,3.9469,0.4192,393,723,0,0,1
11780,4.2442,0.4893,393,723,0,0,1
11781,4.1194,0.4123,392,723,0,0,1
11782,4.4156,0.6148,392,723,0,0,1
11783,3.971,0.4246,391,723,0,0,1
11784,4.2425,0.8829,389,723,0,0,1
11785,4.0456,0.807,388,723,0,0,1
11786,4.1505,0.4188,387,723,0,0,1
11787,4.2498,0.4908,385,723,0,0,1
11788,4.0979,0.4471,385,723,0,0,1
11789,4.1405,0.7071,384,723,0,0,1
11790,4.2665,0.6865,384,723,0,0,1
11791,4.2602,0.6424,383,723,0,0,1
11792,3.9917,0.4149,382,723,0,0,1
11793,4.1703,0.4167,381,723,0,0,1
11794,4.2164,0.4564,381,723,0,0,1
11795,4.1227,0.4193,381,723,0,0,1
11796,4.2101,0.4093,381,723,0,0,1
11797,4.0861,0.6972,380,723,0,0,1
11798,4.2652,0.6666,380,723,0,0,1
11799,4.1962,0.4834,379,723,0,0,1
11800,4.0709,0.4171,372,723,0,0,1
11801,4.1525,0.4106,372,723,0,0,1
11802,4.223,0.4213,369,723,0,0,1
11803,4.2806,0.651,367,723,0,0,1
11804,4.1266,0.4656,367,723,0,0,1
11805,4.0641,0.4003,367,723,0,0,1
11806,4.2351,0.5055,416,723,0,0,1
11807,4.1492,0.4821,416,723,0,0,1
11808,4.1607,0.6795,415,723,0,0,1
11809,4.1494,0.4374,413,723,0,0,1
11810,4.2019,0.5519,413,723,0,0,1
11811,4.1354,0.7591,413,723,0,0,1
11812,4.1337,0.5823,411,723,0,0,1
11813,4.1291,0.5846,411,723,0,0,1
11814,4.2756,0.7052,409,723,0,0,1
11815,4.3579,0.6516,409,723,0,0,1
11816,3.9335,0.6175,409,723,0,0,1
11817,4.1474,0.6907,408,723,0,0,1
11818,4.1952,0.5104,408,723,0,0,1
11819,4.39,0.4293,408,723,0,0,1
11820,3.8699,0.6004,408,723,0,0,1
11821,4.1849,0.4362,406,723,0,0,1
11822,4.3971,0.6928,404,723,0,0,1
11823,3.9991,0.4961,403,723,0,0,1
11824,4.1163,0.4635,403,723,0,0,1
11825,4.1441,0.481,403,723,0,0,1
11826,4.2022,0.5026,403,723,0,0,1
11827,4.1433,0.4911,402,723,0,0,1
11828,4.2708,0.6944,402,723,0,0,1
11829,4.0772,0.5131,401,723,0,0,1
11830,4.1784,0.5416,401,723,0,0,1
11831,4.1708,0.5086,401,723,0,0,1
11832,4.1496,0.4605,401,723,0,0,1
11833,4.1751,0.6533,401,723,0,0,1
11834,4.2409,0.6984,399,723,0,0,1
11835,4.0846,0.5052,396,723,0,0,1
11836,4.2138,0.4399,396,723,0,0,1
11837,4.0772,0.4259,395,723,0,0,1
11838,4.226,0.555,395,723,0,0,1
11839,4.2818,0.7003,395,723,0,0,1
11840,4.0362,0.4656,394,723,0,0,1
11841,4.164,0.4228,394,723,0,0,1
11842,4.2096,0.472,393,723,0,0,1
11843,4.2004,0.489,393,723,0,0,1
11844,4.1558,0.455,393,723,0,0,1
11845,4.0812,0.4059,393,723,0,0,1
11846,4.1923,0.6596,393,723,0,0,1
11847,4.3106,0.7274,392,723,0,0,1
11848,4.015,0.5238,392,723,0,0,1
11849,4.1998,0.7282,389,723,0,0,1
11850,4.1568,0.4633,388,723,0,0,1
11851,4.2515,0.7371,386,723,0,0,1
11852,4.1053,0.6986,384,723,0,0,1
11853,4.1553,0.4384,384,723,0,0,1
11854,4.2358,0.4611,384,723,0,0,1
11855,4.09,0.4394,383,723,0,0,1
11856,4.4364,0.4329,381,723,0,0,1
11857,3.8564,0.4453,381,723,0,0,1
11858,4.1914,0.4207,381,723,0,0,1
11859,4.2416,0.6557,380,723,0,0,1
11860,4.094,0.4808,379,723,0,0,1
11861,4.145,0.6667,379,723,0,0,1
11862,4.2267,0.4957,379,723,0,0,1
11863,4.1531,0.453,377,723,0,0,1
11864,4.1542,0.4694,377,723,0,0,1
11865,4.1635,0.3978,375,723,0,0,1
11866,4.3559,0.8629,374,723,0,0,1
11867,4.0362,0.4715,367,723,0,0,1
11868,4.1645,0.4838,367,723,0,0,1
11869,4.0919,0.4061,367,723,0,0,1
11870,4.1799,0.4097,367,723,0,0,1
11871,4.1797,0.5429,366,723,0,0,1
11872,4.2021,0.444,364,723,0,0,1
11873,4.1771,0.6788,413,723,0,0,1
11874,4.1534,0.5075,413,723,0,0,1
11875,4.1971,0.482,411,723,0,0,1
11876,4.1311,0.5001,410,723,0,0,1
11877,4.1113,0.4634,410,723,0,0,1
11878,4.2938,0.7829,410,723,0,0,1
11879,4.1235,0.5137,409,723,0,0,1
11880,4.1516,0.5722,409,723,0,0,1
11881,4.1341,0.7142,409,723,0,0,1
11882,4.1381,0.5097,409,723,0,0,1
11883,4.2238,0.4835,408,723,0,0,1
11884,4.3031,0.5512,407,723,0,0,1
11885,3.9694,0.4673,407,723,0,0,1
11886,4.1975,0.5296,407,723,0,0,1
11887,4.4154,0.677,407,723,0,0,1
11888,3.956,0.4917,407,723,0,0,1
11889,4.1122,0.449,405,723,0,0,1
11890,4.2275,0.4304,405,723,0,0,1
11891,4.1463,0.6191,405,723,0,0,1
11892,4.2468,0.4745,403,723,0,0,1
11893,4.0399,0.4206,401,723,0,0,1
11894,4.2061,0.43,399,723,0,0,1
11895,4.2011,0.4511,398,723,0,0,1
11896,4.0899,0.5513,397,723,0,0,1
11897,4.3119,0.7032,397,723,0,0,1
11898,4.0882,0.4931,396,723,0,0,1
11899,4.166,0.4939,396,723,0,0,1
11900,4.2307,0.4639,395,723,0,0,1
11901,4.0473,0.4261,394,723,0,0,1
11902,4.1872,0.6352,394,723,0,0,1
11903,4.207,0.4516,394,723,0,0,1
11904,4.1384,0.5171,393,723,0,0,1
11905,4.1071,0.684,393,723,0,0,1
11906,4.2416,0.7081,393,723,0,0,1
11907,4.5209,0.471,393,723,0,0,1
11908,3.7713,0.4676,393,723,0,0,1
11909,4.1845,0.7075,393,723,0,0,1
11910,4.2879,0.6729,392,723,0,0,1
11911,4.002,0.4793,392,723,0,0,1
11912,4.2323,0.5455,392,723,0,0,1
11913,4.1379,0.4754,391,723,0,0,1
11914,4.1157,0.5491,390,723,0,0,1
11915,4.1674,0.5023,390,723,0,0,1
11916,4.2912,0.65,389,723,0,0,1
11917,4.0987,0.5004,388,723,0,0,1
11918,4.1538,0.4844,388,723,0,0,1
11919,4.2174,0.5387,388,723,0,0,1
11920,4.1142,0.6618,386,723,0,0,1
11921,4.1802,0.7785,385,723,0,0,1
11922,4.2371,0.7193,383,723,0,0,1
11923,4.1853,0.7689,380,723,0,0,1
11924,4.1286,0.6232,379,723,0,0,1
11925,4.1025,0.4755,379,723,0,0,1
11926,4.4672,0.4681,379,723,0,0,1
11927,3.9294,0.5104,378,723,0,0,1
11928,4.2557,0.683,378,723,0,0,1
11929,4.0584,0.4612,378,723,0,0,1
11930,4.1179,0.473,377,723,0,0,1
11931,4.2431,0.6726,376,723,0,0,1
11932,4.0999,0.5266,376,723,0,0,1
11933,4.1362,0.5726,376,723,0,0,1
11934,4.3726,0.4243,375,723,0,0,1
11935,4.1498,0.6819,367,723,0,0,1
11936,4.0179,0.49,366,723,0,0,1
11937,4.1724,0.4264,366,723,0,0,1
11938,4.2658,0.4961,364,723,0,0,1
11939,4.1146,0.4497,364,723,0,0,1
11940,4.087,0.4448,413,723,0,0,1
11941,4.3326,0.4348,412,723,0,0,1
11942,4.0773,0.6928,410,723,0,0,1
11943,4.1833,0.4964,410,723,0,0,1
11944,4.0919,0.4265,409,723,0,0,1
11945,4.1306,0.4347,409,723,0,0,1
11946,4.2094,0.4493,409,723,0,0,1
11947,4.2129,0.7059,409,723,0,0,1
11948,4.1633,0.5498,408,723,0,0,1
11949,4.1079,0.4963,407,723,0,0,1
11950,4.1905,0.5575,407,723,0,0,1
11951,4.2156,0.5649,407,723,0,0,1
11952,4.179,0.7526,407,723,0,0,1
11953,4.0814,0.684,407,723,0,0,1
11954,4.3304,0.6636,406,723,0,0,1
11955,4.0564,0.5383,406,723,0,0,1
11956,4.1196,0.4413,405,723,0,0,1
11957,4.1166,0.4342,405,723,0,0,1
11958,4.2428,0.6096,405,723,0,0,1
11959,4.1314,0.4325,404,723,0,0,1
11960,4.283,0.7077,402,723,0,0,1
11961,4.0627,0.4194,402,723,0,0,1
11962,4.4334,0.632,401,723,0,0,1
11963,3.9868,0.5556,401,723,0,0,1
11964,4.0729,0.4885,401,723,0,0,1
11965,4.1561,0.4123,401,723,0,0,1
11966,4.1997,0.7678,401,723,0,0,1
11967,4.2124,0.4268,400,723,0,0,1
11968,4.1245,0.4253,400,723,0,0,1
11969,4.171,0.6806,400,723,0,0,1
11970,4.1683,0.4642,400,723,0,0,1
11971,4.1231,0.459,398,723,0,0,1
11972,4.2657,0.7366,397,723,0,0,1
11973,4.0933,0.4751,397,723,0,0,1
11974,4.1775,0.5342,396,723,0,0,1
11975,4.4422,0.5067,396,723,0,0,1
11976,3.8439,0.5191,396,723,0,0,1
11977,4.2247,0.7239,395,723,0,0,1
11978,4.115,0.4618,394,723,0,0,1
11979,4.2344,0.4947,392,723,0,0,1
11980,4.1281,0.4904,392,723,0,0,1
11981,4.1494,0.501,391,723,0,0,1
11982,4.2502,0.5371,391,723,0,0,1
11983,4.1645,0.692,390,723,0,0,1
11984,4.1597,0.5512,389,723,0,0,1
11985,4.1096,0.492,387,723,0,0,1
11986,4.2087,0.7215,385,723,0,0,1
11987,4.1902,0.584,384,723,0,0,1
11988,4.1627,0.5262,384,723,0,0,1
11989,4.0758,0.7363,384,723,0,0,1
11990,4.2025,0.5995,383,723,0,0,1
11991,4.192,0.6526,383,723,0,0,1
11992,4.1832,0.5749,381,723,0,0,1
11993,4.1492,0.4667,380,723,0,0,1
11994,4.1632,0.4834,380,723,0,0,1
11995,4.4321,0.4562,378,723,0,0,1
11996,3.9314,0.4583,377,723,0,0,1
11997,4.1544,0.4478,375,723,0,0,1
11998,4.3079,0.7933,375,723,0,0,1
11999,4.0451,0.4906,374,723,0,0,1
12000,4.1634,0.471,374,723,0,0,1
12001,4.0764,0.4046,374,723,0,0,1
12002,4.2056,0.4032,367,723,0,0,1
12003,4.2096,0.5911,367,723,0,0,1
12004,4.1301,0.4429,366,723,0,0,1
12005,4.1198,0.4097,366,723,0,0,1
12006,4.2631,0.4698,365,723,0,0,1
12007,4.1257,0.5322,414,723,0,0,1
12008,4.1371,0.4973,414,723,0,0,1
12009,4.1687,0.4384,413,723,0,0,1
12010,4.2325,0.6675,413,723,0,0,1
12011,4.2873,0.5763,413,723,0,0,1
12012,4.1586,0.8364,412,723,0,0,1
12013,4.0566,0.4212,412,723,0,0,1
12014,4.1195,0.7031,412,723,0,0,1
12015,4.1855,0.625,412,723,0,0,1
12016,4.1429,0.4746,411,723,0,0,1
12017,4.2177,0.47,410,723,0,0,1
12018,4.157,0.5828,410,723,0,0,1
12019,4.1605,0.5376,408,723,0,0,1
12020,4.1949,0.5721,408,723,0,0,1
12021,4.1071,0.5343,408,723,0,0,1
12022,4.1829,0.6015,408,723,0,0,1
12023,4.2441,0.6793,408,723,0,0,1
12024,4.1202,0.5335,408,723,0,0,1
12025,4.098,0.4427,408,723,0,0,1
12026,4.1661,0.4456,407,723,0,0,1
12027,4.1811,0.4691,406,723,0,0,1
12028,4.1776,0.4919,406,723,0,0,1
12029,4.2353,0.6864,405,723,0,0,1
12030,4.1584,0.7164,405,723,0,0,1
12031,4.1639,0.5049,404,723,0,0,1
12032,4.0621,0.4318,403,723,0,0,1
12033,4.1885,0.4181,401,723,0,0,1
12034,4.2433,0.4385,400,723,0,0,1
12035,4.1197,0.4414,400,723,0,0,1
12036,4.2669,0.4776,400,723,0,0,1
12037,4.042,0.4075,399,723,0,0,1
12038,4.2766,0.5911,399,723,0,0,1
12039,4.1298,0.4582,398,723,0,0,1
12040,4.1664,0.5356,398,723,0,0,1
12041,4.1291,0.7213,397,723,0,0,1
12042,4.323,0.6735,397,723,0,0,1
12043,4.0451,0.5025,396,723,0,0,1
12044,4.1377,0.4702,396,723,0,0,1
12045,4.1325,0.4536,396,723,0,0,1
12046,4.2324,0.5631,396,723,0,0,1
12047,4.1771,0.4712,396,723,0,0,1
12048,4.1869,0.6859,394,723,0,0,1
12049,4.1172,0.4616,394,723,0,0,1
12050,4.131,0.4602,394,723,0,0,1
12051,4.2245,0.5153,394,723,0,0,1
12052,4.1094,0.5008,393,723,0,0,1
12053,4.133,0.4795,392,723,0,0,1
12054,4.3175,0.7587,390,723,0,0,1
12055,4.0546,0.5629,390,723,0,0,1
12056,4.1716,0.509,390,723,0,0,1
12057,4.179,0.4621,390,723,0,0,1
12058,4.1232,0.4938,390,723,0,0,1
12059,4.226,0.5071,390,723,0,0,1
12060,4.1811,0.8145,389,723,0,0,1
12061,4.0955,0.4755,389,723,0,0,1
12062,4.1486,0.4937,389,723,0,0,1
12063,4.1304,0.4752,388,723,0,0,1
12064,4.1818,0.81,386,723,0,0,1
12065,4.2456,0.7693,385,723,0,0,1
12066,4.1813,0.4573,384,723,0,0,1
12067,4.4296,0.5964,384,723,0,0,1
12068,3.8495,0.4731,384,723,0,0,1
12069,4.1834,0.4662,377,723,0,0,1
12070,4.5375,0.7953,377,723,0,0,1
12071,3.8618,0.5439,377,723,0,0,1
12072,4.1399,0.6971,377,723,0,0,1
12073,4.1948,0.7328,377,723,0,0,1
12074,4.1513,0.5162,377,723,0,0,1
12075,4.1727,0.5134,427,723,0,0,1
12076,4.2372,0.662,426,723,0,0,1
12077,4.066,0.503,426,723,0,0,1
12078,4.5289,0.467,426,723,0,0,1
12079,4.051,0.7626,426,723,0,0,1
12080,4.1399,0.6629,425,723,0,0,1
12081,3.9711,0.4344,424,723,0,0,1
12082,4.1042,0.4284,423,723,0,0,1
12083,4.2559,0.4389,420,723,0,0,1
12084,4.4183,0.6884,419,723,0,0,1
12085,3.8675,0.436,418,723,0,0,1
12086,4.2935,0.796,417,723,0,0,1
12087,4.4759,0.5805,416,723,0,0,1
12088,3.7169,0.5386,416,723,0,0,1
12089,4.228,0.646,416,723,0,0,1
12090,4.1327,0.4603,416,723,0,0,1
12091,4.1532,0.469,415,723,0,0,1
12092,4.451,0.7482,414,723,0,0,1
12093,3.803,0.4357,414,723,0,0,1
12094,4.2214,0.6557,414,723,0,0,1
12095,4.1656,0.9764,414,723,0,0,1
12096,4.4158,0.614,414,723,0,0,1
12097,3.8507,0.5948,413,723,0,0,1
12098,4.2408,0.4314,411,723,0,0,1
12099,4.6308,0.6421,411,723,0,0,1
12100,3.7325,0.6032,411,723,0,0,1
12101,4.1888,0.7047,408,723,0,0,1
12102,4.4426,0.5703,407,723,0,0,1
12103,3.8582,0.7693,407,723,0,0,1
12104,4.2698,0.4519,406,723,0,0,1
12105,4.0898,0.6416,405,723,0,0,1
12106,4.4437,0.5781,404,723,0,0,1
12107,3.7932,0.6894,404,723,0,0,1
12108,4.228,0.5712,404,723,0,0,1
12109,4.1793,0.535,403,723,0,0,1
12110,4.2371,0.5979,400,723,0,0,1
12111,4.0768,0.626,400,723,0,0,1
12112,4.1928,0.4291,399,723,0,0,1
12113,4.1212,0.4204,399,723,0,0,1
12114,4.4765,0.6717,398,723,0,0,1
12115,4.0998,0.4193,398,723,0,0,1
12116,4.0889,0.4278,398,723,0,0,1
12117,4.0307,0.4352,398,723,0,0,1
12118,4.4795,0.6252,398,723,0,0,1
12119,3.8648,0.7247,397,723,0,0,1
12120,4.1487,0.4681,397,723,0,0,1
12121,4.1793,0.5719,397,723,0,0,1
12122,4.1155,0.49,395,723,0,0,1
12123,4.2239,0.5008,395,723,0,0,1
12124,4.2265,0.4922,395,723,0,0,1
12125,4.0839,0.5062,393,723,0,0,1
12126,4.2808,0.6637,393,723,0,0,1
12127,4.3363,0.5834,393,723,0,0,1
12128,3.8788,0.655,393,723,0,0,1
12129,4.1809,0.5615,393,723,0,0,1
12130,4.2689,0.6883,393,723,0,0,1
12131,4.1476,0.4804,391,723,0,0,1
12132,4.2098,0.6088,391,723,0,0,1
12133,4.0147,0.4437,391,723,0,0,1
12134,4.2028,0.6882,391,723,0,0,1
12135,4.1644,0.6186,389,723,0,0,1
12136,4.2053,0.4441,382,723,0,0,1
12137,4.1726,0.4376,381,723,0,0,1
12138,4.1371,0.5195,379,723,0,0,1
12139,4.2607,0.5584,379,723,0,0,1
12140,4.1038,0.6815,379,723,0,0,1
12141,4.2014,0.5084,379,723,0,0,1
12142,4.1306,0.7523,429,723,0,0,1
12143,4.1502,0.4601,429,723,0,0,1
12144,4.2182,0.5091,429,723,0,0,1
12145,4.0632,0.4444,428,723,0,0,1
12146,4.2655,0.7517,428,723,0,0,1
12147,4.1567,0.5965,427,723,0,0,1
12148,4.1049,0.4927,427,723,0,0,1
12149,4.1806,0.7619,427,723,0,0,1
12150,4.2401,0.6915,427,723,0,0,1
12151,4.1468,0.5637,426,723,0,0,1
12152,4.1409,0.5071,426,723,0,0,1
12153,4.189,0.4804,425,723,0,0,1
12154,4.0929,0.448,425,723,0,0,1
12155,4.2249,0.4358,423,723,0,0,1
12156,4.2067,0.6735,421,723,0,0,1
12157,4.1097,0.6192,420,723,0,0,1
12158,4.1374,0.5595,420,723,0,0,1
12159,4.1563,0.4341,419,723,0,0,1
12160,4.2036,0.4592,419,723,0,0,1
12161,4.1332,0.5454,416,723,0,0,1
12162,4.2338,0.5975,416,723,0,0,1
12163,4.3919,0.5042,415,723,0,0,1
12164,3.8783,0.4625,415,723,0,0,1
12165,4.1792,0.4974,415,723,0,0,1
12166,4.2706,0.4583,415,723,0,0,1
12167,4.0686,0.4726,415,723,0,0,1
12168,4.1953,0.5033,415,723,0,0,1
12169,4.1198,0.4346,414,723,0,0,1
12170,4.1879,0.4348,412,723,0,0,1
12171,4.1122,0.4218,412,723,0,0,1
12172,4.248,0.4896,410,723,0,0,1
12173,4.1108,0.4338,410,723,0,0,1
12174,4.2499,0.671,410,723,0,0,1
12175,4.1172,0.5261,410,723,0,0,1
12176,4.1712,0.5165,410,723,0,0,1
12177,4.1603,0.4631,409,723,0,0,1
12178,4.1411,0.467,409,723,0,0,1
12179,4.1868,0.4971,408,723,0,0,1
12180,4.2593,1.03,406,723,0,0,1
12181,4.0946,0.747,404,723,0,0,1
12182,4.1583,0.7481,404,723,0,0,1
12183,4.4288,0.5186,403,723,0,0,1
12184,3.9546,0.5326,400,723,0,0,1
12185,4.1285,0.6303,400,723,0,0,1
12186,4.1994,0.7121,399,723,0,0,1
12187,4.3371,0.6637,399,723,0,0,1
12188,3.9679,0.4514,399,723,0,0,1
12189,4.2127,0.4357,398,723,0,0,1
12190,4.1114,0.4532,397,723,0,0,1
12191,4.1318,0.447,396,723,0,0,1
12192,4.2272,0.618,396,723,0,0,1
12193,4.2577,0.6472,396,723,0,0,1
12194,4.3256,0.5178,396,723,0,0,1
12195,3.8614,0.4351,395,723,0,0,1
12196,4.231,0.4279,393,723,0,0,1
12197,4.1039,0.4298,393,723,0,0,1
12198,4.1433,0.6589,393,723,0,0,1
12199,4.2087,0.4327,393,723,0,0,1
12200,4.205,0.4865,392,723,0,0,1
12201,4.1372,0.4158,390,723,0,0,1
12202,4.4357,0.7012,388,723,0,0,1
12203,3.8918,0.4128,381,723,0,0,1
12204,4.1462,0.6124,381,723,0,0,1
12205,4.23,0.6916,379,723,0,0,1
12206,4.1535,0.6472,379,723,0,0,1
12207,4.1807,0.474,378,723,0,0,1
12208,4.1117,0.4194,378,723,0,0,1
12209,4.2085,0.657,428,723,0,0,1
12210,4.1807,0.504,426,723,0,0,1
12211,4.1889,0.7077,424,723,0,0,1
12212,4.1095,0.6593,422,723,0,0,1
12213,4.1503,0.4886,422,723,0,0,1
12214,4.2109,0.5475,422,723,0,0,1
12215,4.1474,0.5395,420,723,0,0,1
12216,4.1739,0.7155,419,723,0,0,1
12217,4.1086,0.4944,419,723,0,0,1
12218,4.1689,0.4684,418,723,0,0,1
12219,4.2453,0.7093,416,723,0,0,1
12220,4.1388,0.4734,413,723,0,0,1
12221,4.136,0.4363,413,723,0,0,1
12222,4.2108,0.4893,413,723,0,0,1
12223,4.1679,0.8632,413,723,0,0,1
12224,4.1122,0.66,413,723,0,0,1
12225,4.1812,0.442,413,723,0,0,1
12226,4.2387,0.5304,413,723,0,0,1
12227,4.1437,0.6602,411,723,0,0,1
12228,4.1494,0.7982,411,723,0,0,1
12229,4.0924,0.7167,410,723,0,0,1
12230,4.192,0.4829,410,723,0,0,1
12231,4.233,0.5134,410,723,0,0,1
12232,4.1648,0.4463,408,723,0,0,1
12233,4.1015,0.4714,406,723,0,0,1
12234,4.197,0.4643,406,723,0,0,1
12235,4.218,0.5282,406,723,0,0,1
12236,4.1173,0.6661,406,723,0,0,1
12237,4.1335,0.4691,406,723,0,0,1
12238,4.1518,0.743,405,723,0,0,1
12239,4.218,0.4809,405,723,0,0,1
12240,4.1429,0.433,404,723,0,0,1
12241,4.1513,0.4556,404,723,0,0,1
12242,4.2667,0.7713,403,723,0,0,1
12243,4.1837,0.7702,403,723,0,0,1
12244,4.1088,0.5217,403,723,0,0,1
12245,4.1697,1.0559,402,723,0,0,1
12246,4.4542,1.0901,402,723,0,0,1
12247,3.8221,0.3717,402,723,0,0,1
12248,4.2365,0.5289,402,723,0,0,1
12249,4.1199,0.3126,400,723,0,0,1
12250,4.1916,0.3151,398,723,0,0,1
12251,4.1986,0.3629,398,723,0,0,1
12252,4.1854,0.3974,397,723,0,0,1
12253,4.0546,0.5847,396,723,0,0,1
12254,4.4553,0.7728,394,723,0,0,1
12255,4.0876,0.5044,391,723,0,0,1
12256,4.0601,0.575,391,723,0,0,1
12257,4.2809,0.6047,391,723,0,0,1
12258,4.0842,0.4802,391,723,0,0,1
12259,4.4913,0.4217,388,723,0,0,1
12260,3.7979,0.512,388,723,0,0,1
12261,4.1138,0.4194,388,723,0,0,1
12262,4.3402,0.7275,387,723,0,0,1
12263,4.0491,0.7875,386,723,0,0,1
12264,4.1766,0.5005,386,723,0,0,1
12265,4.086,0.4192,386,723,0,0,1
12266,4.1471,0.485,386,723,0,0,1
12267,4.2775,0.4223,385,723,0,0,1
12268,4.1056,0.5324,385,723,0,0,1
12269,4.2063,0.4179,385,723,0,0,1
12270,4.16,0.4292,378,723,0,0,1
12271,4.1339,0.4081,377,723,0,0,1
12272,4.1141,0.4523,377,723,0,0,1
12273,4.2326,0.6884,377,723,0,0,1
12274,4.4801,0.4155,377,723,0,0,1
12275,3.8452,0.4346,375,723,0,0,1
12276,4.2656,0.513,423,723,0,0,1
12277,4.045,0.4699,423,723,0,0,1
12278,4.1768,0.4518,423,723,0,0,1
12279,4.211,0.5153,423,723,0,0,1
12280,4.0914,0.4886,422,723,0,0,1
12281,4.3061,0.723,420,723,0,0,1
12282,4.1301,0.5493,420,723,0,0,1
12283,4.5119,0.6015,420,723,0,0,1
12284,3.7937,0.486,420,723,0,0,1
12285,4.1895,0.4392,419,723,0,0,1
12286,4.2991,0.6734,419,723,0,0,1
12287,3.983,0.4462,419,723,0,0,1
12288,4.0977,0.46,418,723,0,0,1
12289,4.2158,0.6583,417,723,0,0,1
12290,4.303,0.5906,417,723,0,0,1
12291,3.9864,0.5372,417,723,0,0,1
12292,4.2159,0.5777,417,723,0,0,1
12293,4.2269,0.8596,416,723,0,0,1
12294,4.1727,0.5467,416,723,0,0,1
12295,4.1613,0.5077,416,723,0,0,1
12296,4.1644,0.5147,415,723,0,0,1
12297,4.1262,0.4954,415,723,0,0,1
12298,4.1168,0.6696,414,723,0,0,1
12299,4.26,0.4516,413,723,0,0,1
12300,4.2277,0.6907,413,723,0,0,1
12301,4.0969,0.723,413,723,0,0,1
12302,4.5555,0.5362,411,723,0,0,1
12303,4.0957,0.4878,411,723,0,0,1
12304,3.7955,0.5067,411,723,0,0,1
12305,4.1988,0.7804,410,723,0,0,1
12306,4.1714,0.4535,410,723,0,0,1
12307,4.3706,0.4505,409,723,0,0,1
12308,3.9766,0.5141,409,723,0,0,1
12309,4.1268,0.4377,408,723,0,0,1
12310,4.4351,0.6926,406,723,0,0,1
12311,3.9578,0.4334,405,723,0,0,1
12312,4.1796,0.6019,403,723,0,0,1
12313,4.2847,0.6834,403,723,0,0,1
12314,3.965,0.4192,402,723,0,0,1
12315,4.5238,0.4754,402,723,0,0,1
12316,3.7817,0.4713,402,723,0,0,1
12317,4.1796,0.4439,400,723,0,0,1
12318,4.1633,0.4694,400,723,0,0,1
12319,4.3832,0.7691,399,723,0,0,1
12320,4.2441,0.5651,399,723,0,0,1
12321,3.9056,0.4934,397,723,0,0,1
12322,4.2055,0.618,396,723,0,0,1
12323,4.1827,0.5032,395,723,0,0,1
12324,4.2264,0.6862,394,723,0,0,1
12325,4.0418,0.5047,394,723,0,0,1
12326,4.3114,0.5034,394,723,0,0,1
12327,4.0692,0.5486,394,723,0,0,1
12328,4.095,0.5263,393,723,0,0,1
12329,4.1766,0.5799,390,723,0,0,1
12330,4.2041,0.6842,389,723,0,0,1
12331,4.2787,0.4362,388,723,0,0,1
12332,4.1368,0.4522,387,723,0,0,1
12333,4.0774,0.4605,386,723,0,0,1
12334,4.182,0.4908,385,723,0,0,1
12335,4.1693,0.4637,384,723,0,0,1
12336,4.1555,0.6931,384,723,0,0,1
12337,4.1482,0.4366,384,723,0,0,1
12338,4.2172,0.8648,377,723,0,0,1
12339,4.1785,0.5764,376,723,0,0,1
12340,4.1172,0.5229,376,723,0,0,1
12341,4.1344,0.6375,375,723,0,0,1
12342,4.3227,0.7799,374,723,0,0,1
12343,4.0783,0.7001,423,723,0,0,1
12344,4.2841,0.6603,422,723,0,0,1
12345,4.0126,0.4809,422,723,0,0,1
12346,4.4873,0.61,422,723,0,0,1
12347,3.8636,0.5707,422,723,0,0,1
12348,4.137,0.5448,420,723,0,0,1
12349,4.1593,0.4405,419,723,0,0,1
12350,4.3803,0.7364,417,723,0,0,1
12351,4.0534,0.6664,416,723,0,0,1
12352,4.0807,0.4669,416,723,0,0,1
12353,4.133,0.6411,416,723,0,0,1
12354,4.4596,0.5023,416,723,0,0,1
12355,4.0082,0.5563,416,723,0,0,1
12356,4.103,0.6524,416,723,0,0,1
12357,4.157,0.4758,416,723,0,0,1
12358,4.1647,0.5067,415,723,0,0,1
12359,4.1429,0.4567,415,723,0,0,1
12360,4.2382,0.478,414,723,0,0,1
12361,4.0954,0.6514,414,723,0,0,1
12362,4.2261,0.6391,413,723,0,0,1
12363,4.1249,0.5104,412,723,0,0,1
12364,4.2407,0.5948,412,723,0,0,1
12365,4.1149,0.6075,411,723,0,0,1
12366,4.1568,0.5125,410,723,0,0,1
12367,4.1973,0.5918,410,723,0,0,1
12368,4.1677,0.476,410,723,0,0,1
12369,4.1141,0.4927,410,723,0,0,1
12370,4.267,0.5446,410,723,0,0,1
12371,4.1311,0.5561,410,723,0,0,1
12372,4.416,0.4992,409,723,0,0,1
12373,3.8306,0.4996,408,723,0,0,1
12374,4.2726,0.4674,408,723,0,0,1
12375,4.1762,0.6928,408,723,0,0,1
12376,4.0934,0.4417,406,723,0,0,1
12377,4.1229,0.6084,406,723,0,0,1
12378,4.254,0.4792,406,723,0,0,1
12379,4.4965,0.4508,406,723,0,0,1
12380,3.8527,0.4428,404,723,0,0,1
12381,4.0892,0.4372,403,723,0,0,1
12382,4.2334,0.5125,402,723,0,0,1
12383,4.1196,0.4861,402,723,0,0,1
12384,4.1782,0.5835,402,723,0,0,1
12385,4.1137,0.4231,401,723,0,0,1
12386,4.185,0.5901,400,723,0,0,1
12387,4.1804,0.4181,398,723,0,0,1
12388,4.1511,0.4293,397,723,0,0,1
12389,4.2025,0.6778,396,723,0,0,1
12390,4.1598,0.4659,395,723,0,0,1
12391,4.2032,0.4595,394,723,0,0,1
12392,4.1479,0.6101,394,723,0,0,1
12393,4.1271,0.4117,394,723,0,0,1
12394,4.2853,0.6804,394,723,0,0,1
12395,4.0559,0.425,392,723,0,0,1
12396,4.1724,0.4157,392,723,0,0,1
12397,4.1129,0.6095,392,723,0,0,1
12398,4.4732,0.4129,392,723,0,0,1
12399,3.9425,0.6785,389,723,0,0,1
12400,4.1114,0.4117,389,723,0,0,1
12401,4.3168,0.7305,389,723,0,0,1
12402,4.3547,0.546,388,723,0,0,1
12403,4.0216,0.5568,388,723,0,0,1
12404,4.0428,0.4655,387,723,0,0,1
12405,4.1124,0.4055,380,723,0,0,1
12406,4.1882,0.5795,378,723,0,0,1
12407,4.3947,0.6005,377,723,0,0,1
12408,4.1983,0.5699,376,723,0,0,1
12409,3.8679,0.4164,375,723,0,0,1
12410,4.1799,0.4294,375,723,0,0,1
12411,4.1775,0.5907,424,723,0,0,1
12412,4.1576,0.4683,424,723,0,0,1
12413,4.2935,0.7412,423,723,0,0,1
12414,4.111,0.5376,423,723,0,0,1
12415,4.0998,0.5049,423,723,0,0,1
12416,4.1797,0.5186,422,723,0,0,1
12417,4.186,0.575,421,723,0,0,1
12418,4.288,0.6338,419,723,0,0,1
12419,4.0108,0.4518,417,723,0,0,1
12420,4.4578,0.601,416,723,0,0,1
12421,3.8964,0.6239,416,723,0,0,1
12422,4.349,0.5964,415,723,0,0,1
12423,4.0136,0.4634,415,723,0,0,1
12424,4.1328,0.4353,413,723,0,0,1
12425,4.1856,0.6851,413,723,0,0,1
12426,4.2007,0.5324,413,723,0,0,1
12427,4.1524,0.496,412,723,0,0,1
12428,4.1432,0.4997,412,723,0,0,1
12429,4.1952,0.4918,412,723,0,0,1
12430,4.1193,0.6977,412,723,0,0,1
12431,4.1842,0.5196,412,723,0,0,1
12432,4.2919,0.6955,412,723,0,0,1
12433,4.0027,0.4398,412,723,0,0,1
12434,4.541,0.4755,411,723,0,0,1
12435,4.0951,0.5255,411,723,0,0,1
12436,3.9331,0.5381,411,723,0,0,1
12437,4.0847,0.7284,411,723,0,0,1
12438,4.2847,0.7014,411,723,0,0,1
12439,4.2063,0.477,411,723,0,0,1
12440,4.0894,0.4874,410,723,0,0,1
12441,4.0992,0.4367,410,723,0,0,1
12442,4.2006,0.4587,410,723,0,0,1
12443,4.2193,0.776,410,723,0,0,1
12444,4.1628,0.7289,410,723,0,0,1
12445,4.1062,0.5704,409,723,0,0,1
12446,4.286,0.535,409,723,0,0,1
12447,4.0549,0.4602,409,723,0,0,1
12448,4.1367,0.4502,407,723,0,0,1
12449,4.2179,0.6284,406,723,0,0,1
12450,4.1518,0.4667,406,723,0,0,1
12451,4.2137,0.4469,405,723,0,0,1
12452,4.1232,0.5686,405,723,0,0,1
12453,4.1421,0.4345,404,723,0,0,1
12454,4.503,0.6516,402,723,0,0,1
12455,3.9067,0.4398,401,723,0,0,1
12456,4.156,0.4294,400,723,0,0,1
12457,4.2182,0.7587,399,723,0,0,1
12458,4.0611,0.4152,398,723,0,0,1
12459,4.1808,0.4807,397,723,0,0,1
12460,4.4421,0.4215,397,723,0,0,1
12461,3.8369,0.4396,396,723,0,0,1
12462,4.281,0.7277,394,723,0,0,1
12463,4.1643,0.7335,393,723,0,0,1
12464,4.1428,0.5516,392,723,0,0,1
12465,4.1263,0.4624,391,723,0,0,1
12466,4.1987,0.5863,391,723,0,0,1
12467,4.4524,0.5001,389,723,0,0,1
12468,3.8926,0.6852,389,723,0,0,1
12469,4.0956,0.4779,388,723,0,0,1
12470,4.335,0.493,388,723,0,0,1
12471,4.0855,0.5639,385,723,0,0,1
12472,4.0991,0.4701,377,723,0,0,1
12473,4.1265,0.6387,377,723,0,0,1
12474,4.2305,0.5597,377,723,0,0,1
12475,4.2222,0.4252,377,723,0,0,1
12476,4.142,0.4639,377,723,0,0,1
12477,4.1343,0.4439,376,723,0,0,1
12478,4.2048,0.5616,426,723,0,0,1
12479,4.137,0.4977,426,723,0,0,1
12480,4.1869,0.6547,424,723,0,0,1
12481,4.0859,0.6597,423,723,0,0,1
12482,4.311,0.7283,422,723,0,0,1
12483,4.138,0.7176,421,723,0,0,1
12484,4.1003,0.4656,421,723,0,0,1
12485,4.1333,0.4438,421,723,0,0,1
12486,4.4627,0.4273,419,723,0,0,1
12487,3.9513,0.6954,419,723,0,0,1
12488,4.1631,0.7225,419,723,0,0,1
12489,4.1146,0.4562,419,723,0,0,1
12490,4.2213,0.539,419,723,0,0,1
12491,4.1418,0.5131,419,723,0,0,1
12492,4.2004,0.5878,419,723,0,0,1
12493,4.1568,0.5208,419,723,0,0,1
12494,4.0711,0.458,418,723,0,0,1
12495,4.2621,0.6323,417,723,0,0,1
12496,4.3265,0.4817,417,723,0,0,1
12497,3.9853,0.6162,415,723,0,0,1
12498,4.158,0.4719,413,723,0,0,1
12499,4.2197,0.4594,413,723,0,0,1
12500,4.2821,0.4316,412,723,0,0,1
12501,4.003,0.4267,411,723,0,0,1
12502,4.165,0.4717,411,723,0,0,1
12503,4.1741,0.554,411,723,0,0,1
12504,4.199,0.5176,410,723,0,0,1
12505,4.0622,0.4905,410,723,0,0,1
12506,4.2136,0.8341,408,723,0,0,1
12507,4.2556,0.7599,407,723,0,0,1
12508,4.0732,0.6551,406,723,0,0,1
12509,4.1814,0.798,404,723,0,0,1
12510,4.1778,0.5247,402,723,0,0,1
12511,4.2164,0.6197,402,723,0,0,1
12512,4.1061,0.5418,402,723,0,0,1
12513,4.1599,0.4445,401,723,0,0,1
12514,4.2143,0.4673,400,723,0,0,1
12515,4.1399,0.644,400,723,0,0,1
12516,4.2088,0.4929,399,723,0,0,1
12517,4.0632,0.6236,399,723,0,0,1
12518,4.4251,0.433,397,723,0,0,1
12519,4.1363,0.4265,397,723,0,0,1
12520,3.9772,0.4237,397,723,0,0,1
12521,4.4529,0.6311,397,723,0,0,1
12522,3.9186,0.4796,396,723,0,0,1
12523,4.1057,0.4279,395,723,0,0,1
12524,4.2067,0.4428,394,723,0,0,1
12525,4.1562,0.4194,394,723,0,0,1
12526,4.2555,0.6776,394,723,0,0,1
12527,4.0685,0.4193,394,723,0,0,1
12528,4.1629,0.4596,392,723,0,0,1
12529,4.1955,0.5869,392,723,0,0,1
12530,4.1966,0.5606,391,723,0,0,1
12531,4.1636,0.5848,391,723,0,0,1
12532,4.1167,0.423,390,723,0,0,1
12533,4.2113,0.4907,389,723,0,0,1
12534,4.1546,0.68,387,723,0,0,1
12535,4.1924,0.4682,386,723,0,0,1
12536,4.0753,0.541,386,723,0,0,1
12537,4.2199,0.4353,386,723,0,0,1
12538,4.151,0.4096,386,723,0,0,1
12539,4.2009,0.4137,378,723,0,0,1
12540,4.1812,0.4678,378,723,0,0,1
12541,4.1417,0.6535,378,723,0,0,1
12542,4.2853,0.6922,378,723,0,0,1
12543,4.069,0.4377,377,723,0,0,1
12544,4.179,0.4343,377,723,0,0,1
12545,4.1103,0.4661,427,723,0,0,1
12546,4.2148,0.495,427,723,0,0,1
12547,4.4402,0.4523,426,723,0,0,1
12548,3.9048,0.4774,424,723,0,0,1
12549,4.1079,0.6057,423,723,0,0,1
12550,4.1901,0.6157,423,723,0,0,1
12551,4.2606,0.9073,422,723,0,0,1
12552,4.2425,0.7779,421,723,0,0,1
12553,3.9558,0.5157,420,723,0,0,1
12554,4.2591,0.5042,419,723,0,0,1
12555,4.1423,0.5003,418,723,0,0,1
12556,4.1465,0.4495,418,723,0,0,1
12557,4.1241,0.4414,418,723,0,0,1
12558,4.2382,0.5058,418,723,0,0,1
12559,4.2046,0.5021,417,723,0,0,1
12560,4.0839,0.5236,416,723,0,0,1
12561,4.1582,0.4239,416,723,0,0,1
12562,4.1981,0.6129,416,723,0,0,1
12563,4.2058,0.4493,416,723,0,0,1
12564,4.2298,0.6773,414,723,0,0,1
12565,4.0635,0.7182,413,723,0,0,1
12566,4.3562,0.6572,413,723,0,0,1
12567,4.2988,0.7946,411,723,0,0,1
12568,3.8043,0.4966,411,723,0,0,1
12569,4.1578,0.5152,411,723,0,0,1
12570,4.4613,0.628,410,723,0,0,1
12571,3.9332,0.456,410,723,0,0,1
12572,4.1495,0.5401,410,723,0,0,1
12573,4.1891,0.4385,407,723,0,0,1
12574,4.1487,0.5203,406,723,0,0,1
12575,4.0807,0.4434,406,723,0,0,1
12576,4.2904,0.7085,406,723,0,0,1
12577,4.1168,0.4953,406,723,0,0,1
12578,4.2014,0.7165,405,723,0,0,1
12579,4.1531,0.4812,404,723,0,0,1
12580,4.4253,0.4227,404,723,0,0,1
12581,3.8976,0.6979,401,723,0,0,1
12582,4.6426,0.6676,400,723,0,0,1
12583,3.7513,0.6637,400,723,0,0,1
12584,4.0969,0.4915,399,723,0,0,1
12585,4.1549,0.4159,398,723,0,0,1
12586,4.1584,0.4115,398,723,0,0,1
12587,4.239,0.4538,397,723,0,0,1
12588,4.1508,0.7034,396,723,0,0,1
12589,4.2057,0.7457,393,723,0,0,1
12590,4.1181,0.4222,391,723,0,0,1
12591,4.1528,0.4514,391,723,0,0,1
12592,4.1496,0.445,391,723,0,0,1
12593,4.1275,0.7459,390,723,0,0,1
12594,4.4667,0.7155,390,723,0,0,1
12595,3.9176,0.6827,387,723,0,0,1
12596,4.1832,0.4961,387,723,0,0,1
12597,4.1584,0.4483,386,723,0,0,1
12598,4.1591,0.4686,386,723,0,0,1
12599,4.1736,0.4415,384,723,0,0,1
12600,4.1826,0.6162,383,723,0,0,1
12601,4.143,0.6853,383,723,0,0,1
12602,4.2,0.7017,383,723,0,0,1
12603,4.1314,0.447,383,723,0,0,1
12604,4.1689,0.437,382,723,0,0,1
12605,4.182,0.4174,382,723,0,0,1
12606,4.5357,0.6749,375,723,0,0,1
12607,3.8748,0.711,375,723,0,0,1
12608,4.132,0.4189,375,723,0,0,1
12609,4.1074,0.4066,375,723,0,0,1
12610,4.1735,0.6138,375,723,0,0,1
12611,4.1803,0.6329,373,723,0,0,1
12612,4.2076,0.4828,422,723,0,0,1
12613,4.1571,0.7102,420,723,0,0,1
12614,4.2244,0.449,420,723,0,0,1
12615,4.4353,0.6719,420,723,0,0,1
12616,3.7987,0.5064,419,723,0,0,1
12617,4.1112,0.5951,418,723,0,0,1
12618,4.2135,0.5233,417,723,0,0,1
12619,4.1109,0.5071,416,723,0,0,1
12620,4.2826,0.665,415,723,0,0,1
12621,4.0966,0.4382,415,723,0,0,1
12622,4.2024,0.7674,414,723,0,0,1
12623,4.5013,0.4788,413,723,0,0,1
12624,3.8616,0.5051,412,723,0,0,1
12625,4.0634,0.6294,412,723,0,0,1
12626,4.2211,0.4393,411,723,0,0,1
12627,4.3262,0.6724,411,723,0,0,1
12628,4.0082,0.4775,410,723,0,0,1
12629,4.1189,0.7367,408,723,0,0,1
12630,4.2129,0.609,408,723,0,0,1
12631,4.2251,0.6408,407,723,0,0,1
12632,4.1454,0.5063,404,723,0,0,1
12633,4.1194,0.481,404,723,0,0,1
12634,4.2281,0.5088,404,723,0,0,1
12635,4.1323,0.4883,401,723,0,0,1
12636,4.1221,0.43,400,723,0,0,1
12637,4.136,0.5976,400,723,0,0,1
12638,4.17,0.4382,399,723,0,0,1
12639,4.2773,0.7018,398,723,0,0,1
12640,4.0978,0.4286,397,723,0,0,1
12641,4.1416,0.5839,396,723,0,0,1
12642,4.2985,0.6087,396,723,0,0,1
12643,4.0238,0.409,395,723,0,0,1
12644,4.2382,0.435,395,723,0,0,1
12645,4.1032,0.5818,395,723,0,0,1
12646,4.247,0.4893,395,723,0,0,1
12647,4.1032,0.4054,395,723,0,0,1
12648,4.2011,0.681,394,723,0,0,1
12649,4.2039,0.9579,394,723,0,0,1
12650,4.1602,0.6981,392,723,0,0,1
12651,4.1657,0.453,392,723,0,0,1
12652,4.1292,0.4898,391,723,0,0,1
12653,4.1917,0.6551,391,723,0,0,1
12654,4.1808,0.6921,390,723,0,0,1
12655,4.1038,0.4681,389,723,0,0,1
12656,4.2352,0.6234,389,723,0,0,1
12657,4.1275,0.4702,389,723,0,0,1
12658,4.1783,0.6825,389,723,0,0,1
12659,4.1029,0.4755,389,723,0,0,1
12660,4.2046,0.4802,389,723,0,0,1
12661,4.1435,0.4913,388,723,0,0,1
12662,4.2413,0.5012,387,723,0,0,1
12663,4.1652,0.6952,387,723,0,0,1
12664,4.1152,0.5456,387,723,0,0,1
12665,4.1956,0.5811,386,723,0,0,1
12666,4.1932,0.5415,385,723,0,0,1
12667,4.1156,0.757,383,723,0,0,1
12668,4.1969,0.5163,383,723,0,0,1
12669,4.1409,0.4755,382,723,0,0,1
12670,4.1807,0.6535,380,723,0,0,1
12671,4.1883,0.4837,379,723,0,0,1
12672,4.2114,0.5317,378,723,0,0,1
12673,4.0511,0.6649,377,723,0,0,1
12674,4.2711,0.536,370,723,0,0,1
12675,4.2267,0.7117,369,723,0,0,1
12676,4.016,0.4125,366,723,0,0,1
12677,4.2679,0.7251,366,723,0,0,1
12678,4.125,0.4804,365,723,0,0,1
12679,4.1581,0.4959,414,723,0,0,1
12680,4.1844,0.4925,413,723,0,0,1
12681,4.1148,0.5635,412,723,0,0,1
12682,4.1972,0.4467,412,723,0,0,1
12683,4.1423,0.5055,411,723,0,0,1
12684,4.2088,0.5876,411,723,0,0,1
12685,4.1237,0.5594,411,723,0,0,1
12686,4.1587,0.4711,410,723,0,0,1
12687,4.2007,0.491,410,723,0,0,1
12688,4.1677,0.4538,410,723,0,0,1
12689,4.1275,0.7627,410,723,0,0,1
12690,4.5824,0.6622,410,723,0,0,1
12691,3.7417,0.4454,410,723,0,0,1
12692,4.2394,0.4976,409,723,0,0,1
12693,4.1107,0.4206,407,723,0,0,1
12694,4.2279,0.5629,406,723,0,0,1
12695,4.1748,0.4283,405,723,0,0,1
12696,4.3774,0.6186,405,723,0,0,1
12697,3.8969,0.5013,405,723,0,0,1
12698,4.2332,0.5432,404,723,0,0,1
12699,4.1561,0.5415,404,723,0,0,1
12700,4.1706,0.4987,404,723,0,0,1
12701,4.1128,0.5393,404,723,0,0,1
12702,4.4497,0.9829,404,723,0,0,1
12703,4.2299,0.6554,404,723,0,0,1
12704,4.2342,0.4896,404,723,0,0,1
12705,4.3828,0.4515,404,723,0,0,1
12706,3.5819,0.4712,404,723,0,0,1
12707,4.1802,0.4823,403,723,0,0,1
12708,4.1829,0.6461,403,723,0,0,1
12709,4.1079,0.4972,402,723,0,0,1
12710,4.2,0.4458,402,723,0,0,1
12711,4.1619,0.4803,401,723,0,0,1
12712,4.1202,0.4826,399,723,0,0,1
12713,4.1916,0.9291,399,723,0,0,1
12714,4.2065,0.446,399,723,0,0,1
12715,4.0802,0.4351,398,723,0,0,1
12716,4.2272,0.5042,398,723,0,0,1
12717,4.1401,0.4624,398,723,0,0,1
12718,4.2131,0.6908,398,723,0,0,1
12719,4.1414,0.5429,398,723,0,0,1
12720,4.161,0.5378,396,723,0,0,1
12721,4.1276,0.7204,395,723,0,0,1
12722,4.3882,0.7739,395,723,0,0,1
12723,4.012,0.5993,391,723,0,0,1
12724,4.1414,0.5144,391,723,0,0,1
12725,4.12,0.5383,389,723,0,0,1
12726,4.2055,0.564,388,723,0,0,1
12727,4.1731,0.6578,388,723,0,0,1
12728,4.1435,0.5104,387,723,0,0,1
12729,4.1443,0.5309,386,723,0,0,1
12730,4.2009,0.5367,385,723,0,0,1
12731,4.1539,0.4609,384,723,0,0,1
12732,4.2046,0.5092,384,723,0,0,1
12733,4.0858,0.6142,384,723,0,0,1
12734,4.1815,0.4688,383,723,0,0,1
12735,4.3098,0.7429,382,723,0,0,1
12736,4.0569,0.4366,380,723,0,0,1
12737,4.1459,0.5432,378,723,0,0,1
12738,4.2348,0.452,378,723,0,0,1
12739,4.094,0.439,378,723,0,0,1
12740,4.4252,0.6203,376,723,0,0,1
12741,3.9323,0.4366,367,723,0,0,1
12742,4.2038,0.53,367,723,0,0,1
12743,4.1308,0.5351,367,723,0,0,1
12744,4.3218,1.2127,367,723,0,0,1
12745,4.0054,1.7026,367,723,0,0,1
12746,4.1769,0.3877,366,723,0,0,1
12747,4.1937,1.1203,416,723,0,0,1
12748,4.1605,1.049,416,723,0,0,1
12749,4.1604,0.9422,415,723,0,0,1
12750,4.3107,0.8554,415,723,0,0,1
12751,3.9987,1.3434,415,723,0,0,1
12752,4.18,1.1198,414,723,0,0,1
12753,4.1624,0.7249,413,723,0,0,1
12754,4.1642,0.4634,413,723,0,0,1
12755,4.1718,1.3961,409,723,0,0,1
12756,4.1651,1.1155,409,723,0,0,1
12757,4.1622,1.4109,408,723,0,0,1
12758,4.1748,1.1204,408,723,0,0,1
12759,4.1611,1.039,408,723,0,0,1
12760,4.1836,1.0414,407,723,0,0,1
12761,4.1456,1.1687,406,723,0,0,1
12762,4.1887,1.2043,406,723,0,0,1
12763,4.1359,1.0163,406,723,0,0,1
12764,4.1815,0.7197,406,723,0,0,1
12765,4.1727,0.5751,406,723,0,0,1
12766,4.2125,0.8816,406,723,0,0,1
12767,4.1146,0.8586,406,723,0,0,1
12768,4.163,1.1434,406,723,0,0,1
12769,4.1687,1.3798,406,723,0,0,1
12770,4.163,0.7322,405,723,0,0,1
12771,4.1735,0.3795,403,723,0,0,1
12772,4.1632,1.1356,402,723,0,0,1
12773,4.1703,1.2515,402,723,0,0,1
12774,4.1779,0.7522,401,723,0,0,1
12775,4.1738,1.634,401,723,0,0,1
12776,4.1628,0.463,400,723,0,0,1
12777,4.1767,1.3665,397,723,0,0,1
12778,4.16,1.13,396,723,0,0,1
12779,4.1571,0.4663,395,723,0,0,1
12780,4.1615,0.9317,394,723,0,0,1
12781,4.1774,1.3052,394,723,0,0,1
12782,4.1749,1.0331,394,723,0,0,1
12783,4.1533,0.9096,394,723,0,0,1
12784,4.2697,2.3704,393,723,0,0,1
12785,4.0714,0.412,392,723,0,0,1
12786,6.0762,0.4145,392,723,0,0,1
12787,2.5514,0.3902,390,723,0,0,1
12788,4.6112,0.401,390,723,0,0,1
12789,6.4378,0.4219,390,723,0,0,1
12790,1.4916,0.546,388,723,0,0,1
12791,5.2623,0.5156,385,723,0,0,1
12792,4.2068,0.4015,384,723,0,0,1
12793,3.0625,0.4052,384,723,0,0,1
12794,4.1356,0.3967,384,723,0,0,1
12795,4.4646,0.3674,383,723,0,0,1
12796,3.8401,0.3989,382,723,0,0,1
12797,4.2622,0.4405,381,723,0,0,1
12798,4.2252,0.342,380,723,0,0,1
12799,4.0797,0.4145,380,723,0,0,1
12800,4.2132,0.3378,379,723,0,0,1
12801,4.1125,0.455,379,723,0,0,1
12802,4.198,0.4562,378,723,0,0,1
12803,4.1023,0.4216,377,723,0,0,1
12804,4.1926,0.5083,376,723,0,0,1
12805,4.5181,0.6419,375,723,0,0,1
12806,3.4374,0.4194,374,723,0,0,1
12807,4.8037,0.4554,372,723,0,0,1
12808,3.8902,0.4959,365,723,0,0,1
12809,3.8154,0.4079,365,723,0,0,1
12810,4.1986,0.4728,364,723,0,0,1
12811,4.6027,0.4527,362,723,0,0,1
12812,4.0491,0.463,362,723,0,0,1
12813,3.8246,0.5462,362,723,0,0,1
12814,4.5286,0.467,412,723,0,0,1
12815,4.1429,0.5437,411,723,0,0,1
12816,4.2411,0.5212,411,723,0,0,1
12817,4.1703,0.5171,410,723,0,0,1
12818,4.4674,0.4966,410,723,0,0,1
12819,3.7746,0.4896,410,723,0,0,1
12820,4.253,0.4441,409,723,0,0,1
12821,4.1308,0.4365,407,723,0,0,1
12822,4.2539,0.565,406,723,0,0,1
12823,4.4133,0.4438,406,723,0,0,1
12824,3.9943,0.4295,406,723,0,0,1
12825,3.994,0.4878,406,723,0,0,1
12826,4.1341,0.4555,406,723,0,0,1
12827,4.1774,0.4866,406,723,0,0,1
12828,4.1912,0.5013,406,723,0,0,1
12829,4.2157,0.5367,406,723,0,0,1
12830,4.092,0.5648,405,723,0,0,1
12831,4.1674,0.6409,405,723,0,0,1
12832,4.1654,0.5352,405,723,0,0,1
12833,4.4521,0.5478,404,723,0,0,1
12834,4.0859,0.5561,404,723,0,0,1
12835,4.0153,0.5483,404,723,0,0,1
12836,4.3855,0.4908,404,723,0,0,1
12837,3.9309,0.4484,404,723,0,0,1
12838,4.1861,0.4812,404,723,0,0,1
12839,3.8175,0.5085,404,723,0,0,1
12840,4.7403,0.6545,402,723,0,0,1
12841,3.9806,0.4879,401,723,0,0,1
12842,4.1791,0.5143,401,723,0,0,1
12843,4.3845,0.4778,401,723,0,0,1
12844,3.874,0.4555,401,723,0,0,1
12845,4.4992,0.4452,400,723,0,0,1
12846,3.8246,0.552,399,723,0,0,1
12847,4.3764,0.6038,399,723,0,0,1
12848,3.955,0.4584,397,723,0,0,1
12849,4.4354,0.4763,396,723,0,0,1
12850,3.9,0.4699,396,723,0,0,1
12851,4.215,0.4301,395,723,0,0,1
12852,4.3586,0.46,394,723,0,0,1
12853,3.9576,0.4879,393,723,0,0,1
12854,4.1539,0.5004,393,723,0,0,1
12855,4.1504,0.5174,393,723,0,0,1
12856,4.1036,0.4594,392,723,0,0,1
12857,4.2537,0.4203,389,723,0,0,1
12858,4.3664,0.4553,387,723,0,0,1
12859,3.8968,0.4235,387,723,0,0,1
12860,4.2955,0.4729,387,723,0,0,1
12861,4.1263,0.465,385,723,0,0,1
12862,4.0922,0.4996,384,723,0,0,1
12863,4.2503,0.4688,383,723,0,0,1
12864,4.1146,0.479,381,723,0,0,1
12865,4.3456,0.4511,381,723,0,0,1
12866,4.152,0.4376,381,723,0,0,1
12867,4.1541,0.4659,381,723,0,0,1
12868,3.9849,0.4269,379,723,0,0,1
12869,4.158,0.438,377,723,0,0,1
12870,4.2754,0.4781,377,723,0,0,1
12871,4.2144,0.4205,376,723,0,0,1
12872,3.7857,0.6467,376,723,0,0,1
12873,4.4128,0.4373,374,723,0,0,1
12874,4.1496,0.4236,373,723,0,0,1
12875,3.8857,0.4755,366,723,0,0,1
12876,4.099,0.4762,365,723,0,0,1
12877,4.5175,0.5142,365,723,0,0,1
12878,4.3663,0.5477,365,723,0,0,1
12879,3.695,0.5466,365,723,0,0,1
12880,4.5022,0.5603,364,723,0,0,1
12881,4.0854,0.4985,414,723,0,0,1
12882,3.8611,0.5132,414,723,0,0,1
12883,4.1596,0.6823,414,723,0,0,1
12884,4.5023,0.4666,413,723,0,0,1
12885,3.8644,0.453,411,723,0,0,1
12886,4.1799,0.5032,410,723,0,0,1
12887,4.4397,0.4901,409,723,0,0,1
12888,4.1832,0.4431,409,723,0,0,1
12889,3.863,0.4306,408,723,0,0,1
12890,4.5595,0.4488,408,723,0,0,1
12891,3.9918,0.7473,408,723,0,0,1
12892,3.9401,0.4314,407,723,0,0,1
12893,4.5977,0.4534,407,723,0,0,1
12894,3.737,0.4562,406,723,0,0,1
12895,4.1709,0.427,405,723,0,0,1
12896,4.1513,0.4166,405,723,0,0,1
12897,4.5285,0.4296,405,723,0,0,1
12898,4.1231,0.4341,404,723,0,0,1
12899,3.871,0.4348,404,723,0,0,1
12900,4.1264,0.4194,404,723,0,0,1
12901,4.1552,0.4216,404,723,0,0,1
12902,4.9425,0.5248,404,723,0,0,1
12903,3.4741,0.7171,402,723,0,0,1
12904,4.1742,0.5018,402,723,0,0,1
12905,4.6453,0.4805,402,723,0,0,1
12906,3.6331,0.6066,402,723,0,0,1
12907,4.8487,0.4924,401,723,0,0,1
12908,3.4547,0.578,401,723,0,0,1
12909,4.2119,0.499,401,723,0,0,1
12910,4.7026,0.536,399,723,0,0,1
12911,3.6341,0.4526,399,723,0,0,1
12912,4.1466,0.4456,398,723,0,0,1
12913,4.4782,0.4528,396,723,0,0,1
12914,3.8407,0.4966,396,723,0,0,1
12915,4.4599,0.4838,396,723,0,0,1
12916,3.906,0.4464,396,723,0,0,1
12917,4.1638,0.4842,395,723,0,0,1
12918,4.2497,0.613,395,723,0,0,1
12919,4.716,0.4634,395,723,0,0,1
12920,3.525,0.4508,395,723,0,0,1
12921,4.1924,0.5116,395,723,0,0,1
12922,4.2214,0.6954,395,723,0,0,1
12923,4.1093,0.5265,394,723,0,0,1
12924,4.1352,0.4356,393,723,0,0,1
12925,4.2608,0.5999,393,723,0,0,1
12926,4.0878,0.6186,393,723,0,0,1
12927,4.2205,0.445,392,723,0,0,1
12928,4.0888,0.4424,392,723,0,0,1
12929,4.3366,0.6897,392,723,0,0,1
12930,4.0706,0.49,392,723,0,0,1
12931,4.0948,0.4376,391,723,0,0,1
12932,4.2302,0.588,391,723,0,0,1
12933,4.1287,0.4171,391,723,0,0,1
12934,4.1869,0.5666,391,723,0,0,1
12935,4.1502,0.4228,391,723,0,0,1
12936,4.1928,0.455,391,723,0,0,1
12937,4.1406,0.4777,390,723,0,0,1
12938,4.2178,0.4878,389,723,0,0,1
12939,4.1244,0.4525,388,723,0,0,1
12940,4.1566,0.425,387,723,0,0,1
12941,4.2204,0.7428,386,723,0,0,1
12942,4.1987,0.4803,378,723,0,0,1
12943,4.1405,0.503,377,723,0,0,1
12944,4.4052,0.4165,377,723,0,0,1
12945,3.868,0.4245,376,723,0,0,1
12946,4.2133,0.601,375,723,0,0,1
12947,4.1346,0.433,375,723,0,0,1
12948,4.177,0.5381,425,723,0,0,1
12949,4.1329,0.6214,425,723,0,0,1
12950,4.131,0.4764,425,723,0,0,1
12951,4.55,0.4495,423,723,0,0,1
12952,3.7967,0.5722,423,723,0,0,1
12953,4.1589,0.7384,423,723,0,0,1
12954,4.3729,0.744,423,723,0,0,1
12955,4.0459,0.5488,423,723,0,0,1
12956,4.1752,0.5588,422,723,0,0,1
12957,4.1301,0.5167,422,723,0,0,1
12958,4.1908,0.4997,421,723,0,0,1
12959,4.2067,0.4831,420,723,0,0,1
12960,4.1723,0.6993,419,723,0,0,1
12961,4.0867,0.5151,418,723,0,0,1
12962,4.4559,0.4745,416,723,0,0,1
12963,3.9089,0.5043,416,723,0,0,1
12964,4.1198,0.4656,415,723,0,0,1
12965,4.1386,0.6191,414,723,0,0,1
12966,4.3174,0.6629,413,723,0,0,1
12967,4.1545,0.5279,413,723,0,0,1
12968,4.1155,0.5459,412,723,0,0,1
12969,4.1215,0.507,411,723,0,0,1
12970,4.1551,0.5002,410,723,0,0,1
12971,4.2044,0.5164,410,723,0,0,1
12972,4.177,0.6451,410,723,0,0,1
12973,4.2379,0.8324,410,723,0,0,1
12974,4.1423,0.4802,410,723,0,0,1
12975,4.4784,0.8752,408,723,0,0,1
12976,4.0127,0.5247,408,723,0,0,1
12977,3.9176,0.4924,408,723,0,0,1
12978,4.2327,0.6322,408,723,0,0,1
12979,4.2269,0.703,406,723,0,0,1
12980,4.1659,0.5081,406,723,0,0,1
12981,4.0414,0.4144,406,723,0,0,1
12982,4.235,0.4902,406,723,0,0,1
12983,4.2216,0.5193,406,723,0,0,1
12984,4.2631,0.6762,405,723,0,0,1
12985,3.9868,0.7756,403,723,0,0,1
12986,4.1837,0.5284,402,723,0,0,1
12987,4.2589,0.5372,401,723,0,0,1
12988,4.0693,0.498,401,723,0,0,1
12989,4.0938,0.4717,397,723,0,0,1
12990,4.2784,0.6868,397,723,0,0,1
12991,4.1268,0.7968,397,723,0,0,1
12992,4.1501,0.468,397,723,0,0,1
12993,4.358,0.4949,396,723,0,0,1
12994,4.0131,0.5548,395,723,0,0,1
12995,4.107,0.5235,395,723,0,0,1
12996,4.1561,0.5137,395,723,0,0,1
12997,4.1366,0.5142,394,723,0,0,1
12998,4.2011,0.4563,393,723,0,0,1
12999,4.1959,0.5244,393,723,0,0,1
13000,4.1827,0.4702,392,723,0,0,1
13001,4.1172,0.4652,392,723,0,0,1
13002,4.3272,0.6332,391,723,0,0,1
13003,4.0164,0.7351,391,723,0,0,1
13004,4.2526,0.6611,391,723,0,0,1
13005,4.0861,0.4534,390,723,0,0,1
13006,4.2265,0.5069,389,723,0,0,1
13007,4.1012,0.4799,389,723,0,0,1
13008,4.1686,0.4805,389,723,0,0,1
13009,4.1964,0.638,388,723,0,0,1
13010,4.1753,0.8005,380,723,0,0,1
13011,4.1506,0.4985,379,723,0,0,1
13012,4.4671,0.5584,379,723,0,0,1
13013,3.8911,0.5995,378,723,0,0,1
13014,4.1974,0.5906,378,723,0,0,1
13015,4.1539,0.5866,427,723,0,0,1
13016,4.1311,0.6806,425,723,0,0,1
13017,4.158,0.4603,425,723,0,0,1
13018,4.2067,0.5725,425,723,0,0,1
13019,4.1637,0.6387,425,723,0,0,1
13020,4.1715,0.4883,422,723,0,0,1
13021,4.0996,0.4224,421,723,0,0,1
13022,4.1848,0.7101,420,723,0,0,1
13023,4.2868,0.6853,420,723,0,0,1
13024,4.0242,0.4898,420,723,0,0,1
13025,4.2339,1.1196,2,723,0,0,0
13026,4.5019,0.3369,2,723,0,0,0
13027,3.7405,0.3583,2,723,0,0,0
13028,4.1947,0.3195,2,723,0,0,0
13029,4.1803,0.3382,2,723,0,0,0
13030,4.2175,0.3821,2,723,0,0,0
13031,4.0977,0.2802,2,723,0,0,0
13032,4.2605,0.3868,2,723,0,0,0
13033,4.0717,0.3131,2,723,0,0,0
13034,4.1862,0.4435,2,723,0,0,0
13035,4.2217,0.3135,2,723,0,0,0
13036,4.1902,0.3171,2,723,0,0,0
13037,4.4493,0.419,2,723,0,0,0
13038,3.8789,0.3925,2,723,0,0,0
13039,4.3768,0.3253,2,723,0,0,0
13040,3.9386,0.3742,2,723,0,0,0
13041,4.2506,0.3107,2,723,0,0,0
13042,4.0527,0.5076,2,723,0,0,0
13043,4.1766,0.3455,2,723,0,0,0
13044,4.1963,0.356,2,723,0,0,0
13045,4.0931,0.3133,2,723,0,0,0
13046,4.1763,0.4859,2,723,0,0,0
13047,4.3906,0.3285,2,723,0,0,0
13048,3.9759,0.3542,2,723,0,0,0
13049,4.1215,0.3374,2,723,0,0,0
13050,4.4787,0.3603,2,723,0,0,0
13051,3.8293,0.311,2,723,0,0,0
13052,4.1684,0.3098,2,723,0,0,0
13053,4.2053,0.5658,2,723,0,0,0
13054,4.1306,0.6288,2,723,0,0,0
13055,4.1863,0.3301,2,723,0,0,0
13056,4.2295,0.3896,2,723,0,0,0
13057,4.1359,0.3174,2,723,0,0,0
13058,4.226,0.3953,2,723,0,0,0
13059,4.1529,0.3308,2,723,0,0,0
13060,4.3839,0.3117,2,723,0,0,0
13061,4.0113,0.4305,2,723,0,0,0
13062,4.1196,0.3797,2,723,0,0,0
13063,4.0938,0.3106,2,723,0,0,0
13064,4.2314,0.3541,2,723,0,0,0
13065,4.1184,0.3455,2,723,0,0,0
13066,4.1758,0.4868,2,723,0,0,0
13067,4.1963,0.3384,2,723,0,0,0
13068,4.1523,0.3448,2,723,0,0,0
13069,4.1787,0.3563,2,723,0,0,0
13070,4.1148,0.3334,2,723,0,0,0
13071,4.3021,0.5834,2,723,0,0,0
13072,4.0053,0.3118,2,723,0,0,0
13073,4.247,0.413,2,723,0,0,0
13074,4.1758,0.5591,2,723,0,0,0
13075,4.1014,0.3084,2,723,0,0,0
13076,4.1953,0.3108,2,723,0,0,0
13077,4.1688,0.3304,2,723,0,0,0
13078,4.2217,0.3227,2,723,0,0,0
13079,4.1089,0.3309,2,723,0,0,0
13080,4.2113,0.4032,2,723,0,0,0
13081,4.1453,0.3621,2,723,0,0,0
13082,4.1684,0.3675,2,723,0,0,0
13083,4.1538,0.356,2,723,0,0,0
13084,4.1422,0.3355,2,723,0,0,0
13085,4.129,0.5271,2,723,0,0,0
13086,4.3333,0.6057,2,723,0,0,0
13087,4.0888,0.3558,2,723,0,0,0
13088,4.1652,0.4122,2,723,0,0,0
13089,4.186,0.3135,2,723,0,0,0
13090,4.153,0.4405,2,723,0,0,0
13091,4.1844,0.6065,2,723,0,0,0
13092,4.1699,0.3634,2,723,0,0,0
13093,4.1143,0.356,2,723,0,0,0
13094,4.1371,0.5395,2,723,0,0,0
13095,4.1956,0.3583,2,723,0,0,0
13096,4.109,0.3064,2,723,0,0,0
13097,4.1653,0.3943,2,723,0,0,0
13098,4.3034,0.3614,2,723,0,0,0
13099,4.1056,0.6126,2,723,0,0,0
13100,4.4947,0.4536,2,723,0,0,0
13101,3.8154,0.3128,2,723,0,0,0
13102,4.1748,0.3461,2,723,0,0,0
13103,4.2105,0.5229,2,723,0,0,0
13104,4.1403,0.5855,2,723,0,0,0
13105,4.2427,0.4193,2,723,0,0,0
13106,4.3369,0.3539,2,723,0,0,0
13107,3.9523,0.3561,2,723,0,0,0
13108,4.4364,0.3121,2,723,0,0,0
13109,3.8138,0.3581,2,723,0,0,0
13110,4.2592,0.3113,2,723,0,0,0
13111,4.1962,0.3575,2,723,0,0,0
13112,4.1125,0.358,2,723,0,0,0
13113,4.1364,0.3148,2,723,0,0,0
13114,4.2558,0.4124,2,723,0,0,0
13115,4.1562,0.5092,2,723,0,0,0
13116,4.1012,0.5842,2,723,0,0,0
13117,4.4744,0.3334,2,723,0,0,0
13118,3.8009,0.3119,2,723,0,0,0
13119,4.6106,0.3992,2,723,0,0,0
13120,4.1198,0.3523,2,723,0,0,0
13121,4.131,0.3318,2,723,0,0,0
13122,4.2692,0.331,2,723,0,0,0
13123,4.3497,0.3305,2,723,0,0,0
13124,3.9459,0.3858,2,723,0,0,0
13125,4.3331,0.349,2,723,0,0,0
13126,3.9506,0.3437,2,723,0,0,0
13127,4.4962,0.3584,2,723,0,0,0
13128,3.8148,0.4092,2,723,0,0,0
13129,4.8409,0.3629,2,723,0,0,0
13130,3.482,0.3479,2,723,0,0,0
13131,4.2087,0.334,2,723,0,0,0
13132,4.3679,0.3897,2,723,0,0,0
13133,3.9599,0.3379,2,723,0,0,0
13134,4.1848,0.368,2,723,0,0,0
13135,4.4682,0.3341,2,723,0,0,0
13136,3.8422,0.3306,2,723,0,0,0
13137,4.2295,0.3583,2,723,0,0,0
13138,4.179,0.4197,2,723,0,0,0
13139,4.1332,0.3895,2,723,0,0,0
13140,4.2638,0.3733,2,723,0,0,0
13141,4.0665,0.3323,2,723,0,0,0
13142,4.201,0.3313,2,723,0,0,0
13143,4.0794,0.3815,2,723,0,0,0
13144,4.1337,0.3316,2,723,0,0,0
13145,4.2424,0.3225,2,723,0,0,0
13146,3.8488,0.3578,2,723,0,0,0
13147,4.1035,0.528,2,723,0,0,0
13148,4.2461,0.5929,2,723,0,0,0
13149,4.0972,0.3092,2,723,0,0,0
13150,4.2916,0.4992,2,723,0,0,0
13151,4.044,0.3267,2,723,0,0,0
13152,4.2447,0.3761,2,723,0,0,0
13153,4.1035,0.5818,2,723,0,0,0
13154,4.2009,0.586,2,723,0,0,0
13155,4.097,0.3796,2,723,0,0,0
13156,4.29,0.3176,2,723,0,0,0
13157,4.0745,0.3466,2,723,0,0,0
13158,4.2131,0.3772,2,723,0,0,0
13159,4.159,0.4212,2,723,0,0,0
13160,4.0838,0.472,2,723,0,0,0
13161,4.2038,0.3109,2,723,0,0,0
13162,4.1505,0.3571,2,723,0,0,0
13163,4.2003,0.3388,2,723,0,0,0
13164,4.1961,0.3539,2,723,0,0,0
13165,4.0364,0.3163,2,723,0,0,0
13166,4.224,0.4658,2,723,0,0,0
13167,4.1464,0.315,2,723,0,0,0
13168,4.2028,0.3368,2,723,0,0,0
13169,4.4914,0.4374,2,723,0,0,0
13170,4.2252,0.3269,2,723,0,0,0
13171,3.7693,0.3109,2,723,0,0,0
13172,4.2107,0.582,2,723,0,0,0
13173,4.155,0.3108,2,723,0,0,0
13174,4.2652,0.3526,2,723,0,0,0
13175,4.0621,0.3341,2,723,0,0,0
13176,4.5118,0.5832,2,723,0,0,0
13177,4.1893,0.3567,2,723,0,0,0
13178,4.1178,0.3966,2,723,0,0,0
13179,3.9052,0.5088,2,723,0,0,0
13180,4.6205,0.3929,2,723,0,0,0
13181,4.0678,0.3811,2,723,0,0,0
13182,4.1173,0.3757,2,723,0,0,0
13183,4.1966,0.3313,2,723,0,0,0
13184,4.1125,0.3317,2,723,0,0,0
13185,4.1977,0.395,2,723,0,0,0
13186,4.0812,0.3763,2,723,0,0,0
13187,4.2328,0.3977,2,723,0,0,0
13188,5.2179,0.3335,2,723,0,0,0
13189,3.3738,0.3615,2,723,0,0,0
13190,4.222,0.3727,2,723,0,0,0
13191,3.8425,0.3831,2,723,0,0,0
13192,4.1388,0.3431,2,723,0,0,0
13193,4.2888,0.4066,2,723,0,0,0
13194,4.0315,0.3308,2,723,0,0,0
13195,4.2583,0.3917,2,723,0,0,0
13196,4.0928,0.4303,2,723,0,0,0
13197,4.2307,0.4096,2,723,0,0,0
13198,4.1122,0.3897,2,723,0,0,0
13199,4.1676,0.3513,2,723,0,0,0
13200,4.1744,0.393,2,723,0,0,0
13201,5.003,0.3373,2,723,0,0,0
13202,3.5066,0.356,2,723,0,0,0
13203,3.9967,0.3305,2,723,0,0,0
13204,4.3313,0.3175,2,723,0,0,0
13205,4.0053,0.3789,2,723,0,0,0
13206,4.3152,0.3818,2,723,0,0,0
13207,4.7075,0.3751,2,723,0,0,0
13208,3.4341,0.376,2,723,0,0,0
13209,4.5103,0.3943,2,723,0,0,0
13210,3.9533,0.3879,2,723,0,0,0
13211,4.4609,0.3619,2,723,0,0,0
13212,3.8714,0.8406,2,723,0,0,0
13213,7.0491,0.4042,2,723,0,0,0
13214,3.172,0.4234,2,723,0,0,0
13215,2.1433,0.3719,2,723,0,0,0
13216,4.4205,0.3535,2,723,0,0,0
13217,3.9387,0.3957,2,723,0,0,0
13218,4.3346,0.3663,2,723,0,0,0
13219,4.3251,0.3573,2,723,0,0,0
13220,4.1014,0.3489,2,723,0,0,0
13221,3.966,0.4529,2,723,0,0,0
13222,4.882,0.408,2,723,0,0,0
13223,3.5341,0.339,2,723,0,0,0
13224,4.1802,0.5158,2,723,0,0,0
13225,3.9992,0.3682,2,723,0,0,0
13226,4.5465,0.3188,2,723,0,0,0
13227,3.8179,0.3285,2,723,0,0,0
13228,3.9594,0.3332,2,723,0,0,0
13229,4.008,0.582,2,723,0,0,0
13230,4.3704,0.3096,2,723,0,0,0
13231,4.2887,0.6264,2,723,0,0,0
13232,4.2036,0.4762,2,723,0,0,0
13233,3.7857,0.3067,2,723,0,0,0
13234,4.4884,0.3159,2,723,0,0,0
13235,3.9115,0.4024,2,723,0,0,0
13236,4.4693,0.5845,2,723,0,0,0
13237,3.8981,0.3132,2,723,0,0,0
13238,4.58,0.4421,2,723,0,0,0
13239,4.0723,0.3908,2,723,0,0,0
13240,4.1793,0.3351,2,723,0,0,0
13241,4.1976,0.3575,2,723,0,0,0
13242,4.4426,0.3361,2,723,0,0,0
13243,3.9211,0.3517,2,723,0,0,0
13244,4.3712,0.4019,2,723,0,0,0
13245,4.2193,0.3642,2,723,0,0,0
13246,4.3201,0.3307,2,723,0,0,0
13247,3.7484,0.3315,2,723,0,0,0
13248,4.1328,0.385,2,723,0,0,0
13249,4.1394,0.3433,2,723,0,0,0
13250,4.1544,0.3368,2,723,0,0,0
13251,4.6643,0.3308,2,723,0,0,0
13252,3.9275,0.3487,2,723,0,0,0
13253,3.921,0.3387,2,723,0,0,0
13254,4.7723,0.3896,2,723,0,0,0
13255,3.8247,0.3529,2,723,0,0,0
13256,4.2969,0.3668,2,723,0,0,0
13257,3.5986,0.4478,2,723,0,0,0
13258,4.4144,0.345,2,723,0,0,0
13259,3.8104,0.5356,2,723,0,0,0
13260,4.5346,0.3196,2,723,0,0,0
13261,3.7153,0.3125,2,723,0,0,0
13262,4.1708,0.3116,2,723,0,0,0
13263,4.4816,0.3286,2,723,0,0,0
13264,3.8561,0.4001,2,723,0,0,0
13265,4.1365,0.5524,2,723,0,0,0
13266,4.2546,0.3403,2,723,0,0,0
13267,4.1069,0.5845,2,723,0,0,0
13268,4.1271,0.5426,2,723,0,0,0
13269,4.1966,0.3117,2,723,0,0,0
13270,4.2264,0.3551,2,723,0,0,0
13271,4.1878,0.5341,2,723,0,0,0
13272,4.2138,0.6428,2,723,0,0,0
13273,4.0519,0.5426,2,723,0,0,0
13274,4.182,0.5829,2,723,0,0,0
13275,4.1479,0.356,2,723,0,0,0
13276,4.2297,0.3267,2,723,0,0,0
13277,4.1598,0.3573,2,723,0,0,0
13278,4.1815,0.3489,2,723,0,0,0
13279,4.221,0.592,2,723,0,0,0
13280,4.109,0.5844,2,723,0,0,0
13281,4.1259,0.3103,2,723,0,0,0
13282,4.2355,0.3139,2,723,0,0,0
13283,4.1387,0.5382,2,723,0,0,0
13284,4.0904,0.3116,2,723,0,0,0
13285,4.166,0.3148,2,723,0,0,0
13286,4.19,0.5205,2,723,0,0,0
13287,4.1585,0.3118,2,723,0,0,0
13288,4.1794,0.3442,2,723,0,0,0
13289,4.1948,0.3532,2,723,0,0,0
13290,4.1958,0.3588,2,723,0,0,0
13291,4.148,0.3428,2,723,0,0,0
13292,4.1729,0.5245,2,723,0,0,0
13293,4.1182,0.3108,2,723,0,0,0
13294,4.1268,0.349,2,723,0,0,0
13295,4.2218,0.3093,2,723,0,0,0
13296,4.1808,0.3124,2,723,0,0,0
13297,4.0822,0.3029,2,723,0,0,0
13298,4.2928,0.3322,2,723,0,0,0
13299,4.0746,0.3119,2,723,0,0,0
13300,4.3491,0.3163,2,723,0,0,0
13301,4.0397,0.3576,2,723,0,0,0
13302,4.1537,0.3726,2,723,0,0,0
13303,4.2008,0.3759,2,723,0,0,0
13304,4.3269,0.3223,2,723,0,0,0
13305,4.2172,0.3068,2,723,0,0,0
13306,3.952,0.31,2,723,0,0,0
13307,4.1728,0.6005,2,723,0,0,0
13308,4.1705,0.3561,2,723,0,0,0
13309,4.137,0.442,2,723,0,0,0
13310,4.1606,0.3348,2,723,0,0,0
13311,4.1715,0.4581,2,723,0,0,0
13312,4.107,0.2779,2,723,0,0,0
13313,4.1696,0.3778,2,723,0,0,0
13314,4.2428,0.3551,2,723,0,0,0
13315,4.2516,0.4261,2,723,0,0,0
13316,4.0608,0.3526,2,723,0,0,0
13317,4.1628,0.3182,2,723,0,0,0
13318,4.2394,0.6004,2,723,0,0,0
13319,4.1178,0.4502,2,723,0,0,0
13320,4.2214,0.3681,2,723,0,0,0
13321,4.4083,0.3325,2,723,0,0,0
13322,3.795,0.3089,2,723,0,0,0
13323,4.1896,0.3123,2,723,0,0,0
13324,4.266,0.3313,2,723,0,0,0
13325,4.0531,0.3137,2,723,0,0,0
13326,4.2257,0.3869,2,723,0,0,0
13327,4.213,0.3542,2,723,0,0,0
13328,4.0892,0.3618,2,723,0,0,0
13329,4.1566,0.3206,2,723,0,0,0
13330,4.3668,0.5128,2,723,0,0,0
13331,3.9524,0.316,2,723,0,0,0
13332,4.2718,0.38,2,723,0,0,0
13333,4.1763,0.5783,2,723,0,0,0
13334,4.1477,0.3553,2,723,0,0,0
13335,4.3676,0.3154,2,723,0,0,0
13336,3.8628,0.2846,2,723,0,0,0
13337,4.1905,0.3133,2,723,0,0,0
13338,4.2476,0.3571,2,723,0,0,0
13339,4.0759,0.3083,2,723,0,0,0
13340,4.2682,0.3769,2,723,0,0,0
13341,4.0844,0.3098,2,723,0,0,0
13342,4.2254,0.3411,2,723,0,0,0
13343,4.1721,0.3195,2,723,0,0,0
13344,4.2251,0.387,2,723,0,0,0
13345,4.0613,0.361,2,723,0,0,0
13346,4.272,0.4636,2,723,0,0,0
13347,4.0732,0.3312,2,723,0,0,0
13348,4.1842,0.3155,2,723,0,0,0
13349,4.1025,0.311,2,723,0,0,0
13350,4.3246,0.6086,2,723,0,0,0
13351,4.0175,0.554,2,723,0,0,0
13352,4.2411,0.3639,2,723,0,0,0
13353,4.1179,0.3105,2,723,0,0,0
13354,4.2796,0.6072,2,723,0,0,0
13355,4.0412,0.4599,2,723,0,0,0
13356,4.2271,0.3353,2,723,0,0,0
13357,4.1549,0.3572,2,723,0,0,0
13358,4.2719,0.325,2,723,0,0,0
13359,4.062,0.3544,2,723,0,0,0
13360,4.1105,0.4085,2,723,0,0,0
13361,4.1563,0.3881,2,723,0,0,0
13362,4.2577,0.3955,2,723,0,0,0
13363,4.1203,0.3573,2,723,0,0,0
13364,4.1067,0.3107,2,723,0,0,0
13365,4.2107,0.31,2,723,0,0,0
13366,4.2388,0.3562,2,723,0,0,0
13367,4.1573,0.35,2,723,0,0,0
13368,4.0942,0.3566,2,723,0,0,0
13369,4.2719,0.4088,2,723,0,0,0
13370,4.1057,0.644,2,723,0,0,0
13371,4.1531,0.337,2,723,0,0,0
13372,4.2219,0.3125,2,723,0,0,0
13373,4.3555,0.3116,2,723,0,0,0
13374,4.1315,0.5987,2,723,0,0,0
13375,4.0226,0.3746,2,723,0,0,0
13376,4.0969,0.3761,2,723,0,0,0
13377,4.1605,0.392,2,723,0,0,0
13378,4.253,0.4827,2,723,0,0,0
13379,4.1328,0.346,2,723,0,0,0
13380,4.211,0.6145,2,723,0,0,0
13381,4.068,0.3368,2,723,0,0,0
13382,4.208,0.6148,2,723,0,0,0
13383,4.166,0.3703,2,723,0,0,0
13384,4.102,0.3225,2,723,0,0,0
13385,4.2394,0.3816,2,723,0,0,0
13386,4.1666,0.3286,2,723,0,0,0
13387,4.1405,0.5854,2,723,0,0,0
13388,4.2704,0.6854,2,723,0,0,0
13389,4.0242,0.3123,2,723,0,0,0
13390,4.1596,0.3656,2,723,0,0,0
13391,4.2314,0.4449,2,723,0,0,0
13392,4.183,0.3787,2,723,0,0,0
13393,4.1197,0.5827,2,723,0,0,0
13394,4.2598,0.3789,2,723,0,0,0
13395,4.0656,0.3199,2,723,0,0,0
13396,4.4618,0.3338,2,723,0,0,0
13397,3.8656,0.3492,2,723,0,0,0
13398,4.2334,0.3391,2,723,0,0,0
13399,4.16,0.5488,2,723,0,0,0
13400,4.1548,0.3797,2,723,0,0,0
13401,4.2381,0.3136,2,723,0,0,0
13402,4.3127,0.3895,2,723,0,0,0
